timestamp,gpuId,DCGM_FI_DEV_GPU_UTIL_min,DCGM_FI_DEV_GPU_UTIL_avg,DCGM_FI_DEV_GPU_UTIL_max,DCGM_FI_DEV_FB_FREE_min,DCGM_FI_DEV_FB_FREE_avg,DCGM_FI_DEV_FB_FREE_max,DCGM_FI_DEV_FB_USED_min,DCGM_FI_DEV_FB_USED_avg,DCGM_FI_DEV_FB_USED_max,DCGM_FI_DEV_FB_RESERVED_min,DCGM_FI_DEV_FB_RESERVED_avg,DCGM_FI_DEV_FB_RESERVED_max,DCGM_FI_PROF_SM_ACTIVE_min,DCGM_FI_PROF_SM_ACTIVE_avg,DCGM_FI_PROF_SM_ACTIVE_max,DCGM_FI_PROF_SM_OCCUPANCY_min,DCGM_FI_PROF_SM_OCCUPANCY_avg,DCGM_FI_PROF_SM_OCCUPANCY_max,DCGM_FI_PROF_PIPE_TENSOR_ACTIVE_min,DCGM_FI_PROF_PIPE_TENSOR_ACTIVE_avg,DCGM_FI_PROF_PIPE_TENSOR_ACTIVE_max,DCGM_FI_PROF_PIPE_FP64_ACTIVE_min,DCGM_FI_PROF_PIPE_FP64_ACTIVE_avg,DCGM_FI_PROF_PIPE_FP64_ACTIVE_max,DCGM_FI_PROF_PIPE_FP32_ACTIVE_min,DCGM_FI_PROF_PIPE_FP32_ACTIVE_avg,DCGM_FI_PROF_PIPE_FP32_ACTIVE_max,DCGM_FI_PROF_PIPE_FP16_ACTIVE_min,DCGM_FI_PROF_PIPE_FP16_ACTIVE_avg,DCGM_FI_PROF_PIPE_FP16_ACTIVE_max,DCGM_FI_PROF_DRAM_ACTIVE_min,DCGM_FI_PROF_DRAM_ACTIVE_avg,DCGM_FI_PROF_DRAM_ACTIVE_max,DCGM_FI_PROF_PCIE_TX_BYTES_min,DCGM_FI_PROF_PCIE_TX_BYTES_avg,DCGM_FI_PROF_PCIE_TX_BYTES_max,DCGM_FI_PROF_PCIE_RX_BYTES_min,DCGM_FI_PROF_PCIE_RX_BYTES_avg,DCGM_FI_PROF_PCIE_RX_BYTES_max,DCGM_FI_PROF_NVLINK_RX_BYTES_min,DCGM_FI_PROF_NVLINK_RX_BYTES_avg,DCGM_FI_PROF_NVLINK_RX_BYTES_max,DCGM_FI_PROF_NVLINK_TX_BYTES_min,DCGM_FI_PROF_NVLINK_TX_BYTES_avg,DCGM_FI_PROF_NVLINK_TX_BYTES_max,DCGM_FI_DEV_TOTAL_ENERGY_CONSUMPTION_min,DCGM_FI_DEV_TOTAL_ENERGY_CONSUMPTION_avg,DCGM_FI_DEV_TOTAL_ENERGY_CONSUMPTION_max,DCGM_FI_DEV_POWER_USAGE_min,DCGM_FI_DEV_POWER_USAGE_avg,DCGM_FI_DEV_POWER_USAGE_max
1,0,0,0,0,97262,97262,97262,17,17,17,591,591,591,0.00,0.00,0.00,0.00,0.00,0.00,0.00,0.00,0.00,0.00,0.00,0.00,0.00,0.00,0.00,0.00,0.00,0.00,0.00,0.00,0.00,292594,404419,516244,297894,430653,563413,0,0,0,0,0,0,0,17471,0,87.17,87.19,87.22
1,1,0,0,0,97271,97271,97271,8,8,8,591,591,591,0.00,0.00,0.00,0.00,0.00,0.00,0.00,0.00,0.00,0.00,0.00,0.00,0.00,0.00,0.00,0.00,0.00,0.00,0.00,0.00,0.00,332949,1263170,2193392,338070,1293247,2248424,0,0,0,0,0,0,0,19230,0,95.92,95.94,95.96
1,2,0,0,0,97269,97269,97269,10,10,10,591,591,591,0.00,0.00,0.00,0.00,0.00,0.00,0.00,0.00,0.00,0.00,0.00,0.00,0.00,0.00,0.00,0.00,0.00,0.00,0.00,0.00,0.00,255782,393876,531971,260963,417431,573900,0,0,0,0,0,0,0,17906,0,89.72,89.75,89.79
1,3,0,0,0,97268,97268,97268,11,11,11,591,591,591,0.00,0.00,0.00,0.00,0.00,0.00,0.00,0.00,0.00,0.00,0.00,0.00,0.00,0.00,0.00,0.00,0.00,0.00,0.00,0.00,0.00,252337,371187,490037,257876,389679,521483,0,0,0,0,0,0,0,17531,0,87.25,87.29,87.32
2,0,0,0,0,97262,97262,97262,17,17,17,591,591,591,0.00,0.00,0.00,0.00,0.00,0.00,0.00,0.00,0.00,0.00,0.00,0.00,0.00,0.00,0.00,0.00,0.00,0.00,0.00,0.00,0.00,327564,381535,484794,345907,399354,503138,0,0,0,0,0,0,0,69674,0,87.02,87.13,87.22
2,1,0,0,0,97271,97271,97271,8,8,8,591,591,591,0.00,0.00,0.00,0.00,0.00,0.00,0.00,0.00,0.00,0.00,0.00,0.00,0.00,0.00,0.00,0.00,0.00,0.00,0.00,0.00,0.00,406133,469750,537195,424475,488054,555539,0,0,0,0,0,0,0,76836,0,95.99,96.06,96.10
2,2,0,0,0,97269,97269,97269,10,10,10,591,591,591,0.00,0.00,0.00,0.00,0.00,0.00,0.00,0.00,0.00,0.00,0.00,0.00,0.00,0.00,0.00,0.00,0.00,0.00,0.00,0.00,0.00,322324,327032,338007,340664,345899,358969,0,0,0,0,0,0,0,71982,0,89.67,89.71,89.78
2,3,0,0,0,97268,97268,97268,11,11,11,591,591,591,0.00,0.00,0.00,0.00,0.00,0.00,0.00,0.00,0.00,0.00,0.00,0.00,0.00,0.00,0.00,0.00,0.00,0.00,0.00,0.00,0.00,322320,327555,338048,340663,345374,353771,0,0,0,0,0,0,0,69932,0,87.24,87.26,87.29
3,0,0,0,0,97262,97262,97262,17,17,17,591,591,591,0.00,0.00,0.00,0.00,0.00,0.00,0.00,0.00,0.00,0.00,0.00,0.00,0.00,0.00,0.00,0.00,0.00,0.00,0.00,0.00,0.00,327565,340857,353768,348528,359183,372112,0,0,0,0,0,0,0,69668,0,86.99,87.02,87.04
3,1,0,0,0,97271,97271,97271,8,8,8,591,591,591,0.00,0.00,0.00,0.00,0.00,0.00,0.00,0.00,0.00,0.00,0.00,0.00,0.00,0.00,0.00,0.00,0.00,0.00,0.00,0.00,0.00,427142,452288,492656,445486,470631,511000,0,0,0,0,0,0,0,76686,0,95.83,95.90,95.98
3,2,0,0,0,97269,97269,97269,10,10,10,591,591,591,0.00,0.00,0.00,0.00,0.00,0.00,0.00,0.00,0.00,0.00,0.00,0.00,0.00,0.00,0.00,0.00,0.00,0.00,0.00,0.00,0.00,317076,474153,977459,335419,491909,995803,0,0,0,0,0,0,0,71905,0,89.66,89.70,89.76
3,3,0,0,0,97268,97268,97268,11,11,11,591,591,591,0.00,0.00,0.00,0.00,0.00,0.00,0.00,0.00,0.00,0.00,0.00,0.00,0.00,0.00,0.00,0.00,0.00,0.00,0.00,0.00,0.00,327564,495800,1150408,345908,514668,1168752,0,0,0,0,0,0,0,78567,0,87.19,87.23,87.28
4,0,0,0,0,97262,97262,97262,17,17,17,591,591,591,0.00,0.00,0.00,0.00,0.00,0.00,0.00,0.00,0.00,0.00,0.00,0.00,0.00,0.00,0.00,0.00,0.00,0.00,0.00,0.00,0.00,330184,347481,382593,348528,365824,400936,0,0,0,0,0,0,0,78411,0,86.97,87.01,87.10
4,1,0,0,0,97271,97271,97271,8,8,8,591,591,591,0.00,0.00,0.00,0.00,0.00,0.00,0.00,0.00,0.00,0.00,0.00,0.00,0.00,0.00,0.00,0.00,0.00,0.00,0.00,0.00,0.00,427139,470641,534596,442862,488461,555560,0,0,0,0,0,0,0,76906,0,95.89,96.03,96.14
4,2,0,0,0,97269,97269,97269,10,10,10,591,591,591,0.00,0.00,0.00,0.00,0.00,0.00,0.00,0.00,0.00,0.00,0.00,0.00,0.00,0.00,0.00,0.00,0.00,0.00,0.00,0.00,0.00,309166,363712,408794,327507,382055,424517,0,0,0,0,0,0,0,72146,0,89.82,90.04,90.16
4,3,0,0,0,97268,97268,97268,11,11,11,591,591,591,0.00,0.00,0.00,0.00,0.00,0.00,0.00,0.00,0.00,0.00,0.00,0.00,0.00,0.00,0.00,0.00,0.00,0.00,0.00,0.00,0.00,314457,342414,381062,332800,360740,399332,0,0,0,0,0,0,0,69965,0,87.20,87.24,87.28
5,0,0,0,0,97262,97262,97262,17,17,17,591,591,591,0.00,0.00,0.00,0.00,0.00,0.00,0.00,0.00,0.00,0.00,0.00,0.00,0.00,0.00,0.00,0.00,0.00,0.00,0.00,0.00,0.00,5240,430288,1121583,23581,448107,1139927,0,0,0,0,0,0,0,69690,0,86.99,87.03,87.06
5,1,0,0,0,97271,97271,97271,8,8,8,591,591,591,0.00,0.00,0.00,0.00,0.00,0.00,0.00,0.00,0.00,0.00,0.00,0.00,0.00,0.00,0.00,0.00,0.00,0.00,0.00,0.00,0.00,0,490331,1006235,15723,508620,1024578,0,0,0,0,0,0,0,76726,0,95.99,96.07,96.13
5,2,0,0,0,97269,97269,97269,10,10,10,591,591,591,0.00,0.00,0.00,0.00,0.00,0.00,0.00,0.00,0.00,0.00,0.00,0.00,0.00,0.00,0.00,0.00,0.00,0.00,0.00,0.00,0.00,317074,337515,382585,335417,355859,400928,0,0,0,0,0,0,0,71939,0,89.76,89.85,90.05
5,3,0,0,0,97268,97268,97268,11,11,11,591,591,591,0.00,0.00,0.00,0.00,0.00,0.00,0.00,0.00,0.00,0.00,0.00,0.00,0.00,0.00,0.00,0.00,0.00,0.00,0.00,0.00,0.00,327563,341704,377350,345907,360048,393073,0,0,0,0,0,0,0,69866,0,87.26,87.28,87.30
6,0,0,0,0,97262,97262,97262,17,17,17,591,591,591,0.00,0.00,0.00,0.00,0.00,0.00,0.00,0.00,0.00,0.00,0.00,0.00,0.00,0.00,0.00,0.00,0.00,0.00,0.00,0.00,0.00,327563,352195,411420,345907,370539,429763,0,0,0,0,0,0,0,69844,0,86.97,87.01,87.05
6,1,0,0,0,97271,97271,97271,8,8,8,591,591,591,0.00,0.00,0.00,0.00,0.00,0.00,0.00,0.00,0.00,0.00,0.00,0.00,0.00,0.00,0.00,0.00,0.00,0.00,0.00,0.00,0.00,420476,457573,508368,438423,475919,526712,0,0,0,0,0,0,0,76920,0,95.96,96.00,96.08
6,2,0,0,0,97269,97269,97269,10,10,10,591,591,591,0.00,0.00,0.00,0.00,0.00,0.00,0.00,0.00,0.00,0.00,0.00,0.00,0.00,0.00,0.00,0.00,0.00,0.00,0.00,0.00,0.00,34066,261527,332821,52409,279871,351165,0,0,0,0,0,0,0,62908,0,89.69,89.74,89.81
6,3,0,0,0,97268,97268,97268,11,11,11,591,591,591,0.00,0.00,0.00,0.00,0.00,0.00,0.00,0.00,0.00,0.00,0.00,0.00,0.00,0.00,0.00,0.00,0.00,0.00,0.00,0.00,0.00,0,286681,414036,15723,304500,432380,0,0,0,0,0,0,0,61314,0,87.31,87.40,87.47
7,0,0,0,0,97262,97262,97262,17,17,17,591,591,591,0.00,0.00,0.00,0.00,0.00,0.00,0.00,0.00,0.00,0.00,0.00,0.00,0.00,0.00,0.00,0.00,0.00,0.00,0.00,0.00,0.00,321899,338254,361036,339926,356543,378960,0,0,0,0,0,0,0,52234,0,87.00,87.05,87.12
7,1,0,0,0,97271,97271,97271,8,8,8,591,591,591,0.00,0.00,0.00,0.00,0.00,0.00,0.00,0.00,0.00,0.00,0.00,0.00,0.00,0.00,0.00,0.00,0.00,0.00,0.00,0.00,0.00,429760,445484,479551,450724,463827,497894,0,0,0,0,0,0,0,57439,0,95.89,96.03,96.13
7,2,0,0,0,97269,97269,97269,10,10,10,591,591,591,0.00,0.00,0.00,0.00,0.00,0.00,0.00,0.00,0.00,0.00,0.00,0.00,0.00,0.00,0.00,0.00,0.00,0.00,0.00,0.00,0.00,334902,486216,1016734,353271,505037,1035077,0,0,0,0,0,0,0,71785,0,89.57,89.61,89.65
7,3,0,0,0,97268,97268,97268,11,11,11,591,591,591,0.00,0.00,0.00,0.00,0.00,0.00,0.00,0.00,0.00,0.00,0.00,0.00,0.00,0.00,0.00,0.00,0.00,0.00,0.00,0.00,0.00,318827,484497,1032486,336681,502712,1050830,0,0,0,0,0,0,0,69868,0,87.22,87.32,87.41
8,0,0,0,0,97262,97262,97262,17,17,17,591,591,591,0.00,0.00,0.00,0.00,0.00,0.00,0.00,0.00,0.00,0.00,0.00,0.00,0.00,0.00,0.00,0.00,0.00,0.00,0.00,0.00,0.00,324302,362551,437628,345225,381410,458592,0,0,0,0,0,0,0,78418,0,86.92,86.96,86.99
8,1,0,0,0,97271,97271,97271,8,8,8,591,591,591,0.00,0.00,0.00,0.00,0.00,0.00,0.00,0.00,0.00,0.00,0.00,0.00,0.00,0.00,0.00,0.00,0.00,0.00,0.00,0.00,0.00,344151,436215,518865,356380,453335,537209,0,0,0,0,0,0,0,86620,0,95.78,95.91,96.24
8,2,0,0,0,97269,97269,97269,10,10,10,591,591,591,0.00,0.00,0.00,0.00,0.00,0.00,0.00,0.00,0.00,0.00,0.00,0.00,0.00,0.00,0.00,0.00,0.00,0.00,0.00,0.00,0.00,327559,360057,398334,345903,377876,414058,0,0,0,0,0,0,0,71856,0,89.64,89.70,89.73
8,3,0,0,0,97268,97268,97268,11,11,11,591,591,591,0.00,0.00,0.00,0.00,0.00,0.00,0.00,0.00,0.00,0.00,0.00,0.00,0.00,0.00,0.00,0.00,0.00,0.00,0.00,0.00,0.00,330181,366445,409283,348524,385413,428132,0,0,0,0,0,0,0,69962,0,87.20,87.28,87.32
9,0,0,0,0,97262,97262,97262,17,17,17,591,591,591,0.00,0.00,0.00,0.00,0.00,0.00,0.00,0.00,0.00,0.00,0.00,0.00,0.00,0.00,0.00,0.00,0.00,0.00,0.00,0.00,0.00,221865,464702,1003660,234094,481823,1019384,0,0,0,0,0,0,0,69769,0,86.97,87.01,87.05
9,1,0,0,0,97271,97271,97271,8,8,8,591,591,591,0.00,0.00,0.00,0.00,0.00,0.00,0.00,0.00,0.00,0.00,0.00,0.00,0.00,0.00,0.00,0.00,0.00,0.00,0.00,0.00,0.00,415662,594036,1208037,433513,612233,1226380,0,0,0,0,0,0,0,77398,0,96.53,96.82,97.03
9,2,0,0,0,97269,97269,97269,10,10,10,591,591,591,0.00,0.00,0.00,0.00,0.00,0.00,0.00,0.00,0.00,0.00,0.00,0.00,0.00,0.00,0.00,0.00,0.00,0.00,0.00,0.00,0.00,324946,332804,348513,345902,351148,366856,0,0,0,0,0,0,0,71840,0,89.59,89.62,89.65
9,3,0,0,0,97268,97268,97268,11,11,11,591,591,591,0.00,0.00,0.00,0.00,0.00,0.00,0.00,0.00,0.00,0.00,0.00,0.00,0.00,0.00,0.00,0.00,0.00,0.00,0.00,0.00,0.00,322317,351669,411410,343281,369488,429753,0,0,0,0,0,0,0,69966,0,87.31,87.33,87.35
10,0,0,0,0,97262,97262,97262,17,17,17,591,591,591,0.00,0.00,0.00,0.00,0.00,0.00,0.00,0.00,0.00,0.00,0.00,0.00,0.00,0.00,0.00,0.00,0.00,0.00,0.00,0.00,0.00,324933,421471,623684,345896,441330,647269,0,0,0,0,0,0,0,69761,0,86.99,87.01,87.03
10,1,0,0,0,97271,97271,97271,8,8,8,591,591,591,0.00,0.00,0.00,0.00,0.00,0.00,0.00,0.00,0.00,0.00,0.00,0.00,0.00,0.00,0.00,0.00,0.00,0.00,0.00,0.00,0.00,421900,546635,814968,440244,566668,838552,0,0,0,0,0,0,0,76661,0,95.86,96.21,96.61
10,2,0,0,0,97269,97269,97269,10,10,10,591,591,591,0.00,0.00,0.00,0.00,0.00,0.00,0.00,0.00,0.00,0.00,0.00,0.00,0.00,0.00,0.00,0.00,0.00,0.00,0.00,0.00,0.00,314465,451414,648129,332808,469582,660358,0,0,0,0,0,0,0,81019,0,89.62,89.73,89.84
10,3,0,0,0,97268,97268,97268,11,11,11,591,591,591,0.00,0.00,0.00,0.00,0.00,0.00,0.00,0.00,0.00,0.00,0.00,0.00,0.00,0.00,0.00,0.00,0.00,0.00,0.00,0.00,0.00,324894,547150,1008892,343235,567589,1024614,0,0,0,0,0,0,0,78662,0,87.31,87.34,87.37
11,0,0,0,0,97262,97262,97262,17,17,17,591,591,591,0.00,0.00,0.00,0.00,0.00,0.00,0.00,0.00,0.00,0.00,0.00,0.00,0.00,0.00,0.00,0.00,0.00,0.00,0.00,0.00,0.00,314466,346960,395691,330189,364779,414034,0,0,0,0,0,0,0,69668,0,87.02,87.08,87.12
11,1,0,0,0,97271,97271,97271,8,8,8,591,591,591,0.00,0.00,0.00,0.00,0.00,0.00,0.00,0.00,0.00,0.00,0.00,0.00,0.00,0.00,0.00,0.00,0.00,0.00,0.00,0.00,0.00,424519,462253,531960,445483,480597,550304,0,0,0,0,0,0,0,76821,0,95.99,96.06,96.10
11,2,0,0,0,97269,97269,97269,10,10,10,591,591,591,0.00,0.00,0.00,0.00,0.00,0.00,0.00,0.00,0.00,0.00,0.00,0.00,0.00,0.00,0.00,0.00,0.00,0.00,0.00,0.00,0.00,321101,354838,415291,336392,373684,436865,0,0,0,0,0,0,0,71878,0,89.81,89.86,89.94
11,3,0,0,0,97268,97268,97268,11,11,11,591,591,591,0.00,0.00,0.00,0.00,0.00,0.00,0.00,0.00,0.00,0.00,0.00,0.00,0.00,0.00,0.00,0.00,0.00,0.00,0.00,0.00,0.00,215399,329117,388531,229185,345517,403868,0,0,0,0,0,0,0,70110,0,87.27,87.36,87.48
12,0,0,0,0,97262,97262,97262,17,17,17,591,591,591,0.00,0.00,0.00,0.00,0.00,0.00,0.00,0.00,0.00,0.00,0.00,0.00,0.00,0.00,0.00,0.00,0.00,0.00,0.00,0.00,0.00,324943,491059,1032366,343287,509402,1050707,0,0,0,0,0,0,0,78433,0,87.00,87.01,87.02
12,1,0,0,0,97271,97271,97271,8,8,8,591,591,591,0.00,0.00,0.00,0.00,0.00,0.00,0.00,0.00,0.00,0.00,0.00,0.00,0.00,0.00,0.00,0.00,0.00,0.00,0.00,0.00,0.00,427138,513787,742459,445481,530907,754687,0,0,0,0,0,0,0,86685,0,95.79,95.91,96.10
12,2,0,0,0,97269,97269,97269,10,10,10,591,591,591,0.00,0.00,0.00,0.00,0.00,0.00,0.00,0.00,0.00,0.00,0.00,0.00,0.00,0.00,0.00,0.00,0.00,0.00,0.00,0.00,0.00,322321,334893,361591,340665,353237,379933,0,0,0,0,0,0,0,71881,0,89.69,89.72,89.79
12,3,0,0,0,97268,97268,97268,11,11,11,591,591,591,0.00,0.00,0.00,0.00,0.00,0.00,0.00,0.00,0.00,0.00,0.00,0.00,0.00,0.00,0.00,0.00,0.00,0.00,0.00,0.00,0.00,324942,342753,385156,343285,361096,403497,0,0,0,0,0,0,0,70102,0,87.43,87.46,87.49
13,0,0,0,0,97262,97262,97262,17,17,17,591,591,591,0.00,0.00,0.00,0.00,0.00,0.00,0.00,0.00,0.00,0.00,0.00,0.00,0.00,0.00,0.00,0.00,0.00,0.00,0.00,0.00,0.00,221422,300044,348528,231883,316634,366871,0,0,0,0,0,0,0,52346,0,86.99,87.02,87.06
13,1,0,0,0,97271,97271,97271,8,8,8,591,591,591,0.00,0.00,0.00,0.00,0.00,0.00,0.00,0.00,0.00,0.00,0.00,0.00,0.00,0.00,0.00,0.00,0.00,0.00,0.00,0.00,0.00,430717,442286,458587,448663,460495,474310,0,0,0,0,0,0,0,58012,0,96.30,96.40,96.49
13,2,0,0,0,97269,97269,97269,10,10,10,591,591,591,0.00,0.00,0.00,0.00,0.00,0.00,0.00,0.00,0.00,0.00,0.00,0.00,0.00,0.00,0.00,0.00,0.00,0.00,0.00,0.00,0.00,327561,333677,343284,345909,351147,359007,0,0,0,0,0,0,0,62912,0,89.79,89.80,89.81
13,3,0,0,0,97268,97268,97268,11,11,11,591,591,591,0.00,0.00,0.00,0.00,0.00,0.00,0.00,0.00,0.00,0.00,0.00,0.00,0.00,0.00,0.00,0.00,0.00,0.00,0.00,0.00,0.00,330185,359879,400937,345908,378223,421901,0,0,0,0,0,0,0,34987,0,87.48,87.50,87.51
15,0,0,0,0,97259,97260,97262,17,18,20,591,591,591,0.00,0.00,0.00,0.00,0.00,0.00,0.00,0.00,0.00,0.00,0.00,0.00,0.00,0.00,0.00,0.00,0.00,0.00,0.00,0.00,0.00,4421050,4617579,4814109,4601876,4733213,4864551,0,0,0,0,0,0,0,17403,0,87.17,87.18,87.19
15,1,0,0,0,97271,97271,97271,9,9,9,591,591,591,0.00,0.00,0.00,0.00,0.00,0.00,0.00,0.00,0.00,0.00,0.00,0.00,0.00,0.00,0.00,0.00,0.00,0.00,0.00,0.00,0.00,4263092,6728380,9193668,4306080,6793530,9280981,0,0,0,0,0,0,0,19380,0,97.06,97.13,97.17
15,2,0,0,0,97269,97269,97269,10,10,10,591,591,591,0.00,0.00,0.00,0.00,0.00,0.00,0.00,0.00,0.00,0.00,0.00,0.00,0.00,0.00,0.00,0.00,0.00,0.00,0.00,0.00,0.00,1905055,2676925,3448795,1949603,2722031,3494460,0,0,0,0,0,0,0,18016,0,89.79,89.79,89.80
15,3,0,0,0,97268,97268,97268,11,11,11,591,591,591,0.00,0.00,0.00,0.00,0.00,0.00,0.00,0.00,0.00,0.00,0.00,0.00,0.00,0.00,0.00,0.00,0.00,0.00,0.00,0.00,0.00,2994942,3688254,4381567,3067630,3756064,4444498,0,0,0,0,0,0,0,122204,0,87.29,87.32,87.34
16,0,0,0,0,97259,97259,97259,20,20,20,591,591,591,0.00,0.00,0.00,0.00,0.00,0.00,0.00,0.00,0.00,0.00,0.00,0.00,0.00,0.00,0.00,0.00,0.00,0.00,0.00,0.00,0.00,3520189,4678662,6438432,3566485,4792797,6627104,0,0,0,0,0,0,0,43551,0,87.03,87.05,87.11
16,1,0,0,0,97269,97269,97271,9,10,11,591,591,591,0.00,0.00,0.00,0.00,0.00,0.00,0.00,0.00,0.00,0.00,0.00,0.00,0.00,0.00,0.00,0.00,0.00,0.00,0.00,0.00,0.00,4316499,5722714,7491268,4444997,5849322,7682345,0,0,0,0,0,0,0,48031,0,95.95,96.13,96.41
16,2,0,0,0,97269,97269,97269,10,10,10,591,591,591,0.00,0.00,0.00,0.00,0.00,0.00,0.00,0.00,0.00,0.00,0.00,0.00,0.00,0.00,0.00,0.00,0.00,0.00,0.00,0.00,0.00,2591160,3666183,4963538,2706556,3752801,5066157,0,0,0,0,0,0,0,44858,0,89.61,89.65,89.68
16,3,0,0,0,97268,97268,97268,11,11,11,591,591,591,0.00,0.00,0.00,0.00,0.00,0.00,0.00,0.00,0.00,0.00,0.00,0.00,0.00,0.00,0.00,0.00,0.00,0.00,0.00,0.00,0.00,749421,1894097,2850449,880439,1996314,2971075,0,0,0,0,0,0,0,43754,0,87.32,87.37,87.41
17,0,0,0,0,97259,97259,97259,20,20,20,591,591,591,0.00,0.00,0.00,0.00,0.00,0.00,0.00,0.00,0.00,0.00,0.00,0.00,0.00,0.00,0.00,0.00,0.00,0.00,0.00,0.00,0.00,335424,2143406,3406188,424521,1956229,3487937,0,0,0,0,0,0,0,17432,0,86.91,86.98,87.06
17,1,0,0,0,97269,97269,97269,11,11,11,591,591,591,0.00,0.00,0.00,0.00,0.00,0.00,0.00,0.00,0.00,0.00,0.00,0.00,0.00,0.00,0.00,0.00,0.00,0.00,0.00,0.00,0.00,3448116,4653610,5859105,3531935,4770233,6008532,0,0,0,0,0,0,0,19129,0,95.88,95.90,95.93
17,2,0,0,0,97266,97266,97267,12,12,13,591,591,591,0.00,0.00,0.00,0.00,0.00,0.00,0.00,0.00,0.00,0.00,0.00,0.00,0.00,0.00,0.00,0.00,0.00,0.00,0.00,0.00,0.00,2043824,4392264,6740704,1219005,3424704,6875896,0,0,0,0,0,0,0,26958,0,89.67,89.71,89.77
17,3,0,0,0,97268,97268,97268,11,11,11,591,591,591,0.00,0.00,0.00,0.00,0.00,0.00,0.00,0.00,0.00,0.00,0.00,0.00,0.00,0.00,0.00,0.00,0.00,0.00,0.00,0.00,0.00,0,1026730,2053460,20963,1089159,2157355,0,0,0,0,0,0,0,17517,0,87.43,87.45,87.47
19,0,0,0,0,97259,97259,97259,20,20,20,591,591,591,0.00,0.00,0.00,0.00,0.00,0.00,0.00,0.00,0.00,0.00,0.00,0.00,0.00,0.00,0.00,0.00,0.00,0.00,0.00,0.00,0.00,1230330,2370018,3532394,1369322,2492948,3576189,0,0,0,0,0,0,0,34858,0,86.99,87.02,87.04
19,1,0,0,0,97269,97269,97269,11,11,11,591,591,591,0.00,0.00,0.00,0.00,0.00,0.00,0.00,0.00,0.00,0.00,0.00,0.00,0.00,0.00,0.00,0.00,0.00,0.00,0.00,0.00,0.00,1286639,3146961,5424272,1415041,3274527,5481885,0,0,0,0,0,0,0,39071,0,95.82,96.11,96.42
19,2,0,0,0,97266,97266,97266,13,13,13,591,591,591,0.00,0.00,0.00,0.00,0.00,0.00,0.00,0.00,0.00,0.00,0.00,0.00,0.00,0.00,0.00,0.00,0.00,0.00,0.00,0.00,0.00,2573305,2941104,3655854,2722550,3071885,3702302,0,0,0,0,0,0,0,36145,0,89.64,89.70,89.79
19,3,0,0,0,97265,97265,97265,14,14,14,591,591,591,0.00,0.00,0.00,0.00,0.00,0.00,0.00,0.00,0.00,0.00,0.00,0.00,0.00,0.00,0.00,0.00,0.00,0.00,0.00,0.00,0.00,2416126,4052954,6393748,2612666,4193586,6587657,0,0,0,0,0,0,0,35074,0,87.40,87.42,87.43
20,0,0,0,0,97259,97259,97259,20,20,20,591,591,591,0.00,0.00,0.00,0.00,0.00,0.00,0.00,0.00,0.00,0.00,0.00,0.00,0.00,0.00,0.00,0.00,0.00,0.00,0.00,0.00,0.00,311720,416621,589597,324817,431294,607940,0,0,0,0,0,0,0,70158,0,87.03,87.29,87.41
20,1,0,0,0,97269,97269,97269,11,11,11,591,591,591,0.00,0.00,0.00,0.00,0.00,0.00,0.00,0.00,0.00,0.00,0.00,0.00,0.00,0.00,0.00,0.00,0.00,0.00,0.00,0.00,0.00,424521,526185,830675,435003,540859,849018,0,0,0,0,0,0,0,77692,0,96.78,97.21,97.54
20,2,0,0,0,97266,97266,97266,13,13,13,591,591,591,0.00,0.00,0.00,0.00,0.00,0.00,0.00,0.00,0.00,0.00,0.00,0.00,0.00,0.00,0.00,0.00,0.00,0.00,0.00,0.00,0.00,78615,318112,539758,94338,333310,558100,0,0,0,0,0,0,0,82316,0,89.98,90.60,90.94
20,3,0,0,0,97265,97265,97265,14,14,14,591,591,591,0.00,0.00,0.00,0.00,0.00,0.00,0.00,0.00,0.00,0.00,0.00,0.00,0.00,0.00,0.00,0.00,0.00,0.00,0.00,0.00,0.00,322310,400924,615820,338033,416122,634163,0,0,0,0,0,0,0,70189,0,87.47,87.54,87.63
21,0,0,0,0,97259,97259,97259,20,20,20,591,591,591,0.00,0.00,0.00,0.00,0.00,0.00,0.00,0.00,0.00,0.00,0.00,0.00,0.00,0.00,0.00,0.00,0.00,0.00,0.00,0.00,0.00,335426,1366486,3098427,348528,1406416,3134360,0,0,0,0,0,0,0,43609,0,87.13,87.16,87.18
21,1,0,0,0,97269,97269,97269,11,11,11,591,591,591,0.00,0.00,0.00,0.00,0.00,0.00,0.00,0.00,0.00,0.00,0.00,0.00,0.00,0.00,0.00,0.00,0.00,0.00,0.00,0.00,0.00,432405,1539402,3355196,445508,1579329,3391128,0,0,0,0,0,0,0,38530,0,96.04,96.09,96.17
21,2,0,0,0,97266,97266,97266,13,13,13,591,591,591,0.00,0.00,0.00,0.00,0.00,0.00,0.00,0.00,0.00,0.00,0.00,0.00,0.00,0.00,0.00,0.00,0.00,0.00,0.00,0.00,0.00,0,1184444,3233644,0,1216763,3317499,0,0,0,0,0,0,0,36250,0,90.07,90.08,90.08
21,3,0,0,0,97265,97265,97265,14,14,14,591,591,591,0.00,0.00,0.00,0.00,0.00,0.00,0.00,0.00,0.00,0.00,0.00,0.00,0.00,0.00,0.00,0.00,0.00,0.00,0.00,0.00,0.00,770430,2869758,6256000,822840,2923928,6345146,0,0,0,0,0,0,0,43730,0,87.41,87.47,87.57
22,0,0,0,0,97259,97259,97259,20,20,20,591,591,591,0.00,0.00,0.00,0.00,0.00,0.00,0.00,0.00,0.00,0.00,0.00,0.00,0.00,0.00,0.00,0.00,0.00,0.00,0.00,0.00,0.00,322323,587971,1048204,337475,607318,1061306,0,0,0,0,0,0,0,69668,0,87.00,87.06,87.17
22,1,0,0,0,97269,97269,97269,11,11,11,591,591,591,0.00,0.00,0.00,0.00,0.00,0.00,0.00,0.00,0.00,0.00,0.00,0.00,0.00,0.00,0.00,0.00,0.00,0.00,0.00,0.00,0.00,424523,648979,978301,437625,668296,991039,0,0,0,0,0,0,0,76675,0,95.90,95.99,96.05
22,2,0,0,0,97266,97266,97266,13,13,13,591,591,591,0.00,0.00,0.00,0.00,0.00,0.00,0.00,0.00,0.00,0.00,0.00,0.00,0.00,0.00,0.00,0.00,0.00,0.00,0.00,0.00,0.00,324908,487408,1092777,338047,506799,1137327,0,0,0,0,0,0,0,72028,0,90.00,90.08,90.15
22,3,0,0,0,97265,97265,97265,14,14,14,591,591,591,0.00,0.00,0.00,0.00,0.00,0.00,0.00,0.00,0.00,0.00,0.00,0.00,0.00,0.00,0.00,0.00,0.00,0.00,0.00,0.00,0.00,324894,612123,1650961,338046,631048,1690564,0,0,0,0,0,0,0,70033,0,87.37,87.45,87.53
23,0,0,0,0,97259,97259,97259,20,20,20,591,591,591,0.00,0.00,0.00,0.00,0.00,0.00,0.00,0.00,0.00,0.00,0.00,0.00,0.00,0.00,0.00,0.00,0.00,0.00,0.00,0.00,0.00,324772,356876,400938,340486,371024,414041,0,0,0,0,0,0,0,69949,0,86.97,87.16,87.32
23,1,0,0,0,97269,97269,97269,11,11,11,591,591,591,0.00,0.00,0.00,0.00,0.00,0.00,0.00,0.00,0.00,0.00,0.00,0.00,0.00,0.00,0.00,0.00,0.00,0.00,0.00,0.00,0.00,419284,460149,516245,432386,473775,529347,0,0,0,0,0,0,0,77152,0,95.84,96.09,96.32
23,2,0,0,0,97266,97266,97266,13,13,13,591,591,591,0.00,0.00,0.00,0.00,0.00,0.00,0.00,0.00,0.00,0.00,0.00,0.00,0.00,0.00,0.00,0.00,0.00,0.00,0.00,0.00,0.00,34065,260479,324941,47167,274629,340664,0,0,0,0,0,0,0,63498,0,89.94,90.25,90.39
23,3,0,0,0,97265,97265,97265,14,14,14,591,591,591,0.00,0.00,0.00,0.00,0.00,0.00,0.00,0.00,0.00,0.00,0.00,0.00,0.00,0.00,0.00,0.00,0.00,0.00,0.00,0.00,0.00,327557,356911,393077,340665,371062,408800,0,0,0,0,0,0,0,70063,0,87.45,87.48,87.50
24,0,0,0,0,97259,97259,97259,20,20,20,591,591,591,0.00,0.00,0.00,0.00,0.00,0.00,0.00,0.00,0.00,0.00,0.00,0.00,0.00,0.00,0.00,0.00,0.00,0.00,0.00,0.00,0.00,327554,349573,387836,343277,363200,400939,0,0,0,0,0,0,0,52738,0,87.33,87.44,87.51
24,1,0,0,0,97269,97269,97269,11,11,11,591,591,591,0.00,0.00,0.00,0.00,0.00,0.00,0.00,0.00,0.00,0.00,0.00,0.00,0.00,0.00,0.00,0.00,0.00,0.00,0.00,0.00,0.00,437611,465399,505758,448108,479549,521481,0,0,0,0,0,0,0,57699,0,96.11,96.25,96.39
24,2,0,0,0,97266,97266,97266,13,13,13,591,591,591,0.00,0.00,0.00,0.00,0.00,0.00,0.00,0.00,0.00,0.00,0.00,0.00,0.00,0.00,0.00,0.00,0.00,0.00,0.00,0.00,0.00,319739,472496,990560,333805,486026,1003663,0,0,0,0,0,0,0,72537,0,90.32,90.39,90.44
24,3,0,0,0,97265,97265,97265,14,14,14,591,591,591,0.00,0.00,0.00,0.00,0.00,0.00,0.00,0.00,0.00,0.00,0.00,0.00,0.00,0.00,0.00,0.00,0.00,0.00,0.00,0.00,0.00,324941,347999,387822,338043,361626,400924,0,0,0,0,0,0,0,70162,0,87.39,87.47,87.52
25,0,0,0,0,97259,97259,97259,20,20,20,591,591,591,0.00,0.00,0.00,0.00,0.00,0.00,0.00,0.00,0.00,0.00,0.00,0.00,0.00,0.00,0.00,0.00,0.00,0.00,0.00,0.00,0.00,330149,343275,351149,10481,287722,364252,0,0,0,0,0,0,0,78926,0,87.47,87.56,87.63
25,1,0,0,0,97269,97269,97269,11,11,11,591,591,591,0.00,0.00,0.00,0.00,0.00,0.00,0.00,0.00,0.00,0.00,0.00,0.00,0.00,0.00,0.00,0.00,0.00,0.00,0.00,0.00,0.00,10480,385735,521466,23582,399362,537189,0,0,0,0,0,0,0,86480,0,96.05,96.07,96.09
25,2,0,0,0,97266,97266,97266,13,13,13,591,591,591,0.00,0.00,0.00,0.00,0.00,0.00,0.00,0.00,0.00,0.00,0.00,0.00,0.00,0.00,0.00,0.00,0.00,0.00,0.00,0.00,0.00,324946,373936,417989,340669,398730,431472,0,0,0,0,0,0,0,72297,0,90.13,90.22,90.35
25,3,0,0,0,97265,97265,97265,14,14,14,591,591,591,0.00,0.00,0.00,0.00,0.00,0.00,0.00,0.00,0.00,0.00,0.00,0.00,0.00,0.00,0.00,0.00,0.00,0.00,0.00,0.00,0.00,13102,423236,992025,26204,436805,1004842,0,0,0,0,0,0,0,61209,0,87.32,87.39,87.51
26,0,0,0,0,97259,97259,97259,20,20,20,591,591,591,0.00,0.00,0.00,0.00,0.00,0.00,0.00,0.00,0.00,0.00,0.00,0.00,0.00,0.00,0.00,0.00,0.00,0.00,0.00,0.00,0.00,0,408842,946002,332809,487718,959104,0,0,0,0,0,0,0,69915,0,87.50,87.62,87.75
26,1,0,0,0,97269,97269,97269,11,11,11,591,591,591,0.00,0.00,0.00,0.00,0.00,0.00,0.00,0.00,0.00,0.00,0.00,0.00,0.00,0.00,0.00,0.00,0.00,0.00,0.00,0.00,0.00,424526,589865,1147532,437629,603418,1162935,0,0,0,0,0,0,0,77373,0,96.20,96.41,96.62
26,2,0,0,0,97266,97266,97266,13,13,13,591,591,591,0.00,0.00,0.00,0.00,0.00,0.00,0.00,0.00,0.00,0.00,0.00,0.00,0.00,0.00,0.00,0.00,0.00,0.00,0.00,0.00,0.00,322325,338567,356373,338037,346952,364266,0,0,0,0,0,0,0,72143,0,90.10,90.14,90.17
26,3,0,0,0,97265,97265,97265,14,14,14,591,591,591,0.00,0.00,0.00,0.00,0.00,0.00,0.00,0.00,0.00,0.00,0.00,0.00,0.00,0.00,0.00,0.00,0.00,0.00,0.00,0.00,0.00,324944,363364,417601,340660,376992,430410,0,0,0,0,0,0,0,70002,0,87.34,87.40,87.45
27,0,0,0,0,97259,97259,97259,20,20,20,591,591,591,0.00,0.00,0.00,0.00,0.00,0.00,0.00,0.00,0.00,0.00,0.00,0.00,0.00,0.00,0.00,0.00,0.00,0.00,0.00,0.00,0.00,319698,347273,387522,335421,364773,400978,0,0,0,0,0,0,0,70295,0,87.38,87.48,87.62
27,1,0,0,0,97269,97269,97269,11,11,11,591,591,591,0.00,0.00,0.00,0.00,0.00,0.00,0.00,0.00,0.00,0.00,0.00,0.00,0.00,0.00,0.00,0.00,0.00,0.00,0.00,0.00,0.00,411416,459633,529337,427139,473259,542439,0,0,0,0,0,0,0,77416,0,96.57,96.63,96.71
27,2,0,0,0,97266,97266,97266,13,13,13,591,591,591,0.00,0.00,0.00,0.00,0.00,0.00,0.00,0.00,0.00,0.00,0.00,0.00,0.00,0.00,0.00,0.00,0.00,0.00,0.00,0.00,0.00,309224,469044,974712,322326,476905,990433,0,0,0,0,0,0,0,82065,0,90.15,90.42,90.71
27,3,0,0,0,97265,97265,97265,14,14,14,591,591,591,0.00,0.00,0.00,0.00,0.00,0.00,0.00,0.00,0.00,0.00,0.00,0.00,0.00,0.00,0.00,0.00,0.00,0.00,0.00,0.00,0.00,322318,338560,369493,335421,352186,382596,0,0,0,0,0,0,0,70364,0,87.35,87.46,87.64
28,0,0,0,0,97259,97259,97259,20,20,20,591,591,591,0.00,0.00,0.00,0.00,0.00,0.00,0.00,0.00,0.00,0.00,0.00,0.00,0.00,0.00,0.00,0.00,0.00,0.00,0.00,0.00,0.00,327561,349568,374735,340663,364776,390458,0,0,0,0,0,0,0,70069,0,87.43,87.59,87.72
28,1,0,0,0,97269,97269,97269,11,11,11,591,591,591,0.00,0.00,0.00,0.00,0.00,0.00,0.00,0.00,0.00,0.00,0.00,0.00,0.00,0.00,0.00,0.00,0.00,0.00,0.00,0.00,0.00,429736,457524,500511,445458,471150,513614,0,0,0,0,0,0,0,77000,0,96.23,96.39,96.54
28,2,0,0,0,97266,97266,97266,13,13,13,591,591,591,0.00,0.00,0.00,0.00,0.00,0.00,0.00,0.00,0.00,0.00,0.00,0.00,0.00,0.00,0.00,0.00,0.00,0.00,0.00,0.00,0.00,324944,347489,377507,338036,364740,400918,0,0,0,0,0,0,0,72561,0,90.48,90.69,90.78
28,3,0,0,0,97265,97265,97265,14,14,14,591,591,591,0.00,0.00,0.00,0.00,0.00,0.00,0.00,0.00,0.00,0.00,0.00,0.00,0.00,0.00,0.00,0.00,0.00,0.00,0.00,0.00,0.00,322324,356561,480413,335426,369663,490894,0,0,0,0,0,0,0,70455,0,87.75,87.88,87.99
29,0,0,0,0,97259,97259,97259,20,20,20,591,591,591,0.00,0.00,0.00,0.00,0.00,0.00,0.00,0.00,0.00,0.00,0.00,0.00,0.00,0.00,0.00,0.00,0.00,0.00,0.00,0.00,0.00,288254,518854,1294501,296989,532655,1310224,0,0,0,0,0,0,0,78373,0,86.92,87.06,87.30
29,1,0,0,0,97269,97269,97269,11,11,11,591,591,591,0.00,0.00,0.00,0.00,0.00,0.00,0.00,0.00,0.00,0.00,0.00,0.00,0.00,0.00,0.00,0.00,0.00,0.00,0.00,0.00,0.00,357278,554331,1100616,367634,567354,1113719,0,0,0,0,0,0,0,86311,0,95.91,96.01,96.17
29,2,0,0,0,97266,97266,97266,13,13,13,591,591,591,0.00,0.00,0.00,0.00,0.00,0.00,0.00,0.00,0.00,0.00,0.00,0.00,0.00,0.00,0.00,0.00,0.00,0.00,0.00,0.00,0.00,218373,309917,353767,228855,331383,382480,0,0,0,0,0,0,0,72012,0,89.73,89.93,90.29
29,3,0,0,0,97265,97265,97265,14,14,14,591,591,591,0.00,0.00,0.00,0.00,0.00,0.00,0.00,0.00,0.00,0.00,0.00,0.00,0.00,0.00,0.00,0.00,0.00,0.00,0.00,0.00,0.00,10482,431003,1134687,23584,444522,1147789,0,0,0,0,0,0,0,70071,0,87.37,87.57,87.81
30,0,0,0,0,97259,97259,97259,20,20,20,591,591,591,0.00,0.00,0.00,0.00,0.00,0.00,0.00,0.00,0.00,0.00,0.00,0.00,0.00,0.00,0.00,0.00,0.00,0.00,0.00,0.00,0.00,345986,407767,568484,340670,417130,586822,0,0,0,0,0,0,0,69752,0,86.95,87.00,87.05
30,1,0,0,0,97269,97269,97269,11,11,11,591,591,591,0.00,0.00,0.00,0.00,0.00,0.00,0.00,0.00,0.00,0.00,0.00,0.00,0.00,0.00,0.00,0.00,0.00,0.00,0.00,0.00,0.00,432339,543267,765192,448060,558533,783536,0,0,0,0,0,0,0,76801,0,95.94,95.99,96.05
30,2,0,0,0,97266,97266,97266,13,13,13,591,591,591,0.00,0.00,0.00,0.00,0.00,0.00,0.00,0.00,0.00,0.00,0.00,0.00,0.00,0.00,0.00,0.00,0.00,0.00,0.00,0.00,0.00,324942,579630,1019350,338039,455422,820106,0,0,0,0,0,0,0,63031,0,89.75,89.85,89.92
30,3,0,0,0,97265,97265,97265,14,14,14,591,591,591,0.00,0.00,0.00,0.00,0.00,0.00,0.00,0.00,0.00,0.00,0.00,0.00,0.00,0.00,0.00,0.00,0.00,0.00,0.00,0.00,0.00,327570,407089,555548,340673,421831,573892,0,0,0,0,0,0,0,70075,0,87.45,87.52,87.59
31,0,0,0,0,97259,97259,97259,20,20,20,591,591,591,0.00,0.00,0.00,0.00,0.00,0.00,0.00,0.00,0.00,0.00,0.00,0.00,0.00,0.00,0.00,0.00,0.00,0.00,0.00,0.00,0.00,324947,344332,372110,343286,362281,385213,0,0,0,0,0,0,0,52327,0,87.00,87.04,87.07
31,1,0,0,0,97269,97269,97269,11,11,11,591,591,591,0.00,0.00,0.00,0.00,0.00,0.00,0.00,0.00,0.00,0.00,0.00,0.00,0.00,0.00,0.00,0.00,0.00,0.00,0.00,0.00,0.00,435002,455310,490030,445484,468413,503132,0,0,0,0,0,0,0,57593,0,96.01,96.02,96.04
31,2,0,0,0,97266,97266,97266,13,13,13,591,591,591,0.00,0.00,0.00,0.00,0.00,0.00,0.00,0.00,0.00,0.00,0.00,0.00,0.00,0.00,0.00,0.00,0.00,0.00,0.00,0.00,0.00,327565,356389,406180,340668,503132,1032453,0,0,0,0,0,0,0,72078,0,89.87,89.91,89.93
31,3,0,0,0,97265,97265,97265,14,14,14,591,591,591,0.00,0.00,0.00,0.00,0.00,0.00,0.00,0.00,0.00,0.00,0.00,0.00,0.00,0.00,0.00,0.00,0.00,0.00,0.00,0.00,0.00,327553,341317,359015,340655,355729,374738,0,0,0,0,0,0,0,70038,0,87.37,87.41,87.47
32,0,0,0,0,97259,97259,97259,20,20,20,591,591,591,0.00,0.00,0.00,0.00,0.00,0.00,0.00,0.00,0.00,0.00,0.00,0.00,0.00,0.00,0.00,0.00,0.00,0.00,0.00,0.00,0.00,330186,350616,385218,345870,364766,398321,0,0,0,0,0,0,0,78451,0,87.06,87.09,87.12
32,1,0,0,0,97269,97269,97269,11,11,11,591,591,591,0.00,0.00,0.00,0.00,0.00,0.00,0.00,0.00,0.00,0.00,0.00,0.00,0.00,0.00,0.00,0.00,0.00,0.00,0.00,0.00,0.00,434997,458585,531958,448099,472736,545060,0,0,0,0,0,0,0,86436,0,95.99,96.01,96.04
32,2,0,0,0,97266,97266,97266,13,13,13,591,591,591,0.00,0.00,0.00,0.00,0.00,0.00,0.00,0.00,0.00,0.00,0.00,0.00,0.00,0.00,0.00,0.00,0.00,0.00,0.00,0.00,0.00,309155,355714,385215,324875,369283,398318,0,0,0,0,0,0,0,71987,0,89.82,89.85,89.88
32,3,0,0,0,97265,97265,97265,14,14,14,591,591,591,0.00,0.00,0.00,0.00,0.00,0.00,0.00,0.00,0.00,0.00,0.00,0.00,0.00,0.00,0.00,0.00,0.00,0.00,0.00,0.00,0.00,330189,375942,475181,343292,388520,485663,0,0,0,0,0,0,0,61372,0,87.39,87.43,87.48
33,0,0,0,0,97259,97259,97259,20,20,20,591,591,591,0.00,0.00,0.00,0.00,0.00,0.00,0.00,0.00,0.00,0.00,0.00,0.00,0.00,0.00,0.00,0.00,0.00,0.00,0.00,0.00,0.00,330183,502088,1063931,343286,515714,1077033,0,0,0,0,0,0,0,70042,0,87.04,87.16,87.28
33,1,0,0,0,97269,97269,97269,11,11,11,591,591,591,0.00,0.00,0.00,0.00,0.00,0.00,0.00,0.00,0.00,0.00,0.00,0.00,0.00,0.00,0.00,0.00,0.00,0.00,0.00,0.00,0.00,425958,593036,1066556,438865,606624,1082279,0,0,0,0,0,0,0,76688,0,95.88,95.96,96.03
33,2,0,0,0,97266,97266,97266,13,13,13,591,591,591,0.00,0.00,0.00,0.00,0.00,0.00,0.00,0.00,0.00,0.00,0.00,0.00,0.00,0.00,0.00,0.00,0.00,0.00,0.00,0.00,0.00,235841,324938,390454,246323,338040,403557,0,0,0,0,0,0,0,72314,0,89.89,89.99,90.10
33,3,0,0,0,97265,97265,97265,14,14,14,591,591,591,0.00,0.00,0.00,0.00,0.00,0.00,0.00,0.00,0.00,0.00,0.00,0.00,0.00,0.00,0.00,0.00,0.00,0.00,0.00,0.00,0.00,7861,421019,1008901,20963,434541,1024624,0,0,0,0,0,0,0,70112,0,87.47,87.53,87.56
34,0,0,0,0,97259,97259,97259,20,20,20,591,591,591,0.00,0.00,0.00,0.00,0.00,0.00,0.00,0.00,0.00,0.00,0.00,0.00,0.00,0.00,0.00,0.00,0.00,0.00,0.00,0.00,0.00,254087,312715,338616,264458,325273,351443,0,0,0,0,0,0,0,70151,0,87.50,87.59,87.65
34,1,0,0,0,97269,97269,97269,11,11,11,591,591,591,0.00,0.00,0.00,0.00,0.00,0.00,0.00,0.00,0.00,0.00,0.00,0.00,0.00,0.00,0.00,0.00,0.00,0.00,0.00,0.00,0.00,277775,341177,411365,288257,354280,424466,0,0,0,0,0,0,0,76732,0,95.89,95.91,95.94
34,2,0,0,0,97266,97266,97266,13,13,13,591,591,591,0.00,0.00,0.00,0.00,0.00,0.00,0.00,0.00,0.00,0.00,0.00,0.00,0.00,0.00,0.00,0.00,0.00,0.00,0.00,0.00,0.00,324958,629963,1357419,338061,643590,1370521,0,0,0,0,0,0,0,81106,0,89.92,89.99,90.09
34,3,0,0,0,97265,97265,97265,14,14,14,591,591,591,0.00,0.00,0.00,0.00,0.00,0.00,0.00,0.00,0.00,0.00,0.00,0.00,0.00,0.00,0.00,0.00,0.00,0.00,0.00,0.00,0.00,315880,346191,395699,329265,360398,408801,0,0,0,0,0,0,0,70024,0,87.47,87.50,87.54
35,0,0,0,0,97259,97259,97259,20,20,20,591,591,591,0.00,0.00,0.00,0.00,0.00,0.00,0.00,0.00,0.00,0.00,0.00,0.00,0.00,0.00,0.00,0.00,0.00,0.00,0.00,0.00,0.00,322321,351141,387839,335424,365291,403562,0,0,0,0,0,0,0,70344,0,87.53,87.69,87.82
35,1,0,0,0,97269,97269,97269,11,11,11,591,591,591,0.00,0.00,0.00,0.00,0.00,0.00,0.00,0.00,0.00,0.00,0.00,0.00,0.00,0.00,0.00,0.00,0.00,0.00,0.00,0.00,0.00,322321,364764,408801,335424,378390,421903,0,0,0,0,0,0,0,76736,0,95.86,95.90,95.97
35,2,0,0,0,97266,97266,97266,13,13,13,591,591,591,0.00,0.00,0.00,0.00,0.00,0.00,0.00,0.00,0.00,0.00,0.00,0.00,0.00,0.00,0.00,0.00,0.00,0.00,0.00,0.00,0.00,429708,474299,524102,442809,487926,539825,0,0,0,0,0,0,0,72184,0,89.92,89.93,89.97
35,3,0,0,0,97265,97265,97265,14,14,14,591,591,591,0.00,0.00,0.00,0.00,0.00,0.00,0.00,0.00,0.00,0.00,0.00,0.00,0.00,0.00,0.00,0.00,0.00,0.00,0.00,0.00,0.00,327563,363714,400928,340665,377340,416650,0,0,0,0,0,0,0,70306,0,87.39,87.42,87.45
36,0,0,0,0,97259,97259,97259,20,20,20,591,591,591,0.00,0.00,0.00,0.00,0.00,0.00,0.00,0.00,0.00,0.00,0.00,0.00,0.00,0.00,0.00,0.00,0.00,0.00,0.00,0.00,0.00,319702,485317,1042962,332804,498943,1056065,0,0,0,0,0,0,0,78773,0,87.19,87.36,87.63
36,1,0,0,0,97269,97269,97269,11,11,11,591,591,591,0.00,0.00,0.00,0.00,0.00,0.00,0.00,0.00,0.00,0.00,0.00,0.00,0.00,0.00,0.00,0.00,0.00,0.00,0.00,0.00,0.00,319700,427665,767810,332803,441292,783534,0,0,0,0,0,0,0,86456,0,95.90,95.96,96.02
36,2,0,0,0,97266,97266,97266,13,13,13,591,591,591,0.00,0.00,0.00,0.00,0.00,0.00,0.00,0.00,0.00,0.00,0.00,0.00,0.00,0.00,0.00,0.00,0.00,0.00,0.00,0.00,0.00,395603,443784,526708,411322,457374,539810,0,0,0,0,0,0,0,72222,0,90.11,90.15,90.20
36,3,0,0,0,97265,97265,97265,14,14,14,591,591,591,0.00,0.00,0.00,0.00,0.00,0.00,0.00,0.00,0.00,0.00,0.00,0.00,0.00,0.00,0.00,0.00,0.00,0.00,0.00,0.00,0.00,251563,455967,1027239,262045,469069,1042962,0,0,0,0,0,0,0,78945,0,87.46,87.51,87.54
37,0,0,0,0,97259,97259,97259,20,20,20,591,591,591,0.00,0.00,0.00,0.00,0.00,0.00,0.00,0.00,0.00,0.00,0.00,0.00,0.00,0.00,0.00,0.00,0.00,0.00,0.00,0.00,0.00,327562,356904,403517,343285,370530,416618,0,0,0,0,0,0,0,71153,0,87.24,87.59,88.16
37,1,0,0,0,97269,97269,97269,11,11,11,591,591,591,0.00,0.00,0.00,0.00,0.00,0.00,0.00,0.00,0.00,0.00,0.00,0.00,0.00,0.00,0.00,0.00,0.00,0.00,0.00,0.00,0.00,314359,351105,408796,327243,364687,421898,0,0,0,0,0,0,0,76961,0,95.92,96.02,96.10
37,2,0,0,0,97266,97266,97266,13,13,13,591,591,591,0.00,0.00,0.00,0.00,0.00,0.00,0.00,0.00,0.00,0.00,0.00,0.00,0.00,0.00,0.00,0.00,0.00,0.00,0.00,0.00,0.00,424510,465390,550291,440233,479540,563393,0,0,0,0,0,0,0,81714,0,89.97,90.06,90.25
37,3,0,0,0,97265,97265,97265,14,14,14,591,591,591,0.00,0.00,0.00,0.00,0.00,0.00,0.00,0.00,0.00,0.00,0.00,0.00,0.00,0.00,0.00,0.00,0.00,0.00,0.00,0.00,0.00,314208,344589,376489,327086,358188,392624,0,0,0,0,0,0,0,71438,0,87.45,87.90,88.56
38,0,0,0,0,97259,97259,97259,20,20,20,591,591,591,0.00,0.00,0.00,0.00,0.00,0.00,0.00,0.00,0.00,0.00,0.00,0.00,0.00,0.00,0.00,0.00,0.00,0.00,0.00,0.00,0.00,235018,312149,361632,245387,325231,377355,0,0,0,0,0,0,0,71411,0,88.55,88.76,88.84
38,1,0,0,0,97269,97269,97269,11,11,11,591,591,591,0.00,0.00,0.00,0.00,0.00,0.00,0.00,0.00,0.00,0.00,0.00,0.00,0.00,0.00,0.00,0.00,0.00,0.00,0.00,0.00,0.00,251572,316549,356388,262054,329651,369491,0,0,0,0,0,0,0,57675,0,96.16,96.19,96.24
38,2,0,0,0,97266,97266,97266,13,13,13,591,591,591,0.00,0.00,0.00,0.00,0.00,0.00,0.00,0.00,0.00,0.00,0.00,0.00,0.00,0.00,0.00,0.00,0.00,0.00,0.00,0.00,0.00,2620,561313,1425559,15723,574939,1438662,0,0,0,0,0,0,0,54589,0,90.51,90.63,90.71
38,3,0,0,0,97265,97265,97265,14,14,14,591,591,591,0.00,0.00,0.00,0.00,0.00,0.00,0.00,0.00,0.00,0.00,0.00,0.00,0.00,0.00,0.00,0.00,0.00,0.00,0.00,0.00,0.00,322310,341712,377350,335412,355339,390452,0,0,0,0,0,0,0,71527,0,89.00,89.15,89.24
39,0,0,0,0,97259,97259,97259,20,20,20,591,591,591,0.00,0.00,0.00,0.00,0.00,0.00,0.00,0.00,0.00,0.00,0.00,0.00,0.00,0.00,0.00,0.00,0.00,0.00,0.00,0.00,0.00,314459,347868,398305,327561,362280,414028,0,0,0,0,0,0,0,53245,0,88.63,88.81,88.94
39,1,0,0,0,97269,97269,97269,11,11,11,591,591,591,0.00,0.00,0.00,0.00,0.00,0.00,0.00,0.00,0.00,0.00,0.00,0.00,0.00,0.00,0.00,0.00,0.00,0.00,0.00,0.00,0.00,309216,335424,382597,324939,349837,395700,0,0,0,0,0,0,0,77514,0,96.27,96.48,96.67
39,2,0,0,0,97266,97266,97266,13,13,13,591,591,591,0.00,0.00,0.00,0.00,0.00,0.00,0.00,0.00,0.00,0.00,0.00,0.00,0.00,0.00,0.00,0.00,0.00,0.00,0.00,0.00,0.00,395696,431728,490037,400937,443520,503139,0,0,0,0,0,0,0,72619,0,90.53,90.70,90.84
39,3,0,0,0,97265,97265,97265,14,14,14,591,591,591,0.00,0.00,0.00,0.00,0.00,0.00,0.00,0.00,0.00,0.00,0.00,0.00,0.00,0.00,0.00,0.00,0.00,0.00,0.00,0.00,0.00,314457,338697,377330,330180,352454,390431,0,0,0,0,0,0,0,70753,0,88.67,88.95,89.09
40,0,0,0,0,97259,97259,97259,20,20,20,591,591,591,0.00,0.00,0.00,0.00,0.00,0.00,0.00,0.00,0.00,0.00,0.00,0.00,0.00,0.00,0.00,0.00,0.00,0.00,0.00,0.00,0.00,324945,553949,1029795,335427,568624,1045517,0,0,0,0,0,0,0,78481,0,87.04,87.56,88.30
40,1,0,0,0,97269,97269,97269,11,11,11,591,591,591,0.00,0.00,0.00,0.00,0.00,0.00,0.00,0.00,0.00,0.00,0.00,0.00,0.00,0.00,0.00,0.00,0.00,0.00,0.00,0.00,0.00,322321,498420,780918,332803,512570,794020,0,0,0,0,0,0,0,86362,0,96.15,96.45,96.72
40,2,0,0,0,97266,97266,97266,13,13,13,591,591,591,0.00,0.00,0.00,0.00,0.00,0.00,0.00,0.00,0.00,0.00,0.00,0.00,0.00,0.00,0.00,0.00,0.00,0.00,0.00,0.00,0.00,409124,504590,795152,421909,518724,813956,0,0,0,0,0,0,0,72151,0,89.90,90.12,90.42
40,3,0,0,0,97265,97265,97265,14,14,14,591,591,591,0.00,0.00,0.00,0.00,0.00,0.00,0.00,0.00,0.00,0.00,0.00,0.00,0.00,0.00,0.00,0.00,0.00,0.00,0.00,0.00,0.00,319704,476744,698775,332807,490720,705763,0,0,0,0,0,0,0,52668,0,87.53,87.83,88.34
41,0,0,0,0,97259,97259,97259,20,20,20,591,591,591,0.00,0.00,0.00,0.00,0.00,0.00,0.00,0.00,0.00,0.00,0.00,0.00,0.00,0.00,0.00,0.00,0.00,0.00,0.00,0.00,0.00,324934,354813,416649,335427,368439,432372,0,0,0,0,0,0,0,70401,0,87.12,87.30,87.63
41,1,0,0,0,97269,97269,97269,11,11,11,591,591,591,0.00,0.00,0.00,0.00,0.00,0.00,0.00,0.00,0.00,0.00,0.00,0.00,0.00,0.00,0.00,0.00,0.00,0.00,0.00,0.00,0.00,322325,347412,385046,335428,361508,397880,0,0,0,0,0,0,0,77612,0,96.02,96.23,96.56
41,2,0,0,0,97266,97266,97266,13,13,13,591,591,591,0.00,0.00,0.00,0.00,0.00,0.00,0.00,0.00,0.00,0.00,0.00,0.00,0.00,0.00,0.00,0.00,0.00,0.00,0.00,0.00,0.00,427138,448104,487438,440241,462255,500541,0,0,0,0,0,0,0,81472,0,90.10,90.20,90.28
41,3,0,0,0,97265,97265,97265,14,14,14,591,591,591,0.00,0.00,0.00,0.00,0.00,0.00,0.00,0.00,0.00,0.00,0.00,0.00,0.00,0.00,0.00,0.00,0.00,0.00,0.00,0.00,0.00,320911,346564,383558,333747,360127,396343,0,0,0,0,0,0,0,70309,0,87.53,87.63,87.69
42,0,0,0,0,97228,97252,97259,20,26,51,591,591,591,0.00,0.00,0.00,0.00,0.00,0.00,0.00,0.00,0.00,0.00,0.00,0.00,0.00,0.00,0.00,0.00,0.00,0.00,0.00,0.00,0.00,215834,472449,1127067,224467,553309,1480914,0,0,0,0,0,0,0,76399,0,88.23,90.49,97.42
42,1,0,0,0,97225,97256,97269,11,23,54,591,591,591,0.00,0.00,0.00,0.00,0.00,0.00,0.00,0.00,0.00,0.00,0.00,0.00,0.00,0.00,0.00,0.00,0.00,0.00,0.00,0.00,0.00,216632,849496,3014057,225367,933014,3380985,0,0,0,0,0,0,0,86094,0,97.12,99.54,107.72
42,2,0,0,0,97219,97252,97266,13,26,60,591,591,591,0.00,0.00,0.00,0.00,0.00,0.00,0.00,0.00,0.00,0.00,0.00,0.00,0.00,0.00,0.00,0.00,0.00,0.00,0.00,0.00,0.00,427094,640447,1346999,440195,654073,1360102,0,0,0,0,0,0,0,84240,0,90.39,92.46,100.37
42,3,0,0,0,97216,97250,97265,14,27,61,591,591,591,0.00,0.00,0.00,0.00,0.00,0.00,0.00,0.00,0.00,0.00,0.00,0.00,0.00,0.00,0.00,0.00,0.00,0.00,0.00,0.00,0.00,322323,1017458,3737787,338046,1097138,4078539,0,0,0,0,0,0,0,77803,0,87.84,89.82,97.42
43,0,0,0,2,96501,96699,97109,170,579,778,591,591,591,0.00,0.00,0.00,0.00,0.00,0.00,0.00,0.00,0.00,0.00,0.00,0.00,0.00,0.00,0.00,0.00,0.00,0.00,0.00,0.00,0.00,306654,1337688,3184235,319758,1632272,3713631,0,0,0,0,0,0,0,120642,0,107.35,123.31,134.83
43,1,0,1,6,96511,96626,96703,574,652,768,591,591,591,0.00,0.00,0.00,0.00,0.00,0.00,0.00,0.00,0.00,0.00,0.00,0.00,0.00,0.00,0.00,0.00,0.00,0.00,0.00,0.00,0.00,319740,1265273,3333270,335464,1546112,3927656,0,0,0,0,0,0,0,126814,0,116.62,131.98,142.22
43,2,0,1,7,96509,96624,96701,578,654,770,591,591,591,0.00,0.00,0.00,0.00,0.00,0.00,0.00,0.00,0.00,0.00,0.00,0.00,0.00,0.00,0.00,0.00,0.00,0.00,0.00,0.00,0.00,442920,1571994,3721664,500601,1888417,4074610,0,0,0,0,0,0,0,108562,0,109.79,126.10,136.56
43,3,0,0,1,96508,96623,96700,579,655,771,591,591,591,0.00,0.00,0.00,0.00,0.00,0.00,0.00,0.00,0.00,0.00,0.00,0.00,0.00,0.00,0.00,0.00,0.00,0.00,0.00,0.00,0.00,325008,875889,2096598,338113,1162083,2563091,0,0,0,0,0,0,0,120125,0,107.15,123.44,134.74
44,0,0,0,0,96501,96501,96501,778,778,778,591,591,591,0.00,0.00,0.00,0.00,0.00,0.00,0.00,0.00,0.00,0.00,0.00,0.00,0.00,0.00,0.00,0.00,0.00,0.00,0.00,0.00,0.00,301414,547784,1357670,317136,561413,1370774,0,0,0,0,0,0,0,106675,0,133.24,133.43,133.66
44,1,0,0,0,96511,96511,96511,768,768,768,591,591,591,0.00,0.00,0.00,0.00,0.00,0.00,0.00,0.00,0.00,0.00,0.00,0.00,0.00,0.00,0.00,0.00,0.00,0.00,0.00,0.00,0.00,298789,356450,560881,311893,370079,576606,0,0,0,0,0,0,0,112396,0,140.50,140.64,140.84
44,2,0,0,0,96509,96509,96509,770,770,770,591,591,591,0.00,0.00,0.00,0.00,0.00,0.00,0.00,0.00,0.00,0.00,0.00,0.00,0.00,0.00,0.00,0.00,0.00,0.00,0.00,0.00,0.00,414115,434031,482259,429838,447661,495364,0,0,0,0,0,0,0,121438,0,134.85,135.05,135.51
44,3,0,0,0,96508,96508,96508,771,771,771,591,591,591,0.00,0.00,0.00,0.00,0.00,0.00,0.00,0.00,0.00,0.00,0.00,0.00,0.00,0.00,0.00,0.00,0.00,0.00,0.00,0.00,0.00,304034,477363,908597,317139,490119,917334,0,0,0,0,0,0,0,106134,0,132.56,132.77,133.14
45,0,0,0,0,96501,96501,96501,778,778,778,591,591,591,0.00,0.00,0.00,0.00,0.00,0.00,0.00,0.00,0.00,0.00,0.00,0.00,0.00,0.00,0.00,0.00,0.00,0.00,0.00,0.00,0.00,298790,320803,372181,311895,334432,385286,0,0,0,0,0,0,0,106849,0,133.15,133.25,133.34
45,1,0,0,0,96511,96511,96511,768,768,768,591,591,591,0.00,0.00,0.00,0.00,0.00,0.00,0.00,0.00,0.00,0.00,0.00,0.00,0.00,0.00,0.00,0.00,0.00,0.00,0.00,0.00,0.00,296168,329767,411796,309273,343872,424665,0,0,0,0,0,0,0,112546,0,140.44,140.46,140.51
45,2,0,0,0,96509,96509,96509,770,770,770,591,591,591,0.00,0.00,0.00,0.00,0.00,0.00,0.00,0.00,0.00,0.00,0.00,0.00,0.00,0.00,0.00,0.00,0.00,0.00,0.00,0.00,0.00,440320,827696,1942141,453424,841849,1955246,0,0,0,0,0,0,0,81056,0,134.81,134.86,134.92
45,3,0,0,0,96508,96508,96508,771,771,771,591,591,591,0.00,0.00,0.00,0.00,0.00,0.00,0.00,0.00,0.00,0.00,0.00,0.00,0.00,0.00,0.00,0.00,0.00,0.00,0.00,0.00,0.00,304014,326966,366949,317140,341076,382675,0,0,0,0,0,0,0,106348,0,132.61,132.69,132.75
47,0,0,0,0,96501,96501,96501,778,778,778,591,591,591,0.00,0.00,0.00,0.00,0.00,0.00,0.00,0.00,0.00,0.00,0.00,0.00,0.00,0.00,0.00,0.00,0.00,0.00,0.00,0.00,0.00,301393,701104,1881858,314497,724474,1925541,0,0,0,0,0,0,0,80258,0,133.36,133.43,133.53
47,1,0,0,0,96511,96511,96511,768,768,768,591,591,591,0.00,0.00,0.00,0.00,0.00,0.00,0.00,0.00,0.00,0.00,0.00,0.00,0.00,0.00,0.00,0.00,0.00,0.00,0.00,0.00,0.00,301409,1601401,4568307,314514,1633508,4633831,0,0,0,0,0,0,0,56601,0,140.59,140.79,141.04
47,2,0,0,0,96509,96509,96509,770,770,770,591,591,591,0.00,0.00,0.00,0.00,0.00,0.00,0.00,0.00,0.00,0.00,0.00,0.00,0.00,0.00,0.00,0.00,0.00,0.00,0.00,0.00,0.00,0,2220512,5251123,0,2262227,5352442,0,0,0,0,0,0,0,243142,0,135.05,135.11,135.15
47,3,0,0,0,96508,96508,96508,771,771,771,591,591,591,0.00,0.00,0.00,0.00,0.00,0.00,0.00,0.00,0.00,0.00,0.00,0.00,0.00,0.00,0.00,0.00,0.00,0.00,0.00,0.00,0.00,306656,2217097,5075773,322382,2265400,5175401,0,0,0,0,0,0,0,79678,0,132.77,132.81,132.87
48,0,0,0,0,96303,96451,96501,778,828,978,591,591,591,0.00,0.00,0.00,0.00,0.00,0.00,0.00,0.00,0.00,0.00,0.00,0.00,0.00,0.00,0.00,0.00,0.00,0.00,0.00,0.00,0.00,309273,649329,1239666,322378,670296,1252770,0,0,0,0,0,0,0,93534,0,133.51,133.57,133.60
48,1,0,0,0,96311,96461,96511,768,817,966,591,591,591,0.00,0.00,0.00,0.00,0.00,0.00,0.00,0.00,0.00,0.00,0.00,0.00,0.00,0.00,0.00,0.00,0.00,0.00,0.00,0.00,0.00,293550,439874,863145,309275,457128,892848,0,0,0,0,0,0,0,127401,0,141.32,141.50,141.63
48,2,0,0,0,96309,96459,96509,770,821,974,591,591,591,0.00,0.00,0.00,0.00,0.00,0.00,0.00,0.00,0.00,0.00,0.00,0.00,0.00,0.00,0.00,0.00,0.00,0.00,0.00,0.00,0.00,424596,459977,542534,435080,473737,555639,0,0,0,0,0,0,0,108188,0,135.01,135.06,135.12
48,3,0,0,0,96280,96462,96508,771,821,971,591,591,591,0.00,0.00,0.00,0.00,0.00,0.00,0.00,0.00,0.00,0.00,0.00,0.00,0.00,0.00,0.00,0.00,0.00,0.00,0.00,0.00,0.00,319757,646065,1352403,332862,667032,1373370,0,0,0,0,0,0,0,79794,0,132.68,132.70,132.72
49,0,0,0,1,95765,95854,95999,1280,1426,1514,591,591,591,0.00,0.00,0.00,0.00,0.00,0.00,0.00,0.00,0.00,0.00,0.00,0.00,0.00,0.00,0.00,0.00,0.00,0.00,0.00,0.00,0.00,429843,2057953,4597121,442948,2606233,5045301,0,0,0,0,0,0,0,107146,0,133.66,133.80,133.92
49,1,0,0,0,95775,95872,96029,1250,1406,1504,591,591,591,0.00,0.00,0.00,0.00,0.00,0.00,0.00,0.00,0.00,0.00,0.00,0.00,0.00,0.00,0.00,0.00,0.00,0.00,0.00,0.00,0.00,553029,2306930,4526449,573997,2859925,4709919,0,0,0,0,0,0,0,112950,0,140.87,141.02,141.21
49,2,0,0,2,95773,95872,96027,1252,1408,1506,591,591,591,0.00,0.00,0.00,0.00,0.00,0.00,0.00,0.00,0.00,0.00,0.00,0.00,0.00,0.00,0.00,0.00,0.00,0.00,0.00,0.00,0.00,421970,2080621,3902599,440316,2539610,4135864,0,0,0,0,0,0,0,108860,0,135.13,135.36,135.62
49,3,0,0,1,95772,95873,96026,1253,1405,1507,591,591,591,0.00,0.00,0.00,0.00,0.00,0.00,0.00,0.00,0.00,0.00,0.00,0.00,0.00,0.00,0.00,0.00,0.00,0.00,0.00,0.00,0.00,314527,2090063,3962842,369569,2642447,4279974,0,0,0,0,0,0,0,106750,0,132.88,133.04,133.24
50,0,0,0,0,95765,95765,95765,1514,1514,1514,591,591,591,0.00,0.00,0.00,0.00,0.00,0.00,0.00,0.00,0.00,0.00,0.00,0.00,0.00,0.00,0.00,0.00,0.00,0.00,0.00,0.00,0.00,296169,351728,458667,311894,366405,471772,0,0,0,0,0,0,0,106608,0,133.23,133.54,133.81
50,1,0,0,0,95775,95775,95775,1504,1504,1504,591,591,591,0.00,0.00,0.00,0.00,0.00,0.00,0.00,0.00,0.00,0.00,0.00,0.00,0.00,0.00,0.00,0.00,0.00,0.00,0.00,0.00,0.00,285685,348696,458663,301410,363342,474389,0,0,0,0,0,0,0,113089,0,141.00,141.12,141.18
50,2,0,0,0,95773,95773,95773,1506,1506,1506,591,591,591,0.00,0.00,0.00,0.00,0.00,0.00,0.00,0.00,0.00,0.00,0.00,0.00,0.00,0.00,0.00,0.00,0.00,0.00,0.00,0.00,0.00,220158,508983,668341,235884,523135,678825,0,0,0,0,0,0,0,94860,0,135.28,135.44,135.59
50,3,0,0,0,95772,95772,95772,1507,1507,1507,591,591,591,0.00,0.00,0.00,0.00,0.00,0.00,0.00,0.00,0.00,0.00,0.00,0.00,0.00,0.00,0.00,0.00,0.00,0.00,0.00,0.00,0.00,306654,348584,461289,317139,363261,479636,0,0,0,0,0,0,0,93255,0,133.01,133.11,133.17
51,0,0,0,0,95765,95765,95765,1514,1514,1514,591,591,591,0.00,0.00,0.00,0.00,0.00,0.00,0.00,0.00,0.00,0.00,0.00,0.00,0.00,0.00,0.00,0.00,0.00,0.00,0.00,0.00,0.00,288314,302081,314519,301419,316196,330245,0,0,0,0,0,0,0,106657,0,133.16,133.22,133.27
51,1,0,0,0,95775,95775,95775,1504,1504,1504,591,591,591,0.00,0.00,0.00,0.00,0.00,0.00,0.00,0.00,0.00,0.00,0.00,0.00,0.00,0.00,0.00,0.00,0.00,0.00,0.00,0.00,0.00,288105,306187,324998,301411,320332,338106,0,0,0,0,0,0,0,84794,0,141.25,141.27,141.29
51,2,0,0,0,95773,95773,95773,1506,1506,1506,591,591,591,0.00,0.00,0.00,0.00,0.00,0.00,0.00,0.00,0.00,0.00,0.00,0.00,0.00,0.00,0.00,0.00,0.00,0.00,0.00,0.00,0.00,408870,718671,1596182,424596,732300,1609287,0,0,0,0,0,0,0,108502,0,135.30,135.35,135.38
51,3,0,0,0,95772,95772,95772,1507,1507,1507,591,591,591,0.00,0.00,0.00,0.00,0.00,0.00,0.00,0.00,0.00,0.00,0.00,0.00,0.00,0.00,0.00,0.00,0.00,0.00,0.00,0.00,0.00,311888,519476,1071981,322382,533105,1087707,0,0,0,0,0,0,0,106764,0,133.08,133.11,133.15
52,0,0,0,0,95765,95765,95765,1514,1514,1514,591,591,591,0.00,0.00,0.00,0.00,0.00,0.00,0.00,0.00,0.00,0.00,0.00,0.00,0.00,0.00,0.00,0.00,0.00,0.00,0.00,0.00,0.00,285680,313462,364294,301405,327091,377398,0,0,0,0,0,0,0,79952,0,133.19,133.23,133.29
52,1,0,0,0,95775,95775,95775,1504,1504,1504,591,591,591,0.00,0.00,0.00,0.00,0.00,0.00,0.00,0.00,0.00,0.00,0.00,0.00,0.00,0.00,0.00,0.00,0.00,0.00,0.00,0.00,0.00,285686,309797,366935,301412,322902,377419,0,0,0,0,0,0,0,112978,0,141.13,141.20,141.26
52,2,0,0,0,95773,95773,95773,1506,1506,1506,591,591,591,0.00,0.00,0.00,0.00,0.00,0.00,0.00,0.00,0.00,0.00,0.00,0.00,0.00,0.00,0.00,0.00,0.00,0.00,0.00,0.00,0.00,416711,441366,500604,432436,454995,513709,0,0,0,0,0,0,0,108488,0,135.30,135.35,135.40
52,3,0,0,0,95772,95772,95772,1507,1507,1507,591,591,591,0.00,0.00,0.00,0.00,0.00,0.00,0.00,0.00,0.00,0.00,0.00,0.00,0.00,0.00,0.00,0.00,0.00,0.00,0.00,0.00,0.00,301415,322067,377422,314520,336185,393147,0,0,0,0,0,0,0,106708,0,133.13,133.15,133.17
53,0,0,0,0,95765,95765,95765,1514,1514,1514,591,591,591,0.00,0.00,0.00,0.00,0.00,0.00,0.00,0.00,0.00,0.00,0.00,0.00,0.00,0.00,0.00,0.00,0.00,0.00,0.00,0.00,0.00,296170,514231,1221357,309274,527860,1237082,0,0,0,0,0,0,0,120114,0,133.16,133.21,133.28
53,1,0,0,0,95775,95775,95775,1504,1504,1504,591,591,591,0.00,0.00,0.00,0.00,0.00,0.00,0.00,0.00,0.00,0.00,0.00,0.00,0.00,0.00,0.00,0.00,0.00,0.00,0.00,0.00,0.00,298790,465480,993348,314516,479633,1009074,0,0,0,0,0,0,0,127467,0,141.09,141.24,141.42
53,2,0,0,0,95773,95773,95773,1506,1506,1506,591,591,591,0.00,0.00,0.00,0.00,0.00,0.00,0.00,0.00,0.00,0.00,0.00,0.00,0.00,0.00,0.00,0.00,0.00,0.00,0.00,0.00,0.00,416465,507331,836432,427144,520861,851874,0,0,0,0,0,0,0,108529,0,135.40,135.45,135.49
53,3,0,0,0,95772,95772,95772,1507,1507,1507,591,591,591,0.00,0.00,0.00,0.00,0.00,0.00,0.00,0.00,0.00,0.00,0.00,0.00,0.00,0.00,0.00,0.00,0.00,0.00,0.00,0.00,0.00,207931,346142,605441,218415,359247,618546,0,0,0,0,0,0,0,106558,0,133.00,133.09,133.15
54,0,0,0,0,95765,95765,95765,1514,1514,1514,591,591,591,0.00,0.00,0.00,0.00,0.00,0.00,0.00,0.00,0.00,0.00,0.00,0.00,0.00,0.00,0.00,0.00,0.00,0.00,0.00,0.00,0.00,296170,320106,379163,309275,333210,389647,0,0,0,0,0,0,0,106999,0,133.33,133.43,133.55
54,1,0,0,0,95775,95775,95775,1504,1504,1504,591,591,591,0.00,0.00,0.00,0.00,0.00,0.00,0.00,0.00,0.00,0.00,0.00,0.00,0.00,0.00,0.00,0.00,0.00,0.00,0.00,0.00,0.00,298789,313641,365185,311894,326920,373921,0,0,0,0,0,0,0,114710,0,141.53,142.08,142.90
54,2,0,0,0,95773,95773,95773,1506,1506,1506,591,591,591,0.00,0.00,0.00,0.00,0.00,0.00,0.00,0.00,0.00,0.00,0.00,0.00,0.00,0.00,0.00,0.00,0.00,0.00,0.00,0.00,0.00,408868,466005,597570,424594,479634,610674,0,0,0,0,0,0,0,121925,0,135.30,135.35,135.39
54,3,0,0,0,95772,95772,95772,1507,1507,1507,591,591,591,0.00,0.00,0.00,0.00,0.00,0.00,0.00,0.00,0.00,0.00,0.00,0.00,0.00,0.00,0.00,0.00,0.00,0.00,0.00,0.00,0.00,293544,339152,435084,306648,352781,448189,0,0,0,0,0,0,0,119788,0,132.86,132.91,132.98
55,0,0,6,32,90569,92814,95765,1514,4464,6710,591,591,591,0.00,0.00,0.01,0.00,0.00,0.01,0.00,0.00,0.00,0.00,0.00,0.00,0.00,0.00,0.00,0.00,0.00,0.00,0.00,0.00,0.02,301395,442112,605323,314499,802204,1623574,0,0,0,0,0,0,0,109281,0,133.59,134.63,135.81
55,1,0,8,21,90579,92960,95775,1504,4318,6700,591,591,591,0.00,0.00,0.01,0.00,0.00,0.01,0.00,0.00,0.00,0.00,0.00,0.00,0.00,0.00,0.00,0.00,0.00,0.00,0.00,0.00,0.02,290912,399055,655215,304016,763304,1585592,0,0,0,0,0,0,0,117941,0,143.40,145.17,146.89
55,2,0,8,21,90577,92753,95773,1506,4525,6702,591,591,591,0.00,0.00,0.01,0.00,0.00,0.01,0.00,0.00,0.00,0.00,0.00,0.00,0.00,0.00,0.00,0.00,0.00,0.00,0.00,0.00,0.02,429813,824527,1748223,445537,1189337,2004896,0,0,0,0,0,0,0,111491,0,135.29,136.84,138.51
55,3,0,6,33,90576,92752,95772,1507,4514,6703,591,591,591,0.00,0.00,0.01,0.00,0.00,0.01,0.00,0.00,0.00,0.00,0.00,0.00,0.00,0.00,0.00,0.00,0.00,0.00,0.00,0.00,0.02,309274,585480,1161009,325000,950309,1795409,0,0,0,0,0,0,0,109518,0,132.98,134.40,136.01
56,0,0,0,0,90569,90569,90569,6710,6710,6710,591,591,591,0.00,0.00,0.00,0.00,0.00,0.00,0.00,0.00,0.00,0.00,0.00,0.00,0.00,0.00,0.00,0.00,0.00,0.00,0.00,0.00,0.00,296162,314002,343343,309267,327632,353827,0,0,0,0,0,0,0,106761,0,133.29,134.58,135.69
56,1,0,0,0,90579,90579,90579,6700,6700,6700,591,591,591,0.00,0.00,0.00,0.00,0.00,0.00,0.00,0.00,0.00,0.00,0.00,0.00,0.00,0.00,0.00,0.00,0.00,0.00,0.00,0.00,0.00,293544,313987,348585,309270,328140,361690,0,0,0,0,0,0,0,113695,0,141.78,143.81,145.94
56,2,0,0,0,90577,90577,90577,6702,6702,6702,591,591,591,0.00,0.00,0.00,0.00,0.00,0.00,0.00,0.00,0.00,0.00,0.00,0.00,0.00,0.00,0.00,0.00,0.00,0.00,0.00,0.00,0.00,419346,443461,495358,432450,457090,508463,0,0,0,0,0,0,0,108053,0,134.97,136.80,138.45
56,3,0,0,0,90576,90576,90576,6703,6703,6703,591,591,591,0.00,0.00,0.00,0.00,0.00,0.00,0.00,0.00,0.00,0.00,0.00,0.00,0.00,0.00,0.00,0.00,0.00,0.00,0.00,0.00,0.00,307684,318912,343344,320612,332505,356449,0,0,0,0,0,0,0,106262,0,132.72,134.34,135.76
57,0,0,0,0,90569,90569,90569,6710,6710,6710,591,591,591,0.00,0.00,0.00,0.00,0.00,0.00,0.00,0.00,0.00,0.00,0.00,0.00,0.00,0.00,0.00,0.00,0.00,0.00,0.00,0.00,0.00,306650,562448,1362886,322376,577126,1378612,0,0,0,0,0,0,0,119904,0,133.14,133.19,133.26
57,1,0,0,0,90579,90579,90579,6700,6700,6700,591,591,591,0.00,0.00,0.00,0.00,0.00,0.00,0.00,0.00,0.00,0.00,0.00,0.00,0.00,0.00,0.00,0.00,0.00,0.00,0.00,0.00,0.00,304024,423540,838693,317128,437169,851798,0,0,0,0,0,0,0,127830,0,141.61,141.67,141.74
57,2,0,0,0,90577,90577,90577,6702,6702,6702,591,591,591,0.00,0.00,0.00,0.00,0.00,0.00,0.00,0.00,0.00,0.00,0.00,0.00,0.00,0.00,0.00,0.00,0.00,0.00,0.00,0.00,0.00,413704,459461,571100,429718,472734,579753,0,0,0,0,0,0,0,108136,0,134.91,134.93,134.95
57,3,0,0,0,90576,90576,90576,6703,6703,6703,591,591,591,0.00,0.00,0.00,0.00,0.00,0.00,0.00,0.00,0.00,0.00,0.00,0.00,0.00,0.00,0.00,0.00,0.00,0.00,0.00,0.00,0.00,197445,297896,327590,207929,310476,343314,0,0,0,0,0,0,0,106271,0,132.71,132.72,132.74
58,0,0,0,0,90569,90569,90569,6710,6710,6710,591,591,591,0.00,0.00,0.00,0.00,0.00,0.00,0.00,0.00,0.00,0.00,0.00,0.00,0.00,0.00,0.00,0.00,0.00,0.00,0.00,0.00,0.00,301408,326307,395760,314512,339411,406244,0,0,0,0,0,0,0,106596,0,133.08,133.11,133.14
58,1,0,0,0,90579,90579,90579,6700,6700,6700,591,591,591,0.00,0.00,0.00,0.00,0.00,0.00,0.00,0.00,0.00,0.00,0.00,0.00,0.00,0.00,0.00,0.00,0.00,0.00,0.00,0.00,0.00,304014,370858,560884,317118,384618,573988,0,0,0,0,0,0,0,113636,0,141.64,141.68,141.72
58,2,0,0,0,90577,90577,90577,6702,6702,6702,591,591,591,0.00,0.00,0.00,0.00,0.00,0.00,0.00,0.00,0.00,0.00,0.00,0.00,0.00,0.00,0.00,0.00,0.00,0.00,0.00,0.00,0.00,419355,458666,532052,435080,473081,545157,0,0,0,0,0,0,0,94622,0,134.95,134.96,134.98
58,3,0,0,0,90576,90576,90576,6703,6703,6703,591,591,591,0.00,0.00,0.00,0.00,0.00,0.00,0.00,0.00,0.00,0.00,0.00,0.00,0.00,0.00,0.00,0.00,0.00,0.00,0.00,0.00,0.00,296166,309268,327609,309270,323683,340714,0,0,0,0,0,0,0,79740,0,132.71,132.74,132.76
59,0,0,0,0,90569,90569,90569,6710,6710,6710,591,591,591,0.00,0.00,0.00,0.00,0.00,0.00,0.00,0.00,0.00,0.00,0.00,0.00,0.00,0.00,0.00,0.00,0.00,0.00,0.00,0.00,0.00,211420,302804,351207,220157,316084,366933,0,0,0,0,0,0,0,106846,0,133.10,133.20,133.32
59,1,0,0,0,90579,90579,90579,6700,6700,6700,591,591,591,0.00,0.00,0.00,0.00,0.00,0.00,0.00,0.00,0.00,0.00,0.00,0.00,0.00,0.00,0.00,0.00,0.00,0.00,0.00,0.00,0.00,202685,298467,377416,211421,311126,390521,0,0,0,0,0,0,0,116260,0,141.73,142.30,143.32
59,2,0,0,0,90577,90577,90577,6702,6702,6702,591,591,591,0.00,0.00,0.00,0.00,0.00,0.00,0.00,0.00,0.00,0.00,0.00,0.00,0.00,0.00,0.00,0.00,0.00,0.00,0.00,0.00,0.00,427213,795718,1963095,440318,808823,1978821,0,0,0,0,0,0,0,108455,0,135.08,135.19,135.36
59,3,0,0,0,90576,90576,90576,6703,6703,6703,591,591,591,0.00,0.00,0.00,0.00,0.00,0.00,0.00,0.00,0.00,0.00,0.00,0.00,0.00,0.00,0.00,0.00,0.00,0.00,0.00,0.00,0.00,306653,495880,980234,322379,509509,995960,0,0,0,0,0,0,0,106612,0,132.76,132.84,132.94
60,0,0,4,22,87979,88826,90569,6710,8452,9300,591,591,591,0.00,0.00,0.00,0.00,0.00,0.00,0.00,0.00,0.00,0.00,0.00,0.00,0.00,0.00,0.00,0.00,0.00,0.00,0.00,0.00,0.01,296167,378358,496150,309271,564435,1069423,0,0,0,0,0,0,0,81483,0,133.33,134.24,134.78
60,1,0,3,18,87989,88603,90579,6700,8675,9290,591,591,591,0.00,0.00,0.00,0.00,0.00,0.00,0.00,0.00,0.00,0.00,0.00,0.00,0.00,0.00,0.00,0.00,0.00,0.00,0.00,0.00,0.01,290872,380542,636877,304215,569814,1208233,0,0,0,0,0,0,0,87027,0,144.33,145.70,146.49
60,2,0,5,16,87987,88504,90575,6704,8774,9292,591,591,591,0.00,0.00,0.00,0.00,0.00,0.00,0.00,0.00,0.00,0.00,0.00,0.00,0.00,0.00,0.00,0.00,0.00,0.00,0.00,0.00,0.01,419356,510014,733743,435082,699238,1084892,0,0,0,0,0,0,0,109711,0,135.42,136.55,136.90
60,3,0,8,41,87986,88503,90574,6705,8775,9293,591,591,591,0.00,0.00,0.00,0.00,0.00,0.00,0.00,0.00,0.00,0.00,0.00,0.00,0.00,0.00,0.00,0.00,0.00,0.00,0.00,0.00,0.01,306655,383695,532062,319760,572918,1037914,0,0,0,0,0,0,0,107798,0,132.99,134.11,134.42
61,0,0,3,7,86487,86738,87239,10040,10540,10792,591,591,591,0.00,0.00,0.02,0.00,0.00,0.01,0.00,0.00,0.00,0.00,0.00,0.00,0.00,0.00,0.00,0.00,0.00,0.00,0.00,0.00,0.01,296169,344384,387898,401003,488007,621138,0,0,0,0,0,0,0,122015,0,133.75,134.74,135.24
61,1,0,1,6,86497,86696,86989,10290,10582,10782,591,591,591,0.00,0.00,0.02,0.00,0.00,0.01,0.00,0.00,0.00,0.00,0.00,0.00,0.00,0.00,0.00,0.00,0.00,0.00,0.00,0.00,0.01,288276,345423,424590,421921,489568,589689,0,0,0,0,0,0,0,129292,0,142.56,143.46,144.77
61,2,0,0,3,86495,86666,86987,10292,10612,10784,591,591,591,0.00,0.00,0.01,0.00,0.00,0.01,0.00,0.00,0.00,0.00,0.00,0.00,0.00,0.00,0.00,0.00,0.00,0.00,0.00,0.00,0.01,316181,500945,856992,434967,624148,917270,0,0,0,0,0,0,0,109741,0,135.73,136.47,136.99
61,3,0,4,13,86494,86665,86986,10293,10613,10785,591,591,591,0.00,0.00,0.01,0.00,0.00,0.01,0.00,0.00,0.00,0.00,0.00,0.00,0.00,0.00,0.00,0.00,0.00,0.00,0.00,0.00,0.01,237626,303925,340705,332863,428445,542507,0,0,0,0,0,0,0,108006,0,133.36,134.18,134.76
62,0,0,0,0,86487,86487,86487,10792,10792,10792,591,591,591,0.00,0.00,0.00,0.00,0.00,0.00,0.00,0.00,0.00,0.00,0.00,0.00,0.00,0.00,0.00,0.00,0.00,0.00,0.00,0.00,0.00,304028,548297,1250192,317132,562450,1265918,0,0,0,0,0,0,0,106680,0,133.20,134.23,135.26
62,1,0,0,0,86497,86497,86497,10782,10782,10782,591,591,591,0.00,0.00,0.00,0.00,0.00,0.00,0.00,0.00,0.00,0.00,0.00,0.00,0.00,0.00,0.00,0.00,0.00,0.00,0.00,0.00,0.00,301406,489588,1056231,317132,503742,1069336,0,0,0,0,0,0,0,113217,0,141.40,142.25,143.07
62,2,0,0,0,86495,86495,86495,10784,10784,10784,591,591,591,0.00,0.00,0.00,0.00,0.00,0.00,0.00,0.00,0.00,0.00,0.00,0.00,0.00,0.00,0.00,0.00,0.00,0.00,0.00,0.00,0.00,413769,444434,516326,427206,458121,532052,0,0,0,0,0,0,0,121716,0,135.11,135.96,136.59
62,3,0,0,0,86494,86494,86494,10785,10785,10785,591,591,591,0.00,0.00,0.00,0.00,0.00,0.00,0.00,0.00,0.00,0.00,0.00,0.00,0.00,0.00,0.00,0.00,0.00,0.00,0.00,0.00,0.00,306650,314507,324973,319755,328136,338077,0,0,0,0,0,0,0,106228,0,132.69,133.66,134.40
63,0,0,19,96,86015,86563,88235,9044,10715,11264,591,591,591,0.00,0.01,0.03,0.00,0.00,0.01,0.00,0.00,0.00,0.00,0.00,0.00,0.00,0.00,0.00,0.00,0.00,0.00,0.00,0.00,0.00,324970,929691,1716670,424585,1501198,2468860,0,446060,2230300,0,0,0,0,110563,0,133.22,134.54,138.32
63,1,0,7,25,86025,86591,88325,9794,10855,11254,591,591,591,0.00,0.01,0.06,0.00,0.00,0.02,0.00,0.00,0.00,0.00,0.00,0.00,0.00,0.00,0.00,0.00,0.00,0.00,0.00,0.00,0.01,319738,1192830,2414838,440310,1868037,3059844,0,0,0,0,1451178858,0,0,118558,0,141.25,142.64,146.51
63,2,0,14,70,86023,86575,88243,9036,10703,11256,591,591,591,0.00,0.01,0.05,0.00,0.00,0.01,0.00,0.00,0.00,0.00,0.00,0.00,0.00,0.00,0.00,0.00,0.00,0.00,0.00,0.00,0.01,545109,1385853,3189393,718076,1892183,4067328,0,0,0,0,0,0,0,114684,0,135.03,136.29,140.68
63,3,0,15,77,86022,86676,88742,8537,10602,11257,591,591,591,0.00,0.01,0.05,0.00,0.00,0.01,0.00,0.00,0.00,0.00,0.00,0.00,0.00,0.00,0.00,0.00,0.00,0.00,0.00,0.00,0.01,600183,1221058,1685487,644738,1730449,2410137,0,0,0,0,0,0,0,112388,0,132.73,134.18,138.59
64,0,0,1,6,87209,87245,87359,9920,10034,10070,591,591,591,0.00,0.00,0.02,0.00,0.00,0.02,0.00,0.00,0.00,0.00,0.00,0.00,0.00,0.00,0.00,0.00,0.00,0.00,0.00,0.00,0.01,301698,1252840,2848904,317718,2125193,3622066,0,0,0,0,0,0,0,107877,0,135.80,138.35,139.28
64,1,0,8,41,87219,87255,87369,9910,10022,10060,591,591,591,0.00,0.00,0.02,0.00,0.00,0.02,0.00,0.00,0.00,0.00,0.00,0.00,0.00,0.00,0.00,0.00,0.00,0.00,0.00,0.00,0.01,306651,1290856,2812830,319756,2109037,3612237,0,524,2621,0,0,0,0,114605,0,143.75,146.89,148.00
64,2,0,11,53,87217,87253,87367,9912,10026,10062,591,591,591,0.00,0.00,0.02,0.00,0.00,0.02,0.00,0.00,0.00,0.00,0.00,0.00,0.00,0.00,0.00,0.00,0.00,0.00,0.00,0.00,0.01,421965,1440955,2639154,435069,2354578,3524987,0,0,0,0,524,2620,0,109477,0,137.65,141.27,142.56
64,3,0,9,41,87216,87252,87366,9913,10027,10063,591,591,591,0.00,0.00,0.02,0.00,0.00,0.02,0.00,0.00,0.00,0.00,0.00,0.00,0.00,0.00,0.00,0.00,0.00,0.00,0.00,0.00,0.01,309240,1363389,2814874,330248,2277517,3797721,0,0,0,0,0,0,0,107200,0,135.66,139.65,140.73
65,0,0,0,0,87209,87209,87209,10070,10070,10070,591,591,591,0.00,0.00,0.00,0.00,0.00,0.00,0.00,0.00,0.00,0.00,0.00,0.00,0.00,0.00,0.00,0.00,0.00,0.00,0.00,0.00,0.00,296172,329712,416730,309277,343341,429835,0,0,0,0,0,0,0,120781,0,134.12,134.32,134.42
65,1,0,0,0,87219,87219,87219,10060,10060,10060,591,591,591,0.00,0.00,0.00,0.00,0.00,0.00,0.00,0.00,0.00,0.00,0.00,0.00,0.00,0.00,0.00,0.00,0.00,0.00,0.00,0.00,0.00,301407,584983,1223914,314511,598612,1237018,0,0,0,0,0,0,0,131781,0,143.19,144.19,145.08
65,2,0,0,0,87217,87217,87217,10062,10062,10062,591,591,591,0.00,0.00,0.00,0.00,0.00,0.00,0.00,0.00,0.00,0.00,0.00,0.00,0.00,0.00,0.00,0.00,0.00,0.00,0.00,0.00,0.00,297817,442331,539885,304743,455203,555610,0,0,0,0,0,0,0,108740,0,135.68,136.14,136.41
65,3,0,0,0,87216,87216,87216,10063,10063,10063,591,591,591,0.00,0.00,0.00,0.00,0.00,0.00,0.00,0.00,0.00,0.00,0.00,0.00,0.00,0.00,0.00,0.00,0.00,0.00,0.00,0.00,0.00,267338,298785,322375,277822,311365,332858,0,0,0,0,0,0,0,120010,0,133.32,133.62,133.82
66,0,0,0,3,87199,87204,87209,10070,10075,10080,591,591,591,0.00,0.00,0.00,0.00,0.00,0.00,0.00,0.00,0.00,0.00,0.00,0.00,0.00,0.00,0.00,0.00,0.00,0.00,0.00,0.00,0.00,351206,799374,1404829,364311,847860,1417934,0,0,0,0,0,0,0,107194,0,133.80,133.86,133.96
66,1,0,0,1,87209,87214,87219,10060,10065,10070,591,591,591,0.00,0.00,0.00,0.00,0.00,0.00,0.00,0.00,0.00,0.00,0.00,0.00,0.00,0.00,0.00,0.00,0.00,0.00,0.00,0.00,0.00,309274,535963,676200,325000,577897,736481,0,0,0,0,0,0,0,123292,0,146.13,148.02,149.46
66,2,0,0,1,87207,87212,87217,10062,10067,10072,591,591,591,0.00,0.00,0.00,0.00,0.00,0.00,0.00,0.00,0.00,0.00,0.00,0.00,0.00,0.00,0.00,0.00,0.00,0.00,0.00,0.00,0.00,394729,594688,935695,410731,638657,1035293,0,0,0,0,0,0,0,95488,0,135.70,135.86,135.98
66,3,0,0,0,87216,87216,87216,10063,10063,10063,591,591,591,0.00,0.00,0.00,0.00,0.00,0.00,0.00,0.00,0.00,0.00,0.00,0.00,0.00,0.00,0.00,0.00,0.00,0.00,0.00,0.00,0.00,432459,773167,1234435,448185,812481,1247540,0,0,0,0,0,0,0,80786,0,133.39,133.71,133.94
67,0,1,30,98,81673,84646,86659,10620,12632,15606,591,591,591,0.00,0.22,0.55,0.00,0.09,0.23,0.00,0.10,0.26,0.00,0.00,0.00,0.00,0.02,0.04,0.00,0.00,0.00,0.00,0.07,0.18,327564,620747,1229074,379147,870933,1501620,0,0,0,0,0,0,0,214830,0,135.79,191.38,242.49
67,1,0,24,90,81683,84688,86669,10610,12590,15596,591,591,591,0.01,0.22,0.56,0.00,0.09,0.23,0.00,0.10,0.27,0.00,0.00,0.00,0.00,0.02,0.04,0.00,0.00,0.00,0.00,0.07,0.18,302272,543285,1140002,330228,796050,1402071,0,0,0,0,0,0,0,219230,0,152.54,204.05,250.59
67,2,0,21,82,81681,84670,86667,10612,12608,15598,591,591,591,0.00,0.22,0.77,0.00,0.09,0.33,0.00,0.10,0.36,0.00,0.00,0.00,0.00,0.02,0.06,0.00,0.00,0.00,0.00,0.07,0.23,435012,1092853,2812136,660380,1333957,3082081,0,0,0,0,0,0,0,211388,0,138.16,190.04,241.34
67,3,0,36,93,81680,84777,87206,10073,12501,15599,591,591,591,0.00,0.22,0.68,0.00,0.09,0.29,0.00,0.10,0.31,0.00,0.00,0.00,0.00,0.02,0.05,0.00,0.00,0.00,0.00,0.07,0.21,317113,692371,1286745,524153,940281,1564535,0,0,0,0,0,0,0,213280,0,134.11,186.47,237.14
68,0,0,3,10,65369,65369,65373,31906,31909,31910,591,591,591,0.00,0.03,0.08,0.00,0.02,0.07,0.00,0.00,0.00,0.00,0.00,0.00,0.00,0.00,0.00,0.00,0.00,0.00,0.00,0.02,0.05,302471,313668,327593,312812,1455778,3548491,0,0,0,0,0,0,0,86048,0,142.31,191.75,245.93
68,1,0,6,18,65379,65379,65383,31896,31899,31900,591,591,591,0.00,0.03,0.08,0.00,0.02,0.06,0.00,0.00,0.00,0.00,0.00,0.00,0.00,0.00,0.00,0.00,0.00,0.00,0.00,0.02,0.05,298787,368489,539895,309271,1501177,4064736,0,0,0,0,0,0,0,91093,0,153.74,201.49,253.44
68,2,0,4,15,65377,65377,65381,31898,31901,31902,591,591,591,0.00,0.03,0.08,0.00,0.02,0.07,0.00,0.00,0.00,0.00,0.00,0.00,0.00,0.00,0.00,0.00,0.00,0.00,0.00,0.02,0.05,440337,594896,859422,497980,1742240,3231759,0,0,0,0,0,0,0,115714,0,145.25,194.58,244.40
68,3,0,4,14,65376,65376,65380,31899,31902,31903,591,591,591,0.00,0.03,0.08,0.00,0.02,0.07,0.00,0.00,0.00,0.00,0.00,0.00,0.00,0.00,0.00,0.00,0.00,0.00,0.00,0.02,0.05,317021,394157,605361,359067,1538834,2745777,0,0,0,0,0,0,0,111606,0,141.13,191.52,240.08
69,0,0,0,0,65369,65369,65369,31910,31910,31910,591,591,591,0.00,0.00,0.00,0.00,0.00,0.00,0.00,0.00,0.00,0.00,0.00,0.00,0.00,0.00,0.00,0.00,0.00,0.00,0.00,0.00,0.00,293546,366406,537298,306651,381083,553024,0,0,0,0,0,0,0,120158,0,133.41,134.98,139.04
69,1,0,0,0,65379,65379,65379,31900,31900,31900,591,591,591,0.00,0.00,0.00,0.00,0.00,0.00,0.00,0.00,0.00,0.00,0.00,0.00,0.00,0.00,0.00,0.00,0.00,0.00,0.00,0.00,0.00,306653,547775,1328817,322379,562976,1341921,0,0,0,0,0,0,0,127319,0,141.58,143.72,148.42
69,2,0,0,0,65377,65377,65377,31902,31902,31902,591,591,591,0.00,0.00,0.00,0.00,0.00,0.00,0.00,0.00,0.00,0.00,0.00,0.00,0.00,0.00,0.00,0.00,0.00,0.00,0.00,0.00,0.00,275201,417656,553019,283855,431401,566124,0,0,0,0,0,0,0,108357,0,135.22,138.03,142.46
69,3,0,0,0,65376,65376,65376,31903,31903,31903,591,591,591,0.00,0.00,0.00,0.00,0.00,0.00,0.00,0.00,0.00,0.00,0.00,0.00,0.00,0.00,0.00,0.00,0.00,0.00,0.00,0.00,0.00,288306,534147,1362886,298790,547252,1378611,0,0,0,0,0,0,0,118109,0,131.09,133.19,137.66
70,0,0,0,0,65369,65369,65369,31910,31910,31910,591,591,591,0.00,0.00,0.00,0.00,0.00,0.00,0.00,0.00,0.00,0.00,0.00,0.00,0.00,0.00,0.00,0.00,0.00,0.00,0.00,0.00,0.00,206176,605210,1121762,214913,619843,1137487,0,0,0,0,0,0,0,106861,0,133.32,133.36,133.39
70,1,0,0,0,65379,65379,65379,31900,31900,31900,591,591,591,0.00,0.00,0.00,0.00,0.00,0.00,0.00,0.00,0.00,0.00,0.00,0.00,0.00,0.00,0.00,0.00,0.00,0.00,0.00,0.00,0.00,204429,372171,474396,213165,386149,492743,0,0,0,0,0,0,0,113217,0,141.13,141.23,141.33
70,2,0,0,0,65377,65377,65377,31902,31902,31902,591,591,591,0.00,0.00,0.00,0.00,0.00,0.00,0.00,0.00,0.00,0.00,0.00,0.00,0.00,0.00,0.00,0.00,0.00,0.00,0.00,0.00,0.00,453425,543023,644720,466530,558832,663066,0,0,0,0,0,0,0,121930,0,135.25,135.26,135.27
70,3,0,0,0,65376,65376,65376,31903,31903,31903,591,591,591,0.00,0.00,0.00,0.00,0.00,0.00,0.00,0.00,0.00,0.00,0.00,0.00,0.00,0.00,0.00,0.00,0.00,0.00,0.00,0.00,0.00,306649,378678,510927,322374,394401,531888,0,0,0,0,0,0,0,78820,0,131.11,131.12,131.15
71,0,0,50,100,65367,65368,65369,31910,31910,31912,591,591,591,0.00,0.59,0.98,0.00,0.13,0.31,0.00,0.11,0.25,0.00,0.00,0.00,0.00,0.05,0.11,0.00,0.00,0.00,0.00,0.06,0.16,0,1484391,4431908,15725,1577157,4526241,0,0,0,0,0,0,0,352935,0,133.48,242.44,373.58
71,1,0,59,100,65377,65378,65379,31900,31900,31902,591,591,591,0.00,0.50,0.95,0.00,0.15,0.32,0.00,0.16,0.40,0.00,0.00,0.00,0.00,0.07,0.17,0.00,0.00,0.00,0.00,0.07,0.17,327604,1614224,3810679,463888,1705625,3891014,0,0,0,0,0,0,0,355257,0,141.19,245.37,369.41
71,2,0,48,100,65375,65376,65377,31902,31902,31904,591,591,591,0.00,0.46,0.83,0.00,0.15,0.27,0.00,0.14,0.28,0.00,0.00,0.00,0.00,0.06,0.12,0.00,0.00,0.00,0.00,0.07,0.14,435029,1829108,4176143,482201,1921001,4322950,0,0,0,0,0,0,0,373525,0,135.25,230.81,354.94
71,3,0,47,100,65374,65375,65376,31903,31903,31905,591,591,591,0.00,0.47,0.91,0.00,0.15,0.29,0.00,0.15,0.32,0.00,0.00,0.00,0.00,0.06,0.13,0.00,0.00,0.00,0.00,0.07,0.15,448148,1736741,4673366,505804,1830364,4846357,0,0,0,0,0,0,0,346478,0,131.12,227.58,351.35
72,0,35,86,100,59065,64106,65367,31912,33172,38214,591,591,591,0.21,0.74,0.98,0.17,0.27,0.31,0.23,0.38,0.43,0.00,0.00,0.00,0.10,0.16,0.18,0.00,0.00,0.00,0.07,0.08,0.10,322861,429584,805743,370415,479572,874492,0,0,0,0,0,0,0,359487,0,443.78,475.71,496.81
72,1,4,80,99,59075,64116,65377,31902,33162,38204,591,591,591,0.18,0.82,0.98,0.09,0.26,0.31,0.07,0.35,0.42,0.00,0.00,0.00,0.00,0.14,0.18,0.00,0.00,0.00,0.08,0.09,0.10,324890,384179,566092,372052,480092,623749,0,0,0,0,0,0,0,353977,0,444.36,471.45,494.70
72,2,38,87,100,59073,64114,65375,31904,33164,38206,591,591,591,0.28,0.84,0.98,0.09,0.26,0.31,0.12,0.36,0.43,0.00,0.00,0.00,0.04,0.15,0.18,0.00,0.00,0.00,0.05,0.08,0.10,450753,712280,1459687,492684,766265,1506858,0,0,0,0,0,0,0,316269,0,426.80,471.48,507.01
72,3,33,86,100,59072,64113,65374,31905,33165,38207,591,591,591,0.21,0.83,0.98,0.12,0.26,0.31,0.07,0.35,0.43,0.00,0.00,0.00,0.01,0.14,0.18,0.00,0.00,0.00,0.08,0.09,0.10,351143,611081,1181667,414035,664539,1228829,0,0,0,0,0,0,0,362784,0,427.78,476.13,512.73
73,0,14,36,100,32485,37677,50545,46734,59602,64794,591,591,591,0.01,0.11,0.20,0.01,0.08,0.11,0.00,0.05,0.09,0.00,0.00,0.00,0.00,0.00,0.01,0.00,0.00,0.00,0.01,0.07,0.09,319735,603804,1242126,846565,2558827,3757825,0,0,0,0,0,0,0,135773,0,194.57,280.95,386.66
73,1,22,39,100,32495,38187,50555,46724,59092,64784,591,591,591,0.01,0.12,0.16,0.00,0.07,0.09,0.00,0.04,0.06,0.00,0.00,0.00,0.00,0.00,0.01,0.00,0.00,0.00,0.00,0.06,0.08,0,517329,843793,534674,2423569,3561226,0,0,0,0,0,0,0,144710,0,204.88,285.35,388.70
73,2,15,31,81,32493,38185,50553,46726,59094,64786,591,591,591,0.02,0.14,0.24,0.01,0.08,0.13,0.00,0.05,0.09,0.00,0.00,0.00,0.00,0.00,0.01,0.00,0.00,0.00,0.01,0.07,0.11,306967,381440,645792,384523,2315715,3136994,0,0,0,0,0,0,0,160517,0,203.06,286.30,391.17
73,3,14,35,100,32492,37968,49532,47747,59299,64787,591,591,591,0.02,0.13,0.19,0.01,0.07,0.10,0.00,0.04,0.08,0.00,0.00,0.00,0.00,0.00,0.01,0.00,0.00,0.00,0.00,0.06,0.09,81240,640503,1302462,613293,2589210,3713459,0,0,0,0,0,0,0,135927,0,195.73,284.23,396.60
74,0,0,60,100,30953,31247,31411,65868,66032,66326,591,591,591,0.00,0.42,0.97,0.00,0.11,0.28,0.00,0.14,0.42,0.00,0.00,0.00,0.00,0.03,0.10,0.00,0.00,0.00,0.00,0.07,0.15,306648,1170100,2997266,322374,1556882,3846142,0,0,0,0,349,1747,0,227058,0,176.12,251.84,289.77
74,1,0,69,100,30963,31235,31421,65858,66034,66306,591,591,591,0.00,0.36,0.98,0.00,0.13,0.27,0.00,0.15,0.42,0.00,0.00,0.00,0.00,0.03,0.10,0.00,0.00,0.00,0.00,0.08,0.19,314493,1118544,2240799,327597,1533129,3013941,0,523,2619,0,0,0,0,228373,0,186.48,260.62,297.42
74,2,0,73,100,30961,31237,31419,65860,66042,66318,591,591,591,0.00,0.38,0.97,0.00,0.13,0.36,0.00,0.15,0.40,0.00,0.00,0.00,0.00,0.03,0.09,0.00,0.00,0.00,0.00,0.08,0.22,324972,1416897,2635734,338076,1790821,3419898,0,0,0,0,0,0,0,171443,0,185.13,254.83,291.63
74,3,0,59,100,30960,31226,31418,65861,66053,66319,591,591,591,0.00,0.36,0.95,0.00,0.13,0.32,0.00,0.14,0.39,0.00,0.00,0.00,0.00,0.03,0.09,0.00,0.00,0.00,0.00,0.08,0.19,450797,1258293,3529334,463902,1649749,4346819,0,0,0,0,0,0,0,236133,0,176.72,250.61,291.83
75,0,9,81,100,30873,30921,30953,66326,66358,66406,591,591,591,0.00,0.69,0.94,0.00,0.17,0.25,0.00,0.29,0.42,0.00,0.00,0.00,0.00,0.07,0.11,0.00,0.00,0.00,0.00,0.07,0.11,339534,874453,2466141,388779,1091515,3349340,0,539987331,761313208,0,538604816,761313208,0,285900,0,320.07,358.57,447.95
75,1,0,80,100,30883,30931,30963,66316,66348,66396,591,591,591,0.04,0.69,0.90,0.03,0.18,0.25,0.01,0.29,0.41,0.00,0.00,0.00,0.01,0.07,0.11,0.00,0.00,0.00,0.01,0.07,0.12,332824,851183,2348194,369513,1067777,3239250,0,677061051,1332087332,0,677063104,1332079306,0,284021,0,321.21,355.50,436.26
75,2,0,75,100,30881,30929,30961,66318,66350,66398,591,591,591,0.00,0.66,0.90,0.00,0.16,0.25,0.00,0.28,0.39,0.00,0.00,0.00,0.00,0.07,0.10,0.00,0.00,0.00,0.00,0.06,0.11,361638,1005309,1949827,393085,1261093,2874947,0,541785462,761848981,0,541787034,761848981,0,384191,0,307.21,346.26,421.31
75,3,0,80,100,30880,30928,30960,66319,66351,66399,591,591,591,0.00,0.67,0.87,0.00,0.17,0.25,0.00,0.28,0.40,0.00,0.00,0.00,0.00,0.07,0.11,0.00,0.00,0.00,0.00,0.07,0.11,456990,1032812,2368384,507766,1266229,3263841,0,541395175,747246243,0,541393109,747243673,0,399716,0,303.15,348.50,433.03
76,0,100,100,100,30853,30853,30853,66426,66426,66426,591,591,591,0.81,0.86,0.99,0.18,0.22,0.24,0.33,0.37,0.45,0.00,0.00,0.00,0.07,0.09,0.12,0.00,0.00,0.00,0.05,0.09,0.11,221882,761907,1268427,267307,804536,1326083,640312643,695905009,869896669,640315264,695903961,869896669,0,391054,0,480.92,486.77,489.90
76,1,100,100,100,30863,30863,30863,66416,66416,66416,591,591,591,0.81,0.88,0.95,0.16,0.21,0.25,0.33,0.38,0.43,0.00,0.00,0.00,0.07,0.10,0.11,0.00,0.00,0.00,0.04,0.08,0.11,335450,582246,1011039,366898,621028,1066043,0,521945530,1305192466,0,521943053,1305205573,0,389503,0,478.53,481.77,485.80
76,2,100,100,100,30861,30861,30861,66418,66418,66418,591,591,591,0.81,0.85,0.90,0.21,0.22,0.25,0.33,0.36,0.40,0.00,0.00,0.00,0.07,0.09,0.10,0.00,0.00,0.00,0.08,0.09,0.11,220913,398380,559460,255703,438370,607998,425453779,737468105,1273171554,425462476,737465732,1273161335,0,441987,0,481.50,485.07,488.48
76,3,100,100,100,30860,30860,30860,66419,66419,66419,591,591,591,0.81,0.86,0.94,0.18,0.22,0.25,0.32,0.36,0.42,0.00,0.00,0.00,0.07,0.09,0.11,0.00,0.00,0.00,0.05,0.09,0.11,191298,843680,1926202,243708,887182,1973374,427319396,740903771,1306016683,501289509,733510342,1195066323,0,294447,0,488.69,493.56,498.05
77,0,100,100,100,30853,30853,30853,66426,66426,66426,591,591,591,0.81,0.87,0.93,0.16,0.21,0.25,0.32,0.38,0.43,0.00,0.00,0.00,0.07,0.09,0.11,0.00,0.00,0.00,0.04,0.08,0.11,330211,506830,807156,374758,546665,856948,0,521940715,972613058,0,521938958,1304844425,0,392529,0,481.36,484.94,487.89
77,1,99,99,100,30863,30863,30863,66416,66416,66416,591,591,591,0.81,0.85,0.90,0.19,0.22,0.25,0.32,0.36,0.40,0.00,0.00,0.00,0.08,0.09,0.10,0.00,0.00,0.00,0.06,0.09,0.11,216641,484127,804551,262066,528329,838619,640384337,695924593,869896035,640381716,695922671,869899529,0,387529,0,482.03,487.10,489.83
77,2,100,100,100,30861,30861,30861,66418,66418,66418,591,591,591,0.81,0.87,0.94,0.18,0.21,0.25,0.33,0.38,0.43,0.00,0.00,0.00,0.07,0.10,0.11,0.00,0.00,0.00,0.05,0.08,0.11,327587,621599,1475434,364273,665623,1509503,0,522397505,1306106094,0,522397506,1306106094,0,388855,0,484.67,486.47,492.10
77,3,100,100,100,30520,30724,30860,66419,66555,66759,591,591,591,0.81,0.87,0.91,0.16,0.21,0.25,0.32,0.37,0.41,0.00,0.00,0.00,0.07,0.09,0.11,0.00,0.00,0.00,0.04,0.08,0.11,458613,667737,1137381,505785,711238,1155725,0,522423506,1306083759,0,522423743,1195122905,0,399767,0,490.47,494.77,499.68
78,0,0,62,100,30513,30717,30853,66426,66562,66766,591,591,591,0.04,0.50,0.87,0.02,0.14,0.25,0.01,0.21,0.37,0.00,0.00,0.00,0.00,0.05,0.10,0.00,0.00,0.00,0.02,0.06,0.11,308759,369442,408727,339635,429465,491230,0,544161094,1304868195,0,544162142,1304873436,0,249036,0,319.18,423.18,487.01
78,1,0,53,100,30503,30719,30863,66416,66560,66776,591,591,591,0.03,0.49,0.90,0.01,0.13,0.25,0.00,0.20,0.40,0.00,0.00,0.00,0.00,0.05,0.10,0.00,0.00,0.00,0.01,0.06,0.11,330314,480625,987674,371603,539505,1079368,0,409453509,765445463,0,409455081,765450703,0,260348,0,318.03,422.81,484.98
78,2,0,57,100,30421,30481,30521,66758,66798,66858,591,591,591,0.00,0.53,0.85,0.00,0.14,0.25,0.00,0.21,0.36,0.00,0.00,0.00,0.00,0.05,0.09,0.00,0.00,0.00,0.00,0.06,0.11,356349,470690,875379,393116,528871,972352,0,547476258,1305858136,0,547476257,1305858136,0,229321,0,331.69,432.30,488.65
78,3,0,64,100,30420,30432,30440,66839,66847,66859,591,591,591,0.06,0.50,0.89,0.03,0.14,0.24,0.01,0.20,0.36,0.00,0.00,0.00,0.00,0.05,0.10,0.00,0.00,0.00,0.02,0.06,0.11,437668,560919,820732,466473,615867,849122,0,547497394,1306099827,0,547497621,1306091965,0,254055,0,332.02,436.79,500.43
79,0,13,82,100,30413,30413,30413,66866,66866,66866,591,591,591,0.47,0.82,0.92,0.15,0.26,0.34,0.08,0.22,0.27,0.00,0.00,0.00,0.03,0.07,0.08,0.00,0.00,0.00,0.11,0.16,0.24,262045,691294,2109591,406120,840137,2201312,0,437898528,756766834,0,437899052,756766834,0,379768,0,296.55,353.64,455.19
79,1,97,99,100,30403,30403,30403,66876,66876,66876,591,591,591,0.51,0.83,0.92,0.19,0.26,0.31,0.08,0.23,0.27,0.00,0.00,0.00,0.03,0.07,0.08,0.00,0.00,0.00,0.15,0.17,0.20,335432,901484,2067610,427152,1051383,2146227,0,437930505,756757592,0,437930505,756754972,0,373319,0,299.09,358.00,456.66
79,2,80,96,100,30241,30281,30341,66938,66998,67038,591,591,591,0.31,0.80,0.92,0.13,0.25,0.32,0.02,0.22,0.27,0.00,0.00,0.00,0.01,0.06,0.08,0.00,0.00,0.00,0.11,0.16,0.22,249826,413676,563171,326695,561648,762245,0,387829161,725300246,0,387828333,725300246,0,326403,0,299.83,361.44,468.29
79,3,0,79,100,30240,30280,30340,66939,66999,67039,591,591,591,0.38,0.81,0.93,0.14,0.25,0.34,0.05,0.22,0.28,0.00,0.00,0.00,0.02,0.07,0.08,0.00,0.00,0.00,0.11,0.16,0.24,749478,909296,1184242,885676,1057271,1262842,0,387802575,725204267,0,387798039,708946006,0,422485,0,281.75,357.39,460.25
80,0,94,98,100,30413,30413,30413,66866,66866,66866,591,591,591,0.70,0.83,0.94,0.22,0.28,0.32,0.23,0.28,0.31,0.00,0.00,0.00,0.06,0.07,0.09,0.00,0.00,0.00,0.12,0.17,0.22,317973,414924,576549,440286,494412,610618,0,424093808,708459544,0,424094462,708456923,0,386927,0,461.15,470.79,478.94
80,1,54,84,100,30403,30403,30403,66876,66876,66876,591,591,591,0.59,0.78,0.91,0.20,0.27,0.34,0.23,0.27,0.35,0.00,0.00,0.00,0.05,0.07,0.08,0.00,0.00,0.00,0.11,0.17,0.22,408838,477619,618456,427183,572621,665626,0,424099698,987941999,0,424099043,987939379,0,264943,0,441.08,453.66,466.79
80,2,83,94,100,30241,30241,30241,67038,67038,67038,591,591,591,0.50,0.79,0.92,0.15,0.27,0.37,0.14,0.28,0.41,0.00,0.00,0.00,0.05,0.07,0.09,0.00,0.00,0.00,0.10,0.17,0.26,358969,1156321,2824954,414057,1250655,2840677,0,424516518,989123028,0,424515208,989117787,0,366177,0,456.22,461.61,472.00
80,3,61,90,100,30240,30240,30240,67039,67039,67039,591,591,591,0.46,0.79,0.93,0.15,0.27,0.38,0.14,0.27,0.41,0.00,0.00,0.00,0.04,0.07,0.09,0.00,0.00,0.00,0.10,0.18,0.27,471629,1071751,2106707,699583,1164769,2122429,0,424418851,988802418,0,424420161,988805038,0,380072,0,454.90,462.38,468.75
81,0,98,99,100,30413,30413,30413,66866,66866,66866,591,591,591,0.95,0.97,0.98,0.28,0.30,0.31,0.27,0.39,0.43,0.00,0.00,0.00,0.12,0.16,0.18,0.00,0.00,0.00,0.08,0.10,0.14,327585,389395,534614,353792,430272,576544,0,0,0,0,0,0,0,308050,0,487.41,506.46,519.00
81,1,99,99,100,30403,30403,30403,66876,66876,66876,591,591,591,0.95,0.97,0.98,0.27,0.30,0.31,0.25,0.38,0.42,0.00,0.00,0.00,0.11,0.16,0.18,0.00,0.00,0.00,0.07,0.10,0.15,246876,397958,605706,258961,437648,657313,0,0,0,0,0,0,0,456413,0,457.44,484.02,504.81
81,2,97,98,100,30241,30241,30241,67038,67038,67038,591,591,591,0.96,0.97,0.98,0.27,0.30,0.31,0.25,0.38,0.43,0.00,0.00,0.00,0.11,0.16,0.18,0.00,0.00,0.00,0.08,0.10,0.15,332821,539351,880647,377372,578661,893752,0,0,0,0,0,0,0,413135,0,470.83,494.85,517.86
81,3,98,99,100,30240,30240,30240,67039,67039,67039,591,591,591,0.95,0.97,0.98,0.28,0.30,0.31,0.25,0.38,0.42,0.00,0.00,0.00,0.11,0.16,0.17,0.00,0.00,0.00,0.08,0.10,0.16,453352,808461,1894647,500521,849320,1940608,0,0,0,0,0,0,0,475455,0,482.15,511.55,530.55
82,0,96,99,100,30093,30157,30413,66866,67122,67186,591,591,591,0.73,0.87,0.97,0.19,0.31,0.42,0.27,0.36,0.40,0.00,0.00,0.00,0.02,0.08,0.14,0.00,0.00,0.00,0.06,0.17,0.30,307137,721760,1627482,366899,832101,1876453,0,152264419,761322098,0,152265467,761327339,0,442709,0,496.17,503.08,520.32
82,1,96,99,100,29683,29827,30403,66876,67452,67596,591,591,591,0.90,0.92,0.98,0.19,0.32,0.49,0.32,0.38,0.43,0.00,0.00,0.00,0.03,0.09,0.18,0.00,0.00,0.00,0.07,0.17,0.33,330022,583905,1360398,364277,698155,1460004,0,152265358,761326793,0,152263786,761318931,0,392297,0,501.48,509.98,514.27
82,2,91,97,100,29921,29985,30241,67038,67294,67358,591,591,591,0.81,0.91,0.99,0.21,0.33,0.46,0.30,0.37,0.43,0.00,0.00,0.00,0.02,0.09,0.17,0.00,0.00,0.00,0.07,0.17,0.31,311857,649458,1373220,434912,760761,1407288,0,152347596,761737980,0,152348120,761740601,0,437394,0,500.56,509.68,519.19
82,3,97,99,100,29920,29984,30240,67039,67295,67359,591,591,591,0.76,0.86,0.98,0.16,0.31,0.43,0.27,0.35,0.41,0.00,0.00,0.00,0.02,0.08,0.16,0.00,0.00,0.00,0.04,0.17,0.30,442859,882033,2043941,458582,992614,2287642,0,152349058,761745290,0,152349058,761745290,0,305057,0,492.00,505.49,531.49
83,0,100,100,100,30093,30093,30093,67186,67186,67186,591,591,591,0.80,0.84,0.90,0.18,0.22,0.25,0.32,0.35,0.40,0.00,0.00,0.00,0.08,0.09,0.10,0.00,0.00,0.00,0.06,0.09,0.11,330211,481162,820284,377378,524142,836008,640390568,650029786,664486434,640390568,650027689,664486434,0,392800,0,491.88,498.41,507.67
83,1,99,99,100,29683,29683,29683,67596,67596,67596,591,591,591,0.81,0.85,0.90,0.19,0.22,0.25,0.33,0.36,0.40,0.00,0.00,0.00,0.08,0.09,0.10,0.00,0.00,0.00,0.06,0.09,0.11,327581,436596,812370,361649,479575,841197,640355350,650012829,664469890,640357971,650014926,664469890,0,384609,0,476.17,483.69,493.20
83,2,99,99,100,29921,29921,29921,67358,67358,67358,591,591,591,0.82,0.86,0.91,0.16,0.21,0.24,0.33,0.37,0.41,0.00,0.00,0.00,0.07,0.09,0.11,0.00,0.00,0.00,0.04,0.08,0.10,330230,481677,851698,348553,521162,898869,0,563559370,870698539,0,563558846,870698539,0,390133,0,484.45,487.73,492.26
83,3,100,100,100,29920,29920,29920,67359,67359,67359,591,591,591,0.81,0.86,0.91,0.18,0.22,0.24,0.33,0.36,0.40,0.00,0.00,0.00,0.08,0.09,0.11,0.00,0.00,0.00,0.05,0.08,0.11,324957,560209,1011102,358152,599341,1042535,0,563566105,870710069,106880839,563554408,870708322,0,390887,0,483.46,487.89,492.89
84,0,100,100,100,30093,30093,30093,67186,67186,67186,591,591,591,0.80,0.86,0.91,0.16,0.21,0.25,0.32,0.36,0.42,0.00,0.00,0.00,0.07,0.09,0.11,0.00,0.00,0.00,0.04,0.08,0.11,221878,413344,600140,265555,450910,649933,442967103,724947772,1236508247,514249466,717819186,1236510730,0,398052,0,487.34,493.34,499.38
84,1,100,100,100,29683,29683,29683,67596,67596,67596,591,591,591,0.80,0.86,0.91,0.17,0.21,0.25,0.32,0.37,0.41,0.00,0.00,0.00,0.07,0.09,0.11,0.00,0.00,0.00,0.05,0.08,0.11,220134,460967,736388,265558,498167,783559,0,695935838,1304941251,0,695934265,1304936009,0,381030,0,476.02,478.97,482.49
84,2,99,99,100,29921,29921,29921,67358,67358,67358,591,591,591,0.81,0.85,0.94,0.16,0.22,0.25,0.32,0.36,0.43,0.00,0.00,0.00,0.07,0.09,0.11,0.00,0.00,0.00,0.04,0.09,0.11,327571,444463,608013,359036,486918,657807,0,698224523,1306123207,0,719489832,1306125828,0,386119,0,482.59,486.68,491.00
84,3,100,100,100,29920,29920,29920,67359,67359,67359,591,591,591,0.80,0.85,0.91,0.19,0.22,0.25,0.31,0.35,0.40,0.00,0.00,0.00,0.08,0.09,0.11,0.00,0.00,0.00,0.06,0.09,0.12,445689,829867,1592991,472775,872647,1648984,0,793743313,1395284282,0,793741999,1395275883,0,392788,0,486.26,489.68,493.83
85,0,100,100,100,29853,30045,30093,67186,67234,67426,591,591,591,0.81,0.84,0.90,0.20,0.22,0.25,0.32,0.35,0.40,0.00,0.00,0.00,0.07,0.08,0.10,0.00,0.00,0.00,0.04,0.08,0.11,775758,1079272,1577128,807207,1127436,1617346,0,644107122,1304869586,0,644106244,1304861724,0,383821,0,476.52,486.11,491.23
85,1,99,99,100,29423,29631,29683,67596,67648,67856,591,591,591,0.81,0.85,0.90,0.19,0.22,0.25,0.33,0.35,0.40,0.00,0.00,0.00,0.08,0.09,0.11,0.00,0.00,0.00,0.06,0.09,0.11,327590,590695,914633,377384,655687,948702,320167078,654835529,1304863185,0,654841134,1304863185,0,385351,0,475.18,479.29,483.60
85,2,100,100,100,29741,29869,29921,67358,67410,67538,591,591,591,0.81,0.86,0.99,0.18,0.21,0.24,0.33,0.36,0.45,0.00,0.00,0.00,0.07,0.09,0.12,0.00,0.00,0.00,0.05,0.08,0.10,2620,484401,1365368,52414,527295,1412540,538083741,628452153,772040192,320806092,584683040,665115225,0,336841,0,480.50,483.79,486.09
85,3,100,100,100,29580,29788,29920,67359,67491,67699,591,591,591,0.80,0.86,0.91,0.19,0.22,0.25,0.31,0.36,0.39,0.00,0.00,0.00,0.08,0.09,0.10,0.00,0.00,0.00,0.06,0.08,0.11,331869,940083,2193477,471603,1003670,2224925,0,611078308,1306083949,0,611079705,1306083949,0,390999,0,487.90,490.45,493.23
86,0,100,100,100,29753,29753,29753,67526,67526,67526,591,591,591,0.91,0.91,0.92,0.16,0.24,0.27,0.27,0.31,0.42,0.00,0.00,0.00,0.08,0.09,0.11,0.00,0.00,0.00,0.04,0.13,0.16,332826,530037,1082352,411447,637486,1174076,0,557736072,765705202,0,557735417,765715684,0,289677,0,475.29,476.60,478.69
86,1,100,100,100,29343,29343,29343,67936,67936,67936,591,591,591,0.89,0.91,0.92,0.19,0.24,0.27,0.27,0.30,0.39,0.00,0.00,0.00,0.08,0.08,0.09,0.00,0.00,0.00,0.07,0.13,0.16,327583,372136,490070,408831,459274,563450,0,557734202,765707626,0,557734858,765702385,0,283032,0,469.25,474.13,478.40
86,2,100,100,100,29661,29661,29661,67618,67618,67618,591,591,591,0.87,0.91,0.94,0.21,0.25,0.27,0.27,0.29,0.35,0.00,0.00,0.00,0.08,0.08,0.09,0.00,0.00,0.00,0.09,0.14,0.16,332794,403355,594026,408837,504686,763499,126304617,586622639,880300830,0,605110756,954272915,0,375575,0,474.24,476.87,480.41
86,3,100,100,100,29580,29580,29580,67699,67699,67699,591,591,591,0.87,0.91,0.92,0.20,0.25,0.27,0.26,0.28,0.31,0.00,0.00,0.00,0.07,0.08,0.08,0.00,0.00,0.00,0.09,0.14,0.16,482209,1217837,1601177,571313,1300833,1684220,0,558087601,766306739,0,558087601,766293635,0,378552,0,467.22,473.40,480.32
87,0,100,100,100,29753,29753,29753,67526,67526,67526,591,591,591,0.79,0.88,0.92,0.27,0.29,0.33,0.27,0.29,0.36,0.00,0.00,0.00,0.07,0.08,0.10,0.00,0.00,0.00,0.16,0.19,0.23,228866,853840,2662686,379115,941746,2762275,0,411845226,724463315,0,411846798,724473798,0,442224,0,476.13,484.23,492.19
87,1,84,96,100,29343,29343,29343,67936,67936,67936,591,591,591,0.84,0.89,0.92,0.26,0.29,0.37,0.25,0.29,0.42,0.00,0.00,0.00,0.07,0.08,0.09,0.00,0.00,0.00,0.15,0.18,0.25,230257,485795,846444,277001,578481,896235,0,417115733,724460142,0,417115555,724457521,0,422057,0,467.69,469.23,470.05
87,2,84,96,100,29661,29661,29661,67618,67618,67618,591,591,591,0.78,0.88,0.92,0.26,0.29,0.33,0.26,0.29,0.35,0.00,0.00,0.00,0.07,0.08,0.08,0.00,0.00,0.00,0.14,0.18,0.23,332812,474344,791508,364266,566066,862272,0,484685244,989125401,0,484686292,989130642,0,386054,0,467.22,473.81,481.21
87,3,93,98,100,29580,29580,29580,67699,67699,67699,591,591,591,0.78,0.87,0.92,0.22,0.29,0.35,0.21,0.28,0.39,0.00,0.00,0.00,0.06,0.07,0.09,0.00,0.00,0.00,0.12,0.18,0.25,497910,1038777,1841991,603811,1126966,1925837,0,484873994,989141875,0,484871528,989134013,0,338757,0,466.61,473.43,484.81
88,0,98,99,100,29753,29753,29753,67526,67526,67526,591,591,591,0.95,0.97,0.98,0.27,0.30,0.32,0.30,0.40,0.43,0.00,0.00,0.00,0.13,0.16,0.18,0.00,0.00,0.00,0.08,0.10,0.14,327576,444466,634208,369514,487445,681381,0,0,0,0,0,0,0,411663,0,500.42,510.49,519.02
88,1,97,98,100,29343,29343,29343,67936,67936,67936,591,591,591,0.95,0.97,0.98,0.28,0.30,0.32,0.25,0.38,0.43,0.00,0.00,0.00,0.11,0.16,0.18,0.00,0.00,0.00,0.08,0.10,0.16,335453,456508,820257,369491,495817,862187,0,0,0,0,0,0,0,405717,0,472.74,487.31,501.91
88,2,98,99,100,29661,29661,29661,67618,67618,67618,591,591,591,0.96,0.97,0.98,0.28,0.30,0.31,0.25,0.37,0.42,0.00,0.00,0.00,0.11,0.16,0.18,0.00,0.00,0.00,0.07,0.11,0.17,314466,384235,560799,356395,422884,602727,0,0,0,0,0,0,0,461239,0,495.33,505.91,514.78
88,3,99,99,100,29580,29580,29580,67699,67699,67699,591,591,591,0.96,0.97,0.98,0.28,0.30,0.31,0.25,0.38,0.43,0.00,0.00,0.00,0.11,0.16,0.18,0.00,0.00,0.00,0.08,0.11,0.16,455990,662492,1137330,505782,701802,1179260,0,0,0,0,0,0,0,417929,0,493.94,512.04,525.05
89,0,97,99,100,29753,29753,29753,67526,67526,67526,591,591,591,0.81,0.89,0.98,0.21,0.32,0.43,0.31,0.36,0.40,0.00,0.00,0.00,0.02,0.08,0.12,0.00,0.00,0.00,0.08,0.17,0.29,332835,456359,875320,361663,544845,906769,0,152258600,761287763,0,173643415,761285142,0,402206,0,505.06,511.64,517.79
89,1,95,98,100,29343,29343,29343,67936,67936,67936,591,591,591,0.90,0.93,0.98,0.16,0.33,0.49,0.32,0.38,0.41,0.00,0.00,0.00,0.04,0.09,0.17,0.00,0.00,0.00,0.05,0.18,0.34,327584,424020,655173,340688,512597,822897,0,152260547,761302735,0,152261071,761305356,0,397554,0,502.91,511.05,518.44
89,2,96,99,100,29661,29661,29661,67618,67618,67618,591,591,591,0.82,0.92,0.98,0.16,0.30,0.42,0.33,0.38,0.43,0.00,0.00,0.00,0.06,0.10,0.17,0.00,0.00,0.00,0.04,0.15,0.27,0,476031,1114373,44551,544682,1318733,0,152363800,761819004,0,152362752,761813763,0,392262,0,498.74,509.04,514.24
89,3,98,99,100,29580,29580,29580,67699,67699,67699,591,591,591,0.77,0.89,0.98,0.19,0.30,0.41,0.28,0.36,0.42,0.00,0.00,0.00,0.02,0.09,0.18,0.00,0.00,0.00,0.07,0.15,0.28,431458,537568,849103,492693,616882,880551,0,152360279,761801396,0,152361327,761806637,0,390312,0,495.79,507.45,525.88
90,0,99,99,100,29753,29753,29753,67526,67526,67526,591,591,591,0.81,0.84,0.90,0.19,0.22,0.25,0.33,0.35,0.40,0.00,0.00,0.00,0.06,0.09,0.11,0.00,0.00,0.00,0.06,0.08,0.11,364278,750095,1780771,411451,790161,1810492,419507943,731438020,1304989867,419509660,710057389,1304992488,0,445806,0,492.09,499.31,503.89
90,1,100,100,100,29343,29343,29343,67936,67936,67936,591,591,591,0.81,0.86,0.92,0.16,0.21,0.24,0.32,0.37,0.42,0.00,0.00,0.00,0.07,0.09,0.11,0.00,0.00,0.00,0.04,0.08,0.11,221062,418442,584418,265965,457822,634212,0,561032581,859910281,0,561031533,859910281,0,429107,0,474.53,483.78,496.41
90,2,99,99,100,29661,29661,29661,67618,67618,67618,591,591,591,0.81,0.86,0.97,0.18,0.22,0.25,0.33,0.36,0.44,0.00,0.00,0.00,0.07,0.09,0.12,0.00,0.00,0.00,0.05,0.09,0.11,332827,456502,754733,364276,500527,812386,538076847,650601902,878934269,320790995,650601886,985265205,0,384874,0,480.38,485.98,491.52
90,3,100,100,100,29580,29580,29580,67699,67699,67699,591,591,591,0.81,0.87,0.91,0.19,0.21,0.25,0.32,0.36,0.40,0.00,0.00,0.00,0.08,0.09,0.10,0.00,0.00,0.00,0.06,0.08,0.11,429090,931487,1577637,459379,970648,1619568,0,636213805,1279992214,0,636214278,1279987078,0,435918,0,486.36,491.18,501.99
91,0,100,100,100,29753,29753,29753,67526,67526,67526,591,591,591,0.81,0.88,0.99,0.18,0.21,0.23,0.33,0.38,0.44,0.00,0.00,0.00,0.07,0.10,0.12,0.00,0.00,0.00,0.05,0.08,0.10,330207,603419,1009658,361656,642591,1043035,640373889,657879506,679661218,640371269,657879078,679669562,0,390335,0,485.26,494.50,500.14
91,1,99,99,100,29343,29343,29343,67936,67936,67936,591,591,591,0.80,0.84,0.90,0.20,0.22,0.25,0.33,0.36,0.40,0.00,0.00,0.00,0.08,0.09,0.10,0.00,0.00,0.00,0.07,0.09,0.11,343312,449707,843848,393105,492686,877916,2620,782920464,1304873923,0,782920988,1304873923,0,385830,0,482.46,485.07,486.57
91,2,100,100,100,29661,29661,29661,67618,67618,67618,591,591,591,0.81,0.87,0.97,0.18,0.21,0.24,0.33,0.37,0.44,0.00,0.00,0.00,0.07,0.09,0.12,0.00,0.00,0.00,0.05,0.09,0.13,419318,721635,1299801,448146,762817,1345876,554165989,764085169,1208565774,640631458,764085209,1208570624,0,336638,0,483.91,486.88,489.54
91,3,100,100,100,29580,29580,29580,67699,67699,67699,591,591,591,0.81,0.85,0.90,0.16,0.22,0.25,0.32,0.35,0.41,0.00,0.00,0.00,0.07,0.09,0.10,0.00,0.00,0.00,0.05,0.09,0.12,455987,840176,1517340,469091,882631,1564511,0,676833718,1306070256,0,698220565,1306067636,0,391131,0,481.16,486.89,491.96
92,0,99,99,100,29753,29753,29753,67526,67526,67526,591,591,591,0.81,0.85,0.90,0.19,0.22,0.25,0.33,0.36,0.40,0.00,0.00,0.00,0.08,0.09,0.11,0.00,0.00,0.00,0.06,0.09,0.11,330197,401618,602762,361644,442239,652555,640374486,652425119,664471770,640379728,652426429,664477011,0,295245,0,485.92,489.38,495.34
92,1,99,99,100,29343,29343,29343,67936,67936,67936,591,591,591,0.80,0.85,0.90,0.18,0.22,0.24,0.32,0.36,0.40,0.00,0.00,0.00,0.08,0.09,0.10,0.00,0.00,0.00,0.06,0.09,0.11,335449,452065,762614,366892,492685,809786,0,652425123,1304846465,0,652425122,1304849085,0,289670,0,483.12,484.00,485.06
92,2,99,99,100,29661,29661,29661,67618,67618,67618,591,591,591,0.81,0.85,0.94,0.16,0.22,0.25,0.32,0.36,0.43,0.00,0.00,0.00,0.07,0.09,0.11,0.00,0.00,0.00,0.04,0.09,0.11,332729,400034,499672,356308,439993,546844,110919305,553386920,796752808,0,544149575,870720113,0,382273,0,476.27,477.91,480.60
92,3,99,99,100,29580,29580,29580,67699,67699,67699,591,591,591,0.81,0.87,0.90,0.19,0.21,0.23,0.32,0.36,0.38,0.00,0.00,0.00,0.06,0.09,0.10,0.00,0.00,0.00,0.06,0.08,0.09,370386,673028,1116380,414064,710152,1158309,534043757,677676686,870724612,538066394,660189443,796750382,0,403627,0,487.44,489.44,492.04
93,0,99,99,100,29753,29753,29753,67526,67526,67526,591,591,591,0.81,0.89,0.92,0.20,0.25,0.27,0.27,0.29,0.33,0.00,0.00,0.00,0.08,0.08,0.09,0.00,0.00,0.00,0.09,0.14,0.16,267592,617455,1370660,343554,706543,1449283,477245836,674471501,765671325,477247563,674472371,765671325,0,431904,0,483.10,488.50,492.57
93,1,99,99,100,29343,29343,29343,67936,67936,67936,591,591,591,0.81,0.89,0.92,0.16,0.24,0.27,0.27,0.31,0.42,0.00,0.00,0.00,0.07,0.08,0.11,0.00,0.00,0.00,0.04,0.12,0.16,223619,596638,1108554,307476,678402,1189795,0,480794742,982708029,0,480794568,982709776,0,423648,0,469.71,474.21,480.27
93,2,100,100,100,29661,29661,29661,67618,67618,67618,591,591,591,0.84,0.90,0.93,0.19,0.25,0.27,0.26,0.29,0.40,0.00,0.00,0.00,0.07,0.08,0.11,0.00,0.00,0.00,0.07,0.14,0.16,332827,442871,608000,453357,533018,681380,120988703,603728955,766288259,0,579531215,766285639,0,374618,0,476.52,478.12,482.67
93,3,100,100,100,29580,29580,29580,67699,67699,67699,591,591,591,0.82,0.89,0.92,0.20,0.25,0.27,0.26,0.29,0.32,0.00,0.00,0.00,0.07,0.08,0.09,0.00,0.00,0.00,0.09,0.14,0.16,442970,521219,621921,538555,612441,705383,123007690,582200876,766290080,246017932,580851853,766295322,0,334231,0,482.91,489.82,498.46
94,0,87,97,100,29753,29753,29753,67526,67526,67526,591,591,591,0.79,0.88,0.95,0.26,0.29,0.32,0.25,0.29,0.35,0.00,0.00,0.00,0.06,0.08,0.11,0.00,0.00,0.00,0.15,0.18,0.21,336989,471673,678755,353036,556406,749513,0,336484580,987999337,0,336968334,869738286,0,390559,0,474.37,479.79,486.92
94,1,84,96,100,29343,29343,29343,67936,67936,67936,591,591,591,0.81,0.88,0.92,0.23,0.29,0.37,0.24,0.29,0.42,0.00,0.00,0.00,0.07,0.08,0.09,0.00,0.00,0.00,0.13,0.18,0.25,332829,471168,974891,358877,561842,1029925,0,484112784,987965992,0,484113307,987968613,0,381267,0,470.15,472.10,477.83
94,2,95,98,100,29661,29661,29661,67618,67618,67618,591,591,591,0.80,0.88,0.92,0.26,0.29,0.37,0.23,0.29,0.41,0.00,0.00,0.00,0.06,0.08,0.10,0.00,0.00,0.00,0.15,0.18,0.25,351160,608554,1171474,385229,696088,1391616,0,460500070,989112249,0,484703066,989112249,0,432360,0,468.93,472.32,474.88
94,3,93,98,100,29580,29580,29580,67699,67699,67699,591,591,591,0.78,0.86,0.93,0.23,0.28,0.33,0.23,0.28,0.35,0.00,0.00,0.00,0.06,0.07,0.08,0.00,0.00,0.00,0.13,0.17,0.23,487432,841138,1744930,576532,930759,1826151,0,484638523,989117856,0,484639047,989120476,0,380483,0,468.26,473.28,476.54
95,0,98,99,100,29753,29753,29753,67526,67526,67526,591,591,591,0.95,0.97,0.98,0.28,0.30,0.31,0.30,0.39,0.43,0.00,0.00,0.00,0.13,0.16,0.18,0.00,0.00,0.00,0.08,0.10,0.14,324956,425587,759939,359034,467517,807108,0,0,0,0,0,0,0,414031,0,497.61,509.74,518.69
95,1,97,99,100,29343,29343,29343,67936,67936,67936,591,591,591,0.96,0.97,0.98,0.28,0.30,0.31,0.25,0.38,0.43,0.00,0.00,0.00,0.11,0.16,0.18,0.00,0.00,0.00,0.07,0.10,0.16,335424,429759,482220,377352,468542,529394,0,0,0,0,0,0,0,405216,0,477.91,490.98,501.87
95,2,99,99,100,29661,29661,29661,67618,67618,67618,591,591,591,0.94,0.97,0.98,0.27,0.30,0.31,0.26,0.39,0.43,0.00,0.00,0.00,0.12,0.16,0.18,0.00,0.00,0.00,0.08,0.10,0.14,327581,419596,573809,374753,460434,623591,0,0,0,0,0,0,0,409685,0,487.34,501.16,514.67
95,3,98,99,100,29580,29580,29580,67699,67699,67699,591,591,591,0.95,0.97,0.98,0.28,0.30,0.31,0.25,0.37,0.43,0.00,0.00,0.00,0.11,0.16,0.18,0.00,0.00,0.00,0.08,0.11,0.17,400071,678548,1187142,443747,716633,1231693,0,0,0,0,0,0,0,420490,0,486.05,507.58,526.03
96,0,96,99,100,29753,29753,29753,67526,67526,67526,591,591,591,0.81,0.90,0.98,0.19,0.32,0.45,0.30,0.37,0.41,0.00,0.00,0.00,0.03,0.08,0.13,0.00,0.00,0.00,0.06,0.17,0.30,324947,658311,1158364,497939,747936,1189813,0,152256322,761281611,0,152257370,761286852,0,442347,0,500.50,510.63,518.58
96,1,95,98,100,29343,29343,29343,67936,67936,67936,591,591,591,0.87,0.92,0.98,0.21,0.34,0.49,0.31,0.38,0.41,0.00,0.00,0.00,0.03,0.09,0.17,0.00,0.00,0.00,0.08,0.18,0.35,369506,641380,1027103,469089,730442,1063786,0,165527555,507446921,0,165528080,507441681,0,442468,0,498.25,509.03,516.12
96,2,99,99,100,29661,29661,29661,67618,67618,67618,591,591,591,0.81,0.90,0.99,0.22,0.31,0.46,0.33,0.36,0.42,0.00,0.00,0.00,0.03,0.08,0.11,0.00,0.00,0.00,0.09,0.17,0.32,330204,375419,421929,379997,456816,541582,0,280563672,761833992,0,280565244,761836613,0,393997,0,502.49,513.07,519.29
96,3,100,100,100,29580,29580,29580,67699,67699,67699,591,591,591,0.73,0.88,0.97,0.16,0.31,0.40,0.27,0.36,0.41,0.00,0.00,0.00,0.02,0.08,0.13,0.00,0.00,0.00,0.05,0.17,0.27,474349,507849,600132,487453,593270,668195,0,152367422,543568137,0,152367409,547048382,0,388810,0,491.50,509.06,527.55
97,0,99,99,100,29753,29753,29753,67526,67526,67526,591,591,591,0.81,0.86,0.90,0.20,0.22,0.25,0.33,0.36,0.40,0.00,0.00,0.00,0.08,0.09,0.10,0.00,0.00,0.00,0.07,0.09,0.11,320067,468178,626287,352073,507365,657732,427117910,739168756,1304885611,427119595,739168569,1304882991,0,384962,0,478.44,484.81,493.13
97,1,100,100,100,29343,29343,29343,67936,67936,67936,591,591,591,0.80,0.86,0.90,0.19,0.21,0.25,0.33,0.37,0.40,0.00,0.00,0.00,0.08,0.09,0.11,0.00,0.00,0.00,0.06,0.08,0.11,332823,444456,854280,364271,483766,888346,0,585988947,1304876288,0,585988948,1304884150,0,386307,0,478.73,480.05,482.39
97,2,99,99,100,29661,29661,29661,67618,67618,67618,591,591,591,0.81,0.87,0.90,0.16,0.21,0.25,0.32,0.37,0.41,0.00,0.00,0.00,0.07,0.09,0.11,0.00,0.00,0.00,0.04,0.08,0.11,374754,646252,1362726,400961,681893,1375829,110954761,544626029,973223691,0,522434030,973855277,0,337939,0,481.64,487.02,495.40
97,3,99,99,100,29580,29580,29580,67699,67699,67699,591,591,591,0.64,0.84,0.93,0.16,0.23,0.31,0.19,0.35,0.42,0.00,0.00,0.00,0.04,0.09,0.11,0.00,0.00,0.00,0.04,0.09,0.11,464205,968517,2266872,512934,1010711,2310023,8630,626481673,1199088469,121798352,628650331,1199095687,0,392005,0,481.60,486.46,490.92
98,0,99,99,100,29753,29753,29753,67526,67526,67526,591,591,591,0.80,0.86,0.90,0.19,0.21,0.25,0.33,0.37,0.40,0.00,0.00,0.00,0.08,0.09,0.11,0.00,0.00,0.00,0.06,0.08,0.11,322312,382099,608045,356412,420885,639496,640322517,650022796,664520416,640325137,650020700,664525657,0,397940,0,484.23,490.09,496.74
98,1,99,99,100,29343,29343,29343,67936,67936,67936,591,591,591,0.80,0.84,0.90,0.16,0.22,0.25,0.32,0.35,0.41,0.00,0.00,0.00,0.07,0.09,0.10,0.00,0.00,0.00,0.05,0.09,0.11,335445,444434,838608,351010,486364,885780,0,782914294,1304865551,0,782914818,1304878654,0,288387,0,479.11,481.42,484.02
98,2,99,99,100,29661,29661,29661,67618,67618,67618,591,591,591,0.81,0.87,0.97,0.18,0.22,0.25,0.33,0.37,0.43,0.00,0.00,0.00,0.07,0.09,0.12,0.00,0.00,0.00,0.04,0.09,0.11,327499,384380,530611,358939,426517,578848,110947709,757148110,1194920091,0,779328199,1305854984,0,384816,0,478.57,482.86,485.89
98,3,99,99,100,29580,29580,29580,67699,67699,67699,591,591,591,0.80,0.85,0.96,0.17,0.22,0.25,0.32,0.35,0.43,0.00,0.00,0.00,0.06,0.09,0.11,0.00,0.00,0.00,0.04,0.09,0.12,458616,645201,1150449,508404,687656,1181896,640970777,655448101,665107073,554139131,676835988,772036392,0,400547,0,490.04,496.40,505.31
99,0,100,100,100,29753,29753,29753,67526,67526,67526,591,591,591,0.81,0.85,0.90,0.17,0.22,0.25,0.32,0.36,0.40,0.00,0.00,0.00,0.08,0.09,0.10,0.00,0.00,0.00,0.05,0.09,0.11,314400,759989,1378500,366801,801261,1428294,414989692,652393714,889895597,414939898,652395024,889937528,0,346103,0,497.34,499.75,503.00
99,1,99,99,100,29343,29343,29343,67936,67936,67936,591,591,591,0.81,0.87,0.95,0.17,0.21,0.24,0.33,0.37,0.43,0.00,0.00,0.00,0.06,0.09,0.11,0.00,0.00,0.00,0.04,0.08,0.10,330192,681814,1432673,379983,721443,1478500,0,626430742,1200906274,0,626429983,1200911098,0,434994,0,480.51,483.97,489.33
99,2,100,100,100,29661,29661,29661,67618,67618,67618,591,591,591,0.81,0.85,0.90,0.16,0.21,0.24,0.33,0.36,0.41,0.00,0.00,0.00,0.07,0.09,0.10,0.00,0.00,0.00,0.05,0.08,0.10,288273,496586,783589,333697,530873,833382,443402419,597581194,665107537,443398925,597582286,665110158,0,384902,0,479.17,481.87,484.59
99,3,100,100,100,29580,29580,29580,67699,67699,67699,591,591,591,0.82,0.87,0.90,0.19,0.21,0.23,0.33,0.36,0.39,0.00,0.00,0.00,0.06,0.09,0.10,0.00,0.00,0.00,0.06,0.08,0.09,312766,729349,946022,359943,766692,966986,0,704416086,1306066287,110954506,686926455,1195111491,0,296030,0,494.18,496.22,499.13
100,0,100,100,100,29753,29753,29753,67526,67526,67526,591,591,591,0.80,0.89,0.93,0.20,0.25,0.27,0.27,0.29,0.33,0.00,0.00,0.00,0.07,0.08,0.09,0.00,0.00,0.00,0.09,0.13,0.16,328857,546863,1029639,400942,636419,1100378,10439,579026014,765491439,125787900,578924240,765491439,0,382230,0,479.87,490.75,497.96
100,1,100,100,100,29343,29343,29343,67936,67936,67936,591,591,591,0.81,0.88,0.92,0.20,0.25,0.27,0.27,0.29,0.33,0.00,0.00,0.00,0.07,0.08,0.09,0.00,0.00,0.00,0.09,0.14,0.16,301307,441308,621102,411447,533025,704964,0,579052900,765709463,0,579051852,765709463,0,369641,0,466.90,475.40,483.55
100,2,100,100,100,29661,29661,29661,67618,67618,67618,591,591,591,0.87,0.90,0.92,0.24,0.25,0.27,0.27,0.30,0.39,0.00,0.00,0.00,0.08,0.08,0.10,0.00,0.00,0.00,0.09,0.14,0.16,338102,468508,660357,429703,562319,738971,0,579456812,766206590,0,579456812,766211831,0,422424,0,475.71,478.65,483.37
100,3,100,100,100,29580,29580,29580,67699,67699,67699,591,591,591,0.84,0.90,0.93,0.21,0.26,0.27,0.23,0.28,0.36,0.00,0.00,0.00,0.07,0.08,0.09,0.00,0.00,0.00,0.10,0.15,0.17,458612,1134689,2844799,534611,1228172,2949688,0,566325270,757300283,121012962,590528690,757308145,0,376712,0,473.12,480.39,492.56
101,0,87,97,100,29754,29754,29754,67525,67525,67525,591,591,591,0.81,0.89,0.96,0.26,0.29,0.34,0.25,0.29,0.37,0.00,0.00,0.00,0.06,0.08,0.11,0.00,0.00,0.00,0.15,0.17,0.23,223632,422565,626124,274298,510776,770211,0,418311783,724456987,0,418313180,724462228,0,381290,0,478.49,479.82,481.86
101,1,91,98,100,29343,29343,29343,67936,67936,67936,591,591,591,0.79,0.88,0.95,0.26,0.29,0.34,0.25,0.29,0.35,0.00,0.00,0.00,0.06,0.08,0.11,0.00,0.00,0.00,0.14,0.18,0.23,338065,470629,883176,358853,555012,1040418,0,395591846,987871975,0,396088193,987871975,0,380767,0,467.52,471.86,477.69
101,2,85,97,100,29661,29661,29661,67618,67618,67618,591,591,591,0.81,0.88,0.92,0.26,0.29,0.37,0.24,0.29,0.42,0.00,0.00,0.00,0.07,0.08,0.10,0.00,0.00,0.00,0.15,0.18,0.25,319724,587451,1223804,395724,676412,1250010,0,484653988,989027162,0,484652940,989021921,0,389072,0,468.20,473.60,480.13
101,3,88,96,100,29580,29580,29580,67699,67699,67699,591,591,591,0.72,0.87,0.93,0.25,0.29,0.36,0.23,0.28,0.40,0.00,0.00,0.00,0.05,0.08,0.10,0.00,0.00,0.00,0.15,0.18,0.25,463850,712257,1147838,531987,797163,1362730,0,484673676,989139640,0,460471146,989142261,0,383505,0,468.38,474.29,479.35
102,0,98,99,100,29754,29754,29754,67525,67525,67525,591,591,591,0.95,0.97,0.98,0.27,0.30,0.31,0.28,0.39,0.43,0.00,0.00,0.00,0.12,0.16,0.18,0.00,0.00,0.00,0.08,0.10,0.14,314493,390476,576548,359046,431882,615858,0,0,0,0,0,0,0,413266,0,491.14,505.16,517.76
102,1,98,99,100,29343,29343,29343,67936,67936,67936,591,591,591,0.95,0.97,0.98,0.28,0.30,0.32,0.29,0.39,0.43,0.00,0.00,0.00,0.13,0.16,0.18,0.00,0.00,0.00,0.08,0.10,0.13,322348,390987,610609,356349,431868,657781,0,0,0,0,0,0,0,456912,0,477.48,490.70,501.66
102,2,99,99,100,29661,29661,29661,67618,67618,67618,591,591,591,0.94,0.97,0.98,0.28,0.30,0.32,0.24,0.38,0.43,0.00,0.00,0.00,0.10,0.16,0.18,0.00,0.00,0.00,0.08,0.10,0.17,337888,453856,765233,364081,495259,812405,0,0,0,0,0,0,0,411192,0,488.80,503.95,515.51
102,3,98,98,99,29580,29580,29580,67699,67699,67699,591,591,591,0.95,0.97,0.98,0.28,0.30,0.31,0.27,0.39,0.43,0.00,0.00,0.00,0.12,0.16,0.18,0.00,0.00,0.00,0.08,0.10,0.15,442895,494770,584364,490067,535652,628912,0,0,0,0,0,0,0,421668,0,494.16,510.36,526.64
