timestamp,gpuId,DCGM_FI_DEV_GPU_UTIL_min,DCGM_FI_DEV_GPU_UTIL_avg,DCGM_FI_DEV_GPU_UTIL_max,DCGM_FI_DEV_FB_FREE_min,DCGM_FI_DEV_FB_FREE_avg,DCGM_FI_DEV_FB_FREE_max,DCGM_FI_DEV_FB_USED_min,DCGM_FI_DEV_FB_USED_avg,DCGM_FI_DEV_FB_USED_max,DCGM_FI_DEV_FB_RESERVED_min,DCGM_FI_DEV_FB_RESERVED_avg,DCGM_FI_DEV_FB_RESERVED_max,DCGM_FI_PROF_SM_ACTIVE_min,DCGM_FI_PROF_SM_ACTIVE_avg,DCGM_FI_PROF_SM_ACTIVE_max,DCGM_FI_PROF_SM_OCCUPANCY_min,DCGM_FI_PROF_SM_OCCUPANCY_avg,DCGM_FI_PROF_SM_OCCUPANCY_max,DCGM_FI_PROF_PIPE_TENSOR_ACTIVE_min,DCGM_FI_PROF_PIPE_TENSOR_ACTIVE_avg,DCGM_FI_PROF_PIPE_TENSOR_ACTIVE_max,DCGM_FI_PROF_PIPE_FP64_ACTIVE_min,DCGM_FI_PROF_PIPE_FP64_ACTIVE_avg,DCGM_FI_PROF_PIPE_FP64_ACTIVE_max,DCGM_FI_PROF_PIPE_FP32_ACTIVE_min,DCGM_FI_PROF_PIPE_FP32_ACTIVE_avg,DCGM_FI_PROF_PIPE_FP32_ACTIVE_max,DCGM_FI_PROF_PIPE_FP16_ACTIVE_min,DCGM_FI_PROF_PIPE_FP16_ACTIVE_avg,DCGM_FI_PROF_PIPE_FP16_ACTIVE_max,DCGM_FI_PROF_DRAM_ACTIVE_min,DCGM_FI_PROF_DRAM_ACTIVE_avg,DCGM_FI_PROF_DRAM_ACTIVE_max,DCGM_FI_PROF_PCIE_TX_BYTES_min,DCGM_FI_PROF_PCIE_TX_BYTES_avg,DCGM_FI_PROF_PCIE_TX_BYTES_max,DCGM_FI_PROF_PCIE_RX_BYTES_min,DCGM_FI_PROF_PCIE_RX_BYTES_avg,DCGM_FI_PROF_PCIE_RX_BYTES_max,DCGM_FI_PROF_NVLINK_RX_BYTES_min,DCGM_FI_PROF_NVLINK_RX_BYTES_avg,DCGM_FI_PROF_NVLINK_RX_BYTES_max,DCGM_FI_PROF_NVLINK_TX_BYTES_min,DCGM_FI_PROF_NVLINK_TX_BYTES_avg,DCGM_FI_PROF_NVLINK_TX_BYTES_max,DCGM_FI_DEV_TOTAL_ENERGY_CONSUMPTION_min,DCGM_FI_DEV_TOTAL_ENERGY_CONSUMPTION_avg,DCGM_FI_DEV_TOTAL_ENERGY_CONSUMPTION_max,DCGM_FI_DEV_POWER_USAGE_min,DCGM_FI_DEV_POWER_USAGE_avg,DCGM_FI_DEV_POWER_USAGE_max
1,0,0,0,0,97271,97271,97271,8,8,8,591,591,591,0.00,0.00,0.00,0.00,0.00,0.00,0.00,0.00,0.00,0.00,0.00,0.00,0.00,0.00,0.00,0.00,0.00,0.00,0.00,0.00,0.00,262549,303258,332767,268523,316604,348488,0,0,0,0,0,0,0,37915,0,94.75,94.78,94.80
1,1,0,0,0,97269,97269,97269,10,10,10,591,591,591,0.00,0.00,0.00,0.00,0.00,0.00,0.00,0.00,0.00,0.00,0.00,0.00,0.00,0.00,0.00,0.00,0.00,0.00,0.00,0.00,0.00,266827,305572,330190,272701,319759,348534,0,0,0,0,0,0,0,37726,0,94.15,94.20,94.27
1,2,0,0,0,97271,97271,97271,8,8,8,591,591,591,0.00,0.00,0.00,0.00,0.00,0.00,0.00,0.00,0.00,0.00,0.00,0.00,0.00,0.00,0.00,0.00,0.00,0.00,0.00,0.00,0.00,267222,415756,647247,273336,430023,665590,0,0,0,0,0,0,0,37113,0,92.70,92.71,92.72
1,3,0,0,0,97269,97269,97269,10,10,10,591,591,591,0.00,0.00,0.00,0.00,0.00,0.00,0.00,0.00,0.00,0.00,0.00,0.00,0.00,0.00,0.00,0.00,0.00,0.00,0.00,0.00,0.00,349178,433471,537202,355074,447666,552925,0,0,0,0,0,0,0,34899,0,87.17,87.18,87.19
2,0,0,0,0,97271,97271,97271,8,8,8,591,591,591,0.00,0.00,0.00,0.00,0.00,0.00,0.00,0.00,0.00,0.00,0.00,0.00,0.00,0.00,0.00,0.00,0.00,0.00,0.00,0.00,0.00,324944,497789,1021460,343287,516654,1042413,0,0,0,0,0,0,0,75698,0,94.66,94.73,94.76
2,1,0,0,0,97269,97269,97269,10,10,10,591,591,591,0.00,0.00,0.00,0.00,0.00,0.00,0.00,0.00,0.00,0.00,0.00,0.00,0.00,0.00,0.00,0.00,0.00,0.00,0.00,0.00,0.00,317081,376615,448105,338045,395375,466449,0,0,0,0,0,0,0,75392,0,94.21,94.28,94.34
2,2,0,0,0,97271,97271,97271,8,8,8,591,591,591,0.00,0.00,0.00,0.00,0.00,0.00,0.00,0.00,0.00,0.00,0.00,0.00,0.00,0.00,0.00,0.00,0.00,0.00,0.00,0.00,0.00,311831,316026,319699,332794,334894,340663,0,0,0,0,0,0,0,55591,0,92.65,92.68,92.72
2,3,0,0,0,97269,97269,97269,10,10,10,591,591,591,0.00,0.00,0.00,0.00,0.00,0.00,0.00,0.00,0.00,0.00,0.00,0.00,0.00,0.00,0.00,0.00,0.00,0.00,0.00,0.00,0.00,440241,540345,749458,458584,558688,770421,0,0,0,0,0,0,0,52531,0,87.24,87.40,87.52
3,0,0,0,0,97271,97271,97271,8,8,8,591,591,591,0.00,0.00,0.00,0.00,0.00,0.00,0.00,0.00,0.00,0.00,0.00,0.00,0.00,0.00,0.00,0.00,0.00,0.00,0.00,0.00,0.00,310848,406502,649873,328831,426346,670837,0,0,0,0,0,0,0,56793,0,94.47,94.55,94.63
3,1,0,0,0,97269,97269,97269,10,10,10,591,591,591,0.00,0.00,0.00,0.00,0.00,0.00,0.00,0.00,0.00,0.00,0.00,0.00,0.00,0.00,0.00,0.00,0.00,0.00,0.00,0.00,0.00,36682,422418,814980,52404,441810,835944,0,0,0,0,0,0,0,65857,0,94.05,94.12,94.22
3,2,0,0,0,97271,97271,97271,8,8,8,591,591,591,0.00,0.00,0.00,0.00,0.00,0.00,0.00,0.00,0.00,0.00,0.00,0.00,0.00,0.00,0.00,0.00,0.00,0.00,0.00,0.00,0.00,319664,619474,1334067,335386,638660,1354016,0,0,0,0,0,0,0,74091,0,92.59,92.63,92.64
3,3,0,0,0,97269,97269,97269,10,10,10,591,591,591,0.00,0.00,0.00,0.00,0.00,0.00,0.00,0.00,0.00,0.00,0.00,0.00,0.00,0.00,0.00,0.00,0.00,0.00,0.00,0.00,0.00,427094,584352,841174,445436,604268,864758,0,0,0,0,0,0,0,69945,0,87.38,87.44,87.50
4,0,0,0,0,97271,97271,97271,8,8,8,591,591,591,0.00,0.00,0.00,0.00,0.00,0.00,0.00,0.00,0.00,0.00,0.00,0.00,0.00,0.00,0.00,0.00,0.00,0.00,0.00,0.00,0.00,298616,337486,429746,314333,355827,450709,0,0,0,0,0,0,0,75775,0,94.57,94.64,94.74
4,1,0,0,0,97269,97269,97269,10,10,10,591,591,591,0.00,0.00,0.00,0.00,0.00,0.00,0.00,0.00,0.00,0.00,0.00,0.00,0.00,0.00,0.00,0.00,0.00,0.00,0.00,0.00,0.00,317077,326511,343285,335420,344855,361629,0,0,0,0,0,0,0,75408,0,94.20,94.27,94.31
4,2,0,0,0,97271,97271,97271,8,8,8,591,591,591,0.00,0.00,0.00,0.00,0.00,0.00,0.00,0.00,0.00,0.00,0.00,0.00,0.00,0.00,0.00,0.00,0.00,0.00,0.00,0.00,0.00,317073,453861,717998,335416,472728,738961,0,0,0,0,0,0,0,74125,0,92.56,92.59,92.63
4,3,0,0,0,97269,97269,97269,10,10,10,591,591,591,0.00,0.00,0.00,0.00,0.00,0.00,0.00,0.00,0.00,0.00,0.00,0.00,0.00,0.00,0.00,0.00,0.00,0.00,0.00,0.00,0.00,424518,440239,479537,442861,458583,500501,0,0,0,0,0,0,0,69914,0,87.23,87.31,87.42
5,0,0,0,0,97271,97271,97271,8,8,8,591,591,591,0.00,0.00,0.00,0.00,0.00,0.00,0.00,0.00,0.00,0.00,0.00,0.00,0.00,0.00,0.00,0.00,0.00,0.00,0.00,0.00,0.00,309217,359005,448104,327561,377873,469068,0,0,0,0,0,0,0,85412,0,94.81,94.93,95.00
5,1,0,0,0,97269,97269,97269,10,10,10,591,591,591,0.00,0.00,0.00,0.00,0.00,0.00,0.00,0.00,0.00,0.00,0.00,0.00,0.00,0.00,0.00,0.00,0.00,0.00,0.00,0.00,0.00,340664,399645,576505,359007,418893,600089,0,0,0,0,0,0,0,75432,0,94.15,94.22,94.29
5,2,0,0,0,97271,97271,97271,8,8,8,591,591,591,0.00,0.00,0.00,0.00,0.00,0.00,0.00,0.00,0.00,0.00,0.00,0.00,0.00,0.00,0.00,0.00,0.00,0.00,0.00,0.00,0.00,309216,346949,448101,330180,365816,463824,0,0,0,0,0,0,0,74173,0,92.61,92.63,92.66
5,3,0,0,0,97269,97269,97269,10,10,10,591,591,591,0.00,0.00,0.00,0.00,0.00,0.00,0.00,0.00,0.00,0.00,0.00,0.00,0.00,0.00,0.00,0.00,0.00,0.00,0.00,0.00,0.00,146746,651446,1268279,162469,670313,1286622,0,0,0,0,0,0,0,70054,0,87.56,87.68,87.77
6,0,0,0,0,97271,97271,97271,8,8,8,591,591,591,0.00,0.00,0.00,0.00,0.00,0.00,0.00,0.00,0.00,0.00,0.00,0.00,0.00,0.00,0.00,0.00,0.00,0.00,0.00,0.00,0.00,115302,461720,904071,133646,480063,919794,0,0,0,0,0,0,0,75813,0,94.60,94.64,94.67
6,1,0,0,0,97269,97269,97269,10,10,10,591,591,591,0.00,0.00,0.00,0.00,0.00,0.00,0.00,0.00,0.00,0.00,0.00,0.00,0.00,0.00,0.00,0.00,0.00,0.00,0.00,0.00,0.00,302255,384345,547695,320978,402765,566039,0,0,0,0,0,0,0,84915,0,94.29,94.37,94.41
6,2,0,0,0,97271,97271,97271,8,8,8,591,591,591,0.00,0.00,0.00,0.00,0.00,0.00,0.00,0.00,0.00,0.00,0.00,0.00,0.00,0.00,0.00,0.00,0.00,0.00,0.00,0.00,0.00,110049,471165,873780,128391,489417,888976,0,0,0,0,0,0,0,74092,0,92.56,92.59,92.62
6,3,0,0,0,97269,97269,97269,10,10,10,591,591,591,0.00,0.00,0.00,0.00,0.00,0.00,0.00,0.00,0.00,0.00,0.00,0.00,0.00,0.00,0.00,0.00,0.00,0.00,0.00,0.00,0.00,424524,435809,450722,445488,454077,466445,0,0,0,0,0,0,0,70036,0,87.42,87.45,87.48
7,0,0,0,0,97271,97271,97271,8,8,8,591,591,591,0.00,0.00,0.00,0.00,0.00,0.00,0.00,0.00,0.00,0.00,0.00,0.00,0.00,0.00,0.00,0.00,0.00,0.00,0.00,0.00,0.00,311488,360505,534583,330913,378789,552927,0,0,0,0,0,0,0,76017,0,94.70,94.79,94.88
7,1,0,0,0,97269,97269,97269,10,10,10,591,591,591,0.00,0.00,0.00,0.00,0.00,0.00,0.00,0.00,0.00,0.00,0.00,0.00,0.00,0.00,0.00,0.00,0.00,0.00,0.00,0.00,0.00,319699,429233,851658,338043,448101,872622,0,0,0,0,0,0,0,75629,0,94.28,94.35,94.39
7,2,0,0,0,97271,97271,97271,8,8,8,591,591,591,0.00,0.00,0.00,0.00,0.00,0.00,0.00,0.00,0.00,0.00,0.00,0.00,0.00,0.00,0.00,0.00,0.00,0.00,0.00,0.00,0.00,324935,405646,718009,340659,423989,736352,0,0,0,0,0,0,0,74188,0,92.55,92.59,92.62
7,3,0,0,0,97269,97269,97269,10,10,10,591,591,591,0.00,0.00,0.00,0.00,0.00,0.00,0.00,0.00,0.00,0.00,0.00,0.00,0.00,0.00,0.00,0.00,0.00,0.00,0.00,0.00,0.00,408804,564456,801873,427148,583324,820217,0,0,0,0,0,0,0,70102,0,87.40,87.44,87.47
8,0,0,0,0,97271,97271,97271,8,8,8,591,591,591,0.00,0.00,0.00,0.00,0.00,0.00,0.00,0.00,0.00,0.00,0.00,0.00,0.00,0.00,0.00,0.00,0.00,0.00,0.00,0.00,0.00,317082,403031,626298,335425,421898,644641,0,0,0,0,0,0,0,75709,0,94.63,94.76,94.89
8,1,0,0,0,97269,97269,97269,10,10,10,591,591,591,0.00,0.00,0.00,0.00,0.00,0.00,0.00,0.00,0.00,0.00,0.00,0.00,0.00,0.00,0.00,0.00,0.00,0.00,0.00,0.00,0.00,220111,311830,361589,234087,328775,379930,0,0,0,0,0,0,0,75527,0,94.39,94.46,94.51
8,2,0,0,0,97271,97271,97271,8,8,8,591,591,591,0.00,0.00,0.00,0.00,0.00,0.00,0.00,0.00,0.00,0.00,0.00,0.00,0.00,0.00,0.00,0.00,0.00,0.00,0.00,0.00,0.00,311805,393587,602709,332767,411930,623673,0,0,0,0,0,0,0,74170,0,92.68,92.72,92.73
8,3,0,0,0,97269,97269,97269,10,10,10,591,591,591,0.00,0.00,0.00,0.00,0.00,0.00,0.00,0.00,0.00,0.00,0.00,0.00,0.00,0.00,0.00,0.00,0.00,0.00,0.00,0.00,0.00,416661,614215,1346795,435005,632558,1367757,0,0,0,0,0,0,0,61348,0,87.54,87.61,87.69
9,0,0,0,0,97271,97271,97271,8,8,8,591,591,591,0.00,0.00,0.00,0.00,0.00,0.00,0.00,0.00,0.00,0.00,0.00,0.00,0.00,0.00,0.00,0.00,0.00,0.00,0.00,0.00,0.00,214877,507703,1168705,227106,524517,1187048,0,0,0,0,0,0,0,85290,0,94.56,94.58,94.65
9,1,0,0,0,97269,97269,97269,10,10,10,591,591,591,0.00,0.00,0.00,0.00,0.00,0.00,0.00,0.00,0.00,0.00,0.00,0.00,0.00,0.00,0.00,0.00,0.00,0.00,0.00,0.00,0.00,351148,391764,463830,369491,410108,479553,0,0,0,0,0,0,0,75571,0,94.31,94.34,94.36
9,2,0,0,0,97271,97271,97271,8,8,8,591,591,591,0.00,0.00,0.00,0.00,0.00,0.00,0.00,0.00,0.00,0.00,0.00,0.00,0.00,0.00,0.00,0.00,0.00,0.00,0.00,0.00,0.00,314456,533268,1029855,335419,552266,1048198,0,0,0,0,0,0,0,64907,0,92.67,92.68,92.72
9,3,0,0,0,97269,97269,97269,10,10,10,591,591,591,0.00,0.00,0.00,0.00,0.00,0.00,0.00,0.00,0.00,0.00,0.00,0.00,0.00,0.00,0.00,0.00,0.00,0.00,0.00,0.00,0.00,283015,446139,636782,296991,463391,655125,0,0,0,0,0,0,0,69914,0,87.39,87.49,87.56
10,0,0,0,0,97271,97271,97271,8,8,8,591,591,591,0.00,0.00,0.00,0.00,0.00,0.00,0.00,0.00,0.00,0.00,0.00,0.00,0.00,0.00,0.00,0.00,0.00,0.00,0.00,0.00,0.00,311839,366346,445483,330183,385213,466447,0,0,0,0,0,0,0,57214,0,94.61,94.80,95.02
10,1,0,0,0,97269,97269,97269,10,10,10,591,591,591,0.00,0.00,0.00,0.00,0.00,0.00,0.00,0.00,0.00,0.00,0.00,0.00,0.00,0.00,0.00,0.00,0.00,0.00,0.00,0.00,0.00,319692,443912,804499,338045,462779,822842,0,0,0,0,0,0,0,66091,0,94.43,94.46,94.49
10,2,0,0,0,97271,97271,97271,8,8,8,591,591,591,0.00,0.00,0.00,0.00,0.00,0.00,0.00,0.00,0.00,0.00,0.00,0.00,0.00,0.00,0.00,0.00,0.00,0.00,0.00,0.00,0.00,307658,421074,767798,323710,437984,783521,0,0,0,0,0,0,0,74120,0,92.62,92.66,92.69
10,3,0,0,0,97269,97269,97269,10,10,10,591,591,591,0.00,0.00,0.00,0.00,0.00,0.00,0.00,0.00,0.00,0.00,0.00,0.00,0.00,0.00,0.00,0.00,0.00,0.00,0.00,0.00,0.00,419286,488983,707528,437630,507326,723251,0,0,0,0,0,0,0,70743,0,87.40,87.72,88.05
11,0,0,0,0,97271,97271,97271,8,8,8,591,591,591,0.00,0.00,0.00,0.00,0.00,0.00,0.00,0.00,0.00,0.00,0.00,0.00,0.00,0.00,0.00,0.00,0.00,0.00,0.00,0.00,0.00,313256,338231,421008,331084,356541,442598,0,0,0,0,0,0,0,76103,0,94.94,95.05,95.11
11,1,0,0,0,97269,97269,97269,10,10,10,591,591,591,0.00,0.00,0.00,0.00,0.00,0.00,0.00,0.00,0.00,0.00,0.00,0.00,0.00,0.00,0.00,0.00,0.00,0.00,0.00,0.00,0.00,211384,307462,359007,225360,324407,377350,0,0,0,0,0,0,0,75620,0,94.36,94.43,94.53
11,2,0,0,0,97271,97271,97271,8,8,8,591,591,591,0.00,0.00,0.00,0.00,0.00,0.00,0.00,0.00,0.00,0.00,0.00,0.00,0.00,0.00,0.00,0.00,0.00,0.00,0.00,0.00,0.00,314456,370002,568643,332800,388869,586986,0,0,0,0,0,0,0,74205,0,92.57,92.61,92.67
11,3,0,0,0,97269,97269,97269,10,10,10,591,591,591,0.00,0.00,0.00,0.00,0.00,0.00,0.00,0.00,0.00,0.00,0.00,0.00,0.00,0.00,0.00,0.00,0.00,0.00,0.00,0.00,0.00,429750,513598,738896,445480,532465,757238,0,0,0,0,0,0,0,79137,0,87.95,88.14,88.27
12,0,0,0,0,97271,97271,97271,8,8,8,591,591,591,0.00,0.00,0.00,0.00,0.00,0.00,0.00,0.00,0.00,0.00,0.00,0.00,0.00,0.00,0.00,0.00,0.00,0.00,0.00,0.00,0.00,317080,345905,398303,332803,364248,419266,0,0,0,0,0,0,0,85378,0,94.61,94.76,94.91
12,1,0,0,0,97269,97269,97269,10,10,10,591,591,591,0.00,0.00,0.00,0.00,0.00,0.00,0.00,0.00,0.00,0.00,0.00,0.00,0.00,0.00,0.00,0.00,0.00,0.00,0.00,0.00,0.00,322325,350585,377352,338048,369423,398316,0,0,0,0,0,0,0,75512,0,94.27,94.46,94.60
12,2,0,0,0,97271,97271,97271,8,8,8,591,591,591,0.00,0.00,0.00,0.00,0.00,0.00,0.00,0.00,0.00,0.00,0.00,0.00,0.00,0.00,0.00,0.00,0.00,0.00,0.00,0.00,0.00,303965,364243,437620,322307,382586,455964,0,0,0,0,0,0,0,83346,0,92.55,92.60,92.67
12,3,0,0,0,97269,97269,97269,10,10,10,591,591,591,0.00,0.00,0.00,0.00,0.00,0.00,0.00,0.00,0.00,0.00,0.00,0.00,0.00,0.00,0.00,0.00,0.00,0.00,0.00,0.00,0.00,416651,620528,1236875,434994,638871,1255219,0,0,0,0,0,0,0,69915,0,87.30,87.43,87.74
13,0,0,0,0,97271,97271,97271,8,8,8,591,591,591,0.00,0.00,0.00,0.00,0.00,0.00,0.00,0.00,0.00,0.00,0.00,0.00,0.00,0.00,0.00,0.00,0.00,0.00,0.00,0.00,0.00,317081,480591,718009,335424,499284,730238,0,0,0,0,0,0,0,75906,0,94.65,94.74,94.82
13,1,0,0,0,97269,97269,97269,10,10,10,591,591,591,0.00,0.00,0.00,0.00,0.00,0.00,0.00,0.00,0.00,0.00,0.00,0.00,0.00,0.00,0.00,0.00,0.00,0.00,0.00,0.00,0.00,314424,370009,440243,332765,389400,458587,0,0,0,0,0,0,0,75787,0,94.17,94.39,94.56
13,2,0,0,0,97271,97271,97271,8,8,8,591,591,591,0.00,0.00,0.00,0.00,0.00,0.00,0.00,0.00,0.00,0.00,0.00,0.00,0.00,0.00,0.00,0.00,0.00,0.00,0.00,0.00,0.00,302335,524047,1226383,321063,542561,1249968,0,0,0,0,0,0,0,74239,0,92.61,92.65,92.68
13,3,0,0,0,97269,97269,97269,10,10,10,591,591,591,0.00,0.00,0.00,0.00,0.00,0.00,0.00,0.00,0.00,0.00,0.00,0.00,0.00,0.00,0.00,0.00,0.00,0.00,0.00,0.00,0.00,270733,458897,658538,284706,476823,676545,0,0,0,0,0,0,0,70319,0,87.38,87.57,87.67
14,0,0,0,0,97271,97271,97271,8,8,8,591,591,591,0.00,0.00,0.00,0.00,0.00,0.00,0.00,0.00,0.00,0.00,0.00,0.00,0.00,0.00,0.00,0.00,0.00,0.00,0.00,0.00,0.00,311841,344943,466429,330185,363240,484772,0,0,0,0,0,0,0,76007,0,94.76,94.82,94.89
14,1,0,0,0,97269,97269,97269,10,10,10,591,591,591,0.00,0.00,0.00,0.00,0.00,0.00,0.00,0.00,0.00,0.00,0.00,0.00,0.00,0.00,0.00,0.00,0.00,0.00,0.00,0.00,0.00,319700,453343,851670,338043,471687,870014,0,0,0,0,0,0,0,75571,0,94.42,94.50,94.57
14,2,0,0,0,97271,97271,97271,8,8,8,591,591,591,0.00,0.00,0.00,0.00,0.00,0.00,0.00,0.00,0.00,0.00,0.00,0.00,0.00,0.00,0.00,0.00,0.00,0.00,0.00,0.00,0.00,317075,435519,610567,338038,453862,626290,0,0,0,0,0,0,0,74347,0,92.63,92.68,92.81
14,3,0,0,0,97269,97269,97269,10,10,10,591,591,591,0.00,0.00,0.00,0.00,0.00,0.00,0.00,0.00,0.00,0.00,0.00,0.00,0.00,0.00,0.00,0.00,0.00,0.00,0.00,0.00,0.00,427138,538250,809740,445481,557118,828083,0,0,0,0,0,0,0,70097,0,87.50,87.56,87.65
15,0,0,0,0,97271,97271,97271,8,8,8,591,591,591,0.00,0.00,0.00,0.00,0.00,0.00,0.00,0.00,0.00,0.00,0.00,0.00,0.00,0.00,0.00,0.00,0.00,0.00,0.00,0.00,0.00,317078,426539,608474,335422,445934,629013,0,0,0,0,0,0,0,76094,0,94.80,94.89,94.97
15,1,0,0,0,97269,97269,97269,10,10,10,591,591,591,0.00,0.00,0.00,0.00,0.00,0.00,0.00,0.00,0.00,0.00,0.00,0.00,0.00,0.00,0.00,0.00,0.00,0.00,0.00,0.00,0.00,322318,353763,372110,340661,371582,390453,0,0,0,0,0,0,0,75687,0,94.41,94.46,94.50
15,2,0,0,0,97271,97271,97271,8,8,8,591,591,591,0.00,0.00,0.00,0.00,0.00,0.00,0.00,0.00,0.00,0.00,0.00,0.00,0.00,0.00,0.00,0.00,0.00,0.00,0.00,0.00,0.00,314453,344854,437623,332800,364245,453346,0,0,0,0,0,0,0,74268,0,92.73,92.78,92.81
15,3,0,0,0,97269,97269,97269,10,10,10,591,591,591,0.00,0.00,0.00,0.00,0.00,0.00,0.00,0.00,0.00,0.00,0.00,0.00,0.00,0.00,0.00,0.00,0.00,0.00,0.00,0.00,0.00,421906,716929,1354794,440243,735795,1375758,0,0,0,0,0,0,0,52941,0,87.51,87.64,87.83
17,0,0,0,0,97268,97270,97271,8,9,11,591,591,591,0.00,0.00,0.00,0.00,0.00,0.00,0.00,0.00,0.00,0.00,0.00,0.00,0.00,0.00,0.00,0.00,0.00,0.00,0.00,0.00,0.00,316972,3888032,7901680,335309,3933323,7983961,0,0,0,0,0,0,0,161182,0,94.70,94.83,95.00
17,1,0,0,0,97269,97269,97269,10,10,10,591,591,591,0.00,0.00,0.00,0.00,0.00,0.00,0.00,0.00,0.00,0.00,0.00,0.00,0.00,0.00,0.00,0.00,0.00,0.00,0.00,0.00,0.00,322278,2113696,3474380,343240,2171866,3551938,0,0,0,0,0,0,0,151139,0,94.48,94.51,94.56
17,2,0,0,0,97271,97271,97271,8,8,8,591,591,591,0.00,0.00,0.00,0.00,0.00,0.00,0.00,0.00,0.00,0.00,0.00,0.00,0.00,0.00,0.00,0.00,0.00,0.00,0.00,0.00,0.00,330176,1826400,3503387,348519,1866584,3537464,0,0,0,0,0,0,0,138877,0,92.66,92.71,92.79
17,3,0,0,0,97268,97268,97269,10,10,11,591,591,591,0.00,0.00,0.00,0.00,0.00,0.00,0.00,0.00,0.00,0.00,0.00,0.00,0.00,0.00,0.00,0.00,0.00,0.00,0.00,0.00,0.00,288237,3086016,4588956,351125,3155319,4667623,0,0,0,0,0,0,0,159309,0,88.13,88.30,88.42
19,0,0,0,0,97268,97268,97268,11,11,11,591,591,591,0.00,0.00,0.00,0.00,0.00,0.00,0.00,0.00,0.00,0.00,0.00,0.00,0.00,0.00,0.00,0.00,0.00,0.00,0.00,0.00,0.00,89092,2623743,4751904,104814,2150014,4805418,0,0,0,0,0,0,0,179761,0,94.57,94.66,94.79
19,1,0,0,0,97266,97266,97266,13,13,13,591,591,591,0.00,0.00,0.00,0.00,0.00,0.00,0.00,0.00,0.00,0.00,0.00,0.00,0.00,0.00,0.00,0.00,0.00,0.00,0.00,0.00,0.00,3120759,4603349,7258351,3184956,4706768,7349718,0,0,0,0,0,0,0,169970,0,94.38,94.48,94.57
19,2,0,0,0,97269,97270,97271,8,9,10,591,591,591,0.00,0.00,0.00,0.00,0.00,0.00,0.00,0.00,0.00,0.00,0.00,0.00,0.00,0.00,0.00,0.00,0.00,0.00,0.00,0.00,0.00,199154,3815289,7875406,277768,3924638,8036804,0,0,0,0,0,0,0,166673,0,92.64,92.69,92.76
19,3,0,0,0,97268,97268,97268,11,11,11,591,591,591,0.00,0.00,0.00,0.00,0.00,0.00,0.00,0.00,0.00,0.00,0.00,0.00,0.00,0.00,0.00,0.00,0.00,0.00,0.00,0.00,0.00,214507,2699313,7037859,292986,2776308,7129791,0,0,0,0,0,0,0,157459,0,87.18,87.55,88.43
22,0,0,0,0,97268,97268,97268,11,11,11,591,591,591,0.00,0.00,0.00,0.00,0.00,0.00,0.00,0.00,0.00,0.00,0.00,0.00,0.00,0.00,0.00,0.00,0.00,0.00,0.00,0.00,0.00,0,833654,2487569,15582,911241,2716045,0,0,0,0,0,0,0,77096,0,94.60,95.26,95.90
22,1,0,0,0,97266,97266,97266,13,13,13,591,591,591,0.00,0.00,0.00,0.00,0.00,0.00,0.00,0.00,0.00,0.00,0.00,0.00,0.00,0.00,0.00,0.00,0.00,0.00,0.00,0.00,0.00,317080,1506317,2981730,330183,1591225,3023864,0,0,0,0,0,0,0,75881,0,94.44,94.60,94.75
22,2,0,0,0,97269,97269,97269,10,10,10,591,591,591,0.00,0.00,0.00,0.00,0.00,0.00,0.00,0.00,0.00,0.00,0.00,0.00,0.00,0.00,0.00,0.00,0.00,0.00,0.00,0.00,0.00,327551,2176143,4309254,343274,2436055,4478446,0,0,0,0,0,0,0,74550,0,92.52,92.65,92.86
22,3,0,0,0,97266,97266,97266,13,13,13,591,591,591,0.00,0.00,0.00,0.00,0.00,0.00,0.00,0.00,0.00,0.00,0.00,0.00,0.00,0.00,0.00,0.00,0.00,0.00,0.00,0.00,0.00,424519,2990993,6541099,437621,3083458,6599912,0,0,0,0,0,0,0,71116,0,87.27,87.72,88.27
23,0,0,0,0,97268,97268,97268,11,11,11,591,591,591,0.00,0.00,0.00,0.00,0.00,0.00,0.00,0.00,0.00,0.00,0.00,0.00,0.00,0.00,0.00,0.00,0.00,0.00,0.00,0.00,0.00,314463,450719,662959,327566,465394,678681,0,0,0,0,0,0,0,85792,0,95.09,95.64,96.10
23,1,0,0,0,97266,97266,97266,13,13,13,591,591,591,0.00,0.00,0.00,0.00,0.00,0.00,0.00,0.00,0.00,0.00,0.00,0.00,0.00,0.00,0.00,0.00,0.00,0.00,0.00,0.00,0.00,321962,380918,424412,337797,395576,439940,0,0,0,0,0,0,0,75766,0,94.71,94.78,94.86
23,2,0,0,0,97269,97269,97269,10,10,10,591,591,591,0.00,0.00,0.00,0.00,0.00,0.00,0.00,0.00,0.00,0.00,0.00,0.00,0.00,0.00,0.00,0.00,0.00,0.00,0.00,0.00,0.00,319693,446521,642005,335416,461719,660348,0,0,0,0,0,0,0,83521,0,92.59,92.76,92.92
23,3,0,0,0,97266,97266,97266,13,13,13,591,591,591,0.00,0.00,0.00,0.00,0.00,0.00,0.00,0.00,0.00,0.00,0.00,0.00,0.00,0.00,0.00,0.00,0.00,0.00,0.00,0.00,0.00,330180,457524,566012,345903,472198,579114,0,0,0,0,0,0,0,79156,0,87.94,88.38,88.75
24,0,0,0,0,97268,97268,97268,11,11,11,591,591,591,0.00,0.00,0.00,0.00,0.00,0.00,0.00,0.00,0.00,0.00,0.00,0.00,0.00,0.00,0.00,0.00,0.00,0.00,0.00,0.00,0.00,411405,687207,1357421,424507,647772,1373144,0,0,0,0,0,0,0,57002,0,94.75,94.83,95.03
24,1,0,0,0,97266,97266,97266,13,13,13,591,591,591,0.00,0.00,0.00,0.00,0.00,0.00,0.00,0.00,0.00,0.00,0.00,0.00,0.00,0.00,0.00,0.00,0.00,0.00,0.00,0.00,0.00,21109,400007,838784,34302,413020,849203,0,0,0,0,0,0,0,56625,0,94.33,94.49,94.66
24,2,0,0,0,97269,97269,97269,10,10,10,591,591,591,0.00,0.00,0.00,0.00,0.00,0.00,0.00,0.00,0.00,0.00,0.00,0.00,0.00,0.00,0.00,0.00,0.00,0.00,0.00,0.00,0.00,0,425561,875232,13102,465785,888334,0,0,0,0,0,0,0,55511,0,92.51,92.54,92.57
24,3,0,0,0,97266,97266,97266,13,13,13,591,591,591,0.00,0.00,0.00,0.00,0.00,0.00,0.00,0.00,0.00,0.00,0.00,0.00,0.00,0.00,0.00,0.00,0.00,0.00,0.00,0.00,0.00,322255,477358,937741,337975,491485,950729,0,0,0,0,0,0,0,52426,0,87.31,87.46,87.74
25,0,0,0,0,97268,97268,97268,11,11,11,591,591,591,0.00,0.00,0.00,0.00,0.00,0.00,0.00,0.00,0.00,0.00,0.00,0.00,0.00,0.00,0.00,0.00,0.00,0.00,0.00,0.00,0.00,537202,1414838,2957857,550304,1453927,2991268,0,0,0,0,0,0,0,47388,0,94.65,94.67,94.70
25,1,0,0,0,97266,97266,97266,13,13,13,591,591,591,0.00,0.00,0.00,0.00,0.00,0.00,0.00,0.00,0.00,0.00,0.00,0.00,0.00,0.00,0.00,0.00,0.00,0.00,0.00,0.00,0.00,0,420152,917173,0,448104,987926,0,0,0,0,0,0,0,37842,0,94.47,94.51,94.54
25,2,0,0,0,97269,97269,97269,10,10,10,591,591,591,0.00,0.00,0.00,0.00,0.00,0.00,0.00,0.00,0.00,0.00,0.00,0.00,0.00,0.00,0.00,0.00,0.00,0.00,0.00,0.00,0.00,327556,2454956,4467814,340658,2504452,4572631,0,0,0,0,0,0,0,37085,0,92.51,92.53,92.55
25,3,0,0,0,97266,97266,97266,13,13,13,591,591,591,0.00,0.00,0.00,0.00,0.00,0.00,0.00,0.00,0.00,0.00,0.00,0.00,0.00,0.00,0.00,0.00,0.00,0.00,0.00,0.00,0.00,330184,1972916,2892917,345907,2018354,2926972,0,0,0,0,0,0,0,34865,0,87.12,87.14,87.15
26,0,0,0,0,97268,97268,97268,11,11,11,591,591,591,0.00,0.00,0.00,0.00,0.00,0.00,0.00,0.00,0.00,0.00,0.00,0.00,0.00,0.00,0.00,0.00,0.00,0.00,0.00,0.00,0.00,421892,762012,1354794,437615,782451,1370517,0,0,0,0,0,0,0,76029,0,94.65,94.76,94.83
26,1,0,0,0,97266,97266,97266,13,13,13,591,591,591,0.00,0.00,0.00,0.00,0.00,0.00,0.00,0.00,0.00,0.00,0.00,0.00,0.00,0.00,0.00,0.00,0.00,0.00,0.00,0.00,0.00,324946,487731,885693,340669,507639,927619,0,0,0,0,0,0,0,85017,0,94.36,94.43,94.51
26,2,0,0,0,97269,97269,97269,10,10,10,591,591,591,0.00,0.00,0.00,0.00,0.00,0.00,0.00,0.00,0.00,0.00,0.00,0.00,0.00,0.00,0.00,0.00,0.00,0.00,0.00,0.00,0.00,317044,550812,1399312,332765,570203,1443859,0,0,0,0,0,0,0,83623,0,92.54,92.62,92.68
26,3,0,0,0,97266,97266,97266,13,13,13,591,591,591,0.00,0.00,0.00,0.00,0.00,0.00,0.00,0.00,0.00,0.00,0.00,0.00,0.00,0.00,0.00,0.00,0.00,0.00,0.00,0.00,0.00,330131,461814,957196,345852,481734,1001777,0,0,0,0,0,0,0,78486,0,87.06,87.10,87.13
27,0,0,0,0,97268,97268,97268,11,11,11,591,591,591,0.00,0.00,0.00,0.00,0.00,0.00,0.00,0.00,0.00,0.00,0.00,0.00,0.00,0.00,0.00,0.00,0.00,0.00,0.00,0.00,0.00,421882,542963,809733,437604,557114,825456,0,0,0,0,0,0,0,75989,0,94.89,94.93,94.97
27,1,0,0,0,97266,97266,97266,13,13,13,591,591,591,0.00,0.00,0.00,0.00,0.00,0.00,0.00,0.00,0.00,0.00,0.00,0.00,0.00,0.00,0.00,0.00,0.00,0.00,0.00,0.00,0.00,314203,430902,857695,327481,445007,873336,0,0,0,0,0,0,0,75560,0,94.38,94.40,94.42
27,2,0,0,0,97269,97269,97269,10,10,10,591,591,591,0.00,0.00,0.00,0.00,0.00,0.00,0.00,0.00,0.00,0.00,0.00,0.00,0.00,0.00,0.00,0.00,0.00,0.00,0.00,0.00,0.00,317074,340659,421888,327556,354285,434990,0,0,0,0,0,0,0,74062,0,92.53,92.60,92.69
27,3,0,0,0,97266,97266,97266,13,13,13,591,591,591,0.00,0.00,0.00,0.00,0.00,0.00,0.00,0.00,0.00,0.00,0.00,0.00,0.00,0.00,0.00,0.00,0.00,0.00,0.00,0.00,0.00,306504,484031,987925,319603,498096,1001028,0,0,0,0,0,0,0,69713,0,87.08,87.14,87.20
28,0,0,0,0,97268,97268,97268,11,11,11,591,591,591,0.00,0.00,0.00,0.00,0.00,0.00,0.00,0.00,0.00,0.00,0.00,0.00,0.00,0.00,0.00,0.00,0.00,0.00,0.00,0.00,0.00,403506,482383,762555,416607,495999,778277,0,0,0,0,0,0,0,76149,0,94.96,95.08,95.23
28,1,0,0,0,97266,97266,97266,13,13,13,591,591,591,0.00,0.00,0.00,0.00,0.00,0.00,0.00,0.00,0.00,0.00,0.00,0.00,0.00,0.00,0.00,0.00,0.00,0.00,0.00,0.00,0.00,319696,336823,377352,332799,350441,390454,0,0,0,0,0,0,0,75563,0,94.45,94.48,94.51
28,2,0,0,0,97269,97269,97269,10,10,10,591,591,591,0.00,0.00,0.00,0.00,0.00,0.00,0.00,0.00,0.00,0.00,0.00,0.00,0.00,0.00,0.00,0.00,0.00,0.00,0.00,0.00,0.00,318716,433257,605326,332108,447381,618429,0,0,0,0,0,0,0,74124,0,92.50,92.57,92.65
28,3,0,0,0,97266,97266,97266,13,13,13,591,591,591,0.00,0.00,0.00,0.00,0.00,0.00,0.00,0.00,0.00,0.00,0.00,0.00,0.00,0.00,0.00,0.00,0.00,0.00,0.00,0.00,0.00,322286,346946,424522,338008,361096,437624,0,0,0,0,0,0,0,69668,0,87.14,87.16,87.20
29,0,0,0,0,97268,97268,97268,11,11,11,591,591,591,0.00,0.00,0.00,0.00,0.00,0.00,0.00,0.00,0.00,0.00,0.00,0.00,0.00,0.00,0.00,0.00,0.00,0.00,0.00,0.00,0.00,154609,550812,1184440,167712,564438,1200163,0,0,0,0,0,0,0,76154,0,94.71,94.78,94.86
29,1,0,0,0,97266,97266,97266,13,13,13,591,591,591,0.00,0.00,0.00,0.00,0.00,0.00,0.00,0.00,0.00,0.00,0.00,0.00,0.00,0.00,0.00,0.00,0.00,0.00,0.00,0.00,0.00,317084,375692,484792,330187,389316,497895,0,0,0,0,0,0,0,75703,0,94.47,94.54,94.61
29,2,0,0,0,97269,97269,97269,10,10,10,591,591,591,0.00,0.00,0.00,0.00,0.00,0.00,0.00,0.00,0.00,0.00,0.00,0.00,0.00,0.00,0.00,0.00,0.00,0.00,0.00,0.00,0.00,319695,349043,406170,335417,363193,419273,0,0,0,0,0,0,0,64850,0,92.42,92.46,92.48
29,3,0,0,0,97266,97266,97266,13,13,13,591,591,591,0.00,0.00,0.00,0.00,0.00,0.00,0.00,0.00,0.00,0.00,0.00,0.00,0.00,0.00,0.00,0.00,0.00,0.00,0.00,0.00,0.00,324943,355337,390453,340666,368440,400935,0,0,0,0,0,0,0,69940,0,87.08,87.21,87.33
30,0,0,0,0,97268,97268,97268,11,11,11,591,591,591,0.00,0.00,0.00,0.00,0.00,0.00,0.00,0.00,0.00,0.00,0.00,0.00,0.00,0.00,0.00,0.00,0.00,0.00,0.00,0.00,0.00,421895,460549,571271,434998,504705,628915,0,0,0,0,0,0,0,56891,0,94.88,94.93,94.98
30,1,0,0,0,97266,97266,97266,13,13,13,591,591,591,0.00,0.00,0.00,0.00,0.00,0.00,0.00,0.00,0.00,0.00,0.00,0.00,0.00,0.00,0.00,0.00,0.00,0.00,0.00,0.00,0.00,0,354369,796644,20566,369685,812367,0,0,0,0,0,0,0,66086,0,94.37,94.44,94.53
30,2,0,0,0,97269,97269,97269,10,10,10,591,591,591,0.00,0.00,0.00,0.00,0.00,0.00,0.00,0.00,0.00,0.00,0.00,0.00,0.00,0.00,0.00,0.00,0.00,0.00,0.00,0.00,0.00,314458,541912,1019371,330181,611224,1035094,0,0,0,0,0,0,0,74130,0,92.48,92.51,92.55
30,3,0,0,0,97266,97266,97266,13,13,13,591,591,591,0.00,0.00,0.00,0.00,0.00,0.00,0.00,0.00,0.00,0.00,0.00,0.00,0.00,0.00,0.00,0.00,0.00,0.00,0.00,0.00,0.00,15723,276722,385206,28825,290348,395687,0,0,0,0,0,0,0,61118,0,87.33,87.36,87.38
31,0,0,0,0,97268,97268,97268,11,11,11,591,591,591,0.00,0.00,0.00,0.00,0.00,0.00,0.00,0.00,0.00,0.00,0.00,0.00,0.00,0.00,0.00,0.00,0.00,0.00,0.00,0.00,0.00,404823,533784,778278,417715,507860,791381,0,0,0,0,0,0,0,75985,0,94.92,94.98,95.06
31,1,0,0,0,97266,97266,97266,13,13,13,591,591,591,0.00,0.00,0.00,0.00,0.00,0.00,0.00,0.00,0.00,0.00,0.00,0.00,0.00,0.00,0.00,0.00,0.00,0.00,0.00,0.00,0.00,307743,331334,390450,318252,344452,403552,0,0,0,0,0,0,0,75711,0,94.36,94.49,94.59
31,2,0,0,0,97269,97269,97269,10,10,10,591,591,591,0.00,0.00,0.00,0.00,0.00,0.00,0.00,0.00,0.00,0.00,0.00,0.00,0.00,0.00,0.00,0.00,0.00,0.00,0.00,0.00,0.00,214221,435134,725862,221132,391170,741585,0,0,0,0,0,0,0,74077,0,92.36,92.46,92.55
31,3,0,0,0,97266,97266,97266,13,13,13,591,591,591,0.00,0.00,0.00,0.00,0.00,0.00,0.00,0.00,0.00,0.00,0.00,0.00,0.00,0.00,0.00,0.00,0.00,0.00,0.00,0.00,0.00,313167,465945,896214,329227,480073,911937,0,0,0,0,0,0,0,69883,0,87.16,87.22,87.27
32,0,0,0,0,97268,97268,97268,11,11,11,591,591,591,0.00,0.00,0.00,0.00,0.00,0.00,0.00,0.00,0.00,0.00,0.00,0.00,0.00,0.00,0.00,0.00,0.00,0.00,0.00,0.00,0.00,382561,488837,744222,395937,527813,757325,0,0,0,0,0,0,0,85466,0,94.87,94.93,94.96
32,1,0,0,0,97266,97266,97266,13,13,13,591,591,591,0.00,0.00,0.00,0.00,0.00,0.00,0.00,0.00,0.00,0.00,0.00,0.00,0.00,0.00,0.00,0.00,0.00,0.00,0.00,0.00,0.00,323682,352469,400938,339344,366607,416661,0,0,0,0,0,0,0,75723,0,94.51,94.54,94.57
32,2,0,0,0,97269,97269,97269,10,10,10,591,591,591,0.00,0.00,0.00,0.00,0.00,0.00,0.00,0.00,0.00,0.00,0.00,0.00,0.00,0.00,0.00,0.00,0.00,0.00,0.00,0.00,0.00,314451,378394,579123,330173,442594,619735,0,0,0,0,0,0,0,83380,0,92.40,92.49,92.55
32,3,0,0,0,97266,97266,97266,13,13,13,591,591,591,0.00,0.00,0.00,0.00,0.00,0.00,0.00,0.00,0.00,0.00,0.00,0.00,0.00,0.00,0.00,0.00,0.00,0.00,0.00,0.00,0.00,319690,367915,450725,335412,382065,461207,0,0,0,0,0,0,0,69651,0,87.08,87.21,87.28
33,0,0,0,0,97268,97268,97268,11,11,11,591,591,591,0.00,0.00,0.00,0.00,0.00,0.00,0.00,0.00,0.00,0.00,0.00,0.00,0.00,0.00,0.00,0.00,0.00,0.00,0.00,0.00,0.00,414025,792432,1682330,286502,754346,1698053,0,0,0,0,0,0,0,76105,0,94.92,94.96,95.00
33,1,0,0,0,97266,97266,97266,13,13,13,591,591,591,0.00,0.00,0.00,0.00,0.00,0.00,0.00,0.00,0.00,0.00,0.00,0.00,0.00,0.00,0.00,0.00,0.00,0.00,0.00,0.00,0.00,330188,418392,555490,343291,433053,571212,0,0,0,0,0,0,0,85388,0,94.60,94.66,94.72
33,2,0,0,0,97269,97269,97269,10,10,10,591,591,591,0.00,0.00,0.00,0.00,0.00,0.00,0.00,0.00,0.00,0.00,0.00,0.00,0.00,0.00,0.00,0.00,0.00,0.00,0.00,0.00,0.00,319663,612129,1050805,369487,634148,1066527,0,0,0,0,0,0,0,74336,0,92.57,92.60,92.65
33,3,0,0,0,97266,97266,97266,13,13,13,591,591,591,0.00,0.00,0.00,0.00,0.00,0.00,0.00,0.00,0.00,0.00,0.00,0.00,0.00,0.00,0.00,0.00,0.00,0.00,0.00,0.00,0.00,322287,368955,424518,335388,383629,440241,0,0,0,0,0,0,0,69986,0,87.06,87.23,87.42
34,0,0,0,0,97268,97268,97268,11,11,11,591,591,591,0.00,0.00,0.00,0.00,0.00,0.00,0.00,0.00,0.00,0.00,0.00,0.00,0.00,0.00,0.00,0.00,0.00,0.00,0.00,0.00,0.00,279514,465736,765185,434955,534044,780908,0,0,0,0,0,0,0,76081,0,94.97,94.99,95.04
34,1,0,0,0,97266,97266,97266,13,13,13,591,591,591,0.00,0.00,0.00,0.00,0.00,0.00,0.00,0.00,0.00,0.00,0.00,0.00,0.00,0.00,0.00,0.00,0.00,0.00,0.00,0.00,0.00,322320,494815,909308,335423,508354,922410,0,0,0,0,0,0,0,75861,0,94.64,94.67,94.72
34,2,0,0,0,97269,97269,97269,10,10,10,591,591,591,0.00,0.00,0.00,0.00,0.00,0.00,0.00,0.00,0.00,0.00,0.00,0.00,0.00,0.00,0.00,0.00,0.00,0.00,0.00,0.00,0.00,213397,429736,718002,221933,393424,731104,0,0,0,0,0,0,0,74482,0,92.75,92.87,93.05
34,3,0,0,0,97266,97266,97266,13,13,13,591,591,591,0.00,0.00,0.00,0.00,0.00,0.00,0.00,0.00,0.00,0.00,0.00,0.00,0.00,0.00,0.00,0.00,0.00,0.00,0.00,0.00,0.00,5240,419102,932895,20963,431855,945997,0,0,0,0,0,0,0,78945,0,87.46,87.53,87.67
35,0,0,0,0,97268,97268,97268,11,11,11,591,591,591,0.00,0.00,0.00,0.00,0.00,0.00,0.00,0.00,0.00,0.00,0.00,0.00,0.00,0.00,0.00,0.00,0.00,0.00,0.00,0.00,0.00,410676,484823,594863,426076,473291,610587,0,0,0,0,0,0,0,76111,0,94.92,95.01,95.05
35,1,0,0,0,97266,97266,97266,13,13,13,591,591,591,0.00,0.00,0.00,0.00,0.00,0.00,0.00,0.00,0.00,0.00,0.00,0.00,0.00,0.00,0.00,0.00,0.00,0.00,0.00,0.00,0.00,230491,382551,602637,240968,396176,620978,0,0,0,0,0,0,0,75506,0,94.44,94.63,94.72
35,2,0,0,0,97269,97269,97269,10,10,10,591,591,591,0.00,0.00,0.00,0.00,0.00,0.00,0.00,0.00,0.00,0.00,0.00,0.00,0.00,0.00,0.00,0.00,0.00,0.00,0.00,0.00,0.00,307633,349776,434999,323684,413482,580243,0,0,0,0,0,0,0,74202,0,92.65,92.89,93.03
35,3,0,0,0,97266,97266,97266,13,13,13,591,591,591,0.00,0.00,0.00,0.00,0.00,0.00,0.00,0.00,0.00,0.00,0.00,0.00,0.00,0.00,0.00,0.00,0.00,0.00,0.00,0.00,0.00,318043,424234,578330,330868,439409,597072,0,0,0,0,0,0,0,69848,0,87.33,87.52,87.68
36,0,0,0,0,97268,97268,97268,11,11,11,591,591,591,0.00,0.00,0.00,0.00,0.00,0.00,0.00,0.00,0.00,0.00,0.00,0.00,0.00,0.00,0.00,0.00,0.00,0.00,0.00,0.00,0.00,419280,625760,1344286,448058,691137,1357388,0,0,0,0,0,0,0,75962,0,94.88,94.95,95.06
36,1,0,0,0,97266,97266,97266,13,13,13,591,591,591,0.00,0.00,0.00,0.00,0.00,0.00,0.00,0.00,0.00,0.00,0.00,0.00,0.00,0.00,0.00,0.00,0.00,0.00,0.00,0.00,0.00,322309,354419,437624,335411,368832,450727,0,0,0,0,0,0,0,75620,0,94.28,94.34,94.46
36,2,0,0,0,97269,97269,97269,10,10,10,591,591,591,0.00,0.00,0.00,0.00,0.00,0.00,0.00,0.00,0.00,0.00,0.00,0.00,0.00,0.00,0.00,0.00,0.00,0.00,0.00,0.00,0.00,335417,604661,1029849,332793,561817,1042951,0,0,0,0,0,0,0,55543,0,92.49,92.52,92.59
36,3,0,0,0,97266,97266,97266,13,13,13,591,591,591,0.00,0.00,0.00,0.00,0.00,0.00,0.00,0.00,0.00,0.00,0.00,0.00,0.00,0.00,0.00,0.00,0.00,0.00,0.00,0.00,0.00,324904,346548,403544,338005,360305,416647,0,0,0,0,0,0,0,69751,0,87.13,87.17,87.24
37,0,0,0,0,97268,97268,97268,11,11,11,591,591,591,0.00,0.00,0.00,0.00,0.00,0.00,0.00,0.00,0.00,0.00,0.00,0.00,0.00,0.00,0.00,0.00,0.00,0.00,0.00,0.00,0.00,270781,449849,579130,281262,462427,592233,0,0,0,0,0,0,0,57572,0,94.95,95.15,95.41
37,1,0,0,0,97266,97266,97266,13,13,13,591,591,591,0.00,0.00,0.00,0.00,0.00,0.00,0.00,0.00,0.00,0.00,0.00,0.00,0.00,0.00,0.00,0.00,0.00,0.00,0.00,0.00,0.00,317067,443385,822832,330169,457012,835935,0,0,0,0,0,0,0,66350,0,94.61,94.66,94.72
37,2,0,0,0,97269,97269,97269,10,10,10,591,591,591,0.00,0.00,0.00,0.00,0.00,0.00,0.00,0.00,0.00,0.00,0.00,0.00,0.00,0.00,0.00,0.00,0.00,0.00,0.00,0.00,0.00,317076,398306,699656,332792,411932,710138,0,0,0,0,0,0,0,74596,0,92.58,92.83,93.00
37,3,0,0,0,97266,97266,97266,13,13,13,591,591,591,0.00,0.00,0.00,0.00,0.00,0.00,0.00,0.00,0.00,0.00,0.00,0.00,0.00,0.00,0.00,0.00,0.00,0.00,0.00,0.00,0.00,317078,337517,393073,332800,351668,408796,0,0,0,0,0,0,0,79101,0,87.18,87.37,87.71
38,0,0,0,0,97268,97268,97268,11,11,11,591,591,591,0.00,0.00,0.00,0.00,0.00,0.00,0.00,0.00,0.00,0.00,0.00,0.00,0.00,0.00,0.00,0.00,0.00,0.00,0.00,0.00,0.00,406177,440892,497887,421900,451769,513610,0,0,0,0,0,0,0,76528,0,95.36,95.47,95.52
38,1,0,0,0,97266,97266,97266,13,13,13,591,591,591,0.00,0.00,0.00,0.00,0.00,0.00,0.00,0.00,0.00,0.00,0.00,0.00,0.00,0.00,0.00,0.00,0.00,0.00,0.00,0.00,0.00,311827,325987,359006,327549,340137,372108,0,0,0,0,0,0,0,75690,0,94.57,94.57,94.58
38,2,0,0,0,97269,97269,97269,10,10,10,591,591,591,0.00,0.00,0.00,0.00,0.00,0.00,0.00,0.00,0.00,0.00,0.00,0.00,0.00,0.00,0.00,0.00,0.00,0.00,0.00,0.00,0.00,313309,393663,631460,326698,346633,398803,0,0,0,0,0,0,0,74003,0,92.54,92.76,92.97
38,3,0,0,0,97266,97266,97266,13,13,13,591,591,591,0.00,0.00,0.00,0.00,0.00,0.00,0.00,0.00,0.00,0.00,0.00,0.00,0.00,0.00,0.00,0.00,0.00,0.00,0.00,0.00,0.00,2620,435338,901446,15722,448091,917169,0,0,0,0,0,0,0,52567,0,87.77,87.82,87.91
39,0,0,0,0,97268,97268,97268,11,11,11,591,591,591,0.00,0.00,0.00,0.00,0.00,0.00,0.00,0.00,0.00,0.00,0.00,0.00,0.00,0.00,0.00,0.00,0.00,0.00,0.00,0.00,0.00,404731,442469,553359,420004,454997,566855,0,0,0,0,0,0,0,86245,0,94.97,95.14,95.30
39,1,0,0,0,97266,97266,97266,13,13,13,591,591,591,0.00,0.00,0.00,0.00,0.00,0.00,0.00,0.00,0.00,0.00,0.00,0.00,0.00,0.00,0.00,0.00,0.00,0.00,0.00,0.00,0.00,213135,322212,406180,223617,335267,419283,0,0,0,0,0,0,0,76019,0,94.57,94.67,94.85
39,2,0,0,0,97269,97269,97269,10,10,10,591,591,591,0.00,0.00,0.00,0.00,0.00,0.00,0.00,0.00,0.00,0.00,0.00,0.00,0.00,0.00,0.00,0.00,0.00,0.00,0.00,0.00,0.00,309216,500507,1200171,319697,571768,1215894,0,0,0,0,0,0,0,83881,0,92.51,92.70,92.96
39,3,0,0,0,97266,97266,97266,13,13,13,591,591,591,0.00,0.00,0.00,0.00,0.00,0.00,0.00,0.00,0.00,0.00,0.00,0.00,0.00,0.00,0.00,0.00,0.00,0.00,0.00,0.00,0.00,319761,345391,434997,332996,359518,448099,0,0,0,0,0,0,0,70713,0,87.39,87.66,87.92
40,0,0,0,0,97268,97268,97268,11,11,11,591,591,591,0.00,0.00,0.00,0.00,0.00,0.00,0.00,0.00,0.00,0.00,0.00,0.00,0.00,0.00,0.00,0.00,0.00,0.00,0.00,0.00,0.00,286502,690405,1388859,296984,703506,1401962,0,0,0,0,0,0,0,76044,0,95.03,95.30,95.52
40,1,0,0,0,97266,97266,97266,13,13,13,591,591,591,0.00,0.00,0.00,0.00,0.00,0.00,0.00,0.00,0.00,0.00,0.00,0.00,0.00,0.00,0.00,0.00,0.00,0.00,0.00,0.00,0.00,317081,383116,547683,330184,397266,563406,0,0,0,0,0,0,0,85110,0,94.48,94.63,94.77
40,2,0,0,0,97269,97269,97269,10,10,10,591,591,591,0.00,0.00,0.00,0.00,0.00,0.00,0.00,0.00,0.00,0.00,0.00,0.00,0.00,0.00,0.00,0.00,0.00,0.00,0.00,0.00,0.00,314457,397260,615807,327559,357429,424505,0,0,0,0,0,0,0,74282,0,92.64,92.78,92.89
40,3,0,0,0,97266,97266,97266,13,13,13,591,591,591,0.00,0.00,0.00,0.00,0.00,0.00,0.00,0.00,0.00,0.00,0.00,0.00,0.00,0.00,0.00,0.00,0.00,0.00,0.00,0.00,0.00,324940,345902,408796,338042,360053,421899,0,0,0,0,0,0,0,69929,0,87.44,87.70,87.93
41,0,0,0,0,97268,97268,97268,11,11,11,591,591,591,0.00,0.00,0.00,0.00,0.00,0.00,0.00,0.00,0.00,0.00,0.00,0.00,0.00,0.00,0.00,0.00,0.00,0.00,0.00,0.00,0.00,416654,491591,757324,429761,585931,833328,0,0,0,0,0,0,0,75848,0,94.79,94.90,94.97
41,1,0,0,0,97266,97266,97266,13,13,13,591,591,591,0.00,0.00,0.00,0.00,0.00,0.00,0.00,0.00,0.00,0.00,0.00,0.00,0.00,0.00,0.00,0.00,0.00,0.00,0.00,0.00,0.00,319701,430281,838535,332805,443908,851637,0,0,0,0,0,0,0,75581,0,94.52,94.58,94.65
41,2,0,0,0,97269,97269,97269,10,10,10,591,591,591,0.00,0.00,0.00,0.00,0.00,0.00,0.00,0.00,0.00,0.00,0.00,0.00,0.00,0.00,0.00,0.00,0.00,0.00,0.00,0.00,0.00,206039,352799,597449,216427,427433,628909,0,0,0,0,0,0,0,74223,0,92.60,92.66,92.71
41,3,0,0,0,97266,97266,97266,13,13,13,591,591,591,0.00,0.00,0.00,0.00,0.00,0.00,0.00,0.00,0.00,0.00,0.00,0.00,0.00,0.00,0.00,0.00,0.00,0.00,0.00,0.00,0.00,10481,307634,476922,23584,320212,487404,0,0,0,0,0,0,0,78681,0,87.38,87.42,87.46
42,0,0,0,0,97268,97268,97268,11,11,11,591,591,591,0.00,0.00,0.00,0.00,0.00,0.00,0.00,0.00,0.00,0.00,0.00,0.00,0.00,0.00,0.00,0.00,0.00,0.00,0.00,0.00,0.00,421899,562923,820225,435002,512834,710495,0,0,0,0,0,0,0,75997,0,94.75,94.80,94.86
42,1,0,0,0,97266,97266,97266,13,13,13,591,591,591,0.00,0.00,0.00,0.00,0.00,0.00,0.00,0.00,0.00,0.00,0.00,0.00,0.00,0.00,0.00,0.00,0.00,0.00,0.00,0.00,0.00,317081,344529,374735,330183,358232,387838,0,0,0,0,0,0,0,75674,0,94.42,94.47,94.53
42,2,0,0,0,97269,97269,97269,10,10,10,591,591,591,0.00,0.00,0.00,0.00,0.00,0.00,0.00,0.00,0.00,0.00,0.00,0.00,0.00,0.00,0.00,0.00,0.00,0.00,0.00,0.00,0.00,307647,351405,450721,320888,356362,463823,0,0,0,0,0,0,0,64803,0,92.56,92.62,92.66
42,3,0,0,0,97266,97266,97266,13,13,13,591,591,591,0.00,0.00,0.00,0.00,0.00,0.00,0.00,0.00,0.00,0.00,0.00,0.00,0.00,0.00,0.00,0.00,0.00,0.00,0.00,0.00,0.00,324944,510991,935511,338046,524748,948614,0,0,0,0,0,0,0,70134,0,87.46,87.54,87.65
43,0,0,0,0,97268,97268,97268,11,11,11,591,591,591,0.00,0.00,0.00,0.00,0.00,0.00,0.00,0.00,0.00,0.00,0.00,0.00,0.00,0.00,0.00,0.00,0.00,0.00,0.00,0.00,0.00,425801,705694,1307611,439191,720426,1323333,0,0,0,0,0,0,0,75891,0,94.82,94.85,94.89
43,1,0,0,0,97266,97266,97266,13,13,13,591,591,591,0.00,0.00,0.00,0.00,0.00,0.00,0.00,0.00,0.00,0.00,0.00,0.00,0.00,0.00,0.00,0.00,0.00,0.00,0.00,0.00,0.00,204382,386250,526729,213117,400051,542452,0,0,0,0,0,0,0,75530,0,94.42,94.48,94.53
43,2,0,0,0,97269,97269,97269,10,10,10,591,591,591,0.00,0.00,0.00,0.00,0.00,0.00,0.00,0.00,0.00,0.00,0.00,0.00,0.00,0.00,0.00,0.00,0.00,0.00,0.00,0.00,0.00,319664,603218,1118915,332765,617892,1134637,0,0,0,0,0,0,0,74371,0,92.65,92.79,92.90
43,3,0,0,0,97266,97266,97266,13,13,13,591,591,591,0.00,0.00,0.00,0.00,0.00,0.00,0.00,0.00,0.00,0.00,0.00,0.00,0.00,0.00,0.00,0.00,0.00,0.00,0.00,0.00,0.00,324932,372172,445720,340553,386787,459227,0,0,0,0,0,0,0,70017,0,87.47,87.54,87.64
44,0,0,0,0,97268,97268,97268,11,11,11,591,591,591,0.00,0.00,0.00,0.00,0.00,0.00,0.00,0.00,0.00,0.00,0.00,0.00,0.00,0.00,0.00,0.00,0.00,0.00,0.00,0.00,0.00,417525,452984,581753,428006,466086,594855,0,0,0,0,0,0,0,56933,0,94.73,94.78,94.82
44,1,0,0,0,97266,97266,97266,13,13,13,591,591,591,0.00,0.00,0.00,0.00,0.00,0.00,0.00,0.00,0.00,0.00,0.00,0.00,0.00,0.00,0.00,0.00,0.00,0.00,0.00,0.00,0.00,322309,441814,807118,335411,455965,820221,0,0,0,0,0,0,0,66222,0,94.35,94.43,94.50
44,2,0,0,0,97269,97269,97269,10,10,10,591,591,591,0.00,0.00,0.00,0.00,0.00,0.00,0.00,0.00,0.00,0.00,0.00,0.00,0.00,0.00,0.00,0.00,0.00,0.00,0.00,0.00,0.00,317069,462770,741585,332791,476921,757308,0,0,0,0,0,0,0,74222,0,92.76,92.83,92.92
44,3,0,0,0,97266,97266,97266,13,13,13,591,591,591,0.00,0.00,0.00,0.00,0.00,0.00,0.00,0.00,0.00,0.00,0.00,0.00,0.00,0.00,0.00,0.00,0.00,0.00,0.00,0.00,0.00,327555,365287,445439,340661,378914,461161,0,0,0,0,0,0,0,69985,0,87.44,87.47,87.48
45,0,0,0,0,97268,97268,97268,11,11,11,591,591,591,0.00,0.00,0.00,0.00,0.00,0.00,0.00,0.00,0.00,0.00,0.00,0.00,0.00,0.00,0.00,0.00,0.00,0.00,0.00,0.00,0.00,424522,466447,555543,437625,472213,571266,0,0,0,0,0,0,0,75831,0,94.70,94.73,94.77
45,1,0,0,0,97266,97266,97266,13,13,13,591,591,591,0.00,0.00,0.00,0.00,0.00,0.00,0.00,0.00,0.00,0.00,0.00,0.00,0.00,0.00,0.00,0.00,0.00,0.00,0.00,0.00,0.00,322026,383105,537184,335116,397780,552907,0,0,0,0,0,0,0,75613,0,94.51,94.55,94.60
45,2,0,0,0,97269,97269,97269,10,10,10,591,591,591,0.00,0.00,0.00,0.00,0.00,0.00,0.00,0.00,0.00,0.00,0.00,0.00,0.00,0.00,0.00,0.00,0.00,0.00,0.00,0.00,0.00,207493,323955,475341,216138,337650,488845,0,0,0,0,0,0,0,74236,0,92.72,92.75,92.77
45,3,0,0,0,97266,97266,97266,13,13,13,591,591,591,0.00,0.00,0.00,0.00,0.00,0.00,0.00,0.00,0.00,0.00,0.00,0.00,0.00,0.00,0.00,0.00,0.00,0.00,0.00,0.00,0.00,243696,458757,922421,262039,472907,935524,0,0,0,0,0,0,0,61265,0,87.49,87.53,87.56
46,0,0,0,0,97268,97268,97268,11,11,11,591,591,591,0.00,0.00,0.00,0.00,0.00,0.00,0.00,0.00,0.00,0.00,0.00,0.00,0.00,0.00,0.00,0.00,0.00,0.00,0.00,0.00,0.00,418182,451387,559946,431009,463601,572848,0,0,0,0,0,0,0,85314,0,94.67,94.69,94.70
46,1,0,0,0,97266,97266,97266,13,13,13,591,591,591,0.00,0.00,0.00,0.00,0.00,0.00,0.00,0.00,0.00,0.00,0.00,0.00,0.00,0.00,0.00,0.00,0.00,0.00,0.00,0.00,0.00,237595,327398,390369,249825,339765,403469,0,0,0,0,0,0,0,75777,0,94.47,94.52,94.59
46,2,0,0,0,97269,97269,97269,10,10,10,591,591,591,0.00,0.00,0.00,0.00,0.00,0.00,0.00,0.00,0.00,0.00,0.00,0.00,0.00,0.00,0.00,0.00,0.00,0.00,0.00,0.00,0.00,330179,504691,1006263,335416,500498,1021986,0,0,0,0,0,0,0,74111,0,92.58,92.64,92.70
46,3,0,0,0,97266,97266,97266,13,13,13,591,591,591,0.00,0.00,0.00,0.00,0.00,0.00,0.00,0.00,0.00,0.00,0.00,0.00,0.00,0.00,0.00,0.00,0.00,0.00,0.00,0.00,0.00,327525,378486,484794,342363,392048,497896,0,0,0,0,0,0,0,69936,0,87.41,87.47,87.52
47,0,0,0,0,97268,97268,97268,11,11,11,591,591,591,0.00,0.00,0.00,0.00,0.00,0.00,0.00,0.00,0.00,0.00,0.00,0.00,0.00,0.00,0.00,0.00,0.00,0.00,0.00,0.00,0.00,356382,629114,1378380,366864,640969,1391483,0,0,0,0,0,0,0,76042,0,94.69,94.72,94.80
47,1,0,0,0,97266,97266,97266,13,13,13,591,591,591,0.00,0.00,0.00,0.00,0.00,0.00,0.00,0.00,0.00,0.00,0.00,0.00,0.00,0.00,0.00,0.00,0.00,0.00,0.00,0.00,0.00,319694,351666,434990,335417,365816,450712,0,0,0,0,0,0,0,75743,0,94.51,94.61,94.67
47,2,0,0,0,97269,97269,97269,10,10,10,591,591,591,0.00,0.00,0.00,0.00,0.00,0.00,0.00,0.00,0.00,0.00,0.00,0.00,0.00,0.00,0.00,0.00,0.00,0.00,0.00,0.00,0.00,306595,374724,592224,319697,406169,605326,0,0,0,0,0,0,0,74265,0,92.45,92.49,92.55
47,3,0,0,0,97266,97266,97266,13,13,13,591,591,591,0.00,0.00,0.00,0.00,0.00,0.00,0.00,0.00,0.00,0.00,0.00,0.00,0.00,0.00,0.00,0.00,0.00,0.00,0.00,0.00,0.00,321462,339966,398312,337535,354187,414035,0,0,0,0,0,0,0,69843,0,87.27,87.33,87.41
48,0,0,0,0,97268,97268,97268,11,11,11,591,591,591,0.00,0.00,0.00,0.00,0.00,0.00,0.00,0.00,0.00,0.00,0.00,0.00,0.00,0.00,0.00,0.00,0.00,0.00,0.00,0.00,0.00,322319,387830,448092,327566,382066,461194,0,0,0,0,0,0,0,75665,0,94.56,94.67,94.76
48,1,0,0,0,97266,97266,97266,13,13,13,591,591,591,0.00,0.00,0.00,0.00,0.00,0.00,0.00,0.00,0.00,0.00,0.00,0.00,0.00,0.00,0.00,0.00,0.00,0.00,0.00,0.00,0.00,398315,564934,1153022,414038,579084,1168745,0,0,0,0,0,0,0,75755,0,94.48,94.64,94.76
48,2,0,0,0,97269,97269,97269,10,10,10,591,591,591,0.00,0.00,0.00,0.00,0.00,0.00,0.00,0.00,0.00,0.00,0.00,0.00,0.00,0.00,0.00,0.00,0.00,0.00,0.00,0.00,0.00,206373,350487,573880,319697,388350,589602,0,0,0,0,0,0,0,73992,0,92.43,92.49,92.53
48,3,0,0,0,97266,97266,97266,13,13,13,591,591,591,0.00,0.00,0.00,0.00,0.00,0.00,0.00,0.00,0.00,0.00,0.00,0.00,0.00,0.00,0.00,0.00,0.00,0.00,0.00,0.00,0.00,322320,343798,419266,332803,357424,432368,0,0,0,0,0,0,0,69834,0,87.17,87.21,87.23
49,0,0,0,0,97268,97268,97268,11,11,11,591,591,591,0.00,0.00,0.00,0.00,0.00,0.00,0.00,0.00,0.00,0.00,0.00,0.00,0.00,0.00,0.00,0.00,0.00,0.00,0.00,0.00,0.00,311842,336461,406132,332801,356373,421854,0,0,0,0,0,0,0,75776,0,94.53,94.59,94.64
49,1,0,0,0,97266,97266,97266,13,13,13,591,591,591,0.00,0.00,0.00,0.00,0.00,0.00,0.00,0.00,0.00,0.00,0.00,0.00,0.00,0.00,0.00,0.00,0.00,0.00,0.00,0.00,0.00,421898,438801,482171,437620,452555,495274,0,0,0,0,0,0,0,75556,0,94.42,94.57,94.75
49,2,0,0,0,97269,97269,97269,10,10,10,591,591,591,0.00,0.00,0.00,0.00,0.00,0.00,0.00,0.00,0.00,0.00,0.00,0.00,0.00,0.00,0.00,0.00,0.00,0.00,0.00,0.00,0.00,305050,381380,484779,214972,359631,497882,0,0,0,0,0,0,0,64811,0,92.38,92.42,92.44
49,3,0,0,0,97266,97266,97266,13,13,13,591,591,591,0.00,0.00,0.00,0.00,0.00,0.00,0.00,0.00,0.00,0.00,0.00,0.00,0.00,0.00,0.00,0.00,0.00,0.00,0.00,0.00,0.00,7861,440014,935484,20963,453116,951207,0,0,0,0,0,0,0,69735,0,87.18,87.22,87.28
50,0,0,0,0,97268,97268,97268,11,11,11,591,591,591,0.00,0.00,0.00,0.00,0.00,0.00,0.00,0.00,0.00,0.00,0.00,0.00,0.00,0.00,0.00,0.00,0.00,0.00,0.00,0.00,0.00,317183,365252,445481,330077,379379,461204,0,0,0,0,0,0,0,85218,0,94.56,94.59,94.62
50,1,0,0,0,97266,97266,97266,13,13,13,591,591,591,0.00,0.00,0.00,0.00,0.00,0.00,0.00,0.00,0.00,0.00,0.00,0.00,0.00,0.00,0.00,0.00,0.00,0.00,0.00,0.00,0.00,269018,417944,516028,281247,430738,531356,0,0,0,0,0,0,0,75635,0,94.34,94.45,94.52
50,2,0,0,0,97269,97269,97269,10,10,10,591,591,591,0.00,0.00,0.00,0.00,0.00,0.00,0.00,0.00,0.00,0.00,0.00,0.00,0.00,0.00,0.00,0.00,0.00,0.00,0.00,0.00,0.00,317074,515180,1001012,330176,529330,1014114,0,0,0,0,0,0,0,74201,0,92.49,92.61,92.67
50,3,0,0,0,97266,97266,97266,13,13,13,591,591,591,0.00,0.00,0.00,0.00,0.00,0.00,0.00,0.00,0.00,0.00,0.00,0.00,0.00,0.00,0.00,0.00,0.00,0.00,0.00,0.00,0.00,330184,376129,450721,343285,389657,466444,0,0,0,0,0,0,0,69924,0,87.14,87.17,87.24
51,0,0,0,0,97268,97268,97268,11,11,11,591,591,591,0.00,0.00,0.00,0.00,0.00,0.00,0.00,0.00,0.00,0.00,0.00,0.00,0.00,0.00,0.00,0.00,0.00,0.00,0.00,0.00,0.00,223611,462945,1011520,234093,476047,1024622,0,0,0,0,0,0,0,56832,0,94.50,94.57,94.64
51,1,0,0,0,97266,97266,97266,13,13,13,591,591,591,0.00,0.00,0.00,0.00,0.00,0.00,0.00,0.00,0.00,0.00,0.00,0.00,0.00,0.00,0.00,0.00,0.00,0.00,0.00,0.00,0.00,408798,491601,589613,421901,505752,602715,0,0,0,0,0,0,0,66084,0,94.35,94.40,94.52
51,2,0,0,0,97269,97269,97269,10,10,10,591,591,591,0.00,0.00,0.00,0.00,0.00,0.00,0.00,0.00,0.00,0.00,0.00,0.00,0.00,0.00,0.00,0.00,0.00,0.00,0.00,0.00,0.00,317077,460144,728479,330179,473770,741581,0,0,0,0,0,0,0,74064,0,92.45,92.49,92.57
51,3,0,0,0,97266,97266,97266,13,13,13,591,591,591,0.00,0.00,0.00,0.00,0.00,0.00,0.00,0.00,0.00,0.00,0.00,0.00,0.00,0.00,0.00,0.00,0.00,0.00,0.00,0.00,0.00,321346,345176,400921,334735,359383,416644,0,0,0,0,0,0,0,69795,0,87.22,87.24,87.28
52,0,0,0,0,97268,97268,97268,11,11,11,591,591,591,0.00,0.00,0.00,0.00,0.00,0.00,0.00,0.00,0.00,0.00,0.00,0.00,0.00,0.00,0.00,0.00,0.00,0.00,0.00,0.00,0.00,319703,349572,434999,332805,363723,445481,0,0,0,0,0,0,0,75896,0,94.61,94.63,94.66
52,1,0,0,0,97266,97266,97266,13,13,13,591,591,591,0.00,0.00,0.00,0.00,0.00,0.00,0.00,0.00,0.00,0.00,0.00,0.00,0.00,0.00,0.00,0.00,0.00,0.00,0.00,0.00,0.00,414037,558682,1097955,427140,572309,1111057,0,0,0,0,0,0,0,75698,0,94.39,94.51,94.58
52,2,0,0,0,97269,97269,97269,10,10,10,591,591,591,0.00,0.00,0.00,0.00,0.00,0.00,0.00,0.00,0.00,0.00,0.00,0.00,0.00,0.00,0.00,0.00,0.00,0.00,0.00,0.00,0.00,273101,306731,319690,281743,320014,335410,0,0,0,0,0,0,0,83385,0,92.50,92.60,92.70
52,3,0,0,0,97266,97266,97266,13,13,13,591,591,591,0.00,0.00,0.00,0.00,0.00,0.00,0.00,0.00,0.00,0.00,0.00,0.00,0.00,0.00,0.00,0.00,0.00,0.00,0.00,0.00,0.00,327561,349572,419279,340663,362150,429761,0,0,0,0,0,0,0,78482,0,87.19,87.21,87.24
53,0,0,0,0,97268,97268,97268,11,11,11,591,591,591,0.00,0.00,0.00,0.00,0.00,0.00,0.00,0.00,0.00,0.00,0.00,0.00,0.00,0.00,0.00,0.00,0.00,0.00,0.00,0.00,0.00,319694,431067,702282,332801,443908,715384,0,0,0,0,0,0,0,76049,0,94.79,94.89,94.95
53,1,0,0,0,97266,97266,97266,13,13,13,591,591,591,0.00,0.00,0.00,0.00,0.00,0.00,0.00,0.00,0.00,0.00,0.00,0.00,0.00,0.00,0.00,0.00,0.00,0.00,0.00,0.00,0.00,413995,491614,670570,429716,505233,681006,0,0,0,0,0,0,0,75585,0,94.44,94.45,94.46
53,2,0,0,0,97269,97269,97269,10,10,10,591,591,591,0.00,0.00,0.00,0.00,0.00,0.00,0.00,0.00,0.00,0.00,0.00,0.00,0.00,0.00,0.00,0.00,0.00,0.00,0.00,0.00,0.00,322283,608389,1026871,537200,694326,1039969,0,0,0,0,0,0,0,74332,0,92.72,92.75,92.80
53,3,0,0,0,97266,97266,97266,13,13,13,591,591,591,0.00,0.00,0.00,0.00,0.00,0.00,0.00,0.00,0.00,0.00,0.00,0.00,0.00,0.00,0.00,0.00,0.00,0.00,0.00,0.00,0.00,321442,490895,1008887,337165,505046,1024610,0,0,0,0,0,0,0,52382,0,87.20,87.24,87.28
54,0,0,0,0,97268,97268,97268,11,11,11,591,591,591,0.00,0.00,0.00,0.00,0.00,0.00,0.00,0.00,0.00,0.00,0.00,0.00,0.00,0.00,0.00,0.00,0.00,0.00,0.00,0.00,0.00,317079,444307,644215,330182,496029,655227,0,0,0,0,0,0,0,85284,0,94.76,94.85,94.94
54,1,0,0,0,97266,97266,97266,13,13,13,591,591,591,0.00,0.00,0.00,0.00,0.00,0.00,0.00,0.00,0.00,0.00,0.00,0.00,0.00,0.00,0.00,0.00,0.00,0.00,0.00,0.00,0.00,280329,436534,518858,294258,449785,531960,0,0,0,0,0,0,0,75681,0,94.44,94.48,94.55
54,2,0,0,0,97269,97269,97269,10,10,10,591,591,591,0.00,0.00,0.00,0.00,0.00,0.00,0.00,0.00,0.00,0.00,0.00,0.00,0.00,0.00,0.00,0.00,0.00,0.00,0.00,0.00,0.00,319697,446524,689182,332799,410880,702285,0,0,0,0,0,0,0,74169,0,92.57,92.70,92.79
54,3,0,0,0,97266,97266,97266,13,13,13,591,591,591,0.00,0.00,0.00,0.00,0.00,0.00,0.00,0.00,0.00,0.00,0.00,0.00,0.00,0.00,0.00,0.00,0.00,0.00,0.00,0.00,0.00,318605,352482,463830,331992,366584,479553,0,0,0,0,0,0,0,69816,0,87.12,87.14,87.17
55,0,0,0,0,97268,97268,97268,11,11,11,591,591,591,0.00,0.00,0.00,0.00,0.00,0.00,0.00,0.00,0.00,0.00,0.00,0.00,0.00,0.00,0.00,0.00,0.00,0.00,0.00,0.00,0.00,319701,433428,615816,332802,388356,558168,0,0,0,0,0,0,0,75945,0,94.67,94.74,94.82
55,1,0,0,0,97266,97266,97266,13,13,13,591,591,591,0.00,0.00,0.00,0.00,0.00,0.00,0.00,0.00,0.00,0.00,0.00,0.00,0.00,0.00,0.00,0.00,0.00,0.00,0.00,0.00,0.00,434991,692870,1192342,448093,707545,1208065,0,0,0,0,0,0,0,84998,0,94.35,94.41,94.49
55,2,0,0,0,97269,97269,97269,10,10,10,591,591,591,0.00,0.00,0.00,0.00,0.00,0.00,0.00,0.00,0.00,0.00,0.00,0.00,0.00,0.00,0.00,0.00,0.00,0.00,0.00,0.00,0.00,207199,327069,479553,327557,414031,586979,0,0,0,0,0,0,0,74134,0,92.45,92.51,92.58
55,3,0,0,0,97266,97266,97266,13,13,13,591,591,591,0.00,0.00,0.00,0.00,0.00,0.00,0.00,0.00,0.00,0.00,0.00,0.00,0.00,0.00,0.00,0.00,0.00,0.00,0.00,0.00,0.00,327552,405123,550299,340654,418749,563402,0,0,0,0,0,0,0,69698,0,87.09,87.13,87.19
56,0,0,0,0,97268,97268,97268,11,11,11,591,591,591,0.00,0.00,0.00,0.00,0.00,0.00,0.00,0.00,0.00,0.00,0.00,0.00,0.00,0.00,0.00,0.00,0.00,0.00,0.00,0.00,0.00,322320,343799,421887,338005,363581,437609,0,0,0,0,0,0,0,75798,0,94.68,94.76,94.82
56,1,0,0,0,97266,97266,97266,13,13,13,591,591,591,0.00,0.00,0.00,0.00,0.00,0.00,0.00,0.00,0.00,0.00,0.00,0.00,0.00,0.00,0.00,0.00,0.00,0.00,0.00,0.00,0.00,421902,429018,442865,427143,441462,455968,0,0,0,0,0,0,0,75482,0,94.34,94.43,94.47
56,2,0,0,0,97269,97269,97269,10,10,10,591,591,591,0.00,0.00,0.00,0.00,0.00,0.00,0.00,0.00,0.00,0.00,0.00,0.00,0.00,0.00,0.00,0.00,0.00,0.00,0.00,0.00,0.00,323404,594928,1019360,217559,530448,1032463,0,0,0,0,0,0,0,55387,0,92.32,92.46,92.57
56,3,0,0,0,97266,97266,97266,13,13,13,591,591,591,0.00,0.00,0.00,0.00,0.00,0.00,0.00,0.00,0.00,0.00,0.00,0.00,0.00,0.00,0.00,0.00,0.00,0.00,0.00,0.00,0.00,270773,314008,330183,284748,327984,345906,0,0,0,0,0,0,0,78395,0,87.09,87.16,87.24
57,0,0,0,0,97268,97268,97268,11,11,11,591,591,591,0.00,0.00,0.00,0.00,0.00,0.00,0.00,0.00,0.00,0.00,0.00,0.00,0.00,0.00,0.00,0.00,0.00,0.00,0.00,0.00,0.00,319699,351143,453345,332806,365293,463827,0,0,0,0,0,0,0,85199,0,94.60,94.62,94.67
57,1,0,0,0,97266,97266,97266,13,13,13,591,591,591,0.00,0.00,0.00,0.00,0.00,0.00,0.00,0.00,0.00,0.00,0.00,0.00,0.00,0.00,0.00,0.00,0.00,0.00,0.00,0.00,0.00,415571,457322,497895,428639,471466,513618,0,0,0,0,0,0,0,75594,0,94.18,94.24,94.30
57,2,0,0,0,97269,97269,97269,10,10,10,591,591,591,0.00,0.00,0.00,0.00,0.00,0.00,0.00,0.00,0.00,0.00,0.00,0.00,0.00,0.00,0.00,0.00,0.00,0.00,0.00,0.00,0.00,314449,404072,744205,330172,418222,759928,0,0,0,0,0,0,0,74145,0,92.29,92.43,92.55
57,3,0,0,0,97266,97266,97266,13,13,13,591,591,591,0.00,0.00,0.00,0.00,0.00,0.00,0.00,0.00,0.00,0.00,0.00,0.00,0.00,0.00,0.00,0.00,0.00,0.00,0.00,0.00,0.00,330171,477450,940763,343273,491076,953866,0,0,0,0,0,0,0,69896,0,87.02,87.13,87.29
58,0,0,0,0,97268,97268,97268,11,11,11,591,591,591,0.00,0.00,0.00,0.00,0.00,0.00,0.00,0.00,0.00,0.00,0.00,0.00,0.00,0.00,0.00,0.00,0.00,0.00,0.00,0.00,0.00,318657,506433,867067,332804,520071,877328,0,0,0,0,0,0,0,56789,0,94.57,94.60,94.63
58,1,0,0,0,97266,97266,97266,13,13,13,591,591,591,0.00,0.00,0.00,0.00,0.00,0.00,0.00,0.00,0.00,0.00,0.00,0.00,0.00,0.00,0.00,0.00,0.00,0.00,0.00,0.00,0.00,281268,427643,553926,293497,441602,569457,0,0,0,0,0,0,0,56668,0,94.33,94.38,94.41
58,2,0,0,0,97269,97269,97269,10,10,10,591,591,591,0.00,0.00,0.00,0.00,0.00,0.00,0.00,0.00,0.00,0.00,0.00,0.00,0.00,0.00,0.00,0.00,0.00,0.00,0.00,0.00,0.00,309215,365810,579117,324907,379436,592219,0,0,0,0,0,0,0,74273,0,92.59,92.64,92.66
58,3,0,0,0,97266,97266,97266,13,13,13,591,591,591,0.00,0.00,0.00,0.00,0.00,0.00,0.00,0.00,0.00,0.00,0.00,0.00,0.00,0.00,0.00,0.00,0.00,0.00,0.00,0.00,0.00,321186,367548,450722,333932,381661,463825,0,0,0,0,0,0,0,69822,0,87.26,87.31,87.35
59,0,0,0,0,97268,97268,97268,11,11,11,591,591,591,0.00,0.00,0.00,0.00,0.00,0.00,0.00,0.00,0.00,0.00,0.00,0.00,0.00,0.00,0.00,0.00,0.00,0.00,0.00,0.00,0.00,319699,344848,416615,332801,358998,432336,0,0,0,0,0,0,0,76010,0,94.59,94.64,94.70
59,1,0,0,0,97266,97266,97266,13,13,13,591,591,591,0.00,0.00,0.00,0.00,0.00,0.00,0.00,0.00,0.00,0.00,0.00,0.00,0.00,0.00,0.00,0.00,0.00,0.00,0.00,0.00,0.00,419278,590626,1103060,427139,603185,1116254,0,0,0,0,0,0,0,75562,0,94.18,94.24,94.29
59,2,0,0,0,97269,97269,97269,10,10,10,591,591,591,0.00,0.00,0.00,0.00,0.00,0.00,0.00,0.00,0.00,0.00,0.00,0.00,0.00,0.00,0.00,0.00,0.00,0.00,0.00,0.00,0.00,223648,495732,969516,232250,509388,980790,0,0,0,0,0,0,0,83241,0,92.47,92.50,92.55
59,3,0,0,0,97266,97266,97266,13,13,13,591,591,591,0.00,0.00,0.00,0.00,0.00,0.00,0.00,0.00,0.00,0.00,0.00,0.00,0.00,0.00,0.00,0.00,0.00,0.00,0.00,0.00,0.00,324900,347468,429749,332760,360046,442851,0,0,0,0,0,0,0,69866,0,87.31,87.36,87.42
60,0,0,0,0,97268,97268,97268,11,11,11,591,591,591,0.00,0.00,0.00,0.00,0.00,0.00,0.00,0.00,0.00,0.00,0.00,0.00,0.00,0.00,0.00,0.00,0.00,0.00,0.00,0.00,0.00,322315,362676,427143,335417,376827,442866,0,0,0,0,0,0,0,75878,0,94.60,94.71,94.81
60,1,0,0,0,97266,97266,97266,13,13,13,591,591,591,0.00,0.00,0.00,0.00,0.00,0.00,0.00,0.00,0.00,0.00,0.00,0.00,0.00,0.00,0.00,0.00,0.00,0.00,0.00,0.00,0.00,414350,439906,472303,427299,454047,488134,0,0,0,0,0,0,0,75569,0,94.35,94.39,94.47
60,2,0,0,0,97269,97269,97269,10,10,10,591,591,591,0.00,0.00,0.00,0.00,0.00,0.00,0.00,0.00,0.00,0.00,0.00,0.00,0.00,0.00,0.00,0.00,0.00,0.00,0.00,0.00,0.00,311834,462245,736346,324936,475871,749449,0,0,0,0,0,0,0,74215,0,92.46,92.51,92.59
60,3,0,0,0,97266,97266,97266,13,13,13,591,591,591,0.00,0.00,0.00,0.00,0.00,0.00,0.00,0.00,0.00,0.00,0.00,0.00,0.00,0.00,0.00,0.00,0.00,0.00,0.00,0.00,0.00,324939,396564,599200,340662,410190,614922,0,0,0,0,0,0,0,52398,0,87.20,87.24,87.30
61,0,0,0,0,97268,97268,97268,11,11,11,591,591,591,0.00,0.00,0.00,0.00,0.00,0.00,0.00,0.00,0.00,0.00,0.00,0.00,0.00,0.00,0.00,0.00,0.00,0.00,0.00,0.00,0.00,115300,417887,907586,120541,430346,922713,0,0,0,0,0,0,0,85411,0,94.69,94.78,94.86
61,1,0,0,0,97266,97266,97266,13,13,13,591,591,591,0.00,0.00,0.00,0.00,0.00,0.00,0.00,0.00,0.00,0.00,0.00,0.00,0.00,0.00,0.00,0.00,0.00,0.00,0.00,0.00,0.00,332292,429069,502136,346138,442830,515078,0,0,0,0,0,0,0,75768,0,94.39,94.53,94.72
61,2,0,0,0,97269,97269,97269,10,10,10,591,591,591,0.00,0.00,0.00,0.00,0.00,0.00,0.00,0.00,0.00,0.00,0.00,0.00,0.00,0.00,0.00,0.00,0.00,0.00,0.00,0.00,0.00,309215,363712,545056,322318,377862,558158,0,0,0,0,0,0,0,74136,0,92.66,92.69,92.72
61,3,0,0,0,97266,97266,97266,13,13,13,591,591,591,0.00,0.00,0.00,0.00,0.00,0.00,0.00,0.00,0.00,0.00,0.00,0.00,0.00,0.00,0.00,0.00,0.00,0.00,0.00,0.00,0.00,324902,385204,492656,340623,399354,508379,0,0,0,0,0,0,0,69768,0,87.14,87.18,87.23
62,0,0,0,0,97268,97268,97268,11,11,11,591,591,591,0.00,0.00,0.00,0.00,0.00,0.00,0.00,0.00,0.00,0.00,0.00,0.00,0.00,0.00,0.00,0.00,0.00,0.00,0.00,0.00,0.00,356375,484477,585162,372098,497992,597995,0,0,0,0,0,0,0,75923,0,94.81,94.84,94.86
62,1,0,0,0,97266,97266,97266,13,13,13,591,591,591,0.00,0.00,0.00,0.00,0.00,0.00,0.00,0.00,0.00,0.00,0.00,0.00,0.00,0.00,0.00,0.00,0.00,0.00,0.00,0.00,0.00,421887,505098,749463,435007,518856,762565,0,0,0,0,0,0,0,85065,0,94.47,94.62,94.73
62,2,0,0,0,97269,97269,97269,10,10,10,591,591,591,0.00,0.00,0.00,0.00,0.00,0.00,0.00,0.00,0.00,0.00,0.00,0.00,0.00,0.00,0.00,0.00,0.00,0.00,0.00,0.00,0.00,309207,349175,458583,322309,362932,471685,0,0,0,0,0,0,0,64861,0,92.61,92.65,92.67
62,3,0,0,0,97266,97266,97266,13,13,13,591,591,591,0.00,0.00,0.00,0.00,0.00,0.00,0.00,0.00,0.00,0.00,0.00,0.00,0.00,0.00,0.00,0.00,0.00,0.00,0.00,0.00,0.00,322934,347533,412954,328060,359969,425779,0,0,0,0,0,0,0,69770,0,87.21,87.23,87.25
63,0,0,0,0,97268,97268,97268,11,11,11,591,591,591,0.00,0.00,0.00,0.00,0.00,0.00,0.00,0.00,0.00,0.00,0.00,0.00,0.00,0.00,0.00,0.00,0.00,0.00,0.00,0.00,0.00,319702,400933,550299,332804,416131,568642,0,0,0,0,0,0,0,76695,0,94.84,95.12,95.48
63,1,0,0,0,97266,97266,97266,13,13,13,591,591,591,0.00,0.00,0.00,0.00,0.00,0.00,0.00,0.00,0.00,0.00,0.00,0.00,0.00,0.00,0.00,0.00,0.00,0.00,0.00,0.00,0.00,436668,679026,1108467,449742,692646,1124190,0,0,0,0,0,0,0,76411,0,94.38,94.60,94.98
63,2,0,0,0,97269,97269,97269,10,10,10,591,591,591,0.00,0.00,0.00,0.00,0.00,0.00,0.00,0.00,0.00,0.00,0.00,0.00,0.00,0.00,0.00,0.00,0.00,0.00,0.00,0.00,0.00,303944,545123,938254,319665,559315,953388,0,0,0,0,0,0,0,74638,0,92.57,92.75,93.03
63,3,0,0,0,97266,97266,97266,13,13,13,591,591,591,0.00,0.00,0.00,0.00,0.00,0.00,0.00,0.00,0.00,0.00,0.00,0.00,0.00,0.00,0.00,0.00,0.00,0.00,0.00,0.00,0.00,330171,373156,495280,343286,387831,505762,0,0,0,0,0,0,0,78982,0,87.18,87.27,87.47
64,0,0,0,0,97268,97268,97268,11,11,11,591,591,591,0.00,0.00,0.00,0.00,0.00,0.00,0.00,0.00,0.00,0.00,0.00,0.00,0.00,0.00,0.00,0.00,0.00,0.00,0.00,0.00,0.00,317080,384156,613196,330149,397782,628919,0,0,0,0,0,0,0,85894,0,95.48,95.67,95.82
64,1,0,0,0,97266,97266,97266,13,13,13,591,591,591,0.00,0.00,0.00,0.00,0.00,0.00,0.00,0.00,0.00,0.00,0.00,0.00,0.00,0.00,0.00,0.00,0.00,0.00,0.00,0.00,0.00,397523,448996,505756,413215,463141,518858,0,0,0,0,0,0,0,76029,0,95.11,95.33,95.56
64,2,0,0,0,97269,97269,97269,10,10,10,591,591,591,0.00,0.00,0.00,0.00,0.00,0.00,0.00,0.00,0.00,0.00,0.00,0.00,0.00,0.00,0.00,0.00,0.00,0.00,0.00,0.00,0.00,309207,450193,712756,322309,463819,725858,0,0,0,0,0,0,0,74444,0,93.03,93.25,93.43
64,3,0,0,0,97266,97266,97266,13,13,13,591,591,591,0.00,0.00,0.00,0.00,0.00,0.00,0.00,0.00,0.00,0.00,0.00,0.00,0.00,0.00,0.00,0.00,0.00,0.00,0.00,0.00,0.00,270779,455082,940760,284755,468883,953862,0,0,0,0,0,0,0,70099,0,87.72,87.83,87.97
65,0,0,0,0,97268,97268,97268,11,11,11,591,591,591,0.00,0.00,0.00,0.00,0.00,0.00,0.00,0.00,0.00,0.00,0.00,0.00,0.00,0.00,0.00,0.00,0.00,0.00,0.00,0.00,0.00,296118,460605,880495,306600,473704,893597,0,0,0,0,0,0,0,57572,0,95.43,95.55,95.74
65,1,0,0,0,97266,97266,97266,13,13,13,591,591,591,0.00,0.00,0.00,0.00,0.00,0.00,0.00,0.00,0.00,0.00,0.00,0.00,0.00,0.00,0.00,0.00,0.00,0.00,0.00,0.00,0.00,275994,471318,815007,291716,485887,830731,0,0,0,0,0,0,0,57219,0,95.02,95.13,95.25
65,2,0,0,0,97269,97269,97269,10,10,10,591,591,591,0.00,0.00,0.00,0.00,0.00,0.00,0.00,0.00,0.00,0.00,0.00,0.00,0.00,0.00,0.00,0.00,0.00,0.00,0.00,0.00,0.00,301352,332798,440240,317075,347473,453343,0,0,0,0,0,0,0,75202,0,93.01,93.16,93.46
65,3,0,0,0,97266,97266,97266,13,13,13,591,591,591,0.00,0.00,0.00,0.00,0.00,0.00,0.00,0.00,0.00,0.00,0.00,0.00,0.00,0.00,0.00,0.00,0.00,0.00,0.00,0.00,0.00,319700,395169,678699,335423,408796,689181,0,0,0,0,0,0,0,70245,0,87.50,87.60,87.70
66,0,0,0,0,97268,97268,97269,10,10,11,591,591,591,0.00,0.00,0.00,0.00,0.00,0.00,0.00,0.00,0.00,0.00,0.00,0.00,0.00,0.00,0.00,0.00,0.00,0.00,0.00,0.00,0.00,314454,353758,476932,330177,367908,490035,0,0,0,0,0,0,0,75938,0,94.74,95.09,95.51
66,1,0,0,0,97266,97266,97266,13,13,13,591,591,591,0.00,0.00,0.00,0.00,0.00,0.00,0.00,0.00,0.00,0.00,0.00,0.00,0.00,0.00,0.00,0.00,0.00,0.00,0.00,0.00,0.00,419263,593279,1100611,432365,605333,1105852,0,0,0,0,0,0,0,75571,0,94.49,94.72,95.06
66,2,0,0,0,97269,97269,97269,10,10,10,591,591,591,0.00,0.00,0.00,0.00,0.00,0.00,0.00,0.00,0.00,0.00,0.00,0.00,0.00,0.00,0.00,0.00,0.00,0.00,0.00,0.00,0.00,313614,430956,663773,328912,443315,675905,0,0,0,0,0,0,0,74099,0,92.69,93.04,93.42
66,3,0,0,0,97266,97266,97267,12,12,13,591,591,591,0.00,0.00,0.00,0.00,0.00,0.00,0.00,0.00,0.00,0.00,0.00,0.00,0.00,0.00,0.00,0.00,0.00,0.00,0.00,0.00,0.00,321240,341953,407552,337302,355548,417870,0,0,0,0,0,0,0,69814,0,87.25,87.42,87.59
67,0,0,0,0,97269,97269,97269,10,10,10,591,591,591,0.00,0.00,0.00,0.00,0.00,0.00,0.00,0.00,0.00,0.00,0.00,0.00,0.00,0.00,0.00,0.00,0.00,0.00,0.00,0.00,0.00,322317,362150,445481,335420,375777,458584,0,0,0,0,0,0,0,76274,0,94.67,94.81,94.99
67,1,0,0,0,97266,97266,97266,13,13,13,591,591,591,0.00,0.00,0.00,0.00,0.00,0.00,0.00,0.00,0.00,0.00,0.00,0.00,0.00,0.00,0.00,0.00,0.00,0.00,0.00,0.00,0.00,413289,443839,476932,426367,457988,490035,0,0,0,0,0,0,0,75749,0,94.39,94.48,94.58
67,2,0,0,0,97269,97269,97269,10,10,10,591,591,591,0.00,0.00,0.00,0.00,0.00,0.00,0.00,0.00,0.00,0.00,0.00,0.00,0.00,0.00,0.00,0.00,0.00,0.00,0.00,0.00,0.00,317073,383110,623673,330175,397260,636775,0,0,0,0,0,0,0,74235,0,92.61,92.64,92.69
67,3,0,0,0,97267,97267,97267,12,12,12,591,591,591,0.00,0.00,0.00,0.00,0.00,0.00,0.00,0.00,0.00,0.00,0.00,0.00,0.00,0.00,0.00,0.00,0.00,0.00,0.00,0.00,0.00,327564,366868,424521,343287,381019,440244,0,0,0,0,0,0,0,61148,0,87.24,87.30,87.35
68,0,0,0,0,97269,97269,97269,10,10,10,591,591,591,0.00,0.00,0.00,0.00,0.00,0.00,0.00,0.00,0.00,0.00,0.00,0.00,0.00,0.00,0.00,0.00,0.00,0.00,0.00,0.00,0.00,115300,420326,919791,125782,432905,930273,0,0,0,0,0,0,0,85539,0,94.95,95.02,95.08
68,1,0,0,0,97266,97266,97266,13,13,13,591,591,591,0.00,0.00,0.00,0.00,0.00,0.00,0.00,0.00,0.00,0.00,0.00,0.00,0.00,0.00,0.00,0.00,0.00,0.00,0.00,0.00,0.00,414042,462522,529270,429764,476145,539751,0,0,0,0,0,0,0,75609,0,94.53,94.61,94.70
68,2,0,0,0,97269,97269,97269,10,10,10,591,591,591,0.00,0.00,0.00,0.00,0.00,0.00,0.00,0.00,0.00,0.00,0.00,0.00,0.00,0.00,0.00,0.00,0.00,0.00,0.00,0.00,0.00,309183,371050,568642,322318,385200,584365,0,0,0,0,0,0,0,74104,0,92.53,92.63,92.70
68,3,0,0,0,97267,97267,97267,12,12,12,591,591,591,0.00,0.00,0.00,0.00,0.00,0.00,0.00,0.00,0.00,0.00,0.00,0.00,0.00,0.00,0.00,0.00,0.00,0.00,0.00,0.00,0.00,327531,415251,600961,340632,429227,613190,0,0,0,0,0,0,0,69927,0,87.33,87.43,87.49
69,0,0,0,0,97269,97269,97269,10,10,10,591,591,591,0.00,0.00,0.00,0.00,0.00,0.00,0.00,0.00,0.00,0.00,0.00,0.00,0.00,0.00,0.00,0.00,0.00,0.00,0.00,0.00,0.00,322309,480430,615952,335411,494591,631546,0,0,0,0,0,0,0,76052,0,94.81,94.86,94.90
69,1,0,0,0,97266,97266,97266,13,13,13,591,591,591,0.00,0.00,0.00,0.00,0.00,0.00,0.00,0.00,0.00,0.00,0.00,0.00,0.00,0.00,0.00,0.00,0.00,0.00,0.00,0.00,0.00,279496,447094,692579,293471,460934,705263,0,0,0,0,0,0,0,85135,0,94.47,94.49,94.52
69,2,0,0,0,97269,97269,97269,10,10,10,591,591,591,0.00,0.00,0.00,0.00,0.00,0.00,0.00,0.00,0.00,0.00,0.00,0.00,0.00,0.00,0.00,0.00,0.00,0.00,0.00,0.00,0.00,311837,366207,429756,324940,379309,440238,0,0,0,0,0,0,0,64925,0,92.54,92.58,92.62
69,3,0,0,0,97267,97267,97267,12,12,12,591,591,591,0.00,0.00,0.00,0.00,0.00,0.00,0.00,0.00,0.00,0.00,0.00,0.00,0.00,0.00,0.00,0.00,0.00,0.00,0.00,0.00,0.00,324934,354422,440246,332802,366869,455969,0,0,0,0,0,0,0,69757,0,87.18,87.20,87.23
70,0,0,0,0,97269,97269,97269,10,10,10,591,591,591,0.00,0.00,0.00,0.00,0.00,0.00,0.00,0.00,0.00,0.00,0.00,0.00,0.00,0.00,0.00,0.00,0.00,0.00,0.00,0.00,0.00,314460,336468,411400,327562,350095,424502,0,0,0,0,0,0,0,76006,0,94.90,94.99,95.07
70,1,0,0,0,97266,97266,97266,13,13,13,591,591,591,0.00,0.00,0.00,0.00,0.00,0.00,0.00,0.00,0.00,0.00,0.00,0.00,0.00,0.00,0.00,0.00,0.00,0.00,0.00,0.00,0.00,419270,642020,1084887,434993,656695,1097989,0,0,0,0,0,0,0,75583,0,94.44,94.47,94.51
70,2,0,0,0,97269,97269,97269,10,10,10,591,591,591,0.00,0.00,0.00,0.00,0.00,0.00,0.00,0.00,0.00,0.00,0.00,0.00,0.00,0.00,0.00,0.00,0.00,0.00,0.00,0.00,0.00,296033,505633,1048178,306512,519205,1058660,0,0,0,0,0,0,0,74038,0,92.54,92.59,92.63
70,3,0,0,0,97267,97267,97267,12,12,12,591,591,591,0.00,0.00,0.00,0.00,0.00,0.00,0.00,0.00,0.00,0.00,0.00,0.00,0.00,0.00,0.00,0.00,0.00,0.00,0.00,0.00,0.00,315256,364349,429760,330635,377926,442863,0,0,0,0,0,0,0,69665,0,87.06,87.10,87.19
71,0,0,0,0,97269,97269,97269,10,10,10,591,591,591,0.00,0.00,0.00,0.00,0.00,0.00,0.00,0.00,0.00,0.00,0.00,0.00,0.00,0.00,0.00,0.00,0.00,0.00,0.00,0.00,0.00,322310,351136,442871,335419,365287,455974,0,0,0,0,0,0,0,85640,0,94.77,94.86,94.99
71,1,0,0,0,97266,97266,97266,13,13,13,591,591,591,0.00,0.00,0.00,0.00,0.00,0.00,0.00,0.00,0.00,0.00,0.00,0.00,0.00,0.00,0.00,0.00,0.00,0.00,0.00,0.00,0.00,416648,454917,497896,432371,468544,510998,0,0,0,0,0,0,0,75747,0,94.44,94.51,94.61
71,2,0,0,0,97269,97269,97269,10,10,10,591,591,591,0.00,0.00,0.00,0.00,0.00,0.00,0.00,0.00,0.00,0.00,0.00,0.00,0.00,0.00,0.00,0.00,0.00,0.00,0.00,0.00,0.00,314456,458573,728485,330179,472723,741587,0,0,0,0,0,0,0,74176,0,92.49,92.52,92.56
71,3,0,0,0,97267,97267,97267,12,12,12,591,591,591,0.00,0.00,0.00,0.00,0.00,0.00,0.00,0.00,0.00,0.00,0.00,0.00,0.00,0.00,0.00,0.00,0.00,0.00,0.00,0.00,0.00,322318,406337,642884,338041,420313,655113,0,0,0,0,0,0,0,78819,0,87.09,87.20,87.43
72,0,0,0,0,97269,97269,97269,10,10,10,591,591,591,0.00,0.00,0.00,0.00,0.00,0.00,0.00,0.00,0.00,0.00,0.00,0.00,0.00,0.00,0.00,0.00,0.00,0.00,0.00,0.00,0.00,120542,439692,914548,131024,452794,925030,0,0,0,0,0,0,0,76761,0,95.00,95.20,95.41
72,1,0,0,0,97266,97266,97266,13,13,13,591,591,591,0.00,0.00,0.00,0.00,0.00,0.00,0.00,0.00,0.00,0.00,0.00,0.00,0.00,0.00,0.00,0.00,0.00,0.00,0.00,0.00,0.00,414039,448102,539814,427141,461728,555536,0,0,0,0,0,0,0,57074,0,94.63,94.73,94.96
72,2,0,0,0,97269,97269,97269,10,10,10,591,591,591,0.00,0.00,0.00,0.00,0.00,0.00,0.00,0.00,0.00,0.00,0.00,0.00,0.00,0.00,0.00,0.00,0.00,0.00,0.00,0.00,0.00,309214,335942,419275,322316,350092,432377,0,0,0,0,0,0,0,84288,0,92.58,92.87,93.26
72,3,0,0,0,97267,97267,97267,12,12,12,591,591,591,0.00,0.00,0.00,0.00,0.00,0.00,0.00,0.00,0.00,0.00,0.00,0.00,0.00,0.00,0.00,0.00,0.00,0.00,0.00,0.00,0.00,324927,375251,455965,338029,389402,471688,0,0,0,0,0,0,0,70702,0,87.51,87.73,87.95
73,0,0,0,0,97119,97227,97269,10,134,574,591,591,591,0.00,0.00,0.00,0.00,0.00,0.00,0.00,0.00,0.00,0.00,0.00,0.00,0.00,0.00,0.00,0.00,0.00,0.00,0.00,0.00,0.00,311875,1844990,5050318,343324,2041529,5579723,0,0,0,0,0,0,0,76093,0,95.61,101.75,115.43
73,1,0,0,0,96703,97140,97266,13,55,163,591,591,591,0.00,0.00,0.00,0.00,0.00,0.00,0.00,0.00,0.00,0.00,0.00,0.00,0.00,0.00,0.00,0.00,0.00,0.00,0.00,0.00,0.00,274827,1185040,2576325,285198,1398590,3007345,0,0,0,0,0,0,0,107353,0,95.12,102.58,116.74
73,2,0,0,2,96706,97142,97270,10,136,573,591,591,591,0.00,0.00,0.00,0.00,0.00,0.00,0.00,0.00,0.00,0.00,0.00,0.00,0.00,0.00,0.00,0.00,0.00,0.00,0.00,0.00,0.00,183434,1344165,3693198,199157,1499765,4070643,0,0,0,0,0,0,0,101415,0,93.40,101.48,116.42
73,3,0,0,0,96703,97141,97267,12,54,162,591,591,591,0.00,0.00,0.00,0.00,0.00,0.00,0.00,0.00,0.00,0.00,0.00,0.00,0.00,0.00,0.00,0.00,0.00,0.00,0.00,0.00,0.00,324940,965877,2612033,335484,1108912,2982607,0,0,0,0,0,0,0,96228,0,88.03,93.84,107.55
74,0,0,0,2,96511,96587,96703,576,691,768,591,591,591,0.00,0.00,0.00,0.00,0.00,0.00,0.00,0.00,0.00,0.00,0.00,0.00,0.00,0.00,0.00,0.00,0.00,0.00,0.00,0.00,0.00,296167,630588,1690504,309272,808268,1936872,0,0,0,0,0,0,0,111918,0,124.77,136.07,141.70
74,1,0,1,6,96509,96585,96701,579,694,771,591,591,591,0.00,0.00,0.00,0.00,0.00,0.00,0.00,0.00,0.00,0.00,0.00,0.00,0.00,0.00,0.00,0.00,0.00,0.00,0.00,0.00,0.00,416734,544104,684058,429839,689823,1189853,0,0,0,0,0,0,0,110326,0,125.24,135.16,140.22
74,2,0,0,0,96512,96588,96704,575,690,767,591,591,591,0.00,0.00,0.00,0.00,0.00,0.00,0.00,0.00,0.00,0.00,0.00,0.00,0.00,0.00,0.00,0.00,0.00,0.00,0.00,0.00,0.00,290928,509607,1085562,304033,692920,1360012,0,0,0,0,0,0,0,110652,0,125.31,135.51,140.42
74,3,0,1,4,96509,96585,96701,578,693,770,591,591,591,0.00,0.00,0.00,0.00,0.00,0.00,0.00,0.00,0.00,0.00,0.00,0.00,0.00,0.00,0.00,0.00,0.00,0.00,0.00,0.00,0.00,319738,617625,1761935,345968,841079,2234454,0,0,0,0,0,0,0,119385,0,116.65,128.83,134.72
75,0,0,0,0,96511,96511,96511,768,768,768,591,591,591,0.00,0.00,0.00,0.00,0.00,0.00,0.00,0.00,0.00,0.00,0.00,0.00,0.00,0.00,0.00,0.00,0.00,0.00,0.00,0.00,0.00,298791,386854,555647,311896,401531,571373,0,0,0,0,0,0,0,125532,0,139.41,139.53,139.75
75,1,0,0,0,96509,96509,96509,771,771,771,591,591,591,0.00,0.00,0.00,0.00,0.00,0.00,0.00,0.00,0.00,0.00,0.00,0.00,0.00,0.00,0.00,0.00,0.00,0.00,0.00,0.00,0.00,416734,651568,1011680,429839,666245,1030027,0,0,0,0,0,0,0,124077,0,137.72,137.81,137.87
75,2,0,0,0,96512,96512,96512,767,767,767,591,591,591,0.00,0.00,0.00,0.00,0.00,0.00,0.00,0.00,0.00,0.00,0.00,0.00,0.00,0.00,0.00,0.00,0.00,0.00,0.00,0.00,0.00,290928,342821,505847,306654,357499,518952,0,0,0,0,0,0,0,110521,0,137.93,138.05,138.25
75,3,0,0,0,96509,96509,96509,770,770,770,591,591,591,0.00,0.00,0.00,0.00,0.00,0.00,0.00,0.00,0.00,0.00,0.00,0.00,0.00,0.00,0.00,0.00,0.00,0.00,0.00,0.00,0.00,304032,478586,676202,319755,492215,686686,0,0,0,0,0,0,0,79562,0,132.47,132.54,132.66
77,0,0,0,0,96511,96511,96511,768,768,768,591,591,591,0.00,0.00,0.00,0.00,0.00,0.00,0.00,0.00,0.00,0.00,0.00,0.00,0.00,0.00,0.00,0.00,0.00,0.00,0.00,0.00,0.00,15726,575736,1142736,31452,602819,1155841,0,0,0,0,0,0,0,237620,0,139.43,139.59,139.67
77,1,0,0,0,96509,96509,96509,771,771,771,591,591,591,0.00,0.00,0.00,0.00,0.00,0.00,0.00,0.00,0.00,0.00,0.00,0.00,0.00,0.00,0.00,0.00,0.00,0.00,0.00,0.00,0.00,524192,1524806,3523414,539918,1568486,3591550,0,0,0,0,0,0,0,234777,0,137.85,138.09,138.21
77,2,0,0,0,96512,96512,96512,767,767,767,591,591,591,0.00,0.00,0.00,0.00,0.00,0.00,0.00,0.00,0.00,0.00,0.00,0.00,0.00,0.00,0.00,0.00,0.00,0.00,0.00,0.00,0.00,296165,2087720,5461147,306649,2140887,5562987,0,0,0,0,0,0,0,220951,0,138.08,138.13,138.15
77,3,0,0,0,96509,96509,96509,770,770,770,591,591,591,0.00,0.00,0.00,0.00,0.00,0.00,0.00,0.00,0.00,0.00,0.00,0.00,0.00,0.00,0.00,0.00,0.00,0.00,0.00,0.00,0.00,309275,4765197,10780890,322380,4851152,10972189,0,0,0,0,0,0,0,238803,0,132.55,132.56,132.58
78,0,0,0,1,95775,95905,96019,1260,1341,1504,591,591,591,0.00,0.00,0.00,0.00,0.00,0.00,0.00,0.00,0.00,0.00,0.00,0.00,0.00,0.00,0.00,0.00,0.00,0.00,0.00,0.00,0.00,293551,2415434,5682241,1345000,3556960,6264095,0,0,0,0,0,0,0,84072,0,139.70,139.76,139.88
78,1,0,0,1,95773,95941,96027,1253,1370,1507,591,591,591,0.00,0.00,0.00,0.00,0.00,0.00,0.00,0.00,0.00,0.00,0.00,0.00,0.00,0.00,0.00,0.00,0.00,0.00,0.00,0.00,0.00,414076,2552807,4854076,1729688,3220465,5076860,0,0,0,0,0,0,0,83267,0,138.10,138.25,138.45
78,2,0,0,1,95776,95951,96030,1249,1327,1503,591,591,591,0.00,0.00,0.00,0.00,0.00,0.00,0.00,0.00,0.00,0.00,0.00,0.00,0.00,0.00,0.00,0.00,0.00,0.00,0.00,0.00,0.00,296146,2567593,4457307,1561976,3228673,4714107,0,0,0,0,0,0,0,83412,0,138.19,138.32,138.57
78,3,0,0,1,95773,95951,96027,1252,1361,1506,591,591,591,0.00,0.00,0.00,0.00,0.00,0.00,0.00,0.00,0.00,0.00,0.00,0.00,0.00,0.00,0.00,0.00,0.00,0.00,0.00,0.00,0.00,204386,2619978,4556824,966503,3154481,4834584,0,0,0,0,0,0,0,79915,0,132.80,132.91,133.06
79,0,0,0,0,95775,95775,95775,1504,1504,1504,591,591,591,0.00,0.00,0.00,0.00,0.00,0.00,0.00,0.00,0.00,0.00,0.00,0.00,0.00,0.00,0.00,0.00,0.00,0.00,0.00,0.00,0.00,293532,389996,568750,304035,363262,581855,0,0,0,0,0,0,0,125671,0,139.79,139.95,140.04
79,1,0,0,0,95773,95773,95773,1507,1507,1507,591,591,591,0.00,0.00,0.00,0.00,0.00,0.00,0.00,0.00,0.00,0.00,0.00,0.00,0.00,0.00,0.00,0.00,0.00,0.00,0.00,0.00,0.00,403630,568738,815116,416735,600712,825600,0,524,2620,0,0,0,0,110308,0,137.84,138.20,138.42
79,2,0,0,0,95776,95776,95776,1503,1503,1503,591,591,591,0.00,0.00,0.00,0.00,0.00,0.00,0.00,0.00,0.00,0.00,0.00,0.00,0.00,0.00,0.00,0.00,0.00,0.00,0.00,0.00,0.00,290922,426688,670950,304027,463905,801995,0,0,0,0,524,2620,0,124473,0,138.22,138.48,138.66
79,3,0,0,0,95773,95773,95773,1506,1506,1506,591,591,591,0.00,0.00,0.00,0.00,0.00,0.00,0.00,0.00,0.00,0.00,0.00,0.00,0.00,0.00,0.00,0.00,0.00,0.00,0.00,0.00,0.00,303236,399127,585970,315977,458365,827100,0,0,0,0,0,0,0,119294,0,132.52,132.77,132.95
80,0,0,0,0,95775,95775,95775,1504,1504,1504,591,591,591,0.00,0.00,0.00,0.00,0.00,0.00,0.00,0.00,0.00,0.00,0.00,0.00,0.00,0.00,0.00,0.00,0.00,0.00,0.00,0.00,0.00,290927,419354,613305,314520,473346,626410,0,0,0,0,0,0,0,112052,0,139.61,139.72,139.81
80,1,0,0,0,95773,95773,95773,1507,1507,1507,591,591,591,0.00,0.00,0.00,0.00,0.00,0.00,0.00,0.00,0.00,0.00,0.00,0.00,0.00,0.00,0.00,0.00,0.00,0.00,0.00,0.00,0.00,406247,692980,1328831,419352,707133,1344557,0,0,0,0,0,0,0,124438,0,137.77,137.92,138.09
80,2,0,0,0,95776,95776,95776,1503,1503,1503,591,591,591,0.00,0.00,0.00,0.00,0.00,0.00,0.00,0.00,0.00,0.00,0.00,0.00,0.00,0.00,0.00,0.00,0.00,0.00,0.00,0.00,0.00,298790,483305,919958,314515,497457,933063,0,0,0,0,0,0,0,110892,0,138.16,138.30,138.44
80,3,0,0,0,95773,95773,95773,1506,1506,1506,591,591,591,0.00,0.00,0.00,0.00,0.00,0.00,0.00,0.00,0.00,0.00,0.00,0.00,0.00,0.00,0.00,0.00,0.00,0.00,0.00,0.00,0.00,309268,512659,1056246,322372,526812,1071972,0,0,0,0,0,0,0,106069,0,132.56,132.61,132.66
81,0,0,0,0,95775,95775,95775,1504,1504,1504,591,591,591,0.00,0.00,0.00,0.00,0.00,0.00,0.00,0.00,0.00,0.00,0.00,0.00,0.00,0.00,0.00,0.00,0.00,0.00,0.00,0.00,0.00,282525,346461,563775,300342,360008,574072,0,0,0,0,0,0,0,112016,0,139.76,139.80,139.86
81,1,0,0,0,95773,95773,95773,1507,1507,1507,591,591,591,0.00,0.00,0.00,0.00,0.00,0.00,0.00,0.00,0.00,0.00,0.00,0.00,0.00,0.00,0.00,0.00,0.00,0.00,0.00,0.00,0.00,269087,480483,749597,277824,493753,765323,0,0,0,0,0,0,0,110612,0,138.12,138.22,138.27
81,2,0,0,0,95776,95776,95776,1503,1503,1503,591,591,591,0.00,0.00,0.00,0.00,0.00,0.00,0.00,0.00,0.00,0.00,0.00,0.00,0.00,0.00,0.00,0.00,0.00,0.00,0.00,0.00,0.00,199195,329218,592306,211426,342125,605411,0,0,0,0,0,0,0,111194,0,138.45,138.56,138.66
81,3,0,0,0,95773,95773,95773,1506,1506,1506,591,591,591,0.00,0.00,0.00,0.00,0.00,0.00,0.00,0.00,0.00,0.00,0.00,0.00,0.00,0.00,0.00,0.00,0.00,0.00,0.00,0.00,0.00,301412,321849,377391,317137,335478,387874,0,0,0,0,0,0,0,106010,0,132.49,132.51,132.53
82,0,0,0,0,95775,95775,95775,1504,1504,1504,591,591,591,0.00,0.00,0.00,0.00,0.00,0.00,0.00,0.00,0.00,0.00,0.00,0.00,0.00,0.00,0.00,0.00,0.00,0.00,0.00,0.00,0.00,293547,345440,545149,306636,359590,560874,0,0,0,0,0,0,0,112040,0,139.82,139.86,139.89
82,1,0,0,0,95773,95773,95773,1507,1507,1507,591,591,591,0.00,0.00,0.00,0.00,0.00,0.00,0.00,0.00,0.00,0.00,0.00,0.00,0.00,0.00,0.00,0.00,0.00,0.00,0.00,0.00,0.00,406245,545683,770563,419350,559312,783668,0,0,0,0,0,0,0,110696,0,138.13,138.17,138.25
82,2,0,0,0,95776,95776,95776,1503,1503,1503,591,591,591,0.00,0.00,0.00,0.00,0.00,0.00,0.00,0.00,0.00,0.00,0.00,0.00,0.00,0.00,0.00,0.00,0.00,0.00,0.00,0.00,0.00,283064,289353,293547,296169,302982,306652,0,0,0,0,0,0,0,111179,0,138.73,138.74,138.77
82,3,0,0,0,95773,95773,95773,1506,1506,1506,591,591,591,0.00,0.00,0.00,0.00,0.00,0.00,0.00,0.00,0.00,0.00,0.00,0.00,0.00,0.00,0.00,0.00,0.00,0.00,0.00,0.00,0.00,200938,293895,348581,211422,307524,361686,0,0,0,0,0,0,0,106153,0,132.54,132.61,132.70
83,0,0,0,0,95775,95775,95775,1504,1504,1504,591,591,591,0.00,0.00,0.00,0.00,0.00,0.00,0.00,0.00,0.00,0.00,0.00,0.00,0.00,0.00,0.00,0.00,0.00,0.00,0.00,0.00,0.00,293542,410178,558266,306652,401529,573992,0,0,0,0,0,0,0,125853,0,139.72,139.76,139.82
83,1,0,0,0,95773,95773,95773,1507,1507,1507,591,591,591,0.00,0.00,0.00,0.00,0.00,0.00,0.00,0.00,0.00,0.00,0.00,0.00,0.00,0.00,0.00,0.00,0.00,0.00,0.00,0.00,0.00,395768,535719,828213,408873,549872,841318,0,0,0,0,0,0,0,82932,0,138.15,138.24,138.32
83,2,0,0,0,95776,95776,95776,1503,1503,1503,591,591,591,0.00,0.00,0.00,0.00,0.00,0.00,0.00,0.00,0.00,0.00,0.00,0.00,0.00,0.00,0.00,0.00,0.00,0.00,0.00,0.00,0.00,285685,345965,424592,298790,361166,440317,0,0,0,0,0,0,0,97264,0,138.64,138.69,138.71
83,3,0,0,0,95773,95773,95773,1506,1506,1506,591,591,591,0.00,0.00,0.00,0.00,0.00,0.00,0.00,0.00,0.00,0.00,0.00,0.00,0.00,0.00,0.00,0.00,0.00,0.00,0.00,0.00,0.00,300131,325269,372177,313181,339936,387903,0,0,0,0,0,0,0,106199,0,132.58,132.61,132.63
84,0,0,0,0,95775,95775,95775,1504,1504,1504,591,591,591,0.00,0.00,0.00,0.00,0.00,0.00,0.00,0.00,0.00,0.00,0.00,0.00,0.00,0.00,0.00,0.00,0.00,0.00,0.00,0.00,0.00,285683,458661,660481,298788,471241,670965,0,0,0,0,0,0,0,111835,0,139.69,139.71,139.73
84,1,0,0,0,95773,95773,95773,1507,1507,1507,591,591,591,0.00,0.00,0.00,0.00,0.00,0.00,0.00,0.00,0.00,0.00,0.00,0.00,0.00,0.00,0.00,0.00,0.00,0.00,0.00,0.00,0.00,435082,726530,1328830,450808,741208,1341935,0,0,0,0,0,0,0,124535,0,138.12,138.21,138.30
84,2,0,0,0,95776,95776,95776,1503,1503,1503,591,591,591,0.00,0.00,0.00,0.00,0.00,0.00,0.00,0.00,0.00,0.00,0.00,0.00,0.00,0.00,0.00,0.00,0.00,0.00,0.00,0.00,0.00,290928,499550,993344,304033,513179,1009070,0,0,0,0,0,0,0,110561,0,138.25,138.51,138.70
84,3,0,0,0,95773,95773,95773,1506,1506,1506,591,591,591,0.00,0.00,0.00,0.00,0.00,0.00,0.00,0.00,0.00,0.00,0.00,0.00,0.00,0.00,0.00,0.00,0.00,0.00,0.00,0.00,0.00,309257,486968,1140105,319740,500597,1155830,0,0,0,0,0,0,0,80021,0,132.68,132.95,133.15
85,0,0,0,0,95775,95775,95775,1504,1504,1504,591,591,591,0.00,0.00,0.00,0.00,0.00,0.00,0.00,0.00,0.00,0.00,0.00,0.00,0.00,0.00,0.00,0.00,0.00,0.00,0.00,0.00,0.00,290928,363352,621589,309275,377988,634485,0,0,0,0,0,0,0,84167,0,139.63,139.77,140.01
85,1,0,0,0,95773,95773,95773,1507,1507,1507,591,591,591,0.00,0.00,0.00,0.00,0.00,0.00,0.00,0.00,0.00,0.00,0.00,0.00,0.00,0.00,0.00,0.00,0.00,0.00,0.00,0.00,0.00,400939,587746,870160,414042,602389,885886,0,0,0,0,0,0,0,110365,0,137.98,138.12,138.25
85,2,0,0,0,95776,95776,95776,1503,1503,1503,591,591,591,0.00,0.00,0.00,0.00,0.00,0.00,0.00,0.00,0.00,0.00,0.00,0.00,0.00,0.00,0.00,0.00,0.00,0.00,0.00,0.00,0.00,285623,351315,581851,298725,365942,597577,0,0,0,0,0,0,0,110623,0,138.02,138.09,138.15
85,3,0,0,0,95773,95773,95773,1506,1506,1506,591,591,591,0.00,0.00,0.00,0.00,0.00,0.00,0.00,0.00,0.00,0.00,0.00,0.00,0.00,0.00,0.00,0.00,0.00,0.00,0.00,0.00,0.00,306651,348586,484871,322377,363264,500597,0,0,0,0,0,0,0,107638,0,133.09,133.35,133.83
86,0,0,0,0,95775,95775,95775,1504,1504,1504,591,591,591,0.00,0.00,0.00,0.00,0.00,0.00,0.00,0.00,0.00,0.00,0.00,0.00,0.00,0.00,0.00,0.00,0.00,0.00,0.00,0.00,0.00,290930,339673,505840,304035,353826,521565,0,0,0,0,0,0,0,112273,0,140.09,140.16,140.22
86,1,0,0,0,95773,95773,95773,1507,1507,1507,591,591,591,0.00,0.00,0.00,0.00,0.00,0.00,0.00,0.00,0.00,0.00,0.00,0.00,0.00,0.00,0.00,0.00,0.00,0.00,0.00,0.00,0.00,373928,488886,815059,382664,501640,828163,0,0,0,0,0,0,0,110694,0,137.96,138.08,138.28
86,2,0,0,0,95776,95776,95776,1503,1503,1503,591,591,591,0.00,0.00,0.00,0.00,0.00,0.00,0.00,0.00,0.00,0.00,0.00,0.00,0.00,0.00,0.00,0.00,0.00,0.00,0.00,0.00,0.00,197447,325170,547771,207930,337750,560876,0,0,0,0,0,0,0,110622,0,138.15,138.18,138.23
86,3,0,0,0,95773,95773,95773,1506,1506,1506,591,591,591,0.00,0.00,0.00,0.00,0.00,0.00,0.00,0.00,0.00,0.00,0.00,0.00,0.00,0.00,0.00,0.00,0.00,0.00,0.00,0.00,0.00,206172,303330,372179,214908,316086,385284,0,0,0,0,0,0,0,108671,0,134.28,134.75,135.10
87,0,0,5,28,90579,92844,95775,1504,4434,6700,591,591,591,0.00,0.00,0.00,0.00,0.00,0.01,0.00,0.00,0.00,0.00,0.00,0.00,0.00,0.00,0.00,0.00,0.00,0.00,0.00,0.00,0.01,290927,416701,770412,304032,781508,1501517,0,0,0,0,0,0,0,115254,0,140.22,141.72,143.08
87,1,0,8,23,90577,92389,95773,1507,4883,6703,591,591,591,0.00,0.00,0.01,0.00,0.00,0.01,0.00,0.00,0.00,0.00,0.00,0.00,0.00,0.00,0.00,0.00,0.00,0.00,0.00,0.00,0.01,414112,588639,838642,427217,953454,1850262,0,0,0,0,0,0,0,113738,0,138.33,140.04,141.42
87,2,0,2,10,90580,92632,95776,1503,4646,6699,591,591,591,0.00,0.00,0.01,0.00,0.00,0.01,0.00,0.00,0.00,0.00,0.00,0.00,0.00,0.00,0.00,0.00,0.00,0.00,0.00,0.00,0.02,293548,539368,1244890,309270,904702,2007548,0,0,0,0,0,0,0,127734,0,138.21,140.05,141.61
87,3,0,5,27,90577,92227,95773,1506,5043,6702,591,591,591,0.00,0.00,0.01,0.00,0.00,0.01,0.00,0.00,0.00,0.00,0.00,0.00,0.00,0.00,0.00,0.00,0.00,0.00,0.00,0.00,0.01,290907,375293,576592,301390,740588,1551558,0,0,0,0,0,0,0,110604,0,134.97,136.39,137.24
88,0,0,0,0,90579,90579,90579,6700,6700,6700,591,591,591,0.00,0.00,0.01,0.00,0.00,0.00,0.00,0.00,0.00,0.00,0.00,0.00,0.00,0.00,0.00,0.00,0.00,0.00,0.00,0.00,0.00,319751,510381,1027408,332855,523486,1040513,0,0,0,0,0,0,0,111930,0,139.76,141.24,143.07
88,1,0,0,0,90577,90577,90577,6703,6703,6703,591,591,591,0.00,0.00,0.00,0.00,0.00,0.00,0.00,0.00,0.00,0.00,0.00,0.00,0.00,0.00,0.00,0.00,0.00,0.00,0.00,0.00,0.00,421962,743818,1483455,437687,757971,1496560,0,0,0,0,0,0,0,110479,0,138.15,139.66,141.47
88,2,0,0,0,90580,90580,90580,6699,6699,6699,591,591,591,0.00,0.00,0.00,0.00,0.00,0.00,0.00,0.00,0.00,0.00,0.00,0.00,0.00,0.00,0.00,0.00,0.00,0.00,0.00,0.00,0.00,291984,334642,474391,307487,348751,487495,0,0,0,0,0,0,0,110599,0,138.24,139.89,141.72
88,3,0,0,0,90577,90577,90577,6702,6702,6702,591,591,591,0.00,0.00,0.00,0.00,0.00,0.00,0.00,0.00,0.00,0.00,0.00,0.00,0.00,0.00,0.00,0.00,0.00,0.00,0.00,0.00,0.00,306975,564340,1119130,320322,577970,1132234,0,0,0,0,0,0,0,120470,0,133.59,134.98,137.06
89,0,0,0,0,90579,90579,90579,6700,6700,6700,591,591,591,0.00,0.00,0.00,0.00,0.00,0.00,0.00,0.00,0.00,0.00,0.00,0.00,0.00,0.00,0.00,0.00,0.00,0.00,0.00,0.00,0.00,301411,356674,571368,317112,370785,584472,0,0,0,0,0,0,0,111954,0,139.68,139.73,139.79
89,1,0,0,0,90577,90577,90577,6703,6703,6703,591,591,591,0.00,0.00,0.00,0.00,0.00,0.00,0.00,0.00,0.00,0.00,0.00,0.00,0.00,0.00,0.00,0.00,0.00,0.00,0.00,0.00,0.00,406249,523136,744336,421975,537289,757440,0,0,0,0,0,0,0,110377,0,137.89,137.92,138.00
89,2,0,0,0,90580,90580,90580,6699,6699,6699,591,591,591,0.00,0.00,0.00,0.00,0.00,0.00,0.00,0.00,0.00,0.00,0.00,0.00,0.00,0.00,0.00,0.00,0.00,0.00,0.00,0.00,0.00,298787,356958,563439,314511,371111,573922,0,0,0,0,0,0,0,110767,0,138.16,138.26,138.39
89,3,0,0,0,90577,90577,90577,6702,6702,6702,591,591,591,0.00,0.00,0.00,0.00,0.00,0.00,0.00,0.00,0.00,0.00,0.00,0.00,0.00,0.00,0.00,0.00,0.00,0.00,0.00,0.00,0.00,309264,367453,521565,324989,381606,537290,0,0,0,0,0,0,0,106952,0,133.43,133.47,133.51
90,0,0,0,0,90579,90579,90579,6700,6700,6700,591,591,591,0.00,0.00,0.00,0.00,0.00,0.00,0.00,0.00,0.00,0.00,0.00,0.00,0.00,0.00,0.00,0.00,0.00,0.00,0.00,0.00,0.00,296134,344914,532048,309009,358534,545153,0,0,0,0,0,0,0,112148,0,139.75,139.80,139.90
90,1,0,0,0,90577,90577,90577,6703,6703,6703,591,591,591,0.00,0.00,0.00,0.00,0.00,0.00,0.00,0.00,0.00,0.00,0.00,0.00,0.00,0.00,0.00,0.00,0.00,0.00,0.00,0.00,0.00,291802,500249,788899,302286,513354,802004,0,0,0,0,0,0,0,110436,0,137.95,137.98,138.01
90,2,0,0,0,90580,90580,90580,6699,6699,6699,591,591,591,0.00,0.00,0.00,0.00,0.00,0.00,0.00,0.00,0.00,0.00,0.00,0.00,0.00,0.00,0.00,0.00,0.00,0.00,0.00,0.00,0.00,296167,396285,550396,309272,409914,566122,0,0,0,0,0,0,0,110809,0,138.33,138.36,138.40
90,3,0,0,0,90577,90577,90577,6702,6702,6702,591,591,591,0.00,0.00,0.00,0.00,0.00,0.00,0.00,0.00,0.00,0.00,0.00,0.00,0.00,0.00,0.00,0.00,0.00,0.00,0.00,0.00,0.00,309271,381608,621163,322376,395761,636889,0,0,0,0,0,0,0,107208,0,133.38,133.48,133.64
91,0,0,0,0,90579,90579,90579,6700,6700,6700,591,591,591,0.00,0.00,0.00,0.00,0.00,0.00,0.00,0.00,0.00,0.00,0.00,0.00,0.00,0.00,0.00,0.00,0.00,0.00,0.00,0.00,0.00,293545,366928,566112,309271,380688,579217,0,0,0,0,0,0,0,112516,0,139.95,140.14,140.33
91,1,0,0,0,90577,90577,90577,6703,6703,6703,591,591,591,0.00,0.00,0.00,0.00,0.00,0.00,0.00,0.00,0.00,0.00,0.00,0.00,0.00,0.00,0.00,0.00,0.00,0.00,0.00,0.00,0.00,416729,556286,830841,429834,570046,841325,0,0,0,0,0,0,0,82901,0,137.94,138.04,138.14
91,2,0,0,0,90580,90580,90580,6699,6699,6699,591,591,591,0.00,0.00,0.00,0.00,0.00,0.00,0.00,0.00,0.00,0.00,0.00,0.00,0.00,0.00,0.00,0.00,0.00,0.00,0.00,0.00,0.00,199192,296162,387901,207928,308830,401006,0,0,0,0,0,0,0,97036,0,138.46,138.50,138.54
91,3,0,0,0,90577,90577,90577,6702,6702,6702,591,591,591,0.00,0.00,0.00,0.00,0.00,0.00,0.00,0.00,0.00,0.00,0.00,0.00,0.00,0.00,0.00,0.00,0.00,0.00,0.00,0.00,0.00,309250,322370,338101,322375,335474,353826,0,0,0,0,0,0,0,109044,0,133.80,134.43,135.22
92,0,0,11,58,87989,89542,90579,6700,7736,9290,591,591,591,0.00,0.00,0.00,0.00,0.00,0.00,0.00,0.00,0.00,0.00,0.00,0.00,0.00,0.00,0.00,0.00,0.00,0.00,0.00,0.00,0.01,170328,472294,1090363,314496,651390,1538565,0,0,0,0,0,0,0,114585,0,140.39,141.53,142.58
92,1,0,9,48,87987,89023,90577,6703,8766,9293,591,591,591,0.00,0.00,0.00,0.00,0.00,0.00,0.00,0.00,0.00,0.00,0.00,0.00,0.00,0.00,0.00,0.00,0.00,0.00,0.00,0.00,0.01,482259,751657,1409918,532050,911007,1624812,0,0,0,0,0,0,0,112498,0,138.31,139.69,140.23
92,2,0,0,0,88010,90066,90580,6699,7213,9269,591,591,591,0.00,0.00,0.00,0.00,0.00,0.00,0.00,0.00,0.00,0.00,0.00,0.00,0.00,0.00,0.00,0.00,0.00,0.00,0.00,0.00,0.01,296166,468086,964501,322374,594405,980226,0,0,0,0,0,0,0,112414,0,138.54,138.84,139.61
92,3,0,8,43,87987,89665,90577,6702,7613,9292,591,591,591,0.00,0.00,0.00,0.00,0.00,0.00,0.00,0.00,0.00,0.00,0.00,0.00,0.00,0.00,0.00,0.00,0.00,0.00,0.00,0.00,0.01,216353,481476,1247498,228469,635383,1698274,0,0,0,0,0,0,0,97854,0,135.85,137.43,138.80
93,0,0,0,1,86849,87361,87989,9290,9918,10430,591,591,591,0.00,0.00,0.00,0.00,0.00,0.00,0.00,0.00,0.00,0.00,0.00,0.00,0.00,0.00,0.00,0.00,0.00,0.00,0.00,0.00,0.00,314511,452370,699796,411485,545150,762699,0,0,0,0,0,0,0,84672,0,140.56,141.61,142.55
93,1,0,0,3,86847,87159,87987,10293,10328,10433,591,591,591,0.00,0.00,0.00,0.00,0.00,0.00,0.00,0.00,0.00,0.00,0.00,0.00,0.00,0.00,0.00,0.00,0.00,0.00,0.00,0.00,0.00,412103,558895,867516,497960,664430,1071946,0,0,0,0,0,0,0,110976,0,138.68,139.09,140.19
93,2,0,7,27,86990,87590,87990,9289,9689,10289,591,591,591,0.00,0.00,0.00,0.00,0.00,0.00,0.00,0.00,0.00,0.00,0.00,0.00,0.00,0.00,0.00,0.00,0.00,0.00,0.00,0.00,0.00,309276,427709,686530,448188,567054,701787,0,0,0,0,0,0,0,111409,0,138.98,139.93,140.31
93,3,0,0,0,86847,87467,87987,9292,9812,10432,591,591,591,0.00,0.00,0.00,0.00,0.00,0.00,0.00,0.00,0.00,0.00,0.00,0.00,0.00,0.00,0.00,0.00,0.00,0.00,0.00,0.00,0.00,306652,397330,691943,398365,508456,707669,0,0,0,0,0,0,0,107438,0,134.18,136.37,138.27
94,0,0,6,28,82151,84505,86729,10550,12827,15138,591,591,591,0.00,0.02,0.10,0.00,0.01,0.04,0.00,0.00,0.00,0.00,0.00,0.00,0.00,0.00,0.00,0.00,0.00,0.00,0.00,0.01,0.05,319429,532489,1051000,361685,1000344,1997162,0,176106,880532,0,0,0,0,119550,0,140.07,143.26,147.76
94,1,0,14,71,82209,84471,86727,10493,12486,15071,591,591,591,0.00,0.02,0.07,0.00,0.01,0.03,0.00,0.00,0.00,0.00,0.00,0.00,0.00,0.00,0.00,0.00,0.00,0.00,0.00,0.01,0.04,432415,635795,867504,487449,1064029,2044270,0,0,0,0,0,0,0,120477,0,138.63,144.01,148.11
94,2,0,6,23,82172,84514,86730,10549,12764,15107,591,591,591,0.00,0.02,0.06,0.00,0.01,0.03,0.00,0.00,0.00,0.00,0.00,0.00,0.00,0.00,0.00,0.00,0.00,0.00,0.00,0.01,0.04,314493,806664,1420482,382616,1380087,2875036,0,0,0,0,0,0,0,134451,0,138.79,142.71,148.16
94,3,0,9,43,82139,84449,86727,10552,12783,15130,591,591,591,0.00,0.02,0.05,0.00,0.01,0.03,0.00,0.00,0.00,0.00,0.00,0.00,0.00,0.00,0.00,0.00,0.00,0.00,0.00,0.01,0.04,340695,417751,563461,408830,826081,1761282,0,0,0,0,0,0,0,116204,0,133.92,137.64,142.45
95,0,0,0,0,82021,82027,82051,15228,15252,15258,591,591,591,0.00,0.00,0.00,0.00,0.00,0.00,0.00,0.00,0.00,0.00,0.00,0.00,0.00,0.00,0.00,0.00,0.00,0.00,0.00,0.00,0.00,296166,1034559,2879478,309270,1341674,3762448,0,0,0,0,0,0,0,112557,0,140.51,144.98,148.19
95,1,0,0,0,82059,82065,82089,15191,15215,15221,591,591,591,0.00,0.00,0.00,0.00,0.00,0.00,0.00,0.00,0.00,0.00,0.00,0.00,0.00,0.00,0.00,0.00,0.00,0.00,0.00,0.00,0.00,432461,1336669,2647182,445566,1689968,3420370,0,0,0,0,0,0,0,126063,0,139.51,143.69,148.57
95,2,0,0,3,82022,82028,82052,15227,15251,15257,591,591,591,0.00,0.00,0.00,0.00,0.00,0.00,0.00,0.00,0.00,0.00,0.00,0.00,0.00,0.00,0.00,0.00,0.00,0.00,0.00,0.00,0.00,293545,1190931,2720532,301408,1546846,3624756,0,0,0,0,0,0,0,111580,0,139.26,144.84,148.86
95,3,0,0,3,82019,82025,82049,15230,15254,15260,591,591,591,0.00,0.00,0.00,0.00,0.00,0.00,0.00,0.00,0.00,0.00,0.00,0.00,0.00,0.00,0.00,0.00,0.00,0.00,0.00,0.00,0.00,322384,1202321,2945203,356448,1576017,3786316,0,0,0,0,0,0,0,108786,0,134.89,139.57,142.56
96,0,0,5,24,81185,81766,81941,15338,15512,16094,591,591,591,0.00,0.03,0.13,0.00,0.01,0.06,0.00,0.01,0.06,0.00,0.00,0.00,0.00,0.00,0.01,0.00,0.00,0.00,0.00,0.01,0.05,461248,838303,1192511,543378,963575,1362869,0,0,0,0,0,0,0,130222,0,140.93,144.83,158.46
96,1,0,0,1,81263,81804,81979,15301,15471,16017,591,591,591,0.00,0.00,0.00,0.00,0.00,0.00,0.00,0.00,0.00,0.00,0.00,0.00,0.00,0.00,0.00,0.00,0.00,0.00,0.00,0.00,0.00,280421,785037,1516337,372148,851601,1581809,0,0,0,0,0,0,0,128016,0,140.45,143.86,156.51
96,2,0,8,36,81266,81815,82022,15257,15463,16013,591,591,591,0.00,0.03,0.13,0.00,0.00,0.00,0.00,0.00,0.00,0.00,0.00,0.00,0.00,0.00,0.00,0.00,0.00,0.00,0.00,0.01,0.05,290925,606338,915119,306651,673326,1025965,0,0,0,0,0,0,0,129323,0,139.17,142.55,155.89
96,3,0,7,33,81263,81804,81979,15300,15474,16016,591,591,591,0.00,0.02,0.08,0.00,0.01,0.04,0.00,0.01,0.04,0.00,0.00,0.00,0.00,0.00,0.00,0.00,0.00,0.00,0.00,0.01,0.03,311894,695051,1113755,327619,806399,1147823,0,0,0,0,0,0,0,141068,0,136.96,141.34,155.24
97,0,0,0,2,81177,81177,81177,16102,16102,16102,591,591,591,0.00,0.00,0.00,0.00,0.00,0.00,0.00,0.00,0.00,0.00,0.00,0.00,0.00,0.00,0.00,0.00,0.00,0.00,0.00,0.00,0.00,309272,416194,799375,324997,497963,812480,0,0,0,0,0,0,0,111961,0,139.94,153.74,158.08
97,1,0,0,2,81255,81255,81255,16025,16025,16025,591,591,591,0.00,0.03,0.13,0.00,0.01,0.06,0.00,0.01,0.06,0.00,0.00,0.00,0.00,0.00,0.01,0.00,0.00,0.00,0.00,0.01,0.05,416287,599016,1037817,450802,727817,1069266,0,0,0,0,0,0,0,111189,0,139.21,152.08,155.89
97,2,0,0,1,81258,81258,81258,16021,16021,16021,591,591,591,0.00,0.00,0.00,0.00,0.01,0.06,0.00,0.01,0.06,0.00,0.00,0.00,0.00,0.00,0.01,0.00,0.00,0.00,0.00,0.00,0.00,298789,383167,663050,311894,513160,773147,0,0,0,0,0,0,0,111781,0,140.06,153.25,156.83
97,3,0,0,1,81255,81255,81255,16024,16024,16024,591,591,591,0.00,0.01,0.05,0.00,0.00,0.02,0.00,0.00,0.02,0.00,0.00,0.00,0.00,0.00,0.00,0.00,0.00,0.00,0.00,0.00,0.02,311889,364294,521507,324994,442392,718055,0,0,0,0,0,0,0,107591,0,134.74,149.87,154.98
98,0,0,0,0,81177,81177,81177,16102,16102,16102,591,591,591,0.00,0.00,0.00,0.00,0.00,0.00,0.00,0.00,0.00,0.00,0.00,0.00,0.00,0.00,0.00,0.00,0.00,0.00,0.00,0.00,0.00,298781,336942,463590,311886,351556,477066,0,0,0,0,0,0,0,111789,0,139.68,139.81,139.93
98,1,0,0,0,81255,81255,81255,16025,16025,16025,591,591,591,0.00,0.00,0.00,0.00,0.00,0.00,0.00,0.00,0.00,0.00,0.00,0.00,0.00,0.00,0.00,0.00,0.00,0.00,0.00,0.00,0.00,403618,615380,854374,419343,630057,864904,0,0,0,0,0,0,0,110895,0,138.68,138.79,138.89
98,2,0,0,0,81258,81258,81258,16021,16021,16021,591,591,591,0.00,0.00,0.00,0.00,0.00,0.00,0.00,0.00,0.00,0.00,0.00,0.00,0.00,0.00,0.00,0.00,0.00,0.00,0.00,0.00,0.00,293544,362736,626399,309270,377937,642124,0,0,0,0,0,0,0,97867,0,139.65,139.69,139.73
98,3,0,0,0,81255,81255,81255,16024,16024,16024,591,591,591,0.00,0.00,0.00,0.00,0.00,0.00,0.00,0.00,0.00,0.00,0.00,0.00,0.00,0.00,0.00,0.00,0.00,0.00,0.00,0.00,0.00,306650,315556,332859,317134,329709,348585,0,0,0,0,0,0,0,106810,0,133.43,133.91,134.34
99,0,0,0,0,81177,81177,81177,16102,16102,16102,591,591,591,0.00,0.00,0.00,0.00,0.00,0.00,0.00,0.00,0.00,0.00,0.00,0.00,0.00,0.00,0.00,0.00,0.00,0.00,0.00,0.00,0.00,298782,371504,584431,314507,385919,597535,0,0,0,0,0,0,0,125699,0,139.46,139.52,139.58
99,1,0,0,0,81255,81255,81255,16025,16025,16025,591,591,591,0.00,0.00,0.00,0.00,0.00,0.00,0.00,0.00,0.00,0.00,0.00,0.00,0.00,0.00,0.00,0.00,0.00,0.00,0.00,0.00,0.00,411484,563496,841318,424588,577911,854423,0,0,0,0,0,0,0,97069,0,138.47,138.54,138.62
99,2,0,0,0,81258,81258,81258,16021,16021,16021,591,591,591,0.00,0.00,0.00,0.00,0.00,0.00,0.00,0.00,0.00,0.00,0.00,0.00,0.00,0.00,0.00,0.00,0.00,0.00,0.00,0.00,0.00,288302,602796,1320880,301407,616555,1336605,0,0,0,0,0,0,0,111660,0,139.65,139.67,139.71
99,3,0,0,0,81255,81255,81255,16024,16024,16024,591,591,591,0.00,0.00,0.00,0.00,0.00,0.00,0.00,0.00,0.00,0.00,0.00,0.00,0.00,0.00,0.00,0.00,0.00,0.00,0.00,0.00,0.00,306651,313200,319751,322376,327615,332856,0,0,0,0,0,0,0,106984,0,133.30,133.36,133.41
100,0,0,0,0,81177,81177,81177,16102,16102,16102,591,591,591,0.00,0.00,0.00,0.00,0.00,0.00,0.00,0.00,0.00,0.00,0.00,0.00,0.00,0.00,0.00,0.00,0.00,0.00,0.00,0.00,0.00,172978,500067,993331,186082,512997,1003815,0,0,0,0,0,0,0,111584,0,139.33,139.46,139.56
100,1,0,0,0,81255,81255,81255,16025,16025,16025,591,591,591,0.00,0.00,0.00,0.00,0.00,0.00,0.00,0.00,0.00,0.00,0.00,0.00,0.00,0.00,0.00,0.00,0.00,0.00,0.00,0.00,0.00,352949,605010,1299988,361685,618265,1313093,0,0,0,0,0,0,0,111090,0,138.66,138.74,138.80
100,2,0,0,0,81258,81258,81258,16021,16021,16021,591,591,591,0.00,0.00,0.00,0.00,0.00,0.00,0.00,0.00,0.00,0.00,0.00,0.00,0.00,0.00,0.00,0.00,0.00,0.00,0.00,0.00,0.00,197483,333022,573989,206144,346239,589715,0,0,0,0,0,0,0,111681,0,139.56,139.59,139.61
100,3,0,0,0,81255,81255,81255,16024,16024,16024,591,591,591,0.00,0.00,0.00,0.00,0.00,0.00,0.00,0.00,0.00,0.00,0.00,0.00,0.00,0.00,0.00,0.00,0.00,0.00,0.00,0.00,0.00,157255,440315,1030021,170360,453420,1043125,0,0,0,0,0,0,0,80510,0,133.46,133.59,133.74
101,0,0,2,9,75479,79286,81177,16102,18076,21982,591,591,591,0.00,0.01,0.03,0.00,0.00,0.01,0.00,0.00,0.01,0.00,0.00,0.00,0.00,0.00,0.00,0.00,0.00,0.00,0.00,0.00,0.01,296163,1651824,5219128,311888,1986210,5313449,0,0,0,0,0,0,0,91720,0,139.34,141.19,145.83
101,1,0,3,10,75395,79284,81255,16025,18081,22109,591,591,591,0.00,0.01,0.04,0.00,0.01,0.02,0.00,0.00,0.01,0.00,0.00,0.00,0.00,0.00,0.00,0.00,0.00,0.00,0.00,0.00,0.01,394542,1447297,3616713,407188,1836961,3702326,0,0,0,0,0,0,0,113746,0,138.63,140.47,144.68
101,2,0,1,5,75460,79307,81258,16021,17971,21819,591,591,591,0.00,0.01,0.04,0.00,0.01,0.01,0.00,0.00,0.01,0.00,0.00,0.00,0.00,0.00,0.00,0.00,0.00,0.00,0.00,0.00,0.01,304372,1490484,3256294,317722,1873159,3334906,0,0,0,0,0,0,0,114642,0,139.52,141.66,146.61
101,3,0,1,7,75215,79247,81255,16024,17954,21884,591,591,591,0.00,0.01,0.02,0.00,0.00,0.01,0.00,0.00,0.01,0.00,0.00,0.00,0.00,0.00,0.00,0.00,0.00,0.00,0.00,0.00,0.01,0,1627919,6166206,0,1926674,6286752,0,0,0,0,0,0,0,108848,0,133.26,134.50,137.13
102,0,0,3,8,71911,72229,73409,23884,25056,25368,591,591,591,0.02,0.09,0.23,0.00,0.02,0.08,0.01,0.02,0.07,0.00,0.00,0.00,0.00,0.00,0.01,0.00,0.00,0.00,0.00,0.02,0.06,309273,527279,896155,324999,1149418,1758245,0,0,0,0,0,0,0,110748,0,152.24,163.26,177.30
102,1,0,10,30,71909,72208,73395,23987,25024,25371,591,591,591,0.00,0.07,0.17,0.00,0.02,0.06,0.00,0.02,0.05,0.00,0.00,0.00,0.00,0.00,0.01,0.00,0.00,0.00,0.00,0.02,0.05,411481,657281,1294652,427207,1213392,2432060,0,0,0,0,0,0,0,140906,0,149.63,160.05,174.59
102,2,0,13,47,71912,72211,73398,23883,25067,25367,591,591,591,0.03,0.08,0.18,0.00,0.02,0.06,0.00,0.02,0.06,0.00,0.00,0.00,0.00,0.00,0.01,0.00,0.00,0.00,0.01,0.02,0.05,309274,425101,720772,325000,989090,1493837,0,0,0,0,0,0,0,142453,0,150.67,164.38,175.65
102,3,0,17,62,71909,72221,73393,23872,25051,25370,591,591,591,0.00,0.07,0.23,0.00,0.03,0.08,0.00,0.02,0.07,0.00,0.00,0.00,0.00,0.00,0.01,0.00,0.00,0.00,0.00,0.02,0.06,5241,337551,547725,351201,979095,1750624,0,0,0,0,0,0,0,137349,0,142.92,155.01,170.04
103,0,0,0,0,71911,71911,71911,25368,25368,25368,591,591,591,0.00,0.00,0.00,0.00,0.00,0.00,0.00,0.00,0.00,0.00,0.00,0.00,0.00,0.00,0.00,0.00,0.00,0.00,0.00,0.00,0.00,293479,391167,508452,309201,409983,526798,0,0,0,0,0,0,0,111408,0,138.81,153.19,166.22
103,1,0,0,0,71909,71909,71909,25371,25371,25371,591,591,591,0.00,0.00,0.00,0.00,0.00,0.00,0.00,0.00,0.00,0.00,0.00,0.00,0.00,0.00,0.00,0.00,0.00,0.00,0.00,0.00,0.00,427178,656735,875207,440282,675504,890428,0,0,0,0,0,0,0,111438,0,139.14,159.07,170.70
103,2,0,0,0,71912,71912,71912,25367,25367,25367,591,591,591,0.00,0.00,0.00,0.00,0.00,0.00,0.00,0.00,0.00,0.00,0.00,0.00,0.00,0.00,0.00,0.00,0.00,0.00,0.00,0.00,0.00,296165,445388,767909,311891,464253,783634,0,0,0,0,0,0,0,109852,0,137.27,151.15,166.54
103,3,0,0,0,71909,71909,71909,25370,25370,25370,591,591,591,0.00,0.00,0.00,0.00,0.00,0.00,0.00,0.00,0.00,0.00,0.00,0.00,0.00,0.00,0.00,0.00,0.00,0.00,0.00,0.00,0.00,304031,412529,670961,317136,431399,686687,0,0,0,0,0,0,0,105428,0,131.48,147.41,161.12
104,0,0,0,0,71911,71911,71911,25368,25368,25368,591,591,591,0.00,0.00,0.00,0.00,0.00,0.00,0.00,0.00,0.00,0.00,0.00,0.00,0.00,0.00,0.00,0.00,0.00,0.00,0.00,0.00,0.00,301405,356963,571330,317130,371116,584434,0,0,0,0,0,0,0,110859,0,138.53,138.64,138.78
104,1,0,0,0,71909,71909,71909,25371,25371,25371,591,591,591,0.00,0.00,0.00,0.00,0.00,0.00,0.00,0.00,0.00,0.00,0.00,0.00,0.00,0.00,0.00,0.00,0.00,0.00,0.00,0.00,0.00,411481,583935,828211,424586,598612,841315,0,0,0,0,0,0,0,111164,0,138.91,139.06,139.16
104,2,0,0,0,71912,71912,71912,25367,25367,25367,591,591,591,0.00,0.00,0.00,0.00,0.00,0.00,0.00,0.00,0.00,0.00,0.00,0.00,0.00,0.00,0.00,0.00,0.00,0.00,0.00,0.00,0.00,293543,338098,511084,306647,352251,524189,0,0,0,0,0,0,0,109792,0,137.10,137.15,137.25
104,3,0,0,0,71909,71909,71909,25370,25370,25370,591,591,591,0.00,0.00,0.00,0.00,0.00,0.00,0.00,0.00,0.00,0.00,0.00,0.00,0.00,0.00,0.00,0.00,0.00,0.00,0.00,0.00,0.00,306646,321326,340723,322372,335479,356449,0,0,0,0,0,0,0,105955,0,131.73,131.93,132.09
105,0,0,10,42,71911,71911,71911,25368,25368,25368,591,591,591,0.00,0.03,0.14,0.00,0.04,0.09,0.00,0.00,0.01,0.00,0.00,0.00,0.00,0.00,0.01,0.00,0.00,0.00,0.00,0.04,0.10,162498,527312,1037879,175603,681404,1050983,0,0,0,0,0,0,0,139380,0,138.48,145.48,165.93
105,1,0,3,17,71909,71909,71909,25371,25371,25371,591,591,591,0.00,0.07,0.22,0.00,0.04,0.10,0.00,0.02,0.09,0.00,0.00,0.00,0.00,0.00,0.01,0.00,0.00,0.00,0.00,0.04,0.10,10483,490091,862277,172983,644187,1318155,0,0,0,0,0,0,0,157694,0,138.81,146.64,172.66
105,2,0,14,45,71912,71912,71912,25367,25367,25367,591,591,591,0.00,0.03,0.14,0.00,0.03,0.09,0.00,0.01,0.06,0.00,0.00,0.00,0.00,0.00,0.01,0.00,0.00,0.00,0.00,0.02,0.10,298782,452345,738973,314507,603815,1299754,0,0,0,0,0,0,0,150678,0,137.04,144.78,163.71
105,3,0,13,60,71909,71909,71909,25370,25370,25370,591,591,591,0.00,0.10,0.38,0.00,0.05,0.17,0.00,0.04,0.17,0.00,0.00,0.00,0.00,0.00,0.02,0.00,0.00,0.00,0.00,0.02,0.10,309277,586350,1228973,322382,748129,1789742,0,0,0,0,0,0,0,153081,0,131.89,140.30,166.11
106,0,0,0,0,71911,71911,71911,25368,25368,25368,591,591,591,0.00,0.04,0.19,0.00,0.00,0.00,0.00,0.02,0.08,0.00,0.00,0.00,0.00,0.00,0.00,0.00,0.00,0.00,0.00,0.00,0.00,296149,481195,634264,309253,496921,652607,0,0,0,0,0,0,0,111805,0,139.81,159.84,166.91
106,1,0,0,0,71909,71909,71909,25371,25371,25371,591,591,591,0.00,0.00,0.00,0.00,0.00,0.00,0.00,0.00,0.00,0.00,0.00,0.00,0.00,0.00,0.00,0.00,0.00,0.00,0.00,0.00,0.00,414101,664653,1378587,427206,679854,1391692,0,0,0,0,0,0,0,110416,0,138.38,164.59,172.56
106,2,0,0,0,71912,71912,71912,25367,25367,25367,591,591,591,0.00,0.03,0.15,0.00,0.00,0.00,0.00,0.00,0.00,0.00,0.00,0.00,0.00,0.00,0.00,0.00,0.00,0.00,0.00,0.01,0.06,296148,407812,608059,309251,423537,621164,0,0,0,0,0,0,0,109819,0,137.16,155.88,163.78
106,3,0,0,0,71909,71909,71909,25370,25370,25370,591,591,591,0.00,0.01,0.04,0.00,0.00,0.02,0.00,0.00,0.02,0.00,0.00,0.00,0.00,0.00,0.00,0.00,0.00,0.00,0.00,0.03,0.15,311868,492729,849182,324972,521559,870149,0,0,0,0,0,0,0,106858,0,134.44,159.43,167.47
107,0,0,4,12,63051,68995,71911,25368,28460,34708,591,591,591,0.00,0.02,0.10,0.00,0.02,0.05,0.00,0.00,0.02,0.00,0.00,0.00,0.00,0.00,0.00,0.00,0.00,0.00,0.00,0.01,0.04,306653,371574,565907,322378,821117,1459692,0,0,0,0,0,0,0,128269,0,139.27,146.39,159.57
107,1,0,8,19,62369,68513,71909,25371,28455,34391,591,591,591,0.00,0.04,0.07,0.00,0.02,0.04,0.00,0.01,0.02,0.00,0.00,0.00,0.00,0.00,0.00,0.00,0.00,0.00,0.00,0.02,0.03,421765,558499,657818,627310,1065831,1789999,0,0,0,0,0,0,0,127291,0,137.79,143.58,157.66
107,2,0,3,8,63192,68932,71912,25367,28367,34147,591,591,591,0.00,0.03,0.07,0.00,0.02,0.03,0.00,0.01,0.02,0.00,0.00,0.00,0.00,0.00,0.00,0.00,0.00,0.00,0.00,0.01,0.02,288280,413603,697115,306645,932835,1826652,0,0,0,0,0,0,0,129376,0,137.14,146.61,160.62
107,3,0,2,8,62309,68537,71909,25370,28598,34770,591,591,591,0.00,0.03,0.07,0.00,0.02,0.04,0.00,0.01,0.01,0.00,0.00,0.00,0.00,0.00,0.00,0.00,0.00,0.00,0.00,0.01,0.03,288297,310640,326663,311889,780451,1472854,0,0,0,0,0,0,0,121561,0,132.83,137.89,147.95
108,0,6,10,13,43445,50909,58651,38948,44756,50530,591,591,591,0.06,0.08,0.09,0.03,0.03,0.03,0.02,0.03,0.03,0.00,0.00,0.00,0.01,0.01,0.01,0.00,0.00,0.00,0.02,0.03,0.03,314470,566593,1344443,1378433,1697540,2298396,0,0,0,0,0,0,0,162557,0,170.17,179.25,186.02
108,1,11,12,15,46169,52434,58449,38351,46551,54911,591,591,591,0.07,0.09,0.10,0.03,0.03,0.04,0.03,0.03,0.03,0.00,0.00,0.00,0.00,0.01,0.01,0.00,0.00,0.00,0.03,0.03,0.03,421928,492681,592244,1475440,1548805,1624814,0,0,0,0,0,0,0,131658,0,167.88,179.20,188.88
108,2,8,20,56,58656,59389,60816,36463,37889,38623,591,591,591,0.04,0.15,0.53,0.02,0.06,0.19,0.01,0.05,0.15,0.00,0.00,0.00,0.00,0.01,0.02,0.00,0.00,0.00,0.01,0.04,0.16,309250,370167,518897,1467627,1643801,1753242,0,0,0,0,0,0,0,165652,0,166.95,180.42,215.08
108,3,6,12,16,44429,51149,57949,39110,48006,56950,591,591,591,0.08,0.10,0.12,0.03,0.04,0.04,0.02,0.03,0.04,0.00,0.00,0.00,0.01,0.01,0.01,0.00,0.00,0.00,0.03,0.03,0.03,317103,404902,552985,1391585,1479397,1611783,0,0,0,0,0,0,0,172841,0,162.36,178.36,190.65
109,0,4,8,11,35531,37571,39991,54174,58686,61828,591,591,591,0.05,0.06,0.08,0.01,0.02,0.03,0.01,0.02,0.03,0.00,0.00,0.00,0.00,0.00,0.01,0.00,0.00,0.00,0.01,0.02,0.02,311814,454672,712812,1236774,1440278,1823962,0,0,0,0,0,0,0,95871,0,168.86,176.95,182.48
109,1,9,11,14,29565,35084,41929,58731,63673,67699,591,591,591,0.06,0.08,0.09,0.02,0.03,0.03,0.02,0.03,0.03,0.00,0.00,0.00,0.00,0.01,0.01,0.00,0.00,0.00,0.02,0.02,0.03,429799,486913,647309,1391360,1451832,1585515,0,0,0,0,0,0,0,146283,0,184.49,186.69,187.99
109,2,10,28,60,48456,53544,58656,38623,43739,48823,591,591,591,0.06,0.20,0.39,0.02,0.08,0.17,0.02,0.04,0.12,0.00,0.00,0.00,0.00,0.01,0.02,0.00,0.00,0.00,0.02,0.09,0.15,317108,589109,935600,1320848,1727465,2120104,0,0,0,0,0,0,0,159119,0,212.96,240.55,258.88
109,3,8,12,16,23023,31908,40053,61010,67156,73956,591,591,591,0.08,0.10,0.12,0.03,0.03,0.04,0.03,0.03,0.04,0.00,0.00,0.00,0.01,0.01,0.01,0.00,0.00,0.00,0.02,0.03,0.03,322348,504207,987932,1294635,1474373,1928695,0,0,0,0,0,0,0,116028,0,186.09,186.93,187.75
110,0,8,24,83,30919,32123,34261,63024,65172,66360,591,591,591,0.04,0.06,0.12,0.02,0.07,0.25,0.01,0.01,0.02,0.00,0.00,0.00,0.00,0.01,0.04,0.00,0.00,0.00,0.01,0.05,0.20,207910,364299,601984,1181929,1281482,1546838,0,0,0,0,0,0,0,187290,0,157.22,179.60,245.40
110,1,9,10,11,22845,25771,28403,68867,71449,74265,591,591,591,0.04,0.05,0.06,0.01,0.02,0.02,0.01,0.01,0.01,0.00,0.00,0.00,0.00,0.00,0.00,0.00,0.00,0.00,0.01,0.01,0.01,410580,467856,537102,1228247,1335270,1404701,0,0,0,0,0,0,0,127280,0,158.37,165.99,175.47
110,2,10,36,86,45496,45942,47184,50095,51337,51783,591,591,591,0.04,0.15,0.56,0.02,0.10,0.25,0.01,0.07,0.18,0.00,0.00,0.00,0.00,0.01,0.03,0.00,0.00,0.00,0.01,0.04,0.16,306616,558685,1171222,1040390,1463307,2214055,0,0,0,0,0,0,0,250188,0,166.05,204.38,269.77
110,3,11,14,18,15329,18659,21591,75668,78586,81890,591,591,591,0.04,0.06,0.08,0.02,0.02,0.03,0.01,0.01,0.03,0.00,0.00,0.00,0.00,0.00,0.01,0.00,0.00,0.00,0.01,0.02,0.03,317104,465435,723313,1168830,1363283,1656284,0,0,0,0,0,0,0,123983,0,160.30,173.69,186.35
111,0,18,74,100,19617,27769,30919,66360,69521,77722,591,591,591,0.54,0.67,0.82,0.05,0.22,0.28,0.06,0.19,0.27,0.00,0.00,0.00,0.01,0.03,0.05,0.00,0.00,0.00,0.04,0.18,0.27,327520,405653,558175,877754,1251030,1671933,0,0,0,0,0,0,0,305424,0,306.48,370.17,431.48
111,1,10,68,100,21711,21711,21711,75569,75569,75569,591,591,591,0.04,0.56,0.83,0.02,0.21,0.32,0.01,0.14,0.27,0.00,0.00,0.00,0.00,0.03,0.05,0.00,0.00,0.00,0.01,0.17,0.30,440248,607451,985331,1129505,1512602,1761072,0,0,0,0,0,0,0,343392,0,159.35,267.32,379.67
111,2,15,18,24,20456,28744,40416,56863,68539,76823,591,591,591,0.13,0.32,0.61,0.02,0.08,0.24,0.01,0.07,0.17,0.00,0.00,0.00,0.00,0.01,0.03,0.00,0.00,0.00,0.04,0.10,0.20,317104,458619,938208,995880,1273301,1727911,0,0,0,0,0,0,0,167801,0,219.80,290.27,324.75
111,3,9,36,100,12473,12927,14243,82996,84335,84806,591,591,591,0.04,0.28,0.85,0.02,0.10,0.25,0.01,0.08,0.28,0.00,0.00,0.00,0.00,0.01,0.05,0.00,0.00,0.00,0.01,0.04,0.16,228828,348170,526665,897847,1275986,1899664,0,0,0,0,0,0,0,257026,0,154.23,192.20,282.52
112,0,17,20,26,8549,12755,16637,80662,84763,88730,591,591,591,0.07,0.10,0.14,0.03,0.03,0.05,0.01,0.03,0.05,0.00,0.00,0.00,0.00,0.00,0.01,0.00,0.00,0.00,0.01,0.02,0.04,232367,513473,1139985,1083218,1343524,1876389,0,0,0,0,0,0,0,136222,0,173.65,235.41,322.31
112,1,25,51,75,21709,21709,21711,75569,75570,75571,591,591,591,0.24,0.35,0.55,0.09,0.14,0.20,0.07,0.10,0.16,0.00,0.00,0.00,0.01,0.01,0.02,0.00,0.00,0.00,0.05,0.11,0.16,458627,520469,634209,1352251,1477547,1640557,0,0,0,0,0,0,0,237166,0,304.99,357.03,415.58
112,2,11,23,57,13822,15757,18776,78503,81521,83457,591,591,591,0.05,0.06,0.06,0.02,0.04,0.12,0.01,0.01,0.02,0.00,0.00,0.00,0.00,0.00,0.01,0.00,0.00,0.00,0.01,0.01,0.02,314478,424026,817658,985388,1235910,1520006,0,0,0,0,0,0,0,172641,0,166.15,183.87,200.42
112,3,34,71,100,12471,12471,12471,84808,84808,84808,591,591,591,0.14,0.55,0.85,0.05,0.21,0.36,0.03,0.15,0.29,0.00,0.00,0.00,0.00,0.02,0.05,0.00,0.00,0.00,0.16,0.20,0.33,324968,1036660,2139178,857006,1815002,2810446,0,0,0,0,0,0,0,242391,0,347.28,395.29,443.67
113,0,18,79,100,8549,8549,8549,88730,88730,88730,591,591,591,0.08,0.63,0.85,0.19,0.24,0.30,0.02,0.18,0.29,0.00,0.00,0.00,0.01,0.04,0.05,0.00,0.00,0.00,0.14,0.19,0.24,345935,523062,893763,492527,895162,1582627,0,0,0,0,0,0,0,379128,0,224.49,351.40,444.24
113,1,27,62,92,21709,21709,21709,75571,75571,75571,591,591,591,0.15,0.42,0.71,0.06,0.17,0.25,0.03,0.12,0.22,0.00,0.00,0.00,0.00,0.02,0.03,0.00,0.00,0.00,0.03,0.13,0.21,474153,592583,804609,929969,1201821,1391569,0,0,0,0,0,0,0,266730,0,284.57,316.56,341.25
113,2,26,75,100,13822,13822,13822,83457,83457,83457,591,591,591,0.24,0.63,0.82,0.15,0.24,0.31,0.13,0.20,0.27,0.00,0.00,0.00,0.02,0.03,0.05,0.00,0.00,0.00,0.10,0.19,0.25,322333,597243,982554,644447,941249,1338893,0,0,0,0,0,0,0,316618,0,267.58,374.48,444.99
113,3,34,72,100,12471,12471,12471,84808,84808,84808,591,591,591,0.29,0.51,0.80,0.11,0.19,0.27,0.09,0.15,0.27,0.00,0.00,0.00,0.01,0.02,0.04,0.00,0.00,0.00,0.02,0.12,0.22,353632,667434,1378540,982313,1293296,1721472,0,0,0,0,0,0,0,326510,0,332.64,353.62,375.88
114,0,30,68,84,8549,8549,8549,88730,88730,88730,591,591,591,0.25,0.42,0.62,0.10,0.17,0.29,0.08,0.12,0.18,0.00,0.00,0.00,0.01,0.02,0.03,0.00,0.00,0.00,0.06,0.13,0.21,343284,577432,891369,859505,1250436,1554672,0,0,0,0,0,0,0,274246,0,309.60,362.20,418.44
114,1,50,67,89,21709,21709,21709,75571,75571,75571,591,591,591,0.27,0.43,0.57,0.10,0.17,0.22,0.08,0.12,0.17,0.00,0.00,0.00,0.01,0.02,0.02,0.00,0.00,0.00,0.06,0.13,0.18,442896,687660,1001099,1022034,1384932,1832728,0,0,0,0,0,0,0,253108,0,321.67,344.98,378.78
114,2,29,69,97,13822,13822,13822,83457,83457,83457,591,591,591,0.13,0.54,0.78,0.05,0.21,0.29,0.03,0.16,0.26,0.00,0.00,0.00,0.00,0.03,0.05,0.00,0.00,0.00,0.02,0.15,0.23,2620,537234,1281533,660419,1057694,1412569,0,0,0,0,0,0,0,280098,0,354.59,365.84,384.77
114,3,36,61,100,12471,12471,12471,84808,84808,84808,591,591,591,0.17,0.46,0.74,0.06,0.19,0.27,0.03,0.13,0.24,0.00,0.00,0.00,0.00,0.02,0.03,0.00,0.00,0.00,0.04,0.15,0.22,10482,503403,1144153,594895,1097285,2051674,0,0,0,0,0,0,0,212502,0,314.60,346.90,372.63
115,0,19,42,96,4583,6947,8549,88730,90331,92696,591,591,591,0.09,0.33,0.91,0.03,0.12,0.32,0.02,0.11,0.32,0.00,0.00,0.00,0.00,0.02,0.07,0.00,0.00,0.00,0.02,0.06,0.18,317110,735751,1593348,487438,1432199,2568225,0,0,0,0,0,0,0,189904,0,305.54,350.57,385.95
115,1,33,75,100,21709,21709,21709,75571,75571,75571,591,591,591,0.30,0.57,0.86,0.12,0.23,0.31,0.09,0.18,0.30,0.00,0.00,0.00,0.01,0.03,0.06,0.00,0.00,0.00,0.07,0.16,0.24,453391,566063,812407,1082273,1204200,1313002,0,0,0,0,0,0,0,306687,0,332.37,357.87,392.07
115,2,32,66,100,13748,13748,13748,83531,83531,83531,591,591,591,0.13,0.52,0.82,0.05,0.19,0.30,0.03,0.15,0.27,0.00,0.00,0.00,0.00,0.02,0.05,0.00,0.00,0.00,0.02,0.15,0.24,319689,497030,735542,644724,1136440,1647545,0,0,0,0,0,0,0,318840,0,342.94,355.41,368.47
115,3,36,65,100,12471,12471,12471,84808,84808,84808,591,591,591,0.16,0.51,0.81,0.06,0.18,0.26,0.03,0.15,0.27,0.00,0.00,0.00,0.00,0.03,0.04,0.00,0.00,0.00,0.03,0.13,0.21,382617,510153,791567,709939,1197856,1596196,0,0,0,0,0,0,0,284441,0,354.28,362.89,380.09
116,0,65,87,100,4583,4583,4583,92696,92696,92696,591,591,591,0.69,0.81,0.86,0.16,0.25,0.32,0.03,0.20,0.29,0.00,0.00,0.00,0.01,0.04,0.05,0.00,0.00,0.00,0.14,0.21,0.29,327582,463844,919817,552924,879475,1271019,0,0,0,0,0,0,0,292175,0,278.90,356.82,464.47
116,1,22,62,100,17781,18334,20549,76731,78945,79499,591,591,591,0.09,0.42,0.84,0.04,0.14,0.25,0.02,0.12,0.28,0.00,0.00,0.00,0.00,0.02,0.05,0.00,0.00,0.00,0.02,0.11,0.20,435376,593370,817526,597519,1273831,1771308,0,0,0,0,0,0,0,314686,0,307.07,332.26,356.10
116,2,33,71,100,13748,13748,13748,83531,83531,83531,591,591,591,0.15,0.52,0.80,0.06,0.20,0.30,0.03,0.15,0.23,0.00,0.00,0.00,0.00,0.02,0.03,0.00,0.00,0.00,0.03,0.16,0.25,322313,416365,589649,702292,1047125,1370489,0,0,0,0,0,0,0,295038,0,383.03,395.28,413.32
116,3,34,63,96,12471,12471,12471,84808,84808,84808,591,591,591,0.14,0.41,0.69,0.05,0.17,0.28,0.03,0.12,0.19,0.00,0.00,0.00,0.00,0.02,0.03,0.00,0.00,0.00,0.03,0.12,0.26,338057,519613,712831,733914,1239439,1635319,0,0,0,0,0,0,0,241283,0,314.32,361.04,399.48
117,0,32,68,100,4583,4583,4583,92696,92696,92696,591,591,591,0.17,0.57,0.87,0.07,0.20,0.35,0.03,0.17,0.28,0.00,0.00,0.00,0.00,0.03,0.05,0.00,0.00,0.00,0.04,0.14,0.21,207870,465829,773028,610610,1091530,1466911,0,0,0,0,0,0,0,268172,0,351.41,401.48,496.26
117,1,35,76,100,17781,17781,17781,79499,79499,79499,591,591,591,0.24,0.55,0.80,0.09,0.22,0.31,0.04,0.16,0.24,0.00,0.00,0.00,0.01,0.02,0.04,0.00,0.00,0.00,0.05,0.16,0.26,141515,670580,1145203,765236,1317299,2240616,0,0,0,0,0,0,0,335153,0,395.21,414.80,447.28
117,2,19,45,96,5928,10260,13748,83531,87019,91351,591,591,591,0.08,0.38,0.90,0.03,0.15,0.32,0.02,0.12,0.32,0.00,0.00,0.00,0.00,0.02,0.07,0.00,0.00,0.00,0.02,0.09,0.22,0,376339,877958,469106,942941,1664190,0,0,0,0,0,0,0,202222,0,295.70,378.89,429.22
117,3,32,68,100,12471,12471,12471,84808,84808,84808,591,591,591,0.19,0.53,0.76,0.07,0.20,0.27,0.03,0.16,0.25,0.00,0.00,0.00,0.01,0.02,0.03,0.00,0.00,0.00,0.04,0.16,0.25,91700,698492,1815750,825303,1394924,2908345,0,0,0,0,0,0,0,322714,0,338.76,358.63,396.24
118,0,33,70,100,4583,4583,4583,92696,92696,92696,591,591,591,0.15,0.53,0.84,0.05,0.21,0.34,0.03,0.15,0.26,0.00,0.00,0.00,0.00,0.02,0.05,0.00,0.00,0.00,0.02,0.14,0.25,330076,654037,1514750,816481,1264392,1834472,0,0,0,0,0,0,0,250923,0,351.62,415.25,469.63
118,1,30,45,69,17781,17781,17781,79499,79499,79499,591,591,591,0.26,0.33,0.43,0.09,0.14,0.18,0.07,0.09,0.13,0.00,0.00,0.00,0.01,0.01,0.02,0.00,0.00,0.00,0.06,0.11,0.18,448196,592346,1035162,1039951,1273589,1784672,0,0,0,0,0,0,0,254156,0,294.72,340.63,365.06
118,2,20,83,100,4584,4584,4584,92695,92695,92695,591,591,591,0.09,0.61,0.85,0.03,0.20,0.31,0.02,0.18,0.29,0.00,0.00,0.00,0.00,0.03,0.05,0.00,0.00,0.00,0.02,0.16,0.25,306621,434468,623707,419275,855153,1348745,0,0,0,0,0,0,0,392608,0,236.94,317.60,431.25
118,3,27,53,95,12471,12471,12471,84808,84808,84808,591,591,591,0.15,0.41,0.61,0.06,0.16,0.26,0.03,0.12,0.19,0.00,0.00,0.00,0.00,0.02,0.03,0.00,0.00,0.00,0.03,0.11,0.20,327575,565877,1264881,1087566,1304192,1664961,0,0,0,0,0,0,0,259223,0,316.11,346.91,403.62
119,0,69,90,100,4583,4583,4583,92696,92696,92696,591,591,591,0.65,0.74,0.84,0.25,0.28,0.33,0.16,0.22,0.28,0.00,0.00,0.00,0.02,0.04,0.05,0.00,0.00,0.00,0.15,0.21,0.29,324774,438684,804686,621064,821216,1063373,0,0,0,0,0,0,0,354740,0,351.41,397.16,457.41
119,1,29,60,91,17759,17767,17781,79499,79512,79521,591,591,591,0.14,0.46,0.79,0.05,0.17,0.32,0.03,0.13,0.25,0.00,0.00,0.00,0.00,0.02,0.05,0.00,0.00,0.00,0.02,0.12,0.20,445471,750495,1158241,1126897,1405634,1795277,0,0,0,0,0,0,0,147334,0,313.39,331.12,351.59
119,2,26,57,100,4584,4584,4584,92695,92695,92695,591,591,591,0.22,0.47,0.63,0.09,0.19,0.27,0.07,0.14,0.22,0.00,0.00,0.00,0.01,0.02,0.04,0.00,0.00,0.00,0.05,0.14,0.20,317014,358707,458621,675692,883548,1045638,0,0,0,0,0,0,0,226620,0,354.55,399.57,460.76
119,3,50,89,100,12471,12471,12471,84808,84808,84808,591,591,591,0.24,0.68,0.84,0.11,0.25,0.33,0.03,0.20,0.28,0.00,0.00,0.00,0.01,0.03,0.05,0.00,0.00,0.00,0.08,0.19,0.25,324889,432825,663038,465472,863069,1302177,0,0,0,0,0,0,0,433582,0,327.98,382.64,462.60
120,0,31,76,100,4583,4583,4583,92696,92696,92696,591,591,591,0.14,0.50,0.82,0.05,0.19,0.28,0.03,0.14,0.25,0.00,0.00,0.00,0.00,0.02,0.04,0.00,0.00,0.00,0.02,0.17,0.32,200349,1204338,2259018,985189,1831241,3226046,0,0,0,0,0,0,0,309659,0,370.86,380.33,400.68
120,1,49,65,100,17759,17759,17759,79521,79521,79521,591,591,591,0.25,0.54,0.84,0.09,0.20,0.26,0.07,0.16,0.28,0.00,0.00,0.00,0.01,0.02,0.05,0.00,0.00,0.00,0.06,0.16,0.21,455990,656916,893659,838598,1124268,1540976,0,0,0,0,0,0,0,332518,0,351.43,393.06,417.56
120,2,31,69,100,4584,4584,4584,92695,92695,92695,591,591,591,0.14,0.48,0.82,0.05,0.18,0.33,0.03,0.12,0.24,0.00,0.00,0.00,0.00,0.02,0.04,0.00,0.00,0.00,0.02,0.14,0.29,0,820471,2025768,789659,1450083,2945620,0,0,0,0,0,0,0,324290,0,324.55,347.09,366.58
120,3,34,59,100,12471,12471,12471,84808,84808,84808,591,591,591,0.16,0.45,0.83,0.06,0.16,0.26,0.03,0.13,0.27,0.00,0.00,0.00,0.00,0.02,0.04,0.00,0.00,0.00,0.03,0.12,0.20,332824,594803,1302182,550337,1346413,2183431,0,0,0,0,0,0,0,225265,0,344.50,384.75,453.65
121,0,32,55,100,4583,4583,4583,92696,92696,92696,591,591,591,0.16,0.39,0.68,0.06,0.15,0.26,0.04,0.11,0.19,0.00,0.00,0.00,0.00,0.02,0.03,0.00,0.00,0.00,0.02,0.12,0.22,330203,642049,1572377,786026,1239548,2421461,0,0,0,0,0,0,0,267431,0,325.68,374.24,402.75
121,1,32,63,100,17759,17759,17759,79521,79521,79521,591,591,591,0.14,0.52,0.74,0.05,0.21,0.29,0.03,0.16,0.24,0.00,0.00,0.00,0.00,0.02,0.05,0.00,0.00,0.00,0.03,0.14,0.20,437586,1039176,2421530,775601,1600468,3003326,0,0,0,0,0,0,0,315757,0,307.47,349.88,381.05
121,2,31,50,71,4584,4584,4584,92695,92695,92695,591,591,591,0.15,0.33,0.60,0.06,0.13,0.26,0.03,0.10,0.21,0.00,0.00,0.00,0.00,0.01,0.03,0.00,0.00,0.00,0.03,0.09,0.18,311879,616392,1446809,896198,1284749,2089564,0,0,0,0,0,0,0,247343,0,290.61,361.11,405.95
121,3,32,70,100,12471,12471,12471,84808,84808,84808,591,591,591,0.15,0.55,0.90,0.05,0.21,0.34,0.03,0.16,0.32,0.00,0.00,0.00,0.00,0.03,0.06,0.00,0.00,0.00,0.02,0.15,0.29,227103,447959,995848,452459,1003543,1365391,0,0,0,0,0,0,0,276398,0,371.45,416.87,478.14
122,0,36,68,100,4583,4583,4583,92696,92696,92696,591,591,591,0.15,0.46,0.75,0.06,0.18,0.31,0.03,0.13,0.25,0.00,0.00,0.00,0.00,0.02,0.04,0.00,0.00,0.00,0.03,0.14,0.22,319723,430816,587036,749397,1230087,1648225,0,0,0,0,0,0,0,276504,0,327.32,359.70,393.55
122,1,18,64,100,17683,17696,17749,79531,79583,79597,591,591,591,0.11,0.45,0.81,0.04,0.16,0.28,0.02,0.12,0.27,0.00,0.00,0.00,0.00,0.02,0.04,0.00,0.00,0.00,0.02,0.13,0.24,482056,769373,1386323,956550,1350058,2251137,0,0,0,0,0,0,0,356914,0,329.65,347.76,355.62
122,2,24,61,100,4584,4584,4584,92695,92695,92695,591,591,591,0.30,0.49,0.81,0.10,0.19,0.30,0.08,0.14,0.22,0.00,0.00,0.00,0.01,0.02,0.03,0.00,0.00,0.00,0.08,0.15,0.25,332827,474320,1014144,739035,1036170,1802923,0,0,0,0,0,0,0,295459,0,326.94,354.61,383.92
122,3,59,89,100,12471,12471,12471,84808,84808,84808,591,591,591,0.55,0.77,0.90,0.22,0.28,0.35,0.12,0.23,0.29,0.00,0.00,0.00,0.02,0.04,0.06,0.00,0.00,0.00,0.19,0.21,0.28,332801,508909,773017,479576,852732,1326069,0,0,0,0,0,0,0,402084,0,350.20,394.10,482.18
123,0,32,65,100,4583,4583,4583,92696,92696,92696,591,591,591,0.21,0.48,0.82,0.08,0.18,0.30,0.06,0.14,0.27,0.00,0.00,0.00,0.01,0.02,0.04,0.00,0.00,0.00,0.05,0.14,0.27,356030,560770,1041892,746868,1182723,1773270,0,0,0,0,0,0,0,287953,0,341.51,371.79,381.76
123,1,28,74,96,17683,17683,17683,79597,79597,79597,591,591,591,0.19,0.47,0.62,0.07,0.19,0.28,0.05,0.14,0.18,0.00,0.00,0.00,0.01,0.02,0.03,0.00,0.00,0.00,0.04,0.14,0.21,157243,599246,1423873,851718,1256151,2229279,0,0,0,0,0,0,0,298896,0,358.38,383.31,396.00
123,2,29,59,93,4584,4584,4584,92695,92695,92695,591,591,591,0.15,0.44,0.72,0.06,0.18,0.26,0.03,0.13,0.23,0.00,0.00,0.00,0.00,0.02,0.03,0.00,0.00,0.00,0.04,0.13,0.23,379866,515045,766978,1047907,1209676,1441360,0,0,0,0,0,0,0,308591,0,295.43,334.58,369.55
123,3,20,40,79,4597,6985,11131,86148,90289,92682,591,591,591,0.09,0.24,0.50,0.04,0.10,0.22,0.02,0.06,0.14,0.00,0.00,0.00,0.00,0.01,0.02,0.00,0.00,0.00,0.02,0.07,0.19,337371,577314,1168837,1024676,1408036,2054638,0,0,0,0,0,0,0,204176,0,240.93,338.77,461.37
124,0,31,61,92,4583,4583,4583,92696,92696,92696,591,591,591,0.14,0.44,0.63,0.05,0.18,0.24,0.03,0.12,0.20,0.00,0.00,0.00,0.00,0.02,0.04,0.00,0.00,0.00,0.02,0.13,0.21,335394,537232,773126,765117,1260531,1601221,0,0,0,0,0,0,0,253334,0,322.26,337.99,360.34
124,1,32,69,100,17683,17683,17683,79597,79597,79597,591,591,591,0.14,0.50,0.80,0.05,0.20,0.28,0.03,0.14,0.25,0.00,0.00,0.00,0.00,0.02,0.04,0.00,0.00,0.00,0.02,0.16,0.24,490069,637329,943450,898897,1227477,1892142,0,0,0,0,0,0,0,336527,0,334.48,372.45,384.30
124,2,43,69,100,4584,4584,4584,92695,92695,92695,591,591,591,0.20,0.46,0.76,0.08,0.18,0.30,0.03,0.13,0.24,0.00,0.00,0.00,0.01,0.02,0.04,0.00,0.00,0.00,0.05,0.13,0.24,324958,384163,563523,723329,1029788,1320100,0,0,0,0,0,0,0,312908,0,336.92,364.78,377.24
124,3,44,83,100,4597,4597,4597,92682,92682,92682,591,591,591,0.36,0.64,0.85,0.13,0.22,0.33,0.10,0.19,0.28,0.00,0.00,0.00,0.01,0.03,0.05,0.00,0.00,0.00,0.10,0.17,0.30,242842,441663,967030,368631,864634,1585511,0,0,0,0,0,0,0,314090,0,283.68,396.26,455.03
125,0,42,75,100,4583,4583,4583,92696,92696,92696,591,591,591,0.34,0.60,0.83,0.12,0.23,0.29,0.08,0.18,0.27,0.00,0.00,0.00,0.01,0.03,0.04,0.00,0.00,0.00,0.09,0.18,0.24,335420,598522,1006343,576504,1083309,1962894,0,0,0,0,0,0,0,311134,0,358.50,378.22,418.50
125,1,23,54,100,17683,17683,17683,79597,79597,79597,591,591,591,0.14,0.44,0.81,0.05,0.16,0.29,0.03,0.12,0.24,0.00,0.00,0.00,0.00,0.02,0.04,0.00,0.00,0.00,0.02,0.13,0.24,427111,594445,862209,841064,1246781,1645828,0,0,0,0,0,0,0,305549,0,340.10,364.59,382.92
125,2,30,57,93,4584,4584,4584,92695,92695,92695,591,591,591,0.23,0.45,0.76,0.09,0.18,0.31,0.07,0.14,0.25,0.00,0.00,0.00,0.01,0.02,0.04,0.00,0.00,0.00,0.05,0.13,0.22,321132,394430,568711,691887,1024387,1195046,0,0,0,0,0,0,0,243416,0,335.22,353.91,383.23
125,3,36,68,96,4597,4597,4597,92682,92682,92682,591,591,591,0.19,0.49,0.89,0.07,0.20,0.33,0.05,0.15,0.31,0.00,0.00,0.00,0.01,0.02,0.06,0.00,0.00,0.00,0.03,0.14,0.21,366876,632085,1061383,725885,1295098,2057249,0,0,0,0,0,0,0,285017,0,335.06,362.96,392.57
126,0,34,60,95,4583,4583,4583,92696,92696,92696,591,591,591,0.15,0.46,0.75,0.06,0.16,0.27,0.03,0.13,0.26,0.00,0.00,0.00,0.00,0.02,0.05,0.00,0.00,0.00,0.03,0.10,0.18,208690,558615,1171429,648206,1251592,2172516,0,0,0,0,0,0,0,197348,0,324.20,360.07,411.66
126,1,34,56,73,17683,17683,17683,79597,79597,79597,591,591,591,0.31,0.42,0.61,0.12,0.17,0.24,0.09,0.13,0.19,0.00,0.00,0.00,0.01,0.02,0.02,0.00,0.00,0.00,0.08,0.13,0.19,302217,493571,615879,1056292,1132799,1184521,0,0,0,0,0,0,0,231153,0,322.32,341.55,376.06
126,2,30,79,100,4584,4584,4584,92695,92695,92695,591,591,591,0.14,0.57,0.81,0.05,0.21,0.32,0.03,0.16,0.27,0.00,0.00,0.00,0.00,0.03,0.04,0.00,0.00,0.00,0.03,0.17,0.27,372117,764572,1040410,568658,1322553,1981235,0,0,0,0,0,0,0,374301,0,311.02,362.81,410.75
126,3,32,82,100,4597,4597,4597,92682,92682,92682,591,591,591,0.16,0.60,0.83,0.06,0.20,0.25,0.03,0.18,0.28,0.00,0.00,0.00,0.00,0.03,0.05,0.00,0.00,0.00,0.03,0.15,0.20,322259,881444,1521193,1244676,1414732,1668250,0,0,0,0,0,0,0,298532,0,322.49,351.49,370.04
127,0,37,75,100,4583,4583,4583,92696,92696,92696,591,591,591,0.16,0.64,0.83,0.06,0.24,0.35,0.03,0.20,0.28,0.00,0.00,0.00,0.00,0.03,0.05,0.00,0.00,0.00,0.03,0.17,0.28,319734,935783,2731750,670883,1405308,2893700,0,0,0,0,0,0,0,319823,0,367.08,426.66,483.07
127,1,31,54,100,17683,17683,17683,79597,79597,79597,591,591,591,0.15,0.40,0.70,0.06,0.16,0.26,0.03,0.11,0.22,0.00,0.00,0.00,0.00,0.02,0.03,0.00,0.00,0.00,0.03,0.12,0.23,461222,598045,982978,1045644,1284099,1546552,0,0,0,0,0,0,0,294337,0,317.64,348.75,375.78
127,2,31,57,94,4582,4583,4584,92695,92695,92697,591,591,591,0.14,0.43,0.89,0.05,0.16,0.32,0.03,0.12,0.31,0.00,0.00,0.00,0.00,0.02,0.06,0.00,0.00,0.00,0.02,0.10,0.20,314493,409343,712827,487444,1102760,1666758,0,0,0,0,0,0,0,226728,0,329.47,390.72,472.23
127,3,29,57,100,4597,4597,4597,92682,92682,92682,591,591,591,0.26,0.47,0.63,0.10,0.20,0.29,0.07,0.13,0.17,0.00,0.00,0.00,0.01,0.02,0.02,0.00,0.00,0.00,0.06,0.15,0.23,335432,506649,807140,843746,1190103,1648347,0,0,0,0,0,0,0,265286,0,336.96,388.48,431.16
128,0,27,84,100,4577,4577,4577,92702,92702,92702,591,591,591,0.14,0.67,0.86,0.06,0.23,0.34,0.03,0.19,0.29,0.00,0.00,0.00,0.00,0.03,0.05,0.00,0.00,0.00,0.03,0.18,0.28,338055,741017,1786780,469084,1208521,2088070,0,0,0,0,0,0,0,424574,0,334.89,364.69,419.45
128,1,32,72,100,17683,17683,17683,79597,79597,79597,591,591,591,0.27,0.54,0.76,0.10,0.21,0.29,0.08,0.16,0.25,0.00,0.00,0.00,0.01,0.02,0.03,0.00,0.00,0.00,0.06,0.16,0.24,442813,508052,691763,943328,1118319,1283897,0,0,0,0,0,0,0,295313,0,339.70,372.01,394.40
128,2,28,78,100,4582,4582,4582,92697,92697,92697,591,591,591,0.13,0.64,0.86,0.05,0.22,0.32,0.02,0.19,0.29,0.00,0.00,0.00,0.00,0.03,0.05,0.00,0.00,0.00,0.02,0.16,0.25,275169,426912,872510,435080,766511,1066609,0,0,0,0,0,0,0,359415,0,330.50,409.89,458.87
128,3,33,71,100,4597,4597,4597,92682,92682,92682,591,591,591,0.15,0.55,0.81,0.05,0.19,0.29,0.03,0.17,0.26,0.00,0.00,0.00,0.00,0.03,0.05,0.00,0.00,0.00,0.03,0.14,0.22,330206,524097,1152922,697103,1119499,1404669,0,0,0,0,0,0,0,327499,0,308.21,347.24,379.16
129,0,28,50,81,4577,4577,4577,92702,92702,92702,591,591,591,0.17,0.38,0.65,0.06,0.15,0.25,0.03,0.11,0.20,0.00,0.00,0.00,0.00,0.01,0.02,0.00,0.00,0.00,0.04,0.12,0.20,322274,539785,919835,990558,1232785,1619538,0,0,0,0,0,0,0,261408,0,328.72,400.00,462.76
129,1,34,63,99,17683,17683,17683,79597,79597,79597,591,591,591,0.15,0.45,0.68,0.05,0.18,0.31,0.03,0.13,0.24,0.00,0.00,0.00,0.00,0.02,0.05,0.00,0.00,0.00,0.02,0.13,0.25,212273,827078,1656144,825465,1490102,2363674,0,0,0,0,0,0,0,298651,0,347.00,369.84,394.79
129,2,45,62,93,4582,4582,4582,92697,92697,92697,591,591,591,0.30,0.43,0.63,0.11,0.17,0.25,0.08,0.13,0.20,0.00,0.00,0.00,0.01,0.02,0.03,0.00,0.00,0.00,0.07,0.13,0.20,317119,553988,993194,778352,1214918,1776743,0,0,0,0,0,0,0,239818,0,324.78,353.10,402.44
129,3,33,74,100,4597,4597,4597,92682,92682,92682,591,591,591,0.15,0.55,0.81,0.05,0.21,0.31,0.03,0.15,0.25,0.00,0.00,0.00,0.00,0.02,0.04,0.00,0.00,0.00,0.02,0.17,0.27,332841,446567,668305,849139,1039891,1333918,0,0,0,0,0,0,0,291789,0,378.45,390.30,409.48
130,0,30,71,100,4577,4577,4577,92702,92702,92702,591,591,591,0.14,0.51,0.72,0.05,0.20,0.29,0.03,0.16,0.23,0.00,0.00,0.00,0.00,0.02,0.03,0.00,0.00,0.00,0.03,0.15,0.23,340644,520977,883167,754753,1104842,1747990,0,0,0,0,0,0,0,298444,0,313.92,341.76,375.40
130,1,29,68,100,17683,17683,17683,79597,79597,79597,591,591,591,0.22,0.57,0.84,0.09,0.21,0.29,0.04,0.17,0.28,0.00,0.00,0.00,0.01,0.03,0.05,0.00,0.00,0.00,0.06,0.16,0.22,442900,748986,1396822,579177,1208653,2314060,0,0,0,0,0,0,0,298087,0,351.48,400.67,432.57
130,2,31,62,100,4582,4582,4582,92697,92697,92697,591,591,591,0.14,0.46,0.81,0.06,0.17,0.30,0.03,0.13,0.23,0.00,0.00,0.00,0.00,0.02,0.03,0.00,0.00,0.00,0.03,0.14,0.25,314475,491632,822887,728512,1154652,1690325,0,0,0,0,0,0,0,298125,0,299.18,345.33,374.75
130,3,26,57,97,4473,4572,4597,92682,92706,92806,591,591,591,0.16,0.46,0.92,0.06,0.18,0.34,0.03,0.13,0.33,0.00,0.00,0.00,0.00,0.02,0.07,0.00,0.00,0.00,0.03,0.12,0.25,324967,524129,896254,490061,1194496,1745326,0,0,0,0,0,0,0,218564,0,321.98,381.82,413.99
131,0,35,67,99,4577,4577,4577,92702,92702,92702,591,591,591,0.15,0.44,0.81,0.05,0.17,0.27,0.03,0.12,0.27,0.00,0.00,0.00,0.00,0.02,0.04,0.00,0.00,0.00,0.02,0.13,0.22,317101,529365,1265805,513593,1219115,2093951,0,0,0,0,0,0,0,352104,0,332.91,358.02,386.24
131,1,28,67,100,17683,17683,17683,79597,79597,79597,591,591,591,0.23,0.52,0.78,0.09,0.20,0.28,0.04,0.15,0.24,0.00,0.00,0.00,0.01,0.02,0.03,0.00,0.00,0.00,0.06,0.16,0.24,432623,458345,492685,886755,1043121,1356623,0,0,0,0,0,0,0,288465,0,339.32,372.05,401.49
131,2,30,56,100,4582,4582,4582,92697,92697,92697,591,591,591,0.14,0.39,0.64,0.05,0.16,0.25,0.03,0.12,0.19,0.00,0.00,0.00,0.00,0.02,0.03,0.00,0.00,0.00,0.02,0.12,0.24,327560,1045123,2238027,883168,1745876,3157872,0,0,0,0,0,0,0,244840,0,320.17,342.67,375.48
131,3,79,92,100,4473,4473,4473,92806,92806,92806,591,591,591,0.72,0.80,0.85,0.24,0.28,0.34,0.16,0.24,0.29,0.00,0.00,0.00,0.03,0.04,0.05,0.00,0.00,0.00,0.18,0.22,0.31,7864,466938,1223742,131067,738425,1538194,0,0,0,0,0,0,0,294222,0,322.27,394.28,492.17
132,0,34,58,97,4555,4572,4577,92702,92706,92724,591,591,591,0.15,0.43,0.90,0.05,0.17,0.34,0.03,0.13,0.30,0.00,0.00,0.00,0.00,0.02,0.06,0.00,0.00,0.00,0.03,0.11,0.19,327577,513928,898888,493207,1211968,1913085,0,0,0,0,0,0,0,146093,0,319.31,363.36,414.65
132,1,35,52,66,17683,17683,17683,79597,79597,79597,591,591,591,0.16,0.39,0.64,0.06,0.16,0.25,0.03,0.12,0.17,0.00,0.00,0.00,0.00,0.01,0.02,0.00,0.00,0.00,0.03,0.12,0.24,319644,685033,1457137,972295,1339802,1952459,0,0,0,0,0,0,0,238840,0,321.38,344.56,367.61
132,2,36,66,100,4582,4582,4582,92697,92697,92697,591,591,591,0.30,0.48,0.62,0.12,0.19,0.25,0.09,0.14,0.19,0.00,0.00,0.00,0.01,0.02,0.03,0.00,0.00,0.00,0.07,0.15,0.20,327583,418257,718078,815076,1041446,1472846,0,0,0,0,0,0,0,266047,0,336.46,358.51,373.11
132,3,34,62,100,4473,4473,4473,92806,92806,92806,591,591,591,0.15,0.47,0.84,0.06,0.17,0.27,0.03,0.14,0.28,0.00,0.00,0.00,0.00,0.03,0.05,0.00,0.00,0.00,0.03,0.11,0.19,327579,473290,710179,461231,1166719,1677176,0,0,0,0,0,0,0,238663,0,328.99,380.55,475.48
133,0,57,89,100,4555,4555,4555,92724,92724,92724,591,591,591,0.28,0.65,0.85,0.11,0.23,0.28,0.09,0.19,0.28,0.00,0.00,0.00,0.01,0.03,0.05,0.00,0.00,0.00,0.06,0.18,0.26,345890,736643,1726037,728535,1288247,2037003,0,0,0,0,0,0,0,401892,0,333.77,394.31,450.40
133,1,15,45,90,6363,11315,17683,79597,85965,90917,591,591,591,0.08,0.31,0.77,0.03,0.12,0.32,0.02,0.09,0.23,0.00,0.00,0.00,0.00,0.02,0.05,0.00,0.00,0.00,0.02,0.07,0.20,429789,545108,642040,901530,1200812,1467522,0,0,0,0,0,0,0,186519,0,276.43,330.47,381.46
133,2,32,46,66,4582,4582,4582,92697,92697,92697,591,591,591,0.14,0.30,0.46,0.05,0.12,0.20,0.03,0.09,0.14,0.00,0.00,0.00,0.00,0.01,0.02,0.00,0.00,0.00,0.01,0.09,0.21,230724,658399,956507,1066599,1435736,1828046,0,0,0,0,0,0,0,267589,0,297.88,308.11,324.11
133,3,34,85,100,4473,4473,4473,92806,92806,92806,591,591,591,0.16,0.70,0.89,0.06,0.25,0.35,0.03,0.21,0.32,0.00,0.00,0.00,0.00,0.04,0.06,0.00,0.00,0.00,0.03,0.18,0.27,369508,429261,529369,497924,933996,1687693,0,0,0,0,0,0,0,342491,0,355.01,434.03,495.92
134,0,32,66,100,4555,4555,4555,92724,92724,92724,591,591,591,0.16,0.48,0.64,0.06,0.19,0.25,0.03,0.14,0.20,0.00,0.00,0.00,0.00,0.02,0.03,0.00,0.00,0.00,0.04,0.15,0.23,217601,496565,804544,773095,1193072,1420722,0,0,0,0,0,0,0,284426,0,335.31,368.88,424.03
134,1,16,71,100,4575,4575,4575,92705,92705,92705,591,591,591,0.08,0.60,0.84,0.03,0.20,0.27,0.02,0.17,0.28,0.00,0.00,0.00,0.00,0.03,0.05,0.00,0.00,0.00,0.02,0.16,0.21,435049,660905,1197541,571264,1114798,1674541,0,0,0,0,0,0,0,413373,0,205.26,298.97,423.48
134,2,27,64,100,4582,4582,4582,92697,92697,92697,591,591,591,0.16,0.45,0.78,0.06,0.17,0.27,0.03,0.13,0.25,0.00,0.00,0.00,0.00,0.02,0.03,0.00,0.00,0.00,0.03,0.13,0.23,324962,396763,665623,846506,1113245,1333844,0,0,0,0,0,0,0,301706,0,306.69,340.17,367.53
134,3,37,78,100,4473,4473,4473,92806,92806,92806,591,591,591,0.21,0.60,0.84,0.09,0.22,0.33,0.03,0.17,0.28,0.00,0.00,0.00,0.01,0.03,0.05,0.00,0.00,0.00,0.07,0.17,0.26,331819,766179,1430918,642899,1247058,1785178,0,0,0,0,0,0,0,357418,0,347.88,366.05,399.17
135,0,34,57,100,4555,4555,4555,92724,92724,92724,591,591,591,0.16,0.43,0.68,0.06,0.16,0.27,0.04,0.12,0.21,0.00,0.00,0.00,0.00,0.02,0.03,0.00,0.00,0.00,0.03,0.12,0.22,324972,483220,820156,835970,1219593,1768708,0,0,0,0,0,0,0,290001,0,322.43,343.46,374.55
135,1,31,69,100,4575,4575,4575,92705,92705,92705,591,591,591,0.14,0.48,0.86,0.05,0.19,0.34,0.03,0.13,0.29,0.00,0.00,0.00,0.00,0.02,0.06,0.00,0.00,0.00,0.02,0.14,0.28,440272,810630,1881644,896253,1420159,2190883,0,0,0,0,0,0,0,246525,0,349.03,426.49,498.89
135,2,30,70,96,4582,4582,4582,92697,92697,92697,591,591,591,0.24,0.49,0.75,0.09,0.19,0.28,0.07,0.15,0.22,0.00,0.00,0.00,0.01,0.02,0.03,0.00,0.00,0.00,0.05,0.15,0.23,324963,545620,977482,770502,1121115,1381054,0,0,0,0,0,0,0,283283,0,320.56,355.18,377.38
135,3,50,66,89,4473,4473,4473,92806,92806,92806,591,591,591,0.21,0.45,0.67,0.08,0.18,0.29,0.04,0.13,0.23,0.00,0.00,0.00,0.01,0.02,0.04,0.00,0.00,0.00,0.05,0.13,0.22,338054,500978,628539,731141,1194879,1618965,0,0,0,0,0,0,0,288806,0,322.85,360.60,411.59
136,0,57,68,92,4555,4555,4555,92724,92724,92724,591,591,591,0.28,0.50,0.73,0.11,0.20,0.30,0.09,0.15,0.24,0.00,0.00,0.00,0.01,0.02,0.04,0.00,0.00,0.00,0.07,0.15,0.20,314452,433926,763459,838540,1044313,1158291,0,0,0,0,0,0,0,300963,0,335.67,359.36,394.57
136,1,32,73,100,4575,4575,4575,92705,92705,92705,591,591,591,0.29,0.65,0.84,0.11,0.23,0.29,0.09,0.20,0.28,0.00,0.00,0.00,0.01,0.03,0.05,0.00,0.00,0.00,0.06,0.17,0.22,526761,583712,665609,728412,967620,1443899,0,0,0,0,0,0,0,300983,0,351.73,400.76,435.04
136,2,31,64,100,4582,4582,4582,92697,92697,92697,591,591,591,0.13,0.40,0.67,0.05,0.16,0.27,0.03,0.11,0.17,0.00,0.00,0.00,0.00,0.02,0.03,0.00,0.00,0.00,0.02,0.12,0.25,219507,417176,623694,773066,1090432,1509446,0,0,0,0,0,0,0,229632,0,321.94,352.85,382.62
136,3,32,67,100,4473,4473,4473,92806,92806,92806,591,591,591,0.23,0.51,0.81,0.09,0.19,0.31,0.03,0.15,0.27,0.00,0.00,0.00,0.01,0.02,0.04,0.00,0.00,0.00,0.05,0.15,0.25,338062,416022,642028,702318,1048256,1344386,0,0,0,0,0,0,0,369441,0,324.33,355.74,384.51
137,0,33,70,100,4555,4555,4555,92724,92724,92724,591,591,591,0.16,0.51,0.81,0.06,0.19,0.34,0.03,0.14,0.27,0.00,0.00,0.00,0.00,0.02,0.04,0.00,0.00,0.00,0.03,0.15,0.29,248962,564456,964364,576471,1163712,1574953,0,0,0,0,0,0,0,278572,0,324.44,354.86,370.98
137,1,31,69,93,4575,4575,4575,92705,92705,92705,591,591,591,0.15,0.46,0.78,0.06,0.18,0.29,0.04,0.13,0.22,0.00,0.00,0.00,0.00,0.02,0.03,0.00,0.00,0.00,0.03,0.14,0.24,463808,715737,925778,1194324,1374246,1687186,0,0,0,0,0,0,0,253804,0,324.31,371.84,405.00
137,2,31,61,96,4576,4580,4582,92697,92698,92703,591,591,591,0.14,0.51,0.91,0.05,0.20,0.33,0.03,0.15,0.32,0.00,0.00,0.00,0.00,0.03,0.07,0.00,0.00,0.00,0.02,0.12,0.23,319726,1134138,3630143,938217,1732333,3922261,0,0,0,0,0,0,0,258946,0,340.18,373.44,403.65
137,3,28,70,100,4473,4473,4473,92806,92806,92806,591,591,591,0.14,0.52,0.82,0.05,0.19,0.29,0.03,0.15,0.27,0.00,0.00,0.00,0.00,0.03,0.04,0.00,0.00,0.00,0.02,0.14,0.23,0,478079,841242,647301,1065788,1742760,0,0,0,0,0,0,0,247388,0,361.00,373.09,388.53
138,0,33,72,100,4555,4555,4555,92724,92724,92724,591,591,591,0.17,0.53,0.82,0.07,0.19,0.31,0.03,0.16,0.27,0.00,0.00,0.00,0.00,0.03,0.05,0.00,0.00,0.00,0.04,0.13,0.20,339615,785434,1551314,1124275,1388288,1892912,0,0,0,0,0,0,0,277941,0,369.43,395.24,426.55
138,1,33,57,96,4473,4534,4575,92705,92745,92807,591,591,591,0.14,0.48,0.80,0.05,0.19,0.34,0.03,0.14,0.26,0.00,0.00,0.00,0.00,0.03,0.05,0.00,0.00,0.00,0.02,0.13,0.23,295162,700579,1184556,1098030,1352378,1674615,0,0,0,0,0,0,0,215617,0,321.73,362.04,407.94
138,2,32,80,100,4576,4576,4576,92703,92703,92703,591,591,591,0.19,0.68,0.86,0.09,0.23,0.34,0.03,0.19,0.29,0.00,0.00,0.00,0.00,0.03,0.05,0.00,0.00,0.00,0.06,0.18,0.28,314485,458586,665397,437659,881526,1550847,0,0,0,0,0,0,0,399176,0,319.09,365.15,451.93
138,3,32,61,100,4473,4473,4473,92806,92806,92806,591,591,591,0.23,0.42,0.59,0.09,0.17,0.23,0.05,0.11,0.15,0.00,0.00,0.00,0.01,0.02,0.02,0.00,0.00,0.00,0.06,0.14,0.22,342262,425377,652484,961783,1147153,1415205,0,0,0,0,0,0,0,259466,0,335.88,365.10,396.35
139,0,34,59,91,4555,4555,4555,92724,92724,92724,591,591,591,0.15,0.41,0.62,0.06,0.17,0.27,0.03,0.12,0.16,0.00,0.00,0.00,0.00,0.02,0.03,0.00,0.00,0.00,0.03,0.12,0.22,324977,904304,1936711,1100730,1570828,2466097,0,0,0,0,0,0,0,286766,0,311.26,363.46,409.07
139,1,45,81,100,4473,4473,4473,92807,92807,92807,591,591,591,0.33,0.65,0.86,0.11,0.22,0.33,0.08,0.19,0.29,0.00,0.00,0.00,0.01,0.03,0.05,0.00,0.00,0.00,0.08,0.18,0.27,469012,609007,793968,605262,993707,1724360,0,0,0,0,0,0,0,377232,0,320.38,404.26,446.63
139,2,31,65,100,4576,4576,4576,92703,92703,92703,591,591,591,0.31,0.41,0.54,0.13,0.17,0.20,0.09,0.12,0.15,0.00,0.00,0.00,0.01,0.02,0.02,0.00,0.00,0.00,0.09,0.13,0.16,262241,639183,1117023,809768,1302908,1702400,0,0,0,0,0,0,0,315567,0,330.23,389.65,459.07
139,3,33,67,97,4473,4473,4473,92806,92806,92806,591,591,591,0.14,0.47,0.82,0.05,0.18,0.34,0.03,0.15,0.25,0.00,0.00,0.00,0.00,0.02,0.05,0.00,0.00,0.00,0.02,0.12,0.21,220138,371081,613231,628930,999863,1430874,0,0,0,0,0,0,0,310210,0,311.69,345.22,382.44
140,0,30,67,100,4555,4555,4555,92724,92724,92724,591,591,591,0.14,0.55,0.82,0.05,0.21,0.31,0.03,0.16,0.28,0.00,0.00,0.00,0.00,0.03,0.04,0.00,0.00,0.00,0.02,0.16,0.26,322346,546239,906760,625452,1099726,1584767,0,0,0,0,0,0,0,332381,0,333.51,372.61,388.14
140,1,36,62,96,4473,4473,4473,92807,92807,92807,591,591,591,0.16,0.47,0.68,0.06,0.18,0.29,0.03,0.14,0.23,0.00,0.00,0.00,0.00,0.02,0.04,0.00,0.00,0.00,0.03,0.13,0.20,463757,699656,1326011,1029698,1388280,1761026,0,0,0,0,0,0,0,263037,0,325.53,368.97,427.71
140,2,29,55,100,4576,4576,4576,92703,92703,92703,591,591,591,0.21,0.43,0.78,0.08,0.17,0.27,0.04,0.13,0.25,0.00,0.00,0.00,0.01,0.02,0.03,0.00,0.00,0.00,0.05,0.12,0.22,322342,437128,849096,780971,1075002,1336541,0,0,0,0,0,0,0,282970,0,314.79,342.35,374.93
140,3,45,87,100,4471,4471,4471,92808,92808,92808,591,591,591,0.22,0.69,0.85,0.10,0.24,0.34,0.03,0.19,0.29,0.00,0.00,0.00,0.01,0.03,0.05,0.00,0.00,0.00,0.07,0.19,0.30,345652,465908,893533,475784,888132,1323043,0,0,0,0,0,0,0,389814,0,318.11,361.17,441.57
141,0,31,56,100,4555,4555,4555,92724,92724,92724,591,591,591,0.35,0.47,0.68,0.13,0.19,0.27,0.09,0.13,0.18,0.00,0.00,0.00,0.01,0.02,0.03,0.00,0.00,0.00,0.10,0.15,0.25,327499,441547,568681,998386,1113033,1250038,0,0,0,0,0,0,0,352049,0,336.68,368.95,403.07
141,1,31,78,100,4473,4473,4473,92807,92807,92807,591,591,591,0.26,0.63,0.84,0.10,0.23,0.30,0.07,0.18,0.27,0.00,0.00,0.00,0.01,0.03,0.05,0.00,0.00,0.00,0.06,0.18,0.25,476947,675896,940823,830727,1082965,1341781,0,0,0,0,0,0,0,304737,0,371.11,405.87,442.81
141,2,67,83,100,4576,4576,4576,92703,92703,92703,591,591,591,0.28,0.62,0.77,0.11,0.25,0.31,0.06,0.19,0.27,0.00,0.00,0.00,0.01,0.03,0.05,0.00,0.00,0.00,0.08,0.18,0.25,324968,452056,786260,613247,940768,1250154,0,0,0,0,0,0,0,261461,0,357.78,377.48,389.48
141,3,35,55,96,4471,4471,4471,92808,92808,92808,591,591,591,0.16,0.44,0.81,0.06,0.18,0.35,0.03,0.13,0.27,0.00,0.00,0.00,0.00,0.02,0.04,0.00,0.00,0.00,0.03,0.11,0.23,353782,431088,647265,715452,1159614,1679746,0,0,0,0,0,0,0,161526,0,351.87,428.72,498.06
142,0,30,67,100,4555,4555,4555,92724,92724,92724,591,591,591,0.14,0.49,0.82,0.05,0.18,0.29,0.03,0.15,0.27,0.00,0.00,0.00,0.00,0.02,0.04,0.00,0.00,0.00,0.02,0.13,0.21,356401,637870,1307749,573912,1262986,1947210,0,0,0,0,0,0,0,201719,0,322.50,359.16,390.48
142,1,31,66,100,4473,4473,4473,92807,92807,92807,591,591,591,0.26,0.47,0.68,0.10,0.19,0.24,0.08,0.14,0.21,0.00,0.00,0.00,0.01,0.02,0.03,0.00,0.00,0.00,0.06,0.15,0.20,469110,542476,702345,1056066,1154657,1226383,0,0,0,0,0,0,0,218581,0,337.76,370.05,412.45
142,2,32,70,100,4576,4576,4576,92703,92703,92703,591,591,591,0.14,0.56,0.84,0.05,0.19,0.32,0.03,0.16,0.28,0.00,0.00,0.00,0.00,0.03,0.05,0.00,0.00,0.00,0.02,0.15,0.25,319610,572321,786198,461243,1105646,1710417,0,0,0,0,0,0,0,363849,0,336.18,360.71,399.57
142,3,31,80,100,4471,4471,4471,92808,92808,92808,591,591,591,0.29,0.61,0.84,0.11,0.21,0.30,0.06,0.18,0.28,0.00,0.00,0.00,0.01,0.03,0.05,0.00,0.00,0.00,0.09,0.16,0.24,250789,929130,2344697,581692,1448300,2478305,0,0,0,0,0,0,0,311073,0,354.48,388.42,427.68
143,0,32,78,100,4555,4555,4555,92724,92724,92724,591,591,591,0.18,0.57,0.82,0.07,0.22,0.32,0.05,0.16,0.23,0.00,0.00,0.00,0.00,0.02,0.03,0.00,0.00,0.00,0.04,0.18,0.27,309851,567865,833261,898686,1130342,1255133,0,0,0,0,0,0,0,306043,0,364.59,390.98,407.89
143,1,32,59,97,4473,4473,4473,92807,92807,92807,591,591,591,0.14,0.44,0.89,0.05,0.17,0.34,0.03,0.14,0.29,0.00,0.00,0.00,0.00,0.02,0.06,0.00,0.00,0.00,0.02,0.11,0.20,445483,688174,1129519,1053452,1334418,1805659,0,0,0,0,0,0,0,278124,0,321.98,346.62,392.68
143,2,28,70,97,4576,4576,4576,92703,92703,92703,591,591,591,0.13,0.56,0.91,0.05,0.22,0.32,0.03,0.18,0.33,0.00,0.00,0.00,0.00,0.03,0.07,0.00,0.00,0.00,0.03,0.16,0.26,330221,467516,767823,463881,962816,1577575,0,0,0,0,0,0,0,329576,0,387.05,403.89,418.50
143,3,36,71,100,4471,4471,4471,92808,92808,92808,591,591,591,0.16,0.53,0.78,0.06,0.21,0.32,0.03,0.15,0.23,0.00,0.00,0.00,0.00,0.02,0.03,0.00,0.00,0.00,0.03,0.16,0.26,351172,506828,830716,770475,1179284,1656242,0,0,0,0,0,0,0,279448,0,360.08,387.96,409.53
144,0,35,72,100,4555,4555,4555,92724,92724,92724,591,591,591,0.16,0.53,0.82,0.06,0.19,0.33,0.03,0.16,0.27,0.00,0.00,0.00,0.00,0.03,0.05,0.00,0.00,0.00,0.03,0.14,0.21,319713,356921,461217,526680,960713,1315610,0,0,0,0,0,0,0,278331,0,353.50,372.43,397.33
144,1,31,85,100,4471,4471,4471,92809,92809,92809,591,591,591,0.13,0.66,0.86,0.05,0.23,0.32,0.03,0.18,0.29,0.00,0.00,0.00,0.00,0.03,0.05,0.00,0.00,0.00,0.03,0.18,0.26,448134,497373,545084,597489,958599,1417743,0,0,0,0,0,0,0,407337,0,323.27,364.68,440.89
144,2,30,61,100,4576,4576,4576,92703,92703,92703,591,591,591,0.13,0.46,0.86,0.05,0.15,0.24,0.03,0.14,0.29,0.00,0.00,0.00,0.00,0.02,0.05,0.00,0.00,0.00,0.02,0.11,0.18,351061,716456,1182050,555410,1391583,2487488,0,0,0,0,0,0,0,346191,0,311.62,336.62,368.13
144,3,32,83,100,4471,4471,4471,92808,92808,92808,591,591,591,0.15,0.67,0.81,0.05,0.25,0.34,0.03,0.21,0.27,0.00,0.00,0.00,0.00,0.03,0.05,0.00,0.00,0.00,0.02,0.17,0.26,366869,709144,1370594,539821,1130547,1682451,0,0,0,0,0,0,0,296378,0,386.74,414.63,458.50
145,0,34,57,100,4555,4555,4555,92724,92724,92724,591,591,591,0.20,0.42,0.64,0.08,0.17,0.29,0.05,0.12,0.16,0.00,0.00,0.00,0.01,0.02,0.02,0.00,0.00,0.00,0.04,0.13,0.26,340697,588560,1391501,741698,1288750,2164557,0,0,0,0,0,0,0,285321,0,331.68,360.82,395.33
145,1,31,62,99,4471,4471,4471,92809,92809,92809,591,591,591,0.15,0.53,0.82,0.05,0.20,0.32,0.03,0.16,0.26,0.00,0.00,0.00,0.00,0.03,0.05,0.00,0.00,0.00,0.02,0.14,0.26,310935,635207,1247372,746884,1207385,1635426,0,0,0,0,0,0,0,253638,0,348.09,420.67,500.34
145,2,31,80,100,4576,4576,4576,92703,92703,92703,591,591,591,0.18,0.57,0.84,0.07,0.21,0.31,0.03,0.16,0.26,0.00,0.00,0.00,0.01,0.02,0.05,0.00,0.00,0.00,0.04,0.16,0.24,325006,779222,1391577,487510,1284883,2290469,0,0,0,0,0,0,0,297158,0,402.69,427.26,467.35
145,3,36,76,100,4469,4469,4469,92810,92810,92810,591,591,591,0.16,0.62,0.85,0.06,0.21,0.28,0.03,0.18,0.28,0.00,0.00,0.00,0.00,0.03,0.05,0.00,0.00,0.00,0.03,0.16,0.21,330200,604180,896225,507205,1105474,1742001,0,0,0,0,0,0,0,385419,0,330.68,358.13,412.72
146,0,39,57,76,4555,4555,4555,92724,92724,92724,591,591,591,0.30,0.35,0.42,0.12,0.14,0.18,0.09,0.10,0.11,0.00,0.00,0.00,0.01,0.01,0.01,0.00,0.00,0.00,0.08,0.11,0.16,224865,377271,626328,822764,1129997,1666714,0,0,0,0,0,0,0,250863,0,293.41,314.19,323.56
146,1,29,65,100,4471,4471,4471,92809,92809,92809,591,591,591,0.13,0.55,0.84,0.05,0.20,0.32,0.03,0.16,0.28,0.00,0.00,0.00,0.00,0.02,0.05,0.00,0.00,0.00,0.02,0.16,0.26,450715,822857,1145232,581738,1310283,1847566,0,0,0,0,0,0,0,345706,0,362.27,403.86,439.95
146,2,29,56,87,4576,4576,4576,92703,92703,92703,591,591,591,0.13,0.37,0.52,0.05,0.15,0.21,0.03,0.11,0.18,0.00,0.00,0.00,0.00,0.01,0.03,0.00,0.00,0.00,0.02,0.11,0.19,335447,758043,1766761,943167,1420969,2626536,0,0,0,0,0,0,0,217447,0,309.61,350.28,379.83
146,3,33,75,100,4469,4469,4469,92810,92810,92810,591,591,591,0.15,0.56,0.81,0.05,0.22,0.33,0.03,0.15,0.24,0.00,0.00,0.00,0.00,0.02,0.04,0.00,0.00,0.00,0.02,0.17,0.29,335436,416155,670883,731156,1007361,1386318,0,0,0,0,0,0,0,321000,0,393.63,426.89,468.59
147,0,38,62,86,4555,4555,4555,92724,92724,92724,591,591,591,0.22,0.48,0.61,0.09,0.19,0.28,0.06,0.14,0.17,0.00,0.00,0.00,0.01,0.02,0.03,0.00,0.00,0.00,0.05,0.15,0.24,315480,392806,573951,778319,1074135,1370669,0,0,0,0,0,0,0,288863,0,322.18,339.07,376.86
147,1,32,58,100,4471,4471,4471,92809,92809,92809,591,591,591,0.23,0.38,0.64,0.09,0.15,0.26,0.05,0.11,0.16,0.00,0.00,0.00,0.01,0.01,0.02,0.00,0.00,0.00,0.06,0.12,0.24,458612,543520,739029,922463,1207588,1420322,0,0,0,0,0,0,0,246577,0,318.60,337.78,370.72
147,2,30,57,93,4576,4576,4576,92703,92703,92703,591,591,591,0.13,0.53,0.78,0.05,0.21,0.32,0.03,0.16,0.25,0.00,0.00,0.00,0.00,0.03,0.04,0.00,0.00,0.00,0.02,0.15,0.26,356408,749695,933935,699713,1296125,1758491,0,0,0,0,0,0,0,349793,0,313.75,377.92,413.66
147,3,53,69,100,4469,4469,4469,92810,92810,92810,591,591,591,0.34,0.43,0.63,0.12,0.18,0.27,0.08,0.13,0.19,0.00,0.00,0.00,0.01,0.02,0.02,0.00,0.00,0.00,0.09,0.13,0.20,138890,527092,1077088,906759,1199362,1517358,0,0,0,0,0,0,0,201639,0,337.86,352.61,378.73
148,0,31,63,100,4555,4555,4555,92724,92724,92724,591,591,591,0.14,0.49,0.83,0.05,0.17,0.29,0.03,0.15,0.28,0.00,0.00,0.00,0.00,0.03,0.05,0.00,0.00,0.00,0.02,0.12,0.19,324950,413528,563458,607993,1038749,1506923,0,0,0,0,0,0,0,306193,0,344.46,354.94,380.08
148,1,42,61,100,4471,4471,4471,92809,92809,92809,591,591,591,0.28,0.36,0.57,0.11,0.14,0.22,0.08,0.10,0.14,0.00,0.00,0.00,0.01,0.01,0.02,0.00,0.00,0.00,0.08,0.11,0.21,432388,497402,686607,1035197,1208649,1331233,0,0,0,0,0,0,0,229452,0,302.08,308.02,313.59
148,2,29,81,100,4576,4576,4576,92703,92703,92703,591,591,591,0.14,0.62,0.83,0.05,0.22,0.36,0.03,0.18,0.28,0.00,0.00,0.00,0.00,0.03,0.05,0.00,0.00,0.00,0.03,0.17,0.28,332657,396719,602751,466243,868423,1491154,0,0,0,0,0,0,0,394974,0,333.57,363.54,423.93
148,3,31,65,100,4469,4469,4469,92810,92810,92810,591,591,591,0.14,0.51,0.80,0.05,0.20,0.30,0.03,0.15,0.23,0.00,0.00,0.00,0.00,0.02,0.03,0.00,0.00,0.00,0.03,0.15,0.24,330207,459713,911858,771216,1067729,1553828,0,0,0,0,0,0,0,287052,0,318.68,351.86,376.19
149,0,32,80,100,4555,4555,4555,92724,92724,92724,591,591,591,0.14,0.60,0.84,0.05,0.23,0.35,0.03,0.18,0.27,0.00,0.00,0.00,0.00,0.03,0.05,0.00,0.00,0.00,0.02,0.16,0.28,322341,730475,1436016,715391,1202840,1593244,0,0,0,0,0,0,0,199431,0,371.60,418.05,460.08
149,1,35,55,84,4471,4471,4471,92809,92809,92809,591,591,591,0.14,0.43,0.82,0.05,0.17,0.33,0.03,0.13,0.26,0.00,0.00,0.00,0.00,0.02,0.05,0.00,0.00,0.00,0.02,0.12,0.20,310979,766318,1239550,908480,1416236,2004844,0,0,0,0,0,0,0,239832,0,285.54,313.09,336.00
149,2,31,59,100,4576,4576,4576,92703,92703,92703,591,591,591,0.14,0.43,0.74,0.05,0.16,0.28,0.03,0.13,0.25,0.00,0.00,0.00,0.00,0.02,0.05,0.00,0.00,0.00,0.02,0.11,0.20,317096,936330,1445207,859567,1610919,2433432,0,0,0,0,0,0,0,272353,0,365.88,411.78,474.04
149,3,26,53,82,4469,4469,4469,92810,92810,92810,591,591,591,0.18,0.37,0.68,0.07,0.14,0.26,0.03,0.10,0.21,0.00,0.00,0.00,0.00,0.01,0.03,0.00,0.00,0.00,0.04,0.11,0.21,338065,398336,563432,985368,1176667,1488509,0,0,0,0,0,0,0,257102,0,326.85,357.28,398.26
150,0,33,64,93,4555,4555,4555,92724,92724,92724,591,591,591,0.14,0.50,0.78,0.05,0.19,0.30,0.03,0.14,0.24,0.00,0.00,0.00,0.00,0.02,0.04,0.00,0.00,0.00,0.02,0.14,0.26,224383,444394,725613,500547,1054798,1684366,0,0,0,0,0,0,0,328741,0,365.74,376.87,390.13
150,1,29,66,100,4471,4471,4471,92809,92809,92809,591,591,591,0.19,0.53,0.81,0.08,0.20,0.30,0.03,0.15,0.27,0.00,0.00,0.00,0.00,0.02,0.04,0.00,0.00,0.00,0.05,0.16,0.27,450780,629969,1016610,663008,1194952,1965097,0,0,0,0,0,0,0,326412,0,310.93,365.49,387.98
150,2,28,71,100,4576,4576,4576,92703,92703,92703,591,591,591,0.29,0.56,0.82,0.12,0.22,0.31,0.09,0.17,0.27,0.00,0.00,0.00,0.01,0.03,0.05,0.00,0.00,0.00,0.07,0.17,0.28,317110,531623,836003,571279,1035999,1472832,0,0,0,0,0,0,0,286239,0,365.27,384.57,403.42
150,3,33,52,94,4469,4469,4469,92810,92810,92810,591,591,591,0.17,0.38,0.79,0.07,0.15,0.32,0.03,0.12,0.25,0.00,0.00,0.00,0.00,0.02,0.05,0.00,0.00,0.00,0.04,0.10,0.20,125791,350640,563412,697096,1092285,1278902,0,0,0,0,0,0,0,305968,0,303.37,321.84,338.72
151,0,31,71,100,4555,4555,4555,92724,92724,92724,591,591,591,0.30,0.49,0.66,0.12,0.19,0.26,0.09,0.14,0.20,0.00,0.00,0.00,0.01,0.02,0.02,0.00,0.00,0.00,0.07,0.16,0.21,322318,386791,594856,799284,1022536,1394112,0,0,0,0,0,0,0,293531,0,338.37,367.26,400.77
151,1,30,60,98,4471,4471,4471,92809,92809,92809,591,591,591,0.14,0.41,0.65,0.05,0.16,0.28,0.03,0.12,0.22,0.00,0.00,0.00,0.00,0.02,0.04,0.00,0.00,0.00,0.02,0.11,0.21,440267,676621,1221166,1305097,1390473,1603764,0,0,0,0,0,0,0,264230,0,331.66,376.83,420.29
151,2,31,65,100,4576,4576,4576,92703,92703,92703,591,591,591,0.16,0.50,0.80,0.07,0.20,0.31,0.03,0.14,0.21,0.00,0.00,0.00,0.00,0.02,0.03,0.00,0.00,0.00,0.04,0.15,0.28,131032,463326,1077065,511025,1038823,1422984,0,0,0,0,0,0,0,305361,0,310.62,353.40,373.07
151,3,31,80,100,4469,4469,4469,92810,92810,92810,591,591,591,0.14,0.62,0.82,0.05,0.23,0.32,0.03,0.18,0.27,0.00,0.00,0.00,0.00,0.03,0.05,0.00,0.00,0.00,0.02,0.17,0.26,579151,828435,1289243,880519,1323470,1897178,0,0,0,0,0,0,0,294345,0,355.31,399.27,446.00
152,0,31,51,100,4555,4555,4555,92724,92724,92724,591,591,591,0.18,0.42,0.76,0.07,0.16,0.26,0.03,0.12,0.25,0.00,0.00,0.00,0.01,0.02,0.03,0.00,0.00,0.00,0.04,0.11,0.22,322345,589629,1305061,927692,1266263,1753185,0,0,0,0,0,0,0,303220,0,315.73,344.95,363.81
152,1,33,69,100,4471,4471,4471,92809,92809,92809,591,591,591,0.18,0.59,0.81,0.07,0.22,0.32,0.03,0.17,0.27,0.00,0.00,0.00,0.00,0.03,0.04,0.00,0.00,0.00,0.04,0.17,0.28,293517,499896,843846,909261,999474,1219497,0,0,0,0,0,0,0,288273,0,367.49,387.60,416.65
152,2,31,69,100,4576,4576,4576,92703,92703,92703,591,591,591,0.13,0.50,0.82,0.05,0.18,0.29,0.03,0.15,0.27,0.00,0.00,0.00,0.00,0.02,0.04,0.00,0.00,0.00,0.02,0.13,0.23,307109,508915,867756,563431,1090033,1400361,0,0,0,0,0,0,0,291153,0,352.02,372.64,392.23
152,3,34,78,100,4469,4469,4469,92810,92810,92810,591,591,591,0.15,0.60,0.83,0.06,0.21,0.27,0.03,0.17,0.27,0.00,0.00,0.00,0.00,0.03,0.05,0.00,0.00,0.00,0.03,0.16,0.22,361648,491580,636469,495301,993623,1600341,0,0,0,0,0,0,0,355410,0,349.70,367.25,401.37
153,0,43,64,86,4555,4555,4555,92724,92724,92724,591,591,591,0.18,0.49,0.68,0.07,0.19,0.26,0.03,0.14,0.21,0.00,0.00,0.00,0.01,0.02,0.02,0.00,0.00,0.00,0.04,0.15,0.21,317098,474325,723295,851810,1136805,1362731,0,0,0,0,0,0,0,267942,0,326.52,352.31,375.75
153,1,33,69,100,4471,4471,4471,92809,92809,92809,591,591,591,0.15,0.53,0.77,0.06,0.20,0.32,0.03,0.16,0.25,0.00,0.00,0.00,0.00,0.02,0.04,0.00,0.00,0.00,0.03,0.15,0.25,455974,776725,1071876,1168461,1352193,1598632,0,0,0,0,0,0,0,260749,0,375.17,386.47,392.76
153,2,32,68,100,4576,4576,4576,92703,92703,92703,591,591,591,0.13,0.51,0.80,0.05,0.20,0.29,0.03,0.15,0.24,0.00,0.00,0.00,0.00,0.02,0.04,0.00,0.00,0.00,0.02,0.15,0.24,345884,649300,1220611,710112,1230507,2098088,0,0,0,0,0,0,0,289149,0,376.84,392.12,413.43
153,3,29,45,64,4469,4469,4469,92810,92810,92810,591,591,591,0.30,0.35,0.44,0.12,0.14,0.19,0.08,0.10,0.14,0.00,0.00,0.00,0.01,0.01,0.02,0.00,0.00,0.00,0.08,0.10,0.13,13103,463336,1137378,686611,1214946,1915723,0,0,0,0,0,0,0,224666,0,301.53,351.35,414.05
154,0,26,56,100,4555,4555,4555,92724,92724,92724,591,591,591,0.13,0.40,0.67,0.05,0.16,0.28,0.03,0.11,0.18,0.00,0.00,0.00,0.00,0.02,0.03,0.00,0.00,0.00,0.02,0.12,0.26,317103,529471,915116,752151,1232605,1734852,0,0,0,0,0,0,0,301040,0,323.61,348.34,374.17
154,1,44,72,100,4471,4471,4471,92809,92809,92809,591,591,591,0.25,0.59,0.81,0.10,0.23,0.31,0.07,0.17,0.27,0.00,0.00,0.00,0.01,0.03,0.04,0.00,0.00,0.00,0.06,0.18,0.28,448140,879509,1818973,812225,1355920,2020790,0,0,0,0,0,0,0,314961,0,361.33,384.86,414.75
154,2,35,57,77,4576,4576,4576,92703,92703,92703,591,591,591,0.19,0.40,0.61,0.07,0.16,0.23,0.05,0.12,0.18,0.00,0.00,0.00,0.01,0.02,0.02,0.00,0.00,0.00,0.04,0.12,0.19,322323,658849,1687755,754787,1289389,2141143,0,0,0,0,0,0,0,283765,0,336.01,365.24,393.75
154,3,24,63,100,4469,4469,4469,92810,92810,92810,591,591,591,0.15,0.48,0.78,0.05,0.19,0.30,0.03,0.14,0.23,0.00,0.00,0.00,0.00,0.02,0.03,0.00,0.00,0.00,0.02,0.14,0.24,338076,394650,466362,801939,1042977,1360147,0,0,0,0,0,0,0,306908,0,316.55,354.15,390.45
155,0,33,67,100,4555,4555,4555,92724,92724,92724,591,591,591,0.15,0.54,0.81,0.06,0.21,0.28,0.03,0.16,0.27,0.00,0.00,0.00,0.00,0.02,0.04,0.00,0.00,0.00,0.03,0.15,0.23,230618,522513,1200153,613074,1141303,2088476,0,0,0,0,0,0,0,344341,0,339.13,376.26,393.57
155,1,34,70,100,4471,4471,4471,92809,92809,92809,591,591,591,0.18,0.54,0.78,0.08,0.21,0.32,0.03,0.16,0.26,0.00,0.00,0.00,0.01,0.03,0.04,0.00,0.00,0.00,0.05,0.15,0.25,456046,579126,731270,835827,1162074,1608427,0,0,0,0,0,0,0,326741,0,383.03,386.19,389.62
155,2,29,51,100,4576,4576,4576,92703,92703,92703,591,591,591,0.19,0.39,0.52,0.07,0.15,0.22,0.05,0.11,0.15,0.00,0.00,0.00,0.01,0.01,0.02,0.00,0.00,0.00,0.04,0.12,0.21,209533,409926,788824,786126,1052121,1480684,0,0,0,0,0,0,0,253775,0,328.59,346.72,374.25
155,3,34,64,100,4469,4469,4469,92810,92810,92810,591,591,591,0.14,0.55,0.83,0.05,0.20,0.31,0.03,0.16,0.27,0.00,0.00,0.00,0.00,0.03,0.04,0.00,0.00,0.00,0.02,0.15,0.24,322952,625143,913628,508428,1199778,1765555,0,0,0,0,0,0,0,349322,0,367.18,384.12,403.36
156,0,29,62,100,4555,4555,4555,92724,92724,92724,591,591,591,0.30,0.43,0.63,0.11,0.17,0.28,0.08,0.12,0.16,0.00,0.00,0.00,0.01,0.02,0.02,0.00,0.00,0.00,0.07,0.13,0.25,327597,453869,725774,933011,1156159,1629718,0,0,0,0,0,0,0,183511,0,327.89,361.20,384.30
156,1,35,70,100,4471,4471,4471,92809,92809,92809,591,591,591,0.14,0.58,0.82,0.05,0.22,0.31,0.03,0.16,0.27,0.00,0.00,0.00,0.00,0.03,0.04,0.00,0.00,0.00,0.03,0.17,0.29,314468,588018,1003716,649901,1093178,1383713,0,0,0,0,0,0,0,340473,0,363.77,380.45,413.29
156,2,31,66,97,4576,4576,4576,92703,92703,92703,591,591,591,0.13,0.50,0.82,0.05,0.20,0.33,0.03,0.15,0.25,0.00,0.00,0.00,0.00,0.03,0.05,0.00,0.00,0.00,0.02,0.14,0.24,314485,392565,628965,641886,980111,1210768,0,0,0,0,0,0,0,310803,0,313.76,352.83,381.96
156,3,31,74,100,4469,4469,4469,92810,92810,92810,591,591,591,0.22,0.54,0.80,0.09,0.21,0.28,0.06,0.15,0.25,0.00,0.00,0.00,0.01,0.02,0.04,0.00,0.00,0.00,0.05,0.17,0.23,235851,356937,476955,668270,983284,1281491,0,0,0,0,0,0,0,364512,0,346.25,376.87,397.83
157,0,38,48,64,4555,4555,4555,92724,92724,92724,591,591,591,0.29,0.34,0.39,0.12,0.14,0.17,0.08,0.10,0.13,0.00,0.00,0.00,0.01,0.01,0.02,0.00,0.00,0.00,0.08,0.10,0.12,330217,467920,862192,851751,1143604,1480664,0,0,0,0,0,0,0,243995,0,302.22,311.20,318.10
157,1,35,78,100,4471,4471,4471,92809,92809,92809,591,591,591,0.19,0.56,0.80,0.07,0.22,0.34,0.05,0.16,0.26,0.00,0.00,0.00,0.01,0.02,0.04,0.00,0.00,0.00,0.04,0.17,0.25,482183,892231,1763224,919987,1464618,2051418,0,0,0,0,0,0,0,343376,0,385.93,395.22,410.34
157,2,31,73,100,4572,4572,4572,92707,92707,92707,591,591,591,0.14,0.54,0.85,0.05,0.18,0.25,0.03,0.16,0.29,0.00,0.00,0.00,0.00,0.03,0.05,0.00,0.00,0.00,0.02,0.13,0.19,338071,898241,1994347,573935,1447275,2107037,0,0,0,0,0,0,0,307679,0,311.88,329.80,348.28
157,3,31,54,89,4469,4469,4469,92810,92810,92810,591,591,591,0.18,0.40,0.67,0.07,0.16,0.28,0.05,0.12,0.23,0.00,0.00,0.00,0.00,0.02,0.04,0.00,0.00,0.00,0.03,0.12,0.19,330205,637405,932768,940829,1348850,1634965,0,0,0,0,0,0,0,248778,0,340.42,349.42,362.46
158,0,31,68,100,4555,4555,4555,92724,92724,92724,591,591,591,0.15,0.49,0.80,0.06,0.19,0.32,0.03,0.14,0.25,0.00,0.00,0.00,0.00,0.02,0.05,0.00,0.00,0.00,0.03,0.14,0.29,214859,322325,364296,676175,954918,1344398,0,0,0,0,0,0,0,319329,0,323.70,368.46,403.74
158,1,29,64,100,4471,4471,4471,92809,92809,92809,591,591,591,0.14,0.48,0.84,0.05,0.17,0.28,0.03,0.14,0.28,0.00,0.00,0.00,0.00,0.03,0.05,0.00,0.00,0.00,0.02,0.12,0.20,468897,485838,521509,623689,1113681,1451223,0,0,0,0,0,0,0,287593,0,350.74,376.99,409.03
158,2,33,53,100,4572,4572,4572,92707,92707,92707,591,591,591,0.29,0.45,0.84,0.11,0.16,0.26,0.08,0.13,0.27,0.00,0.00,0.00,0.01,0.02,0.05,0.00,0.00,0.00,0.07,0.13,0.20,224228,481332,869807,650769,1026284,1726786,0,0,0,0,0,0,0,230150,0,327.61,401.04,449.69
158,3,34,66,100,4469,4469,4469,92810,92810,92810,591,591,591,0.16,0.45,0.81,0.06,0.17,0.30,0.03,0.13,0.27,0.00,0.00,0.00,0.00,0.02,0.04,0.00,0.00,0.00,0.04,0.13,0.22,372132,447583,516121,830509,1109546,1459669,0,0,0,0,0,0,0,277039,0,315.50,357.47,379.49
159,0,29,77,100,4555,4555,4555,92724,92724,92724,591,591,591,0.25,0.60,0.83,0.10,0.21,0.32,0.03,0.17,0.28,0.00,0.00,0.00,0.01,0.03,0.05,0.00,0.00,0.00,0.06,0.17,0.26,319758,651403,1383528,463669,1134088,2405453,0,0,0,0,0,0,0,336634,0,345.59,374.59,407.35
159,1,30,72,100,4471,4471,4471,92809,92809,92809,591,591,591,0.28,0.57,0.83,0.11,0.22,0.31,0.09,0.16,0.27,0.00,0.00,0.00,0.01,0.02,0.05,0.00,0.00,0.00,0.07,0.18,0.28,446482,560441,715266,791335,1079509,1498654,0,0,0,0,0,0,0,344746,0,382.97,411.82,421.57
159,2,33,61,94,4572,4572,4572,92707,92707,92707,591,591,591,0.24,0.48,0.80,0.09,0.19,0.33,0.07,0.15,0.25,0.00,0.00,0.00,0.01,0.03,0.05,0.00,0.00,0.00,0.06,0.13,0.20,319706,383145,521525,670892,916193,1263191,0,0,0,0,0,0,0,304631,0,283.36,315.29,359.73
159,3,51,66,100,4469,4469,4469,92810,92810,92810,591,591,591,0.29,0.48,0.81,0.11,0.19,0.31,0.08,0.14,0.21,0.00,0.00,0.00,0.01,0.02,0.03,0.00,0.00,0.00,0.08,0.15,0.26,335441,452104,717939,728850,1058534,1286526,0,0,0,0,0,0,0,281475,0,321.96,354.58,378.51
160,0,38,51,61,4555,4555,4555,92724,92724,92724,591,591,591,0.23,0.38,0.61,0.09,0.15,0.24,0.06,0.11,0.19,0.00,0.00,0.00,0.01,0.01,0.02,0.00,0.00,0.00,0.05,0.11,0.19,317100,494780,801931,877906,1224376,1596001,0,0,0,0,0,0,0,253480,0,312.91,349.51,413.33
160,1,32,64,100,4471,4471,4471,92809,92809,92809,591,591,591,0.14,0.54,0.82,0.05,0.20,0.31,0.03,0.15,0.27,0.00,0.00,0.00,0.00,0.03,0.04,0.00,0.00,0.00,0.02,0.15,0.28,311861,743562,1134755,736411,1276779,2041511,0,0,0,0,0,0,0,332566,0,330.28,361.16,375.85
160,2,31,60,100,4572,4572,4572,92707,92707,92707,591,591,591,0.14,0.45,0.84,0.05,0.15,0.25,0.03,0.13,0.28,0.00,0.00,0.00,0.00,0.02,0.05,0.00,0.00,0.00,0.02,0.11,0.19,314488,626850,1407189,765251,1257921,1522489,0,0,0,0,0,0,0,345403,0,316.49,331.90,349.69
160,3,32,65,100,4469,4469,4469,92810,92810,92810,591,591,591,0.21,0.47,0.72,0.08,0.19,0.28,0.04,0.14,0.23,0.00,0.00,0.00,0.01,0.02,0.04,0.00,0.00,0.00,0.05,0.14,0.23,162478,833374,2175167,615845,1504790,2618062,0,0,0,0,0,0,0,225623,0,290.62,321.29,352.36
161,0,33,64,100,4555,4555,4555,92724,92724,92724,591,591,591,0.15,0.46,0.81,0.05,0.18,0.26,0.03,0.13,0.27,0.00,0.00,0.00,0.00,0.02,0.04,0.00,0.00,0.00,0.02,0.13,0.21,232337,374025,631576,576480,1045190,1611699,0,0,0,0,0,0,0,329394,0,317.42,341.06,369.55
161,1,34,69,100,4471,4471,4471,92809,92809,92809,591,591,591,0.20,0.53,0.78,0.09,0.21,0.32,0.03,0.16,0.25,0.00,0.00,0.00,0.01,0.02,0.04,0.00,0.00,0.00,0.05,0.15,0.26,471724,647806,896178,851625,1229577,1821384,0,0,0,0,0,0,0,305093,0,380.02,394.84,415.23
161,2,38,79,100,4572,4572,4572,92707,92707,92707,591,591,591,0.18,0.57,0.85,0.07,0.22,0.29,0.05,0.17,0.28,0.00,0.00,0.00,0.01,0.03,0.05,0.00,0.00,0.00,0.04,0.16,0.24,319730,460943,736305,689280,888478,1167860,0,0,0,0,0,0,0,284717,0,393.05,415.12,441.63
161,3,30,64,100,4469,4469,4469,92810,92810,92810,591,591,591,0.14,0.45,0.80,0.05,0.17,0.29,0.03,0.12,0.26,0.00,0.00,0.00,0.00,0.02,0.04,0.00,0.00,0.00,0.02,0.14,0.26,345490,449599,715351,835960,1113482,1370629,0,0,0,0,0,0,0,310144,0,321.24,355.43,385.03
162,0,37,70,100,4555,4555,4555,92724,92724,92724,591,591,591,0.21,0.56,0.83,0.08,0.22,0.29,0.06,0.16,0.24,0.00,0.00,0.00,0.01,0.02,0.04,0.00,0.00,0.00,0.04,0.17,0.25,359030,644119,1362729,801923,1203833,1669343,0,0,0,0,0,0,0,208409,0,377.56,392.10,413.68
162,1,26,61,93,4471,4471,4471,92809,92809,92809,591,591,591,0.15,0.47,0.80,0.06,0.18,0.33,0.03,0.14,0.26,0.00,0.00,0.00,0.00,0.02,0.05,0.00,0.00,0.00,0.03,0.12,0.21,448139,562953,954092,780963,1217726,1457107,0,0,0,0,0,0,0,150176,0,345.47,377.80,405.08
162,2,32,72,100,4572,4572,4572,92707,92707,92707,591,591,591,0.14,0.54,0.82,0.05,0.20,0.35,0.03,0.15,0.27,0.00,0.00,0.00,0.00,0.02,0.04,0.00,0.00,0.00,0.02,0.15,0.27,324924,412256,718033,526692,1006799,1724328,0,0,0,0,0,0,0,337699,0,311.08,351.84,393.38
162,3,28,47,76,4469,4469,4469,92810,92810,92810,591,591,591,0.18,0.34,0.53,0.07,0.13,0.20,0.05,0.10,0.16,0.00,0.00,0.00,0.01,0.01,0.02,0.00,0.00,0.00,0.04,0.10,0.16,141516,373141,607825,959165,1112989,1322194,0,0,0,0,0,0,0,264378,0,304.36,334.49,399.95
163,0,44,61,79,4555,4555,4555,92724,92724,92724,591,591,591,0.28,0.43,0.75,0.12,0.17,0.32,0.10,0.14,0.25,0.00,0.00,0.00,0.01,0.02,0.04,0.00,0.00,0.00,0.07,0.11,0.21,338079,528071,1066631,712829,1170797,1677258,0,0,0,0,0,0,0,260315,0,332.99,351.94,390.12
163,1,31,81,100,4471,4471,4471,92809,92809,92809,591,591,591,0.28,0.68,0.84,0.10,0.25,0.33,0.08,0.20,0.28,0.00,0.00,0.00,0.01,0.03,0.05,0.00,0.00,0.00,0.06,0.19,0.28,217265,679340,1341802,371707,1047488,1645804,0,0,0,0,0,0,0,327006,0,357.90,420.40,482.32
163,2,28,52,91,4572,4572,4572,92707,92707,92707,591,591,591,0.13,0.36,0.89,0.05,0.14,0.32,0.03,0.10,0.32,0.00,0.00,0.00,0.00,0.02,0.06,0.00,0.00,0.00,0.02,0.08,0.18,343313,815695,1326090,1087574,1523289,2251209,0,0,0,0,0,0,0,181953,0,330.70,394.42,445.43
163,3,35,54,79,4469,4469,4469,92810,92810,92810,591,591,591,0.31,0.41,0.60,0.11,0.17,0.25,0.08,0.12,0.17,0.00,0.00,0.00,0.01,0.02,0.02,0.00,0.00,0.00,0.07,0.13,0.23,338060,604731,1140049,1061384,1292661,1776904,0,0,0,0,0,0,0,256607,0,287.17,308.59,318.40
164,0,30,56,100,4555,4555,4555,92724,92724,92724,591,591,591,0.16,0.48,0.82,0.06,0.18,0.27,0.03,0.14,0.27,0.00,0.00,0.00,0.00,0.02,0.04,0.00,0.00,0.00,0.03,0.14,0.23,322325,389238,526747,527584,1020455,1344393,0,0,0,0,0,0,0,332316,0,304.50,358.94,386.67
164,1,31,77,100,4471,4471,4471,92809,92809,92809,591,591,591,0.14,0.56,0.83,0.05,0.20,0.31,0.03,0.16,0.28,0.00,0.00,0.00,0.00,0.03,0.05,0.00,0.00,0.00,0.02,0.15,0.25,458623,694475,1347020,623723,1220705,1651017,0,0,0,0,0,0,0,366693,0,336.60,364.60,401.90
164,2,38,76,100,4572,4572,4572,92707,92707,92707,591,591,591,0.28,0.63,0.83,0.12,0.23,0.33,0.10,0.19,0.28,0.00,0.00,0.00,0.01,0.03,0.05,0.00,0.00,0.00,0.08,0.18,0.30,327582,471814,833300,482201,872441,1262159,0,0,0,0,0,0,0,318193,0,340.35,386.55,426.57
164,3,28,72,100,4469,4469,4469,92810,92810,92810,591,591,591,0.25,0.46,0.59,0.10,0.19,0.27,0.07,0.13,0.17,0.00,0.00,0.00,0.01,0.02,0.02,0.00,0.00,0.00,0.06,0.15,0.24,332744,420843,676139,846318,1110011,1496416,0,0,0,0,0,0,0,316659,0,319.92,345.02,384.32
165,0,36,67,96,4545,4553,4555,92724,92726,92734,591,591,591,0.15,0.51,0.85,0.06,0.19,0.32,0.03,0.16,0.30,0.00,0.00,0.00,0.00,0.03,0.06,0.00,0.00,0.00,0.02,0.13,0.23,327584,683436,1718978,723327,1371093,2051769,0,0,0,0,0,0,0,251429,0,350.39,384.89,415.81
165,1,33,55,93,4471,4471,4471,92809,92809,92809,591,591,591,0.17,0.39,0.71,0.06,0.15,0.28,0.03,0.12,0.23,0.00,0.00,0.00,0.00,0.01,0.03,0.00,0.00,0.00,0.04,0.12,0.22,461236,594345,854334,925093,1297689,1499016,0,0,0,0,0,0,0,342108,0,328.70,372.67,419.67
165,2,32,62,100,4572,4572,4572,92707,92707,92707,591,591,591,0.14,0.49,0.88,0.05,0.18,0.34,0.03,0.14,0.29,0.00,0.00,0.00,0.00,0.03,0.06,0.00,0.00,0.00,0.02,0.12,0.20,320685,405576,715158,511032,1052020,1694898,0,0,0,0,0,0,0,252857,0,322.86,358.51,421.18
165,3,33,62,100,4465,4466,4469,92810,92812,92814,591,591,591,0.16,0.53,0.91,0.06,0.18,0.32,0.03,0.16,0.32,0.00,0.00,0.00,0.00,0.03,0.07,0.00,0.00,0.00,0.03,0.12,0.18,337849,513579,745887,447847,1127301,1639425,0,0,0,0,0,0,0,276356,0,330.84,350.86,394.86
166,0,60,85,100,4545,4545,4545,92734,92734,92734,591,591,591,0.29,0.70,0.85,0.15,0.25,0.33,0.03,0.20,0.28,0.00,0.00,0.00,0.01,0.04,0.05,0.00,0.00,0.00,0.13,0.20,0.30,350952,519379,720701,487142,878918,1577681,0,0,0,0,0,0,0,387011,0,321.39,371.49,451.55
166,1,32,58,100,4463,4467,4471,92809,92812,92817,591,591,591,0.14,0.42,0.85,0.05,0.16,0.34,0.03,0.12,0.28,0.00,0.00,0.00,0.00,0.02,0.05,0.00,0.00,0.00,0.02,0.12,0.29,432413,723533,1373784,1067400,1415846,1709215,0,0,0,0,0,0,0,232142,0,318.32,358.12,396.49
166,2,30,74,100,4572,4572,4572,92707,92707,92707,591,591,591,0.13,0.58,0.83,0.05,0.21,0.33,0.03,0.17,0.28,0.00,0.00,0.00,0.00,0.03,0.05,0.00,0.00,0.00,0.02,0.17,0.30,327587,659878,1202904,482208,1163565,1876426,0,0,0,0,0,0,0,355071,0,357.00,410.31,446.52
166,3,32,76,100,4465,4465,4465,92814,92814,92814,591,591,591,0.30,0.60,0.85,0.12,0.22,0.30,0.09,0.18,0.28,0.00,0.00,0.00,0.01,0.03,0.05,0.00,0.00,0.00,0.07,0.16,0.22,115310,476950,1121636,497900,955478,1928794,0,0,0,0,0,0,0,204012,0,373.46,422.85,473.88
167,0,31,54,100,4545,4545,4545,92734,92734,92734,591,591,591,0.17,0.44,0.73,0.07,0.17,0.27,0.03,0.13,0.23,0.00,0.00,0.00,0.00,0.02,0.03,0.00,0.00,0.00,0.04,0.12,0.20,220131,424264,868808,888152,1084212,1342021,0,0,0,0,0,0,0,306326,0,321.12,389.57,451.46
167,1,27,83,100,4463,4463,4463,92817,92817,92817,591,591,591,0.13,0.67,0.86,0.05,0.24,0.34,0.03,0.20,0.29,0.00,0.00,0.00,0.00,0.03,0.05,0.00,0.00,0.00,0.02,0.18,0.31,453380,609046,951319,712832,981183,1305107,0,0,0,0,0,0,0,339681,0,335.52,429.75,506.13
167,2,33,68,100,4572,4572,4572,92707,92707,92707,591,591,591,0.15,0.52,0.82,0.05,0.20,0.32,0.03,0.15,0.27,0.00,0.00,0.00,0.00,0.02,0.05,0.00,0.00,0.00,0.02,0.14,0.23,311861,518350,932948,655190,1161449,1438731,0,0,0,0,0,0,0,278719,0,359.48,378.66,401.29
167,3,31,74,100,4465,4465,4465,92814,92814,92814,591,591,591,0.20,0.58,0.81,0.07,0.23,0.33,0.04,0.18,0.26,0.00,0.00,0.00,0.01,0.03,0.05,0.00,0.00,0.00,0.05,0.17,0.25,335436,466465,804521,843855,1020982,1252643,0,0,0,0,0,0,0,302144,0,332.57,374.60,405.69
168,0,36,64,100,4545,4545,4545,92734,92734,92734,591,591,591,0.19,0.48,0.75,0.08,0.19,0.31,0.03,0.14,0.24,0.00,0.00,0.00,0.00,0.02,0.04,0.00,0.00,0.00,0.05,0.14,0.26,322336,876869,1687701,959143,1542511,2020524,0,0,0,0,0,0,0,212640,0,361.75,377.53,386.14
168,1,32,73,100,4463,4463,4463,92817,92817,92817,591,591,591,0.17,0.52,0.83,0.07,0.19,0.29,0.03,0.15,0.28,0.00,0.00,0.00,0.00,0.02,0.04,0.00,0.00,0.00,0.04,0.15,0.23,455815,746020,1255301,1053480,1327509,1682470,0,0,0,0,0,0,0,317990,0,357.38,368.03,380.63
168,2,32,64,100,4572,4572,4572,92707,92707,92707,591,591,591,0.14,0.50,0.82,0.05,0.20,0.32,0.03,0.15,0.24,0.00,0.00,0.00,0.00,0.02,0.05,0.00,0.00,0.00,0.02,0.14,0.24,235066,463258,922318,520258,1036734,1433521,0,0,0,0,0,0,0,269622,0,359.87,397.42,447.75
168,3,29,80,100,4465,4465,4465,92814,92814,92814,591,591,591,0.15,0.56,0.83,0.06,0.19,0.26,0.03,0.17,0.28,0.00,0.00,0.00,0.00,0.03,0.05,0.00,0.00,0.00,0.03,0.14,0.21,324956,469927,639449,484814,1026521,1589869,0,0,0,0,0,0,0,286873,0,342.10,356.21,380.28
169,0,86,93,100,4545,4545,4545,92734,92734,92734,591,591,591,0.72,0.75,0.81,0.25,0.28,0.33,0.18,0.23,0.27,0.00,0.00,0.00,0.02,0.04,0.05,0.00,0.00,0.00,0.16,0.21,0.26,332770,472985,854336,689231,854228,1032542,0,0,0,0,0,0,0,365617,0,376.43,395.34,419.31
169,1,33,46,55,4463,4463,4463,92817,92817,92817,591,591,591,0.24,0.37,0.49,0.09,0.15,0.18,0.07,0.10,0.14,0.00,0.00,0.00,0.01,0.01,0.02,0.00,0.00,0.00,0.06,0.12,0.16,455987,524004,613256,993234,1203891,1336583,0,0,0,0,0,0,0,261363,0,315.31,364.46,409.36
169,2,47,86,100,4572,4572,4572,92707,92707,92707,591,591,591,0.57,0.70,0.83,0.22,0.25,0.26,0.13,0.21,0.28,0.00,0.00,0.00,0.02,0.03,0.05,0.00,0.00,0.00,0.18,0.20,0.21,327564,383921,503169,466451,754089,1221235,0,0,0,0,0,0,0,309425,0,346.50,370.31,406.62
169,3,33,52,68,4465,4465,4465,92814,92814,92814,591,591,591,0.21,0.39,0.57,0.08,0.16,0.27,0.05,0.10,0.15,0.00,0.00,0.00,0.01,0.01,0.02,0.00,0.00,0.00,0.04,0.12,0.25,324947,359286,382524,788942,1067237,1244514,0,0,0,0,0,0,0,296160,0,356.66,398.70,423.89
170,0,31,68,100,4545,4545,4545,92734,92734,92734,591,591,591,0.14,0.52,0.82,0.05,0.19,0.32,0.03,0.14,0.27,0.00,0.00,0.00,0.00,0.02,0.04,0.00,0.00,0.00,0.02,0.16,0.29,326746,399714,521510,571088,992229,1470189,0,0,0,0,0,0,0,409171,0,366.00,383.63,407.38
170,1,28,51,87,4463,4463,4463,92817,92817,92817,591,591,591,0.14,0.38,0.62,0.05,0.15,0.23,0.03,0.11,0.17,0.00,0.00,0.00,0.00,0.01,0.02,0.00,0.00,0.00,0.03,0.12,0.19,382530,665099,1297248,909452,1329472,1818768,0,0,0,0,0,0,0,271427,0,285.16,307.61,324.15
170,2,41,60,76,4572,4572,4572,92707,92707,92707,591,591,591,0.30,0.32,0.33,0.11,0.12,0.14,0.08,0.09,0.10,0.00,0.00,0.00,0.01,0.01,0.01,0.00,0.00,0.00,0.08,0.09,0.14,322337,631059,1475432,985373,1401016,2348113,0,0,0,0,0,0,0,235048,0,295.31,355.32,420.66
170,3,37,57,78,4465,4465,4465,92814,92814,92814,591,591,591,0.29,0.38,0.62,0.12,0.15,0.24,0.08,0.11,0.17,0.00,0.00,0.00,0.01,0.01,0.02,0.00,0.00,0.00,0.08,0.12,0.20,128427,502640,1108514,904234,1262652,1556636,0,0,0,0,0,0,0,235822,0,299.17,319.82,337.16
171,0,32,71,100,4545,4545,4545,92734,92734,92734,591,591,591,0.13,0.49,0.83,0.05,0.17,0.27,0.03,0.14,0.28,0.00,0.00,0.00,0.00,0.03,0.05,0.00,0.00,0.00,0.02,0.12,0.20,335446,699688,1095451,1042834,1315193,1716549,0,0,0,0,0,0,0,294308,0,341.51,376.31,446.46
171,1,32,62,100,4463,4463,4463,92817,92817,92817,591,591,591,0.14,0.41,0.62,0.05,0.16,0.25,0.03,0.12,0.21,0.00,0.00,0.00,0.00,0.02,0.03,0.00,0.00,0.00,0.02,0.12,0.23,463678,1009260,2425964,1139968,1714752,3335700,0,0,0,0,0,0,0,335488,0,311.46,333.16,367.63
171,2,33,67,100,4572,4572,4572,92707,92707,92707,591,591,591,0.39,0.55,0.79,0.14,0.22,0.32,0.11,0.17,0.25,0.00,0.00,0.00,0.01,0.03,0.05,0.00,0.00,0.00,0.10,0.16,0.24,214064,500086,812412,654862,1047978,1425653,0,0,0,0,0,0,0,317412,0,303.37,335.45,411.11
171,3,31,53,95,4465,4465,4465,92814,92814,92814,591,591,591,0.25,0.41,0.78,0.11,0.17,0.33,0.04,0.12,0.26,0.00,0.00,0.00,0.01,0.02,0.04,0.00,0.00,0.00,0.06,0.12,0.21,332833,501811,893012,906739,1239204,1621259,0,0,0,0,0,0,0,277022,0,285.04,322.23,343.62
172,0,33,62,100,4545,4545,4545,92734,92734,92734,591,591,591,0.14,0.51,0.84,0.05,0.20,0.34,0.03,0.14,0.25,0.00,0.00,0.00,0.00,0.02,0.04,0.00,0.00,0.00,0.02,0.14,0.26,322310,450729,862204,563424,1033499,1323109,0,0,0,0,0,0,0,261935,0,364.24,408.73,457.69
172,1,27,48,67,4463,4463,4463,92817,92817,92817,591,591,591,0.13,0.38,0.66,0.05,0.15,0.26,0.03,0.11,0.20,0.00,0.00,0.00,0.00,0.01,0.03,0.00,0.00,0.00,0.02,0.12,0.21,448138,555582,862205,896264,1208655,1564548,0,0,0,0,0,0,0,235809,0,323.22,344.98,376.69
172,2,32,67,100,4572,4572,4572,92707,92707,92707,591,591,591,0.16,0.50,0.83,0.06,0.17,0.26,0.03,0.15,0.28,0.00,0.00,0.00,0.00,0.03,0.05,0.00,0.00,0.00,0.03,0.12,0.20,322348,362177,466474,524137,991141,1415185,0,0,0,0,0,0,0,295654,0,356.98,368.59,378.41
172,3,35,76,100,4465,4465,4465,92814,92814,92814,591,591,591,0.32,0.58,0.82,0.12,0.21,0.29,0.09,0.17,0.27,0.00,0.00,0.00,0.01,0.03,0.04,0.00,0.00,0.00,0.07,0.17,0.23,335444,440970,773104,592269,962753,1517381,0,0,0,0,0,0,0,301615,0,375.92,391.80,407.18
173,0,32,76,100,4545,4545,4545,92734,92734,92734,591,591,591,0.27,0.60,0.82,0.11,0.22,0.28,0.08,0.18,0.26,0.00,0.00,0.00,0.01,0.03,0.04,0.00,0.00,0.00,0.06,0.18,0.22,340599,822674,1852652,644139,1342099,2607340,0,0,0,0,0,0,0,348317,0,365.96,380.32,412.30
173,1,31,68,100,4463,4463,4463,92817,92817,92817,591,591,591,0.15,0.48,0.70,0.06,0.18,0.29,0.03,0.14,0.22,0.00,0.00,0.00,0.00,0.02,0.03,0.00,0.00,0.00,0.03,0.14,0.21,401839,531102,828042,833379,1188178,1509343,0,0,0,0,0,0,0,189979,0,321.72,356.28,386.08
173,2,31,68,100,4572,4572,4572,92707,92707,92707,591,591,591,0.14,0.49,0.83,0.05,0.20,0.33,0.03,0.14,0.24,0.00,0.00,0.00,0.00,0.02,0.04,0.00,0.00,0.00,0.02,0.14,0.30,314490,731675,1729532,644672,1308229,2070197,0,0,0,0,0,0,0,245010,0,350.97,423.49,470.80
173,3,34,68,100,4465,4465,4465,92814,92814,92814,591,591,591,0.20,0.53,0.78,0.08,0.20,0.29,0.03,0.16,0.25,0.00,0.00,0.00,0.01,0.02,0.04,0.00,0.00,0.00,0.04,0.15,0.23,5241,458060,1124262,788593,1054490,2038872,0,0,0,0,0,0,0,186854,0,334.69,368.52,396.17
174,0,32,67,100,4545,4545,4545,92734,92734,92734,591,591,591,0.26,0.54,0.81,0.10,0.21,0.28,0.08,0.16,0.27,0.00,0.00,0.00,0.01,0.02,0.04,0.00,0.00,0.00,0.06,0.17,0.25,332741,604307,1069244,618530,1170684,1920097,0,0,0,0,0,0,0,229353,0,322.70,363.83,397.23
174,1,28,66,100,4463,4463,4463,92817,92817,92817,591,591,591,0.15,0.48,0.80,0.05,0.19,0.32,0.03,0.14,0.20,0.00,0.00,0.00,0.00,0.02,0.03,0.00,0.00,0.00,0.03,0.15,0.28,621061,742202,1050952,1011518,1332780,1582886,0,0,0,0,0,0,0,341253,0,346.65,373.59,402.58
174,2,58,88,100,4572,4572,4572,92707,92707,92707,591,591,591,0.35,0.67,0.84,0.13,0.24,0.33,0.11,0.20,0.28,0.00,0.00,0.00,0.02,0.03,0.05,0.00,0.00,0.00,0.07,0.18,0.23,328565,493163,636714,547592,886693,1349414,0,0,0,0,0,0,0,359153,0,347.10,394.71,463.71
174,3,32,69,100,4461,4464,4465,92814,92814,92818,591,591,591,0.15,0.53,0.79,0.05,0.21,0.34,0.03,0.15,0.26,0.00,0.00,0.00,0.00,0.03,0.05,0.00,0.00,0.00,0.02,0.14,0.28,330205,546293,807247,686483,1138349,1435918,0,0,0,0,0,0,0,269465,0,343.26,386.64,417.63
175,0,33,67,100,4545,4545,4545,92734,92734,92734,591,591,591,0.26,0.48,0.78,0.10,0.19,0.28,0.05,0.15,0.24,0.00,0.00,0.00,0.01,0.02,0.03,0.00,0.00,0.00,0.07,0.13,0.23,322336,658521,1522985,959025,1302249,1972604,0,0,0,0,0,0,0,288126,0,353.25,373.02,395.85
175,1,29,50,100,4463,4463,4463,92817,92817,92817,591,591,591,0.26,0.37,0.59,0.10,0.15,0.24,0.06,0.10,0.16,0.00,0.00,0.00,0.01,0.01,0.02,0.00,0.00,0.00,0.07,0.12,0.22,455900,591598,917266,1045619,1314206,1813566,0,0,0,0,0,0,0,279710,0,321.85,333.94,352.84
175,2,30,74,100,4572,4572,4572,92707,92707,92707,591,591,591,0.13,0.51,0.82,0.05,0.18,0.29,0.03,0.15,0.27,0.00,0.00,0.00,0.00,0.02,0.04,0.00,0.00,0.00,0.02,0.14,0.23,327568,439365,757381,649879,1025094,1249182,0,0,0,0,0,0,0,253210,0,350.58,358.80,381.44
175,3,92,98,100,4461,4461,4461,92818,92818,92818,591,591,591,0.66,0.79,0.84,0.23,0.27,0.32,0.17,0.23,0.28,0.00,0.00,0.00,0.03,0.04,0.05,0.00,0.00,0.00,0.19,0.21,0.26,351168,467790,655207,487400,752130,1142608,0,0,0,0,0,0,0,441213,0,328.39,375.20,443.31
176,0,32,57,100,4545,4545,4545,92734,92734,92734,591,591,591,0.15,0.41,0.64,0.06,0.16,0.25,0.03,0.12,0.20,0.00,0.00,0.00,0.00,0.02,0.03,0.00,0.00,0.00,0.03,0.13,0.23,170276,844826,2327004,770462,1568030,3016196,0,0,0,0,0,0,0,293301,0,318.27,352.76,376.92
176,1,32,58,100,4463,4463,4463,92817,92817,92817,591,591,591,0.30,0.43,0.60,0.12,0.17,0.24,0.09,0.13,0.19,0.00,0.00,0.00,0.01,0.02,0.02,0.00,0.00,0.00,0.07,0.13,0.20,193900,732388,1067503,985223,1408677,1836245,0,0,0,0,0,0,0,282635,0,327.31,337.76,346.52
176,2,28,59,100,4572,4572,4572,92707,92707,92707,591,591,591,0.25,0.48,0.78,0.10,0.19,0.28,0.05,0.14,0.24,0.00,0.00,0.00,0.01,0.02,0.03,0.00,0.00,0.00,0.07,0.15,0.23,332825,611136,1315601,715464,1187684,1949815,0,0,0,0,0,0,0,270772,0,359.85,388.33,399.96
176,3,31,68,100,4461,4461,4461,92818,92818,92818,591,591,591,0.14,0.49,0.72,0.05,0.20,0.30,0.03,0.15,0.21,0.00,0.00,0.00,0.00,0.02,0.03,0.00,0.00,0.00,0.02,0.15,0.27,10482,414566,786180,471730,1023577,1734837,0,0,0,0,0,0,0,284893,0,353.72,397.63,461.49
177,0,28,63,100,4545,4545,4545,92734,92734,92734,591,591,591,0.23,0.43,0.63,0.09,0.17,0.25,0.06,0.12,0.19,0.00,0.00,0.00,0.01,0.02,0.02,0.00,0.00,0.00,0.05,0.13,0.20,319709,618280,1284125,812407,1301386,2075565,0,0,0,0,0,0,0,293475,0,315.53,334.50,364.50
177,1,25,69,100,4463,4463,4463,92817,92817,92817,591,591,591,0.12,0.48,0.72,0.05,0.18,0.29,0.03,0.14,0.22,0.00,0.00,0.00,0.00,0.02,0.03,0.00,0.00,0.00,0.02,0.14,0.23,490054,576006,725899,1001089,1202852,1388905,0,0,0,0,0,0,0,293976,0,326.07,357.32,384.68
177,2,37,58,83,4572,4572,4572,92707,92707,92707,591,591,591,0.16,0.42,0.67,0.06,0.17,0.26,0.03,0.12,0.22,0.00,0.00,0.00,0.00,0.02,0.02,0.00,0.00,0.00,0.04,0.13,0.22,324877,444977,888421,917178,1155140,1378494,0,0,0,0,0,0,0,294091,0,333.02,353.14,373.06
177,3,32,62,100,4461,4461,4461,92818,92818,92818,591,591,591,0.14,0.48,0.72,0.05,0.19,0.31,0.03,0.14,0.25,0.00,0.00,0.00,0.00,0.02,0.05,0.00,0.00,0.00,0.02,0.13,0.24,340685,621965,1008098,841269,1291687,1966703,0,0,0,0,0,0,0,313699,0,334.81,370.98,396.28
178,0,36,52,71,4545,4545,4545,92734,92734,92734,591,591,591,0.28,0.32,0.38,0.11,0.13,0.16,0.08,0.10,0.13,0.00,0.00,0.00,0.01,0.01,0.02,0.00,0.00,0.00,0.08,0.10,0.13,159809,504846,987970,991608,1181510,1446577,0,0,0,0,0,0,0,226434,0,293.31,304.54,311.50
178,1,31,65,100,4463,4463,4463,92817,92817,92817,591,591,591,0.13,0.48,0.81,0.05,0.19,0.32,0.03,0.14,0.26,0.00,0.00,0.00,0.00,0.02,0.05,0.00,0.00,0.00,0.02,0.14,0.26,450741,605889,872713,943362,1250036,1438709,0,0,0,0,0,0,0,164584,0,356.50,371.42,389.43
178,2,33,59,97,4562,4568,4572,92707,92711,92717,591,591,591,0.15,0.44,0.84,0.06,0.17,0.33,0.03,0.12,0.28,0.00,0.00,0.00,0.00,0.02,0.05,0.00,0.00,0.00,0.03,0.11,0.20,312502,415082,573741,776457,1132032,1472342,0,0,0,0,0,0,0,229365,0,331.21,364.18,403.37
178,3,32,67,100,4461,4461,4461,92818,92818,92818,591,591,591,0.22,0.49,0.79,0.09,0.18,0.30,0.03,0.14,0.24,0.00,0.00,0.00,0.01,0.02,0.04,0.00,0.00,0.00,0.06,0.14,0.26,329291,535556,1191480,880053,1154908,1471006,0,0,0,0,0,0,0,211269,0,361.41,374.54,403.74
179,0,27,60,88,4545,4545,4545,92734,92734,92734,591,591,591,0.17,0.39,0.64,0.07,0.15,0.24,0.04,0.11,0.17,0.00,0.00,0.00,0.01,0.02,0.02,0.00,0.00,0.00,0.04,0.12,0.20,322325,392563,621089,704923,1120561,1409898,0,0,0,0,0,0,0,192732,0,300.61,324.87,341.72
179,1,32,68,100,4463,4463,4463,92817,92817,92817,591,591,591,0.14,0.57,0.88,0.06,0.22,0.35,0.03,0.17,0.28,0.00,0.00,0.00,0.00,0.03,0.05,0.00,0.00,0.00,0.03,0.15,0.26,220128,602398,804532,576527,1101896,1560168,0,0,0,0,0,0,0,350776,0,366.73,397.82,444.37
179,2,48,83,100,4562,4562,4562,92717,92717,92717,591,591,591,0.26,0.68,0.85,0.10,0.24,0.34,0.08,0.20,0.29,0.00,0.00,0.00,0.01,0.03,0.05,0.00,0.00,0.00,0.06,0.18,0.30,327547,717521,1753250,453325,1037758,2033665,0,0,0,0,0,0,0,370340,0,338.83,425.77,493.95
179,3,30,62,100,4461,4461,4461,92818,92818,92818,591,591,591,0.13,0.47,0.78,0.05,0.18,0.32,0.03,0.14,0.25,0.00,0.00,0.00,0.00,0.02,0.05,0.00,0.00,0.00,0.03,0.13,0.22,330206,522011,1048279,896212,1189180,1422986,0,0,0,0,0,0,0,257703,0,323.20,362.02,405.01
180,0,34,51,90,4545,4545,4545,92734,92734,92734,591,591,591,0.27,0.41,0.71,0.11,0.16,0.27,0.08,0.12,0.21,0.00,0.00,0.00,0.01,0.01,0.03,0.00,0.00,0.00,0.07,0.13,0.22,335451,410041,579226,773127,1074801,1410061,0,0,0,0,0,0,0,231924,0,304.82,333.65,367.04
180,1,66,85,100,4463,4463,4463,92817,92817,92817,591,591,591,0.37,0.66,0.83,0.14,0.24,0.29,0.12,0.19,0.28,0.00,0.00,0.00,0.02,0.03,0.05,0.00,0.00,0.00,0.09,0.19,0.26,453904,623252,1019218,603487,1055690,1260267,0,0,0,0,0,0,0,395154,0,350.27,390.07,442.38
180,2,29,58,100,4562,4562,4562,92717,92717,92717,591,591,591,0.15,0.44,0.80,0.05,0.17,0.30,0.03,0.12,0.22,0.00,0.00,0.00,0.00,0.02,0.03,0.00,0.00,0.00,0.03,0.12,0.24,317105,510504,694482,822901,1127937,1512136,0,0,0,0,0,0,0,311292,0,338.23,361.31,376.53
180,3,31,67,100,4461,4461,4461,92818,92818,92818,591,591,591,0.14,0.55,0.81,0.05,0.21,0.31,0.03,0.16,0.27,0.00,0.00,0.00,0.00,0.03,0.04,0.00,0.00,0.00,0.02,0.16,0.28,330122,428723,752125,526624,1001068,1698178,0,0,0,0,0,0,0,284289,0,370.76,388.96,407.09
181,0,50,67,92,4545,4545,4545,92734,92734,92734,591,591,591,0.26,0.43,0.59,0.10,0.17,0.22,0.08,0.13,0.16,0.00,0.00,0.00,0.01,0.02,0.02,0.00,0.00,0.00,0.06,0.14,0.21,324962,629039,1559766,830748,1384758,2508143,0,0,0,0,0,0,0,298843,0,293.19,326.14,349.77
181,1,30,55,100,4463,4463,4463,92817,92817,92817,591,591,591,0.22,0.44,0.78,0.08,0.17,0.28,0.04,0.13,0.25,0.00,0.00,0.00,0.01,0.02,0.03,0.00,0.00,0.00,0.05,0.13,0.23,442899,548752,856967,922261,1242169,1779452,0,0,0,0,0,0,0,281593,0,341.44,375.54,409.88
181,2,32,74,100,4562,4562,4562,92717,92717,92717,591,591,591,0.14,0.42,0.78,0.05,0.17,0.32,0.03,0.11,0.27,0.00,0.00,0.00,0.00,0.02,0.05,0.00,0.00,0.00,0.02,0.12,0.24,233048,389673,754548,507528,1124070,1747807,0,0,0,0,0,0,0,245860,0,330.57,367.08,398.64
181,3,64,87,100,4461,4461,4461,92818,92818,92818,591,591,591,0.33,0.62,0.92,0.12,0.24,0.32,0.08,0.20,0.33,0.00,0.00,0.00,0.01,0.03,0.07,0.00,0.00,0.00,0.07,0.18,0.24,340619,508011,799061,562004,929576,1453339,0,0,0,0,0,0,0,305137,0,360.92,382.16,409.08
182,0,28,71,100,4545,4545,4545,92734,92734,92734,591,591,591,0.31,0.54,0.78,0.12,0.20,0.29,0.07,0.14,0.22,0.00,0.00,0.00,0.01,0.02,0.03,0.00,0.00,0.00,0.07,0.15,0.24,356404,1048002,2153376,835978,1710919,2677312,0,0,0,0,0,0,0,296782,0,330.49,364.57,391.59
182,1,47,64,100,4463,4463,4463,92817,92817,92817,591,591,591,0.28,0.45,0.75,0.11,0.18,0.30,0.08,0.13,0.19,0.00,0.00,0.00,0.01,0.02,0.03,0.00,0.00,0.00,0.08,0.14,0.27,2620,631591,1389018,463831,1243508,1952487,0,0,0,0,0,0,0,228382,0,325.65,353.51,391.86
182,2,64,89,100,4562,4562,4562,92717,92717,92717,591,591,591,0.54,0.75,0.84,0.23,0.26,0.32,0.19,0.23,0.28,0.00,0.00,0.00,0.03,0.04,0.05,0.00,0.00,0.00,0.15,0.20,0.26,327549,714113,1611660,461189,1001728,1894683,0,0,0,0,0,0,0,310068,0,348.55,388.27,440.23
182,3,35,56,100,4459,4459,4461,92818,92819,92820,591,591,591,0.16,0.36,0.75,0.06,0.13,0.24,0.03,0.09,0.22,0.00,0.00,0.00,0.00,0.02,0.04,0.00,0.00,0.00,0.03,0.09,0.19,330088,487426,849109,880609,1320075,1886909,0,0,0,0,0,0,0,278520,0,331.83,335.46,341.30
183,0,33,66,100,4545,4545,4545,92734,92734,92734,591,591,591,0.14,0.53,0.83,0.05,0.19,0.29,0.03,0.15,0.27,0.00,0.00,0.00,0.00,0.02,0.04,0.00,0.00,0.00,0.02,0.14,0.24,322349,433976,605372,526759,1036730,1302471,0,0,0,0,0,0,0,319867,0,359.19,370.66,388.06
183,1,27,56,100,4463,4463,4463,92817,92817,92817,591,591,591,0.13,0.42,0.80,0.05,0.17,0.33,0.03,0.12,0.27,0.00,0.00,0.00,0.00,0.02,0.05,0.00,0.00,0.00,0.02,0.12,0.23,425697,777815,1134760,1089299,1399430,1704186,0,0,0,0,0,0,0,275577,0,318.81,351.86,382.13
183,2,29,53,100,4562,4562,4562,92717,92717,92717,591,591,591,0.14,0.37,0.65,0.05,0.14,0.27,0.03,0.10,0.17,0.00,0.00,0.00,0.00,0.01,0.03,0.00,0.00,0.00,0.02,0.11,0.25,317107,475904,932978,812445,1161453,1601264,0,0,0,0,0,0,0,281124,0,328.49,372.79,416.35
183,3,33,83,100,4459,4459,4459,92820,92820,92820,591,591,591,0.21,0.70,0.84,0.07,0.25,0.35,0.05,0.21,0.28,0.00,0.00,0.00,0.01,0.04,0.05,0.00,0.00,0.00,0.04,0.18,0.29,361655,564928,799302,618393,919754,1268414,0,0,0,0,0,0,0,307086,0,348.21,421.71,477.69
184,0,32,66,100,4545,4545,4545,92734,92734,92734,591,591,591,0.15,0.38,0.65,0.06,0.19,0.31,0.03,0.13,0.23,0.00,0.00,0.00,0.00,0.02,0.03,0.00,0.00,0.00,0.03,0.15,0.25,138896,489688,1045570,621102,1045754,1891985,0,0,0,0,0,0,0,240146,0,329.75,370.28,400.87
184,1,32,81,100,4463,4463,4463,92817,92817,92817,591,591,591,0.14,0.63,0.86,0.05,0.21,0.29,0.03,0.18,0.29,0.00,0.00,0.00,0.00,0.03,0.05,0.00,0.00,0.00,0.02,0.16,0.23,448138,520906,668176,568551,994671,1629826,0,0,0,0,0,0,0,298589,0,314.01,349.02,428.10
184,2,29,47,60,4562,4562,4562,92717,92717,92717,591,591,591,0.17,0.38,0.61,0.07,0.15,0.24,0.03,0.11,0.16,0.00,0.00,0.00,0.01,0.01,0.02,0.00,0.00,0.00,0.04,0.11,0.23,230433,381178,723289,785569,1042060,1546161,0,0,0,0,0,0,0,261509,0,308.74,319.62,341.64
184,3,30,68,100,4459,4459,4459,92820,92820,92820,591,591,591,0.15,0.49,0.82,0.06,0.18,0.29,0.03,0.13,0.24,0.00,0.00,0.00,0.00,0.02,0.04,0.00,0.00,0.00,0.03,0.16,0.27,322323,529985,1200463,808872,1179256,1510839,0,0,0,0,0,0,0,230276,0,361.15,367.30,379.07
185,0,37,66,100,4545,4545,4545,92734,92734,92734,591,591,591,0.17,0.41,0.66,0.06,0.16,0.29,0.04,0.12,0.22,0.00,0.00,0.00,0.00,0.02,0.03,0.00,0.00,0.00,0.03,0.11,0.20,328669,443632,841248,794025,1211336,1944567,0,0,0,0,0,0,0,175461,0,301.91,332.09,358.86
185,1,31,60,100,4463,4463,4463,92817,92817,92817,591,591,591,0.14,0.48,0.74,0.05,0.19,0.32,0.03,0.14,0.23,0.00,0.00,0.00,0.00,0.02,0.04,0.00,0.00,0.00,0.02,0.13,0.25,204412,794584,1344438,610617,1395759,2051992,0,0,0,0,0,0,0,309940,0,360.80,421.80,484.83
185,2,40,64,83,4562,4562,4562,92717,92717,92717,591,591,591,0.27,0.46,0.57,0.11,0.19,0.23,0.09,0.14,0.19,0.00,0.00,0.00,0.01,0.02,0.03,0.00,0.00,0.00,0.06,0.14,0.21,322347,755328,1572422,1019458,1345814,2062493,0,0,0,0,0,0,0,308613,0,307.57,340.38,360.24
185,3,33,58,97,4455,4457,4459,92820,92821,92824,591,591,591,0.15,0.46,0.92,0.05,0.19,0.33,0.03,0.13,0.33,0.00,0.00,0.00,0.00,0.02,0.07,0.00,0.00,0.00,0.03,0.12,0.20,327584,399389,660424,474309,1091076,1574185,0,0,0,0,0,0,0,236997,0,321.41,364.65,419.04
186,0,49,61,100,4545,4545,4545,92734,92734,92734,591,591,591,0.28,0.50,0.81,0.11,0.19,0.32,0.08,0.15,0.27,0.00,0.00,0.00,0.01,0.02,0.04,0.00,0.00,0.00,0.08,0.15,0.29,319701,497906,906729,558095,1019400,1229064,0,0,0,0,0,0,0,276724,0,352.33,372.45,390.94
186,1,27,72,100,4463,4463,4463,92817,92817,92817,591,591,591,0.27,0.59,0.81,0.11,0.23,0.34,0.09,0.17,0.27,0.00,0.00,0.00,0.01,0.03,0.04,0.00,0.00,0.00,0.06,0.18,0.25,471714,749469,1111166,678744,1213274,1544218,0,0,0,0,0,0,0,293268,0,367.91,386.11,409.17
186,2,26,65,100,4562,4562,4562,92717,92717,92717,591,591,591,0.12,0.46,0.80,0.04,0.18,0.29,0.03,0.14,0.27,0.00,0.00,0.00,0.00,0.02,0.04,0.00,0.00,0.00,0.02,0.13,0.23,317053,447607,904159,589562,1035682,1299893,0,0,0,0,0,0,0,320628,0,315.48,349.07,366.59
186,3,51,86,100,4455,4455,4455,92824,92824,92824,591,591,591,0.27,0.68,0.86,0.10,0.23,0.29,0.08,0.20,0.29,0.00,0.00,0.00,0.01,0.03,0.05,0.00,0.00,0.00,0.06,0.18,0.23,356425,617376,846482,605399,948097,1389005,0,0,0,0,0,0,0,369991,0,326.55,392.31,444.93
187,0,30,56,100,4545,4545,4546,92734,92734,92734,591,591,591,0.17,0.40,0.67,0.06,0.16,0.25,0.03,0.12,0.21,0.00,0.00,0.00,0.00,0.02,0.02,0.00,0.00,0.00,0.03,0.12,0.21,322344,573925,1022022,773086,1296178,1682405,0,0,0,0,0,0,0,289204,0,295.26,318.12,334.03
187,1,34,61,100,4457,4459,4463,92817,92820,92823,591,591,591,0.15,0.45,0.84,0.06,0.16,0.26,0.03,0.13,0.28,0.00,0.00,0.00,0.00,0.02,0.05,0.00,0.00,0.00,0.03,0.11,0.20,440278,450754,463857,618453,1146807,1496416,0,0,0,0,0,0,0,242907,0,334.51,355.89,382.83
187,2,29,72,95,4562,4562,4562,92717,92717,92717,591,591,591,0.14,0.48,0.71,0.05,0.19,0.32,0.03,0.14,0.23,0.00,0.00,0.00,0.00,0.02,0.04,0.00,0.00,0.00,0.03,0.15,0.22,210225,537111,905567,812432,1152870,1498991,0,0,0,0,0,0,0,312623,0,338.94,372.82,398.98
187,3,35,63,83,4455,4455,4455,92824,92824,92824,591,591,591,0.17,0.48,0.69,0.07,0.18,0.29,0.03,0.14,0.22,0.00,0.00,0.00,0.00,0.02,0.03,0.00,0.00,0.00,0.04,0.13,0.20,330156,639783,1256537,843734,1316570,1690341,0,0,0,0,0,0,0,276133,0,315.19,370.66,416.89
188,0,40,55,84,4546,4546,4546,92734,92734,92734,591,591,591,0.30,0.35,0.46,0.11,0.14,0.17,0.08,0.10,0.12,0.00,0.00,0.00,0.01,0.01,0.02,0.00,0.00,0.00,0.08,0.11,0.14,324966,511768,922469,944380,1231652,1561908,0,0,0,0,0,0,0,232366,0,310.18,325.60,345.00
188,1,83,92,100,4457,4457,4457,92822,92822,92822,591,591,591,0.55,0.72,0.86,0.22,0.26,0.30,0.14,0.21,0.28,0.00,0.00,0.00,0.02,0.04,0.05,0.00,0.00,0.00,0.13,0.20,0.27,10482,654486,1239592,351175,958480,1753250,0,0,0,0,0,0,0,368648,0,361.91,432.54,474.61
188,2,28,45,91,4558,4561,4562,92717,92718,92721,591,591,591,0.13,0.33,0.90,0.05,0.12,0.32,0.03,0.10,0.32,0.00,0.00,0.00,0.00,0.02,0.07,0.00,0.00,0.00,0.02,0.06,0.17,330217,699640,1462316,530230,1366762,2316645,0,0,0,0,0,0,0,151363,0,307.27,342.99,391.77
188,3,31,65,100,4455,4455,4455,92824,92824,92824,591,591,591,0.15,0.55,0.80,0.05,0.22,0.31,0.03,0.16,0.26,0.00,0.00,0.00,0.00,0.03,0.04,0.00,0.00,0.00,0.02,0.15,0.29,385239,536569,809753,786149,1081667,1381097,0,0,0,0,0,0,0,272552,0,375.23,399.57,426.15
189,0,33,53,81,4546,4546,4546,92734,92734,92734,591,591,591,0.14,0.47,0.81,0.05,0.15,0.25,0.03,0.10,0.18,0.00,0.00,0.00,0.00,0.02,0.03,0.00,0.00,0.00,0.02,0.11,0.21,314355,378406,542461,702445,1125226,1488492,0,0,0,0,0,0,0,274805,0,306.50,326.83,341.62
189,1,25,48,100,4457,4457,4457,92822,92822,92822,591,591,591,0.14,0.43,0.80,0.05,0.16,0.28,0.03,0.12,0.25,0.00,0.00,0.00,0.00,0.02,0.04,0.00,0.00,0.00,0.02,0.13,0.23,442679,680478,1254441,770512,1348949,1839731,0,0,0,0,0,0,0,303500,0,336.25,378.64,410.65
189,2,61,91,100,4558,4558,4558,92721,92721,92721,591,591,591,0.53,0.74,0.85,0.24,0.26,0.33,0.13,0.21,0.29,0.00,0.00,0.00,0.02,0.04,0.05,0.00,0.00,0.00,0.18,0.21,0.26,332906,523097,1268379,458619,870111,1399410,0,0,0,0,0,0,0,361971,0,307.89,387.62,463.35
189,3,32,85,100,4455,4455,4455,92824,92824,92824,591,591,591,0.14,0.66,0.86,0.06,0.22,0.32,0.03,0.19,0.29,0.00,0.00,0.00,0.00,0.03,0.05,0.00,0.00,0.00,0.03,0.17,0.25,324942,430278,717981,476959,885701,1260461,0,0,0,0,0,0,0,388988,0,326.05,353.70,422.59
190,0,76,91,100,4546,4546,4546,92734,92734,92734,591,591,591,0.20,0.56,0.83,0.08,0.21,0.29,0.05,0.18,0.27,0.00,0.00,0.00,0.01,0.03,0.04,0.00,0.00,0.00,0.04,0.16,0.23,317101,457036,752124,568664,969108,1320810,0,0,0,0,0,0,0,339109,0,365.74,386.35,406.34
190,1,33,59,95,4457,4457,4457,92822,92822,92822,591,591,591,0.14,0.44,0.81,0.05,0.18,0.34,0.03,0.13,0.28,0.00,0.00,0.00,0.00,0.02,0.06,0.00,0.00,0.00,0.02,0.11,0.24,437659,584377,1082205,736399,1279886,1446636,0,0,0,0,0,0,0,226340,0,330.36,362.40,411.66
190,2,31,46,80,4558,4558,4558,92721,92721,92721,591,591,591,0.16,0.31,0.61,0.06,0.12,0.23,0.03,0.09,0.18,0.00,0.00,0.00,0.00,0.01,0.02,0.00,0.00,0.00,0.03,0.09,0.19,213146,541776,1286748,890707,1234196,2151569,0,0,0,0,0,0,0,236940,0,301.05,354.76,427.74
190,3,36,46,63,4455,4455,4455,92824,92824,92824,591,591,591,0.29,0.34,0.37,0.12,0.14,0.16,0.08,0.10,0.12,0.00,0.00,0.00,0.01,0.01,0.01,0.00,0.00,0.00,0.08,0.10,0.13,20965,401984,977480,623738,1148812,1886826,0,0,0,0,0,0,0,180288,0,303.04,379.87,441.91
191,0,33,60,95,4544,4545,4546,92734,92734,92736,591,591,591,0.14,0.38,0.82,0.05,0.17,0.33,0.03,0.13,0.28,0.00,0.00,0.00,0.00,0.02,0.05,0.00,0.00,0.00,0.02,0.12,0.26,317097,717122,1564534,816909,1366563,2007426,0,0,0,0,0,0,0,146130,0,324.88,374.15,395.95
191,1,31,77,100,4457,4457,4457,92822,92822,92822,591,591,591,0.28,0.69,0.85,0.11,0.23,0.30,0.09,0.21,0.28,0.00,0.00,0.00,0.01,0.04,0.05,0.00,0.00,0.00,0.06,0.18,0.24,5240,604304,1244889,393069,945512,1989201,0,0,0,0,0,0,0,302791,0,334.90,402.22,457.78
191,2,36,59,75,4558,4558,4558,92721,92721,92721,591,591,591,0.20,0.37,0.66,0.08,0.15,0.28,0.06,0.11,0.23,0.00,0.00,0.00,0.01,0.02,0.03,0.00,0.00,0.00,0.05,0.11,0.19,314486,616817,1354903,1098083,1308360,2044147,0,0,0,0,0,0,0,248707,0,285.82,303.13,326.99
191,3,47,60,80,4455,4455,4455,92824,92824,92824,591,591,591,0.25,0.44,0.67,0.09,0.18,0.29,0.07,0.13,0.23,0.00,0.00,0.00,0.01,0.02,0.03,0.00,0.00,0.00,0.05,0.13,0.19,332786,621302,1001107,1124135,1343164,1637886,0,0,0,0,0,0,0,297012,0,296.02,327.17,356.39
192,0,33,78,100,4544,4544,4544,92736,92736,92736,591,591,591,0.42,0.72,0.86,0.18,0.25,0.34,0.14,0.21,0.29,0.00,0.00,0.00,0.02,0.04,0.05,0.00,0.00,0.00,0.12,0.19,0.28,324939,422425,759997,448031,790872,1126805,0,0,0,0,0,0,0,382217,0,326.59,390.33,444.39
192,1,27,63,100,4457,4457,4457,92822,92822,92822,591,591,591,0.25,0.47,0.77,0.09,0.18,0.28,0.06,0.13,0.22,0.00,0.00,0.00,0.01,0.02,0.03,0.00,0.00,0.00,0.07,0.14,0.22,456001,919728,1648275,951314,1515221,2389868,0,0,0,0,0,0,0,270129,0,320.36,372.01,421.82
192,2,29,64,100,4558,4558,4558,92721,92721,92721,591,591,591,0.14,0.51,0.77,0.05,0.20,0.30,0.03,0.15,0.24,0.00,0.00,0.00,0.00,0.02,0.04,0.00,0.00,0.00,0.03,0.14,0.25,319647,440792,872701,728546,1029364,1236982,0,0,0,0,0,0,0,307089,0,312.09,356.45,375.17
192,3,35,70,100,4455,4455,4455,92824,92824,92824,591,591,591,0.22,0.48,0.79,0.09,0.18,0.30,0.03,0.14,0.26,0.00,0.00,0.00,0.01,0.02,0.04,0.00,0.00,0.00,0.06,0.15,0.28,60274,640980,1244691,757338,1296656,1949725,0,0,0,0,0,0,0,342196,0,323.76,358.35,384.61
193,0,38,77,100,4544,4544,4544,92736,92736,92736,591,591,591,0.24,0.45,0.80,0.09,0.18,0.35,0.06,0.13,0.26,0.00,0.00,0.00,0.01,0.02,0.04,0.00,0.00,0.00,0.06,0.14,0.23,374730,479036,652624,686569,1129442,1493372,0,0,0,0,0,0,0,349149,0,326.37,367.75,420.21
193,1,31,62,93,4457,4457,4457,92822,92822,92822,591,591,591,0.14,0.46,0.77,0.05,0.18,0.33,0.03,0.14,0.26,0.00,0.00,0.00,0.00,0.02,0.04,0.00,0.00,0.00,0.02,0.12,0.23,450767,543483,704977,927741,1208585,1603888,0,0,0,0,0,0,0,243040,0,345.04,366.58,390.47
193,2,31,67,100,4558,4558,4558,92721,92721,92721,591,591,591,0.21,0.46,0.80,0.09,0.18,0.29,0.03,0.13,0.26,0.00,0.00,0.00,0.01,0.02,0.04,0.00,0.00,0.00,0.06,0.14,0.27,317098,526225,791445,725920,1154659,1716546,0,0,0,0,0,0,0,299724,0,333.57,363.87,378.78
193,3,32,60,92,4455,4455,4455,92824,92824,92824,591,591,591,0.17,0.41,0.72,0.07,0.16,0.25,0.03,0.12,0.23,0.00,0.00,0.00,0.00,0.02,0.03,0.00,0.00,0.00,0.04,0.12,0.21,330307,792085,1972960,833362,1511253,2774720,0,0,0,0,0,0,0,279847,0,302.93,329.04,366.85
194,0,34,51,100,4540,4541,4544,92736,92739,92740,591,591,591,0.15,0.47,0.84,0.06,0.14,0.24,0.03,0.10,0.18,0.00,0.00,0.00,0.00,0.02,0.04,0.00,0.00,0.00,0.03,0.10,0.19,311074,630756,1563860,982920,1410565,2123375,0,0,0,0,0,0,0,264696,0,325.71,332.34,344.77
194,1,64,88,100,4457,4457,4457,92822,92822,92822,591,591,591,0.35,0.65,0.84,0.13,0.24,0.28,0.11,0.19,0.27,0.00,0.00,0.00,0.02,0.03,0.05,0.00,0.00,0.00,0.08,0.19,0.24,241102,529361,843818,626319,892320,1215987,0,0,0,0,0,0,0,351857,0,350.80,404.89,438.91
194,2,35,67,100,4558,4558,4558,92721,92721,92721,591,591,591,0.17,0.56,0.80,0.07,0.20,0.27,0.03,0.17,0.26,0.00,0.00,0.00,0.00,0.03,0.04,0.00,0.00,0.00,0.06,0.13,0.22,229389,505625,724748,678731,1092838,1958048,0,0,0,0,0,0,0,254466,0,320.79,345.55,376.66
194,3,29,56,93,4455,4455,4455,92824,92824,92824,591,591,591,0.27,0.38,0.50,0.12,0.15,0.21,0.07,0.11,0.14,0.00,0.00,0.00,0.01,0.01,0.02,0.00,0.00,0.00,0.09,0.12,0.16,340680,414931,601002,959125,1159842,1231690,0,0,0,0,0,0,0,241234,0,323.13,336.80,354.46
195,0,44,78,100,4540,4540,4540,92740,92740,92740,591,591,591,0.18,0.60,0.86,0.07,0.22,0.35,0.04,0.18,0.28,0.00,0.00,0.00,0.01,0.03,0.05,0.00,0.00,0.00,0.04,0.17,0.31,322333,551374,820212,718064,937654,1215956,0,0,0,0,0,0,0,304118,0,347.63,412.37,445.65
195,1,31,67,100,4457,4457,4457,92822,92822,92822,591,591,591,0.15,0.51,0.78,0.05,0.20,0.33,0.03,0.16,0.24,0.00,0.00,0.00,0.00,0.02,0.04,0.00,0.00,0.00,0.02,0.14,0.23,445450,713837,1184431,843845,1337004,2109441,0,0,0,0,0,0,0,265900,0,369.15,390.72,409.25
195,2,30,54,100,4558,4558,4558,92721,92721,92721,591,591,591,0.17,0.48,0.76,0.07,0.19,0.27,0.03,0.14,0.25,0.00,0.00,0.00,0.01,0.02,0.03,0.00,0.00,0.00,0.04,0.15,0.23,322340,529370,909382,788709,1113249,1444005,0,0,0,0,0,0,0,269977,0,358.17,371.98,389.73
195,3,30,70,100,4455,4455,4455,92824,92824,92824,591,591,591,0.14,0.53,0.80,0.05,0.21,0.30,0.03,0.15,0.26,0.00,0.00,0.00,0.00,0.02,0.04,0.00,0.00,0.00,0.02,0.16,0.27,327582,456488,657768,749498,1050831,1582837,0,0,0,0,0,0,0,324732,0,306.62,333.37,373.11
196,0,35,59,87,4540,4540,4540,92740,92740,92740,591,591,591,0.19,0.36,0.53,0.08,0.16,0.26,0.05,0.12,0.21,0.00,0.00,0.00,0.01,0.02,0.02,0.00,0.00,0.00,0.04,0.13,0.21,330134,684504,1496411,799134,1365857,2277376,0,0,0,0,0,0,0,281008,0,322.09,344.68,394.06
196,1,35,83,100,4457,4457,4457,92822,92822,92822,591,591,591,0.14,0.63,0.83,0.06,0.24,0.33,0.03,0.18,0.27,0.00,0.00,0.00,0.00,0.03,0.04,0.00,0.00,0.00,0.03,0.19,0.30,490071,649482,840874,838603,1090930,1368006,0,0,0,0,0,0,0,407202,0,350.29,385.91,464.05
196,2,28,52,100,4558,4558,4558,92721,92721,92721,591,591,591,0.14,0.38,0.57,0.05,0.15,0.25,0.03,0.11,0.16,0.00,0.00,0.00,0.00,0.02,0.02,0.00,0.00,0.00,0.02,0.11,0.21,314484,442891,891033,919833,1140509,1373239,0,0,0,0,0,0,0,274060,0,316.73,347.74,397.94
196,3,30,68,100,4455,4455,4455,92824,92824,92824,591,591,591,0.30,0.53,0.91,0.12,0.21,0.32,0.09,0.17,0.32,0.00,0.00,0.00,0.01,0.03,0.07,0.00,0.00,0.00,0.06,0.13,0.24,138897,545431,1116351,484788,1143045,1957546,0,0,0,0,0,0,0,251899,0,340.69,383.72,412.76
197,0,38,61,100,4540,4540,4540,92740,92740,92740,591,591,591,0.23,0.35,0.46,0.09,0.14,0.20,0.06,0.11,0.14,0.00,0.00,0.00,0.01,0.01,0.02,0.00,0.00,0.00,0.05,0.11,0.16,211512,348813,552902,846050,1117799,1380945,0,0,0,0,0,0,0,193457,0,301.96,312.67,334.78
197,1,34,62,100,4457,4457,4457,92822,92822,92822,591,591,591,0.15,0.47,0.84,0.05,0.16,0.25,0.03,0.14,0.28,0.00,0.00,0.00,0.00,0.02,0.05,0.00,0.00,0.00,0.02,0.12,0.20,136265,693948,1310309,765185,1314518,1970760,0,0,0,0,0,0,0,243432,0,345.31,387.11,474.22
197,2,32,81,100,4558,4558,4558,92721,92721,92721,591,591,591,0.19,0.58,0.81,0.07,0.22,0.29,0.05,0.17,0.24,0.00,0.00,0.00,0.01,0.03,0.04,0.00,0.00,0.00,0.06,0.18,0.24,221753,763866,2051359,715449,1370547,3130052,0,0,0,0,0,0,0,344066,0,353.38,373.97,395.49
197,3,36,76,100,4451,4451,4453,92826,92827,92828,591,591,591,0.16,0.57,0.86,0.06,0.19,0.28,0.03,0.16,0.28,0.00,0.00,0.00,0.00,0.03,0.05,0.00,0.00,0.00,0.02,0.14,0.21,462939,744862,1176685,892686,1299098,1673570,0,0,0,0,0,0,0,335991,0,330.00,359.14,417.96
198,0,31,65,100,4540,4540,4540,92740,92740,92740,591,591,591,0.14,0.53,0.74,0.05,0.21,0.28,0.03,0.16,0.22,0.00,0.00,0.00,0.00,0.02,0.03,0.00,0.00,0.00,0.02,0.17,0.26,327589,502090,917109,770421,1085960,1349461,0,0,0,0,0,0,0,296053,0,336.13,365.18,391.01
198,1,34,62,100,4457,4457,4457,92822,92822,92822,591,591,591,0.28,0.48,0.84,0.10,0.19,0.28,0.07,0.14,0.25,0.00,0.00,0.00,0.01,0.02,0.04,0.00,0.00,0.00,0.07,0.14,0.22,445506,655667,974808,927741,1173497,1559169,0,0,0,0,0,0,0,262125,0,349.32,392.28,421.32
198,2,0,36,98,4558,4558,4558,92721,92721,92721,591,591,591,0.00,0.24,0.65,0.00,0.09,0.24,0.00,0.07,0.19,0.00,0.00,0.00,0.00,0.01,0.02,0.00,0.00,0.00,0.00,0.07,0.20,303986,431366,843931,636798,829170,1032538,0,0,0,0,0,0,0,184384,0,264.02,301.86,369.11
198,3,30,74,100,4451,4451,4451,92828,92828,92828,591,591,591,0.24,0.56,0.78,0.09,0.23,0.34,0.05,0.16,0.24,0.00,0.00,0.00,0.01,0.02,0.03,0.00,0.00,0.00,0.07,0.18,0.26,322329,560792,1297109,770446,1118985,1661348,0,0,0,0,0,0,0,345310,0,395.93,420.37,461.94
199,0,30,68,97,4540,4540,4540,92740,92740,92740,591,591,591,0.16,0.58,0.85,0.06,0.23,0.33,0.03,0.18,0.30,0.00,0.00,0.00,0.00,0.03,0.06,0.00,0.00,0.00,0.03,0.16,0.25,314480,392042,587018,571290,943945,1231715,0,0,0,0,0,0,0,327860,0,343.45,374.07,399.00
199,1,31,62,100,4457,4457,4457,92822,92822,92822,591,591,591,0.31,0.48,0.75,0.13,0.19,0.29,0.09,0.14,0.23,0.00,0.00,0.00,0.01,0.02,0.03,0.00,0.00,0.00,0.08,0.15,0.24,463670,559134,695251,1003673,1233069,1545974,0,0,0,0,0,0,0,311845,0,312.31,350.75,390.50
199,2,31,72,100,4558,4558,4558,92721,92721,92721,591,591,591,0.14,0.57,0.82,0.05,0.23,0.33,0.03,0.17,0.26,0.00,0.00,0.00,0.00,0.03,0.05,0.00,0.00,0.00,0.02,0.17,0.27,327507,531408,851552,780945,1095828,1297170,0,0,0,0,0,0,0,321252,0,271.32,339.56,408.62
199,3,25,56,97,4451,4451,4451,92828,92828,92828,591,591,591,0.16,0.46,0.92,0.06,0.17,0.33,0.03,0.13,0.33,0.00,0.00,0.00,0.00,0.03,0.07,0.00,0.00,0.00,0.03,0.11,0.19,322345,497252,687394,765194,1185480,1559293,0,0,0,0,0,0,0,226487,0,325.53,364.99,407.39
200,0,34,72,100,4540,4540,4540,92740,92740,92740,591,591,591,0.14,0.50,0.84,0.05,0.14,0.25,0.03,0.11,0.28,0.00,0.00,0.00,0.00,0.02,0.05,0.00,0.00,0.00,0.02,0.11,0.20,355356,727606,1472842,510388,1464080,2497542,0,0,0,0,0,0,0,343879,0,352.36,361.88,366.74
200,1,30,63,100,4457,4457,4457,92822,92822,92822,591,591,591,0.14,0.49,0.81,0.05,0.18,0.26,0.03,0.15,0.27,0.00,0.00,0.00,0.00,0.02,0.04,0.00,0.00,0.00,0.02,0.13,0.22,463865,628964,956549,1079739,1248099,1399459,0,0,0,0,0,0,0,327741,0,330.39,361.93,380.65
200,2,30,51,86,4558,4558,4558,92721,92721,92721,591,591,591,0.14,0.36,0.74,0.05,0.13,0.24,0.03,0.10,0.22,0.00,0.00,0.00,0.00,0.02,0.04,0.00,0.00,0.00,0.02,0.09,0.19,322326,584409,1339177,749524,1319500,2280009,0,0,0,0,0,0,0,232592,0,340.71,360.72,379.30
200,3,70,92,100,4451,4451,4451,92828,92828,92828,591,591,591,0.66,0.78,0.85,0.24,0.28,0.35,0.16,0.24,0.29,0.00,0.00,0.00,0.02,0.04,0.05,0.00,0.00,0.00,0.17,0.22,0.32,338088,497875,927597,466509,748819,1260380,0,0,0,0,0,0,0,328284,0,336.22,414.79,482.87
201,0,31,62,100,4540,4540,4540,92740,92740,92740,591,591,591,0.18,0.40,0.69,0.07,0.19,0.33,0.04,0.13,0.22,0.00,0.00,0.00,0.01,0.02,0.03,0.00,0.00,0.00,0.04,0.14,0.26,318890,593001,1047521,605644,1203886,1669357,0,0,0,0,0,0,0,247433,0,339.96,394.67,420.86
201,1,29,49,90,4457,4457,4457,92822,92822,92822,591,591,591,0.28,0.37,0.50,0.11,0.15,0.23,0.08,0.10,0.13,0.00,0.00,0.00,0.01,0.01,0.02,0.00,0.00,0.00,0.07,0.12,0.18,172963,758935,1907825,702337,1441874,2733327,0,0,0,0,0,0,0,271547,0,320.65,347.51,369.35
201,2,33,70,100,4558,4558,4558,92721,92721,92721,591,591,591,0.15,0.54,0.83,0.05,0.21,0.32,0.03,0.16,0.28,0.00,0.00,0.00,0.00,0.02,0.05,0.00,0.00,0.00,0.03,0.15,0.26,361645,508793,909364,594410,1060159,1918314,0,0,0,0,0,0,0,284088,0,346.40,406.19,455.06
201,3,30,65,100,4451,4451,4451,92828,92828,92828,591,591,591,0.13,0.45,0.81,0.05,0.17,0.29,0.03,0.13,0.23,0.00,0.00,0.00,0.00,0.02,0.03,0.00,0.00,0.00,0.02,0.13,0.24,146764,383117,712808,704736,1063950,1593336,0,0,0,0,0,0,0,341186,0,333.56,362.03,388.02
202,0,35,58,100,4540,4540,4540,92740,92740,92740,591,591,591,0.22,0.44,0.64,0.08,0.16,0.22,0.06,0.12,0.16,0.00,0.00,0.00,0.01,0.02,0.02,0.00,0.00,0.00,0.05,0.12,0.18,343292,415104,681332,956572,1188712,1572304,0,0,0,0,0,0,0,315439,0,319.50,331.84,341.86
202,1,31,70,100,4457,4457,4457,92822,92822,92822,591,591,591,0.20,0.54,0.79,0.09,0.21,0.31,0.03,0.15,0.25,0.00,0.00,0.00,0.01,0.02,0.04,0.00,0.00,0.00,0.06,0.17,0.29,455929,759042,1209048,1082308,1338040,1878218,0,0,0,0,0,0,0,300615,0,327.44,354.81,384.31
202,2,35,69,100,4558,4558,4558,92721,92721,92721,591,591,591,0.15,0.53,0.80,0.05,0.21,0.30,0.03,0.15,0.26,0.00,0.00,0.00,0.00,0.02,0.04,0.00,0.00,0.00,0.02,0.16,0.27,317082,390490,626342,605494,979096,1302468,0,0,0,0,0,0,0,287109,0,379.99,387.21,395.37
202,3,34,65,97,4451,4451,4451,92828,92828,92828,591,591,591,0.23,0.41,0.70,0.09,0.16,0.27,0.05,0.12,0.22,0.00,0.00,0.00,0.01,0.02,0.03,0.00,0.00,0.00,0.05,0.12,0.22,343317,841548,1237553,1176636,1560431,1969302,0,0,0,0,0,0,0,214183,0,324.66,340.46,368.52
203,0,34,58,70,4540,4540,4540,92740,92740,92740,591,591,591,0.29,0.43,0.67,0.11,0.19,0.27,0.07,0.14,0.21,0.00,0.00,0.00,0.01,0.02,0.03,0.00,0.00,0.00,0.07,0.14,0.22,211107,871348,1920924,704827,1580471,2458154,0,0,0,0,0,0,0,227014,0,337.37,355.51,384.14
203,1,30,69,100,4457,4457,4457,92822,92822,92822,591,591,591,0.14,0.49,0.82,0.05,0.18,0.30,0.03,0.15,0.27,0.00,0.00,0.00,0.00,0.02,0.04,0.00,0.00,0.00,0.02,0.13,0.21,2621,765631,1247084,807388,1357864,1660824,0,0,0,0,0,0,0,234213,0,360.90,382.34,398.97
203,2,33,63,100,4558,4558,4558,92721,92721,92721,591,591,591,0.14,0.56,0.81,0.05,0.22,0.32,0.03,0.17,0.26,0.00,0.00,0.00,0.00,0.03,0.04,0.00,0.00,0.00,0.03,0.16,0.24,308229,831258,1580294,973489,1391402,1996988,0,0,0,0,0,0,0,315555,0,366.23,382.35,392.40
203,3,37,68,100,4451,4451,4451,92828,92828,92828,591,591,591,0.16,0.51,0.80,0.06,0.20,0.32,0.03,0.15,0.26,0.00,0.00,0.00,0.00,0.02,0.05,0.00,0.00,0.00,0.03,0.15,0.24,332821,535290,851652,999380,1194597,1367976,0,0,0,0,0,0,0,283271,0,335.30,358.05,388.15
204,0,33,67,100,4540,4540,4540,92740,92740,92740,591,591,591,0.17,0.51,0.80,0.07,0.20,0.32,0.03,0.15,0.21,0.00,0.00,0.00,0.00,0.02,0.03,0.00,0.00,0.00,0.04,0.15,0.29,320509,474911,974316,754944,1071611,1356709,0,0,0,0,0,0,0,335624,0,342.54,370.59,383.26
204,1,29,71,100,4457,4457,4457,92822,92822,92822,591,591,591,0.13,0.56,0.78,0.05,0.23,0.32,0.03,0.16,0.21,0.00,0.00,0.00,0.00,0.02,0.03,0.00,0.00,0.00,0.02,0.18,0.26,450743,618113,941741,1003735,1183612,1361070,0,0,0,0,0,0,0,306543,0,366.15,395.71,414.24
204,2,32,80,100,4558,4558,4558,92721,92721,92721,591,591,591,0.14,0.59,0.81,0.05,0.23,0.32,0.03,0.18,0.27,0.00,0.00,0.00,0.00,0.03,0.04,0.00,0.00,0.00,0.02,0.17,0.29,324967,708952,2206751,537520,1174137,2529115,0,0,0,0,0,0,0,308189,0,372.87,405.68,451.36
204,3,35,75,100,4451,4451,4451,92828,92828,92828,591,591,591,0.17,0.54,0.79,0.06,0.21,0.30,0.03,0.16,0.23,0.00,0.00,0.00,0.00,0.02,0.03,0.00,0.00,0.00,0.04,0.17,0.24,149380,523745,1147716,745895,1109887,1716333,0,0,0,0,0,0,0,341383,0,376.49,392.99,415.89
205,0,70,87,100,4540,4540,4540,92740,92740,92740,591,591,591,0.20,0.59,0.80,0.08,0.25,0.33,0.03,0.19,0.26,0.00,0.00,0.00,0.01,0.03,0.05,0.00,0.00,0.00,0.05,0.18,0.26,330202,514275,788729,725905,1029218,1302466,0,0,0,0,0,0,0,382502,0,378.92,389.71,401.93
205,1,30,47,96,4455,4456,4457,92822,92822,92824,591,591,591,0.14,0.36,0.91,0.05,0.14,0.32,0.03,0.10,0.32,0.00,0.00,0.00,0.00,0.02,0.07,0.00,0.00,0.00,0.02,0.08,0.17,476964,613232,995841,657775,1356192,1881616,0,0,0,0,0,0,0,220058,0,321.97,371.18,401.08
205,2,33,74,100,4558,4558,4558,92721,92721,92721,591,591,591,0.19,0.62,0.84,0.08,0.21,0.27,0.03,0.18,0.28,0.00,0.00,0.00,0.00,0.03,0.05,0.00,0.00,0.00,0.06,0.16,0.21,324966,400305,539867,503121,860236,1229108,0,0,0,0,0,0,0,285216,0,338.17,351.22,375.93
205,3,35,57,96,4451,4451,4451,92828,92828,92828,591,591,591,0.15,0.48,0.86,0.06,0.19,0.31,0.03,0.15,0.31,0.00,0.00,0.00,0.00,0.02,0.06,0.00,0.00,0.00,0.03,0.12,0.18,364267,485475,647297,757379,1162257,1527831,0,0,0,0,0,0,0,260041,0,347.78,366.28,407.71
206,0,29,72,100,4540,4540,4540,92740,92740,92740,591,591,591,0.15,0.55,0.84,0.06,0.17,0.26,0.03,0.15,0.28,0.00,0.00,0.00,0.00,0.03,0.05,0.00,0.00,0.00,0.03,0.12,0.20,324960,638915,1572418,503175,1268918,2274766,0,0,0,0,0,0,0,367478,0,355.14,374.13,400.38
206,1,61,89,100,4455,4455,4455,92824,92824,92824,591,591,591,0.30,0.70,0.85,0.12,0.24,0.33,0.09,0.21,0.28,0.00,0.00,0.00,0.01,0.04,0.05,0.00,0.00,0.00,0.07,0.18,0.27,228000,569715,1021978,560829,922980,1388959,0,0,0,0,0,0,0,366943,0,329.10,398.56,455.79
206,2,32,79,100,4558,4558,4558,92721,92721,92721,591,591,591,0.18,0.56,0.79,0.07,0.22,0.30,0.03,0.16,0.26,0.00,0.00,0.00,0.01,0.02,0.04,0.00,0.00,0.00,0.05,0.18,0.28,318323,632431,1700858,690557,1149796,2269558,0,0,0,0,0,0,0,281741,0,377.02,403.77,452.32
206,3,34,75,100,4451,4451,4451,92828,92828,92828,591,591,591,0.15,0.61,0.84,0.06,0.22,0.31,0.03,0.17,0.27,0.00,0.00,0.00,0.00,0.03,0.05,0.00,0.00,0.00,0.03,0.17,0.25,330629,406706,613584,486973,916691,1360155,0,0,0,0,0,0,0,381193,0,314.78,371.57,450.34
207,0,0,46,77,4540,4540,4540,92740,92740,92740,591,591,591,0.06,0.31,0.60,0.02,0.14,0.28,0.02,0.10,0.19,0.00,0.00,0.00,0.00,0.01,0.02,0.00,0.00,0.00,0.01,0.11,0.24,306603,413629,592268,403277,860997,1483291,0,0,0,0,0,0,0,257578,0,296.94,344.65,400.33
207,1,29,55,94,4455,4455,4455,92824,92824,92824,591,591,591,0.13,0.45,0.87,0.05,0.18,0.35,0.03,0.13,0.28,0.00,0.00,0.00,0.00,0.02,0.05,0.00,0.00,0.00,0.02,0.13,0.22,453383,985328,2403010,862234,1628426,3233713,0,0,0,0,0,0,0,246560,0,345.54,390.56,431.22
207,2,31,56,94,4556,4557,4558,92721,92721,92723,591,591,591,0.13,0.41,0.78,0.05,0.17,0.33,0.03,0.12,0.27,0.00,0.00,0.00,0.00,0.02,0.06,0.00,0.00,0.00,0.02,0.10,0.22,309237,529376,1035156,584410,1185073,1577668,0,0,0,0,0,0,0,225244,0,321.71,389.24,436.86
207,3,33,59,100,4451,4451,4451,92828,92828,92828,591,591,591,0.21,0.47,0.77,0.09,0.18,0.31,0.03,0.14,0.25,0.00,0.00,0.00,0.01,0.02,0.04,0.00,0.00,0.00,0.06,0.13,0.25,330197,431352,749610,749515,1093261,1304550,0,0,0,0,0,0,0,335330,0,335.34,383.23,437.87
208,0,32,53,100,4540,4540,4540,92740,92740,92740,591,591,591,0.14,0.43,0.75,0.06,0.19,0.27,0.03,0.14,0.24,0.00,0.00,0.00,0.00,0.02,0.03,0.00,0.00,0.00,0.04,0.15,0.23,319765,389930,620972,809897,991602,1197419,0,0,0,0,0,0,0,325351,0,290.32,340.76,377.41
208,1,31,75,100,4455,4455,4455,92824,92824,92824,591,591,591,0.28,0.59,0.83,0.11,0.21,0.28,0.08,0.17,0.28,0.00,0.00,0.00,0.01,0.03,0.05,0.00,0.00,0.00,0.06,0.16,0.22,432334,724470,1102303,856808,1176597,1626590,0,0,0,0,0,0,0,322995,0,341.04,380.18,418.86
208,2,38,87,100,4556,4556,4556,92723,92723,92723,591,591,591,0.31,0.71,0.85,0.13,0.24,0.34,0.10,0.21,0.29,0.00,0.00,0.00,0.01,0.04,0.05,0.00,0.00,0.00,0.08,0.18,0.28,317084,424013,605407,634198,744252,961786,0,0,0,0,0,0,0,386014,0,318.87,386.74,455.14
208,3,30,72,100,4451,4451,4451,92828,92828,92828,591,591,591,0.29,0.47,0.69,0.12,0.19,0.30,0.09,0.14,0.21,0.00,0.00,0.00,0.01,0.02,0.03,0.00,0.00,0.00,0.07,0.15,0.22,296119,535656,1032538,896226,1214918,1543565,0,0,0,0,0,0,0,219606,0,334.45,361.46,389.22
209,0,38,79,100,4540,4540,4540,92740,92740,92740,591,591,591,0.32,0.52,0.81,0.05,0.17,0.28,0.03,0.13,0.26,0.00,0.00,0.00,0.00,0.02,0.04,0.00,0.00,0.00,0.02,0.13,0.23,322348,549808,911978,828064,1233795,1650996,0,0,0,0,0,0,0,305290,0,339.71,366.70,391.43
209,1,31,62,100,4455,4455,4455,92824,92824,92824,591,591,591,0.13,0.42,0.67,0.05,0.17,0.27,0.03,0.12,0.23,0.00,0.00,0.00,0.00,0.02,0.04,0.00,0.00,0.00,0.02,0.12,0.24,193931,692806,1081840,566069,1395062,2024848,0,0,0,0,0,0,0,221475,0,333.17,376.11,415.79
209,2,39,62,80,4556,4556,4556,92723,92723,92723,591,591,591,0.29,0.41,0.59,0.11,0.17,0.24,0.07,0.12,0.16,0.00,0.00,0.00,0.01,0.02,0.02,0.00,0.00,0.00,0.08,0.13,0.23,212667,576325,1459575,805036,1224862,2329555,0,0,0,0,0,0,0,278121,0,338.37,372.51,420.62
209,3,0,33,100,4451,4451,4451,92828,92828,92828,591,591,591,0.00,0.27,0.60,0.00,0.10,0.22,0.00,0.08,0.20,0.00,0.00,0.00,0.00,0.01,0.04,0.00,0.00,0.00,0.00,0.07,0.18,330208,394023,615865,631589,907844,1058763,0,0,0,0,0,0,0,175386,0,255.42,305.12,367.74
211,0,32,68,100,4540,4540,4540,92740,92740,92740,591,591,591,0.14,0.52,0.89,0.05,0.20,0.32,0.03,0.15,0.32,0.00,0.00,0.00,0.00,0.03,0.06,0.00,0.00,0.00,0.02,0.14,0.24,317110,405985,704978,482126,973403,1580264,0,0,0,0,0,0,0,581831,0,314.83,371.66,415.77
211,1,28,69,100,4455,4455,4455,92824,92824,92824,591,591,591,0.18,0.56,0.82,0.07,0.21,0.30,0.03,0.17,0.27,0.00,0.00,0.00,0.01,0.03,0.04,0.00,0.00,0.00,0.05,0.17,0.25,0,719176,1294625,490928,1253088,2068497,0,0,0,0,0,0,0,686290,0,339.49,374.19,407.43
211,2,28,65,100,4556,4556,4556,92723,92723,92723,591,591,591,0.12,0.52,0.90,0.04,0.19,0.32,0.02,0.16,0.32,0.00,0.00,0.00,0.00,0.03,0.07,0.00,0.00,0.00,0.02,0.13,0.25,309788,454722,862217,432414,1013307,1664158,0,0,0,0,0,0,0,700295,0,315.62,352.00,399.31
211,3,33,79,100,4451,4451,4451,92828,92828,92828,591,591,591,0.15,0.63,0.91,0.05,0.23,0.35,0.03,0.19,0.32,0.00,0.00,0.00,0.00,0.03,0.07,0.00,0.00,0.00,0.02,0.17,0.30,262122,674096,1774385,487296,1135326,2049586,0,0,0,0,0,0,0,775644,0,326.47,382.63,462.75
212,0,30,58,100,4540,4540,4540,92740,92740,92740,591,591,591,0.15,0.35,0.55,0.06,0.14,0.21,0.03,0.11,0.17,0.00,0.00,0.00,0.00,0.01,0.02,0.00,0.00,0.00,0.03,0.09,0.17,235860,572580,1200141,929466,1302841,2093696,0,0,0,0,0,0,0,285721,0,321.08,338.00,360.41
212,1,35,55,83,4455,4455,4455,92824,92824,92824,591,591,591,0.15,0.44,0.74,0.06,0.17,0.30,0.03,0.12,0.23,0.00,0.00,0.00,0.00,0.02,0.04,0.00,0.00,0.00,0.03,0.11,0.19,41943,577800,1286717,909353,1282719,1949730,0,0,0,0,0,0,0,330087,0,369.89,382.58,392.92
212,2,34,61,100,4556,4556,4556,92723,92723,92723,591,591,591,0.19,0.48,0.83,0.08,0.19,0.32,0.03,0.13,0.23,0.00,0.00,0.00,0.01,0.02,0.03,0.00,0.00,0.00,0.05,0.14,0.26,327590,647314,1247461,600094,1230425,1637948,0,0,0,0,0,0,0,189138,0,381.03,434.26,483.31
212,3,36,56,78,4451,4451,4451,92828,92828,92828,591,591,591,0.15,0.44,0.76,0.06,0.17,0.31,0.03,0.13,0.25,0.00,0.00,0.00,0.00,0.02,0.04,0.00,0.00,0.00,0.03,0.11,0.20,328419,444318,576590,922544,1144364,1491302,0,0,0,0,0,0,0,272933,0,365.95,417.91,493.84
213,0,35,77,96,4540,4540,4540,92740,92740,92740,591,591,591,0.16,0.57,0.90,0.06,0.22,0.34,0.03,0.17,0.29,0.00,0.00,0.00,0.00,0.03,0.06,0.00,0.00,0.00,0.03,0.16,0.28,340685,607995,961783,560808,1214417,2025772,0,0,0,0,0,0,0,279554,0,350.65,385.93,406.64
213,1,27,74,100,4455,4455,4455,92824,92824,92824,591,591,591,0.29,0.55,0.81,0.12,0.21,0.32,0.09,0.16,0.27,0.00,0.00,0.00,0.01,0.02,0.04,0.00,0.00,0.00,0.07,0.17,0.29,338047,630031,859581,840675,1162376,1614259,0,0,0,0,0,0,0,258247,0,372.42,390.46,420.07
213,2,28,68,100,4556,4556,4556,92723,92723,92723,591,591,591,0.13,0.58,0.88,0.05,0.22,0.34,0.03,0.18,0.29,0.00,0.00,0.00,0.00,0.03,0.06,0.00,0.00,0.00,0.02,0.16,0.28,219709,967375,2540167,594215,1455384,2982382,0,0,0,0,0,0,0,303497,0,381.39,405.09,437.37
213,3,34,62,100,4451,4451,4451,92828,92828,92828,591,591,591,0.32,0.48,0.81,0.12,0.19,0.27,0.09,0.14,0.26,0.00,0.00,0.00,0.01,0.02,0.04,0.00,0.00,0.00,0.07,0.14,0.22,343300,447458,630863,882499,1039209,1255371,0,0,0,0,0,0,0,270564,0,346.69,374.84,407.71
214,0,36,83,100,4536,4536,4536,92744,92744,92744,591,591,591,0.24,0.70,0.85,0.11,0.24,0.35,0.03,0.20,0.29,0.00,0.00,0.00,0.01,0.03,0.05,0.00,0.00,0.00,0.08,0.19,0.29,345879,420079,697059,458474,846526,1368519,0,0,0,0,0,0,0,398815,0,344.60,377.75,449.31
214,1,34,56,80,4455,4455,4455,92824,92824,92824,591,591,591,0.27,0.44,0.55,0.11,0.17,0.25,0.09,0.13,0.16,0.00,0.00,0.00,0.01,0.02,0.02,0.00,0.00,0.00,0.06,0.13,0.20,330209,445845,602751,885800,1152351,1373225,0,0,0,0,0,0,0,301063,0,334.40,347.77,375.38
214,2,30,80,100,4556,4556,4556,92723,92723,92723,591,591,591,0.14,0.62,0.86,0.05,0.20,0.28,0.03,0.18,0.28,0.00,0.00,0.00,0.00,0.03,0.05,0.00,0.00,0.00,0.02,0.15,0.21,458619,608495,1137347,594881,1068678,1423032,0,0,0,0,0,0,0,364065,0,314.97,348.76,418.17
214,3,32,66,93,4451,4451,4451,92828,92828,92828,591,591,591,0.20,0.45,0.76,0.08,0.18,0.29,0.03,0.12,0.22,0.00,0.00,0.00,0.01,0.02,0.03,0.00,0.00,0.00,0.05,0.14,0.24,117920,557568,1230979,581741,1244672,1610749,0,0,0,0,0,0,0,185554,0,318.41,347.84,381.61
215,0,31,71,100,4536,4536,4536,92744,92744,92744,591,591,591,0.16,0.56,0.81,0.06,0.22,0.31,0.03,0.16,0.22,0.00,0.00,0.00,0.00,0.03,0.04,0.00,0.00,0.00,0.03,0.17,0.26,234113,408425,584177,796666,988737,1529863,0,0,0,0,0,0,0,370290,0,383.06,404.53,460.19
215,1,33,70,100,4455,4455,4455,92824,92824,92824,591,591,591,0.32,0.53,0.78,0.12,0.22,0.29,0.08,0.16,0.22,0.00,0.00,0.00,0.01,0.02,0.03,0.00,0.00,0.00,0.08,0.16,0.24,314353,440752,631523,725632,1055214,1255180,0,0,0,0,0,0,0,261484,0,352.61,380.51,410.71
215,2,28,59,100,4556,4556,4556,92723,92723,92723,591,591,591,0.24,0.47,0.57,0.09,0.20,0.26,0.07,0.13,0.18,0.00,0.00,0.00,0.01,0.02,0.03,0.00,0.00,0.00,0.05,0.15,0.20,479652,924038,2193479,857084,1482758,2903674,0,0,0,0,0,0,0,273239,0,359.95,408.96,459.23
215,3,31,76,100,4451,4451,4451,92828,92828,92828,591,591,591,0.15,0.57,0.77,0.06,0.21,0.30,0.03,0.17,0.24,0.00,0.00,0.00,0.00,0.03,0.04,0.00,0.00,0.00,0.03,0.16,0.25,351151,570068,767791,794021,1148592,1674467,0,0,0,0,0,0,0,307902,0,359.47,379.79,410.38
216,0,31,68,100,4536,4536,4536,92744,92744,92744,591,591,591,0.15,0.53,0.82,0.05,0.19,0.30,0.03,0.15,0.27,0.00,0.00,0.00,0.00,0.02,0.04,0.00,0.00,0.00,0.02,0.14,0.24,345914,955673,2238147,550488,1549350,3236664,0,0,0,0,0,0,0,236124,0,365.88,376.35,386.33
216,1,28,56,98,4455,4455,4455,92824,92824,92824,591,591,591,0.18,0.38,0.73,0.07,0.15,0.28,0.05,0.10,0.22,0.00,0.00,0.00,0.01,0.01,0.03,0.00,0.00,0.00,0.04,0.12,0.23,41930,435017,870050,875308,1140494,1656240,0,0,0,0,0,0,0,276787,0,332.12,354.67,386.29
216,2,28,59,100,4556,4556,4556,92723,92723,92723,591,591,591,0.13,0.38,0.77,0.05,0.15,0.28,0.03,0.11,0.23,0.00,0.00,0.00,0.00,0.02,0.03,0.00,0.00,0.00,0.02,0.11,0.23,324898,552853,1040409,629058,1238622,1879026,0,0,0,0,0,0,0,305531,0,321.22,354.47,384.45
216,3,31,73,100,4451,4451,4451,92828,92828,92828,591,591,591,0.27,0.61,0.82,0.11,0.24,0.34,0.07,0.19,0.26,0.00,0.00,0.00,0.01,0.03,0.05,0.00,0.00,0.00,0.07,0.17,0.22,364281,514735,681324,665664,1033363,1297136,0,0,0,0,0,0,0,319379,0,338.22,377.45,407.40
217,0,37,52,75,4536,4536,4536,92744,92744,92744,591,591,591,0.19,0.38,0.65,0.07,0.15,0.25,0.04,0.11,0.21,0.00,0.00,0.00,0.01,0.01,0.02,0.00,0.00,0.00,0.04,0.12,0.20,319672,423486,581757,820286,1126850,1273707,0,0,0,0,0,0,0,245348,0,312.67,351.09,378.16
217,1,39,56,79,4455,4455,4455,92824,92824,92824,591,591,591,0.29,0.40,0.64,0.11,0.16,0.26,0.08,0.12,0.18,0.00,0.00,0.00,0.01,0.02,0.02,0.00,0.00,0.00,0.08,0.12,0.24,356392,372579,397980,893602,1087817,1351040,0,0,0,0,0,0,0,275029,0,296.17,326.38,345.73
217,2,40,69,100,4556,4556,4556,92723,92723,92723,591,591,591,0.27,0.46,0.70,0.11,0.18,0.30,0.08,0.14,0.24,0.00,0.00,0.00,0.01,0.02,0.04,0.00,0.00,0.00,0.08,0.13,0.22,448142,756847,1229063,1032542,1356457,1771601,0,0,0,0,0,0,0,275684,0,315.95,351.78,404.43
217,3,35,64,100,4447,4447,4451,92828,92831,92832,591,591,591,0.16,0.49,0.85,0.06,0.16,0.25,0.03,0.14,0.28,0.00,0.00,0.00,0.00,0.02,0.05,0.00,0.00,0.00,0.03,0.12,0.20,0,515224,1040411,461234,1154142,1894754,0,0,0,0,0,0,0,307599,0,330.48,347.03,364.81
218,0,27,47,90,4536,4536,4536,92744,92744,92744,591,591,591,0.16,0.36,0.71,0.08,0.17,0.31,0.06,0.13,0.24,0.00,0.00,0.00,0.01,0.02,0.04,0.00,0.00,0.00,0.05,0.12,0.21,149381,342642,466455,828152,974870,1215968,0,0,0,0,0,0,0,282095,0,314.52,329.17,358.11
218,1,33,54,100,4455,4455,4455,92824,92824,92824,591,591,591,0.28,0.43,0.72,0.12,0.17,0.27,0.10,0.13,0.21,0.00,0.00,0.00,0.01,0.02,0.03,0.00,0.00,0.00,0.08,0.12,0.22,319744,559468,909181,982821,1215929,1336545,0,0,0,0,0,0,0,265231,0,332.99,350.55,376.69
218,2,29,65,100,4556,4556,4556,92723,92723,92723,591,591,591,0.14,0.51,0.82,0.05,0.18,0.29,0.03,0.15,0.27,0.00,0.00,0.00,0.00,0.02,0.04,0.00,0.00,0.00,0.02,0.14,0.23,455968,1021287,1444006,1323421,1607618,2290493,0,0,0,0,0,0,0,276284,0,304.86,335.86,360.41
218,3,50,76,100,4447,4447,4447,92832,92832,92832,591,591,591,0.26,0.56,0.85,0.10,0.21,0.29,0.08,0.15,0.24,0.00,0.00,0.00,0.01,0.02,0.04,0.00,0.00,0.00,0.06,0.17,0.23,353697,419913,544996,602595,954477,1304848,0,0,0,0,0,0,0,294485,0,412.14,430.42,459.90
219,0,36,84,100,4536,4536,4536,92744,92744,92744,591,591,591,0.51,0.72,0.83,0.06,0.24,0.34,0.03,0.18,0.28,0.00,0.00,0.00,0.00,0.03,0.05,0.00,0.00,0.00,0.03,0.18,0.27,337933,603711,1055690,644529,1122977,2098282,0,0,0,0,0,0,0,393129,0,307.40,381.49,463.15
219,1,33,58,72,4455,4455,4455,92824,92824,92824,591,591,591,0.16,0.42,0.62,0.06,0.17,0.24,0.03,0.12,0.20,0.00,0.00,0.00,0.00,0.02,0.03,0.00,0.00,0.00,0.03,0.14,0.26,343311,587318,1173180,760002,1321456,2029749,0,0,0,0,0,0,0,303042,0,319.57,343.28,362.49
219,2,30,56,94,4556,4556,4556,92723,92723,92723,591,591,591,0.16,0.45,0.88,0.06,0.18,0.32,0.04,0.14,0.31,0.00,0.00,0.00,0.00,0.02,0.06,0.00,0.00,0.00,0.03,0.13,0.19,322413,587051,1189793,673513,1155147,1789932,0,0,0,0,0,0,0,275020,0,340.83,381.48,409.91
219,3,32,55,100,4447,4447,4447,92832,92832,92832,591,591,591,0.21,0.45,0.72,0.08,0.18,0.28,0.06,0.13,0.19,0.00,0.00,0.00,0.01,0.02,0.03,0.00,0.00,0.00,0.04,0.14,0.26,330186,624118,1114946,843859,1277802,1681951,0,0,0,0,0,0,0,282344,0,329.19,353.27,386.50
220,0,29,59,100,4530,4531,4536,92744,92748,92750,591,591,591,0.15,0.40,0.85,0.06,0.16,0.25,0.03,0.13,0.28,0.00,0.00,0.00,0.00,0.02,0.05,0.00,0.00,0.00,0.03,0.11,0.19,325456,482696,663030,471683,1173391,1544444,0,0,0,0,0,0,0,308620,0,337.47,372.41,453.04
220,1,17,36,63,4455,4455,4455,92824,92824,92824,591,591,591,0.00,0.21,0.34,0.00,0.09,0.15,0.00,0.06,0.10,0.00,0.00,0.00,0.00,0.01,0.01,0.00,0.00,0.00,0.00,0.07,0.14,330208,421940,665714,681346,931402,1268439,0,0,0,0,0,0,0,204168,0,243.75,302.00,342.59
220,2,32,81,100,4556,4556,4556,92723,92723,92723,591,591,591,0.15,0.62,0.83,0.06,0.22,0.32,0.03,0.18,0.28,0.00,0.00,0.00,0.00,0.03,0.05,0.00,0.00,0.00,0.04,0.18,0.29,443351,683930,1024654,644694,1123623,1838857,0,0,0,0,0,0,0,375412,0,314.03,360.85,428.62
220,3,40,73,99,4447,4447,4447,92832,92832,92832,591,591,591,0.33,0.59,0.89,0.14,0.23,0.32,0.08,0.18,0.31,0.00,0.00,0.00,0.01,0.03,0.06,0.00,0.00,0.00,0.09,0.16,0.22,303953,526750,1116441,691857,1114289,2023222,0,0,0,0,0,0,0,254366,0,345.40,368.18,401.80
221,0,32,77,100,4530,4530,4530,92750,92750,92750,591,591,591,0.14,0.61,0.86,0.05,0.22,0.30,0.03,0.18,0.29,0.00,0.00,0.00,0.00,0.03,0.05,0.00,0.00,0.00,0.02,0.17,0.24,314477,1039533,2764783,615658,1512111,3391117,0,0,0,0,0,0,0,250218,0,395.64,423.19,468.63
221,1,30,65,95,4455,4455,4455,92824,92824,92824,591,591,591,0.30,0.52,0.71,0.12,0.21,0.28,0.09,0.16,0.23,0.00,0.00,0.00,0.01,0.02,0.04,0.00,0.00,0.00,0.07,0.16,0.23,353789,480606,623716,917231,1073861,1197163,0,0,0,0,0,0,0,278177,0,268.31,314.52,385.19
221,2,28,49,96,4554,4555,4556,92723,92723,92725,591,591,591,0.13,0.40,0.88,0.05,0.16,0.35,0.03,0.11,0.27,0.00,0.00,0.00,0.00,0.02,0.06,0.00,0.00,0.00,0.02,0.10,0.21,458178,736311,1564474,741675,1424833,2450224,0,0,0,0,0,0,0,257577,0,313.03,395.41,492.35
221,3,33,66,100,4447,4447,4447,92832,92832,92832,591,591,591,0.14,0.46,0.84,0.05,0.15,0.25,0.03,0.13,0.28,0.00,0.00,0.00,0.00,0.02,0.05,0.00,0.00,0.00,0.02,0.11,0.19,330201,438673,833320,482201,1113704,1364865,0,0,0,0,0,0,0,296406,0,328.93,340.49,354.97
222,0,32,62,99,4530,4530,4530,92750,92750,92750,591,591,591,0.17,0.48,0.76,0.07,0.19,0.27,0.03,0.14,0.24,0.00,0.00,0.00,0.01,0.02,0.03,0.00,0.00,0.00,0.04,0.15,0.22,322354,489399,872623,849068,1084478,1346931,0,0,0,0,0,0,0,279181,0,334.05,358.70,384.87
222,1,31,65,100,4455,4455,4455,92824,92824,92824,591,591,591,0.13,0.51,0.84,0.05,0.17,0.28,0.03,0.15,0.28,0.00,0.00,0.00,0.00,0.02,0.05,0.00,0.00,0.00,0.02,0.13,0.22,322255,419291,605374,458615,999765,1406233,0,0,0,0,0,0,0,296698,0,342.68,353.52,370.35
222,2,85,96,100,4554,4554,4554,92725,92725,92725,591,591,591,0.60,0.78,0.85,0.22,0.27,0.32,0.21,0.25,0.29,0.00,0.00,0.00,0.04,0.04,0.05,0.00,0.00,0.00,0.13,0.19,0.24,309151,1132735,3282924,504773,1391783,3627143,0,0,0,0,0,0,0,387257,0,307.31,411.76,478.68
222,3,32,68,100,4447,4447,4447,92832,92832,92832,591,591,591,0.31,0.60,0.85,0.12,0.23,0.32,0.10,0.17,0.27,0.00,0.00,0.00,0.01,0.03,0.05,0.00,0.00,0.00,0.07,0.18,0.25,330153,492610,767865,476888,977673,1202057,0,0,0,0,0,0,0,302153,0,377.06,413.75,461.85
223,0,31,64,100,4530,4530,4530,92750,92750,92750,591,591,591,0.25,0.42,0.78,0.10,0.16,0.28,0.05,0.13,0.24,0.00,0.00,0.00,0.01,0.02,0.03,0.00,0.00,0.00,0.07,0.12,0.24,351169,490579,775717,830736,1206009,1700812,0,0,0,0,0,0,0,282447,0,317.08,333.27,355.09
223,1,30,61,84,4455,4455,4455,92824,92824,92824,591,591,591,0.14,0.46,0.87,0.05,0.19,0.35,0.03,0.12,0.31,0.00,0.00,0.00,0.00,0.02,0.06,0.00,0.00,0.00,0.02,0.13,0.27,324943,443938,636813,542494,1116395,1561918,0,0,0,0,0,0,0,258217,0,340.36,416.40,487.65
223,2,29,63,100,4554,4554,4554,92725,92725,92725,591,591,591,0.13,0.49,0.83,0.05,0.16,0.25,0.03,0.14,0.28,0.00,0.00,0.00,0.00,0.02,0.05,0.00,0.00,0.00,0.02,0.12,0.20,487233,625239,1103310,636546,1190765,1889518,0,0,0,0,0,0,0,314040,0,328.20,357.21,403.86
223,3,30,55,90,4447,4447,4447,92832,92832,92832,591,591,591,0.27,0.40,0.53,0.10,0.16,0.21,0.08,0.12,0.16,0.00,0.00,0.00,0.01,0.02,0.02,0.00,0.00,0.00,0.07,0.12,0.19,149369,508346,1207963,932986,1220049,1842078,0,0,0,0,0,0,0,293562,0,334.28,345.00,370.18
224,0,29,54,93,4530,4530,4530,92750,92750,92750,591,591,591,0.14,0.36,0.52,0.11,0.17,0.23,0.09,0.12,0.16,0.00,0.00,0.00,0.01,0.02,0.02,0.00,0.00,0.00,0.08,0.12,0.17,223628,745763,1527867,809775,1365526,2379593,0,0,0,0,0,0,0,256006,0,311.31,342.58,366.95
224,1,90,96,100,4455,4455,4455,92824,92824,92824,591,591,591,0.75,0.83,0.90,0.25,0.29,0.34,0.18,0.26,0.32,0.00,0.00,0.00,0.03,0.05,0.07,0.00,0.00,0.00,0.18,0.22,0.29,242817,450525,699700,511026,655143,838592,0,0,0,0,0,0,0,441207,0,351.38,411.20,500.11
224,2,34,61,100,4554,4554,4554,92725,92725,92725,591,591,591,0.17,0.36,0.67,0.07,0.15,0.31,0.05,0.09,0.14,0.00,0.00,0.00,0.01,0.01,0.02,0.00,0.00,0.00,0.04,0.12,0.28,456009,978149,1944535,885675,1597274,2607564,0,0,0,0,0,0,0,169299,0,341.73,389.78,418.41
224,3,34,55,95,4447,4447,4447,92832,92832,92832,591,591,591,0.15,0.43,0.88,0.05,0.17,0.35,0.03,0.12,0.28,0.00,0.00,0.00,0.00,0.02,0.06,0.00,0.00,0.00,0.02,0.11,0.21,332784,415363,558194,704967,1191042,1394025,0,0,0,0,0,0,0,250840,0,311.69,342.38,379.33
225,0,29,72,100,4530,4530,4530,92750,92750,92750,591,591,591,0.32,0.56,0.81,0.05,0.20,0.31,0.03,0.15,0.27,0.00,0.00,0.00,0.00,0.02,0.04,0.00,0.00,0.00,0.03,0.16,0.28,322212,452743,867462,717818,1016140,1249554,0,0,0,0,0,0,0,315178,0,308.02,357.75,379.18
225,1,32,55,100,4451,4452,4455,92824,92826,92828,591,591,591,0.15,0.41,0.85,0.05,0.14,0.25,0.03,0.11,0.28,0.00,0.00,0.00,0.00,0.02,0.05,0.00,0.00,0.00,0.02,0.10,0.20,322278,518563,925109,435025,1204335,1905254,0,0,0,0,0,0,0,299172,0,325.23,366.64,455.79
225,2,30,62,96,4554,4554,4554,92725,92725,92725,591,591,591,0.14,0.45,0.91,0.05,0.17,0.32,0.03,0.14,0.32,0.00,0.00,0.00,0.00,0.02,0.07,0.00,0.00,0.00,0.02,0.11,0.22,458617,656212,1402023,804547,1265263,1543536,0,0,0,0,0,0,0,252882,0,312.29,336.59,363.84
225,3,37,81,100,4447,4447,4447,92832,92832,92832,591,591,591,0.17,0.62,0.84,0.07,0.22,0.32,0.05,0.19,0.28,0.00,0.00,0.00,0.01,0.03,0.05,0.00,0.00,0.00,0.04,0.17,0.26,366890,640095,1121628,665643,1038245,1821335,0,0,0,0,0,0,0,303063,0,354.24,385.75,410.88
226,0,32,65,100,4530,4530,4530,92750,92750,92750,591,591,591,0.20,0.49,0.78,0.08,0.18,0.27,0.03,0.14,0.25,0.00,0.00,0.00,0.01,0.02,0.03,0.00,0.00,0.00,0.05,0.13,0.23,324953,486534,877838,915606,1189206,1426655,0,0,0,0,0,0,0,282838,0,323.75,369.68,415.60
226,1,32,82,100,4451,4451,4451,92828,92828,92828,591,591,591,0.14,0.68,0.86,0.05,0.25,0.35,0.03,0.21,0.29,0.00,0.00,0.00,0.00,0.04,0.06,0.00,0.00,0.00,0.02,0.17,0.27,335455,517794,770300,681279,897255,1265821,0,0,0,0,0,0,0,308692,0,375.87,451.55,504.47
226,2,32,77,100,4554,4554,4554,92725,92725,92725,591,591,591,0.22,0.69,0.85,0.10,0.24,0.34,0.03,0.20,0.29,0.00,0.00,0.00,0.01,0.03,0.05,0.00,0.00,0.00,0.07,0.18,0.28,457218,641714,935600,599899,1040457,1858097,0,0,0,0,0,0,0,398437,0,316.38,378.73,477.46
226,3,30,63,100,4447,4447,4447,92832,92832,92832,591,591,591,0.14,0.50,0.81,0.05,0.19,0.29,0.03,0.15,0.24,0.00,0.00,0.00,0.00,0.02,0.03,0.00,0.00,0.00,0.02,0.14,0.24,344163,361266,385128,723281,960756,1312581,0,0,0,0,0,0,0,320420,0,299.84,344.85,380.19
227,0,32,55,95,4530,4530,4530,92750,92750,92750,591,591,591,0.25,0.37,0.61,0.10,0.16,0.23,0.07,0.11,0.17,0.00,0.00,0.00,0.01,0.01,0.02,0.00,0.00,0.00,0.06,0.12,0.19,335414,611653,1436196,833372,1321818,2185744,0,0,0,0,0,0,0,247870,0,314.45,342.28,370.72
227,1,25,68,100,4447,4447,4447,92832,92832,92832,591,591,591,0.15,0.56,0.84,0.05,0.19,0.26,0.03,0.17,0.28,0.00,0.00,0.00,0.00,0.03,0.05,0.00,0.00,0.00,0.02,0.14,0.20,317100,377356,500557,463761,879471,1312981,0,0,0,0,0,0,0,380049,0,317.18,349.79,398.53
227,2,30,61,100,4554,4554,4554,92725,92725,92725,591,591,591,0.13,0.43,0.76,0.05,0.17,0.32,0.03,0.12,0.25,0.00,0.00,0.00,0.00,0.02,0.04,0.00,0.00,0.00,0.02,0.11,0.21,288277,651502,1129518,820283,1303006,1871174,0,0,0,0,0,0,0,283072,0,326.37,386.87,484.34
227,3,33,65,96,4447,4447,4447,92832,92832,92832,591,591,591,0.14,0.52,0.82,0.05,0.20,0.35,0.03,0.16,0.29,0.00,0.00,0.00,0.00,0.03,0.06,0.00,0.00,0.00,0.02,0.14,0.23,138891,532513,1145202,718042,1151508,1784629,0,0,0,0,0,0,0,233332,0,362.76,384.69,408.74
228,0,32,62,91,4530,4530,4530,92750,92750,92750,591,591,591,0.15,0.38,0.82,0.05,0.15,0.33,0.03,0.11,0.26,0.00,0.00,0.00,0.00,0.02,0.05,0.00,0.00,0.00,0.02,0.10,0.20,228883,419984,812448,702296,1148996,1795250,0,0,0,0,0,0,0,183973,0,312.63,326.93,334.63
228,1,34,56,74,4447,4447,4447,92832,92832,92832,591,591,591,0.28,0.37,0.58,0.11,0.15,0.26,0.08,0.10,0.13,0.00,0.00,0.00,0.01,0.01,0.02,0.00,0.00,0.00,0.08,0.12,0.22,309223,710525,1847598,782757,1355198,2657396,0,0,0,0,0,0,0,173299,0,306.91,391.65,460.08
228,2,24,73,100,4554,4554,4554,92725,92725,92725,591,591,591,0.11,0.57,0.83,0.04,0.21,0.31,0.02,0.17,0.28,0.00,0.00,0.00,0.00,0.03,0.05,0.00,0.00,0.00,0.02,0.16,0.27,471729,751490,1267882,628973,1153964,2027564,0,0,0,0,0,0,0,280392,0,351.71,401.81,443.27
228,3,34,80,100,4447,4447,4447,92832,92832,92832,591,591,591,0.15,0.61,0.86,0.06,0.20,0.26,0.03,0.18,0.29,0.00,0.00,0.00,0.00,0.03,0.05,0.00,0.00,0.00,0.03,0.15,0.20,332827,522549,843851,445517,1025716,1860665,0,0,0,0,0,0,0,354996,0,326.47,354.31,415.33
229,0,29,69,100,4530,4530,4530,92750,92750,92750,591,591,591,0.13,0.59,0.82,0.05,0.22,0.31,0.03,0.17,0.27,0.00,0.00,0.00,0.00,0.03,0.04,0.00,0.00,0.00,0.02,0.17,0.28,334169,516271,839627,722155,1013754,1635279,0,0,0,0,0,0,0,322857,0,374.13,392.04,413.33
229,1,32,63,100,4447,4447,4447,92832,92832,92832,591,591,591,0.14,0.49,0.81,0.05,0.19,0.27,0.03,0.14,0.27,0.00,0.00,0.00,0.00,0.02,0.04,0.00,0.00,0.00,0.02,0.14,0.22,332829,407232,537167,762515,1003150,1242215,0,0,0,0,0,0,0,289916,0,303.25,331.58,363.68
229,2,29,74,96,4554,4554,4554,92725,92725,92725,591,591,591,0.15,0.50,0.70,0.06,0.19,0.27,0.03,0.14,0.19,0.00,0.00,0.00,0.00,0.02,0.03,0.00,0.00,0.00,0.03,0.15,0.24,438471,616354,1006347,1021788,1228553,1601245,0,0,0,0,0,0,0,294264,0,318.72,361.07,382.39
229,3,31,57,100,4447,4447,4447,92832,92832,92832,591,591,591,0.14,0.45,0.69,0.05,0.18,0.30,0.03,0.12,0.19,0.00,0.00,0.00,0.00,0.02,0.03,0.00,0.00,0.00,0.02,0.14,0.26,330207,463443,796518,809462,1097942,1457731,0,0,0,0,0,0,0,281664,0,339.45,400.61,466.54
230,0,36,69,100,4530,4530,4530,92750,92750,92750,591,591,591,0.32,0.50,0.81,0.12,0.19,0.27,0.09,0.15,0.27,0.00,0.00,0.00,0.01,0.02,0.04,0.00,0.00,0.00,0.09,0.15,0.22,322343,594204,1362615,587026,1217905,2243074,0,0,0,0,0,0,0,366466,0,336.03,366.68,385.93
230,1,45,53,65,4447,4447,4447,92832,92832,92832,591,591,591,0.22,0.32,0.44,0.08,0.13,0.18,0.06,0.09,0.14,0.00,0.00,0.00,0.01,0.01,0.01,0.00,0.00,0.00,0.05,0.10,0.14,327580,368199,469074,943432,1105913,1223786,0,0,0,0,0,0,0,248616,0,315.31,338.03,354.67
230,2,31,62,94,4552,4553,4554,92725,92725,92727,591,591,591,0.14,0.47,0.91,0.05,0.18,0.32,0.03,0.15,0.32,0.00,0.00,0.00,0.00,0.03,0.07,0.00,0.00,0.00,0.02,0.10,0.22,450757,674803,1116306,649929,1257247,1588171,0,0,0,0,0,0,0,180898,0,328.49,377.14,399.12
230,3,34,72,100,4447,4447,4447,92832,92832,92832,591,591,591,0.21,0.48,0.78,0.08,0.18,0.27,0.03,0.15,0.25,0.00,0.00,0.00,0.01,0.02,0.03,0.00,0.00,0.00,0.05,0.13,0.23,10482,508409,1271043,676138,1240886,2261670,0,0,0,0,0,0,0,296285,0,321.83,338.56,351.12
231,0,32,71,100,4530,4530,4530,92750,92750,92750,591,591,591,0.14,0.54,0.81,0.05,0.18,0.27,0.03,0.14,0.26,0.00,0.00,0.00,0.00,0.02,0.05,0.00,0.00,0.00,0.02,0.13,0.21,324956,478300,704866,767865,1134300,1367960,0,0,0,0,0,0,0,310505,0,308.99,363.91,417.88
231,1,28,62,100,4447,4447,4447,92832,92832,92832,591,591,591,0.27,0.39,0.48,0.11,0.15,0.20,0.08,0.11,0.14,0.00,0.00,0.00,0.01,0.02,0.02,0.00,0.00,0.00,0.06,0.12,0.18,18343,439742,817655,718021,1136304,1556691,0,0,0,0,0,0,0,324773,0,292.66,315.60,329.21
231,2,52,87,100,4552,4552,4552,92727,92727,92727,591,591,591,0.24,0.69,0.85,0.11,0.24,0.33,0.03,0.20,0.29,0.00,0.00,0.00,0.01,0.04,0.05,0.00,0.00,0.00,0.05,0.18,0.27,482160,798722,1415157,620956,1189687,2337629,0,0,0,0,0,0,0,355649,0,324.84,380.86,450.61
231,3,34,76,100,4447,4447,4447,92832,92832,92832,591,591,591,0.16,0.54,0.80,0.06,0.21,0.30,0.03,0.15,0.22,0.00,0.00,0.00,0.00,0.02,0.03,0.00,0.00,0.00,0.03,0.16,0.25,340667,498970,809788,670852,1102763,1774197,0,0,0,0,0,0,0,282766,0,346.94,366.04,379.89
232,0,26,55,89,4530,4530,4530,92750,92750,92750,591,591,591,0.18,0.36,0.70,0.07,0.18,0.31,0.04,0.13,0.24,0.00,0.00,0.00,0.00,0.02,0.04,0.00,0.00,0.00,0.03,0.13,0.24,345920,739871,2096675,741692,1372675,2781880,0,0,0,0,0,0,0,307061,0,324.89,368.86,399.24
232,1,26,54,100,4447,4447,4447,92832,92832,92832,591,591,591,0.19,0.37,0.54,0.07,0.15,0.20,0.05,0.10,0.16,0.00,0.00,0.00,0.01,0.01,0.02,0.00,0.00,0.00,0.04,0.11,0.17,322333,385239,429812,901502,1046174,1174122,0,0,0,0,0,0,0,260557,0,319.23,330.17,346.26
232,2,29,50,85,4552,4552,4552,92727,92727,92727,591,591,591,0.20,0.36,0.61,0.08,0.14,0.26,0.06,0.11,0.21,0.00,0.00,0.00,0.01,0.01,0.03,0.00,0.00,0.00,0.06,0.11,0.18,463863,730647,1221256,943397,1394206,1852851,0,0,0,0,0,0,0,267483,0,314.93,356.83,424.30
232,3,30,52,65,4447,4447,4447,92832,92832,92832,591,591,591,0.16,0.39,0.57,0.06,0.15,0.25,0.04,0.12,0.20,0.00,0.00,0.00,0.00,0.02,0.03,0.00,0.00,0.00,0.03,0.12,0.18,320761,486522,872704,972246,1209424,1467587,0,0,0,0,0,0,0,321981,0,321.85,344.99,380.03
233,0,35,78,100,4530,4530,4530,92750,92750,92750,591,591,591,0.23,0.66,0.88,0.08,0.23,0.34,0.06,0.18,0.30,0.00,0.00,0.00,0.01,0.03,0.06,0.00,0.00,0.00,0.04,0.16,0.26,345909,700233,1569802,581757,1253695,1803045,0,0,0,0,0,0,0,219858,0,327.36,381.21,404.92
233,1,29,57,100,4447,4447,4447,92832,92832,92832,591,591,591,0.18,0.45,0.77,0.07,0.18,0.27,0.03,0.13,0.25,0.00,0.00,0.00,0.01,0.02,0.03,0.00,0.00,0.00,0.04,0.14,0.23,322324,452849,665658,843844,1088088,1218650,0,0,0,0,0,0,0,252359,0,295.17,323.93,355.11
233,2,30,68,100,4552,4552,4552,92727,92727,92727,591,591,591,0.28,0.52,0.80,0.11,0.20,0.30,0.07,0.15,0.27,0.00,0.00,0.00,0.01,0.02,0.04,0.00,0.00,0.00,0.09,0.18,0.27,451312,596393,814109,772910,1147171,1682377,0,0,0,0,0,0,0,357535,0,302.80,348.38,377.34
233,3,40,65,100,4447,4447,4447,92832,92832,92832,591,591,591,0.27,0.45,0.65,0.10,0.17,0.26,0.07,0.13,0.20,0.00,0.00,0.00,0.01,0.02,0.02,0.00,0.00,0.00,0.06,0.14,0.21,359017,558712,1132151,841262,1286188,1999609,0,0,0,0,0,0,0,214156,0,339.93,346.08,357.52
234,0,37,80,100,4530,4530,4530,92750,92750,92750,591,591,591,0.16,0.60,0.83,0.06,0.22,0.35,0.03,0.17,0.28,0.00,0.00,0.00,0.00,0.03,0.05,0.00,0.00,0.00,0.03,0.18,0.32,324815,390963,600258,505613,912395,1499335,0,0,0,0,0,0,0,379966,0,351.12,384.55,447.15
234,1,27,53,97,4447,4447,4447,92832,92832,92832,591,591,591,0.13,0.37,0.59,0.05,0.15,0.24,0.03,0.11,0.19,0.00,0.00,0.00,0.00,0.02,0.03,0.00,0.00,0.00,0.02,0.10,0.18,310764,427136,600995,1045645,1155088,1249163,0,0,0,0,0,0,0,271827,0,332.23,351.65,382.01
234,2,31,59,100,4552,4552,4552,92727,92727,92727,591,591,591,0.14,0.43,0.80,0.05,0.16,0.26,0.03,0.12,0.27,0.00,0.00,0.00,0.00,0.02,0.04,0.00,0.00,0.00,0.02,0.12,0.22,466478,768890,1459627,982759,1425099,2277227,0,0,0,0,0,0,0,301135,0,346.27,371.54,389.56
234,3,36,52,65,4447,4447,4447,92832,92832,92832,591,591,591,0.32,0.38,0.55,0.11,0.16,0.24,0.08,0.12,0.19,0.00,0.00,0.00,0.01,0.01,0.03,0.00,0.00,0.00,0.08,0.11,0.16,359028,569711,948618,859571,1279894,1912959,0,0,0,0,0,0,0,261801,0,307.99,316.79,330.51
235,0,31,70,100,4530,4530,4530,92750,92750,92750,591,591,591,0.15,0.52,0.82,0.06,0.19,0.30,0.03,0.15,0.25,0.00,0.00,0.00,0.00,0.03,0.04,0.00,0.00,0.00,0.03,0.14,0.23,322337,502938,857023,641824,1075634,1297213,0,0,0,0,0,0,0,286993,0,362.78,390.06,455.12
235,1,32,69,96,4447,4447,4447,92832,92832,92832,591,591,591,0.28,0.52,0.80,0.11,0.20,0.27,0.09,0.15,0.26,0.00,0.00,0.00,0.01,0.02,0.04,0.00,0.00,0.00,0.07,0.16,0.25,345920,460652,602742,775653,1008931,1166176,0,0,0,0,0,0,0,287946,0,343.66,371.03,390.82
235,2,31,58,95,4552,4552,4552,92727,92727,92727,591,591,591,0.14,0.42,0.81,0.05,0.17,0.33,0.03,0.13,0.24,0.00,0.00,0.00,0.00,0.02,0.05,0.00,0.00,0.00,0.02,0.11,0.20,474338,733781,1223807,927725,1368510,1949786,0,0,0,0,0,0,0,218537,0,321.00,362.36,404.17
235,3,37,74,100,4447,4447,4447,92832,92832,92832,591,591,591,0.20,0.52,0.84,0.07,0.20,0.33,0.05,0.15,0.28,0.00,0.00,0.00,0.01,0.03,0.05,0.00,0.00,0.00,0.04,0.15,0.28,327578,403038,614869,830722,1033437,1268384,0,0,0,0,0,0,0,346491,0,301.87,361.41,406.14
236,0,32,61,95,4530,4530,4530,92750,92750,92750,591,591,591,0.14,0.47,0.78,0.05,0.19,0.34,0.03,0.13,0.27,0.00,0.00,0.00,0.00,0.02,0.05,0.00,0.00,0.00,0.02,0.13,0.26,359032,980124,1755798,739043,1650494,2447731,0,0,0,0,0,0,0,249666,0,353.32,394.83,438.87
236,1,28,58,94,4447,4447,4447,92832,92832,92832,591,591,591,0.15,0.47,0.88,0.05,0.19,0.32,0.03,0.14,0.31,0.00,0.00,0.00,0.00,0.02,0.06,0.00,0.00,0.00,0.03,0.13,0.24,351130,479042,741651,888334,1089107,1412504,0,0,0,0,0,0,0,326659,0,331.46,355.52,394.52
236,2,30,74,100,4552,4552,4552,92727,92727,92727,591,591,591,0.28,0.66,0.85,0.12,0.23,0.32,0.10,0.19,0.29,0.00,0.00,0.00,0.01,0.03,0.05,0.00,0.00,0.00,0.08,0.17,0.26,453278,638241,1106998,602748,1006125,1378489,0,0,0,0,0,0,0,283656,0,323.25,387.85,442.15
236,3,33,76,100,4447,4447,4447,92832,92832,92832,591,591,591,0.15,0.56,0.86,0.05,0.18,0.26,0.03,0.17,0.29,0.00,0.00,0.00,0.00,0.03,0.05,0.00,0.00,0.00,0.02,0.13,0.21,336940,582025,896255,456009,1137391,1855406,0,0,0,0,0,0,0,366080,0,324.09,350.39,400.99
237,0,32,83,100,4530,4530,4530,92750,92750,92750,591,591,591,0.37,0.62,0.83,0.14,0.23,0.31,0.09,0.18,0.27,0.00,0.00,0.00,0.02,0.03,0.05,0.00,0.00,0.00,0.10,0.19,0.28,335432,720467,1189414,513614,1225140,2351934,0,0,0,0,0,0,0,333170,0,353.52,394.25,428.61
237,1,32,67,100,4447,4447,4447,92832,92832,92832,591,591,591,0.14,0.55,0.84,0.05,0.21,0.29,0.03,0.16,0.28,0.00,0.00,0.00,0.00,0.03,0.05,0.00,0.00,0.00,0.02,0.16,0.23,332838,361642,386029,541489,892651,1277471,0,0,0,0,0,0,0,379684,0,329.86,366.65,428.25
237,2,35,53,77,4552,4552,4552,92727,92727,92727,591,591,591,0.20,0.40,0.69,0.07,0.16,0.27,0.04,0.12,0.22,0.00,0.00,0.00,0.01,0.02,0.03,0.00,0.00,0.00,0.05,0.12,0.21,479559,721724,964424,1077043,1432962,1658915,0,0,0,0,0,0,0,272221,0,325.74,351.44,407.90
237,3,33,76,100,4447,4447,4447,92832,92832,92832,591,591,591,0.14,0.55,0.80,0.05,0.22,0.35,0.03,0.15,0.24,0.00,0.00,0.00,0.00,0.02,0.04,0.00,0.00,0.00,0.02,0.17,0.28,227106,452667,862202,574753,1042649,1423030,0,0,0,0,0,0,0,340299,0,379.20,417.49,470.07
238,0,49,85,100,4530,4530,4530,92750,92750,92750,591,591,591,0.63,0.76,0.81,0.23,0.28,0.33,0.22,0.24,0.27,0.00,0.00,0.00,0.03,0.04,0.05,0.00,0.00,0.00,0.12,0.18,0.26,332819,633937,1055216,736378,939408,1181726,0,0,0,0,0,0,0,253916,0,377.32,393.37,415.25
238,1,30,72,95,4447,4447,4447,92832,92832,92832,591,591,591,0.26,0.50,0.78,0.10,0.20,0.30,0.07,0.14,0.23,0.00,0.00,0.00,0.01,0.02,0.03,0.00,0.00,0.00,0.06,0.16,0.25,324966,510326,875096,817651,1118963,1239598,0,0,0,0,0,0,0,297823,0,385.35,405.41,434.02
238,2,29,73,95,4552,4552,4552,92727,92727,92727,591,591,591,0.13,0.47,0.71,0.05,0.18,0.28,0.03,0.14,0.25,0.00,0.00,0.00,0.00,0.02,0.05,0.00,0.00,0.00,0.02,0.13,0.23,445523,632016,1118117,801943,1266006,1575846,0,0,0,0,0,0,0,288779,0,342.80,366.67,401.02
238,3,30,58,95,4447,4447,4447,92832,92832,92832,591,591,591,0.14,0.43,0.74,0.05,0.17,0.32,0.03,0.13,0.26,0.00,0.00,0.00,0.00,0.02,0.05,0.00,0.00,0.00,0.02,0.12,0.26,340659,688573,1197649,1176669,1320793,1535716,0,0,0,0,0,0,0,145923,0,348.11,384.78,406.01
239,0,32,69,100,4526,4526,4530,92750,92753,92754,591,591,591,0.15,0.50,0.86,0.06,0.16,0.25,0.03,0.14,0.29,0.00,0.00,0.00,0.00,0.03,0.05,0.00,0.00,0.00,0.03,0.12,0.19,327591,429257,600157,474240,1061892,1627500,0,0,0,0,0,0,0,341379,0,333.76,358.74,401.69
239,1,31,63,100,4447,4447,4447,92832,92832,92832,591,591,591,0.13,0.47,0.83,0.05,0.17,0.27,0.03,0.14,0.28,0.00,0.00,0.00,0.00,0.02,0.05,0.00,0.00,0.00,0.02,0.11,0.20,338064,473809,573933,469097,1094375,1499041,0,0,0,0,0,0,0,287621,0,338.55,363.00,387.64
239,2,32,76,100,4552,4552,4552,92727,92727,92727,591,591,591,0.14,0.59,0.84,0.05,0.21,0.30,0.03,0.17,0.28,0.00,0.00,0.00,0.00,0.03,0.05,0.00,0.00,0.00,0.02,0.16,0.24,453377,501060,631555,597458,980111,1425585,0,0,0,0,0,0,0,374742,0,339.07,361.78,413.54
239,3,56,81,100,4447,4447,4447,92832,92832,92832,591,591,591,0.28,0.62,0.84,0.11,0.22,0.29,0.09,0.18,0.28,0.00,0.00,0.00,0.01,0.03,0.05,0.00,0.00,0.00,0.06,0.17,0.24,335450,600650,1320809,487438,1040397,2049350,0,0,0,0,0,0,0,319244,0,340.28,378.36,417.51
240,0,32,68,100,4526,4526,4526,92754,92754,92754,591,591,591,0.15,0.58,0.89,0.05,0.23,0.34,0.03,0.17,0.31,0.00,0.00,0.00,0.00,0.03,0.06,0.00,0.00,0.00,0.02,0.16,0.29,322340,494243,778276,474351,987969,1394188,0,0,0,0,0,0,0,272702,0,374.43,442.73,497.65
240,1,29,59,100,4447,4447,4447,92832,92832,92832,591,591,591,0.14,0.47,0.83,0.05,0.18,0.27,0.03,0.13,0.28,0.00,0.00,0.00,0.00,0.02,0.05,0.00,0.00,0.00,0.03,0.14,0.23,317091,545016,961821,801507,1086230,1404730,0,0,0,0,0,0,0,234749,0,334.54,387.38,425.57
240,2,31,51,73,4552,4552,4552,92727,92727,92727,591,591,591,0.29,0.38,0.49,0.12,0.15,0.21,0.09,0.11,0.13,0.00,0.00,0.00,0.01,0.02,0.02,0.00,0.00,0.00,0.07,0.11,0.19,469102,772636,1478067,956392,1467389,2316687,0,0,0,0,0,0,0,327689,0,322.08,369.38,411.84
240,3,32,61,91,4447,4447,4447,92832,92832,92832,591,591,591,0.28,0.43,0.55,0.10,0.17,0.21,0.08,0.13,0.18,0.00,0.00,0.00,0.01,0.02,0.03,0.00,0.00,0.00,0.06,0.13,0.18,125757,715215,1328686,820040,1379544,1899994,0,0,0,0,0,0,0,274844,0,315.69,355.04,409.49
241,0,44,87,100,4526,4526,4526,92754,92754,92754,591,591,591,0.29,0.69,0.86,0.14,0.24,0.27,0.04,0.20,0.29,0.00,0.00,0.00,0.01,0.03,0.05,0.00,0.00,0.00,0.11,0.18,0.25,226310,652698,1498773,754740,1022764,1568755,0,0,0,0,0,0,0,424759,0,330.07,380.27,453.83
241,1,30,65,95,4447,4447,4447,92832,92832,92832,591,591,591,0.30,0.45,0.64,0.12,0.18,0.25,0.09,0.13,0.19,0.00,0.00,0.00,0.01,0.02,0.02,0.00,0.00,0.00,0.07,0.14,0.23,330217,396243,571312,901502,1101724,1320731,0,0,0,0,0,0,0,276346,0,328.99,340.63,358.16
241,2,29,77,100,4552,4552,4552,92727,92727,92727,591,591,591,0.13,0.51,0.79,0.05,0.20,0.31,0.03,0.14,0.19,0.00,0.00,0.00,0.00,0.02,0.03,0.00,0.00,0.00,0.02,0.15,0.28,455805,682027,1146245,856784,1259891,1761304,0,0,0,0,0,0,0,293528,0,319.48,356.56,376.75
241,3,29,53,79,4447,4447,4447,92832,92832,92832,591,591,591,0.15,0.42,0.75,0.06,0.16,0.29,0.03,0.12,0.21,0.00,0.00,0.00,0.00,0.02,0.03,0.00,0.00,0.00,0.03,0.13,0.26,338045,734582,1580102,950319,1425839,2562753,0,0,0,0,0,0,0,303434,0,302.62,341.74,373.57
242,0,31,58,86,4526,4526,4526,92754,92754,92754,591,591,591,0.14,0.39,0.55,0.05,0.15,0.24,0.03,0.11,0.16,0.00,0.00,0.00,0.00,0.02,0.03,0.00,0.00,0.00,0.03,0.11,0.21,330202,429238,783487,948712,1136261,1265774,0,0,0,0,0,0,0,268269,0,312.56,375.02,421.27
242,1,32,61,87,4447,4447,4447,92832,92832,92832,591,591,591,0.14,0.44,0.58,0.05,0.17,0.25,0.03,0.13,0.17,0.00,0.00,0.00,0.00,0.02,0.03,0.00,0.00,0.00,0.03,0.13,0.19,332826,464908,702355,888394,1173542,1352237,0,0,0,0,0,0,0,292426,0,327.26,354.18,372.11
242,2,30,59,93,4552,4552,4552,92727,92727,92727,591,591,591,0.13,0.43,0.67,0.05,0.17,0.30,0.03,0.13,0.23,0.00,0.00,0.00,0.00,0.02,0.04,0.00,0.00,0.00,0.02,0.11,0.21,445518,736829,1137462,851697,1395048,1918484,0,0,0,0,0,0,0,242117,0,337.47,375.87,409.99
242,3,35,66,100,4447,4447,4447,92832,92832,92832,591,591,591,0.16,0.50,0.84,0.06,0.19,0.33,0.03,0.15,0.28,0.00,0.00,0.00,0.00,0.03,0.05,0.00,0.00,0.00,0.03,0.13,0.21,353789,469086,715451,634196,1130515,1805663,0,0,0,0,0,0,0,312703,0,314.43,352.54,405.99
243,0,39,63,100,4526,4526,4526,92754,92754,92754,591,591,591,0.16,0.58,0.81,0.06,0.22,0.29,0.03,0.17,0.24,0.00,0.00,0.00,0.00,0.03,0.04,0.00,0.00,0.00,0.05,0.17,0.24,230464,997356,1433883,648713,1644405,2561761,0,0,0,0,0,0,0,333570,0,367.40,374.95,381.57
243,1,29,58,91,4447,4447,4447,92832,92832,92832,591,591,591,0.30,0.47,0.75,0.12,0.19,0.30,0.09,0.14,0.21,0.00,0.00,0.00,0.01,0.02,0.03,0.00,0.00,0.00,0.07,0.14,0.26,303997,361645,440274,660408,974346,1195007,0,0,0,0,0,0,0,267173,0,348.69,373.06,403.99
243,2,31,82,100,4552,4552,4552,92727,92727,92727,591,591,591,0.44,0.75,0.89,0.15,0.27,0.36,0.14,0.24,0.29,0.00,0.00,0.00,0.02,0.04,0.06,0.00,0.00,0.00,0.09,0.19,0.29,466500,898802,1179346,597539,1192304,1695592,0,0,0,0,0,0,0,269105,0,345.60,423.92,500.07
243,3,32,69,100,4447,4447,4447,92832,92832,92832,591,591,591,0.15,0.56,0.83,0.06,0.21,0.31,0.03,0.16,0.27,0.00,0.00,0.00,0.00,0.03,0.05,0.00,0.00,0.00,0.03,0.18,0.37,348472,578281,1274542,547709,1151098,1777522,0,0,0,0,0,0,0,187335,0,363.24,408.71,456.19
244,0,44,68,89,4526,4526,4526,92754,92754,92754,591,591,591,0.18,0.51,0.77,0.07,0.20,0.30,0.03,0.15,0.22,0.00,0.00,0.00,0.01,0.02,0.03,0.00,0.00,0.00,0.04,0.17,0.29,319700,559352,900903,856952,1158678,1297215,0,0,0,0,0,0,0,203070,0,338.25,364.86,388.84
244,1,46,79,100,4447,4447,4447,92832,92832,92832,591,591,591,0.18,0.62,0.89,0.07,0.25,0.32,0.03,0.19,0.32,0.00,0.00,0.00,0.01,0.03,0.06,0.00,0.00,0.00,0.04,0.18,0.27,322332,577184,959224,896043,1096038,1213333,0,0,0,0,0,0,0,318775,0,317.06,364.86,397.78
244,2,26,62,100,4548,4548,4548,92731,92731,92731,591,591,591,0.14,0.51,0.85,0.05,0.17,0.25,0.03,0.14,0.29,0.00,0.00,0.00,0.00,0.03,0.05,0.00,0.00,0.00,0.02,0.13,0.19,474350,686756,979439,600145,1290303,1879892,0,0,0,0,0,0,0,318091,0,321.55,340.35,357.29
244,3,35,73,100,4447,4447,4447,92832,92832,92832,591,591,591,0.16,0.52,0.81,0.06,0.20,0.33,0.03,0.16,0.26,0.00,0.00,0.00,0.00,0.02,0.04,0.00,0.00,0.00,0.03,0.14,0.24,297042,452251,815057,573116,1071569,1603906,0,0,0,0,0,0,0,292658,0,392.45,394.65,398.27
245,0,33,72,100,4526,4526,4526,92754,92754,92754,591,591,591,0.15,0.52,0.82,0.06,0.19,0.32,0.03,0.16,0.27,0.00,0.00,0.00,0.00,0.03,0.05,0.00,0.00,0.00,0.03,0.14,0.21,332829,457031,725930,558189,1060825,1674620,0,0,0,0,0,0,0,272810,0,323.73,363.58,401.46
245,1,38,74,100,4447,4447,4447,92832,92832,92832,591,591,591,0.16,0.51,0.83,0.06,0.17,0.27,0.03,0.15,0.28,0.00,0.00,0.00,0.00,0.02,0.05,0.00,0.00,0.00,0.03,0.13,0.21,314457,516523,1094102,484824,1141466,1559277,0,0,0,0,0,0,0,354950,0,359.02,373.86,382.07
245,2,33,74,100,4548,4548,4548,92731,92731,92731,591,591,591,0.23,0.57,0.84,0.10,0.22,0.32,0.08,0.17,0.28,0.00,0.00,0.00,0.01,0.03,0.05,0.00,0.00,0.00,0.06,0.17,0.29,458253,599381,846488,621062,1043894,1278874,0,0,0,0,0,0,0,297733,0,406.20,425.46,453.84
245,3,33,78,100,4447,4447,4447,92832,92832,92832,591,591,591,0.30,0.63,0.83,0.15,0.23,0.32,0.04,0.18,0.28,0.00,0.00,0.00,0.01,0.03,0.05,0.00,0.00,0.00,0.12,0.18,0.29,330184,453855,620911,505772,888328,1229019,0,0,0,0,0,0,0,370463,0,338.32,368.54,417.09
246,0,30,51,77,4526,4526,4526,92754,92754,92754,591,591,591,0.19,0.40,0.72,0.08,0.16,0.31,0.05,0.11,0.17,0.00,0.00,0.00,0.01,0.01,0.03,0.00,0.00,0.00,0.04,0.14,0.28,324971,398339,628951,723310,1074469,1315557,0,0,0,0,0,0,0,270256,0,329.08,362.74,390.17
246,1,31,56,97,4443,4445,4447,92832,92833,92836,591,591,591,0.14,0.43,0.77,0.05,0.18,0.37,0.03,0.11,0.27,0.00,0.00,0.00,0.00,0.02,0.05,0.00,0.00,0.00,0.02,0.13,0.29,234096,327688,419279,515360,1036827,1362659,0,0,0,0,0,0,0,225674,0,330.07,410.42,496.04
246,2,29,67,100,4548,4548,4548,92731,92731,92731,591,591,591,0.13,0.50,0.82,0.05,0.18,0.30,0.03,0.14,0.28,0.00,0.00,0.00,0.00,0.02,0.04,0.00,0.00,0.00,0.02,0.13,0.24,440280,679592,1482946,710006,1273874,1831412,0,0,0,0,0,0,0,367447,0,300.79,340.90,362.93
246,3,32,62,100,4447,4447,4447,92832,92832,92832,591,591,591,0.30,0.42,0.61,0.11,0.17,0.24,0.08,0.12,0.19,0.00,0.00,0.00,0.01,0.02,0.02,0.00,0.00,0.00,0.07,0.13,0.19,338069,561857,1218608,925173,1291950,1768947,0,0,0,0,0,0,0,306327,0,332.93,371.83,420.75
247,0,38,61,93,4526,4526,4526,92754,92754,92754,591,591,591,0.29,0.40,0.61,0.12,0.16,0.27,0.08,0.12,0.19,0.00,0.00,0.00,0.01,0.02,0.03,0.00,0.00,0.00,0.08,0.12,0.22,314474,581978,1430857,725364,1250620,2114838,0,0,0,0,0,0,0,279424,0,298.86,313.85,333.07
247,1,55,89,100,4443,4443,4443,92836,92836,92836,591,591,591,0.28,0.70,0.86,0.11,0.24,0.30,0.09,0.21,0.28,0.00,0.00,0.00,0.01,0.04,0.05,0.00,0.00,0.00,0.07,0.19,0.27,332782,483828,600414,534547,817201,1126925,0,0,0,0,0,0,0,375394,0,334.70,403.12,460.21
247,2,29,69,100,4548,4548,4548,92731,92731,92731,591,591,591,0.14,0.52,0.81,0.05,0.20,0.32,0.03,0.15,0.29,0.00,0.00,0.00,0.00,0.03,0.06,0.00,0.00,0.00,0.02,0.14,0.27,463856,727337,1149632,725934,1302494,2117560,0,0,0,0,0,0,0,251403,0,353.85,399.24,452.45
247,3,33,51,99,4447,4447,4447,92832,92832,92832,591,591,591,0.21,0.41,0.66,0.08,0.16,0.26,0.05,0.12,0.17,0.00,0.00,0.00,0.01,0.02,0.02,0.00,0.00,0.00,0.05,0.12,0.24,298761,419805,786084,878813,1165990,1417571,0,0,0,0,0,0,0,272987,0,311.67,327.78,342.32
248,0,31,65,100,4526,4526,4526,92754,92754,92754,591,591,591,0.16,0.47,0.77,0.06,0.18,0.29,0.03,0.14,0.21,0.00,0.00,0.00,0.00,0.02,0.03,0.00,0.00,0.00,0.04,0.13,0.24,324967,572890,1003994,924510,1190814,1714392,0,0,0,0,0,0,0,297345,0,298.10,343.22,377.61
248,1,31,62,96,4441,4442,4443,92836,92836,92838,591,591,591,0.14,0.50,0.91,0.05,0.19,0.32,0.03,0.15,0.32,0.00,0.00,0.00,0.00,0.03,0.07,0.00,0.00,0.00,0.02,0.13,0.23,314487,512052,723237,476941,1149375,1653655,0,0,0,0,0,0,0,267101,0,360.95,398.25,424.45
248,2,37,74,100,4548,4548,4548,92731,92731,92731,591,591,591,0.31,0.54,0.84,0.11,0.20,0.32,0.08,0.16,0.28,0.00,0.00,0.00,0.01,0.02,0.05,0.00,0.00,0.00,0.09,0.16,0.25,458623,806112,1312967,662963,1252149,1810899,0,0,0,0,0,0,0,288055,0,351.49,390.20,404.90
248,3,35,76,100,4447,4447,4447,92832,92832,92832,591,591,591,0.22,0.58,0.92,0.08,0.22,0.34,0.04,0.18,0.33,0.00,0.00,0.00,0.01,0.03,0.07,0.00,0.00,0.00,0.04,0.15,0.25,332832,497365,812379,770398,1075441,1572108,0,0,0,0,0,0,0,345556,0,319.88,375.50,415.47
249,0,31,68,100,4526,4526,4526,92754,92754,92754,591,591,591,0.14,0.50,0.79,0.05,0.20,0.34,0.03,0.15,0.25,0.00,0.00,0.00,0.00,0.03,0.05,0.00,0.00,0.00,0.02,0.14,0.23,322345,448131,689228,683998,1057699,1417781,0,0,0,0,0,0,0,338117,0,349.10,379.72,401.67
249,1,35,78,100,4441,4441,4441,92838,92838,92838,591,591,591,0.23,0.67,0.86,0.11,0.25,0.34,0.03,0.18,0.29,0.00,0.00,0.00,0.01,0.03,0.05,0.00,0.00,0.00,0.08,0.20,0.30,324952,376155,443219,467033,826803,1297189,0,0,0,0,0,0,0,410926,0,330.93,380.17,481.44
249,2,28,62,100,4548,4548,4548,92731,92731,92731,591,591,591,0.13,0.50,0.76,0.05,0.19,0.29,0.03,0.15,0.21,0.00,0.00,0.00,0.00,0.02,0.03,0.00,0.00,0.00,0.02,0.15,0.24,442742,908707,1365171,966996,1513241,2226203,0,0,0,0,0,0,0,271849,0,290.70,340.30,369.00
249,3,34,78,100,4441,4442,4447,92832,92836,92838,591,591,591,0.16,0.57,0.85,0.06,0.18,0.26,0.03,0.17,0.28,0.00,0.00,0.00,0.00,0.03,0.05,0.00,0.00,0.00,0.03,0.14,0.20,327566,436574,584326,468966,965921,1365298,0,0,0,0,0,0,0,388453,0,323.59,349.18,385.48
250,0,33,83,100,4526,4526,4526,92754,92754,92754,591,591,591,0.15,0.59,0.85,0.05,0.19,0.25,0.03,0.18,0.28,0.00,0.00,0.00,0.00,0.03,0.05,0.00,0.00,0.00,0.02,0.14,0.20,355796,597316,1221247,474921,1086007,2211872,0,0,0,0,0,0,0,288137,0,332.75,349.81,377.96
250,1,32,56,92,4441,4441,4441,92838,92838,92838,591,591,591,0.14,0.39,0.88,0.05,0.15,0.32,0.03,0.11,0.31,0.00,0.00,0.00,0.00,0.02,0.06,0.00,0.00,0.00,0.02,0.09,0.18,319736,511012,689230,786135,1250686,1630043,0,0,0,0,0,0,0,192771,0,341.39,415.74,506.60
250,2,28,59,100,4548,4548,4548,92731,92731,92731,591,591,591,0.13,0.46,0.70,0.05,0.18,0.28,0.03,0.13,0.19,0.00,0.00,0.00,0.00,0.02,0.03,0.00,0.00,0.00,0.02,0.14,0.26,469103,728475,1475211,951421,1348872,1938999,0,0,0,0,0,0,0,287505,0,352.95,376.88,392.91
250,3,30,62,95,4441,4441,4441,92838,92838,92838,591,591,591,0.14,0.55,0.81,0.05,0.23,0.35,0.03,0.15,0.26,0.00,0.00,0.00,0.00,0.03,0.04,0.00,0.00,0.00,0.02,0.16,0.32,361217,582961,909305,685789,1118774,1362751,0,0,0,0,0,0,0,185249,0,403.06,451.85,496.37
251,0,49,71,92,4526,4526,4526,92754,92754,92754,591,591,591,0.22,0.55,0.80,0.08,0.22,0.32,0.05,0.15,0.23,0.00,0.00,0.00,0.01,0.02,0.04,0.00,0.00,0.00,0.06,0.17,0.26,330201,588586,966981,649908,1123192,1485896,0,0,0,0,0,0,0,295920,0,387.10,418.38,450.26
251,1,34,83,100,4441,4441,4441,92838,92838,92838,591,591,591,0.37,0.73,0.83,0.13,0.26,0.35,0.12,0.23,0.28,0.00,0.00,0.00,0.02,0.04,0.05,0.00,0.00,0.00,0.08,0.19,0.28,322345,497917,788829,636672,819203,1027312,0,0,0,0,0,0,0,335675,0,349.58,410.80,475.87
251,2,27,58,100,4548,4548,4548,92731,92731,92731,591,591,591,0.19,0.44,0.78,0.07,0.17,0.27,0.04,0.13,0.25,0.00,0.00,0.00,0.01,0.02,0.03,0.00,0.00,0.00,0.05,0.12,0.22,307486,519590,906780,948634,1198686,1333962,0,0,0,0,0,0,0,297266,0,334.58,358.09,392.68
251,3,39,76,100,4441,4441,4441,92838,92838,92838,591,591,591,0.19,0.58,0.83,0.08,0.20,0.31,0.05,0.17,0.28,0.00,0.00,0.00,0.01,0.03,0.05,0.00,0.00,0.00,0.04,0.16,0.25,216623,454765,767851,466481,907946,1519978,0,0,0,0,0,0,0,339158,0,336.99,365.52,400.85
252,0,32,60,100,4526,4526,4526,92754,92754,92754,591,591,591,0.15,0.47,0.81,0.06,0.18,0.29,0.04,0.14,0.27,0.00,0.00,0.00,0.00,0.02,0.04,0.00,0.00,0.00,0.03,0.13,0.23,319694,603277,1360180,830689,1254237,2007510,0,0,0,0,0,0,0,331500,0,325.72,356.91,382.64
252,1,34,76,100,4441,4441,4441,92838,92838,92838,591,591,591,0.15,0.53,0.83,0.06,0.19,0.27,0.03,0.14,0.26,0.00,0.00,0.00,0.00,0.02,0.05,0.00,0.00,0.00,0.03,0.16,0.24,366899,482805,684008,663039,1051438,1692986,0,0,0,0,0,0,0,368695,0,351.60,380.56,409.70
252,2,36,61,88,4548,4548,4548,92731,92731,92731,591,591,591,0.21,0.41,0.73,0.08,0.16,0.28,0.06,0.12,0.19,0.00,0.00,0.00,0.01,0.02,0.03,0.00,0.00,0.00,0.04,0.12,0.25,466449,822051,1867019,980067,1440548,2663886,0,0,0,0,0,0,0,262883,0,328.90,353.55,396.45
252,3,32,68,93,4441,4441,4441,92838,92838,92838,591,591,591,0.13,0.46,0.65,0.05,0.18,0.23,0.03,0.13,0.19,0.00,0.00,0.00,0.00,0.02,0.03,0.00,0.00,0.00,0.02,0.14,0.19,351176,358500,366908,877907,1018895,1221255,0,0,0,0,0,0,0,310751,0,314.30,352.68,408.48
253,0,38,66,100,4526,4526,4526,92754,92754,92754,591,591,591,0.19,0.47,0.73,0.07,0.19,0.28,0.03,0.13,0.21,0.00,0.00,0.00,0.01,0.02,0.03,0.00,0.00,0.00,0.05,0.14,0.25,309832,614593,1050887,964615,1331367,1968121,0,0,0,0,0,0,0,311628,0,343.07,373.66,402.57
253,1,36,51,72,4441,4441,4441,92838,92838,92838,591,591,591,0.22,0.37,0.50,0.08,0.15,0.22,0.06,0.11,0.14,0.00,0.00,0.00,0.01,0.01,0.02,0.00,0.00,0.00,0.05,0.11,0.20,322313,558717,940840,1006247,1248450,1457101,0,0,0,0,0,0,0,315620,0,321.55,361.85,424.49
253,2,33,63,100,4548,4548,4548,92731,92731,92731,591,591,591,0.15,0.48,0.74,0.05,0.19,0.31,0.03,0.14,0.25,0.00,0.00,0.00,0.00,0.02,0.04,0.00,0.00,0.00,0.02,0.14,0.26,539787,824345,1294635,904013,1475228,2285267,0,0,0,0,0,0,0,273905,0,306.14,353.12,380.82
253,3,33,47,81,4441,4441,4441,92838,92838,92838,591,591,591,0.19,0.32,0.54,0.07,0.13,0.22,0.05,0.09,0.18,0.00,0.00,0.00,0.00,0.01,0.02,0.00,0.00,0.00,0.04,0.09,0.15,235863,646162,1121665,889293,1397781,1920983,0,0,0,0,0,0,0,243956,0,302.54,319.97,332.36
254,0,30,55,100,4526,4526,4526,92754,92754,92754,591,591,591,0.16,0.40,0.74,0.06,0.16,0.28,0.03,0.11,0.21,0.00,0.00,0.00,0.00,0.02,0.03,0.00,0.00,0.00,0.03,0.12,0.24,324966,442873,689190,791346,1129996,1305044,0,0,0,0,0,0,0,267420,0,329.33,354.09,368.97
254,1,31,76,99,4441,4441,4441,92838,92838,92838,591,591,591,0.18,0.52,0.76,0.07,0.20,0.30,0.03,0.16,0.25,0.00,0.00,0.00,0.01,0.02,0.04,0.00,0.00,0.00,0.04,0.14,0.23,324959,484283,835949,794021,1073918,1331230,0,0,0,0,0,0,0,315457,0,327.13,359.98,387.24
254,2,46,73,100,4548,4548,4548,92731,92731,92731,591,591,591,0.26,0.53,0.82,0.10,0.20,0.25,0.07,0.15,0.28,0.00,0.00,0.00,0.01,0.02,0.05,0.00,0.00,0.00,0.06,0.16,0.20,304000,605924,1313161,673411,1134257,1766608,0,0,0,0,0,0,0,307394,0,359.44,375.23,399.91
254,3,34,76,100,4441,4441,4441,92838,92838,92838,591,591,591,0.25,0.57,0.87,0.10,0.22,0.35,0.08,0.17,0.27,0.00,0.00,0.00,0.01,0.03,0.05,0.00,0.00,0.00,0.06,0.17,0.25,340624,439204,626379,636832,1034563,1221245,0,0,0,0,0,0,0,320954,0,320.97,352.40,395.31
255,0,32,68,100,4526,4526,4526,92754,92754,92754,591,591,591,0.36,0.48,0.65,0.13,0.19,0.24,0.10,0.14,0.19,0.00,0.00,0.00,0.01,0.02,0.02,0.00,0.00,0.00,0.10,0.15,0.22,324934,655682,1339151,843893,1328652,1957624,0,0,0,0,0,0,0,304123,0,333.42,353.61,368.48
255,1,29,61,100,4441,4441,4441,92838,92838,92838,591,591,591,0.15,0.50,0.82,0.06,0.19,0.30,0.03,0.14,0.27,0.00,0.00,0.00,0.00,0.02,0.04,0.00,0.00,0.00,0.03,0.14,0.26,255470,486113,867419,561339,1090812,1512204,0,0,0,0,0,0,0,359512,0,354.79,373.48,398.12
255,2,28,63,100,4548,4548,4548,92731,92731,92731,591,591,591,0.12,0.49,0.80,0.04,0.19,0.29,0.03,0.15,0.27,0.00,0.00,0.00,0.00,0.02,0.04,0.00,0.00,0.00,0.02,0.14,0.24,474339,883613,1826639,854314,1446962,2641682,0,0,0,0,0,0,0,215330,0,293.46,346.29,395.78
255,3,35,62,100,4441,4441,4441,92838,92838,92838,591,591,591,0.16,0.47,0.84,0.06,0.17,0.25,0.03,0.14,0.28,0.00,0.00,0.00,0.00,0.02,0.05,0.00,0.00,0.00,0.03,0.12,0.20,311840,899135,2036346,442866,1595774,2607676,0,0,0,0,0,0,0,190404,0,332.54,349.29,389.85
256,0,34,63,97,4526,4526,4526,92754,92754,92754,591,591,591,0.19,0.45,0.75,0.07,0.17,0.26,0.03,0.13,0.24,0.00,0.00,0.00,0.01,0.02,0.03,0.00,0.00,0.00,0.04,0.13,0.22,228647,394239,691885,905864,1131266,1323357,0,0,0,0,0,0,0,221270,0,326.96,352.77,378.22
256,1,27,57,100,4441,4441,4441,92838,92838,92838,591,591,591,0.13,0.40,0.62,0.05,0.15,0.24,0.03,0.11,0.18,0.00,0.00,0.00,0.00,0.01,0.03,0.00,0.00,0.00,0.02,0.11,0.19,461322,1110407,1983863,1087776,1810063,2743864,0,0,0,0,0,0,0,221043,0,337.97,379.81,409.72
256,2,26,45,87,4548,4548,4548,92731,92731,92731,591,591,591,0.17,0.41,0.65,0.07,0.16,0.28,0.05,0.12,0.22,0.00,0.00,0.00,0.01,0.02,0.03,0.00,0.00,0.00,0.04,0.12,0.20,455992,641400,1181899,998442,1230393,1530442,0,0,0,0,0,0,0,265305,0,321.60,355.66,393.72
256,3,97,98,100,4441,4441,4441,92838,92838,92838,591,591,591,0.72,0.84,0.92,0.24,0.31,0.34,0.20,0.26,0.33,0.00,0.00,0.00,0.03,0.05,0.07,0.00,0.00,0.00,0.18,0.22,0.27,353781,566660,1008906,476949,786105,1331232,0,0,0,0,0,0,0,369497,0,369.23,443.62,497.96
257,0,35,72,100,4526,4526,4526,92754,92754,92754,591,591,591,0.15,0.53,0.81,0.06,0.20,0.28,0.03,0.15,0.25,0.00,0.00,0.00,0.00,0.02,0.04,0.00,0.00,0.00,0.03,0.16,0.23,327586,562206,888375,882605,1183882,1420303,0,0,0,0,0,0,0,300887,0,329.69,366.02,383.89
257,1,36,57,97,4441,4441,4441,92838,92838,92838,591,591,591,0.16,0.44,0.82,0.06,0.17,0.34,0.03,0.13,0.25,0.00,0.00,0.00,0.00,0.02,0.05,0.00,0.00,0.00,0.03,0.12,0.21,316471,555431,938217,1048313,1257633,1444016,0,0,0,0,0,0,0,247209,0,327.64,357.24,407.75
257,2,32,79,100,4548,4548,4548,92731,92731,92731,591,591,591,0.14,0.57,0.82,0.05,0.22,0.33,0.03,0.17,0.28,0.00,0.00,0.00,0.00,0.03,0.05,0.00,0.00,0.00,0.02,0.16,0.26,337148,631391,1210751,518824,1172468,1637935,0,0,0,0,0,0,0,384367,0,309.57,356.00,427.38
257,3,35,66,100,4441,4441,4441,92838,92838,92838,591,591,591,0.18,0.54,0.85,0.06,0.18,0.25,0.03,0.16,0.29,0.00,0.00,0.00,0.00,0.03,0.05,0.00,0.00,0.00,0.03,0.13,0.20,332834,495094,1077090,489819,1091904,1381972,0,0,0,0,0,0,0,375059,0,337.43,360.50,404.26
258,0,33,68,97,4526,4526,4526,92754,92754,92754,591,591,591,0.23,0.48,0.69,0.09,0.20,0.28,0.06,0.14,0.19,0.00,0.00,0.00,0.01,0.02,0.03,0.00,0.00,0.00,0.05,0.15,0.26,332827,421905,720600,788839,1047173,1488366,0,0,0,0,0,0,0,303690,0,355.85,382.28,407.89
258,1,58,90,100,4441,4441,4441,92838,92838,92838,591,591,591,0.47,0.72,0.86,0.20,0.25,0.33,0.12,0.21,0.29,0.00,0.00,0.00,0.02,0.04,0.05,0.00,0.00,0.00,0.14,0.19,0.27,7860,723236,1443634,256767,1078585,1556295,0,0,0,0,0,0,0,385921,0,342.16,394.20,459.85
258,2,30,60,100,4548,4548,4548,92731,92731,92731,591,591,591,0.13,0.44,0.83,0.05,0.15,0.25,0.03,0.13,0.28,0.00,0.00,0.00,0.00,0.02,0.05,0.00,0.00,0.00,0.02,0.11,0.20,450772,886975,1717630,967077,1504986,2594773,0,0,0,0,0,0,0,306169,0,336.03,373.09,445.26
258,3,32,66,100,4441,4441,4441,92838,92838,92838,591,591,591,0.21,0.48,0.86,0.08,0.19,0.34,0.05,0.13,0.20,0.00,0.00,0.00,0.01,0.02,0.03,0.00,0.00,0.00,0.05,0.15,0.27,338054,756940,1881718,904068,1356087,2775403,0,0,0,0,0,0,0,253827,0,348.65,411.08,453.21
259,0,36,64,100,4526,4526,4526,92754,92754,92754,591,591,591,0.28,0.43,0.60,0.10,0.17,0.24,0.07,0.12,0.19,0.00,0.00,0.00,0.01,0.02,0.02,0.00,0.00,0.00,0.07,0.13,0.19,335450,581231,1200276,901535,1302915,1766345,0,0,0,0,0,0,0,277414,0,341.10,350.65,370.17
259,1,28,54,90,4441,4441,4441,92838,92838,92838,591,591,591,0.13,0.38,0.68,0.05,0.16,0.25,0.03,0.11,0.24,0.00,0.00,0.00,0.00,0.02,0.04,0.00,0.00,0.00,0.02,0.11,0.22,327580,412663,532753,665644,1099973,1353718,0,0,0,0,0,0,0,253867,0,334.41,377.22,424.20
259,2,35,75,100,4548,4548,4548,92731,92731,92731,591,591,591,0.28,0.57,0.84,0.11,0.22,0.30,0.08,0.16,0.23,0.00,0.00,0.00,0.01,0.02,0.04,0.00,0.00,0.00,0.06,0.17,0.24,490068,756827,1158324,809766,1303492,1575006,0,0,0,0,0,0,0,289418,0,379.91,411.76,439.91
259,3,30,61,100,4441,4441,4441,92838,92838,92838,591,591,591,0.14,0.47,0.80,0.05,0.18,0.27,0.03,0.14,0.27,0.00,0.00,0.00,0.00,0.02,0.04,0.00,0.00,0.00,0.02,0.13,0.22,356418,395712,482168,621075,1067124,1365355,0,0,0,0,0,0,0,334402,0,310.68,334.27,358.67
260,0,30,63,100,4526,4526,4526,92754,92754,92754,591,591,591,0.16,0.46,0.84,0.06,0.18,0.34,0.03,0.14,0.26,0.00,0.00,0.00,0.00,0.02,0.05,0.00,0.00,0.00,0.03,0.12,0.22,215618,444464,964775,812235,1124750,1360114,0,0,0,0,0,0,0,295661,0,327.61,355.61,401.18
260,1,53,77,100,4441,4441,4441,92838,92838,92838,591,591,591,0.28,0.59,0.81,0.11,0.22,0.27,0.09,0.17,0.27,0.00,0.00,0.00,0.01,0.03,0.04,0.00,0.00,0.00,0.06,0.17,0.22,322542,403089,689243,521491,938646,1150486,0,0,0,0,0,0,0,315800,0,354.96,378.62,420.79
260,2,36,48,61,4548,4548,4548,92731,92731,92731,591,591,591,0.28,0.36,0.49,0.12,0.15,0.20,0.08,0.11,0.15,0.00,0.00,0.00,0.01,0.01,0.02,0.00,0.00,0.00,0.08,0.11,0.16,297015,555753,1111135,1024694,1210224,1561878,0,0,0,0,0,0,0,264524,0,315.50,335.42,361.24
260,3,32,64,100,4441,4441,4441,92838,92838,92838,591,591,591,0.19,0.41,0.65,0.08,0.17,0.28,0.03,0.11,0.21,0.00,0.00,0.00,0.01,0.02,0.03,0.00,0.00,0.00,0.05,0.12,0.26,325167,510530,849025,736401,1189676,1691062,0,0,0,0,0,0,0,198518,0,305.02,355.75,400.36
261,0,38,79,100,4526,4526,4526,92754,92754,92754,591,591,591,0.33,0.66,0.83,0.16,0.24,0.33,0.04,0.19,0.27,0.00,0.00,0.00,0.01,0.03,0.05,0.00,0.00,0.00,0.13,0.19,0.30,330202,466457,835990,492620,898313,1475239,0,0,0,0,0,0,0,387481,0,346.65,381.21,440.76
261,1,32,59,96,4441,4441,4441,92838,92838,92838,591,591,591,0.14,0.44,0.91,0.05,0.17,0.32,0.03,0.13,0.32,0.00,0.00,0.00,0.00,0.02,0.07,0.00,0.00,0.00,0.02,0.12,0.26,324968,360063,461241,600137,1017830,1276307,0,0,0,0,0,0,0,169494,0,326.55,377.49,415.44
261,2,31,60,95,4548,4548,4548,92731,92731,92731,591,591,591,0.13,0.46,0.80,0.05,0.18,0.33,0.03,0.14,0.25,0.00,0.00,0.00,0.00,0.02,0.05,0.00,0.00,0.00,0.02,0.12,0.20,445510,952188,2300831,812242,1534531,2942863,0,0,0,0,0,0,0,241420,0,315.80,343.39,376.75
261,3,35,71,100,4441,4441,4441,92838,92838,92838,591,591,591,0.15,0.60,0.79,0.05,0.23,0.34,0.03,0.18,0.27,0.00,0.00,0.00,0.00,0.03,0.04,0.00,0.00,0.00,0.03,0.17,0.27,337915,641498,1124254,712771,1175540,1918324,0,0,0,0,0,0,0,340445,0,341.29,382.33,403.26
262,0,31,62,97,4526,4526,4526,92754,92754,92754,591,591,591,0.14,0.40,0.63,0.05,0.16,0.27,0.03,0.11,0.19,0.00,0.00,0.00,0.00,0.02,0.03,0.00,0.00,0.00,0.03,0.11,0.21,335455,608468,1239382,980158,1341174,1750333,0,0,0,0,0,0,0,302702,0,332.33,385.60,422.05
262,1,31,73,100,4441,4441,4441,92838,92838,92838,591,591,591,0.35,0.67,0.85,0.14,0.24,0.30,0.11,0.20,0.28,0.00,0.00,0.00,0.02,0.03,0.05,0.00,0.00,0.00,0.08,0.18,0.23,340686,497496,775373,464671,916739,1459065,0,0,0,0,0,0,0,450765,0,328.21,412.38,480.58
262,2,34,77,100,4546,4546,4546,92733,92733,92733,591,591,591,0.14,0.57,0.85,0.05,0.18,0.25,0.03,0.17,0.29,0.00,0.00,0.00,0.00,0.03,0.05,0.00,0.00,0.00,0.02,0.14,0.19,466483,678203,1103261,581663,1159355,1821390,0,0,0,0,0,0,0,313046,0,307.00,333.98,395.01
262,3,47,86,100,4441,4441,4441,92838,92838,92838,591,591,591,0.22,0.66,0.84,0.10,0.24,0.30,0.03,0.19,0.28,0.00,0.00,0.00,0.01,0.03,0.05,0.00,0.00,0.00,0.07,0.18,0.24,330205,436577,751979,469136,886789,1312960,0,0,0,0,0,0,0,403423,0,345.78,370.19,430.15
263,0,32,77,100,4526,4526,4526,92754,92754,92754,591,591,591,0.26,0.54,0.78,0.10,0.21,0.28,0.08,0.16,0.24,0.00,0.00,0.00,0.01,0.02,0.03,0.00,0.00,0.00,0.06,0.17,0.23,209392,494668,799644,804538,1074400,1453199,0,0,0,0,0,0,0,200834,0,324.18,368.89,391.47
263,1,27,60,100,4441,4441,4441,92838,92838,92838,591,591,591,0.19,0.42,0.78,0.07,0.16,0.29,0.05,0.12,0.23,0.00,0.00,0.00,0.01,0.02,0.03,0.00,0.00,0.00,0.04,0.13,0.24,343299,530005,689140,828112,1175318,1462130,0,0,0,0,0,0,0,282823,0,321.19,378.26,416.99
263,2,33,69,97,4546,4546,4546,92733,92733,92733,591,591,591,0.14,0.60,0.82,0.05,0.24,0.35,0.03,0.18,0.24,0.00,0.00,0.00,0.00,0.03,0.05,0.00,0.00,0.00,0.02,0.16,0.28,440282,782266,1491192,846443,1280194,1928853,0,0,0,0,0,0,0,293984,0,420.11,465.48,504.49
263,3,31,65,100,4441,4441,4441,92838,92838,92838,591,591,591,0.14,0.49,0.81,0.06,0.18,0.31,0.03,0.14,0.22,0.00,0.00,0.00,0.00,0.02,0.03,0.00,0.00,0.00,0.03,0.14,0.25,241394,1017776,2692316,950004,1658195,3528217,0,0,0,0,0,0,0,298835,0,377.02,396.28,441.11
264,0,33,75,100,4526,4526,4526,92754,92754,92754,591,591,591,0.30,0.58,0.89,0.12,0.23,0.33,0.09,0.17,0.30,0.00,0.00,0.00,0.01,0.03,0.06,0.00,0.00,0.00,0.07,0.17,0.24,335454,411482,644631,545097,955592,1417664,0,0,0,0,0,0,0,313776,0,331.10,368.81,405.60
264,1,39,68,90,4441,4441,4441,92838,92838,92838,591,591,591,0.16,0.51,0.69,0.06,0.20,0.30,0.03,0.15,0.23,0.00,0.00,0.00,0.00,0.02,0.04,0.00,0.00,0.00,0.03,0.16,0.24,330216,454050,823607,948688,1085629,1202891,0,0,0,0,0,0,0,309966,0,322.95,356.16,395.26
264,2,28,76,100,4544,4544,4544,92735,92735,92735,591,591,591,0.13,0.58,0.86,0.05,0.20,0.31,0.03,0.16,0.28,0.00,0.00,0.00,0.00,0.03,0.05,0.00,0.00,0.00,0.02,0.15,0.24,482211,804943,1239658,782568,1276851,1482826,0,0,0,0,0,0,0,398483,0,305.51,351.39,425.15
264,3,26,51,83,4441,4441,4441,92838,92838,92838,591,591,591,0.33,0.39,0.47,0.12,0.15,0.18,0.09,0.11,0.14,0.00,0.00,0.00,0.01,0.01,0.02,0.00,0.00,0.00,0.09,0.12,0.14,340653,417016,698794,891010,1110068,1284034,0,0,0,0,0,0,0,272592,0,318.39,352.87,382.92
265,0,33,62,100,4524,4524,4526,92754,92755,92756,591,591,591,0.16,0.45,0.85,0.06,0.16,0.25,0.03,0.13,0.28,0.00,0.00,0.00,0.00,0.02,0.05,0.00,0.00,0.00,0.03,0.11,0.19,322326,444459,694507,626304,1135786,1740200,0,0,0,0,0,0,0,319891,0,328.47,348.41,374.66
265,1,32,69,100,4441,4441,4441,92838,92838,92838,591,591,591,0.15,0.52,0.81,0.06,0.19,0.29,0.03,0.15,0.27,0.00,0.00,0.00,0.00,0.02,0.04,0.00,0.00,0.00,0.03,0.14,0.24,324967,521437,1100440,584119,1114682,1768565,0,0,0,0,0,0,0,346215,0,329.87,359.57,382.44
265,2,31,60,94,4544,4544,4544,92735,92735,92735,591,591,591,0.14,0.47,0.83,0.05,0.19,0.34,0.03,0.13,0.29,0.00,0.00,0.00,0.00,0.02,0.06,0.00,0.00,0.00,0.02,0.13,0.28,463868,591742,1032572,715444,1251627,1949832,0,0,0,0,0,0,0,248553,0,342.62,424.44,494.07
265,3,34,65,100,4441,4441,4441,92838,92838,92838,591,591,591,0.23,0.43,0.63,0.08,0.17,0.23,0.05,0.12,0.17,0.00,0.00,0.00,0.01,0.02,0.02,0.00,0.00,0.00,0.06,0.13,0.22,141514,398860,626346,749501,1137877,1446625,0,0,0,0,0,0,0,302975,0,311.04,325.98,344.20
266,0,35,79,100,4524,4524,4524,92756,92756,92756,591,591,591,0.15,0.68,0.84,0.06,0.25,0.34,0.03,0.21,0.28,0.00,0.00,0.00,0.00,0.04,0.05,0.00,0.00,0.00,0.03,0.17,0.26,338059,714292,1527834,652527,1115002,1645763,0,0,0,0,0,0,0,300147,0,381.67,436.76,492.02
266,1,30,54,95,4441,4441,4441,92838,92838,92838,591,591,591,0.17,0.40,0.74,0.06,0.16,0.26,0.03,0.12,0.24,0.00,0.00,0.00,0.00,0.02,0.03,0.00,0.00,0.00,0.04,0.12,0.22,332804,920721,1912040,1017191,1582306,2648917,0,0,0,0,0,0,0,293326,0,315.24,361.15,403.74
266,2,29,82,100,4544,4544,4544,92735,92735,92735,591,591,591,0.13,0.62,0.84,0.05,0.22,0.33,0.03,0.19,0.28,0.00,0.00,0.00,0.00,0.03,0.05,0.00,0.00,0.00,0.02,0.16,0.26,461221,958110,2432035,602657,1360116,3330944,0,0,0,0,0,0,0,256020,0,354.10,399.73,453.74
266,3,37,57,77,4441,4441,4441,92838,92838,92838,591,591,591,0.22,0.37,0.55,0.09,0.15,0.23,0.07,0.11,0.19,0.00,0.00,0.00,0.01,0.01,0.03,0.00,0.00,0.00,0.06,0.11,0.16,345934,536977,1019448,829818,1232559,1698206,0,0,0,0,0,0,0,201663,0,296.62,317.33,341.01
267,0,37,79,100,4520,4520,4520,92760,92760,92760,591,591,591,0.18,0.67,0.86,0.08,0.23,0.35,0.03,0.19,0.29,0.00,0.00,0.00,0.00,0.03,0.05,0.00,0.00,0.00,0.05,0.18,0.29,312384,428146,825503,466186,852600,1170175,0,0,0,0,0,0,0,381180,0,327.18,366.90,437.02
267,1,25,49,84,4441,4441,4441,92838,92838,92838,591,591,591,0.24,0.34,0.44,0.09,0.14,0.19,0.07,0.10,0.14,0.00,0.00,0.00,0.01,0.01,0.01,0.00,0.00,0.00,0.05,0.11,0.14,343182,393727,568676,892477,1075203,1263142,0,0,0,0,0,0,0,176748,0,311.86,329.46,344.49
267,2,35,65,100,4544,4544,4544,92735,92735,92735,591,591,591,0.26,0.49,0.80,0.10,0.19,0.27,0.07,0.14,0.26,0.00,0.00,0.00,0.01,0.02,0.04,0.00,0.00,0.00,0.06,0.15,0.23,421931,1135435,2373209,1210870,1751479,2817873,0,0,0,0,0,0,0,308335,0,352.42,375.47,389.30
267,3,30,56,97,4441,4441,4441,92838,92838,92838,591,591,591,0.14,0.42,0.73,0.05,0.16,0.31,0.03,0.12,0.24,0.00,0.00,0.00,0.00,0.02,0.04,0.00,0.00,0.00,0.02,0.11,0.21,313162,524104,879057,739089,1225419,1522621,0,0,0,0,0,0,0,311105,0,300.24,349.55,388.10
268,0,34,70,100,4520,4520,4520,92760,92760,92760,591,591,591,0.21,0.53,0.78,0.09,0.21,0.30,0.03,0.16,0.25,0.00,0.00,0.00,0.01,0.02,0.04,0.00,0.00,0.00,0.06,0.16,0.24,338064,694468,1666733,712817,1276773,2025762,0,0,0,0,0,0,0,317177,0,379.38,418.42,487.79
268,1,29,63,100,4441,4441,4441,92838,92838,92838,591,591,591,0.18,0.52,0.76,0.07,0.21,0.30,0.03,0.15,0.25,0.00,0.00,0.00,0.01,0.02,0.04,0.00,0.00,0.00,0.04,0.15,0.27,149379,460529,733777,808890,1040212,1517345,0,0,0,0,0,0,0,333946,0,306.59,346.50,387.26
268,2,33,66,100,4544,4544,4544,92735,92735,92735,591,591,591,0.14,0.45,0.65,0.05,0.17,0.26,0.03,0.13,0.20,0.00,0.00,0.00,0.00,0.02,0.03,0.00,0.00,0.00,0.02,0.13,0.24,448139,680851,1111177,982822,1367817,1757614,0,0,0,0,0,0,0,269002,0,325.78,341.82,359.77
268,3,48,78,100,4441,4441,4441,92838,92838,92838,591,591,591,0.19,0.55,0.82,0.07,0.21,0.32,0.04,0.15,0.28,0.00,0.00,0.00,0.01,0.02,0.04,0.00,0.00,0.00,0.04,0.16,0.27,133649,471717,1139990,547725,1026247,2049361,0,0,0,0,0,0,0,359740,0,364.29,372.91,391.44
269,0,37,64,80,4520,4520,4520,92760,92760,92760,591,591,591,0.17,0.41,0.72,0.07,0.17,0.31,0.05,0.12,0.25,0.00,0.00,0.00,0.01,0.02,0.04,0.00,0.00,0.00,0.04,0.12,0.21,322329,412740,644671,718036,1048228,1344376,0,0,0,0,0,0,0,205502,0,336.02,362.66,403.14
269,1,32,68,100,4441,4441,4441,92838,92838,92838,591,591,591,0.14,0.46,0.84,0.05,0.16,0.25,0.03,0.13,0.28,0.00,0.00,0.00,0.00,0.02,0.05,0.00,0.00,0.00,0.02,0.12,0.19,348510,399640,521525,505760,1056107,1464988,0,0,0,0,0,0,0,301910,0,338.07,356.21,379.95
269,2,31,59,93,4544,4544,4544,92735,92735,92735,591,591,591,0.13,0.45,0.67,0.05,0.18,0.29,0.03,0.13,0.19,0.00,0.00,0.00,0.00,0.02,0.03,0.00,0.00,0.00,0.02,0.13,0.22,461248,698405,1181885,956566,1370611,1973303,0,0,0,0,0,0,0,337947,0,341.87,371.23,388.77
269,3,24,43,73,4441,4441,4441,92838,92838,92838,591,591,591,0.19,0.38,0.67,0.08,0.15,0.25,0.06,0.11,0.21,0.00,0.00,0.00,0.01,0.01,0.02,0.00,0.00,0.00,0.04,0.12,0.21,345902,432529,670891,930039,1103188,1367989,0,0,0,0,0,0,0,232507,0,295.57,339.57,400.87
270,0,32,67,100,4520,4520,4520,92760,92760,92760,591,591,591,0.15,0.54,0.82,0.05,0.21,0.31,0.03,0.16,0.26,0.00,0.00,0.00,0.00,0.02,0.04,0.00,0.00,0.00,0.02,0.15,0.25,226250,501610,812413,551517,1069864,1821379,0,0,0,0,0,0,0,359776,0,302.00,366.93,406.65
270,1,26,64,100,4441,4441,4441,92838,92838,92838,591,591,591,0.15,0.51,0.83,0.06,0.20,0.30,0.04,0.14,0.23,0.00,0.00,0.00,0.00,0.02,0.04,0.00,0.00,0.00,0.03,0.16,0.24,319649,588478,854311,723141,1121581,1609041,0,0,0,0,0,0,0,258412,0,365.08,402.67,421.94
270,2,32,64,100,4544,4544,4544,92735,92735,92735,591,591,591,0.14,0.52,0.81,0.05,0.20,0.33,0.03,0.15,0.27,0.00,0.00,0.00,0.00,0.02,0.05,0.00,0.00,0.00,0.02,0.15,0.29,455999,770979,1106042,825487,1373187,2062161,0,0,0,0,0,0,0,276874,0,367.73,384.11,393.39
270,3,36,64,100,4441,4441,4441,92838,92838,92838,591,591,591,0.16,0.45,0.71,0.06,0.18,0.27,0.03,0.13,0.19,0.00,0.00,0.00,0.00,0.02,0.03,0.00,0.00,0.00,0.03,0.13,0.25,343301,524151,934108,911976,1238226,1834856,0,0,0,0,0,0,0,272551,0,304.87,330.74,360.48
271,0,26,66,100,4520,4520,4520,92760,92760,92760,591,591,591,0.14,0.45,0.81,0.05,0.17,0.30,0.03,0.12,0.23,0.00,0.00,0.00,0.00,0.02,0.03,0.00,0.00,0.00,0.02,0.14,0.25,335432,421910,594879,767818,1092778,1375843,0,0,0,0,0,0,0,341239,0,341.83,368.94,395.81
271,1,30,63,95,4441,4441,4441,92838,92838,92838,591,591,591,0.14,0.50,0.79,0.05,0.19,0.34,0.03,0.16,0.28,0.00,0.00,0.00,0.00,0.03,0.06,0.00,0.00,0.00,0.02,0.13,0.24,248964,412467,718079,505790,1024072,1640574,0,0,0,0,0,0,0,325436,0,314.21,360.85,398.42
271,2,41,74,100,4544,4544,4544,92735,92735,92735,591,591,591,0.34,0.59,0.81,0.13,0.22,0.27,0.08,0.18,0.27,0.00,0.00,0.00,0.01,0.03,0.04,0.00,0.00,0.00,0.11,0.17,0.21,453336,545177,842149,649680,1024870,1387275,0,0,0,0,0,0,0,295388,0,366.49,383.94,409.28
271,3,31,67,100,4441,4441,4441,92838,92838,92838,591,591,591,0.18,0.46,0.76,0.07,0.17,0.27,0.03,0.14,0.25,0.00,0.00,0.00,0.01,0.02,0.03,0.00,0.00,0.00,0.04,0.13,0.23,335415,442346,786159,848987,1155658,1339152,0,0,0,0,0,0,0,335667,0,327.24,356.15,379.50
272,0,33,65,100,4520,4520,4520,92760,92760,92760,591,591,591,0.20,0.51,0.75,0.08,0.20,0.28,0.03,0.15,0.24,0.00,0.00,0.00,0.01,0.02,0.04,0.00,0.00,0.00,0.05,0.16,0.26,327549,686075,1797755,718097,1296663,2285194,0,0,0,0,0,0,0,268176,0,310.27,359.63,400.62
272,1,32,77,100,4437,4437,4437,92842,92842,92842,591,591,591,0.14,0.61,0.86,0.05,0.20,0.31,0.03,0.18,0.29,0.00,0.00,0.00,0.00,0.03,0.05,0.00,0.00,0.00,0.02,0.15,0.25,338138,419100,539812,466578,881140,1318208,0,0,0,0,0,0,0,392564,0,314.38,360.77,437.71
272,2,34,74,100,4544,4544,4544,92735,92735,92735,591,591,591,0.21,0.57,0.80,0.09,0.22,0.33,0.03,0.17,0.26,0.00,0.00,0.00,0.01,0.03,0.05,0.00,0.00,0.00,0.06,0.16,0.25,456033,594374,843859,851636,1164642,1868545,0,0,0,0,0,0,0,321101,0,310.13,363.53,400.17
272,3,32,72,100,4441,4441,4441,92838,92838,92838,591,591,591,0.14,0.53,0.80,0.05,0.20,0.29,0.03,0.15,0.24,0.00,0.00,0.00,0.00,0.02,0.04,0.00,0.00,0.00,0.02,0.16,0.24,7862,733148,1559267,524133,1341562,2523655,0,0,0,0,0,0,0,216072,0,338.68,370.46,385.32
273,0,0,17,86,4520,4520,4520,92760,92760,92760,591,591,591,0.00,0.20,0.79,0.00,0.08,0.32,0.00,0.07,0.25,0.00,0.00,0.00,0.00,0.01,0.05,0.00,0.00,0.00,0.00,0.05,0.19,192732,617213,1257850,202787,715674,1409840,0,0,0,0,0,0,0,202735,0,200.02,262.27,310.06
273,1,27,52,85,4437,4437,4437,92842,92842,92842,591,591,591,0.26,0.36,0.46,0.10,0.15,0.21,0.05,0.10,0.13,0.00,0.00,0.00,0.01,0.01,0.02,0.00,0.00,0.00,0.07,0.11,0.20,345933,539847,822895,707590,1225390,1632687,0,0,0,0,0,0,0,263641,0,316.48,387.31,452.75
273,2,28,57,100,4544,4544,4544,92735,92735,92735,591,591,591,0.12,0.40,0.83,0.04,0.14,0.25,0.02,0.12,0.28,0.00,0.00,0.00,0.00,0.02,0.05,0.00,0.00,0.00,0.02,0.10,0.19,185849,862829,2036995,676135,1477578,2868047,0,0,0,0,0,0,0,250035,0,320.12,356.49,407.35
273,3,24,63,97,4437,4439,4441,92838,92839,92842,591,591,591,0.14,0.49,0.92,0.05,0.20,0.35,0.03,0.14,0.33,0.00,0.00,0.00,0.00,0.03,0.07,0.00,0.00,0.00,0.03,0.13,0.25,343310,428816,587031,583694,1078070,1575899,0,0,0,0,0,0,0,234140,0,327.30,378.64,422.41
274,0,33,68,100,4520,4520,4520,92760,92760,92760,591,591,591,0.16,0.49,0.82,0.06,0.18,0.27,0.03,0.14,0.27,0.00,0.00,0.00,0.00,0.02,0.05,0.00,0.00,0.00,0.03,0.14,0.22,332822,411944,524141,550259,1022008,1449251,0,0,0,0,0,0,0,341301,0,250.96,319.46,377.98
274,1,34,70,100,4437,4437,4437,92842,92842,92842,591,591,591,0.17,0.53,0.78,0.07,0.21,0.29,0.05,0.16,0.23,0.00,0.00,0.00,0.01,0.02,0.03,0.00,0.00,0.00,0.04,0.16,0.24,26206,594385,951334,809772,1174078,1407704,0,0,0,0,0,0,0,250916,0,324.68,354.85,373.67
274,2,29,82,100,4544,4544,4544,92735,92735,92735,591,591,591,0.13,0.55,0.84,0.05,0.21,0.33,0.03,0.15,0.28,0.00,0.00,0.00,0.00,0.02,0.05,0.00,0.00,0.00,0.02,0.16,0.29,458612,757226,1356313,858740,1270012,1561723,0,0,0,0,0,0,0,267663,0,360.47,394.92,453.43
274,3,34,80,100,4437,4437,4437,92842,92842,92842,591,591,591,0.34,0.71,0.85,0.13,0.24,0.30,0.11,0.21,0.29,0.00,0.00,0.00,0.02,0.04,0.05,0.00,0.00,0.00,0.08,0.19,0.25,324962,434962,720270,490033,771976,1111162,0,0,0,0,0,0,0,401850,0,324.11,402.83,469.12
275,0,39,63,83,4520,4520,4520,92760,92760,92760,591,591,591,0.22,0.47,0.80,0.08,0.19,0.33,0.06,0.14,0.25,0.00,0.00,0.00,0.01,0.02,0.05,0.00,0.00,0.00,0.05,0.13,0.21,335420,668259,1195009,1029846,1271653,1931408,0,0,0,0,0,0,0,219470,0,348.40,381.74,404.71
275,1,30,51,100,4437,4437,4437,92842,92842,92842,591,591,591,0.14,0.40,0.65,0.05,0.16,0.26,0.03,0.11,0.17,0.00,0.00,0.00,0.00,0.02,0.02,0.00,0.00,0.00,0.02,0.13,0.24,330212,592464,904897,1001092,1282778,1587938,0,0,0,0,0,0,0,283021,0,323.06,344.28,380.35
275,2,29,66,100,4544,4544,4544,92735,92735,92735,591,591,591,0.14,0.51,0.81,0.05,0.20,0.29,0.03,0.15,0.24,0.00,0.00,0.00,0.00,0.02,0.04,0.00,0.00,0.00,0.03,0.15,0.23,479564,614542,959176,872664,1201566,1404695,0,0,0,0,0,0,0,294211,0,334.46,355.86,381.68
275,3,42,77,95,4437,4437,4437,92842,92842,92842,591,591,591,0.32,0.46,0.74,0.12,0.18,0.28,0.08,0.13,0.22,0.00,0.00,0.00,0.01,0.02,0.03,0.00,0.00,0.00,0.09,0.13,0.23,327535,697068,1176597,935594,1413119,2067561,0,0,0,0,0,0,0,291566,0,342.12,379.15,410.82
276,0,28,69,100,4520,4520,4520,92760,92760,92760,591,591,591,0.14,0.56,0.83,0.05,0.20,0.32,0.03,0.15,0.28,0.00,0.00,0.00,0.00,0.03,0.05,0.00,0.00,0.00,0.02,0.15,0.26,324962,543499,946055,476895,1078091,1863283,0,0,0,0,0,0,0,356574,0,317.10,343.59,391.26
276,1,24,59,100,4437,4437,4437,92842,92842,92842,591,591,591,0.11,0.41,0.65,0.04,0.16,0.24,0.02,0.12,0.17,0.00,0.00,0.00,0.00,0.02,0.02,0.00,0.00,0.00,0.02,0.13,0.20,324975,428216,594894,697123,1067649,1297284,0,0,0,0,0,0,0,240645,0,314.24,339.98,367.01
276,2,25,66,100,4544,4544,4544,92735,92735,92735,591,591,591,0.12,0.47,0.80,0.05,0.18,0.27,0.03,0.14,0.26,0.00,0.00,0.00,0.00,0.02,0.04,0.00,0.00,0.00,0.02,0.14,0.22,450783,789850,1478041,870002,1337043,2316646,0,0,0,0,0,0,0,303437,0,308.68,351.02,385.40
276,3,0,10,38,4437,4437,4437,92842,92842,92842,591,591,591,0.00,0.10,0.43,0.00,0.04,0.17,0.00,0.03,0.10,0.00,0.00,0.00,0.00,0.00,0.01,0.00,0.00,0.00,0.00,0.04,0.17,304251,464669,903794,320264,575271,916669,0,0,0,0,0,0,0,156137,0,183.96,252.98,342.84
277,0,33,52,96,4520,4520,4520,92760,92760,92760,591,591,591,0.14,0.45,0.81,0.05,0.18,0.33,0.03,0.14,0.24,0.00,0.00,0.00,0.00,0.02,0.05,0.00,0.00,0.00,0.02,0.12,0.20,221866,367305,626317,643931,967389,1273684,0,0,0,0,0,0,0,293817,0,337.47,384.46,410.58
277,1,31,66,98,4437,4437,4437,92842,92842,92842,591,591,591,0.30,0.42,0.77,0.11,0.16,0.29,0.07,0.12,0.22,0.00,0.00,0.00,0.01,0.02,0.03,0.00,0.00,0.00,0.07,0.12,0.25,338968,398501,492570,974905,1108260,1275042,0,0,0,0,0,0,0,349128,0,302.20,328.30,362.10
277,2,31,68,100,4544,4544,4544,92735,92735,92735,591,591,591,0.17,0.52,0.68,0.07,0.21,0.30,0.03,0.15,0.20,0.00,0.00,0.00,0.00,0.02,0.03,0.00,0.00,0.00,0.04,0.16,0.24,463221,793279,1333438,932942,1397814,2310594,0,0,0,0,0,0,0,295582,0,368.21,376.75,390.40
277,3,35,51,78,4437,4437,4437,92842,92842,92842,591,591,591,0.19,0.41,0.61,0.07,0.16,0.23,0.05,0.12,0.19,0.00,0.00,0.00,0.01,0.02,0.03,0.00,0.00,0.00,0.04,0.12,0.18,385121,446184,552940,862205,1151792,1310285,0,0,0,0,0,0,0,296103,0,193.03,281.92,332.43
278,0,36,84,100,4520,4520,4520,92760,92760,92760,591,591,591,0.15,0.64,0.86,0.06,0.22,0.31,0.03,0.18,0.29,0.00,0.00,0.00,0.00,0.03,0.05,0.00,0.00,0.00,0.03,0.17,0.25,330191,944982,1640483,445496,1427157,2306248,0,0,0,0,0,0,0,392124,0,323.67,357.74,429.40
278,1,29,67,100,4437,4437,4437,92842,92842,92842,591,591,591,0.15,0.47,0.71,0.06,0.19,0.27,0.03,0.14,0.22,0.00,0.00,0.00,0.00,0.02,0.04,0.00,0.00,0.00,0.03,0.15,0.22,10482,436953,953944,684003,1013156,1850233,0,0,0,0,0,0,0,289168,0,347.13,367.79,396.19
278,2,31,52,94,4544,4544,4544,92735,92735,92735,591,591,591,0.14,0.40,0.88,0.05,0.16,0.35,0.03,0.12,0.29,0.00,0.00,0.00,0.00,0.02,0.06,0.00,0.00,0.00,0.02,0.10,0.20,455997,637872,1312971,1150428,1310862,1564559,0,0,0,0,0,0,0,218604,0,321.75,365.79,419.46
278,3,34,66,100,4437,4437,4437,92842,92842,92842,591,591,591,0.15,0.49,0.76,0.06,0.19,0.33,0.03,0.14,0.26,0.00,0.00,0.00,0.00,0.02,0.04,0.00,0.00,0.00,0.03,0.15,0.25,2620,339630,610620,704964,994258,1627446,0,0,0,0,0,0,0,172726,0,354.74,368.95,390.08
279,0,34,52,75,4520,4520,4520,92760,92760,92760,591,591,591,0.25,0.35,0.42,0.11,0.15,0.18,0.04,0.09,0.13,0.00,0.00,0.00,0.01,0.01,0.02,0.00,0.00,0.00,0.07,0.11,0.17,229256,449143,812384,757371,1138152,1504735,0,0,0,0,0,0,0,248426,0,298.88,374.46,442.75
279,1,32,50,93,4437,4437,4437,92842,92842,92842,591,591,591,0.14,0.39,0.78,0.05,0.16,0.30,0.03,0.11,0.26,0.00,0.00,0.00,0.00,0.02,0.05,0.00,0.00,0.00,0.02,0.11,0.20,351160,401469,531978,749515,1169296,1365334,0,0,0,0,0,0,0,276826,0,328.04,357.82,397.22
279,2,30,78,100,4544,4544,4544,92735,92735,92735,591,591,591,0.26,0.65,0.84,0.12,0.24,0.33,0.03,0.19,0.28,0.00,0.00,0.00,0.01,0.03,0.05,0.00,0.00,0.00,0.09,0.19,0.26,497935,790326,1181902,799474,1214847,1609111,0,0,0,0,0,0,0,386191,0,318.72,370.01,444.94
279,3,64,87,100,4437,4437,4437,92842,92842,92842,591,591,591,0.24,0.63,0.82,0.09,0.23,0.31,0.05,0.19,0.28,0.00,0.00,0.00,0.01,0.03,0.04,0.00,0.00,0.00,0.06,0.18,0.25,359031,481241,796480,707469,961007,1396010,0,0,0,0,0,0,0,298404,0,366.59,384.83,403.02
280,0,31,80,100,4520,4520,4520,92760,92760,92760,591,591,591,0.17,0.57,0.81,0.07,0.21,0.30,0.03,0.18,0.27,0.00,0.00,0.00,0.00,0.03,0.04,0.00,0.00,0.00,0.04,0.17,0.24,364268,644299,1320416,770467,1202864,1852250,0,0,0,0,0,0,0,342715,0,355.12,375.62,404.14
280,1,55,88,100,4437,4437,4437,92842,92842,92842,591,591,591,0.29,0.71,0.92,0.10,0.26,0.36,0.09,0.22,0.32,0.00,0.00,0.00,0.01,0.04,0.07,0.00,0.00,0.00,0.06,0.19,0.28,332788,411429,657730,471718,800332,1166249,0,0,0,0,0,0,0,333374,0,379.55,417.20,464.85
280,2,28,50,100,4544,4544,4544,92735,92735,92735,591,591,591,0.20,0.38,0.63,0.08,0.15,0.24,0.06,0.11,0.19,0.00,0.00,0.00,0.01,0.02,0.02,0.00,0.00,0.00,0.04,0.11,0.19,456008,669834,1191512,1171453,1364807,1624789,0,0,0,0,0,0,0,267101,0,333.63,378.13,429.69
280,3,34,54,81,4437,4437,4437,92842,92842,92842,591,591,591,0.19,0.40,0.62,0.07,0.16,0.23,0.05,0.11,0.17,0.00,0.00,0.00,0.01,0.01,0.02,0.00,0.00,0.00,0.04,0.13,0.19,372074,506285,744262,1095447,1215911,1393990,0,0,0,0,0,0,0,254579,0,324.31,349.63,369.16
281,0,36,66,95,4520,4520,4520,92760,92760,92760,591,591,591,0.29,0.54,0.90,0.11,0.22,0.34,0.08,0.16,0.30,0.00,0.00,0.00,0.01,0.03,0.06,0.00,0.00,0.00,0.07,0.16,0.20,332822,469753,825518,518883,1003056,1341794,0,0,0,0,0,0,0,249159,0,336.26,367.07,409.58
281,1,33,60,100,4435,4435,4435,92844,92844,92844,591,591,591,0.15,0.49,0.85,0.05,0.16,0.25,0.03,0.14,0.28,0.00,0.00,0.00,0.00,0.02,0.05,0.00,0.00,0.00,0.02,0.14,0.29,317101,530613,1044610,555415,1205020,1714738,0,0,0,0,0,0,0,321050,0,325.35,346.29,375.71
281,2,27,64,92,4544,4544,4544,92735,92735,92735,591,591,591,0.27,0.43,0.65,0.11,0.18,0.28,0.08,0.13,0.20,0.00,0.00,0.00,0.01,0.02,0.02,0.00,0.00,0.00,0.06,0.14,0.22,466474,952489,2287380,1050821,1563074,2774725,0,0,0,0,0,0,0,343343,0,318.10,345.24,369.88
281,3,31,67,100,4437,4437,4437,92842,92842,92842,591,591,591,0.18,0.46,0.80,0.07,0.18,0.28,0.03,0.14,0.26,0.00,0.00,0.00,0.01,0.02,0.04,0.00,0.00,0.00,0.03,0.13,0.22,10482,768460,1637953,377385,1398688,2605001,0,0,0,0,0,0,0,290292,0,312.42,341.46,359.19
282,0,32,61,100,4516,4516,4520,92760,92763,92764,591,591,591,0.15,0.45,0.84,0.05,0.15,0.26,0.03,0.13,0.28,0.00,0.00,0.00,0.00,0.02,0.05,0.00,0.00,0.00,0.02,0.11,0.20,319715,540378,906745,466473,1235888,1595976,0,0,0,0,0,0,0,296825,0,317.86,334.19,354.20
282,1,0,20,100,4435,4435,4435,92844,92844,92844,591,591,591,0.00,0.16,0.78,0.00,0.07,0.33,0.00,0.03,0.15,0.00,0.00,0.00,0.00,0.01,0.03,0.00,0.00,0.00,0.00,0.06,0.30,301409,387883,655160,314514,456021,932949,0,0,0,0,0,0,0,116140,0,217.42,348.00,435.27
282,2,27,53,96,4538,4541,4544,92735,92737,92741,591,591,591,0.14,0.42,0.89,0.05,0.16,0.34,0.03,0.11,0.30,0.00,0.00,0.00,0.00,0.02,0.06,0.00,0.00,0.00,0.02,0.10,0.19,466470,1297796,3970503,644709,1996999,4591631,0,0,0,0,0,0,0,247402,0,317.80,354.26,386.92
282,3,33,71,100,4437,4437,4437,92842,92842,92842,591,591,591,0.14,0.53,0.81,0.05,0.21,0.31,0.03,0.15,0.24,0.00,0.00,0.00,0.00,0.02,0.03,0.00,0.00,0.00,0.02,0.16,0.25,338066,545871,772165,840079,1149326,1501635,0,0,0,0,0,0,0,287291,0,369.20,376.23,384.27
283,0,49,72,100,4516,4516,4516,92764,92764,92764,591,591,591,0.28,0.52,0.86,0.11,0.19,0.35,0.08,0.15,0.28,0.00,0.00,0.00,0.01,0.02,0.05,0.00,0.00,0.00,0.08,0.15,0.29,335435,501036,938136,471728,995727,1213020,0,0,0,0,0,0,0,281679,0,352.63,407.60,444.33
283,1,0,43,100,4435,4435,4435,92844,92844,92844,591,591,591,0.00,0.36,0.75,0.00,0.14,0.28,0.00,0.11,0.22,0.00,0.00,0.00,0.00,0.01,0.03,0.00,0.00,0.00,0.00,0.10,0.23,345936,430305,513620,461249,913025,1247440,0,0,0,0,0,0,0,275413,0,143.51,219.23,308.84
283,2,80,95,100,4538,4538,4538,92741,92741,92741,591,591,591,0.70,0.83,0.89,0.24,0.29,0.34,0.17,0.26,0.30,0.00,0.00,0.00,0.02,0.05,0.06,0.00,0.00,0.00,0.18,0.21,0.29,437090,849775,1221615,558647,1049662,1349936,0,0,0,0,0,0,0,363301,0,320.71,420.40,501.75
283,3,35,66,100,4437,4437,4437,92842,92842,92842,591,591,591,0.19,0.49,0.71,0.07,0.20,0.29,0.05,0.15,0.22,0.00,0.00,0.00,0.01,0.02,0.03,0.00,0.00,0.00,0.04,0.15,0.23,227995,783025,2403014,794064,1410926,2840641,0,0,0,0,0,0,0,241202,0,355.28,377.70,402.56
284,0,35,65,96,4516,4516,4516,92764,92764,92764,591,591,591,0.33,0.48,0.90,0.12,0.19,0.33,0.08,0.15,0.31,0.00,0.00,0.00,0.01,0.02,0.06,0.00,0.00,0.00,0.07,0.13,0.18,157244,525009,1077116,492666,1171620,1637950,0,0,0,0,0,0,0,291384,0,280.20,331.50,372.34
284,1,28,60,100,4435,4435,4435,92844,92844,92844,591,591,591,0.13,0.50,0.69,0.05,0.20,0.30,0.03,0.15,0.24,0.00,0.00,0.00,0.00,0.02,0.04,0.00,0.00,0.00,0.02,0.15,0.25,317098,454930,681327,801901,1014695,1189801,0,0,0,0,0,0,0,343115,0,326.55,361.41,385.18
284,2,29,54,100,4538,4538,4538,92741,92741,92741,591,591,591,0.13,0.40,0.85,0.05,0.14,0.24,0.03,0.11,0.29,0.00,0.00,0.00,0.00,0.02,0.05,0.00,0.00,0.00,0.02,0.10,0.18,466498,936605,1928776,702341,1619011,2817166,0,0,0,0,0,0,0,236401,0,312.21,356.70,446.44
284,3,33,68,100,4437,4437,4437,92842,92842,92842,591,591,591,0.17,0.45,0.77,0.07,0.18,0.31,0.03,0.13,0.25,0.00,0.00,0.00,0.00,0.02,0.03,0.00,0.00,0.00,0.04,0.13,0.27,338074,661939,1282091,802149,1387238,2256689,0,0,0,0,0,0,0,300435,0,345.97,363.52,397.45
285,0,35,78,100,4516,4516,4516,92764,92764,92764,591,591,591,0.15,0.57,0.84,0.06,0.19,0.26,0.03,0.17,0.28,0.00,0.00,0.00,0.00,0.03,0.05,0.00,0.00,0.00,0.03,0.14,0.20,337977,478515,694477,468976,1043522,1690352,0,0,0,0,0,0,0,370178,0,331.60,354.69,411.46
285,1,28,66,100,4435,4435,4435,92844,92844,92844,591,591,591,0.14,0.48,0.82,0.05,0.18,0.29,0.03,0.13,0.27,0.00,0.00,0.00,0.00,0.02,0.04,0.00,0.00,0.00,0.02,0.13,0.24,241100,469736,1106518,410569,1075441,1696159,0,0,0,0,0,0,0,325333,0,355.92,363.94,373.26
285,2,26,62,100,4538,4538,4538,92741,92741,92741,591,591,591,0.12,0.54,0.85,0.04,0.20,0.34,0.03,0.16,0.29,0.00,0.00,0.00,0.00,0.02,0.05,0.00,0.00,0.00,0.02,0.15,0.28,347679,628750,1375762,454253,1101831,1810765,0,0,0,0,0,0,0,282369,0,388.23,420.32,469.19
285,3,32,65,100,4437,4437,4437,92842,92842,92842,591,591,591,0.22,0.52,0.77,0.08,0.20,0.30,0.03,0.15,0.24,0.00,0.00,0.00,0.01,0.02,0.04,0.00,0.00,0.00,0.04,0.15,0.24,668270,1169838,1837114,1231713,1793550,2725533,0,0,0,0,0,0,0,327849,0,368.85,383.50,394.62
286,0,33,70,100,4516,4516,4516,92764,92764,92764,591,591,591,0.26,0.58,0.81,0.10,0.23,0.35,0.05,0.16,0.27,0.00,0.00,0.00,0.01,0.03,0.04,0.00,0.00,0.00,0.05,0.17,0.31,213134,624844,1284135,676141,1168303,1499032,0,0,0,0,0,0,0,331682,0,372.59,426.91,492.92
286,1,33,77,99,4435,4435,4435,92844,92844,92844,591,591,591,0.17,0.57,0.87,0.07,0.22,0.33,0.03,0.17,0.30,0.00,0.00,0.00,0.01,0.03,0.06,0.00,0.00,0.00,0.04,0.16,0.27,340673,488987,657801,531974,1024616,1417600,0,0,0,0,0,0,0,332938,0,389.95,398.10,406.39
286,2,23,51,100,4538,4538,4538,92741,92741,92741,591,591,591,0.27,0.38,0.71,0.11,0.15,0.28,0.08,0.11,0.18,0.00,0.00,0.00,0.01,0.01,0.03,0.00,0.00,0.00,0.08,0.12,0.25,445894,706165,1227775,956970,1343809,1656850,0,0,0,0,0,0,0,230213,0,306.98,331.59,374.22
286,3,57,85,100,4437,4437,4437,92842,92842,92842,591,591,591,0.30,0.57,0.80,0.11,0.21,0.29,0.07,0.17,0.26,0.00,0.00,0.00,0.01,0.02,0.04,0.00,0.00,0.00,0.07,0.17,0.24,297280,370387,461134,715546,938838,1319018,0,0,0,0,0,0,0,293921,0,356.13,377.16,392.58
287,0,33,69,100,4516,4516,4516,92764,92764,92764,591,591,591,0.15,0.52,0.83,0.05,0.20,0.34,0.03,0.15,0.24,0.00,0.00,0.00,0.00,0.02,0.05,0.00,0.00,0.00,0.02,0.14,0.24,327585,550196,849057,752129,1148154,1669416,0,0,0,0,0,0,0,197323,0,348.58,397.27,437.94
287,1,29,59,100,4435,4435,4435,92844,92844,92844,591,591,591,0.14,0.46,0.84,0.05,0.15,0.25,0.03,0.13,0.28,0.00,0.00,0.00,0.00,0.02,0.05,0.00,0.00,0.00,0.02,0.11,0.20,322346,552958,1043040,796674,1167232,1307608,0,0,0,0,0,0,0,245029,0,328.56,352.66,375.52
287,2,29,57,93,4538,4538,4538,92741,92741,92741,591,591,591,0.13,0.42,0.85,0.05,0.17,0.32,0.03,0.12,0.29,0.00,0.00,0.00,0.00,0.02,0.06,0.00,0.00,0.00,0.02,0.12,0.19,453496,770594,1497308,665660,1402667,2267802,0,0,0,0,0,0,0,277610,0,309.48,324.03,354.35
287,3,33,52,80,4437,4437,4437,92842,92842,92842,591,591,591,0.14,0.38,0.59,0.05,0.15,0.25,0.03,0.12,0.20,0.00,0.00,0.00,0.00,0.02,0.04,0.00,0.00,0.00,0.02,0.11,0.21,348546,474863,623701,786194,1139985,1556632,0,0,0,0,0,0,0,277442,0,312.29,341.31,372.16
288,0,75,91,100,4516,4516,4516,92764,92764,92764,591,591,591,0.67,0.76,0.83,0.24,0.28,0.32,0.17,0.21,0.28,0.00,0.00,0.00,0.03,0.04,0.05,0.00,0.00,0.00,0.20,0.23,0.27,345922,465121,772961,521488,825438,1131930,0,0,0,0,0,0,0,395943,0,351.09,386.77,445.66
288,1,27,67,100,4435,4435,4435,92844,92844,92844,591,591,591,0.31,0.50,0.80,0.11,0.21,0.33,0.08,0.14,0.20,0.00,0.00,0.00,0.01,0.02,0.03,0.00,0.00,0.00,0.08,0.17,0.26,343196,471570,626340,671023,1050844,1415174,0,0,0,0,0,0,0,293747,0,398.49,413.28,425.75
288,2,27,71,100,4538,4538,4538,92741,92741,92741,591,591,591,0.28,0.65,0.84,0.11,0.23,0.30,0.09,0.20,0.28,0.00,0.00,0.00,0.01,0.03,0.05,0.00,0.00,0.00,0.07,0.17,0.24,474284,721330,1402105,610543,1046951,1782115,0,0,0,0,0,0,0,308545,0,334.12,383.11,417.03
288,3,69,88,100,4437,4437,4437,92842,92842,92842,591,591,591,0.32,0.66,0.83,0.13,0.25,0.31,0.05,0.19,0.27,0.00,0.00,0.00,0.01,0.03,0.04,0.00,0.00,0.00,0.10,0.19,0.23,372131,685297,1407299,623715,1151772,2392671,0,0,0,0,0,0,0,283689,0,329.58,368.84,398.86
289,0,32,71,100,4516,4516,4516,92764,92764,92764,591,591,591,0.15,0.55,0.83,0.05,0.20,0.30,0.03,0.16,0.27,0.00,0.00,0.00,0.00,0.03,0.04,0.00,0.00,0.00,0.02,0.14,0.23,332830,412592,526755,550349,1007323,1569662,0,0,0,0,0,0,0,318872,0,369.64,397.06,457.38
289,1,32,65,100,4435,4435,4435,92844,92844,92844,591,591,591,0.14,0.52,0.82,0.05,0.19,0.27,0.03,0.15,0.26,0.00,0.00,0.00,0.00,0.03,0.04,0.00,0.00,0.00,0.02,0.14,0.22,256824,372133,466475,642055,949730,1360139,0,0,0,0,0,0,0,288176,0,333.54,354.56,374.89
289,2,41,71,96,4538,4538,4538,92741,92741,92741,591,591,591,0.22,0.49,0.85,0.08,0.19,0.34,0.06,0.15,0.26,0.00,0.00,0.00,0.01,0.02,0.05,0.00,0.00,0.00,0.05,0.14,0.21,450736,561710,906685,794861,1163413,1422920,0,0,0,0,0,0,0,299885,0,329.62,367.05,411.53
289,3,34,65,100,4437,4437,4437,92842,92842,92842,591,591,591,0.21,0.47,0.76,0.09,0.18,0.28,0.03,0.13,0.24,0.00,0.00,0.00,0.01,0.02,0.04,0.00,0.00,0.00,0.06,0.13,0.23,241865,548960,1032105,662129,1223930,2045874,0,0,0,0,0,0,0,322820,0,365.11,389.71,404.83
290,0,36,72,100,4516,4516,4516,92764,92764,92764,591,591,591,0.15,0.53,0.81,0.05,0.21,0.31,0.03,0.15,0.27,0.00,0.00,0.00,0.00,0.02,0.04,0.00,0.00,0.00,0.02,0.17,0.27,246318,667692,1305083,655103,1266192,2306172,0,0,0,0,0,0,0,326945,0,391.67,396.88,403.01
290,1,24,54,100,4435,4435,4435,92844,92844,92844,591,591,591,0.19,0.38,0.57,0.08,0.16,0.25,0.05,0.11,0.16,0.00,0.00,0.00,0.01,0.01,0.02,0.00,0.00,0.00,0.04,0.12,0.19,338046,457563,725918,773051,1096475,1506871,0,0,0,0,0,0,0,271629,0,326.58,373.11,414.12
290,2,31,52,100,4538,4538,4538,92741,92741,92741,591,591,591,0.14,0.47,0.84,0.05,0.16,0.26,0.03,0.14,0.28,0.00,0.00,0.00,0.00,0.02,0.05,0.00,0.00,0.00,0.02,0.11,0.20,474341,845783,1126919,1218628,1457273,1664973,0,0,0,0,0,0,0,244528,0,313.74,330.48,364.34
290,3,32,64,100,4437,4437,4437,92842,92842,92842,591,591,591,0.24,0.47,0.76,0.09,0.18,0.28,0.05,0.13,0.22,0.00,0.00,0.00,0.01,0.02,0.03,0.00,0.00,0.00,0.06,0.15,0.23,328670,816273,1805611,998428,1495443,2392632,0,0,0,0,0,0,0,341561,0,335.37,371.60,402.42
291,0,32,71,100,4516,4516,4516,92764,92764,92764,591,591,591,0.15,0.56,0.81,0.06,0.22,0.31,0.03,0.17,0.23,0.00,0.00,0.00,0.00,0.03,0.03,0.00,0.00,0.00,0.03,0.16,0.24,330209,502118,736406,728548,1082334,1603860,0,0,0,0,0,0,0,345376,0,371.56,380.83,390.10
291,1,33,61,100,4435,4435,4435,92844,92844,92844,591,591,591,0.15,0.47,0.82,0.05,0.18,0.26,0.03,0.14,0.27,0.00,0.00,0.00,0.00,0.02,0.04,0.00,0.00,0.00,0.03,0.13,0.21,327595,670718,1222989,1089800,1298593,1768093,0,0,0,0,0,0,0,269989,0,303.63,332.21,372.32
291,2,28,77,100,4538,4538,4538,92741,92741,92741,591,591,591,0.15,0.59,0.86,0.06,0.22,0.34,0.03,0.17,0.29,0.00,0.00,0.00,0.00,0.03,0.05,0.00,0.00,0.00,0.03,0.17,0.28,458573,668258,1056128,765194,1143627,1719156,0,0,0,0,0,0,0,307959,0,392.58,426.17,461.26
291,3,32,64,95,4437,4437,4437,92842,92842,92842,591,591,591,0.14,0.45,0.65,0.05,0.18,0.25,0.03,0.13,0.20,0.00,0.00,0.00,0.00,0.02,0.03,0.00,0.00,0.00,0.02,0.13,0.19,338056,745061,1179240,859554,1423355,1802993,0,0,0,0,0,0,0,270707,0,310.88,347.16,372.19
292,0,32,68,100,4516,4516,4516,92764,92764,92764,591,591,591,0.17,0.57,0.82,0.07,0.21,0.32,0.03,0.16,0.27,0.00,0.00,0.00,0.00,0.03,0.04,0.00,0.00,0.00,0.04,0.17,0.29,298722,637639,1361885,694492,1168588,1919734,0,0,0,0,0,0,0,348059,0,363.00,373.46,386.00
292,1,50,70,100,4435,4435,4435,92844,92844,92844,591,591,591,0.28,0.51,0.82,0.12,0.20,0.33,0.09,0.15,0.25,0.00,0.00,0.00,0.01,0.02,0.04,0.00,0.00,0.00,0.08,0.15,0.30,421908,790868,1066411,932993,1363182,1999194,0,0,0,0,0,0,0,258995,0,367.35,385.32,422.09
292,2,30,66,100,4538,4538,4538,92741,92741,92741,591,591,591,0.18,0.50,0.78,0.07,0.19,0.28,0.03,0.14,0.25,0.00,0.00,0.00,0.00,0.02,0.04,0.00,0.00,0.00,0.03,0.15,0.26,456048,929716,2117575,851472,1503662,2494965,0,0,0,0,0,0,0,283058,0,329.75,359.66,388.81
292,3,32,63,100,4437,4437,4437,92842,92842,92842,591,591,591,0.14,0.52,0.67,0.05,0.21,0.27,0.03,0.15,0.20,0.00,0.00,0.00,0.00,0.02,0.03,0.00,0.00,0.00,0.02,0.16,0.23,342124,405611,589650,852637,1036947,1509504,0,0,0,0,0,0,0,295847,0,313.32,353.10,382.27
293,0,28,52,87,4516,4516,4516,92764,92764,92764,591,591,591,0.13,0.35,0.77,0.05,0.14,0.31,0.03,0.10,0.24,0.00,0.00,0.00,0.00,0.02,0.05,0.00,0.00,0.00,0.02,0.08,0.19,330199,597505,1119037,872623,1249392,1721797,0,0,0,0,0,0,0,128862,0,316.15,388.34,441.06
293,1,35,72,100,4435,4435,4435,92844,92844,92844,591,591,591,0.15,0.56,0.82,0.06,0.21,0.30,0.03,0.15,0.27,0.00,0.00,0.00,0.00,0.02,0.04,0.00,0.00,0.00,0.03,0.17,0.28,371163,525120,676109,780545,1107019,1509546,0,0,0,0,0,0,0,327535,0,317.91,355.69,384.17
293,2,0,3,15,4538,4538,4538,92741,92741,92741,591,591,591,0.00,0.00,0.01,0.00,0.00,0.01,0.00,0.00,0.00,0.00,0.00,0.00,0.00,0.00,0.00,0.00,0.00,0.00,0.00,0.00,0.00,529390,778399,1074564,555597,795434,1090289,0,0,0,0,0,0,0,196551,0,169.45,244.22,295.91
293,3,28,56,100,4437,4437,4437,92842,92842,92842,591,591,591,0.22,0.46,0.78,0.09,0.18,0.28,0.04,0.13,0.25,0.00,0.00,0.00,0.01,0.02,0.03,0.00,0.00,0.00,0.06,0.14,0.23,343154,647983,1420643,870051,1275552,1889823,0,0,0,0,0,0,0,232026,0,340.96,363.43,397.06
294,0,73,84,100,4516,4516,4516,92764,92764,92764,591,591,591,0.31,0.62,0.84,0.11,0.22,0.29,0.08,0.18,0.28,0.00,0.00,0.00,0.01,0.03,0.05,0.00,0.00,0.00,0.09,0.17,0.23,345927,721372,1604991,479581,1182024,2027083,0,0,0,0,0,0,0,348856,0,329.90,372.83,413.69
294,1,33,50,77,4435,4435,4435,92844,92844,92844,591,591,591,0.21,0.37,0.74,0.09,0.15,0.32,0.03,0.11,0.25,0.00,0.00,0.00,0.01,0.02,0.04,0.00,0.00,0.00,0.06,0.10,0.22,262076,383136,526749,718034,1091060,1480664,0,0,0,0,0,0,0,259751,0,307.80,367.91,418.15
294,2,33,60,94,4538,4538,4538,92741,92741,92741,591,591,591,0.14,0.44,0.86,0.05,0.18,0.33,0.03,0.13,0.30,0.00,0.00,0.00,0.00,0.02,0.06,0.00,0.00,0.00,0.02,0.11,0.23,453384,700222,1105941,856761,1384729,1855429,0,0,0,0,0,0,0,227637,0,233.52,290.74,323.31
294,3,31,48,92,4437,4437,4437,92842,92842,92842,591,591,591,0.21,0.37,0.64,0.08,0.14,0.24,0.06,0.11,0.17,0.00,0.00,0.00,0.01,0.01,0.02,0.00,0.00,0.00,0.05,0.11,0.19,338033,481680,744350,1037780,1247955,1583054,0,0,0,0,0,0,0,258511,0,304.72,336.16,366.74
295,0,34,62,95,4516,4516,4516,92764,92764,92764,591,591,591,0.15,0.43,0.90,0.05,0.18,0.34,0.03,0.12,0.29,0.00,0.00,0.00,0.00,0.02,0.06,0.00,0.00,0.00,0.02,0.12,0.19,494347,852549,1076930,1137426,1520071,1939282,0,0,0,0,0,0,0,226920,0,330.06,363.90,404.22
295,1,28,77,100,4435,4435,4435,92844,92844,92844,591,591,591,0.27,0.57,0.81,0.11,0.21,0.28,0.09,0.17,0.27,0.00,0.00,0.00,0.01,0.03,0.04,0.00,0.00,0.00,0.06,0.17,0.25,345926,523073,783647,754569,1035676,1216094,0,0,0,0,0,0,0,353678,0,356.32,378.82,408.69
295,2,80,94,100,4538,4538,4538,92741,92741,92741,591,591,591,0.77,0.80,0.85,0.24,0.28,0.35,0.19,0.25,0.29,0.00,0.00,0.00,0.02,0.04,0.05,0.00,0.00,0.00,0.17,0.20,0.29,474332,641014,1250048,597513,882115,1561905,0,0,0,0,0,0,0,345567,0,326.57,407.94,490.01
295,3,28,54,89,4437,4437,4437,92842,92842,92842,591,591,591,0.23,0.39,0.63,0.10,0.15,0.23,0.08,0.11,0.17,0.00,0.00,0.00,0.01,0.01,0.02,0.00,0.00,0.00,0.06,0.12,0.18,331259,387126,550287,1058741,1156507,1386200,0,0,0,0,0,0,0,258881,0,287.93,307.62,325.34
296,0,67,88,100,4516,4516,4516,92764,92764,92764,591,591,591,0.72,0.80,0.86,0.25,0.28,0.34,0.17,0.25,0.29,0.00,0.00,0.00,0.02,0.04,0.05,0.00,0.00,0.00,0.16,0.20,0.27,340700,651423,911798,702366,905081,1087450,0,0,0,0,0,0,0,382354,0,333.10,411.39,474.41
296,1,30,60,100,4435,4435,4435,92844,92844,92844,591,591,591,0.26,0.47,0.78,0.10,0.19,0.29,0.06,0.14,0.23,0.00,0.00,0.00,0.01,0.02,0.03,0.00,0.00,0.00,0.07,0.15,0.24,324780,419781,676081,828123,1029082,1234292,0,0,0,0,0,0,0,271349,0,319.44,358.54,396.26
296,2,27,69,100,4538,4538,4538,92741,92741,92741,591,591,591,0.14,0.49,0.82,0.05,0.19,0.32,0.03,0.13,0.26,0.00,0.00,0.00,0.00,0.02,0.04,0.00,0.00,0.00,0.02,0.15,0.28,453285,609016,974789,778242,1183571,1856987,0,0,0,0,0,0,0,316967,0,358.28,380.12,420.37
296,3,33,67,100,4437,4437,4437,92842,92842,92842,591,591,591,0.15,0.46,0.67,0.05,0.19,0.28,0.03,0.14,0.22,0.00,0.00,0.00,0.00,0.02,0.03,0.00,0.00,0.00,0.03,0.14,0.25,348518,747219,1517211,995768,1410253,1967919,0,0,0,0,0,0,0,295906,0,323.43,347.25,383.74
297,0,32,81,100,4516,4516,4516,92764,92764,92764,591,591,591,0.14,0.58,0.82,0.05,0.22,0.32,0.03,0.16,0.27,0.00,0.00,0.00,0.00,0.03,0.04,0.00,0.00,0.00,0.03,0.18,0.27,324841,862181,1595574,775388,1459431,2631036,0,0,0,0,0,0,0,286053,0,360.33,376.85,399.36
297,1,27,65,100,4435,4435,4435,92844,92844,92844,591,591,591,0.17,0.43,0.75,0.07,0.16,0.27,0.03,0.13,0.24,0.00,0.00,0.00,0.00,0.02,0.03,0.00,0.00,0.00,0.04,0.12,0.23,225379,496286,1005942,803678,1195255,1857325,0,0,0,0,0,0,0,241330,0,315.86,344.70,362.31
297,2,32,58,100,4538,4538,4538,92741,92741,92741,591,591,591,0.14,0.46,0.86,0.05,0.17,0.32,0.03,0.14,0.29,0.00,0.00,0.00,0.00,0.03,0.06,0.00,0.00,0.00,0.02,0.11,0.19,448135,1019459,1952536,1381130,1645806,2149101,0,0,0,0,0,0,0,240079,0,330.67,378.20,442.65
297,3,32,62,100,4437,4437,4437,92842,92842,92842,591,591,591,0.19,0.44,0.66,0.07,0.17,0.26,0.04,0.13,0.18,0.00,0.00,0.00,0.01,0.02,0.02,0.00,0.00,0.00,0.04,0.13,0.24,361636,765778,1855789,964439,1497413,2573990,0,0,0,0,0,0,0,253953,0,340.85,355.40,385.62
298,0,35,65,100,4516,4516,4516,92764,92764,92764,591,591,591,0.15,0.50,0.83,0.05,0.17,0.25,0.03,0.15,0.28,0.00,0.00,0.00,0.00,0.03,0.05,0.00,0.00,0.00,0.02,0.12,0.20,330206,381564,466471,547690,1005281,1436103,0,0,0,0,0,0,0,254789,0,349.31,389.52,445.56
298,1,50,70,95,4435,4435,4435,92844,92844,92844,591,591,591,0.26,0.54,0.70,0.10,0.22,0.30,0.08,0.16,0.25,0.00,0.00,0.00,0.01,0.03,0.05,0.00,0.00,0.00,0.06,0.16,0.22,322325,511442,1194593,668269,1068376,1660903,0,0,0,0,0,0,0,314333,0,341.39,374.78,410.39
298,2,29,81,100,4538,4538,4538,92741,92741,92741,591,591,591,0.13,0.67,0.83,0.05,0.25,0.33,0.03,0.21,0.29,0.00,0.00,0.00,0.00,0.04,0.06,0.00,0.00,0.00,0.02,0.17,0.25,466480,652547,1257927,670902,1016820,1577651,0,0,0,0,0,0,0,333419,0,356.86,421.82,471.22
298,3,36,70,98,4433,4436,4437,92842,92842,92846,591,591,591,0.15,0.43,0.91,0.06,0.17,0.34,0.03,0.13,0.31,0.00,0.00,0.00,0.00,0.02,0.06,0.00,0.00,0.00,0.03,0.10,0.18,234113,368906,583285,477914,1103990,1657616,0,0,0,0,0,0,0,249665,0,329.74,351.01,381.44
299,0,25,68,100,4516,4516,4516,92764,92764,92764,591,591,591,0.29,0.50,0.78,0.12,0.20,0.30,0.09,0.14,0.22,0.00,0.00,0.00,0.01,0.02,0.03,0.00,0.00,0.00,0.07,0.16,0.24,239346,371019,563445,489175,937249,1250063,0,0,0,0,0,0,0,297053,0,402.01,411.54,421.93
299,1,31,54,100,4435,4435,4435,92844,92844,92844,591,591,591,0.14,0.40,0.83,0.05,0.14,0.25,0.03,0.11,0.27,0.00,0.00,0.00,0.00,0.02,0.05,0.00,0.00,0.00,0.02,0.10,0.20,332821,412076,628921,487438,1112406,1540856,0,0,0,0,0,0,0,298179,0,339.28,347.39,357.18
299,2,31,74,100,4536,4536,4536,92743,92743,92743,591,591,591,0.13,0.53,0.85,0.05,0.17,0.25,0.03,0.16,0.29,0.00,0.00,0.00,0.00,0.03,0.05,0.00,0.00,0.00,0.02,0.12,0.18,463870,566976,758470,613213,1084858,1603524,0,0,0,0,0,0,0,379241,0,305.51,331.63,366.25
299,3,88,97,100,4433,4433,4433,92846,92846,92846,591,591,591,0.72,0.80,0.86,0.24,0.27,0.34,0.15,0.23,0.29,0.00,0.00,0.00,0.03,0.04,0.05,0.00,0.00,0.00,0.18,0.22,0.31,361505,634855,1383862,487245,925734,1512288,0,0,0,0,0,0,0,282760,0,337.81,382.74,447.22
300,0,32,63,90,4516,4516,4516,92764,92764,92764,591,591,591,0.15,0.42,0.71,0.06,0.16,0.25,0.03,0.12,0.22,0.00,0.00,0.00,0.00,0.02,0.03,0.00,0.00,0.00,0.03,0.12,0.20,330205,621783,1399518,914497,1297490,2298459,0,0,0,0,0,0,0,266936,0,313.80,346.59,370.72
300,1,31,79,100,4435,4435,4435,92844,92844,92844,591,591,591,0.16,0.56,0.84,0.06,0.21,0.32,0.03,0.16,0.28,0.00,0.00,0.00,0.00,0.02,0.05,0.00,0.00,0.00,0.03,0.17,0.29,310993,451592,733573,710301,959475,1451799,0,0,0,0,0,0,0,334760,0,364.89,406.68,446.22
300,2,29,68,100,4536,4536,4536,92743,92743,92743,591,591,591,0.28,0.54,0.85,0.12,0.21,0.29,0.09,0.15,0.26,0.00,0.00,0.00,0.01,0.02,0.05,0.00,0.00,0.00,0.07,0.17,0.27,458621,883168,1905215,663016,1391059,2235418,0,0,0,0,0,0,0,269378,0,385.10,422.01,460.39
300,3,35,53,96,4433,4433,4433,92846,92846,92846,591,591,591,0.16,0.42,0.81,0.06,0.17,0.34,0.03,0.13,0.26,0.00,0.00,0.00,0.00,0.02,0.05,0.00,0.00,0.00,0.03,0.11,0.21,343301,513644,1145243,665590,1224884,2224969,0,0,0,0,0,0,0,260034,0,315.63,395.00,446.95
301,0,30,53,86,4516,4516,4516,92764,92764,92764,591,591,591,0.14,0.44,0.81,0.05,0.17,0.32,0.03,0.13,0.26,0.00,0.00,0.00,0.00,0.02,0.05,0.00,0.00,0.00,0.03,0.12,0.20,332833,583886,959170,938141,1250584,1506911,0,0,0,0,0,0,0,273817,0,303.87,340.28,389.51
301,1,30,61,100,4435,4435,4435,92844,92844,92844,591,591,591,0.13,0.44,0.65,0.05,0.18,0.27,0.03,0.13,0.18,0.00,0.00,0.00,0.00,0.02,0.03,0.00,0.00,0.00,0.02,0.13,0.25,353743,609443,925046,807060,1211858,1813406,0,0,0,0,0,0,0,269990,0,326.73,359.14,389.97
301,2,32,53,100,4536,4536,4536,92743,92743,92743,591,591,591,0.18,0.40,0.77,0.07,0.15,0.27,0.03,0.11,0.25,0.00,0.00,0.00,0.01,0.02,0.03,0.00,0.00,0.00,0.04,0.12,0.23,466471,678223,1160981,938212,1313465,1803059,0,0,0,0,0,0,0,293229,0,322.23,338.02,371.24
301,3,63,85,100,4433,4433,4433,92846,92846,92846,591,591,591,0.30,0.60,0.83,0.14,0.22,0.30,0.03,0.17,0.27,0.00,0.00,0.00,0.01,0.03,0.05,0.00,0.00,0.00,0.10,0.17,0.26,369513,531480,718057,684182,1038410,1362743,0,0,0,0,0,0,0,362898,0,336.17,378.46,430.98
302,0,31,63,100,4516,4516,4516,92764,92764,92764,591,591,591,0.34,0.55,0.82,0.12,0.21,0.27,0.08,0.17,0.27,0.00,0.00,0.00,0.01,0.03,0.04,0.00,0.00,0.00,0.09,0.16,0.23,225366,1074932,2048523,497921,1575567,3023012,0,0,0,0,0,0,0,303912,0,358.88,381.32,412.92
302,1,25,51,70,4435,4435,4435,92844,92844,92844,591,591,591,0.17,0.39,0.60,0.07,0.16,0.25,0.05,0.12,0.21,0.00,0.00,0.00,0.01,0.02,0.03,0.00,0.00,0.00,0.04,0.12,0.19,335453,385221,437660,891047,1054502,1205247,0,0,0,0,0,0,0,189545,0,310.73,333.40,368.84
302,2,35,68,100,4536,4536,4536,92743,92743,92743,591,591,591,0.17,0.50,0.80,0.07,0.19,0.31,0.03,0.14,0.21,0.00,0.00,0.00,0.00,0.02,0.03,0.00,0.00,0.00,0.04,0.15,0.27,0,480108,830756,390468,1098584,1716548,0,0,0,0,0,0,0,250848,0,299.24,345.06,385.74
302,3,33,58,100,4433,4433,4433,92846,92846,92846,591,591,591,0.16,0.48,0.78,0.06,0.18,0.28,0.04,0.14,0.24,0.00,0.00,0.00,0.00,0.02,0.03,0.00,0.00,0.00,0.03,0.14,0.23,348547,664598,1394184,1040366,1367465,1818729,0,0,0,0,0,0,0,357322,0,329.60,378.25,405.88
303,0,34,79,100,4516,4516,4516,92764,92764,92764,591,591,591,0.15,0.57,0.83,0.05,0.21,0.31,0.03,0.16,0.27,0.00,0.00,0.00,0.00,0.03,0.04,0.00,0.00,0.00,0.02,0.16,0.25,356394,584868,909133,524109,1149300,1912585,0,0,0,0,0,0,0,280755,0,316.82,353.20,392.99
303,1,24,51,100,4435,4435,4435,92844,92844,92844,591,591,591,0.14,0.37,0.63,0.05,0.14,0.25,0.03,0.10,0.19,0.00,0.00,0.00,0.00,0.01,0.03,0.00,0.00,0.00,0.02,0.11,0.20,136273,503337,880579,1053500,1193845,1546255,0,0,0,0,0,0,0,273605,0,316.35,330.72,360.83
303,2,31,52,95,4536,4536,4536,92743,92743,92743,591,591,591,0.14,0.42,0.90,0.05,0.17,0.32,0.03,0.13,0.32,0.00,0.00,0.00,0.00,0.02,0.06,0.00,0.00,0.00,0.02,0.11,0.23,521508,1059806,1517375,1396802,1698730,2036292,0,0,0,0,0,0,0,234646,0,313.95,384.08,435.16
303,3,32,62,100,4433,4433,4433,92846,92846,92846,591,591,591,0.33,0.44,0.67,0.12,0.18,0.27,0.09,0.13,0.18,0.00,0.00,0.00,0.01,0.02,0.02,0.00,0.00,0.00,0.08,0.14,0.25,356419,468030,741520,880537,1155672,1632392,0,0,0,0,0,0,0,250868,0,334.68,358.81,390.41
304,0,34,65,100,4516,4516,4516,92764,92764,92764,591,591,591,0.21,0.50,0.78,0.09,0.20,0.31,0.03,0.14,0.25,0.00,0.00,0.00,0.01,0.02,0.04,0.00,0.00,0.00,0.06,0.15,0.28,324973,459650,754714,752078,1084931,1480675,0,0,0,0,0,0,0,292508,0,369.23,389.22,405.04
304,1,26,47,73,4435,4435,4435,92844,92844,92844,591,591,591,0.28,0.36,0.50,0.10,0.14,0.18,0.07,0.11,0.15,0.00,0.00,0.00,0.01,0.01,0.02,0.00,0.00,0.00,0.08,0.11,0.14,345929,510270,819267,964354,1178478,1437648,0,0,0,0,0,0,0,236670,0,309.15,313.74,325.98
304,2,49,81,100,4536,4536,4536,92743,92743,92743,591,591,591,0.41,0.71,0.84,0.18,0.24,0.32,0.15,0.21,0.29,0.00,0.00,0.00,0.02,0.04,0.05,0.00,0.00,0.00,0.12,0.19,0.26,466484,620570,1155710,597480,925617,1271019,0,0,0,0,0,0,0,377748,0,313.62,389.78,450.54
304,3,35,53,94,4433,4433,4433,92846,92846,92846,591,591,591,0.16,0.45,0.87,0.06,0.18,0.35,0.03,0.13,0.28,0.00,0.00,0.00,0.00,0.02,0.05,0.00,0.00,0.00,0.03,0.12,0.20,227081,331586,424529,602711,1003088,1378476,0,0,0,0,0,0,0,250273,0,313.62,340.19,373.12
305,0,31,69,100,4516,4516,4516,92764,92764,92764,591,591,591,0.14,0.51,0.89,0.05,0.20,0.33,0.03,0.16,0.31,0.00,0.00,0.00,0.00,0.02,0.06,0.00,0.00,0.00,0.02,0.14,0.25,353777,580023,1021984,804541,1214738,1648277,0,0,0,0,0,0,0,328741,0,358.95,385.39,406.24
305,1,29,53,86,4435,4435,4435,92844,92844,92844,591,591,591,0.24,0.37,0.55,0.09,0.15,0.24,0.05,0.11,0.17,0.00,0.00,0.00,0.01,0.01,0.02,0.00,0.00,0.00,0.07,0.10,0.17,322347,506797,775498,927722,1228489,1642694,0,0,0,0,0,0,0,253900,0,306.67,318.33,329.10
305,2,27,63,98,4536,4536,4536,92743,92743,92743,591,591,591,0.13,0.39,0.70,0.05,0.16,0.30,0.02,0.11,0.24,0.00,0.00,0.00,0.00,0.02,0.04,0.00,0.00,0.00,0.03,0.11,0.23,459376,881186,1487847,880931,1569494,2402036,0,0,0,0,0,0,0,309596,0,336.05,374.36,410.94
305,3,28,73,100,4433,4433,4433,92846,92846,92846,591,591,591,0.18,0.61,0.84,0.07,0.22,0.28,0.05,0.18,0.28,0.00,0.00,0.00,0.01,0.03,0.05,0.00,0.00,0.00,0.04,0.17,0.23,348521,625060,1024660,618766,1109298,1850154,0,0,0,0,0,0,0,351459,0,357.12,397.21,417.36
306,0,36,79,100,4516,4516,4516,92764,92764,92764,591,591,591,0.22,0.65,0.85,0.10,0.23,0.31,0.03,0.18,0.27,0.00,0.00,0.00,0.01,0.03,0.05,0.00,0.00,0.00,0.07,0.18,0.25,315246,479015,885587,503150,960405,1404363,0,0,0,0,0,0,0,358199,0,348.73,359.12,378.32
306,1,29,75,100,4435,4435,4435,92844,92844,92844,591,591,591,0.13,0.53,0.78,0.05,0.21,0.28,0.03,0.16,0.24,0.00,0.00,0.00,0.00,0.02,0.04,0.00,0.00,0.00,0.02,0.16,0.24,165059,771552,2164629,649757,1314090,2562963,0,0,0,0,0,0,0,246526,0,357.82,369.67,380.66
306,2,83,95,100,4536,4536,4536,92743,92743,92743,591,591,591,0.66,0.78,0.87,0.23,0.29,0.35,0.18,0.23,0.28,0.00,0.00,0.00,0.03,0.04,0.05,0.00,0.00,0.00,0.19,0.22,0.26,500529,681350,1200145,686628,1032520,1530316,0,0,0,0,0,0,0,382459,0,355.57,392.39,456.67
306,3,30,73,97,4433,4433,4433,92846,92846,92846,591,591,591,0.23,0.48,0.75,0.09,0.19,0.29,0.06,0.14,0.23,0.00,0.00,0.00,0.01,0.02,0.03,0.00,0.00,0.00,0.05,0.15,0.24,361643,782912,1975996,754733,1391544,2791030,0,0,0,0,0,0,0,226295,0,323.80,358.93,385.40
307,0,35,59,100,4516,4516,4516,92764,92764,92764,591,591,591,0.26,0.45,0.72,0.10,0.18,0.27,0.08,0.13,0.21,0.00,0.00,0.00,0.01,0.02,0.03,0.00,0.00,0.00,0.06,0.14,0.22,343304,532540,870211,1014190,1156257,1260475,0,0,0,0,0,0,0,261401,0,351.22,402.61,430.98
307,1,59,88,100,4435,4435,4435,92844,92844,92844,591,591,591,0.37,0.69,0.82,0.14,0.26,0.33,0.08,0.21,0.28,0.00,0.00,0.00,0.02,0.04,0.05,0.00,0.00,0.00,0.11,0.19,0.26,327562,412840,545106,500515,805419,1333083,0,0,0,0,0,0,0,368794,0,350.29,398.15,469.53
307,2,30,55,100,4532,4533,4536,92743,92745,92747,591,591,591,0.14,0.42,0.85,0.05,0.15,0.25,0.03,0.12,0.28,0.00,0.00,0.00,0.00,0.02,0.05,0.00,0.00,0.00,0.02,0.11,0.23,458227,1103574,3273217,963199,1796836,4208796,0,0,0,0,0,0,0,256903,0,324.71,368.61,456.15
307,3,33,64,100,4433,4433,4433,92846,92846,92846,591,591,591,0.16,0.49,0.82,0.06,0.19,0.34,0.03,0.15,0.27,0.00,0.00,0.00,0.00,0.03,0.05,0.00,0.00,0.00,0.03,0.13,0.22,335420,482703,739055,788728,1148326,1373126,0,0,0,0,0,0,0,253507,0,349.21,369.11,405.04
308,0,50,58,68,4516,4516,4516,92763,92763,92764,591,591,591,0.30,0.33,0.37,0.12,0.13,0.16,0.08,0.09,0.10,0.00,0.00,0.00,0.01,0.01,0.01,0.00,0.00,0.00,0.08,0.11,0.15,141503,481156,938220,1024703,1211258,1666783,0,0,0,0,0,0,0,249078,0,292.23,314.79,330.92
308,1,31,66,100,4429,4430,4435,92844,92848,92850,591,591,591,0.13,0.45,0.84,0.05,0.15,0.26,0.03,0.13,0.28,0.00,0.00,0.00,0.00,0.02,0.05,0.00,0.00,0.00,0.02,0.11,0.20,324962,389434,511032,497926,1039366,1496407,0,0,0,0,0,0,0,328668,0,320.68,356.52,429.83
308,2,32,77,100,4532,4532,4533,92746,92746,92747,591,591,591,0.26,0.64,0.86,0.10,0.23,0.28,0.07,0.19,0.28,0.00,0.00,0.00,0.01,0.03,0.05,0.00,0.00,0.00,0.06,0.17,0.24,525873,1626835,4951008,925095,2032201,5044667,0,0,0,0,0,0,0,307492,0,374.52,416.40,462.27
308,3,35,76,100,4433,4433,4434,92845,92845,92846,591,591,591,0.16,0.58,0.88,0.06,0.22,0.35,0.03,0.17,0.29,0.00,0.00,0.00,0.00,0.03,0.06,0.00,0.00,0.00,0.03,0.16,0.30,350445,615065,1601212,508788,1140488,2384783,0,0,0,0,0,0,0,309102,0,354.81,408.03,481.81
309,0,31,61,100,4516,4516,4516,92763,92763,92763,591,591,591,0.29,0.40,0.55,0.11,0.16,0.24,0.09,0.12,0.17,0.00,0.00,0.00,0.01,0.02,0.02,0.00,0.00,0.00,0.06,0.11,0.17,335405,435699,800115,893634,1176393,1545050,0,0,0,0,0,0,0,207574,0,291.73,321.81,336.81
309,1,29,59,100,4429,4429,4429,92850,92850,92850,591,591,591,0.17,0.52,0.85,0.07,0.20,0.31,0.05,0.15,0.28,0.00,0.00,0.00,0.01,0.02,0.05,0.00,0.00,0.00,0.04,0.15,0.29,144141,636273,1291962,469114,1124757,2036216,0,0,0,0,0,0,0,193619,0,375.97,418.37,450.96
309,2,33,57,96,4533,4533,4533,92746,92746,92746,591,591,591,0.15,0.44,0.82,0.05,0.18,0.34,0.03,0.12,0.26,0.00,0.00,0.00,0.00,0.02,0.05,0.00,0.00,0.00,0.03,0.11,0.21,448128,552862,785880,794053,1277077,1825863,0,0,0,0,0,0,0,228605,0,335.71,365.25,404.51
309,3,36,75,100,4434,4434,4434,92845,92845,92845,591,591,591,0.17,0.59,0.84,0.07,0.21,0.32,0.05,0.17,0.28,0.00,0.00,0.00,0.01,0.03,0.05,0.00,0.00,0.00,0.04,0.16,0.26,338068,409871,623724,471723,861676,1362757,0,0,0,0,0,0,0,330170,0,346.71,374.84,411.12
310,0,31,69,94,4516,4516,4516,92763,92763,92763,591,591,591,0.15,0.51,0.77,0.06,0.20,0.30,0.03,0.14,0.23,0.00,0.00,0.00,0.00,0.02,0.04,0.00,0.00,0.00,0.03,0.15,0.27,330200,535643,946035,835828,1200222,1533095,0,0,0,0,0,0,0,275828,0,358.14,371.52,391.15
310,1,25,61,100,4429,4429,4429,92850,92850,92850,591,591,591,0.13,0.42,0.61,0.05,0.16,0.25,0.03,0.12,0.17,0.00,0.00,0.00,0.00,0.02,0.03,0.00,0.00,0.00,0.02,0.13,0.23,369764,619194,833767,988388,1281619,1509504,0,0,0,0,0,0,0,282060,0,310.41,339.03,358.16
310,2,90,97,100,4533,4533,4533,92746,92746,92746,591,591,591,0.70,0.82,0.88,0.25,0.29,0.35,0.17,0.25,0.28,0.00,0.00,0.00,0.02,0.04,0.06,0.00,0.00,0.00,0.12,0.21,0.29,476960,944509,2098334,659880,1147491,2256645,0,0,0,0,0,0,0,395923,0,333.17,426.12,502.24
310,3,31,73,100,4434,4434,4434,92845,92845,92845,591,591,591,0.25,0.51,0.83,0.09,0.20,0.33,0.06,0.16,0.26,0.00,0.00,0.00,0.01,0.02,0.05,0.00,0.00,0.00,0.06,0.15,0.22,335437,431356,741628,681374,1050874,1310319,0,0,0,0,0,0,0,316229,0,321.08,356.47,396.15
311,0,30,73,100,4516,4516,4516,92763,92763,92763,591,591,591,0.22,0.59,0.82,0.09,0.23,0.32,0.07,0.18,0.27,0.00,0.00,0.00,0.01,0.03,0.04,0.00,0.00,0.00,0.05,0.18,0.25,353781,632619,1082358,686597,1107467,1886919,0,0,0,0,0,0,0,361758,0,367.89,391.10,420.97
311,1,32,68,100,4429,4429,4429,92850,92850,92850,591,591,591,0.17,0.51,0.79,0.07,0.20,0.31,0.03,0.14,0.21,0.00,0.00,0.00,0.00,0.02,0.03,0.00,0.00,0.00,0.04,0.16,0.29,175586,557151,1011586,733794,1149945,1813502,0,0,0,0,0,0,0,337836,0,317.30,360.80,394.50
311,2,34,63,100,4533,4533,4533,92746,92746,92746,591,591,591,0.15,0.43,0.85,0.05,0.15,0.24,0.03,0.12,0.29,0.00,0.00,0.00,0.00,0.02,0.05,0.00,0.00,0.00,0.02,0.10,0.18,450755,520455,741648,579138,1207061,1721777,0,0,0,0,0,0,0,281713,0,323.93,364.07,449.22
311,3,38,68,100,4434,4434,4434,92845,92845,92845,591,591,591,0.17,0.52,0.84,0.06,0.18,0.30,0.04,0.15,0.28,0.00,0.00,0.00,0.00,0.02,0.05,0.00,0.00,0.00,0.03,0.14,0.24,228746,323330,355359,375423,983299,1475448,0,0,0,0,0,0,0,381886,0,334.75,354.74,367.33
312,0,31,65,100,4516,4516,4516,92763,92763,92763,591,591,591,0.15,0.46,0.81,0.06,0.16,0.26,0.03,0.13,0.27,0.00,0.00,0.00,0.00,0.02,0.04,0.00,0.00,0.00,0.03,0.12,0.21,327575,476535,865739,1039405,1137770,1341747,0,0,0,0,0,0,0,314772,0,306.90,347.29,377.49
312,1,44,56,67,4429,4429,4429,92850,92850,92850,591,591,591,0.29,0.32,0.36,0.12,0.12,0.14,0.08,0.09,0.11,0.00,0.00,0.00,0.01,0.01,0.01,0.00,0.00,0.00,0.08,0.09,0.12,319703,435031,689248,995857,1189123,1276287,0,0,0,0,0,0,0,265678,0,331.55,346.37,360.56
312,2,41,79,100,4533,4533,4533,92746,92746,92746,591,591,591,0.29,0.61,0.85,0.11,0.21,0.30,0.07,0.18,0.29,0.00,0.00,0.00,0.01,0.03,0.05,0.00,0.00,0.00,0.08,0.16,0.23,324975,621733,912028,833404,1046925,1294546,0,0,0,0,0,0,0,300459,0,381.54,420.39,447.89
312,3,34,61,95,4434,4434,4434,92845,92845,92845,591,591,591,0.15,0.52,0.91,0.05,0.21,0.34,0.03,0.16,0.32,0.00,0.00,0.00,0.00,0.03,0.07,0.00,0.00,0.00,0.02,0.14,0.30,351170,657274,1166167,787533,1236625,1671986,0,0,0,0,0,0,0,167238,0,370.16,435.52,493.53
313,0,32,72,100,4516,4516,4516,92763,92763,92763,591,591,591,0.13,0.53,0.81,0.05,0.20,0.29,0.03,0.15,0.23,0.00,0.00,0.00,0.00,0.02,0.04,0.00,0.00,0.00,0.02,0.15,0.24,343318,636084,893650,979893,1226925,1423032,0,0,0,0,0,0,0,284515,0,373.96,386.73,404.31
313,1,32,65,100,4429,4429,4429,92850,92850,92850,591,591,591,0.14,0.49,0.82,0.05,0.18,0.30,0.03,0.15,0.27,0.00,0.00,0.00,0.00,0.02,0.04,0.00,0.00,0.00,0.02,0.13,0.22,331202,420128,715469,495539,1016921,1307763,0,0,0,0,0,0,0,294409,0,315.16,338.99,371.70
313,2,31,52,70,4533,4533,4533,92746,92746,92746,591,591,591,0.14,0.37,0.60,0.05,0.15,0.25,0.03,0.11,0.18,0.00,0.00,0.00,0.00,0.01,0.02,0.00,0.00,0.00,0.03,0.13,0.23,503162,865921,1355990,1260535,1577186,2149069,0,0,0,0,0,0,0,217053,0,312.44,343.99,387.89
313,3,55,87,100,4434,4434,4434,92845,92845,92845,591,591,591,0.26,0.70,0.85,0.12,0.24,0.34,0.03,0.20,0.28,0.00,0.00,0.00,0.01,0.04,0.05,0.00,0.00,0.00,0.09,0.19,0.28,335488,486360,927500,487462,891515,1352266,0,0,0,0,0,0,0,387449,0,331.30,372.08,447.83
314,0,32,73,100,4516,4516,4516,92763,92763,92763,591,591,591,0.16,0.53,0.78,0.06,0.21,0.30,0.03,0.15,0.22,0.00,0.00,0.00,0.00,0.02,0.04,0.00,0.00,0.00,0.03,0.16,0.25,157198,518336,1299755,689194,1096940,1656140,0,0,0,0,0,0,0,335092,0,365.72,376.70,387.73
314,1,35,77,100,4429,4429,4429,92850,92850,92850,591,591,591,0.17,0.56,0.83,0.07,0.22,0.31,0.03,0.16,0.24,0.00,0.00,0.00,0.00,0.03,0.04,0.00,0.00,0.00,0.04,0.16,0.26,335444,560419,1056159,715372,1112243,1572445,0,0,0,0,0,0,0,166508,0,368.16,391.72,429.28
314,2,34,58,82,4533,4533,4533,92746,92746,92746,591,591,591,0.15,0.42,0.62,0.06,0.17,0.24,0.03,0.12,0.18,0.00,0.00,0.00,0.00,0.02,0.02,0.00,0.00,0.00,0.03,0.13,0.21,463853,592902,1019411,1116441,1271257,1470154,0,0,0,0,0,0,0,260868,0,317.24,333.52,351.90
314,3,33,64,100,4434,4434,4434,92845,92845,92845,591,591,591,0.14,0.45,0.80,0.05,0.18,0.32,0.03,0.13,0.26,0.00,0.00,0.00,0.00,0.02,0.05,0.00,0.00,0.00,0.02,0.13,0.22,351180,439200,754639,684013,1111638,1616709,0,0,0,0,0,0,0,285440,0,336.55,397.55,438.84
315,0,31,60,100,4516,4516,4516,92763,92763,92763,591,591,591,0.14,0.45,0.65,0.05,0.18,0.27,0.03,0.13,0.19,0.00,0.00,0.00,0.00,0.02,0.03,0.00,0.00,0.00,0.02,0.14,0.25,322341,480030,683632,825472,1106342,1312470,0,0,0,0,0,0,0,228838,0,342.08,370.97,402.27
315,1,32,66,100,4429,4429,4429,92850,92850,92850,591,591,591,0.15,0.56,0.85,0.06,0.22,0.34,0.03,0.17,0.27,0.00,0.00,0.00,0.00,0.03,0.05,0.00,0.00,0.00,0.03,0.16,0.29,322347,619519,1221322,757363,1137890,1593485,0,0,0,0,0,0,0,294776,0,378.66,407.29,444.42
315,2,27,54,76,4533,4533,4533,92746,92746,92746,591,591,591,0.14,0.38,0.66,0.05,0.16,0.29,0.03,0.10,0.22,0.00,0.00,0.00,0.00,0.02,0.03,0.00,0.00,0.00,0.02,0.11,0.21,461234,726441,1074467,925029,1452361,2010039,0,0,0,0,0,0,0,253744,0,314.34,330.82,365.76
315,3,39,79,100,4434,4434,4434,92845,92845,92845,591,591,591,0.18,0.63,0.82,0.08,0.24,0.32,0.03,0.19,0.25,0.00,0.00,0.00,0.00,0.03,0.05,0.00,0.00,0.00,0.05,0.17,0.23,5241,301019,573930,403580,797714,1271025,0,0,0,0,0,0,0,383775,0,333.69,377.23,418.84
316,0,29,59,91,4516,4516,4516,92763,92763,92763,591,591,591,0.23,0.45,0.75,0.09,0.18,0.31,0.07,0.13,0.25,0.00,0.00,0.00,0.01,0.02,0.04,0.00,0.00,0.00,0.05,0.14,0.19,332806,648720,1163591,900738,1282835,1926215,0,0,0,0,0,0,0,292117,0,320.89,344.08,367.50
316,1,36,76,100,4429,4429,4429,92850,92850,92850,591,591,591,0.26,0.59,0.83,0.12,0.21,0.31,0.03,0.17,0.28,0.00,0.00,0.00,0.01,0.03,0.05,0.00,0.00,0.00,0.08,0.16,0.24,325867,530134,864046,670211,988302,1396816,0,0,0,0,0,0,0,360606,0,339.38,371.71,409.64
316,2,31,81,100,4533,4533,4533,92746,92746,92746,591,591,591,0.13,0.65,0.82,0.05,0.24,0.33,0.03,0.21,0.27,0.00,0.00,0.00,0.00,0.03,0.05,0.00,0.00,0.00,0.02,0.17,0.24,474351,701707,1365415,681388,1101524,1687769,0,0,0,0,0,0,0,350892,0,359.06,400.57,446.04
316,3,33,67,100,4434,4434,4434,92845,92845,92845,591,591,591,0.14,0.55,0.83,0.05,0.21,0.31,0.03,0.16,0.27,0.00,0.00,0.00,0.00,0.03,0.04,0.00,0.00,0.00,0.02,0.16,0.25,340696,658446,1444825,571243,1201778,2405712,0,0,0,0,0,0,0,351791,0,359.26,369.01,387.01
317,0,34,67,100,4516,4516,4516,92763,92763,92763,591,591,591,0.21,0.52,0.82,0.08,0.19,0.28,0.03,0.15,0.26,0.00,0.00,0.00,0.01,0.02,0.04,0.00,0.00,0.00,0.04,0.15,0.22,138868,605556,1331409,463767,1165482,1583014,0,0,0,0,0,0,0,343796,0,309.65,343.89,371.19
317,1,29,50,93,4429,4429,4429,92850,92850,92850,591,591,591,0.14,0.39,0.70,0.05,0.16,0.30,0.03,0.12,0.24,0.00,0.00,0.00,0.00,0.02,0.05,0.00,0.00,0.00,0.02,0.11,0.24,322322,365316,419305,704969,1040387,1349638,0,0,0,0,0,0,0,262812,0,321.97,370.31,417.95
317,2,31,79,100,4533,4533,4533,92746,92746,92746,591,591,591,0.20,0.65,0.84,0.09,0.24,0.33,0.03,0.18,0.28,0.00,0.00,0.00,0.01,0.03,0.05,0.00,0.00,0.00,0.06,0.19,0.28,489779,794041,1450209,799161,1228132,2307501,0,0,0,0,0,0,0,383778,0,332.68,363.29,430.50
317,3,36,56,100,4434,4434,4434,92845,92845,92845,591,591,591,0.20,0.39,0.71,0.08,0.15,0.27,0.06,0.11,0.21,0.00,0.00,0.00,0.01,0.01,0.03,0.00,0.00,0.00,0.04,0.12,0.22,330180,452298,644502,794161,1160360,1451440,0,0,0,0,0,0,0,291398,0,326.17,361.49,394.27
318,0,25,59,92,4516,4516,4516,92763,92763,92763,591,591,591,0.17,0.42,0.64,0.06,0.16,0.24,0.03,0.12,0.19,0.00,0.00,0.00,0.00,0.02,0.02,0.00,0.00,0.00,0.03,0.12,0.20,319206,482877,854336,988587,1201669,1401968,0,0,0,0,0,0,0,283766,0,320.79,362.82,407.48
318,1,34,79,100,4429,4429,4429,92850,92850,92850,591,591,591,0.20,0.63,0.83,0.07,0.22,0.32,0.05,0.18,0.28,0.00,0.00,0.00,0.01,0.03,0.05,0.00,0.00,0.00,0.04,0.17,0.23,305745,416512,773104,476935,865700,1129519,0,0,0,0,0,0,0,402529,0,344.61,391.63,451.99
318,2,33,59,100,4533,4533,4533,92746,92746,92746,591,591,591,0.14,0.49,0.87,0.05,0.17,0.32,0.03,0.15,0.31,0.00,0.00,0.00,0.00,0.03,0.06,0.00,0.00,0.00,0.02,0.12,0.20,466364,743919,1507768,636827,1367111,1709678,0,0,0,0,0,0,0,252626,0,348.04,403.32,489.42
318,3,33,56,84,4434,4434,4434,92845,92845,92845,591,591,591,0.15,0.48,0.72,0.05,0.19,0.31,0.03,0.14,0.23,0.00,0.00,0.00,0.00,0.02,0.04,0.00,0.00,0.00,0.02,0.13,0.21,23581,1040519,1918317,466383,1704973,2898441,0,0,0,0,0,0,0,173002,0,318.77,352.15,395.01
319,0,44,66,96,4516,4516,4516,92763,92763,92763,591,591,591,0.29,0.55,0.80,0.11,0.22,0.33,0.07,0.17,0.25,0.00,0.00,0.00,0.01,0.03,0.05,0.00,0.00,0.00,0.08,0.15,0.23,327582,493438,868620,691900,1039769,1522153,0,0,0,0,0,0,0,321113,0,327.81,356.93,391.00
319,1,31,66,100,4429,4429,4429,92850,92850,92850,591,591,591,0.19,0.46,0.76,0.08,0.18,0.29,0.03,0.13,0.24,0.00,0.00,0.00,0.01,0.02,0.04,0.00,0.00,0.00,0.05,0.14,0.27,340685,722327,1409773,736405,1364206,2324292,0,0,0,0,0,0,0,311433,0,332.45,365.90,380.82
319,2,38,70,100,4533,4533,4533,92746,92746,92746,591,591,591,0.19,0.46,0.82,0.07,0.17,0.29,0.05,0.13,0.28,0.00,0.00,0.00,0.01,0.02,0.05,0.00,0.00,0.00,0.04,0.14,0.23,450756,568153,883151,610625,1065551,1593342,0,0,0,0,0,0,0,256993,0,355.08,384.86,404.75
319,3,57,79,100,4434,4434,4434,92845,92845,92845,591,591,591,0.28,0.64,0.84,0.11,0.24,0.34,0.08,0.19,0.28,0.00,0.00,0.00,0.01,0.03,0.05,0.00,0.00,0.00,0.07,0.18,0.23,466477,711225,1394185,761712,1149213,2261620,0,0,0,0,0,0,0,315720,0,364.71,407.05,423.29
320,0,31,62,100,4512,4513,4516,92763,92766,92767,591,591,591,0.16,0.49,0.85,0.06,0.16,0.25,0.03,0.14,0.28,0.00,0.00,0.00,0.00,0.02,0.05,0.00,0.00,0.00,0.03,0.12,0.19,151993,508627,1008973,621077,1168811,1540894,0,0,0,0,0,0,0,362563,0,325.70,342.15,358.16
320,1,34,56,69,4429,4429,4429,92850,92850,92850,591,591,591,0.25,0.37,0.58,0.10,0.15,0.26,0.08,0.11,0.18,0.00,0.00,0.00,0.01,0.02,0.03,0.00,0.00,0.00,0.07,0.11,0.21,328622,372393,474337,728550,1003697,1336529,0,0,0,0,0,0,0,243450,0,315.42,325.38,352.04
320,2,32,43,56,4533,4533,4533,92746,92746,92746,591,591,591,0.32,0.38,0.47,0.11,0.15,0.18,0.08,0.11,0.13,0.00,0.00,0.00,0.01,0.01,0.02,0.00,0.00,0.00,0.08,0.12,0.17,470449,805629,1329503,970302,1490580,1964464,0,0,0,0,0,0,0,199925,0,294.25,305.30,318.87
320,3,37,60,100,4434,4434,4434,92845,92845,92845,591,591,591,0.16,0.47,0.85,0.06,0.17,0.25,0.03,0.13,0.28,0.00,0.00,0.00,0.00,0.03,0.05,0.00,0.00,0.00,0.04,0.12,0.19,455502,800391,1092193,814805,1627140,2577699,0,0,0,0,0,0,0,290218,0,329.48,345.73,368.17
321,0,39,75,100,4512,4512,4512,92767,92767,92767,591,591,591,0.18,0.55,0.85,0.07,0.21,0.33,0.05,0.16,0.28,0.00,0.00,0.00,0.01,0.02,0.05,0.00,0.00,0.00,0.04,0.16,0.27,330116,600127,1082429,445395,1080213,1847730,0,0,0,0,0,0,0,198664,0,385.31,414.76,438.50
321,1,32,61,100,4429,4429,4429,92850,92850,92850,591,591,591,0.14,0.47,0.78,0.05,0.18,0.29,0.03,0.14,0.21,0.00,0.00,0.00,0.00,0.02,0.03,0.00,0.00,0.00,0.02,0.13,0.24,327586,526213,985298,712790,1177183,1456983,0,0,0,0,0,0,0,202416,0,289.76,343.86,375.03
321,2,30,57,100,4533,4533,4533,92746,92746,92746,591,591,591,0.22,0.37,0.47,0.08,0.15,0.21,0.06,0.11,0.14,0.00,0.00,0.00,0.01,0.01,0.02,0.00,0.00,0.00,0.05,0.11,0.18,455967,648347,1331341,1029810,1352246,2044185,0,0,0,0,0,0,0,273579,0,314.55,316.78,319.25
321,3,51,76,100,4434,4434,4434,92845,92845,92845,591,591,591,0.30,0.61,0.85,0.11,0.22,0.28,0.09,0.18,0.29,0.00,0.00,0.00,0.01,0.03,0.05,0.00,0.00,0.00,0.08,0.17,0.23,343316,375269,414053,458629,814477,1263189,0,0,0,0,0,0,0,302069,0,345.59,405.94,441.72
322,0,32,62,98,4512,4512,4512,92767,92767,92767,591,591,591,0.14,0.41,0.65,0.05,0.16,0.28,0.03,0.11,0.19,0.00,0.00,0.00,0.00,0.02,0.03,0.00,0.00,0.00,0.02,0.11,0.22,322077,389418,574453,920584,1118326,1272792,0,0,0,0,0,0,0,282402,0,325.23,344.81,366.51
322,1,29,63,100,4429,4429,4429,92850,92850,92850,591,591,591,0.14,0.47,0.63,0.05,0.18,0.27,0.03,0.13,0.18,0.00,0.00,0.00,0.00,0.02,0.03,0.00,0.00,0.00,0.02,0.14,0.23,319722,507186,817646,819387,1160256,1614355,0,0,0,0,0,0,0,276043,0,347.32,375.91,404.82
322,2,27,60,100,4533,4533,4533,92746,92746,92746,591,591,591,0.19,0.41,0.62,0.07,0.16,0.23,0.05,0.12,0.17,0.00,0.00,0.00,0.01,0.02,0.02,0.00,0.00,0.00,0.04,0.12,0.19,453362,654051,1100739,1047345,1372028,1784770,0,0,0,0,0,0,0,281379,0,320.06,334.14,355.59
322,3,34,61,100,4434,4434,4434,92845,92845,92845,591,591,591,0.29,0.43,0.78,0.11,0.16,0.28,0.06,0.13,0.24,0.00,0.00,0.00,0.01,0.02,0.03,0.00,0.00,0.00,0.08,0.12,0.23,332853,410916,684029,888406,1142574,1373019,0,0,0,0,0,0,0,286646,0,326.08,345.80,374.19
323,0,51,82,100,4512,4512,4512,92767,92767,92767,591,591,591,0.19,0.56,0.79,0.08,0.21,0.28,0.03,0.17,0.26,0.00,0.00,0.00,0.01,0.03,0.04,0.00,0.00,0.00,0.05,0.17,0.24,170353,497746,888405,539890,1046857,1455247,0,0,0,0,0,0,0,319134,0,352.56,376.00,395.47
323,1,30,68,100,4429,4429,4429,92850,92850,92850,591,591,591,0.15,0.52,0.81,0.06,0.20,0.29,0.03,0.15,0.24,0.00,0.00,0.00,0.00,0.02,0.04,0.00,0.00,0.00,0.04,0.15,0.24,335437,567237,968261,795200,1147680,1864387,0,0,0,0,0,0,0,279177,0,372.93,380.99,386.04
323,2,28,54,87,4533,4533,4533,92746,92746,92746,591,591,591,0.17,0.37,0.63,0.07,0.15,0.23,0.05,0.10,0.17,0.00,0.00,0.00,0.01,0.01,0.02,0.00,0.00,0.00,0.04,0.12,0.19,497895,848456,1734038,953862,1505472,2367294,0,0,0,0,0,0,0,274247,0,316.58,334.69,359.39
323,3,32,52,89,4434,4434,4434,92845,92845,92845,591,591,591,0.14,0.38,0.58,0.05,0.15,0.23,0.03,0.11,0.19,0.00,0.00,0.00,0.00,0.02,0.03,0.00,0.00,0.00,0.02,0.11,0.15,307483,600824,1163562,951365,1308387,1889479,0,0,0,0,0,0,0,220454,0,313.39,321.02,327.33
324,0,34,61,100,4512,4512,4512,92767,92767,92767,591,591,591,0.16,0.51,0.74,0.06,0.20,0.30,0.03,0.15,0.22,0.00,0.00,0.00,0.00,0.02,0.03,0.00,0.00,0.00,0.03,0.16,0.25,324958,722236,1312918,888154,1308710,1687663,0,0,0,0,0,0,0,286343,0,348.98,370.82,405.38
324,1,32,61,100,4429,4429,4429,92850,92850,92850,591,591,591,0.24,0.43,0.81,0.09,0.17,0.31,0.07,0.13,0.21,0.00,0.00,0.00,0.01,0.02,0.03,0.00,0.00,0.00,0.05,0.13,0.26,324932,1046132,2033432,712754,1660929,2856239,0,0,0,0,0,0,0,271284,0,332.90,360.01,395.02
324,2,28,53,100,4533,4533,4533,92746,92746,92746,591,591,591,0.13,0.40,0.68,0.05,0.16,0.27,0.03,0.12,0.21,0.00,0.00,0.00,0.00,0.02,0.03,0.00,0.00,0.00,0.02,0.11,0.22,463832,650297,943463,911993,1271089,1616992,0,0,0,0,0,0,0,256225,0,307.72,328.01,353.98
324,3,50,72,100,4434,4434,4434,92845,92845,92845,591,591,591,0.26,0.54,0.80,0.10,0.21,0.27,0.08,0.16,0.26,0.00,0.00,0.00,0.01,0.02,0.04,0.00,0.00,0.00,0.06,0.16,0.22,347260,701585,1474635,827838,1251235,1737567,0,0,0,0,0,0,0,305731,0,342.52,373.49,398.13
325,0,34,60,96,4512,4512,4512,92767,92767,92767,591,591,591,0.16,0.40,0.89,0.06,0.16,0.34,0.03,0.12,0.30,0.00,0.00,0.00,0.00,0.02,0.06,0.00,0.00,0.00,0.03,0.10,0.20,320131,457009,917045,972999,1179393,1386324,0,0,0,0,0,0,0,271776,0,313.72,348.12,398.82
325,1,31,65,89,4429,4429,4429,92850,92850,92850,591,591,591,0.14,0.43,0.73,0.05,0.17,0.29,0.03,0.12,0.23,0.00,0.00,0.00,0.00,0.02,0.04,0.00,0.00,0.00,0.02,0.13,0.25,283017,588924,980636,616387,1286793,1989053,0,0,0,0,0,0,0,271919,0,321.89,358.60,392.43
325,2,32,63,91,4533,4533,4533,92746,92746,92746,591,591,591,0.14,0.42,0.79,0.05,0.17,0.33,0.03,0.12,0.26,0.00,0.00,0.00,0.00,0.02,0.04,0.00,0.00,0.00,0.02,0.12,0.22,458499,644128,1294645,846459,1362120,1818793,0,0,0,0,0,0,0,297414,0,327.05,351.68,391.78
325,3,36,72,100,4434,4434,4434,92845,92845,92845,591,591,591,0.23,0.60,0.88,0.09,0.23,0.33,0.06,0.18,0.31,0.00,0.00,0.00,0.01,0.03,0.06,0.00,0.00,0.00,0.05,0.16,0.26,342372,680183,1226478,560963,1207756,2101786,0,0,0,0,0,0,0,324624,0,331.68,366.08,398.26
326,0,74,90,100,4512,4512,4512,92767,92767,92767,591,591,591,0.39,0.71,0.83,0.17,0.26,0.34,0.07,0.20,0.27,0.00,0.00,0.00,0.02,0.03,0.05,0.00,0.00,0.00,0.14,0.21,0.31,332800,737048,1388907,487409,1124251,1729583,0,0,0,0,0,0,0,420735,0,334.29,368.44,416.29
326,1,37,77,100,4429,4429,4429,92850,92850,92850,591,591,591,0.30,0.59,0.81,0.11,0.22,0.26,0.09,0.17,0.27,0.00,0.00,0.00,0.01,0.03,0.04,0.00,0.00,0.00,0.08,0.17,0.21,345923,644662,1174081,835964,1147823,2038917,0,0,0,0,0,0,0,278113,0,362.64,372.20,380.93
326,2,74,89,100,4533,4533,4533,92746,92746,92746,591,591,591,0.55,0.73,0.84,0.24,0.26,0.30,0.17,0.22,0.28,0.00,0.00,0.00,0.02,0.04,0.05,0.00,0.00,0.00,0.17,0.20,0.24,481629,955136,1362993,891143,1289443,1567105,0,0,0,0,0,0,0,256347,0,354.60,380.28,423.56
326,3,34,67,100,4432,4432,4434,92845,92846,92847,591,591,591,0.15,0.41,0.85,0.05,0.14,0.25,0.03,0.11,0.28,0.00,0.00,0.00,0.00,0.02,0.05,0.00,0.00,0.00,0.03,0.10,0.18,222760,554358,1170214,467734,1283629,1938713,0,0,0,0,0,0,0,291254,0,329.87,353.17,389.04
327,0,33,69,100,4512,4512,4512,92767,92767,92767,591,591,591,0.16,0.53,0.79,0.06,0.21,0.30,0.03,0.16,0.22,0.00,0.00,0.00,0.00,0.02,0.03,0.00,0.00,0.00,0.03,0.15,0.24,244589,546314,940847,812388,1125818,1669270,0,0,0,0,0,0,0,270116,0,363.57,396.24,448.87
327,1,40,48,64,4429,4429,4429,92850,92850,92850,591,591,591,0.26,0.35,0.51,0.10,0.14,0.22,0.07,0.10,0.15,0.00,0.00,0.00,0.01,0.01,0.02,0.00,0.00,0.00,0.06,0.12,0.20,340681,422977,529390,1003700,1146811,1320856,0,0,0,0,0,0,0,266962,0,293.40,334.33,396.75
327,2,31,66,96,4533,4533,4533,92746,92746,92746,591,591,591,0.14,0.49,0.87,0.05,0.19,0.35,0.03,0.15,0.27,0.00,0.00,0.00,0.00,0.02,0.05,0.00,0.00,0.00,0.02,0.13,0.23,331846,605698,1242178,972233,1205430,1514724,0,0,0,0,0,0,0,306478,0,364.77,394.14,421.00
327,3,33,71,100,4432,4432,4432,92847,92847,92847,591,591,591,0.15,0.60,0.86,0.06,0.22,0.34,0.03,0.18,0.29,0.00,0.00,0.00,0.00,0.03,0.05,0.00,0.00,0.00,0.03,0.15,0.27,338074,476268,922169,500543,950063,1360134,0,0,0,0,0,0,0,268776,0,368.44,422.71,483.44
328,0,34,56,100,4512,4512,4512,92767,92767,92767,591,591,591,0.15,0.43,0.71,0.05,0.17,0.29,0.03,0.12,0.20,0.00,0.00,0.00,0.00,0.02,0.03,0.00,0.00,0.00,0.02,0.13,0.26,312256,445829,903724,1008930,1178833,1345198,0,0,0,0,0,0,0,290996,0,341.85,365.62,404.52
328,1,31,67,100,4429,4429,4429,92850,92850,92850,591,591,591,0.15,0.53,0.82,0.05,0.19,0.31,0.03,0.16,0.28,0.00,0.00,0.00,0.00,0.03,0.05,0.00,0.00,0.00,0.02,0.13,0.21,332840,410920,455999,626343,992189,1391568,0,0,0,0,0,0,0,306134,0,315.02,344.00,383.51
328,2,33,81,100,4533,4533,4533,92746,92746,92746,591,591,591,0.14,0.63,0.86,0.05,0.21,0.28,0.03,0.18,0.29,0.00,0.00,0.00,0.00,0.03,0.05,0.00,0.00,0.00,0.02,0.16,0.21,495288,790372,1255272,605352,1254231,1886917,0,0,0,0,0,0,0,367289,0,321.45,351.38,419.29
328,3,30,80,100,4432,4432,4432,92847,92847,92847,591,591,591,0.39,0.64,0.82,0.15,0.25,0.33,0.11,0.19,0.27,0.00,0.00,0.00,0.02,0.03,0.04,0.00,0.00,0.00,0.08,0.19,0.29,353766,441305,610624,552923,914057,1352167,0,0,0,0,0,0,0,328825,0,360.12,387.08,424.64
329,0,31,54,90,4512,4512,4512,92767,92767,92767,591,591,591,0.23,0.36,0.47,0.09,0.15,0.20,0.04,0.10,0.15,0.00,0.00,0.00,0.01,0.01,0.02,0.00,0.00,0.00,0.06,0.11,0.16,338063,416675,566058,885739,1151491,1559282,0,0,0,0,0,0,0,285367,0,314.47,338.59,371.54
329,1,35,49,83,4429,4429,4429,92850,92850,92850,591,591,591,0.31,0.39,0.55,0.11,0.16,0.24,0.08,0.11,0.19,0.00,0.00,0.00,0.01,0.01,0.03,0.00,0.00,0.00,0.08,0.12,0.17,214306,452888,797553,789192,1100824,1618261,0,0,0,0,0,0,0,300390,0,324.81,358.17,390.53
329,2,31,57,91,4533,4533,4533,92746,92746,92746,591,591,591,0.19,0.43,0.75,0.07,0.18,0.31,0.05,0.12,0.24,0.00,0.00,0.00,0.01,0.02,0.05,0.00,0.00,0.00,0.04,0.13,0.18,471734,1047531,3270602,807434,1628994,4030598,0,0,0,0,0,0,0,262805,0,338.69,405.18,449.92
329,3,29,70,100,4432,4432,4432,92847,92847,92847,591,591,591,0.15,0.50,0.83,0.06,0.18,0.31,0.03,0.14,0.28,0.00,0.00,0.00,0.00,0.02,0.04,0.00,0.00,0.00,0.03,0.14,0.25,141506,476947,1155666,476929,1085450,1852735,0,0,0,0,0,0,0,296700,0,363.51,373.26,389.67
330,0,27,67,100,4506,4510,4512,92767,92768,92773,591,591,591,0.15,0.55,0.91,0.06,0.21,0.33,0.03,0.17,0.32,0.00,0.00,0.00,0.00,0.03,0.07,0.00,0.00,0.00,0.03,0.14,0.24,221884,917564,1776812,1170569,1498823,2146326,0,0,0,0,0,0,0,257305,0,341.57,372.69,393.95
330,1,34,66,100,4429,4429,4429,92850,92850,92850,591,591,591,0.18,0.51,0.74,0.07,0.20,0.30,0.03,0.15,0.23,0.00,0.00,0.00,0.00,0.02,0.04,0.00,0.00,0.00,0.05,0.16,0.28,340692,478009,744275,736379,1087577,1671999,0,0,0,0,0,0,0,325712,0,313.25,348.56,381.41
330,2,28,68,100,4533,4533,4533,92746,92746,92746,591,591,591,0.14,0.51,0.81,0.05,0.19,0.31,0.03,0.15,0.27,0.00,0.00,0.00,0.00,0.02,0.04,0.00,0.00,0.00,0.03,0.14,0.25,305757,701104,1189788,652554,1261579,2086061,0,0,0,0,0,0,0,329271,0,303.83,348.60,379.91
330,3,32,58,97,4432,4432,4432,92847,92847,92847,591,591,591,0.16,0.42,0.85,0.06,0.17,0.34,0.03,0.11,0.28,0.00,0.00,0.00,0.00,0.02,0.05,0.00,0.00,0.00,0.03,0.12,0.20,345938,550417,798855,967907,1344027,1818777,0,0,0,0,0,0,0,265610,0,329.57,370.29,419.95
331,0,60,90,100,4506,4506,4506,92773,92773,92773,591,591,591,0.50,0.73,0.86,0.22,0.26,0.33,0.13,0.21,0.29,0.00,0.00,0.00,0.02,0.04,0.05,0.00,0.00,0.00,0.18,0.21,0.27,313250,457692,670905,446766,824044,1485905,0,0,0,0,0,0,0,385244,0,335.37,387.27,454.58
331,1,30,55,100,4429,4429,4429,92850,92850,92850,591,591,591,0.14,0.43,0.66,0.05,0.17,0.29,0.03,0.12,0.19,0.00,0.00,0.00,0.00,0.02,0.03,0.00,0.00,0.00,0.02,0.12,0.22,332824,400431,508381,930362,1121108,1331314,0,0,0,0,0,0,0,290603,0,340.52,380.20,415.20
331,2,35,50,79,4533,4533,4533,92746,92746,92746,591,591,591,0.17,0.31,0.44,0.07,0.12,0.17,0.05,0.08,0.13,0.00,0.00,0.00,0.01,0.01,0.02,0.00,0.00,0.00,0.04,0.10,0.17,468995,560797,898912,1079708,1255234,1569821,0,0,0,0,0,0,0,270451,0,275.76,318.21,387.96
331,3,90,96,100,4432,4432,4432,92847,92847,92847,591,591,591,0.78,0.82,0.86,0.24,0.29,0.37,0.20,0.25,0.29,0.00,0.00,0.00,0.03,0.04,0.05,0.00,0.00,0.00,0.18,0.21,0.30,359020,561329,877924,508404,807632,1174060,0,0,0,0,0,0,0,397262,0,341.69,408.80,503.74
332,0,34,52,79,4506,4506,4506,92773,92773,92773,591,591,591,0.19,0.38,0.62,0.07,0.15,0.23,0.04,0.11,0.18,0.00,0.00,0.00,0.01,0.01,0.03,0.00,0.00,0.00,0.04,0.12,0.19,324959,670876,1223817,1032463,1362191,2049305,0,0,0,0,0,0,0,303756,0,317.40,362.90,424.55
332,1,32,66,100,4429,4429,4429,92850,92850,92850,591,591,591,0.13,0.51,0.80,0.05,0.20,0.29,0.03,0.14,0.26,0.00,0.00,0.00,0.00,0.02,0.04,0.00,0.00,0.00,0.02,0.15,0.26,343277,479667,621124,670894,1056782,1465783,0,0,0,0,0,0,0,282269,0,373.08,378.79,384.34
332,2,31,61,100,4533,4533,4533,92746,92746,92746,591,591,591,0.14,0.47,0.81,0.05,0.18,0.30,0.03,0.14,0.27,0.00,0.00,0.00,0.00,0.02,0.04,0.00,0.00,0.00,0.02,0.12,0.20,458548,914076,2067681,665663,1503701,2696634,0,0,0,0,0,0,0,168484,0,308.92,331.76,361.41
332,3,36,65,100,4428,4429,4432,92847,92849,92851,591,591,591,0.16,0.47,0.85,0.06,0.16,0.25,0.03,0.13,0.29,0.00,0.00,0.00,0.00,0.02,0.05,0.00,0.00,0.00,0.03,0.11,0.19,10482,476965,1302497,801906,1173531,1433532,0,0,0,0,0,0,0,282519,0,332.97,376.60,465.52
333,0,32,75,95,4506,4506,4506,92773,92773,92773,591,591,591,0.23,0.52,0.74,0.09,0.20,0.29,0.06,0.16,0.23,0.00,0.00,0.00,0.01,0.02,0.04,0.00,0.00,0.00,0.05,0.15,0.24,366848,499189,694451,796585,1114316,1370600,0,0,0,0,0,0,0,255491,0,312.56,340.94,375.88
333,1,35,78,100,4429,4429,4429,92850,92850,92850,591,591,591,0.20,0.58,0.78,0.07,0.23,0.32,0.05,0.17,0.23,0.00,0.00,0.00,0.01,0.03,0.04,0.00,0.00,0.00,0.04,0.17,0.26,434948,942089,2012656,964298,1461600,2353340,0,0,0,0,0,0,0,218975,0,381.47,384.92,388.57
333,2,37,60,100,4533,4533,4533,92746,92746,92746,591,591,591,0.32,0.49,0.82,0.12,0.20,0.31,0.08,0.14,0.22,0.00,0.00,0.00,0.01,0.02,0.03,0.00,0.00,0.00,0.09,0.16,0.24,482168,776124,1260213,902738,1308091,1781591,0,0,0,0,0,0,0,292905,0,360.27,377.51,400.01
333,3,90,96,100,4428,4428,4428,92851,92851,92851,591,591,591,0.71,0.83,0.92,0.25,0.31,0.34,0.19,0.25,0.32,0.00,0.00,0.00,0.03,0.05,0.07,0.00,0.00,0.00,0.17,0.22,0.28,369470,703880,999690,657709,923960,1133325,0,0,0,0,0,0,0,349180,0,365.48,443.21,499.95
334,0,32,59,100,4506,4506,4506,92773,92773,92773,591,591,591,0.15,0.43,0.81,0.05,0.17,0.29,0.03,0.12,0.27,0.00,0.00,0.00,0.00,0.02,0.04,0.00,0.00,0.00,0.02,0.13,0.26,217169,410302,655018,767859,1076342,1475513,0,0,0,0,0,0,0,300630,0,336.28,364.61,390.81
334,1,33,75,100,4429,4429,4429,92850,92850,92850,591,591,591,0.14,0.61,0.81,0.05,0.24,0.34,0.03,0.17,0.27,0.00,0.00,0.00,0.00,0.03,0.04,0.00,0.00,0.00,0.03,0.18,0.28,332688,507327,718066,657904,1008336,1656269,0,0,0,0,0,0,0,402570,0,363.90,387.06,441.14
334,2,32,65,100,4533,4533,4533,92746,92746,92746,591,591,591,0.14,0.45,0.89,0.05,0.16,0.33,0.03,0.13,0.31,0.00,0.00,0.00,0.00,0.02,0.06,0.00,0.00,0.00,0.02,0.10,0.19,453400,608475,851620,993120,1256927,1425536,0,0,0,0,0,0,0,227325,0,322.17,347.48,398.06
334,3,33,59,100,4428,4428,4428,92851,92851,92851,591,591,591,0.16,0.46,0.86,0.06,0.15,0.25,0.03,0.13,0.29,0.00,0.00,0.00,0.00,0.02,0.05,0.00,0.00,0.00,0.03,0.11,0.19,333842,443069,611451,495317,1106022,1495969,0,0,0,0,0,0,0,335597,0,327.54,365.26,436.67
335,0,32,68,97,4506,4506,4506,92773,92773,92773,591,591,591,0.14,0.50,0.79,0.05,0.19,0.34,0.03,0.15,0.26,0.00,0.00,0.00,0.00,0.02,0.05,0.00,0.00,0.00,0.02,0.12,0.24,343604,623013,1281503,678752,1285090,2303561,0,0,0,0,0,0,0,296386,0,349.27,377.96,411.27
335,1,30,59,100,4427,4427,4429,92850,92851,92852,591,591,591,0.14,0.44,0.84,0.05,0.16,0.27,0.03,0.13,0.27,0.00,0.00,0.00,0.00,0.02,0.05,0.00,0.00,0.00,0.02,0.10,0.19,322348,531363,851725,909065,1220398,1428321,0,0,0,0,0,0,0,318201,0,327.47,373.81,459.92
335,2,30,74,100,4533,4533,4533,92746,92746,92746,591,591,591,0.30,0.60,0.85,0.11,0.21,0.32,0.08,0.18,0.29,0.00,0.00,0.00,0.01,0.03,0.05,0.00,0.00,0.00,0.07,0.16,0.26,471569,852729,1803100,584222,1257862,2141181,0,0,0,0,0,0,0,351956,0,338.16,407.54,446.59
335,3,27,62,100,4428,4428,4428,92851,92851,92851,591,591,591,0.18,0.51,0.85,0.07,0.20,0.30,0.05,0.14,0.23,0.00,0.00,0.00,0.01,0.02,0.04,0.00,0.00,0.00,0.04,0.16,0.24,340689,571267,1014157,783600,1122092,1496341,0,0,0,0,0,0,0,227699,0,357.79,410.60,453.30
336,0,43,86,100,4506,4506,4506,92773,92773,92773,591,591,591,0.40,0.71,0.85,0.19,0.25,0.29,0.05,0.20,0.28,0.00,0.00,0.00,0.02,0.04,0.05,0.00,0.00,0.00,0.16,0.20,0.26,327587,610583,1069207,456001,983233,1428230,0,0,0,0,0,0,0,389347,0,330.07,382.59,465.35
336,1,32,74,100,4427,4427,4427,92852,92852,92852,591,591,591,0.14,0.64,0.85,0.05,0.23,0.34,0.03,0.20,0.28,0.00,0.00,0.00,0.00,0.03,0.05,0.00,0.00,0.00,0.02,0.16,0.26,201789,397084,876911,319718,791390,1263146,0,0,0,0,0,0,0,294054,0,369.19,430.04,485.90
336,2,29,52,95,4533,4533,4533,92746,92746,92746,591,591,591,0.18,0.48,0.79,0.07,0.19,0.34,0.06,0.15,0.26,0.00,0.00,0.00,0.01,0.02,0.04,0.00,0.00,0.00,0.04,0.13,0.22,435024,651214,1416385,927703,1194012,1740345,0,0,0,0,0,0,0,278330,0,309.89,344.51,381.44
336,3,34,54,60,4428,4428,4428,92851,92851,92851,591,591,591,0.24,0.37,0.57,0.09,0.15,0.22,0.06,0.11,0.15,0.00,0.00,0.00,0.01,0.01,0.02,0.00,0.00,0.00,0.06,0.11,0.21,340657,461228,854355,946075,1198135,1433534,0,0,0,0,0,0,0,254277,0,308.99,319.21,327.35
337,0,27,57,100,4506,4506,4506,92773,92773,92773,591,591,591,0.28,0.42,0.78,0.11,0.16,0.28,0.06,0.12,0.24,0.00,0.00,0.00,0.01,0.02,0.03,0.00,0.00,0.00,0.08,0.12,0.23,338056,392573,573939,815062,1087035,1378353,0,0,0,0,0,0,0,274443,0,328.87,386.76,444.20
337,1,25,74,100,4427,4427,4427,92852,92852,92852,591,591,591,0.13,0.59,0.83,0.05,0.21,0.28,0.03,0.16,0.27,0.00,0.00,0.00,0.00,0.03,0.05,0.00,0.00,0.00,0.03,0.17,0.23,338066,500028,718068,492686,969659,1454518,0,0,0,0,0,0,0,366661,0,343.49,368.95,412.11
337,2,30,74,100,4533,4533,4533,92746,92746,92746,591,591,591,0.14,0.53,0.84,0.05,0.18,0.28,0.03,0.15,0.27,0.00,0.00,0.00,0.00,0.03,0.05,0.00,0.00,0.00,0.02,0.14,0.22,474322,553950,832997,628936,1128344,1757676,0,0,0,0,0,0,0,356292,0,316.08,342.14,383.46
337,3,38,56,85,4428,4428,4428,92851,92851,92851,591,591,591,0.31,0.39,0.56,0.11,0.15,0.23,0.08,0.11,0.16,0.00,0.00,0.00,0.01,0.01,0.02,0.00,0.00,0.00,0.08,0.12,0.23,323543,481809,636839,1000968,1237245,1504305,0,0,0,0,0,0,0,251538,0,313.68,321.07,328.54
338,0,50,54,62,4506,4506,4506,92773,92773,92773,591,591,591,0.25,0.38,0.62,0.09,0.15,0.24,0.06,0.11,0.19,0.00,0.00,0.00,0.01,0.01,0.02,0.00,0.00,0.00,0.06,0.12,0.19,229670,406991,621187,738716,1110231,1517032,0,0,0,0,0,0,0,279570,0,311.47,318.11,337.60
338,1,32,57,95,4427,4427,4427,92852,92852,92852,591,591,591,0.14,0.39,0.86,0.05,0.15,0.34,0.03,0.12,0.28,0.00,0.00,0.00,0.00,0.02,0.05,0.00,0.00,0.00,0.02,0.10,0.20,369502,644068,1176327,626320,1323610,1956228,0,0,0,0,0,0,0,242317,0,317.33,378.60,422.63
338,2,31,55,100,4533,4533,4533,92746,92746,92746,591,591,591,0.17,0.45,0.70,0.07,0.18,0.28,0.05,0.13,0.22,0.00,0.00,0.00,0.01,0.02,0.03,0.00,0.00,0.00,0.04,0.14,0.25,307496,979794,2146361,1023823,1558619,2565675,0,0,0,0,0,0,0,234676,0,332.22,390.46,429.22
338,3,35,71,100,4428,4428,4428,92851,92851,92851,591,591,591,0.22,0.53,0.80,0.09,0.21,0.30,0.03,0.16,0.26,0.00,0.00,0.00,0.01,0.02,0.04,0.00,0.00,0.00,0.05,0.16,0.28,332773,446525,579178,728432,1048201,1320809,0,0,0,0,0,0,0,336174,0,314.26,345.99,374.78
339,0,33,56,95,4506,4506,4506,92773,92773,92773,591,591,591,0.19,0.46,0.82,0.07,0.18,0.33,0.05,0.14,0.26,0.00,0.00,0.00,0.01,0.02,0.05,0.00,0.00,0.00,0.04,0.12,0.20,335453,1048265,2387427,1029878,1666084,2694045,0,0,0,0,0,0,0,217909,0,313.04,328.24,349.42
339,1,59,86,100,4427,4427,4427,92852,92852,92852,591,591,591,0.28,0.63,0.83,0.13,0.23,0.27,0.03,0.17,0.27,0.00,0.00,0.00,0.01,0.03,0.05,0.00,0.00,0.00,0.11,0.19,0.25,149367,688146,1790813,563442,1137576,2031918,0,0,0,0,0,0,0,381164,0,335.42,374.69,421.35
339,2,29,63,100,4533,4533,4533,92746,92746,92746,591,591,591,0.15,0.39,0.65,0.06,0.16,0.25,0.03,0.11,0.20,0.00,0.00,0.00,0.00,0.01,0.02,0.00,0.00,0.00,0.03,0.12,0.20,458512,583606,940793,1095189,1265707,1409880,0,0,0,0,0,0,0,266200,0,312.89,323.79,342.69
339,3,32,59,100,4428,4428,4428,92851,92851,92851,591,591,591,0.14,0.50,0.81,0.05,0.19,0.30,0.03,0.15,0.27,0.00,0.00,0.00,0.00,0.02,0.04,0.00,0.00,0.00,0.02,0.13,0.22,343329,603379,1205467,568720,1238176,1580210,0,0,0,0,0,0,0,291055,0,364.85,372.89,383.01
340,0,34,77,100,4506,4506,4506,92773,92773,92773,591,591,591,0.15,0.58,0.84,0.05,0.21,0.34,0.03,0.16,0.27,0.00,0.00,0.00,0.00,0.03,0.04,0.00,0.00,0.00,0.02,0.17,0.30,327606,408799,686511,487477,951263,1315581,0,0,0,0,0,0,0,362939,0,314.33,348.89,403.92
340,1,27,51,75,4427,4427,4427,92852,92852,92852,591,591,591,0.22,0.39,0.56,0.08,0.15,0.23,0.06,0.11,0.18,0.00,0.00,0.00,0.01,0.02,0.02,0.00,0.00,0.00,0.05,0.11,0.17,330203,636296,1504272,1108540,1361690,1994340,0,0,0,0,0,0,0,293354,0,331.57,380.65,424.31
340,2,30,63,100,4533,4533,4533,92746,92746,92746,591,591,591,0.17,0.50,0.75,0.06,0.19,0.30,0.03,0.14,0.23,0.00,0.00,0.00,0.00,0.02,0.04,0.00,0.00,0.00,0.03,0.15,0.27,458622,709162,1347087,843848,1288855,1719240,0,0,0,0,0,0,0,311843,0,312.05,348.97,375.83
340,3,35,69,97,4426,4427,4428,92851,92851,92853,591,591,591,0.15,0.49,0.90,0.06,0.20,0.34,0.03,0.14,0.29,0.00,0.00,0.00,0.00,0.02,0.06,0.00,0.00,0.00,0.03,0.13,0.26,336986,451061,759994,537237,1111167,1488544,0,0,0,0,0,0,0,235919,0,337.22,385.14,415.63
341,0,34,62,96,4506,4506,4506,92773,92773,92773,591,591,591,0.18,0.42,0.63,0.07,0.17,0.24,0.04,0.12,0.17,0.00,0.00,0.00,0.01,0.02,0.02,0.00,0.00,0.00,0.04,0.12,0.21,225746,606677,1436128,983694,1307658,2201364,0,0,0,0,0,0,0,324182,0,334.17,379.97,424.49
341,1,33,67,100,4427,4427,4427,92852,92852,92852,591,591,591,0.24,0.51,0.75,0.09,0.20,0.28,0.07,0.15,0.21,0.00,0.00,0.00,0.01,0.02,0.03,0.00,0.00,0.00,0.05,0.16,0.24,175590,325550,435448,592290,898870,1212938,0,0,0,0,0,0,0,305939,0,325.02,364.77,381.66
341,2,31,45,59,4533,4533,4533,92746,92746,92746,591,591,591,0.18,0.31,0.43,0.07,0.13,0.17,0.05,0.10,0.12,0.00,0.00,0.00,0.01,0.01,0.02,0.00,0.00,0.00,0.04,0.09,0.17,466340,758567,1256179,1040371,1411942,1981235,0,0,0,0,0,0,0,227948,0,290.15,328.08,370.35
341,3,86,96,100,4426,4426,4426,92853,92853,92853,591,591,591,0.74,0.82,0.90,0.25,0.29,0.35,0.17,0.24,0.29,0.00,0.00,0.00,0.02,0.04,0.06,0.00,0.00,0.00,0.18,0.22,0.31,340682,560416,924914,469093,831723,1257773,0,0,0,0,0,0,0,415323,0,337.89,419.64,502.11
342,0,34,62,95,4506,4506,4506,92773,92773,92773,591,591,591,0.15,0.47,0.69,0.06,0.18,0.31,0.03,0.14,0.23,0.00,0.00,0.00,0.00,0.02,0.04,0.00,0.00,0.00,0.03,0.13,0.24,332824,552385,977436,725878,1216924,1653685,0,0,0,0,0,0,0,253442,0,338.42,358.81,396.96
342,1,30,52,96,4427,4427,4427,92852,92852,92852,591,591,591,0.13,0.40,0.70,0.05,0.16,0.30,0.03,0.12,0.22,0.00,0.00,0.00,0.00,0.02,0.04,0.00,0.00,0.00,0.02,0.11,0.22,338077,601340,804540,759998,1219637,1462323,0,0,0,0,0,0,0,282989,0,324.89,352.44,405.89
342,2,26,57,91,4533,4533,4533,92746,92746,92746,591,591,591,0.17,0.42,0.71,0.07,0.17,0.30,0.05,0.13,0.24,0.00,0.00,0.00,0.01,0.02,0.04,0.00,0.00,0.00,0.04,0.13,0.20,458617,557781,888431,846334,1201234,1430925,0,0,0,0,0,0,0,288802,0,294.54,317.33,353.63
342,3,33,64,100,4426,4426,4426,92853,92853,92853,591,591,591,0.16,0.47,0.85,0.06,0.16,0.25,0.03,0.14,0.29,0.00,0.00,0.00,0.00,0.02,0.05,0.00,0.00,0.00,0.03,0.11,0.20,309242,654639,1899987,458587,1345971,2937773,0,0,0,0,0,0,0,231202,0,340.34,372.26,447.19
343,0,34,84,100,4506,4506,4506,92773,92773,92773,591,591,591,0.15,0.66,0.84,0.06,0.24,0.34,0.03,0.20,0.28,0.00,0.00,0.00,0.00,0.03,0.05,0.00,0.00,0.00,0.03,0.17,0.25,327583,525688,885753,665660,944988,1357506,0,0,0,0,0,0,0,305721,0,356.01,418.73,473.07
343,1,29,77,100,4425,4425,4425,92854,92854,92854,591,591,591,0.13,0.58,0.85,0.05,0.19,0.25,0.03,0.17,0.28,0.00,0.00,0.00,0.00,0.03,0.05,0.00,0.00,0.00,0.02,0.14,0.20,343220,420306,649866,458500,890412,1289141,0,0,0,0,0,0,0,384340,0,311.11,345.14,423.79
343,2,28,67,100,4533,4533,4533,92746,92746,92746,591,591,591,0.14,0.51,0.83,0.05,0.18,0.31,0.03,0.15,0.27,0.00,0.00,0.00,0.00,0.02,0.04,0.00,0.00,0.00,0.02,0.14,0.25,495305,810295,1428127,807192,1394706,1679925,0,0,0,0,0,0,0,323500,0,304.95,340.32,363.42
343,3,34,71,100,4426,4426,4426,92853,92853,92853,591,591,591,0.28,0.60,0.85,0.10,0.23,0.34,0.05,0.18,0.29,0.00,0.00,0.00,0.01,0.03,0.05,0.00,0.00,0.00,0.06,0.16,0.28,357195,577549,1021866,694465,1100743,1530794,0,0,0,0,0,0,0,290174,0,375.33,428.94,494.90
344,0,61,79,100,4506,4506,4506,92773,92773,92773,591,591,591,0.30,0.65,0.83,0.13,0.24,0.33,0.05,0.19,0.27,0.00,0.00,0.00,0.01,0.03,0.05,0.00,0.00,0.00,0.09,0.18,0.29,343312,862958,2059135,683937,1292988,2158046,0,0,0,0,0,0,0,404514,0,358.29,387.71,437.13
344,1,33,67,100,4425,4425,4425,92854,92854,92854,591,591,591,0.14,0.52,0.80,0.05,0.21,0.33,0.03,0.15,0.26,0.00,0.00,0.00,0.00,0.02,0.04,0.00,0.00,0.00,0.02,0.16,0.27,324946,458006,720517,685581,1025034,1257857,0,0,0,0,0,0,0,187132,0,385.84,424.37,482.44
344,2,28,68,100,4533,4533,4533,92746,92746,92746,591,591,591,0.13,0.50,0.81,0.05,0.19,0.28,0.03,0.14,0.27,0.00,0.00,0.00,0.00,0.02,0.04,0.00,0.00,0.00,0.02,0.15,0.26,474359,1395734,4507339,741658,1962672,5359017,0,0,0,0,0,0,0,226028,0,364.24,384.20,407.67
344,3,33,82,100,4426,4426,4426,92853,92853,92853,591,591,591,0.20,0.61,0.82,0.07,0.23,0.29,0.04,0.18,0.27,0.00,0.00,0.00,0.01,0.03,0.04,0.00,0.00,0.00,0.04,0.18,0.23,311872,407217,600201,602492,912961,1244535,0,0,0,0,0,0,0,363699,0,374.75,386.03,412.87
345,0,34,69,100,4506,4506,4506,92773,92773,92773,591,591,591,0.14,0.56,0.71,0.05,0.22,0.31,0.03,0.17,0.24,0.00,0.00,0.00,0.00,0.03,0.05,0.00,0.00,0.00,0.02,0.15,0.24,327579,495282,943418,749556,1111106,1574984,0,0,0,0,0,0,0,259353,0,375.88,397.01,410.48
345,1,35,62,95,4425,4425,4425,92854,92854,92854,591,591,591,0.16,0.43,0.75,0.06,0.18,0.33,0.03,0.11,0.20,0.00,0.00,0.00,0.00,0.02,0.03,0.00,0.00,0.00,0.03,0.16,0.39,327570,491027,786631,1102268,1277115,1436146,0,0,0,0,0,0,0,250768,0,348.94,388.67,416.06
345,2,35,55,78,4533,4533,4533,92746,92746,92746,591,591,591,0.18,0.32,0.48,0.07,0.13,0.19,0.05,0.09,0.14,0.00,0.00,0.00,0.01,0.01,0.02,0.00,0.00,0.00,0.04,0.10,0.19,465860,674609,1213265,1156886,1415985,1957472,0,0,0,0,0,0,0,254027,0,324.01,341.49,358.81
345,3,33,58,89,4426,4426,4426,92853,92853,92853,591,591,591,0.16,0.42,0.77,0.06,0.17,0.33,0.03,0.12,0.25,0.00,0.00,0.00,0.00,0.02,0.04,0.00,0.00,0.00,0.03,0.11,0.21,335413,763888,1341690,1291865,1485836,1661390,0,0,0,0,0,0,0,248807,0,336.18,364.26,412.51
346,0,34,66,100,4506,4506,4506,92773,92773,92773,591,591,591,0.15,0.50,0.82,0.05,0.19,0.28,0.03,0.14,0.26,0.00,0.00,0.00,0.00,0.02,0.04,0.00,0.00,0.00,0.02,0.15,0.22,327588,513648,689228,765249,1116926,1635274,0,0,0,0,0,0,0,328178,0,351.34,366.11,376.77
346,1,70,89,100,4425,4425,4425,92854,92854,92854,591,591,591,0.17,0.68,0.84,0.06,0.25,0.34,0.04,0.21,0.28,0.00,0.00,0.00,0.00,0.03,0.05,0.00,0.00,0.00,0.03,0.18,0.29,314481,420344,592266,419275,796668,1257926,0,0,0,0,0,0,0,340057,0,354.12,410.65,468.82
346,2,32,61,100,4533,4533,4533,92746,92746,92746,591,591,591,0.15,0.50,0.82,0.06,0.18,0.32,0.03,0.15,0.28,0.00,0.00,0.00,0.00,0.03,0.05,0.00,0.00,0.00,0.03,0.13,0.20,406178,581759,1022064,571269,1171354,1456470,0,0,0,0,0,0,0,332634,0,313.35,342.56,369.96
346,3,42,80,100,4426,4426,4426,92853,92853,92853,591,591,591,0.22,0.64,0.84,0.09,0.23,0.32,0.05,0.19,0.28,0.00,0.00,0.00,0.01,0.03,0.05,0.00,0.00,0.00,0.05,0.18,0.26,343277,580454,911913,652490,1007874,1308053,0,0,0,0,0,0,0,299563,0,349.12,386.21,431.98
347,0,34,70,100,4506,4506,4506,92773,92773,92773,591,591,591,0.15,0.49,0.81,0.06,0.18,0.31,0.03,0.14,0.22,0.00,0.00,0.00,0.00,0.02,0.03,0.00,0.00,0.00,0.03,0.15,0.26,350358,552356,824156,997584,1276302,1717633,0,0,0,0,0,0,0,339574,0,332.94,367.86,389.99
347,1,29,68,100,4425,4425,4425,92854,92854,92854,591,591,591,0.15,0.52,0.82,0.06,0.20,0.31,0.03,0.15,0.27,0.00,0.00,0.00,0.00,0.02,0.04,0.00,0.00,0.00,0.03,0.16,0.28,364245,572343,838613,728490,1103285,1412540,0,0,0,0,0,0,0,365836,0,369.12,379.14,394.44
347,2,32,60,100,4531,4532,4533,92746,92746,92748,591,591,591,0.15,0.46,0.84,0.05,0.18,0.33,0.03,0.13,0.28,0.00,0.00,0.00,0.00,0.02,0.05,0.00,0.00,0.00,0.02,0.12,0.26,461258,893252,1949509,1158361,1526230,2248224,0,0,0,0,0,0,0,225526,0,333.32,398.13,457.32
347,3,33,66,100,4426,4426,4426,92853,92853,92853,591,591,591,0.15,0.52,0.83,0.06,0.20,0.34,0.03,0.16,0.29,0.00,0.00,0.00,0.00,0.02,0.06,0.00,0.00,0.00,0.03,0.14,0.25,332832,439206,736377,631577,1085439,1362780,0,0,0,0,0,0,0,303420,0,365.07,387.60,401.89
348,0,30,58,100,4506,4506,4506,92773,92773,92773,591,591,591,0.14,0.39,0.70,0.05,0.16,0.27,0.03,0.12,0.23,0.00,0.00,0.00,0.00,0.02,0.03,0.00,0.00,0.00,0.03,0.11,0.22,332820,461765,935572,828215,1160440,1572390,0,0,0,0,0,0,0,252481,0,329.77,369.64,405.56
348,1,24,49,87,4425,4425,4425,92854,92854,92854,591,591,591,0.16,0.39,0.58,0.07,0.15,0.23,0.05,0.11,0.18,0.00,0.00,0.00,0.01,0.02,0.03,0.00,0.00,0.00,0.03,0.12,0.18,230612,504863,802754,721538,1174915,1345643,0,0,0,0,0,0,0,269928,0,312.57,360.46,404.98
348,2,82,96,100,4531,4531,4531,92748,92748,92748,591,591,591,0.63,0.77,0.86,0.24,0.27,0.34,0.16,0.22,0.29,0.00,0.00,0.00,0.03,0.04,0.05,0.00,0.00,0.00,0.18,0.21,0.27,471487,576943,958776,597513,898197,1244638,0,0,0,0,0,0,0,387176,0,327.32,397.37,494.47
348,3,74,91,100,4426,4426,4426,92853,92853,92853,591,591,591,0.61,0.75,0.84,0.23,0.28,0.34,0.14,0.22,0.28,0.00,0.00,0.00,0.02,0.04,0.05,0.00,0.00,0.00,0.17,0.21,0.30,23585,519938,1239571,592272,888399,1394190,0,0,0,0,0,0,0,286789,0,356.21,398.92,462.56
349,0,33,77,95,4506,4506,4506,92773,92773,92773,591,591,591,0.15,0.57,0.89,0.05,0.22,0.35,0.03,0.17,0.28,0.00,0.00,0.00,0.00,0.03,0.06,0.00,0.00,0.00,0.02,0.16,0.26,351168,453890,673504,584406,1028851,1527734,0,0,0,0,0,0,0,302945,0,344.78,382.73,398.12
349,1,29,58,100,4425,4425,4425,92854,92854,92854,591,591,591,0.13,0.43,0.81,0.05,0.16,0.27,0.03,0.12,0.26,0.00,0.00,0.00,0.00,0.02,0.04,0.00,0.00,0.00,0.02,0.12,0.22,324967,395707,531984,655027,1033049,1297203,0,0,0,0,0,0,0,300322,0,307.54,337.33,369.93
349,2,31,58,100,4531,4531,4531,92748,92748,92748,591,591,591,0.19,0.45,0.74,0.08,0.17,0.28,0.03,0.13,0.22,0.00,0.00,0.00,0.01,0.02,0.04,0.00,0.00,0.00,0.05,0.13,0.23,458601,650444,1071862,820275,1288829,1543586,0,0,0,0,0,0,0,240595,0,324.44,381.32,439.62
349,3,35,64,100,4426,4426,4426,92853,92853,92853,591,591,591,0.15,0.50,0.81,0.05,0.18,0.27,0.03,0.14,0.26,0.00,0.00,0.00,0.00,0.02,0.04,0.00,0.00,0.00,0.02,0.14,0.21,335448,544014,993037,586993,1156694,1983454,0,0,0,0,0,0,0,318004,0,360.91,376.90,410.64
350,0,32,75,100,4506,4506,4506,92773,92773,92773,591,591,591,0.14,0.64,0.86,0.05,0.23,0.35,0.03,0.18,0.29,0.00,0.00,0.00,0.00,0.03,0.05,0.00,0.00,0.00,0.03,0.17,0.27,327458,545997,1288279,484795,1004726,1622832,0,0,0,0,0,0,0,426439,0,326.98,368.13,451.55
350,1,30,68,95,4425,4425,4425,92854,92854,92854,591,591,591,0.15,0.48,0.69,0.06,0.19,0.25,0.03,0.14,0.20,0.00,0.00,0.00,0.00,0.02,0.03,0.00,0.00,0.00,0.03,0.14,0.21,327583,400428,511032,746828,1076028,1336546,0,0,0,0,0,0,0,278057,0,320.49,365.22,399.85
350,2,28,51,81,4531,4531,4531,92748,92748,92748,591,591,591,0.12,0.33,0.56,0.05,0.13,0.23,0.03,0.10,0.19,0.00,0.00,0.00,0.00,0.01,0.03,0.00,0.00,0.00,0.02,0.10,0.16,450756,814840,1575010,1109416,1502324,2028383,0,0,0,0,0,0,0,261155,0,298.27,323.40,349.31
350,3,40,64,81,4426,4426,4426,92853,92853,92853,591,591,591,0.25,0.33,0.42,0.10,0.13,0.17,0.08,0.09,0.10,0.00,0.00,0.00,0.01,0.01,0.01,0.00,0.00,0.00,0.06,0.11,0.16,343807,414780,590649,987719,1180285,1446379,0,0,0,0,0,0,0,233768,0,284.43,333.90,377.51
351,0,34,58,96,4506,4506,4506,92773,92773,92773,591,591,591,0.15,0.41,0.88,0.06,0.17,0.35,0.03,0.11,0.28,0.00,0.00,0.00,0.00,0.02,0.06,0.00,0.00,0.00,0.03,0.11,0.22,327594,557729,868322,1143980,1324349,1587744,0,0,0,0,0,0,0,148112,0,347.65,426.33,500.02
351,1,46,69,100,4425,4425,4425,92854,92854,92854,591,591,591,0.29,0.49,0.77,0.12,0.20,0.29,0.08,0.14,0.21,0.00,0.00,0.00,0.01,0.02,0.03,0.00,0.00,0.00,0.08,0.16,0.24,461247,555938,647303,796700,1105957,1420371,0,0,0,0,0,0,0,252804,0,346.15,366.75,389.18
351,2,27,68,100,4531,4531,4531,92748,92748,92748,591,591,591,0.22,0.52,0.80,0.09,0.20,0.30,0.03,0.15,0.26,0.00,0.00,0.00,0.01,0.02,0.04,0.00,0.00,0.00,0.07,0.16,0.28,600133,845152,1132078,1003716,1402036,1724323,0,0,0,0,0,0,0,308911,0,302.90,341.54,368.27
351,3,35,63,97,4426,4426,4426,92853,92853,92853,591,591,591,0.16,0.47,0.79,0.06,0.18,0.34,0.03,0.15,0.27,0.00,0.00,0.00,0.00,0.03,0.05,0.00,0.00,0.00,0.03,0.11,0.23,123171,602006,1284134,458616,1291087,2337648,0,0,0,0,0,0,0,242386,0,334.72,349.80,374.22
352,0,32,74,100,4506,4506,4506,92773,92773,92773,591,591,591,0.26,0.62,0.83,0.11,0.22,0.31,0.09,0.18,0.27,0.00,0.00,0.00,0.01,0.03,0.05,0.00,0.00,0.00,0.07,0.18,0.28,343307,485304,911863,503170,917180,1244641,0,0,0,0,0,0,0,313107,0,353.14,386.11,419.36
352,1,32,74,100,4425,4425,4425,92854,92854,92854,591,591,591,0.14,0.55,0.82,0.05,0.20,0.31,0.03,0.16,0.27,0.00,0.00,0.00,0.00,0.03,0.04,0.00,0.00,0.00,0.03,0.15,0.25,343314,797836,1773894,516255,1313220,2258636,0,0,0,0,0,0,0,310904,0,301.49,345.50,380.02
352,2,28,53,91,4531,4531,4531,92748,92748,92748,591,591,591,0.13,0.40,0.82,0.05,0.16,0.32,0.03,0.12,0.27,0.00,0.00,0.00,0.00,0.02,0.05,0.00,0.00,0.00,0.02,0.10,0.21,450760,533256,770485,807178,1214641,1624832,0,0,0,0,0,0,0,249309,0,330.36,370.85,408.11
352,3,63,89,100,4426,4426,4426,92853,92853,92853,591,591,591,0.57,0.78,0.86,0.24,0.28,0.34,0.11,0.23,0.28,0.00,0.00,0.00,0.03,0.04,0.05,0.00,0.00,0.00,0.18,0.21,0.25,340681,484804,953786,458609,828650,1255441,0,0,0,0,0,0,0,384985,0,345.87,397.21,487.55
353,0,27,50,71,4506,4506,4506,92773,92773,92773,591,591,591,0.19,0.38,0.65,0.08,0.15,0.26,0.06,0.11,0.21,0.00,0.00,0.00,0.01,0.01,0.02,0.00,0.00,0.00,0.04,0.12,0.21,332826,436066,626302,893630,1138909,1415077,0,0,0,0,0,0,0,313734,0,292.93,320.80,371.76
353,1,35,62,89,4425,4425,4425,92854,92854,92854,591,591,591,0.19,0.33,0.62,0.08,0.13,0.27,0.03,0.09,0.19,0.00,0.00,0.00,0.01,0.01,0.03,0.00,0.00,0.00,0.05,0.10,0.21,314489,426584,754453,765208,1134629,1535103,0,0,0,0,0,0,0,246532,0,296.09,358.31,397.29
353,2,50,73,100,4531,4531,4531,92748,92748,92748,591,591,591,0.18,0.57,0.81,0.07,0.22,0.31,0.03,0.16,0.27,0.00,0.00,0.00,0.01,0.03,0.04,0.00,0.00,0.00,0.04,0.17,0.28,254215,871412,1768963,602778,1386282,2201376,0,0,0,0,0,0,0,341592,0,352.89,376.13,399.22
353,3,34,67,100,4426,4426,4426,92853,92853,92853,591,591,591,0.15,0.52,0.83,0.05,0.18,0.27,0.03,0.16,0.28,0.00,0.00,0.00,0.00,0.03,0.05,0.00,0.00,0.00,0.03,0.12,0.20,369516,519866,717884,707585,1113058,1635318,0,0,0,0,0,0,0,324715,0,348.01,386.57,471.19
354,0,34,70,100,4506,4506,4506,92773,92773,92773,591,591,591,0.15,0.59,0.81,0.06,0.24,0.31,0.03,0.17,0.23,0.00,0.00,0.00,0.00,0.03,0.04,0.00,0.00,0.00,0.03,0.18,0.28,219248,604750,1383729,707577,1137722,1863317,0,0,0,0,0,0,0,320121,0,318.93,360.79,390.84
354,1,31,60,100,4425,4425,4425,92854,92854,92854,591,591,591,0.14,0.53,0.78,0.05,0.20,0.32,0.03,0.16,0.26,0.00,0.00,0.00,0.00,0.02,0.04,0.00,0.00,0.00,0.02,0.15,0.25,311791,562054,775703,938125,1130139,1282389,0,0,0,0,0,0,0,266762,0,335.54,373.96,392.02
354,2,28,65,100,4531,4531,4531,92748,92748,92748,591,591,591,0.16,0.49,0.78,0.06,0.19,0.27,0.04,0.15,0.25,0.00,0.00,0.00,0.00,0.02,0.03,0.00,0.00,0.00,0.03,0.15,0.22,479565,687662,1467597,898901,1274688,2256431,0,0,0,0,0,0,0,262232,0,325.01,360.32,390.38
354,3,32,78,100,4426,4426,4426,92853,92853,92853,591,591,591,0.16,0.57,0.81,0.06,0.22,0.33,0.04,0.16,0.27,0.00,0.00,0.00,0.00,0.03,0.04,0.00,0.00,0.00,0.03,0.17,0.30,5241,430794,1040322,694234,1007309,1323407,0,0,0,0,0,0,0,249450,0,392.10,414.98,456.73
355,0,31,64,100,4506,4506,4506,92773,92773,92773,591,591,591,0.14,0.48,0.84,0.05,0.17,0.25,0.03,0.14,0.28,0.00,0.00,0.00,0.00,0.02,0.05,0.00,0.00,0.00,0.02,0.12,0.20,348526,596455,1118992,492696,1218593,1619570,0,0,0,0,0,0,0,260098,0,344.81,375.01,409.22
355,1,30,65,100,4425,4425,4425,92854,92854,92854,591,591,591,0.28,0.54,0.82,0.11,0.20,0.28,0.09,0.15,0.27,0.00,0.00,0.00,0.01,0.02,0.04,0.00,0.00,0.00,0.06,0.16,0.24,262069,458067,856947,628966,1018321,1276120,0,0,0,0,0,0,0,316814,0,358.52,378.87,416.68
355,2,29,65,100,4531,4531,4531,92748,92748,92748,591,591,591,0.14,0.41,0.63,0.05,0.16,0.25,0.03,0.12,0.21,0.00,0.00,0.00,0.00,0.02,0.03,0.00,0.00,0.00,0.02,0.11,0.19,473816,615194,828266,901027,1340512,1595995,0,0,0,0,0,0,0,301258,0,319.09,339.42,366.76
355,3,29,55,97,4422,4424,4426,92853,92854,92857,591,591,591,0.15,0.47,0.90,0.06,0.19,0.35,0.03,0.14,0.29,0.00,0.00,0.00,0.00,0.02,0.06,0.00,0.00,0.00,0.03,0.12,0.26,364275,823934,1821429,796616,1459701,2707246,0,0,0,0,0,0,0,249583,0,330.54,387.93,418.82
356,0,26,69,100,4506,4506,4506,92773,92773,92773,591,591,591,0.15,0.51,0.84,0.05,0.20,0.33,0.03,0.14,0.25,0.00,0.00,0.00,0.00,0.02,0.04,0.00,0.00,0.00,0.03,0.14,0.25,327561,442349,678722,547682,1017304,1375714,0,0,0,0,0,0,0,304473,0,361.83,404.60,461.64
356,1,33,62,100,4425,4425,4425,92854,92854,92854,591,591,591,0.14,0.49,0.82,0.05,0.19,0.29,0.03,0.15,0.27,0.00,0.00,0.00,0.00,0.02,0.04,0.00,0.00,0.00,0.02,0.13,0.21,319737,588053,972212,655046,1229054,1941805,0,0,0,0,0,0,0,273784,0,336.55,368.99,411.48
356,2,30,56,93,4531,4531,4531,92748,92748,92748,591,591,591,0.14,0.48,0.77,0.05,0.19,0.33,0.03,0.14,0.25,0.00,0.00,0.00,0.00,0.02,0.04,0.00,0.00,0.00,0.02,0.14,0.26,469103,721724,1624777,820431,1353648,2559460,0,0,0,0,0,0,0,212276,0,338.79,379.76,401.38
356,3,36,86,100,4422,4422,4422,92857,92857,92857,591,591,591,0.18,0.64,0.85,0.07,0.22,0.30,0.05,0.19,0.29,0.00,0.00,0.00,0.01,0.03,0.05,0.00,0.00,0.00,0.04,0.18,0.26,340688,409985,632231,469102,813717,1174081,0,0,0,0,0,0,0,368005,0,326.97,382.51,442.44
357,0,86,94,100,4506,4506,4506,92773,92773,92773,591,591,591,0.74,0.81,0.90,0.26,0.30,0.33,0.20,0.26,0.32,0.00,0.00,0.00,0.03,0.04,0.06,0.00,0.00,0.00,0.18,0.22,0.26,361628,669722,1103255,610575,956866,1491098,0,0,0,0,0,0,0,272634,0,359.73,387.18,443.09
357,1,30,56,100,4425,4425,4425,92854,92854,92854,591,591,591,0.14,0.51,0.81,0.05,0.20,0.29,0.03,0.15,0.24,0.00,0.00,0.00,0.00,0.02,0.04,0.00,0.00,0.00,0.02,0.15,0.25,366867,503172,676159,662981,1041072,1609153,0,0,0,0,0,0,0,230711,0,379.19,394.89,412.50
357,2,51,87,100,4531,4531,4531,92748,92748,92748,591,591,591,0.29,0.69,0.84,0.12,0.24,0.33,0.09,0.21,0.28,0.00,0.00,0.00,0.01,0.03,0.05,0.00,0.00,0.00,0.07,0.18,0.26,479563,705610,1305124,615832,1008954,1947204,0,0,0,0,0,0,0,332081,0,351.62,385.21,419.79
357,3,33,62,78,4422,4422,4422,92857,92857,92857,591,591,591,0.31,0.42,0.49,0.13,0.17,0.21,0.09,0.12,0.15,0.00,0.00,0.00,0.01,0.02,0.02,0.00,0.00,0.00,0.07,0.13,0.20,131033,477613,1061367,961783,1188465,1551430,0,0,0,0,0,0,0,291613,0,324.13,349.88,400.14
358,0,37,76,100,4506,4506,4506,92773,92773,92773,591,591,591,0.18,0.57,0.84,0.07,0.20,0.33,0.03,0.16,0.28,0.00,0.00,0.00,0.00,0.03,0.05,0.00,0.00,0.00,0.03,0.15,0.26,238819,506050,906752,691890,1064376,1889504,0,0,0,0,0,0,0,339895,0,355.13,373.18,411.26
358,1,26,74,100,4425,4425,4425,92854,92854,92854,591,591,591,0.14,0.51,0.81,0.05,0.20,0.28,0.03,0.15,0.25,0.00,0.00,0.00,0.00,0.02,0.04,0.00,0.00,0.00,0.03,0.16,0.23,332831,348878,366892,662897,928893,1108484,0,0,0,0,0,0,0,301429,0,343.69,377.58,398.43
358,2,24,53,99,4531,4531,4531,92748,92748,92748,591,591,591,0.20,0.36,0.57,0.08,0.14,0.23,0.06,0.10,0.15,0.00,0.00,0.00,0.01,0.01,0.02,0.00,0.00,0.00,0.05,0.11,0.22,453407,567637,932936,995924,1235911,1512091,0,0,0,0,0,0,0,237441,0,315.09,352.65,415.70
358,3,38,55,72,4422,4422,4422,92857,92857,92857,591,591,591,0.30,0.38,0.51,0.12,0.15,0.18,0.09,0.11,0.15,0.00,0.00,0.00,0.01,0.01,0.02,0.00,0.00,0.00,0.07,0.11,0.15,335436,596966,1121603,1087317,1339625,1590684,0,0,0,0,0,0,0,250606,0,309.79,325.99,342.84
359,0,38,56,85,4506,4506,4506,92773,92773,92773,591,591,591,0.31,0.38,0.61,0.12,0.16,0.26,0.08,0.12,0.21,0.00,0.00,0.00,0.01,0.02,0.03,0.00,0.00,0.00,0.08,0.12,0.18,348064,402282,544997,771457,1080877,1480401,0,0,0,0,0,0,0,261241,0,330.72,372.52,419.14
359,1,33,65,98,4425,4425,4425,92854,92854,92854,591,591,591,0.15,0.44,0.83,0.06,0.17,0.33,0.03,0.14,0.25,0.00,0.00,0.00,0.00,0.02,0.05,0.00,0.00,0.00,0.03,0.11,0.20,395743,502108,657787,689275,1137863,1669366,0,0,0,0,0,0,0,299332,0,328.58,354.57,382.01
359,2,31,63,100,4531,4531,4531,92748,92748,92748,591,591,591,0.18,0.40,0.64,0.07,0.16,0.24,0.04,0.11,0.20,0.00,0.00,0.00,0.01,0.02,0.02,0.00,0.00,0.00,0.04,0.13,0.21,450913,572863,896079,972204,1256999,1469885,0,0,0,0,0,0,0,296200,0,310.53,324.17,343.52
359,3,32,56,93,4422,4422,4422,92857,92857,92857,591,591,591,0.31,0.42,0.59,0.11,0.17,0.25,0.08,0.13,0.20,0.00,0.00,0.00,0.01,0.02,0.04,0.00,0.00,0.00,0.08,0.12,0.21,340683,398857,547676,770491,1077072,1483181,0,0,0,0,0,0,0,258024,0,292.76,318.38,335.71
360,0,0,47,100,4506,4506,4506,92773,92773,92773,591,591,591,0.00,0.39,0.76,0.00,0.15,0.27,0.00,0.10,0.24,0.00,0.00,0.00,0.00,0.02,0.04,0.00,0.00,0.00,0.00,0.12,0.26,325327,645641,1331258,338340,1160645,1781999,0,0,0,0,0,0,0,273661,0,299.77,326.62,364.64
360,1,36,76,100,4419,4419,4419,92860,92860,92860,591,591,591,0.15,0.62,0.86,0.06,0.21,0.28,0.03,0.18,0.28,0.00,0.00,0.00,0.00,0.03,0.05,0.00,0.00,0.00,0.03,0.16,0.22,319725,353254,400964,461316,821826,1310349,0,0,0,0,0,0,0,371365,0,321.77,352.77,418.95
360,2,29,52,96,4531,4531,4531,92748,92748,92748,591,591,591,0.13,0.39,0.78,0.05,0.15,0.32,0.03,0.12,0.26,0.00,0.00,0.00,0.00,0.02,0.05,0.00,0.00,0.00,0.02,0.10,0.20,463865,783759,1512155,993269,1411681,2298371,0,0,0,0,0,0,0,279148,0,327.86,350.70,393.54
360,3,33,65,100,4422,4422,4422,92857,92857,92857,591,591,591,0.15,0.49,0.82,0.06,0.18,0.28,0.03,0.14,0.27,0.00,0.00,0.00,0.00,0.02,0.04,0.00,0.00,0.00,0.03,0.13,0.22,146772,611007,1281502,594954,1244368,2088666,0,0,0,0,0,0,0,297594,0,312.04,361.13,386.08
361,0,0,0,0,4506,4506,4506,92773,92773,92773,591,591,591,0.00,0.00,0.00,0.00,0.00,0.00,0.00,0.00,0.00,0.00,0.00,0.00,0.00,0.00,0.00,0.00,0.00,0.00,0.00,0.00,0.00,206061,445559,833849,216538,474126,885624,0,0,0,0,0,0,0,112704,0,140.61,198.98,280.52
361,1,35,71,94,4419,4419,4419,92860,92860,92860,591,591,591,0.26,0.55,0.84,0.10,0.23,0.31,0.08,0.16,0.29,0.00,0.00,0.00,0.01,0.03,0.06,0.00,0.00,0.00,0.06,0.17,0.24,330212,671881,1194842,904136,1194926,1975682,0,0,0,0,0,0,0,304279,0,394.29,422.78,459.88
361,2,32,78,100,4531,4531,4531,92748,92748,92748,591,591,591,0.14,0.61,0.85,0.05,0.20,0.27,0.03,0.18,0.29,0.00,0.00,0.00,0.00,0.03,0.05,0.00,0.00,0.00,0.02,0.15,0.21,458431,976876,1858496,963195,1450900,1962309,0,0,0,0,0,0,0,386083,0,311.60,348.54,427.72
361,3,0,20,100,4422,4422,4422,92857,92857,92857,591,591,591,0.00,0.14,0.51,0.00,0.05,0.19,0.00,0.03,0.15,0.00,0.00,0.00,0.00,0.01,0.02,0.00,0.00,0.00,0.00,0.05,0.16,314513,558758,849122,327617,775233,1378471,0,0,0,0,0,0,0,131267,0,198.75,285.99,413.18
362,0,0,0,1,4506,4731,4882,92397,92547,92773,591,591,591,0.00,0.00,0.00,0.00,0.00,0.00,0.00,0.00,0.00,0.00,0.00,0.00,0.00,0.00,0.00,0.00,0.00,0.00,0.00,0.00,0.00,309056,388893,670907,322372,522036,854439,0,0,0,0,0,0,0,111966,0,139.80,140.09,140.45
362,1,29,73,100,4419,4419,4419,92860,92860,92860,591,591,591,0.14,0.53,0.84,0.05,0.18,0.30,0.03,0.15,0.28,0.00,0.00,0.00,0.00,0.03,0.05,0.00,0.00,0.00,0.02,0.14,0.24,230626,387843,594812,500554,1055409,1428288,0,0,0,0,0,0,0,331060,0,344.04,354.40,380.69
362,2,29,56,90,4531,4531,4531,92748,92748,92748,591,591,591,0.21,0.44,0.73,0.08,0.18,0.30,0.06,0.12,0.23,0.00,0.00,0.00,0.01,0.02,0.04,0.00,0.00,0.00,0.04,0.13,0.21,492904,899942,1923394,875692,1571366,2775034,0,0,0,0,0,0,0,242425,0,323.66,394.58,446.29
362,3,0,0,0,4422,4422,4422,92857,92857,92857,591,591,591,0.00,0.00,0.00,0.00,0.00,0.00,0.00,0.00,0.00,0.00,0.00,0.00,0.00,0.00,0.00,0.00,0.00,0.00,0.00,0.00,0.00,311889,387895,660477,327614,505838,1192528,0,0,0,0,0,0,0,108182,0,134.76,135.46,136.80
363,0,0,0,2,5106,51023,96940,339,46256,92173,591,591,591,0.00,0.00,0.00,0.00,0.00,0.00,0.00,0.00,0.00,0.00,0.00,0.00,0.00,0.00,0.00,0.00,0.00,0.00,0.00,0.00,0.00,372176,1076353,2539684,385280,2339106,5181585,0,0,0,0,0,0,0,128016,0,139.64,140.42,141.52
363,1,32,62,80,4419,4419,4419,92860,92860,92860,591,591,591,0.13,0.49,0.84,0.05,0.21,0.32,0.03,0.13,0.30,0.00,0.00,0.00,0.00,0.02,0.06,0.00,0.00,0.00,0.02,0.15,0.28,241104,354447,466483,547728,1967805,3942839,0,0,0,0,0,0,0,233566,0,325.37,403.25,487.67
363,2,33,65,96,4531,4531,4531,92748,92748,92748,591,591,591,0.14,0.45,0.80,0.05,0.17,0.28,0.03,0.13,0.24,0.00,0.00,0.00,0.00,0.02,0.04,0.00,0.00,0.00,0.02,0.13,0.22,458611,652862,1096775,1341603,2616397,4253429,0,0,0,0,0,0,0,357904,0,301.04,343.45,373.75
363,3,0,0,0,5054,5054,5054,92225,92225,92225,591,591,591,0.00,0.00,0.00,0.00,0.00,0.00,0.00,0.00,0.00,0.00,0.00,0.00,0.00,0.00,0.00,0.00,0.00,0.00,0.00,0.00,0.00,308224,807637,2023348,657850,1828886,3454369,0,0,0,0,0,0,0,135157,0,134.43,134.63,134.93
364,0,0,0,0,96940,96940,96940,339,339,339,591,591,591,0.00,0.00,0.00,0.00,0.00,0.00,0.00,0.00,0.00,0.00,0.00,0.00,0.00,0.00,0.00,0.00,0.00,0.00,0.00,0.00,0.00,194995,324603,526810,205258,1572560,3225526,0,0,0,0,0,0,0,83830,0,142.63,143.13,143.35
364,1,30,78,100,4419,4419,4419,92860,92860,92860,591,591,591,0.26,0.60,0.84,0.10,0.21,0.28,0.07,0.18,0.28,0.00,0.00,0.00,0.01,0.03,0.05,0.00,0.00,0.00,0.07,0.16,0.22,228865,793859,1403036,1223859,2366833,3815596,0,0,0,0,0,0,0,259409,0,338.95,383.74,417.89
364,2,32,54,65,4531,4531,4531,92748,92748,92748,591,591,591,0.27,0.35,0.44,0.11,0.14,0.19,0.08,0.11,0.15,0.00,0.00,0.00,0.01,0.01,0.02,0.00,0.00,0.00,0.08,0.10,0.13,400903,845149,1687728,1035123,2469190,3602894,0,0,0,0,0,0,0,171888,0,309.11,332.51,382.15
364,3,0,0,0,96970,96970,96970,309,309,309,591,591,591,0.00,0.00,0.00,0.00,0.00,0.00,0.00,0.00,0.00,0.00,0.00,0.00,0.00,0.00,0.00,0.00,0.00,0.00,0.00,0.00,0.00,306650,811023,1739679,319755,2144983,5295890,0,0,0,0,0,0,0,83117,0,135.81,136.95,138.15
365,0,0,0,0,96940,96940,96940,339,339,339,591,591,591,0.00,0.00,0.00,0.00,0.00,0.00,0.00,0.00,0.00,0.00,0.00,0.00,0.00,0.00,0.00,0.00,0.00,0.00,0.00,0.00,0.00,307746,428610,700671,323803,442774,713504,0,0,0,0,0,0,0,76140,0,94.87,110.61,129.04
365,1,29,63,91,4419,4419,4419,92860,92860,92860,591,591,591,0.13,0.42,0.67,0.05,0.17,0.24,0.03,0.12,0.20,0.00,0.00,0.00,0.00,0.02,0.03,0.00,0.00,0.00,0.03,0.13,0.20,327575,430817,571226,833351,1050320,1176671,0,0,0,0,0,0,0,266450,0,296.08,344.36,398.79
365,2,29,47,74,4531,4531,4531,92748,92748,92748,591,591,591,0.13,0.36,0.61,0.05,0.14,0.24,0.03,0.10,0.17,0.00,0.00,0.00,0.00,0.01,0.03,0.00,0.00,0.00,0.02,0.11,0.20,448120,767849,1273665,830726,1450786,1981187,0,0,0,0,0,0,0,254468,0,303.33,322.83,358.31
365,3,0,0,0,96970,96970,96970,309,309,309,591,591,591,0.00,0.00,0.00,0.00,0.00,0.00,0.00,0.00,0.00,0.00,0.00,0.00,0.00,0.00,0.00,0.00,0.00,0.00,0.00,0.00,0.00,304028,358535,458706,319754,373159,474168,0,0,0,0,0,0,0,113692,0,133.13,137.21,138.31
366,0,0,0,0,96940,96940,96940,339,339,339,591,591,591,0.00,0.00,0.00,0.00,0.00,0.00,0.00,0.00,0.00,0.00,0.00,0.00,0.00,0.00,0.00,0.00,0.00,0.00,0.00,0.00,0.00,317072,345375,437616,330174,359002,450719,0,0,0,0,0,0,0,76072,0,94.86,94.90,94.94
366,1,29,47,68,4419,4419,4419,92860,92860,92860,591,591,591,0.23,0.29,0.33,0.09,0.12,0.14,0.07,0.09,0.11,0.00,0.00,0.00,0.01,0.01,0.01,0.00,0.00,0.00,0.05,0.09,0.13,317102,387859,634208,807168,1075349,1402073,0,0,0,0,0,0,0,228996,0,282.60,309.31,332.53
366,2,27,66,100,4531,4531,4531,92748,92748,92748,591,591,591,0.13,0.49,0.81,0.05,0.19,0.29,0.03,0.15,0.25,0.00,0.00,0.00,0.00,0.02,0.04,0.00,0.00,0.00,0.02,0.14,0.23,448115,543831,883123,866069,1105035,1326001,0,0,0,0,0,0,0,229378,0,353.24,367.91,374.38
366,3,0,0,0,96970,96970,96970,309,309,309,591,591,591,0.00,0.00,0.00,0.00,0.00,0.00,0.00,0.00,0.00,0.00,0.00,0.00,0.00,0.00,0.00,0.00,0.00,0.00,0.00,0.00,0.00,10481,401954,775640,20963,415580,788742,0,0,0,0,0,0,0,52962,0,87.63,103.92,122.90
367,0,0,0,0,96940,96940,96940,339,339,339,591,591,591,0.00,0.00,0.00,0.00,0.00,0.00,0.00,0.00,0.00,0.00,0.00,0.00,0.00,0.00,0.00,0.00,0.00,0.00,0.00,0.00,0.00,335417,519345,998275,348519,536640,1013996,0,0,0,0,0,0,0,76145,0,94.74,94.78,94.81
367,1,0,20,100,4419,4419,4419,92860,92860,92860,591,591,591,0.00,0.14,0.53,0.00,0.05,0.19,0.00,0.03,0.15,0.00,0.00,0.00,0.00,0.01,0.02,0.00,0.00,0.00,0.00,0.05,0.16,301403,415666,573985,314508,620597,1045560,0,0,0,0,0,0,0,119531,0,205.02,255.83,304.18
367,2,30,81,100,4531,4531,4531,92748,92748,92748,591,591,591,0.24,0.64,0.90,0.08,0.25,0.34,0.07,0.19,0.32,0.00,0.00,0.00,0.01,0.03,0.06,0.00,0.00,0.00,0.04,0.18,0.29,503174,892731,1601006,642071,1360598,1939026,0,0,0,0,0,0,0,361969,0,376.08,394.02,431.89
367,3,0,0,0,96970,96970,96970,309,309,309,591,591,591,0.00,0.00,0.00,0.00,0.00,0.00,0.00,0.00,0.00,0.00,0.00,0.00,0.00,0.00,0.00,0.00,0.00,0.00,0.00,0.00,0.00,327547,464343,828060,338029,485307,883090,0,0,0,0,0,0,0,70335,0,87.55,87.62,87.66
368,0,0,0,0,96940,96940,96940,339,339,339,591,591,591,0.00,0.00,0.00,0.00,0.00,0.00,0.00,0.00,0.00,0.00,0.00,0.00,0.00,0.00,0.00,0.00,0.00,0.00,0.00,0.00,0.00,319695,408795,558170,332798,427793,594857,0,0,0,0,0,0,0,56966,0,94.71,94.75,94.78
368,1,0,0,0,4419,4419,4419,92860,92860,92860,591,591,591,0.00,0.00,0.00,0.00,0.00,0.00,0.00,0.00,0.00,0.00,0.00,0.00,0.00,0.00,0.00,0.00,0.00,0.00,0.00,0.00,0.00,296168,475703,901615,311894,490118,914719,0,0,0,0,0,0,0,112299,0,140.40,143.74,153.21
368,2,31,67,100,4531,4531,4531,92748,92748,92748,591,591,591,0.14,0.53,0.84,0.05,0.18,0.25,0.03,0.15,0.28,0.00,0.00,0.00,0.00,0.03,0.05,0.00,0.00,0.00,0.02,0.13,0.19,461221,854993,1276280,744282,1434156,2211870,0,0,0,0,0,0,0,326631,0,321.98,336.87,362.15
368,3,0,0,0,96970,96970,96970,309,309,309,591,591,591,0.00,0.00,0.00,0.00,0.00,0.00,0.00,0.00,0.00,0.00,0.00,0.00,0.00,0.00,0.00,0.00,0.00,0.00,0.00,0.00,0.00,327486,390430,568642,340585,403532,581744,0,0,0,0,0,0,0,70027,0,87.28,87.51,87.67
369,0,0,0,0,96940,97144,97196,83,134,339,591,591,591,0.00,0.00,0.00,0.00,0.00,0.00,0.00,0.00,0.00,0.00,0.00,0.00,0.00,0.00,0.00,0.00,0.00,0.00,0.00,0.00,0.00,210964,318356,432380,221172,433520,838890,0,0,0,0,0,0,0,75890,0,94.56,94.60,94.64
369,1,0,0,0,4419,4956,5091,92188,92322,92860,591,591,591,0.00,0.00,0.00,0.00,0.00,0.00,0.00,0.00,0.00,0.00,0.00,0.00,0.00,0.00,0.00,0.00,0.00,0.00,0.00,0.00,0.00,199190,362705,581735,209673,494795,951385,0,0,0,0,0,0,0,111923,0,139.87,140.08,140.30
369,2,29,69,100,4531,4531,4531,92748,92748,92748,591,591,591,0.13,0.53,0.85,0.05,0.20,0.35,0.03,0.16,0.28,0.00,0.00,0.00,0.00,0.03,0.05,0.00,0.00,0.00,0.02,0.14,0.28,448114,764753,1100641,636828,1370658,1894675,0,0,0,0,0,0,0,303709,0,357.89,431.08,479.26
369,3,0,0,0,96970,97027,97042,237,251,309,591,591,591,0.00,0.00,0.00,0.00,0.00,0.00,0.00,0.00,0.00,0.00,0.00,0.00,0.00,0.00,0.00,0.00,0.00,0.00,0.00,0.00,0.00,7860,328712,642012,340594,447088,657734,0,0,0,0,0,0,0,70292,0,87.16,87.26,87.39
370,0,0,0,0,97196,97196,97196,83,83,83,591,591,591,0.00,0.00,0.00,0.00,0.00,0.00,0.00,0.00,0.00,0.00,0.00,0.00,0.00,0.00,0.00,0.00,0.00,0.00,0.00,0.00,0.00,214873,347994,552921,332797,1259726,4115797,0,0,0,0,0,0,0,85241,0,94.40,94.50,94.61
370,1,0,0,0,5091,78629,97014,265,18649,92188,591,591,591,0.00,0.00,0.00,0.00,0.00,0.00,0.00,0.00,0.00,0.00,0.00,0.00,0.00,0.00,0.00,0.00,0.00,0.00,0.00,0.00,0.00,297030,1260870,2647109,312663,2693557,7090272,0,0,0,0,0,0,0,129349,0,140.40,141.92,143.49
370,2,33,59,100,4531,4531,4531,92748,92748,92748,591,591,591,0.25,0.49,0.82,0.09,0.18,0.27,0.07,0.14,0.26,0.00,0.00,0.00,0.01,0.02,0.04,0.00,0.00,0.00,0.06,0.15,0.22,476975,1024333,2065108,1145264,2564066,4484011,0,0,0,0,0,0,0,169308,0,354.55,370.39,389.53
370,3,0,0,0,97042,97042,97042,237,237,237,591,591,591,0.00,0.00,0.00,0.00,0.00,0.00,0.00,0.00,0.00,0.00,0.00,0.00,0.00,0.00,0.00,0.00,0.00,0.00,0.00,0.00,0.00,332788,414551,560783,348511,1457845,3146328,0,0,0,0,0,0,0,52778,0,87.53,87.57,87.66
371,0,0,0,0,97196,97196,97196,83,83,83,591,591,591,0.00,0.00,0.00,0.00,0.00,0.00,0.00,0.00,0.00,0.00,0.00,0.00,0.00,0.00,0.00,0.00,0.00,0.00,0.00,0.00,0.00,319692,553962,1234220,332794,568113,1249943,0,0,0,0,0,0,0,85748,0,94.75,94.99,95.15
371,1,0,0,0,97014,97014,97014,265,265,265,591,591,591,0.00,0.00,0.00,0.00,0.00,0.00,0.00,0.00,0.00,0.00,0.00,0.00,0.00,0.00,0.00,0.00,0.00,0.00,0.00,0.00,0.00,214918,385229,584468,223654,397983,600193,0,0,0,0,0,0,0,97893,0,125.16,138.03,143.61
371,2,30,58,100,4531,4531,4531,92748,92748,92748,591,591,591,0.13,0.38,0.63,0.05,0.15,0.22,0.03,0.11,0.19,0.00,0.00,0.00,0.00,0.02,0.03,0.00,0.00,0.00,0.02,0.11,0.19,445516,575466,925090,1071696,1257327,1475426,0,0,0,0,0,0,0,285571,0,295.06,315.54,340.29
371,3,0,0,0,97042,97042,97042,237,237,237,591,591,591,0.00,0.00,0.00,0.00,0.00,0.00,0.00,0.00,0.00,0.00,0.00,0.00,0.00,0.00,0.00,0.00,0.00,0.00,0.00,0.00,0.00,2620,266761,335420,15720,279863,348522,0,0,0,0,0,0,0,78922,0,87.49,87.61,87.69
372,0,0,0,0,97196,97196,97196,83,83,83,591,591,591,0.00,0.00,0.00,0.00,0.00,0.00,0.00,0.00,0.00,0.00,0.00,0.00,0.00,0.00,0.00,0.00,0.00,0.00,0.00,0.00,0.00,319665,441275,649874,335387,454901,662976,0,0,0,0,0,0,0,57172,0,95.05,95.09,95.14
372,1,0,0,0,97014,97014,97014,265,265,265,591,591,591,0.00,0.00,0.00,0.00,0.00,0.00,0.00,0.00,0.00,0.00,0.00,0.00,0.00,0.00,0.00,0.00,0.00,0.00,0.00,0.00,0.00,317073,468011,809726,332793,481637,822829,0,0,0,0,0,0,0,66813,0,95.40,101.86,115.65
372,2,30,63,100,4531,4531,4531,92748,92748,92748,591,591,591,0.13,0.47,0.76,0.05,0.19,0.31,0.03,0.14,0.26,0.00,0.00,0.00,0.00,0.02,0.05,0.00,0.00,0.00,0.02,0.13,0.24,427184,714927,1166204,1035175,1348615,1792547,0,0,0,0,0,0,0,257803,0,354.97,364.64,378.69
372,3,0,0,0,97042,97042,97042,237,237,237,591,591,591,0.00,0.00,0.00,0.00,0.00,0.00,0.00,0.00,0.00,0.00,0.00,0.00,0.00,0.00,0.00,0.00,0.00,0.00,0.00,0.00,0.00,340661,542781,896204,353763,556058,911927,0,0,0,0,0,0,0,52520,0,87.22,87.33,87.41
373,0,0,0,0,97196,97196,97196,83,83,83,591,591,591,0.00,0.00,0.00,0.00,0.00,0.00,0.00,0.00,0.00,0.00,0.00,0.00,0.00,0.00,0.00,0.00,0.00,0.00,0.00,0.00,0.00,317732,420067,566010,330648,435087,586974,0,0,0,0,0,0,0,76137,0,95.06,95.09,95.13
373,1,0,0,0,97014,97014,97014,265,265,265,591,591,591,0.00,0.00,0.00,0.00,0.00,0.00,0.00,0.00,0.00,0.00,0.00,0.00,0.00,0.00,0.00,0.00,0.00,0.00,0.00,0.00,0.00,324945,380407,500506,338048,396120,518849,0,0,0,0,0,0,0,76620,0,95.44,95.46,95.52
373,2,27,66,100,4531,4531,4531,92748,92748,92748,591,591,591,0.31,0.60,0.82,0.12,0.24,0.36,0.09,0.18,0.27,0.00,0.00,0.00,0.01,0.03,0.05,0.00,0.00,0.00,0.12,0.17,0.21,407905,834750,1323886,652500,1323976,2425040,0,0,0,0,0,0,0,262922,0,361.64,383.08,417.26
373,3,0,0,0,97042,97042,97042,237,237,237,591,591,591,0.00,0.00,0.00,0.00,0.00,0.00,0.00,0.00,0.00,0.00,0.00,0.00,0.00,0.00,0.00,0.00,0.00,0.00,0.00,0.00,0.00,332780,405510,482161,345881,420577,497884,0,0,0,0,0,0,0,70083,0,87.14,87.23,87.32
374,0,0,0,0,97196,97196,97196,83,83,83,591,591,591,0.00,0.00,0.00,0.00,0.00,0.00,0.00,0.00,0.00,0.00,0.00,0.00,0.00,0.00,0.00,0.00,0.00,0.00,0.00,0.00,0.00,214874,325973,445474,225356,339598,461197,0,0,0,0,0,0,0,76095,0,94.96,95.00,95.04
374,1,0,0,0,97014,97014,97014,265,265,265,591,591,591,0.00,0.00,0.00,0.00,0.00,0.00,0.00,0.00,0.00,0.00,0.00,0.00,0.00,0.00,0.00,0.00,0.00,0.00,0.00,0.00,0.00,220118,325437,379924,234094,338713,395645,0,0,0,0,0,0,0,76690,0,95.67,95.76,95.87
374,2,30,54,96,4525,4528,4531,92748,92750,92754,591,591,591,0.13,0.43,0.90,0.05,0.17,0.32,0.03,0.12,0.32,0.00,0.00,0.00,0.00,0.02,0.07,0.00,0.00,0.00,0.03,0.09,0.17,448130,679268,1069236,621054,1366913,1805524,0,0,0,0,0,0,0,211180,0,307.76,343.84,404.96
374,3,0,0,0,97042,97042,97042,237,237,237,591,591,591,0.00,0.00,0.00,0.00,0.00,0.00,0.00,0.00,0.00,0.00,0.00,0.00,0.00,0.00,0.00,0.00,0.00,0.00,0.00,0.00,0.00,330173,347464,411371,340656,362663,427093,0,0,0,0,0,0,0,69873,0,87.23,87.37,87.49
375,0,0,0,0,97196,97196,97196,83,83,83,591,591,591,0.00,0.00,0.00,0.00,0.00,0.00,0.00,0.00,0.00,0.00,0.00,0.00,0.00,0.00,0.00,0.00,0.00,0.00,0.00,0.00,0.00,322305,549240,1058661,335407,563915,1074384,0,0,0,0,0,0,0,76047,0,95.00,95.03,95.05
375,1,0,0,0,97014,97014,97014,265,265,265,591,591,591,0.00,0.00,0.00,0.00,0.00,0.00,0.00,0.00,0.00,0.00,0.00,0.00,0.00,0.00,0.00,0.00,0.00,0.00,0.00,0.00,0.00,319695,397255,566004,335418,411929,579106,0,0,0,0,0,0,0,76540,0,95.55,95.64,95.74
375,2,48,87,100,4525,4525,4525,92754,92754,92754,591,591,591,0.13,0.60,0.85,0.05,0.20,0.31,0.03,0.18,0.28,0.00,0.00,0.00,0.00,0.03,0.05,0.00,0.00,0.00,0.01,0.18,0.39,440178,603213,1160987,573931,921858,1685135,0,0,0,0,0,0,0,316390,0,315.94,405.70,467.73
375,3,0,0,0,97042,97042,97042,237,237,237,591,591,591,0.00,0.00,0.00,0.00,0.00,0.00,0.00,0.00,0.00,0.00,0.00,0.00,0.00,0.00,0.00,0.00,0.00,0.00,0.00,0.00,0.00,10482,440373,1100558,23584,454486,1116280,0,0,0,0,0,0,0,69936,0,86.85,86.97,87.09
376,0,0,0,0,97196,97196,97196,83,83,83,591,591,591,0.00,0.00,0.00,0.00,0.00,0.00,0.00,0.00,0.00,0.00,0.00,0.00,0.00,0.00,0.00,0.00,0.00,0.00,0.00,0.00,0.00,314441,368433,563390,330163,382583,576492,0,0,0,0,0,0,0,76264,0,94.98,95.02,95.05
376,1,0,0,0,97014,97014,97014,265,265,265,591,591,591,0.00,0.00,0.00,0.00,0.00,0.00,0.00,0.00,0.00,0.00,0.00,0.00,0.00,0.00,0.00,0.00,0.00,0.00,0.00,0.00,0.00,319699,450711,838548,332801,464336,851650,0,0,0,0,0,0,0,76471,0,95.40,95.47,95.53
376,2,28,60,100,4525,4525,4525,92754,92754,92754,591,591,591,0.21,0.49,0.60,0.08,0.19,0.24,0.06,0.15,0.18,0.00,0.00,0.00,0.01,0.02,0.03,0.00,0.00,0.00,0.07,0.15,0.20,463853,612855,1111155,980910,1315209,1645767,0,0,0,0,0,0,0,324201,0,324.87,368.22,415.44
376,3,0,0,0,97042,97042,97042,237,237,237,591,591,591,0.00,0.00,0.00,0.00,0.00,0.00,0.00,0.00,0.00,0.00,0.00,0.00,0.00,0.00,0.00,0.00,0.00,0.00,0.00,0.00,0.00,327557,411575,538066,340659,424677,548548,0,0,0,0,0,0,0,69981,0,87.15,87.29,87.44
377,0,0,0,0,97196,97196,97196,83,83,83,591,591,591,0.00,0.00,0.00,0.00,0.00,0.00,0.00,0.00,0.00,0.00,0.00,0.00,0.00,0.00,0.00,0.00,0.00,0.00,0.00,0.00,0.00,200875,403568,619419,209609,416805,632324,0,0,0,0,0,0,0,76053,0,94.85,94.89,94.95
377,1,0,0,0,97014,97014,97014,265,265,265,591,591,591,0.00,0.00,0.00,0.00,0.00,0.00,0.00,0.00,0.00,0.00,0.00,0.00,0.00,0.00,0.00,0.00,0.00,0.00,0.00,0.00,0.00,225360,303876,330180,234095,317098,343283,0,0,0,0,0,0,0,76445,0,95.45,95.53,95.64
377,2,28,59,89,4525,4525,4525,92754,92754,92754,591,591,591,0.13,0.40,0.71,0.05,0.16,0.31,0.03,0.12,0.24,0.00,0.00,0.00,0.00,0.02,0.04,0.00,0.00,0.00,0.02,0.11,0.21,437665,761073,1386258,848367,1432739,2130776,0,0,0,0,0,0,0,286177,0,327.16,359.20,403.59
377,3,0,0,0,97042,97042,97042,237,237,237,591,591,591,0.00,0.00,0.00,0.00,0.00,0.00,0.00,0.00,0.00,0.00,0.00,0.00,0.00,0.00,0.00,0.00,0.00,0.00,0.00,0.00,0.00,324933,362142,416648,340656,375769,429751,0,0,0,0,0,0,0,70031,0,87.29,87.35,87.41
378,0,0,0,0,97196,97196,97196,83,83,83,591,591,591,0.00,0.00,0.00,0.00,0.00,0.00,0.00,0.00,0.00,0.00,0.00,0.00,0.00,0.00,0.00,0.00,0.00,0.00,0.00,0.00,0.00,317077,421891,731113,327558,434993,744215,0,0,0,0,0,0,0,85666,0,94.88,94.92,94.96
378,1,0,0,0,97014,97014,97014,265,265,265,591,591,591,0.00,0.00,0.00,0.00,0.00,0.00,0.00,0.00,0.00,0.00,0.00,0.00,0.00,0.00,0.00,0.00,0.00,0.00,0.00,0.00,0.00,319698,369483,448095,332800,383109,463817,0,0,0,0,0,0,0,76506,0,95.46,95.51,95.65
378,2,34,72,100,4525,4525,4525,92754,92754,92754,591,591,591,0.25,0.53,0.82,0.11,0.20,0.28,0.03,0.15,0.27,0.00,0.00,0.00,0.01,0.02,0.04,0.00,0.00,0.00,0.07,0.16,0.23,432414,702806,1079587,757543,1237923,1844952,0,0,0,0,0,0,0,335641,0,330.03,358.63,385.85
378,3,0,0,0,97042,97042,97042,237,237,237,591,591,591,0.00,0.00,0.00,0.00,0.00,0.00,0.00,0.00,0.00,0.00,0.00,0.00,0.00,0.00,0.00,0.00,0.00,0.00,0.00,0.00,0.00,324850,426546,825216,338034,440553,837607,0,0,0,0,0,0,0,78658,0,87.06,87.19,87.41
379,0,0,0,0,97196,97196,97196,83,83,83,591,591,591,0.00,0.00,0.00,0.00,0.00,0.00,0.00,0.00,0.00,0.00,0.00,0.00,0.00,0.00,0.00,0.00,0.00,0.00,0.00,0.00,0.00,319696,430413,639397,332800,444171,649879,0,0,0,0,0,0,0,57120,0,94.90,94.96,95.04
379,1,0,0,0,97014,97014,97014,265,265,265,591,591,591,0.00,0.00,0.00,0.00,0.00,0.00,0.00,0.00,0.00,0.00,0.00,0.00,0.00,0.00,0.00,0.00,0.00,0.00,0.00,0.00,0.00,317038,493948,919788,332759,508360,935511,0,0,0,0,0,0,0,67071,0,95.72,95.78,95.82
379,2,0,28,71,4525,4525,4525,92754,92754,92754,591,591,591,0.00,0.19,0.31,0.00,0.08,0.13,0.00,0.05,0.10,0.00,0.00,0.00,0.00,0.01,0.01,0.00,0.00,0.00,0.00,0.06,0.09,414109,617194,1174142,427213,1094155,1575133,0,0,0,0,0,0,0,171227,0,245.35,322.53,396.76
379,3,0,0,0,97042,97042,97042,237,237,237,591,591,591,0.00,0.00,0.00,0.00,0.00,0.00,0.00,0.00,0.00,0.00,0.00,0.00,0.00,0.00,0.00,0.00,0.00,0.00,0.00,0.00,0.00,330141,384321,476916,345862,396986,490018,0,0,0,0,0,0,0,52460,0,87.17,87.33,87.45
380,0,0,0,0,97196,97196,97196,83,83,83,591,591,591,0.00,0.00,0.00,0.00,0.00,0.00,0.00,0.00,0.00,0.00,0.00,0.00,0.00,0.00,0.00,0.00,0.00,0.00,0.00,0.00,0.00,213031,383766,558145,223508,404728,605313,0,0,0,0,0,0,0,75944,0,94.84,94.97,95.04
380,1,0,0,0,97014,97014,97014,265,265,265,591,591,591,0.00,0.00,0.00,0.00,0.00,0.00,0.00,0.00,0.00,0.00,0.00,0.00,0.00,0.00,0.00,0.00,0.00,0.00,0.00,0.00,0.00,309125,426297,812349,322224,447213,862138,0,0,0,0,0,0,0,76502,0,95.49,95.57,95.72
380,2,0,0,0,4525,4525,4525,92754,92754,92754,591,591,591,0.00,0.00,0.00,0.00,0.00,0.00,0.00,0.00,0.00,0.00,0.00,0.00,0.00,0.00,0.00,0.00,0.00,0.00,0.00,0.00,0.00,414121,717911,1622348,429848,738517,1672145,0,0,0,0,0,0,0,83728,0,139.54,169.35,219.31
380,3,0,0,0,97042,97042,97042,237,237,237,591,591,591,0.00,0.00,0.00,0.00,0.00,0.00,0.00,0.00,0.00,0.00,0.00,0.00,0.00,0.00,0.00,0.00,0.00,0.00,0.00,0.00,0.00,324935,405119,691802,338038,426606,741591,0,0,0,0,0,0,0,69614,0,86.92,87.16,87.34
381,0,0,0,0,97268,97268,97270,9,10,11,591,591,591,0.00,0.00,0.00,0.00,0.00,0.00,0.00,0.00,0.00,0.00,0.00,0.00,0.00,0.00,0.00,0.00,0.00,0.00,0.00,0.00,0.00,314457,431845,767754,335422,1403992,5046743,0,0,0,0,0,0,0,85694,0,94.81,94.93,95.03
381,1,0,0,0,97270,97270,97272,7,8,9,591,591,591,0.00,0.00,0.00,0.00,0.00,0.00,0.00,0.00,0.00,0.00,0.00,0.00,0.00,0.00,0.00,0.00,0.00,0.00,0.00,0.00,0.00,317072,495415,1093483,330172,1201125,4045539,0,0,0,0,0,0,0,76414,0,95.38,95.41,95.48
381,2,0,1,8,5381,5439,5455,91824,91840,91898,591,591,591,0.00,0.00,0.00,0.00,0.00,0.00,0.00,0.00,0.00,0.00,0.00,0.00,0.00,0.00,0.00,0.00,0.00,0.00,0.00,0.00,0.00,406240,886673,2778094,424586,2005797,5337617,0,0,0,0,0,0,0,112486,0,139.19,139.50,140.19
381,3,0,0,0,97266,97266,97268,11,12,13,591,591,591,0.00,0.00,0.00,0.00,0.00,0.00,0.00,0.00,0.00,0.00,0.00,0.00,0.00,0.00,0.00,0.00,0.00,0.00,0.00,0.00,0.00,324930,441781,888203,338032,1422751,5198214,0,0,0,0,0,0,0,61056,0,86.76,86.83,86.98
382,0,0,0,0,97270,97270,97270,9,9,9,591,591,591,0.00,0.00,0.00,0.00,0.00,0.00,0.00,0.00,0.00,0.00,0.00,0.00,0.00,0.00,0.00,0.00,0.00,0.00,0.00,0.00,0.00,322278,661098,1475341,340619,1599729,3752434,0,0,0,0,0,0,0,75700,0,94.70,94.88,95.05
382,1,0,0,0,97272,97272,97272,7,7,7,591,591,591,0.00,0.00,0.00,0.00,0.00,0.00,0.00,0.00,0.00,0.00,0.00,0.00,0.00,0.00,0.00,0.00,0.00,0.00,0.00,0.00,0.00,317069,534042,694385,335412,1444404,3398811,0,0,0,0,0,0,0,85614,0,95.04,95.18,95.35
382,2,0,0,0,97275,97275,97275,4,4,4,591,591,591,0.00,0.00,0.00,0.00,0.00,0.00,0.00,0.00,0.00,0.00,0.00,0.00,0.00,0.00,0.00,0.00,0.00,0.00,0.00,0.00,0.00,419357,1295034,3421764,440324,2238506,6181251,0,0,0,0,0,0,0,128868,0,141.05,142.37,143.19
382,3,0,0,0,97268,97268,97268,11,11,11,591,591,591,0.00,0.00,0.00,0.00,0.00,0.00,0.00,0.00,0.00,0.00,0.00,0.00,0.00,0.00,0.00,0.00,0.00,0.00,0.00,0.00,0.00,333348,818979,2282328,351160,1747160,4368130,0,0,0,0,0,0,0,77796,0,86.39,86.73,87.02
383,0,0,0,0,97270,97270,97270,9,9,9,591,591,591,0.00,0.00,0.00,0.00,0.00,0.00,0.00,0.00,0.00,0.00,0.00,0.00,0.00,0.00,0.00,0.00,0.00,0.00,0.00,0.00,0.00,324195,405062,529752,339633,424400,553355,0,0,0,0,0,0,0,75886,0,94.64,94.68,94.73
383,1,0,0,0,97272,97272,97272,7,7,7,591,591,591,0.00,0.00,0.00,0.00,0.00,0.00,0.00,0.00,0.00,0.00,0.00,0.00,0.00,0.00,0.00,0.00,0.00,0.00,0.00,0.00,0.00,317168,360591,390441,337797,380439,408784,0,0,0,0,0,0,0,76327,0,95.11,95.26,95.36
383,2,0,0,0,97275,97275,97275,4,4,4,591,591,591,0.00,0.00,0.00,0.00,0.00,0.00,0.00,0.00,0.00,0.00,0.00,0.00,0.00,0.00,0.00,0.00,0.00,0.00,0.00,0.00,0.00,445479,622109,1003627,466442,640013,1021970,0,0,0,0,0,0,0,88273,0,115.76,133.54,143.01
383,3,0,0,0,97268,97268,97268,11,11,11,591,591,591,0.00,0.00,0.00,0.00,0.00,0.00,0.00,0.00,0.00,0.00,0.00,0.00,0.00,0.00,0.00,0.00,0.00,0.00,0.00,0.00,0.00,327555,405916,491382,345898,425435,512982,0,0,0,0,0,0,0,69156,0,86.20,86.28,86.33
384,0,0,0,0,97270,97270,97270,9,9,9,591,591,591,0.00,0.00,0.00,0.00,0.00,0.00,0.00,0.00,0.00,0.00,0.00,0.00,0.00,0.00,0.00,0.00,0.00,0.00,0.00,0.00,0.00,204351,350085,566024,218324,367554,584367,0,0,0,0,0,0,0,85240,0,94.62,94.65,94.67
384,1,0,0,0,97272,97272,97272,7,7,7,591,591,591,0.00,0.00,0.00,0.00,0.00,0.00,0.00,0.00,0.00,0.00,0.00,0.00,0.00,0.00,0.00,0.00,0.00,0.00,0.00,0.00,0.00,298704,335924,372102,314425,352519,393013,0,0,0,0,0,0,0,76104,0,95.12,95.28,95.38
384,2,0,0,0,97275,97275,97275,4,4,4,591,591,591,0.00,0.00,0.00,0.00,0.00,0.00,0.00,0.00,0.00,0.00,0.00,0.00,0.00,0.00,0.00,0.00,0.00,0.00,0.00,0.00,0.00,414033,489495,762562,432376,508362,780906,0,0,0,0,0,0,0,74666,0,92.98,96.09,105.96
384,3,0,0,0,97268,97268,97268,11,11,11,591,591,591,0.00,0.00,0.00,0.00,0.00,0.00,0.00,0.00,0.00,0.00,0.00,0.00,0.00,0.00,0.00,0.00,0.00,0.00,0.00,0.00,0.00,322317,340649,387826,340660,358992,406170,0,0,0,0,0,0,0,69226,0,86.29,86.38,86.48
385,0,0,0,0,97270,97270,97270,9,9,9,591,591,591,0.00,0.00,0.00,0.00,0.00,0.00,0.00,0.00,0.00,0.00,0.00,0.00,0.00,0.00,0.00,0.00,0.00,0.00,0.00,0.00,0.00,322312,519897,1194931,340655,538764,1213275,0,0,0,0,0,0,0,75951,0,94.71,94.78,94.85
385,1,0,0,0,97272,97272,97272,7,7,7,591,591,591,0.00,0.00,0.00,0.00,0.00,0.00,0.00,0.00,0.00,0.00,0.00,0.00,0.00,0.00,0.00,0.00,0.00,0.00,0.00,0.00,0.00,317083,473253,621033,338031,493169,639376,0,0,0,0,0,0,0,66613,0,95.04,95.08,95.11
385,2,0,0,0,97275,97275,97275,4,4,4,591,591,591,0.00,0.00,0.00,0.00,0.00,0.00,0.00,0.00,0.00,0.00,0.00,0.00,0.00,0.00,0.00,0.00,0.00,0.00,0.00,0.00,0.00,408789,720100,1341671,427132,738967,1360014,0,0,0,0,0,0,0,65342,0,93.23,93.27,93.30
385,3,0,0,0,97268,97268,97268,11,11,11,591,591,591,0.00,0.00,0.00,0.00,0.00,0.00,0.00,0.00,0.00,0.00,0.00,0.00,0.00,0.00,0.00,0.00,0.00,0.00,0.00,0.00,0.00,327552,393063,550270,345895,412454,571233,0,0,0,0,0,0,0,77876,0,86.47,86.50,86.53
387,0,0,0,0,97270,97270,97270,9,9,9,591,591,591,0.00,0.00,0.00,0.00,0.00,0.00,0.00,0.00,0.00,0.00,0.00,0.00,0.00,0.00,0.00,0.00,0.00,0.00,0.00,0.00,0.00,298707,373313,627462,317048,391253,648377,0,0,0,0,0,0,0,151851,0,94.82,94.83,94.86
387,1,0,0,0,97272,97272,97272,7,7,7,591,591,591,0.00,0.00,0.00,0.00,0.00,0.00,0.00,0.00,0.00,0.00,0.00,0.00,0.00,0.00,0.00,0.00,0.00,0.00,0.00,0.00,0.00,314643,332217,379855,332696,350527,398193,0,0,0,0,0,0,0,171095,0,94.77,94.99,95.21
387,2,0,0,0,97275,97275,97275,4,4,4,591,591,591,0.00,0.00,0.00,0.00,0.00,0.00,0.00,0.00,0.00,0.00,0.00,0.00,0.00,0.00,0.00,0.00,0.00,0.00,0.00,0.00,0.00,409102,525729,938035,427227,543270,956376,0,0,0,0,0,0,0,167936,0,93.11,93.16,93.21
387,3,0,0,0,97268,97268,97268,11,11,11,591,591,591,0.00,0.00,0.00,0.00,0.00,0.00,0.00,0.00,0.00,0.00,0.00,0.00,0.00,0.00,0.00,0.00,0.00,0.00,0.00,0.00,0.00,220155,415976,901444,233914,433810,917167,0,0,0,0,0,0,0,138528,0,86.38,86.44,86.50
388,0,0,0,0,97270,97270,97270,9,9,9,591,591,591,0.00,0.00,0.00,0.00,0.00,0.00,0.00,0.00,0.00,0.00,0.00,0.00,0.00,0.00,0.00,0.00,0.00,0.00,0.00,0.00,0.00,319975,477106,1008875,338334,495951,1024598,0,0,0,0,0,0,0,85242,0,94.57,94.66,94.73
388,1,0,0,0,97272,97272,97272,7,7,7,591,591,591,0.00,0.00,0.00,0.00,0.00,0.00,0.00,0.00,0.00,0.00,0.00,0.00,0.00,0.00,0.00,0.00,0.00,0.00,0.00,0.00,0.00,279515,363543,558159,293490,381013,579123,0,0,0,0,0,0,0,85614,0,94.91,94.99,95.06
388,2,0,0,0,97275,97275,97275,4,4,4,591,591,591,0.00,0.00,0.00,0.00,0.00,0.00,0.00,0.00,0.00,0.00,0.00,0.00,0.00,0.00,0.00,0.00,0.00,0.00,0.00,0.00,0.00,406170,444423,545024,427133,462766,560746,0,0,0,0,0,0,0,83881,0,93.04,93.11,93.19
388,3,0,0,0,97268,97268,97268,11,11,11,591,591,591,0.00,0.00,0.00,0.00,0.00,0.00,0.00,0.00,0.00,0.00,0.00,0.00,0.00,0.00,0.00,0.00,0.00,0.00,0.00,0.00,0.00,324938,345374,414030,343281,363717,434994,0,0,0,0,0,0,0,69248,0,86.43,86.46,86.49
389,0,0,0,0,97270,97270,97270,9,9,9,591,591,591,0.00,0.00,0.00,0.00,0.00,0.00,0.00,0.00,0.00,0.00,0.00,0.00,0.00,0.00,0.00,0.00,0.00,0.00,0.00,0.00,0.00,317075,364786,451580,335418,383110,469747,0,0,0,0,0,0,0,75819,0,94.61,94.64,94.69
389,1,0,0,0,97272,97272,97272,7,7,7,591,591,591,0.00,0.00,0.00,0.00,0.00,0.00,0.00,0.00,0.00,0.00,0.00,0.00,0.00,0.00,0.00,0.00,0.00,0.00,0.00,0.00,0.00,319693,392524,660278,338036,410866,678619,0,0,0,0,0,0,0,76244,0,95.07,95.19,95.25
389,2,0,0,0,97275,97275,97275,4,4,4,591,591,591,0.00,0.00,0.00,0.00,0.00,0.00,0.00,0.00,0.00,0.00,0.00,0.00,0.00,0.00,0.00,0.00,0.00,0.00,0.00,0.00,0.00,419211,653517,1310237,440172,672907,1325960,0,0,0,0,0,0,0,74589,0,93.01,93.04,93.07
389,3,0,0,0,97268,97268,97268,11,11,11,591,591,591,0.00,0.00,0.00,0.00,0.00,0.00,0.00,0.00,0.00,0.00,0.00,0.00,0.00,0.00,0.00,0.00,0.00,0.00,0.00,0.00,0.00,322273,351127,400927,343234,369469,421890,0,0,0,0,0,0,0,77781,0,86.43,86.47,86.50
390,0,0,0,0,97270,97270,97270,9,9,9,591,591,591,0.00,0.00,0.00,0.00,0.00,0.00,0.00,0.00,0.00,0.00,0.00,0.00,0.00,0.00,0.00,0.00,0.00,0.00,0.00,0.00,0.00,318267,384867,634157,336380,403191,649879,0,0,0,0,0,0,0,75658,0,94.42,94.49,94.60
390,1,0,0,0,97272,97272,97272,7,7,7,591,591,591,0.00,0.00,0.00,0.00,0.00,0.00,0.00,0.00,0.00,0.00,0.00,0.00,0.00,0.00,0.00,0.00,0.00,0.00,0.00,0.00,0.00,322303,335522,362157,340645,353793,380137,0,0,0,0,0,0,0,76078,0,95.03,95.12,95.21
390,2,0,0,0,97275,97275,97275,4,4,4,591,591,591,0.00,0.00,0.00,0.00,0.00,0.00,0.00,0.00,0.00,0.00,0.00,0.00,0.00,0.00,0.00,0.00,0.00,0.00,0.00,0.00,0.00,414030,499412,820168,429752,517754,838510,0,0,0,0,0,0,0,74478,0,92.98,93.08,93.14
390,3,0,0,0,97268,97268,97268,11,11,11,591,591,591,0.00,0.00,0.00,0.00,0.00,0.00,0.00,0.00,0.00,0.00,0.00,0.00,0.00,0.00,0.00,0.00,0.00,0.00,0.00,0.00,0.00,311750,467556,938114,327469,485844,961697,0,0,0,0,0,0,0,69114,0,86.31,86.36,86.40
391,0,0,0,0,97270,97270,97270,9,9,9,591,591,591,0.00,0.00,0.00,0.00,0.00,0.00,0.00,0.00,0.00,0.00,0.00,0.00,0.00,0.00,0.00,0.00,0.00,0.00,0.00,0.00,0.00,319695,379504,523732,338039,398355,542062,0,0,0,0,0,0,0,85196,0,94.48,94.58,94.63
391,1,0,0,0,97272,97272,97272,7,7,7,591,591,591,0.00,0.00,0.00,0.00,0.00,0.00,0.00,0.00,0.00,0.00,0.00,0.00,0.00,0.00,0.00,0.00,0.00,0.00,0.00,0.00,0.00,314456,362140,534575,332799,381006,550298,0,0,0,0,0,0,0,76031,0,94.99,95.01,95.05
391,2,0,0,0,97275,97275,97275,4,4,4,591,591,591,0.00,0.00,0.00,0.00,0.00,0.00,0.00,0.00,0.00,0.00,0.00,0.00,0.00,0.00,0.00,0.00,0.00,0.00,0.00,0.00,0.00,406123,568628,814950,424464,586970,833293,0,0,0,0,0,0,0,74322,0,92.77,92.84,92.90
391,3,0,0,0,97268,97268,97268,11,11,11,591,591,591,0.00,0.00,0.00,0.00,0.00,0.00,0.00,0.00,0.00,0.00,0.00,0.00,0.00,0.00,0.00,0.00,0.00,0.00,0.00,0.00,0.00,324936,372090,453343,343279,390957,471686,0,0,0,0,0,0,0,69207,0,86.33,86.38,86.46
392,0,0,0,0,97270,97270,97270,9,9,9,591,591,591,0.00,0.00,0.00,0.00,0.00,0.00,0.00,0.00,0.00,0.00,0.00,0.00,0.00,0.00,0.00,0.00,0.00,0.00,0.00,0.00,0.00,121413,419181,883101,139889,436988,901445,0,0,0,0,0,0,0,75600,0,94.53,94.58,94.61
392,1,0,0,0,97272,97272,97272,7,7,7,591,591,591,0.00,0.00,0.00,0.00,0.00,0.00,0.00,0.00,0.00,0.00,0.00,0.00,0.00,0.00,0.00,0.00,0.00,0.00,0.00,0.00,0.00,0,315501,581737,18343,333844,600080,0,0,0,0,0,0,0,66285,0,94.83,94.92,95.05
392,2,0,0,0,97275,97275,97275,4,4,4,591,591,591,0.00,0.00,0.00,0.00,0.00,0.00,0.00,0.00,0.00,0.00,0.00,0.00,0.00,0.00,0.00,0.00,0.00,0.00,0.00,0.00,0.00,408796,650922,1205400,427139,669265,1223743,0,0,0,0,0,0,0,65085,0,92.75,92.80,92.89
392,3,0,0,0,97268,97268,97268,11,11,11,591,591,591,0.00,0.00,0.00,0.00,0.00,0.00,0.00,0.00,0.00,0.00,0.00,0.00,0.00,0.00,0.00,0.00,0.00,0.00,0.00,0.00,0.00,327550,344323,403548,343272,362665,424511,0,0,0,0,0,0,0,69288,0,86.50,86.57,86.59
393,0,0,0,0,97270,97270,97270,9,9,9,591,591,591,0.00,0.00,0.00,0.00,0.00,0.00,0.00,0.00,0.00,0.00,0.00,0.00,0.00,0.00,0.00,0.00,0.00,0.00,0.00,0.00,0.00,322317,414530,551647,340660,433917,575402,0,0,0,0,0,0,0,56775,0,94.44,94.52,94.61
393,1,0,0,0,97272,97272,97272,7,7,7,591,591,591,0.00,0.00,0.00,0.00,0.00,0.00,0.00,0.00,0.00,0.00,0.00,0.00,0.00,0.00,0.00,0.00,0.00,0.00,0.00,0.00,0.00,317076,393118,516477,335420,412438,534464,0,0,0,0,0,0,0,76136,0,94.81,94.95,95.08
393,2,0,0,0,97275,97275,97275,4,4,4,591,591,591,0.00,0.00,0.00,0.00,0.00,0.00,0.00,0.00,0.00,0.00,0.00,0.00,0.00,0.00,0.00,0.00,0.00,0.00,0.00,0.00,0.00,408093,602944,1231621,426288,622821,1252585,0,0,0,0,0,0,0,74329,0,92.80,92.84,92.87
393,3,0,0,0,97268,97268,97268,11,11,11,591,591,591,0.00,0.00,0.00,0.00,0.00,0.00,0.00,0.00,0.00,0.00,0.00,0.00,0.00,0.00,0.00,0.00,0.00,0.00,0.00,0.00,0.00,15722,416127,906682,36686,434994,922404,0,0,0,0,0,0,0,78116,0,86.47,86.54,86.64
394,0,0,0,0,97270,97270,97270,9,9,9,591,591,591,0.00,0.00,0.00,0.00,0.00,0.00,0.00,0.00,0.00,0.00,0.00,0.00,0.00,0.00,0.00,0.00,0.00,0.00,0.00,0.00,0.00,313814,401954,654606,331820,420906,675722,0,0,0,0,0,0,0,75773,0,94.63,94.67,94.72
394,1,0,0,0,97272,97272,97272,7,7,7,591,591,591,0.00,0.00,0.00,0.00,0.00,0.00,0.00,0.00,0.00,0.00,0.00,0.00,0.00,0.00,0.00,0.00,0.00,0.00,0.00,0.00,0.00,313234,342512,408772,329298,360844,429734,0,0,0,0,0,0,0,76099,0,95.04,95.08,95.12
394,2,0,0,0,97275,97275,97275,4,4,4,591,591,591,0.00,0.00,0.00,0.00,0.00,0.00,0.00,0.00,0.00,0.00,0.00,0.00,0.00,0.00,0.00,0.00,0.00,0.00,0.00,0.00,0.00,411400,502457,757317,429742,520144,775661,0,0,0,0,0,0,0,74254,0,92.82,92.86,92.88
394,3,0,0,0,97268,97268,97268,11,11,11,591,591,591,0.00,0.00,0.00,0.00,0.00,0.00,0.00,0.00,0.00,0.00,0.00,0.00,0.00,0.00,0.00,0.00,0.00,0.00,0.00,0.00,0.00,323027,361130,458586,340973,379945,474309,0,0,0,0,0,0,0,51955,0,86.50,86.60,86.68
395,0,0,0,0,97270,97270,97270,9,9,9,591,591,591,0.00,0.00,0.00,0.00,0.00,0.00,0.00,0.00,0.00,0.00,0.00,0.00,0.00,0.00,0.00,0.00,0.00,0.00,0.00,0.00,0.00,310429,520184,1050802,331838,539590,1071766,0,0,0,0,0,0,0,85289,0,94.55,94.61,94.70
395,1,0,0,0,97272,97272,97272,7,7,7,591,591,591,0.00,0.00,0.00,0.00,0.00,0.00,0.00,0.00,0.00,0.00,0.00,0.00,0.00,0.00,0.00,0.00,0.00,0.00,0.00,0.00,0.00,314454,390445,516227,332797,410360,537191,0,0,0,0,0,0,0,85488,0,94.95,95.00,95.05
395,2,0,0,0,97275,97275,97275,4,4,4,591,591,591,0.00,0.00,0.00,0.00,0.00,0.00,0.00,0.00,0.00,0.00,0.00,0.00,0.00,0.00,0.00,0.00,0.00,0.00,0.00,0.00,0.00,406175,480066,568634,424518,498933,586977,0,0,0,0,0,0,0,83475,0,92.64,92.69,92.77
395,3,0,0,0,97268,97268,97268,11,11,11,591,591,591,0.00,0.00,0.00,0.00,0.00,0.00,0.00,0.00,0.00,0.00,0.00,0.00,0.00,0.00,0.00,0.00,0.00,0.00,0.00,0.00,0.00,321458,411235,631509,337531,430696,652472,0,0,0,0,0,0,0,69368,0,86.50,86.59,86.68
396,0,0,0,0,97270,97270,97270,9,9,9,591,591,591,0.00,0.00,0.00,0.00,0.00,0.00,0.00,0.00,0.00,0.00,0.00,0.00,0.00,0.00,0.00,0.00,0.00,0.00,0.00,0.00,0.00,319700,390795,621036,338044,407916,639379,0,0,0,0,0,0,0,75798,0,94.65,94.72,94.76
396,1,0,0,0,97272,97272,97272,7,7,7,591,591,591,0.00,0.00,0.00,0.00,0.00,0.00,0.00,0.00,0.00,0.00,0.00,0.00,0.00,0.00,0.00,0.00,0.00,0.00,0.00,0.00,0.00,317075,375761,597460,335414,394103,615804,0,0,0,0,0,0,0,75879,0,94.80,94.91,94.98
396,2,0,0,0,97275,97275,97275,4,4,4,591,591,591,0.00,0.00,0.00,0.00,0.00,0.00,0.00,0.00,0.00,0.00,0.00,0.00,0.00,0.00,0.00,0.00,0.00,0.00,0.00,0.00,0.00,272956,646404,1328591,288504,663507,1346934,0,0,0,0,0,0,0,74379,0,92.60,92.68,92.82
396,3,0,0,0,97268,97268,97268,11,11,11,591,591,591,0.00,0.00,0.00,0.00,0.00,0.00,0.00,0.00,0.00,0.00,0.00,0.00,0.00,0.00,0.00,0.00,0.00,0.00,0.00,0.00,0.00,327549,364238,440223,343279,381532,455945,0,0,0,0,0,0,0,69287,0,86.51,86.55,86.60
397,0,0,0,0,97270,97270,97270,9,9,9,591,591,591,0.00,0.00,0.00,0.00,0.00,0.00,0.00,0.00,0.00,0.00,0.00,0.00,0.00,0.00,0.00,0.00,0.00,0.00,0.00,0.00,0.00,319552,342197,416657,337887,360538,435000,0,0,0,0,0,0,0,75890,0,94.73,94.77,94.82
397,1,0,0,0,97272,97272,97272,7,7,7,591,591,591,0.00,0.00,0.00,0.00,0.00,0.00,0.00,0.00,0.00,0.00,0.00,0.00,0.00,0.00,0.00,0.00,0.00,0.00,0.00,0.00,0.00,200885,351589,579130,214860,368488,597473,0,0,0,0,0,0,0,75867,0,94.61,94.67,94.76
397,2,0,0,0,97275,97275,97275,4,4,4,591,591,591,0.00,0.00,0.00,0.00,0.00,0.00,0.00,0.00,0.00,0.00,0.00,0.00,0.00,0.00,0.00,0.00,0.00,0.00,0.00,0.00,0.00,408786,603666,1047768,424509,622211,1067120,0,0,0,0,0,0,0,74186,0,92.61,92.76,92.86
397,3,0,0,0,97268,97268,97268,11,11,11,591,591,591,0.00,0.00,0.00,0.00,0.00,0.00,0.00,0.00,0.00,0.00,0.00,0.00,0.00,0.00,0.00,0.00,0.00,0.00,0.00,0.00,0.00,5240,395681,919785,23584,414024,938128,0,0,0,0,0,0,0,69270,0,86.45,86.50,86.55
398,0,0,0,0,97270,97270,97270,9,9,9,591,591,591,0.00,0.00,0.00,0.00,0.00,0.00,0.00,0.00,0.00,0.00,0.00,0.00,0.00,0.00,0.00,0.00,0.00,0.00,0.00,0.00,0.00,314459,340049,416589,330471,358887,434702,0,0,0,0,0,0,0,85312,0,94.75,94.77,94.79
398,1,0,0,0,97272,97272,97272,7,7,7,591,591,591,0.00,0.00,0.00,0.00,0.00,0.00,0.00,0.00,0.00,0.00,0.00,0.00,0.00,0.00,0.00,0.00,0.00,0.00,0.00,0.00,0.00,319689,366336,424513,335412,384680,445472,0,0,0,0,0,0,0,66783,0,94.87,95.07,95.24
398,2,0,0,0,97275,97275,97275,4,4,4,591,591,591,0.00,0.00,0.00,0.00,0.00,0.00,0.00,0.00,0.00,0.00,0.00,0.00,0.00,0.00,0.00,0.00,0.00,0.00,0.00,0.00,0.00,408791,447051,560779,427134,465393,579122,0,0,0,0,0,0,0,64950,0,92.57,92.61,92.66
398,3,0,0,0,97268,97268,97268,11,11,11,591,591,591,0.00,0.00,0.00,0.00,0.00,0.00,0.00,0.00,0.00,0.00,0.00,0.00,0.00,0.00,0.00,0.00,0.00,0.00,0.00,0.00,0.00,322031,375137,451188,339922,393393,469133,0,0,0,0,0,0,0,69543,0,86.47,86.63,86.80
