job 3277945 nodes 2 gpus 8 micro 3 accum 2 steps 1200 config configs/training/libero_unified/gam/chunk8_150k_2node.yaml ds 0 extra 
0: Config: configs/training/libero_unified/gam/chunk8_150k_2node.yaml
0: Experiment dir: /iopsstor/scratch/cscs/veichta/rpr-wp3/runs/long_8gpu_3277945/results/robot-20260903-133839
0: Distributed process-group timeout: 120.0 minutes
0: Installed training preemption signal handlers: SIGUSR1, SIGTERM
0: Slurm walltime guard: remaining=2357s preemption_guard=90s closed_loop_guard=1800s
0: Distributed periodic preemption signal check disabled; checkpoint/eval boundary checks remain enabled
0: bf16=True, compile=False, world_size=8
0: DA3 fine-tune views: n_views=2 camera_keys=['agentview_rgb', 'eye_in_hand_rgb'] rollout_camera_keys=None
0: Stage 1 teacher checkpoint: /iopsstor/scratch/cscs/veichta/rpr-wp3/code/gam/checkpoints/track4world_da3.pth (student/bootstrap checkpoint: /iopsstor/scratch/cscs/veichta/rpr-wp3/code/gam/checkpoints/track4world_da3.pth)
0: Teacher and student/bootstrap Stage 1 checkpoints are identical; set stage_1.teacher_ckpt_path to keep the depth teacher pristine.
0: [93m[WARN ] Dependency `gsplat` is required for rendering 3DGS. Install via: pip install git+https://github.com/nerfstudio-project/gsplat.git@0b4dddf04cb687367602c01196913cde6a743d70[0m
0: [93m[WARN ] Dependency `gsplat` is required for rendering 3DGS. Install via: pip install git+https://github.com/nerfstudio-project/gsplat.git@0b4dddf04cb687367602c01196913cde6a743d70[0m
0: [93m[WARN ] Dependency `gsplat` is required for rendering 3DGS. Install via: pip install git+https://github.com/nerfstudio-project/gsplat.git@0b4dddf04cb687367602c01196913cde6a743d70[0m
0: [93m[WARN ] Dependency `gsplat` is required for rendering 3DGS. Install via: pip install git+https://github.com/nerfstudio-project/gsplat.git@0b4dddf04cb687367602c01196913cde6a743d70[0m
1: [93m[WARN ] Dependency `gsplat` is required for rendering 3DGS. Install via: pip install git+https://github.com/nerfstudio-project/gsplat.git@0b4dddf04cb687367602c01196913cde6a743d70[0m[93m[WARN ] Dependency `gsplat` is required for rendering 3DGS. Install via: pip install git+https://github.com/nerfstudio-project/gsplat.git@0b4dddf04cb687367602c01196913cde6a743d70[0m
1: 
1: [93m[WARN ] Dependency `gsplat` is required for rendering 3DGS. Install via: pip install git+https://github.com/nerfstudio-project/gsplat.git@0b4dddf04cb687367602c01196913cde6a743d70[0m
1: [93m[WARN ] Dependency `gsplat` is required for rendering 3DGS. Install via: pip install git+https://github.com/nerfstudio-project/gsplat.git@0b4dddf04cb687367602c01196913cde6a743d70[0m
0: [97m[INFO ] using SwiGLU layer as FFN[0m
1: [97m[INFO ] using SwiGLU layer as FFN[0m
0: [97m[INFO ] using SwiGLU layer as FFN[0m
1: [97m[INFO ] using SwiGLU layer as FFN[0m
1: [97m[INFO ] using SwiGLU layer as FFN[0m
1: [97m[INFO ] using SwiGLU layer as FFN[0m
0: [97m[INFO ] using SwiGLU layer as FFN[0m[97m[INFO ] using SwiGLU layer as FFN[0m
0: 
1: [93m[WARN ] Dependency 'e3nn' not found. Required for rotating the camera space SH coeff[0m
1: [93m[WARN ] Dependency 'e3nn' not found. Required for rotating the camera space SH coeff[0m
1: [93m[WARN ] Dependency 'e3nn' not found. Required for rotating the camera space SH coeff[0m
0: [93m[WARN ] Dependency 'e3nn' not found. Required for rotating the camera space SH coeff[0m
0: [93m[WARN ] Dependency 'e3nn' not found. Required for rotating the camera space SH coeff[0m
0: [93m[WARN ] Dependency 'e3nn' not found. Required for rotating the camera space SH coeff[0m
0: [93m[WARN ] Dependency 'e3nn' not found. Required for rotating the camera space SH coeff[0m
1: [93m[WARN ] Dependency 'e3nn' not found. Required for rotating the camera space SH coeff[0m
1: DA3 da3-giant loaded: 977 keys, missing=0, unexpected=0
1: DA3 da3-giant loaded: 977 keys, missing=0, unexpected=0
0: DA3 da3-giant loaded: 977 keys, missing=0, unexpected=0
0: DA3 da3-giant loaded: 977 keys, missing=0, unexpected=0
0: DA3 da3-giant loaded: 977 keys, missing=0, unexpected=0
0: DA3 da3-giant loaded: 977 keys, missing=0, unexpected=0
1: DA3 da3-giant loaded: 977 keys, missing=0, unexpected=0
1: DA3 da3-giant loaded: 977 keys, missing=0, unexpected=0
0: [97m[INFO ] using SwiGLU layer as FFN[0m
0: [97m[INFO ] using SwiGLU layer as FFN[0m
0: [97m[INFO ] using SwiGLU layer as FFN[0m
1: [97m[INFO ] using SwiGLU layer as FFN[0m
1: [97m[INFO ] using SwiGLU layer as FFN[0m
1: [97m[INFO ] using SwiGLU layer as FFN[0m
0: [97m[INFO ] using SwiGLU layer as FFN[0m
1: [97m[INFO ] using SwiGLU layer as FFN[0m
0: DA3 da3-giant loaded: 977 keys, missing=0, unexpected=0
0: DA3 da3-giant loaded: 977 keys, missing=0, unexpected=0
1: DA3 da3-giant loaded: 977 keys, missing=0, unexpected=0
0: DA3 da3-giant loaded: 977 keys, missing=0, unexpected=0
1: DA3 da3-giant loaded: 977 keys, missing=0, unexpected=0
0: DA3 da3-giant loaded: 977 keys, missing=0, unexpected=0
1: DA3 da3-giant loaded: 977 keys, missing=0, unexpected=0
0: Stage 1 backbone: type=da3 embed_dim=1536 patches/view=256 registers=0 freeze_before=13
0: ActionHeadV2: chunk_size=8 chunk_position_encoding=learned
0: Unified mode ON: FuturePredictor type=gam, H_choices=[1, 2, 3, 4, 5, 6, 7], lambda_feat_future=1.0000, lambda_feat_current=0.0000, lambda_proprio_future=0.0000, lambda_sigreg=0.0000, lambda_action_direct=1.0000, lambda_action_refine=1.0000, use_language=True, deep_gradient_checkpointing=False, predictor_gradient_checkpointing=False, backbone_deep_gradient_checkpointing=False, deep_temporal_causal_mask=False, use_proprio_head=False, feature_loss_norm=none, feature_loss_type=l2, feature_target_mode=future
1: DA3 da3-giant loaded: 977 keys, missing=0, unexpected=0
0: Loading weights:   0%|          | 0/196 [00:00<?, ?it/s]
0: Loading weights:   0%|          | 0/196 [00:00<?, ?it/s]
0: Loading weights:   0%|          | 0/196 [00:00<?, ?it/s]
0: Loading weights:   0%|          | 0/196 [00:00<?, ?it/s]
0: Loading weights: 100%|██████████| 196/196 [00:00<00:00, 3247.52it/s]
0: Loading weights: 100%|██████████| 196/196 [00:00<00:00, 3288.54it/s]
0: Loading weights: 100%|██████████| 196/196 [00:00<00:00, 3185.90it/s]
0: 
0: Loading weights: 100%|██████████| 196/196 [00:00<00:00, 3206.15it/s]
0: 
0: [1mCLIPTextModel LOAD REPORT[0m from: /iopsstor/scratch/cscs/veichta/rpr-wp3/assets/clip-vit-large-patch14
0: Key                                                            | Status     |  | 
0: ---------------------------------------------------------------+------------+--+-
0: vision_model.encoder.layers.{0...23}.layer_norm1.bias          | [38;5;208mUNEXPECTED[0m |  | 
0: vision_model.encoder.layers.{0...23}.self_attn.out_proj.weight | [38;5;208mUNEXPECTED[0m |  | 
0: vision_model.encoder.layers.{0...23}.self_attn.v_proj.bias     | [38;5;208mUNEXPECTED[0m |  | 
0: vision_model.encoder.layers.{0...23}.self_attn.v_proj.weight   | [38;5;208mUNEXPECTED[0m |  | 
0: vision_model.embeddings.position_ids                           | [38;5;208mUNEXPECTED[0m |  | 
0: vision_model.encoder.layers.{0...23}.self_attn.out_proj.bias   | [38;5;208mUNEXPECTED[0m |  | 
0: vision_model.encoder.layers.{0...23}.self_attn.q_proj.bias     | [38;5;208mUNEXPECTED[0m |  | 
0: vision_model.encoder.layers.{0...23}.mlp.fc1.weight            | [38;5;
0: 208mUNEXPECTED[0m |  | 
0: vision_model.encoder.layers.{0...23}.mlp.fc2.weight            | [38;5;208mUNEXPECTED[0m |  | 
0: vision_model.encoder.layers.{0...23}.mlp.fc1.bias              | [38;5;208mUNEXPECTED[0m |  | 
0: vision_model.encoder.layers.{0...23}.self_attn.q_proj.weight   | [38;5;208mUNEXPECTED[0m |  | 
0: vision_model.encoder.layers.{0...23}.layer_norm2.bias          | [38;5;208mUNEXPECTED[0m |  | 
0: vision_model.encoder.layers.{0...23}.self_attn.k_proj.bias     | [38;5;208mUNEXPECTED[0m |  | 
0: vision_model.encoder.layers.{0...23}.self_attn.k_proj.weight   | [38;5;208mUNEXPECTED[0m |  | 
0: vision_model.encoder.layers.{0...23}.layer_norm1.weight        | [38;5;208mUNEXPECTED[0m |  | 
0: vision_model.post_layernorm.weight                             | [38;5;208mUNEXPECTED[0m |  | 
0: vision_model.encoder.layers.{0...23}.layer_norm2.weight        | [38;5;208mUNEXPECTED[0m |  | 
0: vision_model.encoder.layers.{0...23}.mlp.fc2.bias              | [38;5;208mUNEXPECTED[0m |  | 
0: vision_model.embeddings.posit
0: ion_embedding.weight              | [38;5;208mUNEXPECTED[0m |  | 
0: vision_model.embeddings.class_embedding                        | [38;5;208mUNEXPECTED[0m |  | 
0: vision_model.embeddings.patch_embedding.weight                 | [38;5;208mUNEXPECTED[0m |  | 
0: vision_model.post_layernorm.bias                               | [38;5;208mUNEXPECTED[0m |  | 
0: visual_projection.weight                                       | [38;5;208mUNEXPECTED[0m |  | 
0: vision_model.pre_layrnorm.bias                                 | [38;5;208mUNEXPECTED[0m |  | 
0: logit_scale                                                    | [38;5;208mUNEXPECTED[0m |  | 
0: text_model.embeddings.position_ids                             | [38;5;208mUNEXPECTED[0m |  | 
0: text_projection.weight                                         | [38;5;208mUNEXPECTED[0m |  | 
0: vision_model.pre_layrnorm.weight                               | [38;5;208mUNEXPECTED[0m |  | 
0: 
0: Notes:
0: - [38;5;208mUNEXPECTED:[0m	[3mcan be ignored when loading from different
0:  task/architecture; not ok if you expect identical arch.[0m
0: [1mCLIPTextModel LOAD REPORT[0m from: /iopsstor/scratch/cscs/veichta/rpr-wp3/assets/clip-vit-large-patch14
0: Key                                                            | Status     |  | 
0: ---------------------------------------------------------------+------------+--+-
0: vision_model.encoder.layers.{0...23}.self_attn.q_proj.weight   | [38;5;208mUNEXPECTED[0m |  | 
0: text_projection.weight                                         | [38;5;208mUNEXPECTED[0m |  | 
0: vision_model.encoder.layers.{0...23}.self_attn.v_proj.weight   | [38;5;208mUNEXPECTED[0m |  | 
0: vision_model.encoder.layers.{0...23}.self_attn.out_proj.weight | [38;5;208mUNEXPECTED[0m |  | 
0: vision_model.post_layernorm.bias                               | [38;5;208mUNEXPECTED[0m |  | 
0: vision_model.encoder.layers.{0...23}.self_attn.v_proj.bias     | [38;5;208mUNEXPECTED[0m |  | 
0: vision_model.encoder.layers.{0...23}.layer_norm1.bias          | [38;5;208mUNEXPECTED[0m |  | 
0: vision_model.encoder.layers.{0...23}.mlp.fc1.bias              | [38;5;
0: 208mUNEXPECTED[0m |  | 
0: vision_model.encoder.layers.{0...23}.self_attn.k_proj.weight   | [38;5;208mUNEXPECTED[0m |  | 
0: vision_model.encoder.layers.{0...23}.self_attn.q_proj.bias     | [38;5;208mUNEXPECTED[0m |  | 
0: vision_model.encoder.layers.{0...23}.self_attn.out_proj.bias   | [38;5;208mUNEXPECTED[0m |  | 
0: vision_model.encoder.layers.{0...23}.layer_norm2.bias          | [38;5;208mUNEXPECTED[0m |  | 
0: vision_model.encoder.layers.{0...23}.mlp.fc2.weight            | [38;5;208mUNEXPECTED[0m |  | 
0: vision_model.encoder.layers.{0...23}.self_attn.k_proj.bias     | [38;5;208mUNEXPECTED[0m |  | 
0: vision_model.encoder.layers.{0...23}.layer_norm2.weight        | [38;5;208mUNEXPECTED[0m |  | 
0: vision_model.encoder.layers.{0...23}.mlp.fc1.weight            | [38;5;208mUNEXPECTED[0m |  | 
0: vision_model.encoder.layers.{0...23}.layer_norm1.weight        | [38;5;208mUNEXPECTED[0m |  | 
0: vision_model.encoder.layers.{0...23}.mlp.fc2.bias              | [38;5;208mUNEXPECTED[0m |  | 
0: text_model.embeddings.positio
0: n_ids                             | [38;5;208mUNEXPECTED[0m |  | 
0: logit_scale                                                    | [38;5;208mUNEXPECTED[0m |  | 
0: vision_model.embeddings.patch_embedding.weight                 | [38;5;208mUNEXPECTED[0m |  | 
0: vision_model.pre_layrnorm.weight                               | [38;5;208mUNEXPECTED[0m |  | 
0: vision_model.post_layernorm.weight                             | [38;5;208mUNEXPECTED[0m |  | 
0: vision_model.embeddings.class_embedding                        | [38;5;208mUNEXPECTED[0m |  | 
0: visual_projection.weight                                       | [38;5;208mUNEXPECTED[0m |  | 
0: vision_model.pre_layrnorm.bias                                 | [38;5;208mUNEXPECTED[0m |  | 
0: vision_model.embeddings.position_ids                           | [38;5;208mUNEXPECTED[0m |  | 
0: vision_model.embeddings.position_embedding.weight              | [38;5;208mUNEXPECTED[0m |  | 
0: 
0: Notes:
0: - [38;5;208mUNEXPECTED:[0m	[3mcan be ignored when loading from different
0:  task/architecture; not ok if you expect identical arch.[0m
0: [1mCLIPTextModel LOAD REPORT[0m from: /iopsstor/scratch/cscs/veichta/rpr-wp3/assets/clip-vit-large-patch14
0: Key                                                            | Status     |  | 
0: ---------------------------------------------------------------+------------+--+-
0: vision_model.encoder.layers.{0...23}.self_attn.out_proj.weight | [38;5;208mUNEXPECTED[0m |  | 
0: vision_model.encoder.layers.{0...23}.self_attn.k_proj.bias     | [38;5;208mUNEXPECTED[0m |  | 
0: vision_model.encoder.layers.{0...23}.self_attn.v_proj.weight   | [38;5;208mUNEXPECTED[0m |  | 
0: vision_model.encoder.layers.{0...23}.layer_norm2.weight        | [38;5;208mUNEXPECTED[0m |  | 
0: vision_model.encoder.layers.{0...23}.self_attn.k_proj.weight   | [38;5;208mUNEXPECTED[0m |  | 
0: vision_model.encoder.layers.{0...23}.self_attn.q_proj.weight   | [38;5;208mUNEXPECTED[0m |  | 
0: vision_model.encoder.layers.{0...23}.self_attn.v_proj.bias     | [38;5;208mUNEXPECTED[0m |  | 
0: logit_scale                                                    | [38;5;
0: 208mUNEXPECTED[0m |  | 
0: vision_model.encoder.layers.{0...23}.layer_norm2.bias          | [38;5;208mUNEXPECTED[0m |  | 
0: vision_model.encoder.layers.{0...23}.mlp.fc1.bias              | [38;5;208mUNEXPECTED[0m |  | 
0: vision_model.encoder.layers.{0...23}.mlp.fc1.weight            | [38;5;208mUNEXPECTED[0m |  | 
0: vision_model.encoder.layers.{0...23}.mlp.fc2.weight            | [38;5;208mUNEXPECTED[0m |  | 
0: vision_model.encoder.layers.{0...23}.self_attn.q_proj.bias     | [38;5;208mUNEXPECTED[0m |  | 
0: vision_model.encoder.layers.{0...23}.layer_norm1.bias          | [38;5;208mUNEXPECTED[0m |  | 
0: vision_model.encoder.layers.{0...23}.mlp.fc2.bias              | [38;5;208mUNEXPECTED[0m |  | 
0: vision_model.encoder.layers.{0...23}.self_attn.out_proj.bias   | [38;5;208mUNEXPECTED[0m |  | 
0: vision_model.encoder.layers.{0...23}.layer_norm1.weight        | [38;5;208mUNEXPECTED[0m |  | 
0: vision_model.pre_layrnorm.bias                                 | [38;5;208mUNEXPECTED[0m |  | 
0: text_model.embeddings.positio
0: n_ids                             | [38;5;208mUNEXPECTED[0m |  | 
0: vision_model.post_layernorm.bias                               | [38;5;208mUNEXPECTED[0m |  | 
0: vision_model.embeddings.position_embedding.weight              | [38;5;208mUNEXPECTED[0m |  | 
0: vision_model.post_layernorm.weight                             | [38;5;208mUNEXPECTED[0m |  | 
0: vision_model.embeddings.patch_embedding.weight                 | [38;5;208mUNEXPECTED[0m |  | 
0: vision_model.embeddings.class_embedding                        | [38;5;208mUNEXPECTED[0m |  | 
0: text_projection.weight                                         | [38;5;208mUNEXPECTED[0m |  | 
0: vision_model.pre_layrnorm.weight                               | [38;5;208mUNEXPECTED[0m |  | 
0: vision_model.embeddings.position_ids                           | [38;5;208mUNEXPECTED[0m |  | 
0: visual_projection.weight                                       | [38;5;208mUNEXPECTED[0m |  | 
0: 
0: Notes:
0: - [38;5;208mUNEXPECTED:[0m	[3mcan be ignored when loading from different
0:  task/architecture; not ok if you expect identical arch.[0m
0: [1mCLIPTextModel LOAD REPORT[0m from: /iopsstor/scratch/cscs/veichta/rpr-wp3/assets/clip-vit-large-patch14
0: Key                                                            | Status     |  | 
0: ---------------------------------------------------------------+------------+--+-
0: vision_model.encoder.layers.{0...23}.mlp.fc2.weight            | [38;5;208mUNEXPECTED[0m |  | 
0: vision_model.encoder.layers.{0...23}.self_attn.k_proj.weight   | [38;5;208mUNEXPECTED[0m |  | 
0: vision_model.encoder.layers.{0...23}.layer_norm1.weight        | [38;5;208mUNEXPECTED[0m |  | 
0: vision_model.encoder.layers.{0...23}.mlp.fc2.bias              | [38;5;208mUNEXPECTED[0m |  | 
0: vision_model.encoder.layers.{0...23}.mlp.fc1.bias              | [38;5;208mUNEXPECTED[0m |  | 
0: vision_model.pre_layrnorm.bias                                 | [38;5;208mUNEXPECTED[0m |  | 
0: text_projection.weight                                         | [38;5;208mUNEXPECTED[0m |  | 
0: vision_mode
0: l.encoder.layers.{0...23}.self_attn.q_proj.weight   | [38;5;208mUNEXPECTED[0m |  | 
0: vision_model.encoder.layers.{0...23}.self_attn.out_proj.bias   | [38;5;208mUNEXPECTED[0m |  | 
0: vision_model.encoder.layers.{0...23}.self_attn.k_proj.bias     | [38;5;208mUNEXPECTED[0m |  | 
0: vision_model.encoder.layers.{0...23}.layer_norm2.bias          | [38;5;208mUNEXPECTED[0m |  | 
0: vision_model.encoder.layers.{0...23}.layer_norm2.weight        | [38;5;208mUNEXPECTED[0m |  | 
0: vision_model.encoder.layers.{0...23}.self_attn.v_proj.weight   | [38;5;208mUNEXPECTED[0m |  | 
0: vision_model.encoder.layers.{0...23}.layer_norm1.bias          | [38;5;208mUNEXPECTED[0m |  | 
0: vision_model.encoder.layers.{0...23}.self_attn.v_proj.bias     | [38;5;208mUNEXPECTED[0m |  | 
0: vision_model.encoder.layers.{0...23}.self_attn.out_proj.weight | [38;5;208mUNEXPECTED[0m |  | 
0: vision_model.encoder.layers.{0...23}.mlp.fc1.weight            | [38;5;208mUNEXPECTED[0m |  | 
0: vision_model.encoder.layers.{0...23}.self_attn.q_proj.bias     | 
0: [38;5;208mUNEXPECTED[0m |  | 
0: vision_model.post_layernorm.weight                             | [38;5;208mUNEXPECTED[0m |  | 
0: text_model.embeddings.position_ids                             | [38;5;208mUNEXPECTED[0m |  | 
0: vision_model.embeddings.patch_embedding.weight                 | [38;5;208mUNEXPECTED[0m |  | 
0: vision_model.pre_layrnorm.weight                               | [38;5;208mUNEXPECTED[0m |  | 
0: vision_model.embeddings.position_ids                           | [38;5;208mUNEXPECTED[0m |  | 
0: logit_scale                                                    | [38;5;208mUNEXPECTED[0m |  | 
0: visual_projection.weight                                       | [38;5;208mUNEXPECTED[0m |  | 
0: vision_model.embeddings.class_embedding                        | [38;5;208mUNEXPECTED[0m |  | 
0: vision_model.embeddings.position_embedding.weight              | [38;5;208mUNEXPECTED[0m |  | 
0: vision_model.post_layernorm.bias                               | [38;5;208mUNEXPECTED[0m |  | 
0: 
0: Notes:
0: - [38;5;208mU
0: NEXPECTED:[0m	[3mcan be ignored when loading from different task/architecture; not ok if you expect identical arch.[0m
1: Loading weights:   0%|          | 0/196 [00:00<?, ?it/s]
1: Loading weights:   0%|          | 0/196 [00:00<?, ?it/s]
1: Loading weights:   0%|          | 0/196 [00:00<?, ?it/s]
1: Loading weights:   0%|          | 0/196 [00:00<?, ?it/s]
1: Loading weights: 100%|██████████| 196/196 [00:00<00:00, 3053.80it/s]
1: Loading weights: 100%|██████████| 196/196 [00:00<00:00, 2993.13it/s]
1: 
1: Loading weights: 100%|██████████| 196/196 [00:00<00:00, 2997.80it/s]
1: Loading weights: 100%|██████████| 196/196 [00:00<00:00, 3325.03it/s]
1: [1mCLIPTextModel LOAD REPORT[0m from: /iopsstor/scratch/cscs/veichta/rpr-wp3/assets/clip-vit-large-patch14
1: Key                                                            | Status     |  | 
1: ---------------------------------------------------------------+------------+--+-
1: vision_model.encoder.layers.{0...23}.layer_norm1.weight        | [38;5;208mUNEXPECTED[0m |  | 
1: vision_model.encoder.layers.{0...23}.self_attn.k_proj.bias     | [38;5;208mUNEXPECTED[0m |  | 
1: vision_model.encoder.layers.{0...23}.self_attn.q_proj.weight   | [38;5;208mUNEXPECTED[0m |  | 
1: vision_model.encoder.layers.{0...23}.mlp.fc1.bias              | [38;5;208mUNEXPECTED[0m |  | 
1: vision_model.encoder.layers.{0...23}.self_attn.k_proj.weight   | [38;5;208mUNEXPECTED[0m |  | 
1: vision_model.encoder.layers.{0...23}.self_attn.q_proj.bias     | [38;5;208mUNEXPECTED[0m |  | 
1: vision_model.encoder.layers.{0...23}.mlp.fc2.bias              | [38;5;208mUNEXPECTED[0m |  | 
1: vision_model.encoder.layers.{0...23}.self_attn.v_proj.bias     | [38;5;
1: 208mUNEXPECTED[0m |  | 
1: vision_model.encoder.layers.{0...23}.layer_norm2.weight        | [38;5;208mUNEXPECTED[0m |  | 
1: vision_model.encoder.layers.{0...23}.self_attn.v_proj.weight   | [38;5;208mUNEXPECTED[0m |  | 
1: vision_model.encoder.layers.{0...23}.self_attn.out_proj.bias   | [38;5;208mUNEXPECTED[0m |  | 
1: logit_scale                                                    | [38;5;208mUNEXPECTED[0m |  | 
1: visual_projection.weight                                       | [38;5;208mUNEXPECTED[0m |  | 
1: vision_model.encoder.layers.{0...23}.layer_norm1.bias          | [38;5;208mUNEXPECTED[0m |  | 
1: vision_model.encoder.layers.{0...23}.mlp.fc1.weight            | [38;5;208mUNEXPECTED[0m |  | 
1: vision_model.encoder.layers.{0...23}.layer_norm2.bias          | [38;5;208mUNEXPECTED[0m |  | 
1: vision_model.encoder.layers.{0...23}.self_attn.out_proj.weight | [38;5;208mUNEXPECTED[0m |  | 
1: vision_model.embeddings.position_ids                           | [38;5;208mUNEXPECTED[0m |  | 
1: vision_model.encoder.layers.{
1: 0...23}.mlp.fc2.weight            | [38;5;208mUNEXPECTED[0m |  | 
1: vision_model.post_layernorm.weight                             | [38;5;208mUNEXPECTED[0m |  | 
1: vision_model.pre_layrnorm.bias                                 | [38;5;208mUNEXPECTED[0m |  | 
1: text_model.embeddings.position_ids                             | [38;5;208mUNEXPECTED[0m |  | 
1: vision_model.embeddings.patch_embedding.weight                 | [38;5;208mUNEXPECTED[0m |  | 
1: vision_model.embeddings.class_embedding                        | [38;5;208mUNEXPECTED[0m |  | 
1: text_projection.weight                                         | [38;5;208mUNEXPECTED[0m |  | 
1: vision_model.embeddings.position_embedding.weight              | [38;5;208mUNEXPECTED[0m |  | 
1: vision_model.post_layernorm.bias                               | [38;5;208mUNEXPECTED[0m |  | 
1: vision_model.pre_layrnorm.weight                               | [38;5;208mUNEXPECTED[0m |  | 
1: 
1: Notes:
1: - [38;5;208mUNEXPECTED:[0m	[3mcan be ignored when loading from different
1:  task/architecture; not ok if you expect identical arch.[0m
1: [1mCLIPTextModel LOAD REPORT[0m from: /iopsstor/scratch/cscs/veichta/rpr-wp3/assets/clip-vit-large-patch14
1: Key                                                            | Status     |  | 
1: ---------------------------------------------------------------+------------+--+-
1: vision_model.encoder.layers.{0...23}.self_attn.v_proj.bias     | [38;5;208mUNEXPECTED[0m |  | 
1: vision_model.encoder.layers.{0...23}.self_attn.k_proj.bias     | [38;5;208mUNEXPECTED[0m |  | 
1: vision_model.encoder.layers.{0...23}.layer_norm2.weight        | [38;5;208mUNEXPECTED[0m |  | 
1: vision_model.encoder.layers.{0...23}.layer_norm1.weight        | [38;5;208mUNEXPECTED[0m |  | 
1: vision_model.encoder.layers.{0...23}.mlp.fc1.weight            | [38;5;208mUNEXPECTED[0m |  | 
1: vision_model.encoder.layers.{0...23}.self_attn.v_proj.weight   | [38;5;208mUNEXPECTED[0m |  | 
1: vision_model.encoder.layers.{0...23}.self_attn.k_proj.weight   | [38;5;208mUNEXPECTED[0m |  | 
1: vision_model.encoder.layers.{0...23}.self_attn.q_proj.bias     | [38;5;
1: 208mUNEXPECTED[0m |  | 
1: vision_model.encoder.layers.{0...23}.self_attn.q_proj.weight   | [38;5;208mUNEXPECTED[0m |  | 
1: vision_model.encoder.layers.{0...23}.layer_norm2.bias          | [38;5;208mUNEXPECTED[0m |  | 
1: vision_model.encoder.layers.{0...23}.mlp.fc1.bias              | [38;5;208mUNEXPECTED[0m |  | 
1: vision_model.encoder.layers.{0...23}.layer_norm1.bias          | [38;5;208mUNEXPECTED[0m |  | 
1: vision_model.encoder.layers.{0...23}.self_attn.out_proj.bias   | [38;5;208mUNEXPECTED[0m |  | 
1: vision_model.encoder.layers.{0...23}.mlp.fc2.bias              | [38;5;208mUNEXPECTED[0m |  | 
1: vision_model.encoder.layers.{0...23}.mlp.fc2.weight            | [38;5;208mUNEXPECTED[0m |  | 
1: vision_model.pre_layrnorm.weight                               | [38;5;208mUNEXPECTED[0m |  | 
1: vision_model.encoder.layers.{0...23}.self_attn.out_proj.weight | [38;5;208mUNEXPECTED[0m |  | 
1: logit_scale                                                    | [38;5;208mUNEXPECTED[0m |  | 
1: vision_model.pre_layrnorm.bia
1: s                                 | [38;5;208mUNEXPECTED[0m |  | 
1: vision_model.embeddings.patch_embedding.weight                 | [38;5;208mUNEXPECTED[0m |  | 
1: vision_model.post_layernorm.weight                             | [38;5;208mUNEXPECTED[0m |  | 
1: vision_model.embeddings.position_ids                           | [38;5;208mUNEXPECTED[0m |  | 
1: vision_model.embeddings.position_embedding.weight              | [38;5;208mUNEXPECTED[0m |  | 
1: text_projection.weight                                         | [38;5;208mUNEXPECTED[0m |  | 
1: text_model.embeddings.position_ids                             | [38;5;208mUNEXPECTED[0m |  | 
1: vision_model.post_layernorm.bias                               | [38;5;208mUNEXPECTED[0m |  | 
1: vision_model.embeddings.class_embedding                        | [38;5;208mUNEXPECTED[0m |  | 
1: visual_projection.weight                                       | [38;5;208mUNEXPECTED[0m |  | 
1: 
1: Notes:
1: - [38;5;208mUNEXPECTED:[0m	[3mcan be ignored when loading from different
1:  task/architecture; not ok if you expect identical arch.[0m
1: [1mCLIPTextModel LOAD REPORT[0m from: /iopsstor/scratch/cscs/veichta/rpr-wp3/assets/clip-vit-large-patch14
1: Key                                                            | Status     |  | 
1: ---------------------------------------------------------------+------------+--+-
1: vision_model.encoder.layers.{0...23}.mlp.fc1.bias              | [38;5;208mUNEXPECTED[0m |  | 
1: vision_model.encoder.layers.{0...23}.self_attn.v_proj.bias     | [38;5;208mUNEXPECTED[0m |  | 
1: vision_model.encoder.layers.{0...23}.self_attn.q_proj.bias     | [38;5;208mUNEXPECTED[0m |  | 
1: vision_model.encoder.layers.{0...23}.mlp.fc2.bias              | [38;5;208mUNEXPECTED[0m |  | 
1: vision_model.encoder.layers.{0...23}.self_attn.q_proj.weight   | [38;5;208mUNEXPECTED[0m |  | 
1: vision_model.encoder.layers.{0...23}.layer_norm1.bias          | [38;5;208mUNEXPECTED[0m |  | 
1: vision_model.encoder.layers.{0...23}.layer_norm2.weight        | [38;5;208mUNEXPECTED[0m |  | 
1: vision_model.encoder.layers.{0...23}.mlp.fc2.weight            | [38;5;
1: 208mUNEXPECTED[0m |  | 
1: vision_model.encoder.layers.{0...23}.self_attn.v_proj.weight   | [38;5;208mUNEXPECTED[0m |  | 
1: vision_model.encoder.layers.{0...23}.self_attn.k_proj.weight   | [38;5;208mUNEXPECTED[0m |  | 
1: vision_model.encoder.layers.{0...23}.layer_norm1.weight        | [38;5;208mUNEXPECTED[0m |  | 
1: vision_model.encoder.layers.{0...23}.layer_norm2.bias          | [38;5;208mUNEXPECTED[0m |  | 
1: vision_model.encoder.layers.{0...23}.self_attn.out_proj.weight | [38;5;208mUNEXPECTED[0m |  | 
1: vision_model.encoder.layers.{0...23}.self_attn.out_proj.bias   | [38;5;208mUNEXPECTED[0m |  | 
1: vision_model.encoder.layers.{0...23}.self_attn.k_proj.bias     | [38;5;208mUNEXPECTED[0m |  | 
1: vision_model.encoder.layers.{0...23}.mlp.fc1.weight            | [38;5;208mUNEXPECTED[0m |  | 
1: vision_model.embeddings.position_ids                           | [38;5;208mUNEXPECTED[0m |  | 
1: vision_model.post_layernorm.weight                             | [38;5;208mUNEXPECTED[0m |  | 
1: vision_model.pre_layrnorm.bia
1: s                                 | [38;5;208mUNEXPECTED[0m |  | 
1: visual_projection.weight                                       | [38;5;208mUNEXPECTED[0m |  | 
1: vision_model.embeddings.class_embedding                        | [38;5;208mUNEXPECTED[0m |  | 
1: text_projection.weight                                         | [38;5;208mUNEXPECTED[0m |  | 
1: vision_model.embeddings.position_embedding.weight              | [38;5;208mUNEXPECTED[0m |  | 
1: logit_scale                                                    | [38;5;208mUNEXPECTED[0m |  | 
1: vision_model.embeddings.patch_embedding.weight                 | [38;5;208mUNEXPECTED[0m |  | 
1: vision_model.post_layernorm.bias                               | [38;5;208mUNEXPECTED[0m |  | 
1: text_model.embeddings.position_ids                             | [38;5;208mUNEXPECTED[0m |  | 
1: vision_model.pre_layrnorm.weight                               | [38;5;208mUNEXPECTED[0m |  | 
1: 
1: Notes:
1: - [38;5;208mUNEXPECTED:[0m	[3mcan be ignored when loading from different
1:  task/architecture; not ok if you expect identical arch.[0m
1: [1mCLIPTextModel LOAD REPORT[0m from: /iopsstor/scratch/cscs/veichta/rpr-wp3/assets/clip-vit-large-patch14
1: Key                                                            | Status     |  | 
1: ---------------------------------------------------------------+------------+--+-
1: vision_model.encoder.layers.{0...23}.self_attn.q_proj.weight   | [38;5;208mUNEXPECTED[0m |  | 
1: vision_model.encoder.layers.{0...23}.self_attn.v_proj.bias     | [38;5;208mUNEXPECTED[0m |  | 
1: vision_model.encoder.layers.{0...23}.layer_norm1.bias          | [38;5;208mUNEXPECTED[0m |  | 
1: vision_model.encoder.layers.{0...23}.mlp.fc2.bias              | [38;5;208mUNEXPECTED[0m |  | 
1: vision_model.encoder.layers.{0...23}.self_attn.k_proj.weight   | [38;5;208mUNEXPECTED[0m |  | 
1: vision_model.encoder.layers.{0...23}.self_attn.q_proj.bias     | [38;5;208mUNEXPECTED[0m |  | 
1: vision_model.encoder.layers.{0...23}.self_attn.out_proj.bias   | [38;5;208mUNEXPECTED[0m |  | 
1: vision_model.encoder.layers.{0...23}.mlp.fc1.bias              | [38;5;
1: 208mUNEXPECTED[0m |  | 
1: vision_model.pre_layrnorm.bias                                 | [38;5;208mUNEXPECTED[0m |  | 
1: vision_model.encoder.layers.{0...23}.self_attn.v_proj.weight   | [38;5;208mUNEXPECTED[0m |  | 
1: vision_model.encoder.layers.{0...23}.mlp.fc1.weight            | [38;5;208mUNEXPECTED[0m |  | 
1: vision_model.encoder.layers.{0...23}.self_attn.k_proj.bias     | [38;5;208mUNEXPECTED[0m |  | 
1: vision_model.encoder.layers.{0...23}.layer_norm2.bias          | [38;5;208mUNEXPECTED[0m |  | 
1: vision_model.encoder.layers.{0...23}.mlp.fc2.weight            | [38;5;208mUNEXPECTED[0m |  | 
1: vision_model.encoder.layers.{0...23}.layer_norm1.weight        | [38;5;208mUNEXPECTED[0m |  | 
1: logit_scale                                                    | [38;5;208mUNEXPECTED[0m |  | 
1: vision_model.encoder.layers.{0...23}.self_attn.out_proj.weight | [38;5;208mUNEXPECTED[0m |  | 
1: vision_model.encoder.layers.{0...23}.layer_norm2.weight        | [38;5;208mUNEXPECTED[0m |  | 
1: text_model.embeddings.positio
1: n_ids                             | [38;5;208mUNEXPECTED[0m |  | 
1: vision_model.embeddings.class_embedding                        | [38;5;208mUNEXPECTED[0m |  | 
1: text_projection.weight                                         | [38;5;208mUNEXPECTED[0m |  | 
1: vision_model.embeddings.position_embedding.weight              | [38;5;208mUNEXPECTED[0m |  | 
1: vision_model.post_layernorm.bias                               | [38;5;208mUNEXPECTED[0m |  | 
1: vision_model.pre_layrnorm.weight                               | [38;5;208mUNEXPECTED[0m |  | 
1: visual_projection.weight                                       | [38;5;208mUNEXPECTED[0m |  | 
1: vision_model.post_layernorm.weight                             | [38;5;208mUNEXPECTED[0m |  | 
1: vision_model.embeddings.position_ids                           | [38;5;208mUNEXPECTED[0m |  | 
1: vision_model.embeddings.patch_embedding.weight                 | [38;5;208mUNEXPECTED[0m |  | 
1: 
1: Notes:
1: - [38;5;208mUNEXPECTED:[0m	[3mcan be ignored when loading from different
1:  task/architecture; not ok if you expect identical arch.[0m
0: FuturePredictor trainable params: 260.6M
0: Student DA3 + head + predictor trainable params: 1033.5M
0: Unified DA3 GT depth loss enabled: type=da3_style lambda_depth=0.0500 depth_grad_weight=1.0000 lambda_depth_conf=0.2000 lambda_ray=0.0000 lambda_point=0.0000 lambda_camera_pose=0.0000
0: Unified GT depth decode chunk size: 1
0: Unified GT depth decode context: full_sequence future_steps=0
0: Wrapped model in DDP (world_size=8)
0: Optimizer: backbone_lr=5.0e-05, head_lr=5.0e-04 (10x), predictor_lr=1.0e-05 (0.2x), wd=0.0000, adam_eps=1.0e-06, betas=(0.9000, 0.9990)
0: Schedule: cosine decay, warmup=500 steps, max=1200 steps, min_lr_ratio=0.010
0: DDP gradient accumulation: grad_accum_steps=2 no_sync_non_boundary=True
0: LiberoHDF5SequenceDataset [train]: 1 samples from 1 files fps=20.0->20.00Hz chunk_size=8 random_stride=False cameras=['agentview_rgb', 'eye_in_hand_rgb'] uniform_action_sampling=False hdf5_mask=off da3_input_rotate180=True da3_input_hflip=True da3_input_vflip=False gt_depth_rotate180=True gt_depth_hflip=True gt_depth_vflip=False gt_depth=embedded_hdf5 noop_filter=off action_frame=base proprio_orientation=axis_angle openpi_libero_augment=False image_aug_profile=legacy jpeg_train=False@q95 jpeg_eval=False@q95
0: Dataset build [train] size=1 elapsed=0.0s max_episodes=None eval_max_episodes=None batch_size=3
0: Dataset virtual epoch [train] physical_size=1 virtual_size=4800 min_batches_per_rank=200
0: LiberoHDF5SequenceDataset [train]: 1 samples from 1 files fps=20.0->20.00Hz chunk_size=8 random_stride=False cameras=['agentview_rgb', 'eye_in_hand_rgb'] uniform_action_sampling=False hdf5_mask=off da3_input_rotate180=True da3_input_hflip=True da3_input_vflip=False gt_depth_rotate180=True gt_depth_hflip=True gt_depth_vflip=False gt_depth=embedded_hdf5 noop_filter=off action_frame=base proprio_orientation=axis_angle openpi_libero_augment=False image_aug_profile=legacy jpeg_train=False@q95 jpeg_eval=False@q95
0: LiberoHDF5SequenceDataset [train]: 1 samples from 1 files fps=20.0->20.00Hz chunk_size=8 random_stride=False cameras=['agentview_rgb', 'eye_in_hand_rgb'] uniform_action_sampling=False hdf5_mask=off da3_input_rotate180=True da3_input_hflip=True da3_input_vflip=False gt_depth_rotate180=True gt_depth_hflip=True gt_depth_vflip=False gt_depth=embedded_hdf5 noop_filter=off action_frame=base proprio_orientation=axis_angle openpi_libero_augment=False image_aug_profile=legacy jpeg_train=False@q95 jpeg_eval=False@q95
0: Skipping eval dataset build (eval_every=999999)
0: LiberoHDF5SequenceDataset [train]: 1 samples from 1 files fps=20.0->20.00Hz chunk_size=8 random_stride=False cameras=['agentview_rgb', 'eye_in_hand_rgb'] uniform_action_sampling=False hdf5_mask=off da3_input_rotate180=True da3_input_hflip=True da3_input_vflip=False gt_depth_rotate180=True gt_depth_hflip=True gt_depth_vflip=False gt_depth=embedded_hdf5 noop_filter=off action_frame=base proprio_orientation=axis_angle openpi_libero_augment=False image_aug_profile=legacy jpeg_train=False@q95 jpeg_eval=False@q95
0: Syncing action-stats-dir-create normalizer stats across 8 ranks
1: LiberoHDF5SequenceDataset [train]: 1 samples from 1 files fps=20.0->20.00Hz chunk_size=8 random_stride=False cameras=['agentview_rgb', 'eye_in_hand_rgb'] uniform_action_sampling=False hdf5_mask=off da3_input_rotate180=True da3_input_hflip=True da3_input_vflip=False gt_depth_rotate180=True gt_depth_hflip=True gt_depth_vflip=False gt_depth=embedded_hdf5 noop_filter=off action_frame=base proprio_orientation=axis_angle openpi_libero_augment=False image_aug_profile=legacy jpeg_train=False@q95 jpeg_eval=False@q95
1: LiberoHDF5SequenceDataset [train]: 1 samples from 1 files fps=20.0->20.00Hz chunk_size=8 random_stride=False cameras=['agentview_rgb', 'eye_in_hand_rgb'] uniform_action_sampling=False hdf5_mask=off da3_input_rotate180=True da3_input_hflip=True da3_input_vflip=False gt_depth_rotate180=True gt_depth_hflip=True gt_depth_vflip=False gt_depth=embedded_hdf5 noop_filter=off action_frame=base proprio_orientation=axis_angle openpi_libero_augment=False image_aug_profile=legacy jpeg_train=False@q95 jpeg_eval=False@q95
1: LiberoHDF5SequenceDataset [train]: 1 samples from 1 files fps=20.0->20.00Hz chunk_size=8 random_stride=False cameras=['agentview_rgb', 'eye_in_hand_rgb'] uniform_action_sampling=False hdf5_mask=off da3_input_rotate180=True da3_input_hflip=True da3_input_vflip=False gt_depth_rotate180=True gt_depth_hflip=True gt_depth_vflip=False gt_depth=embedded_hdf5 noop_filter=off action_frame=base proprio_orientation=axis_angle openpi_libero_augment=False image_aug_profile=legacy jpeg_train=False@q95 jpeg_eval=False@q95
1: LiberoHDF5SequenceDataset [train]: 1 samples from 1 files fps=20.0->20.00Hz chunk_size=8 random_stride=False cameras=['agentview_rgb', 'eye_in_hand_rgb'] uniform_action_sampling=False hdf5_mask=off da3_input_rotate180=True da3_input_hflip=True da3_input_vflip=False gt_depth_rotate180=True gt_depth_hflip=True gt_depth_vflip=False gt_depth=embedded_hdf5 noop_filter=off action_frame=base proprio_orientation=axis_angle openpi_libero_augment=False image_aug_profile=legacy jpeg_train=False@q95 jpeg_eval=False@q95
0: Loading action normalizer from /iopsstor/scratch/cscs/veichta/rpr-wp3/code/gam/data/libero_noop/_stats for 1 datasets (target_hz=None, per_ds_hz={'libero_hdf5': 20.0})
0: Action normalizer stats keys: ['libero_hdf5']
0: Syncing proprio-stats-dir-create normalizer stats across 8 ranks
0: Loading proprio normalizer from /iopsstor/scratch/cscs/veichta/rpr-wp3/code/gam/data/libero_noop/_stats for 1 datasets
0: Proprio normalizer stats keys: ['libero_hdf5']
0: Action stats: libero_hdf5: mean=[0.19519999623298645, 0.0778999999165535, -0.18369999527931213, 0.007799999788403511, -0.0010999999940395355, -0.055399999022483826, 0.6625000238418579] std=[0.4471000134944916, 0.2110999971628189, 0.6069999933242798, 0.031199999153614044, 0.0714000016450882, 0.07109999656677246, 0.47279998660087585]
0: Action stats: libero_hdf5: mean=[0.19519999623298645, 0.0778999999165535, -0.18369999527931213, 0.007799999788403511, -0.0010999999940395355, -0.055399999022483826, 0.6625000238418579] std=[0.4471000134944916, 0.2110999971628189, 0.6069999933242798, 0.031199999153614044, 0.0714000016450882, 0.07109999656677246, 0.47279998660087585]
0: ======================================================================
0: TRAINING CONFIGURATION
0: ======================================================================
0: Action stats: libero_hdf5: mean=[0.19519999623298645, 0.0778999999165535, -0.18369999527931213, 0.007799999788403511, -0.0010999999940395355, -0.055399999022483826, 0.6625000238418579] std=[0.4471000134944916, 0.2110999971628189, 0.6069999933242798, 0.031199999153614044, 0.0714000016450882, 0.07109999656677246, 0.47279998660087585]
0:   target_hz: None
0:   libero_hdf5                     native=20fps  action_stride=1  visual_anchor_stride=8  chunk=8  labels/sample=64  effective=20.0Hz  max_stride=1
0:   action normalizer: 1 datasets, stats_keys=['libero_hdf5']
0:   action normalizer unit: per policy action after action_stride aggregation; chunk_size groups multiple normalized 7D policy actions under one visual anchor.
0:   action_head chunk_position_encoding: learned
0:   samples=4800  batch=3  epochs=500000  batches/epoch=200
0: ======================================================================
1: Action stats: libero_hdf5: mean=[0.19519999623298645, 0.0778999999165535, -0.18369999527931213, 0.007799999788403511, -0.0010999999940395355, -0.055399999022483826, 0.6625000238418579] std=[0.4471000134944916, 0.2110999971628189, 0.6069999933242798, 0.031199999153614044, 0.0714000016450882, 0.07109999656677246, 0.47279998660087585]
1: Action stats: libero_hdf5: mean=[0.19519999623298645, 0.0778999999165535, -0.18369999527931213, 0.007799999788403511, -0.0010999999940395355, -0.055399999022483826, 0.6625000238418579] std=[0.4471000134944916, 0.2110999971628189, 0.6069999933242798, 0.031199999153614044, 0.0714000016450882, 0.07109999656677246, 0.47279998660087585]
1: Action stats: libero_hdf5: mean=[0.19519999623298645, 0.0778999999165535, -0.18369999527931213, 0.007799999788403511, -0.0010999999940395355, -0.055399999022483826, 0.6625000238418579] std=[0.4471000134944916, 0.2110999971628189, 0.6069999933242798, 0.031199999153614044, 0.0714000016450882, 0.07109999656677246, 0.47279998660087585]
1: Action stats: libero_hdf5: mean=[0.19519999623298645, 0.0778999999165535, -0.18369999527931213, 0.007799999788403511, -0.0010999999940395355, -0.055399999022483826, 0.6625000238418579] std=[0.4471000134944916, 0.2110999971628189, 0.6069999933242798, 0.031199999153614044, 0.0714000016450882, 0.07109999656677246, 0.47279998660087585]
0: Action stats: libero_hdf5: mean=[0.19519999623298645, 0.0778999999165535, -0.18369999527931213, 0.007799999788403511, -0.0010999999940395355, -0.055399999022483826, 0.6625000238418579] std=[0.4471000134944916, 0.2110999971628189, 0.6069999933242798, 0.031199999153614044, 0.0714000016450882, 0.07109999656677246, 0.47279998660087585]
0: [data-wait step=0000010 rank=0] wait=0.00s threshold=20.00s epoch_batch=19 datasets=libero_hdf5:3 stats=libero_hdf5:3 views=2:3 valid=1.000 cameras=agentview_rgb+eye_in_hand_rgb:3 episodes=0-0 start_t=2-14 frames=2-70
0: [data-wait step=0000010 rank=0] wait=0.00s threshold=20.00s epoch_batch=20 datasets=libero_hdf5:3 stats=libero_hdf5:3 views=2:3 valid=1.000 cameras=agentview_rgb+eye_in_hand_rgb:3 episodes=0-0 start_t=10-20 frames=10-76
0: [step=0000010] total=3.5718 action_l1=0.9002 feat=0.8394 depth=0.6385 ray=0.0000 point=0.0000 rel@1/5/10=0.000/0.107/0.274 mse=0.19419 s/step=2.847 lr=1.0e-06/1.0e-05
0: [data-wait step=0000020 rank=0] wait=0.00s threshold=20.00s epoch_batch=39 datasets=libero_hdf5:3 stats=libero_hdf5:3 views=2:3 valid=1.000 cameras=agentview_rgb+eye_in_hand_rgb:3 episodes=0-0 start_t=3-27 frames=3-83
0: [data-wait step=0000020 rank=0] wait=0.00s threshold=20.00s epoch_batch=40 datasets=libero_hdf5:3 stats=libero_hdf5:3 views=2:3 valid=1.000 cameras=agentview_rgb+eye_in_hand_rgb:3 episodes=0-0 start_t=17-28 frames=17-84
0: [step=0000020] total=2.8580 action_l1=0.6619 feat=0.8397 depth=0.6507 ray=0.0000 point=0.0000 rel@1/5/10=0.051/0.161/0.321 mse=0.16641 s/step=1.584 lr=2.0e-06/2.0e-05
0: [data-wait step=0000030 rank=0] wait=0.00s threshold=20.00s epoch_batch=59 datasets=libero_hdf5:3 stats=libero_hdf5:3 views=2:3 valid=1.000 cameras=agentview_rgb+eye_in_hand_rgb:3 episodes=0-0 start_t=18-30 frames=18-86
0: [data-wait step=0000030 rank=0] wait=0.00s threshold=20.00s epoch_batch=60 datasets=libero_hdf5:3 stats=libero_hdf5:3 views=2:3 valid=1.000 cameras=agentview_rgb+eye_in_hand_rgb:3 episodes=0-0 start_t=7-22 frames=7-78
0: [step=0000030] total=2.4837 action_l1=0.5375 feat=0.8397 depth=0.6285 ray=0.0000 point=0.0000 rel@1/5/10=0.077/0.286/0.548 mse=0.14091 s/step=1.386 lr=3.0e-06/3.0e-05
0: [data-wait step=0000040 rank=0] wait=0.00s threshold=20.00s epoch_batch=79 datasets=libero_hdf5:3 stats=libero_hdf5:3 views=2:3 valid=1.000 cameras=agentview_rgb+eye_in_hand_rgb:3 episodes=0-0 start_t=5-6 frames=5-62
0: [data-wait step=0000040 rank=0] wait=0.00s threshold=20.00s epoch_batch=80 datasets=libero_hdf5:3 stats=libero_hdf5:3 views=2:3 valid=1.000 cameras=agentview_rgb+eye_in_hand_rgb:3 episodes=0-0 start_t=12-26 frames=12-82
0: [step=0000040] total=2.3793 action_l1=0.5028 feat=0.8392 depth=0.6314 ray=0.0000 point=0.0000 rel@1/5/10=0.089/0.440/0.625 mse=0.11571 s/step=1.695 lr=4.0e-06/4.0e-05
0: [data-wait step=0000050 rank=0] wait=0.00s threshold=20.00s epoch_batch=99 datasets=libero_hdf5:3 stats=libero_hdf5:3 views=2:3 valid=1.000 cameras=agentview_rgb+eye_in_hand_rgb:3 episodes=0-0 start_t=2-30 frames=2-86
0: [data-wait step=0000050 rank=0] wait=0.00s threshold=20.00s epoch_batch=100 datasets=libero_hdf5:3 stats=libero_hdf5:3 views=2:3 valid=1.000 cameras=agentview_rgb+eye_in_hand_rgb:3 episodes=0-0 start_t=22-32 frames=22-88
0: [step=0000050] total=2.3080 action_l1=0.4795 feat=0.8387 depth=0.6176 ray=0.0000 point=0.0000 rel@1/5/10=0.107/0.369/0.548 mse=0.10140 s/step=1.135 lr=5.0e-06/5.0e-05
0: [data-wait step=0000060 rank=0] wait=0.00s threshold=20.00s epoch_batch=119 datasets=libero_hdf5:3 stats=libero_hdf5:3 views=2:3 valid=1.000 cameras=agentview_rgb+eye_in_hand_rgb:3 episodes=0-0 start_t=24-30 frames=24-86
0: [data-wait step=0000060 rank=0] wait=0.00s threshold=20.00s epoch_batch=120 datasets=libero_hdf5:3 stats=libero_hdf5:3 views=2:3 valid=1.000 cameras=agentview_rgb+eye_in_hand_rgb:3 episodes=0-0 start_t=6-33 frames=6-89
0: [step=0000060] total=2.3351 action_l1=0.4887 feat=0.8381 depth=0.6171 ray=0.0000 point=0.0000 rel@1/5/10=0.049/0.271/0.548 mse=0.09778 s/step=1.523 lr=6.0e-06/6.0e-05
0: [data-wait step=0000070 rank=0] wait=0.00s threshold=20.00s epoch_batch=139 datasets=libero_hdf5:3 stats=libero_hdf5:3 views=2:3 valid=1.000 cameras=agentview_rgb+eye_in_hand_rgb:3 episodes=0-0 start_t=1-30 frames=1-86
0: [data-wait step=0000070 rank=0] wait=0.00s threshold=20.00s epoch_batch=140 datasets=libero_hdf5:3 stats=libero_hdf5:3 views=2:3 valid=1.000 cameras=agentview_rgb+eye_in_hand_rgb:3 episodes=0-0 start_t=1-28 frames=1-84
0: [step=0000070] total=2.3895 action_l1=0.5068 feat=0.8374 depth=0.6342 ray=0.0000 point=0.0000 rel@1/5/10=0.081/0.377/0.627 mse=0.06400 s/step=1.797 lr=7.0e-06/7.0e-05
0: [data-wait step=0000080 rank=0] wait=0.00s threshold=20.00s epoch_batch=159 datasets=libero_hdf5:3 stats=libero_hdf5:3 views=2:3 valid=1.000 cameras=agentview_rgb+eye_in_hand_rgb:3 episodes=0-0 start_t=0-32 frames=0-88
0: [data-wait step=0000080 rank=0] wait=0.00s threshold=20.00s epoch_batch=160 datasets=libero_hdf5:3 stats=libero_hdf5:3 views=2:3 valid=1.000 cameras=agentview_rgb+eye_in_hand_rgb:3 episodes=0-0 start_t=10-27 frames=10-83
0: [step=0000080] total=2.4125 action_l1=0.5146 feat=0.8370 depth=0.6341 ray=0.0000 point=0.0000 rel@1/5/10=0.079/0.292/0.499 mse=0.10249 s/step=1.698 lr=8.0e-06/8.0e-05
0: [data-wait step=0000090 rank=0] wait=0.00s threshold=20.00s epoch_batch=179 datasets=libero_hdf5:3 stats=libero_hdf5:3 views=2:3 valid=1.000 cameras=agentview_rgb+eye_in_hand_rgb:3 episodes=0-0 start_t=4-30 frames=4-86
0: [data-wait step=0000090 rank=0] wait=0.00s threshold=20.00s epoch_batch=180 datasets=libero_hdf5:3 stats=libero_hdf5:3 views=2:3 valid=1.000 cameras=agentview_rgb+eye_in_hand_rgb:3 episodes=0-0 start_t=16-33 frames=16-89
0: [step=0000090] total=2.3896 action_l1=0.5083 feat=0.8347 depth=0.6024 ray=0.0000 point=0.0000 rel@1/5/10=0.095/0.393/0.565 mse=0.09368 s/step=1.536 lr=9.0e-06/9.0e-05
0: [data-wait step=0000100 rank=0] wait=0.00s threshold=20.00s epoch_batch=199 datasets=libero_hdf5:3 stats=libero_hdf5:3 views=2:3 valid=1.000 cameras=agentview_rgb+eye_in_hand_rgb:3 episodes=0-0 start_t=16-23 frames=16-79
0: [data-wait step=0000100 rank=0] wait=0.00s threshold=20.00s epoch_batch=200 datasets=libero_hdf5:3 stats=libero_hdf5:3 views=2:3 valid=1.000 cameras=agentview_rgb+eye_in_hand_rgb:3 episodes=0-0 start_t=1-29 frames=1-85
0: [step=0000100] total=2.3123 action_l1=0.4829 feat=0.8341 depth=0.5889 ray=0.0000 point=0.0000 rel@1/5/10=0.033/0.259/0.519 mse=0.08073 s/step=1.688 lr=1.0e-05/1.0e-04
0: [data-wait step=0000110 rank=0] wait=0.00s threshold=20.00s epoch_batch=19 datasets=libero_hdf5:3 stats=libero_hdf5:3 views=2:3 valid=1.000 cameras=agentview_rgb+eye_in_hand_rgb:3 episodes=0-0 start_t=7-18 frames=7-74
0: [data-wait step=0000110 rank=0] wait=0.00s threshold=20.00s epoch_batch=20 datasets=libero_hdf5:3 stats=libero_hdf5:3 views=2:3 valid=1.000 cameras=agentview_rgb+eye_in_hand_rgb:3 episodes=0-0 start_t=17-31 frames=17-87
0: [step=0000110] total=2.2913 action_l1=0.4764 feat=0.8324 depth=0.5941 ray=0.0000 point=0.0000 rel@1/5/10=0.064/0.326/0.600 mse=0.08356 s/step=1.978 lr=1.1e-05/1.1e-04
0: [data-wait step=0000120 rank=0] wait=0.00s threshold=20.00s epoch_batch=39 datasets=libero_hdf5:3 stats=libero_hdf5:3 views=2:3 valid=1.000 cameras=agentview_rgb+eye_in_hand_rgb:3 episodes=0-0 start_t=20-34 frames=20-90
0: [data-wait step=0000120 rank=0] wait=0.00s threshold=20.00s epoch_batch=40 datasets=libero_hdf5:3 stats=libero_hdf5:3 views=2:3 valid=1.000 cameras=agentview_rgb+eye_in_hand_rgb:3 episodes=0-0 start_t=3-27 frames=3-83
0: [step=0000120] total=2.3692 action_l1=0.5031 feat=0.8313 depth=0.5728 ray=0.0000 point=0.0000 rel@1/5/10=0.105/0.349/0.599 mse=0.08027 s/step=1.673 lr=1.2e-05/1.2e-04
0: [data-wait step=0000130 rank=0] wait=0.00s threshold=20.00s epoch_batch=59 datasets=libero_hdf5:3 stats=libero_hdf5:3 views=2:3 valid=1.000 cameras=agentview_rgb+eye_in_hand_rgb:3 episodes=0-0 start_t=0-25 frames=0-81
0: [data-wait step=0000130 rank=0] wait=0.00s threshold=20.00s epoch_batch=60 datasets=libero_hdf5:3 stats=libero_hdf5:3 views=2:3 valid=1.000 cameras=agentview_rgb+eye_in_hand_rgb:3 episodes=0-0 start_t=3-30 frames=3-86
0: [step=0000130] total=2.2024 action_l1=0.4482 feat=0.8287 depth=0.5815 ray=0.0000 point=0.0000 rel@1/5/10=0.058/0.280/0.564 mse=0.07177 s/step=1.609 lr=1.3e-05/1.3e-04
0: [data-wait step=0000140 rank=0] wait=0.00s threshold=20.00s epoch_batch=79 datasets=libero_hdf5:3 stats=libero_hdf5:3 views=2:3 valid=1.000 cameras=agentview_rgb+eye_in_hand_rgb:3 episodes=0-0 start_t=1-9 frames=1-65
0: [data-wait step=0000140 rank=0] wait=0.00s threshold=20.00s epoch_batch=80 datasets=libero_hdf5:3 stats=libero_hdf5:3 views=2:3 valid=1.000 cameras=agentview_rgb+eye_in_hand_rgb:3 episodes=0-0 start_t=11-31 frames=11-87
0: [step=0000140] total=2.1927 action_l1=0.4454 feat=0.8266 depth=0.5963 ray=0.0000 point=0.0000 rel@1/5/10=0.122/0.512/0.765 mse=0.04219 s/step=1.475 lr=1.4e-05/1.4e-04
0: [data-wait step=0000150 rank=0] wait=0.00s threshold=20.00s epoch_batch=99 datasets=libero_hdf5:3 stats=libero_hdf5:3 views=2:3 valid=1.000 cameras=agentview_rgb+eye_in_hand_rgb:3 episodes=0-0 start_t=13-26 frames=13-82
0: [data-wait step=0000150 rank=0] wait=0.00s threshold=20.00s epoch_batch=100 datasets=libero_hdf5:3 stats=libero_hdf5:3 views=2:3 valid=1.000 cameras=agentview_rgb+eye_in_hand_rgb:3 episodes=0-0 start_t=1-28 frames=1-84
0: [step=0000150] total=2.1788 action_l1=0.4421 feat=0.8243 depth=0.5670 ray=0.0000 point=0.0000 rel@1/5/10=0.094/0.429/0.679 mse=0.05680 s/step=1.840 lr=1.5e-05/1.5e-04
0: [data-wait step=0000160 rank=0] wait=0.00s threshold=20.00s epoch_batch=119 datasets=libero_hdf5:3 stats=libero_hdf5:3 views=2:3 valid=1.000 cameras=agentview_rgb+eye_in_hand_rgb:3 episodes=0-0 start_t=3-28 frames=3-84
0: [data-wait step=0000160 rank=0] wait=0.00s threshold=20.00s epoch_batch=120 datasets=libero_hdf5:3 stats=libero_hdf5:3 views=2:3 valid=1.000 cameras=agentview_rgb+eye_in_hand_rgb:3 episodes=0-0 start_t=19-24 frames=19-80
0: [step=0000160] total=2.1874 action_l1=0.4458 feat=0.8211 depth=0.5801 ray=0.0000 point=0.0000 rel@1/5/10=0.086/0.304/0.491 mse=0.09424 s/step=1.703 lr=1.6e-05/1.6e-04
0: [data-wait step=0000170 rank=0] wait=0.00s threshold=20.00s epoch_batch=139 datasets=libero_hdf5:3 stats=libero_hdf5:3 views=2:3 valid=1.000 cameras=agentview_rgb+eye_in_hand_rgb:3 episodes=0-0 start_t=3-16 frames=3-72
0: [data-wait step=0000170 rank=0] wait=0.00s threshold=20.00s epoch_batch=140 datasets=libero_hdf5:3 stats=libero_hdf5:3 views=2:3 valid=1.000 cameras=agentview_rgb+eye_in_hand_rgb:3 episodes=0-0 start_t=23-32 frames=23-88
0: [step=0000170] total=2.0737 action_l1=0.4088 feat=0.8183 depth=0.5809 ray=0.0000 point=0.0000 rel@1/5/10=0.071/0.367/0.722 mse=0.04767 s/step=1.491 lr=1.7e-05/1.7e-04
0: [data-wait step=0000180 rank=0] wait=0.00s threshold=20.00s epoch_batch=159 datasets=libero_hdf5:3 stats=libero_hdf5:3 views=2:3 valid=1.000 cameras=agentview_rgb+eye_in_hand_rgb:3 episodes=0-0 start_t=12-23 frames=12-79
0: [data-wait step=0000180 rank=0] wait=0.00s threshold=20.00s epoch_batch=160 datasets=libero_hdf5:3 stats=libero_hdf5:3 views=2:3 valid=1.000 cameras=agentview_rgb+eye_in_hand_rgb:3 episodes=0-0 start_t=16-27 frames=16-83
0: [step=0000180] total=2.0527 action_l1=0.4033 feat=0.8148 depth=0.5620 ray=0.0000 point=0.0000 rel@1/5/10=0.042/0.232/0.583 mse=0.06400 s/step=1.586 lr=1.8e-05/1.8e-04
0: [data-wait step=0000190 rank=0] wait=0.00s threshold=20.00s epoch_batch=179 datasets=libero_hdf5:3 stats=libero_hdf5:3 views=2:3 valid=1.000 cameras=agentview_rgb+eye_in_hand_rgb:3 episodes=0-0 start_t=8-18 frames=8-74
0: [data-wait step=0000190 rank=0] wait=0.00s threshold=20.00s epoch_batch=180 datasets=libero_hdf5:3 stats=libero_hdf5:3 views=2:3 valid=1.000 cameras=agentview_rgb+eye_in_hand_rgb:3 episodes=0-0 start_t=2-27 frames=2-83
0: [step=0000190] total=1.8985 action_l1=0.3532 feat=0.8121 depth=0.5389 ray=0.0000 point=0.0000 rel@1/5/10=0.077/0.494/0.780 mse=0.03405 s/step=1.740 lr=1.9e-05/1.9e-04
0: [data-wait step=0000200 rank=0] wait=0.00s threshold=20.00s epoch_batch=199 datasets=libero_hdf5:3 stats=libero_hdf5:3 views=2:3 valid=1.000 cameras=agentview_rgb+eye_in_hand_rgb:3 episodes=0-0 start_t=5-31 frames=5-87
0: [data-wait step=0000200 rank=0] wait=0.00s threshold=20.00s epoch_batch=200 datasets=libero_hdf5:3 stats=libero_hdf5:3 views=2:3 valid=1.000 cameras=agentview_rgb+eye_in_hand_rgb:3 episodes=0-0 start_t=10-25 frames=10-81
0: [step=0000200] total=2.0133 action_l1=0.3929 feat=0.8076 depth=0.5411 ray=0.0000 point=0.0000 rel@1/5/10=0.061/0.357/0.618 mse=0.06689 s/step=1.579 lr=2.0e-05/2.0e-04
0: [data-wait step=0000210 rank=0] wait=0.00s threshold=20.00s epoch_batch=19 datasets=libero_hdf5:3 stats=libero_hdf5:3 views=2:3 valid=1.000 cameras=agentview_rgb+eye_in_hand_rgb:3 episodes=0-0 start_t=12-19 frames=12-75
0: [data-wait step=0000210 rank=0] wait=0.00s threshold=20.00s epoch_batch=20 datasets=libero_hdf5:3 stats=libero_hdf5:3 views=2:3 valid=1.000 cameras=agentview_rgb+eye_in_hand_rgb:3 episodes=0-0 start_t=13-33 frames=13-89
0: [step=0000210] total=2.0312 action_l1=0.4000 feat=0.8036 depth=0.5519 ray=0.0000 point=0.0000 rel@1/5/10=0.086/0.363/0.620 mse=0.07117 s/step=1.911 lr=2.1e-05/2.1e-04
0: [data-wait step=0000220 rank=0] wait=0.00s threshold=20.00s epoch_batch=39 datasets=libero_hdf5:3 stats=libero_hdf5:3 views=2:3 valid=1.000 cameras=agentview_rgb+eye_in_hand_rgb:3 episodes=0-0 start_t=1-18 frames=1-74
0: [data-wait step=0000220 rank=0] wait=0.00s threshold=20.00s epoch_batch=40 datasets=libero_hdf5:3 stats=libero_hdf5:3 views=2:3 valid=1.000 cameras=agentview_rgb+eye_in_hand_rgb:3 episodes=0-0 start_t=16-28 frames=16-84
0: [step=0000220] total=1.9350 action_l1=0.3711 feat=0.7983 depth=0.4674 ray=0.0000 point=0.0000 rel@1/5/10=0.119/0.512/0.815 mse=0.03552 s/step=1.703 lr=2.2e-05/2.2e-04
0: [data-wait step=0000230 rank=0] wait=0.00s threshold=20.00s epoch_batch=59 datasets=libero_hdf5:3 stats=libero_hdf5:3 views=2:3 valid=1.000 cameras=agentview_rgb+eye_in_hand_rgb:3 episodes=0-0 start_t=2-28 frames=2-84
0: [data-wait step=0000230 rank=0] wait=0.00s threshold=20.00s epoch_batch=60 datasets=libero_hdf5:3 stats=libero_hdf5:3 views=2:3 valid=1.000 cameras=agentview_rgb+eye_in_hand_rgb:3 episodes=0-0 start_t=1-13 frames=1-69
0: [step=0000230] total=1.8760 action_l1=0.3533 feat=0.7927 depth=0.4649 ray=0.0000 point=0.0000 rel@1/5/10=0.105/0.450/0.761 mse=0.03881 s/step=1.444 lr=2.3e-05/2.3e-04
0: [data-wait step=0000240 rank=0] wait=0.00s threshold=20.00s epoch_batch=79 datasets=libero_hdf5:3 stats=libero_hdf5:3 views=2:3 valid=1.000 cameras=agentview_rgb+eye_in_hand_rgb:3 episodes=0-0 start_t=3-22 frames=3-78
0: [data-wait step=0000240 rank=0] wait=0.00s threshold=20.00s epoch_batch=80 datasets=libero_hdf5:3 stats=libero_hdf5:3 views=2:3 valid=1.000 cameras=agentview_rgb+eye_in_hand_rgb:3 episodes=0-0 start_t=14-30 frames=14-86
0: [step=0000240] total=1.9457 action_l1=0.3783 feat=0.7875 depth=0.4674 ray=0.0000 point=0.0000 rel@1/5/10=0.110/0.524/0.807 mse=0.03538 s/step=1.456 lr=2.4e-05/2.4e-04
0: [data-wait step=0000250 rank=0] wait=0.00s threshold=20.00s epoch_batch=99 datasets=libero_hdf5:3 stats=libero_hdf5:3 views=2:3 valid=1.000 cameras=agentview_rgb+eye_in_hand_rgb:3 episodes=0-0 start_t=14-29 frames=14-85
0: [data-wait step=0000250 rank=0] wait=0.00s threshold=20.00s epoch_batch=100 datasets=libero_hdf5:3 stats=libero_hdf5:3 views=2:3 valid=1.000 cameras=agentview_rgb+eye_in_hand_rgb:3 episodes=0-0 start_t=0-26 frames=0-82
0: [step=0000250] total=1.8094 action_l1=0.3345 feat=0.7814 depth=0.4900 ray=0.0000 point=0.0000 rel@1/5/10=0.086/0.446/0.739 mse=0.05086 s/step=1.616 lr=2.5e-05/2.5e-04
0: [data-wait step=0000260 rank=0] wait=0.00s threshold=20.00s epoch_batch=119 datasets=libero_hdf5:3 stats=libero_hdf5:3 views=2:3 valid=1.000 cameras=agentview_rgb+eye_in_hand_rgb:3 episodes=0-0 start_t=9-30 frames=9-86
0: [data-wait step=0000260 rank=0] wait=0.00s threshold=20.00s epoch_batch=120 datasets=libero_hdf5:3 stats=libero_hdf5:3 views=2:3 valid=1.000 cameras=agentview_rgb+eye_in_hand_rgb:3 episodes=0-0 start_t=6-32 frames=6-88
0: [step=0000260] total=1.8919 action_l1=0.3641 feat=0.7764 depth=0.4627 ray=0.0000 point=0.0000 rel@1/5/10=0.077/0.527/0.783 mse=0.03419 s/step=1.930 lr=2.6e-05/2.6e-04
0: [data-wait step=0000270 rank=0] wait=0.00s threshold=20.00s epoch_batch=139 datasets=libero_hdf5:3 stats=libero_hdf5:3 views=2:3 valid=1.000 cameras=agentview_rgb+eye_in_hand_rgb:3 episodes=0-0 start_t=22-25 frames=22-81
0: [data-wait step=0000270 rank=0] wait=0.00s threshold=20.00s epoch_batch=140 datasets=libero_hdf5:3 stats=libero_hdf5:3 views=2:3 valid=1.000 cameras=agentview_rgb+eye_in_hand_rgb:3 episodes=0-0 start_t=10-19 frames=10-75
0: [step=0000270] total=1.8055 action_l1=0.3386 feat=0.7695 depth=0.4051 ray=0.0000 point=0.0000 rel@1/5/10=0.060/0.369/0.714 mse=0.05925 s/step=1.780 lr=2.7e-05/2.7e-04
0: [data-wait step=0000280 rank=0] wait=0.00s threshold=20.00s epoch_batch=159 datasets=libero_hdf5:3 stats=libero_hdf5:3 views=2:3 valid=1.000 cameras=agentview_rgb+eye_in_hand_rgb:3 episodes=0-0 start_t=16-28 frames=16-84
0: [data-wait step=0000280 rank=0] wait=0.00s threshold=20.00s epoch_batch=160 datasets=libero_hdf5:3 stats=libero_hdf5:3 views=2:3 valid=1.000 cameras=agentview_rgb+eye_in_hand_rgb:3 episodes=0-0 start_t=0-21 frames=0-77
0: [step=0000280] total=1.8403 action_l1=0.3537 feat=0.7609 depth=0.3645 ray=0.0000 point=0.0000 rel@1/5/10=0.065/0.339/0.619 mse=0.07053 s/step=1.634 lr=2.8e-05/2.8e-04
0: [data-wait step=0000290 rank=0] wait=0.00s threshold=20.00s epoch_batch=179 datasets=libero_hdf5:3 stats=libero_hdf5:3 views=2:3 valid=1.000 cameras=agentview_rgb+eye_in_hand_rgb:3 episodes=0-0 start_t=0-34 frames=0-90
0: [data-wait step=0000290 rank=0] wait=0.00s threshold=20.00s epoch_batch=180 datasets=libero_hdf5:3 stats=libero_hdf5:3 views=2:3 valid=1.000 cameras=agentview_rgb+eye_in_hand_rgb:3 episodes=0-0 start_t=14-30 frames=14-86
0: [step=0000290] total=1.8185 action_l1=0.3480 feat=0.7546 depth=0.3946 ray=0.0000 point=0.0000 rel@1/5/10=0.060/0.333/0.619 mse=0.05111 s/step=1.633 lr=2.9e-05/2.9e-04
0: [data-wait step=0000300 rank=0] wait=0.00s threshold=20.00s epoch_batch=199 datasets=libero_hdf5:3 stats=libero_hdf5:3 views=2:3 valid=1.000 cameras=agentview_rgb+eye_in_hand_rgb:3 episodes=0-0 start_t=14-34 frames=14-90
0: [data-wait step=0000300 rank=0] wait=0.00s threshold=20.00s epoch_batch=200 datasets=libero_hdf5:3 stats=libero_hdf5:3 views=2:3 valid=1.000 cameras=agentview_rgb+eye_in_hand_rgb:3 episodes=0-0 start_t=1-34 frames=1-90
0: [step=0000300] total=1.8729 action_l1=0.3698 feat=0.7466 depth=0.3409 ray=0.0000 point=0.0000 rel@1/5/10=0.095/0.449/0.689 mse=0.05835 s/step=1.426 lr=3.0e-05/3.0e-04
0: [data-wait step=0000310 rank=0] wait=0.00s threshold=20.00s epoch_batch=19 datasets=libero_hdf5:3 stats=libero_hdf5:3 views=2:3 valid=1.000 cameras=agentview_rgb+eye_in_hand_rgb:3 episodes=0-0 start_t=2-33 frames=2-89
0: [data-wait step=0000310 rank=0] wait=0.00s threshold=20.00s epoch_batch=20 datasets=libero_hdf5:3 stats=libero_hdf5:3 views=2:3 valid=1.000 cameras=agentview_rgb+eye_in_hand_rgb:3 episodes=0-0 start_t=5-28 frames=5-84
0: [step=0000310] total=1.7744 action_l1=0.3391 feat=0.7409 depth=0.3221 ray=0.0000 point=0.0000 rel@1/5/10=0.054/0.512/0.821 mse=0.03055 s/step=1.702 lr=3.1e-05/3.1e-04
0: [data-wait step=0000320 rank=0] wait=0.00s threshold=20.00s epoch_batch=39 datasets=libero_hdf5:3 stats=libero_hdf5:3 views=2:3 valid=1.000 cameras=agentview_rgb+eye_in_hand_rgb:3 episodes=0-0 start_t=16-27 frames=16-83
0: [data-wait step=0000320 rank=0] wait=0.00s threshold=20.00s epoch_batch=40 datasets=libero_hdf5:3 stats=libero_hdf5:3 views=2:3 valid=1.000 cameras=agentview_rgb+eye_in_hand_rgb:3 episodes=0-0 start_t=11-25 frames=11-81
0: [step=0000320] total=1.8673 action_l1=0.3722 feat=0.7347 depth=0.3165 ray=0.0000 point=0.0000 rel@1/5/10=0.107/0.551/0.824 mse=0.03414 s/step=1.337 lr=3.2e-05/3.2e-04
0: [data-wait step=0000330 rank=0] wait=0.00s threshold=20.00s epoch_batch=59 datasets=libero_hdf5:3 stats=libero_hdf5:3 views=2:3 valid=1.000 cameras=agentview_rgb+eye_in_hand_rgb:3 episodes=0-0 start_t=0-32 frames=0-88
0: [data-wait step=0000330 rank=0] wait=0.00s threshold=20.00s epoch_batch=60 datasets=libero_hdf5:3 stats=libero_hdf5:3 views=2:3 valid=1.000 cameras=agentview_rgb+eye_in_hand_rgb:3 episodes=0-0 start_t=17-29 frames=17-85
0: [step=0000330] total=1.7966 action_l1=0.3507 feat=0.7268 depth=0.3524 ray=0.0000 point=0.0000 rel@1/5/10=0.093/0.430/0.759 mse=0.03897 s/step=1.975 lr=3.3e-05/3.3e-04
0: [data-wait step=0000340 rank=0] wait=0.00s threshold=20.00s epoch_batch=79 datasets=libero_hdf5:3 stats=libero_hdf5:3 views=2:3 valid=1.000 cameras=agentview_rgb+eye_in_hand_rgb:3 episodes=0-0 start_t=8-28 frames=8-84
0: [data-wait step=0000340 rank=0] wait=0.00s threshold=20.00s epoch_batch=80 datasets=libero_hdf5:3 stats=libero_hdf5:3 views=2:3 valid=1.000 cameras=agentview_rgb+eye_in_hand_rgb:3 episodes=0-0 start_t=7-26 frames=7-82
0: [step=0000340] total=1.8451 action_l1=0.3703 feat=0.7180 depth=0.3276 ray=0.0000 point=0.0000 rel@1/5/10=0.120/0.480/0.806 mse=0.03445 s/step=1.738 lr=3.4e-05/3.4e-04
0: [data-wait step=0000350 rank=0] wait=0.00s threshold=20.00s epoch_batch=99 datasets=libero_hdf5:3 stats=libero_hdf5:3 views=2:3 valid=1.000 cameras=agentview_rgb+eye_in_hand_rgb:3 episodes=0-0 start_t=18-33 frames=18-89
0: [data-wait step=0000350 rank=0] wait=0.00s threshold=20.00s epoch_batch=100 datasets=libero_hdf5:3 stats=libero_hdf5:3 views=2:3 valid=1.000 cameras=agentview_rgb+eye_in_hand_rgb:3 episodes=0-0 start_t=8-30 frames=8-86
0: [step=0000350] total=1.7462 action_l1=0.3403 feat=0.7113 depth=0.2843 ray=0.0000 point=0.0000 rel@1/5/10=0.091/0.418/0.689 mse=0.05392 s/step=1.369 lr=3.5e-05/3.5e-04
0: [data-wait step=0000360 rank=0] wait=0.00s threshold=20.00s epoch_batch=119 datasets=libero_hdf5:3 stats=libero_hdf5:3 views=2:3 valid=1.000 cameras=agentview_rgb+eye_in_hand_rgb:3 episodes=0-0 start_t=1-29 frames=1-85
0: [data-wait step=0000360 rank=0] wait=0.00s threshold=20.00s epoch_batch=120 datasets=libero_hdf5:3 stats=libero_hdf5:3 views=2:3 valid=1.000 cameras=agentview_rgb+eye_in_hand_rgb:3 episodes=0-0 start_t=10-19 frames=10-75
0: [step=0000360] total=1.7073 action_l1=0.3295 feat=0.7045 depth=0.2847 ray=0.0000 point=0.0000 rel@1/5/10=0.109/0.587/0.823 mse=0.02810 s/step=1.692 lr=3.6e-05/3.6e-04
0: [data-wait step=0000370 rank=0] wait=0.00s threshold=20.00s epoch_batch=139 datasets=libero_hdf5:3 stats=libero_hdf5:3 views=2:3 valid=1.000 cameras=agentview_rgb+eye_in_hand_rgb:3 episodes=0-0 start_t=3-30 frames=3-86
0: [data-wait step=0000370 rank=0] wait=0.00s threshold=20.00s epoch_batch=140 datasets=libero_hdf5:3 stats=libero_hdf5:3 views=2:3 valid=1.000 cameras=agentview_rgb+eye_in_hand_rgb:3 episodes=0-0 start_t=11-26 frames=11-82
0: [step=0000370] total=1.7647 action_l1=0.3511 feat=0.6963 depth=0.2997 ray=0.0000 point=0.0000 rel@1/5/10=0.137/0.598/0.842 mse=0.03336 s/step=1.556 lr=3.7e-05/3.7e-04
0: [data-wait step=0000380 rank=0] wait=0.00s threshold=20.00s epoch_batch=159 datasets=libero_hdf5:3 stats=libero_hdf5:3 views=2:3 valid=1.000 cameras=agentview_rgb+eye_in_hand_rgb:3 episodes=0-0 start_t=1-12 frames=1-68
0: [data-wait step=0000380 rank=0] wait=0.00s threshold=20.00s epoch_batch=160 datasets=libero_hdf5:3 stats=libero_hdf5:3 views=2:3 valid=1.000 cameras=agentview_rgb+eye_in_hand_rgb:3 episodes=0-0 start_t=17-28 frames=17-84
0: [step=0000380] total=1.7859 action_l1=0.3611 feat=0.6893 depth=0.2645 ray=0.0000 point=0.0000 rel@1/5/10=0.077/0.560/0.833 mse=0.03329 s/step=1.505 lr=3.8e-05/3.8e-04
0: [data-wait step=0000390 rank=0] wait=0.00s threshold=20.00s epoch_batch=179 datasets=libero_hdf5:3 stats=libero_hdf5:3 views=2:3 valid=1.000 cameras=agentview_rgb+eye_in_hand_rgb:3 episodes=0-0 start_t=1-32 frames=1-88
0: [data-wait step=0000390 rank=0] wait=0.00s threshold=20.00s epoch_batch=180 datasets=libero_hdf5:3 stats=libero_hdf5:3 views=2:3 valid=1.000 cameras=agentview_rgb+eye_in_hand_rgb:3 episodes=0-0 start_t=9-32 frames=9-88
0: [step=0000390] total=1.7484 action_l1=0.3511 feat=0.6823 depth=0.2592 ray=0.0000 point=0.0000 rel@1/5/10=0.208/0.637/0.821 mse=0.04659 s/step=1.914 lr=3.9e-05/3.9e-04
0: [data-wait step=0000400 rank=0] wait=0.00s threshold=20.00s epoch_batch=199 datasets=libero_hdf5:3 stats=libero_hdf5:3 views=2:3 valid=1.000 cameras=agentview_rgb+eye_in_hand_rgb:3 episodes=0-0 start_t=12-17 frames=12-73
0: [data-wait step=0000400 rank=0] wait=0.00s threshold=20.00s epoch_batch=200 datasets=libero_hdf5:3 stats=libero_hdf5:3 views=2:3 valid=1.000 cameras=agentview_rgb+eye_in_hand_rgb:3 episodes=0-0 start_t=2-5 frames=2-61
0: [step=0000400] total=1.7468 action_l1=0.3539 feat=0.6731 depth=0.2420 ray=0.0000 point=0.0000 rel@1/5/10=0.187/0.664/0.869 mse=0.02333 s/step=1.889 lr=4.0e-05/4.0e-04
0: [data-wait step=0000410 rank=0] wait=0.00s threshold=20.00s epoch_batch=19 datasets=libero_hdf5:3 stats=libero_hdf5:3 views=2:3 valid=1.000 cameras=agentview_rgb+eye_in_hand_rgb:3 episodes=0-0 start_t=14-23 frames=14-79
0: [data-wait step=0000410 rank=0] wait=0.00s threshold=20.00s epoch_batch=20 datasets=libero_hdf5:3 stats=libero_hdf5:3 views=2:3 valid=1.000 cameras=agentview_rgb+eye_in_hand_rgb:3 episodes=0-0 start_t=3-12 frames=3-68
0: [step=0000410] total=1.6148 action_l1=0.3129 feat=0.6641 depth=0.2369 ray=0.0000 point=0.0000 rel@1/5/10=0.226/0.631/0.768 mse=0.02899 s/step=1.785 lr=4.1e-05/4.1e-04
0: [data-wait step=0000420 rank=0] wait=0.00s threshold=20.00s epoch_batch=39 datasets=libero_hdf5:3 stats=libero_hdf5:3 views=2:3 valid=1.000 cameras=agentview_rgb+eye_in_hand_rgb:3 episodes=0-0 start_t=2-12 frames=2-68
0: [data-wait step=0000420 rank=0] wait=0.00s threshold=20.00s epoch_batch=40 datasets=libero_hdf5:3 stats=libero_hdf5:3 views=2:3 valid=1.000 cameras=agentview_rgb+eye_in_hand_rgb:3 episodes=0-0 start_t=28-34 frames=28-90
0: [step=0000420] total=1.8213 action_l1=0.3842 feat=0.6568 depth=0.2348 ray=0.0000 point=0.0000 rel@1/5/10=0.077/0.524/0.762 mse=0.07405 s/step=1.487 lr=4.2e-05/4.2e-04
0: [data-wait step=0000430 rank=0] wait=0.00s threshold=20.00s epoch_batch=59 datasets=libero_hdf5:3 stats=libero_hdf5:3 views=2:3 valid=1.000 cameras=agentview_rgb+eye_in_hand_rgb:3 episodes=0-0 start_t=17-33 frames=17-89
0: [data-wait step=0000430 rank=0] wait=0.00s threshold=20.00s epoch_batch=60 datasets=libero_hdf5:3 stats=libero_hdf5:3 views=2:3 valid=1.000 cameras=agentview_rgb+eye_in_hand_rgb:3 episodes=0-0 start_t=13-34 frames=13-90
0: [step=0000430] total=1.6720 action_l1=0.3376 feat=0.6476 depth=0.2332 ray=0.0000 point=0.0000 rel@1/5/10=0.107/0.393/0.738 mse=0.04363 s/step=1.881 lr=4.3e-05/4.3e-04
0: [data-wait step=0000440 rank=0] wait=0.00s threshold=20.00s epoch_batch=79 datasets=libero_hdf5:3 stats=libero_hdf5:3 views=2:3 valid=1.000 cameras=agentview_rgb+eye_in_hand_rgb:3 episodes=0-0 start_t=2-19 frames=2-75
0: [data-wait step=0000440 rank=0] wait=0.00s threshold=20.00s epoch_batch=80 datasets=libero_hdf5:3 stats=libero_hdf5:3 views=2:3 valid=1.000 cameras=agentview_rgb+eye_in_hand_rgb:3 episodes=0-0 start_t=5-28 frames=5-84
0: [step=0000440] total=1.5447 action_l1=0.2981 feat=0.6382 depth=0.2429 ray=0.0000 point=0.0000 rel@1/5/10=0.143/0.488/0.780 mse=0.03313 s/step=1.464 lr=4.4e-05/4.4e-04
0: [data-wait step=0000450 rank=0] wait=0.00s threshold=20.00s epoch_batch=99 datasets=libero_hdf5:3 stats=libero_hdf5:3 views=2:3 valid=1.000 cameras=agentview_rgb+eye_in_hand_rgb:3 episodes=0-0 start_t=22-31 frames=22-87
0: [data-wait step=0000450 rank=0] wait=0.00s threshold=20.00s epoch_batch=100 datasets=libero_hdf5:3 stats=libero_hdf5:3 views=2:3 valid=1.000 cameras=agentview_rgb+eye_in_hand_rgb:3 episodes=0-0 start_t=24-34 frames=24-90
0: [step=0000450] total=1.6245 action_l1=0.3272 feat=0.6313 depth=0.2323 ray=0.0000 point=0.0000 rel@1/5/10=0.119/0.417/0.702 mse=0.04654 s/step=1.459 lr=4.5e-05/4.5e-04
0: [data-wait step=0000460 rank=0] wait=0.00s threshold=20.00s epoch_batch=119 datasets=libero_hdf5:3 stats=libero_hdf5:3 views=2:3 valid=1.000 cameras=agentview_rgb+eye_in_hand_rgb:3 episodes=0-0 start_t=2-33 frames=2-89
0: [data-wait step=0000460 rank=0] wait=0.00s threshold=20.00s epoch_batch=120 datasets=libero_hdf5:3 stats=libero_hdf5:3 views=2:3 valid=1.000 cameras=agentview_rgb+eye_in_hand_rgb:3 episodes=0-0 start_t=1-24 frames=1-80
0: [step=0000460] total=1.6998 action_l1=0.3552 feat=0.6216 depth=0.2551 ray=0.0000 point=0.0000 rel@1/5/10=0.098/0.436/0.750 mse=0.04825 s/step=1.644 lr=4.6e-05/4.6e-04
0: [data-wait step=0000470 rank=0] wait=0.00s threshold=20.00s epoch_batch=139 datasets=libero_hdf5:3 stats=libero_hdf5:3 views=2:3 valid=1.000 cameras=agentview_rgb+eye_in_hand_rgb:3 episodes=0-0 start_t=5-32 frames=5-88
0: [data-wait step=0000470 rank=0] wait=0.00s threshold=20.00s epoch_batch=140 datasets=libero_hdf5:3 stats=libero_hdf5:3 views=2:3 valid=1.000 cameras=agentview_rgb+eye_in_hand_rgb:3 episodes=0-0 start_t=7-34 frames=7-90
0: [step=0000470] total=1.6021 action_l1=0.3256 feat=0.6137 depth=0.2332 ray=0.0000 point=0.0000 rel@1/5/10=0.131/0.491/0.804 mse=0.03192 s/step=1.610 lr=4.7e-05/4.7e-04
0: [data-wait step=0000480 rank=0] wait=0.00s threshold=20.00s epoch_batch=159 datasets=libero_hdf5:3 stats=libero_hdf5:3 views=2:3 valid=1.000 cameras=agentview_rgb+eye_in_hand_rgb:3 episodes=0-0 start_t=3-27 frames=3-83
0: [data-wait step=0000480 rank=0] wait=0.00s threshold=20.00s epoch_batch=160 datasets=libero_hdf5:3 stats=libero_hdf5:3 views=2:3 valid=1.000 cameras=agentview_rgb+eye_in_hand_rgb:3 episodes=0-0 start_t=0-8 frames=0-64
0: [step=0000480] total=1.6533 action_l1=0.3465 feat=0.6025 depth=0.2268 ray=0.0000 point=0.0000 rel@1/5/10=0.018/0.381/0.845 mse=0.05065 s/step=1.457 lr=4.8e-05/4.8e-04
0: [data-wait step=0000490 rank=0] wait=0.00s threshold=20.00s epoch_batch=179 datasets=libero_hdf5:3 stats=libero_hdf5:3 views=2:3 valid=1.000 cameras=agentview_rgb+eye_in_hand_rgb:3 episodes=0-0 start_t=13-28 frames=13-84
0: [data-wait step=0000490 rank=0] wait=0.00s threshold=20.00s epoch_batch=180 datasets=libero_hdf5:3 stats=libero_hdf5:3 views=2:3 valid=1.000 cameras=agentview_rgb+eye_in_hand_rgb:3 episodes=0-0 start_t=21-24 frames=21-80
0: [step=0000490] total=1.6531 action_l1=0.3489 feat=0.5951 depth=0.2245 ray=0.0000 point=0.0000 rel@1/5/10=0.113/0.396/0.756 mse=0.05229 s/step=1.816 lr=4.9e-05/4.9e-04
0: [data-wait step=0000500 rank=0] wait=0.00s threshold=20.00s epoch_batch=199 datasets=libero_hdf5:3 stats=libero_hdf5:3 views=2:3 valid=1.000 cameras=agentview_rgb+eye_in_hand_rgb:3 episodes=0-0 start_t=8-11 frames=8-67
0: [data-wait step=0000500 rank=0] wait=0.00s threshold=20.00s epoch_batch=200 datasets=libero_hdf5:3 stats=libero_hdf5:3 views=2:3 valid=1.000 cameras=agentview_rgb+eye_in_hand_rgb:3 episodes=0-0 start_t=0-21 frames=0-77
0: [step=0000500] total=1.5629 action_l1=0.3212 feat=0.5878 depth=0.2281 ray=0.0000 point=0.0000 rel@1/5/10=0.094/0.441/0.757 mse=0.04036 s/step=1.951 lr=5.0e-05/5.0e-04
0: [data-wait step=0000510 rank=0] wait=0.00s threshold=20.00s epoch_batch=19 datasets=libero_hdf5:3 stats=libero_hdf5:3 views=2:3 valid=1.000 cameras=agentview_rgb+eye_in_hand_rgb:3 episodes=0-0 start_t=3-6 frames=3-62
0: [data-wait step=0000510 rank=0] wait=0.00s threshold=20.00s epoch_batch=20 datasets=libero_hdf5:3 stats=libero_hdf5:3 views=2:3 valid=1.000 cameras=agentview_rgb+eye_in_hand_rgb:3 episodes=0-0 start_t=0-16 frames=0-72
0: [step=0000510] total=1.4688 action_l1=0.2930 feat=0.5785 depth=0.2237 ray=0.0000 point=0.0000 rel@1/5/10=0.131/0.643/0.835 mse=0.03439 s/step=1.745 lr=5.0e-05/5.0e-04
0: [data-wait step=0000520 rank=0] wait=0.00s threshold=20.00s epoch_batch=39 datasets=libero_hdf5:3 stats=libero_hdf5:3 views=2:3 valid=1.000 cameras=agentview_rgb+eye_in_hand_rgb:3 episodes=0-0 start_t=2-28 frames=2-84
0: [data-wait step=0000520 rank=0] wait=0.00s threshold=20.00s epoch_batch=40 datasets=libero_hdf5:3 stats=libero_hdf5:3 views=2:3 valid=1.000 cameras=agentview_rgb+eye_in_hand_rgb:3 episodes=0-0 start_t=5-16 frames=5-72
0: [step=0000520] total=1.4455 action_l1=0.2881 feat=0.5704 depth=0.2132 ray=0.0000 point=0.0000 rel@1/5/10=0.119/0.562/0.833 mse=0.02371 s/step=1.991 lr=5.0e-05/5.0e-04
0: [data-wait step=0000530 rank=0] wait=0.00s threshold=20.00s epoch_batch=59 datasets=libero_hdf5:3 stats=libero_hdf5:3 views=2:3 valid=1.000 cameras=agentview_rgb+eye_in_hand_rgb:3 episodes=0-0 start_t=6-30 frames=6-86
0: [data-wait step=0000530 rank=0] wait=0.00s threshold=20.00s epoch_batch=60 datasets=libero_hdf5:3 stats=libero_hdf5:3 views=2:3 valid=1.000 cameras=agentview_rgb+eye_in_hand_rgb:3 episodes=0-0 start_t=15-29 frames=15-85
0: [step=0000530] total=1.4973 action_l1=0.3080 feat=0.5622 depth=0.2247 ray=0.0000 point=0.0000 rel@1/5/10=0.167/0.649/0.836 mse=0.02596 s/step=1.508 lr=5.0e-05/5.0e-04
0: [data-wait step=0000540 rank=0] wait=0.00s threshold=20.00s epoch_batch=79 datasets=libero_hdf5:3 stats=libero_hdf5:3 views=2:3 valid=1.000 cameras=agentview_rgb+eye_in_hand_rgb:3 episodes=0-0 start_t=9-30 frames=9-86
0: [data-wait step=0000540 rank=0] wait=0.00s threshold=20.00s epoch_batch=80 datasets=libero_hdf5:3 stats=libero_hdf5:3 views=2:3 valid=1.000 cameras=agentview_rgb+eye_in_hand_rgb:3 episodes=0-0 start_t=10-33 frames=10-89
0: [step=0000540] total=1.4333 action_l1=0.2896 feat=0.5539 depth=0.2134 ray=0.0000 point=0.0000 rel@1/5/10=0.137/0.574/0.815 mse=0.03290 s/step=1.886 lr=5.0e-05/5.0e-04
0: [data-wait step=0000550 rank=0] wait=0.00s threshold=20.00s epoch_batch=99 datasets=libero_hdf5:3 stats=libero_hdf5:3 views=2:3 valid=1.000 cameras=agentview_rgb+eye_in_hand_rgb:3 episodes=0-0 start_t=14-31 frames=14-87
0: [data-wait step=0000550 rank=0] wait=0.00s threshold=20.00s epoch_batch=100 datasets=libero_hdf5:3 stats=libero_hdf5:3 views=2:3 valid=1.000 cameras=agentview_rgb+eye_in_hand_rgb:3 episodes=0-0 start_t=18-31 frames=18-87
0: [step=0000550] total=1.4864 action_l1=0.3103 feat=0.5446 depth=0.2183 ray=0.0000 point=0.0000 rel@1/5/10=0.141/0.581/0.867 mse=0.03021 s/step=1.530 lr=4.9e-05/4.9e-04
0: [data-wait step=0000560 rank=0] wait=0.00s threshold=20.00s epoch_batch=119 datasets=libero_hdf5:3 stats=libero_hdf5:3 views=2:3 valid=1.000 cameras=agentview_rgb+eye_in_hand_rgb:3 episodes=0-0 start_t=15-26 frames=15-82
0: [data-wait step=0000560 rank=0] wait=0.00s threshold=20.00s epoch_batch=120 datasets=libero_hdf5:3 stats=libero_hdf5:3 views=2:3 valid=1.000 cameras=agentview_rgb+eye_in_hand_rgb:3 episodes=0-0 start_t=8-33 frames=8-89
0: [step=0000560] total=1.4690 action_l1=0.3068 feat=0.5380 depth=0.2108 ray=0.0000 point=0.0000 rel@1/5/10=0.155/0.595/0.839 mse=0.03240 s/step=1.577 lr=4.9e-05/4.9e-04
0: [data-wait step=0000570 rank=0] wait=0.00s threshold=20.00s epoch_batch=139 datasets=libero_hdf5:3 stats=libero_hdf5:3 views=2:3 valid=1.000 cameras=agentview_rgb+eye_in_hand_rgb:3 episodes=0-0 start_t=8-29 frames=8-85
0: [data-wait step=0000570 rank=0] wait=0.00s threshold=20.00s epoch_batch=140 datasets=libero_hdf5:3 stats=libero_hdf5:3 views=2:3 valid=1.000 cameras=agentview_rgb+eye_in_hand_rgb:3 episodes=0-0 start_t=0-33 frames=0-89
0: [step=0000570] total=1.4065 action_l1=0.2887 feat=0.5299 depth=0.2089 ray=0.0000 point=0.0000 rel@1/5/10=0.155/0.530/0.762 mse=0.07188 s/step=1.542 lr=4.9e-05/4.9e-04
0: [data-wait step=0000580 rank=0] wait=0.00s threshold=20.00s epoch_batch=159 datasets=libero_hdf5:3 stats=libero_hdf5:3 views=2:3 valid=1.000 cameras=agentview_rgb+eye_in_hand_rgb:3 episodes=0-0 start_t=6-32 frames=6-88
0: [data-wait step=0000580 rank=0] wait=0.00s threshold=20.00s epoch_batch=160 datasets=libero_hdf5:3 stats=libero_hdf5:3 views=2:3 valid=1.000 cameras=agentview_rgb+eye_in_hand_rgb:3 episodes=0-0 start_t=12-27 frames=12-83
0: [step=0000580] total=1.3366 action_l1=0.2685 feat=0.5211 depth=0.2033 ray=0.0000 point=0.0000 rel@1/5/10=0.122/0.580/0.863 mse=0.02463 s/step=1.759 lr=4.8e-05/4.8e-04
0: [data-wait step=0000590 rank=0] wait=0.00s threshold=20.00s epoch_batch=179 datasets=libero_hdf5:3 stats=libero_hdf5:3 views=2:3 valid=1.000 cameras=agentview_rgb+eye_in_hand_rgb:3 episodes=0-0 start_t=12-30 frames=12-86
0: [data-wait step=0000590 rank=0] wait=0.00s threshold=20.00s epoch_batch=180 datasets=libero_hdf5:3 stats=libero_hdf5:3 views=2:3 valid=1.000 cameras=agentview_rgb+eye_in_hand_rgb:3 episodes=0-0 start_t=7-14 frames=7-70
0: [step=0000590] total=1.4024 action_l1=0.2932 feat=0.5125 depth=0.2041 ray=0.0000 point=0.0000 rel@1/5/10=0.232/0.690/0.827 mse=0.02004 s/step=1.820 lr=4.8e-05/4.8e-04
0: [data-wait step=0000600 rank=0] wait=0.00s threshold=20.00s epoch_batch=199 datasets=libero_hdf5:3 stats=libero_hdf5:3 views=2:3 valid=1.000 cameras=agentview_rgb+eye_in_hand_rgb:3 episodes=0-0 start_t=17-33 frames=17-89
0: [data-wait step=0000600 rank=0] wait=0.00s threshold=20.00s epoch_batch=200 datasets=libero_hdf5:3 stats=libero_hdf5:3 views=2:3 valid=1.000 cameras=agentview_rgb+eye_in_hand_rgb:3 episodes=0-0 start_t=8-12 frames=8-68
0: [step=0000600] total=1.3339 action_l1=0.2725 feat=0.5063 depth=0.2032 ray=0.0000 point=0.0000 rel@1/5/10=0.095/0.530/0.801 mse=0.02562 s/step=1.690 lr=4.8e-05/4.8e-04
0: [data-wait step=0000610 rank=0] wait=0.00s threshold=20.00s epoch_batch=19 datasets=libero_hdf5:3 stats=libero_hdf5:3 views=2:3 valid=1.000 cameras=agentview_rgb+eye_in_hand_rgb:3 episodes=0-0 start_t=0-8 frames=0-64
0: [data-wait step=0000610 rank=0] wait=0.00s threshold=20.00s epoch_batch=20 datasets=libero_hdf5:3 stats=libero_hdf5:3 views=2:3 valid=1.000 cameras=agentview_rgb+eye_in_hand_rgb:3 episodes=0-0 start_t=2-28 frames=2-84
0: [step=0000610] total=1.3944 action_l1=0.2949 feat=0.4996 depth=0.2008 ray=0.0000 point=0.0000 rel@1/5/10=0.149/0.615/0.847 mse=0.02478 s/step=2.120 lr=4.7e-05/4.7e-04
0: [data-wait step=0000620 rank=0] wait=0.00s threshold=20.00s epoch_batch=39 datasets=libero_hdf5:3 stats=libero_hdf5:3 views=2:3 valid=1.000 cameras=agentview_rgb+eye_in_hand_rgb:3 episodes=0-0 start_t=1-32 frames=1-88
0: [data-wait step=0000620 rank=0] wait=0.00s threshold=20.00s epoch_batch=40 datasets=libero_hdf5:3 stats=libero_hdf5:3 views=2:3 valid=1.000 cameras=agentview_rgb+eye_in_hand_rgb:3 episodes=0-0 start_t=24-25 frames=24-81
0: [step=0000620] total=1.4043 action_l1=0.3003 feat=0.4932 depth=0.2027 ray=0.0000 point=0.0000 rel@1/5/10=0.164/0.536/0.750 mse=0.03582 s/step=1.789 lr=4.6e-05/4.6e-04
0: [data-wait step=0000630 rank=0] wait=0.00s threshold=20.00s epoch_batch=59 datasets=libero_hdf5:3 stats=libero_hdf5:3 views=2:3 valid=1.000 cameras=agentview_rgb+eye_in_hand_rgb:3 episodes=0-0 start_t=0-28 frames=0-84
0: [data-wait step=0000630 rank=0] wait=0.00s threshold=20.00s epoch_batch=60 datasets=libero_hdf5:3 stats=libero_hdf5:3 views=2:3 valid=1.000 cameras=agentview_rgb+eye_in_hand_rgb:3 episodes=0-0 start_t=0-32 frames=0-88
0: [step=0000630] total=1.4280 action_l1=0.3107 feat=0.4857 depth=0.2020 ray=0.0000 point=0.0000 rel@1/5/10=0.118/0.531/0.819 mse=0.03831 s/step=1.876 lr=4.6e-05/4.6e-04
0: [data-wait step=0000640 rank=0] wait=0.00s threshold=20.00s epoch_batch=79 datasets=libero_hdf5:3 stats=libero_hdf5:3 views=2:3 valid=1.000 cameras=agentview_rgb+eye_in_hand_rgb:3 episodes=0-0 start_t=8-22 frames=8-78
0: [data-wait step=0000640 rank=0] wait=0.00s threshold=20.00s epoch_batch=80 datasets=libero_hdf5:3 stats=libero_hdf5:3 views=2:3 valid=1.000 cameras=agentview_rgb+eye_in_hand_rgb:3 episodes=0-0 start_t=0-31 frames=0-87
0: [step=0000640] total=1.4363 action_l1=0.3152 feat=0.4808 depth=0.1975 ray=0.0000 point=0.0000 rel@1/5/10=0.149/0.470/0.673 mse=0.07816 s/step=1.764 lr=4.5e-05/4.5e-04
0: [data-wait step=0000650 rank=0] wait=0.00s threshold=20.00s epoch_batch=99 datasets=libero_hdf5:3 stats=libero_hdf5:3 views=2:3 valid=1.000 cameras=agentview_rgb+eye_in_hand_rgb:3 episodes=0-0 start_t=4-29 frames=4-85
0: [data-wait step=0000650 rank=0] wait=0.00s threshold=20.00s epoch_batch=100 datasets=libero_hdf5:3 stats=libero_hdf5:3 views=2:3 valid=1.000 cameras=agentview_rgb+eye_in_hand_rgb:3 episodes=0-0 start_t=9-19 frames=9-75
0: [step=0000650] total=1.3889 action_l1=0.3016 feat=0.4737 depth=0.2081 ray=0.0000 point=0.0000 rel@1/5/10=0.179/0.679/0.821 mse=0.02652 s/step=1.302 lr=4.5e-05/4.5e-04
0: [data-wait step=0000660 rank=0] wait=0.00s threshold=20.00s epoch_batch=119 datasets=libero_hdf5:3 stats=libero_hdf5:3 views=2:3 valid=1.000 cameras=agentview_rgb+eye_in_hand_rgb:3 episodes=0-0 start_t=3-27 frames=3-83
0: [data-wait step=0000660 rank=0] wait=0.00s threshold=20.00s epoch_batch=120 datasets=libero_hdf5:3 stats=libero_hdf5:3 views=2:3 valid=1.000 cameras=agentview_rgb+eye_in_hand_rgb:3 episodes=0-0 start_t=13-22 frames=13-78
0: [step=0000660] total=1.3452 action_l1=0.2884 feat=0.4699 depth=0.2034 ray=0.0000 point=0.0000 rel@1/5/10=0.112/0.589/0.856 mse=0.02442 s/step=1.196 lr=4.4e-05/4.4e-04
0: [data-wait step=0000670 rank=0] wait=0.00s threshold=20.00s epoch_batch=139 datasets=libero_hdf5:3 stats=libero_hdf5:3 views=2:3 valid=1.000 cameras=agentview_rgb+eye_in_hand_rgb:3 episodes=0-0 start_t=5-19 frames=5-75
0: [data-wait step=0000670 rank=0] wait=0.00s threshold=20.00s epoch_batch=140 datasets=libero_hdf5:3 stats=libero_hdf5:3 views=2:3 valid=1.000 cameras=agentview_rgb+eye_in_hand_rgb:3 episodes=0-0 start_t=4-31 frames=4-87
0: [step=0000670] total=1.3806 action_l1=0.3019 feat=0.4645 depth=0.2077 ray=0.0000 point=0.0000 rel@1/5/10=0.048/0.500/0.810 mse=0.03417 s/step=1.606 lr=4.3e-05/4.3e-04
0: [data-wait step=0000680 rank=0] wait=0.00s threshold=20.00s epoch_batch=159 datasets=libero_hdf5:3 stats=libero_hdf5:3 views=2:3 valid=1.000 cameras=agentview_rgb+eye_in_hand_rgb:3 episodes=0-0 start_t=5-12 frames=5-68
0: [data-wait step=0000680 rank=0] wait=0.00s threshold=20.00s epoch_batch=160 datasets=libero_hdf5:3 stats=libero_hdf5:3 views=2:3 valid=1.000 cameras=agentview_rgb+eye_in_hand_rgb:3 episodes=0-0 start_t=4-19 frames=4-75
0: [step=0000680] total=1.2585 action_l1=0.2623 feat=0.4616 depth=0.1998 ray=0.0000 point=0.0000 rel@1/5/10=0.238/0.693/0.899 mse=0.01651 s/step=2.226 lr=4.2e-05/4.2e-04
0: [data-wait step=0000690 rank=0] wait=0.00s threshold=20.00s epoch_batch=179 datasets=libero_hdf5:3 stats=libero_hdf5:3 views=2:3 valid=1.000 cameras=agentview_rgb+eye_in_hand_rgb:3 episodes=0-0 start_t=13-32 frames=13-88
0: [data-wait step=0000690 rank=0] wait=0.00s threshold=20.00s epoch_batch=180 datasets=libero_hdf5:3 stats=libero_hdf5:3 views=2:3 valid=1.000 cameras=agentview_rgb+eye_in_hand_rgb:3 episodes=0-0 start_t=6-25 frames=6-81
0: [step=0000690] total=1.1688 action_l1=0.2327 feat=0.4604 depth=0.2058 ray=0.0000 point=0.0000 rel@1/5/10=0.120/0.673/0.868 mse=0.02187 s/step=1.727 lr=4.2e-05/4.2e-04
0: [data-wait step=0000700 rank=0] wait=0.00s threshold=20.00s epoch_batch=199 datasets=libero_hdf5:3 stats=libero_hdf5:3 views=2:3 valid=1.000 cameras=agentview_rgb+eye_in_hand_rgb:3 episodes=0-0 start_t=4-27 frames=4-83
0: [data-wait step=0000700 rank=0] wait=0.00s threshold=20.00s epoch_batch=200 datasets=libero_hdf5:3 stats=libero_hdf5:3 views=2:3 valid=1.000 cameras=agentview_rgb+eye_in_hand_rgb:3 episodes=0-0 start_t=6-32 frames=6-88
0: [step=0000700] total=1.1711 action_l1=0.2367 feat=0.4514 depth=0.1950 ray=0.0000 point=0.0000 rel@1/5/10=0.131/0.670/0.849 mse=0.02704 s/step=1.798 lr=4.1e-05/4.1e-04
0: [data-wait step=0000710 rank=0] wait=0.00s threshold=20.00s epoch_batch=19 datasets=libero_hdf5:3 stats=libero_hdf5:3 views=2:3 valid=1.000 cameras=agentview_rgb+eye_in_hand_rgb:3 episodes=0-0 start_t=1-6 frames=1-62
0: [data-wait step=0000710 rank=0] wait=0.00s threshold=20.00s epoch_batch=20 datasets=libero_hdf5:3 stats=libero_hdf5:3 views=2:3 valid=1.000 cameras=agentview_rgb+eye_in_hand_rgb:3 episodes=0-0 start_t=6-32 frames=6-88
0: [step=0000710] total=1.2011 action_l1=0.2478 feat=0.4482 depth=0.1910 ray=0.0000 point=0.0000 rel@1/5/10=0.262/0.762/0.875 mse=0.01663 s/step=1.826 lr=4.0e-05/4.0e-04
0: [data-wait step=0000720 rank=0] wait=0.00s threshold=20.00s epoch_batch=39 datasets=libero_hdf5:3 stats=libero_hdf5:3 views=2:3 valid=1.000 cameras=agentview_rgb+eye_in_hand_rgb:3 episodes=0-0 start_t=15-30 frames=15-86
0: [data-wait step=0000720 rank=0] wait=0.00s threshold=20.00s epoch_batch=40 datasets=libero_hdf5:3 stats=libero_hdf5:3 views=2:3 valid=1.000 cameras=agentview_rgb+eye_in_hand_rgb:3 episodes=0-0 start_t=13-32 frames=13-88
0: [step=0000720] total=1.2919 action_l1=0.2802 feat=0.4414 depth=0.1965 ray=0.0000 point=0.0000 rel@1/5/10=0.157/0.635/0.923 mse=0.01910 s/step=1.802 lr=3.9e-05/3.9e-04
0: [data-wait step=0000730 rank=0] wait=0.00s threshold=20.00s epoch_batch=59 datasets=libero_hdf5:3 stats=libero_hdf5:3 views=2:3 valid=1.000 cameras=agentview_rgb+eye_in_hand_rgb:3 episodes=0-0 start_t=1-30 frames=1-86
0: [data-wait step=0000730 rank=0] wait=0.00s threshold=20.00s epoch_batch=60 datasets=libero_hdf5:3 stats=libero_hdf5:3 views=2:3 valid=1.000 cameras=agentview_rgb+eye_in_hand_rgb:3 episodes=0-0 start_t=8-26 frames=8-82
0: [step=0000730] total=1.1891 action_l1=0.2477 feat=0.4363 depth=0.1939 ray=0.0000 point=0.0000 rel@1/5/10=0.125/0.732/0.929 mse=0.01168 s/step=1.786 lr=3.8e-05/3.8e-04
0: [data-wait step=0000740 rank=0] wait=0.00s threshold=20.00s epoch_batch=79 datasets=libero_hdf5:3 stats=libero_hdf5:3 views=2:3 valid=1.000 cameras=agentview_rgb+eye_in_hand_rgb:3 episodes=0-0 start_t=0-27 frames=0-83
0: [data-wait step=0000740 rank=0] wait=0.00s threshold=20.00s epoch_batch=80 datasets=libero_hdf5:3 stats=libero_hdf5:3 views=2:3 valid=1.000 cameras=agentview_rgb+eye_in_hand_rgb:3 episodes=0-0 start_t=10-18 frames=10-74
0: [step=0000740] total=1.3136 action_l1=0.2897 feat=0.4348 depth=0.1962 ray=0.0000 point=0.0000 rel@1/5/10=0.155/0.673/0.911 mse=0.01444 s/step=1.620 lr=3.7e-05/3.7e-04
0: [data-wait step=0000750 rank=0] wait=0.00s threshold=20.00s epoch_batch=99 datasets=libero_hdf5:3 stats=libero_hdf5:3 views=2:3 valid=1.000 cameras=agentview_rgb+eye_in_hand_rgb:3 episodes=0-0 start_t=20-34 frames=20-90
0: [data-wait step=0000750 rank=0] wait=0.00s threshold=20.00s epoch_batch=100 datasets=libero_hdf5:3 stats=libero_hdf5:3 views=2:3 valid=1.000 cameras=agentview_rgb+eye_in_hand_rgb:3 episodes=0-0 start_t=11-29 frames=11-85
0: [step=0000750] total=1.2688 action_l1=0.2761 feat=0.4307 depth=0.1965 ray=0.0000 point=0.0000 rel@1/5/10=0.202/0.738/0.899 mse=0.01567 s/step=1.508 lr=3.6e-05/3.6e-04
0: [data-wait step=0000760 rank=0] wait=0.00s threshold=20.00s epoch_batch=119 datasets=libero_hdf5:3 stats=libero_hdf5:3 views=2:3 valid=1.000 cameras=agentview_rgb+eye_in_hand_rgb:3 episodes=0-0 start_t=3-33 frames=3-89
0: [data-wait step=0000760 rank=0] wait=0.00s threshold=20.00s epoch_batch=120 datasets=libero_hdf5:3 stats=libero_hdf5:3 views=2:3 valid=1.000 cameras=agentview_rgb+eye_in_hand_rgb:3 episodes=0-0 start_t=14-32 frames=14-88
0: [step=0000760] total=1.1821 action_l1=0.2489 feat=0.4257 depth=0.1921 ray=0.0000 point=0.0000 rel@1/5/10=0.169/0.655/0.866 mse=0.02527 s/step=1.439 lr=3.5e-05/3.5e-04
0: [data-wait step=0000770 rank=0] wait=0.00s threshold=20.00s epoch_batch=139 datasets=libero_hdf5:3 stats=libero_hdf5:3 views=2:3 valid=1.000 cameras=agentview_rgb+eye_in_hand_rgb:3 episodes=0-0 start_t=21-23 frames=21-79
0: [data-wait step=0000770 rank=0] wait=0.00s threshold=20.00s epoch_batch=140 datasets=libero_hdf5:3 stats=libero_hdf5:3 views=2:3 valid=1.000 cameras=agentview_rgb+eye_in_hand_rgb:3 episodes=0-0 start_t=0-29 frames=0-85
0: [step=0000770] total=1.0991 action_l1=0.2211 feat=0.4265 depth=0.1836 ray=0.0000 point=0.0000 rel@1/5/10=0.161/0.662/0.921 mse=0.01903 s/step=1.938 lr=3.4e-05/3.4e-04
0: [data-wait step=0000780 rank=0] wait=0.00s threshold=20.00s epoch_batch=159 datasets=libero_hdf5:3 stats=libero_hdf5:3 views=2:3 valid=1.000 cameras=agentview_rgb+eye_in_hand_rgb:3 episodes=0-0 start_t=31-34 frames=31-90
0: [data-wait step=0000780 rank=0] wait=0.00s threshold=20.00s epoch_batch=160 datasets=libero_hdf5:3 stats=libero_hdf5:3 views=2:3 valid=1.000 cameras=agentview_rgb+eye_in_hand_rgb:3 episodes=0-0 start_t=3-29 frames=3-85
0: [step=0000780] total=1.1261 action_l1=0.2320 feat=0.4212 depth=0.1807 ray=0.0000 point=0.0000 rel@1/5/10=0.095/0.631/0.935 mse=0.01979 s/step=1.614 lr=3.3e-05/3.3e-04
0: [data-wait step=0000790 rank=0] wait=0.00s threshold=20.00s epoch_batch=179 datasets=libero_hdf5:3 stats=libero_hdf5:3 views=2:3 valid=1.000 cameras=agentview_rgb+eye_in_hand_rgb:3 episodes=0-0 start_t=20-31 frames=20-87
0: [data-wait step=0000790 rank=0] wait=0.00s threshold=20.00s epoch_batch=180 datasets=libero_hdf5:3 stats=libero_hdf5:3 views=2:3 valid=1.000 cameras=agentview_rgb+eye_in_hand_rgb:3 episodes=0-0 start_t=15-32 frames=15-88
0: [step=0000790] total=1.1504 action_l1=0.2406 feat=0.4193 depth=0.1854 ray=0.0000 point=0.0000 rel@1/5/10=0.190/0.804/0.899 mse=0.01314 s/step=1.927 lr=3.2e-05/3.2e-04
0: [data-wait step=0000800 rank=0] wait=0.00s threshold=20.00s epoch_batch=199 datasets=libero_hdf5:3 stats=libero_hdf5:3 views=2:3 valid=1.000 cameras=agentview_rgb+eye_in_hand_rgb:3 episodes=0-0 start_t=9-29 frames=9-85
0: [data-wait step=0000800 rank=0] wait=0.00s threshold=20.00s epoch_batch=200 datasets=libero_hdf5:3 stats=libero_hdf5:3 views=2:3 valid=1.000 cameras=agentview_rgb+eye_in_hand_rgb:3 episodes=0-0 start_t=4-30 frames=4-86
0: [step=0000800] total=1.1117 action_l1=0.2280 feat=0.4186 depth=0.1819 ray=0.0000 point=0.0000 rel@1/5/10=0.280/0.819/0.952 mse=0.01006 s/step=1.761 lr=3.1e-05/3.1e-04
0: [data-wait step=0000810 rank=0] wait=0.00s threshold=20.00s epoch_batch=19 datasets=libero_hdf5:3 stats=libero_hdf5:3 views=2:3 valid=1.000 cameras=agentview_rgb+eye_in_hand_rgb:3 episodes=0-0 start_t=12-19 frames=12-75
0: [data-wait step=0000810 rank=0] wait=0.00s threshold=20.00s epoch_batch=20 datasets=libero_hdf5:3 stats=libero_hdf5:3 views=2:3 valid=1.000 cameras=agentview_rgb+eye_in_hand_rgb:3 episodes=0-0 start_t=25-30 frames=25-86
0: [step=0000810] total=1.0575 action_l1=0.2117 feat=0.4135 depth=0.1806 ray=0.0000 point=0.0000 rel@1/5/10=0.280/0.758/0.919 mse=0.01368 s/step=1.773 lr=3.0e-05/3.0e-04
0: [data-wait step=0000820 rank=0] wait=0.00s threshold=20.00s epoch_batch=39 datasets=libero_hdf5:3 stats=libero_hdf5:3 views=2:3 valid=1.000 cameras=agentview_rgb+eye_in_hand_rgb:3 episodes=0-0 start_t=2-22 frames=2-78
0: [data-wait step=0000820 rank=0] wait=0.00s threshold=20.00s epoch_batch=40 datasets=libero_hdf5:3 stats=libero_hdf5:3 views=2:3 valid=1.000 cameras=agentview_rgb+eye_in_hand_rgb:3 episodes=0-0 start_t=3-20 frames=3-76
0: [step=0000820] total=1.1028 action_l1=0.2278 feat=0.4104 depth=0.1819 ray=0.0000 point=0.0000 rel@1/5/10=0.161/0.649/0.893 mse=0.01668 s/step=1.637 lr=2.9e-05/2.9e-04
0: [data-wait step=0000830 rank=0] wait=0.00s threshold=20.00s epoch_batch=59 datasets=libero_hdf5:3 stats=libero_hdf5:3 views=2:3 valid=1.000 cameras=agentview_rgb+eye_in_hand_rgb:3 episodes=0-0 start_t=6-9 frames=6-65
0: [data-wait step=0000830 rank=0] wait=0.00s threshold=20.00s epoch_batch=60 datasets=libero_hdf5:3 stats=libero_hdf5:3 views=2:3 valid=1.000 cameras=agentview_rgb+eye_in_hand_rgb:3 episodes=0-0 start_t=3-33 frames=3-89
0: [step=0000830] total=1.1347 action_l1=0.2405 feat=0.4045 depth=0.1758 ray=0.0000 point=0.0000 rel@1/5/10=0.331/0.774/0.938 mse=0.01158 s/step=1.334 lr=2.7e-05/2.7e-04
0: [data-wait step=0000840 rank=0] wait=0.00s threshold=20.00s epoch_batch=79 datasets=libero_hdf5:3 stats=libero_hdf5:3 views=2:3 valid=1.000 cameras=agentview_rgb+eye_in_hand_rgb:3 episodes=0-0 start_t=0-23 frames=0-79
0: [data-wait step=0000840 rank=0] wait=0.00s threshold=20.00s epoch_batch=80 datasets=libero_hdf5:3 stats=libero_hdf5:3 views=2:3 valid=1.000 cameras=agentview_rgb+eye_in_hand_rgb:3 episodes=0-0 start_t=9-28 frames=9-84
0: [step=0000840] total=1.0535 action_l1=0.2133 feat=0.4047 depth=0.1766 ray=0.0000 point=0.0000 rel@1/5/10=0.220/0.839/0.982 mse=0.00577 s/step=1.786 lr=2.6e-05/2.6e-04
0: [data-wait step=0000850 rank=0] wait=0.00s threshold=20.00s epoch_batch=99 datasets=libero_hdf5:3 stats=libero_hdf5:3 views=2:3 valid=1.000 cameras=agentview_rgb+eye_in_hand_rgb:3 episodes=0-0 start_t=23-32 frames=23-88
0: [data-wait step=0000850 rank=0] wait=0.00s threshold=20.00s epoch_batch=100 datasets=libero_hdf5:3 stats=libero_hdf5:3 views=2:3 valid=1.000 cameras=agentview_rgb+eye_in_hand_rgb:3 episodes=0-0 start_t=6-34 frames=6-90
0: [step=0000850] total=1.1405 action_l1=0.2429 feat=0.4030 depth=0.1752 ray=0.0000 point=0.0000 rel@1/5/10=0.213/0.727/0.890 mse=0.02293 s/step=1.789 lr=2.5e-05/2.5e-04
0: [data-wait step=0000860 rank=0] wait=0.00s threshold=20.00s epoch_batch=119 datasets=libero_hdf5:3 stats=libero_hdf5:3 views=2:3 valid=1.000 cameras=agentview_rgb+eye_in_hand_rgb:3 episodes=0-0 start_t=0-33 frames=0-89
0: [data-wait step=0000860 rank=0] wait=0.00s threshold=20.00s epoch_batch=120 datasets=libero_hdf5:3 stats=libero_hdf5:3 views=2:3 valid=1.000 cameras=agentview_rgb+eye_in_hand_rgb:3 episodes=0-0 start_t=6-31 frames=6-87
0: [step=0000860] total=1.0878 action_l1=0.2260 feat=0.4013 depth=0.1719 ray=0.0000 point=0.0000 rel@1/5/10=0.351/0.857/0.958 mse=0.00836 s/step=1.391 lr=2.4e-05/2.4e-04
0: [data-wait step=0000870 rank=0] wait=0.00s threshold=20.00s epoch_batch=139 datasets=libero_hdf5:3 stats=libero_hdf5:3 views=2:3 valid=1.000 cameras=agentview_rgb+eye_in_hand_rgb:3 episodes=0-0 start_t=17-26 frames=17-82
0: [data-wait step=0000870 rank=0] wait=0.00s threshold=20.00s epoch_batch=140 datasets=libero_hdf5:3 stats=libero_hdf5:3 views=2:3 valid=1.000 cameras=agentview_rgb+eye_in_hand_rgb:3 episodes=0-0 start_t=1-34 frames=1-90
0: [step=0000870] total=1.0583 action_l1=0.2173 feat=0.3981 depth=0.1674 ray=0.0000 point=0.0000 rel@1/5/10=0.265/0.794/0.935 mse=0.01350 s/step=1.739 lr=2.3e-05/2.3e-04
0: [data-wait step=0000880 rank=0] wait=0.00s threshold=20.00s epoch_batch=159 datasets=libero_hdf5:3 stats=libero_hdf5:3 views=2:3 valid=1.000 cameras=agentview_rgb+eye_in_hand_rgb:3 episodes=0-0 start_t=10-29 frames=10-85
0: [data-wait step=0000880 rank=0] wait=0.00s threshold=20.00s epoch_batch=160 datasets=libero_hdf5:3 stats=libero_hdf5:3 views=2:3 valid=1.000 cameras=agentview_rgb+eye_in_hand_rgb:3 episodes=0-0 start_t=11-31 frames=11-87
0: [step=0000880] total=1.1593 action_l1=0.2514 feat=0.3965 depth=0.1725 ray=0.0000 point=0.0000 rel@1/5/10=0.230/0.750/0.933 mse=0.01344 s/step=1.526 lr=2.2e-05/2.2e-04
0: [data-wait step=0000890 rank=0] wait=0.00s threshold=20.00s epoch_batch=179 datasets=libero_hdf5:3 stats=libero_hdf5:3 views=2:3 valid=1.000 cameras=agentview_rgb+eye_in_hand_rgb:3 episodes=0-0 start_t=1-29 frames=1-85
0: [data-wait step=0000890 rank=0] wait=0.00s threshold=20.00s epoch_batch=180 datasets=libero_hdf5:3 stats=libero_hdf5:3 views=2:3 valid=1.000 cameras=agentview_rgb+eye_in_hand_rgb:3 episodes=0-0 start_t=1-10 frames=1-66
0: [step=0000890] total=0.9660 action_l1=0.1870 feat=0.3967 depth=0.1680 ray=0.0000 point=0.0000 rel@1/5/10=0.292/0.827/0.952 mse=0.01007 s/step=1.787 lr=2.1e-05/2.1e-04
0: [data-wait step=0000900 rank=0] wait=0.00s threshold=20.00s epoch_batch=199 datasets=libero_hdf5:3 stats=libero_hdf5:3 views=2:3 valid=1.000 cameras=agentview_rgb+eye_in_hand_rgb:3 episodes=0-0 start_t=4-19 frames=4-75
0: [data-wait step=0000900 rank=0] wait=0.00s threshold=20.00s epoch_batch=200 datasets=libero_hdf5:3 stats=libero_hdf5:3 views=2:3 valid=1.000 cameras=agentview_rgb+eye_in_hand_rgb:3 episodes=0-0 start_t=17-34 frames=17-90
0: [step=0000900] total=1.0803 action_l1=0.2259 feat=0.3939 depth=0.1732 ray=0.0000 point=0.0000 rel@1/5/10=0.240/0.729/0.896 mse=0.01459 s/step=1.753 lr=2.0e-05/2.0e-04
0: [data-wait step=0000910 rank=0] wait=0.00s threshold=20.00s epoch_batch=19 datasets=libero_hdf5:3 stats=libero_hdf5:3 views=2:3 valid=1.000 cameras=agentview_rgb+eye_in_hand_rgb:3 episodes=0-0 start_t=3-30 frames=3-86
0: [data-wait step=0000910 rank=0] wait=0.00s threshold=20.00s epoch_batch=20 datasets=libero_hdf5:3 stats=libero_hdf5:3 views=2:3 valid=1.000 cameras=agentview_rgb+eye_in_hand_rgb:3 episodes=0-0 start_t=1-30 frames=1-86
0: [step=0000910] total=1.1235 action_l1=0.2407 feat=0.3928 depth=0.1702 ray=0.0000 point=0.0000 rel@1/5/10=0.265/0.868/0.969 mse=0.01073 s/step=1.659 lr=1.9e-05/1.9e-04
0: [data-wait step=0000920 rank=0] wait=0.00s threshold=20.00s epoch_batch=39 datasets=libero_hdf5:3 stats=libero_hdf5:3 views=2:3 valid=1.000 cameras=agentview_rgb+eye_in_hand_rgb:3 episodes=0-0 start_t=2-23 frames=2-79
0: [data-wait step=0000920 rank=0] wait=0.00s threshold=20.00s epoch_batch=40 datasets=libero_hdf5:3 stats=libero_hdf5:3 views=2:3 valid=1.000 cameras=agentview_rgb+eye_in_hand_rgb:3 episodes=0-0 start_t=10-26 frames=10-82
0: [step=0000920] total=0.9760 action_l1=0.1922 feat=0.3910 depth=0.1699 ray=0.0000 point=0.0000 rel@1/5/10=0.281/0.847/0.957 mse=0.00885 s/step=1.708 lr=1.8e-05/1.8e-04
0: [data-wait step=0000930 rank=0] wait=0.00s threshold=20.00s epoch_batch=59 datasets=libero_hdf5:3 stats=libero_hdf5:3 views=2:3 valid=1.000 cameras=agentview_rgb+eye_in_hand_rgb:3 episodes=0-0 start_t=7-28 frames=7-84
0: [data-wait step=0000930 rank=0] wait=0.00s threshold=20.00s epoch_batch=60 datasets=libero_hdf5:3 stats=libero_hdf5:3 views=2:3 valid=1.000 cameras=agentview_rgb+eye_in_hand_rgb:3 episodes=0-0 start_t=12-31 frames=12-87
0: [step=0000930] total=1.0698 action_l1=0.2240 feat=0.3896 depth=0.1648 ray=0.0000 point=0.0000 rel@1/5/10=0.353/0.873/0.956 mse=0.00730 s/step=1.444 lr=1.7e-05/1.7e-04
0: [data-wait step=0000940 rank=0] wait=0.00s threshold=20.00s epoch_batch=79 datasets=libero_hdf5:3 stats=libero_hdf5:3 views=2:3 valid=1.000 cameras=agentview_rgb+eye_in_hand_rgb:3 episodes=0-0 start_t=4-30 frames=4-86
0: [data-wait step=0000940 rank=0] wait=0.00s threshold=20.00s epoch_batch=80 datasets=libero_hdf5:3 stats=libero_hdf5:3 views=2:3 valid=1.000 cameras=agentview_rgb+eye_in_hand_rgb:3 episodes=0-0 start_t=21-30 frames=21-86
0: [step=0000940] total=0.9771 action_l1=0.1934 feat=0.3888 depth=0.1641 ray=0.0000 point=0.0000 rel@1/5/10=0.198/0.793/0.955 mse=0.00965 s/step=1.433 lr=1.6e-05/1.6e-04
0: [data-wait step=0000950 rank=0] wait=0.00s threshold=20.00s epoch_batch=99 datasets=libero_hdf5:3 stats=libero_hdf5:3 views=2:3 valid=1.000 cameras=agentview_rgb+eye_in_hand_rgb:3 episodes=0-0 start_t=0-18 frames=0-74
0: [data-wait step=0000950 rank=0] wait=0.00s threshold=20.00s epoch_batch=100 datasets=libero_hdf5:3 stats=libero_hdf5:3 views=2:3 valid=1.000 cameras=agentview_rgb+eye_in_hand_rgb:3 episodes=0-0 start_t=16-26 frames=16-82
0: [step=0000950] total=0.9887 action_l1=0.1977 feat=0.3873 depth=0.1628 ray=0.0000 point=0.0000 rel@1/5/10=0.423/0.851/0.970 mse=0.00629 s/step=1.658 lr=1.5e-05/1.5e-04
0: [data-wait step=0000960 rank=0] wait=0.00s threshold=20.00s epoch_batch=119 datasets=libero_hdf5:3 stats=libero_hdf5:3 views=2:3 valid=1.000 cameras=agentview_rgb+eye_in_hand_rgb:3 episodes=0-0 start_t=5-26 frames=5-82
0: [data-wait step=0000960 rank=0] wait=0.00s threshold=20.00s epoch_batch=120 datasets=libero_hdf5:3 stats=libero_hdf5:3 views=2:3 valid=1.000 cameras=agentview_rgb+eye_in_hand_rgb:3 episodes=0-0 start_t=17-26 frames=17-82
0: [step=0000960] total=0.9893 action_l1=0.1987 feat=0.3852 depth=0.1599 ray=0.0000 point=0.0000 rel@1/5/10=0.286/0.818/0.955 mse=0.00845 s/step=1.843 lr=1.4e-05/1.4e-04
0: [data-wait step=0000970 rank=0] wait=0.00s threshold=20.00s epoch_batch=139 datasets=libero_hdf5:3 stats=libero_hdf5:3 views=2:3 valid=1.000 cameras=agentview_rgb+eye_in_hand_rgb:3 episodes=0-0 start_t=13-28 frames=13-84
0: [data-wait step=0000970 rank=0] wait=0.00s threshold=20.00s epoch_batch=140 datasets=libero_hdf5:3 stats=libero_hdf5:3 views=2:3 valid=1.000 cameras=agentview_rgb+eye_in_hand_rgb:3 episodes=0-0 start_t=5-20 frames=5-76
0: [step=0000970] total=0.9488 action_l1=0.1852 feat=0.3850 depth=0.1641 ray=0.0000 point=0.0000 rel@1/5/10=0.281/0.849/0.965 mse=0.00738 s/step=1.344 lr=1.3e-05/1.3e-04
0: [data-wait step=0000980 rank=0] wait=0.00s threshold=20.00s epoch_batch=159 datasets=libero_hdf5:3 stats=libero_hdf5:3 views=2:3 valid=1.000 cameras=agentview_rgb+eye_in_hand_rgb:3 episodes=0-0 start_t=4-28 frames=4-84
0: [data-wait step=0000980 rank=0] wait=0.00s threshold=20.00s epoch_batch=160 datasets=libero_hdf5:3 stats=libero_hdf5:3 views=2:3 valid=1.000 cameras=agentview_rgb+eye_in_hand_rgb:3 episodes=0-0 start_t=21-33 frames=21-89
0: [step=0000980] total=0.9778 action_l1=0.1947 feat=0.3856 depth=0.1596 ray=0.0000 point=0.0000 rel@1/5/10=0.226/0.810/0.911 mse=0.01490 s/step=1.666 lr=1.2e-05/1.2e-04
0: [data-wait step=0000990 rank=0] wait=0.00s threshold=20.00s epoch_batch=179 datasets=libero_hdf5:3 stats=libero_hdf5:3 views=2:3 valid=1.000 cameras=agentview_rgb+eye_in_hand_rgb:3 episodes=0-0 start_t=7-13 frames=7-69
0: [data-wait step=0000990 rank=0] wait=0.00s threshold=20.00s epoch_batch=180 datasets=libero_hdf5:3 stats=libero_hdf5:3 views=2:3 valid=1.000 cameras=agentview_rgb+eye_in_hand_rgb:3 episodes=0-0 start_t=8-21 frames=8-77
0: [step=0000990] total=0.9234 action_l1=0.1776 feat=0.3827 depth=0.1571 ray=0.0000 point=0.0000 rel@1/5/10=0.361/0.879/0.964 mse=0.00638 s/step=1.685 lr=1.1e-05/1.1e-04
0: [data-wait step=0001000 rank=0] wait=0.00s threshold=20.00s epoch_batch=199 datasets=libero_hdf5:3 stats=libero_hdf5:3 views=2:3 valid=1.000 cameras=agentview_rgb+eye_in_hand_rgb:3 episodes=0-0 start_t=5-18 frames=5-74
0: [data-wait step=0001000 rank=0] wait=0.00s threshold=20.00s epoch_batch=200 datasets=libero_hdf5:3 stats=libero_hdf5:3 views=2:3 valid=1.000 cameras=agentview_rgb+eye_in_hand_rgb:3 episodes=0-0 start_t=8-16 frames=8-72
0: [step=0001000] total=0.9656 action_l1=0.1923 feat=0.3808 depth=0.1573 ray=0.0000 point=0.0000 rel@1/5/10=0.372/0.893/0.985 mse=0.00466 s/step=1.650 lr=9.8e-06/9.8e-05
0: [data-wait step=0001010 rank=0] wait=0.00s threshold=20.00s epoch_batch=19 datasets=libero_hdf5:3 stats=libero_hdf5:3 views=2:3 valid=1.000 cameras=agentview_rgb+eye_in_hand_rgb:3 episodes=0-0 start_t=7-24 frames=7-80
0: [data-wait step=0001010 rank=0] wait=0.00s threshold=20.00s epoch_batch=20 datasets=libero_hdf5:3 stats=libero_hdf5:3 views=2:3 valid=1.000 cameras=agentview_rgb+eye_in_hand_rgb:3 episodes=0-0 start_t=2-15 frames=2-71
0: [step=0001010] total=0.9710 action_l1=0.1943 feat=0.3800 depth=0.1612 ray=0.0000 point=0.0000 rel@1/5/10=0.366/0.878/0.969 mse=0.00670 s/step=1.552 lr=9.0e-06/9.0e-05
0: [data-wait step=0001020 rank=0] wait=0.00s threshold=20.00s epoch_batch=39 datasets=libero_hdf5:3 stats=libero_hdf5:3 views=2:3 valid=1.000 cameras=agentview_rgb+eye_in_hand_rgb:3 episodes=0-0 start_t=3-23 frames=3-79
0: [data-wait step=0001020 rank=0] wait=0.00s threshold=20.00s epoch_batch=40 datasets=libero_hdf5:3 stats=libero_hdf5:3 views=2:3 valid=1.000 cameras=agentview_rgb+eye_in_hand_rgb:3 episodes=0-0 start_t=3-25 frames=3-81
0: [step=0001020] total=0.9565 action_l1=0.1898 feat=0.3790 depth=0.1612 ray=0.0000 point=0.0000 rel@1/5/10=0.417/0.899/0.973 mse=0.00536 s/step=1.593 lr=8.1e-06/8.1e-05
0: [data-wait step=0001030 rank=0] wait=0.00s threshold=20.00s epoch_batch=59 datasets=libero_hdf5:3 stats=libero_hdf5:3 views=2:3 valid=1.000 cameras=agentview_rgb+eye_in_hand_rgb:3 episodes=0-0 start_t=23-30 frames=23-86
0: [data-wait step=0001030 rank=0] wait=0.00s threshold=20.00s epoch_batch=60 datasets=libero_hdf5:3 stats=libero_hdf5:3 views=2:3 valid=1.000 cameras=agentview_rgb+eye_in_hand_rgb:3 episodes=0-0 start_t=5-27 frames=5-83
0: [step=0001030] total=1.0487 action_l1=0.2199 feat=0.3810 depth=0.1590 ray=0.0000 point=0.0000 rel@1/5/10=0.375/0.851/0.982 mse=0.00556 s/step=1.458 lr=7.4e-06/7.4e-05
0: [data-wait step=0001040 rank=0] wait=0.00s threshold=20.00s epoch_batch=79 datasets=libero_hdf5:3 stats=libero_hdf5:3 views=2:3 valid=1.000 cameras=agentview_rgb+eye_in_hand_rgb:3 episodes=0-0 start_t=0-24 frames=0-80
0: [data-wait step=0001040 rank=0] wait=0.00s threshold=20.00s epoch_batch=80 datasets=libero_hdf5:3 stats=libero_hdf5:3 views=2:3 valid=1.000 cameras=agentview_rgb+eye_in_hand_rgb:3 episodes=0-0 start_t=11-28 frames=11-84
0: [step=0001040] total=0.9900 action_l1=0.2006 feat=0.3800 depth=0.1628 ray=0.0000 point=0.0000 rel@1/5/10=0.417/0.917/0.982 mse=0.00342 s/step=1.552 lr=6.6e-06/6.6e-05
0: [data-wait step=0001050 rank=0] wait=0.00s threshold=20.00s epoch_batch=99 datasets=libero_hdf5:3 stats=libero_hdf5:3 views=2:3 valid=1.000 cameras=agentview_rgb+eye_in_hand_rgb:3 episodes=0-0 start_t=5-32 frames=5-88
0: [data-wait step=0001050 rank=0] wait=0.00s threshold=20.00s epoch_batch=100 datasets=libero_hdf5:3 stats=libero_hdf5:3 views=2:3 valid=1.000 cameras=agentview_rgb+eye_in_hand_rgb:3 episodes=0-0 start_t=7-31 frames=7-87
0: [step=0001050] total=0.8235 action_l1=0.1449 feat=0.3812 depth=0.1487 ray=0.0000 point=0.0000 rel@1/5/10=0.397/0.890/0.974 mse=0.00677 s/step=1.733 lr=5.9e-06/5.9e-05
0: [data-wait step=0001060 rank=0] wait=0.00s threshold=20.00s epoch_batch=119 datasets=libero_hdf5:3 stats=libero_hdf5:3 views=2:3 valid=1.000 cameras=agentview_rgb+eye_in_hand_rgb:3 episodes=0-0 start_t=1-31 frames=1-87
0: [data-wait step=0001060 rank=0] wait=0.00s threshold=20.00s epoch_batch=120 datasets=libero_hdf5:3 stats=libero_hdf5:3 views=2:3 valid=1.000 cameras=agentview_rgb+eye_in_hand_rgb:3 episodes=0-0 start_t=8-27 frames=8-83
0: [step=0001060] total=0.8961 action_l1=0.1695 feat=0.3799 depth=0.1556 ray=0.0000 point=0.0000 rel@1/5/10=0.476/0.890/0.973 mse=0.00543 s/step=1.593 lr=5.2e-06/5.2e-05
0: [data-wait step=0001070 rank=0] wait=0.00s threshold=20.00s epoch_batch=139 datasets=libero_hdf5:3 stats=libero_hdf5:3 views=2:3 valid=1.000 cameras=agentview_rgb+eye_in_hand_rgb:3 episodes=0-0 start_t=2-21 frames=2-77
0: [data-wait step=0001070 rank=0] wait=0.00s threshold=20.00s epoch_batch=140 datasets=libero_hdf5:3 stats=libero_hdf5:3 views=2:3 valid=1.000 cameras=agentview_rgb+eye_in_hand_rgb:3 episodes=0-0 start_t=3-6 frames=3-62
0: [step=0001070] total=1.0301 action_l1=0.2151 feat=0.3769 depth=0.1600 ray=0.0000 point=0.0000 rel@1/5/10=0.417/0.821/0.940 mse=0.00867 s/step=1.701 lr=4.6e-06/4.6e-05
0: [data-wait step=0001080 rank=0] wait=0.00s threshold=20.00s epoch_batch=159 datasets=libero_hdf5:3 stats=libero_hdf5:3 views=2:3 valid=1.000 cameras=agentview_rgb+eye_in_hand_rgb:3 episodes=0-0 start_t=7-34 frames=7-90
0: [data-wait step=0001080 rank=0] wait=0.00s threshold=20.00s epoch_batch=160 datasets=libero_hdf5:3 stats=libero_hdf5:3 views=2:3 valid=1.000 cameras=agentview_rgb+eye_in_hand_rgb:3 episodes=0-0 start_t=0-26 frames=0-82
0: [step=0001080] total=1.0069 action_l1=0.2072 feat=0.3775 depth=0.1577 ray=0.0000 point=0.0000 rel@1/5/10=0.391/0.869/0.962 mse=0.01069 s/step=1.673 lr=4.0e-06/4.0e-05
0: [data-wait step=0001090 rank=0] wait=0.00s threshold=20.00s epoch_batch=179 datasets=libero_hdf5:3 stats=libero_hdf5:3 views=2:3 valid=1.000 cameras=agentview_rgb+eye_in_hand_rgb:3 episodes=0-0 start_t=14-34 frames=14-90
0: [data-wait step=0001090 rank=0] wait=0.00s threshold=20.00s epoch_batch=180 datasets=libero_hdf5:3 stats=libero_hdf5:3 views=2:3 valid=1.000 cameras=agentview_rgb+eye_in_hand_rgb:3 episodes=0-0 start_t=0-29 frames=0-85
0: [step=0001090] total=1.0038 action_l1=0.2068 feat=0.3757 depth=0.1562 ray=0.0000 point=0.0000 rel@1/5/10=0.333/0.810/0.911 mse=0.02690 s/step=1.405 lr=3.5e-06/3.5e-05
0: [data-wait step=0001100 rank=0] wait=0.00s threshold=20.00s epoch_batch=199 datasets=libero_hdf5:3 stats=libero_hdf5:3 views=2:3 valid=1.000 cameras=agentview_rgb+eye_in_hand_rgb:3 episodes=0-0 start_t=4-33 frames=4-89
0: [data-wait step=0001100 rank=0] wait=0.00s threshold=20.00s epoch_batch=200 datasets=libero_hdf5:3 stats=libero_hdf5:3 views=2:3 valid=1.000 cameras=agentview_rgb+eye_in_hand_rgb:3 episodes=0-0 start_t=1-11 frames=1-67
0: [step=0001100] total=0.8517 action_l1=0.1562 feat=0.3757 depth=0.1511 ray=0.0000 point=0.0000 rel@1/5/10=0.446/0.878/0.961 mse=0.00959 s/step=1.598 lr=3.0e-06/3.0e-05
0: [data-wait step=0001110 rank=0] wait=0.00s threshold=20.00s epoch_batch=19 datasets=libero_hdf5:3 stats=libero_hdf5:3 views=2:3 valid=1.000 cameras=agentview_rgb+eye_in_hand_rgb:3 episodes=0-0 start_t=1-23 frames=1-79
0: [data-wait step=0001110 rank=0] wait=0.00s threshold=20.00s epoch_batch=20 datasets=libero_hdf5:3 stats=libero_hdf5:3 views=2:3 valid=1.000 cameras=agentview_rgb+eye_in_hand_rgb:3 episodes=0-0 start_t=1-27 frames=1-83
0: [step=0001110] total=0.7638 action_l1=0.1262 feat=0.3779 depth=0.1480 ray=0.0000 point=0.0000 rel@1/5/10=0.545/0.878/0.958 mse=0.00990 s/step=1.790 lr=2.5e-06/2.5e-05
0: [data-wait step=0001120 rank=0] wait=0.00s threshold=20.00s epoch_batch=39 datasets=libero_hdf5:3 stats=libero_hdf5:3 views=2:3 valid=1.000 cameras=agentview_rgb+eye_in_hand_rgb:3 episodes=0-0 start_t=0-30 frames=0-86
0: [data-wait step=0001120 rank=0] wait=0.00s threshold=20.00s epoch_batch=40 datasets=libero_hdf5:3 stats=libero_hdf5:3 views=2:3 valid=1.000 cameras=agentview_rgb+eye_in_hand_rgb:3 episodes=0-0 start_t=3-16 frames=3-72
0: [step=0001120] total=1.0190 action_l1=0.2119 feat=0.3753 depth=0.1603 ray=0.0000 point=0.0000 rel@1/5/10=0.524/0.899/0.970 mse=0.00515 s/step=1.476 lr=2.1e-06/2.1e-05
0: [data-wait step=0001130 rank=0] wait=0.00s threshold=20.00s epoch_batch=59 datasets=libero_hdf5:3 stats=libero_hdf5:3 views=2:3 valid=1.000 cameras=agentview_rgb+eye_in_hand_rgb:3 episodes=0-0 start_t=15-17 frames=15-73
0: [data-wait step=0001130 rank=0] wait=0.00s threshold=20.00s epoch_batch=60 datasets=libero_hdf5:3 stats=libero_hdf5:3 views=2:3 valid=1.000 cameras=agentview_rgb+eye_in_hand_rgb:3 episodes=0-0 start_t=18-32 frames=18-88
0: [step=0001130] total=0.9139 action_l1=0.1770 feat=0.3752 depth=0.1529 ray=0.0000 point=0.0000 rel@1/5/10=0.522/0.919/0.972 mse=0.00472 s/step=1.394 lr=1.7e-06/1.7e-05
0: [data-wait step=0001140 rank=0] wait=0.00s threshold=20.00s epoch_batch=79 datasets=libero_hdf5:3 stats=libero_hdf5:3 views=2:3 valid=1.000 cameras=agentview_rgb+eye_in_hand_rgb:3 episodes=0-0 start_t=16-23 frames=16-79
0: [data-wait step=0001140 rank=0] wait=0.00s threshold=20.00s epoch_batch=80 datasets=libero_hdf5:3 stats=libero_hdf5:3 views=2:3 valid=1.000 cameras=agentview_rgb+eye_in_hand_rgb:3 episodes=0-0 start_t=1-27 frames=1-83
0: [step=0001140] total=0.8028 action_l1=0.1389 feat=0.3786 depth=0.1505 ray=0.0000 point=0.0000 rel@1/5/10=0.488/0.911/0.971 mse=0.00740 s/step=2.041 lr=1.4e-06/1.4e-05
0: [data-wait step=0001150 rank=0] wait=0.00s threshold=20.00s epoch_batch=99 datasets=libero_hdf5:3 stats=libero_hdf5:3 views=2:3 valid=1.000 cameras=agentview_rgb+eye_in_hand_rgb:3 episodes=0-0 start_t=5-34 frames=5-90
0: [data-wait step=0001150 rank=0] wait=0.00s threshold=20.00s epoch_batch=100 datasets=libero_hdf5:3 stats=libero_hdf5:3 views=2:3 valid=1.000 cameras=agentview_rgb+eye_in_hand_rgb:3 episodes=0-0 start_t=1-29 frames=1-85
0: [step=0001150] total=0.8770 action_l1=0.1638 feat=0.3779 depth=0.1537 ray=0.0000 point=0.0000 rel@1/5/10=0.500/0.875/0.940 mse=0.01759 s/step=1.915 lr=1.1e-06/1.1e-05
0: [data-wait step=0001160 rank=0] wait=0.00s threshold=20.00s epoch_batch=119 datasets=libero_hdf5:3 stats=libero_hdf5:3 views=2:3 valid=1.000 cameras=agentview_rgb+eye_in_hand_rgb:3 episodes=0-0 start_t=6-31 frames=6-87
0: [data-wait step=0001160 rank=0] wait=0.00s threshold=20.00s epoch_batch=120 datasets=libero_hdf5:3 stats=libero_hdf5:3 views=2:3 valid=1.000 cameras=agentview_rgb+eye_in_hand_rgb:3 episodes=0-0 start_t=17-29 frames=17-85
0: [step=0001160] total=0.9439 action_l1=0.1859 feat=0.3783 depth=0.1569 ray=0.0000 point=0.0000 rel@1/5/10=0.532/0.923/0.976 mse=0.00568 s/step=1.327 lr=9.0e-07/9.0e-06
0: [data-wait step=0001170 rank=0] wait=0.00s threshold=20.00s epoch_batch=139 datasets=libero_hdf5:3 stats=libero_hdf5:3 views=2:3 valid=1.000 cameras=agentview_rgb+eye_in_hand_rgb:3 episodes=0-0 start_t=11-29 frames=11-85
0: [data-wait step=0001170 rank=0] wait=0.00s threshold=20.00s epoch_batch=140 datasets=libero_hdf5:3 stats=libero_hdf5:3 views=2:3 valid=1.000 cameras=agentview_rgb+eye_in_hand_rgb:3 episodes=0-0 start_t=11-34 frames=11-90
0: [step=0001170] total=0.9306 action_l1=0.1823 feat=0.3761 depth=0.1530 ray=0.0000 point=0.0000 rel@1/5/10=0.482/0.917/0.976 mse=0.00611 s/step=1.538 lr=7.2e-07/7.2e-06
0: [data-wait step=0001180 rank=0] wait=0.00s threshold=20.00s epoch_batch=159 datasets=libero_hdf5:3 stats=libero_hdf5:3 views=2:3 valid=1.000 cameras=agentview_rgb+eye_in_hand_rgb:3 episodes=0-0 start_t=0-25 frames=0-81
0: [data-wait step=0001180 rank=0] wait=0.00s threshold=20.00s epoch_batch=160 datasets=libero_hdf5:3 stats=libero_hdf5:3 views=2:3 valid=1.000 cameras=agentview_rgb+eye_in_hand_rgb:3 episodes=0-0 start_t=13-27 frames=13-83
0: [step=0001180] total=0.8193 action_l1=0.1453 feat=0.3758 depth=0.1515 ray=0.0000 point=0.0000 rel@1/5/10=0.517/0.908/0.976 mse=0.00453 s/step=1.938 lr=6.0e-07/6.0e-06
0: [data-wait step=0001190 rank=0] wait=0.00s threshold=20.00s epoch_batch=179 datasets=libero_hdf5:3 stats=libero_hdf5:3 views=2:3 valid=1.000 cameras=agentview_rgb+eye_in_hand_rgb:3 episodes=0-0 start_t=9-16 frames=9-72
0: [data-wait step=0001190 rank=0] wait=0.00s threshold=20.00s epoch_batch=180 datasets=libero_hdf5:3 stats=libero_hdf5:3 views=2:3 valid=1.000 cameras=agentview_rgb+eye_in_hand_rgb:3 episodes=0-0 start_t=2-32 frames=2-88
0: [step=0001190] total=0.8767 action_l1=0.1652 feat=0.3736 depth=0.1510 ray=0.0000 point=0.0000 rel@1/5/10=0.494/0.896/0.975 mse=0.00756 s/step=1.757 lr=5.2e-07/5.2e-06
0: [data-wait step=0001200 rank=0] wait=0.00s threshold=20.00s epoch_batch=199 datasets=libero_hdf5:3 stats=libero_hdf5:3 views=2:3 valid=1.000 cameras=agentview_rgb+eye_in_hand_rgb:3 episodes=0-0 start_t=0-29 frames=0-85
0: [data-wait step=0001200 rank=0] wait=0.00s threshold=20.00s epoch_batch=200 datasets=libero_hdf5:3 stats=libero_hdf5:3 views=2:3 valid=1.000 cameras=agentview_rgb+eye_in_hand_rgb:3 episodes=0-0 start_t=2-8 frames=2-64
0: [step=0001200] total=0.9711 action_l1=0.1965 feat=0.3739 depth=0.1562 ray=0.0000 point=0.0000 rel@1/5/10=0.538/0.909/0.978 mse=0.00467 s/step=1.362 lr=5.0e-07/5.0e-06
0: Training complete.
0: [rank0]:[W903 14:12:26.372630355 ProcessGroupNCCL.cpp:1497] Warning: WARNING: destroy_process_group() was not called before program exit, which can leak resources. For more info, please see https://pytorch.org/docs/stable/distributed.html#shutdown (function operator())
1: [rank4]:[W903 14:14:30.413212060 ProcessGroupNCCL.cpp:1497] Warning: WARNING: destroy_process_group() was not called before program exit, which can leak resources. For more info, please see https://pytorch.org/docs/stable/distributed.html#shutdown (function operator())
0: Saved PDF report to /iopsstor/scratch/cscs/veichta/rpr-wp3/runs/long_8gpu_3277945/gssr_3277945.pdf
0: pdf /iopsstor/scratch/cscs/veichta/rpr-wp3/runs/long_8gpu_3277945/gssr_3277945.pdf
