job 3277872 nodes 1 gpus 4 micro 3 accum 4 steps 1000 config configs/training/libero_unified/gam/chunk8_150k_2node.yaml ds 0 extra 
0: Config: configs/training/libero_unified/gam/chunk8_150k_2node.yaml
0: Experiment dir: /iopsstor/scratch/cscs/veichta/rpr-wp3/runs/long_4gpu_3277872/results/robot-20260903-124102
0: Distributed process-group timeout: 120.0 minutes
0: Installed training preemption signal handlers: SIGUSR1, SIGTERM
0: Slurm walltime guard: remaining=3547s preemption_guard=90s closed_loop_guard=1800s
0: Distributed periodic preemption signal check disabled; checkpoint/eval boundary checks remain enabled
0: bf16=True, compile=False, world_size=4
0: DA3 fine-tune views: n_views=2 camera_keys=['agentview_rgb', 'eye_in_hand_rgb'] rollout_camera_keys=None
0: Stage 1 teacher checkpoint: /iopsstor/scratch/cscs/veichta/rpr-wp3/code/gam/checkpoints/track4world_da3.pth (student/bootstrap checkpoint: /iopsstor/scratch/cscs/veichta/rpr-wp3/code/gam/checkpoints/track4world_da3.pth)
0: Teacher and student/bootstrap Stage 1 checkpoints are identical; set stage_1.teacher_ckpt_path to keep the depth teacher pristine.
0: [93m[WARN ] Dependency `gsplat` is required for rendering 3DGS. Install via: pip install git+https://github.com/nerfstudio-project/gsplat.git@0b4dddf04cb687367602c01196913cde6a743d70[0m
0: [93m[WARN ] Dependency `gsplat` is required for rendering 3DGS. Install via: pip install git+https://github.com/nerfstudio-project/gsplat.git@0b4dddf04cb687367602c01196913cde6a743d70[0m
0: [93m[WARN ] Dependency `gsplat` is required for rendering 3DGS. Install via: pip install git+https://github.com/nerfstudio-project/gsplat.git@0b4dddf04cb687367602c01196913cde6a743d70[0m
0: [93m[WARN ] Dependency `gsplat` is required for rendering 3DGS. Install via: pip install git+https://github.com/nerfstudio-project/gsplat.git@0b4dddf04cb687367602c01196913cde6a743d70[0m
0: [97m[INFO ] using SwiGLU layer as FFN[0m[97m[INFO ] using SwiGLU layer as FFN[0m[97m[INFO ] using SwiGLU layer as FFN[0m
0: 
0: 
0: [97m[INFO ] using SwiGLU layer as FFN[0m
0: [93m[WARN ] Dependency 'e3nn' not found. Required for rotating the camera space SH coeff[0m
0: [93m[WARN ] Dependency 'e3nn' not found. Required for rotating the camera space SH coeff[0m
0: [93m[WARN ] Dependency 'e3nn' not found. Required for rotating the camera space SH coeff[0m
0: [93m[WARN ] Dependency 'e3nn' not found. Required for rotating the camera space SH coeff[0m
0: DA3 da3-giant loaded: 977 keys, missing=0, unexpected=0
0: DA3 da3-giant loaded: 977 keys, missing=0, unexpected=0
0: DA3 da3-giant loaded: 977 keys, missing=0, unexpected=0
0: DA3 da3-giant loaded: 977 keys, missing=0, unexpected=0
0: [97m[INFO ] using SwiGLU layer as FFN[0m
0: [97m[INFO ] using SwiGLU layer as FFN[0m
0: 
0: [97m[INFO ] using SwiGLU layer as FFN[0m
0: [97m[INFO ] using SwiGLU layer as FFN[0m
0: DA3 da3-giant loaded: 977 keys, missing=0, unexpected=0
0: DA3 da3-giant loaded: 977 keys, missing=0, unexpected=0
0: DA3 da3-giant loaded: 977 keys, missing=0, unexpected=0
0: DA3 da3-giant loaded: 977 keys, missing=0, unexpected=0
0: Stage 1 backbone: type=da3 embed_dim=1536 patches/view=256 registers=0 freeze_before=13
0: ActionHeadV2: chunk_size=8 chunk_position_encoding=learned
0: Unified mode ON: FuturePredictor type=gam, H_choices=[1, 2, 3, 4, 5, 6, 7], lambda_feat_future=1.0000, lambda_feat_current=0.0000, lambda_proprio_future=0.0000, lambda_sigreg=0.0000, lambda_action_direct=1.0000, lambda_action_refine=1.0000, use_language=True, deep_gradient_checkpointing=False, predictor_gradient_checkpointing=False, backbone_deep_gradient_checkpointing=False, deep_temporal_causal_mask=False, use_proprio_head=False, feature_loss_norm=none, feature_loss_type=l2, feature_target_mode=future
0: Loading weights:   0%|          | 0/196 [00:00<?, ?it/s]
0: Loading weights:   0%|          | 0/196 [00:00<?, ?it/s]
0: Loading weights:   0%|          | 0/196 [00:00<?, ?it/s]
0: Loading weights:   0%|          | 0/196 [00:00<?, ?it/s]
0: Loading weights: 100%|██████████| 196/196 [00:00<00:00, 3281.44it/s]
0: Loading weights: 100%|██████████| 196/196 [00:00<00:00, 3218.54it/s]
0: 
0: Loading weights: 100%|██████████| 196/196 [00:00<00:00, 3098.40it/s]
0: Loading weights: 100%|██████████| 196/196 [00:00<00:00, 3209.82it/s]
0: 
0: [1mCLIPTextModel LOAD REPORT[0m from: /iopsstor/scratch/cscs/veichta/rpr-wp3/assets/clip-vit-large-patch14
0: Key                                                            | Status     |  | 
0: ---------------------------------------------------------------+------------+--+-
0: vision_model.encoder.layers.{0...23}.self_attn.v_proj.bias     | [38;5;208mUNEXPECTED[0m |  | 
0: vision_model.encoder.layers.{0...23}.self_attn.q_proj.weight   | [38;5;208mUNEXPECTED[0m |  | 
0: vision_model.encoder.layers.{0...23}.mlp.fc2.bias              | [38;5;208mUNEXPECTED[0m |  | 
0: vision_model.encoder.layers.{0...23}.mlp.fc1.bias              | [38;5;208mUNEXPECTED[0m |  | 
0: vision_model.encoder.layers.{0...23}.layer_norm2.bias          | [38;5;208mUNEXPECTED[0m |  | 
0: vision_model.encoder.layers.{0...23}.mlp.fc1.weight            | [38;5;208mUNEXPECTED[0m |  | 
0: vision_model.encoder.layers.{0...23}.mlp.fc2.weight            | [38;5;208mUNEXPECTED[0m |  | 
0: vision_model.encoder.layers.{0...23}.self_attn.k_proj.weight   | [38;5;
0: 208mUNEXPECTED[0m |  | 
0: vision_model.encoder.layers.{0...23}.self_attn.q_proj.bias     | [38;5;208mUNEXPECTED[0m |  | 
0: vision_model.encoder.layers.{0...23}.self_attn.out_proj.weight | [38;5;208mUNEXPECTED[0m |  | 
0: vision_model.encoder.layers.{0...23}.layer_norm1.weight        | [38;5;208mUNEXPECTED[0m |  | 
0: vision_model.encoder.layers.{0...23}.layer_norm2.weight        | [38;5;208mUNEXPECTED[0m |  | 
0: vision_model.encoder.layers.{0...23}.layer_norm1.bias          | [38;5;208mUNEXPECTED[0m |  | 
0: vision_model.encoder.layers.{0...23}.self_attn.v_proj.weight   | [38;5;208mUNEXPECTED[0m |  | 
0: vision_model.encoder.layers.{0...23}.self_attn.out_proj.bias   | [38;5;208mUNEXPECTED[0m |  | 
0: vision_model.encoder.layers.{0...23}.self_attn.k_proj.bias     | [38;5;208mUNEXPECTED[0m |  | 
0: vision_model.pre_layrnorm.weight                               | [38;5;208mUNEXPECTED[0m |  | 
0: vision_model.embeddings.position_ids                           | [38;5;208mUNEXPECTED[0m |  | 
0: vision_model.embeddings.class
0: _embedding                        | [38;5;208mUNEXPECTED[0m |  | 
0: text_model.embeddings.position_ids                             | [38;5;208mUNEXPECTED[0m |  | 
0: visual_projection.weight                                       | [38;5;208mUNEXPECTED[0m |  | 
0: vision_model.pre_layrnorm.bias                                 | [38;5;208mUNEXPECTED[0m |  | 
0: vision_model.embeddings.patch_embedding.weight                 | [38;5;208mUNEXPECTED[0m |  | 
0: text_projection.weight                                         | [38;5;208mUNEXPECTED[0m |  | 
0: vision_model.embeddings.position_embedding.weight              | [38;5;208mUNEXPECTED[0m |  | 
0: logit_scale                                                    | [38;5;208mUNEXPECTED[0m |  | 
0: vision_model.post_layernorm.bias                               | [38;5;208mUNEXPECTED[0m |  | 
0: vision_model.post_layernorm.weight                             | [38;5;208mUNEXPECTED[0m |  | 
0: 
0: Notes:
0: - [38;5;208mUNEXPECTED:[0m	[3mcan be ignored when loading from different
0:  task/architecture; not ok if you expect identical arch.[0m
0: [1mCLIPTextModel LOAD REPORT[0m from: /iopsstor/scratch/cscs/veichta/rpr-wp3/assets/clip-vit-large-patch14
0: Key                                                            | Status     |  | 
0: ---------------------------------------------------------------+------------+--+-
0: vision_model.encoder.layers.{0...23}.mlp.fc1.weight            | [38;5;208mUNEXPECTED[0m |  | 
0: vision_model.encoder.layers.{0...23}.mlp.fc2.bias              | [38;5;208mUNEXPECTED[0m |  | 
0: vision_model.encoder.layers.{0...23}.self_attn.out_proj.bias   | [38;5;208mUNEXPECTED[0m |  | 
0: vision_model.encoder.layers.{0...23}.mlp.fc2.weight            | [38;5;208mUNEXPECTED[0m |  | 
0: vision_model.encoder.layers.{0...23}.layer_norm2.weight        | [38;5;208mUNEXPECTED[0m |  | 
0: vision_model.encoder.layers.{0...23}.layer_norm2.bias          | [38;5;208mUNEXPECTED[0m |  | 
0: vision_model.encoder.layers.{0...23}.layer_norm1.bias          | [38;5;208mUNEXPECTED[0m |  | 
0: vision_model.encoder.layers.{0...23}.layer_norm1.weight        | [38;5;
0: 208mUNEXPECTED[0m |  | 
0: vision_model.encoder.layers.{0...23}.mlp.fc1.bias              | [38;5;208mUNEXPECTED[0m |  | 
0: vision_model.encoder.layers.{0...23}.self_attn.v_proj.weight   | [38;5;208mUNEXPECTED[0m |  | 
0: logit_scale                                                    | [38;5;208mUNEXPECTED[0m |  | 
0: vision_model.encoder.layers.{0...23}.self_attn.k_proj.bias     | [38;5;208mUNEXPECTED[0m |  | 
0: vision_model.encoder.layers.{0...23}.self_attn.out_proj.weight | [38;5;208mUNEXPECTED[0m |  | 
0: text_projection.weight                                         | [38;5;208mUNEXPECTED[0m |  | 
0: vision_model.encoder.layers.{0...23}.self_attn.k_proj.weight   | [38;5;208mUNEXPECTED[0m |  | 
0: vision_model.encoder.layers.{0...23}.self_attn.q_proj.weight   | [38;5;208mUNEXPECTED[0m |  | 
0: vision_model.encoder.layers.{0...23}.self_attn.v_proj.bias     | [38;5;208mUNEXPECTED[0m |  | 
0: vision_model.encoder.layers.{0...23}.self_attn.q_proj.bias     | [38;5;208mUNEXPECTED[0m |  | 
0: text_model.embeddings.positio
0: n_ids                             | [38;5;208mUNEXPECTED[0m |  | 
0: vision_model.embeddings.class_embedding                        | [38;5;208mUNEXPECTED[0m |  | 
0: vision_model.embeddings.position_embedding.weight              | [38;5;208mUNEXPECTED[0m |  | 
0: vision_model.pre_layrnorm.bias                                 | [38;5;208mUNEXPECTED[0m |  | 
0: vision_model.embeddings.position_ids                           | [38;5;208mUNEXPECTED[0m |  | 
0: vision_model.post_layernorm.weight                             | [38;5;208mUNEXPECTED[0m |  | 
0: vision_model.embeddings.patch_embedding.weight                 | [38;5;208mUNEXPECTED[0m |  | 
0: vision_model.pre_layrnorm.weight                               | [38;5;208mUNEXPECTED[0m |  | 
0: vision_model.post_layernorm.bias                               | [38;5;208mUNEXPECTED[0m |  | 
0: visual_projection.weight                                       | [38;5;208mUNEXPECTED[0m |  | 
0: 
0: Notes:
0: - [38;5;208mUNEXPECTED:[0m	[3mcan be ignored when loading from different
0:  task/architecture; not ok if you expect identical arch.[0m
0: [1mCLIPTextModel LOAD REPORT[0m from: /iopsstor/scratch/cscs/veichta/rpr-wp3/assets/clip-vit-large-patch14
0: Key                                                            | Status     |  | 
0: ---------------------------------------------------------------+------------+--+-
0: vision_model.encoder.layers.{0...23}.self_attn.v_proj.weight   | [38;5;208mUNEXPECTED[0m |  | 
0: vision_model.encoder.layers.{0...23}.self_attn.k_proj.weight   | [38;5;208mUNEXPECTED[0m |  | 
0: vision_model.encoder.layers.{0...23}.mlp.fc1.weight            | [38;5;208mUNEXPECTED[0m |  | 
0: vision_model.encoder.layers.{0...23}.self_attn.k_proj.bias     | [38;5;208mUNEXPECTED[0m |  | 
0: vision_model.encoder.layers.{0...23}.self_attn.out_proj.weight | [38;5;208mUNEXPECTED[0m |  | 
0: vision_model.encoder.layers.{0...23}.mlp.fc1.bias              | [38;5;208mUNEXPECTED[0m |  | 
0: vision_model.encoder.layers.{0...23}.self_attn.q_proj.weight   | [38;5;208mUNEXPECTED[0m |  | 
0: vision_model.encoder.layers.{0...23}.mlp.fc2.weight            | [38;5;
0: 208mUNEXPECTED[0m |  | 
0: vision_model.post_layernorm.weight                             | [38;5;208mUNEXPECTED[0m |  | 
0: vision_model.encoder.layers.{0...23}.self_attn.v_proj.bias     | [38;5;208mUNEXPECTED[0m |  | 
0: vision_model.encoder.layers.{0...23}.mlp.fc2.bias              | [38;5;208mUNEXPECTED[0m |  | 
0: vision_model.encoder.layers.{0...23}.layer_norm2.bias          | [38;5;208mUNEXPECTED[0m |  | 
0: vision_model.encoder.layers.{0...23}.self_attn.q_proj.bias     | [38;5;208mUNEXPECTED[0m |  | 
0: vision_model.encoder.layers.{0...23}.layer_norm2.weight        | [38;5;208mUNEXPECTED[0m |  | 
0: vision_model.encoder.layers.{0...23}.layer_norm1.bias          | [38;5;208mUNEXPECTED[0m |  | 
0: vision_model.encoder.layers.{0...23}.self_attn.out_proj.bias   | [38;5;208mUNEXPECTED[0m |  | 
0: vision_model.encoder.layers.{0...23}.layer_norm1.weight        | [38;5;208mUNEXPECTED[0m |  | 
0: vision_model.embeddings.position_ids                           | [38;5;208mUNEXPECTED[0m |  | 
0: vision_model.pre_layrnorm.bia
0: s                                 | [38;5;208mUNEXPECTED[0m |  | 
0: vision_model.pre_layrnorm.weight                               | [38;5;208mUNEXPECTED[0m |  | 
0: vision_model.embeddings.position_embedding.weight              | [38;5;208mUNEXPECTED[0m |  | 
0: vision_model.post_layernorm.bias                               | [38;5;208mUNEXPECTED[0m |  | 
0: logit_scale                                                    | [38;5;208mUNEXPECTED[0m |  | 
0: text_projection.weight                                         | [38;5;208mUNEXPECTED[0m |  | 
0: vision_model.embeddings.patch_embedding.weight                 | [38;5;208mUNEXPECTED[0m |  | 
0: text_model.embeddings.position_ids                             | [38;5;208mUNEXPECTED[0m |  | 
0: visual_projection.weight                                       | [38;5;208mUNEXPECTED[0m |  | 
0: vision_model.embeddings.class_embedding                        | [38;5;208mUNEXPECTED[0m |  | 
0: 
0: Notes:
0: - [38;5;208mUNEXPECTED:[0m	[3mcan be ignored when loading from different
0:  task/architecture; not ok if you expect identical arch.[0m
0: [1mCLIPTextModel LOAD REPORT[0m from: /iopsstor/scratch/cscs/veichta/rpr-wp3/assets/clip-vit-large-patch14
0: Key                                                            | Status     |  | 
0: ---------------------------------------------------------------+------------+--+-
0: vision_model.encoder.layers.{0...23}.self_attn.q_proj.weight   | [38;5;208mUNEXPECTED[0m |  | 
0: vision_model.encoder.layers.{0...23}.self_attn.v_proj.weight   | [38;5;208mUNEXPECTED[0m |  | 
0: vision_model.encoder.layers.{0...23}.self_attn.k_proj.bias     | [38;5;208mUNEXPECTED[0m |  | 
0: vision_model.encoder.layers.{0...23}.self_attn.v_proj.bias     | [38;5;208mUNEXPECTED[0m |  | 
0: vision_model.encoder.layers.{0...23}.layer_norm1.weight        | [38;5;208mUNEXPECTED[0m |  | 
0: vision_model.encoder.layers.{0...23}.mlp.fc2.bias              | [38;5;208mUNEXPECTED[0m |  | 
0: vision_model.encoder.layers.{0...23}.self_attn.k_proj.weight   | [38;5;208mUNEXPECTED[0m |  | 
0: vision_model.encoder.layers.{0...23}.self_attn.out_proj.weight | [38;5;
0: 208mUNEXPECTED[0m |  | 
0: vision_model.encoder.layers.{0...23}.self_attn.out_proj.bias   | [38;5;208mUNEXPECTED[0m |  | 
0: vision_model.encoder.layers.{0...23}.layer_norm2.bias          | [38;5;208mUNEXPECTED[0m |  | 
0: vision_model.encoder.layers.{0...23}.mlp.fc1.bias              | [38;5;208mUNEXPECTED[0m |  | 
0: vision_model.encoder.layers.{0...23}.self_attn.q_proj.bias     | [38;5;208mUNEXPECTED[0m |  | 
0: vision_model.encoder.layers.{0...23}.layer_norm1.bias          | [38;5;208mUNEXPECTED[0m |  | 
0: vision_model.encoder.layers.{0...23}.layer_norm2.weight        | [38;5;208mUNEXPECTED[0m |  | 
0: vision_model.encoder.layers.{0...23}.mlp.fc1.weight            | [38;5;208mUNEXPECTED[0m |  | 
0: vision_model.encoder.layers.{0...23}.mlp.fc2.weight            | [38;5;208mUNEXPECTED[0m |  | 
0: logit_scale                                                    | [38;5;208mUNEXPECTED[0m |  | 
0: vision_model.pre_layrnorm.bias                                 | [38;5;208mUNEXPECTED[0m |  | 
0: vision_model.embeddings.class
0: _embedding                        | [38;5;208mUNEXPECTED[0m |  | 
0: visual_projection.weight                                       | [38;5;208mUNEXPECTED[0m |  | 
0: vision_model.embeddings.position_ids                           | [38;5;208mUNEXPECTED[0m |  | 
0: vision_model.embeddings.position_embedding.weight              | [38;5;208mUNEXPECTED[0m |  | 
0: text_model.embeddings.position_ids                             | [38;5;208mUNEXPECTED[0m |  | 
0: vision_model.post_layernorm.weight                             | [38;5;208mUNEXPECTED[0m |  | 
0: vision_model.pre_layrnorm.weight                               | [38;5;208mUNEXPECTED[0m |  | 
0: vision_model.post_layernorm.bias                               | [38;5;208mUNEXPECTED[0m |  | 
0: text_projection.weight                                         | [38;5;208mUNEXPECTED[0m |  | 
0: vision_model.embeddings.patch_embedding.weight                 | [38;5;208mUNEXPECTED[0m |  | 
0: 
0: Notes:
0: - [38;5;208mUNEXPECTED:[0m	[3mcan be ignored when loading from different
0:  task/architecture; not ok if you expect identical arch.[0m
0: FuturePredictor trainable params: 260.6M
0: Student DA3 + head + predictor trainable params: 1033.5M
0: Unified DA3 GT depth loss enabled: type=da3_style lambda_depth=0.0500 depth_grad_weight=1.0000 lambda_depth_conf=0.2000 lambda_ray=0.0000 lambda_point=0.0000 lambda_camera_pose=0.0000
0: Unified GT depth decode chunk size: 1
0: Unified GT depth decode context: full_sequence future_steps=0
0: Wrapped model in DDP (world_size=4)
0: Optimizer: backbone_lr=5.0e-05, head_lr=5.0e-04 (10x), predictor_lr=1.0e-05 (0.2x), wd=0.0000, adam_eps=1.0e-06, betas=(0.9000, 0.9990)
0: Schedule: cosine decay, warmup=500 steps, max=1000 steps, min_lr_ratio=0.010
0: DDP gradient accumulation: grad_accum_steps=4 no_sync_non_boundary=True
0: LiberoHDF5SequenceDataset [train]: 1 samples from 1 files fps=20.0->20.00Hz chunk_size=8 random_stride=False cameras=['agentview_rgb', 'eye_in_hand_rgb'] uniform_action_sampling=False hdf5_mask=off da3_input_rotate180=True da3_input_hflip=True da3_input_vflip=False gt_depth_rotate180=True gt_depth_hflip=True gt_depth_vflip=False gt_depth=embedded_hdf5 noop_filter=off action_frame=base proprio_orientation=axis_angle openpi_libero_augment=False image_aug_profile=legacy jpeg_train=False@q95 jpeg_eval=False@q95
0: LiberoHDF5SequenceDataset [train]: 1 samples from 1 files fps=20.0->20.00Hz chunk_size=8 random_stride=False cameras=['agentview_rgb', 'eye_in_hand_rgb'] uniform_action_sampling=False hdf5_mask=off da3_input_rotate180=True da3_input_hflip=True da3_input_vflip=False gt_depth_rotate180=True gt_depth_hflip=True gt_depth_vflip=False gt_depth=embedded_hdf5 noop_filter=off action_frame=base proprio_orientation=axis_angle openpi_libero_augment=False image_aug_profile=legacy jpeg_train=False@q95 jpeg_eval=False@q95
0: LiberoHDF5SequenceDataset [train]: 1 samples from 1 files fps=20.0->20.00Hz chunk_size=8 random_stride=False cameras=['agentview_rgb', 'eye_in_hand_rgb'] uniform_action_sampling=False hdf5_mask=off da3_input_rotate180=True da3_input_hflip=True da3_input_vflip=False gt_depth_rotate180=True gt_depth_hflip=True gt_depth_vflip=False gt_depth=embedded_hdf5 noop_filter=off action_frame=base proprio_orientation=axis_angle openpi_libero_augment=False image_aug_profile=legacy jpeg_train=False@q95 jpeg_eval=False@q95
0: LiberoHDF5SequenceDataset [train]: 1 samples from 1 files fps=20.0->20.00Hz chunk_size=8 random_stride=False cameras=['agentview_rgb', 'eye_in_hand_rgb'] uniform_action_sampling=False hdf5_mask=off da3_input_rotate180=True da3_input_hflip=True da3_input_vflip=False gt_depth_rotate180=True gt_depth_hflip=True gt_depth_vflip=False gt_depth=embedded_hdf5 noop_filter=off action_frame=base proprio_orientation=axis_angle openpi_libero_augment=False image_aug_profile=legacy jpeg_train=False@q95 jpeg_eval=False@q95
0: Dataset build [train] size=1 elapsed=0.0s max_episodes=None eval_max_episodes=None batch_size=3
0: Dataset virtual epoch [train] physical_size=1 virtual_size=2400 min_batches_per_rank=200
0: Skipping eval dataset build (eval_every=999999)
0: Syncing action-stats-dir-create normalizer stats across 4 ranks
0: Loading action normalizer from /iopsstor/scratch/cscs/veichta/rpr-wp3/code/gam/data/libero_noop/_stats for 1 datasets (target_hz=None, per_ds_hz={'libero_hdf5': 20.0})
0: Action normalizer stats keys: ['libero_hdf5']
0: Syncing proprio-stats-dir-create normalizer stats across 4 ranks
0: Loading proprio normalizer from /iopsstor/scratch/cscs/veichta/rpr-wp3/code/gam/data/libero_noop/_stats for 1 datasets
0: Proprio normalizer stats keys: ['libero_hdf5']
0: Action stats: libero_hdf5: mean=[0.19519999623298645, 0.0778999999165535, -0.18369999527931213, 0.007799999788403511, -0.0010999999940395355, -0.055399999022483826, 0.6625000238418579] std=[0.4471000134944916, 0.2110999971628189, 0.6069999933242798, 0.031199999153614044, 0.0714000016450882, 0.07109999656677246, 0.47279998660087585]
0: Action stats: libero_hdf5: mean=[0.19519999623298645, 0.0778999999165535, -0.18369999527931213, 0.007799999788403511, -0.0010999999940395355, -0.055399999022483826, 0.6625000238418579] std=[0.4471000134944916, 0.2110999971628189, 0.6069999933242798, 0.031199999153614044, 0.0714000016450882, 0.07109999656677246, 0.47279998660087585]
0: ======================================================================
0: TRAINING CONFIGURATION
0: ======================================================================
0: Action stats: libero_hdf5: mean=[0.19519999623298645, 0.0778999999165535, -0.18369999527931213, 0.007799999788403511, -0.0010999999940395355, -0.055399999022483826, 0.6625000238418579] std=[0.4471000134944916, 0.2110999971628189, 0.6069999933242798, 0.031199999153614044, 0.0714000016450882, 0.07109999656677246, 0.47279998660087585]
0:   target_hz: None
0:   libero_hdf5                     native=20fps  action_stride=1  visual_anchor_stride=8  chunk=8  labels/sample=64  effective=20.0Hz  max_stride=1
0:   action normalizer: 1 datasets, stats_keys=['libero_hdf5']
0:   action normalizer unit: per policy action after action_stride aggregation; chunk_size groups multiple normalized 7D policy actions under one visual anchor.
0:   action_head chunk_position_encoding: learned
0:   samples=2400  batch=3  epochs=500000  batches/epoch=200
0: ======================================================================
0: Action stats: libero_hdf5: mean=[0.19519999623298645, 0.0778999999165535, -0.18369999527931213, 0.007799999788403511, -0.0010999999940395355, -0.055399999022483826, 0.6625000238418579] std=[0.4471000134944916, 0.2110999971628189, 0.6069999933242798, 0.031199999153614044, 0.0714000016450882, 0.07109999656677246, 0.47279998660087585]
0: [data-wait step=0000010 rank=0] wait=0.00s threshold=20.00s epoch_batch=37 datasets=libero_hdf5:3 stats=libero_hdf5:3 views=2:3 valid=1.000 cameras=agentview_rgb+eye_in_hand_rgb:3 episodes=0-0 start_t=11-33 frames=11-89
0: [data-wait step=0000010 rank=0] wait=0.00s threshold=20.00s epoch_batch=38 datasets=libero_hdf5:3 stats=libero_hdf5:3 views=2:3 valid=1.000 cameras=agentview_rgb+eye_in_hand_rgb:3 episodes=0-0 start_t=5-32 frames=5-88
0: [data-wait step=0000010 rank=0] wait=0.00s threshold=20.00s epoch_batch=39 datasets=libero_hdf5:3 stats=libero_hdf5:3 views=2:3 valid=1.000 cameras=agentview_rgb+eye_in_hand_rgb:3 episodes=0-0 start_t=12-23 frames=12-79
0: [data-wait step=0000010 rank=0] wait=0.00s threshold=20.00s epoch_batch=40 datasets=libero_hdf5:3 stats=libero_hdf5:3 views=2:3 valid=1.000 cameras=agentview_rgb+eye_in_hand_rgb:3 episodes=0-0 start_t=13-27 frames=13-83
0: [step=0000010] total=3.6016 action_l1=0.9151 feat=0.8249 depth=0.6307 ray=0.0000 point=0.0000 rel@1/5/10=0.032/0.177/0.361 mse=0.23553 s/step=4.107 lr=1.0e-06/1.0e-05
0: [data-wait step=0000020 rank=0] wait=0.00s threshold=20.00s epoch_batch=77 datasets=libero_hdf5:3 stats=libero_hdf5:3 views=2:3 valid=1.000 cameras=agentview_rgb+eye_in_hand_rgb:3 episodes=0-0 start_t=4-27 frames=4-83
0: [data-wait step=0000020 rank=0] wait=0.00s threshold=20.00s epoch_batch=78 datasets=libero_hdf5:3 stats=libero_hdf5:3 views=2:3 valid=1.000 cameras=agentview_rgb+eye_in_hand_rgb:3 episodes=0-0 start_t=3-24 frames=3-80
0: [data-wait step=0000020 rank=0] wait=0.00s threshold=20.00s epoch_batch=79 datasets=libero_hdf5:3 stats=libero_hdf5:3 views=2:3 valid=1.000 cameras=agentview_rgb+eye_in_hand_rgb:3 episodes=0-0 start_t=10-29 frames=10-85
0: [data-wait step=0000020 rank=0] wait=0.00s threshold=20.00s epoch_batch=80 datasets=libero_hdf5:3 stats=libero_hdf5:3 views=2:3 valid=1.000 cameras=agentview_rgb+eye_in_hand_rgb:3 episodes=0-0 start_t=11-27 frames=11-83
0: [step=0000020] total=2.7150 action_l1=0.6197 feat=0.8244 depth=0.6254 ray=0.0000 point=0.0000 rel@1/5/10=0.054/0.351/0.619 mse=0.16878 s/step=3.154 lr=2.0e-06/2.0e-05
0: [data-wait step=0000030 rank=0] wait=0.00s threshold=20.00s epoch_batch=117 datasets=libero_hdf5:3 stats=libero_hdf5:3 views=2:3 valid=1.000 cameras=agentview_rgb+eye_in_hand_rgb:3 episodes=0-0 start_t=6-28 frames=6-84
0: [data-wait step=0000030 rank=0] wait=0.00s threshold=20.00s epoch_batch=118 datasets=libero_hdf5:3 stats=libero_hdf5:3 views=2:3 valid=1.000 cameras=agentview_rgb+eye_in_hand_rgb:3 episodes=0-0 start_t=21-27 frames=21-83
0: [data-wait step=0000030 rank=0] wait=0.00s threshold=20.00s epoch_batch=119 datasets=libero_hdf5:3 stats=libero_hdf5:3 views=2:3 valid=1.000 cameras=agentview_rgb+eye_in_hand_rgb:3 episodes=0-0 start_t=6-28 frames=6-84
0: [data-wait step=0000030 rank=0] wait=0.00s threshold=20.00s epoch_batch=120 datasets=libero_hdf5:3 stats=libero_hdf5:3 views=2:3 valid=1.000 cameras=agentview_rgb+eye_in_hand_rgb:3 episodes=0-0 start_t=21-26 frames=21-82
0: [step=0000030] total=2.3830 action_l1=0.5093 feat=0.8242 depth=0.6200 ray=0.0000 point=0.0000 rel@1/5/10=0.065/0.292/0.497 mse=0.10780 s/step=3.634 lr=3.0e-06/3.0e-05
0: [data-wait step=0000040 rank=0] wait=0.00s threshold=20.00s epoch_batch=157 datasets=libero_hdf5:3 stats=libero_hdf5:3 views=2:3 valid=1.000 cameras=agentview_rgb+eye_in_hand_rgb:3 episodes=0-0 start_t=6-18 frames=6-74
0: [data-wait step=0000040 rank=0] wait=0.00s threshold=20.00s epoch_batch=158 datasets=libero_hdf5:3 stats=libero_hdf5:3 views=2:3 valid=1.000 cameras=agentview_rgb+eye_in_hand_rgb:3 episodes=0-0 start_t=8-23 frames=8-79
0: [data-wait step=0000040 rank=0] wait=0.00s threshold=20.00s epoch_batch=159 datasets=libero_hdf5:3 stats=libero_hdf5:3 views=2:3 valid=1.000 cameras=agentview_rgb+eye_in_hand_rgb:3 episodes=0-0 start_t=10-20 frames=10-76
0: [data-wait step=0000040 rank=0] wait=0.00s threshold=20.00s epoch_batch=160 datasets=libero_hdf5:3 stats=libero_hdf5:3 views=2:3 valid=1.000 cameras=agentview_rgb+eye_in_hand_rgb:3 episodes=0-0 start_t=0-24 frames=0-80
0: [step=0000040] total=2.1788 action_l1=0.4408 feat=0.8254 depth=0.6199 ray=0.0000 point=0.0000 rel@1/5/10=0.054/0.232/0.568 mse=0.09696 s/step=3.479 lr=4.0e-06/4.0e-05
0: [data-wait step=0000050 rank=0] wait=0.00s threshold=20.00s epoch_batch=197 datasets=libero_hdf5:3 stats=libero_hdf5:3 views=2:3 valid=1.000 cameras=agentview_rgb+eye_in_hand_rgb:3 episodes=0-0 start_t=13-33 frames=13-89
0: [data-wait step=0000050 rank=0] wait=0.00s threshold=20.00s epoch_batch=198 datasets=libero_hdf5:3 stats=libero_hdf5:3 views=2:3 valid=1.000 cameras=agentview_rgb+eye_in_hand_rgb:3 episodes=0-0 start_t=9-30 frames=9-86
0: [data-wait step=0000050 rank=0] wait=0.00s threshold=20.00s epoch_batch=199 datasets=libero_hdf5:3 stats=libero_hdf5:3 views=2:3 valid=1.000 cameras=agentview_rgb+eye_in_hand_rgb:3 episodes=0-0 start_t=1-18 frames=1-74
0: [data-wait step=0000050 rank=0] wait=0.00s threshold=20.00s epoch_batch=200 datasets=libero_hdf5:3 stats=libero_hdf5:3 views=2:3 valid=1.000 cameras=agentview_rgb+eye_in_hand_rgb:3 episodes=0-0 start_t=14-26 frames=14-82
0: [step=0000050] total=2.3035 action_l1=0.4828 feat=0.8243 depth=0.6134 ray=0.0000 point=0.0000 rel@1/5/10=0.062/0.314/0.510 mse=0.10254 s/step=3.312 lr=5.0e-06/5.0e-05
0: [data-wait step=0000060 rank=0] wait=0.00s threshold=20.00s epoch_batch=37 datasets=libero_hdf5:3 stats=libero_hdf5:3 views=2:3 valid=1.000 cameras=agentview_rgb+eye_in_hand_rgb:3 episodes=0-0 start_t=6-22 frames=6-78
0: [data-wait step=0000060 rank=0] wait=0.00s threshold=20.00s epoch_batch=38 datasets=libero_hdf5:3 stats=libero_hdf5:3 views=2:3 valid=1.000 cameras=agentview_rgb+eye_in_hand_rgb:3 episodes=0-0 start_t=4-26 frames=4-82
0: [data-wait step=0000060 rank=0] wait=0.00s threshold=20.00s epoch_batch=39 datasets=libero_hdf5:3 stats=libero_hdf5:3 views=2:3 valid=1.000 cameras=agentview_rgb+eye_in_hand_rgb:3 episodes=0-0 start_t=14-23 frames=14-79
0: [data-wait step=0000060 rank=0] wait=0.00s threshold=20.00s epoch_batch=40 datasets=libero_hdf5:3 stats=libero_hdf5:3 views=2:3 valid=1.000 cameras=agentview_rgb+eye_in_hand_rgb:3 episodes=0-0 start_t=6-14 frames=6-70
0: [step=0000060] total=2.3006 action_l1=0.4822 feat=0.8237 depth=0.6063 ray=0.0000 point=0.0000 rel@1/5/10=0.098/0.375/0.533 mse=0.09183 s/step=2.987 lr=6.0e-06/6.0e-05
0: [data-wait step=0000070 rank=0] wait=0.00s threshold=20.00s epoch_batch=77 datasets=libero_hdf5:3 stats=libero_hdf5:3 views=2:3 valid=1.000 cameras=agentview_rgb+eye_in_hand_rgb:3 episodes=0-0 start_t=13-19 frames=13-75
0: [data-wait step=0000070 rank=0] wait=0.00s threshold=20.00s epoch_batch=78 datasets=libero_hdf5:3 stats=libero_hdf5:3 views=2:3 valid=1.000 cameras=agentview_rgb+eye_in_hand_rgb:3 episodes=0-0 start_t=8-31 frames=8-87
0: [data-wait step=0000070 rank=0] wait=0.00s threshold=20.00s epoch_batch=79 datasets=libero_hdf5:3 stats=libero_hdf5:3 views=2:3 valid=1.000 cameras=agentview_rgb+eye_in_hand_rgb:3 episodes=0-0 start_t=1-34 frames=1-90
0: [data-wait step=0000070 rank=0] wait=0.00s threshold=20.00s epoch_batch=80 datasets=libero_hdf5:3 stats=libero_hdf5:3 views=2:3 valid=1.000 cameras=agentview_rgb+eye_in_hand_rgb:3 episodes=0-0 start_t=1-32 frames=1-88
0: [step=0000070] total=2.1271 action_l1=0.4249 feat=0.8223 depth=0.6028 ray=0.0000 point=0.0000 rel@1/5/10=0.060/0.373/0.698 mse=0.06839 s/step=3.225 lr=7.0e-06/7.0e-05
0: [data-wait step=0000080 rank=0] wait=0.00s threshold=20.00s epoch_batch=117 datasets=libero_hdf5:3 stats=libero_hdf5:3 views=2:3 valid=1.000 cameras=agentview_rgb+eye_in_hand_rgb:3 episodes=0-0 start_t=7-23 frames=7-79
0: [data-wait step=0000080 rank=0] wait=0.00s threshold=20.00s epoch_batch=118 datasets=libero_hdf5:3 stats=libero_hdf5:3 views=2:3 valid=1.000 cameras=agentview_rgb+eye_in_hand_rgb:3 episodes=0-0 start_t=2-24 frames=2-80
0: [data-wait step=0000080 rank=0] wait=0.00s threshold=20.00s epoch_batch=119 datasets=libero_hdf5:3 stats=libero_hdf5:3 views=2:3 valid=1.000 cameras=agentview_rgb+eye_in_hand_rgb:3 episodes=0-0 start_t=10-21 frames=10-77
0: [data-wait step=0000080 rank=0] wait=0.00s threshold=20.00s epoch_batch=120 datasets=libero_hdf5:3 stats=libero_hdf5:3 views=2:3 valid=1.000 cameras=agentview_rgb+eye_in_hand_rgb:3 episodes=0-0 start_t=2-19 frames=2-75
0: [step=0000080] total=2.1488 action_l1=0.4321 feat=0.8221 depth=0.6050 ray=0.0000 point=0.0000 rel@1/5/10=0.076/0.387/0.717 mse=0.05161 s/step=3.142 lr=8.0e-06/8.0e-05
0: [data-wait step=0000090 rank=0] wait=0.00s threshold=20.00s epoch_batch=157 datasets=libero_hdf5:3 stats=libero_hdf5:3 views=2:3 valid=1.000 cameras=agentview_rgb+eye_in_hand_rgb:3 episodes=0-0 start_t=11-34 frames=11-90
0: [data-wait step=0000090 rank=0] wait=0.00s threshold=20.00s epoch_batch=158 datasets=libero_hdf5:3 stats=libero_hdf5:3 views=2:3 valid=1.000 cameras=agentview_rgb+eye_in_hand_rgb:3 episodes=0-0 start_t=1-7 frames=1-63
0: [data-wait step=0000090 rank=0] wait=0.00s threshold=20.00s epoch_batch=159 datasets=libero_hdf5:3 stats=libero_hdf5:3 views=2:3 valid=1.000 cameras=agentview_rgb+eye_in_hand_rgb:3 episodes=0-0 start_t=10-17 frames=10-73
0: [data-wait step=0000090 rank=0] wait=0.00s threshold=20.00s epoch_batch=160 datasets=libero_hdf5:3 stats=libero_hdf5:3 views=2:3 valid=1.000 cameras=agentview_rgb+eye_in_hand_rgb:3 episodes=0-0 start_t=4-30 frames=4-86
0: [step=0000090] total=2.1866 action_l1=0.4451 feat=0.8207 depth=0.6107 ray=0.0000 point=0.0000 rel@1/5/10=0.036/0.208/0.494 mse=0.06621 s/step=3.438 lr=9.0e-06/9.0e-05
0: [data-wait step=0000100 rank=0] wait=0.00s threshold=20.00s epoch_batch=197 datasets=libero_hdf5:3 stats=libero_hdf5:3 views=2:3 valid=1.000 cameras=agentview_rgb+eye_in_hand_rgb:3 episodes=0-0 start_t=1-25 frames=1-81
0: [data-wait step=0000100 rank=0] wait=0.00s threshold=20.00s epoch_batch=198 datasets=libero_hdf5:3 stats=libero_hdf5:3 views=2:3 valid=1.000 cameras=agentview_rgb+eye_in_hand_rgb:3 episodes=0-0 start_t=3-34 frames=3-90
0: [data-wait step=0000100 rank=0] wait=0.00s threshold=20.00s epoch_batch=199 datasets=libero_hdf5:3 stats=libero_hdf5:3 views=2:3 valid=1.000 cameras=agentview_rgb+eye_in_hand_rgb:3 episodes=0-0 start_t=14-31 frames=14-87
0: [data-wait step=0000100 rank=0] wait=0.00s threshold=20.00s epoch_batch=200 datasets=libero_hdf5:3 stats=libero_hdf5:3 views=2:3 valid=1.000 cameras=agentview_rgb+eye_in_hand_rgb:3 episodes=0-0 start_t=7-34 frames=7-90
0: [step=0000100] total=2.1193 action_l1=0.4236 feat=0.8188 depth=0.5909 ray=0.0000 point=0.0000 rel@1/5/10=0.077/0.302/0.516 mse=0.07566 s/step=3.359 lr=1.0e-05/1.0e-04
0: [data-wait step=0000110 rank=0] wait=0.00s threshold=20.00s epoch_batch=37 datasets=libero_hdf5:3 stats=libero_hdf5:3 views=2:3 valid=1.000 cameras=agentview_rgb+eye_in_hand_rgb:3 episodes=0-0 start_t=6-10 frames=6-66
0: [data-wait step=0000110 rank=0] wait=0.00s threshold=20.00s epoch_batch=38 datasets=libero_hdf5:3 stats=libero_hdf5:3 views=2:3 valid=1.000 cameras=agentview_rgb+eye_in_hand_rgb:3 episodes=0-0 start_t=22-34 frames=22-90
0: [data-wait step=0000110 rank=0] wait=0.00s threshold=20.00s epoch_batch=39 datasets=libero_hdf5:3 stats=libero_hdf5:3 views=2:3 valid=1.000 cameras=agentview_rgb+eye_in_hand_rgb:3 episodes=0-0 start_t=16-27 frames=16-83
0: [data-wait step=0000110 rank=0] wait=0.00s threshold=20.00s epoch_batch=40 datasets=libero_hdf5:3 stats=libero_hdf5:3 views=2:3 valid=1.000 cameras=agentview_rgb+eye_in_hand_rgb:3 episodes=0-0 start_t=8-34 frames=8-90
0: [step=0000110] total=2.1568 action_l1=0.4373 feat=0.8161 depth=0.5797 ray=0.0000 point=0.0000 rel@1/5/10=0.101/0.367/0.683 mse=0.06317 s/step=3.382 lr=1.1e-05/1.1e-04
0: [data-wait step=0000120 rank=0] wait=0.00s threshold=20.00s epoch_batch=77 datasets=libero_hdf5:3 stats=libero_hdf5:3 views=2:3 valid=1.000 cameras=agentview_rgb+eye_in_hand_rgb:3 episodes=0-0 start_t=3-22 frames=3-78
0: [data-wait step=0000120 rank=0] wait=0.00s threshold=20.00s epoch_batch=78 datasets=libero_hdf5:3 stats=libero_hdf5:3 views=2:3 valid=1.000 cameras=agentview_rgb+eye_in_hand_rgb:3 episodes=0-0 start_t=16-21 frames=16-77
0: [data-wait step=0000120 rank=0] wait=0.00s threshold=20.00s epoch_batch=79 datasets=libero_hdf5:3 stats=libero_hdf5:3 views=2:3 valid=1.000 cameras=agentview_rgb+eye_in_hand_rgb:3 episodes=0-0 start_t=10-34 frames=10-90
0: [data-wait step=0000120 rank=0] wait=0.00s threshold=20.00s epoch_batch=80 datasets=libero_hdf5:3 stats=libero_hdf5:3 views=2:3 valid=1.000 cameras=agentview_rgb+eye_in_hand_rgb:3 episodes=0-0 start_t=19-25 frames=19-81
0: [step=0000120] total=1.9245 action_l1=0.3608 feat=0.8136 depth=0.5713 ray=0.0000 point=0.0000 rel@1/5/10=0.068/0.307/0.705 mse=0.05640 s/step=3.056 lr=1.2e-05/1.2e-04
0: [data-wait step=0000130 rank=0] wait=0.00s threshold=20.00s epoch_batch=117 datasets=libero_hdf5:3 stats=libero_hdf5:3 views=2:3 valid=1.000 cameras=agentview_rgb+eye_in_hand_rgb:3 episodes=0-0 start_t=6-31 frames=6-87
0: [data-wait step=0000130 rank=0] wait=0.00s threshold=20.00s epoch_batch=118 datasets=libero_hdf5:3 stats=libero_hdf5:3 views=2:3 valid=1.000 cameras=agentview_rgb+eye_in_hand_rgb:3 episodes=0-0 start_t=16-28 frames=16-84
0: [data-wait step=0000130 rank=0] wait=0.00s threshold=20.00s epoch_batch=119 datasets=libero_hdf5:3 stats=libero_hdf5:3 views=2:3 valid=1.000 cameras=agentview_rgb+eye_in_hand_rgb:3 episodes=0-0 start_t=18-34 frames=18-90
0: [data-wait step=0000130 rank=0] wait=0.00s threshold=20.00s epoch_batch=120 datasets=libero_hdf5:3 stats=libero_hdf5:3 views=2:3 valid=1.000 cameras=agentview_rgb+eye_in_hand_rgb:3 episodes=0-0 start_t=5-24 frames=5-80
0: [step=0000130] total=2.0570 action_l1=0.4057 feat=0.8113 depth=0.5708 ray=0.0000 point=0.0000 rel@1/5/10=0.089/0.548/0.821 mse=0.02072 s/step=3.265 lr=1.3e-05/1.3e-04
0: [data-wait step=0000140 rank=0] wait=0.00s threshold=20.00s epoch_batch=157 datasets=libero_hdf5:3 stats=libero_hdf5:3 views=2:3 valid=1.000 cameras=agentview_rgb+eye_in_hand_rgb:3 episodes=0-0 start_t=10-22 frames=10-78
0: [data-wait step=0000140 rank=0] wait=0.00s threshold=20.00s epoch_batch=158 datasets=libero_hdf5:3 stats=libero_hdf5:3 views=2:3 valid=1.000 cameras=agentview_rgb+eye_in_hand_rgb:3 episodes=0-0 start_t=1-7 frames=1-63
0: [data-wait step=0000140 rank=0] wait=0.00s threshold=20.00s epoch_batch=159 datasets=libero_hdf5:3 stats=libero_hdf5:3 views=2:3 valid=1.000 cameras=agentview_rgb+eye_in_hand_rgb:3 episodes=0-0 start_t=15-33 frames=15-89
0: [data-wait step=0000140 rank=0] wait=0.00s threshold=20.00s epoch_batch=160 datasets=libero_hdf5:3 stats=libero_hdf5:3 views=2:3 valid=1.000 cameras=agentview_rgb+eye_in_hand_rgb:3 episodes=0-0 start_t=10-28 frames=10-84
0: [step=0000140] total=2.0524 action_l1=0.4052 feat=0.8081 depth=0.5706 ray=0.0000 point=0.0000 rel@1/5/10=0.070/0.376/0.713 mse=0.04063 s/step=3.201 lr=1.4e-05/1.4e-04
0: [data-wait step=0000150 rank=0] wait=0.00s threshold=20.00s epoch_batch=197 datasets=libero_hdf5:3 stats=libero_hdf5:3 views=2:3 valid=1.000 cameras=agentview_rgb+eye_in_hand_rgb:3 episodes=0-0 start_t=2-29 frames=2-85
0: [data-wait step=0000150 rank=0] wait=0.00s threshold=20.00s epoch_batch=198 datasets=libero_hdf5:3 stats=libero_hdf5:3 views=2:3 valid=1.000 cameras=agentview_rgb+eye_in_hand_rgb:3 episodes=0-0 start_t=1-34 frames=1-90
0: [data-wait step=0000150 rank=0] wait=0.00s threshold=20.00s epoch_batch=199 datasets=libero_hdf5:3 stats=libero_hdf5:3 views=2:3 valid=1.000 cameras=agentview_rgb+eye_in_hand_rgb:3 episodes=0-0 start_t=4-18 frames=4-74
0: [data-wait step=0000150 rank=0] wait=0.00s threshold=20.00s epoch_batch=200 datasets=libero_hdf5:3 stats=libero_hdf5:3 views=2:3 valid=1.000 cameras=agentview_rgb+eye_in_hand_rgb:3 episodes=0-0 start_t=15-33 frames=15-89
0: [step=0000150] total=1.9665 action_l1=0.3779 feat=0.8052 depth=0.5535 ray=0.0000 point=0.0000 rel@1/5/10=0.101/0.542/0.702 mse=0.07640 s/step=3.229 lr=1.5e-05/1.5e-04
0: [data-wait step=0000160 rank=0] wait=0.00s threshold=20.00s epoch_batch=37 datasets=libero_hdf5:3 stats=libero_hdf5:3 views=2:3 valid=1.000 cameras=agentview_rgb+eye_in_hand_rgb:3 episodes=0-0 start_t=16-26 frames=16-82
0: [data-wait step=0000160 rank=0] wait=0.00s threshold=20.00s epoch_batch=38 datasets=libero_hdf5:3 stats=libero_hdf5:3 views=2:3 valid=1.000 cameras=agentview_rgb+eye_in_hand_rgb:3 episodes=0-0 start_t=16-25 frames=16-81
0: [data-wait step=0000160 rank=0] wait=0.00s threshold=20.00s epoch_batch=39 datasets=libero_hdf5:3 stats=libero_hdf5:3 views=2:3 valid=1.000 cameras=agentview_rgb+eye_in_hand_rgb:3 episodes=0-0 start_t=11-29 frames=11-85
0: [data-wait step=0000160 rank=0] wait=0.00s threshold=20.00s epoch_batch=40 datasets=libero_hdf5:3 stats=libero_hdf5:3 views=2:3 valid=1.000 cameras=agentview_rgb+eye_in_hand_rgb:3 episodes=0-0 start_t=1-33 frames=1-89
0: [step=0000160] total=2.0197 action_l1=0.3969 feat=0.8023 depth=0.5316 ray=0.0000 point=0.0000 rel@1/5/10=0.054/0.280/0.583 mse=0.10285 s/step=4.329 lr=1.6e-05/1.6e-04
0: [data-wait step=0000170 rank=0] wait=0.00s threshold=20.00s epoch_batch=77 datasets=libero_hdf5:3 stats=libero_hdf5:3 views=2:3 valid=1.000 cameras=agentview_rgb+eye_in_hand_rgb:3 episodes=0-0 start_t=15-34 frames=15-90
0: [data-wait step=0000170 rank=0] wait=0.00s threshold=20.00s epoch_batch=78 datasets=libero_hdf5:3 stats=libero_hdf5:3 views=2:3 valid=1.000 cameras=agentview_rgb+eye_in_hand_rgb:3 episodes=0-0 start_t=17-26 frames=17-82
0: [data-wait step=0000170 rank=0] wait=0.00s threshold=20.00s epoch_batch=79 datasets=libero_hdf5:3 stats=libero_hdf5:3 views=2:3 valid=1.000 cameras=agentview_rgb+eye_in_hand_rgb:3 episodes=0-0 start_t=5-34 frames=5-90
0: [data-wait step=0000170 rank=0] wait=0.00s threshold=20.00s epoch_batch=80 datasets=libero_hdf5:3 stats=libero_hdf5:3 views=2:3 valid=1.000 cameras=agentview_rgb+eye_in_hand_rgb:3 episodes=0-0 start_t=6-16 frames=6-72
0: [step=0000170] total=2.0734 action_l1=0.4162 feat=0.7977 depth=0.5430 ray=0.0000 point=0.0000 rel@1/5/10=0.092/0.423/0.766 mse=0.03795 s/step=3.075 lr=1.7e-05/1.7e-04
0: [data-wait step=0000180 rank=0] wait=0.00s threshold=20.00s epoch_batch=117 datasets=libero_hdf5:3 stats=libero_hdf5:3 views=2:3 valid=1.000 cameras=agentview_rgb+eye_in_hand_rgb:3 episodes=0-0 start_t=18-30 frames=18-86
0: [data-wait step=0000180 rank=0] wait=0.00s threshold=20.00s epoch_batch=118 datasets=libero_hdf5:3 stats=libero_hdf5:3 views=2:3 valid=1.000 cameras=agentview_rgb+eye_in_hand_rgb:3 episodes=0-0 start_t=7-28 frames=7-84
0: [data-wait step=0000180 rank=0] wait=0.00s threshold=20.00s epoch_batch=119 datasets=libero_hdf5:3 stats=libero_hdf5:3 views=2:3 valid=1.000 cameras=agentview_rgb+eye_in_hand_rgb:3 episodes=0-0 start_t=1-5 frames=1-61
0: [data-wait step=0000180 rank=0] wait=0.00s threshold=20.00s epoch_batch=120 datasets=libero_hdf5:3 stats=libero_hdf5:3 views=2:3 valid=1.000 cameras=agentview_rgb+eye_in_hand_rgb:3 episodes=0-0 start_t=10-20 frames=10-76
0: [step=0000180] total=1.9805 action_l1=0.3872 feat=0.7932 depth=0.5158 ray=0.0000 point=0.0000 rel@1/5/10=0.143/0.488/0.827 mse=0.02798 s/step=3.128 lr=1.8e-05/1.8e-04
0: [data-wait step=0000190 rank=0] wait=0.00s threshold=20.00s epoch_batch=157 datasets=libero_hdf5:3 stats=libero_hdf5:3 views=2:3 valid=1.000 cameras=agentview_rgb+eye_in_hand_rgb:3 episodes=0-0 start_t=17-32 frames=17-88
0: [data-wait step=0000190 rank=0] wait=0.00s threshold=20.00s epoch_batch=158 datasets=libero_hdf5:3 stats=libero_hdf5:3 views=2:3 valid=1.000 cameras=agentview_rgb+eye_in_hand_rgb:3 episodes=0-0 start_t=20-24 frames=20-80
0: [data-wait step=0000190 rank=0] wait=0.00s threshold=20.00s epoch_batch=159 datasets=libero_hdf5:3 stats=libero_hdf5:3 views=2:3 valid=1.000 cameras=agentview_rgb+eye_in_hand_rgb:3 episodes=0-0 start_t=0-29 frames=0-85
0: [data-wait step=0000190 rank=0] wait=0.00s threshold=20.00s epoch_batch=160 datasets=libero_hdf5:3 stats=libero_hdf5:3 views=2:3 valid=1.000 cameras=agentview_rgb+eye_in_hand_rgb:3 episodes=0-0 start_t=5-22 frames=5-78
0: [step=0000190] total=1.8958 action_l1=0.3607 feat=0.7874 depth=0.5235 ray=0.0000 point=0.0000 rel@1/5/10=0.048/0.317/0.746 mse=0.03929 s/step=3.243 lr=1.9e-05/1.9e-04
0: [data-wait step=0000200 rank=0] wait=0.00s threshold=20.00s epoch_batch=197 datasets=libero_hdf5:3 stats=libero_hdf5:3 views=2:3 valid=1.000 cameras=agentview_rgb+eye_in_hand_rgb:3 episodes=0-0 start_t=7-31 frames=7-87
0: [data-wait step=0000200 rank=0] wait=0.00s threshold=20.00s epoch_batch=198 datasets=libero_hdf5:3 stats=libero_hdf5:3 views=2:3 valid=1.000 cameras=agentview_rgb+eye_in_hand_rgb:3 episodes=0-0 start_t=1-20 frames=1-76
0: [data-wait step=0000200 rank=0] wait=0.00s threshold=20.00s epoch_batch=199 datasets=libero_hdf5:3 stats=libero_hdf5:3 views=2:3 valid=1.000 cameras=agentview_rgb+eye_in_hand_rgb:3 episodes=0-0 start_t=7-32 frames=7-88
0: [data-wait step=0000200 rank=0] wait=0.00s threshold=20.00s epoch_batch=200 datasets=libero_hdf5:3 stats=libero_hdf5:3 views=2:3 valid=1.000 cameras=agentview_rgb+eye_in_hand_rgb:3 episodes=0-0 start_t=9-24 frames=9-80
0: [step=0000200] total=2.0131 action_l1=0.4016 feat=0.7827 depth=0.5102 ray=0.0000 point=0.0000 rel@1/5/10=0.109/0.449/0.781 mse=0.03978 s/step=2.811 lr=2.0e-05/2.0e-04
0: [data-wait step=0000210 rank=0] wait=0.00s threshold=20.00s epoch_batch=37 datasets=libero_hdf5:3 stats=libero_hdf5:3 views=2:3 valid=1.000 cameras=agentview_rgb+eye_in_hand_rgb:3 episodes=0-0 start_t=8-28 frames=8-84
0: [data-wait step=0000210 rank=0] wait=0.00s threshold=20.00s epoch_batch=38 datasets=libero_hdf5:3 stats=libero_hdf5:3 views=2:3 valid=1.000 cameras=agentview_rgb+eye_in_hand_rgb:3 episodes=0-0 start_t=1-31 frames=1-87
0: [data-wait step=0000210 rank=0] wait=0.00s threshold=20.00s epoch_batch=39 datasets=libero_hdf5:3 stats=libero_hdf5:3 views=2:3 valid=1.000 cameras=agentview_rgb+eye_in_hand_rgb:3 episodes=0-0 start_t=7-21 frames=7-77
0: [data-wait step=0000210 rank=0] wait=0.00s threshold=20.00s epoch_batch=40 datasets=libero_hdf5:3 stats=libero_hdf5:3 views=2:3 valid=1.000 cameras=agentview_rgb+eye_in_hand_rgb:3 episodes=0-0 start_t=11-30 frames=11-86
0: [step=0000210] total=2.0083 action_l1=0.4025 feat=0.7770 depth=0.4741 ray=0.0000 point=0.0000 rel@1/5/10=0.054/0.393/0.661 mse=0.03983 s/step=3.253 lr=2.1e-05/2.1e-04
0: [data-wait step=0000220 rank=0] wait=0.00s threshold=20.00s epoch_batch=77 datasets=libero_hdf5:3 stats=libero_hdf5:3 views=2:3 valid=1.000 cameras=agentview_rgb+eye_in_hand_rgb:3 episodes=0-0 start_t=12-34 frames=12-90
0: [data-wait step=0000220 rank=0] wait=0.00s threshold=20.00s epoch_batch=78 datasets=libero_hdf5:3 stats=libero_hdf5:3 views=2:3 valid=1.000 cameras=agentview_rgb+eye_in_hand_rgb:3 episodes=0-0 start_t=13-33 frames=13-89
0: [data-wait step=0000220 rank=0] wait=0.00s threshold=20.00s epoch_batch=79 datasets=libero_hdf5:3 stats=libero_hdf5:3 views=2:3 valid=1.000 cameras=agentview_rgb+eye_in_hand_rgb:3 episodes=0-0 start_t=23-27 frames=23-83
0: [data-wait step=0000220 rank=0] wait=0.00s threshold=20.00s epoch_batch=80 datasets=libero_hdf5:3 stats=libero_hdf5:3 views=2:3 valid=1.000 cameras=agentview_rgb+eye_in_hand_rgb:3 episodes=0-0 start_t=7-32 frames=7-88
0: [step=0000220] total=1.9064 action_l1=0.3698 feat=0.7718 depth=0.5054 ray=0.0000 point=0.0000 rel@1/5/10=0.099/0.428/0.711 mse=0.06070 s/step=3.332 lr=2.2e-05/2.2e-04
0: [data-wait step=0000230 rank=0] wait=0.00s threshold=20.00s epoch_batch=117 datasets=libero_hdf5:3 stats=libero_hdf5:3 views=2:3 valid=1.000 cameras=agentview_rgb+eye_in_hand_rgb:3 episodes=0-0 start_t=17-32 frames=17-88
0: [data-wait step=0000230 rank=0] wait=0.00s threshold=20.00s epoch_batch=118 datasets=libero_hdf5:3 stats=libero_hdf5:3 views=2:3 valid=1.000 cameras=agentview_rgb+eye_in_hand_rgb:3 episodes=0-0 start_t=4-30 frames=4-86
0: [data-wait step=0000230 rank=0] wait=0.00s threshold=20.00s epoch_batch=119 datasets=libero_hdf5:3 stats=libero_hdf5:3 views=2:3 valid=1.000 cameras=agentview_rgb+eye_in_hand_rgb:3 episodes=0-0 start_t=9-25 frames=9-81
0: [data-wait step=0000230 rank=0] wait=0.00s threshold=20.00s epoch_batch=120 datasets=libero_hdf5:3 stats=libero_hdf5:3 views=2:3 valid=1.000 cameras=agentview_rgb+eye_in_hand_rgb:3 episodes=0-0 start_t=16-19 frames=16-75
0: [step=0000230] total=1.8301 action_l1=0.3459 feat=0.7675 depth=0.4952 ray=0.0000 point=0.0000 rel@1/5/10=0.208/0.595/0.759 mse=0.02990 s/step=3.884 lr=2.3e-05/2.3e-04
0: [data-wait step=0000240 rank=0] wait=0.00s threshold=20.00s epoch_batch=157 datasets=libero_hdf5:3 stats=libero_hdf5:3 views=2:3 valid=1.000 cameras=agentview_rgb+eye_in_hand_rgb:3 episodes=0-0 start_t=10-32 frames=10-88
0: [data-wait step=0000240 rank=0] wait=0.00s threshold=20.00s epoch_batch=158 datasets=libero_hdf5:3 stats=libero_hdf5:3 views=2:3 valid=1.000 cameras=agentview_rgb+eye_in_hand_rgb:3 episodes=0-0 start_t=8-19 frames=8-75
0: [data-wait step=0000240 rank=0] wait=0.00s threshold=20.00s epoch_batch=159 datasets=libero_hdf5:3 stats=libero_hdf5:3 views=2:3 valid=1.000 cameras=agentview_rgb+eye_in_hand_rgb:3 episodes=0-0 start_t=16-26 frames=16-82
0: [data-wait step=0000240 rank=0] wait=0.00s threshold=20.00s epoch_batch=160 datasets=libero_hdf5:3 stats=libero_hdf5:3 views=2:3 valid=1.000 cameras=agentview_rgb+eye_in_hand_rgb:3 episodes=0-0 start_t=14-32 frames=14-88
0: [step=0000240] total=1.7456 action_l1=0.3214 feat=0.7589 depth=0.4475 ray=0.0000 point=0.0000 rel@1/5/10=0.065/0.464/0.702 mse=0.04541 s/step=3.641 lr=2.4e-05/2.4e-04
0: [data-wait step=0000250 rank=0] wait=0.00s threshold=20.00s epoch_batch=197 datasets=libero_hdf5:3 stats=libero_hdf5:3 views=2:3 valid=1.000 cameras=agentview_rgb+eye_in_hand_rgb:3 episodes=0-0 start_t=0-26 frames=0-82
0: [data-wait step=0000250 rank=0] wait=0.00s threshold=20.00s epoch_batch=198 datasets=libero_hdf5:3 stats=libero_hdf5:3 views=2:3 valid=1.000 cameras=agentview_rgb+eye_in_hand_rgb:3 episodes=0-0 start_t=0-24 frames=0-80
0: [data-wait step=0000250 rank=0] wait=0.00s threshold=20.00s epoch_batch=199 datasets=libero_hdf5:3 stats=libero_hdf5:3 views=2:3 valid=1.000 cameras=agentview_rgb+eye_in_hand_rgb:3 episodes=0-0 start_t=9-31 frames=9-87
0: [data-wait step=0000250 rank=0] wait=0.00s threshold=20.00s epoch_batch=200 datasets=libero_hdf5:3 stats=libero_hdf5:3 views=2:3 valid=1.000 cameras=agentview_rgb+eye_in_hand_rgb:3 episodes=0-0 start_t=1-26 frames=1-82
0: [step=0000250] total=1.7924 action_l1=0.3395 feat=0.7520 depth=0.4406 ray=0.0000 point=0.0000 rel@1/5/10=0.042/0.321/0.714 mse=0.07556 s/step=3.355 lr=2.5e-05/2.5e-04
0: [data-wait step=0000260 rank=0] wait=0.00s threshold=20.00s epoch_batch=37 datasets=libero_hdf5:3 stats=libero_hdf5:3 views=2:3 valid=1.000 cameras=agentview_rgb+eye_in_hand_rgb:3 episodes=0-0 start_t=7-26 frames=7-82
0: [data-wait step=0000260 rank=0] wait=0.00s threshold=20.00s epoch_batch=38 datasets=libero_hdf5:3 stats=libero_hdf5:3 views=2:3 valid=1.000 cameras=agentview_rgb+eye_in_hand_rgb:3 episodes=0-0 start_t=12-33 frames=12-89
0: [data-wait step=0000260 rank=0] wait=0.00s threshold=20.00s epoch_batch=39 datasets=libero_hdf5:3 stats=libero_hdf5:3 views=2:3 valid=1.000 cameras=agentview_rgb+eye_in_hand_rgb:3 episodes=0-0 start_t=12-26 frames=12-82
0: [data-wait step=0000260 rank=0] wait=0.00s threshold=20.00s epoch_batch=40 datasets=libero_hdf5:3 stats=libero_hdf5:3 views=2:3 valid=1.000 cameras=agentview_rgb+eye_in_hand_rgb:3 episodes=0-0 start_t=16-31 frames=16-87
0: [step=0000260] total=1.8239 action_l1=0.3528 feat=0.7442 depth=0.4277 ray=0.0000 point=0.0000 rel@1/5/10=0.129/0.554/0.833 mse=0.03038 s/step=3.359 lr=2.6e-05/2.6e-04
0: [data-wait step=0000270 rank=0] wait=0.00s threshold=20.00s epoch_batch=77 datasets=libero_hdf5:3 stats=libero_hdf5:3 views=2:3 valid=1.000 cameras=agentview_rgb+eye_in_hand_rgb:3 episodes=0-0 start_t=0-24 frames=0-80
0: [data-wait step=0000270 rank=0] wait=0.00s threshold=20.00s epoch_batch=78 datasets=libero_hdf5:3 stats=libero_hdf5:3 views=2:3 valid=1.000 cameras=agentview_rgb+eye_in_hand_rgb:3 episodes=0-0 start_t=4-31 frames=4-87
0: [data-wait step=0000270 rank=0] wait=0.00s threshold=20.00s epoch_batch=79 datasets=libero_hdf5:3 stats=libero_hdf5:3 views=2:3 valid=1.000 cameras=agentview_rgb+eye_in_hand_rgb:3 episodes=0-0 start_t=10-30 frames=10-86
0: [data-wait step=0000270 rank=0] wait=0.00s threshold=20.00s epoch_batch=80 datasets=libero_hdf5:3 stats=libero_hdf5:3 views=2:3 valid=1.000 cameras=agentview_rgb+eye_in_hand_rgb:3 episodes=0-0 start_t=20-32 frames=20-88
0: [step=0000270] total=1.7554 action_l1=0.3331 feat=0.7370 depth=0.3837 ray=0.0000 point=0.0000 rel@1/5/10=0.099/0.526/0.806 mse=0.03667 s/step=2.846 lr=2.7e-05/2.7e-04
0: [data-wait step=0000280 rank=0] wait=0.00s threshold=20.00s epoch_batch=117 datasets=libero_hdf5:3 stats=libero_hdf5:3 views=2:3 valid=1.000 cameras=agentview_rgb+eye_in_hand_rgb:3 episodes=0-0 start_t=7-26 frames=7-82
0: [data-wait step=0000280 rank=0] wait=0.00s threshold=20.00s epoch_batch=118 datasets=libero_hdf5:3 stats=libero_hdf5:3 views=2:3 valid=1.000 cameras=agentview_rgb+eye_in_hand_rgb:3 episodes=0-0 start_t=10-22 frames=10-78
0: [data-wait step=0000280 rank=0] wait=0.00s threshold=20.00s epoch_batch=119 datasets=libero_hdf5:3 stats=libero_hdf5:3 views=2:3 valid=1.000 cameras=agentview_rgb+eye_in_hand_rgb:3 episodes=0-0 start_t=0-20 frames=0-76
0: [data-wait step=0000280 rank=0] wait=0.00s threshold=20.00s epoch_batch=120 datasets=libero_hdf5:3 stats=libero_hdf5:3 views=2:3 valid=1.000 cameras=agentview_rgb+eye_in_hand_rgb:3 episodes=0-0 start_t=1-28 frames=1-84
0: [step=0000280] total=1.7062 action_l1=0.3194 feat=0.7294 depth=0.3705 ray=0.0000 point=0.0000 rel@1/5/10=0.106/0.509/0.764 mse=0.04780 s/step=3.067 lr=2.8e-05/2.8e-04
0: [data-wait step=0000290 rank=0] wait=0.00s threshold=20.00s epoch_batch=157 datasets=libero_hdf5:3 stats=libero_hdf5:3 views=2:3 valid=1.000 cameras=agentview_rgb+eye_in_hand_rgb:3 episodes=0-0 start_t=14-34 frames=14-90
0: [data-wait step=0000290 rank=0] wait=0.00s threshold=20.00s epoch_batch=158 datasets=libero_hdf5:3 stats=libero_hdf5:3 views=2:3 valid=1.000 cameras=agentview_rgb+eye_in_hand_rgb:3 episodes=0-0 start_t=7-30 frames=7-86
0: [data-wait step=0000290 rank=0] wait=0.00s threshold=20.00s epoch_batch=159 datasets=libero_hdf5:3 stats=libero_hdf5:3 views=2:3 valid=1.000 cameras=agentview_rgb+eye_in_hand_rgb:3 episodes=0-0 start_t=2-28 frames=2-84
0: [data-wait step=0000290 rank=0] wait=0.00s threshold=20.00s epoch_batch=160 datasets=libero_hdf5:3 stats=libero_hdf5:3 views=2:3 valid=1.000 cameras=agentview_rgb+eye_in_hand_rgb:3 episodes=0-0 start_t=17-34 frames=17-90
0: [step=0000290] total=1.7827 action_l1=0.3483 feat=0.7208 depth=0.3405 ray=0.0000 point=0.0000 rel@1/5/10=0.107/0.339/0.673 mse=0.04899 s/step=3.395 lr=2.9e-05/2.9e-04
0: [data-wait step=0000300 rank=0] wait=0.00s threshold=20.00s epoch_batch=197 datasets=libero_hdf5:3 stats=libero_hdf5:3 views=2:3 valid=1.000 cameras=agentview_rgb+eye_in_hand_rgb:3 episodes=0-0 start_t=2-26 frames=2-82
0: [data-wait step=0000300 rank=0] wait=0.00s threshold=20.00s epoch_batch=198 datasets=libero_hdf5:3 stats=libero_hdf5:3 views=2:3 valid=1.000 cameras=agentview_rgb+eye_in_hand_rgb:3 episodes=0-0 start_t=14-29 frames=14-85
0: [data-wait step=0000300 rank=0] wait=0.00s threshold=20.00s epoch_batch=199 datasets=libero_hdf5:3 stats=libero_hdf5:3 views=2:3 valid=1.000 cameras=agentview_rgb+eye_in_hand_rgb:3 episodes=0-0 start_t=16-34 frames=16-90
0: [data-wait step=0000300 rank=0] wait=0.00s threshold=20.00s epoch_batch=200 datasets=libero_hdf5:3 stats=libero_hdf5:3 views=2:3 valid=1.000 cameras=agentview_rgb+eye_in_hand_rgb:3 episodes=0-0 start_t=19-34 frames=19-90
0: [step=0000300] total=1.7079 action_l1=0.3261 feat=0.7134 depth=0.3213 ray=0.0000 point=0.0000 rel@1/5/10=0.137/0.476/0.720 mse=0.04110 s/step=2.963 lr=3.0e-05/3.0e-04
0: [data-wait step=0000310 rank=0] wait=0.00s threshold=20.00s epoch_batch=37 datasets=libero_hdf5:3 stats=libero_hdf5:3 views=2:3 valid=1.000 cameras=agentview_rgb+eye_in_hand_rgb:3 episodes=0-0 start_t=2-25 frames=2-81
0: [data-wait step=0000310 rank=0] wait=0.00s threshold=20.00s epoch_batch=38 datasets=libero_hdf5:3 stats=libero_hdf5:3 views=2:3 valid=1.000 cameras=agentview_rgb+eye_in_hand_rgb:3 episodes=0-0 start_t=2-14 frames=2-70
0: [data-wait step=0000310 rank=0] wait=0.00s threshold=20.00s epoch_batch=39 datasets=libero_hdf5:3 stats=libero_hdf5:3 views=2:3 valid=1.000 cameras=agentview_rgb+eye_in_hand_rgb:3 episodes=0-0 start_t=12-31 frames=12-87
0: [data-wait step=0000310 rank=0] wait=0.00s threshold=20.00s epoch_batch=40 datasets=libero_hdf5:3 stats=libero_hdf5:3 views=2:3 valid=1.000 cameras=agentview_rgb+eye_in_hand_rgb:3 episodes=0-0 start_t=9-31 frames=9-87
0: [step=0000310] total=1.8158 action_l1=0.3652 feat=0.7050 depth=0.3061 ray=0.0000 point=0.0000 rel@1/5/10=0.087/0.432/0.719 mse=0.05202 s/step=3.355 lr=3.1e-05/3.1e-04
0: [data-wait step=0000320 rank=0] wait=0.00s threshold=20.00s epoch_batch=77 datasets=libero_hdf5:3 stats=libero_hdf5:3 views=2:3 valid=1.000 cameras=agentview_rgb+eye_in_hand_rgb:3 episodes=0-0 start_t=17-20 frames=17-76
0: [data-wait step=0000320 rank=0] wait=0.00s threshold=20.00s epoch_batch=78 datasets=libero_hdf5:3 stats=libero_hdf5:3 views=2:3 valid=1.000 cameras=agentview_rgb+eye_in_hand_rgb:3 episodes=0-0 start_t=1-7 frames=1-63
0: [data-wait step=0000320 rank=0] wait=0.00s threshold=20.00s epoch_batch=79 datasets=libero_hdf5:3 stats=libero_hdf5:3 views=2:3 valid=1.000 cameras=agentview_rgb+eye_in_hand_rgb:3 episodes=0-0 start_t=7-25 frames=7-81
0: [data-wait step=0000320 rank=0] wait=0.00s threshold=20.00s epoch_batch=80 datasets=libero_hdf5:3 stats=libero_hdf5:3 views=2:3 valid=1.000 cameras=agentview_rgb+eye_in_hand_rgb:3 episodes=0-0 start_t=0-25 frames=0-81
0: [step=0000320] total=1.6333 action_l1=0.3073 feat=0.6973 depth=0.2828 ray=0.0000 point=0.0000 rel@1/5/10=0.100/0.550/0.816 mse=0.03566 s/step=3.690 lr=3.2e-05/3.2e-04
0: [data-wait step=0000330 rank=0] wait=0.00s threshold=20.00s epoch_batch=117 datasets=libero_hdf5:3 stats=libero_hdf5:3 views=2:3 valid=1.000 cameras=agentview_rgb+eye_in_hand_rgb:3 episodes=0-0 start_t=13-34 frames=13-90
0: [data-wait step=0000330 rank=0] wait=0.00s threshold=20.00s epoch_batch=118 datasets=libero_hdf5:3 stats=libero_hdf5:3 views=2:3 valid=1.000 cameras=agentview_rgb+eye_in_hand_rgb:3 episodes=0-0 start_t=11-24 frames=11-80
0: [data-wait step=0000330 rank=0] wait=0.00s threshold=20.00s epoch_batch=119 datasets=libero_hdf5:3 stats=libero_hdf5:3 views=2:3 valid=1.000 cameras=agentview_rgb+eye_in_hand_rgb:3 episodes=0-0 start_t=0-27 frames=0-83
0: [data-wait step=0000330 rank=0] wait=0.00s threshold=20.00s epoch_batch=120 datasets=libero_hdf5:3 stats=libero_hdf5:3 views=2:3 valid=1.000 cameras=agentview_rgb+eye_in_hand_rgb:3 episodes=0-0 start_t=12-24 frames=12-80
0: [step=0000330] total=1.5846 action_l1=0.2946 feat=0.6877 depth=0.2617 ray=0.0000 point=0.0000 rel@1/5/10=0.155/0.488/0.863 mse=0.02219 s/step=3.011 lr=3.3e-05/3.3e-04
0: [data-wait step=0000340 rank=0] wait=0.00s threshold=20.00s epoch_batch=157 datasets=libero_hdf5:3 stats=libero_hdf5:3 views=2:3 valid=1.000 cameras=agentview_rgb+eye_in_hand_rgb:3 episodes=0-0 start_t=2-17 frames=2-73
0: [data-wait step=0000340 rank=0] wait=0.00s threshold=20.00s epoch_batch=158 datasets=libero_hdf5:3 stats=libero_hdf5:3 views=2:3 valid=1.000 cameras=agentview_rgb+eye_in_hand_rgb:3 episodes=0-0 start_t=14-20 frames=14-76
0: [data-wait step=0000340 rank=0] wait=0.00s threshold=20.00s epoch_batch=159 datasets=libero_hdf5:3 stats=libero_hdf5:3 views=2:3 valid=1.000 cameras=agentview_rgb+eye_in_hand_rgb:3 episodes=0-0 start_t=21-32 frames=21-88
0: [data-wait step=0000340 rank=0] wait=0.00s threshold=20.00s epoch_batch=160 datasets=libero_hdf5:3 stats=libero_hdf5:3 views=2:3 valid=1.000 cameras=agentview_rgb+eye_in_hand_rgb:3 episodes=0-0 start_t=22-30 frames=22-86
0: [step=0000340] total=1.6782 action_l1=0.3293 feat=0.6776 depth=0.2521 ray=0.0000 point=0.0000 rel@1/5/10=0.131/0.602/0.844 mse=0.03078 s/step=3.177 lr=3.4e-05/3.4e-04
0: [data-wait step=0000350 rank=0] wait=0.00s threshold=20.00s epoch_batch=197 datasets=libero_hdf5:3 stats=libero_hdf5:3 views=2:3 valid=1.000 cameras=agentview_rgb+eye_in_hand_rgb:3 episodes=0-0 start_t=3-28 frames=3-84
0: [data-wait step=0000350 rank=0] wait=0.00s threshold=20.00s epoch_batch=198 datasets=libero_hdf5:3 stats=libero_hdf5:3 views=2:3 valid=1.000 cameras=agentview_rgb+eye_in_hand_rgb:3 episodes=0-0 start_t=22-32 frames=22-88
0: [data-wait step=0000350 rank=0] wait=0.00s threshold=20.00s epoch_batch=199 datasets=libero_hdf5:3 stats=libero_hdf5:3 views=2:3 valid=1.000 cameras=agentview_rgb+eye_in_hand_rgb:3 episodes=0-0 start_t=15-32 frames=15-88
0: [data-wait step=0000350 rank=0] wait=0.00s threshold=20.00s epoch_batch=200 datasets=libero_hdf5:3 stats=libero_hdf5:3 views=2:3 valid=1.000 cameras=agentview_rgb+eye_in_hand_rgb:3 episodes=0-0 start_t=9-22 frames=9-78
0: [step=0000350] total=1.5569 action_l1=0.2913 feat=0.6709 depth=0.2426 ray=0.0000 point=0.0000 rel@1/5/10=0.220/0.628/0.869 mse=0.02172 s/step=3.300 lr=3.5e-05/3.5e-04
0: [data-wait step=0000360 rank=0] wait=0.00s threshold=20.00s epoch_batch=37 datasets=libero_hdf5:3 stats=libero_hdf5:3 views=2:3 valid=1.000 cameras=agentview_rgb+eye_in_hand_rgb:3 episodes=0-0 start_t=11-21 frames=11-77
0: [data-wait step=0000360 rank=0] wait=0.00s threshold=20.00s epoch_batch=38 datasets=libero_hdf5:3 stats=libero_hdf5:3 views=2:3 valid=1.000 cameras=agentview_rgb+eye_in_hand_rgb:3 episodes=0-0 start_t=2-30 frames=2-86
0: [data-wait step=0000360 rank=0] wait=0.00s threshold=20.00s epoch_batch=39 datasets=libero_hdf5:3 stats=libero_hdf5:3 views=2:3 valid=1.000 cameras=agentview_rgb+eye_in_hand_rgb:3 episodes=0-0 start_t=15-25 frames=15-81
0: [data-wait step=0000360 rank=0] wait=0.00s threshold=20.00s epoch_batch=40 datasets=libero_hdf5:3 stats=libero_hdf5:3 views=2:3 valid=1.000 cameras=agentview_rgb+eye_in_hand_rgb:3 episodes=0-0 start_t=8-9 frames=8-65
0: [step=0000360] total=1.5645 action_l1=0.2975 feat=0.6594 depth=0.2506 ray=0.0000 point=0.0000 rel@1/5/10=0.129/0.549/0.838 mse=0.02991 s/step=3.670 lr=3.6e-05/3.6e-04
0: [data-wait step=0000370 rank=0] wait=0.00s threshold=20.00s epoch_batch=77 datasets=libero_hdf5:3 stats=libero_hdf5:3 views=2:3 valid=1.000 cameras=agentview_rgb+eye_in_hand_rgb:3 episodes=0-0 start_t=8-24 frames=8-80
0: [data-wait step=0000370 rank=0] wait=0.00s threshold=20.00s epoch_batch=78 datasets=libero_hdf5:3 stats=libero_hdf5:3 views=2:3 valid=1.000 cameras=agentview_rgb+eye_in_hand_rgb:3 episodes=0-0 start_t=7-26 frames=7-82
0: [data-wait step=0000370 rank=0] wait=0.00s threshold=20.00s epoch_batch=79 datasets=libero_hdf5:3 stats=libero_hdf5:3 views=2:3 valid=1.000 cameras=agentview_rgb+eye_in_hand_rgb:3 episodes=0-0 start_t=8-17 frames=8-73
0: [data-wait step=0000370 rank=0] wait=0.00s threshold=20.00s epoch_batch=80 datasets=libero_hdf5:3 stats=libero_hdf5:3 views=2:3 valid=1.000 cameras=agentview_rgb+eye_in_hand_rgb:3 episodes=0-0 start_t=5-26 frames=5-82
0: [step=0000370] total=1.6880 action_l1=0.3420 feat=0.6496 depth=0.2496 ray=0.0000 point=0.0000 rel@1/5/10=0.173/0.595/0.845 mse=0.02689 s/step=2.945 lr=3.7e-05/3.7e-04
0: [data-wait step=0000380 rank=0] wait=0.00s threshold=20.00s epoch_batch=117 datasets=libero_hdf5:3 stats=libero_hdf5:3 views=2:3 valid=1.000 cameras=agentview_rgb+eye_in_hand_rgb:3 episodes=0-0 start_t=11-25 frames=11-81
0: [data-wait step=0000380 rank=0] wait=0.00s threshold=20.00s epoch_batch=118 datasets=libero_hdf5:3 stats=libero_hdf5:3 views=2:3 valid=1.000 cameras=agentview_rgb+eye_in_hand_rgb:3 episodes=0-0 start_t=7-27 frames=7-83
0: [data-wait step=0000380 rank=0] wait=0.00s threshold=20.00s epoch_batch=119 datasets=libero_hdf5:3 stats=libero_hdf5:3 views=2:3 valid=1.000 cameras=agentview_rgb+eye_in_hand_rgb:3 episodes=0-0 start_t=21-32 frames=21-88
0: [data-wait step=0000380 rank=0] wait=0.00s threshold=20.00s epoch_batch=120 datasets=libero_hdf5:3 stats=libero_hdf5:3 views=2:3 valid=1.000 cameras=agentview_rgb+eye_in_hand_rgb:3 episodes=0-0 start_t=13-29 frames=13-85
0: [step=0000380] total=1.6326 action_l1=0.3270 feat=0.6396 depth=0.2398 ray=0.0000 point=0.0000 rel@1/5/10=0.071/0.607/0.833 mse=0.02462 s/step=3.285 lr=3.8e-05/3.8e-04
0: [data-wait step=0000390 rank=0] wait=0.00s threshold=20.00s epoch_batch=157 datasets=libero_hdf5:3 stats=libero_hdf5:3 views=2:3 valid=1.000 cameras=agentview_rgb+eye_in_hand_rgb:3 episodes=0-0 start_t=2-28 frames=2-84
0: [data-wait step=0000390 rank=0] wait=0.00s threshold=20.00s epoch_batch=158 datasets=libero_hdf5:3 stats=libero_hdf5:3 views=2:3 valid=1.000 cameras=agentview_rgb+eye_in_hand_rgb:3 episodes=0-0 start_t=15-25 frames=15-81
0: [data-wait step=0000390 rank=0] wait=0.00s threshold=20.00s epoch_batch=159 datasets=libero_hdf5:3 stats=libero_hdf5:3 views=2:3 valid=1.000 cameras=agentview_rgb+eye_in_hand_rgb:3 episodes=0-0 start_t=7-14 frames=7-70
0: [data-wait step=0000390 rank=0] wait=0.00s threshold=20.00s epoch_batch=160 datasets=libero_hdf5:3 stats=libero_hdf5:3 views=2:3 valid=1.000 cameras=agentview_rgb+eye_in_hand_rgb:3 episodes=0-0 start_t=13-32 frames=13-88
0: [step=0000390] total=1.5170 action_l1=0.2912 feat=0.6312 depth=0.2427 ray=0.0000 point=0.0000 rel@1/5/10=0.137/0.411/0.690 mse=0.05045 s/step=3.480 lr=3.9e-05/3.9e-04
0: [data-wait step=0000400 rank=0] wait=0.00s threshold=20.00s epoch_batch=197 datasets=libero_hdf5:3 stats=libero_hdf5:3 views=2:3 valid=1.000 cameras=agentview_rgb+eye_in_hand_rgb:3 episodes=0-0 start_t=1-10 frames=1-66
0: [data-wait step=0000400 rank=0] wait=0.00s threshold=20.00s epoch_batch=198 datasets=libero_hdf5:3 stats=libero_hdf5:3 views=2:3 valid=1.000 cameras=agentview_rgb+eye_in_hand_rgb:3 episodes=0-0 start_t=8-24 frames=8-80
0: [data-wait step=0000400 rank=0] wait=0.00s threshold=20.00s epoch_batch=199 datasets=libero_hdf5:3 stats=libero_hdf5:3 views=2:3 valid=1.000 cameras=agentview_rgb+eye_in_hand_rgb:3 episodes=0-0 start_t=8-26 frames=8-82
0: [data-wait step=0000400 rank=0] wait=0.00s threshold=20.00s epoch_batch=200 datasets=libero_hdf5:3 stats=libero_hdf5:3 views=2:3 valid=1.000 cameras=agentview_rgb+eye_in_hand_rgb:3 episodes=0-0 start_t=28-31 frames=28-87
0: [step=0000400] total=1.4951 action_l1=0.2873 feat=0.6216 depth=0.2313 ray=0.0000 point=0.0000 rel@1/5/10=0.069/0.426/0.719 mse=0.05404 s/step=3.397 lr=4.0e-05/4.0e-04
0: [data-wait step=0000410 rank=0] wait=0.00s threshold=20.00s epoch_batch=37 datasets=libero_hdf5:3 stats=libero_hdf5:3 views=2:3 valid=1.000 cameras=agentview_rgb+eye_in_hand_rgb:3 episodes=0-0 start_t=24-26 frames=24-82
0: [data-wait step=0000410 rank=0] wait=0.00s threshold=20.00s epoch_batch=38 datasets=libero_hdf5:3 stats=libero_hdf5:3 views=2:3 valid=1.000 cameras=agentview_rgb+eye_in_hand_rgb:3 episodes=0-0 start_t=1-31 frames=1-87
0: [data-wait step=0000410 rank=0] wait=0.00s threshold=20.00s epoch_batch=39 datasets=libero_hdf5:3 stats=libero_hdf5:3 views=2:3 valid=1.000 cameras=agentview_rgb+eye_in_hand_rgb:3 episodes=0-0 start_t=5-18 frames=5-74
0: [data-wait step=0000410 rank=0] wait=0.00s threshold=20.00s epoch_batch=40 datasets=libero_hdf5:3 stats=libero_hdf5:3 views=2:3 valid=1.000 cameras=agentview_rgb+eye_in_hand_rgb:3 episodes=0-0 start_t=17-34 frames=17-90
0: [step=0000410] total=1.5345 action_l1=0.3044 feat=0.6096 depth=0.2361 ray=0.0000 point=0.0000 rel@1/5/10=0.101/0.446/0.714 mse=0.03943 s/step=3.157 lr=4.1e-05/4.1e-04
0: [data-wait step=0000420 rank=0] wait=0.00s threshold=20.00s epoch_batch=77 datasets=libero_hdf5:3 stats=libero_hdf5:3 views=2:3 valid=1.000 cameras=agentview_rgb+eye_in_hand_rgb:3 episodes=0-0 start_t=2-25 frames=2-81
0: [data-wait step=0000420 rank=0] wait=0.00s threshold=20.00s epoch_batch=78 datasets=libero_hdf5:3 stats=libero_hdf5:3 views=2:3 valid=1.000 cameras=agentview_rgb+eye_in_hand_rgb:3 episodes=0-0 start_t=9-31 frames=9-87
0: [data-wait step=0000420 rank=0] wait=0.00s threshold=20.00s epoch_batch=79 datasets=libero_hdf5:3 stats=libero_hdf5:3 views=2:3 valid=1.000 cameras=agentview_rgb+eye_in_hand_rgb:3 episodes=0-0 start_t=7-27 frames=7-83
0: [data-wait step=0000420 rank=0] wait=0.00s threshold=20.00s epoch_batch=80 datasets=libero_hdf5:3 stats=libero_hdf5:3 views=2:3 valid=1.000 cameras=agentview_rgb+eye_in_hand_rgb:3 episodes=0-0 start_t=14-32 frames=14-88
0: [step=0000420] total=1.4686 action_l1=0.2853 feat=0.5999 depth=0.2555 ray=0.0000 point=0.0000 rel@1/5/10=0.195/0.588/0.777 mse=0.04068 s/step=3.352 lr=4.2e-05/4.2e-04
0: [data-wait step=0000430 rank=0] wait=0.00s threshold=20.00s epoch_batch=117 datasets=libero_hdf5:3 stats=libero_hdf5:3 views=2:3 valid=1.000 cameras=agentview_rgb+eye_in_hand_rgb:3 episodes=0-0 start_t=4-11 frames=4-67
0: [data-wait step=0000430 rank=0] wait=0.00s threshold=20.00s epoch_batch=118 datasets=libero_hdf5:3 stats=libero_hdf5:3 views=2:3 valid=1.000 cameras=agentview_rgb+eye_in_hand_rgb:3 episodes=0-0 start_t=2-13 frames=2-69
0: [data-wait step=0000430 rank=0] wait=0.00s threshold=20.00s epoch_batch=119 datasets=libero_hdf5:3 stats=libero_hdf5:3 views=2:3 valid=1.000 cameras=agentview_rgb+eye_in_hand_rgb:3 episodes=0-0 start_t=17-29 frames=17-85
0: [data-wait step=0000430 rank=0] wait=0.00s threshold=20.00s epoch_batch=120 datasets=libero_hdf5:3 stats=libero_hdf5:3 views=2:3 valid=1.000 cameras=agentview_rgb+eye_in_hand_rgb:3 episodes=0-0 start_t=2-27 frames=2-83
0: [step=0000430] total=1.4537 action_l1=0.2832 feat=0.5914 depth=0.2556 ray=0.0000 point=0.0000 rel@1/5/10=0.185/0.581/0.823 mse=0.03090 s/step=2.768 lr=4.3e-05/4.3e-04
0: [data-wait step=0000440 rank=0] wait=0.00s threshold=20.00s epoch_batch=157 datasets=libero_hdf5:3 stats=libero_hdf5:3 views=2:3 valid=1.000 cameras=agentview_rgb+eye_in_hand_rgb:3 episodes=0-0 start_t=4-26 frames=4-82
0: [data-wait step=0000440 rank=0] wait=0.00s threshold=20.00s epoch_batch=158 datasets=libero_hdf5:3 stats=libero_hdf5:3 views=2:3 valid=1.000 cameras=agentview_rgb+eye_in_hand_rgb:3 episodes=0-0 start_t=10-33 frames=10-89
0: [data-wait step=0000440 rank=0] wait=0.00s threshold=20.00s epoch_batch=159 datasets=libero_hdf5:3 stats=libero_hdf5:3 views=2:3 valid=1.000 cameras=agentview_rgb+eye_in_hand_rgb:3 episodes=0-0 start_t=17-27 frames=17-83
0: [data-wait step=0000440 rank=0] wait=0.00s threshold=20.00s epoch_batch=160 datasets=libero_hdf5:3 stats=libero_hdf5:3 views=2:3 valid=1.000 cameras=agentview_rgb+eye_in_hand_rgb:3 episodes=0-0 start_t=7-24 frames=7-80
0: [step=0000440] total=1.5208 action_l1=0.3091 feat=0.5813 depth=0.2425 ray=0.0000 point=0.0000 rel@1/5/10=0.129/0.543/0.831 mse=0.03254 s/step=2.888 lr=4.4e-05/4.4e-04
0: [data-wait step=0000450 rank=0] wait=0.00s threshold=20.00s epoch_batch=197 datasets=libero_hdf5:3 stats=libero_hdf5:3 views=2:3 valid=1.000 cameras=agentview_rgb+eye_in_hand_rgb:3 episodes=0-0 start_t=11-16 frames=11-72
0: [data-wait step=0000450 rank=0] wait=0.00s threshold=20.00s epoch_batch=198 datasets=libero_hdf5:3 stats=libero_hdf5:3 views=2:3 valid=1.000 cameras=agentview_rgb+eye_in_hand_rgb:3 episodes=0-0 start_t=22-27 frames=22-83
0: [data-wait step=0000450 rank=0] wait=0.00s threshold=20.00s epoch_batch=199 datasets=libero_hdf5:3 stats=libero_hdf5:3 views=2:3 valid=1.000 cameras=agentview_rgb+eye_in_hand_rgb:3 episodes=0-0 start_t=12-14 frames=12-70
0: [data-wait step=0000450 rank=0] wait=0.00s threshold=20.00s epoch_batch=200 datasets=libero_hdf5:3 stats=libero_hdf5:3 views=2:3 valid=1.000 cameras=agentview_rgb+eye_in_hand_rgb:3 episodes=0-0 start_t=1-20 frames=1-76
0: [step=0000450] total=1.3988 action_l1=0.2714 feat=0.5734 depth=0.2274 ray=0.0000 point=0.0000 rel@1/5/10=0.152/0.542/0.842 mse=0.02567 s/step=3.389 lr=4.5e-05/4.5e-04
0: [data-wait step=0000460 rank=0] wait=0.00s threshold=20.00s epoch_batch=37 datasets=libero_hdf5:3 stats=libero_hdf5:3 views=2:3 valid=1.000 cameras=agentview_rgb+eye_in_hand_rgb:3 episodes=0-0 start_t=8-22 frames=8-78
0: [data-wait step=0000460 rank=0] wait=0.00s threshold=20.00s epoch_batch=38 datasets=libero_hdf5:3 stats=libero_hdf5:3 views=2:3 valid=1.000 cameras=agentview_rgb+eye_in_hand_rgb:3 episodes=0-0 start_t=18-33 frames=18-89
0: [data-wait step=0000460 rank=0] wait=0.00s threshold=20.00s epoch_batch=39 datasets=libero_hdf5:3 stats=libero_hdf5:3 views=2:3 valid=1.000 cameras=agentview_rgb+eye_in_hand_rgb:3 episodes=0-0 start_t=1-30 frames=1-86
0: [data-wait step=0000460 rank=0] wait=0.00s threshold=20.00s epoch_batch=40 datasets=libero_hdf5:3 stats=libero_hdf5:3 views=2:3 valid=1.000 cameras=agentview_rgb+eye_in_hand_rgb:3 episodes=0-0 start_t=4-26 frames=4-82
0: [step=0000460] total=1.4824 action_l1=0.3019 feat=0.5652 depth=0.2315 ray=0.0000 point=0.0000 rel@1/5/10=0.128/0.601/0.827 mse=0.02509 s/step=3.822 lr=4.6e-05/4.6e-04
0: [data-wait step=0000470 rank=0] wait=0.00s threshold=20.00s epoch_batch=77 datasets=libero_hdf5:3 stats=libero_hdf5:3 views=2:3 valid=1.000 cameras=agentview_rgb+eye_in_hand_rgb:3 episodes=0-0 start_t=11-26 frames=11-82
0: [data-wait step=0000470 rank=0] wait=0.00s threshold=20.00s epoch_batch=78 datasets=libero_hdf5:3 stats=libero_hdf5:3 views=2:3 valid=1.000 cameras=agentview_rgb+eye_in_hand_rgb:3 episodes=0-0 start_t=10-15 frames=10-71
0: [data-wait step=0000470 rank=0] wait=0.00s threshold=20.00s epoch_batch=79 datasets=libero_hdf5:3 stats=libero_hdf5:3 views=2:3 valid=1.000 cameras=agentview_rgb+eye_in_hand_rgb:3 episodes=0-0 start_t=13-23 frames=13-79
0: [data-wait step=0000470 rank=0] wait=0.00s threshold=20.00s epoch_batch=80 datasets=libero_hdf5:3 stats=libero_hdf5:3 views=2:3 valid=1.000 cameras=agentview_rgb+eye_in_hand_rgb:3 episodes=0-0 start_t=3-34 frames=3-90
0: [step=0000470] total=1.4499 action_l1=0.2947 feat=0.5546 depth=0.2225 ray=0.0000 point=0.0000 rel@1/5/10=0.202/0.649/0.821 mse=0.02924 s/step=3.310 lr=4.7e-05/4.7e-04
0: [data-wait step=0000480 rank=0] wait=0.00s threshold=20.00s epoch_batch=117 datasets=libero_hdf5:3 stats=libero_hdf5:3 views=2:3 valid=1.000 cameras=agentview_rgb+eye_in_hand_rgb:3 episodes=0-0 start_t=0-27 frames=0-83
0: [data-wait step=0000480 rank=0] wait=0.00s threshold=20.00s epoch_batch=118 datasets=libero_hdf5:3 stats=libero_hdf5:3 views=2:3 valid=1.000 cameras=agentview_rgb+eye_in_hand_rgb:3 episodes=0-0 start_t=2-32 frames=2-88
0: [data-wait step=0000480 rank=0] wait=0.00s threshold=20.00s epoch_batch=119 datasets=libero_hdf5:3 stats=libero_hdf5:3 views=2:3 valid=1.000 cameras=agentview_rgb+eye_in_hand_rgb:3 episodes=0-0 start_t=9-23 frames=9-79
0: [data-wait step=0000480 rank=0] wait=0.00s threshold=20.00s epoch_batch=120 datasets=libero_hdf5:3 stats=libero_hdf5:3 views=2:3 valid=1.000 cameras=agentview_rgb+eye_in_hand_rgb:3 episodes=0-0 start_t=11-28 frames=11-84
0: [step=0000480] total=1.3817 action_l1=0.2750 feat=0.5455 depth=0.2226 ray=0.0000 point=0.0000 rel@1/5/10=0.146/0.488/0.878 mse=0.01981 s/step=3.498 lr=4.8e-05/4.8e-04
0: [data-wait step=0000490 rank=0] wait=0.00s threshold=20.00s epoch_batch=157 datasets=libero_hdf5:3 stats=libero_hdf5:3 views=2:3 valid=1.000 cameras=agentview_rgb+eye_in_hand_rgb:3 episodes=0-0 start_t=13-17 frames=13-73
0: [data-wait step=0000490 rank=0] wait=0.00s threshold=20.00s epoch_batch=158 datasets=libero_hdf5:3 stats=libero_hdf5:3 views=2:3 valid=1.000 cameras=agentview_rgb+eye_in_hand_rgb:3 episodes=0-0 start_t=3-31 frames=3-87
0: [data-wait step=0000490 rank=0] wait=0.00s threshold=20.00s epoch_batch=159 datasets=libero_hdf5:3 stats=libero_hdf5:3 views=2:3 valid=1.000 cameras=agentview_rgb+eye_in_hand_rgb:3 episodes=0-0 start_t=16-19 frames=16-75
0: [data-wait step=0000490 rank=0] wait=0.00s threshold=20.00s epoch_batch=160 datasets=libero_hdf5:3 stats=libero_hdf5:3 views=2:3 valid=1.000 cameras=agentview_rgb+eye_in_hand_rgb:3 episodes=0-0 start_t=2-30 frames=2-86
0: [step=0000490] total=1.5978 action_l1=0.3505 feat=0.5353 depth=0.2192 ray=0.0000 point=0.0000 rel@1/5/10=0.082/0.486/0.727 mse=0.05239 s/step=3.216 lr=4.9e-05/4.9e-04
0: [data-wait step=0000500 rank=0] wait=0.00s threshold=20.00s epoch_batch=197 datasets=libero_hdf5:3 stats=libero_hdf5:3 views=2:3 valid=1.000 cameras=agentview_rgb+eye_in_hand_rgb:3 episodes=0-0 start_t=0-27 frames=0-83
0: [data-wait step=0000500 rank=0] wait=0.00s threshold=20.00s epoch_batch=198 datasets=libero_hdf5:3 stats=libero_hdf5:3 views=2:3 valid=1.000 cameras=agentview_rgb+eye_in_hand_rgb:3 episodes=0-0 start_t=20-23 frames=20-79
0: [data-wait step=0000500 rank=0] wait=0.00s threshold=20.00s epoch_batch=199 datasets=libero_hdf5:3 stats=libero_hdf5:3 views=2:3 valid=1.000 cameras=agentview_rgb+eye_in_hand_rgb:3 episodes=0-0 start_t=11-29 frames=11-85
0: [data-wait step=0000500 rank=0] wait=0.00s threshold=20.00s epoch_batch=200 datasets=libero_hdf5:3 stats=libero_hdf5:3 views=2:3 valid=1.000 cameras=agentview_rgb+eye_in_hand_rgb:3 episodes=0-0 start_t=9-14 frames=9-70
0: [step=0000500] total=1.3356 action_l1=0.2658 feat=0.5276 depth=0.2146 ray=0.0000 point=0.0000 rel@1/5/10=0.185/0.673/0.871 mse=0.02022 s/step=3.392 lr=5.0e-05/5.0e-04
0: [data-wait step=0000510 rank=0] wait=0.00s threshold=20.00s epoch_batch=37 datasets=libero_hdf5:3 stats=libero_hdf5:3 views=2:3 valid=1.000 cameras=agentview_rgb+eye_in_hand_rgb:3 episodes=0-0 start_t=13-22 frames=13-78
0: [data-wait step=0000510 rank=0] wait=0.00s threshold=20.00s epoch_batch=38 datasets=libero_hdf5:3 stats=libero_hdf5:3 views=2:3 valid=1.000 cameras=agentview_rgb+eye_in_hand_rgb:3 episodes=0-0 start_t=7-19 frames=7-75
0: [data-wait step=0000510 rank=0] wait=0.00s threshold=20.00s epoch_batch=39 datasets=libero_hdf5:3 stats=libero_hdf5:3 views=2:3 valid=1.000 cameras=agentview_rgb+eye_in_hand_rgb:3 episodes=0-0 start_t=5-32 frames=5-88
0: [data-wait step=0000510 rank=0] wait=0.00s threshold=20.00s epoch_batch=40 datasets=libero_hdf5:3 stats=libero_hdf5:3 views=2:3 valid=1.000 cameras=agentview_rgb+eye_in_hand_rgb:3 episodes=0-0 start_t=3-6 frames=3-62
0: [step=0000510] total=1.3653 action_l1=0.2784 feat=0.5195 depth=0.2154 ray=0.0000 point=0.0000 rel@1/5/10=0.153/0.649/0.914 mse=0.01806 s/step=3.311 lr=5.0e-05/5.0e-04
0: [data-wait step=0000520 rank=0] wait=0.00s threshold=20.00s epoch_batch=77 datasets=libero_hdf5:3 stats=libero_hdf5:3 views=2:3 valid=1.000 cameras=agentview_rgb+eye_in_hand_rgb:3 episodes=0-0 start_t=2-23 frames=2-79
0: [data-wait step=0000520 rank=0] wait=0.00s threshold=20.00s epoch_batch=78 datasets=libero_hdf5:3 stats=libero_hdf5:3 views=2:3 valid=1.000 cameras=agentview_rgb+eye_in_hand_rgb:3 episodes=0-0 start_t=2-29 frames=2-85
0: [data-wait step=0000520 rank=0] wait=0.00s threshold=20.00s epoch_batch=79 datasets=libero_hdf5:3 stats=libero_hdf5:3 views=2:3 valid=1.000 cameras=agentview_rgb+eye_in_hand_rgb:3 episodes=0-0 start_t=10-20 frames=10-76
0: [data-wait step=0000520 rank=0] wait=0.00s threshold=20.00s epoch_batch=80 datasets=libero_hdf5:3 stats=libero_hdf5:3 views=2:3 valid=1.000 cameras=agentview_rgb+eye_in_hand_rgb:3 episodes=0-0 start_t=3-33 frames=3-89
0: [step=0000520] total=1.2426 action_l1=0.2399 feat=0.5122 depth=0.2122 ray=0.0000 point=0.0000 rel@1/5/10=0.086/0.441/0.841 mse=0.02832 s/step=3.746 lr=5.0e-05/5.0e-04
0: [data-wait step=0000530 rank=0] wait=0.00s threshold=20.00s epoch_batch=117 datasets=libero_hdf5:3 stats=libero_hdf5:3 views=2:3 valid=1.000 cameras=agentview_rgb+eye_in_hand_rgb:3 episodes=0-0 start_t=2-18 frames=2-74
0: [data-wait step=0000530 rank=0] wait=0.00s threshold=20.00s epoch_batch=118 datasets=libero_hdf5:3 stats=libero_hdf5:3 views=2:3 valid=1.000 cameras=agentview_rgb+eye_in_hand_rgb:3 episodes=0-0 start_t=7-25 frames=7-81
0: [data-wait step=0000530 rank=0] wait=0.00s threshold=20.00s epoch_batch=119 datasets=libero_hdf5:3 stats=libero_hdf5:3 views=2:3 valid=1.000 cameras=agentview_rgb+eye_in_hand_rgb:3 episodes=0-0 start_t=5-28 frames=5-84
0: [data-wait step=0000530 rank=0] wait=0.00s threshold=20.00s epoch_batch=120 datasets=libero_hdf5:3 stats=libero_hdf5:3 views=2:3 valid=1.000 cameras=agentview_rgb+eye_in_hand_rgb:3 episodes=0-0 start_t=6-29 frames=6-85
0: [step=0000530] total=1.4358 action_l1=0.3069 feat=0.5048 depth=0.2074 ray=0.0000 point=0.0000 rel@1/5/10=0.115/0.548/0.784 mse=0.03184 s/step=3.215 lr=5.0e-05/5.0e-04
0: [data-wait step=0000540 rank=0] wait=0.00s threshold=20.00s epoch_batch=157 datasets=libero_hdf5:3 stats=libero_hdf5:3 views=2:3 valid=1.000 cameras=agentview_rgb+eye_in_hand_rgb:3 episodes=0-0 start_t=7-32 frames=7-88
0: [data-wait step=0000540 rank=0] wait=0.00s threshold=20.00s epoch_batch=158 datasets=libero_hdf5:3 stats=libero_hdf5:3 views=2:3 valid=1.000 cameras=agentview_rgb+eye_in_hand_rgb:3 episodes=0-0 start_t=3-17 frames=3-73
0: [data-wait step=0000540 rank=0] wait=0.00s threshold=20.00s epoch_batch=159 datasets=libero_hdf5:3 stats=libero_hdf5:3 views=2:3 valid=1.000 cameras=agentview_rgb+eye_in_hand_rgb:3 episodes=0-0 start_t=8-29 frames=8-85
0: [data-wait step=0000540 rank=0] wait=0.00s threshold=20.00s epoch_batch=160 datasets=libero_hdf5:3 stats=libero_hdf5:3 views=2:3 valid=1.000 cameras=agentview_rgb+eye_in_hand_rgb:3 episodes=0-0 start_t=16-32 frames=16-88
0: [step=0000540] total=1.3820 action_l1=0.2915 feat=0.4969 depth=0.2108 ray=0.0000 point=0.0000 rel@1/5/10=0.110/0.505/0.741 mse=0.03882 s/step=3.210 lr=4.9e-05/4.9e-04
0: [data-wait step=0000550 rank=0] wait=0.00s threshold=20.00s epoch_batch=197 datasets=libero_hdf5:3 stats=libero_hdf5:3 views=2:3 valid=1.000 cameras=agentview_rgb+eye_in_hand_rgb:3 episodes=0-0 start_t=3-31 frames=3-87
0: [data-wait step=0000550 rank=0] wait=0.00s threshold=20.00s epoch_batch=198 datasets=libero_hdf5:3 stats=libero_hdf5:3 views=2:3 valid=1.000 cameras=agentview_rgb+eye_in_hand_rgb:3 episodes=0-0 start_t=9-17 frames=9-73
0: [data-wait step=0000550 rank=0] wait=0.00s threshold=20.00s epoch_batch=199 datasets=libero_hdf5:3 stats=libero_hdf5:3 views=2:3 valid=1.000 cameras=agentview_rgb+eye_in_hand_rgb:3 episodes=0-0 start_t=5-25 frames=5-81
0: [data-wait step=0000550 rank=0] wait=0.00s threshold=20.00s epoch_batch=200 datasets=libero_hdf5:3 stats=libero_hdf5:3 views=2:3 valid=1.000 cameras=agentview_rgb+eye_in_hand_rgb:3 episodes=0-0 start_t=3-34 frames=3-90
0: [step=0000550] total=1.3949 action_l1=0.2985 feat=0.4889 depth=0.2077 ray=0.0000 point=0.0000 rel@1/5/10=0.179/0.667/0.923 mse=0.02133 s/step=3.318 lr=4.9e-05/4.9e-04
0: [data-wait step=0000560 rank=0] wait=0.00s threshold=20.00s epoch_batch=37 datasets=libero_hdf5:3 stats=libero_hdf5:3 views=2:3 valid=1.000 cameras=agentview_rgb+eye_in_hand_rgb:3 episodes=0-0 start_t=3-25 frames=3-81
0: [data-wait step=0000560 rank=0] wait=0.00s threshold=20.00s epoch_batch=38 datasets=libero_hdf5:3 stats=libero_hdf5:3 views=2:3 valid=1.000 cameras=agentview_rgb+eye_in_hand_rgb:3 episodes=0-0 start_t=3-21 frames=3-77
0: [data-wait step=0000560 rank=0] wait=0.00s threshold=20.00s epoch_batch=39 datasets=libero_hdf5:3 stats=libero_hdf5:3 views=2:3 valid=1.000 cameras=agentview_rgb+eye_in_hand_rgb:3 episodes=0-0 start_t=11-28 frames=11-84
0: [data-wait step=0000560 rank=0] wait=0.00s threshold=20.00s epoch_batch=40 datasets=libero_hdf5:3 stats=libero_hdf5:3 views=2:3 valid=1.000 cameras=agentview_rgb+eye_in_hand_rgb:3 episodes=0-0 start_t=0-32 frames=0-88
0: [step=0000560] total=1.1866 action_l1=0.2311 feat=0.4827 depth=0.2104 ray=0.0000 point=0.0000 rel@1/5/10=0.204/0.700/0.895 mse=0.01880 s/step=3.372 lr=4.8e-05/4.8e-04
0: [data-wait step=0000570 rank=0] wait=0.00s threshold=20.00s epoch_batch=77 datasets=libero_hdf5:3 stats=libero_hdf5:3 views=2:3 valid=1.000 cameras=agentview_rgb+eye_in_hand_rgb:3 episodes=0-0 start_t=7-34 frames=7-90
0: [data-wait step=0000570 rank=0] wait=0.00s threshold=20.00s epoch_batch=78 datasets=libero_hdf5:3 stats=libero_hdf5:3 views=2:3 valid=1.000 cameras=agentview_rgb+eye_in_hand_rgb:3 episodes=0-0 start_t=2-32 frames=2-88
0: [data-wait step=0000570 rank=0] wait=0.00s threshold=20.00s epoch_batch=79 datasets=libero_hdf5:3 stats=libero_hdf5:3 views=2:3 valid=1.000 cameras=agentview_rgb+eye_in_hand_rgb:3 episodes=0-0 start_t=2-25 frames=2-81
0: [data-wait step=0000570 rank=0] wait=0.00s threshold=20.00s epoch_batch=80 datasets=libero_hdf5:3 stats=libero_hdf5:3 views=2:3 valid=1.000 cameras=agentview_rgb+eye_in_hand_rgb:3 episodes=0-0 start_t=0-30 frames=0-86
0: [step=0000570] total=1.3316 action_l1=0.2814 feat=0.4769 depth=0.2105 ray=0.0000 point=0.0000 rel@1/5/10=0.122/0.726/0.905 mse=0.02735 s/step=2.701 lr=4.8e-05/4.8e-04
0: [data-wait step=0000580 rank=0] wait=0.00s threshold=20.00s epoch_batch=117 datasets=libero_hdf5:3 stats=libero_hdf5:3 views=2:3 valid=1.000 cameras=agentview_rgb+eye_in_hand_rgb:3 episodes=0-0 start_t=7-14 frames=7-70
0: [data-wait step=0000580 rank=0] wait=0.00s threshold=20.00s epoch_batch=118 datasets=libero_hdf5:3 stats=libero_hdf5:3 views=2:3 valid=1.000 cameras=agentview_rgb+eye_in_hand_rgb:3 episodes=0-0 start_t=3-20 frames=3-76
0: [data-wait step=0000580 rank=0] wait=0.00s threshold=20.00s epoch_batch=119 datasets=libero_hdf5:3 stats=libero_hdf5:3 views=2:3 valid=1.000 cameras=agentview_rgb+eye_in_hand_rgb:3 episodes=0-0 start_t=5-25 frames=5-81
0: [data-wait step=0000580 rank=0] wait=0.00s threshold=20.00s epoch_batch=120 datasets=libero_hdf5:3 stats=libero_hdf5:3 views=2:3 valid=1.000 cameras=agentview_rgb+eye_in_hand_rgb:3 episodes=0-0 start_t=0-33 frames=0-89
0: [step=0000580] total=1.2276 action_l1=0.2484 feat=0.4713 depth=0.2236 ray=0.0000 point=0.0000 rel@1/5/10=0.122/0.631/0.869 mse=0.02368 s/step=3.925 lr=4.7e-05/4.7e-04
0: [data-wait step=0000590 rank=0] wait=0.00s threshold=20.00s epoch_batch=157 datasets=libero_hdf5:3 stats=libero_hdf5:3 views=2:3 valid=1.000 cameras=agentview_rgb+eye_in_hand_rgb:3 episodes=0-0 start_t=11-19 frames=11-75
0: [data-wait step=0000590 rank=0] wait=0.00s threshold=20.00s epoch_batch=158 datasets=libero_hdf5:3 stats=libero_hdf5:3 views=2:3 valid=1.000 cameras=agentview_rgb+eye_in_hand_rgb:3 episodes=0-0 start_t=7-34 frames=7-90
0: [data-wait step=0000590 rank=0] wait=0.00s threshold=20.00s epoch_batch=159 datasets=libero_hdf5:3 stats=libero_hdf5:3 views=2:3 valid=1.000 cameras=agentview_rgb+eye_in_hand_rgb:3 episodes=0-0 start_t=8-31 frames=8-87
0: [data-wait step=0000590 rank=0] wait=0.00s threshold=20.00s epoch_batch=160 datasets=libero_hdf5:3 stats=libero_hdf5:3 views=2:3 valid=1.000 cameras=agentview_rgb+eye_in_hand_rgb:3 episodes=0-0 start_t=16-28 frames=16-84
0: [step=0000590] total=1.1429 action_l1=0.2229 feat=0.4639 depth=0.2072 ray=0.0000 point=0.0000 rel@1/5/10=0.179/0.688/0.929 mse=0.01467 s/step=3.316 lr=4.6e-05/4.6e-04
0: [data-wait step=0000600 rank=0] wait=0.00s threshold=20.00s epoch_batch=197 datasets=libero_hdf5:3 stats=libero_hdf5:3 views=2:3 valid=1.000 cameras=agentview_rgb+eye_in_hand_rgb:3 episodes=0-0 start_t=7-32 frames=7-88
0: [data-wait step=0000600 rank=0] wait=0.00s threshold=20.00s epoch_batch=198 datasets=libero_hdf5:3 stats=libero_hdf5:3 views=2:3 valid=1.000 cameras=agentview_rgb+eye_in_hand_rgb:3 episodes=0-0 start_t=3-8 frames=3-64
0: [data-wait step=0000600 rank=0] wait=0.00s threshold=20.00s epoch_batch=199 datasets=libero_hdf5:3 stats=libero_hdf5:3 views=2:3 valid=1.000 cameras=agentview_rgb+eye_in_hand_rgb:3 episodes=0-0 start_t=1-34 frames=1-90
0: [data-wait step=0000600 rank=0] wait=0.00s threshold=20.00s epoch_batch=200 datasets=libero_hdf5:3 stats=libero_hdf5:3 views=2:3 valid=1.000 cameras=agentview_rgb+eye_in_hand_rgb:3 episodes=0-0 start_t=1-28 frames=1-84
0: [step=0000600] total=1.1724 action_l1=0.2344 feat=0.4590 depth=0.2035 ray=0.0000 point=0.0000 rel@1/5/10=0.169/0.708/0.918 mse=0.01554 s/step=2.949 lr=4.5e-05/4.5e-04
0: [data-wait step=0000610 rank=0] wait=0.00s threshold=20.00s epoch_batch=37 datasets=libero_hdf5:3 stats=libero_hdf5:3 views=2:3 valid=1.000 cameras=agentview_rgb+eye_in_hand_rgb:3 episodes=0-0 start_t=0-17 frames=0-73
0: [data-wait step=0000610 rank=0] wait=0.00s threshold=20.00s epoch_batch=38 datasets=libero_hdf5:3 stats=libero_hdf5:3 views=2:3 valid=1.000 cameras=agentview_rgb+eye_in_hand_rgb:3 episodes=0-0 start_t=17-27 frames=17-83
0: [data-wait step=0000610 rank=0] wait=0.00s threshold=20.00s epoch_batch=39 datasets=libero_hdf5:3 stats=libero_hdf5:3 views=2:3 valid=1.000 cameras=agentview_rgb+eye_in_hand_rgb:3 episodes=0-0 start_t=3-28 frames=3-84
0: [data-wait step=0000610 rank=0] wait=0.00s threshold=20.00s epoch_batch=40 datasets=libero_hdf5:3 stats=libero_hdf5:3 views=2:3 valid=1.000 cameras=agentview_rgb+eye_in_hand_rgb:3 episodes=0-0 start_t=5-29 frames=5-85
0: [step=0000610] total=1.2331 action_l1=0.2569 feat=0.4525 depth=0.1975 ray=0.0000 point=0.0000 rel@1/5/10=0.129/0.619/0.927 mse=0.01552 s/step=2.910 lr=4.4e-05/4.4e-04
0: [data-wait step=0000620 rank=0] wait=0.00s threshold=20.00s epoch_batch=77 datasets=libero_hdf5:3 stats=libero_hdf5:3 views=2:3 valid=1.000 cameras=agentview_rgb+eye_in_hand_rgb:3 episodes=0-0 start_t=13-33 frames=13-89
0: [data-wait step=0000620 rank=0] wait=0.00s threshold=20.00s epoch_batch=78 datasets=libero_hdf5:3 stats=libero_hdf5:3 views=2:3 valid=1.000 cameras=agentview_rgb+eye_in_hand_rgb:3 episodes=0-0 start_t=0-27 frames=0-83
0: [data-wait step=0000620 rank=0] wait=0.00s threshold=20.00s epoch_batch=79 datasets=libero_hdf5:3 stats=libero_hdf5:3 views=2:3 valid=1.000 cameras=agentview_rgb+eye_in_hand_rgb:3 episodes=0-0 start_t=13-30 frames=13-86
0: [data-wait step=0000620 rank=0] wait=0.00s threshold=20.00s epoch_batch=80 datasets=libero_hdf5:3 stats=libero_hdf5:3 views=2:3 valid=1.000 cameras=agentview_rgb+eye_in_hand_rgb:3 episodes=0-0 start_t=2-23 frames=2-79
0: [step=0000620] total=1.2093 action_l1=0.2510 feat=0.4463 depth=0.2034 ray=0.0000 point=0.0000 rel@1/5/10=0.155/0.735/0.949 mse=0.01320 s/step=2.973 lr=4.3e-05/4.3e-04
0: [data-wait step=0000630 rank=0] wait=0.00s threshold=20.00s epoch_batch=117 datasets=libero_hdf5:3 stats=libero_hdf5:3 views=2:3 valid=1.000 cameras=agentview_rgb+eye_in_hand_rgb:3 episodes=0-0 start_t=7-26 frames=7-82
0: [data-wait step=0000630 rank=0] wait=0.00s threshold=20.00s epoch_batch=118 datasets=libero_hdf5:3 stats=libero_hdf5:3 views=2:3 valid=1.000 cameras=agentview_rgb+eye_in_hand_rgb:3 episodes=0-0 start_t=12-25 frames=12-81
0: [data-wait step=0000630 rank=0] wait=0.00s threshold=20.00s epoch_batch=119 datasets=libero_hdf5:3 stats=libero_hdf5:3 views=2:3 valid=1.000 cameras=agentview_rgb+eye_in_hand_rgb:3 episodes=0-0 start_t=6-32 frames=6-88
0: [data-wait step=0000630 rank=0] wait=0.00s threshold=20.00s epoch_batch=120 datasets=libero_hdf5:3 stats=libero_hdf5:3 views=2:3 valid=1.000 cameras=agentview_rgb+eye_in_hand_rgb:3 episodes=0-0 start_t=1-34 frames=1-90
0: [step=0000630] total=1.0708 action_l1=0.2058 feat=0.4435 depth=0.1998 ray=0.0000 point=0.0000 rel@1/5/10=0.218/0.770/0.927 mse=0.01423 s/step=3.427 lr=4.2e-05/4.2e-04
0: [data-wait step=0000640 rank=0] wait=0.00s threshold=20.00s epoch_batch=157 datasets=libero_hdf5:3 stats=libero_hdf5:3 views=2:3 valid=1.000 cameras=agentview_rgb+eye_in_hand_rgb:3 episodes=0-0 start_t=3-26 frames=3-82
0: [data-wait step=0000640 rank=0] wait=0.00s threshold=20.00s epoch_batch=158 datasets=libero_hdf5:3 stats=libero_hdf5:3 views=2:3 valid=1.000 cameras=agentview_rgb+eye_in_hand_rgb:3 episodes=0-0 start_t=4-24 frames=4-80
0: [data-wait step=0000640 rank=0] wait=0.00s threshold=20.00s epoch_batch=159 datasets=libero_hdf5:3 stats=libero_hdf5:3 views=2:3 valid=1.000 cameras=agentview_rgb+eye_in_hand_rgb:3 episodes=0-0 start_t=6-26 frames=6-82
0: [data-wait step=0000640 rank=0] wait=0.00s threshold=20.00s epoch_batch=160 datasets=libero_hdf5:3 stats=libero_hdf5:3 views=2:3 valid=1.000 cameras=agentview_rgb+eye_in_hand_rgb:3 episodes=0-0 start_t=5-22 frames=5-78
0: [step=0000640] total=1.0422 action_l1=0.1983 feat=0.4374 depth=0.1960 ray=0.0000 point=0.0000 rel@1/5/10=0.208/0.833/0.949 mse=0.00989 s/step=3.658 lr=4.1e-05/4.1e-04
0: [data-wait step=0000650 rank=0] wait=0.00s threshold=20.00s epoch_batch=197 datasets=libero_hdf5:3 stats=libero_hdf5:3 views=2:3 valid=1.000 cameras=agentview_rgb+eye_in_hand_rgb:3 episodes=0-0 start_t=2-29 frames=2-85
0: [data-wait step=0000650 rank=0] wait=0.00s threshold=20.00s epoch_batch=198 datasets=libero_hdf5:3 stats=libero_hdf5:3 views=2:3 valid=1.000 cameras=agentview_rgb+eye_in_hand_rgb:3 episodes=0-0 start_t=19-27 frames=19-83
0: [data-wait step=0000650 rank=0] wait=0.00s threshold=20.00s epoch_batch=199 datasets=libero_hdf5:3 stats=libero_hdf5:3 views=2:3 valid=1.000 cameras=agentview_rgb+eye_in_hand_rgb:3 episodes=0-0 start_t=11-28 frames=11-84
0: [data-wait step=0000650 rank=0] wait=0.00s threshold=20.00s epoch_batch=200 datasets=libero_hdf5:3 stats=libero_hdf5:3 views=2:3 valid=1.000 cameras=agentview_rgb+eye_in_hand_rgb:3 episodes=0-0 start_t=9-33 frames=9-89
0: [step=0000650] total=1.0544 action_l1=0.2046 feat=0.4305 depth=0.1978 ray=0.0000 point=0.0000 rel@1/5/10=0.236/0.742/0.918 mse=0.01779 s/step=3.557 lr=4.0e-05/4.0e-04
0: [data-wait step=0000660 rank=0] wait=0.00s threshold=20.00s epoch_batch=37 datasets=libero_hdf5:3 stats=libero_hdf5:3 views=2:3 valid=1.000 cameras=agentview_rgb+eye_in_hand_rgb:3 episodes=0-0 start_t=16-34 frames=16-90
0: [data-wait step=0000660 rank=0] wait=0.00s threshold=20.00s epoch_batch=38 datasets=libero_hdf5:3 stats=libero_hdf5:3 views=2:3 valid=1.000 cameras=agentview_rgb+eye_in_hand_rgb:3 episodes=0-0 start_t=7-27 frames=7-83
0: [data-wait step=0000660 rank=0] wait=0.00s threshold=20.00s epoch_batch=39 datasets=libero_hdf5:3 stats=libero_hdf5:3 views=2:3 valid=1.000 cameras=agentview_rgb+eye_in_hand_rgb:3 episodes=0-0 start_t=6-25 frames=6-81
0: [data-wait step=0000660 rank=0] wait=0.00s threshold=20.00s epoch_batch=40 datasets=libero_hdf5:3 stats=libero_hdf5:3 views=2:3 valid=1.000 cameras=agentview_rgb+eye_in_hand_rgb:3 episodes=0-0 start_t=5-8 frames=5-64
0: [step=0000660] total=1.0632 action_l1=0.2085 feat=0.4279 depth=0.1925 ray=0.0000 point=0.0000 rel@1/5/10=0.233/0.801/0.960 mse=0.00871 s/step=3.294 lr=3.9e-05/3.9e-04
0: [data-wait step=0000670 rank=0] wait=0.00s threshold=20.00s epoch_batch=77 datasets=libero_hdf5:3 stats=libero_hdf5:3 views=2:3 valid=1.000 cameras=agentview_rgb+eye_in_hand_rgb:3 episodes=0-0 start_t=11-30 frames=11-86
0: [data-wait step=0000670 rank=0] wait=0.00s threshold=20.00s epoch_batch=78 datasets=libero_hdf5:3 stats=libero_hdf5:3 views=2:3 valid=1.000 cameras=agentview_rgb+eye_in_hand_rgb:3 episodes=0-0 start_t=3-34 frames=3-90
0: [data-wait step=0000670 rank=0] wait=0.00s threshold=20.00s epoch_batch=79 datasets=libero_hdf5:3 stats=libero_hdf5:3 views=2:3 valid=1.000 cameras=agentview_rgb+eye_in_hand_rgb:3 episodes=0-0 start_t=10-20 frames=10-76
0: [data-wait step=0000670 rank=0] wait=0.00s threshold=20.00s epoch_batch=80 datasets=libero_hdf5:3 stats=libero_hdf5:3 views=2:3 valid=1.000 cameras=agentview_rgb+eye_in_hand_rgb:3 episodes=0-0 start_t=5-30 frames=5-86
0: [step=0000670] total=0.9983 action_l1=0.1884 feat=0.4232 depth=0.1956 ray=0.0000 point=0.0000 rel@1/5/10=0.252/0.826/0.944 mse=0.01030 s/step=3.633 lr=3.7e-05/3.7e-04
0: [data-wait step=0000680 rank=0] wait=0.00s threshold=20.00s epoch_batch=117 datasets=libero_hdf5:3 stats=libero_hdf5:3 views=2:3 valid=1.000 cameras=agentview_rgb+eye_in_hand_rgb:3 episodes=0-0 start_t=1-24 frames=1-80
0: [data-wait step=0000680 rank=0] wait=0.00s threshold=20.00s epoch_batch=118 datasets=libero_hdf5:3 stats=libero_hdf5:3 views=2:3 valid=1.000 cameras=agentview_rgb+eye_in_hand_rgb:3 episodes=0-0 start_t=1-29 frames=1-85
0: [data-wait step=0000680 rank=0] wait=0.00s threshold=20.00s epoch_batch=119 datasets=libero_hdf5:3 stats=libero_hdf5:3 views=2:3 valid=1.000 cameras=agentview_rgb+eye_in_hand_rgb:3 episodes=0-0 start_t=10-24 frames=10-80
0: [data-wait step=0000680 rank=0] wait=0.00s threshold=20.00s epoch_batch=120 datasets=libero_hdf5:3 stats=libero_hdf5:3 views=2:3 valid=1.000 cameras=agentview_rgb+eye_in_hand_rgb:3 episodes=0-0 start_t=3-23 frames=3-79
0: [step=0000680] total=1.2036 action_l1=0.2589 feat=0.4168 depth=0.1998 ray=0.0000 point=0.0000 rel@1/5/10=0.202/0.738/0.923 mse=0.01391 s/step=2.967 lr=3.6e-05/3.6e-04
0: [data-wait step=0000690 rank=0] wait=0.00s threshold=20.00s epoch_batch=157 datasets=libero_hdf5:3 stats=libero_hdf5:3 views=2:3 valid=1.000 cameras=agentview_rgb+eye_in_hand_rgb:3 episodes=0-0 start_t=5-34 frames=5-90
0: [data-wait step=0000690 rank=0] wait=0.00s threshold=20.00s epoch_batch=158 datasets=libero_hdf5:3 stats=libero_hdf5:3 views=2:3 valid=1.000 cameras=agentview_rgb+eye_in_hand_rgb:3 episodes=0-0 start_t=9-27 frames=9-83
0: [data-wait step=0000690 rank=0] wait=0.00s threshold=20.00s epoch_batch=159 datasets=libero_hdf5:3 stats=libero_hdf5:3 views=2:3 valid=1.000 cameras=agentview_rgb+eye_in_hand_rgb:3 episodes=0-0 start_t=2-33 frames=2-89
0: [data-wait step=0000690 rank=0] wait=0.00s threshold=20.00s epoch_batch=160 datasets=libero_hdf5:3 stats=libero_hdf5:3 views=2:3 valid=1.000 cameras=agentview_rgb+eye_in_hand_rgb:3 episodes=0-0 start_t=13-31 frames=13-87
0: [step=0000690] total=1.0734 action_l1=0.2159 feat=0.4157 depth=0.2007 ray=0.0000 point=0.0000 rel@1/5/10=0.256/0.774/0.952 mse=0.01077 s/step=3.116 lr=3.4e-05/3.4e-04
0: [data-wait step=0000700 rank=0] wait=0.00s threshold=20.00s epoch_batch=197 datasets=libero_hdf5:3 stats=libero_hdf5:3 views=2:3 valid=1.000 cameras=agentview_rgb+eye_in_hand_rgb:3 episodes=0-0 start_t=27-32 frames=27-88
0: [data-wait step=0000700 rank=0] wait=0.00s threshold=20.00s epoch_batch=198 datasets=libero_hdf5:3 stats=libero_hdf5:3 views=2:3 valid=1.000 cameras=agentview_rgb+eye_in_hand_rgb:3 episodes=0-0 start_t=3-28 frames=3-84
0: [data-wait step=0000700 rank=0] wait=0.00s threshold=20.00s epoch_batch=199 datasets=libero_hdf5:3 stats=libero_hdf5:3 views=2:3 valid=1.000 cameras=agentview_rgb+eye_in_hand_rgb:3 episodes=0-0 start_t=22-26 frames=22-82
0: [data-wait step=0000700 rank=0] wait=0.00s threshold=20.00s epoch_batch=200 datasets=libero_hdf5:3 stats=libero_hdf5:3 views=2:3 valid=1.000 cameras=agentview_rgb+eye_in_hand_rgb:3 episodes=0-0 start_t=14-20 frames=14-76
0: [step=0000700] total=1.2283 action_l1=0.2701 feat=0.4078 depth=0.2055 ray=0.0000 point=0.0000 rel@1/5/10=0.232/0.690/0.851 mse=0.02185 s/step=3.815 lr=3.3e-05/3.3e-04
0: [data-wait step=0000710 rank=0] wait=0.00s threshold=20.00s epoch_batch=37 datasets=libero_hdf5:3 stats=libero_hdf5:3 views=2:3 valid=1.000 cameras=agentview_rgb+eye_in_hand_rgb:3 episodes=0-0 start_t=0-32 frames=0-88
0: [data-wait step=0000710 rank=0] wait=0.00s threshold=20.00s epoch_batch=38 datasets=libero_hdf5:3 stats=libero_hdf5:3 views=2:3 valid=1.000 cameras=agentview_rgb+eye_in_hand_rgb:3 episodes=0-0 start_t=1-27 frames=1-83
0: [data-wait step=0000710 rank=0] wait=0.00s threshold=20.00s epoch_batch=39 datasets=libero_hdf5:3 stats=libero_hdf5:3 views=2:3 valid=1.000 cameras=agentview_rgb+eye_in_hand_rgb:3 episodes=0-0 start_t=5-33 frames=5-89
0: [data-wait step=0000710 rank=0] wait=0.00s threshold=20.00s epoch_batch=40 datasets=libero_hdf5:3 stats=libero_hdf5:3 views=2:3 valid=1.000 cameras=agentview_rgb+eye_in_hand_rgb:3 episodes=0-0 start_t=9-14 frames=9-70
0: [step=0000710] total=1.0835 action_l1=0.2220 feat=0.4077 depth=0.1962 ray=0.0000 point=0.0000 rel@1/5/10=0.179/0.804/0.948 mse=0.00984 s/step=3.868 lr=3.1e-05/3.1e-04
0: [data-wait step=0000720 rank=0] wait=0.00s threshold=20.00s epoch_batch=77 datasets=libero_hdf5:3 stats=libero_hdf5:3 views=2:3 valid=1.000 cameras=agentview_rgb+eye_in_hand_rgb:3 episodes=0-0 start_t=6-26 frames=6-82
0: [data-wait step=0000720 rank=0] wait=0.00s threshold=20.00s epoch_batch=78 datasets=libero_hdf5:3 stats=libero_hdf5:3 views=2:3 valid=1.000 cameras=agentview_rgb+eye_in_hand_rgb:3 episodes=0-0 start_t=2-21 frames=2-77
0: [data-wait step=0000720 rank=0] wait=0.00s threshold=20.00s epoch_batch=79 datasets=libero_hdf5:3 stats=libero_hdf5:3 views=2:3 valid=1.000 cameras=agentview_rgb+eye_in_hand_rgb:3 episodes=0-0 start_t=9-18 frames=9-74
0: [data-wait step=0000720 rank=0] wait=0.00s threshold=20.00s epoch_batch=80 datasets=libero_hdf5:3 stats=libero_hdf5:3 views=2:3 valid=1.000 cameras=agentview_rgb+eye_in_hand_rgb:3 episodes=0-0 start_t=9-30 frames=9-86
0: [step=0000720] total=1.1356 action_l1=0.2404 feat=0.4043 depth=0.2006 ray=0.0000 point=0.0000 rel@1/5/10=0.241/0.854/0.975 mse=0.00705 s/step=3.184 lr=3.0e-05/3.0e-04
0: [data-wait step=0000730 rank=0] wait=0.00s threshold=20.00s epoch_batch=117 datasets=libero_hdf5:3 stats=libero_hdf5:3 views=2:3 valid=1.000 cameras=agentview_rgb+eye_in_hand_rgb:3 episodes=0-0 start_t=3-33 frames=3-89
0: [data-wait step=0000730 rank=0] wait=0.00s threshold=20.00s epoch_batch=118 datasets=libero_hdf5:3 stats=libero_hdf5:3 views=2:3 valid=1.000 cameras=agentview_rgb+eye_in_hand_rgb:3 episodes=0-0 start_t=4-20 frames=4-76
0: [data-wait step=0000730 rank=0] wait=0.00s threshold=20.00s epoch_batch=119 datasets=libero_hdf5:3 stats=libero_hdf5:3 views=2:3 valid=1.000 cameras=agentview_rgb+eye_in_hand_rgb:3 episodes=0-0 start_t=5-26 frames=5-82
0: [data-wait step=0000730 rank=0] wait=0.00s threshold=20.00s epoch_batch=120 datasets=libero_hdf5:3 stats=libero_hdf5:3 views=2:3 valid=1.000 cameras=agentview_rgb+eye_in_hand_rgb:3 episodes=0-0 start_t=6-19 frames=6-75
0: [step=0000730] total=0.9662 action_l1=0.1845 feat=0.4035 depth=0.1846 ray=0.0000 point=0.0000 rel@1/5/10=0.250/0.842/0.970 mse=0.00676 s/step=3.493 lr=2.8e-05/2.8e-04
0: [data-wait step=0000740 rank=0] wait=0.00s threshold=20.00s epoch_batch=157 datasets=libero_hdf5:3 stats=libero_hdf5:3 views=2:3 valid=1.000 cameras=agentview_rgb+eye_in_hand_rgb:3 episodes=0-0 start_t=3-13 frames=3-69
0: [data-wait step=0000740 rank=0] wait=0.00s threshold=20.00s epoch_batch=158 datasets=libero_hdf5:3 stats=libero_hdf5:3 views=2:3 valid=1.000 cameras=agentview_rgb+eye_in_hand_rgb:3 episodes=0-0 start_t=7-24 frames=7-80
0: [data-wait step=0000740 rank=0] wait=0.00s threshold=20.00s epoch_batch=159 datasets=libero_hdf5:3 stats=libero_hdf5:3 views=2:3 valid=1.000 cameras=agentview_rgb+eye_in_hand_rgb:3 episodes=0-0 start_t=6-20 frames=6-76
0: [data-wait step=0000740 rank=0] wait=0.00s threshold=20.00s epoch_batch=160 datasets=libero_hdf5:3 stats=libero_hdf5:3 views=2:3 valid=1.000 cameras=agentview_rgb+eye_in_hand_rgb:3 episodes=0-0 start_t=17-27 frames=17-83
0: [step=0000740] total=0.9081 action_l1=0.1667 feat=0.3991 depth=0.1803 ray=0.0000 point=0.0000 rel@1/5/10=0.292/0.921/0.972 mse=0.00632 s/step=3.679 lr=2.7e-05/2.7e-04
0: [data-wait step=0000750 rank=0] wait=0.00s threshold=20.00s epoch_batch=197 datasets=libero_hdf5:3 stats=libero_hdf5:3 views=2:3 valid=1.000 cameras=agentview_rgb+eye_in_hand_rgb:3 episodes=0-0 start_t=0-17 frames=0-73
0: [data-wait step=0000750 rank=0] wait=0.00s threshold=20.00s epoch_batch=198 datasets=libero_hdf5:3 stats=libero_hdf5:3 views=2:3 valid=1.000 cameras=agentview_rgb+eye_in_hand_rgb:3 episodes=0-0 start_t=8-14 frames=8-70
0: [data-wait step=0000750 rank=0] wait=0.00s threshold=20.00s epoch_batch=199 datasets=libero_hdf5:3 stats=libero_hdf5:3 views=2:3 valid=1.000 cameras=agentview_rgb+eye_in_hand_rgb:3 episodes=0-0 start_t=8-19 frames=8-75
0: [data-wait step=0000750 rank=0] wait=0.00s threshold=20.00s epoch_batch=200 datasets=libero_hdf5:3 stats=libero_hdf5:3 views=2:3 valid=1.000 cameras=agentview_rgb+eye_in_hand_rgb:3 episodes=0-0 start_t=14-29 frames=14-85
0: [step=0000750] total=1.0010 action_l1=0.1976 feat=0.3994 depth=0.1768 ray=0.0000 point=0.0000 rel@1/5/10=0.242/0.793/0.950 mse=0.00896 s/step=3.505 lr=2.5e-05/2.5e-04
0: [data-wait step=0000760 rank=0] wait=0.00s threshold=20.00s epoch_batch=37 datasets=libero_hdf5:3 stats=libero_hdf5:3 views=2:3 valid=1.000 cameras=agentview_rgb+eye_in_hand_rgb:3 episodes=0-0 start_t=13-30 frames=13-86
0: [data-wait step=0000760 rank=0] wait=0.00s threshold=20.00s epoch_batch=38 datasets=libero_hdf5:3 stats=libero_hdf5:3 views=2:3 valid=1.000 cameras=agentview_rgb+eye_in_hand_rgb:3 episodes=0-0 start_t=4-9 frames=4-65
0: [data-wait step=0000760 rank=0] wait=0.00s threshold=20.00s epoch_batch=39 datasets=libero_hdf5:3 stats=libero_hdf5:3 views=2:3 valid=1.000 cameras=agentview_rgb+eye_in_hand_rgb:3 episodes=0-0 start_t=9-21 frames=9-77
0: [data-wait step=0000760 rank=0] wait=0.00s threshold=20.00s epoch_batch=40 datasets=libero_hdf5:3 stats=libero_hdf5:3 views=2:3 valid=1.000 cameras=agentview_rgb+eye_in_hand_rgb:3 episodes=0-0 start_t=4-26 frames=4-82
0: [step=0000760] total=0.8879 action_l1=0.1613 feat=0.3953 depth=0.1713 ray=0.0000 point=0.0000 rel@1/5/10=0.313/0.888/0.974 mse=0.00553 s/step=3.434 lr=2.4e-05/2.4e-04
0: [data-wait step=0000770 rank=0] wait=0.00s threshold=20.00s epoch_batch=77 datasets=libero_hdf5:3 stats=libero_hdf5:3 views=2:3 valid=1.000 cameras=agentview_rgb+eye_in_hand_rgb:3 episodes=0-0 start_t=6-28 frames=6-84
0: [data-wait step=0000770 rank=0] wait=0.00s threshold=20.00s epoch_batch=78 datasets=libero_hdf5:3 stats=libero_hdf5:3 views=2:3 valid=1.000 cameras=agentview_rgb+eye_in_hand_rgb:3 episodes=0-0 start_t=0-15 frames=0-71
0: [data-wait step=0000770 rank=0] wait=0.00s threshold=20.00s epoch_batch=79 datasets=libero_hdf5:3 stats=libero_hdf5:3 views=2:3 valid=1.000 cameras=agentview_rgb+eye_in_hand_rgb:3 episodes=0-0 start_t=4-16 frames=4-72
0: [data-wait step=0000770 rank=0] wait=0.00s threshold=20.00s epoch_batch=80 datasets=libero_hdf5:3 stats=libero_hdf5:3 views=2:3 valid=1.000 cameras=agentview_rgb+eye_in_hand_rgb:3 episodes=0-0 start_t=1-24 frames=1-80
0: [step=0000770] total=1.0404 action_l1=0.2128 feat=0.3938 depth=0.1666 ray=0.0000 point=0.0000 rel@1/5/10=0.348/0.857/0.967 mse=0.00644 s/step=3.387 lr=2.2e-05/2.2e-04
0: [data-wait step=0000780 rank=0] wait=0.00s threshold=20.00s epoch_batch=117 datasets=libero_hdf5:3 stats=libero_hdf5:3 views=2:3 valid=1.000 cameras=agentview_rgb+eye_in_hand_rgb:3 episodes=0-0 start_t=4-23 frames=4-79
0: [data-wait step=0000780 rank=0] wait=0.00s threshold=20.00s epoch_batch=118 datasets=libero_hdf5:3 stats=libero_hdf5:3 views=2:3 valid=1.000 cameras=agentview_rgb+eye_in_hand_rgb:3 episodes=0-0 start_t=17-22 frames=17-78
0: [data-wait step=0000780 rank=0] wait=0.00s threshold=20.00s epoch_batch=119 datasets=libero_hdf5:3 stats=libero_hdf5:3 views=2:3 valid=1.000 cameras=agentview_rgb+eye_in_hand_rgb:3 episodes=0-0 start_t=10-32 frames=10-88
0: [data-wait step=0000780 rank=0] wait=0.00s threshold=20.00s epoch_batch=120 datasets=libero_hdf5:3 stats=libero_hdf5:3 views=2:3 valid=1.000 cameras=agentview_rgb+eye_in_hand_rgb:3 episodes=0-0 start_t=7-20 frames=7-76
0: [step=0000780] total=1.0050 action_l1=0.2031 feat=0.3874 depth=0.1673 ray=0.0000 point=0.0000 rel@1/5/10=0.345/0.821/0.929 mse=0.01007 s/step=3.600 lr=2.1e-05/2.1e-04
0: [data-wait step=0000790 rank=0] wait=0.00s threshold=20.00s epoch_batch=157 datasets=libero_hdf5:3 stats=libero_hdf5:3 views=2:3 valid=1.000 cameras=agentview_rgb+eye_in_hand_rgb:3 episodes=0-0 start_t=15-23 frames=15-79
0: [data-wait step=0000790 rank=0] wait=0.00s threshold=20.00s epoch_batch=158 datasets=libero_hdf5:3 stats=libero_hdf5:3 views=2:3 valid=1.000 cameras=agentview_rgb+eye_in_hand_rgb:3 episodes=0-0 start_t=4-24 frames=4-80
0: [data-wait step=0000790 rank=0] wait=0.00s threshold=20.00s epoch_batch=159 datasets=libero_hdf5:3 stats=libero_hdf5:3 views=2:3 valid=1.000 cameras=agentview_rgb+eye_in_hand_rgb:3 episodes=0-0 start_t=21-32 frames=21-88
0: [data-wait step=0000790 rank=0] wait=0.00s threshold=20.00s epoch_batch=160 datasets=libero_hdf5:3 stats=libero_hdf5:3 views=2:3 valid=1.000 cameras=agentview_rgb+eye_in_hand_rgb:3 episodes=0-0 start_t=1-30 frames=1-86
0: [step=0000790] total=0.8895 action_l1=0.1635 feat=0.3910 depth=0.1609 ray=0.0000 point=0.0000 rel@1/5/10=0.278/0.815/0.957 mse=0.00902 s/step=3.557 lr=1.9e-05/1.9e-04
0: [data-wait step=0000800 rank=0] wait=0.00s threshold=20.00s epoch_batch=197 datasets=libero_hdf5:3 stats=libero_hdf5:3 views=2:3 valid=1.000 cameras=agentview_rgb+eye_in_hand_rgb:3 episodes=0-0 start_t=23-28 frames=23-84
0: [data-wait step=0000800 rank=0] wait=0.00s threshold=20.00s epoch_batch=198 datasets=libero_hdf5:3 stats=libero_hdf5:3 views=2:3 valid=1.000 cameras=agentview_rgb+eye_in_hand_rgb:3 episodes=0-0 start_t=0-9 frames=0-65
0: [data-wait step=0000800 rank=0] wait=0.00s threshold=20.00s epoch_batch=199 datasets=libero_hdf5:3 stats=libero_hdf5:3 views=2:3 valid=1.000 cameras=agentview_rgb+eye_in_hand_rgb:3 episodes=0-0 start_t=25-33 frames=25-89
0: [data-wait step=0000800 rank=0] wait=0.00s threshold=20.00s epoch_batch=200 datasets=libero_hdf5:3 stats=libero_hdf5:3 views=2:3 valid=1.000 cameras=agentview_rgb+eye_in_hand_rgb:3 episodes=0-0 start_t=4-26 frames=4-82
0: [step=0000800] total=1.0053 action_l1=0.2041 feat=0.3849 depth=0.1635 ray=0.0000 point=0.0000 rel@1/5/10=0.339/0.786/0.935 mse=0.00940 s/step=3.585 lr=1.8e-05/1.8e-04
0: [data-wait step=0000810 rank=0] wait=0.00s threshold=20.00s epoch_batch=37 datasets=libero_hdf5:3 stats=libero_hdf5:3 views=2:3 valid=1.000 cameras=agentview_rgb+eye_in_hand_rgb:3 episodes=0-0 start_t=6-24 frames=6-80
0: [data-wait step=0000810 rank=0] wait=0.00s threshold=20.00s epoch_batch=38 datasets=libero_hdf5:3 stats=libero_hdf5:3 views=2:3 valid=1.000 cameras=agentview_rgb+eye_in_hand_rgb:3 episodes=0-0 start_t=1-14 frames=1-70
0: [data-wait step=0000810 rank=0] wait=0.00s threshold=20.00s epoch_batch=39 datasets=libero_hdf5:3 stats=libero_hdf5:3 views=2:3 valid=1.000 cameras=agentview_rgb+eye_in_hand_rgb:3 episodes=0-0 start_t=9-20 frames=9-76
0: [data-wait step=0000810 rank=0] wait=0.00s threshold=20.00s epoch_batch=40 datasets=libero_hdf5:3 stats=libero_hdf5:3 views=2:3 valid=1.000 cameras=agentview_rgb+eye_in_hand_rgb:3 episodes=0-0 start_t=11-18 frames=11-74
0: [step=0000810] total=0.8566 action_l1=0.1542 feat=0.3860 depth=0.1613 ray=0.0000 point=0.0000 rel@1/5/10=0.391/0.907/0.979 mse=0.00459 s/step=3.842 lr=1.6e-05/1.6e-04
0: [data-wait step=0000820 rank=0] wait=0.00s threshold=20.00s epoch_batch=77 datasets=libero_hdf5:3 stats=libero_hdf5:3 views=2:3 valid=1.000 cameras=agentview_rgb+eye_in_hand_rgb:3 episodes=0-0 start_t=0-15 frames=0-71
0: [data-wait step=0000820 rank=0] wait=0.00s threshold=20.00s epoch_batch=78 datasets=libero_hdf5:3 stats=libero_hdf5:3 views=2:3 valid=1.000 cameras=agentview_rgb+eye_in_hand_rgb:3 episodes=0-0 start_t=6-28 frames=6-84
0: [data-wait step=0000820 rank=0] wait=0.00s threshold=20.00s epoch_batch=79 datasets=libero_hdf5:3 stats=libero_hdf5:3 views=2:3 valid=1.000 cameras=agentview_rgb+eye_in_hand_rgb:3 episodes=0-0 start_t=10-30 frames=10-86
0: [data-wait step=0000820 rank=0] wait=0.00s threshold=20.00s epoch_batch=80 datasets=libero_hdf5:3 stats=libero_hdf5:3 views=2:3 valid=1.000 cameras=agentview_rgb+eye_in_hand_rgb:3 episodes=0-0 start_t=2-26 frames=2-82
0: [step=0000820] total=0.9100 action_l1=0.1730 feat=0.3831 depth=0.1617 ray=0.0000 point=0.0000 rel@1/5/10=0.399/0.851/0.958 mse=0.01150 s/step=3.246 lr=1.5e-05/1.5e-04
0: [data-wait step=0000830 rank=0] wait=0.00s threshold=20.00s epoch_batch=117 datasets=libero_hdf5:3 stats=libero_hdf5:3 views=2:3 valid=1.000 cameras=agentview_rgb+eye_in_hand_rgb:3 episodes=0-0 start_t=4-28 frames=4-84
0: [data-wait step=0000830 rank=0] wait=0.00s threshold=20.00s epoch_batch=118 datasets=libero_hdf5:3 stats=libero_hdf5:3 views=2:3 valid=1.000 cameras=agentview_rgb+eye_in_hand_rgb:3 episodes=0-0 start_t=0-29 frames=0-85
0: [data-wait step=0000830 rank=0] wait=0.00s threshold=20.00s epoch_batch=119 datasets=libero_hdf5:3 stats=libero_hdf5:3 views=2:3 valid=1.000 cameras=agentview_rgb+eye_in_hand_rgb:3 episodes=0-0 start_t=5-32 frames=5-88
0: [data-wait step=0000830 rank=0] wait=0.00s threshold=20.00s epoch_batch=120 datasets=libero_hdf5:3 stats=libero_hdf5:3 views=2:3 valid=1.000 cameras=agentview_rgb+eye_in_hand_rgb:3 episodes=0-0 start_t=17-28 frames=17-84
0: [step=0000830] total=0.9394 action_l1=0.1830 feat=0.3823 depth=0.1627 ray=0.0000 point=0.0000 rel@1/5/10=0.401/0.920/0.984 mse=0.00389 s/step=3.573 lr=1.3e-05/1.3e-04
0: [data-wait step=0000840 rank=0] wait=0.00s threshold=20.00s epoch_batch=157 datasets=libero_hdf5:3 stats=libero_hdf5:3 views=2:3 valid=1.000 cameras=agentview_rgb+eye_in_hand_rgb:3 episodes=0-0 start_t=11-30 frames=11-86
0: [data-wait step=0000840 rank=0] wait=0.00s threshold=20.00s epoch_batch=158 datasets=libero_hdf5:3 stats=libero_hdf5:3 views=2:3 valid=1.000 cameras=agentview_rgb+eye_in_hand_rgb:3 episodes=0-0 start_t=0-24 frames=0-80
0: [data-wait step=0000840 rank=0] wait=0.00s threshold=20.00s epoch_batch=159 datasets=libero_hdf5:3 stats=libero_hdf5:3 views=2:3 valid=1.000 cameras=agentview_rgb+eye_in_hand_rgb:3 episodes=0-0 start_t=10-34 frames=10-90
0: [data-wait step=0000840 rank=0] wait=0.00s threshold=20.00s epoch_batch=160 datasets=libero_hdf5:3 stats=libero_hdf5:3 views=2:3 valid=1.000 cameras=agentview_rgb+eye_in_hand_rgb:3 episodes=0-0 start_t=2-28 frames=2-84
0: [step=0000840] total=0.9772 action_l1=0.1957 feat=0.3823 depth=0.1578 ray=0.0000 point=0.0000 rel@1/5/10=0.292/0.881/0.976 mse=0.00569 s/step=2.920 lr=1.2e-05/1.2e-04
0: [data-wait step=0000850 rank=0] wait=0.00s threshold=20.00s epoch_batch=197 datasets=libero_hdf5:3 stats=libero_hdf5:3 views=2:3 valid=1.000 cameras=agentview_rgb+eye_in_hand_rgb:3 episodes=0-0 start_t=1-34 frames=1-90
0: [data-wait step=0000850 rank=0] wait=0.00s threshold=20.00s epoch_batch=198 datasets=libero_hdf5:3 stats=libero_hdf5:3 views=2:3 valid=1.000 cameras=agentview_rgb+eye_in_hand_rgb:3 episodes=0-0 start_t=5-31 frames=5-87
0: [data-wait step=0000850 rank=0] wait=0.00s threshold=20.00s epoch_batch=199 datasets=libero_hdf5:3 stats=libero_hdf5:3 views=2:3 valid=1.000 cameras=agentview_rgb+eye_in_hand_rgb:3 episodes=0-0 start_t=12-30 frames=12-86
0: [data-wait step=0000850 rank=0] wait=0.00s threshold=20.00s epoch_batch=200 datasets=libero_hdf5:3 stats=libero_hdf5:3 views=2:3 valid=1.000 cameras=agentview_rgb+eye_in_hand_rgb:3 episodes=0-0 start_t=0-9 frames=0-65
0: [step=0000850] total=0.8953 action_l1=0.1689 feat=0.3805 depth=0.1592 ray=0.0000 point=0.0000 rel@1/5/10=0.454/0.859/0.972 mse=0.00534 s/step=3.378 lr=1.1e-05/1.1e-04
0: [data-wait step=0000860 rank=0] wait=0.00s threshold=20.00s epoch_batch=37 datasets=libero_hdf5:3 stats=libero_hdf5:3 views=2:3 valid=1.000 cameras=agentview_rgb+eye_in_hand_rgb:3 episodes=0-0 start_t=13-32 frames=13-88
0: [data-wait step=0000860 rank=0] wait=0.00s threshold=20.00s epoch_batch=38 datasets=libero_hdf5:3 stats=libero_hdf5:3 views=2:3 valid=1.000 cameras=agentview_rgb+eye_in_hand_rgb:3 episodes=0-0 start_t=2-29 frames=2-85
0: [data-wait step=0000860 rank=0] wait=0.00s threshold=20.00s epoch_batch=39 datasets=libero_hdf5:3 stats=libero_hdf5:3 views=2:3 valid=1.000 cameras=agentview_rgb+eye_in_hand_rgb:3 episodes=0-0 start_t=22-31 frames=22-87
0: [data-wait step=0000860 rank=0] wait=0.00s threshold=20.00s epoch_batch=40 datasets=libero_hdf5:3 stats=libero_hdf5:3 views=2:3 valid=1.000 cameras=agentview_rgb+eye_in_hand_rgb:3 episodes=0-0 start_t=3-13 frames=3-69
0: [step=0000860] total=1.0115 action_l1=0.2083 feat=0.3788 depth=0.1576 ray=0.0000 point=0.0000 rel@1/5/10=0.458/0.923/0.983 mse=0.00409 s/step=3.080 lr=9.5e-06/9.5e-05
0: [data-wait step=0000870 rank=0] wait=0.00s threshold=20.00s epoch_batch=77 datasets=libero_hdf5:3 stats=libero_hdf5:3 views=2:3 valid=1.000 cameras=agentview_rgb+eye_in_hand_rgb:3 episodes=0-0 start_t=2-28 frames=2-84
0: [data-wait step=0000870 rank=0] wait=0.00s threshold=20.00s epoch_batch=78 datasets=libero_hdf5:3 stats=libero_hdf5:3 views=2:3 valid=1.000 cameras=agentview_rgb+eye_in_hand_rgb:3 episodes=0-0 start_t=7-26 frames=7-82
0: [data-wait step=0000870 rank=0] wait=0.00s threshold=20.00s epoch_batch=79 datasets=libero_hdf5:3 stats=libero_hdf5:3 views=2:3 valid=1.000 cameras=agentview_rgb+eye_in_hand_rgb:3 episodes=0-0 start_t=10-25 frames=10-81
0: [data-wait step=0000870 rank=0] wait=0.00s threshold=20.00s epoch_batch=80 datasets=libero_hdf5:3 stats=libero_hdf5:3 views=2:3 valid=1.000 cameras=agentview_rgb+eye_in_hand_rgb:3 episodes=0-0 start_t=11-12 frames=11-68
0: [step=0000870] total=0.9459 action_l1=0.1871 feat=0.3766 depth=0.1574 ray=0.0000 point=0.0000 rel@1/5/10=0.342/0.945/0.990 mse=0.00317 s/step=3.098 lr=8.3e-06/8.3e-05
0: [data-wait step=0000880 rank=0] wait=0.00s threshold=20.00s epoch_batch=117 datasets=libero_hdf5:3 stats=libero_hdf5:3 views=2:3 valid=1.000 cameras=agentview_rgb+eye_in_hand_rgb:3 episodes=0-0 start_t=0-29 frames=0-85
0: [data-wait step=0000880 rank=0] wait=0.00s threshold=20.00s epoch_batch=118 datasets=libero_hdf5:3 stats=libero_hdf5:3 views=2:3 valid=1.000 cameras=agentview_rgb+eye_in_hand_rgb:3 episodes=0-0 start_t=16-27 frames=16-83
0: [data-wait step=0000880 rank=0] wait=0.00s threshold=20.00s epoch_batch=119 datasets=libero_hdf5:3 stats=libero_hdf5:3 views=2:3 valid=1.000 cameras=agentview_rgb+eye_in_hand_rgb:3 episodes=0-0 start_t=10-18 frames=10-74
0: [data-wait step=0000880 rank=0] wait=0.00s threshold=20.00s epoch_batch=120 datasets=libero_hdf5:3 stats=libero_hdf5:3 views=2:3 valid=1.000 cameras=agentview_rgb+eye_in_hand_rgb:3 episodes=0-0 start_t=15-25 frames=15-81
0: [step=0000880] total=0.8520 action_l1=0.1554 feat=0.3780 depth=0.1579 ray=0.0000 point=0.0000 rel@1/5/10=0.501/0.931/0.983 mse=0.00354 s/step=3.663 lr=7.2e-06/7.2e-05
0: [data-wait step=0000890 rank=0] wait=0.00s threshold=20.00s epoch_batch=157 datasets=libero_hdf5:3 stats=libero_hdf5:3 views=2:3 valid=1.000 cameras=agentview_rgb+eye_in_hand_rgb:3 episodes=0-0 start_t=14-29 frames=14-85
0: [data-wait step=0000890 rank=0] wait=0.00s threshold=20.00s epoch_batch=158 datasets=libero_hdf5:3 stats=libero_hdf5:3 views=2:3 valid=1.000 cameras=agentview_rgb+eye_in_hand_rgb:3 episodes=0-0 start_t=13-21 frames=13-77
0: [data-wait step=0000890 rank=0] wait=0.00s threshold=20.00s epoch_batch=159 datasets=libero_hdf5:3 stats=libero_hdf5:3 views=2:3 valid=1.000 cameras=agentview_rgb+eye_in_hand_rgb:3 episodes=0-0 start_t=0-23 frames=0-79
0: [data-wait step=0000890 rank=0] wait=0.00s threshold=20.00s epoch_batch=160 datasets=libero_hdf5:3 stats=libero_hdf5:3 views=2:3 valid=1.000 cameras=agentview_rgb+eye_in_hand_rgb:3 episodes=0-0 start_t=3-33 frames=3-89
0: [step=0000890] total=0.9048 action_l1=0.1725 feat=0.3796 depth=0.1568 ray=0.0000 point=0.0000 rel@1/5/10=0.536/0.958/0.991 mse=0.00282 s/step=3.240 lr=6.2e-06/6.2e-05
0: [data-wait step=0000900 rank=0] wait=0.00s threshold=20.00s epoch_batch=197 datasets=libero_hdf5:3 stats=libero_hdf5:3 views=2:3 valid=1.000 cameras=agentview_rgb+eye_in_hand_rgb:3 episodes=0-0 start_t=0-33 frames=0-89
0: [data-wait step=0000900 rank=0] wait=0.00s threshold=20.00s epoch_batch=198 datasets=libero_hdf5:3 stats=libero_hdf5:3 views=2:3 valid=1.000 cameras=agentview_rgb+eye_in_hand_rgb:3 episodes=0-0 start_t=9-22 frames=9-78
0: [data-wait step=0000900 rank=0] wait=0.00s threshold=20.00s epoch_batch=199 datasets=libero_hdf5:3 stats=libero_hdf5:3 views=2:3 valid=1.000 cameras=agentview_rgb+eye_in_hand_rgb:3 episodes=0-0 start_t=10-30 frames=10-86
0: [data-wait step=0000900 rank=0] wait=0.00s threshold=20.00s epoch_batch=200 datasets=libero_hdf5:3 stats=libero_hdf5:3 views=2:3 valid=1.000 cameras=agentview_rgb+eye_in_hand_rgb:3 episodes=0-0 start_t=3-21 frames=3-77
0: [step=0000900] total=0.8353 action_l1=0.1501 feat=0.3774 depth=0.1549 ray=0.0000 point=0.0000 rel@1/5/10=0.530/0.923/0.986 mse=0.00413 s/step=3.684 lr=5.2e-06/5.2e-05
0: [data-wait step=0000910 rank=0] wait=0.00s threshold=20.00s epoch_batch=37 datasets=libero_hdf5:3 stats=libero_hdf5:3 views=2:3 valid=1.000 cameras=agentview_rgb+eye_in_hand_rgb:3 episodes=0-0 start_t=22-34 frames=22-90
0: [data-wait step=0000910 rank=0] wait=0.00s threshold=20.00s epoch_batch=38 datasets=libero_hdf5:3 stats=libero_hdf5:3 views=2:3 valid=1.000 cameras=agentview_rgb+eye_in_hand_rgb:3 episodes=0-0 start_t=3-17 frames=3-73
0: [data-wait step=0000910 rank=0] wait=0.00s threshold=20.00s epoch_batch=39 datasets=libero_hdf5:3 stats=libero_hdf5:3 views=2:3 valid=1.000 cameras=agentview_rgb+eye_in_hand_rgb:3 episodes=0-0 start_t=7-32 frames=7-88
0: [data-wait step=0000910 rank=0] wait=0.00s threshold=20.00s epoch_batch=40 datasets=libero_hdf5:3 stats=libero_hdf5:3 views=2:3 valid=1.000 cameras=agentview_rgb+eye_in_hand_rgb:3 episodes=0-0 start_t=12-27 frames=12-83
0: [step=0000910] total=0.9370 action_l1=0.1838 feat=0.3781 depth=0.1533 ray=0.0000 point=0.0000 rel@1/5/10=0.550/0.943/0.988 mse=0.00325 s/step=3.151 lr=4.4e-06/4.4e-05
0: [data-wait step=0000920 rank=0] wait=0.00s threshold=20.00s epoch_batch=77 datasets=libero_hdf5:3 stats=libero_hdf5:3 views=2:3 valid=1.000 cameras=agentview_rgb+eye_in_hand_rgb:3 episodes=0-0 start_t=1-34 frames=1-90
0: [data-wait step=0000920 rank=0] wait=0.00s threshold=20.00s epoch_batch=78 datasets=libero_hdf5:3 stats=libero_hdf5:3 views=2:3 valid=1.000 cameras=agentview_rgb+eye_in_hand_rgb:3 episodes=0-0 start_t=18-22 frames=18-78
0: [data-wait step=0000920 rank=0] wait=0.00s threshold=20.00s epoch_batch=79 datasets=libero_hdf5:3 stats=libero_hdf5:3 views=2:3 valid=1.000 cameras=agentview_rgb+eye_in_hand_rgb:3 episodes=0-0 start_t=6-25 frames=6-81
0: [data-wait step=0000920 rank=0] wait=0.00s threshold=20.00s epoch_batch=80 datasets=libero_hdf5:3 stats=libero_hdf5:3 views=2:3 valid=1.000 cameras=agentview_rgb+eye_in_hand_rgb:3 episodes=0-0 start_t=3-22 frames=3-78
0: [step=0000920] total=0.9484 action_l1=0.1880 feat=0.3765 depth=0.1553 ray=0.0000 point=0.0000 rel@1/5/10=0.536/0.908/0.976 mse=0.00457 s/step=3.275 lr=3.6e-06/3.6e-05
0: [data-wait step=0000930 rank=0] wait=0.00s threshold=20.00s epoch_batch=117 datasets=libero_hdf5:3 stats=libero_hdf5:3 views=2:3 valid=1.000 cameras=agentview_rgb+eye_in_hand_rgb:3 episodes=0-0 start_t=10-32 frames=10-88
0: [data-wait step=0000930 rank=0] wait=0.00s threshold=20.00s epoch_batch=118 datasets=libero_hdf5:3 stats=libero_hdf5:3 views=2:3 valid=1.000 cameras=agentview_rgb+eye_in_hand_rgb:3 episodes=0-0 start_t=2-20 frames=2-76
0: [data-wait step=0000930 rank=0] wait=0.00s threshold=20.00s epoch_batch=119 datasets=libero_hdf5:3 stats=libero_hdf5:3 views=2:3 valid=1.000 cameras=agentview_rgb+eye_in_hand_rgb:3 episodes=0-0 start_t=0-34 frames=0-90
0: [data-wait step=0000930 rank=0] wait=0.00s threshold=20.00s epoch_batch=120 datasets=libero_hdf5:3 stats=libero_hdf5:3 views=2:3 valid=1.000 cameras=agentview_rgb+eye_in_hand_rgb:3 episodes=0-0 start_t=1-32 frames=1-88
0: [step=0000930] total=0.9264 action_l1=0.1812 feat=0.3750 depth=0.1538 ray=0.0000 point=0.0000 rel@1/5/10=0.551/0.914/0.991 mse=0.00306 s/step=2.885 lr=2.9e-06/2.9e-05
0: [data-wait step=0000940 rank=0] wait=0.00s threshold=20.00s epoch_batch=157 datasets=libero_hdf5:3 stats=libero_hdf5:3 views=2:3 valid=1.000 cameras=agentview_rgb+eye_in_hand_rgb:3 episodes=0-0 start_t=6-19 frames=6-75
0: [data-wait step=0000940 rank=0] wait=0.00s threshold=20.00s epoch_batch=158 datasets=libero_hdf5:3 stats=libero_hdf5:3 views=2:3 valid=1.000 cameras=agentview_rgb+eye_in_hand_rgb:3 episodes=0-0 start_t=6-20 frames=6-76
0: [data-wait step=0000940 rank=0] wait=0.00s threshold=20.00s epoch_batch=159 datasets=libero_hdf5:3 stats=libero_hdf5:3 views=2:3 valid=1.000 cameras=agentview_rgb+eye_in_hand_rgb:3 episodes=0-0 start_t=6-28 frames=6-84
0: [data-wait step=0000940 rank=0] wait=0.00s threshold=20.00s epoch_batch=160 datasets=libero_hdf5:3 stats=libero_hdf5:3 views=2:3 valid=1.000 cameras=agentview_rgb+eye_in_hand_rgb:3 episodes=0-0 start_t=11-34 frames=11-90
0: [step=0000940] total=0.7829 action_l1=0.1336 feat=0.3745 depth=0.1550 ray=0.0000 point=0.0000 rel@1/5/10=0.605/0.948/0.986 mse=0.00308 s/step=3.179 lr=2.2e-06/2.2e-05
0: [data-wait step=0000950 rank=0] wait=0.00s threshold=20.00s epoch_batch=197 datasets=libero_hdf5:3 stats=libero_hdf5:3 views=2:3 valid=1.000 cameras=agentview_rgb+eye_in_hand_rgb:3 episodes=0-0 start_t=4-11 frames=4-67
0: [data-wait step=0000950 rank=0] wait=0.00s threshold=20.00s epoch_batch=198 datasets=libero_hdf5:3 stats=libero_hdf5:3 views=2:3 valid=1.000 cameras=agentview_rgb+eye_in_hand_rgb:3 episodes=0-0 start_t=9-28 frames=9-84
0: [data-wait step=0000950 rank=0] wait=0.00s threshold=20.00s epoch_batch=199 datasets=libero_hdf5:3 stats=libero_hdf5:3 views=2:3 valid=1.000 cameras=agentview_rgb+eye_in_hand_rgb:3 episodes=0-0 start_t=4-33 frames=4-89
0: [data-wait step=0000950 rank=0] wait=0.00s threshold=20.00s epoch_batch=200 datasets=libero_hdf5:3 stats=libero_hdf5:3 views=2:3 valid=1.000 cameras=agentview_rgb+eye_in_hand_rgb:3 episodes=0-0 start_t=12-31 frames=12-87
0: [step=0000950] total=0.7928 action_l1=0.1365 feat=0.3754 depth=0.1543 ray=0.0000 point=0.0000 rel@1/5/10=0.588/0.954/0.990 mse=0.00265 s/step=3.277 lr=1.7e-06/1.7e-05
0: [data-wait step=0000960 rank=0] wait=0.00s threshold=20.00s epoch_batch=37 datasets=libero_hdf5:3 stats=libero_hdf5:3 views=2:3 valid=1.000 cameras=agentview_rgb+eye_in_hand_rgb:3 episodes=0-0 start_t=13-30 frames=13-86
0: [data-wait step=0000960 rank=0] wait=0.00s threshold=20.00s epoch_batch=38 datasets=libero_hdf5:3 stats=libero_hdf5:3 views=2:3 valid=1.000 cameras=agentview_rgb+eye_in_hand_rgb:3 episodes=0-0 start_t=2-29 frames=2-85
0: [data-wait step=0000960 rank=0] wait=0.00s threshold=20.00s epoch_batch=39 datasets=libero_hdf5:3 stats=libero_hdf5:3 views=2:3 valid=1.000 cameras=agentview_rgb+eye_in_hand_rgb:3 episodes=0-0 start_t=17-30 frames=17-86
0: [data-wait step=0000960 rank=0] wait=0.00s threshold=20.00s epoch_batch=40 datasets=libero_hdf5:3 stats=libero_hdf5:3 views=2:3 valid=1.000 cameras=agentview_rgb+eye_in_hand_rgb:3 episodes=0-0 start_t=6-34 frames=6-90
0: [step=0000960] total=0.8908 action_l1=0.1698 feat=0.3735 depth=0.1582 ray=0.0000 point=0.0000 rel@1/5/10=0.661/0.911/0.982 mse=0.00411 s/step=3.430 lr=1.3e-06/1.3e-05
0: [data-wait step=0000970 rank=0] wait=0.00s threshold=20.00s epoch_batch=77 datasets=libero_hdf5:3 stats=libero_hdf5:3 views=2:3 valid=1.000 cameras=agentview_rgb+eye_in_hand_rgb:3 episodes=0-0 start_t=0-19 frames=0-75
0: [data-wait step=0000970 rank=0] wait=0.00s threshold=20.00s epoch_batch=78 datasets=libero_hdf5:3 stats=libero_hdf5:3 views=2:3 valid=1.000 cameras=agentview_rgb+eye_in_hand_rgb:3 episodes=0-0 start_t=15-29 frames=15-85
0: [data-wait step=0000970 rank=0] wait=0.00s threshold=20.00s epoch_batch=79 datasets=libero_hdf5:3 stats=libero_hdf5:3 views=2:3 valid=1.000 cameras=agentview_rgb+eye_in_hand_rgb:3 episodes=0-0 start_t=11-20 frames=11-76
0: [data-wait step=0000970 rank=0] wait=0.00s threshold=20.00s epoch_batch=80 datasets=libero_hdf5:3 stats=libero_hdf5:3 views=2:3 valid=1.000 cameras=agentview_rgb+eye_in_hand_rgb:3 episodes=0-0 start_t=1-33 frames=1-89
0: [step=0000970] total=0.8334 action_l1=0.1497 feat=0.3763 depth=0.1571 ray=0.0000 point=0.0000 rel@1/5/10=0.655/0.949/0.985 mse=0.00297 s/step=3.710 lr=9.4e-07/9.4e-06
0: [data-wait step=0000980 rank=0] wait=0.00s threshold=20.00s epoch_batch=117 datasets=libero_hdf5:3 stats=libero_hdf5:3 views=2:3 valid=1.000 cameras=agentview_rgb+eye_in_hand_rgb:3 episodes=0-0 start_t=2-10 frames=2-66
0: [data-wait step=0000980 rank=0] wait=0.00s threshold=20.00s epoch_batch=118 datasets=libero_hdf5:3 stats=libero_hdf5:3 views=2:3 valid=1.000 cameras=agentview_rgb+eye_in_hand_rgb:3 episodes=0-0 start_t=8-28 frames=8-84
0: [data-wait step=0000980 rank=0] wait=0.00s threshold=20.00s epoch_batch=119 datasets=libero_hdf5:3 stats=libero_hdf5:3 views=2:3 valid=1.000 cameras=agentview_rgb+eye_in_hand_rgb:3 episodes=0-0 start_t=1-29 frames=1-85
0: [data-wait step=0000980 rank=0] wait=0.00s threshold=20.00s epoch_batch=120 datasets=libero_hdf5:3 stats=libero_hdf5:3 views=2:3 valid=1.000 cameras=agentview_rgb+eye_in_hand_rgb:3 episodes=0-0 start_t=12-27 frames=12-83
0: [step=0000980] total=0.8004 action_l1=0.1393 feat=0.3748 depth=0.1536 ray=0.0000 point=0.0000 rel@1/5/10=0.623/0.958/0.990 mse=0.00281 s/step=3.260 lr=7.0e-07/7.0e-06
0: [data-wait step=0000990 rank=0] wait=0.00s threshold=20.00s epoch_batch=157 datasets=libero_hdf5:3 stats=libero_hdf5:3 views=2:3 valid=1.000 cameras=agentview_rgb+eye_in_hand_rgb:3 episodes=0-0 start_t=4-28 frames=4-84
0: [data-wait step=0000990 rank=0] wait=0.00s threshold=20.00s epoch_batch=158 datasets=libero_hdf5:3 stats=libero_hdf5:3 views=2:3 valid=1.000 cameras=agentview_rgb+eye_in_hand_rgb:3 episodes=0-0 start_t=4-32 frames=4-88
0: [data-wait step=0000990 rank=0] wait=0.00s threshold=20.00s epoch_batch=159 datasets=libero_hdf5:3 stats=libero_hdf5:3 views=2:3 valid=1.000 cameras=agentview_rgb+eye_in_hand_rgb:3 episodes=0-0 start_t=0-16 frames=0-72
0: [data-wait step=0000990 rank=0] wait=0.00s threshold=20.00s epoch_batch=160 datasets=libero_hdf5:3 stats=libero_hdf5:3 views=2:3 valid=1.000 cameras=agentview_rgb+eye_in_hand_rgb:3 episodes=0-0 start_t=8-27 frames=8-83
0: [step=0000990] total=0.7303 action_l1=0.1156 feat=0.3759 depth=0.1535 ray=0.0000 point=0.0000 rel@1/5/10=0.657/0.946/0.994 mse=0.00270 s/step=3.496 lr=5.5e-07/5.5e-06
0: [data-wait step=0001000 rank=0] wait=0.00s threshold=20.00s epoch_batch=197 datasets=libero_hdf5:3 stats=libero_hdf5:3 views=2:3 valid=1.000 cameras=agentview_rgb+eye_in_hand_rgb:3 episodes=0-0 start_t=17-24 frames=17-80
0: [data-wait step=0001000 rank=0] wait=0.00s threshold=20.00s epoch_batch=198 datasets=libero_hdf5:3 stats=libero_hdf5:3 views=2:3 valid=1.000 cameras=agentview_rgb+eye_in_hand_rgb:3 episodes=0-0 start_t=11-31 frames=11-87
0: [data-wait step=0001000 rank=0] wait=0.00s threshold=20.00s epoch_batch=199 datasets=libero_hdf5:3 stats=libero_hdf5:3 views=2:3 valid=1.000 cameras=agentview_rgb+eye_in_hand_rgb:3 episodes=0-0 start_t=5-31 frames=5-87
0: [data-wait step=0001000 rank=0] wait=0.00s threshold=20.00s epoch_batch=200 datasets=libero_hdf5:3 stats=libero_hdf5:3 views=2:3 valid=1.000 cameras=agentview_rgb+eye_in_hand_rgb:3 episodes=0-0 start_t=9-32 frames=9-88
0: [step=0001000] total=0.8095 action_l1=0.1428 feat=0.3734 depth=0.1545 ray=0.0000 point=0.0000 rel@1/5/10=0.630/0.962/0.993 mse=0.00241 s/step=3.243 lr=5.0e-07/5.0e-06
0: Training complete.
0: [rank0]:[W903 13:37:05.304691567 ProcessGroupNCCL.cpp:1497] Warning: WARNING: destroy_process_group() was not called before program exit, which can leak resources. For more info, please see https://pytorch.org/docs/stable/distributed.html#shutdown (function operator())
0: Saved PDF report to /iopsstor/scratch/cscs/veichta/rpr-wp3/runs/long_4gpu_3277872/gssr_3277872.pdf
0: pdf /iopsstor/scratch/cscs/veichta/rpr-wp3/runs/long_4gpu_3277872/gssr_3277872.pdf
