timestamp,gpuId,DCGM_FI_DEV_GPU_UTIL_min,DCGM_FI_DEV_GPU_UTIL_avg,DCGM_FI_DEV_GPU_UTIL_max,DCGM_FI_DEV_FB_FREE_min,DCGM_FI_DEV_FB_FREE_avg,DCGM_FI_DEV_FB_FREE_max,DCGM_FI_DEV_FB_USED_min,DCGM_FI_DEV_FB_USED_avg,DCGM_FI_DEV_FB_USED_max,DCGM_FI_DEV_FB_RESERVED_min,DCGM_FI_DEV_FB_RESERVED_avg,DCGM_FI_DEV_FB_RESERVED_max,DCGM_FI_PROF_SM_ACTIVE_min,DCGM_FI_PROF_SM_ACTIVE_avg,DCGM_FI_PROF_SM_ACTIVE_max,DCGM_FI_PROF_SM_OCCUPANCY_min,DCGM_FI_PROF_SM_OCCUPANCY_avg,DCGM_FI_PROF_SM_OCCUPANCY_max,DCGM_FI_PROF_PIPE_TENSOR_ACTIVE_min,DCGM_FI_PROF_PIPE_TENSOR_ACTIVE_avg,DCGM_FI_PROF_PIPE_TENSOR_ACTIVE_max,DCGM_FI_PROF_PIPE_FP64_ACTIVE_min,DCGM_FI_PROF_PIPE_FP64_ACTIVE_avg,DCGM_FI_PROF_PIPE_FP64_ACTIVE_max,DCGM_FI_PROF_PIPE_FP32_ACTIVE_min,DCGM_FI_PROF_PIPE_FP32_ACTIVE_avg,DCGM_FI_PROF_PIPE_FP32_ACTIVE_max,DCGM_FI_PROF_PIPE_FP16_ACTIVE_min,DCGM_FI_PROF_PIPE_FP16_ACTIVE_avg,DCGM_FI_PROF_PIPE_FP16_ACTIVE_max,DCGM_FI_PROF_DRAM_ACTIVE_min,DCGM_FI_PROF_DRAM_ACTIVE_avg,DCGM_FI_PROF_DRAM_ACTIVE_max,DCGM_FI_PROF_PCIE_TX_BYTES_min,DCGM_FI_PROF_PCIE_TX_BYTES_avg,DCGM_FI_PROF_PCIE_TX_BYTES_max,DCGM_FI_PROF_PCIE_RX_BYTES_min,DCGM_FI_PROF_PCIE_RX_BYTES_avg,DCGM_FI_PROF_PCIE_RX_BYTES_max,DCGM_FI_PROF_NVLINK_RX_BYTES_min,DCGM_FI_PROF_NVLINK_RX_BYTES_avg,DCGM_FI_PROF_NVLINK_RX_BYTES_max,DCGM_FI_PROF_NVLINK_TX_BYTES_min,DCGM_FI_PROF_NVLINK_TX_BYTES_avg,DCGM_FI_PROF_NVLINK_TX_BYTES_max,DCGM_FI_DEV_TOTAL_ENERGY_CONSUMPTION_min,DCGM_FI_DEV_TOTAL_ENERGY_CONSUMPTION_avg,DCGM_FI_DEV_TOTAL_ENERGY_CONSUMPTION_max,DCGM_FI_DEV_POWER_USAGE_min,DCGM_FI_DEV_POWER_USAGE_avg,DCGM_FI_DEV_POWER_USAGE_max
1,0,0,0,0,97273,97273,97273,6,6,6,591,591,591,0.00,0.00,0.00,0.00,0.00,0.00,0.00,0.00,0.00,0.00,0.00,0.00,0.00,0.00,0.00,0.00,0.00,0.00,0.00,0.00,0.00,343161,602664,945981,348343,626229,990528,0,0,0,0,0,0,1993536187,54003,1993590190,89.96,89.98,90.03
1,1,0,0,0,97274,97274,97274,5,5,5,591,591,591,0.00,0.00,0.00,0.00,0.00,0.00,0.00,0.00,0.00,0.00,0.00,0.00,0.00,0.00,0.00,0.00,0.00,0.00,0.00,0.00,0.00,251136,508224,752065,256255,532641,799233,0,0,0,0,0,0,0,39243,0,97.94,97.96,97.97
1,2,0,0,0,97271,97271,97271,8,8,8,591,591,591,0.00,0.00,0.00,0.00,0.00,0.00,0.00,0.00,0.00,0.00,0.00,0.00,0.00,0.00,0.00,0.00,0.00,0.00,0.00,0.00,0.00,239607,660742,1344313,244495,686830,1396723,0,0,0,0,0,0,1893535306,42175,1893577481,84.23,84.25,84.26
1,3,0,0,0,97272,97272,97272,7,7,7,591,591,591,0.00,0.00,0.00,0.00,0.00,0.00,0.00,0.00,0.00,0.00,0.00,0.00,0.00,0.00,0.00,0.00,0.00,0.00,0.00,0.00,0.00,200586,1136026,2811809,205203,1167264,2879942,0,0,0,0,0,0,1970689301,35660,1970724961,89.17,89.19,89.21
2,0,0,0,0,97273,97273,97273,6,6,6,591,591,591,0.00,0.00,0.00,0.00,0.00,0.00,0.00,0.00,0.00,0.00,0.00,0.00,0.00,0.00,0.00,0.00,0.00,0.00,0.00,0.00,0.00,434995,540864,849023,450718,559208,869987,0,0,0,0,0,0,1993608227,54176,1993662403,90.02,90.10,90.15
2,1,0,0,0,97274,97274,97274,5,5,5,591,591,591,0.00,0.00,0.00,0.00,0.00,0.00,0.00,0.00,0.00,0.00,0.00,0.00,0.00,0.00,0.00,0.00,0.00,0.00,0.00,0.00,0.00,324938,398604,637235,343282,416921,656379,0,0,0,0,0,0,0,78616,0,97.98,98.07,98.15
2,2,0,0,0,97271,97271,97271,8,8,8,591,591,591,0.00,0.00,0.00,0.00,0.00,0.00,0.00,0.00,0.00,0.00,0.00,0.00,0.00,0.00,0.00,0.00,0.00,0.00,0.00,0.00,0.00,324533,530292,1158247,342853,548629,1173969,0,0,0,0,0,0,1893594366,67604,1893661970,84.31,84.38,84.41
2,3,0,0,0,97272,97272,97272,7,7,7,591,591,591,0.00,0.00,0.00,0.00,0.00,0.00,0.00,0.00,0.00,0.00,0.00,0.00,0.00,0.00,0.00,0.00,0.00,0.00,0.00,0.00,0.00,319700,368437,490012,338044,386257,508355,0,0,0,0,0,0,1970742818,80236,1970823054,89.11,89.14,89.16
3,0,0,0,0,97273,97273,97273,6,6,6,591,591,591,0.00,0.00,0.00,0.00,0.00,0.00,0.00,0.00,0.00,0.00,0.00,0.00,0.00,0.00,0.00,0.00,0.00,0.00,0.00,0.00,0.00,429757,544524,683874,448100,563915,702216,0,0,0,0,0,0,1993680446,72216,1993752662,90.11,90.14,90.17
3,1,0,0,0,97274,97274,97274,5,5,5,591,591,591,0.00,0.00,0.00,0.00,0.00,0.00,0.00,0.00,0.00,0.00,0.00,0.00,0.00,0.00,0.00,0.00,0.00,0.00,0.00,0.00,0.00,322312,433416,670843,340655,453331,699668,0,0,0,0,0,0,0,78455,0,98.10,98.18,98.24
3,2,0,0,0,97271,97271,97271,8,8,8,591,591,591,0.00,0.00,0.00,0.00,0.00,0.00,0.00,0.00,0.00,0.00,0.00,0.00,0.00,0.00,0.00,0.00,0.00,0.00,0.00,0.00,0.00,343646,450792,610567,362009,470712,626290,0,0,0,0,0,0,1893678881,67640,1893746521,84.40,84.43,84.46
3,3,0,0,0,97272,97272,97272,7,7,7,591,591,591,0.00,0.00,0.00,0.00,0.00,0.00,0.00,0.00,0.00,0.00,0.00,0.00,0.00,0.00,0.00,0.00,0.00,0.00,0.00,0.00,0.00,5240,472721,1061260,23584,492636,1079603,0,0,0,0,0,0,1970840978,71388,1970912366,89.17,89.24,89.29
4,0,0,0,0,97273,97273,97273,6,6,6,591,591,591,0.00,0.00,0.00,0.00,0.00,0.00,0.00,0.00,0.00,0.00,0.00,0.00,0.00,0.00,0.00,0.00,0.00,0.00,0.00,0.00,0.00,314210,432786,503131,332092,451616,524095,0,0,0,0,0,0,1993770653,81585,1993852238,90.06,90.19,90.30
4,1,0,0,0,97274,97274,97274,5,5,5,591,591,591,0.00,0.00,0.00,0.00,0.00,0.00,0.00,0.00,0.00,0.00,0.00,0.00,0.00,0.00,0.00,0.00,0.00,0.00,0.00,0.00,0.00,324928,580170,1396706,343271,598513,1415050,0,0,0,0,0,0,0,88466,0,97.95,98.05,98.10
4,2,0,0,0,97271,97271,97271,8,8,8,591,591,591,0.00,0.00,0.00,0.00,0.00,0.00,0.00,0.00,0.00,0.00,0.00,0.00,0.00,0.00,0.00,0.00,0.00,0.00,0.00,0.00,0.00,306593,367345,476928,327557,385099,495271,0,0,0,0,0,0,1893763474,68296,1893831770,84.51,84.69,84.83
4,3,0,0,0,97272,97272,97272,7,7,7,591,591,591,0.00,0.00,0.00,0.00,0.00,0.00,0.00,0.00,0.00,0.00,0.00,0.00,0.00,0.00,0.00,0.00,0.00,0.00,0.00,0.00,0.00,301360,395166,586989,319703,413509,602712,0,0,0,0,0,0,1970930226,53897,1970984123,89.20,89.31,89.43
5,0,0,0,0,97273,97273,97273,6,6,6,591,591,591,0.00,0.00,0.00,0.00,0.00,0.00,0.00,0.00,0.00,0.00,0.00,0.00,0.00,0.00,0.00,0.00,0.00,0.00,0.00,0.00,0.00,330176,493172,1042937,348522,511515,1061280,0,0,0,0,0,0,1993870449,72170,1993942619,90.29,90.40,90.48
5,1,0,0,0,97274,97274,97274,5,5,5,591,591,591,0.00,0.00,0.00,0.00,0.00,0.00,0.00,0.00,0.00,0.00,0.00,0.00,0.00,0.00,0.00,0.00,0.00,0.00,0.00,0.00,0.00,336017,433022,503163,347957,449560,521507,0,0,0,0,0,0,0,78571,0,98.13,98.19,98.28
5,2,0,0,0,97271,97271,97271,8,8,8,591,591,591,0.00,0.00,0.00,0.00,0.00,0.00,0.00,0.00,0.00,0.00,0.00,0.00,0.00,0.00,0.00,0.00,0.00,0.00,0.00,0.00,0.00,18343,410879,1006251,36686,429222,1024594,0,0,0,0,0,0,1893848736,59097,1893907833,84.39,84.59,84.82
5,3,0,0,0,97272,97272,97272,7,7,7,591,591,591,0.00,0.00,0.00,0.00,0.00,0.00,0.00,0.00,0.00,0.00,0.00,0.00,0.00,0.00,0.00,0.00,0.00,0.00,0.00,0.00,0.00,327517,388650,532838,348478,406258,545068,0,0,0,0,0,0,1971001998,71388,1971073386,89.20,89.32,89.46
6,0,0,0,0,97273,97273,97273,6,6,6,591,591,591,0.00,0.00,0.00,0.00,0.00,0.00,0.00,0.00,0.00,0.00,0.00,0.00,0.00,0.00,0.00,0.00,0.00,0.00,0.00,0.00,0.00,327559,403035,618446,348523,419799,634169,0,0,0,0,0,0,1993960659,72056,1994032715,89.98,90.06,90.18
6,1,0,0,0,97274,97274,97274,5,5,5,591,591,591,0.00,0.00,0.00,0.00,0.00,0.00,0.00,0.00,0.00,0.00,0.00,0.00,0.00,0.00,0.00,0.00,0.00,0.00,0.00,0.00,0.00,439382,559127,804945,458136,577472,822890,0,0,0,0,0,0,0,78328,0,97.90,97.95,98.10
6,2,0,0,0,97271,97271,97271,8,8,8,591,591,591,0.00,0.00,0.00,0.00,0.00,0.00,0.00,0.00,0.00,0.00,0.00,0.00,0.00,0.00,0.00,0.00,0.00,0.00,0.00,0.00,0.00,324934,363195,408788,343277,381539,427131,0,0,0,0,0,0,1893924667,67617,1893992284,84.31,84.39,84.47
6,3,0,0,0,97272,97272,97272,7,7,7,591,591,591,0.00,0.00,0.00,0.00,0.00,0.00,0.00,0.00,0.00,0.00,0.00,0.00,0.00,0.00,0.00,0.00,0.00,0.00,0.00,0.00,0.00,2620,431320,1050775,20964,449139,1069117,0,0,0,0,0,0,1971091241,80283,1971171524,89.16,89.18,89.22
7,0,0,0,0,97273,97273,97273,6,6,6,591,591,591,0.00,0.00,0.00,0.00,0.00,0.00,0.00,0.00,0.00,0.00,0.00,0.00,0.00,0.00,0.00,0.00,0.00,0.00,0.00,0.00,0.00,322309,344853,390449,343272,363720,411412,0,0,0,0,0,0,1994050721,72241,1994122962,89.97,90.04,90.10
7,1,0,0,0,97274,97274,97274,5,5,5,591,591,591,0.00,0.00,0.00,0.00,0.00,0.00,0.00,0.00,0.00,0.00,0.00,0.00,0.00,0.00,0.00,0.00,0.00,0.00,0.00,0.00,0.00,429758,455436,490024,448101,473779,508368,0,0,0,0,0,0,0,88176,0,98.00,98.05,98.10
7,2,0,0,0,97271,97271,97271,8,8,8,591,591,591,0.00,0.00,0.00,0.00,0.00,0.00,0.00,0.00,0.00,0.00,0.00,0.00,0.00,0.00,0.00,0.00,0.00,0.00,0.00,0.00,0.00,324935,428002,615809,343278,445122,631532,0,0,0,0,0,0,1894009263,67927,1894077190,84.51,84.61,84.72
7,3,0,0,0,97272,97272,97272,7,7,7,591,591,591,0.00,0.00,0.00,0.00,0.00,0.00,0.00,0.00,0.00,0.00,0.00,0.00,0.00,0.00,0.00,0.00,0.00,0.00,0.00,0.00,0.00,332794,410887,586982,351137,428706,605326,0,0,0,0,0,0,1971189393,71454,1971260847,89.20,89.26,89.29
8,0,0,0,0,97273,97273,97273,6,6,6,591,591,591,0.00,0.00,0.00,0.00,0.00,0.00,0.00,0.00,0.00,0.00,0.00,0.00,0.00,0.00,0.00,0.00,0.00,0.00,0.00,0.00,0.00,322102,552972,1092349,340139,571281,1112057,0,0,0,0,0,0,1994149867,72020,1994221887,89.94,89.98,90.03
8,1,0,0,0,97274,97274,97274,5,5,5,591,591,591,0.00,0.00,0.00,0.00,0.00,0.00,0.00,0.00,0.00,0.00,0.00,0.00,0.00,0.00,0.00,0.00,0.00,0.00,0.00,0.00,0.00,476921,733074,1443879,492643,750761,1462222,0,0,0,0,0,0,0,58727,0,97.86,97.89,97.94
8,2,0,0,0,97271,97271,97271,8,8,8,591,591,591,0.00,0.00,0.00,0.00,0.00,0.00,0.00,0.00,0.00,0.00,0.00,0.00,0.00,0.00,0.00,0.00,0.00,0.00,0.00,0.00,0.00,324799,352882,411414,345754,371155,429757,0,0,0,0,0,0,1894094115,75993,1894170108,84.42,84.52,84.61
8,3,0,0,0,97272,97272,97272,7,7,7,591,591,591,0.00,0.00,0.00,0.00,0.00,0.00,0.00,0.00,0.00,0.00,0.00,0.00,0.00,0.00,0.00,0.00,0.00,0.00,0.00,0.00,0.00,327562,391311,466392,348526,408780,484733,0,0,0,0,0,0,1971278700,71478,1971350178,89.26,89.27,89.28
9,0,0,0,0,97273,97273,97273,6,6,6,591,591,591,0.00,0.00,0.00,0.00,0.00,0.00,0.00,0.00,0.00,0.00,0.00,0.00,0.00,0.00,0.00,0.00,0.00,0.00,0.00,0.00,0.00,330204,406172,621050,348511,423991,636773,0,0,0,0,0,0,1994240069,54773,1994294842,89.93,90.38,90.82
9,1,0,0,0,97274,97274,97274,5,5,5,591,591,591,0.00,0.00,0.00,0.00,0.00,0.00,0.00,0.00,0.00,0.00,0.00,0.00,0.00,0.00,0.00,0.00,0.00,0.00,0.00,0.00,0.00,417899,463331,530881,435846,480693,544715,0,0,0,0,0,0,0,79090,0,97.85,98.18,98.60
9,2,0,0,0,97271,97271,97271,8,8,8,591,591,591,0.00,0.00,0.00,0.00,0.00,0.00,0.00,0.00,0.00,0.00,0.00,0.00,0.00,0.00,0.00,0.00,0.00,0.00,0.00,0.00,0.00,5240,427661,1024609,20963,445480,1042952,0,0,0,0,0,0,1894187045,67651,1894254696,84.34,84.40,84.48
9,3,0,0,0,97272,97272,97272,7,7,7,591,591,591,0.00,0.00,0.00,0.00,0.00,0.00,0.00,0.00,0.00,0.00,0.00,0.00,0.00,0.00,0.00,0.00,0.00,0.00,0.00,0.00,0.00,311736,355104,406171,330073,372856,424514,0,0,0,0,0,0,1971368021,80682,1971448703,89.28,89.41,89.46
10,0,0,0,0,97273,97273,97273,6,6,6,591,591,591,0.00,0.00,0.00,0.00,0.00,0.00,0.00,0.00,0.00,0.00,0.00,0.00,0.00,0.00,0.00,0.00,0.00,0.00,0.00,0.00,0.00,216624,338914,500496,228853,356034,518839,0,0,0,0,0,0,1994313107,72980,1994386087,90.91,91.07,91.22
10,1,0,0,0,97274,97274,97274,5,5,5,591,591,591,0.00,0.00,0.00,0.00,0.00,0.00,0.00,0.00,0.00,0.00,0.00,0.00,0.00,0.00,0.00,0.00,0.00,0.00,0.00,0.00,0.00,428732,494004,676084,447489,511906,691807,0,0,0,0,0,0,0,78794,0,98.53,98.76,98.91
10,2,0,0,0,97271,97271,97271,8,8,8,591,591,591,0.00,0.00,0.00,0.00,0.00,0.00,0.00,0.00,0.00,0.00,0.00,0.00,0.00,0.00,0.00,0.00,0.00,0.00,0.00,0.00,0.00,319696,394635,597463,338039,412977,615806,0,0,0,0,0,0,1894271651,67659,1894339310,84.36,84.40,84.46
10,3,0,0,0,97272,97272,97272,7,7,7,591,591,591,0.00,0.00,0.00,0.00,0.00,0.00,0.00,0.00,0.00,0.00,0.00,0.00,0.00,0.00,0.00,0.00,0.00,0.00,0.00,0.00,0.00,2620,421366,1048156,20963,440233,1069119,0,0,0,0,0,0,1971466620,71520,1971538140,89.34,89.40,89.48
11,0,0,0,0,97273,97273,97273,6,6,6,591,591,591,0.00,0.00,0.00,0.00,0.00,0.00,0.00,0.00,0.00,0.00,0.00,0.00,0.00,0.00,0.00,0.00,0.00,0.00,0.00,0.00,0.00,319697,351869,379923,338041,370016,398264,0,0,0,0,0,0,1994404149,81471,1994485620,90.32,90.45,90.73
11,1,0,0,0,97274,97274,97274,5,5,5,591,591,591,0.00,0.00,0.00,0.00,0.00,0.00,0.00,0.00,0.00,0.00,0.00,0.00,0.00,0.00,0.00,0.00,0.00,0.00,0.00,0.00,0.00,429740,679221,1454356,448083,697564,1472699,0,0,0,0,0,0,0,88448,0,98.14,98.21,98.35
11,2,0,0,0,97271,97271,97271,8,8,8,591,591,591,0.00,0.00,0.00,0.00,0.00,0.00,0.00,0.00,0.00,0.00,0.00,0.00,0.00,0.00,0.00,0.00,0.00,0.00,0.00,0.00,0.00,327561,409842,466444,345905,427313,484788,0,0,0,0,0,0,1894356201,67574,1894423775,84.39,84.44,84.50
11,3,0,0,0,97272,97272,97272,7,7,7,591,591,591,0.00,0.00,0.00,0.00,0.00,0.00,0.00,0.00,0.00,0.00,0.00,0.00,0.00,0.00,0.00,0.00,0.00,0.00,0.00,0.00,0.00,319701,417693,586984,340665,436035,602706,0,0,0,0,0,0,1971555970,53610,1971609580,89.29,89.33,89.41
12,0,0,0,0,97273,97273,97273,6,6,6,591,591,591,0.00,0.00,0.00,0.00,0.00,0.00,0.00,0.00,0.00,0.00,0.00,0.00,0.00,0.00,0.00,0.00,0.00,0.00,0.00,0.00,0.00,319695,487671,1029005,338039,506019,1046879,0,0,0,0,0,0,1994503749,72325,1994576074,90.32,90.40,90.46
12,1,0,0,0,97274,97274,97274,5,5,5,591,591,591,0.00,0.00,0.00,0.00,0.00,0.00,0.00,0.00,0.00,0.00,0.00,0.00,0.00,0.00,0.00,0.00,0.00,0.00,0.00,0.00,0.00,424516,455435,510993,445480,474302,529336,0,0,0,0,0,0,0,78443,0,98.06,98.16,98.22
12,2,0,0,0,97271,97271,97271,8,8,8,591,591,591,0.00,0.00,0.00,0.00,0.00,0.00,0.00,0.00,0.00,0.00,0.00,0.00,0.00,0.00,0.00,0.00,0.00,0.00,0.00,0.00,0.00,7861,420357,1042938,26204,438642,1061281,0,0,0,0,0,0,1894440665,59257,1894499922,84.36,84.42,84.52
12,3,0,0,0,97272,97272,97272,7,7,7,591,591,591,0.00,0.00,0.00,0.00,0.00,0.00,0.00,0.00,0.00,0.00,0.00,0.00,0.00,0.00,0.00,0.00,0.00,0.00,0.00,0.00,0.00,314839,389130,480436,332903,406020,495266,0,0,0,0,0,0,1971627435,71411,1971698846,89.21,89.24,89.30
13,0,0,0,0,97273,97273,97273,6,6,6,591,591,591,0.00,0.00,0.00,0.00,0.00,0.00,0.00,0.00,0.00,0.00,0.00,0.00,0.00,0.00,0.00,0.00,0.00,0.00,0.00,0.00,0.00,390414,493684,600079,413996,514123,618422,0,0,0,0,0,0,1994594124,72605,1994666729,90.30,90.38,90.45
13,1,0,0,0,97274,97274,97274,5,5,5,591,591,591,0.00,0.00,0.00,0.00,0.00,0.00,0.00,0.00,0.00,0.00,0.00,0.00,0.00,0.00,0.00,0.00,0.00,0.00,0.00,0.00,0.00,286480,601945,1031046,298560,620649,1055401,0,0,0,0,0,0,0,79026,0,98.04,98.25,98.58
13,2,0,0,0,97271,97271,97271,8,8,8,591,591,591,0.00,0.00,0.00,0.00,0.00,0.00,0.00,0.00,0.00,0.00,0.00,0.00,0.00,0.00,0.00,0.00,0.00,0.00,0.00,0.00,0.00,327555,413508,555535,345898,432899,579119,0,0,0,0,0,0,1894516789,67598,1894584387,84.37,84.50,84.58
13,3,0,0,0,97272,97272,97272,7,7,7,591,591,591,0.00,0.00,0.00,0.00,0.00,0.00,0.00,0.00,0.00,0.00,0.00,0.00,0.00,0.00,0.00,0.00,0.00,0.00,0.00,0.00,0.00,2620,484229,1307562,20962,504143,1333766,0,0,0,0,0,0,1971716742,80358,1971797100,89.29,89.34,89.38
14,0,0,0,0,97273,97273,97273,6,6,7,591,591,591,0.00,0.00,0.00,0.00,0.00,0.00,0.00,0.00,0.00,0.00,0.00,0.00,0.00,0.00,0.00,0.00,0.00,0.00,0.00,0.00,0.00,324940,326245,327551,340662,343277,345893,0,0,0,0,0,0,1994684841,72852,1994757693,90.45,90.50,90.55
14,1,0,0,0,97274,97274,97274,5,5,5,591,591,591,0.00,0.00,0.00,0.00,0.00,0.00,0.00,0.00,0.00,0.00,0.00,0.00,0.00,0.00,0.00,0.00,0.00,0.00,0.00,0.00,0.00,429755,476924,524093,448098,493957,539816,0,0,0,0,0,0,0,19792,0,98.68,98.76,98.84
14,2,0,0,0,97271,97271,97271,8,8,8,591,591,591,0.00,0.00,0.00,0.00,0.00,0.00,0.00,0.00,0.00,0.00,0.00,0.00,0.00,0.00,0.00,0.00,0.00,0.00,0.00,0.00,0.00,324937,466442,607947,345901,486095,626290,0,0,0,0,0,0,1894601253,33913,1894635166,84.31,84.32,84.33
14,3,0,0,0,97272,97272,97272,7,7,7,591,591,591,0.00,0.00,0.00,0.00,0.00,0.00,0.00,0.00,0.00,0.00,0.00,0.00,0.00,0.00,0.00,0.00,0.00,0.00,0.00,0.00,0.00,330176,339348,348520,348519,356380,364242,0,0,0,0,0,0,1971814918,35703,1971850621,89.23,89.25,89.27
17,0,0,0,0,97270,97271,97273,7,8,9,591,591,591,0.00,0.00,0.00,0.00,0.00,0.00,0.00,0.00,0.00,0.00,0.00,0.00,0.00,0.00,0.00,0.00,0.00,0.00,0.00,0.00,0.00,1352158,4127816,6740707,1413302,4221573,6799063,0,0,0,0,0,0,1994867082,162758,1995029840,90.11,90.67,91.27
17,1,0,0,0,97272,97272,97274,5,6,7,591,591,591,0.00,0.00,0.00,0.00,0.00,0.00,0.00,0.00,0.00,0.00,0.00,0.00,0.00,0.00,0.00,0.00,0.00,0.00,0.00,0.00,0.00,2623465,4682110,8897824,2670631,4755228,8976380,0,0,0,0,0,0,0,176763,0,97.99,98.37,98.71
17,2,0,0,0,97269,97270,97271,9,9,11,591,591,591,0.00,0.00,0.00,0.00,0.00,0.00,0.00,0.00,0.00,0.00,0.00,0.00,0.00,0.00,0.00,0.00,0.00,0.00,0.00,0.00,0.00,2510999,4928017,9426755,2551175,5019381,9554637,0,0,0,0,0,0,1894778566,143395,1894921961,84.29,84.37,84.48
17,3,0,0,0,97271,97271,97271,8,8,8,591,591,591,0.00,0.00,0.00,0.00,0.00,0.00,0.00,0.00,0.00,0.00,0.00,0.00,0.00,0.00,0.00,0.00,0.00,0.00,0.00,0.00,0.00,271484,3035590,6142513,339617,3113141,6241628,0,0,0,0,0,0,1971993181,160606,1972153787,89.16,89.24,89.32
18,0,0,0,0,97270,97270,97270,9,9,9,591,591,591,0.00,0.00,0.00,0.00,0.00,0.00,0.00,0.00,0.00,0.00,0.00,0.00,0.00,0.00,0.00,0.00,0.00,0.00,0.00,0.00,0.00,959074,959074,959074,1069132,1069132,1069132,0,0,0,0,0,0,1995047916,0,1995047916,90.09,90.09,90.09
18,1,0,0,0,97272,97272,97272,7,7,7,591,591,591,0.00,0.00,0.00,0.00,0.00,0.00,0.00,0.00,0.00,0.00,0.00,0.00,0.00,0.00,0.00,0.00,0.00,0.00,0.00,0.00,0.00,6581623,6581623,6581623,6799262,6799262,6799262,0,0,0,0,0,0,0,0,0,98.01,98.01,98.01
18,2,0,0,0,97268,97268,97269,11,11,11,591,591,591,0.00,0.00,0.00,0.00,0.00,0.00,0.00,0.00,0.00,0.00,0.00,0.00,0.00,0.00,0.00,0.00,0.00,0.00,0.00,0.00,0.00,1868378,1868378,1868378,2015123,2015123,2015123,0,0,0,0,0,0,1894947302,0,1894947302,84.33,84.33,84.33
18,3,0,0,0,97271,97271,97271,8,8,8,591,591,591,0.00,0.00,0.00,0.00,0.00,0.00,0.00,0.00,0.00,0.00,0.00,0.00,0.00,0.00,0.00,0.00,0.00,0.00,0.00,0.00,0.00,5527841,5527841,5527841,5664219,5664219,5664219,0,0,0,0,0,0,1972171612,0,1972171612,89.16,89.16,89.16
20,0,0,0,0,97270,97270,97270,9,9,9,591,591,591,0.00,0.00,0.00,0.00,0.00,0.00,0.00,0.00,0.00,0.00,0.00,0.00,0.00,0.00,0.00,0.00,0.00,0.00,0.00,0.00,0.00,324939,1945627,3348778,340662,2043564,3407735,0,0,0,0,0,0,1995236943,54978,1995291921,90.06,90.38,90.77
20,1,0,0,0,97272,97272,97272,7,7,7,591,591,591,0.00,0.00,0.00,0.00,0.00,0.00,0.00,0.00,0.00,0.00,0.00,0.00,0.00,0.00,0.00,0.00,0.00,0.00,0.00,0.00,0.00,445474,2648097,4781080,458576,2750075,4850877,0,0,0,0,0,0,0,59746,0,97.98,98.33,98.86
20,2,0,0,0,97268,97268,97268,11,11,11,591,591,591,0.00,0.00,0.00,0.00,0.00,0.00,0.00,0.00,0.00,0.00,0.00,0.00,0.00,0.00,0.00,0.00,0.00,0.00,0.00,0.00,0.00,327563,2481479,3873138,340666,2586311,3941226,0,0,0,0,0,0,1895124199,50882,1895175081,84.30,84.38,84.45
20,3,0,0,0,97269,97269,97269,10,10,10,591,591,591,0.00,0.00,0.00,0.00,0.00,0.00,0.00,0.00,0.00,0.00,0.00,0.00,0.00,0.00,0.00,0.00,0.00,0.00,0.00,0.00,0.00,314767,2714818,5113706,327667,2823221,5347101,0,0,0,0,0,0,1972367957,53753,1972421710,89.27,89.34,89.44
21,0,0,0,0,97270,97270,97270,9,9,9,591,591,591,0.00,0.00,0.00,0.00,0.00,0.00,0.00,0.00,0.00,0.00,0.00,0.00,0.00,0.00,0.00,0.00,0.00,0.00,0.00,0.00,0.00,317075,327133,341610,330177,339168,354550,0,0,0,0,0,0,1995310274,36615,1995346889,90.97,91.21,91.39
21,1,0,0,0,97272,97272,97272,7,7,7,591,591,591,0.00,0.00,0.00,0.00,0.00,0.00,0.00,0.00,0.00,0.00,0.00,0.00,0.00,0.00,0.00,0.00,0.00,0.00,0.00,0.00,0.00,421900,489130,615743,437623,503105,628844,0,0,0,0,0,0,0,40131,0,99.48,99.75,99.90
21,2,0,0,0,97268,97268,97268,11,11,11,591,591,591,0.00,0.00,0.00,0.00,0.00,0.00,0.00,0.00,0.00,0.00,0.00,0.00,0.00,0.00,0.00,0.00,0.00,0.00,0.00,0.00,0.00,322315,373851,471681,338038,393068,487404,0,0,0,0,0,0,1895192113,34156,1895226269,84.48,84.72,84.92
21,3,0,0,0,97269,97269,97269,10,10,10,591,591,591,0.00,0.00,0.00,0.00,0.00,0.00,0.00,0.00,0.00,0.00,0.00,0.00,0.00,0.00,0.00,0.00,0.00,0.00,0.00,0.00,0.00,309120,453302,579105,322218,467277,592207,0,0,0,0,0,0,1972439733,35893,1972475626,89.51,89.68,89.76
22,0,0,0,0,97270,97270,97270,9,9,9,591,591,591,0.00,0.00,0.00,0.00,0.00,0.00,0.00,0.00,0.00,0.00,0.00,0.00,0.00,0.00,0.00,0.00,0.00,0.00,0.00,0.00,0.00,0,482756,812113,0,514853,859486,0,0,0,0,0,0,1995419262,54500,1995473762,90.37,90.52,90.80
22,1,0,0,0,97272,97272,97272,7,7,7,591,591,591,0.00,0.00,0.00,0.00,0.00,0.00,0.00,0.00,0.00,0.00,0.00,0.00,0.00,0.00,0.00,0.00,0.00,0.00,0.00,0.00,0.00,427134,1607447,3091301,440237,1651559,3128862,0,0,0,0,0,0,0,59200,0,98.09,98.24,98.49
22,2,0,0,0,97268,97268,97268,11,11,11,591,591,591,0.00,0.00,0.00,0.00,0.00,0.00,0.00,0.00,0.00,0.00,0.00,0.00,0.00,0.00,0.00,0.00,0.00,0.00,0.00,0.00,0.00,361580,1997225,4218968,377301,2043956,4313305,0,0,0,0,0,0,1895293869,50712,1895344581,84.32,84.45,84.65
22,3,0,0,0,97269,97269,97269,10,10,10,591,591,591,0.00,0.00,0.00,0.00,0.00,0.00,0.00,0.00,0.00,0.00,0.00,0.00,0.00,0.00,0.00,0.00,0.00,0.00,0.00,0.00,0.00,319711,1799191,3440279,335435,1845276,3532055,0,0,0,0,0,0,1972538120,62656,1972600776,89.33,89.36,89.38
23,0,0,0,0,97270,97270,97270,9,9,9,591,591,591,0.00,0.00,0.00,0.00,0.00,0.00,0.00,0.00,0.00,0.00,0.00,0.00,0.00,0.00,0.00,0.00,0.00,0.00,0.00,0.00,0.00,327546,433950,589606,340648,448625,605329,0,0,0,0,0,0,1995491794,72234,1995564028,90.29,90.36,90.41
23,1,0,0,0,97272,97272,97272,7,7,7,591,591,591,0.00,0.00,0.00,0.00,0.00,0.00,0.00,0.00,0.00,0.00,0.00,0.00,0.00,0.00,0.00,0.00,0.00,0.00,0.00,0.00,0.00,419237,572299,841171,434958,586973,859514,0,0,0,0,0,0,0,78628,0,98.26,98.29,98.33
23,2,0,0,0,97268,97268,97268,11,11,11,591,591,591,0.00,0.00,0.00,0.00,0.00,0.00,0.00,0.00,0.00,0.00,0.00,0.00,0.00,0.00,0.00,0.00,0.00,0.00,0.00,0.00,0.00,319695,427658,573888,332797,442333,589611,0,0,0,0,0,0,1895361506,67672,1895429178,84.33,84.42,84.53
23,3,0,0,0,97269,97269,97269,10,10,10,591,591,591,0.00,0.00,0.00,0.00,0.00,0.00,0.00,0.00,0.00,0.00,0.00,0.00,0.00,0.00,0.00,0.00,0.00,0.00,0.00,0.00,0.00,369466,557102,1035088,385188,572300,1050811,0,0,0,0,0,0,1972618636,71612,1972690248,89.33,89.36,89.39
24,0,0,0,0,97270,97270,97270,9,9,9,591,591,591,0.00,0.00,0.00,0.00,0.00,0.00,0.00,0.00,0.00,0.00,0.00,0.00,0.00,0.00,0.00,0.00,0.00,0.00,0.00,0.00,0.00,7861,434388,1139894,20963,447960,1152996,0,0,0,0,0,0,1995582206,81686,1995663892,90.26,90.33,90.47
24,1,0,0,0,97272,97272,97272,7,7,7,591,591,591,0.00,0.00,0.00,0.00,0.00,0.00,0.00,0.00,0.00,0.00,0.00,0.00,0.00,0.00,0.00,0.00,0.00,0.00,0.00,0.00,0.00,322324,609757,1412728,338047,622781,1423154,0,0,0,0,0,0,0,88664,0,98.24,98.36,98.45
24,2,0,0,0,97268,97268,97268,11,11,11,591,591,591,0.00,0.00,0.00,0.00,0.00,0.00,0.00,0.00,0.00,0.00,0.00,0.00,0.00,0.00,0.00,0.00,0.00,0.00,0.00,0.00,0.00,0,366718,872614,10481,380338,888337,0,0,0,0,0,0,1895446103,76362,1895522465,84.45,84.56,84.74
24,3,0,0,0,97269,97269,97269,10,10,10,591,591,591,0.00,0.00,0.00,0.00,0.00,0.00,0.00,0.00,0.00,0.00,0.00,0.00,0.00,0.00,0.00,0.00,0.00,0.00,0.00,0.00,0.00,322168,399305,600068,335055,412888,610549,0,0,0,0,0,0,1972708266,71817,1972780083,89.50,89.71,89.79
25,0,0,0,0,97270,97270,97270,9,9,9,591,591,591,0.00,0.00,0.00,0.00,0.00,0.00,0.00,0.00,0.00,0.00,0.00,0.00,0.00,0.00,0.00,0.00,0.00,0.00,0.00,0.00,0.00,314455,333847,372104,330178,347474,385207,0,0,0,0,0,0,1995681924,72354,1995754278,90.34,90.40,90.48
25,1,0,0,0,97272,97272,97272,7,7,7,591,591,591,0.00,0.00,0.00,0.00,0.00,0.00,0.00,0.00,0.00,0.00,0.00,0.00,0.00,0.00,0.00,0.00,0.00,0.00,0.00,0.00,0.00,424505,534013,835928,437607,548247,849030,0,0,0,0,0,0,0,79136,0,98.42,98.61,98.84
25,2,0,0,0,97268,97268,97268,11,11,11,591,591,591,0.00,0.00,0.00,0.00,0.00,0.00,0.00,0.00,0.00,0.00,0.00,0.00,0.00,0.00,0.00,0.00,0.00,0.00,0.00,0.00,0.00,310536,391995,592224,323921,405099,605326,0,0,0,0,0,0,1895539484,67843,1895607327,84.58,84.71,84.78
25,3,0,0,0,97269,97269,97269,10,10,10,591,591,591,0.00,0.00,0.00,0.00,0.00,0.00,0.00,0.00,0.00,0.00,0.00,0.00,0.00,0.00,0.00,0.00,0.00,0.00,0.00,0.00,0.00,322317,372103,471683,335420,385206,484785,0,0,0,0,0,0,1972797929,71467,1972869396,89.29,89.41,89.56
26,0,0,0,0,97270,97270,97270,9,9,9,591,591,591,0.00,0.00,0.00,0.00,0.00,0.00,0.00,0.00,0.00,0.00,0.00,0.00,0.00,0.00,0.00,0.00,0.00,0.00,0.00,0.00,0.00,322313,434988,626289,335415,449139,642012,0,0,0,0,0,0,1995772311,72629,1995844940,90.23,90.35,90.47
26,1,0,0,0,97272,97272,97272,7,7,7,591,591,591,0.00,0.00,0.00,0.00,0.00,0.00,0.00,0.00,0.00,0.00,0.00,0.00,0.00,0.00,0.00,0.00,0.00,0.00,0.00,0.00,0.00,421895,470100,626300,437618,483726,642024,0,0,0,0,0,0,0,79070,0,98.74,98.79,98.83
26,2,0,0,0,97268,97268,97268,11,11,11,591,591,591,0.00,0.00,0.00,0.00,0.00,0.00,0.00,0.00,0.00,0.00,0.00,0.00,0.00,0.00,0.00,0.00,0.00,0.00,0.00,0.00,0.00,317077,357432,490030,332799,371582,500511,0,0,0,0,0,0,1895624360,67981,1895692341,84.59,84.72,84.83
26,3,0,0,0,97269,97269,97269,10,10,10,591,591,591,0.00,0.00,0.00,0.00,0.00,0.00,0.00,0.00,0.00,0.00,0.00,0.00,0.00,0.00,0.00,0.00,0.00,0.00,0.00,0.00,0.00,0,436035,1145140,15722,449661,1158243,0,0,0,0,0,0,1972887261,80329,1972967590,89.13,89.19,89.28
27,0,0,0,0,97270,97270,97270,9,9,9,591,591,591,0.00,0.00,0.00,0.00,0.00,0.00,0.00,0.00,0.00,0.00,0.00,0.00,0.00,0.00,0.00,0.00,0.00,0.00,0.00,0.00,0.00,309030,335398,369486,321800,348916,385208,0,0,0,0,0,0,1995863138,81753,1995944891,90.52,90.62,90.71
27,1,0,0,0,97272,97272,97272,7,7,7,591,591,591,0.00,0.00,0.00,0.00,0.00,0.00,0.00,0.00,0.00,0.00,0.00,0.00,0.00,0.00,0.00,0.00,0.00,0.00,0.00,0.00,0.00,312707,433073,521471,323189,446176,534574,0,0,0,0,0,0,0,68852,0,98.33,98.50,98.69
27,2,0,0,0,97268,97268,97268,11,11,11,591,591,591,0.00,0.00,0.00,0.00,0.00,0.00,0.00,0.00,0.00,0.00,0.00,0.00,0.00,0.00,0.00,0.00,0.00,0.00,0.00,0.00,0.00,322281,351135,379972,335416,365285,395695,0,0,0,0,0,0,1895709225,59515,1895768740,84.71,84.77,84.85
27,3,0,0,0,97269,97269,97269,10,10,10,591,591,591,0.00,0.00,0.00,0.00,0.00,0.00,0.00,0.00,0.00,0.00,0.00,0.00,0.00,0.00,0.00,0.00,0.00,0.00,0.00,0.00,0.00,314751,341654,413477,330105,355107,426083,0,0,0,0,0,0,1972985528,72132,1973057660,89.25,89.51,89.83
28,0,0,0,0,97270,97270,97270,9,9,9,591,591,591,0.00,0.00,0.00,0.00,0.00,0.00,0.00,0.00,0.00,0.00,0.00,0.00,0.00,0.00,0.00,0.00,0.00,0.00,0.00,0.00,0.00,343278,527143,993212,340621,500914,1006315,0,0,0,0,0,0,1995963340,54634,1996017974,90.85,91.06,91.22
28,1,0,0,0,97272,97272,97272,7,7,7,591,591,591,0.00,0.00,0.00,0.00,0.00,0.00,0.00,0.00,0.00,0.00,0.00,0.00,0.00,0.00,0.00,0.00,0.00,0.00,0.00,0.00,0.00,393528,617463,1362652,409590,630530,1373134,0,0,0,0,0,0,0,79401,0,98.51,98.75,98.97
28,2,0,0,0,97268,97268,97268,11,11,11,591,591,591,0.00,0.00,0.00,0.00,0.00,0.00,0.00,0.00,0.00,0.00,0.00,0.00,0.00,0.00,0.00,0.00,0.00,0.00,0.00,0.00,0.00,298646,413107,707519,311744,444927,720622,0,0,0,0,0,0,1895785954,68146,1895854100,84.93,84.94,84.96
28,3,0,0,0,97269,97269,97269,10,10,10,591,591,591,0.00,0.00,0.00,0.00,0.00,0.00,0.00,0.00,0.00,0.00,0.00,0.00,0.00,0.00,0.00,0.00,0.00,0.00,0.00,0.00,0.00,317077,401251,575528,330171,414985,589166,0,0,0,0,0,0,1973075887,54079,1973129966,90.01,90.08,90.16
29,0,0,0,0,97270,97270,97270,9,9,9,591,591,591,0.00,0.00,0.00,0.00,0.00,0.00,0.00,0.00,0.00,0.00,0.00,0.00,0.00,0.00,0.00,0.00,0.00,0.00,0.00,0.00,0.00,213129,367556,597447,221864,382937,613169,0,0,0,0,0,0,1996036298,72819,1996109117,90.92,91.07,91.17
29,1,0,0,0,97272,97272,97272,7,7,7,591,591,591,0.00,0.00,0.00,0.00,0.00,0.00,0.00,0.00,0.00,0.00,0.00,0.00,0.00,0.00,0.00,0.00,0.00,0.00,0.00,0.00,0.00,408778,556590,788808,421880,570217,804532,0,0,0,0,0,0,0,79365,0,98.84,98.97,99.04
29,2,0,0,0,97268,97268,97268,11,11,11,591,591,591,0.00,0.00,0.00,0.00,0.00,0.00,0.00,0.00,0.00,0.00,0.00,0.00,0.00,0.00,0.00,0.00,0.00,0.00,0.00,0.00,0.00,214886,403547,592233,223621,416823,607956,0,0,0,0,0,0,1895871147,68531,1895939678,84.92,85.12,85.33
29,3,0,0,0,97269,97269,97269,10,10,10,591,591,591,0.00,0.00,0.00,0.00,0.00,0.00,0.00,0.00,0.00,0.00,0.00,0.00,0.00,0.00,0.00,0.00,0.00,0.00,0.00,0.00,0.00,317076,338041,382590,332799,352191,395692,0,0,0,0,0,0,1973147928,80723,1973228651,89.61,89.72,89.93
30,0,0,0,0,97270,97270,97270,9,9,9,591,591,591,0.00,0.00,0.00,0.00,0.00,0.00,0.00,0.00,0.00,0.00,0.00,0.00,0.00,0.00,0.00,0.00,0.00,0.00,0.00,0.00,0.00,327560,374728,518850,340662,392546,531952,0,0,0,0,0,0,1996127229,72245,1996199474,90.29,90.49,90.78
30,1,0,0,0,97272,97272,97272,7,7,7,591,591,591,0.00,0.00,0.00,0.00,0.00,0.00,0.00,0.00,0.00,0.00,0.00,0.00,0.00,0.00,0.00,0.00,0.00,0.00,0.00,0.00,0.00,432405,461191,526695,445508,474818,539797,0,0,0,0,0,0,0,78689,0,98.29,98.50,98.76
30,2,0,0,0,97268,97268,97268,11,11,11,591,591,591,0.00,0.00,0.00,0.00,0.00,0.00,0.00,0.00,0.00,0.00,0.00,0.00,0.00,0.00,0.00,0.00,0.00,0.00,0.00,0.00,0.00,322305,343273,390448,332786,356375,403551,0,0,0,0,0,0,1895956610,67635,1896024245,84.50,84.70,85.06
30,3,0,0,0,97269,97269,97269,10,10,10,591,591,591,0.00,0.00,0.00,0.00,0.00,0.00,0.00,0.00,0.00,0.00,0.00,0.00,0.00,0.00,0.00,0.00,0.00,0.00,0.00,0.00,0.00,332799,438667,697044,345901,451420,705779,0,0,0,0,0,0,1973246530,71444,1973317974,89.33,89.50,89.66
31,0,0,0,0,97270,97270,97270,9,9,9,591,591,591,0.00,0.00,0.00,0.00,0.00,0.00,0.00,0.00,0.00,0.00,0.00,0.00,0.00,0.00,0.00,0.00,0.00,0.00,0.00,0.00,0.00,315917,523498,1245567,328759,530777,1259785,0,0,0,0,0,0,1996217590,81220,1996298810,90.20,90.25,90.29
31,1,0,0,0,97272,97272,97272,7,7,7,591,591,591,0.00,0.00,0.00,0.00,0.00,0.00,0.00,0.00,0.00,0.00,0.00,0.00,0.00,0.00,0.00,0.00,0.00,0.00,0.00,0.00,0.00,427121,688652,1422867,440223,702802,1435968,0,0,0,0,0,0,0,78550,0,98.19,98.23,98.28
31,2,0,0,0,97268,97268,97268,11,11,11,591,591,591,0.00,0.00,0.00,0.00,0.00,0.00,0.00,0.00,0.00,0.00,0.00,0.00,0.00,0.00,0.00,0.00,0.00,0.00,0.00,0.00,0.00,317092,448098,864746,330195,462248,875228,0,0,0,0,0,0,1896049645,67617,1896117262,84.50,84.52,84.55
31,3,0,0,0,97269,97269,97269,10,10,10,591,591,591,0.00,0.00,0.00,0.00,0.00,0.00,0.00,0.00,0.00,0.00,0.00,0.00,0.00,0.00,0.00,0.00,0.00,0.00,0.00,0.00,0.00,327526,395511,574343,340627,409035,587163,0,0,0,0,0,0,1973335803,71437,1973407240,89.16,89.19,89.23
32,0,0,0,0,97270,97270,97270,9,9,9,591,591,591,0.00,0.00,0.00,0.00,0.00,0.00,0.00,0.00,0.00,0.00,0.00,0.00,0.00,0.00,0.00,0.00,0.00,0.00,0.00,0.00,0.00,327554,342232,387828,345895,415081,636772,0,0,0,0,0,0,1996316818,72299,1996389117,90.15,90.20,90.26
32,1,0,0,0,97272,97272,97272,7,7,7,591,591,591,0.00,0.00,0.00,0.00,0.00,0.00,0.00,0.00,0.00,0.00,0.00,0.00,0.00,0.00,0.00,0.00,0.00,0.00,0.00,0.00,0.00,281222,502632,825446,289744,515402,838548,0,0,0,0,0,0,0,78834,0,98.20,98.32,98.43
32,2,0,0,0,97268,97268,97268,11,11,11,591,591,591,0.00,0.00,0.00,0.00,0.00,0.00,0.00,0.00,0.00,0.00,0.00,0.00,0.00,0.00,0.00,0.00,0.00,0.00,0.00,0.00,0.00,319726,432341,610425,332619,445925,623525,0,0,0,0,0,0,1896134222,67601,1896201823,84.39,84.45,84.50
32,3,0,0,0,97269,97269,97269,10,10,10,591,591,591,0.00,0.00,0.00,0.00,0.00,0.00,0.00,0.00,0.00,0.00,0.00,0.00,0.00,0.00,0.00,0.00,0.00,0.00,0.00,0.00,0.00,332792,394115,482165,343274,408265,497888,0,0,0,0,0,0,1973425081,71446,1973496527,89.12,89.20,89.26
33,0,0,0,0,97270,97270,97270,9,9,9,591,591,591,0.00,0.00,0.00,0.00,0.00,0.00,0.00,0.00,0.00,0.00,0.00,0.00,0.00,0.00,0.00,0.00,0.00,0.00,0.00,0.00,0.00,330170,479530,623670,343272,442845,547617,0,0,0,0,0,0,1996407153,72281,1996479434,90.17,90.20,90.26
33,1,0,0,0,97272,97272,97272,7,7,7,591,591,591,0.00,0.00,0.00,0.00,0.00,0.00,0.00,0.00,0.00,0.00,0.00,0.00,0.00,0.00,0.00,0.00,0.00,0.00,0.00,0.00,0.00,434993,573866,812347,450716,589064,830690,0,0,0,0,0,0,0,78690,0,98.37,98.42,98.44
33,2,0,0,0,97268,97268,97268,11,11,11,591,591,591,0.00,0.00,0.00,0.00,0.00,0.00,0.00,0.00,0.00,0.00,0.00,0.00,0.00,0.00,0.00,0.00,0.00,0.00,0.00,0.00,0.00,322316,391148,547684,335418,405473,566027,0,0,0,0,0,0,1896218796,67675,1896286471,84.39,84.46,84.52
33,3,0,0,0,97269,97269,97269,10,10,10,591,591,591,0.00,0.00,0.00,0.00,0.00,0.00,0.00,0.00,0.00,0.00,0.00,0.00,0.00,0.00,0.00,0.00,0.00,0.00,0.00,0.00,0.00,319693,567062,1462206,335416,582261,1480550,0,0,0,0,0,0,1973514406,80341,1973594747,89.25,89.30,89.33
34,0,0,0,0,97270,97270,97270,9,9,9,591,591,591,0.00,0.00,0.00,0.00,0.00,0.00,0.00,0.00,0.00,0.00,0.00,0.00,0.00,0.00,0.00,0.00,0.00,0.00,0.00,0.00,0.00,246318,320836,364718,255053,333432,377039,0,0,0,0,0,0,1996497481,81351,1996578832,90.14,90.24,90.34
34,1,0,0,0,97272,97272,97272,7,7,7,591,591,591,0.00,0.00,0.00,0.00,0.00,0.00,0.00,0.00,0.00,0.00,0.00,0.00,0.00,0.00,0.00,0.00,0.00,0.00,0.00,0.00,0.00,427140,651445,1417662,440242,665071,1430764,0,0,0,0,0,0,0,68967,0,98.36,98.43,98.53
34,2,0,0,0,97268,97268,97268,11,11,11,591,591,591,0.00,0.00,0.00,0.00,0.00,0.00,0.00,0.00,0.00,0.00,0.00,0.00,0.00,0.00,0.00,0.00,0.00,0.00,0.00,0.00,0.00,322316,344592,372114,338034,439191,762556,0,0,0,0,0,0,1896303360,59331,1896362691,84.50,84.59,84.70
34,3,0,0,0,97269,97269,97269,10,10,10,591,591,591,0.00,0.00,0.00,0.00,0.00,0.00,0.00,0.00,0.00,0.00,0.00,0.00,0.00,0.00,0.00,0.00,0.00,0.00,0.00,0.00,0.00,324933,353759,424511,338035,366861,437613,0,0,0,0,0,0,1973612607,71545,1973684152,89.14,89.19,89.26
35,0,0,0,0,97270,97270,97270,9,9,9,591,591,591,0.00,0.00,0.00,0.00,0.00,0.00,0.00,0.00,0.00,0.00,0.00,0.00,0.00,0.00,0.00,0.00,0.00,0.00,0.00,0.00,0.00,324935,519387,978176,338037,533112,993460,0,0,0,0,0,0,1996596963,54357,1996651320,90.35,90.40,90.48
35,1,0,0,0,97272,97272,97272,7,7,7,591,591,591,0.00,0.00,0.00,0.00,0.00,0.00,0.00,0.00,0.00,0.00,0.00,0.00,0.00,0.00,0.00,0.00,0.00,0.00,0.00,0.00,0.00,422952,458845,490037,435846,472550,505739,0,0,0,0,0,0,0,78916,0,98.51,98.55,98.60
35,2,0,0,0,97268,97268,97268,11,11,11,591,591,591,0.00,0.00,0.00,0.00,0.00,0.00,0.00,0.00,0.00,0.00,0.00,0.00,0.00,0.00,0.00,0.00,0.00,0.00,0.00,0.00,0.00,322316,429222,749454,338039,363576,419227,0,0,0,0,0,0,1896379908,67901,1896447809,84.73,84.76,84.80
35,3,0,0,0,97269,97269,97269,10,10,10,591,591,591,0.00,0.00,0.00,0.00,0.00,0.00,0.00,0.00,0.00,0.00,0.00,0.00,0.00,0.00,0.00,0.00,0.00,0.00,0.00,0.00,0.00,322789,370957,476922,335598,383515,490025,0,0,0,0,0,0,1973702203,54182,1973756385,89.34,89.66,89.90
36,0,0,0,0,97270,97270,97270,9,9,9,591,591,591,0.00,0.00,0.00,0.00,0.00,0.00,0.00,0.00,0.00,0.00,0.00,0.00,0.00,0.00,0.00,0.00,0.00,0.00,0.00,0.00,0.00,324938,408783,621027,340661,422410,634129,0,0,0,0,0,0,1996669539,72981,1996742520,90.36,90.49,90.69
36,1,0,0,0,97272,97272,97272,7,7,7,591,591,591,0.00,0.00,0.00,0.00,0.00,0.00,0.00,0.00,0.00,0.00,0.00,0.00,0.00,0.00,0.00,0.00,0.00,0.00,0.00,0.00,0.00,279520,532276,809707,290002,544854,822809,0,0,0,0,0,0,0,78733,0,98.40,98.53,98.63
36,2,0,0,0,97268,97268,97268,11,11,11,591,591,591,0.00,0.00,0.00,0.00,0.00,0.00,0.00,0.00,0.00,0.00,0.00,0.00,0.00,0.00,0.00,0.00,0.00,0.00,0.00,0.00,0.00,319693,431607,584224,335416,445177,597323,0,0,0,0,0,0,1896464685,68077,1896532762,84.60,84.64,84.69
36,3,0,0,0,97269,97269,97269,10,10,10,591,591,591,0.00,0.00,0.00,0.00,0.00,0.00,0.00,0.00,0.00,0.00,0.00,0.00,0.00,0.00,0.00,0.00,0.00,0.00,0.00,0.00,0.00,324935,343801,390444,338037,357952,403547,0,0,0,0,0,0,1973774568,81374,1973855942,90.05,90.13,90.24
37,0,0,0,0,97270,97270,97270,9,9,9,591,591,591,0.00,0.00,0.00,0.00,0.00,0.00,0.00,0.00,0.00,0.00,0.00,0.00,0.00,0.00,0.00,0.00,0.00,0.00,0.00,0.00,0.00,319685,372629,497868,335407,386256,513590,0,0,0,0,0,0,1996761109,74866,1996835975,91.08,91.95,92.76
37,1,0,0,0,97272,97272,97272,7,7,7,591,591,591,0.00,0.00,0.00,0.00,0.00,0.00,0.00,0.00,0.00,0.00,0.00,0.00,0.00,0.00,0.00,0.00,0.00,0.00,0.00,0.00,0.00,416683,449147,531934,429786,463297,545036,0,0,0,0,0,0,0,79083,0,98.30,98.47,98.63
37,2,0,0,0,97268,97268,97268,11,11,11,591,591,591,0.00,0.00,0.00,0.00,0.00,0.00,0.00,0.00,0.00,0.00,0.00,0.00,0.00,0.00,0.00,0.00,0.00,0.00,0.00,0.00,0.00,251565,311829,345880,262047,323884,356362,0,0,0,0,0,0,1896550050,69220,1896619270,84.73,85.35,86.04
37,3,0,0,0,97269,97269,97269,10,10,10,591,591,591,0.00,0.00,0.00,0.00,0.00,0.00,0.00,0.00,0.00,0.00,0.00,0.00,0.00,0.00,0.00,0.00,0.00,0.00,0.00,0.00,0.00,327554,487402,1050796,340656,501029,1063898,0,0,0,0,0,0,1973874145,73020,1973947165,90.36,90.64,90.89
38,0,0,0,0,97270,97270,97270,9,9,9,591,591,591,0.00,0.00,0.00,0.00,0.00,0.00,0.00,0.00,0.00,0.00,0.00,0.00,0.00,0.00,0.00,0.00,0.00,0.00,0.00,0.00,0.00,247936,451513,1046532,254920,465490,1061922,0,0,0,0,0,0,1996854518,83103,1996937621,91.92,92.37,92.74
38,1,0,0,0,97272,97272,97272,7,7,7,591,591,591,0.00,0.00,0.00,0.00,0.00,0.00,0.00,0.00,0.00,0.00,0.00,0.00,0.00,0.00,0.00,0.00,0.00,0.00,0.00,0.00,0.00,421883,659271,1378152,432364,672897,1391253,0,0,0,0,0,0,0,79219,0,98.55,98.65,98.75
38,2,0,0,0,97268,97268,97268,11,11,11,591,591,591,0.00,0.00,0.00,0.00,0.00,0.00,0.00,0.00,0.00,0.00,0.00,0.00,0.00,0.00,0.00,0.00,0.00,0.00,0.00,0.00,0.00,322335,442334,849028,338059,456485,862130,0,0,0,0,0,0,1896645215,68596,1896713811,85.51,85.83,86.04
38,3,0,0,0,97269,97269,97269,10,10,10,591,591,591,0.00,0.00,0.00,0.00,0.00,0.00,0.00,0.00,0.00,0.00,0.00,0.00,0.00,0.00,0.00,0.00,0.00,0.00,0.00,0.00,0.00,309215,392579,571259,324938,406165,584361,0,0,0,0,0,0,1973965540,72986,1974038526,90.92,91.00,91.12
39,0,0,0,0,97270,97270,97270,9,9,9,591,591,591,0.00,0.00,0.00,0.00,0.00,0.00,0.00,0.00,0.00,0.00,0.00,0.00,0.00,0.00,0.00,0.00,0.00,0.00,0.00,0.00,0.00,327558,404074,618427,340660,417177,631530,0,0,0,0,0,0,1996955758,72583,1997028341,90.55,91.04,91.61
39,1,0,0,0,97272,97272,97272,7,7,7,591,591,591,0.00,0.00,0.00,0.00,0.00,0.00,0.00,0.00,0.00,0.00,0.00,0.00,0.00,0.00,0.00,0.00,0.00,0.00,0.00,0.00,0.00,421879,510650,817538,434981,524223,830639,0,0,0,0,0,0,0,78788,0,98.66,98.88,99.05
39,2,0,0,0,97268,97268,97268,11,11,11,591,591,591,0.00,0.00,0.00,0.00,0.00,0.00,0.00,0.00,0.00,0.00,0.00,0.00,0.00,0.00,0.00,0.00,0.00,0.00,0.00,0.00,0.00,317078,394545,589182,330180,408079,601825,0,0,0,0,0,0,1896730794,67813,1896798607,84.64,84.95,85.29
39,3,0,0,0,97269,97269,97269,10,10,10,591,591,591,0.00,0.00,0.00,0.00,0.00,0.00,0.00,0.00,0.00,0.00,0.00,0.00,0.00,0.00,0.00,0.00,0.00,0.00,0.00,0.00,0.00,216623,353573,455896,225357,366325,471617,0,0,0,0,0,0,1974056566,71617,1974128183,89.54,90.05,90.72
40,0,0,0,0,97270,97270,97270,9,9,9,591,591,591,0.00,0.00,0.00,0.00,0.00,0.00,0.00,0.00,0.00,0.00,0.00,0.00,0.00,0.00,0.00,0.00,0.00,0.00,0.00,0.00,0.00,317076,359004,500512,327558,372630,513614,0,0,0,0,0,0,1997046583,73764,1997120347,90.54,90.87,91.39
40,1,0,0,0,97272,97272,97272,7,7,7,591,591,591,0.00,0.00,0.00,0.00,0.00,0.00,0.00,0.00,0.00,0.00,0.00,0.00,0.00,0.00,0.00,0.00,0.00,0.00,0.00,0.00,0.00,414030,439873,497828,427133,452626,510928,0,0,0,0,0,0,0,79575,0,98.44,98.73,99.16
40,2,0,0,0,97268,97268,97268,11,11,11,591,591,591,0.00,0.00,0.00,0.00,0.00,0.00,0.00,0.00,0.00,0.00,0.00,0.00,0.00,0.00,0.00,0.00,0.00,0.00,0.00,0.00,0.00,317078,362145,492646,330180,375772,505749,0,0,0,0,0,0,1896815629,68545,1896884174,84.63,84.74,85.06
40,3,0,0,0,97269,97269,97269,10,10,10,591,591,591,0.00,0.00,0.00,0.00,0.00,0.00,0.00,0.00,0.00,0.00,0.00,0.00,0.00,0.00,0.00,0.00,0.00,0.00,0.00,0.00,0.00,309211,494216,1126795,324934,508366,1137277,0,0,0,0,0,0,1974146152,81038,1974227190,89.43,89.58,89.90
41,0,0,0,0,97195,97249,97270,9,29,85,591,591,591,0.00,0.00,0.00,0.00,0.00,0.00,0.00,0.00,0.00,0.00,0.00,0.00,0.00,0.00,0.00,0.00,0.00,0.00,0.00,0.00,0.00,311793,1220256,3643105,327513,1360211,4012657,0,0,0,0,0,0,1997139090,100385,1997239475,91.89,95.68,105.72
41,1,0,0,0,97122,97229,97272,7,48,157,591,591,591,0.00,0.00,0.00,0.00,0.00,0.00,0.00,0.00,0.00,0.00,0.00,0.00,0.00,0.00,0.00,0.00,0.00,0.00,0.00,0.00,0.00,419275,1961174,4678537,434998,2126273,5131975,0,0,0,0,0,0,0,82339,0,99.51,105.46,118.65
41,2,0,0,0,97119,97224,97268,11,54,161,591,591,591,0.00,0.00,0.00,0.00,0.00,0.00,0.00,0.00,0.00,0.00,0.00,0.00,0.00,0.00,0.00,0.00,0.00,0.00,0.00,0.00,0.00,317071,639490,1575300,330174,1296299,3635223,0,0,0,0,0,0,1896901568,73738,1896975306,85.42,91.87,105.56
41,3,0,0,0,97119,97227,97269,10,51,160,591,591,591,0.00,0.00,0.00,0.00,0.00,0.00,0.00,0.00,0.00,0.00,0.00,0.00,0.00,0.00,0.00,0.00,0.00,0.00,0.00,0.00,0.00,324936,625671,1522675,338039,701017,1784753,0,0,0,0,0,0,1974245495,92147,1974337642,90.14,95.73,108.56
42,0,0,1,3,96513,96589,96705,575,690,767,591,591,591,0.00,0.00,0.00,0.00,0.00,0.00,0.00,0.00,0.00,0.00,0.00,0.00,0.00,0.00,0.00,0.00,0.00,0.00,0.00,0.00,0.00,306654,853799,2764573,319759,1079244,3249678,0,0,0,0,0,0,1997266765,81161,1997347926,114.67,128.20,136.98
42,1,0,1,5,96514,96590,96706,573,688,765,591,591,591,0.00,0.00,0.00,0.00,0.00,0.00,0.00,0.00,0.00,0.00,0.00,0.00,0.00,0.00,0.00,0.00,0.00,0.00,0.00,0.00,0.00,414110,727044,1811047,427215,927802,2172732,0,0,0,0,0,0,0,114911,0,127.81,139.20,144.58
42,2,0,0,1,96511,96587,96703,577,692,769,591,591,591,0.00,0.00,0.00,0.00,0.00,0.00,0.00,0.00,0.00,0.00,0.00,0.00,0.00,0.00,0.00,0.00,0.00,0.00,0.00,0.00,0.00,324971,1287807,3249947,330238,941784,2189892,0,0,0,0,0,0,1897001748,103534,1897105282,114.66,125.55,130.92
42,3,0,1,7,96511,96587,96703,576,691,768,591,591,591,0.00,0.00,0.00,0.00,0.00,0.00,0.00,0.00,0.00,0.00,0.00,0.00,0.00,0.00,0.00,0.00,0.00,0.00,0.00,0.00,0.00,339843,1313945,3459593,350299,1615871,3860591,0,0,0,0,0,0,1974364560,80238,1974444798,116.89,129.11,135.07
43,0,0,0,0,96513,96513,96513,767,767,767,591,591,591,0.00,0.00,0.00,0.00,0.00,0.00,0.00,0.00,0.00,0.00,0.00,0.00,0.00,0.00,0.00,0.00,0.00,0.00,0.00,0.00,0.00,309274,360639,440315,325000,375840,453420,0,0,0,0,0,0,1997375014,108152,1997483166,135.13,135.17,135.23
43,1,0,0,0,96514,96514,96514,765,765,765,591,591,591,0.00,0.00,0.00,0.00,0.00,0.00,0.00,0.00,0.00,0.00,0.00,0.00,0.00,0.00,0.00,0.00,0.00,0.00,0.00,0.00,0.00,403631,487656,678810,416736,502305,699777,0,0,0,0,0,0,0,114439,0,143.03,143.16,143.35
43,2,0,0,0,96511,96511,96511,769,769,769,591,591,591,0.00,0.00,0.00,0.00,0.00,0.00,0.00,0.00,0.00,0.00,0.00,0.00,0.00,0.00,0.00,0.00,0.00,0.00,0.00,0.00,0.00,311894,353729,439830,326794,368195,457941,0,0,0,0,0,0,1897131105,103242,1897234347,128.92,129.01,129.18
43,3,0,0,0,96511,96511,96511,768,768,768,591,591,591,0.00,0.00,0.00,0.00,0.00,0.00,0.00,0.00,0.00,0.00,0.00,0.00,0.00,0.00,0.00,0.00,0.00,0.00,0.00,0.00,0.00,301407,395755,581817,317132,410957,594921,0,0,0,0,0,0,1974471459,106722,1974578181,133.24,133.35,133.55
45,0,0,0,0,95959,96328,96513,767,767,767,591,591,591,0.00,0.00,0.00,0.00,0.00,0.00,0.00,0.00,0.00,0.00,0.00,0.00,0.00,0.00,0.00,0.00,0.00,0.00,0.00,0.00,0.00,621168,1953952,3286737,634273,1986715,3339157,0,0,0,0,0,0,1997510253,216448,1997726701,135.13,135.22,135.31
45,1,0,0,0,96514,96514,96514,765,949,1319,591,591,591,0.00,0.00,0.00,0.00,0.00,0.00,0.00,0.00,0.00,0.00,0.00,0.00,0.00,0.00,0.00,0.00,0.00,0.00,0.00,0.00,0.00,401003,2009620,3618238,416729,2053470,3690212,0,0,0,0,0,0,0,228909,0,143.00,143.08,143.17
45,2,0,0,0,96511,96511,96511,769,769,769,591,591,591,0.00,0.00,0.00,0.00,0.00,0.00,0.00,0.00,0.00,0.00,0.00,0.00,0.00,0.00,0.00,0.00,0.00,0.00,0.00,0.00,0.00,301749,2058637,5560235,315101,2989559,5664018,0,0,0,0,0,0,1897260290,206347,1897466637,128.98,128.98,128.99
45,3,0,0,0,96511,96511,96511,768,768,768,591,591,591,0.00,0.00,0.00,0.00,0.00,0.00,0.00,0.00,0.00,0.00,0.00,0.00,0.00,0.00,0.00,0.00,0.00,0.00,0.00,0.00,0.00,338101,1200824,2863369,351206,1229771,2921377,0,0,0,0,0,0,1974618132,213081,1974831213,133.20,133.23,133.27
46,0,0,0,1,95765,95862,95959,1321,1398,1515,591,591,591,0.00,0.00,0.00,0.00,0.00,0.00,0.00,0.00,0.00,0.00,0.00,0.00,0.00,0.00,0.00,0.00,0.00,0.00,0.00,0.00,0.00,382669,2292992,4257759,395775,2784948,4593346,0,0,0,0,0,0,1997780841,122056,1997902897,135.33,135.37,135.42
46,1,0,0,0,95766,95882,95960,1319,1435,1513,591,591,591,0.00,0.00,0.00,0.00,0.00,0.00,0.00,0.00,0.00,0.00,0.00,0.00,0.00,0.00,0.00,0.00,0.00,0.00,0.00,0.00,0.00,542465,2133841,4195616,762702,2668468,4609674,0,0,0,0,0,0,0,129389,0,143.07,143.25,143.56
46,2,0,0,2,95763,95879,95957,1323,1400,1517,591,591,591,0.00,0.00,0.00,0.00,0.00,0.00,0.00,0.00,0.00,0.00,0.00,0.00,0.00,0.00,0.00,0.00,0.00,0.00,0.00,0.00,0.00,1769113,2876526,3957693,2282811,3395465,4204065,0,0,0,0,0,0,1897518364,116193,1897634557,129.05,129.10,129.21
46,3,0,0,1,95763,95879,95957,1322,1399,1516,591,591,591,0.00,0.00,0.00,0.00,0.00,0.00,0.00,0.00,0.00,0.00,0.00,0.00,0.00,0.00,0.00,0.00,0.00,0.00,0.00,0.00,0.00,1394314,3349276,4329516,1753377,3865398,5400538,0,0,0,0,0,0,1974884558,106859,1974991417,133.30,133.38,133.50
47,0,0,0,0,95765,95765,95765,1515,1515,1515,591,591,591,0.00,0.00,0.00,0.00,0.00,0.00,0.00,0.00,0.00,0.00,0.00,0.00,0.00,0.00,0.00,0.00,0.00,0.00,0.00,0.00,0.00,298784,322901,393145,314510,337054,406250,0,0,0,0,0,0,1997930043,108268,1998038311,135.37,135.49,135.56
47,1,0,0,0,95766,95766,95766,1513,1513,1513,591,591,591,0.00,0.00,0.00,0.00,0.00,0.00,0.00,0.00,0.00,0.00,0.00,0.00,0.00,0.00,0.00,0.00,0.00,0.00,0.00,0.00,0.00,411491,442942,547779,424596,457095,563505,0,0,0,0,0,0,0,114569,0,143.25,143.53,143.69
47,2,0,0,0,95763,95763,95763,1517,1517,1517,591,591,591,0.00,0.00,0.00,0.00,0.00,0.00,0.00,0.00,0.00,0.00,0.00,0.00,0.00,0.00,0.00,0.00,0.00,0.00,0.00,0.00,0.00,296166,310318,345963,311892,325520,366931,0,0,0,0,0,0,1897660448,103468,1897763916,129.06,129.13,129.17
47,3,0,0,0,95763,95763,95763,1516,1516,1516,591,591,591,0.00,0.00,0.00,0.00,0.00,0.00,0.00,0.00,0.00,0.00,0.00,0.00,0.00,0.00,0.00,0.00,0.00,0.00,0.00,0.00,0.00,296227,323401,382588,309334,338019,395690,0,0,0,0,0,0,1975018211,107720,1975125931,133.53,133.88,134.17
48,0,0,0,0,95765,95765,95765,1515,1515,1515,591,591,591,0.00,0.00,0.00,0.00,0.00,0.00,0.00,0.00,0.00,0.00,0.00,0.00,0.00,0.00,0.00,0.00,0.00,0.00,0.00,0.00,0.00,293549,316608,369537,306654,329712,380020,0,0,0,0,0,0,1998065359,108096,1998173455,135.08,135.18,135.26
48,1,0,0,0,95766,95766,95766,1513,1513,1513,591,591,591,0.00,0.00,0.00,0.00,0.00,0.00,0.00,0.00,0.00,0.00,0.00,0.00,0.00,0.00,0.00,0.00,0.00,0.00,0.00,0.00,0.00,403627,422481,453393,419353,435559,466497,0,0,0,0,0,0,0,114664,0,143.15,143.17,143.19
48,2,0,0,0,95763,95763,95763,1517,1517,1517,591,591,591,0.00,0.00,0.00,0.00,0.00,0.00,0.00,0.00,0.00,0.00,0.00,0.00,0.00,0.00,0.00,0.00,0.00,0.00,0.00,0.00,0.00,197707,298494,398380,211581,311753,408863,0,0,0,0,0,0,1897789790,103504,1897893294,129.14,129.17,129.20
48,3,0,0,0,95763,95763,95763,1516,1516,1516,591,591,591,0.00,0.00,0.00,0.00,0.00,0.00,0.00,0.00,0.00,0.00,0.00,0.00,0.00,0.00,0.00,0.00,0.00,0.00,0.00,0.00,0.00,296167,345964,437691,309272,360118,453416,0,0,0,0,0,0,1975152822,121123,1975273945,134.27,134.28,134.31
49,0,0,0,0,95765,95765,95765,1515,1515,1515,591,591,591,0.00,0.00,0.00,0.00,0.00,0.00,0.00,0.00,0.00,0.00,0.00,0.00,0.00,0.00,0.00,0.00,0.00,0.00,0.00,0.00,0.00,296170,313991,359073,309274,327620,372178,0,0,0,0,0,0,1998200461,108248,1998308709,134.99,135.06,135.15
49,1,0,0,0,95766,95766,95766,1513,1513,1513,591,591,591,0.00,0.00,0.00,0.00,0.00,0.00,0.00,0.00,0.00,0.00,0.00,0.00,0.00,0.00,0.00,0.00,0.00,0.00,0.00,0.00,0.00,419349,445564,532056,432472,459193,542540,0,0,0,0,0,0,0,114498,0,143.15,143.22,143.28
49,2,0,0,0,95763,95763,95763,1517,1517,1517,591,591,591,0.00,0.00,0.00,0.00,0.00,0.00,0.00,0.00,0.00,0.00,0.00,0.00,0.00,0.00,0.00,0.00,0.00,0.00,0.00,0.00,0.00,290930,305079,332862,306656,319232,348588,0,0,0,0,0,0,1897919182,103473,1898022655,129.21,129.24,129.28
49,3,0,0,0,95763,95763,95763,1516,1516,1516,591,591,591,0.00,0.00,0.00,0.00,0.00,0.00,0.00,0.00,0.00,0.00,0.00,0.00,0.00,0.00,0.00,0.00,0.00,0.00,0.00,0.00,0.00,301415,554066,1320953,314520,567171,1334058,0,0,0,0,0,0,1975300923,107693,1975408616,134.26,134.32,134.38
50,0,0,0,0,95765,95765,95765,1515,1515,1515,591,591,591,0.00,0.00,0.00,0.00,0.00,0.00,0.00,0.00,0.00,0.00,0.00,0.00,0.00,0.00,0.00,0.00,0.00,0.00,0.00,0.00,0.00,146774,470202,1147988,159879,483831,1161093,0,0,0,0,0,0,1998335716,122842,1998458558,135.17,135.40,135.78
50,1,0,0,0,95766,95766,95766,1513,1513,1513,591,591,591,0.00,0.00,0.00,0.00,0.00,0.00,0.00,0.00,0.00,0.00,0.00,0.00,0.00,0.00,0.00,0.00,0.00,0.00,0.00,0.00,0.00,31451,635841,1703628,44555,648422,1716733,0,0,0,0,0,0,0,86093,0,143.07,143.24,143.43
50,2,0,0,0,95763,95763,95763,1517,1517,1517,591,591,591,0.00,0.00,0.00,0.00,0.00,0.00,0.00,0.00,0.00,0.00,0.00,0.00,0.00,0.00,0.00,0.00,0.00,0.00,0.00,0.00,0.00,296152,414108,731255,309256,427737,744360,0,0,0,0,0,0,1898048510,90354,1898138864,128.95,129.08,129.22
50,3,0,0,0,95763,95763,95763,1516,1516,1516,591,591,591,0.00,0.00,0.00,0.00,0.00,0.00,0.00,0.00,0.00,0.00,0.00,0.00,0.00,0.00,0.00,0.00,0.00,0.00,0.00,0.00,0.00,301412,330414,372174,317134,344043,385279,0,0,0,0,0,0,1975435514,107094,1975542608,133.85,134.12,134.27
51,0,0,0,0,95765,95765,95765,1515,1515,1515,591,591,591,0.00,0.00,0.00,0.00,0.00,0.00,0.00,0.00,0.00,0.00,0.00,0.00,0.00,0.00,0.00,0.00,0.00,0.00,0.00,0.00,0.00,305837,364151,526819,318687,377729,542545,0,0,0,0,0,0,1998485946,82968,1998568914,136.01,136.52,137.10
51,1,0,0,0,95766,95766,95766,1513,1513,1513,591,591,591,0.00,0.00,0.00,0.00,0.00,0.00,0.00,0.00,0.00,0.00,0.00,0.00,0.00,0.00,0.00,0.00,0.00,0.00,0.00,0.00,0.00,411491,449758,526815,427217,463912,542541,0,0,0,0,0,0,0,115842,0,143.54,143.85,144.36
51,2,0,0,0,95763,95763,95763,1517,1517,1517,591,591,591,0.00,0.00,0.00,0.00,0.00,0.00,0.00,0.00,0.00,0.00,0.00,0.00,0.00,0.00,0.00,0.00,0.00,0.00,0.00,0.00,0.00,290932,354878,558267,306658,369031,571371,0,0,0,0,0,0,1898164677,103206,1898267883,128.87,128.90,128.93
51,3,0,0,0,95763,95763,95763,1516,1516,1516,591,591,591,0.00,0.00,0.00,0.00,0.00,0.00,0.00,0.00,0.00,0.00,0.00,0.00,0.00,0.00,0.00,0.00,0.00,0.00,0.00,0.00,0.00,296089,320214,374505,308962,333799,390002,0,0,0,0,0,0,1975569276,80309,1975649585,133.42,133.54,133.79
52,0,0,7,25,90569,93198,95765,1515,4113,6711,591,591,591,0.00,0.00,0.00,0.00,0.00,0.01,0.00,0.00,0.00,0.00,0.00,0.00,0.00,0.00,0.00,0.00,0.00,0.00,0.00,0.00,0.01,298799,484327,644744,314525,849132,1724416,0,0,0,0,0,0,1998596623,112930,1998709553,137.53,138.77,140.19
52,1,0,5,29,90570,93035,95766,1513,4175,6709,591,591,591,0.00,0.00,0.01,0.00,0.00,0.01,0.00,0.00,0.00,0.00,0.00,0.00,0.00,0.00,0.00,0.00,0.00,0.00,0.00,0.00,0.02,414116,526251,722495,430950,895010,1889369,0,0,0,0,0,0,0,118404,0,144.59,145.68,147.18
52,2,0,8,31,90567,93340,95763,1517,3939,6713,591,591,591,0.00,0.00,0.01,0.00,0.00,0.01,0.00,0.00,0.00,0.00,0.00,0.00,0.00,0.00,0.00,0.00,0.00,0.00,0.00,0.00,0.02,301412,389330,592201,317137,751433,1527671,0,0,0,0,0,0,1898293712,106519,1898400231,128.92,129.98,132.06
52,3,0,2,10,90567,93364,95763,1516,3854,6712,591,591,591,0.00,0.00,0.01,0.00,0.00,0.01,0.00,0.00,0.00,0.00,0.00,0.00,0.00,0.00,0.00,0.00,0.00,0.00,0.00,0.00,0.01,301407,423473,615894,314512,788302,1813613,0,0,0,0,0,0,1975676404,123898,1975800302,133.61,135.10,136.96
53,0,0,0,0,90569,90569,90569,6711,6711,6711,591,591,591,0.00,0.00,0.01,0.00,0.00,0.00,0.00,0.00,0.00,0.00,0.00,0.00,0.00,0.00,0.00,0.00,0.00,0.00,0.00,0.00,0.00,304021,353821,448177,317125,369022,463902,0,0,0,0,0,0,1998737119,109368,1998846487,136.57,138.55,140.01
53,1,0,0,0,90570,90570,90570,6709,6709,6709,591,591,591,0.00,0.00,0.00,0.00,0.00,0.00,0.00,0.00,0.00,0.00,0.00,0.00,0.00,0.00,0.00,0.00,0.00,0.00,0.00,0.00,0.00,411473,489580,746963,427198,504257,765309,0,0,0,0,0,0,0,115225,0,143.92,145.44,146.94
53,2,0,0,0,90567,90567,90567,6713,6713,6713,591,591,591,0.00,0.00,0.00,0.00,0.00,0.00,0.00,0.00,0.00,0.00,0.00,0.00,0.00,0.00,0.00,0.00,0.00,0.00,0.00,0.00,0.00,204434,318166,440320,214918,331795,458667,0,0,0,0,0,0,1898426027,103243,1898529270,128.98,130.69,132.01
53,3,0,0,0,90567,90567,90567,6712,6712,6712,591,591,591,0.00,0.00,0.00,0.00,0.00,0.00,0.00,0.00,0.00,0.00,0.00,0.00,0.00,0.00,0.00,0.00,0.00,0.00,0.00,0.00,0.00,306124,586461,1223968,321823,601657,1237073,0,0,0,0,0,0,1975827092,106765,1975933857,133.45,135.41,136.85
54,0,0,0,0,90569,90569,90569,6711,6711,6711,591,591,591,0.00,0.00,0.00,0.00,0.00,0.00,0.00,0.00,0.00,0.00,0.00,0.00,0.00,0.00,0.00,0.00,0.00,0.00,0.00,0.00,0.00,309262,468098,990707,322366,480678,1001191,0,0,0,0,0,0,1998873832,122753,1998996585,136.19,136.26,136.37
54,1,0,0,0,90570,90570,90570,6709,6709,6709,591,591,591,0.00,0.00,0.00,0.00,0.00,0.00,0.00,0.00,0.00,0.00,0.00,0.00,0.00,0.00,0.00,0.00,0.00,0.00,0.00,0.00,0.00,408862,654186,1548980,421966,667814,1562085,0,0,0,0,0,0,0,129363,0,143.63,143.71,143.85
54,2,0,0,0,90567,90567,90567,6713,6713,6713,591,591,591,0.00,0.00,0.00,0.00,0.00,0.00,0.00,0.00,0.00,0.00,0.00,0.00,0.00,0.00,0.00,0.00,0.00,0.00,0.00,0.00,0.00,311889,468624,998586,324995,482253,1011691,0,0,0,0,0,0,1898555069,115936,1898671005,128.77,128.89,128.97
54,3,0,0,0,90567,90567,90567,6712,6712,6712,591,591,591,0.00,0.00,0.00,0.00,0.00,0.00,0.00,0.00,0.00,0.00,0.00,0.00,0.00,0.00,0.00,0.00,0.00,0.00,0.00,0.00,0.00,301409,370072,566118,314510,383701,579223,0,0,0,0,0,0,1975960525,106621,1976067146,133.18,133.26,133.31
55,0,0,0,0,90569,90569,90569,6711,6711,6711,591,591,591,0.00,0.00,0.00,0.00,0.00,0.00,0.00,0.00,0.00,0.00,0.00,0.00,0.00,0.00,0.00,0.00,0.00,0.00,0.00,0.00,0.00,306655,392909,655238,317139,406493,668343,0,0,0,0,0,0,1999023833,109349,1999133182,136.20,136.23,136.26
55,1,0,0,0,90570,90570,90570,6709,6709,6709,591,591,591,0.00,0.00,0.00,0.00,0.00,0.00,0.00,0.00,0.00,0.00,0.00,0.00,0.00,0.00,0.00,0.00,0.00,0.00,0.00,0.00,0.00,435088,610668,919905,448193,624297,933009,0,0,0,0,0,0,0,115300,0,143.52,143.68,143.84
55,2,0,0,0,90567,90567,90567,6713,6713,6713,591,591,591,0.00,0.00,0.00,0.00,0.00,0.00,0.00,0.00,0.00,0.00,0.00,0.00,0.00,0.00,0.00,0.00,0.00,0.00,0.00,0.00,0.00,301405,320274,377395,314510,333902,390499,0,0,0,0,0,0,1898696814,103387,1898800201,128.75,128.92,129.05
55,3,0,0,0,90567,90567,90567,6712,6712,6712,591,591,591,0.00,0.00,0.00,0.00,0.00,0.00,0.00,0.00,0.00,0.00,0.00,0.00,0.00,0.00,0.00,0.00,0.00,0.00,0.00,0.00,0.00,197360,305234,406239,206016,318498,419344,0,0,0,0,0,0,1976093804,106979,1976200783,133.17,133.29,133.40
56,0,0,0,0,90569,90569,90569,6711,6711,6711,591,591,591,0.00,0.00,0.00,0.00,0.00,0.00,0.00,0.00,0.00,0.00,0.00,0.00,0.00,0.00,0.00,0.00,0.00,0.00,0.00,0.00,0.00,314513,383178,610678,327618,397331,626403,0,0,0,0,0,0,1999160464,110240,1999270704,136.27,136.62,137.11
56,1,0,0,0,90570,90570,90570,6709,6709,6709,591,591,591,0.00,0.00,0.00,0.00,0.00,0.00,0.00,0.00,0.00,0.00,0.00,0.00,0.00,0.00,0.00,0.00,0.00,0.00,0.00,0.00,0.00,427207,520868,833475,442932,534438,846580,0,0,0,0,0,0,0,115672,0,143.74,143.94,144.19
56,2,0,0,0,90567,90567,90567,6713,6713,6713,591,591,591,0.00,0.00,0.00,0.00,0.00,0.00,0.00,0.00,0.00,0.00,0.00,0.00,0.00,0.00,0.00,0.00,0.00,0.00,0.00,0.00,0.00,301407,364558,538527,317133,378667,551411,0,0,0,0,0,0,1898825933,103424,1898929357,128.97,128.99,129.04
56,3,0,0,0,90567,90567,90567,6712,6712,6712,591,591,591,0.00,0.00,0.00,0.00,0.00,0.00,0.00,0.00,0.00,0.00,0.00,0.00,0.00,0.00,0.00,0.00,0.00,0.00,0.00,0.00,0.00,306646,560345,1279001,322372,573450,1289485,0,0,0,0,0,0,1976227461,120373,1976347834,133.31,133.44,133.62
57,0,0,0,0,90569,90569,90569,6711,6711,6711,591,591,591,0.00,0.00,0.00,0.00,0.00,0.00,0.00,0.00,0.00,0.00,0.00,0.00,0.00,0.00,0.00,0.00,0.00,0.00,0.00,0.00,0.00,293546,315561,356448,317135,428262,736486,0,0,0,0,0,0,1999298540,111613,1999410153,137.54,138.54,139.04
57,1,0,4,23,87980,89015,90570,6709,8263,9299,591,591,591,0.00,0.00,0.00,0.00,0.00,0.00,0.00,0.00,0.00,0.00,0.00,0.00,0.00,0.00,0.00,0.00,0.00,0.00,0.00,0.00,0.01,432451,484693,672655,448176,593542,1140893,0,0,0,0,0,0,0,132256,0,144.24,145.41,146.34
57,2,0,6,34,87977,89013,90567,6713,8267,9303,591,591,591,0.00,0.00,0.00,0.00,0.00,0.00,0.00,0.00,0.00,0.00,0.00,0.00,0.00,0.00,0.00,0.00,0.00,0.00,0.00,0.00,0.01,288241,362185,453321,298722,516817,998629,0,0,0,0,0,0,1898955271,104473,1899059744,129.10,129.75,130.28
57,3,0,6,33,87977,88888,90567,6712,8274,9302,591,591,591,0.00,0.00,0.00,0.00,0.00,0.00,0.00,0.00,0.00,0.00,0.00,0.00,0.00,0.00,0.00,0.00,0.00,0.00,0.00,0.00,0.01,304029,380022,550307,317134,535188,927876,0,0,0,0,0,0,1976374588,108476,1976483064,133.63,134.45,134.98
58,0,0,3,16,86979,87779,87979,9301,9501,10301,591,591,591,0.00,0.00,0.00,0.00,0.00,0.00,0.00,0.00,0.00,0.00,0.00,0.00,0.00,0.00,0.00,0.00,0.00,0.00,0.00,0.00,0.01,311877,586554,1255450,351189,760056,1273797,0,0,0,0,0,0,1999452600,109590,1999562190,137.71,138.42,139.44
58,1,0,1,7,86500,87012,87980,9299,10267,10779,591,591,591,0.00,0.00,0.00,0.00,0.00,0.00,0.00,0.00,0.00,0.00,0.00,0.00,0.00,0.00,0.00,0.00,0.00,0.00,0.00,0.00,0.00,521577,896313,1955043,534682,1021455,2272148,0,0,0,0,0,0,0,86674,0,144.50,145.43,146.50
58,2,0,0,3,86717,87127,87977,9303,10153,10563,591,591,591,0.00,0.00,0.00,0.00,0.00,0.00,0.00,0.00,0.00,0.00,0.00,0.00,0.00,0.00,0.00,0.00,0.00,0.00,0.00,0.00,0.00,314520,420652,529416,330246,495169,814217,0,0,0,0,0,0,1899098558,77815,1899176373,129.32,129.79,130.53
58,3,0,0,2,86717,87102,87877,9302,10270,10782,591,591,591,0.00,0.00,0.00,0.00,0.00,0.00,0.00,0.00,0.00,0.00,0.00,0.00,0.00,0.00,0.00,0.00,0.00,0.00,0.00,0.00,0.00,304021,395092,568700,351196,520891,888431,0,0,0,0,0,0,1976509845,107347,1976617192,134.06,134.55,135.28
59,0,0,3,7,86003,86298,86779,10501,10982,11277,591,591,591,0.00,0.00,0.02,0.00,0.00,0.01,0.00,0.00,0.00,0.00,0.00,0.00,0.00,0.00,0.00,0.00,0.00,0.00,0.00,0.00,0.01,230033,1237199,2944473,356291,1625072,3680592,0,0,0,0,0,0,1999589434,83029,1999672463,136.81,137.37,137.68
59,1,0,2,7,86004,86227,86490,10789,11049,11275,591,591,591,0.00,0.00,0.02,0.00,0.00,0.01,0.00,0.00,0.00,0.00,0.00,0.00,0.00,0.00,0.00,0.00,0.00,0.00,0.00,0.00,0.01,448153,1003804,2584299,490119,1469791,3433501,0,0,0,0,0,0,0,116148,0,144.77,144.92,145.18
59,2,0,0,3,86001,86268,86495,10785,11011,11279,591,591,591,0.00,0.00,0.02,0.00,0.00,0.01,0.00,0.00,0.00,0.00,0.00,0.00,0.00,0.00,0.00,0.00,0.00,0.00,0.00,0.00,0.01,311884,865421,2597387,353818,1567287,3373196,0,0,0,0,0,0,1899202262,104901,1899307163,130.60,130.70,130.90
59,3,0,0,2,86001,86265,86495,10792,11061,11278,591,591,591,0.00,0.00,0.01,0.00,0.00,0.01,0.00,0.00,0.00,0.00,0.00,0.00,0.00,0.00,0.00,0.00,0.00,0.00,0.00,0.00,0.01,206171,1001516,3194861,248104,1501051,3926088,0,0,0,0,0,0,1976645014,93483,1976738497,134.87,134.99,135.28
60,0,0,4,17,86003,86343,86623,10657,10937,11277,591,591,591,0.00,0.01,0.02,0.00,0.00,0.02,0.00,0.00,0.00,0.00,0.00,0.00,0.00,0.00,0.00,0.00,0.00,0.00,0.00,0.00,0.02,314515,803200,2005737,327619,1384561,2553709,0,416826,1292586,0,0,0,1999700992,113802,1999814794,139.03,140.82,141.80
60,1,0,1,6,86004,86344,86624,10655,10935,11275,591,591,591,0.00,0.01,0.04,0.00,0.01,0.02,0.00,0.00,0.00,0.00,0.00,0.00,0.00,0.00,0.00,0.00,0.00,0.00,0.00,0.01,0.02,419349,1019490,3011258,432453,1661588,3750313,0,0,0,0,0,0,0,119523,0,146.20,148.88,150.56
60,2,0,17,81,86001,86289,86361,10919,10991,11279,591,591,591,0.00,0.01,0.04,0.00,0.01,0.02,0.00,0.00,0.00,0.00,0.00,0.00,0.00,0.00,0.00,0.00,0.00,0.00,0.00,0.01,0.02,298790,869022,2838294,311895,1495566,3556385,0,0,0,0,0,0,1899335811,105875,1899441686,132.36,133.62,134.29
60,3,0,12,59,86001,86289,86361,10658,10938,11278,591,591,591,0.00,0.01,0.02,0.00,0.01,0.02,0.00,0.00,0.00,0.00,0.00,0.00,0.00,0.00,0.00,0.00,0.00,0.00,0.00,0.01,0.02,309271,909914,2811935,322374,1513748,3446127,0,0,0,0,0,0,1976768659,109298,1976877957,137.71,138.75,139.32
61,0,0,0,1,86353,86361,86363,10917,10919,10927,591,591,591,0.00,0.00,0.00,0.00,0.00,0.00,0.00,0.00,0.00,0.00,0.00,0.00,0.00,0.00,0.00,0.00,0.00,0.00,0.00,0.00,0.00,304027,408330,788871,319752,442401,880600,0,0,0,0,0,0,1999842999,127904,1999970903,140.07,140.72,141.06
61,1,0,0,0,86364,86364,86364,10915,10915,10915,591,591,591,0.00,0.00,0.00,0.00,0.00,0.00,0.00,0.00,0.00,0.00,0.00,0.00,0.00,0.00,0.00,0.00,0.00,0.00,0.00,0.00,0.00,311023,679162,1596148,319759,701875,1611873,0,0,0,0,0,0,0,135417,0,146.47,148.20,149.89
61,2,0,0,0,86361,86361,86361,10919,10919,10919,591,591,591,0.00,0.00,0.00,0.00,0.00,0.00,0.00,0.00,0.00,0.00,0.00,0.00,0.00,0.00,0.00,0.00,0.00,0.00,0.00,0.00,0.00,0,445558,1043132,13104,465477,1087688,0,0,0,0,0,0,1899467561,116775,1899584336,129.29,130.24,132.62
61,3,0,0,0,86351,86357,86361,10918,10920,10928,591,591,591,0.00,0.00,0.00,0.00,0.00,0.00,0.00,0.00,0.00,0.00,0.00,0.00,0.00,0.00,0.00,0.00,0.00,0.00,0.00,0.00,0.00,301385,418293,573988,317110,449220,670963,0,0,0,0,0,0,1976904863,108187,1977013050,134.14,134.95,136.43
62,0,0,0,1,86289,86327,86353,10927,10952,10991,591,591,591,0.00,0.01,0.03,0.00,0.00,0.01,0.00,0.00,0.00,0.00,0.00,0.00,0.00,0.00,0.01,0.00,0.00,0.00,0.00,0.00,0.01,359063,840779,1394225,380030,886905,1522641,0,0,0,0,0,0,1999999131,116822,0,141.13,143.19,145.09
62,1,0,0,1,86290,86332,86364,10915,10946,10989,591,591,591,0.00,0.01,0.03,0.00,0.00,0.01,0.00,0.00,0.00,0.00,0.00,0.00,0.00,0.00,0.01,0.00,0.00,0.00,0.00,0.00,0.01,421983,903677,1305084,435088,953472,1436116,0,0,0,0,0,0,0,123176,0,148.65,150.03,152.06
62,2,0,4,20,86287,86329,86361,10919,10950,10993,591,591,591,0.00,0.01,0.03,0.00,0.00,0.01,0.00,0.00,0.00,0.00,0.00,0.00,0.00,0.00,0.01,0.00,0.00,0.00,0.00,0.00,0.01,301404,644202,1200324,317129,693648,1352331,0,0,0,0,0,0,1899610134,107307,1899717441,129.41,130.73,132.77
62,3,0,4,20,86287,86325,86351,10928,10953,10992,591,591,591,0.00,0.01,0.03,0.00,0.00,0.01,0.00,0.00,0.00,0.00,0.00,0.00,0.00,0.00,0.01,0.00,0.00,0.00,0.00,0.00,0.01,345964,472313,576792,366932,515674,631566,0,0,0,0,0,0,1977040126,110889,1977151015,134.85,136.13,137.52
63,0,3,19,77,65563,76982,85127,12153,17443,31713,591,591,591,0.02,0.21,0.76,0.03,0.11,0.32,0.00,0.09,0.35,0.00,0.00,0.00,0.00,0.02,0.06,0.00,0.00,0.00,0.01,0.08,0.23,219908,538510,859665,473650,896771,1140104,0,0,0,0,0,0,0,194980,0,145.39,214.03,247.70
63,1,0,45,90,65568,79838,85128,12151,20295,31715,591,591,591,0.01,0.27,0.64,0.00,0.12,0.28,0.00,0.12,0.29,0.00,0.00,0.00,0.00,0.02,0.05,0.00,0.00,0.00,0.00,0.09,0.20,421807,486226,595487,602749,851179,1194407,0,0,0,0,0,0,0,174092,0,170.44,234.77,254.61
63,2,3,21,75,65625,79850,85125,12155,17440,31695,591,591,591,0.01,0.22,0.69,0.00,0.11,0.30,0.00,0.12,0.31,0.00,0.00,0.00,0.00,0.02,0.05,0.00,0.00,0.00,0.00,0.08,0.22,301403,438285,801919,492728,685908,927711,0,0,0,0,0,0,1899784884,159862,1899944746,156.91,215.56,239.42
63,3,0,31,87,81845,83905,85125,12154,17042,31718,591,591,591,0.00,0.18,0.56,0.00,0.08,0.24,0.00,0.09,0.25,0.00,0.00,0.00,0.00,0.01,0.04,0.00,0.00,0.00,0.00,0.05,0.19,293516,426284,631603,306619,638108,901382,0,0,0,0,0,0,1977191445,189167,1977380612,143.56,222.06,244.42
64,0,0,3,15,65563,65563,65563,31717,31717,31717,591,591,591,0.00,0.02,0.08,0.00,0.02,0.07,0.00,0.00,0.00,0.00,0.00,0.00,0.00,0.00,0.00,0.00,0.00,0.00,0.00,0.02,0.05,311863,369020,579223,330236,1363346,3375462,0,0,0,0,0,0,0,109100,0,141.62,179.10,248.31
64,1,0,1,4,65564,65564,65564,31715,31715,31715,591,591,591,0.00,0.02,0.08,0.00,0.01,0.07,0.00,0.00,0.00,0.00,0.00,0.00,0.00,0.00,0.00,0.00,0.00,0.00,0.00,0.01,0.05,419347,470695,560935,432452,1420412,3011749,0,0,0,0,0,0,0,116204,0,148.02,162.31,206.84
64,2,0,4,14,65561,65561,65561,31719,31719,31719,591,591,591,0.00,0.02,0.06,0.00,0.02,0.05,0.00,0.00,0.00,0.00,0.00,0.00,0.00,0.00,0.00,0.00,0.00,0.00,0.00,0.01,0.05,18345,307166,518936,314519,1412594,4560036,0,0,0,0,0,0,1899975393,104943,1900080336,135.29,169.54,242.65
64,3,0,2,9,65561,65561,65561,31718,31718,31718,591,591,591,0.00,0.03,0.08,0.00,0.02,0.06,0.00,0.00,0.00,0.00,0.00,0.00,0.00,0.00,0.00,0.00,0.00,0.00,0.00,0.01,0.07,154632,359580,576568,167737,1450832,4578285,0,0,0,0,0,0,1977409685,125542,1977535227,141.17,157.66,202.49
65,0,0,0,0,65563,65563,65563,31717,31717,31717,591,591,591,0.00,0.00,0.00,0.00,0.00,0.00,0.00,0.00,0.00,0.00,0.00,0.00,0.00,0.00,0.00,0.00,0.00,0.00,0.00,0.00,0.00,309271,530475,1286872,322375,544104,1302598,0,0,0,0,0,0,0,108567,0,135.64,136.85,140.78
65,1,0,0,0,65564,65564,65564,31715,31715,31715,591,591,591,0.00,0.00,0.00,0.00,0.00,0.00,0.00,0.00,0.00,0.00,0.00,0.00,0.00,0.00,0.00,0.00,0.00,0.00,0.00,0.00,0.00,427211,515274,822973,437695,528904,838699,0,0,0,0,0,0,0,114429,0,142.96,143.10,143.24
65,2,0,0,0,65561,65561,65561,31719,31719,31719,591,591,591,0.00,0.00,0.00,0.00,0.00,0.00,0.00,0.00,0.00,0.00,0.00,0.00,0.00,0.00,0.00,0.00,0.00,0.00,0.00,0.00,0.00,301398,370069,629018,314494,383348,642997,0,0,0,0,0,0,1900106207,103109,1900209316,128.87,130.15,134.88
65,3,0,0,0,65561,65561,65561,31718,31718,31718,591,591,591,0.00,0.00,0.00,0.00,0.00,0.00,0.00,0.00,0.00,0.00,0.00,0.00,0.00,0.00,0.00,0.00,0.00,0.00,0.00,0.00,0.00,309266,726000,1389098,322370,739629,1402203,0,0,0,0,0,0,1977561793,106887,1977668680,133.60,134.70,138.81
66,0,0,0,0,65563,65563,65563,31717,31717,31717,591,591,591,0.00,0.00,0.00,0.00,0.00,0.00,0.00,0.00,0.00,0.00,0.00,0.00,0.00,0.00,0.00,0.00,0.00,0.00,0.00,0.00,0.00,216081,342000,537295,224793,355798,555642,0,0,0,0,0,0,0,81184,0,135.32,135.41,135.47
66,1,0,0,0,65564,65564,65564,31715,31715,31715,591,591,591,0.00,0.00,0.00,0.00,0.00,0.00,0.00,0.00,0.00,0.00,0.00,0.00,0.00,0.00,0.00,0.00,0.00,0.00,0.00,0.00,0.00,406163,438775,545156,419265,453945,563502,0,0,0,0,0,0,0,114770,0,143.15,143.27,143.33
66,2,0,0,0,65561,65561,65561,31719,31719,31719,591,591,591,0.00,0.00,0.00,0.00,0.00,0.00,0.00,0.00,0.00,0.00,0.00,0.00,0.00,0.00,0.00,0.00,0.00,0.00,0.00,0.00,0.00,290922,307098,343343,311885,322273,356448,0,0,0,0,0,0,1900235063,103190,1900338253,128.78,128.81,128.84
66,3,0,0,0,65561,65561,65561,31718,31718,31718,591,591,591,0.00,0.00,0.00,0.00,0.00,0.00,0.00,0.00,0.00,0.00,0.00,0.00,0.00,0.00,0.00,0.00,0.00,0.00,0.00,0.00,0.00,304012,310315,314520,317116,324992,332857,0,0,0,0,0,0,1977695451,106784,1977802235,133.48,133.53,133.58
67,0,0,0,0,65563,65563,65563,31717,31717,31717,591,591,591,0.00,0.00,0.00,0.00,0.00,0.00,0.00,0.00,0.00,0.00,0.00,0.00,0.00,0.00,0.00,0.00,0.00,0.00,0.00,0.00,0.00,304111,391567,602818,317220,405196,613302,0,0,0,0,0,0,0,108881,0,135.17,135.34,135.66
67,1,0,0,0,65564,65564,65564,31715,31715,31715,591,591,591,0.00,0.00,0.00,0.00,0.00,0.00,0.00,0.00,0.00,0.00,0.00,0.00,0.00,0.00,0.00,0.00,0.00,0.00,0.00,0.00,0.00,217537,443987,600196,230641,457091,613301,0,0,0,0,0,0,0,129036,0,143.18,143.22,143.25
67,2,0,0,0,65561,65561,65561,31719,31719,31719,591,591,591,0.00,0.00,0.00,0.00,0.00,0.00,0.00,0.00,0.00,0.00,0.00,0.00,0.00,0.00,0.00,0.00,0.00,0.00,0.00,0.00,0.00,0,250557,351207,13104,264185,364312,0,0,0,0,0,0,1900363997,116172,1900480169,128.83,128.89,128.92
67,3,0,0,0,65561,65561,65561,31718,31718,31718,591,591,591,0.00,0.00,0.00,0.00,0.00,0.00,0.00,0.00,0.00,0.00,0.00,0.00,0.00,0.00,0.00,0.00,0.00,0.00,0.00,0.00,0.00,295289,334431,407118,308240,347505,417602,0,0,0,0,0,0,1977828910,106752,1977935662,133.37,133.41,133.47
68,0,0,0,0,65563,65563,65563,31717,31717,31717,591,591,591,0.00,0.00,0.00,0.00,0.00,0.00,0.00,0.00,0.00,0.00,0.00,0.00,0.00,0.00,0.00,0.00,0.00,0.00,0.00,0.00,0.00,298785,312935,338082,314510,327088,351186,0,0,0,0,0,0,0,109169,0,135.85,136.06,136.15
68,1,0,0,0,65564,65564,65564,31715,31715,31715,591,591,591,0.00,0.00,0.00,0.00,0.00,0.00,0.00,0.00,0.00,0.00,0.00,0.00,0.00,0.00,0.00,0.00,0.00,0.00,0.00,0.00,0.00,424591,741191,1617119,440316,755344,1630223,0,0,0,0,0,0,0,114661,0,142.84,142.97,143.19
68,2,0,0,0,65561,65561,65561,31719,31719,31719,591,591,591,0.00,0.00,0.00,0.00,0.00,0.00,0.00,0.00,0.00,0.00,0.00,0.00,0.00,0.00,0.00,0.00,0.00,0.00,0.00,0.00,0.00,306654,472815,872772,319758,486444,883255,0,0,0,0,0,0,1900505951,103142,1900609093,128.80,128.86,128.93
68,3,0,0,0,65561,65561,65561,31718,31718,31718,591,591,591,0.00,0.00,0.00,0.00,0.00,0.00,0.00,0.00,0.00,0.00,0.00,0.00,0.00,0.00,0.00,0.00,0.00,0.00,0.00,0.00,0.00,152015,478045,1158394,165120,491674,1171498,0,0,0,0,0,0,1977975695,106858,1978082553,133.38,133.41,133.47
69,0,0,34,100,65563,65563,65563,31717,31717,31717,591,591,591,0.00,0.21,0.95,0.00,0.01,0.04,0.00,0.01,0.03,0.00,0.00,0.00,0.00,0.00,0.01,0.00,0.00,0.00,0.00,0.01,0.02,0,1638630,4369116,0,1699230,4441192,0,0,0,0,0,0,0,248027,0,135.82,168.37,241.31
69,1,0,25,100,65564,65564,65564,31715,31715,31715,591,591,591,0.00,0.18,0.71,0.00,0.06,0.22,0.00,0.05,0.19,0.00,0.00,0.00,0.00,0.02,0.08,0.00,0.00,0.00,0.00,0.03,0.12,419352,1989333,4878085,429835,2080556,4992740,0,0,0,0,0,0,0,198799,0,142.99,165.59,228.53
69,2,0,18,72,65561,65561,65561,31719,31719,31719,591,591,591,0.00,0.19,0.75,0.00,0.06,0.23,0.00,0.05,0.20,0.00,0.00,0.00,0.00,0.02,0.09,0.00,0.00,0.00,0.00,0.03,0.12,301405,1716556,4410618,314510,1807947,4546894,0,0,0,0,0,0,1900634874,189174,1900824048,128.77,151.76,214.59
69,3,0,25,100,65561,65561,65561,31718,31718,31718,591,591,591,0.00,0.22,0.87,0.00,0.07,0.27,0.00,0.06,0.23,0.00,0.00,0.00,0.00,0.03,0.10,0.00,0.00,0.00,0.00,0.04,0.14,529425,1693731,4231505,542529,1784136,4401814,0,0,0,0,0,0,1978109256,201730,1978310986,133.42,165.16,236.57
70,0,7,80,99,65561,65561,65561,31719,31719,31719,591,591,591,0.53,0.87,0.98,0.18,0.27,0.31,0.14,0.32,0.42,0.00,0.00,0.00,0.06,0.13,0.18,0.00,0.00,0.00,0.07,0.10,0.17,320600,698970,1433485,368690,762798,1554034,0,0,0,0,0,0,0,410993,0,278.83,404.57,482.71
70,1,74,94,100,65562,65562,65562,31717,31717,31717,591,591,591,0.46,0.85,0.98,0.14,0.27,0.31,0.20,0.34,0.43,0.00,0.00,0.00,0.09,0.14,0.18,0.00,0.00,0.00,0.04,0.09,0.16,159857,886294,1871080,207029,932417,1913009,0,0,0,0,0,0,0,469470,0,279.60,403.33,490.40
70,2,20,83,100,65559,65559,65559,31721,31721,31721,591,591,591,0.51,0.86,0.98,0.14,0.27,0.31,0.22,0.34,0.42,0.00,0.00,0.00,0.09,0.14,0.17,0.00,0.00,0.00,0.04,0.09,0.15,0,460151,930306,47172,506272,972235,0,0,0,0,0,0,1900887060,465207,1901352267,263.31,390.28,478.35
70,3,42,87,99,65559,65559,65559,31720,31720,31720,591,591,591,0.67,0.87,0.98,0.21,0.27,0.31,0.20,0.35,0.43,0.00,0.00,0.00,0.08,0.15,0.18,0.00,0.00,0.00,0.07,0.09,0.14,324963,450301,707549,372135,497780,754718,0,0,0,0,0,0,1978382280,476195,1978858475,279.55,413.42,495.59
71,0,5,36,99,41679,56499,65561,31719,40780,55601,591,591,591,0.02,0.22,0.55,0.01,0.14,0.31,0.01,0.16,0.41,0.00,0.00,0.00,0.00,0.05,0.17,0.00,0.00,0.00,0.01,0.07,0.10,311864,566602,1514799,374752,1446643,3100360,0,0,0,0,0,0,0,149304,0,260.29,383.23,511.44
71,1,0,27,99,41680,56832,65562,31717,40342,55599,591,591,591,0.11,0.35,0.98,0.06,0.13,0.28,0.04,0.14,0.43,0.00,0.00,0.00,0.00,0.05,0.18,0.00,0.00,0.00,0.05,0.07,0.08,432395,715115,1184590,474324,1910684,3731982,0,0,0,0,0,0,0,176492,0,255.62,376.67,500.99
71,2,4,43,100,41677,56189,65559,31721,41090,55603,591,591,591,0.02,0.35,0.98,0.01,0.12,0.28,0.01,0.15,0.43,0.00,0.00,0.00,0.00,0.05,0.18,0.00,0.00,0.00,0.01,0.07,0.11,317116,435563,817650,356428,1429334,3181538,0,0,0,0,0,0,1901412297,170517,1901582814,277.04,392.02,498.43
71,3,1,35,99,42717,57093,65559,31720,40141,54562,591,591,591,0.14,0.32,0.98,0.06,0.12,0.31,0.05,0.13,0.41,0.00,0.00,0.00,0.00,0.04,0.17,0.00,0.00,0.00,0.03,0.07,0.10,10483,448068,1244497,34070,1536120,3249304,0,0,0,0,0,0,1978906632,176797,1979083429,264.42,387.05,518.23
72,0,2,62,100,31243,31458,32319,64961,65821,66037,591,591,591,0.10,0.59,0.92,0.07,0.17,0.39,0.01,0.17,0.37,0.00,0.00,0.00,0.00,0.03,0.07,0.00,0.00,0.00,0.05,0.11,0.27,398355,931037,1700619,751469,2171272,3647938,0,0,0,0,0,0,0,312525,0,209.38,276.79,374.55
72,1,23,56,99,31244,31459,32320,64959,65819,66035,591,591,591,0.13,0.52,0.95,0.09,0.18,0.27,0.02,0.21,0.41,0.00,0.00,0.00,0.00,0.04,0.11,0.00,0.00,0.00,0.07,0.12,0.21,442818,596098,1092847,482752,1490715,2963825,0,152289271,761446357,0,152289795,761446357,0,343919,0,219.40,288.26,381.84
72,2,11,49,100,31241,31456,32317,64963,65823,66039,591,591,591,0.15,0.45,0.93,0.09,0.18,0.38,0.04,0.17,0.38,0.00,0.00,0.00,0.00,0.03,0.08,0.00,0.00,0.00,0.07,0.11,0.26,306623,507226,773233,514544,1631731,2840853,0,150280222,751398492,0,150278664,751393320,1901626138,336613,1901962751,214.10,260.82,344.25
72,3,18,62,100,30561,31236,32577,64702,66042,66718,591,591,591,0.14,0.48,0.95,0.08,0.18,0.32,0.04,0.19,0.40,0.00,0.00,0.00,0.00,0.04,0.09,0.00,0.00,0.00,0.07,0.11,0.20,319727,529367,843907,592282,1567156,2924722,0,152318283,761591416,0,152319855,761599278,1979126330,256330,1979382660,210.00,276.74,371.53
73,0,99,99,100,31143,31223,31243,66037,66057,66137,591,591,591,0.81,0.83,0.89,0.17,0.22,0.25,0.33,0.36,0.41,0.00,0.00,0.00,0.08,0.09,0.11,0.00,0.00,0.00,0.05,0.09,0.11,244581,515917,935556,286510,556798,985347,640675071,715601419,870271507,640682933,715600546,870264519,0,446417,0,413.13,475.06,494.83
73,1,99,99,100,31144,31224,31244,66035,66055,66135,591,591,591,0.80,0.85,0.90,0.19,0.22,0.24,0.33,0.35,0.40,0.00,0.00,0.00,0.08,0.09,0.11,0.00,0.00,0.00,0.06,0.09,0.11,193934,976973,2390051,241108,1036724,2528947,640626033,650318802,664806201,640623413,650319851,664811443,0,338978,0,428.75,475.75,492.24
73,2,100,100,100,30461,31085,31241,66039,66195,66819,591,591,591,0.80,0.87,0.92,0.16,0.20,0.24,0.32,0.37,0.42,0.00,0.00,0.00,0.07,0.09,0.11,0.00,0.00,0.00,0.04,0.08,0.11,351100,516104,887635,366040,552661,940174,0,529259180,1305477188,0,529260868,1305477188,1902060137,332189,1902392326,398.49,460.93,485.71
73,3,100,100,100,30481,30545,30561,66718,66734,66798,591,591,591,0.81,0.86,0.93,0.17,0.22,0.25,0.33,0.37,0.42,0.00,0.00,0.00,0.07,0.09,0.11,0.00,0.00,0.00,0.05,0.09,0.11,335354,464658,691885,387753,507596,731196,0,649800939,1305118427,0,649799366,1305128907,1979484190,444310,1979928500,423.87,477.21,496.76
74,0,100,100,100,31143,31143,31143,66137,66137,66137,591,591,591,0.80,0.88,0.98,0.17,0.21,0.24,0.33,0.38,0.44,0.00,0.00,0.00,0.07,0.10,0.12,0.00,0.00,0.00,0.04,0.08,0.11,317101,577605,1344427,364280,633164,1394220,0,522195919,1305496285,0,522197491,1305501526,0,393451,0,489.88,492.69,495.93
74,1,100,100,100,31144,31144,31144,66135,66135,66135,591,591,591,0.80,0.86,0.90,0.19,0.21,0.25,0.32,0.36,0.39,0.00,0.00,0.00,0.08,0.09,0.11,0.00,0.00,0.00,0.06,0.08,0.11,448133,936086,2198650,497925,974871,2232718,640678628,655143800,664801872,640681249,655142752,664799252,0,388995,0,485.21,492.15,496.21
74,2,99,99,100,30461,30461,30461,66819,66819,66819,591,591,591,0.80,0.85,0.90,0.19,0.22,0.25,0.33,0.36,0.40,0.00,0.00,0.00,0.08,0.09,0.11,0.00,0.00,0.00,0.06,0.09,0.11,319724,473643,896272,374758,532695,948686,640688218,696257888,870321838,640690428,696257713,870323585,1902493110,387601,1902880711,479.61,484.73,489.46
74,3,99,99,100,30481,30481,30481,66798,66798,66798,591,591,591,0.80,0.86,0.90,0.18,0.21,0.25,0.33,0.37,0.40,0.00,0.00,0.00,0.08,0.09,0.11,0.00,0.00,0.00,0.05,0.08,0.11,324971,622611,1483271,364329,675546,1533063,0,522194727,1305454752,0,522209535,1305452131,1980022308,396491,1980418799,487.26,490.80,496.79
75,0,100,100,100,31143,31143,31143,66137,66137,66137,591,591,591,0.81,0.84,0.92,0.17,0.22,0.25,0.33,0.36,0.42,0.00,0.00,0.00,0.07,0.09,0.11,0.00,0.00,0.00,0.05,0.09,0.11,330210,441241,715433,364279,491547,786190,0,782997779,1305491409,0,782996209,1305494029,0,393342,0,488.80,490.85,494.14
75,1,100,100,100,30464,30736,31144,66135,66543,66815,591,591,591,0.80,0.86,0.90,0.16,0.22,0.25,0.32,0.36,0.41,0.00,0.00,0.00,0.07,0.09,0.10,0.00,0.00,0.00,0.05,0.08,0.11,437828,642311,1133127,452840,696743,1185382,0,661064466,1370049653,105769452,658965014,1253780364,0,393561,0,484.15,488.15,491.89
75,2,99,99,100,30461,30461,30461,66819,66819,66819,591,591,591,0.80,0.86,0.90,0.19,0.21,0.25,0.32,0.37,0.40,0.00,0.00,0.00,0.08,0.09,0.11,0.00,0.00,0.00,0.06,0.08,0.11,308430,439067,617298,331183,487177,655370,633037613,648899192,664833175,633040203,648900216,664827933,1902980790,386431,1903367221,482.04,487.45,494.18
75,3,99,99,100,30481,30481,30481,66798,66798,66798,591,591,591,0.80,0.85,0.89,0.19,0.22,0.25,0.32,0.36,0.40,0.00,0.00,0.00,0.08,0.09,0.10,0.00,0.00,0.00,0.06,0.08,0.11,324947,641186,814988,387840,688532,854296,0,696259624,1305491618,0,696259450,1305486376,1980518259,401134,1980919393,488.93,491.35,495.21
76,0,0,34,99,30463,30735,31143,66137,66545,66817,591,591,591,0.00,0.35,0.81,0.00,0.09,0.22,0.00,0.14,0.34,0.00,0.00,0.00,0.00,0.03,0.09,0.00,0.00,0.00,0.00,0.04,0.09,338103,502070,801627,445553,549765,861880,0,286123650,766081869,0,286125746,766081869,0,172026,0,238.68,367.76,492.52
76,1,0,44,100,30364,30404,30464,66815,66875,66915,591,591,591,0.00,0.32,0.80,0.00,0.09,0.24,0.00,0.12,0.33,0.00,0.00,0.00,0.00,0.03,0.09,0.00,0.00,0.00,0.00,0.04,0.11,419316,665173,1507044,440311,709202,1533254,0,286171796,766071433,0,286171796,766076675,0,197812,0,256.24,383.29,490.52
76,2,0,35,100,30361,30401,30461,66819,66879,66919,591,591,591,0.00,0.31,0.80,0.00,0.09,0.24,0.00,0.12,0.33,0.00,0.00,0.00,0.00,0.03,0.09,0.00,0.00,0.00,0.00,0.04,0.11,301409,851246,1685244,327618,894227,1698348,0,286173067,664798219,0,286169025,664787736,1903512534,137007,1903649541,245.60,370.13,481.05
76,3,0,38,100,30461,30469,30481,66798,66810,66818,591,591,591,0.00,0.28,0.81,0.00,0.08,0.25,0.00,0.11,0.33,0.00,0.00,0.00,0.00,0.03,0.09,0.00,0.00,0.00,0.00,0.04,0.11,372167,711213,1187514,385272,753322,1203243,0,286133443,765907520,0,286133967,765904899,1981014191,180108,1981194299,231.69,374.25,498.84
77,0,0,0,0,30463,30463,30463,66817,66817,66817,591,591,591,0.00,0.00,0.00,0.00,0.00,0.00,0.00,0.00,0.00,0.00,0.00,0.00,0.00,0.00,0.00,0.00,0.00,0.00,0.00,0.00,0.00,306647,537989,1119128,322372,554937,1126991,0,0,0,0,0,0,0,110638,0,138.00,146.99,168.56
77,1,0,0,0,30364,30364,30364,66915,66915,66915,591,591,591,0.00,0.00,0.00,0.00,0.00,0.00,0.00,0.00,0.00,0.00,0.00,0.00,0.00,0.00,0.00,0.00,0.00,0.00,0.00,0.00,0.00,284809,602634,1022146,293545,619583,1056217,0,0,0,0,0,0,0,116634,0,145.56,157.19,188.92
77,2,0,0,0,30361,30361,30361,66919,66919,66919,591,591,591,0.00,0.00,0.00,0.00,0.00,0.00,0.00,0.00,0.00,0.00,0.00,0.00,0.00,0.00,0.00,0.00,0.00,0.00,0.00,0.00,0.00,306648,367624,500595,322373,384922,537288,0,0,0,0,0,0,1903675586,103903,1903779489,129.78,142.62,175.65
77,3,0,0,0,30461,30461,30461,66818,66818,66818,591,591,591,0.00,0.00,0.00,0.00,0.00,0.00,0.00,0.00,0.00,0.00,0.00,0.00,0.00,0.00,0.00,0.00,0.00,0.00,0.00,0.00,0.00,306653,362735,573989,319758,380558,610682,0,0,0,0,0,0,1981221051,106981,1981328032,133.62,142.41,158.03
78,0,0,0,0,30463,30463,30463,66817,66817,66817,591,591,591,0.00,0.00,0.00,0.00,0.00,0.00,0.00,0.00,0.00,0.00,0.00,0.00,0.00,0.00,0.00,0.00,0.00,0.00,0.00,0.00,0.00,309273,370075,589719,322378,383704,600203,0,0,0,0,0,0,0,82112,0,136.80,137.35,137.89
78,1,0,0,0,30364,30364,30364,66915,66915,66915,591,591,591,0.00,0.00,0.00,0.00,0.00,0.00,0.00,0.00,0.00,0.00,0.00,0.00,0.00,0.00,0.00,0.00,0.00,0.00,0.00,0.00,0.00,419353,454990,558262,432458,469143,573988,0,0,0,0,0,0,0,115937,0,144.74,144.93,145.28
78,2,0,0,0,30361,30361,30361,66919,66919,66919,591,591,591,0.00,0.00,0.00,0.00,0.00,0.00,0.00,0.00,0.00,0.00,0.00,0.00,0.00,0.00,0.00,0.00,0.00,0.00,0.00,0.00,0.00,296167,311688,327615,309272,325212,340720,0,0,0,0,0,0,1903805414,103512,1903908926,129.31,129.46,129.63
78,3,0,0,0,30461,30461,30461,66818,66818,66818,591,591,591,0.00,0.00,0.00,0.00,0.00,0.00,0.00,0.00,0.00,0.00,0.00,0.00,0.00,0.00,0.00,0.00,0.00,0.00,0.00,0.00,0.00,293543,323419,393141,309269,337571,406245,0,0,0,0,0,0,1981354803,106879,1981461682,133.60,133.70,133.78
79,0,0,49,100,30363,30438,30463,66817,66842,66917,591,591,591,0.00,0.61,0.93,0.00,0.18,0.32,0.00,0.13,0.27,0.00,0.00,0.00,0.00,0.04,0.08,0.00,0.00,0.00,0.00,0.12,0.21,317393,401670,521420,330401,537916,702358,0,177179737,708718951,0,177177117,708708469,0,330282,0,136.55,217.48,331.24
79,1,0,69,100,30284,30344,30364,66915,66935,66995,591,591,591,0.00,0.54,0.93,0.00,0.18,0.32,0.00,0.13,0.27,0.00,0.00,0.00,0.00,0.04,0.08,0.00,0.00,0.00,0.00,0.12,0.22,427210,635278,953655,440314,775254,1051335,0,173362765,579283032,0,173081764,502093448,0,327250,0,144.73,225.58,318.81
79,2,0,51,100,30261,30336,30361,66919,66944,67019,591,591,591,0.00,0.56,0.92,0.00,0.19,0.34,0.00,0.14,0.27,0.00,0.00,0.00,0.00,0.04,0.08,0.00,0.00,0.00,0.00,0.13,0.24,304414,845846,1944264,317766,995279,2054317,0,187695756,708687864,0,219235028,708700967,1903934777,280284,1904215061,129.26,217.88,314.24
79,3,0,49,100,30381,30441,30461,66818,66838,66898,591,591,591,0.00,0.46,0.92,0.00,0.16,0.35,0.00,0.11,0.27,0.00,0.00,0.00,0.00,0.03,0.08,0.00,0.00,0.00,0.00,0.11,0.26,330239,558849,1040540,340722,693164,1420587,0,177177722,708710889,0,177177067,708708269,1981488389,292036,1981780425,133.55,203.80,293.17
80,0,42,88,100,30363,30363,30363,66917,66917,66917,591,591,591,0.56,0.83,0.93,0.23,0.26,0.27,0.23,0.26,0.28,0.00,0.00,0.00,0.04,0.07,0.08,0.00,0.00,0.00,0.14,0.16,0.18,57658,478505,1213329,128421,545069,1260500,279861934,635810016,757039231,279864555,635812112,757047093,0,367825,0,396.78,453.39,474.56
80,1,0,77,100,30284,30284,30284,66995,66995,66995,591,591,591,0.01,0.74,0.93,0.00,0.21,0.27,0.00,0.22,0.27,0.00,0.00,0.00,0.00,0.06,0.08,0.00,0.00,0.00,0.00,0.13,0.16,443715,890130,2107063,503232,941266,2122788,279906928,638801369,772153822,279914791,638802439,772159168,0,188015,0,384.59,429.96,477.83
80,2,4,80,100,30261,30261,30261,67019,67019,67019,591,591,591,0.01,0.73,0.94,0.00,0.21,0.27,0.00,0.21,0.28,0.00,0.00,0.00,0.00,0.06,0.08,0.00,0.00,0.00,0.00,0.12,0.15,317134,518898,867460,340705,563973,896288,279904376,627428192,724853943,279901755,602194187,724848702,1904309697,270886,1904580583,374.37,421.91,466.55
80,3,0,80,100,30381,30381,30381,66898,66898,66898,591,591,591,0.00,0.70,0.92,0.00,0.20,0.27,0.00,0.21,0.27,0.00,0.00,0.00,0.00,0.06,0.08,0.00,0.00,0.00,0.00,0.13,0.22,327603,680446,1929435,348551,734151,2053839,176200581,602401427,724685266,186600370,601361136,724703606,1981876306,271226,1982147532,362.29,424.00,478.13
81,0,99,99,100,30363,30363,30363,66917,66917,66917,591,591,591,0.85,0.94,0.98,0.28,0.30,0.32,0.25,0.36,0.43,0.00,0.00,0.00,0.08,0.14,0.18,0.00,0.00,0.00,0.08,0.13,0.20,332832,464030,859574,351169,528498,904126,0,0,0,0,0,0,0,413124,0,466.20,487.59,508.88
81,1,0,20,100,30284,30284,30284,66995,66995,66995,591,591,591,0.00,0.18,0.88,0.00,0.08,0.37,0.00,0.08,0.41,0.00,0.00,0.00,0.00,0.01,0.07,0.00,0.00,0.00,0.00,0.05,0.26,295288,777640,1352352,305772,805943,1365456,0,0,0,0,0,0,0,193613,0,161.56,235.07,322.12
81,2,0,8,42,30261,30261,30261,67019,67019,67019,591,591,591,0.00,0.10,0.51,0.00,0.04,0.22,0.00,0.04,0.22,0.00,0.00,0.00,0.00,0.01,0.04,0.00,0.00,0.00,0.00,0.03,0.17,298775,413561,602814,311894,435575,615919,0,0,0,0,0,0,1904607128,192482,1904799610,133.59,213.01,303.27
81,3,0,35,99,30381,30381,30381,66898,66898,66898,591,591,591,0.00,0.22,0.89,0.00,0.09,0.37,0.00,0.10,0.41,0.00,0.00,0.00,0.00,0.02,0.07,0.00,0.00,0.00,0.00,0.07,0.26,309235,468601,610687,330227,497429,623792,0,0,0,0,0,0,1982174479,205360,1982379839,153.52,214.04,293.26
82,0,99,99,100,30363,30363,30363,66917,66917,66917,591,591,591,0.01,0.62,0.98,0.00,0.23,0.45,0.00,0.25,0.41,0.00,0.00,0.00,0.00,0.08,0.17,0.00,0.00,0.00,0.00,0.11,0.27,306648,471722,812416,359067,536895,860503,0,0,0,0,0,0,0,241970,0,357.60,465.84,515.13
82,1,84,96,100,30284,30284,30284,66995,66995,66995,591,591,591,0.88,0.95,0.98,0.29,0.30,0.32,0.25,0.35,0.43,0.00,0.00,0.00,0.09,0.14,0.18,0.00,0.00,0.00,0.08,0.12,0.19,438552,587301,820780,463860,662557,998443,0,0,0,0,0,0,0,410534,0,320.10,442.33,512.11
82,2,99,99,100,30261,30261,30261,67019,67019,67019,591,591,591,0.79,0.93,0.98,0.29,0.31,0.32,0.25,0.36,0.41,0.00,0.00,0.00,0.06,0.14,0.17,0.00,0.00,0.00,0.09,0.13,0.21,242118,576025,1373118,264129,657073,1420286,0,0,0,0,0,0,1904894108,463909,1905358017,280.00,424.94,512.43
82,3,98,99,100,30381,30381,30381,66898,66898,66898,591,591,591,0.87,0.95,0.98,0.28,0.30,0.32,0.23,0.35,0.43,0.00,0.00,0.00,0.10,0.15,0.18,0.00,0.00,0.00,0.08,0.11,0.17,319716,417672,589349,366894,494192,655154,0,0,0,0,0,0,1982475493,476512,1982952005,309.67,439.66,520.04
83,0,100,100,100,29843,30051,30363,66917,67229,67437,591,591,591,0.01,0.34,0.97,0.00,0.11,0.37,0.00,0.14,0.43,0.00,0.00,0.00,0.00,0.03,0.12,0.00,0.00,0.00,0.00,0.07,0.29,57660,569738,1142591,70765,621629,1158315,0,0,0,0,0,0,0,313916,0,175.49,247.58,330.70
83,1,97,99,100,30064,30152,30284,66995,67127,67215,591,591,591,0.89,0.94,0.98,0.19,0.34,0.51,0.33,0.38,0.43,0.00,0.00,0.00,0.03,0.10,0.18,0.00,0.00,0.00,0.06,0.17,0.33,455930,957120,1892150,542375,1061078,2107048,0,524,2620,0,0,0,0,460789,0,514.13,518.45,520.53
83,2,95,98,100,30241,30249,30261,67019,67031,67039,591,591,591,0.87,0.93,0.98,0.21,0.34,0.47,0.32,0.38,0.42,0.00,0.00,0.00,0.03,0.10,0.18,0.00,0.00,0.00,0.08,0.18,0.32,345904,556097,932979,474355,657778,1113809,0,0,0,0,524,2620,1905462142,405747,1905867889,510.07,515.91,520.15
83,3,94,98,100,29861,30269,30381,66898,67010,67418,591,591,591,0.81,0.93,0.98,0.20,0.35,0.49,0.33,0.38,0.41,0.00,0.00,0.00,0.03,0.10,0.17,0.00,0.00,0.00,0.08,0.18,0.32,361560,698957,1381084,490048,810731,1428256,0,50768464,253842322,0,0,0,1983057741,405208,1983462949,512.94,526.65,533.66
84,0,100,100,100,29843,29843,29843,67437,67437,67437,591,591,591,0.81,0.85,0.90,0.19,0.22,0.24,0.32,0.35,0.39,0.00,0.00,0.00,0.07,0.09,0.10,0.00,0.00,0.00,0.06,0.09,0.11,330208,448656,754732,369519,495304,796662,0,587475261,870293903,0,587474388,870292156,0,296028,0,401.12,472.56,498.43
84,1,100,100,100,30064,30064,30064,67215,67215,67215,591,591,591,0.81,0.85,0.90,0.21,0.22,0.25,0.32,0.36,0.40,0.00,0.00,0.00,0.07,0.09,0.10,0.00,0.00,0.00,0.08,0.09,0.11,455999,545103,757383,513658,590528,788832,640696943,715617792,870330453,640694220,715616569,870332200,0,393533,0,489.80,499.24,509.18
84,2,100,100,100,29741,30141,30241,67039,67139,67539,591,591,591,0.81,0.87,0.90,0.19,0.21,0.25,0.32,0.37,0.40,0.00,0.00,0.00,0.08,0.09,0.11,0.00,0.00,0.00,0.06,0.08,0.11,322342,430321,833398,353790,474873,883192,640686739,674515267,761587642,640684118,674515267,761587642,1905961336,391064,1906352400,486.72,495.42,503.92
84,3,100,100,100,29781,29845,29861,67418,67434,67498,591,591,591,0.80,0.86,0.90,0.19,0.22,0.25,0.33,0.36,0.39,0.00,0.00,0.00,0.07,0.09,0.10,0.00,0.00,0.00,0.06,0.09,0.11,324955,501250,927739,356420,553314,982774,640678512,675316528,765588683,640675891,709162937,934820729,1983558167,297969,1983856136,485.85,493.27,502.97
85,0,100,100,100,29843,29843,29843,67437,67437,67437,591,591,591,0.81,0.86,0.92,0.16,0.21,0.25,0.32,0.37,0.42,0.00,0.00,0.00,0.07,0.09,0.11,0.00,0.00,0.00,0.04,0.08,0.11,338064,478017,618486,351167,524974,694487,0,647086317,1282853976,0,647085651,1282856552,0,440733,0,485.31,492.46,495.00
85,1,100,100,100,30064,30064,30064,67215,67215,67215,591,591,591,0.81,0.86,0.92,0.17,0.21,0.25,0.32,0.36,0.42,0.00,0.00,0.00,0.08,0.09,0.11,0.00,0.00,0.00,0.05,0.08,0.11,453379,702337,1252725,503172,752129,1302519,0,501453796,1305523129,0,528145216,1305528371,0,392728,0,486.06,489.59,493.20
85,2,100,100,100,29741,29741,29741,67539,67539,67539,591,591,591,0.81,0.84,0.87,0.21,0.23,0.25,0.33,0.34,0.36,0.00,0.00,0.00,0.07,0.09,0.12,0.00,0.00,0.00,0.06,0.09,0.13,381068,871636,1437964,452838,923114,1475055,417765197,747237639,1206743487,417768614,747238103,1206736220,1906454441,341195,1906795636,479.30,486.45,490.01
85,3,100,100,100,29781,29781,29781,67498,67498,67498,591,591,591,0.80,0.85,0.90,0.17,0.22,0.24,0.32,0.36,0.40,0.00,0.00,0.00,0.07,0.09,0.10,0.00,0.00,0.00,0.05,0.09,0.11,340692,797334,1323412,353796,835334,1373204,640689023,652738855,664796669,640681161,652738855,664804531,1983947127,447732,1984394859,482.92,487.18,492.50
86,0,99,99,100,29843,29843,29843,67437,67437,67437,591,591,591,0.81,0.86,0.97,0.18,0.22,0.25,0.33,0.36,0.44,0.00,0.00,0.00,0.06,0.09,0.12,0.00,0.00,0.00,0.04,0.09,0.11,0,560175,1422711,49809,608390,1454152,110609901,650328039,1305905609,184564684,650324818,1305908230,0,388658,0,489.86,490.96,492.29
86,1,100,100,100,29564,29864,30064,67215,67415,67715,591,591,591,0.80,0.86,0.90,0.19,0.21,0.25,0.32,0.36,0.39,0.00,0.00,0.00,0.08,0.09,0.11,0.00,0.00,0.00,0.06,0.08,0.11,450596,1067424,2206542,496420,1117137,2253713,0,637645966,1268160533,0,616667356,1268147804,0,293523,0,489.07,493.11,496.08
86,2,100,100,100,29741,29741,29741,67539,67539,67539,591,591,591,0.81,0.87,0.95,0.17,0.21,0.25,0.32,0.37,0.43,0.00,0.00,0.00,0.08,0.09,0.11,0.00,0.00,0.00,0.05,0.08,0.11,327440,433959,843836,359038,481128,906731,0,522093628,1304902040,0,522092760,1304907279,1906885078,393326,1907278404,481.78,484.34,488.25
86,3,99,99,100,29781,29781,29781,67498,67498,67498,591,591,591,0.80,0.88,0.97,0.16,0.21,0.25,0.33,0.38,0.44,0.00,0.00,0.00,0.07,0.10,0.12,0.00,0.00,0.00,0.04,0.08,0.11,319704,407381,623749,361647,450163,673545,0,519558093,1194585940,0,519559278,1305545286,1984488105,392574,1984880679,485.38,487.76,491.12
87,0,100,100,100,29183,29363,29843,67437,67917,68097,591,591,591,0.81,0.87,0.92,0.21,0.24,0.27,0.27,0.31,0.35,0.00,0.00,0.00,0.07,0.08,0.09,0.00,0.00,0.00,0.08,0.12,0.16,327560,438867,752969,356411,525172,927671,571043934,747471775,929156802,640690853,745006696,953814354,0,380609,0,478.06,483.05,488.75
87,1,100,100,100,29364,29464,29564,67715,67815,67915,591,591,591,0.81,0.87,0.93,0.18,0.23,0.27,0.27,0.32,0.40,0.00,0.00,0.00,0.07,0.08,0.10,0.00,0.00,0.00,0.06,0.11,0.16,326709,560129,1053522,419306,653089,1129522,0,742318941,1301973095,0,742317196,1301967868,0,381466,0,483.52,488.88,493.17
87,2,100,100,100,29561,29645,29741,67539,67635,67719,591,591,591,0.81,0.87,0.92,0.19,0.24,0.27,0.27,0.31,0.37,0.00,0.00,0.00,0.07,0.08,0.09,0.00,0.00,0.00,0.07,0.12,0.16,314455,426112,807169,390449,516785,959168,0,688975397,1305485123,0,688975398,1305485123,1907380800,377519,1907758319,481.56,488.19,492.22
87,3,99,99,100,29681,29761,29781,67498,67518,67598,591,591,591,0.83,0.88,0.92,0.21,0.24,0.26,0.26,0.31,0.37,0.00,0.00,0.00,0.07,0.08,0.09,0.00,0.00,0.00,0.08,0.13,0.15,351173,558732,870062,483955,649233,961785,443200326,796093746,1305500158,443202074,796094095,1305500158,1984979604,387206,1985366810,484.28,487.74,491.61
88,0,91,98,100,29183,29183,29183,68097,68097,68097,591,591,591,0.80,0.89,0.93,0.26,0.27,0.34,0.25,0.29,0.36,0.00,0.00,0.00,0.06,0.08,0.08,0.00,0.00,0.00,0.14,0.17,0.23,361601,404674,487453,408898,471127,558212,0,482536114,988287479,0,482537692,988297959,0,427303,0,474.15,477.49,484.26
88,1,100,100,100,29364,29364,29364,67915,67915,67915,591,591,591,0.75,0.88,0.92,0.23,0.28,0.37,0.21,0.29,0.41,0.00,0.00,0.00,0.06,0.07,0.08,0.00,0.00,0.00,0.13,0.18,0.26,461219,561716,657111,487425,625117,740886,0,484430337,988591492,0,484429813,988596733,0,384521,0,476.03,477.98,482.08
88,2,81,96,100,29561,29561,29561,67719,67719,67719,591,591,591,0.78,0.88,0.92,0.24,0.28,0.32,0.27,0.28,0.33,0.00,0.00,0.00,0.06,0.07,0.08,0.00,0.00,0.00,0.13,0.18,0.23,206076,558357,1338277,257595,656628,1542252,0,563509139,757034465,0,563508998,757029224,1907852612,419852,1908272464,466.33,469.10,473.47
88,3,88,97,100,29681,29681,29681,67598,67598,67598,591,591,591,0.75,0.88,0.92,0.25,0.28,0.37,0.25,0.30,0.42,0.00,0.00,0.00,0.06,0.07,0.08,0.00,0.00,0.00,0.15,0.18,0.25,369354,632594,1333869,382451,692869,1383660,0,484395671,988730529,0,484394098,988720045,1985464609,431304,1985895913,483.66,485.59,488.48
89,0,99,99,100,29183,29183,29183,68097,68097,68097,591,591,591,0.88,0.95,0.98,0.28,0.30,0.32,0.25,0.35,0.43,0.00,0.00,0.00,0.08,0.14,0.18,0.00,0.00,0.00,0.08,0.13,0.20,60275,528850,1195043,285653,603276,1208146,0,0,0,0,0,0,0,306939,0,478.74,495.01,513.73
89,1,83,95,100,29364,29364,29364,67915,67915,67915,591,591,591,0.88,0.95,0.98,0.29,0.31,0.34,0.25,0.35,0.42,0.00,0.00,0.00,0.09,0.14,0.17,0.00,0.00,0.00,0.06,0.12,0.17,440280,920506,2030804,482211,996687,2071075,0,0,0,0,0,0,0,463452,0,482.40,497.36,513.85
89,2,96,98,100,29561,29561,29561,67719,67719,67719,591,591,591,0.94,0.96,0.98,0.28,0.30,0.31,0.25,0.36,0.43,0.00,0.00,0.00,0.11,0.15,0.18,0.00,0.00,0.00,0.08,0.11,0.17,322347,495490,902476,364278,542292,966148,0,0,0,0,0,0,1908374776,410783,1908785559,477.60,495.21,515.69
89,3,98,98,100,29681,29681,29681,67598,67598,67598,591,591,591,0.87,0.95,0.98,0.27,0.30,0.32,0.23,0.35,0.43,0.00,0.00,0.00,0.10,0.15,0.18,0.00,0.00,0.00,0.08,0.11,0.16,338876,537363,846429,369529,614821,1074414,0,0,0,0,0,0,1986001652,418606,1986420258,486.75,504.49,524.19
90,0,99,99,100,29063,29111,29183,68097,68169,68217,591,591,591,0.87,0.94,0.98,0.26,0.35,0.48,0.35,0.38,0.43,0.00,0.00,0.00,0.03,0.11,0.18,0.00,0.00,0.00,0.08,0.18,0.33,351167,497400,807175,398339,592267,854348,0,101544243,507718595,0,101543369,507716848,0,417911,0,513.90,517.97,522.68
90,1,97,99,100,29364,29364,29364,67915,67915,67915,591,591,591,0.78,0.92,0.98,0.16,0.33,0.51,0.27,0.38,0.43,0.00,0.00,0.00,0.02,0.10,0.18,0.00,0.00,0.00,0.04,0.17,0.33,461242,658795,1035109,563298,751038,1063935,0,0,0,0,524,2620,0,401096,0,504.06,512.25,517.36
90,2,96,99,100,29461,29501,29561,67719,67779,67819,591,591,591,0.82,0.91,0.98,0.22,0.34,0.43,0.30,0.37,0.41,0.00,0.00,0.00,0.02,0.10,0.17,0.00,0.00,0.00,0.09,0.18,0.29,317101,354313,445524,364273,450752,518903,0,152311095,761555476,0,152311619,761558097,1908887276,401532,1909288808,505.00,509.57,512.82
90,3,93,98,100,29581,29621,29681,67598,67658,67698,591,591,591,0.80,0.92,0.98,0.22,0.34,0.44,0.28,0.37,0.41,0.00,0.00,0.00,0.02,0.10,0.17,0.00,0.00,0.00,0.09,0.18,0.30,239357,383838,613236,274299,479404,704959,0,101543730,507718650,0,101544079,507720397,1986526821,307691,1986834512,511.14,521.42,529.13
91,0,100,100,100,29063,29063,29063,68217,68217,68217,591,591,591,0.81,0.88,0.98,0.16,0.21,0.25,0.33,0.38,0.44,0.00,0.00,0.00,0.07,0.10,0.12,0.00,0.00,0.00,0.04,0.07,0.11,343296,480968,749261,377364,517266,797194,0,516907322,1302975760,0,516907121,1302978376,0,443924,0,484.58,493.94,502.41
91,1,100,100,100,29364,29364,29364,67915,67915,67915,591,591,591,0.81,0.85,0.90,0.19,0.22,0.24,0.32,0.36,0.39,0.00,0.00,0.00,0.08,0.09,0.10,0.00,0.00,0.00,0.06,0.09,0.11,437664,532166,744254,479558,574446,791426,0,587476325,870326167,0,587475801,870320926,0,386444,0,482.61,490.08,501.40
91,2,100,100,100,29461,29461,29461,67819,67819,67819,591,591,591,0.81,0.86,0.90,0.17,0.22,0.25,0.32,0.36,0.41,0.00,0.00,0.00,0.07,0.09,0.11,0.00,0.00,0.00,0.05,0.08,0.11,322342,403059,602763,351169,441320,649935,0,529317790,1305498603,0,550674164,1305493361,1909386864,436222,1909823086,479.36,488.75,495.82
91,3,99,99,100,29581,29581,29581,67698,67698,67698,591,591,591,0.81,0.85,0.93,0.16,0.21,0.24,0.32,0.36,0.43,0.00,0.00,0.00,0.07,0.09,0.11,0.00,0.00,0.00,0.04,0.08,0.11,322320,625276,1370634,364248,666681,1404704,110933697,650326474,1194576877,0,650331009,1305541110,1986933251,438342,1987371593,485.90,491.30,499.62
92,0,99,99,100,29063,29063,29063,68217,68217,68217,591,591,591,0.81,0.86,0.96,0.17,0.21,0.23,0.33,0.37,0.44,0.00,0.00,0.00,0.07,0.09,0.11,0.00,0.00,0.00,0.05,0.08,0.10,131031,953917,1782083,180823,994537,1813532,533956728,652721031,771448353,640566757,652714462,664817292,0,390660,0,485.22,490.24,494.33
92,1,100,100,100,29364,29364,29364,67915,67915,67915,591,591,591,0.81,0.85,0.90,0.16,0.21,0.25,0.32,0.36,0.41,0.00,0.00,0.00,0.07,0.09,0.10,0.00,0.00,0.00,0.05,0.08,0.11,446477,560417,859593,459532,596440,912007,0,652752368,1305496400,0,652753024,1305496400,0,341529,0,482.87,485.73,487.60
92,2,100,100,100,29461,29461,29461,67819,67819,67819,591,591,591,0.81,0.85,0.90,0.19,0.22,0.25,0.32,0.35,0.40,0.00,0.00,0.00,0.09,0.09,0.11,0.00,0.00,0.00,0.06,0.09,0.11,223799,624531,1396262,261099,669699,1448655,430086103,750653703,1304963519,430089494,723957150,1304960900,1909917430,295517,1910212947,484.82,489.97,493.35
92,3,99,99,100,29581,29581,29581,67698,67698,67698,591,591,591,0.81,0.86,0.97,0.18,0.22,0.24,0.33,0.37,0.44,0.00,0.00,0.00,0.07,0.09,0.12,0.00,0.00,0.00,0.05,0.08,0.11,327524,438947,689238,377308,480220,739030,0,652708538,1305479903,0,652709193,1305479903,1987469237,395194,1987864431,485.77,489.14,491.33
93,0,99,99,100,29063,29063,29063,68217,68217,68217,591,591,591,0.81,0.84,0.90,0.19,0.22,0.25,0.33,0.35,0.39,0.00,0.00,0.00,0.07,0.09,0.11,0.00,0.00,0.00,0.06,0.09,0.11,398319,540899,613246,448109,584401,663039,640604911,650319731,664835659,640615393,650320780,664833038,0,393511,0,483.26,487.61,494.95
93,1,100,100,100,29364,29364,29364,67915,67915,67915,591,591,591,0.81,0.86,0.94,0.16,0.22,0.25,0.32,0.36,0.43,0.00,0.00,0.00,0.06,0.10,0.12,0.00,0.00,0.00,0.04,0.08,0.14,407239,1000279,2193709,467481,1044951,2231036,110786895,641563278,1200384229,184590668,641562320,1200381819,0,392252,0,486.65,489.73,492.19
93,2,100,100,100,29461,29461,29461,67819,67819,67819,591,591,591,0.82,0.86,0.99,0.19,0.22,0.24,0.33,0.36,0.44,0.00,0.00,0.00,0.07,0.09,0.11,0.00,0.00,0.00,0.05,0.08,0.11,327585,462810,739015,361654,503169,791427,640673724,655150578,664801272,640676345,655152675,664806970,1910309695,391458,1910701153,485.93,488.99,492.08
93,3,99,99,100,29581,29581,29581,67698,67698,67698,591,591,591,0.81,0.87,0.96,0.17,0.21,0.25,0.33,0.38,0.44,0.00,0.00,0.00,0.07,0.10,0.11,0.00,0.00,0.00,0.05,0.08,0.11,377375,548405,815022,411733,588639,854332,0,522161486,1305366151,0,522160438,1305358290,1987955340,391318,1988346658,484.22,487.61,489.16
94,0,100,100,100,29063,29063,29063,68217,68217,68217,591,591,591,0.82,0.88,0.94,0.20,0.23,0.27,0.26,0.32,0.39,0.00,0.00,0.00,0.08,0.08,0.09,0.00,0.00,0.00,0.07,0.11,0.15,128416,595799,1367989,204417,665165,1443989,0,592580129,967969222,0,592578183,967967449,0,434640,0,484.42,488.01,491.83
94,1,100,100,100,29364,29364,29364,67915,67915,67915,591,591,591,0.81,0.87,0.96,0.18,0.23,0.27,0.25,0.32,0.43,0.00,0.00,0.00,0.06,0.08,0.11,0.00,0.00,0.00,0.04,0.11,0.16,458623,714404,1150494,521504,793025,1184563,627978560,689002515,765998571,517169913,689002908,807052621,0,385088,0,486.52,492.21,496.38
94,2,100,100,100,29461,29461,29461,67819,67819,67819,591,591,591,0.81,0.89,0.94,0.18,0.23,0.27,0.27,0.32,0.42,0.00,0.00,0.00,0.08,0.09,0.11,0.00,0.00,0.00,0.05,0.11,0.16,311765,405641,618478,395601,487921,765235,640701262,707356661,765889146,640698642,707357185,765891766,1910802046,375540,1911177586,474.91,482.68,492.37
94,3,99,99,100,29581,29581,29581,67698,67698,67698,591,591,591,0.80,0.87,0.92,0.19,0.24,0.27,0.27,0.32,0.38,0.00,0.00,0.00,0.08,0.08,0.09,0.00,0.00,0.00,0.07,0.12,0.16,281286,465055,723195,358159,544369,830626,0,742061895,1305492547,0,742061021,1305489926,1988449213,435032,1988884245,486.11,489.63,492.18
95,0,94,98,100,29063,29063,29063,68217,68217,68217,591,591,591,0.70,0.87,0.92,0.25,0.27,0.30,0.27,0.28,0.30,0.00,0.00,0.00,0.06,0.07,0.08,0.00,0.00,0.00,0.15,0.17,0.21,330115,517821,877941,379895,587003,953941,186581584,635791672,801983051,279871066,635793900,757060379,0,278063,0,478.45,483.78,488.19
95,1,100,100,100,29364,29364,29364,67915,67915,67915,591,591,591,0.78,0.89,0.93,0.26,0.27,0.30,0.27,0.28,0.32,0.00,0.00,0.00,0.06,0.08,0.08,0.00,0.00,0.00,0.15,0.18,0.26,526764,646010,1071854,545101,723413,1129509,39283971,566321262,757030953,157392711,574970554,757025712,0,429869,0,471.80,480.17,484.34
95,2,100,100,100,29461,29461,29461,67819,67819,67819,591,591,591,0.78,0.88,0.92,0.22,0.28,0.37,0.22,0.29,0.41,0.00,0.00,0.00,0.07,0.07,0.08,0.00,0.00,0.00,0.12,0.17,0.26,351171,572352,1289383,374757,634199,1370624,0,484422989,988563481,0,484420892,988563481,1911269726,419202,1911688928,458.46,465.52,468.81
95,3,88,97,100,29581,29581,29581,67698,67698,67698,591,591,591,0.77,0.88,0.92,0.25,0.28,0.37,0.24,0.29,0.41,0.00,0.00,0.00,0.06,0.07,0.08,0.00,0.00,0.00,0.14,0.18,0.26,338065,572718,1367225,390483,634556,1443182,0,484416689,988573103,0,484418785,988578344,1988981459,387295,1989368754,484.14,486.96,489.08
96,0,93,98,100,29063,29063,29063,68217,68217,68217,591,591,591,0.88,0.95,0.98,0.28,0.31,0.32,0.25,0.35,0.41,0.00,0.00,0.00,0.08,0.13,0.17,0.00,0.00,0.00,0.09,0.13,0.20,332825,446532,767674,380097,521485,801735,0,0,0,0,0,0,0,412449,0,483.38,492.84,503.73
96,1,98,99,100,29364,29364,29364,67915,67915,67915,591,591,591,0.95,0.96,0.98,0.28,0.30,0.32,0.25,0.36,0.41,0.00,0.00,0.00,0.11,0.15,0.17,0.00,0.00,0.00,0.09,0.11,0.16,476975,805530,1836529,524149,860222,1941694,0,0,0,0,0,0,0,409840,0,476.05,494.21,509.60
96,2,83,95,100,29461,29461,29461,67819,67819,67819,591,591,591,0.87,0.95,0.98,0.29,0.30,0.31,0.25,0.35,0.42,0.00,0.00,0.00,0.09,0.14,0.18,0.00,0.00,0.00,0.08,0.12,0.19,241098,349889,533669,281281,425975,565833,0,0,0,0,0,0,1911789430,416773,1912206203,470.25,492.60,516.36
96,3,97,98,100,29581,29581,29581,67698,67698,67698,591,591,591,0.87,0.95,0.98,0.27,0.30,0.31,0.24,0.35,0.42,0.00,0.00,0.00,0.09,0.14,0.18,0.00,0.00,0.00,0.08,0.12,0.17,348440,534273,762621,390357,610652,812415,0,0,0,0,0,0,1989473874,314535,1989788409,489.21,506.50,521.59
97,0,99,99,100,29063,29063,29063,68217,68217,68217,591,591,591,0.89,0.94,0.98,0.27,0.35,0.47,0.34,0.39,0.43,0.00,0.00,0.00,0.03,0.11,0.18,0.00,0.00,0.00,0.08,0.17,0.34,319715,745367,1539205,361645,834384,1574148,0,5647365,28236829,0,0,0,0,463279,0,513.45,520.69,525.61
97,1,99,99,100,29364,29364,29364,67915,67915,67915,591,591,591,0.81,0.91,0.98,0.22,0.34,0.45,0.29,0.37,0.43,0.00,0.00,0.00,0.03,0.10,0.18,0.00,0.00,0.00,0.08,0.18,0.31,474355,692361,1069233,505804,784077,1119026,0,152314921,761574608,0,152314397,761571987,0,403131,0,509.73,511.87,513.25
97,2,94,98,100,29461,29461,29461,67819,67819,67819,591,591,591,0.80,0.91,0.98,0.22,0.34,0.43,0.29,0.37,0.41,0.00,0.00,0.00,0.02,0.10,0.17,0.00,0.00,0.00,0.09,0.18,0.29,335433,507878,804550,387851,599070,851723,0,152311803,761559016,0,152311803,761559016,1912309917,399636,1912709553,503.98,513.29,519.22
97,3,95,98,100,29581,29581,29581,67698,67698,67698,591,591,591,0.88,0.93,0.98,0.21,0.34,0.48,0.33,0.38,0.42,0.00,0.00,0.00,0.03,0.10,0.18,0.00,0.00,0.00,0.08,0.18,0.32,330208,399226,609530,379982,489884,706322,0,0,0,0,0,0,1989894195,419281,1990313476,519.07,523.36,527.11
98,0,99,99,100,29063,29063,29063,68217,68217,68217,591,591,591,0.81,0.88,0.97,0.18,0.21,0.25,0.33,0.38,0.44,0.00,0.00,0.00,0.07,0.10,0.12,0.00,0.00,0.00,0.05,0.08,0.11,324969,601160,888418,356442,639421,917246,640221857,666028203,719226265,640575583,674499356,761584719,0,386890,0,482.28,491.74,502.48
98,1,100,100,100,29364,29364,29364,67915,67915,67915,591,591,591,0.80,0.86,0.91,0.16,0.20,0.25,0.32,0.37,0.41,0.00,0.00,0.00,0.07,0.09,0.11,0.00,0.00,0.00,0.04,0.08,0.11,450623,633125,854299,461103,668241,904089,0,522153519,1305427326,0,522158055,1305427326,0,441843,0,492.14,500.26,506.86
98,2,100,100,100,29461,29461,29461,67819,67819,67819,591,591,591,0.81,0.86,0.90,0.18,0.21,0.25,0.32,0.36,0.39,0.00,0.00,0.00,0.08,0.09,0.10,0.00,0.00,0.00,0.06,0.08,0.11,311852,373709,558223,340693,410399,608017,0,522193682,1305527003,0,522194206,1305527003,1912808988,440306,1913249294,489.00,494.33,499.76
98,3,100,100,100,29581,29581,29581,67698,67698,67698,591,591,591,0.80,0.85,0.90,0.18,0.21,0.24,0.32,0.36,0.39,0.00,0.00,0.00,0.08,0.09,0.11,0.00,0.00,0.00,0.06,0.08,0.11,128415,658995,1821309,186071,699354,1873721,640649454,715607196,870338030,640638972,715605275,870336283,1990463472,390363,1990853835,486.45,501.20,515.77
99,0,99,99,100,29063,29063,29063,68217,68217,68217,591,591,591,0.80,0.85,0.90,0.20,0.22,0.25,0.33,0.36,0.40,0.00,0.00,0.00,0.08,0.09,0.10,0.00,0.00,0.00,0.07,0.09,0.11,338072,463111,822842,381744,504252,854288,640648106,650117038,664813137,640650727,650117642,664794792,0,442212,0,487.07,490.41,493.05
99,1,100,100,100,29364,29364,29364,67915,67915,67915,591,591,591,0.80,0.84,0.89,0.21,0.23,0.24,0.32,0.35,0.38,0.00,0.00,0.00,0.08,0.09,0.10,0.00,0.00,0.00,0.08,0.09,0.11,440278,732313,1242398,492692,777227,1275184,627108637,692927045,859575882,627113767,692927082,859581059,0,296400,0,487.87,493.04,496.37
99,2,100,100,100,29461,29461,29461,67819,67819,67819,591,591,591,0.80,0.86,0.93,0.16,0.21,0.25,0.32,0.36,0.42,0.00,0.00,0.00,0.07,0.09,0.11,0.00,0.00,0.00,0.04,0.08,0.12,306623,505795,856976,359037,546416,912011,110793152,652748013,1305510318,184605460,652748098,1305512938,1913345806,285978,1913631784,480.97,484.06,488.56
99,3,100,100,100,29581,29581,29581,67698,67698,67698,591,591,591,0.81,0.86,0.93,0.18,0.21,0.25,0.33,0.37,0.42,0.00,0.00,0.00,0.08,0.09,0.11,0.00,0.00,0.00,0.05,0.08,0.11,353783,470904,733142,403575,512169,782891,0,519008514,1304325220,0,536794412,1304330457,1990954409,391815,1991346224,486.23,490.28,494.30
100,0,100,100,100,29063,29063,29063,68217,68217,68217,591,591,591,0.81,0.84,0.90,0.16,0.22,0.25,0.32,0.36,0.41,0.00,0.00,0.00,0.07,0.09,0.10,0.00,0.00,0.00,0.05,0.09,0.11,315175,667165,1362742,363253,709091,1375845,628746784,650490890,677544950,628741640,650490386,677544950,0,292650,0,483.49,486.07,491.43
100,1,100,100,100,29364,29364,29364,67915,67915,67915,591,591,591,0.80,0.86,0.90,0.16,0.21,0.25,0.32,0.36,0.41,0.00,0.00,0.00,0.07,0.09,0.10,0.00,0.00,0.00,0.05,0.08,0.11,458603,674040,1451849,482100,710866,1504262,36817842,530042154,1194871876,147596262,552521491,1120906537,0,396810,0,488.93,494.06,498.76
100,2,100,100,100,29461,29461,29461,67819,67819,67819,591,591,591,0.81,0.85,0.90,0.19,0.22,0.25,0.32,0.35,0.39,0.00,0.00,0.00,0.08,0.09,0.10,0.00,0.00,0.00,0.06,0.09,0.11,225312,493295,877918,260245,537331,930331,110846064,583480141,870070649,184684015,598249289,870065409,1913731301,387453,1914118754,480.91,485.95,490.55
100,3,100,100,100,29581,29581,29581,67698,67698,67698,591,591,591,0.81,0.86,0.90,0.19,0.21,0.25,0.32,0.37,0.40,0.00,0.00,0.00,0.08,0.09,0.11,0.00,0.00,0.00,0.06,0.08,0.11,314480,443942,608001,332825,483253,652553,0,628947390,1305502361,0,614718571,1305507603,1991441830,399162,1991840992,488.44,492.16,495.14
101,0,99,99,100,29063,29063,29063,68217,68217,68217,591,591,591,0.81,0.88,0.92,0.19,0.23,0.26,0.27,0.33,0.38,0.00,0.00,0.00,0.07,0.08,0.10,0.00,0.00,0.00,0.07,0.11,0.16,359009,494232,859508,393104,564637,932881,42452208,601937644,870282086,0,601938547,870280339,0,385881,0,481.96,483.10,484.06
101,1,100,100,100,29364,29364,29364,67915,67915,67915,591,591,591,0.80,0.88,0.92,0.20,0.24,0.27,0.27,0.31,0.37,0.00,0.00,0.00,0.07,0.08,0.10,0.00,0.00,0.00,0.09,0.12,0.16,453371,668815,1027393,521507,753202,1079811,39286924,681652567,1268765544,157399287,659489820,1157951187,0,386073,0,494.38,500.95,503.70
101,2,100,100,100,29461,29461,29461,67819,67819,67819,591,591,591,0.81,0.88,0.92,0.20,0.24,0.27,0.27,0.32,0.39,0.00,0.00,0.00,0.07,0.08,0.10,0.00,0.00,0.00,0.08,0.12,0.16,322345,602231,1378474,400964,684521,1415164,42099037,675255613,1194684383,168270357,685728140,1120870458,1914217216,424561,1914641777,474.43,482.00,489.95
101,3,100,100,100,29581,29581,29581,67698,67698,67698,591,591,591,0.80,0.87,0.93,0.16,0.23,0.27,0.26,0.32,0.42,0.00,0.00,0.00,0.06,0.08,0.11,0.00,0.00,0.00,0.04,0.11,0.16,138898,673484,1514651,267314,752627,1608989,0,688974098,1305491805,0,688974098,1305491805,1991984448,386250,1992370698,481.16,486.46,490.43
102,0,100,100,100,29063,29063,29063,68217,68217,68217,591,591,591,0.57,0.85,0.92,0.23,0.26,0.27,0.19,0.25,0.27,0.00,0.00,0.00,0.04,0.07,0.08,0.00,0.00,0.00,0.15,0.16,0.18,332828,392679,602714,400962,471681,615817,708663975,0,0,708666595,0,0,0,369908,0,461.78,473.88,481.47
102,1,100,100,100,29364,29364,29364,67915,67915,67915,591,591,591,0.64,0.86,0.94,0.20,0.27,0.36,0.17,0.27,0.40,0.00,0.00,0.00,0.05,0.07,0.08,0.00,0.00,0.00,0.13,0.17,0.24,513006,928252,2099137,595087,1000210,2143688,0,1986751145,0,0,1986751657,0,0,364706,0,463.01,473.61,480.44
102,2,63,92,100,29461,29461,29461,67819,67819,67819,591,591,591,0.55,0.84,0.94,0.24,0.26,0.26,0.22,0.26,0.28,0.00,0.00,0.00,0.04,0.07,0.08,0.00,0.00,0.00,0.14,0.16,0.20,314490,557842,1239589,372116,628749,1312968,708715411,0,0,588778792,0,0,1914735536,354880,1915090416,449.17,462.75,471.12
102,3,67,93,100,29581,29581,29581,67698,67698,67698,591,591,591,0.63,0.83,0.92,0.21,0.26,0.28,0.22,0.25,0.27,0.00,0.00,0.00,0.05,0.07,0.08,0.00,0.00,0.00,0.12,0.16,0.21,427016,557645,697099,489697,631812,778340,504707027,0,0,504707027,0,0,1992468289,265877,1992734166,464.65,474.54,482.00
103,0,98,99,100,29063,29063,29063,68217,68217,68217,591,591,591,0.85,0.94,0.98,0.28,0.31,0.33,0.25,0.34,0.43,0.00,0.00,0.00,0.08,0.13,0.18,0.00,0.00,0.00,0.08,0.14,0.29,319725,718592,1376505,343311,794168,1390696,0,0,0,0,0,0,0,407413,0,468.48,484.03,507.70
103,1,85,96,100,29364,29364,29364,67915,67915,67915,591,591,591,0.89,0.95,0.98,0.28,0.30,0.32,0.25,0.35,0.43,0.00,0.00,0.00,0.09,0.14,0.18,0.00,0.00,0.00,0.08,0.12,0.19,482194,968253,1729633,524124,1045246,1742736,0,0,0,0,0,0,0,410280,0,463.44,485.42,509.00
103,2,99,99,100,29461,29461,29461,67819,67819,67819,591,591,591,0.84,0.94,0.98,0.28,0.31,0.32,0.25,0.35,0.42,0.00,0.00,0.00,0.08,0.14,0.17,0.00,0.00,0.00,0.09,0.13,0.20,321471,495634,1066467,377429,562723,1118874,0,0,0,0,0,0,1915186046,412737,1915598783,452.63,482.46,509.57
103,3,82,95,100,29581,29581,29581,67698,67698,67698,591,591,591,0.87,0.95,0.98,0.29,0.31,0.33,0.25,0.35,0.43,0.00,0.00,0.00,0.07,0.13,0.17,0.00,0.00,0.00,0.09,0.14,0.22,377390,561864,859577,398356,640482,896266,0,0,0,0,0,0,1992836550,412133,1993248683,464.74,490.34,522.07
104,0,81,94,100,26903,27763,29063,68217,69517,70377,591,591,591,0.85,0.94,0.98,0.28,0.36,0.44,0.31,0.39,0.43,0.00,0.00,0.00,0.03,0.11,0.18,0.00,0.00,0.00,0.08,0.18,0.31,230612,371463,571301,274289,650992,1084948,0,655,2620,0,0,0,0,409069,0,514.64,517.00,519.59
104,1,92,97,100,26824,27779,29364,67915,69500,70455,591,591,591,0.84,0.94,0.98,0.31,0.38,0.46,0.29,0.37,0.41,0.00,0.00,0.00,0.02,0.10,0.17,0.00,0.00,0.00,0.09,0.20,0.33,442889,588985,838601,524111,872670,1286729,0,0,0,0,0,0,0,363550,0,513.50,515.88,519.34
104,2,97,99,100,26821,27801,29461,67819,69479,70459,591,591,591,0.74,0.91,0.98,0.28,0.36,0.51,0.27,0.37,0.43,0.00,0.00,0.00,0.02,0.10,0.18,0.00,0.00,0.00,0.08,0.20,0.33,343290,437649,684151,395719,720662,1166464,0,0,0,0,0,0,1915701474,352275,1916053749,505.00,511.50,517.94
104,3,99,99,100,26901,27891,29581,67698,69388,70378,591,591,591,0.80,0.93,0.98,0.28,0.35,0.42,0.29,0.38,0.43,0.00,0.00,0.00,0.03,0.12,0.18,0.00,0.00,0.00,0.08,0.17,0.28,86484,585058,1344386,128415,871359,1391558,0,0,0,0,655,2620,1993406645,407827,1993814472,515.86,525.89,529.71
105,0,100,100,100,26903,26903,26903,70377,70377,70377,591,591,591,0.80,0.88,0.99,0.16,0.23,0.27,0.32,0.37,0.42,0.00,0.00,0.00,0.07,0.09,0.11,0.00,0.00,0.00,0.04,0.10,0.14,330212,384714,584401,345933,423500,634193,0,541545277,1194838974,0,541545848,1305475027,0,386001,0,486.87,498.29,511.05
105,1,100,100,100,26824,26824,26824,70455,70455,70455,591,591,591,0.81,0.86,0.96,0.19,0.22,0.24,0.32,0.35,0.43,0.00,0.00,0.00,0.07,0.09,0.11,0.00,0.00,0.00,0.06,0.09,0.10,344593,937330,2138557,379225,979718,2188352,0,460214335,862604697,0,481972819,862606428,0,396358,0,494.21,503.33,513.85
105,2,100,100,100,26821,26821,26821,70459,70459,70459,591,591,591,0.81,0.88,0.97,0.18,0.21,0.24,0.33,0.38,0.43,0.00,0.00,0.00,0.07,0.10,0.11,0.00,0.00,0.00,0.05,0.08,0.10,324898,881449,1858020,358960,920094,1889468,0,539625307,761479721,0,539625292,761482341,1916145950,384333,1916530283,480.65,488.07,501.06
105,3,100,100,100,26901,26901,26901,70378,70378,70378,591,591,591,0.80,0.87,0.92,0.16,0.22,0.28,0.32,0.37,0.41,0.00,0.00,0.00,0.07,0.09,0.10,0.00,0.00,0.00,0.04,0.09,0.15,330206,581912,956552,387861,619935,1001104,0,538492850,761581186,0,538491230,761578565,1993912720,391626,1994304346,483.80,496.01,506.03
106,0,99,99,100,26903,26903,26903,70377,70377,70377,591,591,591,0.80,0.86,0.97,0.18,0.21,0.24,0.33,0.37,0.44,0.00,0.00,0.00,0.06,0.09,0.12,0.00,0.00,0.00,0.04,0.09,0.13,330208,662773,1317467,380001,704047,1347638,36826492,632518922,1182488640,0,632019477,1216815606,0,441334,0,480.98,486.86,490.20
106,1,100,100,100,26824,26824,26824,70455,70455,70455,591,591,591,0.80,0.87,0.95,0.16,0.21,0.25,0.31,0.37,0.43,0.00,0.00,0.00,0.06,0.09,0.11,0.00,0.00,0.00,0.04,0.08,0.12,429760,710201,1166260,440437,744833,1218676,605196004,650114977,700258337,526763505,627543425,807030857,0,407801,0,489.29,496.03,502.52
106,2,100,100,100,26821,26821,26821,70459,70459,70459,591,591,591,0.81,0.86,0.95,0.16,0.22,0.25,0.32,0.36,0.43,0.00,0.00,0.00,0.06,0.09,0.11,0.00,0.00,0.00,0.04,0.08,0.11,225381,364797,605374,256829,405155,655167,443197684,610831238,771584123,443204673,610832274,842714944,1916629408,389606,1917019014,480.99,485.37,488.34
106,3,99,99,100,26901,26901,26901,70378,70378,70378,591,591,591,0.80,0.86,0.96,0.17,0.22,0.24,0.32,0.37,0.44,0.00,0.00,0.00,0.06,0.09,0.12,0.00,0.00,0.00,0.04,0.09,0.11,330210,403580,579174,372123,447607,610623,640656831,655144205,664803292,640651590,655145253,664808534,1994405039,440403,1994845442,489.73,492.01,495.32
107,0,100,100,100,26903,26903,26903,70377,70377,70377,591,591,591,0.81,0.86,0.91,0.16,0.21,0.25,0.32,0.36,0.42,0.00,0.00,0.00,0.07,0.09,0.11,0.00,0.00,0.00,0.04,0.08,0.12,332834,508451,800190,348540,546803,845616,0,568957234,870336917,0,568955418,870333422,0,299585,0,484.15,486.60,492.98
107,1,100,100,100,26824,26824,26824,70455,70455,70455,591,591,591,0.81,0.86,0.98,0.18,0.22,0.25,0.32,0.35,0.44,0.00,0.00,0.00,0.07,0.09,0.11,0.00,0.00,0.00,0.05,0.09,0.11,445514,730116,1331298,476962,774143,1362746,640681469,650328263,664787273,533912860,650328795,771547572,0,441490,0,496.86,500.44,505.57
107,2,99,99,100,26821,26821,26821,70459,70459,70459,591,591,591,0.80,0.86,0.97,0.19,0.22,0.24,0.32,0.36,0.42,0.00,0.00,0.00,0.06,0.09,0.11,0.00,0.00,0.00,0.05,0.09,0.11,351179,758410,1525176,403594,803486,1559243,627775067,650327064,700453196,516990152,650329474,807230029,1917116274,445782,1917562056,489.00,494.19,498.89
107,3,99,99,100,26901,26901,26901,70378,70378,70378,591,591,591,0.80,0.86,0.97,0.18,0.21,0.25,0.33,0.36,0.44,0.00,0.00,0.00,0.07,0.09,0.12,0.00,0.00,0.00,0.05,0.08,0.11,120552,663911,1396837,154621,703221,1425665,427129109,607623386,664801979,427129109,607623386,664799358,1994944616,389845,1995334461,489.70,491.34,493.18
108,0,99,99,100,26903,26903,26903,70377,70377,70377,591,591,591,0.80,0.87,0.92,0.19,0.23,0.27,0.27,0.32,0.38,0.00,0.00,0.00,0.08,0.08,0.09,0.00,0.00,0.00,0.07,0.11,0.16,317011,440779,843858,398229,518347,938203,0,688957604,1305482941,0,688958653,1305480321,0,398219,0,484.73,490.43,494.56
108,1,100,100,100,26824,26824,26824,70455,70455,70455,591,591,591,0.81,0.87,0.94,0.18,0.23,0.26,0.24,0.32,0.39,0.00,0.00,0.00,0.07,0.08,0.11,0.00,0.00,0.00,0.05,0.11,0.16,302869,774431,1844961,366180,848939,1894754,462737736,639791423,766018203,462739447,639791241,766020824,0,402699,0,491.35,495.93,500.20
108,2,100,100,100,26821,26821,26821,70459,70459,70459,591,591,591,0.81,0.88,0.95,0.18,0.23,0.27,0.23,0.32,0.42,0.00,0.00,0.00,0.07,0.08,0.11,0.00,0.00,0.00,0.05,0.11,0.17,324864,431711,830601,359032,508182,930168,640692698,688689662,765861390,640690077,688688616,765856150,1917664645,396426,1918061071,484.70,492.02,499.05
108,3,99,99,100,26901,26901,26901,70378,70378,70378,591,591,591,0.80,0.87,0.94,0.16,0.23,0.27,0.25,0.32,0.43,0.00,0.00,0.00,0.06,0.08,0.11,0.00,0.00,0.00,0.04,0.11,0.16,335447,499757,786199,427172,578439,820267,0,684831235,1305490573,0,684831235,1305490573,1995433288,297918,1995731206,489.73,494.61,499.79
109,0,99,99,100,26903,26903,26903,70377,70377,70377,591,591,591,0.81,0.90,0.94,0.25,0.27,0.27,0.27,0.28,0.29,0.00,0.00,0.00,0.07,0.08,0.09,0.00,0.00,0.00,0.13,0.16,0.18,34058,317592,579172,99554,378385,660413,117977130,635729077,949011787,0,635721386,988283553,0,457704,0,499.84,508.83,512.14
109,1,88,97,100,26824,26824,26824,70455,70455,70455,591,591,591,0.70,0.88,0.92,0.24,0.26,0.27,0.26,0.27,0.28,0.00,0.00,0.00,0.06,0.07,0.08,0.00,0.00,0.00,0.14,0.15,0.16,487416,707752,1124210,500518,764856,1184483,117978303,635800006,870555725,196803459,635798758,791724710,0,405737,0,502.66,510.97,519.56
109,2,100,100,100,26821,26821,26821,70459,70459,70459,591,591,591,0.74,0.89,0.92,0.25,0.26,0.27,0.26,0.27,0.30,0.00,0.00,0.00,0.06,0.07,0.08,0.00,0.00,0.00,0.13,0.15,0.18,322319,366691,427172,377349,419278,497930,279854683,587467906,757048676,279865165,587469479,757043435,1918160645,396466,1918557111,491.61,500.24,507.17
109,3,89,97,100,26901,26901,26901,70378,70378,70378,591,591,591,0.77,0.89,0.94,0.24,0.26,0.27,0.24,0.27,0.28,0.00,0.00,0.00,0.06,0.08,0.08,0.00,0.00,0.00,0.13,0.15,0.17,319660,495301,681382,385243,552429,760003,121031181,635809746,988540080,0,635807782,988537459,1995833585,457151,1996290736,504.68,511.72,516.86
110,0,86,96,100,26903,26903,26903,70377,70377,70377,591,591,591,0.85,0.93,0.98,0.29,0.31,0.36,0.23,0.35,0.43,0.00,0.00,0.00,0.06,0.13,0.18,0.00,0.00,0.00,0.08,0.14,0.23,334086,639115,1313593,358140,716407,1381278,0,0,0,0,0,0,0,407121,0,502.68,505.66,510.02
110,1,99,99,100,26824,26824,26824,70455,70455,70455,591,591,591,0.80,0.93,0.97,0.28,0.31,0.34,0.25,0.34,0.41,0.00,0.00,0.00,0.06,0.13,0.17,0.00,0.00,0.00,0.09,0.14,0.23,461214,641528,1160950,511005,721193,1187156,0,0,0,0,0,0,0,454134,0,490.90,498.88,504.82
110,2,84,96,100,26821,26821,26821,70459,70459,70459,591,591,591,0.79,0.93,0.98,0.28,0.30,0.32,0.25,0.35,0.43,0.00,0.00,0.00,0.07,0.13,0.18,0.00,0.00,0.00,0.08,0.14,0.22,317105,643632,1292000,361657,722775,1331311,0,0,0,0,0,0,1918651175,361202,1919012377,490.41,496.45,511.65
110,3,97,98,100,26901,26901,26901,70378,70378,70378,591,591,591,0.87,0.93,0.98,0.27,0.31,0.37,0.24,0.35,0.43,0.00,0.00,0.00,0.07,0.12,0.18,0.00,0.00,0.00,0.08,0.15,0.26,131028,548765,1197630,180819,625812,1423005,0,0,0,0,0,0,1996399878,409332,1996809210,507.68,511.20,514.02
111,0,92,97,100,26403,26778,26903,70377,70502,70877,591,591,591,0.87,0.95,0.98,0.28,0.35,0.46,0.33,0.39,0.43,0.00,0.00,0.00,0.03,0.13,0.18,0.00,0.00,0.00,0.08,0.15,0.31,330015,400281,587039,377370,523441,631592,0,0,0,0,0,0,0,419612,0,520.96,522.33,523.54
111,1,99,99,100,26664,26784,26824,70455,70495,70615,591,591,591,0.90,0.95,0.98,0.28,0.35,0.49,0.31,0.39,0.43,0.00,0.00,0.00,0.03,0.13,0.18,0.00,0.00,0.00,0.08,0.16,0.32,445519,923675,1918342,487450,1041576,1962894,0,0,0,0,0,0,0,313613,0,508.15,511.54,517.48
111,2,98,99,100,26821,26821,26821,70459,70459,70459,591,591,591,0.79,0.93,0.98,0.31,0.35,0.41,0.29,0.38,0.41,0.00,0.00,0.00,0.02,0.12,0.17,0.00,0.00,0.00,0.10,0.17,0.29,330207,463973,611071,377380,579373,797500,0,0,0,0,0,0,1919114462,402724,1919517186,506.39,513.03,516.33
111,3,93,97,99,26901,26901,26901,70378,70378,70378,591,591,591,0.87,0.95,0.98,0.30,0.37,0.46,0.31,0.38,0.42,0.00,0.00,0.00,0.03,0.11,0.17,0.00,0.00,0.00,0.09,0.18,0.32,351175,443744,560729,400971,557955,738905,0,0,0,0,0,0,1996914171,415242,1997329413,521.65,524.11,525.13
112,0,99,99,100,26403,26403,26403,70877,70877,70877,591,591,591,0.81,0.85,0.98,0.18,0.25,0.42,0.33,0.37,0.44,0.00,0.00,0.00,0.07,0.09,0.12,0.00,0.00,0.00,0.05,0.12,0.28,322342,448132,642044,364267,486394,673491,0,420539780,700438518,0,413407978,761559197,0,443309,0,495.59,506.91,523.04
112,1,100,100,100,26664,26664,26664,70615,70615,70615,591,591,591,0.81,0.89,0.97,0.18,0.24,0.37,0.32,0.38,0.43,0.00,0.00,0.00,0.07,0.09,0.11,0.00,0.00,0.00,0.05,0.11,0.24,293210,566034,1120017,325788,602431,1153412,0,497233378,761580330,0,497232801,761580330,0,389160,0,487.91,505.68,518.78
112,2,100,100,100,26821,26821,26821,70459,70459,70459,591,591,591,0.81,0.88,0.98,0.18,0.24,0.35,0.32,0.37,0.40,0.00,0.00,0.00,0.08,0.09,0.11,0.00,0.00,0.00,0.05,0.11,0.22,351161,564461,877939,398332,603769,909388,0,541537729,1305445867,0,541538153,1305448487,1919616379,387497,1920003876,489.41,497.18,508.20
112,3,99,99,100,26901,26901,26901,70378,70378,70378,591,591,591,0.80,0.88,0.98,0.16,0.23,0.28,0.32,0.37,0.43,0.00,0.00,0.00,0.06,0.09,0.11,0.00,0.00,0.00,0.04,0.10,0.15,327011,673365,969600,378509,714587,1003667,0,538873368,1305531994,0,538872826,1305531994,1997430235,443964,1997874199,491.83,504.34,517.56
113,0,100,100,100,26403,26403,26403,70877,70877,70877,591,591,591,0.81,0.85,0.95,0.17,0.21,0.25,0.33,0.37,0.43,0.00,0.00,0.00,0.07,0.09,0.11,0.00,0.00,0.00,0.05,0.08,0.11,348551,594268,977505,382620,634522,1029918,605046915,641254256,664815240,630933334,648383578,664812620,0,297724,0,483.41,486.31,488.88
113,1,100,100,100,26664,26664,26664,70615,70615,70615,591,591,591,0.80,0.84,0.90,0.17,0.22,0.25,0.33,0.35,0.40,0.00,0.00,0.00,0.07,0.09,0.11,0.00,0.00,0.00,0.05,0.09,0.11,461237,616903,925097,492685,659358,974890,640669830,655146701,664796411,640675071,655147225,664793791,0,392130,0,482.87,487.39,490.39
113,2,100,100,100,26821,26821,26821,70459,70459,70459,591,591,591,0.81,0.85,0.91,0.19,0.22,0.25,0.32,0.35,0.39,0.00,0.00,0.00,0.07,0.09,0.10,0.00,0.00,0.00,0.07,0.09,0.11,133655,665130,1538345,186068,710206,1593379,0,655154918,1305485332,0,655153346,1305487953,1920098841,440100,1920538941,480.86,484.85,487.04
113,3,100,100,100,26901,26901,26901,70378,70378,70378,591,591,591,0.81,0.85,0.97,0.18,0.22,0.25,0.33,0.36,0.44,0.00,0.00,0.00,0.07,0.09,0.12,0.00,0.00,0.00,0.05,0.09,0.11,133655,898368,1465000,186068,943967,1496449,0,655150576,1305498697,0,655152148,1305498697,1997971915,388015,1998359930,484.28,486.00,489.56
114,0,99,99,100,26403,26403,26403,70877,70877,70877,591,591,591,0.81,0.86,0.96,0.17,0.22,0.24,0.33,0.36,0.44,0.00,0.00,0.00,0.07,0.09,0.11,0.00,0.00,0.00,0.04,0.08,0.10,338049,526047,891012,387839,565531,919839,36979649,696237511,1268429140,0,696237436,1305418024,0,395158,0,484.61,490.19,493.57
114,1,99,99,100,26664,26664,26664,70615,70615,70615,591,591,591,0.80,0.85,0.90,0.19,0.22,0.25,0.32,0.35,0.39,0.00,0.00,0.00,0.08,0.09,0.11,0.00,0.00,0.00,0.06,0.09,0.11,513656,839145,1920974,547725,883172,1976008,640680165,650333307,664804136,640688027,650332783,664793653,0,446591,0,485.33,490.57,495.80
114,2,100,100,100,26821,26821,26821,70459,70459,70459,591,591,591,0.80,0.87,0.91,0.16,0.21,0.25,0.31,0.37,0.41,0.00,0.00,0.00,0.07,0.09,0.10,0.00,0.00,0.00,0.04,0.08,0.11,330210,527772,846487,369521,565154,875315,0,519319500,1305520780,0,519183065,1305507676,1920642305,387401,1921029706,488.67,491.21,496.16
114,3,99,99,100,26901,26901,26901,70378,70378,70378,591,591,591,0.80,0.86,0.90,0.18,0.21,0.25,0.33,0.37,0.40,0.00,0.00,0.00,0.07,0.09,0.11,0.00,0.00,0.00,0.05,0.08,0.11,317838,479435,838591,347218,517460,870039,0,537277148,1284288835,0,515481944,1284291413,1998459724,293322,1998753046,485.45,490.99,494.05
115,0,99,99,100,26403,26403,26403,70877,70877,70877,591,591,591,0.81,0.88,0.96,0.18,0.22,0.27,0.27,0.35,0.44,0.00,0.00,0.00,0.07,0.09,0.12,0.00,0.00,0.00,0.05,0.10,0.16,330217,352216,390474,379992,422450,484811,0,547259672,1305537465,0,547258666,1305537465,0,443805,0,486.78,489.35,492.79
115,1,100,100,100,26664,26664,26664,70615,70615,70615,591,591,591,0.81,0.88,0.92,0.19,0.22,0.27,0.27,0.34,0.39,0.00,0.00,0.00,0.07,0.09,0.10,0.00,0.00,0.00,0.06,0.10,0.15,461257,864016,1192349,505810,935518,1255287,110634267,570331359,1194890361,184601836,585788659,1120924040,0,402696,0,489.04,493.66,497.91
115,2,100,100,100,26821,26821,26821,70459,70459,70459,591,591,591,0.81,0.87,0.92,0.20,0.23,0.27,0.26,0.33,0.38,0.00,0.00,0.00,0.07,0.09,0.10,0.00,0.00,0.00,0.08,0.11,0.16,330204,414243,606179,395721,483122,705753,654843678,735292010,846462082,654843678,742413711,807233295,1921129164,398929,1921528093,484.59,490.95,499.32
115,3,100,100,100,26901,26901,26901,70378,70378,70378,591,591,591,0.81,0.87,0.92,0.18,0.22,0.25,0.28,0.34,0.40,0.00,0.00,0.00,0.07,0.09,0.10,0.00,0.00,0.00,0.07,0.09,0.13,319725,659895,1506938,398346,730130,1619631,0,654000434,1305437327,0,675386393,1305432086,1998855657,454247,1999309904,497.29,499.15,503.53
116,0,100,100,100,26403,26403,26403,70877,70877,70877,591,591,591,0.91,0.92,0.93,0.23,0.26,0.27,0.27,0.28,0.29,0.00,0.00,0.00,0.08,0.08,0.09,0.00,0.00,0.00,0.13,0.14,0.16,332822,891357,1818557,348545,950832,1892482,117978855,590468779,756975473,0,566873610,756983334,0,409506,0,497.88,505.71,511.79
116,1,100,100,100,26664,26664,26664,70615,70615,70615,591,591,591,0.92,0.93,0.94,0.24,0.26,0.27,0.26,0.27,0.28,0.00,0.00,0.00,0.08,0.08,0.09,0.00,0.00,0.00,0.14,0.15,0.16,455994,562882,744253,487397,620008,796665,590579734,697966122,757043841,511756994,682200526,757043841,0,394926,0,504.64,510.11,515.88
116,2,100,100,100,26821,26821,26821,70459,70459,70459,591,591,591,0.92,0.93,0.94,0.24,0.26,0.27,0.27,0.27,0.28,0.00,0.00,0.00,0.07,0.08,0.09,0.00,0.00,0.00,0.13,0.15,0.16,136278,593316,1386361,178210,649398,1402085,0,579871993,757049524,126153973,579869725,724866697,1921632741,353526,1921986267,501.39,505.91,510.19
116,3,100,100,100,26901,26901,26901,70378,70378,70378,591,591,591,0.91,0.92,0.93,0.25,0.27,0.27,0.27,0.27,0.28,0.00,0.00,0.00,0.07,0.08,0.09,0.00,0.00,0.00,0.13,0.15,0.16,338141,551316,1024614,356433,613154,1090127,155510824,579755640,756548170,209914842,579758667,756550789,1999410537,415546,1999826083,503.52,512.21,517.56
117,0,92,98,100,26403,26403,26403,70877,70877,70877,591,591,591,0.79,0.90,0.98,0.29,0.30,0.34,0.25,0.33,0.42,0.00,0.00,0.00,0.06,0.11,0.17,0.00,0.00,0.00,0.08,0.16,0.23,220109,376311,597487,244566,464538,728516,0,174121885,870609425,0,197717995,988589978,0,399468,0,498.98,502.91,509.08
117,1,85,96,100,26664,26664,26664,70615,70615,70615,591,591,591,0.72,0.88,0.97,0.27,0.30,0.32,0.25,0.32,0.42,0.00,0.00,0.00,0.06,0.11,0.18,0.00,0.00,0.00,0.07,0.16,0.21,0,438162,641955,44552,524646,736479,0,55965395,279826979,0,55966968,279834840,0,352841,0,494.21,496.27,499.82
117,2,87,97,100,26821,26821,26821,70459,70459,70459,591,591,591,0.69,0.87,0.98,0.28,0.30,0.32,0.25,0.31,0.43,0.00,0.00,0.00,0.05,0.11,0.18,0.00,0.00,0.00,0.08,0.16,0.22,327587,508269,694418,385243,594159,775652,0,55971730,279858650,0,55970157,279850789,1922079465,398392,1922477857,491.81,494.21,497.34
117,3,85,96,100,26901,26901,26901,70378,70378,70378,591,591,591,0.75,0.89,0.97,0.24,0.30,0.37,0.24,0.33,0.42,0.00,0.00,0.00,0.06,0.11,0.17,0.00,0.00,0.00,0.09,0.15,0.25,254839,499886,829304,399257,572319,875520,0,197713445,988567229,0,197716066,988580333,1999916671,413570,0,502.79,505.23,507.40
118,0,99,99,100,26403,26403,26403,70877,70877,70877,591,591,591,0.93,0.96,0.98,0.28,0.36,0.48,0.35,0.40,0.43,0.00,0.00,0.00,0.03,0.12,0.18,0.00,0.00,0.00,0.08,0.17,0.32,330223,589610,1409869,372140,681322,1582827,0,523,2619,0,0,0,0,470081,0,501.50,514.07,523.31
118,1,94,98,100,26664,26664,26664,70615,70615,70615,591,591,591,0.84,0.94,0.98,0.29,0.37,0.46,0.28,0.38,0.42,0.00,0.00,0.00,0.02,0.12,0.17,0.00,0.00,0.00,0.08,0.18,0.33,461231,1057703,1915717,566065,1147854,1960269,0,0,0,0,0,0,0,405346,0,506.52,509.79,513.15
118,2,94,98,100,26821,26821,26821,70459,70459,70459,591,591,591,0.81,0.94,0.98,0.28,0.36,0.51,0.29,0.38,0.42,0.00,0.00,0.00,0.03,0.12,0.18,0.00,0.00,0.00,0.08,0.18,0.33,316072,450508,786057,362326,541801,826776,0,0,0,0,0,0,1922578757,402038,1922980795,503.38,509.45,515.82
118,3,99,99,100,26901,26901,26901,70378,70378,70378,591,591,591,0.84,0.95,0.98,0.28,0.35,0.45,0.29,0.39,0.43,0.00,0.00,0.00,0.03,0.13,0.18,0.00,0.00,0.00,0.08,0.16,0.31,345231,691716,1530480,393403,784163,1572411,0,0,0,0,524,2620,0,466843,0,514.60,522.26,525.76
119,0,100,100,100,26403,26403,26403,70877,70877,70877,591,591,591,0.80,0.88,0.99,0.19,0.23,0.25,0.33,0.37,0.43,0.00,0.00,0.00,0.08,0.09,0.11,0.00,0.00,0.00,0.07,0.09,0.11,539843,575235,608005,587014,616510,642074,0,516759982,761554265,0,516759327,761551644,0,299689,0,496.18,506.14,515.12
119,1,100,100,100,26664,26664,26664,70615,70615,70615,591,591,591,0.81,0.86,0.96,0.18,0.21,0.24,0.33,0.36,0.43,0.00,0.00,0.00,0.07,0.09,0.11,0.00,0.00,0.00,0.05,0.08,0.10,461249,589771,820167,492698,630186,869953,0,513614858,749078496,0,513612903,749075918,0,393733,0,501.79,505.27,508.83
119,2,100,100,100,26821,26821,26821,70459,70459,70459,591,591,591,0.81,0.86,0.93,0.16,0.21,0.24,0.33,0.36,0.43,0.00,0.00,0.00,0.07,0.09,0.11,0.00,0.00,0.00,0.04,0.08,0.11,10482,351170,657806,41929,390480,684014,0,516744735,761508464,0,516746700,761511084,1923085064,437886,1923522950,486.33,494.04,501.64
119,3,99,99,100,26901,26901,26901,70378,70378,70378,591,591,591,0.80,0.88,0.98,0.16,0.23,0.28,0.32,0.38,0.43,0.00,0.00,0.00,0.06,0.09,0.11,0.00,0.00,0.00,0.04,0.10,0.15,330187,538548,1129524,361634,576548,1181938,0,350574846,761582707,0,350574191,761585328,0,289808,0,489.62,503.61,513.42
120,0,100,100,100,26403,26403,26403,70877,70877,70877,591,591,591,0.81,0.86,0.90,0.20,0.22,0.25,0.32,0.36,0.39,0.00,0.00,0.00,0.07,0.09,0.11,0.00,0.00,0.00,0.08,0.09,0.11,329634,584450,1116405,361028,623571,1163577,443196643,605749055,664585013,443196643,605751150,664577153,0,389239,0,479.80,489.60,495.19
120,1,100,100,100,26664,26664,26664,70615,70615,70615,591,591,591,0.81,0.88,0.99,0.18,0.21,0.24,0.33,0.38,0.44,0.00,0.00,0.00,0.07,0.10,0.12,0.00,0.00,0.00,0.05,0.08,0.10,461247,598039,856965,495316,636825,906758,640685831,650333417,664806332,640685012,650334465,664796555,0,443912,0,489.31,491.92,493.63
120,2,100,100,100,26821,26821,26821,70459,70459,70459,591,591,591,0.81,0.88,0.98,0.17,0.21,0.24,0.33,0.38,0.45,0.00,0.00,0.00,0.07,0.10,0.12,0.00,0.00,0.00,0.04,0.07,0.10,317557,885799,1905285,350850,924917,1936734,626093165,646620006,664778917,626090604,646617924,664802503,1923614544,388440,1924002984,480.45,484.62,486.60
120,3,99,99,100,26901,26901,26901,70378,70378,70378,591,591,591,0.81,0.86,0.98,0.19,0.22,0.24,0.33,0.36,0.44,0.00,0.00,0.00,0.07,0.09,0.12,0.00,0.00,0.00,0.05,0.09,0.11,322350,453010,875271,356420,494855,930303,0,694207004,1305428327,0,694207004,1305433568,0,393651,0,488.18,492.67,496.26
121,0,100,100,100,26403,26403,26403,70877,70877,70877,591,591,591,0.80,0.86,0.90,0.18,0.21,0.25,0.33,0.37,0.40,0.00,0.00,0.00,0.08,0.09,0.11,0.00,0.00,0.00,0.05,0.08,0.11,322335,892080,1947187,372127,930866,1989118,640687090,655145298,664795393,640692713,655145298,664795393,0,434072,0,478.84,484.33,490.49
121,1,100,100,100,26664,26664,26664,70615,70615,70615,591,591,591,0.80,0.85,0.97,0.18,0.22,0.25,0.32,0.35,0.43,0.00,0.00,0.00,0.06,0.09,0.11,0.00,0.00,0.00,0.04,0.09,0.11,191314,716320,1579414,241109,755456,1612610,427133771,612439208,700292635,427139013,612437560,807065942,0,393646,0,493.47,495.69,498.17
121,2,100,100,100,26821,26821,26821,70459,70459,70459,591,591,591,0.80,0.85,0.94,0.16,0.22,0.25,0.32,0.35,0.43,0.00,0.00,0.00,0.07,0.09,0.11,0.00,0.00,0.00,0.04,0.08,0.11,319725,445218,607995,372139,487574,663029,52817653,572344471,859767295,154894045,571763131,865585199,1924101908,385103,1924487011,485.46,489.03,491.92
121,3,100,100,100,26901,26901,26901,70378,70378,70378,591,591,591,0.80,0.86,0.95,0.16,0.22,0.24,0.32,0.37,0.44,0.00,0.00,0.00,0.07,0.09,0.11,0.00,0.00,0.00,0.04,0.09,0.11,356285,650270,1396808,393103,692199,1443979,640690223,655196410,664781037,640687603,655196393,664788899,0,389794,0,480.68,489.04,495.76
122,0,100,100,100,26403,26403,26403,70877,70877,70877,591,591,591,0.81,0.85,0.90,0.16,0.22,0.25,0.27,0.34,0.41,0.00,0.00,0.00,0.07,0.09,0.10,0.00,0.00,0.00,0.05,0.09,0.13,337945,604461,1001855,484651,671210,1011701,601792682,664871206,766006610,601792682,664869633,766003989,0,389587,0,486.05,488.99,492.48
122,1,100,100,100,26664,26664,26664,70615,70615,70615,591,591,591,0.81,0.85,0.94,0.18,0.23,0.27,0.23,0.34,0.42,0.00,0.00,0.00,0.07,0.09,0.11,0.00,0.00,0.00,0.05,0.10,0.17,482209,702768,1134759,518899,776578,1184552,640693605,670517183,741581884,640696651,670518215,741584421,0,400119,0,490.38,495.04,501.46
122,2,99,99,100,26821,26821,26821,70459,70459,70459,591,591,591,0.81,0.86,0.98,0.18,0.23,0.27,0.23,0.34,0.44,0.00,0.00,0.00,0.07,0.09,0.12,0.00,0.00,0.00,0.05,0.10,0.17,7861,482208,1234359,141504,554536,1331326,605041906,675384023,766010749,498256239,675385765,807226581,1924584298,343557,1924927855,478.68,482.61,488.07
122,3,99,99,100,26901,26901,26901,70378,70378,70378,591,591,591,0.80,0.86,0.99,0.18,0.21,0.25,0.30,0.35,0.45,0.00,0.00,0.00,0.07,0.09,0.12,0.00,0.00,0.00,0.05,0.09,0.11,332828,407255,545097,364280,473296,694475,640691146,675397830,766004377,640701628,675397306,766004377,0,399345,0,489.73,494.53,500.69
123,0,100,100,100,26403,26403,26403,70877,70877,70877,591,591,591,0.91,0.92,0.94,0.25,0.26,0.27,0.27,0.28,0.28,0.00,0.00,0.00,0.08,0.08,0.09,0.00,0.00,0.00,0.13,0.15,0.16,290900,638371,1407300,369522,707028,1443989,0,579830065,756831818,0,579830589,756831818,0,356435,0,491.11,502.96,511.40
123,1,100,100,100,26664,26664,26664,70615,70615,70615,591,591,591,0.92,0.93,0.94,0.23,0.26,0.27,0.26,0.27,0.28,0.00,0.00,0.00,0.07,0.08,0.08,0.00,0.00,0.00,0.13,0.15,0.16,293500,437617,545119,322326,502080,615880,0,579808208,757068700,0,579807684,757079183,0,360618,0,499.69,509.83,516.52
123,2,100,100,100,26821,26821,26821,70459,70459,70459,591,591,591,0.92,0.93,0.94,0.24,0.26,0.27,0.27,0.27,0.28,0.00,0.00,0.00,0.08,0.08,0.09,0.00,0.00,0.00,0.13,0.15,0.15,327581,565537,1124282,403579,628956,1147869,0,579856204,757103162,0,579855681,757097920,1925028087,407062,1925435149,491.03,500.60,508.69
123,3,100,100,100,26901,26901,26901,70378,70378,70378,591,591,591,0.91,0.92,0.94,0.25,0.26,0.27,0.27,0.27,0.28,0.00,0.00,0.00,0.08,0.08,0.09,0.00,0.00,0.00,0.13,0.15,0.16,332828,441823,605297,414070,512056,649843,0,579839577,757050847,0,579840101,757045605,0,412229,0,502.63,509.89,516.81
124,0,84,96,100,26403,26403,26403,70877,70877,70877,591,591,591,0.78,0.89,0.96,0.25,0.30,0.33,0.25,0.31,0.36,0.00,0.00,0.00,0.07,0.10,0.15,0.00,0.00,0.00,0.10,0.17,0.23,380003,687078,1378535,395717,770412,1467642,0,197636877,988184386,0,197636877,988184386,0,399368,0,503.96,506.33,509.60
124,1,87,97,100,26664,26664,26664,70615,70615,70615,591,591,591,0.70,0.87,0.96,0.21,0.30,0.36,0.19,0.30,0.40,0.00,0.00,0.00,0.06,0.09,0.15,0.00,0.00,0.00,0.11,0.16,0.25,495300,965447,1543530,539863,1049307,1590700,0,197715113,988575566,0,197716685,988583428,0,398683,0,485.56,493.00,501.46
124,2,83,95,100,26821,26821,26821,70459,70459,70459,591,591,591,0.70,0.87,0.96,0.22,0.30,0.38,0.19,0.30,0.41,0.00,0.00,0.00,0.06,0.10,0.17,0.00,0.00,0.00,0.09,0.16,0.25,330194,456200,830945,369510,541643,1067572,0,196099234,980496174,0,196099754,980498773,1925519205,408217,1925927422,492.50,495.06,497.36
124,3,91,98,100,26901,26901,26901,70378,70378,70378,591,591,591,0.67,0.87,0.95,0.25,0.29,0.34,0.25,0.30,0.35,0.00,0.00,0.00,0.05,0.09,0.15,0.00,0.00,0.00,0.11,0.17,0.22,115281,370102,513651,149341,450735,652546,0,197725763,724344799,0,197723487,708748301,0,457168,0,497.30,500.25,502.68
125,0,99,99,100,26403,26403,26403,70877,70877,70877,591,591,591,0.95,0.97,0.98,0.28,0.33,0.43,0.38,0.41,0.43,0.00,0.00,0.00,0.08,0.15,0.18,0.00,0.00,0.00,0.08,0.12,0.25,319907,461314,799295,366723,533012,972258,0,0,0,0,0,0,0,418626,0,506.99,513.86,520.10
125,1,99,99,100,26664,26664,26664,70615,70615,70615,591,591,591,0.95,0.97,0.98,0.28,0.33,0.45,0.38,0.41,0.43,0.00,0.00,0.00,0.06,0.15,0.18,0.00,0.00,0.00,0.08,0.13,0.28,446091,576731,851135,526769,646001,894981,0,0,0,0,0,0,0,412020,0,499.74,506.76,513.59
125,2,98,99,100,26821,26821,26821,70459,70459,70459,591,591,591,0.94,0.97,0.98,0.27,0.34,0.50,0.35,0.40,0.43,0.00,0.00,0.00,0.03,0.14,0.18,0.00,0.00,0.00,0.08,0.14,0.33,319709,383131,579141,366880,454411,623690,0,0,0,0,0,0,1926029201,456981,1926486182,506.47,511.97,516.54
125,3,98,98,99,26901,26901,26901,70378,70378,70378,591,591,591,0.95,0.97,0.98,0.28,0.32,0.42,0.39,0.41,0.43,0.00,0.00,0.00,0.08,0.15,0.18,0.00,0.00,0.00,0.08,0.12,0.24,330074,583867,1352331,382584,656183,1404747,0,0,0,0,0,0,0,415382,0,511.12,519.76,526.09
126,0,95,98,100,26403,26403,26403,70877,70877,70877,591,591,591,0.80,0.88,0.99,0.21,0.28,0.47,0.33,0.36,0.42,0.00,0.00,0.00,0.03,0.08,0.11,0.00,0.00,0.00,0.08,0.15,0.32,332827,671225,1548735,385241,734470,1595905,0,447333754,1048014878,0,445293283,1037812522,0,390757,0,498.45,510.44,521.95
126,1,100,100,100,26664,26664,26664,70615,70615,70615,591,591,591,0.81,0.87,0.97,0.18,0.27,0.49,0.33,0.36,0.43,0.00,0.00,0.00,0.03,0.08,0.11,0.00,0.00,0.00,0.05,0.14,0.35,440247,787773,1554067,474313,850669,1601239,0,413405698,761583806,0,413405174,761578565,0,443683,0,494.80,507.35,516.68
126,2,96,99,100,26821,26821,26821,70459,70459,70459,591,591,591,0.81,0.85,0.91,0.16,0.26,0.42,0.29,0.35,0.41,0.00,0.00,0.00,0.03,0.08,0.11,0.00,0.00,0.00,0.04,0.13,0.31,330217,637867,1362740,379992,700238,1519979,0,413407523,761538917,0,413406999,761533676,1926592920,388963,1926981883,498.46,504.44,513.70
126,3,94,98,100,26901,26901,26901,70378,70378,70378,591,591,591,0.80,0.87,0.98,0.21,0.28,0.46,0.29,0.35,0.43,0.00,0.00,0.00,0.03,0.08,0.10,0.00,0.00,0.00,0.08,0.15,0.31,335452,526933,783469,387866,591929,814912,0,362656587,664805807,0,362657285,664805807,0,297491,0,497.69,510.53,523.89
127,0,100,100,100,26403,26403,26403,70877,70877,70877,591,591,591,0.81,0.86,0.98,0.18,0.21,0.25,0.33,0.36,0.45,0.00,0.00,0.00,0.07,0.09,0.12,0.00,0.00,0.00,0.05,0.08,0.11,330186,377896,482212,359012,416158,529385,368103539,573681088,771434344,267668543,575716465,664798082,0,388916,0,484.49,488.51,490.39
127,1,100,100,100,26664,26664,26664,70615,70615,70615,591,591,591,0.81,0.86,0.98,0.19,0.22,0.25,0.32,0.36,0.44,0.00,0.00,0.00,0.07,0.09,0.11,0.00,0.00,0.00,0.05,0.09,0.11,368626,715796,1307757,401820,758601,1360173,427110725,740580434,1305517167,427114219,740579036,1305525029,0,390174,0,489.19,493.24,497.70
127,2,100,100,100,26821,26821,26821,70459,70459,70459,591,591,591,0.81,0.86,0.94,0.16,0.21,0.25,0.32,0.36,0.43,0.00,0.00,0.00,0.08,0.09,0.11,0.00,0.00,0.00,0.04,0.08,0.12,217415,483268,796652,260898,524614,820238,464869955,741696002,1354261143,480842999,735260990,1354269299,1927075127,391567,1927466694,485.33,488.48,491.08
127,3,100,100,100,26901,26901,26901,70378,70378,70378,591,591,591,0.80,0.86,0.90,0.18,0.21,0.25,0.32,0.37,0.40,0.00,0.00,0.00,0.08,0.09,0.11,0.00,0.00,0.00,0.05,0.08,0.11,23580,729671,1315517,73360,766307,1328620,637715890,649694877,664798576,637721107,649695920,664793334,0,437970,0,488.96,492.37,495.46
128,0,100,100,100,26403,26403,26403,70877,70877,70877,591,591,591,0.81,0.86,0.91,0.17,0.21,0.25,0.33,0.37,0.41,0.00,0.00,0.00,0.08,0.09,0.11,0.00,0.00,0.00,0.05,0.08,0.11,328926,395796,602752,362333,434501,652544,628236722,654415365,678116210,628239292,654416899,678108190,0,390680,0,485.16,486.84,488.34
128,1,100,100,100,26664,26664,26664,70615,70615,70615,591,591,591,0.80,0.87,0.94,0.16,0.20,0.25,0.32,0.37,0.43,0.00,0.00,0.00,0.06,0.09,0.11,0.00,0.00,0.00,0.04,0.08,0.11,449832,573949,1032519,479584,608886,1082310,0,519951193,688975813,0,519152529,794026840,0,397857,0,487.88,494.93,499.35
128,2,100,100,100,26821,26821,26821,70459,70459,70459,591,591,591,0.80,0.86,0.91,0.17,0.21,0.25,0.31,0.36,0.41,0.00,0.00,0.00,0.07,0.09,0.10,0.00,0.00,0.00,0.05,0.08,0.11,324962,385236,594892,340686,422974,649927,0,522187649,1305480853,0,522187828,1305478232,1927566224,444658,1928010882,488.25,492.55,496.86
128,3,99,99,100,26901,26901,26901,70378,70378,70378,591,591,591,0.80,0.86,0.94,0.16,0.22,0.24,0.32,0.37,0.43,0.00,0.00,0.00,0.07,0.09,0.11,0.00,0.00,0.00,0.04,0.09,0.11,335358,652533,1512156,385137,694462,1561950,640657959,655113289,664806551,640652717,655113813,664807615,0,390952,0,482.29,489.28,493.36
129,0,99,99,100,26403,26403,26403,70877,70877,70877,591,591,591,0.81,0.85,0.90,0.18,0.22,0.25,0.32,0.36,0.40,0.00,0.00,0.00,0.08,0.09,0.10,0.00,0.00,0.00,0.06,0.08,0.11,398338,736418,1475452,414062,801936,1619590,640683621,652747299,664800171,640688862,652748609,664792309,0,446204,0,490.62,491.73,493.89
129,1,99,99,100,26664,26664,26664,70615,70615,70615,591,591,591,0.81,0.87,0.97,0.18,0.22,0.24,0.33,0.37,0.44,0.00,0.00,0.00,0.07,0.09,0.11,0.00,0.00,0.00,0.05,0.08,0.10,458617,1229760,2678360,490065,1297898,2812015,605204461,652742487,700284794,640688335,652743734,664799358,0,339663,0,485.28,490.55,496.28
129,2,100,100,100,26821,26821,26821,70459,70459,70459,591,591,591,0.80,0.87,0.94,0.16,0.21,0.25,0.32,0.36,0.43,0.00,0.00,0.00,0.06,0.09,0.11,0.00,0.00,0.00,0.04,0.08,0.11,314478,632235,1307701,364270,697751,1357493,627806306,652739289,700429823,517005858,652737434,807205315,1928108809,293050,1928401859,482.40,488.60,494.30
129,3,99,99,100,26901,26901,26901,70378,70378,70378,591,591,591,0.81,0.85,0.98,0.18,0.22,0.24,0.33,0.36,0.45,0.00,0.00,0.00,0.07,0.09,0.12,0.00,0.00,0.00,0.05,0.08,0.11,322352,532659,856979,353800,597521,906773,640704776,652752454,664799821,640708846,652751143,664794580,0,392162,0,485.08,491.82,497.79
130,0,100,100,100,26403,26403,26403,70877,70877,70877,591,591,591,0.85,0.90,0.92,0.24,0.26,0.27,0.26,0.27,0.28,0.00,0.00,0.00,0.07,0.08,0.08,0.00,0.00,0.00,0.13,0.15,0.16,255075,525343,1100693,323211,598716,1163590,504685694,682547755,765864137,504683946,682548453,765869377,0,305506,0,500.99,506.05,511.94
130,1,100,100,100,26664,26664,26664,70615,70615,70615,591,591,591,0.83,0.91,0.95,0.24,0.26,0.27,0.23,0.27,0.28,0.00,0.00,0.00,0.07,0.08,0.09,0.00,0.00,0.00,0.13,0.15,0.17,448162,827525,1467216,524166,905617,1564157,0,591283862,765816123,0,591282289,765810883,0,410207,0,497.73,506.14,517.47
130,2,100,100,100,26821,26821,26821,70459,70459,70459,591,591,591,0.87,0.91,0.93,0.25,0.26,0.27,0.25,0.27,0.27,0.00,0.00,0.00,0.07,0.08,0.08,0.00,0.00,0.00,0.13,0.15,0.16,327602,442857,830662,398364,522519,904033,0,591264540,765760799,0,591265064,765763419,1928504101,407536,1928911637,493.51,500.71,509.56
130,3,100,100,100,26901,26901,26901,70378,70378,70378,591,591,591,0.86,0.91,0.94,0.22,0.25,0.27,0.26,0.28,0.29,0.00,0.00,0.00,0.07,0.08,0.08,0.00,0.00,0.00,0.11,0.17,0.28,4605,590086,1219257,147369,672034,1290678,472490713,751065474,1330337775,472492460,751064888,1330333170,0,411166,0,499.51,509.64,518.11
132,0,91,98,100,26403,26403,26403,70877,70877,70877,591,591,591,0.73,0.93,0.98,0.26,0.30,0.36,0.24,0.35,0.43,0.00,0.00,0.00,0.06,0.13,0.18,0.00,0.00,0.00,0.08,0.14,0.25,332821,544026,1554001,374751,626426,1729580,0,1175223013,0,0,1175223586,0,0,966239,0,496.00,506.94,520.11
132,1,84,97,100,26664,26664,26664,70615,70615,70615,591,591,591,0.72,0.92,0.98,0.24,0.30,0.36,0.18,0.34,0.43,0.00,0.00,0.00,0.06,0.13,0.18,0.00,0.00,0.00,0.08,0.13,0.23,353308,733021,2101709,473949,810273,2143638,0,1245970139,0,0,1245970925,0,0,947570,0,487.82,501.80,514.16
132,2,82,97,100,26821,26821,26821,70459,70459,70459,591,591,591,0.65,0.92,0.98,0.23,0.30,0.36,0.15,0.34,0.43,0.00,0.00,0.00,0.05,0.12,0.17,0.00,0.00,0.00,0.08,0.13,0.24,256716,485525,1008944,380009,562002,1058736,0,1243474501,0,0,1243474232,0,1929011990,950407,1929962397,484.56,501.04,515.13
132,3,89,98,100,26901,26901,26901,70378,70378,70378,591,591,591,0.64,0.92,0.98,0.26,0.31,0.41,0.24,0.35,0.43,0.00,0.00,0.00,0.05,0.12,0.18,0.00,0.00,0.00,0.08,0.14,0.22,330201,429002,757357,356419,512339,778322,0,1175132879,0,0,1175132086,0,0,830002,0,497.96,510.49,524.00
133,0,100,100,100,26403,26403,26403,70877,70877,70877,591,591,591,0.82,0.89,0.97,0.19,0.30,0.48,0.33,0.36,0.39,0.00,0.00,0.00,0.03,0.07,0.10,0.00,0.00,0.00,0.06,0.16,0.31,327571,517479,814970,361638,579848,980061,0,319919938,934849386,0,319921336,934845892,0,395705,0,491.91,508.69,519.24
133,1,94,98,100,26664,26664,26664,70615,70615,70615,591,591,591,0.81,0.90,0.97,0.18,0.30,0.49,0.32,0.37,0.41,0.00,0.00,0.00,0.03,0.08,0.10,0.00,0.00,0.00,0.05,0.16,0.33,458624,667216,995847,490073,728539,1011570,0,280444588,761531856,0,280444064,761518754,0,389633,0,493.96,507.93,517.68
133,2,100,100,100,26821,26821,26821,70459,70459,70459,591,591,591,0.82,0.89,0.98,0.19,0.29,0.46,0.31,0.37,0.41,0.00,0.00,0.00,0.03,0.08,0.11,0.00,0.00,0.00,0.06,0.15,0.31,327584,489001,809792,359032,549271,859585,0,280448772,761576738,0,280449516,761587221,1930063599,388976,1930452575,491.10,504.43,513.85
133,3,100,100,100,26901,26901,26901,70378,70378,70378,591,591,591,0.81,0.88,0.98,0.18,0.28,0.45,0.33,0.37,0.43,0.00,0.00,0.00,0.03,0.08,0.11,0.00,0.00,0.00,0.04,0.14,0.31,337344,597516,1209020,379186,658622,1236867,0,280132874,761351321,0,280134443,761351321,0,453383,0,498.16,511.82,520.33
134,0,100,100,100,26403,26403,26403,70877,70877,70877,591,591,591,0.80,0.86,0.90,0.16,0.22,0.25,0.32,0.37,0.41,0.00,0.00,0.00,0.07,0.09,0.10,0.00,0.00,0.00,0.04,0.08,0.11,331619,450512,770485,351132,489183,817657,221572508,647857493,1071515773,0,647355046,1290581289,0,387313,0,483.12,487.45,489.49
134,1,99,99,100,26664,26664,26664,70615,70615,70615,591,591,591,0.80,0.86,0.90,0.16,0.21,0.25,0.32,0.36,0.41,0.00,0.00,0.00,0.07,0.09,0.10,0.00,0.00,0.00,0.05,0.08,0.11,316170,574172,1165752,350536,613013,1215526,0,693332324,1305489321,0,693331979,1305484079,0,391836,0,486.74,490.17,493.59
134,2,100,100,100,26821,26821,26821,70459,70459,70459,591,591,591,0.81,0.86,0.90,0.20,0.22,0.25,0.33,0.36,0.40,0.00,0.00,0.00,0.08,0.09,0.10,0.00,0.00,0.00,0.07,0.08,0.11,317024,396096,589665,351085,435424,639459,0,694068664,1305514379,0,694069546,1305517000,1930555313,393460,1930948773,484.57,488.27,490.93
134,3,100,100,100,26901,26901,26901,70378,70378,70378,591,591,591,0.80,0.85,0.90,0.18,0.22,0.24,0.32,0.36,0.40,0.00,0.00,0.00,0.07,0.09,0.10,0.00,0.00,0.00,0.05,0.09,0.11,330211,750222,2003225,361659,790661,2058658,640498274,712640237,952197359,640503514,712638523,952199271,0,395417,0,493.55,496.34,499.54
135,0,99,99,100,26403,26403,26403,70877,70877,70877,591,591,591,0.80,0.85,0.96,0.18,0.22,0.24,0.33,0.36,0.43,0.00,0.00,0.00,0.06,0.09,0.12,0.00,0.00,0.00,0.04,0.08,0.11,329201,454392,597330,374783,494898,629911,36983470,652915199,1268506644,0,652915176,1305487305,0,439745,0,485.85,490.48,494.81
135,1,100,100,100,26664,26664,26664,70615,70615,70615,591,591,591,0.81,0.85,0.90,0.20,0.22,0.25,0.33,0.36,0.39,0.00,0.00,0.00,0.08,0.09,0.10,0.00,0.00,0.00,0.07,0.08,0.11,463855,556663,785000,495302,596622,833742,640699857,652713633,664788261,640702477,652714887,664790882,0,344104,0,487.79,490.29,495.72
135,2,100,100,100,26821,26821,26821,70459,70459,70459,591,591,591,0.81,0.86,0.93,0.18,0.22,0.24,0.33,0.36,0.41,0.00,0.00,0.00,0.07,0.09,0.11,0.00,0.00,0.00,0.05,0.08,0.11,316917,581160,1315883,348347,625054,1352581,640686944,652674909,664772130,640697427,652672289,664756406,1931044197,339240,1931383437,488.65,491.89,494.66
135,3,100,100,100,26901,26901,26901,70378,70378,70378,591,591,591,0.80,0.86,0.95,0.16,0.21,0.24,0.32,0.37,0.44,0.00,0.00,0.00,0.07,0.09,0.11,0.00,0.00,0.00,0.04,0.08,0.11,330211,412736,592284,382614,453354,634215,640534317,652704056,664804781,640526457,652705367,664810023,0,440934,0,486.34,491.69,496.02
136,0,99,99,100,26403,26403,26403,70877,70877,70877,591,591,591,0.81,0.85,0.95,0.17,0.22,0.25,0.33,0.36,0.44,0.00,0.00,0.00,0.07,0.09,0.11,0.00,0.00,0.00,0.05,0.09,0.11,338066,696023,1546196,387859,756298,1595989,0,655132306,1305478232,0,655131782,1305483474,0,289670,0,483.66,487.65,491.43
136,1,100,100,100,26664,26664,26664,70615,70615,70615,591,591,591,0.81,0.85,0.90,0.18,0.22,0.25,0.32,0.35,0.40,0.00,0.00,0.00,0.07,0.09,0.10,0.00,0.00,0.00,0.05,0.09,0.11,466478,820276,1907867,513650,884745,1957660,36828884,655152070,1268646046,147619540,655151947,1157849531,0,390202,0,487.85,490.52,492.92
136,2,99,99,100,26821,26821,26821,70459,70459,70459,591,591,591,0.80,0.85,0.90,0.19,0.22,0.25,0.32,0.35,0.39,0.00,0.00,0.00,0.08,0.09,0.10,0.00,0.00,0.00,0.07,0.09,0.11,327586,394150,571311,369517,456522,621104,640686198,655152604,664797125,640680956,655154177,664804987,1931482612,391266,1931873878,483.70,486.31,490.80
136,3,100,100,100,26901,26901,26901,70378,70378,70378,591,591,591,0.80,0.85,0.98,0.18,0.22,0.25,0.33,0.36,0.45,0.00,0.00,0.00,0.07,0.09,0.12,0.00,0.00,0.00,0.05,0.09,0.11,144142,622794,1326708,193936,684817,1356634,627731052,648927818,678781134,627741322,648927255,678775783,0,392035,0,487.17,490.69,494.00
137,0,100,100,100,26403,26403,26403,70877,70877,70877,591,591,591,0.89,0.91,0.92,0.19,0.25,0.27,0.27,0.29,0.37,0.00,0.00,0.00,0.07,0.08,0.08,0.00,0.00,0.00,0.07,0.14,0.16,234107,496520,846479,300496,569025,927720,0,493605841,977145755,0,493610450,977149249,0,406171,0,487.63,502.63,515.41
137,1,100,100,100,26664,26664,26664,70615,70615,70615,591,591,591,0.87,0.92,0.94,0.20,0.24,0.27,0.27,0.29,0.32,0.00,0.00,0.00,0.07,0.08,0.09,0.00,0.00,0.00,0.09,0.13,0.15,476942,711731,1111136,550317,783532,1184512,39274990,591268274,765758105,157393471,591267615,765755485,0,411914,0,490.75,501.66,509.13
137,2,100,100,100,26821,26821,26821,70459,70459,70459,591,591,591,0.87,0.91,0.93,0.20,0.25,0.27,0.27,0.28,0.32,0.00,0.00,0.00,0.07,0.08,0.08,0.00,0.00,0.00,0.09,0.14,0.16,335429,487943,843847,414046,561842,911984,0,591290152,765932312,0,591291200,765929692,1931968692,408084,1932376776,486.75,496.63,503.31
137,3,100,100,100,26901,26901,26901,70378,70378,70378,591,591,591,0.86,0.91,0.94,0.20,0.25,0.27,0.27,0.28,0.31,0.00,0.00,0.00,0.08,0.08,0.09,0.00,0.00,0.00,0.09,0.14,0.16,338073,570263,854345,416679,646264,922483,0,591328458,765979703,0,591327934,765984944,0,312289,0,491.21,501.00,513.01
138,0,88,97,100,26403,26403,26403,70877,70877,70877,591,591,591,0.80,0.89,0.95,0.24,0.29,0.34,0.25,0.29,0.36,0.00,0.00,0.00,0.06,0.08,0.11,0.00,0.00,0.00,0.13,0.17,0.24,322510,723184,1519992,347904,800282,1533095,0,330672710,966617473,0,330673735,966622598,0,443020,0,493.67,505.10,514.42
138,1,88,97,100,26664,26664,26664,70615,70615,70615,591,591,591,0.73,0.88,0.96,0.27,0.29,0.32,0.25,0.28,0.31,0.00,0.00,0.00,0.06,0.08,0.11,0.00,0.00,0.00,0.15,0.17,0.20,458623,492333,538084,474361,555926,714534,0,339463683,708730575,0,339463159,708738437,0,438464,0,490.06,499.35,515.11
138,2,82,96,100,26821,26821,26821,70459,70459,70459,591,591,591,0.75,0.89,0.95,0.24,0.29,0.31,0.25,0.28,0.31,0.00,0.00,0.00,0.06,0.08,0.11,0.00,0.00,0.00,0.13,0.17,0.21,319629,383091,484820,332728,454591,594901,0,318793428,708507493,0,318791689,708499633,1932477922,445650,1932923572,493.66,499.95,507.63
138,3,95,99,100,26901,26901,26901,70378,70378,70378,591,591,591,0.77,0.88,0.94,0.25,0.30,0.37,0.23,0.29,0.41,0.00,0.00,0.00,0.07,0.08,0.11,0.00,0.00,0.00,0.15,0.17,0.25,338058,447923,584231,395712,524619,631389,0,292204477,988557856,0,292205525,988563097,0,449929,0,502.89,510.89,520.54
139,0,98,98,99,26403,26403,26403,70877,70877,70877,591,591,591,0.96,0.98,0.98,0.28,0.30,0.31,0.36,0.41,0.43,0.00,0.00,0.00,0.15,0.17,0.18,0.00,0.00,0.00,0.08,0.09,0.10,335443,501590,843849,382632,546141,885780,0,0,0,0,0,0,0,417400,0,497.34,509.34,522.55
139,1,99,99,100,26664,26664,26664,70615,70615,70615,591,591,591,0.95,0.97,0.98,0.28,0.30,0.31,0.37,0.41,0.43,0.00,0.00,0.00,0.15,0.17,0.18,0.00,0.00,0.00,0.08,0.09,0.11,458621,718061,1137377,511029,777288,1184550,0,0,0,0,0,0,0,415083,0,488.50,503.26,513.82
139,2,96,98,100,26821,26821,26821,70459,70459,70459,591,591,591,0.96,0.97,0.98,0.28,0.29,0.31,0.40,0.41,0.43,0.00,0.00,0.00,0.17,0.17,0.18,0.00,0.00,0.00,0.08,0.09,0.10,330196,607467,1257939,379987,674031,1305112,0,0,0,0,0,0,1933025816,414060,1933439876,497.14,512.46,519.87
139,3,99,99,99,26901,26901,26901,70378,70378,70378,591,591,591,0.97,0.98,0.98,0.27,0.30,0.31,0.41,0.42,0.43,0.00,0.00,0.00,0.16,0.17,0.18,0.00,0.00,0.00,0.08,0.09,0.11,138897,543397,1357516,180828,613260,1399447,0,0,0,0,0,0,0,419676,0,506.69,516.97,526.67
140,0,95,98,100,26403,26403,26403,70877,70877,70877,591,591,591,0.81,0.90,0.99,0.22,0.32,0.48,0.33,0.36,0.43,0.00,0.00,0.00,0.03,0.08,0.11,0.00,0.00,0.00,0.09,0.17,0.33,327581,441313,573915,377373,531986,718065,0,280455917,761585996,0,280454345,761583375,0,395113,0,499.76,515.13,525.86
140,1,100,100,100,26664,26664,26664,70615,70615,70615,591,591,591,0.81,0.89,0.95,0.16,0.32,0.49,0.30,0.36,0.43,0.00,0.00,0.00,0.03,0.08,0.11,0.00,0.00,0.00,0.04,0.18,0.35,490040,717984,1139926,516270,793977,1291916,0,280402619,761525578,0,280405240,761528199,0,398657,0,502.86,510.21,519.71
140,2,96,99,100,26821,26821,26821,70459,70459,70459,591,591,591,0.81,0.88,0.93,0.17,0.32,0.52,0.31,0.36,0.41,0.00,0.00,0.00,0.03,0.07,0.10,0.00,0.00,0.00,0.05,0.18,0.34,374705,632325,1007489,421938,701339,1056446,0,278300138,761559381,0,278300121,761556760,1933537532,394987,1933932519,493.33,502.73,512.47
140,3,99,99,100,26901,26901,26901,70378,70378,70378,591,591,591,0.81,0.88,0.97,0.18,0.30,0.47,0.29,0.36,0.42,0.00,0.00,0.00,0.03,0.07,0.11,0.00,0.00,0.00,0.05,0.17,0.32,327586,570183,1095486,361654,634598,1179351,0,280454979,761571072,0,280453930,761573692,0,404781,0,505.57,516.31,525.60
141,0,100,100,100,26403,26403,26403,70877,70877,70877,591,591,591,0.81,0.87,0.99,0.17,0.21,0.23,0.33,0.38,0.47,0.00,0.00,0.00,0.08,0.10,0.12,0.00,0.00,0.00,0.03,0.08,0.11,353787,934574,1497506,385235,973182,1543581,0,598134161,1000772989,0,589270220,1205376962,0,439105,0,482.51,487.46,493.19
141,1,100,100,100,26664,26664,26664,70615,70615,70615,591,591,591,0.81,0.86,0.96,0.18,0.21,0.25,0.32,0.36,0.43,0.00,0.00,0.00,0.06,0.09,0.11,0.00,0.00,0.00,0.04,0.08,0.11,456002,616381,854342,487450,654643,901514,443197396,738970006,1305494332,443200890,738968084,1305491712,0,340195,0,486.40,493.28,502.03
141,2,100,100,100,26821,26821,26821,70459,70459,70459,591,591,591,0.81,0.86,0.91,0.16,0.21,0.25,0.32,0.36,0.42,0.00,0.00,0.00,0.07,0.09,0.11,0.00,0.00,0.00,0.04,0.08,0.12,216629,576884,1373284,263799,615669,1407354,514352573,731825896,1305483964,462794268,727083491,1305489206,1934027726,341894,1934369620,482.77,491.17,496.54
141,3,99,99,100,26901,26901,26901,70378,70378,70378,591,591,591,0.81,0.86,0.95,0.17,0.21,0.24,0.33,0.37,0.43,0.00,0.00,0.00,0.08,0.09,0.11,0.00,0.00,0.00,0.04,0.08,0.11,314486,418260,765236,364274,459318,800179,0,696261732,1305505191,0,696262082,1305499950,0,447042,0,487.37,494.95,503.04
142,0,99,99,100,26403,26403,26403,70877,70877,70877,591,591,591,0.81,0.85,0.94,0.18,0.22,0.25,0.33,0.36,0.42,0.00,0.00,0.00,0.07,0.09,0.11,0.00,0.00,0.00,0.05,0.08,0.11,359035,509061,801898,406207,549026,833345,571055872,626081239,664789863,640689447,652740640,664800346,0,287719,0,482.77,485.29,487.69
142,1,100,100,100,26664,26664,26664,70615,70615,70615,591,591,591,0.80,0.85,0.90,0.18,0.22,0.25,0.32,0.36,0.40,0.00,0.00,0.00,0.07,0.09,0.10,0.00,0.00,0.00,0.05,0.08,0.11,442896,621103,1129519,471725,661068,1179312,0,519226524,771425895,0,537048517,842708624,0,389351,0,487.75,489.66,490.86
142,2,100,100,100,26821,26821,26821,70459,70459,70459,591,591,591,0.80,0.85,0.91,0.19,0.22,0.25,0.31,0.35,0.39,0.00,0.00,0.00,0.08,0.09,0.10,0.00,0.00,0.00,0.07,0.09,0.11,356366,1022022,1994351,393051,1064606,2044144,0,652717035,1305459554,0,652715725,1305462175,1934471605,395940,1934867545,491.77,493.73,496.59
142,3,100,100,100,26901,26901,26901,70378,70378,70378,591,591,591,0.81,0.85,0.96,0.17,0.22,0.25,0.33,0.36,0.44,0.00,0.00,0.00,0.07,0.09,0.12,0.00,0.00,0.00,0.05,0.08,0.11,144138,709727,1459674,193931,749490,1491121,0,647140189,1283103857,0,647142809,1283103857,0,388622,0,484.05,488.31,491.67
143,0,99,99,100,26403,26403,26403,70877,70877,70877,591,591,591,0.81,0.86,0.90,0.19,0.21,0.25,0.33,0.37,0.39,0.00,0.00,0.00,0.08,0.09,0.11,0.00,0.00,0.00,0.06,0.08,0.11,332828,497390,796703,382581,535127,849118,640652454,650309048,664812787,640649833,650306952,664807546,0,387814,0,482.67,488.01,492.81
143,1,99,99,100,26664,26664,26664,70615,70615,70615,591,591,591,0.81,0.85,0.95,0.16,0.21,0.24,0.32,0.35,0.43,0.00,0.00,0.00,0.06,0.09,0.11,0.00,0.00,0.00,0.04,0.08,0.11,455983,688699,835959,482189,731152,888370,570895798,636354575,700250744,498421370,614733821,807028146,0,395457,0,484.16,489.89,492.89
143,2,100,100,100,26821,26821,26821,70459,70459,70459,591,591,591,0.80,0.85,0.91,0.18,0.22,0.25,0.31,0.35,0.40,0.00,0.00,0.00,0.07,0.08,0.10,0.00,0.00,0.00,0.05,0.09,0.11,311867,437298,600042,338064,481026,649827,0,524956869,748498670,0,546690064,817514704,1934962791,439207,1935401998,486.01,489.38,493.27
143,3,99,99,100,26901,26901,26901,70378,70378,70378,591,591,591,0.80,0.84,0.90,0.18,0.22,0.25,0.32,0.35,0.40,0.00,0.00,0.00,0.08,0.09,0.11,0.00,0.00,0.00,0.05,0.09,0.11,314955,612959,948463,364948,666251,1050646,112352180,650070944,1305511550,187095761,650792014,1305508929,0,284262,0,490.78,492.32,494.10
144,0,100,100,100,26403,26403,26403,70877,70877,70877,591,591,591,0.88,0.91,0.92,0.21,0.25,0.27,0.27,0.30,0.40,0.00,0.00,0.00,0.07,0.08,0.10,0.00,0.00,0.00,0.08,0.14,0.18,353742,673934,1353376,472482,766263,1418298,0,608760267,932894950,0,608762438,932894950,0,409315,0,489.16,500.83,508.30
144,1,100,100,100,26664,26664,26664,70615,70615,70615,591,591,591,0.87,0.93,0.98,0.18,0.25,0.27,0.24,0.30,0.44,0.00,0.00,0.00,0.07,0.09,0.12,0.00,0.00,0.00,0.05,0.13,0.17,337136,800130,1485917,426224,888700,1556675,0,618575085,982969777,0,625937188,982969777,0,470237,0,488.79,504.32,513.79
144,2,100,100,100,26821,26821,26821,70459,70459,70459,591,591,591,0.89,0.92,0.94,0.16,0.24,0.27,0.26,0.30,0.42,0.00,0.00,0.00,0.08,0.09,0.11,0.00,0.00,0.00,0.04,0.13,0.16,141517,514134,1137322,238483,600260,1214192,500519821,666758460,765997251,517016284,636186428,766005113,1935501345,404909,1935906254,483.77,495.19,503.95
144,3,100,100,100,26901,26901,26901,70378,70378,70378,591,591,591,0.89,0.91,0.94,0.19,0.25,0.27,0.27,0.30,0.39,0.00,0.00,0.00,0.08,0.08,0.09,0.00,0.00,0.00,0.07,0.14,0.16,15724,703380,1312959,96968,782874,1381097,0,492969947,982975577,0,492969248,982972083,0,470554,0,492.14,507.68,520.63
145,0,83,96,100,26403,26403,26403,70877,70877,70877,591,591,591,0.82,0.89,0.95,0.24,0.29,0.34,0.25,0.29,0.38,0.00,0.00,0.00,0.06,0.08,0.11,0.00,0.00,0.00,0.13,0.17,0.24,332822,446534,689161,361649,528820,775634,0,339453354,988572359,0,339451781,988569738,0,398768,0,501.73,506.20,511.20
145,1,84,96,100,26664,26664,26664,70615,70615,70615,591,591,591,0.69,0.86,0.95,0.23,0.28,0.32,0.25,0.28,0.33,0.00,0.00,0.00,0.05,0.08,0.11,0.00,0.00,0.00,0.13,0.17,0.21,466500,575475,898830,479604,658808,1111090,0,339461069,708740705,0,339464738,708743325,0,391870,0,494.43,502.72,515.74
145,2,87,97,100,26821,26821,26821,70459,70459,70459,591,591,591,0.69,0.86,0.95,0.25,0.29,0.32,0.25,0.28,0.33,0.00,0.00,0.00,0.06,0.08,0.11,0.00,0.00,0.00,0.14,0.17,0.21,335557,411961,542408,380123,494775,652564,0,339500229,708948145,0,339499704,708937659,1936007128,388838,1936395966,486.61,493.77,507.25
145,3,92,96,100,26901,26901,26901,70378,70378,70378,591,591,591,0.69,0.87,0.95,0.25,0.29,0.33,0.25,0.29,0.34,0.00,0.00,0.00,0.06,0.08,0.11,0.00,0.00,0.00,0.13,0.17,0.20,319724,417949,605401,353793,497523,618505,0,339451940,755546474,0,339446968,708736610,0,395521,0,500.15,506.10,517.75
146,0,98,98,99,26403,26403,26403,70877,70877,70877,591,591,591,0.95,0.97,0.98,0.27,0.30,0.31,0.36,0.41,0.43,0.00,0.00,0.00,0.15,0.17,0.18,0.00,0.00,0.00,0.08,0.09,0.11,322350,425078,600170,372144,471202,642104,0,0,0,0,0,0,0,417956,0,502.32,510.73,518.00
146,1,96,98,99,26664,26664,26664,70615,70615,70615,591,591,591,0.95,0.97,0.98,0.27,0.30,0.31,0.30,0.39,0.42,0.00,0.00,0.00,0.13,0.16,0.18,0.00,0.00,0.00,0.07,0.10,0.14,445508,608523,1134743,490059,650979,1176673,0,0,0,0,0,0,0,409737,0,492.56,501.80,510.99
146,2,99,99,99,26821,26821,26821,70459,70459,70459,591,591,591,0.94,0.97,0.98,0.28,0.30,0.31,0.31,0.40,0.42,0.00,0.00,0.00,0.13,0.16,0.18,0.00,0.00,0.00,0.08,0.10,0.13,317108,473293,796693,366890,516796,833383,0,0,0,0,0,0,1936500294,407743,1936908037,492.33,506.25,512.00
146,3,98,98,99,26901,26901,26901,70378,70378,70378,591,591,591,0.96,0.97,0.98,0.27,0.30,0.31,0.35,0.41,0.43,0.00,0.00,0.00,0.15,0.17,0.18,0.00,0.00,0.00,0.08,0.09,0.11,337996,477834,688413,385159,521647,726659,0,0,0,0,0,0,0,418237,0,505.50,519.73,527.10
147,0,94,98,100,26403,26403,26403,70877,70877,70877,591,591,591,0.81,0.92,0.99,0.21,0.33,0.46,0.34,0.38,0.43,0.00,0.00,0.00,0.03,0.07,0.11,0.00,0.00,0.00,0.08,0.19,0.32,322350,488423,942126,353799,582540,972672,0,116802743,467210974,0,116803145,467212582,0,347789,0,502.78,516.82,522.88
147,1,94,98,100,26664,26664,26664,70615,70615,70615,591,591,591,0.88,0.92,0.96,0.24,0.34,0.48,0.34,0.38,0.40,0.00,0.00,0.00,0.03,0.08,0.13,0.00,0.00,0.00,0.10,0.18,0.31,417518,981595,2151576,438482,1082927,2201368,0,190395476,761579299,0,190392204,761568817,0,351849,0,507.43,514.18,519.03
147,2,97,99,100,26821,26821,26821,70459,70459,70459,591,591,591,0.86,0.92,0.98,0.21,0.34,0.45,0.32,0.37,0.41,0.00,0.00,0.00,0.03,0.08,0.11,0.00,0.00,0.00,0.08,0.19,0.30,141512,523608,1112935,172959,620876,1146131,0,126931002,507724010,0,126932094,507725757,1937057083,304957,1937362040,504.46,508.09,511.24
147,3,94,98,100,26901,26901,26901,70378,70378,70378,591,591,591,0.86,0.92,0.98,0.18,0.33,0.44,0.32,0.37,0.44,0.00,0.00,0.00,0.03,0.08,0.12,0.00,0.00,0.00,0.05,0.18,0.31,319720,457955,791454,379978,557101,826397,0,190383084,761532336,0,190384394,761537577,0,446814,0,504.97,518.14,525.84
148,0,99,99,100,26403,26403,26403,70877,70877,70877,591,591,591,0.81,0.86,0.96,0.17,0.22,0.25,0.33,0.37,0.43,0.00,0.00,0.00,0.06,0.09,0.12,0.00,0.00,0.00,0.04,0.09,0.12,348457,1013233,2148712,379896,1055716,2196517,0,656397698,1361550300,0,656397217,1361553033,0,391679,0,486.02,490.25,494.81
148,1,100,100,100,26664,26664,26664,70615,70615,70615,591,591,591,0.81,0.85,0.94,0.16,0.22,0.24,0.32,0.35,0.43,0.00,0.00,0.00,0.06,0.09,0.11,0.00,0.00,0.00,0.04,0.09,0.11,466325,593802,778285,503002,635730,828074,640688101,650276619,664737056,640680239,650277143,664750158,0,394056,0,488.69,497.27,503.86
148,2,100,100,100,26821,26821,26821,70459,70459,70459,591,591,591,0.81,0.85,0.90,0.16,0.22,0.25,0.32,0.35,0.40,0.00,0.00,0.00,0.07,0.09,0.10,0.00,0.00,0.00,0.05,0.09,0.11,330209,448114,676020,343313,491091,728424,640694733,650312541,664785541,640685656,650311493,664785541,1937460626,383188,1937843814,480.28,488.41,497.95
148,3,100,100,100,26901,26901,26901,70378,70378,70378,591,591,591,0.81,0.84,0.90,0.18,0.22,0.25,0.33,0.36,0.40,0.00,0.00,0.00,0.07,0.09,0.11,0.00,0.00,0.00,0.05,0.09,0.11,10482,585459,1394210,65518,631059,1446624,640665058,650328649,664797337,640665058,650329697,664792096,0,390396,0,480.97,490.83,497.66
149,0,100,100,100,26403,26403,26403,70877,70877,70877,591,591,591,0.81,0.86,0.96,0.18,0.22,0.25,0.33,0.36,0.44,0.00,0.00,0.00,0.07,0.09,0.11,0.00,0.00,0.00,0.05,0.08,0.11,453524,1102488,2041448,484983,1141363,2075515,554136561,689500094,836753880,640499127,689504705,836753880,0,386667,0,482.74,486.12,491.40
149,1,100,100,100,26664,26664,26664,70615,70615,70615,591,591,591,0.80,0.86,0.90,0.18,0.21,0.25,0.32,0.36,0.40,0.00,0.00,0.00,0.07,0.09,0.10,0.00,0.00,0.00,0.05,0.08,0.11,312737,747583,2036219,356415,785670,2051943,0,696263639,1305523985,0,696262590,1305516123,0,444040,0,487.80,490.50,492.87
149,2,100,100,100,26821,26821,26821,70459,70459,70459,591,591,591,0.80,0.86,0.94,0.16,0.21,0.25,0.31,0.36,0.42,0.00,0.00,0.00,0.06,0.09,0.11,0.00,0.00,0.00,0.04,0.08,0.11,324961,513646,725947,351180,554003,762638,443163603,738967405,1305475539,514336786,731846596,1305467677,1937941710,444152,1938385862,478.11,486.40,494.16
149,3,100,100,100,26901,26901,26901,70378,70378,70378,591,591,591,0.80,0.86,0.98,0.18,0.21,0.25,0.32,0.36,0.45,0.00,0.00,0.00,0.07,0.09,0.12,0.00,0.00,0.00,0.05,0.08,0.11,327524,781973,1943925,374688,820415,1977983,0,691603555,1305238441,0,691605634,1305254162,0,297379,0,485.97,491.39,495.64
150,0,99,99,100,26403,26403,26403,70877,70877,70877,591,591,591,0.80,0.84,0.96,0.17,0.22,0.25,0.33,0.35,0.43,0.00,0.00,0.00,0.06,0.09,0.11,0.00,0.00,0.00,0.04,0.09,0.12,327583,437545,815010,369522,499080,846457,36983678,657968738,1268498511,0,657969666,1305481479,0,393931,0,483.49,489.89,493.31
150,1,100,100,100,26664,26664,26664,70615,70615,70615,591,591,591,0.81,0.85,0.93,0.16,0.21,0.24,0.32,0.35,0.43,0.00,0.00,0.00,0.07,0.09,0.11,0.00,0.00,0.00,0.04,0.08,0.11,492678,688713,896276,545090,729595,930345,110639098,529558036,700286631,184612518,522193153,807071726,0,389752,0,485.03,489.98,492.42
150,2,100,100,100,26821,26821,26821,70459,70459,70459,591,591,591,0.80,0.85,0.91,0.19,0.22,0.25,0.31,0.35,0.40,0.00,0.00,0.00,0.07,0.08,0.10,0.00,0.00,0.00,0.06,0.09,0.11,330209,522547,880471,374761,566575,901435,0,529595560,1305496285,0,551755631,1305501526,1938478443,393055,1938871498,486.60,488.29,491.72
150,3,100,100,100,26901,26901,26901,70378,70378,70378,591,591,591,0.80,0.84,0.90,0.17,0.22,0.25,0.33,0.35,0.41,0.00,0.00,0.00,0.07,0.09,0.11,0.00,0.00,0.00,0.05,0.09,0.11,123165,489539,1268411,154612,546145,1318204,0,655150206,1305486700,0,655147585,1305484079,0,439575,0,491.45,493.68,497.67
151,0,100,100,100,26403,26403,26403,70877,70877,70877,591,591,591,0.87,0.91,0.93,0.19,0.24,0.27,0.27,0.29,0.35,0.00,0.00,0.00,0.07,0.08,0.09,0.00,0.00,0.00,0.09,0.13,0.16,335448,603274,1362762,414068,674032,1444004,117979741,591314263,765984849,0,591314482,765982228,0,456289,0,496.75,502.46,506.10
151,1,100,100,100,26664,26664,26664,70615,70615,70615,591,591,591,0.84,0.92,0.99,0.19,0.25,0.27,0.24,0.30,0.44,0.00,0.00,0.00,0.07,0.09,0.12,0.00,0.00,0.00,0.05,0.13,0.16,382146,548133,891052,452723,638768,964433,476130960,667143383,765991444,476136124,674509211,766001927,0,462070,0,485.77,497.43,508.12
151,2,100,100,100,26821,26821,26821,70459,70459,70459,591,591,591,0.90,0.92,0.94,0.16,0.24,0.27,0.26,0.30,0.42,0.00,0.00,0.00,0.08,0.09,0.11,0.00,0.00,0.00,0.04,0.13,0.16,327588,389432,573916,416687,476963,655156,0,571912550,766000851,0,549752772,765990369,1938966816,309532,1939276348,484.84,496.05,504.81
151,3,100,100,100,26901,26901,26901,70378,70378,70378,591,591,591,0.89,0.91,0.92,0.19,0.25,0.27,0.27,0.29,0.37,0.00,0.00,0.00,0.08,0.08,0.09,0.00,0.00,0.00,0.07,0.14,0.16,361656,458862,619827,437657,535679,694694,0,542623052,765999871,0,542623401,766002492,0,418891,0,490.73,505.86,517.54
152,0,91,97,100,26403,26403,26403,70877,70877,70877,591,591,591,0.80,0.87,0.94,0.26,0.29,0.34,0.27,0.30,0.35,0.00,0.00,0.00,0.06,0.07,0.09,0.00,0.00,0.00,0.14,0.18,0.23,332885,480808,832983,348611,565973,893230,0,424263967,708379139,0,424261150,708376519,0,302382,0,504.66,505.61,507.28
152,1,87,96,100,26664,26664,26664,70615,70615,70615,591,591,591,0.68,0.83,0.92,0.24,0.27,0.32,0.27,0.29,0.33,0.00,0.00,0.00,0.05,0.07,0.08,0.00,0.00,0.00,0.13,0.17,0.21,490059,819618,1260585,663022,907409,1302517,0,424328092,708737330,0,424326127,708729468,0,286045,0,492.67,502.68,514.79
152,2,82,95,100,26821,26821,26821,70459,70459,70459,591,591,591,0.67,0.83,0.93,0.24,0.28,0.32,0.26,0.29,0.34,0.00,0.00,0.00,0.05,0.07,0.08,0.00,0.00,0.00,0.13,0.17,0.21,461221,668252,833328,678756,762812,849051,0,486062515,955707578,0,486063388,955705831,1939428721,385547,1939814268,489.90,498.60,512.04
152,3,96,98,100,26901,26901,26901,70378,70378,70378,591,591,591,0.70,0.85,0.95,0.24,0.28,0.33,0.25,0.29,0.32,0.00,0.00,0.00,0.06,0.07,0.09,0.00,0.00,0.00,0.13,0.17,0.21,324951,493984,925073,364247,589639,940797,0,424303172,755491888,0,424301944,786530346,0,401031,0,503.53,509.29,520.43
153,0,98,99,100,26403,26403,26403,70877,70877,70877,591,591,591,0.96,0.97,0.98,0.28,0.30,0.32,0.25,0.38,0.43,0.00,0.00,0.00,0.11,0.16,0.18,0.00,0.00,0.00,0.08,0.10,0.16,347150,506515,833362,393097,557309,883155,0,0,0,0,0,0,0,406550,0,503.62,508.84,510.70
153,1,98,99,100,26664,26664,26664,70615,70615,70615,591,591,591,0.94,0.96,0.97,0.28,0.30,0.31,0.25,0.36,0.42,0.00,0.00,0.00,0.11,0.15,0.18,0.00,0.00,0.00,0.08,0.11,0.15,466448,640476,1040370,526720,688171,1084920,0,0,0,0,0,0,0,407124,0,486.52,496.19,507.69
153,2,0,66,100,26821,26821,26821,70459,70459,70459,591,591,591,0.10,0.63,0.97,0.04,0.20,0.31,0.04,0.22,0.42,0.00,0.00,0.00,0.01,0.09,0.17,0.00,0.00,0.00,0.01,0.08,0.17,324979,517323,715426,353819,549819,754735,0,0,0,0,0,0,1939917140,288877,1940206017,385.48,432.94,489.78
153,3,0,77,100,26901,26901,26901,70378,70378,70378,591,591,591,0.01,0.70,0.98,0.01,0.22,0.31,0.00,0.26,0.41,0.00,0.00,0.00,0.00,0.11,0.17,0.00,0.00,0.00,0.00,0.08,0.16,327578,428223,563411,348591,458622,615822,0,0,0,0,0,0,0,377697,0,425.84,456.25,505.22
154,0,98,99,100,26403,26403,26403,70877,70877,70877,591,591,591,0.16,0.65,0.98,0.07,0.26,0.43,0.05,0.26,0.41,0.00,0.00,0.00,0.00,0.06,0.17,0.00,0.00,0.00,0.06,0.15,0.26,309117,452339,864916,403583,534622,914714,0,0,0,0,0,0,0,347881,0,403.16,457.56,516.75
154,1,96,98,100,26664,26664,26664,70615,70615,70615,591,591,591,0.01,0.64,0.98,0.00,0.27,0.38,0.00,0.26,0.42,0.00,0.00,0.00,0.00,0.07,0.17,0.00,0.00,0.00,0.00,0.15,0.29,442950,674562,1066604,455991,755800,1111155,0,0,0,0,0,0,0,353354,0,406.82,459.92,518.76
154,2,99,99,100,26821,26821,26821,70459,70459,70459,591,591,591,0.92,0.96,0.98,0.27,0.37,0.49,0.31,0.39,0.43,0.00,0.00,0.00,0.03,0.12,0.18,0.00,0.00,0.00,0.08,0.18,0.34,322330,456327,589667,369500,550581,689256,0,514,2572,0,0,0,1940305468,461410,1940766878,392.69,461.07,517.60
154,3,93,98,100,26901,26901,26901,70378,70378,70378,591,591,591,0.57,0.89,0.98,0.31,0.34,0.42,0.19,0.36,0.41,0.00,0.00,0.00,0.02,0.11,0.17,0.00,0.00,0.00,0.09,0.17,0.28,348558,601172,917237,427180,692369,977418,0,0,0,0,524,2620,0,386713,0,429.53,474.07,509.58
155,0,99,99,100,26403,26403,26403,70877,70877,70877,591,591,591,0.80,0.85,0.95,0.16,0.21,0.25,0.32,0.36,0.43,0.00,0.00,0.00,0.07,0.09,0.11,0.00,0.00,0.00,0.04,0.08,0.11,332819,651494,1409888,364266,690279,1449197,0,563676636,1191237897,0,541550364,1205311474,0,391818,0,383.42,442.12,495.71
155,1,99,99,100,26664,26664,26664,70615,70615,70615,591,591,591,0.81,0.86,0.90,0.19,0.22,0.25,0.32,0.36,0.39,0.00,0.00,0.00,0.08,0.09,0.11,0.00,0.00,0.00,0.06,0.08,0.11,372137,685041,1478053,417562,726098,1506880,0,623734099,1305517209,106776226,623734976,1305519830,0,388567,0,396.80,453.81,491.27
155,2,100,100,100,26821,26821,26821,70459,70459,70459,591,591,591,0.81,0.86,0.90,0.16,0.22,0.25,0.32,0.36,0.41,0.00,0.00,0.00,0.09,0.09,0.11,0.00,0.00,0.00,0.04,0.08,0.11,133648,545393,1333597,146751,584701,1383378,0,631768658,1305506120,0,631767961,1305503500,1940862152,387833,1941249985,481.67,494.71,510.58
155,3,99,99,100,26901,26901,26901,70378,70378,70378,591,591,591,0.80,0.85,0.93,0.16,0.22,0.24,0.32,0.36,0.43,0.00,0.00,0.00,0.07,0.09,0.11,0.00,0.00,0.00,0.04,0.09,0.11,324966,528308,925152,380000,570215,961740,36991782,623407847,1268503009,0,623408234,1305494123,0,287279,0,473.27,481.87,489.20
156,0,100,100,100,26403,26403,26403,70877,70877,70877,591,591,591,0.80,0.86,0.90,0.19,0.22,0.25,0.32,0.36,0.40,0.00,0.00,0.00,0.07,0.09,0.10,0.00,0.00,0.00,0.06,0.09,0.11,537103,554487,586036,586086,596088,613943,640528506,680805034,792921486,640533746,695489829,866342332,0,388919,0,487.90,490.17,495.90
156,1,100,100,100,26664,26664,26664,70615,70615,70615,591,591,591,0.81,0.86,0.90,0.16,0.21,0.25,0.32,0.37,0.41,0.00,0.00,0.00,0.07,0.09,0.10,0.00,0.00,0.00,0.05,0.08,0.11,463790,674550,1153095,495234,710191,1205508,0,522198275,1305474359,0,522198275,1305474359,0,391931,0,485.61,487.26,490.29
156,2,100,100,100,26821,26821,26821,70459,70459,70459,591,591,591,0.81,0.86,0.90,0.19,0.21,0.25,0.32,0.37,0.40,0.00,0.00,0.00,0.08,0.09,0.11,0.00,0.00,0.00,0.06,0.08,0.11,335454,502119,875314,377371,543002,906762,0,522199999,1305512594,0,522199986,1305507352,1941349406,392364,1941741770,483.98,489.35,493.99
156,3,99,99,100,26901,26901,26901,70378,70378,70378,591,591,591,0.81,0.85,0.97,0.18,0.21,0.24,0.33,0.36,0.44,0.00,0.00,0.00,0.07,0.09,0.12,0.00,0.00,0.00,0.05,0.08,0.11,330208,357457,455985,361656,397291,490053,0,650331917,1305482617,0,650330345,1305487859,0,441852,0,483.42,489.18,492.41
157,0,100,100,100,26403,26403,26403,70877,70877,70877,591,591,591,0.81,0.88,0.98,0.16,0.21,0.25,0.33,0.38,0.44,0.00,0.00,0.00,0.07,0.10,0.12,0.00,0.00,0.00,0.04,0.08,0.11,361653,819215,1501564,411446,854332,1535631,0,522185741,1194842197,0,522184370,1305474035,0,433365,0,482.05,485.96,489.07
157,1,100,100,100,26664,26664,26664,70615,70615,70615,591,591,591,0.81,0.86,0.90,0.20,0.22,0.25,0.32,0.36,0.39,0.00,0.00,0.00,0.06,0.09,0.10,0.00,0.00,0.00,0.07,0.09,0.11,400093,710010,1519895,443771,752290,1548721,36825456,698708151,1305498206,147616305,706094848,1305492964,0,341378,0,486.76,489.38,493.31
157,2,100,100,100,26821,26821,26821,70459,70459,70459,591,591,591,0.81,0.87,0.91,0.17,0.22,0.25,0.32,0.36,0.40,0.00,0.00,0.00,0.07,0.09,0.10,0.00,0.00,0.00,0.05,0.08,0.11,0,269928,348550,49792,310286,400963,0,650334474,1305482732,0,650333426,1305485353,1941839051,342295,1942181346,488.93,490.56,495.73
157,3,99,99,100,26901,26901,26901,70378,70378,70378,591,591,591,0.81,0.85,0.95,0.17,0.22,0.25,0.32,0.36,0.43,0.00,0.00,0.00,0.07,0.09,0.11,0.00,0.00,0.00,0.05,0.08,0.11,138893,551213,1257946,170340,590172,1307739,0,612429816,1305498999,0,612430341,1305506862,0,396382,0,488.81,491.06,492.36
158,0,100,100,100,26403,26403,26403,70877,70877,70877,591,591,591,0.81,0.86,0.92,0.20,0.23,0.26,0.27,0.33,0.35,0.00,0.00,0.00,0.07,0.09,0.09,0.00,0.00,0.00,0.10,0.11,0.14,221848,523255,1050901,289442,603706,1113798,468704907,801248453,1305482826,468710107,801249098,1305485447,0,303936,0,490.16,492.87,497.13
158,1,100,100,100,26664,26664,26664,70615,70615,70615,591,591,591,0.80,0.87,0.92,0.20,0.23,0.27,0.27,0.33,0.39,0.00,0.00,0.00,0.07,0.09,0.10,0.00,0.00,0.00,0.07,0.11,0.16,461253,623057,780961,495323,706262,901468,640713195,695041325,765982766,640705332,695038704,765982766,0,397215,0,487.43,492.48,498.35
158,2,100,100,100,26821,26821,26821,70459,70459,70459,591,591,591,0.80,0.86,0.92,0.20,0.23,0.27,0.27,0.32,0.36,0.00,0.00,0.00,0.08,0.08,0.09,0.00,0.00,0.00,0.08,0.11,0.16,330215,511027,786172,395734,592705,819366,664799639,752451834,870285737,664791777,752452271,870287484,1942279011,393395,1942672406,480.12,485.30,491.05
158,3,100,100,100,26901,26901,26901,70378,70378,70378,591,591,591,0.83,0.89,0.96,0.17,0.22,0.24,0.28,0.34,0.43,0.00,0.00,0.00,0.07,0.09,0.11,0.00,0.00,0.00,0.04,0.10,0.13,332836,407051,534624,416700,490166,681383,640695347,694130564,766020919,640692727,694129916,766020919,0,401221,0,493.92,495.62,497.50
159,0,90,98,100,26403,26403,26403,70877,70877,70877,591,591,591,0.86,0.91,0.92,0.24,0.26,0.27,0.25,0.27,0.29,0.00,0.00,0.00,0.07,0.08,0.08,0.00,0.00,0.00,0.13,0.15,0.16,322303,419942,642551,379994,493474,726954,0,630316344,988465230,0,630315315,988462610,0,403232,0,502.36,508.90,514.20
159,1,100,100,100,26664,26664,26664,70615,70615,70615,591,591,591,0.92,0.93,0.94,0.23,0.26,0.27,0.27,0.27,0.28,0.00,0.00,0.00,0.07,0.08,0.08,0.00,0.00,0.00,0.13,0.15,0.16,463992,746250,1280755,484834,802851,1354091,0,579914133,757258875,0,579916230,757261496,0,397415,0,502.62,509.41,518.26
159,2,100,100,100,26821,26821,26821,70459,70459,70459,591,591,591,0.92,0.93,0.94,0.25,0.26,0.27,0.27,0.28,0.29,0.00,0.00,0.00,0.08,0.08,0.09,0.00,0.00,0.00,0.14,0.15,0.16,330142,659879,1457105,398267,715959,1499036,42104043,579848167,724896078,168272036,579852038,724890836,1942773310,387029,1943160339,487.82,500.61,509.72
159,3,95,99,100,26901,26901,26901,70378,70378,70378,591,591,591,0.88,0.91,0.95,0.25,0.26,0.27,0.27,0.27,0.28,0.00,0.00,0.00,0.07,0.08,0.09,0.00,0.00,0.00,0.14,0.15,0.16,324872,384176,445523,403471,439731,524145,0,589192286,756827831,0,595399122,786557499,0,402565,0,507.32,515.32,523.03
160,0,99,99,100,26403,26403,26403,70877,70877,70877,591,591,591,0.74,0.90,0.98,0.29,0.31,0.33,0.25,0.33,0.41,0.00,0.00,0.00,0.06,0.12,0.17,0.00,0.00,0.00,0.09,0.16,0.23,385203,757377,1622239,463842,840712,1656309,0,0,0,0,0,0,0,459816,0,496.31,501.94,509.81
160,1,27,75,100,26664,26664,26664,70615,70615,70615,591,591,591,0.02,0.54,0.96,0.01,0.20,0.34,0.00,0.18,0.35,0.00,0.00,0.00,0.00,0.05,0.11,0.00,0.00,0.00,0.01,0.13,0.23,293450,708103,1457055,307424,796332,1567120,0,0,0,0,0,0,0,308457,0,340.10,418.68,497.66
160,2,84,96,100,26821,26821,26821,70459,70459,70459,591,591,591,0.63,0.86,0.98,0.27,0.30,0.32,0.23,0.31,0.43,0.00,0.00,0.00,0.04,0.10,0.18,0.00,0.00,0.00,0.08,0.16,0.22,0,292456,398323,41930,391512,558140,0,0,0,0,0,0,1943261708,461752,1943723460,484.16,492.66,508.99
160,3,84,96,100,26901,26901,26901,70378,70378,70378,591,591,591,0.63,0.88,0.98,0.28,0.30,0.33,0.24,0.32,0.42,0.00,0.00,0.00,0.05,0.11,0.17,0.00,0.00,0.00,0.08,0.16,0.22,7862,541582,1114573,44551,641339,1154753,0,0,0,0,0,0,0,459732,0,494.12,500.02,507.32
161,0,99,99,100,26403,26403,26403,70877,70877,70877,591,591,591,0.18,0.81,0.98,0.10,0.29,0.43,0.06,0.34,0.43,0.00,0.00,0.00,0.01,0.12,0.18,0.00,0.00,0.00,0.07,0.12,0.25,332824,441518,840921,373848,510243,1013821,0,0,0,0,0,0,0,332371,0,414.61,495.06,523.41
161,1,99,99,99,26664,26664,26664,70615,70615,70615,591,591,591,0.95,0.97,0.98,0.28,0.30,0.31,0.36,0.40,0.42,0.00,0.00,0.00,0.15,0.17,0.18,0.00,0.00,0.00,0.08,0.10,0.11,463748,933466,1774275,503137,979063,1824070,0,0,0,0,0,0,0,417121,0,368.28,460.93,526.46
161,2,97,98,100,26821,26821,26821,70459,70459,70459,591,591,591,0.08,0.79,0.98,0.05,0.29,0.48,0.00,0.33,0.43,0.00,0.00,0.00,0.00,0.11,0.18,0.00,0.00,0.00,0.04,0.12,0.30,324851,645740,1174074,377377,715791,1217752,0,0,0,0,0,0,1943827395,309964,1944137359,413.13,490.37,519.00
161,3,99,99,100,26901,26901,26901,70378,70378,70378,591,591,591,0.01,0.77,0.98,0.00,0.28,0.49,0.00,0.32,0.42,0.00,0.00,0.00,0.00,0.11,0.18,0.00,0.00,0.00,0.00,0.12,0.32,335427,436093,576604,382596,506850,673579,0,0,0,0,0,0,0,302410,0,423.99,499.44,527.62
162,0,100,100,100,26403,26403,26403,70877,70877,70877,591,591,591,0.11,0.74,0.97,0.05,0.22,0.42,0.04,0.31,0.44,0.00,0.00,0.00,0.00,0.07,0.12,0.00,0.00,0.00,0.04,0.11,0.29,364286,564443,673457,414080,615276,767561,0,280439435,640713810,0,280435985,640711189,0,402211,0,360.23,388.33,459.74
162,1,100,100,100,26664,26664,26664,70615,70615,70615,591,591,591,0.80,0.89,0.99,0.21,0.31,0.47,0.33,0.37,0.43,0.00,0.00,0.00,0.03,0.08,0.11,0.00,0.00,0.00,0.08,0.17,0.33,453292,577009,854142,484734,667150,1003486,0,280453084,761566196,0,280453608,761579299,0,399800,0,505.97,517.41,526.30
162,2,97,99,100,26821,26821,26821,70459,70459,70459,591,591,591,0.01,0.67,0.93,0.00,0.21,0.38,0.00,0.28,0.42,0.00,0.00,0.00,0.00,0.06,0.11,0.00,0.00,0.00,0.00,0.11,0.29,301370,395193,615861,317094,447606,731171,0,280441503,761531613,0,280442551,761518510,1944185335,401626,1944586961,351.94,380.47,452.56
162,3,99,99,100,26901,26901,26901,70378,70378,70378,591,591,591,0.01,0.71,0.93,0.00,0.21,0.43,0.00,0.29,0.40,0.00,0.00,0.00,0.00,0.07,0.11,0.00,0.00,0.00,0.00,0.11,0.30,327585,682467,1790567,338068,735295,1824156,0,280365596,761286923,0,280365072,761289543,0,298921,0,363.61,387.12,453.92
163,0,99,99,100,26403,26403,26403,70877,70877,70877,591,591,591,0.81,0.85,0.96,0.17,0.22,0.25,0.33,0.36,0.44,0.00,0.00,0.00,0.07,0.09,0.11,0.00,0.00,0.00,0.05,0.09,0.11,322311,625825,1514793,353756,669853,1548863,604984402,655153652,700479751,640632606,655152512,664828465,0,391771,0,485.65,488.58,492.61
163,1,100,100,100,26664,26664,26664,70615,70615,70615,591,591,591,0.81,0.86,0.94,0.18,0.22,0.25,0.33,0.36,0.42,0.00,0.00,0.00,0.07,0.09,0.11,0.00,0.00,0.00,0.05,0.09,0.11,482084,927371,2186706,516283,970650,2238015,597315467,774537342,1305156851,597315467,774538390,1305159471,0,340105,0,485.30,490.97,500.77
163,2,100,100,100,26821,26821,26821,70459,70459,70459,591,591,591,0.81,0.85,0.95,0.17,0.21,0.24,0.32,0.35,0.43,0.00,0.00,0.00,0.06,0.09,0.11,0.00,0.00,0.00,0.04,0.08,0.11,0,466472,1035146,52414,506307,1069214,640672085,655147949,664796387,640672085,655146376,664809491,1944683016,341055,1945024071,484.33,491.62,498.36
163,3,99,99,100,26901,26901,26901,70378,70378,70378,591,591,591,0.81,0.84,0.90,0.20,0.22,0.25,0.32,0.35,0.39,0.00,0.00,0.00,0.07,0.09,0.10,0.00,0.00,0.00,0.07,0.09,0.11,319714,462277,613208,353782,508401,647276,640661179,655139882,664805100,640669041,655141454,664809597,0,438068,0,492.94,495.99,504.74
164,0,100,100,100,26403,26403,26403,70877,70877,70877,591,591,591,0.80,0.85,0.90,0.17,0.22,0.25,0.33,0.36,0.41,0.00,0.00,0.00,0.07,0.09,0.11,0.00,0.00,0.00,0.05,0.08,0.11,338075,549034,974900,369524,589000,1024694,640698642,652746413,664795849,640693400,652745757,664795849,0,290764,0,485.56,487.25,489.25
164,1,99,99,100,26664,26664,26664,70615,70615,70615,591,591,591,0.81,0.87,0.90,0.19,0.21,0.22,0.32,0.37,0.39,0.00,0.00,0.00,0.06,0.09,0.11,0.00,0.00,0.00,0.06,0.08,0.09,324791,501166,759973,366700,536541,794041,426900219,599304112,664839875,426901966,599304549,664834633,0,393992,0,483.45,489.03,492.94
164,2,100,100,100,26821,26821,26821,70459,70459,70459,591,591,591,0.80,0.87,0.90,0.19,0.22,0.25,0.31,0.37,0.40,0.00,0.00,0.00,0.09,0.10,0.10,0.00,0.00,0.00,0.06,0.08,0.11,325065,402025,609750,353546,444828,660417,0,704175402,1305480112,0,704176276,1305485353,1945126220,392867,1945519087,486.80,490.35,495.96
164,3,100,100,100,26901,26901,26901,70378,70378,70378,591,591,591,0.80,0.87,0.91,0.17,0.21,0.25,0.33,0.37,0.41,0.00,0.00,0.00,0.07,0.09,0.11,0.00,0.00,0.00,0.05,0.08,0.11,314480,547723,990625,343307,583539,1023821,0,704126982,1305491732,0,704124798,1305483870,0,390654,0,488.84,489.70,490.85
165,0,100,100,100,26403,26403,26403,70877,70877,70877,591,591,591,0.81,0.86,0.98,0.18,0.21,0.25,0.33,0.37,0.45,0.00,0.00,0.00,0.07,0.09,0.12,0.00,0.00,0.00,0.05,0.08,0.11,283912,381255,590135,318748,439065,620925,0,693045203,1305494959,0,693044884,1305497579,0,388121,0,489.59,491.23,495.26
165,1,100,100,100,26664,26664,26664,70615,70615,70615,591,591,591,0.80,0.84,0.90,0.18,0.22,0.25,0.32,0.35,0.40,0.00,0.00,0.00,0.08,0.09,0.10,0.00,0.00,0.00,0.06,0.09,0.11,461092,713304,1132129,487374,777768,1179301,36822970,655110629,1268669331,147606318,655105629,1157858365,0,392151,0,487.21,489.14,492.13
165,2,100,100,100,26821,26821,26821,70459,70459,70459,591,591,591,0.81,0.85,0.91,0.16,0.22,0.25,0.32,0.35,0.41,0.00,0.00,0.00,0.07,0.09,0.11,0.00,0.00,0.00,0.04,0.09,0.11,327503,505764,794071,340604,545596,846484,36991131,522142403,664804857,147778458,544306835,771595050,1945610329,391673,1946002002,484.14,486.89,489.52
165,3,99,99,100,26901,26901,26901,70378,70378,70378,591,591,591,0.81,0.84,0.90,0.19,0.22,0.25,0.32,0.35,0.40,0.00,0.00,0.00,0.08,0.09,0.10,0.00,0.00,0.00,0.07,0.09,0.11,327579,576412,896270,356406,626754,927718,106931341,651515000,1305523244,0,651516821,1305531106,0,395594,0,487.41,490.60,494.59
166,0,100,100,100,26403,26403,26403,70877,70877,70877,591,591,591,0.89,0.91,0.92,0.20,0.25,0.27,0.27,0.29,0.35,0.00,0.00,0.00,0.08,0.08,0.08,0.00,0.00,0.00,0.08,0.14,0.16,414063,740590,1679858,487441,811347,1758479,255332580,591304709,757037224,0,591304253,765998762,0,462864,0,489.39,498.33,510.84
166,1,100,100,100,26664,26664,26664,70615,70615,70615,591,591,591,0.87,0.92,0.95,0.20,0.25,0.27,0.27,0.28,0.33,0.00,0.00,0.00,0.07,0.08,0.09,0.00,0.00,0.00,0.09,0.14,0.16,458584,926359,1783517,524096,998678,1859467,117990000,591214315,765936286,196818600,591220666,765941527,0,463816,0,490.67,502.02,512.69
166,2,100,100,100,26821,26821,26821,70459,70459,70459,591,591,591,0.87,0.92,0.95,0.17,0.24,0.27,0.25,0.30,0.43,0.00,0.00,0.00,0.07,0.09,0.11,0.00,0.00,0.00,0.04,0.13,0.16,0,316569,539827,70759,406719,618442,0,579297552,766006311,0,557137427,766001069,1946099446,455149,1946554595,489.76,496.68,501.85
166,3,100,100,100,26901,26901,26901,70378,70378,70378,591,591,591,0.89,0.91,0.92,0.19,0.24,0.27,0.27,0.30,0.39,0.00,0.00,0.00,0.08,0.08,0.09,0.00,0.00,0.00,0.07,0.13,0.16,332725,401417,594714,406206,483168,673310,0,591230549,766002832,0,591230549,765997591,0,464850,0,494.70,505.25,514.73
167,0,83,96,100,26403,26403,26403,70877,70877,70877,591,591,591,0.79,0.88,0.95,0.25,0.29,0.34,0.25,0.29,0.35,0.00,0.00,0.00,0.06,0.08,0.11,0.00,0.00,0.00,0.13,0.17,0.23,330220,491109,1069238,361644,575494,1223858,0,339451881,752284336,0,339446848,988489328,0,396789,0,500.64,507.66,515.85
167,1,100,100,100,26664,26664,26664,70615,70615,70615,591,591,591,0.76,0.89,0.95,0.25,0.29,0.31,0.25,0.28,0.32,0.00,0.00,0.00,0.06,0.08,0.11,0.00,0.00,0.00,0.14,0.17,0.21,344173,461959,547664,407067,535751,739046,0,319217554,708636419,0,319218952,708641660,0,393940,0,495.46,507.02,516.40
167,2,90,98,100,26821,26821,26821,70459,70459,70459,591,591,591,0.70,0.86,0.96,0.25,0.29,0.32,0.25,0.28,0.34,0.00,0.00,0.00,0.06,0.08,0.11,0.00,0.00,0.00,0.14,0.18,0.21,353750,628425,891051,539858,711756,919879,0,389930693,944957879,0,389933139,944954385,1946657058,398628,1947055686,496.63,503.63,509.35
167,3,87,96,100,26901,26901,26901,70378,70378,70378,591,591,591,0.76,0.89,0.96,0.26,0.29,0.33,0.25,0.29,0.33,0.00,0.00,0.00,0.06,0.08,0.11,0.00,0.00,0.00,0.14,0.17,0.21,125793,575124,1507765,138896,650420,1567167,0,273548124,659062988,0,273554180,708713157,0,394037,0,499.35,508.35,517.27
168,0,98,98,99,26403,26403,26403,70877,70877,70877,591,591,591,0.95,0.97,0.98,0.28,0.30,0.31,0.29,0.39,0.42,0.00,0.00,0.00,0.13,0.16,0.17,0.00,0.00,0.00,0.08,0.10,0.13,317761,364843,450742,355962,410740,516257,0,0,0,0,0,0,0,417262,0,502.96,511.81,523.48
168,1,99,99,99,26664,26664,26664,70615,70615,70615,591,591,591,0.96,0.97,0.98,0.28,0.30,0.32,0.39,0.41,0.43,0.00,0.00,0.00,0.17,0.17,0.18,0.00,0.00,0.00,0.08,0.09,0.10,437640,649420,1053633,484811,713365,1098190,0,0,0,0,0,0,0,407206,0,494.27,502.30,508.16
168,2,97,98,99,26821,26821,26821,70459,70459,70459,591,591,591,0.95,0.97,0.98,0.28,0.30,0.31,0.32,0.40,0.43,0.00,0.00,0.00,0.14,0.17,0.18,0.00,0.00,0.00,0.08,0.10,0.13,327588,428702,817454,364266,472203,859375,0,0,0,0,0,0,1947161283,412834,1947574117,504.23,514.45,519.08
168,3,97,98,99,26901,26901,26901,70378,70378,70378,591,591,591,0.95,0.97,0.98,0.28,0.29,0.31,0.35,0.40,0.43,0.00,0.00,0.00,0.15,0.17,0.18,0.00,0.00,0.00,0.08,0.09,0.11,340688,521247,1066619,387860,565239,1105929,0,0,0,0,0,0,0,315770,0,501.49,516.65,526.84
169,0,95,98,100,26403,26403,26403,70877,70877,70877,591,591,591,0.80,0.91,0.99,0.21,0.34,0.46,0.33,0.37,0.43,0.00,0.00,0.00,0.03,0.07,0.11,0.00,0.00,0.00,0.08,0.19,0.33,621088,1087534,1706070,770464,1182523,1737518,0,190393317,761573268,0,190393316,761570647,0,344021,0,508.50,516.77,521.81
169,1,100,100,100,26664,26664,26664,70615,70615,70615,591,591,591,0.89,0.92,0.94,0.16,0.34,0.49,0.31,0.37,0.41,0.00,0.00,0.00,0.04,0.07,0.10,0.00,0.00,0.00,0.05,0.19,0.34,482085,661034,980129,558066,737683,1029922,0,190393438,761573755,0,190392128,761568514,0,347610,0,510.70,513.21,516.62
169,2,95,98,100,26821,26821,26821,70459,70459,70459,591,591,591,0.79,0.89,0.98,0.23,0.34,0.41,0.29,0.36,0.41,0.00,0.00,0.00,0.02,0.08,0.09,0.00,0.00,0.00,0.10,0.20,0.28,2620,326242,597418,49793,427786,746773,0,190395844,761583379,0,190395844,761583379,1947677897,340437,1948018334,502.78,508.77,515.97
169,3,94,98,100,26901,26901,26901,70378,70378,70378,591,591,591,0.81,0.91,0.99,0.25,0.35,0.46,0.33,0.37,0.42,0.00,0.00,0.00,0.03,0.08,0.11,0.00,0.00,0.00,0.11,0.20,0.32,340694,452666,563447,393109,555502,712826,0,190397138,761585934,0,190398449,761593796,0,409428,0,516.67,525.51,531.68
170,0,99,99,100,26403,26403,26403,70877,70877,70877,591,591,591,0.80,0.86,0.90,0.18,0.22,0.25,0.33,0.36,0.40,0.00,0.00,0.00,0.07,0.09,0.11,0.00,0.00,0.00,0.06,0.08,0.11,340690,513499,927726,390484,552797,959175,426293877,607452455,664800346,426290389,607452281,664797444,0,395809,0,483.46,489.98,496.45
170,1,100,100,100,26664,26664,26664,70615,70615,70615,591,591,591,0.81,0.86,0.90,0.19,0.21,0.24,0.33,0.36,0.40,0.00,0.00,0.00,0.08,0.09,0.11,0.00,0.00,0.00,0.06,0.08,0.11,296977,604402,1084510,331916,643071,1130227,35492173,559320729,870229101,0,559322763,870223860,0,388107,0,486.90,492.84,504.57
170,2,100,100,100,26821,26821,26821,70459,70459,70459,591,591,591,0.81,0.86,0.90,0.18,0.22,0.24,0.32,0.36,0.40,0.00,0.00,0.00,0.07,0.09,0.10,0.00,0.00,0.00,0.05,0.09,0.11,327578,578638,1126876,340681,618298,1160071,427123068,607611168,664809066,427121321,607610819,664806445,1948118006,387983,1948505989,484.39,490.70,496.07
170,3,100,100,100,26901,26901,26901,70378,70378,70378,591,591,591,0.80,0.86,0.90,0.17,0.22,0.25,0.33,0.36,0.40,0.00,0.00,0.00,0.07,0.09,0.11,0.00,0.00,0.00,0.05,0.08,0.11,221886,556986,1326077,258576,598917,1357525,427131751,607624317,664807402,427128257,607624143,664812643,0,392035,0,485.41,491.92,503.03
171,0,100,100,100,26403,26403,26403,70877,70877,70877,591,591,591,0.81,0.85,0.99,0.18,0.22,0.25,0.33,0.36,0.45,0.00,0.00,0.00,0.07,0.09,0.12,0.00,0.00,0.00,0.05,0.09,0.11,325982,392546,618493,355374,435438,668287,554143740,661851245,756648886,471832929,653738244,826571542,0,389100,0,488.07,493.35,499.92
171,1,100,100,100,26664,26664,26664,70615,70615,70615,591,591,591,0.81,0.84,0.90,0.19,0.22,0.25,0.32,0.35,0.40,0.00,0.00,0.00,0.08,0.09,0.10,0.00,0.00,0.00,0.06,0.09,0.11,479559,871113,1423078,529350,913042,1446665,0,783271066,1305514682,0,783267922,1305509441,0,390701,0,483.62,485.55,488.34
171,2,100,100,100,26821,26821,26821,70459,70459,70459,591,591,591,0.81,0.85,0.92,0.16,0.22,0.25,0.32,0.35,0.42,0.00,0.00,0.00,0.06,0.09,0.11,0.00,0.00,0.00,0.04,0.09,0.11,314487,406693,589631,348556,448098,642043,640443766,655103147,664809810,640443766,655102623,664799327,1948600016,396292,1948996308,482.62,489.07,493.74
171,3,99,99,100,26901,26901,26901,70378,70378,70378,591,591,591,0.80,0.84,0.90,0.19,0.22,0.25,0.33,0.35,0.40,0.00,0.00,0.00,0.08,0.09,0.11,0.00,0.00,0.00,0.07,0.09,0.11,330187,463314,825542,361634,505767,872716,640658266,655113036,664779192,640663507,655113036,664776571,0,389477,0,484.19,488.05,492.18
172,0,99,99,100,26403,26403,26403,70877,70877,70877,591,591,591,0.80,0.86,0.94,0.18,0.21,0.25,0.33,0.37,0.42,0.00,0.00,0.00,0.07,0.09,0.11,0.00,0.00,0.00,0.05,0.08,0.11,317105,664601,1399440,345933,702863,1451854,605026310,643200662,664799571,640674208,650328145,664795317,0,389716,0,484.47,490.05,493.69
172,1,99,99,100,26664,26664,26664,70615,70615,70615,591,591,591,0.81,0.84,0.92,0.16,0.22,0.24,0.32,0.35,0.42,0.00,0.00,0.00,0.06,0.09,0.11,0.00,0.00,0.00,0.04,0.08,0.11,458612,1102771,2618268,471716,1144504,2669707,0,526903248,687269640,0,548666542,792062089,0,449042,0,481.60,488.67,494.94
172,2,100,100,100,26821,26821,26821,70459,70459,70459,591,591,591,0.81,0.86,0.95,0.17,0.22,0.25,0.32,0.36,0.43,0.00,0.00,0.00,0.07,0.09,0.11,0.00,0.00,0.00,0.04,0.09,0.11,327583,627126,1550128,379997,679391,1599182,110954553,664317535,1305510182,184755671,679079855,1305512803,1949091675,446419,1949538094,491.49,496.39,501.52
172,3,99,99,100,26901,26901,26901,70378,70378,70378,591,591,591,0.80,0.87,0.94,0.16,0.21,0.24,0.32,0.38,0.43,0.00,0.00,0.00,0.07,0.09,0.11,0.00,0.00,0.00,0.04,0.08,0.11,324951,435552,623702,338071,470668,673493,640667283,650326228,664801347,640667283,650326228,664803968,0,444666,0,479.37,484.20,487.60
173,0,100,100,100,26403,26403,26403,70877,70877,70877,591,591,591,0.85,0.90,0.92,0.19,0.24,0.26,0.26,0.30,0.39,0.00,0.00,0.00,0.07,0.08,0.11,0.00,0.00,0.00,0.06,0.13,0.16,332827,616262,1094815,406246,704308,1183868,0,579237654,765559254,0,579239227,765551396,0,410085,0,485.47,497.84,510.63
173,1,100,100,100,26664,26664,26664,70615,70615,70615,591,591,591,0.87,0.92,0.95,0.16,0.24,0.27,0.25,0.30,0.43,0.00,0.00,0.00,0.07,0.09,0.11,0.00,0.00,0.00,0.04,0.13,0.16,328452,726421,1066582,407070,817079,1158303,500447290,666704235,765960767,517169668,636156188,765973870,0,407775,0,498.18,502.54,505.86
173,2,100,100,100,26821,26821,26821,70459,70459,70459,591,591,591,0.89,0.92,0.94,0.17,0.25,0.27,0.26,0.29,0.40,0.00,0.00,0.00,0.08,0.08,0.10,0.00,0.00,0.00,0.06,0.13,0.16,340867,511293,893552,422151,593397,959062,126241643,603618434,982762941,210357289,588874454,982766433,1949636215,408756,1950044971,495.85,501.28,506.15
173,3,100,100,100,26901,26901,26901,70378,70378,70378,591,591,591,0.84,0.90,0.92,0.22,0.25,0.27,0.27,0.29,0.34,0.00,0.00,0.00,0.08,0.08,0.09,0.00,0.00,0.00,0.10,0.14,0.16,356410,639262,919006,427168,726966,1043055,471613051,677109097,756960280,443209446,679949250,765987646,0,414749,0,492.89,504.66,516.07
174,0,91,98,100,26403,26403,26403,70877,70877,70877,591,591,591,0.80,0.88,0.96,0.27,0.29,0.32,0.25,0.29,0.34,0.00,0.00,0.00,0.07,0.08,0.11,0.00,0.00,0.00,0.15,0.18,0.21,237996,438902,885780,301807,527975,1087570,0,384789720,943414388,0,384787238,943412663,0,451089,0,504.57,508.08,514.47
174,1,84,96,100,26664,26664,26664,70615,70615,70615,591,591,591,0.70,0.87,0.95,0.25,0.29,0.32,0.25,0.28,0.35,0.00,0.00,0.00,0.06,0.08,0.11,0.00,0.00,0.00,0.14,0.17,0.21,463881,549828,843851,476985,633165,1090192,0,339480872,708810360,0,339482445,708812981,0,394080,0,497.00,502.98,510.19
174,2,90,98,100,26821,26821,26821,70459,70459,70459,591,591,591,0.63,0.86,0.95,0.25,0.28,0.34,0.25,0.28,0.36,0.00,0.00,0.00,0.05,0.08,0.11,0.00,0.00,0.00,0.14,0.17,0.22,327589,419828,686594,343313,501069,770453,0,339458654,708727367,0,339460226,708718285,1950147906,437386,1950585292,489.75,497.79,509.74
174,3,87,97,100,26901,26901,26901,70378,70378,70378,591,591,591,0.74,0.87,0.94,0.26,0.28,0.35,0.24,0.29,0.38,0.00,0.00,0.00,0.06,0.08,0.11,0.00,0.00,0.00,0.14,0.17,0.24,335348,477792,639441,348448,563125,697095,0,339411944,870133415,0,339413459,988361851,0,295308,0,504.19,512.13,520.07
175,0,98,99,100,26403,26403,26403,70877,70877,70877,591,591,591,0.95,0.97,0.98,0.28,0.30,0.31,0.30,0.40,0.43,0.00,0.00,0.00,0.13,0.16,0.18,0.00,0.00,0.00,0.08,0.10,0.14,332829,646767,1341702,382622,689222,1383630,0,0,0,0,0,0,0,414102,0,502.47,510.47,516.91
175,1,99,99,99,26664,26664,26664,70615,70615,70615,591,591,591,0.95,0.97,0.98,0.27,0.30,0.31,0.32,0.40,0.42,0.00,0.00,0.00,0.13,0.16,0.18,0.00,0.00,0.00,0.07,0.10,0.13,440267,775710,1679825,482197,819212,1724376,0,0,0,0,0,0,0,306592,0,491.52,499.44,505.92
175,2,97,98,99,26821,26821,26821,70459,70459,70459,591,591,591,0.95,0.97,0.98,0.27,0.30,0.31,0.33,0.40,0.43,0.00,0.00,0.00,0.14,0.17,0.18,0.00,0.00,0.00,0.08,0.09,0.13,311600,573841,1121699,353147,617789,1171494,0,0,0,0,0,0,1950688741,308403,1950997144,491.62,505.34,516.20
175,3,98,99,100,26901,26901,26901,70378,70378,70378,591,591,591,0.94,0.97,0.98,0.28,0.30,0.31,0.28,0.39,0.43,0.00,0.00,0.00,0.12,0.16,0.18,0.00,0.00,0.00,0.08,0.10,0.14,131036,381030,581783,178209,422436,628955,0,0,0,0,0,0,0,471064,0,505.94,515.05,524.67
176,0,100,100,100,26403,26403,26403,70877,70877,70877,591,591,591,0.82,0.91,0.98,0.22,0.35,0.47,0.33,0.37,0.41,0.00,0.00,0.00,0.03,0.08,0.13,0.00,0.00,0.00,0.09,0.20,0.31,351170,853035,1685204,400963,957195,1834592,0,190392204,761568817,0,190394169,761574058,0,299393,0,512.94,520.04,523.54
176,1,98,99,100,26664,26664,26664,70615,70615,70615,591,591,591,0.90,0.92,0.95,0.19,0.32,0.44,0.35,0.38,0.40,0.00,0.00,0.00,0.05,0.08,0.10,0.00,0.00,0.00,0.06,0.17,0.31,351353,751442,1566848,474848,837997,1724057,0,190403839,761615359,0,190401874,761607496,0,407590,0,507.58,510.65,516.36
176,2,94,98,100,26821,26821,26821,70459,70459,70459,591,591,591,0.89,0.91,0.95,0.19,0.31,0.43,0.34,0.37,0.40,0.00,0.00,0.00,0.06,0.08,0.11,0.00,0.00,0.00,0.06,0.17,0.30,239349,475214,927725,361619,559511,1058760,0,190406169,761624677,0,190405514,761622057,1951100684,401502,1951502186,506.07,508.68,513.95
176,3,100,100,100,26901,26901,26901,70378,70378,70378,591,591,591,0.80,0.92,0.99,0.24,0.34,0.47,0.33,0.38,0.42,0.00,0.00,0.00,0.03,0.08,0.11,0.00,0.00,0.00,0.11,0.19,0.32,327585,649469,1518158,361653,739225,1643943,0,190393590,761571740,0,190394245,761576981,0,403767,0,508.61,516.70,522.68
177,0,100,100,100,26403,26403,26403,70877,70877,70877,591,591,591,0.81,0.86,0.99,0.18,0.21,0.25,0.33,0.36,0.45,0.00,0.00,0.00,0.07,0.09,0.12,0.00,0.00,0.00,0.05,0.08,0.11,339643,756732,1289376,374410,795896,1339169,407689009,606455516,678409757,407692345,606455627,678401734,0,438734,0,485.58,494.96,507.14
177,1,100,100,100,26664,26664,26664,70615,70615,70615,591,591,591,0.81,0.85,0.90,0.18,0.22,0.25,0.32,0.36,0.40,0.00,0.00,0.00,0.08,0.09,0.10,0.00,0.00,0.00,0.05,0.09,0.11,461241,827610,1554058,508414,870065,1603851,640681205,650331711,664794967,640681205,650332235,664796274,0,439375,0,490.76,495.20,504.33
177,2,100,100,100,26821,26821,26821,70459,70459,70459,591,591,591,0.81,0.85,0.90,0.20,0.22,0.25,0.32,0.36,0.40,0.00,0.00,0.00,0.08,0.09,0.10,0.00,0.00,0.00,0.07,0.09,0.11,311866,507886,938209,343314,550341,990623,640697309,650328933,664798332,640697309,650328409,664798332,1951598736,433171,1952031907,480.11,486.50,496.79
177,3,99,99,100,26901,26901,26901,70378,70378,70378,591,591,591,0.81,0.84,0.90,0.20,0.22,0.25,0.32,0.35,0.40,0.00,0.00,0.00,0.08,0.09,0.10,0.00,0.00,0.00,0.07,0.09,0.11,343237,527252,778404,377299,572849,828201,640565662,650285710,664843742,640563042,650285186,664841121,0,390906,0,491.31,494.96,501.36
178,0,99,99,100,26403,26403,26403,70877,70877,70877,591,591,591,0.80,0.86,0.92,0.18,0.22,0.25,0.33,0.37,0.41,0.00,0.00,0.00,0.07,0.09,0.11,0.00,0.00,0.00,0.05,0.08,0.11,327588,434504,841250,359036,473289,891044,640668718,655140869,664797269,640668718,655140869,664794648,0,391190,0,486.05,487.81,488.78
178,1,100,100,100,26664,26664,26664,70615,70615,70615,591,591,591,0.81,0.85,0.90,0.16,0.22,0.24,0.32,0.35,0.41,0.00,0.00,0.00,0.06,0.09,0.11,0.00,0.00,0.00,0.04,0.08,0.11,445517,534498,765240,495310,572748,778344,639890151,654986066,664798651,639892768,654986590,664801272,0,395791,0,487.76,493.14,495.48
178,2,100,100,100,26821,26821,26821,70459,70459,70459,591,591,591,0.82,0.85,0.90,0.19,0.22,0.25,0.32,0.35,0.39,0.00,0.00,0.00,0.07,0.09,0.10,0.00,0.00,0.00,0.06,0.09,0.11,335452,517784,775674,372078,563069,830705,640588681,651154444,664803186,640596542,651154983,664803186,1952127483,387485,1952514968,482.31,487.75,493.28
178,3,99,99,100,26901,26901,26901,70378,70378,70378,591,591,591,0.81,0.86,0.90,0.18,0.22,0.25,0.33,0.36,0.40,0.00,0.00,0.00,0.09,0.09,0.10,0.00,0.00,0.00,0.06,0.08,0.11,345932,566053,932944,364275,605363,964391,443188653,610825445,664802191,443188653,610824397,664796950,0,392105,0,487.34,489.90,492.78
179,0,99,99,100,26403,26403,26403,70877,70877,70877,591,591,591,0.80,0.86,0.90,0.18,0.21,0.25,0.32,0.37,0.40,0.00,0.00,0.00,0.08,0.09,0.11,0.00,0.00,0.00,0.06,0.08,0.11,322346,409880,623739,348552,448666,673533,640698290,650340777,664812012,640695670,650339729,664809392,0,396115,0,488.79,489.77,490.20
179,1,100,100,100,26664,26664,26664,70615,70615,70615,591,591,591,0.81,0.86,0.90,0.19,0.22,0.25,0.32,0.36,0.39,0.00,0.00,0.00,0.07,0.09,0.10,0.00,0.00,0.00,0.07,0.08,0.11,445516,663710,791445,476964,711929,846479,0,696230985,1305486606,0,696231684,1305483985,0,389719,0,488.51,491.93,496.20
179,2,100,100,100,26821,26821,26821,70459,70459,70459,591,591,591,0.80,0.86,0.91,0.18,0.22,0.25,0.32,0.36,0.40,0.00,0.00,0.00,0.07,0.09,0.11,0.00,0.00,0.00,0.05,0.08,0.11,220139,388377,597518,253335,439564,628967,35643968,696247443,1305509764,142421253,696245970,1305509764,1952611198,393340,1953004538,486.41,490.16,494.07
179,3,99,99,100,26901,26901,26901,70378,70378,70378,591,591,591,0.81,0.86,0.90,0.18,0.21,0.25,0.33,0.37,0.40,0.00,0.00,0.00,0.08,0.09,0.11,0.00,0.00,0.00,0.05,0.08,0.11,332826,578622,780922,366895,613737,820298,640660520,650294188,664790076,640663141,650295760,664792696,0,293068,0,485.26,488.69,491.44
180,0,100,100,100,26403,26403,26403,70877,70877,70877,591,591,591,0.80,0.89,0.93,0.20,0.25,0.27,0.27,0.30,0.33,0.00,0.00,0.00,0.07,0.08,0.09,0.00,0.00,0.00,0.09,0.13,0.16,133654,677248,1795118,193929,760878,1873737,0,576488258,757023896,0,576489830,757029137,0,456416,0,488.33,495.31,504.21
180,1,100,100,100,26664,26664,26664,70615,70615,70615,591,591,591,0.90,0.92,0.94,0.16,0.25,0.27,0.26,0.30,0.41,0.00,0.00,0.00,0.08,0.08,0.10,0.00,0.00,0.00,0.05,0.13,0.16,469104,940349,2157131,542484,1025259,2241005,0,454377136,765993255,0,478540494,765993255,0,358895,0,488.42,497.59,510.31
180,2,100,100,100,26821,26821,26821,70459,70459,70459,591,591,591,0.89,0.91,0.92,0.19,0.25,0.27,0.26,0.29,0.38,0.00,0.00,0.00,0.08,0.08,0.09,0.00,0.00,0.00,0.07,0.14,0.16,311869,480077,731032,395733,559218,814878,0,591290205,765958412,0,591291778,765966274,1953103123,360546,1953463669,489.03,497.73,509.69
180,3,100,100,100,26901,26901,26901,70378,70378,70378,591,591,591,0.86,0.90,0.92,0.22,0.25,0.27,0.27,0.30,0.39,0.00,0.00,0.00,0.07,0.08,0.10,0.00,0.00,0.00,0.09,0.13,0.16,324901,392639,587034,403506,484649,655172,0,577238346,757049524,0,577236794,757044282,0,410303,0,489.64,500.77,517.47
181,0,100,100,100,26403,26403,26403,70877,70877,70877,591,591,591,0.80,0.87,0.92,0.23,0.27,0.31,0.27,0.29,0.32,0.00,0.00,0.00,0.07,0.08,0.09,0.00,0.00,0.00,0.13,0.16,0.20,338069,370164,406178,400966,429784,453381,279875209,605533683,724883555,0,484427471,724880934,0,298915,0,508.68,513.69,516.19
181,1,91,97,100,26664,26664,26664,70615,70615,70615,591,591,591,0.74,0.87,0.93,0.23,0.28,0.37,0.24,0.30,0.42,0.00,0.00,0.00,0.06,0.07,0.08,0.00,0.00,0.00,0.13,0.17,0.25,466475,619451,746842,479578,672183,812355,0,595478207,988507984,0,565275630,988507984,0,389132,0,499.63,509.24,515.85
181,2,100,100,100,26821,26821,26821,70459,70459,70459,591,591,591,0.72,0.87,0.94,0.24,0.28,0.37,0.24,0.30,0.42,0.00,0.00,0.00,0.06,0.07,0.09,0.00,0.00,0.00,0.14,0.17,0.25,322539,609957,987882,335441,659694,1035048,0,421548332,988393214,0,422001838,988393214,1953565339,386281,1953951620,497.44,507.33,514.25
181,3,83,95,100,26901,26901,26901,70378,70378,70378,591,591,591,0.79,0.86,0.92,0.26,0.29,0.34,0.27,0.29,0.35,0.00,0.00,0.00,0.06,0.07,0.08,0.00,0.00,0.00,0.16,0.18,0.23,306608,466689,857809,330193,542032,915462,0,523147717,724873352,0,523148590,724875972,0,450807,0,503.40,516.51,527.11
182,0,84,95,100,26403,26403,26403,70877,70877,70877,591,591,591,0.95,0.97,0.98,0.28,0.30,0.32,0.25,0.35,0.43,0.00,0.00,0.00,0.06,0.13,0.18,0.00,0.00,0.00,0.08,0.13,0.21,353775,771986,1695545,377360,851115,1734854,0,0,0,0,0,0,0,465091,0,504.47,508.26,516.10
182,1,98,99,100,26664,26664,26664,70615,70615,70615,591,591,591,0.88,0.95,0.98,0.28,0.30,0.32,0.24,0.36,0.43,0.00,0.00,0.00,0.10,0.15,0.18,0.00,0.00,0.00,0.08,0.11,0.16,309253,646751,1210741,333714,724489,1260533,0,0,0,0,0,0,0,404309,0,489.95,496.56,506.16
182,2,87,96,99,26821,26821,26821,70459,70459,70459,591,591,591,0.87,0.95,0.98,0.29,0.30,0.31,0.23,0.36,0.42,0.00,0.00,0.00,0.10,0.15,0.17,0.00,0.00,0.00,0.09,0.11,0.15,284787,396070,676129,310994,474690,728543,0,0,0,0,0,0,1954056751,413409,1954470160,494.09,504.51,520.15
182,3,97,98,100,26901,26901,26901,70378,70378,70378,591,591,591,0.95,0.96,0.98,0.28,0.30,0.31,0.25,0.36,0.42,0.00,0.00,0.00,0.11,0.15,0.17,0.00,0.00,0.00,0.09,0.11,0.16,327570,485869,778322,353776,545620,822873,0,0,0,0,0,0,0,418448,0,502.41,510.39,524.61
183,0,99,99,100,26403,26403,26403,70877,70877,70877,591,591,591,0.82,0.93,0.98,0.29,0.38,0.48,0.34,0.39,0.42,0.00,0.00,0.00,0.03,0.10,0.18,0.00,0.00,0.00,0.09,0.18,0.32,329888,1100564,2033738,378477,1191114,2185744,0,0,0,0,152316468,761579721,0,407249,0,514.54,520.00,524.37
183,1,95,98,100,26664,26664,26664,70615,70615,70615,591,591,591,0.81,0.93,0.98,0.24,0.35,0.48,0.33,0.38,0.43,0.00,0.00,0.00,0.03,0.10,0.17,0.00,0.00,0.00,0.10,0.18,0.33,461355,680665,1084187,492811,773403,1233460,0,152317333,761586668,0,152317857,761589288,0,405710,0,507.89,513.50,518.72
183,2,99,99,100,26821,26821,26821,70459,70459,70459,591,591,591,0.81,0.91,0.99,0.25,0.33,0.44,0.31,0.37,0.43,0.00,0.00,0.00,0.03,0.10,0.18,0.00,0.00,0.00,0.08,0.18,0.30,351170,429230,542614,393101,520404,576691,0,152317101,761582888,0,152317625,761588129,1954571091,448778,1955019869,497.50,510.21,517.47
183,3,95,98,100,26901,26901,26901,70378,70378,70378,591,591,591,0.80,0.93,0.99,0.20,0.31,0.48,0.33,0.39,0.44,0.00,0.00,0.00,0.03,0.11,0.18,0.00,0.00,0.00,0.07,0.15,0.33,228873,358131,534581,331953,442156,571268,0,152319230,761594405,0,152319230,761594405,0,453429,0,511.25,521.45,530.04
184,0,99,99,100,26403,26403,26403,70877,70877,70877,591,591,591,0.81,0.86,0.91,0.17,0.21,0.25,0.33,0.36,0.41,0.00,0.00,0.00,0.08,0.09,0.11,0.00,0.00,0.00,0.05,0.09,0.11,380231,683525,1077116,413439,726856,1129531,0,627563324,1305507279,0,603374150,1305507279,0,436844,0,488.19,495.07,509.79
184,1,99,99,100,26664,26664,26664,70615,70615,70615,591,591,591,0.81,0.86,0.90,0.19,0.21,0.24,0.32,0.36,0.40,0.00,0.00,0.00,0.06,0.09,0.11,0.00,0.00,0.00,0.07,0.08,0.11,437654,534097,733829,469102,571835,783625,443190832,606011806,664759552,443194326,606011457,664754311,0,391506,0,481.84,491.26,502.24
184,2,99,99,100,26821,26821,26821,70459,70459,70459,591,591,591,0.81,0.86,0.90,0.17,0.22,0.25,0.33,0.36,0.41,0.00,0.00,0.00,0.07,0.09,0.11,0.00,0.00,0.00,0.05,0.08,0.11,324963,420504,599270,356415,459972,632466,443199762,603660918,664784121,443201509,603660229,664784121,1955114516,383755,1955498271,476.50,483.66,489.99
184,3,99,99,100,26901,26901,26901,70378,70378,70378,591,591,591,0.81,0.84,0.91,0.18,0.22,0.25,0.33,0.36,0.41,0.00,0.00,0.00,0.07,0.09,0.11,0.00,0.00,0.00,0.05,0.09,0.11,335527,819162,1386343,369604,864236,1441378,640684777,650286158,664799821,640690018,650287206,664805062,0,393811,0,485.91,492.96,500.82
185,0,99,99,100,26403,26403,26403,70877,70877,70877,591,591,591,0.80,0.84,0.90,0.19,0.22,0.25,0.32,0.36,0.40,0.00,0.00,0.00,0.08,0.09,0.10,0.00,0.00,0.00,0.06,0.09,0.11,332822,581605,1199837,377394,623534,1248445,0,780386521,1305467165,0,780387007,1305469786,0,397091,0,484.76,489.92,493.97
185,1,100,100,100,26664,26664,26664,70615,70615,70615,591,591,591,0.81,0.85,0.90,0.19,0.22,0.25,0.32,0.35,0.40,0.00,0.00,0.00,0.07,0.09,0.10,0.00,0.00,0.00,0.06,0.09,0.11,471715,905707,1305113,521508,948162,1339182,640690575,655149700,664800634,640693195,655149175,664808496,0,290015,0,482.70,487.46,492.75
185,2,99,99,100,26821,26821,26821,70459,70459,70459,591,591,591,0.81,0.85,0.90,0.19,0.22,0.25,0.33,0.35,0.40,0.00,0.00,0.00,0.08,0.09,0.11,0.00,0.00,0.00,0.07,0.09,0.11,324944,465917,775728,361631,510988,807176,640657198,655096344,664796631,640651957,655096867,664796631,1955643528,291528,1955935056,471.67,478.31,483.38
185,3,99,99,100,26901,26901,26901,70378,70378,70378,591,591,591,0.80,0.86,0.90,0.19,0.21,0.25,0.33,0.37,0.39,0.00,0.00,0.00,0.08,0.09,0.11,0.00,0.00,0.00,0.06,0.08,0.11,364265,438700,589649,403590,476962,639442,640675115,655150639,664800740,640682977,655150639,664792878,0,340047,0,488.43,490.27,492.31
186,0,100,100,100,26403,26403,26403,70877,70877,70877,591,591,591,0.81,0.85,0.93,0.16,0.22,0.24,0.32,0.36,0.43,0.00,0.00,0.00,0.07,0.09,0.11,0.00,0.00,0.00,0.04,0.09,0.11,340695,520196,796662,390489,560817,812386,0,652745190,1305512176,0,652745846,1305512176,0,297764,0,485.27,487.04,489.52
186,1,100,100,100,26664,26664,26664,70615,70615,70615,591,591,591,0.80,0.85,0.90,0.16,0.21,0.25,0.33,0.36,0.41,0.00,0.00,0.00,0.06,0.09,0.10,0.00,0.00,0.00,0.04,0.08,0.11,461219,795984,1331604,476943,833739,1380446,640668132,649421700,664244560,640665849,649422367,664247178,0,387804,0,482.05,484.39,490.28
186,2,100,100,100,26821,26821,26821,70459,70459,70459,591,591,591,0.81,0.86,0.90,0.19,0.22,0.25,0.32,0.36,0.40,0.00,0.00,0.00,0.07,0.09,0.10,0.00,0.00,0.00,0.06,0.08,0.11,327639,531382,998646,353850,572708,1035542,623957430,642531654,664783126,623962349,642530919,664785747,1956029845,388622,1956418467,479.50,484.14,491.07
186,3,100,100,100,26901,26901,26901,70378,70378,70378,591,591,591,0.81,0.85,0.95,0.18,0.22,0.25,0.33,0.36,0.43,0.00,0.00,0.00,0.08,0.09,0.11,0.00,0.00,0.00,0.05,0.09,0.11,351170,685082,997558,398342,726357,1034246,427108767,599351897,664807265,427110514,599350368,664802023,0,391913,0,486.13,490.16,495.85
187,0,100,100,100,26403,26403,26403,70877,70877,70877,591,591,591,0.81,0.90,0.98,0.18,0.23,0.27,0.24,0.31,0.45,0.00,0.00,0.00,0.07,0.08,0.12,0.00,0.00,0.00,0.05,0.12,0.16,351174,512595,919866,455993,593835,998488,221598593,579288872,765985291,0,579288907,765990532,0,454855,0,481.12,489.06,495.04
187,1,100,100,100,26664,26664,26664,70615,70615,70615,591,591,591,0.83,0.91,0.96,0.18,0.24,0.27,0.26,0.32,0.43,0.00,0.00,0.00,0.08,0.09,0.11,0.00,0.00,0.00,0.04,0.12,0.16,307499,677739,990026,428052,754779,1063361,443202504,663037352,765856001,443207745,663035779,765856001,0,408131,0,484.29,494.73,505.44
187,2,100,100,100,26821,26821,26821,70459,70459,70459,591,591,591,0.88,0.90,0.92,0.16,0.23,0.26,0.27,0.32,0.41,0.00,0.00,0.00,0.07,0.09,0.10,0.00,0.00,0.00,0.05,0.11,0.15,248093,409666,592266,324967,486356,636934,510670973,656291294,757170966,510667479,656293214,757173587,1956513159,407197,1956920356,483.95,494.41,504.07
187,3,100,100,100,26901,26901,26901,70378,70378,70378,591,591,591,0.83,0.90,0.94,0.19,0.24,0.26,0.24,0.32,0.40,0.00,0.00,0.00,0.07,0.08,0.11,0.00,0.00,0.00,0.06,0.12,0.16,324889,552953,893662,411453,634713,925111,640695962,707425653,766026093,640695962,707425129,766026093,0,407995,0,489.27,497.36,507.64
188,0,84,96,100,26403,26403,26403,70877,70877,70877,591,591,591,0.74,0.86,0.92,0.23,0.28,0.32,0.27,0.29,0.33,0.00,0.00,0.00,0.05,0.07,0.08,0.00,0.00,0.00,0.12,0.18,0.23,364251,666994,1309315,444224,765994,1359194,0,0,0,0,0,0,0,398137,0,501.72,509.67,516.49
188,1,99,99,100,26664,26664,26664,70615,70615,70615,591,591,591,0.66,0.87,0.94,0.24,0.28,0.37,0.19,0.29,0.42,0.00,0.00,0.00,0.05,0.07,0.08,0.00,0.00,0.00,0.13,0.17,0.26,531997,976972,2128070,542480,1046671,2188348,0,0,0,0,0,0,0,392598,0,505.30,511.64,519.29
188,2,91,98,100,26821,26821,26821,70459,70459,70459,591,591,591,0.64,0.86,0.94,0.23,0.28,0.37,0.19,0.29,0.42,0.00,0.00,0.00,0.05,0.07,0.09,0.00,0.00,0.00,0.14,0.18,0.26,335456,556110,906746,403565,626345,964401,0,0,0,0,0,0,1957074378,382322,1957456700,487.38,502.22,510.58
188,3,84,96,100,26901,26901,26901,70378,70378,70378,591,591,591,0.76,0.86,0.92,0.23,0.27,0.33,0.21,0.27,0.35,0.00,0.00,0.00,0.06,0.07,0.08,0.00,0.00,0.00,0.13,0.17,0.23,324953,468043,746987,351159,541940,836102,0,0,0,0,0,0,0,444888,0,504.41,513.64,522.53
189,0,97,98,100,26403,26403,26403,70877,70877,70877,591,591,591,0.95,0.97,0.98,0.28,0.30,0.31,0.25,0.36,0.43,0.00,0.00,0.00,0.11,0.15,0.18,0.00,0.00,0.00,0.07,0.11,0.16,335445,502640,820270,377375,549811,867442,0,0,0,0,0,0,0,412777,0,498.39,505.04,516.33
189,1,84,96,100,26664,26664,26664,70615,70615,70615,591,591,591,0.88,0.95,0.97,0.27,0.30,0.31,0.25,0.35,0.42,0.00,0.00,0.00,0.09,0.14,0.18,0.00,0.00,0.00,0.07,0.12,0.17,445497,586017,917281,492667,662907,935627,0,0,0,0,0,0,0,406207,0,494.71,498.83,504.67
189,2,97,98,100,26821,26821,26821,70459,70459,70459,591,591,591,0.87,0.95,0.98,0.28,0.30,0.32,0.23,0.35,0.43,0.00,0.00,0.00,0.10,0.15,0.18,0.00,0.00,0.00,0.08,0.11,0.17,319706,503576,828109,364255,579492,872659,0,0,0,0,0,0,1957559590,413304,1957972894,487.75,497.41,508.21
189,3,98,99,100,26901,26901,26901,70378,70378,70378,591,591,591,0.88,0.95,0.98,0.28,0.30,0.32,0.27,0.37,0.43,0.00,0.00,0.00,0.08,0.14,0.18,0.00,0.00,0.00,0.08,0.12,0.20,330203,735423,1909874,379995,811933,2135182,0,0,0,0,0,0,0,314897,0,496.58,510.07,527.15
190,0,96,98,100,26403,26403,26403,70877,70877,70877,591,591,591,0.81,0.93,0.98,0.22,0.34,0.48,0.33,0.38,0.42,0.00,0.00,0.00,0.03,0.10,0.17,0.00,0.00,0.00,0.09,0.18,0.31,330138,417168,613238,374681,508873,762616,0,152308976,761542262,0,152308976,761544882,0,457232,0,512.95,520.27,524.23
190,1,99,99,100,26664,26664,26664,70615,70615,70615,591,591,591,0.81,0.93,0.98,0.24,0.34,0.47,0.33,0.38,0.42,0.00,0.00,0.00,0.03,0.10,0.17,0.00,0.00,0.00,0.09,0.17,0.32,316137,568480,843862,447133,649180,893655,0,152315115,761575579,0,152315115,761572958,0,405395,0,508.71,512.15,515.71
190,2,93,98,100,26821,26821,26821,70459,70459,70459,591,591,591,0.81,0.92,0.98,0.24,0.32,0.46,0.31,0.38,0.43,0.00,0.00,0.00,0.03,0.11,0.17,0.00,0.00,0.00,0.10,0.16,0.31,223618,365494,539880,335428,448655,571329,0,152313910,761569551,0,152313386,761566930,1958077343,400271,1958477614,509.49,516.78,519.39
190,3,99,99,100,26901,26901,26901,70378,70378,70378,591,591,591,0.81,0.92,0.98,0.22,0.35,0.47,0.32,0.37,0.43,0.00,0.00,0.00,0.03,0.10,0.18,0.00,0.00,0.00,0.08,0.18,0.31,149380,1070664,1928201,178208,1163882,1969779,0,152313422,761567111,0,152313946,761569732,0,459022,0,513.03,521.28,524.85
191,0,99,99,100,26403,26403,26403,70877,70877,70877,591,591,591,0.81,0.86,0.97,0.18,0.22,0.24,0.33,0.37,0.43,0.00,0.00,0.00,0.08,0.09,0.12,0.00,0.00,0.00,0.04,0.09,0.11,329686,525735,1001281,360119,564942,1034138,438678790,605539312,687648967,438683978,605537674,687640834,0,389422,0,486.95,492.75,505.41
191,1,100,100,100,26664,26664,26664,70615,70615,70615,591,591,591,0.81,0.85,0.96,0.18,0.21,0.24,0.33,0.36,0.43,0.00,0.00,0.00,0.07,0.09,0.11,0.00,0.00,0.00,0.05,0.08,0.11,466482,991143,2319299,497931,1029930,2369092,0,650332150,1305485144,0,650333198,1305479903,0,291402,0,478.53,489.22,500.59
191,2,99,99,100,26821,26821,26821,70459,70459,70459,591,591,591,0.81,0.85,0.93,0.16,0.22,0.24,0.32,0.36,0.43,0.00,0.00,0.00,0.07,0.09,0.11,0.00,0.00,0.00,0.04,0.08,0.11,319724,457562,757399,343313,496347,807194,0,650321773,1305524079,0,650323345,1305526700,1958618267,292239,1958910506,480.56,485.32,495.19
191,3,100,100,100,26901,26901,26901,70378,70378,70378,591,591,591,0.80,0.87,0.95,0.16,0.20,0.25,0.32,0.38,0.44,0.00,0.00,0.00,0.06,0.09,0.11,0.00,0.00,0.00,0.04,0.08,0.11,563446,720106,935590,597514,757315,948694,0,522094632,1305077777,0,522095157,1305072537,0,396564,0,482.83,493.81,503.36
192,0,99,99,100,26403,26403,26403,70877,70877,70877,591,591,591,0.81,0.86,0.97,0.18,0.21,0.25,0.33,0.36,0.44,0.00,0.00,0.00,0.07,0.09,0.12,0.00,0.00,0.00,0.05,0.08,0.11,332719,445488,736407,372142,486105,783579,640484260,652693579,664809172,640489499,652694889,664801310,0,288262,0,484.12,487.40,490.00
192,1,100,100,100,26664,26664,26664,70615,70615,70615,591,591,591,0.80,0.87,0.95,0.17,0.22,0.25,0.33,0.37,0.44,0.00,0.00,0.00,0.07,0.09,0.11,0.00,0.00,0.00,0.05,0.09,0.11,474343,641587,1082353,505791,682177,1129526,0,652108315,1305492526,0,652108313,1305497767,0,385337,0,480.06,481.69,483.20
192,2,100,100,100,26821,26821,26821,70459,70459,70459,591,591,591,0.81,0.86,0.94,0.17,0.21,0.24,0.33,0.36,0.43,0.00,0.00,0.00,0.07,0.09,0.11,0.00,0.00,0.00,0.04,0.08,0.11,322356,444204,731185,356426,487445,783600,0,652730605,1305474192,0,652728640,1305466330,1959009693,386049,1959395742,484.14,487.87,490.13
192,3,99,99,100,26901,26901,26901,70378,70378,70378,591,591,591,0.80,0.83,0.86,0.20,0.23,0.25,0.33,0.35,0.36,0.00,0.00,0.00,0.07,0.09,0.10,0.00,0.00,0.00,0.06,0.10,0.12,330217,653606,1589135,380012,702169,1647452,586251405,775884653,1176142396,454977303,778333286,1210432729,0,441021,0,488.70,491.54,493.45
193,0,99,99,100,26403,26403,26403,70877,70877,70877,591,591,591,0.80,0.86,0.90,0.17,0.21,0.25,0.33,0.37,0.40,0.00,0.00,0.00,0.07,0.09,0.11,0.00,0.00,0.00,0.05,0.08,0.11,353790,470688,752161,400974,511047,786231,640634904,655175445,664922992,640637524,655173872,664922992,0,391318,0,486.27,490.70,493.56
193,1,99,99,100,26664,26664,26664,70615,70615,70615,591,591,591,0.81,0.84,0.90,0.17,0.21,0.25,0.33,0.35,0.41,0.00,0.00,0.00,0.07,0.09,0.11,0.00,0.00,0.00,0.05,0.08,0.11,312734,601853,859589,349424,643259,906762,0,612442083,1305499668,0,612442258,1305494426,0,391554,0,483.84,485.40,486.49
193,2,100,100,100,26821,26821,26821,70459,70459,70459,591,591,591,0.81,0.88,0.98,0.18,0.21,0.24,0.33,0.38,0.44,0.00,0.00,0.00,0.07,0.10,0.12,0.00,0.00,0.00,0.05,0.08,0.11,342880,799205,1257934,379246,841070,1310348,0,522183568,1305497162,0,522184654,1305486679,1959490813,444149,1959934962,485.70,490.07,495.94
193,3,99,99,100,26901,26901,26901,70378,70378,70378,591,591,591,0.81,0.88,0.99,0.16,0.20,0.22,0.32,0.39,0.47,0.00,0.00,0.00,0.07,0.10,0.13,0.00,0.00,0.00,0.03,0.07,0.09,220136,674952,1398787,253331,709112,1415845,0,442558939,870318497,0,435163181,870323738,0,393025,0,484.91,489.54,494.84
194,0,99,99,100,26403,26403,26403,70877,70877,70877,591,591,591,0.81,0.88,0.94,0.20,0.23,0.27,0.27,0.32,0.40,0.00,0.00,0.00,0.07,0.09,0.10,0.00,0.00,0.00,0.07,0.11,0.16,324960,499157,912899,387856,576144,978107,495702934,655179818,765990287,495701218,655181571,765995529,0,452758,0,490.19,494.57,500.13
194,1,100,100,100,26664,26664,26664,70615,70615,70615,591,591,591,0.81,0.90,0.99,0.18,0.23,0.27,0.27,0.32,0.45,0.00,0.00,0.00,0.07,0.09,0.12,0.00,0.00,0.00,0.05,0.11,0.16,492696,1049830,1920871,644698,1132644,1996867,640687456,707444413,765986836,640687456,707444413,765992077,0,449315,0,486.96,493.09,501.51
194,2,100,100,100,26821,26821,26821,70459,70459,70459,591,591,591,0.82,0.88,0.92,0.21,0.24,0.25,0.27,0.31,0.37,0.00,0.00,0.00,0.07,0.08,0.10,0.00,0.00,0.00,0.08,0.12,0.14,330205,562573,920689,406204,644689,980226,664852888,753367225,870278608,664858130,753367574,870280355,1960031618,407183,1960438801,482.38,493.85,502.58
194,3,100,100,100,26901,26901,26901,70378,70378,70378,591,591,591,0.80,0.88,0.94,0.19,0.24,0.26,0.28,0.32,0.37,0.00,0.00,0.00,0.07,0.08,0.10,0.00,0.00,0.00,0.08,0.12,0.15,332816,515181,822892,435033,596940,870064,39413093,681587040,1268498511,0,688986648,1305473617,0,304710,0,490.17,496.29,507.80
195,0,92,98,100,26403,26403,26403,70877,70877,70877,591,591,591,0.81,0.89,0.92,0.23,0.28,0.37,0.26,0.30,0.41,0.00,0.00,0.00,0.07,0.08,0.08,0.00,0.00,0.00,0.13,0.17,0.26,345890,541539,821244,393073,599716,893102,0,487524316,988477245,0,487522208,988469384,0,413756,0,509.61,513.39,516.63
195,1,100,100,100,26664,26664,26664,70615,70615,70615,591,591,591,0.69,0.88,0.95,0.26,0.27,0.30,0.27,0.28,0.30,0.00,0.00,0.00,0.06,0.08,0.08,0.00,0.00,0.00,0.14,0.16,0.20,463834,854919,1153403,476937,913268,1245976,0,482034674,724895104,0,481894923,724887242,0,403395,0,499.53,504.42,508.90
195,2,92,98,100,26821,26821,26821,70459,70459,70459,591,591,591,0.72,0.87,0.94,0.23,0.27,0.31,0.25,0.27,0.32,0.00,0.00,0.00,0.06,0.07,0.08,0.00,0.00,0.00,0.12,0.16,0.21,311989,419259,571063,324881,476336,660128,0,481923226,743169434,0,481827879,773710891,1960541297,394829,1960936126,493.50,503.10,509.93
195,3,100,100,100,26901,26901,26901,70378,70378,70378,591,591,591,0.79,0.89,0.92,0.23,0.27,0.29,0.27,0.28,0.33,0.00,0.00,0.00,0.07,0.08,0.08,0.00,0.00,0.00,0.13,0.18,0.27,319711,435916,581801,398328,496021,636836,260763030,632010335,757026949,260748380,632008454,757016467,0,452641,0,504.33,510.14,516.97
196,0,98,99,100,26403,26403,26403,70877,70877,70877,591,591,591,0.88,0.95,0.98,0.28,0.30,0.31,0.25,0.35,0.41,0.00,0.00,0.00,0.09,0.14,0.17,0.00,0.00,0.00,0.08,0.12,0.17,324961,428727,613177,372133,505774,660345,0,0,0,0,0,0,0,412827,0,504.06,505.37,507.03
196,1,93,97,100,26664,26664,26664,70615,70615,70615,591,591,591,0.89,0.95,0.97,0.28,0.31,0.33,0.25,0.35,0.41,0.00,0.00,0.00,0.08,0.13,0.17,0.00,0.00,0.00,0.09,0.13,0.21,464070,609979,1144974,477180,683833,1192136,0,0,0,0,0,0,0,406729,0,497.81,502.20,508.77
196,2,99,99,100,26821,26821,26821,70459,70459,70459,591,591,591,0.88,0.95,0.98,0.28,0.30,0.33,0.25,0.35,0.43,0.00,0.00,0.00,0.08,0.14,0.18,0.00,0.00,0.00,0.08,0.13,0.21,319716,395200,566100,361646,470151,613230,0,0,0,0,0,0,1961032353,419745,1961452098,490.34,501.79,516.45
196,3,98,99,100,26901,26901,26901,70378,70378,70378,591,591,591,0.88,0.95,0.98,0.27,0.30,0.31,0.25,0.35,0.43,0.00,0.00,0.00,0.09,0.14,0.18,0.00,0.00,0.00,0.08,0.12,0.18,309590,550025,1373921,325603,623688,1595190,0,0,0,0,0,0,0,416543,0,494.69,501.30,511.95
197,0,99,99,100,26403,26403,26403,70877,70877,70877,591,591,591,0.89,0.95,0.98,0.19,0.34,0.52,0.35,0.39,0.43,0.00,0.00,0.00,0.03,0.11,0.18,0.00,0.00,0.00,0.06,0.17,0.33,327579,381563,450750,372129,471712,594886,0,0,0,0,0,0,0,456296,0,515.38,518.67,521.39
197,1,94,98,100,26664,26664,26664,70615,70615,70615,591,591,591,0.84,0.93,0.98,0.21,0.34,0.48,0.31,0.38,0.42,0.00,0.00,0.00,0.03,0.10,0.18,0.00,0.00,0.00,0.08,0.17,0.32,293492,837704,2086549,421021,917697,2214831,0,0,0,0,0,0,0,311044,0,506.04,511.16,516.40
197,2,99,99,100,26821,26821,26821,70459,70459,70459,591,591,591,0.82,0.91,0.98,0.20,0.33,0.43,0.33,0.37,0.41,0.00,0.00,0.00,0.06,0.11,0.17,0.00,0.00,0.00,0.08,0.16,0.27,18344,561494,1109370,183445,643082,1221180,0,8470180,42349155,0,0,0,1961608081,299081,1961907162,499.61,513.96,522.12
197,3,99,99,100,26901,26901,26901,70378,70378,70378,591,591,591,0.81,0.92,0.98,0.22,0.34,0.48,0.32,0.37,0.41,0.00,0.00,0.00,0.03,0.10,0.17,0.00,0.00,0.00,0.09,0.17,0.31,332686,573382,932978,382458,657416,1067509,0,152312910,761564550,0,152315530,761575032,0,415039,0,509.30,519.92,524.86
198,0,100,100,100,26403,26403,26403,70877,70877,70877,591,591,591,0.81,0.86,0.90,0.21,0.22,0.25,0.33,0.36,0.40,0.00,0.00,0.00,0.08,0.09,0.10,0.00,0.00,0.00,0.08,0.09,0.11,322347,547746,1365366,363455,586577,1399435,108740045,604875755,861434222,181431172,619414861,861435951,0,389406,0,483.82,493.20,507.51
198,1,100,100,100,26664,26664,26664,70615,70615,70615,591,591,591,0.80,0.87,0.96,0.18,0.21,0.25,0.33,0.37,0.43,0.00,0.00,0.00,0.07,0.09,0.11,0.00,0.00,0.00,0.05,0.08,0.11,453385,632113,1082360,487455,670900,1132153,640694089,674515716,761588432,640694089,674514143,761580570,0,389776,0,482.58,493.32,501.96
198,2,99,99,100,26821,26821,26821,70459,70459,70459,591,591,591,0.81,0.88,0.99,0.18,0.21,0.24,0.33,0.38,0.44,0.00,0.00,0.00,0.07,0.10,0.12,0.00,0.00,0.00,0.05,0.08,0.11,327571,486154,712855,361559,524237,744305,620931809,662057984,719258517,517429629,671189323,771615481,1962003173,393725,1962396898,488.64,491.49,496.08
198,3,100,100,100,26901,26901,26901,70378,70378,70378,591,591,591,0.81,0.87,0.92,0.16,0.21,0.25,0.32,0.37,0.42,0.00,0.00,0.00,0.07,0.09,0.11,0.00,0.00,0.00,0.04,0.08,0.11,144131,395199,605386,157233,431889,644697,0,522209342,1305535732,0,522207770,1305546216,0,432458,0,479.09,491.71,505.39
199,0,99,99,100,26403,26403,26403,70877,70877,70877,591,591,591,0.80,0.85,0.90,0.19,0.21,0.25,0.33,0.36,0.40,0.00,0.00,0.00,0.08,0.09,0.11,0.00,0.00,0.00,0.06,0.08,0.11,330203,456657,801938,364276,495313,854353,35646663,635000837,1305503938,0,608270690,1305496076,0,287919,0,487.75,489.33,491.64
199,1,100,100,100,26664,26664,26664,70615,70615,70615,591,591,591,0.81,0.85,0.90,0.20,0.22,0.25,0.32,0.36,0.39,0.00,0.00,0.00,0.08,0.09,0.10,0.00,0.00,0.00,0.07,0.09,0.11,450749,607586,1028663,482197,648773,1078143,636664574,651602433,664784965,636661970,651602435,664777103,0,399360,0,487.19,492.05,494.94
199,2,99,99,100,26821,26821,26821,70459,70459,70459,591,591,591,0.82,0.86,0.92,0.18,0.22,0.25,0.32,0.36,0.41,0.00,0.00,0.00,0.07,0.09,0.11,0.00,0.00,0.00,0.05,0.09,0.11,330207,401594,586926,382621,444179,618369,640570489,652717125,664804956,640575729,652715159,664807577,1962486996,392911,1962879907,486.49,490.39,494.73
199,3,99,99,100,26901,26901,26901,70378,70378,70378,591,591,591,0.80,0.86,0.97,0.18,0.22,0.25,0.33,0.37,0.44,0.00,0.00,0.00,0.06,0.09,0.12,0.00,0.00,0.00,0.05,0.08,0.11,338052,709794,1331743,369498,751690,1384312,313235375,640803747,1279069030,311686856,640559520,1279058759,0,395176,0,480.34,483.94,488.63
200,0,100,100,100,26403,26403,26403,70877,70877,70877,591,591,591,0.80,0.86,0.91,0.16,0.22,0.25,0.32,0.37,0.42,0.00,0.00,0.00,0.07,0.09,0.11,0.00,0.00,0.00,0.04,0.08,0.11,332810,492152,733773,382601,532511,773082,0,643209956,1305545151,0,650336989,1305553013,0,390361,0,481.65,486.47,491.85
200,1,100,100,100,26664,26664,26664,70615,70615,70615,591,591,591,0.81,0.86,0.90,0.16,0.22,0.25,0.32,0.36,0.41,0.00,0.00,0.00,0.07,0.09,0.10,0.00,0.00,0.00,0.05,0.08,0.11,99584,813582,1696205,149376,853240,1734636,427066462,607603446,664800877,427066462,607603970,664795636,0,429891,0,482.26,487.51,493.39
200,2,99,99,100,26821,26821,26821,70459,70459,70459,591,591,591,0.81,0.85,0.90,0.19,0.23,0.25,0.32,0.35,0.39,0.00,0.00,0.00,0.08,0.09,0.10,0.00,0.00,0.00,0.07,0.09,0.11,13103,525179,1438732,49793,569730,1467559,640687208,650328327,664792727,640690941,650330424,664792727,1963023396,391323,1963414719,482.13,485.63,492.01
200,3,99,99,100,26901,26901,26901,70378,70378,70378,591,591,591,0.81,0.85,0.95,0.18,0.22,0.25,0.33,0.36,0.43,0.00,0.00,0.00,0.07,0.09,0.11,0.00,0.00,0.00,0.05,0.09,0.11,327585,509989,757381,359034,551921,807175,627829342,650340777,700444500,640686022,650340398,664810736,0,296435,0,484.72,491.09,494.15
201,0,100,100,100,26403,26403,26403,70877,70877,70877,591,591,591,0.80,0.87,0.96,0.17,0.23,0.27,0.25,0.32,0.44,0.00,0.00,0.00,0.06,0.08,0.11,0.00,0.00,0.00,0.04,0.11,0.16,219257,681684,1554055,291767,757506,1687709,0,673845201,1305481083,0,640598906,1305481083,0,400132,0,490.14,495.12,502.46
201,1,100,100,100,26664,26664,26664,70615,70615,70615,591,591,591,0.81,0.87,0.93,0.19,0.23,0.26,0.28,0.32,0.38,0.00,0.00,0.00,0.08,0.08,0.09,0.00,0.00,0.00,0.07,0.11,0.15,463853,580223,723309,529369,658844,794067,0,689010812,1305538583,0,689010287,1305543824,0,399022,0,485.66,490.87,497.96
201,2,100,100,100,26821,26821,26821,70459,70459,70459,591,591,591,0.82,0.88,0.92,0.21,0.23,0.26,0.27,0.32,0.37,0.00,0.00,0.00,0.07,0.08,0.10,0.00,0.00,0.00,0.08,0.11,0.14,327602,472230,917139,380007,542464,977408,0,601974488,870334782,0,601974662,870327794,1963514459,402068,1963916527,484.32,490.70,500.18
201,3,100,100,100,26901,26901,26901,70378,70378,70378,591,591,591,0.81,0.88,0.94,0.20,0.23,0.26,0.27,0.32,0.37,0.00,0.00,0.00,0.07,0.08,0.09,0.00,0.00,0.00,0.09,0.11,0.15,91721,475392,1024690,159857,547723,1095449,0,604344071,846557909,0,601967518,870322176,0,454561,0,489.24,495.84,506.83
202,0,100,100,100,26403,26403,26403,70877,70877,70877,591,591,591,0.75,0.89,0.95,0.23,0.27,0.30,0.27,0.28,0.30,0.00,0.00,0.00,0.06,0.08,0.09,0.00,0.00,0.00,0.13,0.16,0.20,326295,416123,746706,353795,476409,796487,279783750,586272652,739517846,279799469,635751459,742194800,0,405770,0,504.84,508.65,512.46
202,1,99,99,100,26664,26664,26664,70615,70615,70615,591,591,591,0.71,0.88,0.94,0.24,0.26,0.27,0.25,0.27,0.28,0.00,0.00,0.00,0.05,0.07,0.09,0.00,0.00,0.00,0.13,0.15,0.17,463913,639374,1220778,547785,703246,1275792,39269247,633279995,988277997,157338961,633703306,988277997,0,396824,0,501.47,509.56,516.88
202,2,100,100,100,26821,26821,26821,70459,70459,70459,591,591,591,0.71,0.88,0.94,0.24,0.26,0.27,0.25,0.27,0.28,0.00,0.00,0.00,0.06,0.07,0.08,0.00,0.00,0.00,0.14,0.15,0.16,328207,507405,801936,348391,569026,880557,39402252,633747118,948970010,157454461,633739607,830880320,1964019943,394016,1964413959,500.88,507.36,513.93
202,3,100,100,100,26901,26901,26901,70378,70378,70378,591,591,591,0.76,0.88,0.92,0.24,0.26,0.28,0.27,0.28,0.30,0.00,0.00,0.00,0.06,0.08,0.08,0.00,0.00,0.00,0.13,0.16,0.19,330215,598974,1294604,385347,658245,1370603,285549654,631435142,757031611,285555002,631436757,757042094,0,410192,0,508.64,514.63,521.33
203,0,84,96,100,26403,26403,26403,70877,70877,70877,591,591,591,0.88,0.95,0.98,0.28,0.30,0.33,0.25,0.36,0.43,0.00,0.00,0.00,0.07,0.13,0.18,0.00,0.00,0.00,0.08,0.13,0.22,348543,597548,872690,395714,678276,1061599,0,0,0,0,0,0,0,403723,0,490.35,495.34,499.48
203,1,91,97,100,26664,26664,26664,70615,70615,70615,591,591,591,0.88,0.93,0.98,0.27,0.31,0.37,0.23,0.35,0.43,0.00,0.00,0.00,0.07,0.13,0.18,0.00,0.00,0.00,0.08,0.14,0.25,199150,977993,2298263,243697,1056087,2342813,0,0,0,0,0,0,0,360653,0,494.52,497.40,504.10
203,2,83,95,100,26821,26821,26821,70459,70459,70459,591,591,591,0.83,0.93,0.97,0.30,0.31,0.35,0.24,0.34,0.41,0.00,0.00,0.00,0.06,0.12,0.17,0.00,0.00,0.00,0.09,0.15,0.25,133658,688705,1373240,157244,768895,1420413,0,0,0,0,0,0,1964565297,313562,1964878859,495.55,500.49,511.56
203,3,83,95,100,26901,26901,26901,70378,70378,70378,591,591,591,0.79,0.93,0.98,0.28,0.30,0.31,0.25,0.35,0.43,0.00,0.00,0.00,0.07,0.13,0.18,0.00,0.00,0.00,0.08,0.14,0.21,335402,510488,613229,364225,591203,799295,0,0,0,0,0,0,0,417983,0,500.69,503.22,510.77
204,0,97,99,100,26403,26403,26403,70877,70877,70877,591,591,591,0.92,0.96,0.98,0.31,0.36,0.48,0.35,0.40,0.41,0.00,0.00,0.00,0.03,0.11,0.17,0.00,0.00,0.00,0.10,0.18,0.32,340684,587006,1234336,387855,678187,1412541,0,0,0,0,0,0,0,414698,0,510.40,520.27,527.55
204,1,99,99,100,26664,26664,26664,70615,70615,70615,591,591,591,0.83,0.94,0.99,0.27,0.35,0.44,0.30,0.39,0.42,0.00,0.00,0.00,0.03,0.11,0.18,0.00,0.00,0.00,0.08,0.17,0.30,461209,718585,1090223,490034,807862,1155722,0,0,0,0,0,0,0,411688,0,507.37,513.43,517.35
204,2,93,98,100,26821,26821,26821,70459,70459,70459,591,591,591,0.78,0.93,0.99,0.25,0.33,0.43,0.29,0.39,0.43,0.00,0.00,0.00,0.02,0.11,0.18,0.00,0.00,0.00,0.08,0.17,0.29,324954,423308,628984,369504,510655,794092,0,523,2619,0,523,2619,1964982450,406692,1965389142,504.89,513.13,520.38
204,3,94,98,100,26901,26901,26901,70378,70378,70378,591,591,591,0.87,0.95,0.98,0.17,0.34,0.47,0.30,0.39,0.44,0.00,0.00,0.00,0.03,0.11,0.18,0.00,0.00,0.00,0.04,0.17,0.34,332831,479209,746930,380004,561314,833417,0,523,2619,0,523,2619,0,465750,0,513.88,521.40,525.08
205,0,100,100,100,26403,26403,26403,70877,70877,70877,591,591,591,0.81,0.85,0.91,0.16,0.21,0.23,0.32,0.36,0.42,0.00,0.00,0.00,0.07,0.09,0.11,0.00,0.00,0.00,0.04,0.08,0.09,232918,423257,747696,263974,459451,761390,421802319,622522917,761585324,421797143,622521594,761587945,0,290320,0,482.38,499.24,515.55
205,1,99,99,100,26664,26664,26664,70615,70615,70615,591,591,591,0.80,0.85,0.90,0.16,0.22,0.25,0.32,0.36,0.41,0.00,0.00,0.00,0.07,0.09,0.10,0.00,0.00,0.00,0.05,0.09,0.11,445510,598173,870065,466500,639296,919858,36827312,673246188,1253891228,147631605,673571699,1144386359,0,396154,0,486.10,495.19,504.70
205,2,100,100,100,26821,26821,26821,70459,70459,70459,591,591,591,0.81,0.86,0.90,0.20,0.22,0.25,0.33,0.36,0.39,0.00,0.00,0.00,0.08,0.09,0.10,0.00,0.00,0.00,0.07,0.09,0.11,314429,459945,870083,345872,500439,917256,640580016,674265937,761584897,640590497,674265999,761590138,1965484411,394766,1965879177,492.77,498.31,502.79
205,3,99,99,100,26901,26901,26901,70378,70378,70378,591,591,591,0.81,0.86,0.97,0.18,0.21,0.24,0.33,0.37,0.44,0.00,0.00,0.00,0.07,0.09,0.12,0.00,0.00,0.00,0.05,0.08,0.10,141504,594889,1362746,193913,638129,1415159,640679448,676919476,761510110,640682069,676919476,761504869,0,389862,0,488.70,498.02,507.97
206,0,99,99,100,26403,26403,26403,70877,70877,70877,591,591,591,0.80,0.86,0.96,0.17,0.22,0.24,0.33,0.37,0.44,0.00,0.00,0.00,0.06,0.09,0.12,0.00,0.00,0.00,0.04,0.09,0.11,351146,439223,626347,382592,481678,657796,640645604,655147578,664801341,640648224,655148102,664802792,0,392658,0,487.02,489.61,491.64
206,1,99,99,100,26664,26664,26664,70615,70615,70615,591,591,591,0.80,0.84,0.94,0.16,0.22,0.24,0.32,0.35,0.43,0.00,0.00,0.00,0.06,0.09,0.11,0.00,0.00,0.00,0.04,0.09,0.11,191308,539305,846426,241101,581234,880493,0,655116685,1305496212,0,655115113,1305490970,0,437103,0,487.25,492.09,494.88
206,2,100,100,100,26821,26821,26821,70459,70459,70459,591,591,591,0.80,0.85,0.90,0.19,0.22,0.25,0.32,0.35,0.39,0.00,0.00,0.00,0.08,0.09,0.10,0.00,0.00,0.00,0.06,0.09,0.11,23586,322343,608003,75999,365846,657796,0,655148632,1305457978,110795684,655149266,1194673327,1965980163,428263,1966408426,482.97,486.80,490.07
206,3,99,99,100,26901,26901,26901,70378,70378,70378,591,591,591,0.80,0.84,0.90,0.18,0.22,0.25,0.33,0.35,0.40,0.00,0.00,0.00,0.07,0.09,0.11,0.00,0.00,0.00,0.05,0.09,0.11,328060,410812,673532,379319,454111,704981,626582051,653726816,679941162,626576926,653727850,679935801,0,388189,0,485.42,487.95,489.89
207,0,99,99,100,26403,26403,26403,70877,70877,70877,591,591,591,0.81,0.85,0.96,0.18,0.22,0.25,0.33,0.36,0.44,0.00,0.00,0.00,0.07,0.09,0.12,0.00,0.00,0.00,0.05,0.09,0.11,330204,655170,1525224,374749,697625,1575016,640679990,650333227,664811344,640679990,650333751,664816585,0,438768,0,487.57,488.73,491.13
207,1,100,100,100,26664,26664,26664,70615,70615,70615,591,591,591,0.81,0.86,0.98,0.18,0.22,0.25,0.32,0.36,0.44,0.00,0.00,0.00,0.07,0.09,0.12,0.00,0.00,0.00,0.05,0.08,0.11,440273,840536,1873793,471721,880720,1905242,0,606009850,1305492035,0,606009675,1305484173,0,395232,0,483.24,491.60,497.16
207,2,100,100,100,26821,26821,26821,70459,70459,70459,591,591,591,0.81,0.86,0.93,0.16,0.22,0.25,0.32,0.36,0.42,0.00,0.00,0.00,0.07,0.09,0.11,0.00,0.00,0.00,0.04,0.08,0.11,317104,516566,914614,340690,557968,959165,0,605864910,1304716942,0,605864387,1304709084,1966507807,389072,1966896879,476.35,482.10,483.67
207,3,100,100,100,26901,26901,26901,70378,70378,70378,591,591,591,0.81,0.86,0.90,0.20,0.22,0.25,0.33,0.36,0.40,0.00,0.00,0.00,0.08,0.09,0.10,0.00,0.00,0.00,0.07,0.08,0.11,335365,504722,835983,377389,544204,867430,443191202,605978977,664779511,443187708,605978803,664776890,0,291697,0,489.00,493.01,496.20
208,0,99,99,100,26403,26403,26403,70877,70877,70877,591,591,591,0.80,0.87,0.91,0.18,0.22,0.27,0.27,0.34,0.40,0.00,0.00,0.00,0.08,0.09,0.11,0.00,0.00,0.00,0.05,0.10,0.15,332769,461387,686637,364211,530346,718086,454366241,638117157,766013615,454362881,638115960,766008373,0,394368,0,487.32,492.54,497.07
208,1,100,100,100,26664,26664,26664,70615,70615,70615,591,591,591,0.82,0.88,0.92,0.16,0.22,0.24,0.28,0.33,0.41,0.00,0.00,0.00,0.07,0.08,0.11,0.00,0.00,0.00,0.04,0.10,0.14,450764,747858,1207716,466488,821226,1362283,640703663,688949775,765975489,640703663,688951872,765980731,0,403130,0,487.77,496.35,501.96
208,2,100,100,100,26821,26821,26821,70459,70459,70459,591,591,591,0.82,0.88,0.93,0.19,0.23,0.27,0.26,0.33,0.39,0.00,0.00,0.00,0.07,0.08,0.10,0.00,0.00,0.00,0.06,0.10,0.16,319730,499497,780975,345932,573400,830769,640685436,688993933,765957650,640695919,688993933,765962891,1966994942,398680,1967393622,485.06,490.11,497.09
208,3,100,100,100,26901,26901,26901,70378,70378,70378,591,591,591,0.82,0.87,0.94,0.18,0.23,0.26,0.24,0.33,0.40,0.00,0.00,0.00,0.07,0.09,0.11,0.00,0.00,0.00,0.05,0.10,0.16,120541,524138,1252725,248943,600136,1352314,640698803,688984963,766023492,640685699,688984438,766018250,0,449195,0,485.32,491.05,495.93
209,0,91,98,100,26403,26403,26403,70877,70877,70877,591,591,591,0.80,0.90,0.94,0.24,0.26,0.28,0.26,0.27,0.29,0.00,0.00,0.00,0.07,0.08,0.08,0.00,0.00,0.00,0.13,0.15,0.18,335436,417782,589649,353786,484136,670890,120608365,639185338,988560816,0,639186930,988558195,0,405386,0,499.03,510.37,515.37
209,1,100,100,100,26664,26664,26664,70615,70615,70615,591,591,591,0.87,0.91,0.95,0.24,0.26,0.27,0.25,0.27,0.29,0.00,0.00,0.00,0.07,0.08,0.08,0.00,0.00,0.00,0.13,0.15,0.16,411435,599232,1142145,421917,654736,1223353,0,588709748,755169674,0,594950467,786378476,0,443897,0,501.30,509.90,516.11
209,2,89,97,100,26821,26821,26821,70459,70459,70459,591,591,591,0.83,0.90,0.92,0.22,0.25,0.27,0.24,0.26,0.28,0.00,0.00,0.00,0.07,0.08,0.08,0.00,0.00,0.00,0.11,0.14,0.16,309178,403018,539720,389050,460920,618320,0,635803696,988538498,0,635804744,988541119,1967496605,354325,1967850930,500.89,509.29,516.24
209,3,84,96,100,26901,26901,26901,70378,70378,70378,591,591,591,0.74,0.88,0.92,0.22,0.25,0.27,0.21,0.26,0.28,0.00,0.00,0.00,0.07,0.08,0.08,0.00,0.00,0.00,0.13,0.14,0.16,343244,504817,777063,416609,567278,800068,0,630829399,1013598174,0,630828928,1013603548,0,406047,0,501.38,515.43,522.98
210,0,98,99,100,26403,26403,26403,70877,70877,70877,591,591,591,0.88,0.93,0.97,0.28,0.31,0.36,0.25,0.35,0.42,0.00,0.00,0.00,0.07,0.12,0.18,0.00,0.00,0.00,0.08,0.15,0.25,335442,401486,597496,382614,478533,822868,0,0,0,0,0,0,0,453802,0,498.05,501.16,506.46
210,1,88,96,100,26664,26664,26664,70615,70615,70615,591,591,591,0.71,0.89,0.97,0.29,0.31,0.32,0.25,0.33,0.41,0.00,0.00,0.00,0.06,0.11,0.17,0.00,0.00,0.00,0.09,0.16,0.21,31447,834382,1926086,149377,922259,2154072,0,46679661,233398309,0,40436733,202183667,0,310163,0,493.83,500.27,513.69
210,2,98,99,100,26821,26821,26821,70459,70459,70459,591,591,591,0.76,0.90,0.98,0.29,0.31,0.33,0.25,0.33,0.41,0.00,0.00,0.00,0.06,0.11,0.17,0.00,0.00,0.00,0.09,0.16,0.23,2620,514686,922395,91719,598368,1152994,0,0,0,0,0,0,1967945840,410025,1968355865,493.43,501.23,514.28
210,3,99,99,100,26901,26901,26901,70378,70378,70378,591,591,591,0.88,0.93,0.98,0.29,0.32,0.38,0.25,0.35,0.41,0.00,0.00,0.00,0.07,0.12,0.17,0.00,0.00,0.00,0.09,0.16,0.26,330205,392580,605438,379984,471720,615922,0,0,0,0,0,0,0,411427,0,505.87,511.05,517.52
211,0,96,98,100,26403,26403,26403,70877,70877,70877,591,591,591,0.94,0.96,0.98,0.28,0.35,0.52,0.35,0.40,0.43,0.00,0.00,0.00,0.03,0.14,0.18,0.00,0.00,0.00,0.08,0.15,0.33,364250,737675,1336543,476770,816285,1386336,0,0,0,0,0,0,0,315121,0,507.47,516.33,522.35
211,1,95,98,100,26664,26664,26664,70615,70615,70615,591,591,591,0.84,0.94,0.98,0.28,0.35,0.46,0.30,0.39,0.43,0.00,0.00,0.00,0.03,0.13,0.18,0.00,0.00,0.00,0.08,0.15,0.30,482004,602677,875187,532017,704867,917112,0,0,0,0,0,0,0,407809,0,511.38,514.02,515.06
211,2,99,99,100,26821,26821,26821,70459,70459,70459,591,591,591,0.78,0.93,0.98,0.28,0.34,0.43,0.27,0.38,0.43,0.00,0.00,0.00,0.03,0.13,0.18,0.00,0.00,0.00,0.08,0.15,0.28,343293,408155,584409,395631,514293,626340,0,0,0,0,0,0,1968459363,402598,1968861961,509.14,516.40,519.12
211,3,99,99,100,26901,26901,26901,70378,70378,70378,591,591,591,0.83,0.94,0.98,0.29,0.35,0.44,0.31,0.39,0.42,0.00,0.00,0.00,0.02,0.12,0.18,0.00,0.00,0.00,0.08,0.16,0.30,125823,400466,627226,277859,505275,669157,0,0,0,0,0,0,0,470085,0,522.16,525.89,528.44
212,0,100,100,100,26403,26403,26403,70877,70877,70877,591,591,591,0.81,0.86,0.90,0.19,0.26,0.44,0.32,0.36,0.40,0.00,0.00,0.00,0.05,0.08,0.11,0.00,0.00,0.00,0.07,0.13,0.30,324865,546210,930352,358923,609591,1084974,0,413367415,761342921,0,413366891,761342921,0,392008,0,496.54,510.12,526.83
212,1,100,100,100,26664,26664,26664,70615,70615,70615,591,591,591,0.81,0.88,0.97,0.18,0.25,0.42,0.33,0.37,0.44,0.00,0.00,0.00,0.07,0.09,0.11,0.00,0.00,0.00,0.05,0.12,0.28,455778,599526,846191,490066,642965,895966,0,412572177,761574301,0,412573749,761574301,0,386142,0,491.66,498.77,510.42
212,2,99,99,100,26821,26821,26821,70459,70459,70459,591,591,591,0.81,0.88,0.97,0.17,0.26,0.42,0.33,0.37,0.43,0.00,0.00,0.00,0.07,0.09,0.11,0.00,0.00,0.00,0.04,0.12,0.28,348552,435714,582568,380001,474225,628360,0,409523285,761582404,0,430253074,761579783,1968965268,387340,1969352608,485.69,496.98,508.26
212,3,99,99,100,26901,26901,26901,70378,70378,70378,591,591,591,0.80,0.88,0.98,0.19,0.24,0.36,0.33,0.37,0.40,0.00,0.00,0.00,0.08,0.09,0.11,0.00,0.00,0.00,0.06,0.11,0.22,343299,672567,1388998,377367,713322,1417826,0,538375707,1289617766,0,538376503,1289617766,0,393051,0,497.64,506.27,519.95
213,0,99,99,100,26403,26403,26403,70877,70877,70877,591,591,591,0.80,0.86,0.93,0.16,0.21,0.24,0.32,0.37,0.43,0.00,0.00,0.00,0.07,0.09,0.11,0.00,0.00,0.00,0.04,0.08,0.11,345923,519419,720698,364276,554013,770492,640682655,650334439,664809066,640690517,650334440,664789901,0,438516,0,481.33,485.07,487.80
213,1,100,100,100,26664,26664,26664,70615,70615,70615,591,591,591,0.81,0.86,0.91,0.17,0.22,0.25,0.33,0.36,0.41,0.00,0.00,0.00,0.07,0.09,0.11,0.00,0.00,0.00,0.05,0.09,0.11,204413,866510,1899892,254206,906691,1949683,640443416,696202662,870330344,640435557,696200740,870323355,0,387475,0,481.53,485.02,491.03
213,2,99,99,100,26821,26821,26821,70459,70459,70459,591,591,591,0.81,0.85,0.98,0.18,0.21,0.24,0.33,0.36,0.44,0.00,0.00,0.00,0.07,0.09,0.12,0.00,0.00,0.00,0.05,0.08,0.10,0,524128,974912,52413,566058,1027327,640621643,650317395,664806695,533851806,628963428,664811937,1969450054,437453,1969887507,480.61,485.17,488.14
213,3,100,100,100,26901,26901,26901,70378,70378,70378,591,591,591,0.81,0.85,0.90,0.19,0.22,0.25,0.32,0.35,0.40,0.00,0.00,0.00,0.07,0.09,0.10,0.00,0.00,0.00,0.06,0.09,0.11,339518,531356,745091,366252,576327,796476,0,652441925,1304973419,0,652441381,1304973419,0,290823,0,486.02,491.09,496.15
214,0,99,99,100,26403,26403,26403,70877,70877,70877,591,591,591,0.80,0.85,0.90,0.18,0.22,0.25,0.32,0.36,0.40,0.00,0.00,0.00,0.08,0.09,0.11,0.00,0.00,0.00,0.05,0.08,0.11,324963,574098,910226,374756,613582,960891,0,589439534,1305477188,0,568114582,1305482430,0,386087,0,483.60,486.76,490.12
214,1,100,100,100,26664,26664,26664,70615,70615,70615,591,591,591,0.81,0.85,0.96,0.18,0.21,0.24,0.33,0.36,0.43,0.00,0.00,0.00,0.07,0.09,0.11,0.00,0.00,0.00,0.05,0.08,0.11,458623,610094,1085216,492692,649401,1135021,0,650215827,1304764498,0,650218447,1304767117,0,396620,0,483.11,491.54,497.64
214,2,99,99,100,26821,26821,26821,70459,70459,70459,591,591,591,0.81,0.86,0.95,0.18,0.22,0.25,0.32,0.36,0.43,0.00,0.00,0.00,0.06,0.09,0.11,0.00,0.00,0.00,0.05,0.09,0.11,319728,412669,587032,361645,453902,636825,427138678,740576284,1305487650,501002755,733191231,1194679961,1969983559,391005,1970374564,481.65,488.49,494.03
214,3,99,99,100,26901,26901,26901,70378,70378,70378,591,591,591,0.80,0.85,0.90,0.19,0.22,0.25,0.33,0.36,0.39,0.00,0.00,0.00,0.07,0.09,0.11,0.00,0.00,0.00,0.06,0.08,0.11,314484,680679,1102445,364277,719639,1137388,427126919,607619281,664787524,427133908,607619106,664792765,0,448568,0,487.42,492.58,497.74
215,0,100,100,100,26403,26403,26403,70877,70877,70877,591,591,591,0.80,0.87,0.93,0.16,0.22,0.26,0.26,0.35,0.43,0.00,0.00,0.00,0.07,0.09,0.11,0.00,0.00,0.00,0.04,0.10,0.16,328645,486595,783597,378203,557305,830770,0,652810687,1299315170,0,674135549,1299317778,0,393653,0,489.49,490.59,491.13
215,1,100,100,100,26664,26664,26664,70615,70615,70615,591,591,591,0.81,0.88,0.97,0.18,0.22,0.26,0.28,0.35,0.44,0.00,0.00,0.00,0.08,0.09,0.12,0.00,0.00,0.00,0.05,0.10,0.15,440384,558696,820295,516402,631025,875331,0,547294244,1305522732,0,547300305,1305514870,0,400446,0,489.44,493.11,498.94
215,2,100,100,100,26821,26821,26821,70459,70459,70459,591,591,591,0.81,0.89,0.94,0.16,0.22,0.26,0.28,0.34,0.43,0.00,0.00,0.00,0.07,0.09,0.11,0.00,0.00,0.00,0.04,0.09,0.13,317096,373144,555474,345923,444945,605257,0,547205438,1305223318,0,547198191,1305231179,1970468912,406455,1970875367,486.14,495.00,500.54
215,3,100,100,100,26901,26901,26901,70378,70378,70378,591,591,591,0.80,0.88,0.92,0.19,0.22,0.27,0.27,0.34,0.39,0.00,0.00,0.00,0.07,0.09,0.10,0.00,0.00,0.00,0.07,0.10,0.16,332833,485682,717086,364282,558168,796478,640707148,685779177,766017113,640704527,685778140,766001389,0,398584,0,491.44,495.63,500.76
216,0,100,100,100,26403,26403,26403,70877,70877,70877,591,591,591,0.91,0.92,0.93,0.23,0.26,0.27,0.27,0.28,0.29,0.00,0.00,0.00,0.07,0.08,0.09,0.00,0.00,0.00,0.13,0.14,0.16,348533,451783,621105,429770,515724,691864,241623097,579830833,756927516,0,579830070,756924896,0,451828,0,497.00,504.81,512.61
216,1,94,98,100,26664,26664,26664,70615,70615,70615,591,591,591,0.89,0.91,0.92,0.24,0.26,0.27,0.26,0.27,0.28,0.00,0.00,0.00,0.08,0.08,0.08,0.00,0.00,0.00,0.12,0.15,0.16,445540,702515,1310323,500577,761848,1320805,117986913,636835086,897277974,196826566,646251140,865515736,0,358783,0,493.58,504.90,514.68
216,2,100,100,100,26821,26821,26821,70459,70459,70459,591,591,591,0.92,0.92,0.93,0.23,0.26,0.27,0.26,0.27,0.28,0.00,0.00,0.00,0.08,0.08,0.08,0.00,0.00,0.00,0.13,0.15,0.16,0,313941,497903,13104,372535,571278,39423916,586548797,751564024,157548894,610171187,751553618,1970975639,357994,1971333633,502.94,507.53,512.31
216,3,100,100,100,26901,26901,26901,70378,70378,70378,591,591,591,0.92,0.92,0.94,0.25,0.26,0.27,0.27,0.28,0.29,0.00,0.00,0.00,0.08,0.08,0.09,0.00,0.00,0.00,0.13,0.14,0.16,330112,366643,402508,382511,421387,472277,41266130,579774961,742223789,0,579744961,742223789,0,410314,0,505.26,511.17,518.43
217,0,84,95,100,26403,26403,26403,70877,70877,70877,591,591,591,0.78,0.89,0.98,0.30,0.31,0.31,0.25,0.29,0.34,0.00,0.00,0.00,0.06,0.09,0.13,0.00,0.00,0.00,0.14,0.18,0.21,340697,607762,1023764,390470,709529,1126839,0,1958531782,0,0,1958531345,0,0,299367,0,491.52,495.61,500.23
217,1,83,95,100,26664,26664,26664,70615,70615,70615,591,591,591,0.65,0.86,0.95,0.29,0.31,0.34,0.25,0.30,0.35,0.00,0.00,0.00,0.05,0.09,0.14,0.00,0.00,0.00,0.13,0.18,0.22,463841,647311,898916,484806,761312,1069264,0,0,0,0,0,0,0,401493,0,483.98,487.63,496.06
217,2,94,96,100,26821,26821,26821,70459,70459,70459,591,591,591,0.64,0.85,0.96,0.22,0.29,0.33,0.20,0.29,0.35,0.00,0.00,0.00,0.05,0.10,0.15,0.00,0.00,0.00,0.11,0.16,0.22,361651,604924,870057,377375,697739,1014193,0,0,0,0,0,0,1971420764,405821,1971826585,489.48,493.01,497.62
217,3,82,94,100,26901,26901,26901,70378,70378,70378,591,591,591,0.68,0.84,0.96,0.27,0.30,0.33,0.25,0.30,0.36,0.00,0.00,0.00,0.05,0.09,0.15,0.00,0.00,0.00,0.11,0.17,0.22,102204,465551,783380,144134,571241,917000,0,0,0,0,0,0,0,452754,0,487.64,490.55,494.99
218,0,99,99,100,26403,26403,26403,70877,70877,70877,591,591,591,0.92,0.96,0.98,0.27,0.31,0.35,0.40,0.41,0.42,0.00,0.00,0.00,0.13,0.16,0.18,0.00,0.00,0.00,0.07,0.10,0.17,327585,508919,940808,374758,582158,987980,0,0,0,0,0,0,0,419493,0,494.69,511.63,522.21
218,1,99,99,100,26664,26664,26664,70615,70615,70615,591,591,591,0.96,0.97,0.98,0.28,0.32,0.41,0.38,0.41,0.43,0.00,0.00,0.00,0.10,0.16,0.18,0.00,0.00,0.00,0.08,0.11,0.22,463865,708615,1121634,505796,780944,1171427,0,0,0,0,0,0,0,414111,0,501.33,508.48,516.27
218,2,98,99,100,26821,26821,26821,70459,70459,70459,591,591,591,0.95,0.97,0.98,0.28,0.33,0.43,0.38,0.41,0.43,0.00,0.00,0.00,0.08,0.15,0.18,0.00,0.00,0.00,0.08,0.12,0.25,319709,434500,610597,364258,506305,741638,0,0,0,0,0,0,1971932856,403117,1972335973,511.49,517.28,522.84
218,3,99,99,100,26901,26901,26901,70378,70378,70378,591,591,591,0.95,0.97,0.98,0.27,0.33,0.43,0.39,0.41,0.43,0.00,0.00,0.00,0.07,0.15,0.18,0.00,0.00,0.00,0.07,0.12,0.26,337887,655137,1373251,398345,725878,1415182,0,0,0,0,0,0,0,421703,0,508.34,517.22,523.72
219,0,96,99,100,26403,26403,26403,70877,70877,70877,591,591,591,0.81,0.88,0.98,0.19,0.29,0.48,0.33,0.37,0.41,0.00,0.00,0.00,0.03,0.08,0.11,0.00,0.00,0.00,0.06,0.15,0.32,332812,423466,626342,361638,482158,657790,0,280451671,761559499,0,280450623,761559499,0,389922,0,499.15,511.08,527.22
219,1,99,99,100,26664,26664,26664,70615,70615,70615,591,591,591,0.81,0.88,0.98,0.17,0.27,0.46,0.32,0.36,0.43,0.00,0.00,0.00,0.03,0.08,0.11,0.00,0.00,0.00,0.04,0.14,0.32,435027,545550,849107,466475,604147,896279,0,278312041,761586243,0,278312538,761581001,0,441094,0,492.26,508.62,518.17
219,2,94,98,100,26821,26821,26821,70459,70459,70459,591,591,591,0.79,0.86,0.98,0.16,0.26,0.41,0.28,0.35,0.43,0.00,0.00,0.00,0.02,0.08,0.10,0.00,0.00,0.00,0.05,0.14,0.29,327581,452128,875315,359029,511329,927729,0,280121320,761581732,0,302275736,761584353,1972440406,443926,1972884332,490.90,501.53,509.15
219,3,94,98,100,26901,26901,26901,70378,70378,70378,591,591,591,0.81,0.88,0.99,0.22,0.27,0.46,0.33,0.36,0.43,0.00,0.00,0.00,0.03,0.08,0.11,0.00,0.00,0.00,0.08,0.14,0.32,332804,746952,1631157,364250,809826,1684430,0,400181628,693319720,0,400180531,693322106,0,293899,0,499.72,511.62,523.84
220,0,99,99,100,26403,26403,26403,70877,70877,70877,591,591,591,0.81,0.84,0.90,0.20,0.22,0.25,0.33,0.36,0.40,0.00,0.00,0.00,0.08,0.09,0.10,0.00,0.00,0.00,0.07,0.09,0.11,18344,533499,1372854,47171,574380,1404293,106634659,783274652,1305525123,0,783271502,1305522503,0,393617,0,485.57,490.30,493.02
220,1,100,100,100,26664,26664,26664,70615,70615,70615,591,591,591,0.81,0.85,0.90,0.19,0.22,0.25,0.32,0.35,0.39,0.00,0.00,0.00,0.08,0.09,0.10,0.00,0.00,0.00,0.06,0.09,0.11,435032,687839,1240468,479580,728373,1275411,443196597,738961110,1305430113,443198344,738958839,1305427492,0,391615,0,488.24,490.12,493.71
220,2,100,100,100,26821,26821,26821,70459,70459,70459,591,591,591,0.80,0.86,0.90,0.21,0.22,0.24,0.32,0.36,0.39,0.00,0.00,0.00,0.07,0.09,0.10,0.00,0.00,0.00,0.08,0.09,0.11,36690,416659,733800,86484,459985,777478,443206467,738912113,1305355784,443202973,716755739,1194572167,1972981591,391103,1973372694,483.91,488.41,491.75
220,3,99,99,100,26901,26901,26901,70378,70378,70378,591,591,591,0.81,0.86,0.90,0.18,0.21,0.25,0.33,0.37,0.40,0.00,0.00,0.00,0.08,0.09,0.11,0.00,0.00,0.00,0.05,0.08,0.11,332824,684527,1145235,364272,725934,1197649,640689418,650336758,664802373,640678936,650337282,664812856,0,396296,0,487.81,492.65,497.42
221,0,99,99,100,26403,26403,26403,70877,70877,70877,591,591,591,0.80,0.87,0.95,0.17,0.22,0.24,0.32,0.35,0.41,0.00,0.00,0.00,0.06,0.09,0.10,0.00,0.00,0.00,0.05,0.09,0.11,324963,461198,953865,353779,500504,1003655,0,655083420,1305399211,0,655083943,1305396591,0,392896,0,485.03,488.61,494.56
221,1,100,100,100,26664,26664,26664,70615,70615,70615,591,591,591,0.81,0.86,0.91,0.16,0.22,0.24,0.32,0.37,0.42,0.00,0.00,0.00,0.07,0.09,0.11,0.00,0.00,0.00,0.04,0.08,0.11,521512,823930,1349685,571304,865336,1399479,640701101,655139296,664784121,640701101,655139296,664786742,0,389207,0,483.13,488.14,490.85
221,2,100,100,100,26821,26821,26821,70459,70459,70459,591,591,591,0.81,0.86,0.90,0.19,0.21,0.25,0.32,0.36,0.39,0.00,0.00,0.00,0.08,0.09,0.11,0.00,0.00,0.00,0.06,0.08,0.11,324967,517325,883171,356437,558208,938205,640670519,655159843,664839875,640670519,655159843,664842496,1973465993,401078,1973867071,490.23,493.91,499.57
221,3,99,99,100,26901,26901,26901,70378,70378,70378,591,591,591,0.80,0.85,0.94,0.18,0.21,0.25,0.32,0.36,0.42,0.00,0.00,0.00,0.07,0.09,0.11,0.00,0.00,0.00,0.05,0.08,0.11,332829,446732,796657,380002,485693,843827,466958992,608452311,664799464,443194704,610828521,664815879,0,397406,0,489.88,492.12,493.82
222,0,99,99,100,26403,26403,26403,70877,70877,70877,591,591,591,0.81,0.86,0.99,0.16,0.21,0.24,0.33,0.38,0.45,0.00,0.00,0.00,0.07,0.10,0.12,0.00,0.00,0.00,0.04,0.08,0.11,331425,424813,745432,364261,482785,796841,0,524930518,1331437944,0,524929398,1331445963,0,395195,0,489.18,493.79,499.37
222,1,100,100,100,26664,26664,26664,70615,70615,70615,591,591,591,0.81,0.86,0.98,0.18,0.22,0.25,0.29,0.35,0.44,0.00,0.00,0.00,0.07,0.09,0.12,0.00,0.00,0.00,0.05,0.09,0.12,455997,587117,1040033,492687,656763,1191977,640678204,674797018,763263396,640680825,674798067,763260784,0,444294,0,479.99,487.37,491.98
222,2,100,100,100,26821,26821,26821,70459,70459,70459,591,591,591,0.81,0.86,0.90,0.16,0.22,0.25,0.27,0.34,0.40,0.00,0.00,0.00,0.07,0.09,0.10,0.00,0.00,0.00,0.05,0.09,0.13,330208,407775,560842,380002,475913,704984,640689726,675387496,765940206,640687105,675387496,765945447,1973966774,441920,1974408694,484.17,489.30,495.49
222,3,99,99,100,26901,26901,26901,70378,70378,70378,591,591,591,0.81,0.85,0.90,0.19,0.23,0.26,0.26,0.34,0.40,0.00,0.00,0.00,0.07,0.09,0.11,0.00,0.00,0.00,0.06,0.10,0.15,332829,451277,607250,382623,521414,702052,640683299,668285173,748918859,640688540,668284696,748908610,0,393429,0,484.37,491.17,498.49
223,0,100,100,100,26403,26403,26403,70877,70877,70877,591,591,591,0.92,0.92,0.94,0.24,0.26,0.26,0.24,0.27,0.29,0.00,0.00,0.00,0.07,0.08,0.09,0.00,0.00,0.00,0.13,0.15,0.16,366894,701813,1601237,442893,780433,1679857,0,591321529,765949176,0,591321004,765957038,0,411158,0,496.48,507.43,517.02
223,1,100,100,100,26664,26664,26664,70615,70615,70615,591,591,591,0.91,0.92,0.93,0.25,0.26,0.27,0.26,0.27,0.28,0.00,0.00,0.00,0.08,0.08,0.08,0.00,0.00,0.00,0.13,0.15,0.16,201759,804118,1713870,282987,866366,1797729,0,525623244,756921229,0,517793327,756934331,0,307102,0,496.49,509.09,517.16
223,2,100,100,100,26821,26821,26821,70459,70459,70459,591,591,591,0.91,0.92,0.93,0.25,0.26,0.27,0.26,0.27,0.28,0.00,0.00,0.00,0.08,0.08,0.08,0.00,0.00,0.00,0.14,0.15,0.16,0,477817,1014202,70758,545026,1095443,0,576206787,757052343,0,576205713,757047102,1974510178,311646,1974821824,493.27,507.15,515.60
223,3,100,100,100,26901,26901,26901,70378,70378,70378,591,591,591,0.91,0.92,0.93,0.23,0.26,0.27,0.27,0.27,0.29,0.00,0.00,0.00,0.07,0.08,0.09,0.00,0.00,0.00,0.13,0.15,0.16,345933,751228,1525245,372140,817070,1588141,0,583127120,757058242,0,583130277,757060863,0,412355,0,499.96,511.12,518.16
224,0,92,97,100,26403,26403,26403,70877,70877,70877,591,591,591,0.81,0.90,0.96,0.27,0.30,0.34,0.25,0.28,0.36,0.00,0.00,0.00,0.07,0.08,0.11,0.00,0.00,0.00,0.16,0.18,0.22,248080,587451,1082305,414049,659080,1108511,0,424311705,988551350,0,424313016,988559212,0,297386,0,502.73,507.26,517.61
224,1,92,95,100,26664,26664,26664,70615,70615,70615,591,591,591,0.74,0.86,0.94,0.25,0.30,0.37,0.23,0.29,0.41,0.00,0.00,0.00,0.06,0.08,0.11,0.00,0.00,0.00,0.15,0.18,0.25,446321,643562,1181857,482205,733343,1409842,0,247594840,990379361,0,247593527,990374111,0,395486,0,498.76,500.05,502.10
224,2,93,98,100,26821,26821,26821,70459,70459,70459,591,591,591,0.79,0.87,0.94,0.25,0.30,0.35,0.24,0.29,0.39,0.00,0.00,0.00,0.06,0.09,0.12,0.00,0.00,0.00,0.14,0.17,0.25,327650,403732,495092,353862,488662,691558,0,164718827,658875310,0,164719700,658878803,1974919232,400533,1975319765,492.77,496.07,500.57
224,3,87,96,100,26901,26901,26901,70378,70378,70378,591,591,591,0.76,0.87,0.95,0.21,0.30,0.37,0.22,0.30,0.41,0.00,0.00,0.00,0.07,0.09,0.12,0.00,0.00,0.00,0.12,0.17,0.26,230622,442238,801927,248093,528502,1027305,0,247142903,988571613,0,247140937,988563751,0,403230,0,500.13,503.34,509.79
225,0,99,99,100,26403,26403,26403,70877,70877,70877,591,591,591,0.96,0.98,0.98,0.27,0.30,0.31,0.32,0.40,0.43,0.00,0.00,0.00,0.13,0.17,0.18,0.00,0.00,0.00,0.08,0.10,0.13,323176,403370,573111,369526,446761,614416,0,0,0,0,0,0,0,418925,0,498.56,508.76,520.94
225,1,98,98,99,26664,26664,26664,70615,70615,70615,591,591,591,0.97,0.97,0.98,0.27,0.30,0.31,0.41,0.42,0.42,0.00,0.00,0.00,0.16,0.17,0.18,0.00,0.00,0.00,0.07,0.09,0.11,490062,574318,657801,539854,645066,773070,0,0,0,0,0,0,0,411323,0,496.24,506.71,511.80
225,2,98,98,99,26821,26821,26821,70459,70459,70459,591,591,591,0.97,0.98,0.98,0.28,0.31,0.36,0.40,0.42,0.43,0.00,0.00,0.00,0.13,0.16,0.18,0.00,0.00,0.00,0.08,0.10,0.16,327584,396756,589608,369515,470131,634156,0,0,0,0,0,0,1975424897,416346,1975841243,505.92,517.71,522.75
225,3,98,98,99,26901,26901,26901,70378,70378,70378,591,591,591,0.97,0.98,0.98,0.28,0.31,0.36,0.40,0.41,0.43,0.00,0.00,0.00,0.13,0.16,0.18,0.00,0.00,0.00,0.08,0.11,0.17,327586,408823,589669,374749,482726,639464,0,0,0,0,0,0,0,316313,0,503.87,517.35,523.75
226,0,96,99,100,26403,26403,26403,70877,70877,70877,591,591,591,0.81,0.90,0.98,0.18,0.31,0.48,0.34,0.39,0.45,0.00,0.00,0.00,0.03,0.08,0.12,0.00,0.00,0.00,0.05,0.16,0.32,359015,764185,1630057,442894,848569,1658885,0,128138273,640691365,0,128136700,640683503,0,442264,0,500.42,513.85,523.18
226,1,95,99,100,26664,26664,26664,70615,70615,70615,591,591,591,0.84,0.89,0.97,0.17,0.30,0.50,0.33,0.37,0.40,0.00,0.00,0.00,0.03,0.07,0.10,0.00,0.00,0.00,0.05,0.17,0.32,293129,710111,1478037,336749,768102,1491140,0,194088431,933609153,0,216246237,933616133,0,439306,0,492.82,506.30,515.29
226,2,100,100,100,26821,26821,26821,70459,70459,70459,591,591,591,0.78,0.87,0.97,0.21,0.29,0.43,0.27,0.35,0.39,0.00,0.00,0.00,0.03,0.07,0.10,0.00,0.00,0.00,0.08,0.17,0.28,555435,1035219,2067249,597152,1097590,2098690,0,391228595,1291154393,0,393213666,1174567289,1975933178,446478,1976379656,490.56,504.97,513.93
226,3,100,100,100,26901,26901,26901,70378,70378,70378,591,591,591,0.81,0.89,0.98,0.19,0.29,0.47,0.33,0.37,0.41,0.00,0.00,0.00,0.03,0.08,0.10,0.00,0.00,0.00,0.07,0.15,0.31,317110,643560,1467434,351180,703854,1501499,0,284565231,782120046,0,284566096,782114663,0,448180,0,495.74,510.69,523.85
227,0,99,99,100,26403,26403,26403,70877,70877,70877,591,591,591,0.81,0.84,0.90,0.17,0.22,0.25,0.33,0.36,0.41,0.00,0.00,0.00,0.07,0.09,0.11,0.00,0.00,0.00,0.05,0.09,0.11,335433,432931,765248,369501,475909,796696,0,783251099,1305486888,0,783250574,1305486888,0,390259,0,484.79,488.46,496.38
227,1,100,100,100,26664,26664,26664,70615,70615,70615,591,591,591,0.81,0.86,0.92,0.16,0.22,0.25,0.32,0.37,0.42,0.00,0.00,0.00,0.07,0.09,0.11,0.00,0.00,0.00,0.04,0.09,0.11,442890,529379,830771,479587,571834,880565,35148748,775922686,1270319188,0,753766213,1305472615,0,389415,0,484.02,487.50,491.73
227,2,100,100,100,26821,26821,26821,70459,70459,70459,591,591,591,0.81,0.85,0.90,0.20,0.22,0.25,0.33,0.35,0.39,0.00,0.00,0.00,0.07,0.09,0.10,0.00,0.00,0.00,0.07,0.09,0.11,324947,400774,605381,359014,441131,636830,443197540,605983248,664807652,443197540,605982724,664807652,1976474064,389675,1976863739,477.65,485.41,498.08
227,3,100,100,100,26901,26901,26901,70378,70378,70378,591,591,591,0.80,0.84,0.90,0.17,0.22,0.25,0.32,0.36,0.41,0.00,0.00,0.00,0.07,0.09,0.10,0.00,0.00,0.00,0.05,0.09,0.11,332807,479579,694479,345910,524131,744272,0,783288740,1305489738,0,783288740,1305480112,0,388515,0,486.24,488.27,491.58
228,0,99,99,100,26403,26403,26403,70877,70877,70877,591,591,591,0.80,0.86,0.98,0.18,0.21,0.25,0.33,0.37,0.45,0.00,0.00,0.00,0.08,0.09,0.12,0.00,0.00,0.00,0.05,0.08,0.12,219179,519369,965490,250244,558829,1018204,106628338,574344589,789495378,0,567062237,859712247,0,390392,0,482.44,487.57,495.00
228,1,100,100,100,26664,26664,26664,70615,70615,70615,591,591,591,0.81,0.85,0.96,0.18,0.22,0.25,0.33,0.35,0.43,0.00,0.00,0.00,0.06,0.09,0.11,0.00,0.00,0.00,0.05,0.09,0.11,490062,1179824,2371726,539855,1222279,2418899,0,655133336,1305382091,0,655133336,1305382091,0,389263,0,485.03,488.49,491.78
228,2,100,100,100,26821,26821,26821,70459,70459,70459,591,591,591,0.81,0.87,0.95,0.17,0.21,0.25,0.32,0.37,0.42,0.00,0.00,0.00,0.07,0.09,0.11,0.00,0.00,0.00,0.05,0.08,0.11,374745,752672,1504309,429777,793555,1535758,640711042,655159733,664799828,640711042,655159733,664805069,1976963910,339845,1977303755,480.36,485.62,490.69
228,3,100,100,100,26901,26901,26901,70378,70378,70378,591,591,591,0.80,0.85,0.90,0.19,0.21,0.25,0.33,0.36,0.39,0.00,0.00,0.00,0.08,0.09,0.11,0.00,0.00,0.00,0.06,0.08,0.11,246346,576015,1195012,279541,615149,1226459,443194330,610823113,664780574,443203066,610822240,664775333,0,393717,0,485.91,489.99,497.01
229,0,100,100,100,26403,26403,26403,70877,70877,70877,591,591,591,0.80,0.85,0.90,0.18,0.21,0.25,0.32,0.35,0.40,0.00,0.00,0.00,0.07,0.09,0.11,0.00,0.00,0.00,0.06,0.09,0.11,324965,654118,1425652,359034,718587,1572410,640669172,675388380,765988967,640679654,675390476,765996829,0,439863,0,483.23,485.44,490.75
229,1,100,100,100,26664,26664,26664,70615,70615,70615,591,591,591,0.82,0.87,0.94,0.18,0.22,0.24,0.27,0.35,0.42,0.00,0.00,0.00,0.07,0.09,0.11,0.00,0.00,0.00,0.05,0.10,0.13,437666,867077,1995266,469115,936440,2043344,0,653777927,1197513025,0,653776354,1197513025,0,294251,0,482.87,487.10,494.20
229,2,100,100,100,26821,26821,26821,70459,70459,70459,591,591,591,0.81,0.86,0.90,0.20,0.23,0.25,0.26,0.34,0.39,0.00,0.00,0.00,0.07,0.09,0.10,0.00,0.00,0.00,0.07,0.10,0.15,330208,521923,804044,361657,590638,851488,610461961,669318937,765998449,610466955,669318887,765995828,1977396141,401534,1977797675,487.12,493.57,498.61
229,3,99,99,100,26901,26901,26901,70378,70378,70378,591,591,591,0.80,0.86,0.90,0.18,0.21,0.24,0.32,0.35,0.40,0.00,0.00,0.00,0.07,0.09,0.10,0.00,0.00,0.00,0.05,0.09,0.11,318520,652013,1478070,333932,718096,1627450,108759383,678697144,1218992738,181104665,678101481,1143674362,0,451700,0,489.66,495.24,502.05
230,0,100,100,100,26403,26403,26403,70876,70876,70877,591,591,591,0.91,0.92,0.94,0.26,0.26,0.27,0.27,0.27,0.28,0.00,0.00,0.00,0.08,0.08,0.09,0.00,0.00,0.00,0.13,0.15,0.16,330190,477529,832961,403566,552869,901065,252320530,547626583,724997180,0,547598101,756674841,0,307838,0,498.08,503.97,509.20
230,1,100,100,100,26664,26664,26664,70615,70615,70615,591,591,591,0.92,0.92,0.92,0.25,0.26,0.27,0.27,0.27,0.28,0.00,0.00,0.00,0.08,0.08,0.08,0.00,0.00,0.00,0.14,0.15,0.16,331952,605156,1111173,403584,676788,1195036,117988490,514065073,724883741,196813461,533771315,724878499,0,408035,0,502.16,507.46,512.04
230,2,100,100,100,26821,26821,26821,70459,70459,70459,591,591,591,0.92,0.92,0.93,0.24,0.26,0.27,0.26,0.27,0.28,0.00,0.00,0.00,0.08,0.08,0.08,0.00,0.00,0.00,0.13,0.15,0.16,330207,423870,597517,406207,499866,673517,0,547615750,756886360,0,547615095,756881120,1977901366,409621,1978310987,506.58,509.92,512.08
230,3,100,100,100,26901,26901,26901,70378,70378,70378,591,591,591,0.92,0.93,0.94,0.23,0.25,0.27,0.27,0.28,0.28,0.00,0.00,0.00,0.08,0.08,0.09,0.00,0.00,0.00,0.13,0.14,0.15,330206,446160,773269,403583,518877,841422,310739840,547584100,756598999,273830115,547584702,756591142,0,410791,0,507.25,512.20,515.88
231,0,84,96,100,26403,26403,26403,70876,70876,70876,591,591,591,0.73,0.88,0.95,0.23,0.29,0.34,0.25,0.29,0.36,0.00,0.00,0.00,0.06,0.08,0.11,0.00,0.00,0.00,0.13,0.17,0.22,231486,389595,615831,248383,475261,718033,0,339456990,708720792,0,339454893,708710309,0,399741,0,503.38,507.73,513.11
231,1,90,95,100,26664,26664,26664,70615,70615,70615,591,591,591,0.71,0.87,0.94,0.24,0.29,0.37,0.23,0.28,0.41,0.00,0.00,0.00,0.05,0.08,0.11,0.00,0.00,0.00,0.13,0.17,0.25,437643,578597,775892,484814,657743,859773,0,315837153,988799431,0,300081819,988807295,0,386893,0,490.56,498.17,509.49
231,2,89,97,100,26821,26821,26821,70459,70459,70459,591,591,591,0.78,0.88,0.94,0.25,0.29,0.34,0.25,0.29,0.37,0.00,0.00,0.00,0.06,0.09,0.12,0.00,0.00,0.00,0.14,0.17,0.24,206158,406555,613241,260318,482381,718069,0,273554259,708720085,0,273556181,708727947,1978413423,446338,1978859761,495.53,501.23,510.34
231,3,82,96,100,26901,26901,26901,70378,70378,70378,591,591,591,0.77,0.89,0.96,0.27,0.29,0.31,0.25,0.28,0.32,0.00,0.00,0.00,0.06,0.08,0.11,0.00,0.00,0.00,0.16,0.17,0.21,338068,387849,476924,385236,464895,594880,0,320798609,708717491,0,320798085,708725353,0,307576,0,504.13,507.62,513.90
232,0,99,99,99,26403,26403,26403,70876,70876,70876,591,591,591,0.98,0.98,0.98,0.27,0.29,0.31,0.41,0.42,0.43,0.00,0.00,0.00,0.17,0.17,0.18,0.00,0.00,0.00,0.07,0.09,0.10,366967,793004,1525206,415182,858550,1569757,0,0,0,0,0,0,0,469034,0,503.30,511.66,519.18
232,1,99,99,99,26664,26664,26664,70615,70615,70615,591,591,591,0.97,0.97,0.97,0.27,0.30,0.31,0.41,0.42,0.42,0.00,0.00,0.00,0.16,0.17,0.18,0.00,0.00,0.00,0.07,0.09,0.10,487435,1066831,2128076,529364,1136346,2177870,0,0,0,0,0,0,0,462797,0,488.49,499.90,509.95
232,2,98,98,99,26821,26821,26821,70459,70459,70459,591,591,591,0.97,0.97,0.98,0.28,0.31,0.36,0.40,0.41,0.43,0.00,0.00,0.00,0.13,0.16,0.18,0.00,0.00,0.00,0.08,0.10,0.16,327560,691021,1514718,372108,764257,1561889,0,0,0,0,0,0,1978962687,419926,1979382613,500.22,515.91,524.41
232,3,96,98,99,26901,26901,26901,70378,70378,70378,591,591,591,0.95,0.97,0.98,0.26,0.29,0.31,0.39,0.41,0.44,0.00,0.00,0.00,0.16,0.17,0.18,0.00,0.00,0.00,0.04,0.09,0.12,335427,685120,1212500,394056,751133,1240632,0,0,0,0,0,0,0,475466,0,506.44,519.00,526.03
233,0,100,100,100,26403,26403,26403,70876,70876,70876,591,591,591,0.81,0.89,0.93,0.19,0.32,0.52,0.33,0.36,0.40,0.00,0.00,0.00,0.03,0.07,0.10,0.00,0.00,0.00,0.07,0.18,0.33,332824,507363,990624,421921,577073,1024693,0,280454844,761575273,0,280454844,761580514,0,401264,0,498.75,509.89,518.32
233,1,93,98,100,26664,26664,26664,70615,70615,70615,591,591,591,0.84,0.89,0.97,0.17,0.30,0.50,0.33,0.37,0.40,0.00,0.00,0.00,0.03,0.07,0.10,0.00,0.00,0.00,0.05,0.17,0.32,476361,752894,1404705,569554,811916,1436154,0,194499785,934834186,0,216492374,934832439,0,391839,0,494.06,505.81,517.24
233,2,99,99,100,26821,26821,26821,70459,70459,70459,591,591,591,0.75,0.87,0.97,0.17,0.29,0.41,0.26,0.35,0.43,0.00,0.00,0.00,0.02,0.07,0.11,0.00,0.00,0.00,0.04,0.16,0.28,327584,509978,754732,359032,570777,909347,0,280452804,761569495,0,280453287,640705010,1979474679,395520,1979870199,491.81,502.69,514.11
233,3,100,100,100,26901,26901,26901,70378,70378,70378,591,591,591,0.81,0.88,0.95,0.16,0.32,0.48,0.29,0.36,0.43,0.00,0.00,0.00,0.03,0.07,0.11,0.00,0.00,0.00,0.04,0.18,0.34,338074,732586,1170148,366902,804910,1225122,0,280361412,760727514,0,280361934,760735368,0,399694,0,496.09,506.38,517.94
234,0,100,100,100,26403,26403,26403,70876,70876,70876,591,591,591,0.80,0.85,0.90,0.16,0.22,0.24,0.32,0.36,0.41,0.00,0.00,0.00,0.07,0.09,0.10,0.00,0.00,0.00,0.05,0.08,0.11,466492,534168,618480,516286,573102,631583,640690589,690977526,843949303,640693210,690977526,843949303,0,389092,0,484.08,489.22,500.44
234,1,100,100,100,26664,26664,26664,70615,70615,70615,591,591,591,0.81,0.86,0.93,0.16,0.22,0.25,0.32,0.37,0.43,0.00,0.00,0.00,0.06,0.09,0.11,0.00,0.00,0.00,0.04,0.09,0.11,466479,618480,854371,495271,661459,906786,15416295,775768361,1290105855,0,753776695,1305526471,0,386937,0,481.58,485.90,490.80
234,2,99,99,100,26821,26821,26821,70459,70459,70459,591,591,591,0.81,0.86,0.90,0.19,0.22,0.25,0.32,0.36,0.39,0.00,0.00,0.00,0.08,0.09,0.10,0.00,0.00,0.00,0.06,0.08,0.11,235864,430832,765186,269060,471015,814976,110809180,696251731,1194682500,184615574,703370536,1120881146,1979974010,332566,1980306576,488.17,494.07,507.34
234,3,100,100,100,26901,26901,26901,70378,70378,70378,591,591,591,0.80,0.86,0.90,0.18,0.21,0.25,0.32,0.36,0.40,0.00,0.00,0.00,0.07,0.09,0.10,0.00,0.00,0.00,0.06,0.08,0.11,223627,410563,600134,272545,450223,649927,0,696250776,1305488924,0,696249903,1305483683,0,397284,0,490.34,496.68,500.84
235,0,99,99,100,26403,26403,26403,70876,70876,70876,591,591,591,0.81,0.85,0.90,0.19,0.22,0.25,0.32,0.35,0.40,0.00,0.00,0.00,0.07,0.09,0.10,0.00,0.00,0.00,0.06,0.09,0.11,317176,676295,1514064,348632,719096,1545498,106581751,659800216,1305484497,0,659815506,1305481876,0,383746,0,481.03,483.22,486.35
235,1,100,100,100,26664,26664,26664,70615,70615,70615,591,591,591,0.81,0.84,0.98,0.18,0.22,0.24,0.32,0.35,0.44,0.00,0.00,0.00,0.07,0.09,0.12,0.00,0.00,0.00,0.05,0.09,0.11,454908,988293,2306177,504017,1030086,2337625,0,653321314,1305471968,0,653320258,1305469347,0,289199,0,481.57,485.08,489.40
235,2,99,99,100,26821,26821,26821,70459,70459,70459,591,591,591,0.81,0.85,0.90,0.16,0.22,0.25,0.32,0.35,0.41,0.00,0.00,0.00,0.07,0.09,0.11,0.00,0.00,0.00,0.04,0.09,0.11,317081,603837,1480700,369492,648752,1533114,0,653228180,1305611908,0,653228179,1305614529,1980405511,393119,1980798630,480.81,486.48,491.57
235,3,100,100,100,26901,26901,26901,70378,70378,70378,591,591,591,0.81,0.86,0.94,0.16,0.21,0.25,0.32,0.36,0.43,0.00,0.00,0.00,0.07,0.09,0.11,0.00,0.00,0.00,0.04,0.09,0.14,295121,638353,1403608,340684,680020,1431130,0,635869256,1205035617,0,635869844,1205033198,0,447113,0,486.12,489.70,492.75
236,0,99,99,100,26403,26403,26403,70876,70876,70876,591,591,591,0.80,0.87,0.95,0.16,0.20,0.24,0.32,0.38,0.44,0.00,0.00,0.00,0.06,0.10,0.12,0.00,0.00,0.00,0.04,0.08,0.11,330207,786183,1331234,343310,841740,1381024,0,522178075,1305437285,0,522178075,1305439905,0,301078,0,481.34,489.81,493.85
236,1,100,100,100,26664,26664,26664,70615,70615,70615,591,591,591,0.81,0.86,0.90,0.17,0.21,0.25,0.32,0.36,0.41,0.00,0.00,0.00,0.07,0.09,0.11,0.00,0.00,0.00,0.05,0.08,0.11,440229,614195,1145306,474295,677599,1197723,0,522154917,1305560511,0,522154275,1305563132,0,389552,0,480.79,488.01,491.50
236,2,100,100,100,26821,26821,26821,70459,70459,70459,591,591,591,0.81,0.86,0.95,0.18,0.21,0.24,0.32,0.35,0.43,0.00,0.00,0.00,0.06,0.09,0.11,0.00,0.00,0.00,0.05,0.08,0.10,330131,503680,804542,364192,567099,833369,0,522168493,1305497444,0,547701420,1305497444,1980897361,393631,1981290992,487.17,492.16,495.21
236,3,99,99,100,26901,26901,26901,70378,70378,70378,591,591,591,0.80,0.85,0.90,0.17,0.21,0.24,0.32,0.35,0.40,0.00,0.00,0.00,0.07,0.09,0.10,0.00,0.00,0.00,0.05,0.09,0.11,324954,522571,956621,377354,588612,1003797,640688686,675390708,766006358,640699169,675389659,765990634,0,397149,0,483.36,489.49,492.35
237,0,100,100,100,26403,26403,26403,70876,70876,70876,591,591,591,0.86,0.91,0.94,0.25,0.26,0.27,0.25,0.27,0.29,0.00,0.00,0.00,0.07,0.08,0.08,0.00,0.00,0.00,0.13,0.15,0.16,117922,401407,610624,186055,479332,702349,120595428,587720746,766001342,0,557572547,766006583,0,460143,0,501.12,503.57,507.25
237,1,100,100,100,26664,26664,26664,70615,70615,70615,591,591,591,0.92,0.92,0.93,0.25,0.26,0.27,0.27,0.27,0.28,0.00,0.00,0.00,0.08,0.08,0.08,0.00,0.00,0.00,0.14,0.15,0.16,456096,505591,642070,529491,581594,720691,504680068,676105683,766160583,504683562,676105246,766168447,0,461246,0,490.17,497.32,505.09
237,2,100,100,100,26821,26821,26821,70459,70459,70459,591,591,591,0.92,0.92,0.93,0.24,0.26,0.27,0.26,0.27,0.28,0.00,0.00,0.00,0.07,0.08,0.08,0.00,0.00,0.00,0.13,0.14,0.16,317091,343961,398342,385227,419306,471721,708712136,739153181,765998911,638332863,707236670,757011191,1981394249,457666,1981851915,504.34,507.49,511.88
237,3,100,100,100,26901,26901,26901,70378,70378,70378,591,591,591,0.92,0.93,0.93,0.23,0.25,0.27,0.27,0.28,0.29,0.00,0.00,0.00,0.07,0.08,0.09,0.00,0.00,0.00,0.13,0.14,0.16,343207,552281,846477,421804,624344,914615,0,547602501,756819922,0,547604466,756817302,0,310828,0,502.92,507.00,509.86
238,0,91,98,100,26403,26403,26403,70876,70876,70876,591,591,591,0.80,0.89,0.95,0.24,0.28,0.34,0.25,0.28,0.35,0.00,0.00,0.00,0.07,0.08,0.11,0.00,0.00,0.00,0.13,0.17,0.22,340690,751437,1404708,432415,827437,1485951,0,460319337,988595513,0,484439967,988587651,0,395420,0,499.38,507.95,514.50
238,1,92,97,100,26664,26664,26664,70615,70615,70615,591,591,591,0.69,0.87,0.96,0.24,0.29,0.33,0.25,0.29,0.34,0.00,0.00,0.00,0.06,0.08,0.11,0.00,0.00,0.00,0.13,0.17,0.21,450418,786118,1719171,463287,865735,1745378,0,339460817,755211107,0,339462505,786411138,0,386950,0,491.87,499.45,510.86
238,2,84,96,100,26821,26821,26821,70459,70459,70459,591,591,591,0.78,0.88,0.96,0.23,0.29,0.33,0.24,0.28,0.35,0.00,0.00,0.00,0.06,0.08,0.11,0.00,0.00,0.00,0.13,0.18,0.23,0,426390,1044675,55006,508649,1070879,0,273470556,708361712,0,273469333,708359093,1981953781,390786,1982344567,489.21,497.56,515.19
238,3,84,96,100,26901,26901,26901,70378,70378,70378,591,591,591,0.78,0.88,0.95,0.27,0.29,0.31,0.25,0.28,0.31,0.00,0.00,0.00,0.06,0.08,0.11,0.00,0.00,0.00,0.15,0.17,0.20,332840,567693,1037794,343323,634184,1121656,0,339452150,708729655,0,339453722,708732275,0,449556,0,504.50,512.64,521.52
239,0,98,98,99,26403,26403,26403,70876,70876,70876,591,591,591,0.96,0.97,0.98,0.27,0.30,0.31,0.33,0.40,0.44,0.00,0.00,0.00,0.14,0.17,0.18,0.00,0.00,0.00,0.07,0.10,0.13,324966,430308,600122,372138,473287,639431,0,0,0,0,0,0,0,414246,0,499.37,507.28,516.74
239,1,99,99,99,26664,26664,26664,70615,70615,70615,591,591,591,0.95,0.97,0.98,0.28,0.29,0.31,0.35,0.40,0.43,0.00,0.00,0.00,0.15,0.17,0.18,0.00,0.00,0.00,0.08,0.09,0.11,442816,534076,707599,476879,577578,760014,0,0,0,0,0,0,0,411007,0,492.45,505.09,514.07
239,2,97,98,99,26821,26821,26821,70459,70459,70459,591,591,591,0.95,0.97,0.98,0.27,0.30,0.31,0.36,0.41,0.43,0.00,0.00,0.00,0.15,0.17,0.18,0.00,0.00,0.00,0.08,0.09,0.11,324952,423992,762481,372123,475880,807025,0,0,0,0,0,0,1982448698,415316,1982864014,497.75,514.17,524.36
239,3,96,98,100,26901,26901,26901,70378,70378,70378,591,591,591,0.95,0.97,0.98,0.28,0.29,0.31,0.39,0.41,0.43,0.00,0.00,0.00,0.16,0.17,0.18,0.00,0.00,0.00,0.08,0.09,0.10,359030,664927,1495431,400960,732349,1546899,0,0,0,0,0,0,0,420926,0,508.12,520.98,529.50
240,0,95,98,100,26403,26403,26403,70876,70876,70876,591,591,591,0.81,0.90,0.98,0.21,0.32,0.48,0.33,0.36,0.42,0.00,0.00,0.00,0.03,0.08,0.10,0.00,0.00,0.00,0.08,0.18,0.33,133615,383983,738798,165053,472536,888130,0,280386705,761435397,0,280387753,761435397,0,453896,0,513.50,520.58,524.88
240,1,99,99,100,26664,26664,26664,70615,70615,70615,591,591,591,0.81,0.90,0.99,0.22,0.32,0.46,0.33,0.37,0.42,0.00,0.00,0.00,0.03,0.08,0.11,0.00,0.00,0.00,0.08,0.18,0.32,469092,679268,906686,503161,767846,1087500,0,229679770,640700164,0,229679945,640702785,0,454418,0,507.10,514.92,522.63
240,2,93,98,100,26821,26821,26821,70459,70459,70459,591,591,591,0.79,0.87,0.99,0.22,0.31,0.45,0.30,0.35,0.43,0.00,0.00,0.00,0.02,0.07,0.11,0.00,0.00,0.00,0.09,0.17,0.29,322345,459642,791421,369518,542973,927693,0,280454011,761583013,0,280454012,761585634,1982957124,301629,1983258753,495.61,508.26,520.82
240,3,96,99,100,26901,26901,26901,70378,70378,70378,591,591,591,0.80,0.88,0.94,0.16,0.32,0.49,0.30,0.36,0.42,0.00,0.00,0.00,0.03,0.07,0.11,0.00,0.00,0.00,0.04,0.18,0.33,353795,421899,584410,406201,492644,636823,0,280454730,761578568,0,280453682,761578568,0,393887,0,503.03,513.50,526.65
241,0,99,99,100,26403,26403,26403,70876,70876,70876,591,591,591,0.81,0.86,0.96,0.17,0.22,0.24,0.32,0.36,0.43,0.00,0.00,0.00,0.07,0.09,0.11,0.00,0.00,0.00,0.04,0.09,0.11,621103,849800,1386359,670896,892605,1417807,0,610835983,1305517303,0,610834586,1305509441,0,295592,0,486.91,491.21,496.96
241,1,99,99,100,26664,26664,26664,70615,70615,70615,591,591,591,0.81,0.85,0.98,0.18,0.22,0.25,0.33,0.35,0.44,0.00,0.00,0.00,0.07,0.09,0.12,0.00,0.00,0.00,0.05,0.09,0.11,479575,941432,1624676,529367,984086,1677085,640673051,650809414,664770285,533925158,650807071,771503946,0,291010,0,492.90,498.78,507.89
241,2,100,100,100,26821,26821,26821,70459,70459,70459,591,591,591,0.81,0.86,0.94,0.17,0.22,0.25,0.32,0.36,0.42,0.00,0.00,0.00,0.08,0.09,0.11,0.00,0.00,0.00,0.04,0.09,0.11,0,520726,765123,31448,561048,800060,451718227,607409790,664793616,516926901,620974231,756860281,1983405486,397265,1983802751,484.03,491.37,497.44
241,3,100,100,100,26901,26901,26901,70378,70378,70378,591,591,591,0.81,0.86,0.96,0.17,0.21,0.25,0.33,0.37,0.43,0.00,0.00,0.00,0.06,0.09,0.11,0.00,0.00,0.00,0.04,0.08,0.12,317099,546098,923602,351168,585982,970653,513163978,734912445,1332638918,442057045,741657607,1332636243,0,397683,0,492.12,495.50,500.03
242,0,99,99,100,26403,26403,26403,70876,70876,70876,591,591,591,0.80,0.87,0.96,0.16,0.20,0.24,0.32,0.38,0.44,0.00,0.00,0.00,0.06,0.09,0.12,0.00,0.00,0.00,0.04,0.08,0.11,332814,597007,1145320,379984,632124,1161045,640694689,650340402,664803186,640692068,650340402,664797945,0,392626,0,481.46,486.83,492.71
242,1,99,99,100,26664,26664,26664,70615,70615,70615,591,591,591,0.81,0.86,0.93,0.18,0.21,0.25,0.33,0.36,0.41,0.00,0.00,0.00,0.07,0.09,0.11,0.00,0.00,0.00,0.05,0.08,0.11,463845,550342,864834,492685,589128,914628,640690546,650330344,664803148,640687925,650331916,664800528,0,393981,0,485.89,491.19,495.71
242,2,100,100,100,26821,26821,26821,70459,70459,70459,591,591,591,0.81,0.86,0.96,0.18,0.21,0.24,0.32,0.36,0.43,0.00,0.00,0.00,0.06,0.09,0.11,0.00,0.00,0.00,0.04,0.08,0.10,356419,444420,552967,406183,485824,605381,640455294,650274779,664800915,553964920,628918647,664793053,1983903975,388035,1984292010,482.07,490.98,495.32
242,3,99,99,100,26901,26901,26901,70378,70378,70378,591,591,591,0.80,0.84,0.90,0.17,0.22,0.24,0.32,0.35,0.40,0.00,0.00,0.00,0.06,0.09,0.10,0.00,0.00,0.00,0.05,0.09,0.11,327579,468059,857015,379991,507893,906811,0,655153751,1305454730,0,655153227,1305462592,0,389500,0,484.30,489.70,495.09
243,0,100,100,100,26403,26403,26403,70876,70876,70876,591,591,591,0.81,0.86,0.97,0.18,0.22,0.24,0.33,0.37,0.44,0.00,0.00,0.00,0.07,0.09,0.12,0.00,0.00,0.00,0.05,0.08,0.10,138868,623967,1601224,188651,665678,1635292,640561328,649799534,664785785,640561328,649796913,664785785,0,387330,0,482.05,488.45,493.84
243,1,99,99,100,26664,26664,26664,70615,70615,70615,591,591,591,0.81,0.86,0.90,0.18,0.21,0.25,0.32,0.36,0.39,0.00,0.00,0.00,0.08,0.09,0.11,0.00,0.00,0.00,0.06,0.08,0.11,193932,858305,2117632,246346,897610,2135955,639935889,652551963,664798933,639933271,652550653,664804174,0,442320,0,486.44,489.23,492.19
243,2,100,100,100,26821,26821,26821,70459,70459,70459,591,591,591,0.82,0.87,0.96,0.18,0.22,0.25,0.32,0.36,0.43,0.00,0.00,0.00,0.07,0.09,0.11,0.00,0.00,0.00,0.05,0.09,0.11,0,431147,1072050,49772,473075,1106125,640703136,652697880,664758176,640700515,652701812,664768659,1984388825,443178,1984832003,486.09,487.89,489.97
243,3,100,100,100,26901,26901,26901,70378,70378,70378,591,591,591,0.80,0.85,0.95,0.16,0.21,0.24,0.33,0.37,0.44,0.00,0.00,0.00,0.07,0.09,0.11,0.00,0.00,0.00,0.04,0.08,0.11,332848,446164,584407,380024,487440,610614,0,514279793,771779151,0,486546880,842922283,0,295590,0,487.53,490.03,494.37
244,0,100,100,100,26403,26403,26403,70876,70876,70876,591,591,591,0.80,0.89,0.94,0.20,0.25,0.27,0.27,0.29,0.33,0.00,0.00,0.00,0.08,0.08,0.09,0.00,0.00,0.00,0.09,0.13,0.16,327578,451968,700552,398342,539147,772180,241606160,577151270,765997761,0,528831261,765992520,0,411320,0,487.84,493.61,508.13
244,1,100,100,100,26664,26664,26664,70615,70615,70615,591,591,591,0.88,0.91,0.92,0.22,0.25,0.27,0.26,0.29,0.39,0.00,0.00,0.00,0.08,0.08,0.10,0.00,0.00,0.00,0.09,0.13,0.16,458614,846237,1605128,531992,937248,1675794,510685400,667655870,729059140,510687147,667653618,729056616,0,409604,0,490.88,499.62,507.60
244,2,100,100,100,26821,26821,26821,70459,70459,70459,591,591,591,0.83,0.90,0.94,0.18,0.24,0.26,0.24,0.29,0.39,0.00,0.00,0.00,0.07,0.08,0.11,0.00,0.00,0.00,0.05,0.13,0.16,356351,468887,677753,424477,555978,754191,472472844,672807566,766025235,472465856,672807683,766033097,1984929571,412317,1985341888,495.48,502.88,509.17
244,3,100,100,100,26901,26901,26901,70378,70378,70378,591,591,591,0.83,0.92,0.99,0.18,0.24,0.27,0.23,0.30,0.45,0.00,0.00,0.00,0.07,0.09,0.12,0.00,0.00,0.00,0.05,0.13,0.17,366953,713859,1525304,474418,802918,1593444,476090373,652321767,766123416,476090373,674502433,766118174,0,457622,0,492.68,497.47,507.42
245,0,83,96,100,26403,26403,26403,70876,70876,70876,591,591,591,0.73,0.87,0.92,0.23,0.28,0.37,0.20,0.29,0.41,0.00,0.00,0.00,0.06,0.08,0.09,0.00,0.00,0.00,0.13,0.18,0.26,319718,445514,820291,390481,549814,833395,0,0,0,0,0,0,0,391636,0,492.58,503.31,513.58
245,1,91,98,100,26664,26664,26664,70615,70615,70615,591,591,591,0.65,0.85,0.94,0.23,0.28,0.37,0.19,0.28,0.41,0.00,0.00,0.00,0.05,0.07,0.10,0.00,0.00,0.00,0.14,0.17,0.26,455987,700236,1205470,505779,798774,1263123,0,0,0,0,0,0,0,383678,0,487.78,498.02,511.11
245,2,90,96,100,26821,26821,26821,70459,70459,70459,591,591,591,0.62,0.84,0.92,0.22,0.29,0.37,0.20,0.27,0.41,0.00,0.00,0.00,0.05,0.07,0.10,0.00,0.00,0.00,0.15,0.18,0.26,366729,504172,859503,379826,603229,1087481,0,0,0,0,0,0,1985445098,383053,1985828151,489.14,503.14,519.08
245,3,85,97,100,26901,26901,26901,70378,70378,70378,591,591,591,0.69,0.86,0.95,0.25,0.29,0.33,0.25,0.28,0.34,0.00,0.00,0.00,0.05,0.08,0.11,0.00,0.00,0.00,0.14,0.18,0.22,350369,520251,1061617,363742,618123,1211030,0,0,0,0,0,0,0,394456,0,493.97,505.62,516.42
246,0,98,99,100,26403,26403,26403,70876,70876,70876,591,591,591,0.96,0.97,0.98,0.28,0.30,0.31,0.25,0.38,0.43,0.00,0.00,0.00,0.11,0.16,0.18,0.00,0.00,0.00,0.08,0.10,0.17,20961,329874,579183,65506,368615,592287,0,0,0,0,0,0,0,466459,0,496.37,506.97,519.29
246,1,97,98,100,26664,26664,26664,70615,70615,70615,591,591,591,0.94,0.97,0.98,0.26,0.30,0.33,0.24,0.38,0.44,0.00,0.00,0.00,0.10,0.16,0.18,0.00,0.00,0.00,0.07,0.10,0.17,178206,859033,1970672,225379,900439,2020463,0,0,0,0,0,0,0,306639,0,486.18,496.38,506.99
246,2,98,99,100,26821,26821,26821,70459,70459,70459,591,591,591,0.94,0.97,0.98,0.28,0.30,0.31,0.26,0.39,0.43,0.00,0.00,0.00,0.11,0.16,0.18,0.00,0.00,0.00,0.08,0.10,0.15,0,465433,854347,39311,506315,898899,0,0,0,0,0,0,1985985167,310758,1986295925,491.20,505.44,520.00
246,3,98,99,100,26901,26901,26901,70378,70378,70378,591,591,591,0.94,0.97,0.98,0.28,0.30,0.31,0.30,0.39,0.43,0.00,0.00,0.00,0.13,0.16,0.18,0.00,0.00,0.00,0.08,0.10,0.13,324977,410919,600143,372151,452325,623729,0,0,0,0,0,0,0,422862,0,500.70,513.95,527.15
247,0,99,99,100,26403,26403,26403,70876,70876,70876,591,591,591,0.82,0.91,0.98,0.22,0.32,0.49,0.33,0.37,0.41,0.00,0.00,0.00,0.03,0.09,0.17,0.00,0.00,0.00,0.09,0.16,0.31,340688,806993,1430858,369516,887885,1580234,0,280455173,761584353,0,280456221,761589594,0,295368,0,501.64,513.59,521.88
247,1,94,98,100,26664,26664,26664,70615,70615,70615,591,591,591,0.80,0.89,0.98,0.22,0.32,0.50,0.32,0.36,0.42,0.00,0.00,0.00,0.03,0.09,0.18,0.00,0.00,0.00,0.09,0.16,0.33,461175,652708,1203779,518884,737387,1278906,0,279627501,757740264,0,279628037,757727227,0,406561,0,500.72,511.05,518.23
247,2,99,99,100,26821,26821,26821,70459,70459,70459,591,591,591,0.81,0.88,0.98,0.22,0.32,0.45,0.30,0.35,0.41,0.00,0.00,0.00,0.03,0.08,0.15,0.00,0.00,0.00,0.09,0.17,0.30,319718,465945,885547,371663,556281,923973,0,278110734,750039309,0,278109138,750047052,1986402126,402170,1986804296,502.35,512.18,522.21
247,3,99,99,100,26901,26901,26901,70378,70378,70378,591,591,591,0.81,0.90,0.98,0.21,0.33,0.48,0.31,0.37,0.42,0.00,0.00,0.00,0.03,0.08,0.13,0.00,0.00,0.00,0.08,0.17,0.31,324959,657890,1781514,375420,748916,1817731,0,220999803,603822516,0,220999803,603822516,0,446979,0,506.45,518.59,528.39
248,0,99,99,100,26403,26403,26403,70876,70876,70876,591,591,591,0.81,0.86,0.91,0.17,0.21,0.25,0.33,0.37,0.41,0.00,0.00,0.00,0.08,0.09,0.11,0.00,0.00,0.00,0.05,0.08,0.11,330198,611281,809835,382610,652557,843906,0,519221349,1305449510,0,537042378,1305457372,0,392105,0,484.36,487.92,493.03
248,1,99,99,100,26664,26664,26664,70615,70615,70615,591,591,591,0.81,0.85,0.94,0.16,0.21,0.24,0.33,0.36,0.43,0.00,0.00,0.00,0.07,0.09,0.11,0.00,0.00,0.00,0.04,0.08,0.11,461240,556234,683974,511033,594889,715421,0,652737405,1305486930,0,652735440,1305481688,0,389909,0,479.32,484.86,491.66
248,2,99,99,100,26821,26821,26821,70459,70459,70459,591,591,591,0.80,0.86,0.90,0.19,0.22,0.24,0.32,0.36,0.40,0.00,0.00,0.00,0.07,0.09,0.10,0.00,0.00,0.00,0.06,0.09,0.11,322343,400308,482206,366894,440928,500551,36825886,652739602,1268655752,147618029,652741032,1157858846,1986899860,388119,1987287979,483.84,485.90,488.35
248,3,99,99,100,26901,26901,26901,70378,70378,70378,591,591,591,0.81,0.85,0.95,0.18,0.22,0.25,0.33,0.36,0.43,0.00,0.00,0.00,0.07,0.09,0.11,0.00,0.00,0.00,0.05,0.09,0.11,330207,578352,1065960,364276,622103,1099446,640671177,663512193,707859169,640671177,663512891,707861959,0,290084,0,489.80,493.69,499.14
249,0,99,99,100,26403,26403,26403,70876,70876,70876,591,591,591,0.81,0.85,0.90,0.19,0.22,0.25,0.33,0.36,0.40,0.00,0.00,0.00,0.07,0.09,0.11,0.00,0.00,0.00,0.06,0.09,0.11,301370,592240,1394224,348542,633900,1440054,534049566,751728472,1305516144,462765561,737469575,1305521385,0,446421,0,485.08,490.54,494.40
249,1,99,99,100,26664,26664,26664,70615,70615,70615,591,591,591,0.81,0.88,0.98,0.17,0.21,0.24,0.33,0.38,0.44,0.00,0.00,0.00,0.07,0.10,0.12,0.00,0.00,0.00,0.05,0.08,0.11,0,403061,621100,31448,441847,652548,0,522193980,1305480321,0,522195028,1305482941,0,445854,0,481.50,485.68,489.61
249,2,99,99,100,26821,26821,26821,70458,70458,70458,591,591,591,0.80,0.87,0.94,0.16,0.21,0.24,0.32,0.37,0.43,0.00,0.00,0.00,0.07,0.09,0.11,0.00,0.00,0.00,0.04,0.08,0.11,141506,590195,1365465,175572,627933,1399536,0,522187117,1305496306,0,522187117,1305493685,1987386170,441103,1987827273,482.05,488.11,492.13
249,3,99,99,100,26902,26902,26902,70378,70378,70378,591,591,591,0.80,0.86,0.90,0.19,0.21,0.24,0.33,0.37,0.40,0.00,0.00,0.00,0.08,0.09,0.11,0.00,0.00,0.00,0.06,0.08,0.11,327592,388906,476977,359040,427692,526772,640704630,655146124,664793297,640699388,655147696,664801159,0,397328,0,486.27,491.81,495.65
250,0,100,100,100,26403,26403,26403,70876,70876,70876,591,591,591,0.81,0.87,0.95,0.17,0.21,0.25,0.33,0.38,0.43,0.00,0.00,0.00,0.08,0.10,0.11,0.00,0.00,0.00,0.05,0.08,0.11,330210,560290,1058732,380003,599075,1108523,640616197,650318928,664808146,640618817,650321548,664802016,0,393801,0,488.99,491.44,493.50
250,1,99,99,100,26664,26664,26664,70615,70615,70615,591,591,591,0.80,0.85,0.94,0.16,0.22,0.25,0.32,0.35,0.43,0.00,0.00,0.00,0.06,0.09,0.11,0.00,0.00,0.00,0.04,0.09,0.11,461249,1078572,1844976,490077,1119103,1892149,443189367,738923647,1305501756,443187619,738922249,1305499135,0,391042,0,490.80,492.72,494.90
250,2,100,100,100,26821,26821,26821,70458,70458,70458,591,591,591,0.81,0.85,0.89,0.19,0.22,0.25,0.32,0.35,0.38,0.00,0.00,0.00,0.08,0.09,0.10,0.00,0.00,0.00,0.06,0.09,0.11,321669,539548,877923,337360,580773,927716,427111210,740314784,1305477303,427111210,740314782,1305469441,1987929188,394150,1988323338,493.04,494.39,498.19
250,3,99,99,100,26902,26902,26902,70378,70378,70378,591,591,591,0.80,0.86,0.90,0.16,0.21,0.25,0.32,0.37,0.41,0.00,0.00,0.00,0.07,0.09,0.10,0.00,0.00,0.00,0.04,0.08,0.11,348559,601667,1231491,380008,640452,1281275,110963280,650310141,1194503613,0,650306971,1305464148,0,391995,0,487.55,491.74,500.39
251,0,100,100,100,26403,26403,26403,70876,70876,70876,591,591,591,0.80,0.89,0.94,0.20,0.25,0.27,0.27,0.29,0.33,0.00,0.00,0.00,0.08,0.08,0.09,0.00,0.00,0.00,0.09,0.13,0.16,225377,423471,615913,302250,508554,762684,120566693,556182730,765976443,0,532070440,765971201,0,406926,0,491.01,499.39,509.71
251,1,100,100,100,26664,26664,26664,70615,70615,70615,591,591,591,0.86,0.90,0.93,0.24,0.25,0.27,0.27,0.29,0.36,0.00,0.00,0.00,0.07,0.08,0.10,0.00,0.00,0.00,0.10,0.14,0.16,453364,590855,817586,521499,682669,898821,0,577363419,765931876,0,577363958,765939737,0,417585,0,494.54,504.60,514.36
251,2,100,100,100,26821,26821,26821,70458,70458,70458,591,591,591,0.86,0.90,0.92,0.21,0.25,0.27,0.27,0.30,0.39,0.00,0.00,0.00,0.07,0.08,0.10,0.00,0.00,0.00,0.08,0.13,0.16,330209,438606,612844,400987,529264,691414,0,579278852,765987176,0,579278852,765989797,1988421276,405325,1988826601,496.17,498.23,503.61
251,3,100,100,100,26902,26902,26902,70378,70378,70378,591,591,591,0.80,0.89,0.94,0.22,0.24,0.26,0.28,0.30,0.33,0.00,0.00,0.00,0.08,0.08,0.09,0.00,0.00,0.00,0.11,0.13,0.16,220581,419498,828469,286581,506186,908288,0,528764130,795102271,0,528762705,795085757,0,410557,0,486.09,499.93,516.18
253,0,84,98,100,26403,26403,26403,70876,70876,70876,591,591,591,0.81,0.93,0.98,0.24,0.30,0.37,0.24,0.34,0.43,0.00,0.00,0.00,0.07,0.12,0.18,0.00,0.00,0.00,0.08,0.14,0.23,382532,804606,1809273,455993,869912,1851789,0,230128831,988467444,0,242186210,988464823,0,813954,0,500.79,507.69,518.36
253,1,89,97,100,26664,26664,26664,70615,70615,70615,591,591,591,0.69,0.91,0.98,0.23,0.29,0.32,0.25,0.33,0.43,0.00,0.00,0.00,0.06,0.11,0.18,0.00,0.00,0.00,0.08,0.14,0.21,2620,662780,1278930,99581,726094,1501694,0,242194985,755180230,0,242195064,786384011,0,844673,0,487.51,502.09,522.46
253,2,82,97,100,26821,26821,26821,70458,70458,70458,591,591,591,0.77,0.92,0.98,0.23,0.29,0.33,0.24,0.33,0.43,0.00,0.00,0.00,0.06,0.12,0.18,0.00,0.00,0.00,0.08,0.14,0.23,2620,468379,780787,91730,531076,901438,0,242221087,988584693,0,242220039,988582072,1988930451,862759,1989793210,496.41,509.40,524.41
253,3,83,97,100,26902,26902,26902,70378,70378,70378,591,591,591,0.78,0.92,0.98,0.23,0.29,0.37,0.23,0.34,0.43,0.00,0.00,0.00,0.07,0.12,0.18,0.00,0.00,0.00,0.08,0.14,0.26,351160,637607,1533068,361642,700766,1582860,0,242225903,988530842,0,242227476,988541324,0,978624,0,505.87,515.26,524.20
254,0,99,99,100,26403,26403,26403,70876,70876,70876,591,591,591,0.90,0.93,0.98,0.19,0.32,0.50,0.33,0.39,0.42,0.00,0.00,0.00,0.03,0.09,0.18,0.00,0.00,0.00,0.06,0.17,0.33,128442,650396,1396815,241157,736871,1430884,0,152307514,761537574,0,152308563,761542815,0,459850,0,508.07,517.27,523.96
254,1,99,99,100,26664,26664,26664,70615,70615,70615,591,591,591,0.81,0.92,0.97,0.18,0.32,0.49,0.33,0.38,0.43,0.00,0.00,0.00,0.03,0.09,0.15,0.00,0.00,0.00,0.05,0.17,0.32,0,644145,1527872,31447,731145,1559321,0,152317354,719363347,0,152317114,761582951,0,456556,0,503.48,513.61,520.18
254,2,95,99,100,26821,26821,26821,70458,70458,70458,591,591,591,0.81,0.89,0.97,0.16,0.32,0.44,0.29,0.36,0.41,0.00,0.00,0.00,0.03,0.08,0.13,0.00,0.00,0.00,0.05,0.17,0.29,0,399893,901480,49793,486367,914583,0,152318051,761587639,0,152318052,761590260,1989896132,450007,1990346139,500.96,514.73,525.64
254,3,94,98,100,26902,26902,26902,70378,70378,70378,591,591,591,0.81,0.91,0.98,0.22,0.31,0.47,0.33,0.37,0.41,0.00,0.00,0.00,0.03,0.09,0.17,0.00,0.00,0.00,0.09,0.15,0.30,330217,384302,491057,366908,464598,545019,0,284958890,784078593,0,284956778,784075895,0,401574,0,503.65,518.30,525.98
255,0,100,100,100,26403,26403,26403,70876,70876,70876,591,591,591,0.81,0.83,0.87,0.20,0.22,0.24,0.33,0.34,0.37,0.00,0.00,0.00,0.07,0.09,0.09,0.00,0.00,0.00,0.07,0.09,0.11,345949,504953,612611,395745,545976,645678,640680532,703254153,866958004,640688394,703254153,866958004,0,391722,0,490.83,496.90,504.81
255,1,99,99,100,26664,26664,26664,70615,70615,70615,591,591,591,0.81,0.86,0.98,0.18,0.21,0.24,0.33,0.37,0.44,0.00,0.00,0.00,0.07,0.09,0.12,0.00,0.00,0.00,0.05,0.08,0.11,450758,738378,1255311,482206,778999,1286760,605197657,652741685,700290752,640689608,652743664,664799001,0,384965,0,480.55,489.37,498.61
255,2,100,100,100,26821,26821,26821,70458,70458,70458,591,591,591,0.80,0.86,0.94,0.16,0.22,0.25,0.32,0.36,0.43,0.00,0.00,0.00,0.06,0.09,0.11,0.00,0.00,0.00,0.04,0.08,0.11,319718,473033,885811,356407,513653,932984,110960658,652727381,1305403063,184765836,652727968,1305408304,1990446156,387559,1990833715,479.10,486.77,493.78
255,3,99,99,100,26902,26902,26902,70378,70378,70378,591,591,591,0.80,0.85,0.90,0.18,0.21,0.25,0.33,0.36,0.40,0.00,0.00,0.00,0.08,0.09,0.11,0.00,0.00,0.00,0.05,0.08,0.11,324886,479596,634331,358947,522838,686755,0,501550744,1305745267,0,492641277,1305742646,0,293812,0,489.52,493.37,498.87
256,0,100,100,100,26403,26403,26403,70876,70876,70876,591,591,591,0.80,0.87,0.97,0.17,0.21,0.25,0.33,0.38,0.44,0.00,0.00,0.00,0.07,0.10,0.12,0.00,0.00,0.00,0.05,0.08,0.11,330198,387856,584437,361646,426642,634232,0,522206848,1305554516,0,522204751,1305536171,0,392381,0,479.24,488.02,493.90
256,1,99,99,100,26664,26664,26664,70615,70615,70615,591,591,591,0.81,0.85,0.94,0.17,0.22,0.25,0.33,0.36,0.43,0.00,0.00,0.00,0.07,0.09,0.11,0.00,0.00,0.00,0.04,0.08,0.11,463853,664661,985747,495301,703739,1018663,36827859,569180188,863000551,0,561814608,863005749,0,386916,0,481.66,484.11,486.04
256,2,100,100,100,26821,26821,26821,70458,70458,70458,591,591,591,0.81,0.85,0.90,0.19,0.22,0.25,0.32,0.35,0.39,0.00,0.00,0.00,0.08,0.09,0.10,0.00,0.00,0.00,0.06,0.09,0.11,335442,498451,791438,361648,542038,841231,0,562057215,869295207,110790228,591182753,798196182,1990935736,383091,1991318827,483.46,486.94,491.21
256,3,99,99,100,26902,26902,26902,70378,70378,70378,591,591,591,0.80,0.86,0.90,0.18,0.21,0.25,0.32,0.37,0.40,0.00,0.00,0.00,0.08,0.09,0.11,0.00,0.00,0.00,0.06,0.08,0.11,332834,844911,1776825,377386,884221,1823997,0,643214327,1305510902,0,650342644,1305524006,0,445391,0,493.55,495.72,498.74
257,0,99,99,100,26403,26403,26403,70876,70876,70876,591,591,591,0.81,0.86,0.90,0.19,0.22,0.25,0.32,0.36,0.40,0.00,0.00,0.00,0.08,0.09,0.10,0.00,0.00,0.00,0.07,0.08,0.11,91729,546485,1023776,123179,585621,1056970,106617406,696258262,1305465797,0,696262453,1305476280,0,434033,0,487.07,490.05,495.92
257,1,99,99,100,26664,26664,26664,70615,70615,70615,591,591,591,0.81,0.86,0.98,0.19,0.22,0.24,0.33,0.36,0.44,0.00,0.00,0.00,0.07,0.09,0.12,0.00,0.00,0.00,0.05,0.09,0.11,408825,520980,759997,461238,565006,807169,0,775909240,1305481479,0,783274045,1305513847,0,440795,0,488.69,491.19,494.11
257,2,100,100,100,26821,26821,26821,70458,70458,70458,591,591,591,0.81,0.87,0.92,0.16,0.22,0.25,0.32,0.37,0.42,0.00,0.00,0.00,0.07,0.09,0.11,0.00,0.00,0.00,0.04,0.08,0.11,62898,755226,1794997,81244,796631,1842165,0,783254983,1305497350,0,761096381,1305359010,1991416382,334639,1991751021,477.55,483.35,489.06
257,3,99,99,100,26902,26902,26902,70378,70378,70378,591,591,591,0.81,0.86,0.90,0.19,0.22,0.25,0.33,0.36,0.39,0.00,0.00,0.00,0.08,0.09,0.11,0.00,0.00,0.00,0.06,0.08,0.11,326014,546540,869301,364272,585731,920739,640682069,693284842,855225185,640682069,693284308,855225185,0,390766,0,487.37,490.93,495.12
258,0,99,99,100,26403,26403,26403,70876,70876,70876,591,591,591,0.80,0.88,0.92,0.20,0.25,0.27,0.27,0.29,0.33,0.00,0.00,0.00,0.08,0.08,0.09,0.00,0.00,0.00,0.09,0.13,0.16,335438,527057,934580,414056,615878,1011818,0,576627290,765999647,0,576626260,765997026,0,306104,0,490.19,495.87,504.03
258,1,100,100,100,26664,26664,26664,70615,70615,70615,591,591,591,0.81,0.89,0.93,0.20,0.24,0.26,0.27,0.30,0.36,0.00,0.00,0.00,0.08,0.08,0.09,0.00,0.00,0.00,0.09,0.12,0.15,31448,800357,1569863,178206,885266,1624900,42457070,528827426,723524355,0,528826153,765981173,0,306576,0,488.52,494.97,502.43
258,2,100,100,100,26821,26821,26821,70458,70458,70458,591,591,591,0.80,0.89,0.94,0.20,0.24,0.26,0.27,0.30,0.33,0.00,0.00,0.00,0.07,0.08,0.09,0.00,0.00,0.00,0.09,0.13,0.15,322309,389426,573920,393092,475907,652540,127671174,579299063,757027736,212715407,579297851,757035598,1991852877,402612,1992255489,487.52,496.70,507.27
258,3,100,100,100,26902,26902,26902,70378,70378,70378,591,591,591,0.80,0.89,0.93,0.20,0.25,0.27,0.27,0.29,0.33,0.00,0.00,0.00,0.07,0.08,0.09,0.00,0.00,0.00,0.09,0.13,0.16,340634,499995,909389,408840,588044,1056149,126302906,579249061,765784851,0,579249325,765795331,0,458658,0,489.62,498.28,504.43
259,0,84,96,100,26403,26403,26403,70876,70876,70876,591,591,591,0.69,0.87,0.94,0.23,0.28,0.34,0.28,0.29,0.34,0.00,0.00,0.00,0.06,0.07,0.09,0.00,0.00,0.00,0.13,0.17,0.22,332831,401480,618472,345934,497917,665644,0,484440876,755206684,0,484439751,724918133,0,402769,0,499.61,507.11,513.74
259,1,84,96,100,26664,26664,26664,70615,70615,70615,591,591,591,0.78,0.86,0.92,0.22,0.28,0.33,0.24,0.29,0.34,0.00,0.00,0.00,0.06,0.07,0.08,0.00,0.00,0.00,0.12,0.17,0.23,469079,616830,783559,511008,708238,864797,0,484418396,988549771,0,484418396,988547151,0,398347,0,497.29,506.69,511.80
259,2,88,97,100,26821,26821,26821,70458,70458,70458,591,591,591,0.81,0.87,0.92,0.24,0.28,0.34,0.23,0.29,0.38,0.00,0.00,0.00,0.06,0.08,0.09,0.00,0.00,0.00,0.13,0.17,0.24,0,405795,798364,44367,496421,828062,0,495047324,1333145515,0,495048310,1333150445,1992357797,392947,1992750744,496.14,504.70,513.46
259,3,90,98,100,26902,26902,26902,70378,70378,70378,591,591,591,0.75,0.86,0.92,0.23,0.28,0.32,0.27,0.29,0.35,0.00,0.00,0.00,0.06,0.07,0.08,0.00,0.00,0.00,0.13,0.17,0.21,345922,661959,1368018,364166,753156,1449260,0,484391547,724895058,0,484391547,724892437,0,397660,0,502.15,511.05,518.50
260,0,97,98,100,26403,26403,26403,70876,70876,70876,591,591,591,0.95,0.96,0.98,0.28,0.30,0.32,0.25,0.35,0.42,0.00,0.00,0.00,0.11,0.15,0.18,0.00,0.00,0.00,0.08,0.11,0.16,296142,447494,809836,338073,482873,825561,0,0,0,0,0,0,0,458365,0,496.17,499.38,503.90
260,1,97,98,100,26664,26664,26664,70615,70615,70615,591,591,591,0.95,0.96,0.98,0.28,0.30,0.31,0.25,0.36,0.42,0.00,0.00,0.00,0.11,0.15,0.18,0.00,0.00,0.00,0.08,0.11,0.16,458619,580429,883190,508412,617773,925122,0,0,0,0,0,0,0,410270,0,497.51,502.62,507.22
260,2,99,99,100,26821,26821,26821,70458,70458,70458,591,591,591,0.95,0.96,0.98,0.28,0.30,0.31,0.25,0.37,0.43,0.00,0.00,0.00,0.11,0.15,0.18,0.00,0.00,0.00,0.08,0.11,0.17,128414,372138,563460,170345,409482,579185,0,0,0,0,0,0,1992852561,470095,1993322656,495.68,506.60,516.92
260,3,98,99,100,26902,26902,26902,70378,70378,70378,591,591,591,0.96,0.97,0.98,0.29,0.30,0.31,0.25,0.37,0.41,0.00,0.00,0.00,0.11,0.15,0.17,0.00,0.00,0.00,0.09,0.11,0.16,326489,436440,508083,369851,479029,534184,0,0,0,0,0,0,0,314796,0,502.67,507.81,515.97
261,0,92,98,100,26403,26403,26403,70876,70876,70876,591,591,591,0.89,0.94,0.98,0.21,0.35,0.50,0.33,0.39,0.43,0.00,0.00,0.00,0.03,0.10,0.18,0.00,0.00,0.00,0.08,0.18,0.33,28826,488658,992157,70757,571443,1102203,0,0,0,0,0,0,0,414753,0,509.76,517.63,524.07
261,1,93,98,100,26664,26664,26664,70615,70615,70615,591,591,591,0.85,0.95,0.99,0.25,0.34,0.44,0.32,0.39,0.42,0.00,0.00,0.00,0.02,0.11,0.17,0.00,0.00,0.00,0.09,0.17,0.31,0,788188,1681942,172972,876759,1831274,0,0,0,0,0,0,0,404367,0,511.53,514.58,516.99
261,2,100,100,100,26821,26821,26821,70458,70458,70458,591,591,591,0.74,0.93,0.99,0.22,0.34,0.46,0.26,0.38,0.43,0.00,0.00,0.00,0.02,0.10,0.18,0.00,0.00,0.00,0.09,0.17,0.30,317123,649398,1352283,377377,737977,1399456,0,0,0,0,0,0,1993427001,391842,1993818843,507.54,515.19,524.18
261,3,97,99,100,26902,26902,26902,70378,70378,70378,591,591,591,0.84,0.93,0.98,0.16,0.33,0.52,0.31,0.38,0.43,0.00,0.00,0.00,0.03,0.10,0.18,0.00,0.00,0.00,0.05,0.17,0.34,351181,427128,529374,390492,513604,587143,0,0,0,0,0,0,0,458277,0,511.35,519.30,527.53
262,0,99,99,100,26403,26403,26403,70876,70876,70876,591,591,591,0.80,0.86,0.90,0.19,0.21,0.25,0.32,0.37,0.40,0.00,0.00,0.00,0.08,0.09,0.11,0.00,0.00,0.00,0.06,0.08,0.11,324951,555985,848907,356398,594732,898689,638312332,673997152,761543970,638312332,673996628,761551832,0,393354,0,483.29,497.43,512.13
262,1,99,99,100,26664,26664,26664,70615,70615,70615,591,591,591,0.80,0.86,0.97,0.18,0.21,0.25,0.33,0.36,0.44,0.00,0.00,0.00,0.07,0.09,0.11,0.00,0.00,0.00,0.05,0.08,0.11,456001,651832,1069236,497610,690965,1119029,427124050,631760328,761579905,427131038,631756664,761572043,0,387104,0,487.78,496.74,506.70
262,2,100,100,100,26821,26821,26821,70458,70458,70458,591,591,591,0.80,0.84,0.90,0.19,0.22,0.25,0.33,0.35,0.39,0.00,0.00,0.00,0.08,0.09,0.10,0.00,0.00,0.00,0.06,0.09,0.11,324964,633696,987095,374757,675258,1031515,605820742,659775315,761586243,605828176,659775199,761581001,1993914160,445520,1994359680,486.24,488.93,496.80
262,3,100,100,100,26902,26902,26902,70378,70378,70378,591,591,591,0.80,0.86,0.95,0.16,0.22,0.24,0.32,0.37,0.44,0.00,0.00,0.00,0.06,0.09,0.11,0.00,0.00,0.00,0.04,0.09,0.11,327595,722258,1501656,361665,767334,1559311,640696182,674513236,761589042,640683079,674512188,761594283,0,394215,0,492.35,497.59,508.31
263,0,99,99,100,26403,26403,26403,70876,70876,70876,591,591,591,0.80,0.84,0.94,0.16,0.22,0.25,0.32,0.36,0.43,0.00,0.00,0.00,0.07,0.09,0.11,0.00,0.00,0.00,0.04,0.09,0.11,343312,524131,741603,393105,567634,791392,640693708,650330306,664792415,640701570,650331354,664802898,0,434463,0,480.82,484.08,487.33
263,1,100,100,100,26664,26664,26664,70615,70615,70615,591,591,591,0.81,0.84,0.90,0.17,0.22,0.25,0.33,0.35,0.40,0.00,0.00,0.00,0.07,0.09,0.11,0.00,0.00,0.00,0.05,0.09,0.11,445505,680875,1187176,476952,724268,1239590,640540620,648853924,664785846,640556340,648853410,664772743,0,434434,0,482.56,486.61,491.28
263,2,99,99,100,26821,26821,26821,70458,70458,70458,591,591,591,0.81,0.86,0.99,0.17,0.22,0.25,0.32,0.36,0.45,0.00,0.00,0.00,0.06,0.09,0.12,0.00,0.00,0.00,0.04,0.08,0.12,138897,718121,1354897,188691,760892,1391587,445465398,611289105,664796130,445465398,611288194,771578577,1994464121,290989,1994755110,484.88,491.29,498.66
263,3,100,100,100,26902,26902,26902,70378,70378,70378,591,591,591,0.81,0.86,0.90,0.16,0.21,0.24,0.33,0.36,0.41,0.00,0.00,0.00,0.07,0.09,0.10,0.00,0.00,0.00,0.04,0.08,0.11,216272,564597,752138,260548,604587,783587,0,563052193,848311487,0,563052700,848311487,0,384042,0,489.86,491.64,493.43
264,0,99,99,100,26403,26403,26403,70876,70876,70876,591,591,591,0.80,0.85,0.90,0.16,0.21,0.24,0.33,0.36,0.41,0.00,0.00,0.00,0.07,0.09,0.10,0.00,0.00,0.00,0.05,0.08,0.11,0,518373,1493799,31448,556810,1539225,35646064,696263766,1305506997,0,696263417,1305493894,0,288007,0,478.30,482.16,485.17
264,1,100,100,100,26664,26664,26664,70615,70615,70615,591,591,591,0.81,0.85,0.90,0.20,0.22,0.25,0.32,0.35,0.39,0.00,0.00,0.00,0.07,0.09,0.10,0.00,0.00,0.00,0.06,0.09,0.11,2620,698650,1590646,31448,742677,1624713,640677985,655145523,664803961,640677985,655144998,664802191,0,292010,0,484.91,488.42,491.50
264,2,99,99,100,26821,26821,26821,70458,70458,70458,591,591,591,0.81,0.85,0.94,0.18,0.22,0.25,0.32,0.35,0.41,0.00,0.00,0.00,0.07,0.09,0.11,0.00,0.00,0.00,0.05,0.09,0.11,327571,416164,731197,364259,460192,783613,640657211,655148328,664805838,640665073,655148327,664800596,1994850184,386876,1995237060,487.13,491.12,496.01
264,3,99,99,100,26902,26902,26902,70378,70378,70378,591,591,591,0.80,0.84,0.97,0.18,0.22,0.24,0.33,0.35,0.43,0.00,0.00,0.00,0.06,0.09,0.12,0.00,0.00,0.00,0.04,0.09,0.11,338007,425594,762650,369450,468049,796721,110937353,662288319,1305508532,184727895,655156727,1305505911,0,444280,0,489.79,492.75,498.22
265,0,100,100,100,26403,26403,26403,70876,70876,70876,591,591,591,0.81,0.89,0.94,0.16,0.24,0.27,0.26,0.31,0.43,0.00,0.00,0.00,0.06,0.08,0.11,0.00,0.00,0.00,0.04,0.12,0.16,326588,495567,793874,411454,576310,825314,0,579230971,765799936,0,579233591,765797316,0,399262,0,483.17,492.55,501.40
265,1,100,100,100,26664,26664,26664,70615,70615,70615,591,591,591,0.88,0.90,0.93,0.16,0.23,0.27,0.26,0.32,0.40,0.00,0.00,0.00,0.07,0.09,0.10,0.00,0.00,0.00,0.04,0.11,0.16,461240,618134,1025570,479588,696230,1098949,510667479,656384702,757047508,510674468,656384528,757052750,0,402807,0,482.69,494.35,502.22
265,2,100,100,100,26821,26821,26821,70458,70458,70458,591,591,591,0.86,0.90,0.93,0.19,0.23,0.26,0.26,0.31,0.39,0.00,0.00,0.00,0.07,0.08,0.10,0.00,0.00,0.00,0.07,0.11,0.15,313112,411670,597487,387540,491020,725894,640675920,704273633,765969827,640683782,704273119,765964585,1995338566,405636,1995744202,489.71,497.63,506.79
265,3,100,100,100,26902,26902,26902,70378,70378,70378,591,591,591,0.82,0.90,0.95,0.18,0.23,0.27,0.24,0.31,0.43,0.00,0.00,0.00,0.07,0.08,0.11,0.00,0.00,0.00,0.05,0.12,0.17,311860,575923,1341394,343308,657679,1472389,627623113,700265401,766109840,640684631,707389905,766107219,0,402674,0,489.67,496.45,501.70
266,0,100,100,100,26403,26403,26403,70876,70876,70876,591,591,591,0.80,0.89,0.92,0.24,0.28,0.36,0.25,0.30,0.42,0.00,0.00,0.00,0.07,0.08,0.08,0.00,0.00,0.00,0.13,0.17,0.25,290890,472242,964395,340683,534089,1048255,0,484428013,988550380,0,484424362,988547760,0,456035,0,501.47,510.16,513.68
266,1,93,98,100,26664,26664,26664,70615,70615,70615,591,591,591,0.71,0.88,0.94,0.24,0.28,0.37,0.25,0.30,0.42,0.00,0.00,0.00,0.05,0.07,0.09,0.00,0.00,0.00,0.14,0.17,0.25,456021,617879,1079673,511059,674985,1126843,0,483693586,949209903,0,483818792,988487138,0,391577,0,490.50,504.15,510.35
266,2,82,96,100,26821,26821,26821,70458,70458,70458,591,591,591,0.70,0.86,0.92,0.23,0.27,0.35,0.25,0.29,0.38,0.00,0.00,0.00,0.05,0.07,0.08,0.00,0.00,0.00,0.14,0.17,0.24,144131,508099,1221212,222748,569119,1299831,0,391340070,968156435,0,391338776,968152895,1995846300,446778,1996293078,491.53,502.59,511.79
266,3,100,100,100,26902,26902,26902,70378,70378,70378,591,591,591,0.76,0.87,0.92,0.23,0.27,0.35,0.22,0.28,0.37,0.00,0.00,0.00,0.07,0.07,0.08,0.00,0.00,0.00,0.14,0.16,0.24,327587,460852,767870,406207,540030,794077,0,484433400,988605363,0,484434973,988602742,0,400490,0,508.04,513.24,518.57
267,0,82,95,100,26403,26403,26403,70876,70876,70876,591,591,591,0.87,0.94,0.98,0.27,0.29,0.30,0.24,0.33,0.42,0.00,0.00,0.00,0.09,0.14,0.18,0.00,0.00,0.00,0.07,0.12,0.16,99577,930555,2528988,324937,1012664,2542091,0,0,0,0,0,0,0,407030,0,496.74,500.39,505.61
267,1,91,97,100,26664,26664,26664,70615,70615,70615,591,591,591,0.88,0.94,0.97,0.27,0.29,0.31,0.23,0.33,0.43,0.00,0.00,0.00,0.10,0.14,0.18,0.00,0.00,0.00,0.08,0.12,0.15,26206,580468,1035150,251585,664329,1061356,0,0,0,0,0,0,0,406662,0,489.49,493.38,501.38
267,2,97,98,100,26821,26821,26821,70458,70458,70458,591,591,591,0.92,0.95,0.97,0.30,0.30,0.31,0.24,0.33,0.41,0.00,0.00,0.00,0.11,0.14,0.17,0.00,0.00,0.00,0.09,0.12,0.15,340686,423892,589641,387858,503168,613227,0,0,0,0,0,0,1996388924,418080,1996807004,489.79,498.49,513.84
267,3,83,94,99,26902,26902,26902,70378,70378,70378,591,591,591,0.94,0.96,0.98,0.27,0.30,0.32,0.25,0.35,0.43,0.00,0.00,0.00,0.11,0.15,0.18,0.00,0.00,0.00,0.08,0.11,0.16,323275,336626,348429,358007,380424,393328,0,0,0,0,0,0,0,313781,0,505.67,510.95,520.85
268,0,99,99,100,26403,26403,26403,70876,70876,70876,591,591,591,0.92,0.96,0.98,0.31,0.36,0.48,0.35,0.40,0.41,0.00,0.00,0.00,0.03,0.11,0.17,0.00,0.00,0.00,0.09,0.18,0.32,335458,452067,581688,364286,542541,762483,0,0,0,0,0,0,0,413564,0,511.28,516.47,520.27
268,1,99,99,100,26664,26664,26664,70615,70615,70615,591,591,591,0.85,0.95,0.98,0.31,0.35,0.47,0.29,0.39,0.42,0.00,0.00,0.00,0.03,0.12,0.17,0.00,0.00,0.00,0.09,0.16,0.31,458626,597151,864812,508420,685204,977500,0,0,0,0,0,0,0,408007,0,511.64,514.23,517.39
268,2,93,98,100,26821,26821,26821,70458,70458,70458,591,591,591,0.78,0.93,0.98,0.28,0.35,0.42,0.27,0.38,0.43,0.00,0.00,0.00,0.03,0.12,0.18,0.00,0.00,0.00,0.08,0.18,0.29,330208,515740,765231,385219,606938,809782,0,0,0,0,0,0,1996909422,400713,1997310135,510.31,516.59,521.67
268,3,96,98,100,26902,26902,26902,70378,70378,70378,591,591,591,0.80,0.94,0.98,0.31,0.35,0.42,0.29,0.38,0.41,0.00,0.00,0.00,0.02,0.11,0.17,0.00,0.00,0.00,0.10,0.18,0.29,338036,580737,1284155,403582,671933,1315604,0,0,0,0,0,0,0,464146,0,516.75,523.46,527.59
269,0,100,100,100,26403,26403,26403,70876,70876,70876,591,591,591,0.81,0.85,0.97,0.18,0.22,0.25,0.33,0.36,0.44,0.00,0.00,0.00,0.07,0.09,0.12,0.00,0.00,0.00,0.05,0.09,0.11,138898,621095,1352264,186070,664073,1404677,0,674505087,1305497120,0,674505611,1305502361,0,439586,0,487.11,498.92,511.89
269,1,99,99,100,26664,26664,26664,70615,70615,70615,591,591,591,0.80,0.84,0.90,0.16,0.22,0.25,0.32,0.35,0.41,0.00,0.00,0.00,0.07,0.09,0.10,0.00,0.00,0.00,0.05,0.09,0.11,387857,468996,550350,435029,510875,600144,108807217,674141051,1194835971,181548961,673895301,1120862859,0,431933,0,484.97,493.48,507.89
269,2,99,99,100,26821,26821,26821,70458,70458,70458,591,591,591,0.81,0.86,0.95,0.17,0.22,0.25,0.33,0.36,0.43,0.00,0.00,0.00,0.06,0.09,0.11,0.00,0.00,0.00,0.04,0.08,0.11,207031,354206,600976,254202,393124,635917,0,586889497,870273859,126922019,586890378,870270365,1997412572,343189,1997755761,489.90,496.84,506.85
269,3,99,99,100,26902,26902,26902,70378,70378,70378,591,591,591,0.81,0.85,0.90,0.19,0.22,0.25,0.32,0.35,0.40,0.00,0.00,0.00,0.08,0.09,0.11,0.00,0.00,0.00,0.07,0.09,0.11,332825,624248,1043043,366894,669324,1095458,35643757,674512296,1305497861,0,674512325,1305503103,0,396114,0,494.07,498.77,508.93
270,0,99,99,100,26403,26403,26403,70876,70876,70876,591,591,591,0.80,0.85,0.91,0.17,0.22,0.25,0.33,0.36,0.41,0.00,0.00,0.00,0.07,0.09,0.11,0.00,0.00,0.00,0.05,0.09,0.11,340671,522894,882217,390461,562029,915410,0,607604435,1305486930,0,607604785,1305473826,0,288741,0,484.59,485.74,486.91
270,1,99,99,100,26664,26664,26664,70615,70615,70615,591,591,591,0.81,0.85,0.93,0.16,0.21,0.24,0.32,0.35,0.43,0.00,0.00,0.00,0.06,0.09,0.11,0.00,0.00,0.00,0.04,0.08,0.11,456001,819221,1244800,492687,858531,1294593,36828819,650327087,1268627801,0,650326876,1305463428,0,290928,0,480.19,485.52,488.10
270,2,100,100,100,26821,26821,26821,70458,70458,70458,591,591,591,0.81,0.85,0.90,0.20,0.22,0.25,0.32,0.35,0.39,0.00,0.00,0.00,0.07,0.09,0.10,0.00,0.00,0.00,0.07,0.09,0.11,330197,819214,1386396,366886,864289,1438812,110791021,650327097,1194656866,184595798,650326656,1120855123,1997849929,390764,1998240693,491.41,493.33,495.78
270,3,100,100,100,26902,26902,26902,70378,70378,70378,591,591,591,0.81,0.86,0.94,0.18,0.21,0.25,0.33,0.36,0.42,0.00,0.00,0.00,0.08,0.09,0.11,0.00,0.00,0.00,0.05,0.08,0.11,402286,452282,573266,434950,491144,606536,0,560052311,852754796,0,560051826,852754796,0,391541,0,489.79,492.29,494.69
271,0,99,99,100,26403,26403,26403,70876,70876,70876,591,591,591,0.80,0.86,0.99,0.18,0.21,0.25,0.33,0.36,0.45,0.00,0.00,0.00,0.07,0.09,0.12,0.00,0.00,0.00,0.05,0.08,0.11,484822,539495,602749,516270,577559,634197,621640534,651207570,664791132,621640534,651205998,664785891,0,392750,0,487.32,490.76,494.93
271,1,100,100,100,26664,26664,26664,70615,70615,70615,591,591,591,0.81,0.86,0.96,0.18,0.22,0.24,0.33,0.36,0.43,0.00,0.00,0.00,0.07,0.09,0.11,0.00,0.00,0.00,0.05,0.08,0.10,445522,715947,1105857,474350,758751,1158268,0,610806632,1305409996,0,610805759,1305404755,0,396461,0,484.31,489.55,493.15
271,2,100,100,100,26821,26821,26821,70458,70458,70458,591,591,591,0.80,0.87,0.95,0.17,0.21,0.25,0.32,0.37,0.43,0.00,0.00,0.00,0.07,0.09,0.11,0.00,0.00,0.00,0.04,0.08,0.11,327576,399388,600153,343314,436077,655189,0,522177796,1305376453,0,522180514,1194601564,1998341248,391314,1998732562,486.15,489.46,491.99
271,3,100,100,100,26902,26902,26902,70378,70378,70378,591,591,591,0.80,0.86,0.90,0.19,0.21,0.25,0.33,0.36,0.40,0.00,0.00,0.00,0.08,0.09,0.11,0.00,0.00,0.00,0.06,0.08,0.11,332823,676121,1197604,364270,715430,1250016,640646234,655137281,664798758,640646234,655138329,664798758,0,444690,0,488.64,493.59,496.66
272,0,99,99,100,26403,26403,26403,70876,70876,70876,591,591,591,0.80,0.88,0.92,0.17,0.23,0.27,0.27,0.32,0.41,0.00,0.00,0.00,0.08,0.09,0.11,0.00,0.00,0.00,0.05,0.11,0.16,20959,472239,1362750,99557,551907,1438750,252344732,606458084,765964538,0,555990710,765964538,0,445108,0,489.46,492.29,498.11
272,1,100,100,100,26664,26664,26664,70615,70615,70615,591,591,591,0.87,0.90,0.92,0.16,0.23,0.25,0.27,0.32,0.40,0.00,0.00,0.00,0.07,0.09,0.10,0.00,0.00,0.00,0.05,0.11,0.15,112684,614014,1279915,188680,692456,1358437,640692888,706547045,765033284,640703371,706548100,765033284,0,453201,0,486.04,495.95,504.49
272,2,100,100,100,26821,26821,26821,70458,70458,70458,591,591,591,0.80,0.88,0.94,0.19,0.24,0.26,0.27,0.31,0.35,0.00,0.00,0.00,0.07,0.08,0.09,0.00,0.00,0.00,0.08,0.12,0.14,317088,628685,1383660,364259,707795,1457035,41264042,746745052,1305431063,164908951,754078286,1305423201,1998832364,453423,1999285787,495.87,502.05,509.45
272,3,100,100,100,26902,26902,26902,70378,70378,70378,591,591,591,0.80,0.88,0.94,0.20,0.23,0.27,0.27,0.32,0.39,0.00,0.00,0.00,0.07,0.09,0.10,0.00,0.00,0.00,0.08,0.11,0.15,335461,540367,1058707,442869,620035,1129462,0,556030698,765961938,0,556030174,765959317,0,405608,0,496.51,499.12,503.83
273,0,100,100,100,26403,26403,26403,70876,70876,70876,591,591,591,0.91,0.92,0.94,0.23,0.26,0.27,0.27,0.28,0.29,0.00,0.00,0.00,0.08,0.08,0.09,0.00,0.00,0.00,0.13,0.14,0.16,345926,456648,545098,416683,510371,621098,504698532,661742435,724873931,708693219,724828114,757038625,0,404412,0,505.05,506.95,508.65
273,1,100,100,100,26664,26664,26664,70615,70615,70615,591,591,591,0.86,0.91,0.95,0.23,0.26,0.27,0.25,0.26,0.28,0.00,0.00,0.00,0.07,0.08,0.08,0.00,0.00,0.00,0.13,0.15,0.16,891076,1365936,1949664,917284,1417691,2033520,0,547163652,755093150,0,554964353,786290712,0,395847,0,492.22,508.09,514.07
273,2,91,97,100,26821,26821,26821,70458,70458,70458,591,591,591,0.81,0.89,0.92,0.21,0.25,0.27,0.23,0.26,0.28,0.00,0.00,0.00,0.07,0.08,0.08,0.00,0.00,0.00,0.11,0.14,0.16,330208,497925,725936,393079,550339,801936,0,605534335,988582772,0,605534990,988580151,1999387418,385485,1999772903,486.77,506.57,516.99
273,3,100,100,100,26902,26902,26902,70378,70378,70378,591,591,591,0.73,0.87,0.92,0.23,0.25,0.27,0.19,0.25,0.28,0.00,0.00,0.00,0.06,0.07,0.08,0.00,0.00,0.00,0.13,0.15,0.16,219986,387668,547087,258094,460153,660018,468433995,0,0,468430531,0,0,0,299237,0,508.45,513.15,518.84
274,0,87,97,100,26403,26403,26403,70876,70876,70876,591,591,591,0.73,0.90,0.98,0.30,0.31,0.32,0.25,0.33,0.42,0.00,0.00,0.00,0.05,0.11,0.17,0.00,0.00,0.00,0.09,0.15,0.23,334941,508479,763483,378741,595159,938193,0,0,0,0,0,0,0,410140,0,492.47,498.22,505.31
274,1,84,96,100,26664,26664,26664,70615,70615,70615,591,591,591,0.63,0.87,0.97,0.28,0.31,0.32,0.24,0.31,0.41,0.00,0.00,0.00,0.05,0.11,0.17,0.00,0.00,0.00,0.09,0.16,0.21,471717,558720,657777,516268,659352,759980,0,0,0,0,0,0,0,410966,0,491.36,496.44,507.76
274,2,82,96,100,26821,26821,26821,70458,70458,70458,591,591,591,0.64,0.88,0.97,0.29,0.31,0.34,0.25,0.32,0.41,0.00,0.00,0.00,0.05,0.11,0.17,0.00,0.00,0.00,0.10,0.16,0.23,324969,487445,867440,374763,587032,1024681,0,0,0,0,0,0,1999869500,417545,0,483.14,491.62,514.08
274,3,98,99,100,26902,26902,26902,70378,70378,70378,591,591,591,0.79,0.91,0.98,0.27,0.31,0.33,0.25,0.34,0.42,0.00,0.00,0.00,0.07,0.12,0.18,0.00,0.00,0.00,0.07,0.16,0.24,314475,683861,1467522,356405,766931,1509452,0,0,0,0,0,0,0,465643,0,495.38,502.27,515.93
275,0,99,99,100,26403,26403,26403,70876,70876,70876,591,591,591,0.93,0.96,0.98,0.28,0.37,0.50,0.32,0.39,0.43,0.00,0.00,0.00,0.03,0.12,0.18,0.00,0.00,0.00,0.08,0.18,0.35,246329,449682,754754,372031,542973,841236,0,524,2620,0,0,0,0,467382,0,508.69,521.48,528.56
275,1,95,98,100,26664,26664,26664,70615,70615,70615,591,591,591,0.92,0.96,0.98,0.27,0.36,0.51,0.33,0.39,0.43,0.00,0.00,0.00,0.03,0.12,0.18,0.00,0.00,0.00,0.08,0.18,0.33,172967,567591,899662,304004,652726,1009718,0,0,0,0,0,0,0,361499,0,506.62,512.02,514.66
275,2,99,99,100,26821,26821,26821,70458,70458,70458,591,591,591,0.85,0.95,0.98,0.28,0.34,0.43,0.32,0.39,0.43,0.00,0.00,0.00,0.06,0.13,0.18,0.00,0.00,0.00,0.08,0.18,0.35,332828,640545,901560,377380,731428,1107768,0,0,0,0,0,0,0,358173,0,509.79,518.77,521.77
275,3,99,99,100,26902,26902,26902,70378,70378,70378,591,591,591,0.91,0.96,0.98,0.31,0.36,0.46,0.34,0.39,0.41,0.00,0.00,0.00,0.03,0.12,0.17,0.00,0.00,0.00,0.09,0.17,0.32,330207,658297,1614280,379996,750542,1763653,0,0,0,0,524,2620,0,415905,0,512.38,520.16,524.40
276,0,99,99,100,26403,26403,26403,70876,70876,70876,591,591,591,0.81,0.88,0.99,0.16,0.21,0.24,0.33,0.38,0.44,0.00,0.00,0.00,0.07,0.10,0.12,0.00,0.00,0.00,0.04,0.08,0.11,332824,830221,1360132,379996,866910,1381097,0,541543126,761577103,0,541543126,761577103,0,292267,0,478.67,500.20,513.20
276,1,99,99,100,26664,26664,26664,70615,70615,70615,591,591,591,0.81,0.86,0.90,0.19,0.21,0.25,0.32,0.37,0.39,0.00,0.00,0.00,0.08,0.09,0.10,0.00,0.00,0.00,0.06,0.08,0.11,461241,919325,1936606,508407,957586,1968053,0,541552796,761591597,0,541553844,761599459,0,399238,0,490.46,501.52,509.07
276,2,99,99,100,26821,26821,26821,70458,70458,70458,591,591,591,0.81,0.86,0.93,0.16,0.22,0.24,0.33,0.37,0.43,0.00,0.00,0.00,0.07,0.09,0.11,0.00,0.00,0.00,0.04,0.09,0.11,330205,542102,765236,351170,580915,803673,0,581025922,1305502779,0,581026620,1305497538,0,386236,0,487.51,499.41,517.69
276,3,100,100,100,26902,26902,26902,70378,70378,70378,591,591,591,0.80,0.86,0.99,0.20,0.23,0.25,0.33,0.36,0.43,0.00,0.00,0.00,0.06,0.09,0.11,0.00,0.00,0.00,0.08,0.10,0.11,221299,401588,569327,256150,443011,601860,0,513114821,1263196359,0,528385558,1263203966,0,393183,0,490.96,501.43,513.24
277,0,100,100,100,26403,26403,26403,70876,70876,70876,591,591,591,0.81,0.85,0.93,0.16,0.21,0.24,0.32,0.36,0.43,0.00,0.00,0.00,0.07,0.09,0.11,0.00,0.00,0.00,0.04,0.08,0.10,311787,530314,791453,361568,569199,838626,0,566263052,861180898,0,566263052,861180898,0,392888,0,482.66,485.11,487.54
277,1,100,100,100,26664,26664,26664,70615,70615,70615,591,591,591,0.81,0.86,0.90,0.16,0.22,0.25,0.32,0.37,0.41,0.00,0.00,0.00,0.07,0.09,0.10,0.00,0.00,0.00,0.05,0.08,0.11,455996,698653,1058668,508409,738487,1092734,640682831,655141863,664800922,640667107,655142912,664811405,0,386368,0,480.43,487.85,494.52
277,2,100,100,100,26821,26821,26821,70458,70458,70458,591,591,591,0.81,0.85,0.95,0.17,0.21,0.24,0.33,0.35,0.43,0.00,0.00,0.00,0.06,0.09,0.11,0.00,0.00,0.00,0.04,0.08,0.11,335451,416671,594925,369520,457552,647341,0,650338103,1305554266,0,650336531,1305556887,0,394898,0,482.62,490.95,498.86
277,3,99,99,100,26902,26902,26902,70378,70378,70378,591,591,591,0.81,0.88,0.97,0.18,0.21,0.24,0.33,0.38,0.44,0.00,0.00,0.00,0.07,0.10,0.12,0.00,0.00,0.00,0.04,0.08,0.10,327587,652545,1464925,379999,692380,1496372,553837805,632963317,700447905,480028755,618201573,664806338,0,434424,0,484.69,489.94,495.95
278,0,99,99,100,26403,26403,26403,70876,70876,70876,591,591,591,0.80,0.85,0.96,0.18,0.22,0.24,0.33,0.36,0.44,0.00,0.00,0.00,0.06,0.09,0.12,0.00,0.00,0.00,0.04,0.09,0.11,230624,954973,2138477,262073,997428,2188270,0,650330391,1305497746,0,650330391,1305500367,0,449385,0,491.99,495.04,503.38
278,1,100,100,100,26664,26664,26664,70615,70615,70615,591,591,591,0.81,0.86,0.90,0.19,0.21,0.24,0.32,0.36,0.40,0.00,0.00,0.00,0.06,0.09,0.10,0.00,0.00,0.00,0.06,0.08,0.11,0,533747,894522,28826,572009,941694,35492982,563304272,870321712,0,563302358,870323459,0,441962,0,487.88,489.53,493.09
278,2,100,100,100,26821,26821,26821,70458,70458,70458,591,591,591,0.81,0.88,0.98,0.18,0.21,0.24,0.32,0.37,0.44,0.00,0.00,0.00,0.07,0.10,0.12,0.00,0.00,0.00,0.05,0.08,0.10,0,317628,581797,31448,357987,631591,0,522195474,1305491576,0,522197142,1305494196,0,443291,0,490.17,494.59,500.23
278,3,99,99,100,26902,26902,26902,70378,70378,70378,591,591,591,0.81,0.84,0.90,0.19,0.22,0.25,0.33,0.35,0.39,0.00,0.00,0.00,0.08,0.09,0.11,0.00,0.00,0.00,0.06,0.09,0.11,332809,493207,1014212,382599,535661,1048281,640650361,650321882,664825624,640645120,650321882,664830866,0,393311,0,486.92,490.16,495.69
279,0,100,100,100,26403,26403,26403,70876,70876,70876,591,591,591,0.81,0.86,0.97,0.18,0.22,0.27,0.23,0.34,0.44,0.00,0.00,0.00,0.07,0.09,0.12,0.00,0.00,0.00,0.05,0.10,0.17,324933,426443,654936,356378,502433,751867,570989163,683975521,771376171,640640203,683974191,765726099,0,399175,0,491.07,497.00,500.35
279,1,100,100,100,26664,26664,26664,70615,70615,70615,591,591,591,0.81,0.86,0.92,0.16,0.22,0.26,0.27,0.33,0.41,0.00,0.00,0.00,0.07,0.09,0.10,0.00,0.00,0.00,0.05,0.10,0.15,461195,549022,773104,529327,627641,862207,0,684052107,1305481344,0,684056038,1305494447,0,393926,0,484.81,488.75,495.62
279,2,100,100,100,26821,26821,26821,70458,70458,70458,591,591,591,0.81,0.87,0.93,0.21,0.23,0.25,0.28,0.31,0.37,0.00,0.00,0.00,0.07,0.08,0.09,0.00,0.00,0.00,0.08,0.11,0.13,332828,584195,1029933,400966,658448,1108554,443192103,805854260,1305507279,443188609,805851421,1305502038,0,398677,0,486.90,490.77,494.87
279,3,100,100,100,26902,26902,26902,70378,70378,70378,591,591,591,0.81,0.87,0.90,0.19,0.22,0.25,0.27,0.35,0.40,0.00,0.00,0.00,0.08,0.09,0.10,0.00,0.00,0.00,0.06,0.09,0.14,218802,423564,807189,297434,496290,856983,525347741,623907856,664809886,499633343,617479256,664809886,0,299230,0,483.20,486.56,492.45
280,0,100,100,100,26403,26403,26403,70876,70876,70876,591,591,591,0.91,0.92,0.93,0.25,0.26,0.27,0.27,0.28,0.28,0.00,0.00,0.00,0.08,0.08,0.09,0.00,0.00,0.00,0.13,0.15,0.16,330220,408209,689562,348544,464437,759542,472107600,668479323,744304131,472117841,668478244,744298977,0,458280,0,496.20,502.92,507.78
280,1,100,100,100,26664,26664,26664,70615,70615,70615,591,591,591,0.91,0.93,0.94,0.25,0.27,0.28,0.27,0.27,0.28,0.00,0.00,0.00,0.07,0.08,0.08,0.00,0.00,0.00,0.13,0.15,0.16,463792,628408,1218545,476959,691825,1294540,40133380,579844355,756935229,160931843,579840652,756940469,0,399173,0,496.28,507.48,518.41
280,2,99,99,100,26821,26821,26821,70458,70458,70458,591,591,591,0.87,0.91,0.95,0.24,0.26,0.27,0.25,0.27,0.28,0.00,0.00,0.00,0.07,0.08,0.08,0.00,0.00,0.00,0.14,0.15,0.16,311843,424512,733800,361545,480587,815043,0,582901371,756803905,0,592232299,771024190,0,398799,0,501.79,506.49,511.89
280,3,100,100,100,26902,26902,26902,70378,70378,70378,591,591,591,0.91,0.92,0.92,0.24,0.26,0.27,0.27,0.27,0.28,0.00,0.00,0.00,0.07,0.08,0.08,0.00,0.00,0.00,0.13,0.15,0.16,317030,643669,1491132,332750,702873,1548786,655853171,714146272,772751451,694487152,721872522,772746101,0,461294,0,496.97,510.70,518.27
281,0,84,96,100,26403,26403,26403,70876,70876,70876,591,591,591,0.80,0.90,0.98,0.29,0.31,0.32,0.25,0.33,0.42,0.00,0.00,0.00,0.07,0.11,0.18,0.00,0.00,0.00,0.08,0.16,0.22,39308,585900,1443616,288265,670807,1467196,0,55973514,279867571,0,55975610,279878053,0,414127,0,499.52,505.25,511.15
281,1,99,99,100,26664,26664,26664,70615,70615,70615,591,591,591,0.71,0.88,0.97,0.23,0.30,0.37,0.23,0.33,0.42,0.00,0.00,0.00,0.06,0.11,0.16,0.00,0.00,0.00,0.09,0.15,0.25,393069,728006,1485935,503174,796838,1522624,0,197718610,988593050,0,197719658,988598292,0,302829,0,487.55,494.67,503.98
281,2,92,98,100,26821,26821,26821,70458,70458,70458,591,591,591,0.68,0.89,0.97,0.29,0.30,0.32,0.25,0.33,0.41,0.00,0.00,0.00,0.06,0.11,0.17,0.00,0.00,0.00,0.09,0.15,0.21,0,437335,946416,15483,520680,982421,0,52851181,264255908,0,43522837,217614189,0,356527,0,493.50,497.68,503.44
281,3,86,96,100,26902,26902,26902,70378,70378,70378,591,591,591,0.80,0.90,0.98,0.28,0.30,0.33,0.25,0.32,0.42,0.00,0.00,0.00,0.06,0.11,0.17,0.00,0.00,0.00,0.09,0.16,0.22,353797,560279,927692,400970,640470,953898,0,55972987,279864937,0,55971939,279859696,0,406448,0,504.39,506.60,509.90
282,0,99,99,100,26403,26403,26403,70876,70876,70876,591,591,591,0.87,0.95,0.98,0.28,0.35,0.45,0.33,0.40,0.43,0.00,0.00,0.00,0.03,0.13,0.18,0.00,0.00,0.00,0.08,0.15,0.30,335443,412492,639447,377373,505786,686620,0,524,2620,0,0,0,0,307597,0,510.76,518.74,523.35
282,1,99,99,100,26664,26664,26664,70615,70615,70615,591,591,591,0.91,0.96,0.98,0.27,0.35,0.48,0.34,0.40,0.43,0.00,0.00,0.00,0.03,0.13,0.18,0.00,0.00,0.00,0.07,0.16,0.33,463861,688711,1179347,511034,780957,1326111,0,0,0,0,524,2620,0,413736,0,500.04,510.63,518.77
282,2,99,99,100,26821,26821,26821,70458,70458,70458,591,591,591,0.83,0.94,0.98,0.29,0.35,0.43,0.31,0.39,0.43,0.00,0.00,0.00,0.05,0.13,0.17,0.00,0.00,0.00,0.09,0.16,0.26,359032,474666,625361,408825,559220,738905,0,0,0,0,0,0,0,406662,0,511.73,519.35,523.52
282,3,94,98,100,26902,26902,26902,70378,70378,70378,591,591,591,0.82,0.94,0.98,0.28,0.34,0.44,0.29,0.39,0.43,0.00,0.00,0.00,0.02,0.13,0.18,0.00,0.00,0.00,0.08,0.15,0.30,343304,418245,484768,442883,513110,634129,0,0,0,0,0,0,0,415334,0,515.53,522.05,528.12
283,0,100,100,100,26403,26403,26403,70876,70876,70876,591,591,591,0.81,0.88,0.98,0.18,0.24,0.34,0.33,0.37,0.40,0.00,0.00,0.00,0.08,0.09,0.11,0.00,0.00,0.00,0.05,0.10,0.21,335435,541346,817669,366882,577601,849118,0,452391915,859719215,0,452392082,859722667,0,391151,0,482.66,498.65,513.15
283,1,99,99,100,26664,26664,26664,70615,70615,70615,591,591,591,0.81,0.88,0.98,0.17,0.23,0.28,0.33,0.37,0.43,0.00,0.00,0.00,0.07,0.09,0.11,0.00,0.00,0.00,0.04,0.10,0.15,476941,630490,854336,511008,670847,885784,0,541590940,1305472177,0,541590940,1305474797,0,390278,0,488.67,502.59,513.99
283,2,99,99,100,26821,26821,26821,70458,70458,70458,591,591,591,0.81,0.86,0.95,0.18,0.22,0.25,0.33,0.36,0.43,0.00,0.00,0.00,0.07,0.09,0.11,0.00,0.00,0.00,0.05,0.09,0.11,330207,464899,799319,380000,504732,828147,0,541533118,761585996,0,541532070,761583375,0,388264,0,482.85,492.93,500.13
283,3,99,99,100,26902,26902,26902,70378,70378,70378,591,591,591,0.81,0.88,0.98,0.17,0.23,0.29,0.33,0.37,0.42,0.00,0.00,0.00,0.07,0.09,0.11,0.00,0.00,0.00,0.05,0.10,0.16,342370,590463,1525078,390483,630802,1561763,0,541160083,746468141,0,541160586,746473279,0,433200,0,482.68,500.56,519.19
284,0,99,99,100,26403,26403,26403,70876,70876,70876,591,591,591,0.80,0.85,0.97,0.18,0.22,0.25,0.33,0.36,0.44,0.00,0.00,0.00,0.07,0.09,0.12,0.00,0.00,0.00,0.05,0.09,0.11,149377,675072,1423045,196548,717524,1454493,640678789,655126177,664811010,640681410,655125129,664797907,0,388124,0,482.42,489.79,495.27
284,1,99,99,100,26664,26664,26664,70615,70615,70615,591,591,591,0.81,0.86,0.90,0.20,0.22,0.24,0.32,0.36,0.39,0.00,0.00,0.00,0.08,0.09,0.10,0.00,0.00,0.00,0.07,0.08,0.11,0,1034648,3249665,52413,1073784,3278492,443197729,610833948,664793866,443197729,610833424,664804349,0,448647,0,490.95,494.33,499.67
284,2,99,99,100,26821,26821,26821,70458,70458,70458,591,591,591,0.81,0.86,0.90,0.17,0.21,0.25,0.33,0.37,0.40,0.00,0.00,0.00,0.08,0.09,0.11,0.00,0.00,0.00,0.05,0.08,0.11,0,376864,589693,52412,416699,621143,640683299,655161159,664833570,640691161,655162207,664836191,0,432020,0,482.53,485.35,489.58
284,3,100,100,100,26902,26902,26902,70378,70378,70378,591,591,591,0.80,0.84,0.89,0.19,0.22,0.25,0.33,0.35,0.39,0.00,0.00,0.00,0.08,0.09,0.11,0.00,0.00,0.00,0.06,0.09,0.11,324912,714920,1499082,356355,758947,1551498,640686344,655136063,664814283,640681103,655136587,664819525,0,399387,0,488.38,493.29,495.99
285,0,99,99,100,26403,26403,26403,70876,70876,70876,591,591,591,0.80,0.85,0.90,0.19,0.22,0.25,0.33,0.36,0.40,0.00,0.00,0.00,0.08,0.09,0.11,0.00,0.00,0.00,0.06,0.09,0.11,332789,533297,985367,366855,573917,1016815,640617982,652726057,664800665,640628464,652724746,664790182,0,392856,0,481.27,485.90,491.44
285,1,100,100,100,26664,26664,26664,70615,70615,70615,591,591,591,0.81,0.85,0.90,0.16,0.22,0.25,0.31,0.36,0.41,0.00,0.00,0.00,0.07,0.09,0.10,0.00,0.00,0.00,0.04,0.09,0.11,495307,788809,1129485,529364,829429,1179277,640678351,652732261,664783795,640678351,652730951,664783795,0,391645,0,489.08,495.54,500.72
285,2,99,99,100,26821,26821,26821,70458,70458,70458,591,591,591,0.81,0.85,0.88,0.21,0.23,0.25,0.32,0.35,0.37,0.00,0.00,0.00,0.07,0.08,0.10,0.00,0.00,0.00,0.08,0.09,0.11,327587,593578,935592,382622,638347,990627,106786572,570637865,870271894,177905988,588419247,870275388,0,387253,0,479.56,482.32,485.30
285,3,100,100,100,26902,26902,26902,70378,70378,70378,591,591,591,0.80,0.85,0.90,0.18,0.22,0.25,0.32,0.36,0.40,0.00,0.00,0.00,0.08,0.09,0.10,0.00,0.00,0.00,0.05,0.09,0.11,332807,466479,636845,351165,507099,686639,110957967,652728462,1194452083,184770960,652729881,1120655250,0,300128,0,488.38,490.34,493.61
286,0,100,100,100,26403,26403,26403,70876,70876,70876,591,591,591,0.80,0.86,0.90,0.19,0.22,0.25,0.30,0.35,0.40,0.00,0.00,0.00,0.08,0.09,0.10,0.00,0.00,0.00,0.06,0.09,0.12,335443,445342,576563,366890,510509,628948,510651910,624328709,664802154,510653657,624329059,664791671,0,395661,0,490.47,492.55,496.94
286,1,100,100,100,26664,26664,26664,70615,70615,70615,591,591,591,0.81,0.86,0.96,0.18,0.22,0.25,0.29,0.34,0.43,0.00,0.00,0.00,0.06,0.09,0.11,0.00,0.00,0.00,0.04,0.09,0.11,442654,544512,856906,495283,613113,927444,640681966,674835265,763616393,640684016,674836837,763616393,0,398455,0,491.35,495.30,497.74
286,2,100,100,100,26821,26821,26821,70458,70458,70458,591,591,591,0.81,0.87,0.92,0.17,0.22,0.26,0.27,0.34,0.41,0.00,0.00,0.00,0.07,0.09,0.11,0.00,0.00,0.00,0.05,0.10,0.15,319701,388388,600161,361661,458621,673543,0,654036001,1305509973,0,639810142,1305517835,0,449910,0,481.02,487.17,493.65
286,3,100,100,100,26902,26902,26902,70378,70378,70378,591,591,591,0.81,0.86,0.90,0.19,0.22,0.26,0.26,0.35,0.39,0.00,0.00,0.00,0.07,0.09,0.11,0.00,0.00,0.00,0.06,0.09,0.16,327385,562433,1362751,375982,630774,1493785,424281224,632011902,765879054,424281224,632011403,765876434,0,450666,0,489.07,493.73,502.44
287,0,100,100,100,26403,26403,26403,70876,70876,70876,591,591,591,0.91,0.92,0.93,0.23,0.26,0.27,0.27,0.28,0.29,0.00,0.00,0.00,0.07,0.08,0.09,0.00,0.00,0.00,0.13,0.14,0.16,0,481059,1347027,78602,544346,1417786,0,578607237,756915704,0,578609333,756920944,0,403767,0,499.36,506.71,513.43
287,1,100,100,100,26664,26664,26664,70615,70615,70615,591,591,591,0.92,0.93,0.94,0.25,0.26,0.27,0.26,0.27,0.28,0.00,0.00,0.00,0.08,0.08,0.09,0.00,0.00,0.00,0.14,0.15,0.16,296941,869487,2062537,370303,930321,2125435,80383765,572011204,771667830,134158093,566628428,771659816,0,310469,0,495.73,507.35,517.47
287,2,100,100,100,26821,26821,26821,70458,70458,70458,591,591,591,0.92,0.92,0.94,0.24,0.26,0.27,0.26,0.27,0.28,0.00,0.00,0.00,0.08,0.08,0.08,0.00,0.00,0.00,0.13,0.15,0.16,141520,841868,2007285,225384,901290,2024944,35506497,594194822,757060872,141898514,588943523,757071355,0,307316,0,494.38,507.12,514.12
287,3,100,100,100,26902,26902,26902,70378,70378,70378,591,591,591,0.91,0.92,0.94,0.25,0.26,0.27,0.27,0.27,0.28,0.00,0.00,0.00,0.07,0.08,0.09,0.00,0.00,0.00,0.13,0.15,0.16,330163,519933,972277,353747,583353,1053518,0,579843981,756996566,0,579842933,756988705,0,408574,0,502.38,512.42,520.73
288,0,91,97,100,26403,26403,26403,70876,70876,70876,591,591,591,0.80,0.90,0.97,0.26,0.30,0.37,0.25,0.32,0.41,0.00,0.00,0.00,0.07,0.10,0.17,0.00,0.00,0.00,0.09,0.16,0.25,361665,447084,647304,411459,532517,691855,0,197712208,988561042,0,197711684,988558421,0,303003,0,501.45,504.17,508.42
288,1,86,96,100,26664,26664,26664,70615,70615,70615,591,591,591,0.70,0.88,0.97,0.23,0.30,0.37,0.24,0.31,0.43,0.00,0.00,0.00,0.06,0.10,0.18,0.00,0.00,0.00,0.07,0.16,0.25,482190,603810,972203,524119,688200,993167,0,197771918,988859593,0,197771394,988856972,0,397865,0,487.88,493.97,504.35
288,2,85,95,100,26821,26821,26821,70458,70458,70458,591,591,591,0.72,0.88,0.98,0.25,0.30,0.36,0.23,0.32,0.42,0.00,0.00,0.00,0.05,0.11,0.18,0.00,0.00,0.00,0.08,0.16,0.25,327562,455135,634290,374731,541094,712921,0,197743023,988715119,0,197743023,988715119,0,413904,0,496.87,502.70,512.78
288,3,90,97,100,26902,26902,26902,70378,70378,70378,591,591,591,0.78,0.89,0.96,0.22,0.30,0.37,0.23,0.31,0.40,0.00,0.00,0.00,0.07,0.10,0.16,0.00,0.00,0.00,0.11,0.16,0.25,369516,610065,1119040,382619,693919,1168834,0,197724790,988623954,0,197725839,988629196,0,405335,0,500.71,503.92,508.63
289,0,98,98,99,26403,26403,26403,70876,70876,70876,591,591,591,0.90,0.96,0.98,0.27,0.35,0.47,0.34,0.40,0.43,0.00,0.00,0.00,0.03,0.13,0.18,0.00,0.00,0.00,0.08,0.15,0.31,317107,368461,476905,366901,452496,611416,0,0,0,0,0,0,0,418346,0,507.11,515.40,520.21
289,1,93,97,99,26664,26664,26664,70615,70615,70615,591,591,591,0.90,0.96,0.98,0.28,0.34,0.50,0.32,0.40,0.43,0.00,0.00,0.00,0.03,0.14,0.18,0.00,0.00,0.00,0.08,0.14,0.33,463860,574368,678327,508412,654021,790945,0,0,0,0,0,0,0,413428,0,496.00,506.75,513.81
289,2,93,97,100,26821,26821,26821,70458,70458,70458,591,591,591,0.75,0.93,0.98,0.31,0.35,0.42,0.28,0.38,0.41,0.00,0.00,0.00,0.02,0.12,0.17,0.00,0.00,0.00,0.09,0.16,0.28,131034,411966,746908,280413,503687,794081,0,0,0,0,0,0,0,456904,0,513.33,520.90,523.99
289,3,98,99,100,26902,26902,26902,70378,70378,70378,591,591,591,0.84,0.95,0.98,0.29,0.34,0.46,0.29,0.39,0.42,0.00,0.00,0.00,0.03,0.13,0.17,0.00,0.00,0.00,0.06,0.15,0.31,218956,595652,1377533,256885,688327,1411616,0,0,0,0,0,0,0,418761,0,509.93,520.59,525.91
290,0,99,99,100,26403,26403,26403,70876,70876,70876,591,591,591,0.81,0.88,0.98,0.17,0.24,0.33,0.33,0.37,0.42,0.00,0.00,0.00,0.07,0.09,0.11,0.00,0.00,0.00,0.05,0.11,0.20,60259,790950,1803053,91698,829579,1852847,0,538627321,1305507812,0,538625713,1305499950,0,441950,0,479.20,497.07,515.14
290,1,99,99,100,26664,26664,26664,70615,70615,70615,591,591,591,0.81,0.89,0.97,0.16,0.25,0.43,0.32,0.38,0.43,0.00,0.00,0.00,0.07,0.09,0.11,0.00,0.00,0.00,0.04,0.12,0.29,23586,753631,1891978,49793,806552,1941767,0,490395472,1305381579,0,490396517,1305384200,0,435619,0,483.12,500.08,516.68
290,2,100,100,100,26821,26821,26821,70458,70458,70458,591,591,591,0.81,0.88,0.99,0.19,0.23,0.26,0.33,0.37,0.42,0.00,0.00,0.00,0.08,0.09,0.10,0.00,0.00,0.00,0.06,0.09,0.13,323343,607156,1344750,361664,645805,1378049,0,541175967,1194698661,0,541176335,1120886636,0,389448,0,488.11,498.28,510.53
290,3,100,100,100,26902,26902,26902,70378,70378,70378,591,591,591,0.81,0.88,0.97,0.19,0.25,0.36,0.33,0.37,0.42,0.00,0.00,0.00,0.08,0.09,0.10,0.00,0.00,0.00,0.06,0.12,0.23,330257,473825,990590,361710,514708,1014175,0,541553475,1305488767,0,541553475,1305501871,0,392344,0,495.54,506.09,521.58
291,0,99,99,100,26403,26403,26403,70876,70876,70876,591,591,591,0.81,0.85,0.90,0.19,0.22,0.25,0.33,0.36,0.40,0.00,0.00,0.00,0.08,0.09,0.11,0.00,0.00,0.00,0.06,0.09,0.11,338048,371470,403609,372115,411434,450784,106618889,652705383,1305297819,89747916,652706324,1305300439,0,387711,0,479.00,481.72,487.10
291,1,100,100,100,26664,26664,26664,70615,70615,70615,591,591,591,0.81,0.85,0.96,0.18,0.22,0.25,0.33,0.36,0.44,0.00,0.00,0.00,0.07,0.09,0.11,0.00,0.00,0.00,0.05,0.09,0.11,437637,570641,820271,487428,611261,851719,0,652729202,1305463428,0,652727236,1305452945,0,383412,0,478.50,483.52,486.92
291,2,100,100,100,26821,26821,26821,70458,70458,70458,591,591,591,0.81,0.86,0.90,0.17,0.22,0.25,0.32,0.36,0.41,0.00,0.00,0.00,0.07,0.09,0.10,0.00,0.00,0.00,0.05,0.09,0.11,327583,581790,974905,377376,623067,1024699,0,652788533,1305661066,110768010,652778698,1194856337,0,384205,0,485.03,488.83,491.96
291,3,99,99,100,26902,26902,26902,70378,70378,70378,591,591,591,0.80,0.85,0.92,0.16,0.22,0.25,0.32,0.36,0.42,0.00,0.00,0.00,0.07,0.09,0.11,0.00,0.00,0.00,0.04,0.09,0.11,330150,457295,815032,361650,499879,867446,0,652721095,1305506214,0,652722405,1305511456,0,298704,0,487.04,491.90,495.73
292,0,100,100,100,26403,26403,26403,70876,70876,70876,591,591,591,0.80,0.86,0.90,0.19,0.22,0.25,0.32,0.36,0.40,0.00,0.00,0.00,0.08,0.09,0.10,0.00,0.00,0.00,0.06,0.08,0.11,529397,572187,720720,550363,611847,773137,35645200,610834507,1305476771,0,610834268,1305482012,0,390552,0,487.04,489.31,491.69
292,1,100,100,100,26664,26664,26664,70615,70615,70615,591,591,591,0.81,0.85,0.92,0.17,0.22,0.25,0.33,0.35,0.42,0.00,0.00,0.00,0.07,0.09,0.11,0.00,0.00,0.00,0.05,0.09,0.11,440280,650456,1016849,479586,692911,1066643,0,655158725,1305514150,0,655159249,1305522012,0,395508,0,484.70,487.56,491.54
292,2,100,100,100,26821,26821,26821,70458,70458,70458,591,591,591,0.81,0.86,0.90,0.20,0.22,0.25,0.32,0.36,0.39,0.00,0.00,0.00,0.08,0.09,0.10,0.00,0.00,0.00,0.07,0.08,0.11,361653,468209,631588,398343,510662,686622,443196453,610804734,664767033,443199947,610803861,664759171,0,348802,0,489.46,492.51,495.33
292,3,99,99,100,26902,26902,26902,70378,70378,70378,591,591,591,0.81,0.88,0.99,0.18,0.20,0.23,0.33,0.38,0.44,0.00,0.00,0.00,0.06,0.09,0.12,0.00,0.00,0.00,0.04,0.08,0.12,348552,847985,1292846,380000,884136,1322681,110957582,557416935,849603988,184764201,560465101,827025269,0,438323,0,485.12,489.41,491.93
293,0,99,99,100,26403,26403,26403,70876,70876,70876,591,591,591,0.80,0.86,0.90,0.19,0.22,0.25,0.30,0.35,0.40,0.00,0.00,0.00,0.08,0.09,0.11,0.00,0.00,0.00,0.07,0.10,0.16,332823,626173,1304233,364271,697638,1399486,640685465,664977036,713884723,640683460,664978014,713889608,0,443949,0,483.85,487.83,491.78
293,1,100,100,100,26664,26664,26664,70615,70615,70615,591,591,591,0.82,0.87,0.90,0.19,0.21,0.24,0.30,0.36,0.40,0.00,0.00,0.00,0.07,0.09,0.11,0.00,0.00,0.00,0.06,0.09,0.11,455697,607404,854485,492681,673598,889434,35496664,588249389,870471158,142272310,588260486,870471158,0,442351,0,483.73,487.48,489.78
293,2,100,100,100,26821,26821,26821,70458,70458,70458,591,591,591,0.81,0.86,0.90,0.19,0.22,0.25,0.26,0.34,0.39,0.00,0.00,0.00,0.08,0.09,0.10,0.00,0.00,0.00,0.06,0.09,0.13,165096,576120,1346982,214887,644552,1396773,637981707,675361165,781724222,637973878,675362199,781724222,0,395006,0,490.93,493.30,499.53
293,3,99,99,100,26902,26902,26902,70378,70378,70378,591,591,591,0.81,0.85,0.90,0.19,0.22,0.26,0.25,0.34,0.40,0.00,0.00,0.00,0.07,0.09,0.11,0.00,0.00,0.00,0.06,0.10,0.16,332805,545626,736424,382595,619005,841253,640695157,675389547,766009721,640687295,675387974,766007100,0,395781,0,488.67,492.70,496.16
294,0,100,100,100,26403,26403,26403,70876,70876,70876,591,591,591,0.91,0.92,0.94,0.23,0.26,0.27,0.27,0.28,0.29,0.00,0.00,0.00,0.08,0.08,0.09,0.00,0.00,0.00,0.13,0.14,0.16,322239,575439,1210703,395594,638325,1236909,40324199,579816409,757049446,0,579817573,757052067,0,305531,0,494.46,504.35,513.84
294,1,100,100,100,26664,26664,26664,70615,70615,70615,591,591,591,0.91,0.92,0.94,0.25,0.26,0.27,0.27,0.27,0.28,0.00,0.00,0.00,0.08,0.08,0.08,0.00,0.00,0.00,0.13,0.15,0.16,31448,716475,1865860,104826,785135,1949719,0,579855057,757023204,0,579857154,757031066,0,307227,0,491.25,503.07,510.31
294,2,100,100,100,26821,26821,26821,70458,70458,70458,591,591,591,0.91,0.92,0.93,0.24,0.26,0.27,0.26,0.27,0.28,0.00,0.00,0.00,0.07,0.08,0.08,0.00,0.00,0.00,0.13,0.15,0.16,327605,486203,757284,406230,551718,838516,0,532618378,757054877,0,548367472,757041774,0,411887,0,496.45,505.59,512.23
294,3,100,100,100,26902,26902,26902,70378,70378,70378,591,591,591,0.91,0.92,0.94,0.23,0.26,0.27,0.27,0.27,0.29,0.00,0.00,0.00,0.07,0.08,0.09,0.00,0.00,0.00,0.13,0.15,0.16,332827,456512,754762,400965,519929,778348,0,579844664,756997379,0,579844664,757000000,0,413780,0,501.14,510.59,519.29
295,0,91,97,100,26403,26403,26403,70876,70876,70876,591,591,591,0.80,0.90,0.97,0.26,0.30,0.37,0.25,0.32,0.42,0.00,0.00,0.00,0.07,0.10,0.18,0.00,0.00,0.00,0.08,0.16,0.26,335443,452252,720619,385399,538159,773027,0,197715370,988576854,0,197715894,988579474,0,404347,0,505.87,509.50,514.86
295,1,84,94,100,26664,26664,26664,70615,70615,70615,591,591,591,0.65,0.87,0.95,0.26,0.29,0.34,0.25,0.30,0.34,0.00,0.00,0.00,0.05,0.09,0.15,0.00,0.00,0.00,0.11,0.17,0.22,461096,645181,1029949,476815,726946,1255333,0,197670166,723932195,0,197671556,708488078,0,387569,0,488.90,493.70,499.18
295,2,94,98,100,26821,26821,26821,70458,70458,70458,591,591,591,0.70,0.87,0.97,0.24,0.30,0.36,0.24,0.31,0.41,0.00,0.00,0.00,0.05,0.10,0.17,0.00,0.00,0.00,0.09,0.16,0.25,330198,428201,804487,359029,514155,1008885,0,197709037,988545186,0,174084309,870421545,0,400209,0,493.47,498.50,501.57
295,3,90,97,100,26902,26902,26902,70378,70378,70378,591,591,591,0.77,0.90,0.98,0.22,0.30,0.37,0.22,0.33,0.43,0.00,0.00,0.00,0.07,0.11,0.18,0.00,0.00,0.00,0.08,0.15,0.26,320560,579881,991174,365973,650400,1139085,0,197713365,988566825,0,197713889,988569445,0,409140,0,501.50,505.88,510.72
296,0,98,98,99,26403,26403,26403,70876,70876,70876,591,591,591,0.94,0.97,0.98,0.28,0.34,0.51,0.35,0.41,0.43,0.00,0.00,0.00,0.03,0.14,0.18,0.00,0.00,0.00,0.08,0.13,0.32,133641,572254,1202380,277764,643123,1273708,0,0,0,0,0,0,0,468946,0,508.51,513.36,516.40
296,1,98,99,100,26664,26664,26664,70615,70615,70615,591,591,591,0.91,0.96,0.98,0.29,0.34,0.50,0.33,0.40,0.42,0.00,0.00,0.00,0.03,0.14,0.17,0.00,0.00,0.00,0.09,0.14,0.33,115307,486911,760002,235856,568498,803680,0,524,2620,0,0,0,0,464404,0,497.37,506.76,517.97
296,2,99,99,100,26821,26821,26821,70458,70458,70458,591,591,591,0.76,0.93,0.98,0.28,0.33,0.41,0.27,0.39,0.43,0.00,0.00,0.00,0.02,0.14,0.18,0.00,0.00,0.00,0.08,0.14,0.28,144131,613131,1425413,186060,704232,1469957,0,0,0,0,513,2566,0,404330,0,510.81,517.77,524.03
296,3,98,99,100,26902,26902,26902,70378,70378,70378,591,591,591,0.85,0.95,0.98,0.31,0.35,0.46,0.31,0.39,0.42,0.00,0.00,0.00,0.03,0.13,0.17,0.00,0.00,0.00,0.09,0.15,0.30,338073,430836,592280,385246,525177,636832,0,0,0,0,0,0,0,409568,0,514.39,521.43,526.24
297,0,100,100,100,26403,26403,26403,70876,70876,70876,591,591,591,0.81,0.87,0.93,0.19,0.27,0.45,0.33,0.37,0.40,0.00,0.00,0.00,0.05,0.08,0.10,0.00,0.00,0.00,0.06,0.14,0.30,332830,475899,665782,372140,543035,820792,0,350565688,761583438,0,350566344,761586059,0,391594,0,499.80,508.37,517.56
297,1,99,99,100,26664,26664,26664,70615,70615,70615,591,591,591,0.81,0.89,0.97,0.17,0.27,0.42,0.33,0.38,0.41,0.00,0.00,0.00,0.07,0.09,0.11,0.00,0.00,0.00,0.05,0.13,0.28,463834,1018106,1965518,497901,1071174,2065104,0,350561951,761535385,0,350561951,761530144,0,382545,0,491.63,503.93,515.93
297,2,99,99,100,26821,26821,26821,70458,70458,70458,591,591,591,0.81,0.90,0.97,0.18,0.26,0.42,0.33,0.38,0.43,0.00,0.00,0.00,0.07,0.09,0.11,0.00,0.00,0.00,0.05,0.13,0.30,327596,451889,783535,377378,490764,814981,0,350559933,761525881,0,350563914,640719095,0,387857,0,492.10,503.54,516.90
297,3,100,100,100,26902,26902,26902,70378,70378,70378,591,591,591,0.81,0.90,0.98,0.19,0.24,0.36,0.33,0.38,0.41,0.00,0.00,0.00,0.08,0.09,0.10,0.00,0.00,0.00,0.07,0.11,0.23,335457,460583,597514,364285,497928,631583,0,350559574,761547809,0,350556953,761547809,0,296149,0,496.53,504.71,515.16
298,0,99,99,100,26403,26403,26403,70876,70876,70876,591,591,591,0.81,0.86,0.90,0.16,0.22,0.24,0.32,0.36,0.41,0.00,0.00,0.00,0.07,0.09,0.10,0.00,0.00,0.00,0.04,0.09,0.11,332828,536716,922488,366893,576026,972282,640687003,655153973,664802685,640683094,655151352,664805237,0,392388,0,485.56,489.72,494.70
298,1,99,99,100,26664,26664,26664,70615,70615,70615,591,591,591,0.81,0.85,0.90,0.19,0.22,0.25,0.33,0.36,0.40,0.00,0.00,0.00,0.08,0.09,0.11,0.00,0.00,0.00,0.06,0.09,0.11,445512,673502,1126877,495305,715957,1158324,640687325,655141849,664791132,640692566,655142373,664782351,0,389353,0,479.98,484.49,488.82
298,2,99,99,100,26821,26821,26821,70458,70458,70458,591,591,591,0.81,0.86,0.90,0.17,0.22,0.24,0.32,0.36,0.40,0.00,0.00,0.00,0.07,0.09,0.10,0.00,0.00,0.00,0.05,0.08,0.10,319725,465427,634203,332829,505960,669145,0,696251521,1305492035,110803263,696250911,1194689215,0,388322,0,479.21,486.01,495.31
298,3,100,100,100,26902,26902,26902,70378,70378,70378,591,591,591,0.81,0.86,0.90,0.16,0.22,0.25,0.32,0.36,0.41,0.00,0.00,0.00,0.07,0.09,0.10,0.00,0.00,0.00,0.05,0.08,0.11,216560,648147,1472837,251489,689723,1488561,0,696153482,1305502247,0,696155578,1305510109,0,437467,0,486.68,491.01,498.14
299,0,100,100,100,26403,26403,26403,70876,70876,70876,591,591,591,0.81,0.85,0.89,0.19,0.22,0.25,0.32,0.36,0.39,0.00,0.00,0.00,0.07,0.09,0.10,0.00,0.00,0.00,0.07,0.08,0.11,5241,408117,880505,49793,448301,911952,35639512,696260711,1305508647,0,696263086,1305503406,0,431513,0,479.68,488.39,496.90
299,1,100,100,100,26664,26664,26664,70615,70615,70615,591,591,591,0.81,0.86,0.90,0.20,0.22,0.25,0.32,0.36,0.39,0.00,0.00,0.00,0.07,0.09,0.10,0.00,0.00,0.00,0.07,0.08,0.11,447264,528678,636829,482206,567639,686622,640665205,696260618,870325348,640657344,696258172,870323601,0,438871,0,488.30,491.01,496.19
299,2,99,99,100,26821,26821,26821,70458,70458,70458,591,591,591,0.80,0.85,0.92,0.16,0.22,0.25,0.32,0.35,0.42,0.00,0.00,0.00,0.07,0.09,0.11,0.00,0.00,0.00,0.04,0.09,0.11,26206,441304,1197652,75999,485853,1250066,0,655116721,1305485771,0,655117245,1305480529,0,342408,0,483.22,487.67,492.35
299,3,100,100,100,26902,26902,26902,70378,70378,70378,591,591,591,0.80,0.84,0.90,0.20,0.22,0.25,0.33,0.35,0.40,0.00,0.00,0.00,0.08,0.09,0.10,0.00,0.00,0.00,0.07,0.09,0.11,328699,436969,581787,379474,479431,631580,640706123,655140148,664822510,640700882,655139624,664835614,0,392221,0,484.16,490.10,495.96
300,0,100,100,100,26403,26403,26403,70876,70876,70876,591,591,591,0.81,0.88,0.99,0.16,0.20,0.24,0.33,0.38,0.45,0.00,0.00,0.00,0.07,0.10,0.12,0.00,0.00,0.00,0.04,0.07,0.11,332814,659236,1827783,364261,715253,1845804,0,524947457,1331965239,0,524937011,1331970586,0,294651,0,476.55,482.93,487.75
300,1,100,100,100,26664,26664,26664,70615,70615,70615,591,591,591,0.80,0.86,0.90,0.18,0.21,0.25,0.32,0.36,0.40,0.00,0.00,0.00,0.07,0.09,0.11,0.00,0.00,0.00,0.05,0.08,0.11,461239,820732,1894435,495308,884151,1928498,0,522192186,1305492662,0,522189812,1305484800,0,291407,0,484.87,489.28,495.05
300,2,99,99,100,26821,26821,26821,70458,70458,70458,591,591,591,0.81,0.86,0.97,0.18,0.21,0.24,0.32,0.35,0.44,0.00,0.00,0.00,0.06,0.09,0.12,0.00,0.00,0.00,0.05,0.08,0.10,315901,398916,605370,392198,461351,636818,0,515509238,1285344668,0,541565086,1285342088,0,395231,0,485.54,491.31,496.95
300,3,99,99,100,26902,26902,26902,70378,70378,70378,591,591,591,0.80,0.85,0.90,0.16,0.21,0.24,0.32,0.35,0.41,0.00,0.00,0.00,0.07,0.09,0.10,0.00,0.00,0.00,0.05,0.09,0.11,330196,374755,539862,345919,440796,684000,110948561,675393556,1194556077,72637934,675395484,1232873723,0,398035,0,484.87,486.95,488.66
301,0,100,100,100,26403,26403,26403,70876,70876,70876,591,591,591,0.83,0.90,0.94,0.23,0.26,0.27,0.24,0.27,0.29,0.00,0.00,0.00,0.07,0.08,0.09,0.00,0.00,0.00,0.13,0.15,0.16,317081,636317,1609193,390455,713889,1706164,40337832,591325639,766036461,0,591325569,766039081,0,411587,0,496.79,504.67,514.64
301,1,100,100,100,26664,26664,26664,70615,70615,70615,591,591,591,0.92,0.93,0.94,0.24,0.26,0.27,0.26,0.27,0.28,0.00,0.00,0.00,0.08,0.08,0.09,0.00,0.00,0.00,0.13,0.15,0.16,503183,811292,1805347,584426,885192,1865613,39280063,599171631,765999088,0,591317190,766009571,0,407512,0,494.71,503.42,510.37
301,2,100,100,100,26821,26821,26821,70458,70458,70458,591,591,591,0.91,0.92,0.93,0.25,0.26,0.27,0.26,0.27,0.28,0.00,0.00,0.00,0.08,0.08,0.08,0.00,0.00,0.00,0.14,0.15,0.16,324961,537227,796696,398339,605887,870076,472492745,685805479,766013050,472494492,660273283,757048027,0,403689,0,499.92,505.45,511.36
301,3,100,100,100,26902,26902,26902,70378,70378,70378,591,591,591,0.91,0.92,0.94,0.25,0.26,0.27,0.27,0.28,0.29,0.00,0.00,0.00,0.08,0.08,0.09,0.00,0.00,0.00,0.14,0.14,0.16,327542,395145,631379,382569,463800,704734,118254636,579798161,756805998,45768210,579793751,756805998,0,464714,0,496.93,508.25,519.01
302,0,97,99,100,26403,26403,26403,70876,70876,70876,591,591,591,0.72,0.88,0.95,0.24,0.29,0.35,0.19,0.28,0.39,0.00,0.00,0.00,0.06,0.09,0.13,0.00,0.00,0.00,0.13,0.17,0.23,23586,557496,1378485,112689,639084,1402071,0,0,0,0,0,0,0,440929,0,493.38,501.09,516.11
302,1,81,92,100,26664,26664,26664,70615,70615,70615,591,591,591,0.64,0.87,0.95,0.22,0.29,0.34,0.18,0.28,0.36,0.00,0.00,0.00,0.05,0.09,0.13,0.00,0.00,0.00,0.13,0.18,0.31,484334,1065399,1822467,521796,1155668,1845569,0,0,0,0,0,0,0,439547,0,488.57,494.94,510.38
302,2,91,97,100,26821,26821,26821,70458,70458,70458,591,591,591,0.63,0.85,0.95,0.23,0.29,0.34,0.24,0.28,0.36,0.00,0.00,0.00,0.05,0.09,0.14,0.00,0.00,0.00,0.12,0.17,0.22,49793,528306,922427,290899,622126,943391,0,0,0,0,0,0,0,441783,0,484.78,490.69,496.39
302,3,83,96,100,26902,26902,26902,70378,70378,70378,591,591,591,0.70,0.88,0.96,0.26,0.29,0.33,0.25,0.29,0.36,0.00,0.00,0.00,0.05,0.09,0.15,0.00,0.00,0.00,0.10,0.16,0.21,321270,595553,1373213,331551,674611,1522589,0,0,0,0,0,0,0,407735,0,499.93,505.24,516.64
303,0,99,99,100,26403,26403,26403,70876,70876,70876,591,591,591,0.97,0.98,0.98,0.28,0.31,0.36,0.40,0.41,0.43,0.00,0.00,0.00,0.13,0.16,0.18,0.00,0.00,0.00,0.08,0.10,0.16,356311,548107,837874,406090,623449,887008,0,0,0,0,0,0,0,418025,0,493.21,510.06,525.41
303,1,98,99,100,26664,26664,26664,70615,70615,70615,591,591,591,0.95,0.97,0.98,0.28,0.32,0.43,0.38,0.41,0.42,0.00,0.00,0.00,0.08,0.15,0.18,0.00,0.00,0.00,0.08,0.12,0.24,458595,710729,1121652,503168,773625,1247445,0,0,0,0,0,0,0,413434,0,488.12,504.71,510.95
303,2,99,99,100,26821,26821,26821,70458,70458,70458,591,591,591,0.95,0.97,0.98,0.28,0.32,0.42,0.40,0.41,0.43,0.00,0.00,0.00,0.08,0.15,0.18,0.00,0.00,0.00,0.07,0.12,0.24,324948,458557,941864,373948,531916,996623,0,0,0,0,0,0,0,418505,0,507.39,517.57,521.75
303,3,98,99,100,26902,26902,26902,70378,70378,70378,591,591,591,0.95,0.97,0.98,0.28,0.33,0.42,0.39,0.41,0.43,0.00,0.00,0.00,0.07,0.15,0.18,0.00,0.00,0.00,0.08,0.12,0.25,335451,554001,783581,382624,625804,830753,0,0,0,0,0,0,0,420846,0,511.93,520.64,526.56
304,0,95,98,100,26403,26403,26403,70876,70876,70876,591,591,591,0.82,0.90,0.98,0.20,0.32,0.49,0.33,0.37,0.41,0.00,0.00,0.00,0.03,0.07,0.09,0.00,0.00,0.00,0.07,0.18,0.33,322333,537849,1137340,372125,604000,1168787,0,199298605,761554265,0,190388565,761551644,0,403973,0,516.16,520.22,525.31
304,1,96,99,100,26664,26664,26664,70615,70615,70615,591,591,591,0.80,0.87,0.90,0.19,0.27,0.44,0.33,0.36,0.40,0.00,0.00,0.00,0.04,0.08,0.10,0.00,0.00,0.00,0.06,0.14,0.31,453387,549675,657750,497939,617810,820222,0,350567834,761593733,0,350567834,761596354,0,397366,0,500.78,509.15,516.43
304,2,94,98,100,26821,26821,26821,70458,70458,70458,591,591,591,0.79,0.85,0.98,0.22,0.30,0.42,0.27,0.34,0.42,0.00,0.00,0.00,0.02,0.07,0.10,0.00,0.00,0.00,0.08,0.16,0.29,332828,461897,830761,366899,528070,864830,0,350570773,761587645,0,350568808,761579783,0,401376,0,506.21,512.44,517.28
304,3,94,98,100,26902,26902,26902,70378,70378,70378,591,591,591,0.80,0.86,0.99,0.22,0.29,0.44,0.32,0.35,0.42,0.00,0.00,0.00,0.02,0.08,0.11,0.00,0.00,0.00,0.09,0.15,0.31,322347,359013,424531,364292,431073,505677,0,350562009,761585937,0,350562009,761593799,0,290386,0,500.77,513.80,523.21
305,0,99,99,100,26403,26403,26403,70876,70876,70876,591,591,591,0.81,0.84,0.90,0.17,0.22,0.25,0.32,0.36,0.41,0.00,0.00,0.00,0.07,0.09,0.10,0.00,0.00,0.00,0.05,0.08,0.11,343293,576412,995189,393083,613839,1046050,0,683968496,1305465286,0,691097611,1305467907,0,337824,0,480.91,490.95,498.84
305,1,100,100,100,26664,26664,26664,70615,70615,70615,591,591,591,0.81,0.84,0.90,0.16,0.22,0.24,0.32,0.35,0.41,0.00,0.00,0.00,0.06,0.09,0.10,0.00,0.00,0.00,0.05,0.09,0.11,0,524665,867432,31445,563452,880535,640684089,655150732,664809954,640678848,655151256,664809954,0,338966,0,483.69,485.53,488.63
305,2,100,100,100,26821,26821,26821,70458,70458,70458,591,591,591,0.82,0.86,0.93,0.16,0.21,0.25,0.32,0.36,0.42,0.00,0.00,0.00,0.08,0.09,0.11,0.00,0.00,0.00,0.04,0.08,0.11,133654,602926,1365383,183447,644332,1412555,0,568112613,870320801,0,568114011,870322548,0,341598,0,492.27,495.17,498.34
305,3,99,99,100,26902,26902,26902,70378,70378,70378,591,591,591,0.80,0.86,0.90,0.19,0.22,0.25,0.32,0.36,0.40,0.00,0.00,0.00,0.08,0.09,0.11,0.00,0.00,0.00,0.06,0.08,0.11,219391,729974,1905239,253941,771477,1955032,461710128,614538327,664812719,438209333,609839216,664815340,0,393872,0,487.72,490.70,495.10
306,0,99,99,100,26403,26403,26403,70876,70876,70876,591,591,591,0.80,0.86,0.91,0.18,0.21,0.25,0.33,0.37,0.41,0.00,0.00,0.00,0.08,0.10,0.11,0.00,0.00,0.00,0.05,0.08,0.12,332808,848352,1942648,364254,886814,1970328,615192881,650964009,693482640,615192881,650965102,693488108,0,388307,0,485.78,487.70,492.50
306,1,99,99,100,26664,26664,26664,70615,70615,70615,591,591,591,0.81,0.88,0.98,0.16,0.20,0.24,0.33,0.38,0.45,0.00,0.00,0.00,0.07,0.10,0.12,0.00,0.00,0.00,0.04,0.07,0.10,458617,706535,1103299,487445,744273,1134747,640691307,650336411,664803817,640683913,650332218,664793334,0,388435,0,481.53,484.78,486.00
306,2,100,100,100,26821,26821,26821,70458,70458,70458,591,591,591,0.81,0.86,0.90,0.16,0.21,0.25,0.32,0.36,0.40,0.00,0.00,0.00,0.07,0.09,0.10,0.00,0.00,0.00,0.05,0.08,0.11,319721,479211,848014,347558,516341,899409,614080496,645008703,664786673,614090543,645009716,664786673,0,393009,0,485.49,491.73,498.38
306,3,100,100,100,26902,26902,26902,70378,70378,70378,591,591,591,0.81,0.86,0.91,0.17,0.21,0.25,0.33,0.37,0.41,0.00,0.00,0.00,0.07,0.09,0.11,0.00,0.00,0.00,0.05,0.08,0.11,310546,456738,953775,340358,495035,987046,573576864,644588551,703326257,607371774,651348118,703331802,0,392122,0,484.88,492.01,496.99
307,0,100,100,100,26403,26403,26403,70876,70876,70876,591,591,591,0.80,0.84,0.90,0.19,0.22,0.25,0.32,0.35,0.40,0.00,0.00,0.00,0.08,0.09,0.10,0.00,0.00,0.00,0.06,0.09,0.11,327583,496881,922477,359032,558729,972270,640682171,655152540,664794535,640687413,655153064,664801546,0,440829,0,488.12,490.71,493.84
307,1,99,99,100,26664,26664,26664,70615,70615,70615,591,591,591,0.80,0.85,0.91,0.16,0.21,0.25,0.32,0.36,0.42,0.00,0.00,0.00,0.07,0.09,0.11,0.00,0.00,0.00,0.04,0.08,0.11,455993,502289,616656,516317,565010,655088,0,610834620,1305476332,0,610835493,1305484194,0,393046,0,489.38,491.44,493.65
307,2,100,100,100,26821,26821,26821,70458,70458,70458,591,591,591,0.81,0.87,0.95,0.16,0.22,0.25,0.32,0.36,0.43,0.00,0.00,0.00,0.06,0.09,0.11,0.00,0.00,0.00,0.04,0.09,0.11,327593,415117,728564,361660,477490,778358,640704586,655152936,664810417,640696724,655152412,664818279,0,392357,0,482.10,485.00,488.00
307,3,99,99,100,26902,26902,26902,70378,70378,70378,591,591,591,0.81,0.86,0.90,0.19,0.21,0.25,0.33,0.37,0.40,0.00,0.00,0.00,0.08,0.09,0.11,0.00,0.00,0.00,0.06,0.08,0.11,359005,518896,736432,414066,577073,765261,640691980,655149960,664818142,640691980,655147864,664812901,0,436784,0,485.75,490.84,496.24
308,0,100,100,100,26403,26403,26403,70876,70876,70876,591,591,591,0.86,0.91,0.94,0.20,0.25,0.27,0.28,0.29,0.33,0.00,0.00,0.00,0.07,0.08,0.09,0.00,0.00,0.00,0.09,0.13,0.15,246938,573447,1260128,322919,643675,1325623,0,541843836,765741601,0,541844002,765736361,0,408624,0,495.73,502.55,510.38
308,1,100,100,100,26664,26664,26664,70615,70615,70615,591,591,591,0.90,0.92,0.94,0.26,0.26,0.27,0.27,0.27,0.28,0.00,0.00,0.00,0.08,0.08,0.09,0.00,0.00,0.00,0.13,0.15,0.16,0,639305,1332852,76002,717799,1413395,116451069,593621972,765936483,0,595338060,765939103,0,410089,0,494.15,501.18,515.32
308,2,100,100,100,26821,26821,26821,70458,70458,70458,591,591,591,0.88,0.91,0.94,0.24,0.26,0.27,0.26,0.27,0.28,0.00,0.00,0.00,0.07,0.08,0.08,0.00,0.00,0.00,0.13,0.15,0.16,0,539741,1156035,73337,612416,1237298,0,540212317,757239666,118126901,563835253,757250151,0,465908,0,496.42,505.10,515.01
308,3,100,100,100,26902,26902,26902,70378,70378,70378,591,591,591,0.85,0.90,0.92,0.24,0.26,0.27,0.26,0.27,0.28,0.00,0.00,0.00,0.07,0.08,0.08,0.00,0.00,0.00,0.13,0.15,0.16,289803,677959,1548771,350179,752926,1624768,0,635023730,943633796,0,635024945,943637246,0,413781,0,491.08,503.54,515.98
309,0,92,98,100,26403,26403,26403,70876,70876,70876,591,591,591,0.81,0.89,0.96,0.25,0.30,0.37,0.25,0.29,0.42,0.00,0.00,0.00,0.07,0.08,0.11,0.00,0.00,0.00,0.15,0.18,0.25,372136,504728,739649,421929,581986,765243,0,340973113,1012740212,0,340971552,1012737528,0,393004,0,496.42,506.15,515.18
309,1,86,96,100,26664,26664,26664,70615,70615,70615,591,591,591,0.76,0.88,0.94,0.25,0.30,0.37,0.24,0.29,0.41,0.00,0.00,0.00,0.06,0.08,0.10,0.00,0.00,0.00,0.14,0.18,0.26,461242,610614,1108525,487449,685040,1333899,0,339458353,988540621,0,339459402,988548483,0,390955,0,495.57,504.07,512.83
309,2,92,98,100,26821,26821,26821,70458,70458,70458,591,591,591,0.71,0.87,0.94,0.25,0.29,0.37,0.23,0.28,0.41,0.00,0.00,0.00,0.05,0.08,0.12,0.00,0.00,0.00,0.13,0.17,0.25,330207,452852,778119,343311,525067,826912,0,339447558,988520090,0,315823024,988514849,0,391271,0,493.90,501.00,512.34
309,3,90,98,100,26902,26902,26902,70378,70378,70378,591,591,591,0.79,0.88,0.96,0.26,0.29,0.33,0.25,0.30,0.34,0.00,0.00,0.00,0.06,0.09,0.13,0.00,0.00,0.00,0.13,0.17,0.22,330212,515161,825518,411191,588817,846483,0,195120667,686404718,0,195120600,686409795,0,403438,0,504.23,509.31,517.02
310,0,28,81,99,26403,26403,26403,70876,70876,70876,591,591,591,0.35,0.85,0.98,0.12,0.25,0.31,0.15,0.34,0.43,0.00,0.00,0.00,0.06,0.14,0.18,0.00,0.00,0.00,0.04,0.08,0.10,319728,393100,581787,361660,433720,607994,0,0,0,0,0,0,0,422872,0,473.64,489.32,505.55
310,1,99,99,99,26664,26664,26664,70615,70615,70615,591,591,591,0.97,0.98,0.98,0.28,0.29,0.31,0.41,0.42,0.43,0.00,0.00,0.00,0.17,0.17,0.18,0.00,0.00,0.00,0.08,0.08,0.10,458619,568236,852580,500550,611913,896257,0,0,0,0,0,0,0,406575,0,492.99,501.65,506.12
310,2,99,99,99,26821,26821,26821,70458,70458,70458,591,591,591,0.97,0.98,0.98,0.28,0.30,0.31,0.41,0.42,0.43,0.00,0.00,0.00,0.17,0.17,0.18,0.00,0.00,0.00,0.08,0.09,0.09,327590,402920,610578,369522,448781,660367,0,0,0,0,0,0,0,414507,0,499.14,511.59,519.95
310,3,98,98,99,26902,26902,26902,70378,70378,70378,591,591,591,0.97,0.98,0.98,0.28,0.30,0.31,0.41,0.41,0.42,0.00,0.00,0.00,0.17,0.17,0.18,0.00,0.00,0.00,0.08,0.09,0.10,330198,405550,621088,377369,452723,663018,0,0,0,0,0,0,0,314267,0,510.49,518.26,524.22
311,0,94,98,100,26403,26403,26403,70876,70876,70876,591,591,591,0.81,0.91,0.98,0.22,0.34,0.50,0.31,0.38,0.43,0.00,0.00,0.00,0.03,0.10,0.18,0.00,0.00,0.00,0.08,0.18,0.32,340693,713870,1221180,387866,804544,1407239,0,152317345,761584106,0,152316821,761581486,0,397715,0,475.38,486.97,509.44
311,1,96,98,100,26664,26664,26664,70615,70615,70615,591,591,591,0.38,0.79,0.96,0.18,0.28,0.41,0.13,0.32,0.40,0.00,0.00,0.00,0.01,0.07,0.10,0.00,0.00,0.00,0.05,0.16,0.30,469071,827919,1644150,518936,912027,1656837,0,149383095,746915477,0,149383105,746912907,0,295201,0,469.12,480.51,512.86
311,2,99,99,100,26821,26821,26821,70458,70458,70458,591,591,591,0.56,0.81,0.97,0.19,0.28,0.39,0.21,0.33,0.40,0.00,0.00,0.00,0.02,0.08,0.14,0.00,0.00,0.00,0.06,0.15,0.26,256726,465376,752122,345794,543452,783570,0,152309756,761548780,0,152309231,761546159,0,301720,0,453.65,477.49,520.18
311,3,97,99,100,26902,26902,26902,70378,70378,70378,591,591,591,0.55,0.79,0.98,0.18,0.28,0.36,0.21,0.33,0.44,0.00,0.00,0.00,0.01,0.07,0.13,0.00,0.00,0.00,0.04,0.15,0.22,348497,881985,1543518,529297,964387,1658823,0,139015901,612783166,0,133636937,531119577,0,355579,0,463.76,483.72,524.61
312,0,100,100,100,26403,26403,26403,70876,70876,70876,591,591,591,0.81,0.85,0.94,0.18,0.21,0.25,0.33,0.37,0.42,0.00,0.00,0.00,0.09,0.09,0.11,0.00,0.00,0.00,0.05,0.08,0.11,231976,430914,770814,278717,470756,801545,0,561948865,862373829,0,561948546,862377291,0,285762,0,487.07,494.21,506.52
312,1,100,100,100,26664,26664,26664,70615,70615,70615,591,591,591,0.80,0.86,0.91,0.16,0.21,0.24,0.32,0.36,0.41,0.00,0.00,0.00,0.07,0.09,0.11,0.00,0.00,0.00,0.04,0.08,0.11,457019,658681,1168838,489984,698352,1218632,427127805,610140950,664799396,427131299,610140077,664799396,0,391387,0,457.98,484.66,495.79
312,2,100,100,100,26821,26821,26821,70458,70458,70458,591,591,591,0.81,0.85,0.90,0.20,0.22,0.25,0.32,0.35,0.39,0.00,0.00,0.00,0.08,0.09,0.10,0.00,0.00,0.00,0.07,0.09,0.11,330207,501310,864833,380000,544092,896281,628022194,647799781,664805344,628022194,647801354,664805344,0,390354,0,448.73,483.89,501.94
312,3,100,100,100,26902,26902,26902,70378,70378,70378,591,591,591,0.81,0.84,0.92,0.17,0.22,0.25,0.33,0.36,0.42,0.00,0.00,0.00,0.07,0.09,0.11,0.00,0.00,0.00,0.05,0.09,0.11,369481,487132,662111,400926,532701,713881,605049819,651153645,728246683,616998156,650869737,691192945,0,390198,0,456.68,480.91,491.69
313,0,100,100,100,26403,26403,26403,70876,70876,70876,591,591,591,0.80,0.86,0.90,0.19,0.21,0.25,0.33,0.37,0.39,0.00,0.00,0.00,0.08,0.09,0.11,0.00,0.00,0.00,0.06,0.08,0.11,356413,507891,712834,398349,547725,746904,640682742,655157039,664807683,640687984,655155991,664802510,0,391274,0,488.88,490.80,492.80
313,1,99,99,100,26664,26664,26664,70615,70615,70615,591,591,591,0.80,0.85,0.90,0.19,0.22,0.25,0.32,0.35,0.40,0.00,0.00,0.00,0.08,0.09,0.10,0.00,0.00,0.00,0.07,0.09,0.11,474322,793541,1333941,524113,836519,1370631,35494816,783283509,1305492150,0,783284051,1305492150,0,396258,0,486.58,488.84,493.61
313,2,100,100,100,26821,26821,26821,70458,70458,70458,591,591,591,0.81,0.85,0.90,0.18,0.22,0.25,0.32,0.35,0.39,0.00,0.00,0.00,0.07,0.08,0.10,0.00,0.00,0.00,0.06,0.09,0.11,324966,452943,620020,374759,497205,633617,640636382,655288829,664831048,640628520,655290324,664844152,0,390173,0,485.97,491.60,494.22
313,3,99,99,100,26902,26902,26902,70378,70378,70378,591,591,591,0.80,0.84,0.90,0.19,0.22,0.25,0.33,0.35,0.40,0.00,0.00,0.00,0.08,0.09,0.11,0.00,0.00,0.00,0.06,0.09,0.11,319725,646266,1745415,351174,689770,1797830,640693547,655153285,664811868,640693547,655153285,664814489,0,442606,0,488.17,491.40,494.06
314,0,100,100,100,26403,26403,26403,70876,70876,70876,591,591,591,0.80,0.86,0.91,0.16,0.21,0.25,0.32,0.37,0.41,0.00,0.00,0.00,0.07,0.09,0.11,0.00,0.00,0.00,0.04,0.08,0.11,359042,624227,1386302,390491,661963,1436094,110638495,650301778,1194685254,0,650300112,1305312799,0,392541,0,483.00,486.10,488.96
314,1,100,100,100,26664,26664,26664,70615,70615,70615,591,591,591,0.80,0.84,0.90,0.17,0.22,0.25,0.32,0.35,0.41,0.00,0.00,0.00,0.07,0.09,0.10,0.00,0.00,0.00,0.05,0.09,0.11,183446,848839,1934109,196549,893111,1986524,0,527302874,1294884892,0,549041969,1294890091,0,400538,0,489.06,494.61,497.85
314,2,100,100,100,26821,26821,26821,70458,70458,70458,591,591,591,0.81,0.88,0.98,0.16,0.21,0.25,0.32,0.37,0.43,0.00,0.00,0.00,0.06,0.09,0.12,0.00,0.00,0.00,0.04,0.08,0.11,324954,552439,956550,356402,590177,1008964,640653025,650331743,664823604,640642543,650329122,664823604,0,438984,0,486.96,488.47,491.26
314,3,99,99,100,26902,26902,26902,70378,70378,70378,591,591,591,0.81,0.86,0.90,0.16,0.21,0.25,0.32,0.37,0.41,0.00,0.00,0.00,0.07,0.09,0.10,0.00,0.00,0.00,0.05,0.08,0.11,335453,531984,807177,379987,567100,838625,640682332,650308704,664775714,640682332,650308180,664778335,0,389756,0,481.61,488.54,492.94
315,0,100,100,100,26403,26403,26403,70876,70876,70876,591,591,591,0.80,0.89,0.94,0.20,0.24,0.26,0.27,0.30,0.33,0.00,0.00,0.00,0.07,0.08,0.09,0.00,0.00,0.00,0.09,0.12,0.14,332785,452688,778232,395673,540478,851601,117981893,534838272,765909527,0,576942921,765909527,0,405121,0,489.59,494.62,500.29
315,1,100,100,100,26664,26664,26664,70615,70615,70615,591,591,591,0.90,0.92,0.92,0.16,0.24,0.27,0.27,0.30,0.41,0.00,0.00,0.00,0.08,0.09,0.11,0.00,0.00,0.00,0.04,0.13,0.16,446263,692675,1370581,532001,785656,1449199,640327056,717987591,765883980,527339482,689741352,765886600,0,407015,0,501.06,503.03,506.11
315,2,100,100,100,26821,26821,26821,70458,70458,70458,591,591,591,0.81,0.88,0.92,0.21,0.25,0.27,0.26,0.29,0.34,0.00,0.00,0.00,0.07,0.08,0.09,0.00,0.00,0.00,0.10,0.14,0.16,322348,457968,835998,393108,551004,906757,664790175,724148421,766010504,664787555,724149731,766015745,0,410585,0,487.82,494.18,499.94
315,3,100,100,100,26902,26902,26902,70378,70378,70378,591,591,591,0.86,0.90,0.92,0.22,0.25,0.27,0.27,0.29,0.35,0.00,0.00,0.00,0.07,0.08,0.09,0.00,0.00,0.00,0.09,0.14,0.16,217702,399343,648212,344840,487384,716302,526740072,658683216,756638509,441804861,668231800,756635890,0,308933,0,487.96,495.34,504.04
316,0,92,98,100,26403,26403,26403,70876,70876,70876,591,591,591,0.79,0.87,0.92,0.25,0.28,0.32,0.27,0.30,0.34,0.00,0.00,0.00,0.07,0.07,0.08,0.00,0.00,0.00,0.14,0.17,0.21,327699,426088,623575,397367,527545,689077,0,491695645,745379739,0,484360126,724680374,0,400449,0,501.20,508.18,514.74
316,1,85,97,100,26664,26664,26664,70615,70615,70615,591,591,591,0.67,0.86,0.94,0.24,0.28,0.32,0.26,0.29,0.35,0.00,0.00,0.00,0.05,0.07,0.08,0.00,0.00,0.00,0.13,0.17,0.21,466650,733542,1168643,482379,826135,1252492,0,436054867,708964783,0,436055740,708964783,0,393288,0,495.72,504.95,510.87
316,2,100,100,100,26821,26821,26821,70458,70458,70458,591,591,591,0.78,0.89,0.95,0.24,0.28,0.37,0.25,0.30,0.42,0.00,0.00,0.00,0.06,0.07,0.08,0.00,0.00,0.00,0.14,0.17,0.26,223622,362367,592448,283021,420019,658843,0,414792870,708596201,0,414792494,708590960,0,389905,0,493.17,504.56,512.01
316,3,90,98,100,26902,26902,26902,70378,70378,70378,591,591,591,0.78,0.87,0.94,0.26,0.28,0.33,0.27,0.30,0.36,0.00,0.00,0.00,0.06,0.07,0.09,0.00,0.00,0.00,0.14,0.17,0.23,387931,729538,1519950,416719,801864,1653601,0,484384156,870148026,0,484376828,988373207,0,448901,0,499.45,509.97,517.22
317,0,99,99,100,26403,26403,26403,70876,70876,70876,591,591,591,0.95,0.97,0.98,0.28,0.30,0.31,0.25,0.36,0.43,0.00,0.00,0.00,0.11,0.15,0.18,0.00,0.00,0.00,0.08,0.11,0.16,28826,317097,568670,78619,364793,636805,0,0,0,0,0,0,0,462793,0,496.36,501.44,509.27
317,1,98,99,100,26664,26664,26664,70615,70615,70615,591,591,591,0.95,0.97,0.98,0.27,0.30,0.31,0.25,0.37,0.43,0.00,0.00,0.00,0.11,0.15,0.18,0.00,0.00,0.00,0.08,0.11,0.17,13103,814712,2067710,57655,852415,2107020,0,0,0,0,0,0,0,306380,0,497.05,505.22,515.45
317,2,84,96,99,26821,26821,26821,70458,70458,70458,591,591,591,0.88,0.95,0.98,0.28,0.30,0.32,0.24,0.35,0.43,0.00,0.00,0.00,0.10,0.15,0.18,0.00,0.00,0.00,0.08,0.11,0.17,314495,430833,752116,361669,507878,796666,0,0,0,0,0,0,0,367667,0,493.04,511.25,525.24
317,3,98,99,100,26902,26902,26902,70378,70378,70378,591,591,591,0.94,0.96,0.98,0.28,0.30,0.31,0.25,0.36,0.43,0.00,0.00,0.00,0.11,0.15,0.18,0.00,0.00,0.00,0.08,0.11,0.15,330206,387310,574080,372137,448088,597672,0,0,0,0,0,0,0,420034,0,497.44,507.94,524.06
318,0,98,99,100,26403,26403,26403,70876,70876,70876,591,591,591,0.01,0.60,0.98,0.00,0.24,0.36,0.00,0.24,0.43,0.00,0.00,0.00,0.00,0.07,0.18,0.00,0.00,0.00,0.00,0.13,0.23,364260,740077,1352277,469157,820265,1391587,0,0,0,0,524,2620,0,177365,0,389.70,461.05,516.84
318,1,0,58,100,26664,26664,26664,70615,70615,70615,591,591,591,0.00,0.58,0.95,0.00,0.24,0.46,0.00,0.23,0.38,0.00,0.00,0.00,0.00,0.06,0.13,0.00,0.00,0.00,0.00,0.14,0.33,452840,600138,864847,493545,681207,888434,0,0,0,0,0,0,0,295779,0,381.22,414.57,495.95
318,2,0,63,100,26821,26821,26821,70458,70458,70458,591,591,591,0.14,0.56,0.98,0.05,0.22,0.43,0.06,0.22,0.41,0.00,0.00,0.00,0.01,0.07,0.17,0.00,0.00,0.00,0.02,0.11,0.25,306561,532529,825557,403556,613767,998531,0,0,0,0,0,0,0,292817,0,374.33,411.82,478.51
318,3,7,80,100,26902,26902,26902,70378,70378,70378,591,591,591,0.08,0.63,0.98,0.04,0.25,0.40,0.03,0.25,0.42,0.00,0.00,0.00,0.01,0.07,0.18,0.00,0.00,0.00,0.02,0.14,0.29,205054,410329,591264,239230,492139,719799,0,524,2620,0,0,0,0,305428,0,385.34,443.99,512.72
319,0,100,100,100,26403,26403,26403,70876,70876,70876,591,591,591,0.80,0.87,0.98,0.21,0.23,0.27,0.33,0.37,0.43,0.00,0.00,0.00,0.08,0.09,0.10,0.00,0.00,0.00,0.08,0.10,0.14,321093,717312,1340391,369900,756679,1375804,0,496969585,746486633,0,368832793,746481495,0,433434,0,381.07,439.47,496.32
319,1,99,99,100,26664,26664,26664,70615,70615,70615,591,591,591,0.80,0.86,0.99,0.20,0.23,0.25,0.33,0.36,0.42,0.00,0.00,0.00,0.07,0.09,0.11,0.00,0.00,0.00,0.07,0.10,0.12,469076,678921,1043034,521487,718580,1074482,0,498829272,771381846,0,498826884,842665747,0,391887,0,408.43,475.48,509.63
319,2,100,100,100,26821,26821,26821,70458,70458,70458,591,591,591,0.82,0.89,0.97,0.16,0.24,0.40,0.33,0.38,0.41,0.00,0.00,0.00,0.07,0.09,0.11,0.00,0.00,0.00,0.04,0.11,0.26,255064,385408,579179,295246,422271,628973,0,454503191,870271168,0,454504064,870272915,0,388880,0,416.23,465.87,492.16
319,3,100,100,100,26902,26902,26902,70378,70378,70378,591,591,591,0.80,0.87,0.92,0.16,0.21,0.24,0.32,0.37,0.42,0.00,0.00,0.00,0.07,0.09,0.11,0.00,0.00,0.00,0.04,0.08,0.11,323336,350312,432419,342041,388646,482212,0,541533247,761575704,0,541534819,761580945,0,393815,0,431.47,464.65,508.46
320,0,100,100,100,26403,26403,26403,70876,70876,70876,591,591,591,0.81,0.86,0.90,0.18,0.21,0.25,0.33,0.37,0.40,0.00,0.00,0.00,0.08,0.09,0.11,0.00,0.00,0.00,0.06,0.08,0.11,141515,547195,1271019,170343,585981,1320811,640685363,655150413,664805875,640679668,650328871,664803255,0,389177,0,481.94,485.45,488.48
320,1,100,100,100,26664,26664,26664,70615,70615,70615,591,591,591,0.81,0.88,0.98,0.17,0.21,0.25,0.33,0.38,0.45,0.00,0.00,0.00,0.07,0.10,0.12,0.00,0.00,0.00,0.05,0.08,0.11,0,576546,1496411,49793,614284,1527859,640685158,655147680,664798895,640685158,655149252,664802260,0,431981,0,477.11,484.66,489.35
320,2,99,99,100,26821,26821,26821,70458,70458,70458,591,591,591,0.80,0.85,0.90,0.19,0.22,0.25,0.32,0.35,0.39,0.00,0.00,0.00,0.08,0.09,0.11,0.00,0.00,0.00,0.06,0.09,0.11,335454,538289,922459,387868,581792,956527,640674339,655157088,664823604,640676960,655154992,664820983,0,444225,0,483.85,487.14,492.35
320,3,99,99,100,26902,26902,26902,70378,70378,70378,591,591,591,0.80,0.86,0.97,0.18,0.22,0.24,0.33,0.36,0.44,0.00,0.00,0.00,0.06,0.09,0.12,0.00,0.00,0.00,0.04,0.09,0.11,330220,615806,1393922,380015,659308,1425364,640669435,655129922,664826118,640658953,655130446,664820877,0,393021,0,484.22,489.93,493.69
321,0,99,99,100,26403,26403,26403,70876,70876,70876,591,591,591,0.80,0.84,0.93,0.16,0.22,0.24,0.32,0.36,0.43,0.00,0.00,0.00,0.07,0.09,0.11,0.00,0.00,0.00,0.04,0.09,0.12,335447,581138,918247,385240,623670,973563,631315603,650603566,676173245,631318092,648327413,664787380,0,390486,0,485.18,489.47,492.61
321,1,99,99,100,26664,26664,26664,70615,70615,70615,591,591,591,0.80,0.84,0.90,0.19,0.22,0.25,0.33,0.36,0.40,0.00,0.00,0.00,0.08,0.09,0.11,0.00,0.00,0.00,0.07,0.09,0.11,454713,653876,943970,506385,697773,976708,616303220,649032762,692074651,616298178,649032809,692074651,0,386282,0,475.52,482.07,487.50
321,2,99,99,100,26821,26821,26821,70458,70458,70458,591,591,591,0.81,0.85,0.90,0.19,0.22,0.25,0.32,0.35,0.39,0.00,0.00,0.00,0.07,0.09,0.10,0.00,0.00,0.00,0.06,0.09,0.11,324946,471196,788819,359013,515747,838611,503333718,650327186,802109773,510551156,650329903,794890192,0,384274,0,484.50,489.03,499.48
321,3,99,99,100,26902,26902,26902,70378,70378,70378,591,591,591,0.81,0.85,0.95,0.17,0.22,0.25,0.33,0.35,0.43,0.00,0.00,0.00,0.07,0.09,0.11,0.00,0.00,0.00,0.05,0.09,0.11,324966,430840,739043,374759,473295,788837,640694147,650332555,664804037,640681044,650330459,664798795,0,389841,0,485.86,490.12,492.26
322,0,99,99,100,26403,26403,26403,70876,70876,70876,591,591,591,0.81,0.87,0.98,0.18,0.21,0.23,0.30,0.35,0.45,0.00,0.00,0.00,0.07,0.09,0.12,0.00,0.00,0.00,0.05,0.08,0.11,324963,408827,626350,369520,478275,697109,640693752,684069777,766005433,640698993,682489859,766008053,0,451070,0,484.52,488.65,492.58
322,1,100,100,100,26664,26664,26664,70615,70615,70615,591,591,591,0.82,0.86,0.90,0.19,0.21,0.24,0.26,0.34,0.40,0.00,0.00,0.00,0.08,0.09,0.10,0.00,0.00,0.00,0.06,0.09,0.13,442878,492619,573926,492258,566661,652547,640138100,683976680,765990682,640132863,683975370,765985441,0,396930,0,482.03,485.86,489.81
322,2,100,100,100,26821,26821,26821,70458,70458,70458,591,591,591,0.81,0.87,0.90,0.16,0.21,0.24,0.33,0.36,0.41,0.00,0.00,0.00,0.07,0.09,0.10,0.00,0.00,0.00,0.05,0.10,0.15,327589,458022,720869,343313,524521,865043,0,680112811,1305116895,0,680110231,1305111655,0,397081,0,481.54,486.03,490.32
322,3,100,100,100,26902,26902,26902,70378,70378,70378,591,591,591,0.81,0.88,0.96,0.17,0.22,0.26,0.25,0.35,0.43,0.00,0.00,0.00,0.07,0.09,0.11,0.00,0.00,0.00,0.04,0.10,0.17,323338,385666,442896,422210,460318,519300,497034512,621545499,781049530,470892876,615648130,781060219,0,296074,0,488.44,494.06,502.57
323,0,100,100,100,26403,26403,26403,70876,70876,70876,591,591,591,0.91,0.92,0.94,0.26,0.26,0.27,0.27,0.27,0.28,0.00,0.00,0.00,0.07,0.08,0.09,0.00,0.00,0.00,0.13,0.15,0.16,157262,636961,1373198,235893,699854,1443954,39417751,532609410,757146333,0,532606805,757151575,0,404605,0,501.13,507.24,513.12
323,1,100,100,100,26664,26664,26664,70615,70615,70615,591,591,591,0.91,0.92,0.94,0.25,0.27,0.27,0.27,0.27,0.28,0.00,0.00,0.00,0.07,0.08,0.08,0.00,0.00,0.00,0.14,0.15,0.16,193828,971619,2062875,277646,1033459,2117920,117987738,552935396,724493989,196824440,568704134,724493989,0,310122,0,491.54,504.09,513.57
323,2,100,100,100,26821,26821,26821,70458,70458,70458,591,591,591,0.92,0.92,0.94,0.25,0.26,0.27,0.26,0.27,0.28,0.00,0.00,0.00,0.08,0.08,0.08,0.00,0.00,0.00,0.12,0.14,0.16,242850,567406,1069016,317976,633267,1097838,0,482120909,977170811,0,489993402,898431357,0,360877,0,492.88,504.57,514.42
323,3,100,100,100,26902,26902,26902,70378,70378,70378,591,591,591,0.91,0.92,0.94,0.24,0.26,0.27,0.27,0.28,0.28,0.00,0.00,0.00,0.07,0.08,0.08,0.00,0.00,0.00,0.13,0.15,0.16,353817,677139,1567169,421960,740555,1585514,40340426,579813351,756745901,0,579810817,756738042,0,463984,0,503.94,511.22,517.27
324,0,92,97,100,26403,26403,26403,70876,70876,70876,591,591,591,0.80,0.90,0.97,0.26,0.30,0.37,0.23,0.32,0.42,0.00,0.00,0.00,0.07,0.10,0.17,0.00,0.00,0.00,0.08,0.16,0.25,338039,443723,773108,388988,530639,799315,0,197711801,988559007,0,247144337,988577351,0,292250,0,488.89,495.70,506.42
324,1,85,96,100,26664,26664,26664,70615,70615,70615,591,591,591,0.75,0.88,0.96,0.26,0.30,0.34,0.25,0.32,0.41,0.00,0.00,0.00,0.06,0.10,0.16,0.00,0.00,0.00,0.09,0.16,0.23,428918,615139,1225915,508402,699651,1253526,0,174102089,870510449,0,158335706,791678530,0,401905,0,495.42,499.98,505.66
324,2,83,95,100,26821,26821,26821,70458,70458,70458,591,591,591,0.72,0.87,0.96,0.21,0.30,0.37,0.19,0.30,0.41,0.00,0.00,0.00,0.06,0.10,0.16,0.00,0.00,0.00,0.10,0.18,0.26,314477,426110,686590,374756,508921,702314,0,197717575,988587878,0,197713382,988566913,0,405183,0,495.39,499.80,506.59
324,3,83,96,100,26902,26902,26902,70378,70378,70378,591,591,591,0.77,0.89,0.96,0.26,0.30,0.37,0.24,0.31,0.42,0.00,0.00,0.00,0.06,0.10,0.18,0.00,0.00,0.00,0.07,0.16,0.25,340671,708619,1692974,366816,791956,1740146,0,197706064,988530321,0,197707636,988538182,0,404236,0,499.62,503.85,513.19
325,0,99,99,100,26403,26403,26403,70876,70876,70876,591,591,591,0.92,0.97,0.98,0.28,0.34,0.51,0.33,0.40,0.43,0.00,0.00,0.00,0.03,0.14,0.18,0.00,0.00,0.00,0.08,0.14,0.33,345921,366887,413954,393092,453891,513640,0,0,0,0,0,0,0,417239,0,493.06,512.12,523.99
325,1,99,99,100,26664,26664,26664,70615,70615,70615,591,591,591,0.85,0.95,0.98,0.28,0.34,0.46,0.30,0.39,0.43,0.00,0.00,0.00,0.03,0.14,0.18,0.00,0.00,0.00,0.08,0.14,0.31,450758,584932,888412,495310,679799,927723,0,0,0,0,0,0,0,407565,0,500.73,509.40,512.80
325,2,93,98,100,26821,26821,26821,70458,70458,70458,591,591,591,0.94,0.97,0.98,0.28,0.33,0.48,0.38,0.41,0.43,0.00,0.00,0.00,0.04,0.15,0.18,0.00,0.00,0.00,0.08,0.13,0.30,320501,409976,600123,400974,479273,642053,0,0,0,0,0,0,0,403010,0,508.81,516.79,520.42
325,3,98,99,100,26902,26902,26902,70378,70378,70378,591,591,591,0.93,0.97,0.98,0.28,0.34,0.51,0.34,0.40,0.43,0.00,0.00,0.00,0.03,0.14,0.18,0.00,0.00,0.00,0.08,0.14,0.33,324493,446439,636774,366028,522352,731112,0,0,0,0,0,0,0,416091,0,507.21,520.65,526.69
326,0,100,100,100,26403,26403,26403,70876,70876,70876,591,591,591,0.81,0.88,0.97,0.18,0.26,0.41,0.33,0.37,0.42,0.00,0.00,0.00,0.07,0.09,0.11,0.00,0.00,0.00,0.05,0.12,0.28,314479,650950,1386211,364271,698646,1435999,0,413399150,761572596,0,280453872,761567355,0,440914,0,493.04,504.94,517.30
326,1,100,100,100,26664,26664,26664,70615,70615,70615,591,591,591,0.81,0.88,0.97,0.16,0.25,0.40,0.32,0.37,0.42,0.00,0.00,0.00,0.07,0.09,0.11,0.00,0.00,0.00,0.04,0.12,0.26,442900,905704,2114878,492693,943965,2162050,0,420670183,761539283,0,441860205,807074231,0,438615,0,487.55,498.78,510.56
326,2,100,100,100,26821,26821,26821,70458,70458,70458,591,591,591,0.78,0.85,0.99,0.21,0.26,0.40,0.28,0.35,0.43,0.00,0.00,0.00,0.02,0.08,0.11,0.00,0.00,0.00,0.08,0.13,0.30,322341,535659,799302,353789,598883,849095,0,498582708,1305476050,0,498584981,1305476050,0,439519,0,489.42,499.01,510.04
326,3,97,99,100,26902,26902,26902,70378,70378,70378,591,591,591,0.80,0.87,0.90,0.18,0.26,0.43,0.33,0.37,0.40,0.00,0.00,0.00,0.04,0.08,0.10,0.00,0.00,0.00,0.05,0.13,0.30,141513,576529,1239478,191305,634882,1294508,0,454506240,870323726,0,454505366,870332462,0,392239,0,491.94,502.28,516.35
327,0,100,100,100,26403,26403,26403,70876,70876,70876,591,591,591,0.81,0.86,0.90,0.19,0.22,0.24,0.33,0.37,0.40,0.00,0.00,0.00,0.08,0.09,0.11,0.00,0.00,0.00,0.06,0.08,0.11,220132,512604,838625,251579,551914,870073,427118178,740572443,1305475862,427114684,740557469,1305470621,0,387163,0,482.76,486.07,488.75
327,1,99,99,100,26664,26664,26664,70615,70615,70615,591,591,591,0.80,0.86,0.97,0.18,0.22,0.25,0.33,0.36,0.43,0.00,0.00,0.00,0.07,0.09,0.12,0.00,0.00,0.00,0.05,0.08,0.11,403103,624787,1161520,435283,664050,1210345,627964150,681090790,843713236,498413837,659899011,843721704,0,387090,0,479.10,482.21,484.49
327,2,100,100,100,26821,26821,26821,70458,70458,70458,591,591,591,0.81,0.85,0.90,0.16,0.22,0.25,0.32,0.35,0.41,0.00,0.00,0.00,0.06,0.09,0.10,0.00,0.00,0.00,0.05,0.09,0.11,330201,390928,615868,343310,431799,668282,0,522050226,1190023273,0,544206855,1209613137,0,391875,0,482.00,486.16,493.05
327,3,99,99,100,26902,26902,26902,70378,70378,70378,591,591,591,0.80,0.84,0.90,0.19,0.22,0.25,0.33,0.35,0.40,0.00,0.00,0.00,0.08,0.09,0.11,0.00,0.00,0.00,0.06,0.09,0.11,335434,495833,1040414,366881,539860,1092828,0,655151135,1305489832,0,655150610,1305487211,0,390378,0,485.47,488.39,490.91
328,0,99,99,100,26403,26403,26403,70876,70876,70876,591,591,591,0.81,0.85,0.95,0.17,0.22,0.25,0.33,0.36,0.43,0.00,0.00,0.00,0.07,0.09,0.11,0.00,0.00,0.00,0.05,0.08,0.11,328689,423006,586114,361611,444616,634957,0,647952753,1280576113,0,652774464,1280576113,0,393617,0,484.95,488.38,490.86
328,1,99,99,100,26664,26664,26664,70615,70615,70615,591,591,591,0.81,0.85,0.90,0.16,0.22,0.25,0.32,0.35,0.41,0.00,0.00,0.00,0.07,0.09,0.11,0.00,0.00,0.00,0.04,0.09,0.11,455887,569455,859498,492568,608952,906665,36826958,652861625,1268532588,0,652862247,1305352120,0,391205,0,481.23,487.57,494.08
328,2,100,100,100,26821,26821,26821,70458,70458,70458,591,591,591,0.80,0.86,0.94,0.16,0.21,0.24,0.32,0.38,0.43,0.00,0.00,0.00,0.06,0.10,0.11,0.00,0.00,0.00,0.04,0.08,0.11,314483,451895,563447,359006,477610,615861,640674690,652727350,664797406,533896886,631121507,771577278,0,393905,0,486.51,489.83,492.87
328,3,99,99,100,26902,26902,26902,70378,70378,70378,591,591,591,0.80,0.86,0.90,0.16,0.21,0.24,0.32,0.37,0.41,0.00,0.00,0.00,0.07,0.09,0.10,0.00,0.00,0.00,0.06,0.08,0.11,332816,542970,770470,369514,578399,794055,0,516671509,1278042452,0,645839212,1278045018,0,296541,0,484.25,489.76,494.29
329,0,99,99,100,26403,26403,26403,70876,70876,70876,591,591,591,0.80,0.86,0.90,0.19,0.21,0.25,0.33,0.37,0.40,0.00,0.00,0.00,0.08,0.09,0.11,0.00,0.00,0.00,0.06,0.08,0.11,332815,364273,479634,369473,438962,529432,0,492598699,1305625599,0,522216245,1305622978,0,445831,0,487.08,491.66,499.00
329,1,99,99,100,26664,26664,26664,70615,70615,70615,591,591,591,0.81,0.87,0.95,0.17,0.21,0.24,0.33,0.37,0.43,0.00,0.00,0.00,0.06,0.09,0.11,0.00,0.00,0.00,0.04,0.08,0.10,453387,623722,870077,487457,697102,919870,0,576708812,1305501317,0,581837939,1305498697,0,341537,0,484.06,490.54,495.69
329,2,100,100,100,26821,26821,26821,70458,70458,70458,591,591,591,0.81,0.88,0.99,0.18,0.21,0.24,0.33,0.36,0.41,0.00,0.00,0.00,0.07,0.09,0.11,0.00,0.00,0.00,0.05,0.10,0.17,138891,385868,573844,267300,470658,623630,640599146,653262624,664794435,640593906,652706393,664807539,0,344363,0,484.42,486.56,488.28
329,3,99,99,100,26902,26902,26902,70378,70378,70378,591,591,591,0.80,0.86,0.94,0.17,0.22,0.24,0.32,0.37,0.43,0.00,0.00,0.00,0.06,0.09,0.11,0.00,0.00,0.00,0.04,0.08,0.11,20965,794069,2523748,55034,861552,2665266,0,652734796,1305497767,0,522189409,1305492526,0,447157,0,488.29,490.69,493.35
330,0,100,100,100,26403,26403,26403,70876,70876,70876,591,591,591,0.91,0.92,0.93,0.23,0.26,0.27,0.27,0.27,0.29,0.00,0.00,0.00,0.08,0.08,0.09,0.00,0.00,0.00,0.13,0.15,0.16,307489,543100,1147482,366896,609834,1226076,483247865,684690581,766004330,483242624,684692678,766014813,0,409052,0,496.81,508.19,514.52
330,1,100,100,100,26664,26664,26664,70615,70615,70615,591,591,591,0.92,0.92,0.94,0.23,0.26,0.27,0.27,0.27,0.29,0.00,0.00,0.00,0.08,0.08,0.09,0.00,0.00,0.00,0.13,0.15,0.16,474282,1068877,2856554,560754,1136768,2924692,429465893,617630969,757050933,408943254,613526965,757045692,0,408359,0,496.82,506.16,511.99
330,2,100,100,100,26821,26821,26821,70458,70458,70458,591,591,591,0.83,0.91,0.94,0.23,0.26,0.27,0.23,0.27,0.28,0.00,0.00,0.00,0.07,0.08,0.08,0.00,0.00,0.00,0.13,0.15,0.16,348553,696682,1223591,414070,769531,1312675,472393788,685779578,765831900,472399028,685781150,765837140,0,404053,0,493.22,502.62,507.99
330,3,100,100,100,26902,26902,26902,70378,70378,70378,591,591,591,0.88,0.91,0.94,0.25,0.26,0.27,0.26,0.27,0.29,0.00,0.00,0.00,0.08,0.08,0.09,0.00,0.00,0.00,0.13,0.15,0.16,332827,546946,1028859,380000,616998,1114452,0,634670917,982954022,0,634668296,982948782,0,411342,0,504.62,510.43,515.95
331,0,93,98,100,26403,26403,26403,70876,70876,70876,591,591,591,0.65,0.87,0.96,0.26,0.30,0.33,0.25,0.29,0.36,0.00,0.00,0.00,0.05,0.09,0.13,0.00,0.00,0.00,0.13,0.17,0.22,348537,587674,964432,366897,683539,1205540,0,0,0,0,0,0,0,297374,0,486.78,492.84,499.92
331,1,91,96,100,26664,26664,26664,70615,70615,70615,591,591,591,0.70,0.86,0.95,0.24,0.29,0.32,0.23,0.29,0.35,0.00,0.00,0.00,0.06,0.09,0.15,0.00,0.00,0.00,0.11,0.17,0.22,481993,711065,927702,584002,805334,1123927,0,0,0,0,0,0,0,390834,0,484.63,487.79,492.00
331,2,86,96,100,26821,26821,26821,70458,70458,70458,591,591,591,0.65,0.85,0.95,0.25,0.29,0.34,0.22,0.28,0.37,0.00,0.00,0.00,0.05,0.08,0.12,0.00,0.00,0.00,0.14,0.18,0.23,324859,412984,623707,337959,505228,744255,0,0,0,0,0,0,0,406266,0,490.17,494.90,498.53
331,3,85,97,100,26902,26902,26902,70378,70378,70378,591,591,591,0.71,0.86,0.96,0.25,0.30,0.32,0.25,0.28,0.33,0.00,0.00,0.00,0.05,0.09,0.13,0.00,0.00,0.00,0.14,0.18,0.23,123174,457479,754346,154622,550259,901165,0,0,0,0,0,0,0,467548,0,502.68,506.02,511.25
332,0,95,98,99,26403,26403,26403,70876,70876,70876,591,591,591,0.96,0.98,0.98,0.27,0.32,0.39,0.39,0.41,0.43,0.00,0.00,0.00,0.10,0.16,0.18,0.00,0.00,0.00,0.08,0.11,0.21,328870,374730,487446,370042,446537,534618,0,0,0,0,0,0,0,418455,0,497.63,512.70,522.15
332,1,94,98,100,26664,26664,26664,70615,70615,70615,591,591,591,0.95,0.97,0.98,0.28,0.32,0.42,0.40,0.41,0.43,0.00,0.00,0.00,0.08,0.15,0.18,0.00,0.00,0.00,0.08,0.12,0.24,461251,817112,1981187,505780,889442,2159389,0,0,0,0,0,0,0,461339,0,500.29,508.51,512.93
332,2,99,99,100,26821,26821,26821,70458,70458,70458,591,591,591,0.97,0.97,0.98,0.28,0.31,0.36,0.40,0.41,0.43,0.00,0.00,0.00,0.13,0.16,0.18,0.00,0.00,0.00,0.08,0.10,0.17,2620,370948,617852,186057,444043,663618,0,0,0,0,0,0,0,454064,0,508.93,518.09,526.64
332,3,99,99,99,26902,26902,26902,70378,70378,70378,591,591,591,0.96,0.97,0.98,0.27,0.31,0.36,0.40,0.42,0.43,0.00,0.00,0.00,0.12,0.16,0.18,0.00,0.00,0.00,0.08,0.11,0.19,348553,823391,1399389,395726,896245,1441318,0,0,0,0,0,0,0,409782,0,513.24,521.23,529.42
333,0,100,100,100,26403,26403,26403,70876,70876,70876,591,591,591,0.81,0.90,0.99,0.19,0.28,0.48,0.33,0.38,0.45,0.00,0.00,0.00,0.03,0.08,0.12,0.00,0.00,0.00,0.05,0.15,0.31,377387,710708,1564525,408836,770983,1616938,0,280435957,761554439,0,280435957,761564922,0,393858,0,499.96,508.87,521.65
333,1,100,100,100,26664,26664,26664,70615,70615,70615,591,591,591,0.80,0.88,0.99,0.17,0.28,0.47,0.32,0.36,0.42,0.00,0.00,0.00,0.03,0.08,0.10,0.00,0.00,0.00,0.05,0.14,0.32,453358,808214,1462337,492689,867965,1480682,0,413406733,761575279,0,413404637,761570038,0,385536,0,495.20,504.47,516.40
333,2,99,99,100,26821,26821,26821,70458,70458,70458,591,591,591,0.75,0.86,0.97,0.21,0.29,0.41,0.26,0.35,0.39,0.00,0.00,0.00,0.02,0.07,0.09,0.00,0.00,0.00,0.08,0.16,0.28,353801,656889,993147,403596,718212,1029833,0,362628579,664729858,0,362628929,664727237,0,393228,0,489.16,501.51,515.16
333,3,98,99,100,26902,26902,26902,70378,70378,70378,591,591,591,0.81,0.88,0.98,0.19,0.28,0.43,0.30,0.36,0.40,0.00,0.00,0.00,0.02,0.08,0.11,0.00,0.00,0.00,0.06,0.15,0.29,330187,449180,587037,364254,511022,636830,0,280456857,761578746,0,280455306,761578746,0,305341,0,504.73,509.79,519.64
334,0,99,99,100,26403,26403,26403,70876,70876,70876,591,591,591,0.81,0.85,0.93,0.18,0.22,0.25,0.33,0.36,0.42,0.00,0.00,0.00,0.07,0.09,0.11,0.00,0.00,0.00,0.05,0.09,0.11,332835,444975,720625,364284,487429,754691,0,783264322,1305490177,0,783261701,1305477073,0,393347,0,484.34,489.04,492.24
334,1,99,99,100,26664,26664,26664,70615,70615,70615,591,591,591,0.80,0.86,0.94,0.16,0.22,0.24,0.32,0.37,0.43,0.00,0.00,0.00,0.07,0.09,0.11,0.00,0.00,0.00,0.04,0.09,0.11,458581,669066,1375374,484786,711893,1414671,36825438,648058866,1268686852,0,648061247,1305521573,0,383021,0,474.38,478.79,482.54
334,2,99,99,100,26821,26821,26821,70458,70458,70458,591,591,591,0.80,0.86,0.90,0.19,0.21,0.25,0.33,0.36,0.39,0.00,0.00,0.00,0.08,0.09,0.11,0.00,0.00,0.00,0.06,0.08,0.11,324968,399916,642065,359037,439750,694479,110635630,650339054,1194856395,184606730,650338302,1120886773,0,395583,0,484.68,492.16,498.41
334,3,100,100,100,26902,26902,26902,70378,70378,70378,591,591,591,0.80,0.85,0.90,0.19,0.22,0.25,0.32,0.36,0.40,0.00,0.00,0.00,0.08,0.09,0.10,0.00,0.00,0.00,0.06,0.08,0.11,351179,646830,1413422,402530,688028,1446618,0,697555348,1305512270,0,697557755,1305512270,0,442707,0,484.12,489.81,496.91
335,0,99,99,100,26403,26403,26403,70876,70876,70876,591,591,591,0.81,0.87,0.98,0.18,0.21,0.24,0.33,0.37,0.44,0.00,0.00,0.00,0.07,0.09,0.12,0.00,0.00,0.00,0.04,0.08,0.11,323309,386213,543956,355373,468611,652672,442257195,610826737,677804327,442267655,610826782,677809671,0,390390,0,485.51,488.96,491.36
335,1,100,100,100,26664,26664,26664,70615,70615,70615,591,591,591,0.81,0.86,0.96,0.18,0.21,0.24,0.33,0.37,0.43,0.00,0.00,0.00,0.06,0.09,0.11,0.00,0.00,0.00,0.04,0.08,0.11,188690,1200104,2093068,220138,1237842,2135000,0,568124474,870330545,0,568125173,870328798,0,289297,0,486.48,490.31,494.23
335,2,99,99,100,26821,26821,26821,70458,70458,70458,591,591,591,0.80,0.86,0.90,0.17,0.22,0.25,0.32,0.35,0.40,0.00,0.00,0.00,0.07,0.09,0.10,0.00,0.00,0.00,0.05,0.09,0.11,0,484081,817649,10478,443673,833370,0,649891787,1305469138,110743004,652863080,1194680698,0,337609,0,487.43,491.94,494.01
335,3,100,100,100,26902,26902,26902,70378,70378,70378,591,591,591,0.80,0.84,0.90,0.19,0.22,0.25,0.33,0.35,0.40,0.00,0.00,0.00,0.07,0.09,0.11,0.00,0.00,0.00,0.06,0.08,0.11,332822,485866,1084920,364276,528845,1116367,640666405,655150019,664804424,640653302,652733142,664805519,0,394259,0,490.19,493.07,495.23
336,0,100,100,100,26403,26403,26403,70876,70876,70876,591,591,591,0.81,0.85,0.95,0.18,0.22,0.25,0.33,0.36,0.43,0.00,0.00,0.00,0.07,0.09,0.11,0.00,0.00,0.00,0.05,0.09,0.11,437625,975422,1436157,584374,1052440,1467606,640699139,675371713,765968309,640702272,675373809,765963068,0,288006,0,484.41,488.99,493.09
336,1,100,100,100,26664,26664,26664,70615,70615,70615,591,591,591,0.81,0.86,0.90,0.16,0.22,0.25,0.27,0.34,0.41,0.00,0.00,0.00,0.07,0.09,0.10,0.00,0.00,0.00,0.05,0.09,0.13,437610,881895,1307700,589595,952048,1386320,621643139,671568353,765990335,621645682,671566765,765987714,0,388191,0,480.06,487.16,493.60
336,2,99,99,100,26821,26821,26821,70458,70458,70458,591,591,591,0.81,0.85,0.95,0.16,0.21,0.24,0.32,0.35,0.43,0.00,0.00,0.00,0.06,0.09,0.11,0.00,0.00,0.00,0.04,0.09,0.11,322308,513644,891036,358994,619520,919863,0,655130800,1305438601,0,556225286,1305430739,0,395853,0,480.32,487.53,492.31
336,3,100,100,100,26902,26902,26902,70378,70378,70378,591,591,591,0.82,0.86,0.90,0.20,0.22,0.27,0.23,0.34,0.39,0.00,0.00,0.00,0.07,0.09,0.10,0.00,0.00,0.00,0.07,0.09,0.11,437657,866875,1511484,471739,936770,1646913,613471525,660181278,741288726,613469107,644884982,664812287,0,451370,0,488.01,495.53,502.19
337,0,100,100,100,26403,26403,26403,70876,70876,70876,591,591,591,0.87,0.91,0.94,0.20,0.25,0.27,0.27,0.28,0.32,0.00,0.00,0.00,0.08,0.08,0.09,0.00,0.00,0.00,0.14,0.15,0.16,327588,490059,767861,379109,493031,835998,0,578564576,757016311,0,578563518,757021552,0,408874,0,492.39,501.47,514.05
337,1,100,100,100,26664,26664,26664,70615,70615,70615,591,591,591,0.91,0.92,0.94,0.25,0.26,0.27,0.27,0.27,0.28,0.00,0.00,0.00,0.07,0.08,0.08,0.00,0.00,0.00,0.14,0.15,0.16,149413,1148795,3608570,228051,1215876,3634776,0,579857390,756841144,0,579858963,756841144,0,462571,0,491.75,499.97,511.98
337,2,100,100,100,26821,26821,26821,70458,70458,70458,591,591,591,0.87,0.92,0.94,0.24,0.26,0.27,0.26,0.27,0.28,0.00,0.00,0.00,0.08,0.08,0.09,0.00,0.00,0.00,0.13,0.15,0.16,327576,393100,537395,398332,499496,665644,42606494,591303848,757261342,595709536,698990477,757261342,0,460423,0,498.61,506.16,510.53
337,3,100,100,100,26902,26902,26902,70378,70378,70378,591,591,591,0.91,0.92,0.94,0.24,0.26,0.27,0.27,0.28,0.28,0.00,0.00,0.00,0.07,0.08,0.08,0.00,0.00,0.00,0.13,0.15,0.17,317097,437754,592273,353813,500086,670893,0,584720485,757032493,0,591227369,757027252,0,411792,0,496.75,503.54,517.77
338,0,84,96,100,26403,26403,26403,70876,70876,70876,591,591,591,0.74,0.88,0.96,0.25,0.29,0.34,0.25,0.29,0.36,0.00,0.00,0.00,0.06,0.08,0.11,0.00,0.00,0.00,0.14,0.18,0.22,329773,416579,592242,345926,528038,699684,0,247108922,708572389,0,247108267,708572389,0,448762,0,497.10,502.66,513.50
338,1,89,97,100,26664,26664,26664,70615,70615,70615,591,591,591,0.71,0.85,0.96,0.23,0.29,0.32,0.25,0.28,0.33,0.00,0.00,0.00,0.06,0.08,0.11,0.00,0.00,0.00,0.12,0.17,0.21,550304,818154,1179129,570803,905266,1194851,0,247110142,988440569,0,247108832,988435329,0,387297,0,489.85,497.69,512.70
338,2,82,95,100,26821,26821,26821,70458,70458,70458,591,591,591,0.75,0.88,0.96,0.27,0.29,0.32,0.25,0.28,0.30,0.00,0.00,0.00,0.06,0.08,0.11,0.00,0.00,0.00,0.16,0.17,0.20,327563,426508,592276,343286,500367,651678,0,276179948,708697486,0,177890022,554038915,0,401364,0,488.57,492.89,499.67
338,3,84,93,100,26902,26902,26902,70378,70378,70378,591,591,591,0.77,0.87,0.96,0.24,0.31,0.37,0.23,0.29,0.42,0.00,0.00,0.00,0.07,0.08,0.11,0.00,0.00,0.00,0.14,0.18,0.25,366856,622359,883076,461241,708179,938105,0,247118051,988472206,0,339447399,988487929,0,302949,0,501.75,506.93,516.55
339,0,99,99,100,26403,26403,26403,70876,70876,70876,591,591,591,0.95,0.97,0.98,0.28,0.30,0.32,0.33,0.40,0.43,0.00,0.00,0.00,0.14,0.17,0.18,0.00,0.00,0.00,0.08,0.09,0.12,13103,514156,1346932,60274,557659,1388860,0,0,0,0,0,0,0,418896,0,503.33,514.81,522.04
339,1,99,99,100,26664,26664,26664,70615,70615,70615,591,591,591,0.95,0.97,0.98,0.28,0.29,0.31,0.35,0.40,0.43,0.00,0.00,0.00,0.15,0.17,0.18,0.00,0.00,0.00,0.08,0.09,0.10,443473,610704,838622,494232,653749,880554,0,0,0,0,0,0,0,461663,0,500.75,506.41,514.40
339,2,99,99,100,26821,26821,26821,70458,70458,70458,591,591,591,0.95,0.97,0.98,0.28,0.30,0.31,0.36,0.41,0.43,0.00,0.00,0.00,0.15,0.17,0.18,0.00,0.00,0.00,0.08,0.09,0.11,332819,407775,608003,379990,462809,655176,0,0,0,0,0,0,0,416660,0,501.18,516.81,523.08
339,3,99,99,99,26902,26902,26902,70378,70378,70378,591,591,591,0.96,0.97,0.98,0.27,0.30,0.31,0.40,0.41,0.43,0.00,0.00,0.00,0.17,0.17,0.18,0.00,0.00,0.00,0.08,0.09,0.10,317090,401998,626337,361639,468036,670888,0,0,0,0,0,0,0,471896,0,510.94,519.84,525.59
340,0,100,100,100,26403,26403,26403,70876,70876,70876,591,591,591,0.89,0.91,0.94,0.19,0.31,0.43,0.36,0.38,0.39,0.00,0.00,0.00,0.06,0.08,0.11,0.00,0.00,0.00,0.06,0.16,0.30,345914,581130,1011874,377361,663199,1140324,0,280443669,761517115,0,280446290,761519735,0,402067,0,507.36,515.51,521.39
340,1,99,99,100,26664,26664,26664,70615,70615,70615,591,591,591,0.81,0.90,0.99,0.18,0.30,0.44,0.33,0.37,0.45,0.00,0.00,0.00,0.06,0.08,0.12,0.00,0.00,0.00,0.05,0.15,0.30,518882,954090,1978557,571307,1034981,2007383,0,280453687,719360815,0,280453463,761580271,0,292698,0,509.29,512.99,519.69
340,2,94,98,100,26821,26821,26821,70458,70458,70458,591,591,591,0.76,0.88,0.99,0.22,0.31,0.45,0.28,0.35,0.43,0.00,0.00,0.00,0.02,0.07,0.11,0.00,0.00,0.00,0.09,0.17,0.28,343328,651180,864848,466125,815563,1014230,0,190358361,761433445,0,280433152,761438685,0,292322,0,494.42,504.05,515.30
340,3,98,99,100,26902,26902,26902,70378,70378,70378,591,591,591,0.81,0.89,0.98,0.19,0.28,0.46,0.33,0.37,0.40,0.00,0.00,0.00,0.03,0.08,0.11,0.00,0.00,0.00,0.08,0.17,0.29,332846,737246,1422537,369538,794587,1449751,0,290025970,809399499,0,362529760,809393928,0,397479,0,501.72,510.64,522.52
341,0,100,100,100,26403,26403,26403,70876,70876,70876,591,591,591,0.80,0.85,0.90,0.19,0.22,0.25,0.33,0.36,0.40,0.00,0.00,0.00,0.08,0.09,0.10,0.00,0.00,0.00,0.06,0.09,0.11,309177,645532,1630060,133648,583665,1679853,638801955,654743285,664804068,638815020,654741181,664788343,0,432674,0,480.03,488.04,492.97
341,1,99,99,100,26664,26664,26664,70615,70615,70615,591,591,591,0.81,0.85,0.97,0.18,0.22,0.25,0.33,0.35,0.44,0.00,0.00,0.00,0.07,0.09,0.11,0.00,0.00,0.00,0.05,0.09,0.11,453355,638401,1153114,482182,680856,1184562,605164641,655154882,700301729,640667913,655154949,664807903,0,389173,0,485.75,491.80,497.94
341,2,100,100,100,26821,26821,26821,70458,70458,70458,591,591,591,0.82,0.86,0.90,0.18,0.22,0.25,0.32,0.36,0.40,0.00,0.00,0.00,0.07,0.09,0.11,0.00,0.00,0.00,0.05,0.09,0.11,324951,450931,731184,359036,413020,566061,443186107,606016333,664791815,443191348,632187640,771594091,0,393993,0,483.39,491.40,503.21
341,3,99,99,100,26902,26902,26902,70378,70378,70378,591,591,591,0.80,0.84,0.90,0.19,0.22,0.25,0.32,0.35,0.39,0.00,0.00,0.00,0.08,0.09,0.10,0.00,0.00,0.00,0.06,0.08,0.11,330203,563441,935534,379996,607992,969601,35649751,783290407,1305509879,0,522193064,1305512500,0,395168,0,488.02,491.69,495.62
342,0,99,99,100,26403,26403,26403,70876,70876,70876,591,591,591,0.80,0.86,0.93,0.16,0.22,0.25,0.32,0.36,0.43,0.00,0.00,0.00,0.07,0.09,0.11,0.00,0.00,0.00,0.04,0.08,0.11,81237,828565,1782081,393107,986501,1792564,427188361,740512915,1305500785,427184866,740514311,1305503406,0,297427,0,474.77,483.17,486.92
342,1,99,99,100,26664,26664,26664,70615,70615,70615,591,591,591,0.80,0.85,0.90,0.18,0.22,0.25,0.33,0.36,0.40,0.00,0.00,0.00,0.07,0.09,0.11,0.00,0.00,0.00,0.05,0.09,0.11,454313,629534,859584,485113,668478,894526,630737814,694248437,870324049,630740394,694246900,870324049,0,389415,0,483.98,487.60,491.25
342,2,100,100,100,26821,26821,26821,70458,70458,70458,591,591,591,0.81,0.85,0.98,0.18,0.22,0.24,0.32,0.35,0.43,0.00,0.00,0.00,0.06,0.09,0.11,0.00,0.00,0.00,0.04,0.08,0.10,317101,397820,573940,361659,474868,780978,640666259,655154372,664810030,554012289,628977572,664788230,0,396089,0,490.50,494.61,496.85
342,3,100,100,100,26902,26902,26902,70378,70378,70378,591,591,591,0.80,0.85,0.90,0.16,0.21,0.25,0.32,0.36,0.41,0.00,0.00,0.00,0.07,0.09,0.10,0.00,0.00,0.00,0.05,0.08,0.11,338074,695154,1074962,385247,733976,1107536,0,562348025,854048153,0,693011600,1305494729,0,445998,0,481.75,487.56,490.61
343,0,99,99,100,26403,26403,26403,70876,70876,70876,591,591,591,0.80,0.84,0.90,0.18,0.22,0.24,0.32,0.35,0.40,0.00,0.00,0.00,0.07,0.09,0.10,0.00,0.00,0.00,0.04,0.08,0.11,406203,637541,859596,455996,657296,880459,0,520209538,1305360096,0,520094094,1305346994,0,437136,0,482.30,488.71,494.60
343,1,100,100,100,26664,26664,26664,70615,70615,70615,591,591,591,0.81,0.86,0.96,0.17,0.21,0.25,0.32,0.36,0.44,0.00,0.00,0.00,0.07,0.09,0.11,0.00,0.00,0.00,0.05,0.08,0.11,20965,1243116,3139180,73379,1307579,3194208,0,530631414,1305492641,0,522142000,1305495261,0,440536,0,483.87,489.32,492.88
343,2,100,100,100,26821,26821,26821,70458,70458,70458,591,591,591,0.81,0.87,0.95,0.18,0.21,0.25,0.32,0.37,0.42,0.00,0.00,0.00,0.08,0.09,0.11,0.00,0.00,0.00,0.05,0.08,0.11,317102,481151,872685,366895,529897,904133,640692493,650324729,664790463,640684631,655142466,664803567,0,436745,0,485.27,489.48,495.42
343,3,99,99,100,26902,26902,26902,70378,70378,70378,591,591,591,0.81,0.86,0.90,0.19,0.21,0.25,0.32,0.35,0.40,0.00,0.00,0.00,0.07,0.09,0.10,0.00,0.00,0.00,0.06,0.09,0.11,320618,517508,1223878,371383,584793,1378501,640698686,677903185,765995263,640711789,655138062,664812445,0,395053,0,485.39,489.88,493.40
344,0,100,100,100,26403,26403,26403,70876,70876,70876,591,591,591,0.87,0.92,0.94,0.16,0.24,0.27,0.26,0.30,0.43,0.00,0.00,0.00,0.07,0.09,0.11,0.00,0.00,0.00,0.13,0.15,0.16,128408,579145,1168708,222749,678722,1247321,241615297,618322081,765976048,0,557919568,765965566,0,406252,0,484.44,497.52,509.69
344,1,100,100,100,26664,26664,26664,70615,70615,70615,591,591,591,0.92,0.92,0.93,0.23,0.26,0.27,0.26,0.27,0.29,0.00,0.00,0.00,0.07,0.08,0.08,0.00,0.00,0.00,0.13,0.15,0.16,458706,775080,1208098,532001,852695,1289337,708712803,725519813,757029578,708702320,736134900,766008074,0,409258,0,488.96,500.84,509.93
344,2,100,100,100,26821,26821,26821,70458,70458,70458,591,591,591,0.88,0.91,0.92,0.23,0.26,0.27,0.26,0.27,0.28,0.00,0.00,0.00,0.08,0.08,0.08,0.00,0.00,0.00,0.13,0.15,0.16,317114,411882,550343,387876,522737,660415,510662265,673217876,757084270,510658771,675324155,757076407,0,406952,0,496.09,502.53,510.73
344,3,100,100,100,26902,26902,26902,70378,70378,70378,591,591,591,0.92,0.93,0.94,0.25,0.26,0.27,0.27,0.28,0.29,0.00,0.00,0.00,0.08,0.08,0.09,0.00,0.00,0.00,0.09,0.13,0.16,337990,465146,600148,408732,538520,668288,36236939,547605637,724705708,0,591282289,766000504,0,312933,0,491.09,504.24,517.48
345,0,91,97,100,26403,26403,26403,70876,70876,70876,591,591,591,0.80,0.87,0.92,0.24,0.28,0.33,0.26,0.29,0.35,0.00,0.00,0.00,0.07,0.07,0.08,0.00,0.00,0.00,0.13,0.17,0.22,338068,432192,672642,359031,489191,842114,0,436109357,988574189,0,484430037,988566327,0,396518,0,497.27,503.28,510.25
345,1,91,96,100,26664,26664,26664,70615,70615,70615,591,591,591,0.71,0.87,0.95,0.24,0.28,0.37,0.23,0.29,0.41,0.00,0.00,0.00,0.05,0.07,0.09,0.00,0.00,0.00,0.13,0.17,0.25,451591,597888,885855,464952,683677,967102,0,341491831,949372253,0,340725809,988667016,0,334451,0,487.29,496.68,511.81
345,2,90,97,100,26821,26821,26821,70458,70458,70458,591,591,591,0.71,0.84,0.92,0.24,0.28,0.34,0.25,0.28,0.37,0.00,0.00,0.00,0.06,0.08,0.11,0.00,0.00,0.00,0.15,0.17,0.23,340690,491092,846409,395724,554898,925023,0,424304642,949085018,0,339444803,830993792,0,340391,0,496.29,501.56,510.39
345,3,100,100,100,26902,26902,26902,70378,70378,70378,591,591,591,0.76,0.87,0.96,0.26,0.29,0.33,0.25,0.28,0.32,0.00,0.00,0.00,0.06,0.08,0.11,0.00,0.00,0.00,0.15,0.18,0.22,335431,551076,915786,345913,632799,947065,0,339449460,708678910,0,424312480,708686771,0,449925,0,503.45,508.81,518.75
346,0,98,98,99,26403,26403,26403,70876,70876,70876,591,591,591,0.95,0.97,0.98,0.27,0.30,0.31,0.25,0.37,0.44,0.00,0.00,0.00,0.11,0.15,0.18,0.00,0.00,0.00,0.07,0.10,0.13,322339,443937,828133,369510,536921,864822,0,0,0,0,0,0,0,414590,0,497.91,505.26,516.93
346,1,97,98,99,26664,26664,26664,70615,70615,70615,591,591,591,0.95,0.97,0.98,0.28,0.30,0.31,0.31,0.40,0.43,0.00,0.00,0.00,0.10,0.15,0.18,0.00,0.00,0.00,0.08,0.09,0.12,445515,799461,1418646,492687,841042,1443106,0,0,0,0,0,0,0,407196,0,484.84,497.49,508.47
346,2,98,99,100,26821,26821,26821,70458,70458,70458,591,591,591,0.94,0.96,0.98,0.28,0.30,0.31,0.28,0.39,0.43,0.00,0.00,0.00,0.12,0.16,0.18,0.00,0.00,0.00,0.08,0.10,0.14,314469,669843,1192408,364260,736932,1234339,0,0,0,0,0,0,0,413549,0,498.75,511.83,520.05
346,3,97,98,99,26902,26902,26902,70378,70378,70378,591,591,591,0.96,0.97,0.98,0.28,0.30,0.31,0.40,0.41,0.43,0.00,0.00,0.00,0.17,0.17,0.18,0.00,0.00,0.00,0.08,0.10,0.16,330199,572803,811153,479575,638863,856780,0,0,0,0,0,0,0,416194,0,506.92,515.27,522.96
347,0,96,99,100,26403,26403,26403,70876,70876,70876,591,591,591,0.81,0.92,0.98,0.24,0.35,0.46,0.33,0.38,0.41,0.00,0.00,0.00,0.03,0.10,0.17,0.00,0.00,0.00,0.07,0.18,0.30,115305,587020,1354914,146751,621618,1402087,0,280455449,761582338,0,280455449,761587580,0,302060,0,508.12,516.57,521.37
347,1,93,98,100,26664,26664,26664,70615,70615,70615,591,591,591,0.81,0.90,0.99,0.22,0.33,0.48,0.33,0.36,0.42,0.00,0.00,0.00,0.03,0.10,0.18,0.00,0.00,0.00,0.09,0.18,0.32,463866,709068,1090213,497925,800251,1189352,0,280457343,761585206,0,280457343,761582585,0,389805,0,498.72,511.32,517.51
347,2,99,99,100,26821,26821,26821,70458,70458,70458,591,591,591,0.80,0.91,0.99,0.22,0.31,0.41,0.31,0.35,0.42,0.00,0.00,0.00,0.02,0.08,0.11,0.00,0.00,0.00,0.09,0.16,0.28,244558,412656,631543,372078,524639,660411,0,152318478,761592390,0,280458144,761587149,0,383971,0,491.16,506.08,520.54
347,3,95,98,100,26902,26902,26902,70378,70378,70378,591,591,591,0.80,0.88,0.94,0.16,0.32,0.49,0.28,0.36,0.43,0.00,0.00,0.00,0.02,0.07,0.11,0.00,0.00,0.00,0.04,0.17,0.32,356426,636255,1142464,421945,707009,1297064,0,280439380,761513210,0,152303166,761515830,0,442160,0,503.02,514.17,523.24
348,0,100,100,100,26403,26403,26403,70876,70876,70876,591,591,591,0.80,0.86,0.90,0.18,0.21,0.24,0.33,0.36,0.40,0.00,0.00,0.00,0.07,0.09,0.10,0.00,0.00,0.00,0.06,0.09,0.11,319722,801755,1521765,343306,860982,1568937,443197024,610821847,664800558,443202266,610821323,664790076,0,395767,0,493.32,495.26,499.45
348,1,100,100,100,26664,26664,26664,70615,70615,70615,591,591,591,0.81,0.86,0.90,0.16,0.22,0.24,0.32,0.37,0.41,0.00,0.00,0.00,0.07,0.09,0.10,0.00,0.00,0.00,0.05,0.08,0.12,449648,577220,921284,462569,615997,973072,443177883,609521334,691431926,443181377,609520526,691431926,0,432078,0,479.25,484.39,494.90
348,2,99,99,100,26821,26821,26821,70458,70458,70458,591,591,591,0.81,0.85,0.90,0.18,0.21,0.25,0.33,0.37,0.40,0.00,0.00,0.00,0.07,0.09,0.10,0.00,0.00,0.00,0.05,0.08,0.11,319613,380484,600133,351087,425057,631581,640686022,650302046,664770967,640683401,655075017,664778829,0,434847,0,478.06,484.85,494.57
348,3,99,99,100,26902,26902,26902,70378,70378,70378,591,591,591,0.80,0.86,0.98,0.19,0.22,0.25,0.33,0.36,0.44,0.00,0.00,0.00,0.07,0.09,0.12,0.00,0.00,0.00,0.05,0.08,0.11,314485,597092,1522572,369520,638403,1554019,422939849,734723891,1280410572,422936389,606778872,664803680,0,396227,0,485.27,489.48,491.26
349,0,99,99,100,26403,26403,26403,70876,70876,70876,591,591,591,0.81,0.85,0.93,0.16,0.21,0.24,0.32,0.36,0.43,0.00,0.00,0.00,0.07,0.09,0.11,0.00,0.00,0.00,0.04,0.08,0.11,329853,398263,471719,36689,353102,484823,640603682,649126848,664800452,640606302,649128945,664792590,0,438418,0,484.94,488.89,496.62
349,1,99,99,100,26664,26664,26664,70615,70615,70615,591,591,591,0.81,0.86,0.90,0.19,0.21,0.25,0.33,0.37,0.39,0.00,0.00,0.00,0.08,0.09,0.11,0.00,0.00,0.00,0.06,0.08,0.11,445494,779901,1931445,474320,815541,1962894,640686417,650312487,664759415,640687090,650311963,664767276,0,389430,0,479.49,484.45,489.03
349,2,99,99,100,26821,26821,26821,70458,70458,70458,591,591,591,0.81,0.86,0.94,0.18,0.22,0.25,0.33,0.36,0.42,0.00,0.00,0.00,0.08,0.09,0.11,0.00,0.00,0.00,0.05,0.10,0.15,324966,557685,946084,332712,595400,1016844,640695113,655109744,664798682,640680927,650334864,664806476,0,389574,0,481.17,484.60,490.60
349,3,99,99,100,26902,26902,26902,70378,70378,70378,591,591,591,0.80,0.84,0.91,0.16,0.22,0.24,0.32,0.35,0.42,0.00,0.00,0.00,0.06,0.09,0.11,0.00,0.00,0.00,0.04,0.09,0.11,326011,460400,770481,376784,499382,817653,0,546998825,1305480341,0,780888973,1305477721,0,396306,0,489.01,491.86,495.69
350,0,100,100,100,26403,26403,26403,70876,70876,70876,591,591,591,0.81,0.88,0.99,0.17,0.21,0.24,0.33,0.38,0.45,0.00,0.00,0.00,0.07,0.10,0.12,0.00,0.00,0.00,0.05,0.08,0.11,7862,520351,1349001,369599,689091,1398770,640677457,652697953,664805131,640687940,652697953,664797269,0,389205,0,485.32,489.20,493.46
350,1,99,99,100,26664,26664,26664,70615,70615,70615,591,591,591,0.80,0.86,0.92,0.16,0.21,0.24,0.32,0.37,0.42,0.00,0.00,0.00,0.07,0.09,0.11,0.00,0.00,0.00,0.04,0.08,0.11,461239,647963,1045678,497935,689893,1100714,640698276,652739215,664789613,640693034,652738560,664797475,0,388700,0,485.13,487.64,491.81
350,2,99,99,100,26821,26821,26821,70458,70458,70458,591,591,591,0.81,0.86,0.94,0.17,0.22,0.24,0.33,0.36,0.43,0.00,0.00,0.00,0.08,0.10,0.11,0.00,0.00,0.00,0.04,0.09,0.10,330092,530213,726806,390481,553796,761749,0,696201817,1305420414,0,710077454,1305415173,0,389117,0,487.67,491.22,495.49
350,3,100,100,100,26902,26902,26902,70378,70378,70378,591,591,591,0.81,0.86,0.97,0.18,0.21,0.24,0.33,0.36,0.44,0.00,0.00,0.00,0.07,0.09,0.12,0.00,0.00,0.00,0.04,0.08,0.10,324949,402272,600132,356396,442238,631580,553824983,634245740,700440223,184771531,522192539,664795924,0,294743,0,493.58,496.57,500.75
351,0,100,100,100,26403,26403,26404,70875,70875,70876,591,591,591,0.80,0.88,0.93,0.20,0.25,0.27,0.27,0.29,0.33,0.00,0.00,0.00,0.08,0.08,0.09,0.00,0.00,0.00,0.09,0.13,0.16,337959,491612,846475,408827,578788,927715,161073665,611476805,766001804,0,579262596,766001804,0,408638,0,485.73,495.56,504.47
351,1,100,100,100,26664,26664,26665,70614,70614,70615,591,591,591,0.86,0.90,0.92,0.24,0.25,0.27,0.27,0.30,0.37,0.00,0.00,0.00,0.07,0.08,0.10,0.00,0.00,0.00,0.10,0.13,0.16,461222,683836,1116294,531978,775242,1265657,0,574544774,766028958,0,574546314,766031579,0,412369,0,488.67,499.05,515.40
351,2,100,100,100,26821,26821,26821,70458,70458,70458,591,591,591,0.87,0.91,0.94,0.19,0.24,0.27,0.27,0.29,0.33,0.00,0.00,0.00,0.07,0.08,0.08,0.00,0.00,0.00,0.09,0.13,0.16,322344,415637,579155,382619,487968,655153,0,591325451,766009939,127661358,591325718,757016103,0,357871,0,498.03,505.70,513.41
351,3,100,100,100,26902,26902,26902,70377,70377,70378,591,591,591,0.82,0.92,0.98,0.18,0.25,0.27,0.23,0.30,0.44,0.00,0.00,0.00,0.07,0.09,0.12,0.00,0.00,0.00,0.05,0.13,0.17,335448,588017,1276040,408827,679210,1357267,0,571891103,766012560,0,579284399,766009939,0,458078,0,492.98,501.26,513.08
352,0,84,96,100,26404,26404,26404,70875,70875,70875,591,591,591,0.80,0.88,0.92,0.23,0.29,0.37,0.26,0.31,0.42,0.00,0.00,0.00,0.07,0.07,0.08,0.00,0.00,0.00,0.13,0.17,0.25,332831,403557,526656,348556,495270,628894,0,436094084,988581756,0,484407094,988584376,0,391124,0,492.07,501.41,509.47
352,1,90,97,100,26665,26665,26665,70614,70614,70614,591,591,591,0.78,0.88,0.94,0.23,0.28,0.33,0.23,0.28,0.36,0.00,0.00,0.00,0.06,0.07,0.08,0.00,0.00,0.00,0.12,0.16,0.23,461244,1108953,2770016,484830,1194201,2992771,0,487469687,988599534,0,487470201,988607396,0,280265,0,485.83,499.49,516.26
352,2,89,97,100,26821,26821,26822,70457,70457,70458,591,591,591,0.72,0.84,0.92,0.24,0.29,0.34,0.25,0.28,0.36,0.00,0.00,0.00,0.06,0.08,0.11,0.00,0.00,0.00,0.15,0.17,0.24,131123,558776,1320748,183077,683637,1333595,0,418992305,968271299,0,334256479,847777751,0,391895,0,491.74,497.34,509.26
352,3,90,98,100,26902,26902,26903,70376,70376,70377,591,591,591,0.79,0.88,0.96,0.23,0.28,0.32,0.25,0.29,0.33,0.00,0.00,0.00,0.06,0.08,0.11,0.00,0.00,0.00,0.13,0.17,0.20,274062,545610,1012678,328875,627502,1062756,0,415893490,724966329,0,519869912,724979434,0,396704,0,501.92,508.34,513.96
353,0,98,99,100,26404,26404,26404,70875,70875,70875,591,591,591,0.88,0.95,0.98,0.27,0.30,0.31,0.24,0.35,0.42,0.00,0.00,0.00,0.10,0.14,0.18,0.00,0.00,0.00,0.07,0.10,0.16,13102,535780,1533125,60273,576601,1585539,0,0,0,0,0,0,0,414499,0,491.15,501.50,515.00
353,1,99,99,100,26665,26665,26665,70614,70614,70614,591,591,591,0.94,0.97,0.98,0.27,0.30,0.31,0.26,0.38,0.43,0.00,0.00,0.00,0.10,0.15,0.18,0.00,0.00,0.00,0.08,0.10,0.15,471723,755807,909371,518895,798262,951301,0,0,0,0,0,0,0,411828,0,484.72,497.78,513.42
353,2,97,98,100,26822,26822,26822,70457,70457,70457,591,591,591,0.95,0.96,0.98,0.28,0.30,0.31,0.29,0.39,0.43,0.00,0.00,0.00,0.13,0.16,0.18,0.00,0.00,0.00,0.08,0.10,0.14,324969,572861,945976,374762,599066,972181,0,0,0,0,0,0,0,416687,0,496.01,510.71,522.92
353,3,98,99,100,26903,26903,26903,70376,70376,70376,591,591,591,0.94,0.97,0.98,0.27,0.30,0.31,0.30,0.39,0.43,0.00,0.00,0.00,0.13,0.16,0.18,0.00,0.00,0.00,0.08,0.11,0.17,348551,405678,511031,395723,450229,563445,0,0,0,0,0,0,0,420055,0,500.47,511.14,522.94
354,0,99,99,100,26404,26404,26404,70875,70875,70875,591,591,591,0.90,0.95,0.98,0.20,0.35,0.52,0.34,0.39,0.43,0.00,0.00,0.00,0.03,0.10,0.18,0.00,0.00,0.00,0.07,0.17,0.33,374762,519370,888401,359039,593261,919849,0,152317516,761587580,0,152318564,761592821,0,302502,0,506.19,517.16,522.46
354,1,99,99,100,26665,26665,26665,70614,70614,70614,591,591,591,0.85,0.92,0.97,0.18,0.32,0.48,0.31,0.38,0.44,0.00,0.00,0.00,0.03,0.10,0.17,0.00,0.00,0.00,0.05,0.17,0.30,432418,965053,1564541,466487,1050912,1593368,0,152316650,761583254,0,152316126,761580633,0,445061,0,504.24,512.69,517.12
354,2,99,99,100,26822,26822,26822,70457,70457,70457,591,591,591,0.76,0.90,0.99,0.22,0.30,0.41,0.28,0.35,0.42,0.00,0.00,0.00,0.02,0.08,0.11,0.00,0.00,0.00,0.09,0.16,0.28,0,427780,800054,31454,537532,849248,0,150483752,752418763,0,278625132,752418763,0,436798,0,493.13,507.80,523.79
354,3,96,99,100,26903,26903,26903,70376,70376,70376,591,591,591,0.81,0.89,0.98,0.20,0.32,0.44,0.31,0.37,0.40,0.00,0.00,0.00,0.02,0.08,0.12,0.00,0.00,0.00,0.09,0.18,0.29,338046,725859,1661436,416694,815474,1698123,0,159447247,761591359,0,152317747,761588739,0,447335,0,503.88,515.78,526.83
355,0,100,100,100,26404,26404,26404,70875,70875,70875,591,591,591,0.81,0.86,0.90,0.18,0.21,0.25,0.32,0.37,0.40,0.00,0.00,0.00,0.08,0.09,0.11,0.00,0.00,0.00,0.05,0.08,0.11,319728,401470,600128,361659,534945,840357,427120195,607589175,664801735,427121942,607587952,664804356,0,385190,0,485.55,492.29,502.79
355,1,99,99,100,26665,26665,26665,70614,70614,70614,591,591,591,0.81,0.85,0.93,0.16,0.22,0.25,0.33,0.36,0.43,0.00,0.00,0.00,0.07,0.09,0.11,0.00,0.00,0.00,0.04,0.08,0.11,370382,1036391,2743855,408818,1075002,2791027,0,563296376,870312121,0,563295328,870301638,0,388457,0,482.59,488.75,500.31
355,2,99,99,100,26822,26822,26822,70457,70457,70457,591,591,591,0.81,0.85,0.90,0.19,0.21,0.25,0.33,0.37,0.39,0.00,0.00,0.00,0.08,0.09,0.11,0.00,0.00,0.00,0.06,0.08,0.11,338046,511532,825519,369520,506290,856967,640529891,650296765,664790789,184606213,559080296,664798651,0,385166,0,480.72,488.70,499.08
355,3,99,99,100,26903,26903,26903,70376,70376,70376,591,591,591,0.81,0.85,0.90,0.19,0.22,0.25,0.33,0.36,0.40,0.00,0.00,0.00,0.07,0.09,0.10,0.00,0.00,0.00,0.07,0.08,0.11,248012,462029,733809,283685,503472,767879,415294059,736144335,1305510829,0,605253454,1305500346,0,392232,0,489.70,494.66,500.28
356,0,99,99,100,26404,26404,26404,70875,70875,70875,591,591,591,0.81,0.86,0.90,0.20,0.22,0.25,0.33,0.36,0.40,0.00,0.00,0.00,0.08,0.09,0.10,0.00,0.00,0.00,0.07,0.09,0.11,5239,389836,801921,36675,327309,518895,104800717,652250923,1305553222,0,783254420,1305558464,0,445282,0,480.08,485.44,489.72
356,1,99,99,100,26665,26665,26665,70614,70614,70614,591,591,591,0.81,0.87,0.98,0.19,0.22,0.25,0.33,0.37,0.44,0.00,0.00,0.00,0.07,0.10,0.12,0.00,0.00,0.00,0.05,0.09,0.11,469099,562124,783604,500547,602743,815053,0,652708156,1305400881,0,652711432,1305406122,0,433379,0,480.75,484.01,485.89
356,2,99,99,100,26822,26822,26822,70457,70457,70457,591,591,591,0.80,0.87,0.90,0.16,0.21,0.25,0.32,0.36,0.41,0.00,0.00,0.00,0.07,0.09,0.10,0.00,0.00,0.00,0.04,0.09,0.11,314475,390475,566048,366887,472239,634196,0,522193789,1194699370,0,606587059,1120879601,0,387462,0,478.98,484.26,487.57
356,3,99,99,100,26903,26903,26903,70376,70376,70376,591,591,591,0.81,0.86,0.95,0.18,0.21,0.25,0.33,0.37,0.43,0.00,0.00,0.00,0.08,0.09,0.11,0.00,0.00,0.00,0.05,0.08,0.11,327578,469765,867503,359025,510386,919920,640677677,652742109,664777885,640675057,660214101,690104687,0,289116,0,488.73,490.28,492.37
357,0,99,99,100,26404,26404,26404,70875,70875,70875,591,591,591,0.80,0.84,0.90,0.17,0.22,0.25,0.32,0.36,0.41,0.00,0.00,0.00,0.07,0.09,0.10,0.00,0.00,0.00,0.05,0.09,0.11,330207,648364,1399439,356397,690819,1449232,0,783297489,1305477857,0,652751753,1305467374,0,392682,0,481.83,487.88,492.71
357,1,100,100,100,26665,26665,26665,70614,70614,70614,591,591,591,0.80,0.84,0.90,0.17,0.23,0.27,0.30,0.35,0.41,0.00,0.00,0.00,0.06,0.09,0.11,0.00,0.00,0.00,0.05,0.09,0.11,458622,1012195,2187108,513656,1055695,2221824,0,778746377,1305490553,0,778743721,1305490553,0,290689,0,480.08,484.54,488.08
357,2,99,99,100,26822,26822,26822,70457,70457,70457,591,591,591,0.81,0.86,0.95,0.17,0.22,0.25,0.32,0.36,0.43,0.00,0.00,0.00,0.06,0.09,0.11,0.00,0.00,0.00,0.04,0.08,0.11,332730,660637,1901228,364170,704328,1933621,0,776983455,1305489070,0,776986677,1305504794,0,292312,0,487.01,489.36,492.78
357,3,99,99,100,26903,26903,26903,70376,70376,70376,591,591,591,0.80,0.86,0.90,0.19,0.21,0.25,0.32,0.37,0.40,0.00,0.00,0.00,0.08,0.09,0.10,0.00,0.00,0.00,0.06,0.08,0.11,322334,671420,1378552,359022,709681,1404760,640617045,650315880,664834201,640624906,650315879,664828959,0,439785,0,485.45,490.99,495.04
358,0,99,99,100,26404,26404,26404,70875,70875,70875,591,591,591,0.81,0.89,0.94,0.16,0.24,0.27,0.26,0.31,0.43,0.00,0.00,0.00,0.06,0.08,0.11,0.00,0.00,0.00,0.04,0.12,0.16,337979,526158,807171,406099,606340,841240,0,579187212,765980118,0,579190356,765974877,0,405317,0,490.29,495.64,504.06
358,1,99,99,100,26665,26665,26665,70614,70614,70614,591,591,591,0.81,0.89,0.92,0.19,0.24,0.27,0.27,0.31,0.38,0.00,0.00,0.00,0.08,0.08,0.09,0.00,0.00,0.00,0.07,0.12,0.16,448125,650945,1147776,534605,735851,1218529,0,579283861,765944222,0,579284909,765941601,0,405499,0,484.53,494.27,510.96
358,2,100,100,100,26822,26822,26822,70457,70457,70457,591,591,591,0.80,0.89,0.93,0.22,0.24,0.26,0.27,0.29,0.32,0.00,0.00,0.00,0.08,0.08,0.09,0.00,0.00,0.00,0.10,0.13,0.15,223599,434674,807167,281246,520106,951304,0,528223702,757038980,0,528219509,757023256,0,405515,0,490.20,500.31,508.56
358,3,100,100,100,26903,26903,26903,70376,70376,70376,591,591,591,0.81,0.89,0.94,0.20,0.25,0.27,0.27,0.30,0.33,0.00,0.00,0.00,0.07,0.08,0.09,0.00,0.00,0.00,0.09,0.13,0.15,332805,780914,1905076,406179,869083,2052415,0,577462648,765847261,0,577462647,765855122,0,403018,0,491.94,501.91,513.02
359,0,84,96,100,26404,26404,26404,70875,70875,70875,591,591,591,0.74,0.86,0.93,0.25,0.28,0.32,0.27,0.29,0.34,0.00,0.00,0.00,0.06,0.07,0.08,0.00,0.00,0.00,0.13,0.21,0.41,240731,697109,1445508,440381,825311,1661109,0,0,0,0,0,0,0,446735,0,495.48,503.54,508.51
359,1,88,97,100,26665,26665,26665,70614,70614,70614,591,591,591,0.63,0.85,0.94,0.25,0.28,0.33,0.24,0.28,0.36,0.00,0.00,0.00,0.05,0.07,0.08,0.00,0.00,0.00,0.14,0.17,0.22,379116,512413,579167,389599,621952,822798,0,0,0,0,0,0,0,389258,0,489.58,504.97,516.49
359,2,93,98,100,26822,26822,26822,70457,70457,70457,591,591,591,0.67,0.84,0.92,0.22,0.28,0.34,0.23,0.27,0.34,0.00,0.00,0.00,0.05,0.07,0.08,0.00,0.00,0.00,0.11,0.18,0.22,332839,412464,694417,359047,517284,741585,0,0,0,0,0,0,0,432843,0,484.14,498.01,511.16
359,3,83,96,100,26903,26903,26903,70376,70376,70376,591,591,591,0.69,0.85,0.92,0.23,0.28,0.34,0.25,0.28,0.35,0.00,0.00,0.00,0.05,0.07,0.08,0.00,0.00,0.00,0.13,0.18,0.23,335449,441818,791412,395725,528291,807136,0,0,0,0,0,0,0,442117,0,495.01,504.13,514.31
360,0,97,98,100,26404,26404,26404,70875,70875,70875,591,591,591,0.95,0.97,0.98,0.27,0.30,0.31,0.25,0.37,0.44,0.00,0.00,0.00,0.11,0.16,0.18,0.00,0.00,0.00,0.07,0.11,0.16,338062,683081,1228073,385234,726027,1275956,0,0,0,0,0,0,0,306762,0,499.30,504.84,514.27
360,1,98,99,100,26665,26665,26665,70614,70614,70614,591,591,591,0.95,0.96,0.98,0.28,0.30,0.31,0.25,0.36,0.43,0.00,0.00,0.00,0.11,0.15,0.18,0.00,0.00,0.00,0.08,0.12,0.17,443485,768241,1815119,479585,809224,1861397,0,0,0,0,0,0,0,458955,0,487.74,497.45,509.27
360,2,97,98,99,26822,26822,26822,70457,70457,70457,591,591,591,0.95,0.96,0.98,0.28,0.30,0.31,0.25,0.37,0.42,0.00,0.00,0.00,0.11,0.15,0.17,0.00,0.00,0.00,0.09,0.11,0.17,330213,661229,1347039,375441,699334,1383729,0,0,0,0,0,0,0,417771,0,486.36,506.87,524.03
360,3,97,98,100,26903,26903,26903,70376,70376,70376,591,591,591,0.95,0.97,0.98,0.27,0.30,0.31,0.25,0.37,0.43,0.00,0.00,0.00,0.11,0.16,0.18,0.00,0.00,0.00,0.08,0.11,0.16,270764,590858,1257952,356361,644665,1302504,0,0,0,0,0,0,0,417762,0,494.00,506.93,519.65
361,0,95,98,100,26404,26404,26404,70875,70875,70875,591,591,591,0.85,0.93,0.98,0.16,0.33,0.50,0.31,0.38,0.44,0.00,0.00,0.00,0.03,0.09,0.17,0.00,0.00,0.00,0.04,0.17,0.35,345934,388890,479566,395728,477989,634180,0,152317126,761583010,0,152316602,761583010,0,405662,0,507.41,513.52,518.19
361,1,99,99,100,26665,26665,26665,70614,70614,70614,591,591,591,0.90,0.93,0.98,0.19,0.33,0.51,0.35,0.38,0.42,0.00,0.00,0.00,0.03,0.09,0.18,0.00,0.00,0.00,0.06,0.17,0.33,497667,686591,964535,573627,775167,998608,0,152334767,761673839,0,152335292,761673839,0,403692,0,499.77,509.50,516.90
361,2,94,98,100,26822,26822,26822,70457,70457,70457,591,591,591,0.76,0.90,0.98,0.17,0.31,0.44,0.27,0.37,0.43,0.00,0.00,0.00,0.02,0.09,0.18,0.00,0.00,0.00,0.05,0.16,0.29,227128,479922,621124,260324,566751,773129,0,152314020,761570100,0,152314544,761570100,0,398108,0,496.64,509.38,525.05
361,3,94,98,100,26903,26903,26903,70376,70376,70376,591,591,591,0.80,0.92,0.99,0.23,0.33,0.44,0.33,0.38,0.43,0.00,0.00,0.00,0.02,0.09,0.17,0.00,0.00,0.00,0.10,0.17,0.30,340238,530474,733770,489419,619679,786182,0,152311339,761554081,0,152310816,761554081,0,396318,0,500.76,513.99,523.80
362,0,99,99,100,26404,26404,26404,70875,70875,70875,591,591,591,0.81,0.86,0.99,0.18,0.22,0.24,0.33,0.36,0.45,0.00,0.00,0.00,0.07,0.09,0.12,0.00,0.00,0.00,0.05,0.09,0.11,7860,575935,1499195,39301,640771,1544549,621300508,641301702,664805381,621308132,641302178,664800140,0,442865,0,487.30,497.05,505.53
362,1,100,100,100,26665,26665,26665,70614,70614,70614,591,591,591,0.80,0.84,0.90,0.17,0.22,0.25,0.32,0.36,0.41,0.00,0.00,0.00,0.07,0.09,0.10,0.00,0.00,0.00,0.05,0.09,0.11,490015,671407,1037792,537183,713337,1090205,640615713,650318141,664804706,640618333,650318665,664804706,0,384032,0,479.43,486.08,494.98
362,2,100,100,100,26822,26822,26822,70457,70457,70457,591,591,591,0.81,0.85,0.90,0.19,0.22,0.25,0.33,0.35,0.39,0.00,0.00,0.00,0.08,0.09,0.11,0.00,0.00,0.00,0.06,0.09,0.11,340678,426120,600148,374746,461893,631597,640674867,652738266,664799365,640672246,650328684,664807227,0,441459,0,479.31,488.30,496.19
362,3,100,100,100,26903,26903,26903,70376,70376,70376,591,591,591,0.81,0.84,0.90,0.20,0.22,0.25,0.33,0.35,0.39,0.00,0.00,0.00,0.08,0.09,0.11,0.00,0.00,0.00,0.07,0.09,0.11,65517,552885,1635123,120551,598478,1687531,640500194,650241503,664719614,640489714,652626304,664714373,0,339507,0,486.01,491.77,497.44
363,0,99,99,100,26404,26404,26404,70875,70875,70875,591,591,591,0.81,0.86,0.93,0.16,0.21,0.24,0.33,0.36,0.42,0.00,0.00,0.00,0.07,0.09,0.11,0.00,0.00,0.00,0.04,0.08,0.10,557218,742732,901513,589678,792763,956547,0,549298313,870334181,0,549296045,870341170,0,389352,0,486.20,489.23,494.75
363,1,99,99,100,26665,26665,26665,70614,70614,70614,591,591,591,0.81,0.87,0.90,0.20,0.21,0.22,0.33,0.37,0.40,0.00,0.00,0.00,0.08,0.09,0.10,0.00,0.00,0.00,0.06,0.08,0.09,10417,1168416,2012658,62507,1206838,2043037,34286075,548121132,870336982,0,548743932,870338729,0,343256,0,479.10,483.88,487.72
363,2,100,100,100,26822,26822,26822,70457,70457,70457,591,591,591,0.81,0.85,0.90,0.20,0.22,0.25,0.32,0.36,0.39,0.00,0.00,0.00,0.08,0.09,0.10,0.00,0.00,0.00,0.07,0.09,0.11,351175,740033,1485923,382624,727755,1519992,639580474,650103619,664807577,639580474,652458245,664807577,0,302022,0,491.17,493.39,499.22
363,3,100,100,100,26903,26903,26903,70376,70376,70376,591,591,591,0.80,0.86,0.92,0.18,0.21,0.25,0.33,0.37,0.42,0.00,0.00,0.00,0.07,0.09,0.11,0.00,0.00,0.00,0.05,0.08,0.11,469110,910906,1837996,500559,949284,1871192,466957625,593305588,642046911,443199951,605110980,660381221,0,394314,0,484.73,488.89,493.52
364,0,99,99,100,26404,26404,26404,70875,70875,70875,591,591,591,0.81,0.85,0.98,0.19,0.22,0.25,0.33,0.36,0.44,0.00,0.00,0.00,0.07,0.09,0.12,0.00,0.00,0.00,0.05,0.09,0.11,319718,399911,613215,351165,441842,660385,36983666,662275898,1305494009,0,655147930,1305496629,0,440025,0,486.75,490.98,495.30
364,1,99,99,100,26665,26665,26665,70614,70614,70614,591,591,591,0.80,0.84,0.90,0.18,0.22,0.25,0.32,0.36,0.40,0.00,0.00,0.00,0.08,0.09,0.10,0.00,0.00,0.00,0.05,0.09,0.11,461218,648356,1352292,487445,692384,1407328,0,783283562,1305489508,0,783284087,1305494750,0,388420,0,482.67,486.55,490.55
364,2,100,100,100,26822,26822,26822,70457,70457,70457,591,591,591,0.81,0.86,0.90,0.17,0.22,0.25,0.31,0.36,0.40,0.00,0.00,0.00,0.07,0.09,0.10,0.00,0.00,0.00,0.05,0.08,0.11,220134,489860,854143,253329,529999,906545,427122414,738843962,1305513429,427118920,738843801,1305518671,0,384838,0,477.94,488.04,496.42
364,3,99,99,100,26903,26903,26903,70376,70376,70376,591,591,591,0.81,0.84,0.90,0.19,0.22,0.25,0.33,0.35,0.39,0.00,0.00,0.00,0.08,0.09,0.11,0.00,0.00,0.00,0.06,0.09,0.11,345929,534619,736402,377377,577075,786195,640691131,655153290,664796943,640698993,655153814,664793372,0,388778,0,487.07,489.71,491.35
365,0,100,100,100,26404,26404,26404,70875,70875,70875,591,591,591,0.82,0.90,0.96,0.18,0.23,0.27,0.24,0.32,0.43,0.00,0.00,0.00,0.07,0.08,0.11,0.00,0.00,0.00,0.05,0.12,0.17,128413,570307,1242189,256827,649737,1341774,627806215,697770622,765990655,640696328,704899427,765998517,0,405533,0,486.58,492.57,498.70
365,1,99,99,100,26665,26665,26665,70614,70614,70614,591,591,591,0.81,0.89,0.92,0.16,0.24,0.27,0.27,0.31,0.42,0.00,0.00,0.00,0.07,0.08,0.11,0.00,0.00,0.00,0.04,0.12,0.16,482050,751579,1231723,576364,836483,1312964,0,579259018,765746940,0,579260066,765754799,0,406024,0,486.46,494.65,504.15
365,2,100,100,100,26822,26822,26822,70457,70457,70457,591,591,591,0.82,0.89,0.92,0.19,0.24,0.27,0.26,0.30,0.37,0.00,0.00,0.00,0.07,0.08,0.09,0.00,0.00,0.00,0.07,0.12,0.16,311810,436581,589649,379937,521486,704959,0,579254927,765810883,0,579253879,765803023,0,409403,0,483.26,497.15,507.99
365,3,100,100,100,26903,26903,26903,70376,70376,70376,591,591,591,0.85,0.90,0.92,0.19,0.23,0.27,0.27,0.32,0.40,0.00,0.00,0.00,0.07,0.09,0.10,0.00,0.00,0.00,0.06,0.11,0.16,31448,492159,1457079,115311,570256,1519974,640679742,707449036,766008421,640674500,707447463,766000559,0,461037,0,484.89,494.93,504.76
366,0,91,98,100,26404,26404,26404,70875,70875,70875,591,591,591,0.81,0.87,0.92,0.25,0.28,0.32,0.27,0.30,0.34,0.00,0.00,0.00,0.06,0.07,0.08,0.00,0.00,0.00,0.14,0.17,0.21,335441,464864,883302,351165,556946,941834,0,391764112,970263647,0,391763927,970260100,0,301302,0,499.22,507.95,515.05
366,1,86,97,100,26665,26665,26665,70614,70614,70614,591,591,591,0.66,0.87,0.94,0.25,0.28,0.35,0.27,0.29,0.35,0.00,0.00,0.00,0.05,0.07,0.09,0.00,0.00,0.00,0.14,0.17,0.24,422491,762745,1378571,505977,857859,1387285,0,386605094,952891038,0,387533284,942617107,0,392852,0,495.74,507.98,516.76
366,2,93,98,100,26822,26822,26822,70457,70457,70457,591,591,591,0.71,0.87,0.94,0.24,0.28,0.37,0.24,0.29,0.41,0.00,0.00,0.00,0.05,0.07,0.08,0.00,0.00,0.00,0.13,0.17,0.25,332827,565534,1022067,390482,616898,1032549,0,484416968,988535471,0,484419102,988548574,0,440903,0,494.17,502.90,512.85
366,3,91,98,100,26903,26903,26903,70376,70376,70376,591,591,591,0.78,0.87,0.93,0.26,0.28,0.33,0.27,0.29,0.34,0.00,0.00,0.00,0.06,0.07,0.08,0.00,0.00,0.00,0.15,0.17,0.22,335433,545435,815004,348536,618986,870037,0,388858967,955729926,0,388856871,955735167,0,399472,0,504.25,513.17,519.62
367,0,99,99,100,26404,26404,26404,70875,70875,70875,591,591,591,0.95,0.97,0.98,0.27,0.30,0.31,0.25,0.35,0.43,0.00,0.00,0.00,0.11,0.15,0.18,0.00,0.00,0.00,0.07,0.11,0.16,327586,411429,652491,364276,481659,683936,0,0,0,0,0,0,0,407890,0,493.53,497.81,501.42
367,1,98,99,100,26665,26665,26665,70614,70614,70614,591,591,591,0.96,0.97,0.98,0.27,0.30,0.31,0.25,0.37,0.43,0.00,0.00,0.00,0.11,0.15,0.17,0.00,0.00,0.00,0.08,0.11,0.16,484826,611669,1100690,513661,648883,1142621,0,0,0,0,0,0,0,407736,0,497.38,502.40,508.21
367,2,99,99,100,26822,26822,26822,70457,70457,70457,591,591,591,0.88,0.95,0.98,0.28,0.30,0.31,0.23,0.35,0.43,0.00,0.00,0.00,0.10,0.15,0.18,0.00,0.00,0.00,0.08,0.11,0.15,327509,550382,1017098,377291,626781,1039645,0,0,0,0,0,0,0,420663,0,497.59,508.88,519.21
367,3,98,99,100,26903,26903,26903,70376,70376,70376,591,591,591,0.94,0.96,0.98,0.27,0.30,0.31,0.25,0.36,0.42,0.00,0.00,0.00,0.11,0.15,0.17,0.00,0.00,0.00,0.09,0.12,0.17,335439,410358,560845,382610,466953,584431,0,0,0,0,0,0,0,312021,0,504.12,508.40,512.54
368,0,99,99,100,26404,26404,26404,70875,70875,70875,591,591,591,0.81,0.93,0.98,0.31,0.36,0.48,0.35,0.40,0.41,0.00,0.00,0.00,0.03,0.12,0.17,0.00,0.00,0.00,0.09,0.18,0.32,131029,623713,1559306,280402,741650,1590755,0,152316614,761583072,0,152317662,761588314,0,460130,0,513.88,519.14,523.38
368,1,94,98,100,26665,26665,26665,70614,70614,70614,591,591,591,0.80,0.92,0.98,0.24,0.34,0.46,0.31,0.37,0.42,0.00,0.00,0.00,0.03,0.11,0.18,0.00,0.00,0.00,0.09,0.18,0.32,461244,739537,1239512,492692,831259,1289303,0,152307576,761537884,0,152306528,761530022,0,402004,0,505.27,509.57,512.80
368,2,99,99,100,26822,26822,26822,70457,70457,70457,591,591,591,0.72,0.92,0.99,0.25,0.33,0.42,0.26,0.36,0.42,0.00,0.00,0.00,0.02,0.09,0.17,0.00,0.00,0.00,0.10,0.18,0.27,230602,371085,600171,276024,502295,631621,0,524,2620,0,152313471,761567358,0,445653,0,501.75,518.52,527.01
368,3,99,99,100,26903,26903,26903,70376,70376,70376,591,591,591,0.81,0.92,0.98,0.22,0.34,0.46,0.30,0.37,0.43,0.00,0.00,0.00,0.03,0.10,0.18,0.00,0.00,0.00,0.08,0.18,0.31,152001,317101,374763,201794,409346,526725,0,152315663,761578318,0,0,0,0,455550,0,514.08,522.18,527.88
369,0,99,99,100,26404,26404,26404,70875,70875,70875,591,591,591,0.84,0.87,0.90,0.18,0.21,0.24,0.33,0.36,0.40,0.00,0.00,0.00,0.07,0.09,0.11,0.00,0.00,0.00,0.05,0.08,0.10,323203,496237,802048,353742,483432,837695,0,546313829,887860517,0,546312753,887858734,0,387579,0,485.44,496.04,509.27
369,1,99,99,100,26665,26665,26665,70614,70614,70614,591,591,591,0.81,0.87,0.95,0.18,0.21,0.24,0.33,0.37,0.43,0.00,0.00,0.00,0.06,0.09,0.11,0.00,0.00,0.00,0.04,0.08,0.11,437659,662844,1288627,490073,699189,1321316,0,595657724,1305506976,0,595656639,1305501735,0,342504,0,486.01,493.85,503.37
369,2,99,99,100,26822,26822,26822,70457,70457,70457,591,591,591,0.80,0.85,0.90,0.17,0.22,0.24,0.32,0.36,0.41,0.00,0.00,0.00,0.07,0.09,0.10,0.00,0.00,0.00,0.05,0.09,0.11,319730,710210,1493803,369524,684001,1509527,0,674513881,1305512061,110795667,652751463,1194717580,0,293244,0,482.53,490.05,498.53
369,3,100,100,100,26903,26903,26903,70376,70376,70376,591,591,591,0.80,0.87,0.90,0.16,0.21,0.25,0.33,0.37,0.41,0.00,0.00,0.00,0.09,0.10,0.10,0.00,0.00,0.00,0.04,0.08,0.11,332824,704308,1336516,385237,743619,1349619,0,543964862,870361299,0,587488776,870364793,0,393202,0,486.06,493.87,507.73
370,0,99,99,100,26404,26404,26404,70875,70875,70875,591,591,591,0.81,0.85,0.98,0.18,0.22,0.25,0.33,0.36,0.45,0.00,0.00,0.00,0.07,0.09,0.12,0.00,0.00,0.00,0.05,0.09,0.11,330192,610592,959005,364260,653046,1008789,640583984,650315311,664835553,640586604,650316359,664835553,0,427646,0,478.60,481.50,487.70
370,1,99,99,100,26665,26665,26665,70614,70614,70614,591,591,591,0.81,0.84,0.90,0.16,0.22,0.25,0.32,0.35,0.41,0.00,0.00,0.00,0.07,0.09,0.10,0.00,0.00,0.00,0.05,0.09,0.11,454349,705190,1202890,482212,747137,1252683,628373610,650506212,677975615,628381321,650507220,677972942,0,388091,0,479.35,483.31,487.03
370,2,99,99,100,26822,26822,26822,70457,70457,70457,591,591,591,0.81,0.85,0.91,0.16,0.22,0.25,0.32,0.35,0.42,0.00,0.00,0.00,0.06,0.09,0.11,0.00,0.00,0.00,0.04,0.08,0.11,322345,467968,1006222,348557,508265,1058358,0,649512679,1305492338,0,649511110,1305492338,0,393099,0,482.99,489.14,494.16
370,3,99,99,100,26903,26903,26903,70376,70376,70376,591,591,591,0.81,0.84,0.90,0.20,0.22,0.25,0.32,0.35,0.39,0.00,0.00,0.00,0.07,0.09,0.10,0.00,0.00,0.00,0.07,0.09,0.11,332834,540188,993236,364283,583549,1045649,627439991,647667912,664815127,627432292,647667420,664812506,0,391309,0,488.31,491.10,495.11
371,0,99,99,100,26404,26404,26404,70875,70875,70875,591,591,591,0.80,0.86,0.90,0.19,0.21,0.25,0.33,0.37,0.40,0.00,0.00,0.00,0.08,0.09,0.11,0.00,0.00,0.00,0.06,0.08,0.11,117932,786660,1632119,149380,824441,1659739,625279668,646505267,664801059,625279668,646503192,664798439,0,295550,0,483.09,490.31,495.83
371,1,100,100,100,26665,26665,26665,70614,70614,70614,591,591,591,0.81,0.85,0.95,0.16,0.21,0.24,0.32,0.36,0.43,0.00,0.00,0.00,0.06,0.09,0.11,0.00,0.00,0.00,0.04,0.08,0.11,482206,620052,822898,513654,659886,870071,640682084,655152132,664795598,640682084,655152656,664795598,0,393405,0,484.08,487.47,490.24
371,2,100,100,100,26822,26822,26822,70457,70457,70457,591,591,591,0.82,0.86,0.95,0.17,0.22,0.25,0.32,0.36,0.43,0.00,0.00,0.00,0.07,0.09,0.11,0.00,0.00,0.00,0.04,0.08,0.11,218393,439922,686619,256830,483775,723309,0,568118633,870341355,0,568119681,870336114,0,389722,0,483.94,489.76,496.30
371,3,99,99,100,26903,26903,26903,70376,70376,70376,591,591,591,0.80,0.87,0.96,0.16,0.21,0.25,0.33,0.38,0.43,0.00,0.00,0.00,0.06,0.09,0.11,0.00,0.00,0.00,0.04,0.08,0.11,338062,423502,589658,369510,458619,636830,36983234,529591075,1194535085,0,522196423,1120730828,0,443878,0,482.16,487.19,491.97
372,0,100,100,100,26404,26404,26404,70875,70875,70875,591,591,591,0.80,0.88,0.94,0.20,0.23,0.27,0.27,0.32,0.40,0.00,0.00,0.00,0.07,0.09,0.10,0.00,0.00,0.00,0.08,0.11,0.15,374758,522937,747901,474311,600294,783515,504702771,662784948,765946795,504704518,662785346,765938933,0,395419,0,487.73,491.96,496.93
372,1,100,100,100,26665,26665,26665,70614,70614,70614,591,591,591,0.80,0.90,0.97,0.18,0.23,0.27,0.26,0.32,0.44,0.00,0.00,0.00,0.08,0.09,0.11,0.00,0.00,0.00,0.05,0.11,0.16,463833,873681,1873850,497899,957012,1957715,640655602,707367815,765796288,640652981,707367814,765801528,0,449872,0,488.45,493.94,501.15
372,2,100,100,100,26822,26822,26822,70457,70457,70457,591,591,591,0.86,0.90,0.92,0.16,0.23,0.26,0.27,0.32,0.42,0.00,0.00,0.00,0.07,0.09,0.11,0.00,0.00,0.00,0.04,0.11,0.15,324966,682947,1381086,340690,762092,1457086,640695611,707448587,766008230,640698232,707447539,766013472,0,452254,0,485.50,493.10,502.35
372,3,100,100,100,26903,26903,26903,70376,70376,70376,591,591,591,0.81,0.87,0.93,0.20,0.24,0.26,0.27,0.32,0.36,0.00,0.00,0.00,0.07,0.08,0.10,0.00,0.00,0.00,0.09,0.11,0.14,136275,548405,1336558,183447,628244,1480696,472485220,785713117,1268500929,472485220,793109185,1305473409,0,408559,0,483.31,492.77,500.56
374,0,83,97,100,26404,26404,26404,70875,70875,70875,591,591,591,0.80,0.92,0.98,0.25,0.29,0.37,0.25,0.32,0.43,0.00,0.00,0.00,0.07,0.11,0.18,0.00,0.00,0.00,0.08,0.14,0.25,159859,541379,1470102,209651,611738,1698086,0,242164215,988229144,0,242164739,988231763,0,957053,0,491.62,501.34,511.06
374,1,85,98,100,26665,26665,26665,70614,70614,70614,591,591,591,0.72,0.91,0.98,0.23,0.29,0.37,0.24,0.32,0.43,0.00,0.00,0.00,0.06,0.11,0.18,0.00,0.00,0.00,0.08,0.14,0.25,383457,648711,1095428,453176,715852,1323424,0,238420070,988547625,0,235873301,988539763,0,897759,0,489.09,500.29,512.27
374,2,90,97,100,26822,26822,26822,70457,70457,70457,591,591,591,0.69,0.91,0.98,0.24,0.28,0.32,0.25,0.32,0.43,0.00,0.00,0.00,0.06,0.11,0.18,0.00,0.00,0.00,0.08,0.14,0.21,214888,424345,733778,255070,492261,749502,0,242125025,724829387,0,242141184,770944368,0,908326,0,495.03,505.38,517.82
374,3,83,97,100,26903,26903,26903,70376,70376,70376,591,591,591,0.81,0.91,0.98,0.22,0.29,0.36,0.23,0.32,0.43,0.00,0.00,0.00,0.06,0.11,0.18,0.00,0.00,0.00,0.08,0.14,0.24,332829,455121,743514,345946,523491,829792,0,242211361,988543898,0,242210837,988533415,0,811091,0,499.38,509.92,519.41
375,0,96,98,100,26404,26404,26404,70875,70875,70875,591,591,591,0.90,0.95,0.98,0.28,0.39,0.50,0.31,0.39,0.43,0.00,0.00,0.00,0.04,0.11,0.18,0.00,0.00,0.00,0.04,0.17,0.35,355971,536311,780967,345931,583608,948692,0,0,0,0,0,0,0,413794,0,510.95,518.68,523.39
375,1,99,99,100,26665,26665,26665,70614,70614,70614,591,591,591,0.89,0.94,0.98,0.21,0.34,0.49,0.33,0.38,0.43,0.00,0.00,0.00,0.03,0.11,0.18,0.00,0.00,0.00,0.08,0.18,0.32,437643,583871,859515,500555,674020,956472,0,0,0,0,0,0,0,456811,0,509.80,511.29,514.08
375,2,94,98,100,26822,26822,26822,70457,70457,70457,591,591,591,0.73,0.91,0.98,0.22,0.34,0.42,0.26,0.37,0.41,0.00,0.00,0.00,0.02,0.09,0.17,0.00,0.00,0.00,0.09,0.18,0.28,356397,1001067,2036273,537217,847741,1624775,0,655,2620,0,0,0,0,351259,0,506.51,515.64,522.42
375,3,94,98,100,26903,26903,26903,70376,70376,70376,591,591,591,0.86,0.93,0.98,0.25,0.35,0.44,0.33,0.38,0.41,0.00,0.00,0.00,0.02,0.10,0.17,0.00,0.00,0.00,0.10,0.19,0.31,141511,543174,1339145,280403,635420,1488521,0,101544225,507721126,0,655,2620,0,463216,0,517.65,520.42,522.83
376,0,99,99,100,26404,26404,26404,70875,70875,70875,591,591,591,0.80,0.84,0.89,0.16,0.22,0.25,0.33,0.36,0.41,0.00,0.00,0.00,0.08,0.09,0.11,0.00,0.00,0.00,0.08,0.09,0.11,330199,404111,681392,377389,467794,712840,427140210,789747045,1305470736,427141957,789743551,1305470736,0,439029,0,492.33,502.60,515.91
376,1,99,99,100,26665,26665,26665,70614,70614,70614,591,591,591,0.81,0.85,0.90,0.19,0.22,0.25,0.33,0.36,0.40,0.00,0.00,0.00,0.08,0.09,0.11,0.00,0.00,0.00,0.06,0.09,0.11,435011,879835,2067757,484802,920353,2099206,640654606,728755481,860539037,640662467,728757223,860540765,0,289543,0,481.23,492.49,508.26
376,2,100,100,100,26822,26822,26822,70457,70457,70457,591,591,591,0.81,0.86,0.92,0.17,0.22,0.25,0.33,0.36,0.42,0.00,0.00,0.00,0.07,0.09,0.11,0.00,0.00,0.00,0.05,0.08,0.11,345934,497846,605259,395728,844062,2067721,0,538310524,761576372,640563274,672885455,761576372,0,385215,0,486.08,492.79,499.33
376,3,99,99,100,26903,26903,26903,70376,70376,70376,591,591,591,0.80,0.85,0.90,0.16,0.22,0.25,0.32,0.36,0.41,0.00,0.00,0.00,0.07,0.09,0.10,0.00,0.00,0.00,0.05,0.09,0.12,327583,465827,788822,340687,505138,825512,0,652750698,1305519088,0,623745832,1305519088,0,389822,0,490.80,498.39,511.71
377,0,99,99,100,26404,26404,26404,70875,70875,70875,591,591,591,0.81,0.86,0.90,0.17,0.21,0.25,0.32,0.37,0.41,0.00,0.00,0.00,0.07,0.09,0.10,0.00,0.00,0.00,0.05,0.08,0.11,47152,507936,1182199,78588,543053,1232003,0,522202730,1305787581,0,522203028,1305787581,0,389585,0,486.39,488.53,493.11
377,1,100,100,100,26665,26665,26665,70614,70614,70614,591,591,591,0.81,0.86,0.95,0.17,0.21,0.25,0.33,0.37,0.44,0.00,0.00,0.00,0.07,0.09,0.11,0.00,0.00,0.00,0.05,0.08,0.11,438130,619626,1134758,470188,659058,1184551,0,652820936,1305488162,0,652819353,1305485541,0,386111,0,476.94,480.80,485.37
377,2,100,100,100,26822,26822,26822,70457,70457,70457,591,591,591,0.81,0.87,0.90,0.17,0.21,0.25,0.33,0.37,0.40,0.00,0.00,0.00,0.08,0.09,0.11,0.00,0.00,0.00,0.05,0.08,0.11,332820,376837,529379,364267,417193,566069,640691980,655119367,664797694,640689360,655120415,664800315,0,390240,0,478.60,486.73,490.20
377,3,99,99,100,26903,26903,26903,70376,70376,70376,591,591,591,0.81,0.88,0.98,0.16,0.20,0.25,0.33,0.38,0.45,0.00,0.00,0.00,0.07,0.10,0.12,0.00,0.00,0.00,0.04,0.07,0.11,330206,408240,615864,361654,447450,665657,0,520151193,701107649,0,520602535,807217117,0,391305,0,487.59,491.82,496.70
378,0,99,99,100,26404,26404,26404,70875,70875,70875,591,591,591,0.80,0.86,0.94,0.16,0.22,0.24,0.32,0.37,0.43,0.00,0.00,0.00,0.06,0.09,0.11,0.00,0.00,0.00,0.04,0.09,0.11,331558,431449,801605,379575,474502,829867,0,652552248,1304030777,0,652551212,1304025542,0,293777,0,485.45,487.93,491.55
378,1,99,99,100,26665,26665,26665,70614,70614,70614,591,591,591,0.80,0.86,0.90,0.18,0.21,0.25,0.33,0.37,0.40,0.00,0.00,0.00,0.08,0.09,0.11,0.00,0.00,0.00,0.05,0.08,0.11,448129,612181,841239,497911,652015,872662,0,522188574,1305489947,0,522189679,1305489947,0,392189,0,485.12,487.33,490.96
378,2,100,100,100,26822,26822,26822,70457,70457,70457,591,591,591,0.81,0.86,0.96,0.17,0.22,0.25,0.32,0.36,0.44,0.00,0.00,0.00,0.07,0.09,0.11,0.00,0.00,0.00,0.05,0.08,0.11,211395,545446,1336558,246336,587026,1388972,0,563291119,870298233,0,563290770,870296486,0,390302,0,487.12,490.82,495.80
378,3,100,100,100,26903,26903,26903,70376,70376,70376,591,591,591,0.80,0.84,0.91,0.18,0.22,0.25,0.33,0.36,0.41,0.00,0.00,0.00,0.07,0.09,0.11,0.00,0.00,0.00,0.05,0.09,0.11,141516,381038,600161,191309,424016,649956,605025938,650309527,700459003,640552168,650310487,664821477,0,436588,0,483.40,489.73,495.33
379,0,100,100,100,26404,26404,26404,70875,70875,70875,591,591,591,0.81,0.87,0.97,0.18,0.23,0.27,0.23,0.33,0.44,0.00,0.00,0.00,0.07,0.09,0.12,0.00,0.00,0.00,0.05,0.11,0.17,348544,535480,677934,476955,610428,746077,546104505,656925001,796394013,460396655,641727849,845113946,0,397793,0,484.90,492.04,501.22
379,1,100,100,100,26665,26665,26665,70614,70614,70614,591,591,591,0.81,0.87,0.93,0.18,0.23,0.27,0.27,0.32,0.39,0.00,0.00,0.00,0.08,0.08,0.09,0.00,0.00,0.00,0.07,0.11,0.16,437451,727529,1745764,542467,806665,1819160,0,689019077,1305483547,0,689018553,1305491409,0,450994,0,490.38,495.37,503.47
379,2,100,100,100,26822,26822,26822,70457,70457,70457,591,591,591,0.81,0.87,0.93,0.19,0.23,0.27,0.27,0.31,0.36,0.00,0.00,0.00,0.07,0.08,0.09,0.00,0.00,0.00,0.07,0.11,0.16,327573,422453,783580,374765,500024,867441,0,689000475,1305511435,0,689000999,1305511435,0,402984,0,485.36,491.79,499.85
379,3,99,99,100,26903,26903,26903,70376,70376,70376,591,591,591,0.81,0.88,0.92,0.19,0.23,0.26,0.26,0.33,0.39,0.00,0.00,0.00,0.08,0.09,0.11,0.00,0.00,0.00,0.06,0.10,0.15,332827,780781,1391586,411448,854335,1438759,536946670,635299408,669303972,510666281,637925850,708716571,0,401425,0,490.73,496.21,504.04
380,0,89,97,100,26404,26404,26404,70875,70875,70875,591,591,591,0.79,0.89,0.92,0.25,0.27,0.31,0.27,0.28,0.31,0.00,0.00,0.00,0.07,0.08,0.08,0.00,0.00,0.00,0.14,0.16,0.20,68132,808609,1938558,125783,869925,2032866,279765389,613026574,724880076,279770628,635820879,757048840,0,459481,0,504.05,509.34,513.24
380,1,85,97,100,26665,26665,26665,70614,70614,70614,591,591,591,0.64,0.87,0.94,0.25,0.26,0.28,0.26,0.27,0.28,0.00,0.00,0.00,0.05,0.07,0.08,0.00,0.00,0.00,0.12,0.16,0.20,300891,732809,1395945,371386,793867,1409849,264418506,587090079,768390350,279861088,586901495,757064098,0,390535,0,495.82,504.33,511.50
380,2,98,99,100,26822,26822,26822,70457,70457,70457,591,591,591,0.70,0.88,0.94,0.24,0.26,0.27,0.24,0.26,0.27,0.00,0.00,0.00,0.05,0.07,0.09,0.00,0.00,0.00,0.13,0.15,0.16,332743,527607,888436,387763,590033,967059,39410431,631654123,988607485,157500244,631654055,988625830,0,390229,0,494.83,505.12,514.37
380,3,90,98,100,26903,26903,26903,70376,70376,70376,591,591,591,0.80,0.89,0.92,0.23,0.26,0.28,0.26,0.28,0.31,0.00,0.00,0.00,0.07,0.08,0.08,0.00,0.00,0.00,0.13,0.16,0.19,325226,416716,733792,338132,476422,812412,279793519,633685099,757044844,279780420,633684044,757044844,0,301395,0,502.62,508.76,513.01
381,0,98,99,100,26404,26404,26404,70875,70875,70875,591,591,591,0.83,0.94,0.98,0.28,0.30,0.32,0.25,0.33,0.43,0.00,0.00,0.00,0.07,0.12,0.18,0.00,0.00,0.00,0.08,0.13,0.21,322064,658589,1168844,347625,695922,1205534,0,0,0,0,0,0,0,408157,0,500.69,501.73,502.32
381,1,97,98,100,26665,26665,26665,70614,70614,70614,591,591,591,0.89,0.95,0.98,0.28,0.31,0.35,0.25,0.35,0.42,0.00,0.00,0.00,0.07,0.12,0.16,0.00,0.00,0.00,0.08,0.14,0.22,440269,599586,1008879,482200,675058,1027222,0,0,0,0,0,0,0,408544,0,488.68,492.36,500.23
381,2,92,97,100,26822,26822,26822,70457,70457,70457,591,591,591,0.88,0.92,0.97,0.29,0.31,0.37,0.23,0.35,0.42,0.00,0.00,0.00,0.07,0.12,0.17,0.00,0.00,0.00,0.08,0.15,0.25,115304,523602,1121658,141509,607772,1160095,0,0,0,0,0,0,0,314002,0,489.74,498.81,515.28
381,3,98,99,100,26903,26903,26903,70376,70376,70376,591,591,591,0.79,0.93,0.97,0.28,0.31,0.33,0.25,0.34,0.41,0.00,0.00,0.00,0.06,0.13,0.17,0.00,0.00,0.00,0.09,0.15,0.22,125786,597458,1388714,172956,676599,1438498,0,0,0,0,0,0,0,462270,0,500.68,503.73,508.44
382,0,99,99,100,26404,26404,26404,70875,70875,70875,591,591,591,0.90,0.95,0.98,0.29,0.35,0.47,0.34,0.40,0.42,0.00,0.00,0.00,0.03,0.13,0.18,0.00,0.00,0.00,0.10,0.17,0.32,356404,683457,1501587,403575,847767,1653580,0,0,0,0,0,0,0,466840,0,504.33,516.35,525.45
382,1,94,98,100,26665,26665,26665,70614,70614,70614,591,591,591,0.91,0.96,0.98,0.28,0.37,0.48,0.34,0.39,0.43,0.00,0.00,0.00,0.03,0.13,0.18,0.00,0.00,0.00,0.08,0.18,0.33,529379,1028602,2086021,579172,1134083,2238017,0,0,0,0,0,0,0,362080,0,505.94,510.19,516.74
382,2,99,99,100,26822,26822,26822,70457,70457,70457,591,591,591,0.78,0.93,0.98,0.29,0.36,0.43,0.29,0.38,0.42,0.00,0.00,0.00,0.02,0.11,0.17,0.00,0.00,0.00,0.09,0.18,0.29,324920,435021,592268,374706,546135,741645,0,524,2620,0,0,0,0,405116,0,511.41,518.46,525.04
382,3,99,99,100,26903,26903,26903,70376,70376,70376,591,591,591,0.90,0.95,0.98,0.28,0.35,0.47,0.34,0.40,0.43,0.00,0.00,0.00,0.03,0.13,0.18,0.00,0.00,0.00,0.08,0.15,0.32,348537,552494,768649,385225,645740,871718,0,0,0,0,349,1746,0,417930,0,513.45,522.27,525.30
383,0,99,99,100,26404,26404,26404,70875,70875,70875,591,591,591,0.80,0.88,0.95,0.16,0.23,0.27,0.32,0.37,0.44,0.00,0.00,0.00,0.06,0.09,0.11,0.00,0.00,0.00,0.04,0.10,0.15,338068,527462,877994,390482,565163,909258,0,540792221,761575704,0,540791703,761578325,0,292220,0,486.60,502.09,511.69
383,1,100,100,100,26665,26665,26665,70614,70614,70614,591,591,591,0.80,0.87,0.98,0.20,0.23,0.29,0.33,0.37,0.42,0.00,0.00,0.00,0.08,0.09,0.10,0.00,0.00,0.00,0.07,0.10,0.15,304898,723421,1211795,336259,763142,1249919,0,498758199,761586121,0,498757908,761578259,0,385828,0,482.16,499.43,509.11
383,2,100,100,100,26822,26822,26822,70457,70457,70457,591,591,591,0.81,0.88,0.99,0.18,0.23,0.27,0.32,0.37,0.42,0.00,0.00,0.00,0.07,0.09,0.10,0.00,0.00,0.00,0.05,0.10,0.14,321515,425416,663043,337199,465241,712837,0,541514460,1305334324,0,541458673,1194542936,0,397280,0,484.26,493.96,503.35
383,3,100,100,100,26903,26903,26903,70376,70376,70376,591,591,591,0.80,0.88,0.99,0.18,0.21,0.25,0.33,0.38,0.44,0.00,0.00,0.00,0.07,0.10,0.12,0.00,0.00,0.00,0.05,0.08,0.11,330206,485352,851723,361654,527808,904137,0,541553998,761570950,0,541556095,761576191,0,388085,0,480.88,497.90,510.59
384,0,99,99,100,26404,26404,26404,70875,70875,70875,591,591,591,0.80,0.85,0.99,0.18,0.22,0.25,0.33,0.36,0.46,0.00,0.00,0.00,0.07,0.09,0.12,0.00,0.00,0.00,0.04,0.09,0.12,345897,488758,886747,377342,531264,939234,632221679,655556244,675356636,632224172,655556162,675351111,0,387574,0,484.08,488.04,491.77
384,1,99,99,100,26665,26665,26665,70614,70614,70614,591,591,591,0.81,0.86,0.90,0.18,0.21,0.25,0.32,0.37,0.40,0.00,0.00,0.00,0.08,0.09,0.10,0.00,0.00,0.00,0.05,0.08,0.11,440223,531471,838645,487455,570256,856991,640688218,655145826,664810980,640693459,655144254,664808359,0,389502,0,485.83,490.30,495.72
384,2,99,99,100,26822,26822,26822,70457,70457,70457,591,591,591,0.80,0.85,0.91,0.16,0.22,0.24,0.32,0.35,0.42,0.00,0.00,0.00,0.07,0.09,0.11,0.00,0.00,0.00,0.04,0.09,0.11,138896,427696,817656,191310,471723,867449,0,655154547,1305493894,0,655156643,1305496514,0,436563,0,488.74,492.28,497.56
384,3,99,99,100,26903,26903,26903,70376,70376,70376,591,591,591,0.81,0.84,0.90,0.19,0.22,0.25,0.33,0.36,0.39,0.00,0.00,0.00,0.08,0.09,0.11,0.00,0.00,0.00,0.06,0.09,0.11,133652,663797,1472859,165100,706907,1520032,640190833,650159950,664807265,640185786,650159465,664812506,0,436836,0,484.91,489.51,492.62
385,0,99,99,100,26404,26404,26404,70875,70875,70875,591,591,591,0.80,0.84,0.90,0.17,0.22,0.25,0.33,0.35,0.41,0.00,0.00,0.00,0.07,0.09,0.11,0.00,0.00,0.00,0.05,0.09,0.11,327575,580214,1331301,359022,622669,1381094,640674457,650327502,664804812,640677077,650328550,664799571,0,438320,0,483.05,486.10,493.04
385,1,100,100,100,26665,26665,26665,70614,70614,70614,591,591,591,0.80,0.84,0.93,0.16,0.22,0.25,0.32,0.35,0.42,0.00,0.00,0.00,0.07,0.09,0.11,0.00,0.00,0.00,0.04,0.09,0.11,432407,594369,870068,471716,638396,891034,640679960,650331093,664796274,640690443,650333190,664796274,0,443843,0,486.25,489.01,495.41
385,2,99,99,100,26822,26822,26822,70457,70457,70457,591,591,591,0.82,0.86,0.90,0.19,0.22,0.25,0.32,0.36,0.39,0.00,0.00,0.00,0.06,0.09,0.10,0.00,0.00,0.00,0.06,0.08,0.11,322241,584755,1347032,358919,624939,1381101,443191920,606000136,664579242,443198909,605997339,664587101,0,392262,0,489.98,490.73,491.44
385,3,99,99,100,26903,26903,26903,70376,70376,70376,591,591,591,0.80,0.84,0.90,0.17,0.22,0.25,0.32,0.35,0.40,0.00,0.00,0.00,0.07,0.09,0.10,0.00,0.00,0.00,0.05,0.09,0.11,324941,674813,1392782,377351,715160,1445142,640035731,650230920,665031923,640038349,650229870,665024058,0,392619,0,486.73,490.49,497.41
386,0,100,100,100,26404,26404,26404,70875,70875,70875,591,591,591,0.80,0.88,0.92,0.20,0.23,0.26,0.28,0.34,0.40,0.00,0.00,0.00,0.08,0.09,0.10,0.00,0.00,0.00,0.07,0.10,0.14,314485,584301,1242191,343312,653118,1388948,510658018,635991536,699015464,510654524,635991347,699020634,0,396404,0,488.12,493.07,498.50
386,1,100,100,100,26665,26665,26665,70614,70614,70614,591,591,591,0.82,0.88,0.97,0.18,0.22,0.26,0.27,0.34,0.43,0.00,0.00,0.00,0.06,0.09,0.11,0.00,0.00,0.00,0.05,0.10,0.15,298652,823884,1837078,370259,895336,1865905,472309896,641669772,765964681,472308150,641667851,765962061,0,396885,0,490.56,491.97,494.10
386,2,100,100,100,26822,26822,26822,70457,70457,70457,591,591,591,0.81,0.88,0.92,0.16,0.22,0.25,0.27,0.33,0.40,0.00,0.00,0.00,0.07,0.08,0.10,0.00,0.00,0.00,0.05,0.10,0.14,314483,428742,607994,343316,501072,655166,640704630,688995521,766001144,640702009,688996569,766009006,0,402521,0,482.48,489.77,496.62
386,3,100,100,100,26903,26903,26903,70376,70376,70376,591,591,591,0.80,0.88,0.94,0.16,0.22,0.25,0.27,0.34,0.43,0.00,0.00,0.00,0.08,0.09,0.11,0.00,0.00,0.00,0.04,0.10,0.13,327584,450127,610189,387865,521343,672772,110947472,637382770,1194549198,0,637384413,1305497026,0,298680,0,486.90,492.07,499.54
387,0,100,100,100,26404,26404,26404,70875,70875,70875,591,591,591,0.72,0.88,0.94,0.23,0.25,0.27,0.19,0.26,0.29,0.00,0.00,0.00,0.06,0.08,0.09,0.00,0.00,0.00,0.13,0.15,0.16,327502,410146,583199,356323,484130,664575,0,0,0,0,0,0,0,398736,0,501.46,509.02,515.15
387,1,100,100,100,26665,26665,26665,70614,70614,70614,591,591,591,0.65,0.87,0.95,0.22,0.26,0.27,0.19,0.25,0.28,0.00,0.00,0.00,0.05,0.07,0.09,0.00,0.00,0.00,0.14,0.15,0.16,458613,616886,1100626,474337,693931,1247376,188608635,0,0,100546720,0,0,0,388485,0,495.36,503.69,510.52
387,2,90,98,100,26822,26822,26822,70457,70457,70457,591,591,591,0.85,0.91,0.93,0.23,0.26,0.27,0.24,0.27,0.28,0.00,0.00,0.00,0.07,0.08,0.08,0.00,0.00,0.00,0.12,0.15,0.16,325191,387860,602729,345891,442776,626315,0,581813222,751517984,0,591140222,770862772,0,391179,0,502.95,511.25,518.12
387,3,100,100,100,26903,26903,26903,70376,70376,70376,591,591,591,0.81,0.89,0.92,0.24,0.26,0.27,0.23,0.26,0.28,0.00,0.00,0.00,0.07,0.08,0.08,0.00,0.00,0.00,0.13,0.15,0.16,131035,642037,1404679,204414,714366,1483299,0,0,0,0,0,0,0,406611,0,503.84,509.98,516.41
388,0,83,94,100,26404,26404,26404,70875,70875,70875,591,591,591,0.88,0.93,0.98,0.30,0.32,0.37,0.25,0.33,0.41,0.00,0.00,0.00,0.07,0.10,0.15,0.00,0.00,0.00,0.07,0.16,0.26,385128,745574,1517335,479708,811868,1567127,0,0,0,0,0,0,0,447209,0,487.70,492.89,502.11
388,1,85,95,100,26665,26665,26665,70614,70614,70614,591,591,591,0.88,0.93,0.97,0.29,0.32,0.37,0.25,0.35,0.41,0.00,0.00,0.00,0.07,0.11,0.17,0.00,0.00,0.00,0.09,0.15,0.26,469103,864272,1425537,518896,941317,1475326,0,0,0,0,0,0,0,453389,0,487.61,492.69,496.92
388,2,98,99,100,26822,26822,26822,70457,70457,70457,591,591,591,0.63,0.86,0.98,0.28,0.30,0.34,0.24,0.34,0.43,0.00,0.00,0.00,0.05,0.12,0.18,0.00,0.00,0.00,0.08,0.15,0.22,319693,555921,903263,474298,722193,920734,0,0,0,0,0,0,0,315379,0,488.17,490.98,495.48
388,3,81,95,100,26903,26903,26903,70376,70376,70376,591,591,591,0.76,0.90,0.98,0.28,0.31,0.33,0.25,0.33,0.42,0.00,0.00,0.00,0.06,0.12,0.18,0.00,0.00,0.00,0.11,0.17,0.22,359037,454413,744279,403588,536702,757383,0,187868051,939340258,0,233451327,933805308,0,413603,0,498.92,502.08,507.57
389,0,96,98,100,26404,26404,26404,70875,70875,70875,591,591,591,0.95,0.97,0.98,0.27,0.33,0.44,0.38,0.41,0.44,0.00,0.00,0.00,0.07,0.15,0.18,0.00,0.00,0.00,0.09,0.14,0.27,335414,538277,1003696,382581,583083,1147830,0,0,0,0,0,0,0,311912,0,504.49,515.22,523.98
389,1,96,98,100,26665,26665,26665,70614,70614,70614,591,591,591,0.94,0.97,0.98,0.28,0.35,0.51,0.35,0.40,0.43,0.00,0.00,0.00,0.03,0.14,0.18,0.00,0.00,0.00,0.08,0.15,0.33,461241,624374,1061375,537253,701028,1103306,0,0,0,0,0,0,0,303075,0,511.18,513.49,516.01
389,2,94,98,100,26822,26822,26822,70457,70457,70457,591,591,591,0.80,0.94,0.98,0.31,0.34,0.44,0.29,0.38,0.41,0.00,0.00,0.00,0.02,0.13,0.17,0.00,0.00,0.00,0.10,0.15,0.29,330204,457908,793863,379996,514126,966784,0,0,0,0,0,0,0,406214,0,508.77,517.90,525.55
389,3,98,99,100,26903,26903,26903,70376,70376,70376,591,591,591,0.95,0.97,0.98,0.29,0.33,0.43,0.38,0.41,0.43,0.00,0.00,0.00,0.08,0.15,0.17,0.00,0.00,0.00,0.08,0.12,0.24,327543,406370,602834,369468,483483,652633,0,0,0,0,0,0,0,465777,0,516.39,521.00,524.66
390,0,99,99,100,26404,26404,26404,70875,70875,70875,591,591,591,0.81,0.88,0.93,0.19,0.27,0.48,0.33,0.37,0.40,0.00,0.00,0.00,0.03,0.08,0.10,0.00,0.00,0.00,0.06,0.14,0.34,301560,388922,601482,344395,450533,619476,0,491367496,1305501526,0,491367387,1305496285,0,393174,0,495.39,507.86,522.41
390,1,100,100,100,26665,26665,26665,70614,70614,70614,591,591,591,0.81,0.87,0.90,0.16,0.26,0.44,0.32,0.36,0.41,0.00,0.00,0.00,0.04,0.08,0.10,0.00,0.00,0.00,0.05,0.13,0.31,321459,669196,1145273,352906,730436,1195067,0,498836379,1305514640,0,498839000,1305525123,0,389268,0,486.65,496.93,509.83
390,2,100,100,100,26822,26822,26822,70457,70457,70457,591,591,591,0.81,0.87,0.90,0.19,0.26,0.42,0.32,0.36,0.40,0.00,0.00,0.00,0.05,0.08,0.10,0.00,0.00,0.00,0.07,0.13,0.30,317728,391649,558204,361657,450201,589652,0,411571470,761581611,0,411570437,761576369,0,392631,0,489.12,498.15,513.90
390,3,95,98,100,26903,26903,26903,70376,70376,70376,591,591,591,0.81,0.87,0.98,0.18,0.26,0.42,0.33,0.36,0.44,0.00,0.00,0.00,0.06,0.09,0.12,0.00,0.00,0.00,0.05,0.14,0.39,332830,765020,1457768,385244,828880,1612234,2413,418058749,719217291,0,413411219,761569975,0,391078,0,494.95,503.07,516.88
391,0,99,99,100,26404,26404,26404,70875,70875,70875,591,591,591,0.80,0.84,0.92,0.16,0.21,0.25,0.32,0.36,0.42,0.00,0.00,0.00,0.06,0.09,0.11,0.00,0.00,0.00,0.04,0.08,0.11,324945,805068,1491153,372114,843854,1538325,0,544314427,1305493382,0,559107581,1305496003,0,447598,0,482.92,488.71,491.38
391,1,99,99,100,26665,26665,26665,70614,70614,70614,591,591,591,0.81,0.84,0.90,0.19,0.22,0.25,0.32,0.35,0.40,0.00,0.00,0.00,0.08,0.09,0.11,0.00,0.00,0.00,0.06,0.09,0.11,450759,778279,1784375,482208,820732,1834159,35497323,655130416,1305521824,142272329,655129930,1305508720,0,445062,0,478.76,484.30,488.37
391,2,100,100,100,26822,26822,26822,70457,70457,70457,591,591,591,0.81,0.86,0.90,0.20,0.22,0.25,0.32,0.36,0.39,0.00,0.00,0.00,0.09,0.09,0.10,0.00,0.00,0.00,0.07,0.08,0.11,214894,469620,854330,248089,509803,904122,427128459,740569439,1305465286,427123217,740568915,1305470527,0,432817,0,482.57,490.38,496.38
391,3,100,100,100,26903,26903,26903,70376,70376,70376,591,591,591,0.81,0.86,0.94,0.18,0.21,0.25,0.33,0.37,0.43,0.00,0.00,0.00,0.07,0.09,0.11,0.00,0.00,0.00,0.05,0.08,0.11,330190,452298,749519,366899,492654,801933,605051851,643156889,664789568,640501601,650287849,664784327,0,389925,0,486.64,488.35,491.29
392,0,100,100,100,26404,26404,26404,70875,70875,70875,591,591,591,0.81,0.88,0.97,0.18,0.21,0.24,0.33,0.38,0.44,0.00,0.00,0.00,0.07,0.10,0.12,0.00,0.00,0.00,0.04,0.08,0.10,332829,460186,807131,364278,498972,841198,554158720,633024649,771420712,480197162,618229847,664802236,0,388953,0,484.14,488.98,494.26
392,1,100,100,100,26665,26665,26665,70614,70614,70614,591,591,591,0.81,0.86,0.90,0.16,0.21,0.25,0.32,0.37,0.41,0.00,0.00,0.00,0.07,0.09,0.10,0.00,0.00,0.00,0.05,0.08,0.11,456005,742697,1202888,487453,778331,1234336,0,522199181,1305511779,0,522198657,1305501296,0,388854,0,487.04,491.10,496.25
392,2,100,100,100,26822,26822,26822,70457,70457,70457,591,591,591,0.81,0.86,0.90,0.18,0.22,0.25,0.32,0.36,0.40,0.00,0.00,0.00,0.07,0.09,0.11,0.00,0.00,0.00,0.05,0.08,0.11,335456,530417,715433,369526,572348,749502,0,522203594,1305488068,0,522204755,1305482826,0,395396,0,478.11,484.37,490.16
392,3,100,100,100,26903,26903,26903,70376,70376,70376,591,591,591,0.80,0.86,0.90,0.19,0.21,0.24,0.33,0.37,0.40,0.00,0.00,0.00,0.08,0.09,0.11,0.00,0.00,0.00,0.06,0.08,0.11,332837,448136,600142,382632,486922,631591,640660315,655151817,664815947,640657695,655151293,664818568,0,288475,0,487.15,490.13,494.70
393,0,100,100,100,26404,26404,26404,70875,70875,70875,591,591,591,0.81,0.86,0.94,0.20,0.23,0.25,0.29,0.33,0.37,0.00,0.00,0.00,0.07,0.09,0.09,0.00,0.00,0.00,0.07,0.11,0.14,263207,575874,877921,295893,649169,948679,117984756,609775541,856970505,0,586182095,856967064,0,395983,0,480.28,490.94,501.27
393,1,100,100,100,26665,26665,26665,70614,70614,70614,591,591,591,0.80,0.87,0.92,0.20,0.23,0.27,0.27,0.33,0.38,0.00,0.00,0.00,0.08,0.09,0.10,0.00,0.00,0.00,0.08,0.11,0.16,463753,591194,767862,516155,662647,836000,443188514,772776212,1305505911,443188514,772776737,1305513774,0,398360,0,485.06,492.48,500.98
393,2,100,100,100,26822,26822,26822,70457,70457,70457,591,591,591,0.81,0.87,0.92,0.18,0.22,0.25,0.28,0.34,0.39,0.00,0.00,0.00,0.07,0.09,0.11,0.00,0.00,0.00,0.06,0.09,0.13,345901,472242,799307,377346,541428,888410,0,675382200,1305497976,0,675381152,1305492735,0,399985,0,489.55,492.59,495.29
393,3,99,99,100,26903,26903,26903,70376,70376,70376,591,591,591,0.81,0.86,0.91,0.19,0.23,0.27,0.27,0.33,0.37,0.00,0.00,0.00,0.07,0.09,0.09,0.00,0.00,0.00,0.07,0.10,0.16,15723,528857,1315552,157239,603058,1373205,42603444,631990107,1305191268,0,631987927,1305193888,0,443163,0,482.88,491.82,497.74
394,0,100,100,100,26404,26404,26404,70875,70875,70875,591,591,591,0.91,0.92,0.92,0.25,0.26,0.27,0.27,0.27,0.28,0.00,0.00,0.00,0.08,0.08,0.08,0.00,0.00,0.00,0.14,0.15,0.16,351180,642001,1388969,421940,701224,1459728,590748831,697922250,757028506,708448471,721518447,757049471,0,403674,0,503.17,509.47,513.17
394,1,100,100,100,26665,26665,26665,70614,70614,70614,591,591,591,0.92,0.93,0.94,0.25,0.26,0.27,0.27,0.28,0.29,0.00,0.00,0.00,0.08,0.08,0.08,0.00,0.00,0.00,0.14,0.15,0.16,442794,747379,1530353,505793,803982,1543455,41960629,579861125,724871936,168107145,579854397,724874557,0,357666,0,507.65,512.71,517.32
394,2,100,100,100,26822,26822,26822,70457,70457,70457,591,591,591,0.91,0.92,0.93,0.25,0.26,0.27,0.26,0.27,0.28,0.00,0.00,0.00,0.08,0.08,0.08,0.00,0.00,0.00,0.13,0.15,0.16,232354,427971,867437,302235,483075,877920,483223193,670845647,756910491,483226687,670844747,756905251,0,360332,0,493.86,505.32,514.62
394,3,100,100,100,26903,26903,26903,70376,70376,70376,591,591,591,0.91,0.92,0.94,0.23,0.26,0.27,0.27,0.27,0.29,0.00,0.00,0.00,0.08,0.08,0.09,0.00,0.00,0.00,0.13,0.15,0.16,324943,519396,930364,340667,578619,985399,118240279,603482540,757063562,0,579835533,757050458,0,411145,0,505.11,510.38,515.07
395,0,92,98,100,26404,26404,26404,70875,70875,70875,591,591,591,0.79,0.88,0.96,0.29,0.30,0.31,0.25,0.31,0.34,0.00,0.00,0.00,0.07,0.09,0.13,0.00,0.00,0.00,0.13,0.17,0.20,351165,483504,736407,419302,575882,815027,0,69968421,279873687,0,69967766,279871066,0,298603,0,493.80,497.78,501.71
395,1,85,95,100,26665,26665,26665,70614,70614,70614,591,591,591,0.67,0.85,0.95,0.29,0.31,0.33,0.25,0.29,0.35,0.00,0.00,0.00,0.05,0.09,0.13,0.00,0.00,0.00,0.13,0.18,0.21,482179,690479,1239302,505763,782858,1299564,0,69954441,279817765,0,69954441,279817765,0,401968,0,493.19,495.41,500.05
395,2,84,95,100,26822,26822,26822,70457,70457,70457,591,591,591,0.63,0.85,0.96,0.26,0.30,0.35,0.25,0.30,0.35,0.00,0.00,0.00,0.05,0.10,0.15,0.00,0.00,0.00,0.11,0.17,0.23,324895,381268,545083,340595,473640,780936,0,69954149,279816597,0,69954804,279819217,0,410328,0,491.40,494.31,497.71
395,3,90,97,100,26903,26903,26903,70376,70376,70376,591,591,591,0.78,0.87,0.94,0.27,0.30,0.34,0.25,0.30,0.37,0.00,0.00,0.00,0.06,0.09,0.12,0.00,0.00,0.00,0.14,0.18,0.23,332829,405509,576341,387864,493944,741385,0,217587373,870349494,0,247149589,988598359,0,405855,0,501.87,503.33,505.37
396,0,99,99,100,26404,26404,26404,70875,70875,70875,591,591,591,0.96,0.97,0.98,0.29,0.32,0.40,0.39,0.41,0.43,0.00,0.00,0.00,0.09,0.16,0.18,0.00,0.00,0.00,0.08,0.11,0.22,228161,343342,450745,349156,404755,500537,0,0,0,0,0,0,0,418158,0,497.71,512.58,520.71
396,1,99,99,99,26665,26665,26665,70614,70614,70614,591,591,591,0.96,0.97,0.98,0.28,0.31,0.37,0.40,0.41,0.43,0.00,0.00,0.00,0.11,0.16,0.18,0.00,0.00,0.00,0.08,0.11,0.19,474274,686132,1016856,521203,758310,1058789,0,0,0,0,0,0,0,414158,0,494.16,503.85,511.90
396,2,99,99,100,26822,26822,26822,70457,70457,70457,591,591,591,0.95,0.97,0.98,0.28,0.33,0.44,0.38,0.41,0.43,0.00,0.00,0.00,0.08,0.15,0.18,0.00,0.00,0.00,0.08,0.12,0.25,330204,530947,883170,377376,603277,930342,0,0,0,0,0,0,0,408845,0,517.07,520.82,524.53
396,3,98,99,100,26903,26903,26903,70376,70376,70376,591,591,591,0.95,0.97,0.98,0.29,0.33,0.42,0.39,0.41,0.42,0.00,0.00,0.00,0.07,0.15,0.18,0.00,0.00,0.00,0.08,0.12,0.25,303972,379991,602766,366893,449819,642950,0,0,0,0,0,0,0,469068,0,509.36,519.80,527.38
397,0,100,100,100,26404,26404,26404,70875,70875,70875,591,591,591,0.81,0.87,0.95,0.17,0.27,0.49,0.32,0.36,0.43,0.00,0.00,0.00,0.03,0.08,0.11,0.00,0.00,0.00,0.04,0.13,0.34,324963,438173,831386,353790,499466,864422,0,413409676,761567055,0,413409152,761559193,0,446068,0,503.46,510.47,522.78
397,1,99,99,100,26665,26665,26665,70614,70614,70614,591,591,591,0.81,0.87,0.93,0.19,0.27,0.48,0.32,0.36,0.40,0.00,0.00,0.00,0.04,0.08,0.10,0.00,0.00,0.00,0.06,0.13,0.32,319746,503691,817590,431571,558552,854277,0,413398541,761517661,0,413399938,761517661,0,442505,0,496.93,507.02,518.48
397,2,99,99,100,26822,26822,26822,70457,70457,70457,591,591,591,0.75,0.86,0.98,0.16,0.26,0.40,0.27,0.35,0.42,0.00,0.00,0.00,0.02,0.08,0.11,0.00,0.00,0.00,0.04,0.13,0.29,123174,435126,815446,146761,493097,848470,0,280478556,761707286,0,280477508,761709907,0,441679,0,484.60,501.16,512.22
397,3,99,99,100,26903,26903,26903,70376,70376,70376,591,591,591,0.80,0.87,0.99,0.20,0.27,0.44,0.32,0.36,0.42,0.00,0.00,0.00,0.02,0.08,0.11,0.00,0.00,0.00,0.08,0.14,0.31,34060,583362,1381109,186022,647823,1409937,0,413408336,761572715,0,413408860,761577956,0,393170,0,502.82,510.86,523.53
398,0,100,100,100,26404,26404,26404,70875,70875,70875,591,591,591,0.81,0.88,0.99,0.18,0.21,0.25,0.33,0.38,0.45,0.00,0.00,0.00,0.07,0.10,0.12,0.00,0.00,0.00,0.05,0.08,0.11,429795,811884,1357478,463864,851195,1391546,640675013,650331582,664816729,640677633,650332630,664814108,0,394465,0,488.52,494.17,499.33
398,1,100,100,100,26665,26665,26665,70614,70614,70614,591,591,591,0.81,0.87,0.91,0.16,0.21,0.24,0.32,0.37,0.41,0.00,0.00,0.00,0.07,0.09,0.11,0.00,0.00,0.00,0.04,0.08,0.11,453363,734751,1512239,479566,769864,1559414,640264060,650215035,664834846,640258822,650211891,664837467,0,388138,0,486.42,487.46,489.40
398,2,99,99,100,26822,26822,26822,70457,70457,70457,591,591,591,0.81,0.86,0.90,0.19,0.22,0.25,0.32,0.36,0.39,0.00,0.00,0.00,0.08,0.09,0.11,0.00,0.00,0.00,0.06,0.09,0.11,322356,660224,1479752,353806,703378,1525176,640666507,696256710,870285104,640669128,696258632,870286851,0,390730,0,488.76,490.29,491.75
398,3,99,99,100,26903,26903,26903,70376,70376,70376,591,591,591,0.81,0.86,0.90,0.19,0.21,0.25,0.33,0.37,0.40,0.00,0.00,0.00,0.08,0.09,0.11,0.00,0.00,0.00,0.06,0.08,0.11,330207,509984,780984,387862,550343,830779,640678292,650330050,664809285,640678292,650329526,664809285,0,393100,0,488.00,491.75,496.31
399,0,99,99,100,26404,26404,26404,70875,70875,70875,591,591,591,0.81,0.85,0.90,0.19,0.22,0.25,0.33,0.36,0.40,0.00,0.00,0.00,0.08,0.09,0.11,0.00,0.00,0.00,0.06,0.08,0.11,219201,389235,600080,253452,428057,634145,434418611,609067236,664798720,434420324,609066531,664790858,0,395626,0,483.27,488.70,495.18
399,1,100,100,100,26665,26665,26665,70614,70614,70614,591,591,591,0.81,0.86,0.97,0.18,0.22,0.24,0.33,0.36,0.43,0.00,0.00,0.00,0.06,0.09,0.12,0.00,0.00,0.00,0.05,0.09,0.11,365099,519044,801720,404708,559463,830540,436868595,609570330,664917848,436866873,609571559,664928333,0,385899,0,481.71,485.33,487.62
399,2,100,100,100,26822,26822,26822,70457,70457,70457,591,591,591,0.81,0.87,0.90,0.16,0.22,0.25,0.32,0.36,0.41,0.00,0.00,0.00,0.07,0.09,0.10,0.00,0.00,0.00,0.05,0.08,0.11,327547,406198,618489,343307,447080,668283,640688540,655136869,664797519,640688540,655137393,664794899,0,389160,0,481.27,486.23,490.29
399,3,99,99,100,26903,26903,26903,70376,70376,70376,591,591,591,0.80,0.86,0.92,0.16,0.21,0.24,0.32,0.36,0.42,0.00,0.00,0.00,0.07,0.09,0.11,0.00,0.00,0.00,0.04,0.08,0.11,330180,427515,651681,345931,465776,698854,110954962,575508179,796356383,0,568109830,870330081,0,345714,0,483.30,488.23,494.15
400,0,99,99,100,26404,26404,26404,70875,70875,70875,591,591,591,0.81,0.85,0.96,0.18,0.22,0.27,0.23,0.34,0.44,0.00,0.00,0.00,0.07,0.09,0.11,0.00,0.00,0.00,0.05,0.10,0.17,419265,844559,2004858,500062,915838,2133274,604462573,676049699,765916733,617396832,675765746,765916733,0,446356,0,490.21,493.59,497.78
400,1,100,100,100,26665,26665,26665,70614,70614,70614,591,591,591,0.80,0.87,0.91,0.16,0.22,0.26,0.27,0.35,0.41,0.00,0.00,0.00,0.07,0.09,0.11,0.00,0.00,0.00,0.04,0.10,0.16,466479,991020,2096553,521513,1062818,2209243,0,675319873,1305537277,0,675322493,1305524173,0,334946,0,478.42,485.46,493.36
400,2,100,100,100,26822,26822,26822,70457,70457,70457,591,591,591,0.81,0.87,0.95,0.16,0.22,0.25,0.28,0.34,0.43,0.00,0.00,0.00,0.06,0.09,0.11,0.00,0.00,0.00,0.04,0.10,0.14,314491,435433,594904,377393,496653,695330,443187656,628761358,766018911,443175427,628759913,766021532,0,338274,0,480.84,486.80,492.74
400,3,99,99,100,26903,26903,26903,70376,70376,70376,591,591,591,0.81,0.86,0.92,0.21,0.23,0.25,0.27,0.33,0.36,0.00,0.00,0.00,0.07,0.09,0.09,0.00,0.00,0.00,0.09,0.11,0.13,306572,590987,1395713,356358,666318,1439558,0,666310902,1305288051,0,666310865,1305293291,0,394334,0,486.85,491.18,498.17
401,0,100,100,100,26404,26404,26404,70875,70875,70875,591,591,591,0.91,0.92,0.93,0.23,0.25,0.27,0.27,0.28,0.29,0.00,0.00,0.00,0.07,0.08,0.09,0.00,0.00,0.00,0.13,0.14,0.16,332719,467770,822886,403455,539834,891023,0,547591547,756803784,0,547591547,756809024,0,308498,0,498.34,506.09,514.57
401,1,100,100,100,26665,26665,26665,70614,70614,70614,591,591,591,0.91,0.92,0.94,0.26,0.26,0.27,0.27,0.27,0.29,0.00,0.00,0.00,0.08,0.08,0.09,0.00,0.00,0.00,0.14,0.15,0.16,458427,673495,1218638,542254,749489,1286777,120595408,547621156,756735695,201270121,547618088,756730456,0,408717,0,491.32,502.26,513.22
401,2,100,100,100,26822,26822,26822,70457,70457,70457,591,591,591,0.91,0.92,0.93,0.26,0.26,0.27,0.26,0.27,0.28,0.00,0.00,0.00,0.08,0.08,0.08,0.00,0.00,0.00,0.15,0.15,0.16,363204,550950,914534,446820,624972,972184,0,547553884,754828596,118111207,577082347,754820757,0,412707,0,499.19,507.65,517.39
401,3,100,100,100,26903,26903,26903,70376,70376,70376,591,591,591,0.91,0.91,0.92,0.23,0.26,0.27,0.27,0.27,0.28,0.00,0.00,0.00,0.07,0.08,0.08,0.00,0.00,0.00,0.13,0.15,0.16,343306,482162,710184,398340,552258,775699,708703181,724764341,757022685,708703181,724766963,757030547,0,415699,0,495.87,508.49,519.45
402,0,83,96,100,26404,26404,26404,70875,70875,70875,591,591,591,0.79,0.88,0.95,0.25,0.30,0.37,0.24,0.29,0.42,0.00,0.00,0.00,0.07,0.08,0.11,0.00,0.00,0.00,0.15,0.18,0.26,332753,406671,610373,345853,488436,660146,0,339448232,988511529,0,339447708,988516770,0,395132,0,497.95,503.88,512.17
402,1,85,97,100,26665,26665,26665,70614,70614,70614,591,591,591,0.74,0.87,0.94,0.25,0.30,0.37,0.24,0.28,0.42,0.00,0.00,0.00,0.06,0.08,0.10,0.00,0.00,0.00,0.15,0.18,0.25,469106,533599,728882,484830,611999,777646,0,339457481,988569941,0,339456432,988567320,0,390472,0,495.82,500.96,511.10
402,2,87,95,100,26822,26822,26822,70457,70457,70457,591,591,591,0.72,0.87,0.94,0.25,0.29,0.37,0.23,0.28,0.41,0.00,0.00,0.00,0.05,0.08,0.12,0.00,0.00,0.00,0.13,0.17,0.25,332849,441161,667456,345953,519768,722423,0,339464081,988561335,0,315839128,988563955,0,393976,0,491.77,498.44,514.96
402,3,90,98,100,26903,26903,26903,70376,70376,70376,591,591,591,0.79,0.88,0.95,0.26,0.29,0.33,0.25,0.30,0.34,0.00,0.00,0.00,0.06,0.09,0.13,0.00,0.00,0.00,0.13,0.17,0.22,353790,456514,600127,435031,536179,626334,0,197720205,708718471,0,197719156,708710609,0,406623,0,503.79,509.19,516.82
403,0,97,98,100,26404,26404,26404,70875,70875,70875,591,591,591,0.96,0.97,0.98,0.28,0.31,0.35,0.40,0.41,0.41,0.00,0.00,0.00,0.12,0.16,0.17,0.00,0.00,0.00,0.08,0.11,0.17,218900,457832,598294,258858,531881,775705,0,0,0,0,0,0,0,469402,0,497.19,510.14,518.65
403,1,99,99,100,26665,26665,26665,70614,70614,70614,591,591,591,0.96,0.97,0.98,0.27,0.31,0.41,0.39,0.41,0.43,0.00,0.00,0.00,0.09,0.16,0.18,0.00,0.00,0.00,0.08,0.11,0.22,476977,608692,883150,518909,680848,1069214,0,0,0,0,0,0,0,464350,0,492.58,505.56,514.23
403,2,98,99,100,26822,26822,26822,70457,70457,70457,591,591,591,0.97,0.98,0.98,0.28,0.31,0.35,0.40,0.41,0.43,0.00,0.00,0.00,0.14,0.17,0.18,0.00,0.00,0.00,0.08,0.10,0.15,199105,411521,849096,338004,485293,896268,0,0,0,0,0,0,0,454447,0,497.41,515.26,523.11
403,3,98,99,100,26903,26903,26903,70376,70376,70376,591,591,591,0.95,0.97,0.98,0.29,0.33,0.45,0.38,0.41,0.42,0.00,0.00,0.00,0.06,0.15,0.17,0.00,0.00,0.00,0.08,0.13,0.26,220138,664428,1344510,258575,734317,1430999,0,0,0,0,0,0,0,467738,0,504.97,517.66,527.31
404,0,95,99,100,26404,26404,26404,70875,70875,70875,591,591,591,0.81,0.90,0.98,0.19,0.29,0.48,0.33,0.37,0.41,0.00,0.00,0.00,0.03,0.08,0.11,0.00,0.00,0.00,0.06,0.15,0.31,330198,717011,1192388,359025,775713,1341764,0,280440293,761518754,0,280440293,761526615,0,393610,0,499.50,510.85,521.46
404,1,99,99,100,26665,26665,26665,70614,70614,70614,591,591,591,0.81,0.88,0.98,0.18,0.27,0.45,0.31,0.37,0.43,0.00,0.00,0.00,0.03,0.08,0.12,0.00,0.00,0.00,0.05,0.14,0.32,455645,791395,1724406,487069,850095,1873785,0,280359178,761597694,0,280359702,761595073,0,383438,0,485.18,503.48,516.18
404,2,94,98,100,26822,26822,26822,70457,70457,70457,591,591,591,0.72,0.85,0.97,0.16,0.28,0.42,0.25,0.35,0.41,0.00,0.00,0.00,0.02,0.07,0.11,0.00,0.00,0.00,0.04,0.15,0.28,353793,880348,1433358,403586,937303,1519831,0,229684548,640701628,0,229683325,640696387,0,389469,0,487.73,497.74,507.52
404,3,100,100,100,26903,26903,26903,70376,70376,70376,591,591,591,0.81,0.87,0.99,0.22,0.27,0.43,0.33,0.36,0.43,0.00,0.00,0.00,0.02,0.08,0.11,0.00,0.00,0.00,0.09,0.14,0.30,332810,527227,888441,364256,591677,940857,0,413409529,761604088,0,413410053,761596226,0,389394,0,489.96,508.92,522.53
405,0,99,99,100,26404,26404,26404,70875,70875,70875,591,591,591,0.80,0.84,0.90,0.19,0.22,0.25,0.33,0.35,0.39,0.00,0.00,0.00,0.08,0.09,0.11,0.00,0.00,0.00,0.07,0.09,0.11,330208,464907,715457,361656,507362,762630,106624204,783293795,1305492568,0,783294651,1305490688,0,399562,0,492.24,494.38,496.49
405,1,99,99,100,26665,26665,26665,70614,70614,70614,591,591,591,0.80,0.85,0.97,0.18,0.22,0.25,0.33,0.36,0.45,0.00,0.00,0.00,0.07,0.09,0.12,0.00,0.00,0.00,0.05,0.09,0.11,511042,695454,993244,542491,737845,1043037,0,781599497,1305613162,0,781598455,1305605299,0,386524,0,484.09,486.84,489.17
405,2,100,100,100,26822,26822,26822,70457,70457,70457,591,591,591,0.81,0.86,0.93,0.16,0.22,0.25,0.32,0.36,0.43,0.00,0.00,0.00,0.06,0.09,0.11,0.00,0.00,0.00,0.04,0.09,0.11,324967,431354,592262,364258,474857,644675,0,783277893,1305456725,0,783278417,1305467207,0,389939,0,483.76,488.09,491.90
405,3,99,99,100,26903,26903,26903,70376,70376,70376,591,591,591,0.80,0.86,0.90,0.17,0.21,0.25,0.33,0.37,0.41,0.00,0.00,0.00,0.08,0.09,0.11,0.00,0.00,0.00,0.05,0.08,0.11,332831,442365,613233,366861,483247,644681,640664574,650319158,664808108,640672436,650319682,664805488,0,299851,0,485.49,489.18,492.37
406,0,99,99,100,26404,26404,26404,70875,70875,70875,591,591,591,0.80,0.86,0.93,0.18,0.22,0.25,0.33,0.36,0.42,0.00,0.00,0.00,0.07,0.09,0.11,0.00,0.00,0.00,0.05,0.08,0.11,325971,640400,1394316,358034,679432,1446734,440635946,610488162,677789001,440637683,610487904,677775641,0,437885,0,489.99,493.92,500.82
406,1,99,99,100,26665,26665,26665,70614,70614,70614,591,591,591,0.81,0.86,0.94,0.16,0.21,0.24,0.32,0.36,0.43,0.00,0.00,0.00,0.07,0.09,0.11,0.00,0.00,0.00,0.04,0.08,0.10,321447,530231,841209,356386,569190,862174,427100085,612413162,664803900,427096591,612414560,664813745,0,432593,0,478.95,484.65,489.61
406,2,100,100,100,26822,26822,26822,70457,70457,70457,591,591,591,0.81,0.85,0.95,0.17,0.22,0.24,0.33,0.35,0.43,0.00,0.00,0.00,0.06,0.09,0.11,0.00,0.00,0.00,0.04,0.09,0.11,26202,489216,1433525,78607,534191,1485939,0,655112224,1305265067,0,655111176,1305259826,0,341904,0,485.65,491.66,494.79
406,3,99,99,100,26903,26903,26903,70376,70376,70376,591,591,591,0.81,0.86,0.92,0.18,0.21,0.25,0.32,0.36,0.41,0.00,0.00,0.00,0.08,0.09,0.11,0.00,0.00,0.00,0.05,0.08,0.11,49792,881500,1327575,96963,920005,1371245,427053166,608642760,664826969,427053166,608642730,664829590,0,447084,0,485.90,491.61,495.28
407,0,99,99,100,26404,26404,26404,70875,70875,70875,591,591,591,0.80,0.85,0.90,0.19,0.22,0.25,0.33,0.36,0.40,0.00,0.00,0.00,0.08,0.09,0.11,0.00,0.00,0.00,0.07,0.08,0.11,330294,487413,904138,361751,551617,953931,640696285,652679070,664792271,640698905,652679724,664797512,0,295351,0,486.63,487.51,488.27
407,1,99,99,100,26665,26665,26665,70614,70614,70614,591,591,591,0.80,0.85,0.98,0.18,0.22,0.24,0.33,0.36,0.45,0.00,0.00,0.00,0.07,0.09,0.12,0.00,0.00,0.00,0.05,0.08,0.11,442874,811753,1462340,474321,879892,1517375,640693928,652738162,664799715,640688686,652737506,664802335,0,288867,0,482.91,486.37,491.03
407,2,100,100,100,26822,26822,26822,70457,70457,70457,591,591,591,0.85,0.87,0.90,0.16,0.21,0.24,0.34,0.37,0.40,0.00,0.00,0.00,0.07,0.09,0.10,0.00,0.00,0.00,0.05,0.08,0.09,330205,580030,775687,343308,639649,922439,443196311,597330995,664767208,443196311,597332961,664764587,0,384039,0,480.01,483.43,489.62
407,3,99,99,100,26903,26903,26903,70376,70376,70376,591,591,591,0.81,0.85,0.90,0.19,0.22,0.24,0.33,0.36,0.39,0.00,0.00,0.00,0.07,0.09,0.11,0.00,0.00,0.00,0.06,0.08,0.11,330209,519547,775700,403586,584408,825491,640691146,652742903,664806513,640693766,652740937,664801272,0,399041,0,494.15,497.91,501.75
408,0,100,100,100,26404,26404,26404,70875,70875,70875,591,591,591,0.86,0.91,0.94,0.20,0.25,0.27,0.27,0.29,0.32,0.00,0.00,0.00,0.07,0.08,0.08,0.00,0.00,0.00,0.09,0.14,0.16,317079,432365,600158,385212,504161,673539,126295754,591232733,765987864,0,591230913,765990485,0,411240,0,488.42,498.75,508.45
408,1,100,100,100,26665,26665,26665,70614,70614,70614,591,591,591,0.86,0.91,0.94,0.20,0.26,0.27,0.27,0.28,0.30,0.00,0.00,0.00,0.08,0.08,0.08,0.00,0.00,0.00,0.09,0.14,0.16,469103,552426,788804,534621,628948,870043,0,591310002,765999429,0,591310526,766007291,0,412561,0,486.11,499.98,510.53
408,2,100,100,100,26822,26822,26822,70457,70457,70457,591,591,591,0.86,0.91,0.92,0.24,0.26,0.27,0.26,0.27,0.28,0.00,0.00,0.00,0.07,0.08,0.08,0.00,0.00,0.00,0.13,0.15,0.16,330215,422914,746880,406217,500473,822879,0,591198799,766019033,0,591198799,766013792,0,409434,0,488.26,502.35,517.12
408,3,100,100,100,26903,26903,26903,70376,70376,70376,591,591,591,0.83,0.91,0.94,0.23,0.26,0.27,0.25,0.27,0.29,0.00,0.00,0.00,0.07,0.08,0.09,0.00,0.00,0.00,0.13,0.15,0.16,151999,383661,576554,230619,461756,642072,0,591324392,766000532,0,591324392,765995290,0,466082,0,498.50,506.89,514.77
409,0,91,98,100,26404,26404,26404,70875,70875,70875,591,591,591,0.79,0.89,0.96,0.25,0.29,0.32,0.25,0.28,0.31,0.00,0.00,0.00,0.07,0.08,0.11,0.00,0.00,0.00,0.14,0.17,0.20,330230,391076,534499,385151,460742,558768,0,339431188,708717364,0,339432236,708725226,0,451792,0,503.32,507.30,513.54
409,1,86,96,100,26665,26665,26665,70614,70614,70614,591,591,591,0.65,0.87,0.95,0.25,0.29,0.34,0.25,0.28,0.34,0.00,0.00,0.00,0.05,0.08,0.11,0.00,0.00,0.00,0.13,0.17,0.22,424554,598134,1192357,440278,679336,1226424,0,337181428,712823500,0,337228173,708676983,0,389986,0,492.43,498.89,513.70
409,2,95,98,100,26822,26822,26822,70457,70457,70457,591,591,591,0.70,0.87,0.94,0.23,0.28,0.32,0.25,0.28,0.31,0.00,0.00,0.00,0.06,0.08,0.12,0.00,0.00,0.00,0.12,0.18,0.28,317179,658176,1084179,343392,736724,1296087,0,339497440,755370535,0,339497073,786407847,0,441092,0,491.85,500.57,515.37
409,3,83,96,100,26903,26903,26903,70376,70376,70376,591,591,591,0.76,0.88,0.96,0.22,0.30,0.37,0.22,0.29,0.41,0.00,0.00,0.00,0.06,0.08,0.11,0.00,0.00,0.00,0.12,0.18,0.26,346187,680568,1383700,429481,758032,1409907,0,339457365,988585686,0,339457889,988588306,0,408046,0,500.85,508.70,520.33
410,0,98,98,99,26404,26404,26404,70875,70875,70875,591,591,591,0.96,0.97,0.98,0.28,0.30,0.32,0.41,0.42,0.43,0.00,0.00,0.00,0.17,0.17,0.18,0.00,0.00,0.00,0.08,0.09,0.10,340690,671359,1381121,385230,738164,1430915,0,0,0,0,0,0,0,419009,0,500.13,509.21,519.42
410,1,97,98,99,26665,26665,26665,70614,70614,70614,591,591,591,0.97,0.97,0.98,0.27,0.29,0.31,0.41,0.42,0.43,0.00,0.00,0.00,0.17,0.17,0.18,0.00,0.00,0.00,0.07,0.09,0.10,463856,742686,1263107,503166,808202,1310277,0,0,0,0,0,0,0,410530,0,490.48,502.44,509.42
410,2,98,99,100,26822,26822,26822,70457,70457,70457,591,591,591,0.96,0.97,0.98,0.28,0.31,0.35,0.40,0.41,0.43,0.00,0.00,0.00,0.14,0.17,0.18,0.00,0.00,0.00,0.08,0.10,0.15,337984,498429,746883,382525,571281,877954,0,0,0,0,0,0,0,421181,0,493.91,512.61,525.04
410,3,99,99,100,26903,26903,26903,70376,70376,70376,591,591,591,0.96,0.97,0.98,0.28,0.31,0.36,0.39,0.41,0.43,0.00,0.00,0.00,0.13,0.16,0.18,0.00,0.00,0.00,0.08,0.11,0.17,330201,477308,714572,372132,549812,754755,0,0,0,0,0,0,0,313462,0,504.22,517.64,522.94
411,0,99,99,100,26404,26404,26404,70875,70875,70875,591,591,591,0.80,0.89,0.94,0.18,0.32,0.50,0.33,0.36,0.40,0.00,0.00,0.00,0.03,0.07,0.10,0.00,0.00,0.00,0.05,0.18,0.32,332816,510491,794071,348539,579675,953933,0,280445417,761571747,0,280444892,761571747,0,398707,0,499.98,512.22,522.16
411,1,93,98,100,26665,26665,26665,70614,70614,70614,591,591,591,0.81,0.89,0.97,0.18,0.31,0.50,0.33,0.37,0.40,0.00,0.00,0.00,0.03,0.07,0.11,0.00,0.00,0.00,0.05,0.17,0.33,442853,630523,1278903,471678,698659,1312972,0,280453456,761581976,0,280455028,761584597,0,391568,0,495.21,506.23,513.98
411,2,94,98,100,26822,26822,26822,70457,70457,70457,591,591,591,0.81,0.87,0.99,0.19,0.27,0.44,0.32,0.36,0.42,0.00,0.00,0.00,0.02,0.08,0.11,0.00,0.00,0.00,0.06,0.14,0.30,225332,397795,778349,330137,450203,825522,0,413369841,761587461,0,413370364,761576978,0,390672,0,487.45,505.04,517.62
411,3,93,98,100,26903,26903,26903,70376,70376,70376,591,591,591,0.81,0.89,0.97,0.19,0.29,0.47,0.30,0.37,0.42,0.00,0.00,0.00,0.03,0.08,0.10,0.00,0.00,0.00,0.06,0.15,0.31,0,384165,615858,44552,444954,668272,0,280455322,761573814,0,280454798,761581676,0,444112,0,502.50,510.77,519.13
412,0,99,99,100,26404,26404,26404,70875,70875,70875,591,591,591,0.81,0.86,0.93,0.16,0.22,0.24,0.32,0.36,0.42,0.00,0.00,0.00,0.07,0.09,0.11,0.00,0.00,0.00,0.04,0.08,0.11,237107,365045,592268,271975,403990,639440,640687574,695887435,868486352,640684953,695886038,868484609,0,392428,0,484.02,491.13,496.47
412,1,99,99,100,26665,26665,26665,70614,70614,70614,591,591,591,0.81,0.85,0.90,0.19,0.22,0.25,0.33,0.35,0.39,0.00,0.00,0.00,0.08,0.09,0.11,0.00,0.00,0.00,0.06,0.09,0.11,453377,573208,953938,484825,615528,985386,632200427,653420214,664795530,632197841,653418648,664795386,0,390421,0,480.50,485.86,491.45
412,2,100,100,100,26822,26822,26822,70457,70457,70457,591,591,591,0.80,0.86,0.90,0.16,0.22,0.25,0.32,0.37,0.41,0.00,0.00,0.00,0.07,0.09,0.10,0.00,0.00,0.00,0.05,0.08,0.11,327598,669226,1511624,364289,710016,1563570,0,648009896,1293836553,110789787,648208275,1184028179,0,339320,0,478.58,484.73,489.33
412,3,99,99,100,26903,26903,26903,70376,70376,70376,591,591,591,0.81,0.84,0.90,0.16,0.22,0.25,0.32,0.35,0.41,0.00,0.00,0.00,0.07,0.09,0.10,0.00,0.00,0.00,0.04,0.09,0.12,317088,852933,1344414,369500,897364,1396828,0,790245960,1368751009,0,790247177,1368759252,0,392982,0,487.27,492.97,498.93
413,0,100,100,100,26404,26404,26404,70875,70875,70875,591,591,591,0.81,0.85,0.90,0.19,0.22,0.25,0.32,0.35,0.40,0.00,0.00,0.00,0.07,0.09,0.10,0.00,0.00,0.00,0.06,0.09,0.11,336768,630390,1488555,366169,673815,1525244,36352321,652705834,1305480738,0,652566777,1305488600,0,387799,0,483.22,488.40,490.11
413,1,99,99,100,26665,26665,26665,70614,70614,70614,591,591,591,0.81,0.86,0.95,0.17,0.21,0.25,0.33,0.36,0.43,0.00,0.00,0.00,0.07,0.09,0.11,0.00,0.00,0.00,0.05,0.08,0.11,482175,916531,2379582,516242,956888,2434616,0,696245624,1305489112,0,696244575,1305481250,0,339154,0,482.57,485.25,487.70
413,2,100,100,100,26822,26822,26822,70457,70457,70457,591,591,591,0.80,0.85,0.94,0.16,0.22,0.25,0.32,0.35,0.43,0.00,0.00,0.00,0.06,0.09,0.11,0.00,0.00,0.00,0.04,0.09,0.11,322324,567015,893355,353770,613131,945752,0,655032072,1305271862,0,655031548,1305274482,0,391587,0,483.48,490.04,496.69
413,3,99,99,100,26903,26903,26903,70376,70376,70376,591,591,591,0.81,0.86,0.90,0.19,0.21,0.25,0.33,0.36,0.39,0.00,0.00,0.00,0.06,0.09,0.10,0.00,0.00,0.00,0.07,0.08,0.11,327585,426293,616709,359033,465778,662133,427109053,612439657,664815165,427112547,612438784,664817786,0,397918,0,487.96,492.46,498.01
414,0,99,99,100,26404,26404,26404,70875,70875,70875,591,591,591,0.81,0.85,0.93,0.16,0.21,0.24,0.33,0.36,0.42,0.00,0.00,0.00,0.06,0.09,0.11,0.00,0.00,0.00,0.04,0.08,0.11,332826,600779,998485,345929,636812,1050899,0,652728316,1305492129,0,652727006,1305492129,0,297988,0,480.03,485.05,487.07
414,1,100,100,100,26665,26665,26665,70614,70614,70614,591,591,591,0.80,0.85,0.90,0.18,0.22,0.25,0.32,0.36,0.40,0.00,0.00,0.00,0.08,0.09,0.11,0.00,0.00,0.00,0.06,0.08,0.11,458622,935578,1913093,492691,993888,1968127,106627234,652741047,1305486930,177920832,652741739,1305476447,0,395100,0,484.90,488.62,492.50
414,2,100,100,100,26822,26822,26822,70457,70457,70457,591,591,591,0.82,0.88,0.97,0.18,0.21,0.22,0.32,0.37,0.44,0.00,0.00,0.00,0.06,0.09,0.12,0.00,0.00,0.00,0.05,0.07,0.09,324971,376266,432314,380001,436322,463870,0,543961808,870343446,0,543959843,870348688,0,389555,0,488.13,493.93,501.06
414,3,99,99,100,26903,26903,26903,70376,70376,70376,591,591,591,0.80,0.85,0.90,0.16,0.22,0.24,0.32,0.36,0.41,0.00,0.00,0.00,0.07,0.09,0.10,0.00,0.00,0.00,0.05,0.08,0.11,324842,391753,573872,348557,456611,623660,110969556,652623623,1194069731,184766683,652632221,1120304380,0,440836,0,490.20,492.19,494.86
415,0,100,100,100,26404,26404,26404,70875,70875,70875,591,591,591,0.84,0.92,0.97,0.18,0.25,0.27,0.24,0.30,0.44,0.00,0.00,0.00,0.07,0.09,0.12,0.00,0.00,0.00,0.04,0.13,0.16,332638,491075,815039,405976,580695,946075,0,454360490,766009081,0,446293340,766009081,0,409327,0,486.94,497.57,504.95
415,1,100,100,100,26665,26665,26665,70614,70614,70614,591,591,591,0.89,0.92,0.93,0.19,0.25,0.27,0.26,0.29,0.38,0.00,0.00,0.00,0.08,0.08,0.09,0.00,0.00,0.00,0.07,0.14,0.16,487449,858276,1939312,573932,937692,2010070,0,588888795,765991567,0,588889337,766002049,0,463749,0,490.78,501.85,510.63
415,2,100,100,100,26822,26822,26822,70457,70457,70457,591,591,591,0.86,0.91,0.92,0.23,0.26,0.27,0.26,0.27,0.28,0.00,0.00,0.00,0.07,0.08,0.08,0.00,0.00,0.00,0.13,0.15,0.16,335349,420317,547722,413946,498404,615860,0,591289296,765986537,0,591288771,765981296,0,462620,0,489.69,501.45,511.16
415,3,100,100,100,26903,26903,26903,70376,70376,70376,591,591,591,0.86,0.91,0.94,0.20,0.24,0.26,0.27,0.29,0.33,0.00,0.00,0.00,0.07,0.08,0.09,0.00,0.00,0.00,0.09,0.13,0.15,7862,649626,1386352,78621,720941,1457111,118251448,586468609,766007318,196953838,586468818,766002077,0,410328,0,489.62,499.84,506.47
416,0,84,96,100,26404,26404,26404,70875,70875,70875,591,591,591,0.76,0.87,0.96,0.24,0.29,0.31,0.25,0.29,0.33,0.00,0.00,0.00,0.06,0.08,0.11,0.00,0.00,0.00,0.10,0.17,0.31,214675,532425,1369194,231987,635995,1544950,0,0,0,0,0,0,0,439792,0,490.14,499.80,512.49
416,1,85,97,100,26665,26665,26665,70614,70614,70614,591,591,591,0.71,0.87,0.96,0.25,0.28,0.32,0.25,0.28,0.34,0.00,0.00,0.00,0.05,0.08,0.11,0.00,0.00,0.00,0.13,0.17,0.21,149325,713813,1525140,165044,802026,1622973,0,1708496627,0,0,1708508179,0,0,378419,0,483.51,499.83,518.21
416,2,83,95,100,26822,26822,26822,70457,70457,70457,591,591,591,0.64,0.85,0.95,0.23,0.29,0.34,0.24,0.27,0.35,0.00,0.00,0.00,0.05,0.08,0.11,0.00,0.00,0.00,0.12,0.18,0.23,313295,611370,1488435,323652,703582,1514640,0,0,0,0,0,0,0,387190,0,485.88,496.87,513.70
416,3,85,97,100,26903,26903,26903,70376,70376,70376,591,591,591,0.70,0.86,0.95,0.26,0.29,0.34,0.25,0.28,0.37,0.00,0.00,0.00,0.05,0.08,0.11,0.00,0.00,0.00,0.16,0.18,0.24,344961,532603,832266,358331,621875,888777,0,0,0,0,0,0,0,288706,0,496.74,505.95,516.99
417,0,98,98,99,26404,26404,26404,70875,70875,70875,591,591,591,0.95,0.97,0.98,0.28,0.30,0.31,0.30,0.40,0.43,0.00,0.00,0.00,0.13,0.16,0.18,0.00,0.00,0.00,0.08,0.10,0.13,324960,441291,746744,374752,482172,786047,0,0,0,0,0,0,0,414208,0,490.80,505.80,516.64
417,1,96,98,99,26665,26665,26665,70614,70614,70614,591,591,591,0.95,0.97,0.98,0.27,0.30,0.31,0.31,0.39,0.43,0.00,0.00,0.00,0.13,0.16,0.18,0.00,0.00,0.00,0.07,0.10,0.13,463786,666154,1202894,500470,709656,1250067,0,0,0,0,0,0,0,408909,0,482.20,501.50,511.85
417,2,99,99,99,26822,26822,26822,70457,70457,70457,591,591,591,0.95,0.97,0.98,0.28,0.29,0.31,0.33,0.40,0.43,0.00,0.00,0.00,0.15,0.17,0.18,0.00,0.00,0.00,0.08,0.09,0.11,330207,500025,786213,377380,543528,833386,0,0,0,0,0,0,0,415728,0,492.20,511.54,523.22
417,3,98,98,99,26903,26903,26903,70376,70376,70376,591,591,591,0.95,0.97,0.98,0.27,0.30,0.31,0.36,0.41,0.43,0.00,0.00,0.00,0.15,0.17,0.18,0.00,0.00,0.00,0.07,0.09,0.11,149380,385773,602747,196552,431373,642056,0,0,0,0,0,0,0,472114,0,500.81,518.20,525.87
418,0,95,98,100,26404,26404,26404,70875,70875,70875,591,591,591,0.82,0.92,0.98,0.19,0.33,0.49,0.32,0.37,0.42,0.00,0.00,0.00,0.03,0.08,0.13,0.00,0.00,0.00,0.07,0.17,0.32,340670,485840,739153,372117,576498,770606,0,159445242,761584169,0,152316309,761581548,0,399946,0,508.91,519.29,525.72
418,1,95,99,100,26665,26665,26665,70614,70614,70614,591,591,591,0.81,0.90,0.98,0.22,0.32,0.48,0.33,0.37,0.41,0.00,0.00,0.00,0.03,0.08,0.12,0.00,0.00,0.00,0.09,0.18,0.32,455998,625893,859485,487446,714375,1040291,0,279029352,754777314,0,279028828,754777314,0,399910,0,508.02,515.12,520.19
418,2,99,99,100,26822,26822,26822,70457,70457,70457,591,591,591,0.81,0.88,0.91,0.19,0.30,0.42,0.32,0.36,0.39,0.00,0.00,0.00,0.05,0.08,0.11,0.00,0.00,0.00,0.06,0.16,0.30,274276,539682,875313,406196,617077,925106,0,280451834,761564072,0,280451310,761550969,0,345079,0,500.85,508.66,512.90
418,3,100,100,100,26903,26903,26903,70376,70376,70376,591,591,591,0.80,0.88,0.99,0.23,0.31,0.43,0.31,0.36,0.43,0.00,0.00,0.00,0.02,0.08,0.11,0.00,0.00,0.00,0.09,0.17,0.30,366456,969485,2140278,417708,1060562,2289600,0,280030737,744692560,0,280032191,744707936,0,388734,0,500.54,511.98,523.40
419,0,99,99,100,26404,26404,26404,70875,70875,70875,591,591,591,0.81,0.85,0.89,0.19,0.23,0.25,0.33,0.36,0.39,0.00,0.00,0.00,0.09,0.09,0.10,0.00,0.00,0.00,0.07,0.10,0.12,356430,724608,1337085,406225,767119,1384838,421224813,861973580,1363585322,421221492,869103438,1363590797,0,440200,0,486.09,490.37,498.07
419,1,99,99,100,26665,26665,26665,70614,70614,70614,591,591,591,0.80,0.85,0.94,0.18,0.22,0.25,0.32,0.36,0.43,0.00,0.00,0.00,0.06,0.09,0.11,0.00,0.00,0.00,0.05,0.09,0.11,463862,845244,1437850,497930,884903,1471045,0,610906182,1305856640,0,610905832,1305848776,0,289736,0,485.66,489.37,494.49
419,2,100,100,100,26822,26822,26822,70457,70457,70457,591,591,591,0.81,0.85,0.90,0.19,0.22,0.25,0.32,0.35,0.39,0.00,0.00,0.00,0.07,0.09,0.10,0.00,0.00,0.00,0.06,0.09,0.11,309251,525139,1084916,338080,568988,1137328,640612319,651388681,664765757,640609699,651388172,664763136,0,394057,0,491.44,495.28,501.76
419,3,99,99,100,26903,26903,26903,70376,70376,70376,591,591,591,0.80,0.86,0.90,0.18,0.22,0.24,0.32,0.36,0.40,0.00,0.00,0.00,0.07,0.09,0.11,0.00,0.00,0.00,0.06,0.08,0.11,366897,819921,1711318,419311,861677,1729663,443198814,610827746,664799639,443197067,610828444,664794398,0,441671,0,486.40,488.51,490.09
420,0,100,100,100,26404,26404,26404,70875,70875,70875,591,591,591,0.81,0.85,0.96,0.18,0.22,0.24,0.33,0.36,0.43,0.00,0.00,0.00,0.06,0.09,0.12,0.00,0.00,0.00,0.04,0.08,0.11,332802,471063,849091,364248,511683,898884,0,501485314,700416900,0,528180604,807211164,0,305406,0,483.70,494.41,504.36
420,1,99,99,100,26665,26665,26665,70614,70614,70614,591,591,591,0.81,0.87,0.97,0.18,0.22,0.24,0.33,0.37,0.44,0.00,0.00,0.00,0.07,0.09,0.12,0.00,0.00,0.00,0.04,0.08,0.10,455998,642066,1184543,487448,682031,1231715,640678057,652743552,664801515,640688540,652741587,664793653,0,388978,0,480.78,485.44,490.52
420,2,100,100,100,26822,26822,26822,70457,70457,70457,591,591,591,0.81,0.86,0.90,0.18,0.22,0.25,0.32,0.36,0.39,0.00,0.00,0.00,0.07,0.09,0.10,0.00,0.00,0.00,0.06,0.09,0.11,324968,475005,775733,366902,516937,822906,640693137,652751878,664811580,640700999,652751878,664803718,0,390138,0,487.44,493.42,500.26
420,3,99,99,100,26903,26903,26903,70376,70376,70376,591,591,591,0.80,0.85,0.90,0.19,0.22,0.24,0.33,0.36,0.40,0.00,0.00,0.00,0.08,0.09,0.11,0.00,0.00,0.00,0.06,0.08,0.11,332825,488098,875316,382618,528063,906765,640687354,652732995,664779154,640684733,652732995,664783538,0,395670,0,488.88,493.64,497.20
421,0,99,99,100,26404,26404,26404,70875,70875,70875,591,591,591,0.80,0.86,0.98,0.18,0.21,0.25,0.33,0.37,0.45,0.00,0.00,0.00,0.07,0.09,0.12,0.00,0.00,0.00,0.05,0.08,0.11,332830,502117,820276,364278,540378,870069,605045560,643199762,700399731,498278048,621842519,664798902,0,389422,0,477.68,491.60,498.59
421,1,99,99,100,26665,26665,26665,70614,70614,70614,591,591,591,0.81,0.87,0.95,0.17,0.21,0.25,0.33,0.38,0.43,0.00,0.00,0.00,0.08,0.10,0.11,0.00,0.00,0.00,0.05,0.08,0.11,474321,612185,854348,529352,652543,904141,640658353,650323198,664800703,640666215,650324771,664798082,0,386661,0,481.70,484.08,488.83
421,2,100,100,100,26822,26822,26822,70457,70457,70457,591,591,591,0.81,0.86,0.92,0.16,0.21,0.25,0.32,0.36,0.41,0.00,0.00,0.00,0.08,0.09,0.11,0.00,0.00,0.00,0.04,0.08,0.11,214895,416678,597480,262067,465422,697061,443192910,738963570,1305499647,514380938,731843993,1305499647,0,393018,0,487.69,491.12,495.82
421,3,100,100,100,26903,26903,26903,70376,70376,70376,591,591,591,0.80,0.86,0.90,0.17,0.21,0.25,0.32,0.37,0.40,0.00,0.00,0.00,0.08,0.09,0.10,0.00,0.00,0.00,0.05,0.08,0.11,320935,493295,746903,348521,528850,780972,619043420,648103121,688828045,619033292,648102751,688841622,0,295596,0,490.22,497.36,500.52
422,0,100,100,100,26404,26404,26404,70875,70875,70875,591,591,591,0.83,0.90,0.94,0.19,0.24,0.26,0.25,0.30,0.40,0.00,0.00,0.00,0.07,0.08,0.11,0.00,0.00,0.00,0.06,0.13,0.16,313771,560724,977828,382092,646232,1048786,499943881,667843267,766023295,499949073,667842787,766023295,0,455714,0,482.96,494.99,506.25
422,1,99,99,100,26665,26665,26665,70614,70614,70614,591,591,591,0.81,0.89,0.94,0.20,0.25,0.27,0.27,0.29,0.33,0.00,0.00,0.00,0.07,0.08,0.09,0.00,0.00,0.00,0.09,0.13,0.16,307391,799204,1860674,382492,886558,1934053,40138151,537779083,765892969,0,529752851,765892969,0,460648,0,485.62,496.64,511.62
422,2,100,100,100,26822,26822,26822,70457,70457,70457,591,591,591,0.89,0.91,0.92,0.19,0.25,0.27,0.26,0.29,0.38,0.00,0.00,0.00,0.08,0.08,0.09,0.00,0.00,0.00,0.07,0.13,0.16,314486,550344,1344442,387866,630536,1428306,0,454412084,765979138,0,478575095,765976517,0,464083,0,494.04,500.10,508.05
422,3,100,100,100,26903,26903,26903,70376,70376,70376,591,591,591,0.86,0.90,0.92,0.23,0.25,0.27,0.27,0.30,0.39,0.00,0.00,0.00,0.07,0.08,0.10,0.00,0.00,0.00,0.09,0.13,0.16,330204,444453,626339,432418,536699,702338,0,579320385,766009279,0,579319861,766011899,0,457202,0,492.46,497.33,506.64
423,0,84,96,100,26404,26404,26404,70875,70875,70875,591,591,591,0.79,0.88,0.96,0.27,0.29,0.31,0.25,0.29,0.34,0.00,0.00,0.00,0.07,0.08,0.11,0.00,0.00,0.00,0.16,0.18,0.21,351183,544888,720653,364286,631307,794028,0,344602256,734421188,0,344603247,734413041,0,397076,0,498.18,505.87,514.72
423,1,87,97,100,26665,26665,26665,70614,70614,70614,591,591,591,0.73,0.87,0.93,0.23,0.29,0.37,0.22,0.29,0.42,0.00,0.00,0.00,0.06,0.08,0.09,0.00,0.00,0.00,0.13,0.18,0.25,450758,836437,1208091,511033,922389,1257883,0,476369290,988596168,0,484392366,988593548,0,394035,0,498.25,507.26,515.55
423,2,90,98,100,26822,26822,26822,70457,70457,70457,591,591,591,0.71,0.87,0.94,0.23,0.28,0.37,0.23,0.29,0.42,0.00,0.00,0.00,0.06,0.08,0.10,0.00,0.00,0.00,0.14,0.17,0.25,317031,495079,828142,372053,577838,1058764,0,473918000,988370477,0,449754768,988357377,0,383801,0,489.67,500.91,511.12
423,3,80,96,100,26903,26903,26903,70376,70376,70376,591,591,591,0.78,0.87,0.96,0.26,0.29,0.34,0.25,0.29,0.36,0.00,0.00,0.00,0.06,0.08,0.11,0.00,0.00,0.00,0.14,0.17,0.23,302247,761141,1300013,319718,847436,1378643,0,429311992,870301630,0,437196686,988549590,0,397306,0,499.36,506.61,515.97
424,0,97,98,99,26404,26404,26404,70875,70875,70875,591,591,591,0.95,0.97,0.98,0.28,0.30,0.31,0.30,0.39,0.43,0.00,0.00,0.00,0.13,0.16,0.18,0.00,0.00,0.00,0.08,0.10,0.14,332826,416153,594876,364275,458607,644668,0,0,0,0,0,0,0,409131,0,497.41,503.10,510.38
424,1,98,98,99,26665,26665,26665,70614,70614,70614,591,591,591,0.96,0.97,0.98,0.27,0.30,0.31,0.25,0.38,0.42,0.00,0.00,0.00,0.11,0.16,0.18,0.00,0.00,0.00,0.08,0.10,0.16,458608,509980,647310,474331,550339,694483,0,0,0,0,0,0,0,409421,0,502.21,507.84,516.11
424,2,98,99,100,26822,26822,26822,70457,70457,70457,591,591,591,0.94,0.97,0.98,0.28,0.30,0.32,0.25,0.39,0.43,0.00,0.00,0.00,0.11,0.16,0.18,0.00,0.00,0.00,0.08,0.10,0.17,324968,376679,525884,366899,415989,567815,0,0,0,0,0,0,0,418839,0,491.80,509.91,524.53
424,3,97,98,99,26903,26903,26903,70376,70376,70376,591,591,591,0.94,0.97,0.98,0.27,0.30,0.31,0.28,0.39,0.43,0.00,0.00,0.00,0.12,0.16,0.18,0.00,0.00,0.00,0.08,0.10,0.14,332793,431171,762795,379961,471810,803889,0,0,0,0,0,0,0,416878,0,501.02,510.46,520.12
425,0,99,99,100,26404,26404,26404,70875,70875,70875,591,591,591,0.81,0.91,0.98,0.21,0.33,0.49,0.33,0.37,0.41,0.00,0.00,0.00,0.03,0.08,0.13,0.00,0.00,0.00,0.08,0.18,0.32,343131,565748,1025973,406206,655053,1058571,0,236203580,761571253,0,236202893,761571253,0,448426,0,503.70,513.99,520.22
425,1,97,99,100,26665,26665,26665,70614,70614,70614,591,591,591,0.85,0.90,0.98,0.21,0.33,0.51,0.33,0.36,0.43,0.00,0.00,0.00,0.03,0.08,0.18,0.00,0.00,0.00,0.08,0.17,0.33,307457,547406,890510,340649,635402,990038,0,229669306,640693415,0,229670354,640693415,0,448787,0,502.60,510.97,516.67
425,2,94,98,100,26822,26822,26822,70457,70457,70457,591,591,591,0.74,0.86,0.98,0.22,0.32,0.44,0.26,0.34,0.42,0.00,0.00,0.00,0.02,0.07,0.10,0.00,0.00,0.00,0.08,0.18,0.28,364158,625261,1349628,395728,713827,1383696,0,280443376,761533920,0,280443900,761536540,0,346531,0,495.94,510.86,525.32
425,3,94,98,100,26903,26903,26903,70376,70376,70376,591,591,591,0.81,0.91,0.97,0.17,0.32,0.46,0.32,0.37,0.43,0.00,0.00,0.00,0.03,0.08,0.14,0.00,0.00,0.00,0.04,0.17,0.31,324965,388386,592300,359034,476439,626371,0,152317334,761586671,0,152315237,761576188,0,451859,0,506.69,518.64,522.81
426,0,99,99,100,26404,26404,26404,70875,70875,70875,591,591,591,0.81,0.86,0.95,0.18,0.21,0.25,0.33,0.36,0.43,0.00,0.00,0.00,0.07,0.09,0.11,0.00,0.00,0.00,0.05,0.08,0.11,330201,785040,1314742,379993,826396,1351341,621500230,653844974,688263708,621505130,653846247,688266523,0,289654,0,482.22,485.87,488.41
426,1,99,99,100,26665,26665,26665,70614,70614,70614,591,591,591,0.81,0.87,0.96,0.17,0.22,0.25,0.33,0.37,0.44,0.00,0.00,0.00,0.07,0.09,0.11,0.00,0.00,0.00,0.05,0.08,0.11,463863,847120,1388953,495311,887739,1420401,0,652726689,1305414453,0,652724723,1305411832,0,297387,0,484.75,487.84,490.55
426,2,100,100,100,26822,26822,26822,70457,70457,70457,591,591,591,0.81,0.86,0.94,0.17,0.21,0.24,0.33,0.36,0.43,0.00,0.00,0.00,0.07,0.09,0.11,0.00,0.00,0.00,0.04,0.08,0.11,324133,436791,631582,355003,476611,683995,0,649795082,1305480227,0,649795713,1305480227,0,392775,0,487.37,492.15,497.82
426,3,100,100,100,26903,26903,26903,70376,70376,70376,591,591,591,0.80,0.84,0.90,0.20,0.23,0.25,0.32,0.35,0.39,0.00,0.00,0.00,0.07,0.09,0.10,0.00,0.00,0.00,0.07,0.09,0.11,216642,606454,1360078,265561,653408,1391525,640670211,704118064,870313441,640659729,704118501,870320429,0,392783,0,491.40,493.82,495.83
427,0,99,99,100,26404,26404,26404,70875,70875,70875,591,591,591,0.80,0.86,0.90,0.19,0.21,0.25,0.33,0.37,0.40,0.00,0.00,0.00,0.07,0.09,0.11,0.00,0.00,0.00,0.06,0.08,0.11,343341,529368,833596,374792,568150,867674,640319167,655106881,664965963,640313929,655106883,664968585,0,390671,0,484.52,488.30,491.56
427,1,100,100,100,26665,26665,26665,70614,70614,70614,591,591,591,0.80,0.86,0.90,0.18,0.21,0.25,0.32,0.37,0.40,0.00,0.00,0.00,0.08,0.09,0.11,0.00,0.00,0.00,0.05,0.08,0.11,458621,583888,959175,500538,622674,990623,0,522197563,1305491482,0,522197781,1305499344,0,393731,0,483.72,488.12,493.05
427,2,100,100,100,26822,26822,26822,70457,70457,70457,591,591,591,0.81,0.86,0.96,0.18,0.22,0.25,0.31,0.36,0.44,0.00,0.00,0.00,0.07,0.09,0.11,0.00,0.00,0.00,0.05,0.08,0.11,220100,528311,1016792,262024,572860,1050860,0,568074794,870181209,0,568075668,870177715,0,388896,0,488.17,492.16,497.73
427,3,100,100,100,26903,26903,26903,70376,70376,70376,591,591,591,0.80,0.87,0.95,0.16,0.21,0.24,0.32,0.38,0.43,0.00,0.00,0.00,0.07,0.09,0.11,0.00,0.00,0.00,0.04,0.08,0.11,330181,402012,587034,351176,437129,621103,36980359,529580530,1194439312,0,522185234,1120635893,0,394551,0,485.00,488.99,491.45
428,0,100,100,100,26404,26404,26404,70875,70875,70875,591,591,591,0.80,0.86,0.91,0.16,0.22,0.25,0.32,0.37,0.42,0.00,0.00,0.00,0.07,0.09,0.11,0.00,0.00,0.00,0.04,0.08,0.11,324960,598640,1496390,374752,636417,1509493,110641152,568291845,784628876,0,560695112,857283745,0,440482,0,481.08,485.72,489.81
428,1,100,100,100,26665,26665,26665,70614,70614,70614,591,591,591,0.81,0.85,0.90,0.18,0.22,0.25,0.32,0.36,0.40,0.00,0.00,0.00,0.07,0.09,0.11,0.00,0.00,0.00,0.05,0.08,0.11,450756,752290,1514655,482205,792648,1548721,427129125,740568480,1305484006,427125631,740570926,1305476144,0,434325,0,483.18,485.91,490.60
428,2,100,100,100,26822,26822,26822,70457,70457,70457,591,591,591,0.81,0.88,0.98,0.16,0.21,0.25,0.32,0.37,0.43,0.00,0.00,0.00,0.06,0.09,0.12,0.00,0.00,0.00,0.04,0.08,0.11,324961,501069,906752,340685,537758,940821,640681190,650325572,664803893,640683811,650325048,664806513,0,436543,0,482.86,486.61,490.52
428,3,99,99,100,26903,26903,26903,70376,70376,70376,591,591,591,0.81,0.85,0.98,0.18,0.22,0.25,0.33,0.36,0.45,0.00,0.00,0.00,0.07,0.09,0.12,0.00,0.00,0.00,0.05,0.09,0.11,331484,392992,555600,382276,435400,605394,0,778594238,1331682540,0,785988877,1331671847,0,290561,0,485.71,492.40,499.52
429,0,100,100,100,26404,26404,26404,70875,70875,70875,591,591,591,0.84,0.90,0.93,0.19,0.24,0.27,0.25,0.30,0.40,0.00,0.00,0.00,0.07,0.08,0.11,0.00,0.00,0.00,0.06,0.13,0.16,332826,455012,694438,400963,541332,765192,0,579796802,782015783,0,579796770,782010432,0,404136,0,489.38,497.24,506.89
429,1,100,100,100,26665,26665,26665,70614,70614,70614,591,591,591,0.80,0.89,0.94,0.20,0.25,0.27,0.27,0.29,0.33,0.00,0.00,0.00,0.08,0.08,0.09,0.00,0.00,0.00,0.09,0.13,0.16,437653,983794,2513228,560832,1073944,2576124,41969229,579311506,765987033,168133722,579308496,765997516,0,403130,0,486.49,493.92,502.06
429,2,100,100,100,26822,26822,26822,70457,70457,70457,591,591,591,0.82,0.89,0.92,0.22,0.25,0.27,0.26,0.29,0.34,0.00,0.00,0.00,0.07,0.08,0.09,0.00,0.00,0.00,0.10,0.14,0.16,330170,574973,901522,403542,666172,1027313,0,579294522,765909900,0,579293474,765915141,0,410186,0,492.71,496.27,503.26
429,3,100,100,100,26903,26903,26903,70376,70376,70376,591,591,591,0.81,0.89,0.92,0.22,0.24,0.27,0.27,0.30,0.33,0.00,0.00,0.00,0.08,0.08,0.09,0.00,0.00,0.00,0.09,0.13,0.16,136275,763125,1375884,212275,849431,1449264,0,528240816,757064012,0,528243088,757061391,0,453975,0,484.83,495.98,511.55
430,0,91,98,100,26404,26404,26404,70875,70875,70875,591,591,591,0.80,0.88,0.91,0.23,0.29,0.37,0.24,0.29,0.41,0.00,0.00,0.00,0.07,0.08,0.09,0.00,0.00,0.00,0.13,0.18,0.25,332824,407773,628967,398318,503165,655174,0,484434894,988582863,0,484434370,988582863,0,392954,0,497.61,507.20,515.87
430,1,85,97,100,26665,26665,26665,70614,70614,70614,591,591,591,0.70,0.86,0.93,0.25,0.28,0.32,0.27,0.29,0.34,0.00,0.00,0.00,0.06,0.07,0.08,0.00,0.00,0.00,0.14,0.17,0.21,461243,621610,833359,476916,714381,1074470,0,484417876,724862917,0,484417876,724862917,0,395389,0,496.62,503.09,511.11
430,2,84,96,100,26822,26822,26822,70457,70457,70457,591,591,591,0.77,0.88,0.94,0.24,0.28,0.37,0.24,0.29,0.42,0.00,0.00,0.00,0.06,0.08,0.10,0.00,0.00,0.00,0.14,0.17,0.25,221881,424337,639312,274294,510809,864643,0,418528522,724879403,0,418529570,724887265,0,386004,0,488.02,498.36,508.48
430,3,90,98,100,26903,26903,26903,70376,70376,70376,591,591,591,0.78,0.87,0.94,0.23,0.28,0.33,0.25,0.29,0.34,0.00,0.00,0.00,0.06,0.08,0.08,0.00,0.00,0.00,0.13,0.17,0.23,332811,442352,718053,356396,534597,807154,0,484399577,988539605,0,484399577,988544846,0,394390,0,499.82,510.00,519.30
431,0,98,99,100,26404,26404,26404,70875,70875,70875,591,591,591,0.95,0.97,0.98,0.28,0.30,0.31,0.25,0.38,0.43,0.00,0.00,0.00,0.11,0.16,0.18,0.00,0.00,0.00,0.08,0.10,0.15,327588,581758,1504126,377382,621067,1553914,0,0,0,0,0,0,0,462756,0,494.04,502.31,514.64
431,1,99,99,100,26665,26665,26665,70614,70614,70614,591,591,591,0.95,0.97,0.98,0.27,0.30,0.31,0.25,0.37,0.43,0.00,0.00,0.00,0.11,0.15,0.18,0.00,0.00,0.00,0.08,0.11,0.17,175578,705451,1965456,217507,744149,2015248,0,0,0,0,0,0,0,358258,0,498.08,505.92,512.72
431,2,99,99,100,26822,26822,26822,70457,70457,70457,591,591,591,0.94,0.97,0.98,0.28,0.30,0.32,0.24,0.38,0.43,0.00,0.00,0.00,0.10,0.16,0.18,0.00,0.00,0.00,0.08,0.10,0.17,314473,608006,1496414,361644,649413,1538345,0,0,0,0,0,0,0,315507,0,491.83,505.34,523.28
431,3,98,99,100,26903,26903,26903,70376,70376,70376,591,591,591,0.95,0.97,0.98,0.28,0.30,0.31,0.25,0.37,0.42,0.00,0.00,0.00,0.11,0.16,0.18,0.00,0.00,0.00,0.08,0.11,0.16,323807,359176,432419,370531,397446,442902,0,0,0,0,0,0,0,423019,0,501.13,512.71,527.30
432,0,99,99,100,26404,26404,26404,70875,70875,70875,591,591,591,0.87,0.92,0.98,0.19,0.33,0.48,0.34,0.38,0.41,0.00,0.00,0.00,0.03,0.09,0.17,0.00,0.00,0.00,0.07,0.17,0.35,210755,362174,555527,255304,449818,686548,0,106861047,497938793,0,99587254,497933653,0,404164,0,509.36,518.42,522.78
432,1,96,99,100,26665,26665,26665,70614,70614,70614,591,591,591,0.87,0.92,0.98,0.18,0.33,0.52,0.32,0.38,0.42,0.00,0.00,0.00,0.03,0.09,0.17,0.00,0.00,0.00,0.06,0.17,0.33,458623,853817,1315599,479588,934709,1454497,0,152312875,761561755,0,152314447,761572237,0,404687,0,500.84,509.78,514.77
432,2,99,99,100,26822,26822,26822,70457,70457,70457,591,591,591,0.79,0.89,0.97,0.19,0.31,0.43,0.28,0.37,0.41,0.00,0.00,0.00,0.02,0.09,0.16,0.00,0.00,0.00,0.06,0.17,0.30,324928,439183,791236,366896,526180,924855,0,152317382,761586911,0,152316334,761581670,0,403629,0,500.57,510.82,525.08
432,3,99,99,100,26903,26903,26903,70376,70376,70376,591,591,591,0.83,0.92,0.99,0.21,0.32,0.43,0.31,0.38,0.43,0.00,0.00,0.00,0.02,0.09,0.17,0.00,0.00,0.00,0.08,0.17,0.30,366853,556284,917238,482207,642725,952180,0,101543343,507716715,0,101543692,507718462,0,453671,0,509.51,518.28,529.23
433,0,100,100,100,26404,26404,26404,70875,70875,70875,591,591,591,0.81,0.85,0.90,0.16,0.21,0.25,0.32,0.36,0.41,0.00,0.00,0.00,0.07,0.09,0.10,0.00,0.00,0.00,0.04,0.08,0.11,338057,607348,801976,390469,645347,833426,0,643825309,1305442317,0,652737468,1305447558,0,287433,0,483.14,493.43,504.65
433,1,99,99,100,26665,26665,26665,70614,70614,70614,591,591,591,0.81,0.85,0.91,0.16,0.22,0.24,0.32,0.36,0.42,0.00,0.00,0.00,0.07,0.09,0.11,0.00,0.00,0.00,0.04,0.09,0.11,458625,625602,864827,474349,667527,914620,640695465,652665774,664790326,640687603,652662498,664798188,0,389799,0,481.46,488.51,494.04
433,2,99,99,100,26822,26822,26822,70457,70457,70457,591,591,591,0.81,0.85,0.90,0.20,0.22,0.25,0.32,0.36,0.39,0.00,0.00,0.00,0.08,0.09,0.10,0.00,0.00,0.00,0.07,0.09,0.11,330205,491364,809731,364273,533949,859520,640644272,652732189,664801310,640652133,652734154,664801310,0,394718,0,488.13,494.84,501.99
433,3,100,100,100,26903,26903,26903,70376,70376,70376,591,591,591,0.81,0.86,0.96,0.18,0.22,0.24,0.33,0.37,0.44,0.00,0.00,0.00,0.07,0.09,0.12,0.00,0.00,0.00,0.05,0.08,0.10,332805,527403,864819,366872,572609,922474,627797278,652730684,700434621,640659408,652731212,664793228,0,386215,0,479.63,489.29,495.23
434,0,99,99,100,26404,26404,26404,70875,70875,70875,591,591,591,0.80,0.86,0.95,0.16,0.22,0.25,0.32,0.37,0.43,0.00,0.00,0.00,0.06,0.09,0.11,0.00,0.00,0.00,0.04,0.09,0.11,330213,496355,1087563,364283,538809,1119010,0,650337769,1305494196,0,650337245,1305494196,0,444677,0,485.02,490.75,498.75
434,1,99,99,100,26665,26665,26665,70614,70614,70614,591,591,591,0.81,0.84,0.95,0.17,0.22,0.24,0.32,0.35,0.43,0.00,0.00,0.00,0.06,0.09,0.11,0.00,0.00,0.00,0.04,0.09,0.11,36675,1040678,2291846,68110,1082969,2340828,630257759,648190698,664785960,630260337,648191736,664783339,0,389801,0,483.68,488.06,490.80
434,2,99,99,100,26822,26822,26822,70457,70457,70457,591,591,591,0.81,0.86,0.93,0.18,0.22,0.24,0.32,0.36,0.42,0.00,0.00,0.00,0.07,0.09,0.11,0.00,0.00,0.00,0.05,0.08,0.11,221874,527636,922523,255068,568868,974939,106937300,607626876,1305549463,178070719,607626534,1305544221,0,394694,0,487.26,492.15,495.32
434,3,99,99,100,26903,26903,26903,70376,70376,70376,591,591,591,0.80,0.84,0.90,0.18,0.22,0.25,0.33,0.36,0.40,0.00,0.00,0.00,0.07,0.09,0.11,0.00,0.00,0.00,0.06,0.09,0.11,332818,501067,780928,382609,544046,835960,640667752,650325265,664797018,640659890,650325265,664794398,0,298460,0,483.70,488.18,495.56
435,0,99,99,100,26404,26404,26404,70875,70875,70875,591,591,591,0.81,0.86,0.90,0.17,0.22,0.24,0.32,0.36,0.41,0.00,0.00,0.00,0.07,0.09,0.10,0.00,0.00,0.00,0.05,0.08,0.11,335260,852640,2069677,382797,891401,2119454,611662841,702272952,790005181,611667845,707131805,842440125,0,391237,0,486.19,490.99,495.54
435,1,99,99,100,26665,26665,26665,70614,70614,70614,591,591,591,0.81,0.86,0.90,0.16,0.22,0.25,0.32,0.36,0.41,0.00,0.00,0.00,0.07,0.09,0.10,0.00,0.00,0.00,0.05,0.08,0.11,476964,653247,953908,526757,693431,967011,0,696261917,1305482617,0,696261917,1305482617,0,389119,0,485.06,486.25,487.74
435,2,100,100,100,26822,26822,26822,70457,70457,70457,591,591,591,0.81,0.85,0.91,0.19,0.22,0.25,0.32,0.35,0.40,0.00,0.00,0.00,0.08,0.09,0.11,0.00,0.00,0.00,0.06,0.09,0.11,335417,499156,836018,366863,542515,883192,0,779679359,1305520853,106777804,779680872,1305518232,0,398019,0,486.34,492.03,495.64
435,3,99,99,100,26903,26903,26903,70376,70376,70376,591,591,591,0.80,0.85,0.89,0.20,0.21,0.24,0.33,0.36,0.39,0.00,0.00,0.00,0.08,0.09,0.10,0.00,0.00,0.00,0.06,0.08,0.11,318341,642784,1027338,366164,682153,1077133,628287783,692590293,869920522,628280073,692589121,869922268,0,449424,0,491.09,495.22,499.86
436,0,100,100,100,26404,26404,26404,70875,70875,70875,591,591,591,0.80,0.89,0.94,0.20,0.24,0.26,0.27,0.30,0.33,0.00,0.00,0.00,0.07,0.08,0.09,0.00,0.00,0.00,0.09,0.13,0.15,322323,431851,715440,395697,516750,780957,0,579250139,765995971,0,579250139,765988109,0,398991,0,484.81,493.83,504.41
436,1,99,99,100,26665,26665,26665,70614,70614,70614,591,591,591,0.81,0.89,0.94,0.16,0.24,0.27,0.26,0.31,0.43,0.00,0.00,0.00,0.06,0.08,0.11,0.00,0.00,0.00,0.04,0.12,0.16,453385,671935,1126895,579170,755796,1168826,0,579297020,765952307,0,579298068,765952307,0,405958,0,485.39,492.43,502.63
436,2,100,100,100,26822,26822,26822,70457,70457,70457,591,591,591,0.82,0.89,0.92,0.19,0.24,0.27,0.26,0.30,0.38,0.00,0.00,0.00,0.08,0.08,0.09,0.00,0.00,0.00,0.07,0.12,0.16,303975,327036,351107,377348,411416,453295,0,481548541,977098924,0,481549240,977091936,0,410555,0,488.96,499.82,511.43
436,3,100,100,100,26903,26903,26903,70376,70376,70376,591,591,591,0.81,0.89,0.92,0.20,0.24,0.26,0.27,0.30,0.36,0.00,0.00,0.00,0.08,0.08,0.10,0.00,0.00,0.00,0.09,0.12,0.15,317126,387264,529041,408761,472690,594516,42579952,579294193,757055051,0,579297220,765878319,0,408810,0,496.32,500.56,508.19
437,0,84,96,100,26404,26404,26404,70875,70875,70875,591,591,591,0.79,0.87,0.92,0.25,0.28,0.32,0.27,0.30,0.34,0.00,0.00,0.00,0.07,0.07,0.08,0.00,0.00,0.00,0.14,0.17,0.22,332822,598041,1420430,345926,690289,1637949,0,484431812,724864470,0,484431287,724861849,0,451174,0,502.53,508.86,516.32
437,1,83,96,100,26665,26665,26665,70614,70614,70614,591,591,591,0.67,0.86,0.94,0.25,0.28,0.32,0.26,0.29,0.35,0.00,0.00,0.00,0.05,0.07,0.09,0.00,0.00,0.00,0.13,0.18,0.21,487445,970490,2114054,563444,1069306,2128567,0,462587457,1308236929,0,462585542,1308241766,0,299657,0,496.46,506.70,513.25
437,2,87,97,100,26822,26822,26822,70457,70457,70457,591,591,591,0.62,0.85,0.94,0.25,0.28,0.34,0.26,0.28,0.34,0.00,0.00,0.00,0.05,0.07,0.08,0.00,0.00,0.00,0.13,0.17,0.23,330216,455475,566080,400976,547200,799327,0,484435330,724897631,0,484434805,724900252,0,289696,0,491.77,504.28,515.73
437,3,82,96,100,26903,26903,26903,70376,70376,70376,591,591,591,0.76,0.86,0.94,0.26,0.28,0.34,0.27,0.29,0.36,0.00,0.00,0.00,0.06,0.07,0.08,0.00,0.00,0.00,0.14,0.17,0.24,330113,456468,733554,387752,530363,812150,0,484353196,870348519,0,484358046,791640950,0,403591,0,498.21,509.61,517.36
438,0,98,99,100,26404,26404,26404,70875,70875,70875,591,591,591,0.95,0.97,0.98,0.27,0.30,0.31,0.25,0.35,0.42,0.00,0.00,0.00,0.11,0.15,0.18,0.00,0.00,0.00,0.07,0.11,0.15,279840,419789,704849,320792,462128,762495,0,0,0,0,0,0,0,307209,0,500.21,503.01,505.00
438,1,98,99,100,26665,26665,26665,70614,70614,70614,591,591,591,0.94,0.96,0.97,0.29,0.30,0.31,0.25,0.35,0.42,0.00,0.00,0.00,0.11,0.14,0.17,0.00,0.00,0.00,0.08,0.12,0.17,309238,588344,1142615,352916,625470,1184546,0,0,0,0,0,0,0,406895,0,493.80,496.58,500.24
438,2,98,98,100,26822,26822,26822,70457,70457,70457,591,591,591,0.95,0.96,0.98,0.28,0.30,0.31,0.25,0.35,0.41,0.00,0.00,0.00,0.11,0.15,0.17,0.00,0.00,0.00,0.09,0.11,0.16,327564,461202,857033,340667,497481,905209,0,0,0,0,0,0,0,418407,0,491.78,502.18,517.19
438,3,98,99,100,26903,26903,26903,70376,70376,70376,591,591,591,0.95,0.96,0.97,0.29,0.30,0.31,0.25,0.34,0.41,0.00,0.00,0.00,0.11,0.14,0.17,0.00,0.00,0.00,0.09,0.12,0.15,329788,448409,790990,356487,512529,839785,0,0,0,0,0,0,0,471513,0,501.54,508.27,521.91
439,0,96,98,100,26404,26404,26404,70875,70875,70875,591,591,591,0.92,0.95,0.98,0.16,0.35,0.49,0.32,0.39,0.43,0.00,0.00,0.00,0.03,0.11,0.18,0.00,0.00,0.00,0.04,0.17,0.35,339499,625331,1100542,445466,714760,1255142,0,0,0,0,0,0,0,411388,0,516.46,518.23,521.01
439,1,99,99,100,26665,26665,26665,70614,70614,70614,591,591,591,0.90,0.94,0.98,0.19,0.34,0.51,0.35,0.39,0.43,0.00,0.00,0.00,0.03,0.11,0.18,0.00,0.00,0.00,0.06,0.17,0.33,448155,517831,639443,497935,607979,686499,0,0,0,0,0,0,0,409068,0,510.36,512.97,517.58
439,2,95,98,100,26822,26822,26822,70457,70457,70457,591,591,591,0.78,0.92,0.98,0.28,0.34,0.44,0.27,0.38,0.43,0.00,0.00,0.00,0.02,0.11,0.18,0.00,0.00,0.00,0.08,0.17,0.29,269084,379800,453380,300535,468891,547621,0,0,0,0,524,2620,0,401966,0,503.06,517.68,524.37
439,3,92,98,100,26903,26903,26903,70376,70376,70376,591,591,591,0.85,0.95,0.99,0.23,0.33,0.43,0.33,0.40,0.43,0.00,0.00,0.00,0.02,0.12,0.18,0.00,0.00,0.00,0.08,0.16,0.30,330188,693528,1535363,372117,771966,1684707,0,524,2620,0,0,0,0,401565,0,509.48,518.35,524.69
440,0,99,99,100,26404,26404,26404,70875,70875,70875,591,591,591,0.80,0.85,0.99,0.18,0.22,0.25,0.33,0.36,0.45,0.00,0.00,0.00,0.07,0.09,0.12,0.00,0.00,0.00,0.05,0.09,0.11,330082,626846,1077085,361519,669299,1111154,640685217,674464709,761586358,640682596,674466282,761594221,0,440016,0,489.57,498.24,508.07
440,1,100,100,100,26665,26665,26665,70614,70614,70614,591,591,591,0.81,0.86,0.90,0.17,0.21,0.25,0.32,0.37,0.41,0.00,0.00,0.00,0.07,0.09,0.10,0.00,0.00,0.00,0.05,0.08,0.11,453383,880046,1910812,487203,918832,1957992,640371521,674470916,761582773,640376760,674470391,761569669,0,435001,0,483.74,493.46,507.69
440,2,100,100,100,26822,26822,26822,70457,70457,70457,591,591,591,0.81,0.86,0.90,0.17,0.21,0.25,0.32,0.37,0.40,0.00,0.00,0.00,0.08,0.09,0.11,0.00,0.00,0.00,0.05,0.08,0.11,351164,997407,2025666,400955,1036717,2057113,640670020,674499830,761567542,640683123,674500878,761567542,0,430859,0,476.63,488.13,497.69
440,3,99,99,100,26903,26903,26903,70376,70376,70376,591,591,591,0.80,0.84,0.90,0.19,0.22,0.25,0.33,0.35,0.39,0.00,0.00,0.00,0.08,0.09,0.11,0.00,0.00,0.00,0.06,0.09,0.11,335460,717684,1134656,366909,762735,1171342,640708480,674192624,761546769,640697997,674190532,761552010,0,304795,0,491.91,497.42,506.27
441,0,99,99,100,26404,26404,26404,70875,70875,70875,591,591,591,0.81,0.84,0.92,0.18,0.22,0.25,0.33,0.35,0.42,0.00,0.00,0.00,0.07,0.09,0.11,0.00,0.00,0.00,0.05,0.09,0.11,335426,524448,838620,364252,566363,885792,639911904,650121527,664805275,639917139,650120477,664805275,0,390487,0,486.30,489.51,493.34
441,1,99,99,100,26665,26665,26665,70614,70614,70614,591,591,591,0.81,0.84,0.94,0.16,0.22,0.24,0.32,0.36,0.43,0.00,0.00,0.00,0.07,0.09,0.11,0.00,0.00,0.00,0.04,0.09,0.11,445328,553954,765151,482179,596346,807077,636671510,649509776,664807690,636684531,649510284,664815552,0,388142,0,481.60,484.05,486.68
441,2,100,100,100,26822,26822,26822,70457,70457,70457,591,591,591,0.81,0.85,0.90,0.20,0.22,0.25,0.32,0.35,0.39,0.00,0.00,0.00,0.08,0.09,0.10,0.00,0.00,0.00,0.07,0.09,0.11,330203,603905,1084674,361651,648644,1118734,640115737,646238382,664795842,640113119,646237318,664777497,0,399443,0,483.78,491.31,496.14
441,3,100,100,100,26903,26903,26903,70376,70376,70376,591,591,591,0.81,0.84,0.90,0.19,0.22,0.25,0.32,0.35,0.40,0.00,0.00,0.00,0.07,0.09,0.10,0.00,0.00,0.00,0.06,0.09,0.11,320827,579876,1480965,374726,623276,1530767,627476468,650537277,679065272,627476468,650538873,679070626,0,444921,0,491.43,492.27,493.21
442,0,100,100,100,26404,26404,26404,70875,70875,70875,591,591,591,0.80,0.86,0.90,0.18,0.21,0.25,0.32,0.37,0.40,0.00,0.00,0.00,0.08,0.09,0.11,0.00,0.00,0.00,0.05,0.08,0.11,327584,417190,626343,351160,452829,676136,640661458,655113067,664796449,640666699,655109923,664785966,0,391911,0,483.68,487.30,489.75
442,1,99,99,100,26665,26665,26665,70614,70614,70614,591,591,591,0.81,0.86,0.98,0.19,0.21,0.24,0.33,0.36,0.44,0.00,0.00,0.00,0.07,0.09,0.12,0.00,0.00,0.00,0.05,0.08,0.11,445510,616907,851723,474337,657265,885792,640676184,655150135,664807721,640681425,655152756,664802479,0,389543,0,481.87,485.54,489.17
442,2,100,100,100,26822,26822,26822,70457,70457,70457,591,591,591,0.81,0.85,0.90,0.16,0.22,0.25,0.31,0.35,0.40,0.00,0.00,0.00,0.06,0.08,0.10,0.00,0.00,0.00,0.05,0.09,0.11,34069,339637,610620,73379,381568,660413,640676975,655147955,664796099,640674354,655149003,664798363,0,339109,0,483.94,488.17,491.56
442,3,99,99,100,26903,26903,26903,70376,70376,70376,591,591,591,0.80,0.88,0.97,0.16,0.21,0.25,0.33,0.38,0.44,0.00,0.00,0.00,0.07,0.10,0.12,0.00,0.00,0.00,0.04,0.08,0.11,330192,562923,1056152,364276,598563,1087600,36983246,529582016,1268453858,0,522184464,1305435448,0,389530,0,481.89,486.22,491.36
443,0,100,100,100,26404,26404,26404,70875,70875,70875,591,591,591,0.80,0.88,0.93,0.20,0.24,0.26,0.28,0.32,0.40,0.00,0.00,0.00,0.07,0.09,0.10,0.00,0.00,0.00,0.09,0.12,0.15,330187,646610,1250074,377356,727152,1323454,472475646,660195227,765986339,472477394,660197674,765981098,0,451066,0,486.26,492.14,496.89
443,1,99,99,100,26665,26665,26665,70614,70614,70614,591,591,591,0.81,0.89,0.92,0.17,0.24,0.27,0.27,0.32,0.42,0.00,0.00,0.00,0.08,0.09,0.11,0.00,0.00,0.00,0.05,0.12,0.16,293515,563439,1095446,358159,646602,1181929,510661598,656373273,757017954,510665092,656370303,757017954,0,457993,0,486.98,494.05,499.45
443,2,100,100,100,26822,26822,26822,70457,70457,70457,591,591,591,0.86,0.90,0.94,0.16,0.23,0.27,0.26,0.32,0.42,0.00,0.00,0.00,0.07,0.09,0.11,0.00,0.00,0.00,0.04,0.11,0.16,324967,716485,1373175,395723,797202,1396760,640665132,707446627,766011089,640665132,707445579,766000606,0,401879,0,485.00,493.62,501.34
443,3,99,99,100,26903,26903,26903,70376,70376,70376,591,591,591,0.81,0.87,0.92,0.20,0.24,0.26,0.27,0.32,0.36,0.00,0.00,0.00,0.07,0.08,0.10,0.00,0.00,0.00,0.09,0.12,0.15,351151,452326,600137,416665,534615,744275,127808741,681598883,1268503770,212855590,688995603,1305478953,0,405954,0,488.04,495.66,506.04
444,0,88,97,100,26404,26404,26404,70875,70875,70875,591,591,591,0.79,0.87,0.92,0.24,0.27,0.34,0.22,0.28,0.36,0.00,0.00,0.00,0.06,0.07,0.08,0.00,0.00,0.00,0.13,0.17,0.23,338055,555542,1069273,416635,632058,1153137,0,0,0,0,0,0,0,296312,0,499.04,507.46,516.26
444,1,81,96,100,26665,26665,26665,70614,70614,70614,591,591,591,0.63,0.86,0.94,0.21,0.27,0.37,0.16,0.28,0.41,0.00,0.00,0.00,0.05,0.07,0.08,0.00,0.00,0.00,0.13,0.16,0.26,492682,931439,1585461,568681,1000642,1653596,0,0,0,0,0,0,0,291208,0,492.39,504.83,515.94
444,2,100,100,100,26822,26822,26822,70457,70457,70457,591,591,591,0.68,0.87,0.95,0.25,0.27,0.30,0.26,0.27,0.28,0.00,0.00,0.00,0.05,0.07,0.08,0.00,0.00,0.00,0.13,0.16,0.22,327486,495826,722531,406083,560169,737959,0,1911004968,0,0,1913859184,0,0,395297,0,488.75,502.43,513.95
444,3,88,97,100,26903,26903,26903,70376,70376,70376,591,591,591,0.68,0.85,0.92,0.22,0.26,0.30,0.24,0.27,0.28,0.00,0.00,0.00,0.06,0.07,0.08,0.00,0.00,0.00,0.12,0.16,0.22,327454,551403,1368216,363578,625510,1488787,501246764,0,0,501246764,0,0,0,451600,0,504.87,509.44,517.06
445,0,99,99,100,26404,26404,26404,70875,70875,70875,591,591,591,0.88,0.95,0.98,0.29,0.30,0.32,0.25,0.35,0.42,0.00,0.00,0.00,0.08,0.14,0.18,0.00,0.00,0.00,0.08,0.12,0.19,327589,481168,872910,366900,553539,1088012,0,0,0,0,0,0,0,399570,0,483.49,490.97,500.09
445,1,98,99,100,26665,26665,26665,70614,70614,70614,591,591,591,0.87,0.94,0.98,0.27,0.30,0.31,0.25,0.35,0.43,0.00,0.00,0.00,0.09,0.14,0.18,0.00,0.00,0.00,0.08,0.12,0.18,435032,708036,1430546,482208,782976,1658490,0,0,0,0,0,0,0,404983,0,482.71,491.84,504.57
445,2,83,95,100,26822,26822,26822,70457,70457,70457,591,591,591,0.88,0.95,0.98,0.29,0.30,0.31,0.25,0.35,0.41,0.00,0.00,0.00,0.09,0.14,0.17,0.00,0.00,0.00,0.09,0.12,0.17,322310,354828,408818,372098,431873,613219,0,0,0,0,0,0,0,469321,0,485.00,499.10,519.81
445,3,95,98,100,26903,26903,26903,70376,70376,70376,591,591,591,0.88,0.95,0.98,0.28,0.31,0.34,0.25,0.35,0.42,0.00,0.00,0.00,0.07,0.13,0.17,0.00,0.00,0.00,0.09,0.13,0.22,327594,698149,1543595,374767,771528,1768976,0,0,0,0,0,0,0,416667,0,489.03,496.02,504.89
446,0,99,99,100,26404,26404,26404,70875,70875,70875,591,591,591,0.93,0.96,0.98,0.28,0.38,0.47,0.36,0.39,0.43,0.00,0.00,0.00,0.03,0.11,0.18,0.00,0.00,0.00,0.08,0.19,0.32,120533,419892,615840,269890,522738,665549,0,655,2620,0,0,0,0,470203,0,512.35,518.20,522.73
446,1,99,99,100,26665,26665,26665,70614,70614,70614,591,591,591,0.87,0.94,0.98,0.31,0.39,0.46,0.30,0.38,0.41,0.00,0.00,0.00,0.02,0.10,0.17,0.00,0.00,0.00,0.09,0.20,0.34,524137,722634,1066603,644689,826149,1116395,0,0,0,0,0,0,0,463922,0,511.87,514.92,518.97
446,2,98,99,100,26822,26822,26822,70457,70457,70457,591,591,591,0.79,0.91,0.98,0.28,0.37,0.49,0.29,0.36,0.43,0.00,0.00,0.00,0.03,0.10,0.18,0.00,0.00,0.00,0.08,0.20,0.33,136273,592262,1147799,180824,697088,1291929,0,0,0,0,0,0,0,400017,0,508.37,517.19,524.83
446,3,99,99,100,26903,26903,26903,70376,70376,70376,591,591,591,0.88,0.95,0.98,0.27,0.36,0.46,0.31,0.39,0.43,0.00,0.00,0.00,0.03,0.12,0.18,0.00,0.00,0.00,0.08,0.18,0.32,335337,408790,610619,379961,513604,655171,0,0,0,0,654,2619,0,309356,0,517.99,520.51,523.09
447,0,100,100,100,26404,26404,26404,70875,70875,70875,591,591,591,0.81,0.86,0.95,0.16,0.22,0.26,0.33,0.36,0.44,0.00,0.00,0.00,0.07,0.09,0.11,0.00,0.00,0.00,0.04,0.09,0.13,348553,668952,1491965,380002,707913,1526906,0,498167394,771436195,0,490771286,842722013,0,393198,0,488.35,500.46,514.32
447,1,100,100,100,26665,26665,26665,70614,70614,70614,591,591,591,0.81,0.86,0.90,0.19,0.22,0.25,0.32,0.36,0.40,0.00,0.00,0.00,0.07,0.09,0.10,0.00,0.00,0.00,0.06,0.09,0.11,440267,645930,1069225,471714,687477,1114650,0,623278565,1305493685,0,623279433,1305491064,0,383523,0,480.53,495.04,506.58
447,2,100,100,100,26822,26822,26822,70457,70457,70457,591,591,591,0.81,0.87,0.94,0.16,0.21,0.24,0.32,0.37,0.43,0.00,0.00,0.00,0.06,0.09,0.11,0.00,0.00,0.00,0.04,0.08,0.11,330206,424529,744280,343310,459643,783590,0,541490973,761091913,0,541492546,761089294,0,388672,0,479.65,492.76,499.40
447,3,99,99,100,26903,26903,26903,70376,70376,70376,591,591,591,0.80,0.87,0.92,0.18,0.22,0.27,0.33,0.37,0.40,0.00,0.00,0.00,0.08,0.09,0.11,0.00,0.00,0.00,0.05,0.09,0.14,376676,728072,1564577,411553,769774,1614371,0,541131238,743905790,0,541129690,743900670,0,436849,0,485.99,501.14,513.29
448,0,100,100,100,26404,26404,26404,70875,70875,70875,591,591,591,0.81,0.88,0.98,0.17,0.21,0.25,0.33,0.38,0.45,0.00,0.00,0.00,0.07,0.10,0.12,0.00,0.00,0.00,0.05,0.08,0.11,335421,407925,574723,364246,446458,623255,604964849,644188919,682699553,640612055,651765383,664815522,0,387609,0,485.38,489.00,492.23
448,1,100,100,100,26665,26665,26665,70614,70614,70614,591,591,591,0.80,0.87,0.95,0.16,0.20,0.25,0.32,0.38,0.44,0.00,0.00,0.00,0.06,0.09,0.11,0.00,0.00,0.00,0.04,0.08,0.11,445394,663523,1142603,458494,698639,1192396,0,522194524,1305487629,0,522192951,1305485008,0,384158,0,479.43,483.48,489.05
448,2,100,100,100,26822,26822,26822,70457,70457,70457,591,591,591,0.81,0.85,0.90,0.19,0.22,0.25,0.32,0.36,0.39,0.00,0.00,0.00,0.08,0.09,0.11,0.00,0.00,0.00,0.06,0.09,0.11,324880,452474,705843,355821,495525,751269,0,608715934,1305225615,0,606211059,1305225615,0,387719,0,484.54,490.01,494.16
448,3,99,99,100,26903,26903,26903,70376,70376,70376,591,591,591,0.80,0.86,0.90,0.18,0.21,0.24,0.32,0.37,0.40,0.00,0.00,0.00,0.08,0.09,0.10,0.00,0.00,0.00,0.06,0.08,0.11,338063,435539,712735,374757,475373,728458,640618628,655136037,664792202,640616008,655138133,664794254,0,395189,0,485.31,490.44,496.27
449,0,99,99,100,26404,26404,26404,70875,70875,70875,591,591,591,0.80,0.84,0.90,0.20,0.22,0.25,0.33,0.36,0.40,0.00,0.00,0.00,0.08,0.09,0.10,0.00,0.00,0.00,0.07,0.09,0.11,290902,387865,613254,340696,430845,660427,640686842,650338881,664814702,640694704,650339405,664806839,0,438484,0,485.13,488.26,493.19
449,1,99,99,100,26665,26665,26665,70614,70614,70614,591,591,591,0.80,0.85,0.98,0.18,0.22,0.25,0.33,0.36,0.45,0.00,0.00,0.00,0.07,0.09,0.12,0.00,0.00,0.00,0.05,0.09,0.11,461224,544045,825503,511015,587547,856951,570890958,650321608,771411922,462772297,650321376,842704086,0,389314,0,484.37,486.08,487.84
449,2,100,100,100,26822,26822,26822,70457,70457,70457,591,591,591,0.80,0.87,0.90,0.16,0.22,0.25,0.31,0.36,0.41,0.00,0.00,0.00,0.07,0.09,0.10,0.00,0.00,0.00,0.05,0.08,0.11,2620,465950,1333895,15723,506832,1386307,0,650332347,1305511341,0,650332871,1305513962,0,340745,0,482.88,489.88,493.08
449,3,99,99,100,26903,26903,26903,70376,70376,70376,591,591,591,0.80,0.84,0.91,0.16,0.22,0.24,0.32,0.35,0.41,0.00,0.00,0.00,0.07,0.09,0.11,0.00,0.00,0.00,0.04,0.09,0.11,327586,422448,610585,377379,464903,657755,640690136,650329061,664791352,640692756,650328013,664791352,0,396602,0,489.07,496.05,501.82
450,0,100,100,100,26404,26404,26404,70875,70875,70875,591,591,591,0.81,0.88,0.92,0.20,0.23,0.26,0.27,0.32,0.38,0.00,0.00,0.00,0.08,0.08,0.11,0.00,0.00,0.00,0.08,0.11,0.14,26207,453552,1114664,73380,522214,1209008,255336603,601969616,870320369,0,601967038,870323863,0,405819,0,491.47,495.10,500.63
450,1,100,100,100,26665,26665,26665,70614,70614,70614,591,591,591,0.81,0.88,0.94,0.20,0.23,0.26,0.27,0.32,0.37,0.00,0.00,0.00,0.07,0.08,0.09,0.00,0.00,0.00,0.08,0.11,0.15,304001,761044,1713909,338943,839315,1779425,0,601964633,870327499,0,601966730,870332740,0,301951,0,481.98,489.37,495.09
450,2,100,100,100,26822,26822,26822,70457,70457,70457,591,591,591,0.81,0.87,0.95,0.16,0.23,0.27,0.25,0.32,0.43,0.00,0.00,0.00,0.07,0.08,0.11,0.00,0.00,0.00,0.04,0.11,0.16,314484,382089,555585,364278,460184,589654,605197754,688986052,765933026,553991185,688985220,807081189,0,398120,0,487.99,492.66,498.17
450,3,99,99,100,26903,26903,26903,70376,70376,70376,591,591,591,0.81,0.88,0.92,0.19,0.22,0.27,0.27,0.33,0.38,0.00,0.00,0.00,0.06,0.08,0.10,0.00,0.00,0.00,0.07,0.10,0.16,231177,564658,1299866,311134,636075,1378487,0,605072180,865872471,0,605073229,865872471,0,453311,0,490.04,495.93,502.63
451,0,100,100,100,26404,26404,26404,70875,70875,70875,591,591,591,0.81,0.90,0.94,0.26,0.27,0.28,0.27,0.28,0.31,0.00,0.00,0.00,0.06,0.08,0.09,0.00,0.00,0.00,0.14,0.16,0.19,369521,533552,859738,421902,593823,938373,279878322,635785809,756654486,279875701,635787379,756670202,0,304568,0,504.92,509.21,514.07
451,1,100,100,100,26665,26665,26665,70614,70614,70614,591,591,591,0.78,0.89,0.92,0.23,0.27,0.29,0.27,0.28,0.31,0.00,0.00,0.00,0.06,0.08,0.08,0.00,0.00,0.00,0.13,0.16,0.20,492669,623524,1042197,552943,680384,1057908,279865381,632471790,756960730,279868002,632470741,756950248,0,399360,0,498.47,507.72,515.25
451,2,92,98,100,26822,26822,26822,70457,70457,70457,591,591,591,0.69,0.88,0.93,0.25,0.26,0.29,0.27,0.27,0.28,0.00,0.00,0.00,0.06,0.08,0.08,0.00,0.00,0.00,0.13,0.15,0.20,324918,483693,791449,340687,536627,842116,0,539407830,955728936,0,539409235,955730683,0,397468,0,502.98,506.05,512.24
451,3,92,98,100,26903,26903,26903,70376,70376,70376,591,591,591,0.77,0.89,0.94,0.25,0.26,0.27,0.27,0.27,0.28,0.00,0.00,0.00,0.07,0.08,0.09,0.00,0.00,0.00,0.14,0.15,0.17,327579,532439,1066240,343271,589041,1121255,39417424,635760061,988242941,0,635757151,988237701,0,394514,0,500.22,510.50,516.18
452,0,85,95,100,26404,26404,26404,70875,70875,70875,591,591,591,0.79,0.92,0.98,0.28,0.31,0.33,0.25,0.33,0.41,0.00,0.00,0.00,0.06,0.12,0.17,0.00,0.00,0.00,0.09,0.15,0.22,317021,400053,602755,345931,486493,652547,0,0,0,0,0,0,0,400105,0,497.68,499.59,501.16
452,1,84,94,100,26665,26665,26665,70614,70614,70614,591,591,591,0.80,0.92,0.97,0.26,0.30,0.33,0.25,0.33,0.43,0.00,0.00,0.00,0.06,0.12,0.18,0.00,0.00,0.00,0.07,0.14,0.22,458615,602101,888407,497932,688584,940820,0,0,0,0,0,0,0,397077,0,497.60,500.77,503.82
452,2,97,99,100,26822,26822,26822,70457,70457,70457,591,591,591,0.86,0.93,0.97,0.31,0.31,0.32,0.25,0.33,0.41,0.00,0.00,0.00,0.07,0.12,0.17,0.00,0.00,0.00,0.10,0.15,0.21,322340,421898,642049,369511,511639,668255,0,0,0,0,0,0,0,461569,0,497.52,503.94,517.32
452,3,90,96,100,26903,26903,26903,70376,70376,70376,591,591,591,0.88,0.92,0.97,0.29,0.32,0.37,0.23,0.33,0.41,0.00,0.00,0.00,0.07,0.11,0.17,0.00,0.00,0.00,0.09,0.16,0.25,335440,454034,702343,385231,541826,728550,0,0,0,0,0,0,0,315207,0,497.93,502.38,504.91
453,0,96,98,100,26404,26404,26404,70875,70875,70875,591,591,591,0.93,0.97,0.98,0.28,0.34,0.48,0.36,0.40,0.43,0.00,0.00,0.00,0.03,0.14,0.18,0.00,0.00,0.00,0.08,0.15,0.33,243720,512592,1294567,332819,597850,1401138,0,349,1747,0,0,0,0,471044,0,503.98,514.26,521.58
453,1,94,98,100,26665,26665,26665,70614,70614,70614,591,591,591,0.92,0.96,0.97,0.31,0.36,0.48,0.31,0.39,0.41,0.00,0.00,0.00,0.04,0.13,0.17,0.00,0.00,0.00,0.09,0.17,0.34,415794,805929,1823937,490070,893283,1996896,0,0,0,0,524,2620,0,466267,0,502.33,510.27,521.03
453,2,97,98,99,26822,26822,26822,70457,70457,70457,591,591,591,0.76,0.93,0.98,0.28,0.34,0.42,0.27,0.39,0.43,0.00,0.00,0.00,0.02,0.13,0.18,0.00,0.00,0.00,0.08,0.15,0.27,49787,622652,1323483,91713,716466,1373277,0,0,0,0,0,0,0,407297,0,512.09,519.28,524.52
453,3,91,97,100,26903,26903,26903,70376,70376,70376,591,591,591,0.91,0.96,0.98,0.27,0.34,0.42,0.35,0.40,0.43,0.00,0.00,0.00,0.06,0.14,0.18,0.00,0.00,0.00,0.08,0.17,0.39,259411,454780,790758,366896,538654,949391,0,0,0,0,0,0,0,468601,0,518.13,523.31,525.60
454,0,99,99,100,26404,26404,26404,70875,70875,70875,591,591,591,0.81,0.88,0.99,0.19,0.22,0.25,0.33,0.38,0.43,0.00,0.00,0.00,0.08,0.10,0.12,0.00,0.00,0.00,0.06,0.08,0.11,330212,513636,1003639,364282,552421,1053428,0,541534286,761590316,0,541535859,761595558,0,389729,0,485.93,499.92,515.37
454,1,100,100,100,26665,26665,26665,70614,70614,70614,591,591,591,0.81,0.87,0.95,0.16,0.20,0.24,0.32,0.37,0.43,0.00,0.00,0.00,0.06,0.09,0.11,0.00,0.00,0.00,0.04,0.08,0.11,456011,731930,1171345,505796,766853,1184447,0,537230146,761602811,0,537229604,761589707,0,388123,0,490.53,503.29,513.49
454,2,100,100,100,26822,26822,26822,70457,70457,70457,591,591,591,0.81,0.88,0.98,0.18,0.23,0.32,0.32,0.37,0.44,0.00,0.00,0.00,0.07,0.09,0.11,0.00,0.00,0.00,0.05,0.10,0.19,332715,507876,870066,364152,543515,919859,0,454532419,870402124,0,454531721,870398629,0,391127,0,481.02,494.27,506.10
454,3,100,100,100,26903,26903,26903,70376,70376,70376,591,591,591,0.81,0.88,1.00,0.15,0.20,0.25,0.32,0.38,0.45,0.00,0.00,0.00,0.07,0.09,0.10,0.00,0.00,0.00,0.02,0.07,0.11,330188,652109,1491675,361589,689529,1503194,0,541534767,1194511147,0,541532328,1120695428,0,389235,0,489.26,501.62,516.08
455,0,99,99,100,26404,26404,26404,70875,70875,70875,591,591,591,0.80,0.84,0.90,0.20,0.22,0.25,0.33,0.36,0.39,0.00,0.00,0.00,0.08,0.09,0.10,0.00,0.00,0.00,0.07,0.09,0.11,309170,428180,587044,337991,470524,636838,640549256,652974841,664820695,640554497,652975382,664815453,0,394224,0,487.93,492.68,499.62
455,1,99,99,100,26665,26665,26665,70614,70614,70614,591,591,591,0.81,0.85,0.98,0.18,0.22,0.24,0.33,0.36,0.44,0.00,0.00,0.00,0.07,0.09,0.12,0.00,0.00,0.00,0.05,0.09,0.11,461247,578627,849101,508420,621080,880549,640684499,655125321,664804675,640687120,655124273,664799433,0,392484,0,485.89,489.46,491.28
455,2,100,100,100,26822,26822,26822,70457,70457,70457,591,591,591,0.82,0.86,0.90,0.16,0.22,0.25,0.32,0.36,0.41,0.00,0.00,0.00,0.07,0.09,0.10,0.00,0.00,0.00,0.04,0.09,0.11,312964,352411,445386,364694,395252,461106,640508183,653375104,664772274,640502943,653374056,664767033,0,393149,0,486.17,491.72,494.49
455,3,99,99,100,26903,26903,26903,70376,70376,70376,591,591,591,0.80,0.84,0.94,0.17,0.22,0.24,0.32,0.35,0.43,0.00,0.00,0.00,0.06,0.09,0.11,0.00,0.00,0.00,0.04,0.09,0.11,324951,670893,1795178,361655,714920,1847591,36985843,655142550,1268452455,0,655143803,1305434080,0,393275,0,486.95,490.50,494.27
456,0,100,100,100,26404,26404,26404,70875,70875,70875,591,591,591,0.81,0.85,0.90,0.16,0.21,0.25,0.32,0.36,0.41,0.00,0.00,0.00,0.07,0.09,0.11,0.00,0.00,0.00,0.05,0.08,0.11,317102,685538,1226396,348550,723448,1273565,427127134,607585586,664798751,427127134,607583489,664790889,0,441848,0,483.83,486.85,491.55
456,1,100,100,100,26665,26665,26665,70614,70614,70614,591,591,591,0.81,0.86,0.94,0.16,0.21,0.24,0.33,0.36,0.43,0.00,0.00,0.00,0.07,0.09,0.11,0.00,0.00,0.00,0.04,0.08,0.10,296966,601349,919863,335397,641008,974897,448663397,593195165,664784934,429102740,591891623,664790175,0,333721,0,482.88,485.56,491.43
456,2,100,100,100,26822,26822,26822,70457,70457,70457,591,591,591,0.81,0.85,0.96,0.17,0.22,0.25,0.32,0.35,0.43,0.00,0.00,0.00,0.06,0.09,0.11,0.00,0.00,0.00,0.04,0.09,0.11,2620,495303,1362735,36689,540379,1415148,640677194,650329113,664802435,640685056,650330162,664794573,0,291256,0,487.31,491.51,494.51
456,3,99,99,100,26903,26903,26903,70376,70376,70376,591,591,591,0.81,0.88,0.98,0.17,0.20,0.24,0.33,0.38,0.45,0.00,0.00,0.00,0.07,0.09,0.12,0.00,0.00,0.00,0.05,0.08,0.13,364276,712768,1376442,395725,748988,1408976,0,497942709,1237197506,0,497942796,1237200797,0,440057,0,486.23,490.19,493.90
457,0,99,99,100,26404,26404,26404,70875,70875,70875,591,591,591,0.81,0.88,0.92,0.19,0.23,0.26,0.26,0.33,0.40,0.00,0.00,0.00,0.07,0.09,0.11,0.00,0.00,0.00,0.07,0.10,0.15,330212,551362,783276,406214,625263,833049,640920684,688985638,765943833,640923305,688986161,765946454,0,295403,0,491.83,494.17,496.44
457,1,100,100,100,26665,26665,26665,70614,70614,70614,591,591,591,0.81,0.87,0.98,0.18,0.23,0.27,0.23,0.32,0.45,0.00,0.00,0.00,0.07,0.08,0.12,0.00,0.00,0.00,0.05,0.11,0.17,474335,685876,1113805,505783,764163,1210772,627959566,685985247,766002029,498408953,685985005,807079872,0,399391,0,480.83,487.18,494.91
457,2,100,100,100,26822,26822,26822,70457,70457,70457,591,591,591,0.84,0.89,0.92,0.16,0.23,0.27,0.26,0.33,0.41,0.00,0.00,0.00,0.07,0.08,0.10,0.00,0.00,0.00,0.04,0.11,0.16,324960,776560,1684928,406200,848890,1713753,501097805,638871536,766003520,480029754,633953621,766006140,0,394631,0,484.32,491.13,498.14
457,3,99,99,100,26903,26903,26903,70376,70376,70376,591,591,591,0.81,0.87,0.92,0.19,0.23,0.25,0.28,0.32,0.37,0.00,0.00,0.00,0.08,0.08,0.09,0.00,0.00,0.00,0.07,0.11,0.15,330151,526174,1069236,403518,605308,1160960,0,688900625,1305500085,0,688898529,1305492223,0,399093,0,489.18,492.13,494.25
458,0,100,100,100,26404,26404,26404,70875,70875,70875,591,591,591,0.91,0.92,0.92,0.25,0.26,0.27,0.27,0.27,0.28,0.00,0.00,0.00,0.08,0.08,0.08,0.00,0.00,0.00,0.14,0.15,0.16,330214,460331,809539,390475,524490,895995,0,547605287,757057646,0,547603321,757060267,0,412001,0,496.42,507.90,514.38
458,1,100,100,100,26665,26665,26665,70614,70614,70614,591,591,591,0.92,0.93,0.94,0.25,0.26,0.26,0.27,0.28,0.28,0.00,0.00,0.00,0.08,0.08,0.08,0.00,0.00,0.00,0.13,0.14,0.15,461230,574583,877926,476954,634859,951305,0,547657627,757049005,0,547660247,757059488,0,411918,0,500.45,510.94,517.31
458,2,100,100,100,26822,26822,26822,70457,70457,70457,591,591,591,0.91,0.93,0.94,0.25,0.26,0.26,0.27,0.27,0.28,0.00,0.00,0.00,0.08,0.08,0.09,0.00,0.00,0.00,0.13,0.14,0.15,332793,490052,773230,408785,547753,844215,0,547558511,756982150,0,547556545,756966428,0,449354,0,497.15,505.74,512.70
458,3,100,100,100,26903,26903,26903,70376,70376,70376,591,591,591,0.91,0.92,0.93,0.25,0.26,0.27,0.27,0.27,0.28,0.00,0.00,0.00,0.08,0.08,0.09,0.00,0.00,0.00,0.13,0.15,0.16,332826,412779,618570,343309,469782,699823,0,547687705,757151706,0,547689016,757154328,0,313532,0,503.39,512.91,519.15
459,0,93,98,100,26404,26404,26404,70875,70875,70875,591,591,591,0.81,0.91,0.98,0.22,0.30,0.37,0.24,0.33,0.41,0.00,0.00,0.00,0.07,0.11,0.17,0.00,0.00,0.00,0.09,0.15,0.26,96967,573186,1542508,172968,646212,1692741,0,197711548,988557742,0,197714169,988570845,0,398858,0,497.33,503.15,513.35
459,1,85,96,100,26665,26665,26665,70614,70614,70614,591,591,591,0.71,0.88,0.97,0.24,0.30,0.37,0.21,0.32,0.43,0.00,0.00,0.00,0.06,0.11,0.18,0.00,0.00,0.00,0.07,0.16,0.26,437646,619692,894427,516265,690623,1044663,0,197714485,988572426,0,197713437,988567185,0,397896,0,493.60,498.60,507.47
459,2,84,96,100,26822,26822,26822,70457,70457,70457,591,591,591,0.75,0.89,0.98,0.25,0.30,0.37,0.24,0.31,0.43,0.00,0.00,0.00,0.06,0.10,0.18,0.00,0.00,0.00,0.08,0.17,0.26,117935,601173,1362705,196559,685034,1409875,0,197725776,988628880,0,197723679,988618396,0,410171,0,494.46,499.26,504.19
459,3,88,96,100,26903,26903,26903,70376,70376,70376,591,591,591,0.74,0.88,0.98,0.26,0.30,0.36,0.23,0.33,0.41,0.00,0.00,0.00,0.06,0.11,0.17,0.00,0.00,0.00,0.09,0.16,0.24,369515,666676,854198,581789,752488,879672,0,197717751,988588758,0,197718275,988591378,0,456381,0,498.14,503.23,514.51
460,0,99,99,100,26404,26404,26404,70875,70875,70875,591,591,591,0.92,0.96,0.98,0.27,0.35,0.51,0.31,0.40,0.43,0.00,0.00,0.00,0.03,0.14,0.18,0.00,0.00,0.00,0.08,0.15,0.32,332827,575466,1008944,377379,669801,1056116,0,0,0,0,0,0,0,417062,0,501.96,512.77,520.17
460,1,99,99,99,26665,26665,26665,70614,70614,70614,591,591,591,0.90,0.96,0.97,0.29,0.35,0.47,0.34,0.39,0.42,0.00,0.00,0.00,0.03,0.13,0.17,0.00,0.00,0.00,0.08,0.15,0.32,458612,555037,836004,505783,649376,1014211,0,0,0,0,0,0,0,417449,0,503.26,511.99,520.11
460,2,99,99,100,26822,26822,26822,70457,70457,70457,591,591,591,0.73,0.92,0.98,0.28,0.33,0.38,0.26,0.38,0.43,0.00,0.00,0.00,0.02,0.13,0.18,0.00,0.00,0.00,0.08,0.15,0.27,330216,506309,809773,380011,590169,856944,0,0,0,0,0,0,0,409194,0,508.71,517.63,522.94
460,3,94,98,100,26903,26903,26903,70376,70376,70376,591,591,591,0.89,0.95,0.98,0.28,0.36,0.45,0.34,0.39,0.43,0.00,0.00,0.00,0.03,0.12,0.18,0.00,0.00,0.00,0.08,0.17,0.31,335436,414044,689188,374745,506284,864761,0,0,0,0,0,0,0,416980,0,519.23,523.28,526.12
461,0,100,100,100,26404,26404,26404,70875,70875,70875,591,591,591,0.81,0.88,0.97,0.19,0.25,0.36,0.32,0.37,0.42,0.00,0.00,0.00,0.08,0.09,0.10,0.00,0.00,0.00,0.06,0.11,0.23,309244,436968,845751,359037,475331,893434,0,535099891,1305509179,0,535098820,1305501317,0,436268,0,495.81,506.48,520.62
461,1,100,100,100,26665,26665,26665,70614,70614,70614,591,591,591,0.81,0.88,0.98,0.18,0.24,0.33,0.33,0.37,0.42,0.00,0.00,0.00,0.07,0.09,0.11,0.00,0.00,0.00,0.05,0.11,0.20,437653,509121,560817,490066,548308,594922,0,541552893,1305477700,0,541553417,1305485562,0,438376,0,494.24,505.90,519.30
461,2,99,99,100,26822,26822,26822,70457,70457,70457,591,591,591,0.81,0.88,0.98,0.18,0.24,0.31,0.33,0.37,0.43,0.00,0.00,0.00,0.06,0.09,0.12,0.00,0.00,0.00,0.05,0.10,0.18,311869,379374,597512,353780,418064,628960,0,541466600,1305049884,0,541469220,1305057743,0,290370,0,478.49,494.12,507.57
461,3,99,99,100,26903,26903,26903,70376,70376,70376,591,591,591,0.80,0.88,0.99,0.18,0.22,0.25,0.32,0.37,0.42,0.00,0.00,0.00,0.08,0.09,0.11,0.00,0.00,0.00,0.05,0.09,0.12,324964,428224,791451,348561,469107,843865,0,541551999,761591119,0,541549903,761583257,0,388017,0,490.23,501.39,516.76
462,0,100,100,100,26404,26404,26404,70875,70875,70875,591,591,591,0.80,0.86,0.94,0.16,0.21,0.25,0.32,0.37,0.43,0.00,0.00,0.00,0.07,0.09,0.11,0.00,0.00,0.00,0.04,0.08,0.11,13101,817993,1787277,62888,856428,1800380,0,568102880,870317383,0,568103230,870319130,0,289478,0,481.12,485.56,490.10
462,1,100,100,100,26665,26665,26665,70614,70614,70614,591,591,591,0.81,0.86,0.96,0.17,0.21,0.24,0.33,0.36,0.43,0.00,0.00,0.00,0.08,0.09,0.11,0.00,0.00,0.00,0.04,0.08,0.10,301379,864665,2044227,351172,903626,2073056,35493558,570486634,846643623,142286108,577604841,775455214,0,288609,0,489.57,491.63,493.97
462,2,99,99,100,26822,26822,26822,70457,70457,70457,591,591,591,0.81,0.85,0.98,0.19,0.22,0.24,0.32,0.35,0.44,0.00,0.00,0.00,0.06,0.09,0.12,0.00,0.00,0.00,0.05,0.09,0.11,0,714398,1265787,49794,758426,1297235,0,655156698,1305494447,0,655156174,1305491826,0,393367,0,491.45,497.02,504.80
462,3,99,99,100,26903,26903,26903,70376,70376,70376,591,591,591,0.80,0.85,0.91,0.16,0.21,0.24,0.32,0.36,0.42,0.00,0.00,0.00,0.07,0.09,0.11,0.00,0.00,0.00,0.04,0.08,0.11,340689,731292,1622276,387861,772453,1674692,110945846,609892157,1194587660,0,609896461,1305544545,0,440822,0,485.56,490.51,494.75
463,0,99,99,100,26404,26404,26404,70875,70875,70875,591,591,591,0.80,0.84,0.90,0.18,0.22,0.25,0.32,0.35,0.40,0.00,0.00,0.00,0.07,0.09,0.10,0.00,0.00,0.00,0.05,0.09,0.11,406205,568592,885793,455998,609993,901517,640221408,650235711,664806407,640226646,650235186,664796061,0,389200,0,485.43,487.07,488.00
463,1,100,100,100,26665,26665,26665,70614,70614,70614,591,591,591,0.81,0.85,0.96,0.18,0.22,0.25,0.33,0.35,0.43,0.00,0.00,0.00,0.07,0.09,0.11,0.00,0.00,0.00,0.05,0.09,0.11,471662,756929,1124271,505803,801105,1171444,640571163,645989932,664812081,640581643,645992045,664804219,0,387489,0,482.24,486.42,489.40
463,2,100,100,100,26822,26822,26822,70457,70457,70457,591,591,591,0.80,0.86,0.92,0.18,0.22,0.25,0.31,0.36,0.41,0.00,0.00,0.00,0.07,0.09,0.11,0.00,0.00,0.00,0.05,0.09,0.11,327587,494080,735531,379994,536535,772221,35648747,607617729,1305517073,142422028,607618773,1305511832,0,393012,0,488.08,491.76,496.16
463,3,99,99,100,26903,26903,26903,70376,70376,70376,591,591,591,0.80,0.84,0.90,0.19,0.22,0.25,0.33,0.35,0.39,0.00,0.00,0.00,0.08,0.09,0.10,0.00,0.00,0.00,0.06,0.09,0.11,323872,472782,961797,370140,516301,1001107,628407939,650507348,677941756,628400228,650505816,677944428,0,397596,0,486.08,491.73,497.59
464,0,100,100,100,26404,26404,26404,70875,70875,70875,591,591,591,0.80,0.87,0.94,0.16,0.21,0.24,0.33,0.37,0.43,0.00,0.00,0.00,0.07,0.09,0.11,0.00,0.00,0.00,0.04,0.08,0.11,34068,255294,350392,91722,323981,463819,108763324,683512930,1194566640,0,683972782,1305171994,0,445269,0,480.76,487.00,491.62
464,1,100,100,100,26665,26665,26665,70614,70614,70614,591,591,591,0.80,0.87,0.90,0.19,0.21,0.25,0.32,0.36,0.39,0.00,0.00,0.00,0.07,0.09,0.11,0.00,0.00,0.00,0.06,0.09,0.11,545099,748139,925098,576547,818236,1035157,640689770,683993583,765702299,640697632,683994237,765710158,0,442850,0,483.49,487.33,488.94
464,2,100,100,100,26822,26822,26822,70457,70457,70457,591,591,591,0.81,0.87,0.99,0.19,0.21,0.23,0.29,0.34,0.44,0.00,0.00,0.00,0.06,0.09,0.11,0.00,0.00,0.00,0.05,0.08,0.11,138805,323980,444276,206898,392457,589815,640710017,679678396,765491361,640702155,679679033,765496599,0,444245,0,487.77,493.81,498.31
464,3,100,100,100,26903,26903,26903,70376,70376,70376,591,591,591,0.81,0.87,0.92,0.16,0.21,0.24,0.27,0.35,0.42,0.00,0.00,0.00,0.07,0.09,0.11,0.00,0.00,0.00,0.04,0.09,0.13,461241,670837,1045653,508414,744863,1195033,640691204,683995630,765695124,640685963,683994976,765687265,0,301050,0,489.75,491.45,494.07
465,0,100,100,100,26404,26404,26404,70875,70875,70875,591,591,591,0.91,0.92,0.94,0.23,0.26,0.27,0.27,0.28,0.29,0.00,0.00,0.00,0.07,0.08,0.09,0.00,0.00,0.00,0.13,0.15,0.16,361650,783863,1360144,390471,847802,1428282,117983985,531492230,757038383,0,531483813,757035763,0,409517,0,495.82,504.14,511.05
465,1,100,100,100,26665,26665,26665,70614,70614,70614,591,591,591,0.92,0.93,0.95,0.25,0.26,0.27,0.27,0.27,0.28,0.00,0.00,0.00,0.08,0.08,0.09,0.00,0.00,0.00,0.13,0.15,0.16,0,662144,1522528,78618,724864,1598523,41967797,531544709,715092434,0,531545410,757063735,0,408381,0,495.76,503.24,510.35
465,2,100,100,100,26822,26822,26822,70457,70457,70457,591,591,591,0.91,0.93,0.95,0.25,0.26,0.27,0.26,0.27,0.28,0.00,0.00,0.00,0.08,0.08,0.08,0.00,0.00,0.00,0.13,0.15,0.16,330117,644653,1388962,395616,713834,1464962,126172669,579803949,724675275,210251965,579803898,724677895,0,409298,0,494.81,504.70,510.08
465,3,100,100,100,26903,26903,26903,70376,70376,70376,591,591,591,0.91,0.92,0.95,0.25,0.26,0.27,0.27,0.27,0.29,0.00,0.00,0.00,0.08,0.08,0.08,0.00,0.00,0.00,0.14,0.15,0.16,317105,646235,1491088,395727,712275,1572325,0,579857108,757223046,0,579858156,757217804,0,414699,0,499.31,510.36,515.99
466,0,84,96,100,26404,26404,26404,70875,70875,70875,591,591,591,0.83,0.90,0.96,0.24,0.31,0.35,0.25,0.31,0.38,0.00,0.00,0.00,0.06,0.10,0.15,0.00,0.00,0.00,0.11,0.17,0.25,335456,435541,592295,364280,521490,678613,0,197708264,988541321,0,197709312,988546562,0,394343,0,501.18,504.79,508.08
466,1,84,96,100,26665,26665,26665,70614,70614,70614,591,591,591,0.71,0.88,0.96,0.23,0.30,0.37,0.20,0.31,0.41,0.00,0.00,0.00,0.06,0.10,0.17,0.00,0.00,0.00,0.09,0.16,0.26,453352,653007,1001094,537210,736861,1050886,0,197705879,988529395,0,197704306,988521534,0,399009,0,496.01,500.12,504.02
466,2,85,96,100,26822,26822,26822,70457,70457,70457,591,591,591,0.63,0.85,0.96,0.24,0.29,0.32,0.24,0.28,0.33,0.00,0.00,0.00,0.05,0.09,0.13,0.00,0.00,0.00,0.13,0.17,0.21,319725,482168,804356,364275,562885,814837,0,197683775,708538835,0,197683251,708544075,0,403597,0,482.82,487.87,490.96
466,3,91,97,100,26903,26903,26903,70376,70376,70376,591,591,591,0.77,0.89,0.98,0.24,0.30,0.37,0.23,0.31,0.42,0.00,0.00,0.00,0.06,0.10,0.17,0.00,0.00,0.00,0.09,0.16,0.25,217670,421253,786196,271224,501998,812402,0,130334228,651671140,0,130334919,651674595,0,406114,0,496.25,500.72,507.78
467,0,45,78,99,26404,26404,26404,70875,70875,70875,591,591,591,0.24,0.76,0.98,0.06,0.23,0.31,0.11,0.33,0.43,0.00,0.00,0.00,0.05,0.13,0.18,0.00,0.00,0.00,0.02,0.07,0.10,131007,555384,1218606,178170,598665,1289364,0,0,0,0,0,0,0,471562,0,438.44,448.33,464.50
467,1,99,99,100,26665,26665,26665,70614,70614,70614,591,591,591,0.94,0.97,0.98,0.28,0.33,0.48,0.38,0.41,0.43,0.00,0.00,0.00,0.04,0.15,0.18,0.00,0.00,0.00,0.08,0.13,0.30,440264,473245,511075,484814,543312,623662,0,0,0,0,0,0,0,403702,0,501.90,505.88,510.62
467,2,99,99,100,26822,26822,26822,70457,70457,70457,591,591,591,0.59,0.90,0.98,0.28,0.30,0.33,0.21,0.38,0.43,0.00,0.00,0.00,0.02,0.14,0.18,0.00,0.00,0.00,0.08,0.13,0.31,385242,670515,1355618,427173,744098,1444867,0,0,0,0,0,0,0,366305,0,476.53,508.64,521.48
467,3,99,99,100,26903,26903,26903,70376,70376,70376,591,591,591,0.78,0.94,0.98,0.27,0.33,0.43,0.29,0.39,0.43,0.00,0.00,0.00,0.02,0.14,0.18,0.00,0.00,0.00,0.08,0.13,0.28,330136,399910,592247,380005,474857,642038,0,0,0,0,0,0,0,413822,0,501.59,516.30,526.68
468,0,95,98,100,26404,26404,26404,70875,70875,70875,591,591,591,0.87,0.91,0.95,0.19,0.31,0.48,0.34,0.38,0.40,0.00,0.00,0.00,0.03,0.08,0.10,0.00,0.00,0.00,0.06,0.17,0.35,343289,529361,804551,372115,609725,838620,0,229683004,640690428,0,229681781,640687808,0,296062,0,497.82,512.96,524.24
468,1,97,99,100,26665,26665,26665,70614,70614,70614,591,591,591,0.09,0.72,0.95,0.05,0.21,0.41,0.00,0.30,0.43,0.00,0.00,0.00,0.00,0.07,0.11,0.00,0.00,0.00,0.04,0.11,0.30,7862,657693,1501211,55034,712545,1632207,0,229672048,640637860,0,229672572,640643101,0,297903,0,435.14,450.22,472.57
468,2,97,99,100,26822,26822,26822,70457,70457,70457,591,591,591,0.38,0.79,0.98,0.17,0.22,0.31,0.15,0.33,0.42,0.00,0.00,0.00,0.01,0.07,0.11,0.00,0.00,0.00,0.04,0.11,0.18,351178,689958,1511867,382626,741810,1543310,0,280280593,760699569,0,280282166,760696951,0,398369,0,429.88,445.01,470.09
468,3,99,99,100,26903,26903,26903,70376,70376,70376,591,591,591,0.10,0.74,0.99,0.05,0.21,0.42,0.04,0.31,0.44,0.00,0.00,0.00,0.00,0.07,0.12,0.00,0.00,0.00,0.04,0.11,0.29,227401,856793,1533130,267024,907170,1567200,0,323929232,858185569,0,323921895,858175233,0,447645,0,426.97,442.88,451.27
469,0,99,99,100,26404,26404,26404,70875,70875,70875,591,591,591,0.80,0.84,0.91,0.16,0.22,0.25,0.32,0.35,0.42,0.00,0.00,0.00,0.07,0.09,0.11,0.00,0.00,0.00,0.04,0.09,0.11,327589,384712,466460,377383,427691,508413,0,783294962,1305503197,0,783296010,1305505817,0,391724,0,484.23,488.92,494.03
469,1,100,100,100,26665,26665,26665,70614,70614,70614,591,591,591,0.80,0.84,0.90,0.19,0.22,0.25,0.32,0.35,0.40,0.00,0.00,0.00,0.07,0.09,0.11,0.00,0.00,0.00,0.06,0.09,0.11,469097,719638,1155724,500545,762617,1205517,35496789,783290116,1305487744,142275431,783289857,1305487744,0,392356,0,485.04,488.93,492.80
469,2,100,100,100,26822,26822,26822,70457,70457,70457,591,591,591,0.81,0.86,0.98,0.19,0.22,0.25,0.32,0.36,0.44,0.00,0.00,0.00,0.07,0.09,0.11,0.00,0.00,0.00,0.06,0.09,0.11,319561,436001,602757,353613,479497,652550,0,783214173,1305771286,0,783212076,1305763422,0,394009,0,488.50,495.97,501.29
469,3,99,99,100,26903,26903,26903,70376,70376,70376,591,591,591,0.80,0.86,0.91,0.16,0.22,0.24,0.32,0.37,0.42,0.00,0.00,0.00,0.07,0.09,0.11,0.00,0.00,0.00,0.04,0.09,0.12,330201,534303,783590,379993,577870,833383,110954347,650838961,1194531891,0,650840686,1305492432,0,393074,0,483.32,488.76,497.09
470,0,99,99,100,26404,26404,26404,70875,70875,70875,591,591,591,0.81,0.85,0.95,0.17,0.21,0.24,0.33,0.36,0.43,0.00,0.00,0.00,0.06,0.09,0.11,0.00,0.00,0.00,0.04,0.08,0.10,330202,398343,463866,379994,437653,492693,48251747,519227508,771430672,24437733,492569414,664797900,0,441868,0,492.59,495.36,498.65
470,1,100,100,100,26665,26665,26665,70614,70614,70614,591,591,591,0.81,0.85,0.90,0.19,0.22,0.25,0.32,0.36,0.40,0.00,0.00,0.00,0.08,0.09,0.10,0.00,0.00,0.00,0.06,0.08,0.11,495316,682334,888397,542489,722193,922466,35492840,651330703,1305501411,0,651332303,1305506653,0,433563,0,485.07,488.98,491.60
470,2,100,100,100,26822,26822,26822,70457,70457,70457,591,591,591,0.81,0.86,0.93,0.16,0.21,0.22,0.32,0.36,0.42,0.00,0.00,0.00,0.07,0.09,0.11,0.00,0.00,0.00,0.04,0.08,0.09,214898,560841,1344486,258576,597967,1362831,35646669,546924960,846569284,142424193,555826039,775380352,0,436873,0,488.19,490.99,498.04
470,3,99,99,100,26903,26903,26903,70376,70376,70376,591,591,591,0.80,0.85,0.95,0.17,0.22,0.24,0.33,0.36,0.43,0.00,0.00,0.00,0.06,0.09,0.11,0.00,0.00,0.00,0.04,0.08,0.11,324962,397682,592309,359031,437647,639484,36979478,652762385,1268586119,0,652762528,1305566170,0,295728,0,490.85,493.31,496.54
471,0,99,99,100,26404,26404,26404,70875,70875,70875,591,591,591,0.80,0.86,0.90,0.16,0.21,0.24,0.33,0.37,0.41,0.00,0.00,0.00,0.07,0.09,0.10,0.00,0.00,0.00,0.04,0.09,0.13,335449,594945,1289711,369518,655833,1350432,110619088,743386771,1194838621,0,764175513,1305483474,0,393290,0,481.41,487.48,493.56
471,1,100,100,100,26665,26665,26665,70614,70614,70614,591,591,591,0.80,0.85,0.90,0.17,0.22,0.25,0.32,0.36,0.41,0.00,0.00,0.00,0.07,0.09,0.10,0.00,0.00,0.00,0.05,0.08,0.11,188650,816585,1907842,201751,877558,1960255,0,568111877,870296486,0,568109781,870296486,0,389798,0,486.31,489.51,492.87
471,2,100,100,100,26822,26822,26822,70457,70457,70457,591,591,591,0.81,0.86,0.98,0.18,0.22,0.25,0.32,0.36,0.43,0.00,0.00,0.00,0.06,0.09,0.11,0.00,0.00,0.00,0.04,0.09,0.11,332826,484636,819425,366895,547048,872049,635668825,649293716,664788374,635668825,649293192,664796236,0,391914,0,486.06,491.05,493.95
471,3,100,100,100,26903,26903,26903,70376,70376,70376,591,591,591,0.81,0.85,0.96,0.17,0.22,0.25,0.33,0.36,0.44,0.00,0.00,0.00,0.07,0.09,0.12,0.00,0.00,0.00,0.05,0.09,0.11,338068,654091,1498926,387861,714364,1530372,0,655140648,1305490782,0,655142745,1305485541,0,389878,0,488.04,489.92,492.39
472,0,100,100,100,26404,26404,26404,70875,70875,70875,591,591,591,0.86,0.91,0.94,0.20,0.24,0.27,0.27,0.29,0.33,0.00,0.00,0.00,0.07,0.08,0.09,0.00,0.00,0.00,0.09,0.13,0.16,284783,551203,901521,347680,622484,967038,0,544071527,766002124,0,544071177,766002124,0,408363,0,485.13,498.80,506.43
472,1,100,100,100,26665,26665,26665,70614,70614,70614,591,591,591,0.87,0.92,0.94,0.20,0.25,0.27,0.27,0.28,0.32,0.00,0.00,0.00,0.08,0.08,0.09,0.00,0.00,0.00,0.09,0.14,0.16,455970,578059,1016533,526749,652481,1097751,41963460,591316806,765977477,168100115,591313258,765993201,0,411976,0,491.18,504.12,513.83
472,2,100,100,100,26822,26822,26822,70457,70457,70457,591,591,591,0.86,0.91,0.94,0.23,0.26,0.27,0.26,0.27,0.29,0.00,0.00,0.00,0.07,0.08,0.08,0.00,0.00,0.00,0.12,0.14,0.16,322327,477467,987895,395702,554513,1071748,0,591305105,765959045,0,591306153,765956425,0,408159,0,494.85,502.27,510.41
472,3,100,100,100,26903,26903,26903,70376,70376,70376,591,591,591,0.89,0.91,0.92,0.19,0.25,0.27,0.27,0.29,0.37,0.00,0.00,0.00,0.08,0.08,0.08,0.00,0.00,0.00,0.07,0.14,0.16,253522,502146,1153287,324985,575698,1225047,0,487478937,929804839,0,484488026,957460961,0,414424,0,486.00,501.23,514.28
473,0,83,96,100,26404,26404,26404,70875,70875,70875,591,591,591,0.79,0.87,0.95,0.24,0.30,0.34,0.22,0.28,0.35,0.00,0.00,0.00,0.06,0.08,0.11,0.00,0.00,0.00,0.15,0.18,0.23,364269,456510,610554,393153,552421,835909,0,0,0,0,0,0,0,387952,0,490.33,498.36,511.11
473,1,87,97,100,26665,26665,26665,70614,70614,70614,591,591,591,0.65,0.85,0.96,0.25,0.29,0.32,0.24,0.28,0.34,0.00,0.00,0.00,0.04,0.08,0.11,0.00,0.00,0.00,0.14,0.18,0.22,455954,779246,1344178,471733,876176,1430645,0,0,0,0,0,0,0,382382,0,485.97,496.08,514.81
473,2,82,96,100,26822,26822,26822,70457,70457,70457,591,591,591,0.61,0.84,0.96,0.25,0.28,0.31,0.24,0.27,0.32,0.00,0.00,0.00,0.04,0.07,0.11,0.00,0.00,0.00,0.13,0.17,0.21,26206,691258,1543551,227993,785597,1619549,0,0,0,0,0,0,0,332204,0,484.25,495.47,513.27
473,3,91,98,100,26903,26903,26903,70376,70376,70376,591,591,591,0.67,0.86,0.96,0.23,0.29,0.34,0.25,0.28,0.34,0.00,0.00,0.00,0.05,0.08,0.11,0.00,0.00,0.00,0.13,0.18,0.22,356406,652556,1025332,416681,745814,1046311,0,0,0,0,0,0,0,437191,0,493.94,502.54,517.59
474,0,98,99,100,26404,26404,26404,70875,70875,70875,591,591,591,0.96,0.98,0.98,0.28,0.30,0.31,0.36,0.41,0.43,0.00,0.00,0.00,0.15,0.17,0.18,0.00,0.00,0.00,0.08,0.09,0.10,317044,546129,1346982,361655,590660,1394061,0,0,0,0,0,0,0,416262,0,491.05,506.06,519.99
474,1,99,99,100,26665,26665,26665,70614,70614,70614,591,591,591,0.95,0.97,0.98,0.28,0.30,0.31,0.30,0.39,0.42,0.00,0.00,0.00,0.13,0.16,0.18,0.00,0.00,0.00,0.08,0.10,0.14,13103,736386,1892113,60275,778839,1941906,0,0,0,0,0,0,0,306235,0,486.02,501.23,509.54
474,2,98,99,100,26822,26822,26822,70457,70457,70457,591,591,591,0.94,0.97,0.98,0.27,0.30,0.32,0.30,0.39,0.43,0.00,0.00,0.00,0.12,0.16,0.18,0.00,0.00,0.00,0.07,0.10,0.14,311860,370543,471731,345929,414023,516284,0,0,0,0,0,0,0,415279,0,486.77,504.52,520.45
474,3,98,98,99,26903,26903,26903,70376,70376,70376,591,591,591,0.95,0.97,0.98,0.28,0.29,0.31,0.34,0.40,0.43,0.00,0.00,0.00,0.15,0.17,0.18,0.00,0.00,0.00,0.08,0.09,0.11,340682,664606,1388954,385233,708110,1433505,0,0,0,0,0,0,0,419337,0,494.64,513.09,524.48
475,0,95,98,100,26404,26404,26404,70875,70875,70875,591,591,591,0.81,0.90,0.99,0.22,0.32,0.47,0.33,0.37,0.43,0.00,0.00,0.00,0.03,0.08,0.11,0.00,0.00,0.00,0.09,0.17,0.33,335326,466457,825522,385101,557128,875316,0,280409267,761580086,0,280408220,761585328,0,299543,0,504.44,520.03,529.48
475,1,100,100,100,26665,26665,26665,70614,70614,70614,591,591,591,0.81,0.91,0.98,0.20,0.32,0.48,0.33,0.37,0.40,0.00,0.00,0.00,0.03,0.08,0.13,0.00,0.00,0.00,0.08,0.18,0.32,513651,660342,974557,560824,749968,1008614,0,159411022,761578081,0,152314043,761570219,0,401093,0,504.68,513.21,518.22
475,2,97,99,100,26822,26822,26822,70457,70457,70457,591,591,591,0.82,0.90,0.98,0.22,0.32,0.44,0.32,0.36,0.41,0.00,0.00,0.00,0.02,0.08,0.11,0.00,0.00,0.00,0.09,0.18,0.30,327565,472765,820263,356391,560819,1001088,0,280447113,761582585,0,280447113,761579964,0,395182,0,495.36,511.18,522.15
475,3,93,98,100,26903,26903,26903,70376,70376,70376,591,591,591,0.80,0.89,0.98,0.22,0.33,0.47,0.31,0.36,0.43,0.00,0.00,0.00,0.03,0.07,0.10,0.00,0.00,0.00,0.09,0.18,0.32,325154,495841,647292,356369,589610,786209,0,280416515,761410187,0,280417039,761415427,0,404604,0,509.60,522.25,529.27
476,0,99,99,100,26404,26404,26404,70875,70875,70875,591,591,591,0.80,0.86,0.90,0.19,0.21,0.25,0.33,0.37,0.40,0.00,0.00,0.00,0.08,0.09,0.11,0.00,0.00,0.00,0.06,0.08,0.11,403588,561876,741635,437657,601187,791426,640673212,655157990,664818499,640681074,655158514,664813258,0,397299,0,489.32,493.10,498.13
476,1,99,99,100,26665,26665,26665,70614,70614,70614,591,591,591,0.81,0.86,0.90,0.19,0.21,0.25,0.33,0.37,0.40,0.00,0.00,0.00,0.08,0.09,0.11,0.00,0.00,0.00,0.06,0.08,0.11,455981,640701,1040361,487428,679137,1090152,0,637759339,1305511247,0,644858499,1305503385,0,384202,0,479.66,486.75,496.73
476,2,100,100,100,26822,26822,26822,70457,70457,70457,591,591,591,0.81,0.85,0.92,0.17,0.22,0.25,0.33,0.36,0.41,0.00,0.00,0.00,0.08,0.09,0.11,0.00,0.00,0.00,0.05,0.09,0.11,332816,653989,1008326,385228,694593,1046246,0,568262800,1305496911,0,575529417,1305499532,0,435957,0,486.29,491.36,494.68
476,3,100,100,100,26903,26903,26903,70376,70376,70376,591,591,591,0.80,0.87,0.95,0.16,0.20,0.24,0.32,0.38,0.43,0.00,0.00,0.00,0.07,0.09,0.11,0.00,0.00,0.00,0.04,0.08,0.11,332930,393600,581746,371924,430814,618432,0,522260722,1268894715,0,522267255,1305894554,0,300730,0,491.67,495.08,498.21
477,0,100,100,100,26404,26404,26404,70875,70875,70875,591,591,591,0.80,0.86,0.90,0.16,0.21,0.25,0.32,0.37,0.41,0.00,0.00,0.00,0.07,0.09,0.10,0.00,0.00,0.00,0.05,0.08,0.11,138897,522603,1355276,188691,560517,1368159,621111424,644174726,664791990,621116505,644175733,664799852,0,436604,0,487.76,492.44,500.10
477,1,100,100,100,26665,26665,26665,70614,70614,70614,591,591,591,0.81,0.84,0.90,0.15,0.22,0.25,0.32,0.36,0.41,0.00,0.00,0.00,0.07,0.09,0.10,0.00,0.00,0.00,0.04,0.09,0.12,442897,862913,1839692,474289,905831,1892105,0,795439348,1366231545,0,795438324,1366234288,0,438666,0,479.77,484.60,490.06
477,2,100,100,100,26822,26822,26822,70457,70457,70457,591,591,591,0.81,0.88,0.98,0.16,0.21,0.25,0.33,0.38,0.43,0.00,0.00,0.00,0.06,0.10,0.11,0.00,0.00,0.00,0.04,0.08,0.11,327590,647592,1408948,361660,687540,1437076,625143649,650605631,681729644,625135978,650604124,681735018,0,393535,0,486.07,492.42,496.12
477,3,99,99,100,26903,26903,26903,70376,70376,70376,591,591,591,0.80,0.85,0.98,0.18,0.22,0.25,0.33,0.36,0.45,0.00,0.00,0.00,0.07,0.09,0.12,0.00,0.00,0.00,0.05,0.09,0.11,34068,459675,1302508,62895,501606,1333956,0,783294943,1305493173,0,783295467,1305495794,0,443585,0,487.78,491.60,498.24
478,0,100,100,100,26404,26404,26404,70875,70875,70875,591,591,591,0.80,0.86,0.95,0.17,0.21,0.25,0.33,0.37,0.43,0.00,0.00,0.00,0.07,0.09,0.11,0.00,0.00,0.00,0.04,0.08,0.12,332813,488036,756510,364260,545664,801935,36979276,574901231,845678727,0,572434521,870332571,0,394784,0,483.78,489.76,494.51
478,1,99,99,100,26665,26665,26665,70614,70614,70614,591,591,591,0.80,0.86,0.90,0.19,0.22,0.25,0.32,0.36,0.40,0.00,0.00,0.00,0.08,0.09,0.10,0.00,0.00,0.00,0.07,0.08,0.11,295264,511904,833388,328459,572527,888423,443191920,610828558,664787630,443195414,610829781,664790251,0,388963,0,489.77,491.63,494.11
478,2,100,100,100,26822,26822,26822,70457,70457,70457,591,591,591,0.81,0.85,0.95,0.18,0.22,0.25,0.32,0.35,0.43,0.00,0.00,0.00,0.07,0.09,0.11,0.00,0.00,0.00,0.05,0.09,0.11,330190,508403,775723,361637,570775,830758,640646716,655137658,664797831,640654577,655137658,664803073,0,394704,0,481.73,487.88,490.96
478,3,99,99,100,26903,26903,26903,70376,70376,70376,591,591,591,0.80,0.85,0.90,0.18,0.22,0.25,0.33,0.36,0.40,0.00,0.00,0.00,0.07,0.09,0.11,0.00,0.00,0.00,0.05,0.08,0.11,330211,626698,1032469,364280,679572,1063914,0,609250742,1297625689,0,609249872,1297623084,0,386223,0,482.43,487.95,493.25
479,0,100,100,100,26404,26404,26404,70875,70875,70875,591,591,591,0.85,0.90,0.92,0.25,0.25,0.26,0.26,0.27,0.28,0.00,0.00,0.00,0.07,0.08,0.08,0.00,0.00,0.00,0.14,0.14,0.15,364278,496582,631528,448141,572577,704900,0,557896049,766005187,0,557897360,766015670,0,409092,0,491.62,500.26,506.31
479,1,100,100,100,26665,26665,26665,70614,70614,70614,591,591,591,0.86,0.91,0.94,0.20,0.25,0.27,0.27,0.29,0.32,0.00,0.00,0.00,0.07,0.08,0.08,0.00,0.00,0.00,0.09,0.13,0.16,466228,713410,1163573,544806,785469,1231711,41976722,557824535,765990607,0,557819842,765990607,0,415814,0,489.04,498.96,509.04
479,2,100,100,100,26822,26822,26822,70457,70457,70457,591,591,591,0.87,0.91,0.92,0.20,0.25,0.27,0.26,0.28,0.31,0.00,0.00,0.00,0.08,0.08,0.08,0.00,0.00,0.00,0.09,0.14,0.16,387868,771118,1564532,463869,848426,1645772,42100237,557925038,765941745,168264678,557924341,765936504,0,313154,0,488.78,498.97,506.55
479,3,100,100,100,26903,26903,26903,70376,70376,70376,591,591,591,0.85,0.90,0.92,0.23,0.25,0.27,0.27,0.28,0.29,0.00,0.00,0.00,0.07,0.08,0.08,0.00,0.00,0.00,0.12,0.14,0.16,327589,506415,778336,400968,584376,859577,0,557897282,765997516,0,557897937,765992275,0,410192,0,491.26,501.30,513.28
480,0,92,98,100,26404,26404,26404,70875,70875,70875,591,591,591,0.81,0.88,0.91,0.22,0.29,0.37,0.24,0.30,0.41,0.00,0.00,0.00,0.07,0.08,0.09,0.00,0.00,0.00,0.12,0.17,0.25,212264,600971,1196607,298742,690376,1413015,0,484434094,988576763,0,484431998,988576763,0,445031,0,497.26,503.65,509.79
480,1,84,96,100,26665,26665,26665,70614,70614,70614,591,591,591,0.74,0.86,0.92,0.23,0.28,0.32,0.27,0.29,0.34,0.00,0.00,0.00,0.06,0.07,0.08,0.00,0.00,0.00,0.13,0.17,0.21,445980,622241,1077064,461098,704410,1134717,0,478976521,724903591,0,478979223,724911453,0,440688,0,494.86,506.90,515.78
480,2,82,96,100,26822,26822,26822,70457,70457,70457,591,591,591,0.68,0.86,0.94,0.21,0.28,0.37,0.21,0.28,0.41,0.00,0.00,0.00,0.06,0.07,0.09,0.00,0.00,0.00,0.14,0.17,0.26,224728,442381,950941,287442,514094,1006390,0,439883255,1045827817,0,439884455,1045830590,0,385976,0,491.35,505.28,516.30
480,3,88,96,100,26903,26903,26903,70376,70376,70376,591,591,591,0.72,0.87,0.93,0.25,0.28,0.32,0.27,0.29,0.32,0.00,0.00,0.00,0.06,0.08,0.09,0.00,0.00,0.00,0.13,0.17,0.21,141508,640475,1373295,157232,716994,1459781,0,484423542,988536783,0,484421969,988534162,0,382349,0,504.10,512.01,519.65
481,0,99,99,100,26404,26404,26404,70875,70875,70875,591,591,591,0.96,0.97,0.98,0.28,0.30,0.32,0.25,0.38,0.43,0.00,0.00,0.00,0.11,0.16,0.18,0.00,0.00,0.00,0.08,0.10,0.15,328719,509619,835674,374745,549057,851102,0,0,0,0,0,0,0,310619,0,496.89,503.42,514.56
481,1,90,96,99,26665,26665,26665,70614,70614,70614,591,591,591,0.90,0.96,0.98,0.28,0.29,0.32,0.24,0.36,0.43,0.00,0.00,0.00,0.10,0.15,0.18,0.00,0.00,0.00,0.08,0.11,0.15,324961,763123,1598535,368638,808023,1614258,0,0,0,0,0,0,0,305232,0,492.89,499.23,507.34
481,2,67,89,99,26822,26822,26822,70457,70457,70457,591,591,591,0.34,0.81,0.97,0.10,0.25,0.31,0.09,0.32,0.41,0.00,0.00,0.00,0.04,0.13,0.17,0.00,0.00,0.00,0.05,0.09,0.12,327580,457575,704990,379980,503699,718094,0,0,0,0,0,0,0,404826,0,438.81,452.82,467.89
481,3,52,88,99,26903,26903,26903,70376,70376,70376,591,591,591,0.69,0.91,0.98,0.23,0.28,0.31,0.18,0.35,0.43,0.00,0.00,0.00,0.08,0.15,0.18,0.00,0.00,0.00,0.08,0.10,0.13,329264,432748,686612,378139,479213,728543,0,0,0,0,0,0,0,418191,0,488.03,496.77,507.48
482,0,98,99,100,26404,26404,26404,70875,70875,70875,591,591,591,0.57,0.79,0.99,0.24,0.29,0.35,0.22,0.32,0.43,0.00,0.00,0.00,0.02,0.08,0.14,0.00,0.00,0.00,0.11,0.16,0.23,330204,455825,775758,366903,531649,828174,0,152313203,761566015,0,152316347,761581739,0,361037,0,463.55,486.65,522.36
482,1,97,99,100,26665,26665,26665,70614,70614,70614,591,591,591,0.33,0.81,0.97,0.19,0.31,0.47,0.08,0.32,0.42,0.00,0.00,0.00,0.01,0.08,0.17,0.00,0.00,0.00,0.09,0.17,0.30,474386,833300,1396755,563497,922391,1522542,0,152318442,761589594,0,152315297,761573870,0,361662,0,467.81,484.98,513.39
482,2,99,99,100,26822,26822,26822,70457,70457,70457,591,591,591,0.82,0.93,0.98,0.22,0.34,0.48,0.32,0.38,0.43,0.00,0.00,0.00,0.03,0.10,0.18,0.00,0.00,0.00,0.08,0.18,0.32,324965,693946,1362805,366895,786187,1394255,0,152316103,761577897,0,152315579,761575276,0,457202,0,514.37,519.26,522.14
482,3,96,99,100,26903,26903,26903,70376,70376,70376,591,591,591,0.47,0.84,0.98,0.24,0.30,0.42,0.17,0.34,0.43,0.00,0.00,0.00,0.01,0.09,0.17,0.00,0.00,0.00,0.09,0.16,0.24,359037,700215,1181821,411451,780294,1323326,0,152315712,761578562,0,152316236,761581183,0,270202,0,482.47,501.67,526.68
483,0,100,100,100,26404,26404,26404,70875,70875,70875,591,591,591,0.80,0.85,0.90,0.19,0.22,0.25,0.32,0.35,0.40,0.00,0.00,0.00,0.07,0.09,0.10,0.00,0.00,0.00,0.06,0.09,0.11,28827,599611,1396839,78621,643639,1449253,640675174,650332671,664801948,640659450,650331099,664807752,0,431959,0,453.32,476.26,489.23
483,1,100,100,100,26665,26665,26665,70614,70614,70614,591,591,591,0.81,0.87,0.91,0.16,0.21,0.25,0.32,0.37,0.42,0.00,0.00,0.00,0.07,0.09,0.11,0.00,0.00,0.00,0.04,0.08,0.11,457029,620652,827109,505137,656655,870912,0,517686425,1280539422,0,517689577,1280534281,0,436487,0,453.80,474.05,487.21
483,2,100,100,100,26822,26822,26822,70457,70457,70457,591,591,591,0.81,0.87,0.95,0.17,0.22,0.25,0.33,0.37,0.42,0.00,0.00,0.00,0.08,0.09,0.11,0.00,0.00,0.00,0.04,0.09,0.11,216113,436768,725877,248702,477507,782755,0,560514094,854415261,106769882,567891852,784531541,0,395582,0,494.38,498.85,505.55
483,3,99,99,100,26903,26903,26903,70376,70376,70376,591,591,591,0.81,0.85,0.96,0.18,0.21,0.24,0.33,0.36,0.44,0.00,0.00,0.00,0.07,0.09,0.12,0.00,0.00,0.00,0.04,0.08,0.11,26208,509980,1331313,57658,552958,1386347,0,650322902,1305488673,0,650322902,1305488673,0,388494,0,472.21,481.70,489.83
484,0,100,100,100,26404,26404,26404,70875,70875,70875,591,591,591,0.80,0.87,0.96,0.16,0.21,0.24,0.33,0.38,0.43,0.00,0.00,0.00,0.06,0.10,0.12,0.00,0.00,0.00,0.04,0.08,0.11,323257,539936,836002,374017,575035,867450,36985890,527474594,1172367794,0,519863242,1280931320,0,397100,0,484.53,487.30,493.97
484,1,99,99,100,26665,26665,26665,70614,70614,70614,591,591,591,0.81,0.86,0.97,0.18,0.22,0.25,0.33,0.36,0.43,0.00,0.00,0.00,0.07,0.09,0.12,0.00,0.00,0.00,0.04,0.09,0.11,326708,697959,1656206,370386,739715,1705997,36827865,696255526,1305499970,147628558,696253452,1305499970,0,388292,0,481.68,486.51,489.73
484,2,100,100,100,26822,26822,26822,70457,70457,70457,591,591,591,0.81,0.86,0.98,0.18,0.21,0.24,0.32,0.35,0.44,0.00,0.00,0.00,0.06,0.09,0.11,0.00,0.00,0.00,0.05,0.08,0.11,330241,384185,456002,369519,425069,489989,640591360,655151050,664870749,640588740,655150526,664865507,0,398455,0,486.16,489.77,492.53
484,3,99,99,100,26903,26903,26903,70376,70376,70376,591,591,591,0.81,0.87,0.95,0.17,0.21,0.25,0.33,0.38,0.43,0.00,0.00,0.00,0.08,0.10,0.11,0.00,0.00,0.00,0.05,0.08,0.11,319710,478017,998508,353778,517328,1029957,0,522206343,1305526074,0,522206343,1305523453,0,389349,0,482.83,485.65,489.12
485,0,99,99,100,26404,26404,26404,70875,70875,70875,591,591,591,0.81,0.83,0.87,0.21,0.23,0.25,0.32,0.35,0.37,0.00,0.00,0.00,0.07,0.09,0.10,0.00,0.00,0.00,0.08,0.09,0.11,332822,432630,705842,382614,478273,739038,443197730,754289958,1268482094,443201224,763537128,1305467280,0,388558,0,483.51,488.37,494.79
485,1,99,99,100,26665,26665,26665,70614,70614,70614,591,591,591,0.81,0.86,0.90,0.16,0.21,0.25,0.32,0.36,0.41,0.00,0.00,0.00,0.07,0.09,0.10,0.00,0.00,0.00,0.05,0.08,0.11,492695,719373,1160957,547730,757373,1210750,36828377,495750237,664793897,0,486542488,664793897,0,387883,0,480.64,484.87,487.94
485,2,99,99,100,26822,26822,26822,70457,70457,70457,591,591,591,0.81,0.86,0.94,0.18,0.22,0.25,0.32,0.36,0.42,0.00,0.00,0.00,0.08,0.09,0.11,0.00,0.00,0.00,0.05,0.08,0.11,356413,761944,1472760,408827,804530,1506827,640681469,652733446,664790395,640678848,652734756,664798257,0,342228,0,485.64,489.50,491.93
485,3,99,99,100,26903,26903,26903,70376,70376,70376,591,591,591,0.80,0.83,0.87,0.21,0.22,0.25,0.32,0.34,0.38,0.00,0.00,0.00,0.07,0.08,0.10,0.00,0.00,0.00,0.08,0.09,0.11,345924,453485,601430,377371,494032,652835,432735069,753620608,1264964852,432736840,753620398,1264972470,0,393191,0,486.04,489.69,491.00
486,0,100,100,100,26404,26404,26404,70875,70875,70875,591,591,591,0.86,0.90,0.92,0.16,0.23,0.26,0.27,0.33,0.41,0.00,0.00,0.00,0.07,0.09,0.11,0.00,0.00,0.00,0.04,0.11,0.15,112690,396751,608020,188690,473795,754783,640684602,707407226,765653060,640676740,707406702,765645202,0,457030,0,484.88,492.40,503.43
486,1,100,100,100,26665,26665,26665,70614,70614,70614,591,591,591,0.80,0.89,0.94,0.20,0.24,0.26,0.27,0.32,0.39,0.00,0.00,0.00,0.07,0.09,0.10,0.00,0.00,0.00,0.09,0.11,0.15,453378,617367,849100,518895,698794,901513,39280308,678327932,1268652946,157380655,686274952,1305486606,0,457471,0,489.15,495.00,506.74
486,2,100,100,100,26822,26822,26822,70457,70457,70457,591,591,591,0.84,0.89,0.94,0.19,0.24,0.27,0.24,0.31,0.39,0.00,0.00,0.00,0.07,0.09,0.10,0.00,0.00,0.00,0.06,0.12,0.16,314446,515751,789700,343270,590770,882002,442375969,662698915,757058848,442379457,662696958,757061469,0,402739,0,485.89,492.25,497.00
486,3,100,100,100,26903,26903,26903,70376,70376,70376,591,591,591,0.80,0.89,0.97,0.18,0.23,0.27,0.27,0.32,0.44,0.00,0.00,0.00,0.08,0.09,0.12,0.00,0.00,0.00,0.05,0.11,0.16,316945,611091,1464842,398146,693371,1543456,640697748,707369893,766004255,640700369,707369892,766006876,0,458997,0,486.90,491.19,498.50
487,0,91,98,100,26404,26404,26404,70875,70875,70875,591,591,591,0.76,0.88,0.94,0.25,0.27,0.32,0.27,0.29,0.34,0.00,0.00,0.00,0.06,0.08,0.09,0.00,0.00,0.00,0.13,0.16,0.23,325951,650298,1401815,359862,716391,1480421,0,477658826,968167841,0,477659298,968172974,0,300359,0,504.48,507.16,509.43
487,1,100,100,100,26665,26665,26665,70614,70614,70614,591,591,591,0.72,0.87,0.93,0.21,0.27,0.37,0.19,0.29,0.41,0.00,0.00,0.00,0.06,0.07,0.08,0.00,0.00,0.00,0.12,0.16,0.26,537261,834099,1606976,600075,898913,1677756,0,588542539,988499742,0,588540792,988491881,0,296597,0,497.47,506.89,514.97
487,2,100,100,100,26822,26822,26822,70457,70457,70457,591,591,591,0.67,0.86,0.92,0.21,0.27,0.37,0.18,0.28,0.42,0.00,0.00,0.00,0.06,0.07,0.08,0.00,0.00,0.00,0.12,0.16,0.26,335451,616202,1044808,411452,674901,1060519,0,484314384,988632924,0,484315434,988640786,0,435801,0,500.31,507.72,515.41
487,3,100,100,100,26903,26903,26903,70376,70376,70376,591,591,591,0.67,0.87,0.93,0.24,0.26,0.29,0.27,0.28,0.28,0.00,0.00,0.00,0.06,0.08,0.08,0.00,0.00,0.00,0.13,0.15,0.21,332761,482168,775740,345862,540344,870086,0,484415470,755376957,0,484417517,724911871,0,399488,0,506.09,509.26,514.38
488,0,99,99,100,26404,26404,26404,70875,70875,70875,591,591,591,0.91,0.96,0.98,0.28,0.30,0.32,0.27,0.37,0.43,0.00,0.00,0.00,0.09,0.15,0.18,0.00,0.00,0.00,0.08,0.12,0.19,332818,472915,800066,377369,534933,950297,0,0,0,0,0,0,0,409022,0,496.64,501.56,509.36
488,1,83,95,100,26665,26665,26665,70614,70614,70614,591,591,591,0.88,0.95,0.98,0.27,0.30,0.31,0.25,0.35,0.43,0.00,0.00,0.00,0.09,0.14,0.18,0.00,0.00,0.00,0.07,0.12,0.19,476958,777730,1239157,524129,851618,1464459,0,0,0,0,0,0,0,411312,0,495.31,501.28,513.61
488,2,82,95,100,26822,26822,26822,70457,70457,70457,591,591,591,0.86,0.94,0.98,0.28,0.30,0.31,0.25,0.35,0.42,0.00,0.00,0.00,0.09,0.14,0.17,0.00,0.00,0.00,0.09,0.12,0.18,335450,631060,1459747,382625,707058,1472851,0,0,0,0,0,0,0,417762,0,487.55,500.28,514.78
488,3,84,96,100,26903,26903,26903,70376,70376,70376,591,591,591,0.91,0.96,0.98,0.27,0.31,0.33,0.25,0.36,0.43,0.00,0.00,0.00,0.09,0.14,0.18,0.00,0.00,0.00,0.08,0.12,0.20,314442,536598,1076210,348593,601178,1242184,0,0,0,0,0,0,0,313466,0,499.82,506.02,519.45
489,0,99,99,100,26404,26404,26404,70875,70875,70875,591,591,591,0.81,0.93,0.98,0.20,0.35,0.49,0.33,0.38,0.41,0.00,0.00,0.00,0.03,0.10,0.17,0.00,0.00,0.00,0.08,0.18,0.32,26206,586485,1433515,57654,676631,1464963,0,25360911,126804557,0,42299983,211499917,0,462918,0,514.21,518.71,523.30
489,1,94,98,100,26665,26665,26665,70614,70614,70614,591,591,591,0.84,0.94,0.98,0.20,0.34,0.46,0.30,0.39,0.43,0.00,0.00,0.00,0.02,0.11,0.17,0.00,0.00,0.00,0.06,0.17,0.32,440260,623274,804519,529326,712277,911963,0,0,0,0,0,0,0,458996,0,506.64,513.43,516.89
489,2,96,98,100,26822,26822,26822,70457,70457,70457,591,591,591,0.82,0.92,0.98,0.22,0.32,0.44,0.31,0.38,0.43,0.00,0.00,0.00,0.03,0.11,0.18,0.00,0.00,0.00,0.08,0.15,0.29,330353,393939,519331,361084,474139,650013,0,155885316,779426580,0,155884779,779423898,0,400684,0,507.58,515.42,523.13
489,3,99,99,100,26903,26903,26903,70376,70376,70376,591,591,591,0.89,0.94,0.98,0.21,0.35,0.48,0.33,0.38,0.42,0.00,0.00,0.00,0.03,0.10,0.18,0.00,0.00,0.00,0.08,0.18,0.31,117952,645161,1388986,212313,736346,1517401,0,0,0,0,0,0,0,461902,0,510.60,519.03,524.32
490,0,99,99,100,26404,26404,26404,70875,70875,70875,591,591,591,0.81,0.88,0.97,0.17,0.21,0.24,0.33,0.38,0.44,0.00,0.00,0.00,0.07,0.10,0.12,0.00,0.00,0.00,0.04,0.08,0.10,328107,528340,825501,358163,566971,856948,578253401,647669837,696897478,550061495,630543162,696894731,0,389776,0,484.79,494.78,508.15
490,1,99,99,100,26665,26665,26665,70614,70614,70614,591,591,591,0.81,0.85,0.96,0.18,0.21,0.23,0.33,0.36,0.44,0.00,0.00,0.00,0.07,0.09,0.11,0.00,0.00,0.00,0.05,0.08,0.10,310979,1173362,2497499,344174,1212497,2547292,443184779,630186100,761569610,443186527,630187497,761577472,0,390511,0,481.05,491.88,503.02
490,2,100,100,100,26822,26822,26822,70457,70457,70457,591,591,591,0.81,0.86,0.90,0.19,0.22,0.25,0.32,0.36,0.40,0.00,0.00,0.00,0.08,0.09,0.11,0.00,0.00,0.00,0.06,0.08,0.11,327569,439220,602748,364257,478529,636816,0,522187945,1305508908,0,522190154,1305506287,0,388391,0,486.48,492.75,498.83
490,3,99,99,100,26903,26903,26903,70376,70376,70376,591,591,591,0.80,0.86,0.90,0.19,0.21,0.24,0.33,0.37,0.40,0.00,0.00,0.00,0.08,0.09,0.11,0.00,0.00,0.00,0.06,0.08,0.11,338073,525703,1016811,369508,566586,1071845,640675774,674503972,761568026,640686256,674503447,761570647,0,389138,0,483.85,494.44,503.65
491,0,99,99,100,26404,26404,26404,70875,70875,70875,591,591,591,0.80,0.82,0.87,0.21,0.23,0.25,0.33,0.34,0.37,0.00,0.00,0.00,0.06,0.08,0.09,0.00,0.00,0.00,0.08,0.10,0.11,338069,438743,704088,374758,480018,740777,640677267,704122419,870321079,640679888,704121546,870322826,0,393248,0,485.99,487.29,487.81
491,1,100,100,100,26665,26665,26665,70614,70614,70614,591,591,591,0.81,0.86,0.94,0.17,0.22,0.25,0.32,0.37,0.43,0.00,0.00,0.00,0.07,0.09,0.11,0.00,0.00,0.00,0.04,0.08,0.11,461212,721317,1037808,492659,762590,1071878,36826268,652715770,1305511017,147622159,652712320,1305508396,0,432516,0,485.29,487.80,490.07
491,2,100,100,100,26822,26822,26822,70457,70457,70457,591,591,591,0.81,0.86,0.90,0.18,0.21,0.25,0.32,0.36,0.40,0.00,0.00,0.00,0.07,0.09,0.10,0.00,0.00,0.00,0.06,0.08,0.12,361660,645347,1352276,395729,684658,1407311,0,652752035,1305502361,0,652749415,1305504982,0,297017,0,487.45,488.88,489.91
491,3,100,100,100,26903,26903,26903,70376,70376,70376,591,591,591,0.81,0.84,0.89,0.21,0.22,0.25,0.33,0.35,0.38,0.00,0.00,0.00,0.07,0.09,0.09,0.00,0.00,0.00,0.08,0.09,0.11,374725,504228,631433,406171,546289,681214,640641828,701949735,861817810,640639207,701950613,861816080,0,390137,0,486.87,488.21,491.08
492,0,100,100,100,26404,26404,26404,70875,70875,70875,591,591,591,0.81,0.88,0.97,0.17,0.21,0.24,0.33,0.38,0.44,0.00,0.00,0.00,0.07,0.10,0.12,0.00,0.00,0.00,0.04,0.08,0.10,0,387326,652524,31448,425587,683971,0,522191981,1268513357,0,522193114,1305499532,0,441991,0,488.91,491.99,495.40
492,1,99,99,100,26665,26665,26665,70614,70614,70614,591,591,591,0.81,0.85,0.90,0.17,0.22,0.25,0.32,0.36,0.40,0.00,0.00,0.00,0.07,0.09,0.10,0.00,0.00,0.00,0.05,0.09,0.11,458615,1131407,1862710,471719,1173773,1910152,110631218,653047609,1206513825,184612488,667844221,1206506559,0,287886,0,484.87,488.49,492.43
492,2,100,100,100,26822,26822,26822,70457,70457,70457,591,591,591,0.80,0.86,0.92,0.16,0.22,0.25,0.32,0.36,0.42,0.00,0.00,0.00,0.07,0.09,0.11,0.00,0.00,0.00,0.04,0.09,0.11,215656,545779,1171486,260513,588818,1192452,36982506,694080827,1305478232,147762318,694080241,1305480853,0,390170,0,483.09,489.44,494.06
492,3,99,99,100,26903,26903,26903,70376,70376,70376,591,591,591,0.80,0.86,0.90,0.18,0.21,0.25,0.32,0.37,0.40,0.00,0.00,0.00,0.08,0.09,0.11,0.00,0.00,0.00,0.05,0.08,0.11,151999,800361,1632645,199171,839147,1664093,0,522190507,1305480206,0,522190553,1305485447,0,397770,0,489.42,492.57,496.35
494,0,100,100,100,26404,26404,26404,70875,70875,70875,591,591,591,0.79,0.88,0.93,0.19,0.25,0.33,0.26,0.30,0.36,0.00,0.00,0.00,0.07,0.08,0.09,0.00,0.00,0.00,0.07,0.14,0.23,317105,521241,1115783,366898,594543,1159436,0,636333405,1305501338,0,636194452,1305501338,0,815168,0,486.70,499.06,512.17
494,1,100,100,100,26665,26665,26665,70614,70614,70614,591,591,591,0.74,0.88,0.94,0.20,0.26,0.37,0.21,0.30,0.41,0.00,0.00,0.00,0.07,0.08,0.10,0.00,0.00,0.00,0.09,0.14,0.26,461225,1066221,2643748,513637,1139926,2717112,0,624048020,1194818852,0,616651505,1120839263,0,946855,0,479.89,496.13,513.46
494,2,86,98,100,26822,26822,26822,70457,70457,70457,591,591,591,0.68,0.88,0.94,0.19,0.25,0.28,0.27,0.29,0.39,0.00,0.00,0.00,0.05,0.08,0.11,0.00,0.00,0.00,0.06,0.13,0.20,327552,518706,896270,398295,588074,940821,0,596172151,765911120,0,596171597,765908500,0,947249,0,485.52,498.39,512.67
494,3,85,98,100,26903,26903,26903,70376,70376,70376,591,591,591,0.66,0.87,0.93,0.18,0.25,0.29,0.27,0.30,0.39,0.00,0.00,0.00,0.05,0.08,0.09,0.00,0.00,0.00,0.07,0.13,0.20,20965,491404,961207,128413,563170,1006376,0,636697727,1305512803,0,636698306,1305510182,0,857892,0,494.99,503.35,515.43
495,0,84,96,100,26404,26404,26404,70875,70875,70875,591,591,591,0.88,0.95,0.98,0.29,0.31,0.32,0.25,0.35,0.41,0.00,0.00,0.00,0.08,0.14,0.17,0.00,0.00,0.00,0.09,0.13,0.20,65498,535636,1383597,290811,610574,1399320,0,0,0,0,0,0,0,406201,0,490.19,494.75,498.12
495,1,84,95,100,26665,26665,26665,70614,70614,70614,591,591,591,0.88,0.95,0.98,0.27,0.30,0.32,0.25,0.35,0.43,0.00,0.00,0.00,0.09,0.14,0.18,0.00,0.00,0.00,0.08,0.12,0.19,463862,735392,1396863,513655,809829,1409967,0,0,0,0,0,0,0,411983,0,493.30,499.36,507.59
495,2,98,99,100,26822,26822,26822,70457,70457,70457,591,591,591,0.78,0.93,0.98,0.27,0.30,0.32,0.25,0.34,0.43,0.00,0.00,0.00,0.07,0.13,0.18,0.00,0.00,0.00,0.08,0.13,0.21,324972,528834,948667,361662,608209,1014183,0,0,0,0,0,0,0,415354,0,492.42,500.08,512.55
495,3,97,98,100,26903,26903,26903,70376,70376,70376,591,591,591,0.87,0.95,0.98,0.28,0.31,0.34,0.25,0.35,0.41,0.00,0.00,0.00,0.07,0.13,0.17,0.00,0.00,0.00,0.09,0.14,0.23,348444,663528,1402010,390479,738999,1635242,0,0,0,0,0,0,0,419427,0,500.27,507.24,517.17
496,0,95,98,100,26404,26404,26404,70875,70875,70875,591,591,591,0.93,0.97,0.99,0.25,0.35,0.47,0.35,0.40,0.43,0.00,0.00,0.00,0.03,0.11,0.18,0.00,0.00,0.00,0.08,0.17,0.32,344958,387718,435488,374373,475632,612813,0,513,2568,0,0,0,0,416869,0,511.62,518.15,523.00
496,1,95,98,100,26665,26665,26665,70614,70614,70614,591,591,591,0.84,0.94,0.98,0.20,0.34,0.46,0.29,0.39,0.43,0.00,0.00,0.00,0.02,0.11,0.18,0.00,0.00,0.00,0.06,0.17,0.32,461224,603715,1089826,511006,693330,1239154,0,0,0,0,523,2619,0,411215,0,508.48,513.74,518.82
496,2,97,99,100,26822,26822,26822,70457,70457,70457,591,591,591,0.78,0.93,0.98,0.16,0.32,0.42,0.28,0.38,0.43,0.00,0.00,0.00,0.02,0.11,0.17,0.00,0.00,0.00,0.04,0.16,0.30,221873,377192,626348,345913,456509,770487,0,0,0,0,0,0,0,446034,0,500.43,512.70,521.32
496,3,94,98,100,26903,26903,26903,70376,70376,70376,591,591,591,0.82,0.94,0.98,0.28,0.34,0.44,0.28,0.39,0.43,0.00,0.00,0.00,0.03,0.11,0.18,0.00,0.00,0.00,0.08,0.17,0.31,330203,424013,560776,377375,513640,639447,0,0,0,0,0,0,0,413019,0,513.58,522.10,527.68
497,0,99,99,100,26404,26404,26404,70875,70875,70875,591,591,591,0.81,0.83,0.87,0.21,0.22,0.25,0.33,0.35,0.37,0.00,0.00,0.00,0.07,0.08,0.10,0.00,0.00,0.00,0.08,0.09,0.11,343310,406425,442894,374758,447482,492687,466947260,618571512,761585568,443191682,621543626,761590810,0,395659,0,487.15,500.30,510.74
497,1,100,100,100,26665,26665,26665,70614,70614,70614,591,591,591,0.81,0.83,0.85,0.21,0.23,0.24,0.33,0.34,0.35,0.00,0.00,0.00,0.07,0.09,0.09,0.00,0.00,0.00,0.09,0.09,0.10,450755,923629,2028391,495306,966451,2062460,640686768,730356450,854376369,640694630,730356902,854372939,0,290355,0,487.71,495.85,505.23
497,2,100,100,100,26822,26822,26822,70457,70457,70457,591,591,591,0.81,0.86,0.96,0.17,0.22,0.24,0.32,0.36,0.43,0.00,0.00,0.00,0.06,0.09,0.11,0.00,0.00,0.00,0.04,0.09,0.11,335445,701031,1501653,366893,740996,1551446,640681571,676936849,761585693,640684192,676934883,761583072,0,292057,0,485.78,495.69,502.80
497,3,100,100,100,26903,26903,26903,70376,70376,70376,591,591,591,0.81,0.85,0.95,0.18,0.21,0.24,0.33,0.36,0.43,0.00,0.00,0.00,0.06,0.09,0.11,0.00,0.00,0.00,0.04,0.08,0.11,314837,551610,843605,347844,591926,886592,0,568638760,892226792,0,568638179,892232165,0,434644,0,488.21,497.53,509.17
498,0,100,100,100,26404,26404,26404,70875,70875,70875,591,591,591,0.81,0.87,0.95,0.18,0.21,0.25,0.33,0.37,0.43,0.00,0.00,0.00,0.07,0.10,0.11,0.00,0.00,0.00,0.05,0.08,0.11,28827,598015,1543553,76000,637324,1593345,640677531,655120674,664790813,640682772,655119626,664780331,0,391760,0,487.51,490.81,494.39
498,1,99,99,100,26665,26665,26665,70614,70614,70614,591,591,591,0.81,0.87,0.95,0.16,0.20,0.25,0.32,0.37,0.43,0.00,0.00,0.00,0.06,0.09,0.11,0.00,0.00,0.00,0.04,0.08,0.11,524135,632098,724711,552962,667914,741656,0,525679590,1305485217,0,525680330,1305493079,0,399832,0,483.82,488.91,494.41
498,2,100,100,100,26822,26822,26822,70457,70457,70457,591,591,591,0.81,0.85,0.98,0.18,0.22,0.24,0.33,0.36,0.44,0.00,0.00,0.00,0.07,0.09,0.11,0.00,0.00,0.00,0.05,0.09,0.11,327569,403573,613246,379980,447599,647315,640694132,655130258,664798833,640691512,655131307,664817178,0,396161,0,489.92,493.31,498.36
498,3,99,99,100,26903,26903,26903,70376,70376,70376,591,591,591,0.80,0.86,0.91,0.16,0.22,0.25,0.32,0.37,0.42,0.00,0.00,0.00,0.07,0.09,0.11,0.00,0.00,0.00,0.04,0.08,0.11,332833,726924,1074450,345936,768852,1124241,640699623,655117574,664772706,640695948,655116526,664783188,0,387563,0,479.16,486.65,492.57
499,0,99,99,100,26404,26404,26404,70875,70875,70875,591,591,591,0.80,0.84,0.90,0.19,0.22,0.25,0.33,0.36,0.40,0.00,0.00,0.00,0.08,0.09,0.10,0.00,0.00,0.00,0.06,0.09,0.11,330843,458883,779873,361383,500841,813555,633417834,648928672,664804249,633417834,648928750,664799008,0,294442,0,483.98,487.44,491.21
499,1,100,100,100,26665,26665,26665,70614,70614,70614,591,591,591,0.80,0.85,0.98,0.18,0.22,0.25,0.33,0.36,0.44,0.00,0.00,0.00,0.07,0.09,0.12,0.00,0.00,0.00,0.05,0.09,0.11,453350,534085,628963,497935,577587,678756,627941268,650319652,700288131,640651752,650319893,664788374,0,389698,0,486.48,491.39,496.30
499,2,99,99,100,26822,26822,26822,70457,70457,70457,591,591,591,0.81,0.85,0.93,0.18,0.22,0.25,0.32,0.35,0.41,0.00,0.00,0.00,0.07,0.09,0.11,0.00,0.00,0.00,0.05,0.09,0.11,314421,427141,841176,355829,472105,872622,630367363,648238292,664741659,630362206,648237260,664744279,0,388433,0,492.24,494.74,496.78
499,3,99,99,100,26903,26903,26903,70376,70376,70376,591,591,591,0.80,0.84,0.96,0.17,0.22,0.24,0.33,0.36,0.43,0.00,0.00,0.00,0.06,0.09,0.12,0.00,0.00,0.00,0.04,0.09,0.11,327603,500030,836013,374758,542485,864841,640703605,650333461,664789544,640703605,650333985,664800027,0,293180,0,480.91,488.23,495.62
500,0,99,99,100,26404,26404,26404,70875,70875,70875,591,591,591,0.81,0.88,0.92,0.16,0.22,0.24,0.28,0.34,0.42,0.00,0.00,0.00,0.07,0.09,0.11,0.00,0.00,0.00,0.04,0.10,0.13,332833,393074,584393,348557,463828,634184,640706430,688949139,766019939,640703810,688948615,766014697,0,443271,0,476.19,479.96,486.97
500,1,100,100,100,26665,26665,26665,70614,70614,70614,591,591,591,0.82,0.88,0.95,0.17,0.23,0.26,0.24,0.33,0.40,0.00,0.00,0.00,0.07,0.09,0.11,0.00,0.00,0.00,0.05,0.11,0.16,445520,821323,1847580,537244,897322,1915718,640686534,689000987,766003840,640686534,688997843,766003840,0,447056,0,482.80,487.30,491.70
500,2,100,100,100,26822,26822,26822,70457,70457,70457,591,591,591,0.81,0.88,0.92,0.19,0.22,0.27,0.26,0.34,0.39,0.00,0.00,0.00,0.07,0.09,0.10,0.00,0.00,0.00,0.07,0.10,0.16,0,313432,584415,75993,383141,615864,640692449,688982137,765975857,640689828,688984758,765986339,0,448306,0,487.60,492.24,497.51
500,3,100,100,100,26903,26903,26903,70376,70376,70376,591,591,591,0.80,0.88,0.96,0.18,0.22,0.27,0.27,0.34,0.44,0.00,0.00,0.00,0.07,0.09,0.11,0.00,0.00,0.00,0.05,0.10,0.16,319156,653695,1488549,350293,727127,1572411,623935106,687969479,765986707,623940211,687970524,765981466,0,445081,0,482.99,489.54,494.04
501,0,95,99,100,26404,26404,26404,70875,70875,70875,591,591,591,0.90,0.92,0.94,0.26,0.26,0.27,0.27,0.27,0.28,0.00,0.00,0.00,0.07,0.08,0.09,0.00,0.00,0.00,0.13,0.15,0.16,319680,634206,1402132,398290,697100,1483378,0,635815754,988593706,0,635817326,988585844,0,396896,0,499.80,506.47,511.56
501,1,87,97,100,26665,26665,26665,70614,70614,70614,591,591,591,0.64,0.87,0.92,0.24,0.26,0.27,0.21,0.26,0.28,0.00,0.00,0.00,0.05,0.07,0.08,0.00,0.00,0.00,0.14,0.15,0.17,375716,470345,610729,396493,547859,686743,0,0,0,0,0,0,0,399147,0,498.46,508.72,518.30
501,2,100,100,100,26822,26822,26822,70457,70457,70457,591,591,591,0.67,0.88,0.94,0.22,0.25,0.27,0.16,0.25,0.28,0.00,0.00,0.00,0.05,0.07,0.08,0.00,0.00,0.00,0.13,0.15,0.16,311791,517650,888369,379913,590152,961745,0,0,0,0,0,0,0,396145,0,497.98,508.17,517.74
501,3,100,100,100,26903,26903,26903,70376,70376,70376,591,591,591,0.66,0.87,0.93,0.23,0.25,0.27,0.17,0.25,0.28,0.00,0.00,0.00,0.05,0.08,0.09,0.00,0.00,0.00,0.13,0.15,0.16,242850,360928,526862,270804,440413,597635,0,0,0,0,0,0,0,398446,0,499.16,509.29,519.73
502,0,83,96,100,26404,26404,26404,70875,70875,70875,591,591,591,0.66,0.89,0.98,0.29,0.31,0.34,0.25,0.32,0.41,0.00,0.00,0.00,0.05,0.11,0.17,0.00,0.00,0.00,0.09,0.16,0.22,356423,546118,982724,374768,641873,1213337,0,0,0,0,0,0,0,394298,0,482.39,488.28,494.37
502,1,99,99,100,26665,26665,26665,70614,70614,70614,591,591,591,0.84,0.93,0.97,0.29,0.31,0.35,0.24,0.35,0.42,0.00,0.00,0.00,0.06,0.13,0.17,0.00,0.00,0.00,0.09,0.15,0.26,463872,764868,1392393,505803,842803,1470212,0,0,0,0,0,0,0,403771,0,492.20,495.39,504.12
502,2,81,95,100,26822,26822,26822,70457,70457,70457,591,591,591,0.77,0.90,0.97,0.28,0.31,0.33,0.25,0.34,0.42,0.00,0.00,0.00,0.06,0.12,0.18,0.00,0.00,0.00,0.08,0.16,0.23,324834,495283,817651,366749,578095,909375,0,0,0,0,0,0,0,413782,0,484.48,493.71,513.99
502,3,84,96,100,26903,26903,26903,70376,70376,70376,591,591,591,0.87,0.93,0.97,0.29,0.32,0.37,0.25,0.35,0.42,0.00,0.00,0.00,0.07,0.12,0.17,0.00,0.00,0.00,0.09,0.16,0.26,330197,517813,807138,377368,595370,856929,0,0,0,0,0,0,0,402631,0,492.11,496.47,501.65
503,0,99,99,100,26404,26404,26404,70875,70875,70875,591,591,591,0.93,0.96,0.98,0.27,0.35,0.52,0.34,0.40,0.43,0.00,0.00,0.00,0.03,0.14,0.18,0.00,0.00,0.00,0.08,0.15,0.33,332845,431538,686604,369537,502951,773085,0,655,2620,0,524,2620,0,468305,0,506.63,515.10,520.18
503,1,99,99,100,26665,26665,26665,70614,70614,70614,591,591,591,0.83,0.94,0.98,0.28,0.35,0.45,0.30,0.38,0.43,0.00,0.00,0.00,0.03,0.13,0.18,0.00,0.00,0.00,0.08,0.15,0.29,497815,824860,1035179,675980,929681,1140116,0,0,0,0,655,2620,0,355959,0,505.66,511.08,513.83
503,2,93,97,100,26822,26822,26822,70457,70457,70457,591,591,591,0.95,0.97,0.98,0.31,0.34,0.44,0.39,0.41,0.41,0.00,0.00,0.00,0.07,0.14,0.17,0.00,0.00,0.00,0.09,0.17,0.28,349720,515227,856892,399307,593792,906681,0,0,0,0,0,0,0,358148,0,515.80,522.64,525.96
503,3,99,99,100,26903,26903,26903,70376,70376,70376,591,591,591,0.94,0.97,0.98,0.28,0.34,0.47,0.39,0.41,0.43,0.00,0.00,0.00,0.04,0.14,0.18,0.00,0.00,0.00,0.08,0.14,0.29,332826,356074,380942,372137,430232,519229,0,0,0,0,0,0,0,464940,0,509.86,517.48,524.14
504,0,99,99,100,26404,26404,26404,70875,70875,70875,591,591,591,0.81,0.86,0.90,0.19,0.26,0.44,0.33,0.36,0.40,0.00,0.00,0.00,0.06,0.08,0.10,0.00,0.00,0.00,0.07,0.13,0.30,322318,647286,1498967,369486,709132,1530414,0,413395411,761535743,0,541536290,761546226,0,385599,0,495.07,506.84,521.47
504,1,100,100,100,26665,26665,26665,70614,70614,70614,591,591,591,0.81,0.89,0.97,0.17,0.25,0.41,0.32,0.38,0.40,0.00,0.00,0.00,0.07,0.09,0.10,0.00,0.00,0.00,0.05,0.12,0.28,460942,1188034,2176994,474037,1227404,2224149,0,491263866,664364720,0,491262464,664364720,0,387899,0,484.50,495.11,511.75
504,2,100,100,100,26822,26822,26822,70457,70457,70457,591,591,591,0.79,0.86,0.99,0.21,0.26,0.40,0.30,0.35,0.42,0.00,0.00,0.00,0.02,0.08,0.11,0.00,0.00,0.00,0.08,0.10,0.11,175581,469083,917230,322335,530929,948678,0,413379752,761587092,0,413378704,761587092,0,390717,0,492.35,500.60,512.42
504,3,99,99,100,26903,26903,26903,70376,70376,70376,591,591,591,0.81,0.87,0.92,0.20,0.25,0.39,0.33,0.36,0.40,0.00,0.00,0.00,0.07,0.09,0.10,0.00,0.00,0.00,0.07,0.12,0.25,149382,677620,1383572,196555,736126,1417637,1770,541555084,1305477648,0,541553980,1305469786,0,396617,0,494.97,504.19,515.79
505,0,99,99,100,26404,26404,26404,70875,70875,70875,591,591,591,0.80,0.86,0.94,0.16,0.21,0.24,0.32,0.37,0.43,0.00,0.00,0.00,0.07,0.09,0.11,0.00,0.00,0.00,0.04,0.08,0.11,327585,429266,820270,348548,463335,867442,640686944,650332417,664797406,640686944,655153621,664807796,0,287231,0,484.00,486.66,489.38
505,1,99,99,100,26665,26665,26665,70614,70614,70614,591,591,591,0.80,0.84,0.93,0.16,0.22,0.25,0.32,0.36,0.43,0.00,0.00,0.00,0.07,0.09,0.11,0.00,0.00,0.00,0.04,0.09,0.11,458541,625521,917167,484837,667442,969428,36826705,655079620,1268442124,0,655080296,1305261727,0,388394,0,478.75,481.76,483.59
505,2,100,100,100,26822,26822,26822,70457,70457,70457,591,591,591,0.81,0.85,0.97,0.18,0.22,0.24,0.32,0.36,0.43,0.00,0.00,0.00,0.07,0.09,0.11,0.00,0.00,0.00,0.04,0.08,0.10,321021,468108,756502,356411,509819,794938,427123338,607046012,664794641,500995008,599658866,664604317,0,392273,0,484.24,487.65,491.60
505,3,99,99,100,26903,26903,26903,70376,70376,70376,591,591,591,0.80,0.84,0.90,0.18,0.22,0.25,0.32,0.35,0.40,0.00,0.00,0.00,0.07,0.09,0.10,0.00,0.00,0.00,0.05,0.09,0.11,327586,447079,733751,377379,489534,786162,0,655163486,1305580654,0,655166631,1305585896,0,392540,0,488.84,490.86,493.22
506,0,99,99,100,26404,26404,26404,70875,70875,70875,591,591,591,0.81,0.85,0.99,0.18,0.22,0.25,0.33,0.36,0.45,0.00,0.00,0.00,0.07,0.09,0.12,0.00,0.00,0.00,0.05,0.09,0.11,335450,427254,574375,366899,469423,620122,621324338,651270522,664810417,621339586,647886740,664794298,0,395221,0,482.52,486.86,489.84
506,1,100,100,100,26665,26665,26665,70614,70614,70614,591,591,591,0.81,0.86,0.97,0.18,0.21,0.24,0.33,0.36,0.44,0.00,0.00,0.00,0.06,0.09,0.12,0.00,0.00,0.00,0.05,0.08,0.10,468941,855920,2081904,518717,894684,2131660,0,649863395,1304529071,0,649861826,1304526452,0,392358,0,483.83,487.16,491.32
506,2,100,100,100,26822,26822,26822,70457,70457,70457,591,591,591,0.81,0.88,0.97,0.18,0.21,0.25,0.33,0.37,0.43,0.00,0.00,0.00,0.07,0.09,0.11,0.00,0.00,0.00,0.05,0.09,0.11,0,484288,1006341,47174,524121,1040410,640538733,655130303,664818324,640549213,655131351,664820945,0,444435,0,481.38,485.93,490.36
506,3,99,99,100,26903,26903,26903,70376,70376,70376,591,591,591,0.80,0.88,0.99,0.16,0.20,0.24,0.33,0.38,0.45,0.00,0.00,0.00,0.07,0.10,0.12,0.00,0.00,0.00,0.04,0.07,0.11,330199,441633,612183,372138,477760,643444,0,521525126,1305458301,0,521390994,1305463543,0,296984,0,481.54,486.74,491.49
507,0,99,99,100,26404,26404,26404,70875,70875,70875,591,591,591,0.80,0.86,0.92,0.16,0.22,0.26,0.27,0.34,0.42,0.00,0.00,0.00,0.07,0.09,0.11,0.00,0.00,0.00,0.04,0.09,0.16,359034,722074,1488557,406206,791084,1596006,0,632667295,1305479464,0,632668518,1305482085,0,441951,0,491.86,494.75,497.08
507,1,100,100,100,26665,26665,26665,70614,70614,70614,591,591,591,0.81,0.87,0.92,0.17,0.22,0.25,0.28,0.34,0.42,0.00,0.00,0.00,0.08,0.09,0.11,0.00,0.00,0.00,0.05,0.10,0.15,458877,566202,906273,497593,639417,1050333,0,638532679,1306220062,0,638532098,1306214818,0,405329,0,484.98,491.11,498.75
507,2,100,100,100,26822,26822,26822,70457,70457,70457,591,591,591,0.81,0.86,0.90,0.19,0.23,0.26,0.26,0.34,0.39,0.00,0.00,0.00,0.07,0.09,0.10,0.00,0.00,0.00,0.07,0.10,0.16,322344,434506,799308,374758,503692,930342,640690618,675390040,765976634,640691717,675388468,765963531,0,405049,0,485.45,495.34,499.46
507,3,100,100,100,26903,26903,26903,70376,70376,70376,591,591,591,0.80,0.85,0.92,0.20,0.23,0.26,0.27,0.33,0.37,0.00,0.00,0.00,0.07,0.09,0.09,0.00,0.00,0.00,0.08,0.11,0.15,311837,603098,1354911,382590,678238,1501671,621763277,729845688,888094455,621765820,729846364,888092673,0,399005,0,492.19,494.61,499.07
508,0,100,100,100,26404,26404,26404,70875,70875,70875,591,591,591,0.91,0.92,0.94,0.23,0.26,0.27,0.27,0.28,0.29,0.00,0.00,0.00,0.08,0.08,0.09,0.00,0.00,0.00,0.13,0.14,0.16,330159,461757,901536,356415,523603,972297,120601529,579846799,756940918,0,579846637,756943539,0,407214,0,498.38,504.13,510.25
508,1,100,100,100,26665,26665,26665,70614,70614,70614,591,591,591,0.84,0.91,0.94,0.23,0.26,0.27,0.24,0.27,0.28,0.00,0.00,0.00,0.07,0.08,0.08,0.00,0.00,0.00,0.12,0.15,0.16,463867,595941,980167,487454,650976,1064032,0,635831993,988541910,0,635831993,988541910,0,409185,0,502.46,508.76,514.28
508,2,100,100,100,26822,26822,26822,70457,70457,70457,591,591,591,0.92,0.92,0.93,0.25,0.26,0.27,0.26,0.27,0.28,0.00,0.00,0.00,0.08,0.08,0.08,0.00,0.00,0.00,0.13,0.15,0.16,327589,421581,616718,408831,481109,690096,39415324,534403633,724888958,157525031,558026962,724881096,0,404509,0,506.04,510.00,514.91
508,3,100,100,100,26903,26903,26903,70376,70376,70376,591,591,591,0.92,0.92,0.94,0.23,0.26,0.27,0.27,0.28,0.29,0.00,0.00,0.00,0.08,0.08,0.09,0.00,0.00,0.00,0.13,0.15,0.16,327377,381554,416800,403329,438679,484956,0,579814616,756575131,0,579815143,756562036,0,411028,0,506.31,509.49,515.30
509,0,92,97,100,26404,26404,26404,70875,70875,70875,591,591,591,0.81,0.90,0.97,0.27,0.30,0.37,0.25,0.32,0.42,0.00,0.00,0.00,0.07,0.10,0.18,0.00,0.00,0.00,0.07,0.16,0.25,327550,406288,626168,343272,487181,675947,0,197712994,988564971,0,197711421,988557109,0,398413,0,490.10,494.95,501.50
509,1,84,96,100,26665,26665,26665,70614,70614,70614,591,591,591,0.75,0.90,0.97,0.28,0.31,0.33,0.25,0.33,0.41,0.00,0.00,0.00,0.06,0.12,0.17,0.00,0.00,0.00,0.09,0.15,0.22,466459,923975,2086059,516250,1007307,2120128,0,0,0,0,0,0,0,458178,0,497.16,500.65,506.56
509,2,87,96,100,26822,26822,26822,70457,70457,70457,591,591,591,0.70,0.87,0.97,0.23,0.29,0.33,0.25,0.31,0.41,0.00,0.00,0.00,0.06,0.10,0.17,0.00,0.00,0.00,0.09,0.15,0.23,18344,399915,838623,36689,478535,885795,0,189825141,949125709,0,166201427,831007139,0,360800,0,492.70,499.08,513.48
509,3,86,97,100,26903,26903,26903,70376,70376,70376,591,591,591,0.78,0.89,0.98,0.27,0.30,0.32,0.25,0.33,0.43,0.00,0.00,0.00,0.06,0.11,0.18,0.00,0.00,0.00,0.08,0.16,0.21,327569,401987,621077,364284,482693,683971,0,55972440,279862203,0,55972440,279862203,0,402011,0,500.09,503.10,507.30
510,0,96,98,99,26404,26404,26404,70875,70875,70875,591,591,591,0.92,0.97,0.98,0.30,0.32,0.36,0.40,0.41,0.42,0.00,0.00,0.00,0.13,0.16,0.17,0.00,0.00,0.00,0.09,0.11,0.17,305731,350944,390490,398312,419298,440253,0,0,0,0,523,2619,0,468715,0,505.62,515.49,522.10
510,1,99,99,100,26665,26665,26665,70614,70614,70614,591,591,591,0.95,0.97,0.98,0.28,0.33,0.43,0.38,0.41,0.43,0.00,0.00,0.00,0.08,0.15,0.18,0.00,0.00,0.00,0.08,0.13,0.25,450751,537877,731141,497923,615183,778311,0,0,0,0,0,0,0,305162,0,505.49,511.22,516.01
510,2,99,99,100,26822,26822,26822,70457,70457,70457,591,591,591,0.97,0.98,0.98,0.28,0.32,0.36,0.40,0.41,0.43,0.00,0.00,0.00,0.13,0.16,0.18,0.00,0.00,0.00,0.08,0.14,0.27,322342,347223,408827,366823,427806,516269,0,0,0,0,0,0,0,408770,0,512.01,519.37,526.18
510,3,99,99,99,26903,26903,26903,70376,70376,70376,591,591,591,0.96,0.97,0.98,0.30,0.33,0.41,0.40,0.41,0.41,0.00,0.00,0.00,0.09,0.15,0.17,0.00,0.00,0.00,0.09,0.12,0.23,343231,421896,581808,390393,487107,628982,0,0,0,0,0,0,0,471762,0,513.16,520.41,523.79
511,0,100,100,100,26404,26404,26404,70875,70875,70875,591,591,591,0.80,0.88,0.98,0.17,0.28,0.48,0.33,0.37,0.43,0.00,0.00,0.00,0.03,0.08,0.11,0.00,0.00,0.00,0.04,0.14,0.33,330208,647726,1477658,361657,706421,1626995,0,280471303,761698517,0,541565089,1305476792,0,292557,0,503.32,513.01,524.46
511,1,99,99,100,26665,26665,26665,70614,70614,70614,591,591,591,0.81,0.87,0.98,0.19,0.26,0.42,0.33,0.36,0.44,0.00,0.00,0.00,0.06,0.08,0.12,0.00,0.00,0.00,0.05,0.13,0.28,462367,653878,938149,494438,709785,987939,0,420671420,719341332,0,441859687,807071532,0,397605,0,500.19,505.48,515.86
511,2,100,100,100,26822,26822,26822,70457,70457,70457,591,591,591,0.74,0.86,0.97,0.16,0.28,0.40,0.26,0.35,0.41,0.00,0.00,0.00,0.02,0.07,0.11,0.00,0.00,0.00,0.04,0.11,0.27,340692,529190,798418,382612,588590,849084,0,326377331,870302365,0,326378204,870304112,0,390543,0,495.24,504.87,515.67
511,3,99,99,100,26903,26903,26903,70376,70376,70376,591,591,591,0.80,0.86,0.92,0.16,0.26,0.46,0.30,0.35,0.42,0.00,0.00,0.00,0.03,0.08,0.11,0.00,0.00,0.00,0.04,0.13,0.33,332829,653671,1373612,369496,718148,1541381,0,413405676,761569857,0,413404627,761572478,0,394972,0,500.92,508.62,524.09
512,0,99,99,100,26404,26404,26404,70875,70875,70875,591,591,591,0.80,0.85,0.97,0.18,0.22,0.25,0.33,0.36,0.44,0.00,0.00,0.00,0.07,0.09,0.12,0.00,0.00,0.00,0.05,0.09,0.11,332807,507292,817646,382597,548695,862197,0,783301967,1305592882,0,652356194,1305590261,0,394310,0,488.29,493.55,496.39
512,1,100,100,100,26665,26665,26665,70614,70614,70614,591,591,591,0.81,0.86,0.98,0.18,0.21,0.25,0.33,0.36,0.45,0.00,0.00,0.00,0.07,0.09,0.12,0.00,0.00,0.00,0.05,0.08,0.11,463857,627386,864801,490063,665124,893628,605197477,643231928,664775865,498421200,621875625,664788968,0,438911,0,485.07,494.23,501.91
512,2,99,99,100,26822,26822,26822,70457,70457,70457,591,591,591,0.80,0.86,0.90,0.18,0.21,0.25,0.33,0.37,0.40,0.00,0.00,0.00,0.08,0.09,0.11,0.00,0.00,0.00,0.07,0.09,0.11,309245,433229,583321,356421,473308,631719,622735354,646724431,664806658,622745543,646724897,664804037,0,445790,0,487.22,491.22,497.92
512,3,99,99,100,26903,26903,26903,70376,70376,70376,591,591,591,0.81,0.88,0.98,0.17,0.21,0.24,0.33,0.38,0.45,0.00,0.00,0.00,0.07,0.10,0.12,0.00,0.00,0.00,0.04,0.08,0.10,332822,522565,801940,380002,562923,836009,640675233,650329939,664795537,640672612,650331511,664800778,0,391529,0,484.19,491.49,497.68
513,0,99,99,100,26404,26404,26404,70875,70875,70875,591,591,591,0.80,0.86,0.90,0.18,0.22,0.25,0.33,0.36,0.40,0.00,0.00,0.00,0.07,0.09,0.11,0.00,0.00,0.00,0.05,0.08,0.11,52413,869019,1823662,83861,909701,1857725,0,608001210,1305488767,0,597315581,1305499250,0,445110,0,480.02,485.96,488.85
513,1,100,100,100,26665,26665,26665,70614,70614,70614,591,591,591,0.80,0.87,0.92,0.18,0.21,0.25,0.33,0.37,0.41,0.00,0.00,0.00,0.08,0.09,0.11,0.00,0.00,0.00,0.05,0.08,0.11,440276,897304,1889452,490069,937138,1918279,640696592,655145636,664798933,640699213,655146160,664793691,0,389616,0,480.26,486.91,490.42
513,2,99,99,100,26822,26822,26822,70457,70457,70457,591,591,591,0.81,0.85,0.90,0.19,0.22,0.25,0.32,0.35,0.39,0.00,0.00,0.00,0.08,0.09,0.10,0.00,0.00,0.00,0.06,0.09,0.11,2620,456520,904139,44551,501072,959173,36983050,655141883,1268383527,146640208,655143261,1158743738,0,395989,0,486.10,493.50,499.01
513,3,100,100,100,26903,26903,26903,70376,70376,70376,591,591,591,0.80,0.85,0.90,0.18,0.22,0.25,0.33,0.36,0.40,0.00,0.00,0.00,0.07,0.09,0.11,0.00,0.00,0.00,0.05,0.09,0.11,332821,480556,764858,382613,523710,815527,612050955,644606033,664793472,612063019,644605301,664793472,0,344326,0,482.96,489.54,494.76
514,0,100,100,100,26404,26404,26404,70875,70875,70875,591,591,591,0.81,0.86,0.97,0.18,0.21,0.25,0.31,0.35,0.44,0.00,0.00,0.00,0.07,0.09,0.12,0.00,0.00,0.00,0.05,0.09,0.11,332825,465435,710215,382618,530428,856975,640680605,675396423,766000899,640691088,675396947,766006140,0,387152,0,482.37,486.39,489.76
514,1,100,100,100,26665,26665,26665,70614,70614,70614,591,591,591,0.81,0.86,0.93,0.20,0.23,0.26,0.27,0.33,0.37,0.00,0.00,0.00,0.08,0.09,0.09,0.00,0.00,0.00,0.08,0.10,0.15,455977,627907,854348,513629,700252,919866,43656318,583315071,861898354,0,583076959,861893164,0,395726,0,484.80,491.02,500.61
514,2,99,99,100,26822,26822,26822,70457,70457,70457,591,591,591,0.80,0.86,0.90,0.16,0.22,0.24,0.31,0.35,0.41,0.00,0.00,0.00,0.07,0.09,0.11,0.00,0.00,0.00,0.04,0.09,0.11,327581,500541,788806,359037,565707,838598,0,624314577,1305456119,0,624313878,1305458740,0,400541,0,487.90,492.55,498.52
514,3,100,100,100,26903,26903,26903,70376,70376,70376,591,591,591,0.80,0.86,0.92,0.20,0.23,0.27,0.27,0.33,0.36,0.00,0.00,0.00,0.07,0.09,0.10,0.00,0.00,0.00,0.07,0.11,0.16,315118,761230,1337684,365858,829724,1386560,570749130,724797605,929212136,462634776,722600680,953869595,0,394672,0,492.25,495.71,498.40
515,0,100,100,100,26404,26404,26404,70875,70875,70875,591,591,591,0.91,0.92,0.94,0.25,0.26,0.27,0.27,0.27,0.29,0.00,0.00,0.00,0.08,0.08,0.08,0.00,0.00,0.00,0.13,0.15,0.16,327584,558114,875304,395707,625678,951304,0,573763935,756837107,0,573762908,756844967,0,406559,0,496.13,503.24,508.71
515,1,100,100,100,26665,26665,26665,70614,70614,70614,591,591,591,0.92,0.93,0.94,0.25,0.26,0.27,0.26,0.27,0.28,0.00,0.00,0.00,0.08,0.08,0.08,0.00,0.00,0.00,0.14,0.15,0.16,434988,559713,799281,521462,620503,854313,117981737,587630873,756641175,196809188,611253216,756649033,0,461253,0,504.28,510.65,517.46
515,2,100,100,100,26822,26822,26822,70457,70457,70457,591,591,591,0.92,0.92,0.94,0.23,0.26,0.27,0.26,0.27,0.29,0.00,0.00,0.00,0.07,0.08,0.09,0.00,0.00,0.00,0.13,0.15,0.16,314453,414222,605378,338037,478603,673516,0,579053770,757046807,0,579055858,757028463,0,451991,0,498.48,508.61,517.51
515,3,100,100,100,26903,26903,26903,70376,70376,70376,591,591,591,0.92,0.92,0.94,0.25,0.26,0.27,0.27,0.28,0.29,0.00,0.00,0.00,0.08,0.08,0.08,0.00,0.00,0.00,0.13,0.15,0.16,327583,404614,566047,348618,459644,634183,42096497,579831425,724874743,0,579828943,757020826,0,414703,0,502.05,511.40,519.50
516,0,84,96,100,26404,26404,26404,70875,70875,70875,591,591,591,0.73,0.89,0.98,0.25,0.31,0.34,0.25,0.29,0.35,0.00,0.00,0.00,0.06,0.08,0.11,0.00,0.00,0.00,0.14,0.19,0.23,149377,562345,1455323,345923,659965,1476288,0,247143878,724288580,0,197715701,708698420,0,403636,0,499.43,500.75,502.40
516,1,91,97,100,26665,26665,26665,70614,70614,70614,591,591,591,0.72,0.86,0.95,0.24,0.30,0.35,0.24,0.29,0.38,0.00,0.00,0.00,0.06,0.09,0.12,0.00,0.00,0.00,0.14,0.17,0.24,476902,1350917,3833968,508402,1446565,3923069,0,237319630,949278522,0,207792423,831169692,0,306733,0,501.33,503.65,508.87
516,2,83,95,100,26822,26822,26822,70457,70457,70457,591,591,591,0.77,0.84,0.95,0.21,0.29,0.33,0.22,0.28,0.34,0.00,0.00,0.00,0.06,0.08,0.11,0.00,0.00,0.00,0.11,0.16,0.23,2620,293516,505785,83861,383929,733782,0,247145721,988582886,0,247143100,988572403,0,308672,0,492.22,494.52,497.71
516,3,86,96,100,26903,26903,26903,70376,70376,70376,591,591,591,0.75,0.86,0.96,0.29,0.31,0.32,0.25,0.29,0.33,0.00,0.00,0.00,0.06,0.09,0.13,0.00,0.00,0.00,0.14,0.18,0.21,128412,403577,628963,159860,500540,715423,0,69968253,279873012,0,69971528,279886115,0,462486,0,498.74,502.44,506.54
517,0,99,99,100,26404,26404,26404,70875,70875,70875,591,591,591,0.92,0.97,0.98,0.27,0.29,0.31,0.41,0.42,0.44,0.00,0.00,0.00,0.17,0.17,0.18,0.00,0.00,0.00,0.07,0.09,0.10,322337,385762,545099,380005,450230,592271,0,0,0,0,523,2618,0,312699,0,500.39,507.01,516.27
517,1,99,99,100,26665,26665,26665,70614,70614,70614,591,591,591,0.95,0.97,0.98,0.29,0.33,0.43,0.38,0.41,0.43,0.00,0.00,0.00,0.08,0.15,0.18,0.00,0.00,0.00,0.08,0.12,0.25,298220,590435,893416,341819,661498,1066335,0,0,0,0,0,0,0,415009,0,497.15,507.96,515.04
517,2,99,99,100,26822,26822,26822,70457,70457,70457,591,591,591,0.95,0.97,0.98,0.27,0.30,0.31,0.36,0.40,0.43,0.00,0.00,0.00,0.15,0.17,0.18,0.00,0.00,0.00,0.08,0.12,0.26,322330,548766,906718,369500,599607,948647,0,0,0,0,0,0,0,417861,0,503.12,520.16,527.07
517,3,97,98,99,26903,26903,26903,70376,70376,70376,591,591,591,0.96,0.97,0.98,0.27,0.31,0.35,0.40,0.41,0.44,0.00,0.00,0.00,0.12,0.16,0.18,0.00,0.00,0.00,0.07,0.10,0.18,343294,646072,1317248,400961,717525,1352175,0,0,0,0,0,0,0,415006,0,503.30,517.38,523.12
518,0,100,100,100,26404,26404,26404,70875,70875,70875,591,591,591,0.80,0.89,0.96,0.19,0.32,0.50,0.33,0.37,0.40,0.00,0.00,0.00,0.03,0.07,0.11,0.00,0.00,0.00,0.06,0.17,0.33,338262,623626,1050807,385098,690633,1082253,0,279548675,761607796,0,349436513,761618280,0,397488,0,495.49,510.13,517.62
518,1,99,99,100,26665,26665,26665,70614,70614,70614,591,591,591,0.80,0.88,0.99,0.20,0.27,0.45,0.33,0.36,0.42,0.00,0.00,0.00,0.02,0.08,0.11,0.00,0.00,0.00,0.07,0.14,0.31,455983,493732,621096,487430,555055,670889,0,413415130,761589410,0,413412510,761576307,0,397683,0,495.86,508.01,516.88
518,2,93,98,100,26822,26822,26822,70457,70457,70457,591,591,591,0.82,0.89,0.97,0.16,0.29,0.41,0.32,0.37,0.42,0.00,0.00,0.00,0.05,0.08,0.11,0.00,0.00,0.00,0.04,0.12,0.27,157242,442974,690082,207036,509801,880510,0,279140979,754993110,0,279140966,755000904,0,443484,0,485.94,503.17,517.66
518,3,99,99,100,26903,26903,26903,70376,70376,70376,591,591,591,0.80,0.87,0.92,0.16,0.27,0.49,0.32,0.36,0.42,0.00,0.00,0.00,0.03,0.08,0.11,0.00,0.00,0.00,0.04,0.13,0.33,332827,498261,735528,369517,552772,850837,0,413448183,761759020,0,413448357,761753777,0,297311,0,494.88,508.44,519.62
519,0,100,100,100,26404,26404,26404,70875,70875,70875,591,591,591,0.80,0.86,0.90,0.19,0.22,0.24,0.33,0.36,0.40,0.00,0.00,0.00,0.08,0.09,0.10,0.00,0.00,0.00,0.06,0.08,0.11,10482,549085,1349565,41930,589615,1399355,640648004,696217906,870340242,640640142,696216682,870336747,0,392582,0,483.56,490.15,493.36
519,1,100,100,100,26665,26665,26665,70614,70614,70614,591,591,591,0.81,0.86,0.90,0.18,0.21,0.25,0.32,0.37,0.40,0.00,0.00,0.00,0.07,0.09,0.10,0.00,0.00,0.00,0.05,0.08,0.11,490037,844894,1729598,524103,884204,1779390,110642533,650324308,1194861063,184611255,650325183,1120886235,0,388089,0,483.18,489.49,494.24
519,2,100,100,100,26822,26822,26822,70457,70457,70457,591,591,591,0.80,0.85,0.94,0.16,0.22,0.25,0.32,0.35,0.43,0.00,0.00,0.00,0.06,0.09,0.11,0.00,0.00,0.00,0.04,0.09,0.11,311858,850667,1404653,348547,892598,1457065,36985328,655149844,1305463292,147784074,676508546,1305463292,0,393035,0,483.74,486.53,491.70
519,3,99,99,100,26903,26903,26903,70376,70376,70376,591,591,591,0.80,0.88,0.99,0.16,0.21,0.24,0.33,0.38,0.45,0.00,0.00,0.00,0.07,0.10,0.12,0.00,0.00,0.00,0.04,0.08,0.11,31448,656669,1349370,60275,695978,1383432,640505520,650307699,664990251,640502900,650307699,664985008,0,447159,0,490.24,492.89,495.05
520,0,99,99,100,26404,26404,26404,70875,70875,70875,591,591,591,0.81,0.84,0.90,0.17,0.22,0.25,0.33,0.35,0.41,0.00,0.00,0.00,0.07,0.09,0.11,0.00,0.00,0.00,0.05,0.09,0.11,332825,423502,762646,364273,465433,815062,0,655161021,1305530438,0,655162069,1305538301,0,391322,0,488.15,490.65,491.95
520,1,100,100,100,26665,26665,26665,70614,70614,70614,591,591,591,0.81,0.86,0.90,0.19,0.21,0.24,0.32,0.36,0.40,0.00,0.00,0.00,0.07,0.09,0.11,0.00,0.00,0.00,0.07,0.08,0.11,316756,872128,1595004,358297,909831,1644766,439082763,610384080,688702234,439077570,610386223,688707664,0,383104,0,481.08,484.24,487.01
520,2,100,100,100,26822,26822,26822,70457,70457,70457,591,591,591,0.81,0.86,0.97,0.18,0.22,0.24,0.33,0.36,0.43,0.00,0.00,0.00,0.06,0.09,0.11,0.00,0.00,0.00,0.05,0.08,0.10,327585,475043,747785,366897,517673,787970,640675876,696260308,870349152,576186650,674903090,870347404,0,392044,0,488.62,490.18,491.48
520,3,100,100,100,26903,26903,26903,70376,70376,70376,591,591,591,0.81,0.84,0.95,0.17,0.22,0.25,0.33,0.36,0.43,0.00,0.00,0.00,0.07,0.09,0.11,0.00,0.00,0.00,0.05,0.09,0.11,312765,618076,968433,362410,659689,1001732,606848555,654296904,703909892,606843590,654295903,703909892,0,391762,0,487.96,493.46,499.29
521,0,99,99,100,26404,26404,26404,70875,70875,70875,591,591,591,0.81,0.86,0.90,0.17,0.21,0.25,0.32,0.37,0.40,0.00,0.00,0.00,0.08,0.09,0.11,0.00,0.00,0.00,0.06,0.08,0.11,322336,433965,765276,385108,491093,788863,0,522186452,1305468533,0,522195804,1305465912,0,386983,0,483.01,489.06,493.87
521,1,100,100,100,26665,26665,26665,70614,70614,70614,591,591,591,0.81,0.86,0.90,0.18,0.22,0.25,0.27,0.34,0.40,0.00,0.00,0.00,0.08,0.09,0.10,0.00,0.00,0.00,0.06,0.09,0.13,463868,566497,908786,482172,636715,1060687,640655105,675344543,766219500,640644623,675344545,766229986,0,391047,0,483.59,487.65,492.77
521,2,100,100,100,26822,26822,26822,70457,70457,70457,591,591,591,0.80,0.86,0.90,0.16,0.21,0.24,0.32,0.35,0.41,0.00,0.00,0.00,0.07,0.09,0.10,0.00,0.00,0.00,0.05,0.09,0.11,13104,466526,1333887,157249,531472,1399402,0,675378409,1305393459,109123327,675046191,1194606422,0,339809,0,487.93,489.70,493.32
521,3,99,99,100,26903,26903,26903,70376,70376,70376,591,591,591,0.81,0.86,0.98,0.18,0.22,0.26,0.24,0.34,0.44,0.00,0.00,0.00,0.07,0.09,0.12,0.00,0.00,0.00,0.05,0.09,0.16,322343,465247,641198,385241,536527,697036,110954696,588346663,870326773,0,588346556,870332014,0,391773,0,481.48,486.53,490.21
522,0,100,100,100,26404,26404,26404,70875,70875,70875,591,591,591,0.91,0.92,0.94,0.25,0.26,0.27,0.27,0.27,0.28,0.00,0.00,0.00,0.08,0.08,0.08,0.00,0.00,0.00,0.13,0.15,0.16,28826,315275,547687,102201,391217,623681,117966709,614415397,765949612,0,590819965,765946992,0,459160,0,491.79,503.66,512.94
522,1,100,100,100,26665,26665,26665,70614,70614,70614,591,591,591,0.92,0.92,0.93,0.23,0.27,0.28,0.27,0.27,0.28,0.00,0.00,0.00,0.07,0.08,0.08,0.00,0.00,0.00,0.13,0.15,0.16,455905,907599,2108483,482106,975206,2192298,0,579873508,757056504,0,579874556,757056504,0,312555,0,493.58,506.56,515.58
522,2,100,100,100,26822,26822,26822,70457,70457,70457,591,591,591,0.92,0.93,0.94,0.24,0.26,0.27,0.26,0.27,0.28,0.00,0.00,0.00,0.07,0.08,0.08,0.00,0.00,0.00,0.13,0.15,0.16,317035,421366,542484,390399,491593,610622,0,579831293,756820484,118097210,579826724,756825724,0,412477,0,498.35,508.09,517.30
522,3,100,100,100,26903,26903,26903,70376,70376,70376,591,591,591,0.91,0.92,0.94,0.25,0.26,0.27,0.27,0.28,0.29,0.00,0.00,0.00,0.08,0.08,0.09,0.00,0.00,0.00,0.14,0.15,0.16,159862,542940,1367626,230620,603736,1440985,40340272,579853122,757060612,0,579850393,757044888,0,466606,0,493.79,509.84,520.52
523,0,91,96,100,26404,26404,26404,70875,70875,70875,591,591,591,0.81,0.88,0.94,0.26,0.30,0.37,0.23,0.30,0.41,0.00,0.00,0.00,0.07,0.08,0.10,0.00,0.00,0.00,0.15,0.18,0.25,348543,745581,1365389,395714,841235,1378493,0,394826671,988561967,0,339458209,988569829,0,295796,0,500.01,504.74,508.68
523,1,85,96,100,26665,26665,26665,70614,70614,70614,591,591,591,0.80,0.87,0.96,0.22,0.30,0.34,0.24,0.29,0.36,0.00,0.00,0.00,0.06,0.08,0.11,0.00,0.00,0.00,0.12,0.18,0.23,450759,723304,1168781,516337,816993,1394151,0,247179745,988718983,0,247175814,988703257,0,391898,0,491.51,499.66,508.55
523,2,100,100,100,26822,26822,26822,70457,70457,70457,591,591,591,0.69,0.84,0.95,0.25,0.29,0.33,0.25,0.28,0.34,0.00,0.00,0.00,0.05,0.07,0.11,0.00,0.00,0.00,0.13,0.17,0.23,316962,535902,767866,395547,626964,780969,0,247117805,708719405,0,247118460,708719405,0,395170,0,495.41,498.88,504.57
523,3,82,95,100,26903,26903,26903,70376,70376,70376,591,591,591,0.73,0.86,0.95,0.25,0.30,0.37,0.22,0.29,0.41,0.00,0.00,0.00,0.06,0.08,0.11,0.00,0.00,0.00,0.15,0.18,0.25,350042,487946,691348,398945,580088,710178,0,247136680,988546720,0,247137990,988551961,0,406045,0,493.36,501.82,513.17
524,0,97,98,100,26404,26404,26404,70875,70875,70875,591,591,591,0.97,0.98,0.98,0.28,0.30,0.31,0.26,0.39,0.43,0.00,0.00,0.00,0.11,0.16,0.18,0.00,0.00,0.00,0.07,0.10,0.15,330206,546117,843739,374757,588045,883044,0,0,0,0,0,0,0,412105,0,499.20,505.45,513.94
524,1,98,99,100,26665,26665,26665,70614,70614,70614,591,591,591,0.95,0.97,0.98,0.28,0.30,0.31,0.36,0.40,0.42,0.00,0.00,0.00,0.15,0.17,0.18,0.00,0.00,0.00,0.07,0.09,0.10,471660,583524,818984,516206,629392,859678,0,0,0,0,0,0,0,411581,0,493.55,505.92,515.00
524,2,97,98,99,26822,26822,26822,70457,70457,70457,591,591,591,0.95,0.97,0.98,0.29,0.30,0.31,0.30,0.39,0.42,0.00,0.00,0.00,0.13,0.16,0.17,0.00,0.00,0.00,0.08,0.13,0.29,324964,443587,601014,385232,501416,646440,0,0,0,0,0,0,0,470680,0,498.35,515.70,525.01
524,3,97,98,100,26903,26903,26903,70376,70376,70376,591,591,591,0.95,0.97,0.98,0.27,0.30,0.31,0.40,0.42,0.43,0.00,0.00,0.00,0.17,0.17,0.18,0.00,0.00,0.00,0.08,0.09,0.10,332825,457562,691841,382618,524124,739013,0,0,0,0,0,0,0,418215,0,497.94,511.18,522.87
525,0,95,99,100,26404,26404,26404,70875,70875,70875,591,591,591,0.80,0.90,0.97,0.17,0.32,0.51,0.33,0.39,0.42,0.00,0.00,0.00,0.03,0.09,0.17,0.00,0.00,0.00,0.05,0.17,0.33,330193,391995,573941,384507,478389,605389,0,149985385,749926925,0,187479805,749916602,0,442575,0,496.37,509.45,517.75
525,1,95,99,100,26665,26665,26665,70614,70614,70614,591,591,591,0.83,0.90,0.99,0.21,0.31,0.44,0.32,0.37,0.43,0.00,0.00,0.00,0.02,0.08,0.11,0.00,0.00,0.00,0.08,0.17,0.31,487469,772006,1383649,537264,858831,1416842,0,229681583,640720413,0,229681583,640715171,0,448647,0,498.93,510.37,519.80
525,2,100,100,100,26822,26822,26822,70457,70457,70457,591,591,591,0.79,0.87,0.99,0.21,0.31,0.46,0.28,0.35,0.43,0.00,0.00,0.00,0.02,0.07,0.12,0.00,0.00,0.00,0.08,0.14,0.30,20949,574631,1438753,170211,649304,1470202,0,280446487,761571259,0,280445963,761566018,0,385130,0,487.54,501.66,514.24
525,3,100,100,100,26903,26903,26903,70376,70376,70376,591,591,591,0.80,0.89,0.94,0.17,0.32,0.50,0.33,0.36,0.41,0.00,0.00,0.00,0.03,0.07,0.10,0.00,0.00,0.00,0.05,0.18,0.32,356416,422973,589636,411451,493731,605360,0,280457717,761588614,0,280457193,761596476,0,342409,0,497.20,510.48,520.59
526,0,99,99,100,26404,26404,26404,70875,70875,70875,591,591,591,0.81,0.86,0.90,0.19,0.22,0.25,0.33,0.36,0.40,0.00,0.00,0.00,0.08,0.09,0.10,0.00,0.00,0.00,0.07,0.08,0.11,328636,756438,1336529,382073,796113,1367977,427125407,607773577,677772181,427123660,607773671,677761493,0,391008,0,484.88,487.17,490.54
526,1,100,100,100,26665,26665,26665,70614,70614,70614,591,591,591,0.81,0.85,0.97,0.18,0.22,0.25,0.33,0.35,0.43,0.00,0.00,0.00,0.06,0.09,0.11,0.00,0.00,0.00,0.04,0.09,0.11,450697,665121,1147869,482141,707576,1197663,627873753,655140047,700289139,517093927,655145674,807076839,0,393564,0,486.83,491.10,498.14
526,2,99,99,100,26822,26822,26822,70457,70457,70457,591,591,591,0.81,0.86,0.92,0.18,0.22,0.25,0.33,0.36,0.41,0.00,0.00,0.00,0.07,0.09,0.11,0.00,0.00,0.00,0.05,0.08,0.11,330202,450760,833390,361659,488498,883183,640682845,655156301,664804143,640688086,655156301,664804143,0,387999,0,475.64,484.65,493.05
526,3,99,99,100,26903,26903,26903,70376,70376,70376,591,591,591,0.80,0.86,0.90,0.19,0.22,0.25,0.33,0.36,0.40,0.00,0.00,0.00,0.08,0.09,0.11,0.00,0.00,0.00,0.07,0.08,0.11,225379,550863,1291989,262069,592270,1344402,106915432,696271063,1305544336,0,696274610,1305541715,0,395859,0,483.63,488.43,494.00
527,0,99,99,100,26404,26404,26404,70875,70875,70875,591,591,591,0.80,0.84,0.90,0.17,0.22,0.25,0.33,0.36,0.41,0.00,0.00,0.00,0.07,0.09,0.11,0.00,0.00,0.00,0.05,0.09,0.11,330213,504734,670899,364262,546665,720692,0,783287693,1305509649,0,783289790,1305514891,0,387039,0,481.10,484.74,487.12
527,1,100,100,100,26665,26665,26665,70614,70614,70614,591,591,591,0.81,0.86,0.96,0.18,0.21,0.25,0.33,0.36,0.43,0.00,0.00,0.00,0.07,0.09,0.11,0.00,0.00,0.00,0.05,0.08,0.11,449475,578895,851734,498556,617014,901528,640586383,648408614,664823141,640589004,648406548,664815278,0,389975,0,483.72,487.17,490.52
527,2,99,99,100,26822,26822,26822,70457,70457,70457,591,591,591,0.81,0.85,0.90,0.19,0.22,0.25,0.32,0.35,0.39,0.00,0.00,0.00,0.08,0.09,0.11,0.00,0.00,0.00,0.06,0.08,0.11,319547,440781,629055,350977,484456,674487,110736151,570698194,796574454,184509613,575609743,747356120,0,398092,0,488.38,494.46,500.60
527,3,99,99,100,26903,26903,26903,70376,70376,70376,591,591,591,0.80,0.84,0.90,0.19,0.22,0.25,0.32,0.35,0.40,0.00,0.00,0.00,0.06,0.09,0.10,0.00,0.00,0.00,0.05,0.09,0.11,325990,458130,921206,343409,498655,968235,33840797,659601004,1305522106,0,660356855,1305527347,0,393904,0,489.31,494.81,498.13
528,0,100,100,100,26404,26404,26404,70875,70875,70875,591,591,591,0.63,0.82,0.90,0.20,0.23,0.32,0.19,0.34,0.40,0.00,0.00,0.00,0.04,0.08,0.10,0.00,0.00,0.00,0.07,0.09,0.10,340691,683071,1517781,393105,725506,1566834,106619719,645972163,1195711903,0,645840609,1195711903,0,432892,0,478.11,482.24,489.63
528,1,100,100,100,26665,26665,26665,70614,70614,70614,591,591,591,0.81,0.86,0.90,0.19,0.21,0.24,0.32,0.35,0.39,0.00,0.00,0.00,0.08,0.09,0.11,0.00,0.00,0.00,0.06,0.08,0.10,440272,837433,2082757,471720,902598,2140393,42443722,620929561,1305480456,0,612439769,1305469974,0,442209,0,487.46,491.05,499.11
528,2,99,99,100,26822,26822,26822,70457,70457,70457,591,591,591,0.81,0.88,0.98,0.18,0.21,0.25,0.32,0.37,0.44,0.00,0.00,0.00,0.07,0.09,0.11,0.00,0.00,0.00,0.05,0.09,0.15,9084,569517,1283998,95389,635055,1313858,608346451,753539862,1152257458,608338986,753542742,1152284712,0,297596,0,487.30,491.10,495.03
528,3,100,100,100,26903,26903,26903,70376,70376,70376,591,591,591,0.80,0.87,0.94,0.16,0.21,0.25,0.32,0.36,0.43,0.00,0.00,0.00,0.07,0.09,0.11,0.00,0.00,0.00,0.04,0.08,0.11,345948,466298,613187,395744,531466,723314,0,588365181,870322193,0,588363434,870323940,0,393895,0,488.02,490.34,492.92
529,0,100,100,100,26404,26404,26404,70875,70875,70875,591,591,591,0.89,0.92,0.93,0.16,0.24,0.27,0.26,0.30,0.42,0.00,0.00,0.00,0.08,0.09,0.11,0.00,0.00,0.00,0.04,0.13,0.16,335236,387839,566069,405949,473792,660414,0,494593028,765997176,0,446254218,765997176,0,409352,0,482.84,496.63,511.92
529,1,100,100,100,26665,26665,26665,70614,70614,70614,591,591,591,0.92,0.92,0.93,0.24,0.26,0.27,0.26,0.27,0.28,0.00,0.00,0.00,0.08,0.08,0.08,0.00,0.00,0.00,0.14,0.15,0.16,437650,725935,1336925,511028,798258,1394596,118021697,606348120,757046341,196874095,630612159,765990117,0,309296,0,494.72,505.27,514.70
529,2,100,100,100,26822,26822,26822,70457,70457,70457,591,591,591,0.83,0.91,0.95,0.23,0.26,0.27,0.24,0.27,0.29,0.00,0.00,0.00,0.07,0.08,0.09,0.00,0.00,0.00,0.13,0.15,0.16,332828,424545,733803,398346,501592,801942,0,591311845,766023887,0,591310273,766026508,0,412646,0,502.14,508.60,516.29
529,3,100,100,100,26903,26903,26903,70376,70376,70376,591,591,591,0.91,0.92,0.94,0.25,0.26,0.27,0.27,0.28,0.29,0.00,0.00,0.00,0.08,0.08,0.08,0.00,0.00,0.00,0.13,0.15,0.16,99586,452785,1150160,167724,521441,1223519,42096088,579825782,724682349,0,579828416,757054644,0,462696,0,496.71,507.73,517.53
530,0,83,95,100,26404,26404,26404,70875,70875,70875,591,591,591,0.74,0.86,0.96,0.26,0.29,0.32,0.27,0.29,0.33,0.00,0.00,0.00,0.06,0.07,0.08,0.00,0.00,0.00,0.15,0.19,0.24,366891,500309,838623,429781,614961,1071866,0,0,0,0,0,0,0,289425,0,493.53,501.64,511.98
530,1,84,94,100,26665,26665,26665,70614,70614,70614,591,591,591,0.64,0.84,0.94,0.23,0.29,0.37,0.19,0.28,0.41,0.00,0.00,0.00,0.05,0.07,0.09,0.00,0.00,0.00,0.14,0.18,0.25,453400,659378,1204034,487311,768784,1256383,0,0,0,0,0,0,0,381961,0,482.86,495.09,514.66
530,2,85,93,100,26822,26822,26822,70457,70457,70457,591,591,591,0.68,0.81,0.92,0.22,0.28,0.34,0.22,0.27,0.34,0.00,0.00,0.00,0.06,0.07,0.08,0.00,0.00,0.00,0.12,0.18,0.22,345627,443415,597494,476546,554731,663009,0,0,0,0,0,0,0,379363,0,484.11,489.52,498.65
530,3,80,95,100,26903,26903,26903,70376,70376,70376,591,591,591,0.67,0.83,0.96,0.26,0.29,0.33,0.24,0.28,0.35,0.00,0.00,0.00,0.05,0.07,0.11,0.00,0.00,0.00,0.15,0.18,0.23,359030,431526,602753,497925,540849,618477,0,0,0,0,0,0,0,391197,0,487.53,497.96,517.62
531,0,97,99,100,26404,26404,26404,70875,70875,70875,591,591,591,0.95,0.97,0.98,0.27,0.30,0.31,0.25,0.36,0.43,0.00,0.00,0.00,0.11,0.15,0.18,0.00,0.00,0.00,0.07,0.11,0.15,353795,511131,615836,400968,554795,657766,0,0,0,0,0,0,0,465322,0,492.36,501.58,513.43
531,1,99,99,100,26665,26665,26665,70614,70614,70614,591,591,591,0.95,0.97,0.98,0.27,0.30,0.31,0.25,0.38,0.42,0.00,0.00,0.00,0.11,0.16,0.18,0.00,0.00,0.00,0.07,0.10,0.16,400077,561648,833393,443753,601270,880566,0,0,0,0,0,0,0,460250,0,482.59,498.22,513.10
531,2,99,99,99,26822,26822,26822,70457,70457,70457,591,591,591,0.95,0.97,0.98,0.28,0.30,0.31,0.25,0.37,0.42,0.00,0.00,0.00,0.11,0.15,0.17,0.00,0.00,0.00,0.08,0.10,0.13,361656,769576,1426831,400967,807695,1471968,0,0,0,0,0,0,0,418059,0,489.11,512.51,526.11
531,3,98,99,100,26903,26903,26903,70376,70376,70376,591,591,591,0.95,0.97,0.98,0.28,0.30,0.31,0.29,0.39,0.43,0.00,0.00,0.00,0.13,0.16,0.18,0.00,0.00,0.00,0.08,0.10,0.14,343307,486594,694479,390309,528351,733789,0,0,0,0,0,0,0,420160,0,490.85,506.81,523.02
532,0,100,100,100,26404,26404,26404,70875,70875,70875,591,591,591,0.81,0.90,0.94,0.16,0.34,0.50,0.31,0.38,0.43,0.00,0.00,0.00,0.03,0.09,0.17,0.00,0.00,0.00,0.04,0.18,0.35,332827,887504,1810975,382620,975985,1978706,0,152317736,761586062,0,280455189,761572958,0,395905,0,504.01,513.28,520.10
532,1,100,100,100,26665,26665,26665,70614,70614,70614,591,591,591,0.81,0.89,0.98,0.20,0.32,0.46,0.33,0.36,0.42,0.00,0.00,0.00,0.03,0.08,0.10,0.00,0.00,0.00,0.08,0.18,0.32,476970,951707,1818280,513634,1039747,1996440,0,280454335,761587764,0,280456956,761590385,0,397847,0,506.96,515.57,520.08
532,2,99,99,100,26822,26822,26822,70457,70457,70457,591,591,591,0.78,0.90,0.97,0.18,0.32,0.43,0.28,0.37,0.41,0.00,0.00,0.00,0.02,0.08,0.15,0.00,0.00,0.00,0.05,0.16,0.28,332812,472213,686606,429598,558687,718054,0,152323911,761614319,0,152322863,761614319,0,405516,0,499.23,511.48,524.66
532,3,99,99,100,26903,26903,26903,70376,70376,70376,591,591,591,0.81,0.89,0.99,0.22,0.31,0.46,0.33,0.36,0.43,0.00,0.00,0.00,0.03,0.08,0.11,0.00,0.00,0.00,0.09,0.17,0.31,144135,422452,576548,199169,514176,725927,0,280452673,761576613,0,280453721,761587096,0,343761,0,496.11,510.12,525.11
533,0,100,100,100,26404,26404,26404,70875,70875,70875,591,591,591,0.80,0.86,0.97,0.18,0.21,0.24,0.33,0.36,0.43,0.00,0.00,0.00,0.06,0.09,0.12,0.00,0.00,0.00,0.04,0.08,0.11,408820,598034,759979,442889,639440,801909,427115611,607613440,664792264,427119105,740568982,1305474589,0,443757,0,486.44,489.90,492.59
533,1,100,100,100,26665,26665,26665,70614,70614,70614,591,591,591,0.81,0.88,0.97,0.17,0.21,0.24,0.33,0.38,0.44,0.00,0.00,0.00,0.07,0.10,0.11,0.00,0.00,0.00,0.04,0.08,0.11,466482,639447,856939,497930,679805,906731,0,522204485,1305560949,0,522201864,1305547845,0,389068,0,485.05,490.75,493.84
533,2,99,99,100,26822,26822,26822,70457,70457,70457,591,591,591,0.81,0.85,0.90,0.17,0.22,0.25,0.33,0.35,0.40,0.00,0.00,0.00,0.07,0.09,0.11,0.00,0.00,0.00,0.05,0.09,0.11,317071,414584,566068,348516,458086,621102,640636763,650318898,664800178,640623661,650319947,664810661,0,388076,0,486.43,493.46,506.40
533,3,100,100,100,26903,26903,26903,70376,70376,70376,591,591,591,0.80,0.86,0.90,0.19,0.21,0.25,0.32,0.37,0.40,0.00,0.00,0.00,0.08,0.09,0.11,0.00,0.00,0.00,0.06,0.08,0.11,330143,625812,1341821,385167,667741,1373270,640577955,655130334,664812506,640575335,655129810,664809886,0,391211,0,486.89,491.41,496.55
534,0,100,100,100,26404,26404,26404,70875,70875,70875,591,591,591,0.81,0.85,0.90,0.16,0.22,0.25,0.32,0.36,0.41,0.00,0.00,0.00,0.07,0.09,0.10,0.00,0.00,0.00,0.04,0.09,0.11,138057,556499,1350553,179735,597486,1363391,0,785170458,1305501505,0,655095785,1305501505,0,393678,0,483.70,487.11,490.20
534,1,100,100,100,26665,26665,26665,70614,70614,70614,591,591,591,0.80,0.85,0.94,0.16,0.22,0.24,0.32,0.36,0.43,0.00,0.00,0.00,0.06,0.09,0.11,0.00,0.00,0.00,0.04,0.08,0.11,294343,949381,2230261,325508,988634,2280055,640695201,694690283,862501872,640697822,694691491,862510529,0,298157,0,483.52,485.27,487.40
534,2,99,99,100,26822,26822,26822,70457,70457,70457,591,591,591,0.81,0.85,0.90,0.19,0.22,0.25,0.32,0.35,0.39,0.00,0.00,0.00,0.08,0.09,0.10,0.00,0.00,0.00,0.06,0.08,0.11,319745,570664,838068,353817,615323,888402,638424374,649874580,664799722,638429408,649874539,664810205,0,345525,0,488.53,492.18,497.89
534,3,99,99,100,26903,26903,26903,70376,70376,70376,591,591,591,0.81,0.85,0.90,0.20,0.22,0.25,0.33,0.36,0.39,0.00,0.00,0.00,0.07,0.09,0.10,0.00,0.00,0.00,0.08,0.09,0.11,379997,535549,775710,414066,574835,821944,432934087,603958585,700457142,432934087,603957262,664822465,0,390326,0,488.24,494.89,498.84
535,0,99,99,100,26404,26404,26404,70875,70875,70875,591,591,591,0.81,0.85,0.96,0.17,0.22,0.24,0.33,0.36,0.43,0.00,0.00,0.00,0.06,0.09,0.11,0.00,0.00,0.00,0.04,0.09,0.11,324960,455302,783425,356408,495265,830587,0,652677072,1305220303,0,522141657,1305228163,0,295507,0,491.40,495.64,501.19
535,1,99,99,100,26665,26665,26665,70614,70614,70614,591,591,591,0.80,0.87,0.98,0.18,0.21,0.24,0.33,0.37,0.45,0.00,0.00,0.00,0.07,0.09,0.12,0.00,0.00,0.00,0.05,0.08,0.11,461242,1134750,2494894,492690,1176680,2552549,640689916,652737431,664796130,640691863,652736776,664793509,0,389864,0,485.34,490.26,493.41
535,2,100,100,100,26822,26822,26822,70457,70457,70457,591,591,591,0.81,0.88,0.96,0.17,0.21,0.25,0.32,0.37,0.44,0.00,0.00,0.00,0.08,0.09,0.11,0.00,0.00,0.00,0.05,0.08,0.11,218391,429350,851765,255080,466694,901560,514380899,748604197,1305551437,462754828,742674565,1305551437,0,389311,0,489.66,492.87,499.53
535,3,99,99,100,26903,26903,26903,70376,70376,70376,591,591,591,0.81,0.85,0.90,0.18,0.21,0.25,0.33,0.36,0.40,0.00,0.00,0.00,0.08,0.09,0.11,0.00,0.00,0.00,0.05,0.08,0.11,144136,553617,1252679,175584,593582,1302471,640685099,652741228,664800384,640683196,652742539,664800384,0,443489,0,488.44,492.20,496.16
536,0,100,100,100,26404,26404,26404,70875,70875,70875,591,591,591,0.82,0.92,0.98,0.18,0.23,0.27,0.23,0.31,0.45,0.00,0.00,0.00,0.07,0.08,0.12,0.00,0.00,0.00,0.05,0.11,0.17,319723,533045,888423,353792,613412,988010,36988310,528836655,766012144,504696263,673805492,766014765,0,407025,0,493.79,497.39,506.72
536,1,99,99,100,26665,26665,26665,70614,70614,70614,591,591,591,0.81,0.89,0.93,0.21,0.25,0.27,0.27,0.29,0.33,0.00,0.00,0.00,0.08,0.08,0.09,0.00,0.00,0.00,0.10,0.14,0.16,456004,586422,804364,521522,678687,880487,0,574728896,766000559,0,574728896,766003179,0,463322,0,489.44,499.44,508.64
536,2,100,100,100,26822,26822,26822,70457,70457,70457,591,591,591,0.82,0.89,0.92,0.19,0.24,0.27,0.26,0.30,0.36,0.00,0.00,0.00,0.07,0.08,0.09,0.00,0.00,0.00,0.07,0.14,0.16,322343,384177,576711,372136,469080,639625,0,579251004,765570513,0,579251528,765575752,0,465416,0,483.30,497.10,511.44
536,3,100,100,100,26903,26903,26903,70376,70376,70376,591,591,591,0.84,0.90,0.94,0.19,0.24,0.26,0.25,0.30,0.39,0.00,0.00,0.00,0.07,0.08,0.11,0.00,0.00,0.00,0.06,0.13,0.16,318683,880414,1388276,384969,968378,1516626,0,577036926,765545989,0,577037466,765535512,0,410799,0,495.43,501.91,512.41
537,0,3,61,100,26404,26404,26404,70875,70875,70875,591,591,591,0.00,0.40,0.92,0.00,0.16,0.27,0.00,0.18,0.28,0.00,0.00,0.00,0.00,0.05,0.08,0.00,0.00,0.00,0.00,0.10,0.16,335436,1175926,3263622,398097,1527862,4196086,0,484318906,724853873,0,339348130,708940255,0,258926,0,341.04,454.74,512.92
537,1,4,44,100,26665,26665,26665,70614,70614,70614,591,591,591,0.00,0.49,0.95,0.00,0.14,0.26,0.00,0.15,0.28,0.00,0.00,0.00,0.00,0.04,0.08,0.00,0.00,0.00,0.00,0.08,0.15,188690,1712722,2593253,254208,2147238,3599122,0,418389501,724895777,0,418389851,724885294,0,198105,0,312.02,436.46,517.50
537,2,4,42,100,26820,26821,26822,70457,70457,70459,591,591,591,0.00,0.63,0.94,0.00,0.18,0.27,0.00,0.18,0.28,0.00,0.00,0.00,0.00,0.05,0.09,0.00,0.00,0.00,0.00,0.07,0.16,322345,1195478,2883362,400966,1483757,3837492,0,481313381,972967821,0,481313371,972972979,0,179086,0,316.39,439.27,514.90
537,3,4,61,100,26903,26903,26903,70376,70376,70376,591,591,591,0.00,0.52,0.91,0.00,0.15,0.27,0.00,0.15,0.27,0.00,0.00,0.00,0.00,0.04,0.08,0.00,0.00,0.00,0.00,0.09,0.17,337981,1545712,3675041,356322,1948447,4585949,0,488514257,988340447,0,488514826,988348307,0,159676,0,336.34,454.15,516.50
538,0,0,2,4,26391,26396,26404,70875,70882,70888,591,591,591,0.00,0.00,0.00,0.00,0.00,0.00,0.00,0.00,0.00,0.00,0.00,0.00,0.00,0.00,0.00,0.00,0.00,0.00,0.00,0.00,0.00,427218,1901271,2616925,492742,2613324,3636991,0,0,0,0,0,0,0,112568,0,139.84,167.83,268.49
538,1,0,2,13,26665,26665,26665,70614,70614,70614,591,591,591,0.00,0.00,0.00,0.00,0.00,0.00,0.00,0.00,0.00,0.00,0.00,0.00,0.00,0.00,0.00,0.00,0.00,0.00,0.00,0.00,0.00,369564,513693,830794,382669,533088,843898,0,0,0,0,0,0,0,119430,0,148.97,170.94,239.89
538,2,0,5,13,26823,26823,26823,70457,70457,70457,591,591,591,0.00,0.00,0.00,0.00,0.00,0.00,0.00,0.00,0.00,0.00,0.00,0.00,0.00,0.00,0.00,0.00,0.00,0.00,0.00,0.00,0.00,285676,673614,2096943,293539,848745,2922800,0,0,0,0,0,0,0,104142,0,130.99,159.55,236.84
538,3,0,2,8,26903,26903,26903,70376,70376,70376,591,591,591,0.00,0.00,0.00,0.00,0.00,0.00,0.00,0.00,0.00,0.00,0.00,0.00,0.00,0.00,0.00,0.00,0.00,0.00,0.00,0.00,0.00,537310,1406243,2882478,550415,1743822,3870657,0,0,0,0,0,0,0,108363,0,135.07,157.41,226.23
539,0,0,1,3,26387,26389,26391,70888,70889,70892,591,591,591,0.00,0.00,0.00,0.00,0.00,0.00,0.00,0.00,0.00,0.00,0.00,0.00,0.00,0.00,0.00,0.00,0.00,0.00,0.00,0.00,0.00,306643,462838,885888,319747,483803,898993,0,524,2620,0,0,0,0,112414,0,139.27,139.57,139.81
539,1,0,23,100,26665,26665,26665,70614,70614,70614,591,591,591,0.00,0.00,0.01,0.00,0.00,0.00,0.00,0.00,0.00,0.00,0.00,0.00,0.00,0.00,0.00,0.00,0.00,0.00,0.00,0.00,0.00,416708,537720,864779,429812,551870,880502,0,0,0,0,524,2620,0,118286,0,147.98,148.40,148.86
539,2,0,29,100,26823,26823,26823,70457,70457,70457,591,591,591,0.00,0.00,0.01,0.00,0.00,0.00,0.00,0.00,0.00,0.00,0.00,0.00,0.00,0.00,0.00,0.00,0.00,0.00,0.00,0.00,0.00,306616,376353,618507,319720,390506,634232,0,0,0,0,0,0,0,117422,0,130.30,130.46,130.59
539,3,0,3,13,26903,26903,26903,70376,70376,70376,591,591,591,0.00,0.00,0.00,0.00,0.00,0.00,0.00,0.00,0.00,0.00,0.00,0.00,0.00,0.00,0.00,0.00,0.00,0.00,0.00,0.00,0.00,306132,326407,393157,321567,340544,408883,0,0,0,0,0,0,0,107877,0,134.36,134.62,134.88
540,0,0,1,7,26387,26387,26387,70892,70892,70892,591,591,591,0.00,0.00,0.00,0.00,0.00,0.00,0.00,0.00,0.00,0.00,0.00,0.00,0.00,0.00,0.00,0.00,0.00,0.00,0.00,0.00,0.00,322367,396804,639526,335471,416548,662242,0,0,0,0,0,0,0,123928,0,137.19,138.39,139.37
540,1,100,100,100,26665,26665,26665,70614,70614,70614,591,591,591,0.01,0.01,0.01,0.00,0.00,0.00,0.00,0.00,0.00,0.00,0.00,0.00,0.00,0.00,0.00,0.00,0.00,0.00,0.00,0.00,0.00,220155,700820,1808437,230639,713400,1821541,0,0,0,0,0,0,0,116928,0,146.18,146.82,147.63
540,2,100,100,100,26823,26823,26823,70457,70457,70457,591,591,591,0.01,0.01,0.01,0.00,0.00,0.00,0.00,0.00,0.00,0.00,0.00,0.00,0.00,0.00,0.00,0.00,0.00,0.00,0.00,0.00,0.00,317130,577130,1250190,330235,590759,1263295,0,0,0,0,0,0,0,77817,0,129.63,129.87,130.09
540,3,100,100,100,26903,26903,26903,70376,70376,70376,591,591,591,0.00,0.01,0.01,0.00,0.00,0.00,0.00,0.00,0.00,0.00,0.00,0.00,0.00,0.00,0.00,0.00,0.00,0.00,0.00,0.00,0.00,298790,316612,345973,314516,330241,359079,0,0,0,0,0,0,0,106789,0,133.36,133.82,134.33
541,0,0,1,7,26387,26387,26387,70892,70892,70892,591,591,591,0.00,0.00,0.00,0.00,0.00,0.00,0.00,0.00,0.00,0.00,0.00,0.00,0.00,0.00,0.00,0.00,0.00,0.00,0.00,0.00,0.00,152020,512927,1166269,159883,525466,1179373,0,0,0,0,0,0,0,110200,0,137.13,137.27,137.35
541,1,100,100,100,26665,26665,26665,70614,70614,70614,591,591,591,0.01,0.01,0.01,0.00,0.00,0.00,0.00,0.00,0.00,0.00,0.00,0.00,0.00,0.00,0.00,0.00,0.00,0.00,0.00,0.00,0.00,424565,510206,648250,440289,524184,660482,0,0,0,0,0,0,0,87639,0,145.76,145.87,146.04
541,2,100,100,100,26823,26823,26823,70457,70457,70457,591,591,591,0.01,0.01,0.01,0.00,0.00,0.00,0.00,0.00,0.00,0.00,0.00,0.00,0.00,0.00,0.00,0.00,0.00,0.00,0.00,0.00,0.00,296287,328163,416732,309169,342271,432458,0,0,0,0,0,0,0,103558,0,129.21,129.37,129.50
541,3,100,100,100,26903,26903,26903,70376,70376,70376,591,591,591,0.01,0.01,0.01,0.00,0.00,0.00,0.00,0.00,0.00,0.00,0.00,0.00,0.00,0.00,0.00,0.00,0.00,0.00,0.00,0.00,0.00,317145,550395,1307851,330250,563500,1320955,0,0,0,0,0,0,0,106547,0,133.02,133.09,133.20
542,0,0,3,13,26387,26387,26387,70892,70892,70892,591,591,591,0.00,0.00,0.00,0.00,0.00,0.00,0.00,0.00,0.00,0.00,0.00,0.00,0.00,0.00,0.00,0.00,0.00,0.00,0.00,0.00,0.00,301573,328078,369555,317586,341717,382660,0,0,0,0,0,0,0,110073,0,137.17,137.35,137.76
542,1,100,100,100,26665,26665,26665,70614,70614,70614,591,591,591,0.01,0.01,0.01,0.00,0.00,0.00,0.00,0.00,0.00,0.00,0.00,0.00,0.00,0.00,0.00,0.00,0.00,0.00,0.00,0.00,0.00,416725,441890,500603,429829,455519,513708,0,0,0,0,0,0,0,116802,0,145.77,145.82,145.88
542,2,100,100,100,26823,26823,26823,70457,70457,70457,591,591,591,0.01,0.01,0.01,0.00,0.00,0.00,0.00,0.00,0.00,0.00,0.00,0.00,0.00,0.00,0.00,0.00,0.00,0.00,0.00,0.00,0.00,206179,360465,594958,218410,373395,610684,0,0,0,0,0,0,0,103543,0,129.24,129.29,129.35
542,3,100,100,100,26903,26903,26903,70376,70376,70376,591,591,591,0.01,0.01,0.01,0.00,0.00,0.00,0.00,0.00,0.00,0.00,0.00,0.00,0.00,0.00,0.00,0.00,0.00,0.00,0.00,0.00,0.00,306651,331813,361692,319756,345966,377418,0,0,0,0,0,0,0,106669,0,133.19,133.21,133.24
543,0,0,0,1,26387,26387,26387,70892,70892,70892,591,591,591,0.00,0.00,0.00,0.00,0.00,0.00,0.00,0.00,0.00,0.00,0.00,0.00,0.00,0.00,0.00,0.00,0.00,0.00,0.00,0.00,0.00,311896,444893,765328,325001,557594,1140129,0,0,0,0,0,0,0,82175,0,136.99,137.17,137.36
543,1,34,83,100,26665,26665,26665,70614,70614,70614,591,591,591,0.00,0.01,0.01,0.00,0.00,0.00,0.00,0.00,0.00,0.00,0.00,0.00,0.00,0.00,0.00,0.00,0.00,0.00,0.00,0.00,0.00,411479,445554,492722,427204,550389,867506,0,0,0,0,0,0,0,116700,0,145.78,145.81,145.84
543,2,23,80,100,26823,26823,26823,70457,70457,70457,591,591,591,0.01,0.01,0.01,0.00,0.00,0.00,0.00,0.00,0.00,0.00,0.00,0.00,0.00,0.00,0.00,0.00,0.00,0.00,0.00,0.00,0.00,298763,321714,361694,309246,425243,736494,0,0,0,0,0,0,0,103365,0,129.02,129.13,129.20
543,3,0,75,100,26903,26903,26903,70376,70376,70376,591,591,591,0.00,0.01,0.01,0.00,0.00,0.00,0.00,0.00,0.00,0.00,0.00,0.00,0.00,0.00,0.00,0.00,0.00,0.00,0.00,0.00,0.00,298790,350706,484882,314515,455426,846577,0,0,0,0,0,0,0,106503,0,132.94,133.01,133.05
544,0,0,0,0,26979,27279,27355,69924,69998,70298,591,591,591,0.00,0.00,0.00,0.00,0.00,0.00,0.00,0.00,0.00,0.00,0.00,0.00,0.00,0.00,0.00,0.00,0.00,0.00,0.00,0.00,0.00,298787,379836,625391,309271,861400,1590937,0,0,0,0,0,0,0,108756,0,135.46,135.94,136.68
544,1,0,0,0,27233,27553,27633,69646,69730,70070,591,591,591,0.00,0.00,0.00,0.00,0.00,0.00,0.00,0.00,0.00,0.00,0.00,0.00,0.00,0.00,0.00,0.00,0.00,0.00,0.00,0.00,0.00,380030,497495,670971,424586,979601,2568397,0,0,0,0,0,0,0,130948,0,145.15,145.37,145.66
544,2,0,0,0,27437,27720,27791,69489,69559,69841,591,591,591,0.00,0.00,0.00,0.00,0.00,0.00,0.00,0.00,0.00,0.00,0.00,0.00,0.00,0.00,0.00,0.00,0.00,0.00,0.00,0.00,0.00,311890,596515,1399539,432450,1076670,1659047,0,0,0,0,0,0,0,103387,0,128.90,128.95,128.99
544,3,0,0,0,27461,27789,27871,69408,69492,69832,591,591,591,0.00,0.00,0.00,0.00,0.00,0.00,0.00,0.00,0.00,0.00,0.00,0.00,0.00,0.00,0.00,0.00,0.00,0.00,0.00,0.00,0.00,308942,354810,490118,322033,838633,1860857,0,0,0,0,0,0,0,79815,0,132.61,132.76,132.90
545,0,0,0,0,27355,27363,27369,69910,69915,69924,591,591,591,0.00,0.00,0.00,0.00,0.00,0.00,0.00,0.00,0.00,0.00,0.00,0.00,0.00,0.00,0.00,0.00,0.00,0.00,0.00,0.00,0.00,152017,638991,1244959,157259,673588,1260685,0,0,0,0,0,0,0,109135,0,135.87,136.19,136.38
545,1,0,0,0,27633,27633,27633,69646,69646,69646,591,591,591,0.00,0.00,0.00,0.00,0.00,0.00,0.00,0.00,0.00,0.00,0.00,0.00,0.00,0.00,0.00,0.00,0.00,0.00,0.00,0.00,0.00,429832,852854,2005029,442936,888499,2091520,0,0,0,0,0,0,0,116224,0,145.06,145.10,145.15
545,2,0,0,0,27791,27791,27791,69489,69489,69489,591,591,591,0.00,0.00,0.00,0.00,0.00,0.00,0.00,0.00,0.00,0.00,0.00,0.00,0.00,0.00,0.00,0.00,0.00,0.00,0.00,0.00,0.00,304034,451861,833998,317138,491665,954639,0,0,0,0,0,0,0,103355,0,128.94,129.01,129.13
545,3,0,0,0,27871,27871,27871,69408,69408,69408,591,591,591,0.00,0.00,0.00,0.00,0.00,0.00,0.00,0.00,0.00,0.00,0.00,0.00,0.00,0.00,0.00,0.00,0.00,0.00,0.00,0.00,0.00,324524,625783,1271148,337609,660899,1286873,0,0,0,0,0,0,0,119440,0,132.55,132.60,132.62
546,0,0,0,0,27369,27369,27369,69910,69910,69910,591,591,591,0.00,0.00,0.00,0.00,0.00,0.00,0.00,0.00,0.00,0.00,0.00,0.00,0.00,0.00,0.00,0.00,0.00,0.00,0.00,0.00,0.00,0,313454,611679,403628,2094279,3808311,0,0,0,0,0,0,0,122488,0,135.62,135.82,136.28
546,1,0,0,0,27633,79861,97271,8,17417,69646,591,591,591,0.00,0.00,0.00,0.00,0.00,0.00,0.00,0.00,0.00,0.00,0.00,0.00,0.00,0.00,0.00,0.00,0.00,0.00,0.00,0.00,0.00,372166,1175355,1851808,403616,2354751,5027531,0,0,0,0,0,0,0,134265,0,145.35,147.55,149.04
546,2,0,0,0,27791,27791,27791,69489,69489,69489,591,591,591,0.00,0.00,0.00,0.00,0.00,0.00,0.00,0.00,0.00,0.00,0.00,0.00,0.00,0.00,0.00,0.00,0.00,0.00,0.00,0.00,0.00,172981,458642,982865,361592,1553673,3300284,0,0,0,0,0,0,0,90368,0,128.90,128.94,128.98
546,3,0,0,0,27871,79919,97269,10,17359,69408,591,591,591,0.00,0.00,0.00,0.00,0.00,0.00,0.00,0.00,0.00,0.00,0.00,0.00,0.00,0.00,0.00,0.00,0.00,0.00,0.00,0.00,0.00,306631,901843,1737028,319735,2207358,4636973,0,0,0,0,0,0,0,95860,0,132.62,134.83,136.47
547,0,0,2,9,97267,97268,97269,10,10,12,591,591,591,0.00,0.00,0.00,0.00,0.00,0.00,0.00,0.00,0.00,0.00,0.00,0.00,0.00,0.00,0.00,0.00,0.00,0.00,0.00,0.00,0.00,656395,1574805,3362568,2547622,4411707,6114475,0,0,0,0,0,0,0,83733,0,136.88,138.01,139.16
547,1,0,0,0,97271,97272,97273,6,6,8,591,591,591,0.00,0.00,0.00,0.00,0.00,0.00,0.00,0.00,0.00,0.00,0.00,0.00,0.00,0.00,0.00,0.00,0.00,0.00,0.00,0.00,0.00,290055,622252,1355026,2044363,3124771,5304577,0,0,0,0,0,0,0,74353,0,148.49,148.62,148.82
547,2,0,1,6,27791,62531,97271,9,34748,69489,591,591,591,0.00,0.00,0.00,0.00,0.00,0.00,0.00,0.00,0.00,0.00,0.00,0.00,0.00,0.00,0.00,0.00,0.00,0.00,0.00,0.00,0.00,104836,1237822,2668084,2128212,3834083,6038571,0,0,0,0,0,0,0,105998,0,129.69,130.75,131.80
547,3,0,0,0,97269,97270,97271,8,8,10,591,591,591,0.00,0.00,0.00,0.00,0.00,0.00,0.00,0.00,0.00,0.00,0.00,0.00,0.00,0.00,0.00,0.00,0.00,0.00,0.00,0.00,0.00,227149,569116,1079654,1745553,3104850,3915610,0,0,0,0,0,0,0,98350,0,127.63,134.57,136.93
