timestamp,gpuId,DCGM_FI_DEV_GPU_UTIL_min,DCGM_FI_DEV_GPU_UTIL_avg,DCGM_FI_DEV_GPU_UTIL_max,DCGM_FI_DEV_FB_FREE_min,DCGM_FI_DEV_FB_FREE_avg,DCGM_FI_DEV_FB_FREE_max,DCGM_FI_DEV_FB_USED_min,DCGM_FI_DEV_FB_USED_avg,DCGM_FI_DEV_FB_USED_max,DCGM_FI_DEV_FB_RESERVED_min,DCGM_FI_DEV_FB_RESERVED_avg,DCGM_FI_DEV_FB_RESERVED_max,DCGM_FI_PROF_SM_ACTIVE_min,DCGM_FI_PROF_SM_ACTIVE_avg,DCGM_FI_PROF_SM_ACTIVE_max,DCGM_FI_PROF_SM_OCCUPANCY_min,DCGM_FI_PROF_SM_OCCUPANCY_avg,DCGM_FI_PROF_SM_OCCUPANCY_max,DCGM_FI_PROF_PIPE_TENSOR_ACTIVE_min,DCGM_FI_PROF_PIPE_TENSOR_ACTIVE_avg,DCGM_FI_PROF_PIPE_TENSOR_ACTIVE_max,DCGM_FI_PROF_PIPE_FP64_ACTIVE_min,DCGM_FI_PROF_PIPE_FP64_ACTIVE_avg,DCGM_FI_PROF_PIPE_FP64_ACTIVE_max,DCGM_FI_PROF_PIPE_FP32_ACTIVE_min,DCGM_FI_PROF_PIPE_FP32_ACTIVE_avg,DCGM_FI_PROF_PIPE_FP32_ACTIVE_max,DCGM_FI_PROF_PIPE_FP16_ACTIVE_min,DCGM_FI_PROF_PIPE_FP16_ACTIVE_avg,DCGM_FI_PROF_PIPE_FP16_ACTIVE_max,DCGM_FI_PROF_DRAM_ACTIVE_min,DCGM_FI_PROF_DRAM_ACTIVE_avg,DCGM_FI_PROF_DRAM_ACTIVE_max,DCGM_FI_PROF_PCIE_TX_BYTES_min,DCGM_FI_PROF_PCIE_TX_BYTES_avg,DCGM_FI_PROF_PCIE_TX_BYTES_max,DCGM_FI_PROF_PCIE_RX_BYTES_min,DCGM_FI_PROF_PCIE_RX_BYTES_avg,DCGM_FI_PROF_PCIE_RX_BYTES_max,DCGM_FI_PROF_NVLINK_RX_BYTES_min,DCGM_FI_PROF_NVLINK_RX_BYTES_avg,DCGM_FI_PROF_NVLINK_RX_BYTES_max,DCGM_FI_PROF_NVLINK_TX_BYTES_min,DCGM_FI_PROF_NVLINK_TX_BYTES_avg,DCGM_FI_PROF_NVLINK_TX_BYTES_max,DCGM_FI_DEV_TOTAL_ENERGY_CONSUMPTION_min,DCGM_FI_DEV_TOTAL_ENERGY_CONSUMPTION_avg,DCGM_FI_DEV_TOTAL_ENERGY_CONSUMPTION_max,DCGM_FI_DEV_POWER_USAGE_min,DCGM_FI_DEV_POWER_USAGE_avg,DCGM_FI_DEV_POWER_USAGE_max
1,0,0,0,0,97267,97267,97267,12,12,12,591,591,591,0.00,0.00,0.00,0.00,0.00,0.00,0.00,0.00,0.00,0.00,0.00,0.00,0.00,0.00,0.00,0.00,0.00,0.00,0.00,0.00,0.00,289266,481361,673457,295800,495110,694420,0,0,0,0,0,0,0,18170,0,90.70,90.72,90.73
1,1,0,0,0,97272,97272,97272,7,7,7,591,591,591,0.00,0.00,0.00,0.00,0.00,0.00,0.00,0.00,0.00,0.00,0.00,0.00,0.00,0.00,0.00,0.00,0.00,0.00,0.00,0.00,0.00,317075,671478,1025881,335418,691487,1047556,0,0,0,0,0,0,0,20137,0,100.38,100.43,100.49
1,2,0,0,0,97274,97274,97274,5,5,5,591,591,591,0.00,0.00,0.00,0.00,0.00,0.00,0.00,0.00,0.00,0.00,0.00,0.00,0.00,0.00,0.00,0.00,0.00,0.00,0.00,0.00,0.00,229853,280014,330176,234937,293038,351139,0,0,0,0,0,0,0,17689,0,88.72,88.78,88.83
1,3,0,0,0,97272,97272,97272,7,7,7,591,591,591,0.00,0.00,0.00,0.00,0.00,0.00,0.00,0.00,0.00,0.00,0.00,0.00,0.00,0.00,0.00,0.00,0.00,0.00,0.00,0.00,0.00,374726,841747,1308769,393070,861401,1329732,0,0,0,0,0,0,0,18845,0,94.00,94.01,94.02
2,0,0,0,0,97267,97267,97267,12,12,12,591,591,591,0.00,0.00,0.00,0.00,0.00,0.00,0.00,0.00,0.00,0.00,0.00,0.00,0.00,0.00,0.00,0.00,0.00,0.00,0.00,0.00,0.00,423125,577371,964342,441871,595635,980065,0,0,0,0,0,0,0,72936,0,90.75,90.86,90.94
2,1,0,0,0,97272,97272,97272,7,7,7,591,591,591,0.00,0.00,0.00,0.00,0.00,0.00,0.00,0.00,0.00,0.00,0.00,0.00,0.00,0.00,0.00,0.00,0.00,0.00,0.00,0.00,0.00,322284,378394,469078,343245,397261,484802,0,0,0,0,0,0,0,60440,0,100.51,100.53,100.58
2,2,0,0,0,97274,97274,97274,5,5,5,591,591,591,0.00,0.00,0.00,0.00,0.00,0.00,0.00,0.00,0.00,0.00,0.00,0.00,0.00,0.00,0.00,0.00,0.00,0.00,0.00,0.00,0.00,272522,469065,985304,290865,487408,1003647,0,0,0,0,0,0,0,62348,0,88.53,88.59,88.65
2,3,0,0,0,97272,97272,97272,7,7,7,591,591,591,0.00,0.00,0.00,0.00,0.00,0.00,0.00,0.00,0.00,0.00,0.00,0.00,0.00,0.00,0.00,0.00,0.00,0.00,0.00,0.00,0.00,0,389918,872612,18343,408261,888335,0,0,0,0,0,0,0,65939,0,94.11,94.17,94.25
3,0,0,0,0,97267,97267,97267,12,12,12,591,591,591,0.00,0.00,0.00,0.00,0.00,0.00,0.00,0.00,0.00,0.00,0.00,0.00,0.00,0.00,0.00,0.00,0.00,0.00,0.00,0.00,0.00,413986,469577,568639,434948,488444,589603,0,0,0,0,0,0,0,72793,0,90.81,90.86,90.94
3,1,0,0,0,97272,97272,97272,7,7,7,591,591,591,0.00,0.00,0.00,0.00,0.00,0.00,0.00,0.00,0.00,0.00,0.00,0.00,0.00,0.00,0.00,0.00,0.00,0.00,0.00,0.00,0.00,117897,426573,1092738,138857,444839,1111081,0,0,0,0,0,0,0,90760,0,100.48,100.52,100.57
3,2,0,0,0,97274,97274,97274,5,5,5,591,591,591,0.00,0.00,0.00,0.00,0.00,0.00,0.00,0.00,0.00,0.00,0.00,0.00,0.00,0.00,0.00,0.00,0.00,0.00,0.00,0.00,0.00,327560,476916,560782,345903,494910,584367,0,0,0,0,0,0,0,71030,0,88.62,88.64,88.68
3,3,0,0,0,97272,97272,97272,7,7,7,591,591,591,0.00,0.00,0.00,0.00,0.00,0.00,0.00,0.00,0.00,0.00,0.00,0.00,0.00,0.00,0.00,0.00,0.00,0.00,0.00,0.00,0.00,322318,364768,411412,343282,383635,432375,0,0,0,0,0,0,0,75546,0,94.09,94.16,94.25
4,0,0,0,0,97267,97267,97267,12,12,12,591,591,591,0.00,0.00,0.00,0.00,0.00,0.00,0.00,0.00,0.00,0.00,0.00,0.00,0.00,0.00,0.00,0.00,0.00,0.00,0.00,0.00,0.00,403539,456614,542443,421882,474958,560786,0,0,0,0,0,0,0,63700,0,90.77,90.78,90.80
4,1,0,0,0,97272,97272,97272,7,7,7,591,591,591,0.00,0.00,0.00,0.00,0.00,0.00,0.00,0.00,0.00,0.00,0.00,0.00,0.00,0.00,0.00,0.00,0.00,0.00,0.00,0.00,0.00,337991,343931,359011,353765,362274,379975,0,0,0,0,0,0,0,80504,0,100.50,100.53,100.55
4,2,0,0,0,97274,97274,97274,5,5,5,591,591,591,0.00,0.00,0.00,0.00,0.00,0.00,0.00,0.00,0.00,0.00,0.00,0.00,0.00,0.00,0.00,0.00,0.00,0.00,0.00,0.00,0.00,303938,365374,503130,324900,383670,521473,0,0,0,0,0,0,0,71135,0,88.60,88.63,88.65
4,3,0,0,0,97272,97272,97272,7,7,7,591,591,591,0.00,0.00,0.00,0.00,0.00,0.00,0.00,0.00,0.00,0.00,0.00,0.00,0.00,0.00,0.00,0.00,0.00,0.00,0.00,0.00,0.00,317077,360527,469911,335420,377778,483886,0,0,0,0,0,0,0,75401,0,94.15,94.18,94.20
5,0,0,0,0,97267,97267,97267,12,12,12,591,591,591,0.00,0.00,0.00,0.00,0.00,0.00,0.00,0.00,0.00,0.00,0.00,0.00,0.00,0.00,0.00,0.00,0.00,0.00,0.00,0.00,0.00,406170,665592,1556513,427134,684459,1574856,0,0,0,0,0,0,0,73133,0,90.79,91.01,91.18
5,1,0,0,0,97272,97272,97272,7,7,7,591,591,591,0.00,0.00,0.00,0.00,0.00,0.00,0.00,0.00,0.00,0.00,0.00,0.00,0.00,0.00,0.00,0.00,0.00,0.00,0.00,0.00,0.00,322321,411245,667365,340664,429064,683088,0,0,0,0,0,0,0,80674,0,100.62,100.67,100.73
5,2,0,0,0,97274,97274,97274,5,5,5,591,591,591,0.00,0.00,0.00,0.00,0.00,0.00,0.00,0.00,0.00,0.00,0.00,0.00,0.00,0.00,0.00,0.00,0.00,0.00,0.00,0.00,0.00,330175,375247,455959,348518,393591,474302,0,0,0,0,0,0,0,79832,0,88.63,88.65,88.68
5,3,0,0,0,97272,97272,97272,7,7,7,591,591,591,0.00,0.00,0.00,0.00,0.00,0.00,0.00,0.00,0.00,0.00,0.00,0.00,0.00,0.00,0.00,0.00,0.00,0.00,0.00,0.00,0.00,309215,394435,541396,330179,413296,559704,0,0,0,0,0,0,0,85363,0,94.32,94.60,94.78
6,0,0,0,0,97267,97267,97267,12,12,12,591,591,591,0.00,0.00,0.00,0.00,0.00,0.00,0.00,0.00,0.00,0.00,0.00,0.00,0.00,0.00,0.00,0.00,0.00,0.00,0.00,0.00,0.00,285344,529141,1002737,297450,545730,1022021,0,0,0,0,0,0,0,72681,0,90.76,90.92,91.16
6,1,0,0,0,97272,97272,97272,7,7,7,591,591,591,0.00,0.00,0.00,0.00,0.00,0.00,0.00,0.00,0.00,0.00,0.00,0.00,0.00,0.00,0.00,0.00,0.00,0.00,0.00,0.00,0.00,322323,360583,445488,340667,378926,463831,0,0,0,0,0,0,0,90576,0,100.45,100.53,100.58
6,2,0,0,0,97274,97274,97274,5,5,5,591,591,591,0.00,0.00,0.00,0.00,0.00,0.00,0.00,0.00,0.00,0.00,0.00,0.00,0.00,0.00,0.00,0.00,0.00,0.00,0.00,0.00,0.00,10480,429757,948619,28822,446702,964342,0,0,0,0,0,0,0,71275,0,88.55,88.62,88.76
6,3,0,0,0,97272,97272,97272,7,7,7,591,591,591,0.00,0.00,0.00,0.00,0.00,0.00,0.00,0.00,0.00,0.00,0.00,0.00,0.00,0.00,0.00,0.00,0.00,0.00,0.00,0.00,0.00,0,407741,1019348,15722,425560,1037691,0,0,0,0,0,0,0,75350,0,94.08,94.29,94.62
7,0,0,0,0,97267,97267,97267,12,12,12,591,591,591,0.00,0.00,0.00,0.00,0.00,0.00,0.00,0.00,0.00,0.00,0.00,0.00,0.00,0.00,0.00,0.00,0.00,0.00,0.00,0.00,0.00,414033,475353,568646,434996,494220,586990,0,0,0,0,0,0,0,72829,0,90.79,90.84,90.87
7,1,0,0,0,97272,97272,97272,7,7,7,591,591,591,0.00,0.00,0.00,0.00,0.00,0.00,0.00,0.00,0.00,0.00,0.00,0.00,0.00,0.00,0.00,0.00,0.00,0.00,0.00,0.00,0.00,332805,541193,1233441,353769,559299,1250606,0,0,0,0,0,0,0,80542,0,100.37,100.40,100.43
7,2,0,0,0,97274,97274,97274,5,5,5,591,591,591,0.00,0.00,0.00,0.00,0.00,0.00,0.00,0.00,0.00,0.00,0.00,0.00,0.00,0.00,0.00,0.00,0.00,0.00,0.00,0.00,0.00,332793,436046,676080,351136,454389,694423,0,0,0,0,0,0,0,71242,0,88.80,88.85,88.91
7,3,0,0,0,97272,97272,97272,7,7,7,591,591,591,0.00,0.00,0.00,0.00,0.00,0.00,0.00,0.00,0.00,0.00,0.00,0.00,0.00,0.00,0.00,0.00,0.00,0.00,0.00,0.00,0.00,330181,355852,416652,345904,374194,432374,0,0,0,0,0,0,0,75633,0,94.04,94.14,94.23
8,0,0,0,0,97267,97267,97267,12,12,12,591,591,591,0.00,0.00,0.00,0.00,0.00,0.00,0.00,0.00,0.00,0.00,0.00,0.00,0.00,0.00,0.00,0.00,0.00,0.00,0.00,0.00,0.00,411370,675028,1669254,429711,692847,1687597,0,0,0,0,0,0,0,81890,0,90.83,90.87,90.90
8,1,0,0,0,97272,97272,97272,7,7,7,591,591,591,0.00,0.00,0.00,0.00,0.00,0.00,0.00,0.00,0.00,0.00,0.00,0.00,0.00,0.00,0.00,0.00,0.00,0.00,0.00,0.00,0.00,327561,354291,448102,343285,372635,466446,0,0,0,0,0,0,0,80464,0,100.34,100.41,100.45
8,2,0,0,0,97274,97274,97274,5,5,5,591,591,591,0.00,0.00,0.00,0.00,0.00,0.00,0.00,0.00,0.00,0.00,0.00,0.00,0.00,0.00,0.00,0.00,0.00,0.00,0.00,0.00,0.00,322081,357364,424415,337541,375654,442754,0,0,0,0,0,0,0,71045,0,88.60,88.65,88.73
8,3,0,0,0,97272,97272,97272,7,7,7,591,591,591,0.00,0.00,0.00,0.00,0.00,0.00,0.00,0.00,0.00,0.00,0.00,0.00,0.00,0.00,0.00,0.00,0.00,0.00,0.00,0.00,0.00,322319,343805,377347,340662,362673,395690,0,0,0,0,0,0,0,56447,0,93.99,94.18,94.31
9,0,0,0,0,97267,97267,97267,12,12,12,591,591,591,0.00,0.00,0.00,0.00,0.00,0.00,0.00,0.00,0.00,0.00,0.00,0.00,0.00,0.00,0.00,0.00,0.00,0.00,0.00,0.00,0.00,416651,521814,900525,432374,540010,918133,0,0,0,0,0,0,0,73168,0,90.78,90.89,91.11
9,1,0,0,0,97272,97272,97272,7,7,7,591,591,591,0.00,0.00,0.00,0.00,0.00,0.00,0.00,0.00,0.00,0.00,0.00,0.00,0.00,0.00,0.00,0.00,0.00,0.00,0.00,0.00,0.00,322322,343278,406180,340666,361097,421903,0,0,0,0,0,0,0,60480,0,100.32,100.39,100.50
9,2,0,0,0,97274,97274,97274,5,5,5,591,591,591,0.00,0.00,0.00,0.00,0.00,0.00,0.00,0.00,0.00,0.00,0.00,0.00,0.00,0.00,0.00,0.00,0.00,0.00,0.00,0.00,0.00,57649,417181,977451,75992,435525,995795,0,0,0,0,0,0,0,53467,0,88.65,88.73,88.80
9,3,0,0,0,97272,97272,97272,7,7,7,591,591,591,0.00,0.00,0.00,0.00,0.00,0.00,0.00,0.00,0.00,0.00,0.00,0.00,0.00,0.00,0.00,0.00,0.00,0.00,0.00,0.00,0.00,317078,465899,935399,335422,483718,956360,0,0,0,0,0,0,0,84997,0,93.81,93.98,94.27
10,0,0,0,0,97267,97267,97267,12,12,12,591,591,591,0.00,0.00,0.00,0.00,0.00,0.00,0.00,0.00,0.00,0.00,0.00,0.00,0.00,0.00,0.00,0.00,0.00,0.00,0.00,0.00,0.00,406101,492632,623673,424441,510975,644637,0,0,0,0,0,0,0,73201,0,91.30,91.49,91.65
10,1,0,0,0,97272,97272,97272,7,7,7,591,591,591,0.00,0.00,0.00,0.00,0.00,0.00,0.00,0.00,0.00,0.00,0.00,0.00,0.00,0.00,0.00,0.00,0.00,0.00,0.00,0.00,0.00,110061,510921,1212913,125784,529202,1230939,0,0,0,0,0,0,0,90564,0,100.46,100.48,100.50
10,2,0,0,0,97274,97274,97274,5,5,5,591,591,591,0.00,0.00,0.00,0.00,0.00,0.00,0.00,0.00,0.00,0.00,0.00,0.00,0.00,0.00,0.00,0.00,0.00,0.00,0.00,0.00,0.00,330167,419796,537193,348510,438139,555536,0,0,0,0,0,0,0,71169,0,88.75,88.77,88.80
10,3,0,0,0,97272,97272,97272,7,7,7,591,591,591,0.00,0.00,0.00,0.00,0.00,0.00,0.00,0.00,0.00,0.00,0.00,0.00,0.00,0.00,0.00,0.00,0.00,0.00,0.00,0.00,0.00,317074,366340,421895,335418,385207,440238,0,0,0,0,0,0,0,75842,0,94.51,94.60,94.72
11,0,0,0,0,97267,97267,97267,12,12,12,591,591,591,0.00,0.00,0.00,0.00,0.00,0.00,0.00,0.00,0.00,0.00,0.00,0.00,0.00,0.00,0.00,0.00,0.00,0.00,0.00,0.00,0.00,377343,433946,505755,393065,452289,526719,0,0,0,0,0,0,0,63786,0,90.82,91.06,91.32
11,1,0,0,0,97272,97272,97272,7,7,7,591,591,591,0.00,0.00,0.00,0.00,0.00,0.00,0.00,0.00,0.00,0.00,0.00,0.00,0.00,0.00,0.00,0.00,0.00,0.00,0.00,0.00,0.00,327560,337174,368161,345904,355522,386972,0,0,0,0,0,0,0,80696,0,100.44,100.55,100.60
11,2,0,0,0,97274,97274,97274,5,5,5,591,591,591,0.00,0.00,0.00,0.00,0.00,0.00,0.00,0.00,0.00,0.00,0.00,0.00,0.00,0.00,0.00,0.00,0.00,0.00,0.00,0.00,0.00,317047,355444,476928,335388,373218,492651,0,0,0,0,0,0,0,71319,0,88.73,88.79,88.84
11,3,0,0,0,97272,97272,97272,7,7,7,591,591,591,0.00,0.00,0.00,0.00,0.00,0.00,0.00,0.00,0.00,0.00,0.00,0.00,0.00,0.00,0.00,0.00,0.00,0.00,0.00,0.00,0.00,311838,337518,398315,330181,355337,416659,0,0,0,0,0,0,0,75366,0,93.93,94.16,94.34
12,0,0,0,0,97267,97267,97267,12,12,12,591,591,591,0.00,0.00,0.00,0.00,0.00,0.00,0.00,0.00,0.00,0.00,0.00,0.00,0.00,0.00,0.00,0.00,0.00,0.00,0.00,0.00,0.00,351142,679224,1459611,374726,698615,1475334,0,0,0,0,0,0,0,72948,0,90.78,90.83,90.96
12,1,0,0,0,97272,97272,97272,7,7,7,591,591,591,0.00,0.00,0.00,0.00,0.00,0.00,0.00,0.00,0.00,0.00,0.00,0.00,0.00,0.00,0.00,0.00,0.00,0.00,0.00,0.00,0.00,317077,385728,437626,335420,404595,455970,0,0,0,0,0,0,0,80750,0,100.51,100.58,100.63
12,2,0,0,0,97274,97274,97274,5,5,5,591,591,591,0.00,0.00,0.00,0.00,0.00,0.00,0.00,0.00,0.00,0.00,0.00,0.00,0.00,0.00,0.00,0.00,0.00,0.00,0.00,0.00,0.00,315776,382047,496490,336149,400905,515378,0,0,0,0,0,0,0,79998,0,88.77,88.80,88.84
12,3,0,0,0,97272,97272,97272,7,7,7,591,591,591,0.00,0.00,0.00,0.00,0.00,0.00,0.00,0.00,0.00,0.00,0.00,0.00,0.00,0.00,0.00,0.00,0.00,0.00,0.00,0.00,0.00,216626,351483,513610,230602,368952,529333,0,0,0,0,0,0,0,84943,0,93.86,93.97,94.16
13,0,0,0,0,97267,97267,97267,12,12,12,591,591,591,0.00,0.00,0.00,0.00,0.00,0.00,0.00,0.00,0.00,0.00,0.00,0.00,0.00,0.00,0.00,0.00,0.00,0.00,0.00,0.00,0.00,432377,544049,919289,450720,562329,934739,0,0,0,0,0,0,0,72722,0,90.84,90.97,91.04
13,1,0,0,0,97272,97272,97272,7,7,7,591,591,591,0.00,0.00,0.00,0.00,0.00,0.00,0.00,0.00,0.00,0.00,0.00,0.00,0.00,0.00,0.00,0.00,0.00,0.00,0.00,0.00,0.00,322320,357436,432383,338043,375780,453347,0,0,0,0,0,0,0,90616,0,100.45,100.57,100.62
13,2,0,0,0,97274,97274,97274,5,5,5,591,591,591,0.00,0.00,0.00,0.00,0.00,0.00,0.00,0.00,0.00,0.00,0.00,0.00,0.00,0.00,0.00,0.00,0.00,0.00,0.00,0.00,0.00,332800,529323,961713,351144,548715,982677,0,0,0,0,0,0,0,71150,0,88.62,88.69,88.77
13,3,0,0,0,97272,97272,97272,7,7,7,591,591,591,0.00,0.00,0.00,0.00,0.00,0.00,0.00,0.00,0.00,0.00,0.00,0.00,0.00,0.00,0.00,0.00,0.00,0.00,0.00,0.00,0.00,319691,462774,966953,338034,481117,985296,0,0,0,0,0,0,0,75405,0,94.03,94.14,94.20
14,0,0,0,0,97267,97267,97267,12,12,12,591,591,591,0.00,0.00,0.00,0.00,0.00,0.00,0.00,0.00,0.00,0.00,0.00,0.00,0.00,0.00,0.00,0.00,0.00,0.00,0.00,0.00,0.00,427136,512735,648121,445479,530205,662097,0,0,0,0,0,0,0,73075,0,90.84,91.00,91.19
14,1,0,0,0,97272,97272,97272,7,7,7,591,591,591,0.00,0.00,0.00,0.00,0.00,0.00,0.00,0.00,0.00,0.00,0.00,0.00,0.00,0.00,0.00,0.00,0.00,0.00,0.00,0.00,0.00,331644,577235,1208065,349640,595163,1223788,0,0,0,0,0,0,0,80585,0,100.41,100.44,100.46
14,2,0,0,0,97274,97274,97274,5,5,5,591,591,591,0.00,0.00,0.00,0.00,0.00,0.00,0.00,0.00,0.00,0.00,0.00,0.00,0.00,0.00,0.00,0.00,0.00,0.00,0.00,0.00,0.00,327548,436569,699669,348512,454912,715392,0,0,0,0,0,0,0,71162,0,88.58,88.60,88.63
14,3,0,0,0,97272,97272,97272,7,7,7,591,591,591,0.00,0.00,0.00,0.00,0.00,0.00,0.00,0.00,0.00,0.00,0.00,0.00,0.00,0.00,0.00,0.00,0.00,0.00,0.00,0.00,0.00,317069,352182,424515,338033,370525,442858,0,0,0,0,0,0,0,75656,0,94.07,94.19,94.36
17,0,0,0,0,97265,97266,97267,12,12,14,591,591,591,0.00,0.00,0.00,0.00,0.00,0.00,0.00,0.00,0.00,0.00,0.00,0.00,0.00,0.00,0.00,0.00,0.00,0.00,0.00,0.00,0.00,15722,2609293,6433797,34066,2499842,6619866,0,0,0,0,0,0,0,257006,0,91.29,91.61,91.85
17,1,0,0,0,97270,97271,97272,7,7,9,591,591,591,0.00,0.00,0.00,0.00,0.00,0.00,0.00,0.00,0.00,0.00,0.00,0.00,0.00,0.00,0.00,0.00,0.00,0.00,0.00,0.00,0.00,338049,2841352,8821188,356393,2904715,9001800,0,0,0,0,0,0,0,271724,0,100.46,100.53,100.65
17,2,0,0,0,97274,97274,97274,5,5,5,591,591,591,0.00,0.00,0.00,0.00,0.00,0.00,0.00,0.00,0.00,0.00,0.00,0.00,0.00,0.00,0.00,0.00,0.00,0.00,0.00,0.00,0.00,218513,1022872,3562033,232278,1290548,3615745,0,0,0,0,0,0,0,239664,0,88.58,88.65,88.71
17,3,0,0,0,97272,97272,97272,7,7,7,591,591,591,0.00,0.00,0.00,0.00,0.00,0.00,0.00,0.00,0.00,0.00,0.00,0.00,0.00,0.00,0.00,0.00,0.00,0.00,0.00,0.00,0.00,322319,1028355,3925253,340663,1072612,3977660,0,0,0,0,0,0,0,255959,0,94.49,94.69,94.81
18,0,0,0,0,97265,97265,97265,14,14,14,591,591,591,0.00,0.00,0.00,0.00,0.00,0.00,0.00,0.00,0.00,0.00,0.00,0.00,0.00,0.00,0.00,0.00,0.00,0.00,0.00,0.00,0.00,4391767,4391767,4391767,4453355,4453355,4453355,0,0,0,0,0,0,0,0,0,91.23,91.23,91.23
18,1,0,0,0,97270,97270,97270,9,9,9,591,591,591,0.00,0.00,0.00,0.00,0.00,0.00,0.00,0.00,0.00,0.00,0.00,0.00,0.00,0.00,0.00,0.00,0.00,0.00,0.00,0.00,0.00,3521890,3521890,3521890,3564853,3564853,3564853,0,0,0,0,0,0,0,0,0,100.51,100.51,100.51
18,2,0,0,0,97273,97273,97273,6,6,6,591,591,591,0.00,0.00,0.00,0.00,0.00,0.00,0.00,0.00,0.00,0.00,0.00,0.00,0.00,0.00,0.00,0.00,0.00,0.00,0.00,0.00,0.00,0,0,0,0,0,0,0,0,0,0,0,0,0,0,0,88.68,88.68,88.68
18,3,0,0,0,97272,97272,97272,7,7,7,591,591,591,0.00,0.00,0.00,0.00,0.00,0.00,0.00,0.00,0.00,0.00,0.00,0.00,0.00,0.00,0.00,0.00,0.00,0.00,0.00,0.00,0.00,2231004,2231004,2231004,2284141,2284141,2284141,0,0,0,0,0,0,0,0,0,94.36,94.36,94.36
19,0,0,0,0,97265,97265,97265,14,14,14,591,591,591,0.00,0.00,0.00,0.00,0.00,0.00,0.00,0.00,0.00,0.00,0.00,0.00,0.00,0.00,0.00,0.00,0.00,0.00,0.00,0.00,0.00,2488726,3029279,3569832,2616219,3129051,3641884,0,0,0,0,0,0,0,27280,0,90.81,90.83,90.84
19,1,0,0,0,97270,97270,97270,9,9,9,591,591,591,0.00,0.00,0.00,0.00,0.00,0.00,0.00,0.00,0.00,0.00,0.00,0.00,0.00,0.00,0.00,0.00,0.00,0.00,0.00,0.00,0.00,2208762,3522238,4835714,2267680,3622502,4977324,0,0,0,0,0,0,0,30251,0,100.47,100.49,100.50
19,2,0,0,0,97271,97271,97271,8,8,8,591,591,591,0.00,0.00,0.00,0.00,0.00,0.00,0.00,0.00,0.00,0.00,0.00,0.00,0.00,0.00,0.00,0.00,0.00,0.00,0.00,0.00,0.00,5015600,5616558,6217516,5149244,5747572,6345901,0,0,0,0,0,0,0,26641,0,88.64,88.65,88.67
19,3,0,0,0,97272,97272,97272,7,7,7,591,591,591,0.00,0.00,0.00,0.00,0.00,0.00,0.00,0.00,0.00,0.00,0.00,0.00,0.00,0.00,0.00,0.00,0.00,0.00,0.00,0.00,0.00,0,3234966,6469933,20964,3310014,6599064,0,0,0,0,0,0,0,18856,0,93.96,94.00,94.03
21,0,0,0,0,97265,97265,97265,14,14,14,591,591,591,0.00,0.00,0.00,0.00,0.00,0.00,0.00,0.00,0.00,0.00,0.00,0.00,0.00,0.00,0.00,0.00,0.00,0.00,0.00,0.00,0.00,1079623,2523106,4238781,1221127,2620809,4288191,0,0,0,0,0,0,0,172967,0,90.75,90.93,91.13
21,1,0,0,0,97270,97270,97270,9,9,9,591,591,591,0.00,0.00,0.00,0.00,0.00,0.00,0.00,0.00,0.00,0.00,0.00,0.00,0.00,0.00,0.00,0.00,0.00,0.00,0.00,0.00,0.00,1008921,2554878,3620772,1137329,2650282,3669241,0,0,0,0,0,0,0,191108,0,100.44,100.52,100.64
21,2,0,0,0,97271,97271,97271,8,8,8,591,591,591,0.00,0.00,0.00,0.00,0.00,0.00,0.00,0.00,0.00,0.00,0.00,0.00,0.00,0.00,0.00,0.00,0.00,0.00,0.00,0.00,0.00,1026801,2297374,3071198,1100893,2403027,3113126,0,0,0,0,0,0,0,168393,0,88.50,88.56,88.68
21,3,0,0,0,97270,97270,97270,9,9,9,591,591,591,0.00,0.00,0.00,0.00,0.00,0.00,0.00,0.00,0.00,0.00,0.00,0.00,0.00,0.00,0.00,0.00,0.00,0.00,0.00,0.00,0.00,2906088,5439306,9070138,3068557,5556470,9148705,0,0,0,0,0,0,0,179295,0,94.04,94.11,94.22
22,0,0,0,0,97265,97265,97265,14,14,14,591,591,591,0.00,0.00,0.00,0.00,0.00,0.00,0.00,0.00,0.00,0.00,0.00,0.00,0.00,0.00,0.00,0.00,0.00,0.00,0.00,0.00,0.00,327556,486061,746828,340658,500699,762551,0,0,0,0,0,0,0,73213,0,91.36,91.45,91.57
22,1,0,0,0,97270,97270,97270,9,9,9,591,591,591,0.00,0.00,0.00,0.00,0.00,0.00,0.00,0.00,0.00,0.00,0.00,0.00,0.00,0.00,0.00,0.00,0.00,0.00,0.00,0.00,0.00,319690,357777,400114,335412,371921,415804,0,0,0,0,0,0,0,60533,0,100.54,100.61,100.72
22,2,0,0,0,97271,97271,97271,8,8,8,591,591,591,0.00,0.00,0.00,0.00,0.00,0.00,0.00,0.00,0.00,0.00,0.00,0.00,0.00,0.00,0.00,0.00,0.00,0.00,0.00,0.00,0.00,117920,345570,592227,131023,359162,605329,0,0,0,0,0,0,0,62296,0,88.58,88.73,88.83
22,3,0,0,0,97270,97270,97270,9,9,9,591,591,591,0.00,0.00,0.00,0.00,0.00,0.00,0.00,0.00,0.00,0.00,0.00,0.00,0.00,0.00,0.00,0.00,0.00,0.00,0.00,0.00,0.00,424517,485626,537197,434999,499721,552920,0,0,0,0,0,0,0,76137,0,94.50,94.88,95.27
23,0,0,0,0,97265,97265,97265,14,14,14,591,591,591,0.00,0.00,0.00,0.00,0.00,0.00,0.00,0.00,0.00,0.00,0.00,0.00,0.00,0.00,0.00,0.00,0.00,0.00,0.00,0.00,0.00,277769,343934,419270,49783,296110,432372,0,0,0,0,0,0,0,63665,0,90.63,90.90,91.05
23,1,0,0,0,97270,97270,97270,9,9,9,591,591,591,0.00,0.00,0.00,0.00,0.00,0.00,0.00,0.00,0.00,0.00,0.00,0.00,0.00,0.00,0.00,0.00,0.00,0.00,0.00,0.00,0.00,0,292973,455955,13102,306075,469057,0,0,0,0,0,0,0,90606,0,100.54,100.58,100.61
23,2,0,0,0,97271,97271,97271,8,8,8,591,591,591,0.00,0.00,0.00,0.00,0.00,0.00,0.00,0.00,0.00,0.00,0.00,0.00,0.00,0.00,0.00,0.00,0.00,0.00,0.00,0.00,0.00,327557,527228,977436,340659,533910,993159,0,0,0,0,0,0,0,71215,0,88.71,88.77,88.82
23,3,0,0,0,97270,97270,97270,9,9,9,591,591,591,0.00,0.00,0.00,0.00,0.00,0.00,0.00,0.00,0.00,0.00,0.00,0.00,0.00,0.00,0.00,0.00,0.00,0.00,0.00,0.00,0.00,411417,444956,521472,424520,459107,537195,0,0,0,0,0,0,0,56614,0,93.98,94.41,94.63
24,0,0,0,0,97265,97265,97265,14,14,14,591,591,591,0.00,0.00,0.00,0.00,0.00,0.00,0.00,0.00,0.00,0.00,0.00,0.00,0.00,0.00,0.00,0.00,0.00,0.00,0.00,0.00,0.00,36682,440759,1124181,335415,512560,1137283,0,0,0,0,0,0,0,72637,0,90.53,90.58,90.61
24,1,0,0,0,97270,97270,97270,9,9,9,591,591,591,0.00,0.00,0.00,0.00,0.00,0.00,0.00,0.00,0.00,0.00,0.00,0.00,0.00,0.00,0.00,0.00,0.00,0.00,0.00,0.00,0.00,322323,462775,694441,335426,477449,710164,0,0,0,0,0,0,0,80522,0,100.52,100.57,100.65
24,2,0,0,0,97271,97271,97271,8,8,8,591,591,591,0.00,0.00,0.00,0.00,0.00,0.00,0.00,0.00,0.00,0.00,0.00,0.00,0.00,0.00,0.00,0.00,0.00,0.00,0.00,0.00,0.00,322315,467488,859503,343285,528282,872605,0,0,0,0,0,0,0,71381,0,88.74,88.79,88.81
24,3,0,0,0,97270,97270,97270,9,9,9,591,591,591,0.00,0.00,0.00,0.00,0.00,0.00,0.00,0.00,0.00,0.00,0.00,0.00,0.00,0.00,0.00,0.00,0.00,0.00,0.00,0.00,0.00,31445,498413,1082256,44548,512040,1097979,0,0,0,0,0,0,0,84709,0,93.86,93.91,93.96
25,0,0,0,0,97265,97265,97265,14,14,14,591,591,591,0.00,0.00,0.00,0.00,0.00,0.00,0.00,0.00,0.00,0.00,0.00,0.00,0.00,0.00,0.00,0.00,0.00,0.00,0.00,0.00,0.00,1231609,2338053,3444497,1302361,2391392,3480423,0,0,0,0,0,0,0,18300,0,90.81,90.83,90.85
25,1,0,0,0,97270,97270,97270,9,9,9,591,591,591,0.00,0.00,0.00,0.00,0.00,0.00,0.00,0.00,0.00,0.00,0.00,0.00,0.00,0.00,0.00,0.00,0.00,0.00,0.00,0.00,0.00,2175036,2571088,2967141,2251032,2625932,3000833,0,0,0,0,0,0,0,20114,0,100.35,100.42,100.45
25,2,0,0,0,97271,97271,97271,8,8,8,591,591,591,0.00,0.00,0.00,0.00,0.00,0.00,0.00,0.00,0.00,0.00,0.00,0.00,0.00,0.00,0.00,0.00,0.00,0.00,0.00,0.00,0.00,2309776,2921072,3532369,2338227,2982466,3626705,0,0,0,0,0,0,0,17840,0,88.67,88.68,88.69
25,3,0,0,0,97270,97270,97270,9,9,9,591,591,591,0.00,0.00,0.00,0.00,0.00,0.00,0.00,0.00,0.00,0.00,0.00,0.00,0.00,0.00,0.00,0.00,0.00,0.00,0.00,0.00,0.00,3450514,3783627,4116740,3492339,3854328,4216318,0,0,0,0,0,0,0,75186,0,93.87,93.89,93.90
26,0,0,0,0,97265,97265,97265,14,14,14,591,591,591,0.00,0.00,0.00,0.00,0.00,0.00,0.00,0.00,0.00,0.00,0.00,0.00,0.00,0.00,0.00,0.00,0.00,0.00,0.00,0.00,0.00,314450,340125,400925,327552,353751,414028,0,0,0,0,0,0,0,72911,0,90.74,90.81,90.88
26,1,0,0,0,97270,97270,97270,9,9,9,591,591,591,0.00,0.00,0.00,0.00,0.00,0.00,0.00,0.00,0.00,0.00,0.00,0.00,0.00,0.00,0.00,0.00,0.00,0.00,0.00,0.00,0.00,322323,350623,406176,335426,364250,419279,0,0,0,0,0,0,0,80484,0,100.23,100.28,100.33
26,2,0,0,0,97271,97271,97271,8,8,8,591,591,591,0.00,0.00,0.00,0.00,0.00,0.00,0.00,0.00,0.00,0.00,0.00,0.00,0.00,0.00,0.00,0.00,0.00,0.00,0.00,0.00,0.00,322282,354805,453342,335383,368432,469065,0,0,0,0,0,0,0,71134,0,88.56,88.58,88.60
26,3,0,0,0,97270,97270,97270,9,9,9,591,591,591,0.00,0.00,0.00,0.00,0.00,0.00,0.00,0.00,0.00,0.00,0.00,0.00,0.00,0.00,0.00,0.00,0.00,0.00,0.00,0.00,0.00,427131,469308,555543,440143,482888,568645,0,0,0,0,0,0,0,75086,0,93.65,93.74,93.84
27,0,0,0,0,97265,97265,97265,14,14,14,591,591,591,0.00,0.00,0.00,0.00,0.00,0.00,0.00,0.00,0.00,0.00,0.00,0.00,0.00,0.00,0.00,0.00,0.00,0.00,0.00,0.00,0.00,306511,539481,1008879,319610,558828,1053427,0,0,0,0,0,0,0,72979,0,90.92,90.97,91.04
27,1,0,0,0,97270,97270,97270,9,9,9,591,591,591,0.00,0.00,0.00,0.00,0.00,0.00,0.00,0.00,0.00,0.00,0.00,0.00,0.00,0.00,0.00,0.00,0.00,0.00,0.00,0.00,0.00,319705,446395,814978,332808,466270,859526,0,0,0,0,0,0,0,80668,0,100.37,100.49,100.64
27,2,0,0,0,97271,97271,97271,8,8,8,591,591,591,0.00,0.00,0.00,0.00,0.00,0.00,0.00,0.00,0.00,0.00,0.00,0.00,0.00,0.00,0.00,0.00,0.00,0.00,0.00,0.00,0.00,313046,442052,817579,325982,461410,864747,0,0,0,0,0,0,0,80093,0,88.68,88.78,88.84
27,3,0,0,0,97270,97270,97270,9,9,9,591,591,591,0.00,0.00,0.00,0.00,0.00,0.00,0.00,0.00,0.00,0.00,0.00,0.00,0.00,0.00,0.00,0.00,0.00,0.00,0.00,0.00,0.00,411407,540336,974809,424510,560251,1019356,0,0,0,0,0,0,0,75286,0,93.69,93.78,93.94
28,0,0,0,0,97265,97265,97265,14,14,14,591,591,591,0.00,0.00,0.00,0.00,0.00,0.00,0.00,0.00,0.00,0.00,0.00,0.00,0.00,0.00,0.00,0.00,0.00,0.00,0.00,0.00,0.00,324932,356903,432369,340654,370530,448092,0,0,0,0,0,0,0,81902,0,90.91,90.93,90.94
28,1,0,0,0,97270,97270,97270,9,9,9,591,591,591,0.00,0.00,0.00,0.00,0.00,0.00,0.00,0.00,0.00,0.00,0.00,0.00,0.00,0.00,0.00,0.00,0.00,0.00,0.00,0.00,0.00,306558,328079,351147,322279,341705,364250,0,0,0,0,0,0,0,90632,0,100.45,100.57,100.63
28,2,0,0,0,97271,97271,97271,8,8,8,591,591,591,0.00,0.00,0.00,0.00,0.00,0.00,0.00,0.00,0.00,0.00,0.00,0.00,0.00,0.00,0.00,0.00,0.00,0.00,0.00,0.00,0.00,104795,440224,945984,120514,454374,959086,0,0,0,0,0,0,0,71139,0,88.61,88.67,88.78
28,3,0,0,0,97270,97270,97270,9,9,9,591,591,591,0.00,0.00,0.00,0.00,0.00,0.00,0.00,0.00,0.00,0.00,0.00,0.00,0.00,0.00,0.00,0.00,0.00,0.00,0.00,0.00,0.00,26204,362146,524088,39306,375772,539811,0,0,0,0,0,0,0,84738,0,93.85,93.90,93.97
29,0,0,0,0,97265,97265,97265,14,14,14,591,591,591,0.00,0.00,0.00,0.00,0.00,0.00,0.00,0.00,0.00,0.00,0.00,0.00,0.00,0.00,0.00,0.00,0.00,0.00,0.00,0.00,0.00,57649,421885,1074382,70752,435511,1084864,0,0,0,0,0,0,0,72878,0,90.83,90.93,91.03
29,1,0,0,0,97270,97270,97270,9,9,9,591,591,591,0.00,0.00,0.00,0.00,0.00,0.00,0.00,0.00,0.00,0.00,0.00,0.00,0.00,0.00,0.00,0.00,0.00,0.00,0.00,0.00,0.00,0,376820,678712,13102,390446,691815,0,0,0,0,0,0,0,80560,0,100.47,100.49,100.50
29,2,0,0,0,97271,97271,97271,8,8,8,591,591,591,0.00,0.00,0.00,0.00,0.00,0.00,0.00,0.00,0.00,0.00,0.00,0.00,0.00,0.00,0.00,0.00,0.00,0.00,0.00,0.00,0.00,327557,378395,437625,340659,392545,453348,0,0,0,0,0,0,0,71126,0,88.58,88.60,88.62
29,3,0,0,0,97270,97270,97270,9,9,9,591,591,591,0.00,0.00,0.00,0.00,0.00,0.00,0.00,0.00,0.00,0.00,0.00,0.00,0.00,0.00,0.00,0.00,0.00,0.00,0.00,0.00,0.00,424513,625233,1202800,437615,639383,1218522,0,0,0,0,0,0,0,75275,0,93.86,93.90,93.94
30,0,0,0,0,97265,97265,97265,14,14,14,591,591,591,0.00,0.00,0.00,0.00,0.00,0.00,0.00,0.00,0.00,0.00,0.00,0.00,0.00,0.00,0.00,0.00,0.00,0.00,0.00,0.00,0.00,322317,398832,689174,338040,412983,702276,0,0,0,0,0,0,0,72843,0,90.86,90.91,91.02
30,1,0,0,0,97270,97270,97270,9,9,9,591,591,591,0.00,0.00,0.00,0.00,0.00,0.00,0.00,0.00,0.00,0.00,0.00,0.00,0.00,0.00,0.00,0.00,0.00,0.00,0.00,0.00,0.00,327563,352196,419280,340665,365823,429762,0,0,0,0,0,0,0,80527,0,100.43,100.45,100.48
30,2,0,0,0,97271,97271,97271,8,8,8,591,591,591,0.00,0.00,0.00,0.00,0.00,0.00,0.00,0.00,0.00,0.00,0.00,0.00,0.00,0.00,0.00,0.00,0.00,0.00,0.00,0.00,0.00,324937,373155,455962,338039,386782,469065,0,0,0,0,0,0,0,71186,0,88.62,88.65,88.67
30,3,0,0,0,97270,97270,97270,9,9,9,591,591,591,0.00,0.00,0.00,0.00,0.00,0.00,0.00,0.00,0.00,0.00,0.00,0.00,0.00,0.00,0.00,0.00,0.00,0.00,0.00,0.00,0.00,406723,450871,579120,420102,463934,592223,0,0,0,0,0,0,0,75189,0,93.76,93.83,93.91
31,0,0,0,0,97265,97265,97265,14,14,14,591,591,591,0.00,0.00,0.00,0.00,0.00,0.00,0.00,0.00,0.00,0.00,0.00,0.00,0.00,0.00,0.00,0.00,0.00,0.00,0.00,0.00,0.00,318082,361847,409982,330908,375425,425453,0,0,0,0,0,0,0,54639,0,90.82,90.85,90.88
31,1,0,0,0,97270,97270,97270,9,9,9,591,591,591,0.00,0.00,0.00,0.00,0.00,0.00,0.00,0.00,0.00,0.00,0.00,0.00,0.00,0.00,0.00,0.00,0.00,0.00,0.00,0.00,0.00,313183,331524,366008,326567,345099,378895,0,0,0,0,0,0,0,60486,0,100.35,100.37,100.43
31,2,0,0,0,97271,97271,97271,8,8,8,591,591,591,0.00,0.00,0.00,0.00,0.00,0.00,0.00,0.00,0.00,0.00,0.00,0.00,0.00,0.00,0.00,0.00,0.00,0.00,0.00,0.00,0.00,324130,468122,961674,340203,481572,971932,0,0,0,0,0,0,0,53505,0,88.64,88.75,88.83
31,3,0,0,0,97270,97270,97270,9,9,9,591,591,591,0.00,0.00,0.00,0.00,0.00,0.00,0.00,0.00,0.00,0.00,0.00,0.00,0.00,0.00,0.00,0.00,0.00,0.00,0.00,0.00,0.00,421892,480067,539815,434994,494218,555538,0,0,0,0,0,0,0,56370,0,93.72,93.75,93.79
32,0,0,0,0,97265,97265,97265,14,14,14,591,591,591,0.00,0.00,0.00,0.00,0.00,0.00,0.00,0.00,0.00,0.00,0.00,0.00,0.00,0.00,0.00,0.00,0.00,0.00,0.00,0.00,0.00,319689,556583,1021975,335412,571258,1037698,0,0,0,0,0,0,0,82205,0,90.95,91.02,91.05
32,1,0,0,0,97270,97270,97270,9,9,9,591,591,591,0.00,0.00,0.00,0.00,0.00,0.00,0.00,0.00,0.00,0.00,0.00,0.00,0.00,0.00,0.00,0.00,0.00,0.00,0.00,0.00,0.00,317078,449670,733743,330181,463821,746845,0,0,0,0,0,0,0,90829,0,100.50,100.61,100.68
32,2,0,0,0,97271,97271,97271,8,8,8,591,591,591,0.00,0.00,0.00,0.00,0.00,0.00,0.00,0.00,0.00,0.00,0.00,0.00,0.00,0.00,0.00,0.00,0.00,0.00,0.00,0.00,0.00,322319,390451,463823,338042,404077,476925,0,0,0,0,0,0,0,71106,0,88.55,88.68,88.78
32,3,0,0,0,97270,97270,97270,9,9,9,591,591,591,0.00,0.00,0.00,0.00,0.00,0.00,0.00,0.00,0.00,0.00,0.00,0.00,0.00,0.00,0.00,0.00,0.00,0.00,0.00,0.00,0.00,429751,604790,1053434,442853,618416,1066537,0,0,0,0,0,0,0,75384,0,93.74,93.83,93.88
33,0,0,0,0,97265,97265,97265,14,14,14,591,591,591,0.00,0.00,0.00,0.00,0.00,0.00,0.00,0.00,0.00,0.00,0.00,0.00,0.00,0.00,0.00,0.00,0.00,0.00,0.00,0.00,0.00,319694,339609,400928,332796,353235,414030,0,0,0,0,0,0,0,72779,0,90.78,90.83,90.88
33,1,0,0,0,97270,97270,97270,9,9,9,591,591,591,0.00,0.00,0.00,0.00,0.00,0.00,0.00,0.00,0.00,0.00,0.00,0.00,0.00,0.00,0.00,0.00,0.00,0.00,0.00,0.00,0.00,319702,342239,379974,332804,356390,393077,0,0,0,0,0,0,0,80571,0,100.47,100.51,100.60
33,2,0,0,0,97271,97271,97271,8,8,8,591,591,591,0.00,0.00,0.00,0.00,0.00,0.00,0.00,0.00,0.00,0.00,0.00,0.00,0.00,0.00,0.00,0.00,0.00,0.00,0.00,0.00,0.00,324906,399664,528271,340628,413809,541347,0,0,0,0,0,0,0,71071,0,88.49,88.52,88.57
33,3,0,0,0,97270,97270,97270,9,9,9,591,591,591,0.00,0.00,0.00,0.00,0.00,0.00,0.00,0.00,0.00,0.00,0.00,0.00,0.00,0.00,0.00,0.00,0.00,0.00,0.00,0.00,0.00,416651,462773,542436,432374,476923,555539,0,0,0,0,0,0,0,75276,0,93.82,93.85,93.88
34,0,0,0,0,97265,97265,97265,14,14,14,591,591,591,0.00,0.00,0.00,0.00,0.00,0.00,0.00,0.00,0.00,0.00,0.00,0.00,0.00,0.00,0.00,0.00,0.00,0.00,0.00,0.00,0.00,214378,405008,696970,223022,417743,710071,0,0,0,0,0,0,0,72762,0,90.80,90.84,90.90
34,1,0,0,0,97270,97270,97270,9,9,9,591,591,591,0.00,0.00,0.00,0.00,0.00,0.00,0.00,0.00,0.00,0.00,0.00,0.00,0.00,0.00,0.00,0.00,0.00,0.00,0.00,0.00,0.00,314462,420697,704132,327564,435367,725072,0,0,0,0,0,0,0,80635,0,100.51,100.64,100.72
34,2,0,0,0,97271,97271,97271,8,8,8,591,591,591,0.00,0.00,0.00,0.00,0.00,0.00,0.00,0.00,0.00,0.00,0.00,0.00,0.00,0.00,0.00,0.00,0.00,0.00,0.00,0.00,0.00,322317,515183,1171341,338040,529334,1184444,0,0,0,0,0,0,0,80071,0,88.67,88.77,88.81
34,3,0,0,0,97270,97270,97270,9,9,9,591,591,591,0.00,0.00,0.00,0.00,0.00,0.00,0.00,0.00,0.00,0.00,0.00,0.00,0.00,0.00,0.00,0.00,0.00,0.00,0.00,0.00,0.00,270711,416554,508370,281190,429091,521472,0,0,0,0,0,0,0,75257,0,93.79,93.85,93.89
35,0,0,0,0,97265,97265,97265,14,14,14,591,591,591,0.00,0.00,0.00,0.00,0.00,0.00,0.00,0.00,0.00,0.00,0.00,0.00,0.00,0.00,0.00,0.00,0.00,0.00,0.00,0.00,0.00,327556,359470,437611,340658,373588,453333,0,0,0,0,0,0,0,81788,0,90.75,90.78,90.81
35,1,0,0,0,97270,97270,97270,9,9,9,591,591,591,0.00,0.00,0.00,0.00,0.00,0.00,0.00,0.00,0.00,0.00,0.00,0.00,0.00,0.00,0.00,0.00,0.00,0.00,0.00,0.00,0.00,236236,392633,576533,246583,405185,589636,0,0,0,0,0,0,0,90510,0,100.33,100.39,100.51
35,2,0,0,0,97271,97271,97271,8,8,8,591,591,591,0.00,0.00,0.00,0.00,0.00,0.00,0.00,0.00,0.00,0.00,0.00,0.00,0.00,0.00,0.00,0.00,0.00,0.00,0.00,0.00,0.00,330174,400304,476707,343277,414412,489803,0,0,0,0,0,0,0,71024,0,88.55,88.61,88.76
35,3,0,0,0,97270,97270,97270,9,9,9,591,591,591,0.00,0.00,0.00,0.00,0.00,0.00,0.00,0.00,0.00,0.00,0.00,0.00,0.00,0.00,0.00,0.00,0.00,0.00,0.00,0.00,0.00,516232,693371,1129407,529334,708570,1142509,0,0,0,0,0,0,0,84520,0,93.78,93.82,93.85
36,0,0,0,0,97265,97265,97265,14,14,14,591,591,591,0.00,0.00,0.00,0.00,0.00,0.00,0.00,0.00,0.00,0.00,0.00,0.00,0.00,0.00,0.00,0.00,0.00,0.00,0.00,0.00,0.00,317037,487396,1071770,332757,501022,1084872,0,0,0,0,0,0,0,72912,0,90.76,90.80,90.87
36,1,0,0,0,97270,97270,97270,9,9,9,591,591,591,0.00,0.00,0.00,0.00,0.00,0.00,0.00,0.00,0.00,0.00,0.00,0.00,0.00,0.00,0.00,0.00,0.00,0.00,0.00,0.00,0.00,317079,539301,1286676,332802,552928,1299779,0,0,0,0,0,0,0,80644,0,100.52,100.61,100.66
36,2,0,0,0,97271,97271,97271,8,8,8,591,591,591,0.00,0.00,0.00,0.00,0.00,0.00,0.00,0.00,0.00,0.00,0.00,0.00,0.00,0.00,0.00,0.00,0.00,0.00,0.00,0.00,0.00,289978,349391,461186,298712,362144,474288,0,0,0,0,0,0,0,71031,0,88.65,88.70,88.74
36,3,0,0,0,97270,97270,97270,9,9,9,591,591,591,0.00,0.00,0.00,0.00,0.00,0.00,0.00,0.00,0.00,0.00,0.00,0.00,0.00,0.00,0.00,0.00,0.00,0.00,0.00,0.00,0.00,434998,509940,613183,450720,523042,623664,0,0,0,0,0,0,0,75171,0,93.65,93.72,93.79
37,0,0,0,0,97265,97265,97265,14,14,14,591,591,591,0.00,0.00,0.00,0.00,0.00,0.00,0.00,0.00,0.00,0.00,0.00,0.00,0.00,0.00,0.00,0.00,0.00,0.00,0.00,0.00,0.00,322319,409313,683928,338042,423464,697030,0,0,0,0,0,0,0,72962,0,90.97,91.05,91.13
37,1,0,0,0,97270,97270,97270,9,9,9,591,591,591,0.00,0.00,0.00,0.00,0.00,0.00,0.00,0.00,0.00,0.00,0.00,0.00,0.00,0.00,0.00,0.00,0.00,0.00,0.00,0.00,0.00,319700,361618,471644,332803,375244,487365,0,0,0,0,0,0,0,80880,0,100.56,100.64,100.75
37,2,0,0,0,97271,97271,97271,8,8,8,591,591,591,0.00,0.00,0.00,0.00,0.00,0.00,0.00,0.00,0.00,0.00,0.00,0.00,0.00,0.00,0.00,0.00,0.00,0.00,0.00,0.00,0.00,322319,347475,424530,335422,361101,440253,0,0,0,0,0,0,0,80130,0,88.55,88.66,88.76
37,3,0,0,0,97270,97270,97270,9,9,9,591,591,591,0.00,0.00,0.00,0.00,0.00,0.00,0.00,0.00,0.00,0.00,0.00,0.00,0.00,0.00,0.00,0.00,0.00,0.00,0.00,0.00,0.00,408147,433784,505620,421851,447889,518719,0,0,0,0,0,0,0,75384,0,93.81,93.92,94.04
38,0,0,0,0,97265,97265,97265,14,14,14,591,591,591,0.00,0.00,0.00,0.00,0.00,0.00,0.00,0.00,0.00,0.00,0.00,0.00,0.00,0.00,0.00,0.00,0.00,0.00,0.00,0.00,0.00,214225,319063,419274,222863,330952,432376,0,0,0,0,0,0,0,54813,0,91.03,91.09,91.12
38,1,0,0,0,97270,97270,97270,9,9,9,591,591,591,0.00,0.00,0.00,0.00,0.00,0.00,0.00,0.00,0.00,0.00,0.00,0.00,0.00,0.00,0.00,0.00,0.00,0.00,0.00,0.00,0.00,320992,337060,366872,333935,350778,379975,0,0,0,0,0,0,0,60725,0,100.84,100.88,100.96
38,2,0,0,0,97271,97271,97271,8,8,8,591,591,591,0.00,0.00,0.00,0.00,0.00,0.00,0.00,0.00,0.00,0.00,0.00,0.00,0.00,0.00,0.00,0.00,0.00,0.00,0.00,0.00,0.00,335390,550121,1069140,348491,564436,1082242,0,0,0,0,0,0,0,53334,0,88.61,88.66,88.74
38,3,0,0,0,97270,97270,97270,9,9,9,591,591,591,0.00,0.00,0.00,0.00,0.00,0.00,0.00,0.00,0.00,0.00,0.00,0.00,0.00,0.00,0.00,0.00,0.00,0.00,0.00,0.00,0.00,323191,427353,531954,331926,440019,547677,0,0,0,0,0,0,0,66221,0,94.10,94.16,94.29
39,0,0,0,0,97265,97265,97265,14,14,14,591,591,591,0.00,0.00,0.00,0.00,0.00,0.00,0.00,0.00,0.00,0.00,0.00,0.00,0.00,0.00,0.00,0.00,0.00,0.00,0.00,0.00,0.00,327557,504750,1029835,343280,518997,1045557,0,0,0,0,0,0,0,81967,0,91.02,91.18,91.25
39,1,0,0,0,97270,97270,97270,9,9,9,591,591,591,0.00,0.00,0.00,0.00,0.00,0.00,0.00,0.00,0.00,0.00,0.00,0.00,0.00,0.00,0.00,0.00,0.00,0.00,0.00,0.00,0.00,281217,392703,662924,289951,405456,676026,0,0,0,0,0,0,0,90758,0,100.65,100.84,100.99
39,2,0,0,0,97271,97271,97271,8,8,8,591,591,591,0.00,0.00,0.00,0.00,0.00,0.00,0.00,0.00,0.00,0.00,0.00,0.00,0.00,0.00,0.00,0.00,0.00,0.00,0.00,0.00,0.00,306552,356374,482168,319653,368953,492650,0,0,0,0,0,0,0,71068,0,88.46,88.51,88.55
39,3,0,0,0,97270,97270,97270,9,9,9,591,591,591,0.00,0.00,0.00,0.00,0.00,0.00,0.00,0.00,0.00,0.00,0.00,0.00,0.00,0.00,0.00,0.00,0.00,0.00,0.00,0.00,0.00,424512,586447,1082250,437615,600073,1095352,0,0,0,0,0,0,0,75466,0,94.28,94.39,94.44
40,0,0,0,0,97265,97265,97265,14,14,14,591,591,591,0.00,0.00,0.00,0.00,0.00,0.00,0.00,0.00,0.00,0.00,0.00,0.00,0.00,0.00,0.00,0.00,0.00,0.00,0.00,0.00,0.00,317073,334368,377342,332796,347995,387824,0,0,0,0,0,0,0,72810,0,90.80,90.83,90.90
40,1,0,0,0,97270,97270,97270,9,9,9,591,591,591,0.00,0.00,0.00,0.00,0.00,0.00,0.00,0.00,0.00,0.00,0.00,0.00,0.00,0.00,0.00,0.00,0.00,0.00,0.00,0.00,0.00,324945,348005,390458,338048,362156,403561,0,0,0,0,0,0,0,80613,0,100.46,100.53,100.58
40,2,0,0,0,97271,97271,97271,8,8,8,591,591,591,0.00,0.00,0.00,0.00,0.00,0.00,0.00,0.00,0.00,0.00,0.00,0.00,0.00,0.00,0.00,0.00,0.00,0.00,0.00,0.00,0.00,319697,356384,466445,335420,370535,479547,0,0,0,0,0,0,0,71008,0,88.42,88.45,88.49
40,3,0,0,0,97270,97270,97270,9,9,9,591,591,591,0.00,0.00,0.00,0.00,0.00,0.00,0.00,0.00,0.00,0.00,0.00,0.00,0.00,0.00,0.00,0.00,0.00,0.00,0.00,0.00,0.00,427133,470633,566021,440235,484784,579123,0,0,0,0,0,0,0,75391,0,94.01,94.03,94.04
41,0,0,0,0,97265,97265,97265,14,14,14,591,591,591,0.00,0.00,0.00,0.00,0.00,0.00,0.00,0.00,0.00,0.00,0.00,0.00,0.00,0.00,0.00,0.00,0.00,0.00,0.00,0.00,0.00,319697,426079,673465,332800,440229,686568,0,0,0,0,0,0,0,73747,0,90.82,91.27,91.78
41,1,0,0,0,97270,97270,97270,9,9,9,591,591,591,0.00,0.00,0.00,0.00,0.00,0.00,0.00,0.00,0.00,0.00,0.00,0.00,0.00,0.00,0.00,0.00,0.00,0.00,0.00,0.00,0.00,309222,336998,395695,324945,350625,408798,0,0,0,0,0,0,0,81746,0,100.55,100.92,101.53
41,2,0,0,0,97271,97271,97271,8,8,8,591,591,591,0.00,0.00,0.00,0.00,0.00,0.00,0.00,0.00,0.00,0.00,0.00,0.00,0.00,0.00,0.00,0.00,0.00,0.00,0.00,0.00,0.00,314458,475344,998398,327560,488446,1011500,0,0,0,0,0,0,0,80684,0,88.43,88.73,89.09
41,3,0,0,0,97270,97270,97270,9,9,9,591,591,591,0.00,0.00,0.00,0.00,0.00,0.00,0.00,0.00,0.00,0.00,0.00,0.00,0.00,0.00,0.00,0.00,0.00,0.00,0.00,0.00,0.00,307466,400194,477715,314454,412544,490557,0,0,0,0,0,0,0,76000,0,94.03,94.23,94.61
42,0,0,0,0,97265,97265,97265,14,14,14,591,591,591,0.00,0.00,0.00,0.00,0.00,0.00,0.00,0.00,0.00,0.00,0.00,0.00,0.00,0.00,0.00,0.00,0.00,0.00,0.00,0.00,0.00,215095,387698,547674,225420,400784,560776,0,0,0,0,0,0,0,81980,0,90.88,91.40,91.82
42,1,0,0,0,97270,97270,97270,9,9,9,591,591,591,0.00,0.00,0.00,0.00,0.00,0.00,0.00,0.00,0.00,0.00,0.00,0.00,0.00,0.00,0.00,0.00,0.00,0.00,0.00,0.00,0.00,220127,370022,563600,228862,382703,578971,0,0,0,0,0,0,0,91132,0,100.93,101.40,101.72
42,2,0,0,0,97271,97271,97271,8,8,8,591,591,591,0.00,0.00,0.00,0.00,0.00,0.00,0.00,0.00,0.00,0.00,0.00,0.00,0.00,0.00,0.00,0.00,0.00,0.00,0.00,0.00,0.00,301294,367902,560772,314394,382001,573874,0,0,0,0,0,0,0,71118,0,88.68,88.98,89.26
42,3,0,0,0,97270,97270,97270,9,9,9,591,591,591,0.00,0.00,0.00,0.00,0.00,0.00,0.00,0.00,0.00,0.00,0.00,0.00,0.00,0.00,0.00,0.00,0.00,0.00,0.00,0.00,0.00,437618,639380,1142528,453341,653530,1155630,0,0,0,0,0,0,0,84911,0,94.03,94.38,94.57
43,0,0,0,0,97265,97265,97265,14,14,14,591,591,591,0.00,0.00,0.00,0.00,0.00,0.00,0.00,0.00,0.00,0.00,0.00,0.00,0.00,0.00,0.00,0.00,0.00,0.00,0.00,0.00,0.00,317075,489491,1100590,330178,503641,1116313,0,0,0,0,0,0,0,72639,0,90.66,90.76,90.85
43,1,0,0,0,97270,97270,97270,9,9,9,591,591,591,0.00,0.00,0.00,0.00,0.00,0.00,0.00,0.00,0.00,0.00,0.00,0.00,0.00,0.00,0.00,0.00,0.00,0.00,0.00,0.00,0.00,319703,413516,642033,332806,427666,655135,0,0,0,0,0,0,0,80580,0,100.47,100.66,100.79
43,2,0,0,0,97271,97271,97271,8,8,8,591,591,591,0.00,0.00,0.00,0.00,0.00,0.00,0.00,0.00,0.00,0.00,0.00,0.00,0.00,0.00,0.00,0.00,0.00,0.00,0.00,0.00,0.00,225362,454906,710158,232350,468881,725881,0,0,0,0,0,0,0,71163,0,88.50,88.60,88.66
43,3,0,0,0,97270,97270,97270,9,9,9,591,591,591,0.00,0.00,0.00,0.00,0.00,0.00,0.00,0.00,0.00,0.00,0.00,0.00,0.00,0.00,0.00,0.00,0.00,0.00,0.00,0.00,0.00,421897,498935,607944,437620,513085,621047,0,0,0,0,0,0,0,75241,0,93.84,93.94,93.98
44,0,0,0,0,97265,97265,97265,14,14,14,591,591,591,0.00,0.00,0.00,0.00,0.00,0.00,0.00,0.00,0.00,0.00,0.00,0.00,0.00,0.00,0.00,0.00,0.00,0.00,0.00,0.00,0.00,311835,401978,662977,327558,415604,676080,0,0,0,0,0,0,0,72973,0,90.62,90.74,90.89
44,1,0,0,0,97270,97270,97270,9,9,9,591,591,591,0.00,0.00,0.00,0.00,0.00,0.00,0.00,0.00,0.00,0.00,0.00,0.00,0.00,0.00,0.00,0.00,0.00,0.00,0.00,0.00,0.00,322268,390450,552945,337988,405124,571289,0,0,0,0,0,0,0,81529,0,100.42,100.75,101.29
44,2,0,0,0,97271,97271,97271,8,8,8,591,591,591,0.00,0.00,0.00,0.00,0.00,0.00,0.00,0.00,0.00,0.00,0.00,0.00,0.00,0.00,0.00,0.00,0.00,0.00,0.00,0.00,0.00,311837,340135,408806,324939,353762,421909,0,0,0,0,0,0,0,80577,0,88.58,88.77,89.00
44,3,0,0,0,97270,97270,97270,9,9,9,591,591,591,0.00,0.00,0.00,0.00,0.00,0.00,0.00,0.00,0.00,0.00,0.00,0.00,0.00,0.00,0.00,0.00,0.00,0.00,0.00,0.00,0.00,387827,430795,500508,400929,444945,516231,0,0,0,0,0,0,0,75616,0,93.83,94.01,94.26
45,0,0,0,0,97265,97265,97265,14,14,14,591,591,591,0.00,0.00,0.00,0.00,0.00,0.00,0.00,0.00,0.00,0.00,0.00,0.00,0.00,0.00,0.00,0.00,0.00,0.00,0.00,0.00,0.00,322323,355727,437612,335426,370140,453335,0,0,0,0,0,0,0,54649,0,90.97,91.01,91.03
45,1,0,0,0,97270,97270,97270,9,9,9,591,591,591,0.00,0.00,0.00,0.00,0.00,0.00,0.00,0.00,0.00,0.00,0.00,0.00,0.00,0.00,0.00,0.00,0.00,0.00,0.00,0.00,0.00,330180,334115,340667,343292,347872,351149,0,0,0,0,0,0,0,60736,0,101.38,101.49,101.63
45,2,0,0,0,97271,97271,97271,8,8,8,591,591,591,0.00,0.00,0.00,0.00,0.00,0.00,0.00,0.00,0.00,0.00,0.00,0.00,0.00,0.00,0.00,0.00,0.00,0.00,0.00,0.00,0.00,335435,548984,1053419,348538,562742,1069142,0,0,0,0,0,0,0,53330,0,88.83,89.03,89.14
45,3,0,0,0,97270,97270,97270,9,9,9,591,591,591,0.00,0.00,0.00,0.00,0.00,0.00,0.00,0.00,0.00,0.00,0.00,0.00,0.00,0.00,0.00,0.00,0.00,0.00,0.00,0.00,0.00,281261,503072,730232,291743,516113,745714,0,0,0,0,0,0,0,56497,0,94.19,94.32,94.42
46,0,0,0,0,97265,97265,97265,14,14,14,591,591,591,0.00,0.00,0.00,0.00,0.00,0.00,0.00,0.00,0.00,0.00,0.00,0.00,0.00,0.00,0.00,0.00,0.00,0.00,0.00,0.00,0.00,286302,469549,1061273,294926,482293,1076996,0,0,0,0,0,0,0,82114,0,90.91,90.95,91.00
46,1,0,0,0,97270,97270,97270,9,9,9,591,591,591,0.00,0.00,0.00,0.00,0.00,0.00,0.00,0.00,0.00,0.00,0.00,0.00,0.00,0.00,0.00,0.00,0.00,0.00,0.00,0.00,0.00,213114,377421,657754,223595,389996,670856,0,0,0,0,0,0,0,90971,0,100.73,100.81,101.01
46,2,0,0,0,97271,97271,97271,8,8,8,591,591,591,0.00,0.00,0.00,0.00,0.00,0.00,0.00,0.00,0.00,0.00,0.00,0.00,0.00,0.00,0.00,0.00,0.00,0.00,0.00,0.00,0.00,319751,403028,702310,332644,416612,715413,0,0,0,0,0,0,0,71251,0,88.64,88.66,88.71
46,3,0,0,0,97270,97270,97270,9,9,9,591,591,591,0.00,0.00,0.00,0.00,0.00,0.00,0.00,0.00,0.00,0.00,0.00,0.00,0.00,0.00,0.00,0.00,0.00,0.00,0.00,0.00,0.00,421895,567064,930257,434997,580691,943359,0,0,0,0,0,0,0,75434,0,94.02,94.09,94.14
47,0,0,0,0,97265,97265,97265,14,14,14,591,591,591,0.00,0.00,0.00,0.00,0.00,0.00,0.00,0.00,0.00,0.00,0.00,0.00,0.00,0.00,0.00,0.00,0.00,0.00,0.00,0.00,0.00,317074,339608,403543,332797,353234,416645,0,0,0,0,0,0,0,72875,0,90.99,91.02,91.06
47,1,0,0,0,97270,97270,97270,9,9,9,591,591,591,0.00,0.00,0.00,0.00,0.00,0.00,0.00,0.00,0.00,0.00,0.00,0.00,0.00,0.00,0.00,0.00,0.00,0.00,0.00,0.00,0.00,319699,350090,413992,332802,364241,429714,0,0,0,0,0,0,0,80878,0,100.80,100.85,100.91
47,2,0,0,0,97271,97271,97271,8,8,8,591,591,591,0.00,0.00,0.00,0.00,0.00,0.00,0.00,0.00,0.00,0.00,0.00,0.00,0.00,0.00,0.00,0.00,0.00,0.00,0.00,0.00,0.00,223615,335072,463825,234096,347650,476927,0,0,0,0,0,0,0,71202,0,88.66,88.69,88.72
47,3,0,0,0,97270,97270,97270,9,9,9,591,591,591,0.00,0.00,0.00,0.00,0.00,0.00,0.00,0.00,0.00,0.00,0.00,0.00,0.00,0.00,0.00,0.00,0.00,0.00,0.00,0.00,0.00,432375,475343,560784,445478,488969,576507,0,0,0,0,0,0,0,75469,0,94.03,94.11,94.15
48,0,0,0,0,97265,97265,97265,14,14,14,591,591,591,0.00,0.00,0.00,0.00,0.00,0.00,0.00,0.00,0.00,0.00,0.00,0.00,0.00,0.00,0.00,0.00,0.00,0.00,0.00,0.00,0.00,324939,428183,683939,338032,441809,699662,0,0,0,0,0,0,0,72823,0,90.90,90.93,90.95
48,1,0,0,0,97270,97270,97270,9,9,9,591,591,591,0.00,0.00,0.00,0.00,0.00,0.00,0.00,0.00,0.00,0.00,0.00,0.00,0.00,0.00,0.00,0.00,0.00,0.00,0.00,0.00,0.00,314460,344857,416657,327563,357960,429760,0,0,0,0,0,0,0,80823,0,100.68,100.73,100.79
48,2,0,0,0,97271,97271,97271,8,8,8,591,591,591,0.00,0.00,0.00,0.00,0.00,0.00,0.00,0.00,0.00,0.00,0.00,0.00,0.00,0.00,0.00,0.00,0.00,0.00,0.00,0.00,0.00,324899,490020,1024610,340619,504694,1040333,0,0,0,0,0,0,0,79860,0,88.51,88.58,88.66
48,3,0,0,0,97270,97270,97270,9,9,9,591,591,591,0.00,0.00,0.00,0.00,0.00,0.00,0.00,0.00,0.00,0.00,0.00,0.00,0.00,0.00,0.00,0.00,0.00,0.00,0.00,0.00,0.00,398313,436525,495267,411416,450620,510990,0,0,0,0,0,0,0,75616,0,94.06,94.15,94.21
49,0,0,0,0,97265,97265,97265,14,14,14,591,591,591,0.00,0.00,0.00,0.00,0.00,0.00,0.00,0.00,0.00,0.00,0.00,0.00,0.00,0.00,0.00,0.00,0.00,0.00,0.00,0.00,0.00,240385,327134,424513,250761,339647,437615,0,0,0,0,0,0,0,82041,0,90.91,90.96,91.00
49,1,0,0,0,97270,97270,97270,9,9,9,591,591,591,0.00,0.00,0.00,0.00,0.00,0.00,0.00,0.00,0.00,0.00,0.00,0.00,0.00,0.00,0.00,0.00,0.00,0.00,0.00,0.00,0.00,322324,328511,332806,335426,342093,345909,0,0,0,0,0,0,0,90861,0,100.72,100.75,100.78
49,2,0,0,0,97271,97271,97271,8,8,8,591,591,591,0.00,0.00,0.00,0.00,0.00,0.00,0.00,0.00,0.00,0.00,0.00,0.00,0.00,0.00,0.00,0.00,0.00,0.00,0.00,0.00,0.00,324726,367346,492650,340190,380920,503132,0,0,0,0,0,0,0,71112,0,88.53,88.56,88.59
49,3,0,0,0,97270,97270,97270,9,9,9,591,591,591,0.00,0.00,0.00,0.00,0.00,0.00,0.00,0.00,0.00,0.00,0.00,0.00,0.00,0.00,0.00,0.00,0.00,0.00,0.00,0.00,0.00,387749,559007,1155630,398308,571760,1171353,0,0,0,0,0,0,0,85084,0,94.21,94.25,94.30
50,0,0,0,0,97265,97265,97265,14,14,14,591,591,591,0.00,0.00,0.00,0.00,0.00,0.00,0.00,0.00,0.00,0.00,0.00,0.00,0.00,0.00,0.00,0.00,0.00,0.00,0.00,0.00,0.00,302337,484456,1129421,318390,498672,1142523,0,0,0,0,0,0,0,72725,0,90.77,90.89,91.01
50,1,0,0,0,97270,97270,97270,9,9,9,591,591,591,0.00,0.00,0.00,0.00,0.00,0.00,0.00,0.00,0.00,0.00,0.00,0.00,0.00,0.00,0.00,0.00,0.00,0.00,0.00,0.00,0.00,234005,382750,607961,244483,395852,621064,0,0,0,0,0,0,0,80510,0,100.41,100.52,100.63
50,2,0,0,0,97271,97271,97271,8,8,8,591,591,591,0.00,0.00,0.00,0.00,0.00,0.00,0.00,0.00,0.00,0.00,0.00,0.00,0.00,0.00,0.00,0.00,0.00,0.00,0.00,0.00,0.00,305723,402838,691734,316205,415416,704835,0,0,0,0,0,0,0,71111,0,88.57,88.63,88.67
50,3,0,0,0,97270,97270,97270,9,9,9,591,591,591,0.00,0.00,0.00,0.00,0.00,0.00,0.00,0.00,0.00,0.00,0.00,0.00,0.00,0.00,0.00,0.00,0.00,0.00,0.00,0.00,0.00,421894,501554,605326,437616,515180,618428,0,0,0,0,0,0,0,75237,0,93.87,94.01,94.16
51,0,0,0,0,97265,97265,97265,14,14,14,591,591,591,0.00,0.00,0.00,0.00,0.00,0.00,0.00,0.00,0.00,0.00,0.00,0.00,0.00,0.00,0.00,0.00,0.00,0.00,0.00,0.00,0.00,319685,417681,686479,332787,431831,699580,0,0,0,0,0,0,0,72744,0,90.67,90.71,90.77
51,1,0,0,0,97270,97270,97270,9,9,9,591,591,591,0.00,0.00,0.00,0.00,0.00,0.00,0.00,0.00,0.00,0.00,0.00,0.00,0.00,0.00,0.00,0.00,0.00,0.00,0.00,0.00,0.00,330177,354294,419288,343279,367920,432391,0,0,0,0,0,0,0,80509,0,100.39,100.44,100.46
51,2,0,0,0,97271,97271,97271,8,8,8,591,591,591,0.00,0.00,0.00,0.00,0.00,0.00,0.00,0.00,0.00,0.00,0.00,0.00,0.00,0.00,0.00,0.00,0.00,0.00,0.00,0.00,0.00,330168,354280,440244,343270,367906,453347,0,0,0,0,0,0,0,53348,0,88.57,88.61,88.66
51,3,0,0,0,97270,97270,97270,9,9,9,591,591,591,0.00,0.00,0.00,0.00,0.00,0.00,0.00,0.00,0.00,0.00,0.00,0.00,0.00,0.00,0.00,0.00,0.00,0.00,0.00,0.00,0.00,403550,442334,521475,419273,455960,534577,0,0,0,0,0,0,0,75220,0,93.78,93.80,93.82
52,0,0,0,0,97265,97265,97265,14,14,14,591,591,591,0.00,0.00,0.00,0.00,0.00,0.00,0.00,0.00,0.00,0.00,0.00,0.00,0.00,0.00,0.00,0.00,0.00,0.00,0.00,0.00,0.00,330184,430406,621031,343286,444818,634133,0,0,0,0,0,0,0,54584,0,90.77,90.78,90.82
52,1,0,0,0,97270,97270,97270,9,9,9,591,591,591,0.00,0.00,0.00,0.00,0.00,0.00,0.00,0.00,0.00,0.00,0.00,0.00,0.00,0.00,0.00,0.00,0.00,0.00,0.00,0.00,0.00,314455,353102,411383,327557,366859,427105,0,0,0,0,0,0,0,60368,0,100.33,100.36,100.40
52,2,0,0,0,97271,97271,97271,8,8,8,591,591,591,0.00,0.00,0.00,0.00,0.00,0.00,0.00,0.00,0.00,0.00,0.00,0.00,0.00,0.00,0.00,0.00,0.00,0.00,0.00,0.00,0.00,332812,550302,974820,348535,564059,987922,0,0,0,0,0,0,0,70949,0,88.45,88.58,88.69
52,3,0,0,0,97270,97270,97270,9,9,9,591,591,591,0.00,0.00,0.00,0.00,0.00,0.00,0.00,0.00,0.00,0.00,0.00,0.00,0.00,0.00,0.00,0.00,0.00,0.00,0.00,0.00,0.00,400199,435009,466444,415691,448271,482167,0,0,0,0,0,0,0,56412,0,93.83,93.86,93.89
53,0,0,0,0,97265,97265,97265,14,14,14,591,591,591,0.00,0.00,0.00,0.00,0.00,0.00,0.00,0.00,0.00,0.00,0.00,0.00,0.00,0.00,0.00,0.00,0.00,0.00,0.00,0.00,0.00,89065,493229,1137268,102163,506838,1150370,0,0,0,0,0,0,0,81927,0,90.71,90.77,90.84
53,1,0,0,0,97270,97270,97270,9,9,9,591,591,591,0.00,0.00,0.00,0.00,0.00,0.00,0.00,0.00,0.00,0.00,0.00,0.00,0.00,0.00,0.00,0.00,0.00,0.00,0.00,0.00,0.00,0,362148,841149,13102,375774,851631,0,0,0,0,0,0,0,90718,0,100.36,100.42,100.49
53,2,0,0,0,97271,97271,97271,8,8,8,591,591,591,0.00,0.00,0.00,0.00,0.00,0.00,0.00,0.00,0.00,0.00,0.00,0.00,0.00,0.00,0.00,0.00,0.00,0.00,0.00,0.00,0.00,317076,344320,419242,330178,358471,432344,0,0,0,0,0,0,0,71416,0,88.48,88.57,88.73
53,3,0,0,0,97270,97270,97270,9,9,9,591,591,591,0.00,0.00,0.00,0.00,0.00,0.00,0.00,0.00,0.00,0.00,0.00,0.00,0.00,0.00,0.00,0.00,0.00,0.00,0.00,0.00,0.00,421895,629433,1291880,434998,643584,1304982,0,0,0,0,0,0,0,75265,0,93.87,93.94,93.99
54,0,0,0,0,97265,97265,97265,14,14,14,591,591,591,0.00,0.00,0.00,0.00,0.00,0.00,0.00,0.00,0.00,0.00,0.00,0.00,0.00,0.00,0.00,0.00,0.00,0.00,0.00,0.00,0.00,322317,338554,387820,335419,352179,400922,0,0,0,0,0,0,0,72894,0,90.79,90.82,90.88
54,1,0,0,0,97270,97270,97270,9,9,9,591,591,591,0.00,0.00,0.00,0.00,0.00,0.00,0.00,0.00,0.00,0.00,0.00,0.00,0.00,0.00,0.00,0.00,0.00,0.00,0.00,0.00,0.00,324945,405120,576511,338048,419270,592234,0,0,0,0,0,0,0,80628,0,100.56,100.58,100.60
54,2,0,0,0,97271,97271,97271,8,8,8,591,591,591,0.00,0.00,0.00,0.00,0.00,0.00,0.00,0.00,0.00,0.00,0.00,0.00,0.00,0.00,0.00,0.00,0.00,0.00,0.00,0.00,0.00,311836,413510,681325,327559,427661,697048,0,0,0,0,0,0,0,71045,0,88.69,88.78,88.80
54,3,0,0,0,97270,97270,97270,9,9,9,591,591,591,0.00,0.00,0.00,0.00,0.00,0.00,0.00,0.00,0.00,0.00,0.00,0.00,0.00,0.00,0.00,0.00,0.00,0.00,0.00,0.00,0.00,406172,442326,547673,419275,455952,560775,0,0,0,0,0,0,0,75216,0,93.78,93.82,93.88
55,0,0,0,0,97265,97265,97265,14,14,14,591,591,591,0.00,0.00,0.00,0.00,0.00,0.00,0.00,0.00,0.00,0.00,0.00,0.00,0.00,0.00,0.00,0.00,0.00,0.00,0.00,0.00,0.00,330178,433422,694422,343280,447573,707525,0,0,0,0,0,0,0,72783,0,90.80,90.83,90.84
55,1,0,0,0,97270,97270,97270,9,9,9,591,591,591,0.00,0.00,0.00,0.00,0.00,0.00,0.00,0.00,0.00,0.00,0.00,0.00,0.00,0.00,0.00,0.00,0.00,0.00,0.00,0.00,0.00,332805,395174,555552,345907,409849,573896,0,0,0,0,0,0,0,80524,0,100.44,100.50,100.54
55,2,0,0,0,97271,97271,97271,8,8,8,591,591,591,0.00,0.00,0.00,0.00,0.00,0.00,0.00,0.00,0.00,0.00,0.00,0.00,0.00,0.00,0.00,0.00,0.00,0.00,0.00,0.00,0.00,7861,404075,919784,20963,417701,932886,0,0,0,0,0,0,0,79987,0,88.50,88.53,88.59
55,3,0,0,0,97270,97270,97270,9,9,9,591,591,591,0.00,0.00,0.00,0.00,0.00,0.00,0.00,0.00,0.00,0.00,0.00,0.00,0.00,0.00,0.00,0.00,0.00,0.00,0.00,0.00,0.00,0,430279,867371,24955,446800,883094,0,0,0,0,0,0,0,75189,0,93.83,93.88,93.93
56,0,0,0,0,97265,97265,97265,14,14,14,591,591,591,0.00,0.00,0.00,0.00,0.00,0.00,0.00,0.00,0.00,0.00,0.00,0.00,0.00,0.00,0.00,0.00,0.00,0.00,0.00,0.00,0.00,319598,344301,406175,332696,357926,421898,0,0,0,0,0,0,0,81819,0,90.69,90.76,90.84
56,1,0,0,0,97270,97270,97270,9,9,9,591,591,591,0.00,0.00,0.00,0.00,0.00,0.00,0.00,0.00,0.00,0.00,0.00,0.00,0.00,0.00,0.00,0.00,0.00,0.00,0.00,0.00,0.00,322322,387518,523975,338045,401378,538397,0,0,0,0,0,0,0,90487,0,100.34,100.38,100.42
56,2,0,0,0,97271,97271,97271,8,8,8,591,591,591,0.00,0.00,0.00,0.00,0.00,0.00,0.00,0.00,0.00,0.00,0.00,0.00,0.00,0.00,0.00,0.00,0.00,0.00,0.00,0.00,0.00,324938,384148,495201,338040,398298,508302,0,0,0,0,0,0,0,71080,0,88.48,88.50,88.53
56,3,0,0,0,97270,97270,97270,9,9,9,591,591,591,0.00,0.00,0.00,0.00,0.00,0.00,0.00,0.00,0.00,0.00,0.00,0.00,0.00,0.00,0.00,0.00,0.00,0.00,0.00,0.00,0.00,404183,595728,1137275,420243,609367,1150377,0,0,0,0,0,0,0,75144,0,93.83,93.86,93.90
57,0,0,0,0,97265,97265,97265,14,14,14,591,591,591,0.00,0.00,0.00,0.00,0.00,0.00,0.00,0.00,0.00,0.00,0.00,0.00,0.00,0.00,0.00,0.00,0.00,0.00,0.00,0.00,0.00,286220,510161,1250473,300774,524260,1261867,0,0,0,0,0,0,0,72958,0,90.76,90.84,90.98
57,1,0,0,0,97270,97270,97270,9,9,9,591,591,591,0.00,0.00,0.00,0.00,0.00,0.00,0.00,0.00,0.00,0.00,0.00,0.00,0.00,0.00,0.00,0.00,0.00,0.00,0.00,0.00,0.00,327562,545190,1316167,340664,558552,1330567,0,0,0,0,0,0,0,80623,0,100.36,100.42,100.48
57,2,0,0,0,97271,97271,97271,8,8,8,591,591,591,0.00,0.00,0.00,0.00,0.00,0.00,0.00,0.00,0.00,0.00,0.00,0.00,0.00,0.00,0.00,0.00,0.00,0.00,0.00,0.00,0.00,322317,383116,492666,335419,396743,508390,0,0,0,0,0,0,0,71215,0,88.57,88.59,88.64
57,3,0,0,0,97270,97270,97270,9,9,9,591,591,591,0.00,0.00,0.00,0.00,0.00,0.00,0.00,0.00,0.00,0.00,0.00,0.00,0.00,0.00,0.00,0.00,0.00,0.00,0.00,0.00,0.00,424509,491587,586982,440231,505737,600084,0,0,0,0,0,0,0,75146,0,93.76,93.78,93.81
58,0,0,0,0,97265,97265,97265,14,14,14,591,591,591,0.00,0.00,0.00,0.00,0.00,0.00,0.00,0.00,0.00,0.00,0.00,0.00,0.00,0.00,0.00,0.00,0.00,0.00,0.00,0.00,0.00,322315,412981,673465,335417,426607,686567,0,0,0,0,0,0,0,72979,0,90.95,91.03,91.09
58,1,0,0,0,97270,97270,97270,9,9,9,591,591,591,0.00,0.00,0.00,0.00,0.00,0.00,0.00,0.00,0.00,0.00,0.00,0.00,0.00,0.00,0.00,0.00,0.00,0.00,0.00,0.00,0.00,335426,356914,408800,351141,371064,421903,0,0,0,0,0,0,0,80509,0,100.49,100.54,100.58
58,2,0,0,0,97271,97271,97271,8,8,8,591,591,591,0.00,0.00,0.00,0.00,0.00,0.00,0.00,0.00,0.00,0.00,0.00,0.00,0.00,0.00,0.00,0.00,0.00,0.00,0.00,0.00,0.00,319675,348515,445480,335396,362142,461203,0,0,0,0,0,0,0,62319,0,88.64,88.72,88.77
58,3,0,0,0,97270,97270,97270,9,9,9,591,591,591,0.00,0.00,0.00,0.00,0.00,0.00,0.00,0.00,0.00,0.00,0.00,0.00,0.00,0.00,0.00,0.00,0.00,0.00,0.00,0.00,0.00,411414,447575,555542,424517,461202,571265,0,0,0,0,0,0,0,75352,0,93.77,93.88,94.00
59,0,0,0,0,97265,97265,97265,14,14,14,591,591,591,0.00,0.00,0.00,0.00,0.00,0.00,0.00,0.00,0.00,0.00,0.00,0.00,0.00,0.00,0.00,0.00,0.00,0.00,0.00,0.00,0.00,276001,333492,421896,284736,346245,437618,0,0,0,0,0,0,0,54568,0,90.90,91.04,91.17
59,1,0,0,0,97270,97270,97270,9,9,9,591,591,591,0.00,0.00,0.00,0.00,0.00,0.00,0.00,0.00,0.00,0.00,0.00,0.00,0.00,0.00,0.00,0.00,0.00,0.00,0.00,0.00,0.00,220120,332268,434958,227108,345195,448059,0,0,0,0,0,0,0,60351,0,100.40,100.43,100.46
59,2,0,0,0,97271,97271,97271,8,8,8,591,591,591,0.00,0.00,0.00,0.00,0.00,0.00,0.00,0.00,0.00,0.00,0.00,0.00,0.00,0.00,0.00,0.00,0.00,0.00,0.00,0.00,0.00,319689,501559,943365,335412,515709,959088,0,0,0,0,0,0,0,71085,0,88.53,88.63,88.72
59,3,0,0,0,97270,97270,97270,9,9,9,591,591,591,0.00,0.00,0.00,0.00,0.00,0.00,0.00,0.00,0.00,0.00,0.00,0.00,0.00,0.00,0.00,0.00,0.00,0.00,0.00,0.00,0.00,288248,418448,526966,296983,431161,537299,0,0,0,0,0,0,0,65661,0,93.69,93.86,94.01
60,0,0,0,0,97265,97265,97265,14,14,14,591,591,591,0.00,0.00,0.00,0.00,0.00,0.00,0.00,0.00,0.00,0.00,0.00,0.00,0.00,0.00,0.00,0.00,0.00,0.00,0.00,0.00,0.00,293085,474991,1100288,305297,488430,1115677,0,0,0,0,0,0,0,81773,0,90.69,90.74,90.77
60,1,0,0,0,97270,97270,97270,9,9,9,591,591,591,0.00,0.00,0.00,0.00,0.00,0.00,0.00,0.00,0.00,0.00,0.00,0.00,0.00,0.00,0.00,0.00,0.00,0.00,0.00,0.00,0.00,310445,552479,1170464,323827,565863,1183298,0,0,0,0,0,0,0,80405,0,100.41,100.42,100.44
60,2,0,0,0,97271,97271,97271,8,8,8,591,591,591,0.00,0.00,0.00,0.00,0.00,0.00,0.00,0.00,0.00,0.00,0.00,0.00,0.00,0.00,0.00,0.00,0.00,0.00,0.00,0.00,0.00,265477,316716,338041,274210,329992,353764,0,0,0,0,0,0,0,71238,0,88.55,88.57,88.59
60,3,0,0,0,97270,97270,97270,9,9,9,591,591,591,0.00,0.00,0.00,0.00,0.00,0.00,0.00,0.00,0.00,0.00,0.00,0.00,0.00,0.00,0.00,0.00,0.00,0.00,0.00,0.00,0.00,419274,597463,1069140,434997,611089,1082242,0,0,0,0,0,0,0,75136,0,93.65,93.74,93.82
61,0,0,0,0,97265,97265,97265,14,14,14,591,591,591,0.00,0.00,0.00,0.00,0.00,0.00,0.00,0.00,0.00,0.00,0.00,0.00,0.00,0.00,0.00,0.00,0.00,0.00,0.00,0.00,0.00,324931,417691,691801,335412,431841,707524,0,0,0,0,0,0,0,72888,0,90.70,90.79,90.91
61,1,0,0,0,97270,97270,97270,9,9,9,591,591,591,0.00,0.00,0.00,0.00,0.00,0.00,0.00,0.00,0.00,0.00,0.00,0.00,0.00,0.00,0.00,0.00,0.00,0.00,0.00,0.00,0.00,330184,353246,437632,340669,366873,453355,0,0,0,0,0,0,0,80363,0,100.27,100.34,100.41
61,2,0,0,0,97271,97271,97271,8,8,8,591,591,591,0.00,0.00,0.00,0.00,0.00,0.00,0.00,0.00,0.00,0.00,0.00,0.00,0.00,0.00,0.00,0.00,0.00,0.00,0.00,0.00,0.00,324936,374717,463771,340659,388344,474252,0,0,0,0,0,0,0,71141,0,88.61,88.68,88.76
61,3,0,0,0,97270,97270,97270,9,9,9,591,591,591,0.00,0.00,0.00,0.00,0.00,0.00,0.00,0.00,0.00,0.00,0.00,0.00,0.00,0.00,0.00,0.00,0.00,0.00,0.00,0.00,0.00,408789,451242,563406,421891,464868,576508,0,0,0,0,0,0,0,75135,0,93.80,93.86,93.91
62,0,0,0,0,97265,97265,97265,14,14,14,591,591,591,0.00,0.00,0.00,0.00,0.00,0.00,0.00,0.00,0.00,0.00,0.00,0.00,0.00,0.00,0.00,0.00,0.00,0.00,0.00,0.00,0.00,317075,412457,521471,330177,426608,537194,0,0,0,0,0,0,0,72851,0,90.78,90.88,90.91
62,1,0,0,0,97270,97270,97270,9,9,9,591,591,591,0.00,0.00,0.00,0.00,0.00,0.00,0.00,0.00,0.00,0.00,0.00,0.00,0.00,0.00,0.00,0.00,0.00,0.00,0.00,0.00,0.00,324943,358999,398315,338045,373149,411418,0,0,0,0,0,0,0,80673,0,100.31,100.48,100.64
62,2,0,0,0,97271,97271,97271,8,8,8,591,591,591,0.00,0.00,0.00,0.00,0.00,0.00,0.00,0.00,0.00,0.00,0.00,0.00,0.00,0.00,0.00,0.00,0.00,0.00,0.00,0.00,0.00,327561,477974,930266,338043,491600,945988,0,0,0,0,0,0,0,80046,0,88.67,88.74,88.81
62,3,0,0,0,97270,97270,97270,9,9,9,591,591,591,0.00,0.00,0.00,0.00,0.00,0.00,0.00,0.00,0.00,0.00,0.00,0.00,0.00,0.00,0.00,0.00,0.00,0.00,0.00,0.00,0.00,455963,500499,547676,466445,514649,560778,0,0,0,0,0,0,0,75294,0,93.77,93.86,93.93
63,0,0,0,0,97265,97265,97265,14,14,14,591,591,591,0.00,0.00,0.00,0.00,0.00,0.00,0.00,0.00,0.00,0.00,0.00,0.00,0.00,0.00,0.00,0.00,0.00,0.00,0.00,0.00,0.00,18340,302572,448969,31441,315849,457704,0,0,0,0,0,0,0,81776,0,90.70,90.76,90.82
63,1,0,0,0,97270,97270,97270,9,9,9,591,591,591,0.00,0.00,0.00,0.00,0.00,0.00,0.00,0.00,0.00,0.00,0.00,0.00,0.00,0.00,0.00,0.00,0.00,0.00,0.00,0.00,0.00,319702,481045,846021,335425,493959,852941,0,0,0,0,0,0,0,90725,0,100.52,100.57,100.62
63,2,0,0,0,97271,97271,97271,8,8,8,591,591,591,0.00,0.00,0.00,0.00,0.00,0.00,0.00,0.00,0.00,0.00,0.00,0.00,0.00,0.00,0.00,0.00,0.00,0.00,0.00,0.00,0.00,322320,413017,616007,338041,427103,631407,0,0,0,0,0,0,0,71225,0,88.51,88.56,88.61
63,3,0,0,0,97270,97270,97270,9,9,9,591,591,591,0.00,0.00,0.00,0.00,0.00,0.00,0.00,0.00,0.00,0.00,0.00,0.00,0.00,0.00,0.00,0.00,0.00,0.00,0.00,0.00,0.00,276409,570368,1179427,285047,583058,1190554,0,0,0,0,0,0,0,75301,0,93.86,93.89,93.93
64,0,0,0,0,97265,97265,97265,14,14,14,591,591,591,0.00,0.00,0.00,0.00,0.00,0.00,0.00,0.00,0.00,0.00,0.00,0.00,0.00,0.00,0.00,0.00,0.00,0.00,0.00,0.00,0.00,327555,488370,1112923,340462,501954,1125804,0,0,0,0,0,0,0,72906,0,90.68,90.74,90.82
64,1,0,0,0,97270,97270,97270,9,9,9,591,591,591,0.00,0.00,0.00,0.00,0.00,0.00,0.00,0.00,0.00,0.00,0.00,0.00,0.00,0.00,0.00,0.00,0.00,0.00,0.00,0.00,0.00,310821,402609,555459,328655,417767,571180,0,0,0,0,0,0,0,80733,0,100.59,100.63,100.68
64,2,0,0,0,97271,97271,97271,8,8,8,591,591,591,0.00,0.00,0.00,0.00,0.00,0.00,0.00,0.00,0.00,0.00,0.00,0.00,0.00,0.00,0.00,0.00,0.00,0.00,0.00,0.00,0.00,225361,339604,484791,235843,352182,497894,0,0,0,0,0,0,0,71130,0,88.67,88.72,88.78
64,3,0,0,0,97270,97270,97270,9,9,9,591,591,591,0.00,0.00,0.00,0.00,0.00,0.00,0.00,0.00,0.00,0.00,0.00,0.00,0.00,0.00,0.00,0.00,0.00,0.00,0.00,0.00,0.00,421894,461714,545055,434996,475864,560778,0,0,0,0,0,0,0,75323,0,93.86,93.89,93.96
65,0,0,0,0,97265,97265,97265,14,14,14,591,591,591,0.00,0.00,0.00,0.00,0.00,0.00,0.00,0.00,0.00,0.00,0.00,0.00,0.00,0.00,0.00,0.00,0.00,0.00,0.00,0.00,0.00,327556,436570,694437,340658,450196,707540,0,0,0,0,0,0,0,72879,0,90.97,91.01,91.08
65,1,0,0,0,97270,97270,97270,9,9,9,591,591,591,0.00,0.00,0.00,0.00,0.00,0.00,0.00,0.00,0.00,0.00,0.00,0.00,0.00,0.00,0.00,0.00,0.00,0.00,0.00,0.00,0.00,330183,365299,427148,345900,378925,440251,0,0,0,0,0,0,0,80522,0,100.44,100.54,100.61
65,2,0,0,0,97271,97271,97271,8,8,8,591,591,591,0.00,0.00,0.00,0.00,0.00,0.00,0.00,0.00,0.00,0.00,0.00,0.00,0.00,0.00,0.00,0.00,0.00,0.00,0.00,0.00,0.00,330176,369486,450724,343279,384161,469067,0,0,0,0,0,0,0,62249,0,88.65,88.70,88.75
65,3,0,0,0,97270,97270,97270,9,9,9,591,591,591,0.00,0.00,0.00,0.00,0.00,0.00,0.00,0.00,0.00,0.00,0.00,0.00,0.00,0.00,0.00,0.00,0.00,0.00,0.00,0.00,0.00,411414,518852,775658,424517,533003,794001,0,0,0,0,0,0,0,75237,0,93.89,93.91,93.95
66,0,0,0,0,97265,97265,97265,14,14,14,591,591,591,0.00,0.00,0.00,0.00,0.00,0.00,0.00,0.00,0.00,0.00,0.00,0.00,0.00,0.00,0.00,0.00,0.00,0.00,0.00,0.00,0.00,319688,349164,411409,335411,363576,427131,0,0,0,0,0,0,0,54499,0,90.71,90.77,90.89
66,1,0,0,0,97270,97270,97270,9,9,9,591,591,591,0.00,0.00,0.00,0.00,0.00,0.00,0.00,0.00,0.00,0.00,0.00,0.00,0.00,0.00,0.00,0.00,0.00,0.00,0.00,0.00,0.00,317086,353113,434997,332810,366871,448099,0,0,0,0,0,0,0,60411,0,100.44,100.47,100.50
66,2,0,0,0,97271,97271,97271,8,8,8,591,591,591,0.00,0.00,0.00,0.00,0.00,0.00,0.00,0.00,0.00,0.00,0.00,0.00,0.00,0.00,0.00,0.00,0.00,0.00,0.00,0.00,0.00,330178,522130,964340,343280,535887,977442,0,0,0,0,0,0,0,71100,0,88.64,88.70,88.73
66,3,0,0,0,97270,97270,97270,9,9,9,591,591,591,0.00,0.00,0.00,0.00,0.00,0.00,0.00,0.00,0.00,0.00,0.00,0.00,0.00,0.00,0.00,0.00,0.00,0.00,0.00,0.00,0.00,416651,456616,547680,432373,470373,563403,0,0,0,0,0,0,0,65757,0,93.87,93.94,94.00
67,0,0,0,0,97265,97265,97265,14,14,14,591,591,591,0.00,0.00,0.00,0.00,0.00,0.00,0.00,0.00,0.00,0.00,0.00,0.00,0.00,0.00,0.00,0.00,0.00,0.00,0.00,0.00,0.00,20963,446061,1126805,36686,458759,1137287,0,0,0,0,0,0,0,81746,0,90.68,90.72,90.76
67,1,0,0,0,97270,97270,97270,9,9,9,591,591,591,0.00,0.00,0.00,0.00,0.00,0.00,0.00,0.00,0.00,0.00,0.00,0.00,0.00,0.00,0.00,0.00,0.00,0.00,0.00,0.00,0.00,211663,546293,1302248,220267,558964,1317970,0,0,0,0,0,0,0,80583,0,100.51,100.59,100.67
67,2,0,0,0,97271,97271,97271,8,8,8,591,591,591,0.00,0.00,0.00,0.00,0.00,0.00,0.00,0.00,0.00,0.00,0.00,0.00,0.00,0.00,0.00,0.00,0.00,0.00,0.00,0.00,0.00,319660,349022,440233,332761,362083,453336,0,0,0,0,0,0,0,71242,0,88.58,88.60,88.64
67,3,0,0,0,97270,97270,97270,9,9,9,591,591,591,0.00,0.00,0.00,0.00,0.00,0.00,0.00,0.00,0.00,0.00,0.00,0.00,0.00,0.00,0.00,0.00,0.00,0.00,0.00,0.00,0.00,279417,573478,1062879,288149,586604,1077849,0,0,0,0,0,0,0,75261,0,93.80,93.86,93.91
68,0,0,0,0,97265,97265,97265,14,14,14,591,591,591,0.00,0.00,0.00,0.00,0.00,0.00,0.00,0.00,0.00,0.00,0.00,0.00,0.00,0.00,0.00,0.00,0.00,0.00,0.00,0.00,0.00,315960,404960,689180,329348,419113,707523,0,0,0,0,0,0,0,72837,0,90.72,90.75,90.80
68,1,0,0,0,97270,97270,97270,9,9,9,591,591,591,0.00,0.00,0.00,0.00,0.00,0.00,0.00,0.00,0.00,0.00,0.00,0.00,0.00,0.00,0.00,0.00,0.00,0.00,0.00,0.00,0.00,318716,351476,445490,332107,365685,461213,0,0,0,0,0,0,0,80706,0,100.64,100.65,100.66
68,2,0,0,0,97271,97271,97271,8,8,8,591,591,591,0.00,0.00,0.00,0.00,0.00,0.00,0.00,0.00,0.00,0.00,0.00,0.00,0.00,0.00,0.00,0.00,0.00,0.00,0.00,0.00,0.00,328213,349138,420824,343282,362231,433975,0,0,0,0,0,0,0,71017,0,88.58,88.60,88.62
68,3,0,0,0,97270,97270,97270,9,9,9,591,591,591,0.00,0.00,0.00,0.00,0.00,0.00,0.00,0.00,0.00,0.00,0.00,0.00,0.00,0.00,0.00,0.00,0.00,0.00,0.00,0.00,0.00,406170,441810,510988,419273,455437,524091,0,0,0,0,0,0,0,75163,0,93.82,93.90,94.00
69,0,0,0,0,97265,97265,97265,14,14,14,591,591,591,0.00,0.00,0.00,0.00,0.00,0.00,0.00,0.00,0.00,0.00,0.00,0.00,0.00,0.00,0.00,0.00,0.00,0.00,0.00,0.00,0.00,319687,353228,414017,335384,366854,424498,0,0,0,0,0,0,0,72727,0,90.76,90.79,90.81
69,1,0,0,0,97270,97270,97270,9,9,9,591,591,591,0.00,0.00,0.00,0.00,0.00,0.00,0.00,0.00,0.00,0.00,0.00,0.00,0.00,0.00,0.00,0.00,0.00,0.00,0.00,0.00,0.00,324911,342060,377873,338012,355158,390903,0,0,0,0,0,0,0,80463,0,100.41,100.50,100.63
69,2,0,0,0,97271,97271,97271,8,8,8,591,591,591,0.00,0.00,0.00,0.00,0.00,0.00,0.00,0.00,0.00,0.00,0.00,0.00,0.00,0.00,0.00,0.00,0.00,0.00,0.00,0.00,0.00,330177,479898,956511,343279,493518,969614,0,0,0,0,0,0,0,79905,0,88.48,88.51,88.53
69,3,0,0,0,97270,97270,97270,9,9,9,591,591,591,0.00,0.00,0.00,0.00,0.00,0.00,0.00,0.00,0.00,0.00,0.00,0.00,0.00,0.00,0.00,0.00,0.00,0.00,0.00,0.00,0.00,411417,475867,558105,424519,490018,573826,0,0,0,0,0,0,0,75097,0,93.71,93.77,93.80
70,0,0,0,0,97265,97265,97265,14,14,14,591,591,591,0.00,0.00,0.00,0.00,0.00,0.00,0.00,0.00,0.00,0.00,0.00,0.00,0.00,0.00,0.00,0.00,0.00,0.00,0.00,0.00,0.00,211382,324762,411426,220117,337515,427150,0,0,0,0,0,0,0,81850,0,90.75,90.78,90.81
70,1,0,0,0,97270,97270,97270,9,9,9,591,591,591,0.00,0.00,0.00,0.00,0.00,0.00,0.00,0.00,0.00,0.00,0.00,0.00,0.00,0.00,0.00,0.00,0.00,0.00,0.00,0.00,0.00,322322,571127,1289287,338045,585273,1302389,0,0,0,0,0,0,0,90601,0,100.35,100.45,100.51
70,2,0,0,0,97271,97271,97271,8,8,8,591,591,591,0.00,0.00,0.00,0.00,0.00,0.00,0.00,0.00,0.00,0.00,0.00,0.00,0.00,0.00,0.00,0.00,0.00,0.00,0.00,0.00,0.00,330169,404076,455965,343271,417703,471688,0,0,0,0,0,0,0,71134,0,88.49,88.58,88.62
70,3,0,0,0,97270,97270,97270,9,9,9,591,591,591,0.00,0.00,0.00,0.00,0.00,0.00,0.00,0.00,0.00,0.00,0.00,0.00,0.00,0.00,0.00,0.00,0.00,0.00,0.00,0.00,0.00,277897,568142,1139905,286527,580874,1155628,0,0,0,0,0,0,0,75079,0,93.72,93.79,93.82
71,0,0,0,0,97265,97265,97265,14,14,14,591,591,591,0.00,0.00,0.00,0.00,0.00,0.00,0.00,0.00,0.00,0.00,0.00,0.00,0.00,0.00,0.00,0.00,0.00,0.00,0.00,0.00,0.00,330208,538507,1155633,343106,552619,1168736,0,0,0,0,0,0,0,72799,0,90.69,90.74,90.78
71,1,0,0,0,97270,97270,97270,9,9,9,591,591,591,0.00,0.00,0.00,0.00,0.00,0.00,0.00,0.00,0.00,0.00,0.00,0.00,0.00,0.00,0.00,0.00,0.00,0.00,0.00,0.00,0.00,284077,316203,340665,291006,329132,353768,0,0,0,0,0,0,0,80648,0,100.47,100.51,100.56
71,2,0,0,0,97271,97271,97271,8,8,8,591,591,591,0.00,0.00,0.00,0.00,0.00,0.00,0.00,0.00,0.00,0.00,0.00,0.00,0.00,0.00,0.00,0.00,0.00,0.00,0.00,0.00,0.00,218375,335174,476868,228857,348240,489969,0,0,0,0,0,0,0,71062,0,88.49,88.53,88.61
71,3,0,0,0,97270,97270,97270,9,9,9,591,591,591,0.00,0.00,0.00,0.00,0.00,0.00,0.00,0.00,0.00,0.00,0.00,0.00,0.00,0.00,0.00,0.00,0.00,0.00,0.00,0.00,0.00,424518,466441,555541,440241,480068,566023,0,0,0,0,0,0,0,75192,0,93.70,93.75,93.82
72,0,0,0,0,97265,97265,97265,14,14,14,591,591,591,0.00,0.00,0.00,0.00,0.00,0.00,0.00,0.00,0.00,0.00,0.00,0.00,0.00,0.00,0.00,0.00,0.00,0.00,0.00,0.00,0.00,348513,453342,694436,364235,467493,704918,0,0,0,0,0,0,0,72789,0,90.78,90.81,90.86
72,1,0,0,0,97270,97270,97270,9,9,9,591,591,591,0.00,0.00,0.00,0.00,0.00,0.00,0.00,0.00,0.00,0.00,0.00,0.00,0.00,0.00,0.00,0.00,0.00,0.00,0.00,0.00,0.00,330149,392019,529335,345870,406169,542437,0,0,0,0,0,0,0,80651,0,100.43,100.46,100.52
72,2,0,0,0,97271,97271,97271,8,8,8,591,591,591,0.00,0.00,0.00,0.00,0.00,0.00,0.00,0.00,0.00,0.00,0.00,0.00,0.00,0.00,0.00,0.00,0.00,0.00,0.00,0.00,0.00,330174,383111,508365,343276,397261,524088,0,0,0,0,0,0,0,62012,0,88.44,88.50,88.54
72,3,0,0,0,97270,97270,97270,9,9,9,591,591,591,0.00,0.00,0.00,0.00,0.00,0.00,0.00,0.00,0.00,0.00,0.00,0.00,0.00,0.00,0.00,0.00,0.00,0.00,0.00,0.00,0.00,411364,477436,618418,421845,491586,634141,0,0,0,0,0,0,0,75248,0,93.75,93.79,93.81
73,0,0,0,0,97265,97265,97265,14,14,14,591,591,591,0.00,0.00,0.00,0.00,0.00,0.00,0.00,0.00,0.00,0.00,0.00,0.00,0.00,0.00,0.00,0.00,0.00,0.00,0.00,0.00,0.00,324927,344588,403547,338029,358346,419270,0,0,0,0,0,0,0,54641,0,90.84,90.85,90.88
73,1,0,0,0,97270,97270,97270,9,9,9,591,591,591,0.00,0.00,0.00,0.00,0.00,0.00,0.00,0.00,0.00,0.00,0.00,0.00,0.00,0.00,0.00,0.00,0.00,0.00,0.00,0.00,0.00,319699,351800,424512,332801,366212,440234,0,0,0,0,0,0,0,60568,0,100.53,100.62,100.67
73,2,0,0,0,97271,97271,97271,8,8,8,591,591,591,0.00,0.00,0.00,0.00,0.00,0.00,0.00,0.00,0.00,0.00,0.00,0.00,0.00,0.00,0.00,0.00,0.00,0.00,0.00,0.00,0.00,330173,516214,948601,345896,529972,961704,0,0,0,0,0,0,0,71173,0,88.51,88.59,88.66
73,3,0,0,0,97270,97270,97270,9,9,9,591,591,591,0.00,0.00,0.00,0.00,0.00,0.00,0.00,0.00,0.00,0.00,0.00,0.00,0.00,0.00,0.00,0.00,0.00,0.00,0.00,0.00,0.00,408790,459235,552914,421893,472337,566016,0,0,0,0,0,0,0,65738,0,93.74,93.78,93.84
74,0,0,0,0,97265,97265,97265,14,14,14,591,591,591,0.00,0.00,0.00,0.00,0.00,0.00,0.00,0.00,0.00,0.00,0.00,0.00,0.00,0.00,0.00,0.00,0.00,0.00,0.00,0.00,0.00,314461,413151,758183,327563,426428,766918,0,0,0,0,0,0,0,81912,0,90.82,90.84,90.87
74,1,0,0,0,97270,97270,97270,9,9,9,591,591,591,0.00,0.00,0.00,0.00,0.00,0.00,0.00,0.00,0.00,0.00,0.00,0.00,0.00,0.00,0.00,0.00,0.00,0.00,0.00,0.00,0.00,322325,615275,1294543,335427,629425,1307646,0,0,0,0,0,0,0,80628,0,100.64,100.67,100.70
74,2,0,0,0,97271,97271,97271,8,8,8,591,591,591,0.00,0.00,0.00,0.00,0.00,0.00,0.00,0.00,0.00,0.00,0.00,0.00,0.00,0.00,0.00,0.00,0.00,0.00,0.00,0.00,0.00,332794,417702,550302,343276,431853,566025,0,0,0,0,0,0,0,71181,0,88.62,88.69,88.72
74,3,0,0,0,97270,97270,97270,9,9,9,591,591,591,0.00,0.00,0.00,0.00,0.00,0.00,0.00,0.00,0.00,0.00,0.00,0.00,0.00,0.00,0.00,0.00,0.00,0.00,0.00,0.00,0.00,284756,573688,1116285,293491,586964,1132007,0,0,0,0,0,0,0,75132,0,93.72,93.74,93.78
75,0,0,0,0,97265,97265,97265,14,14,14,591,591,591,0.00,0.00,0.00,0.00,0.00,0.00,0.00,0.00,0.00,0.00,0.00,0.00,0.00,0.00,0.00,0.00,0.00,0.00,0.00,0.00,0.00,315148,410431,691808,330521,424006,704910,0,0,0,0,0,0,0,72874,0,90.77,90.83,90.87
75,1,0,0,0,97270,97270,97270,9,9,9,591,591,591,0.00,0.00,0.00,0.00,0.00,0.00,0.00,0.00,0.00,0.00,0.00,0.00,0.00,0.00,0.00,0.00,0.00,0.00,0.00,0.00,0.00,236834,337260,445499,247207,350367,458602,0,0,0,0,0,0,0,80604,0,100.46,100.51,100.58
75,2,0,0,0,97271,97271,97271,8,8,8,591,591,591,0.00,0.00,0.00,0.00,0.00,0.00,0.00,0.00,0.00,0.00,0.00,0.00,0.00,0.00,0.00,0.00,0.00,0.00,0.00,0.00,0.00,220114,361121,477086,228849,373804,489842,0,0,0,0,0,0,0,70918,0,88.47,88.56,88.67
75,3,0,0,0,97270,97270,97270,9,9,9,591,591,591,0.00,0.00,0.00,0.00,0.00,0.00,0.00,0.00,0.00,0.00,0.00,0.00,0.00,0.00,0.00,0.00,0.00,0.00,0.00,0.00,0.00,414036,518851,885709,429759,533526,904052,0,0,0,0,0,0,0,75234,0,93.70,93.78,93.83
76,0,0,0,0,97265,97265,97265,14,14,14,591,591,591,0.00,0.00,0.00,0.00,0.00,0.00,0.00,0.00,0.00,0.00,0.00,0.00,0.00,0.00,0.00,0.00,0.00,0.00,0.00,0.00,0.00,324938,356897,413975,338040,370523,427075,0,0,0,0,0,0,0,72932,0,90.86,90.95,90.99
76,1,0,0,0,97270,97270,97270,9,9,9,591,591,591,0.00,0.00,0.00,0.00,0.00,0.00,0.00,0.00,0.00,0.00,0.00,0.00,0.00,0.00,0.00,0.00,0.00,0.00,0.00,0.00,0.00,327564,343283,382575,340667,356910,395677,0,0,0,0,0,0,0,80532,0,100.47,100.50,100.55
76,2,0,0,0,97271,97271,97271,8,8,8,591,591,591,0.00,0.00,0.00,0.00,0.00,0.00,0.00,0.00,0.00,0.00,0.00,0.00,0.00,0.00,0.00,0.00,0.00,0.00,0.00,0.00,0.00,324903,468009,930284,340624,482159,940766,0,0,0,0,0,0,0,79833,0,88.48,88.50,88.52
76,3,0,0,0,97270,97270,97270,9,9,9,591,591,591,0.00,0.00,0.00,0.00,0.00,0.00,0.00,0.00,0.00,0.00,0.00,0.00,0.00,0.00,0.00,0.00,0.00,0.00,0.00,0.00,0.00,411413,475876,552918,424515,490027,568641,0,0,0,0,0,0,0,75268,0,93.81,93.87,93.91
78,0,0,0,0,97265,97265,97265,14,14,14,591,591,591,0.00,0.00,0.00,0.00,0.00,0.00,0.00,0.00,0.00,0.00,0.00,0.00,0.00,0.00,0.00,0.00,0.00,0.00,0.00,0.00,0.00,221863,409990,1171334,232344,423327,1184436,0,0,0,0,0,0,0,173092,0,90.86,90.94,91.00
78,1,0,0,0,97270,97270,97270,9,9,9,591,591,591,0.00,0.00,0.00,0.00,0.00,0.00,0.00,0.00,0.00,0.00,0.00,0.00,0.00,0.00,0.00,0.00,0.00,0.00,0.00,0.00,0.00,215980,446198,1286682,226348,459251,1297164,0,0,0,0,0,0,0,191390,0,100.47,100.54,100.62
78,2,0,0,0,97271,97271,97271,8,8,8,591,591,591,0.00,0.00,0.00,0.00,0.00,0.00,0.00,0.00,0.00,0.00,0.00,0.00,0.00,0.00,0.00,0.00,0.00,0.00,0.00,0.00,0.00,319556,386754,503116,332441,400358,516218,0,0,0,0,0,0,0,159850,0,88.39,88.48,88.51
78,3,0,0,0,97270,97270,97270,9,9,9,591,591,591,0.00,0.00,0.00,0.00,0.00,0.00,0.00,0.00,0.00,0.00,0.00,0.00,0.00,0.00,0.00,0.00,0.00,0.00,0.00,0.00,0.00,276021,512122,1121570,286503,525224,1134673,0,0,0,0,0,0,0,169176,0,93.74,93.81,93.91
79,0,0,0,0,97265,97265,97265,14,14,14,591,591,591,0.00,0.00,0.00,0.00,0.00,0.00,0.00,0.00,0.00,0.00,0.00,0.00,0.00,0.00,0.00,0.00,0.00,0.00,0.00,0.00,0.00,307567,432709,731805,322571,446296,742809,0,0,0,0,0,0,0,72736,0,90.80,90.85,90.90
79,1,0,0,0,97270,97270,97270,9,9,9,591,591,591,0.00,0.00,0.00,0.00,0.00,0.00,0.00,0.00,0.00,0.00,0.00,0.00,0.00,0.00,0.00,0.00,0.00,0.00,0.00,0.00,0.00,330183,368452,445579,345858,382683,459082,0,0,0,0,0,0,0,80729,0,100.43,100.59,100.70
79,2,0,0,0,97271,97271,97271,8,8,8,591,591,591,0.00,0.00,0.00,0.00,0.00,0.00,0.00,0.00,0.00,0.00,0.00,0.00,0.00,0.00,0.00,0.00,0.00,0.00,0.00,0.00,0.00,279518,342056,416655,290000,355159,429757,0,0,0,0,0,0,0,62360,0,88.43,88.58,88.69
79,3,0,0,0,97270,97270,97270,9,9,9,591,591,591,0.00,0.00,0.00,0.00,0.00,0.00,0.00,0.00,0.00,0.00,0.00,0.00,0.00,0.00,0.00,0.00,0.00,0.00,0.00,0.00,0.00,411416,451236,534576,424519,464862,547679,0,0,0,0,0,0,0,75192,0,93.74,93.81,93.87
80,0,0,0,0,97265,97265,97265,14,14,14,591,591,591,0.00,0.00,0.00,0.00,0.00,0.00,0.00,0.00,0.00,0.00,0.00,0.00,0.00,0.00,0.00,0.00,0.00,0.00,0.00,0.00,0.00,314461,341314,406171,330184,355072,419274,0,0,0,0,0,0,0,55439,0,90.85,91.21,91.50
80,1,0,0,0,97270,97270,97270,9,9,9,591,591,591,0.00,0.00,0.00,0.00,0.00,0.00,0.00,0.00,0.00,0.00,0.00,0.00,0.00,0.00,0.00,0.00,0.00,0.00,0.00,0.00,0.00,314461,346560,416654,324943,359663,432377,0,0,0,0,0,0,0,61424,0,100.80,101.18,101.63
80,2,0,0,0,97271,97271,97271,8,8,8,591,591,591,0.00,0.00,0.00,0.00,0.00,0.00,0.00,0.00,0.00,0.00,0.00,0.00,0.00,0.00,0.00,0.00,0.00,0.00,0.00,0.00,0.00,322316,512953,951224,335418,526710,966947,0,0,0,0,0,0,0,73686,0,88.68,89.43,90.26
80,3,0,0,0,97270,97270,97270,9,9,9,591,591,591,0.00,0.00,0.00,0.00,0.00,0.00,0.00,0.00,0.00,0.00,0.00,0.00,0.00,0.00,0.00,0.00,0.00,0.00,0.00,0.00,0.00,403552,427134,476926,419275,440891,490028,0,0,0,0,0,0,0,66948,0,93.88,94.29,94.78
81,0,0,0,0,97265,97265,97265,14,14,14,591,591,591,0.00,0.00,0.00,0.00,0.00,0.00,0.00,0.00,0.00,0.00,0.00,0.00,0.00,0.00,0.00,0.00,0.00,0.00,0.00,0.00,0.00,314447,494192,1137147,330170,507818,1150248,0,0,0,0,0,0,0,82420,0,91.37,91.61,91.84
81,1,0,0,0,97270,97270,97270,9,9,9,591,591,591,0.00,0.00,0.00,0.00,0.00,0.00,0.00,0.00,0.00,0.00,0.00,0.00,0.00,0.00,0.00,0.00,0.00,0.00,0.00,0.00,0.00,319701,566026,1323352,332803,579652,1339075,0,0,0,0,0,0,0,80883,0,101.29,101.77,102.12
81,2,0,0,0,97271,97271,97271,8,8,8,591,591,591,0.00,0.00,0.00,0.00,0.00,0.00,0.00,0.00,0.00,0.00,0.00,0.00,0.00,0.00,0.00,0.00,0.00,0.00,0.00,0.00,0.00,322318,350086,429758,335420,363712,445481,0,0,0,0,0,0,0,71894,0,89.78,90.71,91.46
81,3,0,0,0,97270,97270,97270,9,9,9,591,591,591,0.00,0.00,0.00,0.00,0.00,0.00,0.00,0.00,0.00,0.00,0.00,0.00,0.00,0.00,0.00,0.00,0.00,0.00,0.00,0.00,0.00,276020,538943,977446,286502,551522,990548,0,0,0,0,0,0,0,75631,0,94.52,95.05,95.45
82,0,0,0,0,97265,97265,97265,14,14,14,591,591,591,0.00,0.00,0.00,0.00,0.00,0.00,0.00,0.00,0.00,0.00,0.00,0.00,0.00,0.00,0.00,0.00,0.00,0.00,0.00,0.00,0.00,317070,412246,659249,332792,425694,672075,0,0,0,0,0,0,0,73856,0,91.22,91.41,91.69
82,1,0,0,0,97270,97270,97270,9,9,9,591,591,591,0.00,0.00,0.00,0.00,0.00,0.00,0.00,0.00,0.00,0.00,0.00,0.00,0.00,0.00,0.00,0.00,0.00,0.00,0.00,0.00,0.00,230384,336481,418159,238981,349722,433552,0,0,0,0,0,0,0,81398,0,100.95,101.12,101.39
82,2,0,0,0,97271,97271,97271,8,8,8,591,591,591,0.00,0.00,0.00,0.00,0.00,0.00,0.00,0.00,0.00,0.00,0.00,0.00,0.00,0.00,0.00,0.00,0.00,0.00,0.00,0.00,0.00,214878,361192,490026,223613,374430,505749,0,0,0,0,0,0,0,72559,0,89.03,89.43,89.99
82,3,0,0,0,97270,97270,97270,9,9,9,591,591,591,0.00,0.00,0.00,0.00,0.00,0.00,0.00,0.00,0.00,0.00,0.00,0.00,0.00,0.00,0.00,0.00,0.00,0.00,0.00,0.00,0.00,390453,463710,610048,403555,477858,623139,0,0,0,0,0,0,0,76512,0,94.29,94.64,95.10
83,0,0,0,0,97265,97265,97265,14,14,14,591,591,591,0.00,0.00,0.00,0.00,0.00,0.00,0.00,0.00,0.00,0.00,0.00,0.00,0.00,0.00,0.00,0.00,0.00,0.00,0.00,0.00,0.00,313316,353533,421892,329383,367752,434994,0,0,0,0,0,0,0,73178,0,91.24,91.45,91.66
83,1,0,0,0,97270,97270,97270,9,9,9,591,591,591,0.00,0.00,0.00,0.00,0.00,0.00,0.00,0.00,0.00,0.00,0.00,0.00,0.00,0.00,0.00,0.00,0.00,0.00,0.00,0.00,0.00,324945,346953,419259,338047,360579,429741,0,0,0,0,0,0,0,80732,0,100.63,100.93,101.19
83,2,0,0,0,97271,97271,97271,8,8,8,591,591,591,0.00,0.00,0.00,0.00,0.00,0.00,0.00,0.00,0.00,0.00,0.00,0.00,0.00,0.00,0.00,0.00,0.00,0.00,0.00,0.00,0.00,330180,505206,919695,343282,519356,932796,0,0,0,0,0,0,0,80299,0,88.94,89.34,89.88
83,3,0,0,0,97270,97270,97270,9,9,9,591,591,591,0.00,0.00,0.00,0.00,0.00,0.00,0.00,0.00,0.00,0.00,0.00,0.00,0.00,0.00,0.00,0.00,0.00,0.00,0.00,0.00,0.00,403551,468014,539819,419274,482164,552921,0,0,0,0,0,0,0,75397,0,94.10,94.62,95.09
84,0,0,0,0,97265,97265,97265,14,14,14,591,591,591,0.00,0.00,0.00,0.00,0.00,0.00,0.00,0.00,0.00,0.00,0.00,0.00,0.00,0.00,0.00,0.00,0.00,0.00,0.00,0.00,0.00,319696,346946,414033,332799,360573,427135,0,0,0,0,0,0,0,82002,0,90.85,91.01,91.18
84,1,0,0,0,97270,97270,97270,9,9,9,591,591,591,0.00,0.00,0.00,0.00,0.00,0.00,0.00,0.00,0.00,0.00,0.00,0.00,0.00,0.00,0.00,0.00,0.00,0.00,0.00,0.00,0.00,319703,618935,1532869,335426,633610,1551211,0,0,0,0,0,0,0,90632,0,100.59,100.65,100.71
84,2,0,0,0,97271,97271,97271,8,8,8,591,591,591,0.00,0.00,0.00,0.00,0.00,0.00,0.00,0.00,0.00,0.00,0.00,0.00,0.00,0.00,0.00,0.00,0.00,0.00,0.00,0.00,0.00,327550,404075,474304,340652,418226,487407,0,0,0,0,0,0,0,70994,0,88.56,88.70,88.84
84,3,0,0,0,97270,97270,97270,9,9,9,591,591,591,0.00,0.00,0.00,0.00,0.00,0.00,0.00,0.00,0.00,0.00,0.00,0.00,0.00,0.00,0.00,0.00,0.00,0.00,0.00,0.00,0.00,277751,601648,1111047,288233,614750,1124149,0,0,0,0,0,0,0,75353,0,93.93,93.98,94.05
85,0,0,0,0,97265,97265,97265,14,14,14,591,591,591,0.00,0.00,0.00,0.00,0.00,0.00,0.00,0.00,0.00,0.00,0.00,0.00,0.00,0.00,0.00,0.00,0.00,0.00,0.00,0.00,0.00,218369,450890,1035078,225357,463818,1050801,0,0,0,0,0,0,0,72773,0,90.75,90.88,90.95
85,1,0,0,0,97270,97270,97270,9,9,9,591,591,591,0.00,0.00,0.00,0.00,0.00,0.00,0.00,0.00,0.00,0.00,0.00,0.00,0.00,0.00,0.00,0.00,0.00,0.00,0.00,0.00,0.00,327571,354815,435004,343294,368965,448107,0,0,0,0,0,0,0,80486,0,100.47,100.56,100.61
85,2,0,0,0,97271,97271,97271,8,8,8,591,591,591,0.00,0.00,0.00,0.00,0.00,0.00,0.00,0.00,0.00,0.00,0.00,0.00,0.00,0.00,0.00,0.00,0.00,0.00,0.00,0.00,0.00,319700,365815,490012,335423,379965,505735,0,0,0,0,0,0,0,71138,0,88.57,88.59,88.62
85,3,0,0,0,97270,97270,97270,9,9,9,591,591,591,0.00,0.00,0.00,0.00,0.00,0.00,0.00,0.00,0.00,0.00,0.00,0.00,0.00,0.00,0.00,0.00,0.00,0.00,0.00,0.00,0.00,424520,481117,563400,440243,495267,573881,0,0,0,0,0,0,0,75326,0,94.06,94.09,94.12
86,0,0,0,0,97265,97265,97265,14,14,14,591,591,591,0.00,0.00,0.00,0.00,0.00,0.00,0.00,0.00,0.00,0.00,0.00,0.00,0.00,0.00,0.00,0.00,0.00,0.00,0.00,0.00,0.00,316741,424599,682917,329512,438700,698379,0,0,0,0,0,0,0,72785,0,90.95,91.01,91.05
86,1,0,0,0,97270,97270,97270,9,9,9,591,591,591,0.00,0.00,0.00,0.00,0.00,0.00,0.00,0.00,0.00,0.00,0.00,0.00,0.00,0.00,0.00,0.00,0.00,0.00,0.00,0.00,0.00,279914,334893,395696,288554,347629,411419,0,0,0,0,0,0,0,80617,0,100.45,100.53,100.62
86,2,0,0,0,97271,97271,97271,8,8,8,591,591,591,0.00,0.00,0.00,0.00,0.00,0.00,0.00,0.00,0.00,0.00,0.00,0.00,0.00,0.00,0.00,0.00,0.00,0.00,0.00,0.00,0.00,220116,339223,412208,230598,351216,425009,0,0,0,0,0,0,0,62138,0,88.58,88.60,88.62
86,3,0,0,0,97270,97270,97270,9,9,9,591,591,591,0.00,0.00,0.00,0.00,0.00,0.00,0.00,0.00,0.00,0.00,0.00,0.00,0.00,0.00,0.00,0.00,0.00,0.00,0.00,0.00,0.00,406175,447575,552920,421897,461201,563402,0,0,0,0,0,0,0,75290,0,93.88,93.92,93.95
87,0,0,0,0,97265,97265,97265,14,14,14,591,591,591,0.00,0.00,0.00,0.00,0.00,0.00,0.00,0.00,0.00,0.00,0.00,0.00,0.00,0.00,0.00,0.00,0.00,0.00,0.00,0.00,0.00,322313,349173,414030,335415,362930,427132,0,0,0,0,0,0,0,54533,0,90.77,90.78,90.82
87,1,0,0,0,97270,97270,97270,9,9,9,591,591,591,0.00,0.00,0.00,0.00,0.00,0.00,0.00,0.00,0.00,0.00,0.00,0.00,0.00,0.00,0.00,0.00,0.00,0.00,0.00,0.00,0.00,319702,351137,429750,330184,364894,445473,0,0,0,0,0,0,0,60497,0,100.52,100.54,100.56
87,2,0,0,0,97271,97271,97271,8,8,8,591,591,591,0.00,0.00,0.00,0.00,0.00,0.00,0.00,0.00,0.00,0.00,0.00,0.00,0.00,0.00,0.00,0.00,0.00,0.00,0.00,0.00,0.00,330176,516886,932891,345899,531298,948614,0,0,0,0,0,0,0,71017,0,88.53,88.54,88.55
87,3,0,0,0,97270,97270,97270,9,9,9,591,591,591,0.00,0.00,0.00,0.00,0.00,0.00,0.00,0.00,0.00,0.00,0.00,0.00,0.00,0.00,0.00,0.00,0.00,0.00,0.00,0.00,0.00,411412,457912,552858,427135,471669,565959,0,0,0,0,0,0,0,65850,0,93.91,93.94,93.99
88,0,0,0,0,97265,97265,97265,14,14,14,591,591,591,0.00,0.00,0.00,0.00,0.00,0.00,0.00,0.00,0.00,0.00,0.00,0.00,0.00,0.00,0.00,0.00,0.00,0.00,0.00,0.00,0.00,319694,488452,1124180,335416,502078,1137282,0,0,0,0,0,0,0,82448,0,90.83,91.09,91.39
88,1,0,0,0,97270,97270,97270,9,9,9,591,591,591,0.00,0.00,0.00,0.00,0.00,0.00,0.00,0.00,0.00,0.00,0.00,0.00,0.00,0.00,0.00,0.00,0.00,0.00,0.00,0.00,0.00,322321,555548,1299788,335424,569174,1315511,0,0,0,0,0,0,0,80784,0,100.54,100.61,100.73
88,2,0,0,0,97271,97271,97271,8,8,8,591,591,591,0.00,0.00,0.00,0.00,0.00,0.00,0.00,0.00,0.00,0.00,0.00,0.00,0.00,0.00,0.00,0.00,0.00,0.00,0.00,0.00,0.00,322313,360566,440238,335415,374192,450720,0,0,0,0,0,0,0,71130,0,88.52,88.53,88.55
88,3,0,0,0,97270,97270,97270,9,9,9,591,591,591,0.00,0.00,0.00,0.00,0.00,0.00,0.00,0.00,0.00,0.00,0.00,0.00,0.00,0.00,0.00,0.00,0.00,0.00,0.00,0.00,0.00,323190,567767,1100604,331925,580520,1113706,0,0,0,0,0,0,0,75692,0,93.87,94.07,94.25
89,0,0,0,0,97265,97265,97265,14,14,14,591,591,591,0.00,0.00,0.00,0.00,0.00,0.00,0.00,0.00,0.00,0.00,0.00,0.00,0.00,0.00,0.00,0.00,0.00,0.00,0.00,0.00,0.00,330174,395163,550297,343277,408789,560779,0,0,0,0,0,0,0,73664,0,91.36,91.40,91.50
89,1,0,0,0,97270,97270,97270,9,9,9,591,591,591,0.00,0.00,0.00,0.00,0.00,0.00,0.00,0.00,0.00,0.00,0.00,0.00,0.00,0.00,0.00,0.00,0.00,0.00,0.00,0.00,0.00,314418,343278,427151,327518,356905,440254,0,0,0,0,0,0,0,80892,0,100.73,100.77,100.80
89,2,0,0,0,97271,97271,97271,8,8,8,591,591,591,0.00,0.00,0.00,0.00,0.00,0.00,0.00,0.00,0.00,0.00,0.00,0.00,0.00,0.00,0.00,0.00,0.00,0.00,0.00,0.00,0.00,316941,387278,495272,327248,400869,508374,0,0,0,0,0,0,0,72726,0,88.54,89.08,89.95
89,3,0,0,0,97270,97270,97270,9,9,9,591,591,591,0.00,0.00,0.00,0.00,0.00,0.00,0.00,0.00,0.00,0.00,0.00,0.00,0.00,0.00,0.00,0.00,0.00,0.00,0.00,0.00,0.00,393028,433417,545056,406129,447043,558158,0,0,0,0,0,0,0,76210,0,94.20,94.35,94.77
90,0,0,0,0,96699,97115,97265,14,164,580,591,591,591,0.00,0.00,0.00,0.00,0.00,0.00,0.00,0.00,0.00,0.00,0.00,0.00,0.00,0.00,0.00,0.00,0.00,0.00,0.00,0.00,0.00,280291,1420167,2817406,296009,1640745,3362541,0,0,0,0,0,0,0,110871,0,91.77,102.34,118.06
90,1,0,0,2,96704,97115,97270,9,149,575,591,591,591,0.00,0.00,0.00,0.00,0.00,0.00,0.00,0.00,0.00,0.00,0.00,0.00,0.00,0.00,0.00,0.00,0.00,0.00,0.00,0.00,0.00,298636,1526313,3740063,314354,1760484,4156791,0,0,0,0,0,0,0,123799,0,100.94,111.25,127.82
90,2,0,0,2,96705,97032,97271,8,246,574,591,591,591,0.00,0.00,0.00,0.00,0.00,0.00,0.00,0.00,0.00,0.00,0.00,0.00,0.00,0.00,0.00,0.00,0.00,0.00,0.00,0.00,0.00,303927,1360063,3493717,319647,1578575,3889480,0,0,0,0,0,0,0,113109,0,90.37,103.42,121.20
90,3,0,0,2,96704,97030,97270,9,165,575,591,591,591,0.00,0.00,0.00,0.00,0.00,0.00,0.00,0.00,0.00,0.00,0.00,0.00,0.00,0.00,0.00,0.00,0.00,0.00,0.00,0.00,0.00,389519,1441451,3326757,402166,1669285,3682728,0,0,0,0,0,0,0,117671,0,95.18,106.77,123.31
91,0,0,0,0,96699,96699,96699,580,580,580,591,591,591,0.00,0.00,0.00,0.00,0.00,0.00,0.00,0.00,0.00,0.00,0.00,0.00,0.00,0.00,0.00,0.00,0.00,0.00,0.00,0.00,0.00,304026,414111,822997,317131,435603,875417,0,0,0,0,0,0,0,107746,0,126.38,133.28,135.95
91,1,0,0,0,96704,96704,96704,575,575,575,591,591,591,0.00,0.00,0.00,0.00,0.00,0.00,0.00,0.00,0.00,0.00,0.00,0.00,0.00,0.00,0.00,0.00,0.00,0.00,0.00,0.00,0.00,306655,326050,387909,322379,343872,421982,0,0,0,0,0,0,0,117211,0,136.07,144.41,148.04
91,2,0,0,0,96705,96705,96705,574,574,574,591,591,591,0.00,0.00,0.00,0.00,0.00,0.00,0.00,0.00,0.00,0.00,0.00,0.00,0.00,0.00,0.00,0.00,0.00,0.00,0.00,0.00,0.00,298772,391046,526813,314497,413062,558276,0,0,0,0,0,0,0,107915,0,129.88,134.50,137.13
91,3,0,0,0,96704,96704,96704,575,575,575,591,591,591,0.00,0.00,0.00,0.00,0.00,0.00,0.00,0.00,0.00,0.00,0.00,0.00,0.00,0.00,0.00,0.00,0.00,0.00,0.00,0.00,0.00,419289,447400,508469,435013,461524,521574,0,0,0,0,0,0,0,111707,0,131.93,138.73,141.46
92,0,0,0,0,96699,96699,96699,580,580,580,591,591,591,0.00,0.00,0.00,0.00,0.00,0.00,0.00,0.00,0.00,0.00,0.00,0.00,0.00,0.00,0.00,0.00,0.00,0.00,0.00,0.00,0.00,287447,352968,508457,300280,367540,524182,0,0,0,0,0,0,0,107853,0,134.44,134.48,134.54
92,1,0,0,0,96704,96704,96704,575,575,575,591,591,591,0.00,0.00,0.00,0.00,0.00,0.00,0.00,0.00,0.00,0.00,0.00,0.00,0.00,0.00,0.00,0.00,0.00,0.00,0.00,0.00,0.00,301186,396959,533285,314168,411094,549527,0,0,0,0,0,0,0,117097,0,146.17,146.20,146.24
92,2,0,0,0,96705,96705,96705,574,574,574,591,591,591,0.00,0.00,0.00,0.00,0.00,0.00,0.00,0.00,0.00,0.00,0.00,0.00,0.00,0.00,0.00,0.00,0.00,0.00,0.00,0.00,0.00,306655,330242,353830,322380,344395,369555,0,0,0,0,0,0,0,121250,0,134.52,134.57,134.62
92,3,0,0,0,96704,96704,96704,575,575,575,591,591,591,0.00,0.00,0.00,0.00,0.00,0.00,0.00,0.00,0.00,0.00,0.00,0.00,0.00,0.00,0.00,0.00,0.00,0.00,0.00,0.00,0.00,411495,457615,479640,427221,471768,492745,0,0,0,0,0,0,0,111747,0,139.41,139.46,139.50
93,0,0,0,0,96699,96699,96699,580,580,580,591,591,591,0.00,0.00,0.00,0.00,0.00,0.00,0.00,0.00,0.00,0.00,0.00,0.00,0.00,0.00,0.00,0.00,0.00,0.00,0.00,0.00,0.00,296169,313374,350743,309274,327059,364130,0,0,0,0,0,0,0,107814,0,134.56,134.60,134.66
93,1,0,0,0,96704,96704,96704,575,575,575,591,591,591,0.00,0.00,0.00,0.00,0.00,0.00,0.00,0.00,0.00,0.00,0.00,0.00,0.00,0.00,0.00,0.00,0.00,0.00,0.00,0.00,0.00,293551,322379,395767,306656,336009,411493,0,0,0,0,0,0,0,87747,0,146.13,146.17,146.20
93,2,0,0,0,96705,96705,96705,574,574,574,591,591,591,0.00,0.00,0.00,0.00,0.00,0.00,0.00,0.00,0.00,0.00,0.00,0.00,0.00,0.00,0.00,0.00,0.00,0.00,0.00,0.00,0.00,307393,571461,1136666,322892,585073,1150804,0,0,0,0,0,0,0,80844,0,134.45,134.51,134.56
93,3,0,0,0,96704,96704,96704,575,575,575,591,591,591,0.00,0.00,0.00,0.00,0.00,0.00,0.00,0.00,0.00,0.00,0.00,0.00,0.00,0.00,0.00,0.00,0.00,0.00,0.00,0.00,0.00,408871,443466,537296,421976,457095,553022,0,0,0,0,0,0,0,83842,0,139.42,139.46,139.49
94,0,0,0,0,96699,96699,96699,580,580,580,591,591,591,0.00,0.00,0.00,0.00,0.00,0.00,0.00,0.00,0.00,0.00,0.00,0.00,0.00,0.00,0.00,0.00,0.00,0.00,0.00,0.00,0.00,301405,540959,1365501,317131,555112,1378606,0,0,0,0,0,0,0,94408,0,134.59,134.64,134.68
94,1,0,0,0,96704,96704,96704,575,575,575,591,591,591,0.00,0.00,0.00,0.00,0.00,0.00,0.00,0.00,0.00,0.00,0.00,0.00,0.00,0.00,0.00,0.00,0.00,0.00,0.00,0.00,0.00,306652,494299,1027339,317136,508452,1045684,0,0,0,0,0,0,0,131720,0,146.06,146.11,146.16
94,2,0,0,0,96705,96705,96705,574,574,574,591,591,591,0.00,0.00,0.00,0.00,0.00,0.00,0.00,0.00,0.00,0.00,0.00,0.00,0.00,0.00,0.00,0.00,0.00,0.00,0.00,0.00,0.00,298789,337056,453431,314515,351209,469156,0,0,0,0,0,0,0,107908,0,134.42,134.52,134.62
94,3,0,0,0,96704,96704,96704,575,575,575,591,591,591,0.00,0.00,0.00,0.00,0.00,0.00,0.00,0.00,0.00,0.00,0.00,0.00,0.00,0.00,0.00,0.00,0.00,0.00,0.00,0.00,0.00,214920,481721,964462,230646,501640,1009016,0,0,0,0,0,0,0,125532,0,139.38,139.46,139.57
95,0,0,0,0,96507,96507,96507,772,772,772,591,591,591,0.00,0.00,0.00,0.00,0.00,0.00,0.00,0.00,0.00,0.00,0.00,0.00,0.00,0.00,0.00,0.00,0.00,0.00,0.00,0.00,0.00,301413,466001,898984,314518,603333,1111226,0,0,0,0,0,0,0,108260,0,134.70,134.91,135.03
95,1,0,1,5,96512,96512,96512,593,732,767,591,591,591,0.00,0.00,0.00,0.00,0.00,0.00,0.00,0.00,0.00,0.00,0.00,0.00,0.00,0.00,0.00,0.00,0.00,0.00,0.00,0.00,0.00,306657,443461,636893,319762,580792,1119077,0,0,0,0,0,0,0,117158,0,146.17,146.29,146.35
95,2,0,1,7,96513,96513,96513,766,766,766,591,591,591,0.00,0.00,0.00,0.00,0.00,0.00,0.00,0.00,0.00,0.00,0.00,0.00,0.00,0.00,0.00,0.00,0.00,0.00,0.00,0.00,0.00,306652,413058,573991,319757,550910,922486,0,0,0,0,0,0,0,107981,0,134.60,134.65,134.69
95,3,0,1,6,96512,96512,96512,259,665,767,591,591,591,0.00,0.00,0.00,0.00,0.00,0.00,0.00,0.00,0.00,0.00,0.00,0.00,0.00,0.00,0.00,0.00,0.00,0.00,0.00,0.00,0.00,421975,480036,659879,437700,612076,1056205,0,0,0,0,0,0,0,111880,0,139.41,139.54,139.64
96,0,0,0,0,96507,96507,96507,772,772,772,591,591,591,0.00,0.00,0.00,0.00,0.00,0.00,0.00,0.00,0.00,0.00,0.00,0.00,0.00,0.00,0.00,0.00,0.00,0.00,0.00,0.00,0.00,209675,304007,380036,220159,316543,390520,0,0,0,0,0,0,0,107948,0,134.68,134.81,135.04
96,1,0,0,0,96512,96512,96512,767,767,767,591,591,591,0.00,0.00,0.00,0.00,0.00,0.00,0.00,0.00,0.00,0.00,0.00,0.00,0.00,0.00,0.00,0.00,0.00,0.00,0.00,0.00,0.00,206182,333098,542542,214918,345788,558268,0,0,0,0,0,0,0,117197,0,146.12,146.17,146.24
96,2,0,0,0,96513,96513,96513,766,766,766,591,591,591,0.00,0.00,0.00,0.00,0.00,0.00,0.00,0.00,0.00,0.00,0.00,0.00,0.00,0.00,0.00,0.00,0.00,0.00,0.00,0.00,0.00,304033,315036,351188,317138,328665,364293,0,0,0,0,0,0,0,121327,0,134.60,134.62,134.65
96,3,0,0,0,96512,96512,96512,767,767,767,591,591,591,0.00,0.00,0.00,0.00,0.00,0.00,0.00,0.00,0.00,0.00,0.00,0.00,0.00,0.00,0.00,0.00,0.00,0.00,0.00,0.00,0.00,411493,517380,726010,424598,531009,741735,0,0,0,0,0,0,0,111748,0,139.34,139.45,139.57
97,0,0,0,0,96507,96507,96507,772,772,772,591,591,591,0.00,0.00,0.00,0.00,0.00,0.00,0.00,0.00,0.00,0.00,0.00,0.00,0.00,0.00,0.00,0.00,0.00,0.00,0.00,0.00,0.00,592361,592361,592361,608088,608088,608088,0,0,0,0,0,0,0,27157,0,134.77,134.77,134.77
97,1,0,0,0,96512,96512,96512,767,767,767,591,591,591,0.00,0.00,0.00,0.00,0.00,0.00,0.00,0.00,0.00,0.00,0.00,0.00,0.00,0.00,0.00,0.00,0.00,0.00,0.00,0.00,0.00,356222,356222,356222,372292,372292,372292,0,0,0,0,0,0,0,29319,0,146.32,146.32,146.32
97,2,0,0,0,96513,96513,96513,766,766,766,591,591,591,0.00,0.00,0.00,0.00,0.00,0.00,0.00,0.00,0.00,0.00,0.00,0.00,0.00,0.00,0.00,0.00,0.00,0.00,0.00,0.00,0.00,366937,366937,366937,380041,380041,380041,0,0,0,0,0,0,0,0,0,134.61,134.61,134.61
97,3,0,0,0,96512,96512,96512,767,767,767,591,591,591,0.00,0.00,0.00,0.00,0.00,0.00,0.00,0.00,0.00,0.00,0.00,0.00,0.00,0.00,0.00,0.00,0.00,0.00,0.00,0.00,0.00,414109,414109,414109,427213,427213,427213,0,0,0,0,0,0,0,0,0,139.53,139.53,139.53
98,0,0,0,0,96507,96507,96507,772,772,772,591,591,591,0.00,0.00,0.00,0.00,0.00,0.00,0.00,0.00,0.00,0.00,0.00,0.00,0.00,0.00,0.00,0.00,0.00,0.00,0.00,0.00,0.00,0,562197,1124395,10484,597580,1184677,0,0,0,0,0,0,0,27090,0,134.84,134.86,134.88
98,1,0,0,0,96512,96512,96512,767,767,767,591,591,591,0.00,0.00,0.00,0.00,0.00,0.00,0.00,0.00,0.00,0.00,0.00,0.00,0.00,0.00,0.00,0.00,0.00,0.00,0.00,0.00,0.00,1053580,2356482,3659385,1105996,2418858,3731720,0,0,0,0,0,0,0,29351,0,146.47,146.48,146.49
98,2,0,0,0,96513,96513,96513,766,766,766,591,591,591,0.00,0.00,0.00,0.00,0.00,0.00,0.00,0.00,0.00,0.00,0.00,0.00,0.00,0.00,0.00,0.00,0.00,0.00,0.00,0.00,0.00,691942,2915175,5138408,744362,2990433,5236504,0,0,0,0,0,0,0,27010,0,134.85,134.86,134.88
98,3,0,0,0,96512,96512,96512,767,767,767,591,591,591,0.00,0.00,0.00,0.00,0.00,0.00,0.00,0.00,0.00,0.00,0.00,0.00,0.00,0.00,0.00,0.00,0.00,0.00,0.00,0.00,0.00,3855808,6298291,8740775,3914161,6402164,8890167,0,0,0,0,0,0,0,28051,0,139.78,139.79,139.80
99,0,0,0,3,95771,95903,96015,1264,1377,1508,591,591,591,0.00,0.00,0.00,0.00,0.00,0.00,0.00,0.00,0.00,0.00,0.00,0.00,0.00,0.00,0.00,0.00,0.00,0.00,0.00,0.00,0.00,248086,2152489,5251629,338108,2604296,5655198,0,0,0,0,0,0,0,81364,0,135.09,135.23,135.37
99,1,0,0,1,95776,95914,96030,1249,1360,1503,591,591,591,0.00,0.00,0.00,0.00,0.00,0.00,0.00,0.00,0.00,0.00,0.00,0.00,0.00,0.00,0.00,0.00,0.00,0.00,0.00,0.00,0.00,301357,2202638,4471357,1124194,2746195,4707243,0,0,0,0,0,0,0,102872,0,146.57,146.67,146.79
99,2,0,0,1,95777,95917,96031,1248,1361,1502,591,591,591,0.00,0.00,0.00,0.00,0.00,0.00,0.00,0.00,0.00,0.00,0.00,0.00,0.00,0.00,0.00,0.00,0.00,0.00,0.00,0.00,0.00,351219,2033823,4356968,382671,2576267,4538509,0,0,0,0,0,0,0,81204,0,134.97,135.05,135.15
99,3,0,0,0,95776,95916,96030,1249,1358,1503,591,591,591,0.00,0.00,0.00,0.00,0.00,0.00,0.00,0.00,0.00,0.00,0.00,0.00,0.00,0.00,0.00,0.00,0.00,0.00,0.00,0.00,0.00,309256,2332717,4211896,657821,2784979,4346182,0,0,0,0,0,0,0,84265,0,139.92,140.02,140.09
100,0,0,1,7,95771,95771,95771,1508,1508,1508,591,591,591,0.00,0.00,0.00,0.00,0.00,0.00,0.00,0.00,0.00,0.00,0.00,0.00,0.00,0.00,0.00,0.00,0.00,0.00,0.00,0.00,0.00,28830,478582,1202996,44556,496405,1218722,0,0,0,0,524,2620,0,108208,0,135.06,135.20,135.29
100,1,0,0,0,95776,95776,95776,1503,1503,1503,591,591,591,0.00,0.00,0.00,0.00,0.00,0.00,0.00,0.00,0.00,0.00,0.00,0.00,0.00,0.00,0.00,0.00,0.00,0.00,0.00,0.00,0.00,301413,499555,954030,317139,517902,967135,0,0,0,0,0,0,0,117399,0,146.52,146.68,146.79
100,2,0,1,7,95777,95777,95777,1502,1502,1502,591,591,591,0.00,0.00,0.00,0.00,0.00,0.00,0.00,0.00,0.00,0.00,0.00,0.00,0.00,0.00,0.00,0.00,0.00,0.00,0.00,0.00,0.00,298791,364839,610686,311896,383186,626412,0,0,0,0,0,0,0,107935,0,134.62,134.85,135.05
100,3,0,0,0,95776,95776,95776,1503,1503,1503,591,591,591,0.00,0.00,0.00,0.00,0.00,0.00,0.00,0.00,0.00,0.00,0.00,0.00,0.00,0.00,0.00,0.00,0.00,0.00,0.00,0.00,0.00,207049,560877,1187293,217532,578699,1200397,0,524,2620,0,0,0,0,126084,0,139.88,140.04,140.18
101,0,0,0,0,95771,95771,95771,1508,1508,1508,591,591,591,0.00,0.00,0.00,0.00,0.00,0.00,0.00,0.00,0.00,0.00,0.00,0.00,0.00,0.00,0.00,0.00,0.00,0.00,0.00,0.00,0.00,298786,334430,429837,311891,348583,442942,0,0,0,0,0,0,0,107991,0,134.77,134.85,135.00
101,1,0,0,0,95776,95776,95776,1503,1503,1503,591,591,591,0.00,0.00,0.00,0.00,0.00,0.00,0.00,0.00,0.00,0.00,0.00,0.00,0.00,0.00,0.00,0.00,0.00,0.00,0.00,0.00,0.00,306654,326571,377419,319759,340725,390524,0,0,0,0,0,0,0,117216,0,146.28,146.41,146.57
101,2,0,0,0,95777,95777,95777,1502,1502,1502,591,591,591,0.00,0.00,0.00,0.00,0.00,0.00,0.00,0.00,0.00,0.00,0.00,0.00,0.00,0.00,0.00,0.00,0.00,0.00,0.00,0.00,0.00,301412,315560,353829,314517,329189,369555,0,0,0,0,0,0,0,107949,0,134.52,134.62,134.75
101,3,0,0,0,95776,95776,95776,1503,1503,1503,591,591,591,0.00,0.00,0.00,0.00,0.00,0.00,0.00,0.00,0.00,0.00,0.00,0.00,0.00,0.00,0.00,0.00,0.00,0.00,0.00,0.00,0.00,411486,495439,720765,424591,509563,733869,0,0,0,0,0,0,0,111880,0,139.53,139.63,139.74
102,0,0,0,0,95771,95771,95771,1508,1508,1508,591,591,591,0.00,0.00,0.00,0.00,0.00,0.00,0.00,0.00,0.00,0.00,0.00,0.00,0.00,0.00,0.00,0.00,0.00,0.00,0.00,0.00,0.00,301408,344114,448187,317134,358241,463913,0,0,0,0,0,0,0,108020,0,134.67,134.72,134.76
102,1,0,0,0,95776,95776,95776,1503,1503,1503,591,591,591,0.00,0.00,0.00,0.00,0.00,0.00,0.00,0.00,0.00,0.00,0.00,0.00,0.00,0.00,0.00,0.00,0.00,0.00,0.00,0.00,0.00,300803,361576,534698,309447,374837,550424,0,0,0,0,0,0,0,117278,0,146.13,146.21,146.29
102,2,0,0,0,95777,95777,95777,1502,1502,1502,591,591,591,0.00,0.00,0.00,0.00,0.00,0.00,0.00,0.00,0.00,0.00,0.00,0.00,0.00,0.00,0.00,0.00,0.00,0.00,0.00,0.00,0.00,301410,319233,343349,317136,333387,361696,0,0,0,0,0,0,0,121415,0,134.67,134.72,134.74
102,3,0,0,0,95776,95776,95776,1503,1503,1503,591,591,591,0.00,0.00,0.00,0.00,0.00,0.00,0.00,0.00,0.00,0.00,0.00,0.00,0.00,0.00,0.00,0.00,0.00,0.00,0.00,0.00,0.00,408945,459187,487502,424673,473340,500606,0,0,0,0,0,0,0,111882,0,139.55,139.60,139.63
103,0,0,0,0,95771,95771,95771,1508,1508,1508,591,591,591,0.00,0.00,0.00,0.00,0.00,0.00,0.00,0.00,0.00,0.00,0.00,0.00,0.00,0.00,0.00,0.00,0.00,0.00,0.00,0.00,0.00,296043,316090,377421,311488,330235,390526,0,0,0,0,0,0,0,108110,0,134.70,134.81,134.91
103,1,0,0,0,95776,95776,95776,1503,1503,1503,591,591,591,0.00,0.00,0.00,0.00,0.00,0.00,0.00,0.00,0.00,0.00,0.00,0.00,0.00,0.00,0.00,0.00,0.00,0.00,0.00,0.00,0.00,304033,363790,537302,317138,377419,550407,0,0,0,0,0,0,0,132360,0,146.27,146.41,146.68
103,2,0,0,0,95777,95777,95777,1502,1502,1502,591,591,591,0.00,0.00,0.00,0.00,0.00,0.00,0.00,0.00,0.00,0.00,0.00,0.00,0.00,0.00,0.00,0.00,0.00,0.00,0.00,0.00,0.00,308498,560174,1048383,321570,574320,1064109,0,0,0,0,0,0,0,107933,0,134.66,134.68,134.71
103,3,0,0,0,95776,95776,95776,1503,1503,1503,591,591,591,0.00,0.00,0.00,0.00,0.00,0.00,0.00,0.00,0.00,0.00,0.00,0.00,0.00,0.00,0.00,0.00,0.00,0.00,0.00,0.00,0.00,408873,446088,542539,421978,459717,555644,0,0,0,0,0,0,0,112144,0,139.52,139.65,139.80
104,0,0,0,0,95771,95771,95771,1508,1508,1508,591,591,591,0.00,0.00,0.00,0.00,0.00,0.00,0.00,0.00,0.00,0.00,0.00,0.00,0.00,0.00,0.00,0.00,0.00,0.00,0.00,0.00,0.00,304014,567697,1551612,317137,581326,1567338,0,0,0,0,0,0,0,122088,0,135.02,135.22,135.40
104,1,0,0,0,95776,95776,95776,1503,1503,1503,591,591,591,0.00,0.00,0.00,0.00,0.00,0.00,0.00,0.00,0.00,0.00,0.00,0.00,0.00,0.00,0.00,0.00,0.00,0.00,0.00,0.00,0.00,306654,552493,1009083,322379,567170,1022188,0,0,0,0,0,0,0,118000,0,146.91,147.15,147.26
104,2,0,0,0,95777,95777,95777,1502,1502,1502,591,591,591,0.00,0.00,0.00,0.00,0.00,0.00,0.00,0.00,0.00,0.00,0.00,0.00,0.00,0.00,0.00,0.00,0.00,0.00,0.00,0.00,0.00,237637,305429,374794,246374,318185,387899,0,0,0,0,0,0,0,107988,0,134.70,134.73,134.78
104,3,0,0,0,95776,95776,95776,1503,1503,1503,591,591,591,0.00,0.00,0.00,0.00,0.00,0.00,0.00,0.00,0.00,0.00,0.00,0.00,0.00,0.00,0.00,0.00,0.00,0.00,0.00,0.00,0.00,408873,436648,505848,421978,450802,521574,0,0,0,0,0,0,0,126322,0,139.93,140.08,140.19
105,0,0,0,0,95771,95771,95771,1508,1508,1508,591,591,591,0.00,0.00,0.00,0.00,0.00,0.00,0.00,0.00,0.00,0.00,0.00,0.00,0.00,0.00,0.00,0.00,0.00,0.00,0.00,0.00,0.00,298786,318185,369556,311890,332863,385282,0,0,0,0,0,0,0,108366,0,135.15,135.31,135.41
105,1,0,0,0,95776,95776,95776,1503,1503,1503,591,591,591,0.00,0.00,0.00,0.00,0.00,0.00,0.00,0.00,0.00,0.00,0.00,0.00,0.00,0.00,0.00,0.00,0.00,0.00,0.00,0.00,0.00,306654,334960,427219,319759,348589,437703,0,0,0,0,0,0,0,118032,0,147.12,147.16,147.18
105,2,0,0,0,95777,95777,95778,1501,1501,1502,591,591,591,0.00,0.00,0.00,0.00,0.00,0.00,0.00,0.00,0.00,0.00,0.00,0.00,0.00,0.00,0.00,0.00,0.00,0.00,0.00,0.00,0.00,304033,352782,516335,317138,366936,532061,0,0,0,0,0,0,0,107896,0,134.61,134.70,134.77
105,3,0,0,0,95776,95776,95776,1503,1503,1503,591,591,591,0.00,0.00,0.00,0.00,0.00,0.00,0.00,0.00,0.00,0.00,0.00,0.00,0.00,0.00,0.00,0.00,0.00,0.00,0.00,0.00,0.00,408872,671838,929564,424597,684943,940048,0,0,0,0,0,0,0,112000,0,139.87,140.00,140.20
106,0,0,0,0,95771,95771,95771,1508,1508,1508,591,591,591,0.00,0.00,0.00,0.00,0.00,0.00,0.00,0.00,0.00,0.00,0.00,0.00,0.00,0.00,0.00,0.00,0.00,0.00,0.00,0.00,0.00,202677,300011,385281,211413,312242,395765,0,0,0,0,0,0,0,108398,0,135.03,135.09,135.13
106,1,0,0,0,95776,95776,95776,1503,1503,1503,591,591,591,0.00,0.00,0.00,0.00,0.00,0.00,0.00,0.00,0.00,0.00,0.00,0.00,0.00,0.00,0.00,0.00,0.00,0.00,0.00,0.00,0.00,302125,373368,529430,315037,387483,542535,0,0,0,0,0,0,0,118027,0,147.17,147.22,147.28
106,2,0,0,0,95778,95778,95778,1501,1501,1501,591,591,591,0.00,0.00,0.00,0.00,0.00,0.00,0.00,0.00,0.00,0.00,0.00,0.00,0.00,0.00,0.00,0.00,0.00,0.00,0.00,0.00,0.00,301410,320278,348592,314515,333907,361697,0,0,0,0,0,0,0,121395,0,134.62,134.66,134.72
106,3,0,0,0,95776,95776,95776,1503,1503,1503,591,591,591,0.00,0.00,0.00,0.00,0.00,0.00,0.00,0.00,0.00,0.00,0.00,0.00,0.00,0.00,0.00,0.00,0.00,0.00,0.00,0.00,0.00,416747,437015,484886,432474,450601,495370,0,0,0,0,0,0,0,112322,0,139.88,139.99,140.10
107,0,0,0,0,95771,95771,95771,1508,1508,1508,591,591,591,0.00,0.00,0.00,0.00,0.00,0.00,0.00,0.00,0.00,0.00,0.00,0.00,0.00,0.00,0.00,0.00,0.00,0.00,0.00,0.00,0.00,285584,313362,364316,301021,327070,380042,0,0,0,0,0,0,0,108414,0,135.03,135.06,135.09
107,1,0,0,0,95776,95776,95776,1503,1503,1503,591,591,591,0.00,0.00,0.00,0.00,0.00,0.00,0.00,0.00,0.00,0.00,0.00,0.00,0.00,0.00,0.00,0.00,0.00,0.00,0.00,0.00,0.00,255106,291143,309255,265590,303593,319738,0,0,0,0,0,0,0,87980,0,146.47,146.80,147.14
107,2,0,0,0,95778,95778,95778,1501,1501,1501,591,591,591,0.00,0.00,0.00,0.00,0.00,0.00,0.00,0.00,0.00,0.00,0.00,0.00,0.00,0.00,0.00,0.00,0.00,0.00,0.00,0.00,0.00,290930,603678,1216127,304035,617959,1229231,0,0,0,0,0,0,0,81044,0,134.68,134.71,134.72
107,3,0,0,0,95776,95776,95776,1503,1503,1503,591,591,591,0.00,0.00,0.00,0.00,0.00,0.00,0.00,0.00,0.00,0.00,0.00,0.00,0.00,0.00,0.00,0.00,0.00,0.00,0.00,0.00,0.00,408869,422624,445539,421973,436384,461264,0,0,0,0,0,0,0,112960,0,140.12,140.33,140.57
108,0,0,0,0,95771,95771,95771,1508,1508,1508,591,591,591,0.00,0.00,0.00,0.00,0.00,0.00,0.00,0.00,0.00,0.00,0.00,0.00,0.00,0.00,0.00,0.00,0.00,0.00,0.00,0.00,0.00,290927,317134,343345,304031,331287,359071,0,0,0,0,0,0,0,95866,0,135.11,135.61,136.10
108,1,0,0,0,95776,95776,95776,1503,1503,1503,591,591,591,0.00,0.00,0.00,0.00,0.00,0.00,0.00,0.00,0.00,0.00,0.00,0.00,0.00,0.00,0.00,0.00,0.00,0.00,0.00,0.00,0.00,283065,552501,1449404,296170,566131,1462509,0,0,0,0,0,0,0,132220,0,146.31,146.40,146.47
108,2,0,0,0,95778,95778,95778,1501,1501,1501,591,591,591,0.00,0.00,0.00,0.00,0.00,0.00,0.00,0.00,0.00,0.00,0.00,0.00,0.00,0.00,0.00,0.00,0.00,0.00,0.00,0.00,0.00,211417,326399,521584,220153,338630,534689,0,0,0,0,0,0,0,108104,0,134.75,134.81,134.84
108,3,0,0,0,95776,95776,95776,1503,1503,1503,591,591,591,0.00,0.00,0.00,0.00,0.00,0.00,0.00,0.00,0.00,0.00,0.00,0.00,0.00,0.00,0.00,0.00,0.00,0.00,0.00,0.00,0.00,398387,420325,474395,414111,433952,487500,0,0,0,0,0,0,0,86453,0,140.82,142.04,142.97
109,0,0,7,19,90575,91271,94051,3228,6007,6704,591,591,591,0.00,0.00,0.01,0.00,0.00,0.01,0.00,0.00,0.00,0.00,0.00,0.00,0.00,0.00,0.00,0.00,0.00,0.00,0.00,0.00,0.02,311889,579167,1207965,324994,943996,1575122,0,0,0,0,0,0,0,110944,0,136.92,138.40,139.17
109,1,0,6,32,90580,91862,95076,2203,5325,6699,591,591,591,0.00,0.00,0.01,0.00,0.00,0.01,0.00,0.00,0.00,0.00,0.00,0.00,0.00,0.00,0.00,0.00,0.00,0.00,0.00,0.00,0.01,403635,460215,526782,437670,825041,1428451,0,0,0,0,0,0,0,120174,0,147.36,149.31,150.39
109,2,0,6,28,90582,91643,95258,2021,5635,6697,591,591,591,0.00,0.00,0.01,0.00,0.00,0.01,0.00,0.00,0.00,0.00,0.00,0.00,0.00,0.00,0.00,0.00,0.00,0.00,0.00,0.00,0.01,298767,439777,697143,319757,805640,1690400,0,0,0,0,0,0,0,110321,0,134.81,136.32,137.03
109,3,0,7,31,90580,91396,94656,2623,5882,6699,591,591,591,0.00,0.00,0.01,0.00,0.00,0.01,0.00,0.00,0.00,0.00,0.00,0.00,0.00,0.00,0.00,0.00,0.00,0.00,0.00,0.00,0.01,453425,669424,885871,469151,959708,1357357,0,0,0,0,0,0,0,129953,0,143.94,144.44,145.05
110,0,0,0,0,90575,90575,90575,6704,6704,6704,591,591,591,0.00,0.00,0.00,0.00,0.00,0.00,0.00,0.00,0.00,0.00,0.00,0.00,0.00,0.00,0.00,0.00,0.00,0.00,0.00,0.00,0.00,306646,334253,411483,317129,346309,424588,0,0,0,0,0,0,0,107908,0,134.51,135.68,137.86
110,1,0,0,0,90580,90580,90580,6699,6699,6699,591,591,591,0.00,0.00,0.00,0.00,0.00,0.00,0.00,0.00,0.00,0.00,0.00,0.00,0.00,0.00,0.00,0.00,0.00,0.00,0.00,0.00,0.00,304028,376366,529432,319754,390519,542537,0,0,0,0,0,0,0,117192,0,146.36,147.53,149.53
110,2,0,0,0,90582,90582,90582,6697,6697,6697,591,591,591,0.00,0.00,0.00,0.00,0.00,0.00,0.00,0.00,0.00,0.00,0.00,0.00,0.00,0.00,0.00,0.00,0.00,0.00,0.00,0.00,0.00,306648,321850,369554,322374,335479,382658,0,0,0,0,0,0,0,121450,0,134.83,135.54,137.09
110,3,0,0,0,90580,90580,90580,6699,6699,6699,591,591,591,0.00,0.00,0.00,0.00,0.00,0.00,0.00,0.00,0.00,0.00,0.00,0.00,0.00,0.00,0.00,0.00,0.00,0.00,0.00,0.00,0.00,408862,496927,718131,421967,510556,731236,0,0,0,0,0,0,0,112703,0,140.52,141.33,143.02
111,0,0,0,0,90575,90575,90575,6704,6704,6704,591,591,591,0.00,0.00,0.00,0.00,0.00,0.00,0.00,0.00,0.00,0.00,0.00,0.00,0.00,0.00,0.00,0.00,0.00,0.00,0.00,0.00,0.00,290925,327172,421968,306650,341748,435073,0,0,0,0,0,0,0,108274,0,134.53,134.64,134.77
111,1,0,0,0,90580,90580,90580,6699,6699,6699,591,591,591,0.00,0.00,0.00,0.00,0.00,0.00,0.00,0.00,0.00,0.00,0.00,0.00,0.00,0.00,0.00,0.00,0.00,0.00,0.00,0.00,0.00,298783,331901,387901,314508,345491,398385,0,0,0,0,0,0,0,117517,0,146.27,146.37,146.48
111,2,0,0,0,90582,90582,90582,6697,6697,6697,591,591,591,0.00,0.00,0.00,0.00,0.00,0.00,0.00,0.00,0.00,0.00,0.00,0.00,0.00,0.00,0.00,0.00,0.00,0.00,0.00,0.00,0.00,304935,547941,1202935,317856,561533,1216039,0,0,0,0,0,0,0,108198,0,134.83,134.88,134.92
111,3,0,0,0,90580,90580,90580,6699,6699,6699,591,591,591,0.00,0.00,0.00,0.00,0.00,0.00,0.00,0.00,0.00,0.00,0.00,0.00,0.00,0.00,0.00,0.00,0.00,0.00,0.00,0.00,0.00,408870,444183,498004,421975,457762,511110,0,0,0,0,0,0,0,112914,0,140.48,140.50,140.56
112,0,0,0,0,90575,90575,90575,6704,6704,6704,591,591,591,0.00,0.00,0.00,0.00,0.00,0.00,0.00,0.00,0.00,0.00,0.00,0.00,0.00,0.00,0.00,0.00,0.00,0.00,0.00,0.00,0.00,324991,369510,434878,338096,383720,450886,0,0,0,0,0,0,0,121566,0,134.81,134.88,134.94
112,1,0,0,0,90580,90580,90580,6699,6699,6699,591,591,591,0.00,0.00,0.00,0.00,0.00,0.00,0.00,0.00,0.00,0.00,0.00,0.00,0.00,0.00,0.00,0.00,0.00,0.00,0.00,0.00,0.00,206182,563850,1331449,214919,576605,1347175,0,0,0,0,0,0,0,117346,0,146.53,146.55,146.58
112,2,0,0,0,90582,90582,90582,6697,6697,6697,591,591,591,0.00,0.00,0.00,0.00,0.00,0.00,0.00,0.00,0.00,0.00,0.00,0.00,0.00,0.00,0.00,0.00,0.00,0.00,0.00,0.00,0.00,306655,333383,364311,319754,347012,380037,0,0,0,0,0,0,0,107997,0,134.76,134.83,134.88
112,3,0,0,0,90580,90580,90580,6699,6699,6699,591,591,591,0.00,0.00,0.00,0.00,0.00,0.00,0.00,0.00,0.00,0.00,0.00,0.00,0.00,0.00,0.00,0.00,0.00,0.00,0.00,0.00,0.00,416704,446076,495362,429808,460229,508467,0,0,0,0,0,0,0,112823,0,140.45,140.50,140.54
113,0,0,0,0,89151,90290,90575,6704,6988,8128,591,591,591,0.00,0.00,0.00,0.00,0.00,0.00,0.00,0.00,0.00,0.00,0.00,0.00,0.00,0.00,0.00,0.00,0.00,0.00,0.00,0.00,0.00,264698,553010,1483438,280422,567163,1496543,0,0,0,0,0,0,0,109022,0,134.90,135.09,135.56
113,1,0,0,0,88674,90198,90580,6699,6979,8103,591,591,591,0.00,0.00,0.00,0.00,0.00,0.00,0.00,0.00,0.00,0.00,0.00,0.00,0.00,0.00,0.00,0.00,0.00,0.00,0.00,0.00,0.00,304030,322372,369534,319756,336524,382638,0,0,0,0,0,0,0,118259,0,146.52,146.65,146.96
113,2,0,0,0,90582,90582,90582,6697,6697,6697,591,591,591,0.00,0.00,0.00,0.00,0.00,0.00,0.00,0.00,0.00,0.00,0.00,0.00,0.00,0.00,0.00,0.00,0.00,0.00,0.00,0.00,0.00,202688,355570,500604,213172,371820,513709,0,0,0,0,0,0,0,108170,0,134.75,134.80,134.87
113,3,0,2,13,88394,90142,90580,6699,7136,8885,591,591,591,0.00,0.00,0.00,0.00,0.00,0.00,0.00,0.00,0.00,0.00,0.00,0.00,0.00,0.00,0.00,0.00,0.00,0.00,0.00,0.00,0.00,256838,431577,564372,351186,460930,574855,0,0,0,0,0,0,0,130761,0,140.59,142.32,144.99
114,0,0,9,33,86985,87585,87985,9294,9694,10294,591,591,591,0.00,0.00,0.00,0.00,0.00,0.00,0.00,0.00,0.00,0.00,0.00,0.00,0.00,0.00,0.00,0.00,0.00,0.00,0.00,0.00,0.01,202677,376009,487496,246358,609607,1119009,0,0,0,0,0,0,0,108937,0,135.85,136.65,136.99
114,1,0,8,44,86990,87590,87990,9289,9677,10289,591,591,591,0.00,0.00,0.00,0.00,0.00,0.00,0.00,0.00,0.00,0.00,0.00,0.00,0.00,0.00,0.00,0.00,0.00,0.00,0.00,0.00,0.01,319763,450790,558223,343353,689808,1140035,0,0,0,0,0,0,0,117876,0,147.97,148.02,148.12
114,2,0,9,45,87992,88847,90582,6697,8431,9287,591,591,591,0.00,0.00,0.00,0.00,0.00,0.00,0.00,0.00,0.00,0.00,0.00,0.00,0.00,0.00,0.00,0.00,0.00,0.00,0.00,0.00,0.01,301407,332855,422003,332805,554591,809932,0,0,0,0,0,0,0,122712,0,134.90,135.66,136.13
114,3,0,1,5,86990,87590,87990,9289,9689,10289,591,591,591,0.00,0.00,0.00,0.00,0.00,0.00,0.00,0.00,0.00,0.00,0.00,0.00,0.00,0.00,0.00,0.00,0.00,0.00,0.00,0.00,0.01,411451,696123,1383877,432417,918380,1396982,0,0,0,0,0,0,0,113384,0,141.97,144.05,145.22
115,0,0,0,2,86503,86744,86985,10294,10534,10776,591,591,591,0.00,0.00,0.00,0.00,0.00,0.00,0.00,0.00,0.00,0.00,0.00,0.00,0.00,0.00,0.00,0.00,0.00,0.00,0.00,0.00,0.00,309272,334813,395752,324998,403610,490103,0,0,0,0,0,0,0,112888,0,135.13,135.34,135.61
115,1,0,1,3,86508,86749,86990,10289,11369,14771,591,591,591,0.00,0.00,0.00,0.00,0.00,0.00,0.00,0.00,0.00,0.00,0.00,0.00,0.00,0.00,0.00,0.00,0.00,0.00,0.00,0.00,0.00,314519,397239,534667,330245,453416,626400,0,0,0,0,0,0,0,88192,0,147.02,147.81,150.79
115,2,0,1,4,86510,87006,87872,9407,10272,10769,591,591,591,0.00,0.01,0.06,0.00,0.00,0.00,0.00,0.00,0.00,0.00,0.00,0.00,0.00,0.00,0.00,0.00,0.00,0.00,0.00,0.00,0.00,340717,602785,1113804,380030,687305,1271047,0,0,0,0,0,0,0,81676,0,135.05,135.59,136.22
115,3,0,1,3,86508,86749,86990,10289,10529,10771,591,591,591,0.00,0.00,0.00,0.00,0.00,0.00,0.00,0.00,0.00,0.00,0.00,0.00,0.00,0.00,0.00,0.00,0.00,0.00,0.00,0.00,0.00,416716,482894,639507,492716,552346,655233,0,0,0,0,0,0,0,117806,0,140.71,140.87,140.98
116,0,0,21,83,82077,82201,82517,14770,15079,15202,591,591,591,0.00,0.02,0.07,0.00,0.01,0.03,0.00,0.00,0.00,0.00,0.00,0.00,0.00,0.00,0.00,0.00,0.00,0.00,0.00,0.01,0.04,594969,1677568,2829241,786303,2580217,3642091,0,0,0,0,0,0,0,94997,0,143.70,144.09,144.25
116,1,0,15,78,82022,82104,82256,15107,15212,15257,591,591,591,0.00,0.01,0.07,0.00,0.01,0.03,0.00,0.00,0.00,0.00,0.00,0.00,0.00,0.00,0.00,0.00,0.00,0.00,0.00,0.01,0.04,343219,1898199,3287889,416579,2699750,5550279,0,0,0,0,0,0,0,118188,0,154.21,155.75,156.50
116,2,0,14,72,82024,82110,82278,15011,15170,15255,591,591,591,0.00,0.01,0.05,0.00,0.01,0.03,0.00,0.00,0.00,0.00,0.00,0.00,0.00,0.00,0.00,0.00,0.00,0.00,0.00,0.01,0.03,1218687,1644609,2162174,1478149,2566020,3809127,0,0,0,0,0,0,0,109188,0,141.46,144.25,145.17
116,3,0,13,69,82022,82099,82228,15041,15177,15257,591,591,591,0.00,0.02,0.08,0.00,0.01,0.03,0.00,0.00,0.00,0.00,0.00,0.00,0.00,0.00,0.00,0.00,0.00,0.00,0.00,0.01,0.04,490930,1581073,3084735,1200440,2338328,3902439,0,0,0,0,0,0,0,113546,0,149.58,150.37,150.64
117,0,0,0,0,81967,82033,82077,15202,15246,15312,591,591,591,0.00,0.00,0.00,0.00,0.00,0.00,0.00,0.00,0.00,0.00,0.00,0.00,0.00,0.00,0.00,0.00,0.00,0.00,0.00,0.00,0.00,398380,925642,1606338,414105,977530,1781909,0,0,0,0,0,0,0,110176,0,135.45,136.02,136.74
117,1,0,0,0,81972,82004,82022,15257,15275,15307,591,591,591,0.00,0.00,0.00,0.00,0.00,0.00,0.00,0.00,0.00,0.00,0.00,0.00,0.00,0.00,0.00,0.00,0.00,0.00,0.00,0.00,0.00,304032,499014,1032635,317137,544618,1189889,0,0,0,0,0,0,0,117947,0,147.23,147.38,147.49
117,2,0,0,1,81954,81996,82024,15255,15283,15325,591,591,591,0.00,0.00,0.00,0.00,0.00,0.00,0.00,0.00,0.00,0.00,0.00,0.00,0.00,0.00,0.00,0.00,0.00,0.00,0.00,0.00,0.00,209677,464951,961888,220161,509506,1064105,0,0,0,0,0,0,0,108494,0,135.50,135.80,136.08
117,3,0,0,0,81972,81994,82022,15257,15285,15307,591,591,591,0.00,0.00,0.00,0.00,0.00,0.00,0.00,0.00,0.00,0.00,0.00,0.00,0.00,0.00,0.00,0.00,0.00,0.00,0.00,0.00,0.00,419305,539375,875386,432408,584454,980222,0,0,0,0,0,0,0,88918,0,142.18,143.56,145.60
118,0,0,1,4,81153,81309,81925,15354,15969,16126,591,591,591,0.00,0.03,0.14,0.00,0.01,0.06,0.00,0.01,0.06,0.00,0.00,0.00,0.00,0.00,0.01,0.00,0.00,0.00,0.00,0.01,0.06,427182,773128,1323464,445527,903121,1496484,0,0,0,0,0,0,0,126236,0,136.93,147.14,154.59
118,1,0,7,37,81178,81382,81890,15389,15896,16101,591,591,591,0.00,0.03,0.16,0.00,0.01,0.07,0.00,0.01,0.07,0.00,0.00,0.00,0.00,0.00,0.01,0.00,0.00,0.00,0.00,0.01,0.06,311877,473835,851737,324982,607496,977532,0,0,0,0,0,0,0,139625,0,147.22,160.19,168.89
118,2,0,1,3,81260,81400,81952,15327,15878,16019,591,591,591,0.00,0.03,0.13,0.00,0.01,0.06,0.00,0.01,0.06,0.00,0.00,0.00,0.00,0.00,0.01,0.00,0.00,0.00,0.00,0.01,0.05,309253,583902,1016842,330220,724901,1100706,0,0,0,0,0,0,0,139043,0,135.34,144.64,151.00
118,3,0,7,34,81258,81402,81970,15309,15876,16021,591,591,591,0.00,0.03,0.13,0.00,0.01,0.06,0.00,0.01,0.06,0.00,0.00,0.00,0.00,0.00,0.01,0.00,0.00,0.00,0.00,0.01,0.05,207916,554163,1003546,322376,681176,1197661,0,0,0,0,0,0,0,130379,0,145.96,155.19,162.92
119,0,0,0,1,81153,81153,81153,16126,16126,16126,591,591,591,0.00,0.00,0.00,0.00,0.00,0.00,0.00,0.00,0.00,0.00,0.00,0.00,0.00,0.00,0.00,0.00,0.00,0.00,0.00,0.00,0.00,429834,454458,508451,442938,493245,584398,0,0,0,0,0,0,0,107686,0,134.38,141.72,152.62
119,1,0,0,1,81178,81178,81178,16101,16101,16101,591,591,591,0.00,0.00,0.00,0.00,0.00,0.00,0.00,0.00,0.00,0.00,0.00,0.00,0.00,0.00,0.00,0.00,0.00,0.00,0.00,0.00,0.00,311888,395445,517411,324992,430492,530155,0,0,0,0,0,0,0,132147,0,146.95,155.90,169.43
119,2,0,0,0,81260,81260,81260,16019,16019,16019,591,591,591,0.00,0.00,0.00,0.00,0.00,0.00,0.00,0.00,0.00,0.00,0.00,0.00,0.00,0.00,0.00,0.00,0.00,0.00,0.00,0.00,0.00,304906,379162,618543,322993,405843,634269,0,0,0,0,0,0,0,108148,0,134.90,141.34,150.72
119,3,0,0,1,81258,81258,81258,16021,16021,16021,591,591,591,0.00,0.00,0.00,0.00,0.00,0.00,0.00,0.00,0.00,0.00,0.00,0.00,0.00,0.00,0.00,0.00,0.00,0.00,0.00,0.00,0.00,304024,345434,492729,322375,371643,508455,0,0,0,0,0,0,0,112868,0,140.82,147.90,159.30
120,0,0,0,0,81153,81153,81153,16126,16126,16126,591,591,591,0.00,0.00,0.00,0.00,0.00,0.00,0.00,0.00,0.00,0.00,0.00,0.00,0.00,0.00,0.00,0.00,0.00,0.00,0.00,0.00,0.00,276550,423587,508460,286921,436671,524186,0,0,0,0,0,0,0,120327,0,133.53,133.80,134.10
120,1,0,0,0,81178,81178,81178,16101,16101,16101,591,591,591,0.00,0.00,0.00,0.00,0.00,0.00,0.00,0.00,0.00,0.00,0.00,0.00,0.00,0.00,0.00,0.00,0.00,0.00,0.00,0.00,0.00,7862,499200,1305224,20967,512130,1318329,0,0,0,0,0,0,0,117352,0,146.48,146.54,146.60
120,2,0,0,0,81260,81260,81260,16019,16019,16019,591,591,591,0.00,0.00,0.00,0.00,0.00,0.00,0.00,0.00,0.00,0.00,0.00,0.00,0.00,0.00,0.00,0.00,0.00,0.00,0.00,0.00,0.00,298727,321838,377409,311829,335466,390514,0,0,0,0,0,0,0,108339,0,134.89,135.03,135.14
120,3,0,0,0,81258,81258,81258,16021,16021,16021,591,591,591,0.00,0.00,0.00,0.00,0.00,0.00,0.00,0.00,0.00,0.00,0.00,0.00,0.00,0.00,0.00,0.00,0.00,0.00,0.00,0.00,0.00,285399,307801,343340,301403,321937,359065,0,0,0,0,0,0,0,112325,0,140.17,140.40,140.67
121,0,0,0,0,77003,80115,81153,16126,17183,20356,591,591,591,0.00,0.00,0.00,0.00,0.00,0.00,0.00,0.00,0.00,0.00,0.00,0.00,0.00,0.00,0.00,0.00,0.00,0.00,0.00,0.00,0.00,1874808,2740708,3820380,1911500,2909662,3924905,0,0,0,0,0,0,0,111782,0,133.60,134.27,136.13
121,1,0,2,11,74316,79018,81178,16101,18230,22921,591,591,591,0.00,0.00,0.00,0.00,0.00,0.00,0.00,0.00,0.00,0.00,0.00,0.00,0.00,0.00,0.00,0.00,0.00,0.00,0.00,0.00,0.00,453425,2286400,3833030,463909,2356277,3990229,0,0,0,0,0,0,0,109243,0,146.46,148.22,155.09
121,2,0,0,3,78130,80176,81260,16019,17102,19149,591,591,591,0.00,0.01,0.03,0.00,0.00,0.01,0.00,0.00,0.00,0.00,0.00,0.00,0.00,0.00,0.00,0.00,0.00,0.00,0.00,0.00,0.01,393136,1620592,3462015,408862,1974715,3608777,0,0,0,0,0,0,0,112715,0,134.96,135.48,136.75
121,3,0,2,9,78046,80154,81258,16021,17105,19153,591,591,591,0.00,0.01,0.03,0.00,0.00,0.01,0.00,0.00,0.00,0.00,0.00,0.00,0.00,0.00,0.00,0.00,0.00,0.00,0.00,0.00,0.01,293544,1929495,4182487,306649,2291810,4331861,0,0,0,0,0,0,0,130355,0,140.13,141.10,143.00
122,0,10,33,97,62695,64263,68737,28584,33023,34584,591,591,591,0.05,0.14,0.31,0.03,0.05,0.11,0.01,0.04,0.10,0.00,0.00,0.00,0.00,0.01,0.01,0.00,0.00,0.00,0.02,0.05,0.13,448147,940321,1689305,1949822,2315164,2898543,0,0,0,0,0,0,0,158287,0,143.24,176.67,217.08
122,1,9,21,33,53446,56990,65502,31695,40247,43833,591,591,591,0.06,0.12,0.21,0.03,0.05,0.09,0.01,0.03,0.07,0.00,0.00,0.00,0.00,0.01,0.01,0.00,0.00,0.00,0.02,0.04,0.07,343306,428191,500438,1142607,1878360,2615276,0,0,0,0,0,0,0,246562,0,174.36,205.46,262.11
122,2,0,6,16,71914,72216,73416,23863,25062,25365,591,591,591,0.00,0.08,0.22,0.00,0.03,0.08,0.00,0.02,0.07,0.00,0.00,0.00,0.00,0.00,0.01,0.00,0.00,0.00,0.00,0.02,0.06,322380,628955,1145250,573978,1688750,2633813,0,0,0,0,0,0,0,135239,0,145.99,158.86,173.24
122,3,0,16,52,71912,72214,73414,23865,25064,25367,591,591,591,0.00,0.08,0.20,0.00,0.03,0.07,0.00,0.02,0.06,0.00,0.00,0.00,0.00,0.00,0.01,0.00,0.00,0.00,0.00,0.02,0.06,421889,705000,1184675,626394,1758512,2463580,0,0,0,0,0,0,0,141189,0,151.64,167.14,179.34
123,0,0,6,34,62695,62695,62695,34584,34584,34584,591,591,591,0.00,0.07,0.29,0.00,0.04,0.15,0.00,0.02,0.08,0.00,0.00,0.00,0.00,0.00,0.01,0.00,0.00,0.00,0.00,0.03,0.14,427199,868239,1827999,437682,1024168,1845004,0,0,0,0,0,0,0,136923,0,164.94,191.18,209.57
123,1,0,35,92,52826,53322,53446,43833,43957,44453,591,591,591,0.00,0.25,0.75,0.00,0.11,0.26,0.00,0.07,0.25,0.00,0.00,0.00,0.00,0.01,0.03,0.00,0.00,0.00,0.00,0.09,0.21,0,600651,1218725,44556,845935,1231829,0,0,0,0,0,0,0,197417,0,232.04,246.42,262.36
123,2,0,13,37,71914,71914,71914,25365,25365,25365,591,591,591,0.00,0.06,0.20,0.00,0.03,0.09,0.00,0.02,0.08,0.00,0.00,0.00,0.00,0.00,0.01,0.00,0.00,0.00,0.00,0.03,0.09,314390,568210,951690,327490,717845,1233489,0,0,0,0,0,0,0,128373,0,161.69,172.85,186.72
123,3,0,7,36,71912,71912,71912,25367,25367,25367,591,591,591,0.00,0.07,0.21,0.00,0.04,0.10,0.00,0.02,0.09,0.00,0.00,0.00,0.00,0.00,0.01,0.00,0.00,0.00,0.00,0.04,0.09,293213,443366,738986,306187,597432,1229022,0,0,0,0,0,0,0,132710,0,172.12,181.37,196.41
124,0,0,0,0,62695,62695,62695,34584,34584,34584,591,591,591,0.00,0.00,0.00,0.00,0.00,0.00,0.00,0.00,0.00,0.00,0.00,0.00,0.00,0.00,0.00,0.00,0.00,0.00,0.00,0.00,0.00,424585,449748,505843,437690,515270,642112,0,0,0,0,0,0,0,108021,0,135.18,150.42,164.80
124,1,1,33,100,49402,49562,50206,47073,47716,47877,591,591,591,0.10,0.34,0.55,0.04,0.14,0.20,0.02,0.10,0.15,0.00,0.00,0.00,0.00,0.01,0.02,0.00,0.00,0.00,0.02,0.11,0.18,324965,481686,794053,794105,1095454,1341766,0,0,0,0,0,0,0,235169,0,234.84,287.06,333.46
124,2,0,0,0,71914,71914,71914,25365,25365,25365,591,591,591,0.00,0.00,0.00,0.00,0.00,0.00,0.00,0.00,0.00,0.00,0.00,0.00,0.00,0.00,0.00,0.00,0.00,0.00,0.00,0.00,0.00,306649,319752,338096,317133,385275,469143,0,0,0,0,0,0,0,107626,0,134.28,138.36,154.41
124,3,0,0,0,71912,71912,71912,25367,25367,25367,591,591,591,0.00,0.00,0.00,0.00,0.00,0.00,0.00,0.00,0.00,0.00,0.00,0.00,0.00,0.00,0.00,0.00,0.00,0.00,0.00,0.00,0.00,298766,333901,435072,311870,399424,581843,0,0,0,0,0,0,0,84606,0,140.60,145.72,164.67
125,0,0,13,39,62695,62695,62695,34584,34584,34584,591,591,591,0.00,0.16,0.35,0.00,0.06,0.15,0.00,0.03,0.08,0.00,0.00,0.00,0.00,0.00,0.01,0.00,0.00,0.00,0.00,0.05,0.13,487480,679288,911907,930400,1882712,3113260,0,0,0,0,0,0,0,164249,0,135.17,170.02,189.37
125,1,0,0,0,49402,49402,49402,47877,47877,47877,591,591,591,0.00,0.00,0.00,0.00,0.00,0.00,0.00,0.00,0.00,0.00,0.00,0.00,0.00,0.00,0.00,0.00,0.00,0.00,0.00,0.00,0.00,317134,579207,988003,395760,1397974,2054780,0,0,0,0,0,0,0,88695,0,147.68,200.76,264.60
125,2,0,20,32,49404,56580,70854,26425,40698,47875,591,591,591,0.00,0.12,0.20,0.00,0.05,0.08,0.00,0.03,0.07,0.00,0.00,0.00,0.00,0.01,0.01,0.00,0.00,0.00,0.00,0.04,0.07,159861,549268,1082339,794060,1911402,2678332,0,0,0,0,0,0,0,121154,0,136.61,171.12,199.85
125,3,0,29,47,33438,46328,67912,29307,50920,63801,591,591,591,0.01,0.18,0.28,0.01,0.07,0.12,0.00,0.05,0.10,0.00,0.00,0.00,0.00,0.01,0.02,0.00,0.00,0.00,0.00,0.05,0.10,2620,472780,959185,1032566,1921490,2523817,0,0,0,0,0,0,0,220537,0,150.41,201.04,236.41
126,0,0,10,30,48109,58549,62695,34584,38733,49190,591,591,591,0.00,0.04,0.22,0.00,0.03,0.09,0.00,0.02,0.08,0.00,0.00,0.00,0.00,0.00,0.01,0.00,0.00,0.00,0.00,0.03,0.09,432452,805363,2036364,450805,1388998,3747748,0,0,0,0,0,0,0,186379,0,140.50,176.11,198.85
126,1,32,50,72,40320,47585,49402,47877,49689,56939,591,591,591,0.15,0.33,0.59,0.06,0.14,0.27,0.04,0.09,0.19,0.00,0.00,0.00,0.01,0.01,0.03,0.00,0.00,0.00,0.03,0.11,0.20,226570,576910,1396751,914995,1458349,2528828,0,0,0,0,0,0,0,282596,0,161.04,227.53,311.03
126,2,0,48,100,49404,49404,49404,47875,47875,47875,591,591,591,0.03,0.33,0.71,0.02,0.13,0.26,0.00,0.09,0.22,0.00,0.00,0.00,0.00,0.01,0.03,0.00,0.00,0.00,0.03,0.11,0.22,317081,506043,910530,419356,1225247,2485850,0,0,0,0,0,0,0,190123,0,254.63,271.50,285.59
126,3,18,63,100,30918,30919,30920,66359,66359,66361,591,591,591,0.08,0.47,0.81,0.03,0.18,0.29,0.02,0.12,0.27,0.00,0.00,0.00,0.00,0.02,0.04,0.00,0.00,0.00,0.02,0.16,0.25,311856,631526,1449088,1008825,1411389,1771334,0,0,0,0,0,0,0,305698,0,233.60,292.17,359.65
127,0,18,60,98,28811,41177,45881,51398,56106,68488,591,591,591,0.08,0.40,0.66,0.03,0.17,0.28,0.02,0.12,0.22,0.00,0.00,0.00,0.00,0.02,0.04,0.00,0.00,0.00,0.02,0.13,0.21,419299,487966,555584,1360076,2062982,2565646,0,0,0,0,0,0,0,312201,0,204.52,286.16,344.92
127,1,19,31,62,17806,21121,25620,71619,76137,79473,591,591,591,0.09,0.21,0.54,0.03,0.08,0.20,0.02,0.06,0.19,0.00,0.00,0.00,0.00,0.01,0.04,0.00,0.00,0.00,0.02,0.06,0.15,338060,406208,534635,1556650,2161011,2704624,0,0,0,0,0,0,0,168782,0,261.21,314.35,344.90
127,2,22,59,100,41514,42574,45384,51895,54704,55765,591,591,591,0.10,0.40,0.64,0.04,0.16,0.28,0.02,0.12,0.17,0.00,0.00,0.00,0.00,0.02,0.03,0.00,0.00,0.00,0.02,0.09,0.17,336219,461647,778328,1527843,2062389,2486811,0,0,0,0,0,0,0,270667,0,261.02,289.97,353.39
127,3,22,51,96,8890,16136,29438,67801,81122,88369,591,591,591,0.10,0.37,0.76,0.04,0.15,0.33,0.02,0.12,0.27,0.00,0.00,0.00,0.00,0.02,0.05,0.00,0.00,0.00,0.02,0.09,0.23,304000,433117,826074,1624853,2057087,2357066,0,0,0,0,0,0,0,214224,0,292.96,365.94,432.17
128,0,18,57,100,23025,23851,26389,70890,73427,74254,591,591,591,0.09,0.29,0.77,0.03,0.13,0.26,0.02,0.08,0.24,0.00,0.00,0.00,0.00,0.02,0.04,0.00,0.00,0.00,0.02,0.10,0.21,456010,735857,1158331,584232,1646279,2547286,0,0,0,0,0,0,0,277672,0,270.13,307.44,348.99
128,1,40,78,100,17806,17806,17806,79473,79473,79473,591,591,591,0.20,0.60,0.83,0.08,0.22,0.28,0.06,0.18,0.28,0.00,0.00,0.00,0.01,0.03,0.05,0.00,0.00,0.00,0.05,0.17,0.22,335449,473802,613246,1058762,1292479,1755830,0,0,0,0,0,0,0,342475,0,254.85,357.85,430.59
128,2,21,50,91,27016,29189,33294,63985,68089,70263,591,591,591,0.10,0.34,0.72,0.04,0.12,0.25,0.02,0.10,0.22,0.00,0.00,0.00,0.00,0.02,0.04,0.00,0.00,0.00,0.02,0.10,0.24,2619,318677,542495,468872,1345947,1766387,0,0,0,0,0,0,0,243311,0,284.36,328.69,359.92
128,3,23,69,100,8570,8570,8570,88709,88709,88709,591,591,591,0.14,0.62,0.85,0.07,0.22,0.30,0.02,0.17,0.29,0.00,0.00,0.00,0.00,0.03,0.05,0.00,0.00,0.00,0.05,0.17,0.24,366875,581415,945985,909587,1368603,1826537,0,0,0,0,0,0,0,427838,0,245.32,344.58,458.88
129,0,27,42,54,23025,23025,23025,74254,74254,74254,591,591,591,0.20,0.45,0.79,0.07,0.15,0.25,0.05,0.13,0.26,0.00,0.00,0.00,0.01,0.01,0.02,0.00,0.00,0.00,0.04,0.12,0.23,445515,518888,639450,969578,1371918,2020580,0,0,0,0,0,0,0,172105,0,346.97,366.13,392.31
129,1,34,50,59,17806,17806,17806,79473,79473,79473,591,591,591,0.27,0.40,0.54,0.10,0.16,0.20,0.08,0.11,0.16,0.00,0.00,0.00,0.01,0.01,0.02,0.00,0.00,0.00,0.06,0.13,0.17,361614,404228,482204,990619,1261805,1760907,0,0,0,0,0,0,0,302093,0,326.54,365.33,425.49
129,2,69,87,100,11896,20776,27016,70263,76503,85383,591,591,591,0.43,0.69,0.88,0.16,0.26,0.35,0.14,0.21,0.28,0.00,0.00,0.00,0.02,0.04,0.06,0.00,0.00,0.00,0.11,0.19,0.24,324980,609971,1168916,702329,1246148,2107133,0,0,0,0,0,0,0,301822,0,320.18,393.93,452.82
129,3,35,56,100,8570,8570,8570,88709,88709,88709,591,591,591,0.17,0.45,0.74,0.07,0.18,0.26,0.03,0.13,0.23,0.00,0.00,0.00,0.00,0.02,0.03,0.00,0.00,0.00,0.04,0.14,0.22,324967,410768,581777,788675,1243451,1771509,0,0,0,0,0,0,0,261222,0,360.47,401.42,448.08
130,0,34,65,87,23025,23025,23025,74254,74254,74254,591,591,591,0.23,0.46,0.63,0.09,0.18,0.23,0.07,0.13,0.18,0.00,0.00,0.00,0.01,0.02,0.03,0.00,0.00,0.00,0.05,0.14,0.21,436233,656700,1254643,1026291,1379486,2074854,0,0,0,0,0,0,0,276413,0,310.12,326.33,368.96
130,1,42,72,100,17806,17806,17806,79473,79473,79473,591,591,591,0.17,0.52,0.74,0.07,0.20,0.29,0.03,0.15,0.23,0.00,0.00,0.00,0.00,0.02,0.04,0.00,0.00,0.00,0.04,0.16,0.27,227133,550970,1242189,696898,1209787,1910456,0,0,0,0,0,0,0,315814,0,320.24,359.47,389.42
130,2,21,45,100,4606,5790,8996,88283,91489,92673,591,591,591,0.10,0.33,0.84,0.04,0.12,0.25,0.02,0.09,0.28,0.00,0.00,0.00,0.00,0.02,0.05,0.00,0.00,0.00,0.02,0.09,0.19,319718,411419,723311,469848,1217872,1727036,0,0,0,0,0,0,0,311923,0,251.08,309.29,388.46
130,3,33,56,100,8570,8570,8570,88709,88709,88709,591,591,591,0.15,0.38,0.69,0.06,0.15,0.25,0.03,0.12,0.21,0.00,0.00,0.00,0.00,0.02,0.03,0.00,0.00,0.00,0.03,0.10,0.20,322518,376176,545065,859210,1170211,1391490,0,0,0,0,0,0,0,287068,0,301.98,334.97,350.54
131,0,26,65,100,23025,23025,23025,74254,74254,74254,591,591,591,0.13,0.48,0.77,0.05,0.19,0.30,0.03,0.14,0.24,0.00,0.00,0.00,0.00,0.02,0.04,0.00,0.00,0.00,0.02,0.15,0.26,463855,707037,1318057,1077185,1379500,1878821,0,0,0,0,0,0,0,296931,0,306.84,342.96,361.58
131,1,28,60,95,8826,14818,17806,79473,82457,88453,591,591,591,0.11,0.49,0.77,0.04,0.19,0.33,0.02,0.15,0.27,0.00,0.00,0.00,0.00,0.03,0.05,0.00,0.00,0.00,0.02,0.12,0.21,335405,471185,893625,744271,1155167,1488503,0,0,0,0,0,0,0,280952,0,367.39,390.97,406.78
131,2,33,79,100,4606,4606,4606,92673,92673,92673,591,591,591,0.13,0.59,0.85,0.05,0.21,0.29,0.03,0.17,0.28,0.00,0.00,0.00,0.00,0.03,0.05,0.00,0.00,0.00,0.02,0.16,0.23,342391,589114,1142674,449389,1155786,2324661,0,0,0,0,0,0,0,193891,0,369.64,416.44,472.25
131,3,30,55,99,8570,8570,8570,88709,88709,88709,591,591,591,0.29,0.40,0.53,0.11,0.16,0.23,0.09,0.11,0.14,0.00,0.00,0.00,0.01,0.02,0.02,0.00,0.00,0.00,0.07,0.13,0.23,330197,439342,674113,1043050,1180508,1467553,0,0,0,0,0,0,0,195742,0,322.97,347.34,378.95
132,0,22,46,95,8563,13311,19725,77554,83967,88716,591,591,591,0.11,0.34,0.90,0.04,0.13,0.33,0.02,0.12,0.30,0.00,0.00,0.00,0.00,0.02,0.06,0.00,0.00,0.00,0.02,0.08,0.19,495331,730580,862195,1090152,1706953,2177790,0,0,0,0,0,0,0,180286,0,283.23,365.21,427.60
132,1,23,66,100,4602,4876,5974,91305,92402,92677,591,591,591,0.10,0.47,0.86,0.04,0.16,0.26,0.02,0.14,0.29,0.00,0.00,0.00,0.00,0.02,0.05,0.00,0.00,0.00,0.02,0.12,0.20,319688,421366,587034,652477,1285553,1847557,0,0,0,0,0,0,0,279543,0,284.51,313.42,358.85
132,2,30,55,97,4584,4601,4606,92673,92677,92695,591,591,591,0.14,0.48,0.89,0.05,0.19,0.36,0.03,0.14,0.28,0.00,0.00,0.00,0.00,0.02,0.06,0.00,0.00,0.00,0.02,0.12,0.24,340674,817092,1952463,953889,1709050,3095113,0,0,0,0,0,0,0,252944,0,340.43,383.94,410.24
132,3,38,60,100,8570,8570,8570,88709,88709,88709,591,591,591,0.21,0.38,0.57,0.08,0.15,0.23,0.05,0.11,0.16,0.00,0.00,0.00,0.01,0.01,0.02,0.00,0.00,0.00,0.04,0.12,0.20,154610,441317,870066,1244824,1440645,1816131,0,0,0,0,0,0,0,243202,0,325.06,336.99,356.36
133,0,45,74,100,8563,8563,8563,88716,88716,88716,591,591,591,0.22,0.66,0.85,0.09,0.22,0.27,0.03,0.19,0.29,0.00,0.00,0.00,0.01,0.03,0.05,0.00,0.00,0.00,0.05,0.17,0.21,463997,765252,1432510,581798,1139221,1839591,0,0,0,0,0,0,0,390208,0,269.15,379.15,461.37
133,1,32,59,92,4602,4602,4602,92677,92677,92677,591,591,591,0.28,0.46,0.82,0.10,0.18,0.27,0.08,0.13,0.23,0.00,0.00,0.00,0.01,0.02,0.04,0.00,0.00,0.00,0.07,0.16,0.25,372138,683365,1041138,849010,1316045,1801030,0,0,0,0,0,0,0,291413,0,345.04,417.06,464.75
133,2,37,85,100,4584,4584,4584,92695,92695,92695,591,591,591,0.45,0.71,0.86,0.21,0.25,0.31,0.11,0.20,0.28,0.00,0.00,0.00,0.02,0.04,0.05,0.00,0.00,0.00,0.18,0.20,0.25,327638,415361,532001,508033,782684,1187362,0,0,0,0,0,0,0,381242,0,330.07,385.44,449.77
133,3,28,63,100,8570,8570,8570,88709,88709,88709,591,591,591,0.13,0.49,0.80,0.05,0.19,0.26,0.03,0.14,0.27,0.00,0.00,0.00,0.00,0.02,0.04,0.00,0.00,0.00,0.02,0.14,0.21,337889,411146,618484,553506,988236,1499039,0,0,0,0,0,0,0,284282,0,310.13,338.31,367.40
134,0,36,76,100,8563,8563,8563,88716,88716,88716,591,591,591,0.31,0.55,0.90,0.11,0.21,0.32,0.06,0.12,0.17,0.00,0.00,0.00,0.01,0.03,0.07,0.00,0.00,0.00,0.08,0.16,0.20,465060,580985,681374,815028,1144384,1341797,0,0,0,0,0,0,0,311164,0,335.64,375.29,419.00
134,1,32,60,95,4602,4602,4602,92677,92677,92677,591,591,591,0.14,0.49,0.86,0.05,0.18,0.34,0.03,0.14,0.27,0.00,0.00,0.00,0.00,0.03,0.05,0.00,0.00,0.00,0.02,0.12,0.20,343310,450227,584445,584354,1094388,1543668,0,0,0,0,0,0,0,259850,0,331.37,347.00,363.44
134,2,30,72,93,4584,4584,4584,92695,92695,92695,591,591,591,0.23,0.43,0.60,0.09,0.17,0.27,0.06,0.13,0.17,0.00,0.00,0.00,0.01,0.02,0.02,0.00,0.00,0.00,0.05,0.13,0.23,344139,682100,1279071,1020190,1370284,1805901,0,0,0,0,0,0,0,329952,0,338.78,376.87,423.69
134,3,37,56,75,8570,8570,8570,88709,88709,88709,591,591,591,0.19,0.32,0.49,0.07,0.13,0.20,0.05,0.09,0.14,0.00,0.00,0.00,0.01,0.01,0.02,0.00,0.00,0.00,0.04,0.09,0.19,335431,557466,1124248,1103254,1314192,1863264,0,0,0,0,0,0,0,274367,0,297.25,333.06,359.84
135,0,23,54,100,4577,5819,8563,88716,91459,92702,591,591,591,0.11,0.37,0.85,0.04,0.13,0.24,0.02,0.11,0.32,0.00,0.00,0.00,0.00,0.02,0.05,0.00,0.00,0.00,0.02,0.09,0.19,448150,495792,545110,584378,1261497,1548847,0,0,0,0,0,0,0,248287,0,295.90,319.56,359.38
135,1,37,82,100,4602,4602,4602,92677,92677,92677,591,591,591,0.31,0.58,0.84,0.11,0.22,0.33,0.08,0.17,0.28,0.00,0.00,0.00,0.01,0.03,0.05,0.00,0.00,0.00,0.08,0.18,0.27,345927,384716,482213,526753,926149,1226466,0,0,0,0,0,0,0,335218,0,368.69,411.70,443.55
135,2,34,74,100,4584,4584,4584,92695,92695,92695,591,591,591,0.27,0.52,0.78,0.10,0.20,0.31,0.06,0.16,0.24,0.00,0.00,0.00,0.01,0.02,0.03,0.00,0.00,0.00,0.07,0.14,0.23,340690,515753,746909,815020,1171449,1383726,0,0,0,0,0,0,0,316282,0,351.36,376.86,406.44
135,3,31,64,100,8570,8570,8570,88709,88709,88709,591,591,591,0.31,0.50,0.70,0.12,0.20,0.28,0.10,0.15,0.22,0.00,0.00,0.00,0.01,0.02,0.03,0.00,0.00,0.00,0.07,0.16,0.22,364269,541243,605366,1011508,1226626,1471093,0,0,0,0,0,0,0,300398,0,324.41,347.17,385.94
136,0,56,81,100,4577,4577,4577,92702,92702,92702,591,591,591,0.66,0.76,0.85,0.24,0.28,0.32,0.16,0.24,0.29,0.00,0.00,0.00,0.02,0.04,0.05,0.00,0.00,0.00,0.15,0.21,0.27,529251,659057,943389,733780,930930,1218544,0,0,0,0,0,0,0,304626,0,357.98,435.69,490.58
136,1,33,66,92,4602,4602,4602,92677,92677,92677,591,591,591,0.14,0.43,0.71,0.05,0.17,0.29,0.03,0.12,0.22,0.00,0.00,0.00,0.00,0.02,0.04,0.00,0.00,0.00,0.02,0.11,0.18,0,385890,880532,686326,1081607,1223835,0,0,0,0,0,0,0,343849,0,352.19,380.75,419.75
136,2,32,67,100,4584,4584,4584,92695,92695,92695,591,591,591,0.14,0.54,0.82,0.05,0.19,0.31,0.03,0.15,0.27,0.00,0.00,0.00,0.00,0.02,0.04,0.00,0.00,0.00,0.02,0.15,0.26,315174,411865,671202,675754,1016558,1302480,0,0,0,0,0,0,0,326712,0,354.35,363.21,370.29
136,3,39,65,100,8570,8570,8570,88709,88709,88709,591,591,591,0.17,0.51,0.73,0.06,0.21,0.31,0.03,0.14,0.23,0.00,0.00,0.00,0.00,0.02,0.03,0.00,0.00,0.00,0.04,0.16,0.26,309243,406686,631312,856955,1050051,1231732,0,0,0,0,0,0,0,324237,0,341.24,374.39,398.68
137,0,30,65,100,4577,4577,4577,92702,92702,92702,591,591,591,0.13,0.46,0.83,0.05,0.17,0.31,0.03,0.13,0.23,0.00,0.00,0.00,0.00,0.02,0.04,0.00,0.00,0.00,0.02,0.13,0.26,469101,1081535,1999594,977538,1656004,2840839,0,0,0,0,0,0,0,335104,0,351.61,374.16,423.04
137,1,28,64,100,4602,4602,4602,92677,92677,92677,591,591,591,0.15,0.51,0.82,0.05,0.19,0.32,0.03,0.15,0.27,0.00,0.00,0.00,0.00,0.02,0.05,0.00,0.00,0.00,0.02,0.13,0.25,332835,714824,1486753,812373,1305964,1594199,0,0,0,0,0,0,0,276513,0,382.39,412.89,437.92
137,2,27,56,88,4584,4584,4584,92695,92695,92695,591,591,591,0.13,0.39,0.62,0.05,0.16,0.27,0.03,0.12,0.21,0.00,0.00,0.00,0.00,0.02,0.03,0.00,0.00,0.00,0.02,0.11,0.19,343305,633504,1069223,775713,1273301,2025759,0,0,0,0,0,0,0,215934,0,299.48,367.56,413.68
137,3,31,67,100,8570,8570,8570,88709,88709,88709,591,591,591,0.14,0.51,0.82,0.05,0.18,0.27,0.03,0.16,0.27,0.00,0.00,0.00,0.00,0.03,0.05,0.00,0.00,0.00,0.02,0.12,0.20,319724,551830,1152997,688072,1115051,1477810,0,0,0,0,0,0,0,282217,0,354.57,365.80,387.41
138,0,29,51,100,4577,4577,4577,92702,92702,92702,591,591,591,0.16,0.37,0.64,0.06,0.15,0.25,0.03,0.10,0.18,0.00,0.00,0.00,0.00,0.01,0.02,0.00,0.00,0.00,0.03,0.11,0.24,458356,561670,655127,857009,1268436,1485524,0,0,0,0,0,0,0,271270,0,320.44,365.14,407.05
138,1,27,64,100,4602,4602,4602,92677,92677,92677,591,591,591,0.13,0.56,0.82,0.05,0.21,0.29,0.03,0.17,0.26,0.00,0.00,0.00,0.00,0.03,0.04,0.00,0.00,0.00,0.02,0.16,0.24,332830,451235,702398,662930,922411,1223874,0,0,0,0,0,0,0,284334,0,382.90,406.14,429.00
138,2,27,79,100,4584,4584,4584,92695,92695,92695,591,591,591,0.21,0.59,0.81,0.08,0.22,0.31,0.06,0.17,0.27,0.00,0.00,0.00,0.01,0.03,0.04,0.00,0.00,0.00,0.05,0.18,0.28,345919,536716,906769,683976,1009487,1645812,0,0,0,0,0,0,0,338566,0,336.50,375.94,408.02
138,3,30,63,100,8570,8570,8570,88709,88709,88709,591,591,591,0.13,0.54,0.81,0.05,0.21,0.32,0.03,0.16,0.27,0.00,0.00,0.00,0.00,0.03,0.05,0.00,0.00,0.00,0.02,0.15,0.26,302254,517993,801784,754760,1063613,1250950,0,0,0,0,0,0,0,266513,0,359.23,389.55,426.50
139,0,27,48,100,4577,4577,4577,92702,92702,92702,591,591,591,0.26,0.36,0.73,0.10,0.14,0.27,0.07,0.11,0.21,0.00,0.00,0.00,0.01,0.01,0.03,0.00,0.00,0.00,0.06,0.11,0.22,463869,916193,2125332,1024729,1510046,2667803,0,0,0,0,0,0,0,249210,0,307.40,330.40,372.29
139,1,25,64,100,4602,4602,4602,92677,92677,92677,591,591,591,0.13,0.50,0.81,0.05,0.19,0.31,0.03,0.15,0.26,0.00,0.00,0.00,0.00,0.02,0.04,0.00,0.00,0.00,0.02,0.14,0.23,10482,351160,613283,815032,933426,1048288,0,0,0,0,0,0,0,260906,0,381.09,384.02,387.64
139,2,28,67,100,4584,4584,4584,92695,92695,92695,591,591,591,0.16,0.53,0.73,0.07,0.21,0.31,0.03,0.16,0.24,0.00,0.00,0.00,0.00,0.03,0.04,0.00,0.00,0.00,0.04,0.15,0.23,327472,398728,667643,683377,936987,1197238,0,0,0,0,0,0,0,347568,0,362.45,372.43,386.26
139,3,33,68,100,8570,8570,8570,88709,88709,88709,591,591,591,0.14,0.50,0.82,0.05,0.20,0.30,0.03,0.14,0.24,0.00,0.00,0.00,0.00,0.02,0.04,0.00,0.00,0.00,0.03,0.15,0.25,330203,348966,407710,670889,910211,1356420,0,0,0,0,0,0,0,274837,0,367.42,391.52,414.18
140,0,30,52,73,4577,4577,4577,92702,92702,92702,591,591,591,0.19,0.39,0.72,0.08,0.15,0.28,0.03,0.11,0.21,0.00,0.00,0.00,0.01,0.02,0.03,0.00,0.00,0.00,0.05,0.11,0.24,311577,681662,1678981,789104,1347449,2300256,0,0,0,0,0,0,0,259680,0,292.19,314.90,356.31
140,1,29,65,100,4602,4602,4602,92677,92677,92677,591,591,591,0.16,0.47,0.80,0.06,0.18,0.29,0.03,0.13,0.25,0.00,0.00,0.00,0.00,0.02,0.04,0.00,0.00,0.00,0.03,0.14,0.23,424551,744583,1359101,855895,1366036,1994029,0,0,0,0,0,0,0,311926,0,382.30,386.86,391.28
140,2,29,74,100,4584,4584,4584,92695,92695,92695,591,591,591,0.13,0.55,0.82,0.05,0.21,0.32,0.03,0.15,0.27,0.00,0.00,0.00,0.00,0.02,0.04,0.00,0.00,0.00,0.02,0.17,0.27,330209,389430,476967,597507,929291,1407316,0,0,0,0,0,0,0,401649,0,345.12,367.40,404.93
140,3,31,70,100,8570,8570,8570,88709,88709,88709,591,591,591,0.14,0.52,0.81,0.05,0.20,0.33,0.03,0.16,0.28,0.00,0.00,0.00,0.00,0.02,0.06,0.00,0.00,0.00,0.02,0.14,0.24,345907,687668,1375861,669791,1268703,1755843,0,0,0,0,0,0,0,301259,0,359.01,389.68,411.98
141,0,45,56,67,4577,4577,4577,92702,92702,92702,591,591,591,0.23,0.42,0.60,0.09,0.17,0.24,0.05,0.13,0.19,0.00,0.00,0.00,0.01,0.02,0.03,0.00,0.00,0.00,0.06,0.13,0.23,471654,675072,1164174,1126971,1326239,1720041,0,0,0,0,0,0,0,283062,0,315.15,331.27,348.55
141,1,23,75,100,4602,4602,4602,92677,92677,92677,591,591,591,0.28,0.54,0.79,0.10,0.21,0.30,0.07,0.16,0.26,0.00,0.00,0.00,0.01,0.02,0.04,0.00,0.00,0.00,0.07,0.17,0.24,324975,339111,361641,686595,883162,1092818,0,0,0,0,0,0,0,323817,0,359.30,384.96,412.28
141,2,30,61,100,4584,4584,4584,92695,92695,92695,591,591,591,0.14,0.48,0.83,0.05,0.16,0.25,0.03,0.14,0.28,0.00,0.00,0.00,0.00,0.03,0.05,0.00,0.00,0.00,0.02,0.12,0.20,345913,482518,908472,474320,1070699,1354243,0,0,0,0,0,0,0,270356,0,332.26,370.64,448.19
141,3,25,69,100,8570,8570,8570,88709,88709,88709,591,591,591,0.39,0.62,0.83,0.15,0.23,0.29,0.09,0.18,0.28,0.00,0.00,0.00,0.02,0.03,0.05,0.00,0.00,0.00,0.09,0.18,0.23,319686,544227,873522,697100,955132,1119856,0,0,0,0,0,0,0,361355,0,348.00,393.09,449.81
142,0,31,60,100,4577,4577,4577,92702,92702,92702,591,591,591,0.13,0.41,0.72,0.05,0.16,0.29,0.03,0.12,0.22,0.00,0.00,0.00,0.00,0.02,0.03,0.00,0.00,0.00,0.02,0.12,0.23,490065,539197,600098,1019381,1206157,1430901,0,0,0,0,0,0,0,244842,0,310.21,337.81,366.23
142,1,29,56,78,4602,4602,4602,92677,92677,92677,591,591,591,0.19,0.41,0.78,0.08,0.16,0.32,0.06,0.13,0.26,0.00,0.00,0.00,0.01,0.02,0.04,0.00,0.00,0.00,0.04,0.10,0.20,335428,475672,778644,1019444,1112411,1217976,0,0,0,0,0,0,0,292763,0,330.45,352.21,369.36
142,2,26,63,100,4584,4584,4584,92695,92695,92695,591,591,591,0.29,0.47,0.82,0.11,0.18,0.29,0.08,0.13,0.23,0.00,0.00,0.00,0.01,0.02,0.04,0.00,0.00,0.00,0.09,0.15,0.23,356486,461200,531758,749515,995750,1414529,0,0,0,0,0,0,0,237060,0,384.50,399.18,418.14
142,3,30,66,100,8570,8570,8570,88709,88709,88709,591,591,591,0.12,0.47,0.80,0.05,0.18,0.28,0.03,0.14,0.25,0.00,0.00,0.00,0.00,0.02,0.04,0.00,0.00,0.00,0.02,0.14,0.22,309136,402332,607105,828260,994491,1176700,0,0,0,0,0,0,0,307321,0,334.21,364.64,377.76
143,0,29,55,91,4577,4577,4577,92702,92702,92702,591,591,591,0.19,0.36,0.54,0.07,0.14,0.22,0.05,0.11,0.15,0.00,0.00,0.00,0.01,0.01,0.02,0.00,0.00,0.00,0.04,0.11,0.21,458611,900457,2054656,1168789,1598596,2916877,0,0,0,0,0,0,0,228981,0,312.33,333.82,368.17
143,1,33,51,100,4602,4602,4602,92677,92677,92677,591,591,591,0.14,0.45,0.82,0.05,0.17,0.27,0.03,0.12,0.27,0.00,0.00,0.00,0.00,0.02,0.04,0.00,0.00,0.00,0.02,0.13,0.24,146721,494856,1106400,749503,1083492,1439716,0,0,0,0,0,0,0,336821,0,316.41,356.61,382.62
143,2,30,60,95,4584,4584,4584,92695,92695,92695,591,591,591,0.13,0.44,0.88,0.05,0.17,0.35,0.03,0.14,0.27,0.00,0.00,0.00,0.00,0.02,0.06,0.00,0.00,0.00,0.02,0.10,0.21,328697,452511,684002,577788,1048527,1449103,0,0,0,0,0,0,0,249114,0,308.36,333.33,351.45
143,3,32,69,100,8570,8570,8570,88709,88709,88709,591,591,591,0.28,0.43,0.78,0.11,0.17,0.28,0.06,0.12,0.24,0.00,0.00,0.00,0.01,0.02,0.03,0.00,0.00,0.00,0.08,0.13,0.23,309819,511129,906704,880532,1214783,1331321,0,0,0,0,0,0,0,258167,0,327.54,356.89,398.07
144,0,33,67,87,4577,4577,4577,92702,92702,92702,591,591,591,0.17,0.44,0.72,0.07,0.17,0.26,0.03,0.13,0.22,0.00,0.00,0.00,0.00,0.02,0.04,0.00,0.00,0.00,0.04,0.13,0.21,327875,649248,1132140,808531,1349818,1965522,0,0,0,0,0,0,0,280932,0,311.26,335.84,375.94
144,1,29,56,95,4602,4602,4602,92677,92677,92677,591,591,591,0.14,0.41,0.87,0.05,0.16,0.35,0.03,0.12,0.27,0.00,0.00,0.00,0.00,0.02,0.05,0.00,0.00,0.00,0.02,0.11,0.20,332829,493686,757385,668234,1201725,1577081,0,0,0,0,0,0,0,250585,0,331.04,377.26,427.59
144,2,29,72,100,4580,4580,4580,92699,92699,92699,591,591,591,0.14,0.61,0.85,0.05,0.22,0.34,0.03,0.16,0.28,0.00,0.00,0.00,0.00,0.03,0.05,0.00,0.00,0.00,0.02,0.17,0.30,326720,559580,1200276,485712,1043127,1412558,0,0,0,0,0,0,0,308326,0,310.96,357.92,447.61
144,3,31,58,91,8570,8570,8570,88709,88709,88709,591,591,591,0.27,0.37,0.48,0.10,0.15,0.21,0.08,0.11,0.15,0.00,0.00,0.00,0.01,0.01,0.02,0.00,0.00,0.00,0.06,0.11,0.18,332830,526237,825585,1098077,1241138,1336446,0,0,0,0,0,0,0,288713,0,329.50,342.25,367.47
145,0,34,60,100,4577,4577,4577,92702,92702,92702,591,591,591,0.19,0.42,0.75,0.07,0.17,0.29,0.05,0.12,0.20,0.00,0.00,0.00,0.01,0.02,0.03,0.00,0.00,0.00,0.04,0.13,0.23,495297,1030453,2015335,849081,1644741,2822518,0,0,0,0,0,0,0,264037,0,323.27,351.37,379.15
145,1,55,89,100,4602,4602,4602,92677,92677,92677,591,591,591,0.68,0.76,0.85,0.25,0.28,0.33,0.20,0.23,0.28,0.00,0.00,0.00,0.03,0.04,0.05,0.00,0.00,0.00,0.14,0.21,0.27,343255,618992,1307726,497851,924556,1703450,0,0,0,0,0,0,0,352285,0,359.07,418.71,502.47
145,2,29,52,83,4580,4580,4580,92699,92699,92699,591,591,591,0.14,0.40,0.59,0.05,0.16,0.26,0.03,0.13,0.20,0.00,0.00,0.00,0.00,0.02,0.03,0.00,0.00,0.00,0.03,0.11,0.18,330211,476968,904151,773099,1084448,1635334,0,0,0,0,0,0,0,267376,0,328.57,393.48,456.07
145,3,31,54,92,8570,8570,8570,88709,88709,88709,591,591,591,0.29,0.40,0.58,0.11,0.16,0.23,0.08,0.12,0.18,0.00,0.00,0.00,0.01,0.02,0.02,0.00,0.00,0.00,0.07,0.12,0.18,317097,424547,733792,940808,1105744,1191540,0,0,0,0,0,0,0,254906,0,331.80,345.81,364.49
146,0,34,59,100,4577,4577,4577,92702,92702,92702,591,591,591,0.18,0.41,0.73,0.07,0.16,0.28,0.05,0.12,0.22,0.00,0.00,0.00,0.01,0.02,0.03,0.00,0.00,0.00,0.04,0.13,0.23,463782,571812,888414,1121461,1273076,1362752,0,0,0,0,0,0,0,235028,0,317.99,330.82,350.95
146,1,27,68,100,4602,4602,4602,92677,92677,92677,591,591,591,0.14,0.48,0.84,0.05,0.16,0.25,0.03,0.14,0.28,0.00,0.00,0.00,0.00,0.02,0.05,0.00,0.00,0.00,0.02,0.12,0.20,131033,853331,2157033,873385,1466434,2349897,0,0,0,0,0,0,0,327308,0,346.39,378.94,439.61
146,2,31,67,100,4580,4580,4580,92699,92699,92699,591,591,591,0.16,0.48,0.80,0.07,0.19,0.32,0.03,0.14,0.21,0.00,0.00,0.00,0.00,0.02,0.03,0.00,0.00,0.00,0.04,0.14,0.28,324995,410997,694475,804811,1076645,1389092,0,0,0,0,0,0,0,322175,0,312.80,357.07,380.60
146,3,27,59,97,4598,7167,8570,88709,90111,92681,591,591,591,0.11,0.42,0.92,0.04,0.17,0.32,0.02,0.13,0.33,0.00,0.00,0.00,0.00,0.02,0.07,0.00,0.00,0.00,0.02,0.10,0.23,307107,379215,552969,483564,1079001,1590769,0,0,0,0,0,0,0,268635,0,317.39,364.92,401.12
147,0,34,58,89,4577,4577,4577,92702,92702,92702,591,591,591,0.16,0.43,0.73,0.06,0.17,0.32,0.03,0.12,0.24,0.00,0.00,0.00,0.00,0.02,0.04,0.00,0.00,0.00,0.03,0.12,0.22,310471,609136,895723,838631,1384658,1940307,0,0,0,0,0,0,0,263569,0,320.80,332.98,348.66
147,1,29,74,100,4602,4602,4602,92677,92677,92677,591,591,591,0.24,0.64,0.88,0.09,0.26,0.32,0.07,0.19,0.31,0.00,0.00,0.00,0.01,0.03,0.06,0.00,0.00,0.00,0.05,0.19,0.24,334703,388257,545075,526759,861951,1256119,0,0,0,0,0,0,0,324573,0,409.50,422.67,435.98
147,2,31,69,96,4580,4580,4580,92699,92699,92699,591,591,591,0.14,0.44,0.75,0.05,0.17,0.29,0.03,0.12,0.23,0.00,0.00,0.00,0.00,0.02,0.04,0.00,0.00,0.00,0.02,0.12,0.24,141517,574904,1241886,780931,1271946,2195571,0,0,0,0,0,0,0,316857,0,354.55,375.89,400.48
147,3,58,90,100,4598,4598,4598,92681,92681,92681,591,591,591,0.50,0.75,0.85,0.22,0.27,0.34,0.09,0.21,0.29,0.00,0.00,0.00,0.02,0.04,0.05,0.00,0.00,0.00,0.18,0.21,0.29,317100,603767,1016768,579167,951251,1229017,0,0,0,0,0,0,0,401388,0,308.60,386.57,491.30
148,0,78,92,100,4577,4577,4577,92702,92702,92702,591,591,591,0.74,0.79,0.83,0.26,0.29,0.34,0.18,0.24,0.28,0.00,0.00,0.00,0.03,0.04,0.05,0.00,0.00,0.00,0.18,0.22,0.31,482175,569975,744129,642027,814348,1079511,0,0,0,0,0,0,0,298241,0,369.60,411.69,478.68
148,1,27,40,75,4602,4602,4602,92677,92677,92677,591,591,591,0.13,0.30,0.69,0.05,0.11,0.25,0.03,0.07,0.19,0.00,0.00,0.00,0.00,0.01,0.04,0.00,0.00,0.00,0.02,0.08,0.20,128455,389777,594890,681600,1200815,1451848,0,0,0,0,0,0,0,308661,0,323.78,350.78,379.34
148,2,35,78,100,4580,4580,4580,92699,92699,92699,591,591,591,0.22,0.58,0.82,0.08,0.21,0.27,0.06,0.17,0.26,0.00,0.00,0.00,0.01,0.03,0.04,0.00,0.00,0.00,0.05,0.17,0.23,359037,419272,542288,778325,856263,1069250,0,0,0,0,0,0,0,298733,0,365.29,371.10,381.43
148,3,32,80,100,4598,4598,4598,92681,92681,92681,591,591,591,0.14,0.55,0.83,0.05,0.19,0.25,0.03,0.17,0.28,0.00,0.00,0.00,0.00,0.03,0.05,0.00,0.00,0.00,0.02,0.13,0.19,298674,394415,600225,495313,960013,1404893,0,0,0,0,0,0,0,312156,0,372.70,399.39,468.36
149,0,29,67,100,4577,4577,4577,92702,92702,92702,591,591,591,0.14,0.50,0.82,0.05,0.18,0.30,0.03,0.14,0.28,0.00,0.00,0.00,0.00,0.02,0.04,0.00,0.00,0.00,0.03,0.14,0.25,453365,780399,1737428,689095,1371083,2450219,0,0,0,0,0,0,0,326190,0,361.70,380.34,429.82
149,1,44,84,100,4602,4602,4602,92677,92677,92677,591,591,591,0.24,0.71,0.86,0.09,0.25,0.35,0.07,0.22,0.29,0.00,0.00,0.00,0.01,0.04,0.05,0.00,0.00,0.00,0.05,0.18,0.29,335462,613740,875237,665683,938175,1179212,0,0,0,0,0,0,0,303557,0,341.22,439.03,520.22
149,2,29,52,95,4580,4580,4580,92699,92699,92699,591,591,591,0.13,0.39,0.86,0.05,0.16,0.35,0.03,0.11,0.27,0.00,0.00,0.00,0.00,0.02,0.05,0.00,0.00,0.00,0.02,0.10,0.21,312490,641648,987996,663035,1317019,1879028,0,0,0,0,0,0,0,233738,0,313.11,351.23,400.92
149,3,31,67,97,4598,4598,4598,92681,92681,92681,591,591,591,0.14,0.48,0.78,0.05,0.19,0.32,0.03,0.13,0.26,0.00,0.00,0.00,0.00,0.02,0.04,0.00,0.00,0.00,0.02,0.14,0.26,323645,410134,647314,699727,1027763,1399457,0,0,0,0,0,0,0,160166,0,355.14,386.80,420.41
150,0,26,42,62,4577,4577,4577,92702,92702,92702,591,591,591,0.19,0.29,0.45,0.07,0.11,0.18,0.05,0.08,0.12,0.00,0.00,0.00,0.01,0.01,0.02,0.00,0.00,0.00,0.04,0.09,0.17,455991,542475,783596,1105909,1272063,1622227,0,0,0,0,0,0,0,226916,0,282.12,346.90,401.88
150,1,30,68,100,4602,4602,4602,92677,92677,92677,591,591,591,0.14,0.56,0.82,0.05,0.21,0.31,0.03,0.16,0.27,0.00,0.00,0.00,0.00,0.03,0.04,0.00,0.00,0.00,0.02,0.17,0.29,330204,369986,446186,635943,895345,1263112,0,0,0,0,0,0,0,340781,0,376.83,390.82,415.34
150,2,46,80,100,4580,4580,4580,92699,92699,92699,591,591,591,0.26,0.64,0.84,0.10,0.23,0.31,0.08,0.19,0.27,0.00,0.00,0.00,0.01,0.03,0.04,0.00,0.00,0.00,0.06,0.18,0.25,330209,616493,1218638,530392,1003130,1892165,0,0,0,0,0,0,0,261380,0,338.11,388.89,438.57
150,3,32,70,100,4598,4598,4598,92681,92681,92681,591,591,591,0.17,0.55,0.82,0.07,0.21,0.32,0.03,0.16,0.28,0.00,0.00,0.00,0.00,0.03,0.04,0.00,0.00,0.00,0.04,0.16,0.27,328192,562137,919878,512484,1068690,1651064,0,0,0,0,0,0,0,332658,0,366.02,390.35,416.36
151,0,26,62,95,4577,4577,4577,92702,92702,92702,591,591,591,0.16,0.45,0.64,0.06,0.18,0.23,0.04,0.13,0.19,0.00,0.00,0.00,0.00,0.02,0.03,0.00,0.00,0.00,0.03,0.14,0.18,461262,498645,534608,922462,1114505,1297301,0,0,0,0,0,0,0,274675,0,294.72,306.92,339.37
151,1,28,55,100,4602,4602,4602,92677,92677,92677,591,591,591,0.12,0.36,0.60,0.04,0.14,0.26,0.03,0.10,0.17,0.00,0.00,0.00,0.00,0.01,0.02,0.00,0.00,0.00,0.02,0.10,0.19,338066,446217,573940,856959,1146118,1292008,0,0,0,0,0,0,0,228651,0,357.57,387.25,413.12
151,2,27,67,100,4580,4580,4580,92699,92699,92699,591,591,591,0.13,0.51,0.78,0.05,0.20,0.33,0.03,0.16,0.24,0.00,0.00,0.00,0.00,0.02,0.04,0.00,0.00,0.00,0.02,0.14,0.23,345918,482374,663039,683975,1064337,1585529,0,0,0,0,0,0,0,290854,0,368.69,384.05,395.57
151,3,35,72,100,4598,4598,4598,92681,92681,92681,591,591,591,0.15,0.59,0.79,0.05,0.23,0.34,0.03,0.18,0.27,0.00,0.00,0.00,0.00,0.03,0.04,0.00,0.00,0.00,0.02,0.16,0.24,327559,412459,641931,673432,950200,1436128,0,0,0,0,0,0,0,289432,0,390.66,399.50,414.32
152,0,26,55,82,4577,4577,4577,92702,92702,92702,591,591,591,0.12,0.39,0.67,0.05,0.15,0.24,0.02,0.11,0.20,0.00,0.00,0.00,0.00,0.02,0.03,0.00,0.00,0.00,0.02,0.11,0.20,513641,615332,754734,1056153,1301424,1588115,0,0,0,0,0,0,0,316239,0,304.64,333.38,357.23
152,1,30,61,100,4602,4602,4602,92677,92677,92677,591,591,591,0.31,0.48,0.78,0.11,0.19,0.29,0.09,0.14,0.24,0.00,0.00,0.00,0.01,0.02,0.03,0.00,0.00,0.00,0.08,0.14,0.24,207031,612697,896233,670885,1196567,1493722,0,0,0,0,0,0,0,280281,0,335.65,371.22,408.93
152,2,60,86,100,4580,4580,4580,92699,92699,92699,591,591,591,0.27,0.65,0.84,0.13,0.24,0.33,0.03,0.19,0.28,0.00,0.00,0.00,0.01,0.03,0.05,0.00,0.00,0.00,0.10,0.19,0.28,324885,451247,820473,649839,896670,1333603,0,0,0,0,0,0,0,388546,0,335.85,377.44,439.52
152,3,37,76,100,4598,4598,4598,92681,92681,92681,591,591,591,0.18,0.55,0.82,0.08,0.20,0.31,0.03,0.15,0.27,0.00,0.00,0.00,0.00,0.03,0.05,0.00,0.00,0.00,0.05,0.16,0.28,251568,459661,683995,521492,948848,1488551,0,0,0,0,0,0,0,358109,0,347.40,378.50,421.81
153,0,31,58,97,4577,4577,4577,92702,92702,92702,591,591,591,0.14,0.45,0.88,0.05,0.18,0.33,0.03,0.13,0.30,0.00,0.00,0.00,0.00,0.02,0.06,0.00,0.00,0.00,0.02,0.12,0.25,445515,796640,1918106,626342,1477483,2413355,0,0,0,0,0,0,0,240623,0,337.07,370.01,394.77
153,1,28,81,100,4602,4602,4602,92677,92677,92677,591,591,591,0.14,0.61,0.90,0.05,0.24,0.35,0.03,0.18,0.31,0.00,0.00,0.00,0.00,0.03,0.07,0.00,0.00,0.00,0.02,0.18,0.31,330214,642705,1223164,875244,1136801,1516214,0,0,0,0,0,0,0,379184,0,311.06,369.77,435.02
153,2,27,57,92,4580,4580,4580,92699,92699,92699,591,591,591,0.18,0.39,0.73,0.07,0.15,0.27,0.05,0.11,0.21,0.00,0.00,0.00,0.01,0.01,0.03,0.00,0.00,0.00,0.04,0.12,0.22,334419,390775,607967,757973,1100303,1493712,0,0,0,0,0,0,0,311294,0,331.92,370.75,417.77
153,3,32,61,92,4598,4598,4598,92681,92681,92681,591,591,591,0.14,0.40,0.79,0.05,0.16,0.33,0.03,0.12,0.26,0.00,0.00,0.00,0.00,0.02,0.04,0.00,0.00,0.00,0.02,0.10,0.21,310105,352440,436911,678766,1045878,1377556,0,0,0,0,0,0,0,291731,0,323.01,370.89,419.23
154,0,82,95,100,4577,4577,4577,92702,92702,92702,591,591,591,0.77,0.81,0.84,0.25,0.29,0.34,0.16,0.25,0.29,0.00,0.00,0.00,0.03,0.04,0.06,0.00,0.00,0.00,0.15,0.21,0.29,487436,703340,1283970,744219,950718,1435950,0,0,0,0,0,0,0,365438,0,346.16,414.65,485.34
154,1,29,58,100,4598,4599,4602,92677,92679,92681,591,591,591,0.14,0.43,0.84,0.05,0.14,0.25,0.03,0.12,0.28,0.00,0.00,0.00,0.00,0.02,0.05,0.00,0.00,0.00,0.02,0.10,0.20,322329,403222,684808,450758,1041957,1268293,0,0,0,0,0,0,0,270763,0,341.07,378.55,443.05
154,2,43,57,70,4580,4580,4580,92699,92699,92699,591,591,591,0.21,0.40,0.59,0.08,0.16,0.23,0.06,0.12,0.18,0.00,0.00,0.00,0.01,0.01,0.02,0.00,0.00,0.00,0.05,0.12,0.18,332848,617952,1388976,896333,1334438,1949807,0,0,0,0,0,0,0,272201,0,322.51,334.55,350.42
154,3,34,77,100,4598,4598,4598,92681,92681,92681,591,591,591,0.29,0.62,0.84,0.10,0.22,0.28,0.08,0.18,0.27,0.00,0.00,0.00,0.01,0.03,0.04,0.00,0.00,0.00,0.07,0.18,0.22,322325,624730,1179280,482177,1063934,1795126,0,0,0,0,0,0,0,315920,0,349.56,386.86,424.27
155,0,30,56,100,4573,4574,4577,92702,92705,92706,591,591,591,0.13,0.37,0.84,0.05,0.13,0.25,0.03,0.10,0.28,0.00,0.00,0.00,0.00,0.02,0.05,0.00,0.00,0.00,0.02,0.10,0.19,318523,565063,956552,1134759,1266026,1385063,0,0,0,0,0,0,0,195496,0,301.85,334.99,382.07
155,1,49,86,100,4598,4598,4598,92681,92681,92681,591,591,591,0.27,0.69,0.87,0.10,0.26,0.35,0.08,0.21,0.29,0.00,0.00,0.00,0.01,0.04,0.06,0.00,0.00,0.00,0.05,0.18,0.29,327577,675480,972272,450747,1060067,1664151,0,0,0,0,0,0,0,304445,0,430.46,476.37,530.72
155,2,29,54,93,4580,4580,4580,92699,92699,92699,591,591,591,0.14,0.37,0.57,0.05,0.15,0.24,0.03,0.11,0.20,0.00,0.00,0.00,0.00,0.01,0.03,0.00,0.00,0.00,0.02,0.10,0.16,227125,544239,953958,804572,1253798,1603907,0,0,0,0,0,0,0,290894,0,317.00,325.98,341.53
155,3,34,63,94,4598,4598,4598,92681,92681,92681,591,591,591,0.34,0.47,0.70,0.12,0.19,0.26,0.09,0.15,0.24,0.00,0.00,0.00,0.01,0.02,0.05,0.00,0.00,0.00,0.09,0.14,0.21,319719,522165,1056132,663024,1167495,1768956,0,0,0,0,0,0,0,265270,0,337.24,350.06,380.69
156,0,30,81,100,4573,4573,4573,92706,92706,92706,591,591,591,0.16,0.70,0.88,0.06,0.25,0.36,0.04,0.22,0.31,0.00,0.00,0.00,0.00,0.04,0.06,0.00,0.00,0.00,0.03,0.18,0.28,484799,855342,2062387,602684,1185013,2437128,0,0,0,0,0,0,0,313922,0,365.94,437.61,492.85
156,1,30,72,100,4598,4598,4598,92681,92681,92681,591,591,591,0.13,0.58,0.84,0.05,0.21,0.33,0.03,0.16,0.28,0.00,0.00,0.00,0.00,0.03,0.05,0.00,0.00,0.00,0.02,0.16,0.29,330210,428387,595000,650058,948567,1325866,0,0,0,0,0,0,0,405229,0,362.32,386.13,426.84
156,2,31,69,100,4580,4580,4580,92699,92699,92699,591,591,591,0.29,0.52,0.66,0.12,0.21,0.28,0.09,0.15,0.20,0.00,0.00,0.00,0.01,0.02,0.03,0.00,0.00,0.00,0.07,0.16,0.25,326416,383949,555598,804442,1015562,1404719,0,0,0,0,0,0,0,210712,0,340.32,367.26,407.65
156,3,32,79,100,4598,4598,4598,92681,92681,92681,591,591,591,0.14,0.57,0.82,0.05,0.21,0.31,0.03,0.17,0.28,0.00,0.00,0.00,0.00,0.03,0.04,0.00,0.00,0.00,0.02,0.16,0.24,263815,480973,754761,490236,997478,1580281,0,0,0,0,0,0,0,327993,0,314.09,362.21,412.88
157,0,35,79,100,4573,4573,4573,92706,92706,92706,591,591,591,0.15,0.58,0.82,0.05,0.21,0.31,0.03,0.16,0.27,0.00,0.00,0.00,0.00,0.03,0.05,0.00,0.00,0.00,0.02,0.17,0.28,474238,907661,1836291,639304,1433842,2831713,0,0,0,0,0,0,0,368922,0,338.02,364.28,408.73
157,1,29,65,96,4598,4598,4598,92681,92681,92681,591,591,591,0.13,0.58,0.90,0.05,0.22,0.32,0.03,0.18,0.32,0.00,0.00,0.00,0.00,0.03,0.07,0.00,0.00,0.00,0.02,0.15,0.24,340627,460161,581800,718078,979443,1417809,0,0,0,0,0,0,0,282288,0,413.74,429.11,460.48
157,2,27,57,99,4580,4580,4580,92699,92699,92699,591,591,591,0.13,0.40,0.81,0.05,0.15,0.25,0.03,0.11,0.26,0.00,0.00,0.00,0.00,0.02,0.05,0.00,0.00,0.00,0.01,0.11,0.20,330212,763730,1394394,647317,1393538,1891978,0,0,0,0,0,0,0,255823,0,332.88,350.23,387.17
157,3,33,72,100,4598,4598,4598,92681,92681,92681,591,591,591,0.21,0.55,0.78,0.09,0.21,0.31,0.03,0.16,0.25,0.00,0.00,0.00,0.01,0.03,0.04,0.00,0.00,0.00,0.05,0.16,0.28,317051,549273,762617,733672,1134709,1745371,0,0,0,0,0,0,0,358490,0,391.68,399.50,408.42
158,0,45,55,83,4573,4573,4573,92706,92706,92706,591,591,591,0.28,0.35,0.46,0.12,0.14,0.17,0.08,0.10,0.14,0.00,0.00,0.00,0.01,0.01,0.02,0.00,0.00,0.00,0.08,0.11,0.13,315541,537308,949860,962457,1201861,1877885,0,0,0,0,0,0,0,280670,0,303.47,368.48,421.40
158,1,31,61,100,4574,4583,4598,92681,92695,92705,591,591,591,0.13,0.42,0.85,0.05,0.14,0.25,0.03,0.12,0.29,0.00,0.00,0.00,0.00,0.02,0.05,0.00,0.00,0.00,0.02,0.10,0.20,15715,546102,1438816,471327,1236274,2094015,0,0,0,0,0,0,0,303714,0,338.21,363.92,404.12
158,2,34,66,100,4580,4580,4580,92699,92699,92699,591,591,591,0.18,0.50,0.84,0.07,0.18,0.34,0.05,0.14,0.27,0.00,0.00,0.00,0.01,0.02,0.04,0.00,0.00,0.00,0.04,0.14,0.30,228874,532136,883015,647378,1027610,1535601,0,0,0,0,0,0,0,240093,0,329.10,378.76,421.63
158,3,30,68,100,4598,4598,4598,92681,92681,92681,591,591,591,0.14,0.48,0.82,0.05,0.18,0.30,0.03,0.14,0.28,0.00,0.00,0.00,0.00,0.02,0.04,0.00,0.00,0.00,0.02,0.13,0.23,227101,350451,395718,560726,941484,1331301,0,0,0,0,0,0,0,325659,0,356.04,379.70,403.44
159,0,29,55,92,4573,4573,4573,92706,92706,92706,591,591,591,0.16,0.38,0.71,0.06,0.14,0.25,0.03,0.11,0.22,0.00,0.00,0.00,0.00,0.02,0.03,0.00,0.00,0.00,0.04,0.10,0.22,463866,844886,2020512,1021960,1514189,2662568,0,0,0,0,0,0,0,282593,0,296.41,308.46,336.54
159,1,30,71,100,4574,4574,4574,92705,92705,92705,591,591,591,0.13,0.63,0.84,0.05,0.24,0.34,0.03,0.19,0.28,0.00,0.00,0.00,0.00,0.03,0.05,0.00,0.00,0.00,0.02,0.17,0.30,357392,729922,1741313,704424,1145170,1875058,0,0,0,0,0,0,0,332516,0,408.63,461.09,519.30
159,2,30,69,100,4580,4580,4580,92699,92699,92699,591,591,591,0.13,0.47,0.80,0.05,0.18,0.27,0.03,0.14,0.27,0.00,0.00,0.00,0.00,0.02,0.04,0.00,0.00,0.00,0.02,0.13,0.22,316078,408089,628976,598477,1058918,1527889,0,0,0,0,0,0,0,332121,0,296.36,322.31,370.25
159,3,31,69,100,4598,4598,4598,92681,92681,92681,591,591,591,0.14,0.52,0.81,0.05,0.20,0.32,0.03,0.15,0.27,0.00,0.00,0.00,0.00,0.02,0.04,0.00,0.00,0.00,0.02,0.16,0.28,309190,430467,668319,578941,1009348,1268419,0,0,0,0,0,0,0,297102,0,381.69,390.97,411.71
160,0,30,64,95,4571,4572,4573,92706,92706,92708,591,591,591,0.13,0.45,0.89,0.05,0.18,0.34,0.03,0.13,0.29,0.00,0.00,0.00,0.00,0.02,0.06,0.00,0.00,0.00,0.02,0.12,0.26,458624,657275,1223857,770483,1269477,1789924,0,0,0,0,0,0,0,224157,0,324.45,376.59,402.48
160,1,28,78,100,4574,4574,4574,92705,92705,92705,591,591,591,0.13,0.61,0.83,0.05,0.22,0.31,0.03,0.17,0.28,0.00,0.00,0.00,0.00,0.03,0.05,0.00,0.00,0.00,0.02,0.17,0.24,330195,420862,765321,479311,895194,1197642,0,0,0,0,0,0,0,429664,0,347.89,378.87,440.32
160,2,30,69,93,4580,4580,4580,92699,92699,92699,591,591,591,0.14,0.49,0.77,0.05,0.20,0.31,0.03,0.14,0.25,0.00,0.00,0.00,0.00,0.02,0.05,0.00,0.00,0.00,0.01,0.16,0.27,333803,541189,1169268,668273,1077822,1630230,0,0,0,0,0,0,0,292197,0,337.94,372.63,394.81
160,3,27,64,100,4598,4598,4598,92681,92681,92681,591,591,591,0.13,0.50,0.81,0.05,0.18,0.29,0.03,0.15,0.27,0.00,0.00,0.00,0.00,0.03,0.05,0.00,0.00,0.00,0.02,0.12,0.21,324967,550858,1121642,678786,1121115,1999563,0,0,0,0,0,0,0,296451,0,355.62,374.87,397.73
162,0,32,69,100,4567,4570,4571,92708,92708,92712,591,591,591,0.14,0.56,0.84,0.05,0.20,0.33,0.03,0.16,0.28,0.00,0.00,0.00,0.00,0.03,0.05,0.00,0.00,0.00,0.02,0.14,0.24,447049,786811,2329811,579083,1308652,3312577,0,0,0,0,0,0,0,669188,0,313.41,386.48,494.68
162,1,30,67,100,4574,4574,4574,92705,92705,92705,591,591,591,0.14,0.55,0.82,0.05,0.21,0.34,0.03,0.16,0.28,0.00,0.00,0.00,0.00,0.02,0.04,0.00,0.00,0.00,0.03,0.16,0.28,324964,507242,904193,550227,1081552,1333938,0,0,0,0,0,0,0,771003,0,373.54,397.96,445.22
162,2,28,61,100,4580,4580,4580,92699,92699,92699,591,591,591,0.15,0.42,0.82,0.06,0.16,0.26,0.03,0.12,0.27,0.00,0.00,0.00,0.00,0.02,0.05,0.00,0.00,0.00,0.03,0.12,0.23,234122,428419,796708,542383,1092110,1593396,0,0,0,0,0,0,0,668149,0,323.27,359.02,400.09
162,3,28,76,100,4598,4598,4598,92681,92681,92681,591,591,591,0.14,0.50,0.81,0.05,0.19,0.30,0.03,0.14,0.27,0.00,0.00,0.00,0.00,0.02,0.04,0.00,0.00,0.00,0.02,0.15,0.26,237611,416000,689215,555598,1017191,1527804,0,0,0,0,0,0,0,573366,0,360.91,384.43,409.23
163,0,90,97,100,4567,4567,4567,92712,92712,92712,591,591,591,0.75,0.80,0.85,0.24,0.28,0.35,0.16,0.24,0.29,0.00,0.00,0.00,0.03,0.04,0.05,0.00,0.00,0.00,0.19,0.22,0.31,484787,661949,1074400,623672,918244,1380998,0,0,0,0,0,0,0,408292,0,311.22,413.07,513.54
163,1,31,58,95,4570,4572,4574,92705,92706,92709,591,591,591,0.14,0.42,0.81,0.05,0.17,0.33,0.03,0.11,0.25,0.00,0.00,0.00,0.00,0.02,0.05,0.00,0.00,0.00,0.02,0.10,0.20,317390,393721,581051,665657,1115467,1511762,0,0,0,0,0,0,0,146996,0,344.69,411.51,476.19
163,2,30,66,100,4580,4580,4580,92699,92699,92699,591,591,591,0.14,0.56,0.80,0.05,0.22,0.31,0.03,0.16,0.22,0.00,0.00,0.00,0.00,0.02,0.04,0.00,0.00,0.00,0.02,0.17,0.25,335451,609978,1295040,746895,1298120,1691948,0,0,0,0,0,0,0,252458,0,323.36,360.07,396.27
163,3,28,61,100,4598,4598,4598,92681,92681,92681,591,591,591,0.15,0.45,0.82,0.05,0.18,0.30,0.03,0.12,0.23,0.00,0.00,0.00,0.00,0.02,0.03,0.00,0.00,0.00,0.01,0.13,0.24,335425,567033,737021,631542,1158806,1429022,0,0,0,0,0,0,0,307016,0,359.14,391.78,426.49
164,0,30,54,100,4567,4567,4567,92712,92712,92712,591,591,591,0.13,0.39,0.76,0.05,0.14,0.25,0.03,0.11,0.24,0.00,0.00,0.00,0.00,0.02,0.05,0.00,0.00,0.00,0.02,0.09,0.19,461170,518352,647325,807174,1201792,1564587,0,0,0,0,0,0,0,248147,0,306.55,367.96,473.05
164,1,60,88,100,4570,4570,4570,92709,92709,92709,591,591,591,0.29,0.67,0.86,0.11,0.23,0.28,0.08,0.20,0.28,0.00,0.00,0.00,0.01,0.03,0.05,0.00,0.00,0.00,0.07,0.18,0.23,324950,473451,611476,461220,806093,1415131,0,0,0,0,0,0,0,383060,0,345.00,417.81,472.67
164,2,29,64,100,4580,4580,4580,92699,92699,92699,591,591,591,0.13,0.47,0.82,0.05,0.18,0.30,0.03,0.14,0.27,0.00,0.00,0.00,0.00,0.02,0.04,0.00,0.00,0.00,0.02,0.13,0.25,335366,378348,518545,608064,974220,1351945,0,0,0,0,0,0,0,263978,0,357.36,382.16,401.83
164,3,28,75,100,4598,4598,4598,92681,92681,92681,591,591,591,0.23,0.60,0.82,0.09,0.22,0.28,0.07,0.18,0.27,0.00,0.00,0.00,0.01,0.03,0.04,0.00,0.00,0.00,0.05,0.18,0.22,332817,437645,668274,610602,949711,1236845,0,0,0,0,0,0,0,314691,0,362.01,384.54,416.05
165,0,30,82,100,4567,4567,4567,92712,92712,92712,591,591,591,0.13,0.66,0.85,0.05,0.24,0.33,0.03,0.21,0.29,0.00,0.00,0.00,0.00,0.03,0.05,0.00,0.00,0.00,0.02,0.17,0.24,505882,890341,2049331,759974,1246828,2927242,0,0,0,0,0,0,0,353909,0,349.97,429.40,478.29
165,1,32,61,96,4570,4570,4570,92709,92709,92709,591,591,591,0.14,0.44,0.84,0.05,0.18,0.34,0.03,0.13,0.29,0.00,0.00,0.00,0.00,0.02,0.06,0.00,0.00,0.00,0.02,0.11,0.23,338050,507877,877857,631603,1212835,1559363,0,0,0,0,0,0,0,241221,0,341.92,375.70,432.16
165,2,39,83,100,4580,4580,4580,92699,92699,92699,591,591,591,0.17,0.59,0.82,0.07,0.23,0.33,0.03,0.17,0.24,0.00,0.00,0.00,0.00,0.03,0.04,0.00,0.00,0.00,0.04,0.17,0.24,340683,526759,995859,731159,1076058,1561959,0,0,0,0,0,0,0,271078,0,367.57,391.48,429.06
165,3,30,69,100,4598,4598,4598,92681,92681,92681,591,591,591,0.20,0.50,0.77,0.08,0.20,0.28,0.03,0.14,0.25,0.00,0.00,0.00,0.01,0.02,0.04,0.00,0.00,0.00,0.05,0.15,0.24,230638,478004,854323,627267,1083533,1315372,0,0,0,0,0,0,0,298561,0,340.92,369.51,396.35
166,0,30,72,100,4567,4567,4567,92712,92712,92712,591,591,591,0.13,0.57,0.83,0.05,0.20,0.31,0.03,0.15,0.28,0.00,0.00,0.00,0.00,0.03,0.05,0.00,0.00,0.00,0.02,0.16,0.28,442902,535642,657698,644658,1013107,1475237,0,0,0,0,0,0,0,366259,0,325.35,353.20,406.31
166,1,43,80,100,4570,4570,4570,92709,92709,92709,591,591,591,0.22,0.68,0.85,0.08,0.23,0.31,0.06,0.20,0.28,0.00,0.00,0.00,0.01,0.03,0.05,0.00,0.00,0.00,0.05,0.18,0.28,329037,549109,823002,608018,885685,1092506,0,0,0,0,0,0,0,357662,0,348.39,417.30,470.10
166,2,35,64,100,4580,4580,4580,92699,92699,92699,591,591,591,0.19,0.55,0.81,0.07,0.21,0.29,0.05,0.16,0.27,0.00,0.00,0.00,0.01,0.02,0.04,0.00,0.00,0.00,0.04,0.16,0.27,151995,398281,610382,534613,894582,1155663,0,0,0,0,0,0,0,351916,0,370.68,385.66,404.06
166,3,27,74,97,4598,4598,4598,92681,92681,92681,591,591,591,0.16,0.48,0.72,0.06,0.19,0.29,0.03,0.15,0.23,0.00,0.00,0.00,0.00,0.02,0.03,0.00,0.00,0.00,0.03,0.13,0.22,335414,382615,542521,849018,986927,1213246,0,0,0,0,0,0,0,323549,0,346.92,376.62,392.13
167,0,30,72,100,4567,4567,4567,92712,92712,92712,591,591,591,0.19,0.55,0.80,0.07,0.22,0.33,0.04,0.18,0.25,0.00,0.00,0.00,0.01,0.03,0.05,0.00,0.00,0.00,0.04,0.14,0.21,458627,735879,1255306,815064,1261060,1763718,0,0,0,0,0,0,0,321974,0,377.74,403.61,421.19
167,1,29,53,100,4570,4570,4570,92709,92709,92709,591,591,591,0.27,0.38,0.49,0.11,0.15,0.21,0.09,0.11,0.14,0.00,0.00,0.00,0.01,0.01,0.02,0.00,0.00,0.00,0.06,0.12,0.19,328669,422665,576533,995834,1114695,1383679,0,0,0,0,0,0,0,291273,0,332.60,363.34,422.39
167,2,32,61,100,4580,4580,4580,92699,92699,92699,591,591,591,0.14,0.43,0.80,0.05,0.16,0.27,0.03,0.12,0.27,0.00,0.00,0.00,0.00,0.02,0.04,0.00,0.00,0.00,0.02,0.13,0.24,335427,532385,1195884,615875,1194445,2094717,0,0,0,0,0,0,0,295700,0,300.78,341.11,375.88
167,3,33,61,100,4598,4598,4598,92681,92681,92681,591,591,591,0.15,0.46,0.80,0.06,0.17,0.30,0.03,0.13,0.23,0.00,0.00,0.00,0.00,0.02,0.03,0.00,0.00,0.00,0.03,0.14,0.25,330185,533039,1024686,731175,1192908,1968132,0,0,0,0,0,0,0,313920,0,346.60,373.97,401.37
168,0,31,52,100,4565,4565,4567,92712,92713,92714,591,591,591,0.14,0.37,0.85,0.05,0.13,0.25,0.03,0.10,0.28,0.00,0.00,0.00,0.00,0.02,0.05,0.00,0.00,0.00,0.02,0.10,0.19,307001,446923,576551,490155,1216026,1548827,0,0,0,0,0,0,0,228326,0,326.01,338.65,356.81
168,1,32,74,100,4570,4570,4570,92709,92709,92709,591,591,591,0.14,0.45,0.73,0.05,0.17,0.31,0.03,0.14,0.23,0.00,0.00,0.00,0.00,0.02,0.04,0.00,0.00,0.00,0.02,0.12,0.21,351179,527199,731176,935606,1215357,1520008,0,0,0,0,0,0,0,267534,0,348.77,373.42,415.05
168,2,33,60,100,4580,4580,4580,92699,92699,92699,591,591,591,0.19,0.45,0.77,0.07,0.17,0.27,0.03,0.14,0.25,0.00,0.00,0.00,0.01,0.02,0.03,0.00,0.00,0.00,0.04,0.13,0.23,335350,465780,765242,875057,1147722,1381105,0,0,0,0,0,0,0,284516,0,318.32,350.82,378.12
168,3,37,47,60,4598,4598,4598,92681,92681,92681,591,591,591,0.31,0.33,0.34,0.12,0.13,0.15,0.08,0.09,0.11,0.00,0.00,0.00,0.01,0.01,0.01,0.00,0.00,0.00,0.08,0.10,0.13,340696,458618,704960,893673,1239582,1687712,0,0,0,0,0,0,0,303685,0,289.29,328.05,363.98
169,0,26,67,100,4565,4565,4565,92714,92714,92714,591,591,591,0.13,0.59,0.86,0.05,0.22,0.34,0.03,0.17,0.28,0.00,0.00,0.00,0.00,0.03,0.05,0.00,0.00,0.00,0.02,0.16,0.29,451740,958455,2093880,574246,1382858,2442424,0,0,0,0,0,0,0,273086,0,384.30,437.61,503.64
169,1,33,79,100,4570,4570,4570,92709,92709,92709,591,591,591,0.25,0.68,0.84,0.11,0.25,0.33,0.03,0.19,0.28,0.00,0.00,0.00,0.01,0.03,0.05,0.00,0.00,0.00,0.08,0.20,0.26,338018,459108,773061,587002,902479,1323250,0,0,0,0,0,0,0,405400,0,361.68,399.79,477.08
169,2,35,54,78,4580,4580,4580,92699,92699,92699,591,591,591,0.17,0.33,0.48,0.07,0.14,0.22,0.05,0.09,0.11,0.00,0.00,0.00,0.01,0.01,0.02,0.00,0.00,0.00,0.04,0.11,0.19,332837,503348,794085,838645,1173893,1360166,0,0,0,0,0,0,0,212062,0,281.99,322.61,356.11
169,3,32,69,100,4598,4598,4598,92681,92681,92681,591,591,591,0.17,0.53,0.81,0.07,0.20,0.30,0.03,0.16,0.27,0.00,0.00,0.00,0.00,0.03,0.04,0.00,0.00,0.00,0.04,0.14,0.21,314470,357272,473471,529270,921761,1239606,0,0,0,0,0,0,0,230106,0,322.55,347.41,370.87
170,0,36,74,100,4565,4565,4565,92714,92714,92714,591,591,591,0.25,0.54,0.82,0.11,0.20,0.27,0.03,0.15,0.27,0.00,0.00,0.00,0.01,0.02,0.04,0.00,0.00,0.00,0.08,0.15,0.22,458620,615305,841141,793964,1197605,1501599,0,0,0,0,0,0,0,313089,0,350.03,360.77,388.20
170,1,28,59,100,4570,4570,4570,92709,92709,92709,591,591,591,0.13,0.45,0.83,0.05,0.16,0.26,0.03,0.13,0.28,0.00,0.00,0.00,0.00,0.02,0.05,0.00,0.00,0.00,0.02,0.11,0.20,338050,535800,739028,652515,1152596,1438200,0,0,0,0,0,0,0,214223,0,351.00,396.80,492.43
170,2,29,56,97,4580,4580,4580,92699,92699,92699,591,591,591,0.13,0.44,0.88,0.05,0.17,0.32,0.03,0.14,0.31,0.00,0.00,0.00,0.00,0.02,0.06,0.00,0.00,0.00,0.02,0.10,0.22,20964,568631,1248357,222751,1223621,2122955,0,0,0,0,0,0,0,182407,0,284.14,330.15,371.83
170,3,30,58,90,4598,4598,4598,92681,92681,92681,591,591,591,0.14,0.47,0.73,0.05,0.19,0.31,0.03,0.13,0.19,0.00,0.00,0.00,0.00,0.02,0.03,0.00,0.00,0.00,0.02,0.15,0.28,319730,555442,722221,980212,1266590,1598817,0,0,0,0,0,0,0,261428,0,347.00,389.79,421.68
171,0,27,65,100,4565,4565,4565,92714,92714,92714,591,591,591,0.13,0.48,0.80,0.05,0.18,0.28,0.03,0.14,0.26,0.00,0.00,0.00,0.00,0.02,0.04,0.00,0.00,0.00,0.02,0.14,0.22,442869,649377,977428,995866,1241633,1509380,0,0,0,0,0,0,0,285567,0,295.95,354.52,408.20
171,1,37,81,100,4570,4570,4570,92709,92709,92709,591,591,591,0.17,0.62,0.88,0.07,0.23,0.32,0.05,0.19,0.31,0.00,0.00,0.00,0.01,0.03,0.06,0.00,0.00,0.00,0.04,0.17,0.24,307461,626516,1525237,490067,1034109,2198753,0,0,0,0,0,0,0,317712,0,386.20,414.74,435.67
171,2,32,83,100,4572,4572,4572,92707,92707,92707,591,591,591,0.24,0.69,0.85,0.12,0.24,0.34,0.03,0.19,0.29,0.00,0.00,0.00,0.01,0.03,0.05,0.00,0.00,0.00,0.09,0.20,0.31,332423,489486,1022077,455446,898300,1292016,0,0,0,0,0,0,0,398317,0,321.74,362.45,453.25
171,3,29,71,100,4598,4598,4598,92681,92681,92681,591,591,591,0.21,0.51,0.77,0.09,0.20,0.32,0.07,0.15,0.26,0.00,0.00,0.00,0.01,0.02,0.04,0.00,0.00,0.00,0.05,0.16,0.25,303985,493182,683865,736406,1071281,1433493,0,0,0,0,0,0,0,307730,0,328.85,358.27,387.67
172,0,32,76,95,4565,4565,4565,92714,92714,92714,591,591,591,0.33,0.61,0.78,0.12,0.24,0.32,0.08,0.18,0.25,0.00,0.00,0.00,0.01,0.03,0.05,0.00,0.00,0.00,0.13,0.17,0.27,507664,1140388,2094722,1027456,1699022,2292988,0,0,0,0,0,0,0,318909,0,355.75,380.75,409.55
172,1,31,68,100,4570,4570,4570,92709,92709,92709,591,591,591,0.13,0.47,0.84,0.05,0.16,0.25,0.03,0.14,0.28,0.00,0.00,0.00,0.00,0.02,0.05,0.00,0.00,0.00,0.02,0.12,0.19,335457,472219,765391,474319,1081212,1693298,0,0,0,0,0,0,0,321327,0,331.78,356.47,384.03
172,2,35,72,100,4572,4572,4572,92707,92707,92707,591,591,591,0.16,0.56,0.81,0.06,0.22,0.30,0.04,0.17,0.24,0.00,0.00,0.00,0.00,0.03,0.04,0.00,0.00,0.00,0.03,0.16,0.25,348558,500903,715447,877947,1067850,1418679,0,0,0,0,0,0,0,290110,0,375.24,411.83,493.95
172,3,31,70,100,4598,4598,4598,92681,92681,92681,591,591,591,0.21,0.55,0.82,0.09,0.21,0.30,0.03,0.15,0.26,0.00,0.00,0.00,0.01,0.02,0.04,0.00,0.00,0.00,0.06,0.16,0.26,324954,393789,538094,610581,945865,1511207,0,0,0,0,0,0,0,317175,0,312.42,362.37,383.37
173,0,29,69,100,4565,4565,4565,92714,92714,92714,591,591,591,0.13,0.51,0.81,0.05,0.19,0.28,0.03,0.14,0.27,0.00,0.00,0.00,0.00,0.02,0.04,0.00,0.00,0.00,0.02,0.14,0.21,453375,561927,717952,668346,1162056,1704562,0,0,0,0,0,0,0,339484,0,355.86,369.07,379.54
173,1,31,56,97,4566,4569,4570,92709,92709,92713,591,591,591,0.14,0.50,0.82,0.05,0.20,0.36,0.03,0.14,0.25,0.00,0.00,0.00,0.00,0.02,0.05,0.00,0.00,0.00,0.02,0.13,0.29,315158,498087,927757,634349,1089805,1522613,0,0,0,0,0,0,0,269315,0,347.39,435.28,506.20
173,2,37,62,78,4572,4572,4572,92707,92707,92707,591,591,591,0.25,0.42,0.65,0.09,0.17,0.26,0.06,0.12,0.20,0.00,0.00,0.00,0.01,0.02,0.02,0.00,0.00,0.00,0.07,0.13,0.24,146747,594028,1230700,738979,1303524,1807267,0,0,0,0,0,0,0,298549,0,333.18,363.84,409.30
173,3,34,73,100,4598,4598,4598,92681,92681,92681,591,591,591,0.15,0.56,0.81,0.05,0.22,0.34,0.03,0.16,0.25,0.00,0.00,0.00,0.00,0.03,0.04,0.00,0.00,0.00,0.02,0.16,0.25,0,458410,1024308,658354,1023283,1730285,0,0,0,0,0,0,0,346104,0,389.50,403.86,420.94
174,0,34,53,73,4565,4565,4565,92714,92714,92714,591,591,591,0.23,0.36,0.59,0.09,0.14,0.22,0.07,0.10,0.16,0.00,0.00,0.00,0.01,0.01,0.02,0.00,0.00,0.00,0.05,0.11,0.18,466508,582709,767863,1001081,1298528,1470196,0,0,0,0,0,0,0,253411,0,300.69,358.34,415.90
174,1,51,86,100,4566,4566,4566,92713,92713,92713,591,591,591,0.29,0.72,0.85,0.15,0.25,0.36,0.03,0.21,0.28,0.00,0.00,0.00,0.01,0.04,0.05,0.00,0.00,0.00,0.13,0.20,0.30,377379,618122,1325876,538742,961255,1462132,0,0,0,0,0,0,0,422251,0,325.88,398.34,522.09
174,2,30,51,100,4572,4572,4572,92707,92707,92707,591,591,591,0.18,0.43,0.75,0.07,0.17,0.27,0.03,0.12,0.24,0.00,0.00,0.00,0.00,0.02,0.03,0.00,0.00,0.00,0.04,0.13,0.22,332837,422454,678738,909398,1098074,1271071,0,0,0,0,0,0,0,272504,0,315.39,350.60,380.20
174,3,29,59,97,4570,4586,4598,92681,92692,92709,591,591,591,0.15,0.47,0.91,0.06,0.17,0.33,0.03,0.14,0.33,0.00,0.00,0.00,0.00,0.03,0.07,0.00,0.00,0.00,0.03,0.11,0.19,338074,469584,621088,757360,1167157,1551240,0,0,0,0,0,0,0,238183,0,337.67,381.65,424.05
175,0,27,63,100,4565,4565,4565,92714,92714,92714,591,591,591,0.32,0.41,0.63,0.11,0.16,0.26,0.08,0.12,0.20,0.00,0.00,0.00,0.01,0.01,0.02,0.00,0.00,0.00,0.09,0.12,0.14,321064,832090,2016393,865478,1535168,2338674,0,0,0,0,0,0,0,235275,0,287.59,307.54,322.61
175,1,31,48,96,4566,4566,4566,92713,92713,92713,591,591,591,0.14,0.36,0.90,0.05,0.13,0.32,0.03,0.11,0.32,0.00,0.00,0.00,0.00,0.02,0.06,0.00,0.00,0.00,0.02,0.07,0.17,327589,444202,731145,511038,1151133,1601182,0,0,0,0,0,0,0,219702,0,329.30,414.73,507.92
175,2,32,68,97,4572,4572,4572,92707,92707,92707,591,591,591,0.15,0.48,0.72,0.05,0.19,0.31,0.03,0.15,0.23,0.00,0.00,0.00,0.00,0.02,0.04,0.00,0.00,0.00,0.02,0.13,0.22,359034,488512,765125,1009880,1170313,1336551,0,0,0,0,0,0,0,262041,0,345.37,371.56,414.04
175,3,32,83,100,4570,4570,4570,92709,92709,92709,591,591,591,0.30,0.69,0.85,0.12,0.24,0.33,0.10,0.20,0.28,0.00,0.00,0.00,0.01,0.03,0.05,0.00,0.00,0.00,0.08,0.19,0.30,332830,538768,694339,458624,866124,1163577,0,0,0,0,0,0,0,328349,0,341.89,403.10,443.13
176,0,31,63,100,4565,4565,4565,92714,92714,92714,591,591,591,0.29,0.40,0.55,0.12,0.16,0.23,0.09,0.12,0.15,0.00,0.00,0.00,0.01,0.02,0.02,0.00,0.00,0.00,0.07,0.12,0.21,471699,534594,683982,1037792,1260486,1567131,0,0,0,0,0,0,0,296048,0,313.21,336.36,354.88
176,1,62,86,100,4566,4566,4566,92713,92713,92713,591,591,591,0.64,0.77,0.84,0.22,0.27,0.33,0.17,0.23,0.28,0.00,0.00,0.00,0.03,0.04,0.05,0.00,0.00,0.00,0.18,0.20,0.26,351083,365305,403579,471721,659315,951068,0,0,0,0,0,0,0,357008,0,327.10,408.98,499.42
176,2,34,74,100,4572,4572,4572,92707,92707,92707,591,591,591,0.26,0.60,0.83,0.11,0.22,0.31,0.05,0.17,0.27,0.00,0.00,0.00,0.01,0.03,0.05,0.00,0.00,0.00,0.07,0.18,0.28,134459,317748,395705,508435,766456,1393901,0,0,0,0,0,0,0,307016,0,345.58,375.59,413.42
176,3,33,78,100,4570,4570,4570,92709,92709,92709,591,591,591,0.20,0.53,0.81,0.07,0.20,0.31,0.05,0.16,0.27,0.00,0.00,0.00,0.01,0.02,0.04,0.00,0.00,0.00,0.04,0.15,0.22,146731,403151,618464,811817,1079558,1294655,0,0,0,0,0,0,0,252839,0,336.37,386.64,425.65
177,0,27,70,100,4565,4565,4565,92714,92714,92714,591,591,591,0.20,0.56,0.91,0.08,0.23,0.32,0.06,0.17,0.32,0.00,0.00,0.00,0.01,0.03,0.07,0.00,0.00,0.00,0.04,0.16,0.26,461225,807158,1263186,901512,1340718,1818778,0,0,0,0,0,0,0,328411,0,325.84,364.43,399.88
177,1,31,60,100,4566,4566,4566,92713,92713,92713,591,591,591,0.16,0.45,0.81,0.06,0.17,0.32,0.03,0.13,0.21,0.00,0.00,0.00,0.00,0.02,0.03,0.00,0.00,0.00,0.04,0.14,0.29,307842,374667,510533,760009,972681,1115076,0,0,0,0,0,0,0,300705,0,362.18,394.72,438.70
177,2,48,64,78,4572,4572,4572,92707,92707,92707,591,591,591,0.29,0.42,0.71,0.11,0.17,0.31,0.08,0.13,0.24,0.00,0.00,0.00,0.01,0.02,0.04,0.00,0.00,0.00,0.08,0.12,0.21,348528,862191,1900495,969591,1544558,2762258,0,0,0,0,0,0,0,280065,0,329.79,355.26,415.88
177,3,30,76,99,4570,4570,4570,92709,92709,92709,591,591,591,0.31,0.60,0.90,0.13,0.24,0.32,0.09,0.18,0.32,0.00,0.00,0.00,0.01,0.03,0.06,0.00,0.00,0.00,0.07,0.17,0.27,338012,481655,715445,849100,1009747,1176492,0,0,0,0,0,0,0,318863,0,354.09,393.89,420.56
178,0,29,62,100,4565,4565,4565,92714,92714,92714,591,591,591,0.14,0.43,0.85,0.05,0.15,0.25,0.03,0.12,0.29,0.00,0.00,0.00,0.00,0.02,0.05,0.00,0.00,0.00,0.02,0.12,0.24,285515,518309,757377,421633,1209554,1706063,0,0,0,0,0,0,0,357434,0,324.01,352.23,385.48
178,1,27,52,95,4566,4566,4566,92713,92713,92713,591,591,591,0.13,0.43,0.91,0.05,0.16,0.32,0.03,0.13,0.32,0.00,0.00,0.00,0.00,0.02,0.07,0.00,0.00,0.00,0.02,0.10,0.23,327608,492508,924199,466514,1115703,1490249,0,0,0,0,0,0,0,304814,0,374.70,397.78,429.61
178,2,34,68,100,4572,4572,4572,92707,92707,92707,591,591,591,0.15,0.58,0.82,0.06,0.22,0.31,0.03,0.17,0.27,0.00,0.00,0.00,0.00,0.03,0.04,0.00,0.00,0.00,0.03,0.16,0.25,338062,460656,749447,542212,1003452,1352251,0,0,0,0,0,0,0,363945,0,318.38,364.42,426.74
178,3,32,59,100,4568,4568,4570,92709,92710,92711,591,591,591,0.15,0.43,0.86,0.06,0.15,0.24,0.03,0.12,0.29,0.00,0.00,0.00,0.00,0.02,0.05,0.00,0.00,0.00,0.03,0.10,0.20,314486,344858,387836,487302,1035661,1328703,0,0,0,0,0,0,0,264583,0,329.47,349.28,380.89
179,0,29,72,100,4565,4565,4565,92714,92714,92714,591,591,591,0.14,0.57,0.81,0.05,0.23,0.33,0.03,0.16,0.21,0.00,0.00,0.00,0.00,0.02,0.03,0.00,0.00,0.00,0.02,0.18,0.28,478541,792845,1834685,922527,1348290,2101922,0,0,0,0,0,0,0,305610,0,403.18,432.64,475.04
179,1,28,82,100,4566,4566,4566,92713,92713,92713,591,591,591,0.14,0.64,0.86,0.05,0.22,0.31,0.03,0.18,0.28,0.00,0.00,0.00,0.00,0.03,0.05,0.00,0.00,0.00,0.03,0.17,0.25,322221,457528,754864,463856,917608,1289125,0,0,0,0,0,0,0,390747,0,320.09,366.14,449.54
179,2,30,67,100,4572,4572,4572,92707,92707,92707,591,591,591,0.14,0.50,0.81,0.05,0.19,0.31,0.03,0.14,0.27,0.00,0.00,0.00,0.00,0.02,0.04,0.00,0.00,0.00,0.02,0.15,0.28,7862,473300,1286762,199172,1056672,1700832,0,0,0,0,0,0,0,346737,0,355.25,375.56,421.34
179,3,33,77,100,4568,4568,4568,92711,92711,92711,591,591,591,0.17,0.57,0.84,0.07,0.22,0.34,0.05,0.16,0.28,0.00,0.00,0.00,0.01,0.03,0.05,0.00,0.00,0.00,0.04,0.17,0.31,2620,533074,1049313,585293,1002265,1483064,0,0,0,0,0,0,0,361340,0,404.73,426.39,454.07
180,0,33,65,100,4565,4565,4565,92714,92714,92714,591,591,591,0.15,0.48,0.82,0.05,0.18,0.32,0.03,0.14,0.27,0.00,0.00,0.00,0.00,0.03,0.05,0.00,0.00,0.00,0.02,0.12,0.19,461225,742715,1184600,856926,1398412,1734977,0,0,0,0,0,0,0,256429,0,348.67,373.97,402.73
180,1,28,55,95,4566,4566,4566,92713,92713,92713,591,591,591,0.13,0.42,0.62,0.05,0.17,0.25,0.03,0.12,0.21,0.00,0.00,0.00,0.00,0.02,0.03,0.00,0.00,0.00,0.02,0.13,0.21,328562,436989,597519,774287,1076047,1393057,0,0,0,0,0,0,0,276267,0,336.88,415.26,477.39
180,2,32,57,100,4572,4572,4572,92707,92707,92707,591,591,591,0.20,0.45,0.78,0.08,0.18,0.27,0.03,0.14,0.25,0.00,0.00,0.00,0.01,0.02,0.04,0.00,0.00,0.00,0.05,0.13,0.23,344663,389820,448967,800560,1059538,1418735,0,0,0,0,0,0,0,284739,0,352.65,392.69,412.25
180,3,30,71,100,4568,4568,4568,92711,92711,92711,591,591,591,0.14,0.57,0.85,0.05,0.22,0.34,0.03,0.17,0.27,0.00,0.00,0.00,0.00,0.03,0.05,0.00,0.00,0.00,0.02,0.17,0.29,311173,390976,602685,670990,953599,1284628,0,0,0,0,0,0,0,355953,0,314.35,367.67,408.86
181,0,25,68,100,4565,4565,4565,92714,92714,92714,591,591,591,0.16,0.54,0.84,0.06,0.20,0.31,0.03,0.16,0.28,0.00,0.00,0.00,0.01,0.02,0.05,0.00,0.00,0.00,0.04,0.15,0.25,455993,566695,801880,631556,1004330,1585417,0,0,0,0,0,0,0,205796,0,362.55,398.48,420.16
181,1,33,71,99,4566,4566,4566,92713,92713,92713,591,591,591,0.28,0.47,0.70,0.12,0.18,0.28,0.10,0.13,0.18,0.00,0.00,0.00,0.01,0.02,0.03,0.00,0.00,0.00,0.08,0.15,0.26,353815,592833,1299713,820310,1277736,2125136,0,0,0,0,0,0,0,384103,0,357.47,369.38,396.24
181,2,34,67,94,4572,4572,4572,92707,92707,92707,591,591,591,0.28,0.44,0.73,0.11,0.17,0.28,0.08,0.12,0.18,0.00,0.00,0.00,0.01,0.02,0.03,0.00,0.00,0.00,0.08,0.14,0.26,335411,511018,807218,801764,1202186,1407316,0,0,0,0,0,0,0,272690,0,328.77,358.94,400.70
181,3,32,57,100,4568,4568,4568,92711,92711,92711,591,591,591,0.15,0.40,0.83,0.05,0.14,0.25,0.03,0.11,0.27,0.00,0.00,0.00,0.00,0.02,0.05,0.00,0.00,0.00,0.02,0.10,0.19,330209,362965,406200,644690,1102654,1386322,0,0,0,0,0,0,0,293991,0,352.46,381.83,417.85
182,0,28,76,100,4565,4565,4565,92714,92714,92714,591,591,591,0.22,0.41,0.63,0.08,0.16,0.24,0.06,0.12,0.16,0.00,0.00,0.00,0.01,0.02,0.02,0.00,0.00,0.00,0.05,0.13,0.23,536014,805645,1340474,1064407,1459608,2101752,0,0,0,0,0,0,0,249421,0,321.35,348.55,398.06
182,1,31,52,97,4566,4566,4566,92713,92713,92713,591,591,591,0.13,0.38,0.84,0.05,0.15,0.33,0.03,0.10,0.28,0.00,0.00,0.00,0.00,0.02,0.05,0.00,0.00,0.00,0.02,0.10,0.20,216649,634004,1873756,452517,1340493,2623259,0,0,0,0,0,0,0,261569,0,324.91,361.17,431.89
182,2,29,50,83,4572,4572,4572,92707,92707,92707,591,591,591,0.14,0.36,0.56,0.05,0.14,0.24,0.03,0.10,0.19,0.00,0.00,0.00,0.00,0.02,0.03,0.00,0.00,0.00,0.02,0.11,0.17,338101,424725,700605,914709,1175806,1365177,0,0,0,0,0,0,0,336911,0,308.77,322.75,333.46
182,3,34,70,100,4568,4568,4568,92711,92711,92711,591,591,591,0.15,0.63,0.83,0.06,0.23,0.34,0.03,0.19,0.28,0.00,0.00,0.00,0.00,0.03,0.05,0.00,0.00,0.00,0.03,0.16,0.26,314484,465936,725889,450761,918253,1493799,0,0,0,0,0,0,0,236230,0,360.33,416.41,460.20
183,0,30,58,100,4565,4565,4565,92714,92714,92714,591,591,591,0.13,0.41,0.69,0.05,0.16,0.26,0.03,0.12,0.24,0.00,0.00,0.00,0.00,0.02,0.04,0.00,0.00,0.00,0.02,0.12,0.21,463857,680319,1399450,912005,1329716,2251175,0,0,0,0,0,0,0,251719,0,328.32,344.34,370.83
183,1,31,82,100,4566,4566,4566,92713,92713,92713,591,591,591,0.26,0.65,0.86,0.09,0.22,0.31,0.07,0.19,0.29,0.00,0.00,0.00,0.01,0.03,0.05,0.00,0.00,0.00,0.06,0.17,0.25,335432,430313,691863,482197,757897,1166199,0,0,0,0,0,0,0,233310,0,330.58,413.99,464.70
183,2,40,74,100,4572,4572,4572,92707,92707,92707,591,591,591,0.21,0.50,0.81,0.08,0.20,0.27,0.06,0.15,0.27,0.00,0.00,0.00,0.01,0.02,0.04,0.00,0.00,0.00,0.04,0.16,0.22,10482,504542,1160981,531998,1062612,1926232,0,0,0,0,0,0,0,194636,0,344.50,372.48,386.49
183,3,33,86,100,4566,4566,4566,92713,92713,92713,591,591,591,0.15,0.66,0.86,0.07,0.22,0.32,0.03,0.19,0.29,0.00,0.00,0.00,0.00,0.03,0.05,0.00,0.00,0.00,0.04,0.17,0.24,0,551699,1221235,451198,975597,1339165,0,0,0,0,0,0,0,398568,0,330.47,361.67,432.97
184,0,29,77,100,4565,4565,4565,92714,92714,92714,591,591,591,0.29,0.56,0.82,0.12,0.21,0.28,0.09,0.17,0.27,0.00,0.00,0.00,0.01,0.03,0.04,0.00,0.00,0.00,0.07,0.16,0.23,448082,675060,917230,1006340,1199166,1546034,0,0,0,0,0,0,0,315864,0,337.36,369.16,406.70
184,1,33,48,65,4566,4566,4566,92713,92713,92713,591,591,591,0.21,0.30,0.40,0.08,0.12,0.16,0.06,0.08,0.10,0.00,0.00,0.00,0.01,0.01,0.01,0.00,0.00,0.00,0.05,0.09,0.16,326111,598872,1611638,993288,1291887,2389942,0,0,0,0,0,0,0,276503,0,289.85,322.21,381.17
184,2,25,46,94,4572,4572,4572,92707,92707,92707,591,591,591,0.13,0.36,0.66,0.05,0.14,0.25,0.03,0.10,0.23,0.00,0.00,0.00,0.00,0.02,0.04,0.00,0.00,0.00,0.02,0.09,0.16,323846,449219,898928,723331,1173397,1800478,0,0,0,0,0,0,0,246467,0,300.74,326.24,358.21
184,3,28,70,100,4566,4566,4566,92713,92713,92713,591,591,591,0.27,0.52,0.78,0.11,0.21,0.33,0.06,0.15,0.24,0.00,0.00,0.00,0.01,0.02,0.04,0.00,0.00,0.00,0.07,0.16,0.23,353781,440824,532000,720562,986129,1459726,0,0,0,0,0,0,0,307776,0,391.72,417.75,467.94
185,0,30,63,97,4565,4565,4565,92714,92714,92714,591,591,591,0.14,0.46,0.87,0.05,0.18,0.33,0.03,0.14,0.29,0.00,0.00,0.00,0.00,0.02,0.06,0.00,0.00,0.00,0.02,0.13,0.20,469093,796726,1482287,1045004,1422109,1894560,0,0,0,0,0,0,0,322554,0,335.84,365.71,406.05
185,1,45,76,100,4566,4566,4566,92713,92713,92713,591,591,591,0.19,0.56,0.81,0.08,0.21,0.32,0.03,0.18,0.27,0.00,0.00,0.00,0.01,0.03,0.04,0.00,0.00,0.00,0.05,0.15,0.21,223632,417328,644713,683956,945451,1381153,0,0,0,0,0,0,0,294035,0,331.86,357.20,393.98
185,2,60,81,100,4572,4572,4572,92707,92707,92707,591,591,591,0.24,0.59,0.81,0.09,0.22,0.26,0.05,0.18,0.27,0.00,0.00,0.00,0.01,0.03,0.04,0.00,0.00,0.00,0.06,0.17,0.21,356402,512941,796611,833429,1038295,1247407,0,0,0,0,0,0,0,319530,0,346.65,375.94,403.36
185,3,33,65,100,4566,4566,4566,92713,92713,92713,591,591,591,0.15,0.48,0.83,0.05,0.17,0.25,0.03,0.14,0.28,0.00,0.00,0.00,0.00,0.03,0.05,0.00,0.00,0.00,0.02,0.12,0.20,319721,428204,563409,487456,1054526,1546222,0,0,0,0,0,0,0,261285,0,348.34,365.57,388.42
186,0,27,70,100,4559,4560,4565,92714,92718,92720,591,591,591,0.15,0.58,0.85,0.05,0.19,0.26,0.03,0.17,0.29,0.00,0.00,0.00,0.00,0.03,0.05,0.00,0.00,0.00,0.03,0.14,0.20,451649,562551,807170,673344,1086874,1445814,0,0,0,0,0,0,0,348951,0,325.50,345.62,400.37
186,1,31,62,100,4566,4566,4566,92713,92713,92713,591,591,591,0.14,0.47,0.75,0.05,0.19,0.33,0.03,0.13,0.25,0.00,0.00,0.00,0.00,0.02,0.05,0.00,0.00,0.00,0.02,0.14,0.29,330205,436622,592257,657787,1059315,1443954,0,0,0,0,0,0,0,271199,0,372.65,409.06,451.65
186,2,27,51,70,4572,4572,4572,92707,92707,92707,591,591,591,0.17,0.39,0.62,0.07,0.16,0.25,0.05,0.12,0.20,0.00,0.00,0.00,0.01,0.02,0.03,0.00,0.00,0.00,0.04,0.11,0.18,10480,461782,1237134,780833,1147834,1687954,0,0,0,0,0,0,0,300248,0,298.18,324.23,351.30
186,3,31,62,100,4566,4566,4566,92713,92713,92713,591,591,591,0.14,0.44,0.83,0.05,0.17,0.31,0.03,0.13,0.21,0.00,0.00,0.00,0.00,0.02,0.04,0.00,0.00,0.00,0.02,0.13,0.26,96969,539157,911991,652576,1174414,1860673,0,0,0,0,0,0,0,252161,0,348.68,399.28,432.68
187,0,26,62,100,4559,4559,4559,92720,92720,92720,591,591,591,0.16,0.42,0.80,0.06,0.17,0.35,0.05,0.11,0.18,0.00,0.00,0.00,0.01,0.02,0.03,0.00,0.00,0.00,0.03,0.13,0.32,453379,617424,1163541,854336,1195019,1787241,0,0,0,0,0,0,0,237790,0,329.28,410.05,460.09
187,1,25,68,100,4566,4566,4566,92713,92713,92713,591,591,591,0.18,0.58,0.84,0.07,0.22,0.33,0.05,0.18,0.28,0.00,0.00,0.00,0.01,0.03,0.05,0.00,0.00,0.00,0.04,0.19,0.29,330198,446817,621710,508400,912360,1260472,0,0,0,0,0,0,0,366119,0,376.54,399.33,421.22
187,2,30,73,100,4572,4572,4572,92707,92707,92707,591,591,591,0.13,0.54,0.80,0.05,0.21,0.33,0.03,0.15,0.26,0.00,0.00,0.00,0.00,0.02,0.05,0.00,0.00,0.00,0.02,0.16,0.29,336724,358173,403589,644124,907259,1244851,0,0,0,0,0,0,0,339533,0,289.36,340.27,380.12
187,3,34,71,100,4566,4566,4566,92713,92713,92713,591,591,591,0.30,0.49,0.65,0.12,0.19,0.26,0.09,0.14,0.19,0.00,0.00,0.00,0.01,0.02,0.03,0.00,0.00,0.00,0.07,0.15,0.24,345912,445211,666194,794318,1092314,1332389,0,0,0,0,0,0,0,293267,0,347.96,361.25,380.82
188,0,31,53,66,4559,4559,4559,92720,92720,92720,591,591,591,0.17,0.40,0.57,0.07,0.16,0.25,0.04,0.12,0.19,0.00,0.00,0.00,0.00,0.02,0.03,0.00,0.00,0.00,0.03,0.12,0.18,461242,526090,618447,930369,1248724,1459640,0,0,0,0,0,0,0,254050,0,292.54,309.50,321.48
188,1,30,47,65,4566,4566,4566,92713,92713,92713,591,591,591,0.13,0.32,0.60,0.05,0.12,0.22,0.03,0.09,0.20,0.00,0.00,0.00,0.00,0.02,0.04,0.00,0.00,0.00,0.02,0.06,0.14,303931,507117,741754,995439,1231354,1551483,0,0,0,0,0,0,0,265734,0,330.45,346.86,379.24
188,2,30,46,70,4570,4571,4572,92707,92708,92709,591,591,591,0.13,0.32,0.67,0.05,0.13,0.24,0.03,0.08,0.23,0.00,0.00,0.00,0.00,0.02,0.05,0.00,0.00,0.00,0.02,0.08,0.14,330206,547064,951323,1189791,1349640,1601125,0,0,0,0,0,0,0,234316,0,321.07,380.56,422.22
188,3,33,42,52,4566,4566,4566,92713,92713,92713,591,591,591,0.29,0.36,0.49,0.11,0.15,0.22,0.08,0.10,0.15,0.00,0.00,0.00,0.01,0.01,0.02,0.00,0.00,0.00,0.07,0.11,0.16,322351,414061,560811,1100648,1155710,1226448,0,0,0,0,0,0,0,291385,0,323.48,329.96,342.07
189,0,44,69,100,4559,4559,4559,92720,92720,92720,591,591,591,0.29,0.39,0.69,0.10,0.16,0.27,0.08,0.12,0.21,0.00,0.00,0.00,0.01,0.01,0.03,0.00,0.00,0.00,0.08,0.12,0.22,473260,848810,2133223,989049,1486575,2565634,0,0,0,0,0,0,0,235590,0,308.35,336.04,356.61
189,1,80,95,100,4566,4566,4566,92713,92713,92713,591,591,591,0.74,0.84,0.92,0.25,0.30,0.34,0.22,0.27,0.33,0.00,0.00,0.00,0.03,0.05,0.07,0.00,0.00,0.00,0.17,0.21,0.25,338014,472695,951048,461108,660834,1205184,0,0,0,0,0,0,0,363370,0,340.16,447.23,521.24
189,2,32,75,100,4570,4570,4570,92709,92709,92709,591,591,591,0.29,0.62,0.85,0.11,0.21,0.33,0.08,0.19,0.28,0.00,0.00,0.00,0.01,0.03,0.05,0.00,0.00,0.00,0.08,0.16,0.26,332825,433970,683938,453364,820780,1145232,0,0,0,0,0,0,0,230774,0,322.96,400.42,444.80
189,3,29,70,100,4566,4566,4566,92713,92713,92713,591,591,591,0.14,0.52,0.83,0.05,0.19,0.31,0.03,0.15,0.25,0.00,0.00,0.00,0.00,0.03,0.05,0.00,0.00,0.00,0.02,0.13,0.25,330202,398510,538092,676139,973307,1260567,0,0,0,0,0,0,0,279887,0,307.68,338.37,360.60
190,0,28,60,100,4559,4559,4559,92720,92720,92720,591,591,591,0.21,0.39,0.55,0.08,0.15,0.20,0.06,0.11,0.16,0.00,0.00,0.00,0.01,0.02,0.02,0.00,0.00,0.00,0.05,0.12,0.17,466466,689758,1029921,1053517,1375315,1758466,0,0,0,0,0,0,0,271442,0,285.42,309.72,325.23
190,1,31,51,100,4564,4564,4566,92713,92714,92715,591,591,591,0.14,0.39,0.85,0.05,0.14,0.25,0.03,0.10,0.28,0.00,0.00,0.00,0.00,0.02,0.05,0.00,0.00,0.00,0.02,0.10,0.20,334899,643525,1661513,465720,1330614,2599718,0,0,0,0,0,0,0,284220,0,320.66,362.05,436.12
190,2,37,59,80,4570,4570,4570,92709,92709,92709,591,591,591,0.20,0.38,0.62,0.08,0.15,0.23,0.06,0.11,0.17,0.00,0.00,0.00,0.01,0.01,0.02,0.00,0.00,0.00,0.04,0.12,0.18,15724,464384,1181952,521520,1192405,1952449,0,0,0,0,0,0,0,250522,0,310.99,331.39,387.80
190,3,29,68,100,4566,4566,4566,92713,92713,92713,591,591,591,0.16,0.52,0.76,0.06,0.20,0.29,0.03,0.15,0.21,0.00,0.00,0.00,0.00,0.02,0.04,0.00,0.00,0.00,0.03,0.16,0.24,20963,483899,1210779,382589,1057046,1879066,0,0,0,0,0,0,0,298222,0,386.81,395.59,408.62
191,0,26,64,100,4559,4559,4559,92720,92720,92720,591,591,591,0.20,0.49,0.78,0.08,0.20,0.33,0.03,0.14,0.25,0.00,0.00,0.00,0.01,0.02,0.03,0.00,0.00,0.00,0.05,0.16,0.28,469917,531092,647296,929391,1120374,1449210,0,0,0,0,0,0,0,346518,0,309.82,346.47,374.90
191,1,30,71,100,4564,4564,4564,92715,92715,92715,591,591,591,0.13,0.56,0.87,0.05,0.22,0.40,0.03,0.15,0.28,0.00,0.00,0.00,0.00,0.02,0.05,0.00,0.00,0.00,0.02,0.15,0.26,303949,745407,1722287,502594,1195608,1948066,0,0,0,0,0,0,0,276853,0,383.66,441.46,504.28
191,2,28,60,100,4570,4570,4570,92709,92709,92709,591,591,591,0.18,0.46,0.75,0.07,0.18,0.31,0.04,0.14,0.24,0.00,0.00,0.00,0.01,0.02,0.04,0.00,0.00,0.00,0.04,0.13,0.22,340685,486908,786117,686621,1121624,1656088,0,0,0,0,0,0,0,283831,0,322.18,342.28,376.01
191,3,35,50,94,4566,4566,4566,92713,92713,92713,591,591,591,0.15,0.43,0.78,0.05,0.17,0.34,0.03,0.13,0.26,0.00,0.00,0.00,0.00,0.02,0.04,0.00,0.00,0.00,0.02,0.12,0.23,319724,460736,822880,786218,1121471,1354839,0,0,0,0,0,0,0,283607,0,337.94,376.31,426.56
192,0,28,53,96,4559,4559,4559,92720,92720,92720,591,591,591,0.13,0.46,0.91,0.05,0.16,0.32,0.03,0.14,0.32,0.00,0.00,0.00,0.00,0.03,0.07,0.00,0.00,0.00,0.02,0.10,0.18,359991,959013,2125385,930650,1561918,2814629,0,0,0,0,0,0,0,217190,0,303.33,358.26,398.81
192,1,27,64,100,4564,4564,4564,92715,92715,92715,591,591,591,0.11,0.49,0.81,0.04,0.19,0.32,0.02,0.14,0.26,0.00,0.00,0.00,0.00,0.02,0.05,0.00,0.00,0.00,0.02,0.13,0.24,335447,504035,741657,754712,1079181,1493797,0,0,0,0,0,0,0,287523,0,362.51,385.85,398.86
192,2,34,70,100,4570,4570,4570,92709,92709,92709,591,591,591,0.15,0.59,0.82,0.06,0.23,0.32,0.03,0.17,0.23,0.00,0.00,0.00,0.00,0.03,0.04,0.00,0.00,0.00,0.03,0.17,0.26,123173,386274,681359,584418,913022,1297250,0,0,0,0,0,0,0,409897,0,322.12,379.68,429.13
192,3,52,89,100,4566,4566,4566,92713,92713,92713,591,591,591,0.23,0.69,0.84,0.10,0.25,0.34,0.03,0.20,0.28,0.00,0.00,0.00,0.01,0.03,0.05,0.00,0.00,0.00,0.07,0.18,0.24,343316,432551,712744,497715,877342,1760897,0,0,0,0,0,0,0,445496,0,331.75,385.07,482.22
193,0,36,83,100,4559,4559,4559,92720,92720,92720,591,591,591,0.17,0.60,0.85,0.07,0.21,0.32,0.05,0.17,0.29,0.00,0.00,0.00,0.01,0.03,0.05,0.00,0.00,0.00,0.04,0.17,0.26,539875,713596,951310,698819,1115651,1742758,0,0,0,0,0,0,0,308003,0,338.02,409.94,450.15
193,1,33,80,100,4564,4564,4564,92715,92715,92715,591,591,591,0.27,0.57,0.83,0.11,0.22,0.31,0.10,0.16,0.27,0.00,0.00,0.00,0.01,0.03,0.04,0.00,0.00,0.00,0.08,0.19,0.28,332823,441146,584472,555573,1022041,1635075,0,0,0,0,0,0,0,386185,0,362.88,389.67,433.57
193,2,30,69,100,4570,4570,4570,92709,92709,92709,591,591,591,0.14,0.51,0.82,0.05,0.19,0.28,0.03,0.15,0.27,0.00,0.00,0.00,0.00,0.02,0.04,0.00,0.00,0.00,0.02,0.14,0.22,328416,696512,1852813,584991,1272145,2788393,0,0,0,0,0,0,0,328562,0,360.53,374.87,407.68
193,3,31,59,100,4562,4563,4566,92713,92715,92717,591,591,591,0.14,0.40,0.85,0.05,0.14,0.24,0.03,0.11,0.29,0.00,0.00,0.00,0.00,0.02,0.05,0.00,0.00,0.00,0.02,0.10,0.18,316387,458671,710241,611482,1144029,1661597,0,0,0,0,0,0,0,238136,0,317.00,373.43,471.36
194,0,31,42,50,4559,4559,4559,92720,92720,92720,591,591,591,0.28,0.30,0.31,0.11,0.12,0.12,0.08,0.09,0.10,0.00,0.00,0.00,0.01,0.01,0.01,0.00,0.00,0.00,0.08,0.08,0.09,453348,552943,744278,1024564,1253947,1603868,0,0,0,0,0,0,0,171359,0,276.01,304.67,349.33
194,1,29,54,97,4560,4563,4564,92715,92716,92719,591,591,591,0.13,0.47,0.89,0.05,0.17,0.33,0.03,0.15,0.30,0.00,0.00,0.00,0.00,0.03,0.06,0.00,0.00,0.00,0.02,0.07,0.14,424567,1006086,1537322,1268460,1530072,1637945,0,0,0,0,0,0,0,218024,0,342.65,383.74,443.10
194,2,24,68,97,4570,4570,4570,92709,92709,92709,591,591,591,0.17,0.54,0.74,0.06,0.22,0.29,0.04,0.17,0.26,0.00,0.00,0.00,0.00,0.03,0.05,0.00,0.00,0.00,0.03,0.16,0.24,346049,395060,466477,631801,955216,1278883,0,0,0,0,0,0,0,308986,0,374.91,391.57,407.50
194,3,60,90,100,4562,4562,4562,92717,92717,92717,591,591,591,0.30,0.67,0.85,0.12,0.24,0.32,0.09,0.20,0.29,0.00,0.00,0.00,0.01,0.03,0.05,0.00,0.00,0.00,0.07,0.19,0.29,332836,369369,410884,537199,710180,1048302,0,0,0,0,0,0,0,321736,0,349.25,413.64,451.94
195,0,29,67,100,4559,4559,4559,92720,92720,92720,591,591,591,0.13,0.49,0.81,0.05,0.19,0.28,0.03,0.14,0.25,0.00,0.00,0.00,0.00,0.02,0.04,0.00,0.00,0.00,0.02,0.14,0.23,474368,761468,1768529,872558,1362089,2489041,0,0,0,0,0,0,0,332549,0,299.83,325.65,371.28
195,1,59,89,100,4560,4560,4560,92719,92719,92719,591,591,591,0.26,0.64,0.86,0.13,0.23,0.31,0.03,0.18,0.28,0.00,0.00,0.00,0.01,0.03,0.05,0.00,0.00,0.00,0.10,0.19,0.25,348567,409839,518865,539895,856878,1472738,0,0,0,0,0,0,0,292265,0,329.86,396.22,466.00
195,2,33,72,100,4570,4570,4570,92709,92709,92709,591,591,591,0.14,0.50,0.83,0.05,0.18,0.29,0.03,0.14,0.28,0.00,0.00,0.00,0.00,0.02,0.05,0.00,0.00,0.00,0.02,0.13,0.23,300489,404447,526713,503156,1015754,1478089,0,0,0,0,0,0,0,329873,0,345.44,359.67,402.94
195,3,29,63,97,4562,4562,4562,92717,92717,92717,591,591,591,0.13,0.50,0.91,0.05,0.19,0.32,0.03,0.16,0.33,0.00,0.00,0.00,0.00,0.03,0.07,0.00,0.00,0.00,0.02,0.12,0.24,330168,490063,825566,461188,1094903,1512227,0,0,0,0,0,0,0,224441,0,364.74,399.83,421.51
196,0,45,55,67,4559,4559,4559,92720,92720,92720,591,591,591,0.19,0.34,0.41,0.08,0.14,0.18,0.06,0.10,0.14,0.00,0.00,0.00,0.01,0.01,0.02,0.00,0.00,0.00,0.04,0.10,0.13,324320,604763,951302,1073142,1255935,1457091,0,0,0,0,0,0,0,246491,0,292.13,332.36,358.50
196,1,27,49,93,4560,4560,4560,92719,92719,92719,591,591,591,0.14,0.38,0.56,0.05,0.16,0.25,0.03,0.10,0.18,0.00,0.00,0.00,0.00,0.02,0.03,0.00,0.00,0.00,0.03,0.10,0.18,364190,726811,1429523,833184,1460720,1944949,0,0,0,0,0,0,0,306345,0,327.05,388.61,446.96
196,2,46,61,82,4570,4570,4570,92709,92709,92709,591,591,591,0.29,0.41,0.77,0.11,0.17,0.34,0.08,0.12,0.25,0.00,0.00,0.00,0.01,0.02,0.04,0.00,0.00,0.00,0.08,0.12,0.23,330199,653066,1179307,967063,1319227,1847581,0,0,0,0,0,0,0,268855,0,332.37,377.23,429.67
196,3,32,79,100,4562,4562,4562,92717,92717,92717,591,591,591,0.14,0.64,0.85,0.05,0.23,0.35,0.03,0.17,0.29,0.00,0.00,0.00,0.00,0.03,0.05,0.00,0.00,0.00,0.03,0.18,0.30,317101,499747,980173,453376,963632,1865999,0,0,0,0,0,0,0,398957,0,315.98,354.92,435.12
197,0,30,60,83,4559,4559,4559,92720,92720,92720,591,591,591,0.15,0.38,0.68,0.05,0.15,0.29,0.03,0.10,0.23,0.00,0.00,0.00,0.00,0.02,0.04,0.00,0.00,0.00,0.03,0.11,0.24,463851,538807,655160,849107,1267349,1483291,0,0,0,0,0,0,0,270026,0,294.57,324.85,360.22
197,1,28,76,100,4560,4560,4560,92719,92719,92719,591,591,591,0.27,0.57,0.82,0.11,0.21,0.29,0.06,0.17,0.26,0.00,0.00,0.00,0.01,0.03,0.04,0.00,0.00,0.00,0.08,0.17,0.25,335449,567621,877916,812313,1102230,1394227,0,0,0,0,0,0,0,318093,0,376.06,405.37,429.84
197,2,26,54,96,4562,4566,4570,92709,92712,92717,591,591,591,0.14,0.43,0.84,0.05,0.16,0.30,0.03,0.12,0.29,0.00,0.00,0.00,0.00,0.02,0.06,0.00,0.00,0.00,0.02,0.10,0.19,327441,349579,366898,592288,1040846,1349662,0,0,0,0,0,0,0,218649,0,317.21,334.73,368.25
197,3,32,62,100,4562,4562,4562,92717,92717,92717,591,591,591,0.15,0.49,0.80,0.05,0.18,0.33,0.03,0.14,0.26,0.00,0.00,0.00,0.00,0.03,0.05,0.00,0.00,0.00,0.02,0.12,0.20,319718,488419,870736,949383,1145364,1318249,0,0,0,0,0,0,0,257935,0,350.94,410.24,484.95
198,0,34,72,100,4559,4559,4559,92720,92720,92720,591,591,591,0.16,0.57,0.79,0.06,0.21,0.30,0.03,0.17,0.26,0.00,0.00,0.00,0.00,0.03,0.04,0.00,0.00,0.00,0.03,0.16,0.25,518868,917756,1926194,967028,1478053,2536810,0,0,0,0,0,0,0,303842,0,358.56,378.08,413.53
198,1,32,65,100,4560,4560,4560,92719,92719,92719,591,591,591,0.14,0.49,0.79,0.05,0.19,0.32,0.03,0.14,0.24,0.00,0.00,0.00,0.00,0.02,0.04,0.00,0.00,0.00,0.02,0.14,0.23,332836,389956,576552,697121,1044080,1289390,0,0,0,0,0,0,0,281448,0,367.57,391.43,421.72
198,2,32,81,100,4562,4562,4562,92717,92717,92717,591,591,591,0.21,0.62,0.85,0.08,0.22,0.34,0.06,0.18,0.29,0.00,0.00,0.00,0.01,0.03,0.05,0.00,0.00,0.00,0.05,0.17,0.30,359011,813448,1918292,715430,1227501,2594411,0,0,0,0,0,0,0,347742,0,334.56,410.46,451.74
198,3,33,71,100,4562,4562,4562,92717,92717,92717,591,591,591,0.15,0.59,0.84,0.05,0.22,0.32,0.03,0.18,0.28,0.00,0.00,0.00,0.00,0.03,0.05,0.00,0.00,0.00,0.02,0.15,0.26,324963,478009,757370,497931,954448,1312956,0,0,0,0,0,0,0,330353,0,363.39,413.95,457.63
199,0,31,54,95,4559,4559,4559,92720,92720,92720,591,591,591,0.14,0.46,0.87,0.05,0.18,0.34,0.03,0.13,0.27,0.00,0.00,0.00,0.00,0.02,0.06,0.00,0.00,0.00,0.02,0.12,0.25,450759,608318,1045707,760513,1237979,1588217,0,0,0,0,0,0,0,235423,0,338.87,386.24,409.61
199,1,32,81,100,4560,4560,4560,92719,92719,92719,591,591,591,0.15,0.61,0.82,0.05,0.23,0.34,0.03,0.18,0.27,0.00,0.00,0.00,0.00,0.03,0.04,0.00,0.00,0.00,0.02,0.18,0.27,311290,589762,1322033,542334,1090820,2301985,0,0,0,0,0,0,0,352783,0,386.70,428.21,486.66
199,2,35,60,82,4562,4562,4562,92717,92717,92717,591,591,591,0.18,0.35,0.48,0.07,0.14,0.19,0.05,0.11,0.15,0.00,0.00,0.00,0.01,0.01,0.02,0.00,0.00,0.00,0.04,0.10,0.18,317097,404330,681256,972289,1134915,1456841,0,0,0,0,0,0,0,248029,0,285.78,320.23,362.55
199,3,31,80,100,4562,4562,4562,92717,92717,92717,591,591,591,0.31,0.61,0.82,0.12,0.23,0.32,0.09,0.17,0.27,0.00,0.00,0.00,0.01,0.03,0.05,0.00,0.00,0.00,0.07,0.18,0.26,353803,454398,620957,539877,950717,1475100,0,0,0,0,0,0,0,323296,0,373.44,389.62,414.39
200,0,85,94,100,4559,4559,4559,92720,92720,92720,591,591,591,0.53,0.76,0.85,0.22,0.28,0.35,0.10,0.22,0.29,0.00,0.00,0.00,0.03,0.04,0.05,0.00,0.00,0.00,0.18,0.21,0.29,463826,601201,896259,579127,941232,1502011,0,0,0,0,0,0,0,404852,0,326.36,403.99,504.50
200,1,56,90,100,4560,4560,4560,92719,92719,92719,591,591,591,0.26,0.70,0.85,0.12,0.24,0.35,0.03,0.20,0.29,0.00,0.00,0.00,0.01,0.04,0.05,0.00,0.00,0.00,0.10,0.19,0.29,315121,377462,508265,455736,768366,1276507,0,0,0,0,0,0,0,409699,0,346.05,383.81,469.71
200,2,29,76,94,4562,4562,4562,92717,92717,92717,591,591,591,0.15,0.44,0.75,0.05,0.17,0.29,0.04,0.12,0.20,0.00,0.00,0.00,0.00,0.02,0.03,0.00,0.00,0.00,0.03,0.13,0.27,235865,417737,812387,762654,1079207,1263131,0,0,0,0,0,0,0,289848,0,317.87,346.90,372.74
200,3,35,75,100,4562,4562,4562,92717,92717,92717,591,591,591,0.21,0.55,0.78,0.08,0.21,0.32,0.03,0.16,0.25,0.00,0.00,0.00,0.01,0.03,0.05,0.00,0.00,0.00,0.04,0.15,0.25,223635,394468,720665,694490,1006683,1370521,0,0,0,0,0,0,0,323616,0,390.53,393.60,397.09
201,0,33,67,100,4559,4559,4559,92720,92720,92720,591,591,591,0.15,0.51,0.81,0.06,0.19,0.33,0.03,0.14,0.27,0.00,0.00,0.00,0.00,0.02,0.04,0.00,0.00,0.00,0.03,0.15,0.30,495324,914512,1952155,796649,1521953,2651786,0,0,0,0,0,0,0,253793,0,370.42,388.69,440.30
201,1,31,53,96,4558,4559,4560,92719,92719,92721,591,591,591,0.14,0.40,0.80,0.05,0.16,0.33,0.03,0.11,0.25,0.00,0.00,0.00,0.00,0.02,0.05,0.00,0.00,0.00,0.02,0.10,0.21,316961,502618,849110,746860,1171868,1527839,0,0,0,0,0,0,0,223848,0,322.86,430.08,519.54
201,2,37,78,96,4562,4562,4562,92717,92717,92717,591,591,591,0.34,0.59,0.85,0.13,0.24,0.34,0.09,0.18,0.26,0.00,0.00,0.00,0.01,0.03,0.05,0.00,0.00,0.00,0.09,0.18,0.25,332822,582311,1297237,828118,1133695,1580270,0,0,0,0,0,0,0,260980,0,334.69,372.61,413.23
201,3,32,69,100,4562,4562,4562,92717,92717,92717,591,591,591,0.18,0.54,0.82,0.07,0.20,0.29,0.05,0.15,0.27,0.00,0.00,0.00,0.01,0.02,0.04,0.00,0.00,0.00,0.04,0.16,0.23,314477,521492,948673,529355,1070247,1753211,0,0,0,0,0,0,0,312557,0,377.53,382.99,395.37
202,0,32,72,97,4559,4559,4559,92720,92720,92720,591,591,591,0.17,0.49,0.73,0.06,0.19,0.27,0.03,0.15,0.23,0.00,0.00,0.00,0.00,0.02,0.03,0.00,0.00,0.00,0.04,0.14,0.21,497928,723724,882929,1082338,1371740,1716553,0,0,0,0,0,0,0,300344,0,395.52,402.92,414.36
202,1,71,92,100,4558,4558,4558,92721,92721,92721,591,591,591,0.73,0.81,0.86,0.25,0.27,0.34,0.14,0.24,0.29,0.00,0.00,0.00,0.02,0.04,0.05,0.00,0.00,0.00,0.18,0.22,0.31,324890,470337,749289,453275,712078,877663,0,0,0,0,0,0,0,343455,0,323.51,387.83,467.58
202,2,33,47,88,4562,4562,4562,92717,92717,92717,591,591,591,0.14,0.35,0.55,0.05,0.13,0.23,0.03,0.09,0.18,0.00,0.00,0.00,0.00,0.02,0.03,0.00,0.00,0.00,0.02,0.09,0.19,330217,376038,403592,896284,1209350,1365400,0,0,0,0,0,0,0,231474,0,337.70,355.79,382.97
202,3,33,65,93,4562,4562,4562,92717,92717,92717,591,591,591,0.14,0.49,0.65,0.05,0.19,0.25,0.03,0.15,0.21,0.00,0.00,0.00,0.00,0.02,0.03,0.00,0.00,0.00,0.03,0.14,0.20,330208,404195,566081,815039,1120210,1517412,0,0,0,0,0,0,0,307247,0,333.50,373.72,414.80
203,0,30,57,80,4559,4559,4559,92720,92720,92720,591,591,591,0.22,0.38,0.71,0.09,0.15,0.27,0.04,0.11,0.20,0.00,0.00,0.00,0.01,0.02,0.03,0.00,0.00,0.00,0.06,0.11,0.25,461246,486733,536313,988774,1182595,1425550,0,0,0,0,0,0,0,286751,0,335.33,348.52,378.70
203,1,27,54,97,4558,4558,4558,92721,92721,92721,591,591,591,0.13,0.37,0.84,0.05,0.14,0.33,0.03,0.11,0.28,0.00,0.00,0.00,0.00,0.02,0.05,0.00,0.00,0.00,0.02,0.09,0.19,372140,801056,1533099,707435,1461708,2224741,0,0,0,0,0,0,0,289888,0,343.61,413.63,462.94
203,2,26,77,100,4562,4562,4562,92717,92717,92717,591,591,591,0.38,0.67,0.86,0.14,0.23,0.31,0.10,0.20,0.28,0.00,0.00,0.00,0.01,0.03,0.05,0.00,0.00,0.00,0.11,0.17,0.24,232359,690677,1682895,466390,1057605,1785394,0,0,0,0,0,0,0,315402,0,337.70,401.89,443.74
203,3,29,58,100,4562,4562,4562,92717,92717,92717,591,591,591,0.17,0.38,0.64,0.07,0.15,0.27,0.05,0.11,0.17,0.00,0.00,0.00,0.01,0.01,0.02,0.00,0.00,0.00,0.04,0.12,0.25,314410,340536,361639,783711,1023842,1255257,0,0,0,0,0,0,0,263134,0,337.62,352.35,386.64
204,0,30,55,100,4559,4559,4559,92720,92720,92720,591,591,591,0.12,0.48,0.68,0.05,0.19,0.25,0.02,0.14,0.20,0.00,0.00,0.00,0.00,0.02,0.03,0.00,0.00,0.00,0.02,0.15,0.22,469111,791923,1593284,1043022,1397798,2106909,0,0,0,0,0,0,0,308043,0,306.74,350.32,377.15
204,1,30,79,100,4558,4558,4558,92721,92721,92721,591,591,591,0.13,0.66,0.86,0.05,0.22,0.32,0.03,0.19,0.29,0.00,0.00,0.00,0.00,0.03,0.05,0.00,0.00,0.00,0.02,0.17,0.25,330204,576538,1163585,500558,1025188,1299861,0,0,0,0,0,0,0,397642,0,327.26,366.41,453.73
204,2,28,57,87,4562,4562,4562,92717,92717,92717,591,591,591,0.13,0.45,0.80,0.05,0.18,0.33,0.03,0.13,0.26,0.00,0.00,0.00,0.00,0.02,0.05,0.00,0.00,0.00,0.03,0.13,0.22,343306,497934,856970,655197,1146295,1561939,0,0,0,0,0,0,0,308435,0,325.37,356.30,395.66
204,3,36,52,75,4562,4562,4562,92717,92717,92717,591,591,591,0.30,0.35,0.44,0.11,0.14,0.18,0.08,0.10,0.12,0.00,0.00,0.00,0.01,0.01,0.02,0.00,0.00,0.00,0.08,0.11,0.16,244599,348192,482171,772236,1065896,1349614,0,0,0,0,0,0,0,263850,0,298.10,317.12,329.96
205,0,42,52,70,4559,4559,4559,92720,92720,92720,591,591,591,0.23,0.35,0.47,0.09,0.14,0.19,0.07,0.10,0.14,0.00,0.00,0.00,0.01,0.01,0.02,0.00,0.00,0.00,0.05,0.10,0.18,466482,566066,838621,1066593,1251638,1504277,0,0,0,0,0,0,0,247730,0,306.26,326.70,348.70
205,1,0,48,95,4558,4558,4558,92721,92721,92721,591,591,591,0.01,0.35,0.76,0.01,0.14,0.33,0.00,0.10,0.27,0.00,0.00,0.00,0.00,0.02,0.05,0.00,0.00,0.00,0.00,0.10,0.27,359030,578600,794063,662787,1084915,1643160,0,0,0,0,0,0,0,243827,0,307.29,428.87,512.42
205,2,37,78,100,4562,4562,4562,92717,92717,92717,591,591,591,0.18,0.60,0.82,0.07,0.23,0.33,0.05,0.18,0.28,0.00,0.00,0.00,0.01,0.03,0.05,0.00,0.00,0.00,0.04,0.18,0.25,340677,420339,673530,531939,883653,1126797,0,0,0,0,0,0,0,314103,0,354.45,385.35,418.64
205,3,40,63,95,4562,4562,4562,92717,92717,92717,591,591,591,0.30,0.47,0.70,0.12,0.19,0.31,0.08,0.15,0.24,0.00,0.00,0.00,0.01,0.02,0.05,0.00,0.00,0.00,0.08,0.13,0.25,353774,539334,788826,846505,1182962,1488514,0,0,0,0,0,0,0,289511,0,296.46,324.24,359.96
206,0,35,57,100,4559,4559,4559,92720,92720,92720,591,591,591,0.14,0.39,0.69,0.05,0.15,0.25,0.03,0.11,0.21,0.00,0.00,0.00,0.00,0.02,0.03,0.00,0.00,0.00,0.02,0.12,0.20,321478,492442,605180,873582,1167076,1484503,0,0,0,0,0,0,0,280862,0,295.31,326.00,344.36
206,1,28,77,100,4558,4558,4558,92721,92721,92721,591,591,591,0.20,0.61,0.83,0.08,0.23,0.29,0.06,0.18,0.28,0.00,0.00,0.00,0.01,0.03,0.05,0.00,0.00,0.00,0.05,0.17,0.23,332886,547035,869037,566041,995839,1616686,0,0,0,0,0,0,0,360900,0,296.48,374.20,454.39
206,2,29,69,100,4562,4562,4562,92717,92717,92717,591,591,591,0.13,0.45,0.84,0.05,0.16,0.26,0.03,0.13,0.28,0.00,0.00,0.00,0.00,0.02,0.05,0.00,0.00,0.00,0.02,0.10,0.19,218085,384297,718074,442852,992978,1234308,0,0,0,0,0,0,0,252684,0,314.32,337.86,387.05
206,3,30,70,100,4562,4562,4562,92717,92717,92717,591,591,591,0.14,0.49,0.84,0.05,0.17,0.30,0.03,0.14,0.28,0.00,0.00,0.00,0.00,0.02,0.05,0.00,0.00,0.00,0.02,0.13,0.24,237606,356482,576559,449006,949846,1250088,0,0,0,0,0,0,0,343005,0,325.76,348.59,398.32
207,0,32,63,96,4559,4559,4559,92720,92720,92720,591,591,591,0.17,0.51,0.91,0.06,0.20,0.32,0.04,0.16,0.32,0.00,0.00,0.00,0.00,0.03,0.07,0.00,0.00,0.00,0.03,0.13,0.22,471725,519401,676099,820229,1112709,1438753,0,0,0,0,0,0,0,279663,0,307.02,347.66,393.92
207,1,27,76,100,4558,4558,4558,92721,92721,92721,591,591,591,0.12,0.60,0.81,0.05,0.23,0.31,0.02,0.18,0.27,0.00,0.00,0.00,0.00,0.03,0.05,0.00,0.00,0.00,0.02,0.17,0.25,330209,381563,545068,649931,868481,1105929,0,0,0,0,0,0,0,383384,0,373.90,389.95,422.54
207,2,28,68,100,4562,4562,4562,92717,92717,92717,591,591,591,0.15,0.57,0.86,0.06,0.21,0.31,0.03,0.17,0.28,0.00,0.00,0.00,0.00,0.03,0.05,0.00,0.00,0.00,0.03,0.15,0.25,345933,889442,1519956,794090,1345442,2112295,0,0,0,0,0,0,0,277285,0,378.84,425.74,486.38
207,3,41,63,97,4562,4562,4562,92717,92717,92717,591,591,591,0.22,0.49,0.92,0.08,0.19,0.32,0.06,0.15,0.33,0.00,0.00,0.00,0.01,0.03,0.07,0.00,0.00,0.00,0.04,0.13,0.26,327582,573285,1134735,455994,1157511,1506870,0,0,0,0,0,0,0,278335,0,352.96,401.47,425.00
208,0,33,66,100,4553,4553,4553,92726,92726,92726,591,591,591,0.15,0.53,0.84,0.06,0.18,0.26,0.03,0.15,0.28,0.00,0.00,0.00,0.00,0.03,0.05,0.00,0.00,0.00,0.03,0.13,0.20,461236,1410402,2769923,1485914,2041287,2895709,0,0,0,0,0,0,0,346577,0,334.61,345.62,360.69
208,1,27,57,100,4558,4558,4558,92721,92721,92721,591,591,591,0.13,0.37,0.84,0.05,0.13,0.25,0.03,0.10,0.28,0.00,0.00,0.00,0.00,0.02,0.05,0.00,0.00,0.00,0.02,0.09,0.19,361656,457303,605379,621069,1151785,1454482,0,0,0,0,0,0,0,258646,0,338.55,369.06,421.41
208,2,26,73,100,4562,4562,4562,92717,92717,92717,591,591,591,0.22,0.55,0.81,0.08,0.22,0.30,0.06,0.16,0.23,0.00,0.00,0.00,0.01,0.02,0.03,0.00,0.00,0.00,0.05,0.17,0.25,345905,469078,791391,728498,986646,1189708,0,0,0,0,0,0,0,307022,0,357.44,372.56,383.54
208,3,36,67,100,4562,4562,4562,92717,92717,92717,591,591,591,0.15,0.54,0.84,0.06,0.18,0.25,0.03,0.16,0.28,0.00,0.00,0.00,0.00,0.03,0.05,0.00,0.00,0.00,0.03,0.14,0.19,329866,468360,594870,487457,1104266,1666788,0,0,0,0,0,0,0,328451,0,338.63,347.81,360.44
209,0,35,63,100,4553,4553,4553,92726,92726,92726,591,591,591,0.30,0.47,0.85,0.11,0.17,0.25,0.08,0.14,0.28,0.00,0.00,0.00,0.01,0.02,0.05,0.00,0.00,0.00,0.08,0.13,0.22,321422,502126,750828,751151,1113486,1471646,0,0,0,0,0,0,0,243922,0,334.69,401.88,454.70
209,1,33,70,100,4558,4558,4558,92721,92721,92721,591,591,591,0.14,0.53,0.83,0.05,0.20,0.34,0.03,0.16,0.28,0.00,0.00,0.00,0.00,0.03,0.05,0.00,0.00,0.00,0.03,0.13,0.26,528435,914531,1937391,869137,1456239,2215243,0,0,0,0,0,0,0,290312,0,362.61,420.46,491.92
209,2,30,72,99,4562,4562,4562,92717,92717,92717,591,591,591,0.16,0.47,0.78,0.06,0.18,0.28,0.03,0.14,0.23,0.00,0.00,0.00,0.00,0.02,0.03,0.00,0.00,0.00,0.03,0.14,0.23,235824,338713,411438,752891,986510,1281485,0,0,0,0,0,0,0,293406,0,326.84,366.38,390.84
209,3,32,82,100,4562,4562,4562,92717,92717,92717,591,591,591,0.15,0.61,0.85,0.05,0.23,0.35,0.03,0.17,0.28,0.00,0.00,0.00,0.00,0.03,0.05,0.00,0.00,0.00,0.02,0.16,0.28,227127,329039,406089,448129,858444,1215912,0,0,0,0,0,0,0,274030,0,374.96,437.47,488.30
210,0,30,46,70,4553,4553,4553,92726,92726,92726,591,591,591,0.13,0.33,0.53,0.05,0.13,0.21,0.03,0.10,0.18,0.00,0.00,0.00,0.00,0.01,0.03,0.00,0.00,0.00,0.02,0.09,0.13,469227,810870,1970797,914862,1455582,2872332,0,0,0,0,0,0,0,260368,0,286.67,298.92,316.51
210,1,58,90,100,4558,4558,4558,92721,92721,92721,591,591,591,0.53,0.76,0.87,0.22,0.28,0.35,0.12,0.22,0.28,0.00,0.00,0.00,0.02,0.04,0.05,0.00,0.00,0.00,0.18,0.22,0.31,351108,496349,778460,503177,838591,1415083,0,0,0,0,0,0,0,418519,0,364.83,415.15,507.51
210,2,34,58,83,4562,4562,4562,92717,92717,92717,591,591,591,0.17,0.34,0.50,0.07,0.14,0.22,0.05,0.09,0.13,0.00,0.00,0.00,0.01,0.01,0.02,0.00,0.00,0.00,0.03,0.11,0.21,335443,667223,1585557,909463,1334963,2264333,0,0,0,0,0,0,0,241432,0,300.86,329.35,359.13
210,3,38,73,100,4562,4562,4562,92717,92717,92717,591,591,591,0.29,0.55,0.82,0.11,0.21,0.32,0.08,0.17,0.27,0.00,0.00,0.00,0.01,0.02,0.04,0.00,0.00,0.00,0.08,0.16,0.28,330207,630786,1148501,830767,1106102,1485909,0,0,0,0,0,0,0,281112,0,374.88,386.37,400.48
211,0,34,66,100,4553,4553,4553,92726,92726,92726,591,591,591,0.14,0.51,0.80,0.05,0.20,0.30,0.03,0.15,0.27,0.00,0.00,0.00,0.00,0.02,0.04,0.00,0.00,0.00,0.02,0.15,0.27,490062,670799,1186826,917003,1249910,2114280,0,0,0,0,0,0,0,290015,0,306.89,357.00,375.95
211,1,33,65,100,4558,4558,4558,92721,92721,92721,591,591,591,0.15,0.46,0.86,0.05,0.16,0.25,0.03,0.13,0.29,0.00,0.00,0.00,0.00,0.02,0.05,0.00,0.00,0.00,0.02,0.11,0.21,345902,644162,1302461,870107,1333910,2272100,0,0,0,0,0,0,0,302977,0,351.24,393.95,486.30
211,2,32,64,100,4562,4562,4562,92717,92717,92717,591,591,591,0.14,0.51,0.82,0.05,0.19,0.31,0.03,0.16,0.27,0.00,0.00,0.00,0.00,0.03,0.04,0.00,0.00,0.00,0.02,0.13,0.21,338056,500020,883139,697120,1098053,1622147,0,0,0,0,0,0,0,287295,0,306.82,338.23,376.47
211,3,30,61,96,4562,4562,4562,92717,92717,92717,591,591,591,0.19,0.41,0.71,0.07,0.16,0.28,0.05,0.11,0.18,0.00,0.00,0.00,0.01,0.02,0.03,0.00,0.00,0.00,0.04,0.13,0.26,332827,384705,448128,906738,1100129,1234305,0,0,0,0,0,0,0,312859,0,323.27,343.23,362.05
212,0,28,74,100,4553,4553,4553,92726,92726,92726,591,591,591,0.30,0.50,0.78,0.12,0.19,0.29,0.09,0.14,0.24,0.00,0.00,0.00,0.01,0.02,0.03,0.00,0.00,0.00,0.07,0.16,0.24,403534,603224,904145,714482,1235924,1575046,0,0,0,0,0,0,0,299975,0,339.35,372.11,390.13
212,1,31,75,100,4558,4558,4558,92721,92721,92721,591,591,591,0.29,0.60,0.84,0.12,0.23,0.30,0.09,0.17,0.28,0.00,0.00,0.00,0.01,0.03,0.05,0.00,0.00,0.00,0.07,0.18,0.26,326434,472139,822037,623165,967622,1567008,0,0,0,0,0,0,0,320149,0,395.20,439.34,477.00
212,2,37,68,100,4562,4562,4562,92717,92717,92717,591,591,591,0.30,0.44,0.79,0.11,0.17,0.32,0.08,0.12,0.22,0.00,0.00,0.00,0.01,0.02,0.03,0.00,0.00,0.00,0.07,0.14,0.26,316224,348824,400919,657384,986632,1213189,0,0,0,0,0,0,0,291948,0,324.45,368.42,416.86
212,3,32,61,100,4562,4562,4562,92717,92717,92717,591,591,591,0.14,0.48,0.82,0.05,0.18,0.34,0.03,0.14,0.27,0.00,0.00,0.00,0.00,0.02,0.05,0.00,0.00,0.00,0.02,0.12,0.21,218394,401510,704306,590538,1037275,1339138,0,0,0,0,0,0,0,148314,0,326.98,359.62,407.01
213,0,30,53,88,4553,4553,4553,92726,92726,92726,591,591,591,0.30,0.38,0.48,0.12,0.15,0.20,0.09,0.11,0.15,0.00,0.00,0.00,0.01,0.01,0.02,0.00,0.00,0.00,0.07,0.11,0.15,456002,505791,571281,1132196,1257925,1417720,0,0,0,0,0,0,0,220015,0,330.07,338.97,347.59
213,1,32,59,92,4558,4558,4558,92721,92721,92721,591,591,591,0.15,0.41,0.90,0.05,0.16,0.33,0.03,0.12,0.32,0.00,0.00,0.00,0.00,0.02,0.06,0.00,0.00,0.00,0.02,0.10,0.18,330206,406193,621048,793998,1153086,1320808,0,0,0,0,0,0,0,152031,0,358.72,377.97,416.26
213,2,32,64,96,4558,4561,4562,92717,92718,92721,591,591,591,0.15,0.47,0.91,0.05,0.18,0.32,0.03,0.15,0.33,0.00,0.00,0.00,0.00,0.03,0.07,0.00,0.00,0.00,0.02,0.11,0.21,348562,649265,1428289,859551,1263790,1561946,0,0,0,0,0,0,0,158112,0,329.33,354.63,394.39
213,3,77,90,100,4562,4562,4562,92717,92717,92717,591,591,591,0.41,0.71,0.83,0.15,0.27,0.35,0.13,0.21,0.28,0.00,0.00,0.00,0.02,0.04,0.05,0.00,0.00,0.00,0.09,0.20,0.31,314485,559484,1008914,655163,912613,1344345,0,0,0,0,0,0,0,385757,0,368.82,429.59,482.40
214,0,37,54,92,4553,4553,4553,92726,92726,92726,591,591,591,0.23,0.43,0.87,0.08,0.17,0.33,0.06,0.13,0.29,0.00,0.00,0.00,0.01,0.02,0.06,0.00,0.00,0.00,0.04,0.12,0.19,463862,817622,1517269,1142610,1432936,2287696,0,0,0,0,0,0,0,275216,0,313.55,329.97,355.89
214,1,28,76,100,4558,4558,4558,92721,92721,92721,591,591,591,0.30,0.61,0.83,0.12,0.21,0.31,0.09,0.18,0.28,0.00,0.00,0.00,0.01,0.03,0.05,0.00,0.00,0.00,0.07,0.16,0.25,327594,650955,1658860,479552,1072352,2471256,0,0,0,0,0,0,0,373331,0,370.15,406.99,434.77
214,2,59,89,100,4558,4558,4558,92721,92721,92721,591,591,591,0.27,0.70,0.85,0.13,0.24,0.34,0.03,0.20,0.29,0.00,0.00,0.00,0.01,0.04,0.05,0.00,0.00,0.00,0.10,0.20,0.30,377380,516260,767846,581697,925611,1535752,0,0,0,0,0,0,0,391750,0,325.06,372.31,457.47
214,3,33,71,100,4562,4562,4562,92717,92717,92717,591,591,591,0.14,0.56,0.84,0.05,0.20,0.32,0.03,0.16,0.28,0.00,0.00,0.00,0.00,0.03,0.05,0.00,0.00,0.00,0.02,0.15,0.25,330205,446033,587040,547677,991132,1454478,0,0,0,0,0,0,0,361090,0,345.03,366.08,394.85
215,0,33,80,100,4553,4553,4553,92726,92726,92726,591,591,591,0.15,0.60,0.83,0.05,0.22,0.32,0.03,0.17,0.27,0.00,0.00,0.00,0.00,0.03,0.04,0.00,0.00,0.00,0.02,0.17,0.27,334772,545955,993082,738825,1046670,1443992,0,0,0,0,0,0,0,380351,0,319.80,370.41,439.51
215,1,28,58,96,4558,4558,4558,92721,92721,92721,591,591,591,0.14,0.50,0.84,0.05,0.20,0.34,0.03,0.14,0.26,0.00,0.00,0.00,0.00,0.02,0.05,0.00,0.00,0.00,0.02,0.14,0.24,220728,643455,1721678,925093,1277601,2020417,0,0,0,0,0,0,0,259015,0,349.89,381.09,413.17
215,2,30,56,100,4558,4558,4558,92721,92721,92721,591,591,591,0.13,0.40,0.58,0.05,0.15,0.21,0.03,0.12,0.17,0.00,0.00,0.00,0.00,0.02,0.03,0.00,0.00,0.00,0.02,0.11,0.17,246354,432936,689198,758281,1112993,1352698,0,0,0,0,0,0,0,299208,0,321.73,388.75,469.91
215,3,43,50,70,4562,4562,4562,92717,92717,92717,591,591,591,0.23,0.38,0.53,0.09,0.15,0.23,0.07,0.11,0.17,0.00,0.00,0.00,0.01,0.02,0.03,0.00,0.00,0.00,0.05,0.11,0.19,324965,430258,581539,812427,1147717,1483247,0,0,0,0,0,0,0,293132,0,338.74,380.83,418.81
216,0,27,66,100,4553,4553,4553,92726,92726,92726,591,591,591,0.13,0.52,0.81,0.05,0.20,0.28,0.03,0.15,0.25,0.00,0.00,0.00,0.00,0.02,0.04,0.00,0.00,0.00,0.02,0.14,0.23,474176,515193,613255,801646,1095910,1517415,0,0,0,0,0,0,0,329184,0,364.63,390.99,445.98
216,1,30,79,100,4558,4558,4558,92721,92721,92721,591,591,591,0.21,0.58,0.84,0.08,0.21,0.31,0.04,0.17,0.28,0.00,0.00,0.00,0.01,0.03,0.05,0.00,0.00,0.00,0.05,0.16,0.24,327576,374444,437559,467684,830978,1244790,0,0,0,0,0,0,0,310960,0,368.48,414.12,445.91
216,2,30,59,90,4558,4558,4558,92721,92721,92721,591,591,591,0.13,0.44,0.72,0.05,0.17,0.25,0.03,0.13,0.23,0.00,0.00,0.00,0.00,0.02,0.04,0.00,0.00,0.00,0.02,0.12,0.20,351157,539327,1223822,812378,1159901,1567121,0,0,0,0,0,0,0,263410,0,304.93,338.77,365.77
216,3,31,55,97,4556,4560,4562,92717,92718,92723,591,591,591,0.14,0.45,0.92,0.05,0.17,0.33,0.03,0.14,0.33,0.00,0.00,0.00,0.00,0.02,0.07,0.00,0.00,0.00,0.02,0.11,0.24,237631,555407,1213327,655233,1186132,1637925,0,0,0,0,0,0,0,220324,0,326.49,380.13,417.95
217,0,26,62,100,4553,4553,4553,92726,92726,92726,591,591,591,0.21,0.49,0.78,0.08,0.19,0.29,0.06,0.14,0.23,0.00,0.00,0.00,0.01,0.02,0.03,0.00,0.00,0.00,0.05,0.14,0.24,461253,947107,1902680,995884,1519988,2626013,0,0,0,0,0,0,0,323092,0,343.47,368.82,382.58
217,1,30,57,100,4558,4558,4558,92721,92721,92721,591,591,591,0.28,0.41,0.78,0.10,0.16,0.28,0.08,0.12,0.24,0.00,0.00,0.00,0.01,0.02,0.03,0.00,0.00,0.00,0.07,0.13,0.24,338053,567643,851737,846485,1209185,1527885,0,0,0,0,0,0,0,276431,0,346.69,366.15,414.68
217,2,33,68,100,4558,4558,4558,92721,92721,92721,591,591,591,0.23,0.46,0.82,0.09,0.18,0.26,0.07,0.14,0.27,0.00,0.00,0.00,0.01,0.02,0.04,0.00,0.00,0.00,0.06,0.14,0.20,343310,436602,757356,521508,971745,1485886,0,0,0,0,0,0,0,228801,0,341.19,367.94,394.64
217,3,82,96,100,4556,4556,4556,92723,92723,92723,591,591,591,0.58,0.76,0.85,0.23,0.27,0.32,0.13,0.22,0.29,0.00,0.00,0.00,0.03,0.04,0.05,0.00,0.00,0.00,0.18,0.21,0.25,348544,432915,613189,521545,753138,1142448,0,0,0,0,0,0,0,396701,0,322.27,390.41,487.92
218,0,33,76,100,4553,4553,4553,92726,92726,92726,591,591,591,0.14,0.53,0.82,0.05,0.20,0.30,0.03,0.15,0.27,0.00,0.00,0.00,0.00,0.02,0.04,0.00,0.00,0.00,0.02,0.14,0.24,479583,632724,917237,893621,1214751,1868542,0,0,0,0,0,0,0,373001,0,361.45,374.17,411.87
218,1,30,60,96,4558,4558,4558,92721,92721,92721,591,591,591,0.13,0.43,0.89,0.05,0.17,0.36,0.03,0.13,0.27,0.00,0.00,0.00,0.00,0.02,0.06,0.00,0.00,0.00,0.02,0.11,0.21,217973,584504,1184550,870064,1207362,1703468,0,0,0,0,0,0,0,240489,0,323.56,346.68,365.94
218,2,28,62,91,4558,4558,4558,92721,92721,92721,591,591,591,0.18,0.45,0.73,0.07,0.18,0.29,0.03,0.13,0.21,0.00,0.00,0.00,0.01,0.02,0.03,0.00,0.00,0.00,0.04,0.14,0.26,258573,350433,461082,749514,1034008,1343950,0,0,0,0,0,0,0,292565,0,317.48,335.85,383.88
218,3,31,67,100,4556,4556,4556,92723,92723,92723,591,591,591,0.14,0.52,0.82,0.05,0.18,0.28,0.03,0.16,0.28,0.00,0.00,0.00,0.00,0.03,0.05,0.00,0.00,0.00,0.02,0.13,0.23,319091,495152,851746,613297,1073419,1330517,0,0,0,0,0,0,0,222458,0,366.82,390.55,457.04
219,0,24,63,100,4553,4553,4553,92726,92726,92726,591,591,591,0.13,0.48,0.80,0.05,0.18,0.30,0.03,0.13,0.27,0.00,0.00,0.00,0.00,0.02,0.04,0.00,0.00,0.00,0.02,0.15,0.27,469092,973566,2201462,767712,1593327,2602443,0,0,0,0,0,0,0,280711,0,369.22,383.70,407.20
219,1,42,84,100,4558,4558,4558,92721,92721,92721,591,591,591,0.64,0.79,0.84,0.23,0.27,0.33,0.16,0.23,0.28,0.00,0.00,0.00,0.03,0.04,0.05,0.00,0.00,0.00,0.17,0.21,0.27,364283,733774,1409979,476975,1002743,1540744,0,0,0,0,0,0,0,320053,0,328.42,388.62,471.63
219,2,31,61,92,4558,4558,4558,92721,92721,92721,591,591,591,0.14,0.41,0.75,0.05,0.16,0.31,0.03,0.12,0.25,0.00,0.00,0.00,0.00,0.02,0.04,0.00,0.00,0.00,0.02,0.11,0.20,335454,585043,1289382,699724,1283387,2004832,0,0,0,0,0,0,0,175475,0,355.58,366.48,391.32
219,3,29,54,84,4556,4556,4556,92723,92723,92723,591,591,591,0.13,0.41,0.68,0.05,0.17,0.28,0.03,0.12,0.22,0.00,0.00,0.00,0.00,0.02,0.04,0.00,0.00,0.00,0.02,0.12,0.19,251576,465147,932866,739041,1134275,1792362,0,0,0,0,0,0,0,253608,0,333.22,379.34,412.31
220,0,25,55,90,4553,4553,4553,92726,92726,92726,591,591,591,0.20,0.37,0.53,0.08,0.15,0.21,0.05,0.11,0.16,0.00,0.00,0.00,0.01,0.01,0.02,0.00,0.00,0.00,0.04,0.11,0.20,455974,682932,987967,988001,1374244,1719116,0,0,0,0,0,0,0,275044,0,316.84,350.37,379.03
220,1,31,55,95,4554,4556,4558,92721,92722,92725,591,591,591,0.14,0.42,0.79,0.05,0.17,0.34,0.03,0.12,0.28,0.00,0.00,0.00,0.00,0.02,0.06,0.00,0.00,0.00,0.02,0.10,0.23,335451,604807,998502,597523,1248384,1926245,0,0,0,0,0,0,0,211008,0,320.49,430.20,519.27
220,2,31,78,100,4558,4558,4558,92721,92721,92721,591,591,591,0.13,0.56,0.81,0.05,0.21,0.31,0.03,0.17,0.27,0.00,0.00,0.00,0.00,0.03,0.04,0.00,0.00,0.00,0.02,0.16,0.25,348538,534054,1011394,655147,1037215,1454555,0,0,0,0,0,0,0,295838,0,362.21,382.21,400.34
220,3,30,66,100,4556,4556,4556,92723,92723,92723,591,591,591,0.29,0.50,0.81,0.11,0.19,0.27,0.05,0.14,0.27,0.00,0.00,0.00,0.01,0.02,0.04,0.00,0.00,0.00,0.07,0.15,0.22,322317,450708,730996,812444,1104261,1498889,0,0,0,0,0,0,0,319089,0,330.88,363.17,395.62
221,0,31,65,97,4553,4553,4553,92726,92726,92726,591,591,591,0.14,0.52,0.81,0.05,0.21,0.31,0.03,0.16,0.24,0.00,0.00,0.00,0.00,0.02,0.04,0.00,0.00,0.00,0.02,0.15,0.24,412261,463799,492687,709228,1054743,1419695,0,0,0,0,0,0,0,324368,0,313.12,352.19,394.71
221,1,94,98,100,4554,4554,4554,92725,92725,92725,591,591,591,0.66,0.80,0.85,0.23,0.28,0.35,0.15,0.23,0.29,0.00,0.00,0.00,0.03,0.04,0.05,0.00,0.00,0.00,0.18,0.22,0.31,338068,455997,823006,492683,738502,1113942,0,0,0,0,0,0,0,419537,0,324.99,416.73,527.97
221,2,27,54,91,4558,4558,4558,92721,92721,92721,591,591,591,0.24,0.44,0.74,0.10,0.18,0.32,0.08,0.13,0.25,0.00,0.00,0.00,0.01,0.02,0.04,0.00,0.00,0.00,0.06,0.13,0.25,220144,390606,699569,723293,971586,1475121,0,0,0,0,0,0,0,271902,0,307.25,347.80,389.63
221,3,31,78,100,4556,4556,4556,92723,92723,92723,591,591,591,0.22,0.53,0.77,0.09,0.21,0.33,0.04,0.16,0.25,0.00,0.00,0.00,0.01,0.03,0.03,0.00,0.00,0.00,0.06,0.14,0.23,327587,429500,686618,788627,1030825,1302489,0,0,0,0,0,0,0,337223,0,342.69,370.03,401.89
222,0,30,70,100,4553,4553,4553,92726,92726,92726,591,591,591,0.15,0.52,0.82,0.05,0.19,0.32,0.03,0.15,0.27,0.00,0.00,0.00,0.00,0.02,0.04,0.00,0.00,0.00,0.03,0.14,0.27,442798,572283,765241,791070,1174981,1443679,0,0,0,0,0,0,0,346117,0,366.81,376.69,388.37
222,1,30,58,100,4554,4554,4554,92725,92725,92725,591,591,591,0.14,0.44,0.84,0.05,0.15,0.25,0.03,0.12,0.28,0.00,0.00,0.00,0.00,0.02,0.05,0.00,0.00,0.00,0.02,0.11,0.19,256794,413417,640314,560857,1063817,1571214,0,0,0,0,0,0,0,262500,0,331.32,390.47,501.39
222,2,0,51,100,4558,4558,4558,92721,92721,92721,591,591,591,0.00,0.43,0.82,0.00,0.16,0.33,0.00,0.12,0.28,0.00,0.00,0.00,0.00,0.02,0.04,0.00,0.00,0.00,0.00,0.13,0.28,327605,585985,1092826,369538,981184,1706067,0,0,0,0,0,0,0,321370,0,258.76,287.98,349.72
222,3,28,55,100,4556,4556,4556,92723,92723,92723,591,591,591,0.15,0.44,0.82,0.05,0.17,0.30,0.03,0.12,0.27,0.00,0.00,0.00,0.00,0.02,0.04,0.00,0.00,0.00,0.02,0.13,0.28,23586,414749,863003,815011,1016452,1399444,0,0,0,0,0,0,0,328436,0,358.37,366.33,372.32
223,0,30,65,96,4553,4553,4553,92726,92726,92726,591,591,591,0.24,0.47,0.91,0.08,0.18,0.32,0.07,0.15,0.32,0.00,0.00,0.00,0.01,0.02,0.07,0.00,0.00,0.00,0.04,0.12,0.20,531978,1362749,2232721,668248,1906285,2770222,0,0,0,0,0,0,0,295321,0,350.01,383.26,410.88
223,1,27,69,100,4554,4554,4554,92725,92725,92725,591,591,591,0.22,0.58,0.86,0.08,0.21,0.31,0.06,0.17,0.29,0.00,0.00,0.00,0.01,0.03,0.05,0.00,0.00,0.00,0.05,0.15,0.25,343288,799809,1894653,605341,1270477,2714883,0,0,0,0,0,0,0,365916,0,392.29,442.36,497.56
223,2,31,49,65,4558,4558,4558,92721,92721,92721,591,591,591,0.15,0.33,0.56,0.06,0.13,0.24,0.03,0.10,0.19,0.00,0.00,0.00,0.00,0.01,0.03,0.00,0.00,0.00,0.03,0.09,0.17,327599,450232,736403,841256,1130563,1394152,0,0,0,0,0,0,0,256955,0,297.20,359.23,402.15
223,3,34,49,58,4556,4556,4556,92723,92723,92723,591,591,591,0.18,0.32,0.45,0.07,0.13,0.19,0.03,0.09,0.15,0.00,0.00,0.00,0.01,0.01,0.02,0.00,0.00,0.00,0.04,0.09,0.15,332841,448662,550325,812448,1200798,1441329,0,0,0,0,0,0,0,254005,0,298.77,337.90,399.09
224,0,32,72,100,4549,4549,4549,92730,92730,92730,591,591,591,0.14,0.53,0.85,0.05,0.17,0.25,0.03,0.16,0.29,0.00,0.00,0.00,0.00,0.03,0.05,0.00,0.00,0.00,0.02,0.12,0.19,323201,770989,1692959,665666,1277199,1816131,0,0,0,0,0,0,0,250411,0,309.32,345.82,414.08
224,1,26,68,100,4554,4554,4554,92725,92725,92725,591,591,591,0.13,0.54,0.78,0.05,0.21,0.30,0.03,0.16,0.23,0.00,0.00,0.00,0.00,0.02,0.04,0.00,0.00,0.00,0.03,0.16,0.25,361635,665557,1078761,822880,1201049,1553673,0,0,0,0,0,0,0,312853,0,331.65,384.43,417.03
224,2,45,78,100,4558,4558,4558,92721,92721,92721,591,591,591,0.20,0.60,0.81,0.08,0.23,0.31,0.04,0.18,0.25,0.00,0.00,0.00,0.01,0.03,0.04,0.00,0.00,0.00,0.05,0.18,0.27,248099,424050,653616,717938,963686,1233478,0,0,0,0,0,0,0,247827,0,353.33,371.21,395.05
224,3,32,61,96,4556,4556,4556,92723,92723,92723,591,591,591,0.15,0.52,0.80,0.05,0.21,0.33,0.03,0.15,0.26,0.00,0.00,0.00,0.00,0.03,0.05,0.00,0.00,0.00,0.02,0.14,0.22,220068,473884,757506,643134,1142228,1588405,0,0,0,0,0,0,0,212756,0,339.73,361.49,394.46
225,0,29,70,100,4549,4549,4549,92730,92730,92730,591,591,591,0.13,0.51,0.77,0.05,0.22,0.36,0.03,0.14,0.24,0.00,0.00,0.00,0.00,0.02,0.05,0.00,0.00,0.00,0.02,0.16,0.33,458618,917222,1842232,767876,1438740,2172419,0,0,0,0,0,0,0,272585,0,384.44,453.61,510.62
225,1,30,68,100,4554,4554,4554,92725,92725,92725,591,591,591,0.13,0.47,0.81,0.05,0.16,0.26,0.03,0.14,0.27,0.00,0.00,0.00,0.00,0.02,0.04,0.00,0.00,0.00,0.02,0.12,0.21,438093,897584,1559282,964568,1529241,2087793,0,0,0,0,0,0,0,298995,0,348.03,366.67,391.15
225,2,36,53,80,4558,4558,4558,92721,92721,92721,591,591,591,0.20,0.42,0.65,0.07,0.17,0.25,0.05,0.12,0.17,0.00,0.00,0.00,0.01,0.02,0.02,0.00,0.00,0.00,0.04,0.14,0.23,330190,410791,474355,938220,1095440,1218648,0,0,0,0,0,0,0,249958,0,343.04,357.21,369.55
225,3,36,84,100,4556,4556,4556,92723,92723,92723,591,591,591,0.19,0.63,0.83,0.07,0.22,0.31,0.05,0.19,0.28,0.00,0.00,0.00,0.01,0.03,0.05,0.00,0.00,0.00,0.04,0.18,0.28,319726,486138,744434,696890,835344,1045663,0,0,0,0,0,0,0,329469,0,359.24,393.96,422.76
226,0,31,77,100,4549,4549,4549,92730,92730,92730,591,591,591,0.19,0.64,0.84,0.08,0.23,0.31,0.03,0.19,0.28,0.00,0.00,0.00,0.01,0.03,0.05,0.00,0.00,0.00,0.06,0.18,0.23,469030,687194,817956,728438,1133320,1527843,0,0,0,0,0,0,0,394083,0,333.88,366.98,442.02
226,1,30,69,100,4554,4554,4554,92725,92725,92725,591,591,591,0.28,0.58,0.75,0.11,0.24,0.32,0.09,0.17,0.26,0.00,0.00,0.00,0.01,0.03,0.05,0.00,0.00,0.00,0.07,0.17,0.26,332826,524125,838612,919844,1080224,1155713,0,0,0,0,0,0,0,316163,0,388.51,414.36,441.68
226,2,35,51,76,4558,4558,4558,92721,92721,92721,591,591,591,0.16,0.37,0.64,0.06,0.14,0.25,0.03,0.11,0.16,0.00,0.00,0.00,0.00,0.01,0.02,0.00,0.00,0.00,0.04,0.11,0.24,345913,391509,521419,856979,1105359,1281538,0,0,0,0,0,0,0,252316,0,315.62,320.43,327.81
226,3,32,64,97,4533,4552,4557,92722,92727,92746,591,591,591,0.14,0.44,0.81,0.05,0.17,0.33,0.03,0.14,0.25,0.00,0.00,0.00,0.00,0.02,0.05,0.00,0.00,0.00,0.02,0.10,0.20,324962,371610,524143,639443,1050364,1478084,0,0,0,0,0,0,0,241056,0,325.52,370.72,409.35
227,0,71,87,100,4549,4549,4549,92730,92730,92730,591,591,591,0.31,0.61,0.87,0.12,0.24,0.33,0.09,0.18,0.29,0.00,0.00,0.00,0.01,0.03,0.06,0.00,0.00,0.00,0.07,0.18,0.28,319711,590172,1082360,739036,1111501,1357467,0,0,0,0,0,0,0,395876,0,396.83,411.11,442.55
227,1,29,72,100,4554,4554,4554,92725,92725,92725,591,591,591,0.14,0.53,0.85,0.05,0.19,0.34,0.03,0.14,0.27,0.00,0.00,0.00,0.00,0.02,0.04,0.00,0.00,0.00,0.02,0.15,0.30,322348,403312,534747,622528,985637,1315583,0,0,0,0,0,0,0,364486,0,361.99,377.56,426.45
227,2,42,59,87,4558,4558,4558,92721,92721,92721,591,591,591,0.33,0.47,0.73,0.11,0.19,0.28,0.08,0.14,0.25,0.00,0.00,0.00,0.01,0.02,0.05,0.00,0.00,0.00,0.08,0.14,0.22,324860,469382,897917,691868,1058830,1673551,0,0,0,0,0,0,0,323220,0,311.54,328.63,359.00
227,3,38,75,100,4533,4533,4533,92746,92746,92746,591,591,591,0.34,0.68,0.85,0.18,0.23,0.27,0.04,0.20,0.29,0.00,0.00,0.00,0.01,0.04,0.05,0.00,0.00,0.00,0.16,0.18,0.21,0,616790,1158436,120532,972860,1344519,0,0,0,0,0,0,0,389581,0,324.90,377.08,442.50
228,0,29,62,100,4549,4549,4550,92729,92729,92730,591,591,591,0.13,0.44,0.83,0.05,0.15,0.25,0.03,0.13,0.28,0.00,0.00,0.00,0.00,0.02,0.05,0.00,0.00,0.00,0.02,0.11,0.20,463841,912385,2175170,667424,1525065,2914203,0,0,0,0,0,0,0,315593,0,324.69,358.22,415.35
228,1,30,60,100,4554,4554,4555,92724,92724,92725,591,591,591,0.18,0.39,0.66,0.07,0.16,0.25,0.05,0.12,0.21,0.00,0.00,0.00,0.01,0.01,0.02,0.00,0.00,0.00,0.04,0.12,0.21,343294,590155,807101,977465,1300856,1519865,0,0,0,0,0,0,0,316797,0,352.71,405.27,444.46
228,2,25,65,100,4558,4558,4558,92721,92721,92721,591,591,591,0.12,0.48,0.82,0.04,0.18,0.29,0.03,0.14,0.27,0.00,0.00,0.00,0.00,0.02,0.04,0.00,0.00,0.00,0.02,0.14,0.24,327584,524662,825524,547654,1109605,1755876,0,0,0,0,0,0,0,323176,0,327.74,347.67,362.72
228,3,33,58,73,4533,4533,4533,92746,92746,92746,591,591,591,0.15,0.39,0.65,0.06,0.16,0.25,0.03,0.12,0.17,0.00,0.00,0.00,0.00,0.02,0.02,0.00,0.00,0.00,0.03,0.12,0.23,327583,362701,429788,820282,1053511,1208124,0,0,0,0,0,0,0,263143,0,325.21,356.90,415.69
229,0,30,62,96,4550,4550,4550,92729,92729,92729,591,591,591,0.23,0.47,0.85,0.09,0.19,0.33,0.05,0.13,0.21,0.00,0.00,0.00,0.01,0.02,0.03,0.00,0.00,0.00,0.06,0.15,0.26,466061,692932,1287401,1037761,1295331,1541735,0,0,0,0,0,0,0,262953,0,358.34,404.24,430.00
229,1,33,64,100,4555,4555,4555,92724,92724,92724,591,591,591,0.14,0.52,0.83,0.05,0.19,0.32,0.03,0.16,0.28,0.00,0.00,0.00,0.00,0.03,0.05,0.00,0.00,0.00,0.03,0.13,0.20,324969,595414,1006320,657800,1189260,1527860,0,0,0,0,0,0,0,302321,0,329.56,368.25,397.21
229,2,29,64,96,4558,4558,4558,92721,92721,92721,591,591,591,0.13,0.46,0.83,0.05,0.18,0.33,0.03,0.14,0.25,0.00,0.00,0.00,0.00,0.02,0.05,0.00,0.00,0.00,0.02,0.12,0.21,330183,425796,767840,644711,1052313,1225861,0,0,0,0,0,0,0,278314,0,338.82,387.60,424.91
229,3,31,60,96,4533,4533,4533,92746,92746,92746,591,591,591,0.14,0.45,0.81,0.05,0.18,0.33,0.03,0.14,0.26,0.00,0.00,0.00,0.00,0.02,0.05,0.00,0.00,0.00,0.02,0.12,0.22,324947,415111,723329,660416,1102753,1326104,0,0,0,0,0,0,0,274436,0,333.45,361.80,404.24
230,0,28,55,95,4550,4550,4550,92729,92729,92729,591,591,591,0.13,0.40,0.76,0.05,0.15,0.28,0.03,0.12,0.27,0.00,0.00,0.00,0.00,0.02,0.05,0.00,0.00,0.00,0.02,0.09,0.17,310975,557330,969656,985336,1228440,1386340,0,0,0,0,0,0,0,195136,0,310.94,341.37,382.98
230,1,26,67,100,4555,4555,4555,92724,92724,92724,591,591,591,0.22,0.55,0.78,0.08,0.22,0.32,0.05,0.16,0.23,0.00,0.00,0.00,0.01,0.02,0.03,0.00,0.00,0.00,0.06,0.17,0.26,327595,408464,615962,699656,962800,1451165,0,0,0,0,0,0,0,212589,0,391.06,405.41,411.87
230,2,30,82,100,4558,4558,4558,92721,92721,92721,591,591,591,0.13,0.59,0.86,0.05,0.19,0.25,0.03,0.18,0.29,0.00,0.00,0.00,0.00,0.03,0.05,0.00,0.00,0.00,0.02,0.14,0.19,237612,631343,1328714,762572,1101260,1441406,0,0,0,0,0,0,0,312811,0,318.50,343.87,399.40
230,3,45,86,100,4533,4533,4533,92746,92746,92746,591,591,591,0.22,0.65,0.83,0.10,0.22,0.30,0.03,0.18,0.28,0.00,0.00,0.00,0.01,0.03,0.05,0.00,0.00,0.00,0.07,0.17,0.24,0,456513,1045549,149352,912980,1354759,0,0,0,0,0,0,0,329809,0,336.35,356.06,395.68
231,0,34,77,100,4550,4550,4550,92729,92729,92729,591,591,591,0.28,0.66,0.83,0.14,0.24,0.32,0.03,0.19,0.28,0.00,0.00,0.00,0.01,0.03,0.05,0.00,0.00,0.00,0.12,0.19,0.29,516220,1402006,2898578,922384,1788274,3050583,0,0,0,0,0,0,0,361777,0,319.32,369.38,440.11
231,1,30,70,100,4555,4555,4555,92724,92724,92724,591,591,591,0.18,0.53,0.77,0.07,0.21,0.29,0.03,0.15,0.22,0.00,0.00,0.00,0.00,0.02,0.04,0.00,0.00,0.00,0.04,0.16,0.24,347698,667570,1572444,743540,1255125,1936727,0,0,0,0,0,0,0,344264,0,355.17,384.42,406.61
231,2,33,69,96,4558,4558,4558,92721,92721,92721,591,591,591,0.27,0.61,0.83,0.11,0.24,0.35,0.08,0.18,0.29,0.00,0.00,0.00,0.01,0.03,0.06,0.00,0.00,0.00,0.07,0.17,0.26,324960,392044,566082,589646,870573,1215777,0,0,0,0,0,0,0,305425,0,389.20,424.18,445.11
231,3,35,56,79,4533,4533,4533,92746,92746,92746,591,591,591,0.24,0.36,0.47,0.09,0.15,0.20,0.07,0.10,0.14,0.00,0.00,0.00,0.01,0.01,0.02,0.00,0.00,0.00,0.06,0.11,0.18,311798,362343,433299,960946,1095237,1223869,0,0,0,0,0,0,0,245806,0,306.98,366.78,423.05
232,0,27,50,100,4550,4550,4550,92729,92729,92729,591,591,591,0.14,0.39,0.75,0.05,0.15,0.28,0.03,0.11,0.22,0.00,0.00,0.00,0.00,0.02,0.03,0.00,0.00,0.00,0.02,0.11,0.23,474237,794974,1236983,910901,1479357,2033685,0,0,0,0,0,0,0,294094,0,321.23,370.82,412.81
232,1,32,65,100,4555,4555,4555,92724,92724,92724,591,591,591,0.30,0.43,0.59,0.12,0.17,0.24,0.09,0.13,0.16,0.00,0.00,0.00,0.01,0.02,0.02,0.00,0.00,0.00,0.07,0.13,0.22,361645,543008,767894,938173,1277322,1522578,0,0,0,0,0,0,0,315564,0,351.42,376.54,411.46
232,2,31,66,100,4558,4558,4558,92721,92721,92721,591,591,591,0.14,0.47,0.85,0.05,0.15,0.25,0.03,0.13,0.29,0.00,0.00,0.00,0.00,0.02,0.05,0.00,0.00,0.00,0.02,0.11,0.19,241009,366575,542482,353654,1026723,1483309,0,0,0,0,0,0,0,379983,0,328.67,339.70,359.89
232,3,34,65,97,4533,4533,4533,92746,92746,92746,591,591,591,0.15,0.51,0.91,0.05,0.20,0.33,0.03,0.16,0.33,0.00,0.00,0.00,0.00,0.03,0.07,0.00,0.00,0.00,0.03,0.13,0.24,0,289842,372107,484793,953926,1216003,0,0,0,0,0,0,0,295226,0,340.94,373.17,406.72
233,0,31,62,93,4550,4550,4550,92729,92729,92729,591,591,591,0.32,0.51,0.65,0.11,0.20,0.28,0.08,0.15,0.22,0.00,0.00,0.00,0.01,0.02,0.03,0.00,0.00,0.00,0.08,0.15,0.19,309253,902539,2232671,807203,1528350,2701742,0,0,0,0,0,0,0,303014,0,329.08,360.51,380.97
233,1,29,55,78,4555,4555,4555,92724,92724,92724,591,591,591,0.32,0.39,0.46,0.12,0.15,0.19,0.08,0.11,0.13,0.00,0.00,0.00,0.01,0.02,0.02,0.00,0.00,0.00,0.07,0.12,0.17,231399,356045,524135,956915,1052017,1263125,0,0,0,0,0,0,0,287598,0,336.75,350.76,363.57
233,2,34,66,100,4558,4558,4558,92721,92721,92721,591,591,591,0.15,0.60,0.84,0.05,0.23,0.35,0.03,0.17,0.26,0.00,0.00,0.00,0.00,0.03,0.05,0.00,0.00,0.00,0.03,0.17,0.28,393126,696663,1239358,783631,1229668,1653186,0,0,0,0,0,0,0,278800,0,377.39,429.42,484.69
233,3,35,84,100,4533,4533,4533,92746,92746,92746,591,591,591,0.27,0.70,0.85,0.13,0.24,0.34,0.03,0.20,0.29,0.00,0.00,0.00,0.01,0.04,0.05,0.00,0.00,0.00,0.10,0.19,0.30,332834,530869,1042696,466492,943823,2043475,0,0,0,0,0,0,0,368701,0,339.49,379.61,450.31
234,0,0,45,100,4550,4550,4550,92729,92729,92729,591,591,591,0.00,0.31,0.81,0.00,0.11,0.26,0.00,0.09,0.27,0.00,0.00,0.00,0.00,0.01,0.04,0.00,0.00,0.00,0.00,0.08,0.21,427175,488481,581858,442899,920863,1302629,0,0,0,0,0,0,0,278564,0,250.51,275.15,301.06
234,1,30,78,97,4555,4555,4555,92724,92724,92724,591,591,591,0.16,0.50,0.73,0.06,0.20,0.27,0.03,0.14,0.23,0.00,0.00,0.00,0.00,0.02,0.03,0.00,0.00,0.00,0.04,0.15,0.22,334313,530645,883161,821959,1135182,1438741,0,0,0,0,0,0,0,336434,0,358.55,380.70,414.41
234,2,45,77,100,4558,4558,4558,92721,92721,92721,591,591,591,0.29,0.60,0.82,0.12,0.23,0.31,0.10,0.18,0.28,0.00,0.00,0.00,0.01,0.03,0.04,0.00,0.00,0.00,0.08,0.17,0.28,330200,417726,702313,542436,897826,1320767,0,0,0,0,0,0,0,282213,0,365.89,385.16,405.94
234,3,28,57,98,4533,4533,4533,92746,92746,92746,591,591,591,0.30,0.39,0.61,0.12,0.16,0.23,0.08,0.12,0.17,0.00,0.00,0.00,0.01,0.01,0.02,0.00,0.00,0.00,0.08,0.12,0.18,311852,497393,736376,938215,1183822,1411664,0,0,0,0,0,0,0,271558,0,321.98,368.06,424.70
235,0,30,63,93,4550,4550,4550,92729,92729,92729,591,591,591,0.13,0.52,0.79,0.05,0.21,0.33,0.03,0.15,0.28,0.00,0.00,0.00,0.00,0.03,0.06,0.00,0.00,0.00,0.02,0.14,0.29,445950,587602,951237,870160,1126015,1345584,0,0,0,0,0,0,0,249730,0,351.46,405.23,467.43
235,1,28,61,82,4555,4555,4555,92724,92724,92724,591,591,591,0.13,0.42,0.68,0.05,0.16,0.30,0.03,0.13,0.22,0.00,0.00,0.00,0.00,0.02,0.03,0.00,0.00,0.00,0.02,0.11,0.21,330209,507875,841180,846479,1182950,1622088,0,0,0,0,0,0,0,288615,0,340.28,378.01,435.70
235,2,29,65,100,4558,4558,4558,92721,92721,92721,591,591,591,0.14,0.48,0.80,0.05,0.19,0.31,0.03,0.13,0.27,0.00,0.00,0.00,0.00,0.02,0.04,0.00,0.00,0.00,0.03,0.14,0.28,345849,396869,573933,704963,1026073,1478075,0,0,0,0,0,0,0,304988,0,309.30,350.52,381.22
235,3,2,41,100,4533,4533,4533,92746,92746,92746,591,591,591,0.00,0.33,0.59,0.00,0.13,0.26,0.00,0.10,0.18,0.00,0.00,0.00,0.00,0.01,0.03,0.00,0.00,0.00,0.00,0.09,0.19,293519,437397,618415,309244,920094,1152978,0,0,0,0,0,0,0,241500,0,248.06,288.40,315.37
236,0,56,89,100,4550,4550,4550,92729,92729,92729,591,591,591,0.25,0.68,0.85,0.12,0.24,0.34,0.03,0.20,0.29,0.00,0.00,0.00,0.01,0.04,0.05,0.00,0.00,0.00,0.09,0.18,0.26,314486,490498,670864,589480,876144,1369784,0,0,0,0,0,0,0,358720,0,310.95,373.42,487.51
236,1,30,68,100,4555,4555,4555,92724,92724,92724,591,591,591,0.30,0.55,0.82,0.12,0.20,0.29,0.05,0.15,0.27,0.00,0.00,0.00,0.01,0.02,0.04,0.00,0.00,0.00,0.08,0.16,0.23,364259,472240,589650,657788,1058219,1551440,0,0,0,0,0,0,0,339883,0,373.70,385.75,418.92
236,2,38,67,96,4558,4558,4558,92721,92721,92721,591,591,591,0.17,0.45,0.73,0.07,0.17,0.25,0.03,0.13,0.23,0.00,0.00,0.00,0.00,0.02,0.03,0.00,0.00,0.00,0.04,0.13,0.21,133632,503136,1192297,977552,1214858,1700662,0,0,0,0,0,0,0,305939,0,337.49,375.27,413.52
236,3,29,63,100,4533,4533,4533,92746,92746,92746,591,591,591,0.15,0.45,0.80,0.06,0.17,0.29,0.03,0.12,0.24,0.00,0.00,0.00,0.00,0.02,0.04,0.00,0.00,0.00,0.03,0.14,0.24,0,441827,1024623,739023,1095411,1698097,0,0,0,0,0,0,0,311784,0,307.96,361.45,388.15
237,0,30,49,94,4550,4550,4550,92729,92729,92729,591,591,591,0.14,0.37,0.85,0.05,0.14,0.31,0.03,0.10,0.30,0.00,0.00,0.00,0.00,0.02,0.06,0.00,0.00,0.00,0.02,0.09,0.17,461177,993202,2117480,1341608,1732195,2324511,0,0,0,0,0,0,0,236932,0,333.01,396.56,480.50
237,1,31,61,96,4555,4555,4555,92724,92724,92724,591,591,591,0.14,0.37,0.65,0.05,0.15,0.29,0.03,0.11,0.21,0.00,0.00,0.00,0.00,0.02,0.03,0.00,0.00,0.00,0.02,0.10,0.20,220150,364197,452147,765284,1058224,1358996,0,0,0,0,0,0,0,152081,0,329.53,382.53,444.89
237,2,34,73,100,4558,4558,4558,92721,92721,92721,591,591,591,0.31,0.52,0.81,0.12,0.20,0.27,0.09,0.16,0.27,0.00,0.00,0.00,0.01,0.02,0.04,0.00,0.00,0.00,0.07,0.16,0.22,340671,454257,763524,566038,1053966,1506081,0,0,0,0,0,0,0,299543,0,325.83,370.29,399.11
237,3,50,77,92,4533,4533,4533,92746,92746,92746,591,591,591,0.33,0.53,0.72,0.12,0.21,0.30,0.08,0.15,0.21,0.00,0.00,0.00,0.01,0.02,0.03,0.00,0.00,0.00,0.09,0.16,0.24,356388,410559,520631,969723,1113306,1365216,0,0,0,0,0,0,0,326995,0,349.85,375.81,408.52
238,0,58,84,100,4550,4550,4550,92729,92729,92729,591,591,591,0.32,0.69,0.83,0.12,0.25,0.33,0.10,0.21,0.28,0.00,0.00,0.00,0.02,0.03,0.05,0.00,0.00,0.00,0.07,0.19,0.30,537184,706510,1126826,697029,1025703,1362731,0,0,0,0,0,0,0,322582,0,341.18,406.96,475.92
238,1,89,97,100,4555,4555,4555,92724,92724,92724,591,591,591,0.69,0.80,0.91,0.23,0.29,0.34,0.19,0.24,0.32,0.00,0.00,0.00,0.03,0.04,0.07,0.00,0.00,0.00,0.18,0.22,0.28,330175,688185,1677226,505791,964399,2004810,0,0,0,0,0,0,0,457637,0,356.37,427.79,518.51
238,2,31,58,100,4558,4558,4558,92721,92721,92721,591,591,591,0.26,0.42,0.60,0.10,0.17,0.26,0.08,0.12,0.16,0.00,0.00,0.00,0.01,0.02,0.02,0.00,0.00,0.00,0.06,0.13,0.20,327535,439742,775730,919876,1144160,1265803,0,0,0,0,0,0,0,263519,0,337.73,368.51,407.71
238,3,32,64,100,4533,4533,4533,92746,92746,92746,591,591,591,0.14,0.49,0.84,0.05,0.17,0.26,0.03,0.15,0.28,0.00,0.00,0.00,0.00,0.03,0.05,0.00,0.00,0.00,0.02,0.12,0.19,314482,393107,476970,545102,1013691,1402084,0,0,0,0,0,0,0,292806,0,349.98,359.73,388.18
239,0,32,71,100,4550,4550,4550,92729,92729,92729,591,591,591,0.14,0.59,0.83,0.05,0.22,0.34,0.03,0.17,0.28,0.00,0.00,0.00,0.00,0.03,0.04,0.00,0.00,0.00,0.02,0.17,0.25,482091,751883,1000691,765058,1271914,1975186,0,0,0,0,0,0,0,441559,0,356.75,378.61,429.64
239,1,28,59,100,4553,4553,4555,92724,92725,92726,591,591,591,0.13,0.41,0.84,0.05,0.14,0.26,0.03,0.11,0.28,0.00,0.00,0.00,0.00,0.02,0.05,0.00,0.00,0.00,0.02,0.10,0.21,335456,453377,694503,476932,1137382,1577701,0,0,0,0,0,0,0,311162,0,336.38,371.34,449.62
239,2,29,69,100,4558,4558,4558,92721,92721,92721,591,591,591,0.23,0.53,0.81,0.09,0.21,0.31,0.04,0.16,0.27,0.00,0.00,0.00,0.01,0.02,0.04,0.00,0.00,0.00,0.08,0.17,0.28,324970,560409,1119629,649891,1177200,2363933,0,0,0,0,0,0,0,318276,0,301.31,343.65,374.33
239,3,31,72,100,4533,4533,4533,92746,92746,92746,591,591,591,0.14,0.53,0.83,0.05,0.20,0.33,0.03,0.15,0.26,0.00,0.00,0.00,0.00,0.02,0.04,0.00,0.00,0.00,0.02,0.15,0.25,2620,501048,1129516,516167,1054000,2036273,0,0,0,0,0,0,0,336812,0,386.85,412.49,448.26
240,0,28,53,95,4546,4547,4550,92729,92731,92733,591,591,591,0.13,0.42,0.84,0.05,0.15,0.30,0.03,0.12,0.30,0.00,0.00,0.00,0.00,0.02,0.06,0.00,0.00,0.00,0.02,0.10,0.20,319727,1194506,2890649,526763,1884267,3823624,0,0,0,0,0,0,0,283049,0,309.45,371.08,461.19
240,1,30,68,100,4553,4553,4553,92726,92726,92726,591,591,591,0.15,0.55,0.85,0.06,0.20,0.33,0.03,0.16,0.28,0.00,0.00,0.00,0.00,0.03,0.05,0.00,0.00,0.00,0.04,0.14,0.26,340694,361128,400968,461215,829711,1179326,0,0,0,0,0,0,0,280710,0,392.23,446.53,507.60
240,2,30,57,100,4558,4558,4558,92721,92721,92721,591,591,591,0.13,0.41,0.66,0.05,0.16,0.23,0.03,0.12,0.20,0.00,0.00,0.00,0.00,0.02,0.03,0.00,0.00,0.00,0.02,0.11,0.19,338065,415619,696992,856957,1079159,1331098,0,0,0,0,0,0,0,269754,0,328.98,363.35,396.96
240,3,31,69,100,4533,4533,4533,92746,92746,92746,591,591,591,0.14,0.51,0.80,0.05,0.20,0.33,0.03,0.14,0.26,0.00,0.00,0.00,0.00,0.02,0.04,0.00,0.00,0.00,0.02,0.15,0.28,314479,446034,673512,610566,1056123,1320812,0,0,0,0,0,0,0,279499,0,371.48,386.78,394.64
241,0,80,94,100,4546,4546,4546,92733,92733,92733,591,591,591,0.53,0.75,0.85,0.19,0.27,0.33,0.14,0.23,0.29,0.00,0.00,0.00,0.03,0.04,0.05,0.00,0.00,0.00,0.11,0.20,0.30,437649,566750,904077,563440,837405,1205436,0,0,0,0,0,0,0,310382,0,344.26,434.96,508.39
241,1,33,75,100,4553,4553,4553,92726,92726,92726,591,591,591,0.14,0.60,0.81,0.05,0.23,0.31,0.03,0.18,0.23,0.00,0.00,0.00,0.00,0.03,0.05,0.00,0.00,0.00,0.02,0.17,0.27,7862,308322,477686,665658,810879,1009305,0,0,0,0,0,0,0,324827,0,390.37,404.81,427.46
241,2,29,59,85,4558,4558,4558,92721,92721,92721,591,591,591,0.30,0.44,0.61,0.12,0.18,0.26,0.09,0.13,0.19,0.00,0.00,0.00,0.01,0.02,0.03,0.00,0.00,0.00,0.07,0.13,0.20,332827,371083,421940,812412,996368,1168755,0,0,0,0,0,0,0,251656,0,312.95,330.96,351.41
241,3,27,81,100,4533,4533,4533,92746,92746,92746,591,591,591,0.12,0.57,0.81,0.05,0.21,0.31,0.03,0.17,0.26,0.00,0.00,0.00,0.00,0.03,0.04,0.00,0.00,0.00,0.02,0.16,0.23,332821,433969,710130,545093,897299,1260564,0,0,0,0,0,0,0,205026,0,373.61,387.73,407.40
242,0,31,63,100,4546,4546,4546,92733,92733,92733,591,591,591,0.14,0.51,0.84,0.05,0.17,0.27,0.03,0.15,0.28,0.00,0.00,0.00,0.00,0.03,0.05,0.00,0.00,0.00,0.02,0.13,0.21,451599,568725,707030,725947,1126894,1604315,0,0,0,0,0,0,0,331297,0,332.54,356.60,388.68
242,1,28,78,100,4553,4553,4553,92726,92726,92726,591,591,591,0.14,0.60,0.84,0.05,0.22,0.33,0.03,0.17,0.28,0.00,0.00,0.00,0.00,0.03,0.05,0.00,0.00,0.00,0.03,0.17,0.27,437652,829169,1375782,770481,1304550,2295592,0,0,0,0,0,0,0,396607,0,352.89,379.35,442.33
242,2,27,60,100,4558,4558,4558,92721,92721,92721,591,591,591,0.13,0.47,0.80,0.05,0.18,0.28,0.03,0.13,0.26,0.00,0.00,0.00,0.00,0.02,0.04,0.00,0.00,0.00,0.02,0.14,0.26,125795,537294,1186452,705156,1137559,2036106,0,0,0,0,0,0,0,320895,0,321.87,350.83,372.90
242,3,30,66,100,4533,4533,4533,92746,92746,92746,591,591,591,0.17,0.48,0.80,0.07,0.19,0.28,0.03,0.13,0.27,0.00,0.00,0.00,0.01,0.02,0.04,0.00,0.00,0.00,0.04,0.15,0.25,330210,636825,1271041,841192,1247442,1527870,0,0,0,0,0,0,0,299497,0,370.04,378.97,396.81
243,0,27,54,91,4546,4546,4546,92733,92733,92733,591,591,591,0.12,0.39,0.60,0.04,0.16,0.25,0.03,0.11,0.19,0.00,0.00,0.00,0.00,0.02,0.03,0.00,0.00,0.00,0.02,0.12,0.19,458617,785165,1900031,891032,1396314,2327211,0,0,0,0,0,0,0,240092,0,299.54,377.32,418.35
243,1,31,60,100,4553,4553,4553,92726,92726,92726,591,591,591,0.13,0.49,0.80,0.05,0.19,0.27,0.03,0.14,0.27,0.00,0.00,0.00,0.00,0.02,0.04,0.00,0.00,0.00,0.02,0.14,0.25,366900,668890,1640553,775716,1240073,2445106,0,0,0,0,0,0,0,253695,0,366.25,401.12,458.83
243,2,31,62,100,4558,4558,4558,92721,92721,92721,591,591,591,0.15,0.43,0.73,0.06,0.17,0.27,0.03,0.12,0.23,0.00,0.00,0.00,0.00,0.02,0.03,0.00,0.00,0.00,0.03,0.12,0.21,332830,446021,634212,906730,1158814,1428041,0,0,0,0,0,0,0,298747,0,345.81,365.64,397.58
243,3,32,76,100,4529,4532,4533,92746,92746,92750,591,591,591,0.14,0.57,0.92,0.05,0.22,0.34,0.03,0.18,0.32,0.00,0.00,0.00,0.00,0.03,0.07,0.00,0.00,0.00,0.02,0.14,0.25,335449,395200,594904,733802,957601,1305106,0,0,0,0,0,0,0,267023,0,363.71,389.34,400.45
244,0,27,73,100,4546,4546,4546,92733,92733,92733,591,591,591,0.23,0.48,0.81,0.10,0.19,0.27,0.03,0.14,0.27,0.00,0.00,0.00,0.01,0.02,0.04,0.00,0.00,0.00,0.07,0.15,0.22,316232,740943,1242236,763500,1360814,1719214,0,0,0,0,0,0,0,300361,0,308.31,348.65,395.53
244,1,27,57,100,4553,4553,4553,92726,92726,92726,591,591,591,0.18,0.41,0.77,0.07,0.16,0.27,0.03,0.12,0.25,0.00,0.00,0.00,0.01,0.02,0.03,0.00,0.00,0.00,0.04,0.11,0.23,324963,633993,1451882,1084917,1343209,2038925,0,0,0,0,0,0,0,303351,0,339.52,366.81,400.12
244,2,35,77,97,4558,4558,4558,92721,92721,92721,591,591,591,0.30,0.58,0.92,0.11,0.23,0.33,0.08,0.18,0.33,0.00,0.00,0.00,0.01,0.03,0.07,0.00,0.00,0.00,0.08,0.16,0.26,330207,455999,796698,563455,934011,1276290,0,0,0,0,0,0,0,306780,0,328.89,371.78,404.78
244,3,33,81,100,4529,4529,4529,92750,92750,92750,591,591,591,0.20,0.69,0.86,0.09,0.24,0.34,0.03,0.19,0.29,0.00,0.00,0.00,0.01,0.03,0.05,0.00,0.00,0.00,0.06,0.18,0.29,317060,380987,560647,442836,805480,1234353,0,0,0,0,0,0,0,401176,0,322.80,369.81,451.96
245,0,29,58,100,4546,4546,4546,92733,92733,92733,591,591,591,0.13,0.47,0.81,0.05,0.18,0.28,0.03,0.14,0.25,0.00,0.00,0.00,0.00,0.02,0.04,0.00,0.00,0.00,0.02,0.13,0.22,455839,544235,817453,932804,1128295,1339172,0,0,0,0,0,0,0,302633,0,304.35,340.46,373.91
245,1,24,57,97,4553,4553,4553,92726,92726,92726,591,591,591,0.29,0.40,0.60,0.11,0.17,0.25,0.08,0.11,0.17,0.00,0.00,0.00,0.01,0.01,0.02,0.00,0.00,0.00,0.07,0.14,0.23,249818,408455,707509,870082,1088227,1564381,0,0,0,0,0,0,0,283869,0,331.37,349.72,362.89
245,2,34,66,100,4550,4551,4558,92721,92727,92729,591,591,591,0.15,0.49,0.85,0.06,0.16,0.26,0.03,0.15,0.28,0.00,0.00,0.00,0.00,0.03,0.05,0.00,0.00,0.00,0.03,0.12,0.20,300472,521291,1250127,498397,1140077,1383788,0,0,0,0,0,0,0,341509,0,331.28,343.47,364.50
245,3,34,68,100,4529,4529,4529,92750,92750,92750,591,591,591,0.24,0.62,0.77,0.09,0.24,0.32,0.06,0.19,0.26,0.00,0.00,0.00,0.01,0.03,0.04,0.00,0.00,0.00,0.07,0.19,0.26,338065,590555,933700,673511,1116070,1570827,0,0,0,0,0,0,0,327827,0,383.97,413.11,483.94
246,0,29,66,100,4546,4546,4546,92733,92733,92733,591,591,591,0.27,0.42,0.78,0.10,0.16,0.28,0.06,0.12,0.24,0.00,0.00,0.00,0.01,0.02,0.03,0.00,0.00,0.00,0.07,0.13,0.23,442882,842252,2054726,912137,1539790,2649653,0,0,0,0,0,0,0,303113,0,309.79,346.95,385.51
246,1,32,61,94,4553,4553,4553,92726,92726,92726,591,591,591,0.17,0.40,0.73,0.06,0.15,0.26,0.03,0.12,0.23,0.00,0.00,0.00,0.00,0.02,0.03,0.00,0.00,0.00,0.04,0.11,0.22,332758,422960,610566,893657,1135221,1399323,0,0,0,0,0,0,0,298333,0,332.89,346.95,367.75
246,2,30,68,100,4550,4550,4550,92729,92729,92729,591,591,591,0.14,0.50,0.85,0.05,0.20,0.31,0.03,0.14,0.22,0.00,0.00,0.00,0.00,0.02,0.04,0.00,0.00,0.00,0.02,0.15,0.25,335174,463265,744261,628451,1014597,1661486,0,0,0,0,0,0,0,267842,0,369.43,426.82,476.09
246,3,32,66,100,4529,4529,4529,92750,92750,92750,591,591,591,0.14,0.50,0.82,0.05,0.18,0.31,0.03,0.14,0.27,0.00,0.00,0.00,0.00,0.02,0.04,0.00,0.00,0.00,0.02,0.13,0.25,332825,555578,854329,702313,1152565,1509515,0,0,0,0,0,0,0,302743,0,355.27,369.98,384.49
247,0,28,53,94,4546,4546,4546,92733,92733,92733,591,591,591,0.13,0.44,0.73,0.05,0.17,0.32,0.03,0.13,0.23,0.00,0.00,0.00,0.00,0.02,0.04,0.00,0.00,0.00,0.02,0.11,0.23,463839,750730,1451965,859551,1368138,1808405,0,0,0,0,0,0,0,227745,0,338.83,369.26,401.89
247,1,32,75,100,4553,4553,4553,92726,92726,92726,591,591,591,0.25,0.55,0.78,0.10,0.23,0.34,0.05,0.16,0.24,0.00,0.00,0.00,0.01,0.02,0.03,0.00,0.00,0.00,0.07,0.17,0.24,323392,616775,1509477,777744,1201351,1876364,0,0,0,0,0,0,0,385080,0,367.44,399.48,425.72
247,2,37,72,100,4550,4550,4550,92729,92729,92729,591,591,591,0.19,0.50,0.80,0.07,0.19,0.27,0.05,0.15,0.26,0.00,0.00,0.00,0.01,0.02,0.04,0.00,0.00,0.00,0.04,0.15,0.22,335465,515747,914785,610514,1078619,1386594,0,0,0,0,0,0,0,272542,0,330.62,359.83,376.38
247,3,36,65,100,4529,4529,4529,92750,92750,92750,591,591,591,0.25,0.54,0.75,0.09,0.22,0.31,0.07,0.16,0.25,0.00,0.00,0.00,0.01,0.02,0.04,0.00,0.00,0.00,0.05,0.16,0.23,314488,355348,440240,676127,907242,1341685,0,0,0,0,0,0,0,217255,0,386.71,398.48,406.59
248,0,29,78,100,4546,4546,4546,92733,92733,92733,591,591,591,0.32,0.61,0.84,0.12,0.22,0.30,0.09,0.18,0.28,0.00,0.00,0.00,0.01,0.03,0.05,0.00,0.00,0.00,0.12,0.18,0.24,469100,922107,2152016,618478,1399563,3258148,0,0,0,0,0,0,0,258220,0,335.87,389.26,415.92
248,1,29,58,97,4545,4549,4553,92726,92730,92734,591,591,591,0.14,0.41,0.92,0.05,0.16,0.32,0.03,0.11,0.32,0.00,0.00,0.00,0.00,0.02,0.07,0.00,0.00,0.00,0.02,0.10,0.17,223628,585925,877932,1035173,1314643,1596325,0,0,0,0,0,0,0,255944,0,341.13,376.41,411.99
248,2,25,39,55,4550,4550,4550,92729,92729,92729,591,591,591,0.29,0.31,0.36,0.11,0.12,0.16,0.08,0.09,0.11,0.00,0.00,0.00,0.01,0.01,0.02,0.00,0.00,0.00,0.08,0.09,0.13,345936,705623,1069249,945126,1411680,1941945,0,0,0,0,0,0,0,177278,0,288.76,309.14,325.88
248,3,33,72,100,4529,4529,4529,92750,92750,92750,591,591,591,0.15,0.45,0.81,0.05,0.16,0.26,0.03,0.13,0.27,0.00,0.00,0.00,0.00,0.02,0.04,0.00,0.00,0.00,0.02,0.11,0.21,218355,486190,1066022,414001,1145404,2008265,0,0,0,0,0,0,0,326360,0,357.81,371.20,380.39
249,0,29,48,68,4546,4546,4546,92733,92733,92733,591,591,591,0.22,0.32,0.38,0.09,0.13,0.18,0.04,0.09,0.12,0.00,0.00,0.00,0.01,0.01,0.02,0.00,0.00,0.00,0.04,0.09,0.16,453377,934707,2231197,1074477,1604028,2532710,0,0,0,0,0,0,0,263669,0,302.57,326.37,366.00
249,1,63,87,100,4545,4545,4545,92734,92734,92734,591,591,591,0.68,0.79,0.86,0.25,0.28,0.33,0.16,0.24,0.29,0.00,0.00,0.00,0.02,0.04,0.05,0.00,0.00,0.00,0.15,0.21,0.29,408828,501580,728527,534622,741627,980104,0,0,0,0,0,0,0,298570,0,338.28,436.07,509.94
249,2,37,62,87,4550,4550,4550,92729,92729,92729,591,591,591,0.15,0.42,0.66,0.06,0.17,0.26,0.03,0.12,0.20,0.00,0.00,0.00,0.00,0.02,0.02,0.00,0.00,0.00,0.03,0.13,0.24,335443,438178,799317,883174,1146286,1478081,0,0,0,0,0,0,0,301844,0,288.52,317.84,342.79
249,3,29,60,91,4529,4529,4529,92750,92750,92750,591,591,591,0.27,0.42,0.60,0.11,0.17,0.28,0.08,0.11,0.14,0.00,0.00,0.00,0.01,0.01,0.02,0.00,0.00,0.00,0.06,0.14,0.25,356414,464378,723274,1064062,1153090,1263176,0,0,0,0,0,0,0,262486,0,345.98,382.16,420.83
250,0,32,72,100,4546,4546,4546,92733,92733,92733,591,591,591,0.18,0.54,0.78,0.07,0.20,0.30,0.03,0.16,0.25,0.00,0.00,0.00,0.00,0.02,0.03,0.00,0.00,0.00,0.04,0.15,0.22,474354,708057,1132120,948671,1323347,1886396,0,0,0,0,0,0,0,286881,0,336.56,363.98,383.12
250,1,30,68,100,4545,4545,4545,92734,92734,92734,591,591,591,0.13,0.48,0.82,0.05,0.19,0.29,0.03,0.14,0.24,0.00,0.00,0.00,0.00,0.02,0.04,0.00,0.00,0.00,0.02,0.14,0.33,321477,619708,1519118,657456,1192271,1747987,0,0,0,0,0,0,0,386012,0,367.54,387.75,415.97
250,2,28,52,100,4550,4550,4550,92729,92729,92729,591,591,591,0.15,0.42,0.70,0.06,0.16,0.25,0.03,0.12,0.22,0.00,0.00,0.00,0.00,0.02,0.03,0.00,0.00,0.00,0.03,0.12,0.20,332828,438182,621106,885800,1111707,1242231,0,0,0,0,0,0,0,264580,0,325.61,354.44,382.52
250,3,32,51,69,4529,4529,4529,92750,92750,92750,591,591,591,0.25,0.37,0.58,0.10,0.14,0.21,0.08,0.11,0.16,0.00,0.00,0.00,0.01,0.01,0.02,0.00,0.00,0.00,0.06,0.11,0.17,306623,368391,526402,893588,1077442,1267555,0,0,0,0,0,0,0,260854,0,322.61,326.14,333.47
251,0,36,68,100,4546,4546,4546,92733,92733,92733,591,591,591,0.16,0.52,0.80,0.06,0.21,0.31,0.03,0.14,0.24,0.00,0.00,0.00,0.00,0.02,0.04,0.00,0.00,0.00,0.03,0.15,0.29,492693,550849,736416,859592,1198658,1561905,0,0,0,0,0,0,0,334835,0,375.32,384.44,394.55
251,1,31,67,100,4545,4545,4545,92734,92734,92734,591,591,591,0.13,0.49,0.82,0.05,0.18,0.30,0.03,0.15,0.27,0.00,0.00,0.00,0.00,0.03,0.05,0.00,0.00,0.00,0.02,0.12,0.20,330208,421915,613173,628968,999508,1365380,0,0,0,0,0,0,0,305772,0,364.74,393.60,438.41
251,2,31,76,100,4550,4550,4550,92729,92729,92729,591,591,591,0.28,0.51,0.76,0.11,0.20,0.29,0.09,0.14,0.23,0.00,0.00,0.00,0.01,0.02,0.03,0.00,0.00,0.00,0.06,0.16,0.24,340694,608464,1276210,849092,1271149,2036171,0,0,0,0,0,0,0,296000,0,327.16,356.63,387.82
251,3,30,47,61,4529,4529,4529,92750,92750,92750,591,591,591,0.26,0.35,0.47,0.10,0.14,0.20,0.08,0.10,0.15,0.00,0.00,0.00,0.01,0.01,0.02,0.00,0.00,0.00,0.06,0.11,0.14,306554,656112,1270753,1108311,1385417,1848842,0,0,0,0,0,0,0,305682,0,311.66,320.42,325.62
252,0,31,64,100,4544,4545,4546,92733,92733,92735,591,591,591,0.16,0.53,0.82,0.06,0.20,0.34,0.03,0.16,0.26,0.00,0.00,0.00,0.00,0.03,0.05,0.00,0.00,0.00,0.03,0.14,0.29,456151,954941,2062411,750798,1575608,2362398,0,0,0,0,0,0,0,272084,0,368.57,407.91,465.63
252,1,29,58,93,4545,4545,4545,92734,92734,92734,591,591,591,0.13,0.43,0.63,0.05,0.17,0.24,0.03,0.13,0.22,0.00,0.00,0.00,0.00,0.02,0.04,0.00,0.00,0.00,0.02,0.12,0.21,335449,464372,765245,814137,1093141,1218624,0,0,0,0,0,0,0,271667,0,325.29,386.51,430.35
252,2,30,72,100,4550,4550,4550,92729,92729,92729,591,591,591,0.14,0.52,0.80,0.05,0.21,0.29,0.03,0.15,0.24,0.00,0.00,0.00,0.00,0.02,0.04,0.00,0.00,0.00,0.02,0.16,0.24,269021,413356,773124,712696,1004386,1480730,0,0,0,0,0,0,0,298149,0,338.67,370.39,386.27
252,3,33,75,100,4529,4529,4529,92750,92750,92750,591,591,591,0.14,0.56,0.80,0.05,0.21,0.29,0.03,0.16,0.25,0.00,0.00,0.00,0.00,0.02,0.04,0.00,0.00,0.00,0.02,0.17,0.27,258581,386073,461110,657730,978987,1388886,0,0,0,0,0,0,0,300379,0,351.29,375.84,394.22
253,0,73,93,100,4544,4544,4544,92735,92735,92735,591,591,591,0.59,0.76,0.86,0.24,0.27,0.32,0.12,0.21,0.28,0.00,0.00,0.00,0.03,0.04,0.05,0.00,0.00,0.00,0.19,0.22,0.27,463872,552484,809212,615868,899471,1405228,0,0,0,0,0,0,0,400235,0,348.62,393.98,476.94
253,1,32,73,100,4545,4545,4545,92734,92734,92734,591,591,591,0.23,0.55,0.81,0.10,0.20,0.28,0.03,0.15,0.26,0.00,0.00,0.00,0.01,0.02,0.04,0.00,0.00,0.00,0.07,0.17,0.25,330197,417611,599972,733772,1067523,1671658,0,0,0,0,0,0,0,382554,0,339.80,381.51,406.89
253,2,28,53,100,4550,4550,4550,92729,92729,92729,591,591,591,0.26,0.42,0.75,0.10,0.16,0.28,0.08,0.12,0.22,0.00,0.00,0.00,0.01,0.02,0.03,0.00,0.00,0.00,0.06,0.12,0.23,337928,473268,712850,773157,1194929,1553977,0,0,0,0,0,0,0,283449,0,343.26,368.35,397.79
253,3,30,52,93,4529,4529,4529,92750,92750,92750,591,591,591,0.14,0.42,0.67,0.05,0.17,0.30,0.03,0.12,0.20,0.00,0.00,0.00,0.00,0.02,0.03,0.00,0.00,0.00,0.02,0.12,0.24,319582,415618,715453,898906,1110542,1359535,0,0,0,0,0,0,0,267449,0,335.51,371.46,407.85
254,0,31,59,100,4544,4544,4544,92735,92735,92735,591,591,591,0.13,0.44,0.85,0.05,0.16,0.31,0.03,0.13,0.30,0.00,0.00,0.00,0.00,0.02,0.06,0.00,0.00,0.00,0.02,0.10,0.19,466477,640986,838440,718060,1256841,1580276,0,0,0,0,0,0,0,230239,0,322.54,391.93,499.67
254,1,27,59,100,4545,4545,4545,92734,92734,92734,591,591,591,0.17,0.39,0.62,0.07,0.16,0.25,0.05,0.11,0.19,0.00,0.00,0.00,0.01,0.01,0.02,0.00,0.00,0.00,0.04,0.12,0.20,338081,652880,1128089,1022082,1299196,1827896,0,0,0,0,0,0,0,254186,0,343.69,370.71,426.48
254,2,31,63,97,4550,4550,4550,92729,92729,92729,591,591,591,0.14,0.44,0.81,0.05,0.18,0.32,0.03,0.12,0.25,0.00,0.00,0.00,0.00,0.02,0.05,0.00,0.00,0.00,0.02,0.13,0.26,338073,556613,1367966,647319,1241634,2298288,0,0,0,0,0,0,0,218525,0,339.63,374.29,422.68
254,3,29,79,100,4529,4529,4529,92750,92750,92750,591,591,591,0.27,0.60,0.82,0.10,0.22,0.31,0.08,0.18,0.28,0.00,0.00,0.00,0.01,0.03,0.04,0.00,0.00,0.00,0.06,0.17,0.24,311787,514008,1126784,626344,1020836,1504126,0,0,0,0,0,0,0,335225,0,331.23,380.86,413.15
255,0,67,89,100,4544,4544,4544,92735,92735,92735,591,591,591,0.36,0.71,0.84,0.13,0.26,0.33,0.11,0.22,0.28,0.00,0.00,0.00,0.02,0.04,0.05,0.00,0.00,0.00,0.07,0.18,0.27,489844,912353,1354295,623438,1231154,1747970,0,0,0,0,0,0,0,259673,0,337.12,424.16,495.24
255,1,60,74,89,4545,4545,4545,92734,92734,92734,591,591,591,0.30,0.44,0.55,0.12,0.18,0.26,0.09,0.13,0.16,0.00,0.00,0.00,0.01,0.02,0.03,0.00,0.00,0.00,0.07,0.14,0.22,508376,577618,712818,1082330,1221181,1320692,0,0,0,0,0,0,0,311520,0,327.71,337.01,355.35
255,2,84,94,100,4550,4550,4550,92729,92729,92729,591,591,591,0.78,0.82,0.89,0.25,0.29,0.33,0.21,0.26,0.30,0.00,0.00,0.00,0.03,0.05,0.06,0.00,0.00,0.00,0.19,0.21,0.25,246305,506346,830747,461467,751459,1014193,0,0,0,0,0,0,0,403204,0,349.62,401.78,486.45
255,3,38,82,100,4529,4529,4529,92750,92750,92750,591,591,591,0.16,0.62,0.89,0.06,0.24,0.35,0.03,0.18,0.28,0.00,0.00,0.00,0.00,0.03,0.06,0.00,0.00,0.00,0.04,0.18,0.27,258521,479333,568682,627089,982876,1420068,0,0,0,0,0,0,0,361438,0,387.65,394.77,412.18
256,0,30,60,100,4544,4544,4544,92735,92735,92735,591,591,591,0.13,0.46,0.85,0.05,0.15,0.25,0.03,0.13,0.29,0.00,0.00,0.00,0.00,0.02,0.05,0.00,0.00,0.00,0.02,0.11,0.18,461261,652478,1016652,597509,1237718,1792242,0,0,0,0,0,0,0,299905,0,299.05,335.25,397.86
256,1,32,64,100,4545,4545,4545,92734,92734,92734,591,591,591,0.14,0.51,0.82,0.05,0.18,0.27,0.03,0.15,0.26,0.00,0.00,0.00,0.00,0.03,0.04,0.00,0.00,0.00,0.02,0.13,0.22,337953,370542,469140,605353,945981,1278459,0,0,0,0,0,0,0,225991,0,351.52,368.91,386.46
256,2,32,62,100,4548,4548,4550,92729,92730,92731,591,591,591,0.16,0.47,0.85,0.06,0.16,0.26,0.03,0.13,0.29,0.00,0.00,0.00,0.00,0.02,0.05,0.00,0.00,0.00,0.03,0.11,0.21,338068,404105,610626,469100,1100148,1609118,0,0,0,0,0,0,0,273629,0,344.26,380.84,466.52
256,3,34,66,100,4529,4529,4529,92750,92750,92750,591,591,591,0.15,0.47,0.84,0.06,0.16,0.25,0.03,0.14,0.28,0.00,0.00,0.00,0.00,0.02,0.05,0.00,0.00,0.00,0.03,0.12,0.21,319723,454943,697085,815013,1147320,1357530,0,0,0,0,0,0,0,272891,0,347.95,381.37,438.86
257,0,27,64,100,4544,4544,4544,92735,92735,92735,591,591,591,0.12,0.50,0.85,0.05,0.19,0.31,0.03,0.13,0.26,0.00,0.00,0.00,0.00,0.02,0.05,0.00,0.00,0.00,0.02,0.15,0.28,471725,665633,885744,815005,1197095,1614265,0,0,0,0,0,0,0,261667,0,367.03,426.14,481.14
257,1,26,52,100,4545,4545,4545,92734,92734,92734,591,591,591,0.21,0.46,0.78,0.08,0.19,0.28,0.04,0.13,0.25,0.00,0.00,0.00,0.01,0.02,0.03,0.00,0.00,0.00,0.05,0.15,0.23,133655,487920,911239,752142,1059334,1405668,0,0,0,0,0,0,0,287027,0,375.69,399.88,413.12
257,2,31,79,100,4548,4548,4548,92731,92731,92731,591,591,591,0.14,0.68,0.87,0.05,0.26,0.34,0.03,0.20,0.31,0.00,0.00,0.00,0.00,0.04,0.06,0.00,0.00,0.00,0.02,0.18,0.30,327585,617952,1289391,463860,987465,2190918,0,0,0,0,0,0,0,357083,0,381.28,449.47,500.36
257,3,30,78,100,4529,4529,4529,92750,92750,92750,591,591,591,0.28,0.61,0.85,0.10,0.23,0.33,0.07,0.18,0.29,0.00,0.00,0.00,0.01,0.03,0.05,0.00,0.00,0.00,0.08,0.18,0.26,351181,628951,1163592,463874,1117964,1719182,0,0,0,0,0,0,0,366684,0,386.57,430.17,465.24
258,0,40,75,100,4544,4544,4544,92735,92735,92735,591,591,591,0.17,0.57,0.88,0.07,0.22,0.35,0.03,0.18,0.28,0.00,0.00,0.00,0.00,0.03,0.05,0.00,0.00,0.00,0.04,0.15,0.25,474348,856053,2261679,746902,1390741,3032171,0,0,0,0,0,0,0,319909,0,368.54,384.45,409.04
258,1,30,53,72,4545,4545,4545,92734,92734,92734,591,591,591,0.26,0.32,0.38,0.09,0.12,0.16,0.07,0.09,0.10,0.00,0.00,0.00,0.01,0.01,0.01,0.00,0.00,0.00,0.06,0.09,0.15,351181,448118,707531,1035058,1199529,1526870,0,0,0,0,0,0,0,258086,0,322.24,338.46,359.99
258,2,32,76,100,4548,4548,4548,92731,92731,92731,591,591,591,0.14,0.56,0.85,0.05,0.19,0.29,0.03,0.16,0.29,0.00,0.00,0.00,0.00,0.03,0.05,0.00,0.00,0.00,0.02,0.14,0.23,236346,470206,969607,344092,1004835,1409948,0,0,0,0,0,0,0,371309,0,312.30,354.05,412.56
258,3,31,60,100,4529,4529,4529,92750,92750,92750,591,591,591,0.14,0.49,0.81,0.05,0.18,0.32,0.03,0.15,0.27,0.00,0.00,0.00,0.00,0.02,0.05,0.00,0.00,0.00,0.02,0.12,0.20,310286,357102,432273,541603,945068,1341356,0,0,0,0,0,0,0,284313,0,332.86,367.28,418.27
259,0,75,93,100,4544,4544,4544,92735,92735,92735,591,591,591,0.66,0.77,0.85,0.24,0.28,0.32,0.16,0.23,0.29,0.00,0.00,0.00,0.02,0.04,0.06,0.00,0.00,0.00,0.18,0.22,0.28,456844,565759,825394,617140,886595,1179490,0,0,0,0,0,0,0,397043,0,354.24,401.84,488.58
259,1,28,67,100,4545,4545,4545,92734,92734,92734,591,591,591,0.13,0.50,0.80,0.05,0.19,0.27,0.03,0.15,0.26,0.00,0.00,0.00,0.00,0.02,0.04,0.00,0.00,0.00,0.02,0.14,0.22,332840,451282,746908,613203,1065049,1294596,0,0,0,0,0,0,0,285161,0,339.50,364.22,393.56
259,2,28,71,100,4548,4548,4548,92731,92731,92731,591,591,591,0.19,0.46,0.77,0.08,0.19,0.28,0.03,0.13,0.25,0.00,0.00,0.00,0.01,0.02,0.03,0.00,0.00,0.00,0.05,0.15,0.23,338071,398862,594917,710188,965973,1404738,0,0,0,0,0,0,0,275318,0,362.78,415.51,466.89
259,3,32,64,96,4529,4529,4529,92750,92750,92750,591,591,591,0.20,0.49,0.89,0.07,0.20,0.32,0.05,0.14,0.31,0.00,0.00,0.00,0.01,0.02,0.06,0.00,0.00,0.00,0.04,0.14,0.22,324957,455464,739014,516261,1058736,1399383,0,0,0,0,0,0,0,289961,0,362.30,389.44,419.33
260,0,28,67,100,4544,4544,4544,92735,92735,92735,591,591,591,0.14,0.47,0.83,0.05,0.16,0.25,0.03,0.14,0.28,0.00,0.00,0.00,0.00,0.02,0.05,0.00,0.00,0.00,0.02,0.12,0.20,456011,486922,584412,602754,1104883,1609100,0,0,0,0,0,0,0,302766,0,338.45,373.19,440.75
260,1,49,69,100,4545,4545,4545,92734,92734,92734,591,591,591,0.29,0.47,0.70,0.11,0.19,0.30,0.09,0.13,0.18,0.00,0.00,0.00,0.01,0.02,0.03,0.00,0.00,0.00,0.07,0.14,0.27,125700,422981,721000,678256,1069703,1415783,0,0,0,0,0,0,0,331477,0,356.74,388.70,427.00
260,2,32,54,78,4548,4548,4548,92731,92731,92731,591,591,591,0.32,0.38,0.49,0.12,0.15,0.22,0.09,0.11,0.14,0.00,0.00,0.00,0.01,0.02,0.02,0.00,0.00,0.00,0.08,0.11,0.19,335451,628972,1168860,974856,1330799,1682529,0,0,0,0,0,0,0,242495,0,321.95,330.42,344.40
260,3,32,78,100,4529,4529,4529,92750,92750,92750,591,591,591,0.14,0.58,0.84,0.05,0.20,0.32,0.03,0.17,0.28,0.00,0.00,0.00,0.00,0.03,0.05,0.00,0.00,0.00,0.02,0.16,0.26,319760,472238,815010,516334,973283,1294636,0,0,0,0,0,0,0,306110,0,328.58,354.38,405.29
261,0,34,66,94,4544,4544,4544,92735,92735,92735,591,591,591,0.20,0.54,0.78,0.08,0.22,0.34,0.06,0.15,0.26,0.00,0.00,0.00,0.01,0.02,0.04,0.00,0.00,0.00,0.04,0.17,0.26,516236,691196,985419,946019,1223837,1661584,0,0,0,0,0,0,0,263489,0,404.81,411.95,419.11
261,1,26,75,100,4545,4545,4545,92734,92734,92734,591,591,591,0.23,0.62,0.84,0.09,0.24,0.31,0.04,0.19,0.30,0.00,0.00,0.00,0.01,0.03,0.06,0.00,0.00,0.00,0.06,0.18,0.26,315526,465346,665464,576557,949984,1492096,0,0,0,0,0,0,0,351898,0,336.36,384.37,415.11
261,2,29,67,100,4548,4548,4548,92731,92731,92731,591,591,591,0.13,0.56,0.80,0.05,0.22,0.34,0.03,0.16,0.25,0.00,0.00,0.00,0.00,0.02,0.04,0.00,0.00,0.00,0.02,0.17,0.26,338011,405503,581701,647199,984623,1320618,0,0,0,0,0,0,0,343271,0,301.81,342.37,383.23
261,3,43,58,79,4529,4529,4529,92750,92750,92750,591,591,591,0.31,0.43,0.63,0.11,0.18,0.26,0.08,0.13,0.18,0.00,0.00,0.00,0.01,0.02,0.02,0.00,0.00,0.00,0.09,0.13,0.24,322342,433303,705950,851593,1075629,1244300,0,0,0,0,0,0,0,276095,0,382.68,410.64,425.32
262,0,34,64,100,4544,4544,4544,92735,92735,92735,591,591,591,0.15,0.56,0.85,0.05,0.17,0.25,0.03,0.15,0.28,0.00,0.00,0.00,0.00,0.03,0.05,0.00,0.00,0.00,0.02,0.12,0.20,505597,1021337,2526292,644587,1645205,3011110,0,0,0,0,0,0,0,314973,0,325.55,351.67,383.25
262,1,32,72,100,4545,4545,4545,92734,92734,92734,591,591,591,0.14,0.56,0.84,0.05,0.20,0.32,0.03,0.16,0.28,0.00,0.00,0.00,0.00,0.03,0.05,0.00,0.00,0.00,0.02,0.15,0.26,338071,510675,904996,618485,1055600,1907830,0,0,0,0,0,0,0,387776,0,370.53,388.92,412.83
262,2,31,68,100,4546,4546,4548,92731,92732,92733,591,591,591,0.14,0.52,0.92,0.05,0.18,0.32,0.03,0.15,0.33,0.00,0.00,0.00,0.00,0.03,0.07,0.00,0.00,0.00,0.02,0.12,0.19,355263,495066,623642,492700,1106775,1573955,0,0,0,0,0,0,0,250263,0,331.65,368.62,422.36
262,3,30,64,100,4529,4529,4529,92750,92750,92750,591,591,591,0.14,0.43,0.69,0.05,0.17,0.25,0.03,0.12,0.21,0.00,0.00,0.00,0.00,0.02,0.03,0.00,0.00,0.00,0.03,0.13,0.23,319648,394998,562542,935571,1091869,1226456,0,0,0,0,0,0,0,302569,0,330.92,354.65,380.19
263,0,38,60,100,4544,4544,4544,92735,92735,92735,591,591,591,0.34,0.34,0.36,0.12,0.17,0.31,0.09,0.12,0.22,0.00,0.00,0.00,0.01,0.02,0.04,0.00,0.00,0.00,0.08,0.13,0.24,442865,735343,1333902,974879,1386816,1590724,0,0,0,0,0,0,0,239837,0,322.90,383.61,422.31
263,1,29,66,100,4545,4545,4545,92734,92734,92734,591,591,591,0.14,0.48,0.81,0.05,0.18,0.30,0.03,0.15,0.27,0.00,0.00,0.00,0.00,0.02,0.04,0.00,0.00,0.00,0.02,0.13,0.21,359040,487967,801937,571283,1092297,1716566,0,0,0,0,0,0,0,230734,0,382.62,427.94,480.50
263,2,32,72,100,4546,4546,4546,92733,92733,92733,591,591,591,0.14,0.64,0.86,0.05,0.24,0.33,0.03,0.19,0.29,0.00,0.00,0.00,0.00,0.03,0.05,0.00,0.00,0.00,0.02,0.17,0.28,330149,427670,728495,461244,841712,1635183,0,0,0,0,0,0,0,324391,0,370.65,437.33,486.71
263,3,31,62,100,4529,4529,4529,92750,92750,92750,591,591,591,0.13,0.44,0.67,0.05,0.18,0.27,0.03,0.14,0.20,0.00,0.00,0.00,0.00,0.02,0.03,0.00,0.00,0.00,0.02,0.13,0.21,322344,362180,416693,791446,1010542,1299874,0,0,0,0,0,0,0,271665,0,328.21,358.06,383.00
264,0,28,56,76,4544,4544,4544,92735,92735,92735,591,591,591,0.24,0.39,0.63,0.09,0.16,0.25,0.06,0.11,0.17,0.00,0.00,0.00,0.01,0.02,0.02,0.00,0.00,0.00,0.06,0.12,0.24,314484,451797,558159,943453,1174046,1391548,0,0,0,0,0,0,0,317563,0,293.82,325.12,337.37
264,1,28,67,100,4545,4545,4545,92734,92734,92734,591,591,591,0.13,0.49,0.83,0.05,0.19,0.31,0.03,0.14,0.22,0.00,0.00,0.00,0.00,0.02,0.03,0.00,0.00,0.00,0.02,0.15,0.25,141487,539373,888416,484726,1093302,1522624,0,0,0,0,0,0,0,277024,0,383.62,403.11,425.70
264,2,56,86,100,4546,4546,4546,92733,92733,92733,591,591,591,0.25,0.70,0.90,0.11,0.26,0.35,0.03,0.21,0.32,0.00,0.00,0.00,0.01,0.04,0.07,0.00,0.00,0.00,0.08,0.19,0.27,374758,782361,1423071,540713,1202474,1748045,0,0,0,0,0,0,0,388734,0,370.91,394.53,457.98
264,3,31,58,88,4529,4529,4529,92750,92750,92750,591,591,591,0.14,0.45,0.56,0.05,0.18,0.26,0.03,0.13,0.18,0.00,0.00,0.00,0.00,0.02,0.03,0.00,0.00,0.00,0.02,0.13,0.22,341408,530560,956512,830764,1238366,1548846,0,0,0,0,0,0,0,289206,0,331.43,361.28,390.07
265,0,27,66,100,4544,4544,4544,92735,92735,92735,591,591,591,0.13,0.54,0.90,0.05,0.21,0.33,0.03,0.17,0.32,0.00,0.00,0.00,0.00,0.03,0.07,0.00,0.00,0.00,0.02,0.14,0.23,455118,974123,2169558,1092796,1500007,2518050,0,0,0,0,0,0,0,250837,0,367.89,386.78,406.88
265,1,23,69,100,4545,4545,4545,92734,92734,92734,591,591,591,0.12,0.54,0.81,0.05,0.21,0.29,0.03,0.16,0.24,0.00,0.00,0.00,0.00,0.02,0.04,0.00,0.00,0.00,0.02,0.16,0.24,351206,415382,529381,708965,943902,1271040,0,0,0,0,0,0,0,296890,0,346.24,378.96,404.32
265,2,23,52,100,4544,4544,4546,92733,92734,92735,591,591,591,0.13,0.44,0.84,0.05,0.15,0.26,0.03,0.13,0.28,0.00,0.00,0.00,0.00,0.02,0.05,0.00,0.00,0.00,0.02,0.11,0.20,220144,440256,660387,497932,1050512,1362704,0,0,0,0,0,0,0,278228,0,299.42,350.33,441.87
265,3,26,61,100,4529,4529,4529,92750,92750,92750,591,591,591,0.27,0.43,0.80,0.12,0.17,0.28,0.07,0.13,0.26,0.00,0.00,0.00,0.01,0.02,0.04,0.00,0.00,0.00,0.09,0.13,0.23,230626,402523,641978,842135,1027468,1347067,0,0,0,0,0,0,0,230192,0,328.62,361.29,382.72
266,0,59,88,100,4542,4542,4542,92737,92737,92737,591,591,591,0.12,0.65,0.86,0.05,0.22,0.31,0.02,0.18,0.28,0.00,0.00,0.00,0.00,0.03,0.05,0.00,0.00,0.00,0.03,0.17,0.25,471642,547675,694471,670900,972175,1320807,0,0,0,0,0,0,0,403430,0,298.13,359.31,456.15
266,1,28,61,100,4545,4545,4545,92734,92734,92734,591,591,591,0.12,0.47,0.83,0.04,0.17,0.31,0.03,0.13,0.27,0.00,0.00,0.00,0.00,0.02,0.04,0.00,0.00,0.00,0.02,0.13,0.25,327589,368986,442890,537222,942916,1260535,0,0,0,0,0,0,0,280085,0,341.90,355.03,365.23
266,2,34,76,100,4544,4544,4544,92735,92735,92735,591,591,591,0.23,0.59,0.84,0.10,0.23,0.34,0.08,0.17,0.28,0.00,0.00,0.00,0.01,0.03,0.05,0.00,0.00,0.00,0.06,0.17,0.30,327555,440270,773143,458578,878961,1360208,0,0,0,0,0,0,0,203541,0,399.39,425.13,451.10
266,3,31,75,100,4529,4529,4529,92750,92750,92750,591,591,591,0.14,0.52,0.71,0.05,0.21,0.29,0.03,0.16,0.22,0.00,0.00,0.00,0.00,0.02,0.04,0.00,0.00,0.00,0.02,0.16,0.26,343305,446035,584407,788815,1018912,1328713,0,0,0,0,0,0,0,211057,0,307.77,338.35,382.91
267,0,27,53,100,4542,4542,4542,92737,92737,92737,591,591,591,0.28,0.48,0.74,0.11,0.19,0.28,0.08,0.14,0.21,0.00,0.00,0.00,0.01,0.02,0.03,0.00,0.00,0.00,0.06,0.15,0.22,456055,562378,783629,878038,1164552,1338613,0,0,0,0,0,0,0,267586,0,335.12,399.87,469.60
267,1,30,59,95,4545,4545,4545,92734,92734,92734,591,591,591,0.13,0.44,0.75,0.05,0.18,0.33,0.03,0.13,0.25,0.00,0.00,0.00,0.00,0.02,0.04,0.00,0.00,0.00,0.02,0.12,0.23,141499,410392,691820,767851,1070261,1305030,0,0,0,0,0,0,0,300461,0,355.44,410.24,461.55
267,2,32,60,100,4544,4544,4544,92735,92735,92735,591,591,591,0.15,0.45,0.85,0.05,0.16,0.28,0.03,0.13,0.28,0.00,0.00,0.00,0.00,0.02,0.06,0.00,0.00,0.00,0.02,0.11,0.19,332822,608007,1478093,628975,1301448,1774235,0,0,0,0,0,0,0,224140,0,327.93,343.77,391.02
267,3,32,67,100,4529,4529,4529,92750,92750,92750,591,591,591,0.15,0.51,0.80,0.05,0.20,0.31,0.03,0.15,0.27,0.00,0.00,0.00,0.00,0.02,0.04,0.00,0.00,0.00,0.03,0.14,0.25,322339,520977,1056152,673355,1104850,1905268,0,0,0,0,0,0,0,306936,0,346.43,368.58,381.02
268,0,26,68,100,4542,4542,4542,92737,92737,92737,591,591,591,0.18,0.41,0.60,0.07,0.15,0.23,0.05,0.11,0.17,0.00,0.00,0.00,0.01,0.01,0.02,0.00,0.00,0.00,0.04,0.12,0.19,340684,770462,1787247,878790,1507081,2510532,0,0,0,0,0,0,0,237270,0,325.68,347.95,382.16
268,1,95,97,100,4545,4545,4545,92734,92734,92734,591,591,591,0.72,0.81,0.88,0.25,0.30,0.35,0.17,0.25,0.27,0.00,0.00,0.00,0.02,0.04,0.06,0.00,0.00,0.00,0.19,0.22,0.30,336268,566156,972177,534547,794097,1129402,0,0,0,0,0,0,0,384218,0,361.89,419.50,505.91
268,2,54,88,100,4544,4544,4544,92735,92735,92735,591,591,591,0.27,0.66,0.85,0.11,0.23,0.31,0.08,0.19,0.29,0.00,0.00,0.00,0.01,0.03,0.05,0.00,0.00,0.00,0.07,0.19,0.28,359039,485442,686457,663023,794022,951333,0,0,0,0,0,0,0,324355,0,352.34,417.30,454.35
268,3,31,67,100,4529,4529,4529,92750,92750,92750,591,591,591,0.14,0.47,0.80,0.05,0.18,0.30,0.03,0.13,0.26,0.00,0.00,0.00,0.00,0.02,0.04,0.00,0.00,0.00,0.02,0.15,0.27,367528,441717,628957,767725,1060352,1261932,0,0,0,0,0,0,0,294298,0,369.70,373.79,377.23
269,0,37,53,73,4542,4542,4542,92737,92737,92737,591,591,591,0.16,0.34,0.65,0.06,0.15,0.25,0.03,0.11,0.17,0.00,0.00,0.00,0.00,0.01,0.02,0.00,0.00,0.00,0.03,0.11,0.24,463852,545763,683986,1001083,1257494,1561900,0,0,0,0,0,0,0,258767,0,317.83,335.39,355.34
269,1,29,57,100,4543,4543,4545,92734,92735,92736,591,591,591,0.13,0.38,0.83,0.05,0.13,0.25,0.03,0.11,0.27,0.00,0.00,0.00,0.00,0.02,0.05,0.00,0.00,0.00,0.02,0.09,0.19,454249,616735,1087599,676133,1289297,1970783,0,0,0,0,0,0,0,303152,0,314.37,379.59,486.45
269,2,27,67,98,4544,4544,4544,92735,92735,92735,591,591,591,0.31,0.48,0.73,0.12,0.19,0.29,0.09,0.14,0.19,0.00,0.00,0.00,0.01,0.02,0.03,0.00,0.00,0.00,0.07,0.15,0.27,221889,417020,655145,880552,1083873,1339021,0,0,0,0,0,0,0,290781,0,319.34,367.29,415.17
269,3,28,64,97,4529,4529,4529,92750,92750,92750,591,591,591,0.32,0.51,0.89,0.12,0.20,0.36,0.08,0.16,0.28,0.00,0.00,0.00,0.01,0.03,0.06,0.00,0.00,0.00,0.07,0.13,0.21,211405,401309,749519,592330,972262,1656281,0,0,0,0,0,0,0,323809,0,347.00,380.24,410.19
270,0,26,53,84,4542,4542,4542,92737,92737,92737,591,591,591,0.17,0.36,0.55,0.06,0.14,0.24,0.05,0.10,0.19,0.00,0.00,0.00,0.01,0.01,0.03,0.00,0.00,0.00,0.04,0.10,0.18,442893,578613,987860,914646,1285642,1645560,0,0,0,0,0,0,0,265677,0,286.34,309.14,328.51
270,1,31,74,100,4543,4543,4543,92736,92736,92736,591,591,591,0.13,0.64,0.86,0.05,0.24,0.34,0.03,0.19,0.29,0.00,0.00,0.00,0.00,0.03,0.05,0.00,0.00,0.00,0.02,0.17,0.28,144138,398316,673396,605368,801897,1045662,0,0,0,0,0,0,0,281915,0,385.68,453.88,503.44
270,2,31,57,100,4544,4544,4544,92735,92735,92735,591,591,591,0.13,0.44,0.64,0.05,0.17,0.26,0.03,0.13,0.19,0.00,0.00,0.00,0.00,0.02,0.03,0.00,0.00,0.00,0.02,0.12,0.20,332725,561330,1399388,815019,1220135,1884194,0,0,0,0,0,0,0,287705,0,325.79,360.61,383.46
270,3,33,70,100,4523,4524,4529,92750,92754,92756,591,591,591,0.15,0.57,0.85,0.05,0.18,0.25,0.03,0.17,0.29,0.00,0.00,0.00,0.00,0.03,0.05,0.00,0.00,0.00,0.02,0.14,0.20,330204,557639,1173872,463867,1098536,1535660,0,0,0,0,0,0,0,391644,0,327.92,350.79,396.33
271,0,28,55,89,4542,4542,4542,92737,92737,92737,591,591,591,0.25,0.38,0.73,0.11,0.14,0.27,0.07,0.11,0.21,0.00,0.00,0.00,0.01,0.01,0.03,0.00,0.00,0.00,0.08,0.11,0.22,469092,515521,571279,912023,1143872,1401993,0,0,0,0,0,0,0,216487,0,299.07,323.57,339.10
271,1,26,78,100,4543,4543,4543,92736,92736,92736,591,591,591,0.13,0.61,0.83,0.05,0.22,0.33,0.03,0.17,0.27,0.00,0.00,0.00,0.00,0.03,0.05,0.00,0.00,0.00,0.02,0.18,0.28,340686,548622,704875,500547,1015967,1496429,0,0,0,0,0,0,0,387883,0,352.01,380.93,436.36
271,2,30,72,100,4544,4544,4544,92735,92735,92735,591,591,591,0.31,0.49,0.78,0.12,0.19,0.29,0.07,0.14,0.23,0.00,0.00,0.00,0.01,0.02,0.03,0.00,0.00,0.00,0.08,0.15,0.23,332810,433825,743507,880542,1111530,1305107,0,0,0,0,0,0,0,299174,0,333.79,358.52,385.83
271,3,33,67,100,4523,4523,4523,92756,92756,92756,591,591,591,0.19,0.55,0.80,0.07,0.22,0.35,0.04,0.15,0.27,0.00,0.00,0.00,0.01,0.02,0.04,0.00,0.00,0.00,0.04,0.16,0.31,353792,480947,699697,720688,1045157,1399468,0,0,0,0,0,0,0,296844,0,388.75,433.14,493.70
272,0,31,56,100,4542,4542,4542,92737,92737,92737,591,591,591,0.14,0.43,0.65,0.05,0.17,0.26,0.03,0.13,0.21,0.00,0.00,0.00,0.00,0.02,0.03,0.00,0.00,0.00,0.02,0.13,0.24,471724,1029462,2096440,1095466,1659513,2777783,0,0,0,0,0,0,0,264433,0,287.80,316.67,353.70
272,1,32,65,100,4543,4543,4543,92736,92736,92736,591,591,591,0.14,0.50,0.81,0.05,0.19,0.28,0.03,0.15,0.27,0.00,0.00,0.00,0.00,0.02,0.04,0.00,0.00,0.00,0.02,0.14,0.22,377332,594983,880149,600062,1181941,1829060,0,0,0,0,0,0,0,295699,0,383.32,411.41,473.42
272,2,20,62,100,4544,4544,4544,92735,92735,92735,591,591,591,0.13,0.45,0.78,0.05,0.18,0.28,0.03,0.13,0.24,0.00,0.00,0.00,0.00,0.02,0.03,0.00,0.00,0.00,0.03,0.14,0.23,324921,364224,416691,767677,918685,1189632,0,0,0,0,0,0,0,300537,0,335.83,358.01,376.20
272,3,37,63,100,4523,4523,4523,92756,92756,92756,591,591,591,0.18,0.42,0.70,0.07,0.17,0.28,0.05,0.12,0.23,0.00,0.00,0.00,0.01,0.02,0.03,0.00,0.00,0.00,0.04,0.13,0.23,322346,452858,817707,757309,1035702,1593481,0,0,0,0,0,0,0,245383,0,328.28,356.47,392.01
273,0,44,64,96,4542,4542,4542,92737,92737,92737,591,591,591,0.28,0.50,0.91,0.11,0.19,0.32,0.08,0.16,0.32,0.00,0.00,0.00,0.01,0.03,0.07,0.00,0.00,0.00,0.08,0.13,0.25,466408,548470,636788,642086,1102666,1532637,0,0,0,0,0,0,0,303235,0,298.41,327.85,352.30
273,1,29,71,100,4543,4543,4543,92736,92736,92736,591,591,591,0.21,0.57,0.78,0.08,0.22,0.34,0.04,0.18,0.26,0.00,0.00,0.00,0.01,0.03,0.05,0.00,0.00,0.00,0.05,0.15,0.25,340645,409687,504946,678744,934150,1283969,0,0,0,0,0,0,0,393218,0,367.27,397.94,416.69
273,2,28,65,100,4544,4544,4544,92735,92735,92735,591,591,591,0.25,0.51,0.81,0.10,0.19,0.29,0.04,0.15,0.27,0.00,0.00,0.00,0.01,0.02,0.04,0.00,0.00,0.00,0.07,0.14,0.24,223645,451972,765198,773126,1030617,1278826,0,0,0,0,0,0,0,334398,0,344.12,362.11,380.38
273,3,28,60,100,4523,4523,4523,92756,92756,92756,591,591,591,0.17,0.46,0.70,0.07,0.17,0.26,0.03,0.13,0.21,0.00,0.00,0.00,0.00,0.02,0.04,0.00,0.00,0.00,0.04,0.13,0.21,265560,575672,796703,665648,1237460,1554086,0,0,0,0,0,0,0,268819,0,293.20,352.61,398.01
274,0,30,68,100,4542,4542,4542,92737,92737,92737,591,591,591,0.14,0.43,0.85,0.05,0.15,0.25,0.03,0.12,0.29,0.00,0.00,0.00,0.00,0.02,0.05,0.00,0.00,0.00,0.02,0.11,0.21,461237,546665,723317,831640,1231870,1546101,0,0,0,0,0,0,0,309921,0,324.15,335.30,361.06
274,1,27,52,100,4543,4543,4543,92736,92736,92736,591,591,591,0.13,0.41,0.84,0.05,0.14,0.25,0.03,0.11,0.28,0.00,0.00,0.00,0.00,0.02,0.05,0.00,0.00,0.00,0.02,0.10,0.19,138895,550861,833370,799306,1199736,1758464,0,0,0,0,0,0,0,290245,0,322.57,354.14,411.31
274,2,30,62,91,4544,4544,4544,92735,92735,92735,591,591,591,0.16,0.41,0.71,0.06,0.16,0.26,0.03,0.11,0.22,0.00,0.00,0.00,0.00,0.02,0.03,0.00,0.00,0.00,0.04,0.12,0.23,322349,533569,1061353,872687,1231196,1611684,0,0,0,0,0,0,0,224134,0,337.55,368.14,405.54
274,3,31,58,97,4523,4523,4523,92756,92756,92756,591,591,591,0.14,0.45,0.92,0.05,0.18,0.32,0.03,0.13,0.33,0.00,0.00,0.00,0.00,0.02,0.07,0.00,0.00,0.00,0.02,0.12,0.27,327588,439705,699729,830764,1096864,1385603,0,0,0,0,0,0,0,273553,0,335.84,384.26,418.38
275,0,29,57,100,4542,4542,4542,92737,92737,92737,591,591,591,0.14,0.55,0.85,0.05,0.20,0.31,0.03,0.15,0.24,0.00,0.00,0.00,0.00,0.02,0.04,0.00,0.00,0.00,0.02,0.15,0.24,505807,1354231,3823567,778295,1877713,4753907,0,0,0,0,0,0,0,233090,0,401.75,442.01,480.64
275,1,40,79,100,4543,4543,4543,92736,92736,92736,591,591,591,0.22,0.66,0.86,0.08,0.25,0.35,0.06,0.20,0.29,0.00,0.00,0.00,0.01,0.03,0.05,0.00,0.00,0.00,0.04,0.17,0.27,342340,534571,868068,630228,899867,1194236,0,0,0,0,0,0,0,295727,0,414.31,466.82,522.36
275,2,30,72,100,4544,4544,4544,92735,92735,92735,591,591,591,0.13,0.48,0.76,0.05,0.19,0.28,0.03,0.15,0.25,0.00,0.00,0.00,0.00,0.02,0.03,0.00,0.00,0.00,0.02,0.14,0.22,322294,490838,634697,825432,1093084,1218429,0,0,0,0,0,0,0,269571,0,332.40,367.24,396.52
275,3,96,99,100,4523,4523,4523,92756,92756,92756,591,591,591,0.65,0.80,0.85,0.24,0.27,0.34,0.16,0.23,0.29,0.00,0.00,0.00,0.03,0.04,0.05,0.00,0.00,0.00,0.17,0.21,0.27,351075,569741,811561,463775,854237,1485743,0,0,0,0,0,0,0,394354,0,332.50,374.77,442.61
276,0,27,75,100,4542,4542,4542,92737,92737,92737,591,591,591,0.16,0.53,0.80,0.06,0.21,0.29,0.04,0.15,0.23,0.00,0.00,0.00,0.00,0.02,0.03,0.00,0.00,0.00,0.03,0.17,0.24,503004,631369,1071049,959123,1233350,1463265,0,0,0,0,0,0,0,303873,0,369.00,385.00,405.23
276,1,27,58,100,4543,4543,4543,92736,92736,92736,591,591,591,0.12,0.50,0.83,0.04,0.19,0.31,0.03,0.14,0.27,0.00,0.00,0.00,0.00,0.02,0.04,0.00,0.00,0.00,0.02,0.15,0.25,322345,438857,658673,542306,986045,1399430,0,0,0,0,0,0,0,293983,0,355.36,376.55,400.16
276,2,30,66,100,4544,4544,4544,92735,92735,92735,591,591,591,0.21,0.49,0.72,0.09,0.19,0.30,0.07,0.14,0.18,0.00,0.00,0.00,0.01,0.02,0.03,0.00,0.00,0.00,0.05,0.15,0.27,249842,379613,586878,786216,951768,1189795,0,0,0,0,0,0,0,286556,0,326.76,360.48,376.98
276,3,33,52,63,4523,4523,4523,92756,92756,92756,591,591,591,0.23,0.36,0.50,0.09,0.15,0.20,0.05,0.11,0.15,0.00,0.00,0.00,0.01,0.01,0.02,0.00,0.00,0.00,0.06,0.11,0.18,216647,365148,568691,772245,1061728,1344417,0,0,0,0,0,0,0,301747,0,325.84,392.30,460.01
277,0,34,62,100,4542,4542,4542,92737,92737,92737,591,591,591,0.15,0.47,0.74,0.05,0.18,0.32,0.03,0.14,0.25,0.00,0.00,0.00,0.00,0.02,0.04,0.00,0.00,0.00,0.02,0.12,0.22,159860,898868,2319157,718062,1562949,2665065,0,0,0,0,0,0,0,302466,0,340.73,361.20,405.55
277,1,28,64,100,4543,4543,4543,92736,92736,92736,591,591,591,0.17,0.45,0.77,0.07,0.17,0.27,0.03,0.14,0.25,0.00,0.00,0.00,0.01,0.02,0.03,0.00,0.00,0.00,0.04,0.13,0.23,138897,513107,1061302,741660,1189749,1540853,0,0,0,0,0,0,0,349817,0,334.13,385.11,424.84
277,2,28,67,100,4544,4544,4544,92735,92735,92735,591,591,591,0.12,0.41,0.73,0.05,0.16,0.30,0.03,0.11,0.20,0.00,0.00,0.00,0.00,0.02,0.03,0.00,0.00,0.00,0.02,0.12,0.27,332830,553451,1103102,815053,1257867,1818415,0,0,0,0,0,0,0,307872,0,313.04,331.44,354.52
277,3,29,53,77,4523,4523,4523,92756,92756,92756,591,591,591,0.26,0.37,0.54,0.10,0.15,0.20,0.08,0.11,0.15,0.00,0.00,0.00,0.01,0.01,0.02,0.00,0.00,0.00,0.06,0.11,0.17,319722,576007,843712,1100689,1300350,1595717,0,0,0,0,0,0,0,265279,0,320.08,324.18,327.74
278,0,34,80,100,4542,4542,4542,92737,92737,92737,591,591,591,0.15,0.60,0.83,0.05,0.23,0.34,0.03,0.18,0.28,0.00,0.00,0.00,0.00,0.03,0.05,0.00,0.00,0.00,0.02,0.17,0.30,466484,747343,1593056,791454,1216784,1752013,0,0,0,0,0,0,0,280934,0,357.61,422.81,472.17
278,1,30,61,84,4543,4543,4543,92736,92736,92736,591,591,591,0.13,0.45,0.87,0.05,0.19,0.33,0.03,0.12,0.31,0.00,0.00,0.00,0.00,0.02,0.06,0.00,0.00,0.00,0.02,0.13,0.28,466079,761515,1155718,1360121,1453328,1711187,0,0,0,0,0,0,0,260768,0,363.57,395.50,418.44
278,2,31,60,100,4544,4544,4544,92735,92735,92735,591,591,591,0.22,0.50,0.78,0.08,0.20,0.28,0.04,0.15,0.24,0.00,0.00,0.00,0.01,0.02,0.03,0.00,0.00,0.00,0.06,0.15,0.23,309215,409737,652581,775660,1024509,1292058,0,0,0,0,0,0,0,289393,0,322.92,361.70,387.41
278,3,35,60,97,4523,4523,4523,92756,92756,92756,591,591,591,0.15,0.46,0.92,0.06,0.18,0.32,0.03,0.14,0.33,0.00,0.00,0.00,0.00,0.02,0.07,0.00,0.00,0.00,0.03,0.12,0.24,320909,432111,571329,702368,1113233,1407140,0,0,0,0,0,0,0,267189,0,333.24,350.36,377.70
279,0,35,81,100,4542,4542,4542,92737,92737,92737,591,591,591,0.26,0.69,0.85,0.12,0.25,0.33,0.03,0.20,0.28,0.00,0.00,0.00,0.01,0.03,0.05,0.00,0.00,0.00,0.09,0.19,0.26,443322,646838,1011519,615800,1075164,2030900,0,0,0,0,0,0,0,406022,0,351.98,399.81,489.75
279,1,23,65,100,4543,4543,4543,92736,92736,92736,591,591,591,0.17,0.59,0.84,0.07,0.21,0.31,0.05,0.18,0.28,0.00,0.00,0.00,0.01,0.03,0.05,0.00,0.00,0.00,0.04,0.16,0.25,337962,459784,728448,471576,842575,1378287,0,0,0,0,0,0,0,352117,0,366.82,397.00,424.33
279,2,26,65,100,4544,4544,4544,92735,92735,92735,591,591,591,0.12,0.51,0.80,0.04,0.20,0.32,0.03,0.15,0.25,0.00,0.00,0.00,0.00,0.02,0.05,0.00,0.00,0.00,0.02,0.14,0.25,335442,418258,602766,678786,995332,1271050,0,0,0,0,0,0,0,331843,0,324.62,368.03,390.41
279,3,35,81,100,4523,4523,4523,92756,92756,92756,591,591,591,0.28,0.70,0.85,0.13,0.26,0.34,0.03,0.20,0.29,0.00,0.00,0.00,0.01,0.03,0.05,0.00,0.00,0.00,0.10,0.19,0.25,380000,573915,1064011,487449,983608,2093953,0,0,0,0,0,0,0,355707,0,334.07,392.91,484.65
280,0,33,52,100,4536,4539,4542,92737,92740,92743,591,591,591,0.15,0.48,0.89,0.05,0.15,0.32,0.03,0.11,0.32,0.00,0.00,0.00,0.00,0.02,0.06,0.00,0.00,0.00,0.02,0.09,0.17,442885,477614,508413,683984,1297225,1540963,0,0,0,0,0,0,0,167543,0,345.98,390.90,465.34
280,1,43,66,88,4543,4543,4543,92736,92736,92736,591,591,591,0.28,0.44,0.59,0.11,0.18,0.26,0.09,0.14,0.18,0.00,0.00,0.00,0.01,0.02,0.02,0.00,0.00,0.00,0.06,0.12,0.19,141504,633534,909316,838542,1263132,1449141,0,0,0,0,0,0,0,280170,0,327.00,346.97,364.76
280,2,31,64,100,4544,4544,4544,92735,92735,92735,591,591,591,0.15,0.51,0.83,0.05,0.17,0.25,0.03,0.15,0.27,0.00,0.00,0.00,0.00,0.03,0.05,0.00,0.00,0.00,0.02,0.13,0.20,353750,673474,1318164,508352,1291246,1671945,0,0,0,0,0,0,0,281903,0,345.79,357.36,373.05
280,3,35,61,100,4523,4523,4523,92756,92756,92756,591,591,591,0.15,0.44,0.81,0.06,0.16,0.29,0.03,0.13,0.29,0.00,0.00,0.00,0.00,0.02,0.06,0.00,0.00,0.00,0.03,0.11,0.21,319587,528010,906765,1123934,1279990,1533117,0,0,0,0,0,0,0,264710,0,363.23,409.31,483.34
281,0,36,77,100,4536,4536,4536,92743,92743,92743,591,591,591,0.28,0.52,0.85,0.11,0.21,0.32,0.08,0.19,0.29,0.00,0.00,0.00,0.01,0.03,0.05,0.00,0.00,0.00,0.08,0.16,0.26,13103,962991,2199617,141516,1355912,2437224,0,0,0,0,0,0,0,303802,0,347.08,410.13,450.18
281,1,27,70,100,4543,4543,4543,92736,92736,92736,591,591,591,0.12,0.59,0.88,0.05,0.23,0.34,0.03,0.17,0.30,0.00,0.00,0.00,0.00,0.03,0.06,0.00,0.00,0.00,0.02,0.17,0.29,330215,398339,636788,558209,907277,1155752,0,0,0,0,0,0,0,364103,0,328.84,375.90,425.58
281,2,28,51,100,4544,4544,4544,92735,92735,92735,591,591,591,0.29,0.41,0.85,0.11,0.16,0.33,0.08,0.11,0.19,0.00,0.00,0.00,0.01,0.02,0.03,0.00,0.00,0.00,0.08,0.13,0.28,330065,591906,1235298,773123,1191027,1799350,0,0,0,0,0,0,0,215133,0,315.44,380.87,411.56
281,3,30,81,100,4523,4523,4523,92756,92756,92756,591,591,591,0.20,0.70,0.89,0.07,0.26,0.36,0.05,0.21,0.31,0.00,0.00,0.00,0.01,0.04,0.06,0.00,0.00,0.00,0.04,0.19,0.31,358936,473127,660597,579014,822619,1232784,0,0,0,0,0,0,0,317292,0,366.77,420.88,482.16
282,0,35,50,68,4536,4536,4536,92743,92743,92743,591,591,591,0.29,0.31,0.32,0.10,0.12,0.14,0.08,0.09,0.11,0.00,0.00,0.00,0.01,0.01,0.01,0.00,0.00,0.00,0.07,0.09,0.13,473574,759294,1032474,1025642,1440995,1671988,0,0,0,0,0,0,0,232676,0,286.56,309.94,369.81
282,1,31,61,100,4543,4543,4543,92736,92736,92736,591,591,591,0.14,0.47,0.84,0.05,0.16,0.25,0.03,0.14,0.28,0.00,0.00,0.00,0.00,0.02,0.05,0.00,0.00,0.00,0.02,0.11,0.19,331669,395834,557999,585042,1004832,1292579,0,0,0,0,0,0,0,266293,0,354.56,379.29,422.51
282,2,29,55,92,4544,4544,4544,92735,92735,92735,591,591,591,0.26,0.40,0.72,0.11,0.16,0.27,0.09,0.12,0.21,0.00,0.00,0.00,0.01,0.02,0.03,0.00,0.00,0.00,0.07,0.12,0.22,265575,410242,749106,859587,1019466,1182800,0,0,0,0,0,0,0,255690,0,286.23,309.90,341.28
282,3,31,78,100,4523,4523,4523,92756,92756,92756,591,591,591,0.14,0.59,0.84,0.05,0.21,0.33,0.03,0.17,0.28,0.00,0.00,0.00,0.00,0.03,0.05,0.00,0.00,0.00,0.02,0.16,0.26,298686,379438,511031,531938,893030,1533094,0,0,0,0,0,0,0,372700,0,345.50,365.78,404.40
283,0,43,60,77,4536,4536,4536,92743,92743,92743,591,591,591,0.30,0.38,0.54,0.11,0.15,0.21,0.08,0.11,0.18,0.00,0.00,0.00,0.01,0.02,0.03,0.00,0.00,0.00,0.07,0.11,0.13,469112,548243,812397,972278,1236432,1428247,0,0,0,0,0,0,0,278817,0,291.01,301.99,322.70
283,1,28,64,100,4543,4543,4543,92736,92736,92736,591,591,591,0.13,0.52,0.80,0.05,0.20,0.33,0.03,0.15,0.25,0.00,0.00,0.00,0.00,0.02,0.04,0.00,0.00,0.00,0.02,0.15,0.27,327593,495807,812352,636128,1058147,1234252,0,0,0,0,0,0,0,339095,0,385.62,422.26,469.65
283,2,49,69,95,4544,4544,4544,92735,92735,92735,591,591,591,0.29,0.53,0.88,0.11,0.21,0.35,0.07,0.16,0.28,0.00,0.00,0.00,0.01,0.02,0.06,0.00,0.00,0.00,0.08,0.15,0.22,332826,613575,1128697,898893,1252334,2076698,0,0,0,0,0,0,0,319648,0,323.30,349.04,395.33
283,3,37,68,97,4523,4523,4523,92756,92756,92756,591,591,591,0.29,0.55,0.80,0.11,0.22,0.33,0.07,0.17,0.25,0.00,0.00,0.00,0.01,0.03,0.05,0.00,0.00,0.00,0.08,0.15,0.24,2620,484821,1084983,524103,1018363,1368022,0,0,0,0,0,0,0,348956,0,386.00,409.78,424.77
284,0,29,60,100,4536,4536,4536,92743,92743,92743,591,591,591,0.13,0.44,0.80,0.05,0.17,0.27,0.03,0.12,0.27,0.00,0.00,0.00,0.00,0.02,0.04,0.00,0.00,0.00,0.02,0.13,0.23,201779,816869,1836725,982692,1450699,2098740,0,0,0,0,0,0,0,306559,0,302.76,337.19,363.60
284,1,30,65,100,4543,4543,4543,92736,92736,92736,591,591,591,0.13,0.47,0.79,0.05,0.19,0.33,0.03,0.13,0.26,0.00,0.00,0.00,0.00,0.02,0.04,0.00,0.00,0.00,0.02,0.13,0.28,335443,624205,875127,862209,1227989,1630024,0,0,0,0,0,0,0,249760,0,356.07,396.11,419.56
284,2,33,67,100,4544,4544,4544,92735,92735,92735,591,591,591,0.15,0.49,0.83,0.05,0.17,0.26,0.03,0.15,0.28,0.00,0.00,0.00,0.00,0.02,0.05,0.00,0.00,0.00,0.02,0.12,0.20,330208,428742,754774,521478,1058756,1360107,0,0,0,0,0,0,0,332212,0,340.11,355.97,364.45
284,3,33,66,100,4523,4523,4523,92756,92756,92756,591,591,591,0.14,0.47,0.85,0.05,0.15,0.24,0.03,0.14,0.29,0.00,0.00,0.00,0.00,0.02,0.05,0.00,0.00,0.00,0.02,0.11,0.18,317103,378923,445324,518870,1015179,1448614,0,0,0,0,0,0,0,358876,0,326.95,344.16,366.63
285,0,30,71,100,4536,4536,4536,92743,92743,92743,591,591,591,0.14,0.52,0.70,0.05,0.20,0.29,0.03,0.15,0.21,0.00,0.00,0.00,0.00,0.02,0.03,0.00,0.00,0.00,0.02,0.16,0.27,466300,752119,1367993,1128204,1371694,1858060,0,0,0,0,0,0,0,300944,0,311.74,363.44,396.08
285,1,54,83,100,4543,4543,4543,92736,92736,92736,591,591,591,0.64,0.76,0.84,0.24,0.27,0.35,0.17,0.23,0.28,0.00,0.00,0.00,0.03,0.04,0.05,0.00,0.00,0.00,0.13,0.19,0.24,336908,438098,509217,589632,766627,1132155,0,0,0,0,0,0,0,402283,0,355.93,413.59,489.60
285,2,31,64,93,4544,4544,4544,92735,92735,92735,591,591,591,0.36,0.50,0.78,0.13,0.20,0.33,0.10,0.14,0.17,0.00,0.00,0.00,0.01,0.02,0.03,0.00,0.00,0.00,0.09,0.15,0.29,340631,463919,678763,927755,1079679,1312975,0,0,0,0,0,0,0,264631,0,355.99,407.49,431.14
285,3,29,61,100,4523,4523,4523,92756,92756,92756,591,591,591,0.13,0.47,0.83,0.05,0.19,0.32,0.03,0.13,0.25,0.00,0.00,0.00,0.00,0.02,0.04,0.00,0.00,0.00,0.02,0.13,0.24,330204,518161,847286,698855,1107399,1315382,0,0,0,0,0,0,0,255824,0,350.60,424.65,492.70
286,0,26,52,80,4536,4536,4536,92743,92743,92743,591,591,591,0.12,0.39,0.75,0.04,0.15,0.31,0.03,0.11,0.24,0.00,0.00,0.00,0.00,0.02,0.05,0.00,0.00,0.00,0.02,0.10,0.19,170337,1119031,1810756,1001058,1761613,2557595,0,0,0,0,0,0,0,167935,0,321.48,360.74,401.52
286,1,30,61,100,4537,4538,4543,92736,92740,92742,591,591,591,0.13,0.40,0.85,0.05,0.14,0.25,0.03,0.11,0.28,0.00,0.00,0.00,0.00,0.02,0.05,0.00,0.00,0.00,0.02,0.10,0.18,334560,392031,518905,544958,1028701,1446644,0,0,0,0,0,0,0,334454,0,308.96,349.73,423.79
286,2,35,68,100,4544,4544,4544,92735,92735,92735,591,591,591,0.22,0.46,0.78,0.08,0.18,0.28,0.04,0.13,0.25,0.00,0.00,0.00,0.01,0.02,0.03,0.00,0.00,0.00,0.06,0.14,0.24,0,406198,891031,466470,1087557,1425651,0,0,0,0,0,0,0,209039,0,330.00,350.31,372.17
286,3,40,79,100,4523,4523,4523,92756,92756,92756,591,591,591,0.20,0.59,0.82,0.08,0.22,0.29,0.06,0.17,0.27,0.00,0.00,0.00,0.01,0.03,0.04,0.00,0.00,0.00,0.04,0.17,0.23,0,609563,1223859,309234,1098577,1640548,0,0,0,0,0,0,0,214202,0,352.40,379.17,410.44
287,0,35,75,100,4536,4536,4536,92743,92743,92743,591,591,591,0.27,0.59,0.83,0.11,0.21,0.27,0.09,0.18,0.28,0.00,0.00,0.00,0.01,0.03,0.05,0.00,0.00,0.00,0.06,0.16,0.21,460910,999765,2574575,625753,1425241,2739747,0,0,0,0,0,0,0,308482,0,323.68,388.73,416.07
287,1,28,69,100,4537,4537,4537,92742,92742,92742,591,591,591,0.17,0.54,0.84,0.07,0.20,0.34,0.03,0.15,0.28,0.00,0.00,0.00,0.00,0.03,0.05,0.00,0.00,0.00,0.04,0.15,0.30,330195,642378,912023,927650,1123811,1230474,0,0,0,0,0,0,0,284894,0,394.24,445.49,505.60
287,2,29,67,90,4544,4544,4544,92735,92735,92735,591,591,591,0.19,0.41,0.75,0.07,0.16,0.29,0.05,0.11,0.19,0.00,0.00,0.00,0.01,0.02,0.03,0.00,0.00,0.00,0.04,0.12,0.25,327536,511125,1174541,750401,1231343,1725908,0,0,0,0,0,0,0,284287,0,325.86,345.61,362.19
287,3,33,50,66,4523,4523,4523,92756,92756,92756,591,591,591,0.23,0.36,0.56,0.09,0.14,0.21,0.07,0.10,0.16,0.00,0.00,0.00,0.01,0.01,0.02,0.00,0.00,0.00,0.05,0.11,0.17,338064,402530,542455,925127,1095431,1333936,0,0,0,0,0,0,0,253943,0,318.27,330.91,366.43
288,0,31,75,97,4536,4536,4536,92743,92743,92743,591,591,591,0.20,0.53,0.79,0.08,0.21,0.33,0.06,0.16,0.26,0.00,0.00,0.00,0.01,0.02,0.04,0.00,0.00,0.00,0.04,0.16,0.23,466484,636448,776694,883130,1198346,1428262,0,0,0,0,0,0,0,290363,0,309.30,353.65,388.16
288,1,28,70,100,4537,4537,4537,92742,92742,92742,591,591,591,0.13,0.58,0.79,0.05,0.22,0.33,0.03,0.18,0.26,0.00,0.00,0.00,0.00,0.03,0.04,0.00,0.00,0.00,0.02,0.16,0.25,319722,441927,565996,702321,963959,1247953,0,0,0,0,0,0,0,294801,0,389.48,403.33,418.20
288,2,30,63,100,4544,4544,4544,92735,92735,92735,591,591,591,0.14,0.53,0.82,0.05,0.20,0.33,0.03,0.16,0.27,0.00,0.00,0.00,0.00,0.03,0.05,0.00,0.00,0.00,0.02,0.14,0.21,327581,478539,891043,678770,1059983,1785581,0,0,0,0,0,0,0,309662,0,340.03,368.91,400.91
288,3,30,72,100,4523,4523,4523,92756,92756,92756,591,591,591,0.14,0.47,0.76,0.05,0.18,0.31,0.03,0.14,0.24,0.00,0.00,0.00,0.00,0.02,0.04,0.00,0.00,0.00,0.02,0.13,0.22,0,495650,1103307,718059,1137185,2033650,0,0,0,0,0,0,0,297350,0,337.72,355.13,376.04
289,0,21,39,80,4536,4536,4536,92743,92743,92743,591,591,591,0.12,0.30,0.50,0.05,0.11,0.18,0.02,0.08,0.17,0.00,0.00,0.00,0.00,0.01,0.03,0.00,0.00,0.00,0.02,0.08,0.15,7862,713477,1936690,767862,1442671,2704553,0,0,0,0,0,0,0,268561,0,315.72,346.50,370.52
289,1,32,83,100,4537,4537,4537,92742,92742,92742,591,591,591,0.30,0.69,0.84,0.15,0.24,0.32,0.03,0.19,0.28,0.00,0.00,0.00,0.01,0.03,0.05,0.00,0.00,0.00,0.12,0.20,0.29,318365,439728,736607,508150,841906,1222114,0,0,0,0,0,0,0,313615,0,356.50,375.12,418.23
289,2,0,35,100,4544,4544,4544,92735,92735,92735,591,591,591,0.00,0.26,0.82,0.00,0.10,0.29,0.00,0.06,0.24,0.00,0.00,0.00,0.00,0.01,0.04,0.00,0.00,0.00,0.00,0.09,0.24,332861,395747,539842,343344,500574,862175,0,0,0,0,0,0,0,132476,0,284.66,326.12,360.75
289,3,30,77,100,4523,4523,4523,92756,92756,92756,591,591,591,0.35,0.66,0.84,0.13,0.25,0.32,0.11,0.20,0.28,0.00,0.00,0.00,0.02,0.03,0.05,0.00,0.00,0.00,0.08,0.19,0.26,327548,427816,628959,479561,799292,1098112,0,0,0,0,0,0,0,296132,0,348.71,410.59,455.31
290,0,36,80,100,4536,4536,4536,92743,92743,92743,591,591,591,0.29,0.61,0.83,0.12,0.22,0.33,0.09,0.18,0.27,0.00,0.00,0.00,0.01,0.03,0.05,0.00,0.00,0.00,0.07,0.17,0.30,447845,721192,1263433,610222,1154627,1781970,0,0,0,0,0,0,0,294510,0,324.56,390.41,426.33
290,1,26,58,98,4537,4537,4537,92742,92742,92742,591,591,591,0.13,0.37,0.64,0.05,0.14,0.24,0.02,0.11,0.18,0.00,0.00,0.00,0.00,0.01,0.02,0.00,0.00,0.00,0.03,0.11,0.19,353790,619512,1132180,843856,1316054,1808343,0,0,0,0,0,0,0,269454,0,328.88,389.41,436.68
290,2,0,25,52,4544,4544,4544,92735,92735,92735,591,591,591,0.00,0.17,0.30,0.00,0.07,0.12,0.00,0.05,0.10,0.00,0.00,0.00,0.00,0.01,0.01,0.00,0.00,0.00,0.00,0.05,0.08,309247,357465,411447,324971,727496,1134681,0,0,0,0,0,0,0,215072,0,151.90,187.85,223.24
290,3,35,66,100,4523,4523,4523,92756,92756,92756,591,591,591,0.16,0.44,0.81,0.06,0.17,0.30,0.03,0.13,0.22,0.00,0.00,0.00,0.00,0.02,0.03,0.00,0.00,0.00,0.04,0.12,0.24,314704,457983,704900,728451,1096761,1635160,0,0,0,0,0,0,0,306694,0,343.49,367.94,383.66
291,0,34,55,79,4536,4536,4536,92743,92743,92743,591,591,591,0.24,0.42,0.56,0.09,0.17,0.22,0.04,0.12,0.19,0.00,0.00,0.00,0.01,0.02,0.03,0.00,0.00,0.00,0.06,0.12,0.18,465114,623687,961111,994381,1348803,1757475,0,0,0,0,0,0,0,276572,0,317.37,345.32,382.05
291,1,46,52,59,4537,4537,4537,92742,92742,92742,591,591,591,0.28,0.31,0.33,0.11,0.12,0.14,0.08,0.09,0.10,0.00,0.00,0.00,0.01,0.01,0.01,0.00,0.00,0.00,0.08,0.09,0.13,338069,432929,752107,801938,1116919,1679793,0,0,0,0,0,0,0,239730,0,288.68,305.29,331.25
291,2,27,55,95,4542,4543,4544,92735,92735,92737,591,591,591,0.15,0.45,0.89,0.05,0.18,0.34,0.03,0.14,0.29,0.00,0.00,0.00,0.00,0.02,0.06,0.00,0.00,0.00,0.02,0.11,0.19,320586,568509,879498,956415,1211597,1711340,0,0,0,0,0,0,0,234050,0,249.68,323.10,368.93
291,3,33,60,96,4523,4523,4523,92756,92756,92756,591,591,591,0.28,0.50,0.80,0.12,0.20,0.33,0.10,0.15,0.26,0.00,0.00,0.00,0.01,0.02,0.05,0.00,0.00,0.00,0.08,0.14,0.23,248093,406551,712825,959178,1044070,1218611,0,0,0,0,0,0,0,259899,0,337.69,361.23,397.54
292,0,40,71,100,4536,4536,4536,92743,92743,92743,591,591,591,0.24,0.51,0.80,0.09,0.20,0.27,0.07,0.16,0.27,0.00,0.00,0.00,0.01,0.02,0.04,0.00,0.00,0.00,0.06,0.16,0.22,262035,938738,2075627,919744,1475439,2591914,0,0,0,0,0,0,0,232927,0,345.43,366.91,376.24
292,1,29,65,100,4537,4537,4537,92742,92742,92742,591,591,591,0.13,0.42,0.80,0.05,0.16,0.27,0.03,0.12,0.26,0.00,0.00,0.00,0.00,0.02,0.04,0.00,0.00,0.00,0.02,0.11,0.22,334133,409776,560748,605366,1096026,1338962,0,0,0,0,0,0,0,294387,0,307.44,336.36,381.57
292,2,34,71,100,4542,4542,4542,92737,92737,92737,591,591,591,0.19,0.64,0.85,0.08,0.22,0.28,0.03,0.18,0.29,0.00,0.00,0.00,0.00,0.03,0.05,0.00,0.00,0.00,0.05,0.17,0.21,272551,558197,1043050,518787,995674,2038928,0,0,0,0,0,0,0,396852,0,330.07,387.75,466.27
292,3,32,77,100,4523,4523,4523,92756,92756,92756,591,591,591,0.14,0.62,0.83,0.05,0.22,0.36,0.03,0.18,0.28,0.00,0.00,0.00,0.00,0.03,0.05,0.00,0.00,0.00,0.02,0.18,0.31,327584,522544,809768,537221,1016793,1779394,0,0,0,0,0,0,0,369998,0,325.73,364.07,419.91
293,0,28,67,100,4536,4536,4536,92743,92743,92743,591,591,591,0.12,0.50,0.81,0.04,0.20,0.33,0.03,0.15,0.25,0.00,0.00,0.00,0.00,0.02,0.05,0.00,0.00,0.00,0.02,0.14,0.23,471564,747395,1250064,854345,1307136,1879028,0,0,0,0,0,0,0,334158,0,301.49,349.93,398.81
293,1,39,67,100,4537,4537,4537,92742,92742,92742,591,591,591,0.16,0.55,0.72,0.06,0.23,0.33,0.03,0.16,0.23,0.00,0.00,0.00,0.00,0.02,0.03,0.00,0.00,0.00,0.04,0.18,0.27,348547,571791,786103,948684,1160891,1297070,0,0,0,0,0,0,0,372728,0,379.28,402.39,428.07
293,2,28,61,100,4542,4542,4542,92737,92737,92737,591,591,591,0.13,0.43,0.75,0.05,0.17,0.29,0.03,0.13,0.25,0.00,0.00,0.00,0.00,0.02,0.05,0.00,0.00,0.00,0.02,0.12,0.22,427257,588571,961771,888395,1222201,1674582,0,0,0,0,0,0,0,287093,0,325.84,381.31,423.97
293,3,32,59,97,4521,4522,4523,92756,92756,92758,591,591,591,0.14,0.43,0.81,0.05,0.17,0.33,0.03,0.12,0.25,0.00,0.00,0.00,0.00,0.02,0.05,0.00,0.00,0.00,0.02,0.10,0.20,322345,435002,644687,780976,1148357,1320838,0,0,0,0,0,0,0,222911,0,329.97,404.94,481.99
294,0,27,65,100,4536,4536,4536,92743,92743,92743,591,591,591,0.12,0.52,0.84,0.05,0.18,0.28,0.03,0.15,0.27,0.00,0.00,0.00,0.00,0.03,0.05,0.00,0.00,0.00,0.02,0.14,0.22,461239,509005,619200,621767,1050498,1409463,0,0,0,0,0,0,0,332142,0,325.26,349.02,390.16
294,1,28,60,100,4537,4537,4537,92742,92742,92742,591,591,591,0.13,0.45,0.86,0.05,0.16,0.31,0.03,0.13,0.30,0.00,0.00,0.00,0.00,0.02,0.06,0.00,0.00,0.00,0.02,0.11,0.20,324964,436598,652534,552963,1058214,1409923,0,0,0,0,0,0,0,272127,0,342.96,376.67,419.12
294,2,28,65,100,4542,4542,4542,92737,92737,92737,591,591,591,0.16,0.52,0.82,0.07,0.19,0.29,0.03,0.15,0.27,0.00,0.00,0.00,0.00,0.02,0.04,0.00,0.00,0.00,0.04,0.15,0.23,330213,435419,716278,742871,980867,1210782,0,0,0,0,0,0,0,355401,0,334.63,361.98,375.32
294,3,32,84,100,4521,4521,4521,92758,92758,92758,591,591,591,0.26,0.67,0.85,0.09,0.22,0.28,0.07,0.20,0.28,0.00,0.00,0.00,0.01,0.03,0.05,0.00,0.00,0.00,0.06,0.17,0.21,330170,409075,659844,460262,727191,1139998,0,0,0,0,0,0,0,367982,0,328.91,400.96,452.23
295,0,27,60,87,4536,4536,4536,92743,92743,92743,591,591,591,0.12,0.38,0.52,0.05,0.16,0.24,0.03,0.11,0.18,0.00,0.00,0.00,0.00,0.01,0.03,0.00,0.00,0.00,0.02,0.12,0.22,175582,886549,1941297,634194,1490483,2766545,0,0,0,0,0,0,0,281031,0,303.04,377.50,419.55
295,1,51,72,100,4537,4537,4537,92742,92742,92742,591,591,591,0.20,0.55,0.84,0.07,0.21,0.33,0.04,0.16,0.28,0.00,0.00,0.00,0.01,0.02,0.05,0.00,0.00,0.00,0.05,0.16,0.30,222938,481136,772834,676129,970471,1464932,0,0,0,0,0,0,0,292277,0,368.43,413.86,440.99
295,2,28,61,89,4542,4542,4542,92737,92737,92737,591,591,591,0.12,0.41,0.61,0.04,0.16,0.25,0.02,0.12,0.19,0.00,0.00,0.00,0.00,0.02,0.03,0.00,0.00,0.00,0.02,0.13,0.23,220019,900952,2104320,880545,1545727,2869527,0,0,0,0,0,0,0,261535,0,314.57,363.99,407.87
295,3,56,75,96,4521,4521,4521,92758,92758,92758,591,591,591,0.33,0.49,0.74,0.12,0.20,0.29,0.09,0.15,0.22,0.00,0.00,0.00,0.01,0.02,0.03,0.00,0.00,0.00,0.09,0.15,0.23,317138,479220,665578,898994,1084219,1339018,0,0,0,0,0,0,0,299308,0,323.76,364.05,402.19
296,0,0,36,100,4536,4536,4536,92743,92743,92743,591,591,591,0.00,0.28,0.61,0.00,0.11,0.24,0.00,0.07,0.15,0.00,0.00,0.00,0.00,0.01,0.02,0.00,0.00,0.00,0.00,0.10,0.23,435077,554331,878030,448182,840012,1271178,0,0,0,0,0,0,0,171958,0,249.93,307.53,347.43
296,1,24,46,87,4537,4537,4537,92742,92742,92742,591,591,591,0.12,0.39,0.72,0.04,0.16,0.28,0.03,0.12,0.24,0.00,0.00,0.00,0.00,0.02,0.05,0.00,0.00,0.00,0.02,0.11,0.19,329982,449934,697090,998464,1070920,1145253,0,0,0,0,0,0,0,236550,0,329.06,352.27,379.50
296,2,28,74,100,4542,4542,4542,92737,92737,92737,591,591,591,0.13,0.53,0.81,0.05,0.21,0.32,0.03,0.16,0.25,0.00,0.00,0.00,0.00,0.02,0.04,0.00,0.00,0.00,0.02,0.15,0.23,327590,412121,558210,723409,912691,1181946,0,0,0,0,0,0,0,251640,0,368.90,376.54,382.02
296,3,27,76,100,4521,4521,4521,92758,92758,92758,591,591,591,0.12,0.52,0.75,0.05,0.21,0.32,0.03,0.15,0.25,0.00,0.00,0.00,0.00,0.02,0.04,0.00,0.00,0.00,0.02,0.16,0.26,335427,409021,627310,775333,967676,1163602,0,0,0,0,0,0,0,341141,0,326.77,373.87,399.44
297,0,0,39,94,4536,4536,4536,92743,92743,92743,591,591,591,0.00,0.27,0.84,0.00,0.11,0.33,0.00,0.09,0.27,0.00,0.00,0.00,0.00,0.02,0.05,0.00,0.00,0.00,0.00,0.07,0.20,435079,518391,728618,450805,753729,1213389,0,0,0,0,0,0,0,248449,0,180.44,225.37,267.29
297,1,28,61,100,4537,4537,4537,92742,92742,92742,591,591,591,0.13,0.48,0.82,0.05,0.18,0.29,0.03,0.14,0.27,0.00,0.00,0.00,0.00,0.02,0.04,0.00,0.00,0.00,0.02,0.14,0.24,358871,563949,880664,712829,1079636,1585719,0,0,0,0,0,0,0,333422,0,314.32,354.96,374.19
297,2,29,72,100,4542,4542,4542,92737,92737,92737,591,591,591,0.13,0.49,0.82,0.05,0.18,0.26,0.03,0.14,0.28,0.00,0.00,0.00,0.00,0.02,0.04,0.00,0.00,0.00,0.01,0.15,0.29,338066,645247,1350045,525432,1167890,1846215,0,0,0,0,0,0,0,265721,0,343.44,358.09,377.50
297,3,26,55,100,4521,4521,4521,92758,92758,92758,591,591,591,0.12,0.41,0.84,0.04,0.14,0.25,0.03,0.12,0.28,0.00,0.00,0.00,0.00,0.02,0.05,0.00,0.00,0.00,0.02,0.10,0.18,309382,512884,1150492,817922,1123466,1278906,0,0,0,0,0,0,0,258923,0,323.36,344.99,377.06
298,0,26,72,100,4536,4536,4536,92743,92743,92743,591,591,591,0.12,0.51,0.84,0.05,0.17,0.28,0.02,0.15,0.28,0.00,0.00,0.00,0.00,0.03,0.05,0.00,0.00,0.00,0.02,0.13,0.22,450012,690594,1265739,706739,1192241,1548867,0,0,0,0,0,0,0,285615,0,279.47,321.77,383.81
298,1,30,57,96,4537,4537,4537,92742,92742,92742,591,591,591,0.13,0.45,0.91,0.05,0.17,0.32,0.03,0.14,0.32,0.00,0.00,0.00,0.00,0.02,0.07,0.00,0.00,0.00,0.02,0.12,0.25,343314,403579,589634,694470,1023629,1268394,0,0,0,0,0,0,0,269410,0,349.81,385.51,418.59
298,2,33,59,86,4542,4542,4542,92737,92737,92737,591,591,591,0.14,0.44,0.59,0.05,0.17,0.26,0.03,0.13,0.18,0.00,0.00,0.00,0.00,0.02,0.03,0.00,0.00,0.00,0.02,0.13,0.19,332823,403579,547686,904160,1106966,1271018,0,0,0,0,0,0,0,285024,0,313.11,368.08,407.37
298,3,31,71,100,4521,4521,4521,92758,92758,92758,591,591,591,0.22,0.59,0.82,0.09,0.22,0.32,0.04,0.17,0.28,0.00,0.00,0.00,0.01,0.03,0.04,0.00,0.00,0.00,0.06,0.17,0.25,327512,409340,699753,463758,930851,1370595,0,0,0,0,0,0,0,308171,0,374.70,408.75,426.74
299,0,29,57,79,4536,4536,4536,92743,92743,92743,591,591,591,0.13,0.42,0.75,0.05,0.17,0.29,0.03,0.12,0.25,0.00,0.00,0.00,0.00,0.02,0.05,0.00,0.00,0.00,0.02,0.13,0.18,304003,995282,2416072,786191,1594875,3272965,0,0,0,0,0,0,0,259433,0,302.86,383.26,417.77
299,1,31,76,100,4537,4537,4537,92742,92742,92742,591,591,591,0.17,0.66,0.86,0.08,0.22,0.33,0.03,0.19,0.29,0.00,0.00,0.00,0.00,0.03,0.05,0.00,0.00,0.00,0.05,0.17,0.26,322259,441433,746876,458651,851691,1446581,0,0,0,0,0,0,0,415944,0,320.29,372.16,467.80
299,2,38,68,100,4542,4542,4542,92737,92737,92737,591,591,591,0.20,0.47,0.80,0.08,0.18,0.29,0.06,0.14,0.24,0.00,0.00,0.00,0.01,0.02,0.04,0.00,0.00,0.00,0.05,0.15,0.24,340704,459646,657681,791452,1006836,1312925,0,0,0,0,0,0,0,239290,0,334.32,358.45,389.53
299,3,32,49,86,4521,4521,4521,92758,92758,92758,591,591,591,0.19,0.41,0.62,0.07,0.17,0.25,0.05,0.11,0.17,0.00,0.00,0.00,0.01,0.01,0.02,0.00,0.00,0.00,0.04,0.13,0.21,317097,454417,728554,998463,1185049,1401952,0,0,0,0,0,0,0,247471,0,320.73,359.87,380.89
300,0,23,80,100,4536,4536,4536,92743,92743,92743,591,591,591,0.21,0.58,0.82,0.10,0.22,0.29,0.03,0.17,0.26,0.00,0.00,0.00,0.01,0.03,0.04,0.00,0.00,0.00,0.07,0.16,0.22,463874,541925,665513,885604,992673,1286757,0,0,0,0,0,0,0,361067,0,318.47,359.13,401.09
300,1,23,67,100,4537,4537,4537,92742,92742,92742,591,591,591,0.10,0.45,0.80,0.04,0.18,0.32,0.02,0.14,0.26,0.00,0.00,0.00,0.00,0.02,0.04,0.00,0.00,0.00,0.02,0.12,0.22,242849,563210,972020,825462,1090636,1462294,0,0,0,0,0,0,0,283910,0,332.32,403.39,518.37
300,2,25,53,100,4542,4542,4542,92737,92737,92737,591,591,591,0.23,0.38,0.66,0.08,0.15,0.31,0.05,0.11,0.19,0.00,0.00,0.00,0.01,0.01,0.02,0.00,0.00,0.00,0.06,0.12,0.23,322354,358241,426298,846507,979032,1092764,0,0,0,0,0,0,0,320457,0,273.67,300.98,349.38
300,3,0,15,45,4521,4521,4521,92758,92758,92758,591,591,591,0.00,0.10,0.25,0.00,0.04,0.11,0.00,0.03,0.09,0.00,0.00,0.00,0.00,0.00,0.01,0.00,0.00,0.00,0.00,0.03,0.08,204551,321835,476960,213146,543225,1092833,0,0,0,0,0,0,0,194866,0,182.63,222.50,278.33
301,0,28,69,100,4536,4536,4536,92743,92743,92743,591,591,591,0.12,0.55,0.80,0.04,0.21,0.32,0.03,0.16,0.26,0.00,0.00,0.00,0.00,0.03,0.05,0.00,0.00,0.00,0.02,0.16,0.27,460080,614358,974488,714538,1126328,1444070,0,0,0,0,0,0,0,356122,0,359.39,378.37,419.59
301,1,28,73,100,4537,4537,4537,92742,92742,92742,591,591,591,0.23,0.57,0.82,0.09,0.23,0.30,0.07,0.17,0.25,0.00,0.00,0.00,0.01,0.02,0.04,0.00,0.00,0.00,0.05,0.17,0.23,345865,822446,2026199,1066535,1353899,2296184,0,0,0,0,0,0,0,323048,0,357.15,400.48,428.18
301,2,28,53,92,4536,4539,4542,92737,92739,92743,591,591,591,0.12,0.35,0.77,0.04,0.13,0.27,0.03,0.09,0.27,0.00,0.00,0.00,0.00,0.02,0.05,0.00,0.00,0.00,0.01,0.09,0.21,340678,585894,1380752,814792,1278453,1848658,0,0,0,0,0,0,0,223679,0,318.76,344.82,370.29
301,3,31,59,96,4521,4521,4521,92758,92758,92758,591,591,591,0.14,0.46,0.77,0.05,0.18,0.30,0.03,0.14,0.27,0.00,0.00,0.00,0.00,0.02,0.05,0.00,0.00,0.00,0.02,0.12,0.22,330203,575408,1149246,644688,1247587,1606841,0,0,0,0,0,0,0,247721,0,267.64,332.60,374.13
302,0,32,61,100,4536,4536,4536,92743,92743,92743,591,591,591,0.14,0.46,0.83,0.05,0.16,0.25,0.03,0.13,0.28,0.00,0.00,0.00,0.00,0.02,0.05,0.00,0.00,0.00,0.02,0.11,0.20,558206,971218,1994311,972275,1587608,2935123,0,0,0,0,0,0,0,317037,0,332.95,367.03,422.01
302,1,30,65,100,4537,4537,4537,92742,92742,92742,591,591,591,0.14,0.51,0.83,0.05,0.18,0.29,0.03,0.15,0.27,0.00,0.00,0.00,0.00,0.02,0.04,0.00,0.00,0.00,0.02,0.13,0.24,332832,487465,589831,691856,1083649,1542434,0,0,0,0,0,0,0,283630,0,336.87,368.38,384.86
302,2,34,81,100,4536,4536,4536,92743,92743,92743,591,591,591,0.30,0.65,0.86,0.10,0.22,0.32,0.08,0.19,0.29,0.00,0.00,0.00,0.01,0.03,0.05,0.00,0.00,0.00,0.08,0.18,0.25,335444,520472,953976,466477,872161,1250128,0,0,0,0,0,0,0,308049,0,330.19,409.18,452.96
302,3,50,83,100,4521,4521,4521,92758,92758,92758,591,591,591,0.45,0.66,0.83,0.18,0.24,0.33,0.09,0.19,0.28,0.00,0.00,0.00,0.02,0.03,0.05,0.00,0.00,0.00,0.11,0.19,0.30,319726,447015,626616,550296,848305,1214343,0,0,0,0,0,0,0,349251,0,342.82,386.84,443.90
303,0,30,67,100,4532,4535,4536,92743,92743,92747,591,591,591,0.14,0.55,0.90,0.05,0.21,0.33,0.03,0.17,0.32,0.00,0.00,0.00,0.00,0.03,0.07,0.00,0.00,0.00,0.02,0.14,0.26,574803,769050,932864,919885,1281652,1713960,0,0,0,0,0,0,0,252344,0,357.64,428.16,486.05
303,1,31,60,94,4537,4537,4537,92742,92742,92742,591,591,591,0.17,0.45,0.88,0.06,0.18,0.32,0.04,0.14,0.31,0.00,0.00,0.00,0.00,0.02,0.06,0.00,0.00,0.00,0.03,0.13,0.18,123170,502126,767867,524131,1079206,1520011,0,0,0,0,0,0,0,289203,0,345.94,391.15,424.45
303,2,25,65,97,4536,4536,4536,92743,92743,92743,591,591,591,0.21,0.52,0.78,0.08,0.21,0.29,0.06,0.16,0.27,0.00,0.00,0.00,0.01,0.03,0.05,0.00,0.00,0.00,0.04,0.15,0.24,330201,467523,739006,794042,1049311,1155752,0,0,0,0,0,0,0,310171,0,321.80,355.89,378.07
303,3,32,70,98,4521,4521,4521,92758,92758,92758,591,591,591,0.14,0.48,0.75,0.05,0.19,0.30,0.03,0.14,0.24,0.00,0.00,0.00,0.00,0.02,0.04,0.00,0.00,0.00,0.02,0.13,0.22,298366,372547,555491,670703,1020549,1333935,0,0,0,0,0,0,0,290182,0,355.19,395.16,418.13
304,0,62,90,100,4532,4532,4532,92747,92747,92747,591,591,591,0.32,0.72,0.85,0.17,0.23,0.27,0.03,0.22,0.29,0.00,0.00,0.00,0.01,0.04,0.05,0.00,0.00,0.00,0.15,0.18,0.20,503066,643387,942975,725778,983181,1344334,0,0,0,0,0,0,0,312616,0,308.32,353.10,423.32
304,1,32,75,100,4537,4537,4537,92742,92742,92742,591,591,591,0.14,0.58,0.84,0.05,0.20,0.30,0.03,0.17,0.28,0.00,0.00,0.00,0.00,0.03,0.05,0.00,0.00,0.00,0.02,0.15,0.24,330208,537213,639379,757529,1054099,1297246,0,0,0,0,0,0,0,368156,0,330.02,363.79,405.58
304,2,36,69,100,4536,4536,4536,92743,92743,92743,591,591,591,0.15,0.53,0.85,0.06,0.17,0.25,0.03,0.16,0.29,0.00,0.00,0.00,0.00,0.03,0.05,0.00,0.00,0.00,0.03,0.12,0.27,216167,549961,1316767,580041,1142366,1393224,0,0,0,0,0,0,0,308146,0,350.53,359.59,369.87
304,3,34,64,100,4521,4521,4521,92758,92758,92758,591,591,591,0.23,0.52,0.78,0.10,0.20,0.31,0.03,0.14,0.25,0.00,0.00,0.00,0.01,0.02,0.04,0.00,0.00,0.00,0.07,0.16,0.28,216601,536962,1129535,546745,1088504,1695613,0,0,0,0,0,0,0,284781,0,361.00,367.89,376.14
305,0,28,61,95,4532,4532,4532,92747,92747,92747,591,591,591,0.13,0.45,0.77,0.05,0.19,0.32,0.03,0.12,0.25,0.00,0.00,0.00,0.00,0.02,0.05,0.00,0.00,0.00,0.02,0.14,0.30,530616,1379267,2788455,844162,1987081,3679503,0,0,0,0,0,0,0,256554,0,344.12,413.61,480.23
305,1,30,69,95,4537,4537,4537,92742,92742,92742,591,591,591,0.22,0.50,0.89,0.08,0.20,0.34,0.06,0.15,0.29,0.00,0.00,0.00,0.01,0.03,0.06,0.00,0.00,0.00,0.05,0.14,0.20,319722,383137,568656,579178,875293,1265718,0,0,0,0,0,0,0,305949,0,360.78,409.30,431.21
305,2,30,61,100,4536,4536,4536,92743,92743,92743,591,591,591,0.20,0.44,0.79,0.08,0.18,0.33,0.05,0.12,0.20,0.00,0.00,0.00,0.01,0.02,0.03,0.00,0.00,0.00,0.04,0.14,0.26,353803,416164,495309,710190,1040937,1388964,0,0,0,0,0,0,0,250857,0,335.78,394.07,422.75
305,3,46,65,96,4521,4521,4521,92758,92758,92758,591,591,591,0.17,0.46,0.78,0.07,0.19,0.34,0.03,0.14,0.26,0.00,0.00,0.00,0.01,0.02,0.04,0.00,0.00,0.00,0.04,0.14,0.23,335419,496874,1092827,710275,1145731,1598620,0,0,0,0,0,0,0,313098,0,328.23,361.21,400.25
306,0,32,68,100,4532,4532,4532,92747,92747,92747,591,591,591,0.23,0.56,0.82,0.10,0.21,0.30,0.08,0.17,0.28,0.00,0.00,0.00,0.01,0.03,0.04,0.00,0.00,0.00,0.06,0.17,0.25,448046,566568,909385,636774,1040353,1572423,0,0,0,0,0,0,0,284793,0,355.48,378.40,404.33
306,1,26,56,100,4535,4535,4537,92742,92743,92744,591,591,591,0.12,0.43,0.85,0.04,0.15,0.25,0.03,0.12,0.29,0.00,0.00,0.00,0.00,0.02,0.05,0.00,0.00,0.00,0.02,0.11,0.20,136275,608549,1490984,490068,1204263,1616761,0,0,0,0,0,0,0,386679,0,310.35,332.60,369.50
306,2,28,54,87,4536,4536,4536,92743,92743,92743,591,591,591,0.13,0.43,0.81,0.05,0.17,0.33,0.03,0.12,0.26,0.00,0.00,0.00,0.00,0.02,0.05,0.00,0.00,0.00,0.02,0.11,0.19,330200,404627,657770,652572,1096477,1533051,0,0,0,0,0,0,0,311295,0,298.41,331.12,362.07
306,3,32,61,100,4519,4519,4521,92758,92759,92760,591,591,591,0.14,0.44,0.87,0.05,0.16,0.30,0.03,0.13,0.31,0.00,0.00,0.00,0.00,0.02,0.06,0.00,0.00,0.00,0.02,0.10,0.19,319721,469804,691867,542479,1156757,1614358,0,0,0,0,0,0,0,254119,0,320.75,347.59,379.49
307,0,28,62,100,4532,4532,4532,92747,92747,92747,591,591,591,0.23,0.44,0.81,0.09,0.17,0.27,0.05,0.13,0.27,0.00,0.00,0.00,0.01,0.02,0.04,0.00,0.00,0.00,0.05,0.12,0.22,469768,863266,2065164,699547,1453065,2798978,0,0,0,0,0,0,0,319158,0,322.09,337.33,356.46
307,1,72,92,100,4535,4535,4535,92744,92744,92744,591,591,591,0.28,0.68,0.92,0.10,0.26,0.34,0.08,0.21,0.33,0.00,0.00,0.00,0.01,0.04,0.07,0.00,0.00,0.00,0.07,0.19,0.31,324933,459498,579237,450714,836879,1243923,0,0,0,0,0,0,0,318105,0,422.05,440.52,470.78
307,2,25,65,100,4536,4536,4536,92743,92743,92743,591,591,591,0.17,0.48,0.81,0.07,0.18,0.26,0.05,0.14,0.27,0.00,0.00,0.00,0.01,0.02,0.04,0.00,0.00,0.00,0.04,0.16,0.32,242824,504375,1167980,545051,1064105,1707803,0,0,0,0,0,0,0,250560,0,350.37,372.63,408.05
307,3,47,86,100,4519,4519,4519,92760,92760,92760,591,591,591,0.24,0.72,0.91,0.08,0.26,0.35,0.07,0.23,0.33,0.00,0.00,0.00,0.01,0.04,0.07,0.00,0.00,0.00,0.04,0.18,0.26,317047,475107,662033,427097,788150,1451860,0,0,0,0,0,0,0,321956,0,355.14,443.66,494.69
308,0,27,50,84,4532,4532,4532,92747,92747,92747,591,591,591,0.12,0.40,0.76,0.04,0.16,0.30,0.03,0.12,0.25,0.00,0.00,0.00,0.00,0.02,0.05,0.00,0.00,0.00,0.02,0.11,0.22,461217,512596,607998,746880,1147311,1402064,0,0,0,0,0,0,0,242756,0,329.68,361.89,393.32
308,1,28,56,100,4533,4533,4535,92744,92745,92746,591,591,591,0.13,0.37,0.85,0.05,0.13,0.25,0.02,0.10,0.29,0.00,0.00,0.00,0.00,0.02,0.05,0.00,0.00,0.00,0.02,0.09,0.19,317114,428222,778347,906761,1112229,1244820,0,0,0,0,0,0,0,297574,0,315.83,338.58,366.62
308,2,36,49,70,4536,4536,4536,92743,92743,92743,591,591,591,0.27,0.34,0.40,0.10,0.13,0.17,0.07,0.10,0.14,0.00,0.00,0.00,0.01,0.01,0.02,0.00,0.00,0.00,0.08,0.10,0.14,332780,526751,1016830,1003841,1280964,1632695,0,0,0,0,0,0,0,235034,0,293.07,304.47,317.67
308,3,33,66,100,4515,4515,4519,92760,92763,92764,591,591,591,0.14,0.53,0.86,0.05,0.17,0.25,0.03,0.16,0.29,0.00,0.00,0.00,0.00,0.03,0.05,0.00,0.00,0.00,0.02,0.13,0.21,332829,492158,707580,497915,1045642,1443987,0,0,0,0,0,0,0,355953,0,318.76,345.08,388.60
309,0,40,65,100,4532,4532,4532,92747,92747,92747,591,591,591,0.26,0.52,0.81,0.11,0.19,0.29,0.08,0.15,0.27,0.00,0.00,0.00,0.01,0.02,0.04,0.00,0.00,0.00,0.08,0.15,0.24,450754,671946,1011591,647301,1195036,1761112,0,0,0,0,0,0,0,295797,0,336.02,357.29,385.39
309,1,28,72,100,4533,4533,4533,92746,92746,92746,591,591,591,0.20,0.60,0.86,0.08,0.22,0.32,0.06,0.17,0.28,0.00,0.00,0.00,0.01,0.03,0.05,0.00,0.00,0.00,0.04,0.17,0.25,146761,376663,592237,453370,847644,1262815,0,0,0,0,0,0,0,273785,0,400.71,439.42,479.21
309,2,32,57,96,4536,4536,4536,92743,92743,92743,591,591,591,0.14,0.48,0.80,0.05,0.19,0.34,0.03,0.14,0.25,0.00,0.00,0.00,0.00,0.02,0.05,0.00,0.00,0.00,0.02,0.13,0.23,327592,391005,558205,663018,1012635,1480685,0,0,0,0,0,0,0,268529,0,320.49,360.13,394.56
309,3,29,68,100,4515,4515,4515,92764,92764,92764,591,591,591,0.22,0.52,0.85,0.09,0.20,0.34,0.04,0.14,0.25,0.00,0.00,0.00,0.01,0.02,0.03,0.00,0.00,0.00,0.05,0.16,0.27,319718,454631,732179,691846,967790,1195011,0,0,0,0,0,0,0,186275,0,379.07,418.07,470.68
310,0,32,51,64,4532,4532,4532,92747,92747,92747,591,591,591,0.16,0.34,0.54,0.06,0.14,0.20,0.04,0.10,0.16,0.00,0.00,0.00,0.00,0.01,0.02,0.00,0.00,0.00,0.04,0.12,0.16,474349,606426,956491,938216,1236307,1682377,0,0,0,0,0,0,0,215888,0,305.53,324.22,366.77
310,1,26,40,66,4533,4533,4533,92746,92746,92746,591,591,591,0.28,0.38,0.49,0.12,0.15,0.22,0.08,0.12,0.15,0.00,0.00,0.00,0.00,0.01,0.02,0.00,0.00,0.00,0.08,0.12,0.19,521519,617786,880543,904141,1215260,1789914,0,0,0,0,0,0,0,252186,0,300.35,341.58,361.98
310,2,52,83,100,4536,4536,4536,92743,92743,92743,591,591,591,0.28,0.69,0.86,0.14,0.22,0.25,0.03,0.21,0.29,0.00,0.00,0.00,0.01,0.04,0.05,0.00,0.00,0.00,0.12,0.19,0.26,351219,736517,1402959,673606,1014152,1515300,0,0,0,0,0,0,0,308265,0,314.64,360.61,446.69
310,3,35,65,97,4515,4515,4515,92764,92764,92764,591,591,591,0.14,0.51,0.92,0.05,0.20,0.34,0.03,0.16,0.33,0.00,0.00,0.00,0.00,0.03,0.07,0.00,0.00,0.00,0.02,0.11,0.24,136273,455307,744270,269925,1033785,1713919,0,0,0,0,0,0,0,240347,0,324.27,372.44,393.89
311,0,32,70,95,4532,4532,4532,92747,92747,92747,591,591,591,0.14,0.51,0.90,0.05,0.20,0.32,0.03,0.15,0.32,0.00,0.00,0.00,0.00,0.03,0.06,0.00,0.00,0.00,0.03,0.14,0.24,199108,784618,1795207,634190,1361312,2193560,0,0,0,0,0,0,0,282917,0,335.51,364.33,386.30
311,1,28,67,100,4533,4533,4533,92746,92746,92746,591,591,591,0.12,0.41,0.80,0.04,0.16,0.27,0.03,0.12,0.27,0.00,0.00,0.00,0.01,0.02,0.04,0.00,0.00,0.00,0.02,0.12,0.22,322336,481156,833353,877964,1088634,1354907,0,0,0,0,0,0,0,311225,0,348.52,366.35,391.94
311,2,29,68,100,4536,4536,4536,92743,92743,92743,591,591,591,0.20,0.49,0.87,0.12,0.24,0.33,0.09,0.17,0.30,0.00,0.00,0.00,0.01,0.03,0.06,0.00,0.00,0.00,0.04,0.14,0.25,335443,413535,647257,534613,1045646,1250096,0,0,0,0,0,0,0,311804,0,369.95,415.80,453.00
311,3,55,86,100,4515,4515,4515,92764,92764,92764,591,591,591,0.23,0.69,0.86,0.11,0.24,0.35,0.03,0.19,0.29,0.00,0.00,0.00,0.01,0.03,0.05,0.00,0.00,0.00,0.12,0.20,0.30,319727,399897,673497,468943,818157,1289392,0,0,0,0,0,0,0,376877,0,328.11,394.61,453.23
312,0,34,76,100,4532,4532,4532,92747,92747,92747,591,591,591,0.19,0.66,0.86,0.09,0.22,0.33,0.03,0.19,0.29,0.00,0.00,0.00,0.00,0.03,0.05,0.00,0.00,0.00,0.02,0.13,0.19,571310,674001,912010,689149,1197539,1616591,0,0,0,0,0,0,0,383305,0,314.37,364.19,452.93
312,1,25,50,100,4533,4533,4533,92746,92746,92746,591,591,591,0.12,0.44,0.63,0.05,0.18,0.25,0.03,0.13,0.19,0.00,0.00,0.00,0.00,0.02,0.03,0.00,0.00,0.00,0.02,0.14,0.19,366907,494613,787982,925131,1122081,1294169,0,0,0,0,0,0,0,301258,0,306.34,346.86,377.47
312,2,33,79,100,4536,4536,4536,92743,92743,92743,591,591,591,0.15,0.60,0.83,0.06,0.16,0.25,0.03,0.14,0.28,0.00,0.00,0.00,0.00,0.02,0.05,0.00,0.00,0.00,0.03,0.17,0.28,348564,419817,636828,487465,976381,1651036,0,0,0,0,0,0,0,333160,0,338.99,359.66,404.38
312,3,27,54,100,4515,4515,4515,92764,92764,92764,591,591,591,0.14,0.35,0.64,0.05,0.14,0.24,0.03,0.11,0.19,0.00,0.00,0.00,0.00,0.01,0.02,0.00,0.00,0.00,0.03,0.10,0.19,327521,355876,377385,841254,1047191,1278989,0,0,0,0,0,0,0,265066,0,307.52,352.77,415.04
313,0,28,53,95,4532,4532,4532,92747,92747,92747,591,591,591,0.15,0.44,0.90,0.06,0.18,0.33,0.03,0.13,0.32,0.00,0.00,0.00,0.00,0.02,0.06,0.00,0.00,0.00,0.03,0.14,0.26,435032,566065,969661,600138,1115366,1454474,0,0,0,0,0,0,0,237540,0,317.53,413.54,497.24
313,1,29,63,100,4533,4533,4533,92746,92746,92746,591,591,591,0.27,0.38,0.51,0.10,0.15,0.22,0.08,0.11,0.14,0.00,0.00,0.00,0.01,0.02,0.02,0.00,0.00,0.00,0.06,0.12,0.20,326343,499509,906798,973892,1190854,1611794,0,0,0,0,0,0,0,272644,0,338.95,362.11,397.53
313,2,31,53,97,4534,4535,4536,92743,92743,92745,591,591,591,0.14,0.41,0.82,0.05,0.20,0.34,0.03,0.14,0.26,0.00,0.00,0.00,0.00,0.02,0.05,0.00,0.00,0.00,0.02,0.10,0.21,322347,484280,739026,647307,1158040,1687705,0,0,0,0,0,0,0,268140,0,315.60,412.25,486.13
313,3,29,50,64,4515,4515,4515,92764,92764,92764,591,591,591,0.12,0.33,0.55,0.05,0.13,0.24,0.03,0.10,0.19,0.00,0.00,0.00,0.00,0.01,0.03,0.00,0.00,0.00,0.02,0.10,0.17,322340,491631,723321,736403,1152044,1365401,0,0,0,0,0,0,0,313388,0,295.08,325.38,351.22
314,0,45,84,100,4532,4532,4532,92747,92747,92747,591,591,591,0.38,0.70,0.85,0.16,0.25,0.33,0.10,0.19,0.28,0.00,0.00,0.01,0.02,0.03,0.05,0.00,0.00,0.00,0.09,0.19,0.29,461244,958912,2360812,743079,1290402,2499514,0,0,0,0,0,0,0,397092,0,323.62,399.21,455.52
314,1,27,59,95,4533,4533,4533,92746,92746,92746,591,591,591,0.27,0.50,0.88,0.10,0.20,0.35,0.07,0.15,0.27,0.00,0.00,0.00,0.00,0.02,0.06,0.00,0.00,0.00,0.07,0.14,0.20,359032,789865,1818744,673529,1329198,2384809,0,0,0,0,0,0,0,289300,0,335.65,361.73,409.61
314,2,29,77,100,4534,4534,4534,92745,92745,92745,591,591,591,0.29,0.70,0.85,0.16,0.25,0.31,0.03,0.20,0.29,0.00,0.00,0.00,0.01,0.04,0.05,0.00,0.00,0.00,0.07,0.19,0.28,323366,468678,776734,531998,874264,1664147,0,0,0,0,0,0,0,355357,0,317.98,394.58,454.40
314,3,27,65,100,4515,4515,4515,92764,92764,92764,591,591,591,0.12,0.50,0.80,0.05,0.20,0.29,0.03,0.14,0.24,0.00,0.00,0.00,0.00,0.02,0.03,0.00,0.00,0.00,0.02,0.15,0.24,324917,595863,1042983,707482,1155552,1708606,0,0,0,0,0,0,0,270529,0,368.80,377.34,383.50
315,0,26,45,100,4532,4532,4532,92747,92747,92747,591,591,591,0.13,0.36,0.66,0.05,0.14,0.25,0.03,0.10,0.20,0.00,0.00,0.00,0.00,0.01,0.03,0.00,0.00,0.00,0.02,0.10,0.20,333711,604277,1095451,808945,1291803,1955040,0,0,0,0,0,0,0,258575,0,305.17,362.28,414.78
315,1,28,70,100,4533,4533,4533,92746,92746,92746,591,591,591,0.12,0.43,0.85,0.04,0.14,0.25,0.03,0.12,0.28,0.00,0.00,0.00,0.00,0.03,0.05,0.00,0.00,0.00,0.02,0.10,0.19,242292,432332,723330,441854,1013316,1530524,0,0,0,0,0,0,0,342983,0,307.73,329.65,373.94
315,2,40,63,99,4534,4534,4534,92745,92745,92745,591,591,591,0.25,0.36,0.45,0.09,0.14,0.19,0.07,0.10,0.14,0.00,0.00,0.00,0.01,0.01,0.02,0.00,0.00,0.00,0.06,0.11,0.14,353774,544927,995867,938194,1121207,1318256,0,0,0,0,0,0,0,233082,0,306.26,361.81,420.61
315,3,27,75,100,4515,4515,4515,92764,92764,92764,591,591,591,0.13,0.52,0.80,0.05,0.19,0.26,0.03,0.15,0.27,0.00,0.00,0.00,0.00,0.02,0.04,0.00,0.00,0.00,0.02,0.15,0.21,227117,380345,665599,726775,985040,1252713,0,0,0,0,0,0,0,300039,0,353.57,375.46,405.71
316,0,29,77,100,4532,4532,4532,92747,92747,92747,591,591,591,0.25,0.60,0.87,0.09,0.23,0.34,0.07,0.18,0.29,0.00,0.00,0.00,0.01,0.03,0.06,0.00,0.00,0.00,0.05,0.17,0.28,445489,562376,969565,725947,1050850,1399319,0,0,0,0,0,0,0,288288,0,362.12,391.32,419.20
316,1,30,69,100,4533,4533,4533,92746,92746,92746,591,591,591,0.14,0.49,0.87,0.05,0.19,0.31,0.03,0.14,0.22,0.00,0.00,0.00,0.00,0.02,0.04,0.00,0.00,0.00,0.03,0.15,0.25,336904,652319,1548818,596266,1185353,1962885,0,0,0,0,0,0,0,252833,0,352.20,427.05,470.64
316,2,29,56,91,4534,4534,4534,92745,92745,92745,591,591,591,0.17,0.41,0.63,0.06,0.17,0.25,0.04,0.12,0.18,0.00,0.00,0.00,0.00,0.02,0.03,0.00,0.00,0.00,0.03,0.13,0.21,332648,423475,731178,726041,1104246,1323460,0,0,0,0,0,0,0,246331,0,282.54,307.72,341.04
316,3,30,50,66,4515,4515,4515,92764,92764,92764,591,591,591,0.24,0.42,0.63,0.09,0.17,0.27,0.06,0.12,0.20,0.00,0.00,0.00,0.01,0.02,0.02,0.00,0.00,0.00,0.06,0.13,0.24,332816,430312,697114,901529,1063984,1202822,0,0,0,0,0,0,0,201911,0,323.86,354.63,378.99
317,0,33,68,100,4532,4532,4532,92747,92747,92747,591,591,591,0.14,0.55,0.83,0.05,0.19,0.27,0.03,0.16,0.28,0.00,0.00,0.00,0.00,0.03,0.05,0.00,0.00,0.00,0.02,0.16,0.29,458585,532642,639228,594850,1102480,1629509,0,0,0,0,0,0,0,342858,0,337.23,363.32,406.20
317,1,24,49,67,4533,4533,4533,92746,92746,92746,591,591,591,0.24,0.36,0.57,0.09,0.15,0.21,0.07,0.11,0.16,0.00,0.00,0.00,0.01,0.01,0.02,0.00,0.00,0.00,0.05,0.11,0.18,322345,424541,744259,804554,1105379,1362728,0,0,0,0,0,0,0,282555,0,313.96,324.19,344.37
317,2,31,69,100,4534,4534,4534,92745,92745,92745,591,591,591,0.15,0.53,0.78,0.06,0.20,0.29,0.03,0.16,0.24,0.00,0.00,0.00,0.00,0.02,0.04,0.00,0.00,0.00,0.03,0.15,0.25,2620,504518,1154590,652573,1078431,2061582,0,0,0,0,0,0,0,319244,0,313.41,356.14,386.24
317,3,28,62,100,4515,4515,4515,92764,92764,92764,591,591,591,0.12,0.41,0.53,0.04,0.16,0.24,0.03,0.11,0.18,0.00,0.00,0.00,0.00,0.02,0.03,0.00,0.00,0.00,0.02,0.12,0.21,317083,499486,1011530,875320,1196569,1540880,0,0,0,0,0,0,0,270182,0,319.18,351.79,383.28
318,0,26,60,100,4532,4532,4532,92747,92747,92747,591,591,591,0.24,0.37,0.50,0.09,0.15,0.20,0.08,0.11,0.14,0.00,0.00,0.00,0.01,0.01,0.02,0.00,0.00,0.00,0.05,0.11,0.18,466484,889419,1989372,1027348,1568596,2661729,0,0,0,0,0,0,0,265613,0,324.50,376.61,422.02
318,1,29,44,66,4533,4533,4533,92746,92746,92746,591,591,591,0.11,0.31,0.53,0.05,0.12,0.19,0.01,0.09,0.16,0.00,0.00,0.00,0.00,0.01,0.02,0.00,0.00,0.00,0.05,0.09,0.16,340691,391015,526810,802010,1025750,1184570,0,0,0,0,0,0,0,239993,0,285.28,329.68,353.45
318,2,33,62,100,4534,4534,4534,92745,92745,92745,591,591,591,0.17,0.46,0.79,0.07,0.18,0.31,0.03,0.13,0.22,0.00,0.00,0.00,0.00,0.02,0.03,0.00,0.00,0.00,0.04,0.14,0.28,322352,411974,715458,710207,1026792,1567194,0,0,0,0,0,0,0,302878,0,348.90,365.36,373.88
318,3,26,67,100,4515,4515,4515,92764,92764,92764,591,591,591,0.27,0.53,0.80,0.11,0.20,0.26,0.09,0.16,0.27,0.00,0.00,0.00,0.01,0.02,0.04,0.00,0.00,0.00,0.06,0.16,0.21,242857,368800,442902,584363,877717,1187237,0,0,0,0,0,0,0,284558,0,335.40,363.81,386.31
319,0,28,51,100,4532,4532,4532,92747,92747,92747,591,591,591,0.26,0.35,0.45,0.10,0.14,0.19,0.08,0.10,0.13,0.00,0.00,0.00,0.01,0.01,0.02,0.00,0.00,0.00,0.06,0.11,0.15,471714,689048,1294621,959177,1333020,1816139,0,0,0,0,0,0,0,237761,0,302.69,323.61,342.23
319,1,0,18,59,4533,4533,4533,92746,92746,92746,591,591,591,0.00,0.21,0.52,0.00,0.09,0.23,0.00,0.07,0.17,0.00,0.00,0.00,0.00,0.01,0.03,0.00,0.00,0.00,0.00,0.05,0.12,204200,536224,1414132,212852,690653,1667878,0,0,0,0,0,0,0,226685,0,184.92,225.92,272.09
319,2,25,58,100,4534,4534,4534,92745,92745,92745,591,591,591,0.18,0.41,0.62,0.07,0.16,0.24,0.04,0.12,0.19,0.00,0.00,0.00,0.01,0.02,0.02,0.00,0.00,0.00,0.04,0.13,0.19,324944,357104,459507,778333,1027630,1155647,0,0,0,0,0,0,0,290688,0,334.76,351.74,395.57
319,3,25,62,100,4515,4515,4515,92764,92764,92764,591,591,591,0.11,0.44,0.81,0.04,0.15,0.25,0.02,0.14,0.27,0.00,0.00,0.00,0.00,0.02,0.05,0.00,0.00,0.00,0.02,0.11,0.19,309238,393616,542478,547696,941322,1252679,0,0,0,0,0,0,0,258480,0,324.17,334.52,349.48
321,0,30,69,100,4532,4532,4532,92747,92747,92747,591,591,591,0.13,0.51,0.82,0.05,0.20,0.34,0.03,0.15,0.27,0.00,0.00,0.00,0.00,0.02,0.05,0.00,0.00,0.00,0.02,0.15,0.26,7862,692813,1921942,717814,1267810,2872552,0,0,0,0,0,0,0,709889,0,304.78,341.07,390.60
321,1,31,60,100,4533,4533,4533,92746,92746,92746,591,591,591,0.14,0.44,0.81,0.05,0.17,0.27,0.03,0.13,0.27,0.00,0.00,0.00,0.00,0.02,0.04,0.00,0.00,0.00,0.02,0.13,0.22,332815,449646,901504,589544,1088735,1512024,0,0,0,0,0,0,0,692917,0,255.10,350.87,400.78
321,2,26,61,100,4534,4534,4534,92745,92745,92745,591,591,591,0.14,0.41,0.89,0.05,0.16,0.32,0.03,0.12,0.31,0.00,0.00,0.00,0.00,0.02,0.06,0.00,0.00,0.00,0.02,0.11,0.22,248902,469381,1140049,484214,1157230,1753318,0,0,0,0,0,0,0,617438,0,312.31,336.34,388.87
321,3,30,73,100,4515,4515,4515,92764,92764,92764,591,591,591,0.14,0.56,0.84,0.05,0.21,0.34,0.03,0.16,0.28,0.00,0.00,0.00,0.00,0.03,0.05,0.00,0.00,0.00,0.02,0.16,0.27,319728,533034,1260540,628996,1047722,1897362,0,0,0,0,0,0,0,707991,0,334.70,390.31,438.76
322,0,31,50,95,4530,4531,4532,92747,92747,92749,591,591,591,0.14,0.37,0.90,0.05,0.13,0.32,0.03,0.11,0.32,0.00,0.00,0.00,0.00,0.02,0.07,0.00,0.00,0.00,0.02,0.07,0.17,524134,746889,1239674,791332,1428924,2031178,0,0,0,0,0,0,0,211276,0,328.41,404.09,450.05
322,1,26,56,96,4533,4533,4533,92746,92746,92746,591,591,591,0.19,0.40,0.62,0.07,0.16,0.25,0.05,0.11,0.17,0.00,0.00,0.00,0.01,0.02,0.03,0.00,0.00,0.00,0.04,0.12,0.20,327561,415378,602770,849134,1125577,1417821,0,0,0,0,0,0,0,258814,0,342.96,371.74,399.60
322,2,77,93,100,4534,4534,4534,92745,92745,92745,591,591,591,0.57,0.78,0.86,0.24,0.27,0.34,0.19,0.24,0.29,0.00,0.00,0.00,0.03,0.04,0.05,0.00,0.00,0.00,0.16,0.20,0.27,330203,349207,393107,442906,570653,762606,0,0,0,0,0,0,0,336564,0,325.20,401.57,473.35
322,3,33,46,56,4515,4515,4515,92764,92764,92764,591,591,591,0.23,0.40,0.61,0.09,0.16,0.23,0.07,0.11,0.19,0.00,0.00,0.00,0.01,0.02,0.02,0.00,0.00,0.00,0.05,0.13,0.19,232367,345704,471703,662160,1028379,1236951,0,0,0,0,0,0,0,249308,0,332.31,359.99,410.21
323,0,30,78,100,4530,4530,4530,92749,92749,92749,591,591,591,0.29,0.67,0.85,0.12,0.24,0.32,0.09,0.19,0.28,0.00,0.00,0.00,0.01,0.03,0.05,0.00,0.00,0.00,0.07,0.19,0.29,469204,658211,956364,602887,1009504,1283886,0,0,0,0,0,0,0,281502,0,316.64,394.54,457.20
323,1,29,69,92,4533,4533,4533,92746,92746,92746,591,591,591,0.35,0.50,0.62,0.13,0.20,0.26,0.09,0.15,0.20,0.00,0.00,0.00,0.01,0.02,0.03,0.00,0.00,0.00,0.09,0.16,0.24,211257,619568,1505120,885560,1291044,2148334,0,0,0,0,0,0,0,317813,0,355.29,384.09,409.94
323,2,32,65,99,4534,4534,4534,92745,92745,92745,591,591,591,0.16,0.44,0.75,0.06,0.17,0.27,0.03,0.13,0.24,0.00,0.00,0.00,0.00,0.02,0.03,0.00,0.00,0.00,0.04,0.14,0.22,114977,791055,2329949,817906,1459928,3073167,0,0,0,0,0,0,0,261613,0,339.87,375.35,404.33
323,3,31,45,64,4515,4515,4515,92764,92764,92764,591,591,591,0.18,0.32,0.47,0.07,0.13,0.19,0.05,0.09,0.14,0.00,0.00,0.00,0.01,0.01,0.02,0.00,0.00,0.00,0.04,0.09,0.18,319718,448466,745941,1050903,1173147,1502353,0,0,0,0,0,0,0,203720,0,292.76,303.80,333.99
324,0,31,72,100,4530,4530,4530,92749,92749,92749,591,591,591,0.28,0.45,0.60,0.11,0.18,0.28,0.09,0.13,0.17,0.00,0.00,0.00,0.01,0.02,0.02,0.00,0.00,0.00,0.06,0.15,0.25,151982,843357,2053470,723229,1528541,2784279,0,0,0,0,0,0,0,297234,0,329.17,367.32,413.62
324,1,32,74,100,4533,4533,4533,92746,92746,92746,591,591,591,0.15,0.55,0.80,0.05,0.21,0.34,0.03,0.16,0.26,0.00,0.00,0.00,0.00,0.03,0.04,0.00,0.00,0.00,0.02,0.15,0.25,351156,454417,597514,660302,1062414,1425649,0,0,0,0,0,0,0,361635,0,353.28,387.99,415.45
324,2,31,60,99,4534,4534,4534,92745,92745,92745,591,591,591,0.17,0.39,0.64,0.06,0.15,0.25,0.03,0.11,0.17,0.00,0.00,0.00,0.00,0.01,0.02,0.00,0.00,0.00,0.03,0.12,0.22,332792,402777,571317,913967,1131457,1273582,0,0,0,0,0,0,0,243281,0,317.94,341.77,387.55
324,3,33,67,96,4515,4515,4515,92764,92764,92764,591,591,591,0.15,0.46,0.89,0.06,0.18,0.33,0.03,0.14,0.31,0.00,0.00,0.00,0.00,0.02,0.06,0.00,0.00,0.00,0.03,0.12,0.23,324947,399904,560763,516307,1110615,1423037,0,0,0,0,0,0,0,264276,0,322.27,355.31,381.87
325,0,32,65,100,4530,4530,4530,92749,92749,92749,591,591,591,0.14,0.51,0.88,0.05,0.18,0.33,0.03,0.16,0.31,0.00,0.00,0.00,0.00,0.03,0.06,0.00,0.00,0.00,0.02,0.12,0.20,524126,789447,1129239,723163,1357072,2070367,0,0,0,0,0,0,0,245521,0,345.13,361.23,401.74
325,1,34,71,100,4533,4533,4533,92746,92746,92746,591,591,591,0.15,0.59,0.83,0.06,0.22,0.32,0.03,0.17,0.27,0.00,0.00,0.00,0.00,0.03,0.04,0.00,0.00,0.00,0.03,0.17,0.25,461199,841958,1098033,951314,1409823,2127932,0,0,0,0,0,0,0,424810,0,397.27,405.49,423.77
325,2,31,64,96,4534,4534,4534,92745,92745,92745,591,591,591,0.14,0.56,0.89,0.05,0.22,0.32,0.03,0.17,0.31,0.00,0.00,0.00,0.00,0.03,0.06,0.00,0.00,0.00,0.02,0.16,0.26,356429,433436,555553,702303,966114,1268468,0,0,0,0,0,0,0,306303,0,319.64,352.74,409.50
325,3,40,80,100,4515,4515,4515,92764,92764,92764,591,591,591,0.32,0.58,0.84,0.11,0.21,0.29,0.08,0.16,0.27,0.00,0.00,0.00,0.01,0.03,0.05,0.00,0.00,0.00,0.08,0.17,0.22,293498,428716,573827,541575,967337,1459735,0,0,0,0,0,0,0,341274,0,358.84,393.56,425.38
326,0,30,69,100,4530,4530,4530,92749,92749,92749,591,591,591,0.14,0.50,0.84,0.05,0.19,0.32,0.03,0.14,0.24,0.00,0.00,0.00,0.00,0.02,0.04,0.00,0.00,0.00,0.02,0.14,0.24,463876,500004,587010,731105,1070240,1519936,0,0,0,0,0,0,0,287734,0,361.45,412.46,469.01
326,1,46,82,100,4533,4533,4533,92746,92746,92746,591,591,591,0.14,0.53,0.82,0.05,0.20,0.36,0.03,0.15,0.28,0.00,0.00,0.00,0.00,0.02,0.04,0.00,0.00,0.00,0.02,0.15,0.28,323313,525335,822737,686464,1138853,1753459,0,0,0,0,0,0,0,347275,0,392.85,405.33,447.52
326,2,31,59,100,4534,4534,4534,92745,92745,92745,591,591,591,0.14,0.42,0.86,0.05,0.15,0.25,0.03,0.12,0.29,0.00,0.00,0.00,0.00,0.02,0.05,0.00,0.00,0.00,0.02,0.10,0.21,115309,486408,1273683,904132,1171985,1383755,0,0,0,0,0,0,0,281014,0,323.55,353.58,394.98
326,3,32,70,96,4515,4515,4515,92764,92764,92764,591,591,591,0.15,0.56,0.91,0.05,0.22,0.33,0.03,0.18,0.33,0.00,0.00,0.00,0.00,0.03,0.07,0.00,0.00,0.00,0.03,0.15,0.24,317083,590138,1291958,663008,1106370,1420368,0,0,0,0,0,0,0,352219,0,331.85,365.26,383.57
327,0,34,75,100,4530,4530,4530,92749,92749,92749,591,591,591,0.30,0.56,0.81,0.11,0.21,0.27,0.09,0.17,0.26,0.00,0.00,0.00,0.01,0.02,0.04,0.00,0.00,0.00,0.07,0.17,0.23,5240,809409,2277344,463821,1321438,3094987,0,0,0,0,0,0,0,355858,0,363.26,376.15,403.14
327,1,32,70,100,4533,4533,4533,92746,92746,92746,591,591,591,0.15,0.51,0.89,0.05,0.18,0.33,0.03,0.15,0.31,0.00,0.00,0.00,0.00,0.03,0.06,0.00,0.00,0.00,0.02,0.12,0.20,335451,408298,631618,505814,1040913,1622289,0,0,0,0,0,0,0,270997,0,375.04,415.65,458.00
327,2,37,76,100,4534,4534,4534,92745,92745,92745,591,591,591,0.30,0.56,0.86,0.11,0.21,0.34,0.08,0.16,0.29,0.00,0.00,0.00,0.01,0.02,0.05,0.00,0.00,0.00,0.09,0.17,0.27,335036,468969,550670,474350,910262,1370511,0,0,0,0,0,0,0,291969,0,369.61,413.67,446.27
327,3,26,50,100,4515,4515,4515,92764,92764,92764,591,591,591,0.12,0.38,0.85,0.05,0.13,0.24,0.03,0.10,0.29,0.00,0.00,0.00,0.00,0.02,0.05,0.00,0.00,0.00,0.02,0.09,0.20,322346,423493,545085,649930,1102232,1373197,0,0,0,0,0,0,0,290997,0,306.58,329.38,360.89
328,0,46,55,66,4530,4530,4530,92749,92749,92749,591,591,591,0.24,0.35,0.53,0.09,0.14,0.20,0.07,0.10,0.15,0.00,0.00,0.00,0.01,0.01,0.02,0.00,0.00,0.00,0.05,0.11,0.17,470813,754095,1218595,1153098,1416493,1708654,0,0,0,0,0,0,0,271663,0,312.81,325.78,344.33
328,1,32,75,100,4533,4533,4533,92746,92746,92746,591,591,591,0.16,0.64,0.82,0.06,0.25,0.34,0.04,0.19,0.27,0.00,0.00,0.00,0.00,0.03,0.05,0.00,0.00,0.00,0.03,0.18,0.31,322349,428429,699513,490062,866716,1239605,0,0,0,0,0,0,0,275725,0,380.72,442.24,497.23
328,2,27,46,96,4534,4534,4534,92745,92745,92745,591,591,591,0.13,0.38,0.90,0.05,0.14,0.33,0.03,0.12,0.31,0.00,0.00,0.00,0.00,0.02,0.06,0.00,0.00,0.00,0.02,0.07,0.18,351170,415379,479592,618467,1060730,1368017,0,0,0,0,0,0,0,203340,0,313.82,348.56,398.12
328,3,35,76,100,4515,4515,4515,92764,92764,92764,591,591,591,0.16,0.66,0.86,0.06,0.24,0.34,0.03,0.20,0.28,0.00,0.00,0.00,0.00,0.03,0.05,0.00,0.00,0.00,0.03,0.17,0.24,230618,318413,366889,479591,743622,1333952,0,0,0,0,0,0,0,283640,0,395.92,436.97,471.11
329,0,30,52,74,4530,4530,4530,92749,92749,92749,591,591,591,0.26,0.34,0.50,0.09,0.13,0.18,0.06,0.10,0.15,0.00,0.00,0.00,0.01,0.01,0.02,0.00,0.00,0.00,0.07,0.10,0.14,453365,530243,677853,864836,1187676,1451795,0,0,0,0,0,0,0,211597,0,295.53,314.90,339.47
329,1,34,71,100,4533,4533,4533,92746,92746,92746,591,591,591,0.16,0.50,0.82,0.06,0.18,0.29,0.03,0.14,0.28,0.00,0.00,0.00,0.00,0.02,0.05,0.00,0.00,0.00,0.03,0.14,0.22,335357,520903,799297,571156,1090229,1590768,0,0,0,0,0,0,0,362623,0,378.68,390.49,408.24
329,2,69,90,100,4534,4534,4534,92745,92745,92745,591,591,591,0.43,0.70,0.86,0.18,0.25,0.34,0.14,0.21,0.29,0.00,0.00,0.00,0.02,0.04,0.05,0.00,0.00,0.00,0.11,0.19,0.27,351167,452145,736393,482194,787760,1058715,0,0,0,0,0,0,0,330312,0,307.78,390.46,471.50
329,3,40,67,100,4515,4515,4515,92764,92764,92764,591,591,591,0.20,0.52,0.81,0.08,0.19,0.28,0.03,0.14,0.27,0.00,0.00,0.00,0.01,0.02,0.04,0.00,0.00,0.00,0.04,0.15,0.25,332820,431872,563445,573775,998459,1512124,0,0,0,0,0,0,0,237925,0,372.96,378.65,387.40
330,0,29,59,100,4530,4530,4530,92749,92749,92749,591,591,591,0.26,0.45,0.77,0.10,0.18,0.28,0.05,0.13,0.24,0.00,0.00,0.00,0.01,0.02,0.03,0.00,0.00,0.00,0.07,0.14,0.24,196499,860156,2094237,662857,1488061,2555545,0,0,0,0,0,0,0,241326,0,281.74,313.92,357.50
330,1,27,53,100,4533,4533,4533,92746,92746,92746,591,591,591,0.23,0.44,0.78,0.09,0.17,0.29,0.07,0.12,0.22,0.00,0.00,0.00,0.01,0.02,0.03,0.00,0.00,0.00,0.05,0.14,0.24,324961,470633,953796,752040,1132993,1802231,0,0,0,0,0,0,0,305244,0,356.58,390.76,419.60
330,2,32,61,100,4534,4534,4534,92745,92745,92745,591,591,591,0.13,0.39,0.62,0.05,0.15,0.26,0.03,0.11,0.18,0.00,0.00,0.00,0.00,0.01,0.03,0.00,0.00,0.00,0.02,0.12,0.24,10482,478824,1155522,849106,1150909,1805339,0,0,0,0,0,0,0,283260,0,322.33,368.59,414.73
330,3,32,66,100,4515,4515,4515,92764,92764,92764,591,591,591,0.14,0.46,0.80,0.05,0.17,0.27,0.03,0.14,0.27,0.00,0.00,0.00,0.00,0.02,0.04,0.00,0.00,0.00,0.02,0.13,0.22,319724,669844,1250067,631561,1305094,1970789,0,0,0,0,0,0,0,288090,0,306.05,353.13,403.05
331,0,27,55,100,4530,4530,4530,92749,92749,92749,591,591,591,0.16,0.37,0.62,0.06,0.15,0.27,0.03,0.11,0.20,0.00,0.00,0.00,0.00,0.02,0.03,0.00,0.00,0.00,0.04,0.10,0.18,456694,707694,1108505,913389,1409622,2004744,0,0,0,0,0,0,0,270148,0,310.82,345.83,389.82
331,1,28,56,100,4533,4533,4533,92746,92746,92746,591,591,591,0.28,0.38,0.74,0.11,0.15,0.27,0.08,0.11,0.21,0.00,0.00,0.00,0.01,0.01,0.03,0.00,0.00,0.00,0.07,0.12,0.22,340703,424022,660376,773111,1044077,1218627,0,0,0,0,0,0,0,244435,0,339.62,361.25,406.21
331,2,33,63,94,4534,4534,4534,92745,92745,92745,591,591,591,0.14,0.40,0.76,0.05,0.16,0.33,0.03,0.12,0.26,0.00,0.00,0.00,0.00,0.02,0.04,0.00,0.00,0.00,0.02,0.11,0.22,330217,509989,988023,694311,1157827,1719213,0,0,0,0,0,0,0,275277,0,313.55,326.66,348.02
331,3,30,58,97,4513,4514,4515,92764,92764,92766,591,591,591,0.13,0.49,0.81,0.05,0.19,0.33,0.03,0.14,0.24,0.00,0.00,0.00,0.00,0.02,0.05,0.00,0.00,0.00,0.02,0.13,0.29,311864,395193,615821,736455,981178,1310353,0,0,0,0,0,0,0,243253,0,336.64,388.45,424.46
332,0,29,75,100,4530,4530,4530,92749,92749,92749,591,591,591,0.12,0.59,0.81,0.04,0.23,0.31,0.03,0.18,0.25,0.00,0.00,0.00,0.00,0.03,0.05,0.00,0.00,0.00,0.02,0.17,0.26,606249,835609,1383648,1082257,1314474,1661426,0,0,0,0,0,0,0,325215,0,370.32,387.11,411.70
332,1,26,61,100,4533,4533,4533,92746,92746,92746,591,591,591,0.12,0.41,0.68,0.04,0.16,0.24,0.03,0.12,0.22,0.00,0.00,0.00,0.00,0.02,0.04,0.00,0.00,0.00,0.02,0.11,0.20,224878,539225,807106,737392,1150130,1598489,0,0,0,0,0,0,0,257316,0,307.81,331.17,351.72
332,2,25,61,100,4534,4534,4534,92745,92745,92745,591,591,591,0.17,0.52,0.83,0.07,0.19,0.33,0.03,0.15,0.28,0.00,0.00,0.00,0.00,0.02,0.05,0.00,0.00,0.00,0.04,0.15,0.26,319706,438873,773968,649927,975933,1234349,0,0,0,0,0,0,0,384901,0,314.14,363.45,407.12
332,3,58,87,100,4513,4513,4513,92766,92766,92766,591,591,591,0.41,0.69,0.85,0.17,0.24,0.33,0.13,0.20,0.29,0.00,0.00,0.00,0.02,0.04,0.05,0.00,0.00,0.00,0.11,0.18,0.26,307497,439914,579210,450730,815200,1216079,0,0,0,0,0,0,0,394995,0,332.68,398.50,452.39
333,0,28,77,100,4530,4530,4530,92749,92749,92749,591,591,591,0.16,0.64,0.84,0.07,0.23,0.35,0.03,0.18,0.28,0.00,0.00,0.00,0.00,0.03,0.05,0.00,0.00,0.00,0.04,0.18,0.26,256835,478520,754750,547583,919310,1396814,0,0,0,0,0,0,0,403031,0,323.44,356.40,433.22
333,1,24,63,100,4533,4533,4533,92746,92746,92746,591,591,591,0.17,0.52,0.82,0.07,0.20,0.29,0.03,0.15,0.25,0.00,0.00,0.00,0.01,0.02,0.04,0.00,0.00,0.00,0.04,0.16,0.23,532625,784917,1075316,921954,1299053,1457056,0,0,0,0,0,0,0,298497,0,370.94,399.17,412.13
333,2,34,43,54,4534,4534,4534,92745,92745,92745,591,591,591,0.29,0.32,0.37,0.11,0.13,0.14,0.08,0.09,0.10,0.00,0.00,0.00,0.01,0.01,0.01,0.00,0.00,0.00,0.08,0.10,0.14,7862,812677,2558415,801939,1567568,3138461,0,0,0,0,0,0,0,229228,0,274.32,333.74,418.66
333,3,29,61,91,4513,4513,4513,92766,92766,92766,591,591,591,0.15,0.45,0.69,0.06,0.17,0.25,0.03,0.13,0.21,0.00,0.00,0.00,0.00,0.02,0.03,0.00,0.00,0.00,0.03,0.13,0.23,332826,434502,584428,956518,1128449,1297214,0,0,0,0,0,0,0,294596,0,337.74,381.40,426.40
334,0,32,49,94,4530,4530,4530,92749,92749,92749,591,591,591,0.14,0.38,0.86,0.05,0.15,0.31,0.03,0.11,0.30,0.00,0.00,0.00,0.00,0.02,0.06,0.00,0.00,0.00,0.02,0.09,0.18,504441,1061279,1844960,1297493,1790203,2117364,0,0,0,0,0,0,0,242590,0,340.15,407.18,482.40
334,1,30,64,100,4533,4533,4533,92746,92746,92746,591,591,591,0.27,0.47,0.78,0.10,0.19,0.29,0.06,0.14,0.23,0.00,0.00,0.00,0.01,0.02,0.03,0.00,0.00,0.00,0.06,0.14,0.24,322336,465157,851674,862188,1110491,1336474,0,0,0,0,0,0,0,221260,0,349.92,374.47,409.99
334,2,32,54,94,4534,4534,4534,92745,92745,92745,591,591,591,0.14,0.42,0.71,0.05,0.17,0.32,0.03,0.13,0.23,0.00,0.00,0.00,0.00,0.02,0.04,0.00,0.00,0.00,0.02,0.11,0.25,332681,425182,649958,691890,1082231,1606550,0,0,0,0,0,0,0,247905,0,322.20,333.09,351.83
334,3,32,55,92,4513,4513,4513,92766,92766,92766,591,591,591,0.26,0.36,0.50,0.09,0.15,0.21,0.07,0.10,0.15,0.00,0.00,0.00,0.01,0.01,0.02,0.00,0.00,0.00,0.06,0.11,0.16,211397,432856,822928,1003728,1118166,1349707,0,0,0,0,0,0,0,271681,0,334.63,344.28,355.05
335,0,28,79,100,4530,4530,4530,92749,92749,92749,591,591,591,0.22,0.68,0.83,0.08,0.25,0.33,0.06,0.21,0.28,0.00,0.00,0.00,0.01,0.03,0.05,0.00,0.00,0.00,0.05,0.19,0.30,508426,792027,1194991,725871,1129602,1530427,0,0,0,0,0,0,0,288178,0,348.81,399.18,470.90
335,1,27,57,100,4533,4533,4533,92746,92746,92746,591,591,591,0.12,0.44,0.74,0.04,0.17,0.30,0.03,0.13,0.23,0.00,0.00,0.00,0.00,0.02,0.04,0.00,0.00,0.00,0.02,0.13,0.25,327598,618529,1472843,760518,1191984,2269541,0,0,0,0,0,0,0,260367,0,359.52,378.58,402.89
335,2,29,79,100,4534,4534,4534,92745,92745,92745,591,591,591,0.21,0.57,0.83,0.09,0.21,0.32,0.07,0.16,0.28,0.00,0.00,0.00,0.01,0.03,0.05,0.00,0.00,0.00,0.05,0.17,0.26,330248,422943,733575,665660,944816,1244790,0,0,0,0,0,0,0,260538,0,350.33,384.64,417.37
335,3,37,68,97,4513,4513,4513,92766,92766,92766,591,591,591,0.20,0.51,0.84,0.08,0.20,0.33,0.05,0.16,0.28,0.00,0.00,0.00,0.01,0.02,0.05,0.00,0.00,0.00,0.04,0.16,0.30,361641,545607,1058680,995809,1200241,1428170,0,0,0,0,0,0,0,279647,0,329.46,353.48,382.68
336,0,36,65,100,4530,4530,4530,92749,92749,92749,591,591,591,0.15,0.49,0.82,0.06,0.18,0.28,0.03,0.14,0.27,0.00,0.00,0.00,0.00,0.02,0.04,0.00,0.00,0.00,0.04,0.14,0.22,191297,514159,835997,657715,1059243,1428270,0,0,0,0,0,0,0,291190,0,347.71,357.38,370.68
336,1,48,78,100,4533,4533,4533,92746,92746,92746,591,591,591,0.29,0.56,0.82,0.12,0.22,0.32,0.08,0.17,0.25,0.00,0.00,0.00,0.01,0.03,0.04,0.00,0.00,0.00,0.08,0.16,0.25,374749,498877,773068,723293,1017692,1716474,0,0,0,0,0,0,0,312871,0,370.47,401.53,440.62
336,2,31,66,100,4534,4534,4534,92745,92745,92745,591,591,591,0.18,0.51,0.77,0.07,0.20,0.30,0.03,0.15,0.22,0.00,0.00,0.00,0.00,0.02,0.04,0.00,0.00,0.00,0.04,0.15,0.24,26206,463323,1027322,416690,1039296,1758503,0,0,0,0,0,0,0,282686,0,294.15,354.29,409.39
336,3,35,75,100,4513,4513,4513,92766,92766,92766,591,591,591,0.15,0.53,0.85,0.05,0.17,0.25,0.03,0.16,0.29,0.00,0.00,0.00,0.00,0.03,0.05,0.00,0.00,0.00,0.02,0.13,0.20,0,414275,777355,529500,964267,1682987,0,0,0,0,0,0,0,328406,0,327.71,339.87,367.09
337,0,31,65,100,4530,4530,4530,92749,92749,92749,591,591,591,0.13,0.46,0.72,0.05,0.18,0.29,0.03,0.14,0.23,0.00,0.00,0.00,0.00,0.02,0.03,0.00,0.00,0.00,0.02,0.14,0.23,463868,984664,2521127,1050300,1606063,3218238,0,0,0,0,0,0,0,302275,0,308.95,353.37,396.99
337,1,27,64,100,4533,4533,4533,92746,92746,92746,591,591,591,0.12,0.51,0.84,0.05,0.17,0.27,0.03,0.15,0.28,0.00,0.00,0.00,0.00,0.02,0.05,0.00,0.00,0.00,0.02,0.13,0.21,335453,503162,809774,568659,1078661,1436136,0,0,0,0,0,0,0,339412,0,335.07,356.44,390.81
337,2,29,65,100,4534,4534,4534,92745,92745,92745,591,591,591,0.16,0.53,0.81,0.06,0.21,0.32,0.03,0.15,0.27,0.00,0.00,0.00,0.00,0.02,0.04,0.00,0.00,0.00,0.03,0.16,0.29,330199,514171,799309,715400,1105389,1671999,0,0,0,0,0,0,0,284968,0,360.88,371.47,376.54
337,3,53,69,97,4513,4513,4513,92766,92766,92766,591,591,591,0.20,0.53,0.86,0.08,0.22,0.34,0.04,0.15,0.20,0.00,0.00,0.00,0.01,0.02,0.03,0.00,0.00,0.00,0.05,0.17,0.27,353724,458084,707589,718043,1000547,1614351,0,0,0,0,0,0,0,298002,0,395.87,422.99,460.06
338,0,31,64,100,4530,4530,4530,92749,92749,92749,591,591,591,0.14,0.48,0.84,0.05,0.18,0.34,0.03,0.14,0.27,0.00,0.00,0.00,0.00,0.02,0.05,0.00,0.00,0.00,0.02,0.12,0.21,463872,667440,815927,967716,1310107,1703460,0,0,0,0,0,0,0,246304,0,339.99,366.45,398.90
338,1,28,62,95,4533,4533,4533,92746,92746,92746,591,591,591,0.14,0.49,0.90,0.05,0.20,0.32,0.03,0.14,0.32,0.00,0.00,0.00,0.00,0.02,0.06,0.00,0.00,0.00,0.03,0.14,0.23,221115,671615,1585499,762627,1274981,2206596,0,0,0,0,0,0,0,293544,0,369.51,423.16,444.27
338,2,32,78,100,4534,4534,4534,92745,92745,92745,591,591,591,0.15,0.54,0.83,0.06,0.20,0.33,0.03,0.16,0.28,0.00,0.00,0.00,0.00,0.03,0.05,0.00,0.00,0.00,0.03,0.14,0.21,330193,411967,623729,466463,1004068,1385482,0,0,0,0,0,0,0,258081,0,359.24,379.24,407.07
338,3,28,70,100,4513,4513,4513,92766,92766,92766,591,591,591,0.12,0.48,0.81,0.04,0.19,0.34,0.03,0.14,0.29,0.00,0.00,0.00,0.00,0.02,0.06,0.00,0.00,0.00,0.02,0.12,0.24,317102,441135,649932,592274,1074456,1637935,0,0,0,0,0,0,0,338959,0,338.04,373.83,406.57
339,0,38,72,100,4530,4530,4530,92749,92749,92749,591,591,591,0.24,0.50,0.83,0.09,0.19,0.28,0.07,0.15,0.27,0.00,0.00,0.00,0.01,0.02,0.05,0.00,0.00,0.00,0.05,0.15,0.26,474333,516250,649855,660398,1053993,1247303,0,0,0,0,0,0,0,324729,0,362.65,398.53,428.77
339,1,32,73,100,4533,4533,4533,92746,92746,92746,591,591,591,0.19,0.59,0.84,0.08,0.21,0.29,0.03,0.17,0.28,0.00,0.00,0.00,0.00,0.03,0.05,0.00,0.00,0.00,0.05,0.16,0.23,328861,427159,770427,621086,892397,1230661,0,0,0,0,0,0,0,377376,0,336.20,373.74,420.06
339,2,34,57,100,4534,4534,4534,92745,92745,92745,591,591,591,0.18,0.44,0.83,0.07,0.17,0.27,0.05,0.12,0.26,0.00,0.00,0.00,0.01,0.02,0.04,0.00,0.00,0.00,0.04,0.13,0.21,306582,538807,1284148,490008,1086002,1716565,0,0,0,0,0,0,0,243818,0,343.97,389.28,423.69
339,3,35,78,100,4513,4513,4513,92766,92766,92766,591,591,591,0.15,0.61,0.83,0.06,0.22,0.30,0.03,0.17,0.28,0.00,0.00,0.00,0.00,0.03,0.05,0.00,0.00,0.00,0.03,0.18,0.27,2572,460960,922984,477910,948842,1681425,0,0,0,0,0,0,0,370606,0,364.96,377.75,411.91
340,0,30,77,100,4530,4530,4530,92749,92749,92749,591,591,591,0.18,0.56,0.76,0.07,0.22,0.29,0.03,0.17,0.25,0.00,0.00,0.00,0.01,0.03,0.05,0.00,0.00,0.00,0.04,0.17,0.26,15724,811721,1931291,906761,1362058,2410839,0,0,0,0,0,0,0,321753,0,309.21,349.74,385.04
340,1,29,58,79,4533,4533,4533,92746,92746,92746,591,591,591,0.25,0.33,0.38,0.10,0.13,0.17,0.05,0.09,0.12,0.00,0.00,0.00,0.01,0.01,0.02,0.00,0.00,0.00,0.07,0.10,0.15,324954,448117,728497,966959,1208745,1577537,0,0,0,0,0,0,0,187801,0,328.13,387.08,436.02
340,2,25,40,51,4534,4534,4534,92745,92745,92745,591,591,591,0.17,0.31,0.41,0.07,0.12,0.16,0.05,0.09,0.13,0.00,0.00,0.00,0.01,0.01,0.01,0.00,0.00,0.00,0.03,0.10,0.15,328698,408820,640154,911271,1092888,1447417,0,0,0,0,0,0,0,221682,0,275.18,286.20,299.67
340,3,39,67,91,4513,4513,4513,92766,92766,92766,591,591,591,0.28,0.45,0.62,0.11,0.18,0.27,0.09,0.14,0.19,0.00,0.00,0.00,0.01,0.02,0.02,0.00,0.00,0.00,0.07,0.12,0.20,345898,490061,778662,919861,1137938,1326609,0,0,0,0,0,0,0,273733,0,376.05,407.83,424.11
341,0,31,67,100,4530,4530,4530,92749,92749,92749,591,591,591,0.14,0.48,0.82,0.05,0.18,0.26,0.03,0.14,0.28,0.00,0.00,0.00,0.00,0.02,0.04,0.00,0.00,0.00,0.02,0.13,0.21,458620,656826,1322948,950242,1241276,1492162,0,0,0,0,0,0,0,327013,0,358.29,362.83,370.08
341,1,28,61,100,4533,4533,4533,92746,92746,92746,591,591,591,0.13,0.49,0.78,0.05,0.19,0.33,0.03,0.15,0.24,0.00,0.00,0.00,0.00,0.02,0.05,0.00,0.00,0.00,0.02,0.13,0.23,335462,590147,1533004,712824,1187122,2455427,0,0,0,0,0,0,0,307714,0,362.40,388.47,410.75
341,2,33,50,94,4534,4534,4534,92745,92745,92745,591,591,591,0.14,0.40,0.76,0.05,0.16,0.33,0.03,0.12,0.26,0.00,0.00,0.00,0.00,0.02,0.04,0.00,0.00,0.00,0.02,0.10,0.22,335433,411970,670914,710189,1124265,1302423,0,0,0,0,0,0,0,247660,0,294.79,323.10,350.86
341,3,31,56,100,4513,4513,4513,92766,92766,92766,591,591,591,0.13,0.44,0.80,0.05,0.17,0.29,0.03,0.12,0.24,0.00,0.00,0.00,0.00,0.02,0.03,0.00,0.00,0.00,0.02,0.13,0.24,309231,375264,476973,835830,1038977,1265767,0,0,0,0,0,0,0,298141,0,331.10,362.16,388.19
342,0,30,49,95,4530,4530,4530,92749,92749,92749,591,591,591,0.14,0.43,0.85,0.05,0.17,0.34,0.03,0.13,0.26,0.00,0.00,0.00,0.00,0.02,0.05,0.00,0.00,0.00,0.02,0.11,0.20,463775,728364,1213389,788850,1376527,1986498,0,0,0,0,0,0,0,255774,0,336.30,378.33,413.74
342,1,74,90,100,4533,4533,4533,92746,92746,92746,591,591,591,0.48,0.67,0.84,0.18,0.25,0.30,0.11,0.20,0.28,0.00,0.00,0.00,0.03,0.03,0.05,0.00,0.00,0.00,0.11,0.19,0.24,252206,535731,956358,504412,942662,1477504,0,0,0,0,0,0,0,385157,0,358.50,402.74,476.79
342,2,80,92,100,4534,4534,4534,92745,92745,92745,591,591,591,0.46,0.72,0.82,0.17,0.27,0.34,0.15,0.21,0.27,0.00,0.00,0.00,0.03,0.04,0.05,0.00,0.00,0.00,0.10,0.20,0.30,10481,582104,1299904,332801,949693,1881716,0,0,0,0,0,0,0,322199,0,357.56,414.59,471.84
342,3,48,63,100,4513,4513,4513,92766,92766,92766,591,591,591,0.25,0.47,0.67,0.09,0.18,0.24,0.07,0.14,0.20,0.00,0.00,0.00,0.01,0.02,0.03,0.00,0.00,0.00,0.06,0.14,0.19,131035,561832,782220,888421,1174946,1381506,0,0,0,0,0,0,0,195329,0,332.16,362.05,401.37
343,0,54,88,100,4530,4530,4530,92749,92749,92749,591,591,591,0.24,0.70,0.86,0.11,0.24,0.34,0.03,0.20,0.29,0.00,0.00,0.00,0.01,0.03,0.05,0.00,0.00,0.00,0.08,0.19,0.28,20965,841163,2072787,133653,1253064,2180226,0,0,0,0,0,0,0,307390,0,324.99,364.94,444.76
343,1,28,69,100,4533,4533,4533,92746,92746,92746,591,591,591,0.13,0.52,0.82,0.05,0.20,0.32,0.03,0.15,0.27,0.00,0.00,0.00,0.00,0.02,0.04,0.00,0.00,0.00,0.02,0.15,0.24,335444,427163,739038,563413,978541,1234331,0,0,0,0,0,0,0,343276,0,358.55,380.05,410.94
343,2,30,67,100,4534,4534,4534,92745,92745,92745,591,591,591,0.14,0.54,0.84,0.05,0.19,0.30,0.03,0.15,0.28,0.00,0.00,0.00,0.00,0.03,0.05,0.00,0.00,0.00,0.02,0.14,0.24,332829,506423,1111258,470301,1061536,1383298,0,0,0,0,0,0,0,337367,0,343.35,365.96,405.01
343,3,28,68,100,4513,4513,4513,92766,92766,92766,591,591,591,0.15,0.53,0.90,0.06,0.20,0.33,0.03,0.16,0.32,0.00,0.00,0.00,0.00,0.03,0.06,0.00,0.00,0.00,0.03,0.14,0.25,307048,431965,707543,545112,1042942,1273650,0,0,0,0,0,0,0,335229,0,315.32,361.02,403.57
344,0,27,52,86,4530,4530,4530,92749,92749,92749,591,591,591,0.11,0.36,0.61,0.04,0.15,0.25,0.02,0.10,0.17,0.00,0.00,0.00,0.00,0.01,0.02,0.00,0.00,0.00,0.02,0.11,0.23,448945,604854,1005556,1108572,1270300,1529174,0,0,0,0,0,0,0,254024,0,312.28,393.70,457.49
344,1,26,67,100,4533,4533,4533,92746,92746,92746,591,591,591,0.11,0.47,0.81,0.04,0.18,0.27,0.02,0.13,0.27,0.00,0.00,0.00,0.00,0.02,0.04,0.00,0.00,0.00,0.02,0.14,0.24,343308,672434,1734803,762721,1233722,2175056,0,0,0,0,0,0,0,323765,0,361.67,389.65,419.79
344,2,32,67,95,4534,4534,4534,92745,92745,92745,591,591,591,0.16,0.53,0.84,0.06,0.22,0.30,0.04,0.16,0.30,0.00,0.00,0.00,0.00,0.03,0.06,0.00,0.00,0.00,0.03,0.16,0.23,343294,416625,547740,749516,925574,1228851,0,0,0,0,0,0,0,313434,0,382.15,403.37,424.31
344,3,34,79,100,4513,4513,4513,92766,92766,92766,591,591,591,0.14,0.54,0.83,0.05,0.19,0.28,0.03,0.15,0.28,0.00,0.00,0.00,0.00,0.02,0.05,0.00,0.00,0.00,0.02,0.16,0.22,319722,448266,710852,563437,988289,1399447,0,0,0,0,0,0,0,357214,0,341.23,370.95,409.13
345,0,32,67,100,4530,4530,4530,92749,92749,92749,591,591,591,0.13,0.48,0.74,0.05,0.19,0.29,0.03,0.14,0.23,0.00,0.00,0.00,0.00,0.02,0.03,0.00,0.00,0.00,0.02,0.14,0.24,500546,737038,980055,951301,1358981,1810892,0,0,0,0,0,0,0,274796,0,334.37,357.08,382.96
345,1,27,55,87,4533,4533,4533,92746,92746,92746,591,591,591,0.12,0.37,0.78,0.04,0.14,0.32,0.03,0.11,0.24,0.00,0.00,0.00,0.00,0.02,0.05,0.00,0.00,0.00,0.02,0.09,0.19,225037,390658,686563,675994,1006042,1333820,0,0,0,0,0,0,0,267703,0,331.67,372.60,421.86
345,2,30,74,100,4534,4534,4534,92745,92745,92745,591,591,591,0.14,0.54,0.84,0.05,0.18,0.30,0.03,0.15,0.28,0.00,0.00,0.00,0.00,0.03,0.05,0.00,0.00,0.00,0.02,0.14,0.24,254205,552765,1276224,385239,1099753,1546144,0,0,0,0,0,0,0,356587,0,330.77,350.60,384.28
345,3,31,51,94,4513,4513,4513,92766,92766,92766,591,591,591,0.16,0.39,0.64,0.06,0.15,0.24,0.03,0.11,0.22,0.00,0.00,0.00,0.00,0.02,0.04,0.00,0.00,0.00,0.03,0.10,0.17,0,516751,1139825,951290,1290879,2112029,0,0,0,0,0,0,0,289234,0,317.88,377.48,427.41
346,0,31,65,100,4530,4530,4530,92749,92749,92749,591,591,591,0.13,0.48,0.80,0.05,0.19,0.29,0.03,0.14,0.23,0.00,0.00,0.00,0.00,0.02,0.03,0.00,0.00,0.00,0.02,0.15,0.24,47172,801383,2162068,568690,1376344,3068827,0,0,0,0,0,0,0,313323,0,368.85,376.02,381.37
346,1,38,78,100,4533,4533,4533,92746,92746,92746,591,591,591,0.22,0.60,0.84,0.10,0.22,0.32,0.03,0.17,0.28,0.00,0.00,0.00,0.01,0.03,0.05,0.00,0.00,0.00,0.08,0.18,0.26,322304,418799,605550,511033,856448,1433768,0,0,0,0,0,0,0,378886,0,318.47,362.05,421.19
346,2,26,72,95,4534,4534,4534,92745,92745,92745,591,591,591,0.14,0.57,0.90,0.05,0.23,0.32,0.03,0.17,0.32,0.00,0.00,0.00,0.00,0.03,0.07,0.00,0.00,0.00,0.03,0.16,0.25,335410,504606,1008403,775724,996897,1163456,0,0,0,0,0,0,0,321519,0,398.83,405.63,414.64
346,3,40,81,100,4513,4513,4513,92766,92766,92766,591,591,591,0.21,0.60,0.82,0.08,0.22,0.28,0.06,0.18,0.27,0.00,0.00,0.00,0.01,0.03,0.04,0.00,0.00,0.00,0.05,0.18,0.24,304638,526370,849149,541856,1029334,1362729,0,0,0,0,0,0,0,317598,0,362.69,386.86,417.39
347,0,33,75,100,4530,4530,4530,92749,92749,92749,591,591,591,0.14,0.50,0.81,0.05,0.19,0.29,0.03,0.15,0.26,0.00,0.00,0.00,0.00,0.02,0.04,0.00,0.00,0.00,0.02,0.14,0.22,476957,653195,1092792,739022,1205497,2015245,0,0,0,0,0,0,0,282110,0,362.57,369.08,374.34
347,1,39,61,84,4533,4533,4533,92746,92746,92746,591,591,591,0.30,0.40,0.64,0.11,0.16,0.28,0.08,0.12,0.20,0.00,0.00,0.00,0.01,0.02,0.03,0.00,0.00,0.00,0.08,0.12,0.23,364236,495949,615856,752057,1225792,1619572,0,0,0,0,0,0,0,256606,0,350.59,381.09,433.61
347,2,27,49,100,4532,4533,4534,92745,92746,92747,591,591,591,0.13,0.30,0.65,0.05,0.11,0.24,0.03,0.07,0.16,0.00,0.00,0.00,0.00,0.01,0.03,0.00,0.00,0.00,0.02,0.08,0.20,330240,384605,516105,1019552,1209907,1461863,0,0,0,0,0,0,0,267429,0,318.65,343.24,366.21
347,3,31,63,100,4513,4513,4514,92765,92765,92766,591,591,591,0.17,0.44,0.62,0.07,0.18,0.24,0.03,0.13,0.20,0.00,0.00,0.00,0.01,0.02,0.03,0.00,0.00,0.00,0.04,0.14,0.23,353750,435666,668288,914638,1050818,1213151,0,0,0,0,0,0,0,259976,0,335.65,362.31,390.74
348,0,29,75,100,4530,4530,4530,92749,92749,92749,591,591,591,0.13,0.60,0.80,0.05,0.23,0.32,0.03,0.18,0.28,0.00,0.00,0.00,0.00,0.03,0.05,0.00,0.00,0.00,0.02,0.17,0.28,463869,576874,793773,754751,1084196,1344435,0,0,0,0,0,0,0,271125,0,380.81,393.70,411.05
348,1,30,71,100,4533,4533,4533,92746,92746,92746,591,591,591,0.17,0.55,0.79,0.07,0.21,0.34,0.03,0.16,0.26,0.00,0.00,0.00,0.00,0.03,0.04,0.00,0.00,0.00,0.04,0.16,0.25,353551,603246,775729,709721,1165079,1674632,0,0,0,0,0,0,0,378488,0,321.99,372.03,414.84
348,2,32,79,100,4532,4532,4532,92747,92747,92747,591,591,591,0.13,0.65,0.85,0.05,0.22,0.33,0.03,0.20,0.28,0.00,0.00,0.00,0.00,0.03,0.05,0.00,0.00,0.00,0.02,0.16,0.27,340690,435557,767856,453380,798785,1252683,0,0,0,0,0,0,0,248652,0,321.63,409.68,474.87
348,3,28,48,100,4514,4514,4514,92765,92765,92765,591,591,591,0.15,0.40,0.57,0.06,0.15,0.24,0.04,0.12,0.17,0.00,0.00,0.00,0.00,0.02,0.02,0.00,0.00,0.00,0.03,0.12,0.19,138889,386637,636819,914575,1070633,1160950,0,0,0,0,0,0,0,270817,0,331.52,346.42,360.09
349,0,32,70,100,4530,4530,4530,92749,92749,92749,591,591,591,0.14,0.57,0.83,0.05,0.21,0.30,0.03,0.16,0.28,0.00,0.00,0.00,0.00,0.03,0.05,0.00,0.00,0.00,0.02,0.16,0.24,7861,482332,660255,353781,993319,1517016,0,0,0,0,0,0,0,352377,0,330.57,371.36,441.78
349,1,28,53,100,4525,4528,4533,92746,92750,92754,591,591,591,0.12,0.45,0.84,0.05,0.16,0.27,0.03,0.13,0.28,0.00,0.00,0.00,0.00,0.02,0.05,0.00,0.00,0.00,0.02,0.11,0.19,258479,430684,853465,552973,1041980,1758344,0,0,0,0,0,0,0,245198,0,312.99,377.95,443.92
349,2,34,76,100,4532,4532,4533,92746,92746,92747,591,591,591,0.31,0.52,0.75,0.12,0.20,0.28,0.09,0.15,0.22,0.00,0.00,0.00,0.01,0.02,0.03,0.00,0.00,0.00,0.07,0.16,0.23,242812,823764,1378522,854209,1460222,2253799,0,0,0,0,0,0,0,301518,0,346.34,379.75,405.13
349,3,32,64,88,4514,4514,4514,92765,92765,92765,591,591,591,0.14,0.46,0.88,0.05,0.19,0.32,0.03,0.13,0.31,0.00,0.00,0.00,0.00,0.02,0.06,0.00,0.00,0.00,0.02,0.13,0.25,324963,494262,901535,1077070,1195034,1315579,0,0,0,0,0,0,0,255707,0,346.91,374.52,404.24
350,0,26,58,100,4530,4530,4530,92749,92749,92749,591,591,591,0.13,0.45,0.80,0.05,0.17,0.29,0.03,0.13,0.24,0.00,0.00,0.00,0.00,0.02,0.04,0.00,0.00,0.00,0.02,0.14,0.24,469092,920381,2104412,822882,1507410,2728136,0,0,0,0,0,0,0,290525,0,344.66,387.49,447.06
350,1,31,79,100,4525,4525,4525,92754,92754,92754,591,591,591,0.17,0.59,0.85,0.07,0.21,0.31,0.03,0.17,0.29,0.00,0.00,0.00,0.00,0.03,0.05,0.00,0.00,0.00,0.04,0.16,0.28,327579,482697,626202,450748,911922,1558957,0,0,0,0,0,0,0,316229,0,367.71,432.96,475.78
350,2,26,54,100,4533,4533,4533,92746,92746,92746,591,591,591,0.13,0.39,0.65,0.05,0.16,0.25,0.03,0.12,0.21,0.00,0.00,0.00,0.00,0.02,0.03,0.00,0.00,0.00,0.02,0.12,0.24,321237,702401,1648432,845623,1361207,2067748,0,0,0,0,0,0,0,254618,0,310.06,344.61,364.30
350,3,32,79,100,4514,4514,4514,92765,92765,92765,591,591,591,0.29,0.62,0.84,0.12,0.22,0.31,0.09,0.19,0.28,0.00,0.00,0.00,0.01,0.03,0.05,0.00,0.00,0.00,0.07,0.17,0.24,317096,407769,647324,469023,843322,1119054,0,0,0,0,0,0,0,322268,0,358.55,393.93,426.21
351,0,28,60,100,4530,4530,4530,92749,92749,92749,591,591,591,0.13,0.38,0.55,0.05,0.15,0.21,0.03,0.11,0.15,0.00,0.00,0.00,0.00,0.02,0.03,0.00,0.00,0.00,0.02,0.11,0.18,461263,680184,1202786,1050946,1396551,2046571,0,0,0,0,0,0,0,262999,0,303.85,353.34,410.07
351,1,34,75,97,4523,4524,4525,92754,92754,92756,591,591,591,0.15,0.56,0.91,0.05,0.22,0.34,0.03,0.18,0.32,0.00,0.00,0.00,0.00,0.03,0.07,0.00,0.00,0.00,0.02,0.15,0.26,359035,544580,846485,704957,1135288,1575043,0,0,0,0,0,0,0,283580,0,404.82,414.25,433.03
351,2,36,69,100,4533,4533,4533,92746,92746,92746,591,591,591,0.17,0.51,0.76,0.07,0.20,0.32,0.05,0.15,0.25,0.00,0.00,0.00,0.01,0.02,0.04,0.00,0.00,0.00,0.04,0.15,0.22,340691,578105,1132044,783571,1180325,1802885,0,0,0,0,0,0,0,290383,0,330.64,354.03,393.29
351,3,25,54,100,4514,4514,4514,92765,92765,92765,591,591,591,0.14,0.43,0.70,0.06,0.17,0.26,0.03,0.13,0.20,0.00,0.00,0.00,0.00,0.02,0.03,0.00,0.00,0.00,0.03,0.13,0.21,228496,516438,1116414,763980,1129758,1939310,0,0,0,0,0,0,0,321224,0,318.24,363.27,401.26
352,0,25,55,100,4530,4530,4530,92749,92749,92749,591,591,591,0.26,0.41,0.80,0.09,0.16,0.28,0.07,0.12,0.24,0.00,0.00,0.00,0.01,0.02,0.04,0.00,0.00,0.00,0.06,0.13,0.23,463872,631391,830723,948693,1179460,1523397,0,0,0,0,0,0,0,257155,0,325.99,353.80,379.89
352,1,34,83,100,4523,4523,4523,92756,92756,92756,591,591,591,0.25,0.69,0.86,0.12,0.24,0.34,0.03,0.19,0.29,0.00,0.00,0.00,0.01,0.03,0.05,0.00,0.00,0.00,0.09,0.19,0.30,343306,475859,863918,547725,894738,1326055,0,0,0,0,0,0,0,409259,0,351.80,389.94,472.42
352,2,31,61,100,4533,4533,4533,92746,92746,92746,591,591,591,0.13,0.51,0.82,0.05,0.19,0.34,0.03,0.14,0.28,0.00,0.00,0.00,0.00,0.02,0.05,0.00,0.00,0.00,0.02,0.14,0.27,305740,414979,662973,812365,983082,1297251,0,0,0,0,0,0,0,328230,0,301.60,347.52,391.11
352,3,27,61,95,4514,4514,4514,92765,92765,92765,591,591,591,0.29,0.45,0.68,0.12,0.18,0.30,0.09,0.13,0.20,0.00,0.00,0.00,0.01,0.02,0.02,0.00,0.00,0.00,0.07,0.15,0.23,366888,475898,623706,911979,1182206,1458567,0,0,0,0,0,0,0,304404,0,333.53,354.91,373.64
353,0,26,51,85,4530,4530,4530,92749,92749,92749,591,591,591,0.26,0.34,0.56,0.10,0.13,0.23,0.08,0.10,0.15,0.00,0.00,0.00,0.01,0.01,0.02,0.00,0.00,0.00,0.07,0.11,0.22,324965,751093,1787370,1060505,1432286,2285318,0,0,0,0,0,0,0,227929,0,296.88,303.69,315.28
353,1,30,62,100,4523,4523,4523,92756,92756,92756,591,591,591,0.21,0.39,0.66,0.08,0.16,0.28,0.03,0.12,0.22,0.00,0.00,0.00,0.01,0.02,0.03,0.00,0.00,0.00,0.05,0.11,0.19,324896,466638,663015,809776,1181180,1653607,0,0,0,0,0,0,0,239858,0,338.80,406.46,474.89
353,2,34,68,100,4533,4533,4533,92746,92746,92746,591,591,591,0.15,0.52,0.82,0.05,0.18,0.26,0.03,0.16,0.27,0.00,0.00,0.00,0.00,0.03,0.05,0.00,0.00,0.00,0.03,0.13,0.21,332039,421974,572388,653939,1002672,1584241,0,0,0,0,0,0,0,279537,0,360.93,388.53,426.47
353,3,36,66,100,4514,4514,4514,92765,92765,92765,591,591,591,0.15,0.52,0.89,0.06,0.18,0.32,0.03,0.16,0.31,0.00,0.00,0.00,0.00,0.03,0.06,0.00,0.00,0.00,0.03,0.12,0.19,314482,334400,369524,476964,965464,1339167,0,0,0,0,0,0,0,261248,0,347.26,366.92,403.10
354,0,29,57,83,4530,4530,4530,92749,92749,92749,591,591,591,0.14,0.40,0.67,0.06,0.16,0.24,0.03,0.12,0.21,0.00,0.00,0.00,0.00,0.02,0.03,0.00,0.00,0.00,0.03,0.12,0.19,476960,608645,807171,1045668,1249396,1658895,0,0,0,0,0,0,0,278036,0,287.40,305.54,334.95
354,1,35,72,100,4523,4523,4523,92756,92756,92756,591,591,591,0.28,0.56,0.75,0.12,0.21,0.29,0.10,0.16,0.24,0.00,0.00,0.00,0.01,0.02,0.04,0.00,0.00,0.00,0.08,0.17,0.27,348419,862126,1614199,801626,1449091,2256210,0,0,0,0,0,0,0,379943,0,350.06,384.44,399.99
354,2,30,58,83,4533,4533,4533,92746,92746,92746,591,591,591,0.12,0.43,0.67,0.05,0.18,0.32,0.03,0.11,0.18,0.00,0.00,0.00,0.00,0.02,0.03,0.00,0.00,0.00,0.02,0.14,0.29,343311,754766,1192416,799312,1411254,2086073,0,0,0,0,0,0,0,229929,0,374.24,392.77,411.46
354,3,28,77,100,4514,4514,4514,92765,92765,92765,591,591,591,0.13,0.58,0.82,0.05,0.23,0.34,0.03,0.17,0.27,0.00,0.00,0.00,0.00,0.03,0.04,0.00,0.00,0.00,0.02,0.17,0.30,340697,527401,967052,607944,984048,1831895,0,0,0,0,0,0,0,245603,0,366.80,414.79,453.83
355,0,32,58,90,4530,4530,4530,92749,92749,92749,591,591,591,0.17,0.33,0.49,0.06,0.13,0.21,0.05,0.09,0.14,0.00,0.00,0.00,0.01,0.01,0.02,0.00,0.00,0.00,0.03,0.10,0.17,457217,509732,651164,967047,1169571,1403505,0,0,0,0,0,0,0,277772,0,306.78,326.49,341.67
355,1,32,52,97,4523,4523,4523,92756,92756,92756,591,591,591,0.14,0.41,0.82,0.05,0.16,0.34,0.03,0.11,0.26,0.00,0.00,0.00,0.00,0.02,0.05,0.00,0.00,0.00,0.02,0.10,0.21,338068,707436,1333958,1071794,1386425,1622239,0,0,0,0,0,0,0,220431,0,332.46,380.11,447.19
355,2,46,71,100,4533,4533,4533,92746,92746,92746,591,591,591,0.23,0.56,0.80,0.09,0.22,0.30,0.07,0.17,0.27,0.00,0.00,0.00,0.01,0.03,0.04,0.00,0.00,0.00,0.06,0.17,0.22,343315,409343,484825,594796,894692,1071877,0,0,0,0,0,0,0,278222,0,333.98,363.39,388.12
355,3,30,72,100,4514,4514,4514,92765,92765,92765,591,591,591,0.33,0.62,0.90,0.13,0.24,0.35,0.07,0.19,0.29,0.00,0.00,0.00,0.01,0.03,0.06,0.00,0.00,0.00,0.07,0.17,0.25,237609,393758,534554,550240,894234,1276217,0,0,0,0,0,0,0,346930,0,385.33,401.02,435.28
356,0,32,62,100,4530,4530,4530,92749,92749,92749,591,591,591,0.14,0.49,0.81,0.05,0.18,0.31,0.03,0.15,0.27,0.00,0.00,0.00,0.00,0.02,0.04,0.00,0.00,0.00,0.02,0.13,0.21,487453,993250,2282747,998514,1592316,2474068,0,0,0,0,0,0,0,254729,0,299.18,332.13,362.81
356,1,74,89,100,4523,4523,4523,92756,92756,92756,591,591,591,0.59,0.77,0.85,0.24,0.27,0.36,0.16,0.23,0.29,0.00,0.00,0.00,0.02,0.04,0.05,0.00,0.00,0.00,0.15,0.21,0.33,359015,443926,749525,513565,702316,872699,0,0,0,0,0,0,0,396264,0,325.07,419.00,495.91
356,2,34,66,100,4533,4533,4533,92746,92746,92746,591,591,591,0.17,0.48,0.83,0.07,0.18,0.31,0.03,0.14,0.22,0.00,0.00,0.00,0.00,0.02,0.04,0.00,0.00,0.00,0.04,0.13,0.24,221564,422321,639473,673281,1044711,1541026,0,0,0,0,0,0,0,339051,0,307.64,353.98,385.75
356,3,36,81,100,4508,4509,4514,92765,92769,92771,591,591,591,0.16,0.60,0.85,0.06,0.20,0.26,0.03,0.18,0.28,0.00,0.00,0.00,0.00,0.03,0.05,0.00,0.00,0.00,0.03,0.15,0.20,359005,521489,628973,636775,1046622,1577671,0,0,0,0,0,0,0,356356,0,342.33,365.56,406.61
357,0,26,60,100,4530,4530,4530,92749,92749,92749,591,591,591,0.34,0.49,0.82,0.12,0.20,0.32,0.09,0.14,0.21,0.00,0.00,0.00,0.01,0.02,0.03,0.00,0.00,0.00,0.10,0.15,0.26,319730,684497,1181795,856108,1240945,1538383,0,0,0,0,0,0,0,267394,0,341.99,377.82,409.99
357,1,27,58,100,4523,4523,4523,92756,92756,92756,591,591,591,0.12,0.42,0.80,0.04,0.16,0.27,0.03,0.12,0.26,0.00,0.00,0.00,0.00,0.02,0.04,0.00,0.00,0.00,0.02,0.12,0.22,141487,489171,868302,605365,1171540,1654491,0,0,0,0,0,0,0,334980,0,355.62,382.63,431.67
357,2,30,66,100,4533,4533,4533,92746,92746,92746,591,591,591,0.14,0.45,0.75,0.05,0.18,0.32,0.03,0.13,0.25,0.00,0.00,0.00,0.00,0.02,0.04,0.00,0.00,0.00,0.02,0.13,0.25,323356,478648,820256,864831,1147188,1491167,0,0,0,0,0,0,0,327488,0,350.15,392.38,417.90
357,3,32,57,100,4508,4508,4508,92771,92771,92771,591,591,591,0.19,0.40,0.69,0.07,0.17,0.32,0.05,0.11,0.14,0.00,0.00,0.00,0.01,0.01,0.02,0.00,0.00,0.00,0.04,0.13,0.29,317104,398327,521456,731181,1066049,1394044,0,0,0,0,0,0,0,288283,0,341.42,403.59,449.08
358,0,30,64,100,4530,4530,4530,92749,92749,92749,591,591,591,0.13,0.48,0.78,0.05,0.19,0.30,0.03,0.14,0.26,0.00,0.00,0.00,0.00,0.02,0.05,0.00,0.00,0.00,0.02,0.14,0.25,446237,565109,777124,791804,1169818,1328461,0,0,0,0,0,0,0,318070,0,309.66,355.03,375.67
358,1,28,55,96,4523,4523,4523,92756,92756,92756,591,591,591,0.13,0.42,0.76,0.05,0.17,0.29,0.03,0.12,0.27,0.00,0.00,0.00,0.00,0.02,0.05,0.00,0.00,0.00,0.02,0.12,0.24,322127,455953,725940,775663,1130570,1588159,0,0,0,0,0,0,0,248436,0,337.28,379.73,431.53
358,2,34,74,100,4533,4533,4533,92746,92746,92746,591,591,591,0.22,0.60,0.84,0.10,0.21,0.30,0.03,0.17,0.28,0.00,0.00,0.00,0.01,0.03,0.05,0.00,0.00,0.00,0.07,0.16,0.24,351176,829693,1396800,767796,1294072,2148918,0,0,0,0,0,0,0,347099,0,339.62,368.60,405.98
358,3,34,56,97,4508,4508,4508,92771,92771,92771,591,591,591,0.15,0.50,0.90,0.06,0.21,0.36,0.03,0.14,0.28,0.00,0.00,0.00,0.00,0.03,0.06,0.00,0.00,0.00,0.03,0.14,0.24,211381,586478,880510,780892,1257788,1572409,0,0,0,0,0,0,0,245478,0,334.88,361.99,389.20
359,0,30,74,100,4530,4530,4530,92749,92749,92749,591,591,591,0.13,0.55,0.81,0.05,0.21,0.32,0.03,0.16,0.27,0.00,0.00,0.00,0.00,0.03,0.04,0.00,0.00,0.00,0.03,0.15,0.26,479380,543492,655205,654890,1049797,1365351,0,0,0,0,0,0,0,374770,0,341.13,361.28,389.45
359,1,28,82,100,4523,4523,4523,92756,92756,92756,591,591,591,0.13,0.62,0.83,0.05,0.22,0.32,0.03,0.19,0.28,0.00,0.00,0.00,0.00,0.03,0.05,0.00,0.00,0.00,0.02,0.16,0.26,327572,616872,867448,686591,1007344,1742759,0,0,0,0,0,0,0,266210,0,361.87,417.74,470.01
359,2,28,55,94,4531,4532,4533,92746,92746,92748,591,591,591,0.14,0.38,0.81,0.05,0.15,0.30,0.03,0.11,0.27,0.00,0.00,0.00,0.00,0.02,0.06,0.00,0.00,0.00,0.02,0.10,0.21,318686,369516,505947,754574,1097207,1371172,0,0,0,0,0,0,0,276976,0,331.59,382.05,413.12
359,3,82,96,100,4508,4508,4508,92771,92771,92771,591,591,591,0.42,0.73,0.85,0.17,0.25,0.33,0.14,0.23,0.28,0.00,0.00,0.00,0.02,0.04,0.05,0.00,0.00,0.00,0.10,0.18,0.26,324949,441313,678766,455977,745832,1297256,0,0,0,0,0,0,0,369307,0,349.13,403.66,461.91
360,0,28,60,100,4530,4530,4530,92749,92749,92749,591,591,591,0.24,0.44,0.77,0.09,0.18,0.29,0.05,0.13,0.23,0.00,0.00,0.00,0.01,0.02,0.03,0.00,0.00,0.00,0.06,0.14,0.24,487380,900391,1942719,935599,1503346,2842450,0,0,0,0,0,0,0,284062,0,332.87,376.90,404.68
360,1,32,72,100,4523,4523,4523,92756,92756,92756,591,591,591,0.14,0.48,0.81,0.05,0.19,0.31,0.03,0.13,0.21,0.00,0.00,0.00,0.00,0.02,0.03,0.00,0.00,0.00,0.03,0.15,0.26,429834,987068,1346825,872773,1576272,1960259,0,0,0,0,0,0,0,324735,0,357.07,379.21,397.64
360,2,58,89,100,4531,4531,4531,92748,92748,92748,591,591,591,0.32,0.72,0.85,0.16,0.23,0.26,0.03,0.22,0.29,0.00,0.00,0.00,0.01,0.04,0.05,0.00,0.00,0.00,0.14,0.18,0.20,351180,425828,545133,511046,786734,1322895,0,0,0,0,0,0,0,358230,0,326.71,356.53,416.56
360,3,34,80,100,4508,4508,4508,92771,92771,92771,591,591,591,0.22,0.57,0.77,0.09,0.23,0.32,0.04,0.17,0.25,0.00,0.00,0.00,0.01,0.03,0.04,0.00,0.00,0.00,0.06,0.17,0.26,330194,406858,610622,804539,989951,1331258,0,0,0,0,0,0,0,301398,0,390.31,403.61,411.86
361,0,28,64,100,4530,4530,4530,92749,92749,92749,591,591,591,0.15,0.46,0.78,0.06,0.18,0.28,0.03,0.13,0.24,0.00,0.00,0.00,0.00,0.02,0.03,0.00,0.00,0.00,0.03,0.14,0.23,482202,695202,1119015,917233,1367368,2007415,0,0,0,0,0,0,0,300703,0,322.40,357.24,384.09
361,1,28,61,94,4523,4523,4523,92756,92756,92756,591,591,591,0.13,0.49,0.78,0.05,0.19,0.34,0.03,0.15,0.27,0.00,0.00,0.00,0.00,0.02,0.05,0.00,0.00,0.00,0.02,0.12,0.21,322293,515224,733811,600042,1107192,1451922,0,0,0,0,0,0,0,257855,0,364.73,396.18,422.24
361,2,30,62,100,4531,4531,4531,92748,92748,92748,591,591,591,0.13,0.49,0.74,0.05,0.20,0.35,0.03,0.13,0.25,0.00,0.00,0.00,0.00,0.02,0.05,0.00,0.00,0.00,0.02,0.14,0.28,332810,594355,1496388,720641,1208101,1873761,0,0,0,0,0,0,0,263553,0,359.72,419.08,481.17
361,3,30,71,100,4508,4508,4508,92771,92771,92771,591,591,591,0.15,0.50,0.81,0.05,0.18,0.27,0.03,0.14,0.26,0.00,0.00,0.00,0.00,0.02,0.04,0.00,0.00,0.00,0.02,0.14,0.20,324898,666049,977522,804384,1252972,1973389,0,0,0,0,0,0,0,322015,0,366.69,368.64,372.01
362,0,31,63,100,4530,4530,4530,92749,92749,92749,591,591,591,0.14,0.46,0.82,0.05,0.18,0.29,0.03,0.14,0.27,0.00,0.00,0.00,0.00,0.02,0.04,0.00,0.00,0.00,0.02,0.12,0.20,456987,640951,1002463,725915,1236573,1574856,0,0,0,0,0,0,0,243322,0,329.73,357.45,403.66
362,1,47,87,100,4523,4523,4523,92756,92756,92756,591,591,591,0.22,0.68,0.85,0.10,0.24,0.34,0.03,0.19,0.28,0.00,0.00,0.00,0.01,0.03,0.05,0.00,0.00,0.00,0.08,0.19,0.30,351129,493153,880461,476907,891986,1242114,0,0,0,0,0,0,0,448872,0,315.60,372.94,468.98
362,2,31,67,100,4531,4531,4531,92748,92748,92748,591,591,591,0.15,0.57,0.83,0.05,0.22,0.34,0.03,0.17,0.28,0.00,0.00,0.00,0.00,0.03,0.05,0.00,0.00,0.00,0.02,0.16,0.30,338072,524662,828116,563467,1019975,1622217,0,0,0,0,0,0,0,264640,0,365.14,402.49,446.07
362,3,26,59,97,4508,4508,4508,92771,92771,92771,591,591,591,0.30,0.51,0.82,0.12,0.20,0.34,0.08,0.16,0.26,0.00,0.00,0.00,0.01,0.03,0.05,0.00,0.00,0.00,0.09,0.13,0.21,338075,501686,936497,668288,1088010,1748944,0,0,0,0,0,0,0,317746,0,346.63,372.85,398.19
363,0,47,80,100,4530,4530,4530,92749,92749,92749,591,591,591,0.25,0.57,0.82,0.10,0.23,0.29,0.07,0.16,0.24,0.00,0.00,0.00,0.01,0.02,0.04,0.00,0.00,0.00,0.06,0.18,0.26,309200,865866,2101763,731157,1392260,2484379,0,0,0,0,0,0,0,293953,0,365.88,391.09,407.07
363,1,33,50,68,4523,4523,4523,92756,92756,92756,591,591,591,0.27,0.41,0.63,0.10,0.16,0.25,0.06,0.12,0.20,0.00,0.00,0.00,0.01,0.02,0.02,0.00,0.00,0.00,0.07,0.12,0.20,338069,483951,639446,919864,1196252,1501648,0,0,0,0,0,0,0,305705,0,350.85,414.35,476.21
363,2,66,86,100,4531,4531,4531,92748,92748,92748,591,591,591,0.37,0.62,0.83,0.15,0.22,0.28,0.10,0.18,0.28,0.00,0.00,0.00,0.02,0.03,0.05,0.00,0.00,0.00,0.09,0.17,0.22,219268,404183,563424,461122,826046,1074487,0,0,0,0,0,0,0,360092,0,347.14,387.74,433.16
363,3,34,67,100,4508,4508,4508,92771,92771,92771,591,591,591,0.14,0.47,0.85,0.05,0.16,0.25,0.03,0.13,0.29,0.00,0.00,0.00,0.00,0.02,0.05,0.00,0.00,0.00,0.02,0.11,0.18,319711,514660,1139801,555583,1166151,1409923,0,0,0,0,0,0,0,350676,0,324.06,338.88,355.10
364,0,31,67,100,4530,4530,4530,92749,92749,92749,591,591,591,0.13,0.50,0.82,0.05,0.18,0.30,0.03,0.15,0.27,0.00,0.00,0.00,0.00,0.03,0.05,0.00,0.00,0.00,0.02,0.12,0.20,440226,585978,988048,607931,1157276,1839815,0,0,0,0,0,0,0,266562,0,350.61,362.60,380.97
364,1,30,58,100,4523,4523,4523,92756,92756,92756,591,591,591,0.18,0.39,0.76,0.07,0.16,0.30,0.03,0.11,0.19,0.00,0.00,0.00,0.01,0.01,0.03,0.00,0.00,0.00,0.04,0.12,0.27,332820,471216,597504,903177,1131872,1441348,0,0,0,0,0,0,0,256562,0,343.73,362.74,402.24
364,2,28,57,91,4531,4531,4531,92748,92748,92748,591,591,591,0.14,0.41,0.71,0.05,0.16,0.25,0.02,0.11,0.22,0.00,0.00,0.00,0.00,0.02,0.03,0.00,0.00,0.00,0.03,0.13,0.21,330163,571822,1294595,927795,1225926,1763690,0,0,0,0,0,0,0,293550,0,317.41,359.27,391.63
364,3,30,73,100,4508,4508,4508,92771,92771,92771,591,591,591,0.29,0.58,0.84,0.12,0.23,0.32,0.09,0.16,0.27,0.00,0.00,0.00,0.01,0.02,0.05,0.00,0.00,0.00,0.07,0.17,0.28,324959,420871,524106,673505,936608,1218654,0,0,0,0,0,0,0,310819,0,409.97,430.92,457.41
365,0,29,59,98,4530,4530,4530,92749,92749,92749,591,591,591,0.30,0.48,0.70,0.12,0.19,0.30,0.09,0.14,0.19,0.00,0.00,0.00,0.01,0.02,0.02,0.00,0.00,0.00,0.07,0.15,0.24,442773,577271,788821,977155,1186720,1342559,0,0,0,0,0,0,0,272149,0,339.91,379.40,415.81
365,1,28,67,100,4523,4523,4523,92756,92756,92756,591,591,591,0.13,0.45,0.79,0.05,0.18,0.34,0.03,0.13,0.26,0.00,0.00,0.00,0.00,0.02,0.04,0.00,0.00,0.00,0.02,0.13,0.24,149379,497909,1037737,814976,1160399,1462296,0,0,0,0,0,0,0,221571,0,341.34,367.87,394.38
365,2,30,74,100,4531,4531,4531,92748,92748,92748,591,591,591,0.17,0.47,0.77,0.07,0.19,0.27,0.03,0.14,0.25,0.00,0.00,0.00,0.01,0.02,0.03,0.00,0.00,0.00,0.04,0.15,0.23,327592,450237,849101,880552,1058768,1328686,0,0,0,0,0,0,0,271841,0,316.22,350.56,379.74
365,3,29,60,100,4508,4508,4508,92771,92771,92771,591,591,591,0.12,0.46,0.80,0.04,0.18,0.27,0.03,0.14,0.26,0.00,0.00,0.00,0.00,0.02,0.04,0.00,0.00,0.00,0.02,0.13,0.22,338023,528063,791450,597436,1108399,1598625,0,0,0,0,0,0,0,308776,0,327.81,359.02,375.75
366,0,25,52,100,4530,4530,4530,92749,92749,92749,591,591,591,0.17,0.39,0.74,0.07,0.15,0.26,0.03,0.11,0.24,0.00,0.00,0.00,0.00,0.02,0.03,0.00,0.00,0.00,0.04,0.11,0.21,471737,893637,2017936,946096,1550890,2620697,0,0,0,0,0,0,0,328484,0,321.05,347.04,371.35
366,1,24,75,100,4523,4523,4523,92756,92756,92756,591,591,591,0.28,0.61,0.84,0.10,0.22,0.28,0.07,0.18,0.28,0.00,0.00,0.00,0.01,0.03,0.05,0.00,0.00,0.00,0.08,0.17,0.22,340690,518902,836025,495311,962852,1467630,0,0,0,0,0,0,0,339873,0,361.32,395.14,431.07
366,2,34,53,67,4531,4531,4531,92748,92748,92748,591,591,591,0.25,0.46,0.79,0.10,0.18,0.33,0.08,0.14,0.25,0.00,0.00,0.00,0.01,0.02,0.05,0.00,0.00,0.00,0.06,0.13,0.20,229954,374903,579156,650834,1002129,1326032,0,0,0,0,0,0,0,304196,0,323.48,342.38,358.43
366,3,29,55,100,4508,4508,4508,92771,92771,92771,591,591,591,0.22,0.36,0.64,0.08,0.14,0.25,0.05,0.10,0.20,0.00,0.00,0.00,0.01,0.01,0.02,0.00,0.00,0.00,0.05,0.11,0.20,332815,409868,681371,951270,1181385,1535706,0,0,0,0,0,0,0,246740,0,323.56,356.45,403.82
367,0,41,63,100,4530,4530,4530,92749,92749,92749,591,591,591,0.27,0.46,0.69,0.11,0.18,0.26,0.08,0.14,0.19,0.00,0.00,0.00,0.01,0.02,0.03,0.00,0.00,0.00,0.08,0.14,0.24,328453,597073,1040394,822880,1170126,1467558,0,0,0,0,0,0,0,256253,0,325.07,353.87,381.41
367,1,40,50,58,4523,4523,4523,92756,92756,92756,591,591,591,0.19,0.31,0.42,0.07,0.12,0.18,0.04,0.09,0.15,0.00,0.00,0.00,0.01,0.01,0.02,0.00,0.00,0.00,0.04,0.09,0.13,453369,506866,531952,998460,1215740,1399335,0,0,0,0,0,0,0,260504,0,306.91,336.56,389.93
367,2,28,51,100,4531,4531,4531,92748,92748,92748,591,591,591,0.14,0.37,0.71,0.05,0.14,0.25,0.03,0.10,0.20,0.00,0.00,0.00,0.00,0.02,0.04,0.00,0.00,0.00,0.02,0.10,0.20,338074,457572,810849,877906,1204441,1371573,0,0,0,0,0,0,0,225312,0,316.44,332.73,348.75
367,3,60,66,83,4508,4508,4508,92771,92771,92771,591,591,591,0.30,0.44,0.54,0.12,0.18,0.22,0.09,0.13,0.16,0.00,0.00,0.00,0.01,0.02,0.02,0.00,0.00,0.00,0.07,0.14,0.18,317090,503800,946005,885757,1224457,1682370,0,0,0,0,0,0,0,279267,0,301.65,326.35,340.25
368,0,30,65,100,4530,4530,4530,92749,92749,92749,591,591,591,0.12,0.46,0.80,0.05,0.18,0.29,0.03,0.13,0.24,0.00,0.00,0.00,0.00,0.02,0.04,0.00,0.00,0.00,0.02,0.14,0.24,442903,531983,783502,925095,1113246,1284165,0,0,0,0,0,0,0,302832,0,285.37,331.86,364.82
368,1,31,60,95,4523,4523,4523,92756,92756,92756,591,591,591,0.14,0.50,0.80,0.05,0.20,0.35,0.03,0.15,0.27,0.00,0.00,0.00,0.00,0.03,0.05,0.00,0.00,0.00,0.02,0.13,0.24,342726,511953,684023,646800,1129914,1590813,0,0,0,0,0,0,0,288457,0,346.19,378.29,403.38
368,2,25,72,100,4531,4531,4531,92748,92748,92748,591,591,591,0.20,0.55,0.84,0.08,0.20,0.30,0.05,0.16,0.28,0.00,0.00,0.00,0.01,0.03,0.05,0.00,0.00,0.00,0.04,0.15,0.24,330172,578644,1294618,600074,1043025,1425652,0,0,0,0,0,0,0,281132,0,347.40,396.94,434.10
368,3,39,63,90,4508,4508,4508,92771,92771,92771,591,591,591,0.20,0.42,0.63,0.08,0.17,0.27,0.06,0.13,0.21,0.00,0.00,0.00,0.01,0.02,0.03,0.00,0.00,0.00,0.04,0.13,0.19,332808,440914,653145,1016568,1140457,1294634,0,0,0,0,0,0,0,295296,0,332.33,346.86,359.10
369,0,28,58,94,4530,4530,4530,92749,92749,92749,591,591,591,0.13,0.40,0.63,0.05,0.16,0.24,0.02,0.12,0.17,0.00,0.00,0.00,0.00,0.01,0.02,0.00,0.00,0.00,0.02,0.11,0.20,431121,558677,808585,1153883,1271056,1362768,0,0,0,0,0,0,0,245782,0,321.70,353.99,400.79
369,1,55,86,100,4523,4523,4523,92756,92756,92756,591,591,591,0.26,0.69,0.85,0.13,0.24,0.33,0.03,0.20,0.29,0.00,0.00,0.00,0.01,0.04,0.05,0.00,0.00,0.00,0.10,0.19,0.26,141516,574428,1006256,649934,940270,1121556,0,0,0,0,0,0,0,364775,0,328.17,383.50,466.88
369,2,35,79,100,4531,4531,4531,92748,92748,92748,591,591,591,0.31,0.60,0.90,0.11,0.23,0.32,0.08,0.19,0.32,0.00,0.00,0.00,0.01,0.03,0.07,0.00,0.00,0.00,0.08,0.17,0.24,351128,506307,741656,817625,995828,1234191,0,0,0,0,0,0,0,300671,0,323.04,364.26,400.60
369,3,31,69,96,4508,4508,4508,92771,92771,92771,591,591,591,0.17,0.56,0.89,0.07,0.21,0.33,0.03,0.17,0.30,0.00,0.00,0.00,0.00,0.03,0.06,0.00,0.00,0.00,0.04,0.15,0.25,319729,352551,415796,508403,886964,1197675,0,0,0,0,0,0,0,359554,0,306.71,364.35,415.65
370,0,34,71,100,4530,4530,4530,92749,92749,92749,591,591,591,0.18,0.51,0.74,0.07,0.20,0.28,0.03,0.15,0.22,0.00,0.00,0.00,0.00,0.02,0.04,0.00,0.00,0.00,0.04,0.15,0.23,471721,993218,2253790,961801,1575511,2623307,0,0,0,0,0,0,0,284794,0,326.50,358.57,384.42
370,1,29,42,62,4523,4523,4523,92756,92756,92756,591,591,591,0.19,0.32,0.46,0.08,0.13,0.19,0.05,0.09,0.14,0.00,0.00,0.00,0.01,0.01,0.02,0.00,0.00,0.00,0.04,0.09,0.18,327592,424543,560818,956570,1151510,1302393,0,0,0,0,0,0,0,237206,0,303.05,378.90,464.24
370,2,31,61,100,4527,4527,4531,92748,92751,92752,591,591,591,0.14,0.49,0.84,0.05,0.16,0.26,0.03,0.14,0.28,0.00,0.00,0.00,0.00,0.03,0.05,0.00,0.00,0.00,0.02,0.12,0.20,219022,365572,547029,474344,969968,1370740,0,0,0,0,0,0,0,304558,0,315.49,336.75,371.92
370,3,34,62,100,4506,4506,4508,92771,92772,92773,591,591,591,0.15,0.47,0.85,0.06,0.16,0.26,0.03,0.13,0.29,0.00,0.00,0.00,0.00,0.02,0.05,0.00,0.00,0.00,0.03,0.11,0.21,324969,555574,1022043,1008957,1251621,1569783,0,0,0,0,0,0,0,325727,0,343.12,371.54,425.08
371,0,32,43,58,4530,4530,4530,92749,92749,92749,591,591,591,0.18,0.31,0.43,0.07,0.13,0.17,0.05,0.09,0.14,0.00,0.00,0.00,0.01,0.01,0.01,0.00,0.00,0.00,0.04,0.09,0.15,463881,630876,1174053,1105977,1327092,1884250,0,0,0,0,0,0,0,244967,0,287.21,327.18,364.70
371,1,30,62,80,4523,4523,4523,92756,92756,92756,591,591,591,0.14,0.42,0.58,0.05,0.16,0.23,0.03,0.12,0.16,0.00,0.00,0.00,0.00,0.02,0.03,0.00,0.00,0.00,0.02,0.12,0.20,309819,446281,637679,788816,1117939,1482521,0,0,0,0,0,0,0,185709,0,328.13,353.73,387.87
371,2,27,78,100,4527,4527,4527,92752,92752,92752,591,591,591,0.16,0.56,0.86,0.06,0.21,0.30,0.03,0.16,0.25,0.00,0.00,0.00,0.00,0.02,0.04,0.00,0.00,0.00,0.04,0.17,0.26,327586,569190,1155734,571117,1071822,1742774,0,0,0,0,0,0,0,296289,0,392.54,429.00,477.03
371,3,30,68,100,4506,4506,4506,92773,92773,92773,591,591,591,0.16,0.55,0.86,0.06,0.21,0.34,0.03,0.16,0.28,0.00,0.00,0.00,0.00,0.03,0.05,0.00,0.00,0.00,0.04,0.16,0.30,332826,501601,754773,621118,977517,1467569,0,0,0,0,0,0,0,274903,0,376.56,426.68,487.05
372,0,27,53,90,4530,4530,4530,92749,92749,92749,591,591,591,0.19,0.36,0.53,0.08,0.14,0.22,0.05,0.10,0.14,0.00,0.00,0.00,0.01,0.01,0.02,0.00,0.00,0.00,0.04,0.11,0.21,446297,560969,704933,980144,1237797,1488484,0,0,0,0,0,0,0,277664,0,311.61,313.88,316.76
372,1,29,68,100,4523,4523,4523,92756,92756,92756,591,591,591,0.15,0.48,0.81,0.06,0.19,0.29,0.04,0.14,0.24,0.00,0.00,0.00,0.00,0.02,0.04,0.00,0.00,0.00,0.03,0.15,0.23,191310,585971,877868,605378,1153600,1705947,0,0,0,0,0,0,0,280922,0,360.45,379.20,413.06
372,2,31,71,100,4527,4527,4527,92752,92752,92752,591,591,591,0.14,0.51,0.81,0.05,0.20,0.28,0.03,0.15,0.25,0.00,0.00,0.00,0.00,0.02,0.04,0.00,0.00,0.00,0.02,0.15,0.23,335445,363739,403580,686537,964388,1294637,0,0,0,0,0,0,0,284108,0,337.76,367.51,388.47
372,3,45,71,100,4506,4506,4506,92773,92773,92773,591,591,591,0.18,0.53,0.76,0.07,0.20,0.29,0.03,0.15,0.21,0.00,0.00,0.00,0.01,0.02,0.03,0.00,0.00,0.00,0.04,0.16,0.24,335335,554595,911950,699077,1131865,1734802,0,0,0,0,0,0,0,299327,0,348.01,378.02,413.17
373,0,36,65,89,4530,4530,4530,92749,92749,92749,591,591,591,0.29,0.42,0.59,0.12,0.17,0.24,0.08,0.12,0.17,0.00,0.00,0.00,0.01,0.02,0.02,0.00,0.00,0.00,0.07,0.13,0.23,435032,813447,1954987,1077098,1496390,2455527,0,0,0,0,0,0,0,273520,0,309.29,323.25,352.37
373,1,32,55,81,4523,4523,4523,92756,92756,92756,591,591,591,0.16,0.41,0.69,0.06,0.16,0.25,0.03,0.12,0.20,0.00,0.00,0.00,0.00,0.02,0.03,0.00,0.00,0.00,0.03,0.11,0.21,332830,441849,770496,828103,1149962,1664168,0,0,0,0,0,0,0,282608,0,319.82,349.34,370.96
373,2,33,68,100,4527,4527,4527,92752,92752,92752,591,591,591,0.30,0.52,0.75,0.11,0.21,0.28,0.09,0.15,0.22,0.00,0.00,0.00,0.01,0.02,0.03,0.00,0.00,0.00,0.07,0.16,0.23,345938,430313,563410,757374,1017866,1485831,0,0,0,0,0,0,0,278300,0,360.52,377.95,401.20
373,3,33,62,100,4506,4506,4506,92773,92773,92773,591,591,591,0.15,0.53,0.83,0.05,0.20,0.33,0.03,0.17,0.28,0.00,0.00,0.00,0.00,0.03,0.05,0.00,0.00,0.00,0.02,0.13,0.22,330205,580570,849102,670894,1157463,1471036,0,0,0,0,0,0,0,203144,0,344.55,364.32,402.84
374,0,30,50,100,4530,4530,4530,92749,92749,92749,591,591,591,0.13,0.39,0.52,0.05,0.16,0.24,0.03,0.11,0.18,0.00,0.00,0.00,0.00,0.02,0.03,0.00,0.00,0.00,0.02,0.11,0.21,466484,632607,1213272,935584,1313968,1739984,0,0,0,0,0,0,0,275166,0,317.89,341.88,378.03
374,1,32,66,100,4523,4523,4523,92756,92756,92756,591,591,591,0.14,0.49,0.81,0.05,0.20,0.31,0.03,0.14,0.21,0.00,0.00,0.00,0.00,0.02,0.03,0.00,0.00,0.00,0.02,0.15,0.27,333357,484710,752109,809787,1123286,1496934,0,0,0,0,0,0,0,276293,0,382.74,395.53,406.83
374,2,27,49,100,4527,4527,4527,92752,92752,92752,591,591,591,0.13,0.38,0.66,0.05,0.15,0.26,0.03,0.10,0.17,0.00,0.00,0.00,0.00,0.01,0.02,0.00,0.00,0.00,0.02,0.12,0.25,131017,370864,667351,794073,1053928,1525375,0,0,0,0,0,0,0,251715,0,316.52,347.12,374.93
374,3,36,77,100,4506,4506,4506,92773,92773,92773,591,591,591,0.17,0.57,0.83,0.07,0.22,0.32,0.05,0.17,0.28,0.00,0.00,0.00,0.01,0.03,0.05,0.00,0.00,0.00,0.04,0.17,0.26,319699,442365,870064,455964,905176,1174062,0,0,0,0,0,0,0,305765,0,361.05,397.27,416.93
375,0,26,61,100,4530,4530,4530,92749,92749,92749,591,591,591,0.14,0.46,0.80,0.06,0.18,0.28,0.02,0.13,0.27,0.00,0.00,0.00,0.00,0.02,0.04,0.00,0.00,0.00,0.03,0.13,0.22,466497,580746,712862,699746,1156251,1493866,0,0,0,0,0,0,0,280967,0,358.32,370.75,378.16
375,1,24,66,100,4523,4523,4523,92756,92756,92756,591,591,591,0.28,0.54,0.83,0.11,0.21,0.31,0.08,0.16,0.27,0.00,0.00,0.00,0.01,0.02,0.04,0.00,0.00,0.00,0.08,0.17,0.25,340281,546508,1326060,545759,1006778,1839711,0,0,0,0,0,0,0,354935,0,377.82,392.78,413.31
375,2,0,26,100,4527,4527,4527,92752,92752,92752,591,591,591,0.00,0.21,0.63,0.00,0.08,0.25,0.00,0.06,0.20,0.00,0.00,0.00,0.00,0.01,0.02,0.00,0.00,0.00,0.00,0.07,0.20,309268,557357,1084990,322373,917272,1672037,0,0,0,0,0,0,0,164223,0,202.58,285.57,366.33
375,3,33,62,100,4506,4506,4506,92773,92773,92773,591,591,591,0.20,0.43,0.81,0.08,0.16,0.29,0.03,0.12,0.27,0.00,0.00,0.00,0.01,0.02,0.04,0.00,0.00,0.00,0.04,0.12,0.23,311795,439858,652515,672403,1097764,1530398,0,0,0,0,0,0,0,288522,0,315.00,344.26,370.62
376,0,32,70,100,4530,4530,4530,92749,92749,92749,591,591,591,0.14,0.48,0.70,0.05,0.19,0.30,0.03,0.14,0.24,0.00,0.00,0.00,0.00,0.02,0.04,0.00,0.00,0.00,0.02,0.14,0.24,415937,864650,1928847,913305,1487256,2893271,0,0,0,0,0,0,0,226199,0,360.55,367.86,375.27
376,1,26,53,100,4523,4523,4523,92756,92756,92756,591,591,591,0.12,0.42,0.82,0.04,0.15,0.25,0.03,0.12,0.28,0.00,0.00,0.00,0.00,0.02,0.05,0.00,0.00,0.00,0.02,0.10,0.20,384369,670666,1139969,870072,1288703,1947120,0,0,0,0,0,0,0,299370,0,311.21,336.13,362.84
376,2,0,0,0,4527,4527,4527,92752,92752,92752,591,591,591,0.00,0.00,0.00,0.00,0.00,0.00,0.00,0.00,0.00,0.00,0.00,0.00,0.00,0.00,0.00,0.00,0.00,0.00,0.00,0.00,0.00,298772,402309,563494,311876,425898,592324,0,0,0,0,0,0,0,108890,0,135.84,146.99,173.05
376,3,38,51,69,4506,4506,4506,92773,92773,92773,591,591,591,0.26,0.36,0.51,0.10,0.15,0.23,0.08,0.11,0.17,0.00,0.00,0.00,0.01,0.01,0.02,0.00,0.00,0.00,0.08,0.11,0.16,319723,558859,896294,841252,1191100,1656310,0,0,0,0,0,0,0,283069,0,306.77,332.53,360.04
377,0,29,66,100,4530,4530,4530,92749,92749,92749,591,591,591,0.16,0.55,0.83,0.06,0.20,0.31,0.04,0.16,0.27,0.00,0.00,0.00,0.00,0.03,0.04,0.00,0.00,0.00,0.03,0.15,0.25,440187,736900,1105928,969669,1337501,1855443,0,0,0,0,0,0,0,305808,0,355.01,375.90,393.32
377,1,28,61,100,4523,4523,4523,92756,92756,92756,591,591,591,0.24,0.43,0.82,0.09,0.17,0.29,0.07,0.12,0.25,0.00,0.00,0.00,0.01,0.02,0.04,0.00,0.00,0.00,0.06,0.13,0.23,317100,496829,1084744,602688,1182316,1787295,0,0,0,0,0,0,0,173564,0,338.84,371.59,400.03
377,2,0,0,1,4527,4796,4903,92376,92482,92752,591,591,591,0.00,0.00,0.00,0.00,0.00,0.00,0.00,0.00,0.00,0.00,0.00,0.00,0.00,0.00,0.00,0.00,0.00,0.00,0.00,0.00,0.00,298785,312940,335481,311889,446084,912089,0,0,0,0,0,0,0,108694,0,135.55,135.63,135.73
377,3,28,67,100,4506,4506,4506,92773,92773,92773,591,591,591,0.13,0.48,0.80,0.05,0.18,0.28,0.03,0.14,0.25,0.00,0.00,0.00,0.00,0.02,0.04,0.00,0.00,0.00,0.02,0.14,0.23,138904,468553,848971,807242,1160937,1858066,0,0,0,0,0,0,0,309438,0,285.37,332.18,374.61
378,0,19,67,100,4530,4530,4530,92749,92749,92749,591,591,591,0.21,0.51,0.78,0.08,0.20,0.31,0.04,0.15,0.24,0.00,0.00,0.00,0.01,0.03,0.04,0.00,0.00,0.00,0.06,0.14,0.23,457313,639114,977515,1119001,2283266,4046336,0,0,0,0,0,0,0,324807,0,372.92,387.35,400.04
378,1,32,48,70,4523,4523,4523,92756,92756,92756,591,591,591,0.13,0.30,0.53,0.05,0.12,0.22,0.03,0.09,0.16,0.00,0.00,0.00,0.00,0.01,0.03,0.00,0.00,0.00,0.02,0.09,0.17,334124,532864,688772,1087909,2301715,3511819,0,0,0,0,0,0,0,284955,0,301.90,312.98,330.91
378,2,0,0,0,4903,50811,96719,560,46468,92376,591,591,591,0.00,0.00,0.00,0.00,0.00,0.00,0.00,0.00,0.00,0.00,0.00,0.00,0.00,0.00,0.00,0.00,0.00,0.00,0.00,0.00,0.00,319751,830511,2041308,332856,2051251,4285049,0,0,0,0,0,0,0,110940,0,135.43,136.33,137.60
378,3,33,64,97,4506,4506,4506,92773,92773,92773,591,591,591,0.15,0.47,0.90,0.05,0.18,0.33,0.03,0.15,0.30,0.00,0.00,0.00,0.00,0.02,0.06,0.00,0.00,0.00,0.02,0.11,0.20,394848,578508,757381,1137301,2502082,4012286,0,0,0,0,0,0,0,257198,0,357.68,383.39,414.36
379,0,29,63,100,4524,4525,4530,92749,92753,92755,591,591,591,0.13,0.49,0.86,0.05,0.16,0.25,0.02,0.14,0.29,0.00,0.00,0.00,0.00,0.03,0.05,0.00,0.00,0.00,0.02,0.12,0.19,450760,685396,1032135,608002,1241424,1841602,0,0,0,0,0,0,0,346656,0,314.03,342.41,387.19
379,1,26,59,100,4523,4523,4523,92756,92756,92756,591,591,591,0.15,0.47,0.80,0.06,0.18,0.28,0.03,0.13,0.27,0.00,0.00,0.00,0.00,0.02,0.04,0.00,0.00,0.00,0.03,0.13,0.22,330232,704405,1614333,799371,1326546,2447706,0,0,0,0,0,0,0,314151,0,342.77,384.03,407.08
379,2,0,0,0,96719,96719,96719,560,560,560,591,591,591,0.00,0.00,0.00,0.00,0.00,0.00,0.00,0.00,0.00,0.00,0.00,0.00,0.00,0.00,0.00,0.00,0.00,0.00,0.00,0.00,0.00,49796,301928,406246,65522,317653,419351,0,0,0,0,0,0,0,125370,0,138.50,139.09,139.36
379,3,33,73,100,4502,4502,4502,92777,92777,92777,591,591,591,0.15,0.60,0.85,0.06,0.21,0.32,0.03,0.16,0.28,0.00,0.00,0.00,0.00,0.03,0.05,0.00,0.00,0.00,0.03,0.16,0.26,276046,494934,953839,398346,1039844,1561815,0,0,0,0,0,0,0,431493,0,332.88,371.71,438.08
380,0,26,66,100,4524,4524,4524,92755,92755,92755,591,591,591,0.14,0.49,0.86,0.05,0.20,0.32,0.03,0.13,0.22,0.00,0.00,0.00,0.00,0.02,0.04,0.00,0.00,0.00,0.02,0.14,0.24,474351,543527,723314,760136,1122146,1648423,0,0,0,0,0,0,0,257357,0,360.26,432.77,503.23
380,1,31,64,100,4523,4523,4523,92756,92756,92756,591,591,591,0.31,0.50,0.72,0.11,0.20,0.26,0.09,0.15,0.23,0.00,0.00,0.00,0.01,0.02,0.03,0.00,0.00,0.00,0.07,0.15,0.22,131023,461321,777836,783521,1091120,1330440,0,0,0,0,0,0,0,294589,0,346.71,383.67,421.58
380,2,0,0,0,96719,96719,96719,560,560,560,591,591,591,0.00,0.00,0.00,0.00,0.00,0.00,0.00,0.00,0.00,0.00,0.00,0.00,0.00,0.00,0.00,0.00,0.00,0.00,0.00,0.00,0.00,306643,575518,1032653,319747,588272,1045758,0,0,0,0,0,0,0,91849,0,120.18,133.42,139.04
380,3,27,60,97,4502,4502,4502,92777,92777,92777,591,591,591,0.24,0.49,0.90,0.08,0.19,0.33,0.07,0.15,0.30,0.00,0.00,0.00,0.01,0.03,0.06,0.00,0.00,0.00,0.06,0.13,0.18,421896,637338,1260539,602717,1149415,1968118,0,0,0,0,0,0,0,295821,0,355.71,407.12,450.62
381,0,21,67,100,4524,4524,4524,92755,92755,92755,591,591,591,0.12,0.55,0.84,0.04,0.21,0.31,0.03,0.17,0.30,0.00,0.00,0.00,0.00,0.03,0.06,0.00,0.00,0.00,0.02,0.15,0.37,300276,1329507,3011190,588472,1776468,3498642,0,0,0,0,0,0,0,260749,0,367.39,394.78,437.35
381,1,33,67,100,4523,4523,4523,92756,92756,92756,591,591,591,0.15,0.40,0.68,0.06,0.16,0.29,0.03,0.11,0.20,0.00,0.00,0.00,0.00,0.02,0.03,0.00,0.00,0.00,0.03,0.12,0.26,364268,549794,665649,802023,1205643,1624816,0,0,0,0,0,0,0,302790,0,324.12,368.84,394.18
381,2,0,0,0,96719,96719,96719,560,560,560,591,591,591,0.00,0.00,0.00,0.00,0.00,0.00,0.00,0.00,0.00,0.00,0.00,0.00,0.00,0.00,0.00,0.00,0.00,0.00,0.00,0.00,0.00,324935,343787,408727,338036,356889,421827,0,0,0,0,0,0,0,71457,0,88.92,95.80,110.70
381,3,26,68,100,4502,4502,4502,92777,92777,92777,591,591,591,0.13,0.49,0.85,0.05,0.16,0.24,0.03,0.14,0.29,0.00,0.00,0.00,0.00,0.03,0.05,0.00,0.00,0.00,0.02,0.12,0.19,313963,380924,594818,469080,955401,1255324,0,0,0,0,0,0,0,342656,0,319.78,334.62,374.13
382,0,39,65,100,4524,4524,4524,92755,92755,92755,591,591,591,0.17,0.49,0.81,0.07,0.18,0.26,0.03,0.14,0.27,0.00,0.00,0.00,0.01,0.02,0.04,0.00,0.00,0.00,0.05,0.14,0.21,490075,1045127,2067706,964427,1556159,2240670,0,0,0,0,0,0,0,352655,0,320.88,345.34,380.61
382,1,29,65,100,4523,4523,4523,92756,92756,92756,591,591,591,0.14,0.53,0.78,0.05,0.22,0.33,0.03,0.16,0.25,0.00,0.00,0.00,0.00,0.02,0.04,0.00,0.00,0.00,0.02,0.16,0.25,340649,357978,390495,665662,916175,1294662,0,0,0,0,0,0,0,240382,0,317.01,367.76,416.73
382,2,0,0,0,96719,96719,96719,560,560,560,591,591,591,0.00,0.00,0.00,0.00,0.00,0.00,0.00,0.00,0.00,0.00,0.00,0.00,0.00,0.00,0.00,0.00,0.00,0.00,0.00,0.00,0.00,209634,501550,1029824,218369,515351,1042926,0,0,0,0,0,0,0,62623,0,89.07,89.12,89.17
382,3,29,57,100,4502,4502,4502,92777,92777,92777,591,591,591,0.12,0.45,0.84,0.05,0.18,0.30,0.03,0.13,0.23,0.00,0.00,0.00,0.00,0.02,0.04,0.00,0.00,0.00,0.02,0.13,0.24,214908,533001,1255317,649967,1102176,1706078,0,0,0,0,0,0,0,224342,0,324.51,399.46,441.44
383,0,26,66,100,4524,4524,4524,92755,92755,92755,591,591,591,0.19,0.50,0.78,0.07,0.20,0.33,0.04,0.15,0.24,0.00,0.00,0.00,0.01,0.02,0.05,0.00,0.00,0.00,0.05,0.16,0.22,451879,917137,1792717,1050820,1526856,2573500,0,0,0,0,0,0,0,233111,0,309.65,341.54,370.40
383,1,29,52,100,4523,4523,4523,92756,92756,92756,591,591,591,0.13,0.38,0.79,0.05,0.14,0.25,0.03,0.11,0.25,0.00,0.00,0.00,0.00,0.02,0.04,0.00,0.00,0.00,0.02,0.10,0.20,218392,471917,678763,852603,1138870,1575044,0,0,0,0,0,0,0,290592,0,339.53,362.26,396.03
383,2,0,0,0,96719,96719,96719,560,560,560,591,591,591,0.00,0.00,0.00,0.00,0.00,0.00,0.00,0.00,0.00,0.00,0.00,0.00,0.00,0.00,0.00,0.00,0.00,0.00,0.00,0.00,0.00,322312,461189,856872,338035,474946,867354,0,0,0,0,0,0,0,71572,0,89.14,89.17,89.19
383,3,34,59,100,4502,4502,4502,92777,92777,92777,591,591,591,0.29,0.44,0.72,0.12,0.17,0.28,0.08,0.12,0.18,0.00,0.00,0.00,0.01,0.02,0.03,0.00,0.00,0.00,0.08,0.14,0.26,348551,500503,867233,846530,1164808,1621805,0,0,0,0,0,0,0,301477,0,319.55,336.64,360.49
384,0,29,57,95,4522,4522,4524,92755,92756,92757,591,591,591,0.14,0.40,0.79,0.05,0.15,0.25,0.03,0.11,0.25,0.00,0.00,0.00,0.00,0.02,0.05,0.00,0.00,0.00,0.02,0.10,0.20,458591,887735,1550681,1320855,1576409,1925254,0,0,0,0,0,0,0,221880,0,306.29,342.70,381.89
384,1,28,76,100,4523,4523,4523,92756,92756,92756,591,591,591,0.12,0.54,0.83,0.04,0.20,0.31,0.03,0.16,0.28,0.00,0.00,0.00,0.00,0.02,0.05,0.00,0.00,0.00,0.02,0.15,0.25,338065,524131,765236,474340,1003189,1540955,0,0,0,0,0,0,0,297943,0,372.38,413.31,448.48
384,2,0,0,0,96719,96719,96719,560,560,560,591,591,591,0.00,0.00,0.00,0.00,0.00,0.00,0.00,0.00,0.00,0.00,0.00,0.00,0.00,0.00,0.00,0.00,0.00,0.00,0.00,0.00,0.00,324930,417008,728414,339872,431153,741515,0,0,0,0,0,0,0,71496,0,89.02,89.07,89.11
384,3,29,53,96,4502,4502,4502,92777,92777,92777,591,591,591,0.14,0.43,0.85,0.05,0.17,0.35,0.03,0.13,0.30,0.00,0.00,0.00,0.00,0.02,0.06,0.00,0.00,0.00,0.02,0.10,0.23,311806,430138,827303,710214,1086453,1244811,0,0,0,0,0,0,0,214441,0,313.95,354.28,394.02
385,0,0,65,100,4522,4522,4522,92757,92757,92757,591,591,591,0.00,0.46,0.85,0.00,0.15,0.27,0.00,0.13,0.29,0.00,0.00,0.00,0.00,0.02,0.05,0.00,0.00,0.00,0.00,0.12,0.26,424591,619546,820294,437696,725946,1074506,0,0,0,0,0,0,0,253182,0,333.18,382.03,431.81
385,1,20,63,99,4523,4523,4523,92756,92756,92756,591,591,591,0.12,0.44,0.72,0.05,0.18,0.28,0.03,0.13,0.19,0.00,0.00,0.00,0.00,0.02,0.03,0.00,0.00,0.00,0.03,0.14,0.25,317104,356389,382623,762585,892552,1079731,0,0,0,0,0,0,0,296937,0,319.52,357.32,382.78
385,2,0,0,0,96719,96719,96719,560,560,560,591,591,591,0.00,0.00,0.00,0.00,0.00,0.00,0.00,0.00,0.00,0.00,0.00,0.00,0.00,0.00,0.00,0.00,0.00,0.00,0.00,0.00,0.00,248068,442120,835885,260297,455046,846366,0,0,0,0,0,0,0,71459,0,89.02,89.03,89.04
385,3,29,76,100,4502,4502,4502,92777,92777,92777,591,591,591,0.38,0.68,0.85,0.15,0.24,0.30,0.12,0.20,0.29,0.00,0.00,0.00,0.02,0.03,0.05,0.00,0.00,0.00,0.09,0.19,0.24,353781,694453,1349542,566063,1036881,1606348,0,0,0,0,0,0,0,329038,0,318.53,410.25,477.10
386,0,0,0,0,4522,4522,4522,92757,92757,92757,591,591,591,0.00,0.00,0.00,0.00,0.00,0.00,0.00,0.00,0.00,0.00,0.00,0.00,0.00,0.00,0.00,0.00,0.00,0.00,0.00,0.00,0.00,416732,662669,1335077,432458,680800,1367977,0,0,0,0,0,0,0,109193,0,136.25,172.43,264.45
386,1,30,67,100,4523,4523,4523,92756,92756,92756,591,591,591,0.26,0.54,0.80,0.10,0.21,0.33,0.08,0.16,0.26,0.00,0.00,0.00,0.01,0.03,0.05,0.00,0.00,0.00,0.06,0.16,0.27,293056,824405,1844936,812304,1343588,2143690,0,0,0,0,0,0,0,345543,0,317.40,381.54,422.01
386,2,0,0,0,96719,96719,96719,560,560,560,591,591,591,0.00,0.00,0.00,0.00,0.00,0.00,0.00,0.00,0.00,0.00,0.00,0.00,0.00,0.00,0.00,0.00,0.00,0.00,0.00,0.00,0.00,324934,429737,600082,338036,450700,649871,0,0,0,0,0,0,0,71418,0,89.02,89.03,89.05
386,3,25,63,100,4502,4502,4502,92777,92777,92777,591,591,591,0.18,0.43,0.78,0.07,0.16,0.27,0.03,0.12,0.26,0.00,0.00,0.00,0.01,0.02,0.03,0.00,0.00,0.00,0.04,0.12,0.22,319359,530937,791460,1029926,1188026,1284157,0,0,0,0,0,0,0,287497,0,322.73,368.39,403.32
387,0,0,0,1,4522,4790,4970,92309,92488,92757,591,591,591,0.00,0.00,0.00,0.00,0.00,0.00,0.00,0.00,0.00,0.00,0.00,0.00,0.00,0.00,0.00,0.00,0.00,0.00,0.00,0.00,0.00,419346,480154,594937,432450,620109,1242292,0,0,0,0,0,0,0,108957,0,135.94,136.04,136.19
387,1,20,40,100,4523,4523,4523,92756,92756,92756,591,591,591,0.09,0.32,0.84,0.03,0.11,0.25,0.02,0.09,0.28,0.00,0.00,0.00,0.00,0.02,0.05,0.00,0.00,0.00,0.01,0.08,0.19,332831,426636,592251,479578,1066067,1569697,0,0,0,0,0,0,0,285919,0,257.77,309.14,382.81
387,2,0,0,0,96719,96762,96791,488,516,560,591,591,591,0.00,0.00,0.00,0.00,0.00,0.00,0.00,0.00,0.00,0.00,0.00,0.00,0.00,0.00,0.00,0.00,0.00,0.00,0.00,0.00,0.00,317032,362420,512417,330132,485957,999085,0,0,0,0,0,0,0,62537,0,89.07,89.10,89.12
387,3,0,0,0,4502,4502,4502,92777,92777,92777,591,591,591,0.00,0.04,0.20,0.00,0.02,0.09,0.00,0.00,0.02,0.00,0.00,0.00,0.00,0.00,0.01,0.00,0.00,0.00,0.00,0.02,0.10,301083,387302,605426,314512,560748,833406,0,0,0,0,0,0,0,86122,0,149.94,234.65,330.81
388,0,0,0,0,4970,50933,97009,270,46345,92309,591,591,591,0.00,0.00,0.00,0.00,0.00,0.00,0.00,0.00,0.00,0.00,0.00,0.00,0.00,0.00,0.00,0.00,0.00,0.00,0.00,0.00,0.00,424594,940909,2128160,437699,2057414,5328263,0,0,0,0,0,0,0,111427,0,135.94,137.09,138.55
388,1,16,57,100,4523,4523,4523,92756,92756,92756,591,591,591,0.07,0.48,0.84,0.03,0.18,0.33,0.02,0.14,0.28,0.00,0.00,0.00,0.00,0.02,0.05,0.00,0.00,0.00,0.01,0.14,0.27,243726,464507,741661,529317,2151254,4358217,0,0,0,0,0,0,0,232366,0,336.65,396.65,452.99
388,2,0,0,0,96791,96855,97047,232,424,488,591,591,591,0.00,0.00,0.00,0.00,0.00,0.00,0.00,0.00,0.00,0.00,0.00,0.00,0.00,0.00,0.00,0.00,0.00,0.00,0.00,0.00,0.00,2620,483140,951207,18343,1807778,4153440,0,0,0,0,0,0,0,80415,0,88.99,89.03,89.08
388,3,0,0,1,4502,4872,5358,91921,92408,92777,591,591,591,0.00,0.00,0.00,0.00,0.00,0.00,0.00,0.00,0.00,0.00,0.00,0.00,0.00,0.00,0.00,0.00,0.00,0.00,0.00,0.00,0.00,0,465537,1074550,13104,1800589,3939298,0,0,0,0,0,0,0,127993,0,142.07,142.51,142.93
389,0,0,0,0,97009,97009,97009,270,270,270,591,591,591,0.00,0.00,0.00,0.00,0.00,0.00,0.00,0.00,0.00,0.00,0.00,0.00,0.00,0.00,0.00,0.00,0.00,0.00,0.00,0.00,0.00,276073,390079,437669,435087,1421860,4335056,0,0,0,0,0,0,0,98432,0,139.36,139.98,140.23
389,1,16,60,100,4523,4523,4523,92756,92756,92756,591,591,591,0.17,0.48,0.80,0.07,0.19,0.28,0.06,0.13,0.25,0.00,0.00,0.00,0.01,0.02,0.04,0.00,0.00,0.00,0.04,0.16,0.23,277798,326270,361638,673509,1437012,3363281,0,0,0,0,0,0,0,219423,0,342.59,345.88,350.43
389,2,0,0,0,97047,97047,97047,232,232,232,591,591,591,0.00,0.00,0.00,0.00,0.00,0.00,0.00,0.00,0.00,0.00,0.00,0.00,0.00,0.00,0.00,0.00,0.00,0.00,0.00,0.00,0.00,235841,339991,469058,340649,960604,2676368,0,0,0,0,0,0,0,62468,0,88.97,89.01,89.03
389,3,0,1,5,5358,28318,97198,81,68961,91921,591,591,591,0.00,0.00,0.00,0.00,0.00,0.00,0.00,0.00,0.00,0.00,0.00,0.00,0.00,0.00,0.00,0.00,0.00,0.00,0.00,0.00,0.00,303218,1127455,3260458,316176,1893609,6278042,0,0,0,0,0,0,0,101014,0,141.73,142.21,143.23
390,0,0,0,0,97009,97009,97009,270,270,270,591,591,591,0.00,0.00,0.00,0.00,0.00,0.00,0.00,0.00,0.00,0.00,0.00,0.00,0.00,0.00,0.00,0.00,0.00,0.00,0.00,0.00,0.00,421961,603778,1132031,437686,684501,1142513,0,0,0,0,0,0,0,87354,0,114.31,130.20,140.12
390,1,21,49,87,4523,4523,4523,92756,92756,92756,591,591,591,0.10,0.37,0.63,0.03,0.14,0.27,0.02,0.11,0.20,0.00,0.00,0.00,0.00,0.02,0.03,0.00,0.00,0.00,0.02,0.10,0.19,327585,440783,676138,670857,1444997,3493303,0,0,0,0,0,0,0,256714,0,320.56,334.42,355.01
390,2,0,0,0,97047,97047,97047,232,232,232,591,591,591,0.00,0.00,0.00,0.00,0.00,0.00,0.00,0.00,0.00,0.00,0.00,0.00,0.00,0.00,0.00,0.00,0.00,0.00,0.00,0.00,0.00,319687,409835,560776,332789,981093,3362038,0,0,0,0,0,0,0,71490,0,88.92,88.95,88.99
390,3,0,0,0,97198,97198,97198,81,81,81,591,591,591,0.00,0.00,0.00,0.00,0.00,0.00,0.00,0.00,0.00,0.00,0.00,0.00,0.00,0.00,0.00,0.00,0.00,0.00,0.00,0.00,0.00,290928,384750,689311,304033,913660,3278818,0,0,0,0,0,0,0,116548,0,144.00,144.96,145.47
391,0,0,0,0,97009,97009,97009,270,270,270,591,591,591,0.00,0.00,0.00,0.00,0.00,0.00,0.00,0.00,0.00,0.00,0.00,0.00,0.00,0.00,0.00,0.00,0.00,0.00,0.00,0.00,0.00,414039,474824,534544,429762,488975,550266,0,0,0,0,0,0,0,72913,0,91.01,94.56,104.08
391,1,21,72,100,4523,4523,4523,92756,92756,92756,591,591,591,0.09,0.55,0.82,0.03,0.21,0.34,0.02,0.15,0.27,0.00,0.00,0.00,0.00,0.02,0.04,0.00,0.00,0.00,0.02,0.17,0.28,319725,362139,426972,657484,800299,972288,0,0,0,0,0,0,0,395461,0,294.72,343.77,437.90
391,2,0,0,0,97047,97047,97047,232,232,232,591,591,591,0.00,0.00,0.00,0.00,0.00,0.00,0.00,0.00,0.00,0.00,0.00,0.00,0.00,0.00,0.00,0.00,0.00,0.00,0.00,0.00,0.00,15720,307833,463822,28820,321415,479545,0,0,0,0,0,0,0,80222,0,88.86,88.92,88.97
391,3,0,0,0,97198,97198,97198,81,81,81,591,591,591,0.00,0.00,0.00,0.00,0.00,0.00,0.00,0.00,0.00,0.00,0.00,0.00,0.00,0.00,0.00,0.00,0.00,0.00,0.00,0.00,0.00,0,310791,566006,13102,324418,581728,0,0,0,0,0,0,0,90748,0,111.54,130.15,145.28
392,0,0,0,0,97009,97009,97009,270,270,270,591,591,591,0.00,0.00,0.00,0.00,0.00,0.00,0.00,0.00,0.00,0.00,0.00,0.00,0.00,0.00,0.00,0.00,0.00,0.00,0.00,0.00,0.00,455937,755200,1509398,469039,769875,1525121,0,0,0,0,0,0,0,82102,0,90.95,90.98,91.01
392,1,23,44,94,4521,4522,4523,92756,92756,92758,591,591,591,0.11,0.32,0.89,0.04,0.12,0.31,0.02,0.09,0.32,0.00,0.00,0.00,0.00,0.02,0.07,0.00,0.00,0.00,0.02,0.07,0.17,0,337026,484839,466501,961791,1247461,0,0,0,0,0,0,0,251452,0,289.55,380.70,480.35
392,2,0,0,0,97047,97047,97047,232,232,232,591,591,591,0.00,0.00,0.00,0.00,0.00,0.00,0.00,0.00,0.00,0.00,0.00,0.00,0.00,0.00,0.00,0.00,0.00,0.00,0.00,0.00,0.00,324934,490021,917148,338036,504171,932871,0,0,0,0,0,0,0,71291,0,88.90,88.93,88.96
392,3,0,0,0,97198,97198,97198,81,81,81,591,591,591,0.00,0.00,0.00,0.00,0.00,0.00,0.00,0.00,0.00,0.00,0.00,0.00,0.00,0.00,0.00,0.00,0.00,0.00,0.00,0.00,0.00,348521,565485,1318084,364244,580159,1331186,0,0,0,0,0,0,0,75714,0,94.34,95.75,100.81
393,0,0,0,0,97009,97009,97009,270,270,270,591,591,591,0.00,0.00,0.00,0.00,0.00,0.00,0.00,0.00,0.00,0.00,0.00,0.00,0.00,0.00,0.00,0.00,0.00,0.00,0.00,0.00,0.00,419281,440033,486444,432384,453599,499245,0,0,0,0,0,0,0,72962,0,90.98,91.01,91.03
393,1,37,81,100,4521,4521,4521,92758,92758,92758,591,591,591,0.42,0.72,0.86,0.17,0.25,0.33,0.13,0.22,0.29,0.00,0.00,0.00,0.02,0.04,0.05,0.00,0.00,0.00,0.11,0.19,0.27,466478,712778,1019438,778294,1004177,1234329,0,0,0,0,0,0,0,322912,0,307.12,413.82,485.26
393,2,0,0,0,97047,97047,97047,232,232,232,591,591,591,0.00,0.00,0.00,0.00,0.00,0.00,0.00,0.00,0.00,0.00,0.00,0.00,0.00,0.00,0.00,0.00,0.00,0.00,0.00,0.00,0.00,317070,382058,592221,332793,396209,605323,0,0,0,0,0,0,0,71274,0,88.96,88.98,89.02
393,3,0,0,0,97198,97198,97198,81,81,81,591,591,591,0.00,0.00,0.00,0.00,0.00,0.00,0.00,0.00,0.00,0.00,0.00,0.00,0.00,0.00,0.00,0.00,0.00,0.00,0.00,0.00,0.00,314456,376816,484776,327558,389919,497878,0,0,0,0,0,0,0,76052,0,94.27,94.37,94.47
394,0,0,0,0,97009,97009,97009,270,270,270,591,591,591,0.00,0.00,0.00,0.00,0.00,0.00,0.00,0.00,0.00,0.00,0.00,0.00,0.00,0.00,0.00,0.00,0.00,0.00,0.00,0.00,0.00,419282,468533,547676,432384,482683,563399,0,0,0,0,0,0,0,72914,0,90.85,90.91,90.95
394,1,23,56,100,4521,4521,4521,92758,92758,92758,591,591,591,0.10,0.38,0.72,0.04,0.15,0.30,0.02,0.11,0.20,0.00,0.00,0.00,0.00,0.02,0.03,0.00,0.00,0.00,0.02,0.12,0.27,345935,689750,1299848,778379,1279398,1957634,0,0,0,0,0,0,0,235051,0,334.98,373.41,404.05
394,2,0,0,0,97047,97047,97047,232,232,232,591,591,591,0.00,0.00,0.00,0.00,0.00,0.00,0.00,0.00,0.00,0.00,0.00,0.00,0.00,0.00,0.00,0.00,0.00,0.00,0.00,0.00,0.00,324931,546736,957576,340654,560746,970377,0,0,0,0,0,0,0,53562,0,88.85,88.88,88.91
394,3,0,0,0,97198,97198,97198,81,81,81,591,591,591,0.00,0.00,0.00,0.00,0.00,0.00,0.00,0.00,0.00,0.00,0.00,0.00,0.00,0.00,0.00,0.00,0.00,0.00,0.00,0.00,0.00,314466,452561,964307,327569,466649,980029,0,0,0,0,0,0,0,66391,0,94.61,94.66,94.73
395,0,0,0,0,97009,97009,97009,270,270,270,591,591,591,0.00,0.00,0.00,0.00,0.00,0.00,0.00,0.00,0.00,0.00,0.00,0.00,0.00,0.00,0.00,0.00,0.00,0.00,0.00,0.00,0.00,427134,465923,547682,442857,479550,560785,0,0,0,0,0,0,0,72696,0,90.62,90.70,90.82
395,1,24,55,84,4521,4521,4521,92758,92758,92758,591,591,591,0.11,0.40,0.66,0.04,0.16,0.28,0.02,0.11,0.19,0.00,0.00,0.00,0.00,0.02,0.03,0.00,0.00,0.00,0.02,0.13,0.21,337939,634577,1203805,829094,1332259,1696015,0,0,0,0,0,0,0,273976,0,349.42,366.42,378.73
395,2,0,0,0,97047,97047,97047,232,232,232,591,591,591,0.00,0.00,0.00,0.00,0.00,0.00,0.00,0.00,0.00,0.00,0.00,0.00,0.00,0.00,0.00,0.00,0.00,0.00,0.00,0.00,0.00,324931,449143,773029,338033,462770,786131,0,0,0,0,0,0,0,71419,0,88.88,88.89,88.90
395,3,0,0,0,97198,97198,97198,81,81,81,591,591,591,0.00,0.00,0.00,0.00,0.00,0.00,0.00,0.00,0.00,0.00,0.00,0.00,0.00,0.00,0.00,0.00,0.00,0.00,0.00,0.00,0.00,319678,452788,628822,332780,467462,647163,0,0,0,0,0,0,0,75864,0,94.51,94.56,94.58
396,0,0,0,0,97009,97009,97009,270,270,270,591,591,591,0.00,0.00,0.00,0.00,0.00,0.00,0.00,0.00,0.00,0.00,0.00,0.00,0.00,0.00,0.00,0.00,0.00,0.00,0.00,0.00,0.00,94336,557637,1428160,107438,571263,1441263,0,0,0,0,0,0,0,54750,0,90.73,90.88,91.02
396,1,26,75,100,4521,4521,4521,92758,92758,92758,591,591,591,0.26,0.55,0.80,0.09,0.21,0.32,0.06,0.17,0.27,0.00,0.00,0.00,0.01,0.02,0.04,0.00,0.00,0.00,0.07,0.17,0.28,332824,422447,655171,681205,958632,1250066,0,0,0,0,0,0,0,311313,0,353.20,379.62,417.25
396,2,0,0,0,97047,97047,97047,232,232,232,591,591,591,0.00,0.00,0.00,0.00,0.00,0.00,0.00,0.00,0.00,0.00,0.00,0.00,0.00,0.00,0.00,0.00,0.00,0.00,0.00,0.00,0.00,317072,366852,437614,330175,381002,453336,0,0,0,0,0,0,0,71226,0,88.84,88.88,88.91
396,3,0,0,0,97198,97198,97198,81,81,81,591,591,591,0.00,0.00,0.00,0.00,0.00,0.00,0.00,0.00,0.00,0.00,0.00,0.00,0.00,0.00,0.00,0.00,0.00,0.00,0.00,0.00,0.00,233058,312847,382582,243494,325416,398304,0,0,0,0,0,0,0,75925,0,94.42,94.47,94.55
397,0,0,0,0,97009,97009,97009,270,270,270,591,591,591,0.00,0.00,0.00,0.00,0.00,0.00,0.00,0.00,0.00,0.00,0.00,0.00,0.00,0.00,0.00,0.00,0.00,0.00,0.00,0.00,0.00,412259,526763,935471,425062,540808,951193,0,0,0,0,0,0,0,73016,0,91.07,91.09,91.13
397,1,25,54,100,4521,4521,4521,92758,92758,92758,591,591,591,0.12,0.44,0.82,0.04,0.16,0.32,0.03,0.13,0.27,0.00,0.00,0.00,0.00,0.02,0.05,0.00,0.00,0.00,0.02,0.11,0.21,314449,370035,539900,505738,950783,1284230,0,0,0,0,0,0,0,253271,0,338.59,363.01,415.30
397,2,0,0,0,97047,97047,97047,232,232,232,591,591,591,0.00,0.00,0.00,0.00,0.00,0.00,0.00,0.00,0.00,0.00,0.00,0.00,0.00,0.00,0.00,0.00,0.00,0.00,0.00,0.00,0.00,319690,400158,604505,335412,412812,613166,0,0,0,0,0,0,0,80279,0,88.82,88.86,88.93
397,3,0,0,0,97198,97198,97198,81,81,81,591,591,591,0.00,0.00,0.00,0.00,0.00,0.00,0.00,0.00,0.00,0.00,0.00,0.00,0.00,0.00,0.00,0.00,0.00,0.00,0.00,0.00,0.00,306117,471121,1000890,318871,485289,1013990,0,0,0,0,0,0,0,85145,0,94.45,94.57,94.66
398,0,0,0,0,97009,97009,97009,270,270,270,591,591,591,0.00,0.00,0.00,0.00,0.00,0.00,0.00,0.00,0.00,0.00,0.00,0.00,0.00,0.00,0.00,0.00,0.00,0.00,0.00,0.00,0.00,432367,493338,564260,442857,506091,572995,0,0,0,0,0,0,0,73088,0,91.06,91.13,91.18
398,1,23,64,100,4521,4521,4521,92758,92758,92758,591,591,591,0.10,0.47,0.79,0.04,0.18,0.32,0.02,0.14,0.23,0.00,0.00,0.00,0.00,0.02,0.05,0.00,0.00,0.00,0.02,0.12,0.28,9875,782912,1412978,323426,1240825,2182140,0,0,0,0,0,0,0,314551,0,362.41,428.60,479.60
398,2,0,0,0,97047,97047,97047,232,232,232,591,591,591,0.00,0.00,0.00,0.00,0.00,0.00,0.00,0.00,0.00,0.00,0.00,0.00,0.00,0.00,0.00,0.00,0.00,0.00,0.00,0.00,0.00,327548,471834,744181,340650,486074,759903,0,0,0,0,0,0,0,71156,0,88.77,88.85,88.94
398,3,0,0,0,97198,97198,97198,81,81,81,591,591,591,0.00,0.00,0.00,0.00,0.00,0.00,0.00,0.00,0.00,0.00,0.00,0.00,0.00,0.00,0.00,0.00,0.00,0.00,0.00,0.00,0.00,322310,354805,424510,335412,368431,440232,0,0,0,0,0,0,0,75799,0,94.31,94.41,94.47
399,0,0,0,0,97009,97009,97009,270,270,270,591,591,591,0.00,0.00,0.00,0.00,0.00,0.00,0.00,0.00,0.00,0.00,0.00,0.00,0.00,0.00,0.00,0.00,0.00,0.00,0.00,0.00,0.00,41926,368946,545043,57649,383097,558145,0,0,0,0,0,0,0,81891,0,90.81,90.96,91.15
399,1,24,74,100,4519,4519,4519,92760,92760,92760,591,591,591,0.11,0.61,0.86,0.04,0.20,0.28,0.02,0.18,0.28,0.00,0.00,0.00,0.00,0.03,0.05,0.00,0.00,0.00,0.02,0.15,0.21,319668,446531,720632,479511,858479,1608976,0,0,0,0,0,0,0,380851,0,267.98,328.68,428.99
399,2,0,0,0,97047,97047,97047,232,232,232,591,591,591,0.00,0.00,0.00,0.00,0.00,0.00,0.00,0.00,0.00,0.00,0.00,0.00,0.00,0.00,0.00,0.00,0.00,0.00,0.00,0.00,0.00,322307,354799,434984,335409,368425,448086,0,0,0,0,0,0,0,71298,0,88.72,88.75,88.78
399,3,0,0,0,97198,97198,97198,81,81,81,591,591,591,0.00,0.00,0.00,0.00,0.00,0.00,0.00,0.00,0.00,0.00,0.00,0.00,0.00,0.00,0.00,0.00,0.00,0.00,0.00,0.00,0.00,314449,379960,579114,327552,393586,592216,0,0,0,0,0,0,0,75456,0,94.18,94.32,94.46
400,0,0,0,0,97009,97009,97009,270,270,270,591,591,591,0.00,0.00,0.00,0.00,0.00,0.00,0.00,0.00,0.00,0.00,0.00,0.00,0.00,0.00,0.00,0.00,0.00,0.00,0.00,0.00,0.00,429747,708164,1509342,445470,721921,1519823,0,0,0,0,0,0,0,72884,0,90.69,90.72,90.78
400,1,31,63,94,4519,4519,4519,92760,92760,92760,591,591,591,0.27,0.51,0.84,0.10,0.21,0.34,0.07,0.15,0.26,0.00,0.00,0.00,0.01,0.02,0.05,0.00,0.00,0.00,0.07,0.16,0.21,332761,370148,450783,662968,880488,1113739,0,0,0,0,0,0,0,233589,0,416.51,439.27,462.94
400,2,0,0,0,97047,97047,97047,232,232,232,591,591,591,0.00,0.00,0.00,0.00,0.00,0.00,0.00,0.00,0.00,0.00,0.00,0.00,0.00,0.00,0.00,0.00,0.00,0.00,0.00,0.00,0.00,324935,503132,925052,340658,517545,940776,0,0,0,0,0,0,0,53420,0,88.74,88.78,88.81
400,3,0,0,0,97198,97198,97198,81,81,81,591,591,591,0.00,0.00,0.00,0.00,0.00,0.00,0.00,0.00,0.00,0.00,0.00,0.00,0.00,0.00,0.00,0.00,0.00,0.00,0.00,0.00,0.00,0,351549,681311,13101,363925,691793,0,0,0,0,0,0,0,66465,0,94.14,94.28,94.47
401,0,0,0,0,97009,97009,97009,270,270,270,591,591,591,0.00,0.00,0.00,0.00,0.00,0.00,0.00,0.00,0.00,0.00,0.00,0.00,0.00,0.00,0.00,0.00,0.00,0.00,0.00,0.00,0.00,407588,587940,966040,420090,600696,982553,0,0,0,0,0,0,0,72712,0,90.68,90.78,90.81
401,1,26,53,100,4519,4519,4519,92760,92760,92760,591,591,591,0.12,0.39,0.83,0.04,0.14,0.25,0.02,0.11,0.28,0.00,0.00,0.00,0.00,0.02,0.05,0.00,0.00,0.00,0.02,0.10,0.19,327590,545233,757419,699805,1148942,1478146,0,0,0,0,0,0,0,321333,0,321.07,339.02,370.12
401,2,0,0,0,97047,97047,97047,232,232,232,591,591,591,0.00,0.00,0.00,0.00,0.00,0.00,0.00,0.00,0.00,0.00,0.00,0.00,0.00,0.00,0.00,0.00,0.00,0.00,0.00,0.00,0.00,220118,400548,542430,228853,412706,552912,0,0,0,0,0,0,0,71090,0,88.65,88.70,88.75
401,3,0,0,0,97198,97198,97198,81,81,81,591,591,591,0.00,0.00,0.00,0.00,0.00,0.00,0.00,0.00,0.00,0.00,0.00,0.00,0.00,0.00,0.00,0.00,0.00,0.00,0.00,0.00,0.00,314444,350608,427126,330166,364234,440228,0,0,0,0,0,0,0,75640,0,94.36,94.49,94.54
402,0,0,0,0,97009,97009,97009,270,270,270,591,591,591,0.00,0.00,0.00,0.00,0.00,0.00,0.00,0.00,0.00,0.00,0.00,0.00,0.00,0.00,0.00,0.00,0.00,0.00,0.00,0.00,0.00,419261,538221,694335,434984,552372,710056,0,0,0,0,0,0,0,72887,0,90.71,90.77,90.85
402,1,26,62,100,4519,4519,4519,92760,92760,92760,591,591,591,0.11,0.52,0.82,0.04,0.20,0.34,0.02,0.15,0.26,0.00,0.00,0.00,0.00,0.03,0.05,0.00,0.00,0.00,0.02,0.13,0.26,382622,622782,1157230,765630,1103580,1431784,0,0,0,0,0,0,0,278075,0,377.42,438.57,510.21
402,2,0,0,0,97047,97047,97047,232,232,232,591,591,591,0.00,0.00,0.00,0.00,0.00,0.00,0.00,0.00,0.00,0.00,0.00,0.00,0.00,0.00,0.00,0.00,0.00,0.00,0.00,0.00,0.00,317070,372100,566008,330172,386250,579110,0,0,0,0,0,0,0,71153,0,88.61,88.63,88.68
402,3,0,0,0,97198,97198,97198,81,81,81,591,591,591,0.00,0.00,0.00,0.00,0.00,0.00,0.00,0.00,0.00,0.00,0.00,0.00,0.00,0.00,0.00,0.00,0.00,0.00,0.00,0.00,0.00,314446,372089,521405,327547,386239,537126,0,0,0,0,0,0,0,75850,0,94.23,94.28,94.32
403,0,0,0,0,97009,97009,97009,270,270,270,591,591,591,0.00,0.00,0.00,0.00,0.00,0.00,0.00,0.00,0.00,0.00,0.00,0.00,0.00,0.00,0.00,0.00,0.00,0.00,0.00,0.00,0.00,10481,550284,1498849,23583,564434,1511951,0,0,0,0,0,0,0,54597,0,90.88,90.93,91.01
403,1,30,83,100,4515,4515,4515,92764,92764,92764,591,591,591,0.13,0.65,0.86,0.05,0.22,0.31,0.02,0.18,0.28,0.00,0.00,0.00,0.00,0.03,0.05,0.00,0.00,0.00,0.03,0.17,0.25,316951,507302,739065,484618,933368,1336913,0,0,0,0,0,0,0,393415,0,298.01,349.06,444.36
403,2,0,0,0,97047,97047,97047,232,232,232,591,591,591,0.00,0.00,0.00,0.00,0.00,0.00,0.00,0.00,0.00,0.00,0.00,0.00,0.00,0.00,0.00,0.00,0.00,0.00,0.00,0.00,0.00,322313,497355,945980,338037,512030,959082,0,0,0,0,0,0,0,80044,0,88.59,88.63,88.68
403,3,0,0,0,97198,97198,97198,81,81,81,591,591,591,0.00,0.00,0.00,0.00,0.00,0.00,0.00,0.00,0.00,0.00,0.00,0.00,0.00,0.00,0.00,0.00,0.00,0.00,0.00,0.00,0.00,314451,412802,683059,330174,426079,691793,0,0,0,0,0,0,0,84694,0,94.05,94.22,94.41
404,0,0,0,0,97009,97009,97009,270,270,270,591,591,591,0.00,0.00,0.00,0.00,0.00,0.00,0.00,0.00,0.00,0.00,0.00,0.00,0.00,0.00,0.00,0.00,0.00,0.00,0.00,0.00,0.00,417523,530671,902083,432614,544637,914896,0,0,0,0,0,0,0,72857,0,90.90,90.93,90.98
404,1,26,51,96,4515,4515,4515,92764,92764,92764,591,591,591,0.12,0.42,0.90,0.04,0.17,0.35,0.03,0.13,0.32,0.00,0.00,0.00,0.00,0.02,0.07,0.00,0.00,0.00,0.02,0.11,0.29,377415,591236,862206,607990,1131109,1645792,0,0,0,0,0,0,0,212618,0,339.70,448.79,528.86
404,2,0,0,0,97047,97047,97047,232,232,232,591,591,591,0.00,0.00,0.00,0.00,0.00,0.00,0.00,0.00,0.00,0.00,0.00,0.00,0.00,0.00,0.00,0.00,0.00,0.00,0.00,0.00,0.00,206132,405989,717978,213120,418875,733701,0,0,0,0,0,0,0,71227,0,88.60,88.65,88.69
404,3,0,0,0,97198,97198,97198,81,81,81,591,591,591,0.00,0.00,0.00,0.00,0.00,0.00,0.00,0.00,0.00,0.00,0.00,0.00,0.00,0.00,0.00,0.00,0.00,0.00,0.00,0.00,0.00,319687,399875,573873,332789,413501,586975,0,0,0,0,0,0,0,75642,0,94.11,94.28,94.39
405,0,0,0,0,97009,97009,97009,270,270,270,591,591,591,0.00,0.00,0.00,0.00,0.00,0.00,0.00,0.00,0.00,0.00,0.00,0.00,0.00,0.00,0.00,0.00,0.00,0.00,0.00,0.00,0.00,411412,505420,574745,424515,518769,584360,0,0,0,0,0,0,0,72585,0,90.55,90.63,90.80
405,1,64,90,100,4515,4515,4515,92764,92764,92764,591,591,591,0.34,0.74,0.85,0.18,0.27,0.35,0.03,0.21,0.29,0.00,0.00,0.00,0.01,0.04,0.05,0.00,0.00,0.00,0.15,0.20,0.27,241429,450567,870037,411646,810241,1352268,0,0,0,0,0,0,0,421029,0,303.06,389.14,519.06
405,2,0,0,0,97047,97047,97047,232,232,232,591,591,591,0.00,0.00,0.00,0.00,0.00,0.00,0.00,0.00,0.00,0.00,0.00,0.00,0.00,0.00,0.00,0.00,0.00,0.00,0.00,0.00,0.00,324924,365806,492635,338026,379956,508357,0,0,0,0,0,0,0,71241,0,88.66,88.68,88.70
405,3,0,0,0,97198,97198,97198,81,81,81,591,591,591,0.00,0.00,0.00,0.00,0.00,0.00,0.00,0.00,0.00,0.00,0.00,0.00,0.00,0.00,0.00,0.00,0.00,0.00,0.00,0.00,0.00,311829,391476,581658,324931,406150,602619,0,0,0,0,0,0,0,75431,0,94.01,94.12,94.30
406,0,0,0,0,97009,97009,97009,270,270,270,591,591,591,0.00,0.00,0.00,0.00,0.00,0.00,0.00,0.00,0.00,0.00,0.00,0.00,0.00,0.00,0.00,0.00,0.00,0.00,0.00,0.00,0.00,41927,366339,526708,52408,379965,539810,0,0,0,0,0,0,0,81790,0,90.62,90.67,90.74
406,1,26,46,96,4515,4515,4515,92764,92764,92764,591,591,591,0.12,0.35,0.82,0.04,0.13,0.29,0.02,0.10,0.29,0.00,0.00,0.00,0.00,0.02,0.06,0.00,0.00,0.00,0.02,0.08,0.19,327581,386816,597542,563440,1065054,1404747,0,0,0,0,0,0,0,195981,0,301.04,388.82,506.48
406,2,0,0,0,97047,97047,97047,232,232,232,591,591,591,0.00,0.00,0.00,0.00,0.00,0.00,0.00,0.00,0.00,0.00,0.00,0.00,0.00,0.00,0.00,0.00,0.00,0.00,0.00,0.00,0.00,317064,493683,1079621,332787,507833,1092723,0,0,0,0,0,0,0,62238,0,88.74,88.76,88.78
406,3,0,0,0,97198,97198,97198,81,81,81,591,591,591,0.00,0.00,0.00,0.00,0.00,0.00,0.00,0.00,0.00,0.00,0.00,0.00,0.00,0.00,0.00,0.00,0.00,0.00,0.00,0.00,0.00,2620,277133,416647,13101,290727,429749,0,0,0,0,0,0,0,66087,0,94.14,94.21,94.29
407,0,0,0,0,97009,97009,97009,270,270,270,591,591,591,0.00,0.00,0.00,0.00,0.00,0.00,0.00,0.00,0.00,0.00,0.00,0.00,0.00,0.00,0.00,0.00,0.00,0.00,0.00,0.00,0.00,434994,710143,1506762,450716,723900,1522485,0,0,0,0,0,0,0,72645,0,90.67,90.75,90.82
407,1,87,96,100,4515,4515,4515,92764,92764,92764,591,591,591,0.67,0.81,0.86,0.25,0.28,0.32,0.18,0.24,0.28,0.00,0.00,0.00,0.03,0.04,0.05,0.00,0.00,0.00,0.19,0.23,0.26,340686,655141,1124279,476960,878537,1252693,0,0,0,0,0,0,0,367101,0,318.94,413.71,501.88
407,2,0,0,0,97047,97047,97047,232,232,232,591,591,591,0.00,0.00,0.00,0.00,0.00,0.00,0.00,0.00,0.00,0.00,0.00,0.00,0.00,0.00,0.00,0.00,0.00,0.00,0.00,0.00,0.00,220772,332963,450721,227671,345170,466444,0,0,0,0,0,0,0,71274,0,88.72,88.73,88.74
407,3,0,0,0,97198,97198,97198,81,81,81,591,591,591,0.00,0.00,0.00,0.00,0.00,0.00,0.00,0.00,0.00,0.00,0.00,0.00,0.00,0.00,0.00,0.00,0.00,0.00,0.00,0.00,0.00,319684,473634,849047,332786,486736,859529,0,0,0,0,0,0,0,75358,0,93.98,94.02,94.09
408,0,0,0,0,97009,97009,97009,270,270,270,591,591,591,0.00,0.00,0.00,0.00,0.00,0.00,0.00,0.00,0.00,0.00,0.00,0.00,0.00,0.00,0.00,0.00,0.00,0.00,0.00,0.00,0.00,421889,537402,917015,437611,550986,929895,0,0,0,0,0,0,0,72521,0,90.53,90.56,90.60
408,1,26,63,100,4515,4515,4515,92764,92764,92764,591,591,591,0.12,0.46,0.82,0.04,0.17,0.29,0.03,0.13,0.24,0.00,0.00,0.00,0.00,0.02,0.04,0.00,0.00,0.00,0.02,0.12,0.23,233569,414138,749525,477519,980782,1242243,0,0,0,0,0,0,0,309815,0,360.49,400.20,490.81
408,2,0,0,0,97047,97047,97047,232,232,232,591,591,591,0.00,0.00,0.00,0.00,0.00,0.00,0.00,0.00,0.00,0.00,0.00,0.00,0.00,0.00,0.00,0.00,0.00,0.00,0.00,0.00,0.00,322314,458576,793989,335417,472726,809712,0,0,0,0,0,0,0,71183,0,88.60,88.64,88.66
408,3,0,0,0,97198,97198,97198,81,81,81,591,591,591,0.00,0.00,0.00,0.00,0.00,0.00,0.00,0.00,0.00,0.00,0.00,0.00,0.00,0.00,0.00,0.00,0.00,0.00,0.00,0.00,0.00,311824,391780,577939,327546,405401,591015,0,0,0,0,0,0,0,75367,0,94.10,94.18,94.27
409,0,0,0,0,97009,97009,97009,270,270,270,591,591,591,0.00,0.00,0.00,0.00,0.00,0.00,0.00,0.00,0.00,0.00,0.00,0.00,0.00,0.00,0.00,0.00,0.00,0.00,0.00,0.00,0.00,434991,504347,663845,448094,517449,674326,0,0,0,0,0,0,0,72691,0,90.57,90.62,90.70
409,1,32,59,100,4515,4515,4515,92764,92764,92764,591,591,591,0.14,0.38,0.65,0.05,0.15,0.25,0.03,0.11,0.17,0.00,0.00,0.00,0.00,0.01,0.02,0.00,0.00,0.00,0.03,0.11,0.23,330209,420221,639752,831072,1119740,1489126,0,0,0,0,0,0,0,259890,0,340.65,380.84,417.38
409,2,0,0,0,97047,97047,97047,232,232,232,591,591,591,0.00,0.00,0.00,0.00,0.00,0.00,0.00,0.00,0.00,0.00,0.00,0.00,0.00,0.00,0.00,0.00,0.00,0.00,0.00,0.00,0.00,317042,350083,437616,332763,364234,450719,0,0,0,0,0,0,0,80115,0,88.70,88.72,88.75
409,3,0,0,0,97198,97198,97198,81,81,81,591,591,591,0.00,0.00,0.00,0.00,0.00,0.00,0.00,0.00,0.00,0.00,0.00,0.00,0.00,0.00,0.00,0.00,0.00,0.00,0.00,0.00,0.00,317074,356900,398305,330176,370526,411407,0,0,0,0,0,0,0,75580,0,94.08,94.13,94.25
411,0,0,0,0,97009,97009,97009,270,270,270,591,591,591,0.00,0.00,0.00,0.00,0.00,0.00,0.00,0.00,0.00,0.00,0.00,0.00,0.00,0.00,0.00,0.00,0.00,0.00,0.00,0.00,0.00,133643,547567,1367881,144125,561184,1383604,0,0,0,0,0,0,0,145455,0,90.64,90.73,90.84
411,1,26,63,100,4515,4515,4515,92764,92764,92764,591,591,591,0.12,0.50,0.84,0.04,0.19,0.32,0.02,0.15,0.28,0.00,0.00,0.00,0.00,0.02,0.05,0.00,0.00,0.00,0.02,0.14,0.26,319732,547698,885774,644706,1081487,1378199,0,0,0,0,0,0,0,732961,0,315.82,349.49,420.82
411,2,0,0,0,97047,97047,97047,232,232,232,591,591,591,0.00,0.00,0.00,0.00,0.00,0.00,0.00,0.00,0.00,0.00,0.00,0.00,0.00,0.00,0.00,0.00,0.00,0.00,0.00,0.00,0.00,214860,435525,1027176,225341,448597,1042898,0,0,0,0,0,0,0,160108,0,88.59,88.65,88.73
411,3,0,0,0,97198,97198,97198,81,81,81,591,591,591,0.00,0.00,0.00,0.00,0.00,0.00,0.00,0.00,0.00,0.00,0.00,0.00,0.00,0.00,0.00,0.00,0.00,0.00,0.00,0.00,0.00,0,387820,1040306,13102,401009,1050787,0,0,0,0,0,0,0,169771,0,93.87,94.22,94.42
412,0,0,0,0,97009,97009,97009,270,270,270,591,591,591,0.00,0.00,0.00,0.00,0.00,0.00,0.00,0.00,0.00,0.00,0.00,0.00,0.00,0.00,0.00,0.00,0.00,0.00,0.00,0.00,0.00,416654,555755,762405,429757,569144,774875,0,0,0,0,0,0,0,72908,0,90.61,90.79,90.94
412,1,0,43,100,4515,4515,4515,92764,92764,92764,591,591,591,0.00,0.34,0.68,0.00,0.14,0.27,0.00,0.10,0.18,0.00,0.00,0.00,0.00,0.01,0.03,0.00,0.00,0.00,0.00,0.11,0.26,330239,436446,778154,345965,855433,1397081,0,0,0,0,0,0,0,234874,0,290.59,377.68,453.48
412,2,0,0,0,97047,97047,97047,232,232,232,591,591,591,0.00,0.00,0.00,0.00,0.00,0.00,0.00,0.00,0.00,0.00,0.00,0.00,0.00,0.00,0.00,0.00,0.00,0.00,0.00,0.00,0.00,317083,392018,487404,332807,405644,503127,0,0,0,0,0,0,0,71262,0,88.65,88.70,88.74
412,3,0,0,0,97198,97198,97198,81,81,81,591,591,591,0.00,0.00,0.00,0.00,0.00,0.00,0.00,0.00,0.00,0.00,0.00,0.00,0.00,0.00,0.00,0.00,0.00,0.00,0.00,0.00,0.00,314445,361609,403505,327547,376283,419226,0,0,0,0,0,0,0,75397,0,93.94,94.05,94.17
413,0,0,0,0,97009,97009,97009,270,270,270,591,591,591,0.00,0.00,0.00,0.00,0.00,0.00,0.00,0.00,0.00,0.00,0.00,0.00,0.00,0.00,0.00,0.00,0.00,0.00,0.00,0.00,0.00,36686,416124,691790,52408,437087,744198,0,0,0,0,0,0,0,82001,0,90.86,90.96,91.03
413,1,0,0,0,4515,4515,4515,92764,92764,92764,591,591,591,0.00,0.00,0.00,0.00,0.00,0.00,0.00,0.00,0.00,0.00,0.00,0.00,0.00,0.00,0.00,0.00,0.00,0.00,0.00,0.00,0.00,304028,359591,563493,314512,380559,615911,0,0,0,0,0,0,0,120886,0,150.90,206.05,262.25
413,2,0,0,0,97047,97047,97047,232,232,232,591,591,591,0.00,0.00,0.00,0.00,0.00,0.00,0.00,0.00,0.00,0.00,0.00,0.00,0.00,0.00,0.00,0.00,0.00,0.00,0.00,0.00,0.00,322310,584351,998355,338032,606362,1014077,0,0,0,0,0,0,0,62330,0,88.80,88.83,88.85
413,3,0,0,0,97198,97198,97199,80,80,81,591,591,591,0.00,0.00,0.00,0.00,0.00,0.00,0.00,0.00,0.00,0.00,0.00,0.00,0.00,0.00,0.00,0.00,0.00,0.00,0.00,0.00,0.00,0,465910,911904,13101,486349,925006,0,0,0,0,0,0,0,66083,0,94.12,94.19,94.25
414,0,0,0,0,97009,97201,97265,14,78,270,591,591,591,0.00,0.00,0.00,0.00,0.00,0.00,0.00,0.00,0.00,0.00,0.00,0.00,0.00,0.00,0.00,0.00,0.00,0.00,0.00,0.00,0.00,429751,707504,1519850,442854,851627,1535572,0,0,0,0,0,0,0,72734,0,90.64,90.69,90.75
414,1,0,0,0,4515,5211,5443,91836,92068,92764,591,591,591,0.00,0.00,0.00,0.00,0.00,0.00,0.00,0.00,0.00,0.00,0.00,0.00,0.00,0.00,0.00,0.00,0.00,0.00,0.00,0.00,0.00,301409,363650,471746,311892,526803,982851,0,0,0,0,0,0,0,104930,0,149.70,150.07,150.50
414,2,0,0,0,97047,97215,97271,8,64,232,591,591,591,0.00,0.00,0.00,0.00,0.00,0.00,0.00,0.00,0.00,0.00,0.00,0.00,0.00,0.00,0.00,0.00,0.00,0.00,0.00,0.00,0.00,324929,348506,416634,337999,492629,744193,0,0,0,0,0,0,0,71031,0,88.60,88.70,88.78
414,3,0,0,0,97199,97253,97271,8,26,80,591,591,591,0.00,0.00,0.00,0.00,0.00,0.00,0.00,0.00,0.00,0.00,0.00,0.00,0.00,0.00,0.00,0.00,0.00,0.00,0.00,0.00,0.00,319691,370352,480410,332793,470365,838534,0,0,0,0,0,0,0,75315,0,93.91,93.99,94.08
415,0,0,0,0,97265,97268,97269,10,10,14,591,591,591,0.00,0.00,0.00,0.00,0.00,0.00,0.00,0.00,0.00,0.00,0.00,0.00,0.00,0.00,0.00,0.00,0.00,0.00,0.00,0.00,0.00,424506,921838,1501511,463813,2058507,4784506,0,0,0,0,0,0,0,63923,0,90.61,90.84,91.01
415,1,0,0,0,5443,78906,97272,7,18372,91836,591,591,591,0.00,0.00,0.00,0.00,0.00,0.00,0.00,0.00,0.00,0.00,0.00,0.00,0.00,0.00,0.00,0.00,0.00,0.00,0.00,0.00,0.00,327613,1186216,2280145,348581,2383706,5948035,0,0,0,0,0,0,0,138425,0,150.27,152.31,153.53
415,2,0,0,0,97271,97272,97273,6,6,8,591,591,591,0.00,0.00,0.00,0.00,0.00,0.00,0.00,0.00,0.00,0.00,0.00,0.00,0.00,0.00,0.00,0.00,0.00,0.00,0.00,0.00,0.00,343277,604279,1049287,358999,1769772,4186671,0,0,0,0,0,0,0,71201,0,88.65,88.68,88.76
415,3,0,0,0,97271,97272,97273,6,6,8,591,591,591,0.00,0.00,0.00,0.00,0.00,0.00,0.00,0.00,0.00,0.00,0.00,0.00,0.00,0.00,0.00,0.00,0.00,0.00,0.00,0.00,0.00,324931,772990,1818412,351131,2263604,4850845,0,0,0,0,0,0,0,75262,0,93.93,93.99,94.05
