timestamp,gpuId,DCGM_FI_DEV_GPU_UTIL_min,DCGM_FI_DEV_GPU_UTIL_avg,DCGM_FI_DEV_GPU_UTIL_max,DCGM_FI_DEV_FB_FREE_min,DCGM_FI_DEV_FB_FREE_avg,DCGM_FI_DEV_FB_FREE_max,DCGM_FI_DEV_FB_USED_min,DCGM_FI_DEV_FB_USED_avg,DCGM_FI_DEV_FB_USED_max,DCGM_FI_DEV_FB_RESERVED_min,DCGM_FI_DEV_FB_RESERVED_avg,DCGM_FI_DEV_FB_RESERVED_max,DCGM_FI_PROF_SM_ACTIVE_min,DCGM_FI_PROF_SM_ACTIVE_avg,DCGM_FI_PROF_SM_ACTIVE_max,DCGM_FI_PROF_SM_OCCUPANCY_min,DCGM_FI_PROF_SM_OCCUPANCY_avg,DCGM_FI_PROF_SM_OCCUPANCY_max,DCGM_FI_PROF_PIPE_TENSOR_ACTIVE_min,DCGM_FI_PROF_PIPE_TENSOR_ACTIVE_avg,DCGM_FI_PROF_PIPE_TENSOR_ACTIVE_max,DCGM_FI_PROF_PIPE_FP64_ACTIVE_min,DCGM_FI_PROF_PIPE_FP64_ACTIVE_avg,DCGM_FI_PROF_PIPE_FP64_ACTIVE_max,DCGM_FI_PROF_PIPE_FP32_ACTIVE_min,DCGM_FI_PROF_PIPE_FP32_ACTIVE_avg,DCGM_FI_PROF_PIPE_FP32_ACTIVE_max,DCGM_FI_PROF_PIPE_FP16_ACTIVE_min,DCGM_FI_PROF_PIPE_FP16_ACTIVE_avg,DCGM_FI_PROF_PIPE_FP16_ACTIVE_max,DCGM_FI_PROF_DRAM_ACTIVE_min,DCGM_FI_PROF_DRAM_ACTIVE_avg,DCGM_FI_PROF_DRAM_ACTIVE_max,DCGM_FI_PROF_PCIE_TX_BYTES_min,DCGM_FI_PROF_PCIE_TX_BYTES_avg,DCGM_FI_PROF_PCIE_TX_BYTES_max,DCGM_FI_PROF_PCIE_RX_BYTES_min,DCGM_FI_PROF_PCIE_RX_BYTES_avg,DCGM_FI_PROF_PCIE_RX_BYTES_max,DCGM_FI_PROF_NVLINK_RX_BYTES_min,DCGM_FI_PROF_NVLINK_RX_BYTES_avg,DCGM_FI_PROF_NVLINK_RX_BYTES_max,DCGM_FI_PROF_NVLINK_TX_BYTES_min,DCGM_FI_PROF_NVLINK_TX_BYTES_avg,DCGM_FI_PROF_NVLINK_TX_BYTES_max,DCGM_FI_DEV_TOTAL_ENERGY_CONSUMPTION_min,DCGM_FI_DEV_TOTAL_ENERGY_CONSUMPTION_avg,DCGM_FI_DEV_TOTAL_ENERGY_CONSUMPTION_max,DCGM_FI_DEV_POWER_USAGE_min,DCGM_FI_DEV_POWER_USAGE_avg,DCGM_FI_DEV_POWER_USAGE_max
1,0,0,0,0,97273,97273,97273,7,7,7,591,591,591,0.00,0.00,0.00,0.00,0.00,0.00,0.00,0.00,0.00,0.00,0.00,0.00,0.00,0.00,0.00,0.00,0.00,0.00,0.00,0.00,0.00,322317,396737,529325,338040,415604,550288,0,0,0,0,0,0,0,79044,0,98.36,98.41,98.45
1,1,0,0,0,97273,97273,97273,6,6,6,591,591,591,0.00,0.00,0.00,0.00,0.00,0.00,0.00,0.00,0.00,0.00,0.00,0.00,0.00,0.00,0.00,0.00,0.00,0.00,0.00,0.00,0.00,311801,449787,750081,327522,468062,770702,0,0,0,0,0,0,0,64902,0,80.60,80.64,80.67
1,2,0,0,0,97273,97273,97273,6,6,6,591,591,591,0.00,0.00,0.00,0.00,0.00,0.00,0.00,0.00,0.00,0.00,0.00,0.00,0.00,0.00,0.00,0.00,0.00,0.00,0.00,0.00,0.00,322323,423465,589615,343278,442332,607959,0,0,0,0,0,0,0,81309,0,101.34,101.36,101.38
1,3,0,0,0,97273,97273,97273,7,7,7,591,591,591,0.00,0.00,0.00,0.00,0.00,0.00,0.00,0.00,0.00,0.00,0.00,0.00,0.00,0.00,0.00,0.00,0.00,0.00,0.00,0.00,0.00,419282,658785,1446518,437625,677128,1464861,0,0,0,0,0,0,0,73644,0,91.68,91.73,91.77
2,0,0,0,0,97273,97273,97273,7,7,7,591,591,591,0.00,0.00,0.00,0.00,0.00,0.00,0.00,0.00,0.00,0.00,0.00,0.00,0.00,0.00,0.00,0.00,0.00,0.00,0.00,0.00,0.00,311336,336878,398311,331920,355144,414034,0,0,0,0,0,0,0,88782,0,98.39,98.41,98.44
2,1,0,0,0,97273,97273,97273,6,6,6,591,591,591,0.00,0.00,0.00,0.00,0.00,0.00,0.00,0.00,0.00,0.00,0.00,0.00,0.00,0.00,0.00,0.00,0.00,0.00,0.00,0.00,0.00,322313,351663,432375,340656,370530,450718,0,0,0,0,0,0,0,73017,0,80.53,80.54,80.55
2,2,0,0,0,97273,97273,97273,6,6,6,591,591,591,0.00,0.00,0.00,0.00,0.00,0.00,0.00,0.00,0.00,0.00,0.00,0.00,0.00,0.00,0.00,0.00,0.00,0.00,0.00,0.00,0.00,317083,342566,411350,335427,360375,429691,0,0,0,0,0,0,0,81381,0,101.33,101.36,101.39
2,3,0,0,0,97273,97273,97273,7,7,7,591,591,591,0.00,0.00,0.00,0.00,0.00,0.00,0.00,0.00,0.00,0.00,0.00,0.00,0.00,0.00,0.00,0.00,0.00,0.00,0.00,0.00,0.00,416598,443086,492127,432319,461292,507587,0,0,0,0,0,0,0,55177,0,91.59,91.66,91.73
3,0,0,0,0,97273,97273,97273,7,7,7,591,591,591,0.00,0.00,0.00,0.00,0.00,0.00,0.00,0.00,0.00,0.00,0.00,0.00,0.00,0.00,0.00,0.00,0.00,0.00,0.00,0.00,0.00,2620,440234,1116309,20963,458577,1134652,0,0,0,0,0,0,0,59139,0,98.30,98.34,98.37
3,1,0,0,0,97273,97273,97273,6,6,6,591,591,591,0.00,0.00,0.00,0.00,0.00,0.00,0.00,0.00,0.00,0.00,0.00,0.00,0.00,0.00,0.00,0.00,0.00,0.00,0.00,0.00,0.00,123160,454908,1021968,138882,472726,1040311,0,0,0,0,0,0,0,48618,0,80.48,80.52,80.57
3,2,0,0,0,97273,97273,97273,6,6,6,591,591,591,0.00,0.00,0.00,0.00,0.00,0.00,0.00,0.00,0.00,0.00,0.00,0.00,0.00,0.00,0.00,0.00,0.00,0.00,0.00,0.00,0.00,112681,364249,584362,131024,383116,602706,0,0,0,0,0,0,0,71077,0,101.43,101.47,101.49
3,3,0,0,0,97273,97273,97273,7,7,7,591,591,591,0.00,0.00,0.00,0.00,0.00,0.00,0.00,0.00,0.00,0.00,0.00,0.00,0.00,0.00,0.00,0.00,0.00,0.00,0.00,0.00,0.00,442852,534058,799251,461195,552401,817595,0,0,0,0,0,0,0,82783,0,91.69,91.71,91.77
4,0,0,0,0,97273,97273,97273,7,7,7,591,591,591,0.00,0.00,0.00,0.00,0.00,0.00,0.00,0.00,0.00,0.00,0.00,0.00,0.00,0.00,0.00,0.00,0.00,0.00,0.00,0.00,0.00,324937,429233,647254,343280,448100,668218,0,0,0,0,0,0,0,79069,0,98.37,98.47,98.53
4,1,0,0,0,97273,97273,97273,6,6,6,591,591,591,0.00,0.00,0.00,0.00,0.00,0.00,0.00,0.00,0.00,0.00,0.00,0.00,0.00,0.00,0.00,0.00,0.00,0.00,0.00,0.00,0.00,320157,450962,611511,338086,470861,638332,0,0,0,0,0,0,0,64713,0,80.38,80.42,80.45
4,2,0,0,0,97273,97273,97273,6,6,6,591,591,591,0.00,0.00,0.00,0.00,0.00,0.00,0.00,0.00,0.00,0.00,0.00,0.00,0.00,0.00,0.00,0.00,0.00,0.00,0.00,0.00,0.00,322324,510983,728500,343288,529849,746843,0,0,0,0,0,0,0,81359,0,101.42,101.43,101.44
4,3,0,0,0,97273,97273,97273,7,7,7,591,591,591,0.00,0.00,0.00,0.00,0.00,0.00,0.00,0.00,0.00,0.00,0.00,0.00,0.00,0.00,0.00,0.00,0.00,0.00,0.00,0.00,0.00,7860,640443,1464834,26202,660359,1485798,0,0,0,0,0,0,0,73848,0,91.78,91.86,91.95
5,0,0,0,0,97273,97273,97273,7,7,7,591,591,591,0.00,0.00,0.00,0.00,0.00,0.00,0.00,0.00,0.00,0.00,0.00,0.00,0.00,0.00,0.00,0.00,0.00,0.00,0.00,0.00,0.00,319667,357423,403550,340629,375766,424513,0,0,0,0,0,0,0,79003,0,98.30,98.36,98.43
5,1,0,0,0,97273,97273,97273,6,6,6,591,591,591,0.00,0.00,0.00,0.00,0.00,0.00,0.00,0.00,0.00,0.00,0.00,0.00,0.00,0.00,0.00,0.00,0.00,0.00,0.00,0.00,0.00,324932,389909,516174,340655,408252,534515,0,0,0,0,0,0,0,64770,0,80.33,80.35,80.37
5,2,0,0,0,97273,97273,97273,6,6,6,591,591,591,0.00,0.00,0.00,0.00,0.00,0.00,0.00,0.00,0.00,0.00,0.00,0.00,0.00,0.00,0.00,0.00,0.00,0.00,0.00,0.00,0.00,315038,346198,407663,332967,364462,425611,0,0,0,0,0,0,0,81450,0,101.40,101.42,101.44
5,3,0,0,0,97273,97273,97273,7,7,7,591,591,591,0.00,0.00,0.00,0.00,0.00,0.00,0.00,0.00,0.00,0.00,0.00,0.00,0.00,0.00,0.00,0.00,0.00,0.00,0.00,0.00,0.00,427143,471717,594850,445486,489399,613193,0,0,0,0,0,0,0,73534,0,91.65,91.76,91.89
6,0,0,0,0,97273,97273,97273,7,7,7,591,591,591,0.00,0.00,0.00,0.00,0.00,0.00,0.00,0.00,0.00,0.00,0.00,0.00,0.00,0.00,0.00,0.00,0.00,0.00,0.00,0.00,0.00,322311,503215,1178954,340654,521498,1198792,0,0,0,0,0,0,0,88893,0,98.37,98.39,98.40
6,1,0,0,0,97273,97273,97273,6,6,6,591,591,591,0.00,0.00,0.00,0.00,0.00,0.00,0.00,0.00,0.00,0.00,0.00,0.00,0.00,0.00,0.00,0.00,0.00,0.00,0.00,0.00,0.00,319694,477967,1079620,340657,495785,1095343,0,0,0,0,0,0,0,72949,0,80.40,80.45,80.50
6,2,0,0,0,97273,97273,97273,6,6,6,591,591,591,0.00,0.00,0.00,0.00,0.00,0.00,0.00,0.00,0.00,0.00,0.00,0.00,0.00,0.00,0.00,0.00,0.00,0.00,0.00,0.00,0.00,319700,351664,461209,338043,370007,479552,0,0,0,0,0,0,0,81395,0,101.42,101.46,101.48
6,3,0,0,0,97273,97273,97273,7,7,7,591,591,591,0.00,0.00,0.00,0.00,0.00,0.00,0.00,0.00,0.00,0.00,0.00,0.00,0.00,0.00,0.00,0.00,0.00,0.00,0.00,0.00,0.00,428420,445207,474290,447164,463630,495253,0,0,0,0,0,0,0,73815,0,91.64,91.77,91.91
7,0,0,0,0,97273,97273,97273,7,7,7,591,591,591,0.00,0.00,0.00,0.00,0.00,0.00,0.00,0.00,0.00,0.00,0.00,0.00,0.00,0.00,0.00,0.00,0.00,0.00,0.00,0.00,0.00,324929,415064,678628,343272,433931,699590,0,0,0,0,0,0,0,79158,0,98.43,98.47,98.50
7,1,0,0,0,97273,97273,97273,6,6,6,591,591,591,0.00,0.00,0.00,0.00,0.00,0.00,0.00,0.00,0.00,0.00,0.00,0.00,0.00,0.00,0.00,0.00,0.00,0.00,0.00,0.00,0.00,220101,402495,660348,232329,419615,678691,0,0,0,0,0,0,0,65015,0,80.46,80.52,80.59
7,2,0,0,0,97273,97273,97273,6,6,6,591,591,591,0.00,0.00,0.00,0.00,0.00,0.00,0.00,0.00,0.00,0.00,0.00,0.00,0.00,0.00,0.00,0.00,0.00,0.00,0.00,0.00,0.00,330188,524620,948608,348532,542963,966951,0,0,0,0,0,0,0,81456,0,101.38,101.45,101.54
7,3,0,0,0,97273,97273,97273,7,7,7,591,591,591,0.00,0.00,0.00,0.00,0.00,0.00,0.00,0.00,0.00,0.00,0.00,0.00,0.00,0.00,0.00,0.00,0.00,0.00,0.00,0.00,0.00,411415,634161,1278816,429758,652504,1297159,0,0,0,0,0,0,0,82750,0,91.77,91.89,91.95
8,0,0,0,0,97273,97273,97273,7,7,7,591,591,591,0.00,0.00,0.00,0.00,0.00,0.00,0.00,0.00,0.00,0.00,0.00,0.00,0.00,0.00,0.00,0.00,0.00,0.00,0.00,0.00,0.00,225359,339611,419274,239335,356557,437618,0,0,0,0,0,0,0,79281,0,98.50,98.60,98.70
8,1,0,0,0,97273,97273,97273,6,6,6,591,591,591,0.00,0.00,0.00,0.00,0.00,0.00,0.00,0.00,0.00,0.00,0.00,0.00,0.00,0.00,0.00,0.00,0.00,0.00,0.00,0.00,0.00,321427,368330,537665,340259,386584,553958,0,0,0,0,0,0,0,64982,0,80.60,80.66,80.71
8,2,0,0,0,97273,97273,97273,6,6,6,591,591,591,0.00,0.00,0.00,0.00,0.00,0.00,0.00,0.00,0.00,0.00,0.00,0.00,0.00,0.00,0.00,0.00,0.00,0.00,0.00,0.00,0.00,322318,361106,497900,340662,379449,516244,0,0,0,0,0,0,0,81443,0,101.48,101.56,101.60
8,3,0,0,0,97273,97273,97273,7,7,7,591,591,591,0.00,0.00,0.00,0.00,0.00,0.00,0.00,0.00,0.00,0.00,0.00,0.00,0.00,0.00,0.00,0.00,0.00,0.00,0.00,0.00,0.00,435001,491605,602726,453355,509949,618450,0,0,0,0,0,0,0,74020,0,91.67,91.79,91.97
9,0,0,0,0,97273,97273,97273,7,7,7,591,591,591,0.00,0.00,0.00,0.00,0.00,0.00,0.00,0.00,0.00,0.00,0.00,0.00,0.00,0.00,0.00,0.00,0.00,0.00,0.00,0.00,0.00,322316,335048,372109,338040,352666,390452,0,0,0,0,0,0,0,88843,0,98.32,98.43,98.58
9,1,0,0,0,97273,97273,97273,6,6,6,591,591,591,0.00,0.00,0.00,0.00,0.00,0.00,0.00,0.00,0.00,0.00,0.00,0.00,0.00,0.00,0.00,0.00,0.00,0.00,0.00,0.00,0.00,324935,373664,442810,345899,392007,461151,0,0,0,0,0,0,0,72783,0,80.55,80.62,80.68
9,2,0,0,0,97273,97273,97273,6,6,6,591,591,591,0.00,0.00,0.00,0.00,0.00,0.00,0.00,0.00,0.00,0.00,0.00,0.00,0.00,0.00,0.00,0.00,0.00,0.00,0.00,0.00,0.00,279633,338807,442865,291716,355377,458588,0,0,0,0,0,0,0,81441,0,101.44,101.47,101.50
9,3,0,0,0,97273,97273,97273,7,7,7,591,591,591,0.00,0.00,0.00,0.00,0.00,0.00,0.00,0.00,0.00,0.00,0.00,0.00,0.00,0.00,0.00,0.00,0.00,0.00,0.00,0.00,0.00,291755,410938,476808,303985,428014,495146,0,0,0,0,0,0,0,55627,0,92.08,92.22,92.31
10,0,0,0,0,97273,97273,97273,7,7,7,591,591,591,0.00,0.00,0.00,0.00,0.00,0.00,0.00,0.00,0.00,0.00,0.00,0.00,0.00,0.00,0.00,0.00,0.00,0.00,0.00,0.00,0.00,327558,527796,1047304,343280,546143,1065229,0,0,0,0,0,0,0,59245,0,98.44,98.45,98.48
10,1,0,0,0,97273,97273,97273,6,6,6,591,591,591,0.00,0.00,0.00,0.00,0.00,0.00,0.00,0.00,0.00,0.00,0.00,0.00,0.00,0.00,0.00,0.00,0.00,0.00,0.00,0.00,0.00,327554,518190,927629,348518,537189,945972,0,0,0,0,0,0,0,48731,0,80.49,80.51,80.54
10,2,0,0,0,97273,97273,97273,6,6,6,591,591,591,0.00,0.00,0.00,0.00,0.00,0.00,0.00,0.00,0.00,0.00,0.00,0.00,0.00,0.00,0.00,0.00,0.00,0.00,0.00,0.00,0.00,322310,406836,560807,338032,425834,581772,0,0,0,0,0,0,0,71104,0,101.41,101.44,101.46
10,3,0,0,0,97273,97273,97273,7,7,7,591,591,591,0.00,0.00,0.00,0.00,0.00,0.00,0.00,0.00,0.00,0.00,0.00,0.00,0.00,0.00,0.00,0.00,0.00,0.00,0.00,0.00,0.00,419278,461860,534572,437622,480204,552915,0,0,0,0,0,0,0,82818,0,91.72,91.92,92.11
11,0,0,0,0,97273,97273,97273,7,7,7,591,591,591,0.00,0.00,0.00,0.00,0.00,0.00,0.00,0.00,0.00,0.00,0.00,0.00,0.00,0.00,0.00,0.00,0.00,0.00,0.00,0.00,0.00,322317,458579,647236,340660,477447,668199,0,0,0,0,0,0,0,79041,0,98.28,98.33,98.42
11,1,0,0,0,97273,97273,97273,6,6,6,591,591,591,0.00,0.00,0.00,0.00,0.00,0.00,0.00,0.00,0.00,0.00,0.00,0.00,0.00,0.00,0.00,0.00,0.00,0.00,0.00,0.00,0.00,226248,378569,668208,239960,395462,686551,0,0,0,0,0,0,0,65046,0,80.56,80.57,80.59
11,2,0,0,0,97273,97273,97273,6,6,6,591,591,591,0.00,0.00,0.00,0.00,0.00,0.00,0.00,0.00,0.00,0.00,0.00,0.00,0.00,0.00,0.00,0.00,0.00,0.00,0.00,0.00,0.00,319713,490035,930279,338058,508378,948622,0,0,0,0,0,0,0,81329,0,101.34,101.36,101.38
11,3,0,0,0,97273,97273,97273,7,7,7,591,591,591,0.00,0.00,0.00,0.00,0.00,0.00,0.00,0.00,0.00,0.00,0.00,0.00,0.00,0.00,0.00,0.00,0.00,0.00,0.00,0.00,0.00,421904,670839,1525138,442868,689706,1543481,0,0,0,0,0,0,0,73605,0,91.51,91.57,91.67
12,0,0,0,0,97273,97273,97273,7,7,7,591,591,591,0.00,0.00,0.00,0.00,0.00,0.00,0.00,0.00,0.00,0.00,0.00,0.00,0.00,0.00,0.00,0.00,0.00,0.00,0.00,0.00,0.00,327551,354287,395692,345893,373154,416655,0,0,0,0,0,0,0,79117,0,98.53,98.58,98.61
12,1,0,0,0,97273,97273,97273,6,6,6,591,591,591,0.00,0.00,0.00,0.00,0.00,0.00,0.00,0.00,0.00,0.00,0.00,0.00,0.00,0.00,0.00,0.00,0.00,0.00,0.00,0.00,0.00,318598,374079,466967,337339,391900,484927,0,0,0,0,0,0,0,64886,0,80.55,80.62,80.67
12,2,0,0,0,97273,97273,97273,6,6,6,591,591,591,0.00,0.00,0.00,0.00,0.00,0.00,0.00,0.00,0.00,0.00,0.00,0.00,0.00,0.00,0.00,0.00,0.00,0.00,0.00,0.00,0.00,322307,349568,416677,338030,367911,435021,0,0,0,0,0,0,0,81504,0,101.41,101.46,101.49
12,3,0,0,0,97273,97273,97273,7,7,7,591,591,591,0.00,0.00,0.00,0.00,0.00,0.00,0.00,0.00,0.00,0.00,0.00,0.00,0.00,0.00,0.00,0.00,0.00,0.00,0.00,0.00,0.00,424517,463829,563411,440240,481649,584375,0,0,0,0,0,0,0,73534,0,91.70,91.78,91.81
13,0,0,0,0,97273,97273,97273,7,7,7,591,591,591,0.00,0.00,0.00,0.00,0.00,0.00,0.00,0.00,0.00,0.00,0.00,0.00,0.00,0.00,0.00,0.00,0.00,0.00,0.00,0.00,0.00,277780,468102,1069318,291756,484378,1087398,0,0,0,0,0,0,0,89359,0,98.54,98.63,98.78
13,1,0,0,0,97273,97273,97273,6,6,6,591,591,591,0.00,0.00,0.00,0.00,0.00,0.00,0.00,0.00,0.00,0.00,0.00,0.00,0.00,0.00,0.00,0.00,0.00,0.00,0.00,0.00,0.00,324933,498407,1084867,343276,517274,1100590,0,0,0,0,0,0,0,72979,0,80.48,80.52,80.56
13,2,0,0,0,97273,97273,97273,6,6,6,591,591,591,0.00,0.00,0.00,0.00,0.00,0.00,0.00,0.00,0.00,0.00,0.00,0.00,0.00,0.00,0.00,0.00,0.00,0.00,0.00,0.00,0.00,316209,333203,369446,326691,350442,390408,0,0,0,0,0,0,0,81373,0,101.43,101.45,101.49
13,3,0,0,0,97273,97273,97273,7,7,7,591,591,591,0.00,0.00,0.00,0.00,0.00,0.00,0.00,0.00,0.00,0.00,0.00,0.00,0.00,0.00,0.00,0.00,0.00,0.00,0.00,0.00,0.00,349410,456660,516241,361640,473708,534220,0,0,0,0,0,0,0,73646,0,91.70,91.76,91.89
14,0,0,0,0,97272,97272,97273,7,7,7,591,591,591,0.00,0.00,0.00,0.00,0.00,0.00,0.00,0.00,0.00,0.00,0.00,0.00,0.00,0.00,0.00,0.00,0.00,0.00,0.00,0.00,0.00,332795,1213792,3783926,351138,1284010,4006664,0,0,0,0,0,0,0,59410,0,98.75,98.81,98.85
14,1,0,0,0,97273,97273,97273,6,6,6,591,591,591,0.00,0.00,0.00,0.00,0.00,0.00,0.00,0.00,0.00,0.00,0.00,0.00,0.00,0.00,0.00,0.00,0.00,0.00,0.00,0.00,0.00,330175,403546,471674,348519,421889,490017,0,0,0,0,0,0,0,48586,0,80.46,80.50,80.53
14,2,0,0,0,97273,97273,97273,6,6,6,591,591,591,0.00,0.00,0.00,0.00,0.00,0.00,0.00,0.00,0.00,0.00,0.00,0.00,0.00,0.00,0.00,0.00,0.00,0.00,0.00,0.00,0.00,332797,613168,1158170,387827,641993,1179133,0,0,0,0,0,0,0,61097,0,101.41,101.45,101.47
14,3,0,0,0,97273,97273,97273,7,7,7,591,591,591,0.00,0.00,0.00,0.00,0.00,0.00,0.00,0.00,0.00,0.00,0.00,0.00,0.00,0.00,0.00,0.00,0.00,0.00,0.00,0.00,0.00,432329,693768,1425563,450670,724558,1491076,0,0,0,0,0,0,0,64861,0,91.97,92.09,92.17
16,0,0,0,0,97270,97271,97272,7,8,9,591,591,591,0.00,0.00,0.00,0.00,0.00,0.00,0.00,0.00,0.00,0.00,0.00,0.00,0.00,0.00,0.00,0.00,0.00,0.00,0.00,0.00,0.00,3183764,5391343,7598922,3220449,5439705,7658962,0,0,0,0,0,0,0,138181,0,98.59,98.59,98.59
16,1,0,0,0,97273,97273,97273,6,6,6,591,591,591,0.00,0.00,0.00,0.00,0.00,0.00,0.00,0.00,0.00,0.00,0.00,0.00,0.00,0.00,0.00,0.00,0.00,0.00,0.00,0.00,0.00,545720,2066978,3588237,592946,2129067,3665188,0,0,0,0,0,0,0,16294,0,80.47,80.51,80.54
16,2,0,0,0,97272,97272,97272,7,7,7,591,591,591,0.00,0.00,0.00,0.00,0.00,0.00,0.00,0.00,0.00,0.00,0.00,0.00,0.00,0.00,0.00,0.00,0.00,0.00,0.00,0.00,0.00,0,853816,1707632,0,880033,1760067,0,0,0,0,0,0,0,20334,0,101.37,101.39,101.41
16,3,0,0,0,97272,97272,97272,7,7,7,591,591,591,0.00,0.00,0.00,0.00,0.00,0.00,0.00,0.00,0.00,0.00,0.00,0.00,0.00,0.00,0.00,0.00,0.00,0.00,0.00,0.00,0.00,881943,2779278,4676614,959762,2853716,4747670,0,0,0,0,0,0,0,18643,0,92.48,92.55,92.63
17,0,0,0,0,97270,97270,97270,9,9,9,591,591,591,0.00,0.00,0.00,0.00,0.00,0.00,0.00,0.00,0.00,0.00,0.00,0.00,0.00,0.00,0.00,0.00,0.00,0.00,0.00,0.00,0.00,3073762,3331224,3588686,3207404,3426848,3646293,0,0,0,0,0,0,0,29727,0,98.42,98.42,98.42
17,1,0,0,0,97271,97271,97271,6,7,8,591,591,591,0.00,0.00,0.00,0.00,0.00,0.00,0.00,0.00,0.00,0.00,0.00,0.00,0.00,0.00,0.00,0.00,0.00,0.00,0.00,0.00,0.00,4238061,5254549,6271038,4325408,5366018,6406628,0,0,0,0,0,0,0,24221,0,80.50,80.51,80.51
17,2,0,0,0,97272,97272,97272,7,7,7,591,591,591,0.00,0.00,0.00,0.00,0.00,0.00,0.00,0.00,0.00,0.00,0.00,0.00,0.00,0.00,0.00,0.00,0.00,0.00,0.00,0.00,0.00,2413418,2702213,2991008,2468447,2799312,3130178,0,0,0,0,0,0,0,20373,0,101.51,101.52,101.53
17,3,0,0,0,97272,97272,97272,7,7,7,591,591,591,0.00,0.00,0.00,0.00,0.00,0.00,0.00,0.00,0.00,0.00,0.00,0.00,0.00,0.00,0.00,0.00,0.00,0.00,0.00,0.00,0.00,1470053,2498175,3526297,1614176,2600697,3587219,0,0,0,0,0,0,0,18445,0,91.75,91.89,92.06
20,0,0,0,0,97270,97270,97270,9,9,9,591,591,591,0.00,0.00,0.00,0.00,0.00,0.00,0.00,0.00,0.00,0.00,0.00,0.00,0.00,0.00,0.00,0.00,0.00,0.00,0.00,0.00,0.00,330176,2404656,3952055,416651,2535007,4058360,0,0,0,0,0,0,0,276139,0,98.32,98.40,98.47
20,1,0,0,0,97271,97271,97271,9,9,9,591,591,591,0.00,0.00,0.00,0.00,0.00,0.00,0.00,0.00,0.00,0.00,0.00,0.00,0.00,0.00,0.00,0.00,0.00,0.00,0.00,0.00,0.00,2416054,4307677,7874368,2497288,4433984,8089242,0,0,0,0,0,0,0,225786,0,80.39,80.48,80.61
20,2,0,0,0,97270,97270,97270,9,9,9,591,591,591,0.00,0.00,0.00,0.00,0.00,0.00,0.00,0.00,0.00,0.00,0.00,0.00,0.00,0.00,0.00,0.00,0.00,0.00,0.00,0.00,0.00,2303477,4111527,7771495,952602,3687590,7910365,0,0,0,0,0,0,0,274035,0,101.41,101.46,101.52
20,3,0,0,0,97270,97270,97272,7,8,9,591,591,591,0.00,0.00,0.00,0.00,0.00,0.00,0.00,0.00,0.00,0.00,0.00,0.00,0.00,0.00,0.00,0.00,0.00,0.00,0.00,0.00,0.00,177146,3971532,6023289,235845,4086177,6180623,0,0,0,0,0,0,0,248873,0,91.70,91.94,92.31
21,0,0,0,0,97270,97270,97270,9,9,9,591,591,591,0.00,0.00,0.00,0.00,0.00,0.00,0.00,0.00,0.00,0.00,0.00,0.00,0.00,0.00,0.00,0.00,0.00,0.00,0.00,0.00,0.00,317538,447637,644639,333027,461740,660362,0,0,0,0,0,0,0,79248,0,98.66,98.70,98.74
21,1,0,0,0,97271,97271,97271,9,9,9,591,591,591,0.00,0.00,0.00,0.00,0.00,0.00,0.00,0.00,0.00,0.00,0.00,0.00,0.00,0.00,0.00,0.00,0.00,0.00,0.00,0.00,0.00,327554,355329,445470,340656,369479,461193,0,0,0,0,0,0,0,65087,0,80.45,80.54,80.69
21,2,0,0,0,97270,97270,97270,9,9,9,591,591,591,0.00,0.00,0.00,0.00,0.00,0.00,0.00,0.00,0.00,0.00,0.00,0.00,0.00,0.00,0.00,0.00,0.00,0.00,0.00,0.00,0.00,107361,447298,746844,123073,460889,757326,0,0,0,0,0,0,0,81334,0,101.45,101.47,101.50
21,3,0,0,0,97270,97270,97270,9,9,9,591,591,591,0.00,0.00,0.00,0.00,0.00,0.00,0.00,0.00,0.00,0.00,0.00,0.00,0.00,0.00,0.00,0.00,0.00,0.00,0.00,0.00,0.00,405940,497314,773055,418786,510888,786157,0,0,0,0,0,0,0,74553,0,92.48,92.60,92.67
22,0,0,0,0,97270,97270,97270,9,9,9,591,591,591,0.00,0.00,0.00,0.00,0.00,0.00,0.00,0.00,0.00,0.00,0.00,0.00,0.00,0.00,0.00,0.00,0.00,0.00,0.00,0.00,0.00,319697,355335,414050,332799,368437,427153,0,0,0,0,0,0,0,79031,0,98.33,98.45,98.57
22,1,0,0,0,97271,97271,97271,9,9,9,591,591,591,0.00,0.00,0.00,0.00,0.00,0.00,0.00,0.00,0.00,0.00,0.00,0.00,0.00,0.00,0.00,0.00,0.00,0.00,0.00,0.00,0.00,322311,425544,639379,335413,438646,652481,0,0,0,0,0,0,0,64856,0,80.48,80.58,80.65
22,2,0,0,0,97270,97270,97270,9,9,9,591,591,591,0.00,0.00,0.00,0.00,0.00,0.00,0.00,0.00,0.00,0.00,0.00,0.00,0.00,0.00,0.00,0.00,0.00,0.00,0.00,0.00,0.00,317081,366859,513604,330183,379961,526706,0,0,0,0,0,0,0,81247,0,101.32,101.38,101.43
22,3,0,0,0,97270,97270,97270,9,9,9,591,591,591,0.00,0.00,0.00,0.00,0.00,0.00,0.00,0.00,0.00,0.00,0.00,0.00,0.00,0.00,0.00,0.00,0.00,0.00,0.00,0.00,0.00,146743,597443,1496315,159845,611068,1509417,0,0,0,0,0,0,0,82823,0,91.80,92.16,92.43
23,0,0,0,0,97270,97270,97270,9,9,9,591,591,591,0.00,0.00,0.00,0.00,0.00,0.00,0.00,0.00,0.00,0.00,0.00,0.00,0.00,0.00,0.00,0.00,0.00,0.00,0.00,0.00,0.00,332800,357948,390445,348523,372098,403547,0,0,0,0,0,0,0,88732,0,98.40,98.42,98.46
23,1,0,0,0,97271,97271,97271,9,9,9,591,591,591,0.00,0.00,0.00,0.00,0.00,0.00,0.00,0.00,0.00,0.00,0.00,0.00,0.00,0.00,0.00,0.00,0.00,0.00,0.00,0.00,0.00,343278,525045,887568,356380,539503,900468,0,0,0,0,0,0,0,56735,0,80.55,80.56,80.58
23,2,0,0,0,97270,97270,97270,9,9,9,591,591,591,0.00,0.00,0.00,0.00,0.00,0.00,0.00,0.00,0.00,0.00,0.00,0.00,0.00,0.00,0.00,0.00,0.00,0.00,0.00,0.00,0.00,322321,400414,594873,335423,415089,610596,0,0,0,0,0,0,0,61059,0,101.35,101.40,101.42
23,3,0,0,0,97270,97270,97270,9,9,9,591,591,591,0.00,0.00,0.00,0.00,0.00,0.00,0.00,0.00,0.00,0.00,0.00,0.00,0.00,0.00,0.00,0.00,0.00,0.00,0.00,0.00,0.00,400942,459111,594855,414045,473262,610578,0,0,0,0,0,0,0,73553,0,91.67,91.72,91.75
24,0,0,0,0,97270,97270,97270,9,9,9,591,591,591,0.00,0.00,0.00,0.00,0.00,0.00,0.00,0.00,0.00,0.00,0.00,0.00,0.00,0.00,0.00,0.00,0.00,0.00,0.00,0.00,0.00,2620,486535,1129426,15722,500510,1142528,0,0,0,0,0,0,0,39468,0,98.20,98.25,98.27
24,1,0,0,0,97271,97271,97271,9,9,9,591,591,591,0.00,0.00,0.00,0.00,0.00,0.00,0.00,0.00,0.00,0.00,0.00,0.00,0.00,0.00,0.00,0.00,0.00,0.00,0.00,0.00,0.00,330174,403404,545044,345897,417479,558146,0,0,0,0,0,0,0,32303,0,80.45,80.47,80.49
24,2,0,0,0,97270,97270,97270,9,9,9,591,591,591,0.00,0.00,0.00,0.00,0.00,0.00,0.00,0.00,0.00,0.00,0.00,0.00,0.00,0.00,0.00,0.00,0.00,0.00,0.00,0.00,0.00,319701,531782,654585,332804,546324,672007,0,0,0,0,0,0,0,50830,0,101.44,101.46,101.49
24,3,0,0,0,97270,97270,97270,9,9,9,591,591,591,0.00,0.00,0.00,0.00,0.00,0.00,0.00,0.00,0.00,0.00,0.00,0.00,0.00,0.00,0.00,0.00,0.00,0.00,0.00,0.00,0.00,424511,492631,581751,437614,505733,594854,0,0,0,0,0,0,0,18437,0,91.61,91.63,91.65
25,0,0,0,0,97270,97270,97270,9,9,9,591,591,591,0.00,0.00,0.00,0.00,0.00,0.00,0.00,0.00,0.00,0.00,0.00,0.00,0.00,0.00,0.00,0.00,0.00,0.00,0.00,0.00,0.00,345898,1217743,3372162,361621,1249840,3403598,0,0,0,0,0,0,0,69129,0,98.34,98.37,98.39
25,1,0,0,0,97271,97271,97271,9,9,9,591,591,591,0.00,0.00,0.00,0.00,0.00,0.00,0.00,0.00,0.00,0.00,0.00,0.00,0.00,0.00,0.00,0.00,0.00,0.00,0.00,0.00,0.00,322564,1273533,2993292,335677,1306284,3024724,0,0,0,0,0,0,0,48705,0,80.48,80.51,80.54
25,2,0,0,0,97270,97270,97270,9,9,9,591,591,591,0.00,0.00,0.00,0.00,0.00,0.00,0.00,0.00,0.00,0.00,0.00,0.00,0.00,0.00,0.00,0.00,0.00,0.00,0.00,0.00,0.00,324703,1684936,3396118,337796,1721903,3490455,0,0,0,0,0,0,0,60977,0,101.48,101.54,101.57
25,3,0,0,0,97270,97270,97270,9,9,9,591,591,591,0.00,0.00,0.00,0.00,0.00,0.00,0.00,0.00,0.00,0.00,0.00,0.00,0.00,0.00,0.00,0.00,0.00,0.00,0.00,0.00,0.00,379971,2483517,5701964,419279,2528065,5798918,0,0,0,0,0,0,0,64311,0,91.53,91.55,91.57
26,0,0,0,0,97270,97270,97270,9,9,9,591,591,591,0.00,0.00,0.00,0.00,0.00,0.00,0.00,0.00,0.00,0.00,0.00,0.00,0.00,0.00,0.00,0.00,0.00,0.00,0.00,0.00,0.00,316508,493580,1069146,332074,507699,1084869,0,0,0,0,0,0,0,79206,0,98.30,98.35,98.37
26,1,0,0,0,97271,97271,97271,9,9,9,591,591,591,0.00,0.00,0.00,0.00,0.00,0.00,0.00,0.00,0.00,0.00,0.00,0.00,0.00,0.00,0.00,0.00,0.00,0.00,0.00,0.00,0.00,317073,362667,521470,332796,376294,534572,0,0,0,0,0,0,0,65136,0,80.39,80.47,80.57
26,2,0,0,0,97270,97270,97270,9,9,9,591,591,591,0.00,0.00,0.00,0.00,0.00,0.00,0.00,0.00,0.00,0.00,0.00,0.00,0.00,0.00,0.00,0.00,0.00,0.00,0.00,0.00,0.00,314460,363198,510993,327562,376824,526716,0,0,0,0,0,0,0,81457,0,101.38,101.40,101.46
26,3,0,0,0,97270,97270,97270,9,9,9,591,591,591,0.00,0.00,0.00,0.00,0.00,0.00,0.00,0.00,0.00,0.00,0.00,0.00,0.00,0.00,0.00,0.00,0.00,0.00,0.00,0.00,0.00,411416,450714,542445,421898,464340,555548,0,0,0,0,0,0,0,73491,0,91.60,91.63,91.69
27,0,0,0,0,97270,97270,97270,9,9,9,591,591,591,0.00,0.00,0.00,0.00,0.00,0.00,0.00,0.00,0.00,0.00,0.00,0.00,0.00,0.00,0.00,0.00,0.00,0.00,0.00,0.00,0.00,429748,695969,1535586,442850,715883,1580134,0,0,0,0,0,0,0,78912,0,98.32,98.40,98.44
27,1,0,0,0,97271,97271,97271,9,9,9,591,591,591,0.00,0.00,0.00,0.00,0.00,0.00,0.00,0.00,0.00,0.00,0.00,0.00,0.00,0.00,0.00,0.00,0.00,0.00,0.00,0.00,0.00,322280,621034,1105815,338001,640949,1118917,0,0,0,0,0,0,0,72941,0,80.51,80.57,80.63
27,2,0,0,0,97270,97270,97270,9,9,9,591,591,591,0.00,0.00,0.00,0.00,0.00,0.00,0.00,0.00,0.00,0.00,0.00,0.00,0.00,0.00,0.00,0.00,0.00,0.00,0.00,0.00,0.00,322310,455430,780903,338032,475345,822831,0,0,0,0,0,0,0,81642,0,101.57,101.68,101.73
27,3,0,0,0,97270,97270,97270,9,9,9,591,591,591,0.00,0.00,0.00,0.00,0.00,0.00,0.00,0.00,0.00,0.00,0.00,0.00,0.00,0.00,0.00,0.00,0.00,0.00,0.00,0.00,0.00,317080,479545,833277,330183,499460,877824,0,0,0,0,0,0,0,73504,0,91.62,91.64,91.66
28,0,0,0,0,97270,97270,97270,9,9,9,591,591,591,0.00,0.00,0.00,0.00,0.00,0.00,0.00,0.00,0.00,0.00,0.00,0.00,0.00,0.00,0.00,0.00,0.00,0.00,0.00,0.00,0.00,421896,450709,513610,437619,464336,524092,0,0,0,0,0,0,0,89053,0,98.23,98.30,98.36
28,1,0,0,0,97271,97271,97271,9,9,9,591,591,591,0.00,0.00,0.00,0.00,0.00,0.00,0.00,0.00,0.00,0.00,0.00,0.00,0.00,0.00,0.00,0.00,0.00,0.00,0.00,0.00,0.00,0,280919,431036,19854,295909,443865,0,0,0,0,0,0,0,64828,0,80.46,80.53,80.65
28,2,0,0,0,97270,97270,97270,9,9,9,591,591,591,0.00,0.00,0.00,0.00,0.00,0.00,0.00,0.00,0.00,0.00,0.00,0.00,0.00,0.00,0.00,0.00,0.00,0.00,0.00,0.00,0.00,89095,446006,849038,104817,459632,862141,0,0,0,0,0,0,0,91704,0,101.45,101.51,101.59
28,3,0,0,0,97270,97270,97270,9,9,9,591,591,591,0.00,0.00,0.00,0.00,0.00,0.00,0.00,0.00,0.00,0.00,0.00,0.00,0.00,0.00,0.00,0.00,0.00,0.00,0.00,0.00,0.00,318666,375633,554003,332055,389234,566827,0,0,0,0,0,0,0,82925,0,91.64,91.72,91.85
29,0,0,0,0,97270,97270,97270,9,9,9,591,591,591,0.00,0.00,0.00,0.00,0.00,0.00,0.00,0.00,0.00,0.00,0.00,0.00,0.00,0.00,0.00,0.00,0.00,0.00,0.00,0.00,0.00,10481,583316,1498913,23584,596943,1514635,0,0,0,0,0,0,0,79090,0,98.31,98.36,98.42
29,1,0,0,0,97271,97271,97271,9,9,9,591,591,591,0.00,0.00,0.00,0.00,0.00,0.00,0.00,0.00,0.00,0.00,0.00,0.00,0.00,0.00,0.00,0.00,0.00,0.00,0.00,0.00,0.00,324935,426605,518844,338038,440231,531946,0,0,0,0,0,0,0,64830,0,80.44,80.53,80.61
29,2,0,0,0,97270,97270,97270,9,9,9,591,591,591,0.00,0.00,0.00,0.00,0.00,0.00,0.00,0.00,0.00,0.00,0.00,0.00,0.00,0.00,0.00,0.00,0.00,0.00,0.00,0.00,0.00,304989,360575,529282,318366,374153,542383,0,0,0,0,0,0,0,81416,0,101.48,101.54,101.58
29,3,0,0,0,97270,97270,97270,9,9,9,591,591,591,0.00,0.00,0.00,0.00,0.00,0.00,0.00,0.00,0.00,0.00,0.00,0.00,0.00,0.00,0.00,0.00,0.00,0.00,0.00,0.00,0.00,319665,471681,1063925,332766,485307,1077027,0,0,0,0,0,0,0,73538,0,91.58,91.68,91.75
30,0,0,0,0,97270,97270,97270,9,9,9,591,591,591,0.00,0.00,0.00,0.00,0.00,0.00,0.00,0.00,0.00,0.00,0.00,0.00,0.00,0.00,0.00,0.00,0.00,0.00,0.00,0.00,0.00,423961,538734,939249,436808,551795,952981,0,0,0,0,0,0,0,59249,0,98.34,98.41,98.46
30,1,0,0,0,97271,97271,97271,9,9,9,591,591,591,0.00,0.00,0.00,0.00,0.00,0.00,0.00,0.00,0.00,0.00,0.00,0.00,0.00,0.00,0.00,0.00,0.00,0.00,0.00,0.00,0.00,322316,371042,440200,335418,384144,450681,0,0,0,0,0,0,0,72859,0,80.44,80.48,80.53
30,2,0,0,0,97270,97270,97270,9,9,9,591,591,591,0.00,0.00,0.00,0.00,0.00,0.00,0.00,0.00,0.00,0.00,0.00,0.00,0.00,0.00,0.00,0.00,0.00,0.00,0.00,0.00,0.00,314460,354290,427144,327563,367917,440247,0,0,0,0,0,0,0,81397,0,101.42,101.47,101.52
30,3,0,0,0,97270,97270,97270,9,9,9,591,591,591,0.00,0.00,0.00,0.00,0.00,0.00,0.00,0.00,0.00,0.00,0.00,0.00,0.00,0.00,0.00,0.00,0.00,0.00,0.00,0.00,0.00,218370,325638,421905,228852,338217,435008,0,0,0,0,0,0,0,55244,0,91.59,91.64,91.72
31,0,0,0,0,97270,97270,97270,9,9,9,591,591,591,0.00,0.00,0.00,0.00,0.00,0.00,0.00,0.00,0.00,0.00,0.00,0.00,0.00,0.00,0.00,0.00,0.00,0.00,0.00,0.00,0.00,429756,545056,807102,442858,545055,825445,0,0,0,0,0,0,0,79199,0,98.33,98.50,98.62
31,1,0,0,0,97271,97271,97271,9,9,9,591,591,591,0.00,0.00,0.00,0.00,0.00,0.00,0.00,0.00,0.00,0.00,0.00,0.00,0.00,0.00,0.00,0.00,0.00,0.00,0.00,0.00,0.00,107438,433968,917125,120540,447501,930227,0,0,0,0,0,0,0,48747,0,80.42,80.48,80.56
31,2,0,0,0,97270,97270,97270,9,9,9,591,591,591,0.00,0.00,0.00,0.00,0.00,0.00,0.00,0.00,0.00,0.00,0.00,0.00,0.00,0.00,0.00,0.00,0.00,0.00,0.00,0.00,0.00,314461,411941,618423,332805,436311,628905,0,0,0,0,0,0,0,71470,0,101.41,101.57,101.68
31,3,0,0,0,97270,97270,97270,9,9,9,591,591,591,0.00,0.00,0.00,0.00,0.00,0.00,0.00,0.00,0.00,0.00,0.00,0.00,0.00,0.00,0.00,0.00,0.00,0.00,0.00,0.00,0.00,324944,358179,411417,340623,371762,424520,0,0,0,0,0,0,0,73825,0,91.68,91.79,91.90
32,0,0,0,0,97270,97270,97270,9,9,9,591,591,591,0.00,0.00,0.00,0.00,0.00,0.00,0.00,0.00,0.00,0.00,0.00,0.00,0.00,0.00,0.00,0.00,0.00,0.00,0.00,0.00,0.00,416671,460677,529337,432395,663499,1430762,0,0,0,0,0,0,0,89133,0,98.38,98.51,98.62
32,1,0,0,0,97271,97271,97271,9,9,9,591,591,591,0.00,0.00,0.00,0.00,0.00,0.00,0.00,0.00,0.00,0.00,0.00,0.00,0.00,0.00,0.00,0.00,0.00,0.00,0.00,0.00,0.00,318616,394407,665523,332003,408090,676004,0,0,0,0,0,0,0,65084,0,80.57,80.58,80.60
32,2,0,0,0,97270,97270,97270,9,9,9,591,591,591,0.00,0.00,0.00,0.00,0.00,0.00,0.00,0.00,0.00,0.00,0.00,0.00,0.00,0.00,0.00,0.00,0.00,0.00,0.00,0.00,0.00,104807,376328,749469,115288,402602,762571,0,0,0,0,0,0,0,81414,0,101.52,101.66,101.78
32,3,0,0,0,97270,97270,97270,9,9,9,591,591,591,0.00,0.00,0.00,0.00,0.00,0.00,0.00,0.00,0.00,0.00,0.00,0.00,0.00,0.00,0.00,0.00,0.00,0.00,0.00,0.00,0.00,327590,488988,1029856,343315,502615,1042959,0,0,0,0,0,0,0,73382,0,91.56,91.76,91.91
33,0,0,0,0,97270,97270,97270,9,9,9,591,591,591,0.00,0.00,0.00,0.00,0.00,0.00,0.00,0.00,0.00,0.00,0.00,0.00,0.00,0.00,0.00,0.00,0.00,0.00,0.00,0.00,0.00,429706,664014,1420280,318369,455162,550295,0,0,0,0,0,0,0,79070,0,98.23,98.29,98.34
33,1,0,0,0,97271,97271,97271,9,9,9,591,591,591,0.00,0.00,0.00,0.00,0.00,0.00,0.00,0.00,0.00,0.00,0.00,0.00,0.00,0.00,0.00,0.00,0.00,0.00,0.00,0.00,0.00,324936,411232,584354,338038,424334,597456,0,0,0,0,0,0,0,64930,0,80.45,80.50,80.56
33,2,0,0,0,97270,97270,97270,9,9,9,591,591,591,0.00,0.00,0.00,0.00,0.00,0.00,0.00,0.00,0.00,0.00,0.00,0.00,0.00,0.00,0.00,0.00,0.00,0.00,0.00,0.00,0.00,317088,408455,611479,316151,401049,627785,0,0,0,0,0,0,0,81410,0,101.29,101.35,101.42
33,3,0,0,0,97270,97270,97270,9,9,9,591,591,591,0.00,0.00,0.00,0.00,0.00,0.00,0.00,0.00,0.00,0.00,0.00,0.00,0.00,0.00,0.00,0.00,0.00,0.00,0.00,0.00,0.00,314462,362677,429751,330185,376828,440233,0,0,0,0,0,0,0,73622,0,91.57,91.62,91.67
34,0,0,0,0,97270,97270,97270,9,9,9,591,591,591,0.00,0.00,0.00,0.00,0.00,0.00,0.00,0.00,0.00,0.00,0.00,0.00,0.00,0.00,0.00,0.00,0.00,0.00,0.00,0.00,0.00,309856,547092,881985,442853,584723,894805,0,0,0,0,0,0,0,79119,0,98.37,98.40,98.44
34,1,0,0,0,97271,97271,97271,9,9,9,591,591,591,0.00,0.00,0.00,0.00,0.00,0.00,0.00,0.00,0.00,0.00,0.00,0.00,0.00,0.00,0.00,0.00,0.00,0.00,0.00,0.00,0.00,138882,432372,1011491,149363,445998,1024594,0,0,0,0,0,0,0,73087,0,80.52,80.59,80.72
34,2,0,0,0,97270,97270,97270,9,9,9,591,591,591,0.00,0.00,0.00,0.00,0.00,0.00,0.00,0.00,0.00,0.00,0.00,0.00,0.00,0.00,0.00,0.00,0.00,0.00,0.00,0.00,0.00,319684,404589,555464,332786,416641,573805,0,0,0,0,0,0,0,81460,0,101.40,101.46,101.55
34,3,0,0,0,97270,97270,97270,9,9,9,591,591,591,0.00,0.00,0.00,0.00,0.00,0.00,0.00,0.00,0.00,0.00,0.00,0.00,0.00,0.00,0.00,0.00,0.00,0.00,0.00,0.00,0.00,262041,317071,353728,270776,330347,366829,0,0,0,0,0,0,0,73620,0,91.61,91.64,91.67
35,0,0,0,0,97270,97270,97270,9,9,9,591,591,591,0.00,0.00,0.00,0.00,0.00,0.00,0.00,0.00,0.00,0.00,0.00,0.00,0.00,0.00,0.00,0.00,0.00,0.00,0.00,0.00,0.00,427131,453334,518845,440231,466960,531947,0,0,0,0,0,0,0,88713,0,98.25,98.36,98.42
35,1,0,0,0,97271,97271,97271,9,9,9,591,591,591,0.00,0.00,0.00,0.00,0.00,0.00,0.00,0.00,0.00,0.00,0.00,0.00,0.00,0.00,0.00,0.00,0.00,0.00,0.00,0.00,0.00,312954,418383,561610,325780,432997,579643,0,0,0,0,0,0,0,64755,0,80.58,80.75,80.86
35,2,0,0,0,97270,97270,97270,9,9,9,591,591,591,0.00,0.00,0.00,0.00,0.00,0.00,0.00,0.00,0.00,0.00,0.00,0.00,0.00,0.00,0.00,0.00,0.00,0.00,0.00,0.00,0.00,322320,510998,932929,335422,544017,948653,0,0,0,0,0,0,0,91437,0,101.33,101.46,101.52
35,3,0,0,0,97270,97270,97270,9,9,9,591,591,591,0.00,0.00,0.00,0.00,0.00,0.00,0.00,0.00,0.00,0.00,0.00,0.00,0.00,0.00,0.00,0.00,0.00,0.00,0.00,0.00,0.00,335436,555019,1061303,348539,569694,1074405,0,0,0,0,0,0,0,82610,0,91.68,91.72,91.76
36,0,0,0,0,97270,97270,97270,9,9,9,591,591,591,0.00,0.00,0.00,0.00,0.00,0.00,0.00,0.00,0.00,0.00,0.00,0.00,0.00,0.00,0.00,0.00,0.00,0.00,0.00,0.00,0.00,424509,651441,1454346,442855,666116,1470068,0,0,0,0,0,0,0,79206,0,98.31,98.43,98.57
36,1,0,0,0,97271,97271,97271,9,9,9,591,591,591,0.00,0.00,0.00,0.00,0.00,0.00,0.00,0.00,0.00,0.00,0.00,0.00,0.00,0.00,0.00,0.00,0.00,0.00,0.00,0.00,0.00,319694,397780,516224,332796,411406,529326,0,0,0,0,0,0,0,64997,0,80.61,80.64,80.68
36,2,0,0,0,97270,97270,97270,9,9,9,591,591,591,0.00,0.00,0.00,0.00,0.00,0.00,0.00,0.00,0.00,0.00,0.00,0.00,0.00,0.00,0.00,0.00,0.00,0.00,0.00,0.00,0.00,210623,336879,505199,220897,348924,515457,0,0,0,0,0,0,0,81641,0,101.33,101.43,101.55
36,3,0,0,0,97270,97270,97270,9,9,9,591,591,591,0.00,0.00,0.00,0.00,0.00,0.00,0.00,0.00,0.00,0.00,0.00,0.00,0.00,0.00,0.00,0.00,0.00,0.00,0.00,0.00,0.00,317065,327031,351148,330167,340658,364251,0,0,0,0,0,0,0,73801,0,91.57,91.73,91.89
37,0,0,0,0,97270,97270,97270,9,9,9,591,591,591,0.00,0.00,0.00,0.00,0.00,0.00,0.00,0.00,0.00,0.00,0.00,0.00,0.00,0.00,0.00,0.00,0.00,0.00,0.00,0.00,0.00,420587,519112,843791,433489,551525,856893,0,0,0,0,0,0,0,59530,0,98.52,98.61,98.66
37,1,0,0,0,97271,97271,97271,9,9,9,591,591,591,0.00,0.00,0.00,0.00,0.00,0.00,0.00,0.00,0.00,0.00,0.00,0.00,0.00,0.00,0.00,0.00,0.00,0.00,0.00,0.00,0.00,317072,345364,411361,332794,359513,424462,0,0,0,0,0,0,0,73054,0,80.58,80.60,80.62
37,2,0,0,0,97270,97270,97270,9,9,9,591,591,591,0.00,0.00,0.00,0.00,0.00,0.00,0.00,0.00,0.00,0.00,0.00,0.00,0.00,0.00,0.00,0.00,0.00,0.00,0.00,0.00,0.00,317074,344859,429765,332796,361099,445488,0,0,0,0,0,0,0,81758,0,101.66,101.78,101.86
37,3,0,0,0,97270,97270,97270,9,9,9,591,591,591,0.00,0.00,0.00,0.00,0.00,0.00,0.00,0.00,0.00,0.00,0.00,0.00,0.00,0.00,0.00,0.00,0.00,0.00,0.00,0.00,0.00,317084,349572,395694,327566,363199,408797,0,0,0,0,0,0,0,55503,0,91.92,91.99,92.03
38,0,0,0,0,97270,97270,97270,9,9,9,591,591,591,0.00,0.00,0.00,0.00,0.00,0.00,0.00,0.00,0.00,0.00,0.00,0.00,0.00,0.00,0.00,0.00,0.00,0.00,0.00,0.00,0.00,419270,452680,531947,432372,465782,545049,0,0,0,0,0,0,0,78944,0,98.28,98.46,98.60
38,1,0,0,0,97271,97271,97271,9,9,9,591,591,591,0.00,0.00,0.00,0.00,0.00,0.00,0.00,0.00,0.00,0.00,0.00,0.00,0.00,0.00,0.00,0.00,0.00,0.00,0.00,0.00,0.00,319694,536536,1037693,332796,550293,1050795,0,0,0,0,0,0,0,48649,0,80.51,80.56,80.63
38,2,0,0,0,97270,97270,97270,9,9,9,591,591,591,0.00,0.00,0.00,0.00,0.00,0.00,0.00,0.00,0.00,0.00,0.00,0.00,0.00,0.00,0.00,0.00,0.00,0.00,0.00,0.00,0.00,327564,416656,594837,340666,430414,607940,0,0,0,0,0,0,0,71211,0,101.44,101.53,101.69
38,3,0,0,0,97270,97270,97270,9,9,9,591,591,591,0.00,0.00,0.00,0.00,0.00,0.00,0.00,0.00,0.00,0.00,0.00,0.00,0.00,0.00,0.00,0.00,0.00,0.00,0.00,0.00,0.00,322305,345248,395696,335407,359005,411420,0,0,0,0,0,0,0,73732,0,91.75,91.81,91.93
39,0,0,0,0,97270,97270,97270,9,9,9,591,591,591,0.00,0.00,0.00,0.00,0.00,0.00,0.00,0.00,0.00,0.00,0.00,0.00,0.00,0.00,0.00,0.00,0.00,0.00,0.00,0.00,0.00,295237,616677,1412426,305719,629255,1422908,0,0,0,0,0,0,0,89044,0,98.22,98.27,98.35
39,1,0,0,0,97271,97271,97271,9,9,9,591,591,591,0.00,0.00,0.00,0.00,0.00,0.00,0.00,0.00,0.00,0.00,0.00,0.00,0.00,0.00,0.00,0.00,0.00,0.00,0.00,0.00,0.00,213071,371710,694419,221733,384450,710142,0,0,0,0,0,0,0,64975,0,80.51,80.55,80.59
39,2,0,0,0,97270,97270,97270,9,9,9,591,591,591,0.00,0.00,0.00,0.00,0.00,0.00,0.00,0.00,0.00,0.00,0.00,0.00,0.00,0.00,0.00,0.00,0.00,0.00,0.00,0.00,0.00,317051,453338,828072,330153,467488,843794,0,0,0,0,0,0,0,81462,0,101.36,101.38,101.42
39,3,0,0,0,97270,97270,97270,9,9,9,591,591,591,0.00,0.00,0.00,0.00,0.00,0.00,0.00,0.00,0.00,0.00,0.00,0.00,0.00,0.00,0.00,0.00,0.00,0.00,0.00,0.00,0.00,0,396568,897989,13102,409320,906724,0,0,0,0,0,0,0,73496,0,91.61,91.70,91.75
40,0,0,0,0,97270,97270,97270,9,9,9,591,591,591,0.00,0.00,0.00,0.00,0.00,0.00,0.00,0.00,0.00,0.00,0.00,0.00,0.00,0.00,0.00,0.00,0.00,0.00,0.00,0.00,0.00,406170,445989,503127,421836,460139,516229,0,0,0,0,0,0,0,80156,0,98.33,98.67,99.12
40,1,0,0,0,97271,97271,97271,9,9,9,591,591,591,0.00,0.00,0.00,0.00,0.00,0.00,0.00,0.00,0.00,0.00,0.00,0.00,0.00,0.00,0.00,0.00,0.00,0.00,0.00,0.00,0.00,309209,355848,505749,322311,369474,521472,0,0,0,0,0,0,0,65124,0,80.52,80.56,80.64
40,2,0,0,0,97270,97270,97270,9,9,9,591,591,591,0.00,0.00,0.00,0.00,0.00,0.00,0.00,0.00,0.00,0.00,0.00,0.00,0.00,0.00,0.00,0.00,0.00,0.00,0.00,0.00,0.00,204399,367310,510996,213134,380010,521478,0,0,0,0,0,0,0,81816,0,101.48,101.64,101.88
40,3,0,0,0,97270,97270,97270,9,9,9,591,591,591,0.00,0.00,0.00,0.00,0.00,0.00,0.00,0.00,0.00,0.00,0.00,0.00,0.00,0.00,0.00,0.00,0.00,0.00,0.00,0.00,0.00,311844,339616,411407,327567,353767,421889,0,0,0,0,0,0,0,74010,0,91.64,91.79,92.00
41,0,0,0,0,97270,97270,97270,9,9,9,591,591,591,0.00,0.00,0.00,0.00,0.00,0.00,0.00,0.00,0.00,0.00,0.00,0.00,0.00,0.00,0.00,0.00,0.00,0.00,0.00,0.00,0.00,400931,600820,1160870,414034,614901,1176593,0,0,0,0,0,0,0,79331,0,98.89,99.26,99.54
41,1,0,0,0,97271,97271,97271,9,9,9,591,591,591,0.00,0.00,0.00,0.00,0.00,0.00,0.00,0.00,0.00,0.00,0.00,0.00,0.00,0.00,0.00,0.00,0.00,0.00,0.00,0.00,0.00,314456,482157,1050781,324938,495783,1063883,0,0,0,0,0,0,0,73131,0,80.59,80.64,80.69
41,2,0,0,0,97270,97270,97270,9,9,9,591,591,591,0.00,0.00,0.00,0.00,0.00,0.00,0.00,0.00,0.00,0.00,0.00,0.00,0.00,0.00,0.00,0.00,0.00,0.00,0.00,0.00,0.00,303980,359533,427155,319704,373684,442867,0,0,0,0,0,0,0,81665,0,101.92,102.00,102.11
41,3,0,0,0,97270,97270,97270,9,9,9,591,591,591,0.00,0.00,0.00,0.00,0.00,0.00,0.00,0.00,0.00,0.00,0.00,0.00,0.00,0.00,0.00,0.00,0.00,0.00,0.00,0.00,0.00,306596,328077,387836,319699,341703,400939,0,0,0,0,0,0,0,74074,0,92.09,92.15,92.22
42,0,0,0,0,97270,97270,97270,9,9,9,591,591,591,0.00,0.00,0.00,0.00,0.00,0.00,0.00,0.00,0.00,0.00,0.00,0.00,0.00,0.00,0.00,0.00,0.00,0.00,0.00,0.00,0.00,279493,420140,518846,289974,433242,529328,0,0,0,0,0,0,0,89046,0,98.64,98.69,98.76
42,1,0,0,0,97271,97271,97271,9,9,9,591,591,591,0.00,0.00,0.00,0.00,0.00,0.00,0.00,0.00,0.00,0.00,0.00,0.00,0.00,0.00,0.00,0.00,0.00,0.00,0.00,0.00,0.00,212629,312662,406166,223001,325624,419268,0,0,0,0,0,0,0,65231,0,80.78,80.98,81.10
42,2,0,0,0,97270,97270,97270,9,9,9,591,591,591,0.00,0.00,0.00,0.00,0.00,0.00,0.00,0.00,0.00,0.00,0.00,0.00,0.00,0.00,0.00,0.00,0.00,0.00,0.00,0.00,0.00,309186,494221,809759,322287,507323,822862,0,0,0,0,0,0,0,91680,0,101.68,101.81,101.87
42,3,0,0,0,97270,97270,97270,9,9,9,591,591,591,0.00,0.00,0.00,0.00,0.00,0.00,0.00,0.00,0.00,0.00,0.00,0.00,0.00,0.00,0.00,0.00,0.00,0.00,0.00,0.00,0.00,0,281417,387833,13102,295043,400936,0,0,0,0,0,0,0,83135,0,92.08,92.14,92.19
43,0,0,0,0,97270,97270,97270,9,9,9,591,591,591,0.00,0.00,0.00,0.00,0.00,0.00,0.00,0.00,0.00,0.00,0.00,0.00,0.00,0.00,0.00,0.00,0.00,0.00,0.00,0.00,0.00,408788,666115,1567023,421890,679742,1580126,0,0,0,0,0,0,0,79040,0,98.36,98.45,98.56
43,1,0,0,0,97271,97271,97271,9,9,9,591,591,591,0.00,0.00,0.00,0.00,0.00,0.00,0.00,0.00,0.00,0.00,0.00,0.00,0.00,0.00,0.00,0.00,0.00,0.00,0.00,0.00,0.00,322311,453315,783416,335413,467070,797160,0,0,0,0,0,0,0,64904,0,80.59,80.69,80.84
43,2,0,0,0,97270,97270,97270,9,9,9,591,591,591,0.00,0.00,0.00,0.00,0.00,0.00,0.00,0.00,0.00,0.00,0.00,0.00,0.00,0.00,0.00,0.00,0.00,0.00,0.00,0.00,0.00,317085,389385,573877,330188,403494,589600,0,0,0,0,0,0,0,81377,0,101.41,101.47,101.57
43,3,0,0,0,97270,97270,97270,9,9,9,591,591,591,0.00,0.00,0.00,0.00,0.00,0.00,0.00,0.00,0.00,0.00,0.00,0.00,0.00,0.00,0.00,0.00,0.00,0.00,0.00,0.00,0.00,322305,465755,1023771,335406,478857,1034253,0,0,0,0,0,0,0,73496,0,91.67,91.80,92.04
44,0,0,0,0,97270,97270,97270,9,9,9,591,591,591,0.00,0.00,0.00,0.00,0.00,0.00,0.00,0.00,0.00,0.00,0.00,0.00,0.00,0.00,0.00,0.00,0.00,0.00,0.00,0.00,0.00,421896,551342,904059,434987,564969,917161,0,0,0,0,0,0,0,59271,0,98.36,98.37,98.39
44,1,0,0,0,97271,97271,97271,9,9,9,591,591,591,0.00,0.00,0.00,0.00,0.00,0.00,0.00,0.00,0.00,0.00,0.00,0.00,0.00,0.00,0.00,0.00,0.00,0.00,0.00,0.00,0.00,319694,359522,421894,335417,374197,434996,0,0,0,0,0,0,0,73009,0,80.59,80.60,80.61
44,2,0,0,0,97270,97270,97270,9,9,9,591,591,591,0.00,0.00,0.00,0.00,0.00,0.00,0.00,0.00,0.00,0.00,0.00,0.00,0.00,0.00,0.00,0.00,0.00,0.00,0.00,0.00,0.00,293409,337508,421953,309128,350781,430671,0,0,0,0,0,0,0,81322,0,101.30,101.33,101.38
44,3,0,0,0,97270,97270,97270,9,9,9,591,591,591,0.00,0.00,0.00,0.00,0.00,0.00,0.00,0.00,0.00,0.00,0.00,0.00,0.00,0.00,0.00,0.00,0.00,0.00,0.00,0.00,0.00,314452,363710,419224,330175,377337,432325,0,0,0,0,0,0,0,55283,0,91.69,91.79,91.86
45,0,0,0,0,97270,97270,97270,9,9,9,591,591,591,0.00,0.00,0.00,0.00,0.00,0.00,0.00,0.00,0.00,0.00,0.00,0.00,0.00,0.00,0.00,0.00,0.00,0.00,0.00,0.00,0.00,427081,460542,505984,440181,475529,521395,0,0,0,0,0,0,0,79177,0,98.44,98.50,98.55
45,1,0,0,0,97271,97271,97271,9,9,9,591,591,591,0.00,0.00,0.00,0.00,0.00,0.00,0.00,0.00,0.00,0.00,0.00,0.00,0.00,0.00,0.00,0.00,0.00,0.00,0.00,0.00,0.00,319658,591551,1242073,332759,605963,1257795,0,0,0,0,0,0,0,48723,0,80.59,80.61,80.63
45,2,0,0,0,97270,97270,97270,9,9,9,591,591,591,0.00,0.00,0.00,0.00,0.00,0.00,0.00,0.00,0.00,0.00,0.00,0.00,0.00,0.00,0.00,0.00,0.00,0.00,0.00,0.00,0.00,330201,425169,600075,340683,439581,615797,0,0,0,0,0,0,0,71080,0,101.29,101.31,101.33
45,3,0,0,0,97270,97270,97270,9,9,9,591,591,591,0.00,0.00,0.00,0.00,0.00,0.00,0.00,0.00,0.00,0.00,0.00,0.00,0.00,0.00,0.00,0.00,0.00,0.00,0.00,0.00,0.00,317088,381276,563371,330191,396344,581713,0,0,0,0,0,0,0,73812,0,91.86,91.89,91.92
46,0,0,0,0,97270,97270,97270,9,9,9,591,591,591,0.00,0.00,0.00,0.00,0.00,0.00,0.00,0.00,0.00,0.00,0.00,0.00,0.00,0.00,0.00,0.00,0.00,0.00,0.00,0.00,0.00,279515,626636,1420286,289997,638690,1430768,0,0,0,0,0,0,0,89238,0,98.58,98.62,98.66
46,1,0,0,0,97271,97271,97271,9,9,9,591,591,591,0.00,0.00,0.00,0.00,0.00,0.00,0.00,0.00,0.00,0.00,0.00,0.00,0.00,0.00,0.00,0.00,0.00,0.00,0.00,0.00,0.00,212577,371157,668570,221080,383877,681378,0,0,0,0,0,0,0,64973,0,80.54,80.59,80.63
46,2,0,0,0,97270,97270,97270,9,9,9,591,591,591,0.00,0.00,0.00,0.00,0.00,0.00,0.00,0.00,0.00,0.00,0.00,0.00,0.00,0.00,0.00,0.00,0.00,0.00,0.00,0.00,0.00,319695,450201,906698,332798,463828,919800,0,0,0,0,0,0,0,81464,0,101.30,101.38,101.47
46,3,0,0,0,97270,97270,97270,9,9,9,591,591,591,0.00,0.00,0.00,0.00,0.00,0.00,0.00,0.00,0.00,0.00,0.00,0.00,0.00,0.00,0.00,0.00,0.00,0.00,0.00,0.00,0.00,15722,381711,899659,31444,394464,908393,0,0,0,0,0,0,0,73705,0,91.82,91.86,91.88
47,0,0,0,0,97270,97270,97270,9,9,9,591,591,591,0.00,0.00,0.00,0.00,0.00,0.00,0.00,0.00,0.00,0.00,0.00,0.00,0.00,0.00,0.00,0.00,0.00,0.00,0.00,0.00,0.00,427132,454383,510988,440234,468534,526711,0,0,0,0,0,0,0,79162,0,98.49,98.53,98.62
47,1,0,0,0,97271,97271,97271,9,9,9,591,591,591,0.00,0.00,0.00,0.00,0.00,0.00,0.00,0.00,0.00,0.00,0.00,0.00,0.00,0.00,0.00,0.00,0.00,0.00,0.00,0.00,0.00,324933,363713,495255,340654,377340,508357,0,0,0,0,0,0,0,65067,0,80.52,80.63,80.69
47,2,0,0,0,97270,97270,97270,9,9,9,591,591,591,0.00,0.00,0.00,0.00,0.00,0.00,0.00,0.00,0.00,0.00,0.00,0.00,0.00,0.00,0.00,0.00,0.00,0.00,0.00,0.00,0.00,325769,378541,510942,338696,392656,526663,0,0,0,0,0,0,0,81295,0,101.36,101.46,101.53
47,3,0,0,0,97270,97270,97270,9,9,9,591,591,591,0.00,0.00,0.00,0.00,0.00,0.00,0.00,0.00,0.00,0.00,0.00,0.00,0.00,0.00,0.00,0.00,0.00,0.00,0.00,0.00,0.00,324942,348001,419272,335424,361628,434995,0,0,0,0,0,0,0,73674,0,91.81,91.85,91.90
48,0,0,0,0,97270,97270,97270,9,9,9,591,591,591,0.00,0.00,0.00,0.00,0.00,0.00,0.00,0.00,0.00,0.00,0.00,0.00,0.00,0.00,0.00,0.00,0.00,0.00,0.00,0.00,0.00,412849,554231,898732,425750,567817,911833,0,0,0,0,0,0,0,79084,0,98.55,98.57,98.60
48,1,0,0,0,97271,97271,97271,9,9,9,591,591,591,0.00,0.00,0.00,0.00,0.00,0.00,0.00,0.00,0.00,0.00,0.00,0.00,0.00,0.00,0.00,0.00,0.00,0.00,0.00,0.00,0.00,324935,477965,943349,338033,492115,959072,0,0,0,0,0,0,0,73068,0,80.62,80.67,80.77
48,2,0,0,0,97270,97270,97270,9,9,9,591,591,591,0.00,0.00,0.00,0.00,0.00,0.00,0.00,0.00,0.00,0.00,0.00,0.00,0.00,0.00,0.00,0.00,0.00,0.00,0.00,0.00,0.00,225366,322844,442865,234101,335073,458588,0,0,0,0,0,0,0,81374,0,101.33,101.37,101.47
48,3,0,0,0,97270,97270,97270,9,9,9,591,591,591,0.00,0.00,0.00,0.00,0.00,0.00,0.00,0.00,0.00,0.00,0.00,0.00,0.00,0.00,0.00,0.00,0.00,0.00,0.00,0.00,0.00,319699,335423,382596,332802,349050,395699,0,0,0,0,0,0,0,73606,0,91.81,91.82,91.83
49,0,0,0,0,97270,97270,97270,9,9,9,591,591,591,0.00,0.00,0.00,0.00,0.00,0.00,0.00,0.00,0.00,0.00,0.00,0.00,0.00,0.00,0.00,0.00,0.00,0.00,0.00,0.00,0.00,398226,450042,542435,411326,464188,558158,0,0,0,0,0,0,0,88731,0,98.19,98.40,98.54
49,1,0,0,0,97271,97271,97271,9,9,9,591,591,591,0.00,0.00,0.00,0.00,0.00,0.00,0.00,0.00,0.00,0.00,0.00,0.00,0.00,0.00,0.00,0.00,0.00,0.00,0.00,0.00,0.00,322312,349565,437610,338034,362667,450712,0,0,0,0,0,0,0,65021,0,80.57,80.60,80.62
49,2,0,0,0,97270,97270,97270,9,9,9,591,591,591,0.00,0.00,0.00,0.00,0.00,0.00,0.00,0.00,0.00,0.00,0.00,0.00,0.00,0.00,0.00,0.00,0.00,0.00,0.00,0.00,0.00,324940,507844,830695,340663,521994,846418,0,0,0,0,0,0,0,91394,0,101.31,101.38,101.45
49,3,0,0,0,97270,97270,97270,9,9,9,591,591,591,0.00,0.00,0.00,0.00,0.00,0.00,0.00,0.00,0.00,0.00,0.00,0.00,0.00,0.00,0.00,0.00,0.00,0.00,0.00,0.00,0.00,7861,282545,400892,18343,296135,413993,0,0,0,0,0,0,0,82737,0,91.74,91.75,91.76
50,0,0,0,0,97270,97270,97270,9,9,9,591,591,591,0.00,0.00,0.00,0.00,0.00,0.00,0.00,0.00,0.00,0.00,0.00,0.00,0.00,0.00,0.00,0.00,0.00,0.00,0.00,0.00,0.00,18341,556802,1451549,28822,569884,1467270,0,0,0,0,0,0,0,78922,0,98.09,98.14,98.20
50,1,0,0,0,97271,97271,97271,9,9,9,591,591,591,0.00,0.00,0.00,0.00,0.00,0.00,0.00,0.00,0.00,0.00,0.00,0.00,0.00,0.00,0.00,0.00,0.00,0.00,0.00,0.00,0.00,317035,430315,665584,330136,444425,681307,0,0,0,0,0,0,0,64788,0,80.48,80.50,80.56
50,2,0,0,0,97270,97270,97270,9,9,9,591,591,591,0.00,0.00,0.00,0.00,0.00,0.00,0.00,0.00,0.00,0.00,0.00,0.00,0.00,0.00,0.00,0.00,0.00,0.00,0.00,0.00,0.00,317082,379444,560772,330183,393595,576495,0,0,0,0,0,0,0,81387,0,101.30,101.35,101.41
50,3,0,0,0,97270,97270,97270,9,9,9,591,591,591,0.00,0.00,0.00,0.00,0.00,0.00,0.00,0.00,0.00,0.00,0.00,0.00,0.00,0.00,0.00,0.00,0.00,0.00,0.00,0.00,0.00,317082,485312,1132047,330185,499463,1147770,0,0,0,0,0,0,0,73557,0,91.55,91.59,91.65
51,0,0,0,0,97270,97270,97270,9,9,9,591,591,591,0.00,0.00,0.00,0.00,0.00,0.00,0.00,0.00,0.00,0.00,0.00,0.00,0.00,0.00,0.00,0.00,0.00,0.00,0.00,0.00,0.00,424511,580478,885715,437613,594650,898817,0,0,0,0,0,0,0,59219,0,98.27,98.32,98.39
51,1,0,0,0,97271,97271,97271,9,9,9,591,591,591,0.00,0.00,0.00,0.00,0.00,0.00,0.00,0.00,0.00,0.00,0.00,0.00,0.00,0.00,0.00,0.00,0.00,0.00,0.00,0.00,0.00,324935,344847,398304,338037,358998,411406,0,0,0,0,0,0,0,73000,0,80.47,80.49,80.53
51,2,0,0,0,97270,97270,97270,9,9,9,591,591,591,0.00,0.00,0.00,0.00,0.00,0.00,0.00,0.00,0.00,0.00,0.00,0.00,0.00,0.00,0.00,0.00,0.00,0.00,0.00,0.00,0.00,0,267573,379453,25105,283580,394836,0,0,0,0,0,0,0,81428,0,101.41,101.41,101.42
51,3,0,0,0,97270,97270,97270,9,9,9,591,591,591,0.00,0.00,0.00,0.00,0.00,0.00,0.00,0.00,0.00,0.00,0.00,0.00,0.00,0.00,0.00,0.00,0.00,0.00,0.00,0.00,0.00,322314,346423,424523,335416,360573,440246,0,0,0,0,0,0,0,55250,0,91.64,91.72,91.81
52,0,0,0,0,97270,97270,97270,9,9,9,591,591,591,0.00,0.00,0.00,0.00,0.00,0.00,0.00,0.00,0.00,0.00,0.00,0.00,0.00,0.00,0.00,0.00,0.00,0.00,0.00,0.00,0.00,403914,464226,529332,419253,477799,542434,0,0,0,0,0,0,0,78883,0,98.26,98.30,98.33
52,1,0,0,0,97271,97271,97271,9,9,9,591,591,591,0.00,0.00,0.00,0.00,0.00,0.00,0.00,0.00,0.00,0.00,0.00,0.00,0.00,0.00,0.00,0.00,0.00,0.00,0.00,0.00,0.00,94335,428169,919763,104817,441270,935485,0,0,0,0,0,0,0,48670,0,80.50,80.53,80.56
52,2,0,0,0,97270,97270,97270,9,9,9,591,591,591,0.00,0.00,0.00,0.00,0.00,0.00,0.00,0.00,0.00,0.00,0.00,0.00,0.00,0.00,0.00,0.00,0.00,0.00,0.00,0.00,0.00,327525,409311,623660,340626,422937,636762,0,0,0,0,0,0,0,71133,0,101.43,101.45,101.49
52,3,0,0,0,97270,97270,97270,9,9,9,591,591,591,0.00,0.00,0.00,0.00,0.00,0.00,0.00,0.00,0.00,0.00,0.00,0.00,0.00,0.00,0.00,0.00,0.00,0.00,0.00,0.00,0.00,322310,353243,390454,332806,366345,403556,0,0,0,0,0,0,0,73590,0,91.76,91.80,91.85
53,0,0,0,0,97270,97270,97270,9,9,9,591,591,591,0.00,0.00,0.00,0.00,0.00,0.00,0.00,0.00,0.00,0.00,0.00,0.00,0.00,0.00,0.00,0.00,0.00,0.00,0.00,0.00,0.00,411409,667675,1428136,424511,682350,1443858,0,0,0,0,0,0,0,88912,0,98.29,98.32,98.35
53,1,0,0,0,97271,97271,97271,9,9,9,591,591,591,0.00,0.00,0.00,0.00,0.00,0.00,0.00,0.00,0.00,0.00,0.00,0.00,0.00,0.00,0.00,0.00,0.00,0.00,0.00,0.00,0.00,327553,411697,676073,340655,425787,689175,0,0,0,0,0,0,0,64921,0,80.41,80.45,80.46
53,2,0,0,0,97270,97270,97270,9,9,9,591,591,591,0.00,0.00,0.00,0.00,0.00,0.00,0.00,0.00,0.00,0.00,0.00,0.00,0.00,0.00,0.00,0.00,0.00,0.00,0.00,0.00,0.00,228856,446180,875247,237591,459457,888349,0,0,0,0,0,0,0,81390,0,101.38,101.42,101.45
53,3,0,0,0,97270,97270,97270,9,9,9,591,591,591,0.00,0.00,0.00,0.00,0.00,0.00,0.00,0.00,0.00,0.00,0.00,0.00,0.00,0.00,0.00,0.00,0.00,0.00,0.00,0.00,0.00,305095,499579,1029357,318477,513485,1042192,0,0,0,0,0,0,0,73395,0,91.52,91.61,91.71
54,0,0,0,0,97270,97270,97270,9,9,9,591,591,591,0.00,0.00,0.00,0.00,0.00,0.00,0.00,0.00,0.00,0.00,0.00,0.00,0.00,0.00,0.00,0.00,0.00,0.00,0.00,0.00,0.00,424511,464866,531954,440234,478493,545056,0,0,0,0,0,0,0,78809,0,98.09,98.17,98.24
54,1,0,0,0,97271,97271,97271,9,9,9,591,591,591,0.00,0.00,0.00,0.00,0.00,0.00,0.00,0.00,0.00,0.00,0.00,0.00,0.00,0.00,0.00,0.00,0.00,0.00,0.00,0.00,0.00,332794,374202,503391,347870,388357,516923,0,0,0,0,0,0,0,64794,0,80.40,80.44,80.47
54,2,0,0,0,97270,97270,97270,9,9,9,591,591,591,0.00,0.00,0.00,0.00,0.00,0.00,0.00,0.00,0.00,0.00,0.00,0.00,0.00,0.00,0.00,0.00,0.00,0.00,0.00,0.00,0.00,314457,428286,544988,327559,442391,563329,0,0,0,0,0,0,0,81331,0,101.38,101.40,101.42
54,3,0,0,0,97270,97270,97270,9,9,9,591,591,591,0.00,0.00,0.00,0.00,0.00,0.00,0.00,0.00,0.00,0.00,0.00,0.00,0.00,0.00,0.00,0.00,0.00,0.00,0.00,0.00,0.00,319700,351664,421901,332802,365815,437624,0,0,0,0,0,0,0,73470,0,91.41,91.43,91.46
55,0,0,0,0,97270,97270,97270,9,9,9,591,591,591,0.00,0.00,0.00,0.00,0.00,0.00,0.00,0.00,0.00,0.00,0.00,0.00,0.00,0.00,0.00,0.00,0.00,0.00,0.00,0.00,0.00,411412,551854,846402,427134,566004,859505,0,0,0,0,0,0,0,78806,0,98.04,98.09,98.12
55,1,0,0,0,97271,97271,97271,9,9,9,591,591,591,0.00,0.00,0.00,0.00,0.00,0.00,0.00,0.00,0.00,0.00,0.00,0.00,0.00,0.00,0.00,0.00,0.00,0.00,0.00,0.00,0.00,319690,549757,1126789,332792,564431,1142511,0,0,0,0,0,0,0,72852,0,80.39,80.42,80.50
55,2,0,0,0,97270,97270,97270,9,9,9,591,591,591,0.00,0.00,0.00,0.00,0.00,0.00,0.00,0.00,0.00,0.00,0.00,0.00,0.00,0.00,0.00,0.00,0.00,0.00,0.00,0.00,0.00,314459,364261,437613,327561,377900,453336,0,0,0,0,0,0,0,81201,0,101.33,101.35,101.39
55,3,0,0,0,97270,97270,97270,9,9,9,591,591,591,0.00,0.00,0.00,0.00,0.00,0.00,0.00,0.00,0.00,0.00,0.00,0.00,0.00,0.00,0.00,0.00,0.00,0.00,0.00,0.00,0.00,319702,380495,552906,332807,395170,571249,0,0,0,0,0,0,0,73532,0,91.54,91.60,91.65
56,0,0,0,0,97270,97270,97270,9,9,9,591,591,591,0.00,0.00,0.00,0.00,0.00,0.00,0.00,0.00,0.00,0.00,0.00,0.00,0.00,0.00,0.00,0.00,0.00,0.00,0.00,0.00,0.00,276032,452690,552909,284658,465440,566011,0,0,0,0,0,0,0,88641,0,98.17,98.20,98.24
56,1,0,0,0,97271,97271,97271,9,9,9,591,591,591,0.00,0.00,0.00,0.00,0.00,0.00,0.00,0.00,0.00,0.00,0.00,0.00,0.00,0.00,0.00,0.00,0.00,0.00,0.00,0.00,0.00,322313,416821,510984,335415,429050,524086,0,0,0,0,0,0,0,64828,0,80.59,80.60,80.62
56,2,0,0,0,97270,97270,97270,9,9,9,591,591,591,0.00,0.00,0.00,0.00,0.00,0.00,0.00,0.00,0.00,0.00,0.00,0.00,0.00,0.00,0.00,0.00,0.00,0.00,0.00,0.00,0.00,338044,507852,841184,353767,522003,856907,0,0,0,0,0,0,0,81230,0,101.32,101.33,101.34
56,3,0,0,0,97270,97270,97270,9,9,9,591,591,591,0.00,0.00,0.00,0.00,0.00,0.00,0.00,0.00,0.00,0.00,0.00,0.00,0.00,0.00,0.00,0.00,0.00,0.00,0.00,0.00,0.00,306517,446914,696412,319289,459582,705053,0,0,0,0,0,0,0,82534,0,91.47,91.53,91.59
57,0,0,0,0,97270,97270,97270,9,9,9,591,591,591,0.00,0.00,0.00,0.00,0.00,0.00,0.00,0.00,0.00,0.00,0.00,0.00,0.00,0.00,0.00,0.00,0.00,0.00,0.00,0.00,0.00,408773,641480,1443921,424496,655107,1457024,0,0,0,0,0,0,0,78886,0,98.27,98.30,98.32
57,1,0,0,0,97271,97271,97271,9,9,9,591,591,591,0.00,0.00,0.00,0.00,0.00,0.00,0.00,0.00,0.00,0.00,0.00,0.00,0.00,0.00,0.00,0.00,0.00,0.00,0.00,0.00,0.00,315948,356580,495059,332013,370143,507885,0,0,0,0,0,0,0,64899,0,80.45,80.48,80.52
57,2,0,0,0,97270,97270,97270,9,9,9,591,591,591,0.00,0.00,0.00,0.00,0.00,0.00,0.00,0.00,0.00,0.00,0.00,0.00,0.00,0.00,0.00,0.00,0.00,0.00,0.00,0.00,0.00,221862,345724,521479,232343,358302,537202,0,0,0,0,0,0,0,81347,0,101.33,101.37,101.43
57,3,0,0,0,97270,97270,97270,9,9,9,591,591,591,0.00,0.00,0.00,0.00,0.00,0.00,0.00,0.00,0.00,0.00,0.00,0.00,0.00,0.00,0.00,0.00,0.00,0.00,0.00,0.00,0.00,317076,365152,445490,332799,379372,461213,0,0,0,0,0,0,0,73510,0,91.49,91.57,91.65
58,0,0,0,0,97270,97270,97270,9,9,9,591,591,591,0.00,0.00,0.00,0.00,0.00,0.00,0.00,0.00,0.00,0.00,0.00,0.00,0.00,0.00,0.00,0.00,0.00,0.00,0.00,0.00,0.00,398308,543087,896169,414031,557500,909271,0,0,0,0,0,0,0,59152,0,98.18,98.21,98.25
58,1,0,0,0,97271,97271,97271,9,9,9,591,591,591,0.00,0.00,0.00,0.00,0.00,0.00,0.00,0.00,0.00,0.00,0.00,0.00,0.00,0.00,0.00,0.00,0.00,0.00,0.00,0.00,0.00,322313,356376,432370,338036,370134,445472,0,0,0,0,0,0,0,72653,0,80.35,80.40,80.49
58,2,0,0,0,97270,97270,97270,9,9,9,591,591,591,0.00,0.00,0.00,0.00,0.00,0.00,0.00,0.00,0.00,0.00,0.00,0.00,0.00,0.00,0.00,0.00,0.00,0.00,0.00,0.00,0.00,310508,339175,403563,323892,352866,416665,0,0,0,0,0,0,0,81356,0,101.48,101.50,101.53
58,3,0,0,0,97270,97270,97270,9,9,9,591,591,591,0.00,0.00,0.00,0.00,0.00,0.00,0.00,0.00,0.00,0.00,0.00,0.00,0.00,0.00,0.00,0.00,0.00,0.00,0.00,0.00,0.00,319699,335426,351146,332801,348528,366869,0,0,0,0,0,0,0,55061,0,91.48,91.55,91.62
59,0,0,0,0,97270,97270,97270,9,9,9,591,591,591,0.00,0.00,0.00,0.00,0.00,0.00,0.00,0.00,0.00,0.00,0.00,0.00,0.00,0.00,0.00,0.00,0.00,0.00,0.00,0.00,0.00,322304,359027,390446,338027,372076,403548,0,0,0,0,0,0,0,78741,0,98.03,98.12,98.22
59,1,0,0,0,97271,97271,97271,9,9,9,591,591,591,0.00,0.00,0.00,0.00,0.00,0.00,0.00,0.00,0.00,0.00,0.00,0.00,0.00,0.00,0.00,0.00,0.00,0.00,0.00,0.00,0.00,440229,669782,1223747,455952,683933,1236850,0,0,0,0,0,0,0,48612,0,80.39,80.43,80.50
59,2,0,0,0,97270,97270,97270,9,9,9,591,591,591,0.00,0.00,0.00,0.00,0.00,0.00,0.00,0.00,0.00,0.00,0.00,0.00,0.00,0.00,0.00,0.00,0.00,0.00,0.00,0.00,0.00,319684,412980,592190,332786,427131,605292,0,0,0,0,0,0,0,71005,0,101.29,101.34,101.43
59,3,0,0,0,97270,97270,97270,9,9,9,591,591,591,0.00,0.00,0.00,0.00,0.00,0.00,0.00,0.00,0.00,0.00,0.00,0.00,0.00,0.00,0.00,0.00,0.00,0.00,0.00,0.00,0.00,330188,350090,403547,345911,363716,416649,0,0,0,0,0,0,0,82611,0,91.43,91.46,91.51
60,0,0,0,0,97270,97270,97270,9,9,9,591,591,591,0.00,0.00,0.00,0.00,0.00,0.00,0.00,0.00,0.00,0.00,0.00,0.00,0.00,0.00,0.00,0.00,0.00,0.00,0.00,0.00,0.00,327566,425689,768610,343289,438965,777344,0,0,0,0,0,0,0,88688,0,98.07,98.16,98.22
60,1,0,0,0,97271,97271,97271,9,9,9,591,591,591,0.00,0.00,0.00,0.00,0.00,0.00,0.00,0.00,0.00,0.00,0.00,0.00,0.00,0.00,0.00,0.00,0.00,0.00,0.00,0.00,0.00,434990,485465,607878,450712,498217,620979,0,0,0,0,0,0,0,64735,0,80.44,80.45,80.46
60,2,0,0,0,97270,97270,97270,9,9,9,591,591,591,0.00,0.00,0.00,0.00,0.00,0.00,0.00,0.00,0.00,0.00,0.00,0.00,0.00,0.00,0.00,0.00,0.00,0.00,0.00,0.00,0.00,322333,493700,951245,335436,506802,964348,0,0,0,0,0,0,0,81311,0,101.32,101.41,101.46
60,3,0,0,0,97270,97270,97270,9,9,9,591,591,591,0.00,0.00,0.00,0.00,0.00,0.00,0.00,0.00,0.00,0.00,0.00,0.00,0.00,0.00,0.00,0.00,0.00,0.00,0.00,0.00,0.00,330189,479977,956481,345912,494072,969583,0,0,0,0,0,0,0,73358,0,91.45,91.47,91.52
61,0,0,0,0,97270,97270,97270,9,9,9,591,591,591,0.00,0.00,0.00,0.00,0.00,0.00,0.00,0.00,0.00,0.00,0.00,0.00,0.00,0.00,0.00,0.00,0.00,0.00,0.00,0.00,0.00,332795,462771,655115,345897,476398,665597,0,0,0,0,0,0,0,78945,0,98.12,98.16,98.19
61,1,0,0,0,97271,97271,97271,9,9,9,591,591,591,0.00,0.00,0.00,0.00,0.00,0.00,0.00,0.00,0.00,0.00,0.00,0.00,0.00,0.00,0.00,0.00,0.00,0.00,0.00,0.00,0.00,422973,500996,642027,438710,514594,654920,0,0,0,0,0,0,0,64847,0,80.43,80.48,80.50
61,2,0,0,0,97270,97270,97270,9,9,9,591,591,591,0.00,0.00,0.00,0.00,0.00,0.00,0.00,0.00,0.00,0.00,0.00,0.00,0.00,0.00,0.00,0.00,0.00,0.00,0.00,0.00,0.00,319683,349575,421917,332785,363725,435020,0,0,0,0,0,0,0,81439,0,101.38,101.39,101.40
61,3,0,0,0,97270,97270,97270,9,9,9,591,591,591,0.00,0.00,0.00,0.00,0.00,0.00,0.00,0.00,0.00,0.00,0.00,0.00,0.00,0.00,0.00,0.00,0.00,0.00,0.00,0.00,0.00,221870,343627,448105,230605,356380,463828,0,0,0,0,0,0,0,73388,0,91.43,91.46,91.51
62,0,0,0,0,97270,97270,97270,9,9,9,591,591,591,0.00,0.00,0.00,0.00,0.00,0.00,0.00,0.00,0.00,0.00,0.00,0.00,0.00,0.00,0.00,0.00,0.00,0.00,0.00,0.00,0.00,324936,355857,408793,338038,370008,424516,0,0,0,0,0,0,0,78999,0,98.20,98.23,98.29
62,1,0,0,0,97271,97271,97271,9,9,9,591,591,591,0.00,0.00,0.00,0.00,0.00,0.00,0.00,0.00,0.00,0.00,0.00,0.00,0.00,0.00,0.00,0.00,0.00,0.00,0.00,0.00,0.00,427129,639875,1430594,442852,653502,1443695,0,0,0,0,0,0,0,72915,0,80.44,80.48,80.50
62,2,0,0,0,97270,97270,97270,9,9,9,591,591,591,0.00,0.00,0.00,0.00,0.00,0.00,0.00,0.00,0.00,0.00,0.00,0.00,0.00,0.00,0.00,0.00,0.00,0.00,0.00,0.00,0.00,211154,322276,434406,221539,335363,447897,0,0,0,0,0,0,0,81382,0,101.42,101.45,101.46
62,3,0,0,0,97270,97270,97270,9,9,9,591,591,591,0.00,0.00,0.00,0.00,0.00,0.00,0.00,0.00,0.00,0.00,0.00,0.00,0.00,0.00,0.00,0.00,0.00,0.00,0.00,0.00,0.00,322326,339094,374729,335429,352720,387831,0,0,0,0,0,0,0,73372,0,91.36,91.38,91.40
63,0,0,0,0,97270,97270,97270,9,9,9,591,591,591,0.00,0.00,0.00,0.00,0.00,0.00,0.00,0.00,0.00,0.00,0.00,0.00,0.00,0.00,0.00,0.00,0.00,0.00,0.00,0.00,0.00,324786,366634,395689,337882,380210,410220,0,0,0,0,0,0,0,88918,0,98.26,98.32,98.38
63,1,0,0,0,97271,97271,97271,9,9,9,591,591,591,0.00,0.00,0.00,0.00,0.00,0.00,0.00,0.00,0.00,0.00,0.00,0.00,0.00,0.00,0.00,0.00,0.00,0.00,0.00,0.00,0.00,440232,576491,665588,453334,590642,678690,0,0,0,0,0,0,0,64744,0,80.50,80.51,80.53
63,2,0,0,0,97270,97270,97270,9,9,9,591,591,591,0.00,0.00,0.00,0.00,0.00,0.00,0.00,0.00,0.00,0.00,0.00,0.00,0.00,0.00,0.00,0.00,0.00,0.00,0.00,0.00,0.00,324937,531958,977438,338040,545585,993160,0,0,0,0,0,0,0,81538,0,101.41,101.45,101.54
63,3,0,0,0,97270,97270,97270,9,9,9,591,591,591,0.00,0.00,0.00,0.00,0.00,0.00,0.00,0.00,0.00,0.00,0.00,0.00,0.00,0.00,0.00,0.00,0.00,0.00,0.00,0.00,0.00,327564,503137,1027238,340666,516764,1040340,0,0,0,0,0,0,0,82573,0,91.40,91.41,91.43
64,0,0,0,0,97270,97270,97270,9,9,9,591,591,591,0.00,0.00,0.00,0.00,0.00,0.00,0.00,0.00,0.00,0.00,0.00,0.00,0.00,0.00,0.00,0.00,0.00,0.00,0.00,0.00,0.00,7861,458577,1166099,20963,471679,1179201,0,0,0,0,0,0,0,78918,0,98.32,98.42,98.48
64,1,0,0,0,97271,97271,97271,9,9,9,591,591,591,0.00,0.00,0.00,0.00,0.00,0.00,0.00,0.00,0.00,0.00,0.00,0.00,0.00,0.00,0.00,0.00,0.00,0.00,0.00,0.00,0.00,309538,461547,660348,319913,474572,676071,0,0,0,0,0,0,0,64809,0,80.46,80.48,80.50
64,2,0,0,0,97270,97270,97270,9,9,9,591,591,591,0.00,0.00,0.00,0.00,0.00,0.00,0.00,0.00,0.00,0.00,0.00,0.00,0.00,0.00,0.00,0.00,0.00,0.00,0.00,0.00,0.00,314462,400398,537153,327565,414549,552874,0,0,0,0,0,0,0,81408,0,101.50,101.59,101.63
64,3,0,0,0,97270,97270,97270,9,9,9,591,591,591,0.00,0.00,0.00,0.00,0.00,0.00,0.00,0.00,0.00,0.00,0.00,0.00,0.00,0.00,0.00,0.00,0.00,0.00,0.00,0.00,0.00,330019,374575,445484,343115,388681,458586,0,0,0,0,0,0,0,73531,0,91.47,91.58,91.63
65,0,0,0,0,97270,97270,97270,9,9,9,591,591,591,0.00,0.00,0.00,0.00,0.00,0.00,0.00,0.00,0.00,0.00,0.00,0.00,0.00,0.00,0.00,0.00,0.00,0.00,0.00,0.00,0.00,324899,439173,673432,338000,453323,689154,0,0,0,0,0,0,0,59214,0,98.26,98.29,98.32
65,1,0,0,0,97271,97271,97271,9,9,9,591,591,591,0.00,0.00,0.00,0.00,0.00,0.00,0.00,0.00,0.00,0.00,0.00,0.00,0.00,0.00,0.00,0.00,0.00,0.00,0.00,0.00,0.00,420395,546847,885714,433783,561579,904058,0,0,0,0,0,0,0,72746,0,80.46,80.48,80.52
65,2,0,0,0,97270,97270,97270,9,9,9,591,591,591,0.00,0.00,0.00,0.00,0.00,0.00,0.00,0.00,0.00,0.00,0.00,0.00,0.00,0.00,0.00,0.00,0.00,0.00,0.00,0.00,0.00,311832,369114,424524,324935,383717,437626,0,0,0,0,0,0,0,81432,0,101.44,101.48,101.50
65,3,0,0,0,97270,97270,97270,9,9,9,591,591,591,0.00,0.00,0.00,0.00,0.00,0.00,0.00,0.00,0.00,0.00,0.00,0.00,0.00,0.00,0.00,0.00,0.00,0.00,0.00,0.00,0.00,322314,347303,377352,335416,360580,390454,0,0,0,0,0,0,0,54981,0,91.39,91.47,91.58
66,0,0,0,0,97270,97270,97270,9,9,9,591,591,591,0.00,0.00,0.00,0.00,0.00,0.00,0.00,0.00,0.00,0.00,0.00,0.00,0.00,0.00,0.00,0.00,0.00,0.00,0.00,0.00,0.00,327571,362934,395690,340674,376692,411413,0,0,0,0,0,0,0,79023,0,98.36,98.43,98.50
66,1,0,0,0,97271,97271,97271,9,9,9,591,591,591,0.00,0.00,0.00,0.00,0.00,0.00,0.00,0.00,0.00,0.00,0.00,0.00,0.00,0.00,0.00,0.00,0.00,0.00,0.00,0.00,0.00,434990,691793,1236841,448092,704895,1249944,0,0,0,0,0,0,0,48651,0,80.47,80.52,80.58
66,2,0,0,0,97270,97270,97270,9,9,9,591,591,591,0.00,0.00,0.00,0.00,0.00,0.00,0.00,0.00,0.00,0.00,0.00,0.00,0.00,0.00,0.00,0.00,0.00,0.00,0.00,0.00,0.00,209645,363595,542465,218380,375606,555568,0,0,0,0,0,0,0,71178,0,101.49,101.54,101.61
66,3,0,0,0,97270,97270,97270,9,9,9,591,591,591,0.00,0.00,0.00,0.00,0.00,0.00,0.00,0.00,0.00,0.00,0.00,0.00,0.00,0.00,0.00,0.00,0.00,0.00,0.00,0.00,0.00,327564,354414,403550,340667,368172,416652,0,0,0,0,0,0,0,82500,0,91.36,91.39,91.44
67,0,0,0,0,97270,97270,97270,9,9,9,591,591,591,0.00,0.00,0.00,0.00,0.00,0.00,0.00,0.00,0.00,0.00,0.00,0.00,0.00,0.00,0.00,0.00,0.00,0.00,0.00,0.00,0.00,2620,420360,1100591,15722,434470,1118935,0,0,0,0,0,0,0,88808,0,98.24,98.33,98.45
67,1,0,0,0,97271,97271,97271,9,9,9,591,591,591,0.00,0.00,0.00,0.00,0.00,0.00,0.00,0.00,0.00,0.00,0.00,0.00,0.00,0.00,0.00,0.00,0.00,0.00,0.00,0.00,0.00,427082,519882,697032,437563,534032,712754,0,0,0,0,0,0,0,64698,0,80.38,80.44,80.49
67,2,0,0,0,97270,97270,97270,9,9,9,591,591,591,0.00,0.00,0.00,0.00,0.00,0.00,0.00,0.00,0.00,0.00,0.00,0.00,0.00,0.00,0.00,0.00,0.00,0.00,0.00,0.00,0.00,317089,483721,924931,330192,497347,940652,0,0,0,0,0,0,0,81397,0,101.50,101.54,101.59
67,3,0,0,0,97270,97270,97270,9,9,9,591,591,591,0.00,0.00,0.00,0.00,0.00,0.00,0.00,0.00,0.00,0.00,0.00,0.00,0.00,0.00,0.00,0.00,0.00,0.00,0.00,0.00,0.00,319701,482173,1037727,335424,496324,1050830,0,0,0,0,0,0,0,73378,0,91.42,91.46,91.49
68,0,0,0,0,97270,97270,97270,9,9,9,591,591,591,0.00,0.00,0.00,0.00,0.00,0.00,0.00,0.00,0.00,0.00,0.00,0.00,0.00,0.00,0.00,0.00,0.00,0.00,0.00,0.00,0.00,343236,446517,702281,356337,458571,715384,0,0,0,0,0,0,0,78722,0,98.02,98.15,98.28
68,1,0,0,0,97271,97271,97271,9,9,9,591,591,591,0.00,0.00,0.00,0.00,0.00,0.00,0.00,0.00,0.00,0.00,0.00,0.00,0.00,0.00,0.00,0.00,0.00,0.00,0.00,0.00,0.00,281532,469334,676078,290168,481560,689180,0,0,0,0,0,0,0,64828,0,80.40,80.42,80.43
68,2,0,0,0,97270,97270,97270,9,9,9,591,591,591,0.00,0.00,0.00,0.00,0.00,0.00,0.00,0.00,0.00,0.00,0.00,0.00,0.00,0.00,0.00,0.00,0.00,0.00,0.00,0.00,0.00,322302,344857,403571,335404,359007,416674,0,0,0,0,0,0,0,81316,0,101.28,101.36,101.48
68,3,0,0,0,97270,97270,97270,9,9,9,591,591,591,0.00,0.00,0.00,0.00,0.00,0.00,0.00,0.00,0.00,0.00,0.00,0.00,0.00,0.00,0.00,0.00,0.00,0.00,0.00,0.00,0.00,327785,361661,453360,338109,375255,469083,0,0,0,0,0,0,0,73382,0,91.34,91.38,91.41
69,0,0,0,0,97270,97270,97270,9,9,9,591,591,591,0.00,0.00,0.00,0.00,0.00,0.00,0.00,0.00,0.00,0.00,0.00,0.00,0.00,0.00,0.00,0.00,0.00,0.00,0.00,0.00,0.00,324938,352189,400926,340659,366339,414028,0,0,0,0,0,0,0,78851,0,97.99,98.09,98.16
69,1,0,0,0,97271,97271,97271,9,9,9,591,591,591,0.00,0.00,0.00,0.00,0.00,0.00,0.00,0.00,0.00,0.00,0.00,0.00,0.00,0.00,0.00,0.00,0.00,0.00,0.00,0.00,0.00,429753,632574,1417660,445475,646724,1430762,0,0,0,0,0,0,0,72897,0,80.37,80.44,80.49
69,2,0,0,0,97270,97270,97270,9,9,9,591,591,591,0.00,0.00,0.00,0.00,0.00,0.00,0.00,0.00,0.00,0.00,0.00,0.00,0.00,0.00,0.00,0.00,0.00,0.00,0.00,0.00,0.00,202658,319105,432363,211394,331806,448085,0,0,0,0,0,0,0,81379,0,101.26,101.31,101.36
69,3,0,0,0,97270,97270,97270,9,9,9,591,591,591,0.00,0.00,0.00,0.00,0.00,0.00,0.00,0.00,0.00,0.00,0.00,0.00,0.00,0.00,0.00,0.00,0.00,0.00,0.00,0.00,0.00,211391,315850,366830,220126,328603,379931,0,0,0,0,0,0,0,73353,0,91.38,91.43,91.49
70,0,0,0,0,97270,97270,97270,9,9,9,591,591,591,0.00,0.00,0.00,0.00,0.00,0.00,0.00,0.00,0.00,0.00,0.00,0.00,0.00,0.00,0.00,0.00,0.00,0.00,0.00,0.00,0.00,327518,352498,395690,340619,366068,408793,0,0,0,0,0,0,0,88630,0,98.12,98.14,98.16
70,1,0,0,0,97271,97271,97271,9,9,9,591,591,591,0.00,0.00,0.00,0.00,0.00,0.00,0.00,0.00,0.00,0.00,0.00,0.00,0.00,0.00,0.00,0.00,0.00,0.00,0.00,0.00,0.00,429749,558661,883079,442851,572287,896182,0,0,0,0,0,0,0,64849,0,80.39,80.45,80.50
70,2,0,0,0,97270,97270,97270,9,9,9,591,591,591,0.00,0.00,0.00,0.00,0.00,0.00,0.00,0.00,0.00,0.00,0.00,0.00,0.00,0.00,0.00,0.00,0.00,0.00,0.00,0.00,0.00,330165,514663,917173,343267,528814,932896,0,0,0,0,0,0,0,81371,0,101.37,101.41,101.44
70,3,0,0,0,97270,97270,97270,9,9,9,591,591,591,0.00,0.00,0.00,0.00,0.00,0.00,0.00,0.00,0.00,0.00,0.00,0.00,0.00,0.00,0.00,0.00,0.00,0.00,0.00,0.00,0.00,322322,492654,1079647,338045,506804,1095370,0,0,0,0,0,0,0,82639,0,91.39,91.49,91.60
71,0,0,0,0,97270,97270,97270,9,9,9,591,591,591,0.00,0.00,0.00,0.00,0.00,0.00,0.00,0.00,0.00,0.00,0.00,0.00,0.00,0.00,0.00,0.00,0.00,0.00,0.00,0.00,0.00,230579,478484,1113671,246300,492634,1126773,0,0,0,0,0,0,0,78973,0,98.14,98.17,98.21
71,1,0,0,0,97271,97271,97271,9,9,9,591,591,591,0.00,0.00,0.00,0.00,0.00,0.00,0.00,0.00,0.00,0.00,0.00,0.00,0.00,0.00,0.00,0.00,0.00,0.00,0.00,0.00,0.00,411404,474298,652486,424506,488448,668209,0,0,0,0,0,0,0,64863,0,80.42,80.47,80.54
71,2,0,0,0,97270,97270,97270,9,9,9,591,591,591,0.00,0.00,0.00,0.00,0.00,0.00,0.00,0.00,0.00,0.00,0.00,0.00,0.00,0.00,0.00,0.00,0.00,0.00,0.00,0.00,0.00,317075,365294,521477,330177,378921,534579,0,0,0,0,0,0,0,81455,0,101.45,101.47,101.48
71,3,0,0,0,97270,97270,97270,9,9,9,591,591,591,0.00,0.00,0.00,0.00,0.00,0.00,0.00,0.00,0.00,0.00,0.00,0.00,0.00,0.00,0.00,0.00,0.00,0.00,0.00,0.00,0.00,324943,369674,455665,340666,383251,471378,0,0,0,0,0,0,0,73556,0,91.66,91.76,91.84
72,0,0,0,0,97270,97270,97270,9,9,9,591,591,591,0.00,0.00,0.00,0.00,0.00,0.00,0.00,0.00,0.00,0.00,0.00,0.00,0.00,0.00,0.00,0.00,0.00,0.00,0.00,0.00,0.00,324935,455422,689158,340658,468175,702260,0,0,0,0,0,0,0,59254,0,98.21,98.29,98.36
72,1,0,0,0,97271,97271,97271,9,9,9,591,591,591,0.00,0.00,0.00,0.00,0.00,0.00,0.00,0.00,0.00,0.00,0.00,0.00,0.00,0.00,0.00,0.00,0.00,0.00,0.00,0.00,0.00,282472,425396,546710,291084,438126,559544,0,0,0,0,0,0,0,72738,0,80.35,80.42,80.50
72,2,0,0,0,97270,97270,97270,9,9,9,591,591,591,0.00,0.00,0.00,0.00,0.00,0.00,0.00,0.00,0.00,0.00,0.00,0.00,0.00,0.00,0.00,0.00,0.00,0.00,0.00,0.00,0.00,314453,360571,419280,327555,374198,435003,0,0,0,0,0,0,0,81391,0,101.39,101.44,101.51
72,3,0,0,0,97270,97270,97270,9,9,9,591,591,591,0.00,0.00,0.00,0.00,0.00,0.00,0.00,0.00,0.00,0.00,0.00,0.00,0.00,0.00,0.00,0.00,0.00,0.00,0.00,0.00,0.00,244585,310967,335421,255067,323021,345903,0,0,0,0,0,0,0,55034,0,91.56,91.63,91.75
73,0,0,0,0,97270,97270,97270,9,9,9,591,591,591,0.00,0.00,0.00,0.00,0.00,0.00,0.00,0.00,0.00,0.00,0.00,0.00,0.00,0.00,0.00,0.00,0.00,0.00,0.00,0.00,0.00,327572,368174,398296,343295,382586,411398,0,0,0,0,0,0,0,78929,0,98.20,98.24,98.27
73,1,0,0,0,97271,97271,97271,9,9,9,591,591,591,0.00,0.00,0.00,0.00,0.00,0.00,0.00,0.00,0.00,0.00,0.00,0.00,0.00,0.00,0.00,0.00,0.00,0.00,0.00,0.00,0.00,432371,749440,1498880,445473,763198,1514603,0,0,0,0,0,0,0,48566,0,80.53,80.55,80.57
73,2,0,0,0,97270,97270,97270,9,9,9,591,591,591,0.00,0.00,0.00,0.00,0.00,0.00,0.00,0.00,0.00,0.00,0.00,0.00,0.00,0.00,0.00,0.00,0.00,0.00,0.00,0.00,0.00,210840,394034,568665,221210,407108,581768,0,0,0,0,0,0,0,71114,0,101.47,101.55,101.61
73,3,0,0,0,97270,97270,97270,9,9,9,591,591,591,0.00,0.00,0.00,0.00,0.00,0.00,0.00,0.00,0.00,0.00,0.00,0.00,0.00,0.00,0.00,0.00,0.00,0.00,0.00,0.00,0.00,330183,372112,411410,345906,386524,421892,0,0,0,0,0,0,0,82560,0,91.48,91.51,91.53
74,0,0,0,0,97270,97270,97270,9,9,9,591,591,591,0.00,0.00,0.00,0.00,0.00,0.00,0.00,0.00,0.00,0.00,0.00,0.00,0.00,0.00,0.00,0.00,0.00,0.00,0.00,0.00,0.00,317015,480618,1045754,332735,494596,1057999,0,0,0,0,0,0,0,88764,0,98.22,98.24,98.29
74,1,0,0,0,97271,97271,97271,9,9,9,591,591,591,0.00,0.00,0.00,0.00,0.00,0.00,0.00,0.00,0.00,0.00,0.00,0.00,0.00,0.00,0.00,0.00,0.00,0.00,0.00,0.00,0.00,429752,537187,728476,445475,551338,744198,0,0,0,0,0,0,0,64923,0,80.44,80.51,80.58
74,2,0,0,0,97270,97270,97270,9,9,9,591,591,591,0.00,0.00,0.00,0.00,0.00,0.00,0.00,0.00,0.00,0.00,0.00,0.00,0.00,0.00,0.00,0.00,0.00,0.00,0.00,0.00,0.00,319676,526707,809729,335397,540857,820211,0,0,0,0,0,0,0,81381,0,101.48,101.52,101.57
74,3,0,0,0,97270,97270,97270,9,9,9,591,591,591,0.00,0.00,0.00,0.00,0.00,0.00,0.00,0.00,0.00,0.00,0.00,0.00,0.00,0.00,0.00,0.00,0.00,0.00,0.00,0.00,0.00,317089,509928,1116227,332812,524078,1129328,0,0,0,0,0,0,0,73480,0,91.45,91.50,91.57
75,0,0,0,0,97270,97270,97270,9,9,9,591,591,591,0.00,0.00,0.00,0.00,0.00,0.00,0.00,0.00,0.00,0.00,0.00,0.00,0.00,0.00,0.00,0.00,0.00,0.00,0.00,0.00,0.00,327570,425029,681327,343293,438655,694429,0,0,0,0,0,0,0,78864,0,98.20,98.24,98.29
75,1,0,0,0,97271,97271,97271,9,9,9,591,591,591,0.00,0.00,0.00,0.00,0.00,0.00,0.00,0.00,0.00,0.00,0.00,0.00,0.00,0.00,0.00,0.00,0.00,0.00,0.00,0.00,0.00,373362,527474,738963,382004,541256,754686,0,0,0,0,0,0,0,64937,0,80.49,80.55,80.62
75,2,0,0,0,97270,97270,97270,9,9,9,591,591,591,0.00,0.00,0.00,0.00,0.00,0.00,0.00,0.00,0.00,0.00,0.00,0.00,0.00,0.00,0.00,0.00,0.00,0.00,0.00,0.00,0.00,335414,357433,435017,348516,371584,448120,0,0,0,0,0,0,0,81425,0,101.34,101.44,101.54
75,3,0,0,0,97270,97270,97270,9,9,9,591,591,591,0.00,0.00,0.00,0.00,0.00,0.00,0.00,0.00,0.00,0.00,0.00,0.00,0.00,0.00,0.00,0.00,0.00,0.00,0.00,0.00,0.00,324880,408155,688662,337980,422744,706583,0,0,0,0,0,0,0,73441,0,91.55,91.61,91.63
76,0,0,0,0,97270,97270,97270,9,9,9,591,591,591,0.00,0.00,0.00,0.00,0.00,0.00,0.00,0.00,0.00,0.00,0.00,0.00,0.00,0.00,0.00,0.00,0.00,0.00,0.00,0.00,0.00,283005,333848,411430,295233,346775,421912,0,0,0,0,0,0,0,78845,0,98.14,98.19,98.23
76,1,0,0,0,97271,97271,97271,9,9,9,591,591,591,0.00,0.00,0.00,0.00,0.00,0.00,0.00,0.00,0.00,0.00,0.00,0.00,0.00,0.00,0.00,0.00,0.00,0.00,0.00,0.00,0.00,417414,635320,1428134,430218,648948,1441236,0,0,0,0,0,0,0,72951,0,80.49,80.53,80.55
76,2,0,0,0,97270,97270,97270,9,9,9,591,591,591,0.00,0.00,0.00,0.00,0.00,0.00,0.00,0.00,0.00,0.00,0.00,0.00,0.00,0.00,0.00,0.00,0.00,0.00,0.00,0.00,0.00,211390,317429,403541,220125,329658,416643,0,0,0,0,0,0,0,81435,0,101.32,101.35,101.38
76,3,0,0,0,97270,97270,97270,9,9,9,591,591,591,0.00,0.00,0.00,0.00,0.00,0.00,0.00,0.00,0.00,0.00,0.00,0.00,0.00,0.00,0.00,0.00,0.00,0.00,0.00,0.00,0.00,218380,320917,385210,228862,333495,395692,0,0,0,0,0,0,0,73381,0,91.43,91.48,91.55
77,0,0,0,0,97270,97270,97270,9,9,9,591,591,591,0.00,0.00,0.00,0.00,0.00,0.00,0.00,0.00,0.00,0.00,0.00,0.00,0.00,0.00,0.00,0.00,0.00,0.00,0.00,0.00,0.00,324935,354286,390448,338041,367912,406170,0,0,0,0,0,0,0,88672,0,98.13,98.17,98.20
77,1,0,0,0,97271,97271,97271,9,9,9,591,591,591,0.00,0.00,0.00,0.00,0.00,0.00,0.00,0.00,0.00,0.00,0.00,0.00,0.00,0.00,0.00,0.00,0.00,0.00,0.00,0.00,0.00,429750,548709,864744,440232,562334,877846,0,0,0,0,0,0,0,64863,0,80.47,80.51,80.53
77,2,0,0,0,97270,97270,97270,9,9,9,591,591,591,0.00,0.00,0.00,0.00,0.00,0.00,0.00,0.00,0.00,0.00,0.00,0.00,0.00,0.00,0.00,0.00,0.00,0.00,0.00,0.00,0.00,327555,512562,948633,343278,526188,961736,0,0,0,0,0,0,0,81401,0,101.41,101.45,101.49
77,3,0,0,0,97270,97270,97270,9,9,9,591,591,591,0.00,0.00,0.00,0.00,0.00,0.00,0.00,0.00,0.00,0.00,0.00,0.00,0.00,0.00,0.00,0.00,0.00,0.00,0.00,0.00,0.00,322322,486888,1011505,335425,500515,1024607,0,0,0,0,0,0,0,82718,0,91.52,91.60,91.65
78,0,0,0,0,97270,97270,97270,9,9,9,591,591,591,0.00,0.00,0.00,0.00,0.00,0.00,0.00,0.00,0.00,0.00,0.00,0.00,0.00,0.00,0.00,0.00,0.00,0.00,0.00,0.00,0.00,317150,490522,1097841,327464,504114,1113562,0,0,0,0,0,0,0,78884,0,98.18,98.23,98.30
78,1,0,0,0,97271,97271,97271,9,9,9,591,591,591,0.00,0.00,0.00,0.00,0.00,0.00,0.00,0.00,0.00,0.00,0.00,0.00,0.00,0.00,0.00,0.00,0.00,0.00,0.00,0.00,0.00,424511,480063,673450,440234,494214,686552,0,0,0,0,0,0,0,64884,0,80.40,80.43,80.45
78,2,0,0,0,97270,97270,97270,9,9,9,591,591,591,0.00,0.00,0.00,0.00,0.00,0.00,0.00,0.00,0.00,0.00,0.00,0.00,0.00,0.00,0.00,0.00,0.00,0.00,0.00,0.00,0.00,306599,355861,487410,322322,370012,500513,0,0,0,0,0,0,0,81432,0,101.47,101.50,101.53
78,3,0,0,0,97270,97270,97270,9,9,9,591,591,591,0.00,0.00,0.00,0.00,0.00,0.00,0.00,0.00,0.00,0.00,0.00,0.00,0.00,0.00,0.00,0.00,0.00,0.00,0.00,0.00,0.00,327563,366342,448087,343286,379968,461189,0,0,0,0,0,0,0,73530,0,91.51,91.56,91.67
79,0,0,0,0,97270,97270,97270,9,9,9,591,591,591,0.00,0.00,0.00,0.00,0.00,0.00,0.00,0.00,0.00,0.00,0.00,0.00,0.00,0.00,0.00,0.00,0.00,0.00,0.00,0.00,0.00,330176,436043,681327,343278,450194,697050,0,0,0,0,0,0,0,59101,0,98.17,98.27,98.30
79,1,0,0,0,97271,97271,97271,9,9,9,591,591,591,0.00,0.00,0.00,0.00,0.00,0.00,0.00,0.00,0.00,0.00,0.00,0.00,0.00,0.00,0.00,0.00,0.00,0.00,0.00,0.00,0.00,283365,423420,566009,293732,435977,581731,0,0,0,0,0,0,0,72697,0,80.42,80.46,80.49
79,2,0,0,0,97270,97270,97270,9,9,9,591,591,591,0.00,0.00,0.00,0.00,0.00,0.00,0.00,0.00,0.00,0.00,0.00,0.00,0.00,0.00,0.00,0.00,0.00,0.00,0.00,0.00,0.00,314453,364243,429763,330176,377870,442865,0,0,0,0,0,0,0,81452,0,101.47,101.53,101.58
79,3,0,0,0,97270,97270,97270,9,9,9,591,591,591,0.00,0.00,0.00,0.00,0.00,0.00,0.00,0.00,0.00,0.00,0.00,0.00,0.00,0.00,0.00,0.00,0.00,0.00,0.00,0.00,0.00,221874,316730,387833,234103,330135,403556,0,0,0,0,0,0,0,55061,0,91.54,91.58,91.61
80,0,0,0,0,97270,97270,97270,9,9,9,591,591,591,0.00,0.00,0.00,0.00,0.00,0.00,0.00,0.00,0.00,0.00,0.00,0.00,0.00,0.00,0.00,0.00,0.00,0.00,0.00,0.00,0.00,324936,352441,390447,338038,365543,403549,0,0,0,0,0,0,0,78808,0,98.12,98.14,98.16
80,1,0,0,0,97271,97271,97271,9,9,9,591,591,591,0.00,0.00,0.00,0.00,0.00,0.00,0.00,0.00,0.00,0.00,0.00,0.00,0.00,0.00,0.00,0.00,0.00,0.00,0.00,0.00,0.00,434994,732371,1433220,448096,746128,1446321,0,0,0,0,0,0,0,48606,0,80.46,80.49,80.52
80,2,0,0,0,97270,97270,97270,9,9,9,591,591,591,0.00,0.00,0.00,0.00,0.00,0.00,0.00,0.00,0.00,0.00,0.00,0.00,0.00,0.00,0.00,0.00,0.00,0.00,0.00,0.00,0.00,279388,370121,540732,291612,383542,553366,0,0,0,0,0,0,0,71186,0,101.41,101.46,101.51
80,3,0,0,0,97270,97270,97270,9,9,9,591,591,591,0.00,0.00,0.00,0.00,0.00,0.00,0.00,0.00,0.00,0.00,0.00,0.00,0.00,0.00,0.00,0.00,0.00,0.00,0.00,0.00,0.00,324946,351147,400928,335428,364249,416650,0,0,0,0,0,0,0,82574,0,91.48,91.52,91.55
81,0,0,0,0,97270,97270,97270,9,9,9,591,591,591,0.00,0.00,0.00,0.00,0.00,0.00,0.00,0.00,0.00,0.00,0.00,0.00,0.00,0.00,0.00,0.00,0.00,0.00,0.00,0.00,0.00,0,467492,1121564,13102,481642,1134666,0,0,0,0,0,0,0,88710,0,98.12,98.16,98.18
81,1,0,0,0,97271,97271,97271,9,9,9,591,591,591,0.00,0.00,0.00,0.00,0.00,0.00,0.00,0.00,0.00,0.00,0.00,0.00,0.00,0.00,0.00,0.00,0.00,0.00,0.00,0.00,0.00,429747,518845,673456,445470,532995,683937,0,0,0,0,0,0,0,64844,0,80.43,80.48,80.52
81,2,0,0,0,97270,97270,97270,9,9,9,591,591,591,0.00,0.00,0.00,0.00,0.00,0.00,0.00,0.00,0.00,0.00,0.00,0.00,0.00,0.00,0.00,0.00,0.00,0.00,0.00,0.00,0.00,327575,482695,927661,340678,496321,940763,0,0,0,0,0,0,0,81187,0,101.31,101.45,101.53
81,3,0,0,0,97270,97270,97270,9,9,9,591,591,591,0.00,0.00,0.00,0.00,0.00,0.00,0.00,0.00,0.00,0.00,0.00,0.00,0.00,0.00,0.00,0.00,0.00,0.00,0.00,0.00,0.00,327525,487405,1040338,343246,501555,1053440,0,0,0,0,0,0,0,73426,0,91.48,91.51,91.54
82,0,0,0,0,97270,97270,97270,9,9,9,591,591,591,0.00,0.00,0.00,0.00,0.00,0.00,0.00,0.00,0.00,0.00,0.00,0.00,0.00,0.00,0.00,0.00,0.00,0.00,0.00,0.00,0.00,310603,333374,366821,323991,345367,382212,0,0,0,0,0,0,0,79964,0,98.16,98.58,99.05
82,1,0,0,0,97271,97271,97271,9,9,9,591,591,591,0.00,0.00,0.00,0.00,0.00,0.00,0.00,0.00,0.00,0.00,0.00,0.00,0.00,0.00,0.00,0.00,0.00,0.00,0.00,0.00,0.00,403503,479529,644624,416604,492631,655106,0,0,0,0,0,0,0,65867,0,80.54,80.88,81.25
82,2,0,0,0,97270,97270,97270,9,9,9,591,591,591,0.00,0.00,0.00,0.00,0.00,0.00,0.00,0.00,0.00,0.00,0.00,0.00,0.00,0.00,0.00,0.00,0.00,0.00,0.00,0.00,0.00,303963,336989,403572,319685,350616,416675,0,0,0,0,0,0,0,82467,0,101.33,101.75,102.23
82,3,0,0,0,97270,97270,97270,9,9,9,591,591,591,0.00,0.00,0.00,0.00,0.00,0.00,0.00,0.00,0.00,0.00,0.00,0.00,0.00,0.00,0.00,0.00,0.00,0.00,0.00,0.00,0.00,327562,351595,427148,340665,365169,437630,0,0,0,0,0,0,0,73858,0,91.47,91.63,91.78
83,0,0,0,0,97270,97270,97270,9,9,9,591,591,591,0.00,0.00,0.00,0.00,0.00,0.00,0.00,0.00,0.00,0.00,0.00,0.00,0.00,0.00,0.00,0.00,0.00,0.00,0.00,0.00,0.00,311833,434988,662976,324935,448614,676078,0,0,0,0,0,0,0,79738,0,99.06,99.11,99.20
83,1,0,0,0,97271,97271,97271,9,9,9,591,591,591,0.00,0.00,0.00,0.00,0.00,0.00,0.00,0.00,0.00,0.00,0.00,0.00,0.00,0.00,0.00,0.00,0.00,0.00,0.00,0.00,0.00,414029,662946,1323155,427132,676324,1334464,0,0,0,0,0,0,0,73571,0,81.09,81.25,81.41
83,2,0,0,0,97270,97270,97270,9,9,9,591,591,591,0.00,0.00,0.00,0.00,0.00,0.00,0.00,0.00,0.00,0.00,0.00,0.00,0.00,0.00,0.00,0.00,0.00,0.00,0.00,0.00,0.00,303979,375778,487409,319702,389404,497891,0,0,0,0,0,0,0,82004,0,102.13,102.28,102.44
83,3,0,0,0,97270,97270,97270,9,9,9,591,591,591,0.00,0.00,0.00,0.00,0.00,0.00,0.00,0.00,0.00,0.00,0.00,0.00,0.00,0.00,0.00,0.00,0.00,0.00,0.00,0.00,0.00,214888,323880,445480,223623,336632,458582,0,0,0,0,0,0,0,73898,0,91.83,91.92,92.00
84,0,0,0,0,97270,97270,97270,9,9,9,591,591,591,0.00,0.00,0.00,0.00,0.00,0.00,0.00,0.00,0.00,0.00,0.00,0.00,0.00,0.00,0.00,0.00,0.00,0.00,0.00,0.00,0.00,317077,346949,421896,332800,361100,434999,0,0,0,0,0,0,0,89363,0,98.90,99.08,99.22
84,1,0,0,0,97271,97271,97271,9,9,9,591,591,591,0.00,0.00,0.00,0.00,0.00,0.00,0.00,0.00,0.00,0.00,0.00,0.00,0.00,0.00,0.00,0.00,0.00,0.00,0.00,0.00,0.00,421887,557103,906665,434989,571253,919767,0,0,0,0,0,0,0,65433,0,80.98,81.10,81.19
84,2,0,0,0,97270,97270,97270,9,9,9,591,591,591,0.00,0.00,0.00,0.00,0.00,0.00,0.00,0.00,0.00,0.00,0.00,0.00,0.00,0.00,0.00,0.00,0.00,0.00,0.00,0.00,0.00,332807,468284,752919,348531,481849,763401,0,0,0,0,0,0,0,81995,0,102.10,102.26,102.36
84,3,0,0,0,97270,97270,97270,9,9,9,591,591,591,0.00,0.00,0.00,0.00,0.00,0.00,0.00,0.00,0.00,0.00,0.00,0.00,0.00,0.00,0.00,0.00,0.00,0.00,0.00,0.00,0.00,322323,492646,1061301,335426,506797,1074404,0,0,0,0,0,0,0,82721,0,91.61,91.80,91.96
85,0,0,0,0,97270,97270,97270,9,9,9,591,591,591,0.00,0.00,0.00,0.00,0.00,0.00,0.00,0.00,0.00,0.00,0.00,0.00,0.00,0.00,0.00,0.00,0.00,0.00,0.00,0.00,0.00,211336,483022,1124186,226675,497619,1134668,0,0,0,0,0,0,0,78875,0,98.27,98.42,98.74
85,1,0,0,0,97271,97271,97271,9,9,9,591,591,591,0.00,0.00,0.00,0.00,0.00,0.00,0.00,0.00,0.00,0.00,0.00,0.00,0.00,0.00,0.00,0.00,0.00,0.00,0.00,0.00,0.00,427131,541375,964332,437613,555001,982675,0,0,0,0,0,0,0,64802,0,80.46,80.62,80.95
85,2,0,0,0,97270,97270,97270,9,9,9,591,591,591,0.00,0.00,0.00,0.00,0.00,0.00,0.00,0.00,0.00,0.00,0.00,0.00,0.00,0.00,0.00,0.00,0.00,0.00,0.00,0.00,0.00,317078,367393,537205,330181,381544,552928,0,0,0,0,0,0,0,81530,0,101.57,101.78,102.13
85,3,0,0,0,97270,97270,97270,9,9,9,591,591,591,0.00,0.00,0.00,0.00,0.00,0.00,0.00,0.00,0.00,0.00,0.00,0.00,0.00,0.00,0.00,0.00,0.00,0.00,0.00,0.00,0.00,330195,421900,573873,345918,436575,589596,0,0,0,0,0,0,0,73389,0,91.43,91.51,91.58
86,0,0,0,0,97270,97270,97270,9,9,9,591,591,591,0.00,0.00,0.00,0.00,0.00,0.00,0.00,0.00,0.00,0.00,0.00,0.00,0.00,0.00,0.00,0.00,0.00,0.00,0.00,0.00,0.00,324934,430679,699639,338037,442792,715361,0,0,0,0,0,0,0,59314,0,98.25,98.29,98.33
86,1,0,0,0,97271,97271,97271,9,9,9,591,591,591,0.00,0.00,0.00,0.00,0.00,0.00,0.00,0.00,0.00,0.00,0.00,0.00,0.00,0.00,0.00,0.00,0.00,0.00,0.00,0.00,0.00,363071,442096,558156,373110,455634,571258,0,0,0,0,0,0,0,72827,0,80.40,80.49,80.53
86,2,0,0,0,97270,97270,97270,9,9,9,591,591,591,0.00,0.00,0.00,0.00,0.00,0.00,0.00,0.00,0.00,0.00,0.00,0.00,0.00,0.00,0.00,0.00,0.00,0.00,0.00,0.00,0.00,317089,363725,421901,330174,376828,437624,0,0,0,0,0,0,0,81494,0,101.51,101.56,101.60
86,3,0,0,0,97270,97270,97270,9,9,9,591,591,591,0.00,0.00,0.00,0.00,0.00,0.00,0.00,0.00,0.00,0.00,0.00,0.00,0.00,0.00,0.00,0.00,0.00,0.00,0.00,0.00,0.00,312424,336039,366750,327916,349619,379848,0,0,0,0,0,0,0,55138,0,91.47,91.52,91.55
87,0,0,0,0,97270,97270,97270,9,9,9,591,591,591,0.00,0.00,0.00,0.00,0.00,0.00,0.00,0.00,0.00,0.00,0.00,0.00,0.00,0.00,0.00,0.00,0.00,0.00,0.00,0.00,0.00,322300,353107,395692,335402,366210,408795,0,0,0,0,0,0,0,78836,0,98.17,98.22,98.28
87,1,0,0,0,97271,97271,97271,9,9,9,591,591,591,0.00,0.00,0.00,0.00,0.00,0.00,0.00,0.00,0.00,0.00,0.00,0.00,0.00,0.00,0.00,0.00,0.00,0.00,0.00,0.00,0.00,429751,695195,1235806,442853,708300,1248626,0,0,0,0,0,0,0,48597,0,80.43,80.49,80.55
87,2,0,0,0,97270,97270,97270,9,9,9,591,591,591,0.00,0.00,0.00,0.00,0.00,0.00,0.00,0.00,0.00,0.00,0.00,0.00,0.00,0.00,0.00,0.00,0.00,0.00,0.00,0.00,0.00,319702,416651,545080,332805,430408,560803,0,0,0,0,0,0,0,71171,0,101.42,101.45,101.51
87,3,0,0,0,97270,97270,97270,9,9,9,591,591,591,0.00,0.00,0.00,0.00,0.00,0.00,0.00,0.00,0.00,0.00,0.00,0.00,0.00,0.00,0.00,0.00,0.00,0.00,0.00,0.00,0.00,220127,326253,398308,230609,338700,411410,0,0,0,0,0,0,0,82684,0,91.51,91.55,91.58
88,0,0,0,0,97270,97270,97270,9,9,9,591,591,591,0.00,0.00,0.00,0.00,0.00,0.00,0.00,0.00,0.00,0.00,0.00,0.00,0.00,0.00,0.00,0.00,0.00,0.00,0.00,0.00,0.00,322326,502594,1113685,338049,516220,1126787,0,0,0,0,0,0,0,88864,0,98.17,98.33,98.43
88,1,0,0,0,97271,97271,97271,9,9,9,591,591,591,0.00,0.00,0.00,0.00,0.00,0.00,0.00,0.00,0.00,0.00,0.00,0.00,0.00,0.00,0.00,0.00,0.00,0.00,0.00,0.00,0.00,429750,523560,710137,445473,537187,723239,0,0,0,0,0,0,0,64813,0,80.36,80.39,80.42
88,2,0,0,0,97270,97270,97270,9,9,9,591,591,591,0.00,0.00,0.00,0.00,0.00,0.00,0.00,0.00,0.00,0.00,0.00,0.00,0.00,0.00,0.00,0.00,0.00,0.00,0.00,0.00,0.00,221863,449720,871146,228851,462967,888470,0,0,0,0,0,0,0,81414,0,101.47,101.49,101.51
88,3,0,0,0,97270,97270,97270,9,9,9,591,591,591,0.00,0.00,0.00,0.00,0.00,0.00,0.00,0.00,0.00,0.00,0.00,0.00,0.00,0.00,0.00,0.00,0.00,0.00,0.00,0.00,0.00,327565,486888,1024611,340667,500515,1040334,0,0,0,0,0,0,0,73512,0,91.56,91.59,91.61
89,0,0,0,0,97270,97270,97270,9,9,9,591,591,591,0.00,0.00,0.00,0.00,0.00,0.00,0.00,0.00,0.00,0.00,0.00,0.00,0.00,0.00,0.00,0.00,0.00,0.00,0.00,0.00,0.00,214311,323511,387829,227918,336217,403552,0,0,0,0,0,0,0,78896,0,98.26,98.34,98.49
89,1,0,0,0,97271,97271,97271,9,9,9,591,591,591,0.00,0.00,0.00,0.00,0.00,0.00,0.00,0.00,0.00,0.00,0.00,0.00,0.00,0.00,0.00,0.00,0.00,0.00,0.00,0.00,0.00,421887,494738,615801,434989,508888,631524,0,0,0,0,0,0,0,64804,0,80.45,80.48,80.52
89,2,0,0,0,97270,97270,97270,9,9,9,591,591,591,0.00,0.00,0.00,0.00,0.00,0.00,0.00,0.00,0.00,0.00,0.00,0.00,0.00,0.00,0.00,0.00,0.00,0.00,0.00,0.00,0.00,317063,346944,419247,332786,360570,432349,0,0,0,0,0,0,0,81447,0,101.49,101.51,101.54
89,3,0,0,0,97270,97270,97270,9,9,9,591,591,591,0.00,0.00,0.00,0.00,0.00,0.00,0.00,0.00,0.00,0.00,0.00,0.00,0.00,0.00,0.00,0.00,0.00,0.00,0.00,0.00,0.00,332805,366338,453354,345908,380488,466457,0,0,0,0,0,0,0,73460,0,91.58,91.59,91.62
90,0,0,0,0,97270,97270,97270,9,9,9,591,591,591,0.00,0.00,0.00,0.00,0.00,0.00,0.00,0.00,0.00,0.00,0.00,0.00,0.00,0.00,0.00,0.00,0.00,0.00,0.00,0.00,0.00,324936,430271,681321,338038,443897,694423,0,0,0,0,0,0,0,78891,0,98.20,98.22,98.23
90,1,0,0,0,97271,97271,97271,9,9,9,591,591,591,0.00,0.00,0.00,0.00,0.00,0.00,0.00,0.00,0.00,0.00,0.00,0.00,0.00,0.00,0.00,0.00,0.00,0.00,0.00,0.00,0.00,416419,530336,951297,429115,543153,963382,0,0,0,0,0,0,0,72826,0,80.40,80.43,80.47
90,2,0,0,0,97270,97270,97270,9,9,9,591,591,591,0.00,0.00,0.00,0.00,0.00,0.00,0.00,0.00,0.00,0.00,0.00,0.00,0.00,0.00,0.00,0.00,0.00,0.00,0.00,0.00,0.00,314460,348525,432360,330183,362676,445462,0,0,0,0,0,0,0,81407,0,101.38,101.42,101.48
90,3,0,0,0,97270,97270,97270,9,9,9,591,591,591,0.00,0.00,0.00,0.00,0.00,0.00,0.00,0.00,0.00,0.00,0.00,0.00,0.00,0.00,0.00,0.00,0.00,0.00,0.00,0.00,0.00,246332,308974,334283,253320,321327,347140,0,0,0,0,0,0,0,73412,0,91.48,91.52,91.54
91,0,0,0,0,97270,97270,97270,9,9,9,591,591,591,0.00,0.00,0.00,0.00,0.00,0.00,0.00,0.00,0.00,0.00,0.00,0.00,0.00,0.00,0.00,0.00,0.00,0.00,0.00,0.00,0.00,322317,390972,531950,335420,405123,547673,0,0,0,0,0,0,0,88898,0,98.19,98.31,98.40
91,1,0,0,0,97271,97271,97271,9,9,9,591,591,591,0.00,0.00,0.00,0.00,0.00,0.00,0.00,0.00,0.00,0.00,0.00,0.00,0.00,0.00,0.00,0.00,0.00,0.00,0.00,0.00,0.00,434991,650795,1283995,448093,664490,1297097,0,0,0,0,0,0,0,65456,0,80.45,80.83,81.03
91,2,0,0,0,97270,97270,97270,9,9,9,591,591,591,0.00,0.00,0.00,0.00,0.00,0.00,0.00,0.00,0.00,0.00,0.00,0.00,0.00,0.00,0.00,0.00,0.00,0.00,0.00,0.00,0.00,209601,482449,856864,220082,495509,869966,0,0,0,0,0,0,0,81519,0,101.35,101.48,101.57
91,3,0,0,0,97270,97270,97270,9,9,9,591,591,591,0.00,0.00,0.00,0.00,0.00,0.00,0.00,0.00,0.00,0.00,0.00,0.00,0.00,0.00,0.00,0.00,0.00,0.00,0.00,0.00,0.00,330184,494203,1071662,340666,508353,1084763,0,0,0,0,0,0,0,82812,0,91.56,91.72,91.83
92,0,0,0,0,97270,97270,97270,9,9,9,591,591,591,0.00,0.00,0.00,0.00,0.00,0.00,0.00,0.00,0.00,0.00,0.00,0.00,0.00,0.00,0.00,0.00,0.00,0.00,0.00,0.00,0.00,317077,494220,1118938,330180,508370,1134661,0,0,0,0,0,0,0,80049,0,98.45,98.79,99.20
92,1,0,0,0,97271,97271,97271,9,9,9,591,591,591,0.00,0.00,0.00,0.00,0.00,0.00,0.00,0.00,0.00,0.00,0.00,0.00,0.00,0.00,0.00,0.00,0.00,0.00,0.00,0.00,0.00,411407,465385,642001,424509,479011,657724,0,0,0,0,0,0,0,65460,0,80.70,80.88,81.04
92,2,0,0,0,97270,97270,97270,9,9,9,591,591,591,0.00,0.00,0.00,0.00,0.00,0.00,0.00,0.00,0.00,0.00,0.00,0.00,0.00,0.00,0.00,0.00,0.00,0.00,0.00,0.00,0.00,309216,361096,513621,324939,374722,526724,0,0,0,0,0,0,0,82691,0,101.64,102.06,102.56
92,3,0,0,0,97270,97270,97270,9,9,9,591,591,591,0.00,0.00,0.00,0.00,0.00,0.00,0.00,0.00,0.00,0.00,0.00,0.00,0.00,0.00,0.00,0.00,0.00,0.00,0.00,0.00,0.00,324943,360581,437626,338045,374208,450729,0,0,0,0,0,0,0,75033,0,91.76,92.18,92.73
93,0,0,0,0,96704,97101,97270,9,195,575,591,591,591,0.00,0.00,0.00,0.00,0.00,0.00,0.00,0.00,0.00,0.00,0.00,0.00,0.00,0.00,0.00,0.00,0.00,0.00,0.00,0.00,0.00,319696,2813736,4650953,332798,3120846,5085916,0,0,0,0,0,0,0,98518,0,99.30,111.36,125.29
93,1,0,0,3,96705,97082,97271,9,175,574,591,591,591,0.00,0.00,0.00,0.00,0.00,0.00,0.00,0.00,0.00,0.00,0.00,0.00,0.00,0.00,0.00,0.00,0.00,0.00,0.00,0.00,0.00,628899,1559178,2643629,644621,1837644,2895237,0,0,0,0,0,0,0,106739,0,81.00,93.97,111.10
93,2,0,0,1,96704,97082,97270,9,196,575,591,591,591,0.00,0.00,0.00,0.00,0.00,0.00,0.00,0.00,0.00,0.00,0.00,0.00,0.00,0.00,0.00,0.00,0.00,0.00,0.00,0.00,0.00,518869,1642824,2928404,531971,1922545,3287252,0,0,0,0,0,0,0,99387,0,102.67,116.88,131.17
93,3,0,0,2,96704,97081,97270,9,196,575,591,591,591,0.00,0.00,0.00,0.00,0.00,0.00,0.00,0.00,0.00,0.00,0.00,0.00,0.00,0.00,0.00,0.00,0.00,0.00,0.00,0.00,0.00,419272,1949285,3894700,434995,2215088,4251147,0,0,0,0,0,0,0,91574,0,92.93,104.53,117.55
94,0,0,1,5,96512,96550,96704,575,728,767,591,591,591,0.00,0.00,0.00,0.00,0.00,0.00,0.00,0.00,0.00,0.00,0.00,0.00,0.00,0.00,0.00,0.00,0.00,0.00,0.00,0.00,0.00,309273,380035,542517,324999,511078,1142694,0,0,0,0,0,0,0,117026,0,133.87,143.34,147.47
94,1,0,0,2,96513,96551,96705,574,727,766,591,591,591,0.00,0.00,0.00,0.00,0.00,0.00,0.00,0.00,0.00,0.00,0.00,0.00,0.00,0.00,0.00,0.00,0.00,0.00,0.00,0.00,0.00,321942,825012,2049643,435079,929368,2133516,0,0,0,0,0,0,0,75056,0,119.15,123.92,126.53
94,2,0,0,0,96512,96550,96704,575,728,767,591,591,591,0.00,0.00,0.00,0.00,0.00,0.00,0.00,0.00,0.00,0.00,0.00,0.00,0.00,0.00,0.00,0.00,0.00,0.00,0.00,0.00,0.00,290928,398904,558274,306632,538332,1003764,0,0,0,0,0,0,0,118639,0,140.24,146.88,149.33
94,3,0,0,0,96512,96550,96704,575,728,767,591,591,591,0.00,0.00,0.00,0.00,0.00,0.00,0.00,0.00,0.00,0.00,0.00,0.00,0.00,0.00,0.00,0.00,0.00,0.00,0.00,0.00,0.00,293555,319174,343357,306660,450706,946039,0,0,0,0,0,0,0,109093,0,126.20,134.05,137.31
95,0,0,0,0,96512,96512,96512,767,767,767,591,591,591,0.00,0.00,0.00,0.00,0.00,0.00,0.00,0.00,0.00,0.00,0.00,0.00,0.00,0.00,0.00,0.00,0.00,0.00,0.00,0.00,0.00,306615,319747,353840,319718,333900,369566,0,0,0,0,0,0,0,117036,0,145.58,145.64,145.79
95,1,0,0,0,96513,96513,96513,766,766,766,591,591,591,0.00,0.00,0.00,0.00,0.00,0.00,0.00,0.00,0.00,0.00,0.00,0.00,0.00,0.00,0.00,0.00,0.00,0.00,0.00,0.00,0.00,424592,577645,932990,437697,592322,943473,0,0,0,0,0,0,0,100347,0,124.74,124.83,124.90
95,2,0,0,0,96512,96512,96512,767,767,767,591,591,591,0.00,0.00,0.00,0.00,0.00,0.00,0.00,0.00,0.00,0.00,0.00,0.00,0.00,0.00,0.00,0.00,0.00,0.00,0.00,0.00,0.00,152014,419180,829980,165119,431935,838717,0,0,0,0,0,0,0,133159,0,147.79,147.84,147.90
95,3,0,0,0,96512,96512,96512,767,767,767,591,591,591,0.00,0.00,0.00,0.00,0.00,0.00,0.00,0.00,0.00,0.00,0.00,0.00,0.00,0.00,0.00,0.00,0.00,0.00,0.00,0.00,0.00,0,278869,477023,13104,293547,497991,0,0,0,0,0,0,0,122780,0,136.02,136.06,136.13
97,0,0,0,0,96332,96467,96512,767,813,951,591,591,591,0.00,0.00,0.00,0.00,0.00,0.00,0.00,0.00,0.00,0.00,0.00,0.00,0.00,0.00,0.00,0.00,0.00,0.00,0.00,0.00,0.00,296169,575299,1100816,309274,615268,1129647,0,0,0,0,0,0,0,262542,0,145.67,145.69,145.72
97,1,0,0,0,96317,96464,96513,766,815,962,591,591,591,0.00,0.00,0.00,0.00,0.00,0.00,0.00,0.00,0.00,0.00,0.00,0.00,0.00,0.00,0.00,0.00,0.00,0.00,0.00,0.00,0.00,681438,1535294,3711659,725994,1576877,3783642,0,0,0,0,0,0,0,237979,0,124.88,124.96,125.00
97,2,0,0,0,96316,96463,96512,767,816,963,591,591,591,0.00,0.00,0.00,0.00,0.00,0.00,0.00,0.00,0.00,0.00,0.00,0.00,0.00,0.00,0.00,0.00,0.00,0.00,0.00,0.00,0.00,329222,2133377,5037286,344776,2187875,5132292,0,0,0,0,0,0,0,266519,0,147.86,147.99,148.07
97,3,0,0,0,96336,96468,96512,767,809,937,591,591,591,0.00,0.00,0.00,0.00,0.00,0.00,0.00,0.00,0.00,0.00,0.00,0.00,0.00,0.00,0.00,0.00,0.00,0.00,0.00,0.00,0.00,500578,3658884,8809336,537270,3715679,8927318,0,0,0,0,0,0,0,245664,0,136.17,136.34,136.41
98,0,0,0,1,95776,95904,96020,801,1218,1503,591,591,591,0.00,0.00,0.00,0.00,0.00,0.00,0.00,0.00,0.00,0.00,0.00,0.00,0.00,0.00,0.00,0.00,0.00,0.00,0.00,0.00,0.00,306656,2319199,5019141,1647739,3485276,5543333,0,0,0,0,0,0,0,87897,0,145.88,145.97,146.10
98,1,0,0,1,95777,95913,96031,1248,1365,1502,591,591,591,0.00,0.00,0.00,0.00,0.00,0.00,0.00,0.00,0.00,0.00,0.00,0.00,0.00,0.00,0.00,0.00,0.00,0.00,0.00,0.00,0.00,875311,2702846,5003489,2028416,3347569,5383534,0,0,0,0,0,0,0,75443,0,125.07,125.12,125.18
98,2,0,0,1,95776,95900,96030,1249,1383,1503,591,591,591,0.00,0.00,0.00,0.00,0.00,0.00,0.00,0.00,0.00,0.00,0.00,0.00,0.00,0.00,0.00,0.00,0.00,0.00,0.00,0.00,0.00,1758595,2702280,4020569,332871,2691571,4219763,0,0,0,0,0,0,0,89254,0,148.04,148.18,148.35
98,3,0,0,1,95776,95903,96030,1249,1360,1503,591,591,591,0.00,0.00,0.00,0.00,0.00,0.00,0.00,0.00,0.00,0.00,0.00,0.00,0.00,0.00,0.00,0.00,0.00,0.00,0.00,0.00,0.00,1559416,2730991,5061062,2395541,3407176,5483035,0,0,0,0,0,0,0,82000,0,136.28,136.32,136.35
99,0,0,0,0,95776,95776,95776,1503,1503,1503,591,591,591,0.00,0.00,0.00,0.00,0.00,0.00,0.00,0.00,0.00,0.00,0.00,0.00,0.00,0.00,0.00,0.00,0.00,0.00,0.00,0.00,0.00,157257,491693,1187298,170362,484354,1200403,0,0,0,0,0,0,0,131544,0,145.89,146.03,146.18
99,1,0,0,0,95777,95777,95777,1502,1502,1502,591,591,591,0.00,0.00,0.00,0.00,0.00,0.00,0.00,0.00,0.00,0.00,0.00,0.00,0.00,0.00,0.00,0.00,0.00,0.00,0.00,0.00,0.00,424595,808824,1839917,442939,851807,1850400,0,0,0,0,0,0,0,113142,0,125.07,125.17,125.23
99,2,0,0,0,95776,95776,95776,1503,1503,1503,591,591,591,0.00,0.00,0.00,0.00,0.00,0.00,0.00,0.00,0.00,0.00,0.00,0.00,0.00,0.00,0.00,0.00,0.00,0.00,0.00,0.00,0.00,293548,304030,319765,304031,316609,338107,0,0,0,0,0,0,0,118788,0,148.21,148.37,148.53
99,3,0,0,0,95776,95776,95776,1503,1503,1503,591,591,591,0.00,0.00,0.00,0.00,0.00,0.00,0.00,0.00,0.00,0.00,0.00,0.00,0.00,0.00,0.00,0.00,0.00,0.00,0.00,0.00,0.00,304032,346488,471777,327601,364835,484882,0,0,0,0,0,0,0,109300,0,136.17,136.29,136.40
100,0,0,0,0,95776,95776,95776,1503,1503,1503,591,591,591,0.00,0.00,0.00,0.00,0.00,0.00,0.00,0.00,0.00,0.00,0.00,0.00,0.00,0.00,0.00,0.00,0.00,0.00,0.00,0.00,0.00,306638,364441,458670,319742,371651,471775,0,0,0,0,0,0,0,116889,0,145.58,145.62,145.75
100,1,0,0,0,95777,95777,95777,1502,1502,1502,591,591,591,0.00,0.00,0.00,0.00,0.00,0.00,0.00,0.00,0.00,0.00,0.00,0.00,0.00,0.00,0.00,0.00,0.00,0.00,0.00,0.00,0.00,417005,573537,1030031,429876,586626,1045757,0,0,0,0,0,0,0,100444,0,124.99,125.04,125.15
100,2,0,0,0,95776,95776,95776,1503,1503,1503,591,591,591,0.00,0.00,0.00,0.00,0.00,0.00,0.00,0.00,0.00,0.00,0.00,0.00,0.00,0.00,0.00,0.00,0.00,0.00,0.00,0.00,0.00,290927,498508,754852,261565,503643,767957,0,0,0,0,0,0,0,118467,0,147.94,148.02,148.10
100,3,0,0,0,95776,95776,95776,1503,1503,1503,591,591,591,0.00,0.00,0.00,0.00,0.00,0.00,0.00,0.00,0.00,0.00,0.00,0.00,0.00,0.00,0.00,0.00,0.00,0.00,0.00,0.00,0.00,296168,327929,424595,311894,341526,437700,0,0,0,0,0,0,0,109086,0,136.11,136.15,136.18
101,0,0,0,0,95776,95776,95776,1503,1503,1503,591,591,591,0.00,0.00,0.00,0.00,0.00,0.00,0.00,0.00,0.00,0.00,0.00,0.00,0.00,0.00,0.00,0.00,0.00,0.00,0.00,0.00,0.00,293549,321334,374814,317138,365960,461643,0,0,0,0,0,0,0,116985,0,145.60,145.64,145.66
101,1,0,0,0,95777,95777,95777,1502,1502,1502,591,591,591,0.00,0.00,0.00,0.00,0.00,0.00,0.00,0.00,0.00,0.00,0.00,0.00,0.00,0.00,0.00,0.00,0.00,0.00,0.00,0.00,0.00,424593,518950,893750,435079,532055,906855,0,0,0,0,0,0,0,100388,0,124.97,124.99,125.00
101,2,0,0,0,95776,95776,95776,1503,1503,1503,591,591,591,0.00,0.00,0.00,0.00,0.00,0.00,0.00,0.00,0.00,0.00,0.00,0.00,0.00,0.00,0.00,0.00,0.00,0.00,0.00,0.00,0.00,249440,305694,416737,296088,331816,429842,0,0,0,0,0,0,0,118735,0,147.86,147.93,148.00
101,3,0,0,0,95776,95776,95776,1503,1503,1503,591,591,591,0.00,0.00,0.00,0.00,0.00,0.00,0.00,0.00,0.00,0.00,0.00,0.00,0.00,0.00,0.00,0.00,0.00,0.00,0.00,0.00,0.00,293548,324464,424599,306653,338104,437704,0,0,0,0,0,0,0,122722,0,136.12,136.13,136.15
102,0,0,0,0,95776,95776,95776,1503,1503,1503,591,591,591,0.00,0.00,0.00,0.00,0.00,0.00,0.00,0.00,0.00,0.00,0.00,0.00,0.00,0.00,0.00,0.00,0.00,0.00,0.00,0.00,0.00,298792,308750,327621,306654,321331,340726,0,0,0,0,0,0,0,117471,0,145.62,145.79,146.02
102,1,0,0,0,95777,95777,95777,1502,1502,1502,591,591,591,0.00,0.00,0.00,0.00,0.00,0.00,0.00,0.00,0.00,0.00,0.00,0.00,0.00,0.00,0.00,0.00,0.00,0.00,0.00,0.00,0.00,419354,532050,906852,432459,546203,919957,0,0,0,0,0,0,0,113229,0,124.97,125.07,125.21
102,2,0,0,0,95776,95776,95776,1503,1503,1503,591,591,591,0.00,0.00,0.00,0.00,0.00,0.00,0.00,0.00,0.00,0.00,0.00,0.00,0.00,0.00,0.00,0.00,0.00,0.00,0.00,0.00,0.00,290928,313465,353836,304031,322900,366941,0,0,0,0,0,0,0,118966,0,148.03,148.17,148.32
102,3,0,0,0,95776,95776,95776,1503,1503,1503,591,591,591,0.00,0.00,0.00,0.00,0.00,0.00,0.00,0.00,0.00,0.00,0.00,0.00,0.00,0.00,0.00,0.00,0.00,0.00,0.00,0.00,0.00,306654,576089,1381254,322380,590242,1394358,0,0,0,0,0,0,0,109214,0,136.06,136.12,136.19
103,0,0,0,0,95776,95776,95776,1503,1503,1503,591,591,591,0.00,0.00,0.00,0.00,0.00,0.00,0.00,0.00,0.00,0.00,0.00,0.00,0.00,0.00,0.00,0.00,0.00,0.00,0.00,0.00,0.00,309275,346836,370427,311897,350331,380910,0,0,0,0,0,0,0,132099,0,146.13,146.21,146.26
103,1,0,0,0,95777,95777,95777,1502,1502,1502,591,591,591,0.00,0.00,0.00,0.00,0.00,0.00,0.00,0.00,0.00,0.00,0.00,0.00,0.00,0.00,0.00,0.00,0.00,0.00,0.00,0.00,0.00,281575,796472,1970947,290213,809732,1984052,0,0,0,0,0,0,0,75568,0,125.31,125.36,125.39
103,2,0,0,0,95776,95776,95776,1503,1503,1503,591,591,591,0.00,0.00,0.00,0.00,0.00,0.00,0.00,0.00,0.00,0.00,0.00,0.00,0.00,0.00,0.00,0.00,0.00,0.00,0.00,0.00,0.00,290926,382662,702426,306653,420011,715531,0,0,0,0,0,0,0,104077,0,148.31,148.33,148.34
103,3,0,0,0,95776,95776,95776,1503,1503,1503,591,591,591,0.00,0.00,0.00,0.00,0.00,0.00,0.00,0.00,0.00,0.00,0.00,0.00,0.00,0.00,0.00,0.00,0.00,0.00,0.00,0.00,0.00,256852,307701,356449,265589,320456,372174,0,0,0,0,0,0,0,109179,0,136.14,136.20,136.24
104,0,0,0,0,95776,95776,95776,1503,1503,1503,591,591,591,0.00,0.00,0.00,0.00,0.00,0.00,0.00,0.00,0.00,0.00,0.00,0.00,0.00,0.00,0.00,0.00,0.00,0.00,0.00,0.00,0.00,306653,532580,1197783,319758,546209,1210888,0,0,0,0,0,0,0,117510,0,146.18,146.24,146.31
104,1,0,0,0,95777,95777,95777,1502,1502,1502,591,591,591,0.00,0.00,0.00,0.00,0.00,0.00,0.00,0.00,0.00,0.00,0.00,0.00,0.00,0.00,0.00,0.00,0.00,0.00,0.00,0.00,0.00,421970,534152,867546,435075,548305,883272,0,0,0,0,0,0,0,100813,0,125.33,125.41,125.46
104,2,0,0,0,95776,95776,95776,1503,1503,1503,591,591,591,0.00,0.00,0.00,0.00,0.00,0.00,0.00,0.00,0.00,0.00,0.00,0.00,0.00,0.00,0.00,0.00,0.00,0.00,0.00,0.00,0.00,293546,513180,998580,306651,526809,1016926,0,0,0,0,0,0,0,118980,0,148.27,148.41,148.47
104,3,0,0,0,95776,95776,95776,1503,1503,1503,591,591,591,0.00,0.00,0.00,0.00,0.00,0.00,0.00,0.00,0.00,0.00,0.00,0.00,0.00,0.00,0.00,0.00,0.00,0.00,0.00,0.00,0.00,301412,315560,330243,317137,329713,345969,0,0,0,0,0,0,0,81867,0,136.06,136.10,136.15
105,0,0,0,0,95776,95776,95776,1503,1503,1503,591,591,591,0.00,0.00,0.00,0.00,0.00,0.00,0.00,0.00,0.00,0.00,0.00,0.00,0.00,0.00,0.00,0.00,0.00,0.00,0.00,0.00,0.00,301414,328379,412662,314519,342482,428137,0,0,0,0,0,0,0,88357,0,146.24,146.38,146.55
105,1,0,0,0,95777,95777,95777,1502,1502,1502,591,591,591,0.00,0.00,0.00,0.00,0.00,0.00,0.00,0.00,0.00,0.00,0.00,0.00,0.00,0.00,0.00,0.00,0.00,0.00,0.00,0.00,0.00,421966,571353,922514,435070,585506,935618,0,0,0,0,0,0,0,100856,0,125.50,125.52,125.54
105,2,0,0,0,95776,95776,95776,1503,1503,1503,591,591,591,0.00,0.00,0.00,0.00,0.00,0.00,0.00,0.00,0.00,0.00,0.00,0.00,0.00,0.00,0.00,0.00,0.00,0.00,0.00,0.00,0.00,272582,289008,298791,286561,301724,311896,0,0,0,0,0,0,0,119011,0,148.34,148.39,148.45
105,3,0,0,0,95776,95776,95776,1503,1503,1503,591,591,591,0.00,0.00,0.00,0.00,0.00,0.00,0.00,0.00,0.00,0.00,0.00,0.00,0.00,0.00,0.00,0.00,0.00,0.00,0.00,0.00,0.00,290978,346131,442866,304085,360771,463830,0,0,0,0,0,0,0,108630,0,135.59,135.82,136.13
106,0,0,0,0,95776,95776,95776,1503,1503,1503,591,591,591,0.00,0.00,0.00,0.00,0.00,0.00,0.00,0.00,0.00,0.00,0.00,0.00,0.00,0.00,0.00,0.00,0.00,0.00,0.00,0.00,0.00,306652,370605,613312,319759,384234,626417,0,0,0,0,0,0,0,117154,0,145.88,146.20,146.50
106,1,0,0,0,95777,95777,95777,1502,1502,1502,591,591,591,0.00,0.00,0.00,0.00,0.00,0.00,0.00,0.00,0.00,0.00,0.00,0.00,0.00,0.00,0.00,0.00,0.00,0.00,0.00,0.00,0.00,414108,831896,1991934,427213,845525,2005039,0,0,0,0,0,0,0,113214,0,125.21,125.30,125.41
106,2,0,0,0,95776,95776,95776,1503,1503,1503,591,591,591,0.00,0.00,0.00,0.00,0.00,0.00,0.00,0.00,0.00,0.00,0.00,0.00,0.00,0.00,0.00,0.00,0.00,0.00,0.00,0.00,0.00,288307,306653,348588,301411,320282,364314,0,0,0,0,0,0,0,119027,0,148.45,148.47,148.52
106,3,0,0,0,95776,95776,95776,1503,1503,1503,591,591,591,0.00,0.00,0.00,0.00,0.00,0.00,0.00,0.00,0.00,0.00,0.00,0.00,0.00,0.00,0.00,0.00,0.00,0.00,0.00,0.00,0.00,304029,597046,1339303,317134,610675,1355029,0,0,0,0,0,0,0,109243,0,135.46,135.78,136.01
107,0,0,0,0,95776,95776,95776,1503,1503,1503,591,591,591,0.00,0.00,0.00,0.00,0.00,0.00,0.00,0.00,0.00,0.00,0.00,0.00,0.00,0.00,0.00,0.00,0.00,0.00,0.00,0.00,0.00,125806,317135,482252,138911,330589,494483,0,0,0,0,0,0,0,134070,0,145.98,146.92,148.32
107,1,0,0,0,95757,95773,95777,1502,1506,1522,591,591,591,0.00,0.00,0.00,0.00,0.00,0.00,0.00,0.00,0.00,0.00,0.00,0.00,0.00,0.00,0.00,0.00,0.00,0.00,0.00,0.00,0.00,411466,492658,786290,427191,506777,799395,0,0,0,0,0,0,0,101020,0,125.21,125.25,125.32
107,2,0,0,0,95636,95748,95776,1503,1531,1643,591,591,591,0.00,0.00,0.00,0.00,0.00,0.00,0.00,0.00,0.00,0.00,0.00,0.00,0.00,0.00,0.00,0.00,0.00,0.00,0.00,0.00,0.00,290911,352778,424602,304032,366931,437707,0,0,0,0,0,0,0,133739,0,148.14,148.22,148.35
107,3,0,0,0,95776,95776,95776,1503,1503,1503,591,591,591,0.00,0.00,0.00,0.00,0.00,0.00,0.00,0.00,0.00,0.00,0.00,0.00,0.00,0.00,0.00,0.00,0.00,0.00,0.00,0.00,0.00,258599,341070,526804,267335,353825,539909,0,0,0,0,0,0,0,110557,0,136.27,136.89,137.57
108,0,0,6,28,90580,90750,91434,5845,6528,6699,591,591,591,0.00,0.00,0.01,0.00,0.00,0.01,0.00,0.00,0.00,0.00,0.00,0.00,0.00,0.00,0.00,0.00,0.00,0.00,0.00,0.00,0.02,309268,584946,1404607,322375,949743,2408272,0,0,0,0,0,0,0,119110,0,149.08,149.98,150.68
108,1,0,8,35,90581,90595,90651,6628,6684,6698,591,591,591,0.00,0.00,0.01,0.00,0.00,0.01,0.00,0.00,0.00,0.00,0.00,0.00,0.00,0.00,0.00,0.00,0.00,0.00,0.00,0.00,0.01,416726,687705,1202944,429831,1052511,1837104,0,0,0,0,0,0,0,102298,0,126.14,127.73,128.42
108,2,0,8,35,90580,90590,90630,6649,6689,6699,591,591,591,0.00,0.00,0.01,0.00,0.00,0.01,0.00,0.00,0.00,0.00,0.00,0.00,0.00,0.00,0.00,0.00,0.00,0.00,0.00,0.00,0.02,298784,422323,702350,317140,787078,1506964,0,0,0,0,0,0,0,119915,0,149.27,150.80,151.27
108,3,0,7,33,90580,90714,91250,6009,6561,6699,591,591,591,0.00,0.00,0.01,0.00,0.00,0.01,0.00,0.00,0.00,0.00,0.00,0.00,0.00,0.00,0.00,0.00,0.00,0.00,0.00,0.00,0.02,304034,386306,526747,317139,751628,1396823,0,0,0,0,0,0,0,111293,0,138.24,138.79,139.14
109,0,0,0,0,90580,90580,90580,6699,6699,6699,591,591,591,0.00,0.00,0.00,0.00,0.00,0.00,0.00,0.00,0.00,0.00,0.00,0.00,0.00,0.00,0.00,0.00,0.00,0.00,0.00,0.00,0.00,304834,318869,335482,320334,332977,348587,0,0,0,0,0,0,0,117002,0,145.89,146.35,147.75
109,1,0,0,0,90581,90581,90581,6698,6698,6698,591,591,591,0.00,0.00,0.00,0.00,0.00,0.00,0.00,0.00,0.00,0.00,0.00,0.00,0.00,0.00,0.00,0.00,0.00,0.00,0.00,0.00,0.00,416724,529425,956636,429829,543054,969740,0,0,0,0,0,0,0,100627,0,125.28,126.00,127.57
109,2,0,0,0,90580,90580,90580,6699,6699,6699,591,591,591,0.00,0.00,0.00,0.00,0.00,0.00,0.00,0.00,0.00,0.00,0.00,0.00,0.00,0.00,0.00,0.00,0.00,0.00,0.00,0.00,0.00,211423,290733,351204,220160,304011,364309,0,0,0,0,0,0,0,118739,0,148.03,148.45,150.01
109,3,0,0,0,90580,90580,90580,6699,6699,6699,591,591,591,0.00,0.00,0.00,0.00,0.00,0.00,0.00,0.00,0.00,0.00,0.00,0.00,0.00,0.00,0.00,0.00,0.00,0.00,0.00,0.00,0.00,292092,317694,380919,304903,331291,397014,0,0,0,0,0,0,0,109430,0,136.11,136.44,137.50
110,0,0,0,0,90580,90580,90580,6699,6699,6699,591,591,591,0.00,0.00,0.00,0.00,0.00,0.00,0.00,0.00,0.00,0.00,0.00,0.00,0.00,0.00,0.00,0.00,0.00,0.00,0.00,0.00,0.00,298790,315819,343324,311895,328924,356428,0,0,0,0,0,0,0,116683,0,145.63,145.75,145.84
110,1,0,0,0,90581,90581,90581,6698,6698,6698,591,591,591,0.00,0.00,0.00,0.00,0.00,0.00,0.00,0.00,0.00,0.00,0.00,0.00,0.00,0.00,0.00,0.00,0.00,0.00,0.00,0.00,0.00,427186,689957,1378623,442910,701751,1394349,0,0,0,0,0,0,0,88083,0,125.27,125.31,125.34
110,2,0,0,0,90580,90580,90580,6699,6699,6699,591,591,591,0.00,0.00,0.00,0.00,0.00,0.00,0.00,0.00,0.00,0.00,0.00,0.00,0.00,0.00,0.00,0.00,0.00,0.00,0.00,0.00,0.00,298788,307959,314511,309272,322374,330237,0,0,0,0,0,0,0,89041,0,148.19,148.24,148.26
110,3,0,0,0,90580,90580,90580,6699,6699,6699,591,591,591,0.00,0.00,0.00,0.00,0.00,0.00,0.00,0.00,0.00,0.00,0.00,0.00,0.00,0.00,0.00,0.00,0.00,0.00,0.00,0.00,0.00,301406,623068,1499953,314511,636828,1515714,0,0,0,0,0,0,0,109218,0,136.19,136.20,136.22
111,0,0,0,0,90580,90580,90580,6699,6699,6699,591,591,591,0.00,0.00,0.00,0.00,0.00,0.00,0.00,0.00,0.00,0.00,0.00,0.00,0.00,0.00,0.00,0.00,0.00,0.00,0.00,0.00,0.00,301408,366404,466511,314512,380207,482236,0,0,0,0,0,0,0,131663,0,145.50,145.63,145.84
111,1,0,0,0,90581,90581,90581,6698,6698,6698,591,591,591,0.00,0.00,0.00,0.00,0.00,0.00,0.00,0.00,0.00,0.00,0.00,0.00,0.00,0.00,0.00,0.00,0.00,0.00,0.00,0.00,0.00,405237,516123,888503,420339,529628,904229,0,0,0,0,0,0,0,100593,0,125.10,125.17,125.21
111,2,0,0,0,90580,90580,90580,6699,6699,6699,591,591,591,0.00,0.00,0.00,0.00,0.00,0.00,0.00,0.00,0.00,0.00,0.00,0.00,0.00,0.00,0.00,0.00,0.00,0.00,0.00,0.00,0.00,298789,504792,801995,311894,518421,815100,0,0,0,0,0,0,0,133584,0,148.16,148.22,148.27
111,3,0,0,0,90580,90580,90580,6699,6699,6699,591,591,591,0.00,0.00,0.00,0.00,0.00,0.00,0.00,0.00,0.00,0.00,0.00,0.00,0.00,0.00,0.00,0.00,0.00,0.00,0.00,0.00,0.00,211422,325787,424589,221906,338887,435073,0,0,0,0,0,0,0,109596,0,136.02,136.05,136.11
112,0,0,1,9,89356,90335,90580,6699,6943,7923,591,591,591,0.00,0.00,0.00,0.00,0.00,0.00,0.00,0.00,0.00,0.00,0.00,0.00,0.00,0.00,0.00,0.00,0.00,0.00,0.00,0.00,0.00,159878,516835,1284268,172982,530987,1297372,0,0,0,0,0,0,0,118907,0,146.00,146.32,146.97
112,1,0,0,0,90581,90581,90581,6698,6698,6698,591,591,591,0.00,0.00,0.00,0.00,0.00,0.00,0.00,0.00,0.00,0.00,0.00,0.00,0.00,0.00,0.00,0.00,0.00,0.00,0.00,0.00,0.00,419047,631102,993606,432392,645256,1006476,0,0,0,0,0,0,0,101024,0,125.19,125.36,125.63
112,2,0,0,0,90580,90580,90580,6699,6699,6699,591,591,591,0.00,0.00,0.00,0.00,0.00,0.00,0.00,0.00,0.00,0.00,0.00,0.00,0.00,0.00,0.00,0.00,0.00,0.00,0.00,0.00,0.00,290926,323538,393149,306633,337118,403633,0,0,0,0,0,0,0,119262,0,148.19,148.42,148.59
112,3,0,0,0,90578,90579,90580,6699,6699,6701,591,591,591,0.00,0.00,0.00,0.00,0.00,0.00,0.00,0.00,0.00,0.00,0.00,0.00,0.00,0.00,0.00,0.00,0.00,0.00,0.00,0.00,0.00,296165,380033,545151,311890,393662,558256,0,0,0,0,0,0,0,83811,0,136.20,137.29,138.83
113,0,0,2,11,86990,87702,87990,9289,9577,10289,591,591,591,0.00,0.00,0.00,0.00,0.00,0.00,0.00,0.00,0.00,0.00,0.00,0.00,0.00,0.00,0.00,0.00,0.00,0.00,0.00,0.00,0.01,314521,365362,427230,332862,614880,1234511,0,0,0,0,0,0,0,88426,0,147.51,147.69,147.77
113,1,0,4,19,86991,87791,87991,9288,9488,10288,591,591,591,0.00,0.00,0.00,0.00,0.00,0.00,0.00,0.00,0.00,0.00,0.00,0.00,0.00,0.00,0.00,0.00,0.00,0.00,0.00,0.00,0.01,421972,547768,843945,437697,735934,1381096,0,0,0,0,0,0,0,101253,0,126.90,126.93,126.96
113,2,0,4,21,86990,87790,87990,9289,9489,10289,591,591,591,0.00,0.00,0.00,0.00,0.00,0.00,0.00,0.00,0.00,0.00,0.00,0.00,0.00,0.00,0.00,0.00,0.00,0.00,0.00,0.00,0.01,296169,354342,419353,309273,581830,888430,0,0,0,0,0,0,0,119424,0,149.68,149.83,150.07
113,3,0,2,10,86990,87726,87990,9289,9549,10289,591,591,591,0.00,0.00,0.00,0.00,0.00,0.00,0.00,0.00,0.00,0.00,0.00,0.00,0.00,0.00,0.00,0.00,0.00,0.00,0.00,0.00,0.01,291158,350402,411458,306617,596650,1111200,0,0,0,0,0,0,0,110261,0,138.71,139.85,140.59
114,0,0,0,2,85448,86597,86990,10289,10733,12091,591,591,591,0.00,0.00,0.00,0.00,0.00,0.00,0.00,0.00,0.00,0.00,0.00,0.00,0.00,0.00,0.00,0.00,0.00,0.00,0.00,0.00,0.00,317138,373064,566113,332864,414415,626394,0,0,0,0,0,0,0,117320,0,145.95,146.34,146.52
114,1,0,0,3,85189,86546,86991,10288,10680,11830,591,591,591,0.00,0.00,0.00,0.00,0.00,0.00,0.00,0.00,0.00,0.00,0.00,0.00,0.00,0.00,0.00,0.00,0.00,0.00,0.00,0.00,0.00,429816,824529,2060052,445541,911536,2073156,0,0,0,0,0,0,0,102594,0,125.43,125.67,125.80
114,2,0,2,6,85188,86545,86990,10289,10733,12091,591,591,591,0.00,0.00,0.00,0.00,0.00,0.00,0.00,0.00,0.00,0.00,0.00,0.00,0.00,0.00,0.00,0.00,0.00,0.00,0.00,0.00,0.00,272559,329177,442933,322380,390680,458659,0,0,0,0,0,0,0,139358,0,148.62,148.88,149.28
114,3,0,0,2,85188,86545,86990,10289,10681,11831,591,591,591,0.00,0.00,0.00,0.00,0.00,0.00,0.00,0.00,0.00,0.00,0.00,0.00,0.00,0.00,0.00,0.00,0.00,0.00,0.00,0.00,0.00,301617,562990,1333993,333647,606610,1389030,0,0,0,0,0,0,0,122459,0,135.59,136.09,136.61
115,0,0,13,66,81742,81806,81892,15387,15473,15537,591,591,591,0.00,0.02,0.11,0.00,0.01,0.04,0.00,0.00,0.00,0.00,0.00,0.00,0.00,0.00,0.00,0.00,0.00,0.00,0.00,0.01,0.05,314524,1324009,3262808,343355,2095533,4201029,0,175045,875227,0,0,0,0,133420,0,153.55,153.74,154.15
115,1,0,10,53,81603,81669,81753,15526,15610,15676,591,591,591,0.00,0.02,0.11,0.00,0.01,0.05,0.00,0.00,0.00,0.00,0.00,0.00,0.00,0.00,0.00,0.00,0.00,0.00,0.00,0.01,0.06,492701,1345466,2104341,594911,2057110,2898465,0,0,0,0,0,0,0,101741,0,129.85,133.98,135.44
115,2,0,3,14,81662,81728,81812,15467,15551,15617,591,591,591,0.00,0.02,0.11,0.00,0.01,0.05,0.00,0.00,0.00,0.00,0.00,0.00,0.00,0.00,0.00,0.00,0.00,0.00,0.00,0.01,0.06,392941,1438575,3104566,466542,2205729,3982228,0,0,0,0,0,0,0,119759,0,158.29,158.77,159.09
115,3,0,2,10,81622,81686,81772,15507,15591,15657,591,591,591,0.00,0.02,0.10,0.00,0.01,0.04,0.00,0.00,0.00,0.00,0.00,0.00,0.00,0.00,0.00,0.00,0.00,0.00,0.00,0.01,0.06,458626,1350250,2631279,613309,2123912,3545938,0,0,0,0,0,0,0,109341,0,145.62,145.96,146.19
116,0,0,0,0,81732,81738,81742,15537,15541,15547,591,591,591,0.00,0.00,0.00,0.00,0.00,0.00,0.00,0.00,0.00,0.00,0.00,0.00,0.00,0.00,0.00,0.00,0.00,0.00,0.00,0.00,0.00,411492,783631,1187309,427218,832900,1247382,0,0,0,0,0,0,0,119734,0,147.18,148.11,148.67
116,1,0,0,1,81593,81599,81603,15676,15680,15686,591,591,591,0.00,0.00,0.00,0.00,0.00,0.00,0.00,0.00,0.00,0.00,0.00,0.00,0.00,0.00,0.00,0.00,0.00,0.00,0.00,0.00,0.00,416731,585505,796736,421973,625867,938262,0,0,0,0,0,0,0,103966,0,126.50,127.40,128.16
116,2,0,0,0,81652,81658,81662,15617,15621,15627,591,591,591,0.00,0.00,0.00,0.00,0.00,0.00,0.00,0.00,0.00,0.00,0.00,0.00,0.00,0.00,0.00,0.00,0.00,0.00,0.00,0.00,0.00,293551,453011,720703,306656,495954,846499,0,0,0,0,0,0,0,119119,0,148.73,149.06,149.29
116,3,0,0,0,81612,81618,81622,15657,15661,15667,591,591,591,0.00,0.00,0.00,0.00,0.00,0.00,0.00,0.00,0.00,0.00,0.00,0.00,0.00,0.00,0.00,0.00,0.00,0.00,0.00,0.00,0.00,298786,448695,757459,311891,490628,828225,0,0,0,0,0,0,0,112331,0,136.24,137.01,138.20
117,0,0,1,3,81278,81357,81668,15611,15921,16001,591,591,591,0.00,0.03,0.13,0.00,0.01,0.06,0.00,0.01,0.06,0.00,0.00,0.00,0.00,0.00,0.01,0.00,0.00,0.00,0.00,0.01,0.05,327597,621818,1090248,345942,761147,1465021,0,0,0,0,0,0,0,132696,0,148.13,156.94,162.90
117,1,0,7,34,81139,81218,81527,15752,16060,16140,591,591,591,0.00,0.03,0.13,0.00,0.01,0.06,0.00,0.01,0.06,0.00,0.00,0.00,0.00,0.00,0.01,0.00,0.00,0.00,0.00,0.01,0.05,427169,926690,1996959,647305,1059822,2114890,0,0,0,0,0,0,0,130153,0,128.10,140.58,144.30
117,2,0,2,5,81198,81277,81586,15693,16001,16081,591,591,591,0.00,0.03,0.13,0.00,0.01,0.06,0.00,0.01,0.06,0.00,0.00,0.00,0.00,0.00,0.01,0.00,0.00,0.00,0.00,0.01,0.05,293543,408841,809971,343116,544082,912201,0,0,0,0,0,0,0,107061,0,148.59,160.14,166.41
117,3,0,3,11,81158,81250,81610,15669,16029,16121,591,591,591,0.00,0.03,0.13,0.00,0.01,0.06,0.00,0.01,0.06,0.00,0.00,0.00,0.00,0.00,0.01,0.00,0.00,0.00,0.00,0.01,0.05,149379,591218,1383820,319486,726914,1472929,0,0,0,0,0,0,0,139425,0,138.73,147.51,153.72
118,0,0,0,0,81278,81278,81278,16001,16001,16001,591,591,591,0.00,0.00,0.00,0.00,0.00,0.00,0.00,0.00,0.00,0.00,0.00,0.00,0.00,0.00,0.00,0.00,0.00,0.00,0.00,0.00,0.00,311884,338097,424577,324989,352250,440302,0,0,0,0,0,0,0,116894,0,145.55,152.01,161.69
118,1,0,0,0,81139,81139,81139,16140,16140,16140,591,591,591,0.00,0.00,0.00,0.00,0.00,0.00,0.00,0.00,0.00,0.00,0.00,0.00,0.00,0.00,0.00,0.00,0.00,0.00,0.00,0.00,0.00,421970,490639,707648,435074,507937,718132,0,0,0,0,0,0,0,75689,0,125.51,129.29,142.83
118,2,0,0,0,81198,81198,81198,16081,16081,16081,591,591,591,0.00,0.00,0.00,0.00,0.00,0.00,0.00,0.00,0.00,0.00,0.00,0.00,0.00,0.00,0.00,0.00,0.00,0.00,0.00,0.00,0.00,152015,329192,442944,170362,343869,456049,0,0,0,0,0,0,0,133861,0,148.45,155.24,166.14
118,3,0,0,0,81158,81158,81158,16121,16121,16121,591,591,591,0.00,0.00,0.00,0.00,0.00,0.00,0.00,0.00,0.00,0.00,0.00,0.00,0.00,0.00,0.00,0.00,0.00,0.00,0.00,0.00,0.00,306648,319751,356446,319753,334952,372171,0,0,0,0,0,0,0,109664,0,136.43,142.79,152.09
119,0,0,0,0,81278,81278,81278,16001,16001,16001,591,591,591,0.00,0.00,0.00,0.00,0.00,0.00,0.00,0.00,0.00,0.00,0.00,0.00,0.00,0.00,0.00,0.00,0.00,0.00,0.00,0.00,0.00,152015,298262,369551,165120,311891,382656,0,0,0,0,0,0,0,102005,0,145.37,145.47,145.53
119,1,0,0,0,81139,81139,81139,16140,16140,16140,591,591,591,0.00,0.00,0.00,0.00,0.00,0.00,0.00,0.00,0.00,0.00,0.00,0.00,0.00,0.00,0.00,0.00,0.00,0.00,0.00,0.00,0.00,411397,628355,954021,427120,641980,969746,0,0,0,0,0,0,0,100800,0,125.34,125.40,125.45
119,2,0,0,0,81198,81198,81198,16081,16081,16081,591,591,591,0.00,0.00,0.00,0.00,0.00,0.00,0.00,0.00,0.00,0.00,0.00,0.00,0.00,0.00,0.00,0.00,0.00,0.00,0.00,0.00,0.00,296168,499024,1085076,309273,512653,1098181,0,0,0,0,0,0,0,118747,0,148.11,148.25,148.40
119,3,0,0,0,81158,81158,81158,16121,16121,16121,591,591,591,0.00,0.00,0.00,0.00,0.00,0.00,0.00,0.00,0.00,0.00,0.00,0.00,0.00,0.00,0.00,0.00,0.00,0.00,0.00,0.00,0.00,290924,368494,552980,304029,381598,563464,0,0,0,0,0,0,0,81546,0,135.57,135.93,136.41
120,0,0,4,11,74428,79040,81278,16001,18258,22931,591,591,591,0.00,0.01,0.04,0.00,0.01,0.02,0.00,0.00,0.01,0.00,0.00,0.00,0.00,0.00,0.00,0.00,0.00,0.00,0.00,0.00,0.01,317088,1660838,4234918,594873,2067684,4308295,0,0,0,0,0,0,0,141822,0,145.29,147.79,153.37
120,1,0,0,3,74167,78906,81139,16140,18323,22932,591,591,591,0.00,0.02,0.05,0.00,0.01,0.02,0.00,0.00,0.01,0.00,0.00,0.00,0.00,0.00,0.00,0.00,0.00,0.00,0.00,0.00,0.01,432437,2084900,4995507,901566,2553353,5089860,0,0,0,0,0,0,0,80371,0,125.46,127.29,132.76
120,2,0,2,10,74750,79101,81198,16081,18178,22529,591,591,591,0.00,0.01,0.03,0.00,0.00,0.01,0.00,0.00,0.00,0.00,0.00,0.00,0.00,0.00,0.00,0.00,0.00,0.00,0.00,0.00,0.01,330200,1557348,3132941,421958,1831000,3282378,0,0,0,0,0,0,0,96193,0,148.14,149.24,152.10
120,3,0,2,9,73944,78859,81158,16121,18389,23215,591,591,591,0.00,0.01,0.03,0.00,0.00,0.02,0.00,0.00,0.01,0.00,0.00,0.00,0.00,0.00,0.00,0.00,0.00,0.00,0.00,0.00,0.01,322343,2067891,5843790,476973,2382715,6014201,0,0,0,0,0,0,0,90965,0,135.59,138.22,144.16
121,0,0,6,17,71932,72209,73316,23963,25069,25347,591,591,591,0.00,0.07,0.20,0.00,0.03,0.07,0.00,0.02,0.06,0.00,0.00,0.00,0.00,0.00,0.01,0.00,0.00,0.00,0.00,0.02,0.06,309263,641017,1205513,324988,1263173,2057310,0,0,0,0,0,0,0,143637,0,157.70,171.07,182.48
121,1,0,13,48,71913,72190,73297,23982,25088,25366,591,591,591,0.00,0.07,0.19,0.00,0.02,0.07,0.00,0.02,0.06,0.00,0.00,0.00,0.00,0.00,0.01,0.00,0.00,0.00,0.00,0.02,0.06,427201,780462,1692968,440306,1347067,2489658,0,0,0,0,0,0,0,128301,0,136.20,149.86,161.77
121,2,0,18,51,71912,72189,73296,23983,25089,25367,591,591,591,0.00,0.08,0.21,0.00,0.03,0.07,0.00,0.02,0.06,0.00,0.00,0.00,0.00,0.00,0.01,0.00,0.00,0.00,0.00,0.02,0.06,136288,381587,736435,149392,1104391,2285269,0,0,0,0,0,0,0,161233,0,159.79,172.29,187.82
121,3,0,19,60,71912,72189,73296,23983,25089,25367,591,591,591,0.00,0.07,0.20,0.00,0.03,0.07,0.00,0.02,0.06,0.00,0.00,0.00,0.00,0.00,0.01,0.00,0.00,0.00,0.00,0.02,0.06,311865,412504,610621,324968,1100714,2167381,0,0,0,0,0,0,0,135593,0,147.91,160.87,172.95
122,0,0,14,43,71932,71932,71932,25347,25347,25347,591,591,591,0.00,0.07,0.25,0.00,0.04,0.11,0.00,0.02,0.09,0.00,0.00,0.00,0.00,0.00,0.01,0.00,0.00,0.00,0.00,0.04,0.09,306649,456028,594957,319754,613797,859618,0,0,0,0,0,0,0,149761,0,171.66,177.99,186.14
122,1,0,8,40,71913,71913,71913,25366,25366,25366,591,591,591,0.00,0.07,0.26,0.00,0.04,0.12,0.00,0.02,0.10,0.00,0.00,0.00,0.00,0.00,0.01,0.00,0.00,0.00,0.00,0.04,0.09,416657,691830,1472570,429759,850561,1847263,0,0,0,0,0,0,0,135926,0,152.20,158.59,168.07
122,2,0,8,43,71912,71912,71912,25367,25367,25367,591,591,591,0.00,0.06,0.30,0.00,0.03,0.16,0.00,0.01,0.07,0.00,0.00,0.00,0.00,0.00,0.01,0.00,0.00,0.00,0.00,0.03,0.15,293545,509512,814995,311826,665127,1294602,0,0,0,0,0,0,0,145254,0,173.42,179.32,194.35
122,3,0,6,32,71912,71912,71912,25367,25367,25367,591,591,591,0.00,0.08,0.37,0.00,0.04,0.19,0.00,0.02,0.11,0.00,0.00,0.00,0.00,0.00,0.01,0.00,0.00,0.00,0.00,0.04,0.18,217534,559815,1077199,267331,718635,1286807,0,0,0,0,0,0,0,159032,0,162.28,168.71,178.24
123,0,0,0,0,71932,71932,71932,25347,25347,25347,591,591,591,0.00,0.00,0.00,0.00,0.00,0.00,0.00,0.00,0.00,0.00,0.00,0.00,0.00,0.00,0.00,0.00,0.00,0.00,0.00,0.00,0.00,301403,382734,600605,317128,398405,613439,0,0,0,0,0,0,0,116243,0,144.59,156.29,177.53
123,1,0,0,0,71913,71913,71913,25366,25366,25366,591,591,591,0.00,0.00,0.00,0.00,0.00,0.00,0.00,0.00,0.00,0.00,0.00,0.00,0.00,0.00,0.00,0.00,0.00,0.00,0.00,0.00,0.00,419347,621155,933034,435073,636356,946138,0,0,0,0,0,0,0,100133,0,124.65,137.21,158.94
123,2,0,0,0,71912,71912,71912,25367,25367,25367,591,591,591,0.00,0.00,0.00,0.00,0.00,0.00,0.00,0.00,0.00,0.00,0.00,0.00,0.00,0.00,0.00,0.00,0.00,0.00,0.00,0.00,0.00,288299,417596,632696,304025,433327,646273,0,0,0,0,0,0,0,118914,0,148.45,157.76,173.44
123,3,0,0,0,71912,71912,71912,25367,25367,25367,591,591,591,0.00,0.00,0.00,0.00,0.00,0.00,0.00,0.00,0.00,0.00,0.00,0.00,0.00,0.00,0.00,0.00,0.00,0.00,0.00,0.00,0.00,309273,395234,584462,322377,410435,600187,0,0,0,0,0,0,0,108233,0,134.93,147.52,169.37
124,0,0,17,31,46078,62313,71932,25347,35029,51321,591,591,591,0.00,0.10,0.19,0.00,0.04,0.08,0.00,0.03,0.07,0.00,0.00,0.00,0.00,0.01,0.01,0.00,0.00,0.00,0.00,0.03,0.06,298790,396259,610663,311895,1745381,3147436,0,0,0,0,0,0,0,208697,0,144.60,166.09,204.10
124,1,0,15,36,42373,60785,71913,25366,36258,54566,591,591,591,0.00,0.12,0.26,0.00,0.05,0.10,0.00,0.04,0.09,0.00,0.00,0.00,0.00,0.01,0.02,0.00,0.00,0.00,0.00,0.04,0.07,191308,668290,1388972,453416,2092884,4164296,0,0,0,0,0,0,0,151473,0,124.59,159.22,208.80
124,2,0,6,18,58974,66173,71912,25367,31105,38305,591,591,591,0.00,0.06,0.13,0.00,0.02,0.05,0.00,0.02,0.05,0.00,0.00,0.00,0.00,0.00,0.01,0.00,0.00,0.00,0.00,0.02,0.04,296167,380532,542521,306651,1623223,3087008,0,0,0,0,0,0,0,118595,0,148.38,160.61,179.06
124,3,0,10,27,37532,58428,71912,25367,38747,59567,591,591,591,0.00,0.13,0.28,0.00,0.05,0.10,0.00,0.04,0.10,0.00,0.00,0.00,0.00,0.01,0.02,0.00,0.00,0.00,0.00,0.04,0.08,303950,441855,602766,487499,1777374,3370252,0,0,0,0,0,0,0,149024,0,134.79,163.26,215.27
125,0,24,41,100,30900,33670,38260,59119,63629,66379,591,591,591,0.08,0.23,0.61,0.03,0.08,0.23,0.02,0.06,0.15,0.00,0.00,0.00,0.00,0.01,0.03,0.00,0.00,0.00,0.02,0.06,0.19,2620,481658,1215998,2101288,2470140,3003392,0,0,0,0,0,0,0,261669,0,218.98,234.16,264.79
125,1,18,23,31,21715,26062,33033,64146,71188,75564,591,591,591,0.10,0.17,0.25,0.04,0.07,0.12,0.02,0.04,0.09,0.00,0.00,0.00,0.00,0.01,0.02,0.00,0.00,0.00,0.02,0.05,0.10,442910,1013839,2774965,2254070,3026904,4551572,0,0,0,0,0,0,0,152014,0,208.15,226.51,236.24
125,2,0,35,100,48456,56596,58656,38623,40683,48823,591,591,591,0.00,0.26,0.63,0.00,0.11,0.28,0.00,0.06,0.15,0.00,0.00,0.00,0.00,0.01,0.02,0.00,0.00,0.00,0.00,0.10,0.26,293518,641728,1467642,1239592,2468354,3711038,0,0,0,0,0,0,0,215969,0,199.50,248.75,285.16
125,3,15,25,33,12476,18254,27252,69947,79008,84803,591,591,591,0.11,0.17,0.31,0.04,0.06,0.11,0.02,0.05,0.11,0.00,0.00,0.00,0.00,0.01,0.02,0.00,0.00,0.00,0.02,0.04,0.09,322344,529903,993217,2238066,2639052,3294302,0,0,0,0,0,0,0,166047,0,220.45,246.53,266.67
126,0,29,75,100,14738,25070,30900,66379,72208,82541,591,591,591,0.32,0.64,0.88,0.11,0.25,0.33,0.13,0.21,0.30,0.00,0.00,0.00,0.02,0.03,0.06,0.00,0.00,0.00,0.08,0.20,0.30,345905,465418,563446,904075,1435023,3115767,0,0,0,0,0,0,0,245654,0,319.79,389.28,460.60
126,1,36,77,100,21713,21714,21715,75564,75564,75566,591,591,591,0.30,0.61,0.83,0.12,0.23,0.35,0.08,0.17,0.27,0.00,0.00,0.00,0.01,0.03,0.05,0.00,0.00,0.00,0.07,0.19,0.31,458608,780945,1229068,710188,1733314,3084686,0,0,0,0,0,0,0,299839,0,299.45,360.19,405.70
126,2,25,70,99,21120,38693,45518,51761,58586,76163,591,591,591,0.10,0.48,0.69,0.04,0.19,0.29,0.02,0.15,0.22,0.00,0.00,0.00,0.00,0.02,0.04,0.00,0.00,0.00,0.02,0.14,0.21,317082,445982,770619,1149528,1672579,2961181,0,0,0,0,0,0,0,347274,0,242.44,326.72,392.17
126,3,62,87,100,12474,12474,12476,84803,84804,84805,591,591,591,0.49,0.70,0.86,0.23,0.26,0.31,0.07,0.18,0.29,0.00,0.00,0.00,0.01,0.03,0.05,0.00,0.00,0.00,0.18,0.21,0.27,327542,469015,801616,662946,1346352,2696419,0,0,0,0,0,0,0,347327,0,252.71,358.42,438.87
127,0,29,66,100,8570,9135,11398,85881,88143,88709,591,591,591,0.13,0.46,0.85,0.05,0.15,0.25,0.03,0.09,0.28,0.00,0.00,0.00,0.00,0.02,0.05,0.00,0.00,0.00,0.02,0.11,0.19,309239,505980,757365,752116,1482883,2212343,0,0,0,0,0,0,0,304022,0,306.91,331.76,365.61
127,1,37,54,67,21713,21713,21713,75566,75566,75566,591,591,591,0.26,0.40,0.52,0.10,0.16,0.22,0.07,0.12,0.15,0.00,0.00,0.00,0.01,0.02,0.02,0.00,0.00,0.00,0.06,0.12,0.18,469037,770976,1551392,948627,1800856,3000580,0,0,0,0,0,0,0,238591,0,306.29,332.52,377.44
127,2,28,61,100,13842,14886,17950,79329,82392,83437,591,591,591,0.12,0.39,0.83,0.04,0.13,0.25,0.02,0.11,0.27,0.00,0.00,0.00,0.00,0.02,0.05,0.00,0.00,0.00,0.02,0.10,0.21,317078,450712,815023,880369,1359466,1803078,0,0,0,0,0,0,0,336651,0,299.07,338.73,390.38
127,3,39,66,100,12474,12474,12474,84805,84805,84805,591,591,591,0.21,0.53,0.81,0.08,0.21,0.29,0.05,0.16,0.27,0.00,0.00,0.00,0.01,0.02,0.04,0.00,0.00,0.00,0.04,0.15,0.22,330205,428217,655173,644675,1387909,1776799,0,0,0,0,0,0,0,301874,0,360.11,385.84,435.20
128,0,32,60,95,8570,8570,8570,88709,88709,88709,591,591,591,0.35,0.50,0.82,0.13,0.19,0.28,0.10,0.18,0.29,0.00,0.00,0.00,0.01,0.02,0.05,0.00,0.00,0.00,0.09,0.15,0.23,309196,550253,1257534,416609,1152766,2200685,0,0,0,0,0,0,0,263011,0,367.20,426.03,460.93
128,1,43,66,93,21713,21713,21713,75566,75566,75566,591,591,591,0.31,0.50,0.69,0.13,0.20,0.27,0.09,0.14,0.21,0.00,0.00,0.00,0.01,0.02,0.03,0.00,0.00,0.00,0.07,0.16,0.22,448149,547186,880501,856963,1234839,1755762,0,0,0,0,0,0,0,277557,0,333.18,346.87,376.81
128,2,33,66,100,13842,13842,13842,83437,83437,83437,591,591,591,0.17,0.55,0.84,0.07,0.21,0.30,0.03,0.15,0.23,0.00,0.00,0.00,0.00,0.02,0.04,0.00,0.00,0.00,0.03,0.16,0.24,311856,492690,920008,686401,1062409,1312941,0,0,0,0,0,0,0,309908,0,402.48,427.55,459.88
128,3,51,70,95,12474,12474,12474,84805,84805,84805,591,591,591,0.29,0.49,0.77,0.12,0.19,0.27,0.08,0.14,0.25,0.00,0.00,0.00,0.01,0.02,0.04,0.00,0.00,0.00,0.07,0.14,0.22,55035,461824,1256104,566076,1134564,2199493,0,0,0,0,0,0,0,296435,0,336.54,366.84,387.95
129,0,30,68,97,4604,7372,8570,88709,89906,92675,591,591,591,0.13,0.46,0.87,0.05,0.18,0.35,0.03,0.16,0.27,0.00,0.00,0.00,0.00,0.02,0.05,0.00,0.00,0.00,0.03,0.11,0.21,322343,436595,752137,655134,1169327,1918342,0,0,0,0,0,0,0,266608,0,344.03,373.73,410.11
129,1,33,70,95,21713,21713,21713,75566,75566,75566,591,591,591,0.28,0.51,0.70,0.11,0.21,0.32,0.09,0.15,0.21,0.00,0.00,0.00,0.01,0.02,0.04,0.00,0.00,0.00,0.07,0.16,0.25,303549,510519,760789,1058630,1275380,1646120,0,0,0,0,0,0,0,311831,0,329.78,344.99,353.90
129,2,31,68,97,13768,13812,13842,83437,83466,83511,591,591,591,0.15,0.51,0.76,0.05,0.20,0.30,0.03,0.15,0.24,0.00,0.00,0.00,0.00,0.02,0.04,0.00,0.00,0.00,0.03,0.14,0.24,343790,493292,699695,783566,1187039,1674495,0,0,0,0,0,0,0,298437,0,393.15,407.12,417.92
129,3,38,71,100,12474,12474,12474,84805,84805,84805,591,591,591,0.17,0.54,0.82,0.06,0.21,0.29,0.04,0.16,0.27,0.00,0.00,0.00,0.00,0.03,0.04,0.00,0.00,0.00,0.03,0.15,0.21,322341,437628,778349,746686,1153568,1881666,0,0,0,0,0,0,0,295503,0,350.48,377.59,390.97
130,0,72,89,100,4604,4604,4604,92675,92675,92675,591,591,591,0.65,0.80,0.86,0.25,0.28,0.34,0.02,0.19,0.29,0.00,0.00,0.00,0.03,0.04,0.05,0.00,0.00,0.00,0.18,0.23,0.28,334259,583279,1014196,676541,986616,1352261,0,0,0,0,0,0,0,415059,0,350.36,414.41,507.23
130,1,27,63,100,17785,18952,21713,75566,78326,79494,591,591,591,0.12,0.48,0.83,0.05,0.17,0.25,0.02,0.14,0.28,0.00,0.00,0.00,0.00,0.03,0.05,0.00,0.00,0.00,0.03,0.12,0.20,458590,527754,702339,621053,1231598,1784676,0,0,0,0,0,0,0,308818,0,335.64,357.92,409.68
130,2,32,73,100,13768,13768,13768,83511,83511,83511,591,591,591,0.24,0.58,0.82,0.09,0.22,0.30,0.07,0.17,0.28,0.00,0.00,0.00,0.01,0.03,0.05,0.00,0.00,0.00,0.05,0.18,0.28,227126,393928,710186,570882,964331,1270998,0,0,0,0,0,0,0,219614,0,394.76,412.53,430.94
130,3,42,61,87,12474,12474,12474,84805,84805,84805,591,591,591,0.22,0.46,0.79,0.09,0.18,0.31,0.04,0.13,0.20,0.00,0.00,0.00,0.01,0.02,0.03,0.00,0.00,0.00,0.05,0.14,0.25,322345,523546,806822,948666,1296021,1893936,0,0,0,0,0,0,0,193004,0,354.31,384.33,414.10
131,0,35,64,96,4604,4604,4604,92675,92675,92675,591,591,591,0.16,0.52,0.75,0.06,0.17,0.26,0.03,0.15,0.25,0.00,0.00,0.00,0.00,0.02,0.05,0.00,0.00,0.00,0.03,0.11,0.20,351193,799262,1527759,712870,1568395,2610032,0,0,0,0,0,0,0,321771,0,375.44,417.92,489.32
131,1,32,58,100,17785,17785,17785,79494,79494,79494,591,591,591,0.16,0.53,0.84,0.06,0.20,0.30,0.03,0.15,0.25,0.00,0.00,0.00,0.00,0.02,0.04,0.00,0.00,0.00,0.03,0.15,0.23,461256,1111133,1939182,1071897,1682447,2159305,0,0,0,0,0,0,0,190978,0,378.99,407.13,444.76
131,2,37,79,100,10028,12663,13768,83511,84616,87251,591,591,591,0.20,0.65,0.91,0.07,0.25,0.32,0.06,0.21,0.32,0.00,0.00,0.00,0.01,0.03,0.07,0.00,0.00,0.00,0.04,0.16,0.24,330144,554899,961772,505790,990562,1876374,0,0,0,0,0,0,0,383892,0,411.33,429.31,447.33
131,3,34,76,100,12474,12474,12474,84805,84805,84805,591,591,591,0.30,0.55,0.78,0.11,0.21,0.28,0.09,0.16,0.25,0.00,0.00,0.00,0.01,0.02,0.03,0.00,0.00,0.00,0.07,0.17,0.23,10482,628880,1818615,805663,1315777,2730543,0,0,0,0,0,0,0,368505,0,355.77,375.02,392.55
132,0,37,74,100,4604,4604,4604,92675,92675,92675,591,591,591,0.16,0.59,0.89,0.06,0.22,0.35,0.09,0.22,0.29,0.00,0.00,0.00,0.00,0.03,0.06,0.00,0.00,0.00,0.03,0.15,0.24,281274,483938,880528,770447,1091724,1464697,0,0,0,0,0,0,0,203269,0,387.99,431.22,492.35
132,1,38,67,100,17785,17785,17785,79494,79494,79494,591,591,591,0.35,0.52,0.78,0.14,0.20,0.30,0.09,0.14,0.20,0.00,0.00,0.00,0.01,0.02,0.03,0.00,0.00,0.00,0.10,0.16,0.26,471694,697460,1024723,1056071,1505709,1860751,0,0,0,0,0,0,0,255353,0,333.57,354.95,380.65
132,2,28,62,100,4584,4984,6588,90691,92294,92695,591,591,591,0.12,0.49,0.85,0.05,0.16,0.25,0.03,0.14,0.29,0.00,0.00,0.00,0.00,0.03,0.05,0.00,0.00,0.00,0.02,0.12,0.19,309235,394126,516174,482223,1111643,1635306,0,0,0,0,0,0,0,356541,0,314.23,344.47,386.72
132,3,36,69,96,12474,12474,12474,84805,84805,84805,591,591,591,0.16,0.50,0.73,0.06,0.20,0.32,0.03,0.15,0.24,0.00,0.00,0.00,0.00,0.02,0.04,0.00,0.00,0.00,0.03,0.14,0.23,343200,472398,843887,728501,1259555,1663606,0,0,0,0,0,0,0,277863,0,332.12,373.60,396.57
133,0,79,91,100,4604,4604,4604,92675,92675,92675,591,591,591,0.51,0.75,0.84,0.21,0.28,0.34,0.03,0.17,0.28,0.00,0.00,0.00,0.02,0.04,0.05,0.00,0.00,0.00,0.17,0.21,0.31,364128,452078,573948,577493,836798,1323386,0,0,0,0,0,0,0,412902,0,374.08,414.22,483.72
133,1,34,64,96,17763,17776,17785,79494,79502,79516,591,591,591,0.15,0.49,0.72,0.06,0.19,0.30,0.03,0.14,0.25,0.00,0.00,0.00,0.00,0.02,0.05,0.00,0.00,0.00,0.03,0.14,0.25,458613,952870,2025756,904079,1638956,2599677,0,0,0,0,0,0,0,314673,0,315.70,340.81,354.82
133,2,53,76,100,4584,4584,4584,92695,92695,92695,591,591,591,0.27,0.61,0.83,0.11,0.24,0.29,0.08,0.18,0.25,0.00,0.00,0.00,0.01,0.03,0.05,0.00,0.00,0.00,0.06,0.18,0.23,353794,548192,748627,723312,1053677,1568553,0,0,0,0,0,0,0,336338,0,412.85,446.38,481.25
133,3,37,84,100,12474,12474,12474,84805,84805,84805,591,591,591,0.30,0.71,0.83,0.14,0.26,0.34,0.04,0.21,0.28,0.00,0.00,0.00,0.01,0.04,0.05,0.00,0.00,0.00,0.10,0.20,0.26,390418,554477,728531,618225,998370,1532851,0,0,0,0,0,0,0,404355,0,353.50,403.37,481.68
134,0,36,70,100,4604,4604,4604,92675,92675,92675,591,591,591,0.15,0.52,0.82,0.06,0.19,0.28,0.03,0.17,0.27,0.00,0.00,0.00,0.00,0.02,0.04,0.00,0.00,0.00,0.03,0.15,0.21,319704,605857,1176483,547689,1234281,1955030,0,0,0,0,0,0,0,364283,0,398.13,407.74,433.10
134,1,60,79,100,17763,17763,17763,79516,79516,79516,591,591,591,0.38,0.61,0.85,0.16,0.23,0.31,0.09,0.18,0.27,0.00,0.00,0.00,0.01,0.03,0.05,0.00,0.00,0.00,0.12,0.17,0.25,466488,819181,1582915,615864,1313958,2083473,0,0,0,0,0,0,0,279657,0,363.71,392.65,419.44
134,2,35,67,100,4584,4584,4584,92695,92695,92695,591,591,591,0.15,0.51,0.82,0.05,0.19,0.28,0.03,0.14,0.27,0.00,0.00,0.00,0.00,0.02,0.04,0.00,0.00,0.00,0.02,0.15,0.23,314469,602200,911877,888399,1218566,1538339,0,0,0,0,0,0,0,368809,0,363.80,384.59,403.50
134,3,39,83,100,12474,12474,12474,84805,84805,84805,591,591,591,0.17,0.56,0.84,0.06,0.19,0.28,0.04,0.16,0.28,0.00,0.00,0.00,0.00,0.03,0.05,0.00,0.00,0.00,0.03,0.14,0.22,141493,579249,1265779,927636,1232585,1597969,0,0,0,0,0,0,0,358116,0,373.89,401.29,452.83
135,0,34,68,91,4604,4604,4604,92675,92675,92675,591,591,591,0.27,0.49,0.72,0.11,0.19,0.26,0.08,0.14,0.22,0.00,0.00,0.00,0.01,0.02,0.03,0.00,0.00,0.00,0.06,0.15,0.22,221888,460529,1019503,883061,1188005,1858169,0,0,0,0,0,0,0,321467,0,359.32,396.88,425.04
135,1,29,55,91,17687,17747,17763,79516,79531,79592,591,591,591,0.15,0.46,0.73,0.06,0.18,0.32,0.03,0.13,0.25,0.00,0.00,0.00,0.00,0.02,0.04,0.00,0.00,0.00,0.03,0.12,0.22,440864,812622,1613743,832935,1533276,2159417,0,0,0,0,0,0,0,294921,0,336.96,359.10,389.33
135,2,35,73,100,4584,4584,4584,92695,92695,92695,591,591,591,0.28,0.47,0.80,0.11,0.18,0.27,0.05,0.14,0.27,0.00,0.00,0.00,0.01,0.02,0.04,0.00,0.00,0.00,0.06,0.13,0.22,332818,486912,644679,959117,1231699,1470180,0,0,0,0,0,0,0,318977,0,351.15,398.21,447.53
135,3,35,69,100,12474,12474,12474,84805,84805,84805,591,591,591,0.16,0.53,0.87,0.06,0.21,0.35,0.03,0.15,0.31,0.00,0.00,0.00,0.00,0.03,0.06,0.00,0.00,0.00,0.03,0.15,0.30,335381,518359,862207,694344,1197103,1920966,0,0,0,0,0,0,0,270643,0,362.40,413.39,471.61
136,0,36,66,87,4604,4604,4604,92675,92675,92675,591,591,591,0.16,0.48,0.76,0.06,0.19,0.33,0.03,0.15,0.25,0.00,0.00,0.00,0.00,0.02,0.04,0.00,0.00,0.00,0.03,0.13,0.22,327586,389364,484816,809819,1122113,1381105,0,0,0,0,0,0,0,300405,0,346.97,387.91,433.45
136,1,57,85,100,17687,17687,17687,79592,79592,79592,591,591,591,0.52,0.67,0.82,0.22,0.25,0.30,0.16,0.19,0.27,0.00,0.00,0.00,0.02,0.03,0.04,0.00,0.00,0.00,0.14,0.20,0.28,461209,849095,1923657,623562,1303777,2445193,0,0,0,0,0,0,0,293209,0,347.75,371.03,386.74
136,2,35,56,79,4584,4584,4584,92695,92695,92695,591,591,591,0.15,0.41,0.72,0.06,0.17,0.31,0.03,0.12,0.19,0.00,0.00,0.00,0.00,0.02,0.03,0.00,0.00,0.00,0.03,0.13,0.28,213132,305514,345921,775656,1039496,1344376,0,0,0,0,0,0,0,198885,0,364.47,388.54,419.39
136,3,86,95,100,11734,12289,12474,84805,84985,85525,591,591,591,0.77,0.84,0.92,0.25,0.31,0.37,0.21,0.26,0.33,0.00,0.00,0.00,0.03,0.05,0.07,0.00,0.00,0.00,0.17,0.22,0.27,353786,613218,1011559,597505,836627,1181899,0,0,0,0,0,0,0,281048,0,374.90,429.35,488.09
137,0,38,73,100,4604,4604,4604,92675,92675,92675,591,591,591,0.23,0.51,0.82,0.09,0.19,0.32,0.06,0.15,0.27,0.00,0.00,0.00,0.01,0.02,0.05,0.00,0.00,0.00,0.05,0.15,0.31,340675,695037,1433508,694056,1411386,2293088,0,0,0,0,0,0,0,327483,0,380.83,401.08,430.96
137,1,32,57,100,17687,17687,17687,79592,79592,79592,591,591,591,0.16,0.44,0.72,0.06,0.17,0.29,0.03,0.13,0.23,0.00,0.00,0.00,0.00,0.02,0.03,0.00,0.00,0.00,0.03,0.12,0.22,453368,812387,1286679,1134731,1660419,2327030,0,0,0,0,0,0,0,288988,0,334.04,375.87,405.75
137,2,34,72,100,4584,4584,4584,92695,92695,92695,591,591,591,0.15,0.53,0.69,0.06,0.21,0.29,0.03,0.15,0.19,0.00,0.00,0.00,0.00,0.02,0.03,0.00,0.00,0.00,0.03,0.16,0.26,319769,543443,859583,1066773,1331084,1611035,0,0,0,0,0,0,0,311652,0,363.10,390.20,416.67
137,3,25,57,100,4600,5338,8294,88945,91932,92679,591,591,591,0.13,0.41,0.85,0.05,0.14,0.27,0.03,0.11,0.28,0.00,0.00,0.00,0.00,0.02,0.05,0.00,0.00,0.00,0.03,0.10,0.22,198977,507567,1024705,513649,1356839,1852856,0,0,0,0,0,0,0,322710,0,313.31,348.14,424.48
138,0,36,73,100,4604,4604,4604,92675,92675,92675,591,591,591,0.15,0.55,0.82,0.06,0.21,0.32,0.03,0.16,0.27,0.00,0.00,0.00,0.00,0.03,0.05,0.00,0.00,0.00,0.03,0.15,0.23,343301,409862,450708,670886,1105372,1585515,0,0,0,0,0,0,0,199524,0,362.74,385.71,402.94
138,1,33,77,100,17687,17687,17687,79592,79592,79592,591,591,591,0.15,0.55,0.73,0.05,0.21,0.30,0.03,0.16,0.22,0.00,0.00,0.00,0.00,0.03,0.04,0.00,0.00,0.00,0.03,0.16,0.25,500550,725483,964098,1063997,1367291,1871812,0,0,0,0,0,0,0,287193,0,373.87,386.53,396.47
138,2,33,70,100,4584,4584,4584,92695,92695,92695,591,591,591,0.20,0.49,0.80,0.07,0.19,0.29,0.04,0.14,0.24,0.00,0.00,0.00,0.01,0.02,0.04,0.00,0.00,0.00,0.05,0.15,0.24,345842,471172,773111,694396,1102187,1346991,0,0,0,0,0,0,0,280578,0,380.84,399.49,421.64
138,3,56,78,100,4600,4600,4600,92679,92679,92679,591,591,591,0.31,0.56,0.85,0.12,0.21,0.32,0.09,0.16,0.28,0.00,0.00,0.00,0.01,0.02,0.05,0.00,0.00,0.00,0.07,0.17,0.29,351164,491790,796595,707560,1077576,1635117,0,0,0,0,0,0,0,282054,0,383.50,426.30,465.46
139,0,42,69,100,4604,4604,4604,92675,92675,92675,591,591,591,0.40,0.60,0.82,0.15,0.24,0.33,0.08,0.18,0.25,0.00,0.00,0.00,0.01,0.03,0.04,0.00,0.00,0.00,0.12,0.17,0.23,338080,436061,587034,830657,980096,1362732,0,0,0,0,0,0,0,323976,0,376.24,410.29,449.27
139,1,36,62,100,17687,17687,17687,79592,79592,79592,591,591,591,0.34,0.47,0.81,0.14,0.18,0.30,0.08,0.14,0.23,0.00,0.00,0.00,0.01,0.02,0.03,0.00,0.00,0.00,0.10,0.14,0.24,466453,1042498,1679840,1077106,1743256,2272108,0,0,0,0,0,0,0,260316,0,347.22,363.07,386.74
139,2,34,72,100,4584,4584,4584,92695,92695,92695,591,591,591,0.16,0.52,0.82,0.06,0.19,0.25,0.04,0.16,0.27,0.00,0.00,0.00,0.00,0.03,0.05,0.00,0.00,0.00,0.03,0.14,0.20,230606,467515,757351,915436,1146947,1719219,0,0,0,0,0,0,0,364638,0,339.75,376.39,404.97
139,3,38,69,93,4600,4600,4600,92679,92679,92679,591,591,591,0.17,0.47,0.80,0.06,0.19,0.33,0.04,0.13,0.27,0.00,0.00,0.00,0.00,0.02,0.04,0.00,0.00,0.00,0.03,0.13,0.22,332823,497370,801937,670822,1323348,1635249,0,0,0,0,0,0,0,327832,0,327.97,360.04,382.27
140,0,37,80,100,4604,4604,4604,92675,92675,92675,591,591,591,0.16,0.59,0.83,0.06,0.21,0.33,0.03,0.16,0.28,0.00,0.00,0.00,0.00,0.03,0.05,0.00,0.00,0.00,0.03,0.16,0.27,316587,449715,668218,495205,1026430,1415204,0,0,0,0,0,0,0,410667,0,342.30,381.44,425.00
140,1,31,72,100,17687,17687,17687,79592,79592,79592,591,591,591,0.34,0.55,0.78,0.13,0.22,0.30,0.08,0.16,0.21,0.00,0.00,0.00,0.01,0.02,0.03,0.00,0.00,0.00,0.09,0.17,0.25,474335,556102,804529,919870,1193968,1519958,0,0,0,0,0,0,0,279842,0,337.61,352.05,373.25
140,2,34,66,96,4582,4583,4584,92695,92695,92697,591,591,591,0.15,0.53,0.80,0.05,0.21,0.34,0.03,0.16,0.28,0.00,0.00,0.00,0.00,0.03,0.06,0.00,0.00,0.00,0.02,0.14,0.29,343315,650437,1525183,634216,1238507,1873722,0,0,0,0,0,0,0,266916,0,372.05,428.62,486.07
140,3,63,86,100,4600,4600,4600,92679,92679,92679,591,591,591,0.33,0.65,0.84,0.13,0.23,0.33,0.10,0.20,0.28,0.00,0.00,0.00,0.01,0.03,0.05,0.00,0.00,0.00,0.08,0.19,0.26,0,435197,794057,136273,918965,1439660,0,0,0,0,0,0,0,304607,0,379.50,404.17,428.79
141,0,38,68,99,4598,4600,4604,92675,92678,92681,591,591,591,0.17,0.53,0.83,0.06,0.20,0.35,0.04,0.16,0.27,0.00,0.00,0.00,0.00,0.03,0.05,0.00,0.00,0.00,0.03,0.14,0.23,335335,759075,1577633,1019273,1451027,1892112,0,0,0,0,0,0,0,266754,0,371.23,417.83,487.80
141,1,33,75,100,17687,17687,17687,79592,79592,79592,591,591,591,0.16,0.43,0.68,0.06,0.16,0.28,0.03,0.12,0.21,0.00,0.00,0.00,0.00,0.02,0.03,0.00,0.00,0.00,0.03,0.12,0.20,306425,561378,839207,765197,1321536,1687727,0,0,0,0,0,0,0,303183,0,331.37,363.37,388.55
141,2,55,86,100,4582,4582,4582,92697,92697,92697,591,591,591,0.44,0.72,0.86,0.20,0.25,0.28,0.07,0.21,0.28,0.00,0.00,0.00,0.02,0.04,0.05,0.00,0.00,0.00,0.16,0.19,0.21,330208,565906,1293946,568651,949411,1411104,0,0,0,0,0,0,0,317636,0,355.31,407.69,486.25
141,3,38,64,85,4600,4600,4600,92679,92679,92679,591,591,591,0.19,0.48,0.77,0.07,0.18,0.33,0.04,0.14,0.26,0.00,0.00,0.00,0.00,0.02,0.04,0.00,0.00,0.00,0.04,0.13,0.22,324946,460169,639454,725915,1255242,1695328,0,0,0,0,0,0,0,204497,0,334.18,357.57,367.49
142,0,60,90,100,4598,4598,4598,92681,92681,92681,591,591,591,0.31,0.68,0.85,0.13,0.24,0.33,0.09,0.20,0.28,0.00,0.00,0.00,0.01,0.03,0.05,0.00,0.00,0.00,0.07,0.19,0.30,332827,433720,712865,466482,812409,1197654,0,0,0,0,0,0,0,349956,0,375.92,437.62,477.55
142,1,34,62,95,17687,17687,17687,79592,79592,79592,591,591,591,0.16,0.51,0.82,0.06,0.21,0.33,0.03,0.15,0.26,0.00,0.00,0.00,0.00,0.02,0.05,0.00,0.00,0.00,0.03,0.15,0.29,495277,1164205,2149039,814980,1815414,2930032,0,0,0,0,0,0,0,217531,0,369.51,385.52,403.78
142,2,33,58,90,4582,4582,4582,92697,92697,92697,591,591,591,0.21,0.42,0.57,0.08,0.17,0.24,0.06,0.12,0.18,0.00,0.00,0.00,0.01,0.02,0.02,0.00,0.00,0.00,0.05,0.12,0.21,214890,531947,995690,922456,1303693,1666471,0,0,0,0,0,0,0,345930,0,373.87,407.03,456.56
142,3,34,80,100,4600,4600,4600,92679,92679,92679,591,591,591,0.15,0.58,0.82,0.06,0.22,0.33,0.03,0.17,0.27,0.00,0.00,0.00,0.00,0.03,0.05,0.00,0.00,0.00,0.03,0.17,0.29,337967,416036,615970,526600,948696,1375865,0,0,0,0,0,0,0,348199,0,389.74,401.22,412.08
143,0,37,62,76,4598,4598,4598,92681,92681,92681,591,591,591,0.18,0.43,0.61,0.07,0.17,0.25,0.03,0.12,0.21,0.00,0.00,0.00,0.00,0.02,0.03,0.00,0.00,0.00,0.04,0.12,0.18,326025,408693,590004,894623,1224375,1517897,0,0,0,0,0,0,0,340976,0,349.65,384.27,448.30
143,1,34,78,100,17687,17687,17687,79592,79592,79592,591,591,591,0.42,0.65,0.83,0.17,0.24,0.32,0.09,0.19,0.28,0.00,0.00,0.00,0.02,0.03,0.05,0.00,0.00,0.00,0.10,0.18,0.25,489837,719626,1174288,901456,1196497,1503566,0,0,0,0,0,0,0,333985,0,361.48,389.19,427.33
143,2,34,71,100,4582,4582,4582,92697,92697,92697,591,591,591,0.19,0.48,0.76,0.08,0.19,0.30,0.03,0.14,0.23,0.00,0.00,0.00,0.00,0.02,0.04,0.00,0.00,0.00,0.04,0.14,0.27,345798,457001,602709,877594,1112623,1380923,0,0,0,0,0,0,0,320405,0,341.13,369.24,402.43
143,3,37,86,100,4600,4600,4600,92679,92679,92679,591,591,591,0.22,0.66,0.92,0.08,0.25,0.35,0.06,0.20,0.33,0.00,0.00,0.00,0.01,0.03,0.07,0.00,0.00,0.00,0.04,0.17,0.26,348538,680480,1015226,482188,1189734,1742845,0,0,0,0,0,0,0,320279,0,393.19,404.17,420.39
144,0,38,83,95,4598,4598,4598,92681,92681,92681,591,591,591,0.16,0.58,0.80,0.06,0.21,0.30,0.04,0.17,0.26,0.00,0.00,0.00,0.00,0.03,0.04,0.00,0.00,0.00,0.03,0.16,0.22,319719,557153,906740,497932,1182095,1758450,0,0,0,0,0,0,0,226768,0,353.47,389.00,419.01
144,1,34,75,100,17687,17687,17687,79592,79592,79592,591,591,591,0.26,0.52,0.78,0.10,0.20,0.29,0.05,0.15,0.24,0.00,0.00,0.00,0.01,0.02,0.03,0.00,0.00,0.00,0.07,0.16,0.24,347362,633944,812409,913563,1348338,1842334,0,0,0,0,0,0,0,307700,0,331.10,387.20,416.66
144,2,53,68,85,4582,4582,4582,92697,92697,92697,591,591,591,0.32,0.44,0.58,0.13,0.18,0.26,0.09,0.13,0.16,0.00,0.00,0.00,0.01,0.02,0.02,0.00,0.00,0.00,0.07,0.13,0.21,309240,451261,639444,906924,1241631,1446612,0,0,0,0,0,0,0,279395,0,364.03,377.31,389.60
144,3,38,84,100,4476,4476,4476,92803,92803,92803,591,591,591,0.17,0.65,0.86,0.06,0.22,0.34,0.04,0.18,0.29,0.00,0.00,0.00,0.00,0.03,0.05,0.00,0.00,0.00,0.03,0.18,0.30,276033,515761,819857,618491,1008898,1650941,0,0,0,0,0,0,0,389119,0,354.82,382.12,436.74
145,0,36,71,97,4598,4598,4598,92681,92681,92681,591,591,591,0.20,0.54,0.92,0.07,0.21,0.33,0.05,0.16,0.33,0.00,0.00,0.00,0.01,0.03,0.07,0.00,0.00,0.00,0.03,0.15,0.22,338044,534084,791447,474310,1189768,1826618,0,0,0,0,0,0,0,311144,0,371.54,406.76,447.34
145,1,32,61,100,17687,17687,17687,79592,79592,79592,591,591,591,0.23,0.44,0.65,0.09,0.18,0.27,0.06,0.13,0.18,0.00,0.00,0.00,0.01,0.02,0.02,0.00,0.00,0.00,0.05,0.14,0.25,458619,907810,2183133,1053570,1646285,2738744,0,0,0,0,0,0,0,309290,0,339.33,351.92,359.54
145,2,39,60,100,4582,4582,4582,92697,92697,92697,591,591,591,0.29,0.49,0.75,0.12,0.19,0.29,0.08,0.14,0.23,0.00,0.00,0.00,0.01,0.02,0.03,0.00,0.00,0.00,0.07,0.15,0.24,234117,418662,580471,788525,1119128,1436989,0,0,0,0,0,0,0,333469,0,372.01,386.61,408.41
145,3,34,63,97,4476,4476,4476,92803,92803,92803,591,591,591,0.15,0.50,0.85,0.06,0.20,0.35,0.03,0.15,0.30,0.00,0.00,0.00,0.00,0.03,0.06,0.00,0.00,0.00,0.03,0.13,0.23,322483,688220,1444003,822888,1429412,2560419,0,0,0,0,0,0,0,299811,0,343.20,421.75,488.65
146,0,38,83,100,4576,4576,4576,92703,92703,92703,591,591,591,0.17,0.63,0.86,0.06,0.21,0.28,0.04,0.18,0.28,0.00,0.00,0.00,0.00,0.03,0.05,0.00,0.00,0.00,0.03,0.16,0.22,362478,479745,598599,686667,1188521,1805599,0,0,0,0,0,0,0,430372,0,351.07,384.00,445.64
146,1,29,52,96,4579,7979,13507,83772,89299,92700,591,591,591,0.12,0.37,0.89,0.05,0.15,0.35,0.03,0.10,0.28,0.00,0.00,0.00,0.00,0.02,0.06,0.00,0.00,0.00,0.02,0.10,0.21,450756,520461,738986,723308,1468093,1889394,0,0,0,0,0,0,0,186204,0,293.95,333.09,389.11
146,2,36,60,83,4582,4582,4582,92697,92697,92697,591,591,591,0.27,0.40,0.52,0.10,0.16,0.22,0.07,0.12,0.14,0.00,0.00,0.00,0.01,0.02,0.02,0.00,0.00,0.00,0.06,0.12,0.20,322339,487954,759975,1218481,1509981,2025728,0,0,0,0,0,0,0,292221,0,335.01,353.25,368.43
146,3,87,96,100,4476,4476,4476,92803,92803,92803,591,591,591,0.76,0.82,0.86,0.24,0.28,0.35,0.22,0.26,0.29,0.00,0.00,0.00,0.03,0.04,0.05,0.00,0.00,0.00,0.15,0.20,0.26,338010,564448,914545,718022,967996,1438640,0,0,0,0,0,0,0,362528,0,348.42,418.62,487.19
147,0,38,66,96,4576,4576,4576,92703,92703,92703,591,591,591,0.26,0.50,0.66,0.10,0.20,0.28,0.07,0.14,0.19,0.00,0.00,0.00,0.01,0.02,0.02,0.00,0.00,0.00,0.06,0.16,0.25,242847,594715,1430900,1006332,1321333,1839728,0,0,0,0,0,0,0,295392,0,372.44,426.72,479.10
147,1,93,97,100,4579,4579,4579,92700,92700,92700,591,591,591,0.72,0.79,0.84,0.25,0.28,0.34,0.16,0.24,0.28,0.00,0.00,0.00,0.02,0.04,0.05,0.00,0.00,0.00,0.17,0.21,0.31,319847,580211,911912,701934,836924,1045554,0,0,0,0,0,0,0,382393,0,290.51,403.43,493.41
147,2,39,69,97,4582,4582,4582,92697,92697,92697,591,591,591,0.35,0.52,0.76,0.13,0.21,0.28,0.09,0.16,0.22,0.00,0.00,0.00,0.01,0.02,0.03,0.00,0.00,0.00,0.10,0.16,0.24,359026,521489,843799,1022045,1167720,1367899,0,0,0,0,0,0,0,289508,0,379.16,386.88,400.25
147,3,38,65,100,4476,4476,4476,92803,92803,92803,591,591,591,0.17,0.55,0.84,0.06,0.20,0.29,0.04,0.15,0.28,0.00,0.00,0.00,0.00,0.03,0.05,0.00,0.00,0.00,0.03,0.15,0.26,319720,457734,912003,471718,1083540,1991731,0,0,0,0,0,0,0,271640,0,377.06,396.20,432.01
148,0,35,70,97,4576,4576,4576,92703,92703,92703,591,591,591,0.16,0.51,0.65,0.06,0.20,0.27,0.04,0.15,0.21,0.00,0.00,0.00,0.00,0.02,0.03,0.00,0.00,0.00,0.03,0.15,0.20,345879,480881,796670,799292,1143234,1821335,0,0,0,0,0,0,0,282904,0,354.19,380.77,402.97
148,1,49,76,100,4579,4579,4579,92700,92700,92700,591,591,591,0.15,0.48,0.83,0.06,0.16,0.26,0.03,0.14,0.28,0.00,0.00,0.00,0.00,0.02,0.05,0.00,0.00,0.00,0.02,0.12,0.21,497810,1107438,2229958,1082083,1803226,2366219,0,0,0,0,0,0,0,285253,0,344.75,373.61,426.29
148,2,33,69,100,4582,4582,4582,92697,92697,92697,591,591,591,0.20,0.43,0.78,0.08,0.17,0.28,0.03,0.12,0.24,0.00,0.00,0.00,0.01,0.02,0.03,0.00,0.00,0.00,0.05,0.12,0.22,332808,617988,1307691,765265,1376569,2272081,0,0,0,0,0,0,0,269554,0,359.20,380.81,405.53
148,3,37,60,83,4476,4476,4476,92803,92803,92803,591,591,591,0.24,0.42,0.67,0.09,0.16,0.26,0.06,0.12,0.17,0.00,0.00,0.00,0.01,0.02,0.02,0.00,0.00,0.00,0.05,0.12,0.24,343317,579805,1265701,1064023,1406621,2025646,0,0,0,0,0,0,0,308066,0,357.37,391.93,423.54
149,0,34,68,100,4576,4576,4576,92703,92703,92703,591,591,591,0.27,0.47,0.69,0.10,0.19,0.28,0.07,0.14,0.22,0.00,0.00,0.00,0.01,0.02,0.03,0.00,0.00,0.00,0.06,0.15,0.22,343316,403030,471706,846498,1163491,1472506,0,0,0,0,0,0,0,338012,0,364.52,380.54,395.96
149,1,33,77,100,4579,4579,4579,92700,92700,92700,591,591,591,0.19,0.58,0.85,0.07,0.23,0.31,0.05,0.16,0.22,0.00,0.00,0.00,0.00,0.02,0.04,0.00,0.00,0.00,0.04,0.18,0.27,471725,844804,1477822,885827,1405592,2229835,0,0,0,0,0,0,0,288964,0,387.47,408.77,428.50
149,2,40,83,100,4582,4582,4582,92697,92697,92697,591,591,591,0.23,0.62,0.84,0.09,0.25,0.35,0.06,0.19,0.27,0.00,0.00,0.00,0.01,0.03,0.05,0.00,0.00,0.00,0.05,0.19,0.23,322341,554524,812406,862157,1143120,1598599,0,0,0,0,0,0,0,349685,0,371.03,409.15,449.96
149,3,36,79,100,4476,4476,4476,92803,92803,92803,591,591,591,0.25,0.57,0.81,0.09,0.23,0.34,0.07,0.17,0.27,0.00,0.00,0.00,0.01,0.03,0.04,0.00,0.00,0.00,0.05,0.17,0.26,345695,394738,498467,584495,1009496,1416158,0,0,0,0,0,0,0,318298,0,342.23,368.29,392.07
150,0,33,71,100,4576,4576,4576,92703,92703,92703,591,591,591,0.15,0.57,0.81,0.06,0.22,0.33,0.03,0.16,0.26,0.00,0.00,0.00,0.00,0.03,0.05,0.00,0.00,0.00,0.02,0.16,0.30,323589,580868,1067152,697111,1202525,1452265,0,0,0,0,0,0,0,388121,0,358.86,388.12,410.69
150,1,35,70,100,4579,4579,4579,92700,92700,92700,591,591,591,0.29,0.53,0.92,0.11,0.21,0.32,0.08,0.17,0.32,0.00,0.00,0.00,0.01,0.03,0.07,0.00,0.00,0.00,0.06,0.14,0.25,458621,558177,864741,644603,1188171,1747826,0,0,0,0,0,0,0,314705,0,340.21,371.17,406.45
150,2,37,68,100,4576,4578,4582,92697,92700,92703,591,591,591,0.15,0.50,0.85,0.06,0.17,0.25,0.03,0.14,0.29,0.00,0.00,0.00,0.00,0.03,0.05,0.00,0.00,0.00,0.03,0.12,0.21,382615,521514,778572,513654,1221183,1656760,0,0,0,0,0,0,0,305441,0,367.49,379.66,411.35
150,3,39,77,100,4476,4476,4476,92803,92803,92803,591,591,591,0.17,0.57,0.82,0.06,0.21,0.29,0.04,0.17,0.27,0.00,0.00,0.00,0.00,0.03,0.05,0.00,0.00,0.00,0.03,0.15,0.25,322247,476758,888404,615840,1091506,1467698,0,0,0,0,0,0,0,323049,0,376.69,381.69,385.97
151,0,35,75,100,4576,4576,4576,92703,92703,92703,591,591,591,0.21,0.57,0.82,0.09,0.21,0.33,0.04,0.17,0.27,0.00,0.00,0.00,0.01,0.03,0.05,0.00,0.00,0.00,0.05,0.15,0.21,348552,439223,587023,524134,1048793,1624813,0,0,0,0,0,0,0,246123,0,403.55,422.51,449.21
151,1,36,81,100,4477,4477,4477,92802,92802,92802,591,591,591,0.16,0.67,0.85,0.06,0.23,0.34,0.03,0.18,0.29,0.00,0.00,0.00,0.00,0.03,0.05,0.00,0.00,0.00,0.03,0.18,0.28,451223,841621,1844045,642877,1331497,1972395,0,0,0,0,0,0,0,422755,0,335.66,368.80,437.08
151,2,32,69,100,4576,4576,4576,92703,92703,92703,591,591,591,0.21,0.60,0.86,0.08,0.22,0.32,0.04,0.17,0.28,0.00,0.00,0.00,0.01,0.03,0.05,0.00,0.00,0.00,0.04,0.17,0.25,228837,361469,539839,448116,847393,1309003,0,0,0,0,0,0,0,313696,0,396.35,440.61,481.66
151,3,44,66,100,4476,4476,4476,92803,92803,92803,591,591,591,0.26,0.40,0.67,0.10,0.16,0.26,0.06,0.12,0.17,0.00,0.00,0.00,0.01,0.01,0.02,0.00,0.00,0.00,0.06,0.12,0.24,330203,370555,458619,1071776,1190811,1443996,0,0,0,0,0,0,0,315957,0,328.06,371.79,413.30
152,0,37,60,85,4576,4576,4576,92703,92703,92703,591,591,591,0.16,0.46,0.62,0.06,0.19,0.26,0.03,0.13,0.21,0.00,0.00,0.00,0.00,0.02,0.04,0.00,0.00,0.00,0.03,0.14,0.22,340678,431885,684007,880543,1165667,1687741,0,0,0,0,0,0,0,283921,0,349.32,399.25,451.86
152,1,37,65,88,4477,4477,4477,92802,92802,92802,591,591,591,0.17,0.44,0.80,0.06,0.18,0.34,0.04,0.13,0.27,0.00,0.00,0.00,0.00,0.02,0.04,0.00,0.00,0.00,0.03,0.12,0.23,461233,780421,1535686,788867,1497938,2182981,0,0,0,0,0,0,0,263249,0,319.06,398.96,443.82
152,2,34,74,100,4576,4576,4576,92703,92703,92703,591,591,591,0.25,0.47,0.72,0.10,0.19,0.29,0.07,0.14,0.23,0.00,0.00,0.00,0.01,0.02,0.03,0.00,0.00,0.00,0.05,0.14,0.23,353761,492114,665684,780895,1215857,1579757,0,0,0,0,0,0,0,319631,0,353.47,368.59,393.14
152,3,37,70,97,4474,4475,4476,92803,92803,92805,591,591,591,0.17,0.48,0.87,0.06,0.19,0.35,0.04,0.14,0.27,0.00,0.00,0.00,0.00,0.02,0.05,0.00,0.00,0.00,0.03,0.12,0.21,314442,659060,1493821,1150431,1440811,1779481,0,0,0,0,0,0,0,255719,0,340.33,364.51,398.58
154,0,35,72,100,4576,4576,4576,92703,92703,92703,591,591,591,0.33,0.56,0.81,0.13,0.22,0.30,0.10,0.16,0.27,0.00,0.00,0.00,0.01,0.02,0.04,0.00,0.00,0.00,0.05,0.17,0.31,356405,549252,945981,529853,1184984,1637923,0,0,0,0,0,0,0,808824,0,367.94,400.60,433.89
154,1,33,73,100,4477,4477,4477,92802,92802,92802,591,591,591,0.33,0.58,0.83,0.14,0.22,0.34,0.06,0.16,0.28,0.00,0.00,0.00,0.01,0.03,0.05,0.00,0.00,0.00,0.08,0.17,0.30,482771,792749,2051990,848925,1393313,2793642,0,0,0,0,0,0,0,678287,0,344.69,381.89,437.35
154,2,34,70,100,4576,4576,4576,92703,92703,92703,591,591,591,0.15,0.54,0.86,0.06,0.20,0.34,0.03,0.16,0.31,0.00,0.00,0.00,0.00,0.03,0.06,0.00,0.00,0.00,0.02,0.14,0.28,325264,450777,657831,454338,1093480,1532931,0,0,0,0,0,0,0,663776,0,368.55,394.18,427.14
154,3,36,82,100,4474,4474,4474,92805,92805,92805,591,591,591,0.16,0.66,0.90,0.06,0.23,0.35,0.03,0.20,0.32,0.00,0.00,0.00,0.00,0.04,0.06,0.00,0.00,0.00,0.03,0.17,0.29,290022,444525,940600,484923,926043,1388957,0,0,0,0,0,0,0,672410,0,359.20,405.83,500.52
155,0,35,74,100,4576,4576,4576,92703,92703,92703,591,591,591,0.16,0.57,0.81,0.06,0.21,0.30,0.03,0.17,0.27,0.00,0.00,0.00,0.00,0.03,0.04,0.00,0.00,0.00,0.03,0.18,0.36,390454,870264,1208127,864537,1512474,2248577,0,0,0,0,0,0,0,392078,0,354.36,389.88,404.70
155,1,34,68,96,4477,4477,4477,92802,92802,92802,591,591,591,0.22,0.51,0.92,0.08,0.20,0.32,0.06,0.16,0.33,0.00,0.00,0.00,0.01,0.03,0.07,0.00,0.00,0.00,0.04,0.14,0.20,487330,770451,1451846,647319,1397794,2384801,0,0,0,0,0,0,0,285958,0,344.09,361.17,393.47
155,2,32,75,100,4576,4576,4576,92703,92703,92703,591,591,591,0.38,0.62,0.90,0.14,0.25,0.35,0.11,0.18,0.28,0.00,0.00,0.00,0.01,0.03,0.06,0.00,0.00,0.00,0.10,0.18,0.25,335446,516781,890995,571307,1033042,1789852,0,0,0,0,0,0,0,353235,0,418.76,434.89,447.80
155,3,35,79,100,4474,4474,4474,92805,92805,92805,591,591,591,0.29,0.60,0.84,0.11,0.23,0.30,0.09,0.17,0.25,0.00,0.00,0.00,0.01,0.03,0.04,0.00,0.00,0.00,0.06,0.18,0.27,333453,744373,1776885,786007,1303067,2641741,0,0,0,0,0,0,0,313611,0,376.88,418.43,436.38
156,0,35,74,100,4576,4576,4576,92703,92703,92703,591,591,591,0.32,0.54,0.78,0.12,0.21,0.33,0.07,0.16,0.26,0.00,0.00,0.00,0.01,0.02,0.04,0.00,0.00,0.00,0.08,0.15,0.24,345930,890069,1497472,820220,1560801,2648493,0,0,0,0,0,0,0,270421,0,395.84,419.37,433.30
156,1,34,81,100,4475,4475,4475,92804,92804,92804,591,591,591,0.15,0.59,0.85,0.06,0.19,0.26,0.03,0.18,0.28,0.00,0.00,0.00,0.00,0.03,0.05,0.00,0.00,0.00,0.03,0.15,0.20,461244,618474,767862,621038,1161478,1698202,0,0,0,0,0,0,0,384536,0,323.15,352.33,413.65
156,2,33,66,100,4576,4576,4576,92703,92703,92703,591,591,591,0.15,0.48,0.84,0.06,0.16,0.26,0.03,0.14,0.28,0.00,0.00,0.00,0.00,0.02,0.05,0.00,0.00,0.00,0.03,0.12,0.21,332838,427156,568684,445531,1119509,1420390,0,0,0,0,0,0,0,316147,0,352.17,371.68,398.55
156,3,37,76,100,4474,4474,4474,92805,92805,92805,591,591,591,0.23,0.58,0.81,0.10,0.22,0.33,0.04,0.17,0.27,0.00,0.00,0.00,0.01,0.03,0.05,0.00,0.00,0.00,0.06,0.15,0.24,327577,574209,943131,630641,1201581,1792553,0,0,0,0,0,0,0,308932,0,372.79,393.75,422.77
157,0,36,65,100,4576,4576,4576,92703,92703,92703,591,591,591,0.16,0.49,0.82,0.06,0.18,0.28,0.03,0.13,0.25,0.00,0.00,0.00,0.00,0.02,0.04,0.00,0.00,0.00,0.03,0.15,0.22,377372,450168,516265,758226,1164673,1572380,0,0,0,0,0,0,0,339113,0,367.10,393.27,407.23
157,1,35,66,95,4475,4475,4475,92804,92804,92804,591,591,591,0.16,0.54,0.75,0.06,0.22,0.35,0.03,0.14,0.23,0.00,0.00,0.00,0.00,0.02,0.04,0.00,0.00,0.00,0.04,0.16,0.32,327646,1080881,1907520,721168,1731246,2500712,0,0,0,0,0,0,0,314485,0,357.58,425.87,499.23
157,2,70,90,100,4576,4576,4576,92703,92703,92703,591,591,591,0.31,0.67,0.84,0.12,0.25,0.33,0.08,0.19,0.28,0.00,0.00,0.00,0.01,0.03,0.05,0.00,0.00,0.00,0.08,0.19,0.27,223640,436245,678738,662988,899407,1189837,0,0,0,0,0,0,0,367134,0,416.58,447.52,487.04
157,3,37,67,96,4472,4473,4474,92805,92805,92807,591,591,591,0.17,0.52,0.82,0.06,0.20,0.35,0.03,0.15,0.27,0.00,0.00,0.00,0.00,0.03,0.05,0.00,0.00,0.00,0.03,0.13,0.23,335451,366356,382603,689128,1106943,1457059,0,0,0,0,0,0,0,255789,0,355.40,405.88,458.98
158,0,38,61,94,4576,4576,4576,92703,92703,92703,591,591,591,0.33,0.42,0.53,0.12,0.17,0.22,0.10,0.12,0.16,0.00,0.00,0.00,0.01,0.02,0.02,0.00,0.00,0.00,0.08,0.13,0.20,15723,471828,1274211,925083,1242521,1993398,0,0,0,0,0,0,0,311290,0,347.83,370.19,416.29
158,1,33,72,100,4475,4475,4475,92804,92804,92804,591,591,591,0.16,0.60,0.84,0.06,0.22,0.32,0.03,0.18,0.28,0.00,0.00,0.00,0.00,0.03,0.05,0.00,0.00,0.00,0.03,0.17,0.26,463860,840130,1577483,600135,1339605,1999368,0,0,0,0,0,0,0,298912,0,365.11,397.83,420.43
158,2,37,63,92,4576,4576,4576,92703,92703,92703,591,591,591,0.15,0.41,0.66,0.06,0.16,0.27,0.03,0.12,0.21,0.00,0.00,0.00,0.00,0.02,0.04,0.00,0.00,0.00,0.03,0.11,0.17,314455,598022,940724,974884,1375287,1842143,0,0,0,0,0,0,0,303130,0,357.78,372.81,398.01
158,3,54,86,100,4472,4472,4472,92807,92807,92807,591,591,591,0.29,0.71,0.86,0.11,0.25,0.34,0.09,0.21,0.29,0.00,0.00,0.00,0.01,0.04,0.05,0.00,0.00,0.00,0.06,0.19,0.27,331277,610823,1239567,466487,963828,1535700,0,0,0,0,0,0,0,321997,0,359.30,420.77,485.41
159,0,35,61,78,4576,4576,4576,92703,92703,92703,591,591,591,0.25,0.41,0.66,0.09,0.16,0.26,0.06,0.12,0.21,0.00,0.00,0.00,0.01,0.02,0.02,0.00,0.00,0.00,0.06,0.12,0.21,329888,396704,566051,969625,1207261,1415981,0,0,0,0,0,0,0,284597,0,320.10,340.09,352.84
159,1,37,67,100,4475,4475,4475,92804,92804,92804,591,591,591,0.23,0.45,0.67,0.09,0.18,0.28,0.06,0.13,0.18,0.00,0.00,0.00,0.01,0.02,0.03,0.00,0.00,0.00,0.05,0.14,0.26,466475,551389,854351,946052,1299330,1677254,0,0,0,0,0,0,0,264935,0,335.72,346.84,372.40
159,2,34,70,100,4576,4576,4576,92703,92703,92703,591,591,591,0.16,0.55,0.89,0.06,0.21,0.34,0.03,0.17,0.31,0.00,0.00,0.00,0.00,0.03,0.06,0.00,0.00,0.00,0.03,0.15,0.30,311848,455457,770471,665630,1046128,1378423,0,0,0,0,0,0,0,281047,0,389.08,417.41,433.79
159,3,36,70,100,4472,4472,4472,92807,92807,92807,591,591,591,0.31,0.51,0.81,0.13,0.20,0.27,0.06,0.15,0.27,0.00,0.00,0.00,0.01,0.02,0.04,0.00,0.00,0.00,0.09,0.15,0.22,234111,433560,584301,820312,1116566,1689506,0,0,0,0,0,0,0,303323,0,363.37,390.84,409.56
160,0,36,73,100,4576,4576,4576,92703,92703,92703,591,591,591,0.16,0.47,0.75,0.06,0.18,0.32,0.04,0.14,0.23,0.00,0.00,0.00,0.00,0.02,0.04,0.00,0.00,0.00,0.03,0.13,0.23,356421,692912,851644,1203784,1449378,1569572,0,0,0,0,0,0,0,287175,0,361.15,386.18,421.08
160,1,41,58,81,4475,4475,4475,92804,92804,92804,591,591,591,0.33,0.38,0.51,0.14,0.15,0.18,0.09,0.11,0.14,0.00,0.00,0.00,0.01,0.01,0.02,0.00,0.00,0.00,0.08,0.12,0.14,319112,801055,1702537,1023241,1561148,2306937,0,0,0,0,0,0,0,172854,0,295.11,312.42,321.72
160,2,86,95,100,4576,4576,4576,92703,92703,92703,591,591,591,0.57,0.75,0.83,0.23,0.27,0.36,0.13,0.22,0.28,0.00,0.00,0.00,0.02,0.04,0.05,0.00,0.00,0.00,0.19,0.21,0.28,314450,400886,563208,534574,786741,1142501,0,0,0,0,0,0,0,313088,0,383.62,408.71,458.36
160,3,37,67,100,4472,4472,4472,92807,92807,92807,591,591,591,0.24,0.45,0.68,0.10,0.18,0.29,0.04,0.13,0.21,0.00,0.00,0.00,0.01,0.02,0.03,0.00,0.00,0.00,0.06,0.13,0.21,338054,400300,500526,912027,1239555,1561899,0,0,0,0,0,0,0,206221,0,340.05,357.74,369.55
161,0,51,89,100,4576,4576,4576,92703,92703,92703,591,591,591,0.46,0.75,0.84,0.20,0.27,0.34,0.09,0.22,0.28,0.00,0.00,0.00,0.02,0.04,0.05,0.00,0.00,0.00,0.16,0.20,0.27,10482,361644,649892,356412,766264,1705967,0,0,0,0,0,0,0,403951,0,378.79,413.79,477.60
161,1,34,69,100,4475,4475,4475,92804,92804,92804,591,591,591,0.16,0.45,0.67,0.06,0.17,0.29,0.03,0.13,0.22,0.00,0.00,0.00,0.00,0.02,0.03,0.00,0.00,0.00,0.03,0.12,0.20,453380,636834,975150,1003754,1436090,1753698,0,0,0,0,0,0,0,282888,0,303.54,327.18,354.65
161,2,36,75,100,4576,4576,4576,92703,92703,92703,591,591,591,0.16,0.59,0.81,0.06,0.22,0.33,0.03,0.17,0.27,0.00,0.00,0.00,0.00,0.03,0.05,0.00,0.00,0.00,0.03,0.16,0.29,332752,527072,777580,697094,1080472,1451836,0,0,0,0,0,0,0,346947,0,389.56,422.12,484.92
161,3,41,75,100,4472,4472,4472,92807,92807,92807,591,591,591,0.38,0.57,0.79,0.16,0.22,0.31,0.13,0.17,0.26,0.00,0.00,0.00,0.02,0.02,0.04,0.00,0.00,0.00,0.10,0.18,0.28,324945,541907,1029757,817642,1165062,1928501,0,0,0,0,0,0,0,332405,0,372.84,386.99,403.57
162,0,34,73,100,4576,4576,4576,92703,92703,92703,591,591,591,0.15,0.54,0.82,0.06,0.20,0.30,0.03,0.15,0.26,0.00,0.00,0.00,0.00,0.02,0.04,0.00,0.00,0.00,0.02,0.16,0.25,369449,898821,1933866,636710,1511263,2997493,0,0,0,0,0,0,0,295906,0,398.94,411.52,449.42
162,1,41,80,100,4475,4475,4475,92804,92804,92804,591,591,591,0.35,0.61,0.81,0.15,0.24,0.32,0.11,0.18,0.27,0.00,0.00,0.00,0.02,0.03,0.04,0.00,0.00,0.00,0.09,0.19,0.29,471722,952187,2693277,673515,1495147,3369216,0,0,0,0,0,0,0,316093,0,368.37,393.57,420.27
162,2,36,61,94,4576,4576,4576,92703,92703,92703,591,591,591,0.18,0.41,0.67,0.07,0.16,0.29,0.03,0.12,0.21,0.00,0.00,0.00,0.00,0.02,0.03,0.00,0.00,0.00,0.04,0.11,0.21,324960,501580,665635,1037775,1268366,1511975,0,0,0,0,0,0,0,306842,0,361.33,403.63,445.63
162,3,39,65,95,4472,4472,4472,92807,92807,92807,591,591,591,0.21,0.44,0.81,0.08,0.18,0.33,0.05,0.13,0.26,0.00,0.00,0.00,0.01,0.02,0.05,0.00,0.00,0.00,0.04,0.12,0.20,227089,464064,909296,977494,1275888,1611759,0,0,0,0,0,0,0,267220,0,329.53,347.86,369.25
163,0,45,68,100,4576,4576,4576,92703,92703,92703,591,591,591,0.23,0.47,0.67,0.09,0.18,0.27,0.05,0.13,0.20,0.00,0.00,0.00,0.01,0.02,0.03,0.00,0.00,0.00,0.05,0.14,0.25,328714,490043,799314,1021175,1260337,1632697,0,0,0,0,0,0,0,307945,0,366.24,401.77,434.62
163,1,36,72,100,4475,4475,4475,92804,92804,92804,591,591,591,0.27,0.64,0.82,0.11,0.24,0.31,0.05,0.19,0.27,0.00,0.00,0.00,0.01,0.03,0.04,0.00,0.00,0.00,0.10,0.19,0.27,456008,886443,1707571,856913,1424674,1891770,0,0,0,0,0,0,0,348926,0,326.91,367.35,394.56
163,2,34,76,100,4576,4576,4576,92703,92703,92703,591,591,591,0.15,0.56,0.79,0.06,0.22,0.32,0.03,0.16,0.26,0.00,0.00,0.00,0.00,0.03,0.04,0.00,0.00,0.00,0.03,0.16,0.28,338062,504564,940761,704960,1103823,1368092,0,0,0,0,0,0,0,339707,0,400.55,411.48,416.78
163,3,60,86,100,4472,4472,4472,92807,92807,92807,591,591,591,0.49,0.70,0.82,0.18,0.27,0.34,0.14,0.21,0.27,0.00,0.00,0.00,0.03,0.04,0.05,0.00,0.00,0.00,0.10,0.20,0.30,353767,545613,825525,704954,1011540,1197489,0,0,0,0,0,0,0,394728,0,351.89,404.26,448.50
164,0,44,64,100,4576,4576,4576,92703,92703,92703,591,591,591,0.19,0.47,0.75,0.07,0.18,0.26,0.03,0.14,0.24,0.00,0.00,0.00,0.00,0.02,0.03,0.00,0.00,0.00,0.04,0.13,0.22,0,476983,1260655,487364,1220196,1845117,0,0,0,0,0,0,0,326795,0,362.76,386.71,412.47
164,1,35,76,100,4475,4475,4475,92804,92804,92804,591,591,591,0.26,0.58,0.82,0.11,0.23,0.33,0.04,0.18,0.27,0.00,0.00,0.00,0.01,0.03,0.05,0.00,0.00,0.00,0.07,0.16,0.25,474345,833356,1318205,778345,1425091,2400548,0,0,0,0,0,0,0,339445,0,388.14,394.70,402.54
164,2,32,68,100,4576,4576,4576,92703,92703,92703,591,591,591,0.17,0.55,0.82,0.07,0.21,0.32,0.03,0.16,0.26,0.00,0.00,0.00,0.00,0.03,0.04,0.00,0.00,0.00,0.04,0.15,0.24,311838,509065,752161,793920,1082759,1438495,0,0,0,0,0,0,0,308536,0,399.85,415.97,430.76
164,3,38,77,100,4472,4472,4472,92807,92807,92807,591,591,591,0.17,0.60,0.84,0.06,0.21,0.32,0.04,0.17,0.28,0.00,0.00,0.00,0.00,0.03,0.05,0.00,0.00,0.00,0.03,0.16,0.25,353793,712202,1168747,487448,1281264,2290326,0,0,0,0,0,0,0,366348,0,371.21,386.67,403.79
165,0,35,65,99,4576,4576,4576,92703,92703,92703,591,591,591,0.30,0.49,0.66,0.12,0.19,0.27,0.09,0.15,0.20,0.00,0.00,0.00,0.01,0.02,0.03,0.00,0.00,0.00,0.07,0.15,0.24,324936,492580,866327,1002361,1225861,1701807,0,0,0,0,0,0,0,294719,0,371.59,381.10,395.28
165,1,34,71,100,4475,4475,4475,92804,92804,92804,591,591,591,0.15,0.54,0.81,0.06,0.20,0.32,0.03,0.15,0.25,0.00,0.00,0.00,0.00,0.02,0.04,0.00,0.00,0.00,0.03,0.16,0.28,461244,643600,1061373,744243,1276702,1760640,0,0,0,0,0,0,0,386000,0,373.62,377.14,380.29
165,2,58,78,100,4576,4576,4576,92703,92703,92703,591,591,591,0.27,0.57,0.80,0.10,0.22,0.32,0.06,0.17,0.21,0.00,0.00,0.00,0.01,0.02,0.04,0.00,0.00,0.00,0.07,0.18,0.29,343269,458607,849125,757349,1069199,1381138,0,0,0,0,0,0,0,323276,0,373.77,413.21,442.20
165,3,39,53,67,4472,4472,4472,92807,92807,92807,591,591,591,0.28,0.38,0.53,0.11,0.15,0.23,0.07,0.11,0.18,0.00,0.00,0.00,0.01,0.01,0.02,0.00,0.00,0.00,0.07,0.11,0.16,221887,665460,1121667,995872,1509657,2046780,0,0,0,0,0,0,0,206339,0,322.16,377.04,418.38
166,0,43,74,100,4576,4576,4576,92703,92703,92703,591,591,591,0.41,0.52,0.73,0.16,0.20,0.29,0.12,0.14,0.19,0.00,0.00,0.00,0.02,0.02,0.03,0.00,0.00,0.00,0.11,0.16,0.27,328630,430697,649931,867505,1163207,1364505,0,0,0,0,0,0,0,324469,0,368.58,381.34,405.01
166,1,36,73,88,4475,4475,4475,92804,92804,92804,591,591,591,0.33,0.59,0.80,0.13,0.23,0.33,0.08,0.18,0.27,0.00,0.00,0.00,0.01,0.03,0.04,0.00,0.00,0.00,0.09,0.17,0.28,459064,1042357,2083367,669268,1630807,2618518,0,0,0,0,0,0,0,254742,0,399.00,404.20,410.70
166,2,36,57,100,4576,4576,4576,92703,92703,92703,591,591,591,0.24,0.45,0.78,0.09,0.17,0.28,0.05,0.13,0.24,0.00,0.00,0.00,0.01,0.02,0.03,0.00,0.00,0.00,0.06,0.13,0.23,245708,303175,335436,780899,1008123,1349606,0,0,0,0,0,0,0,273013,0,367.87,380.00,405.34
166,3,38,66,100,4472,4472,4472,92807,92807,92807,591,591,591,0.17,0.56,0.78,0.06,0.22,0.33,0.04,0.17,0.25,0.00,0.00,0.00,0.00,0.03,0.04,0.00,0.00,0.00,0.03,0.16,0.27,353793,393072,429682,851767,1044265,1535598,0,0,0,0,0,0,0,344901,0,356.34,379.30,402.36
167,0,35,73,100,4576,4576,4576,92703,92703,92703,591,591,591,0.16,0.59,0.80,0.06,0.22,0.29,0.04,0.18,0.25,0.00,0.00,0.00,0.00,0.03,0.04,0.00,0.00,0.00,0.03,0.17,0.24,335461,378909,450589,772813,1004175,1423092,0,0,0,0,0,0,0,363798,0,368.39,406.78,427.62
167,1,35,73,100,4475,4475,4475,92804,92804,92804,591,591,591,0.16,0.56,0.82,0.06,0.21,0.31,0.03,0.16,0.27,0.00,0.00,0.00,0.00,0.03,0.04,0.00,0.00,0.00,0.03,0.15,0.25,461246,873118,1564521,1171346,1487890,2020513,0,0,0,0,0,0,0,296044,0,379.32,381.12,381.84
167,2,58,76,97,4576,4576,4576,92703,92703,92703,591,591,591,0.29,0.59,0.92,0.11,0.23,0.33,0.09,0.18,0.33,0.00,0.00,0.00,0.01,0.03,0.07,0.00,0.00,0.00,0.07,0.17,0.26,317076,494239,859565,529375,1100103,1677200,0,0,0,0,0,0,0,344755,0,369.19,388.61,420.05
167,3,37,82,100,4472,4472,4472,92807,92807,92807,591,591,591,0.16,0.60,0.83,0.06,0.23,0.32,0.03,0.18,0.28,0.00,0.00,0.00,0.00,0.03,0.05,0.00,0.00,0.00,0.03,0.17,0.26,327589,512606,851736,547722,1082872,1729680,0,0,0,0,0,0,0,309934,0,395.20,401.03,409.84
168,0,41,69,100,4576,4576,4576,92703,92703,92703,591,591,591,0.25,0.45,0.71,0.09,0.18,0.27,0.06,0.13,0.23,0.00,0.00,0.00,0.01,0.02,0.03,0.00,0.00,0.00,0.05,0.15,0.23,20965,522556,1265770,524140,1284643,2248512,0,0,0,0,0,0,0,284912,0,359.70,391.04,417.90
168,1,32,72,100,4475,4475,4475,92804,92804,92804,591,591,591,0.24,0.56,0.81,0.10,0.23,0.34,0.04,0.16,0.25,0.00,0.00,0.00,0.01,0.03,0.04,0.00,0.00,0.00,0.07,0.17,0.24,511061,1028488,1593363,875357,1618547,2688801,0,0,0,0,0,0,0,353126,0,391.59,396.01,406.56
168,2,33,62,100,4572,4572,4576,92703,92706,92707,591,591,591,0.15,0.47,0.84,0.06,0.16,0.26,0.03,0.14,0.28,0.00,0.00,0.00,0.00,0.02,0.05,0.00,0.00,0.00,0.03,0.11,0.20,345925,486385,801878,691850,1177715,1572381,0,0,0,0,0,0,0,391787,0,358.07,373.69,387.94
168,3,40,77,100,4472,4472,4472,92807,92807,92807,591,591,591,0.41,0.52,0.77,0.15,0.20,0.29,0.12,0.15,0.21,0.00,0.00,0.00,0.02,0.02,0.03,0.00,0.00,0.00,0.11,0.16,0.26,322314,451415,689216,827903,1144067,1328642,0,0,0,0,0,0,0,311741,0,364.15,391.61,407.88
169,0,41,65,100,4576,4576,4576,92703,92703,92703,591,591,591,0.18,0.49,0.75,0.07,0.20,0.34,0.03,0.14,0.23,0.00,0.00,0.00,0.00,0.02,0.03,0.00,0.00,0.00,0.04,0.15,0.29,323018,497341,772213,927476,1228411,1436106,0,0,0,0,0,0,0,234512,0,328.07,355.90,404.55
169,1,34,69,100,4475,4475,4475,92804,92804,92804,591,591,591,0.16,0.52,0.83,0.06,0.18,0.26,0.03,0.16,0.27,0.00,0.00,0.00,0.00,0.03,0.05,0.00,0.00,0.00,0.03,0.13,0.21,461240,574775,738995,856077,1212673,1509581,0,0,0,0,0,0,0,275516,0,360.49,376.92,397.64
169,2,42,64,100,4572,4572,4572,92707,92707,92707,591,591,591,0.30,0.49,0.86,0.12,0.18,0.24,0.08,0.14,0.29,0.00,0.00,0.00,0.01,0.02,0.05,0.00,0.00,0.00,0.08,0.16,0.27,293508,670295,1457042,463699,1335421,2154117,0,0,0,0,0,0,0,259097,0,354.92,425.11,468.83
169,3,36,62,100,4472,4472,4472,92807,92807,92807,591,591,591,0.24,0.47,0.80,0.10,0.18,0.27,0.04,0.14,0.26,0.00,0.00,0.00,0.01,0.02,0.04,0.00,0.00,0.00,0.06,0.14,0.22,324900,597516,1394273,710203,1345451,2128101,0,0,0,0,0,0,0,309352,0,339.69,360.77,374.07
170,0,37,74,100,4576,4576,4576,92703,92703,92703,591,591,591,0.16,0.56,0.92,0.06,0.19,0.33,0.03,0.17,0.33,0.00,0.00,0.00,0.00,0.03,0.06,0.00,0.00,0.00,0.03,0.13,0.20,348553,457043,552965,673510,1090191,1530437,0,0,0,0,0,0,0,283479,0,387.65,395.57,421.14
170,1,31,77,100,4475,4475,4475,92804,92804,92804,591,591,591,0.20,0.62,0.85,0.07,0.25,0.33,0.04,0.18,0.26,0.00,0.00,0.00,0.01,0.03,0.05,0.00,0.00,0.00,0.04,0.18,0.25,463848,606423,1106078,804298,1138413,1525444,0,0,0,0,0,0,0,317376,0,382.79,415.23,426.02
170,2,35,64,97,4572,4572,4572,92707,92707,92707,591,591,591,0.16,0.46,0.92,0.06,0.18,0.32,0.03,0.14,0.33,0.00,0.00,0.00,0.00,0.02,0.07,0.00,0.00,0.00,0.03,0.12,0.25,314485,385759,534592,668240,1090202,1365390,0,0,0,0,0,0,0,293034,0,321.24,359.34,387.34
170,3,33,73,100,4472,4472,4472,92807,92807,92807,591,591,591,0.15,0.57,0.80,0.06,0.22,0.31,0.03,0.17,0.26,0.00,0.00,0.00,0.00,0.03,0.04,0.00,0.00,0.00,0.02,0.16,0.25,348408,441657,743462,657803,1040015,1722904,0,0,0,0,0,0,0,298456,0,375.61,395.33,406.19
171,0,40,68,100,4576,4576,4576,92703,92703,92703,591,591,591,0.36,0.54,0.84,0.13,0.21,0.29,0.09,0.15,0.24,0.00,0.00,0.00,0.01,0.02,0.04,0.00,0.00,0.00,0.10,0.16,0.23,23586,529351,1260484,516279,1114402,2340150,0,0,0,0,0,0,0,274943,0,398.64,420.60,450.29
171,1,36,65,100,4475,4475,4475,92804,92804,92804,591,591,591,0.20,0.49,0.82,0.08,0.17,0.26,0.03,0.14,0.27,0.00,0.00,0.00,0.01,0.02,0.04,0.00,0.00,0.00,0.04,0.13,0.21,487428,1021321,2130270,1032509,1699412,2329410,0,0,0,0,0,0,0,280801,0,325.52,361.13,382.11
171,2,71,92,100,4572,4572,4572,92707,92707,92707,591,591,591,0.34,0.72,0.85,0.17,0.23,0.25,0.04,0.22,0.28,0.00,0.00,0.00,0.01,0.04,0.05,0.00,0.00,0.00,0.14,0.18,0.19,306530,393723,568691,456002,798534,1399035,0,0,0,0,0,0,0,319264,0,344.89,373.86,415.88
171,3,42,68,92,4472,4472,4472,92807,92807,92807,591,591,591,0.37,0.43,0.53,0.13,0.18,0.24,0.10,0.12,0.13,0.00,0.00,0.00,0.01,0.02,0.02,0.00,0.00,0.00,0.09,0.14,0.21,227093,424335,788834,959263,1200701,1420428,0,0,0,0,0,0,0,209542,0,354.38,365.14,379.47
172,0,54,68,83,4576,4576,4576,92703,92703,92703,591,591,591,0.30,0.44,0.66,0.11,0.17,0.28,0.08,0.13,0.20,0.00,0.00,0.00,0.01,0.02,0.03,0.00,0.00,0.00,0.06,0.12,0.21,330209,443925,733777,969638,1239006,1493554,0,0,0,0,0,0,0,284452,0,351.18,372.38,391.92
172,1,72,88,100,4475,4475,4475,92804,92804,92804,591,591,591,0.26,0.57,0.81,0.10,0.23,0.32,0.06,0.16,0.27,0.00,0.00,0.00,0.01,0.02,0.04,0.00,0.00,0.00,0.05,0.18,0.26,412320,784434,1642794,765245,1393226,2069868,0,0,0,0,0,0,0,299559,0,371.43,391.80,403.79
172,2,34,61,86,4572,4572,4572,92707,92707,92707,591,591,591,0.15,0.47,0.69,0.05,0.20,0.29,0.03,0.13,0.24,0.00,0.00,0.00,0.00,0.02,0.04,0.00,0.00,0.00,0.02,0.14,0.23,340687,448840,791490,749512,1125351,1336955,0,0,0,0,0,0,0,303638,0,366.77,435.27,468.08
172,3,39,70,100,4472,4472,4472,92807,92807,92807,591,591,591,0.17,0.47,0.73,0.06,0.18,0.28,0.04,0.14,0.23,0.00,0.00,0.00,0.00,0.02,0.04,0.00,0.00,0.00,0.03,0.13,0.23,353794,546145,1210732,825520,1349121,2017887,0,0,0,0,0,0,0,352390,0,316.05,349.93,367.93
173,0,37,78,100,4576,4576,4576,92703,92703,92703,591,591,591,0.20,0.57,0.81,0.08,0.21,0.31,0.04,0.16,0.27,0.00,0.00,0.00,0.00,0.03,0.04,0.00,0.00,0.00,0.05,0.16,0.24,338059,401718,644672,817633,1009882,1425457,0,0,0,0,0,0,0,347285,0,343.69,391.27,410.05
173,1,34,71,100,4475,4475,4475,92804,92804,92804,591,591,591,0.16,0.53,0.89,0.06,0.19,0.35,0.03,0.16,0.29,0.00,0.00,0.00,0.00,0.03,0.06,0.00,0.00,0.00,0.03,0.13,0.21,492685,786166,1158318,723304,1435564,2088642,0,0,0,0,0,0,0,261533,0,361.15,384.82,406.70
173,2,63,86,100,4572,4572,4572,92707,92707,92707,591,591,591,0.33,0.69,0.83,0.14,0.26,0.34,0.05,0.21,0.28,0.00,0.00,0.00,0.01,0.04,0.05,0.00,0.00,0.00,0.10,0.19,0.24,366814,520419,744092,686705,975841,1448919,0,0,0,0,0,0,0,378448,0,341.92,400.37,464.12
173,3,56,70,100,4472,4472,4472,92807,92807,92807,591,591,591,0.27,0.52,0.81,0.10,0.20,0.28,0.07,0.15,0.25,0.00,0.00,0.00,0.01,0.02,0.04,0.00,0.00,0.00,0.06,0.16,0.23,338072,503156,809815,709912,1180849,1703495,0,0,0,0,0,0,0,271790,0,362.35,386.69,402.96
174,0,38,73,100,4576,4576,4576,92703,92703,92703,591,591,591,0.30,0.56,0.82,0.13,0.22,0.33,0.10,0.17,0.26,0.00,0.00,0.00,0.01,0.03,0.05,0.00,0.00,0.00,0.08,0.17,0.27,338063,374749,474348,691851,1041440,1323459,0,0,0,0,0,0,0,344353,0,376.56,409.56,441.31
174,1,34,69,100,4475,4475,4475,92804,92804,92804,591,591,591,0.16,0.57,0.88,0.06,0.22,0.35,0.03,0.17,0.28,0.00,0.00,0.00,0.00,0.03,0.06,0.00,0.00,0.00,0.02,0.16,0.31,518903,1239684,1905814,909393,1765995,2896838,0,0,0,0,0,0,0,263281,0,365.75,417.88,480.05
174,2,35,75,100,4572,4572,4572,92707,92707,92707,591,591,591,0.15,0.55,0.84,0.06,0.19,0.30,0.03,0.15,0.28,0.00,0.00,0.00,0.00,0.03,0.05,0.00,0.00,0.00,0.03,0.14,0.24,0,433362,848716,288301,1050722,1490487,0,0,0,0,0,0,0,409720,0,381.91,402.70,445.08
174,3,54,67,80,4472,4472,4472,92807,92807,92807,591,591,591,0.26,0.44,0.68,0.10,0.18,0.27,0.06,0.13,0.19,0.00,0.00,0.00,0.01,0.02,0.02,0.00,0.00,0.00,0.06,0.14,0.25,301337,386059,539861,898772,1198915,1614343,0,0,0,0,0,0,0,317835,0,319.13,337.63,349.18
175,0,35,72,100,4576,4576,4576,92703,92703,92703,591,591,591,0.17,0.53,0.82,0.06,0.20,0.28,0.04,0.15,0.26,0.00,0.00,0.00,0.00,0.02,0.04,0.00,0.00,0.00,0.03,0.16,0.24,5241,528236,1278607,710207,1180201,2381667,0,0,0,0,0,0,0,352506,0,342.50,386.28,412.27
175,1,55,82,100,4475,4475,4475,92804,92804,92804,591,591,591,0.33,0.62,0.83,0.12,0.22,0.29,0.09,0.18,0.28,0.00,0.00,0.00,0.01,0.03,0.05,0.00,0.00,0.00,0.08,0.17,0.23,463923,808102,1467501,906877,1319033,1603769,0,0,0,0,0,0,0,322193,0,352.34,378.08,416.95
175,2,35,57,95,4572,4572,4572,92707,92707,92707,591,591,591,0.15,0.47,0.77,0.06,0.19,0.33,0.03,0.14,0.26,0.00,0.00,0.00,0.00,0.02,0.04,0.00,0.00,0.00,0.03,0.13,0.22,335438,492512,741037,714940,1167667,1572396,0,0,0,0,0,0,0,277430,0,370.48,429.79,461.26
175,3,39,68,100,4472,4472,4472,92807,92807,92807,591,591,591,0.24,0.46,0.70,0.09,0.18,0.28,0.05,0.13,0.19,0.00,0.00,0.00,0.01,0.02,0.03,0.00,0.00,0.00,0.06,0.14,0.26,81240,508918,1069126,794064,1287764,1960065,0,0,0,0,0,0,0,317444,0,340.32,356.82,363.51
176,0,36,73,100,4576,4576,4576,92703,92703,92703,591,591,591,0.17,0.53,0.83,0.06,0.20,0.34,0.04,0.16,0.26,0.00,0.00,0.00,0.00,0.03,0.05,0.00,0.00,0.00,0.03,0.13,0.23,319064,673941,1355093,749317,1365106,2430971,0,0,0,0,0,0,0,234636,0,393.70,426.19,451.61
176,1,34,73,99,4475,4475,4475,92804,92804,92804,591,591,591,0.29,0.58,0.88,0.11,0.23,0.33,0.09,0.18,0.31,0.00,0.00,0.00,0.01,0.03,0.06,0.00,0.00,0.00,0.07,0.16,0.23,207025,883684,1724404,602731,1462321,1941920,0,0,0,0,0,0,0,296787,0,339.57,369.59,406.55
176,2,55,86,100,4572,4572,4572,92707,92707,92707,591,591,591,0.25,0.64,0.84,0.11,0.23,0.32,0.03,0.18,0.28,0.00,0.00,0.00,0.01,0.03,0.05,0.00,0.00,0.00,0.08,0.18,0.26,319675,452786,639388,489797,952235,1530347,0,0,0,0,0,0,0,302049,0,341.90,393.20,456.81
176,3,38,68,99,4468,4470,4472,92807,92808,92811,591,591,591,0.16,0.51,0.80,0.06,0.20,0.34,0.03,0.15,0.27,0.00,0.00,0.00,0.00,0.03,0.05,0.00,0.00,0.00,0.03,0.13,0.22,327601,453362,770484,684002,1190515,1502769,0,0,0,0,0,0,0,164450,0,353.66,374.75,401.15
177,0,39,83,100,4566,4566,4566,92713,92713,92713,591,591,591,0.20,0.69,0.86,0.09,0.24,0.35,0.03,0.19,0.28,0.00,0.00,0.00,0.00,0.03,0.05,0.00,0.00,0.00,0.05,0.19,0.31,380803,650569,1428049,529365,1131554,1711038,0,0,0,0,0,0,0,446560,0,372.57,399.45,465.88
177,1,34,68,100,4467,4468,4475,92804,92810,92812,591,591,591,0.15,0.47,0.85,0.06,0.16,0.25,0.03,0.13,0.29,0.00,0.00,0.00,0.00,0.02,0.05,0.00,0.00,0.00,0.03,0.12,0.19,443103,801571,1318843,626549,1480628,2308853,0,0,0,0,0,0,0,297763,0,327.09,346.27,364.38
177,2,34,68,100,4572,4572,4572,92707,92707,92707,591,591,591,0.15,0.48,0.78,0.06,0.19,0.33,0.03,0.14,0.25,0.00,0.00,0.00,0.00,0.02,0.03,0.00,0.00,0.00,0.03,0.13,0.23,120318,461725,825929,551895,1167562,1449272,0,0,0,0,0,0,0,323845,0,371.19,411.84,436.51
177,3,34,81,100,4468,4468,4468,92811,92811,92811,591,591,591,0.15,0.67,0.86,0.06,0.23,0.34,0.03,0.20,0.29,0.00,0.00,0.00,0.00,0.03,0.05,0.00,0.00,0.00,0.03,0.17,0.28,356394,696016,1174045,469077,1085403,1695211,0,0,0,0,0,0,0,373259,0,359.56,418.78,473.78
178,0,35,70,97,4566,4566,4566,92713,92713,92713,591,591,591,0.15,0.49,0.68,0.06,0.19,0.28,0.03,0.15,0.21,0.00,0.00,0.00,0.00,0.02,0.03,0.00,0.00,0.00,0.03,0.14,0.21,576551,935733,1192431,1221240,1629347,2103457,0,0,0,0,0,0,0,295342,0,369.84,433.58,491.34
178,1,33,68,100,4467,4467,4467,92812,92812,92812,591,591,591,0.14,0.54,0.85,0.05,0.21,0.34,0.03,0.14,0.25,0.00,0.00,0.00,0.00,0.02,0.05,0.00,0.00,0.00,0.02,0.16,0.31,458625,593163,1047544,728511,1184853,1522583,0,0,0,0,0,0,0,272126,0,372.30,432.69,488.83
178,2,51,87,100,4572,4572,4572,92707,92707,92707,591,591,591,0.50,0.70,0.81,0.19,0.26,0.33,0.12,0.21,0.27,0.00,0.00,0.00,0.02,0.04,0.04,0.00,0.00,0.00,0.12,0.20,0.29,320658,488146,676099,710173,938092,1199798,0,0,0,0,0,0,0,396391,0,395.17,420.55,467.83
178,3,35,77,100,4468,4468,4468,92811,92811,92811,591,591,591,0.30,0.61,0.82,0.12,0.24,0.33,0.09,0.18,0.28,0.00,0.00,0.00,0.01,0.03,0.05,0.00,0.00,0.00,0.07,0.18,0.24,239339,406348,702280,524100,1042429,1540823,0,0,0,0,0,0,0,330171,0,356.53,398.78,428.74
179,0,36,64,100,4566,4566,4566,92713,92713,92713,591,591,591,0.17,0.49,0.78,0.06,0.19,0.33,0.03,0.14,0.27,0.00,0.00,0.00,0.00,0.02,0.04,0.00,0.00,0.00,0.03,0.14,0.27,34069,678980,1383691,799311,1384290,2439804,0,0,0,0,0,0,0,346095,0,378.19,402.15,430.04
179,1,44,76,100,4467,4467,4467,92812,92812,92812,591,591,591,0.20,0.61,0.82,0.08,0.23,0.28,0.04,0.18,0.26,0.00,0.00,0.00,0.01,0.03,0.04,0.00,0.00,0.00,0.04,0.18,0.24,482198,907271,2046751,762609,1448176,2987576,0,0,0,0,0,0,0,347842,0,371.02,385.49,419.93
179,2,36,74,100,4572,4572,4572,92707,92707,92707,591,591,591,0.16,0.58,0.83,0.06,0.20,0.31,0.03,0.16,0.28,0.00,0.00,0.00,0.00,0.03,0.05,0.00,0.00,0.00,0.03,0.16,0.25,311776,332793,361600,497856,916654,1438732,0,0,0,0,0,0,0,363568,0,384.87,402.50,434.68
179,3,38,71,100,4468,4468,4468,92811,92811,92811,591,591,591,0.17,0.54,0.84,0.06,0.18,0.27,0.03,0.16,0.28,0.00,0.00,0.00,0.00,0.03,0.05,0.00,0.00,0.00,0.03,0.14,0.22,307001,350566,408833,516277,1000457,1414875,0,0,0,0,0,0,0,326485,0,349.05,373.28,390.45
180,0,32,81,100,4566,4566,4566,92713,92713,92713,591,591,591,0.16,0.65,0.82,0.06,0.24,0.33,0.03,0.19,0.28,0.00,0.00,0.00,0.00,0.03,0.05,0.00,0.00,0.00,0.03,0.18,0.26,338014,576704,957398,510951,1114628,2030104,0,0,0,0,0,0,0,248545,0,398.17,414.21,443.55
180,1,34,47,66,4467,4467,4467,92812,92812,92812,591,591,591,0.25,0.35,0.47,0.09,0.14,0.21,0.05,0.10,0.15,0.00,0.00,0.00,0.01,0.01,0.02,0.00,0.00,0.00,0.06,0.10,0.17,312732,661479,1157693,1119895,1466843,1628575,0,0,0,0,0,0,0,232870,0,297.62,319.48,360.85
180,2,41,59,84,4572,4572,4572,92707,92707,92707,591,591,591,0.25,0.36,0.45,0.10,0.14,0.18,0.08,0.10,0.14,0.00,0.00,0.00,0.01,0.01,0.02,0.00,0.00,0.00,0.06,0.11,0.17,231925,517053,919829,1136956,1332261,1658837,0,0,0,0,0,0,0,260915,0,328.85,392.86,449.91
180,3,37,65,100,4468,4468,4468,92811,92811,92811,591,591,591,0.26,0.47,0.65,0.10,0.19,0.27,0.06,0.13,0.18,0.00,0.00,0.00,0.01,0.02,0.02,0.00,0.00,0.00,0.07,0.15,0.24,338071,559248,1197651,914626,1297741,2269510,0,0,0,0,0,0,0,306917,0,346.50,390.74,425.78
181,0,36,85,100,4566,4566,4566,92713,92713,92713,591,591,591,0.43,0.69,0.83,0.16,0.26,0.34,0.14,0.21,0.27,0.00,0.00,0.00,0.02,0.04,0.05,0.00,0.00,0.00,0.09,0.20,0.30,332754,484173,862228,524023,941105,1596039,0,0,0,0,0,0,0,412615,0,396.99,423.82,457.66
181,1,54,73,100,4467,4467,4467,92812,92812,92812,591,591,591,0.30,0.47,0.65,0.12,0.19,0.25,0.09,0.14,0.21,0.00,0.00,0.00,0.01,0.02,0.02,0.00,0.00,0.00,0.07,0.14,0.21,461243,529376,673515,1035272,1253195,1496409,0,0,0,0,0,0,0,270014,0,319.16,339.82,361.19
181,2,31,75,100,4572,4572,4572,92707,92707,92707,591,591,591,0.15,0.60,0.89,0.05,0.24,0.34,0.03,0.19,0.30,0.00,0.00,0.00,0.00,0.03,0.06,0.00,0.00,0.00,0.03,0.16,0.24,298991,376693,492651,694429,935729,1286730,0,0,0,0,0,0,0,336308,0,325.38,370.36,429.06
181,3,38,51,72,4468,4468,4468,92811,92811,92811,591,591,591,0.26,0.36,0.44,0.10,0.14,0.17,0.07,0.10,0.14,0.00,0.00,0.00,0.01,0.01,0.01,0.00,0.00,0.00,0.06,0.10,0.14,358912,424529,545033,1014418,1296628,1585314,0,0,0,0,0,0,0,257717,0,318.72,329.61,338.83
182,0,37,80,100,4566,4566,4566,92713,92713,92713,591,591,591,0.16,0.61,0.84,0.06,0.22,0.34,0.03,0.18,0.28,0.00,0.00,0.00,0.00,0.03,0.05,0.00,0.00,0.00,0.03,0.17,0.28,133653,649390,1420376,267307,1202353,1580246,0,0,0,0,0,0,0,401613,0,385.21,402.35,444.90
182,1,40,66,100,4467,4467,4467,92812,92812,92812,591,591,591,0.23,0.48,0.74,0.09,0.19,0.29,0.06,0.14,0.22,0.00,0.00,0.00,0.01,0.02,0.03,0.00,0.00,0.00,0.05,0.15,0.23,469097,543533,752135,1179307,1261606,1349669,0,0,0,0,0,0,0,309701,0,335.46,353.99,379.74
182,2,34,71,100,4572,4572,4572,92707,92707,92707,591,591,591,0.16,0.50,0.82,0.06,0.17,0.26,0.03,0.15,0.27,0.00,0.00,0.00,0.00,0.02,0.05,0.00,0.00,0.00,0.03,0.13,0.20,314471,346962,416642,471688,977997,1454318,0,0,0,0,0,0,0,326120,0,373.17,382.01,386.18
182,3,38,76,100,4468,4468,4468,92811,92811,92811,591,591,591,0.18,0.57,0.83,0.07,0.21,0.32,0.04,0.18,0.28,0.00,0.00,0.00,0.00,0.03,0.05,0.00,0.00,0.00,0.04,0.15,0.21,316676,411287,649777,523792,1037065,1399087,0,0,0,0,0,0,0,202179,0,324.84,355.30,393.66
183,0,35,68,100,4566,4566,4566,92713,92713,92713,591,591,591,0.16,0.50,0.84,0.06,0.19,0.34,0.03,0.15,0.27,0.00,0.00,0.00,0.00,0.03,0.05,0.00,0.00,0.00,0.03,0.13,0.20,366893,390476,424555,725929,1103290,1475461,0,0,0,0,0,0,0,298373,0,400.04,430.31,483.42
183,1,34,66,100,4467,4467,4467,92812,92812,92812,591,591,591,0.26,0.50,0.78,0.10,0.20,0.30,0.05,0.15,0.24,0.00,0.00,0.00,0.01,0.02,0.03,0.00,0.00,0.00,0.06,0.14,0.23,463863,928327,1821219,932838,1623429,2877265,0,0,0,0,0,0,0,219911,0,338.24,358.09,390.26
183,2,33,61,96,4572,4572,4572,92707,92707,92707,591,591,591,0.15,0.53,0.80,0.06,0.22,0.36,0.03,0.15,0.25,0.00,0.00,0.00,0.00,0.02,0.05,0.00,0.00,0.00,0.03,0.15,0.32,327583,444839,686622,642062,1033819,1383727,0,0,0,0,0,0,0,231937,0,418.23,456.40,492.11
183,3,35,74,100,4468,4468,4468,92811,92811,92811,591,591,591,0.20,0.56,0.72,0.08,0.23,0.32,0.05,0.16,0.20,0.00,0.00,0.00,0.00,0.02,0.03,0.00,0.00,0.00,0.04,0.18,0.25,295294,360127,421912,735615,1024476,1354904,0,0,0,0,0,0,0,371716,0,397.50,411.52,427.46
184,0,38,76,100,4566,4566,4566,92713,92713,92713,591,591,591,0.39,0.60,0.81,0.15,0.24,0.29,0.12,0.18,0.26,0.00,0.00,0.00,0.02,0.03,0.04,0.00,0.00,0.00,0.10,0.18,0.25,359013,446737,548589,657771,1017694,1427380,0,0,0,0,0,0,0,295513,0,391.20,410.06,448.43
184,1,34,66,100,4467,4467,4467,92812,92812,92812,591,591,591,0.23,0.54,0.80,0.09,0.21,0.29,0.05,0.15,0.23,0.00,0.00,0.00,0.01,0.02,0.03,0.00,0.00,0.00,0.06,0.17,0.24,481504,797616,1160757,933584,1454643,1988858,0,0,0,0,0,0,0,325698,0,356.50,382.33,407.69
184,2,72,92,100,4572,4572,4572,92707,92707,92707,591,591,591,0.34,0.69,0.84,0.16,0.25,0.33,0.05,0.20,0.28,0.00,0.00,0.00,0.01,0.03,0.05,0.00,0.00,0.00,0.13,0.19,0.26,471596,591984,833354,655264,1020913,1897322,0,0,0,0,0,0,0,402462,0,373.98,408.54,484.45
184,3,40,75,100,4468,4468,4468,92811,92811,92811,591,591,591,0.15,0.59,0.81,0.06,0.23,0.34,0.03,0.17,0.22,0.00,0.00,0.00,0.00,0.03,0.04,0.00,0.00,0.00,0.03,0.18,0.27,343280,696514,1658921,715333,1293934,2224999,0,0,0,0,0,0,0,353373,0,349.66,390.52,406.12
185,0,34,67,100,4566,4566,4566,92713,92713,92713,591,591,591,0.15,0.49,0.76,0.06,0.19,0.30,0.03,0.14,0.23,0.00,0.00,0.00,0.00,0.02,0.04,0.00,0.00,0.00,0.03,0.15,0.27,15724,363617,693938,736320,1049288,1727136,0,0,0,0,0,0,0,376420,0,359.32,387.50,407.89
185,1,34,64,100,4467,4467,4467,92812,92812,92812,591,591,591,0.24,0.46,0.69,0.09,0.18,0.26,0.06,0.13,0.21,0.00,0.00,0.00,0.01,0.02,0.03,0.00,0.00,0.00,0.05,0.14,0.21,469092,584923,1003722,1210694,1363771,1609101,0,0,0,0,0,0,0,322009,0,342.22,350.59,369.51
185,2,32,70,100,4572,4572,4572,92707,92707,92707,591,591,591,0.15,0.54,0.82,0.05,0.20,0.29,0.03,0.15,0.27,0.00,0.00,0.00,0.00,0.02,0.04,0.00,0.00,0.00,0.02,0.16,0.23,311844,482190,791438,576561,1073909,1779426,0,0,0,0,0,0,0,356814,0,393.57,407.26,439.16
185,3,37,71,100,4464,4465,4468,92811,92813,92815,591,591,591,0.17,0.53,0.93,0.06,0.19,0.32,0.04,0.16,0.33,0.00,0.00,0.00,0.00,0.03,0.07,0.00,0.00,0.00,0.03,0.12,0.19,332713,513718,765238,447984,1211120,1763010,0,0,0,0,0,0,0,283364,0,355.76,383.71,420.44
186,0,47,79,96,4566,4566,4566,92713,92713,92713,591,591,591,0.25,0.57,0.70,0.10,0.22,0.26,0.07,0.17,0.21,0.00,0.00,0.00,0.01,0.02,0.03,0.00,0.00,0.00,0.06,0.17,0.24,340686,565013,1315562,817649,1231186,1947137,0,0,0,0,0,0,0,238997,0,368.45,399.83,427.16
186,1,33,64,100,4467,4467,4467,92812,92812,92812,591,591,591,0.34,0.42,0.56,0.13,0.17,0.24,0.08,0.12,0.15,0.00,0.00,0.00,0.01,0.02,0.02,0.00,0.00,0.00,0.09,0.13,0.21,466489,885781,1865931,1160981,1663579,2770070,0,0,0,0,0,0,0,293486,0,334.18,349.17,358.33
186,2,43,59,100,4572,4572,4572,92707,92707,92707,591,591,591,0.28,0.46,0.75,0.11,0.18,0.30,0.08,0.13,0.23,0.00,0.00,0.00,0.01,0.02,0.03,0.00,0.00,0.00,0.06,0.13,0.24,330207,567591,945891,1113778,1312852,1813176,0,0,0,0,0,0,0,352135,0,375.00,409.41,438.98
186,3,33,81,100,4464,4464,4464,92815,92815,92815,591,591,591,0.19,0.62,0.85,0.08,0.22,0.32,0.03,0.19,0.28,0.00,0.00,0.00,0.01,0.03,0.05,0.00,0.00,0.00,0.05,0.16,0.25,235860,407245,568677,471720,902013,1339076,0,0,0,0,0,0,0,358755,0,371.98,423.58,461.64
187,0,34,57,94,4566,4566,4566,92713,92713,92713,591,591,591,0.16,0.43,0.69,0.06,0.17,0.25,0.03,0.12,0.21,0.00,0.00,0.00,0.00,0.02,0.03,0.00,0.00,0.00,0.03,0.13,0.20,369517,508040,775678,932967,1305918,1443932,0,0,0,0,0,0,0,318239,0,362.36,376.46,393.51
187,1,32,74,100,4467,4467,4467,92812,92812,92812,591,591,591,0.35,0.60,0.78,0.13,0.24,0.30,0.08,0.18,0.22,0.00,0.00,0.00,0.01,0.03,0.04,0.00,0.00,0.00,0.10,0.19,0.26,457186,673261,1063909,893639,1246660,1554391,0,0,0,0,0,0,0,315618,0,333.77,377.35,402.75
187,2,52,76,97,4572,4572,4572,92707,92707,92707,591,591,591,0.27,0.61,0.92,0.11,0.24,0.33,0.08,0.19,0.32,0.00,0.00,0.00,0.01,0.03,0.07,0.00,0.00,0.00,0.06,0.17,0.23,317095,453009,878862,571271,997663,1275263,0,0,0,0,0,0,0,337069,0,362.45,391.08,425.86
187,3,44,75,100,4464,4464,4464,92815,92815,92815,591,591,591,0.32,0.59,0.80,0.12,0.24,0.33,0.10,0.18,0.26,0.00,0.00,0.00,0.01,0.03,0.05,0.00,0.00,0.00,0.07,0.18,0.24,322347,556099,1268394,681381,1157796,1823972,0,0,0,0,0,0,0,314648,0,354.52,389.06,410.02
188,0,38,62,100,4566,4566,4566,92713,92713,92713,591,591,591,0.31,0.43,0.52,0.13,0.17,0.19,0.08,0.13,0.15,0.00,0.00,0.00,0.01,0.02,0.02,0.00,0.00,0.00,0.08,0.13,0.15,327532,402703,560674,1066999,1240005,1598183,0,0,0,0,0,0,0,289018,0,341.12,356.82,378.34
188,1,34,73,100,4467,4467,4467,92812,92812,92812,591,591,591,0.15,0.54,0.82,0.06,0.20,0.33,0.03,0.16,0.27,0.00,0.00,0.00,0.00,0.03,0.04,0.00,0.00,0.00,0.03,0.15,0.27,455994,574428,935444,639466,1174544,1784420,0,0,0,0,0,0,0,356675,0,349.16,367.96,377.17
188,2,33,73,100,4562,4564,4572,92707,92715,92717,591,591,591,0.15,0.53,0.85,0.06,0.17,0.26,0.03,0.16,0.28,0.00,0.00,0.00,0.00,0.03,0.05,0.00,0.00,0.00,0.02,0.13,0.22,309189,365097,421050,432341,966202,1401172,0,0,0,0,0,0,0,343158,0,356.74,373.06,396.42
188,3,39,75,100,4464,4464,4464,92815,92815,92815,591,591,591,0.25,0.54,0.82,0.09,0.20,0.28,0.04,0.15,0.27,0.00,0.00,0.00,0.01,0.02,0.04,0.00,0.00,0.00,0.05,0.16,0.25,343301,525268,781513,573916,1175640,1899691,0,0,0,0,0,0,0,269421,0,361.14,383.27,398.36
189,0,35,61,100,4566,4566,4566,92713,92713,92713,591,591,591,0.26,0.44,0.59,0.10,0.18,0.26,0.07,0.13,0.17,0.00,0.00,0.00,0.01,0.02,0.03,0.00,0.00,0.00,0.05,0.13,0.21,7861,495956,1229108,856882,1279498,1737524,0,0,0,0,0,0,0,309054,0,320.27,351.21,365.78
189,1,31,55,82,4467,4467,4467,92812,92812,92812,591,591,591,0.15,0.42,0.81,0.06,0.17,0.34,0.03,0.12,0.26,0.00,0.00,0.00,0.00,0.02,0.05,0.00,0.00,0.00,0.03,0.11,0.21,471737,1007006,1941965,893626,1759805,2563080,0,0,0,0,0,0,0,154740,0,349.00,398.84,433.56
189,2,33,68,100,4562,4562,4562,92717,92717,92717,591,591,591,0.24,0.52,0.86,0.10,0.21,0.34,0.04,0.13,0.21,0.00,0.00,0.00,0.01,0.02,0.03,0.00,0.00,0.00,0.07,0.16,0.28,340624,554252,817689,725917,1187754,1622274,0,0,0,0,0,0,0,260993,0,415.53,461.24,509.47
189,3,39,59,85,4464,4464,4464,92815,92815,92815,591,591,591,0.16,0.45,0.70,0.06,0.18,0.28,0.03,0.14,0.24,0.00,0.00,0.00,0.00,0.02,0.04,0.00,0.00,0.00,0.03,0.11,0.22,230615,388498,652545,915472,1159809,1444008,0,0,0,0,0,0,0,304770,0,342.82,388.60,425.40
190,0,53,72,100,4566,4566,4566,92713,92713,92713,591,591,591,0.30,0.46,0.65,0.11,0.18,0.26,0.08,0.13,0.19,0.00,0.00,0.00,0.01,0.02,0.02,0.00,0.00,0.00,0.07,0.14,0.21,345787,473266,754687,815087,1252587,1739973,0,0,0,0,0,0,0,267574,0,353.33,380.26,405.98
190,1,64,88,100,4467,4467,4467,92812,92812,92812,591,591,591,0.29,0.61,0.84,0.11,0.21,0.30,0.07,0.18,0.28,0.00,0.00,0.00,0.01,0.03,0.05,0.00,0.00,0.00,0.08,0.17,0.25,346370,774594,1543573,711696,1273694,1807000,0,0,0,0,0,0,0,300850,0,353.97,389.64,429.77
190,2,33,79,100,4562,4562,4562,92717,92717,92717,591,591,591,0.31,0.59,0.81,0.13,0.23,0.30,0.09,0.18,0.27,0.00,0.00,0.00,0.01,0.02,0.04,0.00,0.00,0.00,0.07,0.19,0.26,314486,571796,1037706,901400,1148325,1370506,0,0,0,0,0,0,0,329681,0,365.92,404.57,438.20
190,3,35,81,100,4464,4464,4464,92815,92815,92815,591,591,591,0.29,0.61,0.83,0.11,0.23,0.32,0.09,0.17,0.27,0.00,0.00,0.00,0.01,0.03,0.04,0.00,0.00,0.00,0.06,0.18,0.26,332830,614785,1134700,725944,1170364,1433505,0,0,0,0,0,0,0,324399,0,362.81,397.57,419.83
191,0,36,58,81,4566,4566,4566,92713,92713,92713,591,591,591,0.37,0.42,0.56,0.14,0.17,0.25,0.10,0.12,0.15,0.00,0.00,0.00,0.01,0.02,0.02,0.00,0.00,0.00,0.09,0.13,0.21,338073,443591,611497,930336,1193624,1481571,0,0,0,0,0,0,0,316319,0,346.52,354.91,362.43
191,1,34,75,100,4467,4467,4467,92812,92812,92812,591,591,591,0.15,0.56,0.78,0.06,0.22,0.29,0.03,0.16,0.23,0.00,0.00,0.00,0.00,0.02,0.03,0.00,0.00,0.00,0.03,0.17,0.26,471721,546651,780824,896270,1147295,1493523,0,0,0,0,0,0,0,298153,0,328.14,368.13,396.67
191,2,31,68,100,4562,4562,4562,92717,92717,92717,591,591,591,0.18,0.56,0.89,0.06,0.19,0.33,0.03,0.17,0.31,0.00,0.00,0.00,0.00,0.03,0.06,0.00,0.00,0.00,0.03,0.13,0.20,330197,379238,424545,461227,916769,1401173,0,0,0,0,0,0,0,288093,0,363.95,382.65,430.68
191,3,63,76,100,4464,4464,4464,92815,92815,92815,591,591,591,0.28,0.52,0.81,0.11,0.20,0.28,0.05,0.15,0.27,0.00,0.00,0.00,0.01,0.02,0.04,0.00,0.00,0.00,0.07,0.16,0.23,345925,511550,786201,623726,1187683,1858055,0,0,0,0,0,0,0,332218,0,350.59,388.58,406.11
192,0,34,78,100,4566,4566,4566,92713,92713,92713,591,591,591,0.18,0.58,0.76,0.07,0.23,0.32,0.03,0.17,0.22,0.00,0.00,0.00,0.00,0.02,0.03,0.00,0.00,0.00,0.04,0.18,0.28,23583,350481,631519,573860,973145,1349129,0,0,0,0,0,0,0,378725,0,360.12,400.36,430.24
192,1,35,67,96,4467,4467,4467,92812,92812,92812,591,591,591,0.25,0.48,0.75,0.10,0.19,0.34,0.07,0.14,0.23,0.00,0.00,0.00,0.01,0.02,0.04,0.00,0.00,0.00,0.06,0.14,0.26,463872,832818,1745335,1255294,1568673,2594418,0,0,0,0,0,0,0,319158,0,337.58,347.88,366.86
192,2,43,75,100,4562,4562,4562,92717,92717,92717,591,591,591,0.22,0.59,0.84,0.08,0.23,0.30,0.06,0.17,0.23,0.00,0.00,0.00,0.01,0.02,0.04,0.00,0.00,0.00,0.05,0.18,0.26,316967,466960,668298,586967,1029277,1370581,0,0,0,0,0,0,0,357397,0,407.06,433.56,451.88
192,3,36,68,100,4462,4462,4464,92815,92816,92817,591,591,591,0.17,0.53,0.90,0.06,0.19,0.34,0.04,0.15,0.30,0.00,0.00,0.00,0.00,0.03,0.06,0.00,0.00,0.00,0.03,0.12,0.19,223630,313779,349491,525880,1003488,1504172,0,0,0,0,0,0,0,260929,0,343.85,372.33,433.90
193,0,34,74,100,4566,4566,4566,92713,92713,92713,591,591,591,0.16,0.58,0.83,0.06,0.21,0.31,0.03,0.17,0.27,0.00,0.00,0.00,0.00,0.03,0.05,0.00,0.00,0.00,0.03,0.15,0.25,353792,683484,1501729,521516,1282042,1907956,0,0,0,0,0,0,0,270750,0,375.45,399.07,407.19
193,1,34,67,100,4467,4467,4467,92812,92812,92812,591,591,591,0.15,0.56,0.90,0.06,0.19,0.32,0.03,0.17,0.32,0.00,0.00,0.00,0.00,0.03,0.07,0.00,0.00,0.00,0.02,0.13,0.21,466335,901996,2548939,578989,1504652,3562868,0,0,0,0,0,0,0,268275,0,344.50,359.59,392.40
193,2,36,63,80,4562,4562,4562,92717,92717,92717,591,591,591,0.22,0.42,0.56,0.09,0.17,0.23,0.07,0.12,0.16,0.00,0.00,0.00,0.01,0.02,0.02,0.00,0.00,0.00,0.05,0.12,0.19,319716,567103,1001085,975042,1321849,1863277,0,0,0,0,0,0,0,291045,0,352.73,364.26,375.30
193,3,39,81,100,4462,4462,4462,92817,92817,92817,591,591,591,0.17,0.63,0.87,0.07,0.23,0.33,0.04,0.19,0.28,0.00,0.00,0.00,0.00,0.03,0.05,0.00,0.00,0.00,0.03,0.16,0.25,335448,481144,683963,455937,986409,1472830,0,0,0,0,0,0,0,286593,0,379.13,427.86,483.69
194,0,41,73,95,4566,4566,4566,92713,92713,92713,591,591,591,0.36,0.51,0.79,0.15,0.21,0.33,0.10,0.16,0.26,0.00,0.00,0.00,0.01,0.02,0.05,0.00,0.00,0.00,0.10,0.15,0.21,332827,497056,695385,694485,1196430,1437946,0,0,0,0,0,0,0,291464,0,375.21,397.15,442.92
194,1,36,73,100,4467,4467,4467,92812,92812,92812,591,591,591,0.18,0.58,0.85,0.07,0.22,0.35,0.03,0.17,0.29,0.00,0.00,0.00,0.00,0.03,0.05,0.00,0.00,0.00,0.04,0.16,0.29,461129,597483,1019450,579180,1129429,1472470,0,0,0,0,0,0,0,320900,0,377.62,426.33,489.78
194,2,34,61,90,4562,4562,4562,92717,92717,92717,591,591,591,0.21,0.49,0.72,0.08,0.19,0.31,0.05,0.14,0.25,0.00,0.00,0.00,0.01,0.02,0.04,0.00,0.00,0.00,0.04,0.14,0.24,332813,390718,541516,739018,1112645,1313664,0,0,0,0,0,0,0,333782,0,356.91,381.83,413.69
194,3,37,77,100,4462,4462,4462,92817,92817,92817,591,591,591,0.24,0.61,0.82,0.09,0.23,0.32,0.07,0.17,0.28,0.00,0.00,0.00,0.01,0.03,0.04,0.00,0.00,0.00,0.06,0.19,0.29,324962,562389,1098091,796676,1140481,1428277,0,0,0,0,0,0,0,239930,0,379.21,395.80,427.40
195,0,37,71,100,4566,4566,4566,92713,92713,92713,591,591,591,0.23,0.52,0.82,0.10,0.18,0.26,0.04,0.15,0.28,0.00,0.00,0.00,0.01,0.03,0.05,0.00,0.00,0.00,0.06,0.13,0.21,322357,436829,539833,702190,1119629,1661427,0,0,0,0,0,0,0,358452,0,345.65,381.26,412.94
195,1,61,85,100,4467,4467,4467,92812,92812,92812,591,591,591,0.31,0.62,0.82,0.12,0.23,0.30,0.09,0.18,0.27,0.00,0.00,0.00,0.01,0.03,0.04,0.00,0.00,0.00,0.07,0.19,0.27,455994,1188377,2235268,932970,1705286,2845839,0,0,0,0,0,0,0,228344,0,368.85,375.36,383.62
195,2,35,72,100,4562,4562,4562,92717,92717,92717,591,591,591,0.20,0.51,0.81,0.08,0.20,0.29,0.05,0.15,0.27,0.00,0.00,0.00,0.01,0.02,0.04,0.00,0.00,0.00,0.04,0.15,0.22,332821,462525,828113,566051,1138608,1367757,0,0,0,0,0,0,0,311532,0,364.80,392.03,419.29
195,3,37,66,97,4458,4460,4462,92817,92819,92821,591,591,591,0.17,0.50,0.91,0.06,0.19,0.35,0.04,0.14,0.30,0.00,0.00,0.00,0.00,0.03,0.06,0.00,0.00,0.00,0.03,0.12,0.20,345928,419714,541607,534616,1192062,1474931,0,0,0,0,0,0,0,303496,0,339.92,372.54,437.02
196,0,35,48,62,4566,4566,4566,92713,92713,92713,591,591,591,0.24,0.39,0.49,0.09,0.16,0.21,0.06,0.11,0.14,0.00,0.00,0.00,0.01,0.01,0.02,0.00,0.00,0.00,0.06,0.14,0.26,335447,561460,1331981,1142613,1405123,2143695,0,0,0,0,0,0,0,263628,0,328.12,380.36,414.41
196,1,34,68,97,4461,4465,4467,92812,92813,92818,591,591,591,0.16,0.46,0.75,0.06,0.18,0.34,0.03,0.13,0.23,0.00,0.00,0.00,0.00,0.02,0.04,0.00,0.00,0.00,0.03,0.13,0.24,313336,713897,1286538,772089,1468181,2098814,0,0,0,0,0,0,0,253307,0,336.37,391.98,427.02
196,2,32,64,100,4562,4562,4562,92717,92717,92717,591,591,591,0.32,0.45,0.78,0.13,0.18,0.30,0.09,0.13,0.21,0.00,0.00,0.00,0.01,0.02,0.03,0.00,0.00,0.00,0.09,0.14,0.26,322339,461232,888414,809711,1195532,1616966,0,0,0,0,0,0,0,327489,0,374.93,395.26,432.93
196,3,42,79,100,4458,4458,4458,92821,92821,92821,591,591,591,0.23,0.67,0.86,0.09,0.23,0.31,0.06,0.20,0.29,0.00,0.00,0.00,0.01,0.03,0.05,0.00,0.00,0.00,0.05,0.18,0.24,338053,588594,1095446,626315,959666,1464873,0,0,0,0,0,0,0,329952,0,351.84,410.61,463.11
197,0,58,72,99,4566,4566,4566,92713,92713,92713,591,591,591,0.34,0.47,0.61,0.13,0.18,0.24,0.09,0.13,0.17,0.00,0.00,0.00,0.01,0.02,0.02,0.00,0.00,0.00,0.08,0.14,0.23,338048,481678,906790,964356,1270486,1535778,0,0,0,0,0,0,0,275961,0,351.78,362.70,371.10
197,1,89,96,100,4461,4461,4461,92818,92818,92818,591,591,591,0.70,0.78,0.85,0.25,0.28,0.34,0.15,0.23,0.28,0.00,0.00,0.00,0.03,0.04,0.05,0.00,0.00,0.00,0.19,0.22,0.31,469042,592228,985150,613237,915089,1163594,0,0,0,0,0,0,0,421595,0,340.32,400.10,482.49
197,2,34,62,97,4558,4560,4562,92717,92718,92721,591,591,591,0.15,0.49,0.81,0.06,0.19,0.34,0.03,0.14,0.26,0.00,0.00,0.00,0.00,0.03,0.05,0.00,0.00,0.00,0.03,0.13,0.21,214899,350636,495309,655103,1041086,1519996,0,0,0,0,0,0,0,252723,0,346.79,382.53,426.50
197,3,36,81,100,4458,4458,4458,92821,92821,92821,591,591,591,0.15,0.57,0.80,0.06,0.21,0.30,0.03,0.17,0.26,0.00,0.00,0.00,0.00,0.03,0.04,0.00,0.00,0.00,0.03,0.16,0.22,327575,410351,521317,767866,1078588,1352231,0,0,0,0,0,0,0,312325,0,343.13,387.24,424.22
198,0,33,58,95,4566,4566,4566,92713,92713,92713,591,591,591,0.16,0.42,0.84,0.06,0.17,0.34,0.03,0.12,0.27,0.00,0.00,0.00,0.00,0.02,0.05,0.00,0.00,0.00,0.03,0.12,0.21,335452,368970,437660,796698,1182372,1485678,0,0,0,0,0,0,0,330535,0,337.09,355.00,378.00
198,1,34,68,100,4461,4461,4461,92818,92818,92818,591,591,591,0.20,0.46,0.81,0.07,0.17,0.26,0.05,0.13,0.27,0.00,0.00,0.00,0.01,0.02,0.04,0.00,0.00,0.00,0.04,0.13,0.22,471727,903522,2051985,977196,1630960,2995427,0,0,0,0,0,0,0,303968,0,335.46,381.27,424.80
198,2,36,78,100,4558,4558,4558,92721,92721,92721,591,591,591,0.38,0.65,0.85,0.15,0.23,0.34,0.11,0.19,0.29,0.00,0.00,0.00,0.02,0.03,0.05,0.00,0.00,0.00,0.10,0.18,0.30,332814,725384,1761094,466464,1156198,2411022,0,0,0,0,0,0,0,393939,0,361.96,439.21,482.46
198,3,37,67,98,4458,4458,4458,92821,92821,92821,591,591,591,0.17,0.58,0.91,0.06,0.23,0.35,0.04,0.16,0.31,0.00,0.00,0.00,0.00,0.03,0.06,0.00,0.00,0.00,0.03,0.16,0.31,324960,451172,728571,486582,1130601,1832785,0,0,0,0,0,0,0,312385,0,363.39,402.82,436.83
199,0,51,79,100,4566,4566,4566,92713,92713,92713,591,591,591,0.29,0.62,0.82,0.11,0.23,0.30,0.09,0.19,0.26,0.00,0.00,0.00,0.01,0.03,0.04,0.00,0.00,0.00,0.06,0.17,0.22,335269,667796,1334603,799278,1220254,1699533,0,0,0,0,0,0,0,232235,0,387.78,409.19,440.71
199,1,35,64,96,4461,4461,4461,92818,92818,92818,591,591,591,0.16,0.46,0.71,0.06,0.18,0.29,0.03,0.13,0.25,0.00,0.00,0.00,0.00,0.02,0.05,0.00,0.00,0.00,0.03,0.12,0.22,461027,885874,1894958,1073653,1651919,2346552,0,0,0,0,0,0,0,242138,0,337.49,367.83,424.28
199,2,0,46,93,4558,4558,4558,92721,92721,92721,591,591,591,0.00,0.28,0.49,0.00,0.11,0.20,0.00,0.08,0.14,0.00,0.00,0.00,0.00,0.01,0.02,0.00,0.00,0.00,0.00,0.09,0.19,330192,460119,694162,463867,1039135,1571401,0,0,0,0,0,0,0,230514,0,292.82,331.16,416.45
199,3,54,86,100,4458,4458,4458,92821,92821,92821,591,591,591,0.31,0.67,0.87,0.13,0.23,0.34,0.11,0.20,0.29,0.00,0.00,0.00,0.01,0.03,0.05,0.00,0.00,0.00,0.09,0.18,0.28,385228,506300,678750,539814,926118,1391569,0,0,0,0,0,0,0,312086,0,365.91,415.11,450.88
200,0,38,68,100,4566,4566,4566,92713,92713,92713,591,591,591,0.17,0.52,0.86,0.06,0.20,0.34,0.04,0.15,0.28,0.00,0.00,0.00,0.00,0.02,0.05,0.00,0.00,0.00,0.03,0.14,0.28,327564,512110,704131,862022,1206118,1538359,0,0,0,0,0,0,0,312520,0,410.83,426.30,440.36
200,1,63,90,100,4461,4461,4461,92818,92818,92818,591,591,591,0.48,0.76,0.86,0.21,0.26,0.33,0.16,0.23,0.29,0.00,0.00,0.00,0.02,0.04,0.05,0.00,0.00,0.00,0.14,0.20,0.26,484777,1198279,2303474,602695,1453139,2555048,0,0,0,0,0,0,0,300805,0,346.75,404.49,454.15
200,2,33,52,70,4558,4558,4558,92721,92721,92721,591,591,591,0.16,0.41,0.62,0.06,0.17,0.26,0.03,0.12,0.20,0.00,0.00,0.00,0.00,0.02,0.03,0.00,0.00,0.00,0.03,0.12,0.21,223614,352682,524134,822893,1143863,1572402,0,0,0,0,0,0,0,246202,0,302.99,338.83,363.97
200,3,37,48,73,4458,4458,4458,92821,92821,92821,591,591,591,0.25,0.37,0.45,0.10,0.14,0.17,0.07,0.11,0.14,0.00,0.00,0.00,0.01,0.01,0.02,0.00,0.00,0.00,0.06,0.11,0.13,338071,397682,560802,1147870,1236293,1365378,0,0,0,0,0,0,0,195341,0,312.20,338.18,383.12
201,0,60,87,100,4564,4564,4564,92715,92715,92715,591,591,591,0.43,0.72,0.86,0.20,0.25,0.29,0.06,0.21,0.28,0.00,0.00,0.00,0.02,0.04,0.05,0.00,0.00,0.00,0.17,0.19,0.22,322345,575484,1305031,445514,982093,1705471,0,0,0,0,0,0,0,441436,0,374.02,406.78,473.83
201,1,32,67,100,4461,4461,4461,92818,92818,92818,591,591,591,0.19,0.47,0.76,0.08,0.18,0.27,0.03,0.14,0.25,0.00,0.00,0.00,0.01,0.02,0.03,0.00,0.00,0.00,0.04,0.14,0.25,466451,681328,854353,945830,1411400,1771520,0,0,0,0,0,0,0,305091,0,333.67,383.08,432.78
201,2,33,71,100,4558,4558,4558,92721,92721,92721,591,591,591,0.21,0.52,0.80,0.09,0.20,0.31,0.03,0.15,0.26,0.00,0.00,0.00,0.01,0.02,0.04,0.00,0.00,0.00,0.05,0.15,0.23,314410,471179,825509,993218,1133112,1367684,0,0,0,0,0,0,0,312771,0,359.73,395.19,419.21
201,3,36,74,100,4458,4458,4458,92821,92821,92821,591,591,591,0.25,0.52,0.81,0.10,0.20,0.30,0.04,0.16,0.27,0.00,0.00,0.00,0.01,0.02,0.04,0.00,0.00,0.00,0.07,0.15,0.23,330171,581254,1147873,702269,1327604,1905261,0,0,0,0,0,0,0,307001,0,343.78,363.48,393.10
202,0,37,65,98,4564,4564,4564,92715,92715,92715,591,591,591,0.24,0.52,0.86,0.09,0.21,0.35,0.06,0.16,0.26,0.00,0.00,0.00,0.01,0.02,0.05,0.00,0.00,0.00,0.05,0.15,0.24,335440,746314,1768873,974704,1448611,2691307,0,0,0,0,0,0,0,345283,0,378.03,414.01,457.44
202,1,37,82,100,4461,4461,4461,92818,92818,92818,591,591,591,0.16,0.53,0.83,0.06,0.20,0.34,0.03,0.15,0.27,0.00,0.00,0.00,0.00,0.03,0.04,0.00,0.00,0.00,0.03,0.14,0.23,438151,613114,1001103,634164,1296108,1983861,0,0,0,0,0,0,0,267910,0,361.76,377.57,399.53
202,2,36,71,100,4558,4558,4558,92721,92721,92721,591,591,591,0.30,0.59,0.76,0.12,0.23,0.29,0.10,0.18,0.24,0.00,0.00,0.00,0.01,0.03,0.04,0.00,0.00,0.00,0.08,0.17,0.27,332404,463743,710106,744284,1060436,1538127,0,0,0,0,0,0,0,303300,0,372.98,404.43,422.42
202,3,53,70,87,4458,4458,4458,92821,92821,92821,591,591,591,0.28,0.47,0.74,0.11,0.19,0.31,0.08,0.13,0.19,0.00,0.00,0.00,0.01,0.02,0.03,0.00,0.00,0.00,0.06,0.15,0.28,340664,427691,660410,773103,1166188,1464959,0,0,0,0,0,0,0,269144,0,350.40,365.65,386.06
203,0,38,65,100,4560,4561,4564,92715,92718,92719,591,591,591,0.17,0.58,0.86,0.06,0.19,0.26,0.04,0.17,0.29,0.00,0.00,0.00,0.00,0.03,0.05,0.00,0.00,0.00,0.03,0.14,0.20,260312,406863,623532,490074,1008378,1462374,0,0,0,0,0,0,0,375373,0,356.09,376.52,416.03
203,1,42,74,100,4461,4461,4461,92818,92818,92818,591,591,591,0.21,0.60,0.83,0.09,0.23,0.33,0.04,0.17,0.27,0.00,0.00,0.00,0.01,0.03,0.05,0.00,0.00,0.00,0.06,0.18,0.30,474317,928754,1941951,644644,1457596,2594509,0,0,0,0,0,0,0,313437,0,368.87,408.99,432.95
203,2,34,67,100,4558,4558,4558,92721,92721,92721,591,591,591,0.20,0.49,0.80,0.08,0.19,0.32,0.03,0.14,0.27,0.00,0.00,0.00,0.01,0.02,0.04,0.00,0.00,0.00,0.05,0.15,0.29,211351,432221,862259,725926,1118248,1488642,0,0,0,0,0,0,0,389276,0,365.75,392.93,413.83
203,3,36,63,100,4458,4458,4458,92821,92821,92821,591,591,591,0.28,0.43,0.66,0.10,0.17,0.26,0.08,0.12,0.20,0.00,0.00,0.00,0.01,0.02,0.02,0.00,0.00,0.00,0.06,0.13,0.21,246365,399878,537026,843869,1180084,1482716,0,0,0,0,0,0,0,330682,0,313.78,348.52,364.75
204,0,46,78,100,4560,4560,4560,92719,92719,92719,591,591,591,0.26,0.56,0.85,0.10,0.22,0.29,0.07,0.16,0.24,0.00,0.00,0.00,0.01,0.02,0.04,0.00,0.00,0.00,0.06,0.17,0.24,330210,602991,1478049,691817,1212518,1884251,0,0,0,0,0,0,0,281180,0,406.86,444.20,477.60
204,1,36,68,100,4461,4461,4461,92818,92818,92818,591,591,591,0.16,0.52,0.77,0.06,0.20,0.34,0.03,0.15,0.25,0.00,0.00,0.00,0.00,0.03,0.05,0.00,0.00,0.00,0.03,0.14,0.24,492667,818756,1417282,891056,1484151,2467800,0,0,0,0,0,0,0,264589,0,359.29,378.64,407.27
204,2,34,78,100,4558,4558,4558,92721,92721,92721,591,591,591,0.21,0.59,0.77,0.08,0.23,0.30,0.05,0.18,0.25,0.00,0.00,0.00,0.01,0.03,0.04,0.00,0.00,0.00,0.05,0.18,0.25,327577,588596,922446,993215,1197639,1478089,0,0,0,0,0,0,0,309218,0,375.25,407.90,437.60
204,3,36,77,100,4458,4458,4458,92821,92821,92821,591,591,591,0.17,0.55,0.81,0.06,0.21,0.30,0.03,0.16,0.23,0.00,0.00,0.00,0.00,0.02,0.04,0.00,0.00,0.00,0.03,0.16,0.25,332825,587003,1166138,759910,1310283,1805616,0,0,0,0,0,0,0,304904,0,327.82,353.44,390.06
205,0,36,56,78,4560,4560,4560,92719,92719,92719,591,591,591,0.32,0.42,0.47,0.14,0.17,0.20,0.11,0.12,0.13,0.00,0.00,0.00,0.01,0.02,0.02,0.00,0.00,0.00,0.09,0.13,0.18,230618,408813,529382,1077968,1219804,1520009,0,0,0,0,0,0,0,192377,0,347.76,368.55,383.39
205,1,36,78,100,4461,4461,4461,92818,92818,92818,591,591,591,0.16,0.59,0.83,0.06,0.22,0.35,0.03,0.17,0.27,0.00,0.00,0.00,0.00,0.03,0.05,0.00,0.00,0.00,0.03,0.16,0.32,476960,781908,1386313,786198,1317944,1546178,0,0,0,0,0,0,0,318437,0,371.46,418.37,483.82
205,2,31,59,100,4558,4558,4558,92721,92721,92721,591,591,591,0.17,0.47,0.81,0.06,0.18,0.29,0.04,0.13,0.27,0.00,0.00,0.00,0.00,0.02,0.04,0.00,0.00,0.00,0.03,0.13,0.22,204365,384214,628905,607998,1075865,1643014,0,0,0,0,0,0,0,330632,0,367.25,384.84,407.95
205,3,34,79,100,4458,4458,4458,92821,92821,92821,591,591,591,0.27,0.59,0.87,0.10,0.23,0.35,0.06,0.18,0.27,0.00,0.00,0.00,0.01,0.03,0.05,0.00,0.00,0.00,0.07,0.16,0.23,353795,565537,977484,754748,1142082,2041448,0,0,0,0,0,0,0,321125,0,366.12,393.16,423.00
206,0,34,71,97,4560,4560,4560,92719,92719,92719,591,591,591,0.37,0.53,0.76,0.14,0.21,0.28,0.09,0.16,0.22,0.00,0.00,0.00,0.01,0.02,0.03,0.00,0.00,0.00,0.09,0.15,0.23,332839,371477,461233,767794,1030578,1433493,0,0,0,0,0,0,0,322875,0,338.16,362.21,396.35
206,1,52,88,100,4461,4461,4461,92818,92818,92818,591,591,591,0.48,0.70,0.83,0.20,0.25,0.29,0.09,0.20,0.28,0.00,0.00,0.00,0.02,0.03,0.05,0.00,0.00,0.00,0.16,0.20,0.23,497962,927672,1593388,901479,1346325,2581393,0,0,0,0,0,0,0,266142,0,359.49,375.62,400.59
206,2,34,74,100,4558,4558,4558,92721,92721,92721,591,591,591,0.30,0.54,0.67,0.12,0.21,0.27,0.09,0.15,0.20,0.00,0.00,0.00,0.01,0.02,0.03,0.00,0.00,0.00,0.07,0.17,0.24,338051,395033,508410,862149,1095344,1297232,0,0,0,0,0,0,0,283892,0,367.86,402.08,433.77
206,3,38,66,100,4454,4454,4454,92825,92825,92825,591,591,591,0.17,0.51,0.85,0.06,0.17,0.27,0.04,0.14,0.29,0.00,0.00,0.00,0.00,0.03,0.05,0.00,0.00,0.00,0.03,0.13,0.21,248081,440680,848990,372121,1179908,1454485,0,0,0,0,0,0,0,318927,0,352.89,362.71,378.97
207,0,36,67,100,4560,4560,4560,92719,92719,92719,591,591,591,0.17,0.46,0.72,0.06,0.18,0.28,0.03,0.13,0.22,0.00,0.00,0.00,0.00,0.02,0.03,0.00,0.00,0.00,0.03,0.14,0.24,345858,665564,1485944,911958,1443259,2243330,0,0,0,0,0,0,0,372158,0,363.97,387.56,419.91
207,1,32,62,100,4461,4461,4461,92818,92818,92818,591,591,591,0.29,0.45,0.77,0.11,0.18,0.28,0.08,0.13,0.22,0.00,0.00,0.00,0.01,0.02,0.03,0.00,0.00,0.00,0.07,0.14,0.23,458611,789725,1488057,1189827,1531300,2211127,0,0,0,0,0,0,0,296658,0,333.41,376.68,417.99
207,2,35,80,100,4558,4558,4558,92721,92721,92721,591,591,591,0.18,0.59,0.81,0.07,0.24,0.33,0.04,0.18,0.25,0.00,0.00,0.00,0.00,0.03,0.05,0.00,0.00,0.00,0.03,0.17,0.29,348538,530941,891122,773012,1122668,1546061,0,0,0,0,0,0,0,357280,0,366.25,407.79,439.94
207,3,35,79,100,4454,4454,4454,92825,92825,92825,591,591,591,0.35,0.62,0.85,0.14,0.24,0.30,0.11,0.17,0.24,0.00,0.00,0.00,0.02,0.03,0.04,0.00,0.00,0.00,0.08,0.19,0.26,319724,561847,1208054,715425,1113225,1598509,0,0,0,0,0,0,0,316441,0,416.71,438.19,478.05
208,0,36,69,97,4560,4560,4560,92719,92719,92719,591,591,591,0.17,0.53,0.81,0.06,0.21,0.34,0.04,0.15,0.27,0.00,0.00,0.00,0.00,0.02,0.05,0.00,0.00,0.00,0.03,0.14,0.24,330122,434474,744280,683942,1156133,1847598,0,0,0,0,0,0,0,285247,0,384.55,407.37,427.27
208,1,31,61,97,4461,4461,4461,92818,92818,92818,591,591,591,0.15,0.43,0.64,0.05,0.18,0.27,0.03,0.13,0.19,0.00,0.00,0.00,0.00,0.02,0.03,0.00,0.00,0.00,0.02,0.13,0.24,458627,683367,1220772,1069258,1403720,1740683,0,0,0,0,0,0,0,323574,0,328.39,359.56,387.18
208,2,34,69,100,4558,4558,4558,92721,92721,92721,591,591,591,0.15,0.51,0.84,0.06,0.17,0.25,0.03,0.15,0.28,0.00,0.00,0.00,0.00,0.03,0.05,0.00,0.00,0.00,0.03,0.13,0.20,324972,373141,463728,471729,997305,1540521,0,0,0,0,0,0,0,346359,0,375.93,388.94,399.09
208,3,39,70,100,4454,4454,4454,92825,92825,92825,591,591,591,0.17,0.54,0.83,0.06,0.21,0.35,0.04,0.15,0.26,0.00,0.00,0.00,0.00,0.03,0.05,0.00,0.00,0.00,0.03,0.13,0.22,338068,474865,796704,657792,1214945,1947208,0,0,0,0,0,0,0,266139,0,359.29,386.26,421.61
209,0,43,87,100,4560,4560,4560,92719,92719,92719,591,591,591,0.39,0.66,0.83,0.17,0.23,0.33,0.13,0.20,0.27,0.00,0.00,0.00,0.02,0.03,0.05,0.00,0.00,0.00,0.11,0.19,0.29,351159,396233,534621,531926,851171,1250024,0,0,0,0,0,0,0,373335,0,388.95,419.78,455.78
209,1,43,67,100,4461,4461,4461,92818,92818,92818,591,591,591,0.35,0.52,0.80,0.13,0.20,0.28,0.09,0.15,0.25,0.00,0.00,0.00,0.01,0.02,0.04,0.00,0.00,0.00,0.10,0.16,0.23,199166,857456,1787149,951298,1496890,2088501,0,0,0,0,0,0,0,245373,0,354.89,368.76,390.35
209,2,34,76,100,4558,4558,4558,92721,92721,92721,591,591,591,0.15,0.57,0.82,0.05,0.22,0.34,0.03,0.16,0.27,0.00,0.00,0.00,0.00,0.03,0.04,0.00,0.00,0.00,0.02,0.16,0.27,7861,457525,937968,663070,1035634,1302504,0,0,0,0,0,0,0,360756,0,410.20,431.09,470.00
209,3,35,83,100,4454,4454,4454,92825,92825,92825,591,591,591,0.20,0.68,0.86,0.08,0.24,0.34,0.05,0.21,0.29,0.00,0.00,0.00,0.01,0.03,0.05,0.00,0.00,0.00,0.04,0.18,0.31,68137,343797,639423,466377,726396,1037784,0,0,0,0,0,0,0,351665,0,365.97,423.81,480.21
210,0,40,62,75,4560,4560,4560,92719,92719,92719,591,591,591,0.31,0.45,0.63,0.11,0.18,0.25,0.08,0.13,0.20,0.00,0.00,0.00,0.01,0.02,0.02,0.00,0.00,0.00,0.08,0.14,0.19,68138,507242,1276291,725937,1291341,2387477,0,0,0,0,0,0,0,288276,0,355.95,377.54,420.83
210,1,33,60,100,4461,4461,4461,92818,92818,92818,591,591,591,0.15,0.45,0.68,0.06,0.17,0.27,0.03,0.13,0.22,0.00,0.00,0.00,0.00,0.02,0.03,0.00,0.00,0.00,0.03,0.12,0.22,476906,992016,2522924,982764,1776732,3320178,0,0,0,0,0,0,0,300581,0,322.27,344.56,363.65
210,2,36,71,100,4558,4558,4558,92721,92721,92721,591,591,591,0.15,0.58,0.81,0.06,0.23,0.32,0.03,0.16,0.22,0.00,0.00,0.00,0.00,0.02,0.03,0.00,0.00,0.00,0.03,0.18,0.28,309227,427683,681335,752190,1042472,1333844,0,0,0,0,0,0,0,336218,0,395.69,410.88,422.13
210,3,50,76,100,4454,4454,4454,92825,92825,92825,591,591,591,0.38,0.52,0.81,0.14,0.20,0.27,0.09,0.15,0.27,0.00,0.00,0.00,0.01,0.02,0.04,0.00,0.00,0.00,0.10,0.16,0.22,332817,634715,1347025,869989,1308745,2358604,0,0,0,0,0,0,0,262670,0,355.44,382.26,404.23
211,0,33,68,92,4560,4560,4560,92719,92719,92719,591,591,591,0.30,0.48,0.69,0.11,0.19,0.28,0.07,0.14,0.21,0.00,0.00,0.00,0.01,0.02,0.02,0.00,0.00,0.00,0.07,0.15,0.22,393042,465593,566039,987893,1246562,1485907,0,0,0,0,0,0,0,234705,0,347.67,371.23,382.16
211,1,37,74,100,4461,4461,4461,92818,92818,92818,591,591,591,0.17,0.55,0.80,0.06,0.22,0.33,0.04,0.15,0.25,0.00,0.00,0.00,0.00,0.02,0.04,0.00,0.00,0.00,0.03,0.16,0.28,479571,1079498,2188277,947051,1740465,2636415,0,0,0,0,0,0,0,186731,0,385.18,392.64,403.51
211,2,33,72,100,4558,4558,4558,92721,92721,92721,591,591,591,0.16,0.53,0.81,0.06,0.20,0.32,0.03,0.16,0.27,0.00,0.00,0.00,0.00,0.03,0.04,0.00,0.00,0.00,0.03,0.14,0.21,340687,435520,626224,631517,1049767,1433455,0,0,0,0,0,0,0,280628,0,394.14,403.43,422.43
211,3,49,81,100,4454,4454,4454,92825,92825,92825,591,591,591,0.23,0.48,0.73,0.09,0.20,0.30,0.05,0.14,0.23,0.00,0.00,0.00,0.01,0.02,0.03,0.00,0.00,0.00,0.05,0.15,0.25,319726,364244,482184,914531,1131357,1457036,0,0,0,0,0,0,0,274378,0,335.70,357.72,387.59
212,0,36,74,100,4560,4560,4560,92719,92719,92719,591,591,591,0.16,0.58,0.81,0.06,0.23,0.31,0.03,0.17,0.22,0.00,0.00,0.00,0.00,0.03,0.04,0.00,0.00,0.00,0.03,0.17,0.26,317119,418254,621068,754756,1036734,1352344,0,0,0,0,0,0,0,372173,0,361.17,398.34,424.28
212,1,32,76,100,4461,4461,4461,92818,92818,92818,591,591,591,0.14,0.60,0.82,0.05,0.22,0.31,0.03,0.18,0.27,0.00,0.00,0.00,0.00,0.03,0.04,0.00,0.00,0.00,0.02,0.17,0.25,463843,608511,1092861,655174,1128434,1596049,0,0,0,0,0,0,0,306533,0,383.21,394.04,410.82
212,2,32,64,97,4558,4558,4558,92721,92721,92721,591,591,591,0.15,0.51,0.81,0.06,0.21,0.34,0.03,0.14,0.27,0.00,0.00,0.00,0.00,0.02,0.05,0.00,0.00,0.00,0.03,0.15,0.29,311851,551336,880344,875281,1218009,1588076,0,0,0,0,0,0,0,278479,0,377.02,421.65,467.25
212,3,38,75,100,4454,4454,4454,92825,92825,92825,591,591,591,0.16,0.58,0.83,0.06,0.21,0.31,0.03,0.17,0.28,0.00,0.00,0.00,0.00,0.03,0.04,0.00,0.00,0.00,0.03,0.15,0.25,345940,671922,1575018,521530,1267833,2012669,0,0,0,0,0,0,0,323963,0,341.35,375.16,388.66
213,0,36,79,100,4560,4560,4560,92719,92719,92719,591,591,591,0.28,0.61,0.90,0.11,0.24,0.35,0.07,0.19,0.30,0.00,0.00,0.00,0.01,0.03,0.06,0.00,0.00,0.00,0.06,0.17,0.26,335342,641597,1509482,571156,1216512,2397875,0,0,0,0,0,0,0,378519,0,389.61,417.39,432.15
213,1,35,69,97,4459,4460,4461,92818,92818,92820,591,591,591,0.16,0.52,0.89,0.06,0.21,0.35,0.03,0.14,0.28,0.00,0.00,0.00,0.00,0.02,0.06,0.00,0.00,0.00,0.03,0.15,0.28,304001,709000,1139939,812386,1428639,2140152,0,0,0,0,0,0,0,241473,0,341.59,381.64,415.87
213,2,35,84,100,4558,4558,4558,92721,92721,92721,591,591,591,0.18,0.67,0.83,0.07,0.24,0.32,0.04,0.21,0.28,0.00,0.00,0.00,0.00,0.03,0.05,0.00,0.00,0.00,0.03,0.18,0.25,332825,445494,676091,610598,866893,1349666,0,0,0,0,0,0,0,331558,0,380.91,419.99,464.78
213,3,38,68,100,4454,4454,4454,92825,92825,92825,591,591,591,0.16,0.48,0.71,0.06,0.19,0.26,0.03,0.14,0.22,0.00,0.00,0.00,0.00,0.02,0.03,0.00,0.00,0.00,0.03,0.14,0.22,353780,440795,670891,893653,1175627,1404687,0,0,0,0,0,0,0,294952,0,358.65,392.95,422.51
214,0,36,74,100,4560,4560,4560,92719,92719,92719,591,591,591,0.24,0.59,0.85,0.09,0.21,0.33,0.04,0.16,0.27,0.00,0.00,0.00,0.01,0.03,0.05,0.00,0.00,0.00,0.04,0.16,0.29,338068,452836,767783,505787,1021167,1486807,0,0,0,0,0,0,0,358354,0,382.02,394.79,417.78
214,1,52,82,100,4459,4459,4459,92820,92820,92820,591,591,591,0.22,0.67,0.86,0.09,0.23,0.31,0.05,0.20,0.29,0.00,0.00,0.00,0.01,0.03,0.05,0.00,0.00,0.00,0.05,0.17,0.25,492672,951762,1952437,625810,1331254,2209268,0,0,0,0,0,0,0,329072,0,345.10,406.24,450.66
214,2,33,77,100,4558,4558,4558,92721,92721,92721,591,591,591,0.18,0.63,0.92,0.06,0.24,0.33,0.04,0.19,0.33,0.00,0.00,0.00,0.00,0.03,0.07,0.00,0.00,0.00,0.03,0.17,0.27,236595,501511,821478,607988,1014913,1404669,0,0,0,0,0,0,0,382923,0,414.34,426.94,447.01
214,3,38,71,100,4454,4454,4454,92825,92825,92825,591,591,591,0.17,0.52,0.77,0.06,0.20,0.28,0.04,0.15,0.27,0.00,0.00,0.00,0.00,0.03,0.05,0.00,0.00,0.00,0.03,0.13,0.20,340689,381446,427141,699724,1096003,1496934,0,0,0,0,0,0,0,327240,0,338.74,371.39,403.59
215,0,34,60,98,4560,4560,4560,92719,92719,92719,591,591,591,0.33,0.44,0.64,0.12,0.17,0.26,0.08,0.13,0.20,0.00,0.00,0.00,0.01,0.02,0.02,0.00,0.00,0.00,0.09,0.13,0.20,324904,396218,568682,893650,1175546,1580256,0,0,0,0,0,0,0,339002,0,368.86,418.29,447.35
215,1,31,63,95,4459,4459,4459,92820,92820,92820,591,591,591,0.15,0.48,0.78,0.06,0.19,0.33,0.03,0.13,0.26,0.00,0.00,0.00,0.00,0.02,0.04,0.00,0.00,0.00,0.03,0.14,0.25,471650,796069,1564269,1153031,1538170,1891796,0,0,0,0,0,0,0,262046,0,343.63,382.52,422.97
215,2,36,75,100,4556,4556,4556,92723,92723,92723,591,591,591,0.16,0.61,0.86,0.06,0.20,0.27,0.03,0.18,0.29,0.00,0.00,0.00,0.00,0.03,0.05,0.00,0.00,0.00,0.03,0.15,0.21,317097,539270,744271,427163,1065389,1803024,0,0,0,0,0,0,0,406154,0,362.02,389.02,444.13
215,3,34,77,100,4454,4454,4454,92825,92825,92825,591,591,591,0.16,0.60,0.83,0.06,0.23,0.34,0.03,0.17,0.28,0.00,0.00,0.00,0.00,0.03,0.05,0.00,0.00,0.00,0.03,0.17,0.30,330156,519387,838526,914644,1091344,1396614,0,0,0,0,0,0,0,308857,0,378.38,413.65,448.34
216,0,0,52,100,4560,4560,4560,92719,92719,92719,591,591,591,0.00,0.37,0.78,0.00,0.15,0.30,0.00,0.11,0.22,0.00,0.00,0.00,0.00,0.02,0.04,0.00,0.00,0.00,0.00,0.11,0.26,303954,756098,1914650,317056,1261649,2471731,0,0,0,0,0,0,0,155990,0,321.53,368.41,423.77
216,1,39,85,100,4459,4459,4459,92820,92820,92820,591,591,591,0.35,0.67,0.83,0.13,0.24,0.28,0.10,0.20,0.28,0.00,0.00,0.00,0.01,0.03,0.05,0.00,0.00,0.00,0.12,0.17,0.22,313639,1036380,1609371,692405,1514909,2828818,0,0,0,0,0,0,0,357621,0,365.55,390.81,412.90
216,2,33,64,96,4556,4556,4556,92723,92723,92723,591,591,591,0.27,0.48,0.64,0.10,0.20,0.29,0.08,0.13,0.17,0.00,0.00,0.00,0.01,0.02,0.02,0.00,0.00,0.00,0.06,0.15,0.23,218256,365989,592247,773111,1045509,1407241,0,0,0,0,0,0,0,287207,0,369.57,431.37,486.54
216,3,36,73,100,4454,4454,4454,92825,92825,92825,591,591,591,0.31,0.52,0.81,0.12,0.20,0.29,0.08,0.15,0.24,0.00,0.00,0.00,0.01,0.02,0.04,0.00,0.00,0.00,0.07,0.16,0.24,345926,453379,642064,715489,1101735,1412541,0,0,0,0,0,0,0,218319,0,362.69,389.15,414.81
217,0,40,77,100,4560,4560,4560,92719,92719,92719,591,591,591,0.36,0.59,0.77,0.13,0.24,0.32,0.09,0.17,0.25,0.00,0.00,0.00,0.01,0.03,0.04,0.00,0.00,0.00,0.10,0.19,0.26,220137,732459,1635244,611493,1345247,2762096,0,0,0,0,0,0,0,352983,0,330.24,369.86,436.25
217,1,34,63,83,4459,4459,4459,92820,92820,92820,591,591,591,0.16,0.47,0.74,0.06,0.19,0.32,0.03,0.14,0.24,0.00,0.00,0.00,0.00,0.02,0.04,0.00,0.00,0.00,0.03,0.13,0.24,458611,651886,1132138,893651,1369284,1805655,0,0,0,0,0,0,0,182643,0,324.30,362.30,406.02
217,2,43,71,96,4556,4556,4556,92723,92723,92723,591,591,591,0.20,0.56,0.81,0.07,0.23,0.35,0.04,0.16,0.26,0.00,0.00,0.00,0.01,0.02,0.04,0.00,0.00,0.00,0.04,0.17,0.25,387741,555547,938213,1006293,1198856,1446565,0,0,0,0,0,0,0,301455,0,369.92,390.58,430.27
217,3,58,74,94,4454,4454,4454,92825,92825,92825,591,591,591,0.23,0.50,0.73,0.10,0.20,0.32,0.04,0.15,0.22,0.00,0.00,0.00,0.01,0.02,0.03,0.00,0.00,0.00,0.06,0.14,0.22,2620,457431,1116295,592274,1223113,2232590,0,0,0,0,0,0,0,337484,0,356.45,372.52,400.25
218,0,36,69,100,4560,4560,4560,92719,92719,92719,591,591,591,0.16,0.54,0.83,0.06,0.18,0.26,0.03,0.16,0.28,0.00,0.00,0.00,0.00,0.03,0.05,0.00,0.00,0.00,0.03,0.13,0.20,359031,652005,1029912,770476,1281475,2138444,0,0,0,0,0,0,0,330120,0,344.35,383.38,430.03
218,1,47,78,100,4459,4459,4459,92820,92820,92820,591,591,591,0.31,0.60,0.81,0.13,0.23,0.31,0.09,0.17,0.27,0.00,0.00,0.00,0.01,0.03,0.04,0.00,0.00,0.00,0.07,0.18,0.25,471707,954972,2806755,856996,1497969,2979720,0,0,0,0,0,0,0,313173,0,362.78,389.29,416.54
218,2,34,65,100,4556,4556,4556,92723,92723,92723,591,591,591,0.15,0.48,0.84,0.05,0.17,0.29,0.03,0.14,0.29,0.00,0.00,0.00,0.00,0.03,0.06,0.00,0.00,0.00,0.02,0.11,0.19,332816,540899,875296,610622,1234316,1624737,0,0,0,0,0,0,0,291887,0,356.73,376.74,415.49
218,3,36,83,100,4454,4454,4454,92825,92825,92825,591,591,591,0.37,0.73,0.91,0.13,0.27,0.36,0.12,0.22,0.32,0.00,0.00,0.00,0.02,0.04,0.07,0.00,0.00,0.00,0.07,0.20,0.31,345940,402005,560809,495308,798248,1163584,0,0,0,0,0,0,0,333517,0,390.18,419.93,465.68
219,0,36,68,97,4560,4560,4560,92719,92719,92719,591,591,591,0.31,0.51,0.85,0.12,0.20,0.33,0.09,0.14,0.21,0.00,0.00,0.00,0.01,0.02,0.03,0.00,0.00,0.00,0.07,0.16,0.26,332829,394132,497860,605352,1049956,1396769,0,0,0,0,0,0,0,282194,0,385.77,424.05,456.77
219,1,34,68,97,4459,4459,4459,92820,92820,92820,591,591,591,0.18,0.50,0.78,0.07,0.19,0.33,0.03,0.15,0.26,0.00,0.00,0.00,0.00,0.02,0.04,0.00,0.00,0.00,0.04,0.14,0.30,495298,1013408,1708182,1183654,1715524,2226722,0,0,0,0,0,0,0,366246,0,336.97,374.62,399.97
219,2,31,67,100,4556,4556,4556,92723,92723,92723,591,591,591,0.35,0.62,0.86,0.13,0.22,0.33,0.08,0.18,0.28,0.00,0.00,0.00,0.01,0.03,0.05,0.00,0.00,0.00,0.08,0.17,0.25,209384,352154,534597,474336,831722,1504209,0,0,0,0,0,0,0,356701,0,389.05,435.97,503.00
219,3,39,82,100,4454,4454,4454,92825,92825,92825,591,591,591,0.17,0.61,0.85,0.06,0.20,0.25,0.04,0.18,0.28,0.00,0.00,0.00,0.00,0.03,0.05,0.00,0.00,0.00,0.03,0.15,0.19,332776,441822,657786,521408,1007326,1630064,0,0,0,0,0,0,0,382455,0,358.12,376.43,416.16
220,0,31,77,100,4560,4560,4560,92719,92719,92719,591,591,591,0.33,0.57,0.78,0.13,0.23,0.34,0.08,0.17,0.22,0.00,0.00,0.00,0.01,0.02,0.04,0.00,0.00,0.00,0.09,0.18,0.27,232365,426975,655127,872729,1084017,1362461,0,0,0,0,0,0,0,333656,0,363.21,389.68,428.35
220,1,0,59,100,4459,4459,4459,92820,92820,92820,591,591,591,0.06,0.49,0.81,0.03,0.19,0.30,0.02,0.14,0.27,0.00,0.00,0.00,0.00,0.02,0.04,0.00,0.00,0.00,0.02,0.15,0.27,432450,638921,1320848,526803,1119539,1559305,0,0,0,0,0,0,0,313938,0,349.68,377.71,392.33
220,2,35,85,100,4556,4556,4556,92723,92723,92723,591,591,591,0.15,0.62,0.89,0.06,0.24,0.36,0.03,0.19,0.27,0.00,0.00,0.00,0.00,0.03,0.06,0.00,0.00,0.00,0.03,0.17,0.29,338064,493712,974838,634163,1000536,1386262,0,0,0,0,0,0,0,300048,0,409.35,422.17,443.86
220,3,38,74,100,4454,4454,4454,92825,92825,92825,591,591,591,0.16,0.60,0.81,0.06,0.23,0.36,0.04,0.17,0.27,0.00,0.00,0.00,0.00,0.03,0.05,0.00,0.00,0.00,0.03,0.17,0.28,49792,633244,1433525,385239,1198661,2528980,0,0,0,0,0,0,0,295833,0,389.50,426.27,480.05
221,0,35,64,100,4556,4557,4560,92719,92721,92723,591,591,591,0.17,0.52,0.92,0.06,0.18,0.32,0.04,0.15,0.33,0.00,0.00,0.00,0.00,0.03,0.07,0.00,0.00,0.00,0.03,0.12,0.18,322341,606367,1048319,518816,1305033,2151675,0,0,0,0,0,0,0,291121,0,366.99,394.91,434.17
221,1,33,61,92,4459,4459,4459,92820,92820,92820,591,591,591,0.18,0.41,0.66,0.07,0.16,0.26,0.06,0.12,0.18,0.00,0.00,0.00,0.01,0.02,0.02,0.00,0.00,0.00,0.04,0.12,0.23,463865,636800,1045622,1090162,1361136,1490988,0,0,0,0,0,0,0,279211,0,269.82,316.55,353.88
221,2,35,81,100,4556,4556,4556,92723,92723,92723,591,591,591,0.19,0.68,0.86,0.08,0.23,0.33,0.03,0.19,0.29,0.00,0.00,0.00,0.00,0.03,0.05,0.00,0.00,0.00,0.05,0.18,0.27,340673,453891,594882,490045,897823,1598584,0,0,0,0,0,0,0,413957,0,358.47,393.41,466.96
221,3,37,64,100,4454,4454,4454,92825,92825,92825,591,591,591,0.23,0.46,0.75,0.09,0.19,0.32,0.06,0.13,0.18,0.00,0.00,0.00,0.01,0.02,0.03,0.00,0.00,0.00,0.05,0.14,0.29,330206,508393,731171,815034,1255785,1640317,0,0,0,0,0,0,0,280249,0,355.66,378.46,422.42
222,0,36,81,100,4556,4556,4556,92723,92723,92723,591,591,591,0.20,0.60,0.85,0.08,0.22,0.32,0.03,0.18,0.28,0.00,0.00,0.00,0.01,0.03,0.05,0.00,0.00,0.00,0.05,0.16,0.25,335448,596138,1429274,466530,1081803,2096601,0,0,0,0,0,0,0,245932,0,380.81,442.21,497.32
222,1,32,63,100,4459,4459,4459,92820,92820,92820,591,591,591,0.15,0.43,0.68,0.06,0.17,0.28,0.03,0.13,0.21,0.00,0.00,0.00,0.00,0.02,0.03,0.00,0.00,0.00,0.03,0.12,0.20,454986,640037,1206858,893696,1334426,1665290,0,0,0,0,0,0,0,301674,0,337.46,357.29,382.09
222,2,30,63,100,4556,4556,4556,92723,92723,92723,591,591,591,0.22,0.45,0.66,0.09,0.18,0.27,0.03,0.13,0.20,0.00,0.00,0.00,0.01,0.02,0.04,0.00,0.00,0.00,0.06,0.13,0.25,205949,327362,437654,851699,1066481,1284039,0,0,0,0,0,0,0,246225,0,367.62,429.80,477.81
222,3,43,73,100,4454,4454,4454,92825,92825,92825,591,591,591,0.24,0.58,0.81,0.09,0.22,0.30,0.06,0.17,0.27,0.00,0.00,0.00,0.01,0.03,0.04,0.00,0.00,0.00,0.05,0.17,0.27,345912,370969,413564,638669,985161,1407615,0,0,0,0,0,0,0,263061,0,347.59,381.51,402.82
223,0,38,79,100,4556,4556,4556,92723,92723,92723,591,591,591,0.25,0.64,0.79,0.09,0.25,0.33,0.07,0.19,0.27,0.00,0.00,0.00,0.01,0.03,0.04,0.00,0.00,0.00,0.05,0.19,0.29,340683,385219,505759,704980,934879,1289356,0,0,0,0,0,0,0,348022,0,421.87,426.98,429.12
223,1,33,67,100,4459,4459,4459,92820,92820,92820,591,591,591,0.22,0.49,0.70,0.09,0.19,0.29,0.04,0.13,0.19,0.00,0.00,0.00,0.01,0.02,0.03,0.00,0.00,0.00,0.06,0.15,0.27,474322,564586,824837,938161,1291031,1568543,0,0,0,0,0,0,0,211676,0,331.58,366.79,401.87
223,2,35,78,100,4556,4556,4556,92723,92723,92723,591,591,591,0.32,0.59,0.81,0.13,0.22,0.29,0.10,0.18,0.27,0.00,0.00,0.00,0.01,0.03,0.04,0.00,0.00,0.00,0.07,0.17,0.24,379972,648596,804524,767806,1234952,1611669,0,0,0,0,0,0,0,388730,0,361.29,399.59,421.05
223,3,43,70,100,4454,4454,4454,92825,92825,92825,591,591,591,0.37,0.55,0.74,0.14,0.22,0.29,0.12,0.15,0.19,0.00,0.00,0.00,0.02,0.02,0.03,0.00,0.00,0.00,0.09,0.18,0.26,144105,708217,1496386,641925,1378416,2287820,0,0,0,0,0,0,0,301343,0,359.77,393.10,410.85
224,0,37,77,100,4556,4556,4556,92723,92723,92723,591,591,591,0.31,0.57,0.83,0.13,0.21,0.31,0.09,0.16,0.28,0.00,0.00,0.00,0.01,0.02,0.05,0.00,0.00,0.00,0.08,0.17,0.25,348543,646780,1436137,539842,1263687,2159447,0,0,0,0,0,0,0,384338,0,384.92,406.82,418.37
224,1,53,70,100,4459,4459,4459,92820,92820,92820,591,591,591,0.33,0.47,0.78,0.14,0.18,0.27,0.08,0.14,0.25,0.00,0.00,0.00,0.01,0.02,0.03,0.00,0.00,0.00,0.11,0.14,0.23,448099,755778,1273646,1134822,1485351,1894745,0,0,0,0,0,0,0,253304,0,326.72,354.89,388.19
224,2,33,57,94,4556,4556,4556,92723,92723,92723,591,591,591,0.16,0.42,0.67,0.06,0.17,0.29,0.03,0.12,0.22,0.00,0.00,0.00,0.00,0.02,0.03,0.00,0.00,0.00,0.03,0.12,0.20,327581,500013,980122,1006320,1258938,1498911,0,0,0,0,0,0,0,278095,0,340.11,378.21,403.05
224,3,37,73,96,4454,4454,4454,92825,92825,92825,591,591,591,0.16,0.54,0.81,0.06,0.21,0.35,0.03,0.17,0.28,0.00,0.00,0.00,0.00,0.03,0.06,0.00,0.00,0.00,0.03,0.13,0.23,361658,485159,670894,655179,1115506,1724409,0,0,0,0,0,0,0,300092,0,356.37,385.35,425.60
225,0,38,68,100,4556,4556,4556,92723,92723,92723,591,591,591,0.35,0.49,0.74,0.15,0.20,0.32,0.08,0.15,0.25,0.00,0.00,0.00,0.01,0.02,0.04,0.00,0.00,0.00,0.09,0.14,0.22,338069,456521,760002,725922,1208132,1800419,0,0,0,0,0,0,0,333863,0,339.49,372.96,391.04
225,1,38,59,86,4459,4459,4459,92820,92820,92820,591,591,591,0.33,0.42,0.56,0.14,0.17,0.25,0.10,0.12,0.15,0.00,0.00,0.00,0.01,0.02,0.02,0.00,0.00,0.00,0.08,0.13,0.21,466488,663527,1069242,1208163,1447089,1952416,0,0,0,0,0,0,0,326600,0,309.74,331.67,345.34
225,2,36,79,100,4556,4556,4556,92723,92723,92723,591,591,591,0.29,0.59,0.81,0.12,0.22,0.31,0.10,0.17,0.27,0.00,0.00,0.00,0.01,0.03,0.04,0.00,0.00,0.00,0.08,0.18,0.28,311860,480094,783576,568664,1048242,1575014,0,0,0,0,0,0,0,341460,0,376.36,403.05,440.67
225,3,36,85,100,4450,4450,4450,92829,92829,92829,591,591,591,0.17,0.66,0.86,0.06,0.22,0.31,0.04,0.19,0.28,0.00,0.00,0.00,0.00,0.03,0.05,0.00,0.00,0.00,0.03,0.17,0.25,327582,466463,670901,660266,984822,1454467,0,0,0,0,0,0,0,426956,0,350.67,376.82,439.83
226,0,33,70,100,4556,4556,4556,92723,92723,92723,591,591,591,0.16,0.56,0.82,0.06,0.21,0.33,0.03,0.16,0.27,0.00,0.00,0.00,0.00,0.03,0.04,0.00,0.00,0.00,0.03,0.16,0.27,335451,456860,625489,518896,1054384,1673954,0,0,0,0,0,0,0,367638,0,337.28,379.82,407.53
226,1,34,69,100,4459,4459,4459,92820,92820,92820,591,591,591,0.28,0.45,0.60,0.11,0.18,0.23,0.08,0.13,0.18,0.00,0.00,0.00,0.01,0.02,0.02,0.00,0.00,0.00,0.06,0.14,0.19,454326,745884,1248871,1007536,1486972,2043345,0,0,0,0,0,0,0,264576,0,343.96,357.62,381.24
226,2,34,69,100,4556,4556,4556,92723,92723,92723,591,591,591,0.20,0.57,0.84,0.09,0.20,0.33,0.03,0.17,0.28,0.00,0.00,0.00,0.00,0.03,0.05,0.00,0.00,0.00,0.05,0.14,0.20,361655,555567,809780,683953,1147478,1407235,0,0,0,0,0,0,0,340155,0,346.07,384.29,447.03
226,3,36,75,100,4450,4450,4450,92829,92829,92829,591,591,591,0.24,0.49,0.64,0.09,0.20,0.27,0.06,0.14,0.20,0.00,0.00,0.00,0.01,0.02,0.03,0.00,0.00,0.00,0.05,0.16,0.22,348229,586549,1324047,841236,1371914,2541784,0,0,0,0,0,0,0,323324,0,361.98,409.86,453.99
227,0,35,64,100,4550,4552,4556,92723,92726,92729,591,591,591,0.16,0.51,0.88,0.06,0.19,0.34,0.04,0.14,0.29,0.00,0.00,0.00,0.00,0.03,0.06,0.00,0.00,0.00,0.03,0.12,0.20,258569,650276,1902633,471695,1371661,2956157,0,0,0,0,0,0,0,289505,0,371.02,411.02,474.95
227,1,34,64,100,4459,4459,4459,92820,92820,92820,591,591,591,0.23,0.46,0.70,0.09,0.18,0.28,0.06,0.13,0.21,0.00,0.00,0.00,0.01,0.02,0.03,0.00,0.00,0.00,0.05,0.14,0.22,448057,681879,1197655,1260326,1416147,1630069,0,0,0,0,0,0,0,256372,0,338.94,347.70,357.02
227,2,36,77,100,4554,4555,4556,92723,92723,92725,591,591,591,0.16,0.59,0.92,0.06,0.23,0.35,0.03,0.17,0.33,0.00,0.00,0.00,0.00,0.03,0.07,0.00,0.00,0.00,0.03,0.16,0.30,332732,662473,1556607,479603,1201264,1905141,0,0,0,0,0,0,0,287112,0,392.35,449.72,516.34
227,3,34,64,100,4450,4450,4450,92829,92829,92829,591,591,591,0.32,0.49,0.69,0.13,0.20,0.29,0.09,0.14,0.19,0.00,0.00,0.00,0.01,0.02,0.03,0.00,0.00,0.00,0.07,0.16,0.26,244574,411094,660413,867459,1143126,1391584,0,0,0,0,0,0,0,197726,0,365.00,375.24,395.54
228,0,41,79,100,4550,4550,4550,92729,92729,92729,591,591,591,0.36,0.63,0.86,0.14,0.23,0.30,0.11,0.18,0.28,0.00,0.00,0.00,0.02,0.03,0.05,0.00,0.00,0.00,0.08,0.18,0.26,353793,482187,600118,550261,975390,1430848,0,0,0,0,0,0,0,234989,0,379.02,439.93,486.63
228,1,34,67,95,4459,4459,4459,92820,92820,92820,591,591,591,0.30,0.53,0.80,0.11,0.21,0.33,0.07,0.16,0.25,0.00,0.00,0.00,0.01,0.02,0.05,0.00,0.00,0.00,0.08,0.15,0.26,450751,542491,799319,807183,1195050,1499011,0,0,0,0,0,0,0,323515,0,331.59,361.79,404.95
228,2,33,85,100,4554,4554,4554,92725,92725,92725,591,591,591,0.32,0.72,0.86,0.15,0.25,0.35,0.04,0.21,0.29,0.00,0.00,0.00,0.01,0.04,0.05,0.00,0.00,0.00,0.12,0.19,0.29,309229,384172,550319,492696,785089,1414874,0,0,0,0,0,0,0,318207,0,364.33,406.16,492.71
228,3,38,69,99,4450,4450,4450,92829,92829,92829,591,591,591,0.17,0.53,0.91,0.06,0.19,0.34,0.04,0.16,0.31,0.00,0.00,0.00,0.00,0.03,0.06,0.00,0.00,0.00,0.03,0.12,0.19,319719,372641,445522,484828,1076464,1585537,0,0,0,0,0,0,0,311065,0,341.15,365.44,391.78
229,0,36,76,100,4550,4550,4550,92729,92729,92729,591,591,591,0.20,0.56,0.77,0.08,0.21,0.29,0.03,0.17,0.25,0.00,0.00,0.00,0.01,0.02,0.03,0.00,0.00,0.00,0.05,0.16,0.23,345814,393946,505791,781077,1037734,1423014,0,0,0,0,0,0,0,326059,0,364.87,402.35,430.32
229,1,35,78,100,4459,4459,4459,92820,92820,92820,591,591,591,0.15,0.56,0.84,0.06,0.19,0.28,0.03,0.15,0.27,0.00,0.00,0.00,0.00,0.03,0.05,0.00,0.00,0.00,0.03,0.14,0.22,466480,980104,1614358,602755,1598622,2701953,0,0,0,0,0,0,0,293289,0,341.86,354.06,367.23
229,2,36,73,100,4554,4554,4554,92725,92725,92725,591,591,591,0.16,0.48,0.89,0.06,0.19,0.35,0.03,0.14,0.29,0.00,0.00,0.00,0.00,0.03,0.06,0.00,0.00,0.00,0.03,0.12,0.20,10483,547807,1008018,1071899,1259192,1687600,0,0,0,0,0,0,0,330993,0,381.79,435.04,515.58
229,3,80,94,100,4450,4450,4450,92829,92829,92829,591,591,591,0.42,0.71,0.85,0.17,0.25,0.34,0.14,0.22,0.28,0.00,0.00,0.00,0.02,0.04,0.05,0.00,0.00,0.00,0.10,0.18,0.27,335440,773837,1557128,762551,1126260,1677511,0,0,0,0,0,0,0,335495,0,359.86,418.96,462.16
230,0,35,68,100,4550,4550,4550,92729,92729,92729,591,591,591,0.34,0.49,0.78,0.13,0.19,0.29,0.08,0.13,0.22,0.00,0.00,0.00,0.01,0.02,0.03,0.00,0.00,0.00,0.09,0.15,0.24,263815,517068,1273232,833438,1276481,2276624,0,0,0,0,0,0,0,354101,0,366.63,377.72,396.23
230,1,35,67,95,4459,4459,4459,92820,92820,92820,591,591,591,0.16,0.52,0.76,0.06,0.20,0.35,0.03,0.15,0.24,0.00,0.00,0.00,0.00,0.03,0.05,0.00,0.00,0.00,0.03,0.14,0.26,458618,668073,898928,1028018,1339848,1514777,0,0,0,0,0,0,0,264797,0,363.94,416.34,480.34
230,2,38,70,100,4554,4554,4554,92725,92725,92725,591,591,591,0.30,0.55,0.84,0.12,0.20,0.30,0.09,0.16,0.27,0.00,0.00,0.00,0.01,0.02,0.05,0.00,0.00,0.00,0.08,0.16,0.24,319688,421915,621058,497926,945522,1457171,0,0,0,0,0,0,0,287385,0,387.00,413.61,438.08
230,3,34,65,100,4450,4450,4450,92829,92829,92829,591,591,591,0.36,0.50,0.78,0.13,0.20,0.30,0.09,0.14,0.21,0.00,0.00,0.00,0.01,0.02,0.03,0.00,0.00,0.00,0.10,0.16,0.27,338067,526206,846360,830702,1261014,1855181,0,0,0,0,0,0,0,291253,0,365.25,394.81,423.46
231,0,38,58,95,4550,4550,4550,92729,92729,92729,591,591,591,0.22,0.41,0.81,0.09,0.17,0.34,0.03,0.12,0.27,0.00,0.00,0.00,0.01,0.02,0.05,0.00,0.00,0.00,0.06,0.11,0.21,338048,509977,820261,731174,1288307,1711288,0,0,0,0,0,0,0,287179,0,339.10,374.45,414.15
231,1,36,83,100,4459,4459,4459,92820,92820,92820,591,591,591,0.19,0.70,0.91,0.07,0.26,0.34,0.05,0.21,0.32,0.00,0.00,0.00,0.01,0.04,0.07,0.00,0.00,0.00,0.03,0.19,0.28,463802,607461,1111183,639442,985880,1446624,0,0,0,0,0,0,0,347303,0,369.49,425.90,496.82
231,2,35,60,96,4554,4554,4554,92725,92725,92725,591,591,591,0.15,0.47,0.81,0.06,0.18,0.34,0.03,0.14,0.28,0.00,0.00,0.00,0.00,0.02,0.06,0.00,0.00,0.00,0.03,0.12,0.22,309242,430825,652480,618463,1152541,1572242,0,0,0,0,0,0,0,267407,0,351.25,372.10,389.87
231,3,13,39,97,4450,4450,4450,92829,92829,92829,591,591,591,0.02,0.33,0.69,0.01,0.13,0.29,0.00,0.10,0.22,0.00,0.00,0.00,0.00,0.02,0.04,0.00,0.00,0.00,0.00,0.09,0.21,249830,432062,773111,605366,1063472,1493808,0,0,0,0,0,0,0,257816,0,308.30,356.21,385.18
232,0,34,78,100,4550,4550,4550,92729,92729,92729,591,591,591,0.30,0.63,0.82,0.12,0.23,0.30,0.09,0.18,0.27,0.00,0.00,0.00,0.01,0.03,0.04,0.00,0.00,0.00,0.07,0.19,0.26,348487,433963,765278,550280,1006798,1247509,0,0,0,0,0,0,0,335626,0,388.59,407.29,448.25
232,1,35,75,100,4455,4455,4455,92824,92824,92824,591,591,591,0.16,0.61,0.86,0.06,0.21,0.31,0.03,0.17,0.28,0.00,0.00,0.00,0.00,0.03,0.05,0.00,0.00,0.00,0.03,0.16,0.25,316202,845706,1967769,529333,1388845,3081353,0,0,0,0,0,0,0,383808,0,337.34,364.02,408.17
232,2,84,94,100,4554,4554,4554,92725,92725,92725,591,591,591,0.51,0.76,0.86,0.23,0.27,0.35,0.09,0.22,0.29,0.00,0.00,0.00,0.02,0.04,0.05,0.00,0.00,0.00,0.18,0.21,0.26,317076,402313,694450,427135,757056,1302484,0,0,0,0,0,0,0,468970,0,364.01,422.70,516.91
232,3,46,82,100,4450,4450,4450,92829,92829,92829,591,591,591,0.25,0.61,0.84,0.10,0.22,0.33,0.04,0.17,0.28,0.00,0.00,0.00,0.01,0.03,0.05,0.00,0.00,0.00,0.06,0.17,0.26,348518,628301,1396443,572294,1141033,2468010,0,0,0,0,0,0,0,344394,0,290.31,344.03,412.67
233,0,33,60,100,4550,4550,4550,92729,92729,92729,591,591,591,0.15,0.45,0.71,0.06,0.18,0.27,0.03,0.13,0.21,0.00,0.00,0.00,0.00,0.02,0.03,0.00,0.00,0.00,0.03,0.13,0.23,293504,395714,552937,817680,1133679,1559231,0,0,0,0,0,0,0,351137,0,363.34,391.07,418.12
233,1,36,77,96,4451,4453,4455,92824,92825,92828,591,591,591,0.15,0.48,0.81,0.06,0.19,0.35,0.03,0.14,0.27,0.00,0.00,0.00,0.00,0.02,0.05,0.00,0.00,0.00,0.02,0.12,0.22,446923,743837,1541735,841243,1477247,1868069,0,0,0,0,0,0,0,237458,0,335.27,421.17,507.06
233,2,35,69,100,4554,4554,4554,92725,92725,92725,591,591,591,0.15,0.54,0.84,0.06,0.18,0.25,0.03,0.16,0.28,0.00,0.00,0.00,0.00,0.03,0.05,0.00,0.00,0.00,0.03,0.13,0.19,346009,510933,791114,597486,1106635,1466903,0,0,0,0,0,0,0,340441,0,377.79,399.54,455.61
233,3,36,74,100,4450,4450,4450,92829,92829,92829,591,591,591,0.16,0.56,0.81,0.06,0.21,0.30,0.03,0.16,0.23,0.00,0.00,0.00,0.00,0.02,0.03,0.00,0.00,0.00,0.03,0.16,0.24,345927,545617,1016820,712800,1236419,1808262,0,0,0,0,0,0,0,208164,0,340.10,384.89,437.21
234,0,36,63,97,4550,4550,4550,92729,92729,92729,591,591,591,0.37,0.47,0.71,0.13,0.19,0.31,0.10,0.14,0.24,0.00,0.00,0.00,0.01,0.02,0.04,0.00,0.00,0.00,0.09,0.14,0.21,340700,624233,1063993,812365,1369019,1978510,0,0,0,0,0,0,0,209634,0,348.07,371.07,392.63
234,1,38,81,100,4451,4451,4451,92828,92828,92828,591,591,591,0.35,0.67,0.85,0.12,0.23,0.31,0.09,0.20,0.29,0.00,0.00,0.00,0.01,0.03,0.05,0.00,0.00,0.00,0.09,0.18,0.25,497813,842260,1810893,657768,1244257,2835581,0,0,0,0,0,0,0,360756,0,345.19,403.54,447.80
234,2,34,76,100,4554,4554,4554,92725,92725,92725,591,591,591,0.15,0.57,0.79,0.06,0.23,0.33,0.03,0.16,0.21,0.00,0.00,0.00,0.00,0.02,0.03,0.00,0.00,0.00,0.03,0.18,0.30,330227,464890,809765,733803,1052416,1797732,0,0,0,0,0,0,0,329125,0,418.88,436.59,461.75
234,3,37,71,97,4450,4450,4450,92829,92829,92829,591,591,591,0.20,0.56,0.92,0.07,0.22,0.33,0.05,0.17,0.33,0.00,0.00,0.00,0.01,0.03,0.07,0.00,0.00,0.00,0.03,0.15,0.26,309110,425609,689421,492674,1035472,1491185,0,0,0,0,0,0,0,364576,0,353.71,390.62,424.26
235,0,37,72,100,4550,4550,4550,92729,92729,92729,591,591,591,0.16,0.57,0.81,0.06,0.18,0.26,0.03,0.15,0.27,0.00,0.00,0.00,0.00,0.03,0.04,0.00,0.00,0.00,0.03,0.13,0.20,351172,809154,1609246,1158212,1490071,1796191,0,0,0,0,0,0,0,306902,0,339.51,370.43,409.29
235,1,35,56,88,4451,4451,4451,92828,92828,92828,591,591,591,0.20,0.40,0.70,0.07,0.16,0.30,0.05,0.12,0.24,0.00,0.00,0.00,0.01,0.02,0.04,0.00,0.00,0.00,0.04,0.12,0.20,453378,901479,1278737,1409927,1641152,1941688,0,0,0,0,0,0,0,190347,0,315.70,346.23,377.94
235,2,33,70,100,4554,4554,4554,92725,92725,92725,591,591,591,0.36,0.56,0.78,0.14,0.23,0.33,0.09,0.16,0.23,0.00,0.00,0.00,0.01,0.02,0.04,0.00,0.00,0.00,0.09,0.17,0.26,330203,398274,555407,702362,1021885,1262762,0,0,0,0,0,0,0,349823,0,370.75,406.15,430.89
235,3,38,74,100,4450,4450,4450,92829,92829,92829,591,591,591,0.17,0.60,0.86,0.06,0.20,0.24,0.04,0.18,0.29,0.00,0.00,0.00,0.00,0.03,0.05,0.00,0.00,0.00,0.03,0.14,0.20,573814,934274,1415124,720071,1539323,2562948,0,0,0,0,0,0,0,343484,0,355.20,362.22,365.65
236,0,33,78,100,4550,4550,4550,92729,92729,92729,591,591,591,0.15,0.52,0.81,0.06,0.22,0.34,0.03,0.17,0.26,0.00,0.00,0.00,0.00,0.03,0.04,0.00,0.00,0.00,0.03,0.17,0.31,204410,822858,2549876,825232,1419309,2819802,0,0,0,0,0,0,0,349549,0,396.36,413.88,430.46
236,1,43,71,100,4451,4451,4451,92828,92828,92828,591,591,591,0.27,0.46,0.81,0.11,0.18,0.26,0.09,0.13,0.27,0.00,0.00,0.00,0.01,0.02,0.04,0.00,0.00,0.00,0.07,0.14,0.22,307454,769719,1564513,944818,1463147,1799717,0,0,0,0,0,0,0,273039,0,319.54,351.13,371.76
236,2,34,69,100,4552,4552,4554,92725,92726,92727,591,591,591,0.16,0.55,0.86,0.06,0.18,0.25,0.03,0.16,0.29,0.00,0.00,0.00,0.00,0.03,0.05,0.00,0.00,0.00,0.03,0.14,0.19,319717,479987,691711,492694,1115548,1614301,0,0,0,0,0,0,0,318391,0,356.97,379.26,413.27
236,3,46,81,100,4450,4450,4450,92829,92829,92829,591,591,591,0.25,0.61,0.86,0.10,0.24,0.31,0.07,0.17,0.23,0.00,0.00,0.00,0.01,0.03,0.04,0.00,0.00,0.00,0.05,0.19,0.26,348564,531925,927476,731199,1096879,1624826,0,0,0,0,0,0,0,294929,0,414.43,434.45,472.54
237,0,37,62,86,4550,4550,4550,92729,92729,92729,591,591,591,0.17,0.46,0.70,0.06,0.18,0.31,0.04,0.13,0.22,0.00,0.00,0.00,0.00,0.02,0.04,0.00,0.00,0.00,0.03,0.13,0.24,360168,572384,1158375,872785,1324371,1797840,0,0,0,0,0,0,0,293751,0,351.41,379.58,419.62
237,1,38,62,77,4451,4451,4451,92828,92828,92828,591,591,591,0.22,0.41,0.55,0.08,0.16,0.22,0.05,0.12,0.16,0.00,0.00,0.00,0.01,0.02,0.02,0.00,0.00,0.00,0.05,0.12,0.18,463881,574938,930169,1063955,1366873,1752910,0,0,0,0,0,0,0,297117,0,288.44,322.34,336.30
237,2,37,71,100,4552,4552,4552,92727,92727,92727,591,591,591,0.36,0.50,0.85,0.13,0.19,0.27,0.10,0.14,0.26,0.00,0.00,0.00,0.01,0.02,0.05,0.00,0.00,0.00,0.09,0.15,0.21,309244,476948,642010,770447,1130537,1577591,0,0,0,0,0,0,0,281057,0,386.34,434.61,468.27
237,3,39,66,100,4450,4450,4450,92829,92829,92829,591,591,591,0.25,0.50,0.73,0.09,0.20,0.30,0.07,0.14,0.22,0.00,0.00,0.00,0.01,0.02,0.03,0.00,0.00,0.00,0.06,0.15,0.26,239358,653216,1577628,985323,1384696,2122722,0,0,0,0,0,0,0,362008,0,355.20,362.17,375.85
238,0,41,80,100,4550,4550,4550,92729,92729,92729,591,591,591,0.26,0.59,0.81,0.10,0.23,0.31,0.07,0.17,0.27,0.00,0.00,0.00,0.01,0.03,0.04,0.00,0.00,0.00,0.06,0.18,0.24,340610,392032,505813,517907,981855,1389060,0,0,0,0,0,0,0,344032,0,378.64,408.07,437.05
238,1,37,62,100,4451,4451,4451,92828,92828,92828,591,591,591,0.35,0.47,0.69,0.13,0.18,0.26,0.11,0.14,0.21,0.00,0.00,0.00,0.01,0.02,0.03,0.00,0.00,0.00,0.09,0.14,0.21,469107,796163,1776894,1239585,1561386,2463541,0,0,0,0,0,0,0,255847,0,337.52,343.39,349.58
238,2,34,78,100,4552,4552,4552,92727,92727,92727,591,591,591,0.25,0.55,0.80,0.09,0.22,0.32,0.05,0.16,0.27,0.00,0.00,0.00,0.01,0.02,0.04,0.00,0.00,0.00,0.05,0.17,0.29,314481,541942,906714,723289,1149932,1373237,0,0,0,0,0,0,0,361344,0,336.28,367.53,412.58
238,3,33,62,100,4450,4450,4450,92829,92829,92829,591,591,591,0.18,0.50,0.75,0.07,0.19,0.29,0.03,0.15,0.22,0.00,0.00,0.00,0.00,0.02,0.04,0.00,0.00,0.00,0.04,0.14,0.23,335391,509229,836004,817558,1170052,1423041,0,0,0,0,0,0,0,307069,0,345.08,378.62,400.94
239,0,34,79,100,4551,4551,4551,92728,92728,92728,591,591,591,0.16,0.60,0.81,0.06,0.23,0.34,0.03,0.18,0.25,0.00,0.00,0.00,0.00,0.03,0.04,0.00,0.00,0.00,0.03,0.17,0.25,314441,610068,1344385,660327,1199692,2012647,0,0,0,0,0,0,0,367795,0,357.34,394.55,421.50
239,1,49,62,100,4451,4451,4451,92828,92828,92828,591,591,591,0.27,0.46,0.73,0.10,0.18,0.30,0.08,0.13,0.20,0.00,0.00,0.00,0.01,0.02,0.03,0.00,0.00,0.00,0.06,0.14,0.27,309618,547230,925045,1042760,1267350,1768855,0,0,0,0,0,0,0,268510,0,321.59,337.51,350.31
239,2,35,67,100,4553,4553,4553,92726,92726,92726,591,591,591,0.15,0.45,0.78,0.06,0.17,0.29,0.03,0.13,0.24,0.00,0.00,0.00,0.00,0.02,0.04,0.00,0.00,0.00,0.03,0.12,0.23,227132,535010,930737,538130,1219795,1572369,0,0,0,0,0,0,0,301930,0,374.26,403.11,418.16
239,3,41,64,100,4451,4451,4451,92828,92828,92828,591,591,591,0.26,0.49,0.79,0.10,0.19,0.28,0.05,0.14,0.25,0.00,0.00,0.00,0.01,0.02,0.03,0.00,0.00,0.00,0.07,0.15,0.23,330208,407244,678761,775718,1145728,1789939,0,0,0,0,0,0,0,224182,0,349.24,364.65,392.69
240,0,38,75,100,4551,4551,4551,92728,92728,92728,591,591,591,0.18,0.56,0.84,0.06,0.19,0.25,0.04,0.17,0.28,0.00,0.00,0.00,0.00,0.03,0.05,0.00,0.00,0.00,0.03,0.13,0.20,332748,444449,723264,479471,1082840,1839608,0,0,0,0,0,0,0,295458,0,388.16,405.45,430.49
240,1,35,68,100,4451,4451,4451,92828,92828,92828,591,591,591,0.15,0.56,0.80,0.06,0.21,0.29,0.03,0.17,0.26,0.00,0.00,0.00,0.00,0.03,0.04,0.00,0.00,0.00,0.03,0.16,0.22,479585,652991,867387,1129438,1314825,1488548,0,0,0,0,0,0,0,295974,0,334.60,362.24,396.55
240,2,35,68,96,4553,4553,4553,92726,92726,92726,591,591,591,0.15,0.47,0.82,0.06,0.18,0.33,0.03,0.14,0.25,0.00,0.00,0.00,0.00,0.02,0.05,0.00,0.00,0.00,0.03,0.12,0.22,311827,460179,762619,707538,1198662,1451854,0,0,0,0,0,0,0,274015,0,359.80,397.14,445.46
240,3,50,69,92,4451,4451,4451,92828,92828,92828,591,591,591,0.38,0.43,0.53,0.14,0.17,0.21,0.08,0.12,0.16,0.00,0.00,0.00,0.01,0.02,0.02,0.00,0.00,0.00,0.10,0.13,0.16,343304,396237,476959,977500,1250031,1443939,0,0,0,0,0,0,0,313362,0,340.60,349.84,366.79
241,0,38,68,86,4551,4551,4551,92728,92728,92728,591,591,591,0.16,0.58,0.82,0.06,0.21,0.34,0.03,0.14,0.24,0.00,0.00,0.00,0.00,0.02,0.04,0.00,0.00,0.00,0.03,0.15,0.28,322344,374539,483961,794066,1103741,1407310,0,0,0,0,0,0,0,308801,0,401.96,434.03,479.85
241,1,34,59,94,4451,4451,4451,92828,92828,92828,591,591,591,0.26,0.48,0.63,0.10,0.20,0.27,0.08,0.14,0.17,0.00,0.00,0.00,0.01,0.02,0.02,0.00,0.00,0.00,0.06,0.15,0.24,487435,872037,1907900,1069269,1573064,2555223,0,0,0,0,0,0,0,226757,0,338.98,370.41,395.43
241,2,74,93,100,4553,4553,4553,92726,92726,92726,591,591,591,0.69,0.80,0.85,0.24,0.27,0.33,0.17,0.23,0.28,0.00,0.00,0.00,0.03,0.04,0.05,0.00,0.00,0.00,0.18,0.21,0.26,340673,404225,529386,508377,708865,1087534,0,0,0,0,0,0,0,317163,0,367.16,393.23,448.80
241,3,41,56,74,4451,4451,4451,92828,92828,92828,591,591,591,0.33,0.42,0.52,0.14,0.16,0.22,0.09,0.12,0.17,0.00,0.00,0.00,0.01,0.02,0.02,0.00,0.00,0.00,0.08,0.12,0.15,343305,526758,875329,1111157,1346810,1663301,0,0,0,0,0,0,0,285053,0,329.88,341.69,358.90
242,0,38,74,100,4551,4551,4551,92728,92728,92728,591,591,591,0.17,0.54,0.82,0.06,0.24,0.34,0.04,0.20,0.28,0.00,0.00,0.00,0.00,0.03,0.04,0.00,0.00,0.00,0.03,0.17,0.25,358433,702980,1525236,531109,1203275,2644267,0,0,0,0,0,0,0,339654,0,396.73,426.57,462.57
242,1,36,67,96,4451,4451,4451,92828,92828,92828,591,591,591,0.16,0.47,0.88,0.06,0.18,0.35,0.03,0.14,0.28,0.00,0.00,0.00,0.00,0.02,0.05,0.00,0.00,0.00,0.03,0.13,0.25,456004,733256,1077086,731180,1474898,2041486,0,0,0,0,0,0,0,264596,0,338.70,362.47,410.69
242,2,36,64,95,4553,4553,4553,92726,92726,92726,591,591,591,0.30,0.42,0.57,0.13,0.17,0.24,0.11,0.13,0.18,0.00,0.00,0.00,0.01,0.02,0.02,0.00,0.00,0.00,0.08,0.13,0.17,327514,567817,956528,930140,1320266,1590719,0,0,0,0,0,0,0,294823,0,360.32,413.09,468.09
242,3,36,71,100,4451,4451,4451,92828,92828,92828,591,591,591,0.16,0.54,0.81,0.06,0.21,0.35,0.03,0.16,0.27,0.00,0.00,0.00,0.00,0.03,0.06,0.00,0.00,0.00,0.03,0.14,0.27,327576,414008,699759,665575,1070959,1462342,0,0,0,0,0,0,0,258855,0,364.74,389.65,409.96
243,0,34,77,100,4551,4551,4551,92728,92728,92728,591,591,591,0.20,0.67,0.83,0.16,0.26,0.33,0.05,0.20,0.28,0.00,0.00,0.00,0.01,0.03,0.05,0.00,0.00,0.00,0.13,0.20,0.29,353753,512593,694475,503115,950765,1816118,0,0,0,0,0,0,0,320305,0,393.17,421.40,462.77
243,1,33,78,100,4451,4451,4451,92828,92828,92828,591,591,591,0.15,0.59,0.85,0.06,0.22,0.33,0.03,0.17,0.27,0.00,0.00,0.00,0.00,0.03,0.05,0.00,0.00,0.00,0.03,0.16,0.26,453280,765717,1453235,807104,1317638,1755838,0,0,0,0,0,0,0,334431,0,356.54,388.54,430.54
243,2,33,66,95,4553,4553,4553,92726,92726,92726,591,591,591,0.15,0.47,0.88,0.06,0.18,0.35,0.03,0.14,0.28,0.00,0.00,0.00,0.00,0.02,0.06,0.00,0.00,0.00,0.03,0.13,0.24,211348,523971,909493,665635,1214050,1666751,0,0,0,0,0,0,0,305196,0,359.10,385.89,431.97
243,3,77,91,100,4451,4451,4451,92828,92828,92828,591,591,591,0.68,0.79,0.87,0.24,0.28,0.34,0.15,0.23,0.29,0.00,0.00,0.00,0.03,0.04,0.05,0.00,0.00,0.00,0.18,0.21,0.27,335432,509460,836002,461236,858535,1713935,0,0,0,0,0,0,0,381635,0,353.31,406.32,490.40
244,0,35,80,100,4551,4551,4551,92728,92728,92728,591,591,591,0.37,0.65,0.91,0.07,0.23,0.34,0.05,0.18,0.30,0.00,0.00,0.00,0.01,0.03,0.06,0.00,0.00,0.00,0.04,0.17,0.26,327586,345374,353467,495302,909698,1395541,0,0,0,0,0,0,0,350168,0,408.02,422.33,438.35
244,1,37,72,100,4451,4451,4451,92828,92828,92828,591,591,591,0.16,0.53,0.87,0.06,0.21,0.35,0.04,0.15,0.28,0.00,0.00,0.00,0.00,0.02,0.05,0.00,0.00,0.00,0.03,0.15,0.27,466462,1315051,3113316,754721,1975980,4193019,0,0,0,0,0,0,0,314169,0,368.24,392.49,415.53
244,2,35,79,100,4553,4553,4553,92726,92726,92726,591,591,591,0.32,0.63,0.83,0.13,0.23,0.33,0.07,0.18,0.28,0.00,0.00,0.00,0.01,0.03,0.05,0.00,0.00,0.00,0.07,0.17,0.26,311858,439726,673469,448133,935021,1501549,0,0,0,0,0,0,0,405150,0,367.87,398.02,437.07
244,3,38,76,100,4451,4451,4451,92828,92828,92828,591,591,591,0.21,0.62,0.81,0.08,0.24,0.33,0.05,0.18,0.24,0.00,0.00,0.00,0.01,0.03,0.04,0.00,0.00,0.00,0.04,0.18,0.27,228805,627474,1488167,691850,1187523,1878549,0,0,0,0,0,0,0,353757,0,402.84,407.08,414.45
245,0,37,79,100,4547,4547,4551,92732,92732,92732,591,591,591,0.16,0.58,0.86,0.06,0.17,0.26,0.03,0.14,0.28,0.00,0.00,0.00,0.00,0.03,0.05,0.00,0.00,0.00,0.03,0.15,0.24,230600,347476,455995,356383,1152444,1572214,0,0,0,0,0,0,0,442805,0,363.16,387.33,431.07
245,1,40,78,100,4451,4451,4451,92828,92828,92828,591,591,591,0.32,0.62,0.83,0.12,0.22,0.29,0.09,0.18,0.28,0.00,0.00,0.00,0.01,0.03,0.05,0.00,0.00,0.00,0.08,0.17,0.23,461239,839659,1511922,891029,1349676,1653419,0,0,0,0,0,0,0,326665,0,357.99,382.87,418.88
245,2,36,74,100,4553,4553,4553,92726,92726,92726,591,591,591,0.23,0.54,0.74,0.09,0.21,0.31,0.06,0.16,0.26,0.00,0.00,0.00,0.01,0.02,0.04,0.00,0.00,0.00,0.05,0.16,0.21,324941,421384,518875,909490,1107944,1409874,0,0,0,0,0,0,0,313540,0,374.87,410.48,457.40
245,3,36,78,100,4451,4451,4451,92828,92828,92828,591,591,591,0.16,0.51,0.84,0.06,0.17,0.25,0.03,0.15,0.28,0.00,0.00,0.00,0.00,0.03,0.05,0.00,0.00,0.00,0.03,0.12,0.20,0,439609,713552,487415,1092601,1575023,0,0,0,0,0,0,0,365562,0,368.93,379.89,405.37
246,0,36,63,97,4547,4547,4547,92732,92732,92732,591,591,591,0.16,0.49,0.92,0.06,0.23,0.35,0.04,0.17,0.33,0.00,0.00,0.00,0.00,0.02,0.07,0.00,0.00,0.00,0.03,0.14,0.30,332828,629451,1278734,500536,1209661,1768750,0,0,0,0,0,0,0,176310,0,366.60,455.35,527.16
246,1,34,65,100,4451,4451,4451,92828,92828,92828,591,591,591,0.28,0.41,0.61,0.11,0.16,0.23,0.07,0.12,0.17,0.00,0.00,0.00,0.01,0.02,0.02,0.00,0.00,0.00,0.06,0.12,0.18,204416,797062,1540595,799320,1574245,2544079,0,0,0,0,0,0,0,315088,0,325.87,352.62,406.82
246,2,35,79,100,4553,4553,4553,92726,92726,92726,591,591,591,0.16,0.60,0.89,0.06,0.23,0.34,0.03,0.17,0.30,0.00,0.00,0.00,0.00,0.03,0.06,0.00,0.00,0.00,0.03,0.17,0.29,314491,366355,516277,552950,946544,1543589,0,0,0,0,0,0,0,299429,0,365.10,399.97,424.85
246,3,53,70,100,4451,4451,4451,92828,92828,92828,591,591,591,0.27,0.47,0.67,0.11,0.19,0.31,0.08,0.13,0.17,0.00,0.00,0.00,0.01,0.02,0.02,0.00,0.00,0.00,0.06,0.15,0.24,335437,436069,702291,870059,1181378,1543468,0,0,0,0,0,0,0,215896,0,363.19,403.36,429.31
247,0,54,90,100,4547,4547,4547,92732,92732,92732,591,591,591,0.66,0.80,0.85,0.17,0.25,0.30,0.04,0.20,0.28,0.00,0.00,0.00,0.02,0.04,0.05,0.00,0.00,0.00,0.19,0.20,0.24,330200,397259,634129,448128,577826,770504,0,0,0,0,0,0,0,395870,0,365.09,412.92,467.88
247,1,58,66,83,4451,4451,4451,92828,92828,92828,591,591,591,0.31,0.54,0.68,0.13,0.22,0.29,0.09,0.16,0.21,0.00,0.00,0.00,0.01,0.02,0.03,0.00,0.00,0.00,0.07,0.17,0.25,458603,556904,786235,1029917,1237634,1577712,0,0,0,0,0,0,0,226747,0,345.13,354.88,383.71
247,2,35,65,100,4553,4553,4553,92726,92726,92726,591,591,591,0.16,0.52,0.84,0.06,0.15,0.25,0.03,0.12,0.28,0.00,0.00,0.00,0.00,0.02,0.05,0.00,0.00,0.00,0.03,0.13,0.19,141516,476280,744179,830681,1144134,1525260,0,0,0,0,0,0,0,351243,0,375.84,396.67,432.41
247,3,32,66,100,4451,4451,4451,92828,92828,92828,591,591,591,0.15,0.53,0.80,0.06,0.20,0.30,0.03,0.16,0.27,0.00,0.00,0.00,0.00,0.03,0.04,0.00,0.00,0.00,0.03,0.16,0.22,345929,757956,1551170,1084889,1409843,1810571,0,0,0,0,0,0,0,310840,0,333.50,357.16,374.32
248,0,35,71,100,4547,4547,4547,92732,92732,92732,591,591,591,0.28,0.47,0.65,0.11,0.19,0.29,0.09,0.14,0.20,0.00,0.00,0.00,0.01,0.02,0.03,0.00,0.00,0.00,0.06,0.14,0.23,128412,490853,1070965,862118,1251880,1897338,0,0,0,0,0,0,0,362034,0,350.68,406.62,454.22
248,1,36,68,100,4451,4451,4451,92828,92828,92828,591,591,591,0.24,0.49,0.80,0.10,0.19,0.32,0.04,0.14,0.26,0.00,0.00,0.00,0.01,0.02,0.04,0.00,0.00,0.00,0.07,0.15,0.29,453191,541913,799315,817316,1219058,1884287,0,0,0,0,0,0,0,324309,0,339.72,368.65,394.95
248,2,35,71,100,4549,4552,4553,92726,92726,92730,591,591,591,0.15,0.49,0.90,0.06,0.23,0.35,0.03,0.19,0.29,0.00,0.00,0.00,0.00,0.03,0.06,0.00,0.00,0.00,0.03,0.13,0.29,322333,486482,705053,526739,1072631,1415172,0,0,0,0,0,0,0,267196,0,364.75,440.20,493.89
248,3,38,56,97,4451,4451,4451,92828,92828,92828,591,591,591,0.17,0.46,0.65,0.06,0.19,0.29,0.04,0.13,0.21,0.00,0.00,0.00,0.00,0.02,0.03,0.00,0.00,0.00,0.03,0.12,0.20,274305,449009,707600,880478,1209706,1724413,0,0,0,0,0,0,0,276440,0,329.07,366.44,407.65
249,0,35,80,100,4547,4547,4547,92732,92732,92732,591,591,591,0.26,0.58,0.81,0.10,0.22,0.31,0.07,0.18,0.27,0.00,0.00,0.00,0.01,0.03,0.04,0.00,0.00,0.00,0.06,0.17,0.24,369514,645681,1116399,668316,1241487,1810894,0,0,0,0,0,0,0,319549,0,381.34,404.76,416.86
249,1,43,72,100,4451,4451,4451,92828,92828,92828,591,591,591,0.26,0.52,0.75,0.10,0.20,0.30,0.08,0.15,0.20,0.00,0.00,0.00,0.01,0.02,0.03,0.00,0.00,0.00,0.06,0.16,0.28,454161,946532,1774216,1025779,1665887,2264172,0,0,0,0,0,0,0,369460,0,342.29,380.90,412.14
249,2,43,88,100,4549,4549,4549,92730,92730,92730,591,591,591,0.33,0.71,0.86,0.08,0.24,0.34,0.03,0.19,0.28,0.00,0.00,0.00,0.00,0.03,0.05,0.00,0.00,0.00,0.12,0.20,0.29,319751,439703,568677,448176,807612,1305076,0,0,0,0,0,0,0,388203,0,360.32,407.28,472.16
249,3,39,73,100,4451,4451,4451,92828,92828,92828,591,591,591,0.58,0.71,0.83,0.23,0.26,0.35,0.13,0.21,0.27,0.00,0.00,0.00,0.02,0.04,0.05,0.00,0.00,0.00,0.03,0.17,0.30,338068,436577,613236,513655,873646,1223476,0,0,0,0,0,0,0,351888,0,378.63,408.77,449.45
250,0,35,66,100,4547,4547,4547,92732,92732,92732,591,591,591,0.31,0.55,0.75,0.13,0.22,0.32,0.09,0.16,0.24,0.00,0.00,0.00,0.01,0.02,0.04,0.00,0.00,0.00,0.07,0.16,0.27,332751,551277,1042742,953963,1208777,1492604,0,0,0,0,0,0,0,327025,0,363.96,407.48,450.77
250,1,32,69,100,4451,4451,4451,92828,92828,92828,591,591,591,0.15,0.50,0.82,0.06,0.19,0.33,0.03,0.15,0.26,0.00,0.00,0.00,0.00,0.03,0.05,0.00,0.00,0.00,0.03,0.13,0.22,495274,1126891,1742799,875294,1789383,2576096,0,0,0,0,0,0,0,323123,0,354.83,365.84,373.20
250,2,34,68,100,4549,4549,4549,92730,92730,92730,591,591,591,0.19,0.54,0.81,0.07,0.20,0.33,0.05,0.17,0.27,0.00,0.00,0.00,0.01,0.02,0.05,0.00,0.00,0.00,0.03,0.14,0.22,255905,443312,851716,512621,1116057,1373239,0,0,0,0,0,0,0,296784,0,348.88,405.62,461.96
250,3,39,74,100,4451,4451,4451,92828,92828,92828,591,591,591,0.16,0.61,0.80,0.06,0.23,0.34,0.03,0.18,0.27,0.00,0.00,0.00,0.00,0.03,0.04,0.00,0.00,0.00,0.03,0.16,0.24,332836,670861,1422913,893677,1261033,1753092,0,0,0,0,0,0,0,290765,0,403.40,407.42,415.91
251,0,35,74,100,4547,4547,4547,92732,92732,92732,591,591,591,0.16,0.49,0.82,0.06,0.19,0.28,0.03,0.13,0.25,0.00,0.00,0.00,0.00,0.02,0.04,0.00,0.00,0.00,0.03,0.15,0.22,314484,592768,1307616,851729,1317810,2046590,0,0,0,0,0,0,0,333760,0,384.50,401.26,413.77
251,1,34,70,100,4447,4450,4451,92828,92829,92832,591,591,591,0.16,0.60,0.91,0.06,0.22,0.34,0.03,0.19,0.32,0.00,0.00,0.00,0.00,0.03,0.07,0.00,0.00,0.00,0.03,0.15,0.27,461239,530944,759957,615860,1031759,1512619,0,0,0,0,0,0,0,248195,0,339.22,411.87,493.15
251,2,35,69,100,4549,4549,4549,92730,92730,92730,591,591,591,0.16,0.53,0.83,0.06,0.21,0.33,0.03,0.15,0.25,0.00,0.00,0.00,0.00,0.02,0.05,0.00,0.00,0.00,0.03,0.15,0.26,335287,518292,806959,759999,1145038,1677203,0,0,0,0,0,0,0,287034,0,387.36,425.06,468.47
251,3,45,83,100,4451,4451,4451,92828,92828,92828,591,591,591,0.17,0.58,0.84,0.06,0.20,0.29,0.04,0.16,0.28,0.00,0.00,0.00,0.00,0.03,0.05,0.00,0.00,0.00,0.06,0.17,0.24,368686,434839,526762,544944,1038980,1656287,0,0,0,0,0,0,0,286697,0,377.50,395.00,426.94
252,0,51,66,84,4547,4547,4547,92732,92732,92732,591,591,591,0.30,0.41,0.52,0.12,0.17,0.21,0.09,0.12,0.15,0.00,0.00,0.00,0.01,0.02,0.02,0.00,0.00,0.00,0.07,0.13,0.20,351160,506828,867429,1139986,1291444,1546173,0,0,0,0,0,0,0,222502,0,325.18,359.29,404.76
252,1,32,81,100,4447,4447,4447,92832,92832,92832,591,591,591,0.29,0.59,0.84,0.12,0.22,0.35,0.03,0.16,0.28,0.00,0.00,0.00,0.01,0.03,0.05,0.00,0.00,0.00,0.07,0.18,0.32,456915,825003,1821260,634107,1360964,2172410,0,0,0,0,0,0,0,379758,0,343.75,399.85,455.60
252,2,46,78,100,4549,4549,4549,92730,92730,92730,591,591,591,0.34,0.63,0.84,0.13,0.22,0.30,0.08,0.18,0.28,0.00,0.00,0.00,0.01,0.03,0.05,0.00,0.00,0.00,0.10,0.17,0.24,319620,417179,746798,463821,906146,1304680,0,0,0,0,0,0,0,285301,0,380.91,405.49,437.06
252,3,38,62,95,4451,4451,4451,92828,92828,92828,591,591,591,0.25,0.43,0.66,0.10,0.17,0.25,0.07,0.13,0.19,0.00,0.00,0.00,0.01,0.02,0.02,0.00,0.00,0.00,0.08,0.14,0.20,332802,371610,461242,1043086,1133174,1252697,0,0,0,0,0,0,0,327447,0,351.33,377.80,427.16
253,0,36,55,79,4547,4547,4547,92732,92732,92732,591,591,591,0.27,0.42,0.70,0.10,0.17,0.30,0.07,0.11,0.22,0.00,0.00,0.00,0.01,0.02,0.04,0.00,0.00,0.00,0.06,0.12,0.23,324942,379990,445543,807095,1239566,1546298,0,0,0,0,0,0,0,303538,0,354.28,364.33,377.15
253,1,36,79,100,4447,4447,4447,92832,92832,92832,591,591,591,0.25,0.59,0.92,0.09,0.23,0.33,0.07,0.18,0.32,0.00,0.00,0.00,0.01,0.03,0.07,0.00,0.00,0.00,0.05,0.15,0.25,479570,799969,1365402,623730,1414522,2306246,0,0,0,0,0,0,0,221993,0,366.15,405.68,423.59
253,2,35,67,98,4549,4549,4549,92730,92730,92730,591,591,591,0.22,0.49,0.78,0.09,0.19,0.26,0.03,0.15,0.25,0.00,0.00,0.00,0.01,0.02,0.04,0.00,0.00,0.00,0.06,0.14,0.21,311861,625055,925152,946040,1276969,1970862,0,0,0,0,0,0,0,356347,0,331.42,381.71,432.25
253,3,37,66,100,4451,4451,4451,92828,92828,92828,591,591,591,0.26,0.48,0.68,0.10,0.20,0.27,0.06,0.14,0.19,0.00,0.00,0.00,0.01,0.02,0.03,0.00,0.00,0.00,0.06,0.15,0.25,345912,724629,1520030,893664,1462358,2230250,0,0,0,0,0,0,0,281486,0,335.76,343.62,349.53
254,0,57,87,100,4547,4547,4547,92732,92732,92732,591,591,591,0.30,0.63,0.81,0.12,0.25,0.33,0.09,0.19,0.27,0.00,0.00,0.00,0.01,0.03,0.05,0.00,0.00,0.00,0.07,0.19,0.24,13103,447782,1126844,597456,990794,1399384,0,0,0,0,0,0,0,393319,0,372.86,410.93,442.36
254,1,36,81,100,4445,4445,4445,92834,92834,92834,591,591,591,0.16,0.60,0.86,0.06,0.21,0.31,0.03,0.17,0.28,0.00,0.00,0.00,0.00,0.03,0.05,0.00,0.00,0.00,0.03,0.16,0.24,370569,596672,1105936,607178,1154487,1630040,0,0,0,0,0,0,0,386096,0,339.03,362.46,419.18
254,2,58,84,100,4549,4549,4549,92730,92730,92730,591,591,591,0.37,0.57,0.78,0.14,0.23,0.32,0.10,0.17,0.23,0.00,0.00,0.00,0.01,0.02,0.03,0.00,0.00,0.00,0.11,0.18,0.27,326352,379328,437620,698112,958248,1240379,0,0,0,0,0,0,0,321808,0,396.12,414.44,439.14
254,3,34,76,99,4451,4451,4451,92828,92828,92828,591,591,591,0.20,0.58,0.93,0.08,0.22,0.34,0.04,0.18,0.33,0.00,0.00,0.00,0.01,0.03,0.07,0.00,0.00,0.00,0.04,0.15,0.25,325081,425761,700730,484553,1047373,1480517,0,0,0,0,0,0,0,323618,0,340.30,384.44,418.11
255,0,36,66,100,4547,4547,4547,92732,92732,92732,591,591,591,0.17,0.52,0.84,0.06,0.18,0.25,0.04,0.15,0.28,0.00,0.00,0.00,0.00,0.03,0.05,0.00,0.00,0.00,0.03,0.12,0.20,332751,590124,1100681,463765,1288725,2214466,0,0,0,0,0,0,0,328925,0,365.51,381.89,397.01
255,1,36,67,96,4445,4445,4445,92834,92834,92834,591,591,591,0.16,0.51,0.76,0.06,0.20,0.33,0.03,0.15,0.23,0.00,0.00,0.00,0.00,0.03,0.04,0.00,0.00,0.00,0.03,0.14,0.26,489674,1417723,4119816,923157,2087455,5202185,0,0,0,0,0,0,0,314947,0,351.50,407.68,472.81
255,2,34,67,100,4549,4549,4549,92730,92730,92730,591,591,591,0.18,0.46,0.74,0.07,0.18,0.28,0.03,0.13,0.23,0.00,0.00,0.00,0.00,0.02,0.03,0.00,0.00,0.00,0.04,0.13,0.21,327585,487422,843789,864770,1243722,1713783,0,0,0,0,0,0,0,379697,0,363.73,394.61,428.36
255,3,38,76,100,4445,4445,4445,92834,92834,92834,591,591,591,0.17,0.63,0.85,0.06,0.22,0.34,0.04,0.17,0.28,0.00,0.00,0.00,0.00,0.03,0.05,0.00,0.00,0.00,0.03,0.18,0.30,327581,365737,421930,461234,936491,1556689,0,0,0,0,0,0,0,438000,0,354.23,387.78,447.46
256,0,35,78,100,4547,4547,4547,92732,92732,92732,591,591,591,0.31,0.64,0.84,0.13,0.25,0.34,0.09,0.19,0.28,0.00,0.00,0.00,0.01,0.03,0.05,0.00,0.00,0.00,0.07,0.18,0.27,227120,608342,1601202,445542,1087224,2007399,0,0,0,0,0,0,0,352895,0,406.97,441.46,476.95
256,1,34,83,100,4445,4445,4445,92834,92834,92834,591,591,591,0.16,0.63,0.85,0.06,0.24,0.33,0.03,0.19,0.28,0.00,0.00,0.00,0.00,0.03,0.05,0.00,0.00,0.00,0.03,0.17,0.27,476879,991122,1527850,757357,1451824,2563014,0,0,0,0,0,0,0,283314,0,367.69,419.08,467.01
256,2,36,57,90,4549,4549,4549,92730,92730,92730,591,591,591,0.29,0.47,0.72,0.12,0.18,0.28,0.10,0.14,0.18,0.00,0.00,0.00,0.01,0.02,0.03,0.00,0.00,0.00,0.08,0.14,0.26,235856,315492,385202,854258,1028581,1160948,0,0,0,0,0,0,0,278965,0,364.86,387.39,434.32
256,3,36,67,100,4445,4445,4445,92834,92834,92834,591,591,591,0.16,0.52,0.81,0.06,0.20,0.33,0.03,0.16,0.26,0.00,0.00,0.00,0.00,0.03,0.04,0.00,0.00,0.00,0.03,0.13,0.22,330158,643987,1381078,658856,1313132,1727003,0,0,0,0,0,0,0,270890,0,367.80,423.39,497.90
257,0,33,66,100,4547,4547,4547,92732,92732,92732,591,591,591,0.15,0.48,0.81,0.06,0.18,0.30,0.03,0.14,0.27,0.00,0.00,0.00,0.00,0.02,0.04,0.00,0.00,0.00,0.03,0.13,0.22,348544,513116,759992,597489,1217538,1666672,0,0,0,0,0,0,0,281414,0,348.21,380.13,406.90
257,1,32,68,100,4445,4445,4445,92834,92834,92834,591,591,591,0.30,0.60,0.83,0.11,0.22,0.29,0.09,0.17,0.27,0.00,0.00,0.00,0.01,0.03,0.05,0.00,0.00,0.00,0.07,0.17,0.27,328308,742021,1831764,627418,1246132,2696545,0,0,0,0,0,0,0,375992,0,355.92,382.38,417.48
257,2,35,69,100,4549,4549,4549,92730,92730,92730,591,591,591,0.19,0.54,0.80,0.08,0.21,0.33,0.03,0.15,0.26,0.00,0.00,0.00,0.00,0.02,0.05,0.00,0.00,0.00,0.04,0.15,0.27,311849,371088,539898,704895,1030452,1346981,0,0,0,0,0,0,0,206514,0,382.25,396.84,422.63
257,3,33,69,100,4445,4445,4445,92834,92834,92834,591,591,591,0.28,0.55,0.83,0.11,0.20,0.31,0.08,0.16,0.28,0.00,0.00,0.00,0.01,0.02,0.05,0.00,0.00,0.00,0.06,0.15,0.25,227128,432203,657629,665633,980966,1386358,0,0,0,0,0,0,0,221484,0,369.91,394.40,425.40
258,0,37,59,100,4547,4547,4547,92732,92732,92732,591,591,591,0.40,0.50,0.72,0.15,0.19,0.29,0.11,0.14,0.18,0.00,0.00,0.00,0.02,0.02,0.03,0.00,0.00,0.00,0.11,0.16,0.26,335420,418619,639461,825574,1152962,1289406,0,0,0,0,0,0,0,333192,0,371.40,396.02,421.05
258,1,45,64,81,4445,4445,4445,92834,92834,92834,591,591,591,0.24,0.49,0.67,0.09,0.20,0.26,0.06,0.15,0.21,0.00,0.00,0.00,0.01,0.02,0.03,0.00,0.00,0.00,0.05,0.15,0.24,463862,925087,1449231,1226451,1633972,2036210,0,0,0,0,0,0,0,214574,0,342.36,360.72,400.52
258,2,42,76,100,4549,4549,4549,92730,92730,92730,591,591,591,0.35,0.57,0.82,0.13,0.22,0.27,0.10,0.17,0.27,0.00,0.00,0.00,0.01,0.02,0.04,0.00,0.00,0.00,0.09,0.18,0.22,330095,488741,877975,495143,1041702,1349737,0,0,0,0,0,0,0,338182,0,387.17,409.29,441.14
258,3,44,66,100,4445,4445,4445,92834,92834,92834,591,591,591,0.28,0.48,0.70,0.11,0.19,0.28,0.08,0.14,0.21,0.00,0.00,0.00,0.01,0.02,0.03,0.00,0.00,0.00,0.07,0.15,0.22,335449,559511,1192400,773095,1303781,2112252,0,0,0,0,0,0,0,319045,0,342.70,355.02,362.73
259,0,38,67,100,4547,4547,4547,92732,92732,92732,591,591,591,0.33,0.50,0.74,0.13,0.20,0.29,0.11,0.14,0.20,0.00,0.00,0.00,0.01,0.02,0.03,0.00,0.00,0.00,0.08,0.15,0.27,259346,334876,366899,817659,1040945,1239061,0,0,0,0,0,0,0,328885,0,367.82,390.67,421.10
259,1,32,63,100,4445,4445,4445,92834,92834,92834,591,591,591,0.15,0.47,0.72,0.06,0.19,0.32,0.03,0.14,0.24,0.00,0.00,0.00,0.00,0.02,0.05,0.00,0.00,0.00,0.03,0.13,0.25,458625,596975,1097944,864898,1319232,1616782,0,0,0,0,0,0,0,305490,0,332.74,367.29,406.02
259,2,34,67,91,4549,4549,4549,92730,92730,92730,591,591,591,0.16,0.47,0.70,0.06,0.18,0.25,0.03,0.14,0.20,0.00,0.00,0.00,0.00,0.02,0.03,0.00,0.00,0.00,0.03,0.13,0.21,314458,393919,648034,740777,1101266,1631611,0,0,0,0,0,0,0,313744,0,356.52,378.00,414.33
259,3,39,62,100,4445,4445,4445,92834,92834,92834,591,591,591,0.25,0.48,0.71,0.10,0.19,0.29,0.07,0.14,0.19,0.00,0.00,0.00,0.01,0.02,0.03,0.00,0.00,0.00,0.05,0.14,0.26,341624,613947,1071849,791131,1361636,2015286,0,0,0,0,0,0,0,296374,0,315.31,347.84,362.03
260,0,35,66,96,4547,4547,4547,92732,92732,92732,591,591,591,0.39,0.50,0.66,0.14,0.20,0.26,0.10,0.15,0.19,0.00,0.00,0.00,0.01,0.02,0.02,0.00,0.00,0.00,0.10,0.15,0.23,366914,571805,1037804,940873,1302924,1813537,0,0,0,0,0,0,0,279247,0,369.52,379.11,392.65
260,1,34,75,100,4445,4445,4445,92834,92834,92834,591,591,591,0.21,0.51,0.81,0.08,0.20,0.33,0.03,0.14,0.27,0.00,0.00,0.00,0.01,0.02,0.04,0.00,0.00,0.00,0.05,0.15,0.30,319872,1102986,3099622,542919,1766806,4163397,0,0,0,0,0,0,0,360402,0,381.20,389.49,406.61
260,2,34,69,100,4549,4549,4549,92730,92730,92730,591,591,591,0.14,0.50,0.82,0.05,0.19,0.26,0.03,0.15,0.27,0.00,0.00,0.00,0.00,0.02,0.04,0.00,0.00,0.00,0.02,0.14,0.22,327573,365830,435095,670990,1024064,1396289,0,0,0,0,0,0,0,348720,0,344.58,386.55,425.84
260,3,33,54,96,4445,4445,4445,92834,92834,92834,591,591,591,0.15,0.44,0.90,0.05,0.17,0.35,0.03,0.14,0.29,0.00,0.00,0.00,0.00,0.02,0.06,0.00,0.00,0.00,0.02,0.10,0.20,263815,387119,628767,558210,1097091,1459263,0,0,0,0,0,0,0,298387,0,331.37,366.80,420.83
261,0,54,80,97,4547,4547,4547,92732,92732,92732,591,591,591,0.33,0.51,0.78,0.13,0.20,0.29,0.08,0.15,0.23,0.00,0.00,0.00,0.01,0.02,0.03,0.00,0.00,0.00,0.09,0.16,0.25,335442,381558,521473,752124,1103796,1559178,0,0,0,0,0,0,0,328130,0,368.61,387.07,417.53
261,1,43,77,100,4445,4445,4445,92834,92834,92834,591,591,591,0.36,0.63,0.92,0.13,0.25,0.33,0.09,0.20,0.33,0.00,0.00,0.00,0.01,0.03,0.07,0.00,0.00,0.00,0.10,0.18,0.26,476966,646261,849098,663043,1174069,1892162,0,0,0,0,0,0,0,300007,0,346.25,376.20,406.58
261,2,36,68,100,4549,4549,4549,92730,92730,92730,591,591,591,0.16,0.54,0.82,0.06,0.21,0.34,0.03,0.16,0.27,0.00,0.00,0.00,0.00,0.03,0.05,0.00,0.00,0.00,0.03,0.14,0.25,319722,586313,820298,657788,1190609,1694510,0,0,0,0,0,0,0,274308,0,388.59,420.56,459.97
261,3,77,92,100,4445,4445,4445,92834,92834,92834,591,591,591,0.40,0.74,0.86,0.19,0.26,0.35,0.05,0.21,0.29,0.00,0.00,0.00,0.02,0.04,0.05,0.00,0.00,0.00,0.16,0.21,0.31,330183,644137,1244809,524101,1024622,1517123,0,0,0,0,0,0,0,393207,0,337.36,382.97,465.03
262,0,36,60,100,4547,4547,4547,92732,92732,92732,591,591,591,0.16,0.50,0.74,0.06,0.19,0.29,0.03,0.15,0.22,0.00,0.00,0.00,0.00,0.02,0.04,0.00,0.00,0.00,0.03,0.15,0.31,340691,648170,1558400,1014212,1372980,2052527,0,0,0,0,0,0,0,347760,0,351.24,379.46,402.19
262,1,35,64,100,4445,4445,4445,92834,92834,92834,591,591,591,0.16,0.50,0.85,0.06,0.17,0.28,0.03,0.14,0.28,0.00,0.00,0.00,0.00,0.02,0.05,0.00,0.00,0.00,0.03,0.14,0.31,458603,929690,2072109,618266,1648828,2340033,0,0,0,0,0,0,0,388436,0,332.91,348.02,375.36
262,2,34,79,100,4549,4549,4549,92730,92730,92730,591,591,591,0.18,0.61,0.84,0.07,0.22,0.31,0.03,0.18,0.28,0.00,0.00,0.00,0.00,0.03,0.05,0.00,0.00,0.00,0.04,0.17,0.27,322343,393936,573029,487457,920639,1333927,0,0,0,0,0,0,0,337621,0,381.02,420.62,460.68
262,3,35,65,100,4445,4445,4445,92834,92834,92834,591,591,591,0.16,0.51,0.90,0.06,0.19,0.35,0.03,0.14,0.29,0.00,0.00,0.00,0.00,0.03,0.06,0.00,0.00,0.00,0.03,0.12,0.21,330220,465002,673493,652449,1179895,1489223,0,0,0,0,0,0,0,249496,0,349.30,409.46,498.98
263,0,60,74,100,4547,4547,4547,92732,92732,92732,591,591,591,0.31,0.53,0.66,0.12,0.21,0.28,0.09,0.15,0.18,0.00,0.00,0.00,0.01,0.02,0.03,0.00,0.00,0.00,0.07,0.17,0.25,332816,420596,539865,945970,1119627,1339181,0,0,0,0,0,0,0,238422,0,373.50,399.01,421.99
263,1,37,75,99,4445,4445,4445,92834,92834,92834,591,591,591,0.32,0.53,0.77,0.13,0.23,0.35,0.10,0.14,0.20,0.00,0.00,0.00,0.01,0.02,0.02,0.00,0.00,0.00,0.08,0.15,0.25,484822,878886,1730873,1045606,1451705,1862723,0,0,0,0,0,0,0,224983,0,409.34,428.95,445.41
263,2,37,72,96,4549,4549,4549,92730,92730,92730,591,591,591,0.35,0.52,0.74,0.13,0.20,0.26,0.09,0.15,0.24,0.00,0.00,0.00,0.01,0.02,0.03,0.00,0.00,0.00,0.10,0.16,0.21,345938,494647,762591,875244,1161613,1561995,0,0,0,0,0,0,0,248305,0,364.75,392.35,437.83
263,3,36,81,100,4445,4445,4445,92834,92834,92834,591,591,591,0.21,0.63,0.85,0.08,0.22,0.30,0.05,0.18,0.29,0.00,0.00,0.00,0.01,0.03,0.05,0.00,0.00,0.00,0.05,0.16,0.23,260331,353339,456002,366910,779625,1399455,0,0,0,0,0,0,0,278908,0,371.28,421.71,457.78
264,0,36,65,100,4547,4547,4547,92732,92732,92732,591,591,591,0.29,0.46,0.66,0.11,0.18,0.27,0.07,0.13,0.19,0.00,0.00,0.00,0.01,0.02,0.02,0.00,0.00,0.00,0.07,0.14,0.25,340671,420880,500552,896228,1196603,1554072,0,0,0,0,0,0,0,290024,0,374.44,382.51,409.48
264,1,36,75,100,4445,4445,4445,92834,92834,92834,591,591,591,0.16,0.57,0.82,0.06,0.21,0.29,0.03,0.17,0.27,0.00,0.00,0.00,0.00,0.03,0.05,0.00,0.00,0.00,0.03,0.15,0.24,461246,599574,1034997,746867,1208061,2140740,0,0,0,0,0,0,0,314624,0,329.66,364.57,382.45
264,2,34,67,100,4549,4549,4549,92730,92730,92730,591,591,591,0.25,0.52,0.89,0.09,0.20,0.36,0.06,0.15,0.28,0.00,0.00,0.00,0.01,0.02,0.06,0.00,0.00,0.00,0.06,0.15,0.21,345925,550358,786209,611199,1239596,1810901,0,0,0,0,0,0,0,339989,0,355.56,373.36,401.68
264,3,34,71,100,4445,4445,4445,92834,92834,92834,591,591,591,0.16,0.46,0.65,0.06,0.18,0.25,0.03,0.14,0.20,0.00,0.00,0.00,0.00,0.02,0.03,0.00,0.00,0.00,0.03,0.13,0.24,335442,534074,1056116,888412,1324961,1750584,0,0,0,0,0,0,0,255954,0,337.04,366.66,418.58
265,0,37,70,97,4547,4547,4547,92732,92732,92732,591,591,591,0.17,0.54,0.78,0.06,0.21,0.33,0.04,0.16,0.26,0.00,0.00,0.00,0.00,0.03,0.05,0.00,0.00,0.00,0.03,0.14,0.23,356401,503165,872689,736419,1213888,1970757,0,0,0,0,0,0,0,344429,0,370.56,392.91,427.79
265,1,50,70,97,4445,4445,4445,92834,92834,92834,591,591,591,0.24,0.59,0.81,0.09,0.24,0.34,0.05,0.18,0.26,0.00,0.00,0.00,0.01,0.03,0.05,0.00,0.00,0.00,0.06,0.17,0.26,469094,848043,1281523,901502,1408859,1645794,0,0,0,0,0,0,0,318264,0,368.86,395.42,416.52
265,2,33,79,100,4547,4547,4549,92730,92731,92732,591,591,591,0.15,0.52,0.84,0.05,0.17,0.25,0.03,0.16,0.28,0.00,0.00,0.00,0.00,0.03,0.05,0.00,0.00,0.00,0.02,0.12,0.19,241105,311840,361656,429780,909673,1305094,0,0,0,0,0,0,0,308524,0,347.76,365.71,401.50
265,3,66,78,100,4445,4445,4445,92834,92834,92834,591,591,591,0.40,0.60,0.81,0.15,0.24,0.31,0.11,0.18,0.26,0.00,0.00,0.00,0.01,0.03,0.04,0.00,0.00,0.00,0.11,0.18,0.24,374746,526471,909331,854647,1133759,1328645,0,0,0,0,0,0,0,300399,0,344.33,370.53,403.04
266,0,37,76,100,4547,4547,4547,92732,92732,92732,591,591,591,0.30,0.62,0.83,0.12,0.23,0.33,0.07,0.17,0.28,0.00,0.00,0.00,0.01,0.03,0.05,0.00,0.00,0.00,0.08,0.18,0.30,330160,387908,421964,551633,936340,1396633,0,0,0,0,0,0,0,329449,0,392.79,430.43,456.79
266,1,36,81,100,4445,4445,4445,92834,92834,92834,591,591,591,0.16,0.67,0.85,0.06,0.23,0.34,0.03,0.19,0.28,0.00,0.00,0.00,0.00,0.03,0.05,0.00,0.00,0.00,0.04,0.18,0.27,443557,955414,1408768,561127,1485572,2251972,0,0,0,0,0,0,0,383492,0,334.19,364.16,418.72
266,2,33,69,100,4547,4547,4547,92732,92732,92732,591,591,591,0.15,0.63,0.90,0.06,0.24,0.36,0.03,0.19,0.29,0.00,0.00,0.00,0.00,0.03,0.06,0.00,0.00,0.00,0.03,0.16,0.29,327557,447590,678754,542435,909863,1698196,0,0,0,0,0,0,0,349314,0,425.21,472.99,532.58
266,3,34,61,96,4445,4445,4445,92834,92834,92834,591,591,591,0.16,0.55,0.81,0.06,0.21,0.34,0.03,0.16,0.27,0.00,0.00,0.00,0.00,0.03,0.05,0.00,0.00,0.00,0.03,0.15,0.26,239328,352875,518861,588712,997633,1377984,0,0,0,0,0,0,0,384911,0,344.41,379.13,404.59
267,0,34,63,100,4547,4547,4547,92732,92732,92732,591,591,591,0.15,0.51,0.68,0.06,0.21,0.29,0.03,0.15,0.22,0.00,0.00,0.00,0.00,0.02,0.03,0.00,0.00,0.00,0.03,0.15,0.25,322327,406204,552994,807170,1083383,1336481,0,0,0,0,0,0,0,321820,0,367.06,396.72,417.69
267,1,32,68,100,4445,4445,4445,92834,92834,92834,591,591,591,0.15,0.46,0.65,0.06,0.19,0.27,0.03,0.14,0.21,0.00,0.00,0.00,0.00,0.02,0.03,0.00,0.00,0.00,0.03,0.14,0.24,463876,724246,1391363,1178854,1411302,1876113,0,0,0,0,0,0,0,265616,0,353.67,413.89,467.80
267,2,38,87,100,4545,4545,4545,92734,92734,92734,591,591,591,0.17,0.68,0.86,0.07,0.23,0.34,0.03,0.19,0.29,0.00,0.00,0.00,0.00,0.03,0.05,0.00,0.00,0.00,0.04,0.18,0.28,314459,372987,496997,455966,830861,1294621,0,0,0,0,0,0,0,420264,0,359.50,387.53,451.89
267,3,38,81,100,4445,4445,4445,92834,92834,92834,591,591,591,0.16,0.60,0.83,0.06,0.21,0.34,0.04,0.17,0.28,0.00,0.00,0.00,0.00,0.03,0.05,0.00,0.00,0.00,0.03,0.16,0.27,322344,534587,1111159,497788,1105356,2222319,0,0,0,0,0,0,0,382465,0,366.03,384.28,411.87
268,0,53,81,97,4547,4547,4547,92732,92732,92732,591,591,591,0.34,0.52,0.77,0.13,0.21,0.29,0.08,0.15,0.22,0.00,0.00,0.00,0.01,0.02,0.03,0.00,0.00,0.00,0.09,0.16,0.25,330211,580264,1354791,913622,1301141,1766207,0,0,0,0,0,0,0,336226,0,360.53,391.37,420.04
268,1,34,69,100,4445,4445,4445,92834,92834,92834,591,591,591,0.26,0.55,0.78,0.10,0.22,0.32,0.06,0.16,0.25,0.00,0.00,0.00,0.01,0.02,0.05,0.00,0.00,0.00,0.07,0.17,0.25,471758,542423,788555,830699,1214292,1807653,0,0,0,0,0,0,0,346509,0,340.62,359.70,391.81
268,2,36,68,100,4545,4545,4545,92734,92734,92734,591,591,591,0.16,0.54,0.82,0.06,0.20,0.33,0.03,0.16,0.28,0.00,0.00,0.00,0.00,0.03,0.05,0.00,0.00,0.00,0.03,0.15,0.26,207906,309365,351159,490051,928636,1378524,0,0,0,0,0,0,0,283011,0,384.62,431.72,510.75
268,3,36,72,100,4445,4445,4445,92834,92834,92834,591,591,591,0.15,0.54,0.81,0.06,0.21,0.27,0.03,0.15,0.27,0.00,0.00,0.00,0.00,0.02,0.04,0.00,0.00,0.00,0.03,0.16,0.23,330209,402979,641988,799301,1027646,1352285,0,0,0,0,0,0,0,232704,0,385.26,411.16,448.83
269,0,37,59,98,4545,4546,4547,92732,92733,92734,591,591,591,0.17,0.45,0.89,0.06,0.18,0.34,0.04,0.12,0.29,0.00,0.00,0.00,0.00,0.02,0.06,0.00,0.00,0.00,0.03,0.11,0.20,227073,424318,752141,473361,1278644,1900008,0,0,0,0,0,0,0,163663,0,373.08,398.87,446.68
269,1,34,67,100,4445,4445,4445,92834,92834,92834,591,591,591,0.20,0.56,0.82,0.08,0.20,0.31,0.05,0.16,0.27,0.00,0.00,0.00,0.01,0.03,0.04,0.00,0.00,0.00,0.04,0.16,0.25,447234,859473,1569723,691032,1454712,2564906,0,0,0,0,0,0,0,258931,0,327.38,363.03,384.56
269,2,33,80,100,4545,4545,4545,92734,92734,92734,591,591,591,0.15,0.59,0.83,0.06,0.22,0.33,0.03,0.18,0.28,0.00,0.00,0.00,0.00,0.03,0.05,0.00,0.00,0.00,0.03,0.16,0.26,311855,332820,361647,448128,848428,1336509,0,0,0,0,0,0,0,259925,0,393.48,433.94,473.21
269,3,33,58,94,4445,4445,4445,92834,92834,92834,591,591,591,0.27,0.44,0.65,0.10,0.17,0.24,0.08,0.13,0.18,0.00,0.00,0.00,0.01,0.02,0.02,0.00,0.00,0.00,0.06,0.13,0.19,296994,371683,474345,990583,1152605,1284139,0,0,0,0,0,0,0,301760,0,341.75,366.17,402.01
270,0,83,96,100,4545,4545,4545,92734,92734,92734,591,591,591,0.77,0.85,0.92,0.25,0.30,0.35,0.22,0.27,0.33,0.00,0.00,0.00,0.03,0.05,0.07,0.00,0.00,0.00,0.18,0.21,0.25,343282,441833,812399,458625,633135,927707,0,0,0,0,0,0,0,419888,0,377.08,443.74,521.59
270,1,34,58,100,4445,4445,4445,92834,92834,92834,591,591,591,0.15,0.43,0.70,0.06,0.17,0.25,0.03,0.13,0.21,0.00,0.00,0.00,0.00,0.02,0.03,0.00,0.00,0.00,0.03,0.13,0.21,450743,696555,1543491,1116377,1432957,2041391,0,0,0,0,0,0,0,276361,0,335.44,364.83,410.04
270,2,32,67,100,4545,4545,4545,92734,92734,92734,591,591,591,0.35,0.53,0.81,0.12,0.20,0.28,0.09,0.15,0.25,0.00,0.00,0.00,0.01,0.02,0.04,0.00,0.00,0.00,0.09,0.16,0.23,332770,560785,998460,688921,1195983,1740099,0,0,0,0,0,0,0,293804,0,370.49,398.67,422.68
270,3,35,67,100,4445,4445,4445,92834,92834,92834,591,591,591,0.25,0.45,0.70,0.10,0.18,0.27,0.06,0.13,0.23,0.00,0.00,0.00,0.01,0.02,0.03,0.00,0.00,0.00,0.06,0.14,0.22,340696,600628,1446460,961813,1390478,2460555,0,0,0,0,0,0,0,278625,0,335.79,348.26,363.79
272,0,37,80,100,4541,4541,4545,92734,92737,92738,591,591,591,0.17,0.58,0.86,0.06,0.21,0.32,0.04,0.17,0.29,0.00,0.00,0.00,0.00,0.03,0.05,0.00,0.00,0.00,0.03,0.16,0.27,332803,550460,1121207,529296,1155919,2103574,0,0,0,0,0,0,0,795938,0,371.40,422.68,494.20
272,1,33,66,100,4445,4445,4445,92834,92834,92834,591,591,591,0.16,0.45,0.76,0.06,0.18,0.32,0.03,0.13,0.24,0.00,0.00,0.00,0.00,0.02,0.05,0.00,0.00,0.00,0.03,0.13,0.26,458625,704044,1294219,843615,1428516,2204959,0,0,0,0,0,0,0,654227,0,302.01,347.18,405.57
272,2,33,71,100,4545,4545,4545,92734,92734,92734,591,591,591,0.15,0.51,0.81,0.06,0.20,0.33,0.03,0.15,0.27,0.00,0.00,0.00,0.00,0.02,0.04,0.00,0.00,0.00,0.03,0.15,0.29,298748,417781,1008930,686489,1092252,1501603,0,0,0,0,0,0,0,787463,0,355.37,387.80,415.42
272,3,36,70,100,4445,4445,4445,92834,92834,92834,591,591,591,0.17,0.48,0.78,0.06,0.19,0.33,0.04,0.14,0.25,0.00,0.00,0.00,0.00,0.02,0.04,0.00,0.00,0.00,0.03,0.13,0.23,232366,414969,704983,798185,1180394,1614364,0,0,0,0,0,0,0,715961,0,328.74,360.69,407.64
273,0,37,58,95,4541,4541,4541,92738,92738,92738,591,591,591,0.18,0.44,0.75,0.07,0.18,0.33,0.04,0.13,0.24,0.00,0.00,0.00,0.00,0.02,0.04,0.00,0.00,0.00,0.04,0.13,0.25,327585,417239,568614,736430,1197709,1658677,0,0,0,0,0,0,0,278665,0,349.59,385.52,428.41
273,1,35,77,100,4445,4445,4445,92834,92834,92834,591,591,591,0.23,0.62,0.85,0.10,0.23,0.31,0.03,0.18,0.28,0.00,0.00,0.00,0.01,0.03,0.05,0.00,0.00,0.00,0.07,0.17,0.25,497914,675030,1297114,757374,1179699,1639849,0,0,0,0,0,0,0,371895,0,356.37,376.04,416.44
273,2,35,74,100,4545,4545,4545,92734,92734,92734,591,591,591,0.15,0.57,0.82,0.05,0.20,0.29,0.03,0.17,0.27,0.00,0.00,0.00,0.00,0.03,0.05,0.00,0.00,0.00,0.02,0.14,0.23,322258,426632,670917,626328,1024089,1406933,0,0,0,0,0,0,0,332309,0,400.31,406.57,413.84
273,3,47,67,100,4445,4445,4445,92834,92834,92834,591,591,591,0.23,0.52,0.82,0.09,0.20,0.29,0.06,0.15,0.25,0.00,0.00,0.00,0.01,0.02,0.04,0.00,0.00,0.00,0.05,0.16,0.24,335413,675567,1372993,1003788,1322856,1676938,0,0,0,0,0,0,0,269050,0,375.05,394.13,417.32
274,0,32,71,100,4541,4541,4541,92738,92738,92738,591,591,591,0.16,0.60,0.82,0.06,0.22,0.32,0.03,0.18,0.28,0.00,0.00,0.00,0.00,0.03,0.04,0.00,0.00,0.00,0.03,0.17,0.26,327589,818682,1727030,552954,1389451,2358460,0,0,0,0,0,0,0,367243,0,382.58,410.87,425.92
274,1,34,67,100,4445,4445,4445,92834,92834,92834,591,591,591,0.28,0.49,0.71,0.11,0.20,0.33,0.07,0.14,0.21,0.00,0.00,0.00,0.01,0.02,0.03,0.00,0.00,0.00,0.07,0.16,0.25,469146,710193,1040410,1090032,1450790,2012680,0,0,0,0,0,0,0,310648,0,347.61,386.31,427.80
274,2,32,57,85,4545,4545,4545,92734,92734,92734,591,591,591,0.23,0.40,0.65,0.10,0.17,0.29,0.04,0.11,0.21,0.00,0.00,0.00,0.01,0.02,0.03,0.00,0.00,0.00,0.06,0.12,0.22,324958,434647,742422,940811,1192020,1407188,0,0,0,0,0,0,0,294328,0,346.85,394.63,446.21
274,3,38,71,100,4445,4445,4445,92834,92834,92834,591,591,591,0.24,0.45,0.61,0.09,0.18,0.24,0.07,0.13,0.19,0.00,0.00,0.00,0.01,0.02,0.03,0.00,0.00,0.00,0.05,0.13,0.18,345926,471691,644672,985329,1309736,1632397,0,0,0,0,0,0,0,198428,0,320.42,342.75,360.56
275,0,39,79,100,4541,4541,4541,92738,92738,92738,591,591,591,0.39,0.59,0.81,0.17,0.23,0.30,0.11,0.17,0.23,0.00,0.00,0.00,0.02,0.02,0.03,0.00,0.00,0.00,0.14,0.18,0.25,347494,606370,1273462,864824,1217971,1674367,0,0,0,0,0,0,0,233749,0,376.29,403.25,419.09
275,1,36,55,97,4441,4443,4445,92834,92836,92838,591,591,591,0.18,0.51,0.92,0.07,0.19,0.32,0.03,0.15,0.32,0.00,0.00,0.00,0.00,0.03,0.07,0.00,0.00,0.00,0.04,0.12,0.20,467999,754889,1353905,628952,1475481,2405583,0,0,0,0,0,0,0,190031,0,338.77,371.65,419.32
275,2,33,80,100,4545,4545,4545,92734,92734,92734,591,591,591,0.15,0.62,0.80,0.05,0.24,0.34,0.03,0.19,0.27,0.00,0.00,0.00,0.00,0.03,0.05,0.00,0.00,0.00,0.02,0.16,0.25,221874,550776,1071848,585260,1064860,1378465,0,0,0,0,0,0,0,213156,0,408.96,422.72,429.34
275,3,37,72,100,4445,4445,4445,92834,92834,92834,591,591,591,0.32,0.56,0.69,0.13,0.23,0.29,0.10,0.17,0.22,0.00,0.00,0.00,0.01,0.02,0.03,0.00,0.00,0.00,0.07,0.17,0.25,2620,477680,1043005,826732,1146179,1551404,0,0,0,0,0,0,0,318969,0,361.90,377.67,403.83
276,0,0,63,100,4541,4541,4541,92738,92738,92738,591,591,591,0.00,0.43,0.77,0.00,0.16,0.27,0.00,0.12,0.24,0.00,0.00,0.00,0.00,0.02,0.04,0.00,0.00,0.00,0.00,0.13,0.25,314514,387336,534621,324998,913037,1433495,0,0,0,0,0,0,0,275472,0,341.33,377.56,404.93
276,1,35,78,100,4441,4441,4441,92838,92838,92838,591,591,591,0.29,0.65,0.85,0.12,0.23,0.34,0.10,0.19,0.28,0.00,0.00,0.00,0.01,0.03,0.05,0.00,0.00,0.00,0.08,0.18,0.31,479509,978456,1362680,610523,1397385,2209224,0,0,0,0,0,0,0,321454,0,351.16,407.91,444.86
276,2,35,80,100,4545,4545,4545,92734,92734,92734,591,591,591,0.16,0.63,0.83,0.06,0.23,0.31,0.03,0.17,0.28,0.00,0.00,0.00,0.00,0.03,0.05,0.00,0.00,0.00,0.03,0.18,0.27,319714,377352,490090,482227,876769,1286145,0,0,0,0,0,0,0,413518,0,374.19,398.89,450.18
276,3,36,61,100,4445,4445,4445,92834,92834,92834,591,591,591,0.26,0.49,0.78,0.10,0.19,0.31,0.07,0.14,0.24,0.00,0.00,0.00,0.01,0.02,0.04,0.00,0.00,0.00,0.05,0.15,0.26,340696,486399,783587,744261,1265442,1797795,0,0,0,0,0,0,0,305231,0,356.94,381.43,405.41
277,0,0,27,93,4541,4541,4541,92738,92738,92738,591,591,591,0.00,0.21,0.64,0.00,0.09,0.24,0.00,0.07,0.22,0.00,0.00,0.00,0.00,0.01,0.04,0.00,0.00,0.00,0.00,0.06,0.15,304030,629509,1538466,319756,795656,1551570,0,0,0,0,0,0,0,229147,0,202.31,249.37,302.13
277,1,30,55,100,4441,4441,4441,92838,92838,92838,591,591,591,0.13,0.44,0.66,0.05,0.18,0.26,0.03,0.13,0.19,0.00,0.00,0.00,0.00,0.02,0.03,0.00,0.00,0.00,0.02,0.13,0.24,455992,617427,1008947,1150490,1288318,1499007,0,0,0,0,0,0,0,270013,0,329.32,352.02,396.95
277,2,30,70,100,4545,4545,4545,92734,92734,92734,591,591,591,0.14,0.52,0.81,0.05,0.20,0.28,0.03,0.16,0.26,0.00,0.00,0.00,0.00,0.02,0.04,0.00,0.00,0.00,0.02,0.14,0.23,343221,464343,723231,825502,1056175,1286574,0,0,0,0,0,0,0,315169,0,387.21,415.84,473.36
277,3,38,82,100,4441,4444,4445,92834,92834,92838,591,591,591,0.17,0.61,0.91,0.06,0.23,0.34,0.04,0.19,0.30,0.00,0.00,0.00,0.00,0.03,0.06,0.00,0.00,0.00,0.03,0.16,0.26,323909,431661,678736,581759,976017,1452369,0,0,0,0,0,0,0,280616,0,381.74,406.62,421.61
278,0,37,64,100,4541,4541,4541,92738,92738,92738,591,591,591,0.16,0.52,0.82,0.06,0.19,0.31,0.03,0.15,0.28,0.00,0.00,0.00,0.00,0.02,0.04,0.00,0.00,0.00,0.03,0.15,0.25,225333,403618,696926,587180,1080360,1446629,0,0,0,0,0,0,0,354903,0,264.95,351.75,402.48
278,1,35,77,100,4441,4441,4441,92838,92838,92838,591,591,591,0.20,0.51,0.65,0.07,0.20,0.26,0.05,0.15,0.20,0.00,0.00,0.00,0.01,0.02,0.03,0.00,0.00,0.00,0.04,0.15,0.20,322380,755691,1750694,991149,1443174,2712528,0,0,0,0,0,0,0,294711,0,346.70,362.68,394.27
278,2,34,69,100,4545,4545,4545,92734,92734,92734,591,591,591,0.17,0.47,0.70,0.06,0.18,0.27,0.03,0.13,0.21,0.00,0.00,0.00,0.00,0.02,0.03,0.00,0.00,0.00,0.03,0.14,0.23,211399,524480,922467,885753,1255992,1517354,0,0,0,0,0,0,0,360309,0,353.90,397.06,436.65
278,3,34,86,100,4441,4441,4441,92838,92838,92838,591,591,591,0.33,0.72,0.86,0.16,0.25,0.35,0.04,0.20,0.29,0.00,0.00,0.00,0.01,0.04,0.05,0.00,0.00,0.00,0.13,0.20,0.32,154616,373111,605243,474370,797502,1469308,0,0,0,0,0,0,0,426970,0,358.09,393.68,459.74
279,0,38,71,100,4541,4541,4541,92738,92738,92738,591,591,591,0.17,0.52,0.82,0.06,0.20,0.30,0.04,0.15,0.29,0.00,0.00,0.00,0.00,0.03,0.06,0.00,0.00,0.00,0.03,0.14,0.23,324905,406705,644712,799163,1116826,1485453,0,0,0,0,0,0,0,299467,0,352.37,404.64,450.86
279,1,33,66,100,4441,4441,4441,92838,92838,92838,591,591,591,0.23,0.44,0.68,0.09,0.17,0.26,0.05,0.12,0.22,0.00,0.00,0.00,0.01,0.02,0.02,0.00,0.00,0.00,0.05,0.13,0.21,467936,531238,731168,1084956,1311014,1588129,0,0,0,0,0,0,0,294007,0,340.01,354.52,371.67
279,2,36,81,100,4545,4545,4545,92734,92734,92734,591,591,591,0.19,0.57,0.81,0.07,0.22,0.31,0.05,0.17,0.27,0.00,0.00,0.00,0.00,0.03,0.04,0.00,0.00,0.00,0.04,0.16,0.24,309240,421918,584413,592202,1016280,1585515,0,0,0,0,0,0,0,324101,0,390.86,411.63,423.12
279,3,32,74,100,4441,4441,4441,92838,92838,92838,591,591,591,0.30,0.51,0.65,0.12,0.20,0.26,0.09,0.15,0.19,0.00,0.00,0.00,0.01,0.02,0.03,0.00,0.00,0.00,0.07,0.15,0.20,340676,713615,1626196,990553,1476363,2462875,0,0,0,0,0,0,0,305712,0,356.52,400.63,453.05
280,0,41,79,100,4541,4541,4541,92738,92738,92738,591,591,591,0.33,0.63,0.84,0.14,0.24,0.34,0.08,0.19,0.28,0.00,0.00,0.00,0.01,0.03,0.05,0.00,0.00,0.00,0.10,0.19,0.26,445433,853222,1601259,704833,1311294,2227611,0,0,0,0,0,0,0,334633,0,407.51,426.11,447.78
280,1,28,56,100,4441,4441,4441,92838,92838,92838,591,591,591,0.24,0.46,0.72,0.09,0.18,0.29,0.07,0.13,0.19,0.00,0.00,0.00,0.01,0.02,0.03,0.00,0.00,0.00,0.05,0.14,0.27,453384,602722,1061337,961861,1327555,1970681,0,0,0,0,0,0,0,290142,0,326.66,339.83,353.22
280,2,35,63,96,4545,4545,4545,92734,92734,92734,591,591,591,0.23,0.50,0.89,0.08,0.20,0.34,0.06,0.15,0.30,0.00,0.00,0.00,0.01,0.02,0.06,0.00,0.00,0.00,0.04,0.14,0.25,319726,352196,398358,608020,969061,1270995,0,0,0,0,0,0,0,292670,0,370.67,398.02,432.13
280,3,0,16,49,4441,4441,4441,92838,92838,92838,591,591,591,0.00,0.10,0.31,0.00,0.04,0.13,0.00,0.03,0.09,0.00,0.00,0.00,0.00,0.00,0.01,0.00,0.00,0.00,0.00,0.04,0.07,306650,380434,453428,322376,562612,1064980,0,0,0,0,0,0,0,118746,0,190.35,248.24,339.31
281,0,35,58,83,4541,4541,4541,92738,92738,92738,591,591,591,0.15,0.44,0.85,0.06,0.16,0.30,0.03,0.13,0.30,0.00,0.00,0.00,0.00,0.02,0.06,0.00,0.00,0.00,0.03,0.10,0.19,242844,434488,711658,594906,1197695,1732050,0,0,0,0,0,0,0,182724,0,351.91,376.74,426.68
281,1,32,61,100,4441,4441,4441,92838,92838,92838,591,591,591,0.15,0.51,0.77,0.05,0.20,0.29,0.03,0.15,0.23,0.00,0.00,0.00,0.00,0.02,0.04,0.00,0.00,0.00,0.02,0.14,0.23,458513,917484,1500127,1420083,1579153,1812000,0,0,0,0,0,0,0,248426,0,343.58,370.43,389.97
281,2,36,82,100,4545,4545,4545,92734,92734,92734,591,591,591,0.16,0.59,0.84,0.06,0.21,0.33,0.03,0.16,0.28,0.00,0.00,0.00,0.00,0.03,0.05,0.00,0.00,0.00,0.03,0.17,0.26,216642,575005,1008902,363399,1173822,1630078,0,0,0,0,0,0,0,360491,0,339.95,378.34,418.46
281,3,37,79,100,4441,4441,4441,92838,92838,92838,591,591,591,0.25,0.50,0.64,0.10,0.19,0.27,0.07,0.15,0.20,0.00,0.00,0.00,0.01,0.02,0.03,0.00,0.00,0.00,0.05,0.14,0.19,133645,846428,1768802,712774,1639789,2633551,0,0,0,0,0,0,0,371736,0,253.59,313.70,368.72
282,0,40,82,100,4541,4541,4541,92738,92738,92738,591,591,591,0.22,0.66,0.86,0.09,0.23,0.35,0.06,0.20,0.29,0.00,0.00,0.00,0.01,0.03,0.05,0.00,0.00,0.00,0.05,0.18,0.28,327586,435524,594744,657762,863735,1163575,0,0,0,0,0,0,0,339968,0,361.32,423.23,461.00
282,1,35,69,93,4441,4441,4441,92838,92838,92838,591,591,591,0.21,0.41,0.78,0.08,0.17,0.32,0.04,0.12,0.25,0.00,0.00,0.00,0.01,0.02,0.05,0.00,0.00,0.00,0.04,0.12,0.20,460125,840622,1501658,838602,1636460,2466074,0,0,0,0,0,0,0,262240,0,319.11,367.65,419.35
282,2,39,66,100,4545,4545,4545,92734,92734,92734,591,591,591,0.20,0.47,0.68,0.08,0.19,0.27,0.05,0.14,0.21,0.00,0.00,0.00,0.01,0.02,0.03,0.00,0.00,0.00,0.04,0.14,0.22,314479,438161,605365,993171,1106414,1229099,0,0,0,0,0,0,0,290003,0,373.19,425.88,460.92
282,3,37,74,100,4441,4441,4441,92838,92838,92838,591,591,591,0.17,0.58,0.82,0.06,0.22,0.31,0.04,0.17,0.27,0.00,0.00,0.00,0.00,0.03,0.04,0.00,0.00,0.00,0.03,0.17,0.28,369516,491276,673454,539860,1112891,1522610,0,0,0,0,0,0,0,291529,0,366.32,390.40,416.46
283,0,35,72,100,4541,4541,4541,92738,92738,92738,591,591,591,0.16,0.57,0.81,0.06,0.22,0.29,0.03,0.17,0.24,0.00,0.00,0.00,0.00,0.03,0.04,0.00,0.00,0.00,0.03,0.16,0.24,345936,761040,1430917,1124262,1378986,1792577,0,0,0,0,0,0,0,352451,0,354.06,389.78,416.32
283,1,35,83,100,4441,4441,4441,92838,92838,92838,591,591,591,0.32,0.71,0.91,0.11,0.26,0.37,0.10,0.22,0.32,0.00,0.00,0.00,0.02,0.04,0.07,0.00,0.00,0.00,0.06,0.19,0.29,471687,758390,1200284,615813,1167203,2017945,0,0,0,0,0,0,0,360393,0,362.82,404.75,448.30
283,2,40,73,100,4545,4545,4545,92734,92734,92734,591,591,591,0.23,0.57,0.84,0.09,0.23,0.35,0.06,0.17,0.27,0.00,0.00,0.00,0.01,0.03,0.05,0.00,0.00,0.00,0.05,0.17,0.22,319663,489544,836113,794050,1148422,1420606,0,0,0,0,0,0,0,350971,0,375.36,396.85,434.62
283,3,36,79,100,4441,4441,4441,92838,92838,92838,591,591,591,0.22,0.57,0.80,0.09,0.23,0.32,0.04,0.16,0.25,0.00,0.00,0.00,0.01,0.02,0.03,0.00,0.00,0.00,0.06,0.18,0.26,334290,458908,922484,663017,1072466,1561933,0,0,0,0,0,0,0,291206,0,378.02,394.15,414.05
284,0,34,69,100,4541,4541,4541,92738,92738,92738,591,591,591,0.18,0.53,0.83,0.07,0.21,0.35,0.04,0.15,0.26,0.00,0.00,0.00,0.00,0.02,0.05,0.00,0.00,0.00,0.03,0.16,0.24,275962,519220,873536,828162,1201391,1548815,0,0,0,0,0,0,0,354170,0,373.38,404.68,431.22
284,1,35,79,100,4439,4439,4441,92838,92839,92840,591,591,591,0.15,0.59,0.86,0.06,0.20,0.32,0.03,0.16,0.28,0.00,0.00,0.00,0.00,0.03,0.05,0.00,0.00,0.00,0.03,0.15,0.25,479587,960187,2274741,957235,1553452,2722875,0,0,0,0,0,0,0,398394,0,339.59,362.10,395.07
284,2,36,79,100,4539,4541,4545,92734,92737,92740,591,591,591,0.16,0.55,0.85,0.06,0.19,0.25,0.03,0.16,0.29,0.00,0.00,0.00,0.00,0.03,0.05,0.00,0.00,0.00,0.03,0.13,0.20,211398,415974,678702,710197,1021165,1488518,0,0,0,0,0,0,0,354647,0,355.98,375.84,415.29
284,3,36,56,100,4441,4441,4441,92838,92838,92838,591,591,591,0.24,0.44,0.70,0.09,0.17,0.27,0.06,0.13,0.22,0.00,0.00,0.00,0.01,0.02,0.03,0.00,0.00,0.00,0.05,0.13,0.22,356401,506295,1006380,1032495,1324942,1750683,0,0,0,0,0,0,0,303520,0,352.21,368.31,380.32
285,0,38,66,100,4537,4538,4541,92738,92740,92742,591,591,591,0.16,0.50,0.85,0.06,0.18,0.26,0.03,0.15,0.28,0.00,0.00,0.00,0.00,0.03,0.05,0.00,0.00,0.00,0.03,0.12,0.22,330112,462268,592289,461109,1164595,1664119,0,0,0,0,0,0,0,275951,0,354.58,378.70,432.60
285,1,0,6,31,4439,4439,4439,92840,92840,92840,591,591,591,0.00,0.07,0.18,0.00,0.03,0.08,0.00,0.02,0.07,0.00,0.00,0.00,0.00,0.00,0.01,0.00,0.00,0.00,0.00,0.03,0.10,500576,736577,1153179,516301,784919,1174146,0,0,0,0,0,0,0,125805,0,172.11,296.93,423.13
285,2,33,76,100,4539,4539,4539,92740,92740,92740,591,591,591,0.15,0.66,0.84,0.05,0.25,0.35,0.03,0.20,0.28,0.00,0.00,0.00,0.00,0.03,0.05,0.00,0.00,0.00,0.02,0.18,0.31,338034,447585,602765,639382,868442,1396799,0,0,0,0,0,0,0,312702,0,427.21,471.12,527.65
285,3,37,69,100,4441,4441,4441,92838,92838,92838,591,591,591,0.20,0.53,0.81,0.08,0.20,0.31,0.04,0.15,0.27,0.00,0.00,0.00,0.00,0.02,0.04,0.00,0.00,0.00,0.05,0.15,0.24,348523,544012,791358,791464,1240001,1884062,0,0,0,0,0,0,0,306102,0,352.81,385.37,409.13
286,0,42,70,100,4537,4537,4537,92742,92742,92742,591,591,591,0.24,0.55,0.86,0.09,0.20,0.34,0.07,0.16,0.28,0.00,0.00,0.00,0.01,0.02,0.05,0.00,0.00,0.00,0.05,0.16,0.28,340682,657798,1598686,463854,1214428,2183124,0,0,0,0,0,0,0,284241,0,392.63,430.32,463.03
286,1,33,63,100,4439,4439,4439,92840,92840,92840,591,591,591,0.19,0.46,0.78,0.07,0.18,0.28,0.05,0.14,0.24,0.00,0.00,0.00,0.00,0.02,0.03,0.00,0.00,0.00,0.04,0.13,0.23,448004,612157,875334,1105956,1329628,1548365,0,0,0,0,0,0,0,277699,0,196.36,282.99,353.41
286,2,34,83,100,4539,4539,4539,92740,92740,92740,591,591,591,0.15,0.64,0.86,0.06,0.21,0.30,0.03,0.18,0.29,0.00,0.00,0.00,0.00,0.03,0.05,0.00,0.00,0.00,0.03,0.16,0.24,319585,435517,558198,427832,928358,1535702,0,0,0,0,0,0,0,413288,0,356.50,384.38,446.79
286,3,41,81,100,4441,4441,4441,92838,92838,92838,591,591,591,0.17,0.60,0.77,0.06,0.23,0.30,0.03,0.18,0.23,0.00,0.00,0.00,0.00,0.03,0.04,0.00,0.00,0.00,0.03,0.18,0.28,330204,393598,461253,825248,1000001,1375853,0,0,0,0,0,0,0,214121,0,367.02,388.94,409.44
287,0,60,76,98,4537,4537,4537,92742,92742,92742,591,591,591,0.29,0.58,0.92,0.11,0.23,0.33,0.08,0.18,0.33,0.00,0.00,0.00,0.01,0.03,0.07,0.00,0.00,0.00,0.07,0.16,0.22,338064,516506,878989,542310,1151047,1567008,0,0,0,0,0,0,0,263396,0,328.09,362.92,394.64
287,1,33,71,100,4439,4439,4439,92840,92840,92840,591,591,591,0.19,0.57,0.77,0.07,0.23,0.31,0.05,0.17,0.24,0.00,0.00,0.00,0.00,0.03,0.05,0.00,0.00,0.00,0.04,0.17,0.28,474356,944051,1941689,815055,1549426,2381910,0,0,0,0,0,0,0,207900,0,355.61,381.66,407.46
287,2,32,69,90,4539,4539,4539,92740,92740,92740,591,591,591,0.16,0.49,0.72,0.06,0.20,0.26,0.03,0.14,0.22,0.00,0.00,0.00,0.00,0.02,0.03,0.00,0.00,0.00,0.03,0.16,0.21,234115,429345,762649,709335,1057189,1305152,0,0,0,0,0,0,0,254820,0,395.02,435.73,486.97
287,3,37,74,99,4441,4441,4441,92838,92838,92838,591,591,591,0.34,0.55,0.75,0.13,0.22,0.30,0.11,0.16,0.20,0.00,0.00,0.00,0.01,0.02,0.03,0.00,0.00,0.00,0.07,0.17,0.27,351091,439784,496104,922404,1115759,1321231,0,0,0,0,0,0,0,365798,0,349.73,385.71,413.80
288,0,37,70,100,4537,4537,4537,92742,92742,92742,591,591,591,0.18,0.58,0.85,0.07,0.19,0.27,0.03,0.17,0.29,0.00,0.00,0.00,0.00,0.03,0.05,0.00,0.00,0.00,0.04,0.14,0.22,317976,366014,453364,482204,972079,1390708,0,0,0,0,0,0,0,343905,0,353.80,375.96,398.04
288,1,35,64,100,4439,4439,4439,92840,92840,92840,591,591,591,0.15,0.50,0.80,0.06,0.19,0.31,0.03,0.14,0.24,0.00,0.00,0.00,0.00,0.02,0.04,0.00,0.00,0.00,0.03,0.14,0.24,300414,610722,1374601,683702,1262039,1924442,0,0,0,0,0,0,0,327800,0,360.53,381.12,394.17
288,2,39,64,96,4539,4539,4539,92740,92740,92740,591,591,591,0.34,0.49,0.70,0.13,0.19,0.32,0.09,0.15,0.24,0.00,0.00,0.00,0.01,0.02,0.05,0.00,0.00,0.00,0.09,0.13,0.25,324975,512582,791429,786154,1205446,1716510,0,0,0,0,0,0,0,304971,0,357.45,371.95,381.77
288,3,37,79,100,4441,4441,4441,92838,92838,92838,591,591,591,0.17,0.59,0.78,0.06,0.24,0.31,0.04,0.18,0.25,0.00,0.00,0.00,0.00,0.03,0.04,0.00,0.00,0.00,0.03,0.17,0.25,13103,534768,1210731,398338,1128763,2264224,0,0,0,0,0,0,0,332622,0,350.29,387.89,406.46
289,0,36,73,100,4537,4537,4537,92742,92742,92742,591,591,591,0.16,0.56,0.86,0.06,0.22,0.34,0.03,0.15,0.23,0.00,0.00,0.00,0.00,0.03,0.04,0.00,0.00,0.00,0.03,0.17,0.28,345881,753157,1983871,749521,1387333,3068841,0,0,0,0,0,0,0,351502,0,402.35,453.51,514.04
289,1,34,69,100,4439,4439,4439,92840,92840,92840,591,591,591,0.16,0.53,0.87,0.06,0.21,0.34,0.03,0.16,0.29,0.00,0.00,0.00,0.00,0.03,0.06,0.00,0.00,0.00,0.03,0.15,0.28,456003,707063,1132135,678751,1371150,2183029,0,0,0,0,0,0,0,282713,0,367.23,393.97,418.30
289,2,35,71,100,4539,4539,4539,92740,92740,92740,591,591,591,0.15,0.56,0.85,0.06,0.19,0.31,0.03,0.16,0.28,0.00,0.00,0.00,0.00,0.03,0.05,0.00,0.00,0.00,0.03,0.15,0.24,340565,472418,640434,599919,1072549,1637913,0,0,0,0,0,0,0,379178,0,349.21,380.06,419.99
289,3,39,68,100,4441,4441,4441,92838,92838,92838,591,591,591,0.18,0.50,0.80,0.06,0.19,0.29,0.04,0.14,0.24,0.00,0.00,0.00,0.00,0.02,0.04,0.00,0.00,0.00,0.03,0.15,0.24,327568,494211,830770,720595,1228947,1723767,0,0,0,0,0,0,0,317741,0,361.74,391.03,416.10
290,0,38,80,100,4537,4537,4537,92742,92742,92742,591,591,591,0.17,0.60,0.84,0.06,0.22,0.34,0.04,0.18,0.27,0.00,0.00,0.00,0.00,0.03,0.05,0.00,0.00,0.00,0.03,0.15,0.27,332767,483225,830279,513672,1040327,1691989,0,0,0,0,0,0,0,291373,0,403.45,425.23,458.51
290,1,30,77,100,4439,4439,4439,92840,92840,92840,591,591,591,0.26,0.62,0.83,0.10,0.23,0.30,0.08,0.18,0.28,0.00,0.00,0.00,0.01,0.03,0.05,0.00,0.00,0.00,0.06,0.17,0.23,497933,779345,1611653,636800,1272549,2062392,0,0,0,0,0,0,0,378705,0,353.26,381.42,415.00
290,2,34,74,100,4539,4539,4539,92740,92740,92740,591,591,591,0.26,0.48,0.74,0.10,0.20,0.33,0.06,0.14,0.24,0.00,0.00,0.00,0.01,0.02,0.04,0.00,0.00,0.00,0.07,0.14,0.22,327575,488837,1019440,833360,1189421,1428261,0,0,0,0,0,0,0,367908,0,376.20,417.74,456.16
290,3,44,74,100,4441,4441,4441,92838,92838,92838,591,591,591,0.34,0.56,0.69,0.13,0.22,0.26,0.10,0.17,0.24,0.00,0.00,0.00,0.01,0.03,0.04,0.00,0.00,0.00,0.09,0.16,0.22,277791,361735,482214,665650,1014894,1446642,0,0,0,0,0,0,0,308462,0,361.87,387.24,419.33
291,0,36,77,100,4537,4537,4537,92742,92742,92742,591,591,591,0.46,0.68,0.84,0.17,0.25,0.32,0.12,0.20,0.28,0.00,0.00,0.00,0.03,0.03,0.05,0.00,0.00,0.00,0.10,0.19,0.25,249834,516945,828136,501416,982332,1525237,0,0,0,0,0,0,0,384603,0,391.42,430.68,475.24
291,1,32,70,99,4439,4439,4439,92840,92840,92840,591,591,591,0.26,0.55,0.79,0.11,0.21,0.30,0.04,0.16,0.25,0.00,0.00,0.00,0.01,0.03,0.04,0.00,0.00,0.00,0.07,0.16,0.24,293287,674550,1374755,820735,1355307,2446293,0,0,0,0,0,0,0,283433,0,329.60,381.45,420.58
291,2,34,67,100,4539,4539,4539,92740,92740,92740,591,591,591,0.15,0.49,0.90,0.06,0.17,0.32,0.03,0.14,0.32,0.00,0.00,0.00,0.00,0.03,0.06,0.00,0.00,0.00,0.02,0.11,0.18,311866,392511,563422,505571,1091078,1522247,0,0,0,0,0,0,0,284702,0,351.20,372.29,422.71
291,3,36,60,100,4441,4441,4441,92838,92838,92838,591,591,591,0.16,0.54,0.82,0.06,0.21,0.33,0.03,0.15,0.28,0.00,0.00,0.00,0.00,0.02,0.04,0.00,0.00,0.00,0.03,0.15,0.26,94343,487089,1048277,782655,1150291,2125383,0,0,0,0,0,0,0,351269,0,331.71,371.66,405.26
292,0,35,75,100,4537,4537,4537,92742,92742,92742,591,591,591,0.17,0.60,0.82,0.06,0.23,0.32,0.04,0.18,0.27,0.00,0.00,0.00,0.00,0.03,0.05,0.00,0.00,0.00,0.03,0.17,0.26,338067,724869,1457091,704922,1305078,1622193,0,0,0,0,0,0,0,374873,0,404.43,414.95,428.41
292,1,35,73,100,4439,4439,4439,92840,92840,92840,591,591,591,0.22,0.51,0.82,0.08,0.20,0.27,0.05,0.15,0.25,0.00,0.00,0.00,0.01,0.02,0.04,0.00,0.00,0.00,0.05,0.16,0.24,458616,573912,953958,749366,1184520,1428263,0,0,0,0,0,0,0,269868,0,363.79,385.81,418.44
292,2,32,78,100,4539,4539,4539,92740,92740,92740,591,591,591,0.29,0.64,0.85,0.11,0.23,0.30,0.09,0.19,0.28,0.00,0.00,0.00,0.01,0.03,0.05,0.00,0.00,0.00,0.07,0.18,0.27,311854,350122,393085,511133,800342,1187119,0,0,0,0,0,0,0,335407,0,377.21,437.57,481.60
292,3,38,72,100,4441,4441,4441,92838,92838,92838,591,591,591,0.16,0.50,0.81,0.06,0.19,0.31,0.03,0.14,0.21,0.00,0.00,0.00,0.00,0.02,0.03,0.00,0.00,0.00,0.03,0.15,0.27,330199,360594,398319,746902,1091736,1441346,0,0,0,0,0,0,0,328535,0,377.08,396.68,409.43
293,0,33,71,100,4537,4537,4537,92742,92742,92742,591,591,591,0.16,0.52,0.81,0.06,0.20,0.30,0.04,0.15,0.24,0.00,0.00,0.00,0.00,0.02,0.03,0.00,0.00,0.00,0.03,0.16,0.25,330210,453633,652549,736433,1117326,1430912,0,0,0,0,0,0,0,300554,0,391.33,417.96,426.73
293,1,34,68,98,4439,4439,4439,92840,92840,92840,591,591,591,0.16,0.51,0.82,0.06,0.19,0.33,0.03,0.15,0.26,0.00,0.00,0.00,0.00,0.02,0.05,0.00,0.00,0.00,0.03,0.13,0.21,469098,824901,1786877,838615,1567581,2177265,0,0,0,0,0,0,0,335961,0,315.42,348.58,370.99
293,2,34,65,100,4539,4539,4539,92740,92740,92740,591,591,591,0.22,0.49,0.79,0.09,0.19,0.29,0.03,0.14,0.26,0.00,0.00,0.00,0.01,0.02,0.04,0.00,0.00,0.00,0.06,0.14,0.22,162472,516457,962750,563411,1107153,1535650,0,0,0,0,0,0,0,269537,0,353.02,385.39,432.84
293,3,39,71,100,4441,4441,4441,92838,92838,92838,591,591,591,0.24,0.57,0.72,0.09,0.23,0.26,0.06,0.17,0.22,0.00,0.00,0.00,0.01,0.02,0.03,0.00,0.00,0.00,0.05,0.17,0.25,10482,409705,927720,500542,1073905,1485924,0,0,0,0,0,0,0,267746,0,358.31,390.97,429.06
294,0,48,83,100,4537,4537,4537,92742,92742,92742,591,591,591,0.22,0.60,0.79,0.09,0.23,0.32,0.03,0.18,0.25,0.00,0.00,0.00,0.01,0.03,0.04,0.00,0.00,0.00,0.06,0.17,0.26,340670,520336,910772,704926,1105927,1955019,0,0,0,0,0,0,0,357634,0,396.13,405.59,411.02
294,1,35,72,100,4439,4439,4439,92840,92840,92840,591,591,591,0.36,0.59,0.82,0.13,0.23,0.28,0.10,0.17,0.25,0.00,0.00,0.00,0.01,0.03,0.04,0.00,0.00,0.00,0.09,0.18,0.22,349394,590548,1077305,723176,1106385,1528148,0,0,0,0,0,0,0,222063,0,361.59,389.56,422.20
294,2,0,0,0,4539,4539,4539,92740,92740,92740,591,591,591,0.00,0.04,0.17,0.00,0.02,0.08,0.00,0.02,0.08,0.00,0.00,0.00,0.00,0.00,0.01,0.00,0.00,0.00,0.00,0.02,0.07,301405,395735,555651,314509,429799,568756,0,0,0,0,0,0,0,167130,0,196.75,261.15,311.82
294,3,34,57,100,4441,4441,4441,92838,92838,92838,591,591,591,0.16,0.46,0.70,0.06,0.18,0.26,0.03,0.13,0.21,0.00,0.00,0.00,0.00,0.02,0.03,0.00,0.00,0.00,0.03,0.13,0.21,345914,693814,1226480,893612,1459697,2245927,0,0,0,0,0,0,0,314699,0,348.34,366.21,389.00
295,0,36,74,100,4537,4537,4537,92742,92742,92742,591,591,591,0.16,0.60,0.83,0.06,0.23,0.33,0.03,0.17,0.27,0.00,0.00,0.00,0.00,0.03,0.04,0.00,0.00,0.00,0.03,0.18,0.29,343304,843321,2701894,694466,1415144,2893202,0,0,0,0,0,0,0,403178,0,396.37,406.88,435.72
295,1,48,78,100,4439,4439,4439,92840,92840,92840,591,591,591,0.19,0.51,0.81,0.07,0.19,0.26,0.03,0.14,0.27,0.00,0.00,0.00,0.00,0.02,0.04,0.00,0.00,0.00,0.04,0.15,0.24,481287,838174,1474279,951572,1479650,2427166,0,0,0,0,0,0,0,321917,0,303.91,359.94,386.31
295,2,35,63,96,4539,4539,4539,92740,92740,92740,591,591,591,0.16,0.48,0.77,0.06,0.19,0.32,0.03,0.13,0.24,0.00,0.00,0.00,0.00,0.03,0.05,0.00,0.00,0.00,0.03,0.12,0.22,354736,383324,466474,644630,1110933,1390462,0,0,0,0,0,0,0,265927,0,263.65,318.53,371.38
295,3,35,75,100,4441,4441,4441,92838,92838,92838,591,591,591,0.31,0.55,0.78,0.12,0.22,0.29,0.07,0.17,0.23,0.00,0.00,0.00,0.01,0.02,0.03,0.00,0.00,0.00,0.09,0.17,0.24,345931,448119,560817,783518,1088599,1627420,0,0,0,0,0,0,0,293016,0,352.95,376.43,394.59
296,0,37,74,100,4537,4537,4537,92742,92742,92742,591,591,591,0.17,0.55,0.84,0.06,0.19,0.25,0.04,0.17,0.28,0.00,0.00,0.00,0.00,0.03,0.05,0.00,0.00,0.00,0.03,0.13,0.20,351114,582335,1034958,605279,1208059,2153762,0,0,0,0,0,0,0,339524,0,388.21,410.09,457.42
296,1,37,65,90,4439,4439,4439,92840,92840,92840,591,591,591,0.16,0.43,0.60,0.06,0.17,0.26,0.04,0.12,0.20,0.00,0.00,0.00,0.00,0.02,0.04,0.00,0.00,0.00,0.03,0.11,0.18,453394,589623,1066569,988003,1398322,1716470,0,0,0,0,0,0,0,315400,0,322.45,366.20,417.75
296,2,80,92,100,4539,4539,4539,92740,92740,92740,591,591,591,0.42,0.75,0.86,0.16,0.26,0.33,0.14,0.23,0.29,0.00,0.00,0.00,0.02,0.04,0.05,0.00,0.00,0.00,0.09,0.19,0.27,0,358504,655165,107443,662493,1014139,0,0,0,0,0,0,0,324197,0,372.42,449.81,522.88
296,3,36,73,95,4441,4441,4441,92838,92838,92838,591,591,591,0.16,0.48,0.71,0.06,0.19,0.26,0.03,0.13,0.21,0.00,0.00,0.00,0.00,0.02,0.03,0.00,0.00,0.00,0.03,0.15,0.23,26206,578108,1412535,579171,1360625,2269490,0,0,0,0,0,0,0,289990,0,351.95,377.75,402.76
297,0,43,82,100,4537,4537,4537,92742,92742,92742,591,591,591,0.26,0.61,0.82,0.11,0.24,0.34,0.09,0.18,0.25,0.00,0.00,0.00,0.01,0.03,0.05,0.00,0.00,0.00,0.07,0.17,0.26,324953,382087,458612,636804,918266,1215978,0,0,0,0,0,0,0,337072,0,411.28,434.84,452.65
297,1,57,78,100,4439,4439,4439,92840,92840,92840,591,591,591,0.31,0.60,0.82,0.11,0.23,0.33,0.08,0.18,0.27,0.00,0.00,0.00,0.01,0.03,0.04,0.00,0.00,0.00,0.08,0.18,0.30,463850,1097456,1991410,1022077,1630487,2185311,0,0,0,0,0,0,0,304881,0,373.12,388.10,410.24
297,2,36,75,100,4539,4539,4539,92740,92740,92740,591,591,591,0.16,0.62,0.81,0.06,0.24,0.34,0.04,0.18,0.27,0.00,0.00,0.00,0.00,0.03,0.05,0.00,0.00,0.00,0.03,0.18,0.29,314485,547694,835963,615779,1084921,1574966,0,0,0,0,0,0,0,391493,0,399.92,415.75,459.03
297,3,36,56,86,4441,4441,4441,92838,92838,92838,591,591,591,0.24,0.38,0.51,0.09,0.15,0.21,0.06,0.11,0.14,0.00,0.00,0.00,0.01,0.01,0.02,0.00,0.00,0.00,0.05,0.11,0.19,332816,443936,773099,1118966,1315561,1590751,0,0,0,0,0,0,0,256667,0,310.85,340.58,383.94
298,0,36,70,100,4537,4537,4537,92742,92742,92742,591,591,591,0.16,0.55,0.86,0.06,0.18,0.26,0.03,0.16,0.29,0.00,0.00,0.00,0.00,0.03,0.05,0.00,0.00,0.00,0.03,0.13,0.21,5241,519409,1268417,450753,1135785,2337661,0,0,0,0,0,0,0,403303,0,356.58,373.98,412.20
298,1,32,62,100,4439,4439,4439,92840,92840,92840,591,591,591,0.21,0.44,0.78,0.08,0.17,0.29,0.04,0.13,0.23,0.00,0.00,0.00,0.01,0.02,0.03,0.00,0.00,0.00,0.05,0.13,0.24,453272,625398,1265834,930325,1350683,1750678,0,0,0,0,0,0,0,298148,0,336.38,356.40,369.82
298,2,37,73,100,4539,4539,4539,92740,92740,92740,591,591,591,0.16,0.54,0.84,0.06,0.18,0.25,0.03,0.16,0.28,0.00,0.00,0.00,0.00,0.03,0.05,0.00,0.00,0.00,0.03,0.13,0.19,306622,356071,411455,474928,983219,1423023,0,0,0,0,0,0,0,269470,0,381.77,407.69,462.90
298,3,35,63,100,4441,4441,4441,92838,92838,92838,591,591,591,0.25,0.44,0.70,0.09,0.18,0.27,0.06,0.13,0.23,0.00,0.00,0.00,0.01,0.02,0.03,0.00,0.00,0.00,0.06,0.13,0.22,332827,420880,657779,917254,1229098,1677206,0,0,0,0,0,0,0,221946,0,322.11,340.89,360.15
299,0,38,72,100,4537,4537,4537,92742,92742,92742,591,591,591,0.20,0.57,0.84,0.08,0.22,0.34,0.03,0.16,0.27,0.00,0.00,0.00,0.00,0.03,0.04,0.00,0.00,0.00,0.05,0.16,0.27,330207,415484,639457,623627,1046519,1517401,0,0,0,0,0,0,0,202581,0,408.05,453.68,515.64
299,1,45,66,100,4439,4439,4439,92840,92840,92840,591,591,591,0.21,0.54,0.78,0.08,0.21,0.28,0.03,0.16,0.25,0.00,0.00,0.00,0.01,0.02,0.03,0.00,0.00,0.00,0.05,0.17,0.23,165861,545880,987999,710833,1211317,1598620,0,0,0,0,0,0,0,300788,0,331.56,364.14,385.11
299,2,35,70,100,4537,4538,4539,92740,92740,92742,591,591,591,0.16,0.53,0.83,0.06,0.21,0.35,0.03,0.16,0.26,0.00,0.00,0.00,0.00,0.03,0.05,0.00,0.00,0.00,0.03,0.14,0.28,340685,588956,972288,623325,1206471,2023198,0,0,0,0,0,0,0,312597,0,369.09,442.69,501.55
299,3,33,72,100,4441,4441,4441,92838,92838,92838,591,591,591,0.26,0.50,0.78,0.09,0.20,0.29,0.06,0.15,0.23,0.00,0.00,0.00,0.01,0.02,0.03,0.00,0.00,0.00,0.06,0.15,0.24,324928,532988,1108526,811833,1218991,1941887,0,0,0,0,0,0,0,313499,0,365.03,377.85,389.23
300,0,37,76,100,4537,4537,4537,92742,92742,92742,591,591,591,0.16,0.58,0.89,0.06,0.22,0.35,0.04,0.17,0.29,0.00,0.00,0.00,0.00,0.03,0.06,0.00,0.00,0.00,0.03,0.16,0.30,364274,590400,875319,621100,1161059,1761122,0,0,0,0,0,0,0,332733,0,395.57,426.74,465.82
300,1,36,60,96,4439,4439,4439,92840,92840,92840,591,591,591,0.16,0.47,0.81,0.06,0.18,0.34,0.03,0.14,0.26,0.00,0.00,0.00,0.00,0.02,0.05,0.00,0.00,0.00,0.03,0.12,0.22,456006,800830,1569780,1179039,1545574,2455566,0,0,0,0,0,0,0,212310,0,341.04,370.54,421.96
300,2,67,90,100,4537,4537,4537,92742,92742,92742,591,591,591,0.55,0.74,0.86,0.24,0.26,0.31,0.12,0.21,0.28,0.00,0.00,0.00,0.02,0.04,0.05,0.00,0.00,0.00,0.19,0.21,0.25,317093,454943,788825,448123,819737,1229088,0,0,0,0,0,0,0,383092,0,366.98,416.00,482.55
300,3,53,75,98,4441,4441,4441,92838,92838,92838,591,591,591,0.38,0.60,0.82,0.14,0.23,0.35,0.10,0.18,0.28,0.00,0.00,0.00,0.01,0.03,0.06,0.00,0.00,0.00,0.10,0.16,0.23,361651,421911,647204,673509,1054533,1409966,0,0,0,0,0,0,0,306849,0,348.75,369.72,401.40
301,0,50,81,100,4537,4537,4537,92742,92742,92742,591,591,591,0.26,0.63,0.83,0.10,0.23,0.30,0.08,0.18,0.28,0.00,0.00,0.00,0.01,0.03,0.05,0.00,0.00,0.00,0.06,0.17,0.24,338033,688679,1420403,828198,1179256,1556678,0,0,0,0,0,0,0,342914,0,384.03,407.21,438.13
301,1,51,84,100,4439,4439,4439,92840,92840,92840,591,591,591,0.41,0.67,0.84,0.18,0.25,0.35,0.07,0.19,0.28,0.00,0.00,0.00,0.02,0.03,0.05,0.00,0.00,0.00,0.12,0.20,0.31,452031,800980,1509845,608701,1268841,2593904,0,0,0,0,0,0,0,382551,0,365.03,392.27,438.63
301,2,34,67,100,4537,4537,4537,92742,92742,92742,591,591,591,0.19,0.48,0.76,0.08,0.18,0.28,0.03,0.14,0.24,0.00,0.00,0.00,0.01,0.02,0.03,0.00,0.00,0.00,0.04,0.13,0.23,314450,491544,956521,821914,1241973,1913043,0,0,0,0,0,0,0,324295,0,363.54,407.72,454.23
301,3,40,72,100,4437,4437,4441,92838,92841,92842,591,591,591,0.18,0.56,0.86,0.06,0.19,0.27,0.04,0.16,0.29,0.00,0.00,0.00,0.00,0.03,0.05,0.00,0.00,0.00,0.03,0.14,0.22,324967,455471,660419,463855,1118506,1776839,0,0,0,0,0,0,0,361357,0,353.39,369.40,398.56
302,0,34,60,90,4537,4537,4537,92742,92742,92742,591,591,591,0.19,0.50,0.65,0.07,0.20,0.25,0.05,0.14,0.19,0.00,0.00,0.00,0.01,0.02,0.03,0.00,0.00,0.00,0.04,0.15,0.20,327579,474061,770509,1105913,1187458,1260526,0,0,0,0,0,0,0,302010,0,361.54,395.30,441.01
302,1,36,71,100,4439,4439,4439,92840,92840,92840,591,591,591,0.20,0.49,0.77,0.08,0.19,0.28,0.03,0.14,0.25,0.00,0.00,0.00,0.01,0.02,0.03,0.00,0.00,0.00,0.05,0.14,0.22,453368,576502,938184,1058752,1299050,1514723,0,0,0,0,0,0,0,360380,0,349.21,396.50,420.09
302,2,34,59,100,4537,4537,4537,92742,92742,92742,591,591,591,0.15,0.45,0.62,0.06,0.18,0.25,0.03,0.13,0.20,0.00,0.00,0.00,0.00,0.02,0.03,0.00,0.00,0.00,0.03,0.13,0.18,338060,517823,938249,1100662,1283536,1475514,0,0,0,0,0,0,0,308511,0,348.50,372.18,396.71
302,3,39,75,100,4437,4437,4437,92842,92842,92842,591,591,591,0.30,0.56,0.86,0.11,0.22,0.35,0.09,0.16,0.26,0.00,0.00,0.00,0.01,0.03,0.05,0.00,0.00,0.00,0.06,0.16,0.30,146755,538442,1324335,461233,1154287,2267793,0,0,0,0,0,0,0,305283,0,342.84,418.73,449.22
303,0,34,63,100,4537,4537,4537,92742,92742,92742,591,591,591,0.19,0.49,0.77,0.08,0.19,0.32,0.03,0.14,0.26,0.00,0.00,0.00,0.00,0.02,0.04,0.00,0.00,0.00,0.04,0.14,0.21,319726,388824,449770,811193,1148915,1522570,0,0,0,0,0,0,0,297311,0,341.92,382.94,416.50
303,1,39,69,100,4439,4439,4439,92840,92840,92840,591,591,591,0.23,0.44,0.68,0.09,0.18,0.26,0.05,0.13,0.21,0.00,0.00,0.00,0.01,0.02,0.03,0.00,0.00,0.00,0.05,0.15,0.21,458618,1102835,2114802,1260528,1856559,2929800,0,0,0,0,0,0,0,266119,0,338.91,361.47,388.57
303,2,36,70,100,4537,4537,4537,92742,92742,92742,591,591,591,0.16,0.58,0.92,0.06,0.22,0.35,0.04,0.18,0.33,0.00,0.00,0.00,0.00,0.03,0.07,0.00,0.00,0.00,0.03,0.16,0.29,332822,542989,885729,563435,1121103,1745377,0,0,0,0,0,0,0,283124,0,391.57,422.38,448.96
303,3,58,87,100,4437,4437,4437,92842,92842,92842,591,591,591,0.27,0.67,0.84,0.12,0.25,0.33,0.04,0.19,0.28,0.00,0.00,0.00,0.01,0.03,0.05,0.00,0.00,0.00,0.09,0.19,0.27,314433,510485,917150,566061,991605,1428051,0,0,0,0,0,0,0,369400,0,349.67,390.62,435.31
304,0,54,79,100,4537,4537,4537,92742,92742,92742,591,591,591,0.38,0.59,0.82,0.14,0.23,0.27,0.11,0.17,0.27,0.00,0.00,0.00,0.01,0.03,0.04,0.00,0.00,0.00,0.10,0.18,0.22,379997,1001098,1577701,977510,1557997,2565731,0,0,0,0,0,0,0,236202,0,379.71,408.53,449.74
304,1,33,69,100,4439,4439,4439,92840,92840,92840,591,591,591,0.22,0.47,0.78,0.09,0.18,0.27,0.04,0.14,0.25,0.00,0.00,0.00,0.01,0.02,0.03,0.00,0.00,0.00,0.05,0.13,0.23,473830,587322,842374,1103014,1269628,1502461,0,0,0,0,0,0,0,264696,0,326.92,336.90,345.62
304,2,71,92,100,4537,4537,4537,92742,92742,92742,591,591,591,0.35,0.73,0.86,0.17,0.24,0.31,0.04,0.21,0.29,0.00,0.00,0.00,0.01,0.04,0.05,0.00,0.00,0.00,0.14,0.19,0.24,223913,392706,521434,418319,808156,1629810,0,0,0,0,0,0,0,359807,0,365.84,397.89,467.74
304,3,36,61,100,4437,4437,4437,92842,92842,92842,591,591,591,0.20,0.48,0.67,0.08,0.19,0.28,0.05,0.14,0.20,0.00,0.00,0.00,0.00,0.02,0.03,0.00,0.00,0.00,0.04,0.13,0.21,369438,748819,982748,1050672,1500238,1753223,0,0,0,0,0,0,0,274267,0,358.03,403.53,425.32
305,0,37,75,100,4537,4537,4537,92742,92742,92742,591,591,591,0.17,0.58,0.82,0.06,0.21,0.31,0.04,0.17,0.27,0.00,0.00,0.00,0.00,0.03,0.04,0.00,0.00,0.00,0.03,0.15,0.26,330070,446537,854332,503167,1049742,1459123,0,0,0,0,0,0,0,344816,0,347.75,386.75,411.25
305,1,34,58,100,4439,4439,4439,92840,92840,92840,591,591,591,0.31,0.41,0.58,0.11,0.16,0.23,0.08,0.12,0.18,0.00,0.00,0.00,0.01,0.02,0.02,0.00,0.00,0.00,0.08,0.12,0.18,463872,599048,1097993,995885,1425035,2125232,0,0,0,0,0,0,0,289550,0,324.35,335.84,350.49
305,2,33,64,100,4537,4537,4537,92742,92742,92742,591,591,591,0.20,0.48,0.81,0.08,0.19,0.33,0.05,0.15,0.26,0.00,0.00,0.00,0.01,0.02,0.05,0.00,0.00,0.00,0.04,0.14,0.26,309238,498947,749426,673559,1185536,1729445,0,0,0,0,0,0,0,308144,0,365.43,430.18,474.98
305,3,51,76,94,4437,4437,4437,92842,92842,92842,591,591,591,0.37,0.50,0.74,0.13,0.20,0.29,0.10,0.14,0.19,0.00,0.00,0.00,0.01,0.02,0.03,0.00,0.00,0.00,0.10,0.16,0.26,149358,612914,1283459,597433,1338280,1893757,0,0,0,0,0,0,0,275014,0,358.81,375.78,406.73
306,0,38,77,100,4537,4537,4537,92742,92742,92742,591,591,591,0.18,0.56,0.80,0.06,0.22,0.31,0.04,0.17,0.27,0.00,0.00,0.00,0.00,0.03,0.04,0.00,0.00,0.00,0.03,0.17,0.25,355174,488210,602753,744300,1121059,1603631,0,0,0,0,0,0,0,352833,0,409.97,421.83,428.99
306,1,35,61,91,4439,4439,4439,92840,92840,92840,591,591,591,0.17,0.42,0.65,0.06,0.17,0.25,0.03,0.12,0.21,0.00,0.00,0.00,0.00,0.02,0.03,0.00,0.00,0.00,0.03,0.12,0.19,458568,844889,1729615,1218622,1617956,2562976,0,0,0,0,0,0,0,210229,0,312.81,328.24,337.40
306,2,37,84,100,4537,4537,4537,92742,92742,92742,591,591,591,0.24,0.70,0.91,0.10,0.26,0.37,0.04,0.21,0.32,0.00,0.00,0.00,0.01,0.04,0.07,0.00,0.00,0.00,0.07,0.19,0.29,322333,483240,678750,694473,938181,1766322,0,0,0,0,0,0,0,411028,0,373.09,420.12,482.45
306,3,39,68,85,4437,4437,4437,92842,92842,92842,591,591,591,0.17,0.45,0.83,0.06,0.18,0.30,0.04,0.13,0.29,0.00,0.00,0.00,0.00,0.02,0.06,0.00,0.00,0.00,0.03,0.12,0.23,324966,422453,762635,615851,1240630,1889553,0,0,0,0,0,0,0,282828,0,340.56,358.86,378.88
307,0,35,71,97,4537,4537,4537,92742,92742,92742,591,591,591,0.17,0.52,0.88,0.06,0.20,0.32,0.04,0.16,0.31,0.00,0.00,0.00,0.00,0.03,0.06,0.00,0.00,0.00,0.03,0.13,0.24,18345,579664,1409832,621092,1286171,2363697,0,0,0,0,0,0,0,327762,0,373.29,405.56,428.33
307,1,33,69,95,4439,4439,4439,92840,92840,92840,591,591,591,0.16,0.58,0.71,0.06,0.23,0.32,0.03,0.17,0.24,0.00,0.00,0.00,0.00,0.03,0.05,0.00,0.00,0.00,0.03,0.17,0.28,299695,702616,1535687,833371,1346718,2078157,0,0,0,0,0,0,0,279278,0,354.12,376.78,407.80
307,2,36,69,100,4533,4533,4537,92742,92745,92746,591,591,591,0.17,0.51,0.84,0.06,0.17,0.25,0.04,0.15,0.28,0.00,0.00,0.00,0.00,0.03,0.05,0.00,0.00,0.00,0.03,0.12,0.20,309241,329677,361655,453378,1033051,1496415,0,0,0,0,0,0,0,406743,0,371.31,399.59,461.77
307,3,59,88,100,4437,4437,4437,92842,92842,92842,591,591,591,0.30,0.65,0.83,0.12,0.23,0.29,0.09,0.19,0.28,0.00,0.00,0.00,0.01,0.03,0.05,0.00,0.00,0.00,0.07,0.18,0.23,322291,450215,655166,775707,982181,1260575,0,0,0,0,0,0,0,365574,0,380.40,407.23,428.58
308,0,39,81,100,4537,4537,4537,92742,92742,92742,591,591,591,0.24,0.66,0.85,0.11,0.24,0.31,0.04,0.19,0.27,0.00,0.00,0.00,0.01,0.03,0.05,0.00,0.00,0.00,0.07,0.19,0.25,345941,526727,893665,529344,1029889,2020575,0,0,0,0,0,0,0,390396,0,395.70,412.35,453.71
308,1,31,68,100,4439,4439,4439,92840,92840,92840,591,591,591,0.14,0.62,0.84,0.05,0.23,0.34,0.03,0.19,0.27,0.00,0.00,0.00,0.00,0.03,0.05,0.00,0.00,0.00,0.02,0.16,0.27,486545,613625,1053518,657638,1071377,1588139,0,0,0,0,0,0,0,311288,0,375.09,407.87,452.45
308,2,31,75,100,4533,4533,4533,92746,92746,92746,591,591,591,0.30,0.59,0.85,0.12,0.23,0.33,0.09,0.17,0.28,0.00,0.00,0.00,0.01,0.02,0.05,0.00,0.00,0.00,0.07,0.18,0.30,324957,712269,1944481,681364,1219605,2282537,0,0,0,0,0,0,0,325993,0,424.25,447.17,481.42
308,3,39,74,100,4437,4437,4437,92842,92842,92842,591,591,591,0.21,0.59,0.88,0.08,0.24,0.35,0.05,0.18,0.28,0.00,0.00,0.00,0.01,0.03,0.06,0.00,0.00,0.00,0.04,0.17,0.24,10482,448126,775730,461232,1015754,1719186,0,0,0,0,0,0,0,330829,0,344.25,381.97,406.25
309,0,43,62,100,4537,4537,4537,92742,92742,92742,591,591,591,0.24,0.43,0.63,0.09,0.17,0.25,0.07,0.12,0.19,0.00,0.00,0.00,0.01,0.02,0.03,0.00,0.00,0.00,0.05,0.13,0.21,26207,443728,652265,733809,1206989,1491538,0,0,0,0,0,0,0,337398,0,349.55,401.97,441.87
309,1,35,86,100,4433,4433,4433,92846,92846,92846,591,591,591,0.16,0.68,0.86,0.06,0.24,0.35,0.03,0.19,0.29,0.00,0.00,0.00,0.00,0.03,0.05,0.00,0.00,0.00,0.03,0.19,0.29,453362,886288,1920948,587026,1369007,2772665,0,0,0,0,0,0,0,393029,0,338.56,369.93,444.53
309,2,30,71,100,4533,4533,4533,92746,92746,92746,591,591,591,0.13,0.47,0.89,0.05,0.17,0.33,0.03,0.14,0.31,0.00,0.00,0.00,0.00,0.03,0.06,0.00,0.00,0.00,0.02,0.11,0.19,324959,405314,469870,618523,1022005,1346728,0,0,0,0,0,0,0,258035,0,323.78,367.49,424.50
309,3,38,72,100,4437,4437,4437,92842,92842,92842,591,591,591,0.17,0.55,0.83,0.06,0.19,0.26,0.04,0.16,0.27,0.00,0.00,0.00,0.00,0.03,0.05,0.00,0.00,0.00,0.03,0.14,0.20,332804,507335,720676,644549,1152526,1868517,0,0,0,0,0,0,0,277792,0,368.05,376.32,387.43
310,0,35,55,100,4537,4537,4537,92742,92742,92742,591,591,591,0.33,0.39,0.55,0.12,0.15,0.20,0.09,0.11,0.16,0.00,0.00,0.00,0.01,0.01,0.02,0.00,0.00,0.00,0.09,0.11,0.16,335450,761903,1441345,1181022,1591075,2350704,0,0,0,0,0,0,0,190210,0,312.07,339.09,372.26
310,1,35,60,100,4433,4433,4433,92846,92846,92846,591,591,591,0.30,0.46,0.78,0.11,0.18,0.30,0.07,0.13,0.20,0.00,0.00,0.00,0.01,0.02,0.03,0.00,0.00,0.00,0.08,0.14,0.27,298834,756403,1357521,982681,1439270,2287869,0,0,0,0,0,0,0,292199,0,327.00,384.53,444.50
310,2,68,90,100,4533,4533,4533,92746,92746,92746,591,591,591,0.77,0.81,0.85,0.24,0.29,0.35,0.16,0.25,0.29,0.00,0.00,0.00,0.03,0.04,0.05,0.00,0.00,0.00,0.15,0.21,0.32,314466,352729,398357,461214,577574,652572,0,0,0,0,0,0,0,308299,0,360.06,456.21,526.71
310,3,48,73,95,4437,4437,4437,92842,92842,92842,591,591,591,0.22,0.59,0.88,0.08,0.23,0.36,0.04,0.16,0.30,0.00,0.00,0.00,0.01,0.03,0.06,0.00,0.00,0.00,0.04,0.20,0.35,227433,464081,644627,762606,1125773,1585490,0,0,0,0,0,0,0,320572,0,366.00,417.05,480.11
311,0,35,77,100,4537,4537,4537,92742,92742,92742,591,591,591,0.20,0.60,0.84,0.07,0.24,0.34,0.05,0.18,0.27,0.00,0.00,0.00,0.00,0.03,0.05,0.00,0.00,0.00,0.04,0.18,0.28,343311,452308,849041,710169,1066578,1574920,0,0,0,0,0,0,0,330678,0,347.66,386.62,425.89
311,1,33,62,100,4433,4433,4433,92846,92846,92846,591,591,591,0.15,0.42,0.66,0.05,0.17,0.27,0.03,0.13,0.21,0.00,0.00,0.00,0.00,0.02,0.03,0.00,0.00,0.00,0.02,0.12,0.21,455990,578879,1008973,980138,1303907,1572426,0,0,0,0,0,0,0,286261,0,323.83,355.93,382.10
311,2,27,60,100,4533,4533,4533,92746,92746,92746,591,591,591,0.12,0.39,0.86,0.04,0.13,0.25,0.03,0.11,0.29,0.00,0.00,0.00,0.00,0.02,0.05,0.00,0.00,0.00,0.02,0.10,0.19,0,390468,930312,442853,1044577,1837039,0,0,0,0,0,0,0,281495,0,313.51,352.11,424.25
311,3,38,64,100,4437,4437,4437,92842,92842,92842,591,591,591,0.23,0.49,0.83,0.09,0.19,0.27,0.06,0.14,0.28,0.00,0.00,0.00,0.01,0.02,0.05,0.00,0.00,0.00,0.05,0.14,0.22,353792,653973,1514099,817745,1268046,1657301,0,0,0,0,0,0,0,290658,0,359.28,392.20,418.96
312,0,33,70,100,4537,4537,4537,92742,92742,92742,591,591,591,0.15,0.48,0.81,0.05,0.17,0.26,0.03,0.14,0.27,0.00,0.00,0.00,0.00,0.02,0.04,0.00,0.00,0.00,0.02,0.12,0.21,319721,343325,351439,529379,998173,1369845,0,0,0,0,0,0,0,355902,0,377.10,393.74,405.47
312,1,35,68,100,4433,4433,4433,92846,92846,92846,591,591,591,0.36,0.54,0.81,0.13,0.21,0.28,0.09,0.15,0.25,0.00,0.00,0.00,0.01,0.02,0.04,0.00,0.00,0.00,0.09,0.17,0.24,592265,1557991,2812021,1362734,2209227,3283749,0,0,0,0,0,0,0,210457,0,348.24,360.62,386.74
312,2,47,73,100,4533,4533,4533,92746,92746,92746,591,591,591,0.24,0.57,0.84,0.09,0.20,0.28,0.08,0.17,0.28,0.00,0.00,0.00,0.01,0.03,0.05,0.00,0.00,0.00,0.05,0.15,0.22,327581,735954,1187936,450769,1218154,1779476,0,0,0,0,0,0,0,314016,0,415.08,440.13,478.95
312,3,35,66,98,4437,4437,4437,92842,92842,92842,591,591,591,0.16,0.54,0.81,0.06,0.21,0.34,0.03,0.17,0.27,0.00,0.00,0.00,0.00,0.03,0.05,0.00,0.00,0.00,0.03,0.14,0.22,324963,450086,652553,804455,1151104,1383717,0,0,0,0,0,0,0,281397,0,352.39,367.24,380.80
313,0,38,58,85,4537,4537,4537,92742,92742,92742,591,591,591,0.22,0.42,0.69,0.08,0.17,0.29,0.04,0.11,0.22,0.00,0.00,0.00,0.01,0.02,0.04,0.00,0.00,0.00,0.04,0.13,0.21,2620,638047,1176686,982750,1452197,2188269,0,0,0,0,0,0,0,289767,0,348.74,386.34,432.31
313,1,52,62,66,4433,4433,4433,92846,92846,92846,591,591,591,0.15,0.36,0.69,0.06,0.15,0.29,0.03,0.10,0.23,0.00,0.00,0.00,0.00,0.01,0.04,0.00,0.00,0.00,0.02,0.11,0.19,444566,502949,576602,931141,1327786,1587556,0,0,0,0,0,0,0,257520,0,324.56,339.96,357.77
313,2,33,56,76,4533,4533,4533,92746,92746,92746,591,591,591,0.16,0.37,0.51,0.06,0.15,0.21,0.04,0.11,0.16,0.00,0.00,0.00,0.00,0.01,0.02,0.00,0.00,0.00,0.03,0.11,0.18,335428,469322,801930,930357,1129356,1347033,0,0,0,0,0,0,0,316074,0,335.64,358.07,396.03
313,3,77,93,100,4437,4437,4437,92842,92842,92842,591,591,591,0.36,0.73,0.84,0.16,0.27,0.34,0.05,0.21,0.28,0.00,0.00,0.00,0.01,0.04,0.05,0.00,0.00,0.00,0.13,0.21,0.30,348538,423477,576629,592065,825450,1449055,0,0,0,0,0,0,0,439193,0,361.86,396.28,485.76
314,0,39,81,100,4537,4537,4537,92742,92742,92742,591,591,591,0.23,0.60,0.82,0.09,0.22,0.33,0.04,0.18,0.26,0.00,0.00,0.00,0.01,0.03,0.04,0.00,0.00,0.00,0.06,0.16,0.25,340691,596945,864461,862378,1169275,1459675,0,0,0,0,0,0,0,316319,0,395.07,415.00,422.69
314,1,36,72,100,4433,4433,4433,92846,92846,92846,591,591,591,0.17,0.61,0.82,0.06,0.23,0.33,0.04,0.19,0.27,0.00,0.00,0.00,0.00,0.03,0.04,0.00,0.00,0.00,0.03,0.16,0.24,474345,971711,2169896,770557,1506847,3291534,0,0,0,0,0,0,0,340821,0,366.81,396.59,426.55
314,2,29,64,100,4533,4533,4533,92746,92746,92746,591,591,591,0.15,0.43,0.65,0.06,0.17,0.25,0.03,0.13,0.19,0.00,0.00,0.00,0.00,0.02,0.02,0.00,0.00,0.00,0.03,0.13,0.20,10482,405635,948618,458609,1117324,1821242,0,0,0,0,0,0,0,268858,0,347.16,361.10,377.46
314,3,36,66,100,4437,4437,4437,92842,92842,92842,591,591,591,0.16,0.49,0.86,0.06,0.16,0.25,0.03,0.14,0.29,0.00,0.00,0.00,0.00,0.03,0.05,0.00,0.00,0.00,0.03,0.12,0.20,332816,862024,1417641,442881,1538739,2193599,0,0,0,0,0,0,0,318570,0,347.62,380.13,453.34
315,0,34,70,100,4537,4537,4537,92742,92742,92742,591,591,591,0.16,0.58,0.78,0.06,0.22,0.31,0.03,0.17,0.25,0.00,0.00,0.00,0.00,0.03,0.04,0.00,0.00,0.00,0.03,0.17,0.28,332823,379398,458305,773092,1018249,1375846,0,0,0,0,0,0,0,366915,0,387.51,405.36,419.19
315,1,31,83,100,4433,4433,4433,92846,92846,92846,591,591,591,0.49,0.68,0.82,0.18,0.26,0.33,0.13,0.20,0.27,0.00,0.00,0.00,0.03,0.03,0.04,0.00,0.00,0.00,0.10,0.20,0.30,476962,799751,1278896,670891,1237895,1813516,0,0,0,0,0,0,0,341485,0,388.32,408.41,443.52
315,2,30,56,80,4533,4533,4533,92746,92746,92746,591,591,591,0.13,0.41,0.75,0.05,0.17,0.31,0.03,0.11,0.25,0.00,0.00,0.00,0.00,0.02,0.04,0.00,0.00,0.00,0.02,0.12,0.20,322336,515746,849119,1113743,1240616,1457050,0,0,0,0,0,0,0,275047,0,323.25,353.96,381.43
315,3,59,80,100,4437,4437,4437,92842,92842,92842,591,591,591,0.32,0.62,0.84,0.13,0.24,0.33,0.10,0.18,0.28,0.00,0.00,0.00,0.01,0.03,0.05,0.00,0.00,0.00,0.07,0.19,0.27,340684,436058,513637,555483,963850,1320781,0,0,0,0,0,0,0,221000,0,396.89,429.97,451.00
316,0,42,79,100,4537,4537,4537,92742,92742,92742,591,591,591,0.31,0.59,0.81,0.12,0.23,0.30,0.09,0.17,0.27,0.00,0.00,0.00,0.01,0.02,0.04,0.00,0.00,0.00,0.07,0.18,0.26,0,491634,1328683,222758,1074465,1844957,0,0,0,0,0,0,0,305781,0,373.23,410.01,427.15
316,1,34,77,100,4433,4433,4433,92846,92846,92846,591,591,591,0.14,0.57,0.83,0.05,0.20,0.32,0.03,0.15,0.28,0.00,0.00,0.00,0.00,0.03,0.05,0.00,0.00,0.00,0.02,0.15,0.26,445515,578462,1000905,590779,1145861,1587903,0,0,0,0,0,0,0,354150,0,347.26,367.90,395.47
316,2,28,81,100,4533,4533,4533,92746,92746,92746,591,591,591,0.13,0.61,0.83,0.05,0.23,0.34,0.03,0.19,0.28,0.00,0.00,0.00,0.00,0.03,0.05,0.00,0.00,0.00,0.02,0.16,0.25,311862,429780,783580,547655,852231,1176692,0,0,0,0,0,0,0,229006,0,384.21,418.64,461.35
316,3,36,75,100,4437,4437,4437,92842,92842,92842,591,591,591,0.16,0.57,0.83,0.06,0.21,0.31,0.03,0.16,0.28,0.00,0.00,0.00,0.00,0.03,0.04,0.00,0.00,0.00,0.03,0.15,0.25,125787,612146,1462177,298746,1206502,1742558,0,0,0,0,0,0,0,336443,0,345.00,372.39,396.92
317,0,32,58,94,4537,4537,4537,92742,92742,92742,591,591,591,0.37,0.46,0.62,0.14,0.19,0.28,0.10,0.14,0.18,0.00,0.00,0.00,0.01,0.02,0.03,0.00,0.00,0.00,0.10,0.14,0.23,335444,438699,704968,854341,1187684,1399404,0,0,0,0,0,0,0,234236,0,370.40,378.57,392.50
317,1,30,51,95,4433,4433,4433,92846,92846,92846,591,591,591,0.14,0.43,0.80,0.05,0.17,0.34,0.03,0.13,0.27,0.00,0.00,0.00,0.00,0.02,0.04,0.00,0.00,0.00,0.02,0.12,0.23,49794,1081800,2549878,592288,1765798,3519513,0,0,0,0,0,0,0,245010,0,317.79,386.61,423.00
317,2,30,77,100,4533,4533,4533,92746,92746,92746,591,591,591,0.13,0.62,0.84,0.05,0.23,0.35,0.03,0.17,0.27,0.00,0.00,0.00,0.00,0.03,0.05,0.00,0.00,0.00,0.02,0.18,0.31,314483,570588,723289,762307,1036465,1362248,0,0,0,0,0,0,0,441483,0,352.30,385.54,459.67
317,3,36,72,100,4437,4437,4437,92842,92842,92842,591,591,591,0.16,0.55,0.83,0.06,0.20,0.32,0.03,0.17,0.28,0.00,0.00,0.00,0.00,0.03,0.04,0.00,0.00,0.00,0.03,0.14,0.21,325329,531077,833280,972096,1145330,1373044,0,0,0,0,0,0,0,284796,0,379.30,398.81,419.49
318,0,37,76,100,4537,4537,4537,92742,92742,92742,591,591,591,0.16,0.56,0.82,0.06,0.20,0.31,0.03,0.16,0.28,0.00,0.00,0.00,0.00,0.03,0.04,0.00,0.00,0.00,0.03,0.15,0.24,327585,495316,749529,587690,1098129,1420408,0,0,0,0,0,0,0,320769,0,341.32,376.80,405.16
318,1,56,88,100,4433,4433,4433,92846,92846,92846,591,591,591,0.25,0.68,0.83,0.12,0.25,0.32,0.03,0.20,0.27,0.00,0.00,0.00,0.01,0.03,0.05,0.00,0.00,0.00,0.08,0.19,0.26,458759,738460,1810735,610605,1192289,2067540,0,0,0,0,0,0,0,396925,0,326.86,376.19,448.17
318,2,31,61,100,4533,4533,4533,92746,92746,92746,591,591,591,0.14,0.48,0.88,0.05,0.17,0.34,0.03,0.14,0.29,0.00,0.00,0.00,0.00,0.03,0.06,0.00,0.00,0.00,0.02,0.12,0.20,309241,395713,621069,581754,1032531,1548743,0,0,0,0,0,0,0,274892,0,359.70,409.98,502.51
318,3,35,74,100,4437,4437,4437,92842,92842,92842,591,591,591,0.21,0.54,0.78,0.08,0.22,0.33,0.04,0.15,0.25,0.00,0.00,0.00,0.01,0.02,0.04,0.00,0.00,0.00,0.05,0.17,0.30,330135,388894,508417,699572,1015744,1603872,0,0,0,0,0,0,0,295816,0,381.91,399.40,423.56
319,0,38,65,85,4537,4537,4537,92742,92742,92742,591,591,591,0.35,0.46,0.60,0.13,0.19,0.24,0.10,0.14,0.18,0.00,0.00,0.00,0.01,0.02,0.02,0.00,0.00,0.00,0.09,0.14,0.21,225371,869490,2675380,967274,1607337,3587263,0,0,0,0,0,0,0,313764,0,369.87,399.68,436.76
319,1,35,67,100,4433,4433,4433,92846,92846,92846,591,591,591,0.22,0.47,0.80,0.08,0.18,0.28,0.06,0.13,0.26,0.00,0.00,0.00,0.01,0.02,0.04,0.00,0.00,0.00,0.04,0.14,0.26,451626,855592,1508948,721533,1561166,2529480,0,0,0,0,0,0,0,321403,0,352.51,387.75,432.39
319,2,41,67,100,4533,4533,4533,92746,92746,92746,591,591,591,0.30,0.47,0.83,0.11,0.18,0.26,0.08,0.14,0.27,0.00,0.00,0.00,0.01,0.02,0.04,0.00,0.00,0.00,0.08,0.14,0.20,209644,312120,366894,377359,914153,1200618,0,0,0,0,0,0,0,306132,0,361.67,405.25,437.85
319,3,36,60,96,4437,4437,4437,92842,92842,92842,591,591,591,0.16,0.43,0.73,0.06,0.17,0.33,0.03,0.12,0.23,0.00,0.00,0.00,0.00,0.02,0.04,0.00,0.00,0.00,0.03,0.12,0.26,364261,701814,1664147,767831,1491159,2751740,0,0,0,0,0,0,0,307674,0,326.13,359.81,401.02
320,0,32,72,98,4537,4537,4537,92742,92742,92742,591,591,591,0.20,0.55,0.92,0.07,0.21,0.33,0.05,0.17,0.33,0.00,0.00,0.00,0.01,0.03,0.07,0.00,0.00,0.00,0.03,0.15,0.27,343283,474846,867389,476977,1118979,1491095,0,0,0,0,0,0,0,340384,0,368.76,392.48,424.40
320,1,29,55,83,4433,4433,4433,92846,92846,92846,591,591,591,0.14,0.40,0.64,0.05,0.16,0.27,0.03,0.11,0.21,0.00,0.00,0.00,0.00,0.02,0.04,0.00,0.00,0.00,0.02,0.12,0.19,193929,749490,1603829,896266,1527282,2463397,0,0,0,0,0,0,0,260312,0,310.09,333.31,366.82
320,2,26,50,89,4533,4533,4533,92746,92746,92746,591,591,591,0.11,0.35,0.65,0.04,0.14,0.25,0.02,0.10,0.17,0.00,0.00,0.00,0.00,0.01,0.02,0.00,0.00,0.00,0.01,0.11,0.20,340685,473857,963671,830652,1210156,1369135,0,0,0,0,0,0,0,277098,0,323.63,333.64,348.59
320,3,71,89,100,4437,4437,4437,92842,92842,92842,591,591,591,0.33,0.63,0.83,0.12,0.24,0.29,0.09,0.18,0.28,0.00,0.00,0.00,0.01,0.03,0.05,0.00,0.00,0.00,0.09,0.19,0.23,215993,564119,853723,342846,1088315,1603287,0,0,0,0,0,0,0,326245,0,360.54,393.47,428.17
321,0,38,79,100,4533,4533,4533,92746,92746,92746,591,591,591,0.16,0.57,0.84,0.06,0.19,0.25,0.04,0.17,0.28,0.00,0.00,0.00,0.00,0.03,0.05,0.00,0.00,0.00,0.03,0.14,0.19,319725,353435,430685,439273,967482,1560909,0,0,0,0,0,0,0,425444,0,365.35,373.05,382.70
321,1,43,74,100,4433,4433,4433,92846,92846,92846,591,591,591,0.32,0.56,0.81,0.12,0.21,0.29,0.10,0.17,0.27,0.00,0.00,0.00,0.01,0.02,0.04,0.00,0.00,0.00,0.07,0.16,0.22,463858,642068,1024690,744279,1252687,1535724,0,0,0,0,0,0,0,309969,0,352.27,378.56,400.37
321,2,41,59,83,4533,4533,4533,92746,92746,92746,591,591,591,0.23,0.42,0.66,0.08,0.17,0.26,0.05,0.12,0.18,0.00,0.00,0.00,0.01,0.02,0.02,0.00,0.00,0.00,0.06,0.13,0.25,387818,577839,859561,1008851,1265743,1433476,0,0,0,0,0,0,0,300944,0,336.56,346.89,355.23
321,3,34,59,97,4437,4437,4437,92842,92842,92842,591,591,591,0.16,0.45,0.91,0.06,0.17,0.34,0.03,0.13,0.31,0.00,0.00,0.00,0.00,0.02,0.06,0.00,0.00,0.00,0.03,0.10,0.19,327578,389175,511058,531990,1168834,1483324,0,0,0,0,0,0,0,158864,0,338.75,373.58,429.48
322,0,35,67,100,4533,4533,4533,92746,92746,92746,591,591,591,0.24,0.51,0.86,0.09,0.20,0.28,0.07,0.14,0.25,0.00,0.00,0.00,0.01,0.02,0.04,0.00,0.00,0.00,0.05,0.15,0.22,332768,699215,1432654,537145,1313200,1876282,0,0,0,0,0,0,0,207100,0,371.33,432.08,462.74
322,1,33,69,100,4433,4433,4433,92846,92846,92846,591,591,591,0.18,0.57,0.80,0.07,0.22,0.30,0.04,0.17,0.26,0.00,0.00,0.00,0.00,0.03,0.04,0.00,0.00,0.00,0.03,0.17,0.27,453380,579527,806477,927754,1191934,1454487,0,0,0,0,0,0,0,295265,0,342.48,384.95,411.80
322,2,29,65,100,4533,4533,4533,92746,92746,92746,591,591,591,0.25,0.42,0.67,0.09,0.17,0.27,0.06,0.12,0.19,0.00,0.00,0.00,0.01,0.02,0.02,0.00,0.00,0.00,0.07,0.13,0.25,241099,310805,348555,901508,1019765,1252547,0,0,0,0,0,0,0,213500,0,355.71,362.76,370.68
322,3,59,84,100,4437,4437,4437,92842,92842,92842,591,591,591,0.28,0.70,0.86,0.11,0.23,0.32,0.08,0.21,0.29,0.00,0.00,0.00,0.01,0.04,0.05,0.00,0.00,0.00,0.07,0.18,0.26,345905,398861,476975,455966,772043,1286763,0,0,0,0,0,0,0,381123,0,354.77,400.21,445.50
323,0,40,73,100,4533,4533,4533,92746,92746,92746,591,591,591,0.21,0.54,0.73,0.08,0.21,0.30,0.06,0.15,0.20,0.00,0.00,0.00,0.01,0.02,0.03,0.00,0.00,0.00,0.04,0.17,0.27,317101,416384,594021,863516,1079765,1289271,0,0,0,0,0,0,0,318918,0,357.05,388.48,419.50
323,1,49,84,100,4433,4433,4433,92846,92846,92846,591,591,591,0.34,0.57,0.80,0.13,0.23,0.31,0.08,0.16,0.26,0.00,0.00,0.00,0.01,0.02,0.04,0.00,0.00,0.00,0.10,0.18,0.24,469612,750210,1394112,952055,1332129,1789040,0,0,0,0,0,0,0,323485,0,365.74,387.67,401.92
323,2,29,56,90,4533,4533,4533,92746,92746,92746,591,591,591,0.13,0.38,0.59,0.05,0.15,0.25,0.03,0.11,0.21,0.00,0.00,0.00,0.00,0.01,0.03,0.00,0.00,0.00,0.02,0.12,0.18,309238,511093,936502,1045251,1311344,1824784,0,0,0,0,0,0,0,263917,0,344.35,354.25,359.70
323,3,33,64,94,4437,4437,4437,92842,92842,92842,591,591,591,0.30,0.47,0.74,0.12,0.18,0.28,0.10,0.14,0.21,0.00,0.00,0.00,0.01,0.02,0.03,0.00,0.00,0.00,0.08,0.14,0.23,327569,578623,1265707,772992,1303487,2020415,0,0,0,0,0,0,0,274314,0,350.34,372.86,417.46
324,0,34,70,100,4533,4533,4533,92746,92746,92746,591,591,591,0.16,0.56,0.80,0.06,0.22,0.30,0.03,0.17,0.27,0.00,0.00,0.00,0.00,0.03,0.04,0.00,0.00,0.00,0.03,0.16,0.22,340693,414986,542479,667918,1031993,1590748,0,0,0,0,0,0,0,307878,0,359.86,394.49,410.70
324,1,33,75,100,4433,4433,4433,92846,92846,92846,591,591,591,0.23,0.47,0.73,0.09,0.18,0.30,0.06,0.13,0.20,0.00,0.00,0.00,0.01,0.02,0.03,0.00,0.00,0.00,0.05,0.14,0.28,474358,758421,1079707,1111164,1494832,2020521,0,0,0,0,0,0,0,216162,0,338.79,359.95,390.54
324,2,39,72,100,4533,4533,4533,92746,92746,92746,591,591,591,0.22,0.56,0.86,0.09,0.22,0.35,0.06,0.17,0.27,0.00,0.00,0.00,0.01,0.03,0.05,0.00,0.00,0.00,0.05,0.17,0.21,322320,550301,809707,1053436,1150914,1341595,0,0,0,0,0,0,0,336037,0,343.14,371.11,414.99
324,3,35,53,80,4437,4437,4437,92842,92842,92842,591,591,591,0.25,0.41,0.68,0.10,0.16,0.29,0.07,0.12,0.24,0.00,0.00,0.00,0.01,0.02,0.04,0.00,0.00,0.00,0.05,0.12,0.20,267995,479034,782310,830435,1320452,1798031,0,0,0,0,0,0,0,255457,0,322.59,339.38,352.92
325,0,39,63,100,4533,4533,4533,92746,92746,92746,591,591,591,0.24,0.46,0.71,0.10,0.18,0.29,0.08,0.13,0.19,0.00,0.00,0.00,0.01,0.02,0.03,0.00,0.00,0.00,0.06,0.14,0.27,331472,634946,1433452,1179074,1390503,1915637,0,0,0,0,0,0,0,343068,0,362.88,392.13,422.66
325,1,33,72,100,4433,4433,4433,92846,92846,92846,591,591,591,0.17,0.54,0.82,0.07,0.20,0.32,0.03,0.17,0.28,0.00,0.00,0.00,0.00,0.03,0.04,0.00,0.00,0.00,0.03,0.14,0.20,463865,542972,697040,628834,1145182,1721638,0,0,0,0,0,0,0,280503,0,348.78,371.11,393.51
325,2,33,66,100,4533,4533,4533,92746,92746,92746,591,591,591,0.15,0.50,0.84,0.05,0.17,0.25,0.03,0.15,0.28,0.00,0.00,0.00,0.00,0.03,0.05,0.00,0.00,0.00,0.02,0.12,0.20,314483,386806,529375,511024,1007370,1391495,0,0,0,0,0,0,0,311392,0,343.55,369.70,398.58
325,3,60,80,100,4437,4437,4437,92842,92842,92842,591,591,591,0.31,0.60,0.80,0.13,0.24,0.30,0.09,0.18,0.27,0.00,0.00,0.00,0.01,0.03,0.04,0.00,0.00,0.00,0.07,0.18,0.27,345904,432927,571330,607952,1008418,1396876,0,0,0,0,0,0,0,319994,0,346.67,380.45,411.75
326,0,49,80,100,4533,4533,4533,92746,92746,92746,591,591,591,0.24,0.60,0.89,0.09,0.21,0.35,0.04,0.18,0.29,0.00,0.00,0.00,0.01,0.03,0.06,0.00,0.00,0.00,0.05,0.15,0.21,345938,419292,518811,594889,976764,1594865,0,0,0,0,0,0,0,299953,0,359.25,389.60,432.85
326,1,46,53,60,4433,4433,4433,92846,92846,92846,591,591,591,0.28,0.40,0.62,0.10,0.16,0.28,0.08,0.11,0.16,0.00,0.00,0.00,0.01,0.01,0.02,0.00,0.00,0.00,0.07,0.13,0.22,454374,542503,726203,948697,1254082,1568702,0,0,0,0,0,0,0,250747,0,297.62,350.87,385.31
326,2,29,73,97,4533,4533,4533,92746,92746,92746,591,591,591,0.18,0.63,0.91,0.07,0.25,0.33,0.05,0.19,0.33,0.00,0.00,0.00,0.01,0.03,0.07,0.00,0.00,0.00,0.04,0.18,0.25,10478,529493,956883,655442,1025550,1286051,0,0,0,0,0,0,0,384657,0,430.57,434.88,439.68
326,3,35,80,100,4437,4437,4437,92842,92842,92842,591,591,591,0.18,0.59,0.85,0.07,0.23,0.34,0.04,0.18,0.26,0.00,0.00,0.00,0.00,0.03,0.05,0.00,0.00,0.00,0.03,0.16,0.28,324964,608529,1396963,618490,1201296,1826798,0,0,0,0,0,0,0,345286,0,353.80,385.14,416.46
327,0,35,80,100,4533,4533,4533,92746,92746,92746,591,591,591,0.27,0.59,0.84,0.10,0.23,0.33,0.07,0.17,0.27,0.00,0.00,0.00,0.01,0.03,0.04,0.00,0.00,0.00,0.06,0.17,0.28,330210,424503,505804,731188,1003056,1543023,0,0,0,0,0,0,0,320513,0,420.97,435.98,468.17
327,1,36,66,92,4433,4433,4433,92846,92846,92846,591,591,591,0.20,0.48,0.78,0.08,0.18,0.32,0.04,0.14,0.25,0.00,0.00,0.00,0.01,0.02,0.05,0.00,0.00,0.00,0.04,0.13,0.21,463841,709273,1187995,815036,1450695,2049292,0,0,0,0,0,0,0,282881,0,317.70,335.12,370.46
327,2,32,64,100,4533,4533,4533,92746,92746,92746,591,591,591,0.14,0.44,0.85,0.05,0.15,0.25,0.03,0.12,0.29,0.00,0.00,0.00,0.00,0.02,0.05,0.00,0.00,0.00,0.02,0.11,0.19,320720,375475,440292,545098,1064612,1441432,0,0,0,0,0,0,0,299335,0,343.71,362.05,386.73
327,3,37,72,100,4435,4435,4437,92842,92843,92844,591,591,591,0.17,0.58,0.85,0.06,0.20,0.30,0.04,0.17,0.29,0.00,0.00,0.00,0.00,0.03,0.05,0.00,0.00,0.00,0.03,0.15,0.24,226792,401496,788641,582991,1007012,1467069,0,0,0,0,0,0,0,369801,0,353.57,377.11,424.82
328,0,33,70,100,4533,4533,4533,92746,92746,92746,591,591,591,0.32,0.55,0.78,0.12,0.22,0.29,0.07,0.15,0.22,0.00,0.00,0.00,0.01,0.02,0.03,0.00,0.00,0.00,0.09,0.17,0.24,325867,667969,1585474,867489,1336887,2072909,0,0,0,0,0,0,0,340399,0,377.81,411.63,430.00
328,1,32,72,100,4433,4433,4433,92846,92846,92846,591,591,591,0.35,0.51,0.81,0.13,0.20,0.26,0.10,0.15,0.26,0.00,0.00,0.00,0.01,0.02,0.04,0.00,0.00,0.00,0.10,0.16,0.21,469020,832743,1462459,1027323,1407298,1661647,0,0,0,0,0,0,0,253613,0,358.01,375.59,387.09
328,2,42,73,100,4533,4533,4533,92746,92746,92746,591,591,591,0.22,0.59,0.84,0.09,0.22,0.32,0.06,0.17,0.28,0.00,0.00,0.00,0.01,0.03,0.05,0.00,0.00,0.00,0.05,0.18,0.26,306616,455322,880501,424546,953229,1192345,0,0,0,0,0,0,0,336554,0,415.53,449.00,466.38
328,3,38,64,93,4435,4435,4435,92844,92844,92844,591,591,591,0.16,0.50,0.76,0.06,0.20,0.35,0.04,0.14,0.21,0.00,0.00,0.00,0.00,0.02,0.04,0.00,0.00,0.00,0.03,0.14,0.26,369483,497271,678781,725864,1217954,1624850,0,0,0,0,0,0,0,190833,0,387.43,439.44,478.42
329,0,59,66,72,4533,4533,4533,92746,92746,92746,591,591,591,0.26,0.47,0.63,0.10,0.19,0.25,0.06,0.14,0.21,0.00,0.00,0.00,0.01,0.02,0.03,0.00,0.00,0.00,0.07,0.14,0.19,270803,479232,733801,935567,1193800,1375844,0,0,0,0,0,0,0,226906,0,348.77,372.06,390.32
329,1,35,58,100,4433,4433,4433,92846,92846,92846,591,591,591,0.27,0.47,0.80,0.10,0.18,0.27,0.05,0.14,0.27,0.00,0.00,0.00,0.01,0.02,0.04,0.00,0.00,0.00,0.06,0.13,0.22,455989,533033,820231,765201,1266806,1886793,0,0,0,0,0,0,0,339254,0,312.41,338.89,373.49
329,2,31,71,100,4533,4533,4533,92746,92746,92746,591,591,591,0.15,0.58,0.83,0.05,0.21,0.33,0.03,0.17,0.28,0.00,0.00,0.00,0.00,0.03,0.05,0.00,0.00,0.00,0.03,0.15,0.25,136266,348530,429770,435004,882249,1413351,0,0,0,0,0,0,0,289926,0,341.18,386.64,439.29
329,3,33,71,100,4435,4435,4435,92844,92844,92844,591,591,591,0.16,0.59,0.82,0.06,0.22,0.33,0.04,0.18,0.27,0.00,0.00,0.00,0.00,0.03,0.04,0.00,0.00,0.00,0.03,0.16,0.29,369415,748386,1554031,694291,1280293,2232774,0,0,0,0,0,0,0,327957,0,384.65,399.85,424.27
330,0,34,76,97,4533,4533,4533,92746,92746,92746,591,591,591,0.17,0.58,0.91,0.06,0.22,0.34,0.03,0.18,0.32,0.00,0.00,0.00,0.00,0.03,0.07,0.00,0.00,0.00,0.03,0.15,0.26,330205,413519,497910,618447,1034592,1349651,0,0,0,0,0,0,0,365958,0,364.53,399.62,434.75
330,1,32,77,100,4433,4433,4433,92846,92846,92846,591,591,591,0.34,0.59,0.76,0.14,0.24,0.32,0.10,0.17,0.24,0.00,0.00,0.00,0.01,0.03,0.03,0.00,0.00,0.00,0.08,0.18,0.28,465953,1097911,2481815,898383,1673088,2977130,0,0,0,0,0,0,0,253353,0,358.78,386.07,409.07
330,2,44,54,62,4533,4533,4533,92746,92746,92746,591,591,591,0.26,0.33,0.38,0.11,0.13,0.15,0.08,0.10,0.11,0.00,0.00,0.00,0.01,0.01,0.01,0.00,0.00,0.00,0.07,0.10,0.12,372108,907315,2330391,1074397,1653191,3289964,0,0,0,0,0,0,0,252835,0,316.71,371.73,407.67
330,3,60,83,100,4435,4435,4435,92844,92844,92844,591,591,591,0.30,0.62,0.83,0.11,0.24,0.30,0.08,0.18,0.28,0.00,0.00,0.00,0.01,0.03,0.05,0.00,0.00,0.00,0.07,0.18,0.25,240549,370446,552973,513619,919046,1478089,0,0,0,0,0,0,0,326787,0,370.70,386.99,417.06
331,0,38,75,100,4527,4527,4527,92752,92752,92752,591,591,591,0.16,0.61,0.85,0.06,0.20,0.26,0.03,0.18,0.28,0.00,0.00,0.00,0.00,0.03,0.05,0.00,0.00,0.00,0.03,0.15,0.20,353685,893031,2727817,626154,1454359,2892901,0,0,0,0,0,0,0,421382,0,369.72,390.28,444.92
331,1,30,66,100,4433,4433,4433,92846,92846,92846,591,591,591,0.15,0.51,0.80,0.06,0.20,0.31,0.03,0.15,0.26,0.00,0.00,0.00,0.00,0.02,0.04,0.00,0.00,0.00,0.03,0.16,0.27,445509,914621,1695616,807139,1557737,2269557,0,0,0,0,0,0,0,335322,0,329.40,373.79,396.63
331,2,34,64,85,4533,4533,4533,92746,92746,92746,591,591,591,0.17,0.48,0.79,0.07,0.19,0.32,0.03,0.14,0.26,0.00,0.00,0.00,0.00,0.02,0.05,0.00,0.00,0.00,0.04,0.14,0.20,324965,417731,733772,663034,1154664,1614298,0,0,0,0,0,0,0,292721,0,333.79,357.23,381.85
331,3,37,68,100,4435,4435,4435,92844,92844,92844,591,591,591,0.16,0.54,0.90,0.06,0.19,0.32,0.04,0.16,0.32,0.00,0.00,0.00,0.00,0.03,0.06,0.00,0.00,0.00,0.03,0.12,0.20,320287,380757,500543,448105,1085586,1664111,0,0,0,0,0,0,0,261671,0,341.94,368.25,426.32
332,0,59,69,100,4527,4527,4527,92752,92752,92752,591,591,591,0.30,0.46,0.70,0.12,0.19,0.32,0.08,0.12,0.16,0.00,0.00,0.00,0.01,0.02,0.02,0.00,0.00,0.00,0.07,0.16,0.29,332737,408276,631599,762645,1140943,1404718,0,0,0,0,0,0,0,279710,0,363.04,422.82,477.93
332,1,36,72,100,4433,4433,4433,92846,92846,92846,591,591,591,0.15,0.50,0.79,0.06,0.19,0.30,0.03,0.14,0.24,0.00,0.00,0.00,0.00,0.02,0.04,0.00,0.00,0.00,0.02,0.15,0.26,463765,803018,1955827,797543,1431838,2566664,0,0,0,0,0,0,0,363693,0,380.81,385.61,392.12
332,2,39,78,100,4533,4533,4533,92746,92746,92746,591,591,591,0.25,0.61,0.85,0.09,0.24,0.35,0.07,0.18,0.28,0.00,0.00,0.00,0.01,0.03,0.05,0.00,0.00,0.00,0.06,0.18,0.22,311849,541373,930146,476946,1005695,1598279,0,0,0,0,0,0,0,387342,0,380.55,410.11,440.60
332,3,41,84,100,4435,4435,4435,92844,92844,92844,591,591,591,0.21,0.72,0.92,0.08,0.26,0.35,0.05,0.22,0.33,0.00,0.00,0.00,0.01,0.04,0.07,0.00,0.00,0.00,0.04,0.18,0.25,364261,614786,1286755,492670,1005256,2413648,0,0,0,0,0,0,0,367894,0,377.49,445.50,492.77
333,0,34,63,89,4527,4527,4527,92752,92752,92752,591,591,591,0.15,0.47,0.74,0.06,0.19,0.31,0.03,0.15,0.23,0.00,0.00,0.00,0.00,0.02,0.03,0.00,0.00,0.00,0.03,0.13,0.22,235859,361108,424442,674384,1073026,1459677,0,0,0,0,0,0,0,311334,0,351.53,371.06,407.67
333,1,40,83,100,4433,4433,4433,92846,92846,92846,591,591,591,0.18,0.66,0.84,0.07,0.25,0.34,0.03,0.19,0.27,0.00,0.00,0.00,0.00,0.03,0.05,0.00,0.00,0.00,0.04,0.19,0.31,511036,856887,1360215,799313,1370458,2080066,0,0,0,0,0,0,0,403374,0,383.26,402.82,454.74
333,2,33,66,100,4533,4533,4533,92746,92746,92746,591,591,591,0.15,0.47,0.86,0.05,0.16,0.25,0.03,0.14,0.29,0.00,0.00,0.00,0.00,0.03,0.05,0.00,0.00,0.00,0.02,0.11,0.20,234381,355898,560833,433238,993029,1554084,0,0,0,0,0,0,0,299178,0,350.42,364.63,400.99
333,3,39,79,100,4431,4431,4431,92848,92848,92848,591,591,591,0.17,0.65,0.86,0.06,0.22,0.30,0.04,0.19,0.29,0.00,0.00,0.00,0.00,0.03,0.05,0.00,0.00,0.00,0.03,0.17,0.24,343310,522519,888182,471724,1055031,1727060,0,0,0,0,0,0,0,394601,0,357.87,377.14,426.87
334,0,66,87,100,4527,4527,4527,92752,92752,92752,591,591,591,0.39,0.59,0.81,0.15,0.22,0.28,0.09,0.16,0.27,0.00,0.00,0.00,0.02,0.02,0.04,0.00,0.00,0.00,0.12,0.17,0.25,333507,589453,1339306,634163,1260088,1705345,0,0,0,0,0,0,0,395865,0,380.32,409.91,438.71
334,1,34,63,100,4431,4431,4433,92846,92847,92848,591,591,591,0.16,0.56,0.85,0.06,0.19,0.25,0.03,0.17,0.28,0.00,0.00,0.00,0.00,0.03,0.05,0.00,0.00,0.00,0.03,0.14,0.19,458598,500019,592275,605359,1101890,1649285,0,0,0,0,0,0,0,297882,0,343.07,373.84,448.86
334,2,32,67,100,4533,4533,4533,92746,92746,92746,591,591,591,0.30,0.56,0.85,0.12,0.22,0.33,0.09,0.16,0.29,0.00,0.00,0.00,0.01,0.02,0.05,0.00,0.00,0.00,0.07,0.17,0.27,319714,539136,1010651,930309,1077734,1127586,0,0,0,0,0,0,0,311077,0,408.77,444.33,472.25
334,3,38,67,97,4431,4431,4431,92848,92848,92848,591,591,591,0.17,0.54,0.92,0.06,0.22,0.37,0.04,0.15,0.33,0.00,0.00,0.00,0.00,0.03,0.07,0.00,0.00,0.00,0.03,0.15,0.31,241106,368956,505618,555719,1039989,1467550,0,0,0,0,0,0,0,173084,0,361.09,434.78,503.75
335,0,34,60,96,4527,4527,4527,92752,92752,92752,591,591,591,0.16,0.49,0.82,0.06,0.19,0.35,0.03,0.16,0.28,0.00,0.00,0.00,0.00,0.03,0.06,0.00,0.00,0.00,0.03,0.11,0.24,408830,725924,1176692,739039,1435469,2235454,0,0,0,0,0,0,0,163829,0,371.08,404.84,452.32
335,1,36,81,100,4431,4431,4431,92848,92848,92848,591,591,591,0.16,0.59,0.86,0.06,0.23,0.36,0.03,0.17,0.25,0.00,0.00,0.00,0.00,0.03,0.04,0.00,0.00,0.00,0.03,0.18,0.28,809741,1049004,1522287,1179235,1632282,2568075,0,0,0,0,0,0,0,310913,0,414.01,453.20,492.45
335,2,34,68,96,4533,4533,4533,92746,92746,92746,591,591,591,0.15,0.47,0.70,0.05,0.18,0.29,0.03,0.15,0.24,0.00,0.00,0.00,0.00,0.02,0.05,0.00,0.00,0.00,0.02,0.11,0.20,324953,470809,825039,861707,1167547,1324813,0,0,0,0,0,0,0,252115,0,357.41,376.45,403.97
335,3,52,87,100,4431,4431,4431,92848,92848,92848,591,591,591,0.45,0.74,0.85,0.19,0.25,0.33,0.16,0.23,0.28,0.00,0.00,0.00,0.02,0.04,0.05,0.00,0.00,0.00,0.12,0.19,0.26,353774,549610,1113498,476958,841807,1231397,0,0,0,0,0,0,0,395300,0,360.16,409.63,450.38
336,0,75,93,100,4527,4527,4527,92752,92752,92752,591,591,591,0.53,0.73,0.86,0.23,0.26,0.32,0.12,0.21,0.29,0.00,0.00,0.00,0.02,0.04,0.05,0.00,0.00,0.00,0.18,0.20,0.25,233446,462319,985357,542479,852144,1200170,0,0,0,0,0,0,0,395820,0,372.50,420.39,473.91
336,1,34,75,100,4431,4431,4431,92848,92848,92848,591,591,591,0.23,0.61,0.83,0.09,0.22,0.33,0.06,0.17,0.28,0.00,0.00,0.00,0.01,0.03,0.05,0.00,0.00,0.00,0.06,0.18,0.29,466439,893320,1506832,623666,1398861,2211681,0,0,0,0,0,0,0,251030,0,365.51,379.83,401.65
336,2,39,79,100,4533,4533,4533,92746,92746,92746,591,591,591,0.18,0.63,0.84,0.07,0.23,0.28,0.03,0.18,0.27,0.00,0.00,0.00,0.00,0.03,0.04,0.00,0.00,0.00,0.04,0.18,0.22,332824,512133,1001485,492704,1000828,1961024,0,0,0,0,0,0,0,403670,0,335.52,389.96,460.17
336,3,55,69,95,4431,4431,4431,92848,92848,92848,591,591,591,0.22,0.40,0.52,0.08,0.16,0.22,0.05,0.11,0.16,0.00,0.00,0.00,0.01,0.01,0.02,0.00,0.00,0.00,0.05,0.12,0.21,335438,670350,1931359,961826,1509475,2880005,0,0,0,0,0,0,0,266831,0,337.57,376.58,433.78
337,0,36,65,100,4527,4527,4527,92752,92752,92752,591,591,591,0.38,0.48,0.78,0.15,0.19,0.29,0.08,0.14,0.23,0.00,0.00,0.00,0.01,0.02,0.03,0.00,0.00,0.00,0.12,0.14,0.17,353771,787545,1537935,961733,1528161,2746664,0,0,0,0,0,0,0,281860,0,359.47,396.03,440.64
337,1,35,71,100,4431,4431,4431,92848,92848,92848,591,591,591,0.15,0.48,0.88,0.06,0.19,0.35,0.03,0.14,0.28,0.00,0.00,0.00,0.00,0.02,0.05,0.00,0.00,0.00,0.03,0.13,0.21,453372,701713,1011096,1278277,1429353,1753275,0,0,0,0,0,0,0,250242,0,321.69,378.24,427.85
337,2,31,60,97,4533,4533,4533,92746,92746,92746,591,591,591,0.14,0.42,0.63,0.05,0.16,0.24,0.03,0.12,0.19,0.00,0.00,0.00,0.00,0.02,0.03,0.00,0.00,0.00,0.02,0.13,0.19,322301,416651,652533,841128,1152475,1590713,0,0,0,0,0,0,0,306872,0,358.76,396.35,435.64
337,3,32,62,94,4431,4431,4431,92848,92848,92848,591,591,591,0.29,0.47,0.64,0.12,0.18,0.26,0.09,0.13,0.17,0.00,0.00,0.00,0.01,0.02,0.02,0.00,0.00,0.00,0.06,0.14,0.24,335444,469535,728314,1119021,1261375,1375413,0,0,0,0,0,0,0,276122,0,318.90,336.88,345.70
338,0,31,52,94,4527,4527,4527,92752,92752,92752,591,591,591,0.35,0.40,0.55,0.12,0.15,0.22,0.09,0.11,0.17,0.00,0.00,0.00,0.01,0.01,0.02,0.00,0.00,0.00,0.09,0.12,0.17,343307,487428,783494,985403,1335459,1773999,0,0,0,0,0,0,0,273227,0,335.22,350.29,369.46
338,1,40,78,100,4431,4431,4431,92848,92848,92848,591,591,591,0.21,0.62,0.84,0.08,0.23,0.31,0.05,0.18,0.28,0.00,0.00,0.00,0.01,0.03,0.05,0.00,0.00,0.00,0.04,0.18,0.25,177938,808330,1663088,573068,1302808,2533397,0,0,0,0,0,0,0,363047,0,354.68,392.73,416.62
338,2,33,57,78,4533,4533,4533,92746,92746,92746,591,591,591,0.21,0.41,0.68,0.09,0.16,0.29,0.03,0.12,0.23,0.00,0.00,0.00,0.01,0.02,0.03,0.00,0.00,0.00,0.06,0.11,0.20,319724,508923,891031,938108,1271003,1692960,0,0,0,0,0,0,0,335737,0,350.09,363.87,381.04
338,3,39,66,96,4431,4431,4431,92848,92848,92848,591,591,591,0.22,0.48,0.76,0.09,0.18,0.26,0.04,0.14,0.24,0.00,0.00,0.00,0.01,0.02,0.04,0.00,0.00,0.00,0.05,0.13,0.22,237615,572162,1339169,978415,1314639,1821375,0,0,0,0,0,0,0,347790,0,320.43,345.90,365.73
339,0,36,69,97,4527,4527,4527,92752,92752,92752,591,591,591,0.16,0.52,0.79,0.06,0.20,0.32,0.04,0.16,0.25,0.00,0.00,0.00,0.00,0.03,0.04,0.00,0.00,0.00,0.03,0.14,0.22,322350,450752,652533,820265,1138940,1430866,0,0,0,0,0,0,0,283472,0,350.01,371.96,390.98
339,1,42,65,100,4431,4431,4431,92848,92848,92848,591,591,591,0.18,0.48,0.75,0.07,0.19,0.28,0.03,0.14,0.23,0.00,0.00,0.00,0.00,0.02,0.03,0.00,0.00,0.00,0.04,0.14,0.24,453375,583347,1032531,1011514,1269948,1588106,0,0,0,0,0,0,0,283506,0,330.44,368.31,395.71
339,2,40,72,100,4533,4533,4533,92746,92746,92746,591,591,591,0.25,0.50,0.78,0.10,0.19,0.30,0.08,0.15,0.25,0.00,0.00,0.00,0.01,0.02,0.04,0.00,0.00,0.00,0.06,0.15,0.27,317070,404611,673431,733717,1067094,1370446,0,0,0,0,0,0,0,276926,0,365.72,394.02,407.88
339,3,34,70,100,4431,4431,4431,92848,92848,92848,591,591,591,0.18,0.58,0.81,0.07,0.22,0.31,0.04,0.17,0.27,0.00,0.00,0.00,0.00,0.03,0.04,0.00,0.00,0.00,0.03,0.17,0.28,324938,535081,877796,739039,1133081,1352162,0,0,0,0,0,0,0,307975,0,381.14,396.68,405.93
340,0,33,62,100,4527,4527,4527,92752,92752,92752,591,591,591,0.27,0.54,0.83,0.11,0.20,0.26,0.08,0.16,0.27,0.00,0.00,0.00,0.01,0.02,0.05,0.00,0.00,0.00,0.06,0.16,0.27,348455,626982,1241885,503033,1260390,2234879,0,0,0,0,0,0,0,285444,0,385.94,420.87,453.37
340,1,31,74,93,4431,4431,4431,92848,92848,92848,591,591,591,0.26,0.55,0.85,0.11,0.22,0.34,0.09,0.17,0.28,0.00,0.00,0.00,0.01,0.03,0.05,0.00,0.00,0.00,0.07,0.16,0.23,458584,776570,1260576,1184486,1411242,1703481,0,0,0,0,0,0,0,319360,0,344.52,374.21,416.06
340,2,54,69,81,4533,4533,4533,92746,92746,92746,591,591,591,0.34,0.45,0.57,0.12,0.18,0.25,0.10,0.13,0.18,0.00,0.00,0.00,0.01,0.02,0.02,0.00,0.00,0.00,0.09,0.15,0.22,334211,367164,424548,927698,1120759,1291971,0,0,0,0,0,0,0,206211,0,339.96,358.47,371.35
340,3,35,66,97,4429,4430,4431,92848,92848,92850,591,591,591,0.17,0.50,0.92,0.06,0.21,0.36,0.04,0.14,0.33,0.00,0.00,0.00,0.00,0.02,0.07,0.00,0.00,0.00,0.03,0.13,0.28,320333,383233,500549,524132,1112206,1451192,0,0,0,0,0,0,0,173078,0,348.90,393.61,420.56
341,0,38,69,96,4527,4527,4527,92752,92752,92752,591,591,591,0.16,0.55,0.73,0.06,0.22,0.33,0.04,0.17,0.23,0.00,0.00,0.00,0.00,0.03,0.04,0.00,0.00,0.00,0.03,0.16,0.26,340686,596231,1192544,799307,1286142,2054846,0,0,0,0,0,0,0,234443,0,375.68,394.34,427.52
341,1,37,57,100,4429,4430,4431,92848,92849,92850,591,591,591,0.16,0.41,0.85,0.06,0.15,0.24,0.04,0.11,0.28,0.00,0.00,0.00,0.00,0.02,0.05,0.00,0.00,0.00,0.03,0.10,0.17,131019,888439,1496205,1131017,1715004,2586873,0,0,0,0,0,0,0,215712,0,334.85,348.56,378.42
341,2,35,67,100,4533,4533,4533,92746,92746,92746,591,591,591,0.15,0.50,0.82,0.06,0.18,0.26,0.03,0.15,0.27,0.00,0.00,0.00,0.00,0.03,0.05,0.00,0.00,0.00,0.03,0.12,0.20,330203,657110,972243,765178,1327331,2046689,0,0,0,0,0,0,0,353983,0,346.38,371.37,389.03
341,3,94,98,100,4429,4429,4429,92850,92850,92850,591,591,591,0.75,0.82,0.86,0.25,0.29,0.35,0.21,0.24,0.29,0.00,0.00,0.00,0.03,0.04,0.05,0.00,0.00,0.00,0.19,0.23,0.28,340689,586361,1166168,516272,838377,1480640,0,0,0,0,0,0,0,449426,0,351.05,414.90,491.29
342,0,61,91,100,4527,4527,4527,92752,92752,92752,591,591,591,0.28,0.71,0.83,0.13,0.26,0.35,0.04,0.21,0.28,0.00,0.00,0.00,0.01,0.03,0.05,0.00,0.00,0.00,0.10,0.20,0.25,380001,642577,1352240,639359,1085463,2460762,0,0,0,0,0,0,0,467924,0,373.56,408.64,473.08
342,1,36,83,100,4429,4429,4429,92850,92850,92850,591,591,591,0.18,0.61,0.85,0.07,0.22,0.33,0.03,0.18,0.29,0.00,0.00,0.00,0.00,0.03,0.05,0.00,0.00,0.00,0.04,0.16,0.26,490069,943758,1983293,919889,1413588,2102803,0,0,0,0,0,0,0,308862,0,355.28,419.27,474.26
342,2,34,73,100,4533,4533,4533,92746,92746,92746,591,591,591,0.22,0.57,0.82,0.09,0.22,0.32,0.03,0.17,0.25,0.00,0.00,0.00,0.01,0.03,0.04,0.00,0.00,0.00,0.06,0.16,0.23,306577,380499,516266,592191,959117,1546177,0,0,0,0,0,0,0,315208,0,407.66,420.84,426.75
342,3,36,70,100,4429,4429,4429,92850,92850,92850,591,591,591,0.16,0.52,0.93,0.06,0.19,0.32,0.04,0.16,0.33,0.00,0.00,0.00,0.00,0.03,0.07,0.00,0.00,0.00,0.03,0.12,0.19,324962,533552,870006,885759,1232222,1543575,0,0,0,0,0,0,0,272992,0,353.98,401.16,490.13
343,0,38,69,100,4527,4527,4527,92752,92752,92752,591,591,591,0.17,0.54,0.84,0.06,0.19,0.27,0.04,0.16,0.28,0.00,0.00,0.00,0.00,0.03,0.05,0.00,0.00,0.00,0.03,0.13,0.21,213202,995946,1959575,407181,1639366,3070350,0,0,0,0,0,0,0,335470,0,383.12,415.08,494.45
343,1,36,80,100,4429,4429,4429,92850,92850,92850,591,591,591,0.16,0.60,0.80,0.06,0.23,0.32,0.03,0.18,0.25,0.00,0.00,0.00,0.00,0.03,0.04,0.00,0.00,0.00,0.03,0.17,0.29,461246,699930,1176691,998403,1283182,1540984,0,0,0,0,0,0,0,338613,0,402.25,407.48,411.77
343,2,33,63,91,4533,4533,4533,92746,92746,92746,591,591,591,0.25,0.50,0.74,0.10,0.20,0.32,0.08,0.14,0.25,0.00,0.00,0.00,0.01,0.02,0.04,0.00,0.00,0.00,0.07,0.16,0.27,258571,582121,977471,828081,1243910,1986390,0,0,0,0,0,0,0,337490,0,369.77,383.06,413.82
343,3,40,76,100,4429,4429,4429,92850,92850,92850,591,591,591,0.18,0.66,0.86,0.06,0.24,0.35,0.04,0.20,0.28,0.00,0.00,0.00,0.00,0.03,0.05,0.00,0.00,0.00,0.03,0.17,0.27,36688,407218,772931,681386,877877,1213356,0,0,0,0,0,0,0,345118,0,367.60,430.65,477.76
344,0,40,77,100,4527,4527,4527,92752,92752,92752,591,591,591,0.39,0.60,0.79,0.15,0.25,0.33,0.10,0.17,0.27,0.00,0.00,0.00,0.02,0.03,0.04,0.00,0.00,0.00,0.09,0.18,0.27,324942,445494,613236,744224,1026735,1291909,0,0,0,0,0,0,0,341414,0,424.75,434.59,450.36
344,1,36,73,100,4429,4429,4429,92850,92850,92850,591,591,591,0.30,0.67,0.83,0.14,0.25,0.35,0.04,0.19,0.27,0.00,0.00,0.00,0.01,0.03,0.05,0.00,0.00,0.00,0.11,0.19,0.28,546505,1148127,2277372,912903,1626560,3396404,0,0,0,0,0,0,0,387344,0,362.30,394.90,457.75
344,2,34,72,100,4533,4533,4533,92746,92746,92746,591,591,591,0.15,0.54,0.83,0.06,0.20,0.33,0.03,0.16,0.28,0.00,0.00,0.00,0.00,0.02,0.05,0.00,0.00,0.00,0.03,0.15,0.27,314472,419280,639373,503183,1011524,1456933,0,0,0,0,0,0,0,353748,0,332.24,368.06,400.39
344,3,52,86,100,4429,4429,4429,92850,92850,92850,591,591,591,0.27,0.57,0.82,0.11,0.22,0.29,0.08,0.16,0.27,0.00,0.00,0.00,0.01,0.02,0.04,0.00,0.00,0.00,0.06,0.18,0.26,335445,787816,1365995,1163512,1433480,2053924,0,0,0,0,0,0,0,232700,0,381.70,399.34,430.79
345,0,37,75,100,4527,4527,4527,92752,92752,92752,591,591,591,0.21,0.53,0.81,0.09,0.20,0.28,0.03,0.15,0.27,0.00,0.00,0.00,0.01,0.02,0.04,0.00,0.00,0.00,0.05,0.16,0.25,356417,711947,1533103,827999,1348024,2088690,0,0,0,0,0,0,0,342504,0,377.11,397.18,413.29
345,1,35,74,100,4429,4429,4429,92850,92850,92850,591,591,591,0.15,0.54,0.82,0.06,0.20,0.31,0.03,0.15,0.27,0.00,0.00,0.00,0.00,0.02,0.04,0.00,0.00,0.00,0.03,0.16,0.25,471734,648832,1058674,846288,1262039,1787125,0,0,0,0,0,0,0,334602,0,373.51,385.94,417.18
345,2,35,63,97,4531,4532,4533,92746,92746,92748,591,591,591,0.16,0.49,0.81,0.06,0.19,0.34,0.03,0.14,0.26,0.00,0.00,0.00,0.00,0.03,0.05,0.00,0.00,0.00,0.03,0.12,0.22,332826,408000,603898,649863,1140974,1386375,0,0,0,0,0,0,0,159982,0,362.11,419.56,480.64
345,3,39,73,100,4429,4429,4429,92850,92850,92850,591,591,591,0.17,0.56,0.84,0.06,0.21,0.35,0.04,0.17,0.28,0.00,0.00,0.00,0.00,0.03,0.05,0.00,0.00,0.00,0.03,0.14,0.22,136287,660692,1650077,290920,1336264,1983097,0,0,0,0,0,0,0,330736,0,345.12,381.32,427.18
346,0,38,65,100,4527,4527,4527,92752,92752,92752,591,591,591,0.24,0.47,0.80,0.10,0.18,0.27,0.04,0.14,0.26,0.00,0.00,0.00,0.01,0.02,0.04,0.00,0.00,0.00,0.07,0.13,0.23,330205,446030,739026,723233,1211782,1533111,0,0,0,0,0,0,0,217544,0,354.54,394.96,439.06
346,1,50,67,83,4429,4429,4429,92850,92850,92850,591,591,591,0.21,0.45,0.68,0.08,0.18,0.26,0.04,0.13,0.22,0.00,0.00,0.00,0.01,0.02,0.03,0.00,0.00,0.00,0.05,0.13,0.21,461255,868487,1918383,1098007,1608026,2434669,0,0,0,0,0,0,0,319578,0,333.99,366.81,415.77
346,2,74,92,100,4531,4531,4531,92748,92748,92748,591,591,591,0.40,0.72,0.86,0.15,0.25,0.31,0.13,0.22,0.28,0.00,0.00,0.00,0.02,0.04,0.05,0.00,0.00,0.00,0.09,0.19,0.25,115287,618453,1027187,403505,932920,1527878,0,0,0,0,0,0,0,436416,0,370.39,440.03,508.74
346,3,33,78,100,4429,4429,4429,92850,92850,92850,591,591,591,0.18,0.61,0.83,0.07,0.23,0.33,0.03,0.18,0.28,0.00,0.00,0.00,0.00,0.03,0.04,0.00,0.00,0.00,0.04,0.18,0.29,377336,660388,1205508,909275,1175596,1543571,0,0,0,0,0,0,0,313723,0,380.02,410.97,433.72
347,0,47,68,100,4527,4527,4527,92752,92752,92752,591,591,591,0.25,0.49,0.76,0.10,0.20,0.31,0.07,0.14,0.20,0.00,0.00,0.00,0.01,0.02,0.03,0.00,0.00,0.00,0.05,0.15,0.29,332827,516793,969648,862186,1213360,1847574,0,0,0,0,0,0,0,317142,0,387.78,409.92,446.79
347,1,37,70,100,4429,4429,4429,92850,92850,92850,591,591,591,0.16,0.46,0.81,0.06,0.17,0.28,0.03,0.13,0.24,0.00,0.00,0.00,0.00,0.02,0.04,0.00,0.00,0.00,0.03,0.13,0.23,450711,669946,1084956,824622,1394008,2120120,0,0,0,0,0,0,0,252899,0,328.21,351.87,379.71
347,2,34,70,100,4531,4531,4531,92748,92748,92748,591,591,591,0.19,0.48,0.75,0.08,0.18,0.29,0.03,0.14,0.23,0.00,0.00,0.00,0.00,0.02,0.04,0.00,0.00,0.00,0.05,0.15,0.23,319673,420856,647294,838534,1112661,1338962,0,0,0,0,0,0,0,327518,0,353.91,387.33,412.13
347,3,39,72,97,4429,4429,4429,92850,92850,92850,591,591,591,0.17,0.56,0.86,0.06,0.22,0.34,0.04,0.16,0.31,0.00,0.00,0.00,0.00,0.03,0.06,0.00,0.00,0.00,0.03,0.15,0.25,348548,476954,817605,613245,1187677,1609085,0,0,0,0,0,0,0,284655,0,372.05,389.02,409.69
348,0,35,73,100,4527,4527,4527,92752,92752,92752,591,591,591,0.16,0.58,0.83,0.06,0.23,0.35,0.03,0.17,0.27,0.00,0.00,0.00,0.00,0.03,0.05,0.00,0.00,0.00,0.03,0.16,0.28,136241,641693,1415042,579024,1248491,1726875,0,0,0,0,0,0,0,343342,0,370.22,413.16,436.30
348,1,34,76,100,4429,4429,4429,92850,92850,92850,591,591,591,0.14,0.54,0.81,0.05,0.21,0.29,0.03,0.16,0.27,0.00,0.00,0.00,0.00,0.02,0.04,0.00,0.00,0.00,0.02,0.16,0.25,453302,530394,752134,728432,1168766,1745372,0,0,0,0,0,0,0,275144,0,319.97,364.89,399.33
348,2,33,59,89,4531,4531,4531,92748,92748,92748,591,591,591,0.15,0.42,0.60,0.06,0.16,0.23,0.03,0.12,0.19,0.00,0.00,0.00,0.00,0.02,0.03,0.00,0.00,0.00,0.03,0.11,0.18,315181,442169,734737,870756,1210672,1502871,0,0,0,0,0,0,0,295978,0,333.40,359.25,383.19
348,3,39,82,100,4429,4429,4429,92850,92850,92850,591,591,591,0.17,0.62,0.85,0.06,0.23,0.32,0.04,0.18,0.27,0.00,0.00,0.00,0.00,0.03,0.04,0.00,0.00,0.00,0.03,0.17,0.25,332818,437732,664644,492676,948158,1588127,0,0,0,0,0,0,0,342632,0,388.10,421.23,460.77
349,0,36,81,100,4527,4527,4527,92752,92752,92752,591,591,591,0.17,0.68,0.86,0.06,0.23,0.34,0.03,0.19,0.29,0.00,0.00,0.00,0.00,0.03,0.05,0.00,0.00,0.00,0.03,0.18,0.27,320671,395375,610546,442949,870672,1384233,0,0,0,0,0,0,0,397559,0,370.85,394.02,448.77
349,1,35,67,92,4429,4429,4429,92850,92850,92850,591,591,591,0.15,0.45,0.63,0.06,0.18,0.25,0.03,0.13,0.21,0.00,0.00,0.00,0.00,0.02,0.04,0.00,0.00,0.00,0.03,0.13,0.21,466478,595934,1029901,935609,1299838,1603815,0,0,0,0,0,0,0,275408,0,335.31,362.55,397.12
349,2,33,79,100,4531,4531,4531,92748,92748,92748,591,591,591,0.19,0.61,0.81,0.07,0.24,0.33,0.04,0.18,0.26,0.00,0.00,0.00,0.01,0.03,0.05,0.00,0.00,0.00,0.04,0.18,0.24,317136,471714,953897,705038,1024663,1284093,0,0,0,0,0,0,0,369873,0,381.78,410.49,433.22
349,3,41,76,100,4429,4429,4429,92850,92850,92850,591,591,591,0.25,0.58,0.82,0.10,0.22,0.31,0.07,0.16,0.28,0.00,0.00,0.00,0.01,0.03,0.04,0.00,0.00,0.00,0.06,0.17,0.25,338067,624236,1381117,537229,1217554,2172573,0,0,0,0,0,0,0,299391,0,380.29,391.01,401.25
350,0,36,82,100,4527,4527,4527,92752,92752,92752,591,591,591,0.16,0.58,0.83,0.06,0.22,0.33,0.03,0.18,0.27,0.00,0.00,0.00,0.00,0.03,0.05,0.00,0.00,0.00,0.03,0.15,0.22,348537,492144,725889,767736,1074795,1506015,0,0,0,0,0,0,0,276520,0,375.29,436.30,505.31
350,1,41,75,100,4429,4429,4429,92850,92850,92850,591,591,591,0.33,0.55,0.83,0.14,0.21,0.31,0.07,0.15,0.27,0.00,0.00,0.00,0.01,0.02,0.04,0.00,0.00,0.00,0.10,0.17,0.25,455881,789002,1446537,1121666,1408948,1614251,0,0,0,0,0,0,0,326183,0,320.12,363.27,392.31
350,2,35,78,100,4531,4531,4531,92748,92748,92748,591,591,591,0.22,0.57,0.82,0.08,0.21,0.31,0.06,0.16,0.27,0.00,0.00,0.00,0.01,0.03,0.04,0.00,0.00,0.00,0.04,0.17,0.25,317101,423849,718062,508410,996900,1333918,0,0,0,0,0,0,0,360327,0,357.76,391.18,415.33
350,3,42,68,97,4429,4429,4429,92850,92850,92850,591,591,591,0.35,0.56,0.91,0.13,0.22,0.34,0.09,0.17,0.32,0.00,0.00,0.00,0.01,0.03,0.07,0.00,0.00,0.00,0.08,0.15,0.26,332830,501595,712823,720638,1164099,1462335,0,0,0,0,0,0,0,307350,0,319.31,348.76,372.94
351,0,40,66,100,4527,4527,4527,92752,92752,92752,591,591,591,0.33,0.54,0.83,0.12,0.21,0.30,0.10,0.16,0.28,0.00,0.00,0.00,0.01,0.02,0.05,0.00,0.00,0.00,0.08,0.16,0.27,36688,596198,1386345,497916,1160292,2146345,0,0,0,0,0,0,0,333587,0,384.93,416.61,441.75
351,1,34,76,100,4429,4429,4429,92850,92850,92850,591,591,591,0.18,0.59,0.78,0.07,0.23,0.30,0.04,0.17,0.24,0.00,0.00,0.00,0.00,0.03,0.04,0.00,0.00,0.00,0.04,0.17,0.24,468736,862987,1633905,809891,1448448,2627422,0,0,0,0,0,0,0,295470,0,328.35,366.29,413.95
351,2,33,62,100,4531,4531,4531,92748,92748,92748,591,591,591,0.23,0.44,0.73,0.09,0.17,0.29,0.06,0.13,0.23,0.00,0.00,0.00,0.01,0.02,0.03,0.00,0.00,0.00,0.05,0.12,0.23,330216,426124,636810,761243,1135066,1438719,0,0,0,0,0,0,0,309667,0,371.42,408.35,432.89
351,3,38,61,100,4429,4429,4429,92850,92850,92850,591,591,591,0.17,0.45,0.85,0.06,0.16,0.25,0.04,0.12,0.29,0.00,0.00,0.00,0.00,0.02,0.05,0.00,0.00,0.00,0.03,0.11,0.21,332818,349445,394052,499479,1175775,1491217,0,0,0,0,0,0,0,248242,0,344.82,356.43,363.17
352,0,54,67,83,4527,4527,4527,92752,92752,92752,591,591,591,0.27,0.48,0.69,0.10,0.19,0.28,0.06,0.14,0.22,0.00,0.00,0.00,0.01,0.02,0.03,0.00,0.00,0.00,0.07,0.14,0.23,326778,540641,888431,836270,1302435,1805672,0,0,0,0,0,0,0,240856,0,332.08,363.03,384.32
352,1,34,69,100,4429,4429,4429,92850,92850,92850,591,591,591,0.16,0.54,0.82,0.06,0.20,0.33,0.03,0.17,0.27,0.00,0.00,0.00,0.00,0.03,0.04,0.00,0.00,0.00,0.03,0.14,0.22,453371,665118,1370556,702333,1280978,1745297,0,0,0,0,0,0,0,335217,0,376.65,384.86,403.12
352,2,31,72,100,4531,4531,4531,92748,92748,92748,591,591,591,0.27,0.50,0.64,0.11,0.20,0.26,0.08,0.15,0.22,0.00,0.00,0.00,0.01,0.02,0.03,0.00,0.00,0.00,0.06,0.15,0.20,317056,370018,406206,896244,1082272,1249885,0,0,0,0,0,0,0,263925,0,367.95,384.66,409.57
352,3,37,71,100,4429,4429,4429,92850,92850,92850,591,591,591,0.17,0.61,0.88,0.06,0.23,0.36,0.04,0.18,0.29,0.00,0.00,0.00,0.00,0.03,0.05,0.00,0.00,0.00,0.03,0.16,0.30,332829,701458,1535686,446322,1256766,1810851,0,0,0,0,0,0,0,275723,0,379.01,429.30,490.18
353,0,35,78,100,4527,4527,4527,92752,92752,92752,591,591,591,0.16,0.61,0.80,0.06,0.24,0.34,0.03,0.18,0.24,0.00,0.00,0.00,0.00,0.03,0.05,0.00,0.00,0.00,0.03,0.18,0.26,369453,481655,754754,702223,1054512,1789922,0,0,0,0,0,0,0,385408,0,359.59,404.75,429.12
353,1,44,78,100,4429,4429,4429,92850,92850,92850,591,591,591,0.31,0.56,0.77,0.13,0.23,0.33,0.09,0.16,0.21,0.00,0.00,0.00,0.01,0.02,0.04,0.00,0.00,0.00,0.07,0.17,0.30,183423,905034,1879085,550270,1502464,2594552,0,0,0,0,0,0,0,241916,0,371.70,390.50,418.09
353,2,31,68,100,4531,4531,4531,92748,92748,92748,591,591,591,0.15,0.54,0.89,0.06,0.21,0.35,0.03,0.16,0.28,0.00,0.00,0.00,0.00,0.03,0.06,0.00,0.00,0.00,0.03,0.15,0.26,317103,534568,809559,607976,1173429,1789415,0,0,0,0,0,0,0,342732,0,355.38,397.88,428.20
353,3,51,84,100,4429,4429,4429,92850,92850,92850,591,591,591,0.56,0.71,0.84,0.23,0.26,0.34,0.12,0.20,0.28,0.00,0.00,0.00,0.02,0.04,0.05,0.00,0.00,0.00,0.14,0.21,0.30,327582,417729,647335,558135,834413,1163571,0,0,0,0,0,0,0,354229,0,375.53,406.61,452.05
354,0,37,78,100,4527,4527,4527,92752,92752,92752,591,591,591,0.16,0.58,0.84,0.06,0.20,0.33,0.03,0.16,0.28,0.00,0.00,0.00,0.00,0.03,0.05,0.00,0.00,0.00,0.03,0.15,0.26,345832,622653,1506807,500656,1224868,1758379,0,0,0,0,0,0,0,407848,0,385.75,400.72,428.71
354,1,36,71,100,4429,4429,4429,92850,92850,92850,591,591,591,0.16,0.58,0.82,0.06,0.22,0.33,0.03,0.16,0.27,0.00,0.00,0.00,0.00,0.03,0.04,0.00,0.00,0.00,0.03,0.17,0.30,482260,765140,1171204,673592,1364687,2298316,0,0,0,0,0,0,0,358386,0,335.69,376.45,412.16
354,2,37,78,100,4531,4531,4531,92748,92748,92748,591,591,591,0.16,0.59,0.83,0.06,0.21,0.27,0.03,0.17,0.28,0.00,0.00,0.00,0.00,0.03,0.05,0.00,0.00,0.00,0.03,0.16,0.20,228144,469121,956513,497922,1023185,1449202,0,0,0,0,0,0,0,392377,0,381.97,400.77,442.38
354,3,36,82,100,4429,4429,4429,92850,92850,92850,591,591,591,0.16,0.66,0.88,0.06,0.25,0.34,0.03,0.20,0.31,0.00,0.00,0.00,0.00,0.03,0.06,0.00,0.00,0.00,0.03,0.17,0.24,311863,496835,822942,691758,1034009,1378489,0,0,0,0,0,0,0,373408,0,399.52,407.27,418.47
355,0,38,74,100,4527,4527,4527,92752,92752,92752,591,591,591,0.30,0.62,0.82,0.11,0.23,0.32,0.08,0.18,0.27,0.00,0.00,0.00,0.01,0.03,0.04,0.00,0.00,0.00,0.06,0.17,0.25,236768,539930,914402,628889,1113732,1341671,0,0,0,0,0,0,0,313940,0,409.29,428.70,463.87
355,1,35,70,100,4429,4429,4429,92850,92850,92850,591,591,591,0.25,0.47,0.80,0.10,0.18,0.28,0.06,0.13,0.27,0.00,0.00,0.00,0.01,0.02,0.04,0.00,0.00,0.00,0.05,0.13,0.22,438532,639579,1061258,964421,1349399,2164443,0,0,0,0,0,0,0,323156,0,356.50,389.52,412.63
355,2,33,62,100,4531,4531,4531,92748,92748,92748,591,591,591,0.22,0.38,0.65,0.09,0.15,0.26,0.06,0.11,0.18,0.00,0.00,0.00,0.01,0.01,0.02,0.00,0.00,0.00,0.05,0.11,0.24,322342,400959,631582,985317,1213363,1496405,0,0,0,0,0,0,0,325763,0,341.64,393.61,452.82
355,3,36,73,100,4425,4425,4429,92850,92853,92854,591,591,591,0.17,0.53,0.85,0.06,0.18,0.25,0.04,0.15,0.29,0.00,0.00,0.00,0.00,0.03,0.05,0.00,0.00,0.00,0.03,0.13,0.21,322292,665585,1475485,830763,1350437,1609143,0,0,0,0,0,0,0,375834,0,362.55,377.95,417.12
356,0,34,67,96,4527,4527,4527,92752,92752,92752,591,591,591,0.16,0.52,0.75,0.06,0.20,0.33,0.03,0.15,0.25,0.00,0.00,0.00,0.00,0.03,0.05,0.00,0.00,0.00,0.03,0.14,0.27,327467,444977,854348,710202,1112661,1414659,0,0,0,0,0,0,0,281030,0,382.55,418.38,461.27
356,1,35,65,97,4429,4429,4429,92850,92850,92850,591,591,591,0.20,0.55,0.90,0.08,0.22,0.35,0.05,0.17,0.29,0.00,0.00,0.00,0.01,0.03,0.06,0.00,0.00,0.00,0.04,0.15,0.24,466482,763494,1606087,725931,1371071,2151056,0,0,0,0,0,0,0,298170,0,340.59,369.76,394.49
356,2,31,62,100,4531,4531,4531,92748,92748,92748,591,591,591,0.19,0.44,0.71,0.07,0.17,0.27,0.04,0.13,0.23,0.00,0.00,0.00,0.01,0.02,0.03,0.00,0.00,0.00,0.04,0.13,0.22,330193,523055,875189,987960,1268863,1700592,0,0,0,0,0,0,0,275523,0,354.86,366.87,378.35
356,3,39,71,100,4425,4425,4425,92854,92854,92854,591,591,591,0.23,0.49,0.79,0.09,0.19,0.31,0.06,0.13,0.20,0.00,0.00,0.00,0.01,0.02,0.03,0.00,0.00,0.00,0.05,0.15,0.27,340678,564491,980137,843843,1291987,1831861,0,0,0,0,0,0,0,276775,0,355.35,406.30,450.84
357,0,51,74,100,4527,4527,4527,92752,92752,92752,591,591,591,0.30,0.54,0.85,0.13,0.20,0.32,0.08,0.16,0.28,0.00,0.00,0.00,0.01,0.02,0.05,0.00,0.00,0.00,0.08,0.16,0.25,343323,809263,1580292,678705,1335490,2196160,0,0,0,0,0,0,0,278461,0,388.66,410.92,445.69
357,1,37,79,100,4423,4424,4429,92850,92854,92856,591,591,591,0.16,0.58,0.84,0.06,0.19,0.26,0.03,0.17,0.28,0.00,0.00,0.00,0.00,0.03,0.05,0.00,0.00,0.00,0.03,0.14,0.20,453326,534234,725072,605366,1120323,1785780,0,0,0,0,0,0,0,342647,0,329.13,350.52,393.18
357,2,34,60,89,4531,4531,4531,92748,92748,92748,591,591,591,0.16,0.46,0.82,0.06,0.19,0.33,0.03,0.13,0.25,0.00,0.00,0.00,0.00,0.02,0.05,0.00,0.00,0.00,0.03,0.13,0.22,209650,335433,377376,681303,1101700,1412511,0,0,0,0,0,0,0,260567,0,354.68,370.77,401.80
357,3,35,59,96,4425,4425,4425,92854,92854,92854,591,591,591,0.33,0.41,0.55,0.12,0.17,0.22,0.08,0.12,0.17,0.00,0.00,0.00,0.01,0.02,0.02,0.00,0.00,0.00,0.09,0.13,0.17,338043,411437,670885,885743,1172464,1593353,0,0,0,0,0,0,0,209003,0,323.14,340.66,351.63
358,0,34,70,100,4527,4527,4527,92752,92752,92752,591,591,591,0.25,0.49,0.80,0.11,0.19,0.27,0.04,0.15,0.26,0.00,0.00,0.00,0.01,0.02,0.04,0.00,0.00,0.00,0.08,0.14,0.23,228724,446291,808166,699773,1201799,1968187,0,0,0,0,0,0,0,221205,0,336.41,357.40,385.12
358,1,37,76,100,4423,4423,4423,92856,92856,92856,591,591,591,0.32,0.59,0.80,0.13,0.24,0.35,0.10,0.16,0.25,0.00,0.00,0.00,0.01,0.02,0.04,0.00,0.00,0.00,0.08,0.19,0.31,453367,780235,1179159,1208143,1365929,1593175,0,0,0,0,0,0,0,322105,0,428.93,439.26,452.80
358,2,53,88,100,4531,4531,4531,92748,92748,92748,591,591,591,0.64,0.79,0.85,0.25,0.26,0.30,0.14,0.24,0.28,0.00,0.00,0.00,0.02,0.04,0.05,0.00,0.00,0.00,0.18,0.20,0.24,319720,453359,786188,437649,685275,1181903,0,0,0,0,0,0,0,332289,0,366.98,411.47,469.20
358,3,37,62,85,4425,4425,4425,92854,92854,92854,591,591,591,0.31,0.48,0.79,0.13,0.19,0.33,0.10,0.14,0.27,0.00,0.00,0.00,0.01,0.02,0.04,0.00,0.00,0.00,0.09,0.14,0.21,18342,504909,1310360,1000957,1271400,1656296,0,0,0,0,0,0,0,319051,0,315.08,335.27,356.68
359,0,0,7,39,4527,4527,4527,92752,92752,92752,591,591,591,0.00,0.12,0.60,0.00,0.05,0.24,0.00,0.03,0.13,0.00,0.00,0.00,0.00,0.00,0.02,0.00,0.00,0.00,0.00,0.05,0.23,306654,439766,560878,319759,522049,862088,0,0,0,0,0,0,0,119179,0,191.91,300.48,395.22
359,1,35,70,100,4423,4423,4424,92855,92855,92856,591,591,591,0.16,0.52,0.84,0.06,0.18,0.26,0.03,0.15,0.28,0.00,0.00,0.00,0.00,0.03,0.05,0.00,0.00,0.00,0.03,0.13,0.20,455999,829629,1558913,846466,1470596,2630502,0,0,0,0,0,0,0,260133,0,342.40,362.95,380.34
359,2,36,63,84,4531,4531,4531,92748,92748,92748,591,591,591,0.15,0.40,0.75,0.06,0.16,0.29,0.03,0.11,0.25,0.00,0.00,0.00,0.00,0.02,0.05,0.00,0.00,0.00,0.03,0.11,0.21,324916,466984,783551,678747,1275679,1666685,0,0,0,0,0,0,0,293635,0,349.43,407.30,462.75
359,3,56,78,100,4425,4425,4425,92854,92854,92854,591,591,591,0.31,0.55,0.83,0.12,0.20,0.31,0.06,0.16,0.28,0.00,0.00,0.00,0.01,0.02,0.04,0.00,0.00,0.00,0.06,0.15,0.25,332827,540512,1076973,503172,1130813,1584300,0,0,0,0,0,0,0,337805,0,338.24,368.04,388.44
360,0,0,0,1,4527,4677,4903,92376,92601,92752,591,591,591,0.00,0.00,0.00,0.00,0.00,0.00,0.00,0.00,0.00,0.00,0.00,0.00,0.00,0.00,0.00,0.00,0.00,0.00,0.00,0.00,0.00,306648,615392,1323565,322373,755873,1339290,0,0,0,0,0,0,0,132924,0,147.09,147.42,148.02
360,1,34,66,100,4424,4424,4424,92855,92855,92855,591,591,591,0.15,0.50,0.80,0.06,0.21,0.34,0.03,0.13,0.26,0.00,0.00,0.00,0.00,0.02,0.05,0.00,0.00,0.00,0.03,0.15,0.30,484158,862259,1548757,1128811,1651510,2224923,0,0,0,0,0,0,0,255140,0,351.90,415.71,465.45
360,2,38,76,100,4531,4531,4531,92748,92748,92748,591,591,591,0.19,0.61,0.83,0.07,0.23,0.28,0.04,0.18,0.28,0.00,0.00,0.00,0.01,0.03,0.04,0.00,0.00,0.00,0.04,0.18,0.24,345896,549162,806621,615801,1181863,1745372,0,0,0,0,0,0,0,346938,0,392.34,407.80,429.45
360,3,0,18,77,4425,4425,4425,92854,92854,92854,591,591,591,0.00,0.15,0.46,0.00,0.06,0.18,0.00,0.04,0.11,0.00,0.00,0.00,0.00,0.01,0.02,0.00,0.00,0.00,0.00,0.05,0.18,304033,389984,463896,319759,799337,1370474,0,0,0,0,0,0,0,125530,0,206.45,307.72,420.18
361,0,0,0,0,4903,27856,96717,562,69422,92376,591,591,591,0.00,0.00,0.00,0.00,0.00,0.00,0.00,0.00,0.00,0.00,0.00,0.00,0.00,0.00,0.00,0.00,0.00,0.00,0.00,0.00,0.00,314514,857687,2115065,327619,1570243,4923357,0,0,0,0,0,0,0,104341,0,146.94,147.31,148.26
361,1,82,95,100,4424,4424,4424,92855,92855,92855,591,591,591,0.37,0.71,0.84,0.15,0.25,0.32,0.11,0.21,0.28,0.00,0.00,0.00,0.01,0.03,0.05,0.00,0.00,0.00,0.13,0.20,0.26,310548,727566,1331310,731164,1759781,3758031,0,0,0,0,0,0,0,320532,0,357.63,382.87,418.51
361,2,36,53,76,4531,4531,4531,92748,92748,92748,591,591,591,0.30,0.39,0.52,0.12,0.16,0.21,0.10,0.12,0.14,0.00,0.00,0.00,0.01,0.01,0.02,0.00,0.00,0.00,0.08,0.12,0.18,138902,458589,780937,1001149,1703323,3199478,0,0,0,0,0,0,0,280369,0,335.38,362.08,382.50
361,3,0,0,0,4425,4425,4425,92854,92854,92854,591,591,591,0.00,0.00,0.00,0.00,0.00,0.00,0.00,0.00,0.00,0.00,0.00,0.00,0.00,0.00,0.00,0.00,0.00,0.00,0.00,0.00,0.00,0,377391,880636,13104,936599,3075676,0,0,0,0,0,0,0,97269,0,138.64,143.54,157.07
362,0,0,0,0,96941,96941,96941,338,338,338,591,591,591,0.00,0.00,0.00,0.00,0.00,0.00,0.00,0.00,0.00,0.00,0.00,0.00,0.00,0.00,0.00,0.00,0.00,0.00,0.00,0.00,0.00,306649,476835,814241,322375,1426488,3499839,0,0,0,0,0,0,0,151301,0,149.01,150.21,150.80
362,1,32,68,95,4424,4424,4424,92855,92855,92855,591,591,591,0.18,0.44,0.74,0.07,0.17,0.26,0.03,0.13,0.24,0.00,0.00,0.00,0.00,0.02,0.03,0.00,0.00,0.00,0.04,0.13,0.22,310954,498793,710204,972214,2106934,4093063,0,0,0,0,0,0,0,320966,0,321.30,341.04,379.89
362,2,32,62,100,4531,4531,4531,92748,92748,92748,591,591,591,0.15,0.53,0.81,0.06,0.20,0.29,0.03,0.16,0.24,0.00,0.00,0.00,0.00,0.02,0.04,0.00,0.00,0.00,0.03,0.14,0.24,175584,417728,686628,1029942,2184527,3477628,0,0,0,0,0,0,0,257334,0,354.93,385.17,409.93
362,3,0,2,12,5057,23440,96973,306,73838,92222,591,591,591,0.00,0.00,0.00,0.00,0.00,0.00,0.00,0.00,0.00,0.00,0.00,0.00,0.00,0.00,0.00,0.00,0.00,0.00,0.00,0.00,0.00,304031,1009055,3171369,317135,2076806,5802819,0,0,0,0,0,0,0,83233,0,138.00,138.46,139.31
363,0,0,0,0,96941,96941,96941,338,338,338,591,591,591,0.00,0.00,0.00,0.00,0.00,0.00,0.00,0.00,0.00,0.00,0.00,0.00,0.00,0.00,0.00,0.00,0.00,0.00,0.00,0.00,0.00,254964,433906,749562,265442,1039903,3136869,0,0,0,0,0,0,0,60487,0,118.24,135.40,150.72
363,1,31,58,95,4424,4424,4424,92855,92855,92855,591,591,591,0.22,0.40,0.63,0.09,0.16,0.24,0.06,0.12,0.17,0.00,0.00,0.00,0.01,0.01,0.02,0.00,0.00,0.00,0.05,0.11,0.20,466459,1108528,2329799,1302559,2443100,5168015,0,0,0,0,0,0,0,193762,0,287.56,319.41,331.30
363,2,67,89,100,4531,4531,4531,92748,92748,92748,591,591,591,0.29,0.67,0.83,0.12,0.26,0.34,0.05,0.20,0.26,0.00,0.00,0.00,0.01,0.03,0.05,0.00,0.00,0.00,0.09,0.20,0.30,382570,1090207,2329770,668188,1869851,2874837,0,0,0,0,0,0,0,419725,0,415.71,423.68,436.34
363,3,0,0,0,96973,96973,96973,306,306,306,591,591,591,0.00,0.00,0.00,0.00,0.00,0.00,0.00,0.00,0.00,0.00,0.00,0.00,0.00,0.00,0.00,0.00,0.00,0.00,0.00,0.00,0.00,0,429866,940915,13104,1234470,4117487,0,0,0,0,0,0,0,127546,0,139.90,140.85,141.53
364,0,0,0,0,96941,96941,96941,338,338,338,591,591,591,0.00,0.00,0.00,0.00,0.00,0.00,0.00,0.00,0.00,0.00,0.00,0.00,0.00,0.00,0.00,0.00,0.00,0.00,0.00,0.00,0.00,321824,475753,586968,334906,496711,636756,0,0,0,0,0,0,0,80144,0,99.68,101.44,108.11
364,1,0,0,0,4424,4424,4424,92855,92855,92855,591,591,591,0.00,0.01,0.07,0.00,0.01,0.04,0.00,0.00,0.00,0.00,0.00,0.00,0.00,0.00,0.00,0.00,0.00,0.00,0.00,0.01,0.06,398709,494378,746958,431789,525107,760062,0,0,0,0,0,0,0,103665,0,129.36,216.97,284.64
364,2,34,62,100,4531,4531,4531,92748,92748,92748,591,591,591,0.15,0.48,0.86,0.06,0.16,0.25,0.03,0.14,0.29,0.00,0.00,0.00,0.00,0.03,0.05,0.00,0.00,0.00,0.03,0.11,0.21,327594,499485,867393,458614,1199189,1897259,0,0,0,0,0,0,0,303736,0,357.97,391.98,450.78
364,3,0,0,0,96973,96973,96973,306,306,306,591,591,591,0.00,0.00,0.00,0.00,0.00,0.00,0.00,0.00,0.00,0.00,0.00,0.00,0.00,0.00,0.00,0.00,0.00,0.00,0.00,0.00,0.00,309270,466482,872773,322375,486225,922571,0,0,0,0,0,0,0,92713,0,120.47,135.93,141.43
365,0,0,0,0,96941,97145,97197,82,133,338,591,591,591,0.00,0.00,0.00,0.00,0.00,0.00,0.00,0.00,0.00,0.00,0.00,0.00,0.00,0.00,0.00,0.00,0.00,0.00,0.00,0.00,0.00,327539,501526,1097972,343260,625700,1113695,0,0,0,0,0,0,0,80015,0,99.57,99.60,99.65
365,1,0,0,0,4424,4961,5096,92183,92317,92855,591,591,591,0.00,0.00,0.00,0.00,0.00,0.00,0.00,0.00,0.00,0.00,0.00,0.00,0.00,0.00,0.00,0.00,0.00,0.00,0.00,0.00,0.00,427191,1049929,2835815,440295,1230770,3084801,0,0,0,0,0,0,0,103589,0,128.43,128.68,128.90
365,2,34,72,100,4531,4531,4531,92748,92748,92748,591,591,591,0.16,0.61,0.86,0.06,0.23,0.33,0.03,0.18,0.28,0.00,0.00,0.00,0.00,0.03,0.05,0.00,0.00,0.00,0.03,0.16,0.25,136279,691028,1715159,765262,1278816,1905205,0,0,0,0,0,0,0,271642,0,407.30,455.59,517.32
365,3,0,0,0,96973,97030,97045,234,248,306,591,591,591,0.00,0.00,0.00,0.00,0.00,0.00,0.00,0.00,0.00,0.00,0.00,0.00,0.00,0.00,0.00,0.00,0.00,0.00,0.00,0.00,0.00,5241,353235,558173,44548,477969,877846,0,0,0,0,0,0,0,65454,0,93.10,98.42,111.38
366,0,0,0,0,97197,97197,97197,82,82,82,591,591,591,0.00,0.00,0.00,0.00,0.00,0.00,0.00,0.00,0.00,0.00,0.00,0.00,0.00,0.00,0.00,0.00,0.00,0.00,0.00,0.00,0.00,221865,384501,571244,230600,1679677,4192653,0,0,0,0,0,0,0,80050,0,99.45,99.58,99.65
366,1,0,1,7,97014,97014,97014,265,265,265,591,591,591,0.00,0.00,0.00,0.00,0.00,0.00,0.00,0.00,0.00,0.00,0.00,0.00,0.00,0.00,0.00,0.00,0.00,0.00,0.00,0.00,0.00,419345,1475583,3257827,432450,2861526,7071226,0,0,0,0,0,0,0,105888,0,129.64,130.97,132.01
366,2,37,76,100,4531,4531,4531,92748,92748,92748,591,591,591,0.29,0.56,0.81,0.12,0.21,0.31,0.10,0.16,0.27,0.00,0.00,0.00,0.01,0.02,0.04,0.00,0.00,0.00,0.08,0.17,0.28,235749,486846,838411,1016830,2333599,4489124,0,0,0,0,0,0,0,322426,0,387.19,398.26,404.19
366,3,0,0,0,97045,97045,97045,234,234,234,591,591,591,0.00,0.00,0.00,0.00,0.00,0.00,0.00,0.00,0.00,0.00,0.00,0.00,0.00,0.00,0.00,0.00,0.00,0.00,0.00,0.00,0.00,343271,579122,1383606,358994,1875207,4614642,0,0,0,0,0,0,0,83924,0,92.86,92.96,93.10
367,0,0,0,0,97197,97197,97197,82,82,82,591,591,591,0.00,0.00,0.00,0.00,0.00,0.00,0.00,0.00,0.00,0.00,0.00,0.00,0.00,0.00,0.00,0.00,0.00,0.00,0.00,0.00,0.00,322307,518319,1192290,335409,531945,1208012,0,0,0,0,0,0,0,80232,0,99.52,99.67,99.80
367,1,0,0,0,97014,97014,97014,265,265,265,591,591,591,0.00,0.00,0.00,0.00,0.00,0.00,0.00,0.00,0.00,0.00,0.00,0.00,0.00,0.00,0.00,0.00,0.00,0.00,0.00,0.00,0.00,418304,466634,620294,433796,479517,627284,0,0,0,0,0,0,0,94728,0,117.56,128.13,131.98
367,2,39,62,100,4531,4531,4531,92748,92748,92748,591,591,591,0.20,0.48,0.73,0.08,0.19,0.29,0.05,0.14,0.23,0.00,0.00,0.00,0.01,0.02,0.03,0.00,0.00,0.00,0.04,0.15,0.24,343314,571953,911982,765249,1284853,1823964,0,0,0,0,0,0,0,328587,0,325.56,363.85,405.42
367,3,0,0,0,97045,97045,97045,234,234,234,591,591,591,0.00,0.00,0.00,0.00,0.00,0.00,0.00,0.00,0.00,0.00,0.00,0.00,0.00,0.00,0.00,0.00,0.00,0.00,0.00,0.00,0.00,327350,505615,1157796,340444,519057,1169983,0,0,0,0,0,0,0,74694,0,92.91,92.99,93.09
368,0,0,0,0,97197,97197,97197,82,82,82,591,591,591,0.00,0.00,0.00,0.00,0.00,0.00,0.00,0.00,0.00,0.00,0.00,0.00,0.00,0.00,0.00,0.00,0.00,0.00,0.00,0.00,0.00,330105,401427,660310,343204,415552,675908,0,0,0,0,0,0,0,59865,0,99.39,99.57,99.71
368,1,0,0,0,97014,97014,97014,265,265,265,591,591,591,0.00,0.00,0.00,0.00,0.00,0.00,0.00,0.00,0.00,0.00,0.00,0.00,0.00,0.00,0.00,0.00,0.00,0.00,0.00,0.00,0.00,432323,507305,652488,445472,521455,668210,0,0,0,0,0,0,0,74622,0,82.52,92.14,108.18
368,2,32,69,100,4531,4531,4531,92748,92748,92748,591,591,591,0.16,0.56,0.85,0.06,0.20,0.34,0.03,0.17,0.28,0.00,0.00,0.00,0.00,0.03,0.05,0.00,0.00,0.00,0.03,0.14,0.21,322266,421372,628966,510909,1025658,1609107,0,0,0,0,0,0,0,322609,0,371.59,395.73,413.04
368,3,0,0,0,97045,97045,97045,234,234,234,591,591,591,0.00,0.00,0.00,0.00,0.00,0.00,0.00,0.00,0.00,0.00,0.00,0.00,0.00,0.00,0.00,0.00,0.00,0.00,0.00,0.00,0.00,223617,329301,429746,232352,342054,442848,0,0,0,0,0,0,0,74197,0,92.51,92.70,92.93
369,0,0,0,0,97197,97197,97197,82,82,82,591,591,591,0.00,0.00,0.00,0.00,0.00,0.00,0.00,0.00,0.00,0.00,0.00,0.00,0.00,0.00,0.00,0.00,0.00,0.00,0.00,0.00,0.00,330175,362143,424509,343277,375769,437611,0,0,0,0,0,0,0,80007,0,99.41,99.46,99.52
369,1,0,0,0,97014,97014,97014,265,265,265,591,591,591,0.00,0.00,0.00,0.00,0.00,0.00,0.00,0.00,0.00,0.00,0.00,0.00,0.00,0.00,0.00,0.00,0.00,0.00,0.00,0.00,0.00,427121,628377,1179190,440223,642004,1194913,0,0,0,0,0,0,0,49845,0,82.44,82.51,82.55
369,2,40,73,97,4531,4531,4531,92748,92748,92748,591,591,591,0.31,0.55,0.92,0.11,0.22,0.33,0.09,0.16,0.33,0.00,0.00,0.00,0.01,0.03,0.07,0.00,0.00,0.00,0.06,0.15,0.25,353772,506841,856971,977493,1099631,1271013,0,0,0,0,0,0,0,308063,0,377.79,414.05,450.75
369,3,0,0,0,97045,97045,97045,234,234,234,591,591,591,0.00,0.00,0.00,0.00,0.00,0.00,0.00,0.00,0.00,0.00,0.00,0.00,0.00,0.00,0.00,0.00,0.00,0.00,0.00,0.00,0.00,317077,357944,398309,330180,371570,411411,0,0,0,0,0,0,0,56004,0,92.46,92.57,92.69
370,0,0,0,0,97197,97197,97197,82,82,82,591,591,591,0.00,0.00,0.00,0.00,0.00,0.00,0.00,0.00,0.00,0.00,0.00,0.00,0.00,0.00,0.00,0.00,0.00,0.00,0.00,0.00,0.00,223612,323189,398310,234094,336291,414033,0,0,0,0,0,0,0,89673,0,99.30,99.41,99.50
370,1,0,0,0,97014,97014,97014,265,265,265,591,591,591,0.00,0.00,0.00,0.00,0.00,0.00,0.00,0.00,0.00,0.00,0.00,0.00,0.00,0.00,0.00,0.00,0.00,0.00,0.00,0.00,0.00,429701,543390,856876,440182,557792,877839,0,0,0,0,0,0,0,66427,0,82.14,82.22,82.34
370,2,36,80,100,4525,4525,4525,92754,92754,92754,591,591,591,0.16,0.57,0.84,0.06,0.19,0.26,0.03,0.17,0.28,0.00,0.00,0.00,0.00,0.03,0.05,0.00,0.00,0.00,0.03,0.14,0.19,230558,365323,552416,502727,928902,1362763,0,0,0,0,0,0,0,343978,0,348.81,373.40,412.73
370,3,0,0,0,97045,97045,97045,234,234,234,591,591,591,0.00,0.00,0.00,0.00,0.00,0.00,0.00,0.00,0.00,0.00,0.00,0.00,0.00,0.00,0.00,0.00,0.00,0.00,0.00,0.00,0.00,325685,573416,1208047,341194,588430,1221150,0,0,0,0,0,0,0,83478,0,92.44,92.57,92.66
371,0,0,0,0,97197,97197,97197,82,82,82,591,591,591,0.00,0.00,0.00,0.00,0.00,0.00,0.00,0.00,0.00,0.00,0.00,0.00,0.00,0.00,0.00,0.00,0.00,0.00,0.00,0.00,0.00,330174,535063,1262898,343276,549213,1281239,0,0,0,0,0,0,0,79748,0,99.20,99.24,99.28
371,1,0,0,0,97014,97014,97014,265,265,265,591,591,591,0.00,0.00,0.00,0.00,0.00,0.00,0.00,0.00,0.00,0.00,0.00,0.00,0.00,0.00,0.00,0.00,0.00,0.00,0.00,0.00,0.00,432369,456625,539815,442851,469727,552917,0,0,0,0,0,0,0,66242,0,82.11,82.13,82.16
371,2,38,69,100,4525,4525,4525,92754,92754,92754,591,591,591,0.20,0.56,0.86,0.08,0.22,0.31,0.05,0.16,0.22,0.00,0.00,0.00,0.01,0.02,0.04,0.00,0.00,0.00,0.04,0.17,0.25,317037,566563,1061279,885821,1138883,1352148,0,0,0,0,0,0,0,290681,0,392.20,444.74,479.58
371,3,0,0,0,97045,97045,97045,234,234,234,591,591,591,0.00,0.00,0.00,0.00,0.00,0.00,0.00,0.00,0.00,0.00,0.00,0.00,0.00,0.00,0.00,0.00,0.00,0.00,0.00,0.00,0.00,227111,311662,339353,235846,324413,352506,0,0,0,0,0,0,0,74736,0,92.42,92.51,92.73
372,0,0,0,0,97197,97197,97197,82,82,82,591,591,591,0.00,0.00,0.00,0.00,0.00,0.00,0.00,0.00,0.00,0.00,0.00,0.00,0.00,0.00,0.00,0.00,0.00,0.00,0.00,0.00,0.00,321898,433834,697046,334774,447938,710149,0,0,0,0,0,0,0,79785,0,99.32,99.40,99.46
372,1,0,0,0,97014,97014,97014,265,265,265,591,591,591,0.00,0.00,0.00,0.00,0.00,0.00,0.00,0.00,0.00,0.00,0.00,0.00,0.00,0.00,0.00,0.00,0.00,0.00,0.00,0.00,0.00,432368,710658,1637777,448083,724808,1648259,0,0,0,0,0,0,0,74400,0,82.04,82.07,82.11
372,2,33,66,100,4525,4525,4525,92754,92754,92754,591,591,591,0.17,0.47,0.72,0.06,0.18,0.26,0.03,0.13,0.22,0.00,0.00,0.00,0.00,0.02,0.03,0.00,0.00,0.00,0.03,0.14,0.23,327582,456509,780902,1001120,1196055,1344376,0,0,0,0,0,0,0,337060,0,360.96,385.06,402.94
372,3,0,0,0,97045,97045,97045,234,234,234,591,591,591,0.00,0.00,0.00,0.00,0.00,0.00,0.00,0.00,0.00,0.00,0.00,0.00,0.00,0.00,0.00,0.00,0.00,0.00,0.00,0.00,0.00,327557,381869,586058,340659,395490,601756,0,0,0,0,0,0,0,74493,0,92.46,92.56,92.75
373,0,0,0,0,97197,97197,97197,82,82,82,591,591,591,0.00,0.00,0.00,0.00,0.00,0.00,0.00,0.00,0.00,0.00,0.00,0.00,0.00,0.00,0.00,0.00,0.00,0.00,0.00,0.00,0.00,330173,357417,406117,343275,371043,421837,0,0,0,0,0,0,0,89615,0,99.23,99.30,99.37
373,1,0,0,0,97014,97014,97014,265,265,265,591,591,591,0.00,0.00,0.00,0.00,0.00,0.00,0.00,0.00,0.00,0.00,0.00,0.00,0.00,0.00,0.00,0.00,0.00,0.00,0.00,0.00,0.00,434944,543990,890930,448045,557092,901412,0,0,0,0,0,0,0,66051,0,81.91,82.00,82.07
373,2,33,72,100,4525,4525,4525,92754,92754,92754,591,591,591,0.16,0.53,0.81,0.06,0.20,0.32,0.03,0.16,0.27,0.00,0.00,0.00,0.00,0.03,0.04,0.00,0.00,0.00,0.03,0.14,0.21,324951,412456,539858,518873,1034006,1548328,0,0,0,0,0,0,0,301136,0,348.55,392.15,433.37
373,3,0,0,0,97045,97045,97045,234,234,234,591,591,591,0.00,0.00,0.00,0.00,0.00,0.00,0.00,0.00,0.00,0.00,0.00,0.00,0.00,0.00,0.00,0.00,0.00,0.00,0.00,0.00,0.00,330182,574927,1312851,343284,589078,1328573,0,0,0,0,0,0,0,83334,0,92.38,92.51,92.61
374,0,0,0,0,97197,97197,97197,82,82,82,591,591,591,0.00,0.00,0.00,0.00,0.00,0.00,0.00,0.00,0.00,0.00,0.00,0.00,0.00,0.00,0.00,0.00,0.00,0.00,0.00,0.00,0.00,255057,486006,1160861,263792,499283,1179205,0,0,0,0,0,0,0,79722,0,99.18,99.23,99.27
374,1,0,0,0,97014,97014,97014,265,265,265,591,591,591,0.00,0.00,0.00,0.00,0.00,0.00,0.00,0.00,0.00,0.00,0.00,0.00,0.00,0.00,0.00,0.00,0.00,0.00,0.00,0.00,0.00,416612,522150,690035,432334,536750,702766,0,0,0,0,0,0,0,65879,0,81.90,81.94,81.96
374,2,12,48,90,4525,4525,4525,92754,92754,92754,591,591,591,0.06,0.33,0.63,0.03,0.13,0.26,0.00,0.09,0.16,0.00,0.00,0.00,0.00,0.01,0.02,0.00,0.00,0.00,0.03,0.11,0.22,293802,508719,791531,332842,1125606,1832053,0,0,0,0,0,0,0,217123,0,277.46,362.27,403.69
374,3,0,0,0,97045,97045,97045,234,234,234,591,591,591,0.00,0.00,0.00,0.00,0.00,0.00,0.00,0.00,0.00,0.00,0.00,0.00,0.00,0.00,0.00,0.00,0.00,0.00,0.00,0.00,0.00,314428,332870,351577,330149,346452,361842,0,0,0,0,0,0,0,74349,0,92.29,92.36,92.47
375,0,0,0,0,97197,97197,97197,82,82,82,591,591,591,0.00,0.00,0.00,0.00,0.00,0.00,0.00,0.00,0.00,0.00,0.00,0.00,0.00,0.00,0.00,0.00,0.00,0.00,0.00,0.00,0.00,324938,473106,636778,340661,494027,649880,0,0,0,0,0,0,0,59783,0,99.22,99.29,99.33
375,1,0,0,0,97014,97014,97014,265,265,265,591,591,591,0.00,0.00,0.00,0.00,0.00,0.00,0.00,0.00,0.00,0.00,0.00,0.00,0.00,0.00,0.00,0.00,0.00,0.00,0.00,0.00,0.00,440184,771264,1766145,453285,789431,1779247,0,0,0,0,0,0,0,74245,0,81.81,81.89,81.95
375,2,0,0,0,4525,4525,4525,92754,92754,92754,591,591,591,0.00,0.00,0.00,0.00,0.00,0.00,0.00,0.00,0.00,0.00,0.00,0.00,0.00,0.00,0.00,0.00,0.00,0.00,0.00,0.00,0.00,298782,349107,466526,311887,371123,518944,0,0,0,0,0,0,0,121601,0,151.73,187.57,245.75
375,3,0,0,0,97045,97045,97045,234,234,234,591,591,591,0.00,0.00,0.00,0.00,0.00,0.00,0.00,0.00,0.00,0.00,0.00,0.00,0.00,0.00,0.00,0.00,0.00,0.00,0.00,0.00,0.00,220123,490579,653084,228858,511723,702917,0,0,0,0,0,0,0,74208,0,92.34,92.46,92.56
376,0,0,0,0,97269,97269,97269,10,10,10,591,591,591,0.00,0.00,0.00,0.00,0.00,0.00,0.00,0.00,0.00,0.00,0.00,0.00,0.00,0.00,0.00,0.00,0.00,0.00,0.00,0.00,0.00,327555,351127,393031,340657,501790,924933,0,0,0,0,0,0,0,79797,0,99.16,99.21,99.25
376,1,0,0,0,97270,97270,97270,9,9,9,591,591,591,0.00,0.00,0.00,0.00,0.00,0.00,0.00,0.00,0.00,0.00,0.00,0.00,0.00,0.00,0.00,0.00,0.00,0.00,0.00,0.00,0.00,421884,467087,584352,440230,617761,1121537,0,0,0,0,0,0,0,49506,0,81.74,81.75,81.76
376,2,0,0,1,5453,5453,5453,91826,91826,91826,591,591,591,0.00,0.00,0.00,0.00,0.00,0.00,0.00,0.00,0.00,0.00,0.00,0.00,0.00,0.00,0.00,0.00,0.00,0.00,0.00,0.00,0.00,309268,810508,2282770,345966,982178,2332566,0,0,0,0,0,0,0,91586,0,151.26,151.54,151.81
376,3,0,0,0,97269,97269,97269,10,10,10,591,591,591,0.00,0.00,0.00,0.00,0.00,0.00,0.00,0.00,0.00,0.00,0.00,0.00,0.00,0.00,0.00,0.00,0.00,0.00,0.00,0.00,0.00,330183,366205,416655,369461,1135312,2877266,0,0,0,0,0,0,0,64769,0,92.25,92.30,92.34
377,0,0,0,0,97271,97271,97271,8,8,8,591,591,591,0.00,0.00,0.00,0.00,0.00,0.00,0.00,0.00,0.00,0.00,0.00,0.00,0.00,0.00,0.00,0.00,0.00,0.00,0.00,0.00,0.00,207874,598250,1273495,220102,2052997,4589124,0,0,0,0,0,0,0,79680,0,99.07,99.20,99.33
377,1,0,0,0,97272,97272,97272,7,7,7,591,591,591,0.00,0.00,0.00,0.00,0.00,0.00,0.00,0.00,0.00,0.00,0.00,0.00,0.00,0.00,0.00,0.00,0.00,0.00,0.00,0.00,0.00,421891,911203,1600182,440234,2330239,5280951,0,0,0,0,0,0,0,65729,0,81.60,81.68,81.76
377,2,0,0,0,97271,97271,97271,8,8,8,591,591,591,0.00,0.00,0.00,0.00,0.00,0.00,0.00,0.00,0.00,0.00,0.00,0.00,0.00,0.00,0.00,0.00,0.00,0.00,0.00,0.00,0.00,330624,936689,2497781,348025,2512685,6880038,0,0,0,0,0,0,0,139605,0,153.01,154.25,155.04
377,3,0,0,0,97271,97271,97271,8,8,8,591,591,591,0.00,0.00,0.00,0.00,0.00,0.00,0.00,0.00,0.00,0.00,0.00,0.00,0.00,0.00,0.00,0.00,0.00,0.00,0.00,0.00,0.00,319690,859074,1874049,340653,1845088,4940993,0,0,0,0,0,0,0,73740,0,92.05,92.21,92.36
378,0,0,0,0,97271,97271,97271,8,8,8,591,591,591,0.00,0.00,0.00,0.00,0.00,0.00,0.00,0.00,0.00,0.00,0.00,0.00,0.00,0.00,0.00,0.00,0.00,0.00,0.00,0.00,0.00,335412,539783,1210525,353755,557601,1228866,0,0,0,0,0,0,0,79489,0,98.97,99.02,99.05
378,1,0,0,0,97272,97272,97272,7,7,7,591,591,591,0.00,0.00,0.00,0.00,0.00,0.00,0.00,0.00,0.00,0.00,0.00,0.00,0.00,0.00,0.00,0.00,0.00,0.00,0.00,0.00,0.00,278579,636401,1404563,292421,653844,1425527,0,0,0,0,0,0,0,73883,0,81.55,81.60,81.65
378,2,0,0,0,97271,97271,97271,8,8,8,591,591,591,0.00,0.00,0.00,0.00,0.00,0.00,0.00,0.00,0.00,0.00,0.00,0.00,0.00,0.00,0.00,0.00,0.00,0.00,0.00,0.00,0.00,437612,757318,1522761,455955,775873,1541107,0,0,0,0,0,0,0,102782,0,132.98,148.02,154.70
378,3,0,0,0,97271,97271,97271,8,8,8,591,591,591,0.00,0.00,0.00,0.00,0.00,0.00,0.00,0.00,0.00,0.00,0.00,0.00,0.00,0.00,0.00,0.00,0.00,0.00,0.00,0.00,0.00,314384,341791,414034,332723,359032,424516,0,0,0,0,0,0,0,55347,0,91.86,91.93,91.99
379,0,0,0,0,97271,97271,97271,8,8,8,591,591,591,0.00,0.00,0.00,0.00,0.00,0.00,0.00,0.00,0.00,0.00,0.00,0.00,0.00,0.00,0.00,0.00,0.00,0.00,0.00,0.00,0.00,322313,398830,668217,340656,417697,686560,0,0,0,0,0,0,0,59604,0,99.00,99.07,99.13
379,1,0,0,0,97272,97272,97272,7,7,7,591,591,591,0.00,0.00,0.00,0.00,0.00,0.00,0.00,0.00,0.00,0.00,0.00,0.00,0.00,0.00,0.00,0.00,0.00,0.00,0.00,0.00,0.00,427127,518319,867354,445470,536138,883077,0,0,0,0,0,0,0,49294,0,81.42,81.52,81.64
379,2,0,0,0,97271,97271,97271,8,8,8,591,591,591,0.00,0.00,0.00,0.00,0.00,0.00,0.00,0.00,0.00,0.00,0.00,0.00,0.00,0.00,0.00,0.00,0.00,0.00,0.00,0.00,0.00,309211,338027,403533,330175,355846,421876,0,0,0,0,0,0,0,81886,0,101.97,108.57,123.22
379,3,0,0,0,97271,97271,97271,8,8,8,591,591,591,0.00,0.00,0.00,0.00,0.00,0.00,0.00,0.00,0.00,0.00,0.00,0.00,0.00,0.00,0.00,0.00,0.00,0.00,0.00,0.00,0.00,335418,557097,1252579,353761,575440,1273543,0,0,0,0,0,0,0,82983,0,92.02,92.08,92.13
380,0,0,0,0,97271,97271,97271,8,8,8,591,591,591,0.00,0.00,0.00,0.00,0.00,0.00,0.00,0.00,0.00,0.00,0.00,0.00,0.00,0.00,0.00,0.00,0.00,0.00,0.00,0.00,0.00,314393,361503,432368,330112,379099,450711,0,0,0,0,0,0,0,79515,0,98.84,98.92,99.00
380,1,0,0,0,97272,97272,97272,7,7,7,591,591,591,0.00,0.00,0.00,0.00,0.00,0.00,0.00,0.00,0.00,0.00,0.00,0.00,0.00,0.00,0.00,0.00,0.00,0.00,0.00,0.00,0.00,419272,482909,662968,437615,501173,681311,0,0,0,0,0,0,0,65637,0,81.33,81.37,81.41
380,2,0,0,0,97271,97271,97271,8,8,8,591,591,591,0.00,0.00,0.00,0.00,0.00,0.00,0.00,0.00,0.00,0.00,0.00,0.00,0.00,0.00,0.00,0.00,0.00,0.00,0.00,0.00,0.00,311834,349368,429776,330177,366134,448120,0,0,0,0,0,0,0,71641,0,101.88,101.93,101.97
380,3,0,0,0,97271,97271,97271,8,8,8,591,591,591,0.00,0.00,0.00,0.00,0.00,0.00,0.00,0.00,0.00,0.00,0.00,0.00,0.00,0.00,0.00,0.00,0.00,0.00,0.00,0.00,0.00,321882,332033,340643,339908,349642,358985,0,0,0,0,0,0,0,73705,0,91.87,91.90,91.93
381,0,0,0,0,97271,97271,97271,8,8,8,591,591,591,0.00,0.00,0.00,0.00,0.00,0.00,0.00,0.00,0.00,0.00,0.00,0.00,0.00,0.00,0.00,0.00,0.00,0.00,0.00,0.00,0.00,324932,355320,393053,343275,372789,414016,0,0,0,0,0,0,0,89441,0,99.06,99.09,99.12
381,1,0,0,0,97272,97272,97272,7,7,7,591,591,591,0.00,0.00,0.00,0.00,0.00,0.00,0.00,0.00,0.00,0.00,0.00,0.00,0.00,0.00,0.00,0.00,0.00,0.00,0.00,0.00,0.00,373847,445285,568629,387822,462754,589592,0,0,0,0,0,0,0,73623,0,81.48,81.52,81.56
381,2,0,0,0,97271,97271,97271,8,8,8,591,591,591,0.00,0.00,0.00,0.00,0.00,0.00,0.00,0.00,0.00,0.00,0.00,0.00,0.00,0.00,0.00,0.00,0.00,0.00,0.00,0.00,0.00,319707,453797,696574,340671,472117,716986,0,0,0,0,0,0,0,81720,0,101.89,101.96,102.02
381,3,0,0,0,97271,97271,97271,8,8,8,591,591,591,0.00,0.00,0.00,0.00,0.00,0.00,0.00,0.00,0.00,0.00,0.00,0.00,0.00,0.00,0.00,0.00,0.00,0.00,0.00,0.00,0.00,317070,354265,453332,335412,373131,471675,0,0,0,0,0,0,0,73815,0,91.84,91.90,91.97
382,0,0,0,0,97271,97271,97271,8,8,8,591,591,591,0.00,0.00,0.00,0.00,0.00,0.00,0.00,0.00,0.00,0.00,0.00,0.00,0.00,0.00,0.00,0.00,0.00,0.00,0.00,0.00,0.00,330173,495255,1069129,348513,514122,1090093,0,0,0,0,0,0,0,79563,0,99.07,99.12,99.17
382,1,0,0,0,97272,97272,97272,7,7,7,591,591,591,0.00,0.00,0.00,0.00,0.00,0.00,0.00,0.00,0.00,0.00,0.00,0.00,0.00,0.00,0.00,0.00,0.00,0.00,0.00,0.00,0.00,427121,629425,1247332,448084,647244,1265675,0,0,0,0,0,0,0,65541,0,81.32,81.38,81.43
382,2,0,0,0,97271,97271,97271,8,8,8,591,591,591,0.00,0.00,0.00,0.00,0.00,0.00,0.00,0.00,0.00,0.00,0.00,0.00,0.00,0.00,0.00,0.00,0.00,0.00,0.00,0.00,0.00,317074,414014,610479,338038,432881,628820,0,0,0,0,0,0,0,81743,0,101.86,101.91,101.93
382,3,0,0,0,97271,97271,97271,8,8,8,591,591,591,0.00,0.00,0.00,0.00,0.00,0.00,0.00,0.00,0.00,0.00,0.00,0.00,0.00,0.00,0.00,0.00,0.00,0.00,0.00,0.00,0.00,218360,338210,421893,230588,355331,442857,0,0,0,0,0,0,0,73894,0,91.97,92.01,92.06
383,0,0,0,0,97271,97271,97271,8,8,8,591,591,591,0.00,0.00,0.00,0.00,0.00,0.00,0.00,0.00,0.00,0.00,0.00,0.00,0.00,0.00,0.00,0.00,0.00,0.00,0.00,0.00,0.00,374715,451227,649860,393057,469569,668203,0,0,0,0,0,0,0,79482,0,98.94,99.02,99.06
383,1,0,0,0,97272,97272,97272,7,7,7,591,591,591,0.00,0.00,0.00,0.00,0.00,0.00,0.00,0.00,0.00,0.00,0.00,0.00,0.00,0.00,0.00,0.00,0.00,0.00,0.00,0.00,0.00,427129,591157,966938,445472,609500,985281,0,0,0,0,0,0,0,65433,0,81.28,81.33,81.37
383,2,0,0,0,97271,97271,97271,8,8,8,591,591,591,0.00,0.00,0.00,0.00,0.00,0.00,0.00,0.00,0.00,0.00,0.00,0.00,0.00,0.00,0.00,0.00,0.00,0.00,0.00,0.00,0.00,322315,365290,487400,338038,383633,508364,0,0,0,0,0,0,0,81778,0,101.73,101.76,101.79
383,3,0,0,0,97271,97271,97271,8,8,8,591,591,591,0.00,0.00,0.00,0.00,0.00,0.00,0.00,0.00,0.00,0.00,0.00,0.00,0.00,0.00,0.00,0.00,0.00,0.00,0.00,0.00,0.00,327548,529857,1126805,345891,548201,1145149,0,0,0,0,0,0,0,73756,0,92.07,92.10,92.13
384,0,0,0,0,97271,97271,97271,8,8,8,591,591,591,0.00,0.00,0.00,0.00,0.00,0.00,0.00,0.00,0.00,0.00,0.00,0.00,0.00,0.00,0.00,0.00,0.00,0.00,0.00,0.00,0.00,272522,320643,345480,283004,337878,363527,0,0,0,0,0,0,0,79468,0,98.91,98.95,98.97
384,1,0,0,0,97272,97272,97272,7,7,7,591,591,591,0.00,0.00,0.00,0.00,0.00,0.00,0.00,0.00,0.00,0.00,0.00,0.00,0.00,0.00,0.00,0.00,0.00,0.00,0.00,0.00,0.00,415148,467142,552694,435776,485941,571030,0,0,0,0,0,0,0,65502,0,81.20,81.23,81.28
384,2,0,0,0,97271,97271,97271,8,8,8,591,591,591,0.00,0.00,0.00,0.00,0.00,0.00,0.00,0.00,0.00,0.00,0.00,0.00,0.00,0.00,0.00,0.00,0.00,0.00,0.00,0.00,0.00,302270,428595,690261,320995,445846,705753,0,0,0,0,0,0,0,81612,0,101.72,101.76,101.81
384,3,0,0,0,97271,97271,97271,8,8,8,591,591,591,0.00,0.00,0.00,0.00,0.00,0.00,0.00,0.00,0.00,0.00,0.00,0.00,0.00,0.00,0.00,0.00,0.00,0.00,0.00,0.00,0.00,324929,356628,429388,345892,375418,445097,0,0,0,0,0,0,0,73846,0,91.97,91.98,92.00
385,0,0,0,0,97271,97271,97271,8,8,8,591,591,591,0.00,0.00,0.00,0.00,0.00,0.00,0.00,0.00,0.00,0.00,0.00,0.00,0.00,0.00,0.00,0.00,0.00,0.00,0.00,0.00,0.00,330169,505732,1095344,351132,524598,1116308,0,0,0,0,0,0,0,79499,0,98.93,99.00,99.06
385,1,0,0,0,97272,97272,97272,7,7,7,591,591,591,0.00,0.00,0.00,0.00,0.00,0.00,0.00,0.00,0.00,0.00,0.00,0.00,0.00,0.00,0.00,0.00,0.00,0.00,0.00,0.00,0.00,427125,609494,1121472,445467,627138,1138940,0,0,0,0,0,0,0,65458,0,81.30,81.32,81.35
385,2,0,0,0,97271,97271,97271,8,8,8,591,591,591,0.00,0.00,0.00,0.00,0.00,0.00,0.00,0.00,0.00,0.00,0.00,0.00,0.00,0.00,0.00,0.00,0.00,0.00,0.00,0.00,0.00,317072,462242,597463,335415,481109,615806,0,0,0,0,0,0,0,81592,0,101.68,101.70,101.73
385,3,0,0,0,97271,97271,97271,8,8,8,591,591,591,0.00,0.00,0.00,0.00,0.00,0.00,0.00,0.00,0.00,0.00,0.00,0.00,0.00,0.00,0.00,0.00,0.00,0.00,0.00,0.00,0.00,221870,367210,631519,234099,384854,652482,0,0,0,0,0,0,0,55223,0,91.87,91.95,92.01
386,0,0,0,0,97271,97271,97271,8,8,8,591,591,591,0.00,0.00,0.00,0.00,0.00,0.00,0.00,0.00,0.00,0.00,0.00,0.00,0.00,0.00,0.00,0.00,0.00,0.00,0.00,0.00,0.00,327552,400399,639382,345895,418742,657725,0,0,0,0,0,0,0,59711,0,99.04,99.06,99.09
386,1,0,0,0,97272,97272,97272,7,7,7,591,591,591,0.00,0.00,0.00,0.00,0.00,0.00,0.00,0.00,0.00,0.00,0.00,0.00,0.00,0.00,0.00,0.00,0.00,0.00,0.00,0.00,0.00,427132,519889,867332,445475,538232,885674,0,0,0,0,0,0,0,49163,0,81.30,81.35,81.40
386,2,0,0,0,97271,97271,97271,8,8,8,591,591,591,0.00,0.00,0.00,0.00,0.00,0.00,0.00,0.00,0.00,0.00,0.00,0.00,0.00,0.00,0.00,0.00,0.00,0.00,0.00,0.00,0.00,311825,340130,406158,330168,358472,424500,0,0,0,0,0,0,0,81612,0,101.61,101.67,101.69
386,3,0,0,0,97271,97271,97271,8,8,8,591,591,591,0.00,0.00,0.00,0.00,0.00,0.00,0.00,0.00,0.00,0.00,0.00,0.00,0.00,0.00,0.00,0.00,0.00,0.00,0.00,0.00,0.00,340663,558150,1231587,361627,577018,1249930,0,0,0,0,0,0,0,82841,0,91.83,91.88,91.92
387,0,0,0,0,97271,97271,97271,8,8,8,591,591,591,0.00,0.00,0.00,0.00,0.00,0.00,0.00,0.00,0.00,0.00,0.00,0.00,0.00,0.00,0.00,0.00,0.00,0.00,0.00,0.00,0.00,322317,371445,429752,343280,389788,448095,0,0,0,0,0,0,0,79593,0,99.08,99.10,99.13
387,1,0,0,0,97272,97272,97272,7,7,7,591,591,591,0.00,0.00,0.00,0.00,0.00,0.00,0.00,0.00,0.00,0.00,0.00,0.00,0.00,0.00,0.00,0.00,0.00,0.00,0.00,0.00,0.00,416652,488054,676066,434996,506397,694409,0,0,0,0,0,0,0,65491,0,81.23,81.25,81.28
387,2,0,0,0,97271,97271,97271,8,8,8,591,591,591,0.00,0.00,0.00,0.00,0.00,0.00,0.00,0.00,0.00,0.00,0.00,0.00,0.00,0.00,0.00,0.00,0.00,0.00,0.00,0.00,0.00,314450,357024,421869,332793,375367,440211,0,0,0,0,0,0,0,71204,0,101.49,101.55,101.58
387,3,0,0,0,97271,97271,97271,8,8,8,591,591,591,0.00,0.00,0.00,0.00,0.00,0.00,0.00,0.00,0.00,0.00,0.00,0.00,0.00,0.00,0.00,0.00,0.00,0.00,0.00,0.00,0.00,324902,341302,379944,343244,359644,395666,0,0,0,0,0,0,0,73788,0,91.91,91.93,91.97
388,0,0,0,0,97271,97271,97271,8,8,8,591,591,591,0.00,0.00,0.00,0.00,0.00,0.00,0.00,0.00,0.00,0.00,0.00,0.00,0.00,0.00,0.00,0.00,0.00,0.00,0.00,0.00,0.00,221848,328759,398118,234076,345808,416453,0,0,0,0,0,0,0,89417,0,99.04,99.11,99.16
388,1,0,0,0,97272,97272,97272,7,7,7,591,591,591,0.00,0.00,0.00,0.00,0.00,0.00,0.00,0.00,0.00,0.00,0.00,0.00,0.00,0.00,0.00,0.00,0.00,0.00,0.00,0.00,0.00,414021,453441,553550,432364,471190,568926,0,0,0,0,0,0,0,73341,0,81.22,81.27,81.31
388,2,0,0,0,97271,97271,97271,8,8,8,591,591,591,0.00,0.00,0.00,0.00,0.00,0.00,0.00,0.00,0.00,0.00,0.00,0.00,0.00,0.00,0.00,0.00,0.00,0.00,0.00,0.00,0.00,212724,458660,909292,224831,475759,927635,0,0,0,0,0,0,0,81408,0,101.50,101.53,101.55
388,3,0,0,0,97271,97271,97271,8,8,8,591,591,591,0.00,0.00,0.00,0.00,0.00,0.00,0.00,0.00,0.00,0.00,0.00,0.00,0.00,0.00,0.00,0.00,0.00,0.00,0.00,0.00,0.00,314389,349797,420490,332728,367536,438438,0,0,0,0,0,0,0,73741,0,91.90,91.92,91.95
390,0,0,0,0,97271,97271,97271,8,8,8,591,591,591,0.00,0.00,0.00,0.00,0.00,0.00,0.00,0.00,0.00,0.00,0.00,0.00,0.00,0.00,0.00,0.00,0.00,0.00,0.00,0.00,0.00,324929,464339,1103205,343272,482682,1124169,0,0,0,0,0,0,0,178809,0,98.97,98.99,99.04
390,1,0,0,0,97272,97272,97272,7,7,7,591,591,591,0.00,0.00,0.00,0.00,0.00,0.00,0.00,0.00,0.00,0.00,0.00,0.00,0.00,0.00,0.00,0.00,0.00,0.00,0.00,0.00,0.00,427132,565657,945109,445475,583301,959085,0,0,0,0,0,0,0,147086,0,81.10,81.18,81.26
390,2,0,0,0,97271,97271,97271,8,8,8,591,591,591,0.00,0.00,0.00,0.00,0.00,0.00,0.00,0.00,0.00,0.00,0.00,0.00,0.00,0.00,0.00,0.00,0.00,0.00,0.00,0.00,0.00,309184,377338,579097,330146,395419,594819,0,0,0,0,0,0,0,183369,0,101.40,101.47,101.52
390,3,0,0,0,97271,97271,97271,8,8,8,591,591,591,0.00,0.00,0.00,0.00,0.00,0.00,0.00,0.00,0.00,0.00,0.00,0.00,0.00,0.00,0.00,0.00,0.00,0.00,0.00,0.00,0.00,230588,443643,1249975,242817,461374,1268319,0,0,0,0,0,0,0,175126,0,91.88,91.96,92.04
391,0,0,0,0,97271,97271,97271,8,8,8,591,591,591,0.00,0.00,0.00,0.00,0.00,0.00,0.00,0.00,0.00,0.00,0.00,0.00,0.00,0.00,0.00,0.00,0.00,0.00,0.00,0.00,0.00,327548,389922,550228,343270,408715,573810,0,0,0,0,0,0,0,79481,0,99.03,99.04,99.08
391,1,0,0,0,97272,97272,97272,7,7,7,591,591,591,0.00,0.00,0.00,0.00,0.00,0.00,0.00,0.00,0.00,0.00,0.00,0.00,0.00,0.00,0.00,0.00,0.00,0.00,0.00,0.00,0.00,415731,449477,552902,431224,467774,571245,0,0,0,0,0,0,0,65479,0,81.24,81.27,81.29
391,2,0,0,0,97271,97271,97271,8,8,8,591,591,591,0.00,0.00,0.00,0.00,0.00,0.00,0.00,0.00,0.00,0.00,0.00,0.00,0.00,0.00,0.00,0.00,0.00,0.00,0.00,0.00,0.00,207609,446110,804431,219720,463731,822773,0,0,0,0,0,0,0,81432,0,101.48,101.50,101.54
391,3,0,0,0,97271,97271,97271,8,8,8,591,591,591,0.00,0.00,0.00,0.00,0.00,0.00,0.00,0.00,0.00,0.00,0.00,0.00,0.00,0.00,0.00,0.00,0.00,0.00,0.00,0.00,0.00,327063,353139,440228,345090,371419,458571,0,0,0,0,0,0,0,73771,0,91.86,91.88,91.89
392,0,0,0,0,97271,97271,97271,8,8,8,591,591,591,0.00,0.00,0.00,0.00,0.00,0.00,0.00,0.00,0.00,0.00,0.00,0.00,0.00,0.00,0.00,0.00,0.00,0.00,0.00,0.00,0.00,220114,478485,1121534,232342,495605,1139877,0,0,0,0,0,0,0,79360,0,98.95,98.99,99.05
392,1,0,0,0,97272,97272,97272,7,7,7,591,591,591,0.00,0.00,0.00,0.00,0.00,0.00,0.00,0.00,0.00,0.00,0.00,0.00,0.00,0.00,0.00,0.00,0.00,0.00,0.00,0.00,0.00,133643,548506,1128513,149366,565975,1142489,0,0,0,0,0,0,0,65395,0,81.23,81.24,81.25
392,2,0,0,0,97271,97271,97271,8,8,8,591,591,591,0.00,0.00,0.00,0.00,0.00,0.00,0.00,0.00,0.00,0.00,0.00,0.00,0.00,0.00,0.00,0.00,0.00,0.00,0.00,0.00,0.00,305560,454659,607941,323237,472991,626284,0,0,0,0,0,0,0,81379,0,101.42,101.48,101.55
392,3,0,0,0,97271,97271,97271,8,8,8,591,591,591,0.00,0.00,0.00,0.00,0.00,0.00,0.00,0.00,0.00,0.00,0.00,0.00,0.00,0.00,0.00,0.00,0.00,0.00,0.00,0.00,0.00,309093,338536,390435,327429,356353,408778,0,0,0,0,0,0,0,55296,0,91.94,91.99,92.02
393,0,0,0,0,97271,97271,97271,8,8,8,591,591,591,0.00,0.00,0.00,0.00,0.00,0.00,0.00,0.00,0.00,0.00,0.00,0.00,0.00,0.00,0.00,0.00,0.00,0.00,0.00,0.00,0.00,324933,419785,694410,343276,438127,712753,0,0,0,0,0,0,0,59608,0,98.86,98.92,98.95
393,1,0,0,0,97272,97272,97272,7,7,7,591,591,591,0.00,0.00,0.00,0.00,0.00,0.00,0.00,0.00,0.00,0.00,0.00,0.00,0.00,0.00,0.00,0.00,0.00,0.00,0.00,0.00,0.00,432325,548706,901418,448046,567048,919761,0,0,0,0,0,0,0,49093,0,81.12,81.17,81.22
393,2,0,0,0,97271,97271,97271,8,8,8,591,591,591,0.00,0.00,0.00,0.00,0.00,0.00,0.00,0.00,0.00,0.00,0.00,0.00,0.00,0.00,0.00,0.00,0.00,0.00,0.00,0.00,0.00,330180,394114,558155,345903,412458,576498,0,0,0,0,0,0,0,81358,0,101.35,101.39,101.46
393,3,0,0,0,97271,97271,97271,8,8,8,591,591,591,0.00,0.00,0.00,0.00,0.00,0.00,0.00,0.00,0.00,0.00,0.00,0.00,0.00,0.00,0.00,0.00,0.00,0.00,0.00,0.00,0.00,227109,537539,1226366,237591,555358,1244709,0,0,0,0,0,0,0,82784,0,91.85,91.90,91.98
394,0,0,0,0,97271,97271,97271,8,8,8,591,591,591,0.00,0.00,0.00,0.00,0.00,0.00,0.00,0.00,0.00,0.00,0.00,0.00,0.00,0.00,0.00,0.00,0.00,0.00,0.00,0.00,0.00,324933,366860,414026,343276,385858,432369,0,0,0,0,0,0,0,79379,0,98.80,98.83,98.86
394,1,0,0,0,97272,97272,97272,7,7,7,591,591,591,0.00,0.00,0.00,0.00,0.00,0.00,0.00,0.00,0.00,0.00,0.00,0.00,0.00,0.00,0.00,0.00,0.00,0.00,0.00,0.00,0.00,421892,492641,683940,442855,510984,704904,0,0,0,0,0,0,0,65330,0,81.08,81.09,81.10
394,2,0,0,0,97271,97271,97271,8,8,8,591,591,591,0.00,0.00,0.00,0.00,0.00,0.00,0.00,0.00,0.00,0.00,0.00,0.00,0.00,0.00,0.00,0.00,0.00,0.00,0.00,0.00,0.00,322312,415989,521445,343275,435642,542408,0,0,0,0,0,0,0,71060,0,101.26,101.27,101.30
394,3,0,0,0,97271,97271,97271,8,8,8,591,591,591,0.00,0.00,0.00,0.00,0.00,0.00,0.00,0.00,0.00,0.00,0.00,0.00,0.00,0.00,0.00,0.00,0.00,0.00,0.00,0.00,0.00,332769,356370,398292,348525,374713,419255,0,0,0,0,0,0,0,73688,0,91.84,91.86,91.89
395,0,0,0,0,97271,97271,97271,8,8,8,591,591,591,0.00,0.00,0.00,0.00,0.00,0.00,0.00,0.00,0.00,0.00,0.00,0.00,0.00,0.00,0.00,0.00,0.00,0.00,0.00,0.00,0.00,206126,337295,395683,220100,354700,411405,0,0,0,0,0,0,0,89212,0,98.75,98.77,98.79
395,1,0,0,0,97272,97272,97272,7,7,7,591,591,591,0.00,0.00,0.00,0.00,0.00,0.00,0.00,0.00,0.00,0.00,0.00,0.00,0.00,0.00,0.00,0.00,0.00,0.00,0.00,0.00,0.00,424210,523079,731083,439922,542398,752046,0,0,0,0,0,0,0,73313,0,81.09,81.11,81.16
395,2,0,0,0,97271,97271,97271,8,8,8,591,591,591,0.00,0.00,0.00,0.00,0.00,0.00,0.00,0.00,0.00,0.00,0.00,0.00,0.00,0.00,0.00,0.00,0.00,0.00,0.00,0.00,0.00,208510,461803,890857,220474,478792,906578,0,0,0,0,0,0,0,81224,0,101.23,101.27,101.31
395,3,0,0,0,97271,97271,97271,8,8,8,591,591,591,0.00,0.00,0.00,0.00,0.00,0.00,0.00,0.00,0.00,0.00,0.00,0.00,0.00,0.00,0.00,0.00,0.00,0.00,0.00,0.00,0.00,306544,396801,579088,324884,416662,602671,0,0,0,0,0,0,0,73749,0,91.83,91.84,91.88
396,0,0,0,0,97271,97271,97271,8,8,8,591,591,591,0.00,0.00,0.00,0.00,0.00,0.00,0.00,0.00,0.00,0.00,0.00,0.00,0.00,0.00,0.00,0.00,0.00,0.00,0.00,0.00,0.00,330174,495233,1076876,348517,513576,1095217,0,0,0,0,0,0,0,79338,0,98.70,98.73,98.78
396,1,0,0,0,97272,97272,97272,7,7,7,591,591,591,0.00,0.00,0.00,0.00,0.00,0.00,0.00,0.00,0.00,0.00,0.00,0.00,0.00,0.00,0.00,0.00,0.00,0.00,0.00,0.00,0.00,144121,590646,1276151,162463,607591,1294494,0,0,0,0,0,0,0,65391,0,81.11,81.13,81.14
396,2,0,0,0,97271,97271,97271,8,8,8,591,591,591,0.00,0.00,0.00,0.00,0.00,0.00,0.00,0.00,0.00,0.00,0.00,0.00,0.00,0.00,0.00,0.00,0.00,0.00,0.00,0.00,0.00,309211,406498,589572,327554,424922,607914,0,0,0,0,0,0,0,81362,0,101.26,101.32,101.36
396,3,0,0,0,97271,97271,97271,8,8,8,591,591,591,0.00,0.00,0.00,0.00,0.00,0.00,0.00,0.00,0.00,0.00,0.00,0.00,0.00,0.00,0.00,0.00,0.00,0.00,0.00,0.00,0.00,330172,367385,421889,348515,385728,440232,0,0,0,0,0,0,0,73652,0,91.80,91.86,91.90
397,0,0,0,0,97271,97271,97271,8,8,8,591,591,591,0.00,0.00,0.00,0.00,0.00,0.00,0.00,0.00,0.00,0.00,0.00,0.00,0.00,0.00,0.00,0.00,0.00,0.00,0.00,0.00,0.00,327556,436037,681303,345900,454380,699646,0,0,0,0,0,0,0,79453,0,98.80,98.89,98.96
397,1,0,0,0,97272,97272,97272,7,7,7,591,591,591,0.00,0.00,0.00,0.00,0.00,0.00,0.00,0.00,0.00,0.00,0.00,0.00,0.00,0.00,0.00,0.00,0.00,0.00,0.00,0.00,0.00,421890,568627,888311,442853,586969,904034,0,0,0,0,0,0,0,65431,0,81.15,81.21,81.25
397,2,0,0,0,97271,97271,97271,8,8,8,591,591,591,0.00,0.00,0.00,0.00,0.00,0.00,0.00,0.00,0.00,0.00,0.00,0.00,0.00,0.00,0.00,0.00,0.00,0.00,0.00,0.00,0.00,314449,339601,408785,332791,357943,427128,0,0,0,0,0,0,0,81362,0,101.31,101.35,101.39
397,3,0,0,0,97271,97271,97271,8,8,8,591,591,591,0.00,0.00,0.00,0.00,0.00,0.00,0.00,0.00,0.00,0.00,0.00,0.00,0.00,0.00,0.00,0.00,0.00,0.00,0.00,0.00,0.00,239321,524280,1268380,251549,540876,1289345,0,0,0,0,0,0,0,73633,0,91.74,91.76,91.78
398,0,0,0,0,97271,97271,97271,8,8,8,591,591,591,0.00,0.00,0.00,0.00,0.00,0.00,0.00,0.00,0.00,0.00,0.00,0.00,0.00,0.00,0.00,0.00,0.00,0.00,0.00,0.00,0.00,322309,345886,390444,340652,364228,411407,0,0,0,0,0,0,0,79437,0,98.88,98.90,98.93
398,1,0,0,0,97272,97272,97272,7,7,7,591,591,591,0.00,0.00,0.00,0.00,0.00,0.00,0.00,0.00,0.00,0.00,0.00,0.00,0.00,0.00,0.00,0.00,0.00,0.00,0.00,0.00,0.00,419227,451228,566005,437569,469571,584348,0,0,0,0,0,0,0,65415,0,81.16,81.22,81.25
398,2,0,0,0,97271,97271,97271,8,8,8,591,591,591,0.00,0.00,0.00,0.00,0.00,0.00,0.00,0.00,0.00,0.00,0.00,0.00,0.00,0.00,0.00,0.00,0.00,0.00,0.00,0.00,0.00,314455,468007,898782,335419,486350,914504,0,0,0,0,0,0,0,81346,0,101.29,101.36,101.41
398,3,0,0,0,97271,97271,97271,8,8,8,591,591,591,0.00,0.00,0.00,0.00,0.00,0.00,0.00,0.00,0.00,0.00,0.00,0.00,0.00,0.00,0.00,0.00,0.00,0.00,0.00,0.00,0.00,330179,351145,424518,348522,369488,440241,0,0,0,0,0,0,0,73670,0,91.79,91.83,91.85
399,0,0,0,0,97271,97271,97271,8,8,8,591,591,591,0.00,0.00,0.00,0.00,0.00,0.00,0.00,0.00,0.00,0.00,0.00,0.00,0.00,0.00,0.00,0.00,0.00,0.00,0.00,0.00,0.00,235776,475410,1111075,248001,491950,1129419,0,0,0,0,0,0,0,79321,0,98.89,98.95,98.98
399,1,0,0,0,97272,97272,97272,7,7,7,591,591,591,0.00,0.00,0.00,0.00,0.00,0.00,0.00,0.00,0.00,0.00,0.00,0.00,0.00,0.00,0.00,0.00,0.00,0.00,0.00,0.00,0.00,146699,534396,1226327,165036,552692,1244670,0,0,0,0,0,0,0,65205,0,81.04,81.10,81.18
399,2,0,0,0,97271,97271,97271,8,8,8,591,591,591,0.00,0.00,0.00,0.00,0.00,0.00,0.00,0.00,0.00,0.00,0.00,0.00,0.00,0.00,0.00,0.00,0.00,0.00,0.00,0.00,0.00,309212,415890,613118,327555,432468,628839,0,0,0,0,0,0,0,81191,0,101.18,101.29,101.38
399,3,0,0,0,97271,97271,97271,8,8,8,591,591,591,0.00,0.00,0.00,0.00,0.00,0.00,0.00,0.00,0.00,0.00,0.00,0.00,0.00,0.00,0.00,0.00,0.00,0.00,0.00,0.00,0.00,322353,335917,374608,340405,354724,395565,0,0,0,0,0,0,0,55195,0,91.78,91.80,91.85
400,0,0,0,0,97271,97271,97271,8,8,8,591,591,591,0.00,0.00,0.00,0.00,0.00,0.00,0.00,0.00,0.00,0.00,0.00,0.00,0.00,0.00,0.00,0.00,0.00,0.00,0.00,0.00,0.00,330172,454369,678696,348512,473235,697039,0,0,0,0,0,0,0,59475,0,98.70,98.80,98.87
400,1,0,0,0,97272,97272,97272,7,7,7,591,591,591,0.00,0.00,0.00,0.00,0.00,0.00,0.00,0.00,0.00,0.00,0.00,0.00,0.00,0.00,0.00,0.00,0.00,0.00,0.00,0.00,0.00,429750,571416,711015,448094,588536,723244,0,0,0,0,0,0,0,48851,0,81.00,81.03,81.05
400,2,0,0,0,97271,97271,97271,8,8,8,591,591,591,0.00,0.00,0.00,0.00,0.00,0.00,0.00,0.00,0.00,0.00,0.00,0.00,0.00,0.00,0.00,0.00,0.00,0.00,0.00,0.00,0.00,314448,339084,406155,332791,358475,424497,0,0,0,0,0,0,0,81326,0,101.10,101.13,101.20
400,3,0,0,0,97271,97271,97271,8,8,8,591,591,591,0.00,0.00,0.00,0.00,0.00,0.00,0.00,0.00,0.00,0.00,0.00,0.00,0.00,0.00,0.00,0.00,0.00,0.00,0.00,0.00,0.00,110059,342231,440234,128402,360050,458577,0,0,0,0,0,0,0,82711,0,91.77,91.82,91.87
401,0,0,0,0,97271,97271,97271,8,8,8,591,591,591,0.00,0.00,0.00,0.00,0.00,0.00,0.00,0.00,0.00,0.00,0.00,0.00,0.00,0.00,0.00,0.00,0.00,0.00,0.00,0.00,0.00,324935,373673,466438,343278,392017,487402,0,0,0,0,0,0,0,79318,0,98.65,98.71,98.76
401,1,0,0,0,97272,97272,97272,7,7,7,591,591,591,0.00,0.00,0.00,0.00,0.00,0.00,0.00,0.00,0.00,0.00,0.00,0.00,0.00,0.00,0.00,0.00,0.00,0.00,0.00,0.00,0.00,427128,477442,668208,442850,495784,689171,0,0,0,0,0,0,0,65198,0,80.91,80.95,80.99
401,2,0,0,0,97271,97271,97271,8,8,8,591,591,591,0.00,0.00,0.00,0.00,0.00,0.00,0.00,0.00,0.00,0.00,0.00,0.00,0.00,0.00,0.00,0.00,0.00,0.00,0.00,0.00,0.00,317067,462245,856880,335410,480589,877844,0,0,0,0,0,0,0,71085,0,101.22,101.28,101.32
401,3,0,0,0,97271,97271,97271,8,8,8,591,591,591,0.00,0.00,0.00,0.00,0.00,0.00,0.00,0.00,0.00,0.00,0.00,0.00,0.00,0.00,0.00,0.00,0.00,0.00,0.00,0.00,0.00,322318,498404,1111055,340662,516747,1129398,0,0,0,0,0,0,0,73633,0,91.67,91.71,91.76
402,0,0,0,0,97271,97271,97271,8,8,8,591,591,591,0.00,0.00,0.00,0.00,0.00,0.00,0.00,0.00,0.00,0.00,0.00,0.00,0.00,0.00,0.00,0.00,0.00,0.00,0.00,0.00,0.00,7858,278622,390445,26194,296899,411408,0,0,0,0,0,0,0,89239,0,98.78,98.82,98.85
402,1,0,0,0,97272,97272,97272,7,7,7,591,591,591,0.00,0.00,0.00,0.00,0.00,0.00,0.00,0.00,0.00,0.00,0.00,0.00,0.00,0.00,0.00,0.00,0.00,0.00,0.00,0.00,0.00,258441,420121,558157,286132,440333,576500,0,0,0,0,0,0,0,73266,0,80.93,80.99,81.05
402,2,0,0,0,97271,97271,97271,8,8,8,591,591,591,0.00,0.00,0.00,0.00,0.00,0.00,0.00,0.00,0.00,0.00,0.00,0.00,0.00,0.00,0.00,0.00,0.00,0.00,0.00,0.00,0.00,314453,377861,508358,330175,395679,526701,0,0,0,0,0,0,0,81205,0,101.25,101.32,101.38
402,3,0,0,0,97271,97271,97271,8,8,8,591,591,591,0.00,0.00,0.00,0.00,0.00,0.00,0.00,0.00,0.00,0.00,0.00,0.00,0.00,0.00,0.00,0.00,0.00,0.00,0.00,0.00,0.00,313362,348819,437619,331342,367090,455963,0,0,0,0,0,0,0,73705,0,91.78,91.83,91.87
403,0,0,0,0,97271,97271,97271,8,8,8,591,591,591,0.00,0.00,0.00,0.00,0.00,0.00,0.00,0.00,0.00,0.00,0.00,0.00,0.00,0.00,0.00,0.00,0.00,0.00,0.00,0.00,0.00,327553,512018,1100564,345896,530361,1118907,0,0,0,0,0,0,0,79334,0,98.85,98.86,98.89
403,1,0,0,0,97272,97272,97272,7,7,7,591,591,591,0.00,0.00,0.00,0.00,0.00,0.00,0.00,0.00,0.00,0.00,0.00,0.00,0.00,0.00,0.00,0.00,0.00,0.00,0.00,0.00,0.00,429749,644921,1255054,448092,663802,1272984,0,0,0,0,0,0,0,65359,0,81.10,81.13,81.15
403,2,0,0,0,97271,97271,97271,8,8,8,591,591,591,0.00,0.00,0.00,0.00,0.00,0.00,0.00,0.00,0.00,0.00,0.00,0.00,0.00,0.00,0.00,0.00,0.00,0.00,0.00,0.00,0.00,317071,420403,639323,338034,439173,660284,0,0,0,0,0,0,0,81219,0,101.12,101.18,101.22
403,3,0,0,0,97271,97271,97271,8,8,8,591,591,591,0.00,0.00,0.00,0.00,0.00,0.00,0.00,0.00,0.00,0.00,0.00,0.00,0.00,0.00,0.00,0.00,0.00,0.00,0.00,0.00,0.00,327559,375325,410026,345903,394194,429751,0,0,0,0,0,0,0,73630,0,91.75,91.76,91.78
404,0,0,0,0,97271,97271,97271,8,8,8,591,591,591,0.00,0.00,0.00,0.00,0.00,0.00,0.00,0.00,0.00,0.00,0.00,0.00,0.00,0.00,0.00,0.00,0.00,0.00,0.00,0.00,0.00,330170,436035,689167,345892,454902,710130,0,0,0,0,0,0,0,79192,0,98.67,98.74,98.84
404,1,0,0,0,97272,97272,97272,7,7,7,591,591,591,0.00,0.00,0.00,0.00,0.00,0.00,0.00,0.00,0.00,0.00,0.00,0.00,0.00,0.00,0.00,0.00,0.00,0.00,0.00,0.00,0.00,427128,585402,917138,445477,603745,938102,0,0,0,0,0,0,0,65195,0,80.95,81.01,81.06
404,2,0,0,0,97271,97271,97271,8,8,8,591,591,591,0.00,0.00,0.00,0.00,0.00,0.00,0.00,0.00,0.00,0.00,0.00,0.00,0.00,0.00,0.00,0.00,0.00,0.00,0.00,0.00,0.00,319694,406693,542433,338037,425036,563397,0,0,0,0,0,0,0,81212,0,101.12,101.15,101.22
404,3,0,0,0,97271,97271,97271,8,8,8,591,591,591,0.00,0.00,0.00,0.00,0.00,0.00,0.00,0.00,0.00,0.00,0.00,0.00,0.00,0.00,0.00,0.00,0.00,0.00,0.00,0.00,0.00,324907,546098,1263065,343248,564441,1284028,0,0,0,0,0,0,0,73630,0,91.80,91.81,91.82
405,0,0,0,0,97271,97271,97271,8,8,8,591,591,591,0.00,0.00,0.00,0.00,0.00,0.00,0.00,0.00,0.00,0.00,0.00,0.00,0.00,0.00,0.00,0.00,0.00,0.00,0.00,0.00,0.00,324932,351654,387822,343232,369996,406165,0,0,0,0,0,0,0,79408,0,98.71,98.78,98.84
405,1,0,0,0,97272,97272,97272,7,7,7,591,591,591,0.00,0.00,0.00,0.00,0.00,0.00,0.00,0.00,0.00,0.00,0.00,0.00,0.00,0.00,0.00,0.00,0.00,0.00,0.00,0.00,0.00,419269,516730,738943,437612,536121,759906,0,0,0,0,0,0,0,65192,0,80.91,80.94,80.99
405,2,0,0,0,97271,97271,97271,8,8,8,591,591,591,0.00,0.00,0.00,0.00,0.00,0.00,0.00,0.00,0.00,0.00,0.00,0.00,0.00,0.00,0.00,0.00,0.00,0.00,0.00,0.00,0.00,136263,394115,817579,157227,412982,835922,0,0,0,0,0,0,0,81159,0,101.14,101.17,101.19
405,3,0,0,0,97271,97271,97271,8,8,8,591,591,591,0.00,0.00,0.00,0.00,0.00,0.00,0.00,0.00,0.00,0.00,0.00,0.00,0.00,0.00,0.00,0.00,0.00,0.00,0.00,0.00,0.00,330183,403552,589617,345906,422419,615822,0,0,0,0,0,0,0,73659,0,91.77,91.78,91.79
406,0,0,0,0,97271,97271,97271,8,8,8,591,591,591,0.00,0.00,0.00,0.00,0.00,0.00,0.00,0.00,0.00,0.00,0.00,0.00,0.00,0.00,0.00,0.00,0.00,0.00,0.00,0.00,0.00,324930,520474,1078442,343273,539161,1098935,0,0,0,0,0,0,0,79203,0,98.71,98.75,98.80
406,1,0,0,0,97272,97272,97272,7,7,7,591,591,591,0.00,0.00,0.00,0.00,0.00,0.00,0.00,0.00,0.00,0.00,0.00,0.00,0.00,0.00,0.00,0.00,0.00,0.00,0.00,0.00,0.00,136262,590543,1223117,151984,606934,1241218,0,0,0,0,0,0,0,65171,0,80.89,80.92,80.94
406,2,0,0,0,97271,97271,97271,8,8,8,591,591,591,0.00,0.00,0.00,0.00,0.00,0.00,0.00,0.00,0.00,0.00,0.00,0.00,0.00,0.00,0.00,0.00,0.00,0.00,0.00,0.00,0.00,319695,406004,516212,340658,424209,534554,0,0,0,0,0,0,0,81146,0,101.05,101.09,101.13
406,3,0,0,0,97271,97271,97271,8,8,8,591,591,591,0.00,0.00,0.00,0.00,0.00,0.00,0.00,0.00,0.00,0.00,0.00,0.00,0.00,0.00,0.00,0.00,0.00,0.00,0.00,0.00,0.00,259336,306153,327558,271439,322853,348521,0,0,0,0,0,0,0,55212,0,91.76,91.78,91.81
407,0,0,0,0,97271,97271,97271,8,8,8,591,591,591,0.00,0.00,0.00,0.00,0.00,0.00,0.00,0.00,0.00,0.00,0.00,0.00,0.00,0.00,0.00,0.00,0.00,0.00,0.00,0.00,0.00,332790,419790,636763,348512,438132,655106,0,0,0,0,0,0,0,59525,0,98.75,98.80,98.86
407,1,0,0,0,97272,97272,97272,7,7,7,591,591,591,0.00,0.00,0.00,0.00,0.00,0.00,0.00,0.00,0.00,0.00,0.00,0.00,0.00,0.00,0.00,0.00,0.00,0.00,0.00,0.00,0.00,434989,567020,723221,455953,585486,738943,0,0,0,0,0,0,0,48858,0,80.96,81.01,81.03
407,2,0,0,0,97271,97271,97271,8,8,8,591,591,591,0.00,0.00,0.00,0.00,0.00,0.00,0.00,0.00,0.00,0.00,0.00,0.00,0.00,0.00,0.00,0.00,0.00,0.00,0.00,0.00,0.00,317076,394416,604794,335420,412762,622733,0,0,0,0,0,0,0,81104,0,101.08,101.12,101.14
407,3,0,0,0,97271,97271,97271,8,8,8,591,591,591,0.00,0.00,0.00,0.00,0.00,0.00,0.00,0.00,0.00,0.00,0.00,0.00,0.00,0.00,0.00,0.00,0.00,0.00,0.00,0.00,0.00,318680,366129,414038,340104,385088,435002,0,0,0,0,0,0,0,82693,0,91.76,91.81,91.83
408,0,0,0,0,97271,97271,97271,8,8,8,591,591,591,0.00,0.00,0.00,0.00,0.00,0.00,0.00,0.00,0.00,0.00,0.00,0.00,0.00,0.00,0.00,0.00,0.00,0.00,0.00,0.00,0.00,324900,356371,414027,343241,374713,432370,0,0,0,0,0,0,0,79152,0,98.65,98.75,98.84
408,1,0,0,0,97272,97272,97272,7,7,7,591,591,591,0.00,0.00,0.00,0.00,0.00,0.00,0.00,0.00,0.00,0.00,0.00,0.00,0.00,0.00,0.00,0.00,0.00,0.00,0.00,0.00,0.00,432373,479004,644622,450716,497346,662965,0,0,0,0,0,0,0,65330,0,81.00,81.01,81.03
408,2,0,0,0,97271,97271,97271,8,8,8,591,591,591,0.00,0.00,0.00,0.00,0.00,0.00,0.00,0.00,0.00,0.00,0.00,0.00,0.00,0.00,0.00,0.00,0.00,0.00,0.00,0.00,0.00,322317,354807,424514,340660,373150,442857,0,0,0,0,0,0,0,70942,0,100.97,101.00,101.05
408,3,0,0,0,97271,97271,97271,8,8,8,591,591,591,0.00,0.00,0.00,0.00,0.00,0.00,0.00,0.00,0.00,0.00,0.00,0.00,0.00,0.00,0.00,0.00,0.00,0.00,0.00,0.00,0.00,327557,520421,1210647,345900,538240,1228990,0,0,0,0,0,0,0,73576,0,91.75,91.80,91.82
409,0,0,0,0,97271,97271,97271,8,8,8,591,591,591,0.00,0.00,0.00,0.00,0.00,0.00,0.00,0.00,0.00,0.00,0.00,0.00,0.00,0.00,0.00,0.00,0.00,0.00,0.00,0.00,0.00,13102,306413,436734,34065,323534,448963,0,0,0,0,0,0,0,89255,0,98.64,98.77,98.86
409,1,0,0,0,97272,97272,97272,7,7,7,591,591,591,0.00,0.00,0.00,0.00,0.00,0.00,0.00,0.00,0.00,0.00,0.00,0.00,0.00,0.00,0.00,0.00,0.00,0.00,0.00,0.00,0.00,429750,619991,1236834,448093,636753,1247272,0,0,0,0,0,0,0,73262,0,80.93,80.98,81.05
409,2,0,0,0,97271,97271,97271,8,8,8,591,591,591,0.00,0.00,0.00,0.00,0.00,0.00,0.00,0.00,0.00,0.00,0.00,0.00,0.00,0.00,0.00,0.00,0.00,0.00,0.00,0.00,0.00,211380,456826,890949,223608,473946,909292,0,0,0,0,0,0,0,81028,0,101.06,101.08,101.12
409,3,0,0,0,97271,97271,97271,8,8,8,591,591,591,0.00,0.00,0.00,0.00,0.00,0.00,0.00,0.00,0.00,0.00,0.00,0.00,0.00,0.00,0.00,0.00,0.00,0.00,0.00,0.00,0.00,330135,382580,474306,348476,400923,490029,0,0,0,0,0,0,0,73731,0,91.70,91.74,91.79
410,0,0,0,0,97271,97271,97271,8,8,8,591,591,591,0.00,0.00,0.00,0.00,0.00,0.00,0.00,0.00,0.00,0.00,0.00,0.00,0.00,0.00,0.00,0.00,0.00,0.00,0.00,0.00,0.00,324209,534758,1070979,344632,553029,1086463,0,0,0,0,0,0,0,79298,0,98.74,98.76,98.80
410,1,0,0,0,97272,97272,97272,7,7,7,591,591,591,0.00,0.00,0.00,0.00,0.00,0.00,0.00,0.00,0.00,0.00,0.00,0.00,0.00,0.00,0.00,0.00,0.00,0.00,0.00,0.00,0.00,427083,623211,1278765,445424,642593,1299729,0,0,0,0,0,0,0,65111,0,80.86,80.87,80.88
410,2,0,0,0,97271,97271,97271,8,8,8,591,591,591,0.00,0.00,0.00,0.00,0.00,0.00,0.00,0.00,0.00,0.00,0.00,0.00,0.00,0.00,0.00,0.00,0.00,0.00,0.00,0.00,0.00,323700,408987,585551,342426,427275,603608,0,0,0,0,0,0,0,81101,0,101.10,101.11,101.12
410,3,0,0,0,97271,97271,97271,8,8,8,591,591,591,0.00,0.00,0.00,0.00,0.00,0.00,0.00,0.00,0.00,0.00,0.00,0.00,0.00,0.00,0.00,0.00,0.00,0.00,0.00,0.00,0.00,207871,328090,403550,220099,345152,421893,0,0,0,0,0,0,0,82667,0,91.70,91.77,91.83
411,0,0,0,0,97271,97271,97271,8,8,8,591,591,591,0.00,0.00,0.00,0.00,0.00,0.00,0.00,0.00,0.00,0.00,0.00,0.00,0.00,0.00,0.00,0.00,0.00,0.00,0.00,0.00,0.00,327555,432359,673429,348518,451226,689151,0,0,0,0,0,0,0,79288,0,98.78,98.81,98.83
411,1,0,0,0,97272,97272,97272,7,7,7,591,591,591,0.00,0.00,0.00,0.00,0.00,0.00,0.00,0.00,0.00,0.00,0.00,0.00,0.00,0.00,0.00,0.00,0.00,0.00,0.00,0.00,0.00,424506,474294,657722,440229,492113,676065,0,0,0,0,0,0,0,65107,0,80.81,80.84,80.88
411,2,0,0,0,97271,97271,97271,8,8,8,591,591,591,0.00,0.00,0.00,0.00,0.00,0.00,0.00,0.00,0.00,0.00,0.00,0.00,0.00,0.00,0.00,0.00,0.00,0.00,0.00,0.00,0.00,317071,344846,424500,332794,363189,442842,0,0,0,0,0,0,0,81058,0,100.94,100.98,101.03
411,3,0,0,0,97271,97271,97271,8,8,8,591,591,591,0.00,0.00,0.00,0.00,0.00,0.00,0.00,0.00,0.00,0.00,0.00,0.00,0.00,0.00,0.00,0.00,0.00,0.00,0.00,0.00,0.00,327557,522521,1223757,348520,541388,1244720,0,0,0,0,0,0,0,73700,0,91.69,91.75,91.82
412,0,0,0,0,97271,97271,97271,8,8,8,591,591,591,0.00,0.00,0.00,0.00,0.00,0.00,0.00,0.00,0.00,0.00,0.00,0.00,0.00,0.00,0.00,0.00,0.00,0.00,0.00,0.00,0.00,322309,369828,436732,340652,386773,450707,0,0,0,0,0,0,0,79183,0,98.59,98.64,98.71
412,1,0,0,0,97272,97272,97272,7,7,7,591,591,591,0.00,0.00,0.00,0.00,0.00,0.00,0.00,0.00,0.00,0.00,0.00,0.00,0.00,0.00,0.00,0.00,0.00,0.00,0.00,0.00,0.00,419267,455951,550288,434990,474294,571251,0,0,0,0,0,0,0,73021,0,80.82,80.84,80.89
412,2,0,0,0,97271,97271,97271,8,8,8,591,591,591,0.00,0.00,0.00,0.00,0.00,0.00,0.00,0.00,0.00,0.00,0.00,0.00,0.00,0.00,0.00,0.00,0.00,0.00,0.00,0.00,0.00,216623,450520,914431,227105,467814,932772,0,0,0,0,0,0,0,81104,0,100.89,100.94,101.02
412,3,0,0,0,97271,97271,97271,8,8,8,591,591,591,0.00,0.00,0.00,0.00,0.00,0.00,0.00,0.00,0.00,0.00,0.00,0.00,0.00,0.00,0.00,0.00,0.00,0.00,0.00,0.00,0.00,319694,351659,429756,340657,370002,448099,0,0,0,0,0,0,0,73550,0,91.70,91.78,91.85
413,0,0,0,0,97271,97271,97271,8,8,8,591,591,591,0.00,0.00,0.00,0.00,0.00,0.00,0.00,0.00,0.00,0.00,0.00,0.00,0.00,0.00,0.00,0.00,0.00,0.00,0.00,0.00,0.00,151985,482426,1097857,170328,500024,1116198,0,0,0,0,0,0,0,79224,0,98.67,98.71,98.76
413,1,0,0,0,97272,97272,97272,7,7,7,591,591,591,0.00,0.00,0.00,0.00,0.00,0.00,0.00,0.00,0.00,0.00,0.00,0.00,0.00,0.00,0.00,0.00,0.00,0.00,0.00,0.00,0.00,346484,689428,1331036,360344,706012,1349377,0,0,0,0,0,0,0,48834,0,80.79,80.82,80.85
413,2,0,0,0,97271,97271,97271,8,8,8,591,591,591,0.00,0.00,0.00,0.00,0.00,0.00,0.00,0.00,0.00,0.00,0.00,0.00,0.00,0.00,0.00,0.00,0.00,0.00,0.00,0.00,0.00,317075,438269,589606,335418,457267,607950,0,0,0,0,0,0,0,81096,0,101.00,101.00,101.01
413,3,0,0,0,97271,97271,97271,8,8,8,591,591,591,0.00,0.00,0.00,0.00,0.00,0.00,0.00,0.00,0.00,0.00,0.00,0.00,0.00,0.00,0.00,0.00,0.00,0.00,0.00,0.00,0.00,335425,368802,408794,351148,386419,429758,0,0,0,0,0,0,0,55116,0,91.60,91.62,91.67
414,0,0,0,0,97271,97271,97271,8,8,8,591,591,591,0.00,0.00,0.00,0.00,0.00,0.00,0.00,0.00,0.00,0.00,0.00,0.00,0.00,0.00,0.00,0.00,0.00,0.00,0.00,0.00,0.00,332792,423882,694424,353755,442740,712767,0,0,0,0,0,0,0,59439,0,98.66,98.70,98.74
414,1,0,0,0,97272,97272,97272,7,7,7,591,591,591,0.00,0.00,0.00,0.00,0.00,0.00,0.00,0.00,0.00,0.00,0.00,0.00,0.00,0.00,0.00,0.00,0.00,0.00,0.00,0.00,0.00,429752,540328,867367,448095,559195,885710,0,0,0,0,0,0,0,65505,0,80.81,80.93,81.08
414,2,0,0,0,97271,97271,97271,8,8,8,591,591,591,0.00,0.00,0.00,0.00,0.00,0.00,0.00,0.00,0.00,0.00,0.00,0.00,0.00,0.00,0.00,0.00,0.00,0.00,0.00,0.00,0.00,321388,432091,592222,340135,450893,610566,0,0,0,0,0,0,0,81141,0,101.04,101.09,101.14
414,3,0,0,0,97271,97271,97271,8,8,8,591,591,591,0.00,0.00,0.00,0.00,0.00,0.00,0.00,0.00,0.00,0.00,0.00,0.00,0.00,0.00,0.00,0.00,0.00,0.00,0.00,0.00,0.00,260267,515318,1220975,274241,533311,1239316,0,0,0,0,0,0,0,82682,0,91.56,91.59,91.65
