timestamp,gpuId,DCGM_FI_DEV_GPU_UTIL_min,DCGM_FI_DEV_GPU_UTIL_avg,DCGM_FI_DEV_GPU_UTIL_max,DCGM_FI_DEV_FB_FREE_min,DCGM_FI_DEV_FB_FREE_avg,DCGM_FI_DEV_FB_FREE_max,DCGM_FI_DEV_FB_USED_min,DCGM_FI_DEV_FB_USED_avg,DCGM_FI_DEV_FB_USED_max,DCGM_FI_DEV_FB_RESERVED_min,DCGM_FI_DEV_FB_RESERVED_avg,DCGM_FI_DEV_FB_RESERVED_max,DCGM_FI_PROF_SM_ACTIVE_min,DCGM_FI_PROF_SM_ACTIVE_avg,DCGM_FI_PROF_SM_ACTIVE_max,DCGM_FI_PROF_SM_OCCUPANCY_min,DCGM_FI_PROF_SM_OCCUPANCY_avg,DCGM_FI_PROF_SM_OCCUPANCY_max,DCGM_FI_PROF_PIPE_TENSOR_ACTIVE_min,DCGM_FI_PROF_PIPE_TENSOR_ACTIVE_avg,DCGM_FI_PROF_PIPE_TENSOR_ACTIVE_max,DCGM_FI_PROF_PIPE_FP64_ACTIVE_min,DCGM_FI_PROF_PIPE_FP64_ACTIVE_avg,DCGM_FI_PROF_PIPE_FP64_ACTIVE_max,DCGM_FI_PROF_PIPE_FP32_ACTIVE_min,DCGM_FI_PROF_PIPE_FP32_ACTIVE_avg,DCGM_FI_PROF_PIPE_FP32_ACTIVE_max,DCGM_FI_PROF_PIPE_FP16_ACTIVE_min,DCGM_FI_PROF_PIPE_FP16_ACTIVE_avg,DCGM_FI_PROF_PIPE_FP16_ACTIVE_max,DCGM_FI_PROF_DRAM_ACTIVE_min,DCGM_FI_PROF_DRAM_ACTIVE_avg,DCGM_FI_PROF_DRAM_ACTIVE_max,DCGM_FI_PROF_PCIE_TX_BYTES_min,DCGM_FI_PROF_PCIE_TX_BYTES_avg,DCGM_FI_PROF_PCIE_TX_BYTES_max,DCGM_FI_PROF_PCIE_RX_BYTES_min,DCGM_FI_PROF_PCIE_RX_BYTES_avg,DCGM_FI_PROF_PCIE_RX_BYTES_max,DCGM_FI_PROF_NVLINK_RX_BYTES_min,DCGM_FI_PROF_NVLINK_RX_BYTES_avg,DCGM_FI_PROF_NVLINK_RX_BYTES_max,DCGM_FI_PROF_NVLINK_TX_BYTES_min,DCGM_FI_PROF_NVLINK_TX_BYTES_avg,DCGM_FI_PROF_NVLINK_TX_BYTES_max,DCGM_FI_DEV_TOTAL_ENERGY_CONSUMPTION_min,DCGM_FI_DEV_TOTAL_ENERGY_CONSUMPTION_avg,DCGM_FI_DEV_TOTAL_ENERGY_CONSUMPTION_max,DCGM_FI_DEV_POWER_USAGE_min,DCGM_FI_DEV_POWER_USAGE_avg,DCGM_FI_DEV_POWER_USAGE_max
1,0,0,0,0,97276,97276,97276,3,3,3,591,591,591,0.00,0.00,0.00,0.00,0.00,0.00,0.00,0.00,0.00,0.00,0.00,0.00,0.00,0.00,0.00,0.00,0.00,0.00,0.00,0.00,0.00,309215,631720,1189693,330179,649841,1205416,0,0,0,0,0,0,0,88694,0,98.31,98.39,98.47
1,1,0,0,0,97273,97273,97273,7,7,7,591,591,591,0.00,0.00,0.00,0.00,0.00,0.00,0.00,0.00,0.00,0.00,0.00,0.00,0.00,0.00,0.00,0.00,0.00,0.00,0.00,0.00,0.00,323675,382851,576502,330592,398909,592225,0,0,0,0,0,0,0,71913,0,89.85,89.87,89.89
1,2,0,0,0,97271,97271,97271,8,8,8,591,591,591,0.00,0.00,0.00,0.00,0.00,0.00,0.00,0.00,0.00,0.00,0.00,0.00,0.00,0.00,0.00,0.00,0.00,0.00,0.00,0.00,0.00,317079,602351,1237755,332802,620512,1257807,0,0,0,0,0,0,0,74973,0,93.59,93.63,93.68
1,3,0,0,0,97268,97268,97268,11,11,11,591,591,591,0.00,0.00,0.00,0.00,0.00,0.00,0.00,0.00,0.00,0.00,0.00,0.00,0.00,0.00,0.00,0.00,0.00,0.00,0.00,0.00,0.00,329426,575814,1239481,336414,591886,1257825,0,0,0,0,0,0,0,59817,0,85.23,85.34,85.39
2,0,0,0,0,97276,97276,97276,3,3,3,591,591,591,0.00,0.00,0.00,0.00,0.00,0.00,0.00,0.00,0.00,0.00,0.00,0.00,0.00,0.00,0.00,0.00,0.00,0.00,0.00,0.00,0.00,311833,391841,704048,330180,409554,719244,0,0,0,0,0,0,0,59080,0,98.46,98.48,98.50
2,1,0,0,0,97273,97273,97273,7,7,7,591,591,591,0.00,0.00,0.00,0.00,0.00,0.00,0.00,0.00,0.00,0.00,0.00,0.00,0.00,0.00,0.00,0.00,0.00,0.00,0.00,0.00,0.00,138884,282485,385206,154607,300304,400928,0,0,0,0,0,0,0,62888,0,89.82,89.86,89.90
2,2,0,0,0,97271,97271,97271,8,8,8,591,591,591,0.00,0.00,0.00,0.00,0.00,0.00,0.00,0.00,0.00,0.00,0.00,0.00,0.00,0.00,0.00,0.00,0.00,0.00,0.00,0.00,0.00,317081,395171,579124,335424,413514,597467,0,0,0,0,0,0,0,56256,0,93.67,93.69,93.71
2,3,0,0,0,97268,97268,97268,11,11,11,591,591,591,0.00,0.00,0.00,0.00,0.00,0.00,0.00,0.00,0.00,0.00,0.00,0.00,0.00,0.00,0.00,0.00,0.00,0.00,0.00,0.00,0.00,411414,503126,673453,429751,521469,694416,0,0,0,0,0,0,0,68190,0,85.18,85.27,85.44
3,0,0,0,0,97276,97276,97276,3,3,3,591,591,591,0.00,0.00,0.00,0.00,0.00,0.00,0.00,0.00,0.00,0.00,0.00,0.00,0.00,0.00,0.00,0.00,0.00,0.00,0.00,0.00,0.00,319695,443382,618433,338038,462249,639396,0,0,0,0,0,0,0,78709,0,98.29,98.36,98.45
3,1,0,0,0,97273,97273,97273,7,7,7,591,591,591,0.00,0.00,0.00,0.00,0.00,0.00,0.00,0.00,0.00,0.00,0.00,0.00,0.00,0.00,0.00,0.00,0.00,0.00,0.00,0.00,0.00,317075,427126,712766,332798,445469,731110,0,0,0,0,0,0,0,71733,0,89.66,89.70,89.79
3,2,0,0,0,97271,97271,97271,8,8,8,591,591,591,0.00,0.00,0.00,0.00,0.00,0.00,0.00,0.00,0.00,0.00,0.00,0.00,0.00,0.00,0.00,0.00,0.00,0.00,0.00,0.00,0.00,136265,351147,508382,157229,369491,524105,0,0,0,0,0,0,0,74795,0,93.43,93.52,93.61
3,3,0,0,0,97268,97268,97268,11,11,11,591,591,591,0.00,0.00,0.00,0.00,0.00,0.00,0.00,0.00,0.00,0.00,0.00,0.00,0.00,0.00,0.00,0.00,0.00,0.00,0.00,0.00,0.00,408745,520412,780902,427086,538754,796625,0,0,0,0,0,0,0,68196,0,85.16,85.25,85.36
4,0,0,0,0,97276,97276,97276,3,3,3,591,591,591,0.00,0.00,0.00,0.00,0.00,0.00,0.00,0.00,0.00,0.00,0.00,0.00,0.00,0.00,0.00,0.00,0.00,0.00,0.00,0.00,0.00,314453,442856,880472,332797,461200,898815,0,0,0,0,0,0,0,88625,0,98.30,98.36,98.39
4,1,0,0,0,97273,97273,97273,7,7,7,591,591,591,0.00,0.00,0.00,0.00,0.00,0.00,0.00,0.00,0.00,0.00,0.00,0.00,0.00,0.00,0.00,0.00,0.00,0.00,0.00,0.00,0.00,327560,459631,594852,345904,477975,613195,0,0,0,0,0,0,0,71778,0,89.67,89.70,89.74
4,2,0,0,0,97271,97271,97271,8,8,8,591,591,591,0.00,0.00,0.00,0.00,0.00,0.00,0.00,0.00,0.00,0.00,0.00,0.00,0.00,0.00,0.00,0.00,0.00,0.00,0.00,0.00,0.00,319664,405119,579118,338005,423462,597461,0,0,0,0,0,0,0,75174,0,93.53,93.67,93.78
4,3,0,0,0,97268,97268,97268,11,11,11,591,591,591,0.00,0.00,0.00,0.00,0.00,0.00,0.00,0.00,0.00,0.00,0.00,0.00,0.00,0.00,0.00,0.00,0.00,0.00,0.00,0.00,0.00,91715,503651,1147767,110059,521470,1166111,0,0,0,0,0,0,0,77133,0,85.35,85.45,85.60
5,0,0,0,0,97276,97276,97276,3,3,3,591,591,591,0.00,0.00,0.00,0.00,0.00,0.00,0.00,0.00,0.00,0.00,0.00,0.00,0.00,0.00,0.00,0.00,0.00,0.00,0.00,0.00,0.00,314455,515456,706277,332798,534263,724321,0,0,0,0,0,0,0,78694,0,98.30,98.34,98.39
5,1,0,0,0,97273,97273,97273,7,7,7,591,591,591,0.00,0.00,0.00,0.00,0.00,0.00,0.00,0.00,0.00,0.00,0.00,0.00,0.00,0.00,0.00,0.00,0.00,0.00,0.00,0.00,0.00,322313,370007,419275,340656,388874,437618,0,0,0,0,0,0,0,80833,0,89.69,89.75,89.80
5,2,0,0,0,97271,97271,97271,8,8,8,591,591,591,0.00,0.00,0.00,0.00,0.00,0.00,0.00,0.00,0.00,0.00,0.00,0.00,0.00,0.00,0.00,0.00,0.00,0.00,0.00,0.00,0.00,322322,361631,432389,338045,380499,453353,0,0,0,0,0,0,0,74849,0,93.58,93.66,93.77
5,3,0,0,0,97268,97268,97268,11,11,11,591,591,591,0.00,0.00,0.00,0.00,0.00,0.00,0.00,0.00,0.00,0.00,0.00,0.00,0.00,0.00,0.00,0.00,0.00,0.00,0.00,0.00,0.00,411411,462771,529330,427134,481638,550294,0,0,0,0,0,0,0,68354,0,85.36,85.49,85.59
6,0,0,0,0,97276,97276,97276,3,3,3,591,591,591,0.00,0.00,0.00,0.00,0.00,0.00,0.00,0.00,0.00,0.00,0.00,0.00,0.00,0.00,0.00,0.00,0.00,0.00,0.00,0.00,0.00,317079,378887,602703,334743,397221,623666,0,0,0,0,0,0,0,78750,0,98.41,98.46,98.50
6,1,0,0,0,97273,97273,97273,7,7,7,591,591,591,0.00,0.00,0.00,0.00,0.00,0.00,0.00,0.00,0.00,0.00,0.00,0.00,0.00,0.00,0.00,0.00,0.00,0.00,0.00,0.00,0.00,322314,488446,733732,343278,507838,752076,0,0,0,0,0,0,0,71794,0,89.74,89.78,89.83
6,2,0,0,0,97271,97271,97271,8,8,8,591,591,591,0.00,0.00,0.00,0.00,0.00,0.00,0.00,0.00,0.00,0.00,0.00,0.00,0.00,0.00,0.00,0.00,0.00,0.00,0.00,0.00,0.00,324943,518322,720636,343287,537714,736359,0,0,0,0,0,0,0,74845,0,93.44,93.49,93.52
6,3,0,0,0,97268,97268,97268,11,11,11,591,591,591,0.00,0.00,0.00,0.00,0.00,0.00,0.00,0.00,0.00,0.00,0.00,0.00,0.00,0.00,0.00,0.00,0.00,0.00,0.00,0.00,0.00,419273,533510,691811,437617,551853,707534,0,0,0,0,0,0,0,68512,0,85.36,85.43,85.58
7,0,0,0,0,97276,97276,97276,3,3,3,591,591,591,0.00,0.00,0.00,0.00,0.00,0.00,0.00,0.00,0.00,0.00,0.00,0.00,0.00,0.00,0.00,0.00,0.00,0.00,0.00,0.00,0.00,319694,362147,424512,338037,380490,442855,0,0,0,0,0,0,0,88538,0,98.38,98.42,98.44
7,1,0,0,0,97273,97273,97273,7,7,7,591,591,591,0.00,0.00,0.00,0.00,0.00,0.00,0.00,0.00,0.00,0.00,0.00,0.00,0.00,0.00,0.00,0.00,0.00,0.00,0.00,0.00,0.00,220115,329656,416658,232344,346776,435002,0,0,0,0,0,0,0,71857,0,89.70,89.76,89.78
7,2,0,0,0,97271,97271,97271,8,8,8,591,591,591,0.00,0.00,0.00,0.00,0.00,0.00,0.00,0.00,0.00,0.00,0.00,0.00,0.00,0.00,0.00,0.00,0.00,0.00,0.00,0.00,0.00,317081,343285,427145,338044,361629,442868,0,0,0,0,0,0,0,74890,0,93.54,93.58,93.60
7,3,0,0,0,97268,97268,97268,11,11,11,591,591,591,0.00,0.00,0.00,0.00,0.00,0.00,0.00,0.00,0.00,0.00,0.00,0.00,0.00,0.00,0.00,0.00,0.00,0.00,0.00,0.00,0.00,411414,488452,600083,429757,506795,618426,0,0,0,0,0,0,0,76801,0,85.40,85.51,85.59
8,0,0,0,0,97276,97276,97276,3,3,3,591,591,591,0.00,0.00,0.00,0.00,0.00,0.00,0.00,0.00,0.00,0.00,0.00,0.00,0.00,0.00,0.00,0.00,0.00,0.00,0.00,0.00,0.00,314455,511634,998395,335419,530632,1016739,0,0,0,0,0,0,0,78676,0,98.32,98.36,98.39
8,1,0,0,0,97273,97273,97273,7,7,7,591,591,591,0.00,0.00,0.00,0.00,0.00,0.00,0.00,0.00,0.00,0.00,0.00,0.00,0.00,0.00,0.00,0.00,0.00,0.00,0.00,0.00,0.00,335420,404206,605324,353763,422549,623667,0,0,0,0,0,0,0,80822,0,89.67,89.68,89.72
8,2,0,0,0,97271,97271,97271,8,8,8,591,591,591,0.00,0.00,0.00,0.00,0.00,0.00,0.00,0.00,0.00,0.00,0.00,0.00,0.00,0.00,0.00,0.00,0.00,0.00,0.00,0.00,0.00,319702,383903,573891,338045,402247,589614,0,0,0,0,0,0,0,56130,0,93.48,93.50,93.52
8,3,0,0,0,97268,97268,97268,11,11,11,591,591,591,0.00,0.00,0.00,0.00,0.00,0.00,0.00,0.00,0.00,0.00,0.00,0.00,0.00,0.00,0.00,0.00,0.00,0.00,0.00,0.00,0.00,427133,697683,1166100,445430,716026,1184444,0,0,0,0,0,0,0,51170,0,85.20,85.32,85.45
9,0,0,0,0,97276,97276,97276,3,3,3,591,591,591,0.00,0.00,0.00,0.00,0.00,0.00,0.00,0.00,0.00,0.00,0.00,0.00,0.00,0.00,0.00,0.00,0.00,0.00,0.00,0.00,0.00,214877,353310,594848,225358,369886,615812,0,0,0,0,0,0,0,59207,0,98.38,98.58,98.68
9,1,0,0,0,97273,97273,97273,7,7,7,591,591,591,0.00,0.00,0.00,0.00,0.00,0.00,0.00,0.00,0.00,0.00,0.00,0.00,0.00,0.00,0.00,0.00,0.00,0.00,0.00,0.00,0.00,322316,489495,945991,343280,507838,961714,0,0,0,0,0,0,0,53957,0,89.72,89.82,89.88
9,2,0,0,0,97271,97271,97271,8,8,8,591,591,591,0.00,0.00,0.00,0.00,0.00,0.00,0.00,0.00,0.00,0.00,0.00,0.00,0.00,0.00,0.00,0.00,0.00,0.00,0.00,0.00,0.00,319700,442665,746843,340664,459261,765187,0,0,0,0,0,0,0,84582,0,93.45,93.61,93.84
9,3,0,0,0,97268,97268,97268,11,11,11,591,591,591,0.00,0.00,0.00,0.00,0.00,0.00,0.00,0.00,0.00,0.00,0.00,0.00,0.00,0.00,0.00,0.00,0.00,0.00,0.00,0.00,0.00,421888,542433,683930,440231,561300,702273,0,0,0,0,0,0,0,69076,0,85.30,85.66,86.03
10,0,0,0,0,97276,97276,97276,3,3,3,591,591,591,0.00,0.00,0.00,0.00,0.00,0.00,0.00,0.00,0.00,0.00,0.00,0.00,0.00,0.00,0.00,0.00,0.00,0.00,0.00,0.00,0.00,317078,394744,600603,335421,413262,622443,0,0,0,0,0,0,0,79218,0,98.51,98.56,98.69
10,1,0,0,0,97273,97273,97273,7,7,7,591,591,591,0.00,0.00,0.00,0.00,0.00,0.00,0.00,0.00,0.00,0.00,0.00,0.00,0.00,0.00,0.00,0.00,0.00,0.00,0.00,0.00,0.00,319699,379967,463821,338042,397786,482164,0,0,0,0,0,0,0,71924,0,89.81,89.85,89.88
10,2,0,0,0,97271,97271,97271,8,8,8,591,591,591,0.00,0.00,0.00,0.00,0.00,0.00,0.00,0.00,0.00,0.00,0.00,0.00,0.00,0.00,0.00,0.00,0.00,0.00,0.00,0.00,0.00,317081,348525,427140,332804,367393,445484,0,0,0,0,0,0,0,75235,0,93.98,94.07,94.14
10,3,0,0,0,97268,97268,97268,11,11,11,591,591,591,0.00,0.00,0.00,0.00,0.00,0.00,0.00,0.00,0.00,0.00,0.00,0.00,0.00,0.00,0.00,0.00,0.00,0.00,0.00,0.00,0.00,281262,424688,579124,293491,441808,597467,0,0,0,0,0,0,0,68529,0,85.64,85.94,86.13
11,0,0,0,0,97276,97276,97276,3,3,3,591,591,591,0.00,0.00,0.00,0.00,0.00,0.00,0.00,0.00,0.00,0.00,0.00,0.00,0.00,0.00,0.00,0.00,0.00,0.00,0.00,0.00,0.00,330143,548719,1058677,348521,567062,1079641,0,0,0,0,0,0,0,88669,0,98.51,98.56,98.63
11,1,0,0,0,97273,97273,97273,7,7,7,591,591,591,0.00,0.00,0.00,0.00,0.00,0.00,0.00,0.00,0.00,0.00,0.00,0.00,0.00,0.00,0.00,0.00,0.00,0.00,0.00,0.00,0.00,221605,347245,510988,235565,364188,529332,0,0,0,0,0,0,0,71821,0,89.77,89.82,89.87
11,2,0,0,0,97271,97271,97271,8,8,8,591,591,591,0.00,0.00,0.00,0.00,0.00,0.00,0.00,0.00,0.00,0.00,0.00,0.00,0.00,0.00,0.00,0.00,0.00,0.00,0.00,0.00,0.00,314463,349044,453349,335421,367387,471693,0,0,0,0,0,0,0,75014,0,93.62,93.75,93.91
11,3,0,0,0,97268,97268,97268,11,11,11,591,591,591,0.00,0.00,0.00,0.00,0.00,0.00,0.00,0.00,0.00,0.00,0.00,0.00,0.00,0.00,0.00,0.00,0.00,0.00,0.00,0.00,0.00,421892,580678,966943,440236,599020,985286,0,0,0,0,0,0,0,77036,0,85.38,85.50,85.59
12,0,0,0,0,97276,97276,97276,3,3,3,591,591,591,0.00,0.00,0.00,0.00,0.00,0.00,0.00,0.00,0.00,0.00,0.00,0.00,0.00,0.00,0.00,0.00,0.00,0.00,0.00,0.00,0.00,314453,404073,744212,335416,422940,762555,0,0,0,0,0,0,0,78832,0,98.45,98.51,98.56
12,1,0,0,0,97273,97273,97273,7,7,7,591,591,591,0.00,0.00,0.00,0.00,0.00,0.00,0.00,0.00,0.00,0.00,0.00,0.00,0.00,0.00,0.00,0.00,0.00,0.00,0.00,0.00,0.00,314451,463294,786134,332794,481638,801857,0,0,0,0,0,0,0,80854,0,89.73,89.80,89.89
12,2,0,0,0,97271,97271,97271,8,8,8,591,591,591,0.00,0.00,0.00,0.00,0.00,0.00,0.00,0.00,0.00,0.00,0.00,0.00,0.00,0.00,0.00,0.00,0.00,0.00,0.00,0.00,0.00,319702,367919,450725,340664,385738,469068,0,0,0,0,0,0,0,84328,0,93.49,93.56,93.62
12,3,0,0,0,97268,97268,97268,11,11,11,591,591,591,0.00,0.00,0.00,0.00,0.00,0.00,0.00,0.00,0.00,0.00,0.00,0.00,0.00,0.00,0.00,0.00,0.00,0.00,0.00,0.00,0.00,421894,462772,566019,437617,481115,584362,0,0,0,0,0,0,0,68535,0,85.35,85.53,85.70
13,0,0,0,0,97276,97276,97276,3,3,3,591,591,591,0.00,0.00,0.00,0.00,0.00,0.00,0.00,0.00,0.00,0.00,0.00,0.00,0.00,0.00,0.00,0.00,0.00,0.00,0.00,0.00,0.00,213365,349215,562249,223607,366464,580220,0,0,0,0,0,0,0,78730,0,98.35,98.42,98.51
13,1,0,0,0,97273,97273,97273,7,7,7,591,591,591,0.00,0.00,0.00,0.00,0.00,0.00,0.00,0.00,0.00,0.00,0.00,0.00,0.00,0.00,0.00,0.00,0.00,0.00,0.00,0.00,0.00,322316,380482,497891,340659,398825,516235,0,0,0,0,0,0,0,71822,0,89.75,89.80,89.86
13,2,0,0,0,97271,97271,97271,8,8,8,591,591,591,0.00,0.00,0.00,0.00,0.00,0.00,0.00,0.00,0.00,0.00,0.00,0.00,0.00,0.00,0.00,0.00,0.00,0.00,0.00,0.00,0.00,322322,402684,559049,338045,419805,571278,0,0,0,0,0,0,0,75060,0,93.65,93.69,93.80
13,3,0,0,0,97268,97268,97268,11,11,11,591,591,591,0.00,0.00,0.00,0.00,0.00,0.00,0.00,0.00,0.00,0.00,0.00,0.00,0.00,0.00,0.00,0.00,0.00,0.00,0.00,0.00,0.00,281243,468182,731104,293471,485302,749448,0,0,0,0,0,0,0,68397,0,85.39,85.57,85.73
14,0,0,0,0,97276,97276,97276,3,3,3,591,591,591,0.00,0.00,0.00,0.00,0.00,0.00,0.00,0.00,0.00,0.00,0.00,0.00,0.00,0.00,0.00,0.00,0.00,0.00,0.00,0.00,0.00,319695,510463,990521,338038,528806,1008864,0,0,0,0,0,0,0,88840,0,98.45,98.60,98.72
14,1,0,0,0,97273,97273,97273,7,7,7,591,591,591,0.00,0.00,0.00,0.00,0.00,0.00,0.00,0.00,0.00,0.00,0.00,0.00,0.00,0.00,0.00,0.00,0.00,0.00,0.00,0.00,0.00,211386,350445,539818,223615,368090,558162,0,0,0,0,0,0,0,71806,0,89.67,89.71,89.76
14,2,0,0,0,97271,97271,97271,8,8,8,591,591,591,0.00,0.00,0.00,0.00,0.00,0.00,0.00,0.00,0.00,0.00,0.00,0.00,0.00,0.00,0.00,0.00,0.00,0.00,0.00,0.00,0.00,319701,371577,440245,338045,389920,458588,0,0,0,0,0,0,0,75295,0,93.77,93.88,93.99
14,3,0,0,0,97268,97268,97268,11,11,11,591,591,591,0.00,0.00,0.00,0.00,0.00,0.00,0.00,0.00,0.00,0.00,0.00,0.00,0.00,0.00,0.00,0.00,0.00,0.00,0.00,0.00,0.00,419276,584362,998397,437620,602181,1016740,0,0,0,0,0,0,0,77185,0,85.28,85.52,85.69
15,0,0,0,0,97276,97276,97276,3,3,3,591,591,591,0.00,0.00,0.00,0.00,0.00,0.00,0.00,0.00,0.00,0.00,0.00,0.00,0.00,0.00,0.00,0.00,0.00,0.00,0.00,0.00,0.00,324931,2279374,4233818,343274,2397206,4451138,0,0,0,0,0,0,0,19705,0,98.69,98.72,98.75
15,1,0,0,0,97272,97272,97273,7,7,7,591,591,591,0.00,0.00,0.00,0.00,0.00,0.00,0.00,0.00,0.00,0.00,0.00,0.00,0.00,0.00,0.00,0.00,0.00,0.00,0.00,0.00,0.00,432371,1846560,3260750,453335,1974901,3496467,0,0,0,0,0,0,0,26968,0,89.77,89.80,89.82
15,2,0,0,0,97270,97270,97271,8,8,9,591,591,591,0.00,0.00,0.00,0.00,0.00,0.00,0.00,0.00,0.00,0.00,0.00,0.00,0.00,0.00,0.00,0.00,0.00,0.00,0.00,0.00,0.00,324943,355072,385202,343286,393068,442851,0,0,0,0,0,0,0,28272,0,93.99,94.05,94.11
15,3,0,0,0,97268,97268,97268,11,11,11,591,591,591,0.00,0.00,0.00,0.00,0.00,0.00,0.00,0.00,0.00,0.00,0.00,0.00,0.00,0.00,0.00,0.00,0.00,0.00,0.00,0.00,0.00,251566,341967,432368,361627,407479,453331,0,0,0,0,0,0,0,17277,0,85.73,85.83,85.94
18,0,0,0,0,97273,97273,97273,3,5,6,591,591,591,0.00,0.00,0.00,0.00,0.00,0.00,0.00,0.00,0.00,0.00,0.00,0.00,0.00,0.00,0.00,0.00,0.00,0.00,0.00,0.00,0.00,2470818,4718190,7804141,1808087,3573419,5818294,0,0,0,0,0,0,0,177194,0,98.33,98.51,98.61
18,1,0,0,0,97270,97270,97272,7,8,9,591,591,591,0.00,0.00,0.00,0.00,0.00,0.00,0.00,0.00,0.00,0.00,0.00,0.00,0.00,0.00,0.00,0.00,0.00,0.00,0.00,0.00,0.00,571252,3762860,8679475,628901,3810822,8873167,0,0,0,0,0,0,0,152478,0,89.68,89.74,89.81
18,2,0,0,0,97268,97269,97270,9,9,11,591,591,591,0.00,0.00,0.00,0.00,0.00,0.00,0.00,0.00,0.00,0.00,0.00,0.00,0.00,0.00,0.00,0.00,0.00,0.00,0.00,0.00,0.00,597479,3449211,7205291,387835,2827947,7376441,0,0,0,0,0,0,0,159468,0,93.62,93.91,94.06
18,3,0,0,0,97268,97268,97268,11,11,11,591,591,591,0.00,0.00,0.00,0.00,0.00,0.00,0.00,0.00,0.00,0.00,0.00,0.00,0.00,0.00,0.00,0.00,0.00,0.00,0.00,0.00,0.00,0,2415763,4674820,13100,2480560,4756053,0,0,0,0,0,0,0,154068,0,85.34,85.88,86.18
19,0,0,0,0,97273,97273,97273,6,6,6,591,591,591,0.00,0.00,0.00,0.00,0.00,0.00,0.00,0.00,0.00,0.00,0.00,0.00,0.00,0.00,0.00,0.00,0.00,0.00,0.00,0.00,0.00,1685801,1685801,1685801,83854,83854,83854,0,0,0,0,0,0,0,0,0,98.35,98.35,98.35
19,1,0,0,0,97270,97270,97270,9,9,9,591,591,591,0.00,0.00,0.00,0.00,0.00,0.00,0.00,0.00,0.00,0.00,0.00,0.00,0.00,0.00,0.00,0.00,0.00,0.00,0.00,0.00,0.00,3283203,3381169,3479135,3440545,3440545,3440545,0,0,0,0,0,0,0,0,0,89.71,89.71,89.71
19,2,0,0,0,97268,97268,97268,11,11,11,591,591,591,0.00,0.00,0.00,0.00,0.00,0.00,0.00,0.00,0.00,0.00,0.00,0.00,0.00,0.00,0.00,0.00,0.00,0.00,0.00,0.00,0.00,3575834,4373425,5171016,5312521,5312521,5312521,0,0,0,0,0,0,0,0,0,93.62,93.62,93.62
19,3,0,0,0,97268,97268,97268,11,11,11,591,591,591,0.00,0.00,0.00,0.00,0.00,0.00,0.00,0.00,0.00,0.00,0.00,0.00,0.00,0.00,0.00,0.00,0.00,0.00,0.00,0.00,0.00,3961970,4361925,4761880,4092025,4491882,4891740,0,0,0,0,0,0,0,0,0,85.38,85.38,85.38
21,0,0,0,0,97273,97273,97273,6,6,6,591,591,591,0.00,0.00,0.00,0.00,0.00,0.00,0.00,0.00,0.00,0.00,0.00,0.00,0.00,0.00,0.00,0.00,0.00,0.00,0.00,0.00,0.00,335416,1648908,3539956,348518,1727875,3581127,0,0,0,0,0,0,0,59366,0,98.41,98.56,98.79
21,1,0,0,0,97270,97270,97270,9,9,9,591,591,591,0.00,0.00,0.00,0.00,0.00,0.00,0.00,0.00,0.00,0.00,0.00,0.00,0.00,0.00,0.00,0.00,0.00,0.00,0.00,0.00,0.00,322317,1554547,3007531,335420,1634573,3051436,0,0,0,0,0,0,0,53820,0,89.68,89.74,89.78
21,2,0,0,0,97268,97268,97268,11,11,11,591,591,591,0.00,0.00,0.00,0.00,0.00,0.00,0.00,0.00,0.00,0.00,0.00,0.00,0.00,0.00,0.00,0.00,0.00,0.00,0.00,0.00,0.00,120542,1998369,3357043,133645,2080725,3485120,0,0,0,0,0,0,0,66069,0,93.66,93.86,94.18
21,3,0,0,0,97266,97266,97266,13,13,13,591,591,591,0.00,0.00,0.00,0.00,0.00,0.00,0.00,0.00,0.00,0.00,0.00,0.00,0.00,0.00,0.00,0.00,0.00,0.00,0.00,0.00,0.00,414034,3078945,5995221,429757,3169207,6056474,0,0,0,0,0,0,0,51879,0,85.42,85.70,86.07
22,0,0,0,0,97273,97273,97273,6,6,6,591,591,591,0.00,0.00,0.00,0.00,0.00,0.00,0.00,0.00,0.00,0.00,0.00,0.00,0.00,0.00,0.00,0.00,0.00,0.00,0.00,0.00,0.00,298648,360078,437840,314367,374192,453384,0,0,0,0,0,0,0,79041,0,98.73,98.87,98.99
22,1,0,0,0,97270,97270,97270,9,9,9,591,591,591,0.00,0.00,0.00,0.00,0.00,0.00,0.00,0.00,0.00,0.00,0.00,0.00,0.00,0.00,0.00,0.00,0.00,0.00,0.00,0.00,0.00,311788,355788,418972,322268,368868,434586,0,0,0,0,0,0,0,71753,0,89.63,89.66,89.71
22,2,0,0,0,97268,97268,97268,11,11,11,591,591,591,0.00,0.00,0.00,0.00,0.00,0.00,0.00,0.00,0.00,0.00,0.00,0.00,0.00,0.00,0.00,0.00,0.00,0.00,0.00,0.00,0.00,317698,396110,607956,330719,409140,618438,0,0,0,0,0,0,0,75247,0,94.05,94.32,94.46
22,3,0,0,0,97266,97266,97266,13,13,13,591,591,591,0.00,0.00,0.00,0.00,0.00,0.00,0.00,0.00,0.00,0.00,0.00,0.00,0.00,0.00,0.00,0.00,0.00,0.00,0.00,0.00,0.00,406171,491069,741549,421894,504695,757270,0,0,0,0,0,0,0,68944,0,86.23,86.49,86.68
23,0,0,0,0,97273,97273,97273,6,6,6,591,591,591,0.00,0.00,0.00,0.00,0.00,0.00,0.00,0.00,0.00,0.00,0.00,0.00,0.00,0.00,0.00,0.00,0.00,0.00,0.00,0.00,0.00,115298,429752,956465,131021,443379,969568,0,0,0,0,0,0,0,88578,0,98.38,98.50,98.61
23,1,0,0,0,97270,97270,97270,9,9,9,591,591,591,0.00,0.00,0.00,0.00,0.00,0.00,0.00,0.00,0.00,0.00,0.00,0.00,0.00,0.00,0.00,0.00,0.00,0.00,0.00,0.00,0.00,309214,380480,516222,322316,394630,529324,0,0,0,0,0,0,0,71838,0,89.75,89.79,89.82
23,2,0,0,0,97268,97268,97268,11,11,11,591,591,591,0.00,0.00,0.00,0.00,0.00,0.00,0.00,0.00,0.00,0.00,0.00,0.00,0.00,0.00,0.00,0.00,0.00,0.00,0.00,0.00,0.00,319703,345727,429763,332805,359947,442866,0,0,0,0,0,0,0,74860,0,93.55,93.68,93.90
23,3,0,0,0,97266,97266,97266,13,13,13,591,591,591,0.00,0.00,0.00,0.00,0.00,0.00,0.00,0.00,0.00,0.00,0.00,0.00,0.00,0.00,0.00,0.00,0.00,0.00,0.00,0.00,0.00,149366,481629,932882,162468,495255,948605,0,0,0,0,0,0,0,76884,0,85.39,85.52,85.81
24,0,0,0,0,97273,97273,97273,6,6,6,591,591,591,0.00,0.00,0.00,0.00,0.00,0.00,0.00,0.00,0.00,0.00,0.00,0.00,0.00,0.00,0.00,0.00,0.00,0.00,0.00,0.00,0.00,683925,2102421,3520918,754676,2155386,3556097,0,0,0,0,0,0,0,78656,0,98.27,98.28,98.28
24,1,0,0,0,97270,97270,97270,9,9,9,591,591,591,0.00,0.00,0.00,0.00,0.00,0.00,0.00,0.00,0.00,0.00,0.00,0.00,0.00,0.00,0.00,0.00,0.00,0.00,0.00,0.00,0.00,1270898,4116762,6962627,1341649,4184894,7028139,0,0,0,0,0,0,0,80745,0,89.68,89.69,89.71
24,2,0,0,0,97268,97268,97268,11,11,11,591,591,591,0.00,0.00,0.00,0.00,0.00,0.00,0.00,0.00,0.00,0.00,0.00,0.00,0.00,0.00,0.00,0.00,0.00,0.00,0.00,0.00,0.00,2323371,3078594,3833817,2347607,3137881,3928156,0,0,0,0,0,0,0,84291,0,93.65,93.66,93.67
24,3,0,0,0,97266,97266,97266,13,13,13,591,591,591,0.00,0.00,0.00,0.00,0.00,0.00,0.00,0.00,0.00,0.00,0.00,0.00,0.00,0.00,0.00,0.00,0.00,0.00,0.00,0.00,0.00,2095685,3205944,4316203,2121881,3268864,4415848,0,0,0,0,0,0,0,68166,0,85.25,85.31,85.37
25,0,0,0,0,97273,97273,97273,6,6,6,591,591,591,0.00,0.00,0.00,0.00,0.00,0.00,0.00,0.00,0.00,0.00,0.00,0.00,0.00,0.00,0.00,0.00,0.00,0.00,0.00,0.00,0.00,290823,391462,531955,306544,406099,547678,0,0,0,0,0,0,0,79015,0,98.27,98.34,98.48
25,1,0,0,0,97270,97270,97270,9,9,9,591,591,591,0.00,0.00,0.00,0.00,0.00,0.00,0.00,0.00,0.00,0.00,0.00,0.00,0.00,0.00,0.00,0.00,0.00,0.00,0.00,0.00,0.00,314361,374687,463817,327244,388793,479540,0,0,0,0,0,0,0,71764,0,89.60,89.67,89.73
25,2,0,0,0,97268,97268,97268,11,11,11,591,591,591,0.00,0.00,0.00,0.00,0.00,0.00,0.00,0.00,0.00,0.00,0.00,0.00,0.00,0.00,0.00,0.00,0.00,0.00,0.00,0.00,0.00,311842,463829,820216,324945,477980,833319,0,0,0,0,0,0,0,74969,0,93.59,93.64,93.69
25,3,0,0,0,97266,97266,97266,13,13,13,591,591,591,0.00,0.00,0.00,0.00,0.00,0.00,0.00,0.00,0.00,0.00,0.00,0.00,0.00,0.00,0.00,0.00,0.00,0.00,0.00,0.00,0.00,414032,471354,613029,427134,485453,626128,0,0,0,0,0,0,0,68469,0,85.30,85.41,85.52
26,0,0,0,0,97273,97273,97273,6,6,6,591,591,591,0.00,0.00,0.00,0.00,0.00,0.00,0.00,0.00,0.00,0.00,0.00,0.00,0.00,0.00,0.00,0.00,0.00,0.00,0.00,0.00,0.00,317073,511491,1034970,330175,531405,1079513,0,0,0,0,0,0,0,88524,0,98.39,98.49,98.59
26,1,0,0,0,97270,97270,97270,9,9,9,591,591,591,0.00,0.00,0.00,0.00,0.00,0.00,0.00,0.00,0.00,0.00,0.00,0.00,0.00,0.00,0.00,0.00,0.00,0.00,0.00,0.00,0.00,309210,484248,1082241,324933,504163,1126788,0,0,0,0,0,0,0,71890,0,89.73,89.81,89.85
26,2,0,0,0,97268,97268,97268,11,11,11,591,591,591,0.00,0.00,0.00,0.00,0.00,0.00,0.00,0.00,0.00,0.00,0.00,0.00,0.00,0.00,0.00,0.00,0.00,0.00,0.00,0.00,0.00,301256,532992,1268321,314354,552341,1310249,0,0,0,0,0,0,0,75011,0,93.69,93.75,93.83
26,3,0,0,0,97266,97266,97266,13,13,13,591,591,591,0.00,0.00,0.00,0.00,0.00,0.00,0.00,0.00,0.00,0.00,0.00,0.00,0.00,0.00,0.00,0.00,0.00,0.00,0.00,0.00,0.00,395692,641190,1403118,408795,660572,1447620,0,0,0,0,0,0,0,68170,0,85.20,85.31,85.53
27,0,0,0,0,97273,97273,97273,6,6,6,591,591,591,0.00,0.00,0.00,0.00,0.00,0.00,0.00,0.00,0.00,0.00,0.00,0.00,0.00,0.00,0.00,0.00,0.00,0.00,0.00,0.00,0.00,115298,455432,880460,128401,469059,893562,0,0,0,0,0,0,0,79086,0,98.41,98.58,98.85
27,1,0,0,0,97270,97270,97270,9,9,9,591,591,591,0.00,0.00,0.00,0.00,0.00,0.00,0.00,0.00,0.00,0.00,0.00,0.00,0.00,0.00,0.00,0.00,0.00,0.00,0.00,0.00,0.00,99577,335940,576495,112679,350614,592218,0,0,0,0,0,0,0,62873,0,89.72,89.78,89.84
27,2,0,0,0,97268,97268,97268,11,11,11,591,591,591,0.00,0.00,0.00,0.00,0.00,0.00,0.00,0.00,0.00,0.00,0.00,0.00,0.00,0.00,0.00,0.00,0.00,0.00,0.00,0.00,0.00,311831,368434,550280,324933,383108,568622,0,0,0,0,0,0,0,56295,0,93.70,93.75,93.79
27,3,0,0,0,97266,97266,97266,13,13,13,591,591,591,0.00,0.00,0.00,0.00,0.00,0.00,0.00,0.00,0.00,0.00,0.00,0.00,0.00,0.00,0.00,0.00,0.00,0.00,0.00,0.00,0.00,151987,459107,959096,165089,473257,972198,0,0,0,0,0,0,0,59744,0,85.18,85.30,85.36
28,0,0,0,0,97273,97273,97273,6,6,6,591,591,591,0.00,0.00,0.00,0.00,0.00,0.00,0.00,0.00,0.00,0.00,0.00,0.00,0.00,0.00,0.00,0.00,0.00,0.00,0.00,0.00,0.00,322280,443376,699669,335380,457526,712772,0,0,0,0,0,0,0,59060,0,98.47,98.73,98.90
28,1,0,0,0,97270,97270,97270,9,9,9,591,591,591,0.00,0.00,0.00,0.00,0.00,0.00,0.00,0.00,0.00,0.00,0.00,0.00,0.00,0.00,0.00,0.00,0.00,0.00,0.00,0.00,0.00,314452,451242,812356,327555,464868,822838,0,0,0,0,0,0,0,71789,0,89.78,89.81,89.86
28,2,0,0,0,97268,97268,97268,11,11,11,591,591,591,0.00,0.00,0.00,0.00,0.00,0.00,0.00,0.00,0.00,0.00,0.00,0.00,0.00,0.00,0.00,0.00,0.00,0.00,0.00,0.00,0.00,191297,401459,649883,204399,415085,665606,0,0,0,0,0,0,0,74949,0,93.73,93.78,93.81
28,3,0,0,0,97266,97266,97266,13,13,13,591,591,591,0.00,0.00,0.00,0.00,0.00,0.00,0.00,0.00,0.00,0.00,0.00,0.00,0.00,0.00,0.00,0.00,0.00,0.00,0.00,0.00,0.00,408794,470063,691801,421896,484149,710145,0,0,0,0,0,0,0,68172,0,85.21,85.29,85.39
29,0,0,0,0,97273,97273,97273,6,6,6,591,591,591,0.00,0.00,0.00,0.00,0.00,0.00,0.00,0.00,0.00,0.00,0.00,0.00,0.00,0.00,0.00,0.00,0.00,0.00,0.00,0.00,0.00,302331,339724,469066,313221,353336,484789,0,0,0,0,0,0,0,78900,0,98.32,98.39,98.49
29,1,0,0,0,97270,97270,97270,9,9,9,591,591,591,0.00,0.00,0.00,0.00,0.00,0.00,0.00,0.00,0.00,0.00,0.00,0.00,0.00,0.00,0.00,0.00,0.00,0.00,0.00,0.00,0.00,313154,350348,405461,323861,363896,420859,0,0,0,0,0,0,0,71930,0,89.76,89.80,89.84
29,2,0,0,0,97268,97268,97268,11,11,11,591,591,591,0.00,0.00,0.00,0.00,0.00,0.00,0.00,0.00,0.00,0.00,0.00,0.00,0.00,0.00,0.00,0.00,0.00,0.00,0.00,0.00,0.00,313178,340930,424519,326013,354461,440242,0,0,0,0,0,0,0,75028,0,93.66,93.68,93.72
29,3,0,0,0,97266,97266,97266,13,13,13,591,591,591,0.00,0.00,0.00,0.00,0.00,0.00,0.00,0.00,0.00,0.00,0.00,0.00,0.00,0.00,0.00,0.00,0.00,0.00,0.00,0.00,0.00,414031,506029,662971,429754,520193,673452,0,0,0,0,0,0,0,68274,0,85.16,85.28,85.39
30,0,0,0,0,97273,97273,97273,6,6,6,591,591,591,0.00,0.00,0.00,0.00,0.00,0.00,0.00,0.00,0.00,0.00,0.00,0.00,0.00,0.00,0.00,0.00,0.00,0.00,0.00,0.00,0.00,311831,533004,1032469,327553,546630,1048191,0,0,0,0,0,0,0,78751,0,98.49,98.57,98.64
30,1,0,0,0,97270,97270,97270,9,9,9,591,591,591,0.00,0.00,0.00,0.00,0.00,0.00,0.00,0.00,0.00,0.00,0.00,0.00,0.00,0.00,0.00,0.00,0.00,0.00,0.00,0.00,0.00,316511,376168,592202,329590,389789,605304,0,0,0,0,0,0,0,80872,0,89.86,89.88,89.90
30,2,0,0,0,97268,97268,97268,11,11,11,591,591,591,0.00,0.00,0.00,0.00,0.00,0.00,0.00,0.00,0.00,0.00,0.00,0.00,0.00,0.00,0.00,0.00,0.00,0.00,0.00,0.00,0.00,307747,393828,542440,321128,407511,552922,0,0,0,0,0,0,0,74913,0,93.64,93.69,93.72
30,3,0,0,0,97266,97266,97266,13,13,13,591,591,591,0.00,0.00,0.00,0.00,0.00,0.00,0.00,0.00,0.00,0.00,0.00,0.00,0.00,0.00,0.00,0.00,0.00,0.00,0.00,0.00,0.00,406162,479015,560775,419264,492642,573878,0,0,0,0,0,0,0,77072,0,85.46,85.56,85.67
31,0,0,0,0,97273,97273,97273,6,6,6,591,591,591,0.00,0.00,0.00,0.00,0.00,0.00,0.00,0.00,0.00,0.00,0.00,0.00,0.00,0.00,0.00,0.00,0.00,0.00,0.00,0.00,0.00,235843,377861,686556,246324,390439,697038,0,0,0,0,0,0,0,78945,0,98.38,98.43,98.50
31,1,0,0,0,97270,97270,97270,9,9,9,591,591,591,0.00,0.00,0.00,0.00,0.00,0.00,0.00,0.00,0.00,0.00,0.00,0.00,0.00,0.00,0.00,0.00,0.00,0.00,0.00,0.00,0.00,317068,449657,830658,330170,463283,846380,0,0,0,0,0,0,0,71792,0,89.80,89.84,89.87
31,2,0,0,0,97268,97268,97268,11,11,11,591,591,591,0.00,0.00,0.00,0.00,0.00,0.00,0.00,0.00,0.00,0.00,0.00,0.00,0.00,0.00,0.00,0.00,0.00,0.00,0.00,0.00,0.00,330184,474301,628920,345907,488451,639403,0,0,0,0,0,0,0,84195,0,93.55,93.61,93.65
31,3,0,0,0,97266,97266,97266,13,13,13,591,591,591,0.00,0.00,0.00,0.00,0.00,0.00,0.00,0.00,0.00,0.00,0.00,0.00,0.00,0.00,0.00,0.00,0.00,0.00,0.00,0.00,0.00,272524,488441,867370,281259,501194,880472,0,0,0,0,0,0,0,68292,0,85.34,85.40,85.49
32,0,0,0,0,97273,97273,97273,6,6,6,591,591,591,0.00,0.00,0.00,0.00,0.00,0.00,0.00,0.00,0.00,0.00,0.00,0.00,0.00,0.00,0.00,0.00,0.00,0.00,0.00,0.00,0.00,302916,389644,594848,315644,403232,610571,0,0,0,0,0,0,0,79134,0,98.44,98.55,98.62
32,1,0,0,0,97270,97270,97270,9,9,9,591,591,591,0.00,0.00,0.00,0.00,0.00,0.00,0.00,0.00,0.00,0.00,0.00,0.00,0.00,0.00,0.00,0.00,0.00,0.00,0.00,0.00,0.00,301223,412793,596846,309733,426015,612216,0,0,0,0,0,0,0,71804,0,89.68,89.72,89.75
32,2,0,0,0,97268,97268,97268,11,11,11,591,591,591,0.00,0.00,0.00,0.00,0.00,0.00,0.00,0.00,0.00,0.00,0.00,0.00,0.00,0.00,0.00,0.00,0.00,0.00,0.00,0.00,0.00,311839,338044,416659,324946,351671,429761,0,0,0,0,0,0,0,75001,0,93.56,93.62,93.68
32,3,0,0,0,97266,97266,97266,13,13,13,591,591,591,0.00,0.00,0.00,0.00,0.00,0.00,0.00,0.00,0.00,0.00,0.00,0.00,0.00,0.00,0.00,0.00,0.00,0.00,0.00,0.00,0.00,404003,502915,643217,419249,517020,656082,0,0,0,0,0,0,0,68242,0,85.32,85.40,85.50
33,0,0,0,0,97273,97273,97273,6,6,6,591,591,591,0.00,0.00,0.00,0.00,0.00,0.00,0.00,0.00,0.00,0.00,0.00,0.00,0.00,0.00,0.00,0.00,0.00,0.00,0.00,0.00,0.00,314456,545568,995775,327559,559718,1008877,0,0,0,0,0,0,0,88995,0,98.61,98.69,98.73
33,1,0,0,0,97270,97270,97270,9,9,9,591,591,591,0.00,0.00,0.00,0.00,0.00,0.00,0.00,0.00,0.00,0.00,0.00,0.00,0.00,0.00,0.00,0.00,0.00,0.00,0.00,0.00,0.00,314449,339602,419259,327552,353228,432361,0,0,0,0,0,0,0,71767,0,89.66,89.70,89.73
33,2,0,0,0,97268,97268,97268,11,11,11,591,591,591,0.00,0.00,0.00,0.00,0.00,0.00,0.00,0.00,0.00,0.00,0.00,0.00,0.00,0.00,0.00,0.00,0.00,0.00,0.00,0.00,0.00,213134,323035,455886,221869,335736,468986,0,0,0,0,0,0,0,74958,0,93.55,93.59,93.64
33,3,0,0,0,97266,97266,97266,13,13,13,591,591,591,0.00,0.00,0.00,0.00,0.00,0.00,0.00,0.00,0.00,0.00,0.00,0.00,0.00,0.00,0.00,0.00,0.00,0.00,0.00,0.00,0.00,406165,451231,573880,419267,464333,592223,0,0,0,0,0,0,0,76566,0,85.11,85.24,85.32
34,0,0,0,0,97273,97273,97273,6,6,6,591,591,591,0.00,0.00,0.00,0.00,0.00,0.00,0.00,0.00,0.00,0.00,0.00,0.00,0.00,0.00,0.00,0.00,0.00,0.00,0.00,0.00,0.00,314454,422547,715384,327557,436305,725866,0,0,0,0,0,0,0,59383,0,98.71,98.78,98.85
34,1,0,0,0,97270,97270,97270,9,9,9,591,591,591,0.00,0.00,0.00,0.00,0.00,0.00,0.00,0.00,0.00,0.00,0.00,0.00,0.00,0.00,0.00,0.00,0.00,0.00,0.00,0.00,0.00,319689,476910,914513,332791,490667,930236,0,0,0,0,0,0,0,54025,0,89.75,89.84,89.96
34,2,0,0,0,97268,97268,97268,11,11,11,591,591,591,0.00,0.00,0.00,0.00,0.00,0.00,0.00,0.00,0.00,0.00,0.00,0.00,0.00,0.00,0.00,0.00,0.00,0.00,0.00,0.00,0.00,327532,494608,712763,340633,508366,723245,0,0,0,0,0,0,0,65652,0,93.73,93.78,93.81
34,3,0,0,0,97266,97266,97266,13,13,13,591,591,591,0.00,0.00,0.00,0.00,0.00,0.00,0.00,0.00,0.00,0.00,0.00,0.00,0.00,0.00,0.00,0.00,0.00,0.00,0.00,0.00,0.00,419274,580432,940742,432376,594189,953844,0,0,0,0,0,0,0,51222,0,85.17,85.22,85.25
35,0,0,0,0,97273,97273,97273,6,6,6,591,591,591,0.00,0.00,0.00,0.00,0.00,0.00,0.00,0.00,0.00,0.00,0.00,0.00,0.00,0.00,0.00,0.00,0.00,0.00,0.00,0.00,0.00,205529,414784,843789,214165,428565,859512,0,0,0,0,0,0,0,78964,0,98.75,98.88,98.98
35,1,0,0,0,97270,97270,97270,9,9,9,591,591,591,0.00,0.00,0.00,0.00,0.00,0.00,0.00,0.00,0.00,0.00,0.00,0.00,0.00,0.00,0.00,0.00,0.00,0.00,0.00,0.00,0.00,317071,389914,466432,332794,404064,479534,0,0,0,0,0,0,0,71996,0,90.05,90.10,90.13
35,2,0,0,0,97268,97268,97268,11,11,11,591,591,591,0.00,0.00,0.00,0.00,0.00,0.00,0.00,0.00,0.00,0.00,0.00,0.00,0.00,0.00,0.00,0.00,0.00,0.00,0.00,0.00,0.00,317080,351145,424517,332795,365295,440239,0,0,0,0,0,0,0,75072,0,93.85,93.88,93.91
35,3,0,0,0,97266,97266,97266,13,13,13,591,591,591,0.00,0.00,0.00,0.00,0.00,0.00,0.00,0.00,0.00,0.00,0.00,0.00,0.00,0.00,0.00,0.00,0.00,0.00,0.00,0.00,0.00,277726,465388,652498,288207,479015,665601,0,0,0,0,0,0,0,68307,0,85.34,85.40,85.45
36,0,0,0,0,97273,97273,97273,6,6,6,591,591,591,0.00,0.00,0.00,0.00,0.00,0.00,0.00,0.00,0.00,0.00,0.00,0.00,0.00,0.00,0.00,0.00,0.00,0.00,0.00,0.00,0.00,305022,553769,1234208,318401,567397,1249930,0,0,0,0,0,0,0,88624,0,98.35,98.43,98.64
36,1,0,0,0,97270,97270,97270,9,9,9,591,591,591,0.00,0.00,0.00,0.00,0.00,0.00,0.00,0.00,0.00,0.00,0.00,0.00,0.00,0.00,0.00,0.00,0.00,0.00,0.00,0.00,0.00,200853,348819,545042,209586,361520,558144,0,0,0,0,0,0,0,71788,0,89.73,89.83,89.95
36,2,0,0,0,97268,97268,97268,11,11,11,591,591,591,0.00,0.00,0.00,0.00,0.00,0.00,0.00,0.00,0.00,0.00,0.00,0.00,0.00,0.00,0.00,0.00,0.00,0.00,0.00,0.00,0.00,306563,338562,419280,322284,352712,432382,0,0,0,0,0,0,0,74918,0,93.67,93.72,93.80
36,3,0,0,0,97266,97266,97266,13,13,13,591,591,591,0.00,0.00,0.00,0.00,0.00,0.00,0.00,0.00,0.00,0.00,0.00,0.00,0.00,0.00,0.00,0.00,0.00,0.00,0.00,0.00,0.00,411415,443896,547672,427133,457522,560775,0,0,0,0,0,0,0,76668,0,85.17,85.22,85.31
37,0,0,0,0,97273,97273,97273,6,6,6,591,591,591,0.00,0.00,0.00,0.00,0.00,0.00,0.00,0.00,0.00,0.00,0.00,0.00,0.00,0.00,0.00,0.00,0.00,0.00,0.00,0.00,0.00,309217,452811,702268,322320,466962,717990,0,0,0,0,0,0,0,78790,0,98.46,98.54,98.61
37,1,0,0,0,97270,97270,97270,9,9,9,591,591,591,0.00,0.00,0.00,0.00,0.00,0.00,0.00,0.00,0.00,0.00,0.00,0.00,0.00,0.00,0.00,0.00,0.00,0.00,0.00,0.00,0.00,317067,394106,579107,330169,408780,594829,0,0,0,0,0,0,0,80831,0,89.72,89.75,89.76
37,2,0,0,0,97268,97268,97268,11,11,11,591,591,591,0.00,0.00,0.00,0.00,0.00,0.00,0.00,0.00,0.00,0.00,0.00,0.00,0.00,0.00,0.00,0.00,0.00,0.00,0.00,0.00,0.00,314462,375951,539826,330183,389053,552928,0,0,0,0,0,0,0,84203,0,93.60,93.66,93.71
37,3,0,0,0,97266,97266,97266,13,13,13,591,591,591,0.00,0.00,0.00,0.00,0.00,0.00,0.00,0.00,0.00,0.00,0.00,0.00,0.00,0.00,0.00,0.00,0.00,0.00,0.00,0.00,0.00,416650,538239,904057,429752,551866,919780,0,0,0,0,0,0,0,68113,0,85.06,85.17,85.23
38,0,0,0,0,97273,97273,97273,6,6,6,591,591,591,0.00,0.00,0.00,0.00,0.00,0.00,0.00,0.00,0.00,0.00,0.00,0.00,0.00,0.00,0.00,0.00,0.00,0.00,0.00,0.00,0.00,309186,366858,581741,322287,380484,597464,0,0,0,0,0,0,0,79873,0,98.40,98.83,99.26
38,1,0,0,0,97270,97270,97270,9,9,9,591,591,591,0.00,0.00,0.00,0.00,0.00,0.00,0.00,0.00,0.00,0.00,0.00,0.00,0.00,0.00,0.00,0.00,0.00,0.00,0.00,0.00,0.00,317067,417166,649855,327549,430792,665578,0,0,0,0,0,0,0,72264,0,89.83,89.98,90.14
38,2,0,0,0,97268,97268,97268,11,11,11,591,591,591,0.00,0.00,0.00,0.00,0.00,0.00,0.00,0.00,0.00,0.00,0.00,0.00,0.00,0.00,0.00,0.00,0.00,0.00,0.00,0.00,0.00,314463,447057,602720,327566,461208,618444,0,0,0,0,0,0,0,75902,0,93.64,94.06,94.46
38,3,0,0,0,97266,97266,97266,13,13,13,591,591,591,0.00,0.00,0.00,0.00,0.00,0.00,0.00,0.00,0.00,0.00,0.00,0.00,0.00,0.00,0.00,0.00,0.00,0.00,0.00,0.00,0.00,419275,523846,749451,432377,538459,762553,0,0,0,0,0,0,0,68597,0,85.16,85.42,85.55
39,0,0,0,0,97273,97273,97273,6,6,6,591,591,591,0.00,0.00,0.00,0.00,0.00,0.00,0.00,0.00,0.00,0.00,0.00,0.00,0.00,0.00,0.00,0.00,0.00,0.00,0.00,0.00,0.00,205936,341442,436419,214662,354206,449255,0,0,0,0,0,0,0,89391,0,99.04,99.20,99.46
39,1,0,0,0,97270,97270,97270,9,9,9,591,591,591,0.00,0.00,0.00,0.00,0.00,0.00,0.00,0.00,0.00,0.00,0.00,0.00,0.00,0.00,0.00,0.00,0.00,0.00,0.00,0.00,0.00,207737,389533,628905,216393,402794,642007,0,0,0,0,0,0,0,72288,0,90.15,90.22,90.31
39,2,0,0,0,97268,97268,97268,11,11,11,591,591,591,0.00,0.00,0.00,0.00,0.00,0.00,0.00,0.00,0.00,0.00,0.00,0.00,0.00,0.00,0.00,0.00,0.00,0.00,0.00,0.00,0.00,322321,346421,416610,335423,360048,429711,0,0,0,0,0,0,0,75773,0,94.37,94.53,94.75
39,3,0,0,0,97266,97266,97266,13,13,13,591,591,591,0.00,0.00,0.00,0.00,0.00,0.00,0.00,0.00,0.00,0.00,0.00,0.00,0.00,0.00,0.00,0.00,0.00,0.00,0.00,0.00,0.00,279515,398102,479546,288250,410854,492648,0,0,0,0,0,0,0,68377,0,85.38,85.52,85.71
40,0,0,0,0,97273,97273,97273,6,6,6,591,591,591,0.00,0.00,0.00,0.00,0.00,0.00,0.00,0.00,0.00,0.00,0.00,0.00,0.00,0.00,0.00,0.00,0.00,0.00,0.00,0.00,0.00,314455,470110,980056,330178,483737,995779,0,0,0,0,0,0,0,78955,0,98.76,99.08,99.30
40,1,0,0,0,97270,97270,97270,9,9,9,591,591,591,0.00,0.00,0.00,0.00,0.00,0.00,0.00,0.00,0.00,0.00,0.00,0.00,0.00,0.00,0.00,0.00,0.00,0.00,0.00,0.00,0.00,319689,393583,537181,335411,407209,550283,0,0,0,0,0,0,0,80808,0,89.87,90.08,90.31
40,2,0,0,0,97268,97268,97268,11,11,11,591,591,591,0.00,0.00,0.00,0.00,0.00,0.00,0.00,0.00,0.00,0.00,0.00,0.00,0.00,0.00,0.00,0.00,0.00,0.00,0.00,0.00,0.00,270790,316730,348528,279525,330007,361631,0,0,0,0,0,0,0,56248,0,93.98,94.28,94.47
40,3,0,0,0,97266,97266,97266,13,13,13,591,591,591,0.00,0.00,0.00,0.00,0.00,0.00,0.00,0.00,0.00,0.00,0.00,0.00,0.00,0.00,0.00,0.00,0.00,0.00,0.00,0.00,0.00,427133,602181,1134672,442856,616331,1147774,0,0,0,0,0,0,0,51118,0,85.28,85.48,85.63
41,0,0,0,0,97273,97273,97273,6,6,6,591,591,591,0.00,0.00,0.00,0.00,0.00,0.00,0.00,0.00,0.00,0.00,0.00,0.00,0.00,0.00,0.00,0.00,0.00,0.00,0.00,0.00,0.00,317042,398955,602705,332763,413367,615807,0,0,0,0,0,0,0,59130,0,98.47,98.54,98.64
41,1,0,0,0,97270,97270,97270,9,9,9,591,591,591,0.00,0.00,0.00,0.00,0.00,0.00,0.00,0.00,0.00,0.00,0.00,0.00,0.00,0.00,0.00,0.00,0.00,0.00,0.00,0.00,0.00,335408,514244,930241,348510,528001,945964,0,0,0,0,0,0,0,53745,0,89.69,89.72,89.75
41,2,0,0,0,97268,97268,97268,11,11,11,591,591,591,0.00,0.00,0.00,0.00,0.00,0.00,0.00,0.00,0.00,0.00,0.00,0.00,0.00,0.00,0.00,0.00,0.00,0.00,0.00,0.00,0.00,332804,487403,754703,345907,500505,767806,0,0,0,0,0,0,0,84379,0,93.70,93.73,93.78
41,3,0,0,0,97266,97266,97266,13,13,13,591,591,591,0.00,0.00,0.00,0.00,0.00,0.00,0.00,0.00,0.00,0.00,0.00,0.00,0.00,0.00,0.00,0.00,0.00,0.00,0.00,0.00,0.00,424516,500490,607866,434998,513592,620967,0,0,0,0,0,0,0,68083,0,85.09,85.19,85.30
42,0,0,0,0,97273,97273,97273,6,6,6,591,591,591,0.00,0.00,0.00,0.00,0.00,0.00,0.00,0.00,0.00,0.00,0.00,0.00,0.00,0.00,0.00,0.00,0.00,0.00,0.00,0.00,0.00,286710,369697,600071,295346,381906,610553,0,0,0,0,0,0,0,79058,0,98.47,98.58,98.65
42,1,0,0,0,97270,97270,97270,9,9,9,591,591,591,0.00,0.00,0.00,0.00,0.00,0.00,0.00,0.00,0.00,0.00,0.00,0.00,0.00,0.00,0.00,0.00,0.00,0.00,0.00,0.00,0.00,319690,375766,455948,332792,389392,469050,0,0,0,0,0,0,0,71825,0,89.66,89.70,89.75
42,2,0,0,0,97268,97268,97268,11,11,11,591,591,591,0.00,0.00,0.00,0.00,0.00,0.00,0.00,0.00,0.00,0.00,0.00,0.00,0.00,0.00,0.00,0.00,0.00,0.00,0.00,0.00,0.00,317081,352194,442866,332800,365820,455969,0,0,0,0,0,0,0,75053,0,93.69,93.75,93.78
42,3,0,0,0,97266,97266,97266,13,13,13,591,591,591,0.00,0.00,0.00,0.00,0.00,0.00,0.00,0.00,0.00,0.00,0.00,0.00,0.00,0.00,0.00,0.00,0.00,0.00,0.00,0.00,0.00,405338,452126,518860,418247,466238,531962,0,0,0,0,0,0,0,68137,0,85.02,85.14,85.22
43,0,0,0,0,97273,97273,97273,6,6,6,591,591,591,0.00,0.00,0.00,0.00,0.00,0.00,0.00,0.00,0.00,0.00,0.00,0.00,0.00,0.00,0.00,0.00,0.00,0.00,0.00,0.00,0.00,318721,540826,1014108,334791,554466,1027210,0,0,0,0,0,0,0,88830,0,98.61,98.64,98.68
43,1,0,0,0,97270,97270,97270,9,9,9,591,591,591,0.00,0.00,0.00,0.00,0.00,0.00,0.00,0.00,0.00,0.00,0.00,0.00,0.00,0.00,0.00,0.00,0.00,0.00,0.00,0.00,0.00,213126,342925,508357,220114,355853,521459,0,0,0,0,0,0,0,71898,0,89.74,89.80,89.86
43,2,0,0,0,97268,97268,97268,11,11,11,591,591,591,0.00,0.00,0.00,0.00,0.00,0.00,0.00,0.00,0.00,0.00,0.00,0.00,0.00,0.00,0.00,0.00,0.00,0.00,0.00,0.00,0.00,303887,335444,411612,316985,349562,424556,0,0,0,0,0,0,0,75040,0,93.66,93.69,93.72
43,3,0,0,0,97266,97266,97266,13,13,13,591,591,591,0.00,0.00,0.00,0.00,0.00,0.00,0.00,0.00,0.00,0.00,0.00,0.00,0.00,0.00,0.00,0.00,0.00,0.00,0.00,0.00,0.00,291745,448259,571261,300480,461011,584363,0,0,0,0,0,0,0,76626,0,85.04,85.10,85.16
45,0,0,0,0,97273,97273,97273,6,6,6,591,591,591,0.00,0.00,0.00,0.00,0.00,0.00,0.00,0.00,0.00,0.00,0.00,0.00,0.00,0.00,0.00,0.00,0.00,0.00,0.00,0.00,0.00,306592,416390,788766,322315,430802,804489,0,0,0,0,0,0,0,177622,0,98.58,98.63,98.66
45,1,0,0,0,97270,97270,97270,9,9,9,591,591,591,0.00,0.00,0.00,0.00,0.00,0.00,0.00,0.00,0.00,0.00,0.00,0.00,0.00,0.00,0.00,0.00,0.00,0.00,0.00,0.00,0.00,319658,392269,644618,330170,406419,657720,0,0,0,0,0,0,0,170629,0,89.67,89.74,89.82
45,2,0,0,0,97268,97268,97268,11,11,11,591,591,591,0.00,0.00,0.00,0.00,0.00,0.00,0.00,0.00,0.00,0.00,0.00,0.00,0.00,0.00,0.00,0.00,0.00,0.00,0.00,0.00,0.00,317085,401632,636785,332808,415084,649888,0,0,0,0,0,0,0,178355,0,93.70,93.81,93.91
45,3,0,0,0,97266,97266,97266,13,13,13,591,591,591,0.00,0.00,0.00,0.00,0.00,0.00,0.00,0.00,0.00,0.00,0.00,0.00,0.00,0.00,0.00,0.00,0.00,0.00,0.00,0.00,0.00,408796,505750,864752,421899,519639,877854,0,0,0,0,0,0,0,153337,0,85.10,85.22,85.38
46,0,0,0,0,97273,97273,97273,6,6,6,591,591,591,0.00,0.00,0.00,0.00,0.00,0.00,0.00,0.00,0.00,0.00,0.00,0.00,0.00,0.00,0.00,0.00,0.00,0.00,0.00,0.00,0.00,200602,480278,1008878,207519,493179,1021980,0,0,0,0,0,0,0,88642,0,98.28,98.39,98.51
46,1,0,0,0,97270,97270,97270,9,9,9,591,591,591,0.00,0.00,0.00,0.00,0.00,0.00,0.00,0.00,0.00,0.00,0.00,0.00,0.00,0.00,0.00,0.00,0.00,0.00,0.00,0.00,0.00,209632,413496,636763,218367,425724,647244,0,0,0,0,0,0,0,71871,0,89.78,89.80,89.83
46,2,0,0,0,97268,97268,97268,11,11,11,591,591,591,0.00,0.00,0.00,0.00,0.00,0.00,0.00,0.00,0.00,0.00,0.00,0.00,0.00,0.00,0.00,0.00,0.00,0.00,0.00,0.00,0.00,319699,348269,421901,335422,361885,435004,0,0,0,0,0,0,0,74931,0,93.63,93.75,93.87
46,3,0,0,0,97266,97266,97266,13,13,13,591,591,591,0.00,0.00,0.00,0.00,0.00,0.00,0.00,0.00,0.00,0.00,0.00,0.00,0.00,0.00,0.00,0.00,0.00,0.00,0.00,0.00,0.00,310935,416435,521467,317923,429885,537190,0,0,0,0,0,0,0,76755,0,85.19,85.29,85.36
47,0,0,0,0,97273,97273,97273,6,6,6,591,591,591,0.00,0.00,0.00,0.00,0.00,0.00,0.00,0.00,0.00,0.00,0.00,0.00,0.00,0.00,0.00,0.00,0.00,0.00,0.00,0.00,0.00,314451,447572,689184,327553,461199,702287,0,0,0,0,0,0,0,78818,0,98.26,98.32,98.37
47,1,0,0,0,97270,97270,97270,9,9,9,591,591,591,0.00,0.00,0.00,0.00,0.00,0.00,0.00,0.00,0.00,0.00,0.00,0.00,0.00,0.00,0.00,0.00,0.00,0.00,0.00,0.00,0.00,314447,393058,581728,330170,407732,600070,0,0,0,0,0,0,0,62759,0,89.61,89.67,89.74
47,2,0,0,0,97268,97268,97268,11,11,11,591,591,591,0.00,0.00,0.00,0.00,0.00,0.00,0.00,0.00,0.00,0.00,0.00,0.00,0.00,0.00,0.00,0.00,0.00,0.00,0.00,0.00,0.00,209644,387827,571248,220126,401454,586970,0,0,0,0,0,0,0,56125,0,93.59,93.63,93.64
47,3,0,0,0,97266,97266,97266,13,13,13,591,591,591,0.00,0.00,0.00,0.00,0.00,0.00,0.00,0.00,0.00,0.00,0.00,0.00,0.00,0.00,0.00,0.00,0.00,0.00,0.00,0.00,0.00,414032,561825,909291,427134,575976,925014,0,0,0,0,0,0,0,51104,0,85.18,85.23,85.31
48,0,0,0,0,97273,97273,97273,6,6,6,591,591,591,0.00,0.00,0.00,0.00,0.00,0.00,0.00,0.00,0.00,0.00,0.00,0.00,0.00,0.00,0.00,0.00,0.00,0.00,0.00,0.00,0.00,306593,384535,571190,322315,398947,584291,0,0,0,0,0,0,0,59084,0,98.37,98.43,98.45
48,1,0,0,0,97270,97270,97270,9,9,9,591,591,591,0.00,0.00,0.00,0.00,0.00,0.00,0.00,0.00,0.00,0.00,0.00,0.00,0.00,0.00,0.00,0.00,0.00,0.00,0.00,0.00,0.00,324931,423195,647241,335413,436952,660343,0,0,0,0,0,0,0,71820,0,89.61,89.63,89.64
48,2,0,0,0,97268,97268,97268,11,11,11,591,591,591,0.00,0.00,0.00,0.00,0.00,0.00,0.00,0.00,0.00,0.00,0.00,0.00,0.00,0.00,0.00,0.00,0.00,0.00,0.00,0.00,0.00,324940,479550,660362,338042,492652,673465,0,0,0,0,0,0,0,74775,0,93.49,93.53,93.56
48,3,0,0,0,97266,97266,97266,13,13,13,591,591,591,0.00,0.00,0.00,0.00,0.00,0.00,0.00,0.00,0.00,0.00,0.00,0.00,0.00,0.00,0.00,0.00,0.00,0.00,0.00,0.00,0.00,421897,539156,793978,435000,552913,809700,0,0,0,0,0,0,0,68237,0,85.24,85.30,85.37
49,0,0,0,0,97273,97273,97273,6,6,6,591,591,591,0.00,0.00,0.00,0.00,0.00,0.00,0.00,0.00,0.00,0.00,0.00,0.00,0.00,0.00,0.00,0.00,0.00,0.00,0.00,0.00,0.00,215097,318692,432377,223701,331419,448099,0,0,0,0,0,0,0,88610,0,98.36,98.41,98.45
49,1,0,0,0,97270,97270,97270,9,9,9,591,591,591,0.00,0.00,0.00,0.00,0.00,0.00,0.00,0.00,0.00,0.00,0.00,0.00,0.00,0.00,0.00,0.00,0.00,0.00,0.00,0.00,0.00,327558,419260,626284,343281,433410,639386,0,0,0,0,0,0,0,71743,0,89.67,89.68,89.70
49,2,0,0,0,97268,97268,97268,11,11,11,591,591,591,0.00,0.00,0.00,0.00,0.00,0.00,0.00,0.00,0.00,0.00,0.00,0.00,0.00,0.00,0.00,0.00,0.00,0.00,0.00,0.00,0.00,319701,346419,429713,335424,360045,442814,0,0,0,0,0,0,0,74868,0,93.52,93.57,93.61
49,3,0,0,0,97266,97266,97266,13,13,13,591,591,591,0.00,0.00,0.00,0.00,0.00,0.00,0.00,0.00,0.00,0.00,0.00,0.00,0.00,0.00,0.00,0.00,0.00,0.00,0.00,0.00,0.00,281264,408289,497880,291745,421353,510982,0,0,0,0,0,0,0,68000,0,85.08,85.21,85.33
50,0,0,0,0,97273,97273,97273,6,6,6,591,591,591,0.00,0.00,0.00,0.00,0.00,0.00,0.00,0.00,0.00,0.00,0.00,0.00,0.00,0.00,0.00,0.00,0.00,0.00,0.00,0.00,0.00,0,451244,904063,26204,467491,914545,0,0,0,0,0,0,0,78596,0,98.18,98.30,98.40
50,1,0,0,0,97270,97270,97270,9,9,9,591,591,591,0.00,0.00,0.00,0.00,0.00,0.00,0.00,0.00,0.00,0.00,0.00,0.00,0.00,0.00,0.00,0.00,0.00,0.00,0.00,0.00,0.00,322306,387854,553081,338028,401397,565766,0,0,0,0,0,0,0,71871,0,89.65,89.70,89.73
50,2,0,0,0,97268,97268,97268,11,11,11,591,591,591,0.00,0.00,0.00,0.00,0.00,0.00,0.00,0.00,0.00,0.00,0.00,0.00,0.00,0.00,0.00,0.00,0.00,0.00,0.00,0.00,0.00,322325,382067,547668,338048,396741,560770,0,0,0,0,0,0,0,74775,0,93.55,93.56,93.59
50,3,0,0,0,97266,97266,97266,13,13,13,591,591,591,0.00,0.00,0.00,0.00,0.00,0.00,0.00,0.00,0.00,0.00,0.00,0.00,0.00,0.00,0.00,0.00,0.00,0.00,0.00,0.00,0.00,419273,540336,796614,432375,553438,809717,0,0,0,0,0,0,0,76830,0,84.96,85.10,85.26
51,0,0,0,0,97273,97273,97273,6,6,6,591,591,591,0.00,0.00,0.00,0.00,0.00,0.00,0.00,0.00,0.00,0.00,0.00,0.00,0.00,0.00,0.00,0.00,0.00,0.00,0.00,0.00,0.00,317076,405640,715396,330179,418742,728498,0,0,0,0,0,0,0,78815,0,98.13,98.25,98.36
51,1,0,0,0,97270,97270,97270,9,9,9,591,591,591,0.00,0.00,0.00,0.00,0.00,0.00,0.00,0.00,0.00,0.00,0.00,0.00,0.00,0.00,0.00,0.00,0.00,0.00,0.00,0.00,0.00,133639,347449,694327,149362,361074,707428,0,0,0,0,0,0,0,71886,0,89.74,89.76,89.77
51,2,0,0,0,97268,97268,97268,11,11,11,591,591,591,0.00,0.00,0.00,0.00,0.00,0.00,0.00,0.00,0.00,0.00,0.00,0.00,0.00,0.00,0.00,0.00,0.00,0.00,0.00,0.00,0.00,165091,365806,691737,178193,378908,704838,0,0,0,0,0,0,0,84194,0,93.48,93.52,93.55
51,3,0,0,0,97266,97266,97266,13,13,13,591,591,591,0.00,0.00,0.00,0.00,0.00,0.00,0.00,0.00,0.00,0.00,0.00,0.00,0.00,0.00,0.00,0.00,0.00,0.00,0.00,0.00,0.00,419267,482149,586917,432369,496299,602638,0,0,0,0,0,0,0,68108,0,85.18,85.25,85.37
52,0,0,0,0,97273,97273,97273,6,6,6,591,591,591,0.00,0.00,0.00,0.00,0.00,0.00,0.00,0.00,0.00,0.00,0.00,0.00,0.00,0.00,0.00,0.00,0.00,0.00,0.00,0.00,0.00,311827,391496,586986,322309,404598,602709,0,0,0,0,0,0,0,78845,0,98.39,98.43,98.46
52,1,0,0,0,97270,97270,97270,9,9,9,591,591,591,0.00,0.00,0.00,0.00,0.00,0.00,0.00,0.00,0.00,0.00,0.00,0.00,0.00,0.00,0.00,0.00,0.00,0.00,0.00,0.00,0.00,317066,376289,482150,332788,389915,492632,0,0,0,0,0,0,0,71931,0,89.75,89.78,89.80
52,2,0,0,0,97268,97268,97268,11,11,11,591,591,591,0.00,0.00,0.00,0.00,0.00,0.00,0.00,0.00,0.00,0.00,0.00,0.00,0.00,0.00,0.00,0.00,0.00,0.00,0.00,0.00,0.00,319701,368443,453348,332803,382593,469071,0,0,0,0,0,0,0,74905,0,93.50,93.55,93.59
52,3,0,0,0,97266,97266,97266,13,13,13,591,591,591,0.00,0.00,0.00,0.00,0.00,0.00,0.00,0.00,0.00,0.00,0.00,0.00,0.00,0.00,0.00,0.00,0.00,0.00,0.00,0.00,0.00,0,349569,487405,25351,365645,500507,0,0,0,0,0,0,0,68032,0,85.07,85.11,85.19
53,0,0,0,0,97273,97273,97273,6,6,6,591,591,591,0.00,0.00,0.00,0.00,0.00,0.00,0.00,0.00,0.00,0.00,0.00,0.00,0.00,0.00,0.00,0.00,0.00,0.00,0.00,0.00,0.00,317075,536954,839352,330177,552422,851917,0,0,0,0,0,0,0,78800,0,98.44,98.50,98.56
53,1,0,0,0,97270,97270,97270,9,9,9,591,591,591,0.00,0.00,0.00,0.00,0.00,0.00,0.00,0.00,0.00,0.00,0.00,0.00,0.00,0.00,0.00,0.00,0.00,0.00,0.00,0.00,0.00,317923,381204,566128,333306,395239,578994,0,0,0,0,0,0,0,71759,0,89.68,89.76,89.80
53,2,0,0,0,97268,97268,97268,11,11,11,591,591,591,0.00,0.00,0.00,0.00,0.00,0.00,0.00,0.00,0.00,0.00,0.00,0.00,0.00,0.00,0.00,0.00,0.00,0.00,0.00,0.00,0.00,322322,325734,332804,335425,339323,345907,0,0,0,0,0,0,0,56212,0,93.53,93.58,93.63
53,3,0,0,0,97266,97266,97266,13,13,13,591,591,591,0.00,0.00,0.00,0.00,0.00,0.00,0.00,0.00,0.00,0.00,0.00,0.00,0.00,0.00,0.00,0.00,0.00,0.00,0.00,0.00,0.00,412273,449797,513609,425076,463437,526711,0,0,0,0,0,0,0,76645,0,85.10,85.23,85.32
54,0,0,0,0,97273,97273,97273,6,6,6,591,591,591,0.00,0.00,0.00,0.00,0.00,0.00,0.00,0.00,0.00,0.00,0.00,0.00,0.00,0.00,0.00,0.00,0.00,0.00,0.00,0.00,0.00,314455,409837,741580,327557,422939,752061,0,0,0,0,0,0,0,59060,0,98.40,98.47,98.53
54,1,0,0,0,97270,97270,97270,9,9,9,591,591,591,0.00,0.00,0.00,0.00,0.00,0.00,0.00,0.00,0.00,0.00,0.00,0.00,0.00,0.00,0.00,0.00,0.00,0.00,0.00,0.00,0.00,322309,427511,697023,335411,440671,710125,0,0,0,0,0,0,0,62775,0,89.68,89.69,89.70
54,2,0,0,0,97268,97268,97268,11,11,11,591,591,591,0.00,0.00,0.00,0.00,0.00,0.00,0.00,0.00,0.00,0.00,0.00,0.00,0.00,0.00,0.00,0.00,0.00,0.00,0.00,0.00,0.00,319668,408265,531960,332769,422415,545063,0,0,0,0,0,0,0,84279,0,93.53,93.58,93.62
54,3,0,0,0,97266,97266,97266,13,13,13,591,591,591,0.00,0.00,0.00,0.00,0.00,0.00,0.00,0.00,0.00,0.00,0.00,0.00,0.00,0.00,0.00,0.00,0.00,0.00,0.00,0.00,0.00,419271,554463,985177,432373,568089,1000898,0,0,0,0,0,0,0,51085,0,85.20,85.28,85.37
55,0,0,0,0,97273,97273,97273,6,6,6,591,591,591,0.00,0.00,0.00,0.00,0.00,0.00,0.00,0.00,0.00,0.00,0.00,0.00,0.00,0.00,0.00,0.00,0.00,0.00,0.00,0.00,0.00,309209,426083,796610,322311,440757,812333,0,0,0,0,0,0,0,78736,0,98.38,98.43,98.47
55,1,0,0,0,97270,97270,97270,9,9,9,591,591,591,0.00,0.00,0.00,0.00,0.00,0.00,0.00,0.00,0.00,0.00,0.00,0.00,0.00,0.00,0.00,0.00,0.00,0.00,0.00,0.00,0.00,327548,368951,440226,343270,383625,453328,0,0,0,0,0,0,0,71734,0,89.60,89.64,89.67
55,2,0,0,0,97268,97268,97268,11,11,11,591,591,591,0.00,0.00,0.00,0.00,0.00,0.00,0.00,0.00,0.00,0.00,0.00,0.00,0.00,0.00,0.00,0.00,0.00,0.00,0.00,0.00,0.00,317074,430285,678707,330177,443911,689189,0,0,0,0,0,0,0,74830,0,93.57,93.63,93.66
55,3,0,0,0,97266,97266,97266,13,13,13,591,591,591,0.00,0.00,0.00,0.00,0.00,0.00,0.00,0.00,0.00,0.00,0.00,0.00,0.00,0.00,0.00,0.00,0.00,0.00,0.00,0.00,0.00,324929,449670,518851,333664,462948,534574,0,0,0,0,0,0,0,68139,0,84.91,85.05,85.15
56,0,0,0,0,97273,97273,97273,6,6,6,591,591,591,0.00,0.00,0.00,0.00,0.00,0.00,0.00,0.00,0.00,0.00,0.00,0.00,0.00,0.00,0.00,0.00,0.00,0.00,0.00,0.00,0.00,107436,454370,886538,120538,466854,899167,0,0,0,0,0,0,0,88719,0,98.32,98.38,98.44
56,1,0,0,0,97270,97270,97270,9,9,9,591,591,591,0.00,0.00,0.00,0.00,0.00,0.00,0.00,0.00,0.00,0.00,0.00,0.00,0.00,0.00,0.00,0.00,0.00,0.00,0.00,0.00,0.00,319697,360213,421878,332799,372441,434979,0,0,0,0,0,0,0,71790,0,89.61,89.64,89.70
56,2,0,0,0,97268,97268,97268,11,11,11,591,591,591,0.00,0.00,0.00,0.00,0.00,0.00,0.00,0.00,0.00,0.00,0.00,0.00,0.00,0.00,0.00,0.00,0.00,0.00,0.00,0.00,0.00,322276,349565,445486,332803,363192,458589,0,0,0,0,0,0,0,74714,0,93.46,93.50,93.52
56,3,0,0,0,97266,97266,97266,13,13,13,591,591,591,0.00,0.00,0.00,0.00,0.00,0.00,0.00,0.00,0.00,0.00,0.00,0.00,0.00,0.00,0.00,0.00,0.00,0.00,0.00,0.00,0.00,401586,454838,552910,417032,468946,566012,0,0,0,0,0,0,0,76592,0,85.03,85.12,85.23
57,0,0,0,0,97273,97273,97273,6,6,6,591,591,591,0.00,0.00,0.00,0.00,0.00,0.00,0.00,0.00,0.00,0.00,0.00,0.00,0.00,0.00,0.00,0.00,0.00,0.00,0.00,0.00,0.00,305053,452164,744209,318433,465781,754691,0,0,0,0,0,0,0,78647,0,98.25,98.30,98.38
57,1,0,0,0,97270,97270,97270,9,9,9,591,591,591,0.00,0.00,0.00,0.00,0.00,0.00,0.00,0.00,0.00,0.00,0.00,0.00,0.00,0.00,0.00,0.00,0.00,0.00,0.00,0.00,0.00,307759,406615,564617,321140,421217,582582,0,0,0,0,0,0,0,80870,0,89.71,89.73,89.76
57,2,0,0,0,97268,97268,97268,11,11,11,591,591,591,0.00,0.00,0.00,0.00,0.00,0.00,0.00,0.00,0.00,0.00,0.00,0.00,0.00,0.00,0.00,0.00,0.00,0.00,0.00,0.00,0.00,319699,382070,518866,330181,394997,531969,0,0,0,0,0,0,0,84339,0,93.50,93.53,93.57
57,3,0,0,0,97266,97266,97266,13,13,13,591,591,591,0.00,0.00,0.00,0.00,0.00,0.00,0.00,0.00,0.00,0.00,0.00,0.00,0.00,0.00,0.00,0.00,0.00,0.00,0.00,0.00,0.00,414027,537715,922403,427129,551866,938125,0,0,0,0,0,0,0,68233,0,85.20,85.25,85.29
58,0,0,0,0,97273,97273,97273,6,6,6,591,591,591,0.00,0.00,0.00,0.00,0.00,0.00,0.00,0.00,0.00,0.00,0.00,0.00,0.00,0.00,0.00,0.00,0.00,0.00,0.00,0.00,0.00,314456,369485,560781,327558,383636,573883,0,0,0,0,0,0,0,78797,0,98.31,98.34,98.37
58,1,0,0,0,97270,97270,97270,9,9,9,591,591,591,0.00,0.00,0.00,0.00,0.00,0.00,0.00,0.00,0.00,0.00,0.00,0.00,0.00,0.00,0.00,0.00,0.00,0.00,0.00,0.00,0.00,322309,475340,927623,332791,489490,943345,0,0,0,0,0,0,0,71789,0,89.81,89.82,89.85
58,2,0,0,0,97268,97268,97268,11,11,11,591,591,591,0.00,0.00,0.00,0.00,0.00,0.00,0.00,0.00,0.00,0.00,0.00,0.00,0.00,0.00,0.00,0.00,0.00,0.00,0.00,0.00,0.00,319701,462779,631535,335424,476930,644638,0,0,0,0,0,0,0,74886,0,93.62,93.67,93.72
58,3,0,0,0,97266,97266,97266,13,13,13,591,591,591,0.00,0.00,0.00,0.00,0.00,0.00,0.00,0.00,0.00,0.00,0.00,0.00,0.00,0.00,0.00,0.00,0.00,0.00,0.00,0.00,0.00,414034,539798,725783,429757,553948,738884,0,0,0,0,0,0,0,67984,0,85.19,85.24,85.34
59,0,0,0,0,97273,97273,97273,6,6,6,591,591,591,0.00,0.00,0.00,0.00,0.00,0.00,0.00,0.00,0.00,0.00,0.00,0.00,0.00,0.00,0.00,0.00,0.00,0.00,0.00,0.00,0.00,314454,365292,429755,327557,378919,440236,0,0,0,0,0,0,0,88609,0,98.36,98.43,98.48
59,1,0,0,0,97270,97270,97270,9,9,9,591,591,591,0.00,0.00,0.00,0.00,0.00,0.00,0.00,0.00,0.00,0.00,0.00,0.00,0.00,0.00,0.00,0.00,0.00,0.00,0.00,0.00,0.00,314453,349556,424462,330176,363706,437563,0,0,0,0,0,0,0,71762,0,89.64,89.69,89.73
59,2,0,0,0,97268,97268,97268,11,11,11,591,591,591,0.00,0.00,0.00,0.00,0.00,0.00,0.00,0.00,0.00,0.00,0.00,0.00,0.00,0.00,0.00,0.00,0.00,0.00,0.00,0.00,0.00,317084,345373,432334,330186,358999,445435,0,0,0,0,0,0,0,74833,0,93.53,93.58,93.64
59,3,0,0,0,97266,97266,97266,13,13,13,591,591,591,0.00,0.00,0.00,0.00,0.00,0.00,0.00,0.00,0.00,0.00,0.00,0.00,0.00,0.00,0.00,0.00,0.00,0.00,0.00,0.00,0.00,317948,432146,600080,324936,444504,613183,0,0,0,0,0,0,0,76666,0,85.02,85.15,85.30
60,0,0,0,0,97273,97273,97273,6,6,6,591,591,591,0.00,0.00,0.00,0.00,0.00,0.00,0.00,0.00,0.00,0.00,0.00,0.00,0.00,0.00,0.00,0.00,0.00,0.00,0.00,0.00,0.00,416498,575424,1008883,432215,589573,1024606,0,0,0,0,0,0,0,78768,0,98.39,98.41,98.44
60,1,0,0,0,97270,97270,97270,9,9,9,591,591,591,0.00,0.00,0.00,0.00,0.00,0.00,0.00,0.00,0.00,0.00,0.00,0.00,0.00,0.00,0.00,0.00,0.00,0.00,0.00,0.00,0.00,317079,365476,537197,330182,378522,550299,0,0,0,0,0,0,0,80954,0,89.72,89.81,89.87
60,2,0,0,0,97268,97268,97268,11,11,11,591,591,591,0.00,0.00,0.00,0.00,0.00,0.00,0.00,0.00,0.00,0.00,0.00,0.00,0.00,0.00,0.00,0.00,0.00,0.00,0.00,0.00,0.00,317074,371184,440243,330176,385270,453345,0,0,0,0,0,0,0,56289,0,93.58,93.68,93.76
60,3,0,0,0,97266,97266,97266,13,13,13,591,591,591,0.00,0.00,0.00,0.00,0.00,0.00,0.00,0.00,0.00,0.00,0.00,0.00,0.00,0.00,0.00,0.00,0.00,0.00,0.00,0.00,0.00,306591,474826,990537,319693,488976,1008881,0,0,0,0,0,0,0,51158,0,85.26,85.33,85.40
61,0,0,0,0,97273,97273,97273,6,6,6,591,591,591,0.00,0.00,0.00,0.00,0.00,0.00,0.00,0.00,0.00,0.00,0.00,0.00,0.00,0.00,0.00,0.00,0.00,0.00,0.00,0.00,0.00,408791,585915,856788,421893,599541,869889,0,0,0,0,0,0,0,59138,0,98.28,98.35,98.45
61,1,0,0,0,97270,97270,97270,9,9,9,591,591,591,0.00,0.00,0.00,0.00,0.00,0.00,0.00,0.00,0.00,0.00,0.00,0.00,0.00,0.00,0.00,0.00,0.00,0.00,0.00,0.00,0.00,175565,374700,817476,188667,388325,830576,0,0,0,0,0,0,0,53862,0,89.75,89.83,89.93
61,2,0,0,0,97268,97268,97268,11,11,11,591,591,591,0.00,0.00,0.00,0.00,0.00,0.00,0.00,0.00,0.00,0.00,0.00,0.00,0.00,0.00,0.00,0.00,0.00,0.00,0.00,0.00,0.00,5241,437613,906695,18343,451239,917177,0,0,0,0,0,0,0,84292,0,93.64,93.69,93.75
61,3,0,0,0,97266,97266,97266,13,13,13,591,591,591,0.00,0.00,0.00,0.00,0.00,0.00,0.00,0.00,0.00,0.00,0.00,0.00,0.00,0.00,0.00,0.00,0.00,0.00,0.00,0.00,0.00,306589,351655,427085,322312,365805,442806,0,0,0,0,0,0,0,68053,0,85.13,85.18,85.21
62,0,0,0,0,97273,97273,97273,6,6,6,591,591,591,0.00,0.00,0.00,0.00,0.00,0.00,0.00,0.00,0.00,0.00,0.00,0.00,0.00,0.00,0.00,0.00,0.00,0.00,0.00,0.00,0.00,414033,452818,563404,424515,466969,579127,0,0,0,0,0,0,0,78744,0,98.32,98.41,98.49
62,1,0,0,0,97270,97270,97270,9,9,9,591,591,591,0.00,0.00,0.00,0.00,0.00,0.00,0.00,0.00,0.00,0.00,0.00,0.00,0.00,0.00,0.00,0.00,0.00,0.00,0.00,0.00,0.00,317071,410882,621037,332794,425033,634139,0,0,0,0,0,0,0,71781,0,89.65,89.68,89.71
62,2,0,0,0,97268,97268,97268,11,11,11,591,591,591,0.00,0.00,0.00,0.00,0.00,0.00,0.00,0.00,0.00,0.00,0.00,0.00,0.00,0.00,0.00,0.00,0.00,0.00,0.00,0.00,0.00,317083,350622,435002,330185,364248,448104,0,0,0,0,0,0,0,74931,0,93.64,93.66,93.68
62,3,0,0,0,97266,97266,97266,13,13,13,591,591,591,0.00,0.00,0.00,0.00,0.00,0.00,0.00,0.00,0.00,0.00,0.00,0.00,0.00,0.00,0.00,0.00,0.00,0.00,0.00,0.00,0.00,309731,398909,573886,325218,412487,586989,0,0,0,0,0,0,0,68079,0,85.03,85.12,85.25
63,0,0,0,0,97273,97273,97273,6,6,6,591,591,591,0.00,0.00,0.00,0.00,0.00,0.00,0.00,0.00,0.00,0.00,0.00,0.00,0.00,0.00,0.00,0.00,0.00,0.00,0.00,0.00,0.00,149366,636760,1257831,162468,650298,1270933,0,0,0,0,0,0,0,78771,0,98.36,98.44,98.52
63,1,0,0,0,97270,97270,97270,9,9,9,591,591,591,0.00,0.00,0.00,0.00,0.00,0.00,0.00,0.00,0.00,0.00,0.00,0.00,0.00,0.00,0.00,0.00,0.00,0.00,0.00,0.00,0.00,319693,370529,550287,332795,384156,563389,0,0,0,0,0,0,0,71749,0,89.63,89.66,89.71
63,2,0,0,0,97268,97268,97268,11,11,11,591,591,591,0.00,0.00,0.00,0.00,0.00,0.00,0.00,0.00,0.00,0.00,0.00,0.00,0.00,0.00,0.00,0.00,0.00,0.00,0.00,0.00,0.00,319689,336995,398316,330170,350621,411418,0,0,0,0,0,0,0,74841,0,93.50,93.56,93.63
63,3,0,0,0,97266,97266,97266,13,13,13,591,591,591,0.00,0.00,0.00,0.00,0.00,0.00,0.00,0.00,0.00,0.00,0.00,0.00,0.00,0.00,0.00,0.00,0.00,0.00,0.00,0.00,0.00,126583,344180,699667,139769,357806,712769,0,0,0,0,0,0,0,68088,0,84.92,85.06,85.15
64,0,0,0,0,97273,97273,97273,6,6,6,591,591,591,0.00,0.00,0.00,0.00,0.00,0.00,0.00,0.00,0.00,0.00,0.00,0.00,0.00,0.00,0.00,0.00,0.00,0.00,0.00,0.00,0.00,419269,543286,990531,434992,556969,1003633,0,0,0,0,0,0,0,79171,0,98.52,98.57,98.71
64,1,0,0,0,97270,97270,97270,9,9,9,591,591,591,0.00,0.00,0.00,0.00,0.00,0.00,0.00,0.00,0.00,0.00,0.00,0.00,0.00,0.00,0.00,0.00,0.00,0.00,0.00,0.00,0.00,306817,431367,697028,319708,444951,710130,0,0,0,0,0,0,0,81262,0,89.75,89.84,90.11
64,2,0,0,0,97268,97268,97268,11,11,11,591,591,591,0.00,0.00,0.00,0.00,0.00,0.00,0.00,0.00,0.00,0.00,0.00,0.00,0.00,0.00,0.00,0.00,0.00,0.00,0.00,0.00,0.00,311847,507261,835944,324950,521337,851667,0,0,0,0,0,0,0,84589,0,93.53,93.63,93.81
64,3,0,0,0,97266,97266,97266,13,13,13,591,591,591,0.00,0.00,0.00,0.00,0.00,0.00,0.00,0.00,0.00,0.00,0.00,0.00,0.00,0.00,0.00,0.00,0.00,0.00,0.00,0.00,0.00,318251,395651,516235,331294,409276,531958,0,0,0,0,0,0,0,68497,0,85.10,85.27,85.56
65,0,0,0,0,97273,97273,97273,6,6,6,591,591,591,0.00,0.00,0.00,0.00,0.00,0.00,0.00,0.00,0.00,0.00,0.00,0.00,0.00,0.00,0.00,0.00,0.00,0.00,0.00,0.00,0.00,403558,595371,786144,419281,609521,799246,0,0,0,0,0,0,0,79515,0,98.84,99.09,99.25
65,1,0,0,0,97270,97270,97270,9,9,9,591,591,591,0.00,0.00,0.00,0.00,0.00,0.00,0.00,0.00,0.00,0.00,0.00,0.00,0.00,0.00,0.00,0.00,0.00,0.00,0.00,0.00,0.00,319688,413497,500494,332790,427647,516216,0,0,0,0,0,0,0,72337,0,90.32,90.57,90.77
65,2,0,0,0,97268,97268,97268,11,11,11,591,591,591,0.00,0.00,0.00,0.00,0.00,0.00,0.00,0.00,0.00,0.00,0.00,0.00,0.00,0.00,0.00,0.00,0.00,0.00,0.00,0.00,0.00,324941,406178,563405,338043,419805,576508,0,0,0,0,0,0,0,75536,0,93.90,94.12,94.26
65,3,0,0,0,97266,97266,97266,13,13,13,591,591,591,0.00,0.00,0.00,0.00,0.00,0.00,0.00,0.00,0.00,0.00,0.00,0.00,0.00,0.00,0.00,0.00,0.00,0.00,0.00,0.00,0.00,309212,390067,552916,320911,403662,566018,0,0,0,0,0,0,0,68901,0,85.81,86.07,86.31
66,0,0,0,0,97273,97273,97273,6,6,6,591,591,591,0.00,0.00,0.00,0.00,0.00,0.00,0.00,0.00,0.00,0.00,0.00,0.00,0.00,0.00,0.00,0.00,0.00,0.00,0.00,0.00,0.00,138892,644790,1218463,154615,657892,1231565,0,0,0,0,0,0,0,89351,0,98.78,98.92,99.13
66,1,0,0,0,97270,97270,97270,9,9,9,591,591,591,0.00,0.00,0.00,0.00,0.00,0.00,0.00,0.00,0.00,0.00,0.00,0.00,0.00,0.00,0.00,0.00,0.00,0.00,0.00,0.00,0.00,314454,331390,375595,327556,344667,384330,0,0,0,0,0,0,0,71935,0,89.78,89.91,90.17
66,2,0,0,0,97268,97268,97268,11,11,11,591,591,591,0.00,0.00,0.00,0.00,0.00,0.00,0.00,0.00,0.00,0.00,0.00,0.00,0.00,0.00,0.00,0.00,0.00,0.00,0.00,0.00,0.00,319705,354633,419285,332807,368259,435008,0,0,0,0,0,0,0,75936,0,94.00,94.14,94.46
66,3,0,0,0,97266,97266,97266,13,13,13,591,591,591,0.00,0.00,0.00,0.00,0.00,0.00,0.00,0.00,0.00,0.00,0.00,0.00,0.00,0.00,0.00,0.00,0.00,0.00,0.00,0.00,0.00,304466,437204,704897,319689,451343,717999,0,0,0,0,0,0,0,77825,0,85.67,85.81,86.08
67,0,0,0,0,97273,97273,97273,6,6,6,591,591,591,0.00,0.00,0.00,0.00,0.00,0.00,0.00,0.00,0.00,0.00,0.00,0.00,0.00,0.00,0.00,0.00,0.00,0.00,0.00,0.00,0.00,401379,555766,1006208,414758,569459,1019309,0,0,0,0,0,0,0,59248,0,98.95,99.16,99.33
67,1,0,0,0,97270,97270,97270,9,9,9,591,591,591,0.00,0.00,0.00,0.00,0.00,0.00,0.00,0.00,0.00,0.00,0.00,0.00,0.00,0.00,0.00,0.00,0.00,0.00,0.00,0.00,0.00,314451,421233,576494,327553,435645,592216,0,0,0,0,0,0,0,62803,0,89.67,89.72,89.81
67,2,0,0,0,97268,97268,97268,11,11,11,591,591,591,0.00,0.00,0.00,0.00,0.00,0.00,0.00,0.00,0.00,0.00,0.00,0.00,0.00,0.00,0.00,0.00,0.00,0.00,0.00,0.00,0.00,317085,370149,440257,330187,383907,453360,0,0,0,0,0,0,0,56248,0,94.00,94.34,94.63
67,3,0,0,0,97266,97266,97266,13,13,13,591,591,591,0.00,0.00,0.00,0.00,0.00,0.00,0.00,0.00,0.00,0.00,0.00,0.00,0.00,0.00,0.00,0.00,0.00,0.00,0.00,0.00,0.00,317077,355070,440232,330180,369482,455955,0,0,0,0,0,0,0,51240,0,86.03,86.19,86.42
68,0,0,0,0,97273,97273,97273,6,6,6,591,591,591,0.00,0.00,0.00,0.00,0.00,0.00,0.00,0.00,0.00,0.00,0.00,0.00,0.00,0.00,0.00,0.00,0.00,0.00,0.00,0.00,0.00,406157,488972,762556,419259,502598,778279,0,0,0,0,0,0,0,78892,0,98.62,98.69,98.82
68,1,0,0,0,97270,97270,97270,9,9,9,591,591,591,0.00,0.00,0.00,0.00,0.00,0.00,0.00,0.00,0.00,0.00,0.00,0.00,0.00,0.00,0.00,0.00,0.00,0.00,0.00,0.00,0.00,314449,419786,689160,327551,433412,704882,0,0,0,0,0,0,0,71809,0,89.66,89.71,89.74
68,2,0,0,0,97268,97268,97268,11,11,11,591,591,591,0.00,0.00,0.00,0.00,0.00,0.00,0.00,0.00,0.00,0.00,0.00,0.00,0.00,0.00,0.00,0.00,0.00,0.00,0.00,0.00,0.00,322314,528812,812358,335416,542439,828081,0,0,0,0,0,0,0,74971,0,93.63,93.70,93.77
68,3,0,0,0,97266,97266,97266,13,13,13,591,591,591,0.00,0.00,0.00,0.00,0.00,0.00,0.00,0.00,0.00,0.00,0.00,0.00,0.00,0.00,0.00,0.00,0.00,0.00,0.00,0.00,0.00,314457,450195,518855,327559,464346,531958,0,0,0,0,0,0,0,68062,0,85.13,85.37,85.74
69,0,0,0,0,97273,97273,97273,6,6,6,591,591,591,0.00,0.00,0.00,0.00,0.00,0.00,0.00,0.00,0.00,0.00,0.00,0.00,0.00,0.00,0.00,0.00,0.00,0.00,0.00,0.00,0.00,411414,480066,568618,424516,494216,584340,0,0,0,0,0,0,0,88787,0,98.47,98.52,98.61
69,1,0,0,0,97270,97270,97270,9,9,9,591,591,591,0.00,0.00,0.00,0.00,0.00,0.00,0.00,0.00,0.00,0.00,0.00,0.00,0.00,0.00,0.00,0.00,0.00,0.00,0.00,0.00,0.00,324893,356368,414021,338039,370517,427123,0,0,0,0,0,0,0,71706,0,89.65,89.70,89.78
69,2,0,0,0,97268,97268,97268,11,11,11,591,591,591,0.00,0.00,0.00,0.00,0.00,0.00,0.00,0.00,0.00,0.00,0.00,0.00,0.00,0.00,0.00,0.00,0.00,0.00,0.00,0.00,0.00,317078,353758,448105,332796,367908,463828,0,0,0,0,0,0,0,75015,0,93.67,93.71,93.77
69,3,0,0,0,97266,97266,97266,13,13,13,591,591,591,0.00,0.00,0.00,0.00,0.00,0.00,0.00,0.00,0.00,0.00,0.00,0.00,0.00,0.00,0.00,0.00,0.00,0.00,0.00,0.00,0.00,225323,325630,456891,234056,338301,472206,0,0,0,0,0,0,0,76818,0,85.07,85.17,85.35
70,0,0,0,0,97273,97273,97273,6,6,6,591,591,591,0.00,0.00,0.00,0.00,0.00,0.00,0.00,0.00,0.00,0.00,0.00,0.00,0.00,0.00,0.00,0.00,0.00,0.00,0.00,0.00,0.00,394752,584141,936383,407244,596723,945118,0,0,0,0,0,0,0,78620,0,98.23,98.42,98.56
70,1,0,0,0,97270,97270,97270,9,9,9,591,591,591,0.00,0.00,0.00,0.00,0.00,0.00,0.00,0.00,0.00,0.00,0.00,0.00,0.00,0.00,0.00,0.00,0.00,0.00,0.00,0.00,0.00,209628,359524,529337,218363,372277,542439,0,0,0,0,0,0,0,80770,0,89.63,89.70,89.77
70,2,0,0,0,97268,97268,97268,11,11,11,591,591,591,0.00,0.00,0.00,0.00,0.00,0.00,0.00,0.00,0.00,0.00,0.00,0.00,0.00,0.00,0.00,0.00,0.00,0.00,0.00,0.00,0.00,317083,364772,448100,332803,378399,461202,0,0,0,0,0,0,0,74864,0,93.58,93.68,93.72
70,3,0,0,0,97266,97266,97266,13,13,13,591,591,591,0.00,0.00,0.00,0.00,0.00,0.00,0.00,0.00,0.00,0.00,0.00,0.00,0.00,0.00,0.00,0.00,0.00,0.00,0.00,0.00,0.00,319691,405124,718040,332793,418750,731143,0,0,0,0,0,0,0,68171,0,85.16,85.27,85.44
71,0,0,0,0,97273,97273,97273,6,6,6,591,591,591,0.00,0.00,0.00,0.00,0.00,0.00,0.00,0.00,0.00,0.00,0.00,0.00,0.00,0.00,0.00,0.00,0.00,0.00,0.00,0.00,0.00,416655,624264,980393,429758,638025,994163,0,0,0,0,0,0,0,78755,0,98.21,98.26,98.30
71,1,0,0,0,97270,97270,97270,9,9,9,591,591,591,0.00,0.00,0.00,0.00,0.00,0.00,0.00,0.00,0.00,0.00,0.00,0.00,0.00,0.00,0.00,0.00,0.00,0.00,0.00,0.00,0.00,319689,411395,683922,330171,424496,697024,0,0,0,0,0,0,0,71761,0,89.60,89.63,89.67
71,2,0,0,0,97268,97268,97268,11,11,11,591,591,591,0.00,0.00,0.00,0.00,0.00,0.00,0.00,0.00,0.00,0.00,0.00,0.00,0.00,0.00,0.00,0.00,0.00,0.00,0.00,0.00,0.00,211828,508285,820225,222161,521358,833327,0,0,0,0,0,0,0,84210,0,93.57,93.58,93.59
71,3,0,0,0,97266,97266,97266,13,13,13,591,591,591,0.00,0.00,0.00,0.00,0.00,0.00,0.00,0.00,0.00,0.00,0.00,0.00,0.00,0.00,0.00,0.00,0.00,0.00,0.00,0.00,0.00,314455,411924,526681,327557,426074,537163,0,0,0,0,0,0,0,68230,0,85.18,85.28,85.34
72,0,0,0,0,97273,97273,97273,6,6,6,591,591,591,0.00,0.00,0.00,0.00,0.00,0.00,0.00,0.00,0.00,0.00,0.00,0.00,0.00,0.00,0.00,0.00,0.00,0.00,0.00,0.00,0.00,408796,453340,579119,424510,466967,592222,0,0,0,0,0,0,0,88566,0,98.28,98.33,98.40
72,1,0,0,0,97270,97270,97270,9,9,9,591,591,591,0.00,0.00,0.00,0.00,0.00,0.00,0.00,0.00,0.00,0.00,0.00,0.00,0.00,0.00,0.00,0.00,0.00,0.00,0.00,0.00,0.00,322311,382579,476910,338034,396729,492632,0,0,0,0,0,0,0,71774,0,89.66,89.71,89.74
72,2,0,0,0,97268,97268,97268,11,11,11,591,591,591,0.00,0.00,0.00,0.00,0.00,0.00,0.00,0.00,0.00,0.00,0.00,0.00,0.00,0.00,0.00,0.00,0.00,0.00,0.00,0.00,0.00,319705,345906,427138,330188,359009,442861,0,0,0,0,0,0,0,74891,0,93.56,93.59,93.62
72,3,0,0,0,97266,97266,97266,13,13,13,591,591,591,0.00,0.00,0.00,0.00,0.00,0.00,0.00,0.00,0.00,0.00,0.00,0.00,0.00,0.00,0.00,0.00,0.00,0.00,0.00,0.00,0.00,317076,400410,597497,330179,414036,610600,0,0,0,0,0,0,0,76507,0,85.10,85.22,85.33
73,0,0,0,0,97273,97273,97273,6,6,6,591,591,591,0.00,0.00,0.00,0.00,0.00,0.00,0.00,0.00,0.00,0.00,0.00,0.00,0.00,0.00,0.00,0.00,0.00,0.00,0.00,0.00,0.00,424473,714853,1331193,440194,729003,1344295,0,0,0,0,0,0,0,78724,0,98.35,98.40,98.48
73,1,0,0,0,97270,97270,97270,9,9,9,591,591,591,0.00,0.00,0.00,0.00,0.00,0.00,0.00,0.00,0.00,0.00,0.00,0.00,0.00,0.00,0.00,0.00,0.00,0.00,0.00,0.00,0.00,317075,370529,550286,332794,384679,560768,0,0,0,0,0,0,0,71864,0,89.72,89.77,89.81
73,2,0,0,0,97268,97268,97268,11,11,11,591,591,591,0.00,0.00,0.00,0.00,0.00,0.00,0.00,0.00,0.00,0.00,0.00,0.00,0.00,0.00,0.00,0.00,0.00,0.00,0.00,0.00,0.00,319700,339616,406176,332806,353767,416658,0,0,0,0,0,0,0,74962,0,93.61,93.65,93.68
73,3,0,0,0,97266,97266,97266,13,13,13,591,591,591,0.00,0.00,0.00,0.00,0.00,0.00,0.00,0.00,0.00,0.00,0.00,0.00,0.00,0.00,0.00,0.00,0.00,0.00,0.00,0.00,0.00,107404,383627,728483,123122,396506,741585,0,0,0,0,0,0,0,51060,0,85.01,85.06,85.11
74,0,0,0,0,97273,97273,97273,6,6,6,591,591,591,0.00,0.00,0.00,0.00,0.00,0.00,0.00,0.00,0.00,0.00,0.00,0.00,0.00,0.00,0.00,0.00,0.00,0.00,0.00,0.00,0.00,290262,521137,943959,300447,533513,956785,0,0,0,0,0,0,0,58994,0,98.29,98.32,98.39
74,1,0,0,0,97270,97270,97270,9,9,9,591,591,591,0.00,0.00,0.00,0.00,0.00,0.00,0.00,0.00,0.00,0.00,0.00,0.00,0.00,0.00,0.00,0.00,0.00,0.00,0.00,0.00,0.00,258523,473414,859495,265510,485642,875218,0,0,0,0,0,0,0,53870,0,89.65,89.69,89.77
74,2,0,0,0,97268,97268,97268,11,11,11,591,591,591,0.00,0.00,0.00,0.00,0.00,0.00,0.00,0.00,0.00,0.00,0.00,0.00,0.00,0.00,0.00,0.00,0.00,0.00,0.00,0.00,0.00,306567,438010,573020,319669,450674,581755,0,0,0,0,0,0,0,65447,0,93.51,93.58,93.69
74,3,0,0,0,97266,97266,97266,13,13,13,591,591,591,0.00,0.00,0.00,0.00,0.00,0.00,0.00,0.00,0.00,0.00,0.00,0.00,0.00,0.00,0.00,0.00,0.00,0.00,0.00,0.00,0.00,317071,332142,340659,332794,345900,353762,0,0,0,0,0,0,0,68056,0,84.94,85.01,85.08
75,0,0,0,0,97273,97273,97273,6,6,6,591,591,591,0.00,0.00,0.00,0.00,0.00,0.00,0.00,0.00,0.00,0.00,0.00,0.00,0.00,0.00,0.00,0.00,0.00,0.00,0.00,0.00,0.00,419267,603228,809724,432369,617378,822826,0,0,0,0,0,0,0,79115,0,98.35,98.56,98.73
75,1,0,0,0,97270,97270,97270,9,9,9,591,591,591,0.00,0.00,0.00,0.00,0.00,0.00,0.00,0.00,0.00,0.00,0.00,0.00,0.00,0.00,0.00,0.00,0.00,0.00,0.00,0.00,0.00,319690,404592,492639,332792,418743,508362,0,0,0,0,0,0,0,72046,0,89.67,89.78,89.88
75,2,0,0,0,97268,97268,97268,11,11,11,591,591,591,0.00,0.00,0.00,0.00,0.00,0.00,0.00,0.00,0.00,0.00,0.00,0.00,0.00,0.00,0.00,0.00,0.00,0.00,0.00,0.00,0.00,317076,381542,440233,332798,395693,453336,0,0,0,0,0,0,0,75160,0,93.52,93.65,93.79
75,3,0,0,0,97266,97266,97266,13,13,13,591,591,591,0.00,0.00,0.00,0.00,0.00,0.00,0.00,0.00,0.00,0.00,0.00,0.00,0.00,0.00,0.00,0.00,0.00,0.00,0.00,0.00,0.00,309211,375249,566025,324934,389923,579127,0,0,0,0,0,0,0,68473,0,85.03,85.30,85.56
76,0,0,0,0,97273,97273,97273,6,6,6,591,591,591,0.00,0.00,0.00,0.00,0.00,0.00,0.00,0.00,0.00,0.00,0.00,0.00,0.00,0.00,0.00,0.00,0.00,0.00,0.00,0.00,0.00,424513,714337,1375756,440236,727963,1391479,0,0,0,0,0,0,0,89548,0,98.69,98.91,99.16
76,1,0,0,0,97270,97270,97270,9,9,9,591,591,591,0.00,0.00,0.00,0.00,0.00,0.00,0.00,0.00,0.00,0.00,0.00,0.00,0.00,0.00,0.00,0.00,0.00,0.00,0.00,0.00,0.00,317073,367900,503075,330175,381526,516176,0,0,0,0,0,0,0,72314,0,89.95,90.12,90.22
76,2,0,0,0,97268,97268,97268,11,11,11,591,591,591,0.00,0.00,0.00,0.00,0.00,0.00,0.00,0.00,0.00,0.00,0.00,0.00,0.00,0.00,0.00,0.00,0.00,0.00,0.00,0.00,0.00,317083,347995,424524,330186,361621,440247,0,0,0,0,0,0,0,75978,0,93.84,94.14,94.50
76,3,0,0,0,97266,97266,97266,13,13,13,591,591,591,0.00,0.00,0.00,0.00,0.00,0.00,0.00,0.00,0.00,0.00,0.00,0.00,0.00,0.00,0.00,0.00,0.00,0.00,0.00,0.00,0.00,311836,427601,662771,322318,441117,675324,0,0,0,0,0,0,0,78186,0,85.50,85.91,86.34
77,0,0,0,0,96707,97085,97273,6,193,572,591,591,591,0.00,0.00,0.00,0.00,0.00,0.00,0.00,0.00,0.00,0.00,0.00,0.00,0.00,0.00,0.00,0.00,0.00,0.00,0.00,0.00,0.00,416648,1582162,2685748,434991,1835897,3014035,0,0,0,0,0,0,0,115424,0,99.18,115.51,131.63
77,1,0,0,0,96704,97082,97270,9,272,575,591,591,591,0.00,0.00,0.00,0.00,0.00,0.00,0.00,0.00,0.00,0.00,0.00,0.00,0.00,0.00,0.00,0.00,0.00,0.00,0.00,0.00,0.00,327552,1460994,2883044,343275,1742068,3315501,0,0,0,0,0,0,0,105027,0,90.14,107.80,127.56
77,2,0,0,2,96702,97080,97268,11,198,577,591,591,591,0.00,0.00,0.00,0.00,0.00,0.00,0.00,0.00,0.00,0.00,0.00,0.00,0.00,0.00,0.00,0.00,0.00,0.00,0.00,0.00,0.00,521475,1872136,3632610,537198,2134871,4015266,0,0,0,0,0,0,0,112271,0,94.58,108.35,124.09
77,3,0,0,1,96701,97078,97266,13,199,578,591,591,591,0.00,0.00,0.00,0.00,0.00,0.00,0.00,0.00,0.00,0.00,0.00,0.00,0.00,0.00,0.00,0.00,0.00,0.00,0.00,0.00,0.00,322313,1333484,3135716,335415,1573476,3695852,0,0,0,0,0,0,0,93386,0,86.56,102.88,118.73
78,0,0,1,7,96515,96553,96707,572,725,764,591,591,591,0.00,0.00,0.00,0.00,0.00,0.00,0.00,0.00,0.00,0.00,0.00,0.00,0.00,0.00,0.00,0.00,0.00,0.00,0.00,0.00,0.00,414099,612251,888454,427203,757454,1058885,0,0,0,0,0,0,0,121410,0,142.94,150.44,152.95
78,1,0,1,7,96512,96550,96704,767,767,767,591,591,591,0.00,0.00,0.00,0.00,0.00,0.00,0.00,0.00,0.00,0.00,0.00,0.00,0.00,0.00,0.00,0.00,0.00,0.00,0.00,0.00,0.00,304030,437172,652629,322377,583425,935706,0,0,0,0,0,0,0,112982,0,137.75,140.89,142.65
78,2,0,0,0,96510,96548,96702,577,730,769,591,591,591,0.00,0.00,0.00,0.00,0.00,0.00,0.00,0.00,0.00,0.00,0.00,0.00,0.00,0.00,0.00,0.00,0.00,0.00,0.00,0.00,0.00,298790,459716,1066744,311895,605970,1153237,0,0,0,0,0,0,0,119213,0,134.79,146.00,150.90
78,3,0,0,3,96509,96547,96701,578,731,770,591,591,591,0.00,0.00,0.00,0.00,0.00,0.00,0.00,0.00,0.00,0.00,0.00,0.00,0.00,0.00,0.00,0.00,0.00,0.00,0.00,0.00,0.00,296165,367452,608062,306649,499015,922508,0,0,0,0,0,0,0,110982,0,129.02,137.31,140.10
79,0,0,0,0,96515,96515,96515,764,764,764,591,591,591,0.00,0.00,0.00,0.00,0.00,0.00,0.00,0.00,0.00,0.00,0.00,0.00,0.00,0.00,0.00,0.00,0.00,0.00,0.00,0.00,0.00,411490,468629,684074,424595,481734,697179,0,0,0,0,0,0,0,136241,0,151.32,151.44,151.64
79,1,0,0,0,96512,96512,96512,767,767,767,591,591,591,0.00,0.00,0.00,0.00,0.00,0.00,0.00,0.00,0.00,0.00,0.00,0.00,0.00,0.00,0.00,0.00,0.00,0.00,0.00,0.00,0.00,296170,320803,361695,311896,334432,374800,0,0,0,0,0,0,0,112832,0,140.95,141.03,141.12
79,2,0,0,0,96510,96510,96510,769,769,769,591,591,591,0.00,0.00,0.00,0.00,0.00,0.00,0.00,0.00,0.00,0.00,0.00,0.00,0.00,0.00,0.00,0.00,0.00,0.00,0.00,0.00,0.00,296166,318181,387900,311892,332334,401004,0,0,0,0,0,0,0,119084,0,148.76,148.83,148.95
79,3,0,0,0,96509,96509,96509,770,770,770,591,591,591,0.00,0.00,0.00,0.00,0.00,0.00,0.00,0.00,0.00,0.00,0.00,0.00,0.00,0.00,0.00,0.00,0.00,0.00,0.00,0.00,0.00,288292,444512,943549,304017,458665,959275,0,0,0,0,0,0,0,124119,0,137.94,138.17,138.62
80,0,0,0,0,96515,96515,96515,764,764,764,591,591,591,0.00,0.00,0.00,0.00,0.00,0.00,0.00,0.00,0.00,0.00,0.00,0.00,0.00,0.00,0.00,0.00,0.00,0.00,0.00,0.00,0.00,416734,734396,1491333,432459,748549,1507059,0,0,0,0,0,0,0,121655,0,151.31,151.49,151.75
80,1,0,0,0,96512,96512,96512,767,767,767,591,591,591,0.00,0.00,0.00,0.00,0.00,0.00,0.00,0.00,0.00,0.00,0.00,0.00,0.00,0.00,0.00,0.00,0.00,0.00,0.00,0.00,0.00,301410,318709,353830,311894,331814,366935,0,0,0,0,0,0,0,127050,0,140.90,140.95,141.03
80,2,0,0,0,96510,96510,96510,769,769,769,591,591,591,0.00,0.00,0.00,0.00,0.00,0.00,0.00,0.00,0.00,0.00,0.00,0.00,0.00,0.00,0.00,0.00,0.00,0.00,0.00,0.00,0.00,296168,319232,390520,309273,332861,403624,0,0,0,0,0,0,0,134106,0,148.75,148.80,148.86
80,3,0,0,0,96509,96509,96509,770,770,770,591,591,591,0.00,0.00,0.00,0.00,0.00,0.00,0.00,0.00,0.00,0.00,0.00,0.00,0.00,0.00,0.00,0.00,0.00,0.00,0.00,0.00,0.00,290927,306575,340394,304031,319629,355867,0,0,0,0,0,0,0,110392,0,137.78,137.84,137.88
82,0,0,0,1,96003,96264,96515,764,931,1266,591,591,591,0.00,0.00,0.00,0.00,0.00,0.00,0.00,0.00,0.00,0.00,0.00,0.00,0.00,0.00,0.00,0.00,0.00,0.00,0.00,0.00,0.00,589679,1803233,3941992,859665,1576910,1960356,0,0,0,0,0,0,0,75975,0,151.65,151.72,151.80
82,1,0,0,0,96030,96351,96512,767,1010,1259,591,591,591,0.00,0.00,0.00,0.00,0.00,0.00,0.00,0.00,0.00,0.00,0.00,0.00,0.00,0.00,0.00,0.00,0.00,0.00,0.00,0.00,0.00,207919,2091274,3423974,980190,2399485,3492467,0,0,0,0,0,0,0,84920,0,141.17,141.26,141.34
82,2,0,0,1,96028,96349,96510,769,929,1251,591,591,591,0.00,0.00,0.00,0.00,0.00,0.00,0.00,0.00,0.00,0.00,0.00,0.00,0.00,0.00,0.00,0.00,0.00,0.00,0.00,0.00,0.00,221889,3285680,6521438,1016846,3613042,6622075,0,0,0,0,0,0,0,89461,0,149.12,149.13,149.13
82,3,0,0,0,96027,96348,96509,770,1011,1252,591,591,591,0.00,0.00,0.00,0.00,0.00,0.00,0.00,0.00,0.00,0.00,0.00,0.00,0.00,0.00,0.00,0.00,0.00,0.00,0.00,0.00,0.00,621773,2949590,4209280,1545700,3317593,4321982,0,0,0,0,0,0,0,69089,0,137.82,137.99,138.10
83,0,0,0,0,95779,95817,95973,1286,1418,1500,591,591,591,0.00,0.00,0.00,0.00,0.00,0.00,0.00,0.00,0.00,0.00,0.00,0.00,0.00,0.00,0.00,0.00,0.00,0.00,0.00,0.00,0.00,403611,1607654,4203996,419336,2563258,4599759,0,0,0,0,0,0,0,137045,0,151.86,152.02,152.16
83,1,0,0,1,95776,95861,96010,1309,1464,1503,591,591,591,0.00,0.00,0.00,0.00,0.00,0.00,0.00,0.00,0.00,0.00,0.00,0.00,0.00,0.00,0.00,0.00,0.00,0.00,0.00,0.00,0.00,631651,2549609,4080826,668345,2926486,4460951,0,0,0,0,0,0,0,113031,0,141.24,141.41,141.51
83,2,0,0,0,95774,95863,96028,1251,1415,1505,591,591,591,0.00,0.00,0.00,0.00,0.00,0.00,0.00,0.00,0.00,0.00,0.00,0.00,0.00,0.00,0.00,0.00,0.00,0.00,0.00,0.00,0.00,314514,2123367,5410437,327619,2440988,5766594,0,0,0,0,0,0,0,119572,0,149.06,149.21,149.36
83,3,0,0,1,95773,95862,96027,1312,1467,1506,591,591,591,0.00,0.00,0.00,0.00,0.00,0.00,0.00,0.00,0.00,0.00,0.00,0.00,0.00,0.00,0.00,0.00,0.00,0.00,0.00,0.00,0.00,298790,2054591,4131584,311895,2333888,4584827,0,0,0,0,0,0,0,110900,0,138.31,138.43,138.48
84,0,0,0,0,95779,95779,95779,1500,1500,1500,591,591,591,0.00,0.00,0.00,0.00,0.00,0.00,0.00,0.00,0.00,0.00,0.00,0.00,0.00,0.00,0.00,0.00,0.00,0.00,0.00,0.00,0.00,288306,421976,516336,317136,486451,555642,0,0,0,0,0,0,0,121473,0,151.65,151.78,151.99
84,1,0,0,0,95776,95776,95776,1503,1503,1503,591,591,591,0.00,0.00,0.00,0.00,0.00,0.00,0.00,0.00,0.00,0.00,0.00,0.00,0.00,0.00,0.00,0.00,0.00,0.00,0.00,0.00,0.00,290928,308746,338106,304032,322375,351211,0,0,0,0,0,0,0,113060,0,141.02,141.12,141.22
84,2,0,0,0,95774,95774,95774,1505,1505,1505,591,591,591,0.00,0.00,0.00,0.00,0.00,0.00,0.00,0.00,0.00,0.00,0.00,0.00,0.00,0.00,0.00,0.00,0.00,0.00,0.00,0.00,0.00,298787,458136,723343,311892,472289,736448,0,0,0,0,0,0,0,119368,0,148.92,149.11,149.31
84,3,0,0,0,95773,95773,95773,1506,1506,1506,591,591,591,0.00,0.00,0.00,0.00,0.00,0.00,0.00,0.00,0.00,0.00,0.00,0.00,0.00,0.00,0.00,0.00,0.00,0.00,0.00,0.00,0.00,288313,317132,356449,304039,330237,372175,0,0,0,0,0,0,0,110416,0,138.01,138.13,138.37
85,0,0,0,0,95779,95779,95779,1500,1500,1500,591,591,591,0.00,0.00,0.00,0.00,0.00,0.00,0.00,0.00,0.00,0.00,0.00,0.00,0.00,0.00,0.00,0.00,0.00,0.00,0.00,0.00,0.00,296895,393813,623790,301411,406773,636895,0,0,0,0,0,0,0,121644,0,151.77,151.89,151.98
85,1,0,0,0,95776,95776,95776,1503,1503,1503,591,591,591,0.00,0.00,0.00,0.00,0.00,0.00,0.00,0.00,0.00,0.00,0.00,0.00,0.00,0.00,0.00,0.00,0.00,0.00,0.00,0.00,0.00,195697,370906,762699,211423,384532,775804,0,0,0,0,0,0,0,127217,0,141.22,141.29,141.34
85,2,0,0,0,95774,95774,95774,1505,1505,1505,591,591,591,0.00,0.00,0.00,0.00,0.00,0.00,0.00,0.00,0.00,0.00,0.00,0.00,0.00,0.00,0.00,0.00,0.00,0.00,0.00,0.00,0.00,403625,459718,644759,416730,473348,657864,0,0,0,0,0,0,0,134743,0,149.05,149.28,149.51
85,3,0,0,0,95773,95773,95773,1506,1506,1506,591,591,591,0.00,0.00,0.00,0.00,0.00,0.00,0.00,0.00,0.00,0.00,0.00,0.00,0.00,0.00,0.00,0.00,0.00,0.00,0.00,0.00,0.00,298790,325522,369556,311895,339676,385282,0,0,0,0,0,0,0,124208,0,137.84,137.96,138.06
86,0,0,0,0,95779,95779,95779,1500,1500,1500,591,591,591,0.00,0.00,0.00,0.00,0.00,0.00,0.00,0.00,0.00,0.00,0.00,0.00,0.00,0.00,0.00,0.00,0.00,0.00,0.00,0.00,0.00,293550,342298,526814,304034,355007,542539,0,0,0,0,0,0,0,121669,0,151.79,151.85,151.91
86,1,0,0,0,95776,95776,95776,1503,1503,1503,591,591,591,0.00,0.00,0.00,0.00,0.00,0.00,0.00,0.00,0.00,0.00,0.00,0.00,0.00,0.00,0.00,0.00,0.00,0.00,0.00,0.00,0.00,298772,439796,925213,311877,454473,940939,0,0,0,0,0,0,0,113012,0,141.22,141.28,141.32
86,2,0,0,0,95774,95774,95774,1505,1505,1505,591,591,591,0.00,0.00,0.00,0.00,0.00,0.00,0.00,0.00,0.00,0.00,0.00,0.00,0.00,0.00,0.00,0.00,0.00,0.00,0.00,0.00,0.00,419355,719716,919965,432460,733346,935691,0,0,0,0,0,0,0,119888,0,149.58,149.60,149.63
86,3,0,0,0,95773,95773,95773,1506,1506,1506,591,591,591,0.00,0.00,0.00,0.00,0.00,0.00,0.00,0.00,0.00,0.00,0.00,0.00,0.00,0.00,0.00,0.00,0.00,0.00,0.00,0.00,0.00,5241,381745,917340,20967,395868,927824,0,0,0,0,0,0,0,110265,0,137.74,137.84,137.93
87,0,0,0,0,95779,95779,95779,1500,1500,1500,591,591,591,0.00,0.00,0.00,0.00,0.00,0.00,0.00,0.00,0.00,0.00,0.00,0.00,0.00,0.00,0.00,0.00,0.00,0.00,0.00,0.00,0.00,296168,355928,573992,309273,366411,589718,0,0,0,0,0,0,0,121620,0,151.95,151.98,152.02
87,1,0,0,0,95776,95776,95776,1503,1503,1503,591,591,591,0.00,0.00,0.00,0.00,0.00,0.00,0.00,0.00,0.00,0.00,0.00,0.00,0.00,0.00,0.00,0.00,0.00,0.00,0.00,0.00,0.00,306647,417258,602824,319752,431411,615929,0,0,0,0,0,0,0,112954,0,141.09,141.15,141.23
87,2,0,0,0,95774,95774,95774,1505,1505,1505,591,591,591,0.00,0.00,0.00,0.00,0.00,0.00,0.00,0.00,0.00,0.00,0.00,0.00,0.00,0.00,0.00,0.00,0.00,0.00,0.00,0.00,0.00,416701,492212,615927,429805,506364,631652,0,0,0,0,0,0,0,119822,0,149.59,149.62,149.64
87,3,0,0,0,95773,95773,95773,1506,1506,1506,591,591,591,0.00,0.00,0.00,0.00,0.00,0.00,0.00,0.00,0.00,0.00,0.00,0.00,0.00,0.00,0.00,0.00,0.00,0.00,0.00,0.00,0.00,301411,321329,372170,311895,334958,385275,0,0,0,0,0,0,0,110325,0,137.80,137.92,138.01
88,0,0,0,0,95779,95779,95779,1500,1500,1500,591,591,591,0.00,0.00,0.00,0.00,0.00,0.00,0.00,0.00,0.00,0.00,0.00,0.00,0.00,0.00,0.00,0.00,0.00,0.00,0.00,0.00,0.00,296168,548302,1302622,311894,566124,1318348,0,0,0,0,0,0,0,121201,0,151.57,151.75,151.93
88,1,0,0,0,95776,95776,95776,1503,1503,1503,591,591,591,0.00,0.00,0.00,0.00,0.00,0.00,0.00,0.00,0.00,0.00,0.00,0.00,0.00,0.00,0.00,0.00,0.00,0.00,0.00,0.00,0.00,293548,317660,353827,306653,331289,364310,0,0,0,0,0,0,0,113001,0,141.18,141.23,141.26
88,2,0,0,0,95774,95774,95774,1505,1505,1505,591,591,591,0.00,0.00,0.00,0.00,0.00,0.00,0.00,0.00,0.00,0.00,0.00,0.00,0.00,0.00,0.00,0.00,0.00,0.00,0.00,0.00,0.00,411493,451854,581852,424598,466008,594957,0,0,0,0,0,0,0,119570,0,149.42,149.55,149.63
88,3,0,0,0,95773,95773,95773,1506,1506,1506,591,591,591,0.00,0.00,0.00,0.00,0.00,0.00,0.00,0.00,0.00,0.00,0.00,0.00,0.00,0.00,0.00,0.00,0.00,0.00,0.00,0.00,0.00,298789,345439,503200,311894,359592,518925,0,0,0,0,0,0,0,110893,0,138.03,138.20,138.43
89,0,0,0,0,95779,95779,95779,1500,1500,1500,591,591,591,0.00,0.00,0.00,0.00,0.00,0.00,0.00,0.00,0.00,0.00,0.00,0.00,0.00,0.00,0.00,0.00,0.00,0.00,0.00,0.00,0.00,298789,374141,587094,311894,372176,602820,0,0,0,0,0,0,0,121973,0,151.44,151.79,152.19
89,1,0,0,0,95776,95776,95776,1503,1503,1503,591,591,591,0.00,0.00,0.00,0.00,0.00,0.00,0.00,0.00,0.00,0.00,0.00,0.00,0.00,0.00,0.00,0.00,0.00,0.00,0.00,0.00,0.00,293528,384237,505846,306632,398357,521572,0,0,0,0,0,0,0,98821,0,141.19,141.21,141.24
89,2,0,0,0,95774,95774,95774,1505,1505,1505,591,591,591,0.00,0.00,0.00,0.00,0.00,0.00,0.00,0.00,0.00,0.00,0.00,0.00,0.00,0.00,0.00,0.00,0.00,0.00,0.00,0.00,0.00,408870,502168,843906,421975,515797,854390,0,0,0,0,0,0,0,89898,0,149.29,149.42,149.64
89,3,0,0,0,95773,95773,95773,1506,1506,1506,591,591,591,0.00,0.00,0.00,0.00,0.00,0.00,0.00,0.00,0.00,0.00,0.00,0.00,0.00,0.00,0.00,0.00,0.00,0.00,0.00,0.00,0.00,296152,313463,372169,309277,327091,382652,0,0,0,0,0,0,0,110791,0,138.27,138.32,138.41
90,0,0,0,0,95779,95779,95779,1500,1500,1500,591,591,591,0.00,0.00,0.00,0.00,0.00,0.00,0.00,0.00,0.00,0.00,0.00,0.00,0.00,0.00,0.00,0.00,0.00,0.00,0.00,0.00,0.00,196979,316213,488717,205619,329478,502218,0,0,0,0,0,0,0,91122,0,151.85,152.08,152.33
90,1,0,0,0,95776,95776,95776,1503,1503,1503,591,591,591,0.00,0.00,0.00,0.00,0.00,0.00,0.00,0.00,0.00,0.00,0.00,0.00,0.00,0.00,0.00,0.00,0.00,0.00,0.00,0.00,0.00,296168,340726,429843,309273,353481,438579,0,0,0,0,0,0,0,113069,0,141.16,141.23,141.31
90,2,0,0,0,95774,95774,95774,1505,1505,1505,591,591,591,0.00,0.00,0.00,0.00,0.00,0.00,0.00,0.00,0.00,0.00,0.00,0.00,0.00,0.00,0.00,0.00,0.00,0.00,0.00,0.00,0.00,39314,576543,1371649,52419,589600,1382132,0,0,0,0,0,0,0,120344,0,149.72,149.84,150.06
90,3,0,0,0,95773,95773,95773,1506,1506,1506,591,591,591,0.00,0.00,0.00,0.00,0.00,0.00,0.00,0.00,0.00,0.00,0.00,0.00,0.00,0.00,0.00,0.00,0.00,0.00,0.00,0.00,0.00,7862,409219,967136,18346,422323,982861,0,0,0,0,0,0,0,125018,0,138.31,138.48,138.75
91,0,0,0,1,93477,95318,95779,1500,2052,4262,591,591,591,0.00,0.00,0.00,0.00,0.00,0.00,0.00,0.00,0.00,0.00,0.00,0.00,0.00,0.00,0.00,0.00,0.00,0.00,0.00,0.00,0.00,296168,395753,579238,309273,459699,770487,0,0,0,0,0,0,0,121864,0,151.81,151.92,152.26
91,1,0,0,0,93716,95364,95776,1503,1899,3483,591,591,591,0.00,0.00,0.00,0.00,0.00,0.00,0.00,0.00,0.00,0.00,0.00,0.00,0.00,0.00,0.00,0.00,0.00,0.00,0.00,0.00,0.00,301411,365874,534631,314515,497960,1140022,0,0,0,0,0,0,0,113171,0,141.15,141.25,141.40
91,2,0,0,0,90948,94808,95774,1505,2470,6331,591,591,591,0.00,0.00,0.00,0.00,0.00,0.00,0.00,0.00,0.00,0.00,0.00,0.00,0.00,0.00,0.00,0.00,0.00,0.00,0.00,0.00,0.00,416734,493765,665601,429840,553514,909305,0,0,0,0,0,0,0,122471,0,150.07,150.59,151.84
91,3,0,0,0,92431,95104,95773,1506,2098,4468,591,591,591,0.00,0.00,0.00,0.00,0.00,0.00,0.00,0.00,0.00,0.00,0.00,0.00,0.00,0.00,0.00,0.00,0.00,0.00,0.00,0.00,0.00,293542,342503,508409,309268,459875,1040405,0,0,0,0,0,0,0,83880,0,138.50,138.74,139.19
92,0,0,3,17,90583,90583,90583,6696,6696,6696,591,591,591,0.00,0.00,0.01,0.00,0.00,0.01,0.00,0.00,0.00,0.00,0.00,0.00,0.00,0.00,0.00,0.00,0.00,0.00,0.00,0.00,0.01,314517,572930,1192524,327622,887420,1713932,0,0,0,0,0,0,0,121326,0,153.99,154.32,154.45
92,1,0,5,24,90580,90580,90580,6699,6699,6699,591,591,591,0.00,0.00,0.01,0.00,0.00,0.01,0.00,0.00,0.00,0.00,0.00,0.00,0.00,0.00,0.00,0.00,0.00,0.00,0.00,0.00,0.01,309266,393133,579224,322375,640012,1488603,0,0,0,0,0,0,0,114004,0,142.50,143.17,143.41
92,2,0,2,9,90578,90578,90578,6701,6701,6701,591,591,591,0.00,0.00,0.01,0.00,0.00,0.01,0.00,0.00,0.00,0.00,0.00,0.00,0.00,0.00,0.00,0.00,0.00,0.00,0.00,0.00,0.01,421971,540428,875393,435076,859643,1732330,0,0,0,0,0,0,0,120252,0,151.69,153.04,153.50
92,3,0,4,23,90577,90577,90577,6702,6702,6702,591,591,591,0.00,0.00,0.01,0.00,0.00,0.01,0.00,0.00,0.00,0.00,0.00,0.00,0.00,0.00,0.00,0.00,0.00,0.00,0.00,0.00,0.02,304019,413576,526810,317123,674603,1674654,0,0,0,0,0,0,0,111686,0,140.55,141.07,141.35
93,0,0,0,0,90583,90583,90583,6696,6696,6696,591,591,591,0.00,0.00,0.00,0.00,0.00,0.00,0.00,0.00,0.00,0.00,0.00,0.00,0.00,0.00,0.00,0.00,0.00,0.00,0.00,0.00,0.00,304028,360112,550379,317134,374265,563484,0,0,0,0,0,0,0,121445,0,151.62,151.87,152.70
93,1,0,0,0,90580,90580,90580,6699,6699,6699,591,591,591,0.00,0.00,0.00,0.00,0.00,0.00,0.00,0.00,0.00,0.00,0.00,0.00,0.00,0.00,0.00,0.00,0.00,0.00,0.00,0.00,0.00,301406,358020,421970,314511,371125,435075,0,0,0,0,0,0,0,127107,0,141.23,141.46,142.14
93,2,0,0,0,90578,90578,90578,6701,6701,6701,591,591,591,0.00,0.00,0.00,0.00,0.00,0.00,0.00,0.00,0.00,0.00,0.00,0.00,0.00,0.00,0.00,0.00,0.00,0.00,0.00,0.00,0.00,416728,444509,539914,432452,458139,553019,0,0,0,0,0,0,0,119919,0,149.66,149.85,150.02
93,3,0,0,0,90577,90577,90577,6702,6702,6702,591,591,591,0.00,0.00,0.00,0.00,0.00,0.00,0.00,0.00,0.00,0.00,0.00,0.00,0.00,0.00,0.00,0.00,0.00,0.00,0.00,0.00,0.00,298782,321324,356444,314508,335477,372170,0,0,0,0,0,0,0,111065,0,138.63,138.79,139.21
94,0,0,0,0,90583,90583,90583,6696,6696,6696,591,591,591,0.00,0.00,0.00,0.00,0.00,0.00,0.00,0.00,0.00,0.00,0.00,0.00,0.00,0.00,0.00,0.00,0.00,0.00,0.00,0.00,0.00,197551,326242,513724,206140,338968,526829,0,0,0,0,0,0,0,121293,0,151.53,151.64,151.76
94,1,0,0,0,90580,90580,90580,6699,6699,6699,591,591,591,0.00,0.00,0.00,0.00,0.00,0.00,0.00,0.00,0.00,0.00,0.00,0.00,0.00,0.00,0.00,0.00,0.00,0.00,0.00,0.00,0.00,235886,359505,612932,246370,372504,628129,0,0,0,0,0,0,0,112951,0,141.12,141.18,141.22
94,2,0,0,0,90578,90578,90578,6701,6701,6701,591,591,591,0.00,0.00,0.00,0.00,0.00,0.00,0.00,0.00,0.00,0.00,0.00,0.00,0.00,0.00,0.00,0.00,0.00,0.00,0.00,0.00,0.00,44544,642983,1334066,57645,656525,1344550,0,0,0,0,0,0,0,119762,0,149.64,149.66,149.67
94,3,0,0,0,90577,90577,90577,6702,6702,6702,591,591,591,0.00,0.00,0.00,0.00,0.00,0.00,0.00,0.00,0.00,0.00,0.00,0.00,0.00,0.00,0.00,0.00,0.00,0.00,0.00,0.00,0.00,15725,338969,642131,31451,351723,655235,0,0,0,0,0,0,0,124936,0,138.52,138.61,138.66
95,0,0,0,0,90583,90583,90583,6696,6696,6696,591,591,591,0.00,0.00,0.00,0.00,0.00,0.00,0.00,0.00,0.00,0.00,0.00,0.00,0.00,0.00,0.00,0.00,0.00,0.00,0.00,0.00,0.00,296157,395762,629026,311882,409915,642131,0,0,0,0,0,0,0,121432,0,151.48,151.57,151.69
95,1,0,0,0,90580,90580,90580,6699,6699,6699,591,591,591,0.00,0.00,0.00,0.00,0.00,0.00,0.00,0.00,0.00,0.00,0.00,0.00,0.00,0.00,0.00,0.00,0.00,0.00,0.00,0.00,0.00,298787,334955,377417,311891,349108,395764,0,0,0,0,0,0,0,113063,0,141.17,141.23,141.28
95,2,0,0,0,90578,90578,90578,6701,6701,6701,591,591,591,0.00,0.00,0.00,0.00,0.00,0.00,0.00,0.00,0.00,0.00,0.00,0.00,0.00,0.00,0.00,0.00,0.00,0.00,0.00,0.00,0.00,411490,491164,576610,424595,504269,587094,0,0,0,0,0,0,0,120344,0,149.62,149.74,150.09
95,3,0,0,0,90577,90577,90577,6702,6702,6702,591,591,591,0.00,0.00,0.00,0.00,0.00,0.00,0.00,0.00,0.00,0.00,0.00,0.00,0.00,0.00,0.00,0.00,0.00,0.00,0.00,0.00,0.00,293549,442835,946163,306654,456460,959268,0,0,0,0,0,0,0,111245,0,138.60,138.74,138.96
96,0,0,3,16,87993,90064,90583,6696,7214,9286,591,591,591,0.00,0.00,0.00,0.00,0.00,0.00,0.00,0.00,0.00,0.00,0.00,0.00,0.00,0.00,0.00,0.00,0.00,0.00,0.00,0.00,0.01,311895,555627,1108665,325000,648401,1124390,0,0,0,0,0,0,0,122851,0,151.84,152.20,153.23
96,1,0,0,0,90580,90580,90580,6699,6699,6699,591,591,591,0.00,0.00,0.00,0.00,0.00,0.00,0.00,0.00,0.00,0.00,0.00,0.00,0.00,0.00,0.00,0.00,0.00,0.00,0.00,0.00,0.00,301409,385794,623747,335482,463898,636850,0,0,0,0,0,0,0,113139,0,141.36,141.39,141.45
96,2,0,0,0,90578,90578,90578,6701,6701,6701,591,591,591,0.00,0.00,0.00,0.00,0.00,0.00,0.00,0.00,0.00,0.00,0.00,0.00,0.00,0.00,0.00,0.00,0.00,0.00,0.00,0.00,0.00,411487,434545,500598,424592,490629,644696,0,0,0,0,0,0,0,122400,0,150.49,151.49,152.43
96,3,0,10,53,87987,89545,90577,6702,7734,9292,591,591,591,0.00,0.00,0.00,0.00,0.00,0.00,0.00,0.00,0.00,0.00,0.00,0.00,0.00,0.00,0.00,0.00,0.00,0.00,0.00,0.00,0.01,304021,386839,592340,319746,503209,765375,0,0,0,0,0,0,0,113682,0,138.99,140.03,141.36
97,0,0,4,11,86993,87593,87993,9286,9686,10286,591,591,591,0.00,0.00,0.00,0.00,0.00,0.00,0.00,0.00,0.00,0.00,0.00,0.00,0.00,0.00,0.00,0.00,0.00,0.00,0.00,0.00,0.00,298789,369027,545133,309273,516324,639513,0,0,0,0,0,0,0,121758,0,152.13,152.98,153.37
97,1,0,10,52,86990,87794,88010,9269,9485,10289,591,591,591,0.00,0.00,0.00,0.00,0.00,0.00,0.00,0.00,0.00,0.00,0.00,0.00,0.00,0.00,0.00,0.00,0.00,0.00,0.00,0.00,0.01,359067,439248,545114,408872,594926,825534,0,0,0,0,0,0,0,99548,0,142.14,142.54,142.68
97,2,0,2,8,86988,87792,88008,9271,9487,10291,591,591,591,0.00,0.00,0.00,0.00,0.00,0.00,0.00,0.00,0.00,0.00,0.00,0.00,0.00,0.00,0.00,0.00,0.00,0.00,0.00,0.00,0.01,414090,581311,867545,490094,752726,1119258,0,0,0,0,0,0,0,90408,0,151.72,152.53,153.21
97,3,0,0,3,86987,87387,87987,9292,9892,10292,591,591,591,0.00,0.00,0.00,0.00,0.00,0.00,0.00,0.00,0.00,0.00,0.00,0.00,0.00,0.00,0.00,0.00,0.00,0.00,0.00,0.00,0.00,306606,329188,345998,319709,452900,592325,0,0,0,0,0,0,0,112143,0,140.75,141.70,142.32
98,0,0,3,11,82215,85018,86853,10446,12266,15064,591,591,591,0.00,0.02,0.09,0.00,0.01,0.04,0.00,0.00,0.00,0.00,0.00,0.00,0.00,0.00,0.00,0.00,0.00,0.00,0.00,0.01,0.05,298774,767527,2152027,359051,1522626,4733935,0,214280,809959,0,0,0,0,98525,0,152.02,154.85,159.15
98,1,0,4,12,82172,85005,86850,10429,12274,15107,591,591,591,0.00,0.02,0.07,0.00,0.01,0.03,0.00,0.00,0.00,0.00,0.00,0.00,0.00,0.00,0.00,0.00,0.00,0.00,0.00,0.01,0.04,298692,870319,1837137,379916,1431118,3723172,0,0,0,0,1987727211,0,0,122370,0,141.69,145.26,150.61
98,2,0,19,75,82170,84998,86828,10451,12281,15109,591,591,591,0.00,0.02,0.06,0.00,0.01,0.03,0.00,0.00,0.00,0.00,0.00,0.00,0.00,0.00,0.00,0.00,0.00,0.00,0.00,0.01,0.06,228008,825673,1244816,290907,1278008,2696665,0,0,0,0,0,0,0,129999,0,150.19,152.74,159.86
98,3,0,15,58,82169,84997,86827,10432,12277,15110,591,591,591,0.00,0.02,0.07,0.00,0.01,0.03,0.00,0.00,0.00,0.00,0.00,0.00,0.00,0.00,0.00,0.00,0.00,0.00,0.00,0.02,0.05,322371,798897,1858202,482246,1512838,3826482,0,0,0,0,0,0,0,135096,0,139.34,142.44,148.25
99,0,0,0,4,82005,82031,82105,15174,15248,15274,591,591,591,0.00,0.00,0.00,0.00,0.00,0.00,0.00,0.00,0.00,0.00,0.00,0.00,0.00,0.00,0.00,0.00,0.00,0.00,0.00,0.00,0.00,298784,1217490,2747297,311888,1651896,3584569,0,0,0,0,0,0,0,122351,0,152.80,157.66,159.57
99,1,0,0,2,81962,81994,82092,15167,15281,15317,591,591,591,0.00,0.00,0.00,0.00,0.00,0.00,0.00,0.00,0.00,0.00,0.00,0.00,0.00,0.00,0.00,0.00,0.00,0.00,0.00,0.00,0.00,298790,1117685,2238971,311895,1507197,3059578,0,0,0,0,0,0,0,113884,0,142.42,148.60,150.94
99,2,0,0,0,81960,81992,82090,15189,15287,15319,591,591,591,0.00,0.00,0.00,0.00,0.00,0.00,0.00,0.00,0.00,0.00,0.00,0.00,0.00,0.00,0.00,0.00,0.00,0.00,0.00,0.00,0.00,414103,1251018,2498616,427208,1650058,3331488,0,524,2620,0,0,0,0,120722,0,150.49,156.68,159.71
99,3,0,0,0,81959,81985,82059,15220,15294,15320,591,591,591,0.00,0.00,0.00,0.00,0.00,0.00,0.00,0.00,0.00,0.00,0.00,0.00,0.00,0.00,0.00,0.00,0.00,0.00,0.00,0.00,0.00,308781,1281998,3008618,324482,1693452,3883948,0,0,0,0,524,2620,0,84013,0,139.72,146.36,148.60
100,0,0,6,30,81387,81818,82005,15274,15460,15892,591,591,591,0.00,0.02,0.10,0.00,0.01,0.04,0.00,0.00,0.00,0.00,0.00,0.00,0.00,0.00,0.00,0.00,0.00,0.00,0.00,0.01,0.04,304031,927772,2272284,319757,1042037,2440019,0,0,0,0,0,0,0,151886,0,152.80,155.64,166.82
100,1,0,6,25,81424,81815,81962,15317,15462,15855,591,591,591,0.00,0.02,0.09,0.00,0.01,0.04,0.00,0.01,0.04,0.00,0.00,0.00,0.00,0.00,0.00,0.00,0.00,0.00,0.00,0.01,0.03,296167,566090,922537,309272,672493,1040475,0,0,0,0,0,0,0,124768,0,142.15,144.48,153.59
100,2,0,0,2,81322,81769,81960,15319,15509,15957,591,591,591,0.00,0.02,0.08,0.00,0.01,0.04,0.00,0.01,0.04,0.00,0.00,0.00,0.00,0.00,0.00,0.00,0.00,0.00,0.00,0.00,0.00,408847,699229,969656,424572,783094,1108553,0,0,0,0,0,0,0,137546,0,150.98,155.26,168.71
100,3,0,0,1,81381,81800,81959,15320,15478,15898,591,591,591,0.00,0.02,0.11,0.00,0.01,0.05,0.00,0.01,0.05,0.00,0.00,0.00,0.00,0.00,0.00,0.00,0.00,0.00,0.00,0.01,0.04,301421,615893,1098150,314526,722822,1244920,0,0,0,0,0,0,0,127722,0,140.14,144.05,155.19
101,0,0,0,2,81383,81383,81385,15894,15895,15896,591,591,591,0.00,0.00,0.00,0.00,0.00,0.00,0.00,0.01,0.04,0.00,0.00,0.00,0.00,0.00,0.00,0.00,0.00,0.00,0.00,0.00,0.00,309266,378975,636911,322370,461268,652637,0,0,0,0,0,0,0,121908,0,152.98,164.38,167.33
101,1,0,0,2,81420,81420,81422,15857,15858,15859,591,591,591,0.00,0.00,0.00,0.00,0.00,0.00,0.00,0.00,0.00,0.00,0.00,0.00,0.00,0.00,0.00,0.00,0.00,0.00,0.00,0.00,0.00,309272,509488,930395,324998,587588,946120,0,0,0,0,0,0,0,127541,0,141.85,151.10,153.67
101,2,0,4,19,81318,81318,81320,15959,15960,15961,591,591,591,0.00,0.01,0.05,0.00,0.01,0.02,0.00,0.00,0.02,0.00,0.00,0.00,0.00,0.00,0.00,0.00,0.00,0.00,0.00,0.01,0.03,448133,606984,988068,466529,710769,1315678,0,0,0,0,0,0,0,135988,0,151.14,164.33,168.37
101,3,0,0,3,81377,81377,81379,15900,15901,15902,591,591,591,0.00,0.00,0.00,0.00,0.00,0.00,0.00,0.00,0.00,0.00,0.00,0.00,0.00,0.00,0.00,0.00,0.00,0.00,0.00,0.00,0.00,309267,370577,600131,322371,449198,681371,0,0,0,0,0,0,0,111205,0,139.06,150.48,154.52
102,0,0,0,0,81383,81383,81383,15896,15896,15896,591,591,591,0.00,0.00,0.00,0.00,0.00,0.00,0.00,0.00,0.00,0.00,0.00,0.00,0.00,0.00,0.00,0.00,0.00,0.00,0.00,0.00,0.00,296115,324000,417065,311644,337813,425791,0,0,0,0,0,0,0,121702,0,151.94,152.10,152.25
102,1,0,0,0,81420,81420,81420,15859,15859,15859,591,591,591,0.00,0.00,0.00,0.00,0.00,0.00,0.00,0.00,0.00,0.00,0.00,0.00,0.00,0.00,0.00,0.00,0.00,0.00,0.00,0.00,0.00,206181,303183,358339,216665,316788,371322,0,0,0,0,0,0,0,113315,0,141.47,141.53,141.65
102,2,0,0,0,81318,81318,81318,15961,15961,15961,591,591,591,0.00,0.00,0.00,0.00,0.00,0.00,0.00,0.00,0.00,0.00,0.00,0.00,0.00,0.00,0.00,0.00,0.00,0.00,0.00,0.00,0.00,424593,668203,1304888,440137,682253,1317483,0,0,0,0,0,0,0,120323,0,150.51,150.81,151.10
102,3,0,0,0,81377,81377,81377,15902,15902,15902,591,591,591,0.00,0.00,0.00,0.00,0.00,0.00,0.00,0.00,0.00,0.00,0.00,0.00,0.00,0.00,0.00,0.00,0.00,0.00,0.00,0.00,0.00,306648,411659,592331,319753,425287,605435,0,0,0,0,0,0,0,110798,0,138.51,138.81,139.16
103,0,0,0,0,81383,81383,81383,15896,15896,15896,591,591,591,0.00,0.00,0.00,0.00,0.00,0.00,0.00,0.00,0.00,0.00,0.00,0.00,0.00,0.00,0.00,0.00,0.00,0.00,0.00,0.00,0.00,301394,352775,524186,314498,366928,539912,0,0,0,0,0,0,0,121588,0,151.91,151.99,152.06
103,1,0,0,0,81420,81420,81420,15859,15859,15859,591,591,591,0.00,0.00,0.00,0.00,0.00,0.00,0.00,0.00,0.00,0.00,0.00,0.00,0.00,0.00,0.00,0.00,0.00,0.00,0.00,0.00,0.00,309273,394188,629021,322378,407293,642126,0,0,0,0,0,0,0,113176,0,141.46,141.48,141.52
103,2,0,0,0,81318,81318,81318,15961,15961,15961,591,591,591,0.00,0.00,0.00,0.00,0.00,0.00,0.00,0.00,0.00,0.00,0.00,0.00,0.00,0.00,0.00,0.00,0.00,0.00,0.00,0.00,0.00,372178,417659,448180,380914,430934,463905,0,0,0,0,0,0,0,120297,0,150.24,150.31,150.35
103,3,0,0,0,81377,81377,81377,15902,15902,15902,591,591,591,0.00,0.00,0.00,0.00,0.00,0.00,0.00,0.00,0.00,0.00,0.00,0.00,0.00,0.00,0.00,0.00,0.00,0.00,0.00,0.00,0.00,10483,385276,933064,26209,398905,946169,0,0,0,0,0,0,0,110689,0,138.10,138.19,138.28
104,0,0,0,0,81383,81383,81383,15896,15896,15896,591,591,591,0.00,0.00,0.00,0.00,0.00,0.00,0.00,0.00,0.00,0.00,0.00,0.00,0.00,0.00,0.00,0.00,0.00,0.00,0.00,0.00,0.00,311892,529430,1016925,324997,543058,1032650,0,0,0,0,0,0,0,121139,0,151.47,151.66,151.88
104,1,0,0,0,81420,81420,81420,15859,15859,15859,591,591,591,0.00,0.00,0.00,0.00,0.00,0.00,0.00,0.00,0.00,0.00,0.00,0.00,0.00,0.00,0.00,0.00,0.00,0.00,0.00,0.00,0.00,298769,315556,340722,311890,329709,353827,0,0,0,0,0,0,0,113036,0,141.29,141.38,141.48
104,2,0,0,0,81318,81318,81318,15961,15961,15961,591,591,591,0.00,0.00,0.00,0.00,0.00,0.00,0.00,0.00,0.00,0.00,0.00,0.00,0.00,0.00,0.00,0.00,0.00,0.00,0.00,0.00,0.00,411484,445027,545126,427210,459180,560851,0,0,0,0,0,0,0,120477,0,150.23,150.30,150.40
104,3,0,0,0,81377,81377,81377,15902,15902,15902,591,591,591,0.00,0.00,0.00,0.00,0.00,0.00,0.00,0.00,0.00,0.00,0.00,0.00,0.00,0.00,0.00,0.00,0.00,0.00,0.00,0.00,0.00,293532,317020,380035,308981,330627,395761,0,0,0,0,0,0,0,111518,0,138.55,138.89,139.20
105,0,0,0,0,81381,81382,81383,15896,15896,15898,591,591,591,0.00,0.00,0.00,0.00,0.00,0.00,0.00,0.00,0.00,0.00,0.00,0.00,0.00,0.00,0.00,0.00,0.00,0.00,0.00,0.00,0.00,301400,1469018,2901319,317126,1514447,3006154,0,0,0,0,0,0,0,91122,0,151.45,151.58,151.74
105,1,0,0,0,81418,81419,81420,15859,15859,15861,591,591,591,0.00,0.00,0.00,0.00,0.00,0.00,0.00,0.00,0.00,0.00,0.00,0.00,0.00,0.00,0.00,0.00,0.00,0.00,0.00,0.00,0.00,296162,1596354,3695491,311888,1640691,3789844,0,0,0,0,0,0,0,113070,0,141.25,141.28,141.31
105,2,0,0,0,81314,81317,81318,15961,15962,15965,591,591,591,0.00,0.00,0.00,0.00,0.00,0.00,0.00,0.00,0.00,0.00,0.00,0.00,0.00,0.00,0.00,0.00,0.00,0.00,0.00,0.00,0.00,416730,1984463,4524265,429834,2026256,4611074,0,0,0,0,0,0,0,120538,0,150.41,150.47,150.51
105,3,0,0,0,81375,81376,81377,15902,15902,15904,591,591,591,0.00,0.00,0.00,0.00,0.00,0.00,0.00,0.00,0.00,0.00,0.00,0.00,0.00,0.00,0.00,0.00,0.00,0.00,0.00,0.00,0.00,314512,1620072,3714758,330238,1677080,3856322,0,0,0,0,0,0,0,110948,0,138.58,138.85,139.11
106,0,3,10,18,62789,69250,77187,20192,28081,34554,591,591,591,0.01,0.06,0.10,0.00,0.02,0.04,0.00,0.02,0.03,0.00,0.00,0.00,0.00,0.00,0.01,0.00,0.00,0.00,0.00,0.02,0.03,314474,770744,2194835,1645748,2007328,2486438,0,0,0,0,0,0,0,152232,0,156.11,173.29,189.60
106,1,2,11,24,75014,76568,79894,17325,20571,22265,591,591,591,0.00,0.06,0.16,0.00,0.02,0.05,0.00,0.02,0.05,0.00,0.00,0.00,0.00,0.00,0.01,0.00,0.00,0.00,0.00,0.02,0.04,327582,531463,953901,1103298,1775221,2230127,0,0,0,0,0,0,0,140002,0,142.76,155.10,169.97
106,2,2,16,26,53198,63456,74574,22705,33823,44083,591,591,591,0.00,0.11,0.17,0.00,0.04,0.07,0.00,0.04,0.06,0.00,0.00,0.00,0.00,0.01,0.01,0.00,0.00,0.00,0.00,0.03,0.05,5241,826183,2258036,1775592,2167479,2454606,0,0,0,0,0,0,0,171736,0,153.38,178.25,207.41
106,3,9,14,21,62691,69021,77081,20178,28213,34588,591,591,591,0.04,0.07,0.11,0.02,0.03,0.04,0.01,0.02,0.04,0.00,0.00,0.00,0.00,0.00,0.01,0.00,0.00,0.00,0.01,0.02,0.03,311852,383145,649935,1244789,1798844,2209256,0,0,0,0,0,0,0,162686,0,142.28,157.97,173.65
107,0,0,20,91,62713,62713,62713,34566,34566,34566,591,591,591,0.00,0.13,0.55,0.00,0.04,0.19,0.00,0.05,0.17,0.00,0.00,0.00,0.00,0.01,0.03,0.00,0.00,0.00,0.00,0.03,0.15,314508,655735,1040523,327612,1065611,2036222,0,0,0,0,0,0,0,191562,0,207.60,219.11,234.38
107,1,0,0,0,75014,75014,75014,22265,22265,22265,591,591,591,0.00,0.00,0.00,0.00,0.00,0.00,0.00,0.00,0.00,0.00,0.00,0.00,0.00,0.00,0.00,0.00,0.00,0.00,0.00,0.00,0.00,306651,412534,610682,324996,565597,812496,0,0,0,0,0,0,0,113305,0,152.46,160.93,167.99
107,2,0,41,81,50376,50416,50578,46721,46866,46903,591,591,591,0.00,0.25,0.69,0.00,0.08,0.22,0.00,0.07,0.22,0.00,0.00,0.00,0.00,0.01,0.04,0.00,0.00,0.00,0.02,0.08,0.18,411130,708215,1176672,424223,1219526,2056867,0,0,0,0,0,0,0,225109,0,212.09,247.47,280.68
107,3,0,20,100,62687,62687,62687,34592,34592,34592,591,591,591,0.00,0.11,0.46,0.00,0.04,0.16,0.00,0.03,0.14,0.00,0.00,0.00,0.00,0.01,0.02,0.00,0.00,0.00,0.00,0.03,0.13,290382,505182,1223845,306078,710115,2075558,0,0,0,0,0,0,0,83791,0,191.47,206.89,219.48
108,0,0,0,0,62713,62713,62713,34566,34566,34566,591,591,591,0.00,0.00,0.00,0.00,0.00,0.00,0.00,0.00,0.00,0.00,0.00,0.00,0.00,0.00,0.00,0.00,0.00,0.00,0.00,0.00,0.00,298785,423013,560862,314510,441360,573966,0,0,0,0,0,0,0,121285,0,151.43,156.47,176.01
108,1,0,0,0,75014,75014,75014,22265,22265,22265,591,591,591,0.00,0.00,0.00,0.00,0.00,0.00,0.00,0.00,0.00,0.00,0.00,0.00,0.00,0.00,0.00,0.00,0.00,0.00,0.00,0.00,0.00,20967,316607,631638,34071,330760,647364,0,0,0,0,0,0,0,99024,0,141.52,141.55,141.60
108,2,0,0,0,50376,50376,50376,46903,46903,46903,591,591,591,0.00,0.00,0.00,0.00,0.00,0.00,0.00,0.00,0.00,0.00,0.00,0.00,0.00,0.00,0.00,0.00,0.00,0.00,0.00,0.00,0.00,414108,553535,833430,429833,571882,849155,0,0,0,0,0,0,0,85432,0,149.59,197.79,256.16
108,3,0,0,0,62687,62687,62687,34592,34592,34592,591,591,591,0.00,0.00,0.00,0.00,0.00,0.00,0.00,0.00,0.00,0.00,0.00,0.00,0.00,0.00,0.00,0.00,0.00,0.00,0.00,0.00,0.00,301405,424584,553029,317115,441358,563513,0,0,0,0,0,0,0,111299,0,138.98,141.43,149.56
109,0,0,0,0,62713,62713,62713,34566,34566,34566,591,591,591,0.00,0.00,0.00,0.00,0.00,0.00,0.00,0.00,0.00,0.00,0.00,0.00,0.00,0.00,0.00,0.00,0.00,0.00,0.00,0.00,0.00,296172,345437,518933,309277,359591,534659,0,0,0,0,0,0,0,121143,0,151.31,152.48,157.06
109,1,0,6,30,75014,75014,75014,22265,22265,22265,591,591,591,0.00,0.05,0.17,0.00,0.03,0.10,0.00,0.01,0.04,0.00,0.00,0.00,0.00,0.00,0.00,0.00,0.00,0.00,0.00,0.03,0.11,298749,657825,1006395,314201,815498,1244340,0,0,0,0,0,0,0,137508,0,141.36,149.76,164.84
109,2,0,0,0,50376,50376,50376,46903,46903,46903,591,591,591,0.00,0.00,0.00,0.00,0.00,0.00,0.00,0.00,0.00,0.00,0.00,0.00,0.00,0.00,0.00,0.00,0.00,0.00,0.00,0.00,0.00,241123,542709,1197706,254228,556245,1210811,0,0,0,0,0,0,0,119421,0,149.20,149.33,149.50
109,3,0,7,39,62687,62687,62687,34592,34592,34592,591,591,591,0.00,0.03,0.13,0.00,0.02,0.09,0.00,0.00,0.00,0.00,0.00,0.00,0.00,0.00,0.00,0.00,0.00,0.00,0.00,0.02,0.10,296167,398367,707580,309271,481181,1069232,0,0,0,0,0,0,0,111495,0,138.88,140.79,148.17
110,0,31,58,100,58689,59638,62713,34566,37640,38590,591,591,591,0.18,0.29,0.51,0.08,0.12,0.19,0.00,0.07,0.14,0.00,0.00,0.00,0.00,0.01,0.02,0.00,0.00,0.00,0.07,0.10,0.17,307001,440418,794066,720753,1082623,1372161,0,0,0,0,0,0,0,243455,0,183.50,240.17,287.00
110,1,0,0,0,75014,75014,75014,22265,22265,22265,591,591,591,0.00,0.00,0.00,0.00,0.00,0.00,0.00,0.00,0.00,0.00,0.00,0.00,0.00,0.00,0.00,0.00,0.00,0.00,0.00,0.00,0.00,309271,362735,442935,322376,413755,532917,0,0,0,0,0,0,0,113159,0,141.37,156.60,165.24
110,2,0,11,38,50376,50376,50376,46903,46903,46903,591,591,591,0.00,0.08,0.31,0.00,0.04,0.18,0.00,0.02,0.04,0.00,0.00,0.00,0.00,0.00,0.01,0.00,0.00,0.00,0.00,0.04,0.17,405546,514576,733698,418886,716926,1477879,0,0,0,0,0,0,0,151230,0,149.13,166.44,179.87
110,3,0,3,16,62687,62687,62687,34592,34592,34592,591,591,591,0.00,0.04,0.20,0.00,0.02,0.09,0.00,0.01,0.06,0.00,0.00,0.00,0.00,0.00,0.01,0.00,0.00,0.00,0.00,0.01,0.07,301405,317653,330239,317131,451318,689295,0,0,0,0,0,0,0,125899,0,161.61,167.02,168.78
111,0,0,0,0,58689,58689,58689,38590,38590,38590,591,591,591,0.00,0.00,0.00,0.00,0.00,0.00,0.00,0.01,0.06,0.00,0.00,0.00,0.00,0.00,0.00,0.00,0.00,0.00,0.00,0.00,0.00,311897,545677,1129631,325002,559306,1142736,0,0,0,0,0,0,0,121321,0,151.53,203.48,262.48
111,1,0,0,0,75014,75014,75014,22265,22265,22265,591,591,591,0.00,0.00,0.00,0.00,0.00,0.00,0.00,0.00,0.00,0.00,0.00,0.00,0.00,0.00,0.00,0.00,0.00,0.00,0.00,0.00,0.00,296167,374789,621156,311891,388942,636881,0,0,0,0,0,0,0,113110,0,141.41,141.49,141.53
111,2,0,0,0,50376,50376,50376,46903,46903,46903,591,591,591,0.00,0.00,0.00,0.00,0.00,0.00,0.00,0.00,0.00,0.00,0.00,0.00,0.00,0.00,0.00,0.00,0.00,0.00,0.00,0.00,0.00,421943,470190,560875,437667,483295,571359,0,0,0,0,0,0,0,119431,0,149.11,159.68,180.47
111,3,0,0,0,62687,62687,62687,34592,34592,34592,591,591,591,0.00,0.00,0.00,0.00,0.00,0.00,0.00,0.00,0.00,0.00,0.00,0.00,0.00,0.00,0.00,0.00,0.00,0.00,0.00,0.00,0.00,5241,393664,912095,20966,406769,925200,0,0,0,0,0,0,0,125402,0,139.13,139.37,139.80
112,0,0,0,0,58689,58689,58689,38590,38590,38590,591,591,591,0.00,0.00,0.00,0.00,0.00,0.00,0.00,0.00,0.00,0.00,0.00,0.00,0.00,0.00,0.00,0.00,0.00,0.00,0.00,0.00,0.00,293546,362736,576603,309272,376889,592329,0,0,0,0,0,0,0,121128,0,151.25,151.34,151.53
112,1,0,0,0,75014,75014,75014,22265,22265,22265,591,591,591,0.00,0.00,0.00,0.00,0.00,0.00,0.00,0.00,0.00,0.00,0.00,0.00,0.00,0.00,0.00,0.00,0.00,0.00,0.00,0.00,0.00,5241,301929,456037,20967,321324,490108,0,0,0,0,0,0,0,127131,0,141.27,141.31,141.33
112,2,0,0,0,50376,50376,50376,46903,46903,46903,591,591,591,0.00,0.00,0.00,0.00,0.00,0.00,0.00,0.00,0.00,0.00,0.00,0.00,0.00,0.00,0.00,0.00,0.00,0.00,0.00,0.00,0.00,416731,540959,904219,429836,556160,919944,0,0,0,0,0,0,0,119577,0,149.08,149.11,149.14
112,3,0,0,0,62687,62687,62687,34592,34592,34592,591,591,591,0.00,0.00,0.00,0.00,0.00,0.00,0.00,0.00,0.00,0.00,0.00,0.00,0.00,0.00,0.00,0.00,0.00,0.00,0.00,0.00,0.00,309271,367664,443464,324996,387978,479351,0,0,0,0,0,0,0,111482,0,139.00,139.09,139.22
113,0,0,0,0,58689,58689,58689,38590,38590,38590,591,591,591,0.00,0.00,0.00,0.00,0.00,0.00,0.00,0.00,0.00,0.00,0.00,0.00,0.00,0.00,0.00,0.00,0.00,0.00,0.00,0.00,0.00,144150,392477,518911,159876,413444,553023,0,0,0,0,0,0,0,90776,0,151.31,151.33,151.37
113,1,0,0,0,75014,75014,75014,22265,22265,22265,591,591,591,0.00,0.00,0.00,0.00,0.00,0.00,0.00,0.00,0.00,0.00,0.00,0.00,0.00,0.00,0.00,0.00,0.00,0.00,0.00,0.00,0.00,291256,470540,922562,306859,484269,935667,0,0,0,0,0,0,0,113063,0,141.27,141.29,141.31
113,2,0,0,0,50376,50376,50376,46903,46903,46903,591,591,591,0.00,0.00,0.00,0.00,0.00,0.00,0.00,0.00,0.00,0.00,0.00,0.00,0.00,0.00,0.00,0.00,0.00,0.00,0.00,0.00,0.00,34071,745007,1313103,47176,764009,1326208,0,0,0,0,0,0,0,119382,0,148.96,149.05,149.12
113,3,0,0,0,62687,62687,62687,34592,34592,34592,591,591,591,0.00,0.00,0.00,0.00,0.00,0.00,0.00,0.00,0.00,0.00,0.00,0.00,0.00,0.00,0.00,0.00,0.00,0.00,0.00,0.00,0.00,298786,340282,417598,311891,352732,428081,0,0,0,0,0,0,0,111224,0,138.92,139.04,139.16
114,0,0,0,0,58689,58689,58689,38590,38590,38590,591,591,591,0.00,0.00,0.00,0.00,0.00,0.00,0.00,0.00,0.00,0.00,0.00,0.00,0.00,0.00,0.00,0.00,0.00,0.00,0.00,0.00,0.00,208224,339389,571382,220370,352302,587108,0,0,0,0,0,0,0,121054,0,151.12,151.19,151.23
114,1,0,0,0,75014,75014,75014,22265,22265,22265,591,591,591,0.00,0.00,0.00,0.00,0.00,0.00,0.00,0.00,0.00,0.00,0.00,0.00,0.00,0.00,0.00,0.00,0.00,0.00,0.00,0.00,0.00,292749,405210,636888,305589,417792,649993,0,0,0,0,0,0,0,113114,0,141.33,141.34,141.38
114,2,0,0,0,50376,50376,50376,46903,46903,46903,591,591,591,0.00,0.00,0.00,0.00,0.00,0.00,0.00,0.00,0.00,0.00,0.00,0.00,0.00,0.00,0.00,0.00,0.00,0.00,0.00,0.00,0.00,416731,448162,542529,429836,462276,558255,0,0,0,0,0,0,0,119563,0,149.09,149.16,149.25
114,3,0,0,0,62687,62687,62687,34592,34592,34592,591,591,591,0.00,0.00,0.00,0.00,0.00,0.00,0.00,0.00,0.00,0.00,0.00,0.00,0.00,0.00,0.00,0.00,0.00,0.00,0.00,0.00,0.00,301392,339143,474382,314496,352772,487487,0,0,0,0,0,0,0,111083,0,138.69,138.81,138.96
115,0,0,0,0,58689,58689,58689,38590,38590,38590,591,591,591,0.00,0.00,0.00,0.00,0.00,0.00,0.00,0.00,0.00,0.00,0.00,0.00,0.00,0.00,0.00,0.00,0.00,0.00,0.00,0.00,0.00,298785,545160,1362923,314510,559837,1376028,0,0,0,0,0,0,0,136163,0,151.18,151.22,151.27
115,1,0,0,0,75014,75014,75014,22265,22265,22265,591,591,591,0.00,0.00,0.00,0.00,0.00,0.00,0.00,0.00,0.00,0.00,0.00,0.00,0.00,0.00,0.00,0.00,0.00,0.00,0.00,0.00,0.00,298787,391044,621166,314513,405197,634271,0,0,0,0,0,0,0,113050,0,141.26,141.35,141.39
115,2,0,0,0,50376,50376,50376,46903,46903,46903,591,591,591,0.00,0.00,0.00,0.00,0.00,0.00,0.00,0.00,0.00,0.00,0.00,0.00,0.00,0.00,0.00,0.00,0.00,0.00,0.00,0.00,0.00,419347,485220,609800,432451,497975,618536,0,0,0,0,0,0,0,119484,0,149.03,149.09,149.19
115,3,0,0,0,62687,62687,62687,34592,34592,34592,591,591,591,0.00,0.00,0.00,0.00,0.00,0.00,0.00,0.00,0.00,0.00,0.00,0.00,0.00,0.00,0.00,0.00,0.00,0.00,0.00,0.00,0.00,10483,404672,964505,26209,418301,974989,0,0,0,0,0,0,0,125000,0,138.72,138.76,138.88
116,0,0,0,0,58689,58689,58689,38590,38590,38590,591,591,591,0.00,0.00,0.00,0.00,0.00,0.00,0.00,0.00,0.00,0.00,0.00,0.00,0.00,0.00,0.00,0.00,0.00,0.00,0.00,0.00,0.00,296167,395235,571360,524190,995430,1556844,0,0,0,0,0,0,0,121049,0,151.24,151.27,151.30
116,1,0,25,42,40404,52310,75014,22265,44968,56895,591,591,591,0.00,0.16,0.42,0.00,0.06,0.15,0.00,0.05,0.14,0.00,0.00,0.00,0.00,0.01,0.03,0.00,0.00,0.00,0.00,0.04,0.11,296133,438185,644695,652602,1648403,2793679,0,0,0,0,0,0,0,180757,0,145.19,192.54,220.49
116,2,0,0,0,50376,50376,50376,46903,46903,46903,591,591,591,0.00,0.02,0.08,0.00,0.01,0.03,0.00,0.00,0.02,0.00,0.00,0.00,0.00,0.00,0.00,0.00,0.00,0.00,0.00,0.00,0.00,414106,572396,854426,429832,1231279,2104614,0,0,0,0,0,0,0,89488,0,149.08,151.34,160.24
116,3,0,14,28,52507,57585,62687,34592,39689,44772,591,591,591,0.00,0.10,0.26,0.00,0.04,0.11,0.00,0.03,0.08,0.00,0.00,0.00,0.00,0.00,0.01,0.00,0.00,0.00,0.00,0.03,0.07,292985,378331,644740,356447,1333828,1915545,0,0,0,0,0,0,0,136750,0,138.83,164.03,192.67
117,0,0,35,68,42453,47298,58689,38590,49980,54826,591,591,591,0.00,0.16,0.27,0.00,0.06,0.11,0.00,0.04,0.08,0.00,0.00,0.00,0.00,0.01,0.02,0.00,0.00,0.00,0.00,0.04,0.07,319725,429278,623733,697079,1457647,2306241,0,0,0,0,0,0,0,234574,0,151.24,204.61,252.51
117,1,29,62,100,40182,40183,40184,57095,57095,57097,591,591,591,0.21,0.46,0.82,0.09,0.17,0.30,0.03,0.12,0.27,0.00,0.00,0.00,0.01,0.02,0.05,0.00,0.00,0.00,0.05,0.14,0.27,18345,894738,2418966,969707,1970377,3333614,0,0,0,0,0,0,0,297116,0,228.20,296.94,341.97
117,2,24,48,68,50374,50374,50376,46903,46904,46905,591,591,591,0.25,0.33,0.56,0.09,0.13,0.19,0.03,0.09,0.16,0.00,0.00,0.00,0.01,0.01,0.02,0.00,0.00,0.00,0.02,0.10,0.19,29856,855807,2054948,1089750,2050335,3314019,0,0,0,0,0,0,0,261679,0,185.48,254.06,304.44
117,3,25,59,82,32487,43673,52507,44772,53605,64792,591,591,591,0.11,0.45,0.66,0.04,0.18,0.23,0.02,0.13,0.20,0.00,0.00,0.00,0.00,0.02,0.04,0.00,0.00,0.00,0.02,0.14,0.22,324969,360076,445493,1071905,1542521,2290511,0,0,0,0,0,0,0,247508,0,268.01,313.53,346.24
118,0,24,69,100,38487,40446,42453,54826,56832,58792,591,591,591,0.11,0.49,0.81,0.04,0.19,0.29,0.02,0.13,0.27,0.00,0.00,0.00,0.00,0.02,0.04,0.00,0.00,0.00,0.02,0.14,0.26,324950,452794,786093,930075,1210691,1357453,0,0,0,0,0,0,0,337760,0,323.56,353.65,383.82
118,1,39,61,100,40182,40182,40182,57097,57097,57097,591,591,591,0.16,0.45,0.74,0.06,0.17,0.25,0.03,0.13,0.23,0.00,0.00,0.00,0.00,0.02,0.04,0.00,0.00,0.00,0.03,0.13,0.20,314483,381558,573897,927726,1160405,1391554,0,0,0,0,0,0,0,287789,0,297.80,342.18,367.65
118,2,45,61,93,50374,50374,50374,46905,46905,46905,591,591,591,0.22,0.36,0.53,0.09,0.14,0.21,0.06,0.10,0.14,0.00,0.00,0.00,0.01,0.01,0.02,0.00,0.00,0.00,0.05,0.09,0.19,466485,552942,864750,1239464,1400446,1721639,0,0,0,0,0,0,0,258788,0,294.85,310.66,319.29
118,3,24,66,100,30099,30099,30099,67180,67180,67180,591,591,591,0.10,0.52,0.83,0.04,0.18,0.25,0.02,0.15,0.28,0.00,0.00,0.00,0.00,0.03,0.05,0.00,0.00,0.00,0.02,0.13,0.18,332873,576314,1027275,706889,1228237,2044069,0,0,0,0,0,0,0,341162,0,287.09,324.22,375.00
119,0,27,54,100,38485,38485,38485,58794,58794,58794,591,591,591,0.17,0.40,0.81,0.07,0.15,0.25,0.05,0.11,0.26,0.00,0.00,0.00,0.01,0.02,0.04,0.00,0.00,0.00,0.05,0.13,0.20,324938,534596,864819,804414,1141698,1336538,0,0,0,0,0,0,0,238381,0,306.04,345.69,384.32
119,1,28,55,100,38342,39374,40182,57097,57905,58937,591,591,591,0.13,0.40,0.57,0.05,0.15,0.21,0.03,0.12,0.17,0.00,0.00,0.00,0.00,0.02,0.03,0.00,0.00,0.00,0.02,0.10,0.16,338049,550857,922467,1066523,1301404,1624800,0,0,0,0,0,0,0,328331,0,309.85,337.17,367.81
119,2,30,54,100,50374,50374,50374,46905,46905,46905,591,591,591,0.21,0.36,0.68,0.08,0.14,0.25,0.05,0.11,0.21,0.00,0.00,0.00,0.01,0.01,0.03,0.00,0.00,0.00,0.05,0.09,0.11,453359,676119,1121639,998402,1380533,1734872,0,0,0,0,0,0,0,308253,0,300.45,308.60,322.12
119,3,29,49,92,30099,30099,30099,67180,67180,67180,591,591,591,0.19,0.28,0.55,0.07,0.11,0.21,0.05,0.08,0.15,0.00,0.00,0.00,0.01,0.01,0.02,0.00,0.00,0.00,0.04,0.08,0.19,278235,339024,413572,884823,1059102,1162835,0,0,0,0,0,0,0,228269,0,291.14,347.08,403.05
120,0,30,62,100,38485,38485,38485,58794,58794,58794,591,591,591,0.14,0.51,0.80,0.05,0.19,0.28,0.03,0.14,0.23,0.00,0.00,0.00,0.00,0.02,0.04,0.00,0.00,0.00,0.02,0.13,0.22,340702,523603,849105,691887,1174041,1936694,0,0,0,0,0,0,0,236963,0,301.01,344.59,390.42
120,1,33,68,100,38342,38342,38342,58937,58937,58937,591,591,591,0.22,0.49,0.78,0.08,0.18,0.27,0.04,0.14,0.25,0.00,0.00,0.00,0.01,0.02,0.04,0.00,0.00,0.00,0.05,0.14,0.21,220133,382441,668248,854328,1021577,1281504,0,0,0,0,0,0,0,277445,0,347.22,376.06,398.15
120,2,27,56,92,44434,44858,46254,51025,52421,52845,591,591,591,0.11,0.41,0.63,0.04,0.16,0.24,0.02,0.12,0.16,0.00,0.00,0.00,0.00,0.02,0.03,0.00,0.00,0.00,0.02,0.13,0.22,322493,693985,1242208,911697,1391518,1920968,0,0,0,0,0,0,0,299317,0,327.23,351.06,371.62
120,3,31,55,90,30097,30098,30099,67180,67180,67182,591,591,591,0.14,0.40,0.60,0.05,0.16,0.26,0.03,0.11,0.18,0.00,0.00,0.00,0.00,0.02,0.03,0.00,0.00,0.00,0.02,0.11,0.20,311864,396770,608004,807187,1174070,1535734,0,0,0,0,0,0,0,253960,0,294.78,320.71,335.92
121,0,31,58,83,38485,38485,38485,58794,58794,58794,591,591,591,0.14,0.38,0.64,0.05,0.14,0.22,0.03,0.11,0.19,0.00,0.00,0.00,0.00,0.02,0.03,0.00,0.00,0.00,0.02,0.11,0.20,324942,382129,569206,904070,1200317,1450890,0,0,0,0,0,0,0,287625,0,359.02,379.38,418.73
121,1,21,49,89,30100,34681,38342,58937,62597,67179,591,591,591,0.09,0.31,0.59,0.03,0.12,0.25,0.02,0.09,0.19,0.00,0.00,0.00,0.00,0.01,0.03,0.00,0.00,0.00,0.02,0.08,0.18,314448,433702,689156,719025,1227243,1383552,0,0,0,0,0,0,0,236059,0,283.53,326.87,358.57
121,2,31,62,100,42444,42444,42444,54835,54835,54835,591,591,591,0.13,0.45,0.73,0.05,0.16,0.27,0.02,0.13,0.21,0.00,0.00,0.00,0.00,0.02,0.04,0.00,0.00,0.00,0.03,0.11,0.21,471690,610603,783619,1058672,1427179,1755937,0,0,0,0,0,0,0,319307,0,336.71,362.90,387.55
121,3,33,80,100,30097,30097,30097,67182,67182,67182,591,591,591,0.26,0.60,0.83,0.10,0.20,0.26,0.08,0.18,0.28,0.00,0.00,0.00,0.01,0.03,0.05,0.00,0.00,0.00,0.05,0.15,0.19,353796,567616,767870,628970,1180843,1724432,0,0,0,0,0,0,0,363949,0,368.06,385.31,411.63
122,0,26,70,100,27585,32685,38485,58794,64599,69694,591,591,591,0.09,0.42,0.76,0.04,0.19,0.26,0.02,0.13,0.25,0.00,0.00,0.00,0.00,0.03,0.04,0.00,0.00,0.00,0.02,0.13,0.20,335565,787474,2091294,901397,1712528,3304665,0,0,0,0,0,0,0,306189,0,355.55,387.94,410.19
122,1,50,81,100,30100,30100,30100,67179,67179,67179,591,591,591,0.54,0.71,0.83,0.19,0.25,0.29,0.13,0.21,0.28,0.00,0.00,0.00,0.03,0.04,0.05,0.00,0.00,0.00,0.16,0.18,0.21,348547,418631,610592,909384,1170720,1336488,0,0,0,0,0,0,0,372145,0,314.36,370.10,425.17
122,2,20,39,89,30118,34396,41304,55995,62887,67161,591,591,591,0.09,0.31,0.63,0.03,0.12,0.26,0.02,0.10,0.21,0.00,0.00,0.00,0.00,0.02,0.04,0.00,0.00,0.00,0.02,0.09,0.17,463865,525446,702352,835969,1573070,1983884,0,0,0,0,0,0,0,137743,0,316.00,362.23,422.10
122,3,32,62,91,30097,30097,30097,67182,67182,67182,591,591,591,0.20,0.44,0.68,0.07,0.17,0.27,0.03,0.12,0.22,0.00,0.00,0.00,0.01,0.02,0.04,0.00,0.00,0.00,0.04,0.12,0.24,314486,405549,547728,880519,1421067,1923601,0,0,0,0,0,0,0,195356,0,349.07,372.65,396.35
123,0,24,65,100,26119,26119,26119,71160,71160,71160,591,591,591,0.38,0.61,0.83,0.03,0.18,0.26,0.08,0.17,0.28,0.00,0.00,0.00,0.00,0.02,0.05,0.00,0.00,0.00,0.02,0.14,0.21,317093,435548,812413,652507,1021524,1457124,0,0,0,0,0,0,0,340854,0,316.82,348.10,397.22
123,1,34,65,100,30100,30100,30100,67179,67179,67179,591,591,591,0.22,0.48,0.81,0.09,0.17,0.30,0.03,0.14,0.27,0.00,0.00,0.00,0.01,0.02,0.05,0.00,0.00,0.00,0.05,0.13,0.24,338090,634152,1022062,875365,1309162,1936634,0,0,0,0,0,0,0,244072,0,355.08,385.81,397.32
123,2,31,75,100,30118,30118,30118,67161,67161,67161,591,591,591,0.21,0.54,0.83,0.08,0.18,0.27,0.07,0.15,0.28,0.00,0.00,0.00,0.01,0.03,0.05,0.00,0.00,0.00,0.06,0.15,0.21,448135,818125,1438750,588576,1373171,2107022,0,0,0,0,0,0,0,363902,0,323.49,364.95,409.05
123,3,44,78,100,30097,30097,30097,67182,67182,67182,591,591,591,0.30,0.56,0.82,0.12,0.20,0.28,0.09,0.17,0.27,0.00,0.00,0.00,0.01,0.03,0.05,0.00,0.00,0.00,0.08,0.15,0.22,244563,341092,418431,702159,909500,1064385,0,0,0,0,0,0,0,280731,0,340.60,368.03,379.62
124,0,31,53,72,26119,26119,26119,71160,71160,71160,591,591,591,0.23,0.39,0.66,0.09,0.15,0.24,0.06,0.11,0.20,0.00,0.00,0.00,0.01,0.02,0.03,0.00,0.00,0.00,0.05,0.11,0.19,324967,428736,592231,946069,1136313,1346933,0,0,0,0,0,0,0,258779,0,333.28,364.16,418.82
124,1,31,57,83,30100,30100,30100,67179,67179,67179,591,591,591,0.30,0.44,0.63,0.11,0.17,0.25,0.08,0.13,0.22,0.00,0.00,0.00,0.01,0.02,0.04,0.00,0.00,0.00,0.08,0.12,0.17,226939,461821,730586,751632,1101189,1561968,0,0,0,0,0,0,0,282260,0,328.54,359.15,394.99
124,2,31,71,100,30098,30106,30118,67161,67173,67181,591,591,591,0.15,0.53,0.83,0.06,0.18,0.28,0.03,0.16,0.28,0.00,0.00,0.00,0.00,0.03,0.05,0.00,0.00,0.00,0.03,0.12,0.18,442752,540522,752149,708589,1116521,1415193,0,0,0,0,0,0,0,305585,0,311.95,370.13,420.04
124,3,29,65,97,27897,29657,30097,67182,67622,69382,591,591,591,0.12,0.46,0.73,0.04,0.17,0.28,0.02,0.14,0.25,0.00,0.00,0.00,0.00,0.02,0.05,0.00,0.00,0.00,0.02,0.11,0.21,330337,452358,704963,859595,1091879,1284133,0,0,0,0,0,0,0,299615,0,313.60,350.40,379.44
125,0,29,58,100,26119,26119,26119,71160,71160,71160,591,591,591,0.13,0.34,0.60,0.05,0.13,0.24,0.03,0.10,0.20,0.00,0.00,0.00,0.00,0.01,0.03,0.00,0.00,0.00,0.02,0.09,0.15,329090,589379,1260534,862157,1364173,2067695,0,0,0,0,0,0,0,281743,0,325.46,334.90,346.09
125,1,32,67,100,30100,30100,30100,67179,67179,67179,591,591,591,0.16,0.46,0.80,0.06,0.17,0.26,0.04,0.13,0.24,0.00,0.00,0.00,0.00,0.02,0.04,0.00,0.00,0.00,0.03,0.12,0.21,421922,663522,1305045,1016700,1341731,1700752,0,0,0,0,0,0,0,332592,0,322.99,354.81,386.35
125,2,30,76,100,30098,30098,30098,67181,67181,67181,591,591,591,0.18,0.57,0.79,0.07,0.21,0.30,0.03,0.16,0.25,0.00,0.00,0.00,0.01,0.03,0.04,0.00,0.00,0.00,0.05,0.16,0.25,379031,597814,820256,885795,1168540,1698166,0,0,0,0,0,0,0,308244,0,392.63,406.39,418.25
125,3,24,65,100,26111,26111,26111,71168,71168,71168,591,591,591,0.10,0.51,0.84,0.04,0.17,0.30,0.02,0.14,0.28,0.00,0.00,0.00,0.00,0.02,0.05,0.00,0.00,0.00,0.02,0.14,0.26,343311,591218,990616,691869,1138415,1679855,0,0,0,0,0,0,0,327822,0,336.80,350.06,362.69
126,0,39,65,100,26119,26119,26119,71160,71160,71160,591,591,591,0.24,0.47,0.81,0.09,0.17,0.25,0.06,0.13,0.27,0.00,0.00,0.00,0.01,0.02,0.04,0.00,0.00,0.00,0.06,0.13,0.19,324965,469606,715430,581659,1100127,1472796,0,0,0,0,0,0,0,274897,0,332.20,365.97,389.39
126,1,31,65,100,30100,30100,30100,67179,67179,67179,591,591,591,0.13,0.50,0.81,0.05,0.18,0.28,0.03,0.14,0.27,0.00,0.00,0.00,0.00,0.02,0.04,0.00,0.00,0.00,0.02,0.13,0.24,317093,475891,953903,752051,1085954,1320769,0,0,0,0,0,0,0,289622,0,372.70,380.25,394.71
126,2,30,69,100,30098,30098,30098,67181,67181,67181,591,591,591,0.14,0.54,0.83,0.05,0.19,0.27,0.03,0.16,0.28,0.00,0.00,0.00,0.00,0.03,0.05,0.00,0.00,0.00,0.02,0.13,0.21,461251,1433835,4170992,841259,1997461,5153480,0,0,0,0,0,0,0,329022,0,381.21,393.84,399.82
126,3,29,49,75,26111,26111,26111,71168,71168,71168,591,591,591,0.18,0.41,0.72,0.07,0.15,0.25,0.04,0.12,0.21,0.00,0.00,0.00,0.01,0.02,0.03,0.00,0.00,0.00,0.03,0.11,0.21,343313,582578,1278870,762429,1215954,2169886,0,0,0,0,0,0,0,331041,0,296.22,346.29,386.57
127,0,28,56,100,26119,26119,26119,71160,71160,71160,591,591,591,0.22,0.44,0.68,0.08,0.17,0.26,0.06,0.13,0.21,0.00,0.00,0.00,0.01,0.02,0.04,0.00,0.00,0.00,0.06,0.12,0.19,322349,439224,739027,739042,1086006,1412539,0,0,0,0,0,0,0,206903,0,342.99,353.27,373.97
127,1,27,76,100,27340,29548,30100,67179,67727,69919,591,591,591,0.11,0.51,0.82,0.04,0.18,0.28,0.02,0.16,0.28,0.00,0.00,0.00,0.00,0.03,0.05,0.00,0.00,0.00,0.02,0.12,0.20,233573,578964,773674,603541,1146478,1580213,0,0,0,0,0,0,0,312403,0,384.76,394.26,406.12
127,2,29,55,100,30098,30098,30098,67181,67181,67181,591,591,591,0.19,0.39,0.78,0.07,0.14,0.26,0.04,0.11,0.25,0.00,0.00,0.00,0.01,0.02,0.04,0.00,0.00,0.00,0.05,0.11,0.21,453378,1042996,2314040,1048272,1742163,3226029,0,0,0,0,0,0,0,206551,0,333.78,359.85,382.21
127,3,27,68,100,26111,26111,26111,71168,71168,71168,591,591,591,0.13,0.50,0.83,0.05,0.17,0.24,0.03,0.15,0.28,0.00,0.00,0.00,0.00,0.03,0.05,0.00,0.00,0.00,0.02,0.12,0.18,327536,441830,552965,815071,993704,1213195,0,0,0,0,0,0,0,188856,0,363.34,370.41,382.76
128,0,31,68,100,26119,26119,26119,71160,71160,71160,591,591,591,0.14,0.52,0.83,0.05,0.18,0.29,0.03,0.15,0.28,0.00,0.00,0.00,0.00,0.03,0.05,0.00,0.00,0.00,0.02,0.13,0.23,324944,649350,1378210,838657,1247373,1603876,0,0,0,0,0,0,0,347605,0,317.11,360.52,395.49
128,1,26,76,100,26112,26112,26112,71167,71167,71167,591,591,591,0.13,0.62,0.83,0.06,0.22,0.31,0.02,0.18,0.28,0.00,0.00,0.00,0.00,0.03,0.05,0.00,0.00,0.00,0.04,0.17,0.28,322312,429776,605335,547740,893611,1221118,0,0,0,0,0,0,0,382034,0,348.75,372.75,435.28
128,2,30,70,100,30098,30098,30098,67181,67181,67181,591,591,591,0.14,0.54,0.75,0.05,0.20,0.28,0.03,0.16,0.22,0.00,0.00,0.00,0.00,0.03,0.04,0.00,0.00,0.00,0.02,0.15,0.25,469093,776935,1404675,846464,1368155,2308804,0,0,0,0,0,0,0,309191,0,340.93,388.68,413.20
128,3,32,64,100,26109,26109,26111,71168,71169,71170,591,591,591,0.14,0.51,0.83,0.05,0.19,0.31,0.03,0.15,0.27,0.00,0.00,0.00,0.00,0.03,0.05,0.00,0.00,0.00,0.02,0.13,0.23,324962,468896,686601,938131,1101699,1263159,0,0,0,0,0,0,0,270159,0,363.63,381.21,399.05
129,0,43,51,58,26119,26119,26119,71160,71160,71160,591,591,591,0.25,0.33,0.45,0.10,0.13,0.16,0.07,0.09,0.12,0.00,0.00,0.00,0.01,0.01,0.02,0.00,0.00,0.00,0.06,0.10,0.12,332822,439618,757371,893643,1189138,1598604,0,0,0,0,0,0,0,281784,0,344.56,381.75,420.54
129,1,31,62,100,26112,26112,26112,71167,71167,71167,591,591,591,0.13,0.46,0.83,0.05,0.15,0.24,0.03,0.14,0.28,0.00,0.00,0.00,0.00,0.02,0.05,0.00,0.00,0.00,0.02,0.10,0.18,322317,782243,1844949,482165,1401998,2717631,0,0,0,0,0,0,0,251953,0,366.08,388.80,435.38
129,2,32,67,100,30098,30098,30098,67181,67181,67181,591,591,591,0.17,0.50,0.83,0.07,0.17,0.27,0.03,0.15,0.25,0.00,0.00,0.00,0.00,0.02,0.04,0.00,0.00,0.00,0.04,0.12,0.21,442798,671243,1208117,754591,1275595,1947139,0,0,0,0,0,0,0,307972,0,384.18,389.46,394.79
129,3,37,57,100,26109,26109,26109,71170,71170,71170,591,591,591,0.20,0.45,0.84,0.08,0.16,0.24,0.06,0.13,0.28,0.00,0.00,0.00,0.01,0.02,0.05,0.00,0.00,0.00,0.05,0.13,0.22,277797,371476,539860,518832,879456,1260548,0,0,0,0,0,0,0,279556,0,340.93,362.08,372.41
130,0,33,69,100,26119,26119,26119,71160,71160,71160,591,591,591,0.27,0.52,0.81,0.11,0.19,0.26,0.06,0.15,0.27,0.00,0.00,0.00,0.01,0.03,0.04,0.00,0.00,0.00,0.08,0.14,0.23,338069,436947,712794,628930,1026418,1698127,0,0,0,0,0,0,0,326921,0,324.54,363.49,410.18
130,1,25,51,100,26112,26112,26112,71167,71167,71167,591,591,591,0.17,0.36,0.74,0.07,0.13,0.28,0.06,0.10,0.19,0.00,0.00,0.00,0.01,0.01,0.03,0.00,0.00,0.00,0.05,0.10,0.22,323227,499154,729843,974939,1144262,1449285,0,0,0,0,0,0,0,221271,0,278.05,347.24,381.38
130,2,29,61,100,30098,30098,30098,67181,67181,67181,591,591,591,0.24,0.49,0.81,0.09,0.19,0.26,0.04,0.14,0.27,0.00,0.00,0.00,0.01,0.02,0.04,0.00,0.00,0.00,0.05,0.14,0.21,450762,567105,804549,841219,1136308,1402027,0,0,0,0,0,0,0,285795,0,378.59,392.35,405.45
130,3,25,50,75,26109,26109,26109,71170,71170,71170,591,591,591,0.11,0.33,0.69,0.04,0.13,0.28,0.02,0.09,0.23,0.00,0.00,0.00,0.00,0.02,0.04,0.00,0.00,0.00,0.02,0.09,0.18,319738,424535,712829,807077,1066578,1441382,0,0,0,0,0,0,0,245679,0,289.31,301.33,309.25
131,0,37,61,100,26119,26119,26119,71160,71160,71160,591,591,591,0.16,0.42,0.73,0.06,0.15,0.24,0.03,0.12,0.22,0.00,0.00,0.00,0.00,0.02,0.04,0.00,0.00,0.00,0.03,0.12,0.19,333054,407805,668264,730654,1076943,1624799,0,0,0,0,0,0,0,338836,0,352.48,381.28,418.34
131,1,27,56,93,26112,26112,26112,71167,71167,71167,591,591,591,0.20,0.34,0.57,0.07,0.13,0.23,0.05,0.10,0.19,0.00,0.00,0.00,0.01,0.01,0.03,0.00,0.00,0.00,0.04,0.09,0.15,314480,359015,476913,793986,1060812,1250032,0,0,0,0,0,0,0,243699,0,290.76,303.34,323.73
131,2,28,52,100,30098,30098,30098,67181,67181,67181,591,591,591,0.20,0.34,0.59,0.07,0.13,0.23,0.05,0.09,0.16,0.00,0.00,0.00,0.01,0.01,0.02,0.00,0.00,0.00,0.05,0.10,0.21,312736,703019,1147789,980141,1428233,1899879,0,0,0,0,0,0,0,296346,0,327.44,343.38,366.18
131,3,38,83,100,26109,26109,26109,71170,71170,71170,591,591,591,0.24,0.59,0.83,0.09,0.20,0.24,0.06,0.18,0.28,0.00,0.00,0.00,0.01,0.03,0.05,0.00,0.00,0.00,0.05,0.15,0.19,330380,521018,807164,676138,1010079,1409880,0,0,0,0,0,0,0,286910,0,339.54,364.17,395.87
132,0,28,52,100,26119,26119,26119,71160,71160,71160,591,591,591,0.23,0.39,0.77,0.09,0.14,0.26,0.05,0.11,0.24,0.00,0.00,0.00,0.01,0.02,0.04,0.00,0.00,0.00,0.06,0.11,0.21,335381,500553,964453,877918,1185039,1580340,0,0,0,0,0,0,0,273579,0,328.57,344.74,365.14
132,1,30,65,100,26112,26112,26112,71167,71167,71167,591,591,591,0.19,0.48,0.80,0.08,0.18,0.27,0.03,0.13,0.27,0.00,0.00,0.00,0.01,0.02,0.04,0.00,0.00,0.00,0.05,0.13,0.23,319718,629958,935508,725822,1290840,1593062,0,0,0,0,0,0,0,298157,0,315.28,358.82,387.17
132,2,25,57,100,30098,30098,30098,67181,67181,67181,591,591,591,0.12,0.46,0.82,0.04,0.16,0.26,0.03,0.14,0.27,0.00,0.00,0.00,0.00,0.02,0.04,0.00,0.00,0.00,0.02,0.11,0.20,470577,1184826,2589232,1411732,1797604,2963989,0,0,0,0,0,0,0,296891,0,322.27,343.63,372.92
132,3,30,60,87,26109,26109,26109,71170,71170,71170,591,591,591,0.13,0.41,0.69,0.05,0.15,0.24,0.03,0.12,0.21,0.00,0.00,0.00,0.00,0.02,0.03,0.00,0.00,0.00,0.02,0.10,0.19,0,365320,558193,602754,1074996,1378450,0,0,0,0,0,0,0,325064,0,313.59,331.08,347.47
133,0,31,50,94,26113,26116,26119,71160,71162,71166,591,591,591,0.15,0.34,0.66,0.06,0.13,0.25,0.03,0.10,0.22,0.00,0.00,0.00,0.00,0.02,0.04,0.00,0.00,0.00,0.03,0.09,0.15,343296,498771,717990,932922,1248404,1755668,0,0,0,0,0,0,0,204911,0,319.98,329.20,349.16
133,1,38,75,100,26110,26111,26112,71167,71167,71169,591,591,591,0.17,0.59,0.83,0.06,0.21,0.30,0.04,0.18,0.28,0.00,0.00,0.00,0.00,0.03,0.06,0.00,0.00,0.00,0.03,0.15,0.22,319718,449740,710176,718055,1054976,1428274,0,0,0,0,0,0,0,291860,0,381.19,394.47,404.63
133,2,29,65,100,30098,30098,30098,67181,67181,67181,591,591,591,0.13,0.54,0.81,0.05,0.20,0.28,0.03,0.16,0.25,0.00,0.00,0.00,0.00,0.03,0.04,0.00,0.00,0.00,0.02,0.15,0.25,466474,540896,749521,822860,1095946,1622216,0,0,0,0,0,0,0,215898,0,395.22,401.29,410.11
133,3,45,61,97,26109,26109,26109,71170,71170,71170,591,591,591,0.29,0.37,0.42,0.11,0.14,0.17,0.08,0.10,0.12,0.00,0.00,0.00,0.01,0.01,0.02,0.00,0.00,0.00,0.07,0.11,0.15,340688,409344,634213,948692,1111151,1231689,0,0,0,0,0,0,0,197359,0,307.44,331.95,344.13
134,0,24,79,100,26113,26113,26113,71166,71166,71166,591,591,591,0.11,0.60,0.83,0.04,0.21,0.28,0.02,0.18,0.28,0.00,0.00,0.00,0.00,0.03,0.05,0.00,0.00,0.00,0.02,0.15,0.23,337763,391984,571282,526765,782396,1326003,0,0,0,0,0,0,0,382143,0,404.54,421.81,456.95
134,1,35,69,100,26110,26110,26110,71169,71169,71169,591,591,591,0.22,0.54,0.83,0.08,0.19,0.29,0.03,0.15,0.28,0.00,0.00,0.00,0.01,0.03,0.05,0.00,0.00,0.00,0.04,0.14,0.28,319720,620702,1239869,577749,1157874,1648363,0,0,0,0,0,0,0,333918,0,391.29,407.69,427.87
134,2,32,72,100,30098,30098,30098,67181,67181,67181,591,591,591,0.16,0.47,0.81,0.06,0.18,0.30,0.04,0.14,0.27,0.00,0.00,0.00,0.00,0.02,0.05,0.00,0.00,0.00,0.03,0.13,0.21,351173,764673,1493726,950438,1393426,2012600,0,0,0,0,0,0,0,344412,0,364.29,388.82,420.30
134,3,27,53,75,26109,26109,26109,71170,71170,71170,591,591,591,0.19,0.40,0.71,0.07,0.15,0.27,0.05,0.12,0.23,0.00,0.00,0.00,0.01,0.02,0.04,0.00,0.00,0.00,0.05,0.11,0.15,319722,332600,340667,725894,993515,1141566,0,0,0,0,0,0,0,252413,0,300.11,308.49,326.06
135,0,31,79,100,26113,26113,26113,71166,71166,71166,591,591,591,0.20,0.58,0.83,0.09,0.20,0.24,0.03,0.17,0.28,0.00,0.00,0.00,0.01,0.03,0.05,0.00,0.00,0.00,0.06,0.15,0.18,353807,642684,943328,796721,1141914,1716544,0,0,0,0,0,0,0,336968,0,367.09,373.47,381.58
135,1,31,74,100,26110,26110,26110,71169,71169,71169,591,591,591,0.16,0.60,0.81,0.06,0.21,0.28,0.04,0.18,0.27,0.00,0.00,0.00,0.00,0.03,0.05,0.00,0.00,0.00,0.03,0.15,0.22,322340,594864,864935,791087,1071138,1174215,0,0,0,0,0,0,0,206656,0,380.20,386.60,392.63
135,2,43,72,100,30092,30092,30092,67187,67187,67187,591,591,591,0.20,0.59,0.83,0.08,0.20,0.24,0.03,0.17,0.28,0.00,0.00,0.00,0.01,0.03,0.05,0.00,0.00,0.00,0.05,0.15,0.19,455962,589608,843734,925066,1089474,1425538,0,0,0,0,0,0,0,336317,0,351.96,376.14,399.46
135,3,33,72,100,26109,26109,26109,71170,71170,71170,591,591,591,0.15,0.51,0.83,0.05,0.18,0.27,0.03,0.15,0.28,0.00,0.00,0.00,0.00,0.02,0.05,0.00,0.00,0.00,0.02,0.13,0.22,330214,591618,872697,862187,1202241,1381085,0,0,0,0,0,0,0,343407,0,312.11,344.45,383.00
136,0,30,41,79,26113,26113,26113,71166,71166,71166,591,591,591,0.24,0.29,0.46,0.08,0.11,0.17,0.06,0.08,0.12,0.00,0.00,0.00,0.01,0.01,0.02,0.00,0.00,0.00,0.06,0.09,0.13,335434,569692,1194813,982722,1320222,1938951,0,0,0,0,0,0,0,246288,0,275.87,334.09,387.40
136,1,30,67,100,26110,26110,26110,71169,71169,71169,591,591,591,0.13,0.53,0.81,0.05,0.19,0.28,0.03,0.15,0.27,0.00,0.00,0.00,0.00,0.03,0.05,0.00,0.00,0.00,0.02,0.14,0.24,322329,505763,736294,676098,1051371,1425624,0,0,0,0,0,0,0,299599,0,378.84,385.27,393.65
136,2,27,53,100,30092,30092,30092,67187,67187,67187,591,591,591,0.24,0.34,0.44,0.09,0.13,0.16,0.07,0.10,0.13,0.00,0.00,0.00,0.01,0.01,0.02,0.00,0.00,0.00,0.06,0.10,0.13,448139,546862,873785,1032556,1224763,1496103,0,0,0,0,0,0,0,261175,0,317.65,358.03,404.00
136,3,26,51,100,26109,26109,26109,71170,71170,71170,591,591,591,0.19,0.39,0.66,0.07,0.14,0.25,0.05,0.11,0.17,0.00,0.00,0.00,0.01,0.02,0.03,0.00,0.00,0.00,0.05,0.11,0.23,345931,463309,613090,1066622,1139079,1252683,0,0,0,0,0,0,0,266446,0,310.02,361.01,401.11
137,0,28,54,100,26113,26113,26113,71166,71166,71166,591,591,591,0.14,0.39,0.63,0.05,0.14,0.22,0.03,0.11,0.18,0.00,0.00,0.00,0.00,0.02,0.03,0.00,0.00,0.00,0.02,0.10,0.17,319738,435560,804562,943437,1142102,1333948,0,0,0,0,0,0,0,349007,0,298.50,324.94,349.50
137,1,31,73,100,26110,26110,26110,71169,71169,71169,591,591,591,0.28,0.57,0.83,0.10,0.20,0.27,0.06,0.17,0.28,0.00,0.00,0.00,0.01,0.03,0.05,0.00,0.00,0.00,0.06,0.14,0.19,223634,455893,631237,571140,941357,1273636,0,0,0,0,0,0,0,353505,0,358.05,380.69,405.68
137,2,27,57,100,30092,30092,30092,67187,67187,67187,591,591,591,0.16,0.39,0.76,0.06,0.14,0.24,0.03,0.11,0.23,0.00,0.00,0.00,0.00,0.02,0.04,0.00,0.00,0.00,0.03,0.11,0.19,340685,625793,1145197,798426,1278145,1745312,0,0,0,0,0,0,0,354429,0,307.14,333.49,375.30
137,3,25,36,50,26109,26109,26109,71170,71170,71170,591,591,591,0.24,0.27,0.31,0.09,0.10,0.13,0.06,0.08,0.10,0.00,0.00,0.00,0.01,0.01,0.01,0.00,0.00,0.00,0.06,0.08,0.11,338064,427225,555544,979983,1163915,1357415,0,0,0,0,0,0,0,229882,0,260.44,284.20,320.80
138,0,30,51,78,26113,26113,26113,71166,71166,71166,591,591,591,0.27,0.38,0.58,0.09,0.15,0.22,0.08,0.11,0.16,0.00,0.00,0.00,0.01,0.01,0.03,0.00,0.00,0.00,0.06,0.13,0.27,327547,608954,1144846,961802,1325378,1752665,0,0,0,0,0,0,0,272763,0,331.39,355.93,376.06
138,1,26,61,100,26110,26110,26110,71169,71169,71169,591,591,591,0.20,0.47,0.81,0.08,0.17,0.26,0.03,0.13,0.26,0.00,0.00,0.00,0.01,0.02,0.04,0.00,0.00,0.00,0.05,0.13,0.22,400955,594864,919890,893632,1236878,1624878,0,0,0,0,0,0,0,353570,0,329.22,369.28,394.68
138,2,30,67,100,30092,30092,30092,67187,67187,67187,591,591,591,0.14,0.51,0.83,0.05,0.18,0.27,0.03,0.15,0.28,0.00,0.00,0.00,0.00,0.03,0.05,0.00,0.00,0.00,0.02,0.13,0.19,461185,758239,1383488,686230,1316853,1823688,0,0,0,0,0,0,0,295750,0,368.43,382.28,397.91
138,3,25,69,91,26109,26109,26109,71170,71170,71170,591,591,591,0.14,0.44,0.70,0.05,0.17,0.23,0.03,0.13,0.23,0.00,0.00,0.00,0.00,0.02,0.04,0.00,0.00,0.00,0.03,0.12,0.19,68133,461235,980163,602716,1061877,1533144,0,0,0,0,0,0,0,286372,0,301.54,320.78,349.67
139,0,30,59,96,26113,26113,26113,71166,71166,71166,591,591,591,0.27,0.43,0.77,0.10,0.16,0.27,0.06,0.13,0.23,0.00,0.00,0.00,0.01,0.02,0.03,0.00,0.00,0.00,0.07,0.11,0.21,332828,507885,770489,794020,1213895,1674636,0,0,0,0,0,0,0,221479,0,321.68,347.90,369.69
139,1,34,77,100,26110,26110,26110,71169,71169,71169,591,591,591,0.15,0.54,0.79,0.06,0.20,0.28,0.03,0.16,0.22,0.00,0.00,0.00,0.00,0.03,0.03,0.00,0.00,0.00,0.03,0.15,0.22,319716,613729,885753,783516,1193396,1438676,0,0,0,0,0,0,0,331765,0,320.59,369.46,405.28
139,2,47,73,99,30092,30092,30092,67187,67187,67187,591,591,591,0.30,0.47,0.58,0.12,0.18,0.25,0.09,0.13,0.17,0.00,0.00,0.00,0.01,0.02,0.02,0.00,0.00,0.00,0.06,0.13,0.22,455997,764855,1250851,925098,1394387,1901085,0,0,0,0,0,0,0,274525,0,359.99,385.02,413.80
139,3,30,46,70,26109,26109,26109,71170,71170,71170,591,591,591,0.20,0.36,0.59,0.08,0.14,0.21,0.06,0.11,0.17,0.00,0.00,0.00,0.01,0.02,0.03,0.00,0.00,0.00,0.04,0.10,0.17,327524,434831,534565,1029736,1114409,1239458,0,0,0,0,0,0,0,182154,0,310.78,327.00,350.74
140,0,31,46,59,26113,26113,26113,71166,71166,71166,591,591,591,0.21,0.44,0.78,0.08,0.16,0.26,0.04,0.13,0.24,0.00,0.00,0.00,0.01,0.02,0.04,0.00,0.00,0.00,0.05,0.12,0.21,232367,401840,796701,793193,1107334,1383745,0,0,0,0,0,0,0,298234,0,350.38,370.07,383.31
140,1,31,63,100,26110,26110,26110,71169,71169,71169,591,591,591,0.23,0.48,0.83,0.09,0.17,0.25,0.07,0.14,0.28,0.00,0.00,0.00,0.01,0.02,0.05,0.00,0.00,0.00,0.05,0.12,0.21,205567,455278,818084,876154,1026367,1102587,0,0,0,0,0,0,0,306869,0,348.40,373.42,389.71
140,2,27,60,100,30092,30092,30092,67187,67187,67187,591,591,591,0.21,0.41,0.81,0.07,0.15,0.25,0.03,0.11,0.27,0.00,0.00,0.00,0.01,0.02,0.04,0.00,0.00,0.00,0.05,0.12,0.22,429729,462250,490070,856895,1103211,1394000,0,0,0,0,0,0,0,216270,0,337.54,361.93,401.23
140,3,31,58,100,26109,26109,26109,71170,71170,71170,591,591,591,0.20,0.42,0.77,0.08,0.16,0.26,0.03,0.11,0.24,0.00,0.00,0.00,0.01,0.02,0.04,0.00,0.00,0.00,0.05,0.12,0.21,315542,380670,587037,835640,1079098,1288694,0,0,0,0,0,0,0,291116,0,306.04,341.50,366.78
141,0,33,56,70,26113,26113,26113,71166,71166,71166,591,591,591,0.14,0.44,0.59,0.05,0.17,0.22,0.03,0.12,0.18,0.00,0.00,0.00,0.00,0.02,0.03,0.00,0.00,0.00,0.02,0.12,0.18,329313,624119,1244850,890813,1293778,1742790,0,0,0,0,0,0,0,339948,0,340.77,367.04,403.33
141,1,22,47,76,26110,26110,26110,71169,71169,71169,591,591,591,0.17,0.28,0.49,0.07,0.11,0.19,0.05,0.08,0.11,0.00,0.00,0.00,0.01,0.01,0.02,0.00,0.00,0.00,0.05,0.09,0.17,479573,625665,767815,1045627,1318813,1559215,0,0,0,0,0,0,0,152471,0,278.08,332.15,387.24
141,2,28,38,50,30092,30092,30092,67187,67187,67187,591,591,591,0.19,0.26,0.31,0.08,0.10,0.12,0.06,0.07,0.10,0.00,0.00,0.00,0.01,0.01,0.01,0.00,0.00,0.00,0.05,0.08,0.12,458493,800582,1433497,1113802,1504836,2130591,0,0,0,0,0,0,0,253632,0,264.14,279.00,309.73
141,3,35,59,100,26109,26109,26109,71170,71170,71170,591,591,591,0.25,0.47,0.81,0.10,0.17,0.25,0.06,0.14,0.27,0.00,0.00,0.00,0.01,0.02,0.04,0.00,0.00,0.00,0.07,0.14,0.20,322353,358365,445530,676087,934888,1186998,0,0,0,0,0,0,0,293741,0,328.88,355.20,395.43
142,0,34,76,100,26113,26113,26113,71166,71166,71166,591,591,591,0.33,0.56,0.83,0.12,0.20,0.26,0.10,0.16,0.28,0.00,0.00,0.00,0.02,0.03,0.05,0.00,0.00,0.00,0.07,0.16,0.24,330209,451252,838431,508364,993716,1676863,0,0,0,0,0,0,0,301140,0,378.86,400.56,420.30
142,1,30,52,88,26110,26110,26110,71169,71169,71169,591,591,591,0.16,0.31,0.48,0.06,0.12,0.18,0.03,0.09,0.16,0.00,0.00,0.00,0.00,0.01,0.03,0.00,0.00,0.00,0.03,0.09,0.12,324952,459646,702248,974909,1211231,1522410,0,0,0,0,0,0,0,247512,0,258.09,283.76,296.25
142,2,26,68,94,30092,30092,30092,67187,67187,67187,591,591,591,0.24,0.45,0.75,0.09,0.17,0.28,0.07,0.13,0.23,0.00,0.00,0.00,0.01,0.02,0.03,0.00,0.00,0.00,0.05,0.13,0.22,448128,664582,1016733,909379,1307154,1844794,0,0,0,0,0,0,0,303513,0,293.51,327.01,380.73
142,3,37,57,98,26109,26109,26109,71170,71170,71170,591,591,591,0.24,0.31,0.39,0.09,0.12,0.15,0.06,0.09,0.11,0.00,0.00,0.00,0.01,0.01,0.01,0.00,0.00,0.00,0.05,0.09,0.13,70758,405621,924792,712829,1163468,1820767,0,0,0,0,0,0,0,251928,0,287.12,303.44,337.76
143,0,34,57,91,26113,26113,26113,71166,71166,71166,591,591,591,0.16,0.43,0.71,0.06,0.16,0.25,0.03,0.13,0.22,0.00,0.00,0.00,0.00,0.02,0.04,0.00,0.00,0.00,0.03,0.11,0.20,316976,367379,469070,948653,1097399,1289314,0,0,0,0,0,0,0,322114,0,361.62,369.61,382.83
143,1,37,71,100,26108,26109,26110,71169,71169,71171,591,591,591,0.20,0.54,0.78,0.08,0.20,0.30,0.03,0.16,0.25,0.00,0.00,0.00,0.01,0.03,0.05,0.00,0.00,0.00,0.05,0.14,0.26,301378,566782,1155721,856969,1202740,1496410,0,0,0,0,0,0,0,283879,0,342.81,378.80,401.08
143,2,26,68,100,30092,30092,30092,67187,67187,67187,591,591,591,0.13,0.49,0.83,0.05,0.17,0.26,0.02,0.15,0.26,0.00,0.00,0.00,0.00,0.03,0.04,0.00,0.00,0.00,0.03,0.12,0.20,466494,879017,1365860,917214,1420063,1928533,0,0,0,0,0,0,0,300384,0,352.49,372.32,393.94
143,3,31,54,100,26109,26109,26109,71170,71170,71170,591,591,591,0.27,0.41,0.54,0.10,0.16,0.19,0.08,0.12,0.16,0.00,0.00,0.00,0.01,0.02,0.02,0.00,0.00,0.00,0.06,0.11,0.17,340689,425595,634200,1024655,1140513,1383709,0,0,0,0,0,0,0,285178,0,307.57,322.09,335.82
144,0,39,71,100,26113,26113,26113,71166,71166,71166,591,591,591,0.31,0.47,0.71,0.12,0.18,0.26,0.09,0.13,0.22,0.00,0.00,0.00,0.01,0.02,0.03,0.00,0.00,0.00,0.07,0.13,0.21,343303,502624,977414,901498,1149383,1635089,0,0,0,0,0,0,0,317110,0,367.56,387.88,415.39
144,1,35,80,100,26108,26108,26108,71171,71171,71171,591,591,591,0.16,0.59,0.83,0.06,0.20,0.28,0.03,0.17,0.28,0.00,0.00,0.00,0.00,0.03,0.05,0.00,0.00,0.00,0.03,0.14,0.22,335440,837538,1656324,843841,1345947,2046818,0,0,0,0,0,0,0,356179,0,386.10,398.74,409.51
144,2,31,55,100,30092,30092,30092,67187,67187,67187,591,591,591,0.23,0.39,0.50,0.08,0.15,0.21,0.06,0.11,0.15,0.00,0.00,0.00,0.01,0.02,0.02,0.00,0.00,0.00,0.05,0.11,0.18,220134,658817,1147768,938179,1350661,1884122,0,0,0,0,0,0,0,296430,0,342.52,369.23,409.80
144,3,33,67,100,26109,26109,26109,71170,71170,71170,591,591,591,0.21,0.41,0.62,0.08,0.15,0.21,0.06,0.12,0.18,0.00,0.00,0.00,0.01,0.02,0.03,0.00,0.00,0.00,0.04,0.11,0.17,324810,363728,487465,914879,1113691,1257331,0,0,0,0,0,0,0,308919,0,335.03,341.77,349.37
145,0,29,55,97,26111,26112,26113,71166,71166,71168,591,591,591,0.13,0.41,0.69,0.05,0.15,0.26,0.03,0.12,0.22,0.00,0.00,0.00,0.00,0.02,0.04,0.00,0.00,0.00,0.02,0.11,0.23,319726,428455,700959,683998,1081633,1223296,0,0,0,0,0,0,0,268073,0,352.80,377.43,416.39
145,1,33,73,100,26108,26108,26108,71171,71171,71171,591,591,591,0.36,0.56,0.72,0.13,0.21,0.27,0.10,0.16,0.21,0.00,0.00,0.00,0.01,0.02,0.04,0.00,0.00,0.00,0.09,0.16,0.24,332808,400431,482198,820240,1024665,1404665,0,0,0,0,0,0,0,311448,0,365.15,394.76,422.36
145,2,30,59,92,30092,30092,30092,67187,67187,67187,591,591,591,0.29,0.44,0.73,0.12,0.17,0.26,0.08,0.13,0.22,0.00,0.00,0.00,0.01,0.02,0.03,0.00,0.00,0.00,0.08,0.13,0.20,461235,625813,883154,1066608,1267873,1800377,0,0,0,0,0,0,0,289226,0,351.09,361.91,394.87
145,3,31,58,90,26109,26109,26109,71170,71170,71170,591,591,591,0.21,0.42,0.67,0.08,0.16,0.24,0.05,0.12,0.19,0.00,0.00,0.00,0.01,0.02,0.03,0.00,0.00,0.00,0.05,0.12,0.22,332833,555582,1082322,953946,1226477,1954994,0,0,0,0,0,0,0,194452,0,339.63,344.68,348.85
146,0,33,68,100,26111,26111,26111,71168,71168,71168,591,591,591,0.18,0.58,0.83,0.06,0.20,0.28,0.04,0.17,0.28,0.00,0.00,0.00,0.00,0.03,0.05,0.00,0.00,0.00,0.03,0.15,0.22,330205,518304,791434,495130,999937,1467239,0,0,0,0,0,0,0,243130,0,364.81,391.17,415.52
146,1,35,76,100,26108,26108,26108,71171,71171,71171,591,591,591,0.15,0.54,0.83,0.06,0.19,0.25,0.03,0.16,0.28,0.00,0.00,0.00,0.00,0.03,0.05,0.00,0.00,0.00,0.03,0.14,0.21,309238,399849,639355,588200,989076,1341780,0,0,0,0,0,0,0,312502,0,341.24,376.91,399.19
146,2,24,58,100,30092,30092,30092,67187,67187,67187,591,591,591,0.25,0.38,0.47,0.10,0.14,0.18,0.07,0.11,0.14,0.00,0.00,0.00,0.01,0.02,0.02,0.00,0.00,0.00,0.05,0.11,0.13,450177,732661,1200288,1016115,1383302,2020572,0,0,0,0,0,0,0,209368,0,324.12,342.89,360.69
146,3,27,49,78,26109,26109,26109,71170,71170,71170,591,591,591,0.21,0.31,0.51,0.08,0.12,0.19,0.06,0.09,0.16,0.00,0.00,0.00,0.01,0.01,0.02,0.00,0.00,0.00,0.05,0.09,0.14,327587,379468,471718,1042943,1127399,1260545,0,0,0,0,0,0,0,244998,0,261.19,289.14,303.01
147,0,31,63,100,26111,26111,26111,71168,71168,71168,591,591,591,0.31,0.50,0.81,0.11,0.18,0.25,0.09,0.14,0.26,0.00,0.00,0.00,0.01,0.02,0.04,0.00,0.00,0.00,0.06,0.14,0.21,314471,383138,589655,621108,1026762,1166130,0,0,0,0,0,0,0,323704,0,367.04,392.65,410.38
147,1,31,60,94,26108,26108,26108,71171,71171,71171,591,591,591,0.22,0.35,0.52,0.08,0.13,0.20,0.06,0.10,0.15,0.00,0.00,0.00,0.01,0.01,0.02,0.00,0.00,0.00,0.05,0.10,0.19,319715,534073,1001088,1042997,1318150,1792525,0,0,0,0,0,0,0,210998,0,311.99,357.89,401.09
147,2,24,48,61,30092,30092,30092,67187,67187,67187,591,591,591,0.22,0.35,0.45,0.08,0.14,0.18,0.06,0.10,0.13,0.00,0.00,0.00,0.01,0.01,0.02,0.00,0.00,0.00,0.05,0.10,0.17,503167,719107,972267,1166195,1435593,1729640,0,0,0,0,0,0,0,295642,0,324.73,336.59,346.13
147,3,32,54,89,26109,26109,26109,71170,71170,71170,591,591,591,0.24,0.38,0.57,0.08,0.15,0.23,0.06,0.11,0.19,0.00,0.00,0.00,0.01,0.02,0.03,0.00,0.00,0.00,0.05,0.11,0.16,222874,353364,545091,743496,1017972,1420382,0,0,0,0,0,0,0,273167,0,294.71,319.13,331.84
148,0,29,68,100,26111,26111,26111,71168,71168,71168,591,591,591,0.13,0.52,0.83,0.05,0.19,0.27,0.03,0.16,0.27,0.00,0.00,0.00,0.00,0.03,0.05,0.00,0.00,0.00,0.02,0.13,0.21,340687,802896,2022849,657788,1365909,2814900,0,0,0,0,0,0,0,305157,0,362.95,392.08,421.16
148,1,36,51,64,26108,26108,26108,71171,71171,71171,591,591,591,0.19,0.37,0.64,0.07,0.14,0.22,0.05,0.11,0.18,0.00,0.00,0.00,0.01,0.02,0.03,0.00,0.00,0.00,0.04,0.11,0.18,227114,348888,432404,801892,1087544,1315600,0,0,0,0,0,0,0,291084,0,291.21,306.93,338.13
148,2,49,60,70,30092,30092,30092,67187,67187,67187,591,591,591,0.20,0.42,0.64,0.07,0.16,0.24,0.04,0.12,0.20,0.00,0.00,0.00,0.01,0.02,0.03,0.00,0.00,0.00,0.05,0.12,0.22,471724,854857,1991713,1032552,1541465,2581365,0,0,0,0,0,0,0,282326,0,328.29,345.11,368.60
148,3,31,72,100,26109,26109,26109,71170,71170,71170,591,591,591,0.14,0.48,0.82,0.05,0.17,0.26,0.03,0.14,0.26,0.00,0.00,0.00,0.00,0.02,0.04,0.00,0.00,0.00,0.03,0.13,0.20,324867,441818,725932,620916,1020411,1407312,0,0,0,0,0,0,0,319118,0,284.95,335.88,379.19
149,0,30,60,100,26111,26111,26111,71168,71168,71168,591,591,591,0.20,0.47,0.80,0.07,0.18,0.30,0.05,0.14,0.22,0.00,0.00,0.00,0.01,0.02,0.04,0.00,0.00,0.00,0.04,0.13,0.26,338071,491120,715415,771826,1106303,1575581,0,0,0,0,0,0,0,293295,0,365.00,391.66,429.83
149,1,32,69,97,26104,26107,26108,71171,71171,71175,591,591,591,0.14,0.41,0.61,0.05,0.16,0.24,0.03,0.12,0.21,0.00,0.00,0.00,0.00,0.02,0.04,0.00,0.00,0.00,0.02,0.11,0.20,317097,400954,576554,712828,1063440,1270950,0,0,0,0,0,0,0,273059,0,322.43,357.82,386.10
149,2,29,62,100,30092,30092,30092,67187,67187,67187,591,591,591,0.26,0.44,0.70,0.10,0.17,0.25,0.07,0.13,0.21,0.00,0.00,0.00,0.01,0.02,0.03,0.00,0.00,0.00,0.06,0.13,0.20,295389,654602,1043599,987913,1345287,1713948,0,0,0,0,0,0,0,314932,0,351.06,361.34,378.61
149,3,26,50,90,26109,26109,26109,71170,71170,71170,591,591,591,0.21,0.33,0.52,0.08,0.13,0.20,0.06,0.10,0.18,0.00,0.00,0.00,0.01,0.02,0.03,0.00,0.00,0.00,0.06,0.09,0.17,340661,369510,387871,880487,1014187,1176718,0,0,0,0,0,0,0,245512,0,298.12,321.19,354.33
150,0,28,66,100,26105,26105,26105,71174,71174,71174,591,591,591,0.19,0.52,0.83,0.08,0.18,0.27,0.03,0.15,0.28,0.00,0.00,0.00,0.01,0.03,0.05,0.00,0.00,0.00,0.05,0.14,0.25,322349,612689,1441393,770465,1144647,1627464,0,0,0,0,0,0,0,377419,0,337.96,382.49,409.61
150,1,29,69,100,26104,26104,26104,71175,71175,71175,591,591,591,0.24,0.52,0.83,0.09,0.17,0.24,0.03,0.15,0.28,0.00,0.00,0.00,0.01,0.03,0.05,0.00,0.00,0.00,0.07,0.13,0.18,318821,403912,723274,519990,941828,1260509,0,0,0,0,0,0,0,331371,0,341.31,366.40,379.14
150,2,31,66,100,30092,30092,30092,67187,67187,67187,591,591,591,0.19,0.53,0.82,0.08,0.19,0.28,0.03,0.16,0.24,0.00,0.00,0.00,0.01,0.03,0.04,0.00,0.00,0.00,0.04,0.13,0.22,461237,745541,1475388,852473,1323048,1894681,0,0,0,0,0,0,0,344185,0,353.23,380.72,400.96
150,3,26,62,100,26109,26109,26109,71170,71170,71170,591,591,591,0.15,0.45,0.83,0.06,0.16,0.25,0.03,0.13,0.27,0.00,0.00,0.00,0.00,0.02,0.05,0.00,0.00,0.00,0.03,0.12,0.19,254208,429072,684003,757375,1061432,1333914,0,0,0,0,0,0,0,331028,0,293.94,342.51,385.72
151,0,47,64,80,26105,26105,26105,71174,71174,71174,591,591,591,0.28,0.44,0.66,0.10,0.17,0.26,0.07,0.13,0.18,0.00,0.00,0.00,0.01,0.02,0.03,0.00,0.00,0.00,0.07,0.12,0.23,319726,428748,792913,896826,1132378,1337224,0,0,0,0,0,0,0,290261,0,347.98,377.18,426.05
151,1,33,69,100,26104,26104,26104,71175,71175,71175,591,591,591,0.15,0.51,0.83,0.05,0.18,0.25,0.03,0.15,0.28,0.00,0.00,0.00,0.00,0.03,0.05,0.00,0.00,0.00,0.03,0.13,0.19,322319,577043,849014,516235,1156188,1774169,0,0,0,0,0,0,0,303046,0,301.08,360.83,399.43
151,2,33,67,100,30092,30092,30092,67187,67187,67187,591,591,591,0.17,0.46,0.61,0.06,0.18,0.25,0.04,0.14,0.18,0.00,0.00,0.00,0.00,0.02,0.03,0.00,0.00,0.00,0.03,0.13,0.20,453378,633134,914577,1006323,1251074,1438676,0,0,0,0,0,0,0,285558,0,366.58,394.56,427.29
151,3,29,58,84,26109,26109,26109,71170,71170,71170,591,591,591,0.12,0.37,0.67,0.05,0.14,0.24,0.02,0.11,0.19,0.00,0.00,0.00,0.00,0.01,0.03,0.00,0.00,0.00,0.02,0.11,0.19,123169,404977,850856,697089,1083198,1689482,0,0,0,0,0,0,0,190283,0,290.77,315.86,363.76
152,0,38,63,100,26105,26105,26105,71174,71174,71174,591,591,591,0.17,0.41,0.76,0.07,0.15,0.25,0.03,0.12,0.25,0.00,0.00,0.00,0.00,0.02,0.04,0.00,0.00,0.00,0.04,0.12,0.20,319708,430829,807126,951338,1136830,1281444,0,0,0,0,0,0,0,222677,0,350.65,367.57,386.07
152,1,30,61,100,26104,26104,26104,71175,71175,71175,591,591,591,0.29,0.52,0.81,0.11,0.20,0.25,0.07,0.15,0.26,0.00,0.00,0.00,0.01,0.02,0.04,0.00,0.00,0.00,0.08,0.15,0.20,307434,455107,655178,694457,990563,1226494,0,0,0,0,0,0,0,284697,0,382.53,388.68,392.93
152,2,28,55,100,30092,30092,30092,67187,67187,67187,591,591,591,0.29,0.45,0.77,0.11,0.17,0.27,0.07,0.13,0.23,0.00,0.00,0.00,0.01,0.02,0.03,0.00,0.00,0.00,0.08,0.13,0.22,455961,598557,1035179,953913,1283065,1564562,0,0,0,0,0,0,0,299292,0,357.92,376.91,414.21
152,3,35,63,88,26109,26109,26109,71170,71170,71170,591,591,591,0.19,0.40,0.67,0.07,0.15,0.24,0.04,0.12,0.19,0.00,0.00,0.00,0.01,0.02,0.03,0.00,0.00,0.00,0.04,0.11,0.19,338065,520953,694492,964404,1244726,1503850,0,0,0,0,0,0,0,253123,0,313.98,324.93,332.44
153,0,33,57,100,26105,26105,26105,71174,71174,71174,591,591,591,0.25,0.42,0.61,0.09,0.16,0.23,0.06,0.12,0.15,0.00,0.00,0.00,0.01,0.02,0.02,0.00,0.00,0.00,0.06,0.12,0.21,330201,341997,369517,930344,1086049,1294607,0,0,0,0,0,0,0,316099,0,333.44,344.81,352.98
153,1,26,61,100,26104,26104,26104,71175,71175,71175,591,591,591,0.30,0.47,0.74,0.11,0.18,0.26,0.07,0.14,0.22,0.00,0.00,0.00,0.01,0.02,0.03,0.00,0.00,0.00,0.07,0.12,0.20,322307,398320,594889,736328,1003653,1166039,0,0,0,0,0,0,0,278328,0,351.65,374.83,393.69
153,2,29,52,100,30092,30092,30092,67187,67187,67187,591,591,591,0.24,0.40,0.56,0.09,0.15,0.22,0.07,0.11,0.17,0.00,0.00,0.00,0.01,0.02,0.03,0.00,0.00,0.00,0.05,0.11,0.19,445437,505962,676936,966797,1154058,1293277,0,0,0,0,0,0,0,247496,0,350.48,359.13,375.58
153,3,31,63,100,26109,26109,26109,71170,71170,71170,591,591,591,0.19,0.45,0.57,0.07,0.17,0.22,0.05,0.13,0.17,0.00,0.00,0.00,0.01,0.02,0.03,0.00,0.00,0.00,0.04,0.13,0.17,317110,638992,1302402,759991,1237890,1776718,0,0,0,0,0,0,0,297435,0,324.26,348.07,361.65
154,0,28,55,100,26105,26105,26105,71174,71174,71174,591,591,591,0.19,0.36,0.60,0.08,0.14,0.24,0.07,0.11,0.17,0.00,0.00,0.00,0.01,0.01,0.02,0.00,0.00,0.00,0.06,0.11,0.22,324965,650961,1501570,982757,1332859,2062366,0,0,0,0,0,0,0,298616,0,318.30,328.46,335.44
154,1,29,60,93,26104,26104,26104,71175,71175,71175,591,591,591,0.13,0.38,0.65,0.05,0.14,0.23,0.03,0.10,0.19,0.00,0.00,0.00,0.00,0.02,0.03,0.00,0.00,0.00,0.02,0.11,0.20,315938,408617,628452,791109,1087608,1312951,0,0,0,0,0,0,0,243489,0,326.25,358.08,386.52
154,2,30,59,91,30092,30092,30092,67187,67187,67187,591,591,591,0.20,0.36,0.71,0.08,0.13,0.25,0.06,0.10,0.21,0.00,0.00,0.00,0.01,0.01,0.03,0.00,0.00,0.00,0.06,0.11,0.20,453359,807127,1210604,1176638,1497892,1884036,0,0,0,0,0,0,0,241630,0,321.60,357.06,398.02
154,3,27,41,68,26109,26109,26109,71170,71170,71170,591,591,591,0.21,0.31,0.49,0.08,0.12,0.19,0.06,0.09,0.11,0.00,0.00,0.00,0.01,0.01,0.02,0.00,0.00,0.00,0.05,0.09,0.17,86479,747916,1842304,898860,1468578,2607528,0,0,0,0,0,0,0,234747,0,289.79,318.99,342.30
155,0,32,70,100,26105,26105,26105,71174,71174,71174,591,591,591,0.14,0.54,0.82,0.05,0.19,0.27,0.03,0.16,0.28,0.00,0.00,0.00,0.00,0.03,0.05,0.00,0.00,0.00,0.02,0.14,0.21,335427,676473,1260530,697060,1235172,1653626,0,0,0,0,0,0,0,317032,0,351.94,376.80,397.25
155,1,28,56,97,26104,26104,26104,71175,71175,71175,591,591,591,0.22,0.37,0.75,0.08,0.14,0.24,0.06,0.11,0.25,0.00,0.00,0.00,0.01,0.02,0.04,0.00,0.00,0.00,0.06,0.11,0.20,330203,558183,893638,870058,1196551,1480661,0,0,0,0,0,0,0,227238,0,315.24,338.57,393.28
155,2,27,55,100,30092,30092,30092,67187,67187,67187,591,591,591,0.23,0.33,0.55,0.09,0.12,0.19,0.07,0.10,0.16,0.00,0.00,0.00,0.01,0.01,0.02,0.00,0.00,0.00,0.05,0.10,0.15,463861,524132,712860,1189758,1249000,1323350,0,0,0,0,0,0,0,274180,0,276.02,295.55,321.98
155,3,32,63,93,26109,26109,26109,71170,71170,71170,591,591,591,0.31,0.42,0.54,0.12,0.16,0.22,0.09,0.12,0.15,0.00,0.00,0.00,0.01,0.02,0.02,0.00,0.00,0.00,0.07,0.12,0.20,324957,437641,652548,862155,1120571,1365288,0,0,0,0,0,0,0,249565,0,316.55,329.93,352.24
156,0,31,56,91,26105,26105,26105,71174,71174,71174,591,591,591,0.30,0.40,0.56,0.12,0.15,0.22,0.09,0.11,0.15,0.00,0.00,0.00,0.01,0.02,0.02,0.00,0.00,0.00,0.07,0.11,0.20,319717,419832,644712,891044,1133174,1313011,0,0,0,0,0,0,0,348670,0,363.02,382.30,412.79
156,1,33,66,93,26078,26088,26104,71175,71190,71201,591,591,591,0.15,0.50,0.79,0.05,0.18,0.28,0.03,0.15,0.27,0.00,0.00,0.00,0.00,0.03,0.05,0.00,0.00,0.00,0.02,0.12,0.18,345925,444967,678705,720707,1099048,1598496,0,0,0,0,0,0,0,283062,0,314.95,338.31,369.00
156,2,46,57,77,30092,30092,30092,67187,67187,67187,591,591,591,0.24,0.37,0.48,0.09,0.14,0.21,0.06,0.10,0.15,0.00,0.00,0.00,0.01,0.01,0.02,0.00,0.00,0.00,0.06,0.11,0.16,445487,514171,673499,1079705,1214931,1496374,0,0,0,0,0,0,0,290200,0,325.85,335.65,345.66
156,3,28,39,53,26109,26109,26109,71170,71170,71170,591,591,591,0.22,0.32,0.48,0.08,0.12,0.19,0.06,0.09,0.12,0.00,0.00,0.00,0.01,0.01,0.02,0.00,0.00,0.00,0.05,0.09,0.17,317806,453572,758260,1041598,1202369,1595142,0,0,0,0,0,0,0,262489,0,304.87,319.42,331.47
157,0,30,68,100,26105,26105,26105,71174,71174,71174,591,591,591,0.14,0.51,0.83,0.05,0.18,0.25,0.03,0.16,0.28,0.00,0.00,0.00,0.00,0.03,0.05,0.00,0.00,0.00,0.02,0.13,0.18,313889,851610,2327184,527334,1485527,3357120,0,0,0,0,0,0,0,218487,0,346.57,377.39,393.50
157,1,38,77,100,26078,26078,26078,71201,71201,71201,591,591,591,0.20,0.49,0.83,0.08,0.18,0.26,0.07,0.14,0.28,0.00,0.00,0.00,0.01,0.02,0.05,0.00,0.00,0.00,0.06,0.13,0.24,216259,428938,951323,503064,1002106,1451881,0,0,0,0,0,0,0,263638,0,365.80,386.12,416.92
157,2,25,60,100,26120,26694,28992,68287,70584,71159,591,591,591,0.11,0.47,0.83,0.04,0.15,0.24,0.02,0.14,0.28,0.00,0.00,0.00,0.00,0.03,0.05,0.00,0.00,0.00,0.02,0.10,0.18,431513,702622,1354782,959038,1311885,1787159,0,0,0,0,0,0,0,347254,0,306.56,339.27,364.52
157,3,30,48,60,26109,26109,26109,71170,71170,71170,591,591,591,0.22,0.28,0.31,0.09,0.11,0.13,0.06,0.08,0.10,0.00,0.00,0.00,0.01,0.01,0.01,0.00,0.00,0.00,0.06,0.09,0.13,89102,407760,940844,668268,1189720,1952448,0,0,0,0,0,0,0,166584,0,268.19,283.72,291.10
158,0,31,67,100,26105,26105,26105,71174,71174,71174,591,591,591,0.17,0.51,0.79,0.07,0.19,0.30,0.03,0.14,0.25,0.00,0.00,0.00,0.00,0.03,0.05,0.00,0.00,0.00,0.04,0.14,0.25,317045,451467,801317,636764,1059552,1226259,0,0,0,0,0,0,0,287663,0,386.86,405.05,426.29
158,1,28,49,77,26078,26078,26078,71201,71201,71201,591,591,591,0.23,0.34,0.51,0.08,0.13,0.19,0.06,0.09,0.15,0.00,0.00,0.00,0.01,0.01,0.02,0.00,0.00,0.00,0.05,0.11,0.14,332823,479086,951298,1043021,1270007,1839700,0,0,0,0,0,0,0,294751,0,294.62,315.41,326.24
158,2,25,47,85,26120,26120,26120,71159,71159,71159,591,591,591,0.17,0.36,0.72,0.06,0.14,0.28,0.03,0.10,0.16,0.00,0.00,0.00,0.00,0.01,0.03,0.00,0.00,0.00,0.04,0.10,0.25,432405,598045,801924,943555,1235919,1554056,0,0,0,0,0,0,0,285299,0,329.01,373.61,410.97
158,3,26,58,100,26109,26109,26109,71170,71170,71170,591,591,591,0.13,0.45,0.65,0.05,0.17,0.25,0.03,0.13,0.18,0.00,0.00,0.00,0.00,0.02,0.03,0.00,0.00,0.00,0.02,0.13,0.23,330218,464377,592283,822926,1130545,1326070,0,0,0,0,0,0,0,286578,0,292.39,319.79,364.47
159,0,50,77,100,26105,26105,26105,71174,71174,71174,591,591,591,0.31,0.57,0.83,0.12,0.21,0.27,0.10,0.16,0.28,0.00,0.00,0.00,0.01,0.03,0.05,0.00,0.00,0.00,0.07,0.16,0.21,324966,627381,1315607,516159,1158854,2122793,0,0,0,0,0,0,0,368709,0,385.08,408.63,441.38
159,1,29,60,100,26078,26078,26078,71201,71201,71201,591,591,591,0.23,0.40,0.78,0.09,0.15,0.26,0.05,0.12,0.24,0.00,0.00,0.00,0.01,0.02,0.04,0.00,0.00,0.00,0.06,0.10,0.21,319698,418767,676122,817629,1084387,1546171,0,0,0,0,0,0,0,284400,0,309.94,331.99,346.79
159,2,32,68,100,26120,26120,26120,71159,71159,71159,591,591,591,0.14,0.51,0.76,0.05,0.19,0.26,0.03,0.15,0.25,0.00,0.00,0.00,0.00,0.03,0.04,0.00,0.00,0.00,0.02,0.14,0.22,455969,797149,1653387,938144,1429755,2151237,0,0,0,0,0,0,0,310892,0,343.73,375.47,397.26
159,3,34,60,89,26109,26109,26109,71170,71170,71170,591,591,591,0.29,0.40,0.49,0.11,0.15,0.20,0.08,0.12,0.15,0.00,0.00,0.00,0.01,0.02,0.02,0.00,0.00,0.00,0.07,0.12,0.18,303999,433975,762608,1053452,1164078,1367978,0,0,0,0,0,0,0,315688,0,334.16,351.45,376.56
160,0,33,72,100,26105,26105,26105,71174,71174,71174,591,591,591,0.14,0.52,0.83,0.05,0.18,0.25,0.03,0.15,0.28,0.00,0.00,0.00,0.00,0.03,0.05,0.00,0.00,0.00,0.02,0.13,0.19,319719,450218,945994,741670,1006322,1284119,0,0,0,0,0,0,0,304160,0,345.48,378.33,395.28
160,1,32,66,100,26078,26078,26078,71201,71201,71201,591,591,591,0.14,0.48,0.80,0.05,0.18,0.29,0.03,0.14,0.27,0.00,0.00,0.00,0.00,0.03,0.06,0.00,0.00,0.00,0.02,0.12,0.20,317081,461210,644602,710110,1093286,1488587,0,0,0,0,0,0,0,284260,0,323.02,357.14,378.94
160,2,37,56,100,26120,26120,26120,71159,71159,71159,591,591,591,0.22,0.51,0.82,0.08,0.19,0.25,0.06,0.15,0.28,0.00,0.00,0.00,0.01,0.02,0.05,0.00,0.00,0.00,0.05,0.14,0.21,459980,541680,754630,660413,1097285,1509261,0,0,0,0,0,0,0,216252,0,368.13,382.69,402.92
160,3,30,60,100,26109,26109,26109,71170,71170,71170,591,591,591,0.18,0.45,0.76,0.07,0.17,0.26,0.05,0.14,0.22,0.00,0.00,0.00,0.01,0.02,0.03,0.00,0.00,0.00,0.03,0.11,0.21,322337,461757,689243,754749,1131067,1425613,0,0,0,0,0,0,0,286823,0,337.02,351.07,370.76
161,0,23,51,84,26105,26105,26105,71174,71174,71174,591,591,591,0.15,0.41,0.68,0.05,0.15,0.26,0.04,0.12,0.23,0.00,0.00,0.00,0.01,0.02,0.05,0.00,0.00,0.00,0.04,0.10,0.19,308418,347955,418460,778352,984825,1130866,0,0,0,0,0,0,0,303686,0,330.67,348.22,366.65
161,1,69,79,100,26078,26078,26078,71201,71201,71201,591,591,591,0.13,0.52,0.83,0.05,0.19,0.30,0.02,0.16,0.28,0.00,0.00,0.00,0.00,0.03,0.05,0.00,0.00,0.00,0.02,0.12,0.24,314488,796436,2127084,471732,1303446,2910334,0,0,0,0,0,0,0,225302,0,358.29,402.55,434.57
161,2,31,58,100,26120,26120,26120,71159,71159,71159,591,591,591,0.20,0.38,0.58,0.07,0.14,0.22,0.06,0.11,0.17,0.00,0.00,0.00,0.01,0.02,0.02,0.00,0.00,0.00,0.05,0.11,0.17,52412,690064,1239589,531990,1348682,1960281,0,0,0,0,0,0,0,329481,0,335.58,347.52,367.38
161,3,30,68,100,26095,26106,26109,71170,71172,71184,591,591,591,0.14,0.53,0.80,0.05,0.20,0.28,0.03,0.16,0.27,0.00,0.00,0.00,0.00,0.03,0.05,0.00,0.00,0.00,0.02,0.14,0.25,322286,337513,353803,631604,905068,1260239,0,0,0,0,0,0,0,298124,0,364.98,379.78,388.34
162,0,35,75,100,26101,26101,26101,71178,71178,71178,591,591,591,0.15,0.55,0.83,0.06,0.19,0.28,0.03,0.15,0.28,0.00,0.00,0.00,0.00,0.03,0.05,0.00,0.00,0.00,0.03,0.15,0.22,338067,655684,1459721,568634,1225939,1837100,0,0,0,0,0,0,0,396316,0,344.46,387.66,415.68
162,1,26,74,100,26078,26078,26078,71201,71201,71201,591,591,591,0.20,0.55,0.83,0.07,0.19,0.29,0.05,0.16,0.28,0.00,0.00,0.00,0.01,0.03,0.05,0.00,0.00,0.00,0.05,0.15,0.26,351195,523061,1003612,539898,1020448,1362606,0,0,0,0,0,0,0,309525,0,362.05,379.68,412.92
162,2,29,63,100,26120,26120,26120,71159,71159,71159,591,591,591,0.22,0.47,0.78,0.08,0.17,0.27,0.05,0.13,0.23,0.00,0.00,0.00,0.01,0.02,0.03,0.00,0.00,0.00,0.05,0.13,0.22,437645,594885,859604,911933,1294071,1643124,0,0,0,0,0,0,0,320644,0,327.12,357.83,382.40
162,3,34,67,100,26095,26095,26095,71184,71184,71184,591,591,591,0.23,0.52,0.83,0.08,0.18,0.24,0.03,0.15,0.28,0.00,0.00,0.00,0.01,0.03,0.05,0.00,0.00,0.00,0.06,0.13,0.18,262085,449164,919764,639453,1019241,1399433,0,0,0,0,0,0,0,367100,0,365.68,379.74,405.15
163,0,29,67,100,26101,26101,26101,71178,71178,71178,591,591,591,0.26,0.40,0.71,0.10,0.14,0.25,0.08,0.12,0.21,0.00,0.00,0.00,0.01,0.02,0.03,0.00,0.00,0.00,0.06,0.10,0.20,311855,458070,749449,773020,1134173,1703293,0,0,0,0,0,0,0,303811,0,342.14,382.73,414.60
163,1,30,55,82,26078,26078,26078,71201,71201,71201,591,591,591,0.18,0.44,0.68,0.07,0.17,0.25,0.05,0.13,0.21,0.00,0.00,0.00,0.01,0.02,0.03,0.00,0.00,0.00,0.05,0.13,0.20,324958,500371,749514,898876,1200785,1409929,0,0,0,0,0,0,0,250520,0,320.43,335.85,371.59
163,2,29,54,100,26120,26120,26120,71159,71159,71159,591,591,591,0.27,0.39,0.61,0.09,0.15,0.23,0.06,0.12,0.19,0.00,0.00,0.00,0.01,0.02,0.02,0.00,0.00,0.00,0.06,0.10,0.18,437650,674552,1027240,987991,1375837,1860562,0,0,0,0,0,0,0,269742,0,347.53,360.16,373.12
163,3,30,52,83,26095,26095,26095,71184,71184,71184,591,591,591,0.15,0.41,0.72,0.05,0.15,0.28,0.03,0.12,0.23,0.00,0.00,0.00,0.00,0.02,0.05,0.00,0.00,0.00,0.02,0.11,0.21,317099,520426,849115,718002,1178170,1462365,0,0,0,0,0,0,0,200079,0,309.25,335.83,384.23
164,0,29,53,94,26101,26101,26101,71178,71178,71178,591,591,591,0.26,0.40,0.78,0.09,0.15,0.31,0.07,0.12,0.26,0.00,0.00,0.00,0.01,0.02,0.05,0.00,0.00,0.00,0.05,0.11,0.19,205238,431308,843891,935571,1101992,1247341,0,0,0,0,0,0,0,216995,0,340.39,349.46,356.71
164,1,36,69,100,26078,26078,26078,71201,71201,71201,591,591,591,0.15,0.54,0.72,0.06,0.20,0.27,0.03,0.15,0.21,0.00,0.00,0.00,0.00,0.03,0.04,0.00,0.00,0.00,0.03,0.15,0.24,2620,471476,925046,948727,1104533,1527767,0,0,0,0,0,0,0,283457,0,339.02,364.89,405.12
164,2,22,61,94,26120,26120,26120,71159,71159,71159,591,591,591,0.12,0.43,0.61,0.05,0.16,0.21,0.03,0.13,0.21,0.00,0.00,0.00,0.00,0.02,0.04,0.00,0.00,0.00,0.03,0.12,0.20,440582,741284,1394214,1011515,1279512,1855457,0,0,0,0,0,0,0,286343,0,330.24,344.81,355.46
164,3,65,85,100,26095,26095,26095,71184,71184,71184,591,591,591,0.28,0.63,0.83,0.11,0.23,0.29,0.05,0.18,0.28,0.00,0.00,0.00,0.01,0.03,0.05,0.00,0.00,0.00,0.08,0.17,0.25,348547,400267,476932,728500,870645,1255279,0,0,0,0,0,0,0,353814,0,312.82,362.11,391.35
165,0,31,72,100,26101,26101,26101,71178,71178,71178,591,591,591,0.22,0.55,0.83,0.08,0.19,0.26,0.06,0.16,0.28,0.00,0.00,0.00,0.01,0.03,0.05,0.00,0.00,0.00,0.04,0.15,0.21,313619,704137,1174012,734842,1239760,1905150,0,0,0,0,0,0,0,384610,0,321.49,385.46,408.69
165,1,28,47,61,26078,26078,26078,71201,71201,71201,591,591,591,0.21,0.31,0.45,0.08,0.12,0.18,0.06,0.09,0.12,0.00,0.00,0.00,0.01,0.01,0.02,0.00,0.00,0.00,0.05,0.09,0.17,319698,386789,539846,943418,1132065,1438718,0,0,0,0,0,0,0,253006,0,303.57,340.39,367.13
165,2,32,68,100,26116,26116,26116,71163,71163,71163,591,591,591,0.14,0.52,0.83,0.05,0.18,0.26,0.03,0.15,0.28,0.00,0.00,0.00,0.00,0.03,0.05,0.00,0.00,0.00,0.02,0.14,0.20,432332,593283,930320,733732,1151967,1897329,0,0,0,0,0,0,0,336083,0,309.41,365.29,395.97
165,3,24,57,100,26095,26095,26095,71184,71184,71184,591,591,591,0.12,0.42,0.83,0.04,0.14,0.24,0.03,0.12,0.28,0.00,0.00,0.00,0.00,0.02,0.05,0.00,0.00,0.00,0.02,0.11,0.18,216644,348876,474359,524124,906694,1250106,0,0,0,0,0,0,0,293763,0,328.76,358.14,389.43
166,0,31,64,100,26101,26101,26101,71178,71178,71178,591,591,591,0.23,0.52,0.80,0.08,0.19,0.26,0.06,0.16,0.26,0.00,0.00,0.00,0.01,0.02,0.04,0.00,0.00,0.00,0.04,0.14,0.20,335439,747934,2023173,615845,1395758,2911587,0,0,0,0,0,0,0,311257,0,355.92,395.75,436.96
166,1,26,70,100,26078,26078,26078,71201,71201,71201,591,591,591,0.13,0.51,0.79,0.05,0.19,0.29,0.03,0.15,0.21,0.00,0.00,0.00,0.00,0.02,0.03,0.00,0.00,0.00,0.02,0.14,0.23,314441,459969,770302,843842,1068625,1200250,0,0,0,0,0,0,0,275443,0,304.58,334.43,371.60
166,2,32,58,100,26116,26116,26116,71163,71163,71163,591,591,591,0.20,0.43,0.61,0.07,0.16,0.25,0.05,0.13,0.18,0.00,0.00,0.00,0.01,0.02,0.03,0.00,0.00,0.00,0.04,0.12,0.19,458616,854316,1242136,1197644,1550351,1719164,0,0,0,0,0,0,0,220547,0,347.34,381.61,416.38
166,3,33,51,71,26095,26095,26095,71184,71184,71184,591,591,591,0.18,0.37,0.62,0.07,0.14,0.25,0.05,0.11,0.22,0.00,0.00,0.00,0.01,0.02,0.03,0.00,0.00,0.00,0.03,0.10,0.16,311855,421396,783581,765247,1153589,1404681,0,0,0,0,0,0,0,249213,0,313.33,334.55,362.17
167,0,30,53,86,26101,26101,26101,71178,71178,71178,591,591,591,0.18,0.39,0.60,0.06,0.15,0.24,0.05,0.11,0.21,0.00,0.00,0.00,0.01,0.02,0.03,0.00,0.00,0.00,0.03,0.11,0.16,324963,482166,712954,962140,1201982,1386002,0,0,0,0,0,0,0,263165,0,341.70,364.57,413.62
167,1,37,56,91,26078,26078,26078,71201,71201,71201,591,591,591,0.22,0.36,0.60,0.08,0.14,0.24,0.06,0.11,0.18,0.00,0.00,0.00,0.01,0.02,0.03,0.00,0.00,0.00,0.05,0.12,0.25,424547,569119,759600,904107,1250268,1357523,0,0,0,0,0,0,0,231448,0,313.36,333.40,345.69
167,2,31,54,100,26116,26116,26116,71163,71163,71163,591,591,591,0.14,0.39,0.67,0.05,0.14,0.26,0.03,0.11,0.20,0.00,0.00,0.00,0.00,0.02,0.03,0.00,0.00,0.00,0.02,0.11,0.20,445503,1348040,2368725,1058726,2082276,2790589,0,0,0,0,0,0,0,332371,0,343.99,372.00,395.42
167,3,33,67,100,26095,26095,26095,71184,71184,71184,591,591,591,0.25,0.47,0.80,0.09,0.17,0.26,0.07,0.13,0.26,0.00,0.00,0.00,0.01,0.02,0.04,0.00,0.00,0.00,0.05,0.13,0.20,311864,423496,733797,851704,1058737,1276185,0,0,0,0,0,0,0,271571,0,337.27,355.50,376.15
168,0,31,72,100,26101,26101,26101,71178,71178,71178,591,591,591,0.33,0.56,0.81,0.12,0.20,0.25,0.08,0.16,0.27,0.00,0.00,0.00,0.01,0.03,0.04,0.00,0.00,0.00,0.08,0.16,0.21,330104,667250,1402308,605191,1223875,1931778,0,0,0,0,0,0,0,294954,0,353.93,386.29,405.78
168,1,26,64,100,26078,26078,26078,71201,71201,71201,591,591,591,0.16,0.46,0.83,0.06,0.16,0.28,0.04,0.13,0.28,0.00,0.00,0.00,0.00,0.02,0.05,0.00,0.00,0.00,0.03,0.12,0.22,330195,504184,731090,587019,1129442,1548668,0,0,0,0,0,0,0,300388,0,324.17,352.51,388.00
168,2,34,63,87,26116,26116,26116,71163,71163,71163,591,591,591,0.23,0.46,0.78,0.08,0.17,0.26,0.06,0.14,0.25,0.00,0.00,0.00,0.01,0.02,0.04,0.00,0.00,0.00,0.05,0.13,0.21,437652,630503,1328525,959204,1258404,2104154,0,0,0,0,0,0,0,302649,0,341.99,373.07,409.24
168,3,33,68,100,26095,26095,26095,71184,71184,71184,591,591,591,0.21,0.43,0.81,0.08,0.15,0.26,0.06,0.13,0.26,0.00,0.00,0.00,0.01,0.02,0.04,0.00,0.00,0.00,0.04,0.11,0.20,228352,706564,995763,750796,1364517,1808245,0,0,0,0,0,0,0,246178,0,305.02,325.36,361.32
169,0,23,47,89,26101,26101,26101,71178,71178,71178,591,591,591,0.20,0.36,0.69,0.08,0.14,0.28,0.05,0.11,0.23,0.00,0.00,0.00,0.01,0.02,0.04,0.00,0.00,0.00,0.05,0.10,0.18,330119,467765,843839,762622,1117643,1464926,0,0,0,0,0,0,0,201122,0,336.39,354.60,381.09
169,1,33,73,91,26078,26078,26078,71201,71201,71201,591,591,591,0.26,0.46,0.57,0.10,0.17,0.24,0.08,0.13,0.17,0.00,0.00,0.00,0.01,0.02,0.03,0.00,0.00,0.00,0.05,0.13,0.19,220120,392425,592255,908433,1110230,1367845,0,0,0,0,0,0,0,300622,0,332.87,367.23,406.67
169,2,30,55,100,26116,26116,26116,71163,71163,71163,591,591,591,0.20,0.41,0.77,0.07,0.15,0.27,0.05,0.11,0.23,0.00,0.00,0.00,0.01,0.02,0.03,0.00,0.00,0.00,0.04,0.12,0.22,437624,554266,838620,859561,1214671,1737516,0,0,0,0,0,0,0,299866,0,328.94,354.89,381.14
169,3,24,58,100,26095,26095,26095,71184,71184,71184,591,591,591,0.14,0.45,0.62,0.05,0.17,0.26,0.03,0.13,0.17,0.00,0.00,0.00,0.00,0.02,0.03,0.00,0.00,0.00,0.02,0.11,0.19,529384,811069,1593335,1105941,1457670,2044082,0,0,0,0,0,0,0,282276,0,357.32,369.87,387.58
170,0,31,75,100,26101,26101,26101,71178,71178,71178,591,591,591,0.13,0.51,0.83,0.05,0.18,0.29,0.03,0.15,0.28,0.00,0.00,0.00,0.00,0.02,0.05,0.00,0.00,0.00,0.02,0.13,0.22,225673,405943,556730,608007,998397,1572135,0,0,0,0,0,0,0,323511,0,325.48,385.63,408.44
170,1,27,56,100,26078,26078,26078,71201,71201,71201,591,591,591,0.14,0.38,0.65,0.05,0.14,0.24,0.03,0.11,0.18,0.00,0.00,0.00,0.00,0.02,0.03,0.00,0.00,0.00,0.03,0.11,0.19,322347,375270,542444,746912,1037759,1160882,0,0,0,0,0,0,0,237604,0,333.44,355.58,381.83
170,2,35,54,90,26116,26116,26116,71163,71163,71163,591,591,591,0.15,0.38,0.67,0.05,0.14,0.24,0.03,0.11,0.19,0.00,0.00,0.00,0.00,0.02,0.03,0.00,0.00,0.00,0.03,0.11,0.19,140696,677641,1070253,729537,1381131,1838317,0,0,0,0,0,0,0,254477,0,330.05,354.48,373.48
170,3,40,60,100,26095,26095,26095,71184,71184,71184,591,591,591,0.24,0.50,0.83,0.08,0.18,0.26,0.07,0.15,0.28,0.00,0.00,0.00,0.01,0.02,0.04,0.00,0.00,0.00,0.06,0.14,0.20,317124,381558,618462,552891,902013,1242165,0,0,0,0,0,0,0,249569,0,345.96,366.58,399.06
171,0,30,64,100,26101,26101,26101,71178,71178,71178,591,591,591,0.22,0.48,0.83,0.08,0.17,0.26,0.06,0.14,0.28,0.00,0.00,0.00,0.01,0.02,0.05,0.00,0.00,0.00,0.05,0.14,0.24,330203,745349,1289405,807085,1336967,1706103,0,0,0,0,0,0,0,332707,0,363.02,380.68,396.10
171,1,27,55,83,26078,26078,26078,71201,71201,71201,591,591,591,0.25,0.37,0.59,0.09,0.14,0.20,0.07,0.10,0.17,0.00,0.00,0.00,0.01,0.01,0.03,0.00,0.00,0.00,0.06,0.11,0.16,345787,543987,762587,1100231,1226579,1381043,0,0,0,0,0,0,0,266240,0,305.74,313.98,321.65
171,2,27,71,100,26116,26116,26116,71163,71163,71163,591,591,591,0.16,0.49,0.83,0.06,0.18,0.26,0.03,0.14,0.28,0.00,0.00,0.00,0.01,0.02,0.05,0.00,0.00,0.00,0.04,0.13,0.20,456002,742684,1103314,1022000,1308193,1915730,0,0,0,0,0,0,0,308353,0,332.02,375.38,401.88
171,3,31,65,100,26095,26095,26095,71184,71184,71184,591,591,591,0.15,0.46,0.77,0.06,0.17,0.27,0.03,0.13,0.21,0.00,0.00,0.00,0.00,0.02,0.04,0.00,0.00,0.00,0.03,0.12,0.23,319713,500053,1024487,627116,1199496,1674290,0,0,0,0,0,0,0,356030,0,300.87,350.10,380.86
172,0,33,46,65,26101,26101,26101,71178,71178,71178,591,591,591,0.17,0.29,0.49,0.06,0.11,0.20,0.03,0.08,0.16,0.00,0.00,0.00,0.00,0.01,0.03,0.00,0.00,0.00,0.04,0.08,0.12,306573,593849,1200273,1247255,1367457,1721789,0,0,0,0,0,0,0,254233,0,292.09,312.08,350.40
172,1,37,55,77,26078,26078,26078,71201,71201,71201,591,591,591,0.19,0.38,0.71,0.08,0.14,0.25,0.06,0.11,0.25,0.00,0.00,0.00,0.01,0.02,0.05,0.00,0.00,0.00,0.06,0.10,0.13,253305,384006,660396,702320,1007710,1533063,0,0,0,0,0,0,0,267524,0,302.86,311.69,320.12
172,2,30,70,100,26116,26116,26116,71163,71163,71163,591,591,591,0.22,0.54,0.77,0.08,0.20,0.27,0.07,0.16,0.25,0.00,0.00,0.00,0.01,0.02,0.04,0.00,0.00,0.00,0.05,0.16,0.21,432423,891508,2408254,945956,1482187,2914013,0,0,0,0,0,0,0,219648,0,345.76,382.74,415.11
172,3,25,39,52,26095,26095,26095,71184,71184,71184,591,591,591,0.21,0.29,0.40,0.08,0.11,0.14,0.06,0.08,0.11,0.00,0.00,0.00,0.01,0.01,0.01,0.00,0.00,0.00,0.06,0.09,0.12,332799,363755,442900,912039,1059811,1247460,0,0,0,0,0,0,0,224955,0,273.84,312.53,357.05
173,0,53,68,97,26101,26101,26101,71178,71178,71178,591,591,591,0.22,0.43,0.75,0.08,0.16,0.25,0.06,0.12,0.24,0.00,0.00,0.00,0.01,0.02,0.04,0.00,0.00,0.00,0.05,0.13,0.21,307751,346412,391055,864839,1024239,1193287,0,0,0,0,0,0,0,244153,0,331.69,342.92,357.86
173,1,36,71,100,26072,26073,26078,71201,71205,71207,591,591,591,0.15,0.54,0.83,0.06,0.19,0.27,0.03,0.15,0.28,0.00,0.00,0.00,0.00,0.03,0.05,0.00,0.00,0.00,0.03,0.15,0.23,324890,429768,631563,518776,1008924,1519992,0,0,0,0,0,0,0,339459,0,298.16,354.62,397.90
173,2,35,72,100,26112,26112,26116,71163,71166,71167,591,591,591,0.16,0.55,0.84,0.06,0.19,0.28,0.03,0.16,0.28,0.00,0.00,0.00,0.00,0.03,0.05,0.00,0.00,0.00,0.03,0.14,0.25,461283,967365,2232265,854422,1512634,2413047,0,0,0,0,0,0,0,320846,0,364.39,390.39,403.85
173,3,28,51,71,26095,26095,26095,71184,71184,71184,591,591,591,0.12,0.38,0.59,0.05,0.14,0.25,0.03,0.11,0.18,0.00,0.00,0.00,0.00,0.02,0.03,0.00,0.00,0.00,0.02,0.10,0.20,317107,428217,833347,906753,1104885,1226551,0,0,0,0,0,0,0,275836,0,285.68,302.44,335.13
174,0,34,75,100,26101,26101,26101,71178,71178,71178,591,591,591,0.23,0.55,0.83,0.09,0.20,0.28,0.05,0.16,0.28,0.00,0.00,0.00,0.01,0.03,0.05,0.00,0.00,0.00,0.05,0.14,0.22,340668,631585,1409937,605342,1206041,2261665,0,0,0,0,0,0,0,312364,0,334.28,366.11,401.89
174,1,29,54,100,26072,26072,26072,71207,71207,71207,591,591,591,0.17,0.47,0.71,0.07,0.17,0.26,0.03,0.14,0.22,0.00,0.00,0.00,0.00,0.02,0.04,0.00,0.00,0.00,0.04,0.12,0.20,309241,613724,953934,827831,1223783,1656281,0,0,0,0,0,0,0,263402,0,352.10,388.38,417.82
174,2,29,52,100,26112,26112,26112,71167,71167,71167,591,591,591,0.23,0.35,0.58,0.08,0.14,0.21,0.06,0.10,0.18,0.00,0.00,0.00,0.01,0.01,0.02,0.00,0.00,0.00,0.06,0.10,0.17,463861,524642,718067,1019346,1201805,1546202,0,0,0,0,0,0,0,248502,0,325.49,378.69,409.87
174,3,28,65,100,26095,26095,26095,71184,71184,71184,591,591,591,0.28,0.47,0.82,0.10,0.17,0.25,0.08,0.14,0.28,0.00,0.00,0.00,0.01,0.02,0.05,0.00,0.00,0.00,0.07,0.13,0.19,319712,507789,667246,815005,1128591,1347593,0,0,0,0,0,0,0,271787,0,310.72,342.41,367.27
175,0,30,44,74,26101,26101,26101,71178,71178,71178,591,591,591,0.23,0.30,0.45,0.07,0.11,0.16,0.06,0.08,0.12,0.00,0.00,0.00,0.01,0.01,0.02,0.00,0.00,0.00,0.05,0.09,0.12,322348,492035,938210,912008,1223211,1834490,0,0,0,0,0,0,0,191520,0,330.53,365.69,396.84
175,1,42,61,99,26072,26072,26072,71207,71207,71207,591,591,591,0.21,0.36,0.48,0.07,0.14,0.19,0.06,0.10,0.12,0.00,0.00,0.00,0.01,0.01,0.02,0.00,0.00,0.00,0.05,0.11,0.18,322336,465039,767848,927425,1169089,1480663,0,0,0,0,0,0,0,269582,0,323.62,352.91,385.22
175,2,30,57,87,26112,26112,26112,71167,71167,71167,591,591,591,0.15,0.46,0.80,0.05,0.16,0.29,0.03,0.14,0.27,0.00,0.00,0.00,0.00,0.03,0.06,0.00,0.00,0.00,0.03,0.10,0.17,453287,648582,1139982,930155,1291262,1423022,0,0,0,0,0,0,0,340747,0,309.00,344.05,361.13
175,3,31,54,76,26095,26095,26095,71184,71184,71184,591,591,591,0.16,0.35,0.52,0.06,0.14,0.22,0.04,0.10,0.16,0.00,0.00,0.00,0.00,0.01,0.03,0.00,0.00,0.00,0.03,0.10,0.17,322347,413386,573800,760001,1131420,1417470,0,0,0,0,0,0,0,191031,0,293.29,313.21,325.98
176,0,29,58,100,26101,26101,26101,71178,71178,71178,591,591,591,0.13,0.48,0.66,0.05,0.18,0.25,0.03,0.14,0.20,0.00,0.00,0.00,0.00,0.02,0.03,0.00,0.00,0.00,0.02,0.13,0.22,311827,455983,670903,878033,1074422,1192425,0,0,0,0,0,0,0,304406,0,315.16,346.76,384.59
176,1,24,57,100,26072,26072,26072,71207,71207,71207,591,591,591,0.18,0.37,0.53,0.07,0.14,0.20,0.05,0.11,0.17,0.00,0.00,0.00,0.01,0.02,0.03,0.00,0.00,0.00,0.05,0.10,0.18,211399,446891,804517,788742,1107273,1454420,0,0,0,0,0,0,0,280030,0,306.47,315.47,329.22
176,2,34,81,100,26112,26112,26112,71167,71167,71167,591,591,591,0.22,0.58,0.83,0.09,0.20,0.27,0.04,0.17,0.28,0.00,0.00,0.00,0.01,0.03,0.05,0.00,0.00,0.00,0.06,0.15,0.22,581737,730793,900039,851620,1242060,1665564,0,0,0,0,0,0,0,295943,0,381.35,407.74,428.41
176,3,27,68,100,26095,26095,26095,71184,71184,71184,591,591,591,0.29,0.47,0.60,0.11,0.18,0.23,0.09,0.13,0.18,0.00,0.00,0.00,0.01,0.02,0.03,0.00,0.00,0.00,0.06,0.14,0.19,330207,371494,450712,865228,1011242,1255181,0,0,0,0,0,0,0,273181,0,331.75,355.02,374.84
177,0,39,60,100,26101,26101,26101,71178,71178,71178,591,591,591,0.24,0.40,0.80,0.09,0.15,0.26,0.06,0.11,0.25,0.00,0.00,0.00,0.01,0.02,0.04,0.00,0.00,0.00,0.07,0.12,0.20,209916,594391,1493805,653216,1285978,2374364,0,0,0,0,0,0,0,321263,0,348.83,382.73,426.05
177,1,26,56,100,26072,26072,26072,71207,71207,71207,591,591,591,0.12,0.40,0.80,0.04,0.15,0.26,0.02,0.11,0.25,0.00,0.00,0.00,0.00,0.02,0.04,0.00,0.00,0.00,0.02,0.11,0.21,317095,518849,773045,681371,1102158,1423025,0,0,0,0,0,0,0,314892,0,300.54,330.92,366.26
177,2,26,45,69,26090,26107,26112,71167,71171,71189,591,591,591,0.14,0.39,0.62,0.05,0.15,0.26,0.03,0.12,0.20,0.00,0.00,0.00,0.00,0.02,0.03,0.00,0.00,0.00,0.02,0.10,0.17,453380,654855,1025776,919783,1317031,1755866,0,0,0,0,0,0,0,272577,0,330.68,356.62,379.11
177,3,32,53,73,26095,26095,26095,71184,71184,71184,591,591,591,0.23,0.40,0.65,0.08,0.15,0.24,0.07,0.12,0.22,0.00,0.00,0.00,0.01,0.02,0.04,0.00,0.00,0.00,0.05,0.11,0.16,317108,449178,660392,977522,1135786,1446574,0,0,0,0,0,0,0,275803,0,317.48,327.62,341.99
178,0,40,56,78,26101,26101,26101,71178,71178,71178,591,591,591,0.25,0.36,0.55,0.08,0.14,0.19,0.07,0.10,0.16,0.00,0.00,0.00,0.01,0.01,0.02,0.00,0.00,0.00,0.06,0.10,0.16,314452,415634,765233,1058761,1181383,1383709,0,0,0,0,0,0,0,257275,0,298.05,327.71,348.35
178,1,26,47,85,26072,26072,26072,71207,71207,71207,591,591,591,0.26,0.36,0.46,0.09,0.13,0.16,0.07,0.10,0.13,0.00,0.00,0.00,0.01,0.01,0.02,0.00,0.00,0.00,0.07,0.10,0.13,301277,470821,938209,861451,1215749,1540970,0,0,0,0,0,0,0,244279,0,301.76,334.38,378.54
178,2,26,66,100,26090,26090,26090,71189,71189,71189,591,591,591,0.25,0.53,0.83,0.08,0.18,0.27,0.07,0.15,0.28,0.00,0.00,0.00,0.01,0.03,0.05,0.00,0.00,0.00,0.06,0.14,0.21,440247,518362,728611,644675,1037246,1315501,0,0,0,0,0,0,0,248276,0,343.43,379.06,393.25
178,3,33,74,100,26095,26095,26095,71184,71184,71184,591,591,591,0.14,0.50,0.80,0.05,0.18,0.27,0.03,0.15,0.26,0.00,0.00,0.00,0.00,0.03,0.04,0.00,0.00,0.00,0.02,0.12,0.20,317104,513173,847710,725014,1227234,2300572,0,0,0,0,0,0,0,314677,0,301.42,361.46,388.78
179,0,28,56,97,26101,26101,26101,71178,71178,71178,591,591,591,0.14,0.40,0.66,0.05,0.15,0.24,0.03,0.12,0.18,0.00,0.00,0.00,0.00,0.02,0.03,0.00,0.00,0.00,0.03,0.11,0.19,317059,373702,568691,725936,1006837,1292003,0,0,0,0,0,0,0,277384,0,317.18,338.14,363.29
179,1,34,76,100,26072,26072,26072,71207,71207,71207,591,591,591,0.16,0.54,0.74,0.06,0.20,0.29,0.03,0.16,0.23,0.00,0.00,0.00,0.00,0.03,0.04,0.00,0.00,0.00,0.03,0.15,0.26,228863,402169,568652,681348,1005247,1294582,0,0,0,0,0,0,0,298988,0,324.26,348.74,393.06
179,2,40,53,91,26090,26090,26090,71189,71189,71189,591,591,591,0.22,0.34,0.49,0.08,0.13,0.18,0.06,0.10,0.15,0.00,0.00,0.00,0.01,0.01,0.02,0.00,0.00,0.00,0.05,0.10,0.14,222741,480097,749487,985302,1189753,1333755,0,0,0,0,0,0,0,291889,0,302.50,337.90,390.86
179,3,27,59,100,26095,26095,26095,71184,71184,71184,591,591,591,0.17,0.48,0.83,0.06,0.17,0.27,0.04,0.14,0.28,0.00,0.00,0.00,0.01,0.02,0.05,0.00,0.00,0.00,0.04,0.14,0.24,332826,407241,555579,573849,970151,1307707,0,0,0,0,0,0,0,295578,0,334.04,364.64,380.18
180,0,30,49,100,26101,26101,26101,71178,71178,71178,591,591,591,0.32,0.48,0.81,0.12,0.18,0.25,0.07,0.14,0.27,0.00,0.00,0.00,0.01,0.02,0.04,0.00,0.00,0.00,0.05,0.13,0.21,216650,611091,911124,882201,1257327,1832446,0,0,0,0,0,0,0,328716,0,361.59,378.20,401.14
180,1,42,85,100,26072,26072,26072,71207,71207,71207,591,591,591,0.17,0.55,0.83,0.07,0.19,0.29,0.03,0.17,0.28,0.00,0.00,0.00,0.00,0.03,0.05,0.00,0.00,0.00,0.04,0.12,0.18,311840,479023,686537,471691,1050292,1553944,0,0,0,0,0,0,0,295566,0,383.78,393.71,408.26
180,2,23,45,84,26090,26090,26090,71189,71189,71189,591,591,591,0.12,0.32,0.66,0.04,0.12,0.26,0.03,0.09,0.22,0.00,0.00,0.00,0.00,0.01,0.04,0.00,0.00,0.00,0.02,0.08,0.16,438654,687594,891161,944940,1343254,1679799,0,0,0,0,0,0,0,280314,0,315.02,337.08,374.78
180,3,27,49,62,26095,26095,26095,71184,71184,71184,591,591,591,0.21,0.32,0.51,0.08,0.12,0.19,0.06,0.09,0.12,0.00,0.00,0.00,0.01,0.01,0.02,0.00,0.00,0.00,0.04,0.09,0.18,317099,379997,597517,1016874,1131082,1402070,0,0,0,0,0,0,0,246303,0,278.86,303.52,339.04
181,0,36,50,66,26101,26101,26101,71178,71178,71178,591,591,591,0.18,0.31,0.63,0.06,0.11,0.23,0.05,0.08,0.19,0.00,0.00,0.00,0.01,0.01,0.02,0.00,0.00,0.00,0.04,0.09,0.18,324965,511543,804557,1056156,1223832,1546217,0,0,0,0,0,0,0,230318,0,310.29,335.50,360.01
181,1,30,59,100,26072,26072,26072,71207,71207,71207,591,591,591,0.32,0.48,0.69,0.12,0.18,0.27,0.10,0.13,0.18,0.00,0.00,0.00,0.01,0.02,0.03,0.00,0.00,0.00,0.07,0.14,0.21,332774,531965,793963,715335,1177671,1388781,0,0,0,0,0,0,0,260902,0,366.83,397.26,432.65
181,2,26,65,100,26090,26090,26090,71189,71189,71189,591,591,591,0.15,0.55,0.83,0.06,0.19,0.28,0.04,0.16,0.28,0.00,0.00,0.00,0.00,0.03,0.05,0.00,0.00,0.00,0.03,0.14,0.21,421753,527573,717882,613242,992787,1485545,0,0,0,0,0,0,0,364854,0,334.65,375.29,408.19
181,3,30,64,100,26095,26095,26095,71184,71184,71184,591,591,591,0.32,0.46,0.55,0.12,0.17,0.21,0.10,0.13,0.16,0.00,0.00,0.00,0.01,0.02,0.02,0.00,0.00,0.00,0.07,0.13,0.18,262009,471657,972005,922273,1128630,1670390,0,0,0,0,0,0,0,283107,0,319.54,343.17,376.83
182,0,33,68,89,26101,26101,26101,71178,71178,71178,591,591,591,0.34,0.46,0.73,0.13,0.17,0.27,0.10,0.13,0.19,0.00,0.00,0.00,0.01,0.02,0.03,0.00,0.00,0.00,0.07,0.13,0.25,324962,470407,778330,796682,1170123,1616936,0,0,0,0,0,0,0,217364,0,292.87,323.37,350.33
182,1,29,71,94,26072,26072,26072,71207,71207,71207,591,591,591,0.22,0.45,0.73,0.09,0.17,0.27,0.06,0.13,0.22,0.00,0.00,0.00,0.01,0.02,0.03,0.00,0.00,0.00,0.05,0.12,0.20,320415,396510,581695,751941,1121493,1286543,0,0,0,0,0,0,0,303114,0,347.62,361.65,387.16
182,2,28,55,100,26090,26090,26090,71189,71189,71189,591,591,591,0.31,0.46,0.71,0.13,0.17,0.26,0.10,0.13,0.18,0.00,0.00,0.00,0.01,0.02,0.03,0.00,0.00,0.00,0.08,0.13,0.24,448151,545131,804557,917119,1230498,1441389,0,0,0,0,0,0,0,309400,0,341.84,374.40,405.85
182,3,48,57,75,26095,26095,26095,71184,71184,71184,591,591,591,0.24,0.36,0.63,0.09,0.14,0.25,0.06,0.11,0.21,0.00,0.00,0.00,0.01,0.02,0.04,0.00,0.00,0.00,0.07,0.10,0.15,324958,385893,450761,883172,1087573,1297214,0,0,0,0,0,0,0,199424,0,306.72,321.72,337.03
184,0,27,58,100,26093,26098,26101,71178,71180,71186,591,591,591,0.14,0.44,0.83,0.05,0.15,0.25,0.03,0.13,0.28,0.00,0.00,0.00,0.00,0.02,0.05,0.00,0.00,0.00,0.02,0.11,0.18,322348,644826,1483310,620971,1325221,2450345,0,0,0,0,0,0,0,696932,0,318.60,349.28,402.96
184,1,31,59,100,26072,26072,26072,71207,71207,71207,591,591,591,0.14,0.44,0.73,0.05,0.16,0.26,0.03,0.13,0.20,0.00,0.00,0.00,0.00,0.02,0.03,0.00,0.00,0.00,0.02,0.12,0.20,283036,444436,681279,720646,1090034,1593265,0,0,0,0,0,0,0,668364,0,312.56,358.07,398.38
184,2,25,61,100,26090,26090,26090,71189,71189,71189,591,591,591,0.18,0.46,0.82,0.07,0.17,0.29,0.03,0.13,0.25,0.00,0.00,0.00,0.00,0.02,0.04,0.00,0.00,0.00,0.04,0.13,0.22,115296,612501,1312112,552899,1198717,2246840,0,0,0,0,0,0,0,727848,0,328.69,367.30,410.07
184,3,28,56,100,26095,26095,26095,71184,71184,71184,591,591,591,0.15,0.37,0.80,0.05,0.13,0.28,0.03,0.10,0.22,0.00,0.00,0.00,0.00,0.01,0.04,0.00,0.00,0.00,0.03,0.10,0.22,218390,370064,570807,835795,1104713,1388983,0,0,0,0,0,0,0,614498,0,278.80,326.58,373.73
185,0,33,74,100,26093,26093,26093,71186,71186,71186,591,591,591,0.15,0.57,0.83,0.05,0.21,0.31,0.03,0.16,0.27,0.00,0.00,0.00,0.00,0.03,0.05,0.00,0.00,0.00,0.02,0.15,0.26,348560,590678,980144,578962,1163546,1695626,0,0,0,0,0,0,0,323211,0,394.22,418.76,436.97
185,1,32,78,100,26072,26072,26072,71207,71207,71207,591,591,591,0.37,0.55,0.83,0.14,0.20,0.25,0.10,0.16,0.28,0.00,0.00,0.00,0.02,0.03,0.05,0.00,0.00,0.00,0.07,0.15,0.19,288108,440303,679152,571286,958283,1360820,0,0,0,0,0,0,0,290039,0,365.72,383.16,404.95
185,2,29,67,100,26090,26090,26090,71189,71189,71189,591,591,591,0.13,0.53,0.83,0.05,0.17,0.26,0.03,0.16,0.28,0.00,0.00,0.00,0.00,0.03,0.05,0.00,0.00,0.00,0.02,0.12,0.20,445507,525699,689232,602746,1074987,1677218,0,0,0,0,0,0,0,331908,0,318.68,358.59,386.22
185,3,33,76,100,26095,26095,26095,71184,71184,71184,591,591,591,0.18,0.51,0.76,0.07,0.19,0.25,0.03,0.15,0.24,0.00,0.00,0.00,0.00,0.02,0.04,0.00,0.00,0.00,0.04,0.14,0.19,324965,349070,403576,762619,954965,1315573,0,0,0,0,0,0,0,307000,0,302.19,335.26,379.77
186,0,33,62,100,26093,26093,26093,71186,71186,71186,591,591,591,0.28,0.49,0.68,0.10,0.19,0.26,0.08,0.14,0.18,0.00,0.00,0.00,0.01,0.02,0.03,0.00,0.00,0.00,0.06,0.14,0.23,322334,590740,1176670,822913,1194556,1907831,0,0,0,0,0,0,0,332427,0,367.13,398.32,420.81
186,1,40,55,73,26072,26072,26072,71207,71207,71207,591,591,591,0.24,0.39,0.68,0.08,0.15,0.26,0.06,0.12,0.22,0.00,0.00,0.00,0.01,0.02,0.04,0.00,0.00,0.00,0.05,0.11,0.19,351108,438157,560839,749562,1081232,1328499,0,0,0,0,0,0,0,283416,0,313.36,328.89,350.72
186,2,30,49,93,26090,26090,26090,71189,71189,71189,591,591,591,0.23,0.40,0.69,0.08,0.16,0.24,0.07,0.12,0.24,0.00,0.00,0.00,0.01,0.02,0.05,0.00,0.00,0.00,0.06,0.11,0.14,436779,501403,689145,1001094,1109564,1195043,0,0,0,0,0,0,0,187146,0,339.81,365.09,401.11
186,3,39,54,72,26095,26095,26095,71184,71184,71184,591,591,591,0.22,0.34,0.59,0.07,0.13,0.24,0.06,0.10,0.20,0.00,0.00,0.00,0.01,0.01,0.03,0.00,0.00,0.00,0.05,0.10,0.15,311847,503171,1024703,835940,1148902,1449260,0,0,0,0,0,0,0,285295,0,311.89,336.89,357.43
187,0,29,65,99,26093,26093,26093,71186,71186,71186,591,591,591,0.18,0.44,0.76,0.07,0.17,0.27,0.03,0.14,0.25,0.00,0.00,0.00,0.00,0.02,0.04,0.00,0.00,0.00,0.04,0.12,0.20,317103,487430,867414,938183,1191715,1394152,0,0,0,0,0,0,0,228047,0,363.97,388.24,418.00
187,1,35,71,100,26072,26072,26072,71207,71207,71207,591,591,591,0.14,0.50,0.83,0.05,0.17,0.26,0.03,0.14,0.28,0.00,0.00,0.00,0.00,0.02,0.05,0.00,0.00,0.00,0.02,0.13,0.21,340609,607271,943407,534494,1226324,1574689,0,0,0,0,0,0,0,275912,0,323.22,355.08,381.45
187,2,24,64,100,26088,26088,26090,71189,71190,71191,591,591,591,0.14,0.50,0.83,0.05,0.16,0.24,0.03,0.15,0.28,0.00,0.00,0.00,0.00,0.03,0.05,0.00,0.00,0.00,0.02,0.11,0.18,943438,1428143,2245445,1457094,2009963,2418547,0,0,0,0,0,0,0,349050,0,318.93,351.75,391.59
187,3,34,66,100,26095,26095,26095,71184,71184,71184,591,591,591,0.20,0.48,0.80,0.07,0.18,0.26,0.06,0.13,0.26,0.00,0.00,0.00,0.01,0.02,0.04,0.00,0.00,0.00,0.04,0.14,0.22,338061,733513,1558331,859567,1340127,2362632,0,0,0,0,0,0,0,269498,0,298.80,330.99,375.07
188,0,34,81,100,26093,26093,26093,71186,71186,71186,591,591,591,0.21,0.58,0.81,0.08,0.18,0.26,0.03,0.13,0.27,0.00,0.00,0.00,0.01,0.02,0.04,0.00,0.00,0.00,0.05,0.13,0.23,322335,410383,728530,623721,1084913,1339133,0,0,0,0,0,0,0,316491,0,373.66,401.15,418.27
188,1,30,60,100,26072,26072,26072,71207,71207,71207,591,591,591,0.18,0.39,0.58,0.07,0.15,0.23,0.05,0.11,0.17,0.00,0.00,0.00,0.01,0.02,0.02,0.00,0.00,0.00,0.05,0.11,0.15,311840,483732,683902,1001035,1191188,1480479,0,0,0,0,0,0,0,287284,0,336.54,348.76,368.03
188,2,27,62,93,26088,26088,26088,71191,71191,71191,591,591,591,0.17,0.34,0.54,0.06,0.14,0.25,0.05,0.09,0.14,0.00,0.00,0.00,0.01,0.01,0.02,0.00,0.00,0.00,0.04,0.11,0.23,440281,774643,1823945,943198,1435031,2544613,0,0,0,0,0,0,0,228500,0,318.10,376.75,416.41
188,3,27,59,100,26095,26095,26095,71184,71184,71184,591,591,591,0.11,0.39,0.69,0.04,0.14,0.22,0.02,0.11,0.21,0.00,0.00,0.00,0.00,0.02,0.04,0.00,0.00,0.00,0.02,0.10,0.17,314502,425600,689233,840333,1039199,1226469,0,0,0,0,0,0,0,271948,0,323.88,351.76,376.46
189,0,47,67,100,26093,26093,26093,71186,71186,71186,591,591,591,0.29,0.42,0.58,0.11,0.19,0.25,0.09,0.15,0.27,0.00,0.00,0.00,0.01,0.02,0.04,0.00,0.00,0.00,0.06,0.15,0.20,324960,665656,1250106,804538,1237074,1795747,0,0,0,0,0,0,0,314042,0,352.56,390.07,422.32
189,1,28,56,100,26072,26072,26072,71207,71207,71207,591,591,591,0.24,0.35,0.58,0.08,0.13,0.20,0.07,0.10,0.17,0.00,0.00,0.00,0.01,0.01,0.03,0.00,0.00,0.00,0.05,0.10,0.16,311818,367215,442864,972205,1051856,1174105,0,0,0,0,0,0,0,278509,0,324.79,344.11,372.19
189,2,21,48,73,26088,26088,26088,71191,71191,71191,591,591,591,0.15,0.29,0.41,0.06,0.11,0.17,0.05,0.08,0.10,0.00,0.00,0.00,0.01,0.01,0.01,0.00,0.00,0.00,0.04,0.08,0.15,290021,672809,1250072,1027270,1390345,2059868,0,0,0,0,0,0,0,295776,0,286.37,297.67,311.21
189,3,31,54,80,26095,26095,26095,71184,71184,71184,591,591,591,0.23,0.37,0.53,0.09,0.14,0.21,0.06,0.11,0.14,0.00,0.00,0.00,0.01,0.01,0.02,0.00,0.00,0.00,0.05,0.10,0.19,314472,481648,972134,1029855,1226407,1828975,0,0,0,0,0,0,0,292981,0,319.28,336.06,356.31
190,0,31,63,95,26093,26093,26093,71186,71186,71186,591,591,591,0.17,0.47,0.76,0.07,0.14,0.23,0.03,0.11,0.16,0.00,0.00,0.00,0.00,0.02,0.02,0.00,0.00,0.00,0.04,0.10,0.16,315190,471248,822830,883160,1167417,1703311,0,0,0,0,0,0,0,298917,0,332.31,364.27,384.31
190,1,29,44,69,26072,26072,26072,71207,71207,71207,591,591,591,0.21,0.28,0.36,0.08,0.10,0.14,0.06,0.08,0.10,0.00,0.00,0.00,0.01,0.01,0.01,0.00,0.00,0.00,0.06,0.08,0.14,314442,572338,759965,1247289,1347496,1650959,0,0,0,0,0,0,0,255527,0,282.04,299.39,344.56
190,2,30,54,72,26088,26088,26088,71191,71191,71191,591,591,591,0.14,0.41,0.72,0.05,0.15,0.25,0.03,0.12,0.25,0.00,0.00,0.00,0.00,0.02,0.05,0.00,0.00,0.00,0.02,0.11,0.18,450707,637852,896214,801923,1324442,1784697,0,0,0,0,0,0,0,265078,0,321.44,337.06,354.51
190,3,25,45,70,26095,26095,26095,71184,71184,71184,591,591,591,0.17,0.35,0.60,0.06,0.13,0.23,0.03,0.10,0.15,0.00,0.00,0.00,0.00,0.01,0.02,0.00,0.00,0.00,0.04,0.10,0.21,319724,370417,495299,914610,1049884,1279133,0,0,0,0,0,0,0,240954,0,303.86,317.99,335.90
191,0,27,71,100,26093,26093,26093,71186,71186,71186,591,591,591,0.14,0.45,0.68,0.10,0.21,0.27,0.07,0.17,0.24,0.00,0.00,0.00,0.01,0.03,0.04,0.00,0.00,0.00,0.05,0.16,0.24,322341,429877,574790,791440,995468,1259647,0,0,0,0,0,0,0,286043,0,367.65,382.61,410.90
191,1,31,52,100,26072,26072,26072,71207,71207,71207,591,591,591,0.19,0.36,0.67,0.07,0.14,0.24,0.04,0.10,0.21,0.00,0.00,0.00,0.01,0.01,0.03,0.00,0.00,0.00,0.05,0.11,0.19,317098,404619,628956,849097,1095933,1226462,0,0,0,0,0,0,0,249934,0,285.57,307.34,323.84
191,2,33,68,100,26088,26088,26088,71191,71191,71191,591,591,591,0.21,0.56,0.83,0.09,0.19,0.26,0.03,0.16,0.28,0.00,0.00,0.00,0.01,0.03,0.05,0.00,0.00,0.00,0.06,0.14,0.20,445520,698668,1328671,822730,1218932,1705234,0,0,0,0,0,0,0,339348,0,321.76,377.38,407.36
191,3,35,69,100,26087,26091,26095,71184,71187,71192,591,591,591,0.17,0.55,0.75,0.07,0.20,0.30,0.03,0.16,0.25,0.00,0.00,0.00,0.00,0.03,0.04,0.00,0.00,0.00,0.04,0.15,0.24,314349,367740,450708,878129,1004313,1286214,0,0,0,0,0,0,0,279107,0,320.52,354.56,377.13
192,0,22,48,100,26093,26093,26093,71186,71186,71186,591,591,591,0.12,0.39,0.57,0.04,0.13,0.22,0.03,0.09,0.17,0.00,0.00,0.00,0.00,0.01,0.03,0.00,0.00,0.00,0.02,0.10,0.21,128417,370053,526988,828003,1042031,1423655,0,0,0,0,0,0,0,301645,0,321.93,347.34,372.14
192,1,30,49,83,26072,26072,26072,71207,71207,71207,591,591,591,0.21,0.37,0.66,0.07,0.14,0.25,0.06,0.11,0.18,0.00,0.00,0.00,0.01,0.01,0.03,0.00,0.00,0.00,0.05,0.10,0.23,281281,480924,796628,901505,1174222,1422924,0,0,0,0,0,0,0,277374,0,270.27,306.43,326.49
192,2,27,56,89,26088,26088,26088,71191,71191,71191,591,591,591,0.22,0.37,0.73,0.08,0.14,0.27,0.06,0.11,0.19,0.00,0.00,0.00,0.01,0.01,0.03,0.00,0.00,0.00,0.05,0.11,0.25,455994,603247,927649,969637,1310798,1802890,0,0,0,0,0,0,0,197441,0,338.15,382.95,434.88
192,3,33,80,100,26087,26087,26087,71192,71192,71192,591,591,591,0.17,0.58,0.83,0.06,0.20,0.28,0.03,0.18,0.28,0.00,0.00,0.00,0.00,0.03,0.05,0.00,0.00,0.00,0.04,0.15,0.22,317095,441308,744285,482211,935556,1234360,0,0,0,0,0,0,0,341607,0,372.92,392.66,403.48
193,0,31,61,100,26093,26093,26093,71186,71186,71186,591,591,591,0.20,0.42,0.79,0.08,0.15,0.25,0.03,0.12,0.26,0.00,0.00,0.00,0.01,0.02,0.04,0.00,0.00,0.00,0.05,0.11,0.20,315789,505570,961803,781218,1192525,1789950,0,0,0,0,0,0,0,313303,0,305.93,338.38,381.26
193,1,27,56,91,26072,26072,26072,71207,71207,71207,591,591,591,0.22,0.38,0.53,0.09,0.14,0.20,0.06,0.11,0.16,0.00,0.00,0.00,0.01,0.01,0.02,0.00,0.00,0.00,0.05,0.11,0.18,335450,526227,765230,943454,1280978,1551405,0,0,0,0,0,0,0,248569,0,328.86,344.66,359.01
193,2,30,65,100,26088,26088,26088,71191,71191,71191,591,591,591,0.14,0.51,0.83,0.05,0.18,0.24,0.03,0.15,0.28,0.00,0.00,0.00,0.00,0.03,0.05,0.00,0.00,0.00,0.02,0.12,0.19,450511,583673,746883,710294,1230704,1708660,0,0,0,0,0,0,0,287836,0,345.66,357.84,386.40
193,3,26,64,100,26087,26087,26087,71192,71192,71192,591,591,591,0.19,0.41,0.78,0.07,0.16,0.26,0.04,0.12,0.25,0.00,0.00,0.00,0.01,0.02,0.04,0.00,0.00,0.00,0.05,0.12,0.21,322345,464386,767857,794008,1068722,1278888,0,0,0,0,0,0,0,198374,0,324.19,348.33,374.32
194,0,31,55,92,26093,26093,26093,71186,71186,71186,591,591,591,0.23,0.47,0.74,0.09,0.21,0.29,0.07,0.15,0.24,0.00,0.00,0.00,0.01,0.02,0.05,0.00,0.00,0.00,0.05,0.15,0.20,345930,648590,1090138,1108535,1236263,1564452,0,0,0,0,0,0,0,243508,0,362.90,386.64,428.59
194,1,31,68,93,26072,26072,26072,71207,71207,71207,591,591,591,0.23,0.49,0.71,0.09,0.19,0.29,0.06,0.15,0.24,0.00,0.00,0.00,0.01,0.02,0.04,0.00,0.00,0.00,0.05,0.14,0.18,332809,524126,780964,1090182,1224484,1436099,0,0,0,0,0,0,0,310539,0,308.58,336.77,362.92
194,2,35,71,100,26088,26088,26088,71191,71191,71191,591,591,591,0.25,0.49,0.83,0.09,0.18,0.25,0.07,0.14,0.27,0.00,0.00,0.00,0.01,0.02,0.05,0.00,0.00,0.00,0.06,0.14,0.18,447194,684900,1001158,731043,1188667,1597017,0,0,0,0,0,0,0,304659,0,376.02,394.31,411.48
194,3,35,48,60,26087,26087,26087,71192,71192,71192,591,591,591,0.25,0.36,0.56,0.09,0.14,0.23,0.06,0.10,0.18,0.00,0.00,0.00,0.01,0.02,0.03,0.00,0.00,0.00,0.05,0.10,0.16,330190,373545,445953,822706,1106498,1221184,0,0,0,0,0,0,0,271443,0,314.73,331.06,349.21
195,0,28,75,100,26093,26093,26093,71186,71186,71186,591,591,591,0.23,0.56,0.83,0.09,0.19,0.27,0.03,0.16,0.27,0.00,0.00,0.00,0.01,0.03,0.05,0.00,0.00,0.00,0.05,0.14,0.20,340683,502794,615826,623690,1037376,1517292,0,0,0,0,0,0,0,388829,0,333.01,376.87,401.81
195,1,32,72,100,26064,26065,26072,71207,71213,71215,591,591,591,0.15,0.55,0.83,0.06,0.19,0.29,0.03,0.16,0.28,0.00,0.00,0.00,0.00,0.03,0.05,0.00,0.00,0.00,0.03,0.13,0.22,232353,466285,809810,589516,1040252,1540947,0,0,0,0,0,0,0,343139,0,330.40,373.53,409.51
195,2,32,75,100,26088,26088,26088,71191,71191,71191,591,591,591,0.15,0.53,0.83,0.06,0.19,0.25,0.03,0.16,0.28,0.00,0.00,0.00,0.00,0.03,0.05,0.00,0.00,0.00,0.03,0.13,0.19,440264,653517,951081,634153,1223193,1493434,0,0,0,0,0,0,0,336551,0,319.07,366.63,397.38
195,3,31,75,100,26087,26087,26087,71192,71192,71192,591,591,591,0.14,0.56,0.80,0.05,0.20,0.28,0.03,0.16,0.24,0.00,0.00,0.00,0.00,0.03,0.04,0.00,0.00,0.00,0.02,0.14,0.22,220139,330187,403582,543359,897973,1250062,0,0,0,0,0,0,0,293103,0,348.32,375.81,393.62
196,0,30,63,100,26093,26093,26093,71186,71186,71186,591,591,591,0.27,0.47,0.76,0.09,0.15,0.28,0.06,0.12,0.20,0.00,0.00,0.00,0.01,0.02,0.03,0.00,0.00,0.00,0.06,0.12,0.25,311106,555248,1124211,879269,1250174,1978507,0,0,0,0,0,0,0,325647,0,359.21,396.18,424.84
196,1,27,70,100,26062,26062,26064,71215,71216,71217,591,591,591,0.14,0.55,0.83,0.05,0.18,0.25,0.03,0.17,0.28,0.00,0.00,0.00,0.00,0.03,0.05,0.00,0.00,0.00,0.02,0.12,0.18,314475,431350,631545,560814,982730,1281494,0,0,0,0,0,0,0,340138,0,372.47,393.93,430.31
196,2,30,62,100,26088,26088,26088,71191,71191,71191,591,591,591,0.28,0.40,0.55,0.10,0.15,0.23,0.07,0.11,0.14,0.00,0.00,0.00,0.01,0.02,0.02,0.00,0.00,0.00,0.06,0.11,0.20,312725,1176843,3139540,992336,1867817,4098698,0,0,0,0,0,0,0,356918,0,358.49,381.88,417.45
196,3,29,68,100,26087,26087,26087,71192,71192,71192,591,591,591,0.14,0.52,0.83,0.05,0.18,0.26,0.03,0.16,0.27,0.00,0.00,0.00,0.00,0.03,0.05,0.00,0.00,0.00,0.03,0.13,0.21,393078,865875,1826631,736369,1407296,2728153,0,0,0,0,0,0,0,288788,0,366.73,379.55,392.31
197,0,45,51,55,26093,26093,26093,71186,71186,71186,591,591,591,0.21,0.33,0.45,0.08,0.14,0.22,0.06,0.11,0.19,0.00,0.00,0.00,0.01,0.01,0.02,0.00,0.00,0.00,0.05,0.11,0.18,315225,508572,959210,862864,1205665,1601305,0,0,0,0,0,0,0,265702,0,319.64,340.12,372.92
197,1,30,49,85,26062,26062,26062,71217,71217,71217,591,591,591,0.26,0.36,0.47,0.08,0.14,0.21,0.08,0.10,0.12,0.00,0.00,0.00,0.01,0.01,0.02,0.00,0.00,0.00,0.05,0.11,0.20,311871,584377,972199,917222,1256813,1740000,0,0,0,0,0,0,0,268521,0,321.38,359.44,396.25
197,2,43,71,96,26088,26088,26088,71191,71191,71191,591,591,591,0.30,0.53,0.77,0.12,0.20,0.27,0.10,0.16,0.23,0.00,0.00,0.00,0.01,0.03,0.04,0.00,0.00,0.00,0.08,0.14,0.21,458570,685898,1003589,822807,1240351,1909580,0,0,0,0,0,0,0,293273,0,361.39,386.43,414.16
197,3,28,61,100,26087,26087,26087,71192,71192,71192,591,591,591,0.21,0.52,0.66,0.08,0.20,0.26,0.06,0.15,0.20,0.00,0.00,0.00,0.01,0.02,0.04,0.00,0.00,0.00,0.04,0.14,0.21,319735,413962,733592,762648,1000860,1516964,0,0,0,0,0,0,0,294802,0,351.67,379.53,401.73
198,0,30,66,100,26093,26093,26093,71186,71186,71186,591,591,591,0.19,0.45,0.77,0.07,0.15,0.26,0.03,0.12,0.25,0.00,0.00,0.00,0.01,0.02,0.04,0.00,0.00,0.00,0.04,0.11,0.21,316984,389938,628981,849137,1058666,1315091,0,0,0,0,0,0,0,313747,0,320.78,352.29,367.56
198,1,30,62,100,26062,26062,26062,71217,71217,71217,591,591,591,0.13,0.47,0.70,0.05,0.18,0.28,0.03,0.13,0.23,0.00,0.00,0.00,0.00,0.02,0.04,0.00,0.00,0.00,0.02,0.13,0.24,311841,383760,500566,778270,1009074,1381145,0,0,0,0,0,0,0,275705,0,346.02,363.17,397.02
198,2,32,67,100,26088,26088,26088,71191,71191,71191,591,591,591,0.13,0.52,0.83,0.05,0.18,0.24,0.03,0.15,0.28,0.00,0.00,0.00,0.00,0.03,0.05,0.00,0.00,0.00,0.02,0.13,0.18,440273,510448,673184,621100,1067514,1624025,0,0,0,0,0,0,0,287714,0,336.20,371.38,398.62
198,3,34,72,100,26083,26083,26083,71196,71196,71196,591,591,591,0.15,0.48,0.84,0.05,0.16,0.26,0.03,0.14,0.28,0.00,0.00,0.00,0.00,0.02,0.05,0.00,0.00,0.00,0.03,0.12,0.21,234115,418422,552942,678686,1003176,1559246,0,0,0,0,0,0,0,363110,0,335.62,365.90,386.34
199,0,0,28,91,26067,26087,26093,71186,71191,71212,591,591,591,0.00,0.13,0.42,0.00,0.09,0.26,0.00,0.07,0.21,0.00,0.00,0.00,0.00,0.01,0.03,0.00,0.00,0.00,0.00,0.05,0.17,293521,583396,1247581,581801,975629,1708872,0,0,0,0,0,0,0,148206,0,245.98,325.51,417.56
199,1,38,74,100,26062,26062,26062,71217,71217,71217,591,591,591,0.16,0.58,0.83,0.06,0.21,0.29,0.03,0.17,0.28,0.00,0.00,0.00,0.00,0.03,0.05,0.00,0.00,0.00,0.03,0.14,0.22,240993,438146,697126,394670,1003473,1409978,0,0,0,0,0,0,0,357185,0,377.02,405.20,426.28
199,2,29,56,100,26088,26088,26088,71191,71191,71191,591,591,591,0.24,0.44,0.57,0.09,0.16,0.23,0.07,0.12,0.17,0.00,0.00,0.00,0.01,0.02,0.03,0.00,0.00,0.00,0.05,0.12,0.19,115278,730924,1155497,838390,1428988,1804762,0,0,0,0,0,0,0,309245,0,368.55,397.22,425.62
199,3,36,67,94,26083,26083,26083,71196,71196,71196,591,591,591,0.20,0.48,0.78,0.08,0.18,0.26,0.03,0.14,0.25,0.00,0.00,0.00,0.01,0.02,0.04,0.00,0.00,0.00,0.05,0.13,0.19,306618,493690,799308,730722,1162429,1436141,0,0,0,0,0,0,0,197090,0,319.08,372.19,410.98
200,0,23,56,100,26067,26067,26067,71212,71212,71212,591,591,591,0.19,0.52,0.83,0.10,0.21,0.25,0.03,0.17,0.28,0.00,0.00,0.00,0.01,0.03,0.05,0.00,0.00,0.00,0.08,0.16,0.21,304738,494409,989685,577268,936727,1214866,0,0,0,0,0,0,0,237208,0,231.68,332.43,388.36
200,1,36,69,100,26062,26062,26062,71217,71217,71217,591,591,591,0.29,0.56,0.83,0.11,0.21,0.29,0.06,0.16,0.28,0.00,0.00,0.00,0.01,0.03,0.05,0.00,0.00,0.00,0.08,0.16,0.25,311861,564735,987975,613135,1193031,1514720,0,0,0,0,0,0,0,219682,0,393.44,407.78,415.00
200,2,33,64,100,26088,26088,26088,71191,71191,71191,591,591,591,0.21,0.49,0.80,0.09,0.18,0.28,0.03,0.14,0.23,0.00,0.00,0.00,0.01,0.02,0.04,0.00,0.00,0.00,0.05,0.12,0.22,461237,842547,1677256,885743,1472816,2028431,0,0,0,0,0,0,0,301163,0,376.62,399.70,417.14
200,3,41,59,100,26083,26083,26083,71196,71196,71196,591,591,591,0.23,0.43,0.82,0.08,0.16,0.28,0.06,0.12,0.23,0.00,0.00,0.00,0.01,0.02,0.04,0.00,0.00,0.00,0.06,0.13,0.22,351173,442926,639572,775727,963147,1166211,0,0,0,0,0,0,0,257233,0,339.61,360.54,385.95
201,0,25,51,74,26067,26067,26067,71212,71212,71212,591,591,591,0.22,0.36,0.52,0.07,0.12,0.19,0.06,0.09,0.16,0.00,0.00,0.00,0.01,0.01,0.02,0.00,0.00,0.00,0.04,0.09,0.14,322346,379998,600198,909415,1099626,1423177,0,0,0,0,0,0,0,247231,0,312.30,350.79,417.01
201,1,31,66,100,26062,26062,26062,71217,71217,71217,591,591,591,0.16,0.55,0.81,0.06,0.19,0.25,0.03,0.17,0.27,0.00,0.00,0.00,0.00,0.03,0.04,0.00,0.00,0.00,0.04,0.14,0.19,324914,478510,628969,584322,1028306,1284140,0,0,0,0,0,0,0,301213,0,359.44,391.02,420.38
201,2,31,72,100,26088,26088,26088,71191,71191,71191,591,591,591,0.14,0.54,0.82,0.05,0.20,0.29,0.03,0.16,0.26,0.00,0.00,0.00,0.00,0.03,0.04,0.00,0.00,0.00,0.03,0.14,0.22,422029,530943,783577,810399,1057783,1399432,0,0,0,0,0,0,0,283832,0,396.27,406.41,412.83
201,3,30,50,100,26083,26083,26083,71196,71196,71196,591,591,591,0.21,0.36,0.71,0.08,0.13,0.25,0.06,0.10,0.21,0.00,0.00,0.00,0.01,0.01,0.03,0.00,0.00,0.00,0.04,0.11,0.20,309216,422931,594891,799099,1086662,1307712,0,0,0,0,0,0,0,261340,0,295.88,312.78,330.99
202,0,33,56,100,26067,26067,26067,71212,71212,71212,591,591,591,0.26,0.40,0.77,0.09,0.16,0.27,0.07,0.12,0.23,0.00,0.00,0.00,0.01,0.02,0.03,0.00,0.00,0.00,0.06,0.12,0.22,330206,696595,1703590,859562,1367483,2259222,0,0,0,0,0,0,0,309692,0,320.07,340.33,353.55
202,1,33,66,100,26062,26062,26062,71217,71217,71217,591,591,591,0.20,0.42,0.70,0.07,0.16,0.27,0.05,0.12,0.18,0.00,0.00,0.00,0.01,0.02,0.03,0.00,0.00,0.00,0.04,0.13,0.24,211368,328312,419159,835699,991102,1129406,0,0,0,0,0,0,0,257575,0,319.25,351.64,376.07
202,2,34,74,100,26088,26088,26088,71191,71191,71191,591,591,591,0.18,0.57,0.83,0.07,0.20,0.26,0.05,0.17,0.27,0.00,0.00,0.00,0.01,0.03,0.04,0.00,0.00,0.00,0.04,0.15,0.20,83861,616291,1168836,725283,1190167,1944565,0,0,0,0,0,0,0,349251,0,369.80,388.32,415.37
202,3,33,68,100,26083,26083,26083,71196,71196,71196,591,591,591,0.19,0.44,0.81,0.07,0.16,0.25,0.05,0.13,0.26,0.00,0.00,0.00,0.01,0.02,0.04,0.00,0.00,0.00,0.04,0.11,0.20,221886,468812,982213,741646,1110139,1271063,0,0,0,0,0,0,0,339694,0,290.52,319.26,361.64
203,0,32,52,72,26067,26067,26067,71212,71212,71212,591,591,591,0.24,0.37,0.49,0.08,0.14,0.20,0.06,0.11,0.16,0.00,0.00,0.00,0.01,0.02,0.02,0.00,0.00,0.00,0.05,0.10,0.16,209990,405117,783083,745125,1070889,1550762,0,0,0,0,0,0,0,278149,0,320.50,333.84,346.32
203,1,28,60,100,26062,26062,26062,71217,71217,71217,591,591,591,0.15,0.41,0.77,0.05,0.16,0.30,0.04,0.12,0.25,0.00,0.00,0.00,0.00,0.02,0.05,0.00,0.00,0.00,0.04,0.11,0.20,332829,592782,977453,906769,1257371,1729543,0,0,0,0,0,0,0,326436,0,291.95,314.35,346.93
203,2,32,67,86,26088,26088,26088,71191,71191,71191,591,591,591,0.14,0.46,0.81,0.05,0.18,0.29,0.03,0.14,0.27,0.00,0.00,0.00,0.00,0.02,0.06,0.00,0.00,0.00,0.02,0.12,0.19,479582,731512,1027265,1019441,1339162,1664189,0,0,0,0,0,0,0,299256,0,355.00,376.96,395.39
203,3,30,67,100,26083,26083,26083,71196,71196,71196,591,591,591,0.13,0.53,0.83,0.05,0.19,0.27,0.03,0.15,0.28,0.00,0.00,0.00,0.00,0.03,0.05,0.00,0.00,0.00,0.02,0.14,0.23,319728,424014,623804,542438,990584,1244523,0,0,0,0,0,0,0,288246,0,364.55,376.88,389.57
204,0,32,73,100,26067,26067,26067,71212,71212,71212,591,591,591,0.29,0.56,0.81,0.10,0.21,0.30,0.08,0.17,0.27,0.00,0.00,0.00,0.01,0.03,0.05,0.00,0.00,0.00,0.06,0.15,0.26,332804,534088,822890,607957,1121641,1669333,0,0,0,0,0,0,0,356351,0,323.94,371.44,412.51
204,1,36,75,100,26060,26060,26062,71217,71218,71219,591,591,591,0.21,0.55,0.83,0.08,0.19,0.29,0.03,0.16,0.28,0.00,0.00,0.00,0.01,0.03,0.05,0.00,0.00,0.00,0.05,0.14,0.23,311857,429249,660400,602753,1018348,1365267,0,0,0,0,0,0,0,364517,0,330.14,367.54,400.49
204,2,38,75,100,26084,26084,26084,71195,71195,71195,591,591,591,0.18,0.60,0.83,0.08,0.21,0.29,0.03,0.17,0.28,0.00,0.00,0.00,0.01,0.03,0.05,0.00,0.00,0.00,0.05,0.16,0.26,457170,536916,746901,733730,1014373,1367975,0,0,0,0,0,0,0,364816,0,352.60,387.13,421.00
204,3,25,43,56,26083,26083,26083,71196,71196,71196,591,591,591,0.15,0.32,0.52,0.06,0.13,0.21,0.03,0.08,0.13,0.00,0.00,0.00,0.00,0.01,0.02,0.00,0.00,0.00,0.03,0.10,0.17,340688,386814,532000,843843,1026264,1333932,0,0,0,0,0,0,0,237785,0,295.57,338.51,371.19
205,0,34,67,100,26067,26067,26067,71212,71212,71212,591,591,591,0.15,0.52,0.83,0.06,0.18,0.28,0.03,0.15,0.28,0.00,0.00,0.00,0.00,0.03,0.05,0.00,0.00,0.00,0.03,0.13,0.22,327585,675076,1451823,673455,1275214,1747953,0,0,0,0,0,0,0,367066,0,389.93,402.90,411.11
205,1,28,68,100,26060,26060,26060,71219,71219,71219,591,591,591,0.16,0.50,0.79,0.06,0.18,0.29,0.04,0.14,0.22,0.00,0.00,0.00,0.00,0.02,0.04,0.00,0.00,0.00,0.03,0.13,0.26,219218,471542,752179,744645,1072464,1588139,0,0,0,0,0,0,0,303443,0,352.61,403.74,430.40
205,2,26,57,100,26084,26084,26084,71195,71195,71195,591,591,591,0.14,0.40,0.76,0.05,0.14,0.27,0.03,0.11,0.21,0.00,0.00,0.00,0.00,0.02,0.03,0.00,0.00,0.00,0.02,0.11,0.21,453372,601660,783563,835855,1273556,1729604,0,0,0,0,0,0,0,238860,0,339.55,385.07,419.13
205,3,27,55,100,26083,26083,26083,71196,71196,71196,591,591,591,0.15,0.41,0.68,0.06,0.15,0.27,0.04,0.12,0.22,0.00,0.00,0.00,0.01,0.02,0.04,0.00,0.00,0.00,0.03,0.11,0.19,322249,508922,783605,849107,1109020,1585556,0,0,0,0,0,0,0,259003,0,306.63,325.67,358.69
206,0,31,43,72,26067,26067,26067,71212,71212,71212,591,591,591,0.24,0.45,0.72,0.09,0.17,0.24,0.07,0.13,0.23,0.00,0.00,0.00,0.01,0.02,0.04,0.00,0.00,0.00,0.05,0.13,0.19,215761,508909,801915,870832,1200320,1719139,0,0,0,0,0,0,0,219831,0,348.86,389.95,434.50
206,1,34,42,53,26060,26060,26060,71219,71219,71219,591,591,591,0.15,0.24,0.34,0.05,0.09,0.14,0.04,0.07,0.09,0.00,0.00,0.00,0.01,0.01,0.01,0.00,0.00,0.00,0.04,0.07,0.14,335435,555559,851690,1016788,1276870,1567109,0,0,0,0,0,0,0,157998,0,260.65,318.07,359.04
206,2,30,44,70,26084,26084,26084,71195,71195,71195,591,591,591,0.25,0.32,0.45,0.09,0.13,0.19,0.07,0.09,0.12,0.00,0.00,0.00,0.01,0.01,0.02,0.00,0.00,0.00,0.07,0.10,0.17,471699,642266,961760,1079668,1343935,1601187,0,0,0,0,0,0,0,269818,0,287.46,305.29,330.87
206,3,33,74,100,26083,26083,26083,71196,71196,71196,591,591,591,0.18,0.61,0.82,0.08,0.22,0.28,0.03,0.18,0.24,0.00,0.00,0.00,0.01,0.03,0.04,0.00,0.00,0.00,0.05,0.16,0.21,332809,533284,843770,741614,1024654,1273692,0,0,0,0,0,0,0,288864,0,291.31,348.84,383.25
207,0,33,62,89,26067,26067,26067,71212,71212,71212,591,591,591,0.20,0.50,0.66,0.08,0.20,0.25,0.05,0.15,0.19,0.00,0.00,0.00,0.01,0.02,0.04,0.00,0.00,0.00,0.04,0.14,0.20,332823,409645,681367,749465,1023643,1543558,0,0,0,0,0,0,0,315166,0,357.99,389.10,424.80
207,1,31,54,100,26060,26060,26060,71219,71219,71219,591,591,591,0.26,0.36,0.52,0.08,0.13,0.18,0.08,0.10,0.15,0.00,0.00,0.00,0.01,0.01,0.02,0.00,0.00,0.00,0.06,0.10,0.15,327580,430826,589649,875296,1149917,1362745,0,0,0,0,0,0,0,242158,0,272.39,298.01,313.17
207,2,32,62,100,26084,26084,26084,71195,71195,71195,591,591,591,0.14,0.46,0.76,0.05,0.17,0.26,0.03,0.14,0.21,0.00,0.00,0.00,0.00,0.02,0.03,0.00,0.00,0.00,0.03,0.12,0.21,453384,642054,1032543,896240,1246376,1648400,0,0,0,0,0,0,0,286554,0,324.05,351.22,380.49
207,3,30,69,100,26079,26079,26083,71196,71199,71200,591,591,591,0.14,0.54,0.84,0.05,0.18,0.27,0.03,0.16,0.28,0.00,0.00,0.00,0.00,0.03,0.05,0.00,0.00,0.00,0.02,0.12,0.21,316797,379385,547719,497786,946427,1491158,0,0,0,0,0,0,0,327082,0,367.23,377.55,395.82
208,0,34,81,100,26067,26067,26067,71212,71212,71212,591,591,591,0.15,0.58,0.83,0.05,0.20,0.28,0.03,0.17,0.28,0.00,0.00,0.00,0.00,0.03,0.05,0.00,0.00,0.00,0.02,0.15,0.21,319742,626282,1577495,513391,1157212,1926012,0,0,0,0,0,0,0,420448,0,351.26,393.26,428.95
208,1,30,46,90,26060,26060,26060,71219,71219,71219,591,591,591,0.22,0.34,0.62,0.09,0.13,0.26,0.03,0.09,0.18,0.00,0.00,0.00,0.01,0.02,0.03,0.00,0.00,0.00,0.06,0.10,0.21,211395,360950,505779,704967,1101368,1472788,0,0,0,0,0,0,0,262488,0,298.12,314.18,321.34
208,2,29,49,80,26084,26084,26084,71195,71195,71195,591,591,591,0.24,0.35,0.47,0.09,0.14,0.19,0.07,0.10,0.15,0.00,0.00,0.00,0.01,0.01,0.02,0.00,0.00,0.00,0.05,0.10,0.13,450749,605586,919809,1040422,1353140,1808172,0,0,0,0,0,0,0,256173,0,330.48,353.61,383.34
208,3,40,66,100,26079,26079,26079,71200,71200,71200,591,591,591,0.30,0.37,0.45,0.12,0.15,0.20,0.08,0.10,0.11,0.00,0.00,0.00,0.01,0.01,0.02,0.00,0.00,0.00,0.08,0.12,0.18,416761,507513,597514,951475,1163147,1366250,0,0,0,0,0,0,0,278431,0,305.59,355.30,408.08
209,0,33,70,100,26065,26065,26067,71212,71213,71214,591,591,591,0.15,0.52,0.83,0.05,0.18,0.26,0.03,0.15,0.28,0.00,0.00,0.00,0.00,0.03,0.05,0.00,0.00,0.00,0.02,0.13,0.22,225323,478505,780900,536234,1047506,1333924,0,0,0,0,0,0,0,338344,0,380.99,405.82,450.86
209,1,30,75,100,26060,26060,26060,71219,71219,71219,591,591,591,0.27,0.55,0.83,0.09,0.19,0.24,0.08,0.16,0.28,0.00,0.00,0.00,0.01,0.03,0.05,0.00,0.00,0.00,0.07,0.15,0.18,332800,508384,956545,487409,1006283,1601230,0,0,0,0,0,0,0,323549,0,367.56,380.66,398.36
209,2,48,74,95,26084,26084,26084,71195,71195,71195,591,591,591,0.32,0.40,0.61,0.13,0.15,0.21,0.08,0.11,0.18,0.00,0.00,0.00,0.01,0.02,0.03,0.00,0.00,0.00,0.08,0.12,0.17,319689,554482,728548,951309,1257627,1561447,0,0,0,0,0,0,0,289580,0,339.06,345.01,351.99
209,3,34,61,89,26079,26079,26079,71200,71200,71200,591,591,591,0.14,0.41,0.63,0.05,0.15,0.23,0.03,0.12,0.21,0.00,0.00,0.00,0.00,0.02,0.04,0.00,0.00,0.00,0.02,0.10,0.17,316977,461219,744189,741651,1198622,1538166,0,0,0,0,0,0,0,277330,0,311.01,325.84,341.92
210,0,25,50,86,26065,26065,26065,71214,71214,71214,591,591,591,0.14,0.33,0.52,0.05,0.13,0.21,0.03,0.09,0.14,0.00,0.00,0.00,0.00,0.01,0.02,0.00,0.00,0.00,0.03,0.10,0.19,309213,371555,552971,856987,1038200,1234358,0,0,0,0,0,0,0,274653,0,319.74,359.11,400.40
210,1,28,54,89,26060,26060,26060,71219,71219,71219,591,591,591,0.13,0.39,0.60,0.05,0.15,0.22,0.03,0.11,0.21,0.00,0.00,0.00,0.00,0.02,0.04,0.00,0.00,0.00,0.02,0.10,0.16,322344,390470,597525,762565,1122143,1483332,0,0,0,0,0,0,0,278927,0,319.92,333.59,354.18
210,2,32,66,100,26084,26084,26084,71195,71195,71195,591,591,591,0.13,0.48,0.83,0.05,0.17,0.25,0.03,0.14,0.28,0.00,0.00,0.00,0.00,0.02,0.05,0.00,0.00,0.00,0.02,0.12,0.19,440273,592796,799405,649901,1170374,1375609,0,0,0,0,0,0,0,300121,0,326.93,356.61,388.92
210,3,20,54,100,26079,26079,26079,71200,71200,71200,591,591,591,0.15,0.44,0.83,0.07,0.15,0.25,0.04,0.13,0.28,0.00,0.00,0.00,0.01,0.02,0.05,0.00,0.00,0.00,0.05,0.12,0.19,314484,363752,458623,442861,800364,1168834,0,0,0,0,0,0,0,221639,0,322.31,339.83,373.96
211,0,32,59,89,26065,26065,26065,71214,71214,71214,591,591,591,0.29,0.41,0.54,0.11,0.15,0.20,0.09,0.12,0.16,0.00,0.00,0.00,0.01,0.02,0.02,0.00,0.00,0.00,0.06,0.11,0.16,327588,382070,558100,922606,1093279,1388701,0,0,0,0,0,0,0,326824,0,332.70,352.21,372.79
211,1,29,76,100,26060,26060,26060,71219,71219,71219,591,591,591,0.14,0.56,0.82,0.05,0.20,0.28,0.03,0.17,0.27,0.00,0.00,0.00,0.00,0.03,0.04,0.00,0.00,0.00,0.03,0.15,0.25,317052,387837,508410,623635,896217,1179229,0,0,0,0,0,0,0,295366,0,369.66,380.70,403.32
211,2,27,54,100,26084,26084,26084,71195,71195,71195,591,591,591,0.22,0.41,0.65,0.08,0.16,0.25,0.06,0.11,0.17,0.00,0.00,0.00,0.01,0.02,0.02,0.00,0.00,0.00,0.05,0.12,0.20,450730,704965,1045678,1153032,1331829,1520007,0,0,0,0,0,0,0,264284,0,348.76,382.76,414.66
211,3,30,52,95,26079,26079,26079,71200,71200,71200,591,591,591,0.25,0.37,0.46,0.10,0.14,0.19,0.08,0.10,0.12,0.00,0.00,0.00,0.01,0.02,0.02,0.00,0.00,0.00,0.06,0.10,0.16,211395,352755,547728,856160,1035631,1205148,0,0,0,0,0,0,0,269819,0,276.68,308.60,330.33
212,0,47,57,67,26065,26065,26065,71214,71214,71214,591,591,591,0.24,0.36,0.58,0.08,0.14,0.20,0.06,0.10,0.17,0.00,0.00,0.00,0.01,0.01,0.03,0.00,0.00,0.00,0.05,0.11,0.16,317096,613763,1415172,998525,1322395,1970759,0,0,0,0,0,0,0,255963,0,326.82,353.14,377.14
212,1,32,69,100,26060,26060,26060,71219,71219,71219,591,591,591,0.30,0.42,0.63,0.12,0.16,0.26,0.08,0.12,0.18,0.00,0.00,0.00,0.01,0.02,0.03,0.00,0.00,0.00,0.07,0.13,0.19,317090,390641,539842,991707,1089874,1163540,0,0,0,0,0,0,0,334892,0,315.94,337.76,356.25
212,2,31,73,100,26084,26084,26084,71195,71195,71195,591,591,591,0.14,0.51,0.80,0.05,0.19,0.28,0.03,0.15,0.23,0.00,0.00,0.00,0.00,0.02,0.04,0.00,0.00,0.00,0.02,0.13,0.22,413967,583406,1022549,933136,1243872,1484590,0,0,0,0,0,0,0,216334,0,325.91,361.48,396.02
212,3,29,67,100,26077,26078,26079,71200,71200,71202,591,591,591,0.13,0.49,0.80,0.05,0.18,0.30,0.03,0.14,0.25,0.00,0.00,0.00,0.00,0.02,0.04,0.00,0.00,0.00,0.02,0.12,0.20,319734,596958,1069074,943432,1199179,1472597,0,0,0,0,0,0,0,181915,0,358.63,373.32,393.41
213,0,32,50,64,26065,26065,26065,71214,71214,71214,591,591,591,0.25,0.38,0.67,0.10,0.14,0.24,0.07,0.11,0.18,0.00,0.00,0.00,0.01,0.01,0.03,0.00,0.00,0.00,0.06,0.11,0.19,220455,392194,655165,968615,1111777,1210775,0,0,0,0,0,0,0,211229,0,290.77,309.31,322.10
213,1,27,54,100,26054,26057,26060,71219,71222,71225,591,591,591,0.11,0.41,0.69,0.04,0.14,0.24,0.02,0.12,0.24,0.00,0.00,0.00,0.00,0.02,0.05,0.00,0.00,0.00,0.02,0.09,0.17,351166,789452,1551459,644677,1409211,2397948,0,0,0,0,0,0,0,198411,0,336.40,353.02,370.38
213,2,30,44,54,26084,26084,26084,71195,71195,71195,591,591,591,0.28,0.34,0.44,0.10,0.13,0.16,0.07,0.10,0.12,0.00,0.00,0.00,0.01,0.01,0.02,0.00,0.00,0.00,0.07,0.10,0.13,209658,621064,1084971,718081,1336676,1769848,0,0,0,0,0,0,0,283103,0,345.02,355.10,361.78
213,3,50,85,100,26077,26077,26077,71202,71202,71202,591,591,591,0.26,0.62,0.83,0.10,0.21,0.25,0.08,0.18,0.28,0.00,0.00,0.00,0.01,0.03,0.05,0.00,0.00,0.00,0.05,0.16,0.22,338068,513645,851671,741675,926404,1095457,0,0,0,0,0,0,0,313404,0,362.18,374.05,385.76
214,0,35,62,90,26065,26065,26065,71214,71214,71214,591,591,591,0.16,0.40,0.67,0.06,0.15,0.24,0.03,0.11,0.19,0.00,0.00,0.00,0.00,0.02,0.03,0.00,0.00,0.00,0.03,0.11,0.19,319705,453887,702333,993183,1170071,1459593,0,0,0,0,0,0,0,273038,0,338.37,351.38,366.48
214,1,44,72,100,26054,26054,26054,71225,71225,71225,591,591,591,0.29,0.55,0.83,0.10,0.20,0.29,0.07,0.16,0.28,0.00,0.00,0.00,0.01,0.03,0.05,0.00,0.00,0.00,0.07,0.15,0.26,332789,485328,1048213,510976,996344,1968020,0,0,0,0,0,0,0,280978,0,365.70,384.03,414.44
214,2,43,64,100,26084,26084,26084,71195,71195,71195,591,591,591,0.23,0.47,0.70,0.08,0.18,0.27,0.06,0.14,0.23,0.00,0.00,0.00,0.01,0.02,0.04,0.00,0.00,0.00,0.04,0.13,0.24,466480,489540,552948,846473,1131079,1422989,0,0,0,0,0,0,0,269501,0,357.15,367.48,407.35
214,3,30,63,96,26077,26077,26077,71202,71202,71202,591,591,591,0.15,0.46,0.67,0.05,0.18,0.24,0.03,0.13,0.19,0.00,0.00,0.00,0.00,0.02,0.03,0.00,0.00,0.00,0.03,0.13,0.19,303962,334277,355873,765243,997095,1142480,0,0,0,0,0,0,0,262569,0,333.87,365.30,410.19
215,0,30,49,74,26065,26065,26065,71214,71214,71214,591,591,591,0.19,0.35,0.64,0.07,0.13,0.24,0.04,0.09,0.16,0.00,0.00,0.00,0.01,0.01,0.03,0.00,0.00,0.00,0.05,0.11,0.22,332834,691298,1373175,875296,1374201,2224858,0,0,0,0,0,0,0,302218,0,309.68,325.62,343.22
215,1,25,57,100,26054,26054,26054,71225,71225,71225,591,591,591,0.13,0.40,0.65,0.05,0.15,0.23,0.03,0.11,0.19,0.00,0.00,0.00,0.00,0.02,0.03,0.00,0.00,0.00,0.02,0.11,0.18,317098,438581,602726,890811,1128996,1325998,0,0,0,0,0,0,0,338342,0,322.27,341.68,370.30
215,2,31,78,100,26084,26084,26084,71195,71195,71195,591,591,591,0.18,0.59,0.82,0.07,0.21,0.29,0.03,0.17,0.24,0.00,0.00,0.00,0.01,0.03,0.04,0.00,0.00,0.00,0.05,0.16,0.23,429790,864389,1726341,917517,1378861,2085232,0,0,0,0,0,0,0,380353,0,339.02,394.26,423.97
215,3,27,65,91,26077,26077,26077,71202,71202,71202,591,591,591,0.14,0.45,0.76,0.05,0.17,0.27,0.03,0.13,0.27,0.00,0.00,0.00,0.00,0.02,0.05,0.00,0.00,0.00,0.03,0.12,0.18,227995,464905,959172,644683,1097880,1642299,0,0,0,0,0,0,0,266300,0,311.69,331.31,354.59
216,0,33,66,100,26065,26065,26065,71214,71214,71214,591,591,591,0.22,0.47,0.81,0.08,0.17,0.25,0.06,0.14,0.27,0.00,0.00,0.00,0.01,0.02,0.04,0.00,0.00,0.00,0.04,0.12,0.19,311863,426105,804508,731174,1002626,1231487,0,0,0,0,0,0,0,289672,0,345.85,368.95,401.09
216,1,33,70,100,26054,26054,26054,71225,71225,71225,591,591,591,0.27,0.57,0.82,0.10,0.21,0.29,0.05,0.16,0.27,0.00,0.00,0.00,0.01,0.03,0.05,0.00,0.00,0.00,0.05,0.15,0.26,324947,473281,940803,631552,1059250,1829193,0,0,0,0,0,0,0,302513,0,347.27,380.68,404.12
216,2,32,67,100,26082,26082,26082,71197,71197,71197,591,591,591,0.14,0.54,0.83,0.05,0.19,0.28,0.03,0.16,0.28,0.00,0.00,0.00,0.00,0.03,0.05,0.00,0.00,0.00,0.02,0.13,0.21,445514,607453,982749,626363,1164055,1955015,0,0,0,0,0,0,0,334240,0,395.59,401.58,411.13
216,3,35,68,100,26077,26077,26077,71202,71202,71202,591,591,591,0.15,0.52,0.84,0.06,0.18,0.24,0.03,0.15,0.28,0.00,0.00,0.00,0.00,0.03,0.05,0.00,0.00,0.00,0.03,0.13,0.18,314488,515747,783585,526715,1086009,1535722,0,0,0,0,0,0,0,341413,0,316.81,353.30,379.98
217,0,28,44,55,26065,26065,26065,71214,71214,71214,591,591,591,0.24,0.32,0.38,0.08,0.12,0.14,0.06,0.09,0.11,0.00,0.00,0.00,0.01,0.01,0.02,0.00,0.00,0.00,0.06,0.09,0.13,213541,365885,642886,940853,1118910,1258047,0,0,0,0,0,0,0,245918,0,315.20,348.61,380.19
217,1,32,50,81,26054,26054,26054,71225,71225,71225,591,591,591,0.21,0.32,0.52,0.08,0.12,0.20,0.06,0.10,0.17,0.00,0.00,0.00,0.01,0.01,0.03,0.00,0.00,0.00,0.06,0.09,0.15,335466,512066,678745,1058814,1189229,1310274,0,0,0,0,0,0,0,245840,0,299.79,338.16,365.47
217,2,43,67,100,26082,26082,26082,71197,71197,71197,591,591,591,0.28,0.34,0.43,0.09,0.13,0.18,0.08,0.10,0.10,0.00,0.00,0.00,0.01,0.01,0.02,0.00,0.00,0.00,0.06,0.10,0.17,437656,632103,1058680,1085020,1396643,1878022,0,0,0,0,0,0,0,248403,0,319.13,366.12,434.39
217,3,29,55,100,26077,26077,26077,71202,71202,71202,591,591,591,0.14,0.40,0.60,0.05,0.15,0.22,0.03,0.12,0.21,0.00,0.00,0.00,0.00,0.02,0.04,0.00,0.00,0.00,0.02,0.11,0.19,330214,388788,581788,846502,1058404,1281526,0,0,0,0,0,0,0,272221,0,317.78,370.31,407.53
218,0,34,69,100,26065,26065,26065,71214,71214,71214,591,591,591,0.15,0.52,0.83,0.06,0.18,0.26,0.03,0.16,0.26,0.00,0.00,0.00,0.00,0.03,0.04,0.00,0.00,0.00,0.03,0.14,0.20,322364,650388,1658595,909435,1224815,1936337,0,0,0,0,0,0,0,356088,0,312.52,353.09,403.93
218,1,29,56,100,26054,26054,26054,71225,71225,71225,591,591,591,0.13,0.44,0.74,0.05,0.16,0.27,0.03,0.12,0.21,0.00,0.00,0.00,0.00,0.02,0.03,0.00,0.00,0.00,0.02,0.11,0.21,311769,464326,817695,924827,1141741,1326061,0,0,0,0,0,0,0,320661,0,297.58,346.54,370.63
218,2,30,65,95,26082,26082,26082,71197,71197,71197,591,591,591,0.35,0.47,0.73,0.13,0.18,0.26,0.09,0.14,0.22,0.00,0.00,0.00,0.02,0.02,0.03,0.00,0.00,0.00,0.07,0.13,0.20,432411,542576,914610,877917,1159513,1803015,0,0,0,0,0,0,0,221297,0,318.40,349.72,376.51
218,3,30,71,100,26077,26077,26077,71202,71202,71202,591,591,591,0.13,0.51,0.83,0.05,0.18,0.28,0.03,0.15,0.28,0.00,0.00,0.00,0.00,0.03,0.05,0.00,0.00,0.00,0.03,0.13,0.21,332813,477965,673507,529356,1035896,1202176,0,0,0,0,0,0,0,319915,0,364.95,377.63,388.95
219,0,27,59,85,26065,26065,26065,71214,71214,71214,591,591,591,0.19,0.43,0.79,0.07,0.17,0.30,0.05,0.12,0.25,0.00,0.00,0.00,0.01,0.02,0.05,0.00,0.00,0.00,0.03,0.12,0.19,314466,478017,746897,631596,1083396,1564553,0,0,0,0,0,0,0,285205,0,347.93,384.14,413.39
219,1,31,59,100,26054,26054,26054,71225,71225,71225,591,591,591,0.21,0.41,0.67,0.09,0.16,0.25,0.06,0.11,0.19,0.00,0.00,0.00,0.01,0.02,0.03,0.00,0.00,0.00,0.05,0.13,0.23,288250,584910,972282,1004509,1264836,1698217,0,0,0,0,0,0,0,189065,0,321.86,347.45,394.56
219,2,27,57,100,26082,26082,26082,71197,71197,71197,591,591,591,0.12,0.39,0.66,0.05,0.15,0.23,0.03,0.11,0.20,0.00,0.00,0.00,0.00,0.02,0.03,0.00,0.00,0.00,0.02,0.11,0.19,68134,711218,1365316,592244,1384693,2133142,0,0,0,0,0,0,0,318397,0,340.14,365.46,399.80
219,3,26,65,100,26077,26077,26077,71202,71202,71202,591,591,591,0.22,0.48,0.82,0.08,0.17,0.26,0.07,0.14,0.27,0.00,0.00,0.00,0.01,0.02,0.04,0.00,0.00,0.00,0.06,0.14,0.20,324972,388379,482217,589599,944482,1252676,0,0,0,0,0,0,0,200911,0,343.68,358.57,377.55
220,0,23,63,100,26065,26065,26065,71214,71214,71214,591,591,591,0.15,0.51,0.82,0.06,0.17,0.26,0.03,0.15,0.26,0.00,0.00,0.00,0.00,0.02,0.04,0.00,0.00,0.00,0.03,0.13,0.19,227546,436890,863598,665269,939185,1218628,0,0,0,0,0,0,0,284037,0,330.35,371.93,393.94
220,1,0,34,90,26054,26054,26054,71225,71225,71225,591,591,591,0.03,0.25,0.66,0.01,0.10,0.26,0.01,0.08,0.22,0.00,0.00,0.00,0.00,0.01,0.04,0.00,0.00,0.00,0.00,0.06,0.17,309270,357726,437659,558178,770488,1210769,0,0,0,0,0,0,0,195961,0,266.26,304.25,342.43
220,2,0,16,32,26082,26082,26082,71197,71197,71197,591,591,591,0.00,0.21,0.40,0.00,0.07,0.14,0.00,0.06,0.11,0.00,0.00,0.00,0.00,0.01,0.02,0.00,0.00,0.00,0.00,0.05,0.11,453395,616519,780944,609787,1070332,1394161,0,0,0,0,0,0,0,214738,0,251.36,285.19,351.74
220,3,30,46,59,26077,26077,26077,71202,71202,71202,591,591,591,0.25,0.31,0.36,0.09,0.12,0.15,0.06,0.09,0.10,0.00,0.00,0.00,0.01,0.01,0.02,0.00,0.00,0.00,0.06,0.09,0.13,319723,391790,592273,961788,1126233,1260534,0,0,0,0,0,0,0,228989,0,273.57,286.45,316.00
221,0,31,51,82,26065,26065,26065,71214,71214,71214,591,591,591,0.24,0.30,0.54,0.08,0.12,0.22,0.06,0.09,0.18,0.00,0.00,0.00,0.01,0.01,0.03,0.00,0.00,0.00,0.05,0.08,0.14,316958,375265,558289,838619,1077552,1216180,0,0,0,0,0,0,0,274128,0,306.51,345.32,387.22
221,1,32,77,100,26054,26054,26054,71225,71225,71225,591,591,591,0.30,0.55,0.83,0.11,0.19,0.25,0.09,0.16,0.28,0.00,0.00,0.00,0.01,0.03,0.05,0.00,0.00,0.00,0.06,0.14,0.19,311753,501003,704967,901399,1090540,1443720,0,0,0,0,0,0,0,312782,0,291.29,338.25,407.08
221,2,33,74,100,26082,26082,26082,71197,71197,71197,591,591,591,0.15,0.53,0.81,0.06,0.19,0.27,0.03,0.15,0.26,0.00,0.00,0.00,0.00,0.03,0.04,0.00,0.00,0.00,0.03,0.14,0.23,427043,536683,867435,788799,1124177,1412126,0,0,0,0,0,0,0,302244,0,291.80,363.15,403.17
221,3,28,51,72,26077,26077,26077,71202,71202,71202,591,591,591,0.26,0.31,0.34,0.09,0.12,0.14,0.06,0.09,0.10,0.00,0.00,0.00,0.01,0.01,0.02,0.00,0.00,0.00,0.07,0.10,0.13,284767,323484,351170,815058,1068518,1271020,0,0,0,0,0,0,0,284401,0,285.33,295.24,307.98
222,0,28,69,100,26065,26065,26065,71214,71214,71214,591,591,591,0.26,0.48,0.81,0.10,0.17,0.26,0.05,0.14,0.26,0.00,0.00,0.00,0.01,0.02,0.04,0.00,0.00,0.00,0.06,0.14,0.21,322364,587536,1283994,629023,1213866,2161826,0,0,0,0,0,0,0,314588,0,322.07,361.75,390.02
222,1,27,57,100,26054,26054,26054,71225,71225,71225,591,591,591,0.25,0.42,0.77,0.09,0.16,0.27,0.05,0.12,0.24,0.00,0.00,0.00,0.01,0.02,0.03,0.00,0.00,0.00,0.06,0.12,0.21,281273,395703,738817,857036,1008980,1218995,0,0,0,0,0,0,0,290725,0,336.64,359.40,396.14
222,2,30,72,100,26082,26082,26082,71197,71197,71197,591,591,591,0.13,0.54,0.84,0.05,0.19,0.29,0.03,0.16,0.28,0.00,0.00,0.00,0.00,0.03,0.05,0.00,0.00,0.00,0.02,0.14,0.22,450766,652559,979899,995880,1216300,1676832,0,0,0,0,0,0,0,365295,0,402.30,404.72,407.75
222,3,30,72,100,26077,26077,26077,71202,71202,71202,591,591,591,0.13,0.54,0.83,0.05,0.19,0.27,0.03,0.16,0.28,0.00,0.00,0.00,0.00,0.03,0.05,0.00,0.00,0.00,0.02,0.13,0.22,314480,534627,1145293,516272,1092833,1533173,0,0,0,0,0,0,0,291107,0,317.12,339.66,368.54
223,0,32,64,100,26065,26065,26065,71214,71214,71214,591,591,591,0.14,0.50,0.82,0.05,0.18,0.27,0.03,0.15,0.25,0.00,0.00,0.00,0.00,0.02,0.04,0.00,0.00,0.00,0.02,0.13,0.21,332818,503838,943457,880527,1100689,1417807,0,0,0,0,0,0,0,292612,0,332.67,374.29,412.33
223,1,28,51,83,26054,26054,26054,71225,71225,71225,591,591,591,0.21,0.37,0.50,0.08,0.14,0.21,0.06,0.11,0.16,0.00,0.00,0.00,0.01,0.02,0.02,0.00,0.00,0.00,0.04,0.10,0.14,335441,516272,946078,856984,1236955,1753258,0,0,0,0,0,0,0,246863,0,320.83,330.60,343.15
223,2,31,72,100,26082,26082,26082,71197,71197,71197,591,591,591,0.24,0.45,0.83,0.08,0.16,0.25,0.07,0.13,0.28,0.00,0.00,0.00,0.01,0.02,0.05,0.00,0.00,0.00,0.06,0.13,0.22,157209,1120793,3831612,382543,1705529,4274528,0,0,0,0,0,0,0,238173,0,328.36,364.75,402.05
223,3,32,53,90,26077,26077,26077,71202,71202,71202,591,591,591,0.16,0.35,0.55,0.06,0.14,0.21,0.04,0.10,0.16,0.00,0.00,0.00,0.01,0.01,0.02,0.00,0.00,0.00,0.04,0.10,0.16,314467,485342,702350,872646,1180861,1551461,0,0,0,0,0,0,0,279438,0,321.35,338.16,360.51
224,0,24,49,66,26065,26065,26065,71214,71214,71214,591,591,591,0.17,0.33,0.55,0.07,0.13,0.23,0.03,0.09,0.18,0.00,0.00,0.00,0.00,0.01,0.03,0.00,0.00,0.00,0.04,0.09,0.15,317843,426380,793432,735428,1084644,1294444,0,0,0,0,0,0,0,290749,0,311.81,366.77,416.08
224,1,26,62,100,26054,26054,26054,71225,71225,71225,591,591,591,0.17,0.48,0.67,0.06,0.18,0.26,0.05,0.14,0.22,0.00,0.00,0.00,0.01,0.02,0.04,0.00,0.00,0.00,0.04,0.13,0.23,332823,433429,634148,906706,1068631,1441245,0,0,0,0,0,0,0,268757,0,335.43,350.24,365.27
224,2,33,48,58,26082,26082,26082,71197,71197,71197,591,591,591,0.20,0.36,0.51,0.08,0.14,0.20,0.05,0.10,0.14,0.00,0.00,0.00,0.01,0.01,0.02,0.00,0.00,0.00,0.04,0.11,0.18,432414,547709,862204,1181916,1263135,1425650,0,0,0,0,0,0,0,272540,0,297.82,322.37,338.83
224,3,29,55,100,26077,26077,26077,71202,71202,71202,591,591,591,0.22,0.43,0.77,0.09,0.16,0.26,0.05,0.12,0.24,0.00,0.00,0.00,0.01,0.02,0.04,0.00,0.00,0.00,0.05,0.12,0.21,314463,402730,719111,757272,1036457,1218626,0,0,0,0,0,0,0,281068,0,324.40,343.57,371.78
225,0,33,72,100,26065,26065,26065,71214,71214,71214,591,591,591,0.20,0.54,0.82,0.08,0.19,0.27,0.03,0.15,0.24,0.00,0.00,0.00,0.01,0.03,0.04,0.00,0.00,0.00,0.05,0.15,0.21,324969,867437,1590677,969667,1448184,2046756,0,0,0,0,0,0,0,304385,0,368.00,394.87,410.90
225,1,37,67,100,26054,26054,26054,71225,71225,71225,591,591,591,0.16,0.48,0.83,0.06,0.17,0.25,0.03,0.14,0.28,0.00,0.00,0.00,0.00,0.02,0.05,0.00,0.00,0.00,0.03,0.13,0.20,214897,367402,623701,542364,1031469,1367994,0,0,0,0,0,0,0,282985,0,321.41,360.88,392.70
225,2,32,60,100,26082,26082,26082,71197,71197,71197,591,591,591,0.14,0.42,0.69,0.05,0.16,0.23,0.03,0.12,0.21,0.00,0.00,0.00,0.00,0.02,0.03,0.00,0.00,0.00,0.03,0.11,0.18,96956,519655,1073081,909362,1190969,1633495,0,0,0,0,0,0,0,251409,0,327.73,350.55,364.26
225,3,25,61,100,26077,26077,26077,71202,71202,71202,591,591,591,0.23,0.38,0.57,0.09,0.15,0.19,0.07,0.11,0.17,0.00,0.00,0.00,0.01,0.02,0.03,0.00,0.00,0.00,0.05,0.11,0.15,241105,487967,969655,878812,1184713,1821380,0,0,0,0,0,0,0,185243,0,339.08,353.13,392.69
226,0,57,82,100,26065,26065,26065,71214,71214,71214,591,591,591,0.29,0.55,0.81,0.11,0.20,0.25,0.09,0.16,0.27,0.00,0.00,0.00,0.01,0.02,0.04,0.00,0.00,0.00,0.06,0.15,0.20,212496,456050,780982,812346,1019391,1488583,0,0,0,0,0,0,0,218242,0,351.05,388.90,408.79
226,1,47,68,87,26054,26054,26054,71225,71225,71225,591,591,591,0.23,0.49,0.83,0.08,0.19,0.31,0.06,0.15,0.28,0.00,0.00,0.00,0.01,0.02,0.06,0.00,0.00,0.00,0.06,0.13,0.20,324928,479570,799321,602690,1066581,1420434,0,0,0,0,0,0,0,286014,0,335.65,351.69,370.52
226,2,33,59,100,26082,26082,26082,71197,71197,71197,591,591,591,0.18,0.43,0.68,0.07,0.17,0.25,0.03,0.12,0.21,0.00,0.00,0.00,0.01,0.02,0.03,0.00,0.00,0.00,0.04,0.13,0.19,440223,741405,1179230,1133889,1396540,1842220,0,0,0,0,0,0,0,297811,0,338.73,363.10,375.31
226,3,34,59,100,26077,26077,26077,71202,71202,71202,591,591,591,0.24,0.34,0.50,0.08,0.13,0.19,0.07,0.10,0.16,0.00,0.00,0.00,0.01,0.01,0.02,0.00,0.00,0.00,0.06,0.10,0.14,327594,395716,495266,1006369,1126880,1200301,0,0,0,0,0,0,0,221660,0,282.55,297.78,306.72
227,0,42,70,90,26065,26065,26065,71214,71214,71214,591,591,591,0.31,0.36,0.45,0.13,0.14,0.16,0.08,0.11,0.12,0.00,0.00,0.00,0.01,0.01,0.02,0.00,0.00,0.00,0.08,0.10,0.13,322702,373883,516793,914619,1094511,1480032,0,0,0,0,0,0,0,264310,0,332.43,352.19,394.66
227,1,28,68,100,26052,26052,26054,71225,71226,71227,591,591,591,0.13,0.50,0.83,0.05,0.17,0.29,0.03,0.14,0.28,0.00,0.00,0.00,0.00,0.02,0.05,0.00,0.00,0.00,0.02,0.13,0.23,319691,448637,537226,476916,1004717,1378503,0,0,0,0,0,0,0,339416,0,319.44,351.25,374.01
227,2,30,59,85,26082,26082,26082,71197,71197,71197,591,591,591,0.15,0.42,0.72,0.05,0.16,0.28,0.03,0.12,0.23,0.00,0.00,0.00,0.00,0.02,0.05,0.00,0.00,0.00,0.02,0.11,0.21,429641,674539,1100578,895960,1341741,1779267,0,0,0,0,0,0,0,292594,0,338.00,363.13,400.59
227,3,32,53,81,26077,26077,26077,71202,71202,71202,591,591,591,0.24,0.37,0.51,0.09,0.14,0.19,0.05,0.10,0.15,0.00,0.00,0.00,0.01,0.01,0.02,0.00,0.00,0.00,0.06,0.11,0.15,317102,402538,579182,815042,1167778,1412526,0,0,0,0,0,0,0,248568,0,306.11,318.70,340.16
228,0,29,60,100,26065,26065,26065,71214,71214,71214,591,591,591,0.24,0.39,0.57,0.08,0.15,0.25,0.06,0.11,0.16,0.00,0.00,0.00,0.01,0.02,0.03,0.00,0.00,0.00,0.05,0.11,0.20,319723,626322,1378444,793895,1296676,2101734,0,0,0,0,0,0,0,309779,0,321.38,332.18,349.94
228,1,32,74,100,26052,26052,26052,71227,71227,71227,591,591,591,0.14,0.51,0.80,0.05,0.19,0.27,0.03,0.14,0.24,0.00,0.00,0.00,0.00,0.02,0.04,0.00,0.00,0.00,0.02,0.14,0.22,330193,395694,628958,712799,967472,1554051,0,0,0,0,0,0,0,336259,0,386.63,398.40,408.94
228,2,27,61,100,26082,26082,26082,71197,71197,71197,591,591,591,0.15,0.46,0.83,0.05,0.16,0.27,0.04,0.13,0.28,0.00,0.00,0.00,0.00,0.02,0.05,0.00,0.00,0.00,0.04,0.13,0.22,432386,490031,581786,657582,1042450,1312966,0,0,0,0,0,0,0,290693,0,355.52,375.12,386.92
228,3,29,49,68,26077,26077,26077,71202,71202,71202,591,591,591,0.13,0.39,0.54,0.05,0.15,0.21,0.03,0.11,0.17,0.00,0.00,0.00,0.00,0.02,0.03,0.00,0.00,0.00,0.02,0.11,0.19,219241,563794,1134765,784744,1242437,1609113,0,0,0,0,0,0,0,271788,0,305.41,328.18,349.38
229,0,34,72,100,26063,26063,26065,71214,71215,71216,591,591,591,0.15,0.57,0.83,0.06,0.19,0.29,0.03,0.17,0.28,0.00,0.00,0.00,0.00,0.03,0.05,0.00,0.00,0.00,0.03,0.13,0.22,311867,557684,943479,505749,1118514,1879036,0,0,0,0,0,0,0,343708,0,320.60,370.71,403.94
229,1,33,65,100,26052,26052,26052,71227,71227,71227,591,591,591,0.31,0.51,0.83,0.12,0.18,0.28,0.07,0.15,0.28,0.00,0.00,0.00,0.01,0.03,0.05,0.00,0.00,0.00,0.07,0.13,0.22,327560,538325,1171420,699700,1104478,1383695,0,0,0,0,0,0,0,313972,0,355.81,377.11,389.39
229,2,30,58,100,26082,26082,26082,71197,71197,71197,591,591,591,0.15,0.39,0.68,0.06,0.15,0.24,0.03,0.11,0.20,0.00,0.00,0.00,0.00,0.02,0.03,0.00,0.00,0.00,0.01,0.12,0.27,445520,800547,1725429,925104,1568263,2558224,0,0,0,0,0,0,0,334560,0,324.63,350.66,364.01
229,3,43,81,100,26077,26077,26077,71202,71202,71202,591,591,591,0.30,0.50,0.80,0.13,0.19,0.27,0.10,0.14,0.23,0.00,0.00,0.00,0.01,0.02,0.04,0.00,0.00,0.00,0.08,0.14,0.21,314455,339636,377397,697076,938716,1184546,0,0,0,0,0,0,0,296935,0,340.65,357.84,394.65
230,0,36,78,100,26063,26063,26063,71216,71216,71216,591,591,591,0.16,0.57,0.83,0.06,0.21,0.29,0.03,0.16,0.28,0.00,0.00,0.00,0.00,0.03,0.05,0.00,0.00,0.00,0.03,0.16,0.25,237867,392684,703267,594721,980686,1395589,0,0,0,0,0,0,0,375624,0,416.69,424.38,432.94
230,1,25,49,100,26052,26052,26052,71227,71227,71227,591,591,591,0.26,0.41,0.58,0.10,0.16,0.23,0.07,0.12,0.18,0.00,0.00,0.00,0.01,0.02,0.03,0.00,0.00,0.00,0.07,0.12,0.21,324961,438701,710190,854335,1093876,1260522,0,0,0,0,0,0,0,279142,0,328.06,359.14,392.93
230,2,38,68,100,26082,26082,26082,71197,71197,71197,591,591,591,0.22,0.51,0.75,0.08,0.19,0.27,0.06,0.15,0.22,0.00,0.00,0.00,0.01,0.02,0.04,0.00,0.00,0.00,0.04,0.14,0.21,297006,773277,1651039,859628,1339345,2031041,0,0,0,0,0,0,0,302769,0,344.61,373.11,402.11
230,3,34,66,100,26077,26077,26077,71202,71202,71202,591,591,591,0.15,0.54,0.82,0.06,0.19,0.25,0.03,0.16,0.28,0.00,0.00,0.00,0.00,0.03,0.05,0.00,0.00,0.00,0.03,0.13,0.19,312145,543573,898897,649927,1113340,1404691,0,0,0,0,0,0,0,331871,0,313.54,357.73,388.14
231,0,32,67,100,26063,26063,26063,71216,71216,71216,591,591,591,0.14,0.52,0.83,0.05,0.17,0.25,0.03,0.16,0.28,0.00,0.00,0.00,0.00,0.03,0.05,0.00,0.00,0.00,0.02,0.12,0.19,492687,1061926,1970770,919858,1648220,2164702,0,0,0,0,0,0,0,251187,0,399.81,403.16,405.37
231,1,34,52,88,26052,26052,26052,71227,71227,71227,591,591,591,0.29,0.43,0.74,0.10,0.16,0.26,0.08,0.12,0.20,0.00,0.00,0.00,0.01,0.02,0.03,0.00,0.00,0.00,0.06,0.12,0.23,220137,423187,597412,578297,1131119,1524973,0,0,0,0,0,0,0,278130,0,327.55,354.26,385.66
231,2,33,66,94,26082,26082,26082,71197,71197,71197,591,591,591,0.31,0.41,0.58,0.12,0.15,0.23,0.09,0.11,0.16,0.00,0.00,0.00,0.01,0.02,0.02,0.00,0.00,0.00,0.07,0.12,0.21,424543,450095,479580,993230,1182567,1331318,0,0,0,0,0,0,0,263051,0,348.62,373.76,403.46
231,3,26,55,100,26077,26077,26077,71202,71202,71202,591,591,591,0.17,0.38,0.60,0.06,0.15,0.24,0.04,0.11,0.20,0.00,0.00,0.00,0.00,0.02,0.03,0.00,0.00,0.00,0.03,0.10,0.18,345895,457741,571314,733718,1156151,1580286,0,0,0,0,0,0,0,191931,0,328.27,362.64,396.08
232,0,38,59,95,26063,26063,26063,71216,71216,71216,591,591,591,0.21,0.38,0.56,0.08,0.15,0.24,0.06,0.10,0.14,0.00,0.00,0.00,0.01,0.01,0.02,0.00,0.00,0.00,0.05,0.11,0.18,216999,454318,1050871,854344,1129678,1881609,0,0,0,0,0,0,0,258637,0,313.73,368.01,400.65
232,1,33,64,91,26052,26052,26052,71227,71227,71227,591,591,591,0.28,0.47,0.60,0.11,0.18,0.26,0.09,0.14,0.18,0.00,0.00,0.00,0.01,0.02,0.03,0.00,0.00,0.00,0.07,0.12,0.20,330152,584897,993101,932951,1255749,1881390,0,0,0,0,0,0,0,279427,0,345.92,362.21,373.68
232,2,32,63,100,26072,26078,26082,71197,71201,71207,591,591,591,0.14,0.49,0.77,0.05,0.18,0.27,0.03,0.15,0.27,0.00,0.00,0.00,0.00,0.03,0.05,0.00,0.00,0.00,0.02,0.12,0.20,424546,775527,1571505,961755,1395138,1868114,0,0,0,0,0,0,0,283576,0,344.48,372.85,408.15
232,3,26,56,100,26077,26077,26077,71202,71202,71202,591,591,591,0.34,0.48,0.81,0.12,0.18,0.27,0.09,0.14,0.24,0.00,0.00,0.00,0.01,0.02,0.04,0.00,0.00,0.00,0.09,0.14,0.20,322233,433972,712877,765245,1047159,1294711,0,0,0,0,0,0,0,292109,0,348.38,368.51,388.62
233,0,28,56,91,26063,26063,26063,71216,71216,71216,591,591,591,0.28,0.40,0.73,0.10,0.15,0.25,0.08,0.11,0.21,0.00,0.00,0.00,0.01,0.02,0.03,0.00,0.00,0.00,0.07,0.11,0.20,330329,657929,1755665,884783,1331146,2188031,0,0,0,0,0,0,0,317389,0,307.47,321.94,347.64
233,1,34,83,100,26050,26050,26050,71229,71229,71229,591,591,591,0.14,0.60,0.83,0.05,0.21,0.30,0.03,0.17,0.28,0.00,0.00,0.00,0.00,0.03,0.05,0.00,0.00,0.00,0.02,0.15,0.21,319724,419826,539878,479586,956010,1417746,0,0,0,0,0,0,0,391904,0,322.37,377.98,434.92
233,2,31,72,100,26072,26072,26072,71207,71207,71207,591,591,591,0.19,0.54,0.83,0.08,0.19,0.27,0.03,0.16,0.26,0.00,0.00,0.00,0.01,0.03,0.04,0.00,0.00,0.00,0.05,0.14,0.21,324950,612184,867432,604478,1126184,1415172,0,0,0,0,0,0,0,299578,0,386.75,404.20,424.24
233,3,28,60,100,26077,26077,26077,71202,71202,71202,591,591,591,0.22,0.41,0.74,0.09,0.15,0.26,0.07,0.12,0.22,0.00,0.00,0.00,0.01,0.02,0.03,0.00,0.00,0.00,0.06,0.11,0.20,317107,398401,518874,770373,1052006,1219088,0,0,0,0,0,0,0,331813,0,326.48,339.95,352.91
234,0,33,54,88,26063,26063,26063,71216,71216,71216,591,591,591,0.22,0.39,0.58,0.09,0.15,0.22,0.07,0.12,0.20,0.00,0.00,0.00,0.01,0.02,0.04,0.00,0.00,0.00,0.06,0.11,0.15,324968,511562,859602,807170,1199236,1493821,0,0,0,0,0,0,0,278199,0,328.04,341.74,358.94
234,1,33,72,100,26046,26046,26050,71229,71232,71233,591,591,591,0.15,0.55,0.83,0.06,0.19,0.31,0.03,0.16,0.28,0.00,0.00,0.00,0.00,0.03,0.05,0.00,0.00,0.00,0.03,0.15,0.26,309222,493381,780947,806535,1098785,1509482,0,0,0,0,0,0,0,389903,0,385.15,397.56,432.96
234,2,25,61,100,26072,26072,26072,71207,71207,71207,591,591,591,0.15,0.36,0.58,0.06,0.14,0.23,0.03,0.10,0.16,0.00,0.00,0.00,0.00,0.01,0.02,0.00,0.00,0.00,0.03,0.11,0.18,445513,493193,623692,938123,1150439,1394135,0,0,0,0,0,0,0,294523,0,335.52,367.54,392.72
234,3,27,63,100,26077,26077,26077,71202,71202,71202,591,591,591,0.12,0.51,0.83,0.04,0.18,0.27,0.03,0.15,0.28,0.00,0.00,0.00,0.00,0.03,0.05,0.00,0.00,0.00,0.02,0.13,0.21,311790,424001,607967,510917,952837,1200265,0,0,0,0,0,0,0,301442,0,294.93,337.94,368.71
235,0,32,78,100,26059,26059,26059,71220,71220,71220,591,591,591,0.14,0.56,0.83,0.05,0.20,0.28,0.03,0.16,0.28,0.00,0.00,0.00,0.00,0.03,0.05,0.00,0.00,0.00,0.02,0.15,0.22,317103,451282,681387,725953,1019445,1501630,0,0,0,0,0,0,0,373014,0,319.48,379.31,419.19
235,1,34,72,100,26046,26046,26046,71233,71233,71233,591,591,591,0.15,0.53,0.83,0.05,0.18,0.29,0.03,0.16,0.28,0.00,0.00,0.00,0.00,0.03,0.05,0.00,0.00,0.00,0.01,0.14,0.22,393091,553474,985331,592270,1123196,2151481,0,0,0,0,0,0,0,325761,0,391.89,406.09,442.56
235,2,25,56,100,26072,26072,26072,71207,71207,71207,591,591,591,0.12,0.42,0.71,0.04,0.16,0.26,0.02,0.12,0.22,0.00,0.00,0.00,0.00,0.02,0.04,0.00,0.00,0.00,0.02,0.11,0.20,440266,829314,1771469,1013893,1464822,2408255,0,0,0,0,0,0,0,261788,0,341.27,358.65,390.80
235,3,36,56,87,26077,26077,26077,71202,71202,71202,591,591,591,0.24,0.36,0.57,0.08,0.14,0.22,0.07,0.10,0.15,0.00,0.00,0.00,0.01,0.01,0.02,0.00,0.00,0.00,0.06,0.10,0.21,322350,416681,660377,883188,1139457,1467504,0,0,0,0,0,0,0,254389,0,311.71,351.80,392.71
236,0,28,50,100,26059,26059,26059,71220,71220,71220,591,591,591,0.25,0.40,0.78,0.10,0.15,0.26,0.05,0.12,0.24,0.00,0.00,0.00,0.01,0.02,0.04,0.00,0.00,0.00,0.06,0.12,0.21,332835,800769,1496398,838641,1457711,2096529,0,0,0,0,0,0,0,319152,0,349.25,386.74,435.56
236,1,33,67,100,26046,26046,26046,71233,71233,71233,591,591,591,0.14,0.45,0.60,0.05,0.17,0.25,0.03,0.13,0.21,0.00,0.00,0.00,0.00,0.02,0.04,0.00,0.00,0.00,0.01,0.13,0.22,359035,568146,786200,820279,1157779,1664147,0,0,0,0,0,0,0,327908,0,381.73,396.89,407.84
236,2,53,73,100,26072,26072,26072,71207,71207,71207,591,591,591,0.24,0.57,0.83,0.09,0.20,0.29,0.06,0.17,0.28,0.00,0.00,0.00,0.01,0.03,0.05,0.00,0.00,0.00,0.06,0.16,0.26,331905,1061687,1732215,555504,1573400,2403077,0,0,0,0,0,0,0,313124,0,370.46,392.21,413.31
236,3,39,55,74,26077,26077,26077,71202,71202,71202,591,591,591,0.23,0.36,0.68,0.08,0.14,0.27,0.07,0.11,0.23,0.00,0.00,0.00,0.01,0.02,0.04,0.00,0.00,0.00,0.05,0.10,0.17,319736,406897,627172,733792,1081455,1371393,0,0,0,0,0,0,0,197206,0,298.57,311.88,323.39
237,0,26,42,50,26059,26059,26059,71220,71220,71220,591,591,591,0.19,0.32,0.50,0.06,0.12,0.17,0.05,0.09,0.15,0.00,0.00,0.00,0.01,0.01,0.02,0.00,0.00,0.00,0.05,0.08,0.14,322346,419925,681378,974901,1122844,1407309,0,0,0,0,0,0,0,210570,0,291.20,310.16,330.31
237,1,33,69,100,26046,26046,26046,71233,71233,71233,591,591,591,0.14,0.53,0.83,0.05,0.19,0.28,0.03,0.15,0.28,0.00,0.00,0.00,0.00,0.02,0.05,0.00,0.00,0.00,0.02,0.14,0.22,343293,591341,736319,828096,1190806,1593337,0,0,0,0,0,0,0,291959,0,348.95,379.85,397.46
237,2,34,46,66,26072,26072,26072,71207,71207,71207,591,591,591,0.15,0.31,0.52,0.06,0.12,0.20,0.03,0.09,0.17,0.00,0.00,0.00,0.00,0.01,0.03,0.00,0.00,0.00,0.03,0.09,0.15,448141,733772,1284084,1171458,1470169,1808200,0,0,0,0,0,0,0,234783,0,332.74,342.33,360.21
237,3,32,72,100,26077,26077,26077,71202,71202,71202,591,591,591,0.17,0.54,0.82,0.07,0.19,0.27,0.03,0.15,0.25,0.00,0.00,0.00,0.00,0.03,0.04,0.00,0.00,0.00,0.04,0.15,0.21,337987,490015,741547,691810,1029145,1239406,0,0,0,0,0,0,0,307544,0,292.36,340.84,376.03
238,0,31,65,100,26059,26059,26059,71220,71220,71220,591,591,591,0.21,0.43,0.77,0.08,0.17,0.26,0.04,0.13,0.24,0.00,0.00,0.00,0.01,0.02,0.04,0.00,0.00,0.00,0.05,0.12,0.21,322341,404123,670904,835978,1013191,1260567,0,0,0,0,0,0,0,262872,0,339.97,354.41,393.70
238,1,28,66,100,26046,26046,26046,71233,71233,71233,591,591,591,0.12,0.50,0.82,0.05,0.18,0.25,0.02,0.14,0.27,0.00,0.00,0.00,0.00,0.02,0.05,0.00,0.00,0.00,0.02,0.14,0.20,213146,523758,736461,723044,1062204,1425620,0,0,0,0,0,0,0,299257,0,356.85,377.70,392.79
238,2,40,67,100,26072,26072,26072,71207,71207,71207,591,591,591,0.19,0.50,0.72,0.07,0.18,0.26,0.05,0.15,0.21,0.00,0.00,0.00,0.01,0.02,0.04,0.00,0.00,0.00,0.05,0.14,0.20,442740,734263,1296901,851236,1311099,1999061,0,0,0,0,0,0,0,271497,0,344.76,369.31,391.45
238,3,29,62,100,26077,26077,26077,71202,71202,71202,591,591,591,0.26,0.44,0.70,0.09,0.16,0.26,0.07,0.12,0.18,0.00,0.00,0.00,0.01,0.02,0.03,0.00,0.00,0.00,0.06,0.12,0.23,322341,419001,526758,827232,1126709,1341792,0,0,0,0,0,0,0,286393,0,336.44,361.63,403.19
239,0,25,72,100,26059,26059,26059,71220,71220,71220,591,591,591,0.15,0.48,0.77,0.06,0.17,0.27,0.03,0.14,0.21,0.00,0.00,0.00,0.00,0.02,0.03,0.00,0.00,0.00,0.02,0.13,0.21,229661,557379,1386202,741180,1239211,1732097,0,0,0,0,0,0,0,356024,0,345.61,375.83,398.02
239,1,28,65,100,26046,26046,26046,71233,71233,71233,591,591,591,0.16,0.41,0.76,0.06,0.15,0.26,0.03,0.13,0.25,0.00,0.00,0.00,0.00,0.02,0.04,0.00,0.00,0.00,0.04,0.11,0.21,324975,464365,778352,820300,1144655,1378495,0,0,0,0,0,0,0,287968,0,318.73,355.25,391.56
239,2,28,65,100,26072,26072,26072,71207,71207,71207,591,591,591,0.14,0.43,0.76,0.05,0.15,0.27,0.03,0.12,0.22,0.00,0.00,0.00,0.00,0.02,0.03,0.00,0.00,0.00,0.03,0.11,0.21,317958,498612,814983,871766,1161282,1396829,0,0,0,0,0,0,0,309820,0,338.28,359.98,385.14
239,3,0,43,76,26077,26077,26077,71202,71202,71202,591,591,591,0.00,0.25,0.49,0.00,0.09,0.19,0.00,0.07,0.12,0.00,0.00,0.00,0.00,0.01,0.02,0.00,0.00,0.00,0.00,0.07,0.17,167715,412635,741515,436830,1012349,1603560,0,0,0,0,0,0,0,190032,0,246.09,303.90,334.27
240,0,31,56,80,26059,26059,26059,71220,71220,71220,591,591,591,0.13,0.36,0.66,0.05,0.14,0.24,0.02,0.10,0.18,0.00,0.00,0.00,0.00,0.01,0.03,0.00,0.00,0.00,0.03,0.10,0.19,338051,561362,877949,1098100,1213393,1362787,0,0,0,0,0,0,0,273225,0,331.67,362.93,400.10
240,1,27,57,100,26046,26046,26046,71233,71233,71233,591,591,591,0.23,0.36,0.51,0.08,0.14,0.18,0.07,0.10,0.15,0.00,0.00,0.00,0.01,0.01,0.02,0.00,0.00,0.00,0.06,0.10,0.15,329977,611993,817240,1060642,1292947,1651922,0,0,0,0,0,0,0,276171,0,313.96,327.29,351.97
240,2,32,64,100,26072,26072,26072,71207,71207,71207,591,591,591,0.20,0.50,0.74,0.09,0.19,0.28,0.03,0.14,0.21,0.00,0.00,0.00,0.01,0.02,0.04,0.00,0.00,0.00,0.05,0.14,0.25,340663,680321,1362763,702290,1294078,2185662,0,0,0,0,0,0,0,342032,0,387.74,397.35,406.70
240,3,0,46,95,26077,26077,26077,71202,71202,71202,591,591,591,0.00,0.25,0.59,0.00,0.10,0.24,0.00,0.08,0.18,0.00,0.00,0.00,0.00,0.01,0.03,0.00,0.00,0.00,0.00,0.07,0.16,301407,488477,741655,314511,884164,1386054,0,0,0,0,0,0,0,266884,0,182.94,225.15,290.64
241,0,29,54,100,26059,26059,26059,71220,71220,71220,591,591,591,0.23,0.38,0.61,0.09,0.15,0.21,0.07,0.11,0.17,0.00,0.00,0.00,0.01,0.02,0.03,0.00,0.00,0.00,0.05,0.11,0.17,340672,604838,1210695,1069325,1307682,1991620,0,0,0,0,0,0,0,270762,0,335.15,342.94,349.16
241,1,37,58,78,26046,26046,26046,71233,71233,71233,591,591,591,0.20,0.39,0.62,0.07,0.15,0.22,0.06,0.11,0.18,0.00,0.00,0.00,0.01,0.02,0.03,0.00,0.00,0.00,0.04,0.12,0.19,228895,375895,515872,712895,1065360,1267422,0,0,0,0,0,0,0,250644,0,327.33,351.57,367.96
241,2,27,64,100,26072,26072,26072,71207,71207,71207,591,591,591,0.19,0.53,0.82,0.07,0.19,0.29,0.05,0.16,0.26,0.00,0.00,0.00,0.01,0.03,0.04,0.00,0.00,0.00,0.04,0.13,0.21,332827,542852,982126,702343,1082621,1275261,0,0,0,0,0,0,0,280463,0,394.19,399.57,402.31
241,3,31,59,100,26077,26077,26077,71202,71202,71202,591,591,591,0.17,0.47,0.77,0.06,0.17,0.28,0.03,0.14,0.21,0.00,0.00,0.00,0.00,0.02,0.04,0.00,0.00,0.00,0.04,0.14,0.31,450762,1028868,3268011,1058572,1665524,3697052,0,0,0,0,0,0,0,282490,0,304.21,343.84,384.94
242,0,26,50,100,26059,26059,26059,71220,71220,71220,591,591,591,0.27,0.39,0.47,0.11,0.15,0.20,0.07,0.11,0.15,0.00,0.00,0.01,0.01,0.02,0.02,0.00,0.00,0.00,0.07,0.11,0.16,226179,590285,1039074,862217,1279416,1873408,0,0,0,0,0,0,0,303733,0,342.81,345.92,350.32
242,1,30,63,100,26046,26046,26046,71233,71233,71233,591,591,591,0.15,0.55,0.80,0.06,0.20,0.27,0.03,0.17,0.24,0.00,0.00,0.00,0.00,0.03,0.04,0.00,0.00,0.00,0.03,0.14,0.21,351140,515214,731118,712763,1096469,1546093,0,0,0,0,0,0,0,304633,0,320.88,349.87,394.69
242,2,32,60,100,26072,26072,26072,71207,71207,71207,591,591,591,0.31,0.44,0.81,0.12,0.16,0.25,0.09,0.13,0.27,0.00,0.00,0.00,0.01,0.02,0.04,0.00,0.00,0.00,0.07,0.12,0.20,225366,389925,550309,763449,1031089,1420322,0,0,0,0,0,0,0,245998,0,346.71,364.10,403.90
242,3,31,64,100,26077,26077,26077,71202,71202,71202,591,591,591,0.30,0.43,0.57,0.12,0.16,0.22,0.09,0.12,0.17,0.00,0.00,0.00,0.01,0.02,0.02,0.00,0.00,0.00,0.07,0.13,0.18,453378,572354,898889,995828,1274173,1472816,0,0,0,0,0,0,0,293785,0,344.31,366.79,399.71
243,0,32,71,100,26059,26059,26059,71220,71220,71220,591,591,591,0.18,0.46,0.79,0.07,0.17,0.25,0.03,0.13,0.26,0.00,0.00,0.00,0.01,0.02,0.04,0.00,0.00,0.00,0.05,0.13,0.20,327584,447066,864676,670957,1012604,1273432,0,0,0,0,0,0,0,263934,0,327.60,355.25,382.62
243,1,42,63,100,26046,26046,26046,71233,71233,71233,591,591,591,0.23,0.43,0.80,0.08,0.15,0.26,0.06,0.12,0.25,0.00,0.00,0.00,0.01,0.02,0.04,0.00,0.00,0.00,0.05,0.12,0.21,319727,581792,856965,799263,1296717,1745378,0,0,0,0,0,0,0,265843,0,342.31,373.30,413.18
243,2,30,47,68,26072,26072,26072,71207,71207,71207,591,591,591,0.18,0.36,0.56,0.07,0.14,0.22,0.03,0.10,0.15,0.00,0.00,0.00,0.00,0.01,0.03,0.00,0.00,0.00,0.04,0.10,0.20,335441,552424,888423,882940,1257360,1831881,0,0,0,0,0,0,0,219144,0,322.29,331.77,340.27
243,3,28,59,100,26077,26077,26077,71202,71202,71202,591,591,591,0.24,0.44,0.77,0.09,0.16,0.26,0.05,0.13,0.24,0.00,0.00,0.00,0.01,0.02,0.03,0.00,0.00,0.00,0.06,0.11,0.21,461239,549998,799349,927721,1207262,1386412,0,0,0,0,0,0,0,263926,0,326.68,349.71,367.40
244,0,0,0,0,26059,26059,26059,71220,71220,71220,591,591,591,0.00,0.00,0.00,0.00,0.00,0.00,0.00,0.00,0.00,0.00,0.00,0.00,0.00,0.00,0.00,0.00,0.00,0.00,0.00,0.00,0.00,301405,370850,558266,314510,385264,573991,0,0,0,0,0,0,0,110494,0,197.03,257.43,295.33
244,1,22,48,76,26046,26046,26046,71233,71233,71233,591,591,591,0.24,0.34,0.50,0.09,0.13,0.21,0.07,0.10,0.13,0.00,0.00,0.00,0.01,0.01,0.02,0.00,0.00,0.00,0.06,0.10,0.18,432408,586731,774844,1111158,1231310,1438021,0,0,0,0,0,0,0,244898,0,303.46,322.21,346.92
244,2,23,73,100,26072,26072,26072,71207,71207,71207,591,591,591,0.35,0.60,0.76,0.12,0.22,0.29,0.11,0.18,0.24,0.00,0.00,0.00,0.02,0.03,0.04,0.00,0.00,0.00,0.07,0.16,0.26,330215,400940,537226,652485,819573,1008937,0,0,0,0,0,0,0,323006,0,347.14,382.56,405.12
244,3,31,69,100,26077,26077,26077,71202,71202,71202,591,591,591,0.35,0.49,0.73,0.13,0.18,0.26,0.09,0.14,0.22,0.00,0.00,0.00,0.02,0.02,0.03,0.00,0.00,0.00,0.08,0.14,0.20,455898,638756,1064025,1103268,1279447,1496449,0,0,0,0,0,0,0,332056,0,338.12,363.04,380.34
245,0,30,65,100,26059,26059,26059,71220,71220,71220,591,591,591,0.23,0.45,0.81,0.09,0.16,0.25,0.06,0.14,0.27,0.00,0.00,0.00,0.01,0.02,0.04,0.00,0.00,0.00,0.05,0.12,0.20,364276,496652,697082,657712,1106869,1554022,0,0,0,0,0,0,0,312401,0,224.85,297.51,379.98
245,1,32,58,100,26046,26046,26046,71233,71233,71233,591,591,591,0.26,0.43,0.55,0.09,0.16,0.23,0.06,0.13,0.16,0.00,0.00,0.00,0.01,0.02,0.03,0.00,0.00,0.00,0.07,0.12,0.19,314347,457007,762591,731221,1113646,1399395,0,0,0,0,0,0,0,277833,0,335.56,348.77,363.21
245,2,28,64,100,26072,26072,26072,71207,71207,71207,591,591,591,0.12,0.50,0.83,0.05,0.17,0.25,0.03,0.14,0.28,0.00,0.00,0.00,0.00,0.02,0.05,0.00,0.00,0.00,0.02,0.12,0.19,356411,468321,612596,571307,995974,1448110,0,0,0,0,0,0,0,344259,0,343.57,367.29,384.16
245,3,29,57,100,26077,26077,26077,71202,71202,71202,591,591,591,0.14,0.41,0.65,0.05,0.16,0.26,0.03,0.12,0.18,0.00,0.00,0.00,0.00,0.02,0.03,0.00,0.00,0.00,0.02,0.11,0.23,419318,683844,1459748,926438,1376081,2072999,0,0,0,0,0,0,0,277449,0,335.24,361.56,388.47
246,0,31,56,86,26059,26059,26059,71220,71220,71220,591,591,591,0.14,0.45,0.64,0.05,0.17,0.24,0.03,0.12,0.21,0.00,0.00,0.00,0.00,0.02,0.04,0.00,0.00,0.00,0.02,0.13,0.22,464274,707939,868832,1178159,1404630,1740058,0,0,0,0,0,0,0,288473,0,334.50,363.51,395.17
246,1,32,66,100,26046,26046,26046,71233,71233,71233,591,591,591,0.16,0.47,0.83,0.06,0.17,0.26,0.03,0.14,0.26,0.00,0.00,0.00,0.00,0.02,0.04,0.00,0.00,0.00,0.03,0.12,0.20,335452,685019,1218649,893666,1298767,1690384,0,0,0,0,0,0,0,355480,0,311.07,354.43,387.95
246,2,44,61,82,26072,26072,26072,71207,71207,71207,591,591,591,0.22,0.41,0.76,0.09,0.16,0.30,0.06,0.12,0.26,0.00,0.00,0.00,0.01,0.02,0.05,0.00,0.00,0.00,0.05,0.10,0.19,227132,576862,1477974,749369,1242836,2188135,0,0,0,0,0,0,0,309878,0,343.34,362.02,404.53
246,3,34,58,100,26077,26077,26077,71202,71202,71202,591,591,591,0.26,0.47,0.76,0.12,0.17,0.27,0.06,0.13,0.21,0.00,0.00,0.00,0.01,0.02,0.03,0.00,0.00,0.00,0.08,0.13,0.21,474369,773603,1234328,995843,1372155,1923561,0,0,0,0,0,0,0,258822,0,340.35,359.69,389.76
247,0,31,71,100,26059,26059,26059,71220,71220,71220,591,591,591,0.14,0.55,0.83,0.05,0.20,0.29,0.03,0.16,0.28,0.00,0.00,0.00,0.00,0.03,0.05,0.00,0.00,0.00,0.02,0.14,0.22,322277,384686,545109,544955,952810,1485948,0,0,0,0,0,0,0,296594,0,399.98,403.93,407.57
247,1,26,68,100,26046,26046,26046,71233,71233,71233,591,591,591,0.19,0.49,0.80,0.08,0.18,0.25,0.03,0.14,0.27,0.00,0.00,0.00,0.01,0.02,0.04,0.00,0.00,0.00,0.05,0.13,0.20,327536,444324,641454,720663,1059081,1259909,0,0,0,0,0,0,0,293807,0,321.02,369.12,401.44
247,2,30,64,100,26070,26070,26070,71209,71209,71209,591,591,591,0.13,0.51,0.84,0.05,0.18,0.29,0.03,0.14,0.28,0.00,0.00,0.00,0.00,0.02,0.05,0.00,0.00,0.00,0.02,0.14,0.23,345889,466452,691813,526694,997884,1577544,0,0,0,0,0,0,0,343636,0,330.52,369.95,384.78
247,3,23,45,72,26077,26077,26077,71202,71202,71202,591,591,591,0.21,0.31,0.45,0.08,0.12,0.17,0.06,0.09,0.14,0.00,0.00,0.00,0.01,0.01,0.02,0.00,0.00,0.00,0.04,0.09,0.16,354671,501245,752112,1065760,1207428,1582842,0,0,0,0,0,0,0,240695,0,296.59,307.98,325.57
248,0,33,80,100,26059,26059,26059,71220,71220,71220,591,591,591,0.24,0.59,0.83,0.09,0.21,0.28,0.05,0.17,0.28,0.00,0.00,0.00,0.01,0.03,0.05,0.00,0.00,0.00,0.06,0.16,0.25,319722,388386,539853,602820,931387,1336542,0,0,0,0,0,0,0,324956,0,383.57,401.36,433.24
248,1,32,63,96,26046,26046,26046,71233,71233,71233,591,591,591,0.31,0.48,0.62,0.12,0.19,0.25,0.09,0.14,0.18,0.00,0.00,0.00,0.01,0.02,0.03,0.00,0.00,0.00,0.06,0.14,0.22,343326,364962,380872,851693,977487,1126893,0,0,0,0,0,0,0,271428,0,338.97,367.44,391.15
248,2,27,51,83,26070,26070,26070,71209,71209,71209,591,591,591,0.14,0.34,0.71,0.05,0.13,0.27,0.03,0.10,0.23,0.00,0.00,0.00,0.00,0.02,0.04,0.00,0.00,0.00,0.02,0.09,0.16,322338,421431,545338,901505,1133138,1381184,0,0,0,0,0,0,0,245913,0,316.04,349.64,400.01
248,3,27,51,76,26077,26077,26077,71202,71202,71202,591,591,591,0.18,0.34,0.49,0.07,0.13,0.18,0.05,0.10,0.14,0.00,0.00,0.00,0.01,0.01,0.02,0.00,0.00,0.00,0.04,0.10,0.13,448144,842239,1724179,953925,1540893,2581028,0,0,0,0,0,0,0,269819,0,296.24,306.17,312.88
249,0,37,59,100,26059,26059,26059,71220,71220,71220,591,591,591,0.21,0.34,0.57,0.08,0.13,0.22,0.07,0.10,0.16,0.00,0.00,0.00,0.01,0.01,0.02,0.00,0.00,0.00,0.05,0.10,0.19,324954,556690,1005855,972271,1282818,1782305,0,0,0,0,0,0,0,267291,0,316.57,357.45,394.38
249,1,0,44,86,26046,26046,26046,71233,71233,71233,591,591,591,0.00,0.31,0.50,0.00,0.11,0.20,0.00,0.08,0.15,0.00,0.00,0.00,0.00,0.01,0.02,0.00,0.00,0.00,0.00,0.09,0.14,324945,419674,544268,453426,969765,1331888,0,0,0,0,0,0,0,222875,0,288.99,337.37,376.57
249,2,0,41,100,26070,26070,26070,71209,71209,71209,591,591,591,0.06,0.37,0.83,0.03,0.13,0.26,0.00,0.10,0.27,0.00,0.00,0.00,0.00,0.02,0.04,0.00,0.00,0.00,0.05,0.11,0.20,230615,544598,1145297,462979,1086392,2088791,0,0,0,0,0,0,0,249477,0,325.83,361.75,400.29
249,3,44,66,100,26077,26077,26077,71202,71202,71202,591,591,591,0.28,0.45,0.60,0.10,0.17,0.20,0.08,0.13,0.18,0.00,0.00,0.00,0.01,0.02,0.03,0.00,0.00,0.00,0.07,0.12,0.17,440244,563387,867315,925115,1213766,1692707,0,0,0,0,0,0,0,202531,0,318.11,327.71,354.07
250,0,30,47,63,26059,26059,26059,71220,71220,71220,591,591,591,0.24,0.30,0.40,0.10,0.11,0.14,0.06,0.08,0.11,0.00,0.00,0.00,0.01,0.01,0.01,0.00,0.00,0.00,0.07,0.09,0.12,332828,486406,838645,951344,1231737,1499021,0,0,0,0,0,0,0,183316,0,293.64,304.18,324.63
250,1,0,15,41,26046,26046,26046,71233,71233,71233,591,591,591,0.00,0.14,0.40,0.00,0.05,0.14,0.00,0.04,0.11,0.00,0.00,0.00,0.00,0.01,0.01,0.00,0.00,0.00,0.00,0.04,0.10,311703,468010,1035068,324800,763625,1263170,0,0,0,0,0,0,0,123132,0,165.65,201.08,247.46
250,2,0,27,62,26070,26070,26070,71209,71209,71209,591,591,591,0.00,0.16,0.38,0.00,0.06,0.14,0.00,0.05,0.12,0.00,0.00,0.00,0.00,0.01,0.02,0.00,0.00,0.00,0.00,0.04,0.08,301409,840534,2264486,314514,1202409,2280211,0,0,0,0,0,0,0,183996,0,207.55,234.55,285.11
250,3,28,71,100,26077,26077,26077,71202,71202,71202,591,591,591,0.14,0.45,0.77,0.05,0.16,0.27,0.03,0.13,0.22,0.00,0.00,0.00,0.00,0.02,0.03,0.00,0.00,0.00,0.02,0.12,0.21,461199,641536,985403,820251,1316617,1889563,0,0,0,0,0,0,0,272218,0,308.76,337.04,361.97
251,0,30,63,100,26059,26059,26059,71220,71220,71220,591,591,591,0.16,0.47,0.64,0.06,0.18,0.25,0.04,0.14,0.19,0.00,0.00,0.00,0.00,0.02,0.03,0.00,0.00,0.00,0.03,0.13,0.19,335429,434503,791435,770489,1027293,1284117,0,0,0,0,0,0,0,303990,0,305.34,336.33,383.39
251,1,33,68,100,26046,26046,26046,71233,71233,71233,591,591,591,0.16,0.52,0.82,0.06,0.18,0.26,0.03,0.16,0.26,0.00,0.00,0.00,0.00,0.03,0.04,0.00,0.00,0.00,0.03,0.13,0.20,343316,540613,767769,862223,1124434,1378384,0,0,0,0,0,0,0,292036,0,279.41,329.64,389.87
251,2,30,53,96,26070,26070,26070,71209,71209,71209,591,591,591,0.12,0.39,0.78,0.04,0.14,0.27,0.03,0.11,0.23,0.00,0.00,0.00,0.00,0.02,0.03,0.00,0.00,0.00,0.02,0.11,0.21,330204,555580,1050885,972275,1182444,1496397,0,0,0,0,0,0,0,273219,0,311.99,334.65,354.91
251,3,28,56,100,26077,26077,26077,71202,71202,71202,591,591,591,0.13,0.35,0.57,0.05,0.13,0.22,0.03,0.10,0.18,0.00,0.00,0.00,0.00,0.02,0.03,0.00,0.00,0.00,0.02,0.10,0.16,7861,465347,814963,545091,1148045,1682335,0,0,0,0,0,0,0,252535,0,290.93,318.10,355.89
252,0,33,63,100,26059,26059,26059,71220,71220,71220,591,591,591,0.15,0.47,0.74,0.05,0.17,0.29,0.03,0.13,0.22,0.00,0.00,0.00,0.00,0.02,0.04,0.00,0.00,0.00,0.02,0.13,0.24,340652,755901,1976543,754676,1422181,2383332,0,0,0,0,0,0,0,347712,0,352.56,390.14,419.89
252,1,28,76,100,26046,26046,26046,71233,71233,71233,591,591,591,0.13,0.51,0.71,0.05,0.19,0.26,0.03,0.14,0.22,0.00,0.00,0.00,0.00,0.02,0.04,0.00,0.00,0.00,0.03,0.14,0.22,327585,438157,571288,849102,990578,1407257,0,0,0,0,0,0,0,293364,0,373.54,383.26,393.40
252,2,38,57,100,26070,26070,26070,71209,71209,71209,591,591,591,0.24,0.45,0.61,0.09,0.17,0.22,0.07,0.13,0.18,0.00,0.00,0.00,0.01,0.02,0.03,0.00,0.00,0.00,0.05,0.13,0.20,123147,439720,835990,846309,1097444,1423018,0,0,0,0,0,0,0,340676,0,332.58,354.80,371.63
252,3,30,54,100,26077,26077,26077,71202,71202,71202,591,591,591,0.17,0.46,0.76,0.07,0.17,0.25,0.03,0.13,0.25,0.00,0.00,0.00,0.00,0.02,0.04,0.00,0.00,0.00,0.04,0.13,0.22,474326,573381,825490,932929,1174545,1480705,0,0,0,0,0,0,0,267275,0,321.43,351.22,384.19
253,0,32,61,100,26059,26059,26059,71220,71220,71220,591,591,591,0.17,0.49,0.80,0.07,0.18,0.27,0.03,0.14,0.23,0.00,0.00,0.00,0.00,0.02,0.04,0.00,0.00,0.00,0.04,0.13,0.21,322340,512080,885776,699720,1124795,1564521,0,0,0,0,0,0,0,329108,0,374.44,395.89,412.10
253,1,29,54,100,26046,26046,26046,71233,71233,71233,591,591,591,0.17,0.39,0.78,0.06,0.14,0.26,0.04,0.11,0.25,0.00,0.00,0.00,0.01,0.02,0.04,0.00,0.00,0.00,0.04,0.11,0.20,172957,570782,1365383,875270,1256871,2072971,0,0,0,0,0,0,0,280221,0,320.78,337.28,361.28
253,2,31,62,100,26070,26070,26070,71209,71209,71209,591,591,591,0.30,0.42,0.55,0.11,0.16,0.21,0.09,0.12,0.16,0.00,0.00,0.00,0.01,0.02,0.02,0.00,0.00,0.00,0.06,0.12,0.16,324940,470143,849087,909364,1175097,1428268,0,0,0,0,0,0,0,295151,0,348.63,354.70,359.35
253,3,32,59,100,26077,26077,26077,71202,71202,71202,591,591,591,0.17,0.42,0.70,0.07,0.15,0.24,0.03,0.12,0.21,0.00,0.00,0.00,0.00,0.02,0.04,0.00,0.00,0.00,0.04,0.11,0.19,448139,490054,597521,864673,1178240,1577665,0,0,0,0,0,0,0,279234,0,300.32,331.70,357.80
254,0,33,70,100,26059,26059,26059,71220,71220,71220,591,591,591,0.24,0.54,0.82,0.08,0.19,0.27,0.07,0.16,0.24,0.00,0.00,0.00,0.01,0.03,0.04,0.00,0.00,0.00,0.05,0.15,0.21,324966,527165,1281513,691804,1038860,1784684,0,0,0,0,0,0,0,367675,0,359.81,388.57,415.59
254,1,30,57,100,26046,26046,26046,71233,71233,71233,591,591,591,0.19,0.38,0.72,0.07,0.15,0.26,0.04,0.11,0.23,0.00,0.00,0.00,0.01,0.01,0.03,0.00,0.00,0.00,0.04,0.11,0.21,347591,378619,485554,847587,1071852,1361608,0,0,0,0,0,0,0,264686,0,326.33,330.48,333.07
254,2,28,59,100,26070,26070,26070,71209,71209,71209,591,591,591,0.23,0.38,0.58,0.08,0.15,0.25,0.07,0.11,0.17,0.00,0.00,0.00,0.01,0.02,0.03,0.00,0.00,0.00,0.05,0.11,0.21,328682,373773,435002,951240,1045492,1119658,0,0,0,0,0,0,0,284576,0,315.69,333.21,352.93
254,3,31,75,100,26077,26077,26077,71202,71202,71202,591,591,591,0.22,0.54,0.82,0.08,0.20,0.26,0.06,0.15,0.26,0.00,0.00,0.00,0.01,0.02,0.04,0.00,0.00,0.00,0.04,0.15,0.22,505793,808718,1417778,959172,1350143,2211838,0,0,0,0,0,0,0,274035,0,357.85,379.48,390.56
255,0,29,68,100,26059,26059,26059,71220,71220,71220,591,591,591,0.14,0.50,0.82,0.05,0.17,0.26,0.03,0.15,0.25,0.00,0.00,0.00,0.00,0.03,0.04,0.00,0.00,0.00,0.03,0.12,0.20,332796,1078894,2832808,652490,1698443,3465109,0,0,0,0,0,0,0,239594,0,314.36,359.26,400.05
255,1,37,70,100,26046,26046,26046,71233,71233,71233,591,591,591,0.19,0.46,0.78,0.07,0.18,0.26,0.03,0.13,0.25,0.00,0.00,0.00,0.01,0.02,0.04,0.00,0.00,0.00,0.04,0.13,0.22,343302,626993,1050882,864807,1272989,1551427,0,0,0,0,0,0,0,229183,0,339.18,360.80,389.75
255,2,34,67,100,26070,26070,26070,71209,71209,71209,591,591,591,0.15,0.50,0.83,0.06,0.17,0.24,0.03,0.15,0.28,0.00,0.00,0.00,0.00,0.03,0.05,0.00,0.00,0.00,0.03,0.11,0.18,385228,725894,1014069,1176530,1358778,1643180,0,0,0,0,0,0,0,259334,0,358.77,379.25,395.50
255,3,28,39,50,26077,26077,26077,71202,71202,71202,591,591,591,0.20,0.24,0.26,0.08,0.09,0.10,0.06,0.07,0.08,0.00,0.00,0.00,0.01,0.01,0.01,0.00,0.00,0.00,0.06,0.08,0.11,365160,461423,523933,993356,1139892,1430337,0,0,0,0,0,0,0,156536,0,273.99,307.95,337.69
256,0,25,63,92,26059,26059,26059,71220,71220,71220,591,591,591,0.11,0.39,0.58,0.04,0.15,0.24,0.02,0.11,0.18,0.00,0.00,0.00,0.00,0.02,0.03,0.00,0.00,0.00,0.02,0.11,0.18,335454,630542,1551455,783574,1271044,2224976,0,0,0,0,0,0,0,269672,0,344.41,385.68,422.10
256,1,38,54,79,26046,26046,26046,71233,71233,71233,591,591,591,0.20,0.33,0.63,0.08,0.12,0.22,0.06,0.09,0.18,0.00,0.00,0.00,0.01,0.01,0.03,0.00,0.00,0.00,0.04,0.10,0.17,324953,377267,466486,1029893,1120572,1253742,0,0,0,0,0,0,0,250737,0,319.06,343.29,363.34
256,2,33,69,100,26070,26070,26070,71209,71209,71209,591,591,591,0.20,0.56,0.84,0.08,0.20,0.26,0.03,0.17,0.27,0.00,0.00,0.00,0.01,0.03,0.04,0.00,0.00,0.00,0.06,0.14,0.20,327579,410401,631622,739002,938203,1231699,0,0,0,0,0,0,0,306778,0,405.06,410.16,420.64
256,3,33,56,79,26069,26073,26077,71202,71205,71210,591,591,591,0.15,0.41,0.72,0.05,0.15,0.29,0.03,0.12,0.24,0.00,0.00,0.00,0.00,0.02,0.04,0.00,0.00,0.00,0.02,0.10,0.18,427117,560805,1001109,851698,1284073,1672010,0,0,0,0,0,0,0,274120,0,262.55,304.87,332.50
257,0,26,66,100,26059,26059,26059,71220,71220,71220,591,591,591,0.28,0.50,0.82,0.10,0.18,0.25,0.08,0.14,0.27,0.00,0.00,0.00,0.01,0.02,0.05,0.00,0.00,0.00,0.06,0.14,0.20,334025,960612,2673414,1103392,1558836,2910831,0,0,0,0,0,0,0,320289,0,326.75,375.83,412.99
257,1,31,52,86,26046,26046,26046,71233,71233,71233,591,591,591,0.20,0.40,0.54,0.08,0.15,0.21,0.06,0.12,0.17,0.00,0.00,0.00,0.01,0.02,0.02,0.00,0.00,0.00,0.04,0.11,0.19,348564,539848,946065,1105949,1308742,1719165,0,0,0,0,0,0,0,309619,0,304.90,323.19,340.18
257,2,25,42,60,26070,26070,26070,71209,71209,71209,591,591,591,0.23,0.32,0.44,0.08,0.13,0.18,0.06,0.09,0.11,0.00,0.00,0.00,0.01,0.01,0.02,0.00,0.00,0.00,0.05,0.10,0.16,343325,585094,804539,875348,1246538,1679837,0,0,0,0,0,0,0,265565,0,294.94,335.47,362.54
257,3,43,69,100,26069,26069,26069,71210,71210,71210,591,591,591,0.22,0.48,0.83,0.08,0.16,0.30,0.06,0.14,0.28,0.00,0.00,0.00,0.01,0.02,0.05,0.00,0.00,0.00,0.06,0.13,0.25,466482,524119,636819,660304,1052094,1266703,0,0,0,0,0,0,0,232252,0,329.33,366.32,382.58
258,0,27,48,72,26059,26059,26059,71220,71220,71220,591,591,591,0.22,0.36,0.54,0.09,0.14,0.21,0.06,0.11,0.15,0.00,0.00,0.00,0.01,0.01,0.02,0.00,0.00,0.00,0.05,0.10,0.19,330201,433985,652535,1022085,1142621,1433481,0,0,0,0,0,0,0,276771,0,322.31,343.01,374.14
258,1,34,77,100,26046,26046,26046,71233,71233,71233,591,591,591,0.15,0.58,0.83,0.06,0.21,0.30,0.03,0.17,0.28,0.00,0.00,0.00,0.00,0.03,0.05,0.00,0.00,0.00,0.03,0.15,0.27,351162,439117,618468,694474,1024484,1614307,0,0,0,0,0,0,0,323872,0,341.26,365.73,398.28
258,2,28,54,90,26070,26070,26070,71209,71209,71209,591,591,591,0.26,0.40,0.64,0.09,0.15,0.23,0.08,0.12,0.22,0.00,0.00,0.00,0.01,0.02,0.04,0.00,0.00,0.00,0.06,0.11,0.20,317096,448655,644696,1027260,1128447,1299826,0,0,0,0,0,0,0,283837,0,293.69,317.97,349.95
258,3,25,36,50,26069,26069,26069,71210,71210,71210,591,591,591,0.22,0.24,0.27,0.08,0.09,0.10,0.06,0.07,0.07,0.00,0.00,0.00,0.01,0.01,0.01,0.00,0.00,0.00,0.05,0.08,0.11,458584,540906,723309,993282,1227519,1451882,0,0,0,0,0,0,0,208766,0,257.42,264.45,285.60
259,0,43,66,96,26059,26059,26059,71220,71220,71220,591,591,591,0.19,0.40,0.65,0.07,0.15,0.24,0.04,0.11,0.17,0.00,0.00,0.00,0.01,0.02,0.03,0.00,0.00,0.00,0.04,0.12,0.22,327579,551400,1368045,896281,1238024,2198831,0,0,0,0,0,0,0,346548,0,332.82,345.99,365.31
259,1,28,61,100,26046,26046,26046,71233,71233,71233,591,591,591,0.14,0.44,0.74,0.05,0.16,0.24,0.03,0.13,0.23,0.00,0.00,0.00,0.00,0.02,0.04,0.00,0.00,0.00,0.03,0.11,0.19,235887,456963,665637,718146,1120408,1480173,0,0,0,0,0,0,0,292478,0,342.75,387.29,420.95
259,2,32,62,100,26070,26070,26070,71209,71209,71209,591,591,591,0.14,0.45,0.83,0.05,0.16,0.25,0.03,0.12,0.28,0.00,0.00,0.00,0.00,0.02,0.05,0.00,0.00,0.00,0.02,0.12,0.19,225371,398304,544986,539406,1034841,1483297,0,0,0,0,0,0,0,319446,0,339.50,373.21,402.09
259,3,29,52,85,26069,26069,26069,71210,71210,71210,591,591,591,0.23,0.36,0.59,0.09,0.14,0.23,0.07,0.10,0.16,0.00,0.00,0.00,0.01,0.01,0.02,0.00,0.00,0.00,0.05,0.10,0.21,437654,653041,1215965,1223583,1368971,1753192,0,0,0,0,0,0,0,293101,0,265.10,292.12,318.50
260,0,29,54,100,26059,26059,26059,71220,71220,71220,591,591,591,0.20,0.46,0.81,0.08,0.17,0.26,0.03,0.13,0.27,0.00,0.00,0.00,0.01,0.02,0.04,0.00,0.00,0.00,0.06,0.12,0.23,219067,476185,791493,725605,1111441,1399430,0,0,0,0,0,0,0,316218,0,327.56,365.42,393.67
260,1,40,67,79,26046,26046,26046,71233,71233,71233,591,591,591,0.24,0.45,0.68,0.08,0.17,0.28,0.06,0.14,0.22,0.00,0.00,0.00,0.01,0.02,0.04,0.00,0.00,0.00,0.05,0.12,0.18,348544,504731,951294,780955,1156214,1653627,0,0,0,0,0,0,0,254144,0,322.10,354.35,381.04
260,2,28,60,86,26070,26070,26070,71209,71209,71209,591,591,591,0.19,0.42,0.70,0.07,0.16,0.26,0.05,0.13,0.22,0.00,0.00,0.00,0.01,0.02,0.04,0.00,0.00,0.00,0.04,0.11,0.20,324960,520468,914651,691796,1148383,1724471,0,0,0,0,0,0,0,236760,0,332.55,358.25,383.91
260,3,29,54,82,26069,26069,26069,71210,71210,71210,591,591,591,0.19,0.35,0.48,0.07,0.13,0.18,0.06,0.10,0.14,0.00,0.00,0.00,0.01,0.01,0.02,0.00,0.00,0.00,0.05,0.10,0.14,440319,558466,950191,1139843,1312875,1658982,0,0,0,0,0,0,0,168716,0,281.01,312.57,333.77
261,0,30,57,94,26059,26059,26059,71220,71220,71220,591,591,591,0.24,0.42,0.60,0.08,0.16,0.21,0.07,0.12,0.18,0.00,0.00,0.00,0.01,0.02,0.03,0.00,0.00,0.00,0.06,0.13,0.16,321118,398388,602790,871684,1037845,1341863,0,0,0,0,0,0,0,203668,0,341.18,370.36,401.02
261,1,36,73,100,26040,26040,26040,71239,71239,71239,591,591,591,0.15,0.59,0.83,0.06,0.20,0.30,0.03,0.16,0.28,0.00,0.00,0.00,0.00,0.03,0.05,0.00,0.00,0.00,0.03,0.16,0.26,348469,459867,723177,537190,1001632,1402051,0,0,0,0,0,0,0,325757,0,311.19,357.01,389.13
261,2,28,65,100,26070,26070,26070,71209,71209,71209,591,591,591,0.15,0.52,0.82,0.06,0.18,0.27,0.03,0.14,0.24,0.00,0.00,0.00,0.00,0.02,0.04,0.00,0.00,0.00,0.04,0.15,0.21,332827,538542,862195,718076,1065293,1656254,0,0,0,0,0,0,0,309753,0,333.29,362.83,386.94
261,3,32,75,100,26069,26069,26069,71210,71210,71210,591,591,591,0.14,0.50,0.69,0.05,0.19,0.27,0.03,0.14,0.21,0.00,0.00,0.00,0.00,0.02,0.04,0.00,0.00,0.00,0.02,0.14,0.24,302141,668475,1155519,873241,1260711,1572135,0,0,0,0,0,0,0,300416,0,311.68,332.75,367.43
262,0,32,74,100,26059,26059,26059,71220,71220,71220,591,591,591,0.15,0.57,0.76,0.06,0.21,0.29,0.03,0.17,0.24,0.00,0.00,0.00,0.00,0.03,0.05,0.00,0.00,0.00,0.03,0.14,0.22,327587,495837,765236,815005,1036750,1326060,0,0,0,0,0,0,0,367683,0,320.53,369.00,420.76
262,1,31,40,51,26040,26040,26040,71239,71239,71239,591,591,591,0.19,0.31,0.46,0.08,0.12,0.19,0.06,0.09,0.13,0.00,0.00,0.00,0.01,0.01,0.02,0.00,0.00,0.00,0.05,0.09,0.14,241135,416328,619442,823004,1083900,1242190,0,0,0,0,0,0,0,267016,0,309.14,346.88,383.25
262,2,33,45,56,26070,26070,26070,71209,71209,71209,591,591,591,0.22,0.27,0.39,0.07,0.10,0.16,0.05,0.07,0.14,0.00,0.00,0.00,0.01,0.01,0.02,0.00,0.00,0.00,0.05,0.08,0.11,330183,407234,516224,901496,1149899,1336574,0,0,0,0,0,0,0,259380,0,295.57,328.34,363.26
262,3,28,56,98,26069,26069,26069,71210,71210,71210,591,591,591,0.19,0.34,0.58,0.07,0.13,0.23,0.05,0.10,0.17,0.00,0.00,0.00,0.01,0.01,0.02,0.00,0.00,0.00,0.05,0.09,0.21,458622,765747,1423011,1205522,1480124,2007415,0,0,0,0,0,0,0,287177,0,309.88,331.31,346.11
263,0,36,74,100,26051,26052,26059,71220,71226,71228,591,591,591,0.18,0.55,0.83,0.08,0.19,0.30,0.03,0.15,0.28,0.00,0.00,0.00,0.00,0.03,0.05,0.00,0.00,0.00,0.05,0.15,0.27,340692,635219,1451790,526802,1221154,2342780,0,0,0,0,0,0,0,365476,0,389.69,395.57,403.94
263,1,34,68,100,26040,26040,26040,71239,71239,71239,591,591,591,0.16,0.44,0.74,0.06,0.16,0.24,0.03,0.13,0.24,0.00,0.00,0.00,0.00,0.02,0.04,0.00,0.00,0.00,0.03,0.11,0.20,359028,476423,833352,893585,1173503,1661464,0,0,0,0,0,0,0,356208,0,308.92,350.52,385.10
263,2,31,49,70,26070,26070,26070,71209,71209,71209,591,591,591,0.15,0.39,0.65,0.06,0.14,0.23,0.04,0.11,0.20,0.00,0.00,0.00,0.01,0.02,0.03,0.00,0.00,0.00,0.04,0.11,0.18,241095,427525,639437,885764,1118410,1423009,0,0,0,0,0,0,0,258386,0,322.60,326.84,330.46
263,3,30,64,100,26069,26069,26069,71210,71210,71210,591,591,591,0.14,0.46,0.78,0.05,0.17,0.26,0.03,0.13,0.25,0.00,0.00,0.00,0.00,0.02,0.04,0.00,0.00,0.00,0.03,0.12,0.21,450585,550323,760116,935491,1261002,1637944,0,0,0,0,0,0,0,292884,0,318.25,347.25,370.42
264,0,29,55,100,26051,26051,26051,71228,71228,71228,591,591,591,0.13,0.55,0.82,0.05,0.19,0.27,0.03,0.16,0.27,0.00,0.00,0.00,0.00,0.03,0.04,0.00,0.00,0.00,0.02,0.14,0.21,235909,512304,901215,880576,1049836,1169368,0,0,0,0,0,0,0,309181,0,369.50,410.69,439.85
264,1,37,50,78,26040,26040,26040,71239,71239,71239,591,591,591,0.19,0.33,0.66,0.07,0.13,0.25,0.06,0.09,0.17,0.00,0.00,0.00,0.01,0.01,0.03,0.00,0.00,0.00,0.05,0.11,0.23,332812,521981,935411,1056090,1184440,1414908,0,0,0,0,0,0,0,220778,0,302.65,334.90,393.99
264,2,32,61,100,26070,26070,26070,71209,71209,71209,591,591,591,0.23,0.42,0.65,0.08,0.16,0.24,0.07,0.12,0.20,0.00,0.00,0.00,0.01,0.02,0.03,0.00,0.00,0.00,0.06,0.12,0.19,324973,556601,870047,812375,1211750,1682441,0,0,0,0,0,0,0,252269,0,347.67,360.18,379.72
264,3,30,54,86,26069,26069,26069,71210,71210,71210,591,591,591,0.17,0.43,0.65,0.06,0.16,0.25,0.04,0.13,0.20,0.00,0.00,0.00,0.00,0.02,0.03,0.00,0.00,0.00,0.03,0.12,0.18,474312,709123,1069224,904493,1354947,1517423,0,0,0,0,0,0,0,282953,0,329.54,360.53,386.24
265,0,32,60,98,26051,26051,26051,71228,71228,71228,591,591,591,0.15,0.35,0.56,0.06,0.13,0.23,0.03,0.10,0.19,0.00,0.00,0.00,0.00,0.01,0.03,0.00,0.00,0.00,0.03,0.09,0.14,319699,899866,2020109,1202962,1694929,2965970,0,0,0,0,0,0,0,306652,0,325.65,356.18,383.50
265,1,34,61,82,26038,26039,26040,71239,71239,71241,591,591,591,0.15,0.49,0.83,0.06,0.18,0.30,0.03,0.15,0.28,0.00,0.00,0.00,0.00,0.03,0.06,0.00,0.00,0.00,0.03,0.12,0.18,221509,364014,471690,655161,1085735,1252600,0,0,0,0,0,0,0,285991,0,272.99,325.91,362.69
265,2,29,55,91,26066,26068,26070,71209,71211,71213,591,591,591,0.13,0.43,0.74,0.05,0.16,0.26,0.03,0.13,0.26,0.00,0.00,0.00,0.00,0.02,0.05,0.00,0.00,0.00,0.02,0.10,0.18,336529,441015,566070,707604,1071076,1394210,0,0,0,0,0,0,0,278788,0,308.61,341.20,364.45
265,3,33,72,100,26069,26069,26069,71210,71210,71210,591,591,591,0.15,0.54,0.81,0.05,0.20,0.31,0.03,0.16,0.27,0.00,0.00,0.00,0.00,0.03,0.05,0.00,0.00,0.00,0.02,0.14,0.26,440265,845432,1593430,822811,1456047,1962959,0,0,0,0,0,0,0,340406,0,352.44,376.61,390.75
266,0,30,56,100,26051,26051,26051,71228,71228,71228,591,591,591,0.19,0.41,0.64,0.07,0.15,0.22,0.05,0.12,0.19,0.00,0.00,0.00,0.01,0.02,0.03,0.00,0.00,0.00,0.05,0.12,0.20,324970,416691,749527,820287,1089687,1535745,0,0,0,0,0,0,0,247289,0,345.21,361.38,378.47
266,1,43,71,100,26038,26038,26038,71241,71241,71241,591,591,591,0.23,0.50,0.83,0.09,0.18,0.29,0.08,0.15,0.28,0.00,0.00,0.00,0.01,0.02,0.05,0.00,0.00,0.00,0.06,0.13,0.26,327582,599588,822872,505786,1172971,1635261,0,0,0,0,0,0,0,253316,0,357.06,383.37,401.20
266,2,29,57,100,26066,26066,26066,71213,71213,71213,591,591,591,0.20,0.43,0.83,0.07,0.15,0.24,0.04,0.13,0.28,0.00,0.00,0.00,0.01,0.02,0.05,0.00,0.00,0.00,0.05,0.11,0.18,324967,454540,814830,521394,1040115,1747562,0,0,0,0,0,0,0,213168,0,346.76,380.29,403.33
266,3,30,70,100,26069,26069,26069,71210,71210,71210,591,591,591,0.24,0.53,0.84,0.08,0.18,0.25,0.05,0.15,0.28,0.00,0.00,0.00,0.01,0.03,0.05,0.00,0.00,0.00,0.06,0.13,0.19,440264,537759,778387,681344,1088107,1470276,0,0,0,0,0,0,0,246122,0,361.67,375.48,384.91
267,0,28,48,71,26051,26051,26051,71228,71228,71228,591,591,591,0.22,0.32,0.44,0.09,0.12,0.18,0.06,0.09,0.14,0.00,0.00,0.00,0.01,0.01,0.02,0.00,0.00,0.00,0.05,0.09,0.12,227920,390700,681490,858557,1122176,1506995,0,0,0,0,0,0,0,189256,0,295.12,311.58,320.80
267,1,33,60,74,26038,26038,26038,71241,71241,71241,591,591,591,0.25,0.44,0.57,0.10,0.17,0.22,0.05,0.12,0.17,0.00,0.00,0.00,0.01,0.02,0.03,0.00,0.00,0.00,0.06,0.13,0.19,492679,560810,665624,1079676,1293928,1519967,0,0,0,0,0,0,0,299947,0,340.49,344.28,347.47
267,2,33,63,91,26066,26066,26066,71213,71213,71213,591,591,591,0.21,0.48,0.72,0.08,0.18,0.28,0.07,0.14,0.23,0.00,0.00,0.00,0.01,0.02,0.04,0.00,0.00,0.00,0.06,0.14,0.22,330193,513648,786175,668292,1090846,1402013,0,0,0,0,0,0,0,291434,0,321.34,337.51,368.35
267,3,27,58,100,26069,26069,26069,71210,71210,71210,591,591,591,0.19,0.44,0.78,0.07,0.16,0.26,0.03,0.13,0.24,0.00,0.00,0.00,0.01,0.02,0.04,0.00,0.00,0.00,0.05,0.12,0.20,442895,489198,541606,966156,1091303,1383721,0,0,0,0,0,0,0,290102,0,303.27,350.86,396.20
268,0,29,53,86,26051,26051,26051,71228,71228,71228,591,591,591,0.21,0.39,0.65,0.08,0.15,0.23,0.05,0.11,0.18,0.00,0.00,0.00,0.01,0.02,0.03,0.00,0.00,0.00,0.05,0.11,0.19,322339,447611,757374,1016893,1172492,1299853,0,0,0,0,0,0,0,298431,0,337.96,347.93,356.15
268,1,31,72,100,26038,26038,26038,71241,71241,71241,591,591,591,0.27,0.52,0.81,0.10,0.19,0.25,0.08,0.15,0.27,0.00,0.00,0.00,0.01,0.02,0.04,0.00,0.00,0.00,0.05,0.14,0.19,335361,477100,749510,699622,1095012,1278885,0,0,0,0,0,0,0,275585,0,354.43,381.50,396.78
268,2,25,69,100,26064,26064,26066,71213,71214,71215,591,591,591,0.13,0.53,0.83,0.05,0.18,0.30,0.03,0.15,0.28,0.00,0.00,0.00,0.00,0.03,0.05,0.00,0.00,0.00,0.02,0.14,0.26,345883,472241,820275,534676,1040384,1386292,0,0,0,0,0,0,0,339065,0,307.51,357.14,391.20
268,3,30,69,100,26069,26069,26069,71210,71210,71210,591,591,591,0.14,0.53,0.82,0.06,0.19,0.28,0.03,0.16,0.26,0.00,0.00,0.00,0.00,0.03,0.05,0.00,0.00,0.00,0.03,0.13,0.20,445507,725364,1131946,901503,1284604,1564523,0,0,0,0,0,0,0,328032,0,353.42,370.30,385.98
269,0,47,70,82,26051,26051,26051,71228,71228,71228,591,591,591,0.22,0.45,0.67,0.09,0.17,0.27,0.06,0.13,0.22,0.00,0.00,0.00,0.01,0.02,0.04,0.00,0.00,0.00,0.05,0.12,0.18,327583,529341,1134694,738839,1177662,1792449,0,0,0,0,0,0,0,281538,0,312.26,334.79,361.20
269,1,36,67,93,26038,26038,26038,71241,71241,71241,591,591,591,0.32,0.50,0.75,0.12,0.19,0.27,0.08,0.15,0.22,0.00,0.00,0.00,0.01,0.02,0.03,0.00,0.00,0.00,0.09,0.14,0.21,330198,443931,778302,849071,1126347,1328656,0,0,0,0,0,0,0,322169,0,358.47,365.29,375.89
269,2,30,38,48,26064,26064,26064,71215,71215,71215,591,591,591,0.14,0.23,0.31,0.05,0.09,0.12,0.03,0.07,0.10,0.00,0.00,0.00,0.00,0.01,0.01,0.00,0.00,0.00,0.03,0.07,0.13,314415,348038,435003,923534,1031643,1100611,0,0,0,0,0,0,0,217303,0,273.12,346.08,398.68
269,3,32,67,95,26069,26069,26069,71210,71210,71210,591,591,591,0.14,0.41,0.72,0.05,0.16,0.28,0.03,0.12,0.23,0.00,0.00,0.00,0.00,0.02,0.05,0.00,0.00,0.00,0.02,0.11,0.19,453357,577077,836028,859594,1224386,1800475,0,0,0,0,0,0,0,253002,0,327.59,362.58,393.69
270,0,36,65,100,26049,26049,26049,71230,71230,71230,591,591,591,0.15,0.53,0.83,0.06,0.18,0.30,0.03,0.15,0.28,0.00,0.00,0.00,0.00,0.03,0.05,0.00,0.00,0.00,0.03,0.14,0.26,317004,585705,870307,954975,1146232,1456557,0,0,0,0,0,0,0,347745,0,332.48,383.56,409.72
270,1,30,70,100,26038,26038,26038,71241,71241,71241,591,591,591,0.13,0.43,0.67,0.05,0.16,0.26,0.03,0.12,0.23,0.00,0.00,0.00,0.00,0.02,0.04,0.00,0.00,0.00,0.02,0.11,0.18,330199,537189,964199,812401,1274080,1708309,0,0,0,0,0,0,0,313557,0,331.13,354.44,379.32
270,2,36,46,57,26064,26064,26064,71215,71215,71215,591,591,591,0.20,0.27,0.36,0.08,0.10,0.15,0.06,0.08,0.12,0.00,0.00,0.00,0.01,0.01,0.02,0.00,0.00,0.00,0.06,0.08,0.11,223631,511202,951269,877923,1202713,1475385,0,0,0,0,0,0,0,226181,0,267.97,276.27,284.94
270,3,33,66,100,26069,26069,26069,71210,71210,71210,591,591,591,0.28,0.52,0.83,0.11,0.19,0.28,0.08,0.15,0.28,0.00,0.00,0.00,0.01,0.02,0.05,0.00,0.00,0.00,0.07,0.14,0.25,463855,601609,896256,711250,1213499,1595609,0,0,0,0,0,0,0,311238,0,324.51,363.50,387.44
271,0,29,47,73,26049,26049,26049,71230,71230,71230,591,591,591,0.28,0.33,0.40,0.09,0.12,0.16,0.07,0.09,0.11,0.00,0.00,0.00,0.01,0.01,0.01,0.00,0.00,0.00,0.07,0.10,0.15,324954,380517,552936,930344,1142602,1464888,0,0,0,0,0,0,0,253095,0,316.69,350.09,408.51
271,1,34,73,100,26038,26038,26038,71241,71241,71241,591,591,591,0.19,0.55,0.80,0.07,0.20,0.27,0.05,0.16,0.23,0.00,0.00,0.00,0.01,0.02,0.04,0.00,0.00,0.00,0.03,0.16,0.21,335448,450725,615732,773053,1033532,1265527,0,0,0,0,0,0,0,302043,0,349.17,390.97,408.69
271,2,30,60,100,26064,26064,26064,71215,71215,71215,591,591,591,0.14,0.44,0.70,0.05,0.16,0.24,0.03,0.13,0.22,0.00,0.00,0.00,0.00,0.02,0.04,0.00,0.00,0.00,0.03,0.12,0.22,319725,733830,2353344,903059,1422738,2851268,0,0,0,0,0,0,0,304703,0,305.51,338.96,378.77
271,3,30,70,100,26065,26066,26069,71210,71212,71214,591,591,591,0.20,0.56,0.83,0.08,0.19,0.30,0.03,0.17,0.28,0.00,0.00,0.00,0.01,0.03,0.05,0.00,0.00,0.00,0.05,0.13,0.19,304005,895704,1459717,935509,1419653,2379574,0,0,0,0,0,0,0,226028,0,313.62,360.59,414.34
272,0,29,62,100,26049,26049,26049,71230,71230,71230,591,591,591,0.14,0.38,0.66,0.05,0.15,0.25,0.03,0.11,0.17,0.00,0.00,0.00,0.00,0.02,0.03,0.00,0.00,0.00,0.03,0.11,0.23,340688,561858,1032554,862239,1273615,1645797,0,0,0,0,0,0,0,316849,0,314.15,348.12,364.35
272,1,28,59,99,26038,26038,26038,71241,71241,71241,591,591,591,0.15,0.42,0.62,0.05,0.16,0.25,0.03,0.12,0.17,0.00,0.00,0.00,0.00,0.02,0.03,0.00,0.00,0.00,0.03,0.11,0.23,325879,363399,435014,836013,1016105,1294561,0,0,0,0,0,0,0,295553,0,338.37,365.19,388.12
272,2,32,57,90,26064,26064,26064,71215,71215,71215,591,591,591,0.18,0.33,0.42,0.07,0.13,0.17,0.03,0.09,0.13,0.00,0.00,0.00,0.01,0.01,0.02,0.00,0.00,0.00,0.04,0.10,0.15,332826,404593,610614,851717,1096374,1480673,0,0,0,0,0,0,0,197200,0,314.60,347.03,368.78
272,3,29,48,64,26065,26065,26065,71214,71214,71214,591,591,591,0.14,0.33,0.65,0.05,0.13,0.27,0.04,0.08,0.14,0.00,0.00,0.00,0.00,0.01,0.02,0.00,0.00,0.00,0.03,0.11,0.24,461238,563132,676106,1019325,1205563,1310284,0,0,0,0,0,0,0,214918,0,300.77,350.98,380.67
273,0,29,72,100,26049,26049,26049,71230,71230,71230,591,591,591,0.32,0.57,0.81,0.12,0.19,0.26,0.07,0.15,0.22,0.00,0.00,0.00,0.01,0.02,0.04,0.00,0.00,0.00,0.07,0.13,0.19,340676,514311,988011,888422,1236968,1753262,0,0,0,0,0,0,0,232081,0,351.19,389.48,409.32
273,1,38,73,100,26038,26038,26038,71241,71241,71241,591,591,591,0.19,0.58,0.75,0.07,0.21,0.29,0.05,0.18,0.24,0.00,0.00,0.00,0.00,0.03,0.05,0.00,0.00,0.00,0.03,0.15,0.22,319726,627624,854312,1139998,1220542,1331318,0,0,0,0,0,0,0,213751,0,369.58,390.31,400.57
273,2,32,68,100,26064,26064,26064,71215,71215,71215,591,591,591,0.30,0.45,0.78,0.13,0.17,0.26,0.07,0.13,0.24,0.00,0.00,0.00,0.01,0.02,0.04,0.00,0.00,0.00,0.10,0.13,0.20,353828,563631,906755,888502,1166542,1428271,0,0,0,0,0,0,0,323753,0,356.86,367.82,377.28
273,3,26,53,100,26065,26065,26065,71214,71214,71214,591,591,591,0.25,0.35,0.55,0.09,0.13,0.19,0.06,0.10,0.17,0.00,0.00,0.00,0.01,0.01,0.02,0.00,0.00,0.00,0.06,0.09,0.15,458587,527293,717813,1032614,1243885,1435627,0,0,0,0,0,0,0,238612,0,269.25,298.11,311.81
274,0,27,52,87,26049,26049,26049,71230,71230,71230,591,591,591,0.27,0.35,0.47,0.09,0.15,0.25,0.08,0.12,0.27,0.00,0.00,0.00,0.01,0.02,0.04,0.00,0.00,0.00,0.07,0.12,0.20,339138,627291,1036662,651455,1253672,1567201,0,0,0,0,0,0,0,286031,0,323.37,361.35,414.26
274,1,36,65,100,26038,26038,26038,71241,71241,71241,591,591,591,0.28,0.52,0.82,0.11,0.18,0.27,0.07,0.15,0.27,0.00,0.00,0.00,0.01,0.02,0.05,0.00,0.00,0.00,0.07,0.14,0.25,353792,568124,1100676,592257,1178712,2038871,0,0,0,0,0,0,0,307518,0,353.48,387.60,399.97
274,2,44,57,88,26064,26064,26064,71215,71215,71215,591,591,591,0.26,0.31,0.39,0.09,0.12,0.16,0.07,0.09,0.10,0.00,0.00,0.00,0.01,0.01,0.01,0.00,0.00,0.00,0.06,0.09,0.15,332817,398837,618343,982757,1167699,1519656,0,0,0,0,0,0,0,266512,0,305.16,319.52,339.38
274,3,28,66,100,26065,26065,26065,71214,71214,71214,591,591,591,0.26,0.54,0.82,0.10,0.19,0.26,0.05,0.15,0.28,0.00,0.00,0.00,0.01,0.03,0.05,0.00,0.00,0.00,0.07,0.14,0.20,316221,659722,1148142,741666,1200416,1646194,0,0,0,0,0,0,0,317426,0,304.44,338.87,382.03
275,0,30,52,88,26049,26049,26049,71230,71230,71230,591,591,591,0.27,0.34,0.46,0.10,0.14,0.18,0.07,0.10,0.13,0.00,0.00,0.00,0.01,0.01,0.02,0.00,0.00,0.00,0.06,0.11,0.16,369505,641549,1446655,1003693,1341797,2004876,0,0,0,0,0,0,0,265396,0,304.96,320.69,334.23
275,1,42,57,76,26038,26038,26038,71241,71241,71241,591,591,591,0.30,0.39,0.59,0.11,0.15,0.22,0.08,0.12,0.18,0.00,0.00,0.00,0.01,0.02,0.02,0.00,0.00,0.00,0.08,0.11,0.17,274270,452321,704947,948705,1137783,1255278,0,0,0,0,0,0,0,317323,0,319.29,339.56,373.47
275,2,24,51,71,26064,26064,26064,71215,71215,71215,591,591,591,0.23,0.33,0.45,0.08,0.13,0.18,0.06,0.10,0.14,0.00,0.00,0.00,0.01,0.01,0.02,0.00,0.00,0.00,0.05,0.10,0.12,330187,446041,804555,919880,1149435,1347041,0,0,0,0,0,0,0,260932,0,296.99,319.01,334.25
275,3,27,43,56,26065,26065,26065,71214,71214,71214,591,591,591,0.15,0.25,0.36,0.05,0.09,0.14,0.04,0.07,0.10,0.00,0.00,0.00,0.01,0.01,0.01,0.00,0.00,0.00,0.04,0.07,0.14,450759,702832,1480682,1134759,1411417,2164679,0,0,0,0,0,0,0,227324,0,264.93,323.36,354.81
276,0,32,55,88,26049,26049,26049,71230,71230,71230,591,591,591,0.22,0.35,0.65,0.09,0.14,0.26,0.06,0.11,0.22,0.00,0.00,0.00,0.01,0.02,0.04,0.00,0.00,0.00,0.06,0.11,0.17,216644,407061,804551,712828,1038261,1504274,0,0,0,0,0,0,0,259198,0,296.36,319.57,332.88
276,1,29,60,99,26038,26038,26038,71241,71241,71241,591,591,591,0.31,0.40,0.54,0.12,0.15,0.22,0.09,0.11,0.14,0.00,0.00,0.00,0.01,0.02,0.02,0.00,0.00,0.00,0.07,0.11,0.20,340689,512073,930320,956552,1242187,1721747,0,0,0,0,0,0,0,308779,0,331.83,350.57,368.88
276,2,29,52,100,26064,26064,26064,71215,71215,71215,591,591,591,0.26,0.47,0.80,0.10,0.17,0.28,0.08,0.13,0.22,0.00,0.00,0.00,0.01,0.02,0.04,0.00,0.00,0.00,0.05,0.13,0.23,220133,530391,995727,1021978,1182215,1409741,0,0,0,0,0,0,0,358274,0,301.29,352.27,385.98
276,3,30,65,100,26065,26065,26065,71214,71214,71214,591,591,591,0.14,0.51,0.81,0.05,0.18,0.26,0.03,0.15,0.26,0.00,0.00,0.00,0.00,0.02,0.04,0.00,0.00,0.00,0.02,0.14,0.20,471641,607428,904119,791339,1256775,1742723,0,0,0,0,0,0,0,299043,0,300.82,330.15,379.96
277,0,24,46,100,26049,26049,26049,71230,71230,71230,591,591,591,0.11,0.46,0.83,0.04,0.16,0.25,0.02,0.13,0.28,0.00,0.00,0.00,0.00,0.02,0.05,0.00,0.00,0.00,0.02,0.12,0.19,313558,472595,843882,526850,1021724,1438794,0,0,0,0,0,0,0,327275,0,302.35,343.40,376.83
277,1,31,55,92,26038,26038,26038,71241,71241,71241,591,591,591,0.14,0.41,0.72,0.05,0.15,0.26,0.03,0.12,0.21,0.00,0.00,0.00,0.00,0.02,0.03,0.00,0.00,0.00,0.02,0.11,0.20,471726,640480,820252,1226504,1317123,1391448,0,0,0,0,0,0,0,246943,0,323.45,352.79,382.85
277,2,33,65,100,26062,26062,26064,71215,71216,71217,591,591,591,0.15,0.50,0.83,0.05,0.18,0.25,0.03,0.15,0.28,0.00,0.00,0.00,0.00,0.03,0.05,0.00,0.00,0.00,0.02,0.12,0.18,324961,412471,542398,545104,1025681,1346930,0,0,0,0,0,0,0,292411,0,337.19,377.58,419.14
277,3,41,80,100,26065,26065,26065,71214,71214,71214,591,591,591,0.27,0.55,0.80,0.10,0.21,0.29,0.08,0.16,0.21,0.00,0.00,0.00,0.01,0.03,0.03,0.00,0.00,0.00,0.05,0.15,0.24,326702,548581,982739,859589,1085982,1732242,0,0,0,0,0,0,0,303957,0,346.47,381.94,396.85
278,0,31,66,100,26049,26049,26049,71230,71230,71230,591,591,591,0.29,0.44,0.55,0.09,0.16,0.19,0.08,0.12,0.16,0.00,0.00,0.00,0.01,0.02,0.02,0.00,0.00,0.00,0.05,0.13,0.17,322352,530929,875248,1045632,1194470,1483206,0,0,0,0,0,0,0,272258,0,338.64,373.65,419.55
278,1,33,71,100,26034,26036,26038,71241,71242,71245,591,591,591,0.23,0.56,0.77,0.08,0.20,0.30,0.06,0.16,0.25,0.00,0.00,0.00,0.01,0.03,0.05,0.00,0.00,0.00,0.04,0.14,0.22,216617,479620,681369,909450,1111307,1548806,0,0,0,0,0,0,0,329507,0,337.34,373.36,398.63
278,2,31,79,100,26062,26062,26063,71216,71216,71217,591,591,591,0.18,0.55,0.83,0.07,0.20,0.26,0.03,0.16,0.25,0.00,0.00,0.00,0.01,0.03,0.04,0.00,0.00,0.00,0.04,0.15,0.22,330209,450186,841231,628961,976489,1262542,0,0,0,0,0,0,0,306462,0,393.63,404.68,417.67
278,3,31,67,100,26065,26065,26065,71214,71214,71214,591,591,591,0.16,0.52,0.82,0.06,0.18,0.26,0.03,0.15,0.26,0.00,0.00,0.00,0.00,0.03,0.04,0.00,0.00,0.00,0.03,0.13,0.20,469094,923517,1564497,759976,1494819,2479086,0,0,0,0,0,0,0,250747,0,360.96,369.07,376.20
279,0,44,52,61,26049,26049,26050,71230,71230,71230,591,591,591,0.23,0.31,0.42,0.08,0.12,0.17,0.06,0.09,0.11,0.00,0.00,0.00,0.01,0.01,0.02,0.00,0.00,0.00,0.06,0.09,0.16,372154,551653,636838,1029978,1284136,1423020,0,0,0,0,0,0,0,182952,0,315.33,331.43,342.27
279,1,36,80,100,26034,26034,26034,71245,71245,71245,591,591,591,0.25,0.58,0.83,0.08,0.19,0.26,0.07,0.17,0.28,0.00,0.00,0.00,0.01,0.03,0.05,0.00,0.00,0.00,0.06,0.15,0.20,330200,592165,851714,592250,1036984,1307709,0,0,0,0,0,0,0,203829,0,368.16,382.27,392.13
279,2,30,51,83,26061,26062,26063,71216,71217,71218,591,591,591,0.13,0.39,0.65,0.05,0.15,0.27,0.03,0.11,0.20,0.00,0.00,0.00,0.00,0.02,0.03,0.00,0.00,0.00,0.02,0.10,0.18,340698,941405,2675530,775683,1587325,3532434,0,0,0,0,0,0,0,224647,0,367.52,385.68,402.80
279,3,32,61,100,26065,26065,26065,71214,71214,71214,591,591,591,0.21,0.40,0.67,0.08,0.15,0.26,0.06,0.11,0.18,0.00,0.00,0.00,0.01,0.02,0.03,0.00,0.00,0.00,0.04,0.12,0.23,461241,643317,793861,1066620,1299103,1483273,0,0,0,0,0,0,0,258219,0,340.55,374.05,403.41
280,0,27,56,100,26050,26050,26050,71230,71230,71230,591,591,591,0.21,0.35,0.57,0.08,0.13,0.22,0.06,0.10,0.16,0.00,0.00,0.00,0.01,0.01,0.02,0.00,0.00,0.00,0.04,0.10,0.19,219962,378210,691380,862392,1089775,1582249,0,0,0,0,0,0,0,280797,0,299.89,327.74,344.69
280,1,27,46,70,26034,26034,26034,71245,71245,71245,591,591,591,0.30,0.36,0.46,0.11,0.14,0.20,0.09,0.10,0.12,0.00,0.00,0.00,0.01,0.02,0.02,0.00,0.00,0.00,0.06,0.10,0.17,332812,390995,558190,935546,1115335,1229126,0,0,0,0,0,0,0,292192,0,311.27,335.22,365.21
280,2,28,75,100,26061,26061,26061,71218,71218,71218,591,591,591,0.28,0.60,0.83,0.11,0.20,0.25,0.09,0.18,0.27,0.00,0.00,0.00,0.01,0.03,0.05,0.00,0.00,0.00,0.06,0.16,0.23,330207,472739,605371,780744,951268,1160961,0,0,0,0,0,0,0,318766,0,374.81,396.90,430.17
280,3,33,59,95,26065,26065,26065,71214,71214,71214,591,591,591,0.28,0.34,0.45,0.11,0.13,0.16,0.07,0.10,0.12,0.00,0.00,0.00,0.01,0.01,0.02,0.00,0.00,0.00,0.08,0.10,0.11,429783,689408,1292870,1205430,1448870,1979489,0,0,0,0,0,0,0,277681,0,303.02,324.88,342.88
281,0,24,54,80,26050,26050,26050,71230,71230,71230,591,591,591,0.12,0.40,0.68,0.04,0.15,0.22,0.02,0.12,0.20,0.00,0.00,0.00,0.00,0.02,0.04,0.00,0.00,0.00,0.02,0.11,0.18,311833,669823,1776743,898879,1331261,2287753,0,0,0,0,0,0,0,340318,0,310.57,340.51,366.06
281,1,27,70,100,26034,26034,26034,71245,71245,71245,591,591,591,0.31,0.54,0.72,0.11,0.21,0.27,0.08,0.16,0.22,0.00,0.00,0.00,0.01,0.03,0.04,0.00,0.00,0.00,0.08,0.15,0.24,350373,422282,529364,716203,989166,1435968,0,0,0,0,0,0,0,298640,0,345.81,366.31,388.67
281,2,42,47,53,26061,26061,26061,71218,71218,71218,591,591,591,0.21,0.32,0.46,0.07,0.12,0.19,0.06,0.09,0.14,0.00,0.00,0.00,0.01,0.01,0.02,0.00,0.00,0.00,0.05,0.09,0.17,319498,429183,817461,964432,1130335,1488199,0,0,0,0,0,0,0,236878,0,305.15,346.10,394.00
281,3,31,51,71,26065,26065,26065,71214,71214,71214,591,591,591,0.22,0.33,0.50,0.08,0.12,0.18,0.07,0.09,0.15,0.00,0.00,0.00,0.01,0.01,0.02,0.00,0.00,0.00,0.06,0.10,0.15,450762,563435,851704,1137354,1250043,1388933,0,0,0,0,0,0,0,241846,0,292.49,309.61,328.86
282,0,23,52,100,26050,26050,26050,71230,71230,71230,591,591,591,0.14,0.34,0.72,0.05,0.13,0.26,0.04,0.09,0.21,0.00,0.00,0.00,0.00,0.01,0.03,0.00,0.00,0.00,0.04,0.10,0.21,327583,420360,752134,723326,1035699,1509510,0,0,0,0,0,0,0,244356,0,323.70,347.73,375.54
282,1,34,65,100,26034,26034,26034,71245,71245,71245,591,591,591,0.15,0.47,0.83,0.06,0.16,0.26,0.03,0.13,0.26,0.00,0.00,0.00,0.00,0.02,0.04,0.00,0.00,0.00,0.03,0.13,0.19,327497,574219,838620,1045343,1235730,1415172,0,0,0,0,0,0,0,317030,0,337.65,367.82,395.39
282,2,45,62,78,26061,26061,26061,71218,71218,71218,591,591,591,0.27,0.42,0.74,0.10,0.16,0.29,0.07,0.13,0.24,0.00,0.00,0.00,0.01,0.02,0.05,0.00,0.00,0.00,0.06,0.11,0.17,332825,551730,943425,1037752,1253709,1797749,0,0,0,0,0,0,0,285784,0,282.96,325.32,367.91
282,3,28,45,68,26065,26065,26065,71214,71214,71214,591,591,591,0.25,0.30,0.35,0.09,0.11,0.15,0.06,0.08,0.10,0.00,0.00,0.00,0.01,0.01,0.02,0.00,0.00,0.00,0.07,0.09,0.13,445496,528014,729637,1134759,1327311,1454404,0,0,0,0,0,0,0,239142,0,272.53,288.21,301.19
283,0,30,71,100,26048,26049,26050,71230,71230,71232,591,591,591,0.23,0.54,0.82,0.08,0.19,0.29,0.03,0.16,0.26,0.00,0.00,0.00,0.01,0.03,0.05,0.00,0.00,0.00,0.04,0.13,0.19,205763,505461,910072,700036,1094762,1815002,0,0,0,0,0,0,0,287915,0,327.52,359.43,384.61
283,1,40,67,100,26034,26034,26034,71245,71245,71245,591,591,591,0.17,0.45,0.74,0.06,0.17,0.24,0.03,0.14,0.24,0.00,0.00,0.00,0.00,0.02,0.04,0.00,0.00,0.00,0.03,0.12,0.20,335443,378398,469014,841228,1094832,1417524,0,0,0,0,0,0,0,289402,0,344.47,355.70,384.10
283,2,31,65,100,26061,26061,26062,71217,71217,71218,591,591,591,0.14,0.53,0.83,0.05,0.18,0.30,0.03,0.15,0.28,0.00,0.00,0.00,0.00,0.03,0.05,0.00,0.00,0.00,0.03,0.14,0.25,324965,442890,836014,683990,973827,1239585,0,0,0,0,0,0,0,345079,0,337.86,374.43,389.81
283,3,32,57,90,26063,26064,26065,71214,71214,71216,591,591,591,0.17,0.41,0.66,0.07,0.16,0.27,0.03,0.12,0.21,0.00,0.00,0.00,0.00,0.02,0.03,0.00,0.00,0.00,0.04,0.11,0.18,349429,575590,877920,970074,1265670,1430879,0,0,0,0,0,0,0,310825,0,300.56,326.09,346.23
284,0,33,70,100,26048,26048,26048,71232,71232,71232,591,591,591,0.14,0.54,0.83,0.05,0.20,0.30,0.03,0.15,0.28,0.00,0.00,0.00,0.00,0.03,0.05,0.00,0.00,0.00,0.02,0.15,0.27,387734,632617,1255328,571121,1200256,1656300,0,0,0,0,0,0,0,348803,0,389.00,411.58,438.68
284,1,33,60,100,26034,26034,26034,71245,71245,71245,591,591,591,0.26,0.40,0.57,0.10,0.15,0.20,0.07,0.12,0.17,0.00,0.00,0.00,0.01,0.02,0.02,0.00,0.00,0.00,0.06,0.11,0.16,335431,566059,843852,1058704,1305597,1588118,0,0,0,0,0,0,0,280647,0,315.52,337.20,354.98
284,2,31,42,51,26062,26062,26062,71217,71217,71217,591,591,591,0.21,0.29,0.40,0.08,0.11,0.14,0.06,0.08,0.12,0.00,0.00,0.00,0.01,0.01,0.02,0.00,0.00,0.00,0.04,0.08,0.13,330210,434987,681328,749041,1142897,1577536,0,0,0,0,0,0,0,227437,0,296.11,346.05,417.02
284,3,33,80,100,26063,26063,26063,71216,71216,71216,591,591,591,0.23,0.66,0.83,0.08,0.23,0.31,0.06,0.20,0.28,0.00,0.00,0.00,0.01,0.04,0.05,0.00,0.00,0.00,0.04,0.17,0.27,445516,677681,1176667,804549,1121618,1653623,0,0,0,0,0,0,0,270930,0,368.02,397.89,434.76
285,0,44,68,100,26048,26048,26048,71232,71232,71232,591,591,591,0.23,0.52,0.83,0.08,0.19,0.27,0.07,0.16,0.28,0.00,0.00,0.00,0.01,0.03,0.05,0.00,0.00,0.00,0.06,0.14,0.19,364254,696581,1032548,749507,1142619,1506892,0,0,0,0,0,0,0,188247,0,356.72,382.12,401.15
285,1,31,60,100,26034,26034,26034,71245,71245,71245,591,591,591,0.15,0.50,0.72,0.06,0.19,0.27,0.03,0.14,0.22,0.00,0.00,0.00,0.00,0.02,0.04,0.00,0.00,0.00,0.03,0.14,0.21,0,513999,838729,861789,1084133,1344588,0,0,0,0,0,0,0,228435,0,333.17,364.20,390.14
285,2,34,52,75,26062,26062,26062,71217,71217,71217,591,591,591,0.27,0.38,0.62,0.11,0.14,0.21,0.06,0.11,0.18,0.00,0.00,0.00,0.01,0.01,0.03,0.00,0.00,0.00,0.08,0.11,0.17,123172,469098,767844,718068,1207603,1656238,0,0,0,0,0,0,0,214784,0,311.40,324.38,344.09
285,3,37,75,100,26063,26063,26063,71216,71216,71216,591,591,591,0.16,0.60,0.84,0.07,0.21,0.29,0.03,0.18,0.29,0.00,0.00,0.00,0.00,0.03,0.05,0.00,0.00,0.00,0.04,0.15,0.23,447551,612588,775722,607940,1099315,1535727,0,0,0,0,0,0,0,338622,0,368.14,377.74,397.92
286,0,29,70,100,26048,26048,26048,71232,71232,71232,591,591,591,0.12,0.51,0.83,0.05,0.17,0.28,0.03,0.15,0.28,0.00,0.00,0.00,0.00,0.03,0.05,0.00,0.00,0.00,0.02,0.13,0.22,314485,378669,573892,521172,939130,1242123,0,0,0,0,0,0,0,303847,0,304.60,350.61,389.98
286,1,41,65,97,26034,26034,26034,71245,71245,71245,591,591,591,0.29,0.43,0.77,0.10,0.16,0.27,0.07,0.12,0.23,0.00,0.00,0.00,0.01,0.02,0.03,0.00,0.00,0.00,0.07,0.12,0.22,332822,366352,458611,801897,1060795,1388946,0,0,0,0,0,0,0,274392,0,351.52,370.96,412.30
286,2,40,47,58,26062,26062,26062,71217,71217,71217,591,591,591,0.22,0.30,0.44,0.09,0.11,0.15,0.06,0.09,0.12,0.00,0.00,0.00,0.01,0.01,0.02,0.00,0.00,0.00,0.07,0.09,0.12,324958,345911,361600,974898,1083854,1242020,0,0,0,0,0,0,0,245973,0,296.38,308.13,325.82
286,3,29,61,100,26063,26063,26063,71216,71216,71216,591,591,591,0.15,0.40,0.80,0.06,0.14,0.29,0.03,0.11,0.21,0.00,0.00,0.00,0.00,0.02,0.03,0.00,0.00,0.00,0.03,0.11,0.23,429702,575458,1077072,977463,1247332,1488508,0,0,0,0,0,0,0,277182,0,334.55,373.28,399.84
287,0,28,53,86,26048,26048,26048,71232,71232,71232,591,591,591,0.23,0.35,0.58,0.08,0.14,0.24,0.06,0.10,0.20,0.00,0.00,0.00,0.01,0.01,0.03,0.00,0.00,0.00,0.05,0.10,0.15,324969,435554,505798,786201,1099112,1433540,0,0,0,0,0,0,0,294065,0,324.14,363.76,418.53
287,1,40,48,57,26034,26034,26034,71245,71245,71245,591,591,591,0.21,0.33,0.51,0.07,0.13,0.20,0.06,0.10,0.14,0.00,0.00,0.00,0.01,0.01,0.02,0.00,0.00,0.00,0.05,0.10,0.19,338063,502116,767819,982759,1228565,1559224,0,0,0,0,0,0,0,238493,0,306.18,323.13,350.15
287,2,34,58,79,26062,26062,26062,71217,71217,71217,591,591,591,0.17,0.41,0.70,0.07,0.15,0.26,0.03,0.12,0.21,0.00,0.00,0.00,0.00,0.02,0.04,0.00,0.00,0.00,0.04,0.11,0.20,317167,517787,835938,801909,1178121,1632049,0,0,0,0,0,0,0,290510,0,310.19,332.34,363.39
287,3,30,53,100,26063,26063,26063,71216,71216,71216,591,591,591,0.14,0.41,0.69,0.05,0.16,0.24,0.03,0.12,0.21,0.00,0.00,0.00,0.00,0.02,0.04,0.00,0.00,0.00,0.03,0.11,0.19,36685,688177,1328703,644620,1337555,1844984,0,0,0,0,0,0,0,299044,0,319.24,336.53,362.44
288,0,27,57,100,26048,26048,26048,71232,71232,71232,591,591,591,0.19,0.42,0.81,0.07,0.16,0.25,0.05,0.12,0.27,0.00,0.00,0.00,0.01,0.02,0.04,0.00,0.00,0.00,0.04,0.12,0.21,322306,464878,759873,600067,1112162,1493545,0,0,0,0,0,0,0,305156,0,313.67,344.75,382.67
288,1,27,53,100,26034,26034,26034,71245,71245,71245,591,591,591,0.25,0.37,0.57,0.08,0.14,0.20,0.07,0.11,0.17,0.00,0.00,0.00,0.01,0.02,0.02,0.00,0.00,0.00,0.05,0.10,0.16,324936,404903,580550,1024685,1101220,1181952,0,0,0,0,0,0,0,288946,0,290.50,308.95,319.95
288,2,31,72,100,26062,26062,26062,71217,71217,71217,591,591,591,0.19,0.54,0.82,0.08,0.19,0.27,0.03,0.16,0.26,0.00,0.00,0.00,0.01,0.03,0.04,0.00,0.00,0.00,0.05,0.14,0.21,324958,418647,747888,626331,950834,1400684,0,0,0,0,0,0,0,301953,0,392.40,400.62,407.29
288,3,26,51,83,26063,26063,26063,71216,71216,71216,591,591,591,0.22,0.35,0.50,0.08,0.13,0.19,0.06,0.10,0.16,0.00,0.00,0.00,0.01,0.01,0.02,0.00,0.00,0.00,0.05,0.10,0.14,455997,598559,828152,1231718,1333917,1499061,0,0,0,0,0,0,0,230633,0,279.07,312.38,342.10
289,0,26,63,100,26048,26048,26048,71232,71232,71232,591,591,591,0.12,0.44,0.68,0.05,0.16,0.23,0.02,0.13,0.20,0.00,0.00,0.00,0.00,0.02,0.04,0.00,0.00,0.00,0.02,0.12,0.18,330207,474341,1016826,877958,1103823,1575033,0,0,0,0,0,0,0,287427,0,328.27,377.62,415.68
289,1,32,55,92,26034,26034,26034,71245,71245,71245,591,591,591,0.15,0.42,0.69,0.06,0.16,0.29,0.03,0.12,0.22,0.00,0.00,0.00,0.00,0.02,0.04,0.00,0.00,0.00,0.03,0.11,0.22,322351,486351,720689,733789,1199115,1556689,0,0,0,0,0,0,0,279946,0,324.34,344.68,370.94
289,2,30,54,100,26062,26062,26062,71217,71217,71217,591,591,591,0.23,0.39,0.61,0.08,0.15,0.24,0.06,0.11,0.15,0.00,0.00,0.00,0.01,0.02,0.02,0.00,0.00,0.00,0.05,0.11,0.22,322274,532497,744232,822930,1227980,1517290,0,0,0,0,0,0,0,279877,0,333.44,357.75,381.72
289,3,31,71,100,26061,26061,26063,71216,71217,71218,591,591,591,0.14,0.54,0.83,0.06,0.19,0.29,0.03,0.17,0.28,0.00,0.00,0.00,0.00,0.03,0.05,0.00,0.00,0.00,0.03,0.12,0.19,456005,499456,570954,668974,1073895,1460820,0,0,0,0,0,0,0,295578,0,320.35,349.90,385.85
290,0,28,59,91,26048,26048,26048,71232,71232,71232,591,591,591,0.25,0.38,0.72,0.09,0.14,0.27,0.06,0.10,0.18,0.00,0.00,0.00,0.01,0.01,0.03,0.00,0.00,0.00,0.06,0.11,0.24,301638,578579,925139,815700,1240663,1551508,0,0,0,0,0,0,0,274728,0,324.11,352.04,374.66
290,1,30,79,100,26034,26034,26034,71245,71245,71245,591,591,591,0.26,0.59,0.83,0.10,0.21,0.29,0.08,0.17,0.28,0.00,0.00,0.00,0.01,0.03,0.05,0.00,0.00,0.00,0.06,0.16,0.22,324884,383640,461228,521464,945987,1215695,0,0,0,0,0,0,0,309666,0,375.57,389.60,407.83
290,2,38,55,100,26062,26062,26062,71217,71217,71217,591,591,591,0.21,0.37,0.68,0.08,0.14,0.25,0.07,0.10,0.17,0.00,0.00,0.00,0.01,0.01,0.03,0.00,0.00,0.00,0.06,0.11,0.23,335385,399357,576426,770338,1075981,1273737,0,0,0,0,0,0,0,244148,0,323.76,338.58,358.21
290,3,32,57,86,26061,26061,26061,71218,71218,71218,591,591,591,0.20,0.37,0.72,0.08,0.15,0.28,0.06,0.10,0.16,0.00,0.00,0.00,0.01,0.01,0.03,0.00,0.00,0.00,0.06,0.12,0.25,471724,628406,938080,1098001,1278840,1595785,0,0,0,0,0,0,0,281335,0,318.21,358.14,386.70
291,0,27,54,78,26048,26048,26048,71232,71232,71232,591,591,591,0.30,0.38,0.53,0.11,0.15,0.22,0.08,0.12,0.16,0.00,0.00,0.00,0.01,0.02,0.02,0.00,0.00,0.00,0.07,0.11,0.15,327552,374101,500561,833393,1015511,1375888,0,0,0,0,0,0,0,265015,0,294.48,320.39,338.48
291,1,34,41,51,26034,26034,26034,71245,71245,71245,591,591,591,0.25,0.33,0.42,0.09,0.12,0.16,0.07,0.10,0.13,0.00,0.00,0.00,0.01,0.01,0.02,0.00,0.00,0.00,0.05,0.09,0.12,274293,327333,366892,946923,1037246,1111155,0,0,0,0,0,0,0,321426,0,299.46,320.03,338.89
291,2,49,55,61,26062,26062,26062,71217,71217,71217,591,591,591,0.25,0.33,0.49,0.11,0.13,0.20,0.07,0.09,0.13,0.00,0.00,0.00,0.01,0.01,0.02,0.00,0.00,0.00,0.07,0.11,0.18,220138,374089,621108,980138,1088847,1192270,0,0,0,0,0,0,0,203005,0,293.22,313.52,335.04
291,3,32,70,100,26061,26061,26061,71218,71218,71218,591,591,591,0.14,0.52,0.83,0.05,0.17,0.25,0.03,0.16,0.28,0.00,0.00,0.00,0.00,0.03,0.05,0.00,0.00,0.00,0.02,0.12,0.19,471728,788817,1491171,676091,1374535,1902619,0,0,0,0,0,0,0,236536,0,291.83,323.66,375.63
292,0,27,68,100,26048,26048,26048,71232,71232,71232,591,591,591,0.12,0.45,0.73,0.04,0.16,0.27,0.02,0.12,0.20,0.00,0.00,0.00,0.00,0.02,0.04,0.00,0.00,0.00,0.02,0.13,0.24,324967,565541,946070,762549,1219662,1755868,0,0,0,0,0,0,0,215318,0,323.43,360.25,382.55
292,1,31,70,100,26034,26034,26034,71245,71245,71245,591,591,591,0.14,0.56,0.80,0.05,0.20,0.27,0.03,0.16,0.23,0.00,0.00,0.00,0.00,0.03,0.04,0.00,0.00,0.00,0.02,0.15,0.24,345853,554493,980148,704808,1143556,1609064,0,0,0,0,0,0,0,235517,0,335.59,370.06,399.25
292,2,26,53,100,26062,26062,26062,71217,71217,71217,591,591,591,0.12,0.39,0.78,0.04,0.15,0.26,0.02,0.12,0.24,0.00,0.00,0.00,0.00,0.02,0.04,0.00,0.00,0.00,0.02,0.10,0.21,319721,661433,1331196,1003699,1305051,1810741,0,0,0,0,0,0,0,314096,0,326.60,352.36,376.62
292,3,36,69,93,26061,26061,26061,71218,71218,71218,591,591,591,0.37,0.54,0.75,0.13,0.21,0.28,0.10,0.16,0.20,0.00,0.00,0.00,0.02,0.02,0.03,0.00,0.00,0.00,0.08,0.15,0.25,474348,531309,642091,938215,1144837,1480597,0,0,0,0,0,0,0,279814,0,362.31,386.30,406.50
293,0,36,60,100,26048,26048,26048,71232,71232,71232,591,591,591,0.22,0.42,0.70,0.09,0.16,0.26,0.07,0.12,0.18,0.00,0.00,0.00,0.01,0.02,0.03,0.00,0.00,0.00,0.06,0.12,0.24,207905,460232,859225,1039063,1150394,1320273,0,0,0,0,0,0,0,327506,0,355.94,372.48,404.64
293,1,44,68,100,26034,26034,26034,71245,71245,71245,591,591,591,0.20,0.57,0.80,0.07,0.22,0.29,0.05,0.17,0.24,0.00,0.00,0.00,0.01,0.03,0.04,0.00,0.00,0.00,0.04,0.16,0.23,432337,546662,749544,841239,1136815,1430901,0,0,0,0,0,0,0,334367,0,357.53,397.95,416.14
293,2,23,51,91,26062,26062,26062,71217,71217,71217,591,591,591,0.19,0.31,0.67,0.08,0.12,0.24,0.06,0.09,0.19,0.00,0.00,0.00,0.01,0.01,0.03,0.00,0.00,0.00,0.05,0.10,0.19,343262,439730,600085,775736,1094342,1336434,0,0,0,0,0,0,0,206510,0,288.16,320.70,369.65
293,3,32,64,100,26061,26061,26061,71218,71218,71218,591,591,591,0.13,0.45,0.73,0.05,0.16,0.25,0.03,0.13,0.23,0.00,0.00,0.00,0.00,0.02,0.04,0.00,0.00,0.00,0.02,0.12,0.20,317991,619586,943125,859626,1312756,1805036,0,0,0,0,0,0,0,350890,0,334.40,363.68,387.56
294,0,30,63,84,26048,26048,26048,71232,71232,71232,591,591,591,0.13,0.42,0.59,0.05,0.16,0.25,0.03,0.12,0.17,0.00,0.00,0.00,0.00,0.02,0.03,0.00,0.00,0.00,0.02,0.11,0.21,322342,666662,1475231,875284,1366888,2274424,0,0,0,0,0,0,0,291431,0,343.97,361.04,378.56
294,1,34,73,100,26032,26032,26034,71245,71246,71247,591,591,591,0.15,0.55,0.83,0.06,0.18,0.28,0.03,0.16,0.28,0.00,0.00,0.00,0.00,0.03,0.05,0.00,0.00,0.00,0.03,0.13,0.21,351145,521421,754749,754168,1082184,1367998,0,0,0,0,0,0,0,375474,0,377.77,383.48,386.83
294,2,31,58,99,26062,26062,26062,71217,71217,71217,591,591,591,0.21,0.41,0.67,0.08,0.16,0.24,0.06,0.12,0.20,0.00,0.00,0.00,0.01,0.02,0.03,0.00,0.00,0.00,0.04,0.11,0.18,317116,449164,649926,1042911,1123706,1213371,0,0,0,0,0,0,0,278994,0,281.93,318.97,357.81
294,3,25,52,80,26061,26061,26061,71218,71218,71218,591,591,591,0.21,0.35,0.59,0.07,0.13,0.21,0.06,0.10,0.17,0.00,0.00,0.00,0.01,0.01,0.03,0.00,0.00,0.00,0.05,0.11,0.17,450728,641036,1129685,1184555,1314545,1638175,0,0,0,0,0,0,0,259732,0,311.15,326.37,363.17
295,0,32,72,100,26048,26048,26048,71232,71232,71232,591,591,591,0.14,0.55,0.83,0.05,0.19,0.28,0.03,0.16,0.28,0.00,0.00,0.00,0.00,0.03,0.05,0.00,0.00,0.00,0.02,0.14,0.22,340692,613760,917263,820281,1165675,1423022,0,0,0,0,0,0,0,305617,0,393.80,399.02,403.21
295,1,36,70,100,26032,26032,26032,71247,71247,71247,591,591,591,0.15,0.55,0.83,0.06,0.20,0.26,0.03,0.16,0.28,0.00,0.00,0.00,0.00,0.03,0.05,0.00,0.00,0.00,0.03,0.15,0.23,322338,516772,689255,550306,1096797,1632664,0,0,0,0,0,0,0,305053,0,372.55,399.22,417.71
295,2,26,68,100,26062,26062,26062,71217,71217,71217,591,591,591,0.12,0.46,0.77,0.04,0.17,0.28,0.03,0.13,0.23,0.00,0.00,0.00,0.00,0.02,0.04,0.00,0.00,0.00,0.02,0.12,0.24,324960,531810,1018605,843860,1118800,1380271,0,0,0,0,0,0,0,269217,0,354.48,388.99,412.87
295,3,44,64,100,26061,26061,26061,71218,71218,71218,591,591,591,0.23,0.43,0.65,0.09,0.16,0.24,0.07,0.12,0.20,0.00,0.00,0.00,0.01,0.02,0.03,0.00,0.00,0.00,0.05,0.12,0.19,469213,560821,649931,930649,1221239,1409827,0,0,0,0,0,0,0,264429,0,330.68,347.84,380.63
296,0,43,74,100,26048,26048,26048,71232,71232,71232,591,591,591,0.34,0.53,0.82,0.12,0.19,0.27,0.08,0.15,0.24,0.00,0.00,0.00,0.01,0.02,0.04,0.00,0.00,0.00,0.05,0.15,0.21,319697,800755,1841952,883098,1418397,2432824,0,0,0,0,0,0,0,359161,0,391.57,404.21,418.84
296,1,34,50,63,26032,26032,26032,71247,71247,71247,591,591,591,0.22,0.26,0.31,0.09,0.10,0.14,0.07,0.07,0.09,0.00,0.00,0.00,0.01,0.01,0.01,0.00,0.00,0.00,0.06,0.08,0.12,332807,373696,508403,872652,1116893,1386315,0,0,0,0,0,0,0,238284,0,281.62,322.36,361.56
296,2,32,79,100,26062,26062,26062,71217,71217,71217,591,591,591,0.29,0.58,0.83,0.12,0.20,0.25,0.05,0.17,0.28,0.00,0.00,0.00,0.01,0.03,0.05,0.00,0.00,0.00,0.08,0.15,0.19,340679,469086,597520,566051,939227,1485938,0,0,0,0,0,0,0,342267,0,361.66,388.43,422.18
296,3,39,57,86,26061,26061,26061,71218,71218,71218,591,591,591,0.25,0.40,0.55,0.10,0.15,0.21,0.07,0.11,0.15,0.00,0.00,0.00,0.01,0.02,0.02,0.00,0.00,0.00,0.06,0.12,0.19,442898,650607,1132049,1087560,1407793,1931297,0,0,0,0,0,0,0,291713,0,315.97,326.41,341.79
297,0,24,61,98,26048,26048,26048,71232,71232,71232,591,591,591,0.16,0.38,0.68,0.06,0.14,0.24,0.04,0.11,0.19,0.00,0.00,0.00,0.00,0.02,0.03,0.00,0.00,0.00,0.03,0.11,0.19,327587,366372,482213,815019,1071861,1273671,0,0,0,0,0,0,0,304428,0,335.41,345.74,355.23
297,1,33,53,83,26032,26032,26032,71247,71247,71247,591,591,591,0.15,0.37,0.59,0.05,0.15,0.24,0.03,0.11,0.17,0.00,0.00,0.00,0.00,0.02,0.03,0.00,0.00,0.00,0.03,0.11,0.21,327577,633026,901496,1043005,1419317,1752868,0,0,0,0,0,0,0,244556,0,298.03,322.19,347.14
297,2,27,62,100,26062,26062,26062,71217,71217,71217,591,591,591,0.13,0.44,0.75,0.05,0.16,0.29,0.03,0.12,0.24,0.00,0.00,0.00,0.00,0.02,0.04,0.00,0.00,0.00,0.03,0.12,0.26,89088,623060,1603734,767733,1250903,2473734,0,0,0,0,0,0,0,270690,0,369.61,389.44,407.55
297,3,30,58,100,26061,26061,26061,71218,71218,71218,591,591,591,0.16,0.42,0.73,0.06,0.15,0.25,0.03,0.13,0.24,0.00,0.00,0.00,0.00,0.02,0.04,0.00,0.00,0.00,0.03,0.11,0.20,456013,483776,503178,1008913,1196603,1362799,0,0,0,0,0,0,0,200392,0,304.05,324.56,351.02
298,0,32,63,100,26048,26048,26048,71232,71232,71232,591,591,591,0.14,0.48,0.70,0.05,0.19,0.24,0.03,0.14,0.22,0.00,0.00,0.00,0.00,0.02,0.03,0.00,0.00,0.00,0.03,0.14,0.20,330207,415385,634226,891033,1070564,1257969,0,0,0,0,0,0,0,237212,0,346.41,374.24,396.85
298,1,46,76,100,26032,26032,26032,71247,71247,71247,591,591,591,0.16,0.51,0.77,0.06,0.19,0.29,0.03,0.15,0.22,0.00,0.00,0.00,0.00,0.02,0.04,0.00,0.00,0.00,0.03,0.13,0.23,253322,383696,602746,691800,951271,1218580,0,0,0,0,0,0,0,316317,0,343.88,369.53,394.59
298,2,32,68,87,26062,26062,26062,71217,71217,71217,591,591,591,0.38,0.49,0.70,0.15,0.18,0.23,0.11,0.14,0.22,0.00,0.00,0.00,0.01,0.02,0.03,0.00,0.00,0.00,0.11,0.14,0.19,351170,563444,833387,770478,1191095,1391599,0,0,0,0,0,0,0,286348,0,344.48,372.68,414.43
298,3,32,59,90,26061,26061,26061,71218,71218,71218,591,591,591,0.14,0.44,0.60,0.05,0.17,0.25,0.03,0.12,0.21,0.00,0.00,0.00,0.00,0.02,0.04,0.00,0.00,0.00,0.02,0.12,0.22,463853,616548,1024866,885776,1278809,1960057,0,0,0,0,0,0,0,280793,0,339.36,366.06,383.73
299,0,26,69,100,26048,26048,26048,71232,71232,71232,591,591,591,0.23,0.41,0.58,0.09,0.16,0.20,0.07,0.12,0.17,0.00,0.00,0.00,0.01,0.02,0.03,0.00,0.00,0.00,0.05,0.11,0.16,243535,362138,579174,826280,1096116,1284142,0,0,0,0,0,0,0,313058,0,354.25,368.84,382.80
299,1,35,63,100,26032,26032,26032,71247,71247,71247,591,591,591,0.14,0.50,0.73,0.05,0.19,0.25,0.03,0.14,0.23,0.00,0.00,0.00,0.00,0.02,0.04,0.00,0.00,0.00,0.02,0.14,0.22,343290,443921,552916,904106,1087013,1399476,0,0,0,0,0,0,0,279515,0,341.56,379.07,413.51
299,2,29,60,98,26062,26062,26062,71217,71217,71217,591,591,591,0.22,0.41,0.66,0.08,0.15,0.24,0.06,0.12,0.20,0.00,0.00,0.00,0.01,0.02,0.03,0.00,0.00,0.00,0.05,0.12,0.19,335416,403567,534673,788862,1114781,1284265,0,0,0,0,0,0,0,309895,0,337.39,355.05,379.05
299,3,35,68,100,26059,26060,26061,71218,71218,71220,591,591,591,0.18,0.54,0.84,0.06,0.19,0.30,0.03,0.16,0.28,0.00,0.00,0.00,0.00,0.03,0.05,0.00,0.00,0.00,0.03,0.13,0.22,83861,681896,1336544,712775,1226473,2227574,0,0,0,0,0,0,0,319516,0,371.47,384.61,399.55
300,0,33,63,100,26048,26048,26048,71232,71232,71232,591,591,591,0.27,0.48,0.77,0.10,0.18,0.28,0.06,0.14,0.23,0.00,0.00,0.00,0.01,0.02,0.04,0.00,0.00,0.00,0.09,0.13,0.19,332712,627827,1168402,720678,1274369,1724551,0,0,0,0,0,0,0,314495,0,352.65,371.38,392.01
300,1,34,70,100,26032,26032,26032,71247,71247,71247,591,591,591,0.15,0.55,0.83,0.05,0.20,0.29,0.03,0.16,0.28,0.00,0.00,0.00,0.00,0.03,0.05,0.00,0.00,0.00,0.03,0.14,0.22,411446,550329,817635,964356,1119003,1409923,0,0,0,0,0,0,0,336659,0,381.72,387.96,390.90
300,2,33,60,81,26062,26062,26062,71217,71217,71217,591,591,591,0.22,0.38,0.67,0.08,0.15,0.24,0.05,0.12,0.21,0.00,0.00,0.00,0.01,0.02,0.03,0.00,0.00,0.00,0.05,0.10,0.19,322339,398863,670912,880543,1099619,1336584,0,0,0,0,0,0,0,297585,0,348.64,355.45,370.98
300,3,27,73,100,26059,26059,26059,71220,71220,71220,591,591,591,0.27,0.53,0.82,0.10,0.19,0.28,0.08,0.15,0.24,0.00,0.00,0.00,0.01,0.02,0.04,0.00,0.00,0.00,0.06,0.14,0.21,466481,1009645,2363757,930348,1536227,2693949,0,0,0,0,0,0,0,262046,0,365.23,378.12,400.70
301,0,32,71,100,26048,26048,26048,71232,71232,71232,591,591,591,0.15,0.54,0.83,0.05,0.18,0.28,0.03,0.15,0.28,0.00,0.00,0.00,0.00,0.03,0.05,0.00,0.00,0.00,0.02,0.13,0.22,327585,546072,903807,497925,1100511,1886207,0,0,0,0,0,0,0,348033,0,311.31,363.76,397.70
301,1,28,68,100,26028,26031,26032,71247,71247,71251,591,591,591,0.13,0.51,0.82,0.05,0.19,0.28,0.03,0.15,0.27,0.00,0.00,0.00,0.00,0.03,0.05,0.00,0.00,0.00,0.02,0.13,0.24,327575,859556,2141013,636693,1361955,3021527,0,0,0,0,0,0,0,257587,0,379.91,395.59,408.68
301,2,36,62,100,26062,26062,26062,71217,71217,71217,591,591,591,0.16,0.50,0.74,0.06,0.19,0.24,0.03,0.15,0.24,0.00,0.00,0.00,0.00,0.02,0.04,0.00,0.00,0.00,0.03,0.14,0.22,344428,533777,990603,853243,1134502,1881622,0,0,0,0,0,0,0,285968,0,346.83,370.62,390.34
301,3,0,12,33,26059,26059,26059,71220,71220,71220,591,591,591,0.00,0.07,0.25,0.00,0.03,0.09,0.00,0.02,0.07,0.00,0.00,0.00,0.00,0.00,0.01,0.00,0.00,0.00,0.00,0.03,0.07,419343,526372,736981,435080,760077,1216047,0,0,0,0,0,0,0,115116,0,167.63,231.87,314.39
302,0,32,64,100,26044,26045,26048,71232,71234,71236,591,591,591,0.14,0.51,0.83,0.05,0.18,0.30,0.03,0.16,0.28,0.00,0.00,0.00,0.00,0.03,0.05,0.00,0.00,0.00,0.02,0.12,0.19,322345,468568,733786,545099,1055060,1658881,0,0,0,0,0,0,0,343648,0,385.62,414.34,448.55
302,1,30,68,100,26028,26028,26028,71251,71251,71251,591,591,591,0.13,0.56,0.83,0.05,0.19,0.29,0.03,0.16,0.28,0.00,0.00,0.00,0.00,0.03,0.05,0.00,0.00,0.00,0.02,0.14,0.23,338032,410924,652585,524118,910436,1514836,0,0,0,0,0,0,0,301239,0,353.85,375.07,396.16
302,2,29,55,86,26062,26062,26062,71217,71217,71217,591,591,591,0.21,0.37,0.72,0.08,0.14,0.27,0.07,0.10,0.19,0.00,0.00,0.00,0.01,0.02,0.03,0.00,0.00,0.00,0.05,0.11,0.24,330203,472209,597400,956546,1147778,1396554,0,0,0,0,0,0,0,271662,0,324.93,357.53,394.67
302,3,0,0,0,26059,26059,26059,71220,71220,71220,591,591,591,0.00,0.00,0.00,0.00,0.00,0.00,0.00,0.00,0.00,0.00,0.00,0.00,0.00,0.00,0.00,0.00,0.00,0.00,0.00,0.00,0.00,7862,388927,694541,20967,406748,710267,0,0,0,0,0,0,0,126234,0,140.13,141.76,147.22
303,0,26,58,100,26044,26044,26044,71236,71236,71236,591,591,591,0.22,0.42,0.82,0.08,0.16,0.30,0.06,0.12,0.21,0.00,0.00,0.00,0.01,0.02,0.04,0.00,0.00,0.00,0.04,0.12,0.23,138860,536657,1016748,592122,1251659,2400366,0,0,0,0,0,0,0,268365,0,341.68,386.79,420.07
303,1,29,68,100,26028,26028,26028,71251,71251,71251,591,591,591,0.31,0.46,0.63,0.12,0.17,0.25,0.09,0.13,0.17,0.00,0.00,0.00,0.01,0.02,0.03,0.00,0.00,0.00,0.07,0.14,0.23,125796,417729,697096,689257,1152036,1818741,0,0,0,0,0,0,0,241876,0,334.37,368.44,404.92
303,2,27,53,83,26060,26061,26062,71217,71217,71219,591,591,591,0.12,0.38,0.61,0.04,0.15,0.23,0.03,0.11,0.21,0.00,0.00,0.00,0.00,0.02,0.04,0.00,0.00,0.00,0.02,0.10,0.19,316354,436455,807172,1066600,1171967,1307735,0,0,0,0,0,0,0,210386,0,330.06,336.65,348.97
303,3,0,0,1,26059,26407,26495,70784,70871,71220,591,591,591,0.00,0.00,0.00,0.00,0.00,0.00,0.00,0.00,0.00,0.00,0.00,0.00,0.00,0.00,0.00,0.00,0.00,0.00,0.00,0.00,0.00,416727,641079,1420541,429835,780513,1433645,0,0,0,0,0,0,0,84096,0,139.67,139.82,139.92
304,0,29,51,65,26044,26044,26044,71236,71236,71236,591,591,591,0.00,0.26,0.58,0.00,0.11,0.20,0.00,0.08,0.17,0.00,0.00,0.00,0.00,0.01,0.03,0.00,0.00,0.00,0.06,0.12,0.17,0,310871,554267,0,1196972,2851267,0,0,0,0,0,0,0,202398,0,303.86,324.59,337.60
304,1,34,52,89,26028,26028,26028,71251,71251,71251,591,591,591,0.24,0.38,0.58,0.08,0.15,0.23,0.07,0.11,0.18,0.00,0.00,0.00,0.01,0.02,0.02,0.00,0.00,0.00,0.06,0.11,0.16,324908,543414,689241,1236583,1925290,3259561,0,0,0,0,0,0,0,276515,0,306.83,323.96,334.96
304,2,28,59,100,26060,26060,26060,71219,71219,71219,591,591,591,0.22,0.52,0.80,0.10,0.18,0.25,0.03,0.15,0.26,0.00,0.00,0.00,0.01,0.03,0.05,0.00,0.00,0.00,0.07,0.13,0.19,330165,610957,988113,1278736,2092589,3527470,0,0,0,0,0,0,0,334033,0,348.14,382.29,406.64
304,3,0,0,2,26495,61604,96713,566,35675,70784,591,591,591,0.00,0.00,0.00,0.00,0.00,0.00,0.00,0.00,0.00,0.00,0.00,0.00,0.00,0.00,0.00,0.00,0.00,0.00,0.00,0.00,0.00,421951,1633462,3755724,435055,2794728,6392332,0,0,0,0,0,0,0,128758,0,139.75,140.64,141.92
305,0,39,53,98,26044,26044,26044,71236,71236,71236,591,591,591,0.19,0.33,0.54,0.06,0.12,0.21,0.04,0.09,0.15,0.00,0.00,0.00,0.01,0.01,0.02,0.00,0.00,0.00,0.03,0.09,0.19,340699,561863,1090103,888469,1598574,3545458,0,0,0,0,0,0,0,234641,0,290.99,303.37,320.36
305,1,31,58,100,26028,26028,26028,71251,71251,71251,591,591,591,0.17,0.41,0.71,0.07,0.15,0.28,0.03,0.11,0.20,0.00,0.00,0.00,0.00,0.02,0.03,0.00,0.00,0.00,0.04,0.11,0.25,338068,506813,728567,812413,1214346,1354866,0,0,0,0,0,0,0,331074,0,329.14,357.81,383.84
305,2,24,52,99,26060,26060,26060,71219,71219,71219,591,591,591,0.20,0.34,0.78,0.08,0.13,0.27,0.06,0.10,0.23,0.00,0.00,0.00,0.01,0.01,0.03,0.00,0.00,0.00,0.05,0.10,0.22,330207,417192,555593,804554,1037728,1344430,0,0,0,0,0,0,0,233374,0,315.92,359.34,414.47
305,3,0,0,0,96713,96713,96713,566,566,566,591,591,591,0.00,0.00,0.00,0.00,0.00,0.00,0.00,0.00,0.00,0.00,0.00,0.00,0.00,0.00,0.00,0.00,0.00,0.00,0.00,0.00,0.00,7862,579224,1313093,20967,593377,1326197,0,0,0,0,0,0,0,115618,0,142.81,143.78,144.23
306,0,35,57,87,26044,26044,26044,71236,71236,71236,591,591,591,0.25,0.34,0.42,0.09,0.12,0.15,0.06,0.09,0.12,0.00,0.00,0.00,0.01,0.01,0.02,0.00,0.00,0.00,0.06,0.09,0.12,327576,478521,754717,1056079,1254747,1504251,0,0,0,0,0,0,0,252024,0,282.26,302.81,330.48
306,1,36,76,100,26028,26028,26028,71251,71251,71251,591,591,591,0.20,0.55,0.76,0.07,0.20,0.26,0.05,0.16,0.25,0.00,0.00,0.00,0.01,0.02,0.04,0.00,0.00,0.00,0.04,0.16,0.21,320028,558753,859567,987908,1175886,1417762,0,0,0,0,0,0,0,286817,0,350.02,382.13,402.41
306,2,28,44,60,26060,26060,26060,71219,71219,71219,591,591,591,0.21,0.26,0.35,0.08,0.10,0.14,0.06,0.07,0.09,0.00,0.00,0.00,0.01,0.01,0.01,0.00,0.00,0.00,0.05,0.09,0.14,296133,416160,547723,835986,1161999,1307743,0,0,0,0,0,0,0,264075,0,261.11,279.86,301.31
306,3,0,0,0,96713,96713,96713,566,566,566,591,591,591,0.00,0.00,0.00,0.00,0.00,0.00,0.00,0.00,0.00,0.00,0.00,0.00,0.00,0.00,0.00,0.00,0.00,0.00,0.00,0.00,0.00,421975,464870,571265,435080,478497,584368,0,0,0,0,0,0,0,70699,0,105.76,127.63,144.18
307,0,0,0,0,26044,26044,26044,71236,71236,71236,591,591,591,0.00,0.00,0.00,0.00,0.03,0.14,0.00,0.02,0.08,0.00,0.00,0.00,0.00,0.00,0.01,0.00,0.00,0.00,0.00,0.03,0.15,293544,364833,629019,309269,452198,663097,0,0,0,0,0,0,0,121247,0,152.69,215.25,286.01
307,1,23,46,69,26028,26028,26028,71251,71251,71251,591,591,591,0.10,0.34,0.58,0.04,0.13,0.20,0.02,0.10,0.17,0.00,0.00,0.00,0.00,0.01,0.03,0.00,0.00,0.00,0.02,0.09,0.17,335446,475385,642041,911995,1137881,1512073,0,0,0,0,0,0,0,272308,0,307.63,330.59,350.72
307,2,27,61,100,26060,26060,26060,71219,71219,71219,591,591,591,0.12,0.45,0.83,0.04,0.16,0.26,0.03,0.14,0.28,0.00,0.00,0.00,0.00,0.02,0.05,0.00,0.00,0.00,0.02,0.10,0.18,351150,508878,587013,676293,1072211,1451468,0,0,0,0,0,0,0,307642,0,305.57,334.76,370.77
307,3,0,0,0,96713,96713,96713,566,566,566,591,591,591,0.00,0.00,0.00,0.00,0.00,0.00,0.00,0.00,0.00,0.00,0.00,0.00,0.00,0.00,0.00,0.00,0.00,0.00,0.00,0.00,0.00,415058,570865,806662,428447,592129,828304,0,0,0,0,0,0,0,77177,0,85.77,87.56,94.28
308,0,0,0,1,26044,26308,26704,70576,70972,71236,591,591,591,0.00,0.00,0.00,0.00,0.00,0.00,0.00,0.00,0.00,0.00,0.00,0.00,0.00,0.00,0.00,0.00,0.00,0.00,0.00,0.00,0.00,301408,477172,800175,314513,619083,823037,0,0,0,0,0,0,0,121072,0,151.18,151.54,152.10
308,1,25,61,100,26028,26028,26028,71251,71251,71251,591,591,591,0.11,0.43,0.83,0.04,0.16,0.25,0.02,0.13,0.27,0.00,0.00,0.00,0.00,0.02,0.05,0.00,0.00,0.00,0.02,0.11,0.19,327589,414042,668277,673251,1074958,1753248,0,0,0,0,0,0,0,276487,0,322.22,340.11,352.44
308,2,24,68,100,26060,26060,26060,71219,71219,71219,591,591,591,0.23,0.53,0.83,0.09,0.19,0.27,0.05,0.15,0.26,0.00,0.00,0.00,0.01,0.02,0.04,0.00,0.00,0.00,0.05,0.14,0.22,340669,410916,505794,594813,1037774,1394126,0,0,0,0,0,0,0,296503,0,368.35,392.85,403.43
308,3,0,0,0,96713,96815,96969,310,463,566,591,591,591,0.00,0.00,0.00,0.00,0.00,0.00,0.00,0.00,0.00,0.00,0.00,0.00,0.00,0.00,0.00,0.00,0.00,0.00,0.00,0.00,0.00,432368,668718,966900,516224,790829,987896,0,0,0,0,0,0,0,51388,0,85.48,85.60,85.69
309,0,0,0,3,26704,40752,96944,336,56528,70576,591,591,591,0.00,0.00,0.00,0.00,0.00,0.00,0.00,0.00,0.00,0.00,0.00,0.00,0.00,0.00,0.00,0.00,0.00,0.00,0.00,0.00,0.00,298788,1123029,2350929,314514,1833958,6153826,0,0,0,0,0,0,0,92012,0,151.07,151.59,152.81
309,1,24,50,100,26028,26028,26028,71251,71251,71251,591,591,591,0.19,0.40,0.76,0.07,0.15,0.27,0.06,0.11,0.20,0.00,0.00,0.00,0.00,0.01,0.03,0.00,0.00,0.00,0.06,0.12,0.22,136275,368210,547737,655220,1111828,1438756,0,0,0,0,0,0,0,186930,0,307.41,344.85,369.94
309,2,26,48,88,26060,26060,26060,71219,71219,71219,591,591,591,0.14,0.35,0.67,0.05,0.14,0.23,0.03,0.11,0.19,0.00,0.00,0.00,0.00,0.02,0.03,0.00,0.00,0.00,0.03,0.11,0.18,330171,347233,359043,833400,1630454,4155815,0,0,0,0,0,0,0,217488,0,305.63,343.40,371.46
309,3,0,0,0,96969,96969,96969,310,310,310,591,591,591,0.00,0.00,0.00,0.00,0.00,0.00,0.00,0.00,0.00,0.00,0.00,0.00,0.00,0.00,0.00,0.00,0.00,0.00,0.00,0.00,0.00,424462,450698,505735,437563,471006,547661,0,0,0,0,0,0,0,68839,0,85.50,85.57,85.62
310,0,0,0,0,96944,96944,96944,336,336,336,591,591,591,0.00,0.00,0.00,0.00,0.00,0.00,0.00,0.00,0.00,0.00,0.00,0.00,0.00,0.00,0.00,0.00,0.00,0.00,0.00,0.00,0.00,301408,648609,1001206,314512,973278,2122994,0,0,0,0,0,0,0,124178,0,153.64,154.69,155.27
310,1,27,49,76,26028,26028,26028,71251,71251,71251,591,591,591,0.15,0.35,0.61,0.06,0.13,0.21,0.04,0.10,0.18,0.00,0.00,0.00,0.01,0.01,0.03,0.00,0.00,0.00,0.03,0.10,0.17,340702,603275,961750,909411,2112785,5228272,0,0,0,0,0,0,0,239220,0,301.52,312.85,323.12
310,2,0,0,0,26060,26060,26060,71219,71219,71219,591,591,591,0.00,0.00,0.01,0.00,0.02,0.10,0.00,0.01,0.05,0.00,0.00,0.00,0.00,0.00,0.01,0.00,0.00,0.00,0.00,0.00,0.01,309270,464405,726003,319753,874341,2605199,0,0,0,0,0,0,0,121496,0,152.46,206.15,269.18
310,3,0,0,0,96969,96969,96969,310,310,310,591,591,591,0.00,0.00,0.00,0.00,0.00,0.00,0.00,0.00,0.00,0.00,0.00,0.00,0.00,0.00,0.00,0.00,0.00,0.00,0.00,0.00,0.00,281255,589769,775653,289990,1612425,3306935,0,0,0,0,0,0,0,68524,0,85.51,85.58,85.67
311,0,0,0,0,96944,96972,97016,264,307,336,591,591,591,0.00,0.00,0.00,0.00,0.00,0.00,0.00,0.00,0.00,0.00,0.00,0.00,0.00,0.00,0.00,0.00,0.00,0.00,0.00,0.00,0.00,298786,351181,516294,311891,472763,859437,0,0,0,0,0,0,0,110046,0,140.36,151.66,155.42
311,1,33,66,100,26028,26028,26028,71251,71251,71251,591,591,591,0.14,0.39,0.60,0.06,0.14,0.22,0.03,0.12,0.17,0.00,0.00,0.00,0.00,0.03,0.05,0.00,0.00,0.00,0.03,0.10,0.16,340694,544036,948632,1011494,1380011,2093805,0,0,0,0,0,0,0,339829,0,314.79,334.78,381.84
311,2,0,0,0,26060,26365,26824,70455,70913,71219,591,591,591,0.00,0.00,0.00,0.00,0.00,0.00,0.00,0.00,0.00,0.00,0.00,0.00,0.00,0.00,0.00,0.00,0.00,0.00,0.00,0.00,0.00,304027,327405,414107,317134,460540,917330,0,0,0,0,0,0,0,135755,0,150.81,151.46,152.11
311,3,0,0,0,96969,97058,97193,86,220,310,591,591,591,0.00,0.00,0.00,0.00,0.00,0.00,0.00,0.00,0.00,0.00,0.00,0.00,0.00,0.00,0.00,0.00,0.00,0.00,0.00,0.00,0.00,403594,475666,638874,416286,573123,924907,0,0,0,0,0,0,0,76844,0,85.20,85.35,85.47
312,0,0,0,0,97016,97016,97016,264,264,264,591,591,591,0.00,0.00,0.00,0.00,0.00,0.00,0.00,0.00,0.00,0.00,0.00,0.00,0.00,0.00,0.00,0.00,0.00,0.00,0.00,0.00,0.00,0,330795,670835,340510,1384604,3225718,0,0,0,0,0,0,0,78254,0,97.82,111.02,128.88
312,1,55,72,88,26028,26028,26028,71251,71251,71251,591,591,591,0.28,0.50,0.83,0.11,0.18,0.25,0.09,0.15,0.28,0.00,0.00,0.00,0.01,0.02,0.02,0.00,0.00,0.00,0.06,0.14,0.21,188682,413171,628966,799281,1513080,3079196,0,0,0,0,0,0,0,244109,0,359.85,374.95,406.21
312,2,0,0,0,26824,54912,97045,234,42366,70455,591,591,591,0.00,0.00,0.00,0.00,0.00,0.00,0.00,0.00,0.00,0.00,0.00,0.00,0.00,0.00,0.00,0.00,0.00,0.00,0.00,0.00,0.00,167737,974736,2879552,180842,2300637,4941367,0,0,0,0,0,0,0,107692,0,150.66,151.53,152.77
312,3,0,0,0,97193,97193,97193,86,86,86,591,591,591,0.00,0.00,0.00,0.00,0.00,0.00,0.00,0.00,0.00,0.00,0.00,0.00,0.00,0.00,0.00,0.00,0.00,0.00,0.00,0.00,0.00,328420,579285,927627,437613,1459392,3346284,0,0,0,0,0,0,0,59571,0,85.04,85.08,85.16
313,0,0,0,0,97016,97016,97016,264,264,264,591,591,591,0.00,0.00,0.00,0.00,0.00,0.00,0.00,0.00,0.00,0.00,0.00,0.00,0.00,0.00,0.00,0.00,0.00,0.00,0.00,0.00,0.00,311792,519125,1014103,327512,533715,1029825,0,0,0,0,0,0,0,78093,0,97.60,97.70,97.82
313,1,28,60,100,26028,26028,26028,71251,71251,71251,591,591,591,0.15,0.41,0.75,0.05,0.15,0.26,0.03,0.11,0.24,0.00,0.00,0.00,0.01,0.02,0.04,0.00,0.00,0.00,0.04,0.12,0.24,345920,547695,723247,786183,1161437,1535719,0,0,0,0,0,0,0,321732,0,324.34,348.14,378.10
313,2,0,0,0,97045,97045,97045,234,234,234,591,591,591,0.00,0.00,0.00,0.00,0.00,0.00,0.00,0.00,0.00,0.00,0.00,0.00,0.00,0.00,0.00,0.00,0.00,0.00,0.00,0.00,0.00,301407,420386,605437,314512,434539,621163,0,0,0,0,0,0,0,121121,0,152.94,154.08,154.78
313,3,0,0,0,97193,97193,97193,86,86,86,591,591,591,0.00,0.00,0.00,0.00,0.00,0.00,0.00,0.00,0.00,0.00,0.00,0.00,0.00,0.00,0.00,0.00,0.00,0.00,0.00,0.00,0.00,414021,421889,440235,429744,435515,453337,0,0,0,0,0,0,0,68130,0,84.87,84.92,84.97
314,0,0,0,0,97016,97016,97016,264,264,264,591,591,591,0.00,0.00,0.00,0.00,0.00,0.00,0.00,0.00,0.00,0.00,0.00,0.00,0.00,0.00,0.00,0.00,0.00,0.00,0.00,0.00,0.00,237586,489826,744110,248068,509216,757211,0,0,0,0,0,0,0,78253,0,97.56,97.65,97.71
314,1,0,25,78,26028,26028,26028,71251,71251,71251,591,591,591,0.00,0.14,0.43,0.00,0.05,0.16,0.00,0.04,0.11,0.00,0.00,0.00,0.00,0.01,0.02,0.00,0.00,0.00,0.00,0.04,0.12,301405,512101,739058,314510,837597,1551498,0,0,0,0,0,0,0,146643,0,212.29,271.82,339.39
314,2,0,0,0,97045,97045,97045,234,234,234,591,591,591,0.00,0.00,0.00,0.00,0.00,0.00,0.00,0.00,0.00,0.00,0.00,0.00,0.00,0.00,0.00,0.00,0.00,0.00,0.00,0.00,0.00,2619,438997,846292,18335,453069,859393,0,0,0,0,0,0,0,76033,0,94.73,116.52,140.88
314,3,0,0,0,97193,97193,97193,86,86,86,591,591,591,0.00,0.00,0.00,0.00,0.00,0.00,0.00,0.00,0.00,0.00,0.00,0.00,0.00,0.00,0.00,0.00,0.00,0.00,0.00,0.00,0.00,273001,587172,1221122,283303,607079,1270911,0,0,0,0,0,0,0,76562,0,84.88,84.97,85.05
315,0,0,0,0,97016,97016,97016,264,264,264,591,591,591,0.00,0.00,0.00,0.00,0.00,0.00,0.00,0.00,0.00,0.00,0.00,0.00,0.00,0.00,0.00,0.00,0.00,0.00,0.00,0.00,0.00,317074,395690,524089,332797,410364,539811,0,0,0,0,0,0,0,88386,0,97.82,97.95,98.12
315,1,0,0,0,26028,26028,26028,71251,71251,71251,591,591,591,0.00,0.00,0.00,0.00,0.00,0.00,0.00,0.00,0.00,0.00,0.00,0.00,0.00,0.00,0.00,0.00,0.00,0.00,0.00,0.00,0.00,314512,399246,626403,330238,412835,639507,0,0,0,0,0,0,0,114445,0,143.22,154.62,191.43
315,2,0,0,0,97045,97045,97045,234,234,234,591,591,591,0.00,0.00,0.00,0.00,0.00,0.00,0.00,0.00,0.00,0.00,0.00,0.00,0.00,0.00,0.00,0.00,0.00,0.00,0.00,0.00,0.00,324928,429738,568598,340651,450701,615763,0,0,0,0,0,0,0,76129,0,94.90,95.07,95.16
315,3,0,0,0,97193,97193,97193,86,86,86,591,591,591,0.00,0.00,0.00,0.00,0.00,0.00,0.00,0.00,0.00,0.00,0.00,0.00,0.00,0.00,0.00,0.00,0.00,0.00,0.00,0.00,0.00,427130,491061,623653,440232,505211,636755,0,0,0,0,0,0,0,67737,0,84.66,84.86,85.01
316,0,0,0,0,97272,97272,97274,6,7,8,591,591,591,0.00,0.00,0.00,0.00,0.00,0.00,0.00,0.00,0.00,0.00,0.00,0.00,0.00,0.00,0.00,0.00,0.00,0.00,0.00,0.00,0.00,302890,494505,990516,337998,1231264,3391851,0,0,0,0,0,0,0,78743,0,98.11,98.20,98.27
316,1,0,0,0,27016,27016,27018,70261,70262,70263,591,591,591,0.00,0.00,0.00,0.00,0.00,0.00,0.00,0.00,0.00,0.00,0.00,0.00,0.00,0.00,0.00,0.00,0.00,0.00,0.00,0.00,0.00,309270,998018,3137141,324994,1883671,4706911,0,0,0,0,0,0,0,115271,0,142.87,143.17,143.93
316,2,0,0,0,97269,97269,97271,8,9,10,591,591,591,0.00,0.00,0.00,0.00,0.00,0.00,0.00,0.00,0.00,0.00,0.00,0.00,0.00,0.00,0.00,0.00,0.00,0.00,0.00,0.00,0.00,314447,404347,639385,327551,751977,1693253,0,0,0,0,0,0,0,75986,0,94.85,94.92,95.08
316,3,0,0,0,97265,97265,97265,14,14,14,591,591,591,0.00,0.00,0.00,0.00,0.00,0.00,0.00,0.00,0.00,0.00,0.00,0.00,0.00,0.00,0.00,0.00,0.00,0.00,0.00,0.00,0.00,429744,465376,500499,442850,592206,1029838,0,0,0,0,0,0,0,67898,0,84.48,84.54,84.63
317,0,0,0,0,97274,97274,97274,6,6,6,591,591,591,0.00,0.00,0.00,0.00,0.00,0.00,0.00,0.00,0.00,0.00,0.00,0.00,0.00,0.00,0.00,0.00,0.00,0.00,0.00,0.00,0.00,324924,710301,1939938,343267,1517672,3762929,0,0,0,0,0,0,0,58985,0,98.19,98.27,98.33
317,1,0,0,0,97270,97270,97270,9,9,9,591,591,591,0.00,0.00,0.00,0.00,0.00,0.00,0.00,0.00,0.00,0.00,0.00,0.00,0.00,0.00,0.00,0.00,0.00,0.00,0.00,0.00,0.00,322375,1094679,2797432,340722,1849794,4727870,0,0,0,0,0,0,0,102762,0,144.75,146.03,146.88
317,2,0,0,0,97271,97271,97271,8,8,8,591,591,591,0.00,0.00,0.00,0.00,0.00,0.00,0.00,0.00,0.00,0.00,0.00,0.00,0.00,0.00,0.00,0.00,0.00,0.00,0.00,0.00,0.00,340655,1003863,2779996,358998,2178793,5195790,0,0,0,0,0,0,0,66426,0,94.78,94.81,94.84
317,3,0,0,0,97267,97267,97267,12,12,12,591,591,591,0.00,0.00,0.00,0.00,0.00,0.00,0.00,0.00,0.00,0.00,0.00,0.00,0.00,0.00,0.00,0.00,0.00,0.00,0.00,0.00,0.00,125756,902431,2054357,141476,2319064,5673065,0,0,0,0,0,0,0,67659,0,84.52,84.60,84.67
319,0,0,0,0,97274,97274,97274,6,6,6,591,591,591,0.00,0.00,0.00,0.00,0.00,0.00,0.00,0.00,0.00,0.00,0.00,0.00,0.00,0.00,0.00,0.00,0.00,0.00,0.00,0.00,0.00,110058,342690,495260,128401,419528,945982,0,0,0,0,0,0,0,186400,0,97.91,98.02,98.13
319,1,0,0,0,97270,97270,97270,9,9,9,591,591,591,0.00,0.00,0.00,0.00,0.00,0.00,0.00,0.00,0.00,0.00,0.00,0.00,0.00,0.00,0.00,0.00,0.00,0.00,0.00,0.00,0.00,304026,383473,566017,322372,401791,584360,0,0,0,0,0,0,0,221452,0,101.19,134.15,146.68
319,2,0,0,0,97271,97271,97271,8,8,8,591,591,591,0.00,0.00,0.00,0.00,0.00,0.00,0.00,0.00,0.00,0.00,0.00,0.00,0.00,0.00,0.00,0.00,0.00,0.00,0.00,0.00,0.00,322308,357159,432374,340654,379374,450717,0,0,0,0,0,0,0,170893,0,94.78,94.91,95.08
319,3,0,0,0,97267,97267,97267,12,12,12,591,591,591,0.00,0.00,0.00,0.00,0.00,0.00,0.00,0.00,0.00,0.00,0.00,0.00,0.00,0.00,0.00,0.00,0.00,0.00,0.00,0.00,0.00,424504,479273,746815,442847,497878,770399,0,0,0,0,0,0,0,135349,0,84.38,84.55,84.73
320,0,0,0,0,97274,97274,97274,6,6,6,591,591,591,0.00,0.00,0.00,0.00,0.00,0.00,0.00,0.00,0.00,0.00,0.00,0.00,0.00,0.00,0.00,0.00,0.00,0.00,0.00,0.00,0.00,310526,490289,927639,331057,467193,741551,0,0,0,0,0,0,0,78392,0,97.86,97.97,98.05
320,1,0,0,0,97270,97270,97270,9,9,9,591,591,591,0.00,0.00,0.00,0.00,0.00,0.00,0.00,0.00,0.00,0.00,0.00,0.00,0.00,0.00,0.00,0.00,0.00,0.00,0.00,0.00,0.00,112681,285106,406170,131025,302925,424513,0,0,0,0,0,0,0,80214,0,89.11,89.25,89.71
320,2,0,0,0,97271,97271,97271,8,8,8,591,591,591,0.00,0.00,0.00,0.00,0.00,0.00,0.00,0.00,0.00,0.00,0.00,0.00,0.00,0.00,0.00,0.00,0.00,0.00,0.00,0.00,0.00,324935,407217,579106,340651,374201,500511,0,0,0,0,0,0,0,76018,0,94.88,94.93,94.98
320,3,0,0,0,97267,97267,97267,12,12,12,591,591,591,0.00,0.00,0.00,0.00,0.00,0.00,0.00,0.00,0.00,0.00,0.00,0.00,0.00,0.00,0.00,0.00,0.00,0.00,0.00,0.00,0.00,416655,455435,568640,434999,473778,586983,0,0,0,0,0,0,0,67794,0,84.61,84.67,84.70
