timestamp,gpuId,DCGM_FI_DEV_GPU_UTIL_min,DCGM_FI_DEV_GPU_UTIL_avg,DCGM_FI_DEV_GPU_UTIL_max,DCGM_FI_DEV_FB_FREE_min,DCGM_FI_DEV_FB_FREE_avg,DCGM_FI_DEV_FB_FREE_max,DCGM_FI_DEV_FB_USED_min,DCGM_FI_DEV_FB_USED_avg,DCGM_FI_DEV_FB_USED_max,DCGM_FI_DEV_FB_RESERVED_min,DCGM_FI_DEV_FB_RESERVED_avg,DCGM_FI_DEV_FB_RESERVED_max,DCGM_FI_PROF_SM_ACTIVE_min,DCGM_FI_PROF_SM_ACTIVE_avg,DCGM_FI_PROF_SM_ACTIVE_max,DCGM_FI_PROF_SM_OCCUPANCY_min,DCGM_FI_PROF_SM_OCCUPANCY_avg,DCGM_FI_PROF_SM_OCCUPANCY_max,DCGM_FI_PROF_PIPE_TENSOR_ACTIVE_min,DCGM_FI_PROF_PIPE_TENSOR_ACTIVE_avg,DCGM_FI_PROF_PIPE_TENSOR_ACTIVE_max,DCGM_FI_PROF_PIPE_FP64_ACTIVE_min,DCGM_FI_PROF_PIPE_FP64_ACTIVE_avg,DCGM_FI_PROF_PIPE_FP64_ACTIVE_max,DCGM_FI_PROF_PIPE_FP32_ACTIVE_min,DCGM_FI_PROF_PIPE_FP32_ACTIVE_avg,DCGM_FI_PROF_PIPE_FP32_ACTIVE_max,DCGM_FI_PROF_PIPE_FP16_ACTIVE_min,DCGM_FI_PROF_PIPE_FP16_ACTIVE_avg,DCGM_FI_PROF_PIPE_FP16_ACTIVE_max,DCGM_FI_PROF_DRAM_ACTIVE_min,DCGM_FI_PROF_DRAM_ACTIVE_avg,DCGM_FI_PROF_DRAM_ACTIVE_max,DCGM_FI_PROF_PCIE_TX_BYTES_min,DCGM_FI_PROF_PCIE_TX_BYTES_avg,DCGM_FI_PROF_PCIE_TX_BYTES_max,DCGM_FI_PROF_PCIE_RX_BYTES_min,DCGM_FI_PROF_PCIE_RX_BYTES_avg,DCGM_FI_PROF_PCIE_RX_BYTES_max,DCGM_FI_PROF_NVLINK_RX_BYTES_min,DCGM_FI_PROF_NVLINK_RX_BYTES_avg,DCGM_FI_PROF_NVLINK_RX_BYTES_max,DCGM_FI_PROF_NVLINK_TX_BYTES_min,DCGM_FI_PROF_NVLINK_TX_BYTES_avg,DCGM_FI_PROF_NVLINK_TX_BYTES_max,DCGM_FI_DEV_TOTAL_ENERGY_CONSUMPTION_min,DCGM_FI_DEV_TOTAL_ENERGY_CONSUMPTION_avg,DCGM_FI_DEV_TOTAL_ENERGY_CONSUMPTION_max,DCGM_FI_DEV_POWER_USAGE_min,DCGM_FI_DEV_POWER_USAGE_avg,DCGM_FI_DEV_POWER_USAGE_max
1,0,0,0,0,97272,97272,97272,7,7,7,591,591,591,0.00,0.00,0.00,0.00,0.00,0.00,0.00,0.00,0.00,0.00,0.00,0.00,0.00,0.00,0.00,0.00,0.00,0.00,0.00,0.00,0.00,311849,352059,392270,327573,364274,400975,0,0,0,0,0,0,0,18126,0,90.66,90.69,90.72
1,1,0,0,0,97274,97274,97274,5,5,5,591,591,591,0.00,0.00,0.00,0.00,0.00,0.00,0.00,0.00,0.00,0.00,0.00,0.00,0.00,0.00,0.00,0.00,0.00,0.00,0.00,0.00,0.00,415104,930824,1446544,423339,962457,1501576,0,0,0,0,0,0,0,20181,0,100.64,100.65,100.65
1,2,0,0,0,97274,97274,97274,5,5,5,591,591,591,0.00,0.00,0.00,0.00,0.00,0.00,0.00,0.00,0.00,0.00,0.00,0.00,0.00,0.00,0.00,0.00,0.00,0.00,0.00,0.00,0.00,381551,1274341,2167132,389464,1309743,2230023,0,0,0,0,0,0,0,17809,0,89.14,89.18,89.22
1,3,0,0,0,97274,97274,97274,5,5,5,591,591,591,0.00,0.00,0.00,0.00,0.00,0.00,0.00,0.00,0.00,0.00,0.00,0.00,0.00,0.00,0.00,0.00,0.00,0.00,0.00,0.00,0.00,520365,1773147,3025930,528393,1808627,3088861,0,0,0,0,0,0,0,18864,0,93.92,93.94,93.96
2,0,0,0,0,97272,97272,97272,7,7,7,591,591,591,0.00,0.00,0.00,0.00,0.00,0.00,0.00,0.00,0.00,0.00,0.00,0.00,0.00,0.00,0.00,0.00,0.00,0.00,0.00,0.00,0.00,322282,419270,697075,340623,437613,715420,0,0,0,0,0,0,0,72566,0,90.44,90.53,90.62
2,1,0,0,0,97274,97274,97274,5,5,5,591,591,591,0.00,0.00,0.00,0.00,0.00,0.00,0.00,0.00,0.00,0.00,0.00,0.00,0.00,0.00,0.00,0.00,0.00,0.00,0.00,0.00,0.00,319699,360582,448107,338043,378401,463830,0,0,0,0,0,0,0,80614,0,100.53,100.61,100.69
2,2,0,0,0,97274,97274,97274,5,5,5,591,591,591,0.00,0.00,0.00,0.00,0.00,0.00,0.00,0.00,0.00,0.00,0.00,0.00,0.00,0.00,0.00,0.00,0.00,0.00,0.00,0.00,0.00,327467,398559,514950,345805,416815,530246,0,0,0,0,0,0,0,71504,0,89.00,89.05,89.10
2,3,0,0,0,97274,97274,97274,5,5,5,591,591,591,0.00,0.00,0.00,0.00,0.00,0.00,0.00,0.00,0.00,0.00,0.00,0.00,0.00,0.00,0.00,0.00,0.00,0.00,0.00,0.00,0.00,390363,513748,710149,411322,532074,728492,0,0,0,0,0,0,0,75382,0,93.99,94.04,94.09
3,0,0,0,0,97272,97272,97272,7,7,7,591,591,591,0.00,0.00,0.00,0.00,0.00,0.00,0.00,0.00,0.00,0.00,0.00,0.00,0.00,0.00,0.00,0.00,0.00,0.00,0.00,0.00,0.00,322331,359529,429756,340675,377872,448100,0,0,0,0,0,0,0,72719,0,90.45,90.55,90.64
3,1,0,0,0,97274,97274,97274,5,5,5,591,591,591,0.00,0.00,0.00,0.00,0.00,0.00,0.00,0.00,0.00,0.00,0.00,0.00,0.00,0.00,0.00,0.00,0.00,0.00,0.00,0.00,0.00,317082,332280,343287,335426,351148,361630,0,0,0,0,0,0,0,80643,0,100.55,100.58,100.62
3,2,0,0,0,97274,97274,97274,5,5,5,591,591,591,0.00,0.00,0.00,0.00,0.00,0.00,0.00,0.00,0.00,0.00,0.00,0.00,0.00,0.00,0.00,0.00,0.00,0.00,0.00,0.00,0.00,324935,402502,623672,345898,420320,639395,0,0,0,0,0,0,0,80310,0,89.08,89.09,89.11
3,3,0,0,0,97274,97274,97274,5,5,5,591,591,591,0.00,0.00,0.00,0.00,0.00,0.00,0.00,0.00,0.00,0.00,0.00,0.00,0.00,0.00,0.00,0.00,0.00,0.00,0.00,0.00,0.00,429706,516744,718010,445427,534562,736354,0,0,0,0,0,0,0,84759,0,93.96,94.02,94.11
4,0,0,0,0,97272,97272,97272,7,7,7,591,591,591,0.00,0.00,0.00,0.00,0.00,0.00,0.00,0.00,0.00,0.00,0.00,0.00,0.00,0.00,0.00,0.00,0.00,0.00,0.00,0.00,0.00,306607,398833,597448,327572,418748,621032,0,0,0,0,0,0,0,82085,0,90.62,90.72,90.88
4,1,0,0,0,97274,97274,97274,5,5,5,591,591,591,0.00,0.00,0.00,0.00,0.00,0.00,0.00,0.00,0.00,0.00,0.00,0.00,0.00,0.00,0.00,0.00,0.00,0.00,0.00,0.00,0.00,327552,415998,607942,345895,435354,631526,0,0,0,0,0,0,0,90728,0,100.60,100.61,100.64
4,2,0,0,0,97274,97274,97274,5,5,5,591,591,591,0.00,0.00,0.00,0.00,0.00,0.00,0.00,0.00,0.00,0.00,0.00,0.00,0.00,0.00,0.00,0.00,0.00,0.00,0.00,0.00,0.00,7861,458054,953846,26204,477445,972189,0,0,0,0,0,0,0,71606,0,89.06,89.07,89.11
4,3,0,0,0,97274,97274,97274,5,5,5,591,591,591,0.00,0.00,0.00,0.00,0.00,0.00,0.00,0.00,0.00,0.00,0.00,0.00,0.00,0.00,0.00,0.00,0.00,0.00,0.00,0.00,0.00,0,598510,1291882,18343,618426,1312846,0,0,0,0,0,0,0,75719,0,93.91,94.05,94.29
5,0,0,0,0,97272,97272,97272,7,7,7,591,591,591,0.00,0.00,0.00,0.00,0.00,0.00,0.00,0.00,0.00,0.00,0.00,0.00,0.00,0.00,0.00,0.00,0.00,0.00,0.00,0.00,0.00,0,426356,1097593,36280,447753,1115544,0,0,0,0,0,0,0,72677,0,90.77,90.92,91.02
5,1,0,0,0,97274,97274,97274,5,5,5,591,591,591,0.00,0.00,0.00,0.00,0.00,0.00,0.00,0.00,0.00,0.00,0.00,0.00,0.00,0.00,0.00,0.00,0.00,0.00,0.00,0.00,0.00,0,421372,843806,18343,439715,859529,0,0,0,0,0,0,0,80635,0,100.59,100.63,100.67
5,2,0,0,0,97274,97274,97274,5,5,5,591,591,591,0.00,0.00,0.00,0.00,0.00,0.00,0.00,0.00,0.00,0.00,0.00,0.00,0.00,0.00,0.00,0.00,0.00,0.00,0.00,0.00,0.00,320106,437611,701846,338032,455900,719908,0,0,0,0,0,0,0,53550,0,89.05,89.12,89.19
5,3,0,0,0,97274,97274,97274,5,5,5,591,591,591,0.00,0.00,0.00,0.00,0.00,0.00,0.00,0.00,0.00,0.00,0.00,0.00,0.00,0.00,0.00,0.00,0.00,0.00,0.00,0.00,0.00,421895,526843,817588,442859,545126,835932,0,0,0,0,0,0,0,56512,0,94.19,94.35,94.49
6,0,0,0,0,97272,97272,97272,7,7,7,591,591,591,0.00,0.00,0.00,0.00,0.00,0.00,0.00,0.00,0.00,0.00,0.00,0.00,0.00,0.00,0.00,0.00,0.00,0.00,0.00,0.00,0.00,319701,429233,683940,340665,447576,702284,0,0,0,0,0,0,0,54485,0,90.49,90.54,90.63
6,1,0,0,0,97274,97274,97274,5,5,5,591,591,591,0.00,0.00,0.00,0.00,0.00,0.00,0.00,0.00,0.00,0.00,0.00,0.00,0.00,0.00,0.00,0.00,0.00,0.00,0.00,0.00,0.00,324936,365812,411415,343280,384680,432379,0,0,0,0,0,0,0,60456,0,100.50,100.54,100.58
6,2,0,0,0,97274,97274,97274,5,5,5,591,591,591,0.00,0.00,0.00,0.00,0.00,0.00,0.00,0.00,0.00,0.00,0.00,0.00,0.00,0.00,0.00,0.00,0.00,0.00,0.00,0.00,0.00,327526,370001,440239,345868,388344,458582,0,0,0,0,0,0,0,71507,0,89.02,89.08,89.14
6,3,0,0,0,97274,97274,97274,5,5,5,591,591,591,0.00,0.00,0.00,0.00,0.00,0.00,0.00,0.00,0.00,0.00,0.00,0.00,0.00,0.00,0.00,0.00,0.00,0.00,0.00,0.00,0.00,395636,473905,547676,410951,492805,568640,0,0,0,0,0,0,0,75268,0,93.95,94.00,94.03
7,0,0,0,0,97272,97272,97272,7,7,7,591,591,591,0.00,0.00,0.00,0.00,0.00,0.00,0.00,0.00,0.00,0.00,0.00,0.00,0.00,0.00,0.00,0.00,0.00,0.00,0.00,0.00,0.00,314423,386076,441974,330144,403546,455949,0,0,0,0,0,0,0,72660,0,90.54,90.56,90.59
7,1,0,0,0,97274,97274,97274,5,5,5,591,591,591,0.00,0.00,0.00,0.00,0.00,0.00,0.00,0.00,0.00,0.00,0.00,0.00,0.00,0.00,0.00,0.00,0.00,0.00,0.00,0.00,0.00,308048,360405,440014,328415,378155,456211,0,0,0,0,0,0,0,80577,0,100.49,100.51,100.53
7,2,0,0,0,97274,97274,97274,5,5,5,591,591,591,0.00,0.00,0.00,0.00,0.00,0.00,0.00,0.00,0.00,0.00,0.00,0.00,0.00,0.00,0.00,0.00,0.00,0.00,0.00,0.00,0.00,324937,499983,927638,343281,518850,945981,0,0,0,0,0,0,0,71430,0,89.12,89.14,89.15
7,3,0,0,0,97274,97274,97274,5,5,5,591,591,591,0.00,0.00,0.00,0.00,0.00,0.00,0.00,0.00,0.00,0.00,0.00,0.00,0.00,0.00,0.00,0.00,0.00,0.00,0.00,0.00,0.00,429754,737919,1519873,445477,755738,1540837,0,0,0,0,0,0,0,84776,0,94.00,94.08,94.16
8,0,0,0,0,97272,97272,97272,7,7,7,591,591,591,0.00,0.00,0.00,0.00,0.00,0.00,0.00,0.00,0.00,0.00,0.00,0.00,0.00,0.00,0.00,0.00,0.00,0.00,0.00,0.00,0.00,18343,411997,1124258,36686,429675,1139730,0,0,0,0,0,0,0,81735,0,90.49,90.53,90.57
8,1,0,0,0,97274,97274,97274,5,5,5,591,591,591,0.00,0.00,0.00,0.00,0.00,0.00,0.00,0.00,0.00,0.00,0.00,0.00,0.00,0.00,0.00,0.00,0.00,0.00,0.00,0.00,0.00,327562,411944,660368,343285,430288,678712,0,0,0,0,0,0,0,90716,0,100.54,100.57,100.59
8,2,0,0,0,97274,97274,97274,5,5,5,591,591,591,0.00,0.00,0.00,0.00,0.00,0.00,0.00,0.00,0.00,0.00,0.00,0.00,0.00,0.00,0.00,0.00,0.00,0.00,0.00,0.00,0.00,237586,382135,542441,249815,398671,560784,0,0,0,0,0,0,0,71445,0,89.02,89.04,89.07
8,3,0,0,0,97274,97274,97274,5,5,5,591,591,591,0.00,0.00,0.00,0.00,0.00,0.00,0.00,0.00,0.00,0.00,0.00,0.00,0.00,0.00,0.00,0.00,0.00,0.00,0.00,0.00,0.00,419231,463814,542436,437572,482157,560779,0,0,0,0,0,0,0,75552,0,93.86,93.96,94.07
9,0,0,0,0,97272,97272,97272,7,7,7,591,591,591,0.00,0.00,0.00,0.00,0.00,0.00,0.00,0.00,0.00,0.00,0.00,0.00,0.00,0.00,0.00,0.00,0.00,0.00,0.00,0.00,0.00,324936,409090,689211,343279,427529,707555,0,0,0,0,0,0,0,73077,0,90.63,90.84,90.97
9,1,0,0,0,97274,97274,97274,5,5,5,591,591,591,0.00,0.00,0.00,0.00,0.00,0.00,0.00,0.00,0.00,0.00,0.00,0.00,0.00,0.00,0.00,0.00,0.00,0.00,0.00,0.00,0.00,330181,364766,437626,345904,383109,455970,0,0,0,0,0,0,0,80562,0,100.48,100.51,100.54
9,2,0,0,0,97274,97274,97274,5,5,5,591,591,591,0.00,0.00,0.00,0.00,0.00,0.00,0.00,0.00,0.00,0.00,0.00,0.00,0.00,0.00,0.00,0.00,0.00,0.00,0.00,0.00,0.00,335418,385932,476391,353761,404823,498045,0,0,0,0,0,0,0,71421,0,89.03,89.08,89.12
9,3,0,0,0,97274,97274,97274,5,5,5,591,591,591,0.00,0.00,0.00,0.00,0.00,0.00,0.00,0.00,0.00,0.00,0.00,0.00,0.00,0.00,0.00,0.00,0.00,0.00,0.00,0.00,0.00,270150,419778,544027,282195,436864,561991,0,0,0,0,0,0,0,75824,0,94.23,94.43,94.63
10,0,0,0,0,97272,97272,97272,7,7,7,591,591,591,0.00,0.00,0.00,0.00,0.00,0.00,0.00,0.00,0.00,0.00,0.00,0.00,0.00,0.00,0.00,0.00,0.00,0.00,0.00,0.00,0.00,317090,357949,424512,332814,376292,442855,0,0,0,0,0,0,0,72454,0,90.48,90.72,91.01
10,1,0,0,0,97274,97274,97274,5,5,5,591,591,591,0.00,0.00,0.00,0.00,0.00,0.00,0.00,0.00,0.00,0.00,0.00,0.00,0.00,0.00,0.00,0.00,0.00,0.00,0.00,0.00,0.00,214877,309743,343287,227106,326340,361631,0,0,0,0,0,0,0,80673,0,100.55,100.62,100.66
10,2,0,0,0,97274,97274,97274,5,5,5,591,591,591,0.00,0.00,0.00,0.00,0.00,0.00,0.00,0.00,0.00,0.00,0.00,0.00,0.00,0.00,0.00,0.00,0.00,0.00,0.00,0.00,0.00,335416,477447,977433,353759,495790,995776,0,0,0,0,0,0,0,80351,0,89.03,89.09,89.13
10,3,0,0,0,97274,97274,97274,5,5,5,591,591,591,0.00,0.00,0.00,0.00,0.00,0.00,0.00,0.00,0.00,0.00,0.00,0.00,0.00,0.00,0.00,0.00,0.00,0.00,0.00,0.00,0.00,421895,612663,1231614,437618,630482,1247337,0,0,0,0,0,0,0,84745,0,94.09,94.28,94.48
11,0,0,0,0,97272,97272,97272,7,7,7,591,591,591,0.00,0.00,0.00,0.00,0.00,0.00,0.00,0.00,0.00,0.00,0.00,0.00,0.00,0.00,0.00,0.00,0.00,0.00,0.00,0.00,0.00,15722,293664,443727,34066,310609,457703,0,0,0,0,0,0,0,81537,0,90.34,90.40,90.44
11,1,0,0,0,97274,97274,97274,5,5,5,591,591,591,0.00,0.00,0.00,0.00,0.00,0.00,0.00,0.00,0.00,0.00,0.00,0.00,0.00,0.00,0.00,0.00,0.00,0.00,0.00,0.00,0.00,314542,361541,448109,332443,379811,463832,0,0,0,0,0,0,0,90598,0,100.60,100.62,100.66
11,2,0,0,0,97274,97274,97274,5,5,5,591,591,591,0.00,0.00,0.00,0.00,0.00,0.00,0.00,0.00,0.00,0.00,0.00,0.00,0.00,0.00,0.00,0.00,0.00,0.00,0.00,0.00,0.00,330176,376815,455962,345900,394634,471685,0,0,0,0,0,0,0,71428,0,89.00,89.03,89.06
11,3,0,0,0,97274,97274,97274,5,5,5,591,591,591,0.00,0.00,0.00,0.00,0.00,0.00,0.00,0.00,0.00,0.00,0.00,0.00,0.00,0.00,0.00,0.00,0.00,0.00,0.00,0.00,0.00,424467,460668,539821,445428,479535,555544,0,0,0,0,0,0,0,75519,0,94.06,94.19,94.29
12,0,0,0,0,97272,97272,97272,7,7,7,591,591,591,0.00,0.00,0.00,0.00,0.00,0.00,0.00,0.00,0.00,0.00,0.00,0.00,0.00,0.00,0.00,0.00,0.00,0.00,0.00,0.00,0.00,305911,529508,1132057,323906,547767,1150400,0,0,0,0,0,0,0,72617,0,90.39,90.44,90.47
12,1,0,0,0,97274,97274,97274,5,5,5,591,591,591,0.00,0.00,0.00,0.00,0.00,0.00,0.00,0.00,0.00,0.00,0.00,0.00,0.00,0.00,0.00,0.00,0.00,0.00,0.00,0.00,0.00,327562,522132,828087,345906,540476,846431,0,0,0,0,0,0,0,80626,0,100.62,100.63,100.64
12,2,0,0,0,97274,97274,97274,5,5,5,591,591,591,0.00,0.00,0.00,0.00,0.00,0.00,0.00,0.00,0.00,0.00,0.00,0.00,0.00,0.00,0.00,0.00,0.00,0.00,0.00,0.00,0.00,219740,398847,550301,230041,416382,568644,0,0,0,0,0,0,0,53643,0,89.11,89.13,89.16
12,3,0,0,0,97274,97274,97274,5,5,5,591,591,591,0.00,0.00,0.00,0.00,0.00,0.00,0.00,0.00,0.00,0.00,0.00,0.00,0.00,0.00,0.00,0.00,0.00,0.00,0.00,0.00,0.00,411414,457927,550294,432378,476270,568637,0,0,0,0,0,0,0,56592,0,93.94,94.01,94.15
13,0,0,0,0,97271,97271,97272,7,7,8,591,591,591,0.00,0.00,0.00,0.00,0.00,0.00,0.00,0.00,0.00,0.00,0.00,0.00,0.00,0.00,0.00,0.00,0.00,0.00,0.00,0.00,0.00,324939,412941,691803,343283,431282,710147,0,0,0,0,0,0,0,54825,0,90.52,90.67,90.87
13,1,0,0,0,97274,97274,97274,5,5,5,591,591,591,0.00,0.00,0.00,0.00,0.00,0.00,0.00,0.00,0.00,0.00,0.00,0.00,0.00,0.00,0.00,0.00,0.00,0.00,0.00,0.00,0.00,317083,345906,406178,335426,364249,424522,0,0,0,0,0,0,0,60424,0,100.50,100.55,100.61
13,2,0,0,0,97274,97274,97274,5,5,5,591,591,591,0.00,0.00,0.00,0.00,0.00,0.00,0.00,0.00,0.00,0.00,0.00,0.00,0.00,0.00,0.00,0.00,0.00,0.00,0.00,0.00,0.00,313162,344060,419232,329221,362470,437573,0,0,0,0,0,0,0,80399,0,89.03,89.08,89.13
13,3,0,0,0,97274,97274,97274,5,5,5,591,591,591,0.00,0.00,0.00,0.00,0.00,0.00,0.00,0.00,0.00,0.00,0.00,0.00,0.00,0.00,0.00,0.00,0.00,0.00,0.00,0.00,0.00,305699,412748,521476,317927,429819,537199,0,0,0,0,0,0,0,85313,0,94.13,94.42,94.60
15,0,0,0,0,97269,97270,97271,8,9,10,591,591,591,0.00,0.00,0.00,0.00,0.00,0.00,0.00,0.00,0.00,0.00,0.00,0.00,0.00,0.00,0.00,0.00,0.00,0.00,0.00,0.00,0.00,3275105,7366209,11457313,3320957,7419636,11518315,0,0,0,0,0,0,0,127780,0,91.07,91.09,91.12
15,1,0,0,0,97274,97274,97274,5,5,5,591,591,591,0.00,0.00,0.00,0.00,0.00,0.00,0.00,0.00,0.00,0.00,0.00,0.00,0.00,0.00,0.00,0.00,0.00,0.00,0.00,0.00,0.00,1998071,2692632,3387193,2053136,2757822,3462508,0,0,0,0,0,0,0,20209,0,100.64,100.68,100.73
15,2,0,0,0,97274,97274,97274,5,5,5,591,591,591,0.00,0.00,0.00,0.00,0.00,0.00,0.00,0.00,0.00,0.00,0.00,0.00,0.00,0.00,0.00,0.00,0.00,0.00,0.00,0.00,0.00,1894588,2484186,3073785,1952238,2533320,3114402,0,0,0,0,0,0,0,17898,0,89.05,89.09,89.12
15,3,0,0,0,97274,97274,97274,5,5,5,591,591,591,0.00,0.00,0.00,0.00,0.00,0.00,0.00,0.00,0.00,0.00,0.00,0.00,0.00,0.00,0.00,0.00,0.00,0.00,0.00,0.00,0.00,0,1901791,3803582,5240,1942169,3879099,0,0,0,0,0,0,0,18961,0,94.63,94.64,94.66
16,0,0,0,0,97269,97269,97269,10,10,10,591,591,591,0.00,0.00,0.00,0.00,0.00,0.00,0.00,0.00,0.00,0.00,0.00,0.00,0.00,0.00,0.00,0.00,0.00,0.00,0.00,0.00,0.00,3732455,4168508,4763960,3782238,3936288,4090339,0,0,0,0,0,0,0,72538,0,90.68,90.89,91.10
16,1,0,0,0,97271,97271,97271,8,8,8,591,591,591,0.00,0.00,0.00,0.00,0.00,0.00,0.00,0.00,0.00,0.00,0.00,0.00,0.00,0.00,0.00,0.00,0.00,0.00,0.00,0.00,0.00,0,4280629,8561258,0,4376190,8752381,0,0,0,0,0,0,0,70333,0,100.58,100.62,100.66
16,2,0,0,0,97274,97274,97274,5,5,5,591,591,591,0.00,0.00,0.00,0.00,0.00,0.00,0.00,0.00,0.00,0.00,0.00,0.00,0.00,0.00,0.00,0.00,0.00,0.00,0.00,0.00,0.00,536348,2502912,4469477,654396,2587240,4520085,0,0,0,0,0,0,0,71308,0,89.04,89.08,89.12
16,3,0,0,0,97274,97274,97274,5,5,5,591,591,591,0.00,0.00,0.00,0.00,0.00,0.00,0.00,0.00,0.00,0.00,0.00,0.00,0.00,0.00,0.00,0.00,0.00,0.00,0.00,0.00,0.00,885727,1356898,1828070,1008017,1439370,1870723,0,0,0,0,0,0,0,65915,0,94.30,94.56,94.74
19,0,0,0,0,97269,97269,97269,10,10,10,591,591,591,0.00,0.00,0.00,0.00,0.00,0.00,0.00,0.00,0.00,0.00,0.00,0.00,0.00,0.00,0.00,0.00,0.00,0.00,0.00,0.00,0.00,788744,2570184,3792613,825429,2667837,3837335,0,0,0,0,0,0,0,235606,0,90.33,90.46,90.65
19,1,0,0,0,97271,97271,97271,8,8,8,591,591,591,0.00,0.00,0.00,0.00,0.00,0.00,0.00,0.00,0.00,0.00,0.00,0.00,0.00,0.00,0.00,0.00,0.00,0.00,0.00,0.00,0.00,2163581,2968627,3398868,2248710,3075549,3467410,0,0,0,0,0,0,0,261609,0,100.58,100.64,100.70
19,2,0,0,0,97272,97272,97272,7,7,7,591,591,591,0.00,0.00,0.00,0.00,0.00,0.00,0.00,0.00,0.00,0.00,0.00,0.00,0.00,0.00,0.00,0.00,0.00,0.00,0.00,0.00,0.00,0,3287930,6592967,0,3221902,6771120,0,0,0,0,0,0,0,231557,0,89.01,89.09,89.16
19,3,0,0,0,97272,97273,97274,5,6,7,591,591,591,0.00,0.00,0.00,0.00,0.00,0.00,0.00,0.00,0.00,0.00,0.00,0.00,0.00,0.00,0.00,0.00,0.00,0.00,0.00,0.00,0.00,2643174,4822128,6330020,2735439,4930981,6446388,0,0,0,0,0,0,0,244259,0,93.88,93.96,94.03
20,0,0,0,0,97269,97269,97269,10,10,10,591,591,591,0.00,0.00,0.00,0.00,0.00,0.00,0.00,0.00,0.00,0.00,0.00,0.00,0.00,0.00,0.00,0.00,0.00,0.00,0.00,0.00,0.00,327557,630482,1187075,338039,670313,1331201,0,0,0,0,0,0,0,73125,0,90.73,90.85,90.99
20,1,0,0,0,97271,97271,97271,8,8,8,591,591,591,0.00,0.00,0.00,0.00,0.00,0.00,0.00,0.00,0.00,0.00,0.00,0.00,0.00,0.00,0.00,0.00,0.00,0.00,0.00,0.00,0.00,322322,460856,983560,335424,498615,1119947,0,0,0,0,0,0,0,81145,0,100.68,100.86,101.15
20,2,0,0,0,97272,97272,97272,7,7,7,591,591,591,0.00,0.00,0.00,0.00,0.00,0.00,0.00,0.00,0.00,0.00,0.00,0.00,0.00,0.00,0.00,0.00,0.00,0.00,0.00,0.00,0.00,327555,754469,2286553,343278,802185,2467485,0,0,0,0,0,0,0,80638,0,89.01,89.14,89.26
20,3,0,0,0,97272,97272,97272,7,7,7,591,591,591,0.00,0.00,0.00,0.00,0.00,0.00,0.00,0.00,0.00,0.00,0.00,0.00,0.00,0.00,0.00,0.00,0.00,0.00,0.00,0.00,0.00,419091,956782,2950284,434807,1001021,3119095,0,0,0,0,0,0,0,77193,0,94.34,95.10,95.83
21,0,0,0,0,97269,97269,97269,10,10,10,591,591,591,0.00,0.00,0.00,0.00,0.00,0.00,0.00,0.00,0.00,0.00,0.00,0.00,0.00,0.00,0.00,0.00,0.00,0.00,0.00,0.00,0.00,319703,1306362,3274447,335419,1327325,3311130,0,0,0,0,0,0,0,72677,0,90.74,90.84,90.95
21,1,0,0,0,97271,97271,97271,8,8,8,591,591,591,0.00,0.00,0.00,0.00,0.00,0.00,0.00,0.00,0.00,0.00,0.00,0.00,0.00,0.00,0.00,0.00,0.00,0.00,0.00,0.00,0.00,330184,1293561,3207216,345907,1314898,3242402,0,0,0,0,0,0,0,80505,0,100.60,100.94,101.14
21,2,0,0,0,97272,97272,97272,7,7,7,591,591,591,0.00,0.00,0.00,0.00,0.00,0.00,0.00,0.00,0.00,0.00,0.00,0.00,0.00,0.00,0.00,0.00,0.00,0.00,0.00,0.00,0.00,7861,1566300,4269147,23583,1589003,4311053,0,0,0,0,0,0,0,71294,0,89.13,89.25,89.34
21,3,0,0,0,97272,97272,97272,7,7,7,591,591,591,0.00,0.00,0.00,0.00,0.00,0.00,0.00,0.00,0.00,0.00,0.00,0.00,0.00,0.00,0.00,0.00,0.00,0.00,0.00,0.00,0.00,427131,1123091,2496668,440233,1141308,2525116,0,0,0,0,0,0,0,75181,0,94.11,95.00,95.67
22,0,0,0,0,97269,97269,97269,10,10,10,591,591,591,0.00,0.00,0.00,0.00,0.00,0.00,0.00,0.00,0.00,0.00,0.00,0.00,0.00,0.00,0.00,0.00,0.00,0.00,0.00,0.00,0.00,322316,701760,1042989,340659,732157,1056092,0,0,0,0,0,0,0,82470,0,90.78,91.00,91.18
22,1,0,0,0,97271,97271,97271,8,8,8,591,591,591,0.00,0.00,0.00,0.00,0.00,0.00,0.00,0.00,0.00,0.00,0.00,0.00,0.00,0.00,0.00,0.00,0.00,0.00,0.00,0.00,0.00,327555,621584,1001047,340657,652507,1045596,0,0,0,0,0,0,0,91125,0,100.66,100.81,100.95
22,2,0,0,0,97272,97272,97272,7,7,7,591,591,591,0.00,0.00,0.00,0.00,0.00,0.00,0.00,0.00,0.00,0.00,0.00,0.00,0.00,0.00,0.00,0.00,0.00,0.00,0.00,0.00,0.00,330179,1096774,3091398,345902,1131374,3177926,0,0,0,0,0,0,0,71826,0,89.02,89.19,89.36
22,3,0,0,0,97272,97272,97272,7,7,7,591,591,591,0.00,0.00,0.00,0.00,0.00,0.00,0.00,0.00,0.00,0.00,0.00,0.00,0.00,0.00,0.00,0.00,0.00,0.00,0.00,0.00,0.00,411408,1148802,3401330,424510,1183916,3493045,0,0,0,0,0,0,0,84730,0,93.94,93.97,94.05
23,0,0,0,0,97269,97269,97269,10,10,10,591,591,591,0.00,0.00,0.00,0.00,0.00,0.00,0.00,0.00,0.00,0.00,0.00,0.00,0.00,0.00,0.00,0.00,0.00,0.00,0.00,0.00,0.00,318269,341414,395649,331313,355028,411370,0,0,0,0,0,0,0,72838,0,90.78,90.97,91.14
23,1,0,0,0,97271,97271,97271,8,8,8,591,591,591,0.00,0.00,0.00,0.00,0.00,0.00,0.00,0.00,0.00,0.00,0.00,0.00,0.00,0.00,0.00,0.00,0.00,0.00,0.00,0.00,0.00,314397,346402,408787,327497,360011,424510,0,0,0,0,0,0,0,80981,0,100.87,100.90,100.93
23,2,0,0,0,97272,97272,97272,7,7,7,591,591,591,0.00,0.00,0.00,0.00,0.00,0.00,0.00,0.00,0.00,0.00,0.00,0.00,0.00,0.00,0.00,0.00,0.00,0.00,0.00,0.00,0.00,311733,358592,488069,324831,372180,500981,0,0,0,0,0,0,0,53630,0,89.12,89.28,89.43
23,3,0,0,0,97272,97272,97272,7,7,7,591,591,591,0.00,0.00,0.00,0.00,0.00,0.00,0.00,0.00,0.00,0.00,0.00,0.00,0.00,0.00,0.00,0.00,0.00,0.00,0.00,0.00,0.00,416654,562865,1097969,432377,576491,1111072,0,0,0,0,0,0,0,75479,0,93.92,94.01,94.15
24,0,0,0,0,97269,97269,97269,10,10,10,591,591,591,0.00,0.00,0.00,0.00,0.00,0.00,0.00,0.00,0.00,0.00,0.00,0.00,0.00,0.00,0.00,0.00,0.00,0.00,0.00,0.00,0.00,327554,514911,927617,332816,490546,945960,0,0,0,0,0,0,0,54418,0,90.64,90.74,90.87
24,1,0,0,0,97271,97271,97271,8,8,8,591,591,591,0.00,0.00,0.00,0.00,0.00,0.00,0.00,0.00,0.00,0.00,0.00,0.00,0.00,0.00,0.00,0.00,0.00,0.00,0.00,0.00,0.00,317080,359521,445436,330183,373147,458537,0,0,0,0,0,0,0,60731,0,100.83,100.88,100.92
24,2,0,0,0,97272,97272,97272,7,7,7,591,591,591,0.00,0.00,0.00,0.00,0.00,0.00,0.00,0.00,0.00,0.00,0.00,0.00,0.00,0.00,0.00,0.00,0.00,0.00,0.00,0.00,0.00,322316,349044,424516,338037,369484,440239,0,0,0,0,0,0,0,80624,0,89.06,89.11,89.17
24,3,0,0,0,97272,97272,97272,7,7,7,591,591,591,0.00,0.00,0.00,0.00,0.00,0.00,0.00,0.00,0.00,0.00,0.00,0.00,0.00,0.00,0.00,0.00,0.00,0.00,0.00,0.00,0.00,419231,464180,544277,432332,478311,559902,0,0,0,0,0,0,0,56631,0,94.16,94.19,94.23
25,0,0,0,0,97269,97269,97269,10,10,10,591,591,591,0.00,0.00,0.00,0.00,0.00,0.00,0.00,0.00,0.00,0.00,0.00,0.00,0.00,0.00,0.00,0.00,0.00,0.00,0.00,0.00,0.00,314407,356376,432374,327508,371574,445476,0,0,0,0,0,0,0,72831,0,90.62,90.69,90.73
25,1,0,0,0,97271,97271,97271,8,8,8,591,591,591,0.00,0.00,0.00,0.00,0.00,0.00,0.00,0.00,0.00,0.00,0.00,0.00,0.00,0.00,0.00,0.00,0.00,0.00,0.00,0.00,0.00,322315,383639,592223,335417,398314,610567,0,0,0,0,0,0,0,80851,0,100.90,100.97,101.02
25,2,0,0,0,97272,97272,97272,7,7,7,591,591,591,0.00,0.00,0.00,0.00,0.00,0.00,0.00,0.00,0.00,0.00,0.00,0.00,0.00,0.00,0.00,0.00,0.00,0.00,0.00,0.00,0.00,94336,476396,935503,107439,488974,948605,0,0,0,0,0,0,0,71546,0,89.14,89.29,89.40
25,3,0,0,0,97272,97272,97272,7,7,7,591,591,591,0.00,0.00,0.00,0.00,0.00,0.00,0.00,0.00,0.00,0.00,0.00,0.00,0.00,0.00,0.00,0.00,0.00,0.00,0.00,0.00,0.00,414027,509414,864742,427129,524088,885705,0,0,0,0,0,0,0,75456,0,94.26,94.34,94.39
26,0,0,0,0,97269,97269,97269,10,10,10,591,591,591,0.00,0.00,0.00,0.00,0.00,0.00,0.00,0.00,0.00,0.00,0.00,0.00,0.00,0.00,0.00,0.00,0.00,0.00,0.00,0.00,0.00,62890,416344,1113699,75992,454175,1129422,0,0,0,0,0,0,0,72778,0,90.58,90.62,90.71
26,1,0,0,0,97271,97271,97271,8,8,8,591,591,591,0.00,0.00,0.00,0.00,0.00,0.00,0.00,0.00,0.00,0.00,0.00,0.00,0.00,0.00,0.00,0.00,0.00,0.00,0.00,0.00,0.00,0,388876,636787,13102,403027,652510,0,0,0,0,0,0,0,80739,0,100.61,100.67,100.72
26,2,0,0,0,97272,97272,97272,7,7,7,591,591,591,0.00,0.00,0.00,0.00,0.00,0.00,0.00,0.00,0.00,0.00,0.00,0.00,0.00,0.00,0.00,0.00,0.00,0.00,0.00,0.00,0.00,324901,417696,545058,338041,410358,558161,0,0,0,0,0,0,0,71339,0,88.97,89.00,89.05
26,3,0,0,0,97272,97272,97272,7,7,7,591,591,591,0.00,0.00,0.00,0.00,0.00,0.00,0.00,0.00,0.00,0.00,0.00,0.00,0.00,0.00,0.00,0.00,0.00,0.00,0.00,0.00,0.00,416652,471147,537194,432374,484773,550296,0,0,0,0,0,0,0,84668,0,93.92,94.01,94.13
27,0,0,0,0,97269,97269,97269,10,10,10,591,591,591,0.00,0.00,0.00,0.00,0.00,0.00,0.00,0.00,0.00,0.00,0.00,0.00,0.00,0.00,0.00,0.00,0.00,0.00,0.00,0.00,0.00,307768,421808,686492,321149,411165,699593,0,0,0,0,0,0,0,73007,0,90.82,90.88,90.92
27,1,0,0,0,97271,97271,97271,8,8,8,591,591,591,0.00,0.00,0.00,0.00,0.00,0.00,0.00,0.00,0.00,0.00,0.00,0.00,0.00,0.00,0.00,0.00,0.00,0.00,0.00,0.00,0.00,314843,348159,435003,327747,361736,448106,0,0,0,0,0,0,0,80907,0,100.71,100.80,100.88
27,2,0,0,0,97272,97272,97272,7,7,7,591,591,591,0.00,0.00,0.00,0.00,0.00,0.00,0.00,0.00,0.00,0.00,0.00,0.00,0.00,0.00,0.00,0.00,0.00,0.00,0.00,0.00,0.00,312764,376936,482479,325582,391564,497960,0,0,0,0,0,0,0,71476,0,88.95,89.00,89.06
27,3,0,0,0,97272,97272,97272,7,7,7,591,591,591,0.00,0.00,0.00,0.00,0.00,0.00,0.00,0.00,0.00,0.00,0.00,0.00,0.00,0.00,0.00,0.00,0.00,0.00,0.00,0.00,0.00,23584,568116,1105840,39306,581742,1118942,0,0,0,0,0,0,0,75606,0,94.02,94.10,94.25
28,0,0,0,0,97269,97269,97269,10,10,10,591,591,591,0.00,0.00,0.00,0.00,0.00,0.00,0.00,0.00,0.00,0.00,0.00,0.00,0.00,0.00,0.00,0.00,0.00,0.00,0.00,0.00,0.00,322314,354808,414030,335416,370532,427132,0,0,0,0,0,0,0,72638,0,90.76,90.86,90.94
28,1,0,0,0,97271,97271,97271,8,8,8,591,591,591,0.00,0.00,0.00,0.00,0.00,0.00,0.00,0.00,0.00,0.00,0.00,0.00,0.00,0.00,0.00,0.00,0.00,0.00,0.00,0.00,0.00,319695,343284,374732,332798,357435,390455,0,0,0,0,0,0,0,80703,0,100.75,100.85,100.92
28,2,0,0,0,97272,97272,97272,7,7,7,591,591,591,0.00,0.00,0.00,0.00,0.00,0.00,0.00,0.00,0.00,0.00,0.00,0.00,0.00,0.00,0.00,0.00,0.00,0.00,0.00,0.00,0.00,324941,473757,951117,338043,506774,966838,0,0,0,0,0,0,0,80445,0,89.03,89.07,89.11
28,3,0,0,0,97272,97272,97272,7,7,7,591,591,591,0.00,0.00,0.00,0.00,0.00,0.00,0.00,0.00,0.00,0.00,0.00,0.00,0.00,0.00,0.00,0.00,0.00,0.00,0.00,0.00,0.00,424512,463348,571786,439159,477444,584664,0,0,0,0,0,0,0,75434,0,94.28,94.37,94.44
29,0,0,0,0,97269,97269,97269,10,10,10,591,591,591,0.00,0.00,0.00,0.00,0.00,0.00,0.00,0.00,0.00,0.00,0.00,0.00,0.00,0.00,0.00,0.00,0.00,0.00,0.00,0.00,0.00,314452,353761,440222,330174,441456,716264,0,0,0,0,0,0,0,82439,0,90.64,90.70,90.84
29,1,0,0,0,97271,97271,97271,8,8,8,591,591,591,0.00,0.00,0.00,0.00,0.00,0.00,0.00,0.00,0.00,0.00,0.00,0.00,0.00,0.00,0.00,0.00,0.00,0.00,0.00,0.00,0.00,322284,427132,694431,335385,440759,710154,0,0,0,0,0,0,0,91152,0,100.61,100.68,100.78
29,2,0,0,0,97272,97272,97272,7,7,7,591,591,591,0.00,0.00,0.00,0.00,0.00,0.00,0.00,0.00,0.00,0.00,0.00,0.00,0.00,0.00,0.00,0.00,0.00,0.00,0.00,0.00,0.00,327558,427659,610567,340661,386781,484784,0,0,0,0,0,0,0,72038,0,89.12,89.23,89.52
29,3,0,0,0,97272,97272,97272,7,7,7,591,591,591,0.00,0.00,0.00,0.00,0.00,0.00,0.00,0.00,0.00,0.00,0.00,0.00,0.00,0.00,0.00,0.00,0.00,0.00,0.00,0.00,0.00,421893,442855,505743,434996,456481,518845,0,0,0,0,0,0,0,75909,0,93.90,94.03,94.27
30,0,0,0,0,97269,97269,97269,10,10,10,591,591,591,0.00,0.00,0.00,0.00,0.00,0.00,0.00,0.00,0.00,0.00,0.00,0.00,0.00,0.00,0.00,0.00,0.00,0.00,0.00,0.00,0.00,310487,405982,707529,323870,347236,399879,0,0,0,0,0,0,0,73332,0,91.00,91.20,91.37
30,1,0,0,0,97271,97271,97271,8,8,8,591,591,591,0.00,0.00,0.00,0.00,0.00,0.00,0.00,0.00,0.00,0.00,0.00,0.00,0.00,0.00,0.00,0.00,0.00,0.00,0.00,0.00,0.00,213770,320792,398306,222389,332929,414029,0,0,0,0,0,0,0,81482,0,100.94,101.15,101.39
30,2,0,0,0,97272,97272,97272,7,7,7,591,591,591,0.00,0.00,0.00,0.00,0.00,0.00,0.00,0.00,0.00,0.00,0.00,0.00,0.00,0.00,0.00,0.00,0.00,0.00,0.00,0.00,0.00,314130,354223,455967,340660,427660,626289,0,0,0,0,0,0,0,54170,0,89.67,89.89,90.04
30,3,0,0,0,97272,97272,97272,7,7,7,591,591,591,0.00,0.00,0.00,0.00,0.00,0.00,0.00,0.00,0.00,0.00,0.00,0.00,0.00,0.00,0.00,0.00,0.00,0.00,0.00,0.00,0.00,419267,499633,721498,434990,512386,730233,0,0,0,0,0,0,0,85873,0,94.45,94.77,94.94
31,0,0,0,0,97269,97269,97269,10,10,10,591,591,591,0.00,0.00,0.00,0.00,0.00,0.00,0.00,0.00,0.00,0.00,0.00,0.00,0.00,0.00,0.00,0.00,0.00,0.00,0.00,0.00,0.00,314450,426085,668217,327552,459888,681320,0,0,0,0,0,0,0,54865,0,90.98,91.09,91.25
31,1,0,0,0,97271,97271,97271,8,8,8,591,591,591,0.00,0.00,0.00,0.00,0.00,0.00,0.00,0.00,0.00,0.00,0.00,0.00,0.00,0.00,0.00,0.00,0.00,0.00,0.00,0.00,0.00,314461,341305,393057,330184,355807,406518,0,0,0,0,0,0,0,61207,0,101.48,101.80,101.99
31,2,0,0,0,97272,97272,97272,7,7,7,591,591,591,0.00,0.00,0.00,0.00,0.00,0.00,0.00,0.00,0.00,0.00,0.00,0.00,0.00,0.00,0.00,0.00,0.00,0.00,0.00,0.00,0.00,218372,322491,416481,227107,333525,429578,0,0,0,0,0,0,0,80828,0,89.56,89.71,89.83
31,3,0,0,0,97272,97272,97272,7,7,7,591,591,591,0.00,0.00,0.00,0.00,0.00,0.00,0.00,0.00,0.00,0.00,0.00,0.00,0.00,0.00,0.00,0.00,0.00,0.00,0.00,0.00,0.00,411409,421226,434994,427132,434983,448097,0,0,0,0,0,0,0,76491,0,95.12,95.36,95.54
32,0,0,0,0,97269,97269,97269,10,10,10,591,591,591,0.00,0.00,0.00,0.00,0.00,0.00,0.00,0.00,0.00,0.00,0.00,0.00,0.00,0.00,0.00,0.00,0.00,0.00,0.00,0.00,0.00,322317,351132,429708,335420,365282,442809,0,0,0,0,0,0,0,72650,0,90.55,90.69,90.86
32,1,0,0,0,97271,97271,97271,8,8,8,591,591,591,0.00,0.00,0.00,0.00,0.00,0.00,0.00,0.00,0.00,0.00,0.00,0.00,0.00,0.00,0.00,0.00,0.00,0.00,0.00,0.00,0.00,319698,327036,330183,332801,340663,343286,0,0,0,0,0,0,0,80846,0,100.85,101.15,101.63
32,2,0,0,0,97272,97272,97272,7,7,7,591,591,591,0.00,0.00,0.00,0.00,0.00,0.00,0.00,0.00,0.00,0.00,0.00,0.00,0.00,0.00,0.00,0.00,0.00,0.00,0.00,0.00,0.00,330167,494216,911915,343269,507842,927637,0,0,0,0,0,0,0,71513,0,89.08,89.24,89.52
32,3,0,0,0,97272,97272,97272,7,7,7,591,591,591,0.00,0.00,0.00,0.00,0.00,0.00,0.00,0.00,0.00,0.00,0.00,0.00,0.00,0.00,0.00,0.00,0.00,0.00,0.00,0.00,0.00,418174,459315,547676,431001,472851,563399,0,0,0,0,0,0,0,56658,0,94.28,94.70,95.25
33,0,0,0,0,97269,97269,97269,10,10,10,591,591,591,0.00,0.00,0.00,0.00,0.00,0.00,0.00,0.00,0.00,0.00,0.00,0.00,0.00,0.00,0.00,0.00,0.00,0.00,0.00,0.00,0.00,314454,490548,1113689,330176,504174,1126791,0,0,0,0,0,0,0,72700,0,90.55,90.62,90.67
33,1,0,0,0,97271,97271,97271,8,8,8,591,591,591,0.00,0.00,0.00,0.00,0.00,0.00,0.00,0.00,0.00,0.00,0.00,0.00,0.00,0.00,0.00,0.00,0.00,0.00,0.00,0.00,0.00,322321,440245,644650,335424,453348,655132,0,0,0,0,0,0,0,80749,0,100.74,100.76,100.80
33,2,0,0,0,97272,97272,97272,7,7,7,591,591,591,0.00,0.00,0.00,0.00,0.00,0.00,0.00,0.00,0.00,0.00,0.00,0.00,0.00,0.00,0.00,0.00,0.00,0.00,0.00,0.00,0.00,327515,399876,542438,343236,413502,555540,0,0,0,0,0,0,0,71399,0,89.02,89.06,89.09
33,3,0,0,0,97272,97272,97272,7,7,7,591,591,591,0.00,0.00,0.00,0.00,0.00,0.00,0.00,0.00,0.00,0.00,0.00,0.00,0.00,0.00,0.00,0.00,0.00,0.00,0.00,0.00,0.00,417652,454586,539813,433715,468804,555536,0,0,0,0,0,0,0,75339,0,94.00,94.06,94.13
34,0,0,0,0,97269,97269,97269,10,10,10,591,591,591,0.00,0.00,0.00,0.00,0.00,0.00,0.00,0.00,0.00,0.00,0.00,0.00,0.00,0.00,0.00,0.00,0.00,0.00,0.00,0.00,0.00,317872,409588,704895,328126,422515,717997,0,0,0,0,0,0,0,72692,0,90.61,90.67,90.70
34,1,0,0,0,97271,97271,97271,8,8,8,591,591,591,0.00,0.00,0.00,0.00,0.00,0.00,0.00,0.00,0.00,0.00,0.00,0.00,0.00,0.00,0.00,0.00,0.00,0.00,0.00,0.00,0.00,207875,323437,397831,216609,336660,410664,0,0,0,0,0,0,0,80818,0,100.77,100.79,100.81
34,2,0,0,0,97272,97272,97272,7,7,7,591,591,591,0.00,0.00,0.00,0.00,0.00,0.00,0.00,0.00,0.00,0.00,0.00,0.00,0.00,0.00,0.00,0.00,0.00,0.00,0.00,0.00,0.00,311786,377014,503132,327506,391118,518855,0,0,0,0,0,0,0,71360,0,88.98,89.00,89.04
34,3,0,0,0,97272,97272,97272,7,7,7,591,591,591,0.00,0.00,0.00,0.00,0.00,0.00,0.00,0.00,0.00,0.00,0.00,0.00,0.00,0.00,0.00,0.00,0.00,0.00,0.00,0.00,0.00,419228,518840,765170,432329,531593,773905,0,0,0,0,0,0,0,84863,0,94.00,94.05,94.12
35,0,0,0,0,97269,97269,97269,10,10,10,591,591,591,0.00,0.00,0.00,0.00,0.00,0.00,0.00,0.00,0.00,0.00,0.00,0.00,0.00,0.00,0.00,0.00,0.00,0.00,0.00,0.00,0.00,324936,360565,411409,338038,374715,427132,0,0,0,0,0,0,0,72639,0,90.51,90.54,90.56
35,1,0,0,0,97271,97271,97271,8,8,8,591,591,591,0.00,0.00,0.00,0.00,0.00,0.00,0.00,0.00,0.00,0.00,0.00,0.00,0.00,0.00,0.00,0.00,0.00,0.00,0.00,0.00,0.00,322315,387832,589617,335417,402507,607961,0,0,0,0,0,0,0,80867,0,100.75,100.79,100.84
35,2,0,0,0,97272,97272,97272,7,7,7,591,591,591,0.00,0.00,0.00,0.00,0.00,0.00,0.00,0.00,0.00,0.00,0.00,0.00,0.00,0.00,0.00,0.00,0.00,0.00,0.00,0.00,0.00,216625,496662,1278784,227106,510289,1299747,0,0,0,0,0,0,0,80368,0,89.01,89.04,89.09
35,3,0,0,0,97272,97272,97272,7,7,7,591,591,591,0.00,0.00,0.00,0.00,0.00,0.00,0.00,0.00,0.00,0.00,0.00,0.00,0.00,0.00,0.00,0.00,0.00,0.00,0.00,0.00,0.00,419272,496312,778264,432377,510986,796607,0,0,0,0,0,0,0,75382,0,94.01,94.03,94.05
36,0,0,0,0,97269,97269,97269,10,10,10,591,591,591,0.00,0.00,0.00,0.00,0.00,0.00,0.00,0.00,0.00,0.00,0.00,0.00,0.00,0.00,0.00,0.00,0.00,0.00,0.00,0.00,0.00,319694,522001,1163535,332796,536675,1179258,0,0,0,0,0,0,0,81670,0,90.42,90.47,90.52
36,1,0,0,0,97271,97271,97271,8,8,8,591,591,591,0.00,0.00,0.00,0.00,0.00,0.00,0.00,0.00,0.00,0.00,0.00,0.00,0.00,0.00,0.00,0.00,0.00,0.00,0.00,0.00,0.00,319700,438136,791383,335423,452286,807106,0,0,0,0,0,0,0,90942,0,100.83,100.87,100.90
36,2,0,0,0,97272,97272,97272,7,7,7,591,591,591,0.00,0.00,0.00,0.00,0.00,0.00,0.00,0.00,0.00,0.00,0.00,0.00,0.00,0.00,0.00,0.00,0.00,0.00,0.00,0.00,0.00,324934,442320,773033,340656,455946,788756,0,0,0,0,0,0,0,71465,0,89.00,89.02,89.04
36,3,0,0,0,97272,97272,97272,7,7,7,591,591,591,0.00,0.00,0.00,0.00,0.00,0.00,0.00,0.00,0.00,0.00,0.00,0.00,0.00,0.00,0.00,0.00,0.00,0.00,0.00,0.00,0.00,434949,486320,555534,445430,500356,568636,0,0,0,0,0,0,0,75359,0,93.95,93.98,94.01
37,0,0,0,0,97269,97269,97269,10,10,10,591,591,591,0.00,0.00,0.00,0.00,0.00,0.00,0.00,0.00,0.00,0.00,0.00,0.00,0.00,0.00,0.00,0.00,0.00,0.00,0.00,0.00,0.00,212522,315173,395689,222889,326015,408791,0,0,0,0,0,0,0,72710,0,90.33,90.37,90.41
37,1,0,0,0,97271,97271,97271,8,8,8,591,591,591,0.00,0.00,0.00,0.00,0.00,0.00,0.00,0.00,0.00,0.00,0.00,0.00,0.00,0.00,0.00,0.00,0.00,0.00,0.00,0.00,0.00,332804,351146,390448,345907,365297,403550,0,0,0,0,0,0,0,81048,0,100.77,100.85,100.98
37,2,0,0,0,97272,97272,97272,7,7,7,591,591,591,0.00,0.00,0.00,0.00,0.00,0.00,0.00,0.00,0.00,0.00,0.00,0.00,0.00,0.00,0.00,0.00,0.00,0.00,0.00,0.00,0.00,322321,362673,508372,338038,386518,524094,0,0,0,0,0,0,0,53563,0,88.95,88.97,88.99
37,3,0,0,0,97272,97272,97272,7,7,7,591,591,591,0.00,0.00,0.00,0.00,0.00,0.00,0.00,0.00,0.00,0.00,0.00,0.00,0.00,0.00,0.00,0.00,0.00,0.00,0.00,0.00,0.00,406168,446261,521472,421890,459957,534575,0,0,0,0,0,0,0,75512,0,94.08,94.17,94.24
38,0,0,0,0,97269,97269,97269,10,10,10,591,591,591,0.00,0.00,0.00,0.00,0.00,0.00,0.00,0.00,0.00,0.00,0.00,0.00,0.00,0.00,0.00,0.00,0.00,0.00,0.00,0.00,0.00,307221,429761,735769,330169,473667,749547,0,0,0,0,0,0,0,54700,0,90.38,90.56,90.80
38,1,0,0,0,97271,97271,97271,8,8,8,591,591,591,0.00,0.00,0.00,0.00,0.00,0.00,0.00,0.00,0.00,0.00,0.00,0.00,0.00,0.00,0.00,0.00,0.00,0.00,0.00,0.00,0.00,214843,301832,345905,223576,314428,356387,0,0,0,0,0,0,0,61065,0,100.99,101.14,101.30
38,2,0,0,0,97272,97272,97272,7,7,7,591,591,591,0.00,0.00,0.00,0.00,0.00,0.00,0.00,0.00,0.00,0.00,0.00,0.00,0.00,0.00,0.00,0.00,0.00,0.00,0.00,0.00,0.00,311792,350795,431076,324893,358686,443982,0,0,0,0,0,0,0,80705,0,89.11,89.29,89.49
38,3,0,0,0,97272,97272,97272,7,7,7,591,591,591,0.00,0.00,0.00,0.00,0.00,0.00,0.00,0.00,0.00,0.00,0.00,0.00,0.00,0.00,0.00,0.00,0.00,0.00,0.00,0.00,0.00,286502,574754,1056041,296984,587201,1069144,0,0,0,0,0,0,0,84912,0,94.09,94.17,94.21
39,0,0,0,0,97269,97269,97269,10,10,10,591,591,591,0.00,0.00,0.00,0.00,0.00,0.00,0.00,0.00,0.00,0.00,0.00,0.00,0.00,0.00,0.00,0.00,0.00,0.00,0.00,0.00,0.00,314452,340135,393071,327555,354286,406174,0,0,0,0,0,0,0,73120,0,90.90,91.02,91.09
39,1,0,0,0,97271,97271,97271,8,8,8,591,591,591,0.00,0.00,0.00,0.00,0.00,0.00,0.00,0.00,0.00,0.00,0.00,0.00,0.00,0.00,0.00,0.00,0.00,0.00,0.00,0.00,0.00,314462,333321,359009,327565,346424,372112,0,0,0,0,0,0,0,81433,0,101.28,101.35,101.42
39,2,0,0,0,97272,97272,97272,7,7,7,591,591,591,0.00,0.00,0.00,0.00,0.00,0.00,0.00,0.00,0.00,0.00,0.00,0.00,0.00,0.00,0.00,0.00,0.00,0.00,0.00,0.00,0.00,283009,475873,922400,293491,488975,932882,0,0,0,0,0,0,0,72032,0,89.46,89.68,89.78
39,3,0,0,0,97272,97272,97272,7,7,7,591,591,591,0.00,0.00,0.00,0.00,0.00,0.00,0.00,0.00,0.00,0.00,0.00,0.00,0.00,0.00,0.00,0.00,0.00,0.00,0.00,0.00,0.00,408791,436034,495269,421894,449660,508372,0,0,0,0,0,0,0,75614,0,94.17,94.24,94.31
40,0,0,0,0,97269,97269,97269,10,10,10,591,591,591,0.00,0.00,0.00,0.00,0.00,0.00,0.00,0.00,0.00,0.00,0.00,0.00,0.00,0.00,0.00,0.00,0.00,0.00,0.00,0.00,0.00,306591,483729,1111075,322313,496831,1124178,0,0,0,0,0,0,0,73167,0,90.99,91.03,91.08
40,1,0,0,0,97271,97271,97271,8,8,8,591,591,591,0.00,0.00,0.00,0.00,0.00,0.00,0.00,0.00,0.00,0.00,0.00,0.00,0.00,0.00,0.00,0.00,0.00,0.00,0.00,0.00,0.00,314460,420325,618437,327562,434475,631540,0,0,0,0,0,0,0,81831,0,101.40,101.62,101.88
40,2,0,0,0,97272,97272,97272,7,7,7,591,591,591,0.00,0.00,0.00,0.00,0.00,0.00,0.00,0.00,0.00,0.00,0.00,0.00,0.00,0.00,0.00,0.00,0.00,0.00,0.00,0.00,0.00,319687,394641,673459,335409,408791,683941,0,0,0,0,0,0,0,73059,0,89.55,89.82,90.22
40,3,0,0,0,97272,97272,97272,7,7,7,591,591,591,0.00,0.00,0.00,0.00,0.00,0.00,0.00,0.00,0.00,0.00,0.00,0.00,0.00,0.00,0.00,0.00,0.00,0.00,0.00,0.00,0.00,403308,459581,555534,416234,473172,571257,0,0,0,0,0,0,0,56676,0,94.25,94.29,94.35
41,0,0,0,0,97269,97269,97269,10,10,10,591,591,591,0.00,0.00,0.00,0.00,0.00,0.00,0.00,0.00,0.00,0.00,0.00,0.00,0.00,0.00,0.00,0.00,0.00,0.00,0.00,0.00,0.00,319696,347819,437409,332798,360894,447465,0,0,0,0,0,0,0,73361,0,90.96,91.04,91.16
41,1,0,0,0,97271,97271,97271,8,8,8,591,591,591,0.00,0.00,0.00,0.00,0.00,0.00,0.00,0.00,0.00,0.00,0.00,0.00,0.00,0.00,0.00,0.00,0.00,0.00,0.00,0.00,0.00,322323,350090,419236,335426,363716,434957,0,0,0,0,0,0,0,81956,0,101.94,102.12,102.25
41,2,0,0,0,97272,97272,97272,7,7,7,591,591,591,0.00,0.00,0.00,0.00,0.00,0.00,0.00,0.00,0.00,0.00,0.00,0.00,0.00,0.00,0.00,0.00,0.00,0.00,0.00,0.00,0.00,322284,381534,505753,335385,395160,518855,0,0,0,0,0,0,0,72908,0,90.43,90.54,90.70
41,3,0,0,0,97272,97272,97272,7,7,7,591,591,591,0.00,0.00,0.00,0.00,0.00,0.00,0.00,0.00,0.00,0.00,0.00,0.00,0.00,0.00,0.00,0.00,0.00,0.00,0.00,0.00,0.00,387682,449936,536094,402985,464075,549563,0,0,0,0,0,0,0,75648,0,94.41,94.48,94.56
42,0,0,0,0,97269,97269,97269,10,10,10,591,591,591,0.00,0.00,0.00,0.00,0.00,0.00,0.00,0.00,0.00,0.00,0.00,0.00,0.00,0.00,0.00,0.00,0.00,0.00,0.00,0.00,0.00,322312,356901,411404,335414,370527,421885,0,0,0,0,0,0,0,73388,0,91.28,91.32,91.36
42,1,0,0,0,97271,97271,97271,8,8,8,591,591,591,0.00,0.00,0.00,0.00,0.00,0.00,0.00,0.00,0.00,0.00,0.00,0.00,0.00,0.00,0.00,0.00,0.00,0.00,0.00,0.00,0.00,234933,359350,584371,243571,372084,597474,0,0,0,0,0,0,0,81599,0,101.56,101.72,101.87
42,2,0,0,0,97272,97272,97272,7,7,7,591,591,591,0.00,0.00,0.00,0.00,0.00,0.00,0.00,0.00,0.00,0.00,0.00,0.00,0.00,0.00,0.00,0.00,0.00,0.00,0.00,0.00,0.00,311750,400801,698786,324848,413513,707521,0,0,0,0,0,0,0,81192,0,89.97,90.26,90.42
42,3,0,0,0,97272,97272,97272,7,7,7,591,591,591,0.00,0.00,0.00,0.00,0.00,0.00,0.00,0.00,0.00,0.00,0.00,0.00,0.00,0.00,0.00,0.00,0.00,0.00,0.00,0.00,0.00,31445,530728,1113694,41927,543306,1129417,0,0,0,0,0,0,0,84825,0,93.99,94.13,94.30
43,0,0,0,0,97269,97269,97269,10,10,10,591,591,591,0.00,0.00,0.00,0.00,0.00,0.00,0.00,0.00,0.00,0.00,0.00,0.00,0.00,0.00,0.00,0.00,0.00,0.00,0.00,0.00,0.00,330171,492638,1006241,343273,506264,1019343,0,0,0,0,0,0,0,81938,0,90.71,90.97,91.17
43,1,0,0,0,97271,97271,97271,8,8,8,591,591,591,0.00,0.00,0.00,0.00,0.00,0.00,0.00,0.00,0.00,0.00,0.00,0.00,0.00,0.00,0.00,0.00,0.00,0.00,0.00,0.00,0.00,309218,571793,1310258,322321,585420,1325981,0,0,0,0,0,0,0,91040,0,101.09,101.25,101.58
43,2,0,0,0,97272,97272,97272,7,7,7,591,591,591,0.00,0.00,0.00,0.00,0.00,0.00,0.00,0.00,0.00,0.00,0.00,0.00,0.00,0.00,0.00,0.00,0.00,0.00,0.00,0.00,0.00,330177,461708,877766,343280,475334,890867,0,0,0,0,0,0,0,71772,0,89.28,89.42,89.67
43,3,0,0,0,97272,97272,97272,7,7,7,591,591,591,0.00,0.00,0.00,0.00,0.00,0.00,0.00,0.00,0.00,0.00,0.00,0.00,0.00,0.00,0.00,0.00,0.00,0.00,0.00,0.00,0.00,414030,435509,466388,427132,449135,479488,0,0,0,0,0,0,0,75524,0,94.09,94.17,94.24
44,0,0,0,0,97269,97269,97269,10,10,10,591,591,591,0.00,0.00,0.00,0.00,0.00,0.00,0.00,0.00,0.00,0.00,0.00,0.00,0.00,0.00,0.00,0.00,0.00,0.00,0.00,0.00,0.00,327551,407474,552903,324933,402496,568625,0,0,0,0,0,0,0,73114,0,90.78,90.88,91.03
44,1,0,0,0,97271,97271,97271,8,8,8,591,591,591,0.00,0.00,0.00,0.00,0.00,0.00,0.00,0.00,0.00,0.00,0.00,0.00,0.00,0.00,0.00,0.00,0.00,0.00,0.00,0.00,0.00,332803,367383,424475,348526,381534,437576,0,0,0,0,0,0,0,60985,0,101.02,101.14,101.24
44,2,0,0,0,97272,97272,97272,7,7,7,591,591,591,0.00,0.00,0.00,0.00,0.00,0.00,0.00,0.00,0.00,0.00,0.00,0.00,0.00,0.00,0.00,0.00,0.00,0.00,0.00,0.00,0.00,322323,355337,461199,338046,376693,474301,0,0,0,0,0,0,0,53666,0,89.19,89.34,89.43
44,3,0,0,0,97272,97272,97272,7,7,7,591,591,591,0.00,0.00,0.00,0.00,0.00,0.00,0.00,0.00,0.00,0.00,0.00,0.00,0.00,0.00,0.00,0.00,0.00,0.00,0.00,0.00,0.00,392810,441231,534575,408215,455318,550298,0,0,0,0,0,0,0,76067,0,94.22,94.36,94.52
45,0,0,0,0,97269,97269,97269,10,10,10,591,591,591,0.00,0.00,0.00,0.00,0.00,0.00,0.00,0.00,0.00,0.00,0.00,0.00,0.00,0.00,0.00,0.00,0.00,0.00,0.00,0.00,0.00,309210,374871,442855,330191,403930,458578,0,0,0,0,0,0,0,54955,0,90.94,90.99,91.03
45,1,0,0,0,97245,97265,97271,8,13,34,591,591,591,0.00,0.00,0.00,0.00,0.00,0.00,0.00,0.00,0.00,0.00,0.00,0.00,0.00,0.00,0.00,0.00,0.00,0.00,0.00,0.00,0.00,314355,354388,445458,327238,367654,459433,0,0,0,0,0,0,0,81864,0,101.23,101.94,103.84
45,2,0,0,0,97245,97265,97272,7,13,34,591,591,591,0.00,0.00,0.00,0.00,0.00,0.00,0.00,0.00,0.00,0.00,0.00,0.00,0.00,0.00,0.00,0.00,0.00,0.00,0.00,0.00,0.00,309409,390452,521298,322301,391981,539635,0,0,0,0,0,0,0,85029,0,89.59,90.70,93.11
45,3,0,0,0,97245,97265,97272,7,12,36,591,591,591,0.00,0.00,0.00,0.00,0.00,0.00,0.00,0.00,0.00,0.00,0.00,0.00,0.00,0.00,0.00,0.00,0.00,0.00,0.00,0.00,0.00,401613,552144,840180,415000,565467,854154,0,0,0,0,0,0,0,79524,0,94.72,95.36,96.76
46,0,0,1,6,96511,96855,97242,37,423,768,591,591,591,0.00,0.00,0.00,0.00,0.00,0.00,0.00,0.00,0.00,0.00,0.00,0.00,0.00,0.00,0.00,0.00,0.00,0.00,0.00,0.00,0.00,327586,2231071,6050443,448187,2583812,6572123,0,0,0,0,0,0,0,109410,0,92.41,111.04,128.65
46,1,0,0,1,96514,96771,97226,53,507,765,591,591,591,0.00,0.00,0.00,0.00,0.00,0.00,0.00,0.00,0.00,0.00,0.00,0.00,0.00,0.00,0.00,0.00,0.00,0.00,0.00,0.00,0.00,416709,1798746,4067960,429813,2160392,4408265,0,0,0,0,0,0,0,134000,0,114.22,132.28,149.51
46,2,0,1,7,96514,96772,97226,53,507,765,591,591,591,0.00,0.00,0.00,0.00,0.00,0.00,0.00,0.00,0.00,0.00,0.00,0.00,0.00,0.00,0.00,0.00,0.00,0.00,0.00,0.00,0.00,304030,1260128,2112575,319756,1590004,2384800,0,0,0,0,0,0,0,108103,0,102.47,120.01,135.86
46,3,0,0,1,96514,96771,97226,53,507,765,591,591,591,0.00,0.00,0.00,0.00,0.00,0.00,0.00,0.00,0.00,0.00,0.00,0.00,0.00,0.00,0.00,0.00,0.00,0.00,0.00,0.00,0.00,474376,1744367,3108485,1077176,2096069,3513883,0,0,0,0,0,0,0,112083,0,106.84,124.96,141.97
47,0,0,0,0,96511,96511,96511,768,768,768,591,591,591,0.00,0.00,0.00,0.00,0.00,0.00,0.00,0.00,0.00,0.00,0.00,0.00,0.00,0.00,0.00,0.00,0.00,0.00,0.00,0.00,0.00,356433,589191,1402217,369537,603343,1415321,0,0,0,0,0,0,0,108396,0,135.41,135.90,136.90
47,1,0,0,0,96514,96514,96514,765,765,765,591,591,591,0.00,0.00,0.00,0.00,0.00,0.00,0.00,0.00,0.00,0.00,0.00,0.00,0.00,0.00,0.00,0.00,0.00,0.00,0.00,0.00,0.00,304033,516856,1103431,319759,531009,1116536,0,0,0,0,0,0,0,117926,0,147.28,147.55,148.22
47,2,0,0,0,96514,96514,96514,765,765,765,591,591,591,0.00,0.00,0.00,0.00,0.00,0.00,0.00,0.00,0.00,0.00,0.00,0.00,0.00,0.00,0.00,0.00,0.00,0.00,0.00,0.00,0.00,304031,415156,571367,319757,428786,584472,0,0,0,0,0,0,0,107192,0,133.75,134.00,134.74
47,3,0,0,0,96514,96514,96514,765,765,765,591,591,591,0.00,0.00,0.00,0.00,0.00,0.00,0.00,0.00,0.00,0.00,0.00,0.00,0.00,0.00,0.00,0.00,0.00,0.00,0.00,0.00,0.00,403629,515280,731250,419355,529433,741734,0,0,0,0,0,0,0,111712,0,139.30,139.73,140.61
48,0,0,0,0,96511,96511,96511,768,768,768,591,591,591,0.00,0.00,0.00,0.00,0.00,0.00,0.00,0.00,0.00,0.00,0.00,0.00,0.00,0.00,0.00,0.00,0.00,0.00,0.00,0.00,0.00,306655,309274,311894,319760,323253,327620,0,0,0,0,0,0,0,81749,0,135.31,135.34,135.38
48,1,0,0,0,96514,96514,96514,765,765,765,591,591,591,0.00,0.00,0.00,0.00,0.00,0.00,0.00,0.00,0.00,0.00,0.00,0.00,0.00,0.00,0.00,0.00,0.00,0.00,0.00,0.00,0.00,311895,342473,398388,325000,355578,411493,0,0,0,0,0,0,0,58936,0,147.15,147.18,147.22
48,2,0,0,0,96514,96514,96514,765,765,765,591,591,591,0.00,0.00,0.00,0.00,0.00,0.00,0.00,0.00,0.00,0.00,0.00,0.00,0.00,0.00,0.00,0.00,0.00,0.00,0.00,0.00,0.00,304029,316261,340724,317133,331113,356450,0,0,0,0,0,0,0,53596,0,133.74,133.75,133.76
48,3,0,0,0,96514,96514,96514,765,765,765,591,591,591,0.00,0.00,0.00,0.00,0.00,0.00,0.00,0.00,0.00,0.00,0.00,0.00,0.00,0.00,0.00,0.00,0.00,0.00,0.00,0.00,0.00,421976,451678,490121,437702,464783,503226,0,0,0,0,0,0,0,56145,0,139.43,139.53,139.66
49,0,0,0,0,96511,96511,96511,768,768,768,591,591,591,0.00,0.00,0.00,0.00,0.00,0.00,0.00,0.00,0.00,0.00,0.00,0.00,0.00,0.00,0.00,0.00,0.00,0.00,0.00,0.00,0.00,1797995,1797995,1797995,1839931,1839931,1839931,0,0,0,0,0,0,0,0,0,135.42,135.42,135.42
49,1,0,0,0,96514,96514,96514,765,765,765,591,591,591,0.00,0.00,0.00,0.00,0.00,0.00,0.00,0.00,0.00,0.00,0.00,0.00,0.00,0.00,0.00,0.00,0.00,0.00,0.00,0.00,0.00,3708400,3708400,3708400,3781782,3781782,3781782,0,0,0,0,0,0,0,0,0,147.45,147.47,147.49
49,2,0,0,0,96514,96514,96514,765,765,765,591,591,591,0.00,0.00,0.00,0.00,0.00,0.00,0.00,0.00,0.00,0.00,0.00,0.00,0.00,0.00,0.00,0.00,0.00,0.00,0.00,0.00,0.00,5806712,5806712,5806712,5916792,5916792,5916792,0,0,0,0,0,0,0,0,0,133.83,133.83,133.83
49,3,0,0,0,96514,96514,96514,765,765,765,591,591,591,0.00,0.00,0.00,0.00,0.00,0.00,0.00,0.00,0.00,0.00,0.00,0.00,0.00,0.00,0.00,0.00,0.00,0.00,0.00,0.00,0.00,3862423,3862423,3862423,3919703,3919703,3919703,0,0,0,0,0,0,0,0,0,139.53,139.53,139.53
50,0,0,0,0,95763,95908,95957,1322,1370,1516,591,591,591,0.00,0.00,0.00,0.00,0.00,0.00,0.00,0.00,0.00,0.00,0.00,0.00,0.00,0.00,0.00,0.00,0.00,0.00,0.00,0.00,0.00,2289018,3300333,4679174,3483109,4019267,5019763,0,0,0,0,0,0,0,81787,0,135.53,135.61,135.81
50,1,0,0,1,95766,95911,95960,1319,1396,1513,591,591,591,0.00,0.00,0.00,0.00,0.00,0.00,0.00,0.00,0.00,0.00,0.00,0.00,0.00,0.00,0.00,0.00,0.00,0.00,0.00,0.00,0.00,1362814,2796335,3481958,2301059,3385420,3875252,0,0,0,0,0,0,0,88966,0,147.51,147.62,147.85
50,2,0,0,0,95766,95911,95960,1319,1367,1513,591,591,591,0.00,0.00,0.00,0.00,0.00,0.00,0.00,0.00,0.00,0.00,0.00,0.00,0.00,0.00,0.00,0.00,0.00,0.00,0.00,0.00,0.00,2037296,3372744,4749279,2844527,3922152,5289208,0,0,0,0,0,0,0,94172,0,133.80,133.90,134.12
50,3,0,0,1,95766,95911,95960,1319,1367,1513,591,591,591,0.00,0.00,0.00,0.00,0.00,0.00,0.00,0.00,0.00,0.00,0.00,0.00,0.00,0.00,0.00,0.00,0.00,0.00,0.00,0.00,0.00,2710142,4396927,6142104,3268421,4929081,6968373,0,0,0,0,0,0,0,84107,0,139.84,139.88,139.95
51,0,0,0,0,95763,95763,95763,1516,1516,1516,591,591,591,0.00,0.00,0.00,0.00,0.00,0.00,0.00,0.00,0.00,0.00,0.00,0.00,0.00,0.00,0.00,0.00,0.00,0.00,0.00,0.00,0.00,146773,349115,621181,162499,374276,691949,0,524,2621,0,0,0,0,122345,0,135.71,135.78,135.84
51,1,0,0,1,95766,95766,95766,1513,1513,1513,591,591,591,0.00,0.00,0.00,0.00,0.00,0.00,0.00,0.00,0.00,0.00,0.00,0.00,0.00,0.00,0.00,0.00,0.00,0.00,0.00,0.00,0.00,0,257375,338086,13104,280963,398393,0,0,0,0,1048,5242,0,133097,0,147.68,147.79,147.86
51,2,0,0,1,95766,95766,95766,1513,1513,1513,591,591,591,0.00,0.00,0.00,0.00,0.00,0.00,0.00,0.00,0.00,0.00,0.00,0.00,0.00,0.00,0.00,0.00,0.00,0.00,0.00,0.00,0.00,304027,778397,2366621,317131,881134,2801681,0,1048,5241,0,0,0,0,107398,0,134.22,134.32,134.36
51,3,0,0,2,95766,95766,95766,1513,1513,1513,591,591,591,0.00,0.00,0.00,0.00,0.00,0.00,0.00,0.00,0.00,0.00,0.00,0.00,0.00,0.00,0.00,0.00,0.00,0.00,0.00,0.00,0.00,419353,702398,1420485,435079,796749,1813608,0,0,0,0,524,2620,0,125738,0,139.73,139.82,139.90
52,0,0,0,0,95763,95763,95763,1516,1516,1516,591,591,591,0.00,0.00,0.00,0.00,0.00,0.00,0.00,0.00,0.00,0.00,0.00,0.00,0.00,0.00,0.00,0.00,0.00,0.00,0.00,0.00,0.00,298775,535198,1229231,311879,548827,1242336,0,0,0,0,0,0,0,108892,0,135.68,135.69,135.73
52,1,0,0,0,95766,95766,95766,1513,1513,1513,591,591,591,0.00,0.00,0.00,0.00,0.00,0.00,0.00,0.00,0.00,0.00,0.00,0.00,0.00,0.00,0.00,0.00,0.00,0.00,0.00,0.00,0.00,304032,450805,799395,319757,464434,812500,0,0,0,0,0,0,0,118802,0,147.70,147.92,148.09
52,2,0,0,0,95766,95766,95766,1513,1513,1513,591,591,591,0.00,0.00,0.00,0.00,0.00,0.00,0.00,0.00,0.00,0.00,0.00,0.00,0.00,0.00,0.00,0.00,0.00,0.00,0.00,0.00,0.00,304029,358020,424594,319755,371649,437699,0,0,0,0,0,0,0,80753,0,134.10,134.24,134.34
52,3,0,0,0,95766,95766,95766,1513,1513,1513,591,591,591,0.00,0.00,0.00,0.00,0.00,0.00,0.00,0.00,0.00,0.00,0.00,0.00,0.00,0.00,0.00,0.00,0.00,0.00,0.00,0.00,0.00,421976,482257,712897,435081,495885,726001,0,0,0,0,0,0,0,111902,0,139.56,139.61,139.68
53,0,0,0,0,95763,95763,95763,1516,1516,1516,591,591,591,0.00,0.00,0.00,0.00,0.00,0.00,0.00,0.00,0.00,0.00,0.00,0.00,0.00,0.00,0.00,0.00,0.00,0.00,0.00,0.00,0.00,303959,318694,353831,317060,332322,369557,0,0,0,0,0,0,0,81591,0,135.71,135.74,135.75
53,1,0,0,0,95766,95766,95766,1513,1513,1513,591,591,591,0.00,0.00,0.00,0.00,0.00,0.00,0.00,0.00,0.00,0.00,0.00,0.00,0.00,0.00,0.00,0.00,0.00,0.00,0.00,0.00,0.00,304031,332337,401003,314515,345966,414107,0,0,0,0,0,0,0,89085,0,148.07,148.09,148.12
53,2,0,0,0,95766,95766,95766,1513,1513,1513,591,591,591,0.00,0.00,0.00,0.00,0.00,0.00,0.00,0.00,0.00,0.00,0.00,0.00,0.00,0.00,0.00,0.00,0.00,0.00,0.00,0.00,0.00,298787,311365,345967,314513,325518,359072,0,0,0,0,0,0,0,107667,0,134.28,134.33,134.37
53,3,0,0,0,95766,95766,95766,1513,1513,1513,591,591,591,0.00,0.00,0.00,0.00,0.00,0.00,0.00,0.00,0.00,0.00,0.00,0.00,0.00,0.00,0.00,0.00,0.00,0.00,0.00,0.00,0.00,411492,519998,707658,424596,533627,720763,0,0,0,0,0,0,0,83729,0,139.49,139.56,139.66
54,0,0,0,0,95763,95763,95763,1516,1516,1516,591,591,591,0.00,0.00,0.00,0.00,0.00,0.00,0.00,0.00,0.00,0.00,0.00,0.00,0.00,0.00,0.00,0.00,0.00,0.00,0.00,0.00,0.00,301411,342744,468638,314881,356890,484088,0,0,0,0,0,0,0,108716,0,135.64,135.66,135.68
54,1,0,0,0,95766,95766,95766,1513,1513,1513,591,591,591,0.00,0.00,0.00,0.00,0.00,0.00,0.00,0.00,0.00,0.00,0.00,0.00,0.00,0.00,0.00,0.00,0.00,0.00,0.00,0.00,0.00,304282,368786,517356,317628,382377,530226,0,0,0,0,0,0,0,118804,0,148.06,148.11,148.13
54,2,0,0,0,95766,95766,95766,1513,1513,1513,591,591,591,0.00,0.00,0.00,0.00,0.00,0.00,0.00,0.00,0.00,0.00,0.00,0.00,0.00,0.00,0.00,0.00,0.00,0.00,0.00,0.00,0.00,296117,474396,1113975,311840,489363,1131151,0,0,0,0,0,0,0,121173,0,134.19,134.24,134.29
54,3,0,0,0,95766,95766,95766,1513,1513,1513,591,591,591,0.00,0.00,0.00,0.00,0.00,0.00,0.00,0.00,0.00,0.00,0.00,0.00,0.00,0.00,0.00,0.00,0.00,0.00,0.00,0.00,0.00,263820,405950,487501,277797,420258,503226,0,0,0,0,0,0,0,111785,0,139.42,139.47,139.50
55,0,0,0,0,95763,95763,95763,1516,1516,1516,591,591,591,0.00,0.00,0.00,0.00,0.00,0.00,0.00,0.00,0.00,0.00,0.00,0.00,0.00,0.00,0.00,0.00,0.00,0.00,0.00,0.00,0.00,293532,318182,364315,309257,332335,377420,0,0,0,0,0,0,0,122214,0,135.53,135.58,135.62
55,1,0,0,0,95766,95766,95766,1513,1513,1513,591,591,591,0.00,0.00,0.00,0.00,0.00,0.00,0.00,0.00,0.00,0.00,0.00,0.00,0.00,0.00,0.00,0.00,0.00,0.00,0.00,0.00,0.00,298790,357498,474399,314516,372699,492746,0,0,0,0,0,0,0,133535,0,147.96,148.02,148.10
55,2,0,0,0,95766,95766,95766,1513,1513,1513,591,591,591,0.00,0.00,0.00,0.00,0.00,0.00,0.00,0.00,0.00,0.00,0.00,0.00,0.00,0.00,0.00,0.00,0.00,0.00,0.00,0.00,0.00,202686,320976,448181,209676,334431,466527,0,0,0,0,0,0,0,107742,0,134.41,134.46,134.54
55,3,0,0,0,95766,95766,95766,1513,1513,1513,591,591,591,0.00,0.00,0.00,0.00,0.00,0.00,0.00,0.00,0.00,0.00,0.00,0.00,0.00,0.00,0.00,0.00,0.00,0.00,0.00,0.00,0.00,416736,700845,1373381,429841,715523,1391728,0,0,0,0,0,0,0,112825,0,139.59,140.05,140.62
56,0,0,0,0,95763,95763,95763,1516,1516,1516,591,591,591,0.00,0.00,0.00,0.00,0.00,0.00,0.00,0.00,0.00,0.00,0.00,0.00,0.00,0.00,0.00,0.00,0.00,0.00,0.00,0.00,0.00,343351,772662,2128230,356456,786815,2143956,0,0,0,0,0,0,0,109658,0,135.74,136.07,136.56
56,1,0,0,0,95766,95766,95766,1513,1513,1513,591,591,591,0.00,0.00,0.00,0.00,0.00,0.00,0.00,0.00,0.00,0.00,0.00,0.00,0.00,0.00,0.00,0.00,0.00,0.00,0.00,0.00,0.00,304030,444508,639516,317135,458137,652621,0,0,0,0,0,0,0,118184,0,147.71,148.01,148.20
56,2,0,0,0,95766,95766,95766,1513,1513,1513,591,591,591,0.00,0.00,0.00,0.00,0.00,0.00,0.00,0.00,0.00,0.00,0.00,0.00,0.00,0.00,0.00,0.00,0.00,0.00,0.00,0.00,0.00,301409,367451,479633,314514,381604,495359,0,0,0,0,0,0,0,107455,0,134.01,134.11,134.26
56,3,0,0,0,95766,95766,95766,1513,1513,1513,591,591,591,0.00,0.00,0.00,0.00,0.00,0.00,0.00,0.00,0.00,0.00,0.00,0.00,0.00,0.00,0.00,0.00,0.00,0.00,0.00,0.00,0.00,296153,363786,495365,309257,377415,508470,0,0,0,0,0,0,0,115140,0,140.79,141.53,142.62
57,0,0,6,29,90567,92461,95763,1516,4829,6712,591,591,591,0.00,0.00,0.01,0.00,0.00,0.01,0.00,0.00,0.00,0.00,0.00,0.00,0.00,0.00,0.00,0.00,0.00,0.00,0.00,0.00,0.01,442940,562078,843874,458666,911861,1863346,0,0,0,0,0,0,0,112166,0,136.64,138.19,139.08
57,1,0,9,29,90570,92128,95766,1513,5126,6709,591,591,591,0.00,0.00,0.01,0.00,0.00,0.01,0.00,0.00,0.00,0.00,0.00,0.00,0.00,0.00,0.00,0.00,0.00,0.00,0.00,0.00,0.01,207927,416892,621131,218411,781203,1551665,0,0,0,0,0,0,0,122352,0,147.49,149.71,151.46
57,2,0,2,6,90570,92040,95766,1513,5247,6709,591,591,591,0.00,0.00,0.01,0.00,0.00,0.01,0.00,0.00,0.00,0.00,0.00,0.00,0.00,0.00,0.00,0.00,0.00,0.00,0.00,0.00,0.01,322371,417238,545143,335479,782049,1606500,0,0,0,0,0,0,0,110553,0,134.03,135.68,137.00
57,3,0,6,31,90570,92634,95766,1513,4592,6709,591,591,591,0.00,0.00,0.01,0.00,0.00,0.01,0.00,0.00,0.00,0.00,0.00,0.00,0.00,0.00,0.00,0.00,0.00,0.00,0.00,0.00,0.02,304032,404658,636830,319758,769989,1420420,0,0,0,0,0,0,0,116004,0,143.11,144.18,145.21
58,0,0,0,0,90567,90567,90567,6712,6712,6712,591,591,591,0.00,0.00,0.00,0.00,0.00,0.00,0.00,0.00,0.00,0.00,0.00,0.00,0.00,0.00,0.00,0.00,0.00,0.00,0.00,0.00,0.00,408885,439155,482248,424611,452757,497974,0,0,0,0,0,0,0,108887,0,135.86,137.06,138.85
58,1,0,0,0,90570,90570,90570,6709,6709,6709,591,591,591,0.00,0.00,0.00,0.00,0.00,0.00,0.00,0.00,0.00,0.00,0.00,0.00,0.00,0.00,0.00,0.00,0.00,0.00,0.00,0.00,0.00,298783,332597,420631,311888,346178,433534,0,0,0,0,0,0,0,118080,0,147.49,149.33,151.57
58,2,0,0,0,90570,90570,90570,6709,6709,6709,591,591,591,0.00,0.00,0.00,0.00,0.00,0.00,0.00,0.00,0.00,0.00,0.00,0.00,0.00,0.00,0.00,0.00,0.00,0.00,0.00,0.00,0.00,298769,465992,1103393,311873,479620,1116497,0,0,0,0,0,0,0,120785,0,133.96,135.32,137.03
58,3,0,0,0,90570,90570,90570,6709,6709,6709,591,591,591,0.00,0.00,0.00,0.00,0.00,0.00,0.00,0.00,0.00,0.00,0.00,0.00,0.00,0.00,0.00,0.00,0.00,0.00,0.00,0.00,0.00,290862,323487,382658,301344,336542,395762,0,0,0,0,0,0,0,112561,0,140.27,142.01,143.89
59,0,0,0,0,90567,90567,90567,6712,6712,6712,591,591,591,0.00,0.00,0.00,0.00,0.00,0.00,0.00,0.00,0.00,0.00,0.00,0.00,0.00,0.00,0.00,0.00,0.00,0.00,0.00,0.00,0.00,424591,532049,878011,440317,545678,891116,0,0,0,0,0,0,0,122001,0,135.23,135.36,135.58
59,1,0,0,0,90570,90570,90570,6709,6709,6709,591,591,591,0.00,0.00,0.00,0.00,0.00,0.00,0.00,0.00,0.00,0.00,0.00,0.00,0.00,0.00,0.00,0.00,0.00,0.00,0.00,0.00,0.00,304028,321321,351202,319754,335474,366928,0,0,0,0,0,0,0,132779,0,147.30,147.33,147.38
59,2,0,0,0,90570,90570,90570,6709,6709,6709,591,591,591,0.00,0.00,0.00,0.00,0.00,0.00,0.00,0.00,0.00,0.00,0.00,0.00,0.00,0.00,0.00,0.00,0.00,0.00,0.00,0.00,0.00,304023,358378,555530,317127,372471,568632,0,0,0,0,0,0,0,107342,0,134.00,134.03,134.07
59,3,0,0,0,90570,90570,90570,6709,6709,6709,591,591,591,0.00,0.00,0.00,0.00,0.00,0.00,0.00,0.00,0.00,0.00,0.00,0.00,0.00,0.00,0.00,0.00,0.00,0.00,0.00,0.00,0.00,0,389466,906845,13104,402046,917329,0,0,0,0,0,0,0,126286,0,140.00,140.05,140.10
60,0,0,0,0,90567,90567,90567,6712,6712,6712,591,591,591,0.00,0.00,0.00,0.00,0.00,0.00,0.00,0.00,0.00,0.00,0.00,0.00,0.00,0.00,0.00,0.00,0.00,0.00,0.00,0.00,0.00,429835,797266,1952477,442939,810895,1965581,0,0,0,0,0,0,0,108422,0,135.23,135.26,135.30
60,1,0,0,0,90570,90570,90570,6709,6709,6709,591,591,591,0.00,0.00,0.00,0.00,0.00,0.00,0.00,0.00,0.00,0.00,0.00,0.00,0.00,0.00,0.00,0.00,0.00,0.00,0.00,0.00,0.00,309270,518421,1030033,322375,531526,1040517,0,0,0,0,0,0,0,118196,0,147.39,147.41,147.42
60,2,0,0,0,90570,90570,90570,6709,6709,6709,591,591,591,0.00,0.00,0.00,0.00,0.00,0.00,0.00,0.00,0.00,0.00,0.00,0.00,0.00,0.00,0.00,0.00,0.00,0.00,0.00,0.00,0.00,304026,424064,736480,319751,438217,749585,0,0,0,0,0,0,0,107348,0,133.82,133.88,133.93
60,3,0,0,0,90570,90570,90570,6709,6709,6709,591,591,591,0.00,0.00,0.00,0.00,0.00,0.00,0.00,0.00,0.00,0.00,0.00,0.00,0.00,0.00,0.00,0.00,0.00,0.00,0.00,0.00,0.00,309270,359068,503222,322375,372696,516326,0,0,0,0,0,0,0,84231,0,140.03,140.05,140.09
61,0,0,0,0,90567,90567,90567,6712,6712,6712,591,591,591,0.00,0.00,0.00,0.00,0.00,0.00,0.00,0.00,0.00,0.00,0.00,0.00,0.00,0.00,0.00,0.00,0.00,0.00,0.00,0.00,0.00,429842,453423,511085,445559,473078,524190,0,0,0,0,0,0,0,108916,0,135.24,135.41,135.61
61,1,0,0,0,90570,90570,90570,6709,6709,6709,591,591,591,0.00,0.00,0.00,0.00,0.00,0.00,0.00,0.00,0.00,0.00,0.00,0.00,0.00,0.00,0.00,0.00,0.00,0.00,0.00,0.00,0.00,309273,324992,366926,322377,338751,382651,0,0,0,0,0,0,0,88755,0,147.41,147.50,147.58
61,2,0,0,0,90570,90570,90570,6709,6709,6709,591,591,591,0.00,0.00,0.00,0.00,0.00,0.00,0.00,0.00,0.00,0.00,0.00,0.00,0.00,0.00,0.00,0.00,0.00,0.00,0.00,0.00,0.00,298769,306643,314511,311873,328136,361687,0,0,0,0,0,0,0,80706,0,133.93,134.07,134.15
61,3,0,0,0,90570,90570,90570,6709,6709,6709,591,591,591,0.00,0.00,0.00,0.00,0.00,0.00,0.00,0.00,0.00,0.00,0.00,0.00,0.00,0.00,0.00,0.00,0.00,0.00,0.00,0.00,0.00,296168,322371,382660,311874,336786,398386,0,0,0,0,0,0,0,113910,0,140.12,140.99,142.01
62,0,0,13,54,87977,87987,88019,9260,9291,9302,591,591,591,0.00,0.00,0.00,0.00,0.00,0.00,0.00,0.00,0.00,0.00,0.00,0.00,0.00,0.00,0.00,0.00,0.00,0.00,0.00,0.00,0.00,326239,524862,913264,424629,683996,1332594,0,0,0,0,0,0,0,83539,0,136.08,137.42,138.18
62,1,0,11,44,87980,89274,90570,6709,8258,9299,591,591,591,0.00,0.00,0.00,0.00,0.00,0.00,0.00,0.00,0.00,0.00,0.00,0.00,0.00,0.00,0.00,0.00,0.00,0.00,0.00,0.00,0.01,215731,404272,545156,445269,569233,798254,0,0,0,0,0,0,0,119733,0,147.67,148.35,149.13
62,2,0,10,40,87980,89521,90570,6709,7603,9299,591,591,591,0.00,0.00,0.00,0.00,0.00,0.00,0.00,0.00,0.00,0.00,0.00,0.00,0.00,0.00,0.00,0.00,0.00,0.00,0.00,0.00,0.01,96968,279913,345962,319754,469136,547738,0,0,0,0,0,0,0,122167,0,134.22,134.58,135.35
62,3,0,3,19,87980,88951,90570,6711,8652,9299,591,591,591,0.00,0.00,0.00,0.00,0.00,0.00,0.00,0.00,0.00,0.00,0.00,0.00,0.00,0.00,0.00,0.00,0.00,0.00,0.00,0.00,0.01,295718,383679,707775,319755,537247,1207078,0,0,0,0,0,0,0,129989,0,143.20,144.11,144.63
63,0,0,3,8,86485,86762,86977,10302,10516,10794,591,591,591,0.00,0.00,0.02,0.00,0.00,0.01,0.00,0.00,0.00,0.00,0.00,0.00,0.00,0.00,0.00,0.00,0.00,0.00,0.00,0.00,0.01,442922,460741,516303,492718,597548,704978,0,0,0,0,0,0,0,124041,0,135.95,136.99,138.32
63,1,0,1,4,86488,87193,87980,9299,10299,10809,591,591,591,0.00,0.00,0.00,0.00,0.00,0.00,0.00,0.00,0.00,0.00,0.00,0.00,0.00,0.00,0.00,0.00,0.00,0.00,0.00,0.00,0.01,306653,439260,699760,406250,577642,972326,0,0,0,0,0,0,0,134505,0,148.03,148.87,149.17
63,2,0,1,6,86500,87428,87980,9299,9941,10789,591,591,591,0.00,0.00,0.00,0.00,0.00,0.00,0.00,0.00,0.00,0.00,0.00,0.00,0.00,0.00,0.00,0.00,0.00,0.00,0.00,0.00,0.00,282787,459324,1035242,318778,571109,1145319,0,0,0,0,0,0,0,108069,0,134.62,135.26,135.57
63,3,0,2,10,86488,86789,87140,9659,10385,10791,591,591,591,0.00,0.00,0.00,0.00,0.00,0.00,0.00,0.00,0.00,0.00,0.00,0.00,0.00,0.00,0.00,0.00,0.00,0.00,0.00,0.00,0.01,296155,475950,964513,393126,597563,1140117,0,0,0,0,0,0,0,114122,0,140.93,142.20,143.69
64,0,0,19,99,86001,86465,87161,9998,10790,11278,591,591,591,0.00,0.00,0.02,0.00,0.00,0.00,0.00,0.00,0.00,0.00,0.00,0.00,0.00,0.00,0.00,0.00,0.00,0.00,0.00,0.00,0.00,529423,1945732,3344265,1250084,2815341,4576158,0,414602,1947211,0,0,0,0,111635,0,136.68,137.68,139.50
64,1,0,2,10,86004,86440,87164,9575,10703,11275,591,591,591,0.00,0.01,0.02,0.00,0.00,0.01,0.00,0.00,0.00,0.00,0.00,0.00,0.00,0.00,0.00,0.00,0.00,0.00,0.00,0.00,0.01,427205,1527953,2911805,1483342,2396510,3637791,0,0,0,0,0,0,0,122384,0,148.72,150.21,152.39
64,2,0,4,14,86004,86940,88484,8815,10343,11275,591,591,591,0.00,0.01,0.03,0.00,0.00,0.01,0.00,0.00,0.00,0.00,0.00,0.00,0.00,0.00,0.00,0.00,0.00,0.00,0.00,0.01,0.01,348514,1423965,2809438,458571,2114780,3514419,0,0,0,0,0,0,0,112159,0,135.72,137.36,139.66
64,3,0,6,30,86004,86488,87264,9715,10711,11275,591,591,591,0.00,0.01,0.03,0.00,0.00,0.01,0.00,0.00,0.00,0.00,0.00,0.00,0.00,0.00,0.00,0.00,0.00,0.00,0.00,0.00,0.01,345945,1527922,3157989,597542,2153776,3886555,0,0,0,0,0,0,0,117359,0,141.90,143.48,146.10
65,0,0,1,7,86361,86361,86361,10918,10918,10918,591,591,591,0.00,0.00,0.02,0.00,0.00,0.02,0.00,0.00,0.00,0.00,0.00,0.00,0.00,0.00,0.00,0.00,0.00,0.00,0.00,0.00,0.02,429832,544610,917284,445557,719674,1119031,0,524,2620,0,0,0,0,108978,0,137.19,139.07,140.27
65,1,0,0,0,86364,86364,86364,10915,10915,10915,591,591,591,0.00,0.00,0.02,0.00,0.00,0.02,0.00,0.00,0.00,0.00,0.00,0.00,0.00,0.00,0.00,0.00,0.00,0.00,0.00,0.00,0.01,306638,454977,720662,319742,630035,1512081,0,0,0,0,1048,5241,0,118490,0,148.46,151.89,153.87
65,2,0,1,8,86364,86364,86364,10915,10915,10915,591,591,591,0.00,0.00,0.02,0.00,0.00,0.02,0.00,0.00,0.00,0.00,0.00,0.00,0.00,0.00,0.00,0.00,0.00,0.00,0.00,0.00,0.02,317132,404140,600180,330237,800937,1449350,0,524,2620,0,0,0,0,121214,0,136.35,138.89,140.66
65,3,0,0,4,86364,86364,86364,10915,10915,10915,591,591,591,0.00,0.01,0.02,0.00,0.00,0.02,0.00,0.00,0.00,0.00,0.00,0.00,0.00,0.00,0.00,0.00,0.00,0.00,0.00,0.00,0.01,303999,347003,403629,330233,812473,1876616,0,90807258,454036294,0,61620634,308103170,0,115555,0,144.37,146.25,147.81
66,0,0,0,2,86351,86359,86361,10918,10920,10928,591,591,591,0.00,0.00,0.00,0.00,0.00,0.00,0.00,0.00,0.00,0.00,0.00,0.00,0.00,0.00,0.00,0.00,0.00,0.00,0.00,0.00,0.00,416729,581950,1069285,432454,620026,1210809,0,0,0,0,0,0,0,110608,0,135.61,136.46,137.05
66,1,0,0,2,86354,86362,86364,10915,10917,10925,591,591,591,0.00,0.00,0.00,0.00,0.00,0.00,0.00,0.00,0.00,0.00,0.00,0.00,0.00,0.00,0.00,0.00,0.00,0.00,0.00,0.00,0.00,290870,358260,571379,298732,382864,647388,0,0,0,0,0,0,0,119445,0,147.99,148.45,148.70
66,2,0,0,0,86364,86364,86364,10915,10915,10915,591,591,591,0.00,0.00,0.00,0.00,0.00,0.00,0.00,0.00,0.00,0.00,0.00,0.00,0.00,0.00,0.00,0.00,0.00,0.00,0.00,0.00,0.00,207470,551515,1242262,221302,565813,1255366,0,0,0,0,0,0,0,108313,0,134.44,134.63,134.73
66,3,0,0,0,86354,86362,86364,10915,10917,10925,591,591,591,0.00,0.00,0.00,0.00,0.00,0.00,0.00,0.00,0.00,0.00,0.00,0.00,0.00,0.00,0.00,0.00,0.00,0.00,0.00,0.00,0.00,223650,474558,1040515,232386,488885,1053620,0,0,0,0,0,0,0,120866,0,144.57,147.92,150.45
67,0,0,40,100,83165,84726,86351,10928,12552,14114,591,591,591,0.00,0.28,0.70,0.00,0.12,0.30,0.00,0.13,0.33,0.00,0.00,0.00,0.00,0.02,0.06,0.00,0.00,0.00,0.00,0.08,0.22,429782,984350,1871262,448126,1210242,1892228,0,0,0,0,0,0,0,253877,0,137.02,189.05,267.49
67,1,0,22,100,84128,85005,86354,10925,12273,13151,591,591,591,0.00,0.19,0.80,0.00,0.08,0.34,0.00,0.09,0.36,0.00,0.00,0.00,0.00,0.02,0.06,0.00,0.00,0.00,0.00,0.06,0.25,309241,862374,1687736,332827,1116231,2473948,0,0,0,0,0,0,0,231965,0,148.56,194.47,248.56
67,2,1,21,71,83168,84729,86354,10925,12549,14111,591,591,591,0.00,0.27,0.83,0.00,0.10,0.35,0.00,0.11,0.38,0.00,0.00,0.00,0.00,0.02,0.07,0.00,0.00,0.00,0.00,0.08,0.24,335427,669856,901500,610640,912003,1195023,0,0,0,0,0,0,0,244850,0,134.91,187.70,268.34
67,3,0,24,63,83168,84729,86354,10925,12549,14111,591,591,591,0.00,0.15,0.69,0.00,0.06,0.29,0.00,0.06,0.31,0.00,0.00,0.00,0.00,0.01,0.06,0.00,0.00,0.00,0.00,0.08,0.21,309234,806147,1024677,330199,1049868,1797730,0,0,0,0,0,0,0,195504,0,150.31,203.33,276.62
68,0,0,6,17,62345,62345,62345,34934,34934,34934,591,591,591,0.00,0.04,0.09,0.00,0.03,0.08,0.00,0.00,0.00,0.00,0.00,0.00,0.00,0.00,0.00,0.00,0.00,0.00,0.00,0.02,0.06,432457,467034,511042,448183,1741505,3571963,0,0,0,0,0,0,0,116123,0,147.12,224.47,269.26
68,1,0,0,3,83728,83728,83728,13551,13551,13551,591,591,591,0.00,0.01,0.02,0.00,0.00,0.01,0.00,0.00,0.00,0.00,0.00,0.00,0.00,0.00,0.00,0.00,0.00,0.00,0.00,0.00,0.01,309270,385270,529429,324996,1402188,3470121,0,0,0,0,0,0,0,88620,0,149.48,218.23,250.10
68,2,0,6,18,62348,63920,70208,27111,33367,34931,591,591,591,0.00,0.04,0.10,0.00,0.03,0.08,0.00,0.00,0.00,0.00,0.00,0.00,0.00,0.00,0.01,0.00,0.00,0.00,0.00,0.03,0.06,317116,347276,403605,353832,1372801,2922205,0,0,0,0,0,0,0,102775,0,146.76,218.19,272.94
68,3,0,7,20,62348,63744,69328,23871,32719,34931,591,591,591,0.00,0.03,0.10,0.00,0.08,0.29,0.00,0.00,0.00,0.00,0.00,0.00,0.00,0.00,0.00,0.00,0.00,0.00,0.00,0.03,0.06,304014,432173,774735,787822,1712427,3540710,0,0,0,0,0,0,0,128470,0,156.83,230.57,279.57
69,0,0,0,0,62345,62345,62345,34934,34934,34934,591,591,591,0.00,0.00,0.00,0.00,0.00,0.00,0.00,0.00,0.00,0.00,0.00,0.00,0.00,0.00,0.00,0.00,0.00,0.00,0.00,0.00,0.00,408856,574637,1022164,421960,575554,1035269,0,0,0,0,0,0,0,80784,0,134.66,138.55,142.47
69,1,0,0,0,83728,83728,83728,13551,13551,13551,591,591,591,0.00,0.00,0.00,0.00,0.00,0.00,0.00,0.00,0.00,0.00,0.00,0.00,0.00,0.00,0.00,0.00,0.00,0.00,0.00,0.00,0.00,294419,332491,387824,315080,347106,400926,0,0,0,0,0,0,0,117864,0,147.04,147.63,149.34
69,2,0,0,0,62348,62348,62348,34931,34931,34931,591,591,591,0.00,0.00,0.00,0.00,0.00,0.00,0.00,0.00,0.00,0.00,0.00,0.00,0.00,0.00,0.00,0.00,0.00,0.00,0.00,0.00,0.00,304568,544738,1158453,314892,610116,1171558,0,0,0,0,0,0,0,107884,0,134.61,138.25,142.41
69,3,0,0,0,62348,62348,62348,34931,34931,34931,591,591,591,0.00,0.00,0.00,0.00,0.00,0.00,0.00,0.00,0.00,0.00,0.00,0.00,0.00,0.00,0.00,0.00,0.00,0.00,0.00,0.00,0.00,0,382640,820351,13104,397317,838698,0,0,0,0,0,0,0,112791,0,141.44,147.30,154.43
70,0,0,0,0,62345,62345,62345,34934,34934,34934,591,591,591,0.00,0.00,0.00,0.00,0.00,0.00,0.00,0.00,0.00,0.00,0.00,0.00,0.00,0.00,0.00,0.00,0.00,0.00,0.00,0.00,0.00,283467,429429,605451,292110,442682,618556,0,0,0,0,0,0,0,107514,0,134.06,134.17,134.32
70,1,0,0,0,83728,83728,83728,13551,13551,13551,591,591,591,0.00,0.00,0.00,0.00,0.00,0.00,0.00,0.00,0.00,0.00,0.00,0.00,0.00,0.00,0.00,0.00,0.00,0.00,0.00,0.00,0.00,7862,460237,1299988,23588,473341,1310472,0,0,0,0,0,0,0,117775,0,147.11,147.13,147.17
70,2,0,0,0,62348,62348,62348,34931,34931,34931,591,591,591,0.00,0.00,0.00,0.00,0.00,0.00,0.00,0.00,0.00,0.00,0.00,0.00,0.00,0.00,0.00,0.00,0.00,0.00,0.00,0.00,0.00,306647,329178,377414,319754,343855,390519,0,0,0,0,0,0,0,107685,0,134.45,134.49,134.57
70,3,0,0,0,62348,62348,62348,34931,34931,34931,591,591,591,0.00,0.00,0.00,0.00,0.00,0.00,0.00,0.00,0.00,0.00,0.00,0.00,0.00,0.00,0.00,0.00,0.00,0.00,0.00,0.00,0.00,290921,322375,395765,304026,336528,411491,0,0,0,0,0,0,0,112635,0,140.36,140.46,140.80
71,0,0,0,0,62345,62345,62345,34934,34934,34934,591,591,591,0.00,0.00,0.00,0.00,0.00,0.00,0.00,0.00,0.00,0.00,0.00,0.00,0.00,0.00,0.00,0.00,0.00,0.00,0.00,0.00,0.00,424593,763743,1994538,437698,776848,2007643,0,0,0,0,0,0,0,121156,0,134.10,134.16,134.21
71,1,0,0,0,83728,83728,83728,13551,13551,13551,591,591,591,0.00,0.00,0.00,0.00,0.00,0.00,0.00,0.00,0.00,0.00,0.00,0.00,0.00,0.00,0.00,0.00,0.00,0.00,0.00,0.00,0.00,314494,388595,526812,330219,401875,542538,0,0,0,0,0,0,0,117513,0,146.69,146.89,147.10
71,2,0,0,0,62348,62348,62348,34931,34931,34931,591,591,591,0.00,0.00,0.00,0.00,0.00,0.00,0.00,0.00,0.00,0.00,0.00,0.00,0.00,0.00,0.00,0.00,0.00,0.00,0.00,0.00,0.00,204433,334952,537295,213170,347183,550400,0,0,0,0,0,0,0,107804,0,134.36,134.42,134.47
71,3,0,0,0,62348,62348,62348,34931,34931,34931,591,591,591,0.00,0.00,0.00,0.00,0.00,0.00,0.00,0.00,0.00,0.00,0.00,0.00,0.00,0.00,0.00,0.00,0.00,0.00,0.00,0.00,0.00,290925,330061,410602,306650,342292,419339,0,0,0,0,0,0,0,112615,0,140.42,140.47,140.57
72,0,0,0,0,62343,62344,62345,34934,34934,34936,591,591,591,0.00,0.00,0.00,0.00,0.00,0.00,0.00,0.00,0.00,0.00,0.00,0.00,0.00,0.00,0.00,0.00,0.00,0.00,0.00,0.00,0.00,450801,2095076,4499734,466526,2158325,4654355,0,0,0,0,0,0,0,137126,0,134.15,145.17,189.17
72,1,0,13,69,83726,83727,83728,13551,13551,13553,591,591,591,0.00,0.00,0.00,0.00,0.00,0.00,0.00,0.00,0.00,0.00,0.00,0.00,0.00,0.00,0.00,0.00,0.00,0.00,0.00,0.00,0.00,304029,1537055,3598901,317134,1598932,3687956,0,0,0,0,0,0,0,165010,0,146.70,149.13,158.80
72,2,0,13,66,62346,62347,62348,34931,34931,34933,591,591,591,0.00,0.05,0.25,0.00,0.01,0.07,0.00,0.01,0.07,0.00,0.00,0.00,0.00,0.01,0.03,0.00,0.00,0.00,0.00,0.01,0.04,298786,1607430,4037163,314512,1686059,4126238,0,0,0,0,0,0,0,186541,0,134.44,140.40,164.16
72,3,0,12,62,62346,62347,62348,34931,34931,34933,591,591,591,0.00,0.00,0.00,0.00,0.00,0.00,0.00,0.00,0.00,0.00,0.00,0.00,0.00,0.00,0.00,0.00,0.00,0.00,0.00,0.00,0.00,304028,2005021,5471693,317133,2066519,5660372,0,0,0,0,0,0,0,183841,0,140.44,150.86,191.99
73,0,98,99,100,62337,62338,62343,34936,34940,34942,591,591,591,0.76,0.91,0.98,0.22,0.28,0.32,0.23,0.34,0.43,0.00,0.00,0.00,0.10,0.14,0.19,0.00,0.00,0.00,0.07,0.10,0.14,379734,592326,948679,491216,856830,1535707,0,0,0,0,0,0,0,464297,0,273.29,409.84,517.63
73,1,5,38,86,67756,76137,83726,13553,21121,29523,591,591,591,0.14,0.32,0.79,0.06,0.14,0.34,0.03,0.10,0.30,0.00,0.00,0.00,0.00,0.03,0.11,0.00,0.00,0.00,0.03,0.08,0.13,159867,495308,801906,311873,985558,1790749,0,0,0,0,0,0,0,173532,0,201.43,258.65,296.11
73,2,48,89,100,62340,62341,62346,34933,34937,34939,591,591,591,0.68,0.91,0.97,0.21,0.27,0.32,0.19,0.34,0.43,0.00,0.00,0.00,0.09,0.14,0.19,0.00,0.00,0.00,0.07,0.10,0.16,317067,654920,1214842,479531,903705,1255936,0,0,0,0,0,0,0,401010,0,242.37,381.16,510.80
73,3,37,87,100,62340,62341,62346,34933,34937,34939,591,591,591,0.61,0.84,0.98,0.19,0.26,0.31,0.18,0.30,0.42,0.00,0.00,0.00,0.08,0.13,0.18,0.00,0.00,0.00,0.07,0.10,0.16,372114,759592,1514506,762571,994925,1530227,0,0,0,0,0,0,0,288254,0,269.06,390.03,494.54
74,0,34,66,99,46631,57629,62337,34942,39665,50728,591,591,591,0.20,0.56,0.98,0.10,0.19,0.32,0.05,0.22,0.44,0.00,0.00,0.00,0.00,0.08,0.19,0.00,0.00,0.00,0.06,0.09,0.13,458619,918807,2078203,849106,1605958,2568324,0,0,0,0,0,0,0,242240,0,355.25,455.79,527.47
74,1,100,100,100,67756,67756,67756,29523,29523,29523,591,591,591,0.01,0.01,0.01,0.00,0.00,0.00,0.00,0.00,0.00,0.00,0.00,0.00,0.00,0.00,0.00,0.00,0.00,0.00,0.00,0.00,0.00,309267,383177,524192,322371,746440,1682643,0,0,0,0,0,0,0,88705,0,147.64,174.11,208.62
74,2,4,54,99,48018,58114,62340,34939,39168,49281,591,591,591,0.18,0.51,0.97,0.09,0.19,0.32,0.05,0.20,0.40,0.00,0.00,0.00,0.00,0.07,0.17,0.00,0.00,0.00,0.08,0.09,0.12,218397,400059,547723,263824,1263500,2356075,0,0,0,0,0,0,0,207488,0,352.68,450.59,524.73
74,3,18,58,100,49360,58604,62340,34939,38667,47919,591,591,591,0.17,0.61,0.98,0.09,0.21,0.30,0.05,0.24,0.42,0.00,0.00,0.00,0.00,0.09,0.18,0.00,0.00,0.00,0.06,0.09,0.14,309245,390479,597506,387866,1041448,2397841,0,0,0,0,0,0,0,326719,0,377.49,460.20,517.37
75,0,33,41,58,28537,31339,37931,59348,65949,68742,591,591,591,0.16,0.32,0.86,0.10,0.11,0.11,0.03,0.04,0.06,0.00,0.00,0.00,0.00,0.00,0.00,0.00,0.00,0.00,0.09,0.09,0.10,442879,832535,1317565,1826578,2624735,3263791,0,0,0,0,0,0,0,159812,0,234.22,256.76,298.21
75,1,79,94,100,67680,67718,67756,29523,29561,29599,591,591,591,0.01,0.08,0.30,0.00,0.04,0.16,0.00,0.02,0.07,0.00,0.00,0.00,0.00,0.00,0.01,0.00,0.00,0.00,0.00,0.03,0.12,309271,560180,788779,1606385,1864692,2015361,0,0,0,0,0,0,0,172596,0,147.45,159.93,197.10
75,2,20,29,35,28540,31808,39296,57999,65485,68739,591,591,591,0.12,0.27,0.52,0.08,0.15,0.32,0.01,0.06,0.10,0.00,0.00,0.00,0.00,0.01,0.01,0.00,0.00,0.00,0.07,0.13,0.27,327586,691777,1409597,1719157,2338178,2670515,0,0,0,0,0,0,0,255485,0,233.25,258.06,297.91
75,3,22,32,47,28540,32699,40760,56479,64569,68739,591,591,591,0.19,0.20,0.21,0.10,0.11,0.14,0.03,0.05,0.06,0.00,0.00,0.00,0.00,0.00,0.01,0.00,0.00,0.00,0.08,0.10,0.12,324057,611641,1307569,2101544,2434648,2724845,0,0,0,0,0,0,0,270846,0,250.88,276.67,322.51
76,0,100,100,100,28537,28537,28537,68742,68742,68742,591,591,591,0.86,0.90,0.99,0.15,0.32,0.53,0.16,0.32,0.47,0.00,0.00,0.00,0.02,0.08,0.12,0.00,0.00,0.00,0.03,0.20,0.45,492693,782423,1129300,587038,1021404,1525199,0,287796686,754853335,0,280430219,761585937,0,415612,0,308.97,420.21,514.97
76,1,100,100,100,67680,67680,67680,29599,29599,29599,591,591,591,0.18,0.31,0.56,0.05,0.10,0.21,0.00,0.05,0.16,0.00,0.00,0.00,0.00,0.01,0.03,0.00,0.00,0.00,0.00,0.04,0.11,319729,372107,534417,345919,420119,604123,0,278191181,750254511,0,300414032,730413953,0,182254,0,211.02,229.82,252.56
76,2,98,99,100,28540,28540,28540,68739,68739,68739,591,591,591,0.86,0.91,0.99,0.15,0.28,0.53,0.16,0.35,0.47,0.00,0.00,0.00,0.02,0.09,0.12,0.00,0.00,0.00,0.03,0.16,0.46,327814,429795,707521,377247,600596,1050942,0,286922374,754878406,0,279528890,761584837,0,399097,0,318.13,424.43,511.64
76,3,98,99,100,27860,27996,28540,68739,69283,69419,591,591,591,0.86,0.90,0.99,0.15,0.32,0.53,0.16,0.32,0.47,0.00,0.00,0.00,0.02,0.08,0.12,0.00,0.00,0.00,0.03,0.20,0.45,395701,572853,1171437,416665,828577,1305091,0,287848425,754872105,0,280453092,761573146,0,388228,0,326.72,423.32,513.76
77,0,100,100,100,28437,28477,28537,68742,68802,68842,591,591,591,0.87,0.92,0.93,0.17,0.22,0.25,0.35,0.38,0.42,0.00,0.00,0.00,0.07,0.09,0.11,0.00,0.00,0.00,0.06,0.09,0.10,581796,962286,1354873,631589,1015747,1480664,642024059,654869145,663457239,640684909,655136435,664799039,0,412655,0,508.75,515.21,522.86
77,1,100,100,100,67580,67600,67680,29599,29679,29699,591,591,591,0.19,0.30,0.39,0.05,0.09,0.12,0.00,0.05,0.08,0.00,0.00,0.00,0.00,0.01,0.02,0.00,0.00,0.00,0.00,0.03,0.04,309253,591240,1472836,332844,642257,1527871,35648379,589492215,870359317,35643138,581557984,870359317,0,191232,0,214.84,227.10,239.31
77,2,99,99,100,27760,28072,28540,68739,69207,69519,591,591,591,0.86,0.90,0.93,0.20,0.23,0.27,0.35,0.38,0.41,0.00,0.00,0.00,0.08,0.10,0.11,0.00,0.00,0.00,0.07,0.09,0.12,328459,513823,815046,364274,569206,864840,428018078,740485829,1305508417,427130537,740571942,1305500555,0,407839,0,506.69,508.41,510.27
77,3,99,99,100,27780,27812,27860,69419,69467,69499,591,591,591,0.87,0.90,0.93,0.18,0.23,0.25,0.35,0.38,0.41,0.00,0.00,0.00,0.09,0.10,0.11,0.00,0.00,0.00,0.06,0.09,0.10,314494,521343,938205,361669,575853,953929,0,603440189,870338511,0,568124707,870342005,0,403308,0,499.03,502.10,504.45
78,0,100,100,100,28437,28437,28437,68842,68842,68842,591,591,591,0.86,0.89,0.99,0.17,0.22,0.27,0.35,0.38,0.45,0.00,0.00,0.00,0.07,0.10,0.12,0.00,0.00,0.00,0.04,0.09,0.12,453366,1054069,2075593,487433,1092579,2107042,0,643376317,1269398603,0,643108520,1269393507,0,398491,0,502.53,511.76,520.90
78,1,100,100,100,66900,67308,67580,29699,29971,30379,591,591,591,0.29,0.33,0.35,0.10,0.10,0.11,0.04,0.06,0.07,0.00,0.00,0.00,0.01,0.01,0.02,0.00,0.00,0.00,0.03,0.03,0.03,314506,354331,461265,361686,410941,492715,570929305,629002820,664773306,610612192,636937382,660745441,0,169853,0,216.47,225.92,238.91
78,2,100,100,100,27760,27760,27760,69519,69519,69519,591,591,591,0.86,0.89,0.94,0.18,0.23,0.27,0.34,0.37,0.43,0.00,0.00,0.00,0.07,0.09,0.12,0.00,0.00,0.00,0.05,0.09,0.12,327567,653069,1331297,379978,703909,1412537,0,536976448,1305412668,0,559135205,1305412668,0,461807,0,510.88,513.22,514.36
78,3,100,100,100,27780,27780,27780,69499,69499,69499,591,591,591,0.87,0.92,0.99,0.18,0.21,0.26,0.36,0.40,0.46,0.00,0.00,0.00,0.07,0.10,0.12,0.00,0.00,0.00,0.04,0.08,0.12,133627,419249,636824,162448,462619,712824,464103661,613192301,663447582,631740365,648511063,664789362,0,450578,0,504.70,508.98,511.19
79,0,100,100,100,28437,28437,28437,68842,68842,68842,591,591,591,0.86,0.92,0.99,0.15,0.21,0.26,0.34,0.39,0.47,0.00,0.00,0.00,0.07,0.09,0.12,0.00,0.00,0.00,0.03,0.08,0.12,513654,1185879,2303576,560826,1228253,2353369,0,516614562,663456219,0,516604804,664784903,0,411962,0,503.74,509.35,512.17
79,1,0,80,100,66800,66880,66900,30379,30399,30479,591,591,591,0.07,0.26,0.32,0.02,0.08,0.10,0.00,0.04,0.06,0.00,0.00,0.00,0.00,0.01,0.01,0.00,0.00,0.00,0.01,0.02,0.03,208625,389767,545146,234703,425384,584459,441022978,610424789,664832294,438354316,588535932,660745504,0,184949,0,196.30,215.57,234.69
79,2,100,100,100,27760,27760,27760,69519,69519,69519,591,591,591,0.87,0.91,0.99,0.15,0.21,0.27,0.35,0.39,0.47,0.00,0.00,0.00,0.08,0.10,0.12,0.00,0.00,0.00,0.03,0.08,0.12,263808,489314,859622,300496,525273,877968,0,545560833,846538984,0,528418418,870302671,0,301565,0,497.94,507.30,511.37
79,3,99,99,100,27780,27780,27780,69499,69499,69499,591,591,591,0.86,0.90,0.98,0.16,0.23,0.27,0.35,0.38,0.46,0.00,0.00,0.00,0.08,0.10,0.11,0.00,0.00,0.00,0.04,0.09,0.12,351174,460174,662993,406209,500707,712783,428022061,604934878,663462333,427127528,612419459,664806764,0,301025,0,500.91,501.98,503.09
80,0,0,21,86,27757,27797,27917,69422,69497,69522,591,591,591,0.00,0.31,0.93,0.01,0.10,0.25,0.00,0.15,0.40,0.00,0.00,0.00,0.00,0.04,0.11,0.00,0.00,0.00,0.01,0.05,0.10,461217,894290,1150591,518869,949972,1179369,0,348435466,723349838,0,357638104,765796262,0,99524,0,243.16,348.27,448.68
80,1,0,42,100,66800,66800,66800,30479,30479,30479,591,591,591,0.00,0.07,0.17,0.00,0.02,0.05,0.00,0.00,0.01,0.00,0.00,0.00,0.00,0.00,0.00,0.00,0.00,0.00,0.00,0.00,0.01,306653,320401,330229,322379,356437,398355,0,191505352,766021409,0,191504744,638348553,0,92001,0,157.28,177.14,198.43
80,2,0,17,64,27660,27685,27760,69519,69594,69619,591,591,591,0.00,0.06,0.20,0.00,0.02,0.06,0.00,0.01,0.05,0.00,0.00,0.00,0.00,0.00,0.02,0.00,0.00,0.00,0.00,0.02,0.05,327604,752854,1064092,421954,797409,1077197,0,191510648,723434415,0,191510988,766043955,0,149842,0,228.69,330.28,422.68
80,3,0,13,45,27760,27765,27780,69499,69514,69519,591,591,591,0.00,0.17,0.49,0.00,0.04,0.11,0.00,0.06,0.19,0.00,0.00,0.00,0.00,0.01,0.04,0.00,0.00,0.00,0.00,0.02,0.05,298786,514343,893746,317133,552998,930439,0,191486956,723338916,0,191485014,765940057,0,141453,0,245.63,345.39,438.33
81,0,0,0,0,27757,27757,27757,69522,69522,69522,591,591,591,0.00,0.00,0.00,0.00,0.00,0.00,0.00,0.00,0.00,0.00,0.00,0.00,0.00,0.00,0.00,0.00,0.00,0.00,0.00,0.00,0.00,431558,550414,707650,445563,566261,720754,0,0,0,0,0,0,0,109013,0,136.00,145.54,166.18
81,1,0,0,0,66800,66800,66800,30479,30479,30479,591,591,591,0.00,0.00,0.00,0.00,0.00,0.00,0.00,0.00,0.00,0.00,0.00,0.00,0.00,0.00,0.00,0.00,0.00,0.00,0.00,0.00,0.00,301404,402045,642130,314509,419343,676202,0,0,0,0,0,0,0,117895,0,147.28,149.98,155.83
81,2,0,0,0,27660,27660,27660,69619,69619,69619,591,591,591,0.00,0.00,0.00,0.00,0.00,0.00,0.00,0.00,0.00,0.00,0.00,0.00,0.00,0.00,0.00,0.00,0.00,0.00,0.00,0.00,0.00,309273,523125,1032588,322370,536230,1043071,0,0,0,0,0,0,0,109208,0,136.29,144.13,155.63
81,3,0,0,0,27760,27760,27760,69519,69519,69519,591,591,591,0.00,0.00,0.00,0.00,0.00,0.00,0.00,0.00,0.00,0.00,0.00,0.00,0.00,0.00,0.00,0.00,0.00,0.00,0.00,0.00,0.00,0,412530,812491,10483,429828,825596,0,0,0,0,0,0,0,114444,0,142.71,152.35,172.79
82,0,0,0,0,27757,27757,27757,69522,69522,69522,591,591,591,0.00,0.00,0.00,0.00,0.00,0.00,0.00,0.00,0.00,0.00,0.00,0.00,0.00,0.00,0.00,0.00,0.00,0.00,0.00,0.00,0.00,421773,756359,1997157,435120,770036,2012883,0,0,0,0,0,0,0,108751,0,135.71,135.78,135.90
82,1,0,0,0,66800,66800,66800,30479,30479,30479,591,591,591,0.00,0.00,0.00,0.00,0.00,0.00,0.00,0.00,0.00,0.00,0.00,0.00,0.00,0.00,0.00,0.00,0.00,0.00,0.00,0.00,0.00,204436,419000,707654,214919,432090,720759,0,0,0,0,0,0,0,132381,0,146.95,147.02,147.17
82,2,0,0,0,27660,27660,27660,69619,69619,69619,591,591,591,0.00,0.00,0.00,0.00,0.00,0.00,0.00,0.00,0.00,0.00,0.00,0.00,0.00,0.00,0.00,0.00,0.00,0.00,0.00,0.00,0.00,306644,322756,363592,319749,336858,379064,0,0,0,0,0,0,0,108719,0,135.71,135.91,136.18
82,3,0,0,0,27760,27760,27760,69519,69519,69519,591,591,591,0.00,0.00,0.00,0.00,0.00,0.00,0.00,0.00,0.00,0.00,0.00,0.00,0.00,0.00,0.00,0.00,0.00,0.00,0.00,0.00,0.00,288295,344040,511963,304021,357669,522447,0,0,0,0,0,0,0,113931,0,141.90,142.21,142.52
83,0,6,80,100,27657,27717,27757,69522,69562,69622,591,591,591,0.00,0.75,0.96,0.00,0.16,0.33,0.00,0.11,0.22,0.00,0.00,0.00,0.00,0.03,0.06,0.00,0.00,0.00,0.00,0.09,0.24,466481,645089,1010918,547723,755674,1063298,0,150052528,632280039,0,141676070,511566889,0,319898,0,150.41,255.72,359.44
83,1,0,65,100,66620,66676,66800,30479,30603,30659,591,591,591,0.00,0.31,0.48,0.00,0.11,0.22,0.00,0.04,0.07,0.00,0.00,0.00,0.00,0.01,0.02,0.00,0.00,0.00,0.00,0.07,0.19,306618,461248,749537,319721,614824,1226515,0,293158299,757065188,0,317322421,751708366,0,200929,0,146.90,194.45,231.12
83,2,0,80,100,27560,27620,27660,69619,69659,69719,591,591,591,0.00,0.74,0.96,0.00,0.20,0.28,0.00,0.16,0.23,0.00,0.00,0.00,0.00,0.05,0.06,0.00,0.00,0.00,0.00,0.11,0.19,330188,564453,914626,403573,665785,974903,0,298556469,711401409,0,293121820,708712563,0,318190,0,138.43,266.28,376.01
83,3,0,59,100,27680,27728,27760,69519,69551,69599,591,591,591,0.00,0.62,0.95,0.00,0.18,0.28,0.00,0.13,0.23,0.00,0.00,0.00,0.00,0.04,0.07,0.00,0.00,0.00,0.00,0.11,0.17,335447,442831,634144,359069,565447,817212,0,301199803,755292090,0,293153694,757047949,0,320336,0,141.97,242.12,356.75
84,0,75,95,100,27657,27657,27657,69622,69622,69622,591,591,591,0.61,0.88,0.96,0.21,0.24,0.27,0.20,0.22,0.23,0.00,0.00,0.00,0.06,0.06,0.07,0.00,0.00,0.00,0.09,0.12,0.15,448293,583916,780958,469118,636335,843854,0,437651193,755476300,0,438185469,757306175,0,294259,0,382.20,396.72,402.96
84,1,100,100,100,66620,66620,66620,30659,30659,30659,591,591,591,0.13,0.24,0.29,0.03,0.07,0.09,0.00,0.02,0.03,0.00,0.00,0.00,0.00,0.00,0.01,0.00,0.00,0.00,0.00,0.02,0.04,311864,378951,526760,340707,398344,539863,0,428458496,724826744,0,413624159,722135494,0,146589,0,176.84,203.52,231.95
84,2,65,93,100,27560,27560,27560,69719,69719,69719,591,591,591,0.52,0.85,0.96,0.11,0.22,0.27,0.10,0.20,0.23,0.00,0.00,0.00,0.03,0.06,0.07,0.00,0.00,0.00,0.04,0.11,0.16,330211,555985,1378096,371987,603152,1391195,78810847,476254485,870062686,196902671,484322130,791385968,0,328929,0,377.06,398.53,406.92
84,3,100,100,100,27680,27680,27680,69599,69599,69599,591,591,591,0.92,0.94,0.96,0.20,0.23,0.27,0.23,0.23,0.24,0.00,0.00,0.00,0.07,0.07,0.07,0.00,0.00,0.00,0.09,0.12,0.16,0,509461,982770,15723,550342,998495,0,423512796,723945721,0,428459883,724873444,0,360246,0,410.87,421.77,431.42
85,0,0,36,92,27657,27657,27657,69622,69622,69622,591,591,591,0.00,0.27,0.81,0.00,0.15,0.35,0.00,0.14,0.34,0.00,0.00,0.00,0.00,0.03,0.07,0.00,0.00,0.00,0.00,0.10,0.25,319690,864864,1913341,393062,961068,1923825,0,0,0,0,0,0,0,174003,0,241.34,321.47,396.09
85,1,0,42,100,54400,56844,66620,30659,40435,42879,591,591,591,0.00,0.31,0.98,0.00,0.14,0.40,0.00,0.12,0.46,0.00,0.00,0.00,0.00,0.02,0.08,0.00,0.00,0.00,0.00,0.10,0.27,339987,570143,746890,584402,880256,1681772,0,0,0,0,0,0,0,200632,0,237.74,274.16,287.83
85,2,0,37,100,27560,27560,27560,69719,69719,69719,591,591,591,0.00,0.36,0.97,0.00,0.17,0.41,0.00,0.15,0.45,0.00,0.00,0.00,0.00,0.03,0.08,0.00,0.00,0.00,0.00,0.12,0.26,301172,463767,741741,314042,669709,1195127,0,0,0,0,0,0,0,166676,0,290.57,353.40,410.07
85,3,0,36,100,27680,27680,27680,69599,69599,69599,591,591,591,0.00,0.33,0.98,0.00,0.14,0.40,0.00,0.13,0.46,0.00,0.00,0.00,0.00,0.02,0.08,0.00,0.00,0.00,0.00,0.10,0.26,324923,510017,678827,403617,725102,1522774,0,0,0,0,0,0,0,140912,0,246.94,347.63,422.97
86,0,0,0,0,27657,27657,27657,69622,69622,69622,591,591,591,0.00,0.00,0.00,0.00,0.00,0.00,0.00,0.00,0.00,0.00,0.00,0.00,0.00,0.00,0.00,0.00,0.00,0.00,0.00,0.00,0.00,424584,502171,655237,435078,516848,670962,0,0,0,0,0,0,0,109271,0,136.35,141.68,161.01
86,1,0,0,0,54400,54400,54400,42879,42879,42879,591,591,591,0.00,0.00,0.00,0.00,0.00,0.00,0.00,0.00,0.00,0.00,0.00,0.00,0.00,0.00,0.00,0.00,0.00,0.00,0.00,0.00,0.00,304012,365880,526817,319736,379508,539922,0,0,0,0,0,0,0,118235,0,147.48,155.63,186.99
86,2,0,0,0,27560,27560,27560,69719,69719,69719,591,591,591,0.00,0.00,0.00,0.00,0.00,0.00,0.00,0.00,0.00,0.00,0.00,0.00,0.00,0.00,0.00,0.00,0.00,0.00,0.00,0.00,0.00,241126,346470,558254,249862,359749,571358,0,0,0,0,0,0,0,81734,0,135.94,154.81,216.72
86,3,0,0,0,27680,27680,27680,69599,69599,69599,591,591,591,0.00,0.00,0.00,0.00,0.00,0.00,0.00,0.00,0.00,0.00,0.00,0.00,0.00,0.00,0.00,0.00,0.00,0.00,0.00,0.00,0.00,293531,328137,435076,304015,342290,453422,0,0,0,0,0,0,0,85577,0,142.71,150.11,174.17
87,0,0,0,0,27657,27657,27657,69622,69622,69622,591,591,591,0.00,0.00,0.00,0.00,0.00,0.00,0.00,0.00,0.00,0.00,0.00,0.00,0.00,0.00,0.00,0.00,0.00,0.00,0.00,0.00,0.00,429823,469136,503190,442928,484206,524156,0,0,0,0,0,0,0,81469,0,135.56,135.71,135.98
87,1,0,0,0,54400,54400,54400,42879,42879,42879,591,591,591,0.00,0.00,0.00,0.00,0.00,0.00,0.00,0.00,0.00,0.00,0.00,0.00,0.00,0.00,0.00,0.00,0.00,0.00,0.00,0.00,0.00,309269,347272,398380,322373,362998,419347,0,0,0,0,0,0,0,88435,0,147.19,147.28,147.45
87,2,0,0,0,27560,27560,27560,69719,69719,69719,591,591,591,0.00,0.00,0.00,0.00,0.00,0.00,0.00,0.00,0.00,0.00,0.00,0.00,0.00,0.00,0.00,0.00,0.00,0.00,0.00,0.00,0.00,296168,333511,387902,311894,349237,411491,0,0,0,0,0,0,0,108671,0,135.62,135.68,135.78
87,3,0,0,0,27680,27680,27680,69599,69599,69599,591,591,591,0.00,0.00,0.00,0.00,0.00,0.00,0.00,0.00,0.00,0.00,0.00,0.00,0.00,0.00,0.00,0.00,0.00,0.00,0.00,0.00,0.00,288296,410829,537290,301401,425899,558257,0,0,0,0,0,0,0,113876,0,141.88,142.01,142.14
88,0,0,0,0,27657,27657,27657,69622,69622,69622,591,591,591,0.00,0.00,0.00,0.00,0.00,0.00,0.00,0.00,0.00,0.00,0.00,0.00,0.00,0.00,0.00,0.00,0.00,0.00,0.00,0.00,0.00,427207,560879,893729,442933,579226,906833,0,0,0,0,0,0,0,108481,0,135.11,135.38,135.51
88,1,0,0,0,54400,54400,54400,42879,42879,42879,591,591,591,0.00,0.00,0.00,0.00,0.00,0.00,0.00,0.00,0.00,0.00,0.00,0.00,0.00,0.00,0.00,0.00,0.00,0.00,0.00,0.00,0.00,306647,420921,655233,319752,439268,689305,0,0,0,0,0,0,0,117821,0,147.04,147.14,147.22
88,2,0,0,0,27560,27560,27560,69719,69719,69719,591,591,591,0.00,0.00,0.00,0.00,0.00,0.00,0.00,0.00,0.00,0.00,0.00,0.00,0.00,0.00,0.00,0.00,0.00,0.00,0.00,0.00,0.00,304012,496926,1022164,314495,514748,1037889,0,0,0,0,0,0,0,122099,0,135.40,135.49,135.59
88,3,0,0,0,27680,27680,27680,69599,69599,69599,591,591,591,0.00,0.00,0.00,0.00,0.00,0.00,0.00,0.00,0.00,0.00,0.00,0.00,0.00,0.00,0.00,0.00,0.00,0.00,0.00,0.00,0.00,314515,509204,862112,327620,527493,875214,0,0,0,0,0,0,0,112999,0,141.25,141.53,141.92
89,0,0,0,0,27657,27657,27657,69622,69622,69622,591,591,591,0.00,0.00,0.00,0.00,0.00,0.00,0.00,0.00,0.00,0.00,0.00,0.00,0.00,0.00,0.00,0.00,0.00,0.00,0.00,0.00,0.00,303938,417294,505843,314419,429875,518948,0,0,0,0,0,0,0,121687,0,134.80,134.89,134.96
89,1,0,0,0,54400,54400,54400,42879,42879,42879,591,591,591,0.00,0.00,0.00,0.00,0.00,0.00,0.00,0.00,0.00,0.00,0.00,0.00,0.00,0.00,0.00,0.00,0.00,0.00,0.00,0.00,0.00,253328,319383,387881,263811,331956,400985,0,0,0,0,0,0,0,132388,0,146.94,146.96,147.00
89,2,0,0,0,27560,27560,27560,69719,69719,69719,591,591,591,0.00,0.00,0.00,0.00,0.00,0.00,0.00,0.00,0.00,0.00,0.00,0.00,0.00,0.00,0.00,0.00,0.00,0.00,0.00,0.00,0.00,298788,368505,618546,314514,382659,634272,0,0,0,0,0,0,0,108331,0,135.15,135.29,135.35
89,3,0,0,0,27680,27680,27680,69599,69599,69599,591,591,591,0.00,0.00,0.00,0.00,0.00,0.00,0.00,0.00,0.00,0.00,0.00,0.00,0.00,0.00,0.00,0.00,0.00,0.00,0.00,0.00,0.00,206181,325341,518948,214918,338096,529431,0,0,0,0,0,0,0,112952,0,140.88,140.99,141.07
90,0,0,0,0,27657,27657,27657,69622,69622,69622,591,591,591,0.00,0.00,0.00,0.00,0.00,0.00,0.00,0.00,0.00,0.00,0.00,0.00,0.00,0.00,0.00,0.00,0.00,0.00,0.00,0.00,0.00,416732,788898,1968332,432457,802527,1984058,0,0,0,0,0,0,0,107734,0,134.50,134.69,134.86
90,1,0,0,0,54400,54400,54400,42879,42879,42879,591,591,591,0.00,0.00,0.00,0.00,0.00,0.00,0.00,0.00,0.00,0.00,0.00,0.00,0.00,0.00,0.00,0.00,0.00,0.00,0.00,0.00,0.00,306651,439793,707651,322377,453946,723376,0,0,0,0,0,0,0,117576,0,146.82,146.89,146.94
90,2,0,0,0,27560,27560,27560,69719,69719,69719,591,591,591,0.00,0.00,0.00,0.00,0.00,0.00,0.00,0.00,0.00,0.00,0.00,0.00,0.00,0.00,0.00,0.00,0.00,0.00,0.00,0.00,0.00,296121,324390,406242,309223,338517,419347,0,0,0,0,0,0,0,108167,0,134.95,135.03,135.13
90,3,0,0,0,27680,27680,27680,69599,69599,69599,591,591,591,0.00,0.00,0.00,0.00,0.00,0.00,0.00,0.00,0.00,0.00,0.00,0.00,0.00,0.00,0.00,0.00,0.00,0.00,0.00,0.00,0.00,296163,315559,343343,309268,329188,359069,0,0,0,0,0,0,0,113410,0,140.89,141.01,141.18
91,0,0,41,100,27655,27655,27657,69622,69623,69624,591,591,591,0.00,0.38,0.94,0.00,0.11,0.31,0.00,0.08,0.26,0.00,0.00,0.00,0.00,0.03,0.10,0.00,0.00,0.00,0.00,0.05,0.14,432455,523103,697116,445560,574469,736427,0,0,0,0,0,0,0,302767,0,134.27,199.92,322.75
91,1,0,20,100,54400,54400,54400,42879,42879,42879,591,591,591,0.00,0.22,0.94,0.00,0.06,0.24,0.00,0.04,0.16,0.00,0.00,0.00,0.00,0.02,0.07,0.00,0.00,0.00,0.00,0.03,0.12,311892,415122,542430,322376,459147,691794,0,0,0,0,0,0,0,252713,0,146.81,183.94,274.83
91,2,0,40,100,27558,27558,27560,69719,69720,69721,591,591,591,0.00,0.31,0.96,0.00,0.07,0.23,0.00,0.05,0.16,0.00,0.00,0.00,0.00,0.02,0.07,0.00,0.00,0.00,0.00,0.03,0.10,204428,401497,618448,213164,444650,631551,0,0,0,0,0,0,0,237774,0,134.88,178.75,284.77
91,3,0,31,100,27678,27678,27680,69599,69600,69601,591,591,591,0.00,0.41,0.93,0.00,0.11,0.28,0.00,0.08,0.23,0.00,0.00,0.00,0.00,0.03,0.09,0.00,0.00,0.00,0.00,0.06,0.13,293545,380527,568664,309270,429795,657764,0,0,0,0,0,0,0,281353,0,141.05,197.61,313.44
92,0,84,94,100,27655,27655,27655,69624,69624,69624,591,591,591,0.01,0.64,0.96,0.00,0.25,0.34,0.00,0.24,0.40,0.00,0.00,0.00,0.00,0.08,0.16,0.00,0.00,0.00,0.00,0.12,0.19,406250,549278,911983,419354,877365,1268472,0,0,0,0,0,0,0,266802,0,378.76,444.46,509.25
92,1,99,99,100,54390,54398,54400,42879,42881,42889,591,591,591,0.93,0.95,0.97,0.25,0.30,0.32,0.16,0.35,0.42,0.00,0.00,0.00,0.07,0.14,0.17,0.00,0.00,0.00,0.09,0.10,0.13,332818,396240,644679,348549,451273,702333,0,0,0,0,0,0,0,423863,0,356.06,479.26,540.53
92,2,99,99,100,27558,27558,27558,69721,69721,69721,591,591,591,0.95,0.96,0.99,0.22,0.25,0.28,0.16,0.31,0.43,0.00,0.00,0.00,0.07,0.13,0.18,0.00,0.00,0.00,0.08,0.09,0.10,335440,637858,1443989,351164,665636,1480678,0,0,0,0,0,0,0,484666,0,365.99,485.33,541.33
92,3,72,92,99,27678,27678,27678,69601,69601,69601,591,591,591,0.45,0.81,0.97,0.24,0.30,0.32,0.11,0.31,0.41,0.00,0.00,0.00,0.01,0.11,0.16,0.00,0.00,0.00,0.10,0.14,0.20,351164,766294,1483302,615743,1131300,1543577,0,0,0,0,0,0,0,333735,0,389.67,471.32,524.76
93,0,100,100,100,27655,27655,27655,69624,69624,69624,591,591,591,0.01,0.01,0.01,0.00,0.00,0.00,0.00,0.00,0.00,0.00,0.00,0.00,0.00,0.00,0.00,0.00,0.00,0.00,0.00,0.00,0.00,280257,757430,1475572,592333,945010,1488677,0,524,2620,0,0,0,0,122000,0,135.38,193.36,303.19
93,1,43,76,100,35398,37278,44800,52419,59988,61881,591,591,591,0.01,0.24,0.65,0.00,0.12,0.30,0.00,0.06,0.20,0.00,0.00,0.00,0.00,0.01,0.03,0.00,0.00,0.00,0.00,0.09,0.20,202685,408484,739107,209674,1174063,1994301,0,0,0,0,524,2620,0,173043,0,206.10,357.57,496.56
93,2,47,88,99,27558,27558,27558,69721,69721,69721,591,591,591,0.62,0.91,0.98,0.22,0.27,0.28,0.22,0.39,0.43,0.00,0.00,0.00,0.07,0.16,0.18,0.00,0.00,0.00,0.08,0.09,0.13,327586,567672,1011812,628966,933902,1467127,0,0,0,0,0,0,0,383731,0,499.13,528.34,538.21
93,3,100,100,100,27678,27678,27678,69601,69601,69601,591,591,591,0.01,0.01,0.01,0.00,0.00,0.00,0.00,0.00,0.00,0.00,0.00,0.00,0.00,0.00,0.00,0.00,0.00,0.00,0.00,0.00,0.00,298786,330756,403618,328491,584635,1100778,0,0,0,0,0,0,0,113803,0,142.15,257.04,398.55
94,0,100,100,100,27655,27655,27655,69624,69624,69624,591,591,591,0.01,0.23,0.88,0.00,0.12,0.44,0.00,0.06,0.24,0.00,0.00,0.00,0.00,0.01,0.05,0.00,0.00,0.00,0.00,0.09,0.33,424581,603302,694547,699792,935070,1367894,0,0,0,0,0,0,0,242338,0,134.82,171.56,264.67
94,1,89,97,100,34918,35206,35398,61881,62073,62361,591,591,591,0.01,0.24,0.86,0.00,0.14,0.53,0.00,0.04,0.16,0.00,0.00,0.00,0.00,0.00,0.02,0.00,0.00,0.00,0.00,0.12,0.45,304012,411956,547771,317116,783488,1208242,0,0,0,0,0,0,0,149712,0,148.60,193.65,288.12
94,2,28,61,100,16134,20278,27558,69721,77001,81145,591,591,591,0.25,0.45,0.87,0.13,0.26,0.55,0.07,0.10,0.15,0.00,0.00,0.00,0.00,0.01,0.02,0.00,0.00,0.00,0.10,0.21,0.48,317993,453473,715100,985351,1314309,2056241,0,0,0,0,0,0,0,198811,0,323.54,380.18,455.72
94,3,100,100,100,27678,27678,27678,69601,69601,69601,591,591,591,0.01,0.33,0.93,0.00,0.15,0.41,0.00,0.09,0.32,0.00,0.00,0.00,0.00,0.02,0.08,0.00,0.00,0.00,0.00,0.11,0.34,293545,344896,437694,324998,695533,1268242,0,8444839,42224196,0,0,0,0,143734,0,141.89,183.02,285.23
95,0,100,100,100,27655,27655,27655,69624,69624,69624,591,591,591,0.32,0.52,0.91,0.10,0.14,0.23,0.05,0.15,0.34,0.00,0.00,0.00,0.01,0.04,0.08,0.00,0.00,0.00,0.02,0.04,0.08,432459,727887,1195034,463910,759991,1244827,0,217086637,741412416,0,234869611,727968593,0,148973,0,322.00,341.96,384.12
95,1,100,100,100,34918,34918,34918,62361,62361,62361,591,591,591,0.55,0.76,0.91,0.15,0.19,0.23,0.14,0.27,0.39,0.00,0.00,0.00,0.04,0.07,0.10,0.00,0.00,0.00,0.04,0.07,0.09,327564,579820,922521,359010,617164,940867,0,217129569,741463826,0,234912405,728040275,0,337258,0,364.04,424.69,473.16
95,2,100,100,100,16134,16134,16134,81145,81145,81145,591,591,591,0.84,0.89,0.96,0.20,0.24,0.34,0.34,0.36,0.38,0.00,0.00,0.00,0.07,0.09,0.12,0.00,0.00,0.00,0.07,0.11,0.21,335446,710854,1197659,366894,761957,1229108,0,405959611,721285232,0,350563017,761570219,0,477539,0,430.01,485.98,522.92
95,3,100,100,100,27678,27678,27678,69601,69601,69601,591,591,591,0.31,0.57,0.84,0.11,0.16,0.23,0.04,0.17,0.30,0.00,0.00,0.00,0.01,0.04,0.08,0.00,0.00,0.00,0.04,0.06,0.09,390484,666307,909964,442898,706245,946571,0,367539241,741222741,0,396587584,727808178,0,318775,0,355.09,386.50,432.22
96,0,100,100,100,27655,27655,27655,69624,69624,69624,591,591,591,0.18,0.46,0.67,0.05,0.13,0.19,0.00,0.12,0.19,0.00,0.00,0.00,0.00,0.03,0.04,0.00,0.00,0.00,0.00,0.04,0.07,421882,689481,1022190,434983,721549,1069368,0,472006776,1231823259,0,474721903,1268816066,0,277699,0,250.03,298.61,322.45
96,1,100,100,100,34918,34918,34918,62361,62361,62361,591,591,591,0.18,0.64,0.92,0.05,0.17,0.22,0.00,0.20,0.33,0.00,0.00,0.00,0.00,0.05,0.09,0.00,0.00,0.00,0.00,0.06,0.08,220149,410377,607828,253347,442699,639267,0,478089003,1305120536,0,478264618,1305120536,0,362843,0,370.83,382.55,404.09
96,2,100,100,100,16134,16134,16134,81145,81145,81145,591,591,591,0.78,0.90,1.00,0.15,0.20,0.24,0.30,0.39,0.47,0.00,0.00,0.00,0.06,0.10,0.14,0.00,0.00,0.00,0.04,0.07,0.11,322345,455457,940742,338082,487428,990531,0,392430675,656721524,0,394036919,664758702,0,396439,0,512.45,516.65,526.36
96,3,100,100,100,27678,27678,27678,69601,69601,69601,591,591,591,0.39,0.55,0.85,0.09,0.15,0.24,0.09,0.16,0.28,0.00,0.00,0.00,0.02,0.04,0.07,0.00,0.00,0.00,0.01,0.05,0.10,332792,485550,639410,348515,516826,673477,0,393234796,660744255,0,392700274,658060827,0,300012,0,291.33,318.44,335.96
98,0,100,100,100,27655,27655,27655,69624,69624,69624,591,591,591,0.18,0.51,0.77,0.05,0.14,0.27,0.00,0.14,0.25,0.00,0.00,0.00,0.00,0.03,0.07,0.00,0.00,0.00,0.00,0.05,0.08,414090,1111571,2075666,429815,1144484,2127558,0,477965309,864527983,0,478018289,864527983,0,595254,0,281.72,299.05,324.67
98,1,100,100,100,34918,34918,34918,62361,62361,62361,591,591,591,0.18,0.59,0.90,0.05,0.16,0.24,0.00,0.17,0.32,0.00,0.00,0.00,0.00,0.04,0.08,0.00,0.00,0.00,0.00,0.06,0.10,276631,456662,733772,298775,489055,780943,0,499975232,1305452246,0,500065587,1305449625,0,754586,0,368.86,388.54,421.76
98,2,99,99,100,16134,16134,16134,81145,81145,81145,591,591,591,0.78,0.87,1.00,0.15,0.21,0.25,0.30,0.37,0.47,0.00,0.00,0.00,0.06,0.09,0.14,0.00,0.00,0.00,0.04,0.08,0.11,227132,563104,1006195,262075,598546,1037639,0,500270121,656727213,0,500002983,664769797,0,970888,0,501.20,509.58,520.63
98,3,100,100,100,27678,27678,27678,69601,69601,69601,591,591,591,0.28,0.56,0.86,0.06,0.15,0.24,0.04,0.16,0.28,0.00,0.00,0.00,0.01,0.04,0.07,0.00,0.00,0.00,0.01,0.05,0.10,311894,705315,2333369,343345,738683,2365674,0,518764000,660826610,0,518777593,658132408,0,584093,0,313.73,335.10,362.59
99,0,100,100,100,27655,27655,27655,69624,69624,69624,591,591,591,0.18,0.44,0.67,0.05,0.12,0.16,0.00,0.10,0.21,0.00,0.00,0.00,0.00,0.03,0.05,0.00,0.00,0.00,0.00,0.04,0.06,440280,1196277,2849577,453384,1227070,2867258,0,390053049,660773490,0,390588250,658105636,0,235298,0,276.55,296.29,329.10
99,1,100,100,100,34918,34918,34918,62361,62361,62361,591,591,591,0.25,0.63,0.90,0.07,0.15,0.24,0.04,0.20,0.32,0.00,0.00,0.00,0.01,0.05,0.08,0.00,0.00,0.00,0.02,0.05,0.09,314501,489416,731198,327605,523991,794096,0,389774133,660547425,0,390307480,657867364,0,216752,0,370.96,382.93,421.65
99,2,100,100,100,16134,16134,16134,81145,81145,81145,591,591,591,0.78,0.91,1.00,0.15,0.19,0.25,0.30,0.40,0.47,0.00,0.00,0.00,0.08,0.10,0.13,0.00,0.00,0.00,0.04,0.07,0.11,322342,455185,734952,351166,483436,781864,0,390114971,653138565,0,388498604,661126617,0,303906,0,507.03,510.61,514.89
99,3,100,100,100,27678,27678,27678,69601,69601,69601,591,591,591,0.27,0.55,0.86,0.06,0.14,0.24,0.04,0.15,0.28,0.00,0.00,0.00,0.01,0.04,0.07,0.00,0.00,0.00,0.01,0.05,0.09,327618,568692,1069231,374795,599966,1091943,0,390055164,660820523,0,390593476,658136807,0,245776,0,311.36,330.40,363.87
100,0,0,25,100,27655,27655,27655,69624,69624,69624,591,591,591,0.00,0.07,0.14,0.00,0.02,0.05,0.00,0.01,0.03,0.00,0.00,0.00,0.00,0.00,0.01,0.00,0.00,0.00,0.00,0.01,0.03,427213,553650,854436,437697,575926,872783,0,138499081,553996325,0,151961657,480191997,0,96622,0,179.17,225.74,262.68
100,1,0,1,5,34918,34918,34918,62361,62361,62361,591,591,591,0.00,0.07,0.28,0.00,0.02,0.09,0.00,0.01,0.06,0.00,0.00,0.00,0.00,0.00,0.01,0.00,0.00,0.00,0.00,0.01,0.04,298786,373471,461283,311891,389852,484871,0,149120470,553883684,0,120018265,480073063,0,142638,0,238.84,289.02,336.81
100,2,0,50,100,16134,16134,16134,81145,81145,81145,591,591,591,0.00,0.45,0.84,0.00,0.11,0.23,0.00,0.17,0.35,0.00,0.00,0.00,0.00,0.04,0.10,0.00,0.00,0.00,0.00,0.05,0.09,309269,404005,599261,322374,429336,648180,0,137676731,295470801,0,110798711,443194846,0,308019,0,361.44,438.52,511.96
100,3,0,24,98,27678,27678,27678,69601,69601,69601,591,591,591,0.00,0.07,0.23,0.00,0.02,0.06,0.00,0.01,0.03,0.00,0.00,0.00,0.00,0.00,0.01,0.00,0.00,0.00,0.00,0.01,0.04,351213,534656,917321,377422,558243,930425,0,330045860,765958753,0,311548202,765956132,0,154343,0,198.35,246.39,288.82
101,0,98,99,100,27575,27623,27655,69624,69656,69704,591,591,591,0.55,0.79,0.96,0.12,0.21,0.29,0.04,0.10,0.13,0.00,0.00,0.00,0.02,0.03,0.04,0.00,0.00,0.00,0.04,0.10,0.19,456001,557160,801988,511038,683997,862268,0,320179910,766000286,41973096,311459660,680170660,0,343972,0,216.74,320.09,413.42
101,1,98,99,100,34918,34918,34918,62361,62361,62361,591,591,591,0.72,0.90,0.95,0.22,0.22,0.25,0.08,0.12,0.14,0.00,0.00,0.00,0.03,0.04,0.04,0.00,0.00,0.00,0.09,0.12,0.15,353787,463309,594767,406200,584906,749522,7862,311675141,723382031,0,337003689,765982936,0,425840,0,235.80,359.96,474.25
101,2,97,99,100,16134,16134,16134,81145,81145,81145,591,591,591,0.91,0.94,0.99,0.16,0.22,0.30,0.10,0.14,0.16,0.00,0.00,0.00,0.03,0.04,0.05,0.00,0.00,0.00,0.05,0.11,0.20,330207,610080,1223817,361595,718052,1383674,0,294343739,724822885,0,294936924,765971127,0,399700,0,353.20,407.98,491.99
101,3,98,99,100,27578,27658,27678,69601,69621,69701,591,591,591,0.90,0.94,0.96,0.20,0.23,0.31,0.09,0.12,0.14,0.00,0.00,0.00,0.03,0.04,0.04,0.00,0.00,0.00,0.08,0.11,0.23,330209,413959,665157,395685,542471,804558,0,166032005,716733110,0,182264404,722099955,0,353000,0,227.89,339.67,446.60
102,0,100,100,100,27575,27575,27575,69704,69704,69704,591,591,591,0.18,0.44,0.76,0.05,0.10,0.18,0.00,0.04,0.10,0.00,0.00,0.00,0.00,0.01,0.03,0.00,0.00,0.00,0.00,0.03,0.07,294463,712084,1876003,336054,737063,1917177,0,239339316,719518108,0,238528476,717753066,0,187499,0,248.04,301.70,351.40
102,1,100,100,100,34918,34918,34918,62361,62361,62361,591,591,591,0.18,0.66,0.96,0.05,0.15,0.21,0.00,0.08,0.13,0.00,0.00,0.00,0.00,0.02,0.04,0.00,0.00,0.00,0.00,0.05,0.11,317110,468439,746900,335433,501169,791452,0,242509245,722083486,0,241686485,720317219,0,248659,0,345.71,421.17,472.56
102,2,100,100,100,16134,16134,16134,81145,81145,81145,591,591,591,0.94,0.96,0.99,0.17,0.19,0.21,0.14,0.15,0.16,0.00,0.00,0.00,0.04,0.05,0.05,0.00,0.00,0.00,0.04,0.07,0.10,320216,542035,982761,346040,578646,1024692,0,149175126,745875633,0,151319130,756595654,0,400792,0,495.69,502.52,506.02
102,3,100,100,100,27578,27578,27578,69701,69701,69701,591,591,591,0.18,0.49,0.94,0.05,0.12,0.21,0.00,0.05,0.12,0.00,0.00,0.00,0.00,0.01,0.03,0.00,0.00,0.00,0.00,0.04,0.09,306627,484329,1011675,319730,513682,1027401,0,150321845,671142795,0,149617354,707748726,0,208488,0,269.44,362.71,414.47
103,0,100,100,100,27575,27575,27575,69704,69704,69704,591,591,591,0.18,0.37,0.80,0.05,0.09,0.20,0.00,0.03,0.11,0.00,0.00,0.00,0.00,0.01,0.03,0.00,0.00,0.00,0.00,0.03,0.09,418712,540588,875299,431797,554221,888402,0,141741319,708706595,0,141741319,708706595,0,138243,0,215.58,236.83,266.41
103,1,100,100,100,34918,34918,34918,62361,62361,62361,591,591,591,0.18,0.49,0.96,0.05,0.12,0.21,0.00,0.05,0.12,0.00,0.00,0.00,0.00,0.01,0.04,0.00,0.00,0.00,0.00,0.03,0.08,306658,362720,497959,319763,376348,508442,0,141736988,708684944,0,141734892,708674462,0,189867,0,279.22,307.64,342.69
103,2,100,100,100,16134,16134,16134,81145,81145,81145,591,591,591,0.93,0.95,0.98,0.16,0.19,0.21,0.14,0.15,0.16,0.00,0.00,0.00,0.04,0.04,0.05,0.00,0.00,0.00,0.05,0.07,0.10,314405,392541,560821,338063,418746,581786,0,285604885,719313626,0,286682250,724703068,0,441732,0,485.33,492.99,498.23
103,3,100,100,100,27578,27578,27578,69701,69701,69701,591,591,591,0.18,0.43,0.93,0.05,0.10,0.21,0.00,0.04,0.12,0.00,0.00,0.00,0.00,0.01,0.03,0.00,0.00,0.00,0.00,0.03,0.08,211402,322184,463857,220137,334939,476960,0,238042571,708703054,0,237798148,708716158,0,175483,0,241.03,263.29,296.45
104,0,83,94,100,27575,27575,27575,69704,69704,69704,591,591,591,0.18,0.70,0.94,0.05,0.26,0.35,0.00,0.22,0.38,0.00,0.00,0.00,0.00,0.06,0.14,0.00,0.00,0.00,0.00,0.14,0.22,455986,626909,943309,539846,733830,1111009,0,0,0,0,0,0,0,378420,0,166.87,283.64,417.49
104,1,80,96,100,34918,34918,34918,62361,62361,62361,591,591,591,0.18,0.71,0.92,0.05,0.24,0.38,0.00,0.19,0.35,0.00,0.00,0.00,0.00,0.05,0.08,0.00,0.00,0.00,0.00,0.14,0.24,330205,395660,542406,356411,482122,702246,0,0,0,0,0,0,0,408416,0,218.37,315.21,443.16
104,2,80,94,100,16134,16134,16134,81145,81145,81145,591,591,591,0.74,0.88,0.96,0.18,0.28,0.36,0.15,0.22,0.41,0.00,0.00,0.00,0.05,0.06,0.06,0.00,0.00,0.00,0.07,0.16,0.24,214809,583924,1321188,225287,666735,1444394,0,0,0,0,0,0,0,409585,0,483.85,487.26,490.52
104,3,74,90,100,27578,27578,27578,69701,69701,69701,591,591,591,0.18,0.72,0.98,0.05,0.26,0.41,0.00,0.20,0.46,0.00,0.00,0.00,0.00,0.05,0.08,0.00,0.00,0.00,0.00,0.15,0.26,317652,620683,1124227,377050,709086,1244773,0,0,0,0,0,0,0,411589,0,180.36,294.49,424.68
105,0,62,87,100,27575,27575,27575,69704,69704,69704,591,591,591,0.01,0.27,0.84,0.00,0.12,0.34,0.00,0.09,0.31,0.00,0.00,0.00,0.00,0.02,0.11,0.00,0.00,0.00,0.00,0.07,0.17,490020,753484,1298994,505743,997206,1328927,0,0,0,0,0,0,0,172411,0,250.06,383.27,472.83
105,1,65,90,98,34918,34918,34918,62361,62361,62361,591,591,591,0.47,0.80,0.96,0.24,0.30,0.32,0.13,0.31,0.40,0.00,0.00,0.00,0.01,0.11,0.16,0.00,0.00,0.00,0.11,0.13,0.18,338072,662263,1186182,398348,987988,1805275,0,0,0,0,0,0,0,411865,0,497.59,525.79,548.02
105,2,70,89,99,16134,16134,16134,81145,81145,81145,591,591,591,0.51,0.83,0.96,0.26,0.30,0.33,0.14,0.32,0.40,0.00,0.00,0.00,0.01,0.11,0.16,0.00,0.00,0.00,0.09,0.13,0.20,330206,535140,922484,390482,863775,1496501,0,0,0,0,0,0,0,363623,0,481.38,506.67,525.28
105,3,99,99,100,27578,27578,27578,69701,69701,69701,591,591,591,0.94,0.96,0.98,0.20,0.23,0.29,0.16,0.26,0.42,0.00,0.00,0.00,0.07,0.12,0.18,0.00,0.00,0.00,0.07,0.09,0.11,317076,427168,594900,330178,451278,610624,0,0,0,0,0,0,0,313158,0,496.53,504.60,514.74
106,0,100,100,100,27575,27575,27575,69704,69704,69704,591,591,591,0.01,0.01,0.01,0.00,0.00,0.00,0.00,0.00,0.00,0.00,0.00,0.00,0.00,0.00,0.00,0.00,0.00,0.00,0.00,0.00,0.00,421972,615422,1040497,435077,629575,1053602,0,0,0,0,0,0,0,108779,0,135.65,141.73,164.41
106,1,91,98,100,34918,34918,34918,62361,62361,62361,591,591,591,0.01,0.03,0.10,0.00,0.01,0.06,0.00,0.00,0.02,0.00,0.00,0.00,0.00,0.00,0.00,0.00,0.00,0.00,0.00,0.01,0.05,211423,442780,718135,220159,484372,733860,0,0,0,0,0,0,0,90703,0,150.84,267.23,421.76
106,2,100,100,100,16134,16134,16134,81145,81145,81145,591,591,591,0.01,0.03,0.14,0.00,0.02,0.08,0.00,0.00,0.02,0.00,0.00,0.00,0.00,0.00,0.00,0.00,0.00,0.00,0.00,0.01,0.06,293519,425420,629026,306623,481499,644752,0,0,0,0,0,0,0,82720,0,141.75,264.17,406.27
106,3,99,99,100,27578,27578,27578,69701,69701,69701,591,591,591,0.98,0.99,0.99,0.23,0.26,0.29,0.42,0.44,0.45,0.00,0.00,0.00,0.18,0.19,0.20,0.00,0.00,0.00,0.05,0.07,0.09,216594,367750,607956,249782,398498,639402,0,0,0,0,0,0,0,423374,0,515.09,524.35,533.10
107,0,100,100,100,27575,27575,27575,69704,69704,69704,591,591,591,0.01,0.01,0.01,0.00,0.00,0.00,0.00,0.00,0.00,0.00,0.00,0.00,0.00,0.00,0.00,0.00,0.00,0.00,0.00,0.00,0.00,424593,534006,663064,435077,579871,804588,0,0,0,0,0,0,0,81450,0,135.54,135.59,135.62
107,1,100,100,100,34918,34918,34918,62361,62361,62361,591,591,591,0.01,0.01,0.01,0.00,0.00,0.00,0.00,0.00,0.00,0.00,0.00,0.00,0.00,0.00,0.00,0.00,0.00,0.00,0.00,0.00,0.00,314518,372824,542521,330229,431796,555626,0,0,0,0,0,0,0,119729,0,149.55,149.94,150.43
107,2,100,100,100,16134,16134,16134,81145,81145,81145,591,591,591,0.01,0.01,0.01,0.00,0.00,0.00,0.00,0.00,0.00,0.00,0.00,0.00,0.00,0.00,0.00,0.00,0.00,0.00,0.00,0.00,0.00,309267,418037,681445,335477,458880,690182,0,0,0,0,0,0,0,123628,0,137.04,137.17,137.34
107,3,41,50,68,22162,26224,27578,69701,71055,75117,591,591,591,0.31,0.44,0.82,0.16,0.20,0.30,0.08,0.14,0.31,0.00,0.00,0.00,0.00,0.03,0.11,0.00,0.00,0.00,0.12,0.13,0.14,345973,511631,867343,804167,1109799,1498853,0,0,0,0,0,0,0,307279,0,382.89,447.72,511.45
108,0,96,98,100,27575,27575,27575,69704,69704,69704,591,591,591,0.01,0.35,0.84,0.00,0.14,0.34,0.00,0.09,0.27,0.00,0.00,0.00,0.00,0.02,0.06,0.00,0.00,0.00,0.00,0.08,0.21,416476,456519,553020,458639,790849,1280862,0,25360426,126802130,0,42306569,126946551,0,243887,0,135.53,219.11,268.72
108,1,96,99,100,34918,34918,34918,62361,62361,62361,591,591,591,0.01,0.54,0.89,0.00,0.21,0.46,0.00,0.16,0.33,0.00,0.00,0.00,0.00,0.03,0.08,0.00,0.00,0.00,0.00,0.14,0.36,445553,817142,2028595,521516,1201821,2060046,0,25386671,84580022,0,42301542,211507711,0,367748,0,149.47,266.42,384.25
108,2,100,100,100,16134,16134,16134,81145,81145,81145,591,591,591,0.01,0.53,0.87,0.00,0.21,0.48,0.00,0.16,0.34,0.00,0.00,0.00,0.00,0.03,0.08,0.00,0.00,0.00,0.00,0.14,0.38,317117,403066,626407,348566,801402,1179429,0,25411260,84707840,0,42325354,211626773,0,345671,0,137.00,260.18,371.67
108,3,34,85,100,10982,11534,13742,83537,85745,86297,591,591,591,0.21,0.69,0.99,0.11,0.34,0.55,0.06,0.19,0.47,0.00,0.00,0.00,0.00,0.04,0.13,0.00,0.00,0.00,0.04,0.27,0.48,306608,370369,476965,394736,1110757,1574972,0,50768934,211620119,0,0,0,0,415492,0,315.54,369.67,447.57
109,0,100,100,100,27575,27575,27575,69704,69704,69704,591,591,591,0.18,0.32,0.49,0.05,0.09,0.13,0.00,0.05,0.13,0.00,0.00,0.00,0.00,0.01,0.03,0.00,0.00,0.00,0.00,0.03,0.05,440284,767072,1126276,456008,792158,1160561,0,406954477,741456002,0,404278091,728029497,0,213720,0,196.91,229.02,272.23
109,1,100,100,100,34918,34918,34918,62361,62361,62361,591,591,591,0.18,0.38,0.85,0.05,0.11,0.21,0.00,0.08,0.28,0.00,0.00,0.00,0.00,0.02,0.07,0.00,0.00,0.00,0.00,0.03,0.07,298761,583009,985146,311864,607562,1016587,0,409345349,741254844,0,406658706,727816499,0,229733,0,259.69,339.55,409.01
109,2,100,100,100,16134,16134,16134,81145,81145,81145,591,591,591,0.18,0.37,0.81,0.05,0.10,0.19,0.00,0.08,0.27,0.00,0.00,0.00,0.00,0.02,0.07,0.00,0.00,0.00,0.00,0.03,0.08,304213,434572,767935,319681,459156,815112,0,277253857,741494117,0,275101126,728054482,0,222545,0,265.03,326.74,393.06
109,3,100,100,100,10982,10982,10982,86297,86297,86297,591,591,591,0.78,0.87,0.97,0.14,0.19,0.22,0.31,0.38,0.45,0.00,0.00,0.00,0.06,0.10,0.14,0.00,0.00,0.00,0.03,0.07,0.09,311452,403464,618302,327155,433333,652361,0,273964995,721280353,0,280417148,761586911,0,401666,0,490.85,505.31,515.67
110,0,100,100,100,27575,27575,27575,69704,69704,69704,591,591,591,0.18,0.35,0.51,0.05,0.10,0.14,0.00,0.07,0.14,0.00,0.00,0.00,0.00,0.02,0.03,0.00,0.00,0.00,0.00,0.03,0.05,435279,946141,1645770,483346,977769,1658873,0,392493599,660820756,0,393042605,659666967,0,169113,0,228.44,232.83,242.52
110,1,100,100,100,34918,34918,34918,62361,62361,62361,591,591,591,0.22,0.54,0.84,0.07,0.15,0.20,0.01,0.15,0.28,0.00,0.00,0.00,0.00,0.04,0.07,0.00,0.00,0.00,0.01,0.05,0.07,311863,984194,1989264,343312,1015992,2025957,0,347058438,660775094,0,347414694,658086311,0,271559,0,318.96,338.62,361.35
110,2,100,100,100,16134,16134,16134,81145,81145,81145,591,591,591,0.42,0.58,0.84,0.09,0.16,0.20,0.10,0.17,0.29,0.00,0.00,0.00,0.02,0.04,0.07,0.00,0.00,0.00,0.02,0.06,0.08,18344,442911,1137431,52412,478903,1144420,0,522204941,1305491409,0,522205002,1305488788,0,217053,0,295.11,318.82,346.57
110,3,100,100,100,10982,10982,10982,86297,86297,86297,591,591,591,0.78,0.88,0.96,0.19,0.21,0.23,0.31,0.38,0.44,0.00,0.00,0.00,0.06,0.10,0.14,0.00,0.00,0.00,0.06,0.08,0.09,306618,547927,1142632,343307,581299,1171459,0,435215118,870583169,0,435215497,870590160,0,406344,0,496.28,504.50,512.04
111,0,100,100,100,27575,27575,27575,69704,69704,69704,591,591,591,0.18,0.36,0.50,0.05,0.10,0.15,0.00,0.07,0.12,0.00,0.00,0.00,0.00,0.02,0.03,0.00,0.00,0.00,0.00,0.03,0.05,432423,757424,1074592,445527,785205,1087697,0,393262310,1305517094,0,392725060,1305511853,0,228863,0,196.99,231.49,256.78
111,1,100,100,100,34918,34918,34918,62361,62361,62361,591,591,591,0.20,0.55,0.78,0.05,0.14,0.21,0.00,0.15,0.26,0.00,0.00,0.00,0.00,0.04,0.06,0.00,0.00,0.00,0.00,0.04,0.07,309248,462434,865691,322351,490507,893373,0,393211951,660792493,0,392675917,658119331,0,240718,0,287.73,321.76,341.14
111,2,100,100,100,16134,16134,16134,81145,81145,81145,591,591,591,0.18,0.55,0.84,0.05,0.14,0.20,0.00,0.15,0.29,0.00,0.00,0.00,0.00,0.04,0.07,0.00,0.00,0.00,0.00,0.04,0.07,319702,334392,361635,332805,363743,398322,0,393233173,1305411717,0,392698045,1305416958,0,235575,0,266.91,307.99,335.82
111,3,99,99,100,10982,10982,10982,86297,86297,86297,591,591,591,0.75,0.90,1.00,0.12,0.19,0.28,0.29,0.39,0.46,0.00,0.00,0.00,0.08,0.10,0.12,0.00,0.00,0.00,0.01,0.06,0.13,319726,329064,338065,340080,357313,385201,0,392422841,1305349406,0,394031431,1305352026,0,304172,0,501.65,507.62,513.28
112,0,100,100,100,27575,27575,27575,69704,69704,69704,591,591,591,0.18,0.37,0.47,0.05,0.11,0.13,0.00,0.08,0.12,0.00,0.00,0.00,0.00,0.02,0.03,0.00,0.00,0.00,0.00,0.03,0.05,413449,660720,1601249,432458,692802,1651042,0,435903121,861752839,0,435894066,861749379,0,198412,0,224.84,238.02,257.77
112,1,100,100,100,34918,34918,34918,62361,62361,62361,591,591,591,0.18,0.48,0.80,0.05,0.13,0.22,0.00,0.12,0.26,0.00,0.00,0.00,0.00,0.03,0.07,0.00,0.00,0.00,0.00,0.04,0.09,0,737931,1695766,34078,769897,1711491,0,389920256,660753428,0,390457057,658072594,0,298995,0,301.89,320.69,361.13
112,2,100,100,100,16134,16134,16134,81145,81145,81145,591,591,591,0.23,0.48,0.77,0.07,0.13,0.23,0.03,0.12,0.24,0.00,0.00,0.00,0.00,0.03,0.06,0.00,0.00,0.00,0.01,0.04,0.10,0,528846,1116359,10483,561866,1132083,0,390033026,660735718,0,390567137,658065364,0,288372,0,286.37,307.49,343.95
112,3,100,100,100,10982,10982,10982,86297,86297,86297,591,591,591,0.76,0.86,0.99,0.16,0.21,0.26,0.29,0.37,0.48,0.00,0.00,0.00,0.06,0.09,0.14,0.00,0.00,0.00,0.04,0.08,0.12,0,437645,1163544,13103,469092,1210715,0,390837443,656737070,0,389230394,664774438,0,456597,0,500.11,505.94,511.64
113,0,100,100,100,27575,27575,27575,69704,69704,69704,591,591,591,0.18,0.30,0.44,0.05,0.09,0.13,0.00,0.05,0.10,0.00,0.00,0.00,0.00,0.01,0.02,0.00,0.00,0.00,0.00,0.03,0.05,424541,573935,982694,450815,600142,1029864,0,326357139,660770338,0,326357766,658089436,0,130696,0,219.47,232.36,253.99
113,1,100,100,100,34918,34918,34918,62361,62361,62361,591,591,591,0.18,0.40,0.83,0.05,0.11,0.20,0.00,0.09,0.27,0.00,0.00,0.00,0.00,0.02,0.07,0.00,0.00,0.00,0.00,0.03,0.07,0,716794,1365423,19676,742680,1399493,0,272662609,660804711,0,272438342,658123659,0,223723,0,286.81,322.42,350.93
113,2,100,100,100,16134,16134,16134,81145,81145,81145,591,591,591,0.18,0.42,0.80,0.05,0.12,0.19,0.00,0.10,0.27,0.00,0.00,0.00,0.00,0.03,0.07,0.00,0.00,0.00,0.00,0.04,0.07,311849,406218,626351,324952,433082,642076,0,326397993,660803763,0,326397378,658133144,0,208051,0,270.51,313.57,344.08
113,3,99,99,100,10982,10982,10982,86297,86297,86297,591,591,591,0.76,0.88,0.99,0.16,0.21,0.26,0.28,0.38,0.47,0.00,0.00,0.00,0.06,0.10,0.14,0.00,0.00,0.00,0.04,0.08,0.12,353797,511416,751986,385246,543296,801770,0,436434321,656774247,0,439110136,664801522,0,409916,0,503.86,507.28,510.60
114,0,100,100,100,27575,27575,27575,69704,69704,69704,591,591,591,0.18,0.35,0.65,0.05,0.09,0.16,0.00,0.05,0.12,0.00,0.00,0.00,0.00,0.01,0.03,0.00,0.00,0.00,0.00,0.03,0.08,440306,737478,1263247,456031,795653,1278972,0,416557826,756340986,0,378710455,692958280,0,162614,0,207.84,217.86,229.97
114,1,99,99,100,34918,34918,34918,62361,62361,62361,591,591,591,0.32,0.71,0.91,0.09,0.17,0.22,0.05,0.13,0.28,0.00,0.00,0.00,0.01,0.03,0.07,0.00,0.00,0.00,0.02,0.06,0.10,324978,498789,971300,372153,562733,1013226,0,461666994,870234313,0,462644861,870236060,0,298837,0,322.32,350.54,383.56
114,2,99,99,100,16134,16134,16134,81145,81145,81145,591,591,591,0.41,0.70,0.83,0.10,0.17,0.20,0.07,0.13,0.26,0.00,0.00,0.00,0.02,0.03,0.06,0.00,0.00,0.00,0.02,0.06,0.09,18349,323181,578299,57669,386771,618483,0,445944423,870328116,0,454807399,870329863,0,330603,0,306.05,333.55,369.59
114,3,99,99,100,10982,10982,10982,86297,86297,86297,591,591,591,0.80,0.91,0.99,0.16,0.18,0.22,0.16,0.35,0.48,0.00,0.00,0.00,0.05,0.09,0.14,0.00,0.00,0.00,0.04,0.07,0.09,0,359556,699726,123174,411970,741657,0,395238550,698536297,0,414301312,766012832,0,446601,0,502.72,504.57,508.79
115,0,100,100,100,27575,27575,27575,69704,69704,69704,591,591,591,0.18,0.47,0.80,0.05,0.12,0.21,0.00,0.05,0.11,0.00,0.00,0.00,0.00,0.01,0.03,0.00,0.00,0.00,0.00,0.05,0.10,434911,762020,1731941,461288,810236,1802686,0,143314874,716569133,0,183751604,721937408,0,197653,0,243.78,265.94,309.55
115,1,100,100,100,34918,34918,34918,62361,62361,62361,591,591,591,0.18,0.65,0.93,0.05,0.15,0.22,0.00,0.08,0.13,0.00,0.00,0.00,0.00,0.02,0.04,0.00,0.00,0.00,0.00,0.06,0.10,217539,362189,539884,262095,406217,602783,0,143349864,716749323,0,144424317,722121589,0,289169,0,332.69,346.50,363.83
115,2,100,100,100,16054,16102,16134,81145,81177,81225,591,591,591,0.18,0.67,0.94,0.05,0.16,0.23,0.00,0.08,0.13,0.00,0.00,0.00,0.00,0.02,0.04,0.00,0.00,0.00,0.00,0.06,0.10,301371,585433,1063799,319716,629983,1126684,0,159113328,716748537,0,152305711,722120816,0,257917,0,312.92,330.72,345.88
115,3,100,100,100,10982,10982,10982,86297,86297,86297,591,591,591,0.93,0.96,1.00,0.13,0.18,0.22,0.14,0.15,0.16,0.00,0.00,0.00,0.04,0.05,0.05,0.00,0.00,0.00,0.01,0.07,0.11,374759,574966,762618,419311,611131,809791,0,168562153,724830213,0,141743107,708715537,0,395570,0,490.45,492.15,494.54
116,0,100,100,100,27575,27575,27575,69704,69704,69704,591,591,591,0.18,0.29,0.43,0.05,0.07,0.12,0.00,0.02,0.04,0.00,0.00,0.00,0.00,0.00,0.01,0.00,0.00,0.00,0.00,0.02,0.05,302967,469934,668303,346248,491715,694511,0,294782837,751644748,0,293708320,748114534,0,124050,0,187.03,222.24,261.47
116,1,100,100,100,34918,34918,34918,62361,62361,62361,591,591,591,0.18,0.41,0.95,0.05,0.10,0.20,0.00,0.04,0.12,0.00,0.00,0.00,0.00,0.01,0.04,0.00,0.00,0.00,0.00,0.03,0.07,319802,633123,1268027,369608,657760,1294226,0,150291150,751455750,0,149571203,747856019,0,113480,0,250.28,316.64,378.50
116,2,100,100,100,16054,16054,16054,81225,81225,81225,591,591,591,0.18,0.41,0.96,0.05,0.10,0.20,0.00,0.04,0.12,0.00,0.00,0.00,0.00,0.01,0.04,0.00,0.00,0.00,0.00,0.03,0.07,319754,425606,762609,335480,450241,788816,0,150350505,751752527,0,149630350,748151750,0,109620,0,232.66,298.02,365.62
116,3,100,100,100,10982,10982,10982,86297,86297,86297,591,591,591,0.93,0.96,0.99,0.17,0.19,0.22,0.14,0.15,0.16,0.00,0.00,0.00,0.04,0.05,0.05,0.00,0.00,0.00,0.05,0.08,0.11,316744,397992,652759,342287,433545,686168,0,149264202,746321011,0,151410550,757052750,0,298594,0,491.49,496.39,503.75
117,0,100,100,100,27575,27575,27575,69704,69704,69704,591,591,591,0.18,0.32,0.65,0.05,0.08,0.17,0.00,0.02,0.08,0.00,0.00,0.00,0.00,0.01,0.02,0.00,0.00,0.00,0.00,0.02,0.08,429832,532028,836041,442937,546704,851766,0,141741651,708708255,0,141742699,708713497,0,128856,0,189.97,196.52,206.92
117,1,100,100,100,34918,34918,34918,62361,62361,62361,591,591,591,0.18,0.47,0.81,0.05,0.11,0.19,0.00,0.05,0.11,0.00,0.00,0.00,0.00,0.01,0.03,0.00,0.00,0.00,0.00,0.03,0.08,306647,514963,727124,317130,528028,739926,0,236450828,709769311,0,236101760,708020476,0,213834,0,250.90,266.63,284.86
117,2,100,100,100,16054,16054,16054,81225,81225,81225,591,591,591,0.18,0.50,0.90,0.05,0.12,0.21,0.00,0.05,0.13,0.00,0.00,0.00,0.00,0.01,0.04,0.00,0.00,0.00,0.00,0.04,0.08,301386,363776,443642,317110,377382,457085,0,285544168,718998769,0,285191905,717234835,0,222955,0,234.48,254.66,268.58
117,3,100,100,100,10982,10982,10982,86297,86297,86297,591,591,591,0.93,0.95,0.97,0.15,0.18,0.22,0.15,0.15,0.16,0.00,0.00,0.00,0.04,0.05,0.05,0.00,0.00,0.00,0.04,0.07,0.11,317103,445866,715443,335452,469278,728546,0,285640729,719490239,0,286716786,724883625,0,393518,0,482.12,491.59,500.16
118,0,85,94,100,27575,27575,27575,69704,69704,69704,591,591,591,0.18,0.52,0.88,0.05,0.20,0.35,0.00,0.15,0.35,0.00,0.00,0.00,0.00,0.04,0.09,0.00,0.00,0.00,0.00,0.11,0.23,432444,655159,1229056,445548,755263,1386291,0,0,0,0,0,0,0,349149,0,155.76,222.51,334.67
118,1,0,75,100,34918,34918,34918,62361,62361,62361,591,591,591,0.00,0.27,0.53,0.00,0.10,0.22,0.00,0.08,0.25,0.00,0.00,0.00,0.00,0.01,0.04,0.00,0.00,0.00,0.00,0.06,0.16,317133,407790,547782,390463,463347,563508,0,0,0,0,0,0,0,226689,0,185.17,221.24,246.21
118,2,0,71,100,16054,16054,16054,81225,81225,81225,591,591,591,0.01,0.33,0.89,0.01,0.13,0.37,0.00,0.10,0.40,0.00,0.00,0.00,0.00,0.02,0.06,0.00,0.00,0.00,0.00,0.07,0.24,276057,566265,1030036,286540,622346,1043141,0,0,0,0,0,0,0,215187,0,171.36,212.23,243.07
118,3,76,91,100,10982,10982,10982,86297,86297,86297,591,591,591,0.53,0.80,0.99,0.17,0.24,0.32,0.14,0.19,0.31,0.00,0.00,0.00,0.04,0.05,0.05,0.00,0.00,0.00,0.05,0.13,0.21,0,514701,857008,13103,703391,1402139,0,0,0,0,0,0,0,378777,0,461.96,488.37,496.36
119,0,66,93,100,27575,27575,27575,69704,69704,69704,591,591,591,0.01,0.29,0.69,0.00,0.14,0.33,0.00,0.09,0.23,0.00,0.00,0.00,0.00,0.02,0.06,0.00,0.00,0.00,0.00,0.09,0.21,411482,800407,1866131,424587,1068238,2141333,0,25383746,126916113,0,42297334,211486674,0,199206,0,271.89,340.58,404.22
119,1,45,76,100,34918,34918,34918,62361,62361,62361,591,591,591,0.01,0.23,0.48,0.00,0.10,0.22,0.00,0.06,0.14,0.00,0.00,0.00,0.00,0.01,0.04,0.00,0.00,0.00,0.00,0.06,0.10,23587,492696,1333932,290911,698163,1761104,0,25411972,127059862,0,42327429,211634525,0,186687,0,229.43,271.67,312.78
119,2,0,71,100,16054,16054,16054,81225,81225,81225,591,591,591,0.00,0.61,0.93,0.00,0.27,0.39,0.00,0.18,0.35,0.00,0.00,0.00,0.00,0.05,0.13,0.00,0.00,0.00,0.00,0.15,0.29,314483,411941,665650,327587,773535,1134410,0,25377784,126888922,0,0,0,0,377177,0,264.26,347.98,428.11
119,3,86,97,100,10982,10982,10982,86297,86297,86297,591,591,591,0.01,0.08,0.39,0.00,0.03,0.17,0.00,0.02,0.10,0.00,0.00,0.00,0.00,0.00,0.01,0.00,0.00,0.00,0.00,0.02,0.10,282879,688275,1271262,295072,761455,1286702,0,25358912,126794561,0,42301718,211508591,0,150580,0,181.69,266.52,388.26
120,0,100,100,100,27575,27575,27575,69704,69704,69704,591,591,591,0.64,0.68,0.71,0.22,0.22,0.23,0.17,0.20,0.21,0.00,0.00,0.00,0.04,0.04,0.05,0.00,0.00,0.00,0.10,0.10,0.11,378049,649803,1242228,479435,752320,1344437,1949815597,0,0,1952475063,0,0,0,246335,0,294.88,365.54,419.75
120,1,100,100,100,34918,34918,34918,62361,62361,62361,591,591,591,0.34,0.36,0.39,0.12,0.12,0.14,0.06,0.07,0.07,0.00,0.00,0.00,0.01,0.01,0.01,0.00,0.00,0.00,0.05,0.05,0.06,322366,408183,529370,411453,508427,631575,1950315195,0,0,1952996320,0,0,0,216903,0,229.36,248.82,280.85
120,2,99,99,99,16054,16054,16054,81225,81225,81225,591,591,591,0.77,0.77,0.77,0.25,0.26,0.27,0.30,0.30,0.30,0.00,0.00,0.00,0.07,0.07,0.07,0.00,0.00,0.00,0.12,0.13,0.14,327589,452765,799299,437637,560589,888402,1954243785,0,0,1946203420,0,0,0,373793,0,455.25,468.67,478.08
120,3,100,100,100,10982,10982,10982,86297,86297,86297,591,591,591,0.33,0.36,0.39,0.11,0.12,0.13,0.05,0.07,0.08,0.00,0.00,0.00,0.01,0.01,0.02,0.00,0.00,0.00,0.04,0.05,0.06,306623,338728,429796,387870,440937,526762,1950210936,0,0,1952889308,0,0,0,241837,0,207.62,238.66,272.56
121,0,92,98,100,27575,27575,27575,69704,69704,69704,591,591,591,0.42,0.72,0.89,0.11,0.23,0.35,0.04,0.16,0.34,0.00,0.00,0.00,0.01,0.03,0.06,0.00,0.00,0.00,0.04,0.14,0.26,455994,840709,1477952,587027,976986,1629940,722172680,0,0,921680912,0,0,0,381991,0,379.73,402.45,414.16
121,1,82,96,100,34918,34918,34918,62361,62361,62361,591,591,591,0.21,0.44,0.81,0.06,0.16,0.35,0.01,0.10,0.33,0.00,0.00,0.00,0.00,0.02,0.07,0.00,0.00,0.00,0.02,0.09,0.26,314801,405896,611452,390465,520368,868262,802785159,0,0,760673584,0,0,0,272071,0,262.24,278.63,318.77
121,2,75,94,100,16054,16054,16054,81225,81225,81225,591,591,591,0.71,0.82,0.90,0.23,0.26,0.31,0.14,0.22,0.30,0.00,0.00,0.00,0.04,0.05,0.07,0.00,0.00,0.00,0.11,0.16,0.24,0,506812,1181959,44547,642922,1336583,1061245843,0,0,987882497,0,0,0,429333,0,467.61,472.38,483.76
121,3,82,96,100,10982,10982,10982,86297,86297,86297,591,591,591,0.21,0.43,0.77,0.06,0.15,0.33,0.01,0.09,0.31,0.00,0.00,0.00,0.00,0.02,0.06,0.00,0.00,0.00,0.01,0.08,0.25,311735,408281,623722,332692,522717,873561,802544605,0,0,760562801,0,0,0,271955,0,252.37,271.54,309.33
122,0,13,54,85,27575,27575,27575,69704,69704,69704,591,591,591,0.01,0.28,0.79,0.00,0.12,0.32,0.00,0.08,0.24,0.00,0.00,0.00,0.00,0.02,0.06,0.00,0.00,0.00,0.00,0.07,0.17,305967,1010140,1968129,576540,1168259,2222335,0,0,0,0,0,0,0,172710,0,258.31,337.84,428.95
122,1,82,94,100,34918,34918,34918,62361,62361,62361,591,591,591,0.88,0.93,0.95,0.23,0.28,0.43,0.15,0.24,0.39,0.00,0.00,0.00,0.05,0.09,0.16,0.00,0.00,0.00,0.09,0.14,0.27,15723,631060,1527854,26206,695529,1577646,0,0,0,0,0,0,0,495720,0,361.93,467.57,539.97
122,2,78,89,100,16054,16054,16054,81225,81225,81225,591,591,591,0.01,0.47,0.87,0.00,0.20,0.36,0.00,0.15,0.30,0.00,0.00,0.00,0.00,0.04,0.11,0.00,0.00,0.00,0.00,0.11,0.20,330244,496350,689296,550201,729071,1053637,0,0,0,0,0,0,0,172465,0,303.86,417.35,478.46
122,3,0,59,100,10982,10982,10982,86297,86297,86297,591,591,591,0.00,0.55,0.93,0.00,0.17,0.28,0.00,0.15,0.31,0.00,0.00,0.00,0.00,0.05,0.10,0.00,0.00,0.00,0.00,0.09,0.19,327575,483267,877979,364263,540399,967088,0,0,0,0,0,0,0,242743,0,290.08,328.99,369.44
123,0,100,100,100,27575,27575,27575,69704,69704,69704,591,591,591,0.01,0.01,0.01,0.00,0.00,0.00,0.00,0.00,0.00,0.00,0.00,0.00,0.00,0.00,0.00,0.00,0.00,0.00,0.00,0.00,0.00,424593,486281,688499,437698,500513,701999,0,0,0,0,0,0,0,109261,0,136.14,163.04,200.74
123,1,72,93,99,34918,34918,34918,62361,62361,62361,591,591,591,0.81,0.93,0.97,0.26,0.28,0.32,0.32,0.40,0.43,0.00,0.00,0.00,0.12,0.16,0.18,0.00,0.00,0.00,0.07,0.09,0.12,327562,524589,830748,374731,621005,1108119,0,0,0,0,0,0,0,315119,0,515.27,539.33,550.51
123,2,100,100,100,16054,16054,16054,81225,81225,81225,591,591,591,0.01,0.01,0.01,0.00,0.00,0.00,0.00,0.00,0.00,0.00,0.00,0.00,0.00,0.00,0.00,0.00,0.00,0.00,0.00,0.00,0.00,301385,361684,563504,314489,375313,579230,0,0,0,0,0,0,0,82125,0,136.82,166.13,245.78
123,3,69,89,99,10982,10982,10982,86297,86297,86297,591,591,591,0.47,0.80,0.96,0.25,0.30,0.32,0.11,0.30,0.40,0.00,0.00,0.00,0.01,0.11,0.16,0.00,0.00,0.00,0.10,0.14,0.20,309101,399738,469935,369349,765017,1309882,0,0,0,0,0,0,0,371437,0,394.59,464.20,513.54
124,0,94,98,100,27575,27575,27575,69704,69704,69704,591,591,591,0.01,0.16,0.60,0.00,0.06,0.26,0.00,0.03,0.16,0.00,0.00,0.00,0.00,0.01,0.03,0.00,0.00,0.00,0.00,0.03,0.16,414086,475943,652605,427190,695562,1035185,0,8469811,42349055,0,33857753,169286147,0,165471,0,135.87,161.57,193.06
124,1,33,65,100,24754,28032,34918,62361,69246,72525,591,591,591,0.28,0.54,0.90,0.16,0.30,0.52,0.06,0.13,0.24,0.00,0.00,0.00,0.01,0.02,0.07,0.00,0.00,0.00,0.13,0.24,0.45,310812,465388,723308,934985,1196977,1676975,0,25384014,126920072,0,0,0,0,309964,0,365.93,411.73,472.56
124,2,100,100,100,16054,16054,16054,81225,81225,81225,591,591,591,0.01,0.15,0.52,0.00,0.06,0.23,0.00,0.03,0.15,0.00,0.00,0.00,0.00,0.01,0.03,0.00,0.00,0.00,0.00,0.03,0.15,0,292731,489191,28828,474239,1069232,0,5647364,28236823,0,22569890,112849454,0,198726,0,136.33,165.97,210.68
124,3,100,100,100,10982,10982,10982,86297,86297,86297,591,591,591,0.01,0.36,0.89,0.00,0.16,0.50,0.00,0.10,0.34,0.00,0.00,0.00,0.00,0.02,0.08,0.00,0.00,0.00,0.00,0.12,0.41,115305,463520,987983,314493,756331,1079674,0,25385286,126924685,0,0,0,0,274564,0,224.69,293.85,380.06
125,0,100,100,100,27575,27575,27575,69704,69704,69704,591,591,591,0.18,0.25,0.28,0.05,0.08,0.08,0.00,0.03,0.04,0.00,0.00,0.00,0.00,0.01,0.01,0.00,0.00,0.00,0.00,0.02,0.03,342140,826363,1928922,375138,859170,1962993,84713739,599377928,865158305,42354249,588218304,865156568,0,173300,0,172.16,195.37,207.53
125,1,99,99,100,24754,24754,24754,72525,72525,72525,591,591,591,0.86,0.92,0.99,0.16,0.21,0.27,0.35,0.40,0.46,0.00,0.00,0.00,0.07,0.10,0.12,0.00,0.00,0.00,0.04,0.08,0.12,73379,859533,1624701,123172,897793,1661388,126905558,560457507,721223892,0,541527708,761516081,0,472594,0,457.48,510.73,537.08
125,2,100,100,100,16054,16054,16054,81225,81225,81225,591,591,591,0.18,0.30,0.37,0.05,0.09,0.12,0.00,0.04,0.07,0.00,0.00,0.00,0.00,0.01,0.02,0.00,0.00,0.00,0.00,0.03,0.04,322380,562417,883142,353832,598585,917210,84451811,555241674,741484044,42228526,544648898,728072472,0,176512,0,183.78,212.16,230.69
125,3,100,100,100,10982,10982,10982,86297,86297,86297,591,591,591,0.36,0.69,0.88,0.07,0.19,0.24,0.08,0.22,0.30,0.00,0.00,0.00,0.02,0.06,0.08,0.00,0.00,0.00,0.01,0.07,0.09,309254,609040,1082364,364291,651495,1134778,2620,538317940,741458064,211503027,578466864,728021228,0,311128,0,370.02,411.70,447.34
126,0,100,100,100,27575,27575,27575,69704,69704,69704,591,591,591,0.26,0.27,0.29,0.08,0.08,0.09,0.03,0.03,0.04,0.00,0.00,0.00,0.01,0.01,0.01,0.00,0.00,0.00,0.02,0.02,0.03,424531,1139504,2526983,475261,1179561,2557862,0,490587635,660735930,0,491269861,659578190,0,116049,0,183.01,189.64,197.97
126,1,99,99,100,24754,24754,24754,72525,72525,72525,591,591,591,0.86,0.90,0.95,0.16,0.23,0.27,0.35,0.38,0.44,0.00,0.00,0.00,0.08,0.10,0.10,0.00,0.00,0.00,0.04,0.09,0.12,327582,499737,904144,343306,539598,951317,0,649848925,1293895216,0,649847619,1293892619,0,419746,0,519.82,522.46,526.26
126,2,100,100,100,16054,16054,16054,81225,81225,81225,591,591,591,0.19,0.32,0.48,0.05,0.10,0.15,0.00,0.05,0.12,0.00,0.00,0.00,0.00,0.01,0.03,0.00,0.00,0.00,0.00,0.03,0.06,309231,363996,424574,359023,403798,458645,0,649189172,1291260357,0,649189785,1291255173,0,193058,0,215.33,219.95,226.14
126,3,100,100,100,10982,10982,10982,86297,86297,86297,591,591,591,0.38,0.66,0.86,0.10,0.18,0.24,0.09,0.20,0.29,0.00,0.00,0.00,0.03,0.05,0.07,0.00,0.00,0.00,0.03,0.07,0.09,304821,422802,613271,335559,464556,647342,0,652763896,1305518838,0,652763268,1305518838,0,313517,0,381.96,401.38,416.28
127,0,100,100,100,27575,27575,27575,69704,69704,69704,591,591,591,0.24,0.28,0.33,0.06,0.08,0.11,0.02,0.04,0.06,0.00,0.00,0.00,0.00,0.01,0.01,0.00,0.00,0.00,0.01,0.02,0.04,424578,813487,1554176,490100,852798,1588248,644711270,654366926,660818751,647400078,653831248,658137599,0,170733,0,187.15,193.23,197.43
127,1,100,100,100,24754,24754,24754,72525,72525,72525,591,591,591,0.86,0.90,0.93,0.19,0.23,0.27,0.36,0.38,0.41,0.00,0.00,0.00,0.07,0.10,0.12,0.00,0.00,0.00,0.06,0.09,0.12,335477,472014,766710,374736,510973,801640,437681737,609729614,656771825,443038232,610801286,664801660,0,476722,0,524.66,527.65,530.64
127,2,100,100,100,16054,16054,16054,81225,81225,81225,591,591,591,0.22,0.32,0.46,0.05,0.10,0.15,0.01,0.05,0.11,0.00,0.00,0.00,0.00,0.01,0.02,0.00,0.00,0.00,0.00,0.03,0.06,317112,547568,1263182,348561,587230,1278906,429833262,611399832,660819087,431613692,610685102,658140597,0,164701,0,215.99,219.54,224.64
127,3,100,100,100,10982,10982,10982,86297,86297,86297,591,591,591,0.31,0.73,0.87,0.08,0.20,0.24,0.06,0.23,0.29,0.00,0.00,0.00,0.01,0.06,0.08,0.00,0.00,0.00,0.02,0.07,0.09,309241,586161,1113789,359034,624772,1129513,429814927,611369602,660783972,431597029,610655729,658105636,0,316186,0,389.78,404.98,414.37
128,0,100,100,100,27575,27575,27575,69704,69704,69704,591,591,591,0.18,0.24,0.36,0.05,0.07,0.11,0.00,0.02,0.07,0.00,0.00,0.00,0.00,0.00,0.01,0.00,0.00,0.00,0.00,0.02,0.04,414088,756394,1986710,445558,791513,2015541,0,526386481,1231500924,0,529170630,1268494250,0,140533,0,176.00,187.47,197.75
128,1,99,99,100,24754,24754,24754,72525,72525,72525,591,591,591,0.86,0.92,0.99,0.15,0.21,0.27,0.35,0.40,0.46,0.00,0.00,0.00,0.07,0.10,0.12,0.00,0.00,0.00,0.03,0.07,0.12,5241,573396,1417814,36687,615850,1470229,0,530544475,1305513659,0,522192880,1305511038,0,404831,0,518.39,521.87,528.10
128,2,100,100,100,16054,16054,16054,81225,81225,81225,591,591,591,0.21,0.27,0.38,0.06,0.08,0.12,0.01,0.03,0.08,0.00,0.00,0.00,0.00,0.01,0.02,0.00,0.00,0.00,0.01,0.02,0.04,304022,410941,613284,324989,445535,673564,0,526402758,1231928668,0,529186238,1268754567,0,122770,0,189.28,208.27,220.64
128,3,100,100,100,10982,10982,10982,86297,86297,86297,591,591,591,0.43,0.72,0.93,0.13,0.18,0.22,0.10,0.19,0.30,0.00,0.00,0.00,0.03,0.05,0.08,0.00,0.00,0.00,0.05,0.07,0.10,332718,495285,856951,380016,561321,1024672,0,526358166,1305473033,0,529134853,1120863755,0,262679,0,372.74,395.48,405.87
129,0,100,100,100,27575,27575,27575,69704,69704,69704,591,591,591,0.18,0.33,0.54,0.05,0.09,0.16,0.00,0.03,0.07,0.00,0.00,0.00,0.00,0.01,0.02,0.00,0.00,0.00,0.00,0.03,0.09,467859,552574,664864,481227,636581,754735,0,394184090,756417688,0,392884919,750054850,0,153487,0,199.84,202.84,204.92
129,1,100,100,100,24754,24754,24754,72525,72525,72525,591,591,591,0.89,0.94,0.95,0.20,0.20,0.21,0.15,0.15,0.15,0.00,0.00,0.00,0.04,0.05,0.05,0.00,0.00,0.00,0.09,0.09,0.10,330210,398341,550348,377382,463334,597521,0,443616282,746924168,0,446357071,766024125,0,308182,0,503.11,506.72,509.33
129,2,99,99,100,16054,16054,16054,81225,81225,81225,591,591,591,0.31,0.40,0.52,0.08,0.11,0.14,0.02,0.04,0.06,0.00,0.00,0.00,0.01,0.01,0.02,0.00,0.00,0.00,0.02,0.05,0.06,306629,548921,1302612,356709,635353,1381240,0,443996482,756487616,0,443096315,750111285,0,181912,0,226.90,237.06,257.40
129,3,100,100,100,10982,10982,10982,86297,86297,86297,591,591,591,0.67,0.89,0.96,0.14,0.20,0.23,0.08,0.12,0.13,0.00,0.00,0.00,0.02,0.03,0.04,0.00,0.00,0.00,0.04,0.08,0.10,310760,406372,707642,361653,459252,765301,0,440752730,756385785,0,439854725,750025947,0,333542,0,410.45,422.17,442.98
130,0,100,100,100,27575,27575,27575,69704,69704,69704,591,591,591,0.18,0.23,0.38,0.05,0.06,0.11,0.00,0.01,0.03,0.00,0.00,0.00,0.00,0.00,0.01,0.00,0.00,0.00,0.00,0.01,0.04,432430,518930,836070,445559,533083,849174,0,286177104,722145043,0,285822244,720378606,0,134872,0,162.48,174.89,181.06
130,1,100,100,100,24754,24754,24754,72525,72525,72525,591,591,591,0.94,0.95,0.96,0.18,0.20,0.20,0.15,0.15,0.15,0.00,0.00,0.00,0.04,0.05,0.05,0.00,0.00,0.00,0.06,0.09,0.09,321187,482883,602759,370008,522728,649302,0,282830969,708713837,0,283888595,710723901,0,405145,0,501.82,505.44,508.11
130,2,100,100,100,16054,16054,16054,81225,81225,81225,591,591,591,0.18,0.29,0.43,0.05,0.08,0.12,0.00,0.02,0.04,0.00,0.00,0.00,0.00,0.00,0.01,0.00,0.00,0.00,0.00,0.02,0.05,324995,546238,1077101,338100,564962,1090204,0,238953297,722260506,0,238583955,720415544,0,147097,0,174.94,192.56,203.56
130,3,100,100,100,10982,10982,10982,86297,86297,86297,591,591,591,0.27,0.63,0.96,0.07,0.15,0.20,0.01,0.07,0.12,0.00,0.00,0.00,0.00,0.02,0.04,0.00,0.00,0.00,0.02,0.05,0.07,306634,465581,883059,319738,487320,896161,0,286168613,722098847,0,285814341,720322247,0,281102,0,324.54,366.70,421.30
131,0,92,98,100,27575,27575,27575,69704,69704,69704,591,591,591,0.18,0.54,0.98,0.05,0.21,0.40,0.00,0.16,0.46,0.00,0.00,0.00,0.00,0.03,0.08,0.00,0.00,0.00,0.00,0.12,0.26,429817,818532,2210983,448162,905519,2436273,0,0,0,0,0,0,0,353864,0,162.06,230.99,341.26
131,1,81,96,100,24754,24754,24754,72525,72525,72525,591,591,591,0.75,0.88,0.95,0.20,0.26,0.37,0.15,0.21,0.39,0.00,0.00,0.00,0.04,0.05,0.06,0.00,0.00,0.00,0.09,0.15,0.24,89096,505265,1436138,180813,586504,1572413,0,0,0,0,0,0,0,452569,0,503.05,507.46,510.96
131,2,86,93,100,16054,16054,16054,81225,81225,81225,591,591,591,0.18,0.51,0.89,0.05,0.19,0.35,0.00,0.15,0.39,0.00,0.00,0.00,0.00,0.04,0.09,0.00,0.00,0.00,0.00,0.10,0.23,306601,467496,1061217,319704,561835,1184370,0,0,0,0,0,0,0,286130,0,174.98,239.40,347.48
131,3,77,92,100,10982,10982,10982,86297,86297,86297,591,591,591,0.18,0.59,0.98,0.05,0.22,0.40,0.00,0.17,0.46,0.00,0.00,0.00,0.00,0.03,0.08,0.00,0.00,0.00,0.00,0.13,0.26,232391,417521,613055,242875,501891,838367,0,0,0,0,0,0,0,290005,0,270.43,298.96,354.00
132,0,95,98,100,27575,27575,27575,69704,69704,69704,591,591,591,0.91,0.95,0.99,0.21,0.25,0.29,0.15,0.27,0.43,0.00,0.00,0.00,0.07,0.11,0.18,0.00,0.00,0.00,0.07,0.10,0.12,321197,638679,1226474,352449,665370,1252681,0,0,0,0,0,0,0,425736,0,425.70,500.40,531.39
132,1,38,79,100,24754,24754,24754,72525,72525,72525,591,591,591,0.01,0.48,0.91,0.00,0.20,0.35,0.00,0.17,0.35,0.00,0.00,0.00,0.00,0.06,0.13,0.00,0.00,0.00,0.00,0.10,0.13,338063,489556,872682,403619,754250,1006460,0,0,0,0,0,0,0,259593,0,343.37,446.12,508.65
132,2,73,94,100,16054,16054,16054,81225,81225,81225,591,591,591,0.01,0.19,0.73,0.00,0.09,0.34,0.00,0.06,0.24,0.00,0.00,0.00,0.00,0.01,0.07,0.00,0.00,0.00,0.00,0.05,0.17,301401,363254,558263,317127,540944,883262,0,0,0,0,0,0,0,130128,0,182.00,311.87,390.95
132,3,99,99,100,10982,10982,10982,86297,86297,86297,591,591,591,0.94,0.96,0.98,0.21,0.23,0.28,0.16,0.23,0.43,0.00,0.00,0.00,0.07,0.10,0.18,0.00,0.00,0.00,0.07,0.09,0.10,332827,405142,532004,353715,428204,545108,0,0,0,0,0,0,0,409735,0,426.08,487.14,510.54
133,0,99,99,100,27575,27575,27575,69704,69704,69704,591,591,591,0.94,0.97,0.99,0.27,0.29,0.31,0.39,0.42,0.44,0.00,0.00,0.00,0.15,0.17,0.19,0.00,0.00,0.00,0.07,0.09,0.11,442895,569935,932799,487446,676091,1234125,0,0,0,0,0,0,0,315961,0,524.64,530.22,532.68
133,1,100,100,100,24754,24754,24754,72525,72525,72525,591,591,591,0.01,0.01,0.01,0.00,0.00,0.00,0.00,0.00,0.00,0.00,0.00,0.00,0.00,0.00,0.00,0.00,0.00,0.00,0.00,0.00,0.00,301409,426717,786923,317134,441103,799908,0,0,0,0,0,0,0,121471,0,151.87,197.06,266.62
133,2,100,100,100,16054,16054,16054,81225,81225,81225,591,591,591,0.01,0.01,0.01,0.00,0.00,0.00,0.00,0.00,0.00,0.00,0.00,0.00,0.00,0.00,0.00,0.00,0.00,0.00,0.00,0.00,0.00,298336,380540,581848,313768,394880,597574,0,0,0,0,0,0,0,122343,0,135.81,136.24,136.67
133,3,99,99,99,10982,10982,10982,86297,86297,86297,591,591,591,0.98,0.98,0.98,0.28,0.28,0.28,0.43,0.43,0.43,0.00,0.00,0.00,0.18,0.18,0.18,0.00,0.00,0.00,0.08,0.08,0.09,298418,409591,603617,333824,446301,641683,0,0,0,0,0,0,0,467421,0,516.14,517.51,519.94
134,0,71,83,100,20637,22264,27575,69704,75014,76642,591,591,591,0.01,0.39,0.74,0.00,0.22,0.46,0.00,0.09,0.15,0.00,0.00,0.00,0.00,0.01,0.02,0.00,0.00,0.00,0.00,0.17,0.40,424499,577575,731184,437601,1291418,1876444,0,8468472,42342362,0,524,2620,0,287693,0,315.05,398.33,498.39
134,1,100,100,100,24754,24754,24754,72525,72525,72525,591,591,591,0.01,0.15,0.74,0.00,0.08,0.40,0.00,0.04,0.18,0.00,0.00,0.00,0.00,0.01,0.03,0.00,0.00,0.00,0.00,0.06,0.31,306470,406744,634243,319567,625173,1169117,0,8446482,42232411,0,0,0,0,270518,0,151.07,172.69,247.56
134,2,90,98,100,16054,16054,16054,81225,81225,81225,591,591,591,0.01,0.13,0.64,0.00,0.06,0.30,0.00,0.04,0.18,0.00,0.00,0.00,0.00,0.01,0.03,0.00,0.00,0.00,0.00,0.04,0.21,220158,492285,1066710,323226,660956,1082435,0,0,0,0,25389614,126948074,0,183588,0,135.63,154.35,210.04
134,3,70,89,100,10982,10982,10982,86297,86297,86297,591,591,591,0.49,0.76,0.98,0.25,0.32,0.52,0.13,0.25,0.43,0.00,0.00,0.00,0.01,0.08,0.18,0.00,0.00,0.00,0.08,0.20,0.45,214892,565990,817583,791442,1196102,1618736,0,8472028,42360144,0,0,0,0,367568,0,461.21,491.60,522.40
135,0,100,100,100,20637,20637,20637,76642,76642,76642,591,591,591,0.79,0.89,0.99,0.16,0.29,0.55,0.16,0.32,0.45,0.00,0.00,0.00,0.02,0.08,0.13,0.00,0.00,0.00,0.03,0.16,0.47,455988,1016788,1860567,469091,1169308,1892013,0,294108015,741384312,0,280450370,640701467,0,397179,0,350.12,442.08,515.36
135,1,100,100,100,24754,24754,24754,72525,72525,72525,591,591,591,0.18,0.37,0.72,0.05,0.11,0.21,0.00,0.08,0.25,0.00,0.00,0.00,0.00,0.02,0.05,0.00,0.00,0.00,0.00,0.03,0.09,332836,608019,802011,364285,640516,815116,0,279374683,670164129,0,309979311,692364557,0,180428,0,254.28,287.99,312.13
135,2,100,100,100,16054,16054,16054,81225,81225,81225,591,591,591,0.18,0.25,0.34,0.05,0.07,0.10,0.00,0.03,0.06,0.00,0.00,0.00,0.00,0.01,0.01,0.00,0.00,0.00,0.00,0.01,0.03,332863,498998,749507,361694,524158,786197,0,287863830,670227776,0,284638349,692437654,0,103343,0,169.69,204.70,222.37
135,3,100,100,100,10982,10982,10982,86297,86297,86297,591,591,591,0.83,0.89,0.96,0.19,0.29,0.55,0.15,0.32,0.39,0.00,0.00,0.00,0.02,0.08,0.12,0.00,0.00,0.00,0.06,0.18,0.48,348551,485843,741669,382620,658763,1189405,0,294164139,644701534,0,280450581,761568820,0,302412,0,466.14,497.40,522.04
136,0,100,100,100,20637,20637,20637,76642,76642,76642,591,591,591,0.79,0.88,0.98,0.17,0.21,0.26,0.28,0.33,0.40,0.00,0.00,0.00,0.08,0.08,0.09,0.00,0.00,0.00,0.05,0.07,0.12,443279,649602,1024688,491963,682778,1074481,0,348733139,676001170,177920970,384455323,632964600,0,406242,0,499.79,506.00,512.46
136,1,100,100,100,24754,24754,24754,72525,72525,72525,591,591,591,0.21,0.38,0.55,0.06,0.11,0.16,0.01,0.08,0.15,0.00,0.00,0.00,0.00,0.02,0.03,0.00,0.00,0.00,0.01,0.03,0.07,311868,368302,434989,330217,399736,466434,71115677,408006860,663486294,35556531,400092754,659468643,0,174014,0,209.48,246.62,265.95
136,2,100,100,100,16054,16054,16054,81225,81225,81225,591,591,591,0.18,0.29,0.35,0.05,0.09,0.10,0.00,0.04,0.07,0.00,0.00,0.00,0.00,0.01,0.02,0.00,0.00,0.00,0.00,0.02,0.03,309261,366391,573982,340711,398365,587087,73976313,408060109,660814271,36989109,400125326,658138347,0,163830,0,169.71,187.51,202.84
136,3,99,99,100,10982,10982,10982,86297,86297,86297,591,591,591,0.78,0.89,0.99,0.17,0.20,0.23,0.30,0.39,0.46,0.00,0.00,0.00,0.06,0.10,0.14,0.00,0.00,0.00,0.04,0.07,0.10,296615,458246,673519,332107,491409,707588,104206244,409785887,656767126,0,389723128,664807546,0,452869,0,493.72,500.12,506.54
137,0,100,100,100,20637,20637,20637,76642,76642,76642,591,591,591,0.70,0.84,0.94,0.16,0.20,0.26,0.23,0.31,0.35,0.00,0.00,0.00,0.07,0.08,0.09,0.00,0.00,0.00,0.02,0.06,0.12,442775,550843,864861,455875,580194,912035,0,522112226,1305136211,0,486543352,1120567075,0,431974,0,483.74,486.88,493.16
137,1,100,100,100,24754,24754,24754,72525,72525,72525,591,591,591,0.18,0.37,0.49,0.05,0.11,0.14,0.00,0.08,0.13,0.00,0.00,0.00,0.00,0.02,0.03,0.00,0.00,0.00,0.00,0.03,0.05,308265,445674,647325,327613,478385,697120,73980318,462349504,647708654,36986227,469310690,645103814,0,203498,0,246.03,257.85,276.65
137,2,100,100,100,16054,16054,16054,81225,81225,81225,591,591,591,0.18,0.30,0.37,0.05,0.09,0.12,0.00,0.04,0.07,0.00,0.00,0.00,0.00,0.01,0.02,0.00,0.00,0.00,0.00,0.02,0.03,327590,520669,715881,364280,554653,750757,68982047,432395644,862585235,34489801,437754705,888492785,0,166278,0,188.95,196.24,203.02
137,3,99,99,100,10982,10982,10982,86297,86297,86297,591,591,591,0.77,0.88,1.00,0.15,0.21,0.25,0.29,0.38,0.47,0.00,0.00,0.00,0.06,0.10,0.13,0.00,0.00,0.00,0.04,0.08,0.11,311865,598467,1105944,324968,632085,1158358,110637060,466741027,656773721,0,480906093,664800991,0,398159,0,497.64,500.76,504.29
138,0,100,100,100,20637,20637,20637,76642,76642,76642,591,591,591,0.65,0.84,0.90,0.17,0.21,0.25,0.21,0.31,0.34,0.00,0.00,0.00,0.07,0.08,0.10,0.00,0.00,0.00,0.03,0.07,0.10,508406,1257399,2295652,521509,1291468,2327099,0,390037719,660802407,177914305,426156331,658123974,0,381366,0,480.55,488.70,501.13
138,1,100,100,100,24754,24754,24754,72525,72525,72525,591,591,591,0.18,0.33,0.60,0.05,0.10,0.17,0.00,0.06,0.17,0.00,0.00,0.00,0.00,0.01,0.04,0.00,0.00,0.00,0.00,0.03,0.06,26206,474884,1313004,39309,506857,1362798,71283972,404307446,660759940,35639365,397713345,658086910,0,226204,0,238.38,257.78,271.55
138,2,100,100,100,16054,16054,16054,81225,81225,81225,591,591,591,0.18,0.26,0.46,0.05,0.08,0.15,0.00,0.03,0.11,0.00,0.00,0.00,0.00,0.01,0.02,0.00,0.00,0.00,0.00,0.02,0.06,314492,385239,652500,330216,417736,712771,71287391,404304750,660789916,35652868,397710758,658108870,0,158050,0,186.09,197.82,207.80
138,3,100,100,100,10982,10982,10982,86297,86297,86297,591,591,591,0.88,0.88,0.88,0.17,0.20,0.24,0.37,0.38,0.39,0.00,0.00,0.00,0.07,0.09,0.12,0.00,0.00,0.00,0.04,0.07,0.11,319720,386289,547729,335444,417737,579178,106632140,412169564,656758190,0,389238532,664790607,0,407453,0,496.49,502.06,509.24
139,0,100,100,100,20637,20637,20637,76642,76642,76642,591,591,591,0.76,0.86,0.98,0.13,0.19,0.26,0.25,0.32,0.41,0.00,0.00,0.00,0.06,0.08,0.09,0.00,0.00,0.00,0.01,0.06,0.12,315106,448208,555558,348183,475663,568661,2673,432947315,660753005,188304509,434316935,658072173,0,293023,0,476.79,486.23,496.63
139,1,100,100,100,24754,24754,24754,72525,72525,72525,591,591,591,0.25,0.36,0.50,0.08,0.10,0.14,0.02,0.07,0.13,0.00,0.00,0.00,0.00,0.02,0.03,0.00,0.00,0.00,0.02,0.03,0.05,324969,383930,539900,359038,416688,573971,73971248,491553649,660827460,36985624,490883423,658156788,0,205156,0,241.26,256.63,274.76
139,2,100,100,100,16054,16054,16054,81225,81225,81225,591,591,591,0.20,0.28,0.34,0.06,0.08,0.10,0.01,0.04,0.06,0.00,0.00,0.00,0.00,0.01,0.01,0.00,0.00,0.00,0.01,0.02,0.03,311873,381332,534661,343323,412782,573974,73977188,491589639,660833678,36991215,490921426,658162939,0,159026,0,185.39,192.84,204.26
139,3,100,100,100,10982,10982,10982,86297,86297,86297,591,591,591,0.79,0.86,0.92,0.19,0.21,0.22,0.32,0.37,0.42,0.00,0.00,0.00,0.06,0.09,0.13,0.00,0.00,0.00,0.06,0.08,0.09,309239,385892,602755,338067,417340,636824,110637150,490557497,656772041,0,492563555,664799289,0,411513,0,506.87,511.89,517.67
140,0,100,100,100,20637,20637,20637,76642,76642,76642,591,591,591,0.80,0.91,0.98,0.17,0.20,0.25,0.13,0.22,0.39,0.00,0.00,0.00,0.04,0.06,0.10,0.00,0.00,0.00,0.04,0.08,0.10,445490,537756,697087,469074,598031,741638,0,416556264,681639091,0,378705203,647377082,0,386688,0,475.17,483.67,489.08
140,1,100,100,100,24754,24754,24754,72525,72525,72525,591,591,591,0.21,0.45,0.86,0.06,0.12,0.23,0.01,0.06,0.13,0.00,0.00,0.00,0.00,0.02,0.03,0.00,0.00,0.00,0.01,0.05,0.12,311886,436094,707597,327611,499167,775736,2620,355639904,670479620,157410854,373324016,610410557,0,227721,0,223.97,252.70,268.76
140,2,100,100,100,16054,16054,16054,81225,81225,81225,591,591,591,0.18,0.32,0.48,0.05,0.09,0.13,0.00,0.03,0.07,0.00,0.00,0.00,0.00,0.01,0.02,0.00,0.00,0.00,0.00,0.03,0.06,317116,427545,615909,353802,495336,699777,39425150,358271268,681709495,36981577,365464034,692958359,0,182370,0,194.74,204.63,218.00
140,3,100,100,100,10982,10982,10982,86297,86297,86297,591,591,591,0.78,0.92,0.99,0.16,0.20,0.24,0.14,0.32,0.47,0.00,0.00,0.00,0.04,0.08,0.14,0.00,0.00,0.00,0.04,0.07,0.12,306618,461264,643392,340687,518170,774645,82131368,390862446,596433269,0,408355487,736262867,0,457578,0,504.05,508.25,513.97
141,0,100,100,100,20637,20637,20637,76642,76642,76642,591,591,591,0.94,0.96,0.99,0.18,0.20,0.21,0.12,0.14,0.15,0.00,0.00,0.00,0.03,0.04,0.04,0.00,0.00,0.00,0.04,0.07,0.10,455997,887305,2117506,484824,925562,2167299,0,293587186,751160158,0,293087273,546471634,0,387287,0,472.05,477.06,480.19
141,1,100,100,100,24754,24754,24754,72525,72525,72525,591,591,591,0.18,0.47,0.78,0.05,0.12,0.20,0.00,0.05,0.10,0.00,0.00,0.00,0.00,0.01,0.03,0.00,0.00,0.00,0.00,0.04,0.09,298712,371023,500249,314434,413824,533428,0,292885598,671000508,0,293644740,707742386,0,246938,0,267.58,291.65,318.51
141,2,100,100,100,16054,16054,16054,81225,81225,81225,591,591,591,0.18,0.30,0.47,0.05,0.08,0.13,0.00,0.02,0.05,0.00,0.00,0.00,0.00,0.00,0.01,0.00,0.00,0.00,0.00,0.02,0.05,252888,472665,910109,280476,510677,978237,0,263052736,671106073,0,254477767,707857288,0,138861,0,194.32,200.34,205.16
141,3,100,100,100,10982,10982,10982,86297,86297,86297,591,591,591,0.93,0.96,0.97,0.15,0.18,0.21,0.15,0.15,0.16,0.00,0.00,0.00,0.04,0.05,0.05,0.00,0.00,0.00,0.04,0.07,0.10,314485,473591,699731,345933,508332,746904,0,285217401,622602550,0,292397098,753266555,0,387845,0,487.86,495.61,504.61
142,0,100,100,100,20637,20637,20637,76642,76642,76642,591,591,591,0.94,0.96,0.97,0.18,0.20,0.22,0.13,0.14,0.16,0.00,0.00,0.00,0.04,0.04,0.05,0.00,0.00,0.00,0.06,0.08,0.10,301204,577536,1108557,311357,612061,1150489,0,144364683,721823415,0,170328309,523274112,0,366984,0,469.17,474.96,482.85
142,1,100,100,100,24754,24754,24754,72525,72525,72525,591,591,591,0.18,0.30,0.77,0.05,0.08,0.20,0.00,0.02,0.10,0.00,0.00,0.00,0.00,0.01,0.03,0.00,0.00,0.00,0.00,0.02,0.09,136285,416183,773126,149389,429811,786229,0,160579069,643361398,0,152155135,681016566,0,173809,0,203.30,227.90,269.50
142,2,100,100,100,16054,16054,16054,81225,81225,81225,591,591,591,0.18,0.24,0.33,0.05,0.07,0.09,0.00,0.01,0.03,0.00,0.00,0.00,0.00,0.00,0.01,0.00,0.00,0.00,0.00,0.01,0.03,306649,324463,340700,319753,338615,353803,0,160563849,643294184,0,152140029,680936303,0,137704,0,165.63,176.09,197.68
142,3,100,100,100,10982,10982,10982,86297,86297,86297,591,591,591,0.94,0.95,0.99,0.16,0.20,0.22,0.14,0.15,0.16,0.00,0.00,0.00,0.04,0.05,0.05,0.00,0.00,0.00,0.05,0.08,0.10,314102,382791,526772,361218,422649,573945,0,167988895,601504221,0,144975723,724878615,0,290458,0,475.74,480.33,486.48
143,0,88,97,100,20637,20637,20637,76642,76642,76642,591,591,591,0.18,0.63,0.96,0.05,0.15,0.22,0.00,0.10,0.15,0.00,0.00,0.00,0.00,0.02,0.04,0.00,0.00,0.00,0.00,0.07,0.15,446350,618818,1151372,461289,655525,1161652,0,0,0,0,0,0,0,255838,0,348.84,410.74,466.74
143,1,80,96,100,24754,24754,24754,72525,72525,72525,591,591,591,0.18,0.23,0.38,0.05,0.06,0.09,0.00,0.01,0.03,0.00,0.00,0.00,0.00,0.00,0.01,0.00,0.00,0.00,0.00,0.01,0.04,317117,431379,539903,332842,459158,550387,0,1929238708,0,0,1902737929,0,0,94518,0,172.21,206.17,222.16
143,2,91,98,100,16054,16054,16054,81225,81225,81225,591,591,591,0.18,0.25,0.41,0.05,0.08,0.17,0.00,0.02,0.11,0.00,0.00,0.00,0.00,0.01,0.03,0.00,0.00,0.00,0.00,0.03,0.13,306649,387342,594928,319754,429793,608033,0,0,0,0,0,0,0,84571,0,148.42,169.70,183.28
143,3,90,98,100,10982,10982,10982,86297,86297,86297,591,591,591,0.89,0.94,0.97,0.15,0.19,0.21,0.12,0.15,0.16,0.00,0.00,0.00,0.04,0.04,0.05,0.00,0.00,0.00,0.04,0.08,0.11,306626,417741,552824,319730,447090,634045,0,292114295,708244633,0,339353803,708724253,0,385728,0,480.59,483.75,487.14
144,0,86,95,100,20637,20637,20637,76642,76642,76642,591,591,591,0.93,0.94,0.95,0.27,0.32,0.38,0.16,0.32,0.43,0.00,0.00,0.00,0.06,0.11,0.16,0.00,0.00,0.00,0.10,0.15,0.25,474312,1012613,2093836,600138,1100142,2161971,0,0,0,0,0,0,0,458808,0,352.84,432.26,514.06
144,1,82,95,100,24754,24754,24754,72525,72525,72525,591,591,591,0.84,0.91,0.95,0.23,0.27,0.35,0.16,0.26,0.37,0.00,0.00,0.00,0.07,0.08,0.14,0.00,0.00,0.00,0.09,0.15,0.25,330204,452146,602753,345928,511896,614958,0,539130864,0,0,549894015,0,0,430046,0,264.52,433.01,543.23
144,2,76,95,100,16054,16054,16054,81225,81225,81225,591,591,591,0.01,0.28,0.79,0.00,0.12,0.32,0.00,0.10,0.33,0.00,0.00,0.00,0.00,0.02,0.05,0.00,0.00,0.00,0.00,0.07,0.21,204434,548799,1035286,256854,703420,1048391,0,0,0,0,0,0,0,206643,0,219.71,269.35,298.33
144,3,82,96,100,10982,10982,10982,86297,86297,86297,591,591,591,0.86,0.92,0.95,0.22,0.26,0.36,0.16,0.23,0.37,0.00,0.00,0.00,0.07,0.07,0.08,0.00,0.00,0.00,0.07,0.16,0.26,345929,446489,697968,359033,513137,716192,0,0,0,0,0,0,0,400316,0,490.56,498.61,507.16
145,0,88,96,100,20637,20637,20637,76642,76642,76642,591,591,591,0.01,0.28,0.85,0.00,0.12,0.33,0.00,0.09,0.31,0.00,0.00,0.00,0.00,0.02,0.09,0.00,0.00,0.00,0.00,0.08,0.21,419347,497930,602820,432452,805554,1448941,0,0,0,0,0,0,0,137325,0,243.78,384.24,507.70
145,1,98,98,99,24754,24754,24754,72525,72525,72525,591,591,591,0.94,0.96,0.98,0.25,0.29,0.32,0.38,0.41,0.43,0.00,0.00,0.00,0.15,0.17,0.19,0.00,0.00,0.00,0.07,0.09,0.12,141515,404058,592250,356408,482084,636799,0,0,0,0,0,0,0,490744,0,533.78,546.61,551.04
145,2,100,100,100,16054,16054,16054,81225,81225,81225,591,591,591,0.01,0.01,0.01,0.00,0.00,0.00,0.00,0.00,0.00,0.00,0.00,0.00,0.00,0.00,0.00,0.00,0.00,0.00,0.00,0.00,0.00,301407,396617,623670,314512,411258,636772,0,0,0,0,0,0,0,108627,0,135.49,141.47,164.21
145,3,97,99,100,10982,10982,10982,86297,86297,86297,591,591,591,0.94,0.97,0.98,0.25,0.27,0.28,0.29,0.40,0.44,0.00,0.00,0.00,0.12,0.17,0.19,0.00,0.00,0.00,0.07,0.08,0.10,327569,508361,759756,356395,544000,791194,0,0,0,0,0,0,0,412272,0,510.38,513.36,516.17
146,0,100,100,100,20637,20637,20637,76642,76642,76642,591,591,591,0.01,0.01,0.01,0.00,0.00,0.00,0.00,0.00,0.00,0.00,0.00,0.00,0.00,0.00,0.00,0.00,0.00,0.00,0.00,0.00,0.00,281348,484443,741720,289978,497740,754824,0,0,0,0,0,0,0,81996,0,136.51,145.96,173.59
146,1,59,71,100,24752,24752,24754,72525,72526,72527,591,591,591,0.01,0.28,0.44,0.00,0.15,0.23,0.00,0.07,0.12,0.00,0.00,0.00,0.00,0.00,0.01,0.00,0.00,0.00,0.00,0.11,0.17,327620,688594,1001141,773184,1194388,1585502,0,655,2620,0,0,0,0,192203,0,318.05,418.75,499.08
146,2,100,100,100,16054,16054,16054,81225,81225,81225,591,591,591,0.01,0.01,0.01,0.00,0.00,0.00,0.00,0.00,0.00,0.00,0.00,0.00,0.00,0.00,0.00,0.00,0.00,0.00,0.00,0.00,0.00,319756,437692,597577,332861,452107,610682,0,0,0,0,655,2620,0,108474,0,135.33,135.37,135.40
146,3,58,88,99,10982,10982,10982,86297,86297,86297,591,591,591,0.41,0.82,0.99,0.21,0.27,0.30,0.11,0.33,0.43,0.00,0.00,0.00,0.01,0.13,0.18,0.00,0.00,0.00,0.08,0.11,0.16,330188,355752,427166,366898,638780,1184534,0,0,0,0,0,0,0,351346,0,467.11,501.24,519.72
147,0,100,100,100,20637,20637,20637,76642,76642,76642,591,591,591,0.01,0.48,0.91,0.00,0.19,0.42,0.00,0.14,0.33,0.00,0.00,0.00,0.00,0.03,0.08,0.00,0.00,0.00,0.00,0.12,0.31,446247,533800,757407,490081,728219,948595,0,25526102,84446056,0,42301008,169276720,0,317643,0,136.47,250.90,331.35
147,1,96,99,100,24752,24752,24752,72527,72527,72527,591,591,591,0.01,0.53,0.92,0.00,0.23,0.49,0.00,0.15,0.40,0.00,0.00,0.00,0.00,0.03,0.09,0.00,0.00,0.00,0.00,0.17,0.42,309053,599488,995308,322149,863589,1796793,0,25384135,84724832,0,0,0,0,421763,0,229.97,295.13,403.32
147,2,90,98,100,16054,16054,16054,81225,81225,81225,591,591,591,0.01,0.17,0.25,0.00,0.06,0.12,0.00,0.02,0.07,0.00,0.00,0.00,0.00,0.00,0.01,0.00,0.00,0.00,0.00,0.02,0.09,314499,357483,393110,330223,429816,660424,0,25412129,84708113,0,42328823,126936215,0,164333,0,135.36,160.89,169.44
147,3,55,80,100,10982,10982,10982,86297,86297,86297,591,591,591,0.40,0.69,0.98,0.20,0.34,0.55,0.10,0.18,0.41,0.00,0.00,0.00,0.01,0.03,0.11,0.00,0.00,0.00,0.15,0.28,0.48,340621,481480,621216,558561,1079635,1331553,0,49646373,121308136,0,0,0,0,473177,0,412.16,435.71,476.75
148,0,100,100,100,20637,20637,20637,76642,76642,76642,591,591,591,0.18,0.42,0.62,0.05,0.12,0.18,0.00,0.10,0.17,0.00,0.00,0.00,0.00,0.02,0.03,0.00,0.00,0.00,0.00,0.04,0.07,456007,969157,2261679,469111,996937,2277404,0,523603613,1231854201,0,528823446,1268688592,0,225861,0,236.81,308.48,382.51
148,1,100,100,100,24752,24752,24752,72527,72527,72527,591,591,591,0.47,0.79,0.95,0.09,0.20,0.25,0.13,0.28,0.37,0.00,0.00,0.00,0.03,0.07,0.10,0.00,0.00,0.00,0.01,0.07,0.11,325780,432874,738033,372138,465702,750936,2565,410319495,741435090,180702958,449694650,727985710,0,415830,0,477.52,508.19,542.40
148,2,100,100,100,16054,16054,16054,81225,81225,81225,591,591,591,0.18,0.21,0.24,0.05,0.06,0.07,0.00,0.01,0.02,0.00,0.00,0.00,0.00,0.00,0.00,0.00,0.00,0.00,0.00,0.01,0.02,52417,455675,1056277,83868,483204,1066761,0,405192124,670212075,0,402486991,692426762,0,134379,0,153.98,162.50,177.08
148,3,99,99,100,10982,10982,10982,86297,86297,86297,591,591,591,0.77,0.86,1.00,0.13,0.22,0.28,0.31,0.37,0.46,0.00,0.00,0.00,0.09,0.10,0.11,0.00,0.00,0.00,0.02,0.09,0.14,322344,531373,832120,335449,568318,882705,0,509445807,1194699425,0,536238348,1305494844,0,398867,0,498.24,511.94,527.52
149,0,100,100,100,20637,20637,20637,76642,76642,76642,591,591,591,0.19,0.45,0.71,0.05,0.12,0.18,0.00,0.11,0.23,0.00,0.00,0.00,0.00,0.03,0.06,0.00,0.00,0.00,0.00,0.04,0.07,432238,669344,1158366,447956,700795,1189815,0,408035725,660803800,0,400133464,658117542,0,228068,0,277.60,299.56,325.27
149,1,100,100,100,24752,24752,24752,72527,72527,72527,591,591,591,0.47,0.82,0.98,0.11,0.21,0.27,0.14,0.28,0.38,0.00,0.00,0.00,0.05,0.07,0.09,0.00,0.00,0.00,0.03,0.07,0.12,400858,690261,1315589,434918,725376,1326072,0,390007462,660771948,0,390539414,647386879,0,243297,0,461.46,479.52,518.87
149,2,100,100,100,16054,16054,16054,81225,81225,81225,591,591,591,0.18,0.22,0.24,0.05,0.06,0.07,0.00,0.01,0.02,0.00,0.00,0.00,0.00,0.00,0.00,0.00,0.00,0.00,0.00,0.01,0.02,309279,378435,547677,325006,411456,579122,0,390042242,660716336,0,390577483,658035600,0,90386,0,161.85,164.67,169.22
149,3,99,99,100,10982,10982,10982,86297,86297,86297,591,591,591,0.80,0.88,0.96,0.14,0.19,0.27,0.33,0.38,0.43,0.00,0.00,0.00,0.08,0.09,0.11,0.00,0.00,0.00,0.02,0.07,0.13,317094,440269,746893,330197,469620,759997,0,414599094,656734146,0,394045343,664779436,0,298651,0,493.96,497.59,502.22
150,0,100,100,100,20637,20637,20637,76642,76642,76642,591,591,591,0.20,0.53,0.75,0.06,0.15,0.20,0.00,0.15,0.24,0.00,0.00,0.00,0.00,0.04,0.06,0.00,0.00,0.00,0.01,0.05,0.07,804569,965131,1103402,817672,999657,1153200,0,389246859,660817902,0,389727504,658134186,0,229220,0,275.78,306.80,319.42
150,1,100,100,100,24752,24752,24752,72527,72527,72527,591,591,591,0.61,0.85,0.94,0.11,0.21,0.27,0.19,0.29,0.34,0.00,0.00,0.00,0.04,0.07,0.10,0.00,0.00,0.00,0.01,0.07,0.11,332828,533567,880539,380011,568160,893642,0,522193078,660771333,177909121,522193203,658090405,0,414213,0,457.72,475.88,525.61
150,2,100,100,100,16054,16054,16054,81225,81225,81225,591,591,591,0.18,0.23,0.30,0.05,0.07,0.10,0.00,0.02,0.04,0.00,0.00,0.00,0.00,0.00,0.01,0.00,0.00,0.00,0.00,0.01,0.03,324998,371108,416715,340724,407799,466511,0,522210267,1231542685,0,522209943,1268534646,0,141714,0,161.18,165.24,168.57
150,3,100,100,100,10982,10982,10982,86297,86297,86297,591,591,591,0.88,0.88,0.88,0.17,0.22,0.26,0.37,0.38,0.39,0.00,0.00,0.00,0.08,0.10,0.12,0.00,0.00,0.00,0.04,0.08,0.12,311864,460723,786237,343294,496365,838653,0,390851507,656761890,0,389246888,664820688,0,454153,0,493.74,496.26,497.63
151,0,100,100,100,20637,20637,20637,76642,76642,76642,591,591,591,0.27,0.50,0.75,0.07,0.14,0.21,0.03,0.13,0.24,0.00,0.00,0.00,0.01,0.03,0.06,0.00,0.00,0.00,0.00,0.04,0.08,471769,1092143,2195298,503221,1123588,2245072,0,522157062,660852448,0,522158407,658160739,0,177330,0,285.75,306.98,329.89
151,1,100,100,100,24752,24752,24752,72527,72527,72527,591,591,591,0.39,0.81,0.99,0.09,0.20,0.28,0.10,0.28,0.38,0.00,0.00,0.00,0.03,0.07,0.10,0.00,0.00,0.00,0.02,0.07,0.12,214900,433686,695685,225383,468659,744334,0,463609006,644702419,0,463771576,647375489,0,478812,0,451.93,458.67,469.89
151,2,100,100,100,16054,16054,16054,81225,81225,81225,591,591,591,0.18,0.22,0.24,0.05,0.07,0.07,0.00,0.01,0.02,0.00,0.00,0.00,0.00,0.00,0.00,0.00,0.00,0.00,0.00,0.01,0.02,206283,454824,1137439,237486,488265,1176751,0,476119942,660807546,0,475947571,658131682,0,131904,0,158.55,161.87,166.27
151,3,100,100,100,10982,10982,10982,86297,86297,86297,591,591,591,0.77,0.88,0.99,0.15,0.21,0.27,0.31,0.38,0.46,0.00,0.00,0.00,0.07,0.10,0.12,0.00,0.00,0.00,0.04,0.08,0.13,214889,483140,853836,248084,514933,885265,0,478312108,656369412,0,477773068,664391804,0,404312,0,502.43,506.24,510.25
152,0,100,100,100,20637,20637,20637,76642,76642,76642,591,591,591,0.35,0.59,0.96,0.08,0.15,0.21,0.05,0.12,0.24,0.00,0.00,0.00,0.01,0.03,0.06,0.00,0.00,0.00,0.01,0.05,0.08,422510,731510,1449386,435391,791240,1480837,0,395090914,649589126,0,397680126,671808314,0,278826,0,281.26,303.48,322.34
152,1,100,100,100,24752,24752,24752,72527,72527,72527,591,591,591,0.27,0.70,0.98,0.09,0.16,0.25,0.05,0.20,0.38,0.00,0.00,0.00,0.00,0.05,0.08,0.00,0.00,0.00,0.01,0.05,0.09,322345,643556,1385975,348552,694572,1397335,0,397422300,681664795,0,399670841,658059670,0,402242,0,448.35,458.76,467.01
152,2,96,99,100,16054,16054,16054,81225,81225,81225,591,591,591,0.18,0.23,0.30,0.05,0.06,0.09,0.00,0.01,0.02,0.00,0.00,0.00,0.00,0.00,0.00,0.00,0.00,0.00,0.00,0.01,0.03,304001,397320,718144,322374,458121,731249,0,397433627,681658895,0,399684875,692904347,0,136437,0,158.63,163.36,170.55
152,3,99,99,100,10982,10982,10982,86297,86297,86297,591,591,591,0.77,0.89,1.00,0.13,0.19,0.28,0.31,0.39,0.46,0.00,0.00,0.00,0.08,0.09,0.11,0.00,0.00,0.00,0.02,0.06,0.14,317072,406193,655146,335415,456511,665629,0,400799008,1194667267,0,394054074,1305456840,0,396357,0,499.94,505.65,512.10
153,0,100,100,100,20637,20637,20637,76642,76642,76642,591,591,591,0.35,0.64,0.97,0.11,0.16,0.22,0.03,0.07,0.13,0.00,0.00,0.00,0.01,0.02,0.04,0.00,0.00,0.00,0.04,0.06,0.09,277786,817165,1758633,312728,862941,1800568,0,246854740,677864206,0,246297362,710789369,0,265885,0,295.47,328.34,356.88
153,1,100,100,100,24752,24752,24752,72527,72527,72527,591,591,591,0.95,0.96,0.97,0.18,0.20,0.22,0.12,0.13,0.15,0.00,0.00,0.00,0.04,0.04,0.04,0.00,0.00,0.00,0.05,0.07,0.09,322345,487447,731179,356414,527806,778352,0,294643989,756462008,0,294446873,553280464,0,376900,0,474.33,486.88,501.18
153,2,100,100,100,16054,16054,16054,81225,81225,81225,591,591,591,0.18,0.24,0.34,0.05,0.07,0.10,0.00,0.01,0.03,0.00,0.00,0.00,0.00,0.00,0.01,0.00,0.00,0.00,0.00,0.01,0.04,309234,326028,345962,322350,371628,445534,0,294645577,716794742,0,294446607,722177850,0,138942,0,162.49,167.05,175.71
153,3,100,100,100,10982,10982,10982,86297,86297,86297,591,591,591,0.90,0.94,0.99,0.16,0.19,0.21,0.14,0.15,0.16,0.00,0.00,0.00,0.04,0.05,0.05,0.00,0.00,0.00,0.05,0.09,0.11,317103,491124,841253,343312,533580,898909,0,294348670,724828938,0,294944253,766006978,0,438826,0,485.50,489.06,493.32
154,0,100,100,100,20637,20637,20637,76642,76642,76642,591,591,591,0.18,0.38,0.85,0.05,0.09,0.20,0.00,0.03,0.11,0.00,0.00,0.00,0.00,0.01,0.03,0.00,0.00,0.00,0.00,0.03,0.08,427181,526779,697109,440310,555083,720695,0,150323249,671339049,0,149616888,707949776,0,190384,0,225.66,287.27,325.82
154,1,100,100,100,24752,24752,24752,72527,72527,72527,591,591,591,0.71,0.90,0.97,0.16,0.20,0.22,0.09,0.12,0.15,0.00,0.00,0.00,0.03,0.04,0.04,0.00,0.00,0.00,0.06,0.09,0.09,303538,422880,759991,319149,464264,804542,0,245924724,751647288,0,244971737,546768115,0,401716,0,463.82,472.61,480.81
154,2,100,100,100,16054,16054,16054,81225,81225,81225,591,591,591,0.18,0.22,0.29,0.05,0.06,0.08,0.00,0.01,0.02,0.00,0.00,0.00,0.00,0.00,0.00,0.00,0.00,0.00,0.00,0.01,0.03,199155,494833,1116477,207890,517500,1174136,0,246634847,671121102,0,245678065,707865278,0,120450,0,148.51,156.70,162.61
154,3,100,100,100,10982,10982,10982,86297,86297,86297,591,591,591,0.94,0.96,0.99,0.15,0.19,0.21,0.14,0.15,0.15,0.00,0.00,0.00,0.04,0.05,0.05,0.00,0.00,0.00,0.04,0.07,0.10,314400,535914,1256652,361560,571944,1282194,0,146083356,609637363,0,147567269,737836349,0,388013,0,477.65,482.20,488.96
155,0,100,100,100,20637,20637,20637,76642,76642,76642,591,591,591,0.18,0.44,0.76,0.05,0.11,0.18,0.00,0.04,0.09,0.00,0.00,0.00,0.00,0.01,0.03,0.00,0.00,0.00,0.00,0.03,0.08,424596,535669,642092,437700,549821,655196,0,286172138,722081198,0,285804278,720244522,0,175158,0,230.51,246.18,276.00
155,1,100,100,100,24752,24752,24752,72527,72527,72527,591,591,591,0.18,0.66,0.99,0.05,0.14,0.21,0.00,0.08,0.13,0.00,0.00,0.00,0.00,0.02,0.04,0.00,0.00,0.00,0.00,0.04,0.08,353802,607753,866386,364285,622941,880182,0,141746281,708731408,0,141745233,708726167,0,265548,0,356.78,411.88,445.73
155,2,100,100,100,16054,16054,16054,81225,81225,81225,591,591,591,0.18,0.19,0.22,0.05,0.05,0.06,0.00,0.00,0.00,0.00,0.00,0.00,0.00,0.00,0.00,0.00,0.00,0.00,0.00,0.00,0.01,304030,378457,466525,317135,393135,484871,0,141741109,708705548,0,141743206,708716031,0,113772,0,141.79,148.29,151.21
155,3,100,100,100,10982,10982,10982,86297,86297,86297,591,591,591,0.93,0.95,0.99,0.16,0.19,0.21,0.14,0.15,0.16,0.00,0.00,0.00,0.04,0.04,0.05,0.00,0.00,0.00,0.05,0.08,0.11,216562,366718,539848,247998,390827,560813,0,237630478,708676216,0,238348103,708673596,0,293163,0,476.49,480.59,483.42
156,0,86,93,100,20637,20637,20637,76642,76642,76642,591,591,591,0.18,0.52,0.90,0.05,0.19,0.34,0.00,0.18,0.36,0.00,0.00,0.00,0.00,0.03,0.07,0.00,0.00,0.00,0.00,0.12,0.26,402651,602149,827609,454994,699802,935593,0,0,0,0,0,0,0,389559,0,183.18,236.86,317.31
156,1,79,93,100,24752,24752,24752,72527,72527,72527,591,591,591,0.18,0.60,0.88,0.05,0.23,0.35,0.00,0.18,0.36,0.00,0.00,0.00,0.00,0.04,0.08,0.00,0.00,0.00,0.00,0.13,0.23,327550,555570,1119011,424568,662357,1276249,0,0,0,0,0,0,0,275551,0,271.58,300.26,340.85
156,2,93,98,100,16054,16054,16054,81225,81225,81225,591,591,591,0.18,0.62,0.98,0.05,0.22,0.40,0.00,0.20,0.46,0.00,0.00,0.00,0.00,0.04,0.08,0.00,0.00,0.00,0.00,0.13,0.27,309253,441562,739003,327599,542451,788794,0,0,0,0,0,0,0,265971,0,142.14,230.10,328.60
156,3,83,93,100,10982,10982,10982,86297,86297,86297,591,591,591,0.72,0.84,0.95,0.16,0.28,0.38,0.16,0.24,0.35,0.00,0.00,0.00,0.04,0.06,0.09,0.00,0.00,0.00,0.06,0.15,0.23,324959,368857,414053,385244,510371,571288,0,0,0,0,0,0,0,392391,0,477.12,481.40,484.29
157,0,97,99,100,20637,20637,20637,76642,76642,76642,591,591,591,0.93,0.95,0.97,0.23,0.26,0.30,0.16,0.29,0.42,0.00,0.00,0.00,0.07,0.12,0.18,0.00,0.00,0.00,0.08,0.10,0.12,449007,883326,1899987,475214,914774,1910469,0,0,0,0,0,0,0,421440,0,435.96,504.87,527.53
157,1,53,88,100,24752,24752,24752,72527,72527,72527,591,591,591,0.01,0.32,0.90,0.00,0.14,0.37,0.00,0.11,0.34,0.00,0.00,0.00,0.00,0.03,0.13,0.00,0.00,0.00,0.00,0.07,0.14,301401,441863,655146,314505,664103,927721,0,0,0,0,0,0,0,190282,0,296.69,393.35,455.42
157,2,98,99,100,16054,16054,16054,81225,81225,81225,591,591,591,0.94,0.95,0.97,0.23,0.26,0.31,0.16,0.29,0.42,0.00,0.00,0.00,0.07,0.12,0.18,0.00,0.00,0.00,0.08,0.10,0.11,317053,535128,1229059,330155,565528,1265747,0,0,0,0,0,0,0,426486,0,411.09,495.82,534.51
157,3,66,93,100,10982,10982,10982,86297,86297,86297,591,591,591,0.01,0.07,0.30,0.00,0.03,0.16,0.00,0.02,0.08,0.00,0.00,0.00,0.00,0.00,0.01,0.00,0.00,0.00,0.00,0.02,0.12,283013,514808,1056218,298736,638484,1192398,0,0,0,0,0,0,0,132356,0,177.66,313.05,445.68
158,0,82,94,100,20637,20637,20637,76642,76642,76642,591,591,591,0.58,0.82,0.97,0.29,0.30,0.32,0.14,0.31,0.42,0.00,0.00,0.00,0.01,0.11,0.18,0.00,0.00,0.00,0.08,0.15,0.24,466446,553477,754773,602726,1013141,1522597,0,0,0,0,0,0,0,281365,0,460.32,506.99,527.48
158,1,100,100,100,24752,24752,24752,72527,72527,72527,591,591,591,0.01,0.01,0.01,0.00,0.00,0.00,0.00,0.00,0.00,0.00,0.00,0.00,0.00,0.00,0.00,0.00,0.00,0.00,0.00,0.00,0.00,318010,514148,853149,334044,526705,863206,0,0,0,0,0,0,0,120280,0,150.30,169.16,217.62
158,2,45,77,99,16054,16054,16054,81225,81225,81225,591,591,591,0.32,0.65,0.97,0.17,0.23,0.30,0.09,0.25,0.42,0.00,0.00,0.00,0.01,0.09,0.18,0.00,0.00,0.00,0.08,0.11,0.14,211375,392165,676152,246313,739660,1286786,0,0,0,0,0,0,0,309110,0,409.37,483.51,531.36
158,3,100,100,100,10982,10982,10982,86297,86297,86297,591,591,591,0.01,0.01,0.01,0.00,0.00,0.00,0.00,0.00,0.00,0.00,0.00,0.00,0.00,0.00,0.00,0.00,0.00,0.00,0.00,0.00,0.00,204433,325520,484868,213169,338275,497972,0,0,0,0,0,0,0,115416,0,143.89,144.55,146.19
159,0,94,98,100,20637,20637,20637,76642,76642,76642,591,591,591,0.01,0.65,0.98,0.00,0.27,0.53,0.00,0.21,0.41,0.00,0.00,0.00,0.00,0.05,0.11,0.00,0.00,0.00,0.00,0.19,0.43,429741,845930,1677061,584963,1107718,1707786,0,176332947,759150588,0,155956509,779779928,0,438752,0,379.27,402.28,447.63
159,1,89,97,100,24752,24752,24752,72527,72527,72527,591,591,591,0.10,0.37,0.83,0.05,0.14,0.37,0.00,0.08,0.25,0.00,0.00,0.00,0.00,0.02,0.05,0.00,0.00,0.00,0.01,0.07,0.25,301361,416732,579178,424584,552739,778369,0,159417354,754874578,0,180689458,734729109,0,248334,0,164.67,243.05,282.75
159,2,44,88,100,16054,16054,16054,81225,81225,81225,591,591,591,0.38,0.80,0.97,0.18,0.32,0.53,0.08,0.26,0.44,0.00,0.00,0.00,0.01,0.06,0.12,0.00,0.00,0.00,0.05,0.22,0.46,330202,389914,563305,359029,766726,1393852,0,173630183,741255318,0,152279687,761398439,0,419607,0,366.08,412.83,484.09
159,3,91,98,100,10982,10982,10982,86297,86297,86297,591,591,591,0.08,0.26,0.55,0.04,0.09,0.23,0.00,0.04,0.14,0.00,0.00,0.00,0.00,0.01,0.03,0.00,0.00,0.00,0.00,0.04,0.14,293549,320250,353812,306654,417738,649966,0,159447356,754881496,0,180804126,734730532,0,177628,0,156.24,193.13,210.07
160,0,100,100,100,20637,20637,20637,76642,76642,76642,591,591,591,0.86,0.91,0.99,0.15,0.21,0.27,0.35,0.39,0.47,0.00,0.00,0.00,0.07,0.10,0.12,0.00,0.00,0.00,0.03,0.08,0.12,455964,871604,2078135,469066,906720,2125306,0,522161771,1305278520,0,522159776,1305286381,0,408002,0,507.85,515.09,523.16
160,1,100,100,100,24752,24752,24752,72527,72527,72527,591,591,591,0.33,0.37,0.42,0.11,0.11,0.12,0.05,0.08,0.10,0.00,0.00,0.00,0.01,0.02,0.02,0.00,0.00,0.00,0.04,0.04,0.04,303425,362126,461523,334814,405100,511346,642056972,650441428,663459002,646075375,651246456,659441421,0,211411,0,231.62,257.74,287.58
160,2,99,99,100,16054,16054,16054,81225,81225,81225,591,591,591,0.86,0.89,0.99,0.15,0.23,0.26,0.35,0.38,0.47,0.00,0.00,0.00,0.08,0.10,0.12,0.00,0.00,0.00,0.03,0.09,0.12,324965,626884,1307700,340689,669341,1357492,644701637,651150437,660770934,640673709,650346813,664804212,0,454821,0,504.25,511.54,520.40
160,3,100,100,100,10982,10982,10982,86297,86297,86297,591,591,591,0.26,0.27,0.29,0.08,0.08,0.09,0.03,0.03,0.04,0.00,0.00,0.00,0.01,0.01,0.01,0.00,0.00,0.00,0.02,0.02,0.03,296135,470172,851759,327583,514726,901555,642052145,650628319,663485893,646077649,651434019,659457698,0,177032,0,177.03,194.12,206.75
161,0,100,100,100,20637,20637,20637,76642,76642,76642,591,591,591,0.86,0.91,0.96,0.18,0.22,0.26,0.35,0.39,0.44,0.00,0.00,0.00,0.07,0.10,0.12,0.00,0.00,0.00,0.05,0.08,0.12,305734,799122,1163588,351158,836510,1195036,0,564093464,870291196,0,563290675,870294690,0,409935,0,510.08,512.92,514.82
161,1,100,100,100,24752,24752,24752,72527,72527,72527,591,591,591,0.24,0.36,0.53,0.06,0.11,0.17,0.02,0.07,0.13,0.00,0.00,0.00,0.00,0.02,0.03,0.00,0.00,0.00,0.00,0.03,0.08,335437,449620,746767,364264,484704,814894,440083650,610195669,663481224,437420480,609662924,659463540,0,240097,0,241.04,256.47,267.44
161,2,100,100,100,16054,16054,16054,81225,81225,81225,591,591,591,0.86,0.90,0.93,0.19,0.22,0.25,0.36,0.39,0.41,0.00,0.00,0.00,0.07,0.09,0.11,0.00,0.00,0.00,0.06,0.09,0.11,322316,457435,688363,345934,495046,725053,440517886,608688746,660790019,443196215,609215400,664804956,0,409473,0,509.71,512.99,517.49
161,3,100,100,100,10982,10982,10982,86297,86297,86297,591,591,591,0.22,0.27,0.34,0.06,0.08,0.11,0.01,0.03,0.06,0.00,0.00,0.00,0.00,0.01,0.01,0.00,0.00,0.00,0.01,0.02,0.04,307517,365721,518732,340715,401026,550171,442337964,609046860,663467215,439659415,608500483,659449616,0,161040,0,197.38,200.30,202.15
162,0,99,99,100,20637,20637,20637,76642,76642,76642,591,591,591,0.86,0.89,0.99,0.15,0.23,0.26,0.35,0.38,0.47,0.00,0.00,0.00,0.07,0.10,0.12,0.00,0.00,0.00,0.03,0.09,0.12,451308,563861,880545,497464,605800,932958,0,654486514,1305502476,0,655323458,1305494614,0,454741,0,503.79,507.19,509.63
162,1,100,100,100,24752,24752,24752,72527,72527,72527,591,591,591,0.18,0.39,0.61,0.05,0.12,0.18,0.00,0.08,0.16,0.00,0.00,0.00,0.00,0.02,0.04,0.00,0.00,0.00,0.00,0.04,0.08,301606,476896,1037200,335458,525065,1088673,0,650753009,1305461527,0,651527309,1305466769,0,211542,0,246.55,264.29,276.55
162,2,99,99,100,16054,16054,16054,81225,81225,81225,591,591,591,0.86,0.91,0.99,0.15,0.22,0.27,0.35,0.40,0.47,0.00,0.00,0.00,0.07,0.10,0.12,0.00,0.00,0.00,0.03,0.08,0.12,327577,420878,736393,340680,460188,786185,0,651140106,1305515632,0,650337155,1305510391,0,302282,0,500.67,507.30,512.71
162,3,100,100,100,10982,10982,10982,86297,86297,86297,591,591,591,0.18,0.28,0.36,0.05,0.08,0.11,0.00,0.04,0.07,0.00,0.00,0.00,0.00,0.01,0.01,0.00,0.00,0.00,0.00,0.02,0.04,298778,399936,539902,311883,446063,589699,0,650629184,1305515841,0,651432230,1305513220,0,109112,0,193.56,199.93,203.89
163,0,100,100,100,20637,20637,20637,76642,76642,76642,591,591,591,0.89,0.92,0.95,0.17,0.21,0.25,0.15,0.30,0.41,0.00,0.00,0.00,0.05,0.08,0.11,0.00,0.00,0.00,0.05,0.09,0.10,463865,1051533,2093897,513652,1119015,2109620,118116602,520699188,681640263,0,517866763,766005065,0,396977,0,500.90,507.31,510.67
163,1,99,99,100,24752,24752,24752,72527,72527,72527,591,591,591,0.18,0.39,0.74,0.05,0.11,0.19,0.00,0.04,0.10,0.00,0.00,0.00,0.00,0.01,0.03,0.00,0.00,0.00,0.00,0.04,0.10,327577,457341,786292,382639,532686,799397,0,358309601,762791193,0,360137804,753239040,0,165305,0,224.22,254.87,280.83
163,2,99,99,100,16054,16054,16054,81225,81225,81225,591,591,591,0.87,0.92,0.95,0.16,0.20,0.24,0.15,0.27,0.42,0.00,0.00,0.00,0.05,0.07,0.10,0.00,0.00,0.00,0.05,0.08,0.09,317068,391123,545114,369475,459913,613254,0,359513691,756445676,0,357685465,766011184,0,446241,0,496.19,499.12,502.60
163,3,99,99,100,10982,10982,10982,86297,86297,86297,591,591,591,0.18,0.28,0.54,0.05,0.08,0.16,0.00,0.02,0.07,0.00,0.00,0.00,0.00,0.00,0.02,0.00,0.00,0.00,0.00,0.03,0.09,301403,361681,463917,314507,437680,594883,0,358315870,762803326,0,360146811,753245878,0,157646,0,178.78,193.76,203.67
164,0,100,100,100,20637,20637,20637,76642,76642,76642,591,591,591,0.94,0.95,0.97,0.19,0.19,0.20,0.14,0.15,0.16,0.00,0.00,0.00,0.05,0.05,0.05,0.00,0.00,0.00,0.07,0.08,0.09,463854,720647,1260360,500543,763624,1310145,0,293687746,751673932,0,293148930,757038426,0,295778,0,487.50,491.67,497.61
164,1,100,100,100,24752,24752,24752,72527,72527,72527,591,591,591,0.18,0.39,0.66,0.05,0.10,0.17,0.00,0.04,0.08,0.00,0.00,0.00,0.00,0.01,0.02,0.00,0.00,0.00,0.00,0.04,0.08,306582,343847,437698,345969,386826,450803,0,293316033,755192990,0,293856544,749831733,0,177227,0,245.09,277.10,317.56
164,2,100,100,100,16054,16054,16054,81225,81225,81225,591,591,591,0.94,0.94,0.95,0.20,0.20,0.20,0.15,0.15,0.15,0.00,0.00,0.00,0.04,0.04,0.05,0.00,0.00,0.00,0.09,0.09,0.09,335452,578649,1242213,382625,625822,1286765,0,293693711,751688623,0,293152247,757037423,0,397405,0,492.59,494.42,498.31
164,3,100,100,100,10982,10982,10982,86297,86297,86297,591,591,591,0.18,0.28,0.46,0.05,0.08,0.13,0.00,0.02,0.05,0.00,0.00,0.00,0.00,0.00,0.01,0.00,0.00,0.00,0.00,0.02,0.06,298788,481845,925151,311893,524235,938255,0,293333950,755273346,0,293873811,749921927,0,133064,0,187.56,202.93,223.13
165,0,100,100,100,20637,20637,20637,76642,76642,76642,591,591,591,0.94,0.94,0.95,0.20,0.20,0.20,0.15,0.15,0.16,0.00,0.00,0.00,0.04,0.04,0.05,0.00,0.00,0.00,0.09,0.09,0.09,377373,509970,733792,422797,540543,746895,0,365482405,708723926,0,380137125,708729168,0,393116,0,491.98,493.24,495.17
165,1,100,100,100,24752,24752,24752,72527,72527,72527,591,591,591,0.18,0.30,0.47,0.05,0.08,0.12,0.00,0.02,0.05,0.00,0.00,0.00,0.00,0.00,0.01,0.00,0.00,0.00,0.00,0.02,0.05,304012,376589,531978,317116,390205,545081,0,377334956,723928876,0,367321487,721237535,0,169278,0,203.41,216.17,233.32
165,2,100,100,100,16054,16054,16054,81225,81225,81225,591,591,591,0.94,0.95,0.96,0.18,0.20,0.20,0.15,0.15,0.15,0.00,0.00,0.00,0.04,0.04,0.05,0.00,0.00,0.00,0.06,0.08,0.09,359032,548713,1095319,385238,576877,1139866,0,369020647,711563859,0,379081521,714226068,0,394369,0,488.06,494.38,497.94
165,3,100,100,100,10982,10982,10982,86297,86297,86297,591,591,591,0.18,0.23,0.38,0.05,0.06,0.11,0.00,0.01,0.03,0.00,0.00,0.00,0.00,0.00,0.01,0.00,0.00,0.00,0.00,0.01,0.04,306657,413016,615869,319762,428216,631593,0,423470928,723735663,0,408635820,721034590,0,123472,0,168.94,173.89,180.87
166,0,82,96,100,20637,20637,20637,76642,76642,76642,591,591,591,0.76,0.89,0.94,0.17,0.28,0.38,0.11,0.20,0.43,0.00,0.00,0.00,0.04,0.06,0.08,0.00,0.00,0.00,0.09,0.16,0.35,445610,927577,2371044,516249,1016017,2535860,0,0,0,0,0,0,0,410293,0,484.10,493.66,505.81
166,1,81,95,100,24752,24752,24752,72527,72527,72527,591,591,591,0.61,0.86,0.96,0.25,0.28,0.33,0.16,0.27,0.39,0.00,0.00,0.00,0.05,0.08,0.16,0.00,0.00,0.00,0.10,0.16,0.23,332823,670310,1425548,364271,763440,1579456,0,0,0,0,0,0,0,429114,0,199.07,369.59,521.53
166,2,51,79,100,16054,16054,16054,81225,81225,81225,591,591,591,0.01,0.29,0.69,0.00,0.12,0.27,0.00,0.10,0.21,0.00,0.00,0.00,0.00,0.02,0.05,0.00,0.00,0.00,0.00,0.08,0.20,314517,421945,712871,327622,572899,1082411,0,0,0,0,0,0,0,192145,0,259.83,383.09,486.49
166,3,100,100,100,10982,10982,10982,86297,86297,86297,591,591,591,0.44,0.84,0.98,0.18,0.25,0.41,0.14,0.22,0.46,0.00,0.00,0.00,0.03,0.06,0.08,0.00,0.00,0.00,0.10,0.14,0.26,221821,482543,820312,302165,559935,836037,0,1469906522,0,0,1463689240,0,0,401916,0,211.49,350.70,489.58
167,0,75,91,99,20637,20637,20637,76642,76642,76642,591,591,591,0.55,0.86,0.97,0.28,0.30,0.32,0.15,0.34,0.42,0.00,0.00,0.00,0.01,0.12,0.17,0.00,0.00,0.00,0.09,0.13,0.21,324905,655682,1142540,607983,961268,1606706,0,349,1746,0,0,0,0,387735,0,471.47,504.41,520.56
167,1,75,90,100,24752,24752,24752,72527,72527,72527,591,591,591,0.01,0.63,0.96,0.00,0.25,0.32,0.00,0.23,0.40,0.00,0.00,0.00,0.00,0.08,0.16,0.00,0.00,0.00,0.00,0.12,0.21,338059,804031,1674589,398333,1162533,2578710,0,0,0,0,524,2620,0,332998,0,419.00,504.08,542.13
167,2,100,100,100,16054,16054,16054,81225,81225,81225,591,591,591,0.01,0.01,0.01,0.00,0.00,0.00,0.00,0.00,0.00,0.00,0.00,0.00,0.00,0.00,0.00,0.00,0.00,0.00,0.00,0.00,0.00,322372,589188,1237084,338098,603865,1250189,0,0,0,0,0,0,0,109958,0,137.15,153.27,195.46
167,3,98,99,100,10982,10982,10982,86297,86297,86297,591,591,591,0.93,0.97,0.99,0.20,0.25,0.30,0.16,0.33,0.44,0.00,0.00,0.00,0.08,0.14,0.19,0.00,0.00,0.00,0.06,0.08,0.11,327587,530332,749519,340691,557582,775726,0,0,0,0,0,0,0,412734,0,498.87,505.59,510.31
168,0,100,100,100,20637,20637,20637,76642,76642,76642,591,591,591,0.01,0.05,0.20,0.00,0.02,0.11,0.00,0.01,0.04,0.00,0.00,0.00,0.00,0.00,0.00,0.00,0.00,0.00,0.00,0.02,0.09,411481,563501,922569,424585,638459,1242323,0,0,0,0,0,0,0,109513,0,136.73,257.64,395.69
168,1,100,100,100,24752,24752,24752,72527,72527,72527,591,591,591,0.01,0.01,0.01,0.00,0.00,0.00,0.00,0.00,0.00,0.00,0.00,0.00,0.00,0.00,0.00,0.00,0.00,0.00,0.00,0.00,0.00,304388,473207,630816,317738,486126,637787,0,0,0,0,0,0,0,120263,0,150.24,221.73,337.69
168,2,100,100,100,16054,16054,16054,81225,81225,81225,591,591,591,0.01,0.01,0.01,0.00,0.00,0.00,0.00,0.00,0.00,0.00,0.00,0.00,0.00,0.00,0.00,0.00,0.00,0.00,0.00,0.00,0.00,211326,310121,408867,219986,323385,424593,0,0,0,0,0,0,0,109383,0,136.44,136.75,137.03
168,3,99,99,100,10982,10982,10982,86297,86297,86297,591,591,591,0.77,0.94,0.99,0.22,0.27,0.29,0.29,0.40,0.45,0.00,0.00,0.00,0.09,0.17,0.20,0.00,0.00,0.00,0.05,0.09,0.15,218393,382745,655146,253336,520732,888144,0,0,0,0,0,0,0,321010,0,516.10,522.25,533.54
169,0,100,100,100,20637,20637,20637,76642,76642,76642,591,591,591,0.01,0.30,0.89,0.00,0.17,0.48,0.00,0.07,0.21,0.00,0.00,0.00,0.00,0.01,0.05,0.00,0.00,0.00,0.00,0.15,0.37,440319,848731,1854040,453424,1117795,2366206,0,9791438,39165753,0,605,2423,0,314714,0,136.60,181.69,269.34
169,1,94,98,100,24752,24752,24752,72527,72527,72527,591,591,591,0.01,0.35,0.91,0.00,0.18,0.42,0.00,0.09,0.27,0.00,0.00,0.00,0.00,0.02,0.06,0.00,0.00,0.00,0.00,0.13,0.30,309267,518232,1011539,324970,779635,1388901,0,10553727,42214910,0,0,0,0,212235,0,149.60,193.66,274.16
169,2,89,97,100,16054,16054,16054,81225,81225,81225,591,591,591,0.01,0.10,0.19,0.00,0.03,0.08,0.00,0.01,0.04,0.00,0.00,0.00,0.00,0.00,0.01,0.00,0.00,0.00,0.00,0.01,0.05,309270,323674,340677,319754,396396,592254,0,0,0,0,31727524,126910099,0,99508,0,136.34,144.83,153.51
169,3,66,77,100,10256,10618,10982,86297,86660,87023,591,591,591,0.48,0.64,0.87,0.25,0.38,0.55,0.12,0.14,0.15,0.00,0.00,0.00,0.01,0.01,0.02,0.00,0.00,0.00,0.19,0.31,0.48,327550,664896,1344099,1249931,1521103,2242785,0,10587552,42350211,0,0,0,0,357341,0,456.42,469.13,493.23
170,0,100,100,100,20637,20637,20637,76642,76642,76642,591,591,591,0.25,0.64,0.92,0.08,0.17,0.23,0.02,0.21,0.33,0.00,0.00,0.00,0.00,0.05,0.09,0.00,0.00,0.00,0.03,0.06,0.10,448123,538561,746807,461226,572465,779277,0,293591817,741382545,0,316074697,727970284,0,243172,0,336.75,392.96,441.65
170,1,100,100,100,24752,24752,24752,72527,72527,72527,591,591,591,0.25,0.52,0.84,0.08,0.14,0.23,0.02,0.15,0.32,0.00,0.00,0.00,0.00,0.04,0.08,0.00,0.00,0.00,0.03,0.05,0.09,317119,363759,516278,348568,395208,529381,0,294177452,741432932,0,317383891,727983496,0,241553,0,339.76,371.68,397.37
170,2,100,100,100,16054,16054,16054,81225,81225,81225,591,591,591,0.18,0.19,0.20,0.05,0.05,0.06,0.00,0.00,0.01,0.00,0.00,0.00,0.00,0.00,0.00,0.00,0.00,0.00,0.00,0.00,0.01,304027,376350,636832,319752,400986,652557,0,302658494,741481081,0,292036185,728033867,0,132011,0,143.45,151.99,159.13
170,3,100,100,100,10256,10256,10256,87023,87023,87023,591,591,591,0.76,0.89,0.99,0.16,0.26,0.49,0.21,0.35,0.48,0.00,0.00,0.00,0.06,0.09,0.14,0.00,0.00,0.00,0.04,0.13,0.38,330206,515738,982766,361654,616882,1032560,0,316294534,721279892,0,280455833,761589045,0,405105,0,472.44,501.62,518.68
171,0,100,100,100,20637,20637,20637,76642,76642,76642,591,591,591,0.29,0.62,0.85,0.07,0.16,0.23,0.05,0.19,0.28,0.00,0.00,0.00,0.01,0.05,0.07,0.00,0.00,0.00,0.01,0.05,0.08,463874,798810,1158438,476978,828512,1189889,0,349203884,660808768,0,348846214,658130352,0,264510,0,280.55,328.69,359.88
171,1,100,100,100,24752,24752,24752,72527,72527,72527,591,591,591,0.33,0.54,0.80,0.07,0.14,0.23,0.07,0.15,0.26,0.00,0.00,0.00,0.01,0.04,0.07,0.00,0.00,0.00,0.01,0.05,0.09,311866,455016,691911,322349,484458,725982,0,347248554,660795282,0,346900208,658111658,0,322249,0,278.36,312.19,345.54
171,2,100,100,100,16054,16054,16054,81225,81225,81225,591,591,591,0.18,0.19,0.21,0.05,0.05,0.06,0.00,0.00,0.01,0.00,0.00,0.00,0.00,0.00,0.00,0.00,0.00,0.00,0.00,0.00,0.01,211421,434886,720759,234136,460396,733863,0,349215390,660798055,0,348858575,658130080,0,121233,0,145.82,147.81,148.40
171,3,100,100,100,10256,10256,10256,87023,87023,87023,591,591,591,0.87,0.90,0.97,0.14,0.20,0.22,0.37,0.39,0.45,0.00,0.00,0.00,0.07,0.10,0.14,0.00,0.00,0.00,0.03,0.07,0.09,228882,524286,801950,263826,554313,835909,0,348627803,656541002,0,349697906,664568047,0,418052,0,508.54,516.85,527.97
172,0,100,100,100,20637,20637,20637,76642,76642,76642,591,591,591,0.31,0.54,0.85,0.07,0.15,0.24,0.04,0.15,0.28,0.00,0.00,0.00,0.01,0.04,0.08,0.00,0.00,0.00,0.01,0.05,0.09,183435,818656,1941661,233225,849498,1970076,0,390032079,660803082,0,390568746,658114195,0,316838,0,307.35,342.98,382.18
172,1,100,100,100,24752,24752,24752,72527,72527,72527,591,591,591,0.34,0.48,0.79,0.08,0.13,0.23,0.05,0.12,0.25,0.00,0.00,0.00,0.01,0.03,0.06,0.00,0.00,0.00,0.01,0.04,0.09,403586,854713,1843097,416690,886514,1882680,0,382821031,660781585,0,383324141,658097995,0,273085,0,290.88,319.05,333.01
172,2,100,100,100,16054,16054,16054,81225,81225,81225,591,591,591,0.18,0.20,0.21,0.05,0.05,0.06,0.00,0.00,0.01,0.00,0.00,0.00,0.00,0.00,0.00,0.00,0.00,0.00,0.00,0.00,0.01,311871,345955,432454,327625,378978,482252,0,390061133,660788162,0,390597375,658122828,0,136568,0,149.54,150.93,151.97
172,3,99,99,100,10256,10256,10256,87023,87023,87023,591,591,591,0.76,0.87,0.99,0.17,0.20,0.24,0.29,0.38,0.47,0.00,0.00,0.00,0.06,0.10,0.14,0.00,0.00,0.00,0.04,0.07,0.11,311854,355869,445517,345932,387315,471724,0,390802852,656726992,0,389197236,664764268,0,412316,0,513.97,516.84,519.76
173,0,100,100,100,20637,20637,20637,76642,76642,76642,591,591,591,0.18,0.51,0.68,0.05,0.13,0.19,0.00,0.14,0.21,0.00,0.00,0.00,0.00,0.04,0.06,0.00,0.00,0.00,0.00,0.04,0.08,463850,1128630,2757771,479574,1153340,2788300,0,394180243,668660140,0,393678693,671448897,0,233572,0,311.88,349.41,379.05
173,1,100,100,100,24752,24752,24752,72527,72527,72527,591,591,591,0.18,0.47,0.70,0.05,0.13,0.18,0.00,0.12,0.23,0.00,0.00,0.00,0.00,0.03,0.06,0.00,0.00,0.00,0.00,0.04,0.07,324922,574451,1179274,340726,602753,1210721,0,393227500,660755205,0,392692428,658082184,0,276046,0,298.73,333.02,357.50
173,2,100,100,100,16054,16054,16054,81225,81225,81225,591,591,591,0.18,0.20,0.20,0.05,0.05,0.06,0.00,0.00,0.01,0.00,0.00,0.00,0.00,0.00,0.00,0.00,0.00,0.00,0.00,0.00,0.01,314503,519987,1163701,345953,549341,1176805,0,393273011,660816637,0,392738388,658140736,0,123670,0,145.78,149.03,150.35
173,3,100,100,100,10256,10256,10256,87023,87023,87023,591,591,591,0.76,0.88,1.00,0.13,0.21,0.27,0.30,0.38,0.45,0.00,0.00,0.00,0.09,0.10,0.12,0.00,0.00,0.00,0.01,0.08,0.13,311865,594359,1103308,324969,627379,1119032,0,392437310,656766694,0,394044156,664799183,0,410516,0,510.01,512.67,514.81
174,0,100,100,100,20637,20637,20637,76642,76642,76642,591,591,591,0.30,0.60,0.91,0.11,0.16,0.22,0.04,0.18,0.33,0.00,0.00,0.00,0.01,0.05,0.08,0.00,0.00,0.00,0.04,0.06,0.08,440319,619542,788796,474391,655183,838587,0,390026939,660745564,0,390564208,658054302,0,274241,0,335.87,357.70,389.47
174,1,100,100,100,24752,24752,24752,72527,72527,72527,591,591,591,0.32,0.51,0.83,0.09,0.14,0.20,0.04,0.14,0.28,0.00,0.00,0.00,0.01,0.04,0.07,0.00,0.00,0.00,0.02,0.05,0.06,317127,540865,1016828,330231,573881,1071863,0,390044736,660781268,0,390582527,658110783,0,228495,0,327.70,341.64,369.72
174,2,100,100,100,16054,16054,16054,81225,81225,81225,591,591,591,0.18,0.20,0.21,0.05,0.05,0.06,0.00,0.00,0.01,0.00,0.00,0.00,0.00,0.00,0.00,0.00,0.00,0.00,0.00,0.00,0.01,303970,358277,541279,317073,389108,569632,0,387884467,649889051,0,388426401,647440380,0,117961,0,149.77,151.65,154.11
174,3,99,99,100,10256,10256,10256,87023,87023,87023,591,591,591,0.76,0.90,0.99,0.16,0.20,0.26,0.29,0.40,0.47,0.00,0.00,0.00,0.06,0.10,0.14,0.00,0.00,0.00,0.04,0.07,0.12,317754,383794,555587,330671,412059,584414,0,388987711,656713541,0,387402429,664748001,0,297918,0,498.33,508.17,518.25
175,0,100,100,100,20637,20637,20637,76642,76642,76642,591,591,591,0.31,0.69,0.96,0.07,0.16,0.23,0.06,0.16,0.28,0.00,0.00,0.00,0.01,0.04,0.08,0.00,0.00,0.00,0.01,0.05,0.08,453383,881508,2117119,466487,938634,2255989,0,397387592,681564187,0,399634631,692797293,0,333614,0,299.48,337.39,386.90
175,1,100,100,100,24752,24752,24752,72527,72527,72527,591,591,591,0.34,0.67,0.84,0.07,0.16,0.23,0.07,0.14,0.25,0.00,0.00,0.00,0.01,0.03,0.06,0.00,0.00,0.00,0.01,0.06,0.09,301319,508899,783608,314420,572317,833403,0,397369397,681495187,0,399615908,692732482,0,240920,0,283.84,330.70,375.93
175,2,92,98,100,16054,16054,16054,81225,81225,81225,591,591,591,0.18,0.20,0.22,0.05,0.05,0.06,0.00,0.00,0.01,0.00,0.00,0.00,0.00,0.00,0.00,0.00,0.00,0.00,0.00,0.00,0.01,249846,333546,463895,258582,394525,676186,0,397449899,681703166,0,399700211,692949349,0,91993,0,146.41,147.79,149.37
175,3,100,100,100,10256,10256,10256,87023,87023,87023,591,591,591,0.87,0.90,1.00,0.12,0.19,0.28,0.37,0.39,0.46,0.00,0.00,0.00,0.07,0.10,0.13,0.00,0.00,0.00,0.01,0.06,0.13,311863,413538,552892,330206,463334,684060,0,400813904,698585819,0,394068674,664862415,0,396401,0,490.65,496.32,498.81
176,0,100,100,100,20637,20637,20637,76642,76642,76642,591,591,591,0.41,0.77,0.96,0.11,0.17,0.21,0.04,0.09,0.13,0.00,0.00,0.00,0.01,0.03,0.04,0.00,0.00,0.00,0.04,0.06,0.08,380770,519257,673521,410327,559302,718073,0,291831856,756349814,0,291610895,749977265,0,280182,0,359.89,385.52,413.13
176,1,100,100,100,24752,24752,24752,72527,72527,72527,591,591,591,0.18,0.64,0.95,0.05,0.15,0.21,0.00,0.07,0.12,0.00,0.00,0.00,0.00,0.02,0.03,0.00,0.00,0.00,0.00,0.05,0.08,317075,528331,1116407,361623,568514,1176683,0,244200278,716708955,0,244426973,722075657,0,264208,0,329.12,352.46,382.91
176,2,100,100,100,16054,16054,16054,81225,81225,81225,591,591,591,0.18,0.20,0.24,0.05,0.06,0.07,0.00,0.00,0.01,0.00,0.00,0.00,0.00,0.00,0.00,0.00,0.00,0.00,0.00,0.01,0.01,311875,581319,1284261,322359,627447,1299986,0,294664435,756510580,0,294466253,750152159,0,136411,0,144.80,148.56,150.82
176,3,100,100,100,10256,10256,10256,87023,87023,87023,591,591,591,0.88,0.94,0.99,0.17,0.19,0.22,0.14,0.15,0.16,0.00,0.00,0.00,0.04,0.05,0.05,0.00,0.00,0.00,0.05,0.09,0.11,211403,527581,838574,255082,567237,864779,0,244554502,724827800,0,243877297,708720865,0,437219,0,485.14,489.88,494.94
177,0,100,100,100,20637,20637,20637,76642,76642,76642,591,591,591,0.44,0.71,0.96,0.11,0.16,0.21,0.05,0.09,0.13,0.00,0.00,0.00,0.01,0.02,0.04,0.00,0.00,0.00,0.03,0.06,0.09,445473,809136,1635289,500502,848446,1661495,0,187899062,751596250,0,187018522,748074088,0,208088,0,339.99,370.47,411.64
177,1,100,100,100,24752,24752,24752,72527,72527,72527,591,591,591,0.20,0.56,0.94,0.06,0.13,0.23,0.01,0.06,0.12,0.00,0.00,0.00,0.00,0.02,0.04,0.00,0.00,0.00,0.01,0.05,0.10,359059,978369,1399456,390510,1010317,1457111,0,187917352,751669410,0,187014549,748058198,0,221566,0,330.65,347.65,392.04
177,2,100,100,100,16054,16054,16054,81225,81225,81225,591,591,591,0.18,0.19,0.23,0.05,0.05,0.06,0.00,0.00,0.01,0.00,0.00,0.00,0.00,0.00,0.00,0.00,0.00,0.00,0.00,0.00,0.01,306646,312541,322364,322370,338095,385265,0,187952976,751811907,0,187052714,748210859,0,115491,0,142.49,146.36,149.10
177,3,100,100,100,10256,10256,10256,87023,87023,87023,591,591,591,0.94,0.97,0.99,0.13,0.17,0.21,0.15,0.15,0.16,0.00,0.00,0.00,0.04,0.05,0.05,0.00,0.00,0.00,0.01,0.06,0.11,319730,514964,843866,338075,545757,875315,0,186580402,746321608,0,189263994,757055976,0,394035,0,485.43,491.01,496.67
178,0,100,100,100,20637,20637,20637,76642,76642,76642,591,591,591,0.18,0.46,0.94,0.05,0.11,0.22,0.00,0.05,0.13,0.00,0.00,0.00,0.00,0.01,0.04,0.00,0.00,0.00,0.00,0.03,0.10,432451,847487,1571970,445556,861114,1585070,0,144511561,722557805,0,144142939,720714699,0,252488,0,257.69,279.56,312.90
178,1,100,100,100,24752,24752,24752,72527,72527,72527,591,591,591,0.18,0.41,0.83,0.05,0.10,0.20,0.00,0.04,0.11,0.00,0.00,0.00,0.00,0.01,0.03,0.00,0.00,0.00,0.00,0.03,0.09,306626,383678,529434,322351,397830,542539,0,144435915,722179575,0,144083696,720418481,0,226816,0,246.89,257.62,272.04
178,2,100,100,100,16054,16054,16054,81225,81225,81225,591,591,591,0.18,0.19,0.23,0.05,0.05,0.06,0.00,0.00,0.01,0.00,0.00,0.00,0.00,0.00,0.00,0.00,0.00,0.00,0.00,0.00,0.01,304010,328129,380033,317135,342282,395759,0,144443397,722216987,0,144087983,720439916,0,117065,0,142.45,142.93,143.37
178,3,100,100,100,10256,10256,10256,87023,87023,87023,591,591,591,0.93,0.96,0.99,0.17,0.19,0.22,0.14,0.15,0.16,0.00,0.00,0.00,0.04,0.05,0.05,0.00,0.00,0.00,0.05,0.08,0.11,314412,410904,665638,358954,446019,694465,0,143904287,719521438,0,144980375,724901875,0,400812,0,481.78,493.97,504.75
179,0,72,94,100,20637,20637,20637,76642,76642,76642,591,591,591,0.18,0.34,0.69,0.05,0.09,0.17,0.00,0.04,0.14,0.00,0.00,0.00,0.00,0.01,0.03,0.00,0.00,0.00,0.00,0.04,0.13,316847,645193,1281592,404669,673765,1294696,0,1714314438,0,0,1700686214,0,0,161950,0,178.09,246.93,297.15
179,1,100,100,100,24752,24752,24752,72527,72527,72527,591,591,591,0.18,0.36,0.65,0.05,0.11,0.28,0.00,0.06,0.26,0.00,0.00,0.00,0.00,0.01,0.05,0.00,0.00,0.00,0.00,0.05,0.22,306649,358673,387874,319754,393433,487292,0,0,0,0,0,0,0,183874,0,187.31,243.49,279.70
179,2,73,94,100,16054,16054,16054,81225,81225,81225,591,591,591,0.18,0.26,0.56,0.05,0.09,0.24,0.00,0.04,0.20,0.00,0.00,0.00,0.00,0.01,0.04,0.00,0.00,0.00,0.00,0.04,0.19,200937,552278,1129571,209674,585997,1142675,0,0,0,0,0,0,0,201226,0,139.78,154.41,207.77
179,3,100,100,100,10256,10256,10256,87023,87023,87023,591,591,591,0.75,0.91,0.98,0.14,0.20,0.32,0.14,0.17,0.25,0.00,0.00,0.00,0.04,0.05,0.05,0.00,0.00,0.00,0.03,0.10,0.24,348533,433630,580046,369494,475734,588782,0,0,0,0,0,0,0,450743,0,483.60,490.50,496.60
180,0,80,96,100,20637,20637,20637,76642,76642,76642,591,591,591,0.88,0.94,0.98,0.22,0.28,0.40,0.13,0.21,0.46,0.00,0.00,0.00,0.05,0.07,0.08,0.00,0.00,0.00,0.10,0.15,0.25,490512,734191,1285708,524125,801664,1520730,0,0,0,0,0,0,0,414512,0,287.48,427.90,524.83
180,1,81,95,100,24752,24752,24752,72527,72527,72527,591,591,591,0.92,0.93,0.96,0.21,0.28,0.39,0.13,0.22,0.43,0.00,0.00,0.00,0.06,0.08,0.10,0.00,0.00,0.00,0.10,0.14,0.25,324969,579142,1373155,340693,646233,1386258,0,0,0,0,0,0,0,443347,0,298.01,440.23,538.28
180,2,81,96,100,16054,16054,16054,81225,81225,81225,591,591,591,0.87,0.94,0.98,0.22,0.26,0.41,0.16,0.22,0.46,0.00,0.00,0.00,0.06,0.07,0.08,0.00,0.00,0.00,0.10,0.14,0.27,327540,659184,1231685,345882,722350,1284097,0,0,0,0,0,0,0,434579,0,282.18,424.74,526.77
180,3,59,86,100,10256,10256,10256,87023,87023,87023,591,591,591,0.12,0.64,0.91,0.06,0.26,0.37,0.02,0.21,0.35,0.00,0.00,0.00,0.00,0.06,0.13,0.00,0.00,0.00,0.05,0.14,0.21,332869,454777,547585,555656,722059,1066468,0,0,0,0,0,0,0,252959,0,395.06,467.95,498.60
181,0,96,98,99,20637,20637,20637,76642,76642,76642,591,591,591,0.95,0.98,0.99,0.26,0.27,0.28,0.31,0.41,0.44,0.00,0.00,0.00,0.13,0.17,0.19,0.00,0.00,0.00,0.07,0.08,0.10,455983,942919,2502767,490050,978036,2534215,0,0,0,0,0,0,0,471636,0,528.29,530.06,531.92
181,1,99,99,99,24752,24752,24752,72527,72527,72527,591,591,591,0.98,0.98,0.99,0.27,0.28,0.31,0.41,0.43,0.44,0.00,0.00,0.00,0.17,0.18,0.18,0.00,0.00,0.00,0.07,0.08,0.09,327587,415924,572850,372139,455087,608814,0,0,0,0,0,0,0,326336,0,547.00,548.69,551.14
181,2,97,98,99,16054,16054,16054,81225,81225,81225,591,591,591,0.95,0.98,0.99,0.25,0.27,0.28,0.38,0.42,0.43,0.00,0.00,0.00,0.17,0.18,0.18,0.00,0.00,0.00,0.08,0.08,0.08,327571,384704,547686,364272,421392,584373,0,0,0,0,0,0,0,318475,0,536.80,538.66,540.79
181,3,100,100,100,10256,10256,10256,87023,87023,87023,591,591,591,0.01,0.01,0.01,0.00,0.00,0.00,0.00,0.00,0.00,0.00,0.00,0.00,0.00,0.00,0.00,0.00,0.00,0.00,0.00,0.00,0.00,296165,349629,474391,309270,363258,490116,0,0,0,0,0,0,0,115820,0,144.49,218.43,335.37
182,0,62,87,100,15443,19598,20637,76642,77680,81836,591,591,591,0.44,0.76,0.99,0.23,0.27,0.32,0.12,0.29,0.44,0.00,0.00,0.00,0.01,0.10,0.19,0.00,0.00,0.00,0.08,0.14,0.20,455997,571271,938244,492688,1116334,2143810,0,524,2620,0,0,0,0,337381,0,452.87,506.68,534.81
182,1,66,89,100,19898,22327,24752,72527,74951,77381,591,591,591,0.01,0.47,0.98,0.00,0.20,0.30,0.00,0.16,0.44,0.00,0.00,0.00,0.00,0.04,0.18,0.00,0.00,0.00,0.00,0.12,0.22,309273,384712,529357,348588,949732,1561867,0,0,0,0,524,2620,0,299788,0,353.86,466.84,543.32
182,2,73,89,99,14710,15785,16054,81225,81493,82569,591,591,591,0.46,0.73,0.99,0.25,0.28,0.30,0.10,0.27,0.43,0.00,0.00,0.00,0.01,0.09,0.18,0.00,0.00,0.00,0.08,0.15,0.21,5241,430272,1129472,358970,999956,2355907,0,0,0,0,0,0,0,404577,0,440.24,499.28,530.94
182,3,100,100,100,10256,10256,10256,87023,87023,87023,591,591,591,0.01,0.01,0.01,0.00,0.00,0.00,0.00,0.00,0.00,0.00,0.00,0.00,0.00,0.00,0.00,0.00,0.00,0.00,0.00,0.00,0.00,0,438217,1027405,13104,501119,1271152,0,0,0,0,0,0,0,129075,0,143.25,143.48,143.95
183,0,44,88,100,15443,15443,15443,81836,81836,81836,591,591,591,0.55,0.82,0.99,0.15,0.35,0.55,0.09,0.26,0.45,0.00,0.00,0.00,0.01,0.06,0.10,0.00,0.00,0.00,0.03,0.25,0.48,456011,566517,697297,476961,1040425,1990420,0,159438290,754879855,0,152318828,761591540,0,313613,0,434.60,462.25,510.35
183,1,100,100,100,19898,19898,19898,77381,77381,77381,591,591,591,0.46,0.81,0.99,0.19,0.32,0.54,0.08,0.26,0.42,0.00,0.00,0.00,0.01,0.06,0.12,0.00,0.00,0.00,0.05,0.21,0.46,136274,368927,631303,167722,760344,1422648,0,159438703,754856864,0,152314726,761571012,0,477044,0,327.37,400.75,505.27
183,2,90,97,100,14710,14710,14710,82569,82569,82569,591,591,591,0.38,0.78,1.00,0.15,0.33,0.54,0.06,0.25,0.46,0.00,0.00,0.00,0.01,0.06,0.10,0.00,0.00,0.00,0.04,0.24,0.47,408818,521884,790701,565202,938299,1417308,0,156443095,739989261,0,149317857,746589289,0,419592,0,408.99,438.85,492.17
183,3,100,100,100,10256,10256,10256,87023,87023,87023,591,591,591,0.18,0.39,0.69,0.05,0.14,0.25,0.00,0.08,0.23,0.00,0.00,0.00,0.00,0.02,0.05,0.00,0.00,0.00,0.00,0.07,0.20,290883,393874,754788,317122,625861,1299803,0,147879021,739392488,0,169351896,719821434,0,202849,0,201.95,243.01,273.46
184,0,99,99,100,15443,15443,15443,81836,81836,81836,591,591,591,0.84,0.88,0.93,0.14,0.20,0.27,0.35,0.38,0.41,0.00,0.00,0.00,0.08,0.09,0.12,0.00,0.00,0.00,0.02,0.07,0.13,151999,908847,2065118,201792,940819,2096567,71132451,404257980,663438635,0,389226303,664777772,0,452876,0,501.04,508.05,520.87
184,1,100,100,100,19898,19898,19898,77381,77381,77381,591,591,591,0.80,0.88,0.99,0.16,0.22,0.26,0.27,0.34,0.45,0.00,0.00,0.00,0.07,0.09,0.10,0.00,0.00,0.00,0.03,0.08,0.12,518884,760403,987976,568676,795357,1003700,0,389502242,663466324,142423237,418304489,664810774,0,416249,0,514.97,523.69,535.43
184,2,99,99,100,14710,14710,14710,82569,82569,82569,591,591,591,0.78,0.88,0.98,0.13,0.20,0.28,0.33,0.38,0.44,0.00,0.00,0.00,0.08,0.09,0.11,0.00,0.00,0.00,0.02,0.07,0.13,327588,396020,529383,340691,424388,545107,72738054,404581604,1231480164,0,389229991,1305452152,0,399355,0,501.18,510.33,519.06
184,3,100,100,100,10256,10256,10256,87023,87023,87023,591,591,591,0.18,0.30,0.52,0.05,0.09,0.15,0.00,0.05,0.14,0.00,0.00,0.00,0.00,0.01,0.03,0.00,0.00,0.00,0.00,0.02,0.05,322363,431741,639479,374780,465436,673549,34957819,398926112,664793828,34950110,399746898,660771080,0,182083,0,187.27,208.45,233.65
185,0,100,100,100,15443,15443,15443,81836,81836,81836,591,591,591,0.84,0.88,0.93,0.20,0.21,0.23,0.34,0.38,0.42,0.00,0.00,0.00,0.07,0.10,0.13,0.00,0.00,0.00,0.06,0.08,0.10,453350,739024,1176674,487417,770996,1205501,73805378,507423100,660777631,0,522185656,664797718,0,402562,0,501.67,505.05,508.82
185,1,100,100,100,19898,19898,19898,77381,77381,77381,591,591,591,0.81,0.86,0.90,0.18,0.21,0.23,0.29,0.32,0.36,0.00,0.00,0.00,0.06,0.08,0.10,0.00,0.00,0.00,0.04,0.07,0.09,319688,572148,896209,353753,605172,927655,2620,522192846,663456422,147764156,493251336,659441494,0,415343,0,508.38,514.15,516.90
185,2,100,100,100,14710,14710,14710,82569,82569,82569,591,591,591,0.86,0.88,0.90,0.19,0.21,0.24,0.35,0.38,0.40,0.00,0.00,0.00,0.07,0.10,0.12,0.00,0.00,0.00,0.06,0.08,0.11,317023,519900,1108545,361651,556585,1142614,71284848,507336322,660610636,0,522125628,664629755,0,462527,0,503.38,508.52,511.92
185,3,100,100,100,10256,10256,10256,87023,87023,87023,591,591,591,0.20,0.34,0.46,0.06,0.10,0.14,0.00,0.06,0.11,0.00,0.00,0.00,0.00,0.01,0.03,0.00,0.00,0.00,0.00,0.03,0.06,298780,478552,760026,322360,515242,812442,36988440,514812902,663461068,36983198,514812948,659435692,0,199911,0,214.20,226.72,234.98
186,0,100,100,100,15443,15443,15443,81836,81836,81836,591,591,591,0.78,0.86,0.99,0.16,0.21,0.25,0.30,0.37,0.47,0.00,0.00,0.00,0.06,0.09,0.14,0.00,0.00,0.00,0.04,0.08,0.11,455974,798287,1419055,487421,833180,1449662,78365252,399070872,660753111,0,382692533,664770429,0,398957,0,498.74,503.54,508.56
186,1,100,100,100,19898,19898,19898,77381,77381,77381,591,591,591,0.74,0.85,0.98,0.14,0.20,0.24,0.26,0.32,0.41,0.00,0.00,0.00,0.06,0.08,0.11,0.00,0.00,0.00,0.03,0.07,0.10,327587,635239,1145184,340691,666687,1194974,2620,393787538,663448325,142421801,422536036,664785466,0,464687,0,511.21,518.12,522.31
186,2,100,100,100,14710,14710,14710,82569,82569,82569,591,591,591,0.78,0.88,0.99,0.17,0.21,0.23,0.30,0.38,0.46,0.00,0.00,0.00,0.06,0.10,0.14,0.00,0.00,0.00,0.04,0.08,0.10,327587,496624,773050,361656,530661,801875,73965699,439383218,817510343,0,434410331,866612597,0,409615,0,506.64,510.60,513.74
186,3,100,100,100,10256,10256,10256,87023,87023,87023,591,591,591,0.18,0.29,0.41,0.05,0.09,0.12,0.00,0.04,0.09,0.00,0.00,0.00,0.00,0.01,0.02,0.00,0.00,0.00,0.00,0.02,0.04,301373,370048,466511,353786,398352,479616,36988103,401184295,663410686,36985482,400381563,659398655,0,162191,0,207.48,219.39,231.86
187,0,100,100,100,15443,15443,15443,81836,81836,81836,591,591,591,0.77,0.89,1.00,0.15,0.20,0.25,0.30,0.39,0.47,0.00,0.00,0.00,0.07,0.10,0.13,0.00,0.00,0.00,0.04,0.07,0.11,455898,930316,2101757,508301,962417,2148929,71131287,469066740,644732283,0,486509357,664650906,0,453891,0,499.15,503.99,509.01
187,1,100,100,100,19898,19898,19898,77381,77381,77381,591,591,591,0.80,0.88,0.99,0.17,0.21,0.25,0.28,0.33,0.40,0.00,0.00,0.00,0.06,0.08,0.11,0.00,0.00,0.00,0.03,0.08,0.10,221883,496400,911993,258573,529813,964406,0,486879789,663441662,94945314,476014584,646055674,0,311500,0,502.88,508.35,512.44
187,2,100,100,100,14710,14710,14710,82569,82569,82569,591,591,591,0.85,0.88,0.90,0.14,0.20,0.27,0.36,0.38,0.40,0.00,0.00,0.00,0.08,0.10,0.11,0.00,0.00,0.00,0.02,0.07,0.13,321151,456025,736407,333998,488999,749510,71284746,347492061,644703305,0,329747662,678299592,0,300385,0,499.90,502.82,510.98
187,3,100,100,100,10256,10256,10256,87023,87023,87023,591,591,591,0.18,0.32,0.42,0.05,0.09,0.12,0.00,0.05,0.10,0.00,0.00,0.00,0.00,0.01,0.02,0.00,0.00,0.00,0.00,0.03,0.04,216637,439468,909624,237602,472814,959145,35645006,433691052,642060612,35642385,435027646,646099323,0,130118,0,224.41,229.65,235.34
188,0,100,100,100,15443,15443,15443,81836,81836,81836,591,591,591,0.87,0.89,0.91,0.17,0.20,0.22,0.30,0.37,0.41,0.00,0.00,0.00,0.07,0.10,0.12,0.00,0.00,0.00,0.06,0.07,0.08,458623,627386,946075,490072,679275,993247,73808058,363216277,596595515,0,349734091,664796130,0,399129,0,500.88,503.49,507.49
188,1,100,100,100,19898,19898,19898,77381,77381,77381,591,591,591,0.73,0.87,0.97,0.17,0.19,0.22,0.13,0.26,0.33,0.00,0.00,0.00,0.03,0.07,0.10,0.00,0.00,0.00,0.05,0.06,0.08,317101,368724,432411,332825,424894,568686,0,392113217,670396145,150837713,396678639,656931638,0,412391,0,497.82,504.30,507.54
188,2,100,100,100,14710,14710,14710,82569,82569,82569,591,591,591,0.87,0.88,0.88,0.18,0.20,0.22,0.31,0.36,0.39,0.00,0.00,0.00,0.07,0.09,0.12,0.00,0.00,0.00,0.05,0.07,0.09,327482,434502,828234,358920,487962,859686,73967622,397399558,660578439,0,394026694,664781607,0,460110,0,498.75,505.48,511.72
188,3,100,100,100,10256,10256,10256,87023,87023,87023,591,591,591,0.18,0.36,0.62,0.05,0.10,0.16,0.00,0.05,0.12,0.00,0.00,0.00,0.00,0.01,0.03,0.00,0.00,0.00,0.00,0.03,0.08,306639,428235,712849,338089,491657,796713,36985441,395193415,663487951,36985441,398563699,659457155,0,234073,0,214.29,230.06,247.05
189,0,100,100,100,15443,15443,15443,81836,81836,81836,591,591,591,0.94,0.95,0.99,0.16,0.19,0.22,0.14,0.15,0.16,0.00,0.00,0.00,0.04,0.04,0.05,0.00,0.00,0.00,0.05,0.08,0.10,451018,565597,911197,476644,602249,958058,0,294183747,677744630,0,294007156,765995358,0,297296,0,494.32,499.75,505.38
189,1,100,100,100,19898,19898,19898,77381,77381,77381,591,591,591,0.94,0.95,0.98,0.18,0.20,0.22,0.12,0.14,0.15,0.00,0.00,0.00,0.04,0.04,0.05,0.00,0.00,0.00,0.05,0.08,0.10,330184,390476,594896,359010,430310,636827,0,294832785,762817479,0,294534361,595730691,0,391528,0,489.61,495.89,508.83
189,2,100,100,100,14710,14710,14710,82569,82569,82569,591,591,591,0.94,0.95,0.99,0.16,0.19,0.21,0.14,0.15,0.16,0.00,0.00,0.00,0.04,0.05,0.05,0.00,0.00,0.00,0.05,0.07,0.10,327581,568164,1145235,356408,605902,1176683,0,294644059,677623174,0,294941975,766002880,0,390705,0,486.90,498.75,503.65
189,3,100,100,100,10256,10256,10256,87023,87023,87023,591,591,591,0.18,0.40,0.73,0.05,0.11,0.20,0.00,0.04,0.09,0.00,0.00,0.00,0.00,0.01,0.02,0.00,0.00,0.00,0.00,0.04,0.10,298763,496384,1035241,314487,542511,1121730,0,294854249,723447873,0,294556961,713902682,0,170594,0,221.37,236.16,252.53
190,0,100,100,100,15443,15443,15443,81836,81836,81836,591,591,591,0.94,0.95,0.99,0.16,0.20,0.21,0.14,0.15,0.16,0.00,0.00,0.00,0.04,0.05,0.05,0.00,0.00,0.00,0.05,0.08,0.11,482176,579136,739035,513622,619492,765242,0,279005672,671232412,0,296351996,757061391,0,446297,0,491.76,497.90,503.73
190,1,100,100,100,19898,19898,19898,77381,77381,77381,591,591,591,0.94,0.95,0.99,0.17,0.20,0.22,0.13,0.14,0.15,0.00,0.00,0.00,0.04,0.04,0.05,0.00,0.00,0.00,0.05,0.08,0.10,322334,608510,1391571,356402,649915,1417777,0,295833722,755222629,0,262718955,588724817,0,386214,0,477.46,489.48,499.52
190,2,100,100,100,14710,14710,14710,82569,82569,82569,591,591,591,0.94,0.96,0.98,0.17,0.19,0.22,0.14,0.15,0.16,0.00,0.00,0.00,0.04,0.05,0.05,0.00,0.00,0.00,0.05,0.07,0.10,218617,498762,852316,258523,535629,888174,0,280311205,677127990,0,303999815,762941613,0,401458,0,494.29,496.00,499.69
190,3,100,100,100,10256,10256,10256,87023,87023,87023,591,591,591,0.18,0.35,0.62,0.05,0.09,0.16,0.00,0.03,0.07,0.00,0.00,0.00,0.00,0.01,0.02,0.00,0.00,0.00,0.00,0.03,0.08,209642,357477,495367,218377,381239,534682,0,285282038,714933817,0,283669781,709574630,0,152141,0,182.22,214.52,233.25
191,0,100,100,100,15443,15443,15443,81836,81836,81836,591,591,591,0.94,0.95,0.99,0.16,0.19,0.21,0.14,0.15,0.16,0.00,0.00,0.00,0.04,0.05,0.05,0.00,0.00,0.00,0.05,0.08,0.11,370390,777456,1700776,403585,797723,1726982,0,284928132,637236853,0,283482295,708706922,0,397776,0,488.94,497.73,505.40
191,1,100,100,100,19898,19898,19898,77381,77381,77381,591,591,591,0.27,0.83,0.98,0.09,0.17,0.23,0.01,0.11,0.14,0.00,0.00,0.00,0.00,0.03,0.05,0.00,0.00,0.00,0.03,0.06,0.10,221885,388764,743436,235862,403019,756525,0,275727930,669926055,39278396,282716004,600021663,0,335771,0,406.73,463.27,481.96
191,2,100,100,100,14710,14710,14710,82569,82569,82569,591,591,591,0.94,0.95,0.99,0.17,0.20,0.22,0.14,0.15,0.16,0.00,0.00,0.00,0.04,0.05,0.05,0.00,0.00,0.00,0.05,0.08,0.10,324962,454408,765237,338065,476944,780961,0,284954253,637238514,0,283482241,708707135,0,442547,0,489.71,498.14,503.09
191,3,100,100,100,10256,10256,10256,87023,87023,87023,591,591,591,0.18,0.21,0.33,0.05,0.06,0.09,0.00,0.00,0.02,0.00,0.00,0.00,0.00,0.00,0.01,0.00,0.00,0.00,0.00,0.00,0.02,304019,348567,437679,317123,362195,450783,0,286619830,684931175,0,272325806,669328447,0,129655,0,159.37,183.92,195.76
192,0,89,97,100,15443,15443,15443,81836,81836,81836,591,591,591,0.79,0.90,0.95,0.16,0.28,0.41,0.14,0.22,0.33,0.00,0.00,0.00,0.04,0.06,0.07,0.00,0.00,0.00,0.04,0.16,0.26,457487,727257,1498980,472995,813693,1540910,0,0,0,0,0,0,0,407686,0,484.53,496.81,509.55
192,1,84,93,100,19898,19898,19898,77381,77381,77381,591,591,591,0.18,0.75,0.93,0.05,0.24,0.36,0.00,0.20,0.35,0.00,0.00,0.00,0.00,0.05,0.07,0.00,0.00,0.00,0.01,0.14,0.26,379975,562022,778339,477040,645176,872683,0,0,0,0,0,0,0,420694,0,362.89,397.98,480.83
192,2,86,93,100,14710,14710,14710,82569,82569,82569,591,591,591,0.76,0.85,0.93,0.16,0.30,0.35,0.13,0.26,0.31,0.00,0.00,0.00,0.04,0.07,0.11,0.00,0.00,0.00,0.04,0.15,0.25,332830,633658,1409893,348544,789314,1567130,0,0,0,0,0,0,0,378524,0,479.08,487.18,497.02
192,3,59,87,100,10256,10256,10256,87023,87023,87023,591,591,591,0.14,0.50,0.80,0.05,0.21,0.33,0.00,0.16,0.31,0.00,0.00,0.00,0.00,0.04,0.06,0.00,0.00,0.00,0.00,0.13,0.25,325001,559784,956560,364275,783596,1278870,0,0,0,0,0,0,0,296654,0,163.31,280.07,352.41
193,0,98,99,100,15443,15443,15443,81836,81836,81836,591,591,591,0.92,0.95,0.97,0.27,0.29,0.30,0.25,0.38,0.42,0.00,0.00,0.00,0.10,0.16,0.17,0.00,0.00,0.00,0.08,0.09,0.11,480375,623758,969620,516148,667297,1011550,0,0,0,0,0,0,0,471763,0,514.92,521.77,525.54
193,1,73,93,99,19898,19898,19898,77381,77381,77381,591,591,591,0.65,0.90,0.97,0.29,0.31,0.32,0.20,0.36,0.41,0.00,0.00,0.00,0.03,0.14,0.17,0.00,0.00,0.00,0.09,0.12,0.20,324969,641008,883181,380004,860621,1682478,0,0,0,0,0,0,0,403126,0,510.36,530.72,539.45
193,2,44,88,100,14710,14710,14710,82569,82569,82569,591,591,591,0.01,0.08,0.35,0.00,0.04,0.18,0.00,0.02,0.10,0.00,0.00,0.00,0.00,0.00,0.01,0.00,0.00,0.00,0.00,0.03,0.14,201339,309701,372166,210018,461352,1032630,0,0,0,0,0,0,0,110816,0,151.92,299.84,448.07
193,3,100,100,100,10256,10256,10256,87023,87023,87023,591,591,591,0.01,0.01,0.01,0.00,0.00,0.00,0.00,0.00,0.00,0.00,0.00,0.00,0.00,0.00,0.00,0.00,0.00,0.00,0.00,0.00,0.00,306651,384860,594964,319756,398442,608069,0,0,0,0,0,0,0,86293,0,144.10,224.67,346.67
194,0,45,59,99,15443,15443,15443,81836,81836,81836,591,591,591,0.32,0.46,0.65,0.16,0.23,0.31,0.09,0.13,0.24,0.00,0.00,0.00,0.01,0.02,0.08,0.00,0.00,0.00,0.12,0.16,0.25,458558,1115673,2586586,1076958,1717012,3008511,0,0,0,0,654,2619,0,326314,0,379.59,426.63,487.35
194,1,79,93,100,19898,19898,19898,77381,77381,77381,591,591,591,0.01,0.22,0.54,0.00,0.12,0.29,0.00,0.05,0.13,0.00,0.00,0.00,0.00,0.00,0.01,0.00,0.00,0.00,0.00,0.09,0.22,343268,435048,521553,529429,781632,1299914,0,0,0,0,0,0,0,157383,0,299.10,376.11,476.55
194,2,100,100,100,14710,14710,14710,82569,82569,82569,591,591,591,0.01,0.17,0.67,0.00,0.08,0.32,0.00,0.05,0.18,0.00,0.00,0.00,0.00,0.01,0.03,0.00,0.00,0.00,0.00,0.06,0.24,303886,330826,385138,316985,480168,940575,0,10551996,42207984,0,0,0,0,142413,0,137.37,158.24,215.59
194,3,92,98,100,10256,10256,10256,87023,87023,87023,591,591,591,0.01,0.15,0.58,0.00,0.06,0.26,0.00,0.04,0.16,0.00,0.00,0.00,0.00,0.01,0.03,0.00,0.00,0.00,0.00,0.04,0.17,199175,304013,372172,207911,416270,762652,0,655,2620,0,31733287,126933150,0,168808,0,142.09,157.02,200.47
195,0,99,99,100,15443,15443,15443,81836,81836,81836,591,591,591,0.80,0.86,0.90,0.17,0.29,0.52,0.17,0.32,0.40,0.00,0.00,0.00,0.02,0.08,0.11,0.00,0.00,0.00,0.04,0.17,0.44,520274,766527,1163498,572301,953720,1286575,106619958,512542704,1186048916,0,488852730,1295868452,0,302709,0,385.23,463.72,508.50
195,1,100,100,100,19898,19898,19898,77381,77381,77381,591,591,591,0.82,0.85,0.90,0.19,0.26,0.42,0.25,0.30,0.32,0.00,0.00,0.00,0.05,0.07,0.09,0.00,0.00,0.00,0.05,0.13,0.31,227820,444935,802571,374738,563756,852045,2748,548411707,1305490970,0,536499090,1120888898,0,406243,0,325.81,439.70,526.27
195,2,100,100,100,14710,14710,14710,82569,82569,82569,591,591,591,0.18,0.37,0.51,0.05,0.11,0.17,0.00,0.07,0.14,0.00,0.00,0.00,0.00,0.02,0.03,0.00,0.00,0.00,0.00,0.04,0.07,343342,649426,1420499,408866,691882,1470295,2620,540472202,1231454284,42349528,571075844,1268430171,0,220078,0,240.79,260.76,282.36
195,3,100,100,100,10256,10256,10256,87023,87023,87023,591,591,591,0.18,0.25,0.34,0.05,0.07,0.10,0.00,0.03,0.06,0.00,0.00,0.00,0.00,0.01,0.01,0.00,0.00,0.00,0.00,0.02,0.03,309239,559799,1077162,332864,594393,1129578,42357664,548959825,1231525667,35646372,545734889,1268514338,0,177242,0,194.91,211.86,225.04
196,0,99,99,100,15443,15443,15443,81836,81836,81836,591,591,591,0.81,0.85,0.90,0.18,0.22,0.25,0.32,0.36,0.40,0.00,0.00,0.00,0.07,0.09,0.10,0.00,0.00,0.00,0.05,0.08,0.11,429922,559636,830730,445944,601976,877901,108655484,652307799,1194867260,0,652691698,1305498070,0,448925,0,488.86,493.14,495.82
196,1,100,100,100,19898,19898,19898,77381,77381,77381,591,591,591,0.71,0.84,0.91,0.17,0.21,0.25,0.24,0.30,0.35,0.00,0.00,0.00,0.05,0.08,0.09,0.00,0.00,0.00,0.05,0.08,0.10,317102,661434,1323370,366895,703364,1352195,0,654324132,1305377872,177912595,655128693,1120788060,0,438715,0,491.29,499.97,509.98
196,2,100,100,100,14710,14710,14710,82569,82569,82569,591,591,591,0.33,0.39,0.44,0.11,0.12,0.14,0.05,0.08,0.10,0.00,0.00,0.00,0.01,0.02,0.02,0.00,0.00,0.00,0.03,0.04,0.05,314492,432948,531999,348562,474356,584412,71287585,654901267,1231512409,35650344,654099601,1268498140,0,209415,0,244.17,259.43,283.74
196,3,100,100,100,10256,10256,10256,87023,87023,87023,591,591,591,0.24,0.28,0.36,0.06,0.09,0.11,0.02,0.04,0.07,0.00,0.00,0.00,0.00,0.01,0.01,0.00,0.00,0.00,0.01,0.03,0.04,309262,355375,500565,361679,398355,513669,71287402,654897933,1231479042,35645011,654094440,1268466234,0,164406,0,195.51,204.40,214.86
197,0,100,100,100,15443,15443,15443,81836,81836,81836,591,591,591,0.80,0.86,0.90,0.19,0.22,0.24,0.33,0.36,0.40,0.00,0.00,0.00,0.08,0.09,0.10,0.00,0.00,0.00,0.07,0.09,0.11,474345,1011041,2387430,526752,1049827,2421498,106629810,651119581,1194837937,0,650316108,1305471759,0,397318,0,495.21,498.46,501.38
197,1,100,100,100,19898,19898,19898,77381,77381,77381,591,591,591,0.75,0.82,0.88,0.19,0.22,0.25,0.25,0.29,0.34,0.00,0.00,0.00,0.05,0.07,0.09,0.00,0.00,0.00,0.06,0.08,0.10,332814,615852,927715,382634,660404,980128,0,651120863,1305465516,184618520,650320483,1120857301,0,396765,0,473.82,492.68,498.89
197,2,100,100,100,14710,14710,14710,82569,82569,82569,591,591,591,0.32,0.39,0.48,0.09,0.12,0.15,0.05,0.08,0.12,0.00,0.00,0.00,0.01,0.02,0.03,0.00,0.00,0.00,0.02,0.04,0.07,232380,326900,377389,269071,371453,424548,71287357,578390035,870371847,35642368,571795131,870371847,0,203580,0,250.98,256.50,260.57
197,3,100,100,100,10256,10256,10256,87023,87023,87023,591,591,591,0.20,0.27,0.38,0.06,0.08,0.12,0.00,0.03,0.08,0.00,0.00,0.00,0.00,0.01,0.02,0.00,0.00,0.00,0.01,0.02,0.05,309249,408832,686669,356423,449273,705016,71285251,614684998,1222831708,35646557,610682691,1259561859,0,164146,0,196.11,204.01,214.37
198,0,100,100,100,15443,15443,15443,81836,81836,81836,591,591,591,0.81,0.89,0.95,0.17,0.20,0.23,0.15,0.29,0.41,0.00,0.00,0.00,0.04,0.08,0.11,0.00,0.00,0.00,0.05,0.08,0.09,314476,643119,1014220,349418,707763,1048290,110636529,485275620,870311488,0,460220743,870307993,0,396728,0,488.61,493.36,498.71
198,1,100,100,100,19898,19898,19898,77381,77381,77381,591,591,591,0.74,0.87,0.96,0.19,0.21,0.25,0.14,0.21,0.29,0.00,0.00,0.00,0.04,0.05,0.08,0.00,0.00,0.00,0.07,0.08,0.10,253004,372392,585457,285485,440385,734390,2619,502938898,756459101,196735568,528202219,706967888,0,385136,0,474.77,484.06,495.45
198,2,100,100,100,14710,14710,14710,82569,82569,82569,591,591,591,0.33,0.45,0.62,0.09,0.12,0.16,0.03,0.06,0.10,0.00,0.00,0.00,0.01,0.02,0.03,0.00,0.00,0.00,0.03,0.05,0.08,301366,473294,1053527,353791,550342,1100700,78833728,548712613,681642217,39420795,549690266,710638978,0,235733,0,254.21,265.59,280.03
198,3,100,100,100,10256,10256,10256,87023,87023,87023,591,591,591,0.18,0.30,0.38,0.05,0.09,0.11,0.00,0.03,0.04,0.00,0.00,0.00,0.00,0.01,0.01,0.00,0.00,0.00,0.00,0.03,0.05,314481,439250,783666,353789,516825,796771,78843663,548729387,681697492,39424452,549706249,710663524,0,187831,0,207.38,213.04,220.15
199,0,100,100,100,15443,15443,15443,81836,81836,81836,591,591,591,0.92,0.94,0.95,0.19,0.21,0.22,0.15,0.15,0.16,0.00,0.00,0.00,0.04,0.04,0.05,0.00,0.00,0.00,0.09,0.10,0.11,418527,575901,943639,471473,628672,990002,120595687,417319756,651173733,0,442692750,787845953,0,445004,0,494.44,496.80,501.13
199,1,100,100,100,19898,19898,19898,77381,77381,77381,591,591,591,0.93,0.95,0.95,0.20,0.21,0.23,0.13,0.14,0.15,0.00,0.00,0.00,0.04,0.04,0.04,0.00,0.00,0.00,0.08,0.09,0.11,348528,600145,801910,400938,654656,849082,0,438143471,751601226,201274930,398774737,546800375,0,439792,0,479.80,482.54,487.03
199,2,100,100,100,14710,14710,14710,82569,82569,82569,591,591,591,0.18,0.40,0.62,0.05,0.11,0.16,0.00,0.04,0.07,0.00,0.00,0.00,0.00,0.01,0.02,0.00,0.00,0.00,0.00,0.04,0.08,309270,425086,587027,324995,467541,600130,80685461,422358389,671017601,40336178,430241813,707752122,0,179085,0,232.55,260.46,289.41
199,3,100,100,100,10256,10256,10256,87023,87023,87023,591,591,591,0.18,0.29,0.46,0.05,0.08,0.13,0.00,0.02,0.05,0.00,0.00,0.00,0.00,0.00,0.01,0.00,0.00,0.00,0.00,0.02,0.06,301388,360620,513694,314492,403076,526798,80676217,422374341,671165253,40340729,430255267,707908794,0,152612,0,189.60,206.33,221.03
200,0,76,95,100,15443,15443,15443,81836,81836,81836,591,591,591,0.74,0.91,0.95,0.19,0.21,0.28,0.15,0.17,0.23,0.00,0.00,0.00,0.04,0.05,0.05,0.00,0.00,0.00,0.08,0.11,0.21,448079,876309,2075551,471662,930807,2127964,117976253,0,0,0,0,0,0,397489,0,486.95,490.97,494.44
200,1,100,100,100,19898,19898,19898,77381,77381,77381,591,591,591,0.18,0.69,0.95,0.05,0.18,0.25,0.00,0.12,0.22,0.00,0.00,0.00,0.00,0.03,0.04,0.00,0.00,0.00,0.00,0.09,0.19,324950,371085,400972,340673,415111,555555,0,0,0,196811163,0,0,0,298221,0,386.81,438.14,483.07
200,2,100,100,100,14710,14710,14710,82569,82569,82569,591,591,591,0.18,0.38,0.62,0.05,0.12,0.26,0.00,0.07,0.24,0.00,0.00,0.00,0.00,0.01,0.05,0.00,0.00,0.00,0.00,0.06,0.19,233933,368815,611591,319726,401260,627140,78843222,1748594723,0,39418990,1727147632,0,0,100198,0,191.09,218.50,258.61
200,3,100,100,100,10256,10256,10256,87023,87023,87023,591,591,591,0.18,0.30,0.56,0.05,0.10,0.24,0.00,0.05,0.20,0.00,0.00,0.00,0.00,0.01,0.04,0.00,0.00,0.00,0.00,0.05,0.18,317107,343256,398387,327590,386727,494804,78839844,0,0,39421232,0,0,0,99992,0,170.03,187.31,226.52
201,0,75,90,100,15443,15443,15443,81836,81836,81836,591,591,591,0.01,0.32,0.79,0.00,0.14,0.33,0.00,0.11,0.30,0.00,0.00,0.00,0.00,0.02,0.06,0.00,0.00,0.00,0.00,0.08,0.19,435073,583791,833436,448178,779042,1349748,0,0,0,0,0,0,0,99498,0,296.15,394.55,483.13
201,1,88,95,100,19898,19898,19898,77381,77381,77381,591,591,591,0.01,0.30,0.80,0.00,0.13,0.34,0.00,0.10,0.29,0.00,0.00,0.00,0.00,0.02,0.06,0.00,0.00,0.00,0.00,0.08,0.19,203958,534532,891040,212600,727361,1153111,0,0,0,0,0,0,0,104394,0,307.92,338.02,387.83
201,2,97,98,100,14710,14710,14710,82569,82569,82569,591,591,591,0.88,0.93,0.95,0.28,0.31,0.32,0.16,0.29,0.39,0.00,0.00,0.00,0.06,0.11,0.16,0.00,0.00,0.00,0.10,0.14,0.20,337953,346496,366702,351052,438188,584104,0,0,0,0,0,0,0,466956,0,326.39,427.62,525.42
201,3,69,88,100,10256,10256,10256,87023,87023,87023,591,591,591,0.01,0.35,0.85,0.00,0.16,0.35,0.00,0.11,0.29,0.00,0.00,0.00,0.00,0.03,0.07,0.00,0.00,0.00,0.00,0.09,0.19,298784,357967,475250,311889,572880,912073,0,0,0,0,0,0,0,236982,0,321.04,335.42,350.58
202,0,92,98,100,15443,15443,15443,81836,81836,81836,591,591,591,0.01,0.14,0.40,0.00,0.05,0.16,0.00,0.02,0.08,0.00,0.00,0.00,0.00,0.00,0.01,0.00,0.00,0.00,0.00,0.02,0.09,410947,460295,548645,441769,535127,699791,0,170717733,726645912,0,184999626,713480166,0,152037,0,139.59,171.29,194.18
202,1,98,99,100,19898,19898,19898,77381,77381,77381,591,591,591,0.01,0.14,0.37,0.00,0.05,0.15,0.00,0.02,0.07,0.00,0.00,0.00,0.00,0.00,0.01,0.00,0.00,0.00,0.00,0.02,0.08,301168,371114,553007,314038,446595,736469,0,173695391,741411098,0,187923496,727970347,0,165308,0,153.74,190.09,233.59
202,2,54,82,100,14710,14710,14710,82569,82569,82569,591,591,591,0.41,0.71,0.95,0.22,0.31,0.49,0.10,0.23,0.40,0.00,0.00,0.00,0.01,0.06,0.16,0.00,0.00,0.00,0.10,0.19,0.40,351167,660404,1381090,563446,1148359,2078187,0,195027896,721292880,0,152316212,761581061,0,353432,0,446.34,470.01,511.69
202,3,99,99,100,10256,10256,10256,87023,87023,87023,591,591,591,0.01,0.18,0.57,0.00,0.07,0.25,0.00,0.04,0.15,0.00,0.00,0.00,0.00,0.01,0.03,0.00,0.00,0.00,0.00,0.04,0.15,314515,492192,914710,327620,589688,927814,0,173639209,741387893,0,187899971,727975582,0,185235,0,170.94,203.25,253.71
203,0,100,100,100,15443,15443,15443,81836,81836,81836,591,591,591,0.23,0.28,0.31,0.07,0.09,0.10,0.02,0.04,0.04,0.00,0.00,0.00,0.00,0.01,0.01,0.00,0.00,0.00,0.02,0.03,0.04,429788,773557,1779487,495304,837573,1847626,631953610,1178811058,0,634573820,1179324741,0,0,182597,0,194.80,201.29,210.72
203,1,100,100,100,19898,19898,19898,77381,77381,77381,591,591,591,0.23,0.28,0.33,0.07,0.09,0.11,0.02,0.04,0.06,0.00,0.00,0.00,0.00,0.01,0.01,0.00,0.00,0.00,0.02,0.03,0.04,327594,570770,1291968,377388,634714,1341760,644710512,1173322715,1966358751,647370447,1173859403,1963685501,0,167901,0,207.18,214.96,225.44
203,2,99,99,100,14710,14710,14710,82569,82569,82569,591,591,591,0.83,0.88,0.91,0.22,0.25,0.28,0.33,0.36,0.39,0.00,0.00,0.00,0.08,0.09,0.10,0.00,0.00,0.00,0.08,0.11,0.13,335447,529174,885808,393111,590897,953947,648745050,1171924380,1305526418,640709871,1170316816,1305508302,0,400114,0,445.01,485.26,505.67
203,3,100,100,100,10256,10256,10256,87023,87023,87023,591,591,591,0.26,0.35,0.40,0.08,0.11,0.13,0.03,0.06,0.08,0.00,0.00,0.00,0.01,0.01,0.02,0.00,0.00,0.00,0.03,0.04,0.05,332831,401499,497955,385248,467542,571338,644700908,1173369484,1966372902,647389739,1173905136,1963681320,0,193014,0,230.81,244.48,257.54
204,0,99,99,100,15443,15443,15443,81836,81836,81836,591,591,591,0.25,0.29,0.35,0.07,0.09,0.11,0.02,0.03,0.04,0.00,0.00,0.00,0.00,0.01,0.01,0.00,0.00,0.00,0.02,0.03,0.04,440277,544074,885824,505794,641043,932998,660801583,1070950121,1326421789,658120523,1071926581,1340353916,0,161531,0,202.02,202.91,205.22
204,1,100,100,100,19898,19898,19898,77381,77381,77381,591,591,591,0.24,0.29,0.36,0.07,0.09,0.11,0.02,0.03,0.04,0.00,0.00,0.00,0.00,0.01,0.01,0.00,0.00,0.00,0.01,0.03,0.05,317125,432947,733830,372146,532537,964462,660784737,1070930179,1326442308,658108954,1071908786,1340356249,0,170754,0,217.08,219.82,224.87
204,2,99,99,100,14710,14710,14710,82569,82569,82569,591,591,591,0.86,0.90,0.94,0.22,0.24,0.26,0.15,0.32,0.39,0.00,0.00,0.00,0.04,0.08,0.10,0.00,0.00,0.00,0.08,0.11,0.13,244600,356579,542477,302256,444632,725924,656750428,942069825,1305337016,664793297,939677342,1305339637,0,393808,0,491.77,494.18,498.96
204,3,100,100,100,10256,10256,10256,87023,87023,87023,591,591,591,0.31,0.37,0.50,0.09,0.11,0.15,0.02,0.06,0.08,0.00,0.00,0.00,0.01,0.01,0.02,0.00,0.00,0.00,0.03,0.04,0.07,202679,339305,490043,260337,432517,621119,504339250,1018248864,1326409633,500091722,1019646956,1340336335,0,196844,0,246.82,252.21,255.36
205,0,100,100,100,15443,15443,15443,81836,81836,81836,591,591,591,0.18,0.26,0.34,0.05,0.07,0.10,0.00,0.01,0.03,0.00,0.00,0.00,0.00,0.00,0.01,0.00,0.00,0.00,0.00,0.02,0.04,427191,555600,885830,445497,597009,985421,0,617612788,897319480,0,611260078,865555959,0,137265,0,169.54,192.08,203.38
205,1,100,100,100,19898,19898,19898,77381,77381,77381,591,591,591,0.18,0.25,0.34,0.05,0.07,0.10,0.00,0.01,0.03,0.00,0.00,0.00,0.00,0.00,0.01,0.00,0.00,0.00,0.00,0.02,0.04,308972,336855,374763,321739,377835,445547,0,607841278,949663672,0,598671503,948486105,0,149054,0,192.20,206.93,217.67
205,2,100,100,100,14710,14710,14710,82569,82569,82569,591,591,591,0.93,0.93,0.94,0.21,0.22,0.23,0.15,0.15,0.15,0.00,0.00,0.00,0.04,0.04,0.04,0.00,0.00,0.00,0.10,0.11,0.12,327590,653550,1299865,340694,713299,1381106,565772429,692986566,746326019,708523468,721578691,757052551,0,384609,0,487.81,489.03,489.90
205,3,100,100,100,10256,10256,10256,87023,87023,87023,591,591,591,0.18,0.33,0.46,0.05,0.09,0.13,0.00,0.03,0.05,0.00,0.00,0.00,0.00,0.01,0.01,0.00,0.00,0.00,0.00,0.03,0.06,298757,483757,814907,311861,527786,828009,637218699,707305974,751691235,589579951,697776626,748171249,0,179338,0,198.08,228.93,247.81
206,0,74,91,100,15443,15443,15443,81836,81836,81836,591,591,591,0.56,0.86,0.98,0.22,0.26,0.40,0.16,0.23,0.46,0.00,0.00,0.00,0.04,0.07,0.08,0.00,0.00,0.00,0.10,0.16,0.27,473812,614083,944577,520931,700237,957411,0,0,0,0,0,0,0,470820,0,236.19,378.58,523.00
206,1,85,96,100,19898,19898,19898,77381,77381,77381,591,591,591,0.56,0.85,0.94,0.23,0.28,0.39,0.14,0.23,0.43,0.00,0.00,0.00,0.04,0.07,0.09,0.00,0.00,0.00,0.11,0.17,0.25,353789,602957,1045684,387821,690620,1071891,0,0,0,0,0,0,0,485949,0,243.17,383.66,532.57
206,2,70,93,100,14710,14710,14710,82569,82569,82569,591,591,591,0.72,0.89,0.96,0.27,0.31,0.36,0.16,0.29,0.42,0.00,0.00,0.00,0.05,0.09,0.15,0.00,0.00,0.00,0.11,0.16,0.24,340679,462790,896274,387850,560796,1019446,0,0,0,0,0,0,0,412717,0,487.20,498.41,512.61
206,3,100,100,100,10256,10256,10256,87023,87023,87023,591,591,591,0.58,0.86,0.98,0.22,0.26,0.40,0.16,0.23,0.46,0.00,0.00,0.00,0.04,0.07,0.08,0.00,0.00,0.00,0.10,0.16,0.27,335428,609512,809796,348531,694938,1035176,0,0,0,0,0,0,0,307410,0,253.62,377.75,507.29
207,0,98,99,100,15443,15443,15443,81836,81836,81836,591,591,591,0.95,0.97,0.99,0.22,0.26,0.28,0.16,0.36,0.43,0.00,0.00,0.00,0.07,0.15,0.18,0.00,0.00,0.00,0.08,0.08,0.10,492657,1383187,2887992,529344,1415683,2924682,0,0,0,0,0,0,0,429441,0,520.72,526.41,529.88
207,1,90,97,99,19898,19898,19898,77381,77381,77381,591,591,591,0.86,0.95,0.97,0.28,0.30,0.31,0.33,0.39,0.42,0.00,0.00,0.00,0.12,0.16,0.17,0.00,0.00,0.00,0.09,0.10,0.14,343249,874234,1955042,513650,992674,2004835,0,0,0,0,0,0,0,325608,0,527.77,540.94,548.61
207,2,55,89,100,14710,14710,14710,82569,82569,82569,591,591,591,0.01,0.44,0.96,0.00,0.18,0.32,0.00,0.15,0.40,0.00,0.00,0.00,0.00,0.05,0.16,0.00,0.00,0.00,0.00,0.09,0.17,301404,483577,760003,314509,799394,1171211,0,0,0,0,0,0,0,160564,0,309.00,434.18,518.99
207,3,99,99,100,10256,10256,10256,87023,87023,87023,591,591,591,0.94,0.97,0.98,0.22,0.26,0.29,0.16,0.36,0.44,0.00,0.00,0.00,0.07,0.15,0.18,0.00,0.00,0.00,0.08,0.08,0.10,327588,398696,600036,356416,429089,636719,0,0,0,0,0,0,0,407373,0,507.77,511.06,512.62
208,0,99,99,100,15443,15443,15443,81836,81836,81836,591,591,591,0.41,0.80,0.99,0.24,0.27,0.28,0.24,0.38,0.43,0.00,0.00,0.00,0.07,0.15,0.18,0.00,0.00,0.00,0.08,0.10,0.14,492653,735745,1208140,534613,905431,1271015,0,0,0,0,0,0,0,279917,0,501.56,528.07,538.71
208,1,69,89,100,19898,19898,19898,77381,77381,77381,591,591,591,0.01,0.23,0.49,0.00,0.12,0.25,0.00,0.06,0.13,0.00,0.00,0.00,0.00,0.00,0.01,0.00,0.00,0.00,0.00,0.09,0.19,204431,341372,526826,213168,753715,1242366,0,655,2621,0,0,0,0,191860,0,260.74,396.60,502.21
208,2,100,100,100,14710,14710,14710,82569,82569,82569,591,591,591,0.01,0.01,0.01,0.00,0.00,0.00,0.00,0.00,0.00,0.00,0.00,0.00,0.00,0.00,0.00,0.00,0.00,0.00,0.00,0.00,0.00,216663,477443,1032655,227147,489892,1045760,0,0,0,0,655,2620,0,123939,0,137.36,159.38,201.32
208,3,84,95,100,10256,10256,10256,87023,87023,87023,591,591,591,0.58,0.88,0.99,0.26,0.27,0.31,0.15,0.36,0.44,0.00,0.00,0.00,0.01,0.14,0.19,0.00,0.00,0.00,0.07,0.11,0.22,395726,607114,833320,432416,863491,1653539,0,0,0,0,0,0,0,437779,0,494.58,509.67,517.55
210,0,55,91,100,14761,14829,15443,81836,82449,82518,591,591,591,0.39,0.80,1.00,0.15,0.27,0.55,0.10,0.27,0.47,0.00,0.00,0.00,0.01,0.06,0.12,0.00,0.00,0.00,0.04,0.18,0.47,172968,683634,1967952,500503,1048093,1981054,0,151295222,741448625,0,140232545,761618464,0,927040,0,400.35,468.88,516.32
210,1,92,99,100,19898,19898,19898,77381,77381,77381,591,591,591,0.01,0.59,0.97,0.00,0.20,0.47,0.00,0.18,0.37,0.00,0.00,0.00,0.00,0.04,0.10,0.00,0.00,0.00,0.00,0.11,0.36,304028,584162,1439139,317132,726942,1897882,0,210257322,754841900,0,220933475,734694124,0,799343,0,163.99,366.88,524.49
210,2,100,100,100,14710,14710,14710,82569,82569,82569,591,591,591,0.01,0.41,0.90,0.00,0.14,0.35,0.00,0.11,0.31,0.00,0.00,0.00,0.00,0.02,0.07,0.00,0.00,0.00,0.00,0.07,0.28,304032,427518,723326,319757,540446,1084849,0,209406263,754774251,0,220090038,734631460,0,570721,0,137.18,266.51,383.79
210,3,70,93,100,10256,10256,10256,87023,87023,87023,591,591,591,0.40,0.78,0.95,0.17,0.28,0.55,0.09,0.27,0.39,0.00,0.00,0.00,0.01,0.06,0.12,0.00,0.00,0.00,0.04,0.18,0.48,309245,427286,631564,343314,758132,1289334,0,215282885,741452356,0,204576299,761576675,0,879403,0,423.46,469.01,510.00
211,0,100,100,100,14761,14761,14761,82518,82518,82518,591,591,591,0.76,0.89,1.00,0.15,0.22,0.27,0.30,0.36,0.46,0.00,0.00,0.00,0.09,0.10,0.11,0.00,0.00,0.00,0.02,0.09,0.13,455998,705481,1174060,469101,740598,1223853,0,522193679,660780674,0,522193659,664790851,0,401569,0,503.38,511.28,517.17
211,1,100,100,100,19898,19898,19898,77381,77381,77381,591,591,591,0.48,0.75,0.91,0.13,0.20,0.25,0.13,0.25,0.33,0.00,0.00,0.00,0.03,0.06,0.09,0.00,0.00,0.00,0.04,0.07,0.09,322175,427129,759995,353354,462716,809788,0,389494406,642018916,0,390299271,646041641,0,318602,0,415.97,433.73,464.72
211,2,100,100,100,14710,14710,14710,82569,82569,82569,591,591,591,0.18,0.47,0.76,0.05,0.13,0.21,0.00,0.12,0.24,0.00,0.00,0.00,0.00,0.03,0.06,0.00,0.00,0.00,0.00,0.04,0.08,314487,567990,1150503,327591,600661,1160986,0,345266744,642099958,0,346337353,646117882,0,238302,0,286.84,309.08,329.54
211,3,100,100,100,10256,10256,10256,87023,87023,87023,591,591,591,0.81,0.89,0.98,0.14,0.19,0.22,0.33,0.39,0.44,0.00,0.00,0.00,0.07,0.10,0.13,0.00,0.00,0.00,0.02,0.06,0.09,270795,553639,1077094,309231,583863,1090198,0,347019491,660777105,0,346482519,664797269,0,443384,0,497.53,505.02,511.58
212,0,100,100,100,14761,14761,14761,82518,82518,82518,591,591,591,0.85,0.87,0.89,0.13,0.20,0.27,0.35,0.38,0.40,0.00,0.00,0.00,0.08,0.09,0.11,0.00,0.00,0.00,0.02,0.07,0.13,441590,500575,626348,462129,530234,636831,0,391519330,1231851955,0,392311279,1305501944,0,453853,0,502.35,505.78,510.52
212,1,100,100,100,19898,19898,19898,77381,77381,77381,591,591,591,0.50,0.71,0.88,0.09,0.18,0.26,0.15,0.23,0.31,0.00,0.00,0.00,0.03,0.06,0.08,0.00,0.00,0.00,0.01,0.06,0.11,295258,442719,757445,322274,475041,807242,0,479375876,663473494,0,479106352,659445470,0,393806,0,411.95,430.89,456.31
212,2,100,100,100,14710,14710,14710,82569,82569,82569,591,591,591,0.32,0.53,0.72,0.08,0.15,0.18,0.06,0.15,0.23,0.00,0.00,0.00,0.01,0.04,0.06,0.00,0.00,0.00,0.01,0.05,0.06,343339,839178,1732310,393136,876394,1769001,0,522221482,1268530976,0,522222636,1268530976,0,213576,0,277.93,300.64,322.30
212,3,100,100,100,10256,10256,10256,87023,87023,87023,591,591,591,0.78,0.86,0.93,0.14,0.22,0.27,0.32,0.37,0.41,0.00,0.00,0.00,0.08,0.10,0.11,0.00,0.00,0.00,0.02,0.09,0.14,322344,475385,660401,338068,510502,710193,0,522190776,1231493361,0,522189450,1305471383,0,295870,0,497.02,498.31,500.95
213,0,100,100,100,14761,14761,14761,82518,82518,82518,591,591,591,0.88,0.89,0.92,0.18,0.20,0.23,0.36,0.38,0.40,0.00,0.00,0.00,0.07,0.10,0.12,0.00,0.00,0.00,0.05,0.08,0.11,326703,767024,1831789,347668,799172,1863236,73653687,480850133,660764905,0,480565754,664766539,0,410219,0,505.35,510.61,517.30
213,1,100,100,100,19898,19898,19898,77381,77381,77381,591,591,591,0.23,0.71,0.98,0.06,0.17,0.26,0.02,0.23,0.37,0.00,0.00,0.00,0.00,0.06,0.10,0.00,0.00,0.00,0.01,0.05,0.11,322348,769426,1451829,338073,798778,1464933,0,522192495,663451550,0,522193585,659431457,0,306898,0,411.87,427.49,451.13
213,2,100,100,100,14710,14710,14710,82569,82569,82569,591,591,591,0.18,0.48,0.72,0.05,0.13,0.20,0.00,0.12,0.22,0.00,0.00,0.00,0.00,0.03,0.06,0.00,0.00,0.00,0.00,0.04,0.07,167719,565600,877797,180822,593654,909240,36982767,402664200,1167606814,35650792,394564641,1203758876,0,221043,0,275.21,297.27,314.15
213,3,100,100,100,10256,10256,10256,87023,87023,87023,591,591,591,0.88,0.88,0.88,0.16,0.20,0.25,0.37,0.38,0.39,0.00,0.00,0.00,0.07,0.09,0.12,0.00,0.00,0.00,0.04,0.07,0.11,0,274650,372141,28827,305575,398349,73974993,414579040,660768102,0,394060244,664798758,0,450385,0,493.58,497.33,502.68
214,0,100,100,100,14761,14761,14761,82518,82518,82518,591,591,591,0.77,0.86,1.00,0.13,0.20,0.27,0.30,0.38,0.46,0.00,0.00,0.00,0.09,0.10,0.11,0.00,0.00,0.00,0.02,0.07,0.13,458615,752778,1247399,471718,784881,1294570,0,487539574,660765327,0,486535835,664772205,0,299481,0,503.57,509.24,514.82
214,1,100,100,100,19898,19898,19898,77381,77381,77381,591,591,591,0.36,0.68,0.91,0.07,0.17,0.24,0.08,0.22,0.33,0.00,0.00,0.00,0.02,0.05,0.08,0.00,0.00,0.00,0.01,0.06,0.09,330181,489760,754823,340663,548688,807242,0,344808544,663413708,0,335584802,659399118,0,336030,0,413.73,421.62,438.48
214,2,100,100,100,14710,14710,14710,82569,82569,82569,591,591,591,0.29,0.51,0.75,0.06,0.14,0.21,0.05,0.13,0.24,0.00,0.00,0.00,0.01,0.03,0.06,0.00,0.00,0.00,0.00,0.05,0.08,327548,584430,912091,343270,649293,959268,0,469056166,663374929,0,478971351,659363115,0,265584,0,281.78,297.34,315.52
214,3,100,100,100,10256,10256,10256,87023,87023,87023,591,591,591,0.83,0.86,0.89,0.19,0.21,0.22,0.33,0.37,0.40,0.00,0.00,0.00,0.07,0.10,0.12,0.00,0.00,0.00,0.06,0.08,0.09,330196,710842,1328615,361643,742944,1362682,110640602,488543864,660753937,0,486534213,664773944,0,400709,0,503.97,506.40,510.09
215,0,100,100,100,14761,14761,14761,82518,82518,82518,591,591,591,0.88,0.94,0.99,0.14,0.20,0.28,0.14,0.23,0.42,0.00,0.00,0.00,0.04,0.06,0.10,0.00,0.00,0.00,0.02,0.08,0.14,435029,567099,888369,463856,626849,906713,0,287618275,756428855,0,286153296,765978328,0,396252,0,498.03,504.36,512.12
215,1,100,100,100,19898,19898,19898,77381,77381,77381,591,591,591,0.84,0.93,0.96,0.18,0.20,0.21,0.11,0.13,0.14,0.00,0.00,0.00,0.03,0.04,0.04,0.00,0.00,0.00,0.06,0.08,0.08,317097,555150,1130006,364269,601795,1166683,0,366669872,677627617,0,376602609,710666707,0,407059,0,432.26,462.27,481.94
215,2,100,100,100,14710,14710,14710,82569,82569,82569,591,591,591,0.18,0.59,0.90,0.05,0.14,0.23,0.00,0.07,0.12,0.00,0.00,0.00,0.00,0.02,0.03,0.00,0.00,0.00,0.00,0.05,0.11,322350,508768,710221,335454,550701,744291,0,384234065,762794488,0,386182427,753239672,0,246248,0,289.71,324.50,362.64
215,3,100,100,100,10256,10256,10256,87023,87023,87023,591,591,591,0.88,0.94,0.97,0.15,0.18,0.21,0.14,0.23,0.43,0.00,0.00,0.00,0.04,0.07,0.13,0.00,0.00,0.00,0.04,0.07,0.10,309240,534624,898906,343309,593503,946079,0,358417368,716769206,0,376838349,708720979,0,382476,0,481.75,491.59,509.06
216,0,100,100,100,14761,14761,14761,82518,82518,82518,591,591,591,0.94,0.95,1.00,0.12,0.18,0.21,0.15,0.15,0.16,0.00,0.00,0.00,0.04,0.05,0.05,0.00,0.00,0.00,0.00,0.07,0.10,470231,1435161,2885312,516994,1472264,2932483,0,283538929,716779771,0,279783945,708710636,0,399056,0,495.33,500.67,507.28
216,1,100,100,100,19898,19898,19898,77381,77381,77381,591,591,591,0.70,0.90,0.95,0.16,0.20,0.22,0.08,0.12,0.13,0.00,0.00,0.00,0.03,0.04,0.04,0.00,0.00,0.00,0.06,0.08,0.08,330201,522603,846653,377372,565584,896456,0,151040350,755201752,0,149967982,749839912,0,334541,0,427.23,445.90,452.06
216,2,100,100,100,14710,14710,14710,82569,82569,82569,591,591,591,0.18,0.56,0.94,0.05,0.14,0.22,0.00,0.06,0.13,0.00,0.00,0.00,0.00,0.02,0.03,0.00,0.00,0.00,0.00,0.05,0.09,309170,416583,804096,322357,455715,837281,0,151050877,755254389,0,149980632,749903160,0,189138,0,278.26,307.72,330.37
216,3,100,100,100,10256,10256,10256,87023,87023,87023,591,591,591,0.94,0.96,0.99,0.16,0.19,0.21,0.14,0.15,0.16,0.00,0.00,0.00,0.05,0.05,0.05,0.00,0.00,0.00,0.05,0.08,0.10,306591,402180,568653,332795,439230,613202,0,150354910,751774553,0,151408953,757044767,0,433963,0,473.82,479.46,483.77
217,0,100,100,100,14761,14761,14761,82518,82518,82518,591,591,591,0.94,0.96,0.99,0.16,0.19,0.22,0.14,0.15,0.16,0.00,0.00,0.00,0.04,0.05,0.05,0.00,0.00,0.00,0.05,0.08,0.11,349424,655344,956539,379125,689063,993228,0,238044780,708718825,0,238394030,708721445,0,395808,0,487.48,494.07,500.27
217,1,100,100,100,19898,19898,19898,77381,77381,77381,591,591,591,0.18,0.63,0.95,0.05,0.14,0.21,0.00,0.07,0.13,0.00,0.00,0.00,0.00,0.02,0.04,0.00,0.00,0.00,0.00,0.04,0.08,317121,396248,545110,332846,409875,555593,0,286536991,723970031,0,285997736,721278790,0,306661,0,333.90,357.94,374.66
217,2,100,100,100,14710,14710,14710,82569,82569,82569,591,591,591,0.18,0.41,0.73,0.05,0.10,0.18,0.00,0.04,0.10,0.00,0.00,0.00,0.00,0.01,0.03,0.00,0.00,0.00,0.00,0.03,0.08,2620,489382,1056160,15725,502311,1069264,0,239286940,723925214,0,238747101,721220773,0,189348,0,219.42,238.22,269.34
217,3,100,100,100,10256,10256,10256,87023,87023,87023,591,591,591,0.93,0.96,0.99,0.15,0.19,0.21,0.14,0.15,0.15,0.00,0.00,0.00,0.04,0.05,0.05,0.00,0.00,0.00,0.04,0.07,0.11,209647,482376,854366,238473,512775,898919,0,246784571,722123478,0,239475788,724904102,0,388027,0,474.73,478.92,482.65
218,0,99,99,100,14761,14761,14761,82518,82518,82518,591,591,591,0.60,0.87,0.99,0.17,0.22,0.37,0.11,0.18,0.36,0.00,0.00,0.00,0.03,0.05,0.07,0.00,0.00,0.00,0.05,0.13,0.32,450586,589037,820316,466304,660434,920130,0,0,0,0,0,0,0,427383,0,471.86,481.15,490.43
218,1,80,91,100,19898,19898,19898,77381,77381,77381,591,591,591,0.18,0.48,0.89,0.05,0.18,0.37,0.00,0.14,0.41,0.00,0.00,0.00,0.00,0.03,0.08,0.00,0.00,0.00,0.00,0.09,0.24,214855,423859,615861,298701,507622,817654,0,1602946031,0,0,1582861294,0,0,344981,0,260.29,303.87,354.39
218,2,84,96,100,14710,14710,14710,82569,82569,82569,591,591,591,0.18,0.49,0.98,0.05,0.17,0.41,0.00,0.14,0.45,0.00,0.00,0.00,0.00,0.03,0.08,0.00,0.00,0.00,0.00,0.10,0.28,306628,405161,715449,322352,486924,925104,0,0,0,0,0,0,0,320414,0,167.83,244.67,342.49
218,3,77,94,100,10256,10256,10256,87023,87023,87023,591,591,591,0.78,0.91,0.98,0.16,0.27,0.40,0.14,0.23,0.46,0.00,0.00,0.00,0.04,0.05,0.08,0.00,0.00,0.00,0.06,0.15,0.26,324967,417210,579172,340691,480630,626344,0,0,0,0,0,0,0,385769,0,475.73,482.24,488.21
219,0,53,84,100,14761,14761,14761,82518,82518,82518,591,591,591,0.40,0.74,0.94,0.21,0.29,0.33,0.11,0.25,0.39,0.00,0.00,0.00,0.01,0.09,0.15,0.00,0.00,0.00,0.11,0.13,0.16,482201,937415,2006338,558200,1204395,2063733,0,0,0,0,0,0,0,297276,0,392.24,461.87,490.40
219,1,61,86,100,19898,19898,19898,77381,77381,77381,591,591,591,0.01,0.20,0.73,0.00,0.09,0.32,0.00,0.06,0.25,0.00,0.00,0.00,0.00,0.02,0.08,0.00,0.00,0.00,0.00,0.05,0.15,298789,871672,2096525,311894,1053031,2437211,0,0,0,0,0,0,0,107017,0,224.69,340.24,413.22
219,2,97,98,100,14710,14710,14710,82569,82569,82569,591,591,591,0.91,0.94,0.96,0.26,0.30,0.34,0.16,0.33,0.41,0.00,0.00,0.00,0.07,0.13,0.16,0.00,0.00,0.00,0.10,0.12,0.15,330212,454131,833378,345917,557162,893653,0,0,0,0,0,0,0,366341,0,420.75,496.19,523.77
219,3,99,99,100,10256,10256,10256,87023,87023,87023,591,591,591,0.94,0.95,0.98,0.21,0.24,0.27,0.16,0.25,0.43,0.00,0.00,0.00,0.07,0.11,0.18,0.00,0.00,0.00,0.07,0.10,0.12,298696,470305,851683,335379,516937,867406,0,0,0,0,0,0,0,305525,0,480.71,493.79,509.73
220,0,100,100,100,14761,14761,14761,82518,82518,82518,591,591,591,0.01,0.03,0.13,0.00,0.02,0.07,0.00,0.01,0.02,0.00,0.00,0.00,0.00,0.00,0.00,0.00,0.00,0.00,0.00,0.01,0.05,461293,657183,930405,477019,724015,1153178,0,0,0,0,0,0,0,82383,0,147.41,225.85,319.21
220,1,100,100,100,19898,19898,19898,77381,77381,77381,591,591,591,0.01,0.01,0.01,0.00,0.00,0.00,0.00,0.00,0.00,0.00,0.00,0.00,0.00,0.00,0.00,0.00,0.00,0.00,0.00,0.00,0.00,302360,333096,398374,315282,346810,414099,0,0,0,0,0,0,0,120406,0,150.50,156.88,174.30
220,2,68,86,100,14710,14710,14710,82569,82569,82569,591,591,591,0.01,0.19,0.50,0.00,0.10,0.26,0.00,0.05,0.13,0.00,0.00,0.00,0.00,0.00,0.01,0.00,0.00,0.00,0.00,0.08,0.19,186030,528120,1161145,351201,874022,1606732,0,0,0,0,0,0,0,137245,0,258.41,373.88,485.50
220,3,99,99,99,10256,10256,10256,87023,87023,87023,591,591,591,0.98,0.98,0.98,0.27,0.29,0.31,0.41,0.42,0.43,0.00,0.00,0.00,0.17,0.18,0.18,0.00,0.00,0.00,0.07,0.08,0.09,0,557543,1257900,36689,596853,1291969,0,0,0,0,0,0,0,421307,0,514.87,523.51,528.84
221,0,93,98,100,14761,14761,14761,82518,82518,82518,591,591,591,0.01,0.34,0.85,0.00,0.11,0.30,0.00,0.08,0.31,0.00,0.00,0.00,0.00,0.02,0.08,0.00,0.00,0.00,0.00,0.07,0.19,432457,567946,798327,442941,689004,1296189,0,5628817,28144089,0,33820719,169103597,0,287917,0,136.98,194.92,300.03
221,1,99,99,100,19898,19898,19898,77381,77381,77381,591,591,591,0.01,0.18,0.63,0.00,0.08,0.30,0.00,0.04,0.18,0.00,0.00,0.00,0.00,0.01,0.03,0.00,0.00,0.00,0.00,0.05,0.21,175594,477320,1243972,188698,586865,1264938,0,16923618,84618092,0,36661977,126925778,0,201847,0,150.07,183.57,229.90
221,2,91,98,100,14710,14710,14710,82569,82569,82569,591,591,591,0.01,0.36,0.85,0.00,0.16,0.51,0.00,0.10,0.33,0.00,0.00,0.00,0.00,0.02,0.08,0.00,0.00,0.00,0.00,0.12,0.43,304029,417702,576336,319754,613150,1144864,0,25413311,84727548,0,42337822,211689110,0,309983,0,148.28,224.07,332.53
221,3,69,87,100,10256,10256,10256,87023,87023,87023,591,591,591,0.49,0.75,0.93,0.25,0.37,0.54,0.13,0.21,0.37,0.00,0.00,0.00,0.01,0.05,0.14,0.00,0.00,0.00,0.13,0.27,0.47,327527,409988,511882,652435,1064698,1427329,0,50768190,211508286,0,0,0,0,391552,0,467.68,482.94,515.06
222,0,100,100,100,14761,14761,14761,82518,82518,82518,591,591,591,0.18,0.42,0.72,0.05,0.10,0.14,0.00,0.07,0.16,0.00,0.00,0.00,0.00,0.02,0.04,0.00,0.00,0.00,0.00,0.03,0.06,34069,809578,2124246,41931,835047,2154629,0,426317584,741427051,0,415184826,728006265,0,233240,0,243.14,298.12,343.89
222,1,100,100,100,19898,19898,19898,77381,77381,77381,591,591,591,0.18,0.26,0.34,0.05,0.08,0.10,0.00,0.03,0.06,0.00,0.00,0.00,0.00,0.01,0.01,0.00,0.00,0.00,0.00,0.02,0.03,309251,377914,545113,324975,406218,560838,0,409401224,741491665,0,406712682,728051742,0,176858,0,183.69,218.78,250.53
222,2,100,100,100,14710,14710,14710,82569,82569,82569,591,591,591,0.46,0.57,0.82,0.09,0.14,0.20,0.11,0.17,0.28,0.00,0.00,0.00,0.02,0.04,0.07,0.00,0.00,0.00,0.01,0.04,0.07,516256,741455,956563,550324,770180,990632,0,404152425,741459828,0,401488866,728023388,0,324321,0,332.82,382.17,434.59
222,3,99,99,100,10256,10256,10256,87023,87023,87023,591,591,591,0.79,0.87,0.94,0.16,0.21,0.26,0.31,0.37,0.43,0.00,0.00,0.00,0.07,0.09,0.12,0.00,0.00,0.00,0.04,0.08,0.12,307667,411652,532019,341278,451919,584435,0,405360822,721308637,0,413420791,761605853,0,448323,0,491.72,506.85,517.38
223,0,100,100,100,14761,14761,14761,82518,82518,82518,591,591,591,0.18,0.44,0.62,0.05,0.13,0.20,0.00,0.11,0.22,0.00,0.00,0.00,0.00,0.03,0.05,0.00,0.00,0.00,0.00,0.04,0.08,461242,644708,1129555,513656,680350,1161005,0,390045524,660805979,0,390582234,658122301,0,226747,0,281.95,290.26,295.17
223,1,100,100,100,19898,19898,19898,77381,77381,77381,591,591,591,0.18,0.30,0.35,0.05,0.09,0.10,0.00,0.04,0.07,0.00,0.00,0.00,0.00,0.01,0.02,0.00,0.00,0.00,0.00,0.03,0.03,311890,391032,573960,356423,426152,589685,0,522233428,660808476,0,522234026,658143101,0,181681,0,215.77,217.24,218.44
223,2,100,100,100,14710,14710,14710,82569,82569,82569,591,591,591,0.41,0.59,0.85,0.08,0.16,0.24,0.10,0.17,0.28,0.00,0.00,0.00,0.02,0.04,0.07,0.00,0.00,0.00,0.01,0.06,0.09,44544,906774,1706097,94328,943462,1719201,0,522170598,660755671,0,522169576,658080006,0,278483,0,351.19,353.18,356.66
223,3,100,100,100,10256,10256,10256,87023,87023,87023,591,591,591,0.78,0.87,0.99,0.15,0.21,0.26,0.30,0.37,0.47,0.00,0.00,0.00,0.06,0.09,0.11,0.00,0.00,0.00,0.03,0.08,0.13,0,517810,969667,13103,552925,1022081,0,522192546,656779173,0,522192013,664803824,0,299085,0,492.43,495.64,499.27
224,0,100,100,100,14761,14761,14761,82518,82518,82518,591,591,591,0.22,0.47,0.65,0.06,0.13,0.17,0.02,0.11,0.18,0.00,0.00,0.00,0.00,0.03,0.05,0.00,0.00,0.00,0.01,0.04,0.06,419336,647861,946139,469133,683504,980211,0,522196420,1305446148,0,522198023,1305461872,0,216811,0,284.80,287.83,289.85
224,1,100,100,100,19898,19898,19898,77381,77381,77381,591,591,591,0.18,0.30,0.35,0.05,0.09,0.10,0.00,0.04,0.07,0.00,0.00,0.00,0.00,0.01,0.02,0.00,0.00,0.00,0.00,0.03,0.03,157220,399120,757432,188665,433682,788883,0,522189922,660819386,0,522188392,658156577,0,205785,0,220.97,222.84,224.53
224,2,100,100,100,14710,14710,14710,82569,82569,82569,591,591,591,0.48,0.62,0.85,0.12,0.17,0.24,0.13,0.19,0.28,0.00,0.00,0.00,0.02,0.05,0.07,0.00,0.00,0.00,0.03,0.06,0.10,473465,655538,1053640,484798,694500,1108681,0,478156885,660770785,0,478334630,658095058,0,229722,0,352.86,356.69,362.18
224,3,99,99,100,10256,10256,10256,87023,87023,87023,591,591,591,0.79,0.90,0.99,0.15,0.20,0.24,0.31,0.40,0.48,0.00,0.00,0.00,0.08,0.11,0.14,0.00,0.00,0.00,0.03,0.07,0.10,0,375447,635934,19637,407153,669128,0,435149388,656728031,0,435150012,664754774,0,404617,0,499.14,503.48,505.93
225,0,100,100,100,14761,14761,14761,82518,82518,82518,591,591,591,0.22,0.44,0.75,0.06,0.14,0.20,0.02,0.12,0.24,0.00,0.00,0.00,0.00,0.03,0.06,0.00,0.00,0.00,0.00,0.05,0.08,248973,1051011,2459122,288285,1109672,2471554,600232642,687842989,870246916,602736031,687863948,870248663,0,235014,0,281.47,285.60,290.20
225,1,100,100,100,19898,19898,19898,77381,77381,77381,591,591,591,0.18,0.28,0.34,0.05,0.09,0.10,0.00,0.04,0.06,0.00,0.00,0.00,0.00,0.01,0.01,0.00,0.00,0.00,0.00,0.02,0.03,314471,619227,1020432,351174,653996,1055378,0,479233569,660850104,0,479058116,658181951,0,116065,0,212.25,217.18,221.51
225,2,100,100,100,14710,14710,14710,82569,82569,82569,591,591,591,0.18,0.60,0.85,0.05,0.16,0.22,0.00,0.18,0.28,0.00,0.00,0.00,0.00,0.05,0.07,0.00,0.00,0.00,0.00,0.06,0.11,322294,552752,1078683,353737,607185,1125475,0,635410237,1226817365,0,635944915,1226812440,0,259973,0,351.59,355.74,361.70
225,3,100,100,100,10256,10256,10256,87023,87023,87023,591,591,591,0.79,0.87,0.98,0.15,0.21,0.26,0.32,0.37,0.45,0.00,0.00,0.00,0.07,0.09,0.13,0.00,0.00,0.00,0.04,0.08,0.11,0,591753,1278915,13103,628442,1331329,0,522145544,656787898,0,522144746,664815309,0,396842,0,493.68,498.50,502.73
226,0,100,100,100,14761,14761,14761,82518,82518,82518,591,591,591,0.39,0.62,0.95,0.08,0.16,0.23,0.03,0.08,0.13,0.00,0.00,0.00,0.01,0.02,0.03,0.00,0.00,0.00,0.02,0.07,0.10,477096,922328,1815271,537389,980643,1838846,0,359491621,756108853,0,360707845,749727900,0,207184,0,281.16,308.29,335.03
226,1,100,100,100,19898,19898,19898,77381,77381,77381,591,591,591,0.18,0.38,0.49,0.05,0.11,0.14,0.00,0.04,0.07,0.00,0.00,0.00,0.00,0.01,0.02,0.00,0.00,0.00,0.00,0.04,0.07,301412,324329,372167,324971,412782,484841,0,520745761,756526431,0,522634693,750175805,0,176904,0,222.24,231.90,242.96
226,2,100,100,100,14710,14710,14710,82569,82569,82569,591,591,591,0.79,0.87,0.96,0.18,0.20,0.21,0.10,0.14,0.23,0.00,0.00,0.00,0.03,0.04,0.05,0.00,0.00,0.00,0.07,0.07,0.09,311863,407458,629055,359035,464446,689340,0,359547669,756446080,0,360769310,750075163,0,325381,0,362.43,383.06,431.85
226,3,100,100,100,10256,10256,10256,87023,87023,87023,591,591,591,0.78,0.90,0.99,0.15,0.19,0.27,0.16,0.32,0.46,0.00,0.00,0.00,0.05,0.08,0.10,0.00,0.00,0.00,0.03,0.07,0.13,319723,451402,639456,335447,512986,718078,0,523520241,746839372,0,517853877,765942602,0,391247,0,493.56,499.48,502.09
227,0,100,100,100,14761,14761,14761,82518,82518,82518,591,591,591,0.18,0.55,0.81,0.05,0.14,0.19,0.00,0.06,0.10,0.00,0.00,0.00,0.00,0.02,0.03,0.00,0.00,0.00,0.00,0.05,0.09,448171,797686,1732069,513693,842236,1758273,0,293657705,751519173,0,294027823,748002626,0,278317,0,279.26,293.78,313.40
227,1,100,100,100,19898,19898,19898,77381,77381,77381,591,591,591,0.18,0.32,0.45,0.05,0.09,0.12,0.00,0.02,0.04,0.00,0.00,0.00,0.00,0.01,0.01,0.00,0.00,0.00,0.00,0.03,0.05,296923,446201,718052,333176,485948,780947,0,293684027,751670156,0,294037275,748072030,0,203912,0,214.01,222.12,243.91
227,2,100,100,100,14710,14710,14710,82569,82569,82569,591,591,591,0.42,0.73,0.94,0.13,0.17,0.21,0.04,0.09,0.12,0.00,0.00,0.00,0.01,0.03,0.04,0.00,0.00,0.00,0.06,0.07,0.07,218391,354476,524131,263816,399200,573923,0,293622655,751358646,0,293977351,747757162,0,329339,0,368.92,375.88,387.44
227,3,100,100,100,10256,10256,10256,87023,87023,87023,591,591,591,0.94,0.95,0.95,0.16,0.20,0.21,0.15,0.15,0.16,0.00,0.00,0.00,0.04,0.05,0.05,0.00,0.00,0.00,0.06,0.09,0.10,314485,472840,733250,356398,515778,780220,0,294224806,746334723,0,293147334,757053442,0,441820,0,492.89,495.05,498.24
228,0,100,100,100,14761,14761,14761,82518,82518,82518,591,591,591,0.18,0.37,0.72,0.05,0.09,0.17,0.00,0.03,0.09,0.00,0.00,0.00,0.00,0.01,0.02,0.00,0.00,0.00,0.00,0.03,0.07,424592,571139,685736,437697,583839,694202,0,235985899,722038520,0,235615477,720191486,0,197251,0,224.22,249.10,288.47
228,1,100,100,100,19898,19898,19898,77381,77381,77381,591,591,591,0.18,0.26,0.48,0.05,0.07,0.13,0.00,0.01,0.05,0.00,0.00,0.00,0.00,0.00,0.01,0.00,0.00,0.00,0.00,0.02,0.06,306635,471756,752169,322360,485908,767894,0,286196392,722244233,0,285843619,720472504,0,157645,0,179.21,193.74,208.67
228,2,100,100,100,14710,14710,14710,82569,82569,82569,591,591,591,0.18,0.50,0.96,0.05,0.12,0.20,0.00,0.05,0.12,0.00,0.00,0.00,0.00,0.01,0.04,0.00,0.00,0.00,0.00,0.04,0.07,306633,614816,1352169,319736,628444,1365271,0,286159278,722141737,0,285804946,720370079,0,253908,0,264.41,303.02,355.98
228,3,100,100,100,10256,10256,10256,87023,87023,87023,591,591,591,0.94,0.95,0.98,0.16,0.19,0.21,0.14,0.15,0.16,0.00,0.00,0.00,0.04,0.05,0.05,0.00,0.00,0.00,0.05,0.08,0.10,138860,436589,812421,183401,471703,862214,0,285639546,719477208,0,286717676,724867856,0,399516,0,490.55,494.90,497.67
229,0,82,94,100,14761,14761,14761,82518,82518,82518,591,591,591,0.18,0.50,0.98,0.05,0.18,0.40,0.00,0.13,0.46,0.00,0.00,0.00,0.00,0.03,0.08,0.00,0.00,0.00,0.00,0.10,0.27,424524,539970,893590,442920,621268,940759,0,0,0,0,0,0,0,280113,0,197.97,244.68,323.78
229,1,76,92,100,19898,19898,19898,77381,77381,77381,591,591,591,0.18,0.41,0.82,0.05,0.16,0.33,0.00,0.11,0.28,0.00,0.00,0.00,0.00,0.02,0.06,0.00,0.00,0.00,0.00,0.08,0.23,314508,395188,668240,327612,481139,828094,0,0,0,0,0,0,0,287756,0,175.35,224.78,320.73
229,2,70,83,100,14710,14710,14710,82569,82569,82569,591,591,591,0.18,0.35,0.83,0.05,0.14,0.34,0.00,0.10,0.39,0.00,0.00,0.00,0.00,0.02,0.06,0.00,0.00,0.00,0.00,0.07,0.23,332808,363427,422929,345948,512736,815030,0,0,0,0,0,0,0,225150,0,221.17,252.02,266.95
229,3,73,94,100,10256,10256,10256,87023,87023,87023,591,591,591,0.74,0.92,0.98,0.16,0.25,0.40,0.14,0.24,0.46,0.00,0.00,0.00,0.04,0.05,0.08,0.00,0.00,0.00,0.06,0.14,0.26,319723,519930,657779,332826,562385,710222,0,0,0,0,0,0,0,393532,0,486.76,495.96,499.36
230,0,54,89,100,14761,14761,14761,82518,82518,82518,591,591,591,0.01,0.51,0.93,0.00,0.21,0.36,0.00,0.18,0.37,0.00,0.00,0.00,0.00,0.06,0.14,0.00,0.00,0.00,0.00,0.10,0.15,469093,556636,820206,529430,821845,1514630,0,0,0,0,0,0,0,268901,0,345.78,421.61,473.13
230,1,93,97,100,19898,19898,19898,77381,77381,77381,591,591,591,0.01,0.17,0.73,0.00,0.08,0.35,0.00,0.05,0.24,0.00,0.00,0.00,0.00,0.01,0.06,0.00,0.00,0.00,0.00,0.04,0.17,207928,308385,361624,216665,460031,893578,0,0,0,0,0,0,0,135743,0,167.00,297.52,361.91
230,2,100,100,100,14710,14710,14710,82569,82569,82569,591,591,591,0.01,0.01,0.01,0.00,0.00,0.00,0.00,0.00,0.00,0.00,0.00,0.00,0.00,0.00,0.00,0.00,0.00,0.00,0.00,0.00,0.00,235885,416730,830848,246369,429835,846574,0,0,0,0,0,0,0,109709,0,137.00,206.84,252.19
230,3,75,94,100,10256,10256,10256,87023,87023,87023,591,591,591,0.83,0.93,0.97,0.20,0.22,0.26,0.15,0.19,0.33,0.00,0.00,0.00,0.06,0.09,0.14,0.00,0.00,0.00,0.08,0.09,0.11,314495,460541,773102,330220,520991,809791,0,0,0,0,0,0,0,309963,0,495.62,506.92,524.19
231,0,100,100,100,14761,14761,14761,82518,82518,82518,591,591,591,0.01,0.01,0.01,0.00,0.00,0.00,0.00,0.00,0.00,0.00,0.00,0.00,0.00,0.00,0.00,0.00,0.00,0.00,0.00,0.00,0.00,432455,803577,1955235,445560,817206,1968340,0,0,0,0,0,0,0,109258,0,136.33,179.87,271.07
231,1,100,100,100,19898,19898,19898,77381,77381,77381,591,591,591,0.01,0.01,0.01,0.00,0.00,0.00,0.00,0.00,0.00,0.00,0.00,0.00,0.00,0.00,0.00,0.00,0.00,0.00,0.00,0.00,0.00,301411,448173,938282,314516,462326,954007,0,0,0,0,0,0,0,119350,0,149.06,149.55,150.24
231,2,100,100,100,14710,14710,14710,82569,82569,82569,591,591,591,0.01,0.01,0.01,0.00,0.00,0.00,0.00,0.00,0.00,0.00,0.00,0.00,0.00,0.00,0.00,0.00,0.00,0.00,0.00,0.00,0.00,301409,322370,364313,314514,336523,380038,0,0,0,0,0,0,0,81885,0,136.13,136.39,136.72
231,3,99,99,100,10256,10256,10256,87023,87023,87023,591,591,591,0.98,0.99,0.99,0.24,0.26,0.29,0.42,0.44,0.44,0.00,0.00,0.00,0.18,0.19,0.20,0.00,0.00,0.00,0.06,0.07,0.08,144092,527820,938224,180770,560194,969672,0,0,0,0,0,0,0,471125,0,521.96,526.85,531.17
232,0,100,100,100,14761,14761,14761,82518,82518,82518,591,591,591,0.01,0.01,0.01,0.00,0.00,0.00,0.00,0.00,0.00,0.00,0.00,0.00,0.00,0.00,0.00,0.00,0.00,0.00,0.00,0.00,0.00,293413,418272,495355,303769,430827,508460,0,0,0,0,0,0,0,108756,0,135.79,135.99,136.24
232,1,100,100,100,19898,19898,19898,77381,77381,77381,591,591,591,0.01,0.01,0.01,0.00,0.00,0.00,0.00,0.00,0.00,0.00,0.00,0.00,0.00,0.00,0.00,0.00,0.00,0.00,0.00,0.00,0.00,311891,360114,503215,324996,373743,516320,0,0,0,0,0,0,0,89505,0,148.81,148.86,148.90
232,2,100,100,100,14710,14710,14710,82569,82569,82569,591,591,591,0.01,0.01,0.01,0.00,0.00,0.00,0.00,0.00,0.00,0.00,0.00,0.00,0.00,0.00,0.00,0.00,0.00,0.00,0.00,0.00,0.00,324998,522091,1171566,338103,535720,1184671,0,0,0,0,0,0,0,122538,0,135.89,135.95,136.00
232,3,54,72,99,10256,10256,10256,87023,87023,87023,591,591,591,0.37,0.68,0.98,0.19,0.24,0.29,0.10,0.26,0.42,0.00,0.00,0.00,0.01,0.09,0.18,0.00,0.00,0.00,0.08,0.12,0.15,324970,430809,607968,372140,821247,1294464,0,0,0,0,0,0,0,324503,0,409.76,476.48,519.78
233,0,100,100,100,14761,14761,14761,82518,82518,82518,591,591,591,0.18,0.43,0.83,0.05,0.17,0.37,0.00,0.11,0.25,0.00,0.00,0.00,0.00,0.02,0.05,0.00,0.00,0.00,0.00,0.10,0.24,437561,650588,993248,490113,849084,1323457,0,31699697,84447056,0,52876704,211506816,0,195626,0,171.50,238.68,267.65
233,1,100,100,100,19898,19898,19898,77381,77381,77381,591,591,591,0.01,0.24,0.58,0.00,0.09,0.26,0.00,0.04,0.16,0.00,0.00,0.00,0.00,0.01,0.03,0.00,0.00,0.00,0.00,0.04,0.17,309272,383284,597550,322377,507118,1048334,0,31734887,84715246,0,52880541,169164544,0,178562,0,173.18,198.72,208.21
233,2,100,100,100,14710,14710,14710,82569,82569,82569,591,591,591,0.15,0.17,0.19,0.05,0.05,0.07,0.00,0.01,0.04,0.00,0.00,0.00,0.00,0.00,0.01,0.00,0.00,0.00,0.00,0.01,0.04,306625,378346,590849,322368,450168,820480,0,31765265,127061060,0,52418331,124963330,0,127195,0,150.05,152.55,154.18
233,3,58,89,100,9532,9532,9532,87747,87747,87747,591,591,591,0.41,0.75,0.93,0.21,0.42,0.55,0.11,0.17,0.28,0.00,0.00,0.00,0.01,0.04,0.10,0.00,0.00,0.00,0.16,0.34,0.49,335543,394952,529008,574094,1022395,1223005,0,63429735,127008239,0,654,2619,0,415791,0,380.94,416.14,466.78
234,0,100,100,100,14761,14761,14761,82518,82518,82518,591,591,591,0.18,0.28,0.49,0.05,0.08,0.13,0.00,0.04,0.13,0.00,0.00,0.00,0.00,0.01,0.03,0.00,0.00,0.00,0.00,0.02,0.05,471654,936132,2049407,484756,961816,2062510,0,277246977,741456526,0,275101021,728045452,0,206440,0,195.49,227.43,274.59
234,1,100,100,100,19898,19898,19898,77381,77381,77381,591,591,591,0.18,0.21,0.28,0.05,0.06,0.08,0.00,0.01,0.04,0.00,0.00,0.00,0.00,0.00,0.01,0.00,0.00,0.00,0.00,0.01,0.02,209668,422475,634205,241118,443966,649929,0,234263219,741483480,0,231929778,728030601,0,169123,0,164.34,185.18,208.75
234,2,100,100,100,14710,14710,14710,82569,82569,82569,591,591,591,0.18,0.19,0.20,0.05,0.05,0.06,0.00,0.00,0.01,0.00,0.00,0.00,0.00,0.00,0.00,0.00,0.00,0.00,0.00,0.00,0.01,206174,362547,581832,239371,387007,613283,0,366422468,741504199,0,363556318,728059139,0,116308,0,142.81,147.16,154.18
234,3,100,100,100,9532,9532,9532,87747,87747,87747,591,591,591,0.75,0.91,1.00,0.14,0.19,0.25,0.29,0.40,0.46,0.00,0.00,0.00,0.09,0.10,0.10,0.00,0.00,0.00,0.02,0.06,0.12,311845,452846,639462,324948,479402,677900,0,230747974,721242776,0,237736834,761547381,0,460818,0,498.43,511.51,524.75
235,0,100,100,100,14761,14761,14761,82518,82518,82518,591,591,591,0.27,0.40,0.51,0.07,0.12,0.14,0.03,0.09,0.14,0.00,0.00,0.00,0.01,0.02,0.03,0.00,0.00,0.00,0.01,0.04,0.05,453356,540408,634268,484803,576574,684066,0,522204469,660799087,0,522203487,658118068,0,171831,0,228.66,244.59,260.03
235,1,100,100,100,19898,19898,19898,77381,77381,77381,591,591,591,0.18,0.26,0.29,0.05,0.08,0.09,0.00,0.03,0.04,0.00,0.00,0.00,0.00,0.01,0.01,0.00,0.00,0.00,0.00,0.02,0.03,322358,432964,644732,335462,469131,699770,0,522214415,1305520112,0,522214437,1305520112,0,145768,0,183.86,186.66,190.19
235,2,100,100,100,14710,14710,14710,82569,82569,82569,591,591,591,0.18,0.20,0.21,0.05,0.05,0.06,0.00,0.00,0.01,0.00,0.00,0.00,0.00,0.00,0.00,0.00,0.00,0.00,0.00,0.00,0.01,319759,418814,636874,332864,451313,689291,0,390062161,660813043,0,390597850,658137156,0,118471,0,146.03,146.59,148.25
235,3,99,99,100,9532,9532,9532,87747,87747,87747,591,591,591,0.84,0.87,0.88,0.17,0.21,0.24,0.35,0.37,0.40,0.00,0.00,0.00,0.07,0.10,0.13,0.00,0.00,0.00,0.05,0.09,0.14,353793,581768,775691,382621,619086,823388,0,511209011,1250510648,0,511208893,1250513158,0,402137,0,511.56,513.31,516.09
236,0,100,100,100,14761,14761,14761,82518,82518,82518,591,591,591,0.18,0.34,0.42,0.05,0.09,0.12,0.00,0.06,0.10,0.00,0.00,0.00,0.00,0.01,0.02,0.00,0.00,0.00,0.00,0.02,0.04,427113,526967,615922,459146,551409,629026,0,350981795,673079973,0,350248557,670346447,0,214348,0,223.98,236.07,257.10
236,1,100,100,100,19898,19898,19898,77381,77381,77381,591,591,591,0.18,0.24,0.29,0.05,0.07,0.09,0.00,0.02,0.04,0.00,0.00,0.00,0.00,0.00,0.01,0.00,0.00,0.00,0.00,0.01,0.02,309262,415140,529414,359058,442920,558244,0,393271930,660827755,0,392735736,658141367,0,158634,0,176.40,187.74,199.55
236,2,100,100,100,14710,14710,14710,82569,82569,82569,591,591,591,0.18,0.20,0.21,0.05,0.05,0.06,0.00,0.00,0.01,0.00,0.00,0.00,0.00,0.00,0.00,0.00,0.00,0.00,0.00,0.00,0.01,306647,525214,1197726,319752,554567,1231797,0,393263647,660807167,0,392729013,658136524,0,133713,0,145.57,147.90,150.92
236,3,99,99,100,9532,9532,9532,87747,87747,87747,591,591,591,0.76,0.90,1.00,0.13,0.19,0.27,0.29,0.39,0.46,0.00,0.00,0.00,0.09,0.10,0.11,0.00,0.00,0.00,0.02,0.06,0.13,324959,444465,804553,340683,472768,820277,0,392439330,656753878,0,394047792,664788831,0,312270,0,506.67,511.09,516.24
237,0,100,100,100,14761,14761,14761,82518,82518,82518,591,591,591,0.18,0.33,0.52,0.05,0.10,0.15,0.00,0.06,0.14,0.00,0.00,0.00,0.00,0.01,0.03,0.00,0.00,0.00,0.00,0.03,0.06,440315,566602,770503,453419,598051,822918,0,390044743,660801876,0,390584097,658105153,0,177324,0,220.28,232.20,254.26
237,1,100,100,100,19898,19898,19898,77381,77381,77381,591,591,591,0.18,0.24,0.29,0.05,0.07,0.09,0.00,0.02,0.04,0.00,0.00,0.00,0.00,0.00,0.01,0.00,0.00,0.00,0.00,0.01,0.03,311871,327604,372149,330206,360102,390494,0,390062291,1305532453,0,390597495,1305532453,0,144971,0,184.20,188.97,199.25
237,2,100,100,100,14710,14710,14710,82569,82569,82569,591,591,591,0.18,0.20,0.21,0.05,0.05,0.06,0.00,0.00,0.01,0.00,0.00,0.00,0.00,0.00,0.00,0.00,0.00,0.00,0.00,0.00,0.01,296078,374315,618510,325196,406256,670927,0,390032368,660646238,0,390564543,657971048,0,119836,0,147.48,148.45,150.54
237,3,100,100,100,9532,9532,9532,87747,87747,87747,591,591,591,0.76,0.88,0.99,0.16,0.21,0.26,0.29,0.37,0.47,0.00,0.00,0.00,0.06,0.09,0.14,0.00,0.00,0.00,0.04,0.08,0.12,311862,396753,634209,343311,428723,647312,0,390810734,656757781,0,389204688,664800740,0,410719,0,507.29,510.22,513.28
238,0,100,100,100,14761,14761,14761,82518,82518,82518,591,591,591,0.18,0.33,0.50,0.05,0.10,0.14,0.00,0.06,0.13,0.00,0.00,0.00,0.00,0.01,0.03,0.00,0.00,0.00,0.00,0.03,0.05,453386,809845,1756045,469110,838150,1805844,0,393284261,660849743,0,392746485,658163266,0,195606,0,206.66,234.53,252.13
238,1,100,100,100,19898,19898,19898,77381,77381,77381,591,591,591,0.18,0.24,0.30,0.05,0.07,0.09,0.00,0.02,0.04,0.00,0.00,0.00,0.00,0.00,0.01,0.00,0.00,0.00,0.00,0.01,0.03,206173,427018,773165,214909,459691,825583,0,522215101,1305506538,0,522216685,1305503917,0,173186,0,185.66,190.49,200.48
238,2,100,100,100,14710,14710,14710,82569,82569,82569,591,591,591,0.18,0.20,0.21,0.05,0.06,0.06,0.00,0.01,0.01,0.00,0.00,0.00,0.00,0.00,0.00,0.00,0.00,0.00,0.00,0.01,0.01,213169,362888,560857,246367,417749,594927,0,479228206,660805031,0,479052276,658137029,0,121150,0,147.10,147.86,148.49
238,3,99,99,100,9532,9532,9532,87747,87747,87747,591,591,591,0.76,0.89,0.99,0.16,0.20,0.25,0.29,0.40,0.47,0.00,0.00,0.00,0.06,0.11,0.14,0.00,0.00,0.00,0.04,0.07,0.11,274296,562128,867580,307491,590349,900083,0,470470078,656761115,0,470959085,664785610,0,460256,0,505.47,511.60,516.13
239,0,100,100,100,14761,14761,14761,82518,82518,82518,591,591,591,0.28,0.49,0.68,0.07,0.13,0.18,0.01,0.07,0.14,0.00,0.00,0.00,0.00,0.02,0.04,0.00,0.00,0.00,0.01,0.05,0.08,424508,570813,1053614,450712,643149,1108653,0,416560884,756384573,0,418070497,750009088,0,211661,0,230.09,255.56,269.85
239,1,100,100,100,19898,19898,19898,77381,77381,77381,591,591,591,0.18,0.28,0.38,0.05,0.08,0.11,0.00,0.02,0.03,0.00,0.00,0.00,0.00,0.00,0.01,0.00,0.00,0.00,0.00,0.02,0.05,311895,352238,450759,351207,421952,508414,0,287619202,756452248,0,288596107,750091829,0,158591,0,187.48,193.40,203.28
239,2,100,100,100,14710,14710,14710,82569,82569,82569,591,591,591,0.18,0.20,0.23,0.05,0.05,0.06,0.00,0.00,0.01,0.00,0.00,0.00,0.00,0.00,0.00,0.00,0.00,0.00,0.00,0.00,0.01,309270,387886,636840,322375,429819,723324,0,287630471,756451044,0,288607593,750095744,0,92027,0,147.79,149.21,151.64
239,3,100,100,100,9532,9532,9532,87747,87747,87747,591,591,591,0.85,0.90,0.94,0.17,0.20,0.22,0.15,0.28,0.41,0.00,0.00,0.00,0.05,0.07,0.13,0.00,0.00,0.00,0.07,0.08,0.11,332825,539287,849112,382617,597988,883181,0,289084646,746917358,0,286158572,766009279,0,412035,0,504.03,513.97,521.90
240,0,100,100,100,14761,14761,14761,82518,82518,82518,591,591,591,0.18,0.39,0.67,0.05,0.10,0.17,0.00,0.03,0.08,0.00,0.00,0.00,0.00,0.01,0.02,0.00,0.00,0.00,0.00,0.03,0.07,302871,411022,503498,311525,446066,573131,0,175361665,701446661,0,176675401,706701606,0,155759,0,211.74,231.85,261.48
240,1,100,100,100,19898,19898,19898,77381,77381,77381,591,591,591,0.18,0.25,0.43,0.05,0.07,0.13,0.00,0.01,0.04,0.00,0.00,0.00,0.00,0.00,0.01,0.00,0.00,0.00,0.00,0.01,0.06,309273,391163,524192,322378,427856,626409,0,179185414,716741658,0,180528471,722113886,0,116499,0,177.43,189.13,195.42
240,2,100,100,100,14710,14710,14710,82569,82569,82569,591,591,591,0.18,0.20,0.24,0.05,0.05,0.07,0.00,0.00,0.01,0.00,0.00,0.00,0.00,0.00,0.00,0.00,0.00,0.00,0.00,0.00,0.01,311893,564147,1158458,324998,598872,1171562,0,179191343,716765374,0,180532474,722129898,0,131406,0,144.97,148.18,149.91
240,3,100,100,100,9532,9532,9532,87747,87747,87747,591,591,591,0.93,0.97,1.00,0.13,0.17,0.22,0.14,0.15,0.16,0.00,0.00,0.00,0.04,0.05,0.05,0.00,0.00,0.00,0.00,0.06,0.11,311883,388512,589649,340653,417995,613235,0,181217298,724869193,0,177190334,708761339,0,400960,0,497.14,503.85,507.36
241,0,100,100,100,14761,14761,14761,82518,82518,82518,591,591,591,0.18,0.30,0.56,0.05,0.08,0.15,0.00,0.02,0.07,0.00,0.00,0.00,0.00,0.01,0.02,0.00,0.00,0.00,0.00,0.02,0.07,421971,525745,880625,437693,551953,896350,0,150316191,751580958,0,149611252,748056260,0,167336,0,187.00,219.28,260.87
241,1,100,100,100,19898,19898,19898,77381,77381,77381,591,591,591,0.18,0.22,0.38,0.05,0.06,0.11,0.00,0.01,0.03,0.00,0.00,0.00,0.00,0.00,0.01,0.00,0.00,0.00,0.00,0.01,0.05,298788,324469,364308,311893,349630,387911,0,150356710,751783550,0,149635928,748179640,0,124104,0,168.79,179.21,194.49
241,2,100,100,100,14710,14710,14710,82569,82569,82569,591,591,591,0.18,0.19,0.23,0.05,0.05,0.06,0.00,0.00,0.01,0.00,0.00,0.00,0.00,0.00,0.00,0.00,0.00,0.00,0.00,0.00,0.01,297237,370808,613270,311898,394352,676169,0,150358144,751790721,0,149640565,748202828,0,113617,0,142.50,145.29,149.51
241,3,100,100,100,9532,9532,9532,87747,87747,87747,591,591,591,0.93,0.96,0.99,0.17,0.19,0.22,0.14,0.15,0.16,0.00,0.00,0.00,0.04,0.05,0.05,0.00,0.00,0.00,0.05,0.08,0.11,311802,359019,495317,343310,395706,526766,0,149237010,746185050,0,151379799,756898999,0,453156,0,490.56,497.22,503.32
242,0,100,100,100,14761,14761,14761,82518,82518,82518,591,591,591,0.18,0.34,0.66,0.05,0.09,0.16,0.00,0.03,0.08,0.00,0.00,0.00,0.00,0.01,0.02,0.00,0.00,0.00,0.00,0.02,0.06,419343,816671,2088923,432447,830300,2104649,0,286196625,722247409,0,285827636,720405088,0,127274,0,189.05,199.68,206.51
242,1,100,100,100,19898,19898,19898,77381,77381,77381,591,591,591,0.18,0.22,0.31,0.05,0.06,0.09,0.00,0.01,0.02,0.00,0.00,0.00,0.00,0.00,0.01,0.00,0.00,0.00,0.00,0.01,0.03,235859,415670,644745,246342,428250,655228,0,238045028,708769135,0,237809168,708774377,0,127815,0,169.23,171.35,175.77
242,2,100,100,100,14710,14710,14710,82569,82569,82569,591,591,591,0.18,0.19,0.23,0.05,0.05,0.06,0.00,0.00,0.01,0.00,0.00,0.00,0.00,0.00,0.00,0.00,0.00,0.00,0.00,0.00,0.01,204426,368496,600171,213163,381251,615896,0,286186738,722160573,0,285831353,720378406,0,112647,0,141.39,143.54,145.34
242,3,100,100,100,9532,9532,9532,87747,87747,87747,591,591,591,0.92,0.95,0.98,0.17,0.18,0.21,0.15,0.15,0.16,0.00,0.00,0.00,0.04,0.05,0.05,0.00,0.00,0.00,0.06,0.07,0.10,0,444214,935590,24532,469386,977521,0,409276460,1326885937,0,410353779,1326871218,0,389385,0,488.59,493.40,500.61
243,0,83,95,100,14761,14761,14761,82518,82518,82518,591,591,591,0.18,0.46,0.87,0.05,0.17,0.36,0.00,0.12,0.39,0.00,0.00,0.00,0.00,0.03,0.07,0.00,0.00,0.00,0.00,0.09,0.25,333625,609211,1278974,445538,682780,1294699,0,0,0,0,0,0,0,292904,0,154.89,206.48,304.67
243,1,100,100,100,19898,19898,19898,77381,77381,77381,591,591,591,0.18,0.48,0.93,0.05,0.17,0.39,0.00,0.14,0.41,0.00,0.00,0.00,0.00,0.03,0.08,0.00,0.00,0.00,0.00,0.10,0.27,322375,455476,628951,338100,536716,718053,0,0,0,0,0,0,0,314364,0,157.84,228.68,344.99
243,2,80,95,100,14710,14710,14710,82569,82569,82569,591,591,591,0.18,0.52,0.98,0.05,0.20,0.40,0.00,0.15,0.46,0.00,0.00,0.00,0.00,0.03,0.08,0.00,0.00,0.00,0.00,0.12,0.27,301368,372133,573902,335464,449702,759961,0,0,0,0,0,0,0,286039,0,139.92,207.91,323.98
243,3,79,91,100,9532,9532,9532,87747,87747,87747,591,591,591,0.73,0.90,0.98,0.17,0.25,0.41,0.14,0.23,0.45,0.00,0.00,0.00,0.04,0.05,0.08,0.00,0.00,0.00,0.05,0.14,0.27,351084,419270,592182,395713,503641,715335,0,0,0,0,0,0,0,297382,0,494.45,498.71,509.33
244,0,70,93,100,14761,14761,14761,82518,82518,82518,591,591,591,0.01,0.32,0.94,0.00,0.14,0.37,0.00,0.11,0.36,0.00,0.00,0.00,0.00,0.03,0.13,0.00,0.00,0.00,0.00,0.07,0.19,459889,824099,1461644,495350,1049087,1584946,0,0,0,0,0,0,0,188079,0,250.62,362.78,457.86
244,1,99,99,100,19898,19898,19898,77381,77381,77381,591,591,591,0.94,0.95,0.97,0.22,0.25,0.32,0.16,0.27,0.43,0.00,0.00,0.00,0.07,0.12,0.18,0.00,0.00,0.00,0.07,0.10,0.12,324965,508408,807174,340689,538284,854347,0,0,0,0,0,0,0,492608,0,428.81,513.94,551.04
244,2,96,98,100,14710,14710,14710,82569,82569,82569,591,591,591,0.94,0.95,0.99,0.22,0.25,0.30,0.16,0.26,0.43,0.00,0.00,0.00,0.07,0.11,0.18,0.00,0.00,0.00,0.07,0.10,0.11,359031,612191,1299886,419283,647309,1312990,0,0,0,0,0,0,0,428301,0,403.23,494.15,537.16
244,3,99,99,100,9532,9532,9532,87747,87747,87747,591,591,591,0.93,0.95,0.98,0.22,0.25,0.27,0.16,0.27,0.43,0.00,0.00,0.00,0.07,0.12,0.18,0.00,0.00,0.00,0.07,0.09,0.12,319793,346981,387799,332899,372140,403520,0,0,0,0,0,0,0,404416,0,497.67,501.88,505.35
245,0,100,100,100,14761,14761,14761,82518,82518,82518,591,591,591,0.01,0.01,0.01,0.00,0.00,0.00,0.00,0.00,0.00,0.00,0.00,0.00,0.00,0.00,0.00,0.00,0.00,0.00,0.00,0.00,0.00,421968,833971,1947336,435073,848123,1963061,0,0,0,0,0,0,0,108636,0,135.52,145.99,184.77
245,1,45,77,99,19898,19898,19898,77381,77381,77381,591,591,591,0.33,0.70,0.96,0.17,0.24,0.32,0.09,0.28,0.43,0.00,0.00,0.00,0.01,0.10,0.18,0.00,0.00,0.00,0.07,0.11,0.13,246346,780921,2072972,284783,1088371,2701939,0,0,0,0,0,0,0,317470,0,422.35,500.47,547.28
245,2,74,94,100,14710,14710,14710,82569,82569,82569,591,591,591,0.54,0.89,0.99,0.27,0.28,0.31,0.15,0.37,0.44,0.00,0.00,0.00,0.01,0.14,0.19,0.00,0.00,0.00,0.07,0.11,0.21,227126,554859,1008959,265563,825134,1556666,0,0,0,0,0,0,0,314486,0,503.27,526.70,538.24
245,3,99,99,100,9532,9532,9532,87747,87747,87747,591,591,591,0.74,0.93,0.98,0.27,0.29,0.30,0.25,0.39,0.43,0.00,0.00,0.00,0.08,0.16,0.18,0.00,0.00,0.00,0.07,0.09,0.15,125794,565640,849106,165104,718207,1358226,0,0,0,0,0,0,0,448538,0,496.52,505.49,511.06
246,0,93,98,100,14761,14761,14761,82518,82518,82518,591,591,591,0.01,0.31,0.83,0.00,0.13,0.37,0.00,0.08,0.25,0.00,0.00,0.00,0.00,0.02,0.05,0.00,0.00,0.00,0.00,0.08,0.24,432454,672237,1071943,448180,834721,1475560,0,0,0,0,31734389,126937556,0,187272,0,135.45,195.35,240.27
246,1,47,85,100,19898,19898,19898,77381,77381,77381,591,591,591,0.27,0.60,0.92,0.17,0.32,0.53,0.04,0.14,0.28,0.00,0.00,0.00,0.01,0.03,0.08,0.00,0.00,0.00,0.13,0.25,0.45,359039,621736,1079728,935453,1134062,1347039,0,10587822,42351288,0,0,0,0,296783,0,347.23,378.15,416.81
246,2,77,91,100,14710,14710,14710,82569,82569,82569,591,591,591,0.55,0.75,0.95,0.29,0.38,0.54,0.10,0.19,0.34,0.00,0.00,0.00,0.01,0.04,0.10,0.00,0.00,0.00,0.20,0.30,0.46,382612,629526,1116479,1197325,1260313,1402040,0,10584673,42338692,0,0,0,0,433474,0,452.48,461.07,475.02
246,3,73,93,100,9532,9532,9532,87747,87747,87747,591,591,591,0.52,0.76,0.96,0.27,0.38,0.54,0.14,0.20,0.36,0.00,0.00,0.00,0.01,0.04,0.11,0.00,0.00,0.00,0.18,0.29,0.46,311890,823238,1851084,393139,1484438,2769101,0,10558705,42234823,0,0,0,0,403279,0,464.17,471.99,478.51
247,0,100,100,100,14761,14761,14761,82518,82518,82518,591,591,591,0.18,0.30,0.48,0.05,0.09,0.14,0.00,0.05,0.12,0.00,0.00,0.00,0.00,0.01,0.03,0.00,0.00,0.00,0.00,0.02,0.06,427138,805045,1517424,477861,835036,1567219,36829991,491801646,1268703221,36827371,489979393,1268700600,0,223737,0,198.27,233.08,269.17
247,1,100,100,100,19898,19898,19898,77381,77381,77381,591,591,591,0.85,0.89,0.99,0.16,0.22,0.28,0.31,0.34,0.43,0.00,0.00,0.00,0.06,0.08,0.11,0.00,0.00,0.00,0.03,0.08,0.12,372137,603115,767218,419311,639576,813252,2620,540077462,1231457549,169265332,540617020,1120672381,0,469464,0,463.62,510.02,536.36
247,2,100,100,100,14710,14710,14710,82569,82569,82569,591,591,591,0.79,0.87,0.99,0.16,0.21,0.26,0.31,0.37,0.46,0.00,0.00,0.00,0.06,0.09,0.13,0.00,0.00,0.00,0.04,0.08,0.12,322336,406802,537239,343578,442421,568687,73463416,540377441,1231534317,0,541548766,1305501223,0,408650,0,480.98,508.03,525.14
247,3,99,99,100,9532,9532,9532,87747,87747,87747,591,591,591,0.79,0.87,0.99,0.15,0.21,0.26,0.30,0.37,0.47,0.00,0.00,0.00,0.06,0.10,0.13,0.00,0.00,0.00,0.03,0.08,0.12,314485,451806,691838,332830,489544,731147,71139593,540471746,1120742549,0,541553259,1305512385,0,439227,0,486.76,500.43,512.96
248,0,100,100,100,14761,14761,14761,82518,82518,82518,591,591,591,0.18,0.32,0.41,0.05,0.10,0.12,0.00,0.05,0.09,0.00,0.00,0.00,0.00,0.01,0.02,0.00,0.00,0.00,0.00,0.03,0.04,437678,1119084,3139867,450782,1151057,3173939,36829855,415390585,734570768,36824614,407489402,695059935,0,186879,0,227.91,231.34,236.03
248,1,100,100,100,19898,19898,19898,77381,77381,77381,591,591,591,0.56,0.83,0.94,0.12,0.22,0.26,0.18,0.30,0.35,0.00,0.00,0.00,0.05,0.08,0.10,0.00,0.00,0.00,0.03,0.08,0.10,223628,415816,673522,251582,454428,725936,2620,477966098,663463320,142425104,507432982,659445729,0,392730,0,502.81,519.00,529.58
248,2,100,100,100,14710,14710,14710,82569,82569,82569,591,591,591,0.80,0.88,0.98,0.15,0.20,0.25,0.31,0.37,0.44,0.00,0.00,0.00,0.06,0.09,0.12,0.00,0.00,0.00,0.04,0.07,0.10,327567,413539,534623,343306,446384,566071,71289770,492749965,660770595,0,477866946,664798614,0,400556,0,496.73,502.63,508.70
248,3,99,99,100,9532,9532,9532,87747,87747,87747,591,591,591,0.79,0.88,0.99,0.15,0.20,0.24,0.31,0.38,0.47,0.00,0.00,0.00,0.07,0.10,0.12,0.00,0.00,0.00,0.03,0.07,0.10,131037,483075,846517,159865,516444,862242,73812260,449921047,870338079,0,435156225,870338079,0,395727,0,489.84,493.38,496.86
249,0,100,100,100,14761,14761,14761,82518,82518,82518,591,591,591,0.20,0.37,0.56,0.05,0.11,0.16,0.01,0.07,0.15,0.00,0.00,0.00,0.00,0.02,0.03,0.00,0.00,0.00,0.00,0.03,0.06,647340,889108,1487587,694514,924877,1533281,439221463,584572331,685585763,436563542,592692493,681436967,0,190069,0,229.27,231.47,233.63
249,1,100,100,100,19898,19898,19898,77381,77381,77381,591,591,591,0.57,0.85,0.99,0.15,0.21,0.28,0.18,0.31,0.40,0.00,0.00,0.00,0.06,0.08,0.10,0.00,0.00,0.00,0.03,0.07,0.12,311686,355846,419304,343117,386766,432407,0,522110262,663454023,142426450,492571120,659428658,0,391658,0,498.34,501.15,504.00
249,2,100,100,100,14710,14710,14710,82569,82569,82569,591,591,591,0.80,0.87,0.99,0.15,0.21,0.27,0.31,0.37,0.46,0.00,0.00,0.00,0.07,0.09,0.11,0.00,0.00,0.00,0.03,0.08,0.13,330206,546152,1265791,382617,583366,1299860,2620,507402435,1231512606,0,522197502,1120725740,0,457029,0,499.64,502.12,504.00
249,3,100,100,100,9532,9532,9532,87747,87747,87747,591,591,591,0.79,0.87,0.99,0.15,0.21,0.27,0.31,0.37,0.47,0.00,0.00,0.00,0.08,0.10,0.11,0.00,0.00,0.00,0.03,0.08,0.13,319355,425484,581603,334933,460568,631380,71142361,506166508,654651914,0,520915963,664774682,0,395046,0,493.25,496.16,499.39
250,0,100,100,100,14761,14761,14761,82518,82518,82518,591,591,591,0.18,0.32,0.45,0.05,0.10,0.14,0.00,0.05,0.10,0.00,0.00,0.00,0.00,0.01,0.02,0.00,0.00,0.00,0.00,0.03,0.05,432419,893676,1944606,466488,933511,1957710,0,522200859,1268664698,0,522201883,1268659457,0,221907,0,223.27,228.16,231.56
250,1,100,100,100,19898,19898,19898,77381,77381,77381,591,591,591,0.67,0.86,0.95,0.17,0.22,0.26,0.22,0.31,0.35,0.00,0.00,0.00,0.06,0.08,0.10,0.00,0.00,0.00,0.06,0.08,0.10,353790,645588,1375823,387858,701497,1514716,0,477999168,663647327,142412434,507822454,664992128,0,450877,0,499.15,503.27,506.12
250,2,100,100,100,14710,14710,14710,82569,82569,82569,591,591,591,0.79,0.88,1.00,0.16,0.20,0.24,0.30,0.37,0.47,0.00,0.00,0.00,0.06,0.09,0.13,0.00,0.00,0.00,0.03,0.07,0.10,372109,534267,901530,424518,567112,912013,73967438,449948916,870334487,0,435152925,870330993,0,400129,0,493.22,502.01,508.60
250,3,99,99,100,9532,9532,9532,87747,87747,87747,591,591,591,0.78,0.87,0.99,0.15,0.21,0.27,0.31,0.37,0.46,0.00,0.00,0.00,0.06,0.10,0.13,0.00,0.00,0.00,0.03,0.08,0.13,309242,353269,453374,343312,388387,466478,0,522202811,1231708049,0,522203232,1305521479,0,297006,0,493.11,495.90,498.84
251,0,100,100,100,14761,14761,14761,82518,82518,82518,591,591,591,0.18,0.40,0.62,0.05,0.11,0.16,0.00,0.04,0.07,0.00,0.00,0.00,0.00,0.01,0.02,0.00,0.00,0.00,0.00,0.04,0.08,437654,609593,1268484,450776,673540,1344488,0,294016882,723543062,0,295482405,714001138,0,177159,0,221.13,239.84,264.47
251,1,100,100,100,19898,19898,19898,77381,77381,77381,591,591,591,0.92,0.95,0.97,0.18,0.20,0.22,0.13,0.19,0.39,0.00,0.00,0.00,0.04,0.05,0.09,0.00,0.00,0.00,0.04,0.08,0.09,343303,509963,823133,390474,556085,883426,0,428814921,762743120,157523846,398269649,595679907,0,296070,0,485.44,501.17,516.36
251,2,100,100,100,14710,14710,14710,82569,82569,82569,591,591,591,0.78,0.90,0.95,0.15,0.20,0.24,0.15,0.23,0.40,0.00,0.00,0.00,0.04,0.06,0.10,0.00,0.00,0.00,0.04,0.09,0.10,332806,396218,529252,356390,460684,581653,78814061,414126977,677599065,0,427902118,765994085,0,298005,0,490.00,499.01,504.82
251,3,100,100,100,9532,9532,9532,87747,87747,87747,591,591,591,0.88,0.91,0.94,0.18,0.20,0.21,0.15,0.26,0.39,0.00,0.00,0.00,0.05,0.07,0.11,0.00,0.00,0.00,0.05,0.08,0.10,314481,458445,749515,390474,519594,796687,73807633,383744829,681671792,0,376835643,708719432,0,446340,0,494.25,498.06,500.98
252,0,100,100,100,14761,14761,14761,82518,82518,82518,591,591,591,0.21,0.45,0.60,0.06,0.12,0.16,0.01,0.04,0.07,0.00,0.00,0.00,0.00,0.01,0.02,0.00,0.00,0.00,0.01,0.04,0.07,429839,469779,505791,474395,521540,579170,0,356618538,715067613,0,357291409,709705746,0,122416,0,230.16,241.21,264.90
252,1,100,100,100,19898,19898,19898,77381,77381,77381,591,591,591,0.95,0.96,0.97,0.17,0.19,0.20,0.12,0.14,0.16,0.00,0.00,0.00,0.03,0.04,0.05,0.00,0.00,0.00,0.06,0.07,0.08,327509,436319,741641,364291,475626,786192,0,188808040,755229542,0,189252394,588730515,0,392245,0,482.29,486.53,490.61
252,2,100,100,100,14710,14710,14710,82569,82569,82569,591,591,591,0.94,0.96,0.98,0.17,0.19,0.21,0.14,0.15,0.15,0.00,0.00,0.00,0.04,0.04,0.05,0.00,0.00,0.00,0.05,0.07,0.10,322348,573922,1242188,353796,613232,1276257,0,188816548,671075524,0,189260190,757040762,0,446154,0,493.05,495.04,498.37
252,3,100,100,100,9532,9532,9532,87747,87747,87747,591,591,591,0.94,0.96,0.99,0.16,0.19,0.21,0.15,0.15,0.16,0.00,0.00,0.00,0.04,0.05,0.05,0.00,0.00,0.00,0.05,0.07,0.10,309238,509070,710195,343307,547070,744331,0,188787425,671076092,0,189243604,756974418,0,393428,0,491.80,492.94,493.78
253,0,100,100,100,14761,14761,14761,82518,82518,82518,591,591,591,0.18,0.30,0.61,0.05,0.08,0.16,0.00,0.02,0.07,0.00,0.00,0.00,0.00,0.00,0.02,0.00,0.00,0.00,0.00,0.02,0.08,283329,503688,896455,293695,516776,910079,0,288507808,669449305,0,288561494,708049651,0,177516,0,178.14,198.94,230.10
253,1,100,100,100,19898,19898,19898,77381,77381,77381,591,591,591,0.95,0.96,0.97,0.20,0.21,0.22,0.13,0.13,0.15,0.00,0.00,0.00,0.04,0.04,0.04,0.00,0.00,0.00,0.06,0.08,0.09,319676,506885,796948,332778,535622,809598,0,286514286,708605919,0,286704859,563732880,0,387026,0,483.64,488.27,494.71
253,2,100,100,100,14710,14710,14710,82569,82569,82569,591,591,591,0.94,0.95,0.99,0.16,0.19,0.21,0.14,0.15,0.16,0.00,0.00,0.00,0.04,0.04,0.05,0.00,0.00,0.00,0.05,0.08,0.10,324970,491713,907180,356358,526488,936924,0,286516762,722123139,0,286697792,708605607,0,398837,0,490.62,493.73,495.58
253,3,100,100,100,9532,9532,9532,87747,87747,87747,591,591,591,0.94,0.95,0.98,0.16,0.19,0.21,0.14,0.15,0.16,0.00,0.00,0.00,0.04,0.05,0.05,0.00,0.00,0.00,0.05,0.08,0.10,311800,423336,555407,345863,458789,584225,0,284036377,630001646,0,283698955,709792061,0,391573,0,484.67,489.19,492.27
254,0,85,97,100,14761,14761,14761,82518,82518,82518,591,591,591,0.18,0.45,0.88,0.05,0.18,0.39,0.00,0.15,0.40,0.00,0.00,0.00,0.00,0.03,0.07,0.00,0.00,0.00,0.00,0.10,0.25,421862,931868,2371768,505829,995282,2387493,0,0,0,0,0,0,0,293088,0,172.56,223.85,313.84
254,1,83,96,100,19898,19898,19898,77381,77381,77381,591,591,591,0.23,0.67,0.96,0.08,0.22,0.36,0.01,0.17,0.35,0.00,0.00,0.00,0.00,0.04,0.10,0.00,0.00,0.00,0.03,0.11,0.22,228843,472942,791427,330226,562042,917217,0,1607125927,0,0,1618117637,0,0,313629,0,371.85,410.01,482.77
254,2,84,94,100,14710,14710,14710,82569,82569,82569,591,591,591,0.77,0.87,0.95,0.14,0.25,0.34,0.11,0.20,0.33,0.00,0.00,0.00,0.03,0.05,0.07,0.00,0.00,0.00,0.04,0.14,0.25,317093,441838,867450,348550,524124,883174,0,0,0,0,0,0,0,383593,0,469.07,483.59,495.10
254,3,80,93,100,9532,9532,9532,87747,87747,87747,591,591,591,0.76,0.88,0.96,0.18,0.25,0.33,0.12,0.22,0.37,0.00,0.00,0.00,0.03,0.05,0.07,0.00,0.00,0.00,0.07,0.14,0.24,335449,527782,835990,351173,599059,993229,0,0,0,0,0,0,0,447221,0,476.85,487.72,494.45
255,0,99,99,100,14761,14761,14761,82518,82518,82518,591,591,591,0.92,0.95,0.96,0.21,0.24,0.33,0.13,0.17,0.24,0.00,0.00,0.00,0.06,0.08,0.11,0.00,0.00,0.00,0.08,0.11,0.18,463830,512586,639405,479553,555565,655128,0,0,0,0,0,0,0,424272,0,392.69,484.51,529.47
255,1,86,95,100,19898,19898,19898,77381,77381,77381,591,591,591,0.01,0.16,0.68,0.00,0.08,0.32,0.00,0.05,0.22,0.00,0.00,0.00,0.00,0.01,0.05,0.00,0.00,0.00,0.00,0.04,0.18,304031,394169,524184,319757,569221,964300,0,0,0,0,0,0,0,136579,0,225.35,346.08,416.01
255,2,64,91,100,14710,14710,14710,82569,82569,82569,591,591,591,0.11,0.67,0.95,0.06,0.26,0.35,0.02,0.22,0.38,0.00,0.00,0.00,0.00,0.07,0.14,0.00,0.00,0.00,0.05,0.13,0.18,277795,569772,1247590,316232,866276,1501834,0,0,0,0,0,0,0,335152,0,409.92,473.86,502.80
255,3,98,99,100,9532,9532,9532,87747,87747,87747,591,591,591,0.93,0.95,0.97,0.23,0.26,0.30,0.16,0.26,0.42,0.00,0.00,0.00,0.07,0.11,0.18,0.00,0.00,0.00,0.08,0.10,0.12,128414,464556,936427,144138,501770,978357,0,0,0,0,0,0,0,404298,0,496.68,502.77,509.52
256,0,99,99,100,14761,14761,14761,82518,82518,82518,591,591,591,0.98,0.99,0.99,0.22,0.27,0.29,0.42,0.43,0.45,0.00,0.00,0.00,0.18,0.18,0.20,0.00,0.00,0.00,0.05,0.08,0.08,306445,502015,676145,339528,535600,710214,0,0,0,0,0,0,0,427301,0,531.25,533.71,537.47
256,1,100,100,100,19898,19898,19898,77381,77381,77381,591,591,591,0.01,0.01,0.01,0.00,0.00,0.00,0.00,0.00,0.00,0.00,0.00,0.00,0.00,0.00,0.00,0.00,0.00,0.00,0.00,0.00,0.00,314514,334950,382660,330233,349103,395764,0,0,0,0,0,0,0,136247,0,151.28,154.36,164.72
256,2,100,100,100,14710,14710,14710,82569,82569,82569,591,591,591,0.01,0.01,0.01,0.00,0.00,0.00,0.00,0.00,0.00,0.00,0.00,0.00,0.00,0.00,0.00,0.00,0.00,0.00,0.00,0.00,0.00,304028,331806,364314,319731,345959,377419,0,0,0,0,0,0,0,110161,0,137.63,213.80,335.01
256,3,51,86,99,9532,9532,9532,87747,87747,87747,591,591,591,0.36,0.76,0.97,0.18,0.26,0.31,0.10,0.30,0.43,0.00,0.00,0.00,0.01,0.11,0.18,0.00,0.00,0.00,0.08,0.11,0.15,330211,407770,573926,366901,690793,1134714,0,0,0,0,0,0,0,335010,0,444.74,490.46,511.64
257,0,58,82,100,10187,13843,14761,82518,83435,87092,591,591,591,0.50,0.75,0.99,0.22,0.28,0.32,0.11,0.27,0.46,0.00,0.00,0.00,0.01,0.09,0.20,0.00,0.00,0.00,0.06,0.16,0.22,469039,930579,2012688,628942,1588029,3068825,0,0,0,0,0,0,0,409948,0,465.91,507.76,534.54
257,1,100,100,100,19898,19898,19898,77381,77381,77381,591,591,591,0.01,0.03,0.11,0.00,0.01,0.06,0.00,0.00,0.02,0.00,0.00,0.00,0.00,0.00,0.00,0.00,0.00,0.00,0.00,0.01,0.04,301355,583885,1347145,327316,689202,1360250,0,0,0,0,0,0,0,167321,0,149.84,153.37,164.82
257,2,90,98,100,14710,14710,14710,82569,82569,82569,591,591,591,0.01,0.01,0.03,0.00,0.00,0.01,0.00,0.00,0.01,0.00,0.00,0.00,0.00,0.00,0.00,0.00,0.00,0.00,0.00,0.00,0.01,293494,396483,733847,306596,458278,746952,0,0,0,0,0,0,0,146727,0,136.87,139.93,151.32
257,3,52,85,100,9532,9532,9532,87747,87747,87747,591,591,591,0.01,0.13,0.37,0.00,0.07,0.19,0.00,0.03,0.10,0.00,0.00,0.00,0.00,0.00,0.01,0.00,0.00,0.00,0.00,0.05,0.15,298781,540578,1341434,311885,807254,1545774,0,0,0,0,0,0,0,86578,0,217.05,290.30,410.84
258,0,100,100,100,10187,10187,10187,87092,87092,87092,591,591,591,0.87,0.89,0.97,0.14,0.37,0.55,0.15,0.28,0.38,0.00,0.00,0.00,0.02,0.07,0.12,0.00,0.00,0.00,0.03,0.26,0.48,497928,678700,891024,539859,1003085,1543482,0,195018466,721273909,0,152313313,761566565,0,412956,0,463.76,485.55,516.13
258,1,100,100,100,19898,19898,19898,77381,77381,77381,591,591,591,0.18,0.29,0.55,0.05,0.09,0.22,0.00,0.04,0.14,0.00,0.00,0.00,0.00,0.01,0.03,0.00,0.00,0.00,0.00,0.03,0.13,311875,389284,477018,332863,448688,634217,0,170833737,741438877,0,176629768,728020354,0,101788,0,197.68,224.36,246.09
258,2,100,100,100,14710,14710,14710,82569,82569,82569,591,591,591,0.21,0.54,0.86,0.06,0.19,0.47,0.01,0.14,0.31,0.00,0.00,0.00,0.00,0.03,0.07,0.00,0.00,0.00,0.01,0.10,0.36,211419,409677,733816,232386,593554,1257144,7865,168033198,670308103,0,185099970,692508440,0,134004,0,232.59,283.48,314.41
258,3,100,100,100,9532,9532,9532,87747,87747,87747,591,591,591,0.86,0.90,0.98,0.20,0.33,0.53,0.16,0.29,0.37,0.00,0.00,0.00,0.02,0.07,0.10,0.00,0.00,0.00,0.05,0.20,0.45,138891,511532,849126,172959,765658,1267634,0,173706346,741468000,0,187931970,728031364,0,467021,0,254.75,392.67,518.26
259,0,100,100,100,10187,10187,10187,87092,87092,87092,591,591,591,0.76,0.88,1.00,0.12,0.20,0.27,0.29,0.38,0.46,0.00,0.00,0.00,0.09,0.10,0.11,0.00,0.00,0.00,0.01,0.07,0.13,456002,596202,948684,495304,627650,959167,0,326371228,656763963,0,326373234,664804280,0,307037,0,506.91,512.29,518.07
259,1,100,100,100,19898,19898,19898,77381,77381,77381,591,591,591,0.18,0.28,0.35,0.05,0.09,0.10,0.00,0.04,0.07,0.00,0.00,0.00,0.00,0.01,0.02,0.00,0.00,0.00,0.00,0.02,0.03,298760,347786,460778,345932,383817,476486,0,487559836,660816696,0,488230729,658119902,0,168114,0,182.49,191.37,203.79
259,2,100,100,100,14710,14710,14710,82569,82569,82569,591,591,591,0.26,0.37,0.59,0.06,0.11,0.18,0.03,0.08,0.17,0.00,0.00,0.00,0.00,0.02,0.04,0.00,0.00,0.00,0.00,0.03,0.07,306651,543153,1168843,338102,574603,1216017,0,469107520,660787821,0,479022404,658112068,0,232320,0,205.91,231.13,256.95
259,3,99,99,100,9532,9532,9532,87747,87747,87747,591,591,591,0.19,0.63,0.93,0.05,0.16,0.22,0.00,0.20,0.33,0.00,0.00,0.00,0.00,0.04,0.07,0.00,0.00,0.00,0.00,0.05,0.10,301400,477185,773136,338048,503610,786240,0,378761140,870273613,0,379427933,870280601,0,295663,0,400.86,443.71,494.10
260,0,99,99,100,10187,10187,10187,87092,87092,87092,591,591,591,0.77,0.91,1.00,0.13,0.19,0.26,0.32,0.40,0.46,0.00,0.00,0.00,0.09,0.10,0.12,0.00,0.00,0.00,0.02,0.06,0.13,302345,530600,855505,312711,557699,901749,0,344046894,648733713,0,342954776,651707684,0,461226,0,498.43,505.98,511.46
260,1,100,100,100,19898,19898,19898,77381,77381,77381,591,591,591,0.18,0.24,0.34,0.05,0.07,0.10,0.00,0.02,0.06,0.00,0.00,0.00,0.00,0.00,0.01,0.00,0.00,0.00,0.00,0.01,0.03,314503,405630,534649,356006,429739,568719,0,261113129,660823694,0,261114184,658137344,0,183841,0,185.26,199.11,204.95
260,2,100,100,100,14710,14710,14710,82569,82569,82569,591,591,591,0.18,0.36,0.58,0.05,0.10,0.15,0.00,0.07,0.17,0.00,0.00,0.00,0.00,0.02,0.04,0.00,0.00,0.00,0.00,0.03,0.06,311898,380549,584421,327624,409903,618491,0,275869900,660786891,0,268474204,658116373,0,186312,0,223.67,251.39,264.38
260,3,100,100,100,9532,9532,9532,87747,87747,87747,591,591,591,0.18,0.72,0.99,0.05,0.18,0.28,0.00,0.24,0.38,0.00,0.00,0.00,0.00,0.06,0.10,0.00,0.00,0.00,0.00,0.06,0.12,314503,459154,691889,332813,491128,707613,0,261110977,660792938,0,261109427,658111901,0,295889,0,400.43,427.97,471.34
261,0,100,100,100,10187,10187,10187,87092,87092,87092,591,591,591,0.76,0.86,0.99,0.16,0.22,0.26,0.28,0.36,0.47,0.00,0.00,0.00,0.06,0.09,0.12,0.00,0.00,0.00,0.04,0.09,0.12,458617,1188606,2266895,471720,1221102,2316688,0,522139902,656904739,0,522141756,664933545,0,410457,0,507.62,511.93,514.93
261,1,100,100,100,19898,19898,19898,77381,77381,77381,591,591,591,0.19,0.30,0.35,0.05,0.09,0.10,0.00,0.04,0.07,0.00,0.00,0.00,0.00,0.01,0.02,0.00,0.00,0.00,0.00,0.03,0.03,303935,454659,576565,330238,489481,626360,0,518367776,660839128,0,518351422,658147474,0,155055,0,199.78,211.38,223.36
261,2,100,100,100,14710,14710,14710,82569,82569,82569,591,591,591,0.25,0.44,0.61,0.08,0.13,0.17,0.02,0.10,0.19,0.00,0.00,0.00,0.01,0.02,0.04,0.00,0.00,0.00,0.02,0.04,0.06,322292,765404,1271147,343254,798556,1297356,0,517343932,660756663,0,517323543,658083646,0,206999,0,241.87,263.08,288.56
261,3,100,100,100,9532,9532,9532,87747,87747,87747,591,591,591,0.61,0.83,0.97,0.12,0.21,0.28,0.16,0.28,0.36,0.00,0.00,0.00,0.03,0.07,0.10,0.00,0.00,0.00,0.01,0.07,0.12,123152,401056,628942,154595,432421,660389,0,517968290,660738086,0,517985835,658075563,0,404682,0,400.20,429.55,478.45
262,0,100,100,100,10187,10187,10187,87092,87092,87092,591,591,591,0.84,0.90,0.99,0.16,0.20,0.23,0.34,0.40,0.48,0.00,0.00,0.00,0.07,0.11,0.14,0.00,0.00,0.00,0.04,0.07,0.10,458618,637350,888414,484825,668275,919862,0,392449709,656766263,0,394056180,664806544,0,407574,0,505.43,511.96,518.43
262,1,100,100,100,19898,19898,19898,77381,77381,77381,591,591,591,0.18,0.27,0.35,0.05,0.08,0.10,0.00,0.04,0.07,0.00,0.00,0.00,0.00,0.01,0.02,0.00,0.00,0.00,0.00,0.02,0.03,309256,386303,542478,319739,415131,592271,0,393263033,660811137,0,392727323,658132690,0,179265,0,200.19,205.29,209.13
262,2,100,100,100,14710,14710,14710,82569,82569,82569,591,591,591,0.29,0.44,0.60,0.07,0.12,0.18,0.05,0.11,0.18,0.00,0.00,0.00,0.01,0.03,0.04,0.00,0.00,0.00,0.00,0.04,0.08,217530,465963,946104,248980,498460,977553,0,393242009,660805473,0,392706841,658127027,0,249320,0,241.55,253.06,262.47
262,3,100,100,100,9532,9532,9532,87747,87747,87747,591,591,591,0.37,0.73,0.99,0.08,0.18,0.28,0.08,0.24,0.38,0.00,0.00,0.00,0.02,0.07,0.10,0.00,0.00,0.00,0.01,0.06,0.12,314479,481177,783705,327582,512102,815158,0,393248209,660776300,0,392712545,658095352,0,404680,0,390.31,403.49,419.98
263,0,99,99,100,10187,10187,10187,87092,87092,87092,591,591,591,0.76,0.90,1.00,0.12,0.19,0.27,0.30,0.39,0.46,0.00,0.00,0.00,0.08,0.10,0.11,0.00,0.00,0.00,0.01,0.06,0.14,15723,439531,641191,31447,467305,654277,0,390849388,656980771,0,389243417,665029050,0,464746,0,508.03,512.90,516.84
263,1,100,100,100,19898,19898,19898,77381,77381,77381,591,591,591,0.18,0.27,0.37,0.05,0.08,0.11,0.00,0.03,0.07,0.00,0.00,0.00,0.00,0.01,0.02,0.00,0.00,0.00,0.00,0.02,0.04,0,273087,435051,167734,329172,487467,0,390047890,660776213,0,390585198,658087447,0,189435,0,182.88,198.98,207.40
263,2,100,100,100,14710,14710,14710,82569,82569,82569,591,591,591,0.18,0.39,0.67,0.05,0.11,0.17,0.00,0.08,0.18,0.00,0.00,0.00,0.00,0.02,0.05,0.00,0.00,0.00,0.00,0.04,0.07,309230,407267,710218,340699,462304,725942,0,390055521,660761989,0,390589720,658078500,0,201089,0,210.99,246.23,264.52
263,3,100,100,100,9532,9532,9532,87747,87747,87747,591,591,591,0.18,0.68,0.88,0.05,0.17,0.28,0.00,0.22,0.31,0.00,0.00,0.00,0.00,0.05,0.09,0.00,0.00,0.00,0.00,0.05,0.12,311864,401994,518776,327589,450739,531877,0,390009742,660615157,0,390545532,657942670,0,213911,0,397.35,419.20,450.83
264,0,100,100,100,10187,10187,10187,87092,87092,87092,591,591,591,0.76,0.90,0.99,0.14,0.20,0.25,0.15,0.26,0.47,0.00,0.00,0.00,0.04,0.07,0.11,0.00,0.00,0.00,0.02,0.08,0.12,461216,917233,2164665,487447,974363,2300939,0,289077044,628619113,0,286148951,765954049,0,400824,0,503.33,511.77,518.95
264,1,100,100,100,19898,19898,19898,77381,77381,77381,591,591,591,0.18,0.30,0.44,0.05,0.08,0.13,0.00,0.02,0.04,0.00,0.00,0.00,0.00,0.00,0.01,0.00,0.00,0.00,0.00,0.03,0.06,303284,471957,647354,328987,514016,705013,0,285340038,681724137,0,286026474,696976958,0,149845,0,206.99,219.14,227.17
264,2,100,100,100,14710,14710,14710,82569,82569,82569,591,591,591,0.18,0.49,0.93,0.05,0.12,0.22,0.00,0.05,0.11,0.00,0.00,0.00,0.00,0.01,0.03,0.00,0.00,0.00,0.00,0.04,0.09,307093,444758,686566,328753,488092,712771,0,284857389,742669022,0,285859068,736429598,0,146921,0,263.29,283.29,305.31
264,3,100,100,100,9532,9532,9532,87747,87747,87747,591,591,591,0.94,0.95,0.96,0.18,0.21,0.22,0.12,0.16,0.28,0.00,0.00,0.00,0.03,0.04,0.07,0.00,0.00,0.00,0.05,0.08,0.09,324944,411885,699526,364252,455763,736206,0,287574827,756217425,0,288558695,552974724,0,363570,0,413.78,453.18,489.00
265,0,100,100,100,10187,10187,10187,87092,87092,87092,591,591,591,0.94,0.96,0.99,0.17,0.18,0.22,0.14,0.15,0.16,0.00,0.00,0.00,0.04,0.05,0.05,0.00,0.00,0.00,0.05,0.07,0.11,458615,727491,1268408,490063,761559,1297235,0,294228724,746318140,0,293150069,757041938,0,301780,0,496.68,497.47,498.54
265,1,100,100,100,19898,19898,19898,77381,77381,77381,591,591,591,0.18,0.31,0.62,0.05,0.08,0.17,0.00,0.02,0.07,0.00,0.00,0.00,0.00,0.01,0.02,0.00,0.00,0.00,0.00,0.02,0.08,301404,412865,583552,314509,452875,634220,0,243572293,716786978,0,244177848,722154206,0,119592,0,191.89,208.37,221.27
265,2,100,100,100,14710,14710,14710,82569,82569,82569,591,591,591,0.18,0.50,0.82,0.05,0.12,0.19,0.00,0.05,0.10,0.00,0.00,0.00,0.00,0.01,0.03,0.00,0.00,0.00,0.00,0.04,0.07,309273,349607,482181,322377,391014,547694,0,293683308,751647072,0,294035036,748035955,0,237236,0,228.13,259.14,281.70
265,3,100,100,100,9532,9532,9532,87747,87747,87747,591,591,591,0.94,0.95,0.98,0.18,0.21,0.23,0.11,0.13,0.14,0.00,0.00,0.00,0.03,0.04,0.04,0.00,0.00,0.00,0.05,0.07,0.09,314484,939955,1802278,351174,980882,1830487,0,273505599,751791343,0,273709271,748187772,0,399421,0,443.48,447.00,451.45
266,0,100,100,100,10187,10187,10187,87092,87092,87092,591,591,591,0.93,0.96,1.00,0.14,0.18,0.22,0.14,0.15,0.16,0.00,0.00,0.00,0.04,0.05,0.05,0.00,0.00,0.00,0.02,0.07,0.11,446707,603123,952352,475275,636642,985723,0,146924895,734624477,0,148026262,740131311,0,452897,0,498.92,502.75,507.51
266,1,100,100,100,19898,19898,19898,77381,77381,77381,591,591,591,0.18,0.24,0.48,0.05,0.07,0.13,0.00,0.01,0.05,0.00,0.00,0.00,0.00,0.00,0.01,0.00,0.00,0.00,0.00,0.01,0.06,39228,365335,555635,52305,378958,568740,0,144456375,722281879,0,144086324,720431622,0,165249,0,179.53,185.77,194.98
266,2,100,100,100,14710,14710,14710,82569,82569,82569,591,591,591,0.18,0.39,0.56,0.05,0.10,0.14,0.00,0.03,0.06,0.00,0.00,0.00,0.00,0.01,0.02,0.00,0.00,0.00,0.00,0.03,0.06,204430,399938,584483,213167,414266,597588,0,144423170,722115852,0,144070457,720352287,0,174872,0,202.03,225.57,288.26
266,3,100,100,100,9532,9532,9532,87747,87747,87747,591,591,591,0.23,0.70,0.99,0.07,0.15,0.21,0.01,0.08,0.13,0.00,0.00,0.00,0.00,0.02,0.04,0.00,0.00,0.00,0.02,0.04,0.07,311898,440274,576544,327624,462288,613233,0,144420039,722100198,0,144064158,720320793,0,260961,0,351.50,394.57,446.17
267,0,100,100,100,10187,10187,10187,87092,87092,87092,591,591,591,0.93,0.95,0.97,0.16,0.20,0.22,0.14,0.15,0.16,0.00,0.00,0.00,0.04,0.05,0.05,0.00,0.00,0.00,0.06,0.08,0.11,324949,930342,2397959,333684,953055,2450374,0,217172915,708706708,0,236231893,708709329,0,402689,0,496.72,500.92,507.85
267,1,100,100,100,19898,19898,19898,77381,77381,77381,591,591,591,0.18,0.20,0.29,0.05,0.05,0.08,0.00,0.00,0.01,0.00,0.00,0.00,0.00,0.00,0.00,0.00,0.00,0.00,0.00,0.00,0.02,301391,370192,594964,314495,384822,610689,0,269203640,708745479,0,259675607,708745479,0,132127,0,162.02,176.72,190.05
267,2,100,100,100,14710,14710,14710,82569,82569,82569,591,591,591,0.18,0.24,0.45,0.05,0.06,0.11,0.00,0.01,0.04,0.00,0.00,0.00,0.00,0.00,0.01,0.00,0.00,0.00,0.00,0.01,0.03,306647,339140,408862,319757,353817,424587,0,269201732,708723259,0,259669145,708723259,0,133233,0,160.57,197.15,223.62
267,3,100,100,100,9532,9532,9532,87747,87747,87747,591,591,591,0.18,0.55,0.96,0.05,0.12,0.19,0.00,0.06,0.13,0.00,0.00,0.00,0.00,0.02,0.04,0.00,0.00,0.00,0.00,0.04,0.07,193453,334838,516283,203816,347918,532008,0,225743053,708708055,0,219461524,708705435,0,170151,0,265.42,321.66,353.08
268,0,84,95,100,10187,10187,10187,87092,87092,87092,591,591,591,0.84,0.89,0.94,0.17,0.30,0.36,0.12,0.27,0.37,0.00,0.00,0.00,0.03,0.08,0.14,0.00,0.00,0.00,0.06,0.15,0.25,466447,737944,1176536,563405,844865,1236804,0,0,0,0,0,0,0,403749,0,488.54,495.32,503.37
268,1,83,92,100,19898,19898,19898,77381,77381,77381,591,591,591,0.20,0.70,0.90,0.07,0.27,0.36,0.00,0.23,0.38,0.00,0.00,0.00,0.00,0.06,0.12,0.00,0.00,0.00,0.04,0.15,0.24,345837,513107,801949,545068,670328,909400,0,0,0,0,0,0,0,402514,0,167.48,307.58,438.87
268,2,70,90,100,14710,14710,14710,82569,82569,82569,591,591,591,0.05,0.50,0.80,0.03,0.21,0.34,0.00,0.16,0.33,0.00,0.00,0.00,0.00,0.04,0.06,0.00,0.00,0.00,0.01,0.13,0.26,303999,449699,854232,359033,674563,1113646,0,0,0,0,0,0,0,333565,0,174.20,281.81,346.05
268,3,85,97,100,9532,9532,9532,87747,87747,87747,591,591,591,0.20,0.76,0.94,0.07,0.26,0.38,0.00,0.20,0.36,0.00,0.00,0.00,0.00,0.05,0.07,0.00,0.00,0.00,0.02,0.15,0.26,325910,480524,930094,359029,564947,974634,0,0,0,0,0,0,0,447516,0,208.36,326.75,457.58
269,0,62,87,100,10187,10187,10187,87092,87092,87092,591,591,591,0.01,0.25,0.68,0.00,0.12,0.30,0.00,0.08,0.23,0.00,0.00,0.00,0.00,0.02,0.06,0.00,0.00,0.00,0.00,0.07,0.17,441291,695908,1327617,572344,989145,1340408,0,645,2580,0,0,0,0,158071,0,277.26,383.93,483.25
269,1,100,100,100,19898,19898,19898,77381,77381,77381,591,591,591,0.01,0.07,0.25,0.00,0.03,0.13,0.00,0.02,0.06,0.00,0.00,0.00,0.00,0.00,0.00,0.00,0.00,0.00,0.00,0.02,0.10,0,264703,429818,13104,391159,896329,0,0,0,0,436,1747,0,137227,0,206.46,321.12,430.46
269,2,100,100,100,14710,14710,14710,82569,82569,82569,591,591,591,0.01,0.01,0.01,0.00,0.00,0.00,0.00,0.00,0.00,0.00,0.00,0.00,0.00,0.00,0.00,0.00,0.00,0.00,0.00,0.00,0.00,306650,555193,1187265,319755,567860,1200369,0,0,0,0,0,0,0,108953,0,136.44,219.85,336.14
269,3,93,97,99,9532,9532,9532,87747,87747,87747,591,591,591,0.92,0.96,0.97,0.27,0.30,0.32,0.37,0.40,0.42,0.00,0.00,0.00,0.15,0.16,0.17,0.00,0.00,0.00,0.09,0.09,0.10,338065,897589,2044165,393099,948037,2091338,0,0,0,0,0,0,0,310006,0,497.68,503.47,506.84
270,0,100,100,100,10187,10187,10187,87092,87092,87092,591,591,591,0.01,0.36,0.86,0.00,0.14,0.29,0.00,0.10,0.30,0.00,0.00,0.00,0.00,0.02,0.07,0.00,0.00,0.00,0.00,0.08,0.22,480462,826255,1973606,497898,978607,1986711,0,124215655,494277525,0,139365565,485325190,0,296033,0,153.50,229.61,299.87
270,1,91,98,100,19898,19898,19898,77381,77381,77381,591,591,591,0.01,0.33,0.83,0.00,0.13,0.38,0.00,0.08,0.24,0.00,0.00,0.00,0.00,0.02,0.05,0.00,0.00,0.00,0.00,0.07,0.25,296761,459806,788898,326438,595723,987977,0,165317615,699645984,0,179694596,686971775,0,264279,0,170.79,224.10,280.01
270,2,98,99,100,14710,14710,14710,82569,82569,82569,591,591,591,0.01,0.22,0.61,0.00,0.08,0.27,0.00,0.04,0.16,0.00,0.00,0.00,0.00,0.01,0.03,0.00,0.00,0.00,0.00,0.04,0.17,324998,371634,400981,338103,467563,760112,0,173709933,741475816,0,187940957,728041612,0,185804,0,136.07,174.60,201.88
270,3,65,87,100,9532,9532,9532,87747,87747,87747,591,591,591,0.48,0.72,0.88,0.21,0.33,0.47,0.13,0.22,0.38,0.00,0.00,0.00,0.01,0.04,0.09,0.00,0.00,0.00,0.08,0.23,0.36,224134,355110,482191,258884,943318,1370576,0,146409827,478197518,0,100982250,504911250,0,382239,0,468.15,476.23,490.66
271,0,100,100,100,10187,10187,10187,87092,87092,87092,591,591,591,0.36,0.46,0.58,0.08,0.14,0.17,0.07,0.11,0.17,0.00,0.00,0.00,0.02,0.03,0.04,0.00,0.00,0.00,0.02,0.05,0.06,450688,657781,744294,487371,700235,796709,644607106,783278883,1305543960,647277171,783279891,1305525614,0,182365,0,309.03,321.21,347.17
271,1,100,100,100,19898,19898,19898,77381,77381,77381,591,591,591,0.31,0.40,0.49,0.08,0.12,0.15,0.05,0.09,0.13,0.00,0.00,0.00,0.01,0.02,0.03,0.00,0.00,0.00,0.01,0.04,0.06,309662,673628,1153204,327604,716071,1205623,633088044,785853933,1329804631,635710363,785842743,1329807301,0,168161,0,274.30,290.71,319.17
271,2,100,100,100,14710,14710,14710,82569,82569,82569,591,591,591,0.24,0.28,0.36,0.06,0.09,0.11,0.02,0.04,0.07,0.00,0.00,0.00,0.00,0.01,0.02,0.00,0.00,0.00,0.01,0.03,0.04,304012,358519,524137,319737,402024,594896,644750586,783311861,1305488370,647418560,783313480,1305493612,0,145320,0,198.28,207.66,217.26
271,3,99,99,100,9532,9532,9532,87747,87747,87747,591,591,591,0.82,0.84,0.88,0.21,0.23,0.24,0.34,0.35,0.38,0.00,0.00,0.00,0.07,0.09,0.09,0.00,0.00,0.00,0.08,0.09,0.11,317077,598156,935588,351143,647424,988002,631950197,787000277,1340850469,624117929,787040720,1340855852,0,396772,0,487.87,493.16,504.96
272,0,100,100,100,10187,10187,10187,87092,87092,87092,591,591,591,0.36,0.55,0.67,0.12,0.16,0.21,0.07,0.15,0.19,0.00,0.00,0.00,0.02,0.03,0.04,0.00,0.00,0.00,0.05,0.06,0.09,445537,534846,746921,492702,584445,799336,644720399,780582004,1305528976,644491998,780593674,1305534218,0,252748,0,290.84,316.18,328.16
272,1,100,100,100,19898,19898,19898,77381,77381,77381,591,591,591,0.32,0.42,0.50,0.11,0.13,0.16,0.05,0.10,0.13,0.00,0.00,0.00,0.01,0.02,0.03,0.00,0.00,0.00,0.04,0.05,0.07,338082,531304,967060,387877,577427,1003750,644660348,696257230,870308534,647335864,696257534,870310281,0,256971,0,264.25,284.30,303.60
272,2,100,100,100,14710,14710,14710,82569,82569,82569,591,591,591,0.26,0.29,0.33,0.08,0.09,0.11,0.03,0.04,0.06,0.00,0.00,0.00,0.01,0.01,0.01,0.00,0.00,0.00,0.02,0.03,0.04,213149,492877,1019462,260321,540575,1092842,644732641,696279832,870329399,647403161,696279470,870322411,0,159644,0,192.19,202.82,214.41
272,3,100,100,100,9532,9532,9532,87747,87747,87747,591,591,591,0.82,0.84,0.90,0.20,0.22,0.23,0.34,0.36,0.39,0.00,0.00,0.00,0.09,0.09,0.10,0.00,0.00,0.00,0.07,0.09,0.10,322348,546670,854346,372142,592794,904139,648687848,783292551,1305488882,640661076,783292652,1305491503,0,393089,0,488.60,491.17,494.07
273,0,100,100,100,10187,10187,10187,87092,87092,87092,591,591,591,0.35,0.63,0.78,0.11,0.17,0.20,0.06,0.12,0.18,0.00,0.00,0.00,0.02,0.03,0.04,0.00,0.00,0.00,0.03,0.07,0.09,573902,1346012,2256477,655140,1427992,2288422,587305740,680478105,756479993,589755195,681881413,750108967,0,276075,0,301.39,318.41,333.04
273,1,100,100,100,19898,19898,19898,77381,77381,77381,591,591,591,0.32,0.48,0.64,0.10,0.14,0.19,0.03,0.08,0.17,0.00,0.00,0.00,0.01,0.02,0.04,0.00,0.00,0.00,0.03,0.06,0.08,309257,458290,779270,393109,543430,825564,0,676474717,1305559278,0,677997607,1305559278,0,250362,0,268.29,295.56,309.94
273,2,100,100,100,14710,14710,14710,82569,82569,82569,591,591,591,0.21,0.32,0.40,0.06,0.09,0.12,0.01,0.03,0.07,0.00,0.00,0.00,0.00,0.01,0.01,0.00,0.00,0.00,0.01,0.03,0.05,317099,419321,757405,348547,503710,807200,0,677683585,1305543292,0,679195744,1305543292,0,171250,0,196.12,206.95,217.09
273,3,99,99,100,9532,9532,9532,87747,87747,87747,591,591,591,0.82,0.86,0.92,0.21,0.21,0.22,0.16,0.31,0.37,0.00,0.00,0.00,0.05,0.08,0.10,0.00,0.00,0.00,0.08,0.09,0.11,311863,378938,631593,359035,450214,665662,648724917,679899815,746875544,640689857,675366653,765969017,0,386059,0,480.89,487.52,492.51
274,0,100,100,100,10187,10187,10187,87092,87092,87092,591,591,591,0.18,0.54,0.77,0.05,0.14,0.20,0.00,0.06,0.10,0.00,0.00,0.00,0.00,0.02,0.03,0.00,0.00,0.00,0.00,0.05,0.09,442863,703738,1378587,453345,742174,1441488,0,387996389,722240556,0,388229806,722021613,0,234239,0,277.84,313.12,342.87
274,1,100,100,100,19898,19898,19898,77381,77381,77381,591,591,591,0.18,0.48,0.77,0.05,0.13,0.20,0.00,0.05,0.09,0.00,0.00,0.00,0.00,0.01,0.02,0.00,0.00,0.00,0.00,0.05,0.09,309241,347795,421947,322345,390399,479605,0,435363229,751731188,0,435342289,748119692,0,207677,0,253.64,290.57,331.73
274,2,100,100,100,14710,14710,14710,82569,82569,82569,591,591,591,0.18,0.32,0.46,0.05,0.09,0.13,0.00,0.02,0.05,0.00,0.00,0.00,0.00,0.01,0.01,0.00,0.00,0.00,0.00,0.03,0.06,309236,388933,529409,322339,431916,558239,0,438160219,751804020,0,438160203,748216088,0,160541,0,183.18,203.19,218.78
274,3,100,100,100,9532,9532,9532,87747,87747,87747,591,591,591,0.93,0.95,0.98,0.19,0.20,0.21,0.14,0.15,0.16,0.00,0.00,0.00,0.04,0.04,0.05,0.00,0.00,0.00,0.03,0.09,0.14,317106,545596,914621,372141,599533,972276,0,386980402,724828914,0,386246853,724875299,0,430621,0,473.87,476.92,483.36
275,0,92,98,100,10187,10187,10187,87092,87092,87092,591,591,591,0.18,0.51,0.90,0.05,0.17,0.38,0.00,0.13,0.40,0.00,0.00,0.00,0.00,0.03,0.07,0.00,0.00,0.00,0.01,0.11,0.37,437683,820529,1873841,450787,902986,2084584,0,0,0,0,0,0,0,310516,0,219.55,274.25,346.33
275,1,33,84,100,19898,19898,19898,77381,77381,77381,591,591,591,0.18,0.38,0.82,0.05,0.14,0.34,0.00,0.10,0.37,0.00,0.00,0.00,0.00,0.02,0.07,0.00,0.00,0.00,0.00,0.08,0.24,303999,527808,938220,317102,659892,1394227,0,0,0,0,0,0,0,253997,0,214.33,248.35,283.44
275,2,92,98,100,14710,14710,14710,82569,82569,82569,591,591,591,0.18,0.46,0.89,0.05,0.16,0.35,0.00,0.11,0.33,0.00,0.00,0.00,0.00,0.03,0.07,0.00,0.00,0.00,0.00,0.09,0.26,317132,619533,1032552,330237,687147,1045656,0,0,0,0,0,0,0,291234,0,166.00,225.88,349.05
275,3,85,94,100,9532,9532,9532,87747,87747,87747,591,591,591,0.81,0.88,0.95,0.19,0.26,0.35,0.13,0.21,0.36,0.00,0.00,0.00,0.04,0.05,0.07,0.00,0.00,0.00,0.08,0.14,0.25,330199,603781,854279,364197,698645,1105846,0,0,0,0,0,0,0,386000,0,481.42,484.11,485.94
276,0,97,99,100,10187,10187,10187,87092,87092,87092,591,591,591,0.93,0.95,0.97,0.19,0.22,0.24,0.16,0.16,0.16,0.00,0.00,0.00,0.07,0.07,0.08,0.00,0.00,0.00,0.08,0.10,0.11,476913,571518,766116,490015,590712,790480,0,0,0,0,0,0,0,431437,0,407.69,483.86,523.78
276,1,93,98,100,19898,19898,19898,77381,77381,77381,591,591,591,0.01,0.02,0.05,0.00,0.01,0.03,0.00,0.00,0.01,0.00,0.00,0.00,0.00,0.00,0.00,0.00,0.00,0.00,0.00,0.00,0.02,200935,398163,673584,211419,436167,791526,0,655,2620,0,0,0,0,120239,0,167.92,225.95,266.05
276,2,71,91,98,14710,14710,14710,82569,82569,82569,591,591,591,0.51,0.82,0.95,0.27,0.32,0.37,0.13,0.28,0.38,0.00,0.00,0.00,0.01,0.10,0.15,0.00,0.00,0.00,0.11,0.15,0.20,327530,439772,547638,408758,803575,1260556,0,0,0,0,643,2572,0,285256,0,420.62,474.92,507.77
276,3,73,90,100,9532,9532,9532,87747,87747,87747,591,591,591,0.01,0.18,0.61,0.00,0.09,0.29,0.00,0.06,0.20,0.00,0.00,0.00,0.00,0.01,0.05,0.00,0.00,0.00,0.00,0.05,0.15,293545,342023,421949,309270,522207,825559,0,0,0,0,0,0,0,89594,0,253.81,348.44,444.33
277,0,99,99,100,10187,10187,10187,87092,87092,87092,591,591,591,0.98,0.98,0.99,0.22,0.26,0.29,0.42,0.44,0.46,0.00,0.00,0.00,0.18,0.19,0.20,0.00,0.00,0.00,0.05,0.07,0.09,440207,577058,775716,469030,609554,812405,0,0,0,0,0,0,0,320418,0,535.23,537.54,539.07
277,1,100,100,100,19898,19898,19898,77381,77381,77381,591,591,591,0.01,0.01,0.01,0.00,0.00,0.00,0.00,0.00,0.00,0.00,0.00,0.00,0.00,0.00,0.00,0.00,0.00,0.00,0.00,0.00,0.00,304585,440654,610649,317602,454829,626374,0,0,0,0,0,0,0,89560,0,149.24,149.65,150.12
277,2,100,100,100,14710,14710,14710,82569,82569,82569,591,591,591,0.01,0.01,0.01,0.00,0.00,0.00,0.00,0.00,0.00,0.00,0.00,0.00,0.00,0.00,0.00,0.00,0.00,0.00,0.00,0.00,0.00,309270,343667,372177,322374,358403,387902,0,0,0,0,0,0,0,109096,0,136.29,255.91,399.32
277,3,100,100,100,9532,9532,9532,87747,87747,87747,591,591,591,0.01,0.01,0.01,0.00,0.00,0.00,0.00,0.00,0.00,0.00,0.00,0.00,0.00,0.00,0.00,0.00,0.00,0.00,0.00,0.00,0.00,298784,336527,385280,309268,350680,401006,0,0,0,0,0,0,0,114800,0,143.41,153.07,184.88
278,0,46,78,100,10187,10187,10187,87092,87092,87092,591,591,591,0.34,0.73,0.99,0.18,0.24,0.29,0.09,0.30,0.44,0.00,0.00,0.00,0.01,0.11,0.19,0.00,0.00,0.00,0.07,0.10,0.14,461231,558204,773114,497919,848058,1242219,0,0,0,0,0,0,0,337048,0,441.16,504.92,534.62
278,1,100,100,100,19898,19898,19898,77381,77381,77381,591,591,591,0.01,0.01,0.01,0.00,0.00,0.00,0.00,0.00,0.00,0.00,0.00,0.00,0.00,0.00,0.00,0.00,0.00,0.00,0.00,0.00,0.00,304029,386849,542535,317134,401002,555640,0,0,0,0,0,0,0,119191,0,148.73,148.89,149.08
278,2,100,100,100,14710,14710,14710,82569,82569,82569,591,591,591,0.01,0.01,0.01,0.00,0.00,0.00,0.00,0.00,0.00,0.00,0.00,0.00,0.00,0.00,0.00,0.00,0.00,0.00,0.00,0.00,0.00,298784,451325,1022174,314510,464954,1032658,0,0,0,0,0,0,0,108604,0,135.47,135.67,135.92
278,3,100,100,100,9532,9532,9532,87747,87747,87747,591,591,591,0.01,0.01,0.01,0.00,0.00,0.00,0.00,0.00,0.00,0.00,0.00,0.00,0.00,0.00,0.00,0.00,0.00,0.00,0.00,0.00,0.00,225399,413584,933063,235883,426689,946167,0,0,0,0,0,0,0,114224,0,142.40,142.61,142.98
279,0,50,80,100,10186,10186,10187,87092,87092,87093,591,591,591,0.34,0.68,0.99,0.15,0.32,0.56,0.09,0.19,0.48,0.00,0.00,0.00,0.01,0.04,0.14,0.00,0.00,0.00,0.04,0.25,0.47,476962,812540,1251428,1129509,1343696,1767194,0,41729311,126823443,0,0,0,0,426692,0,349.16,395.52,464.11
279,1,100,100,100,19898,19898,19899,77381,77381,77381,591,591,591,0.01,0.13,0.26,0.00,0.04,0.10,0.00,0.01,0.04,0.00,0.00,0.00,0.00,0.00,0.01,0.00,0.00,0.00,0.00,0.01,0.05,303996,472796,697128,319720,524688,898928,0,25359936,84445218,0,42304245,169292066,0,138214,0,148.79,161.14,167.45
279,2,95,98,100,14710,14710,14711,82569,82569,82569,591,591,591,0.01,0.39,0.86,0.00,0.15,0.38,0.00,0.11,0.32,0.00,0.00,0.00,0.00,0.02,0.08,0.00,0.00,0.00,0.00,0.10,0.31,314514,388920,503187,332845,561882,1129483,0,25386387,126929316,0,42299763,211498818,0,268808,0,135.47,217.49,296.74
279,3,99,99,100,9532,9532,9532,87747,87747,87747,591,591,591,0.01,0.19,0.58,0.00,0.07,0.26,0.00,0.03,0.16,0.00,0.00,0.00,0.00,0.01,0.03,0.00,0.00,0.00,0.00,0.03,0.17,296167,479053,629005,309272,572361,770600,0,25414661,84713896,0,42332446,169309215,0,172231,0,142.48,181.39,200.38
280,0,100,100,100,10186,10186,10186,87093,87093,87093,591,591,591,0.79,0.88,0.96,0.14,0.19,0.22,0.31,0.38,0.44,0.00,0.00,0.00,0.06,0.10,0.14,0.00,0.00,0.00,0.03,0.07,0.09,461242,557153,812414,487442,584932,841241,0,338896701,721284408,0,380846635,761580271,0,407853,0,499.52,513.73,522.61
280,1,100,100,100,19899,19899,19899,77380,77380,77381,591,591,591,0.18,0.19,0.20,0.05,0.05,0.06,0.00,0.00,0.01,0.00,0.00,0.00,0.00,0.00,0.00,0.00,0.00,0.00,0.00,0.00,0.01,311894,431400,749556,324998,455512,796731,0,277237823,741452895,0,275090832,728028972,0,128908,0,156.13,162.05,167.95
280,2,100,100,100,14711,14711,14711,82568,82568,82569,591,591,591,0.18,0.31,0.43,0.05,0.09,0.14,0.00,0.05,0.10,0.00,0.00,0.00,0.00,0.01,0.03,0.00,0.00,0.00,0.00,0.02,0.06,303990,350441,427222,317093,375043,442948,0,276798215,741430881,0,274644811,728002305,0,179339,0,213.69,265.06,334.90
280,3,100,100,100,9532,9532,9532,87747,87747,87747,591,591,591,0.18,0.22,0.28,0.05,0.06,0.08,0.00,0.01,0.04,0.00,0.00,0.00,0.00,0.00,0.01,0.00,0.00,0.00,0.00,0.01,0.03,290910,311883,330228,304014,337568,366928,0,277255615,741493371,0,275100757,728048365,0,138757,0,157.38,175.59,199.64
281,0,99,99,100,10186,10186,10186,87093,87093,87093,591,591,591,0.75,0.88,1.00,0.12,0.21,0.28,0.29,0.38,0.46,0.00,0.00,0.00,0.09,0.10,0.12,0.00,0.00,0.00,0.01,0.08,0.13,440274,530424,783579,455998,566065,833372,0,457298673,981012531,0,421800926,803526452,0,399785,0,503.44,508.29,512.80
281,1,100,100,100,19899,19899,19899,77380,77380,77380,591,591,591,0.18,0.20,0.21,0.05,0.06,0.06,0.00,0.01,0.01,0.00,0.00,0.00,0.00,0.00,0.00,0.00,0.00,0.00,0.00,0.00,0.01,224808,313197,397237,268376,343505,432129,0,437913529,868119995,0,437902137,868114767,0,129007,0,161.45,162.02,162.46
281,2,100,100,100,14711,14711,14711,82568,82568,82568,591,591,591,0.31,0.43,0.49,0.08,0.12,0.14,0.05,0.10,0.13,0.00,0.00,0.00,0.01,0.02,0.03,0.00,0.00,0.00,0.01,0.04,0.06,314466,738367,1795341,348533,771213,1808445,0,479210364,660778479,0,479031485,658107973,0,238541,0,241.09,259.80,272.50
281,3,100,100,100,9532,9532,9532,87747,87747,87747,591,591,591,0.18,0.25,0.29,0.05,0.07,0.09,0.00,0.02,0.04,0.00,0.00,0.00,0.00,0.01,0.01,0.00,0.00,0.00,0.00,0.02,0.02,0,362705,725888,34071,395203,754714,0,522213557,660826701,0,522214047,658145507,0,160627,0,176.44,183.56,189.89
282,0,100,100,100,10186,10186,10186,87093,87093,87093,591,591,591,0.76,0.90,1.00,0.16,0.19,0.26,0.29,0.40,0.47,0.00,0.00,0.00,0.06,0.10,0.13,0.00,0.00,0.00,0.03,0.07,0.12,437651,762367,1461123,450755,788482,1481630,0,385357577,656732974,0,394049921,664782564,0,456870,0,501.80,506.37,513.98
282,1,100,100,100,19899,19899,19899,77380,77380,77380,591,591,591,0.18,0.20,0.21,0.05,0.05,0.06,0.00,0.00,0.01,0.00,0.00,0.00,0.00,0.00,0.00,0.00,0.00,0.00,0.00,0.00,0.01,314496,435590,539922,343324,463371,563472,0,393276252,660832971,0,392736903,658128302,0,146802,0,158.56,162.61,166.32
282,2,100,100,100,14711,14711,14711,82568,82568,82568,591,591,591,0.18,0.41,0.60,0.05,0.11,0.17,0.00,0.10,0.17,0.00,0.00,0.00,0.00,0.02,0.04,0.00,0.00,0.00,0.00,0.03,0.06,319758,401507,615881,332863,431384,642089,0,393264033,660827336,0,392730954,658154001,0,236946,0,230.27,248.78,262.16
282,3,100,100,100,9532,9532,9532,87747,87747,87747,591,591,591,0.19,0.24,0.30,0.05,0.07,0.10,0.00,0.02,0.05,0.00,0.00,0.00,0.00,0.00,0.01,0.00,0.00,0.00,0.00,0.01,0.03,304004,368664,538148,319728,396620,583576,0,350274956,660769497,0,349563019,658104217,0,151617,0,174.72,178.57,186.18
283,0,99,99,100,10186,10186,10186,87093,87093,87093,591,591,591,0.76,0.86,0.99,0.16,0.21,0.25,0.29,0.36,0.47,0.00,0.00,0.00,0.06,0.09,0.12,0.00,0.00,0.00,0.04,0.08,0.12,466434,698068,1055947,513602,729375,1087390,0,519296774,656700711,0,519330173,664727056,0,406207,0,502.89,507.20,510.71
283,1,100,100,100,19899,19899,19899,77380,77380,77380,591,591,591,0.18,0.20,0.21,0.05,0.05,0.06,0.00,0.00,0.01,0.00,0.00,0.00,0.00,0.00,0.00,0.00,0.00,0.00,0.00,0.00,0.01,301392,353816,511091,335480,385265,524196,0,390051436,660809552,0,390588167,658131111,0,130736,0,161.62,162.96,165.77
283,2,100,100,100,14711,14711,14711,82568,82568,82568,591,591,591,0.18,0.38,0.60,0.05,0.11,0.17,0.00,0.08,0.16,0.00,0.00,0.00,0.00,0.02,0.04,0.00,0.00,0.00,0.00,0.03,0.06,311868,349613,482201,324972,382636,495304,0,390057592,1305563476,0,390591700,1305558234,0,160934,0,228.41,254.70,282.71
283,3,100,100,100,9532,9532,9532,87747,87747,87747,591,591,591,0.19,0.24,0.33,0.05,0.07,0.11,0.01,0.02,0.05,0.00,0.00,0.00,0.00,0.00,0.01,0.00,0.00,0.00,0.00,0.01,0.04,301389,360090,573931,324964,391540,605379,0,390039883,660762478,0,390575550,658097247,0,109821,0,173.99,180.96,190.28
284,0,100,100,100,10186,10186,10186,87093,87093,87093,591,591,591,0.86,0.90,0.99,0.17,0.19,0.22,0.35,0.40,0.47,0.00,0.00,0.00,0.07,0.10,0.14,0.00,0.00,0.00,0.04,0.06,0.09,440293,615838,815025,474363,647940,843852,0,326337275,656755763,0,326338956,664782845,0,309316,0,502.80,510.87,516.75
284,1,100,100,100,19899,19899,19899,77380,77380,77380,591,591,591,0.18,0.19,0.20,0.05,0.05,0.06,0.00,0.00,0.01,0.00,0.00,0.00,0.00,0.00,0.00,0.00,0.00,0.00,0.00,0.00,0.01,314508,397564,523583,330233,425670,536416,0,326387489,660837353,0,326387447,658156178,0,95987,0,158.66,161.76,163.12
284,2,100,100,100,14711,14711,14711,82568,82568,82568,591,591,591,0.20,0.33,0.50,0.05,0.09,0.13,0.01,0.06,0.14,0.00,0.00,0.00,0.00,0.02,0.04,0.00,0.00,0.00,0.00,0.02,0.04,206172,382685,673477,239369,405300,686579,0,435787233,660753642,0,434907142,658088478,0,225916,0,233.19,255.48,276.33
284,3,100,100,100,9532,9532,9532,87747,87747,87747,591,591,591,0.18,0.23,0.28,0.05,0.07,0.08,0.00,0.02,0.04,0.00,0.00,0.00,0.00,0.00,0.01,0.00,0.00,0.00,0.00,0.01,0.02,298767,317117,351198,314491,344636,385269,0,326400202,660823698,0,326399559,658145157,0,139798,0,170.96,178.16,183.70
285,0,100,100,100,10186,10186,10186,87093,87093,87093,591,591,591,0.82,0.89,1.00,0.12,0.20,0.27,0.15,0.35,0.46,0.00,0.00,0.00,0.05,0.09,0.12,0.00,0.00,0.00,0.01,0.08,0.14,463875,549807,749444,492664,604317,765166,0,418840412,746911638,0,414304869,765998306,0,455941,0,512.47,516.71,521.78
285,1,100,100,100,19899,19899,19899,77380,77380,77380,591,591,591,0.18,0.21,0.23,0.05,0.06,0.06,0.00,0.01,0.01,0.00,0.00,0.00,0.00,0.00,0.00,0.00,0.00,0.00,0.00,0.01,0.01,221897,393999,521549,260336,467208,618513,0,461714134,870370133,0,462689085,870375375,0,132524,0,160.75,163.29,166.81
285,2,100,100,100,14711,14711,14711,82568,82568,82568,591,591,591,0.41,0.53,0.61,0.09,0.13,0.18,0.03,0.09,0.17,0.00,0.00,0.00,0.01,0.02,0.04,0.00,0.00,0.00,0.02,0.05,0.06,338021,595441,1276416,385187,660959,1373392,0,416535435,756409780,0,418045745,750052338,0,223066,0,248.49,272.63,295.31
285,3,100,100,100,9532,9532,9532,87747,87747,87747,591,591,591,0.18,0.26,0.32,0.05,0.08,0.10,0.00,0.02,0.04,0.00,0.00,0.00,0.00,0.00,0.01,0.00,0.00,0.00,0.00,0.02,0.04,0,447097,1050889,172983,511047,1077096,0,397443271,681647334,0,399693425,692900500,0,150919,0,178.53,189.67,199.64
286,0,100,100,100,10186,10186,10186,87093,87093,87093,591,591,591,0.94,0.96,0.99,0.15,0.18,0.22,0.14,0.15,0.16,0.00,0.00,0.00,0.04,0.05,0.05,0.00,0.00,0.00,0.03,0.07,0.11,448818,832317,1619746,496906,864316,1651063,0,142235863,711179318,0,139074141,695370705,0,395793,0,496.98,504.54,512.02
286,1,100,100,100,19899,19899,19899,77380,77380,77380,591,591,591,0.18,0.19,0.24,0.05,0.05,0.07,0.00,0.00,0.01,0.00,0.00,0.00,0.00,0.00,0.00,0.00,0.00,0.00,0.00,0.00,0.01,311892,366926,469124,324997,398376,573956,0,143363282,716816412,0,144434143,722170717,0,128081,0,158.24,162.43,163.72
286,2,100,100,100,14711,14711,14711,82568,82568,82568,591,591,591,0.18,0.51,0.93,0.05,0.13,0.23,0.00,0.05,0.12,0.00,0.00,0.00,0.00,0.02,0.03,0.00,0.00,0.00,0.00,0.05,0.11,306597,369534,511087,322320,414088,547781,0,143342963,716714817,0,144417364,722086824,0,200848,0,243.28,263.89,288.63
286,3,100,100,100,9532,9532,9532,87747,87747,87747,591,591,591,0.18,0.26,0.34,0.05,0.07,0.10,0.00,0.01,0.03,0.00,0.00,0.00,0.00,0.00,0.01,0.00,0.00,0.00,0.00,0.02,0.03,301380,417596,557396,317114,458307,616806,0,244221828,716759264,0,244450086,722144806,0,140546,0,168.55,180.90,187.65
287,0,100,100,100,10186,10186,10186,87093,87093,87093,591,591,591,0.93,0.96,0.99,0.14,0.19,0.22,0.14,0.15,0.16,0.00,0.00,0.00,0.04,0.05,0.05,0.00,0.00,0.00,0.02,0.07,0.11,463848,689242,1037806,484813,723835,1077117,0,149264034,746320170,0,151410895,757054479,0,403732,0,495.00,500.01,504.16
287,1,100,100,100,19899,19899,19899,77380,77380,77380,591,591,591,0.18,0.19,0.21,0.05,0.05,0.06,0.00,0.00,0.01,0.00,0.00,0.00,0.00,0.00,0.00,0.00,0.00,0.00,0.00,0.00,0.01,311887,451836,626407,324992,475424,663100,0,150320197,751600986,0,149614719,748073598,0,121758,0,156.42,159.00,162.76
287,2,100,100,100,14711,14711,14711,82568,82568,82568,591,591,591,0.18,0.34,0.90,0.05,0.09,0.22,0.00,0.03,0.11,0.00,0.00,0.00,0.00,0.01,0.03,0.00,0.00,0.00,0.00,0.02,0.10,306647,385009,588422,319752,409560,601104,0,150342688,751713441,0,149623021,748115108,0,153362,0,205.28,243.43,294.44
287,3,100,100,100,9532,9532,9532,87747,87747,87747,591,591,591,0.18,0.22,0.37,0.05,0.06,0.10,0.00,0.01,0.03,0.00,0.00,0.00,0.00,0.00,0.01,0.00,0.00,0.00,0.00,0.01,0.04,296164,337568,406248,311889,362729,419353,0,150353107,751765535,0,149631376,748156884,0,115542,0,161.18,171.08,185.76
288,0,100,100,100,10186,10186,10186,87093,87093,87093,591,591,591,0.93,0.95,0.98,0.17,0.19,0.22,0.14,0.15,0.16,0.00,0.00,0.00,0.04,0.05,0.05,0.00,0.00,0.00,0.05,0.08,0.11,461233,589653,974923,497916,617432,988027,0,285641230,719470649,0,286717777,724850765,0,448092,0,491.71,496.00,501.10
288,1,100,100,100,19899,19899,19899,77380,77380,77380,591,591,591,0.18,0.19,0.23,0.05,0.05,0.06,0.00,0.00,0.01,0.00,0.00,0.00,0.00,0.00,0.00,0.00,0.00,0.00,0.00,0.00,0.01,214887,345686,550401,225370,358777,563506,0,285603152,719226970,0,285238306,717407986,0,122800,0,153.61,156.11,157.30
288,2,100,100,100,14711,14711,14711,82568,82568,82568,591,591,591,0.18,0.34,0.60,0.05,0.09,0.14,0.00,0.03,0.07,0.00,0.00,0.00,0.00,0.01,0.02,0.00,0.00,0.00,0.00,0.02,0.05,232366,561206,1223924,241102,573961,1237028,0,238043432,708758844,0,237806348,708756223,0,133838,0,201.04,212.98,222.76
288,3,100,100,100,9532,9532,9532,87747,87747,87747,591,591,591,0.18,0.23,0.38,0.05,0.06,0.11,0.00,0.01,0.03,0.00,0.00,0.00,0.00,0.00,0.01,0.00,0.00,0.00,0.00,0.01,0.04,0,352768,773139,13104,365873,786243,0,286179194,722155180,0,285824334,720375640,0,136342,0,161.45,164.38,168.45
289,0,100,100,100,10186,10186,10186,87093,87093,87093,591,591,591,0.75,0.91,0.99,0.17,0.24,0.40,0.13,0.23,0.46,0.00,0.00,0.00,0.04,0.05,0.08,0.00,0.00,0.00,0.04,0.13,0.26,326677,919986,2290484,478660,991711,2303587,0,0,0,0,0,0,0,396474,0,491.76,499.06,504.37
289,1,84,96,100,19899,19899,19899,77380,77380,77380,591,591,591,0.18,0.51,0.98,0.05,0.20,0.41,0.00,0.15,0.46,0.00,0.00,0.00,0.00,0.03,0.08,0.00,0.00,0.00,0.00,0.12,0.28,314491,445503,584380,330216,528309,634154,0,0,0,0,0,0,0,338022,0,152.67,231.27,355.36
289,2,72,88,100,14711,14711,14711,82568,82568,82568,591,591,591,0.18,0.47,0.90,0.05,0.18,0.37,0.00,0.14,0.41,0.00,0.00,0.00,0.00,0.03,0.08,0.00,0.00,0.00,0.00,0.10,0.25,359059,524645,841323,372164,626318,862207,0,0,0,0,0,0,0,296769,0,161.25,222.50,324.27
289,3,84,96,100,9532,9532,9532,87747,87747,87747,591,591,591,0.18,0.44,0.90,0.05,0.18,0.36,0.00,0.13,0.41,0.00,0.00,0.00,0.00,0.03,0.06,0.00,0.00,0.00,0.00,0.09,0.24,327607,415648,597550,340712,572368,857000,0,0,0,0,0,0,0,272394,0,150.91,215.20,299.96
290,0,97,99,100,10186,10186,10186,87093,87093,87093,591,591,591,0.95,0.95,0.97,0.20,0.22,0.23,0.16,0.18,0.26,0.00,0.00,0.00,0.07,0.08,0.12,0.00,0.00,0.00,0.08,0.09,0.11,461222,632199,1008874,476945,648577,1019356,0,0,0,0,0,0,0,323822,0,505.16,520.79,531.41
290,1,100,100,100,19899,19899,19899,77380,77380,77380,591,591,591,0.94,0.95,0.95,0.21,0.23,0.23,0.16,0.18,0.25,0.00,0.00,0.00,0.07,0.08,0.12,0.00,0.00,0.00,0.07,0.10,0.11,335445,471686,710334,351175,493957,723440,0,0,0,0,0,0,0,331724,0,435.62,507.57,541.71
290,2,50,87,100,14711,14711,14711,82568,82568,82568,591,591,591,0.01,0.12,0.45,0.00,0.06,0.22,0.00,0.03,0.13,0.00,0.00,0.00,0.00,0.01,0.02,0.00,0.00,0.00,0.00,0.04,0.14,304027,389195,555636,314511,555607,953900,0,0,0,0,0,0,0,82140,0,235.17,307.53,348.90
290,3,88,97,100,9532,9532,9532,87747,87747,87747,591,591,591,0.01,0.02,0.05,0.00,0.01,0.03,0.00,0.00,0.01,0.00,0.00,0.00,0.00,0.00,0.00,0.00,0.00,0.00,0.00,0.01,0.03,298788,328271,390519,311893,378069,474385,0,0,0,0,0,0,0,87467,0,187.31,259.58,302.69
291,0,99,99,100,10186,10186,10186,87093,87093,87093,591,591,591,0.98,0.98,0.99,0.22,0.27,0.29,0.42,0.43,0.45,0.00,0.00,0.00,0.17,0.18,0.20,0.00,0.00,0.00,0.05,0.08,0.09,435041,520988,767859,474352,555581,799307,0,0,0,0,0,0,0,425967,0,531.56,535.19,537.77
291,1,100,100,100,19899,19899,19899,77380,77380,77380,591,591,591,0.99,0.99,0.99,0.28,0.28,0.28,0.43,0.43,0.43,0.00,0.00,0.00,0.18,0.18,0.18,0.00,0.00,0.00,0.08,0.08,0.08,230620,360017,605184,262068,396177,641862,0,0,0,0,0,0,0,442045,0,550.26,552.64,557.42
291,2,100,100,100,14711,14711,14711,82568,82568,82568,591,591,591,0.01,0.01,0.01,0.00,0.00,0.00,0.00,0.00,0.00,0.00,0.00,0.00,0.00,0.00,0.00,0.00,0.00,0.00,0.00,0.00,0.00,311890,438142,793246,324995,451199,803730,0,0,0,0,0,0,0,122205,0,135.46,141.76,165.37
291,3,100,100,100,9532,9532,9532,87747,87747,87747,591,591,591,0.01,0.01,0.01,0.00,0.00,0.00,0.00,0.00,0.00,0.00,0.00,0.00,0.00,0.00,0.00,0.00,0.00,0.00,0.00,0.00,0.00,296092,402632,789261,309193,416145,801789,0,0,0,0,0,0,0,127357,0,141.20,142.71,144.53
292,0,44,72,100,10186,10186,10186,87093,87093,87093,591,591,591,0.29,0.68,0.99,0.15,0.22,0.29,0.08,0.27,0.44,0.00,0.00,0.00,0.00,0.10,0.19,0.00,0.00,0.00,0.06,0.10,0.13,450743,802449,1727048,505775,1146282,2515881,0,0,0,0,0,0,0,348773,0,419.51,493.87,533.87
292,1,63,82,100,16323,18467,19899,77380,78811,80956,591,591,591,0.01,0.54,0.99,0.00,0.22,0.30,0.00,0.18,0.43,0.00,0.00,0.00,0.00,0.05,0.18,0.00,0.00,0.00,0.00,0.13,0.21,330157,673497,1325996,573994,1267317,2324425,0,0,0,0,0,0,0,305254,0,376.52,481.40,551.28
292,2,100,100,100,14711,14711,14711,82568,82568,82568,591,591,591,0.01,0.01,0.01,0.00,0.00,0.00,0.00,0.00,0.00,0.00,0.00,0.00,0.00,0.00,0.00,0.00,0.00,0.00,0.00,0.00,0.00,309271,377417,602824,324997,436650,613308,0,0,0,0,0,0,0,108550,0,135.35,135.41,135.46
292,3,100,100,100,9532,9532,9532,87747,87747,87747,591,591,591,0.01,0.01,0.01,0.00,0.00,0.00,0.00,0.00,0.00,0.00,0.00,0.00,0.00,0.00,0.00,0.00,0.00,0.00,0.00,0.00,0.00,204435,361163,511083,311891,404845,526809,0,0,0,0,0,0,0,113459,0,141.00,141.17,141.40
293,0,45,78,100,9466,9610,10186,87093,87669,87813,591,591,591,0.32,0.67,0.99,0.17,0.32,0.57,0.09,0.18,0.46,0.00,0.00,0.00,0.01,0.04,0.14,0.00,0.00,0.00,0.05,0.25,0.52,357931,777243,1357513,1084940,1302377,1685091,0,16449574,82247871,0,339,1696,0,393588,0,322.03,381.37,460.81
293,1,100,100,100,15323,15523,16323,80956,81756,81956,591,591,591,0.01,0.51,0.96,0.00,0.26,0.55,0.00,0.12,0.35,0.00,0.00,0.00,0.00,0.03,0.11,0.00,0.00,0.00,0.00,0.21,0.48,311737,498393,696839,324836,830133,1409396,0,25361809,126809047,0,0,0,0,374322,0,242.75,300.93,390.44
293,2,93,98,100,14711,14711,14711,82568,82568,82568,591,591,591,0.01,0.19,0.55,0.00,0.07,0.25,0.00,0.03,0.16,0.00,0.00,0.00,0.00,0.01,0.03,0.00,0.00,0.00,0.00,0.03,0.17,309268,438732,689263,324994,552474,1192452,0,8445185,42225926,0,33831059,169155298,0,164011,0,135.40,169.77,191.15
293,3,100,100,100,9532,9532,9532,87747,87747,87747,591,591,591,0.01,0.17,0.27,0.00,0.06,0.10,0.00,0.02,0.06,0.00,0.00,0.00,0.00,0.00,0.01,0.00,0.00,0.00,0.00,0.02,0.08,304025,394182,610673,319751,489055,741685,0,8470725,42353626,0,33859313,169296567,0,149206,0,141.57,165.93,176.86
294,0,100,100,100,9466,9466,9466,87813,87813,87813,591,591,591,0.84,0.88,0.92,0.14,0.19,0.23,0.34,0.38,0.41,0.00,0.00,0.00,0.07,0.10,0.13,0.00,0.00,0.00,0.02,0.07,0.10,442894,576015,783586,469065,604318,812413,106630594,299356365,614651126,0,280452810,761579421,0,408718,0,502.94,516.92,527.23
294,1,100,100,100,15323,15323,15323,81956,81956,81956,591,591,591,0.88,0.88,0.90,0.20,0.21,0.21,0.35,0.36,0.37,0.00,0.00,0.00,0.07,0.09,0.11,0.00,0.00,0.00,0.07,0.07,0.08,319683,438581,744147,348506,470449,775590,0,277179641,741280945,0,316758683,761441053,0,423333,0,461.09,516.47,534.78
294,2,100,100,100,14711,14711,14711,82568,82568,82568,591,591,591,0.18,0.22,0.28,0.05,0.06,0.08,0.00,0.01,0.04,0.00,0.00,0.00,0.00,0.00,0.01,0.00,0.00,0.00,0.00,0.01,0.03,5241,588939,1043075,18345,612175,1092870,0,289220224,754725475,0,281062729,734588527,0,159850,0,151.63,174.62,198.29
294,3,100,100,100,9532,9532,9532,87747,87747,87747,591,591,591,0.18,0.20,0.24,0.05,0.06,0.07,0.00,0.01,0.02,0.00,0.00,0.00,0.00,0.00,0.00,0.00,0.00,0.00,0.00,0.01,0.02,307304,423628,799332,324979,449157,815057,71284759,292506600,670184440,35647621,281767922,692371570,0,151290,0,152.99,165.40,178.62
295,0,100,100,100,9466,9466,9466,87813,87813,87813,591,591,591,0.76,0.87,1.00,0.12,0.21,0.28,0.29,0.37,0.46,0.00,0.00,0.00,0.08,0.10,0.12,0.00,0.00,0.00,0.01,0.08,0.14,482175,948148,2290422,529345,984313,2340214,106617963,500066960,1194892107,0,522190325,1305525218,0,454668,0,506.84,511.04,515.25
295,1,100,100,100,15323,15323,15323,81956,81956,81956,591,591,591,0.77,0.89,0.99,0.16,0.21,0.25,0.28,0.35,0.42,0.00,0.00,0.00,0.08,0.09,0.10,0.00,0.00,0.00,0.04,0.07,0.11,340687,601004,1187159,369515,631404,1242193,2620,435160072,870324884,177908893,410545261,747253932,0,471192,0,528.16,530.75,532.19
295,2,100,100,100,14711,14711,14711,82568,82568,82568,591,591,591,0.18,0.26,0.29,0.05,0.08,0.09,0.00,0.03,0.04,0.00,0.00,0.00,0.00,0.01,0.01,0.00,0.00,0.00,0.00,0.02,0.03,311881,468605,1019516,353816,505821,1037862,71287530,507426076,660816214,35641144,514825919,658150798,0,135573,0,173.92,177.15,178.73
295,3,100,100,100,9532,9532,9532,87747,87747,87747,591,591,591,0.18,0.23,0.25,0.05,0.07,0.08,0.00,0.02,0.03,0.00,0.00,0.00,0.00,0.00,0.01,0.00,0.00,0.00,0.00,0.01,0.02,306616,382108,511055,359029,418623,545126,47525660,517449526,1231503467,23761956,519825527,1268483531,0,130001,0,168.04,170.19,175.97
296,0,100,100,100,9466,9466,9466,87813,87813,87813,591,591,591,0.76,0.92,1.00,0.12,0.19,0.26,0.29,0.41,0.47,0.00,0.00,0.00,0.09,0.10,0.12,0.00,0.00,0.00,0.01,0.06,0.12,331310,729481,1176677,364441,754634,1189780,106631686,336941416,795022716,0,310177577,868643357,0,408292,0,505.53,508.58,516.05
296,1,100,100,100,15323,15323,15323,81956,81956,81956,591,591,591,0.79,0.86,0.94,0.16,0.21,0.26,0.26,0.32,0.36,0.00,0.00,0.00,0.06,0.08,0.11,0.00,0.00,0.00,0.04,0.08,0.11,332822,657255,1108551,361649,689227,1121654,0,393243078,660790799,184600175,429626289,658107215,0,318739,0,514.61,518.52,522.74
296,2,100,100,100,14711,14711,14711,82568,82568,82568,591,591,591,0.18,0.24,0.29,0.05,0.07,0.09,0.00,0.02,0.04,0.00,0.00,0.00,0.00,0.00,0.01,0.00,0.00,0.00,0.00,0.01,0.02,311888,342805,387891,324993,372682,419346,73972692,393806193,660820968,36986346,393001274,658137239,0,123544,0,163.53,176.81,188.79
296,3,100,100,100,9532,9532,9532,87747,87747,87747,591,591,591,0.18,0.22,0.25,0.05,0.06,0.08,0.00,0.01,0.03,0.00,0.00,0.00,0.00,0.00,0.01,0.00,0.00,0.00,0.00,0.01,0.02,314472,403079,547756,345920,431384,581827,0,393257891,1231554882,0,392722153,1268536489,0,108812,0,160.80,168.33,173.64
297,0,100,100,100,9466,9466,9466,87813,87813,87813,591,591,591,0.76,0.88,0.99,0.16,0.21,0.25,0.29,0.38,0.48,0.00,0.00,0.00,0.06,0.10,0.14,0.00,0.00,0.00,0.04,0.08,0.12,513653,686617,804547,560825,717410,849098,110640372,460893220,656748852,0,486542283,664794322,0,306129,0,503.53,508.63,511.54
297,1,100,100,100,15323,15323,15323,81956,81956,81956,591,591,591,0.68,0.86,0.97,0.15,0.19,0.21,0.22,0.32,0.37,0.00,0.00,0.00,0.07,0.08,0.11,0.00,0.00,0.00,0.01,0.05,0.07,348542,596739,804546,377369,623397,838615,0,487394856,1304885883,0,441935081,1120358895,0,411204,0,514.63,521.80,529.32
297,2,100,100,100,14711,14711,14711,82568,82568,82568,591,591,591,0.18,0.22,0.27,0.05,0.07,0.08,0.00,0.02,0.03,0.00,0.00,0.00,0.00,0.00,0.01,0.00,0.00,0.00,0.00,0.01,0.02,55034,457818,1001170,70758,486584,1035241,0,343936756,660819575,0,335167915,658146293,0,159652,0,172.33,177.37,185.29
297,3,100,100,100,9532,9532,9532,87747,87747,87747,591,591,591,0.18,0.22,0.24,0.05,0.07,0.07,0.00,0.01,0.02,0.00,0.00,0.00,0.00,0.00,0.00,0.00,0.00,0.00,0.00,0.01,0.02,293516,453392,851725,335480,490083,885794,73976106,469069369,660771313,36989363,478985186,658095585,0,151844,0,162.18,167.70,173.74
298,0,100,100,100,9466,9466,9466,87813,87813,87813,591,591,591,0.83,0.89,0.93,0.14,0.19,0.23,0.34,0.39,0.42,0.00,0.00,0.00,0.07,0.10,0.14,0.00,0.00,0.00,0.02,0.07,0.10,479593,931906,2109639,511042,960733,2125363,0,283221686,656753469,0,261097254,664793722,0,452043,0,496.71,504.95,509.26
298,1,100,100,100,15323,15323,15323,81956,81956,81956,591,591,591,0.68,0.83,0.90,0.19,0.21,0.26,0.22,0.31,0.36,0.00,0.00,0.00,0.07,0.08,0.11,0.00,0.00,0.00,0.06,0.08,0.11,249837,486058,773083,272549,521002,804531,0,217042099,643983981,0,254146915,647364584,0,403225,0,510.07,516.33,523.24
298,2,100,100,100,14711,14711,14711,82568,82568,82568,591,591,591,0.18,0.23,0.28,0.05,0.07,0.08,0.00,0.02,0.04,0.00,0.00,0.00,0.00,0.00,0.01,0.00,0.00,0.00,0.00,0.01,0.02,309251,400460,628979,324976,429115,662175,0,347081769,644771312,0,347438476,647439425,0,133315,0,171.78,178.93,185.09
298,3,100,100,100,9532,9532,9532,87747,87747,87747,591,591,591,0.18,0.20,0.24,0.05,0.06,0.07,0.00,0.01,0.02,0.00,0.00,0.00,0.00,0.00,0.00,0.00,0.00,0.00,0.00,0.01,0.02,296089,352532,513639,327532,376593,526742,0,275596086,660670117,0,268338363,657981728,0,129356,0,161.35,167.46,170.87
299,0,100,100,100,9466,9466,9466,87813,87813,87813,591,591,591,0.76,0.89,1.00,0.12,0.20,0.27,0.16,0.33,0.46,0.00,0.00,0.00,0.05,0.09,0.11,0.00,0.00,0.00,0.01,0.08,0.14,305472,747297,1510029,339040,801069,1543524,81665107,525605348,1194858987,0,557225577,1305483547,0,398695,0,503.62,507.47,513.29
299,1,100,100,100,15323,15323,15323,81956,81956,81956,591,591,591,0.77,0.91,0.99,0.15,0.20,0.25,0.12,0.27,0.41,0.00,0.00,0.00,0.04,0.07,0.10,0.00,0.00,0.00,0.01,0.07,0.12,332817,565527,828105,359023,619512,885793,0,548698597,1305426730,184607609,510313580,1120837871,0,404897,0,508.27,512.42,518.93
299,2,100,100,100,14711,14711,14711,82568,82568,82568,591,591,591,0.18,0.28,0.38,0.05,0.08,0.11,0.00,0.02,0.04,0.00,0.00,0.00,0.00,0.01,0.01,0.00,0.00,0.00,0.00,0.02,0.04,317103,342798,403580,335476,409367,495351,85216334,532969234,677608483,42600304,541830485,710667989,0,148450,0,174.19,181.31,189.92
299,3,100,100,100,9532,9532,9532,87747,87747,87747,591,591,591,0.18,0.24,0.29,0.05,0.07,0.09,0.00,0.01,0.03,0.00,0.00,0.00,0.00,0.00,0.01,0.00,0.00,0.00,0.00,0.02,0.03,311860,389976,563490,324964,453749,573973,73968663,450868107,821036719,36983021,457265684,845694622,0,138080,0,167.99,170.98,174.97
300,0,100,100,100,9466,9466,9466,87813,87813,87813,591,591,591,0.93,0.96,1.00,0.12,0.18,0.22,0.14,0.15,0.16,0.00,0.00,0.00,0.04,0.05,0.05,0.00,0.00,0.00,0.00,0.07,0.11,458616,582261,961727,487430,615802,1006276,0,168542628,598749951,0,141733452,708667262,0,394171,0,491.38,497.62,500.79
300,1,100,100,100,15323,15323,15323,81956,81956,81956,591,591,591,0.94,0.95,0.99,0.16,0.19,0.22,0.12,0.15,0.16,0.00,0.00,0.00,0.04,0.04,0.05,0.00,0.00,0.00,0.05,0.08,0.11,317100,540147,741645,351169,578004,788817,0,143353574,716760329,0,182083292,511893044,0,381622,0,484.40,494.97,505.94
300,2,100,100,100,14711,14711,14711,82568,82568,82568,591,591,591,0.18,0.26,0.46,0.05,0.07,0.13,0.00,0.01,0.05,0.00,0.00,0.00,0.00,0.00,0.01,0.00,0.00,0.00,0.00,0.02,0.06,10484,421942,1045710,112705,463877,1058814,0,159140818,632657469,0,152331496,680132859,0,151588,0,165.26,175.03,182.96
300,3,100,100,100,9532,9532,9532,87747,87747,87747,591,591,591,0.18,0.21,0.34,0.05,0.06,0.10,0.00,0.01,0.03,0.00,0.00,0.00,0.00,0.00,0.01,0.00,0.00,0.00,0.00,0.01,0.04,304023,430872,781052,319748,461797,796778,0,159117738,632543931,0,152307684,680018662,0,145543,0,159.31,165.89,169.58
301,0,100,100,100,9466,9466,9466,87813,87813,87813,591,591,591,0.93,0.96,0.99,0.17,0.19,0.22,0.14,0.15,0.16,0.00,0.00,0.00,0.04,0.05,0.05,0.00,0.00,0.00,0.05,0.08,0.11,445495,884212,2036277,490045,920376,2062484,0,149257721,625693346,0,151401421,757007109,0,450651,0,498.23,503.71,511.42
301,1,100,100,100,15323,15323,15323,81956,81956,81956,591,591,591,0.94,0.96,0.99,0.17,0.19,0.21,0.12,0.14,0.16,0.00,0.00,0.00,0.04,0.04,0.05,0.00,0.00,0.00,0.05,0.07,0.11,141515,514681,1058725,193928,547876,1088425,0,150318544,751589229,0,136197735,546808327,0,399132,0,489.38,493.48,501.47
301,2,100,100,100,14711,14711,14711,82568,82568,82568,591,591,591,0.18,0.21,0.29,0.05,0.06,0.08,0.00,0.00,0.02,0.00,0.00,0.00,0.00,0.00,0.00,0.00,0.00,0.00,0.00,0.01,0.02,306633,400462,592298,322357,421428,634231,0,105608487,447355169,0,102437845,471850835,0,115679,0,156.18,167.00,182.84
301,3,100,100,100,9532,9532,9532,87747,87747,87747,591,591,591,0.18,0.20,0.29,0.05,0.06,0.08,0.00,0.00,0.02,0.00,0.00,0.00,0.00,0.00,0.00,0.00,0.00,0.00,0.00,0.01,0.03,296992,360259,497913,309904,383283,511016,0,150361053,671125681,0,149639768,707848567,0,122792,0,155.65,161.97,171.07
302,0,100,100,100,9466,9466,9466,87813,87813,87813,591,591,591,0.93,0.95,1.00,0.12,0.18,0.22,0.15,0.15,0.16,0.00,0.00,0.00,0.04,0.05,0.05,0.00,0.00,0.00,0.00,0.07,0.11,301746,533357,917233,319088,559237,967026,0,244722370,601514342,0,238770097,724880262,0,402161,0,494.66,499.97,505.96
302,1,100,100,100,15323,15323,15323,81956,81956,81956,591,591,591,0.94,0.96,0.99,0.17,0.20,0.22,0.12,0.14,0.15,0.00,0.00,0.00,0.04,0.04,0.04,0.00,0.00,0.00,0.05,0.08,0.11,327583,452851,854341,343307,472769,867445,0,286191568,722247293,0,285822269,523591157,0,296648,0,489.07,494.03,500.85
302,2,100,100,100,14711,14711,14711,82568,82568,82568,591,591,591,0.18,0.23,0.37,0.05,0.06,0.11,0.00,0.01,0.03,0.00,0.00,0.00,0.00,0.00,0.01,0.00,0.00,0.00,0.00,0.01,0.05,306639,337573,390518,322364,351202,403623,0,286201876,643412178,0,285848996,681069858,0,90021,0,156.58,159.64,163.60
302,3,100,100,100,9532,9532,9532,87747,87747,87747,591,591,591,0.18,0.20,0.25,0.05,0.06,0.07,0.00,0.00,0.01,0.00,0.00,0.00,0.00,0.00,0.00,0.00,0.00,0.00,0.00,0.01,0.02,317129,395054,539921,332855,408159,550405,0,243289699,629897310,0,240423970,669324532,0,91524,0,151.20,156.28,159.37
303,0,86,96,100,9466,9466,9466,87813,87813,87813,591,591,591,0.74,0.89,0.99,0.17,0.24,0.34,0.14,0.21,0.35,0.00,0.00,0.00,0.04,0.05,0.06,0.00,0.00,0.00,0.06,0.14,0.22,461252,722663,1006400,474356,818458,1020074,0,0,0,0,0,0,0,287665,0,492.34,497.71,503.17
303,1,100,100,100,15323,15323,15323,81956,81956,81956,591,591,591,0.18,0.55,0.98,0.05,0.17,0.40,0.00,0.14,0.44,0.00,0.00,0.00,0.00,0.03,0.08,0.00,0.00,0.00,0.00,0.09,0.27,338038,394423,526796,385271,444215,539900,0,0,0,0,0,0,0,272696,0,359.99,394.42,450.94
303,2,85,96,100,14711,14711,14711,82568,82568,82568,591,591,591,0.18,0.36,0.88,0.05,0.13,0.36,0.00,0.10,0.40,0.00,0.00,0.00,0.00,0.02,0.07,0.00,0.00,0.00,0.00,0.07,0.25,327607,363288,416666,340711,413008,505764,0,0,0,0,0,0,0,266940,0,145.04,177.18,240.49
303,3,73,90,100,9532,9532,9532,87747,87747,87747,591,591,591,0.18,0.35,0.57,0.05,0.13,0.24,0.00,0.10,0.24,0.00,0.00,0.00,0.00,0.02,0.04,0.00,0.00,0.00,0.00,0.08,0.16,304033,385242,571261,317138,490067,728488,0,0,0,0,0,0,0,241694,0,149.10,183.99,240.70
304,0,48,88,100,9466,9466,9466,87813,87813,87813,591,591,591,0.01,0.34,0.89,0.00,0.15,0.36,0.00,0.10,0.27,0.00,0.00,0.00,0.00,0.03,0.10,0.00,0.00,0.00,0.00,0.08,0.15,440316,558653,723314,453421,754140,1216007,0,0,0,0,0,0,0,188174,0,279.40,400.79,496.33
304,1,84,95,100,15323,15323,15323,81956,81956,81956,591,591,591,0.87,0.93,0.96,0.25,0.29,0.32,0.16,0.30,0.40,0.00,0.00,0.00,0.06,0.11,0.16,0.00,0.00,0.00,0.10,0.12,0.18,151964,434502,731166,206986,511237,746890,0,0,0,0,0,0,0,482483,0,378.40,475.15,538.35
304,2,59,89,100,14711,14711,14711,82568,82568,82568,591,591,591,0.01,0.28,0.78,0.00,0.13,0.33,0.00,0.08,0.22,0.00,0.00,0.00,0.00,0.02,0.07,0.00,0.00,0.00,0.00,0.07,0.16,13102,511585,1250077,280385,698699,1816149,0,0,0,0,0,0,0,117076,0,212.10,296.91,344.78
304,3,60,92,100,9532,9532,9532,87747,87747,87747,591,591,591,0.01,0.05,0.22,0.00,0.02,0.11,0.00,0.01,0.06,0.00,0.00,0.00,0.00,0.00,0.01,0.00,0.00,0.00,0.00,0.01,0.06,290923,475891,1009082,304027,554449,1347190,0,0,0,0,0,0,0,115946,0,165.33,229.43,257.55
305,0,99,99,100,9466,9466,9466,87813,87813,87813,591,591,591,0.01,0.25,0.52,0.00,0.10,0.25,0.00,0.06,0.14,0.00,0.00,0.00,0.00,0.01,0.02,0.00,0.00,0.00,0.00,0.05,0.18,429835,974348,2754104,442940,1090700,3207444,0,173702789,741466137,0,187932729,728016574,0,214405,0,153.91,203.20,236.17
305,1,64,92,100,15323,15323,15323,81956,81956,81956,591,591,591,0.49,0.79,0.95,0.22,0.32,0.43,0.13,0.26,0.39,0.00,0.00,0.00,0.01,0.07,0.16,0.00,0.00,0.00,0.09,0.20,0.35,340758,869417,1383654,618492,1327041,2183575,0,195018317,721290440,0,152317357,761586786,0,392981,0,475.37,490.39,525.87
305,2,93,98,100,14711,14711,14711,82568,82568,82568,591,591,591,0.01,0.20,0.44,0.00,0.07,0.21,0.00,0.04,0.12,0.00,0.00,0.00,0.00,0.01,0.02,0.00,0.00,0.00,0.00,0.04,0.15,311887,352759,476973,335481,449209,710278,0,173645912,741421454,0,187905854,728005915,0,181384,0,139.30,176.10,208.77
305,3,83,96,100,9532,9532,9532,87747,87747,87747,591,591,591,0.01,0.13,0.23,0.00,0.04,0.09,0.00,0.01,0.04,0.00,0.00,0.00,0.00,0.00,0.01,0.00,0.00,0.00,0.00,0.01,0.05,317132,357308,448135,337209,422303,660410,0,297002250,1386264954,0,314586694,1375506036,0,137267,0,143.47,154.91,166.73
306,0,100,100,100,9466,9466,9466,87813,87813,87813,591,591,591,0.29,0.39,0.51,0.10,0.12,0.15,0.04,0.08,0.13,0.00,0.00,0.00,0.01,0.02,0.03,0.00,0.00,0.00,0.03,0.04,0.06,295829,596725,1297461,349924,646798,1346276,632056262,904966122,1305522273,634682015,905134871,1305527515,0,216625,0,243.94,257.47,279.89
306,1,100,100,100,15323,15323,15323,81956,81956,81956,591,591,591,0.80,0.83,0.84,0.22,0.23,0.23,0.33,0.34,0.35,0.00,0.00,0.00,0.08,0.08,0.09,0.00,0.00,0.00,0.09,0.10,0.11,319723,459137,686613,372137,508929,736406,648723959,913025735,1305483756,640691614,911419698,1305481824,0,405186,0,495.06,505.27,516.72
306,2,100,100,100,14711,14711,14711,82568,82568,82568,591,591,591,0.26,0.31,0.38,0.08,0.10,0.12,0.03,0.05,0.08,0.00,0.00,0.00,0.01,0.01,0.02,0.00,0.00,0.00,0.02,0.03,0.05,157201,450191,1022091,191261,505060,1077127,644711797,908932639,1305445700,647398063,909469545,1305440459,0,171960,0,202.70,220.13,237.07
306,3,100,100,100,9532,9532,9532,87747,87747,87747,591,591,591,0.20,0.21,0.23,0.06,0.06,0.07,0.01,0.01,0.02,0.00,0.00,0.00,0.00,0.00,0.00,0.00,0.00,0.00,0.01,0.01,0.01,304003,435576,799367,335452,485371,846542,644745873,915479085,1305537027,647419166,914943963,1305544889,0,151228,0,164.07,167.35,170.19
307,0,100,100,100,9466,9466,9466,87813,87813,87813,591,591,591,0.29,0.37,0.46,0.10,0.12,0.14,0.04,0.08,0.11,0.00,0.00,0.00,0.01,0.02,0.02,0.00,0.00,0.00,0.03,0.04,0.05,440283,571855,731180,490077,641569,780974,644761270,912271072,1305554402,647431919,912806801,1305551781,0,205636,0,247.25,256.46,262.60
307,1,99,99,100,15323,15323,15323,81956,81956,81956,591,591,591,0.84,0.84,0.84,0.22,0.23,0.24,0.35,0.35,0.35,0.00,0.00,0.00,0.08,0.09,0.09,0.00,0.00,0.00,0.09,0.11,0.14,371983,630235,859112,424375,688295,914116,648357603,1032097179,1305427973,640334854,1032095841,1305420112,0,397512,0,499.24,502.29,505.52
307,2,100,100,100,14711,14711,14711,82568,82568,82568,591,591,591,0.26,0.31,0.38,0.08,0.10,0.12,0.03,0.05,0.08,0.00,0.00,0.00,0.01,0.01,0.02,0.00,0.00,0.00,0.02,0.03,0.05,311883,472959,695354,345955,531489,796687,644700126,914400931,1305521667,647383701,914221780,1305532150,0,183957,0,220.12,222.51,224.88
307,3,100,100,100,9532,9532,9532,87747,87747,87747,591,591,591,0.20,0.21,0.23,0.06,0.06,0.07,0.01,0.01,0.02,0.00,0.00,0.00,0.00,0.00,0.00,0.00,0.00,0.00,0.01,0.01,0.01,319738,374136,492703,355300,424345,558222,644738162,909948729,1305548304,646535579,910493877,1305561408,0,134812,0,165.78,166.89,168.17
308,0,100,100,100,9466,9466,9466,87813,87813,87813,591,591,591,0.32,0.46,0.54,0.09,0.13,0.16,0.02,0.05,0.06,0.00,0.00,0.00,0.01,0.01,0.02,0.00,0.00,0.00,0.03,0.06,0.08,437630,766829,1934115,516288,845450,2010117,0,581332828,756444831,0,582663446,750079123,0,222376,0,259.95,266.75,271.98
308,1,99,99,100,15323,15323,15323,81956,81956,81956,591,591,591,0.84,0.90,0.94,0.20,0.22,0.24,0.15,0.20,0.35,0.00,0.00,0.00,0.04,0.05,0.09,0.00,0.00,0.00,0.09,0.11,0.13,327582,396414,595736,403582,483071,651641,0,533547781,746896704,0,528828271,765996093,0,297637,0,493.38,495.25,497.33
308,2,100,100,100,14711,14711,14711,82568,82568,82568,591,591,591,0.28,0.36,0.41,0.08,0.10,0.12,0.02,0.03,0.04,0.00,0.00,0.00,0.00,0.01,0.01,0.00,0.00,0.00,0.02,0.04,0.05,304018,348561,395742,366880,433999,484853,0,581316203,756499475,0,582659040,750125665,0,140866,0,218.91,227.58,236.45
308,3,96,99,100,9532,9532,9532,87747,87747,87747,591,591,591,0.18,0.22,0.24,0.05,0.06,0.07,0.00,0.01,0.01,0.00,0.00,0.00,0.00,0.00,0.00,0.00,0.00,0.00,0.00,0.01,0.01,309264,426141,558229,372166,520489,694499,0,581341174,756498673,0,582672958,750137885,0,101910,0,164.71,166.78,169.44
309,0,71,94,100,9466,9466,9466,87813,87813,87813,591,591,591,0.18,0.35,0.61,0.05,0.11,0.26,0.00,0.06,0.25,0.00,0.00,0.00,0.00,0.01,0.04,0.00,0.00,0.00,0.00,0.05,0.19,437632,624144,1160429,450734,663638,1305482,0,1845743748,0,0,1831817244,0,0,212623,0,203.26,233.11,268.77
309,1,77,95,100,15323,15323,15323,81956,81956,81956,591,591,591,0.74,0.91,0.98,0.20,0.25,0.40,0.14,0.21,0.46,0.00,0.00,0.00,0.04,0.05,0.08,0.00,0.00,0.00,0.08,0.14,0.27,335292,425037,739036,348390,482165,788829,0,0,0,0,0,0,0,390766,0,495.29,500.99,507.06
309,2,78,92,100,14711,14711,14711,82568,82568,82568,591,591,591,0.18,0.38,0.88,0.05,0.13,0.36,0.00,0.09,0.40,0.00,0.00,0.00,0.00,0.02,0.07,0.00,0.00,0.00,0.00,0.07,0.24,345960,523666,1142902,356444,576087,1253032,0,0,0,0,0,0,0,199263,0,174.16,205.06,248.56
309,3,100,100,100,9532,9532,9532,87747,87747,87747,591,591,591,0.18,0.37,0.98,0.05,0.13,0.40,0.00,0.10,0.46,0.00,0.00,0.00,0.00,0.02,0.08,0.00,0.00,0.00,0.00,0.07,0.27,213167,437296,822849,223650,479225,946015,0,0,0,0,0,0,0,187307,0,154.85,180.01,252.34
310,0,71,92,100,9466,9466,9466,87813,87813,87813,591,591,591,0.01,0.09,0.34,0.00,0.04,0.17,0.00,0.02,0.09,0.00,0.00,0.00,0.00,0.00,0.02,0.00,0.00,0.00,0.00,0.02,0.08,427209,582228,853031,437693,714735,1343397,0,0,0,0,0,0,0,83556,0,229.14,255.49,281.70
310,1,96,98,100,15323,15323,15323,81956,81956,81956,591,591,591,0.59,0.83,0.94,0.28,0.32,0.36,0.17,0.26,0.37,0.00,0.00,0.00,0.03,0.09,0.14,0.00,0.00,0.00,0.12,0.15,0.19,356412,520187,762569,442891,823516,1598512,0,0,0,0,0,0,0,433299,0,504.73,511.93,518.86
310,2,80,95,100,14711,14711,14711,82568,82568,82568,591,591,591,0.01,0.09,0.33,0.00,0.04,0.16,0.00,0.02,0.09,0.00,0.00,0.00,0.00,0.00,0.02,0.00,0.00,0.00,0.00,0.02,0.08,309171,397028,657781,322271,529371,1145221,0,0,0,0,0,0,0,124058,0,245.11,252.83,259.95
310,3,9,72,100,9532,9532,9532,87747,87747,87747,591,591,591,0.07,0.70,0.93,0.03,0.21,0.27,0.03,0.18,0.31,0.00,0.00,0.00,0.01,0.07,0.13,0.00,0.00,0.00,0.01,0.10,0.15,321763,466327,822885,368471,538279,838609,0,0,0,0,0,0,0,317636,0,316.24,404.10,469.41
311,0,100,100,100,9466,9466,9466,87813,87813,87813,591,591,591,0.01,0.01,0.01,0.00,0.00,0.00,0.00,0.00,0.00,0.00,0.00,0.00,0.00,0.00,0.00,0.00,0.00,0.00,0.00,0.00,0.00,427212,536241,914690,442938,550394,927794,0,0,0,0,0,0,0,123793,0,137.53,143.30,164.61
311,1,86,97,100,15323,15323,15323,81956,81956,81956,591,591,591,0.01,0.04,0.17,0.00,0.02,0.09,0.00,0.01,0.04,0.00,0.00,0.00,0.00,0.00,0.00,0.00,0.00,0.00,0.00,0.01,0.07,314509,514291,846881,324993,581925,1130010,0,0,0,0,0,0,0,122253,0,171.14,302.42,441.13
311,2,100,100,100,14711,14711,14711,82568,82568,82568,591,591,591,0.01,0.01,0.01,0.00,0.00,0.00,0.00,0.00,0.00,0.00,0.00,0.00,0.00,0.00,0.00,0.00,0.00,0.00,0.00,0.00,0.00,249662,339280,524188,258391,352558,539914,0,0,0,0,0,0,0,108637,0,135.56,141.73,165.38
311,3,0,59,99,9532,9532,9532,87747,87747,87747,591,591,591,0.00,0.58,0.97,0.00,0.20,0.33,0.00,0.23,0.40,0.00,0.00,0.00,0.00,0.09,0.16,0.00,0.00,0.00,0.00,0.08,0.17,296141,497387,812270,317107,629452,1317974,0,0,0,0,0,0,0,375203,0,324.81,345.31,383.90
312,0,100,100,100,9466,9466,9466,87813,87813,87813,591,591,591,0.01,0.17,0.23,0.00,0.05,0.09,0.00,0.01,0.04,0.00,0.00,0.00,0.00,0.00,0.01,0.00,0.00,0.00,0.00,0.01,0.05,440282,798292,1970795,471730,860669,1986520,0,302592239,741411457,0,317387010,727998578,0,128662,0,137.13,153.09,164.03
312,1,90,98,100,15323,15323,15323,81956,81956,81956,591,591,591,0.01,0.47,0.63,0.00,0.17,0.35,0.00,0.12,0.21,0.00,0.00,0.00,0.00,0.03,0.05,0.00,0.00,0.00,0.00,0.10,0.28,221886,450579,746869,277795,612175,987893,0,385341916,660746265,0,386368703,658075879,0,321890,0,152.62,275.66,373.12
312,2,100,100,100,14711,14711,14711,82568,82568,82568,591,591,591,0.11,0.19,0.22,0.05,0.06,0.07,0.00,0.01,0.03,0.00,0.00,0.00,0.00,0.00,0.00,0.00,0.00,0.00,0.00,0.01,0.04,306627,347515,419309,372139,413035,458630,0,434810999,826160540,0,449040765,770360909,0,148187,0,143.85,154.91,164.44
312,3,70,90,100,9532,9532,9532,87747,87747,87747,591,591,591,0.51,0.77,0.92,0.22,0.30,0.44,0.14,0.26,0.35,0.00,0.00,0.00,0.01,0.05,0.09,0.00,0.00,0.00,0.09,0.20,0.36,128411,417177,809904,183444,865187,1297010,0,324759413,721286798,0,280452073,761585268,0,454689,0,440.46,472.51,483.49
313,0,100,100,100,9466,9466,9466,87813,87813,87813,591,591,591,0.20,0.22,0.23,0.06,0.06,0.07,0.01,0.01,0.02,0.00,0.00,0.00,0.00,0.00,0.00,0.00,0.00,0.00,0.01,0.01,0.01,295173,508758,914645,338327,559321,946094,644738532,955292731,1305540086,647422256,955292910,1305532224,0,130163,0,158.80,163.11,167.72
313,1,100,100,100,15323,15323,15323,81956,81956,81956,591,591,591,0.46,0.57,0.69,0.15,0.17,0.20,0.11,0.16,0.22,0.00,0.00,0.00,0.03,0.04,0.05,0.00,0.00,0.00,0.05,0.07,0.09,298770,646791,1124270,351186,699728,1171442,644741899,912229940,1305481897,647409869,912764693,1305484518,0,310287,0,365.88,376.32,406.21
313,2,100,100,100,14711,14711,14711,82568,82568,82568,591,591,591,0.20,0.21,0.23,0.06,0.06,0.07,0.01,0.01,0.02,0.00,0.00,0.00,0.00,0.00,0.00,0.00,0.00,0.00,0.01,0.01,0.01,329517,524519,1129558,362984,578908,1181974,644736803,909875849,1305568791,646460132,910418943,1305568791,0,130288,0,159.49,163.99,168.03
313,3,99,99,100,9532,9532,9532,87747,87747,87747,591,591,591,0.79,0.83,0.84,0.22,0.23,0.25,0.32,0.34,0.35,0.00,0.00,0.00,0.08,0.09,0.09,0.00,0.00,0.00,0.09,0.10,0.11,330194,569196,976453,377364,621786,1035844,637604770,911295550,1307915568,629712596,910788373,1313269470,0,388836,0,484.65,490.33,500.37
314,0,93,98,100,9466,9466,9466,87813,87813,87813,591,591,591,0.20,0.22,0.23,0.06,0.06,0.07,0.01,0.01,0.02,0.00,0.00,0.00,0.00,0.00,0.00,0.00,0.00,0.00,0.01,0.01,0.01,421954,580706,1136679,472783,661807,1206114,644704482,917314176,1305591744,647380180,919549381,1305591744,0,130806,0,162.06,163.92,165.00
314,1,100,100,100,15323,15323,15323,81956,81956,81956,591,591,591,0.37,0.62,0.74,0.13,0.17,0.20,0.07,0.15,0.21,0.00,0.00,0.00,0.02,0.04,0.05,0.00,0.00,0.00,0.06,0.07,0.10,335221,759104,1798789,453488,839132,1847847,589019431,905106234,1305484821,586643628,907415739,1305484821,0,219023,0,350.51,366.16,384.64
314,2,100,100,100,14711,14711,14711,82568,82568,82568,591,591,591,0.20,0.22,0.23,0.06,0.06,0.07,0.01,0.01,0.02,0.00,0.00,0.00,0.00,0.00,0.00,0.00,0.00,0.00,0.01,0.01,0.01,317127,361144,495332,348578,443960,623752,644752024,919647533,1305560437,647435783,921896704,1305555196,0,97878,0,159.89,162.63,164.37
314,3,100,100,100,9532,9532,9532,87747,87747,87747,591,591,591,0.84,0.84,0.84,0.22,0.22,0.23,0.35,0.35,0.35,0.00,0.00,0.00,0.09,0.09,0.09,0.00,0.00,0.00,0.09,0.09,0.09,314567,375656,536817,364374,446387,586571,648903808,922621787,1305055749,640869219,915878791,1305050510,0,290149,0,484.72,488.71,490.63
315,0,100,100,100,9466,9466,9466,87813,87813,87813,591,591,591,0.18,0.21,0.24,0.05,0.06,0.07,0.00,0.01,0.01,0.00,0.00,0.00,0.00,0.00,0.00,0.00,0.00,0.00,0.00,0.01,0.01,435032,745367,1761221,448135,801978,1774325,0,589460058,756502220,0,588186798,750136205,0,140514,0,161.04,163.38,166.75
315,1,100,100,100,15323,15323,15323,81956,81956,81956,591,591,591,0.21,0.63,0.82,0.06,0.16,0.20,0.01,0.08,0.11,0.00,0.00,0.00,0.00,0.02,0.03,0.00,0.00,0.00,0.01,0.07,0.10,324956,491640,649940,390481,555060,728561,0,589420271,756464791,0,588146595,750099046,0,293538,0,345.11,377.40,396.05
315,2,100,100,100,14711,14711,14711,82568,82568,82568,591,591,591,0.18,0.21,0.24,0.05,0.06,0.07,0.00,0.01,0.01,0.00,0.00,0.00,0.00,0.00,0.00,0.00,0.00,0.00,0.00,0.01,0.01,217530,436619,1024679,283051,492181,1037782,0,445019486,756484925,0,444102694,750131961,0,140567,0,157.57,161.38,164.86
315,3,100,100,100,9532,9532,9532,87747,87747,87747,591,591,591,0.88,0.92,0.94,0.20,0.21,0.23,0.14,0.16,0.17,0.00,0.00,0.00,0.04,0.04,0.05,0.00,0.00,0.00,0.10,0.11,0.12,186067,519244,863799,248962,588420,931856,0,587395154,747196066,0,591218257,766287179,0,441355,0,482.68,485.09,490.48
316,0,85,94,100,9466,9466,9466,87813,87813,87813,591,591,591,0.18,0.43,0.85,0.05,0.16,0.32,0.00,0.11,0.27,0.00,0.00,0.00,0.00,0.02,0.05,0.00,0.00,0.00,0.00,0.09,0.23,469084,826531,1480665,482187,907240,1645766,0,0,0,0,0,0,0,279381,0,149.32,198.70,298.83
316,1,80,96,100,15323,15323,15323,81956,81956,81956,591,591,591,0.18,0.56,0.86,0.05,0.19,0.35,0.00,0.14,0.31,0.00,0.00,0.00,0.00,0.03,0.06,0.00,0.00,0.00,0.00,0.11,0.22,23584,526232,1574999,183436,602754,1755823,0,0,0,0,0,0,0,307111,0,272.35,315.09,357.24
316,2,85,97,100,14711,14711,14711,82568,82568,82568,591,591,591,0.18,0.43,0.89,0.05,0.15,0.33,0.00,0.12,0.33,0.00,0.00,0.00,0.00,0.02,0.06,0.00,0.00,0.00,0.00,0.09,0.21,298914,461613,781374,312258,541693,983273,0,0,0,0,0,0,0,241039,0,151.89,190.98,280.51
316,3,90,98,100,9532,9532,9532,87747,87747,87747,591,591,591,0.78,0.91,0.97,0.18,0.27,0.40,0.15,0.24,0.45,0.00,0.00,0.00,0.04,0.05,0.08,0.00,0.00,0.00,0.07,0.16,0.26,332829,462718,600132,414070,516700,655166,0,0,0,0,0,0,0,402092,0,489.16,492.89,495.05
317,0,0,59,100,9466,9466,9466,87813,87813,87813,591,591,591,0.01,0.28,0.59,0.00,0.13,0.27,0.00,0.09,0.20,0.00,0.00,0.00,0.00,0.03,0.06,0.00,0.00,0.00,0.00,0.07,0.14,508400,652423,932281,563433,846169,1316620,0,0,0,0,0,0,0,186231,0,258.34,325.95,394.36
317,1,50,82,99,15323,15323,15323,81956,81956,81956,591,591,591,0.40,0.76,0.95,0.20,0.28,0.35,0.11,0.25,0.38,0.00,0.00,0.00,0.01,0.09,0.15,0.00,0.00,0.00,0.12,0.13,0.15,330127,522018,930258,411349,790522,1282339,0,0,0,0,0,0,0,372662,0,392.53,471.30,529.08
317,2,6,63,100,14711,14711,14711,82568,82568,82568,591,591,591,0.07,0.65,0.95,0.03,0.23,0.35,0.03,0.21,0.38,0.00,0.00,0.00,0.01,0.08,0.15,0.00,0.00,0.00,0.01,0.10,0.15,314471,645230,1171465,437665,732760,1252707,0,0,0,0,0,0,0,310671,0,354.54,426.74,505.12
317,3,100,100,100,9532,9532,9532,87747,87747,87747,591,591,591,0.89,0.94,0.96,0.20,0.22,0.25,0.15,0.20,0.38,0.00,0.00,0.00,0.07,0.09,0.16,0.00,0.00,0.00,0.08,0.09,0.10,317095,425599,589661,330209,485351,809801,0,0,0,0,0,0,0,410234,0,498.99,505.42,512.19
318,0,100,100,100,9466,9466,9466,87813,87813,87813,591,591,591,0.01,0.01,0.01,0.00,0.00,0.00,0.00,0.00,0.00,0.00,0.00,0.00,0.00,0.00,0.00,0.00,0.00,0.00,0.00,0.00,0.00,201814,449743,689267,214919,463372,702371,0,0,0,0,0,0,0,123107,0,136.60,174.18,240.38
318,1,100,100,100,15323,15323,15323,81956,81956,81956,591,591,591,0.01,0.03,0.11,0.00,0.01,0.06,0.00,0.00,0.02,0.00,0.00,0.00,0.00,0.00,0.00,0.00,0.00,0.00,0.00,0.01,0.05,306651,385857,510732,322377,431036,524243,0,0,0,0,0,0,0,121855,0,153.74,265.11,392.83
318,2,63,89,100,14711,14711,14711,82568,82568,82568,591,591,591,0.01,0.12,0.45,0.00,0.06,0.23,0.00,0.03,0.12,0.00,0.00,0.00,0.00,0.00,0.01,0.00,0.00,0.00,0.00,0.04,0.17,304336,780301,2491164,317684,988899,2504032,0,0,0,0,0,0,0,109165,0,173.92,267.41,377.71
318,3,99,99,100,9532,9532,9532,87747,87747,87747,591,591,591,0.99,0.99,0.99,0.28,0.28,0.28,0.43,0.43,0.43,0.00,0.00,0.00,0.18,0.18,0.18,0.00,0.00,0.00,0.08,0.08,0.08,314472,436604,699726,348540,472769,733795,0,0,0,0,0,0,0,483780,0,517.02,529.06,538.98
319,0,94,98,100,9466,9466,9466,87813,87813,87813,591,591,591,0.01,0.16,0.75,0.00,0.07,0.33,0.00,0.04,0.22,0.00,0.00,0.00,0.00,0.01,0.04,0.00,0.00,0.00,0.00,0.04,0.22,455947,772629,1782236,469049,881134,1795341,0,0,0,0,25388031,126940157,0,175666,0,136.24,154.68,215.07
319,1,95,99,100,15323,15323,15323,81956,81956,81956,591,591,591,0.01,0.16,0.78,0.00,0.09,0.45,0.00,0.03,0.16,0.00,0.00,0.00,0.00,0.00,0.02,0.00,0.00,0.00,0.00,0.07,0.36,298782,344875,369528,314507,504172,1105628,0,8468274,42341373,0,0,0,0,239936,0,150.96,169.60,236.85
319,2,95,99,100,14711,14711,14711,82568,82568,82568,591,591,591,0.01,0.23,0.86,0.00,0.11,0.38,0.00,0.06,0.26,0.00,0.00,0.00,0.00,0.01,0.05,0.00,0.00,0.00,0.00,0.08,0.26,309107,399904,694464,322373,561826,1053489,0,8469848,42349243,0,523,2619,0,215738,0,135.57,164.76,248.74
319,3,70,83,100,9532,9532,9532,87747,87747,87747,591,591,591,0.51,0.72,0.99,0.26,0.32,0.53,0.14,0.22,0.43,0.00,0.00,0.00,0.01,0.06,0.18,0.00,0.00,0.00,0.08,0.22,0.46,249809,436618,814351,474343,1091208,1403190,0,5629963,28149816,0,0,0,0,249194,0,460.99,491.12,534.18
320,0,100,100,100,9466,9466,9466,87813,87813,87813,591,591,591,0.18,0.22,0.29,0.05,0.06,0.08,0.00,0.01,0.04,0.00,0.00,0.00,0.00,0.00,0.01,0.00,0.00,0.00,0.00,0.01,0.02,442921,647776,988090,474371,667869,1001195,0,155267389,494263022,0,142474601,485316160,0,138779,0,187.36,213.24,235.34
320,1,100,100,100,15323,15323,15323,81956,81956,81956,591,591,591,0.27,0.48,0.87,0.08,0.13,0.22,0.03,0.14,0.34,0.00,0.00,0.00,0.01,0.03,0.08,0.00,0.00,0.00,0.01,0.04,0.09,303999,600601,924308,335447,632487,947023,0,206501445,741430928,0,234873349,727981575,0,193575,0,299.26,316.57,346.26
320,2,100,100,100,14711,14711,14711,82568,82568,82568,591,591,591,0.18,0.41,0.68,0.05,0.11,0.21,0.00,0.10,0.22,0.00,0.00,0.00,0.00,0.02,0.05,0.00,0.00,0.00,0.00,0.04,0.09,309233,411474,673587,324997,442923,686692,0,206535973,741432313,0,234907466,727998992,0,128449,0,299.35,310.10,330.40
320,3,99,99,100,9532,9532,9532,87747,87747,87747,591,591,591,0.77,0.92,1.00,0.15,0.26,0.47,0.23,0.36,0.46,0.00,0.00,0.00,0.07,0.09,0.10,0.00,0.00,0.00,0.03,0.13,0.36,314472,354444,445526,327575,467136,815051,0,233230662,721292402,0,190399179,761596719,0,430683,0,471.11,504.17,531.66
322,0,100,100,100,9466,9466,9466,87813,87813,87813,591,591,591,0.18,0.28,0.44,0.05,0.08,0.15,0.00,0.04,0.10,0.00,0.00,0.00,0.00,0.01,0.02,0.00,0.00,0.00,0.00,0.02,0.06,10483,444976,644765,23586,478258,694564,0,456113404,1305211767,0,456382059,1305203906,0,387289,0,169.99,194.73,206.92
322,1,100,100,100,15323,15323,15323,81956,81956,81956,591,591,591,0.18,0.42,0.66,0.05,0.12,0.19,0.00,0.10,0.20,0.00,0.00,0.00,0.00,0.02,0.05,0.00,0.00,0.00,0.00,0.04,0.07,317134,491275,906844,353836,524677,920668,0,452860788,1305557378,0,453142473,1305562620,0,478169,0,231.09,275.15,303.59
322,2,100,100,100,14711,14711,14711,82568,82568,82568,591,591,591,0.18,0.42,0.62,0.05,0.12,0.17,0.00,0.10,0.19,0.00,0.00,0.00,0.00,0.02,0.04,0.00,0.00,0.00,0.00,0.04,0.06,223437,676892,1873953,244222,712350,1915887,0,496735281,1305483797,0,496812459,1305475935,0,504314,0,205.75,254.99,279.98
322,3,99,99,100,9532,9532,9532,87747,87747,87747,591,591,591,0.77,0.86,0.94,0.14,0.21,0.28,0.30,0.37,0.42,0.00,0.00,0.00,0.08,0.10,0.12,0.00,0.00,0.00,0.02,0.08,0.14,322344,487971,778384,372137,523874,833422,0,500571596,1305552993,0,500839815,1305563476,0,904628,0,497.46,508.16,525.47
323,0,100,100,100,9466,9466,9466,87813,87813,87813,591,591,591,0.22,0.30,0.35,0.07,0.09,0.10,0.02,0.04,0.07,0.00,0.00,0.00,0.00,0.01,0.02,0.00,0.00,0.00,0.02,0.03,0.03,442913,904717,1740227,474362,939312,1769056,0,522225782,660822637,0,522227910,658141533,0,162281,0,190.22,197.82,206.74
323,1,100,100,100,15323,15323,15323,81956,81956,81956,591,591,591,0.26,0.45,0.66,0.09,0.12,0.19,0.03,0.11,0.20,0.00,0.00,0.00,0.00,0.03,0.05,0.00,0.00,0.00,0.01,0.04,0.08,317104,616415,883252,330208,647865,914704,0,522212043,660823526,0,522209414,658139777,0,232375,0,267.44,289.68,304.02
323,2,100,100,100,14711,14711,14711,82568,82568,82568,591,591,591,0.18,0.43,0.61,0.05,0.12,0.17,0.00,0.10,0.18,0.00,0.00,0.00,0.00,0.02,0.04,0.00,0.00,0.00,0.00,0.04,0.06,317138,515233,775706,330243,548254,825498,0,390030744,660735550,0,390566415,658070416,0,231793,0,243.15,263.32,284.43
323,3,100,100,100,9532,9532,9532,87747,87747,87747,591,591,591,0.76,0.90,1.00,0.14,0.19,0.27,0.31,0.40,0.46,0.00,0.00,0.00,0.09,0.10,0.11,0.00,0.00,0.00,0.02,0.07,0.13,311853,508376,875339,327577,536154,925134,0,390793429,656785073,0,389186112,664812513,0,457436,0,512.21,514.77,517.23
324,0,100,100,100,9466,9466,9466,87813,87813,87813,591,591,591,0.18,0.26,0.32,0.05,0.08,0.10,0.00,0.03,0.06,0.00,0.00,0.00,0.00,0.01,0.01,0.00,0.00,0.00,0.00,0.02,0.03,421363,804245,1546370,438880,831853,1580443,0,390674778,660825047,0,390146483,658128219,0,114187,0,187.63,201.21,208.12
324,1,100,100,100,15323,15323,15323,81956,81956,81956,591,591,591,0.20,0.39,0.56,0.06,0.11,0.14,0.01,0.08,0.17,0.00,0.00,0.00,0.00,0.02,0.04,0.00,0.00,0.00,0.01,0.04,0.05,309250,370050,503182,332846,403595,555597,0,393251434,660792854,0,392717367,658127532,0,204749,0,260.94,281.38,306.57
324,2,100,100,100,14711,14711,14711,82568,82568,82568,591,591,591,0.18,0.39,0.60,0.05,0.11,0.17,0.00,0.08,0.17,0.00,0.00,0.00,0.00,0.02,0.04,0.00,0.00,0.00,0.00,0.03,0.06,314496,931608,1657382,330221,969587,1703138,0,518307342,1305455357,0,518292378,1305463219,0,213928,0,246.49,273.66,288.96
324,3,100,100,100,9532,9532,9532,87747,87747,87747,591,591,591,0.77,0.86,0.94,0.14,0.22,0.27,0.31,0.37,0.42,0.00,0.00,0.00,0.08,0.10,0.12,0.00,0.00,0.00,0.02,0.09,0.14,309225,521539,1195163,322328,556658,1247583,0,522206916,1305461851,0,522207595,1305467092,0,401237,0,500.53,504.90,509.27
325,0,100,100,100,9466,9466,9466,87813,87813,87813,591,591,591,0.18,0.32,0.49,0.05,0.09,0.14,0.00,0.03,0.07,0.00,0.00,0.00,0.00,0.01,0.02,0.00,0.00,0.00,0.00,0.03,0.06,435013,494194,606265,450737,562477,663922,0,373784391,756524120,0,374555662,750152745,0,178960,0,190.06,203.10,218.60
325,1,100,100,100,15323,15323,15323,81956,81956,81956,591,591,591,0.40,0.55,0.73,0.11,0.14,0.17,0.04,0.07,0.12,0.00,0.00,0.00,0.01,0.02,0.03,0.00,0.00,0.00,0.04,0.05,0.07,247519,379113,568653,362564,442347,631545,0,370070871,756408367,0,371347974,750045740,0,253480,0,288.01,307.10,345.25
325,2,100,100,100,14711,14711,14711,82568,82568,82568,591,591,591,0.47,0.56,0.64,0.12,0.14,0.16,0.05,0.08,0.15,0.00,0.00,0.00,0.01,0.02,0.03,0.00,0.00,0.00,0.04,0.06,0.07,309262,372144,542452,345954,436615,600104,0,287607896,756401314,0,288585981,750038636,0,204094,0,264.72,287.72,314.38
325,3,100,100,100,9532,9532,9532,87747,87747,87747,591,591,591,0.88,0.91,0.95,0.16,0.19,0.25,0.15,0.29,0.38,0.00,0.00,0.00,0.05,0.07,0.12,0.00,0.00,0.00,0.03,0.07,0.11,309172,370072,558217,340801,430300,600149,0,289057481,746918209,0,286131212,766015528,0,299314,0,491.00,496.22,502.69
326,0,100,100,100,9466,9466,9466,87813,87813,87813,591,591,591,0.18,0.33,0.62,0.05,0.09,0.17,0.00,0.03,0.07,0.00,0.00,0.00,0.00,0.01,0.02,0.00,0.00,0.00,0.00,0.03,0.08,209656,731220,1905393,222760,775251,2007608,0,293686240,751594230,0,294055851,748077307,0,174929,0,191.06,199.68,202.94
326,1,100,100,100,15323,15323,15323,81956,81956,81956,591,591,591,0.18,0.56,0.92,0.05,0.14,0.22,0.00,0.06,0.12,0.00,0.00,0.00,0.00,0.02,0.03,0.00,0.00,0.00,0.00,0.05,0.09,319710,408830,542484,345916,452334,605380,0,293684629,751655007,0,294040028,748051713,0,297031,0,273.06,296.76,313.46
326,2,100,100,100,14711,14711,14711,82568,82568,82568,591,591,591,0.18,0.55,0.91,0.05,0.13,0.22,0.00,0.06,0.11,0.00,0.00,0.00,0.00,0.02,0.03,0.00,0.00,0.00,0.00,0.05,0.10,157246,457056,1061402,172970,499512,1129541,0,293710025,751779463,0,294062236,748170695,0,268032,0,264.74,279.86,292.37
326,3,100,100,100,9532,9532,9532,87747,87747,87747,591,591,591,0.94,0.96,0.99,0.16,0.19,0.21,0.14,0.15,0.16,0.00,0.00,0.00,0.04,0.04,0.05,0.00,0.00,0.00,0.05,0.07,0.11,0,412486,885742,44551,448127,911947,0,294230624,746323996,0,293153537,757053156,0,439835,0,481.21,489.23,494.48
327,0,100,100,100,9466,9466,9466,87813,87813,87813,591,591,591,0.18,0.24,0.48,0.05,0.07,0.13,0.00,0.01,0.05,0.00,0.00,0.00,0.00,0.00,0.01,0.00,0.00,0.00,0.00,0.01,0.06,437698,557716,893678,450803,571869,906782,0,144461612,722308064,0,144092593,720462968,0,138032,0,164.26,176.67,197.37
327,1,100,100,100,15323,15323,15323,81956,81956,81956,591,591,591,0.18,0.34,0.92,0.05,0.09,0.22,0.00,0.03,0.11,0.00,0.00,0.00,0.00,0.01,0.03,0.00,0.00,0.00,0.00,0.02,0.09,319745,579727,1559407,335470,593355,1572512,0,144438478,722192390,0,144084676,720423384,0,187924,0,218.06,254.21,305.17
327,2,100,100,100,14711,14711,14711,82568,82568,82568,591,591,591,0.18,0.34,0.66,0.05,0.09,0.17,0.00,0.03,0.08,0.00,0.00,0.00,0.00,0.01,0.02,0.00,0.00,0.00,0.00,0.02,0.07,322372,395403,580106,338097,407983,590590,0,144416912,722084562,0,144064181,720320906,0,173714,0,200.77,227.88,267.15
327,3,100,100,100,9532,9532,9532,87747,87747,87747,591,591,591,0.94,0.95,0.99,0.16,0.19,0.22,0.14,0.15,0.16,0.00,0.00,0.00,0.04,0.05,0.05,0.00,0.00,0.00,0.05,0.08,0.10,311869,499499,822895,359042,537237,849102,0,143899740,719498703,0,144975277,724876388,0,402845,0,482.73,494.08,499.59
328,0,100,100,100,9466,9466,9466,87813,87813,87813,591,591,591,0.18,0.21,0.28,0.05,0.06,0.07,0.00,0.00,0.01,0.00,0.00,0.00,0.00,0.00,0.00,0.00,0.00,0.00,0.00,0.00,0.02,425343,541383,867537,440311,555077,880642,0,333852359,708607674,0,322134101,708597193,0,124697,0,148.00,164.76,174.42
328,1,100,100,100,15323,15323,15323,81956,81956,81956,591,591,591,0.18,0.25,0.31,0.05,0.06,0.08,0.00,0.01,0.02,0.00,0.00,0.00,0.00,0.00,0.01,0.00,0.00,0.00,0.00,0.01,0.02,317132,457313,741723,330236,471727,754827,0,336456659,708546242,0,324544147,708548862,0,93678,0,177.32,221.32,240.56
328,2,100,100,100,14711,14711,14711,82568,82568,82568,591,591,591,0.18,0.25,0.45,0.05,0.06,0.11,0.00,0.01,0.04,0.00,0.00,0.00,0.00,0.00,0.01,0.00,0.00,0.00,0.00,0.01,0.03,309249,384627,545313,322353,398950,560674,0,332415844,692343314,0,320499789,692345874,0,135479,0,160.35,200.30,222.77
328,3,100,100,100,9532,9532,9532,87747,87747,87747,591,591,591,0.93,0.96,0.99,0.16,0.18,0.21,0.14,0.15,0.16,0.00,0.00,0.00,0.04,0.05,0.05,0.00,0.00,0.00,0.05,0.07,0.11,303986,504377,686620,317089,519434,707586,0,318553945,708713270,0,354277187,708718511,0,380670,0,485.64,498.29,506.19
329,0,85,96,100,9466,9466,9466,87813,87813,87813,591,591,591,0.46,0.83,0.94,0.18,0.26,0.37,0.15,0.22,0.42,0.00,0.00,0.00,0.03,0.07,0.10,0.00,0.00,0.00,0.11,0.14,0.24,31447,501741,773096,62895,580881,896267,0,1465866660,0,0,1461708427,0,0,467634,0,195.41,367.21,526.27
329,1,70,93,100,15323,15323,15323,81956,81956,81956,591,591,591,0.45,0.84,0.96,0.19,0.29,0.37,0.14,0.27,0.39,0.00,0.00,0.00,0.03,0.09,0.15,0.00,0.00,0.00,0.11,0.15,0.23,227240,371364,619181,329754,461372,757919,0,1433836081,0,0,1429787449,0,0,424640,0,220.81,373.98,536.25
329,2,40,88,100,14711,14711,14711,82568,82568,82568,591,591,591,0.01,0.26,0.55,0.00,0.11,0.23,0.00,0.09,0.22,0.00,0.00,0.00,0.00,0.02,0.04,0.00,0.00,0.00,0.00,0.07,0.18,324991,387859,586958,351201,536188,741559,0,0,0,0,0,0,0,139671,0,223.19,241.61,250.82
329,3,69,87,100,9532,9532,9532,87747,87747,87747,591,591,591,0.52,0.79,0.93,0.28,0.32,0.37,0.13,0.26,0.36,0.00,0.00,0.00,0.01,0.07,0.13,0.00,0.00,0.00,0.13,0.18,0.22,330187,436087,718047,400941,726994,1289442,0,0,0,0,0,0,0,363718,0,460.59,481.09,488.20
330,0,85,96,99,9466,9466,9466,87813,87813,87813,591,591,591,0.82,0.94,0.97,0.28,0.30,0.31,0.30,0.39,0.42,0.00,0.00,0.00,0.10,0.15,0.18,0.00,0.00,0.00,0.08,0.10,0.16,487433,1157240,2762183,534604,1296646,2804113,0,0,0,0,0,0,0,382972,0,500.88,517.79,524.48
330,1,0,66,99,15323,15323,15323,81956,81956,81956,591,591,591,0.06,0.42,0.96,0.03,0.17,0.34,0.02,0.14,0.39,0.00,0.00,0.00,0.00,0.04,0.15,0.00,0.00,0.00,0.02,0.09,0.18,322383,544030,864868,456055,860595,1700907,0,0,0,0,0,0,0,247662,0,318.27,428.92,535.24
330,2,100,100,100,14711,14711,14711,82568,82568,82568,591,591,591,0.01,0.01,0.01,0.00,0.00,0.00,0.00,0.00,0.00,0.00,0.00,0.00,0.00,0.00,0.00,0.00,0.00,0.00,0.00,0.00,0.00,5241,259968,330312,18346,274121,346042,0,0,0,0,0,0,0,122355,0,135.85,149.14,185.07
330,3,100,100,100,9532,9532,9532,87747,87747,87747,591,591,591,0.01,0.01,0.01,0.00,0.00,0.00,0.00,0.00,0.00,0.00,0.00,0.00,0.00,0.00,0.00,0.00,0.00,0.00,0.00,0.00,0.00,125804,505838,1323570,159876,523136,1336675,0,0,0,0,0,0,0,115830,0,146.11,260.46,391.08
331,0,67,91,100,9466,9466,9466,87813,87813,87813,591,591,591,0.49,0.75,0.96,0.24,0.33,0.52,0.13,0.23,0.37,0.00,0.00,0.00,0.01,0.05,0.10,0.00,0.00,0.00,0.11,0.23,0.44,458617,543367,783593,526754,1089430,1551462,0,194040514,716354889,0,151276661,756383308,0,311917,0,465.65,469.90,476.68
331,1,100,100,100,15323,15323,15323,81956,81956,81956,591,591,591,0.01,0.55,0.91,0.00,0.21,0.44,0.00,0.17,0.35,0.00,0.00,0.00,0.00,0.04,0.08,0.00,0.00,0.00,0.00,0.12,0.33,322377,393095,531921,335481,588584,901383,0,173643696,741427989,0,187902615,728004517,0,361647,0,242.87,313.18,391.35
331,2,87,97,100,14711,14711,14711,82568,82568,82568,591,591,591,0.01,0.15,0.20,0.00,0.04,0.06,0.00,0.01,0.03,0.00,0.00,0.00,0.00,0.00,0.00,0.00,0.00,0.00,0.00,0.01,0.03,314498,520156,1051009,327603,561566,1064114,0,173680017,741471371,0,179446485,728034389,0,123373,0,135.62,149.88,156.10
331,3,99,99,100,9532,9532,9532,87747,87747,87747,591,591,591,0.01,0.33,0.84,0.00,0.12,0.33,0.00,0.08,0.27,0.00,0.00,0.00,0.00,0.02,0.06,0.00,0.00,0.00,0.00,0.07,0.19,309204,453918,615909,345955,589840,828197,0,124272416,494306970,0,139397645,485344189,0,239894,0,145.07,217.98,269.69
332,0,99,99,100,9466,9466,9466,87813,87813,87813,591,591,591,0.81,0.86,0.90,0.17,0.21,0.23,0.33,0.37,0.41,0.00,0.00,0.00,0.08,0.09,0.10,0.00,0.00,0.00,0.05,0.08,0.10,186068,903228,2151584,201792,941736,2201377,0,565417863,870328209,0,563945786,870321220,0,446606,0,491.46,498.83,505.58
332,1,100,100,100,15323,15323,15323,81956,81956,81956,591,591,591,0.33,0.56,0.77,0.08,0.16,0.23,0.07,0.16,0.24,0.00,0.00,0.00,0.01,0.04,0.05,0.00,0.00,0.00,0.01,0.06,0.09,327557,600253,1132104,343280,638260,1181896,0,563530051,854559830,0,564079532,854561546,0,313576,0,367.62,400.72,424.15
332,2,100,100,100,14711,14711,14711,82568,82568,82568,591,591,591,0.20,0.20,0.21,0.06,0.06,0.06,0.01,0.01,0.01,0.00,0.00,0.00,0.00,0.00,0.00,0.00,0.00,0.00,0.01,0.01,0.01,309175,445027,904224,353717,487385,954022,0,647329307,1212512005,0,647750483,1248926868,0,125736,0,153.43,156.55,161.00
332,3,100,100,100,9532,9532,9532,87747,87747,87747,591,591,591,0.33,0.37,0.42,0.10,0.12,0.13,0.06,0.08,0.09,0.00,0.00,0.00,0.01,0.02,0.02,0.00,0.00,0.00,0.03,0.04,0.04,291097,355922,479508,342619,399770,529293,0,648909205,1305270796,0,649435262,1305278657,0,170996,0,247.77,258.84,283.56
333,0,99,99,100,9466,9466,9466,87813,87813,87813,591,591,591,0.80,0.84,0.90,0.19,0.22,0.25,0.33,0.36,0.40,0.00,0.00,0.00,0.08,0.09,0.10,0.00,0.00,0.00,0.07,0.09,0.11,479583,681367,1019466,516275,723821,1069260,0,783276902,1305517835,0,783276902,1305512594,0,394681,0,493.00,496.31,499.56
333,1,100,100,100,15323,15323,15323,81956,81956,81956,591,591,591,0.43,0.65,0.77,0.14,0.18,0.22,0.11,0.20,0.25,0.00,0.00,0.00,0.03,0.05,0.06,0.00,0.00,0.00,0.04,0.07,0.08,309250,613248,1475477,353796,655179,1525271,0,783297487,1305517512,0,783296964,1305517512,0,369132,0,371.41,406.50,425.26
333,2,100,100,100,14711,14711,14711,82568,82568,82568,591,591,591,0.18,0.21,0.23,0.05,0.06,0.07,0.00,0.01,0.02,0.00,0.00,0.00,0.00,0.00,0.00,0.00,0.00,0.00,0.00,0.01,0.01,311875,317115,324978,327600,365337,398361,0,783318521,1305540045,0,783318528,1305547907,0,92548,0,154.12,157.10,159.54
333,3,100,100,100,9532,9532,9532,87747,87747,87747,591,591,591,0.32,0.42,0.54,0.09,0.12,0.15,0.05,0.09,0.15,0.00,0.00,0.00,0.01,0.02,0.03,0.00,0.00,0.00,0.02,0.04,0.06,144143,501621,820310,159868,544078,870105,0,783327503,1305545704,0,783328019,1305543083,0,242005,0,248.77,267.05,282.29
334,0,99,99,100,9466,9466,9466,87813,87813,87813,591,591,591,0.80,0.84,0.93,0.17,0.22,0.24,0.33,0.36,0.42,0.00,0.00,0.00,0.07,0.09,0.11,0.00,0.00,0.00,0.05,0.09,0.11,437648,664606,1142644,466475,725931,1195059,0,661904872,1305521177,0,655157548,1305510694,0,404893,0,497.87,500.07,504.06
334,1,100,100,100,15323,15323,15323,81956,81956,81956,591,591,591,0.36,0.68,0.86,0.11,0.18,0.23,0.08,0.19,0.28,0.00,0.00,0.00,0.03,0.05,0.07,0.00,0.00,0.00,0.03,0.07,0.09,330192,433982,532001,364259,501071,594898,0,658526170,1305445355,0,660771601,1305453217,0,312319,0,365.24,397.00,416.87
334,2,100,100,100,14711,14711,14711,82568,82568,82568,591,591,591,0.20,0.21,0.23,0.06,0.06,0.06,0.01,0.01,0.01,0.00,0.00,0.00,0.00,0.00,0.00,0.00,0.00,0.00,0.01,0.01,0.01,216662,499870,1166255,248113,567487,1331365,429842654,615572441,681738514,431626625,617645014,692985107,0,143351,0,154.73,155.70,156.42
334,3,100,100,100,9532,9532,9532,87747,87747,87747,591,591,591,0.27,0.41,0.58,0.08,0.12,0.17,0.04,0.08,0.16,0.00,0.00,0.00,0.01,0.02,0.04,0.00,0.00,0.00,0.02,0.05,0.06,317101,398350,529395,348549,469110,560844,0,658535877,1305547166,0,660787046,1305544545,0,212174,0,249.81,263.52,281.64
335,0,100,100,100,9466,9466,9466,87813,87813,87813,591,591,591,0.89,0.93,0.95,0.18,0.20,0.21,0.15,0.19,0.32,0.00,0.00,0.00,0.04,0.05,0.07,0.00,0.00,0.00,0.07,0.09,0.11,487035,556918,718266,540583,608911,774701,0,367912416,740554188,0,368471612,749785806,0,437833,0,480.40,485.89,491.82
335,1,100,100,100,15323,15323,15323,81956,81956,81956,591,591,591,0.53,0.84,0.96,0.14,0.20,0.23,0.06,0.11,0.12,0.00,0.00,0.00,0.02,0.03,0.04,0.00,0.00,0.00,0.06,0.08,0.11,330199,383274,503177,379991,445515,576557,0,368303355,756455190,0,368053708,750086928,0,239468,0,400.07,414.00,429.08
335,2,100,100,100,14711,14711,14711,82568,82568,82568,591,591,591,0.18,0.21,0.24,0.05,0.06,0.07,0.00,0.00,0.01,0.00,0.00,0.00,0.00,0.00,0.00,0.00,0.00,0.00,0.00,0.01,0.01,319740,433098,634227,330240,488135,723333,0,368319942,756468223,0,368072305,750104982,0,125713,0,153.76,155.69,157.95
335,3,100,100,100,9532,9532,9532,87747,87747,87747,591,591,591,0.33,0.46,0.63,0.09,0.12,0.17,0.02,0.05,0.07,0.00,0.00,0.00,0.01,0.01,0.02,0.00,0.00,0.00,0.02,0.05,0.08,385276,450777,497942,474388,507999,553851,0,308591561,756507513,0,307894332,750143898,0,219025,0,262.75,274.11,295.18
336,0,100,100,100,9466,9466,9466,87813,87813,87813,591,591,591,0.93,0.94,0.95,0.19,0.20,0.21,0.15,0.15,0.15,0.00,0.00,0.00,0.04,0.04,0.05,0.00,0.00,0.00,0.08,0.09,0.10,461244,792644,1397652,487451,838244,1444823,0,434897926,746341289,0,438119232,757057482,0,383978,0,484.09,488.37,491.69
336,1,100,100,100,15323,15323,15323,81956,81956,81956,591,591,591,0.29,0.66,0.96,0.08,0.16,0.22,0.02,0.08,0.13,0.00,0.00,0.00,0.00,0.02,0.03,0.00,0.00,0.00,0.02,0.06,0.09,218840,596449,977543,254744,624072,990647,0,433665356,751603198,0,432600295,748086258,0,281347,0,332.37,371.85,419.11
336,2,100,100,100,14711,14711,14711,82568,82568,82568,591,591,591,0.18,0.20,0.23,0.05,0.06,0.06,0.00,0.00,0.01,0.00,0.00,0.00,0.00,0.00,0.00,0.00,0.00,0.00,0.00,0.01,0.01,306055,443858,836059,319759,466889,896339,0,435048174,751750740,0,433976199,748139175,0,116753,0,147.94,150.60,153.44
336,3,100,100,100,9532,9532,9532,87747,87747,87747,591,591,591,0.18,0.38,0.62,0.05,0.10,0.16,0.00,0.03,0.07,0.00,0.00,0.00,0.00,0.01,0.02,0.00,0.00,0.00,0.00,0.04,0.08,296121,418098,507601,309224,442425,576820,0,433241269,735402129,0,432183447,731892499,0,165881,0,221.66,243.83,272.73
337,0,86,95,100,9466,9466,9466,87813,87813,87813,591,591,591,0.76,0.87,0.95,0.19,0.28,0.38,0.15,0.22,0.30,0.00,0.00,0.00,0.04,0.06,0.08,0.00,0.00,0.00,0.08,0.15,0.21,476998,756843,985371,644734,916182,1399437,0,0,0,0,0,0,0,286624,0,475.13,481.22,486.99
337,1,73,94,100,15323,15323,15323,81956,81956,81956,591,591,591,0.18,0.56,0.89,0.05,0.20,0.33,0.00,0.15,0.35,0.00,0.00,0.00,0.00,0.04,0.07,0.00,0.00,0.00,0.00,0.12,0.21,361632,680843,1347093,377355,765748,1362818,0,0,0,0,0,0,0,360718,0,267.38,316.62,385.96
337,2,85,97,100,14711,14711,14711,82568,82568,82568,591,591,591,0.18,0.54,0.91,0.05,0.19,0.32,0.00,0.14,0.30,0.00,0.00,0.00,0.00,0.04,0.09,0.00,0.00,0.00,0.00,0.10,0.20,314501,452506,568685,327606,525010,710143,0,0,0,0,0,0,0,396644,0,144.36,238.81,389.97
337,3,80,96,100,9532,9532,9532,87747,87747,87747,591,591,591,0.18,0.55,0.93,0.05,0.19,0.36,0.00,0.15,0.42,0.00,0.00,0.00,0.00,0.04,0.07,0.00,0.00,0.00,0.00,0.11,0.24,146753,469634,959182,283023,551399,1077114,0,0,0,0,0,0,0,375230,0,194.34,257.60,357.81
338,0,100,100,100,9466,9466,9466,87813,87813,87813,591,591,591,0.01,0.04,0.18,0.00,0.02,0.09,0.00,0.01,0.04,0.00,0.00,0.00,0.00,0.00,0.00,0.00,0.00,0.00,0.00,0.01,0.07,424593,462738,581349,440316,541861,791478,0,0,0,0,0,0,0,110193,0,138.07,270.24,405.42
338,1,49,86,100,15323,15323,15323,81956,81956,81956,591,591,591,0.01,0.44,0.93,0.00,0.19,0.35,0.00,0.16,0.37,0.00,0.00,0.00,0.00,0.05,0.14,0.00,0.00,0.00,0.00,0.09,0.15,325000,514197,707667,338105,774175,1158358,0,0,0,0,0,0,0,201639,0,318.37,428.89,505.97
338,2,67,86,100,14711,14711,14711,82568,82568,82568,591,591,591,0.01,0.53,0.94,0.00,0.22,0.35,0.00,0.19,0.38,0.00,0.00,0.00,0.00,0.06,0.15,0.00,0.00,0.00,0.00,0.10,0.19,340689,709582,1537710,416689,1003627,1658212,0,0,0,0,0,0,0,226813,0,355.91,452.23,516.88
338,3,66,92,100,9532,9532,9532,87747,87747,87747,591,591,591,0.80,0.92,0.97,0.26,0.30,0.33,0.17,0.33,0.41,0.00,0.00,0.00,0.07,0.13,0.17,0.00,0.00,0.00,0.09,0.12,0.17,327551,436048,634208,385154,576501,835912,0,0,0,0,0,0,0,372294,0,430.79,482.94,503.80
339,0,99,99,100,9466,9466,9466,87813,87813,87813,591,591,591,0.01,0.25,0.48,0.00,0.09,0.22,0.00,0.05,0.14,0.00,0.00,0.00,0.00,0.01,0.02,0.00,0.00,0.00,0.00,0.04,0.15,458600,814041,2086217,474446,917299,2117667,0,302586444,741383541,0,317381462,727963589,0,193644,0,137.69,189.78,223.05
339,1,90,97,100,15323,15323,15323,81956,81956,81956,591,591,591,0.01,0.46,0.83,0.00,0.17,0.31,0.00,0.13,0.29,0.00,0.00,0.00,0.00,0.03,0.07,0.00,0.00,0.00,0.00,0.10,0.25,309243,402766,488669,324967,566114,988008,0,302356631,741265039,0,316779163,727829128,0,373951,0,246.74,297.53,357.80
339,2,100,100,100,14711,14711,14711,82568,82568,82568,591,591,591,0.07,0.60,0.87,0.04,0.21,0.45,0.01,0.18,0.30,0.00,0.00,0.00,0.00,0.04,0.07,0.00,0.00,0.00,0.03,0.12,0.35,319870,428746,615826,380006,612088,988024,2620,432665737,1375521733,0,446907571,1364856778,0,340726,0,293.72,334.27,396.70
339,3,79,95,100,9532,9532,9532,87747,87747,87747,591,591,591,0.48,0.76,0.91,0.22,0.30,0.42,0.13,0.25,0.35,0.00,0.00,0.00,0.01,0.05,0.09,0.00,0.00,0.00,0.09,0.20,0.34,308052,466635,838068,359395,913231,1344156,0,318959629,706529643,0,274513783,746004058,0,299295,0,462.24,468.41,473.41
340,0,100,100,100,9466,9466,9466,87813,87813,87813,591,591,591,0.26,0.32,0.38,0.08,0.10,0.12,0.03,0.05,0.08,0.00,0.00,0.00,0.01,0.01,0.02,0.00,0.00,0.00,0.02,0.03,0.05,440284,615869,1294654,471733,665662,1362794,644722874,915447166,1305525865,647409176,914912015,1305523244,0,183119,0,206.84,224.41,239.15
340,1,100,100,100,15323,15323,15323,81956,81956,81956,591,591,591,0.36,0.59,0.78,0.13,0.17,0.23,0.07,0.16,0.24,0.00,0.00,0.00,0.02,0.04,0.05,0.00,0.00,0.00,0.05,0.07,0.09,154589,506329,948772,201751,555597,998570,644719477,915405758,1305468439,647392607,914871083,1305460577,0,272652,0,354.09,377.83,408.88
340,2,100,100,100,14711,14711,14711,82568,82568,82568,591,591,591,0.53,0.71,0.80,0.13,0.21,0.27,0.15,0.22,0.25,0.00,0.00,0.00,0.04,0.05,0.06,0.00,0.00,0.00,0.03,0.09,0.12,330220,399397,581789,374754,459150,660409,644740722,912244047,1305485259,647424423,912781347,1305485259,0,236194,0,382.58,407.14,440.18
340,3,99,99,99,9532,9532,9532,87747,87747,87747,591,591,591,0.80,0.83,0.84,0.22,0.23,0.24,0.33,0.35,0.35,0.00,0.00,0.00,0.08,0.08,0.09,0.00,0.00,0.00,0.09,0.10,0.10,335463,493841,678762,390500,545968,731176,648734335,920559058,1335011411,640691394,922166725,1335027491,0,433991,0,479.00,483.30,491.41
341,0,100,100,100,9466,9466,9466,87813,87813,87813,591,591,591,0.26,0.32,0.38,0.08,0.10,0.12,0.03,0.05,0.08,0.00,0.00,0.00,0.01,0.01,0.02,0.00,0.00,0.00,0.02,0.03,0.05,432407,451819,471757,487441,501877,516289,660832913,979141103,1305470830,647394925,912790605,1305473451,0,187601,0,220.90,224.93,230.19
341,1,100,100,100,15323,15323,15323,81956,81956,81956,591,591,591,0.40,0.53,0.76,0.13,0.16,0.23,0.09,0.14,0.24,0.00,0.00,0.00,0.02,0.04,0.05,0.00,0.00,0.00,0.05,0.06,0.09,435054,773129,1216061,471745,824889,1265856,644724961,979152400,1305557190,647408618,979153075,1305554172,0,219270,0,358.08,366.59,377.54
341,2,100,100,100,14711,14711,14711,82568,82568,82568,591,591,591,0.51,0.69,0.92,0.14,0.18,0.25,0.14,0.18,0.26,0.00,0.00,0.00,0.02,0.05,0.07,0.00,0.00,0.00,0.05,0.08,0.11,162481,760636,1137375,230619,752645,1184548,644711330,919601338,1305474401,647392288,979089627,1305406958,0,376672,0,383.42,392.94,400.90
341,3,100,100,100,9532,9532,9532,87747,87747,87747,591,591,591,0.81,0.83,0.84,0.22,0.23,0.24,0.34,0.35,0.35,0.00,0.00,0.00,0.08,0.08,0.09,0.00,0.00,0.00,0.09,0.10,0.11,327565,782278,2072986,382596,836002,2122780,648687513,979115124,1305502153,640606346,911414577,1305507394,0,388916,0,485.01,488.36,489.93
342,0,100,100,100,9466,9466,9466,87813,87813,87813,591,591,591,0.18,0.31,0.42,0.05,0.09,0.12,0.00,0.02,0.04,0.00,0.00,0.00,0.00,0.01,0.01,0.00,0.00,0.00,0.00,0.04,0.07,270928,1019656,2013510,350513,1097440,2133100,0,595659184,951898855,0,468179575,951248627,0,187526,0,217.76,226.39,235.95
342,1,100,100,100,15323,15323,15323,81956,81956,81956,591,591,591,0.68,0.77,0.88,0.16,0.20,0.24,0.08,0.12,0.19,0.00,0.00,0.00,0.00,0.02,0.03,0.00,0.00,0.00,0.07,0.09,0.12,322287,388300,581666,393033,488812,642802,0,657160566,1359336425,0,661297005,1403642047,0,317274,0,351.12,379.84,401.91
342,2,100,100,100,14711,14711,14711,82568,82568,82568,591,591,591,0.48,0.82,0.93,0.21,0.22,0.23,0.11,0.14,0.23,0.00,0.00,0.00,0.01,0.03,0.03,0.00,0.00,0.00,0.04,0.09,0.11,317862,604495,1627827,356421,668729,1707547,0,445733009,766231219,0,583363304,762566447,0,310873,0,385.94,411.45,431.27
342,3,100,100,100,9532,9532,9532,87747,87747,87747,591,591,591,0.80,0.90,0.95,0.21,0.21,0.22,0.15,0.21,0.33,0.00,0.00,0.00,0.04,0.06,0.08,0.00,0.00,0.00,0.09,0.10,0.11,220139,386275,594820,352922,461575,644607,0,616686836,963627606,0,483927841,953876805,0,390529,0,479.83,482.31,485.81
343,0,77,95,100,9466,9466,9466,87813,87813,87813,591,591,591,0.18,0.45,0.90,0.05,0.16,0.35,0.00,0.12,0.38,0.00,0.00,0.00,0.00,0.02,0.06,0.00,0.00,0.00,0.00,0.05,0.18,434923,686586,1124274,450643,613728,943323,0,0,0,0,0,0,0,270423,0,176.92,223.20,300.66
343,1,86,97,100,15323,15323,15323,81956,81956,81956,591,591,591,0.18,0.42,0.77,0.05,0.13,0.25,0.00,0.07,0.22,0.00,0.00,0.00,0.00,0.03,0.08,0.00,0.00,0.00,0.00,0.06,0.20,15724,505281,1307830,31448,540396,1318314,0,0,0,0,0,0,0,275330,0,267.19,316.94,360.90
343,2,76,95,100,14711,14711,14711,82568,82568,82568,591,591,591,0.18,0.60,0.90,0.05,0.15,0.22,0.00,0.08,0.18,0.00,0.00,0.00,0.00,0.03,0.07,0.00,0.00,0.00,0.00,0.10,0.20,332832,381573,542478,348556,486563,695305,0,0,0,0,0,0,0,317444,0,299.02,343.96,386.89
343,3,100,100,100,9532,9532,9532,87747,87747,87747,591,591,591,0.78,0.90,0.95,0.21,0.26,0.40,0.15,0.17,0.25,0.00,0.00,0.00,0.04,0.04,0.05,0.00,0.00,0.00,0.10,0.16,0.26,322069,385029,560830,358364,441782,573933,0,0,0,0,0,0,0,441386,0,484.08,488.07,492.17
344,0,96,97,100,9466,9466,9466,87813,87813,87813,591,591,591,0.79,0.90,0.94,0.27,0.32,0.34,0.16,0.29,0.38,0.00,0.00,0.00,0.06,0.11,0.15,0.00,0.00,0.00,0.11,0.15,0.23,524116,708883,943437,663055,957585,1281516,0,0,0,0,0,0,0,285981,0,374.53,453.21,507.07
344,1,97,99,100,15323,15323,15323,81956,81956,81956,591,591,591,0.89,0.93,0.95,0.22,0.27,0.39,0.15,0.25,0.44,0.00,0.00,0.00,0.07,0.09,0.15,0.00,0.00,0.00,0.09,0.14,0.26,327575,443407,683949,356413,511020,715448,0,0,0,0,0,0,0,439173,0,407.92,491.45,545.20
344,2,98,98,100,14711,14711,14711,82568,82568,82568,591,591,591,0.92,0.94,0.96,0.26,0.30,0.32,0.16,0.31,0.40,0.00,0.00,0.00,0.07,0.12,0.16,0.00,0.00,0.00,0.11,0.11,0.13,104827,631403,1449245,117931,701689,1496417,0,0,0,0,0,0,0,419918,0,402.25,476.83,521.60
344,3,97,99,100,9532,9532,9532,87747,87747,87747,591,591,591,0.88,0.94,0.98,0.22,0.23,0.25,0.16,0.23,0.46,0.00,0.00,0.00,0.07,0.08,0.09,0.00,0.00,0.00,0.10,0.10,0.12,317106,467001,932972,343313,531994,1153112,0,0,0,0,0,0,0,406411,0,498.03,506.38,512.71
345,0,77,95,100,9466,9466,9466,87813,87813,87813,591,591,591,0.01,0.10,0.49,0.00,0.05,0.26,0.00,0.02,0.12,0.00,0.00,0.00,0.00,0.00,0.01,0.00,0.00,0.00,0.00,0.04,0.19,411486,454468,505846,427211,640559,1331467,0,0,0,0,0,0,0,123383,0,157.72,293.17,440.06
345,1,92,97,99,15323,15323,15323,81956,81956,81956,591,591,591,0.91,0.95,0.97,0.27,0.29,0.30,0.36,0.40,0.42,0.00,0.00,0.00,0.14,0.17,0.18,0.00,0.00,0.00,0.08,0.09,0.12,332826,463944,639874,374757,553217,915898,0,0,0,0,0,0,0,435831,0,523.63,540.85,549.29
345,2,75,94,100,14711,14711,14711,82568,82568,82568,591,591,591,0.01,0.37,0.95,0.00,0.16,0.31,0.00,0.12,0.39,0.00,0.00,0.00,0.00,0.03,0.16,0.00,0.00,0.00,0.00,0.09,0.22,311889,423832,660561,324993,768515,1349037,0,0,0,0,0,0,0,141954,0,277.50,417.89,522.38
345,3,98,98,99,9532,9532,9532,87747,87747,87747,591,591,591,0.97,0.97,0.98,0.27,0.28,0.31,0.41,0.42,0.43,0.00,0.00,0.00,0.17,0.18,0.18,0.00,0.00,0.00,0.07,0.08,0.09,232367,443768,833382,267310,482729,875313,0,0,0,0,0,0,0,311403,0,509.28,512.64,516.60
346,0,90,98,100,9466,9466,9466,87813,87813,87813,591,591,591,0.01,0.36,0.88,0.00,0.15,0.45,0.00,0.11,0.29,0.00,0.00,0.00,0.00,0.02,0.07,0.00,0.00,0.00,0.00,0.09,0.34,405445,1071935,1949749,476718,1242591,2007403,0,8471444,42354647,0,33853842,169269214,0,261675,0,136.52,189.59,292.61
346,1,71,87,100,15323,15323,15323,81956,81956,81956,591,591,591,0.01,0.46,0.87,0.00,0.27,0.54,0.00,0.10,0.16,0.00,0.00,0.00,0.00,0.01,0.02,0.00,0.00,0.00,0.00,0.22,0.46,309233,789686,1472998,579153,1344027,2151835,0,8469584,42347923,0,524,2620,0,330499,0,350.30,400.03,481.32
346,2,100,100,100,14711,14711,14711,82568,82568,82568,591,591,591,0.01,0.28,0.90,0.00,0.14,0.42,0.00,0.07,0.26,0.00,0.00,0.00,0.00,0.01,0.06,0.00,0.00,0.00,0.00,0.11,0.30,298897,673458,1174196,312241,875176,1514110,0,8467015,42335077,0,0,0,0,251307,0,136.50,194.90,279.19
346,3,63,82,100,9532,9532,9532,87747,87747,87747,591,591,591,0.45,0.70,0.92,0.23,0.36,0.54,0.12,0.18,0.37,0.00,0.00,0.00,0.01,0.04,0.14,0.00,0.00,0.00,0.13,0.27,0.46,324962,417155,607928,676131,1150990,1548644,0,8444311,42221556,0,0,0,0,411630,0,457.58,474.92,511.15
347,0,100,100,100,9466,9466,9466,87813,87813,87813,591,591,591,0.20,0.37,0.55,0.06,0.10,0.14,0.01,0.08,0.16,0.00,0.00,0.00,0.00,0.02,0.04,0.00,0.00,0.00,0.01,0.03,0.06,437640,537767,691868,471707,559524,704972,0,367632018,754837425,0,415134257,734695499,0,208417,0,246.98,296.51,333.91
347,1,100,100,100,15323,15323,15323,81956,81956,81956,591,591,591,0.87,0.93,0.99,0.16,0.22,0.27,0.32,0.38,0.44,0.00,0.00,0.00,0.07,0.10,0.12,0.00,0.00,0.00,0.03,0.08,0.12,330204,509040,707531,364273,545728,741597,2620,367650254,741448955,0,350547549,761589404,0,304127,0,412.21,490.37,535.22
347,2,100,100,100,14711,14711,14711,82568,82568,82568,591,591,591,0.20,0.57,0.84,0.13,0.18,0.23,0.11,0.21,0.32,0.00,0.00,0.00,0.00,0.04,0.08,0.00,0.00,0.00,0.01,0.06,0.09,361644,1033897,1708816,332843,927231,1740267,0,294185697,741497985,42349115,387526816,728068574,0,243368,0,339.84,384.14,435.47
347,3,100,100,100,9532,9532,9532,87747,87747,87747,591,591,591,0.79,0.88,0.99,0.15,0.22,0.32,0.31,0.36,0.47,0.00,0.00,0.00,0.06,0.10,0.13,0.00,0.00,0.00,0.03,0.09,0.18,319637,571939,1250064,353767,622384,1328685,84703032,367661747,741231505,0,280415959,761371288,0,391394,0,472.37,499.59,516.15
348,0,100,100,100,9466,9466,9466,87813,87813,87813,591,591,591,0.36,0.44,0.67,0.07,0.12,0.20,0.07,0.11,0.20,0.00,0.00,0.00,0.01,0.03,0.05,0.00,0.00,0.00,0.01,0.04,0.08,456027,539353,762649,487477,594905,812444,70989024,522197112,660768097,35494512,522202644,658118007,0,196673,0,280.82,284.91,291.82
348,1,100,100,100,15323,15323,15323,81956,81956,81956,591,591,591,0.82,0.90,0.93,0.18,0.22,0.27,0.28,0.33,0.37,0.00,0.00,0.00,0.06,0.08,0.10,0.00,0.00,0.00,0.05,0.08,0.12,330189,539863,741648,361635,574456,791440,2620,522194346,1305476865,184602043,522193674,1120876416,0,446941,0,501.11,516.80,526.53
348,2,100,100,100,14711,14711,14711,82568,82568,82568,591,591,591,0.32,0.60,0.81,0.06,0.16,0.21,0.01,0.17,0.28,0.00,0.00,0.00,0.01,0.04,0.07,0.00,0.00,0.00,0.01,0.05,0.08,214120,415064,859542,236568,454961,893609,73965185,609434163,1231519286,36983902,482000508,1268502366,0,254190,0,335.66,350.96,361.20
348,3,99,99,100,9532,9532,9532,87747,87747,87747,591,591,591,0.79,0.87,0.94,0.15,0.21,0.26,0.31,0.37,0.42,0.00,0.00,0.00,0.07,0.09,0.12,0.00,0.00,0.00,0.03,0.08,0.12,309243,429789,587035,340670,466479,639449,110784932,522200328,1194726698,0,522204134,1305527024,0,394647,0,491.25,494.53,496.77
349,0,100,100,100,9466,9466,9466,87813,87813,87813,591,591,591,0.21,0.43,0.70,0.05,0.13,0.20,0.01,0.10,0.21,0.00,0.00,0.00,0.00,0.02,0.05,0.00,0.00,0.00,0.00,0.04,0.08,440287,891632,2089027,479603,931986,2102099,70820376,522169006,660812172,35411495,522187576,658121963,0,214843,0,280.00,287.05,296.17
349,1,100,100,100,15323,15323,15323,81956,81956,81956,591,591,591,0.67,0.86,0.99,0.17,0.22,0.28,0.21,0.31,0.40,0.00,0.00,0.00,0.06,0.08,0.10,0.00,0.00,0.00,0.04,0.09,0.12,330183,696610,1095434,361629,734202,1145226,0,519529996,699135012,177921598,553335060,819723221,0,390813,0,493.29,496.11,498.51
349,2,100,100,100,14711,14711,14711,82568,82568,82568,591,591,591,0.18,0.58,0.85,0.07,0.16,0.24,0.06,0.18,0.28,0.00,0.00,0.00,0.00,0.04,0.07,0.00,0.00,0.00,0.00,0.06,0.10,327607,367331,448126,361678,589140,1289414,0,390041630,644716839,35641058,525032182,672292432,0,306549,0,355.16,359.87,368.25
349,3,100,100,100,9532,9532,9532,87747,87747,87747,591,591,591,0.79,0.88,0.99,0.14,0.21,0.27,0.32,0.38,0.47,0.00,0.00,0.00,0.08,0.10,0.11,0.00,0.00,0.00,0.03,0.08,0.13,262055,371356,640815,295249,403306,688750,110794760,496200046,1120723188,0,607475493,1305489832,0,440585,0,489.68,490.83,492.83
350,0,100,100,100,9466,9466,9466,87813,87813,87813,591,591,591,0.25,0.47,0.73,0.07,0.13,0.20,0.02,0.12,0.23,0.00,0.00,0.00,0.00,0.03,0.05,0.00,0.00,0.00,0.00,0.04,0.08,407085,579868,1105890,438533,611323,1121614,70989289,477981873,660808240,35493334,478238411,658073879,0,155557,0,278.65,284.22,290.69
350,1,100,100,100,15323,15323,15323,81956,81956,81956,591,591,591,0.56,0.84,0.94,0.14,0.21,0.25,0.18,0.30,0.36,0.00,0.00,0.00,0.03,0.08,0.10,0.00,0.00,0.00,0.04,0.07,0.10,340676,552960,801925,390467,589998,835994,0,478138754,660791076,0,466009901,658112699,0,403197,0,497.79,500.77,504.92
350,2,100,100,100,14711,14711,14711,82568,82568,82568,591,591,591,0.26,0.61,0.85,0.05,0.16,0.22,0.00,0.17,0.28,0.00,0.00,0.00,0.01,0.04,0.07,0.00,0.00,0.00,0.02,0.06,0.08,322358,605387,1273690,351005,454395,592266,73936514,522195060,1231524485,0,514805051,1268510500,0,256056,0,353.81,359.29,364.97
350,3,99,99,100,9532,9532,9532,87747,87747,87747,591,591,591,0.79,0.87,0.99,0.15,0.20,0.24,0.31,0.37,0.46,0.00,0.00,0.00,0.06,0.10,0.13,0.00,0.00,0.00,0.03,0.07,0.10,314490,538287,1056132,348560,573404,1074477,106776950,522198536,660799215,0,389241472,664808966,0,387710,0,489.26,490.57,493.42
351,0,100,100,100,9466,9466,9466,87813,87813,87813,591,591,591,0.46,0.62,0.72,0.10,0.16,0.21,0.05,0.10,0.21,0.00,0.00,0.00,0.01,0.03,0.05,0.00,0.00,0.00,0.01,0.06,0.09,592285,1634687,2649645,458602,1466037,2825240,84914275,533012787,677891278,42458448,512784510,710804143,0,310696,0,282.12,304.61,325.83
351,1,100,100,100,15323,15323,15323,81956,81956,81956,591,591,591,0.56,0.86,0.95,0.12,0.19,0.25,0.14,0.23,0.38,0.00,0.00,0.00,0.04,0.06,0.08,0.00,0.00,0.00,0.03,0.07,0.09,338069,396241,537235,356424,454421,683993,2620,548705036,756451079,212742733,510326765,658121553,0,462363,0,485.56,494.80,503.43
351,2,100,100,100,14711,14711,14711,82568,82568,82568,591,591,591,0.69,0.81,0.92,0.07,0.17,0.21,0.04,0.15,0.29,0.00,0.00,0.00,0.03,0.04,0.08,0.00,0.00,0.00,0.06,0.07,0.08,335443,465146,948955,392716,568653,980412,73975756,608199661,1231856776,36968257,500541719,1121033470,0,246730,0,355.66,376.45,411.07
351,3,100,100,100,9532,9532,9532,87747,87747,87747,591,591,591,0.78,0.88,0.99,0.19,0.21,0.27,0.27,0.37,0.46,0.00,0.00,0.00,0.06,0.09,0.12,0.00,0.00,0.00,0.06,0.09,0.13,317110,393097,587013,374764,450752,618460,0,526561641,1194707752,0,684074755,1305507050,0,297357,0,490.14,493.40,496.22
352,0,100,100,100,9466,9466,9466,87813,87813,87813,591,591,591,0.26,0.61,0.93,0.06,0.15,0.23,0.01,0.07,0.12,0.00,0.00,0.00,0.00,0.02,0.03,0.00,0.00,0.00,0.01,0.06,0.11,358176,1224119,2837639,389626,1271241,2855980,0,242881694,632707197,0,243817267,680043116,0,265980,0,282.59,307.39,329.02
352,1,100,100,100,15323,15323,15323,81956,81956,81956,591,591,591,0.95,0.96,0.99,0.19,0.21,0.22,0.12,0.14,0.15,0.00,0.00,0.00,0.04,0.04,0.04,0.00,0.00,0.00,0.04,0.08,0.09,141517,564537,926433,186068,606340,973878,0,286781763,751673426,0,286236426,546793562,0,399083,0,494.48,501.97,515.54
352,2,100,100,100,14711,14711,14711,82568,82568,82568,591,591,591,0.27,0.77,0.96,0.08,0.18,0.23,0.02,0.10,0.12,0.00,0.00,0.00,0.00,0.03,0.04,0.00,0.00,0.00,0.04,0.07,0.09,348458,1030907,1475418,395618,1077851,1514727,0,299586797,671068931,0,301050794,717892926,0,329964,0,371.50,388.81,434.66
352,3,100,100,100,9532,9532,9532,87747,87747,87747,591,591,591,0.94,0.96,0.99,0.16,0.18,0.21,0.14,0.15,0.16,0.00,0.00,0.00,0.04,0.04,0.05,0.00,0.00,0.00,0.06,0.07,0.10,310990,427000,838627,351175,464738,875317,0,253784571,625520939,0,245906472,757056867,0,440519,0,492.94,496.28,501.18
353,0,100,100,100,9466,9466,9466,87813,87813,87813,591,591,591,0.18,0.33,0.57,0.05,0.09,0.14,0.00,0.02,0.07,0.00,0.00,0.00,0.00,0.01,0.02,0.00,0.00,0.00,0.00,0.03,0.06,427160,612218,891132,442884,651927,901616,0,200625858,643673306,0,285992795,681106198,0,211333,0,210.40,252.98,295.26
353,1,100,100,100,15323,15323,15323,81956,81956,81956,591,591,591,0.94,0.96,0.98,0.18,0.19,0.21,0.12,0.14,0.15,0.00,0.00,0.00,0.04,0.04,0.05,0.00,0.00,0.00,0.04,0.07,0.10,330206,465377,553838,372137,498572,602758,0,180546678,722179727,0,213643699,523592029,0,292570,0,482.02,494.56,503.47
353,2,100,100,100,14711,14711,14711,82568,82568,82568,591,591,591,0.18,0.57,0.94,0.05,0.14,0.24,0.00,0.06,0.12,0.00,0.00,0.00,0.00,0.02,0.04,0.00,0.00,0.00,0.00,0.05,0.10,327571,350525,369521,327621,364813,393106,0,160554125,722080981,0,190162263,720309473,0,207406,0,278.22,322.06,368.96
353,3,100,100,100,9532,9532,9532,87747,87747,87747,591,591,591,0.94,0.95,0.97,0.16,0.19,0.21,0.15,0.15,0.15,0.00,0.00,0.00,0.04,0.05,0.05,0.00,0.00,0.00,0.06,0.08,0.10,330222,535265,723263,377396,576540,767812,0,210075404,719490150,0,144976186,724880934,0,398034,0,486.39,490.39,495.42
354,0,95,99,100,9466,9466,9466,87813,87813,87813,591,591,591,0.18,0.45,0.98,0.05,0.16,0.40,0.00,0.13,0.46,0.00,0.00,0.00,0.00,0.02,0.08,0.00,0.00,0.00,0.00,0.04,0.16,461074,855805,2196270,511088,899228,2214616,0,0,0,0,0,0,0,258794,0,199.55,229.95,286.51
354,1,75,95,100,15323,15323,15323,81956,81956,81956,591,591,591,0.18,0.63,0.95,0.05,0.16,0.22,0.00,0.09,0.15,0.00,0.00,0.00,0.00,0.03,0.06,0.00,0.00,0.00,0.00,0.07,0.15,335445,507893,628996,348548,546151,644721,0,0,0,0,0,0,0,271795,0,367.50,411.85,484.91
354,2,90,97,100,14711,14711,14711,82568,82568,82568,591,591,591,0.18,0.41,0.88,0.05,0.09,0.15,0.00,0.03,0.08,0.00,0.00,0.00,0.00,0.02,0.07,0.00,0.00,0.00,0.00,0.06,0.27,306630,374772,592344,302474,396997,608070,78842165,1727469794,0,0,300065978,669263939,0,234104,0,222.34,260.98,296.73
354,3,92,98,100,9532,9532,9532,87747,87747,87747,591,591,591,0.86,0.93,0.95,0.17,0.23,0.36,0.12,0.15,0.16,0.00,0.00,0.00,0.03,0.04,0.05,0.00,0.00,0.00,0.07,0.12,0.25,314483,419299,728557,327587,452842,741661,0,1907081257,0,0,0,0,0,395921,0,490.30,495.10,497.96
355,0,99,99,100,9466,9466,9466,87813,87813,87813,591,591,591,0.88,0.94,0.97,0.23,0.26,0.32,0.15,0.25,0.40,0.00,0.00,0.00,0.06,0.10,0.16,0.00,0.00,0.00,0.09,0.14,0.26,445522,621023,1006000,497932,694916,1019099,0,0,0,0,0,0,0,323047,0,337.11,458.93,525.66
355,1,49,87,100,15323,15323,15323,81956,81956,81956,591,591,591,0.76,0.88,0.94,0.27,0.32,0.35,0.16,0.31,0.41,0.00,0.00,0.00,0.01,0.09,0.15,0.00,0.00,0.00,0.11,0.15,0.24,7861,587818,1486441,78618,723612,1560635,0,0,0,0,0,0,0,383429,0,382.30,463.66,515.73
355,2,96,98,100,14711,14711,14711,82568,82568,82568,591,591,591,0.88,0.93,0.96,0.24,0.30,0.37,0.15,0.30,0.40,0.00,0.00,0.00,0.06,0.12,0.16,0.00,0.00,0.00,0.10,0.11,0.14,235448,451876,811877,347551,716473,1229094,0,0,0,0,1411664008,0,0,472913,0,322.34,464.55,526.35
355,3,99,99,100,9532,9532,9532,87747,87747,87747,591,591,591,0.86,0.91,0.95,0.24,0.26,0.30,0.16,0.26,0.38,0.00,0.00,0.00,0.07,0.08,0.10,0.00,0.00,0.00,0.07,0.12,0.19,335452,362890,421933,357383,435207,529386,0,537665949,0,0,0,0,0,448152,0,489.32,492.78,498.51
356,0,81,96,100,9466,9466,9466,87813,87813,87813,591,591,591,0.60,0.87,0.98,0.26,0.29,0.32,0.16,0.35,0.44,0.00,0.00,0.00,0.01,0.13,0.19,0.00,0.00,0.00,0.07,0.10,0.16,302175,564121,799266,495316,641839,833333,0,0,0,0,0,0,0,415482,0,497.63,522.49,532.22
356,1,78,95,100,15323,15323,15323,81956,81956,81956,591,591,591,0.01,0.12,0.38,0.00,0.06,0.20,0.00,0.03,0.10,0.00,0.00,0.00,0.00,0.00,0.00,0.00,0.00,0.00,0.00,0.05,0.15,317131,348239,421969,332856,570126,1055262,0,0,0,0,0,0,0,122103,0,168.32,286.67,427.19
356,2,59,83,100,14711,14711,14711,82568,82568,82568,591,591,591,0.01,0.29,0.77,0.00,0.20,0.32,0.00,0.17,0.40,0.00,0.00,0.00,0.00,0.02,0.08,0.00,0.00,0.00,0.00,0.09,0.17,304025,529365,1171440,317130,703882,1189618,0,0,0,0,0,0,0,153986,0,245.36,386.23,503.16
356,3,99,99,99,9532,9532,9532,87747,87747,87747,591,591,591,0.97,0.97,0.98,0.26,0.29,0.33,0.40,0.42,0.43,0.00,0.00,0.00,0.16,0.18,0.19,0.00,0.00,0.00,0.07,0.11,0.19,314475,543524,1192411,351176,605895,1231721,0,0,0,0,0,0,0,382074,0,485.34,501.21,508.64
357,0,92,98,100,9466,9466,9466,87813,87813,87813,591,591,591,0.24,0.77,0.93,0.14,0.31,0.53,0.04,0.25,0.42,0.00,0.00,0.00,0.01,0.06,0.11,0.00,0.00,0.00,0.09,0.24,0.45,461247,1099009,1901471,505779,1702577,2752680,0,25343838,84567456,0,152318734,761593674,0,424266,0,441.07,453.48,475.90
357,1,91,98,100,15323,15323,15323,81956,81956,81956,591,591,591,0.01,0.40,0.87,0.00,0.16,0.46,0.00,0.11,0.30,0.00,0.00,0.00,0.00,0.03,0.07,0.00,0.00,0.00,0.00,0.10,0.36,332836,505790,788842,382631,677533,1480717,0,8444682,42220792,0,33831475,126933964,0,310505,0,161.28,276.69,359.05
357,2,95,99,100,14711,14711,14711,82568,82568,82568,591,591,591,0.01,0.59,0.89,0.00,0.18,0.45,0.00,0.13,0.32,0.00,0.00,0.00,0.00,0.04,0.08,0.00,0.00,0.00,0.00,0.14,0.34,324961,407784,647376,393104,703376,896135,0,159444139,754867660,0,33855697,169275869,0,388824,0,188.87,288.87,412.49
357,3,68,88,100,9532,9532,9532,87747,87747,87747,591,591,591,0.52,0.74,0.97,0.26,0.35,0.53,0.13,0.20,0.38,0.00,0.00,0.00,0.01,0.04,0.11,0.00,0.00,0.00,0.12,0.25,0.45,306619,386775,461074,345929,1058120,1365295,0,25411916,84708273,0,152318686,761593430,0,313878,0,464.52,476.52,497.38
358,0,100,100,100,9466,9466,9466,87813,87813,87813,591,591,591,0.86,0.90,0.99,0.17,0.23,0.27,0.35,0.38,0.45,0.00,0.00,0.00,0.07,0.10,0.12,0.00,0.00,0.00,0.04,0.08,0.12,453379,612575,1003676,484827,621095,1035123,644696947,670475715,741424561,640692537,652735849,664795962,0,399204,0,502.63,513.46,525.10
358,1,100,100,100,15323,15323,15323,81956,81956,81956,591,591,591,0.38,0.54,0.75,0.08,0.15,0.24,0.09,0.15,0.23,0.00,0.00,0.00,0.02,0.03,0.05,0.00,0.00,0.00,0.00,0.05,0.11,144143,423508,602781,209663,462294,634230,642033598,673174607,754884139,646056447,669145488,734727653,0,300276,0,314.03,340.62,377.13
358,2,100,100,100,14711,14711,14711,82568,82568,82568,591,591,591,0.50,0.66,0.85,0.14,0.19,0.24,0.13,0.21,0.29,0.00,0.00,0.00,0.04,0.05,0.08,0.00,0.00,0.00,0.04,0.07,0.09,311886,426340,725930,324862,386257,453379,0,596156574,1305492244,0,614068269,1157716690,0,233795,0,400.27,418.77,456.97
358,3,99,99,100,9532,9532,9532,87747,87747,87747,591,591,591,0.86,0.89,0.94,0.18,0.22,0.27,0.36,0.38,0.43,0.00,0.00,0.00,0.07,0.09,0.12,0.00,0.00,0.00,0.05,0.09,0.12,317107,398338,676098,356414,439221,710165,0,656225416,1231532681,0,652737421,1305502267,0,402149,0,502.32,509.94,519.78
359,0,100,100,100,9466,9466,9466,87813,87813,87813,591,591,591,0.87,0.91,0.97,0.16,0.22,0.26,0.35,0.38,0.45,0.00,0.00,0.00,0.08,0.09,0.11,0.00,0.00,0.00,0.04,0.09,0.12,458625,504205,573932,508361,526738,552941,0,652727093,1305508438,0,522182653,1305505817,0,410997,0,500.67,507.00,515.49
359,1,100,100,100,15323,15323,15323,81956,81956,81956,591,591,591,0.27,0.46,0.71,0.07,0.14,0.20,0.05,0.11,0.22,0.00,0.00,0.00,0.01,0.03,0.05,0.00,0.00,0.00,0.01,0.05,0.08,350511,1009443,2102773,401349,1049238,2123313,0,645460550,1332881336,0,645372030,1332875984,0,221263,0,308.73,325.77,347.07
359,2,100,100,100,14711,14711,14711,82568,82568,82568,591,591,591,0.40,0.69,0.91,0.12,0.18,0.24,0.09,0.20,0.31,0.00,0.00,0.00,0.03,0.05,0.08,0.00,0.00,0.00,0.04,0.06,0.09,320576,805727,1784669,355305,747840,1818737,0,519777999,1305476374,0,649702944,1157697375,0,353137,0,374.86,390.24,404.56
359,3,99,99,100,9532,9532,9532,87747,87747,87747,591,591,591,0.86,0.91,0.99,0.16,0.21,0.27,0.35,0.39,0.46,0.00,0.00,0.00,0.08,0.10,0.12,0.00,0.00,0.00,0.04,0.08,0.12,216646,509492,985335,249842,551859,1035125,71278524,616824206,1305430113,0,479471662,1305432733,0,449050,0,495.87,498.38,501.65
360,0,100,100,100,9466,9466,9466,87813,87813,87813,591,591,591,0.87,0.91,0.94,0.19,0.22,0.25,0.35,0.39,0.41,0.00,0.00,0.00,0.07,0.10,0.11,0.00,0.00,0.00,0.06,0.08,0.11,526759,859393,2015214,555587,898879,2046660,0,479217797,1305486470,177910125,595314499,1120884663,0,458462,0,512.49,514.59,515.60
360,1,100,100,100,15323,15323,15323,81956,81956,81956,591,591,591,0.40,0.53,0.63,0.12,0.15,0.18,0.09,0.14,0.19,0.00,0.00,0.00,0.02,0.03,0.05,0.00,0.00,0.00,0.03,0.05,0.07,314477,386293,618482,348546,422459,631585,0,522205194,663490931,0,522204692,659468027,0,275982,0,310.08,326.17,343.33
360,2,100,100,100,14711,14711,14711,82568,82568,82568,591,591,591,0.48,0.65,0.86,0.09,0.19,0.24,0.13,0.22,0.29,0.00,0.00,0.00,0.03,0.05,0.07,0.00,0.00,0.00,0.01,0.07,0.10,330207,429268,736381,385249,479588,788793,642012356,650612617,663464912,0,522200633,659447312,0,335591,0,367.47,393.53,404.43
360,3,99,99,100,9532,9532,9532,87747,87747,87747,591,591,591,0.87,0.91,0.98,0.17,0.23,0.26,0.35,0.40,0.46,0.00,0.00,0.00,0.09,0.10,0.11,0.00,0.00,0.00,0.05,0.09,0.11,335445,544056,846482,385237,578649,859586,0,522197079,660770828,640690428,650337759,664801485,0,398057,0,498.57,500.29,502.34
361,0,100,100,100,9466,9466,9466,87813,87813,87813,591,591,591,0.86,0.91,0.99,0.18,0.21,0.26,0.15,0.30,0.44,0.00,0.00,0.00,0.05,0.08,0.12,0.00,0.00,0.00,0.05,0.08,0.12,445442,906213,2340261,476885,607980,851709,644597166,677640289,756464345,0,547237807,842699578,0,300270,0,499.14,506.04,509.92
361,1,100,100,100,15323,15323,15323,81956,81956,81956,591,591,591,0.33,0.58,0.83,0.11,0.15,0.19,0.06,0.11,0.19,0.00,0.00,0.00,0.02,0.03,0.05,0.00,0.00,0.00,0.04,0.06,0.07,0,525167,1417738,57653,595400,1470150,428001236,633332470,762790393,430679476,635332669,753246210,0,355311,0,327.49,349.97,369.24
361,2,100,100,100,14711,14711,14711,82568,82568,82568,591,591,591,0.28,0.79,0.96,0.07,0.18,0.22,0.05,0.17,0.29,0.00,0.00,0.00,0.02,0.04,0.08,0.00,0.00,0.00,0.02,0.07,0.10,330202,389432,584417,385215,504185,657644,0,547706034,1231507921,0,527767437,1268482719,0,357095,0,392.73,401.92,410.68
361,3,100,100,100,9532,9532,9532,87747,87747,87747,591,591,591,0.87,0.90,0.93,0.19,0.21,0.25,0.36,0.38,0.42,0.00,0.00,0.00,0.08,0.10,0.11,0.00,0.00,0.00,0.06,0.08,0.10,311865,382090,597480,340687,443938,639408,0,526366594,681661625,0,547235872,765928813,0,400315,0,496.91,499.84,502.61
362,0,100,100,100,9466,9466,9466,87813,87813,87813,591,591,591,0.94,0.95,0.95,0.19,0.20,0.20,0.15,0.15,0.15,0.00,0.00,0.00,0.04,0.04,0.05,0.00,0.00,0.00,0.09,0.09,0.09,463861,625757,846190,511033,971744,2387433,0,293674208,751603439,0,293150687,708709116,0,395007,0,493.66,497.35,501.02
362,1,100,100,100,15323,15323,15323,81956,81956,81956,591,591,591,0.35,0.66,0.94,0.07,0.16,0.23,0.03,0.08,0.12,0.00,0.00,0.00,0.00,0.02,0.03,0.00,0.00,0.00,0.01,0.07,0.11,319676,370396,439686,374820,424884,502499,0,293261319,715193907,0,293799120,719082354,0,269826,0,310.06,339.56,365.61
362,2,100,100,100,14711,14711,14711,82568,82568,82568,591,591,591,0.69,0.85,0.96,0.17,0.21,0.23,0.10,0.12,0.13,0.00,0.00,0.00,0.02,0.03,0.04,0.00,0.00,0.00,0.05,0.08,0.10,231237,537985,1181784,278179,533341,1244672,0,245804179,671007137,0,396231242,753089192,0,351152,0,379.70,412.50,428.05
362,3,100,100,100,9532,9532,9532,87747,87747,87747,591,591,591,0.93,0.95,0.97,0.17,0.19,0.22,0.15,0.15,0.16,0.00,0.00,0.00,0.04,0.05,0.05,0.00,0.00,0.00,0.06,0.08,0.11,232556,420212,757380,281149,463999,799312,0,436466870,756369377,0,293153911,757053355,0,440103,0,484.28,491.12,497.85
363,0,100,100,100,9466,9466,9466,87813,87813,87813,591,591,591,0.94,0.95,0.97,0.18,0.20,0.20,0.14,0.15,0.16,0.00,0.00,0.00,0.04,0.04,0.05,0.00,0.00,0.00,0.06,0.08,0.09,495307,843246,1532242,531996,944556,1565437,0,238946732,722250102,0,378518541,695259530,0,444465,0,494.01,495.99,498.12
363,1,100,100,100,15323,15323,15323,81956,81956,81956,591,591,591,0.18,0.39,0.88,0.05,0.10,0.21,0.00,0.03,0.11,0.00,0.00,0.00,0.00,0.01,0.03,0.00,0.00,0.00,0.00,0.03,0.09,306995,425415,555621,320343,439559,568725,0,286866852,708760558,0,286178634,708763179,0,210806,0,239.85,267.24,291.70
363,2,100,100,100,14711,14711,14711,82568,82568,82568,591,591,591,0.18,0.50,0.79,0.05,0.14,0.20,0.00,0.07,0.10,0.00,0.00,0.00,0.00,0.01,0.03,0.00,0.00,0.00,0.00,0.04,0.09,332811,433997,775732,345913,457579,788836,0,286538881,723921929,0,286000618,721230614,0,229268,0,273.04,320.12,355.73
363,3,100,100,100,9532,9532,9532,87747,87747,87747,591,591,591,0.94,0.95,0.96,0.17,0.19,0.20,0.15,0.15,0.16,0.00,0.00,0.00,0.04,0.04,0.05,0.00,0.00,0.00,0.06,0.08,0.09,317102,414591,702342,353782,452329,744273,0,286161290,708695373,0,286715539,724884946,0,391282,0,485.22,488.59,489.98
364,0,56,91,100,9466,9466,9466,87813,87813,87813,591,591,591,0.01,0.38,0.89,0.00,0.14,0.37,0.00,0.12,0.41,0.00,0.00,0.00,0.00,0.02,0.07,0.00,0.00,0.00,0.00,0.10,0.24,442944,623173,841269,453428,785729,1336596,0,0,0,0,0,0,0,234578,0,291.86,408.91,480.25
364,1,78,89,100,15323,15323,15323,81956,81956,81956,591,591,591,0.18,0.55,0.90,0.05,0.21,0.37,0.00,0.16,0.30,0.00,0.00,0.00,0.00,0.05,0.11,0.00,0.00,0.00,0.00,0.11,0.21,309259,439189,772912,322364,542958,964174,0,0,0,0,0,0,0,400846,0,237.47,318.34,417.81
364,2,81,95,100,14711,14711,14711,82568,82568,82568,591,591,591,0.18,0.68,0.92,0.05,0.19,0.36,0.00,0.14,0.36,0.00,0.00,0.00,0.00,0.06,0.14,0.00,0.00,0.00,0.00,0.14,0.23,309238,392565,542476,322342,485844,636819,0,0,0,0,0,0,0,410058,0,265.49,331.85,437.76
364,3,100,100,100,9532,9532,9532,87747,87747,87747,591,591,591,0.72,0.89,0.98,0.20,0.28,0.41,0.13,0.23,0.46,0.00,0.00,0.00,0.05,0.05,0.08,0.00,0.00,0.00,0.09,0.16,0.26,332811,388891,576483,348534,473798,699641,0,0,0,0,0,0,0,304043,0,471.01,480.13,487.24
365,0,100,100,100,9466,9466,9466,87813,87813,87813,591,591,591,0.01,0.01,0.01,0.00,0.00,0.00,0.00,0.00,0.00,0.00,0.00,0.00,0.00,0.00,0.00,0.00,0.00,0.00,0.00,0.00,0.00,427210,629013,825594,458659,647883,838699,0,0,0,0,0,0,0,109982,0,137.18,163.37,237.97
365,1,100,100,100,15323,15323,15323,81956,81956,81956,591,591,591,0.01,0.13,0.64,0.00,0.06,0.32,0.00,0.04,0.19,0.00,0.00,0.00,0.00,0.00,0.00,0.00,0.00,0.00,0.00,0.04,0.20,304025,614856,1354983,317130,785206,1373329,0,0,0,0,0,0,0,121261,0,152.16,279.11,411.46
365,2,44,77,100,14711,14711,14711,82568,82568,82568,591,591,591,0.01,0.28,0.81,0.00,0.16,0.36,0.00,0.14,0.36,0.00,0.00,0.00,0.00,0.02,0.11,0.00,0.00,0.00,0.00,0.07,0.13,314513,361146,469147,330241,609075,974859,0,0,0,0,0,0,0,123167,0,237.60,372.55,484.61
365,3,95,98,99,9532,9532,9532,87747,87747,87747,591,591,591,0.90,0.95,0.97,0.24,0.29,0.31,0.16,0.31,0.41,0.00,0.00,0.00,0.06,0.13,0.17,0.00,0.00,0.00,0.08,0.10,0.12,311860,474332,647318,348469,511545,697112,0,0,0,0,0,0,0,411643,0,501.30,509.49,516.64
366,0,90,97,100,9466,9466,9466,87813,87813,87813,591,591,591,0.01,0.06,0.22,0.00,0.02,0.09,0.00,0.01,0.04,0.00,0.00,0.00,0.00,0.00,0.01,0.00,0.00,0.00,0.00,0.01,0.05,214897,403620,529431,416692,464553,545156,0,0,0,0,31731495,126925981,0,140569,0,136.54,140.74,152.86
366,1,99,99,100,15323,15323,15323,81956,81956,81956,591,591,591,0.01,0.14,0.52,0.00,0.06,0.25,0.00,0.04,0.14,0.00,0.00,0.00,0.00,0.01,0.02,0.00,0.00,0.00,0.00,0.05,0.18,303762,355496,440243,317606,478194,893590,0,10588126,42352507,0,0,0,0,136914,0,150.27,166.58,213.95
366,2,100,100,100,14711,14711,14711,82568,82568,82568,591,591,591,0.01,0.01,0.03,0.00,0.00,0.01,0.00,0.00,0.01,0.00,0.00,0.00,0.00,0.00,0.00,0.00,0.00,0.00,0.00,0.00,0.01,39311,416941,1019342,55036,441162,1074370,0,655,2620,0,0,0,0,202214,0,136.75,158.81,179.60
366,3,47,74,100,9532,9532,9532,87747,87747,87747,591,591,591,0.36,0.58,0.95,0.18,0.26,0.39,0.10,0.18,0.40,0.00,0.00,0.00,0.01,0.05,0.16,0.00,0.00,0.00,0.10,0.19,0.32,414047,552724,895762,589624,1190996,1809089,0,10546330,42185321,0,654,2618,0,301555,0,405.88,449.83,502.75
367,0,100,100,100,9466,9466,9466,87813,87813,87813,591,591,591,0.18,0.20,0.20,0.05,0.05,0.06,0.00,0.00,0.01,0.00,0.00,0.00,0.00,0.00,0.00,0.00,0.00,0.00,0.00,0.00,0.01,435030,788285,1881846,468152,815949,1897572,0,432309482,741459288,0,421190370,728043065,0,125801,0,150.72,156.72,163.07
367,1,100,100,100,15323,15323,15323,81956,81956,81956,591,591,591,0.18,0.31,0.40,0.05,0.10,0.13,0.00,0.05,0.09,0.00,0.00,0.00,0.00,0.01,0.02,0.00,0.00,0.00,0.00,0.03,0.06,338059,695575,1601383,369507,733839,1669527,0,426319760,741524997,0,449020561,728071364,0,202548,0,222.23,237.78,260.00
367,2,100,100,100,14711,14711,14711,82568,82568,82568,591,591,591,0.31,0.48,0.85,0.09,0.16,0.36,0.05,0.12,0.25,0.00,0.00,0.00,0.01,0.03,0.05,0.00,0.00,0.00,0.02,0.08,0.24,335449,801438,1577701,351173,914306,2011001,0,426342843,741451170,0,434932278,728009645,0,211372,0,260.06,284.99,319.34
367,3,99,99,100,9532,9532,9532,87747,87747,87747,591,591,591,0.81,0.87,0.90,0.16,0.28,0.54,0.16,0.33,0.41,0.00,0.00,0.00,0.02,0.08,0.10,0.00,0.00,0.00,0.05,0.16,0.45,214899,386298,521508,251589,539886,1085109,0,490398660,870336130,0,454519859,870341372,0,390189,0,408.22,455.15,498.81
368,0,100,100,100,9466,9466,9466,87813,87813,87813,591,591,591,0.20,0.21,0.21,0.06,0.06,0.06,0.01,0.01,0.01,0.00,0.00,0.00,0.00,0.00,0.00,0.00,0.00,0.00,0.01,0.01,0.01,411992,660808,1354510,459148,701886,1387818,610552711,697263478,870348054,613094158,697204533,870341065,0,96046,0,153.38,157.72,161.78
368,1,100,100,100,15323,15323,15323,81956,81956,81956,591,591,591,0.29,0.33,0.35,0.10,0.10,0.10,0.04,0.06,0.07,0.00,0.00,0.00,0.01,0.01,0.02,0.00,0.00,0.00,0.03,0.03,0.03,314501,544074,956652,364297,586530,988103,644721600,651154990,660842325,647381638,651687534,658174182,0,191284,0,218.52,231.10,236.81
368,2,100,100,100,14711,14711,14711,82568,82568,82568,591,591,591,0.36,0.48,0.58,0.11,0.14,0.18,0.07,0.12,0.16,0.00,0.00,0.00,0.02,0.03,0.04,0.00,0.00,0.00,0.03,0.05,0.08,330216,395729,511051,377358,442903,563467,644737567,651145498,660734111,647418623,651681352,658053292,0,266150,0,260.34,283.17,300.57
368,3,99,99,100,9532,9532,9532,87747,87747,87747,591,591,591,0.81,0.84,0.95,0.18,0.22,0.24,0.33,0.36,0.43,0.00,0.00,0.00,0.07,0.09,0.11,0.00,0.00,0.00,0.05,0.09,0.11,324967,467000,733782,372128,510503,780954,0,653540373,1305494938,0,655146818,1305502800,0,444617,0,486.70,489.86,493.40
369,0,100,100,100,9466,9466,9466,87813,87813,87813,591,591,591,0.18,0.20,0.23,0.05,0.06,0.07,0.00,0.01,0.02,0.00,0.00,0.00,0.00,0.00,0.00,0.00,0.00,0.00,0.00,0.01,0.01,424566,448158,484859,458643,489567,534656,0,651168241,1305561670,0,651705001,1305564291,0,125006,0,155.36,157.28,160.03
369,1,100,100,100,15323,15323,15323,81956,81956,81956,591,591,591,0.29,0.33,0.40,0.10,0.10,0.12,0.04,0.06,0.09,0.00,0.00,0.00,0.01,0.01,0.02,0.00,0.00,0.00,0.03,0.03,0.04,214202,353238,552950,260842,394835,584398,629863938,691349684,860515255,632472913,691338082,860518710,0,195783,0,231.59,239.48,246.32
369,2,100,100,100,14711,14711,14711,82568,82568,82568,591,591,591,0.36,0.46,0.54,0.11,0.13,0.16,0.07,0.11,0.14,0.00,0.00,0.00,0.02,0.03,0.03,0.00,0.00,0.00,0.04,0.05,0.06,2620,537827,1396778,55030,578078,1430846,644673778,652282406,660796152,647346696,651755592,658125565,0,236855,0,275.36,291.71,302.87
369,3,99,99,100,9532,9532,9532,87747,87747,87747,591,591,591,0.81,0.85,0.95,0.18,0.22,0.24,0.32,0.35,0.43,0.00,0.00,0.00,0.06,0.09,0.11,0.00,0.00,0.00,0.05,0.09,0.11,319673,589307,983706,366838,628901,1016580,0,651897453,1305281882,0,650288908,1305279262,0,395062,0,490.42,492.43,495.68
370,0,100,100,100,9466,9466,9466,87813,87813,87813,591,591,591,0.18,0.21,0.23,0.05,0.06,0.07,0.00,0.01,0.02,0.00,0.00,0.00,0.00,0.00,0.00,0.00,0.00,0.00,0.00,0.01,0.01,204416,667274,1782251,243727,741181,1842533,0,548745565,1305560834,0,549716314,1305558214,0,143306,0,156.92,159.00,161.25
370,1,100,100,100,15323,15323,15323,81956,81956,81956,591,591,591,0.19,0.37,0.50,0.05,0.11,0.15,0.00,0.04,0.12,0.00,0.00,0.00,0.00,0.01,0.03,0.00,0.00,0.00,0.00,0.04,0.07,311862,399144,532003,343311,476794,720694,0,551901450,756453458,0,552867136,750103511,0,214793,0,235.74,245.39,251.39
370,2,100,100,100,14711,14711,14711,82568,82568,82568,591,591,591,0.36,0.54,0.78,0.12,0.15,0.20,0.06,0.09,0.14,0.00,0.00,0.00,0.02,0.02,0.04,0.00,0.00,0.00,0.04,0.06,0.09,324992,501601,891054,361644,580394,1058782,504359292,627208765,681429122,500114959,629143982,692668207,0,247335,0,280.15,295.96,310.44
370,3,100,100,100,9532,9532,9532,87747,87747,87747,591,591,591,0.80,0.88,0.95,0.15,0.21,0.24,0.15,0.32,0.41,0.00,0.00,0.00,0.04,0.08,0.11,0.00,0.00,0.00,0.04,0.09,0.11,317104,439739,830725,359026,508924,883137,0,550168277,1305437421,0,547242772,1305440041,0,296904,0,488.43,493.48,496.12
371,0,100,100,100,9466,9466,9466,87813,87813,87813,591,591,591,0.18,0.20,0.24,0.05,0.06,0.07,0.00,0.00,0.01,0.00,0.00,0.00,0.00,0.00,0.00,0.00,0.00,0.00,0.00,0.01,0.01,429417,482680,660480,444938,524572,673585,0,293682776,751604857,0,294052351,748080059,0,117463,0,149.89,154.12,160.06
371,1,100,100,100,15323,15323,15323,81956,81956,81956,591,591,591,0.18,0.33,0.45,0.05,0.09,0.13,0.00,0.02,0.04,0.00,0.00,0.00,0.00,0.01,0.01,0.00,0.00,0.00,0.00,0.03,0.05,306613,587075,1344567,377370,630580,1360293,0,293692769,751673137,0,294045563,748064527,0,198459,0,217.37,239.36,256.96
371,2,100,100,100,14711,14711,14711,82568,82568,82568,591,591,591,0.18,0.47,0.92,0.05,0.12,0.24,0.00,0.05,0.12,0.00,0.00,0.00,0.00,0.01,0.03,0.00,0.00,0.00,0.00,0.04,0.12,298774,490649,1156153,311878,533106,1205964,0,293622627,751360471,0,293979407,747772062,0,165686,0,259.14,292.17,313.00
371,3,100,100,100,9532,9532,9532,87747,87747,87747,591,591,591,0.93,0.94,0.95,0.19,0.20,0.22,0.15,0.15,0.15,0.00,0.00,0.00,0.04,0.04,0.04,0.00,0.00,0.00,0.08,0.09,0.11,211404,378719,558208,265565,426234,602760,0,438025046,746115008,0,438023440,756835812,0,400764,0,496.16,498.89,502.33
372,0,69,93,100,9466,9466,9466,87813,87813,87813,591,591,591,0.18,0.27,0.56,0.05,0.09,0.24,0.00,0.04,0.20,0.00,0.00,0.00,0.00,0.01,0.04,0.00,0.00,0.00,0.00,0.04,0.18,419313,639971,875290,432416,683151,1040389,0,0,0,0,0,0,0,119337,0,145.95,159.55,206.49
372,1,100,100,100,15323,15323,15323,81956,81956,81956,591,591,591,0.18,0.28,0.48,0.05,0.08,0.13,0.00,0.02,0.05,0.00,0.00,0.00,0.00,0.01,0.01,0.00,0.00,0.00,0.00,0.03,0.06,322375,394156,503185,335480,429272,600107,0,0,0,0,0,0,0,186920,0,189.78,208.59,232.48
372,2,77,95,100,14711,14711,14711,82568,82568,82568,591,591,591,0.18,0.38,0.63,0.05,0.12,0.22,0.00,0.06,0.18,0.00,0.00,0.00,0.00,0.01,0.04,0.00,0.00,0.00,0.00,0.06,0.17,319709,537019,968558,335432,579356,978466,0,0,0,0,0,0,0,150956,0,207.06,239.62,273.55
372,3,99,99,100,9532,9532,9532,87747,87747,87747,591,591,591,0.67,0.89,0.95,0.19,0.21,0.27,0.15,0.16,0.21,0.00,0.00,0.00,0.04,0.05,0.05,0.00,0.00,0.00,0.08,0.11,0.20,309551,579196,961804,325029,627885,985391,0,0,0,0,0,0,0,435186,0,493.81,496.01,499.48
373,0,97,98,100,9466,9466,9466,87813,87813,87813,591,591,591,0.90,0.93,0.96,0.27,0.32,0.34,0.15,0.32,0.39,0.00,0.00,0.00,0.06,0.10,0.15,0.00,0.00,0.00,0.11,0.15,0.22,442893,560155,812404,516271,652529,891024,0,0,0,0,0,0,0,406299,0,276.88,389.77,501.90
373,1,84,95,100,15323,15323,15323,81956,81956,81956,591,591,591,0.90,0.94,0.98,0.24,0.30,0.41,0.16,0.29,0.46,0.00,0.00,0.00,0.06,0.09,0.15,0.00,0.00,0.00,0.11,0.16,0.27,230998,591996,909673,346159,655132,959442,0,0,0,0,0,0,0,325537,0,272.70,392.74,534.70
373,2,59,85,100,14711,14711,14711,82568,82568,82568,591,591,591,0.01,0.19,0.55,0.00,0.08,0.23,0.00,0.07,0.23,0.00,0.00,0.00,0.00,0.01,0.04,0.00,0.00,0.00,0.00,0.05,0.14,309261,435718,757441,322365,583139,773167,0,0,0,0,0,0,0,142603,0,250.65,252.68,256.76
373,3,80,92,100,9532,9532,9532,87747,87747,87747,591,591,591,0.88,0.92,0.96,0.27,0.32,0.38,0.16,0.30,0.40,0.00,0.00,0.00,0.06,0.09,0.15,0.00,0.00,0.00,0.11,0.15,0.25,330204,397024,558197,366893,484160,628954,0,0,0,0,0,0,0,391608,0,485.41,489.28,491.00
374,0,79,95,100,9466,9466,9466,87813,87813,87813,591,591,591,0.01,0.25,0.81,0.00,0.11,0.35,0.00,0.08,0.28,0.00,0.00,0.00,0.00,0.02,0.08,0.00,0.00,0.00,0.00,0.07,0.18,212295,778898,1740282,225400,1054054,1753387,0,0,0,0,0,0,0,133525,0,237.65,379.61,504.57
374,1,57,83,100,15323,15323,15323,81956,81956,81956,591,591,591,0.43,0.80,0.97,0.22,0.29,0.32,0.12,0.31,0.42,0.00,0.00,0.00,0.01,0.11,0.17,0.00,0.00,0.00,0.09,0.13,0.18,324970,470132,628940,377385,787740,1242158,0,0,0,0,0,0,0,418257,0,479.19,523.53,545.14
374,2,100,100,100,14711,14711,14711,82568,82568,82568,591,591,591,0.01,0.01,0.01,0.00,0.00,0.00,0.00,0.00,0.00,0.00,0.00,0.00,0.00,0.00,0.00,0.00,0.00,0.00,0.00,0.00,0.00,232390,318002,435050,242873,330582,448154,0,0,0,0,0,0,0,109094,0,136.28,155.95,210.76
374,3,57,85,100,9532,9532,9532,87747,87747,87747,591,591,591,0.01,0.48,0.95,0.00,0.19,0.31,0.00,0.17,0.40,0.00,0.00,0.00,0.00,0.05,0.16,0.00,0.00,0.00,0.00,0.10,0.16,319715,696957,1666935,406201,1014747,2130846,0,0,0,0,0,0,0,252236,0,337.21,436.30,492.69
375,0,100,100,100,9466,9466,9466,87813,87813,87813,591,591,591,0.30,0.58,0.86,0.10,0.21,0.38,0.06,0.16,0.26,0.00,0.00,0.00,0.01,0.04,0.05,0.00,0.00,0.00,0.02,0.12,0.26,482012,729997,1294248,549030,909521,1341407,0,342084639,923847250,0,356617794,916670371,0,214213,0,212.10,309.55,406.59
375,1,95,99,100,15323,15323,15323,81956,81956,81956,591,591,591,0.61,0.82,0.88,0.21,0.30,0.52,0.13,0.28,0.38,0.00,0.00,0.00,0.01,0.06,0.10,0.00,0.00,0.00,0.07,0.19,0.43,351172,649821,1317821,390482,967883,2166676,0,324768341,721273431,0,280453575,761576981,0,411366,0,464.62,476.09,501.93
375,2,100,100,100,14711,14711,14711,82568,82568,82568,591,591,591,0.18,0.21,0.25,0.05,0.06,0.10,0.00,0.01,0.04,0.00,0.00,0.00,0.00,0.00,0.01,0.00,0.00,0.00,0.00,0.01,0.05,301386,352757,463884,314490,419325,547740,0,434756705,741440418,84584848,449015769,728019247,0,138628,0,151.02,156.71,163.62
375,3,93,98,100,9532,9532,9532,87747,87747,87747,591,591,591,0.47,0.75,0.91,0.10,0.26,0.42,0.13,0.23,0.32,0.00,0.00,0.00,0.02,0.05,0.08,0.00,0.00,0.00,0.01,0.14,0.35,332776,745009,1565717,385182,950824,1724297,42350110,434077394,741310775,0,447301926,727876561,0,343404,0,308.80,374.09,450.78
376,0,100,100,100,9466,9466,9466,87813,87813,87813,591,591,591,0.39,0.65,0.88,0.13,0.19,0.22,0.09,0.20,0.30,0.00,0.00,0.00,0.02,0.05,0.07,0.00,0.00,0.00,0.05,0.07,0.09,812442,1141854,1389034,864858,1190587,1420484,0,783111607,1305537977,0,783111583,1305535356,0,339225,0,330.00,360.26,382.48
376,1,99,99,100,15323,15323,15323,81956,81956,81956,591,591,591,0.82,0.84,0.87,0.21,0.23,0.24,0.34,0.35,0.37,0.00,0.00,0.00,0.09,0.09,0.09,0.00,0.00,0.00,0.07,0.09,0.10,238097,485784,767816,272111,531696,816607,643540860,820330034,1305432712,640664809,821904777,1305432712,0,407298,0,495.56,505.33,510.80
376,2,100,100,100,14711,14711,14711,82568,82568,82568,591,591,591,0.20,0.21,0.23,0.06,0.06,0.07,0.01,0.01,0.02,0.00,0.00,0.00,0.00,0.00,0.00,0.00,0.00,0.00,0.01,0.01,0.01,311782,581235,1284044,364296,628916,1315426,644539854,782980463,1305426448,647217511,782980915,1305434310,0,128924,0,152.10,156.65,161.07
376,3,100,100,100,9532,9532,9532,87747,87747,87747,591,591,591,0.44,0.77,0.92,0.14,0.22,0.27,0.11,0.25,0.32,0.00,0.00,0.00,0.03,0.06,0.07,0.00,0.00,0.00,0.06,0.08,0.12,348561,508949,770494,385235,560316,817667,644695631,783310639,1305516844,647373935,783310591,1305527327,0,237519,0,391.42,423.31,447.97
377,0,100,100,100,9466,9466,9466,87813,87813,87813,591,591,591,0.41,0.54,0.72,0.09,0.16,0.20,0.09,0.15,0.23,0.00,0.00,0.00,0.03,0.04,0.06,0.00,0.00,0.00,0.02,0.06,0.07,422882,1095240,2044103,470994,1137306,2091275,632516172,778550174,1231498937,635136101,778796390,1268478864,0,274295,0,344.90,359.29,387.63
377,1,99,99,100,15323,15323,15323,81956,81956,81956,591,591,591,0.82,0.83,0.83,0.22,0.23,0.23,0.34,0.34,0.35,0.00,0.00,0.00,0.07,0.08,0.09,0.00,0.00,0.00,0.08,0.10,0.10,322343,404232,573909,372136,451610,628941,648690284,785969902,1305505379,640666039,785935732,1305500137,0,450057,0,502.25,503.53,506.64
377,2,100,100,100,14711,14711,14711,82568,82568,82568,591,591,591,0.20,0.21,0.22,0.06,0.06,0.07,0.01,0.01,0.01,0.00,0.00,0.00,0.00,0.00,0.00,0.00,0.00,0.00,0.01,0.01,0.01,213161,375474,660446,283050,429288,710241,644726647,825234546,1231832467,647407734,825769025,1268671528,0,132150,0,162.34,163.67,165.61
377,3,100,100,100,9532,9532,9532,87747,87747,87747,591,591,591,0.47,0.64,0.91,0.10,0.18,0.26,0.14,0.19,0.31,0.00,0.00,0.00,0.03,0.05,0.08,0.00,0.00,0.00,0.02,0.07,0.09,128408,374239,626352,149372,415646,694491,644720217,783297868,1305489717,647393371,783299330,1120882581,0,346629,0,383.40,410.28,436.94
378,0,100,100,100,9466,9466,9466,87813,87813,87813,591,591,591,0.55,0.80,0.93,0.14,0.20,0.24,0.06,0.13,0.24,0.00,0.00,0.00,0.02,0.03,0.06,0.00,0.00,0.00,0.05,0.09,0.11,463873,631045,922415,529392,721194,1103229,0,559906345,756418535,0,562493563,750058311,0,309053,0,373.25,386.13,404.79
378,1,100,100,100,15323,15323,15323,81956,81956,81956,591,591,591,0.84,0.91,0.95,0.19,0.20,0.22,0.15,0.24,0.39,0.00,0.00,0.00,0.04,0.06,0.10,0.00,0.00,0.00,0.06,0.09,0.11,372029,628930,914561,416568,703878,985315,0,563783260,746850966,0,556027299,765951940,0,395637,0,497.17,498.19,500.14
378,2,100,100,100,14711,14711,14711,82568,82568,82568,591,591,591,0.18,0.21,0.24,0.05,0.06,0.07,0.00,0.01,0.01,0.00,0.00,0.00,0.00,0.00,0.00,0.00,0.00,0.00,0.00,0.01,0.01,319760,436625,597549,332865,511056,686657,0,431001033,716788026,0,433047406,722150040,0,95421,0,158.54,162.82,166.47
378,3,100,100,100,9532,9532,9532,87747,87747,87747,591,591,591,0.89,0.92,0.96,0.20,0.23,0.25,0.12,0.16,0.32,0.00,0.00,0.00,0.03,0.04,0.08,0.00,0.00,0.00,0.07,0.09,0.13,315633,575156,959179,393248,661257,1056145,504311123,657885547,751139670,500065551,619937571,712904515,0,357284,0,409.97,428.24,451.51
379,0,100,100,100,9466,9466,9466,87813,87813,87813,591,591,591,0.43,0.62,0.84,0.11,0.15,0.20,0.04,0.07,0.10,0.00,0.00,0.00,0.01,0.02,0.03,0.00,0.00,0.00,0.04,0.06,0.08,214889,765709,1797874,227992,796285,1810978,0,545655614,751791007,0,544313803,748205771,0,244382,0,326.65,349.97,395.14
379,1,100,100,100,15323,15323,15323,81956,81956,81956,591,591,591,0.92,0.94,0.95,0.19,0.20,0.22,0.15,0.15,0.16,0.00,0.00,0.00,0.04,0.04,0.05,0.00,0.00,0.00,0.08,0.09,0.11,332792,452058,686622,377339,508401,741656,0,366457247,746338060,0,370484622,757056789,0,303039,0,499.57,500.51,502.06
379,2,100,100,100,14711,14711,14711,82568,82568,82568,591,591,591,0.18,0.21,0.23,0.05,0.06,0.06,0.00,0.00,0.01,0.00,0.00,0.00,0.00,0.00,0.00,0.00,0.00,0.00,0.00,0.01,0.01,311892,362984,440289,324997,389192,456014,0,545666722,751638545,0,544326835,748121439,0,137027,0,149.68,153.88,156.53
379,3,100,100,100,9532,9532,9532,87747,87747,87747,591,591,591,0.52,0.72,0.93,0.13,0.18,0.24,0.06,0.09,0.13,0.00,0.00,0.00,0.02,0.02,0.04,0.00,0.00,0.00,0.04,0.07,0.12,301382,413437,610634,314486,445545,634221,0,357725025,722168868,0,407610542,720407794,0,283657,0,382.24,409.77,447.51
380,0,84,92,100,9466,9466,9466,87813,87813,87813,591,591,591,0.18,0.60,0.90,0.05,0.22,0.34,0.00,0.17,0.30,0.00,0.00,0.00,0.00,0.04,0.10,0.00,0.00,0.00,0.00,0.12,0.24,497983,549808,623670,511088,646245,718051,0,0,0,0,0,0,0,387587,0,226.05,297.79,366.31
380,1,92,97,100,15323,15323,15323,81956,81956,81956,591,591,591,0.78,0.88,0.94,0.20,0.28,0.34,0.15,0.22,0.32,0.00,0.00,0.00,0.04,0.06,0.09,0.00,0.00,0.00,0.09,0.16,0.24,343959,511134,911987,461246,599545,964400,0,0,0,0,0,0,0,406241,0,493.56,499.70,507.80
380,2,72,94,100,14711,14711,14711,82568,82568,82568,591,591,591,0.18,0.58,0.95,0.05,0.20,0.34,0.00,0.15,0.34,0.00,0.00,0.00,0.00,0.04,0.07,0.00,0.00,0.00,0.00,0.12,0.22,335448,586485,1174191,348551,666647,1189917,0,0,0,0,0,0,0,363434,0,145.81,230.85,359.74
380,3,84,95,100,9532,9532,9532,87747,87747,87747,591,591,591,0.18,0.62,0.93,0.05,0.21,0.33,0.00,0.17,0.38,0.00,0.00,0.00,0.00,0.04,0.07,0.00,0.00,0.00,0.00,0.12,0.23,136267,623186,1713840,196539,704950,1729564,0,0,0,0,0,0,0,400633,0,276.61,329.83,371.68
381,0,47,86,100,9466,9466,9466,87813,87813,87813,591,591,591,0.01,0.25,0.81,0.00,0.11,0.33,0.00,0.08,0.30,0.00,0.00,0.00,0.00,0.02,0.11,0.00,0.00,0.00,0.00,0.06,0.14,413531,652802,1271025,440319,862157,1486761,0,0,0,0,0,0,0,91416,0,229.72,357.77,452.17
381,1,56,82,100,15323,15323,15323,81956,81956,81956,591,591,591,0.01,0.40,0.93,0.00,0.17,0.36,0.00,0.14,0.37,0.00,0.00,0.00,0.00,0.04,0.14,0.00,0.00,0.00,0.00,0.08,0.15,327572,598038,1006234,429774,854327,1677057,0,0,0,0,0,0,0,186023,0,308.16,432.15,513.17
381,2,74,92,100,14711,14711,14711,82568,82568,82568,591,591,591,0.10,0.68,0.96,0.06,0.26,0.35,0.02,0.24,0.40,0.00,0.00,0.00,0.00,0.08,0.16,0.00,0.00,0.00,0.04,0.12,0.20,327624,459657,691941,448987,788979,1247595,0,0,0,0,0,0,0,323484,0,422.22,485.09,525.96
381,3,99,99,100,9532,9532,9532,87747,87747,87747,591,591,591,0.94,0.96,0.97,0.25,0.29,0.33,0.16,0.35,0.41,0.00,0.00,0.00,0.07,0.14,0.17,0.00,0.00,0.00,0.08,0.10,0.13,343302,625089,1056111,390474,684273,1071834,0,0,0,0,0,0,0,398978,0,431.82,484.90,503.29
382,0,100,100,100,9466,9466,9466,87813,87813,87813,591,591,591,0.01,0.27,0.63,0.00,0.10,0.28,0.00,0.06,0.19,0.00,0.00,0.00,0.00,0.01,0.04,0.00,0.00,0.00,0.00,0.05,0.19,427211,554718,862939,442937,652196,1255978,0,173655846,741470449,0,179447638,728054071,0,257647,0,138.32,212.63,268.19
382,1,100,100,100,15323,15323,15323,81956,81956,81956,591,591,591,0.01,0.35,0.84,0.00,0.14,0.32,0.00,0.10,0.30,0.00,0.00,0.00,0.00,0.02,0.07,0.00,0.00,0.00,0.00,0.08,0.26,309272,553488,1016769,324998,709683,1029872,0,173675742,826027566,0,187903709,770237133,0,287770,0,178.65,248.95,317.06
382,2,92,98,100,14711,14711,14711,82568,82568,82568,591,591,591,0.01,0.56,0.92,0.00,0.20,0.50,0.00,0.18,0.37,0.00,0.00,0.00,0.00,0.04,0.09,0.00,0.00,0.00,0.00,0.12,0.40,309273,425601,754780,324999,621615,1121565,0,173702216,741450554,0,187932894,728022049,0,374883,0,280.28,318.84,375.48
382,3,74,90,100,9532,9532,9532,87747,87747,87747,591,591,591,0.55,0.75,0.95,0.22,0.32,0.51,0.13,0.23,0.37,0.00,0.00,0.00,0.01,0.04,0.09,0.00,0.00,0.00,0.10,0.23,0.43,317096,485340,736417,377371,1048239,1666765,0,195028754,721303231,0,152316272,761581361,0,301169,0,473.47,479.13,484.75
383,0,100,100,100,9466,9466,9466,87813,87813,87813,591,591,591,0.32,0.40,0.50,0.09,0.12,0.14,0.05,0.09,0.13,0.00,0.00,0.00,0.01,0.02,0.03,0.00,0.00,0.00,0.02,0.04,0.06,214896,871660,2052032,264689,915164,2101826,644707739,783307003,1305504220,647380841,783305945,1305509461,0,216412,0,259.92,279.41,301.99
383,1,100,100,100,15323,15323,15323,81956,81956,81956,591,591,591,0.35,0.48,0.58,0.08,0.14,0.17,0.07,0.12,0.16,0.00,0.00,0.00,0.01,0.03,0.04,0.00,0.00,0.00,0.01,0.05,0.07,438860,847918,1412507,483999,887349,1428231,422615169,733842409,1249231443,424367411,733634135,1249233951,0,312818,0,322.66,340.64,370.90
383,2,100,100,100,14711,14711,14711,82568,82568,82568,591,591,591,0.56,0.66,0.89,0.16,0.19,0.25,0.15,0.20,0.29,0.00,0.00,0.00,0.03,0.05,0.08,0.00,0.00,0.00,0.05,0.07,0.09,214887,730787,1354910,249828,776990,1386358,429790183,863245905,1305504564,431573922,861944853,1305464451,0,341564,0,404.72,425.58,453.12
383,3,99,99,100,9532,9532,9532,87747,87747,87747,591,591,591,0.82,0.83,0.87,0.21,0.23,0.23,0.34,0.35,0.38,0.00,0.00,0.00,0.08,0.09,0.09,0.00,0.00,0.00,0.09,0.09,0.10,277795,375803,644675,309244,425072,699708,648711039,826005506,1305500576,640676184,824399780,1305500576,0,439460,0,485.35,493.60,504.02
384,0,100,100,100,9466,9466,9466,87813,87813,87813,591,591,591,0.40,0.43,0.48,0.12,0.13,0.15,0.08,0.10,0.12,0.00,0.00,0.00,0.02,0.02,0.03,0.00,0.00,0.00,0.04,0.05,0.06,632481,831110,993294,677908,878169,1026471,626601261,700612893,870355697,629209468,701265321,870352203,0,228582,0,268.44,279.15,292.51
384,1,100,100,100,15323,15323,15323,81956,81956,81956,591,591,591,0.36,0.55,0.73,0.12,0.16,0.20,0.07,0.15,0.22,0.00,0.00,0.00,0.02,0.03,0.05,0.00,0.00,0.00,0.05,0.06,0.08,322354,751486,1577674,353803,801279,1643193,644701758,813922854,1305470548,647374835,814589146,1305467928,0,192106,0,311.56,333.34,355.18
384,2,100,100,100,14711,14711,14711,82568,82568,82568,591,591,591,0.44,0.73,0.90,0.10,0.20,0.25,0.12,0.24,0.31,0.00,0.00,0.00,0.02,0.06,0.08,0.00,0.00,0.00,0.02,0.07,0.10,330212,535934,678743,380006,579831,736397,644728844,652752761,660795456,647412051,652753413,658116987,0,244105,0,392.15,424.33,447.62
384,3,99,99,100,9532,9532,9532,87747,87747,87747,591,591,591,0.82,0.83,0.84,0.21,0.22,0.23,0.34,0.34,0.36,0.00,0.00,0.00,0.07,0.08,0.09,0.00,0.00,0.00,0.08,0.09,0.10,314473,688560,870073,361644,734420,922487,648681053,652719484,656761027,640643949,652721644,664803961,0,392666,0,489.82,493.61,496.53
385,0,100,100,100,9466,9466,9466,87813,87813,87813,591,591,591,0.32,0.49,0.65,0.11,0.14,0.19,0.05,0.09,0.17,0.00,0.00,0.00,0.01,0.02,0.04,0.00,0.00,0.00,0.04,0.06,0.08,463868,714399,1496478,511041,796165,1564619,644709158,809816419,1305522826,647400644,810789433,1305517585,0,250265,0,255.93,276.62,294.49
385,1,100,100,100,15323,15323,15323,81956,81956,81956,591,591,591,0.37,0.55,0.71,0.13,0.16,0.18,0.07,0.11,0.15,0.00,0.00,0.00,0.02,0.03,0.04,0.00,0.00,0.00,0.05,0.07,0.08,214558,439239,731225,357596,510941,781022,644757800,717185064,882854335,647428478,717265096,892122199,0,283692,0,320.50,337.05,355.84
385,2,100,100,100,14711,14711,14711,82568,82568,82568,591,591,591,0.45,0.78,0.93,0.15,0.21,0.24,0.11,0.19,0.26,0.00,0.00,0.00,0.03,0.05,0.06,0.00,0.00,0.00,0.06,0.08,0.12,330201,589614,1297137,377373,668224,1362649,644768527,809716558,1305010374,647447112,810692370,1305010374,0,372672,0,383.42,412.44,430.97
385,3,100,100,100,9532,9532,9532,87747,87747,87747,591,591,591,0.82,0.86,0.89,0.19,0.21,0.23,0.22,0.34,0.39,0.00,0.00,0.00,0.05,0.09,0.10,0.00,0.00,0.00,0.07,0.09,0.10,322350,430699,570717,361662,500733,725178,636357052,808490084,1304870376,628470134,805599751,1304865137,0,385531,0,479.91,482.21,486.34
386,0,100,100,100,9466,9466,9466,87813,87813,87813,591,591,591,0.18,0.43,0.77,0.05,0.11,0.20,0.00,0.04,0.09,0.00,0.00,0.00,0.00,0.01,0.02,0.00,0.00,0.00,0.00,0.04,0.09,193940,1110206,2578852,238494,1159476,2667958,0,293639998,716797690,0,294005077,722170298,0,198286,0,243.28,277.64,308.67
386,1,100,100,100,15323,15323,15323,81956,81956,81956,591,591,591,0.18,0.53,0.80,0.05,0.13,0.20,0.00,0.06,0.10,0.00,0.00,0.00,0.00,0.02,0.03,0.00,0.00,0.00,0.00,0.05,0.09,322352,560080,1294623,369526,611195,1307727,0,293722175,751705144,0,294077204,748112093,0,287797,0,301.34,340.60,372.37
386,2,100,100,100,14711,14711,14711,82568,82568,82568,591,591,591,0.43,0.81,0.96,0.09,0.19,0.22,0.04,0.10,0.12,0.00,0.00,0.00,0.01,0.03,0.04,0.00,0.00,0.00,0.02,0.07,0.09,284749,426362,644676,337157,476981,657779,0,435788228,751668148,0,422342523,720331651,0,304725,0,385.64,422.07,440.22
386,3,100,100,100,9532,9532,9532,87747,87747,87747,591,591,591,0.93,0.94,0.95,0.19,0.21,0.22,0.15,0.15,0.16,0.00,0.00,0.00,0.04,0.04,0.05,0.00,0.00,0.00,0.08,0.10,0.11,314464,365807,442898,377357,421884,500553,0,294176337,724831351,0,293086051,756723917,0,389127,0,481.30,482.92,486.16
387,0,99,99,100,9466,9466,9466,87813,87813,87813,591,591,591,0.18,0.45,0.92,0.05,0.15,0.38,0.00,0.10,0.42,0.00,0.00,0.00,0.00,0.02,0.08,0.00,0.00,0.00,0.00,0.08,0.25,461252,604402,793322,471735,648131,878046,0,0,0,0,0,0,0,169739,0,203.76,240.47,284.25
387,1,78,95,100,15323,15323,15323,81956,81956,81956,591,591,591,0.18,0.49,0.94,0.05,0.16,0.39,0.00,0.11,0.43,0.00,0.00,0.00,0.00,0.02,0.08,0.00,0.00,0.00,0.00,0.08,0.26,327604,421399,581735,340709,464378,597457,0,0,0,0,0,0,0,253584,0,239.95,282.98,319.21
387,2,44,87,100,14711,14711,14711,82568,82568,82568,591,591,591,0.18,0.54,0.89,0.05,0.17,0.26,0.00,0.12,0.27,0.00,0.00,0.00,0.00,0.02,0.04,0.00,0.00,0.00,0.00,0.09,0.17,340677,609588,1281591,411450,695022,1294695,0,0,0,0,0,0,0,229742,0,287.16,327.52,387.50
387,3,74,94,100,9532,9532,9532,87747,87747,87747,591,591,591,0.75,0.89,0.95,0.19,0.25,0.37,0.15,0.22,0.42,0.00,0.00,0.00,0.04,0.05,0.07,0.00,0.00,0.00,0.08,0.14,0.24,255078,543702,749498,262066,610092,875288,0,0,0,0,0,0,0,441558,0,481.86,484.64,486.54
388,0,83,94,100,9466,9466,9466,87813,87813,87813,591,591,591,0.01,0.24,0.81,0.00,0.11,0.34,0.00,0.07,0.23,0.00,0.00,0.00,0.00,0.02,0.07,0.00,0.00,0.00,0.00,0.06,0.17,427212,494128,697110,440313,646755,1132149,0,0,0,0,0,0,0,184187,0,218.03,304.42,346.68
388,1,71,92,100,15323,15323,15323,81956,81956,81956,591,591,591,0.01,0.28,0.80,0.00,0.13,0.34,0.00,0.08,0.22,0.00,0.00,0.00,0.00,0.02,0.07,0.00,0.00,0.00,0.00,0.07,0.17,301410,512099,922451,314515,707076,1205477,0,0,0,0,0,0,0,147135,0,259.56,331.99,363.80
388,2,100,100,100,14711,14711,14711,82568,82568,82568,591,591,591,0.01,0.05,0.20,0.00,0.02,0.11,0.00,0.01,0.06,0.00,0.00,0.00,0.00,0.00,0.01,0.00,0.00,0.00,0.00,0.01,0.06,309269,503216,1203010,322377,579745,1216115,0,0,0,0,0,0,0,124059,0,157.78,227.82,278.16
388,3,99,99,100,9532,9532,9532,87747,87747,87747,591,591,591,0.85,0.93,0.96,0.27,0.31,0.34,0.16,0.30,0.40,0.00,0.00,0.00,0.07,0.12,0.16,0.00,0.00,0.00,0.10,0.13,0.16,330123,438155,676153,366804,595390,925075,0,0,0,0,0,0,0,392006,0,491.38,495.91,500.99
389,0,100,100,100,9466,9466,9466,87813,87813,87813,591,591,591,0.01,0.30,0.59,0.00,0.11,0.26,0.00,0.06,0.16,0.00,0.00,0.00,0.00,0.01,0.03,0.00,0.00,0.00,0.00,0.05,0.17,196531,713908,1908035,209633,827654,2314279,0,563693102,1305525541,0,578486685,1305525541,0,211063,0,161.66,202.95,241.46
389,1,92,98,100,15323,15323,15323,81956,81956,81956,591,591,591,0.01,0.27,0.39,0.00,0.09,0.17,0.00,0.05,0.11,0.00,0.00,0.00,0.00,0.01,0.02,0.00,0.00,0.00,0.00,0.04,0.11,247300,354236,539081,324996,439518,572452,0,554646058,1305457978,0,563644756,1305455357,0,252347,0,186.54,220.10,264.82
389,2,100,100,100,14711,14711,14711,82568,82568,82568,591,591,591,0.01,0.18,0.26,0.00,0.06,0.10,0.00,0.01,0.04,0.00,0.00,0.00,0.00,0.00,0.01,0.00,0.00,0.00,0.00,0.02,0.05,302371,483444,796722,320462,556246,812447,0,561663970,1305484424,0,576462798,1305479182,0,129806,0,137.33,154.29,166.26
389,3,72,92,100,9532,9532,9532,87747,87747,87747,591,591,591,0.52,0.80,0.90,0.23,0.30,0.47,0.14,0.28,0.39,0.00,0.00,0.00,0.01,0.06,0.09,0.00,0.00,0.00,0.09,0.19,0.38,327582,467836,649953,379995,869845,1561830,0,585836490,1305530856,0,541561053,1305538718,0,306270,0,479.93,485.18,488.32
390,0,100,100,100,9466,9466,9466,87813,87813,87813,591,591,591,0.34,0.36,0.40,0.11,0.11,0.13,0.06,0.07,0.08,0.00,0.00,0.00,0.01,0.01,0.02,0.00,0.00,0.00,0.04,0.04,0.05,440303,809079,1255337,505824,868940,1307752,660783951,1168615139,1305565408,658103004,1168080506,1305578513,0,201674,0,227.15,241.79,251.53
390,1,100,100,100,15323,15323,15323,81956,81956,81956,591,591,591,0.31,0.36,0.40,0.10,0.11,0.13,0.05,0.07,0.08,0.00,0.00,0.00,0.01,0.01,0.02,0.00,0.00,0.00,0.03,0.04,0.05,311870,562931,1352308,380010,624255,1399481,660764273,1176557922,1305527953,658088605,1176022789,1305533195,0,209405,0,250.87,258.19,267.70
390,2,100,100,100,14711,14711,14711,82568,82568,82568,591,591,591,0.21,0.22,0.23,0.06,0.07,0.07,0.01,0.01,0.02,0.00,0.00,0.00,0.00,0.00,0.00,0.00,0.00,0.00,0.01,0.01,0.01,237614,321131,398363,284788,380361,469125,870347792,1218493370,1305549139,870346045,1218493545,1305549139,0,135867,0,166.62,169.45,172.43
390,3,99,99,100,9532,9532,9532,87747,87747,87747,591,591,591,0.83,0.88,0.91,0.22,0.26,0.29,0.33,0.36,0.39,0.00,0.00,0.00,0.08,0.09,0.10,0.00,0.00,0.00,0.08,0.11,0.14,311819,399895,576610,361605,464883,642134,656667334,1175670664,1305628105,664706500,1177274829,1305622863,0,444776,0,490.60,495.17,506.22
391,0,100,100,100,9466,9466,9466,87813,87813,87813,591,591,591,0.26,0.38,0.51,0.08,0.11,0.15,0.03,0.05,0.07,0.00,0.00,0.00,0.01,0.01,0.02,0.00,0.00,0.00,0.02,0.05,0.07,1105910,1417440,1560997,1174047,1525837,1694060,607615713,1038165443,1438025237,610137514,1041354917,1442886228,0,229958,0,250.78,253.94,258.84
391,1,100,100,100,15323,15323,15323,81956,81956,81956,591,591,591,0.26,0.38,0.54,0.08,0.12,0.16,0.03,0.05,0.08,0.00,0.00,0.00,0.01,0.01,0.02,0.00,0.00,0.00,0.02,0.05,0.08,317097,456663,746914,377386,568699,875331,644718318,1026290971,1987218332,647396717,1029525597,1998469318,0,167100,0,253.18,259.73,263.49
391,2,100,100,100,14711,14711,14711,82568,82568,82568,591,591,591,0.22,0.24,0.25,0.06,0.07,0.07,0.01,0.01,0.02,0.00,0.00,0.00,0.00,0.00,0.00,0.00,0.00,0.00,0.01,0.01,0.02,311883,407524,644685,379997,526770,733788,660763302,865113304,1326465224,658100699,867679919,1340376784,0,103244,0,169.91,171.41,173.00
391,3,99,99,100,9532,9532,9532,87747,87747,87747,591,591,591,0.88,0.90,0.93,0.22,0.23,0.25,0.15,0.27,0.39,0.00,0.00,0.00,0.04,0.07,0.09,0.00,0.00,0.00,0.08,0.11,0.13,141493,525199,1091906,188657,613423,1219440,648614451,864060872,1335958581,640588653,857176806,1313465314,0,397361,0,491.85,494.91,498.05
392,0,100,100,100,9466,9466,9466,87813,87813,87813,591,591,591,0.23,0.34,0.38,0.06,0.10,0.13,0.01,0.04,0.07,0.00,0.00,0.00,0.00,0.01,0.01,0.00,0.00,0.00,0.01,0.05,0.10,291782,937395,2185816,300518,999420,2272306,0,0,0,0,0,0,0,130672,0,206.41,231.20,253.87
392,1,100,100,100,15323,15323,15323,81956,81956,81956,591,591,591,0.18,0.31,0.39,0.05,0.09,0.11,0.00,0.02,0.04,0.00,0.00,0.00,0.00,0.00,0.01,0.00,0.00,0.00,0.00,0.03,0.05,304011,341741,445545,324993,377907,461270,0,563968126,751709809,0,553365357,748101024,0,171889,0,212.87,237.88,266.03
392,2,100,100,100,14711,14711,14711,82568,82568,82568,591,591,591,0.18,0.22,0.29,0.05,0.07,0.12,0.00,0.01,0.05,0.00,0.00,0.00,0.00,0.00,0.01,0.00,0.00,0.00,0.00,0.02,0.08,311897,565545,1168856,325002,610618,1181960,0,0,0,0,0,0,0,186267,0,156.74,166.31,181.20
392,3,71,94,100,9532,9532,9532,87747,87747,87747,591,591,591,0.74,0.90,0.95,0.20,0.22,0.24,0.14,0.15,0.16,0.00,0.00,0.00,0.04,0.04,0.04,0.00,0.00,0.00,0.09,0.12,0.17,310447,381803,456003,411463,451713,484754,0,0,0,0,0,0,0,391075,0,490.89,494.20,496.35
393,0,87,95,100,9466,9466,9466,87813,87813,87813,591,591,591,0.85,0.92,0.98,0.26,0.33,0.40,0.15,0.32,0.46,0.00,0.00,0.00,0.06,0.10,0.15,0.00,0.00,0.00,0.11,0.16,0.27,422783,683687,1181914,496201,808022,1229086,0,0,0,0,0,0,0,403730,0,291.36,413.08,500.20
393,1,56,84,100,15323,15323,15323,81956,81956,81956,591,591,591,0.01,0.29,0.72,0.00,0.13,0.31,0.00,0.10,0.29,0.00,0.00,0.00,0.00,0.02,0.06,0.00,0.00,0.00,0.00,0.08,0.24,309335,365912,471708,322443,510754,800457,0,0,0,0,0,0,0,203724,0,258.17,298.10,329.15
393,2,59,87,99,14711,14711,14711,82568,82568,82568,591,591,591,0.43,0.82,0.98,0.21,0.32,0.40,0.12,0.28,0.46,0.00,0.00,0.00,0.02,0.08,0.14,0.00,0.00,0.00,0.12,0.17,0.27,324967,504732,1155200,385260,726847,1254741,0,0,0,0,0,0,0,369388,0,258.98,391.60,480.63
393,3,91,98,100,9532,9532,9532,87747,87747,87747,591,591,591,0.87,0.94,0.98,0.20,0.27,0.40,0.16,0.25,0.46,0.00,0.00,0.00,0.06,0.07,0.08,0.00,0.00,0.00,0.09,0.15,0.27,319727,415082,684071,332830,477957,712902,0,0,0,0,0,0,0,395881,0,494.54,497.39,501.33
394,0,55,83,100,9466,9466,9466,87813,87813,87813,591,591,591,0.01,0.13,0.40,0.00,0.07,0.21,0.00,0.03,0.11,0.00,0.00,0.00,0.00,0.00,0.01,0.00,0.00,0.00,0.00,0.05,0.16,435077,896870,2217296,448181,1132217,2230401,0,0,0,0,0,0,0,113595,0,186.05,325.44,466.72
394,1,100,100,100,15323,15323,15323,81956,81956,81956,591,591,591,0.01,0.01,0.01,0.00,0.00,0.00,0.00,0.00,0.00,0.00,0.00,0.00,0.00,0.00,0.00,0.00,0.00,0.00,0.00,0.00,0.00,306635,560880,1286885,322360,574508,1299990,0,0,0,0,0,0,0,119439,0,149.56,158.27,189.09
394,2,100,100,100,14711,14711,14711,82568,82568,82568,591,591,591,0.01,0.04,0.16,0.00,0.02,0.09,0.00,0.01,0.04,0.00,0.00,0.00,0.00,0.00,0.00,0.00,0.00,0.00,0.00,0.01,0.07,248107,432797,849168,322373,503735,864893,0,0,0,0,0,0,0,109165,0,137.01,247.68,382.98
394,3,97,98,99,9532,9532,9532,87747,87747,87747,591,591,591,0.94,0.98,0.99,0.24,0.27,0.28,0.23,0.39,0.43,0.00,0.00,0.00,0.10,0.17,0.18,0.00,0.00,0.00,0.08,0.09,0.10,131033,421357,636818,167723,455423,673508,0,0,0,0,0,0,0,483897,0,502.36,522.03,539.98
395,0,100,100,100,9466,9466,9466,87813,87813,87813,591,591,591,0.01,0.01,0.01,0.00,0.00,0.00,0.00,0.00,0.00,0.00,0.00,0.00,0.00,0.00,0.00,0.00,0.00,0.00,0.00,0.00,0.00,429829,461278,555640,445555,475955,573987,0,0,0,0,0,0,0,109082,0,136.00,138.29,147.32
395,1,100,100,100,15323,15323,15323,81956,81956,81956,591,591,591,0.01,0.01,0.01,0.00,0.00,0.00,0.00,0.00,0.00,0.00,0.00,0.00,0.00,0.00,0.00,0.00,0.00,0.00,0.00,0.00,0.00,306638,363784,482259,319742,378461,500606,0,0,0,0,0,0,0,119237,0,148.80,148.88,149.09
395,2,100,100,100,14711,14711,14711,82568,82568,82568,591,591,591,0.01,0.01,0.01,0.00,0.00,0.00,0.00,0.00,0.00,0.00,0.00,0.00,0.00,0.00,0.00,0.00,0.00,0.00,0.00,0.00,0.00,301407,496387,1087604,317133,510540,1100707,0,0,0,0,0,0,0,142274,0,135.71,135.93,136.21
395,3,68,87,100,9532,9532,9532,87747,87747,87747,591,591,591,0.50,0.76,0.99,0.26,0.27,0.28,0.13,0.29,0.43,0.00,0.00,0.00,0.01,0.10,0.18,0.00,0.00,0.00,0.08,0.14,0.21,309244,575675,825534,348555,1052808,1543570,0,0,0,0,0,0,0,356162,0,463.77,507.47,538.48
396,0,100,100,100,9466,9466,9466,87813,87813,87813,591,591,591,0.18,0.49,0.86,0.05,0.18,0.38,0.00,0.13,0.26,0.00,0.00,0.00,0.00,0.03,0.05,0.00,0.00,0.00,0.00,0.10,0.25,427179,660588,1092830,442904,832835,1430900,0,173652806,741471956,0,173814570,728055409,0,252746,0,196.64,283.05,327.49
396,1,92,98,100,15323,15323,15323,81956,81956,81956,591,591,591,0.18,0.22,0.31,0.05,0.07,0.14,0.00,0.02,0.09,0.00,0.00,0.00,0.00,0.00,0.01,0.00,0.00,0.00,0.00,0.02,0.10,309270,382638,487437,322375,458638,775707,0,173684688,741479448,0,187907627,728031883,0,129972,0,181.34,184.92,192.59
396,2,100,100,100,14711,14711,14711,82568,82568,82568,591,591,591,0.18,0.46,0.76,0.05,0.17,0.38,0.00,0.11,0.27,0.00,0.00,0.00,0.00,0.02,0.06,0.00,0.00,0.00,0.00,0.09,0.29,303979,458851,773121,317081,614937,1027305,0,171181159,728842482,0,185456720,715644853,0,180166,0,218.80,265.52,300.41
396,3,93,98,100,9532,9532,9532,87747,87747,87747,591,591,591,0.83,0.89,0.97,0.19,0.35,0.54,0.14,0.29,0.41,0.00,0.00,0.00,0.02,0.07,0.13,0.00,0.00,0.00,0.06,0.25,0.47,298715,455179,644691,340640,772921,1289375,0,194905367,721292270,0,152316054,761580271,0,317762,0,467.87,492.31,529.69
397,0,100,100,100,9466,9466,9466,87813,87813,87813,591,591,591,0.25,0.38,0.66,0.08,0.11,0.19,0.02,0.08,0.20,0.00,0.00,0.00,0.00,0.02,0.05,0.00,0.00,0.00,0.02,0.04,0.08,466466,895451,2080821,482190,927235,2107028,0,518304269,660786699,0,518286055,658097879,0,264832,0,211.05,260.20,285.37
397,1,100,100,100,15323,15323,15323,81956,81956,81956,591,591,591,0.18,0.22,0.24,0.05,0.07,0.07,0.00,0.01,0.02,0.00,0.00,0.00,0.00,0.00,0.00,0.00,0.00,0.00,0.00,0.01,0.02,208331,389713,686642,227428,422886,715470,0,477617541,660801456,0,477800199,658123027,0,159445,0,164.48,171.11,179.70
397,2,100,100,100,14711,14711,14711,82568,82568,82568,591,591,591,0.20,0.34,0.55,0.06,0.10,0.16,0.01,0.06,0.15,0.00,0.00,0.00,0.00,0.01,0.03,0.00,0.00,0.00,0.01,0.03,0.07,330203,448154,691898,343314,480127,739073,0,522202508,660784165,0,522200953,658103164,0,147980,0,193.40,229.54,255.07
397,3,100,100,100,9532,9532,9532,87747,87747,87747,591,591,591,0.77,0.86,1.00,0.16,0.21,0.25,0.29,0.37,0.48,0.00,0.00,0.00,0.06,0.09,0.14,0.00,0.00,0.00,0.04,0.08,0.11,314484,442897,581800,345932,481159,618494,0,522194021,656770166,0,522196103,664818454,0,449651,0,497.63,511.26,523.19
398,0,100,100,100,9466,9466,9466,87813,87813,87813,591,591,591,0.19,0.45,0.61,0.05,0.13,0.17,0.01,0.11,0.18,0.00,0.00,0.00,0.00,0.03,0.04,0.00,0.00,0.00,0.00,0.04,0.06,437666,538797,684021,456041,573913,733816,0,389994892,660506575,0,390531879,657821483,0,217423,0,248.23,263.91,293.01
398,1,100,100,100,15323,15323,15323,81956,81956,81956,591,591,591,0.18,0.21,0.24,0.05,0.06,0.07,0.00,0.01,0.02,0.00,0.00,0.00,0.00,0.00,0.00,0.00,0.00,0.00,0.00,0.01,0.02,306652,385785,539884,322377,417759,589679,0,390062667,660794228,0,390597876,658121038,0,141519,0,171.28,174.56,178.53
398,2,100,100,100,14711,14711,14711,82568,82568,82568,591,591,591,0.18,0.39,0.59,0.05,0.11,0.17,0.00,0.09,0.16,0.00,0.00,0.00,0.00,0.02,0.04,0.00,0.00,0.00,0.00,0.04,0.07,209670,518396,919941,220154,554561,956633,0,389976427,1305153605,0,390511056,1305158845,0,213894,0,224.64,242.31,257.50
398,3,99,99,100,9532,9532,9532,87747,87747,87747,591,591,591,0.77,0.91,0.99,0.15,0.19,0.25,0.30,0.40,0.47,0.00,0.00,0.00,0.07,0.10,0.13,0.00,0.00,0.00,0.04,0.07,0.11,309243,525170,812405,359037,553997,825508,0,390843043,656770885,0,389236577,664795499,0,405539,0,496.97,503.95,508.06
399,0,100,100,100,9466,9466,9466,87813,87813,87813,591,591,591,0.18,0.34,0.43,0.05,0.10,0.14,0.00,0.06,0.11,0.00,0.00,0.00,0.00,0.02,0.03,0.00,0.00,0.00,0.00,0.03,0.06,545158,728581,1061393,558262,755445,1092842,0,326380406,660789512,0,326383709,658116373,0,122905,0,258.20,274.01,288.77
399,1,100,100,100,15323,15323,15323,81956,81956,81956,591,591,591,0.18,0.21,0.24,0.05,0.06,0.07,0.00,0.01,0.02,0.00,0.00,0.00,0.00,0.00,0.00,0.00,0.00,0.00,0.00,0.01,0.02,293503,402943,655200,306606,429807,686650,0,326388963,660806657,0,326389632,658133438,0,103107,0,171.03,176.07,179.94
399,2,100,100,100,14711,14711,14711,82568,82568,82568,591,591,591,0.18,0.34,0.49,0.05,0.09,0.13,0.00,0.06,0.13,0.00,0.00,0.00,0.00,0.02,0.03,0.00,0.00,0.00,0.00,0.02,0.05,309258,532675,1087603,324967,561504,1121672,0,491585477,660785856,0,490917257,658106710,0,185531,0,226.16,244.62,257.00
399,3,100,100,100,9532,9532,9532,87747,87747,87747,591,591,591,0.77,0.85,0.91,0.20,0.21,0.25,0.30,0.36,0.40,0.00,0.00,0.00,0.07,0.09,0.12,0.00,0.00,0.00,0.07,0.08,0.11,324965,457682,840334,359037,490108,863046,0,433885054,656766158,0,436529285,664795955,0,410075,0,502.77,504.49,507.68
400,0,100,100,100,9466,9466,9466,87813,87813,87813,591,591,591,0.26,0.43,0.59,0.07,0.12,0.16,0.04,0.10,0.17,0.00,0.00,0.00,0.01,0.02,0.04,0.00,0.00,0.00,0.01,0.04,0.05,583528,1228985,2930082,631932,1261482,2945807,0,478251657,661522709,0,478093698,664276320,0,215559,0,256.50,275.46,291.58
400,1,100,100,100,15323,15323,15323,81956,81956,81956,591,591,591,0.18,0.22,0.24,0.05,0.07,0.07,0.00,0.01,0.02,0.00,0.00,0.00,0.00,0.00,0.00,0.00,0.00,0.00,0.00,0.01,0.02,221900,314331,387893,256845,347529,400998,0,479251084,660837225,0,479073576,658156062,0,149520,0,172.20,176.75,179.61
400,2,100,100,100,14711,14711,14711,82568,82568,82568,591,591,591,0.24,0.37,0.58,0.07,0.11,0.17,0.02,0.08,0.16,0.00,0.00,0.00,0.00,0.02,0.04,0.00,0.00,0.00,0.01,0.04,0.07,306548,459905,962990,343229,495846,993321,0,385317503,644743737,0,385872124,647419555,0,165902,0,229.04,246.19,257.27
400,3,99,99,100,9532,9532,9533,87746,87746,87747,591,591,591,0.78,0.89,0.99,0.15,0.20,0.25,0.30,0.39,0.47,0.00,0.00,0.00,0.06,0.10,0.14,0.00,0.00,0.00,0.04,0.07,0.11,303931,377886,623711,335372,409857,657779,0,390814283,656768585,0,389206103,664803718,0,408153,0,510.47,513.95,516.57
401,0,100,100,100,9466,9466,9466,87813,87813,87813,591,591,591,0.29,0.52,0.85,0.07,0.13,0.21,0.02,0.09,0.18,0.00,0.00,0.00,0.00,0.02,0.05,0.00,0.00,0.00,0.01,0.05,0.09,458606,779929,1926275,482191,842827,2088764,0,548718734,756441152,0,549690527,750059972,0,255102,0,247.06,281.59,320.08
401,1,100,100,100,15323,15323,15323,81956,81956,81956,591,591,591,0.18,0.25,0.29,0.05,0.07,0.09,0.00,0.02,0.02,0.00,0.00,0.00,0.00,0.00,0.00,0.00,0.00,0.00,0.00,0.02,0.03,306624,397838,550338,324997,474367,584407,0,548743325,756466443,0,549719931,750100707,0,144579,0,173.16,180.59,188.64
401,2,100,100,100,14711,14711,14711,82568,82568,82568,591,591,591,0.32,0.49,0.62,0.09,0.13,0.15,0.03,0.07,0.11,0.00,0.00,0.00,0.01,0.02,0.02,0.00,0.00,0.00,0.03,0.05,0.06,309242,393470,558260,372139,459864,691928,0,461681513,870322531,0,462660609,870317290,0,224416,0,230.17,257.34,295.41
401,3,99,99,100,9533,9533,9533,87746,87746,87746,591,591,591,0.78,0.89,1.00,0.15,0.20,0.25,0.20,0.35,0.47,0.00,0.00,0.00,0.05,0.09,0.13,0.00,0.00,0.00,0.04,0.07,0.11,144063,593477,1383726,238358,647977,1457105,0,500313002,698166548,0,496116726,664766920,0,395585,0,496.74,504.81,511.37
402,0,100,100,100,9466,9466,9466,87813,87813,87813,591,591,591,0.18,0.54,0.93,0.05,0.13,0.23,0.00,0.06,0.12,0.00,0.00,0.00,0.00,0.02,0.03,0.00,0.00,0.00,0.00,0.05,0.10,437694,618480,841308,450799,663030,919935,0,143343163,716715817,0,144418082,722090412,0,200157,0,265.21,283.99,314.58
402,1,100,100,100,15323,15323,15323,81956,81956,81956,591,591,591,0.18,0.21,0.34,0.05,0.06,0.10,0.00,0.01,0.03,0.00,0.00,0.00,0.00,0.00,0.01,0.00,0.00,0.00,0.00,0.01,0.04,301390,335468,442906,317115,366918,456010,0,143362981,716814906,0,144436484,722182421,0,135565,0,165.22,173.46,178.04
402,2,100,100,100,14711,14711,14711,82568,82568,82568,591,591,591,0.18,0.38,0.78,0.05,0.10,0.20,0.00,0.03,0.10,0.00,0.00,0.00,0.00,0.01,0.03,0.00,0.00,0.00,0.00,0.03,0.09,317104,521544,846559,330207,559808,888436,0,143357431,716787158,0,144429844,722149224,0,217917,0,221.56,243.58,259.46
402,3,100,100,100,9533,9533,9534,87745,87745,87746,591,591,591,0.94,0.95,0.99,0.16,0.19,0.21,0.14,0.15,0.16,0.00,0.00,0.00,0.04,0.05,0.05,0.00,0.00,0.00,0.05,0.08,0.10,322346,439750,594887,356418,479585,647300,0,144964762,724823813,0,141743929,708719645,0,391194,0,481.41,490.30,497.81
403,0,100,100,100,9466,9466,9466,87813,87813,87813,591,591,591,0.18,0.39,0.58,0.05,0.10,0.15,0.00,0.03,0.07,0.00,0.00,0.00,0.00,0.01,0.02,0.00,0.00,0.00,0.00,0.03,0.07,217536,660165,1747318,222778,684261,1760416,0,294717620,751607646,0,293643283,748088064,0,194394,0,215.17,250.41,291.44
403,1,100,100,100,15323,15323,15324,81956,81956,81956,591,591,591,0.18,0.23,0.29,0.05,0.06,0.08,0.00,0.01,0.02,0.00,0.00,0.00,0.00,0.00,0.00,0.00,0.00,0.00,0.00,0.01,0.03,207927,411647,783586,216664,434361,799311,0,294801321,751757333,0,293727262,748156169,0,146660,0,160.75,168.25,174.52
403,2,100,100,100,14711,14711,14711,82568,82568,82568,591,591,591,0.18,0.42,0.77,0.05,0.11,0.20,0.00,0.04,0.10,0.00,0.00,0.00,0.00,0.01,0.03,0.00,0.00,0.00,0.00,0.04,0.09,309269,474874,780904,324995,499508,849037,0,294769296,751707053,0,293695380,748111748,0,160837,0,192.59,229.27,259.29
403,3,100,100,100,9534,9534,9534,87745,87745,87745,591,591,591,0.94,0.96,0.99,0.16,0.18,0.21,0.14,0.15,0.16,0.00,0.00,0.00,0.04,0.05,0.05,0.00,0.00,0.00,0.05,0.07,0.10,308188,380779,607889,352215,415263,636712,0,293079183,745904962,0,296300375,756614890,0,294133,0,479.04,486.09,491.12
404,0,100,100,100,9466,9466,9466,87813,87813,87813,591,591,591,0.18,0.33,0.64,0.05,0.08,0.16,0.00,0.02,0.08,0.00,0.00,0.00,0.00,0.01,0.02,0.00,0.00,0.00,0.00,0.02,0.07,432441,544115,822919,450787,558792,838644,0,141751836,708759184,0,141752361,708761805,0,133269,0,161.03,203.73,223.42
404,1,100,100,100,15324,15324,15324,81956,81956,81956,591,591,591,0.18,0.19,0.22,0.05,0.05,0.06,0.00,0.00,0.01,0.00,0.00,0.00,0.00,0.00,0.00,0.00,0.00,0.00,0.00,0.00,0.01,314496,472281,705009,330221,485909,718113,0,269204243,708747520,0,259673770,708750141,0,126942,0,156.37,161.15,165.65
404,2,100,100,100,14711,14711,14711,82568,82568,82568,591,591,591,0.18,0.22,0.38,0.05,0.06,0.09,0.00,0.01,0.03,0.00,0.00,0.00,0.00,0.00,0.01,0.00,0.00,0.00,0.00,0.01,0.02,228896,309713,372178,239380,323330,387904,0,269173158,708556639,0,259639966,708554019,0,128150,0,155.38,189.55,203.55
404,3,100,100,100,9534,9534,9534,87745,87745,87745,591,591,591,0.94,0.95,0.99,0.16,0.20,0.21,0.14,0.15,0.16,0.00,0.00,0.00,0.04,0.05,0.05,0.00,0.00,0.00,0.05,0.08,0.11,317100,362649,484648,343421,384661,497747,0,254933389,708719532,0,283530664,708936411,0,440111,0,478.37,483.46,487.76
405,0,80,94,100,9466,9466,9466,87813,87813,87813,591,591,591,0.18,0.69,0.93,0.05,0.22,0.36,0.00,0.18,0.40,0.00,0.00,0.00,0.00,0.04,0.06,0.00,0.00,0.00,0.00,0.14,0.24,456023,566700,807134,466506,664970,974850,0,0,0,0,0,0,0,311082,0,198.97,294.91,404.13
405,1,99,99,100,15324,15324,15324,81956,81956,81956,591,591,591,0.22,0.76,0.98,0.08,0.25,0.40,0.00,0.23,0.46,0.00,0.00,0.00,0.01,0.06,0.08,0.00,0.00,0.00,0.04,0.15,0.27,340689,415998,607995,440142,519507,639443,0,0,0,0,0,0,0,321236,0,209.10,319.15,427.36
405,2,43,78,100,14711,14711,14711,82568,82568,82568,591,591,591,0.01,0.32,0.53,0.00,0.14,0.22,0.00,0.11,0.23,0.00,0.00,0.00,0.00,0.02,0.03,0.00,0.00,0.00,0.00,0.09,0.15,345899,489423,788841,474384,672874,972292,0,0,0,0,0,0,0,167837,0,213.20,236.19,250.66
405,3,98,99,100,9534,9534,9534,87745,87745,87745,591,591,591,0.80,0.88,0.92,0.16,0.29,0.38,0.11,0.26,0.42,0.00,0.00,0.00,0.03,0.07,0.12,0.00,0.00,0.00,0.08,0.16,0.25,7861,803854,2177617,91721,898633,2266713,0,0,0,0,0,0,0,390893,0,485.52,490.38,494.34
406,0,81,95,100,9466,9466,9466,87813,87813,87813,591,591,591,0.01,0.45,0.96,0.00,0.25,0.35,0.00,0.22,0.38,0.00,0.00,0.00,0.00,0.08,0.15,0.00,0.00,0.00,0.00,0.12,0.18,471705,696078,1236990,563441,996420,1310371,0,0,0,0,0,0,0,240251,0,339.52,446.21,514.35
406,1,96,98,100,15324,15324,15324,81956,81956,81956,591,591,591,0.94,0.96,0.98,0.22,0.26,0.31,0.16,0.31,0.42,0.00,0.00,0.00,0.07,0.13,0.18,0.00,0.00,0.00,0.08,0.09,0.12,322342,416716,702312,335445,446533,739000,0,0,0,0,0,0,0,493004,0,513.92,538.96,548.70
406,2,100,100,100,14711,14711,14711,82568,82568,82568,591,591,591,0.01,0.01,0.01,0.00,0.00,0.00,0.00,0.00,0.00,0.00,0.00,0.00,0.00,0.00,0.00,0.00,0.00,0.00,0.00,0.00,0.00,304028,521033,1022169,319754,534662,1035274,0,0,0,0,0,0,0,108888,0,135.91,173.74,249.49
406,3,65,92,100,9534,9534,9534,87745,87745,87745,591,591,591,0.01,0.49,0.95,0.00,0.20,0.35,0.00,0.18,0.38,0.00,0.00,0.00,0.00,0.06,0.15,0.00,0.00,0.00,0.00,0.10,0.19,338069,469885,657799,421931,760228,1276326,0,0,0,0,0,0,0,211532,0,321.67,430.70,492.46
407,0,100,100,100,9466,9466,9466,87813,87813,87813,591,591,591,0.01,0.01,0.01,0.00,0.00,0.00,0.00,0.00,0.00,0.00,0.00,0.00,0.00,0.00,0.00,0.00,0.00,0.00,0.00,0.00,0.00,433546,878327,2174995,446449,892542,2192371,0,0,0,0,0,0,0,109490,0,136.57,165.18,257.31
407,1,41,76,100,15324,15324,15324,81956,81956,81956,591,591,591,0.30,0.72,0.98,0.16,0.24,0.31,0.08,0.29,0.43,0.00,0.00,0.00,0.00,0.11,0.18,0.00,0.00,0.00,0.07,0.10,0.14,322323,788569,1700622,466451,1059878,2253521,0,0,0,0,0,0,0,321790,0,433.18,507.40,546.76
407,2,100,100,100,14711,14711,14711,82568,82568,82568,591,591,591,0.01,0.01,0.01,0.00,0.00,0.00,0.00,0.00,0.00,0.00,0.00,0.00,0.00,0.00,0.00,0.00,0.00,0.00,0.00,0.00,0.00,309263,368502,537300,322368,382131,550405,0,0,0,0,0,0,0,108643,0,135.52,135.63,135.78
407,3,100,100,100,9534,9534,9534,87745,87745,87745,591,591,591,0.01,0.01,0.01,0.00,0.00,0.00,0.00,0.00,0.00,0.00,0.00,0.00,0.00,0.00,0.00,0.00,0.00,0.00,0.00,0.00,0.00,298783,395236,558262,311888,409913,576609,0,0,0,0,0,0,0,129411,0,143.80,176.14,255.26
408,0,100,100,100,9466,9466,9466,87813,87813,87813,591,591,591,0.01,0.41,0.83,0.00,0.15,0.35,0.00,0.11,0.27,0.00,0.00,0.00,0.00,0.02,0.06,0.00,0.00,0.00,0.00,0.10,0.22,288299,568164,1160930,295288,739904,1388923,0,25410610,84700742,0,42324427,211622136,0,272955,0,136.54,233.41,298.66
408,1,46,82,100,15324,15324,15324,81956,81956,81956,591,591,591,0.32,0.70,0.99,0.16,0.32,0.54,0.08,0.20,0.46,0.00,0.00,0.00,0.01,0.04,0.10,0.00,0.00,0.00,0.04,0.24,0.46,335482,449661,550371,547716,951720,1326134,0,50774282,211644789,0,0,0,0,415679,0,368.06,410.40,477.64
408,2,96,99,100,14711,14711,14711,82568,82568,82568,591,591,591,0.01,0.14,0.18,0.00,0.04,0.06,0.00,0.01,0.03,0.00,0.00,0.00,0.00,0.00,0.00,0.00,0.00,0.00,0.00,0.01,0.03,225392,482757,1229149,324998,520847,1242253,0,25362447,126812236,0,33841380,84623476,0,144746,0,135.48,149.68,156.86
408,3,89,97,100,9534,9534,9534,87745,87745,87745,591,591,591,0.01,0.40,0.86,0.00,0.16,0.47,0.00,0.11,0.31,0.00,0.00,0.00,0.00,0.02,0.07,0.00,0.00,0.00,0.00,0.10,0.36,154623,566445,1030004,214900,737836,1121627,0,124248973,494309356,0,139374207,485353140,0,302096,0,143.60,235.09,318.94
409,0,100,100,100,9466,9466,9466,87813,87813,87813,591,591,591,0.18,0.46,0.69,0.05,0.12,0.19,0.00,0.09,0.21,0.00,0.00,0.00,0.00,0.02,0.05,0.00,0.00,0.00,0.00,0.04,0.10,418305,1055916,2012561,431296,1089933,2075303,0,517662825,1202100255,0,515511352,1202100255,0,260965,0,250.52,292.68,343.90
409,1,100,100,100,15324,15324,15324,81956,81956,81956,591,591,591,0.78,0.84,0.89,0.18,0.22,0.26,0.32,0.36,0.40,0.00,0.00,0.00,0.06,0.09,0.12,0.00,0.00,0.00,0.06,0.08,0.12,213141,438342,686621,249829,473982,718069,0,448050506,870293330,0,454501204,870288089,0,460555,0,514.28,523.51,535.73
409,2,100,100,100,14711,14711,14711,82568,82568,82568,591,591,591,0.18,0.20,0.23,0.05,0.06,0.07,0.00,0.01,0.02,0.00,0.00,0.00,0.00,0.00,0.00,0.00,0.00,0.00,0.00,0.01,0.01,314492,436630,626371,324975,471226,657839,0,538356977,1305585363,0,536209992,1305585363,0,126065,0,146.69,151.76,158.42
409,3,100,100,100,9534,9534,9534,87745,87745,87745,591,591,591,0.18,0.46,0.69,0.05,0.13,0.20,0.00,0.11,0.21,0.00,0.00,0.00,0.00,0.03,0.05,0.00,0.00,0.00,0.00,0.04,0.08,301385,459684,670925,324955,496899,723341,0,390038924,1305453593,0,390574092,1305461454,0,190994,0,249.43,291.02,336.94
410,0,100,100,100,9466,9466,9466,87813,87813,87813,591,591,591,0.18,0.40,0.63,0.05,0.11,0.18,0.00,0.09,0.18,0.00,0.00,0.00,0.00,0.02,0.05,0.00,0.00,0.00,0.00,0.04,0.06,542518,1321347,2164571,589693,1353041,2178906,0,522180513,1305315283,0,522179456,1305317903,0,247164,0,286.66,288.36,289.43
410,1,100,100,100,15324,15324,15324,81956,81956,81956,591,591,591,0.79,0.89,0.99,0.16,0.21,0.26,0.32,0.38,0.46,0.00,0.00,0.00,0.07,0.10,0.13,0.00,0.00,0.00,0.04,0.08,0.12,332834,462283,867442,382628,497400,880546,0,522185518,1305475194,0,522186422,1305469953,0,319694,0,515.35,519.89,524.07
410,2,100,100,100,14711,14711,14711,82568,82568,82568,591,591,591,0.20,0.20,0.21,0.06,0.06,0.06,0.01,0.01,0.01,0.00,0.00,0.00,0.00,0.00,0.00,0.00,0.00,0.00,0.01,0.01,0.01,281311,320535,346433,314509,358055,395748,429840585,610592698,660814538,431628050,609880544,658120395,0,93275,0,151.44,152.76,153.74
410,3,100,100,100,9534,9534,9534,87745,87745,87745,591,591,591,0.18,0.46,0.63,0.05,0.13,0.18,0.00,0.12,0.18,0.00,0.00,0.00,0.00,0.03,0.05,0.00,0.00,0.00,0.00,0.04,0.07,296146,436279,690271,309250,471857,721411,0,520872461,1305490041,0,520875497,1305482179,0,225032,0,287.79,290.97,293.14
411,0,100,100,100,9466,9466,9466,87813,87813,87813,591,591,591,0.38,0.48,0.69,0.08,0.12,0.14,0.09,0.11,0.13,0.00,0.00,0.00,0.02,0.02,0.03,0.00,0.00,0.00,0.00,0.04,0.06,310998,536998,890877,331965,566481,924940,0,436522247,660783130,0,436074362,658104743,0,182431,0,288.46,290.42,293.52
411,1,99,99,100,15324,15324,15324,81956,81956,81956,591,591,591,0.79,0.87,0.99,0.15,0.21,0.27,0.32,0.38,0.46,0.00,0.00,0.00,0.08,0.10,0.12,0.00,0.00,0.00,0.03,0.08,0.13,330213,422577,683967,353784,458612,715414,0,652741876,1305495470,0,652743053,1305495470,0,412457,0,514.89,518.82,523.41
411,2,100,100,100,14711,14711,14711,82568,82568,82568,591,591,591,0.18,0.20,0.21,0.05,0.06,0.06,0.00,0.01,0.01,0.00,0.00,0.00,0.00,0.00,0.00,0.00,0.00,0.00,0.00,0.01,0.01,330225,562806,1160927,343329,599498,1197615,0,487572498,660766934,0,488244202,658083436,0,135678,0,151.12,151.43,151.65
411,3,100,100,100,9534,9534,9534,87745,87745,87745,591,591,591,0.33,0.50,0.69,0.08,0.14,0.21,0.06,0.13,0.20,0.00,0.00,0.00,0.02,0.03,0.05,0.00,0.00,0.00,0.00,0.05,0.09,230632,446182,830744,263829,478724,843847,429829091,599042619,660839722,431609504,598820737,658174243,0,260687,0,289.57,292.82,295.79
412,0,100,100,100,9466,9466,9466,87813,87813,87813,591,591,591,0.33,0.47,0.67,0.10,0.15,0.21,0.08,0.14,0.20,0.00,0.00,0.00,0.02,0.03,0.05,0.00,0.00,0.00,0.03,0.06,0.09,715462,1011708,1809341,738941,1074853,1839413,0,522555369,675414861,0,522605784,678215236,0,267770,0,289.26,291.55,294.47
412,1,100,100,100,15324,15324,15324,81956,81956,81956,591,591,591,0.86,0.88,0.91,0.18,0.20,0.22,0.36,0.38,0.41,0.00,0.00,0.00,0.07,0.09,0.12,0.00,0.00,0.00,0.05,0.07,0.09,234114,430470,642002,272551,463315,670827,0,478927504,656727495,0,479461488,664756788,0,467118,0,516.83,519.37,524.43
412,2,100,100,100,14711,14711,14711,82568,82568,82568,591,591,591,0.18,0.20,0.21,0.05,0.06,0.06,0.00,0.01,0.01,0.00,0.00,0.00,0.00,0.00,0.00,0.00,0.00,0.00,0.00,0.01,0.01,319737,380549,600167,335485,438733,631617,0,522226693,660821052,0,522227776,658139954,0,122846,0,151.43,152.15,152.85
412,3,100,100,100,9534,9534,9534,87745,87745,87745,591,591,591,0.29,0.45,0.75,0.06,0.13,0.20,0.05,0.11,0.24,0.00,0.00,0.00,0.01,0.03,0.06,0.00,0.00,0.00,0.00,0.04,0.07,301345,391541,699812,314447,447102,749611,0,522211786,660767972,0,522212421,658094909,0,226181,0,286.81,292.28,297.33
413,0,100,100,100,9466,9466,9466,87813,87813,87813,591,591,591,0.26,0.56,0.88,0.07,0.14,0.21,0.02,0.06,0.11,0.00,0.00,0.00,0.00,0.02,0.03,0.00,0.00,0.00,0.02,0.05,0.09,435023,582841,1011678,476953,630012,1040508,0,430954124,756360143,0,433006804,750000388,0,231202,0,290.15,308.97,342.44
413,1,100,100,100,15324,15324,15324,81956,81956,81956,591,591,591,0.79,0.91,0.99,0.15,0.20,0.24,0.15,0.25,0.47,0.00,0.00,0.00,0.04,0.07,0.11,0.00,0.00,0.00,0.03,0.09,0.11,330204,491639,898895,364273,554535,946067,0,434049395,746898982,0,427899724,765998496,0,413343,0,514.73,519.39,524.51
413,2,100,100,100,14711,14711,14711,82568,82568,82568,591,591,591,0.18,0.21,0.24,0.05,0.06,0.07,0.00,0.00,0.01,0.00,0.00,0.00,0.00,0.00,0.00,0.00,0.00,0.00,0.00,0.01,0.01,304015,344296,400982,324993,397170,497952,0,380552710,716799770,0,383024110,722175035,0,122606,0,148.74,153.60,155.26
413,3,100,100,100,9534,9534,9534,87745,87745,87745,591,591,591,0.18,0.52,0.85,0.05,0.13,0.21,0.00,0.06,0.11,0.00,0.00,0.00,0.00,0.02,0.03,0.00,0.00,0.00,0.00,0.05,0.09,303944,495313,956569,319665,545631,1019467,0,430952448,756449303,0,433003254,750083689,0,232747,0,281.20,306.83,326.41
414,0,100,100,100,9466,9466,9466,87813,87813,87813,591,591,591,0.18,0.49,0.94,0.05,0.12,0.22,0.00,0.05,0.12,0.00,0.00,0.00,0.00,0.01,0.03,0.00,0.00,0.00,0.00,0.04,0.10,429823,523108,767839,445548,562943,849078,0,150363872,751819364,0,149645752,748228763,0,178112,0,261.43,293.36,318.39
414,1,100,100,100,15324,15324,15324,81956,81956,81956,591,591,591,0.94,0.95,0.98,0.16,0.19,0.21,0.14,0.15,0.16,0.00,0.00,0.00,0.04,0.05,0.05,0.00,0.00,0.00,0.06,0.08,0.10,319722,396240,605376,372136,439743,639445,0,149265846,746329231,0,151410622,757053113,0,409196,0,516.52,520.51,526.09
414,2,100,100,100,14711,14711,14711,82568,82568,82568,591,591,591,0.18,0.19,0.23,0.05,0.05,0.06,0.00,0.00,0.01,0.00,0.00,0.00,0.00,0.00,0.00,0.00,0.00,0.00,0.00,0.00,0.01,314517,467043,1037888,330223,490632,1050993,0,150340531,751702656,0,149633390,748166953,0,129514,0,143.19,148.90,151.43
414,3,100,100,100,9534,9534,9534,87745,87745,87745,591,591,591,0.18,0.55,0.95,0.05,0.14,0.23,0.00,0.06,0.13,0.00,0.00,0.00,0.00,0.02,0.03,0.00,0.00,0.00,0.00,0.05,0.10,304026,399022,543407,340725,440423,571216,0,150313373,751566868,0,149593850,747969250,0,196983,0,250.47,294.70,326.03
415,0,100,100,100,9466,9466,9466,87813,87813,87813,591,591,591,0.18,0.38,0.60,0.05,0.10,0.15,0.00,0.03,0.08,0.00,0.00,0.00,0.00,0.01,0.02,0.00,0.00,0.00,0.00,0.03,0.07,442867,549315,922535,453349,562943,938260,0,286159433,722073367,0,285803042,720286173,0,190200,0,211.84,231.99,262.16
415,1,100,100,100,15324,15324,15324,81956,81956,81956,591,591,591,0.93,0.95,0.97,0.16,0.19,0.21,0.15,0.15,0.16,0.00,0.00,0.00,0.04,0.05,0.05,0.00,0.00,0.00,0.06,0.09,0.14,348550,618803,929645,387860,647497,957816,0,357835421,719488832,0,377969451,724876946,0,469433,0,505.91,509.55,514.73
415,2,100,100,100,14711,14711,14711,82568,82568,82568,591,591,591,0.18,0.19,0.23,0.05,0.05,0.06,0.00,0.00,0.01,0.00,0.00,0.00,0.00,0.00,0.00,0.00,0.00,0.00,0.00,0.00,0.01,311874,445551,626402,324978,460228,639507,0,286211043,722279946,0,285843084,720442770,0,113092,0,143.22,145.35,147.71
415,3,100,100,100,9534,9534,9534,87745,87745,87745,591,591,591,0.18,0.39,0.60,0.05,0.10,0.15,0.00,0.03,0.08,0.00,0.00,0.00,0.00,0.01,0.02,0.00,0.00,0.00,0.00,0.03,0.07,309268,405709,707673,322373,420386,728642,0,286174550,722156509,0,285819721,720392844,0,148956,0,225.17,238.40,258.44
416,0,79,90,100,9466,9466,9466,87813,87813,87813,591,591,591,0.20,0.76,0.93,0.06,0.26,0.36,0.00,0.21,0.39,0.00,0.00,0.00,0.00,0.06,0.11,0.00,0.00,0.00,0.02,0.15,0.24,461230,842618,1302644,508401,927682,1402864,0,1642048645,0,0,1629252534,0,0,412267,0,169.52,307.84,445.35
416,1,50,83,100,15324,15324,15324,81956,81956,81956,591,591,591,0.01,0.41,0.90,0.00,0.14,0.37,0.00,0.12,0.42,0.00,0.00,0.00,0.00,0.02,0.07,0.00,0.00,0.00,0.00,0.08,0.25,490060,638412,880528,579226,787265,982740,0,0,0,0,0,0,0,204586,0,328.74,447.78,521.58
416,2,85,93,100,14711,14711,14711,82568,82568,82568,591,591,591,0.18,0.67,0.94,0.05,0.25,0.35,0.00,0.21,0.41,0.00,0.00,0.00,0.00,0.06,0.15,0.00,0.00,0.00,0.00,0.13,0.24,317129,544916,801073,330233,641751,926240,0,0,0,0,0,0,0,307576,0,141.09,276.79,425.13
416,3,79,94,100,9534,9534,9534,87745,87745,87745,591,591,591,0.18,0.68,0.97,0.05,0.23,0.40,0.00,0.18,0.45,0.00,0.00,0.00,0.00,0.05,0.08,0.00,0.00,0.00,0.00,0.13,0.26,322344,428542,696138,335448,510775,897651,0,0,0,0,0,0,0,302458,0,188.46,294.97,423.75
417,0,48,85,98,9466,9466,9466,87813,87813,87813,591,591,591,0.48,0.83,0.96,0.23,0.30,0.32,0.15,0.33,0.40,0.00,0.00,0.00,0.03,0.12,0.16,0.00,0.00,0.00,0.11,0.12,0.16,461220,790762,1289293,521493,1000417,1556717,0,0,0,0,0,0,0,281092,0,485.71,511.99,523.24
417,1,100,100,100,15324,15324,15324,81956,81956,81956,591,591,591,0.01,0.01,0.01,0.00,0.00,0.00,0.00,0.00,0.00,0.00,0.00,0.00,0.00,0.00,0.00,0.00,0.00,0.00,0.00,0.00,0.00,296150,340713,432439,309254,354473,445543,0,0,0,0,0,0,0,121720,0,152.05,190.45,266.26
417,2,74,92,100,14711,14711,14711,82568,82568,82568,591,591,591,0.01,0.32,0.92,0.00,0.14,0.37,0.00,0.11,0.34,0.00,0.00,0.00,0.00,0.03,0.12,0.00,0.00,0.00,0.00,0.07,0.15,213159,509300,1037884,330234,738389,1050989,0,0,0,0,0,0,0,212516,0,276.50,388.64,492.73
417,3,99,99,99,9534,9534,9534,87745,87745,87745,591,591,591,0.86,0.93,0.96,0.31,0.32,0.33,0.32,0.38,0.40,0.00,0.00,0.00,0.11,0.15,0.16,0.00,0.00,0.00,0.10,0.11,0.15,0,290863,450722,395701,438924,508373,0,0,0,0,0,0,0,428995,0,489.70,497.29,505.77
418,0,49,89,100,9466,9466,9466,87813,87813,87813,591,591,591,0.35,0.70,0.89,0.18,0.28,0.46,0.09,0.23,0.35,0.00,0.00,0.00,0.01,0.05,0.09,0.00,0.00,0.00,0.09,0.19,0.35,447740,718010,1347030,833376,1129336,1396823,0,302577410,741413899,0,280453198,761572168,0,434856,0,426.53,436.89,455.31
418,1,97,99,100,15324,15324,15324,81956,81956,81956,591,591,591,0.01,0.16,0.21,0.00,0.05,0.08,0.00,0.01,0.04,0.00,0.00,0.00,0.00,0.00,0.01,0.00,0.00,0.00,0.00,0.01,0.05,213151,308901,353807,256830,370050,518878,0,333489696,870331599,0,354843707,870335093,0,164045,0,151.74,167.72,178.46
418,2,100,100,100,14711,14711,14711,82568,82568,82568,591,591,591,0.01,0.45,0.83,0.00,0.17,0.35,0.00,0.13,0.26,0.00,0.00,0.00,0.00,0.03,0.06,0.00,0.00,0.00,0.00,0.10,0.22,309265,455950,691876,322370,618916,1073967,0,287853539,754894394,0,310018949,734743365,0,301440,0,202.06,259.34,325.31
418,3,68,93,100,9534,9534,9534,87745,87745,87745,591,591,591,0.38,0.68,0.88,0.22,0.28,0.46,0.08,0.23,0.35,0.00,0.00,0.00,0.01,0.05,0.09,0.00,0.00,0.00,0.09,0.18,0.35,332797,485864,828184,387826,868643,1665104,0,302637501,741476788,0,280448392,761614874,0,396702,0,430.82,443.79,471.00
419,0,100,100,100,9466,9466,9466,87813,87813,87813,591,591,591,0.80,0.83,0.84,0.22,0.23,0.24,0.32,0.34,0.35,0.00,0.00,0.00,0.07,0.08,0.09,0.00,0.00,0.00,0.09,0.10,0.11,475945,870181,2138460,532096,922849,2188252,644709553,953700460,1305474797,640707734,953716899,1305477418,0,383826,0,482.87,489.11,501.26
419,1,100,100,100,15324,15324,15324,81956,81956,81956,591,591,591,0.20,0.21,0.23,0.06,0.06,0.07,0.01,0.01,0.02,0.00,0.00,0.00,0.00,0.00,0.00,0.00,0.00,0.00,0.01,0.01,0.01,319703,410408,547732,364300,462298,613250,642048493,911705064,1305504961,646067091,912508051,1305510203,0,145776,0,174.12,179.70,183.43
419,2,100,100,100,14711,14711,14711,82568,82568,82568,591,591,591,0.45,0.58,0.68,0.15,0.17,0.19,0.10,0.16,0.21,0.00,0.00,0.00,0.03,0.04,0.05,0.00,0.00,0.00,0.05,0.07,0.08,332824,635136,930047,387858,687376,978997,642033819,911497467,1305404222,646043435,910694195,1305409463,0,271632,0,322.27,352.96,381.15
419,3,100,100,100,9534,9534,9534,87745,87745,87745,591,591,591,0.83,0.84,0.84,0.22,0.22,0.23,0.35,0.35,0.35,0.00,0.00,0.00,0.09,0.09,0.09,0.00,0.00,0.00,0.09,0.09,0.10,309234,417733,760002,359026,469621,812415,644669774,915432736,1305481156,640644666,916240504,1305483776,0,386893,0,483.23,487.79,497.55
420,0,100,100,100,9466,9466,9466,87813,87813,87813,591,591,591,0.84,0.84,0.84,0.22,0.23,0.24,0.34,0.35,0.35,0.00,0.00,0.00,0.08,0.09,0.09,0.00,0.00,0.00,0.09,0.10,0.11,463852,590163,870061,513644,658823,1016818,644690536,919603340,1326358776,640675715,916225010,1305455378,0,392495,0,489.60,491.00,493.36
420,1,100,100,100,15324,15324,15324,81956,81956,81956,591,591,591,0.20,0.22,0.25,0.06,0.06,0.07,0.01,0.01,0.02,0.00,0.00,0.00,0.00,0.00,0.00,0.00,0.00,0.00,0.01,0.01,0.02,301391,431382,754813,335461,514721,786263,642049060,917402493,1305507164,646061474,920776623,1305507164,0,147595,0,177.73,180.32,182.12
420,2,100,100,100,14711,14711,14711,82568,82568,82568,591,591,591,0.37,0.56,0.71,0.13,0.17,0.20,0.07,0.15,0.21,0.00,0.00,0.00,0.02,0.03,0.05,0.00,0.00,0.00,0.05,0.07,0.09,253345,559078,1488541,297026,634903,1666747,642048037,958757017,1312442724,646065653,962932349,1333321613,0,333315,0,328.46,347.19,360.45
420,3,100,100,100,9534,9534,9534,87745,87745,87745,591,591,591,0.83,0.84,0.84,0.22,0.23,0.23,0.34,0.35,0.35,0.00,0.00,0.00,0.08,0.09,0.09,0.00,0.00,0.00,0.09,0.09,0.10,0,298177,529382,47172,346842,579176,639288778,911144728,1305507812,635286954,910344356,1305497329,0,437298,0,480.49,482.25,486.27
421,0,100,100,100,9466,9466,9466,87813,87813,87813,591,591,591,0.89,0.93,0.95,0.18,0.21,0.23,0.15,0.17,0.25,0.00,0.00,0.00,0.04,0.05,0.06,0.00,0.00,0.00,0.08,0.10,0.12,440179,552944,846482,497822,616363,914620,0,444937712,756454987,0,446329528,765986346,0,439465,0,485.02,488.18,492.35
421,1,100,100,100,15324,15324,15324,81956,81956,81956,591,591,591,0.18,0.21,0.24,0.05,0.06,0.07,0.00,0.01,0.01,0.00,0.00,0.00,0.00,0.00,0.00,0.00,0.00,0.00,0.00,0.01,0.01,309251,394695,555601,340676,450782,618500,0,445914924,762856271,0,444544235,753298291,0,134856,0,171.95,178.47,183.69
421,2,100,100,100,14711,14711,14711,82568,82568,82568,591,591,591,0.39,0.69,0.84,0.10,0.18,0.21,0.04,0.08,0.11,0.00,0.00,0.00,0.01,0.02,0.03,0.00,0.00,0.00,0.03,0.08,0.09,327432,485338,739078,408635,555044,778350,0,445917751,762814683,0,444549579,753272686,0,247695,0,335.61,362.11,383.94
421,3,100,100,100,9534,9534,9534,87745,87745,87745,591,591,591,0.80,0.90,0.94,0.20,0.21,0.22,0.14,0.19,0.33,0.00,0.00,0.00,0.04,0.05,0.08,0.00,0.00,0.00,0.09,0.10,0.11,345932,693999,1100686,411450,778899,1260548,0,523014316,751775275,0,528231797,757050735,0,389325,0,480.27,482.36,484.27
422,0,86,94,100,9466,9466,9466,87813,87813,87813,591,591,591,0.81,0.89,0.96,0.18,0.26,0.35,0.14,0.22,0.33,0.00,0.00,0.00,0.04,0.05,0.07,0.00,0.00,0.00,0.07,0.15,0.26,467395,882086,2269501,611209,978215,2298328,0,0,0,0,0,0,0,388487,0,480.88,486.87,491.23
422,1,87,97,100,15324,15324,15324,81956,81956,81956,591,591,591,0.18,0.45,0.87,0.05,0.18,0.37,0.00,0.15,0.41,0.00,0.00,0.00,0.00,0.03,0.07,0.00,0.00,0.00,0.00,0.10,0.26,213147,385411,581833,223630,445685,592317,0,0,0,0,0,0,0,273321,0,166.45,209.16,302.80
422,2,81,96,100,14711,14711,14711,82568,82568,82568,591,591,591,0.19,0.54,0.98,0.05,0.18,0.40,0.00,0.13,0.46,0.00,0.00,0.00,0.00,0.03,0.08,0.00,0.00,0.00,0.00,0.10,0.27,322351,352749,369544,335454,395203,484805,0,0,0,0,0,0,0,271018,0,259.76,300.71,336.01
422,3,91,98,100,9534,9534,9534,87745,87745,87745,591,591,591,0.75,0.90,0.98,0.19,0.26,0.40,0.15,0.22,0.46,0.00,0.00,0.00,0.04,0.05,0.08,0.00,0.00,0.00,0.09,0.15,0.26,314483,379447,568418,340693,437095,691531,0,0,0,0,0,0,0,293352,0,485.80,488.24,489.59
423,0,97,98,100,9466,9466,9466,87813,87813,87813,591,591,591,0.93,0.95,0.96,0.26,0.30,0.32,0.16,0.32,0.40,0.00,0.00,0.00,0.07,0.13,0.16,0.00,0.00,0.00,0.11,0.11,0.13,466476,589113,987993,524130,637856,1024683,0,0,0,0,0,0,0,416630,0,492.08,509.29,520.83
423,1,82,96,100,15324,15324,15324,81956,81956,81956,591,591,591,0.94,0.95,0.96,0.20,0.24,0.34,0.13,0.17,0.25,0.00,0.00,0.00,0.06,0.08,0.12,0.00,0.00,0.00,0.08,0.11,0.18,335444,437642,749456,348547,480096,762558,0,0,0,0,0,0,0,335434,0,379.55,491.67,545.04
423,2,98,99,100,14711,14711,14711,82568,82568,82568,591,591,591,0.89,0.94,0.97,0.20,0.26,0.42,0.16,0.18,0.23,0.00,0.00,0.00,0.05,0.07,0.09,0.00,0.00,0.00,0.08,0.12,0.24,223632,474795,1100621,241103,534293,1116344,0,0,0,0,0,0,0,375347,0,353.51,464.68,537.03
423,3,70,91,98,9534,9534,9534,87745,87745,87745,591,591,591,0.51,0.83,0.95,0.26,0.30,0.35,0.14,0.26,0.39,0.00,0.00,0.00,0.01,0.09,0.15,0.00,0.00,0.00,0.11,0.14,0.20,296144,361400,476965,395608,658128,1189820,0,0,0,0,0,0,0,434188,0,470.17,492.38,502.55
424,0,70,87,100,9466,9466,9466,87813,87813,87813,591,591,591,0.01,0.27,0.62,0.00,0.13,0.29,0.00,0.07,0.19,0.00,0.00,0.00,0.00,0.01,0.03,0.00,0.00,0.00,0.00,0.09,0.19,414111,629641,1166183,427215,1046336,2002166,0,0,0,0,0,0,0,130622,0,313.41,414.52,498.76
424,1,95,98,100,15324,15324,15324,81956,81956,81956,591,591,591,0.98,0.99,0.99,0.22,0.27,0.29,0.43,0.43,0.45,0.00,0.00,0.00,0.18,0.18,0.20,0.00,0.00,0.00,0.05,0.07,0.08,317085,398993,592274,356393,433716,631584,0,0,0,0,0,0,0,436017,0,546.26,550.62,553.17
424,2,99,99,99,14711,14711,14711,82568,82568,82568,591,591,591,0.98,0.98,0.99,0.25,0.27,0.29,0.42,0.43,0.45,0.00,0.00,0.00,0.18,0.18,0.19,0.00,0.00,0.00,0.06,0.07,0.08,338053,630245,1134646,369516,664312,1168711,0,0,0,0,0,0,0,426667,0,533.21,534.53,535.75
424,3,81,95,100,9534,9534,9534,87745,87745,87745,591,591,591,0.01,0.04,0.13,0.00,0.02,0.07,0.00,0.01,0.02,0.00,0.00,0.00,0.00,0.00,0.00,0.00,0.00,0.00,0.00,0.01,0.05,41935,493165,1045742,254231,555412,1058847,0,0,0,0,0,0,0,115387,0,166.91,284.08,395.58
425,0,100,100,100,9466,9466,9466,87813,87813,87813,591,591,591,0.01,0.01,0.01,0.00,0.00,0.00,0.00,0.00,0.00,0.00,0.00,0.00,0.00,0.00,0.00,0.00,0.00,0.00,0.00,0.00,0.00,432456,779968,2004915,445561,794646,2020640,0,0,0,0,0,0,0,123431,0,137.11,164.86,233.14
425,1,71,94,100,15324,15324,15324,81956,81956,81956,591,591,591,0.52,0.88,0.99,0.25,0.28,0.32,0.14,0.36,0.45,0.00,0.00,0.00,0.01,0.14,0.19,0.00,0.00,0.00,0.06,0.11,0.19,351169,601322,980978,382617,883945,1904105,0,0,0,0,0,0,0,449961,0,515.35,539.59,547.23
425,2,48,89,100,14711,14711,14711,82568,82568,82568,591,591,591,0.34,0.83,0.99,0.17,0.25,0.29,0.09,0.35,0.46,0.00,0.00,0.00,0.01,0.14,0.20,0.00,0.00,0.00,0.06,0.09,0.13,327595,431877,602754,361665,634178,1124168,0,0,0,0,0,0,0,355967,0,468.71,515.98,533.09
425,3,100,100,100,9534,9534,9534,87745,87745,87745,591,591,591,0.01,0.01,0.01,0.00,0.00,0.00,0.00,0.00,0.00,0.00,0.00,0.00,0.00,0.00,0.00,0.00,0.00,0.00,0.00,0.00,0.00,301398,355921,516333,317123,371122,534679,0,0,0,0,0,0,0,114388,0,142.54,143.09,143.79
426,0,95,99,100,9466,9466,9466,87813,87813,87813,591,591,591,0.01,0.40,0.89,0.00,0.17,0.45,0.00,0.12,0.32,0.00,0.00,0.00,0.00,0.03,0.08,0.00,0.00,0.00,0.00,0.11,0.32,299657,617632,1121671,492726,888835,1173778,0,8864766,44323833,0,35429448,177147242,0,295787,0,137.22,211.91,331.68
426,1,73,92,100,10066,10634,11486,85794,86646,87214,591,591,591,0.17,0.57,0.90,0.10,0.34,0.56,0.03,0.11,0.18,0.00,0.00,0.00,0.00,0.02,0.04,0.00,0.00,0.00,0.08,0.28,0.50,290042,401799,618513,833436,1113141,1318033,0,25413061,127065308,0,0,0,0,313899,0,351.67,401.85,490.52
426,2,46,64,100,10069,11898,14711,82568,85380,87210,591,591,591,0.32,0.52,0.87,0.18,0.31,0.56,0.07,0.11,0.15,0.00,0.00,0.00,0.00,0.01,0.02,0.00,0.00,0.00,0.13,0.26,0.49,319719,561563,1129035,1197636,1370674,1817983,0,8440778,42201317,0,0,0,0,336613,0,329.84,375.22,425.33
426,3,92,98,100,9534,9534,9534,87745,87745,87745,591,591,591,0.01,0.35,0.87,0.00,0.14,0.46,0.00,0.11,0.34,0.00,0.00,0.00,0.00,0.02,0.07,0.00,0.00,0.00,0.00,0.09,0.36,293490,338461,429801,363023,633969,1357542,0,0,0,0,25118634,125590553,0,271883,0,142.58,200.40,301.25
427,0,100,100,100,9466,9466,9466,87813,87813,87813,591,591,591,0.18,0.46,0.84,0.05,0.12,0.21,0.00,0.11,0.28,0.00,0.00,0.00,0.00,0.03,0.07,0.00,0.00,0.00,0.00,0.04,0.07,440281,710234,998506,453385,738539,1019472,0,279384526,754874904,0,276158968,734721635,0,214241,0,278.57,344.52,388.25
427,1,99,99,100,10066,10066,10066,87214,87214,87214,591,591,591,0.77,0.90,0.99,0.16,0.20,0.24,0.29,0.40,0.47,0.00,0.00,0.00,0.06,0.11,0.14,0.00,0.00,0.00,0.04,0.07,0.11,332819,526230,995854,364267,554534,1011579,0,277231563,741448668,0,280452929,761583441,0,418239,0,433.47,506.52,539.20
427,2,100,100,100,10069,10069,10069,87210,87210,87210,591,591,591,0.83,0.90,1.00,0.12,0.24,0.40,0.30,0.37,0.46,0.00,0.00,0.00,0.07,0.10,0.13,0.00,0.00,0.00,0.01,0.11,0.28,180770,688689,1294653,191250,749831,1327849,0,244709187,644696001,0,229682806,507727731,0,409153,0,442.30,498.32,527.38
427,3,100,100,100,9534,9534,9534,87745,87745,87745,591,591,591,0.18,0.33,0.50,0.05,0.10,0.14,0.00,0.06,0.14,0.00,0.00,0.00,0.00,0.01,0.04,0.00,0.00,0.00,0.00,0.03,0.06,2620,555612,1027323,13104,585489,1061392,0,287828290,754851837,0,284602213,734708966,0,185235,0,213.99,275.75,318.92
428,0,100,100,100,9466,9466,9466,87813,87813,87813,591,591,591,0.21,0.55,0.80,0.05,0.14,0.21,0.01,0.15,0.25,0.00,0.00,0.00,0.00,0.04,0.06,0.00,0.00,0.00,0.00,0.04,0.07,453388,561882,773045,474384,590186,822835,0,393790632,663499275,0,392984911,659476288,0,315731,0,246.32,301.60,328.57
428,1,100,100,100,10066,10066,10066,87214,87214,87214,591,591,591,0.81,0.90,1.00,0.12,0.19,0.28,0.34,0.39,0.46,0.00,0.00,0.00,0.08,0.10,0.12,0.00,0.00,0.00,0.01,0.06,0.14,340681,534620,786200,356405,562923,801924,0,393254029,660774126,0,394059099,664802198,0,470685,0,526.58,528.22,531.35
428,2,100,100,100,10069,10069,10069,87210,87210,87210,591,591,591,0.75,0.90,1.00,0.13,0.19,0.27,0.30,0.39,0.46,0.00,0.00,0.00,0.08,0.10,0.12,0.00,0.00,0.00,0.01,0.06,0.12,332806,480629,631579,345908,508932,681372,0,393250564,1305467562,0,394055786,1120870679,0,411653,0,508.43,511.62,516.32
428,3,100,100,100,9534,9534,9534,87745,87745,87745,591,591,591,0.20,0.41,0.61,0.05,0.11,0.18,0.01,0.10,0.17,0.00,0.00,0.00,0.00,0.02,0.04,0.00,0.00,0.00,0.00,0.03,0.07,298772,442720,678723,311876,471024,728513,0,349550097,663471150,0,349014053,659456196,0,170428,0,212.19,246.92,262.13
429,0,100,100,100,9466,9466,9466,87813,87813,87813,591,591,591,0.18,0.50,0.71,0.05,0.14,0.21,0.00,0.13,0.22,0.00,0.00,0.00,0.00,0.03,0.05,0.00,0.00,0.00,0.00,0.05,0.08,303272,795993,1954867,348589,826546,2002036,0,479178142,663470283,0,478910169,659465723,0,270596,0,286.91,317.12,357.53
429,1,99,99,100,10066,10066,10066,87214,87214,87214,591,591,591,0.76,0.87,0.99,0.14,0.21,0.28,0.30,0.37,0.46,0.00,0.00,0.00,0.08,0.10,0.11,0.00,0.00,0.00,0.02,0.08,0.14,228872,554590,1008473,262067,585737,1055018,0,433449528,870319703,0,433459902,870323197,0,420178,0,524.74,527.33,531.05
429,2,99,99,100,10069,10069,10069,87210,87210,87210,591,591,591,0.75,0.85,0.99,0.16,0.21,0.26,0.28,0.36,0.47,0.00,0.00,0.00,0.06,0.09,0.13,0.00,0.00,0.00,0.04,0.08,0.12,327579,393224,555463,364943,426752,605245,0,390007769,660629778,0,389205151,664651650,0,307641,0,502.64,510.03,513.05
429,3,100,100,100,9534,9534,9534,87745,87745,87745,591,591,591,0.18,0.38,0.61,0.05,0.11,0.17,0.00,0.08,0.18,0.00,0.00,0.00,0.00,0.02,0.04,0.00,0.00,0.00,0.00,0.04,0.06,306636,408796,490109,319740,440765,542527,0,522135014,663434156,0,522134937,659408975,0,220476,0,223.22,253.62,278.14
430,0,100,100,100,9466,9466,9466,87813,87813,87813,591,591,591,0.29,0.44,0.81,0.07,0.12,0.22,0.04,0.11,0.26,0.00,0.00,0.00,0.01,0.03,0.07,0.00,0.00,0.00,0.01,0.04,0.07,453374,899930,1740234,505787,934347,1753338,0,650538669,1326674046,0,651340239,1318640426,0,159020,0,284.87,313.65,358.11
430,1,100,100,100,10066,10066,10066,87214,87214,87214,591,591,591,0.75,0.90,1.00,0.12,0.19,0.25,0.29,0.39,0.47,0.00,0.00,0.00,0.09,0.10,0.11,0.00,0.00,0.00,0.01,0.06,0.11,330205,474339,746901,345930,503166,796695,0,390034730,660775013,0,389230760,664803042,0,311352,0,526.12,528.11,531.31
430,2,100,100,100,10069,10069,10069,87210,87210,87210,591,591,591,0.87,0.90,0.99,0.16,0.20,0.25,0.37,0.39,0.46,0.00,0.00,0.00,0.07,0.11,0.14,0.00,0.00,0.00,0.04,0.07,0.12,7861,510508,1229108,41928,543004,1263177,0,522184470,660789214,0,522183462,664790995,0,418260,0,493.14,502.20,517.18
430,3,100,100,100,9534,9534,9534,87745,87745,87745,591,591,591,0.24,0.40,0.61,0.06,0.11,0.18,0.02,0.09,0.17,0.00,0.00,0.00,0.00,0.02,0.04,0.00,0.00,0.00,0.00,0.04,0.07,36690,619567,1161088,68140,651017,1192539,0,389504080,663435738,0,390307650,659423603,0,210463,0,242.07,262.87,290.96
431,0,100,100,100,9466,9466,9466,87813,87813,87813,591,591,591,0.18,0.47,0.69,0.05,0.13,0.18,0.00,0.12,0.22,0.00,0.00,0.00,0.00,0.03,0.05,0.00,0.00,0.00,0.00,0.04,0.07,440278,570802,767853,479578,598057,799301,0,261097617,663443794,0,261096059,659431562,0,244892,0,269.09,312.51,342.86
431,1,100,100,100,10066,10066,10066,87214,87214,87214,591,591,591,0.76,0.88,0.99,0.16,0.21,0.26,0.28,0.38,0.48,0.00,0.00,0.00,0.06,0.10,0.14,0.00,0.00,0.00,0.04,0.08,0.12,327580,711249,1852819,361649,743745,1884267,0,393249301,660767191,0,394052267,664797794,0,475254,0,517.93,521.26,525.12
431,2,100,100,100,10069,10069,10069,87210,87210,87210,591,591,591,0.76,0.90,1.00,0.13,0.19,0.27,0.30,0.39,0.46,0.00,0.00,0.00,0.09,0.10,0.11,0.00,0.00,0.00,0.01,0.06,0.13,322346,430297,788825,338050,459648,838618,0,261096802,660785474,0,261098379,664795142,0,405725,0,509.48,513.80,518.81
431,3,100,100,100,9534,9534,9534,87745,87745,87745,591,591,591,0.18,0.36,0.57,0.05,0.10,0.14,0.00,0.07,0.17,0.00,0.00,0.00,0.00,0.02,0.04,0.00,0.00,0.00,0.00,0.03,0.06,303992,491131,812418,317095,519435,843866,0,261118506,663506141,0,261121684,659483129,0,183626,0,222.45,257.78,271.80
432,0,100,100,100,9466,9466,9466,87813,87813,87813,591,591,591,0.42,0.67,0.96,0.13,0.16,0.21,0.05,0.14,0.29,0.00,0.00,0.00,0.01,0.03,0.07,0.00,0.00,0.00,0.03,0.06,0.08,214890,857528,2146299,230614,918728,2293054,0,395177679,670436868,0,398551686,687293776,0,295220,0,302.53,331.52,363.00
432,1,99,99,100,10066,10066,10066,87214,87214,87214,591,591,591,0.82,0.89,1.00,0.12,0.20,0.28,0.15,0.35,0.46,0.00,0.00,0.00,0.05,0.09,0.13,0.00,0.00,0.00,0.01,0.07,0.14,322322,372855,496392,348542,428348,506574,0,416518349,756306112,0,414254523,765859408,0,417659,0,513.80,522.43,527.60
432,2,99,99,100,10069,10069,10069,87210,87210,87210,591,591,591,0.76,0.88,0.99,0.16,0.20,0.26,0.28,0.36,0.47,0.00,0.00,0.00,0.06,0.09,0.14,0.00,0.00,0.00,0.04,0.07,0.11,327587,516142,732113,361657,568722,775783,0,397434966,681671236,0,394058983,664807615,0,404169,0,503.18,508.08,515.14
432,3,100,100,100,9534,9534,9534,87745,87745,87745,591,591,591,0.18,0.50,0.92,0.05,0.13,0.22,0.00,0.09,0.18,0.00,0.00,0.00,0.00,0.02,0.05,0.00,0.00,0.00,0.00,0.05,0.09,343790,416012,587000,374676,479076,618446,0,395155704,670272326,0,398525801,687138000,0,225681,0,254.19,276.19,301.80
434,0,100,100,100,9466,9466,9466,87813,87813,87813,591,591,591,0.18,0.57,0.93,0.05,0.13,0.22,0.00,0.06,0.13,0.00,0.00,0.00,0.00,0.02,0.03,0.00,0.00,0.00,0.00,0.05,0.10,207053,695860,1341888,220158,731293,1368097,0,217535330,736753161,0,218287754,727539697,0,548705,0,235.28,318.78,365.74
434,1,100,100,100,10066,10066,10066,87214,87214,87214,591,591,591,0.93,0.96,0.99,0.14,0.18,0.22,0.14,0.15,0.16,0.00,0.00,0.00,0.04,0.05,0.05,0.00,0.00,0.00,0.02,0.07,0.11,0,387327,773037,36689,421395,796621,0,146848506,716764244,0,146571201,757001124,0,975582,0,505.14,512.25,522.15
434,2,100,100,100,10069,10069,10069,87210,87210,87210,591,591,591,0.93,0.96,1.00,0.12,0.19,0.23,0.14,0.15,0.16,0.00,0.00,0.00,0.04,0.05,0.05,0.00,0.00,0.00,0.00,0.07,0.11,330206,484182,1291858,374442,520423,1325923,0,224034019,772031066,0,224744262,781758550,0,942379,0,492.15,498.75,509.74
434,3,100,100,100,9534,9534,9534,87745,87745,87745,591,591,591,0.18,0.44,0.80,0.05,0.11,0.20,0.00,0.04,0.10,0.00,0.00,0.00,0.00,0.01,0.03,0.00,0.00,0.00,0.00,0.04,0.09,304027,509082,940869,314511,544310,956594,0,224454562,778143606,0,223749176,768404715,0,414273,0,204.34,263.56,310.71
435,0,100,100,100,9466,9466,9466,87813,87813,87813,591,591,591,0.28,0.50,0.96,0.07,0.12,0.20,0.01,0.05,0.12,0.00,0.00,0.00,0.00,0.01,0.04,0.00,0.00,0.00,0.02,0.04,0.07,612110,1309352,2167208,624916,1323617,2182932,0,354821215,723920814,0,354145121,721219010,0,227097,0,233.57,250.48,259.27
435,1,100,100,100,10066,10066,10066,87214,87214,87214,591,591,591,0.93,0.95,0.99,0.17,0.20,0.22,0.14,0.15,0.16,0.00,0.00,0.00,0.04,0.05,0.05,0.00,0.00,0.00,0.05,0.09,0.11,369532,587906,988861,398361,621242,1033099,0,356434644,717036204,0,357120341,719778992,0,404459,0,510.62,517.10,523.64
435,2,100,100,100,10069,10069,10069,87210,87210,87210,591,591,591,0.94,0.97,0.99,0.17,0.19,0.22,0.14,0.15,0.16,0.00,0.00,0.00,0.04,0.04,0.05,0.00,0.00,0.00,0.05,0.07,0.11,332830,550341,888418,366900,583755,935591,0,180565356,722261424,0,181221190,724884760,0,394366,0,495.89,497.38,499.08
435,3,100,100,100,9534,9534,9534,87745,87745,87745,591,591,591,0.18,0.37,0.78,0.05,0.09,0.18,0.00,0.03,0.10,0.00,0.00,0.00,0.00,0.01,0.03,0.00,0.00,0.00,0.00,0.03,0.07,311864,362324,490080,330209,378049,508425,0,181012918,724051674,0,180341998,721367992,0,140182,0,205.34,212.73,225.14
436,0,99,99,100,9466,9466,9466,87813,87813,87813,591,591,591,0.18,0.32,0.57,0.05,0.10,0.24,0.00,0.05,0.21,0.00,0.00,0.00,0.00,0.01,0.04,0.00,0.00,0.00,0.00,0.04,0.19,440809,549391,862262,456021,586658,877987,0,0,0,0,0,0,0,133335,0,175.45,219.11,266.93
436,1,80,96,100,10066,10066,10066,87214,87214,87214,591,591,591,0.78,0.93,0.99,0.14,0.20,0.32,0.14,0.17,0.26,0.00,0.00,0.00,0.04,0.05,0.05,0.00,0.00,0.00,0.03,0.10,0.24,319723,507291,773106,332827,542933,786210,0,0,0,0,0,0,0,308323,0,503.27,508.13,516.25
436,2,77,95,100,10069,10069,10069,87210,87210,87210,591,591,591,0.63,0.90,0.99,0.14,0.19,0.27,0.15,0.16,0.19,0.00,0.00,0.00,0.04,0.05,0.05,0.00,0.00,0.00,0.02,0.09,0.21,218385,340317,406132,227120,381893,563344,0,0,0,0,0,0,0,340525,0,486.92,494.66,504.23
436,3,99,99,100,9534,9534,9534,87745,87745,87745,591,591,591,0.18,0.28,0.45,0.05,0.08,0.17,0.00,0.03,0.13,0.00,0.00,0.00,0.00,0.01,0.03,0.00,0.00,0.00,0.00,0.03,0.12,221858,298598,335477,322360,330918,348582,0,1748913295,0,0,1728398380,0,0,216561,0,165.61,200.31,226.47
437,0,87,96,100,9466,9466,9466,87813,87813,87813,591,591,591,0.90,0.94,0.96,0.24,0.29,0.38,0.16,0.30,0.42,0.00,0.00,0.00,0.07,0.10,0.17,0.00,0.00,0.00,0.09,0.14,0.25,497920,640466,940862,542471,714885,956587,0,0,0,0,0,0,0,469406,0,279.20,421.03,523.02
437,1,96,99,100,10066,10066,10066,87214,87214,87214,591,591,591,0.91,0.93,0.94,0.22,0.27,0.39,0.15,0.25,0.44,0.00,0.00,0.00,0.07,0.09,0.15,0.00,0.00,0.00,0.10,0.14,0.25,338047,489510,736413,351169,557641,780964,0,0,0,0,0,0,0,485728,0,507.65,523.97,539.21
437,2,72,92,100,10069,10069,10069,87210,87210,87210,591,591,591,0.01,0.26,0.78,0.00,0.11,0.32,0.00,0.09,0.30,0.00,0.00,0.00,0.00,0.02,0.05,0.00,0.00,0.00,0.00,0.07,0.19,322372,602796,1394259,338098,761096,1611784,0,0,0,0,0,0,0,131929,0,225.23,352.46,467.58
437,3,72,92,100,9534,9534,9534,87745,87745,87745,591,591,591,0.01,0.37,0.85,0.00,0.16,0.36,0.00,0.12,0.29,0.00,0.00,0.00,0.00,0.03,0.08,0.00,0.00,0.00,0.00,0.09,0.21,304026,576011,1210625,317131,770994,1399293,0,0,0,0,0,0,0,169769,0,274.08,318.93,345.28
438,0,51,71,98,9466,9466,9466,87813,87813,87813,591,591,591,0.27,0.64,0.96,0.14,0.25,0.32,0.06,0.24,0.40,0.00,0.00,0.00,0.01,0.08,0.16,0.00,0.00,0.00,0.10,0.12,0.14,466439,1055881,2350670,959150,1397989,2405702,0,0,0,0,0,0,0,287167,0,407.75,480.48,523.32
438,1,68,93,100,10066,10066,10066,87214,87214,87214,591,591,591,0.68,0.91,0.97,0.27,0.29,0.30,0.23,0.38,0.43,0.00,0.00,0.00,0.06,0.15,0.18,0.00,0.00,0.00,0.08,0.10,0.18,225332,584643,906741,279482,766230,1635279,0,0,0,0,0,0,0,418946,0,520.81,538.96,546.49
438,2,100,100,100,10069,10069,10069,87210,87210,87210,591,591,591,0.01,0.01,0.01,0.00,0.00,0.00,0.00,0.00,0.00,0.00,0.00,0.00,0.00,0.00,0.00,0.00,0.00,0.00,0.00,0.00,0.00,309274,440841,691924,319758,454470,702408,0,0,0,0,0,0,0,110136,0,137.33,144.11,169.05
438,3,100,100,100,9534,9534,9534,87745,87745,87745,591,591,591,0.01,0.01,0.01,0.00,0.00,0.00,0.00,0.00,0.00,0.00,0.00,0.00,0.00,0.00,0.00,0.00,0.00,0.00,0.00,0.00,0.00,306646,401527,555636,317129,415156,568741,0,0,0,0,0,0,0,114016,0,142.50,159.20,211.73
439,0,100,100,100,9466,9466,9466,87813,87813,87813,591,591,591,0.01,0.59,0.89,0.00,0.23,0.52,0.00,0.19,0.36,0.00,0.00,0.00,0.00,0.04,0.09,0.00,0.00,0.00,0.00,0.15,0.43,463855,634377,990639,492682,863488,1614374,0,173698542,741440141,0,152313874,761569370,0,365484,0,267.78,326.26,400.74
439,1,73,94,100,10066,10066,10066,87214,87214,87214,591,591,591,0.53,0.78,0.96,0.25,0.35,0.53,0.14,0.23,0.36,0.00,0.00,0.00,0.01,0.05,0.10,0.00,0.00,0.00,0.10,0.25,0.45,332839,420323,710043,385235,971152,1451528,0,173637720,614345293,0,152313081,761565409,0,420185,0,488.92,495.14,506.82
439,2,91,98,100,10069,10069,10069,87210,87210,87210,591,591,591,0.01,0.17,0.41,0.00,0.06,0.18,0.00,0.02,0.09,0.00,0.00,0.00,0.00,0.00,0.01,0.00,0.00,0.00,0.00,0.02,0.10,322376,443084,779233,343344,516820,801946,0,109094419,503243341,0,131794688,489809425,0,168604,0,137.21,163.18,180.70
439,3,95,99,100,9534,9534,9534,87745,87745,87745,591,591,591,0.01,0.19,0.60,0.00,0.07,0.26,0.00,0.03,0.16,0.00,0.00,0.00,0.00,0.01,0.03,0.00,0.00,0.00,0.00,0.03,0.17,0,296676,497928,13103,389452,715473,0,25384558,84570970,0,42302128,169289364,0,197014,0,142.12,180.55,206.74
440,0,100,100,100,9466,9466,9466,87813,87813,87813,591,591,591,0.64,0.79,0.92,0.12,0.21,0.24,0.20,0.27,0.33,0.00,0.00,0.00,0.04,0.07,0.08,0.00,0.00,0.00,0.02,0.08,0.10,442894,1160872,2021164,492687,1203321,2068350,0,522015191,1305082416,178067244,557649663,1120385420,0,408844,0,459.77,467.51,478.67
440,1,99,99,100,10066,10066,10066,87214,87214,87214,591,591,591,0.86,0.92,0.99,0.18,0.21,0.27,0.36,0.40,0.45,0.00,0.00,0.00,0.07,0.10,0.12,0.00,0.00,0.00,0.04,0.08,0.12,319723,534078,754757,351171,569194,783584,110932958,543575811,1194532384,0,522192821,1305478650,0,463321,0,518.69,526.87,536.48
440,2,100,100,100,10069,10069,10069,87210,87210,87210,591,591,591,0.18,0.23,0.24,0.05,0.07,0.07,0.00,0.02,0.02,0.00,0.00,0.00,0.00,0.00,0.00,0.00,0.00,0.00,0.00,0.01,0.02,314483,445534,631612,348552,481176,681407,71137382,536439925,660792344,35642071,529341443,658111342,0,137568,0,156.45,173.03,188.06
440,3,100,100,100,9534,9534,9534,87745,87745,87745,591,591,591,0.23,0.27,0.29,0.07,0.08,0.09,0.02,0.03,0.04,0.00,0.00,0.00,0.00,0.01,0.01,0.00,0.00,0.00,0.02,0.02,0.03,306638,457422,822972,351193,496210,859665,73809156,627537032,1231752972,36824644,624671289,1268733106,0,155937,0,173.18,194.73,210.18
441,0,100,100,100,9466,9466,9466,87813,87813,87813,591,591,591,0.44,0.75,0.89,0.10,0.20,0.25,0.12,0.25,0.32,0.00,0.00,0.00,0.02,0.06,0.08,0.00,0.00,0.00,0.03,0.07,0.10,487451,679393,1045653,537244,715743,1058757,2677,540050950,854706955,181900234,556380517,738130269,0,276927,0,437.82,448.33,453.67
441,1,99,99,100,10066,10066,10066,87214,87214,87214,591,591,591,0.86,0.91,0.99,0.15,0.22,0.26,0.35,0.39,0.47,0.00,0.00,0.00,0.08,0.10,0.12,0.00,0.00,0.00,0.03,0.08,0.12,226486,406463,723280,261064,442624,770450,106910277,551109742,788054197,0,541676511,861249145,0,305795,0,513.92,514.58,515.33
441,2,100,100,100,10069,10069,10069,87210,87210,87210,591,591,591,0.23,0.24,0.24,0.07,0.07,0.07,0.02,0.02,0.02,0.00,0.00,0.00,0.00,0.00,0.00,0.00,0.00,0.00,0.01,0.02,0.02,314517,404910,594879,364316,448155,631568,644773970,652779810,660789130,647455231,652778678,658108162,0,106318,0,168.86,171.42,175.90
441,3,100,100,100,9534,9534,9534,87745,87745,87745,591,591,591,0.26,0.28,0.29,0.08,0.08,0.09,0.03,0.04,0.04,0.00,0.00,0.00,0.01,0.01,0.01,0.00,0.00,0.00,0.02,0.02,0.03,311887,413434,584443,343338,454057,636860,644738223,652778065,660837375,647411462,652778110,658164052,0,124441,0,190.15,193.88,202.87
442,0,100,100,100,9466,9466,9466,87813,87813,87813,591,591,591,0.48,0.76,0.85,0.09,0.20,0.25,0.14,0.25,0.30,0.00,0.00,0.00,0.03,0.06,0.08,0.00,0.00,0.00,0.01,0.08,0.10,476964,959650,2308816,526756,998434,2321919,644473527,651093090,660772221,647156137,651630155,658089806,0,398264,0,438.63,447.76,453.85
442,1,99,99,100,10066,10066,10066,87214,87214,87214,591,591,591,0.86,0.89,0.95,0.16,0.23,0.27,0.35,0.38,0.43,0.00,0.00,0.00,0.09,0.10,0.10,0.00,0.00,0.00,0.04,0.09,0.12,332802,439740,799300,382591,482718,812403,648709977,651922688,656758494,640669991,650315108,664788230,0,464470,0,513.83,516.54,521.76
442,2,100,100,100,10069,10069,10069,87210,87210,87210,591,591,591,0.21,0.23,0.24,0.06,0.07,0.07,0.01,0.02,0.02,0.00,0.00,0.00,0.00,0.00,0.00,0.00,0.00,0.00,0.01,0.01,0.02,237622,356770,521527,272566,396780,568700,429822280,608168784,660838621,431614931,608526225,658157442,0,140833,0,167.96,170.93,174.96
442,3,100,100,100,9534,9534,9534,87745,87745,87745,591,591,591,0.18,0.27,0.38,0.05,0.08,0.12,0.00,0.03,0.08,0.00,0.00,0.00,0.00,0.01,0.02,0.00,0.00,0.00,0.00,0.02,0.05,0,389097,836925,68140,428758,859640,0,602184175,1231723949,0,605361287,1268711153,0,178462,0,189.20,197.24,200.36
443,0,100,100,100,9466,9466,9466,87813,87813,87813,591,591,591,0.44,0.82,0.96,0.12,0.19,0.23,0.12,0.19,0.29,0.00,0.00,0.00,0.04,0.05,0.06,0.00,0.00,0.00,0.04,0.07,0.10,476048,1371587,3863022,526862,1430555,3897092,2674,498900846,741314607,200985898,500724199,658113281,0,371777,0,419.75,443.03,459.64
443,1,100,100,100,10066,10066,10066,87214,87214,87214,591,591,591,0.89,0.92,0.94,0.20,0.21,0.23,0.15,0.31,0.41,0.00,0.00,0.00,0.05,0.08,0.11,0.00,0.00,0.00,0.06,0.08,0.10,239015,430940,694462,275387,492199,828113,118250256,506178791,698510883,0,503796235,765980928,0,412345,0,516.22,522.60,527.51
443,2,100,100,100,10069,10069,10069,87210,87210,87210,591,591,591,0.18,0.25,0.30,0.05,0.07,0.09,0.00,0.02,0.04,0.00,0.00,0.00,0.00,0.00,0.01,0.00,0.00,0.00,0.00,0.02,0.03,304015,335989,364298,319740,411993,500586,0,548756286,1305575965,0,549727878,1305578586,0,144513,0,172.82,177.21,181.06
443,3,100,100,100,9534,9534,9534,87745,87745,87745,591,591,591,0.18,0.30,0.38,0.05,0.09,0.12,0.00,0.03,0.07,0.00,0.00,0.00,0.00,0.01,0.01,0.00,0.00,0.00,0.00,0.03,0.05,306632,363230,524144,322357,441333,605386,85029568,548765678,756633309,42438808,549747874,750287029,0,168312,0,197.26,204.15,209.66
444,0,100,100,100,9466,9466,9466,87813,87813,87813,591,591,591,0.93,0.95,0.96,0.20,0.21,0.22,0.13,0.13,0.14,0.00,0.00,0.00,0.03,0.04,0.04,0.00,0.00,0.00,0.08,0.09,0.10,455994,635746,925078,511028,689205,982731,0,293699705,751751710,0,294046985,546672053,0,365594,0,449.36,453.41,459.87
444,1,100,100,100,10066,10066,10066,87214,87214,87214,591,591,591,0.94,0.95,0.97,0.19,0.20,0.20,0.15,0.15,0.16,0.00,0.00,0.00,0.05,0.05,0.05,0.00,0.00,0.00,0.08,0.09,0.09,319705,442868,615826,361634,488989,665564,0,294211289,625303221,0,293130466,757038141,0,406857,0,505.92,508.05,511.15
444,2,100,100,100,10069,10069,10069,87210,87210,87210,591,591,591,0.18,0.23,0.34,0.05,0.06,0.10,0.00,0.01,0.03,0.00,0.00,0.00,0.00,0.00,0.01,0.00,0.00,0.00,0.00,0.01,0.04,303928,404861,721594,330331,441523,763527,0,243540032,716597353,0,244144089,721976360,0,145471,0,164.21,168.63,176.37
444,3,100,100,100,9534,9534,9534,87745,87745,87745,591,591,591,0.18,0.28,0.46,0.05,0.08,0.13,0.00,0.02,0.05,0.00,0.00,0.00,0.00,0.00,0.01,0.00,0.00,0.00,0.00,0.02,0.06,0,376108,757453,70758,418030,767937,0,293705710,716836103,0,294058777,722198515,0,166371,0,187.12,195.33,205.41
445,0,100,100,100,9466,9466,9466,87813,87813,87813,591,591,591,0.18,0.65,0.89,0.05,0.15,0.20,0.00,0.08,0.12,0.00,0.00,0.00,0.00,0.02,0.03,0.00,0.00,0.00,0.00,0.05,0.08,445517,745826,1852769,461241,762598,1868493,0,286130348,721963311,0,285775056,720184231,0,278847,0,316.11,386.77,421.79
445,1,100,100,100,10066,10066,10066,87214,87214,87214,591,591,591,0.94,0.95,0.96,0.18,0.19,0.20,0.14,0.15,0.15,0.00,0.00,0.00,0.04,0.04,0.05,0.00,0.00,0.00,0.06,0.08,0.09,317096,568678,1158294,361647,600650,1174017,0,285631544,719475623,0,286709675,724866279,0,459717,0,510.24,513.28,516.89
445,2,100,100,100,10069,10069,10069,87210,87210,87210,591,591,591,0.18,0.21,0.29,0.05,0.06,0.08,0.00,0.00,0.02,0.00,0.00,0.00,0.00,0.00,0.00,0.00,0.00,0.00,0.00,0.01,0.03,309248,476470,878014,322358,491146,896361,0,286225036,722344457,0,285857567,720507111,0,114986,0,151.78,155.11,159.93
445,3,100,100,100,9534,9534,9534,87745,87745,87745,591,591,591,0.18,0.23,0.38,0.05,0.06,0.11,0.00,0.01,0.03,0.00,0.00,0.00,0.00,0.00,0.01,0.00,0.00,0.00,0.00,0.01,0.04,306659,422829,534671,322354,436981,558260,0,286211192,722277855,0,285855781,720503423,0,123279,0,169.01,174.71,183.93
446,0,84,96,100,9466,9466,9466,87813,87813,87813,591,591,591,0.18,0.73,0.95,0.05,0.23,0.39,0.00,0.20,0.43,0.00,0.00,0.00,0.00,0.05,0.08,0.00,0.00,0.00,0.00,0.14,0.25,391768,792208,1265787,400435,877277,1459717,0,0,0,0,0,0,0,425313,0,285.71,350.06,452.52
446,1,83,96,100,10066,10066,10066,87214,87214,87214,591,591,591,0.73,0.90,0.95,0.18,0.26,0.32,0.16,0.21,0.32,0.00,0.00,0.00,0.05,0.06,0.07,0.00,0.00,0.00,0.07,0.15,0.25,279533,388730,581794,340678,456692,608001,0,0,0,0,0,0,0,434990,0,496.00,506.02,523.32
446,2,83,96,100,10069,10069,10069,87210,87210,87210,591,591,591,0.18,0.70,0.93,0.05,0.24,0.38,0.00,0.19,0.43,0.00,0.00,0.00,0.00,0.05,0.08,0.00,0.00,0.00,0.00,0.14,0.25,317121,351684,414032,330225,436065,555537,0,0,0,0,0,0,0,311695,0,149.63,293.53,439.12
446,3,70,87,100,9534,9534,9534,87745,87745,87745,591,591,591,0.18,0.63,0.88,0.05,0.26,0.37,0.00,0.20,0.29,0.00,0.00,0.00,0.00,0.05,0.10,0.00,0.00,0.00,0.00,0.15,0.21,330146,464369,684002,524120,698633,998298,0,0,0,0,0,0,0,303591,0,165.76,296.21,406.64
447,0,99,99,100,9466,9466,9466,87813,87813,87813,591,591,591,0.95,0.97,0.99,0.21,0.27,0.30,0.16,0.35,0.44,0.00,0.00,0.00,0.07,0.15,0.18,0.00,0.00,0.00,0.07,0.09,0.10,466470,602267,969468,505779,637331,1015893,0,0,0,0,0,0,0,315746,0,519.46,524.51,528.76
447,1,99,99,100,10066,10066,10066,87214,87214,87214,591,591,591,0.92,0.96,0.97,0.25,0.28,0.29,0.25,0.37,0.42,0.00,0.00,0.00,0.11,0.16,0.17,0.00,0.00,0.00,0.08,0.09,0.11,330292,465782,759772,372234,504436,804310,0,0,0,0,0,0,0,329224,0,535.49,543.48,550.45
447,2,95,98,99,10069,10069,10069,87210,87210,87210,591,591,591,0.91,0.95,0.97,0.23,0.28,0.31,0.19,0.36,0.42,0.00,0.00,0.00,0.08,0.15,0.17,0.00,0.00,0.00,0.09,0.10,0.10,154615,396648,686581,196545,437872,715407,0,0,0,0,0,0,0,473514,0,518.80,524.25,529.82
447,3,91,97,100,9534,9534,9534,87745,87745,87745,591,591,591,0.01,0.03,0.08,0.00,0.01,0.04,0.00,0.00,0.02,0.00,0.00,0.00,0.00,0.00,0.00,0.00,0.00,0.00,0.00,0.01,0.03,0,266680,448181,13104,313857,597575,0,0,0,0,0,0,0,129636,0,186.01,291.41,397.08
448,0,56,84,99,9466,9466,9466,87813,87813,87813,591,591,591,0.42,0.82,0.99,0.22,0.27,0.31,0.11,0.33,0.43,0.00,0.00,0.00,0.01,0.12,0.18,0.00,0.00,0.00,0.07,0.11,0.16,440275,892591,2070330,474344,1190822,2843428,0,0,0,0,0,0,0,405020,0,465.42,510.22,528.55
448,1,73,90,99,10066,10066,10066,87214,87214,87214,591,591,591,0.23,0.67,0.97,0.13,0.26,0.30,0.05,0.25,0.42,0.00,0.00,0.00,0.01,0.08,0.18,0.00,0.00,0.00,0.08,0.14,0.20,314481,456519,647364,353791,910943,1339201,0,0,0,0,0,0,0,360600,0,437.52,514.92,551.73
448,2,65,89,100,10069,10069,10069,87210,87210,87210,591,591,591,0.01,0.46,0.97,0.00,0.19,0.30,0.00,0.15,0.41,0.00,0.00,0.00,0.00,0.04,0.17,0.00,0.00,0.00,0.00,0.11,0.20,563473,874093,1176678,796765,1283631,2049360,0,0,0,0,0,0,0,200535,0,314.53,440.40,528.82
448,3,100,100,100,9534,9534,9534,87745,87745,87745,591,591,591,0.01,0.01,0.01,0.00,0.00,0.00,0.00,0.00,0.00,0.00,0.00,0.00,0.00,0.00,0.00,0.00,0.00,0.00,0.00,0.00,0.00,301408,456566,943535,314513,469846,956640,0,0,0,0,0,0,0,113654,0,141.62,142.35,143.88
449,0,55,90,100,9466,9466,9466,87813,87813,87813,591,591,591,0.39,0.74,0.96,0.20,0.34,0.54,0.10,0.21,0.35,0.00,0.00,0.00,0.01,0.04,0.10,0.00,0.00,0.00,0.10,0.25,0.46,440245,559743,670758,587033,1041380,1443955,0,159439138,754854073,0,152315749,761578749,0,421742,0,422.95,441.04,479.97
449,1,94,98,100,10066,10066,10066,87214,87214,87214,591,591,591,0.01,0.65,0.98,0.00,0.27,0.53,0.00,0.20,0.42,0.00,0.00,0.00,0.00,0.05,0.11,0.00,0.00,0.00,0.00,0.19,0.46,301410,388836,560521,314515,658156,1136759,0,159433328,754818712,0,152304931,761524659,0,436772,0,343.79,381.69,444.90
449,2,93,98,100,10069,10069,10069,87210,87210,87210,591,591,591,0.01,0.62,0.91,0.00,0.25,0.53,0.00,0.19,0.40,0.00,0.00,0.00,0.00,0.04,0.11,0.00,0.00,0.00,0.00,0.17,0.45,309270,410348,531984,324996,659248,1090130,0,25383438,84698230,0,42300895,211504479,0,411962,0,239.19,314.24,432.84
449,3,100,100,100,9534,9534,9534,87745,87745,87745,591,591,591,0.01,0.26,0.46,0.00,0.10,0.24,0.00,0.05,0.12,0.00,0.00,0.00,0.00,0.01,0.02,0.00,0.00,0.00,0.00,0.05,0.18,306627,376864,518925,322352,490079,794068,0,152319064,761595323,0,173672778,741428995,0,207664,0,141.76,203.77,234.30
450,0,100,100,100,9466,9466,9466,87813,87813,87813,591,591,591,0.79,0.88,1.00,0.15,0.21,0.26,0.32,0.39,0.47,0.00,0.00,0.00,0.08,0.10,0.13,0.00,0.00,0.00,0.03,0.08,0.12,339042,654808,1027269,373117,689543,1056095,177914111,482408589,635703176,0,475836154,678459764,0,398864,0,495.14,505.79,517.90
450,1,100,100,100,10066,10066,10066,87214,87214,87214,591,591,591,0.88,0.91,0.99,0.18,0.22,0.25,0.31,0.35,0.42,0.00,0.00,0.00,0.07,0.09,0.11,0.00,0.00,0.00,0.04,0.07,0.09,332764,463053,694876,353781,495651,725088,68198584,491755164,660767357,170924465,464598293,647387118,0,427137,0,522.02,528.53,539.24
450,2,100,100,100,10069,10069,10069,87210,87210,87210,591,591,591,0.48,0.78,0.90,0.14,0.20,0.24,0.13,0.27,0.33,0.00,0.00,0.00,0.05,0.07,0.09,0.00,0.00,0.00,0.05,0.07,0.09,23584,488339,1325979,55030,524443,1357425,73964173,537306256,1231416818,36976846,535082469,1120792943,0,410900,0,460.33,483.88,514.94
450,3,100,100,100,9534,9534,9534,87745,87745,87745,591,591,591,0.18,0.29,0.46,0.05,0.09,0.14,0.00,0.04,0.11,0.00,0.00,0.00,0.00,0.01,0.02,0.00,0.00,0.00,0.00,0.02,0.05,0,386838,849168,49793,424054,883239,73974993,411437090,1194540872,36986186,404842128,1231532364,0,200544,0,189.13,210.34,238.15
451,0,100,100,100,9466,9466,9466,87813,87813,87813,591,591,591,0.79,0.87,0.99,0.15,0.21,0.25,0.31,0.37,0.46,0.00,0.00,0.00,0.06,0.09,0.13,0.00,0.00,0.00,0.04,0.08,0.10,440277,529897,786208,484836,565538,836001,106627666,507930741,656712906,0,522189379,664799639,0,449280,0,496.35,499.57,504.85
451,1,100,100,100,10066,10066,10066,87214,87214,87214,591,591,591,0.64,0.86,0.98,0.13,0.21,0.25,0.22,0.32,0.40,0.00,0.00,0.00,0.05,0.08,0.09,0.00,0.00,0.00,0.03,0.07,0.10,343310,388361,534614,379998,421903,547718,2620,522151023,660785536,177912508,522151893,658100267,0,451601,0,501.63,515.09,531.88
451,2,100,100,100,10069,10069,10069,87210,87210,87210,591,591,591,0.51,0.78,0.89,0.12,0.20,0.25,0.15,0.27,0.33,0.00,0.00,0.00,0.04,0.07,0.08,0.00,0.00,0.00,0.03,0.07,0.11,332826,592422,1145175,348550,627363,1200207,489843747,591089395,660695223,463405561,571871302,658030284,0,346027,0,443.54,451.70,463.50
451,3,100,100,100,9534,9534,9534,87745,87745,87745,591,591,591,0.18,0.31,0.38,0.05,0.09,0.12,0.00,0.05,0.08,0.00,0.00,0.00,0.00,0.01,0.02,0.00,0.00,0.00,0.00,0.03,0.04,298761,410588,595778,351176,446056,628973,73973863,588667732,1194580699,36986931,595529152,1231568021,0,171729,0,213.91,214.40,215.88
452,0,99,99,100,9466,9466,9466,87813,87813,87813,591,591,591,0.79,0.87,0.98,0.17,0.21,0.25,0.31,0.37,0.44,0.00,0.00,0.00,0.07,0.09,0.12,0.00,0.00,0.00,0.04,0.08,0.12,487433,852224,1894724,526744,887341,1944517,177916360,522183110,656719003,0,522180240,664767252,0,407889,0,500.90,502.84,506.48
452,1,100,100,100,10066,10066,10066,87214,87214,87214,591,591,591,0.63,0.86,0.99,0.13,0.21,0.27,0.22,0.31,0.40,0.00,0.00,0.00,0.07,0.08,0.10,0.00,0.00,0.00,0.03,0.07,0.11,304014,509978,668261,322359,545095,720673,2620,507994145,660819466,177912114,522192286,658135754,0,389071,0,497.91,500.04,502.16
452,2,100,100,100,10069,10069,10069,87210,87210,87210,591,591,591,0.33,0.78,0.98,0.09,0.19,0.24,0.07,0.27,0.38,0.00,0.00,0.00,0.01,0.07,0.10,0.00,0.00,0.00,0.03,0.07,0.09,311859,383665,542509,327583,420355,592304,71287376,522192294,660775877,177915764,522195041,658097552,0,242234,0,437.42,442.57,449.90
452,3,100,100,100,9534,9534,9534,87745,87745,87745,591,591,591,0.18,0.29,0.37,0.05,0.09,0.11,0.00,0.04,0.07,0.00,0.00,0.00,0.00,0.01,0.02,0.00,0.00,0.00,0.00,0.02,0.04,309239,361668,492712,332841,397310,545128,106931350,522213704,660763937,71293682,522213446,658093469,0,125214,0,214.04,215.37,216.27
453,0,100,100,100,9466,9466,9466,87813,87813,87813,591,591,591,0.78,0.87,1.00,0.15,0.21,0.27,0.31,0.37,0.47,0.00,0.00,0.00,0.07,0.09,0.11,0.00,0.00,0.00,0.03,0.08,0.13,453373,594888,1006364,492678,631053,1056158,177901981,523581522,656746314,0,522193890,664797931,0,407191,0,498.57,500.64,501.87
453,1,99,99,100,10066,10066,10066,87214,87214,87214,591,591,591,0.62,0.85,0.99,0.15,0.21,0.28,0.20,0.31,0.38,0.00,0.00,0.00,0.06,0.08,0.11,0.00,0.00,0.00,0.04,0.08,0.12,332823,607766,935263,393109,664647,966700,70992889,518752951,644562873,177918574,517387714,664784509,0,288802,0,499.19,501.92,504.66
453,2,100,100,100,10069,10069,10069,87210,87210,87210,591,591,591,0.35,0.76,0.97,0.09,0.19,0.25,0.08,0.26,0.37,0.00,0.00,0.00,0.03,0.07,0.10,0.00,0.00,0.00,0.03,0.07,0.10,13102,317067,550346,141508,372008,602760,71288187,521908144,670388145,177913848,520832216,664753992,0,396688,0,439.41,442.89,448.00
453,3,100,100,100,9534,9534,9534,87745,87745,87745,591,591,591,0.19,0.27,0.45,0.05,0.08,0.15,0.00,0.03,0.09,0.00,0.00,0.00,0.00,0.01,0.02,0.00,0.00,0.00,0.00,0.02,0.06,0,383841,731987,13103,417634,814464,106934860,520327235,660762839,71296896,524371816,658100206,0,182656,0,198.38,211.70,215.95
454,0,100,100,100,9466,9466,9466,87813,87813,87813,591,591,591,0.92,0.94,0.95,0.16,0.19,0.21,0.15,0.21,0.38,0.00,0.00,0.00,0.04,0.06,0.10,0.00,0.00,0.00,0.06,0.08,0.10,447039,765862,1137375,479873,821193,1184547,122523767,346157236,606112684,0,361732497,738214199,0,304914,0,500.80,504.96,509.82
454,1,100,100,100,10066,10066,10066,87214,87214,87214,591,591,591,0.93,0.94,0.95,0.19,0.21,0.22,0.14,0.15,0.17,0.00,0.00,0.00,0.04,0.04,0.05,0.00,0.00,0.00,0.07,0.09,0.09,216638,371916,573929,260316,417560,621102,2620,361472694,756461925,141816412,350949180,553279191,0,438138,0,488.87,492.50,498.12
454,2,100,100,100,10069,10069,10069,87210,87210,87210,591,591,591,0.87,0.93,0.95,0.21,0.21,0.21,0.13,0.14,0.15,0.00,0.00,0.00,0.04,0.04,0.04,0.00,0.00,0.00,0.08,0.08,0.09,330278,613981,1278307,382704,664425,1341174,85172467,315870063,638476350,196807401,326023947,553398071,0,382849,0,435.19,463.15,483.95
454,3,100,100,100,9534,9534,9534,87745,87745,87745,591,591,591,0.18,0.32,0.50,0.05,0.09,0.14,0.00,0.03,0.06,0.00,0.00,0.00,0.00,0.01,0.01,0.00,0.00,0.00,0.00,0.03,0.07,317104,513011,872749,408829,589666,888474,0,221061699,638175727,0,208822835,553112360,0,210073,0,190.02,221.01,239.79
455,0,100,100,100,9466,9466,9466,87813,87813,87813,591,591,591,0.94,0.95,0.97,0.16,0.19,0.21,0.15,0.15,0.16,0.00,0.00,0.00,0.04,0.05,0.05,0.00,0.00,0.00,0.06,0.08,0.10,458615,902015,2091326,492683,942371,2130637,0,191309470,545047398,0,151410994,757054973,0,394694,0,492.57,498.10,503.12
455,1,100,100,100,10066,10066,10066,87214,87214,87214,591,591,591,0.94,0.96,0.97,0.19,0.20,0.21,0.13,0.14,0.15,0.00,0.00,0.00,0.03,0.04,0.05,0.00,0.00,0.00,0.06,0.07,0.09,319712,580165,875051,361642,622618,914350,0,167110277,751597428,0,191652793,546788321,0,400914,0,480.01,489.24,503.24
455,2,100,100,100,10069,10069,10069,87210,87210,87210,591,591,591,0.95,0.95,0.96,0.20,0.21,0.21,0.12,0.13,0.15,0.00,0.00,0.00,0.03,0.04,0.05,0.00,0.00,0.00,0.07,0.08,0.08,335444,540387,917240,380000,587035,964412,0,167178298,671005660,0,191667190,546805629,0,359186,0,451.38,462.49,470.42
455,3,100,100,100,9534,9534,9534,87745,87745,87745,591,591,591,0.18,0.33,0.62,0.05,0.09,0.17,0.00,0.03,0.07,0.00,0.00,0.00,0.00,0.01,0.02,0.00,0.00,0.00,0.00,0.03,0.08,306630,428246,503196,319734,470878,571337,40344170,288107381,632596465,28067192,291269623,680075533,0,145208,0,172.66,215.71,241.36
456,0,100,100,100,9466,9466,9466,87813,87813,87813,591,591,591,0.94,0.95,0.99,0.17,0.19,0.21,0.14,0.15,0.16,0.00,0.00,0.00,0.04,0.05,0.05,0.00,0.00,0.00,0.05,0.08,0.10,469104,582840,754767,482208,612716,767870,0,285643334,708723826,0,286722343,724880029,0,398432,0,494.24,497.86,503.55
456,1,100,100,100,10066,10066,10066,87214,87214,87214,591,591,591,0.78,0.92,0.96,0.15,0.20,0.22,0.09,0.13,0.15,0.00,0.00,0.00,0.02,0.04,0.04,0.00,0.00,0.00,0.03,0.08,0.09,332918,411472,511034,359034,433489,526758,0,286234370,722453217,0,285852531,708708155,0,337056,0,452.14,482.23,495.67
456,2,100,100,100,10069,10069,10069,87210,87210,87210,591,591,591,0.18,0.68,0.95,0.05,0.15,0.21,0.00,0.08,0.13,0.00,0.00,0.00,0.00,0.02,0.04,0.00,0.00,0.00,0.00,0.05,0.08,327434,419308,526777,340531,433459,539880,0,286126434,708737870,0,285769084,708737870,0,249903,0,314.24,387.93,428.95
456,3,100,100,100,9534,9534,9534,87745,87745,87745,591,591,591,0.18,0.26,0.43,0.05,0.07,0.11,0.00,0.01,0.04,0.00,0.00,0.00,0.00,0.00,0.01,0.00,0.00,0.00,0.00,0.02,0.04,296165,376351,600200,311891,390504,613304,0,286173929,708779806,0,285817907,708779806,0,125482,0,178.90,184.84,200.60
457,0,60,86,100,9466,9466,9466,87813,87813,87813,591,591,591,0.69,0.84,0.94,0.21,0.30,0.36,0.15,0.24,0.39,0.00,0.00,0.00,0.05,0.06,0.09,0.00,0.00,0.00,0.10,0.16,0.24,458658,612680,987933,618263,803297,1153025,0,0,0,0,0,0,0,366863,0,477.09,490.43,497.65
457,1,84,94,100,10066,10066,10066,87214,87214,87214,591,591,591,0.18,0.69,0.98,0.05,0.22,0.40,0.00,0.19,0.46,0.00,0.00,0.00,0.00,0.05,0.08,0.00,0.00,0.00,0.00,0.13,0.26,366732,546184,786481,416503,629051,902066,0,0,0,0,0,0,0,425567,0,381.89,399.69,444.37
457,2,74,87,100,10069,10069,10069,87210,87210,87210,591,591,591,0.16,0.43,0.83,0.05,0.18,0.34,0.00,0.13,0.31,0.00,0.00,0.00,0.00,0.03,0.06,0.00,0.00,0.00,0.00,0.12,0.29,314521,609723,1222204,414070,829637,1441325,0,0,0,0,0,0,0,293613,0,278.05,309.22,345.03
457,3,89,95,100,9534,9534,9534,87745,87745,87745,591,591,591,0.18,0.68,0.98,0.05,0.23,0.40,0.00,0.19,0.46,0.00,0.00,0.00,0.00,0.05,0.10,0.00,0.00,0.00,0.00,0.13,0.26,0,462277,1071852,47170,547709,1276264,0,0,0,0,0,0,0,448189,0,154.65,289.29,425.47
458,0,94,98,100,9466,9466,9466,87813,87813,87813,591,591,591,0.01,0.04,0.19,0.00,0.02,0.10,0.00,0.01,0.05,0.00,0.00,0.00,0.00,0.00,0.00,0.00,0.00,0.00,0.00,0.02,0.08,10483,410432,618545,23588,494302,985479,0,0,0,0,0,0,0,124821,0,150.17,273.97,413.70
458,1,99,99,100,10066,10066,10066,87214,87214,87214,591,591,591,0.94,0.97,0.99,0.23,0.26,0.29,0.16,0.33,0.44,0.00,0.00,0.00,0.07,0.14,0.19,0.00,0.00,0.00,0.07,0.09,0.12,151998,485331,909376,188688,515206,946065,0,0,0,0,0,0,0,438721,0,515.63,540.21,550.00
458,2,100,100,100,10069,10069,10069,87210,87210,87210,591,591,591,0.01,0.01,0.01,0.00,0.00,0.00,0.00,0.00,0.00,0.00,0.00,0.00,0.00,0.00,0.00,0.00,0.00,0.00,0.00,0.00,0.00,301403,369550,592330,317128,383703,602814,0,0,0,0,0,0,0,109919,0,137.32,224.43,344.04
458,3,74,92,100,9534,9534,9534,87745,87745,87745,591,591,591,0.09,0.68,0.96,0.05,0.27,0.35,0.01,0.25,0.40,0.00,0.00,0.00,0.00,0.09,0.16,0.00,0.00,0.00,0.04,0.12,0.20,311894,524660,1045639,437700,854864,1428232,0,0,0,0,0,0,0,251776,0,381.25,463.79,498.75
459,0,100,100,100,9466,9466,9466,87813,87813,87813,591,591,591,0.01,0.01,0.01,0.00,0.00,0.00,0.00,0.00,0.00,0.00,0.00,0.00,0.00,0.00,0.00,0.00,0.00,0.00,0.00,0.00,0.00,424589,751678,1761237,437698,765832,1774342,0,0,0,0,0,0,0,141229,0,137.45,137.75,138.15
459,1,78,94,100,10066,10066,10066,87214,87214,87214,591,591,591,0.56,0.84,0.99,0.27,0.29,0.31,0.15,0.33,0.44,0.00,0.00,0.00,0.01,0.12,0.18,0.00,0.00,0.00,0.07,0.13,0.22,324943,370539,411375,395719,774633,1441372,0,0,0,0,0,0,0,386132,0,500.96,531.23,548.15
459,2,100,100,100,10069,10069,10069,87210,87210,87210,591,591,591,0.01,0.01,0.01,0.00,0.00,0.00,0.00,0.00,0.00,0.00,0.00,0.00,0.00,0.00,0.00,0.00,0.00,0.00,0.00,0.00,0.00,298769,317652,345961,314493,331280,361686,0,0,0,0,0,0,0,135542,0,136.50,136.79,137.12
459,3,100,100,100,9534,9534,9534,87745,87745,87745,591,591,591,0.01,0.01,0.01,0.00,0.00,0.00,0.00,0.00,0.00,0.00,0.00,0.00,0.00,0.00,0.00,0.00,0.00,0.00,0.00,0.00,0.00,293548,360634,505814,306652,374787,518918,0,0,0,0,0,0,0,85433,0,142.30,204.49,311.43
460,0,99,99,100,9466,9466,9466,87813,87813,87813,591,591,591,0.18,0.32,0.53,0.05,0.11,0.19,0.00,0.06,0.15,0.00,0.00,0.00,0.00,0.01,0.03,0.00,0.00,0.00,0.00,0.05,0.15,424525,544079,783664,437628,659384,877854,0,173729052,741572979,0,187957413,728134441,0,144866,0,193.57,215.40,233.28
460,1,77,95,100,10066,10066,10066,87214,87214,87214,591,591,591,0.72,0.86,0.94,0.18,0.35,0.54,0.14,0.28,0.42,0.00,0.00,0.00,0.02,0.06,0.12,0.00,0.00,0.00,0.05,0.24,0.46,319708,450799,629412,351155,829889,1427386,0,188261070,687426079,0,145166548,725832743,0,315291,0,496.41,507.02,531.43
460,2,93,98,100,10069,10069,10069,87210,87210,87210,591,591,591,0.18,0.28,0.59,0.05,0.10,0.26,0.00,0.04,0.16,0.00,0.00,0.00,0.00,0.01,0.03,0.00,0.00,0.00,0.00,0.04,0.17,0,374776,652591,13104,470694,969655,0,173650756,741449218,0,187906671,728022741,0,110795,0,187.93,194.23,202.61
460,3,99,99,100,9534,9534,9534,87745,87745,87745,591,591,591,0.37,0.59,0.90,0.10,0.22,0.40,0.08,0.17,0.31,0.00,0.00,0.00,0.01,0.04,0.07,0.00,0.00,0.00,0.01,0.13,0.28,298730,431702,552987,438955,628805,778272,0,170567276,725903898,0,184852043,712748985,0,347144,0,215.10,319.33,392.44
461,0,100,100,100,9466,9466,9466,87813,87813,87813,591,591,591,0.18,0.30,0.34,0.05,0.09,0.11,0.00,0.04,0.06,0.00,0.00,0.00,0.00,0.01,0.01,0.00,0.00,0.00,0.00,0.03,0.03,429776,625900,898930,442878,660968,948725,0,514529903,1267067710,0,514530379,1267070254,0,136218,0,175.69,196.00,205.17
461,1,99,99,100,10066,10066,10066,87214,87214,87214,591,591,591,0.78,0.87,0.99,0.15,0.21,0.27,0.31,0.37,0.46,0.00,0.00,0.00,0.08,0.10,0.11,0.00,0.00,0.00,0.03,0.08,0.13,351165,621051,901107,395712,655885,948931,0,517058237,1305477669,0,517120160,1305461945,0,465849,0,508.63,514.94,526.21
461,2,100,100,100,10069,10069,10069,87210,87210,87210,591,591,591,0.19,0.26,0.29,0.05,0.08,0.09,0.00,0.03,0.04,0.00,0.00,0.00,0.00,0.01,0.01,0.00,0.00,0.00,0.00,0.02,0.03,301178,509411,1016872,331549,544774,1066667,0,517819814,673328969,0,517818184,670586442,0,146088,0,161.40,175.45,182.51
461,3,100,100,100,9534,9534,9534,87745,87745,87745,591,591,591,0.38,0.53,0.82,0.08,0.15,0.22,0.09,0.15,0.27,0.00,0.00,0.00,0.02,0.04,0.06,0.00,0.00,0.00,0.01,0.05,0.08,348547,783864,1657588,400960,821622,1715343,0,535343698,710418032,0,535399134,713360685,0,265257,0,292.54,320.10,359.89
462,0,100,100,100,9466,9466,9466,87813,87813,87813,591,591,591,0.23,0.29,0.41,0.06,0.09,0.14,0.02,0.04,0.09,0.00,0.00,0.00,0.00,0.01,0.02,0.00,0.00,0.00,0.00,0.03,0.06,421954,1212424,2620954,450783,1246669,2636680,0,478165800,660804207,0,478343480,658141439,0,184156,0,203.62,205.23,206.83
462,1,99,99,100,10066,10066,10066,87214,87214,87214,591,591,591,0.79,0.89,1.00,0.15,0.20,0.25,0.31,0.38,0.47,0.00,0.00,0.00,0.07,0.10,0.13,0.00,0.00,0.00,0.03,0.07,0.11,223624,468674,869800,256819,500991,919578,0,435117277,870302841,0,435117249,870297599,0,412136,0,502.56,507.96,512.01
462,2,100,100,100,10069,10069,10069,87210,87210,87210,591,591,591,0.21,0.26,0.34,0.06,0.08,0.11,0.01,0.03,0.06,0.00,0.00,0.00,0.00,0.01,0.01,0.00,0.00,0.00,0.00,0.02,0.04,304016,402561,545133,317120,439777,597550,0,522215049,660825068,0,522217665,658138713,0,147843,0,184.56,186.45,188.38
462,3,100,100,100,9534,9534,9534,87745,87745,87745,591,591,591,0.27,0.54,0.84,0.06,0.15,0.23,0.04,0.15,0.28,0.00,0.00,0.00,0.01,0.04,0.07,0.00,0.00,0.00,0.00,0.05,0.08,298770,653608,1103352,311874,688726,1132181,0,522197760,660800505,0,522196640,658123997,0,279510,0,314.36,318.91,323.47
463,0,100,100,100,9466,9466,9466,87813,87813,87813,591,591,591,0.18,0.30,0.49,0.05,0.09,0.16,0.00,0.04,0.12,0.00,0.00,0.00,0.00,0.01,0.03,0.00,0.00,0.00,0.00,0.03,0.06,435037,821888,2240561,450762,856225,2271079,103767750,518597303,999715980,172797896,518571518,1044884581,0,168135,0,207.09,208.55,209.53
463,1,99,99,100,10066,10066,10066,87214,87214,87214,591,591,591,0.79,0.87,1.00,0.15,0.21,0.27,0.31,0.37,0.47,0.00,0.00,0.00,0.06,0.10,0.13,0.00,0.00,0.00,0.03,0.08,0.13,340688,423501,547726,379997,458618,576560,0,522195291,656763858,0,522196845,664796312,0,414506,0,514.46,517.42,520.16
463,2,100,100,100,10069,10069,10069,87210,87210,87210,591,591,591,0.18,0.25,0.29,0.05,0.08,0.09,0.00,0.03,0.04,0.00,0.00,0.00,0.00,0.01,0.01,0.00,0.00,0.00,0.00,0.02,0.03,0,304711,464755,13103,338781,490963,0,478164902,660795409,0,478342271,658117015,0,161380,0,181.56,182.60,184.22
463,3,100,100,100,9534,9534,9534,87745,87745,87745,591,591,591,0.35,0.52,0.81,0.08,0.14,0.23,0.07,0.14,0.26,0.00,0.00,0.00,0.01,0.03,0.06,0.00,0.00,0.00,0.01,0.05,0.10,306622,521802,777831,340691,553677,808038,0,478494864,672079958,0,478358182,674874758,0,266432,0,317.67,319.81,324.76
464,0,100,100,100,9466,9466,9466,87813,87813,87813,591,591,591,0.18,0.33,0.49,0.05,0.10,0.13,0.00,0.04,0.10,0.00,0.00,0.00,0.00,0.01,0.02,0.00,0.00,0.00,0.00,0.03,0.06,435042,852378,1837241,448142,921912,1918489,0,530438681,1305510182,0,533242573,1305512803,0,191459,0,204.26,209.05,217.68
464,1,100,100,100,10066,10066,10066,87214,87214,87214,591,591,591,0.79,0.87,0.94,0.17,0.21,0.26,0.32,0.37,0.42,0.00,0.00,0.00,0.07,0.10,0.12,0.00,0.00,0.00,0.04,0.08,0.12,321006,536243,995862,374086,593143,1126897,0,531216159,1331863429,0,522920002,1331858081,0,460885,0,510.54,517.98,524.46
464,2,100,100,100,10069,10069,10069,87210,87210,87210,591,591,591,0.18,0.28,0.38,0.05,0.08,0.11,0.00,0.03,0.04,0.00,0.00,0.00,0.00,0.01,0.01,0.00,0.00,0.00,0.00,0.02,0.04,309257,582177,974900,340710,650879,1024693,0,524524240,681715635,0,527299206,692948486,0,152643,0,180.93,184.22,188.24
464,3,100,100,100,9534,9534,9534,87745,87745,87745,591,591,591,0.45,0.64,0.87,0.10,0.17,0.23,0.07,0.14,0.26,0.00,0.00,0.00,0.02,0.03,0.06,0.00,0.00,0.00,0.01,0.06,0.10,314487,365330,476977,327590,435564,547738,0,526382265,681682136,0,529166027,692933040,0,291872,0,316.48,324.82,350.72
465,0,100,100,100,9466,9466,9466,87813,87813,87813,591,591,591,0.18,0.37,0.62,0.05,0.10,0.17,0.00,0.03,0.07,0.00,0.00,0.00,0.00,0.01,0.02,0.00,0.00,0.00,0.00,0.04,0.08,427190,525452,681454,440294,579832,757463,0,368270767,756352401,0,368023231,749990090,0,150018,0,197.44,215.91,229.24
465,1,100,100,100,10066,10066,10066,87214,87214,87214,591,591,591,0.85,0.93,0.97,0.16,0.19,0.21,0.14,0.17,0.25,0.00,0.00,0.00,0.04,0.05,0.06,0.00,0.00,0.00,0.05,0.08,0.11,335444,512988,859581,361651,557539,925097,0,367926026,746899930,0,368671699,765991540,0,415908,0,507.06,515.22,522.30
465,2,100,100,100,10069,10069,10069,87210,87210,87210,591,591,591,0.18,0.30,0.38,0.05,0.08,0.11,0.00,0.02,0.03,0.00,0.00,0.00,0.00,0.00,0.01,0.00,0.00,0.00,0.00,0.03,0.05,309243,415400,568717,330236,471747,610650,0,368318048,756463055,0,368068480,750102589,0,109774,0,184.28,189.33,197.22
465,3,100,100,100,9534,9534,9534,87745,87745,87745,591,591,591,0.33,0.65,0.95,0.07,0.16,0.23,0.02,0.08,0.12,0.00,0.00,0.00,0.01,0.02,0.04,0.00,0.00,0.00,0.01,0.06,0.10,298769,435025,778284,314493,482196,849037,0,368313404,756459467,0,368065130,750091147,0,199094,0,325.44,352.86,378.32
466,0,100,100,100,9466,9466,9466,87813,87813,87813,591,591,591,0.18,0.26,0.48,0.05,0.07,0.13,0.00,0.01,0.05,0.00,0.00,0.00,0.00,0.00,0.01,0.00,0.00,0.00,0.00,0.01,0.06,394870,541295,1016913,403606,567154,1095540,0,294786106,751829105,0,293711568,748230595,0,138095,0,169.72,194.62,206.29
466,1,100,100,100,10066,10066,10066,87214,87214,87214,591,591,591,0.94,0.95,0.99,0.16,0.19,0.21,0.14,0.15,0.16,0.00,0.00,0.00,0.04,0.05,0.05,0.00,0.00,0.00,0.05,0.08,0.10,338068,581264,980140,374757,622146,1024692,0,149266774,746333870,0,151409444,757047223,0,306971,0,506.82,511.82,518.02
466,2,100,100,100,10069,10069,10069,87210,87210,87210,591,591,591,0.18,0.23,0.38,0.05,0.06,0.11,0.00,0.01,0.03,0.00,0.00,0.00,0.00,0.00,0.01,0.00,0.00,0.00,0.00,0.01,0.05,317135,512617,1147826,330240,537251,1163549,0,294763246,751581992,0,293689328,748062554,0,159716,0,163.93,177.28,182.87
466,3,100,100,100,9534,9534,9534,87745,87745,87745,591,591,591,0.18,0.48,0.69,0.05,0.12,0.17,0.00,0.05,0.08,0.00,0.00,0.00,0.00,0.01,0.02,0.00,0.00,0.00,0.00,0.04,0.08,325016,616690,837497,374817,648134,853200,0,294569219,751632862,0,293495790,748037548,0,240130,0,266.48,317.54,336.48
467,0,100,100,100,9466,9466,9466,87813,87813,87813,591,591,591,0.18,0.25,0.41,0.05,0.07,0.12,0.00,0.01,0.04,0.00,0.00,0.00,0.00,0.00,0.01,0.00,0.00,0.00,0.00,0.01,0.05,438176,575779,807905,453551,589290,820770,0,266885273,708772903,0,257527966,708770282,0,92723,0,150.07,171.18,190.59
467,1,100,100,100,10066,10066,10066,87214,87214,87214,591,591,591,0.94,0.95,0.95,0.16,0.20,0.21,0.15,0.15,0.16,0.00,0.00,0.00,0.04,0.05,0.05,0.00,0.00,0.00,0.06,0.09,0.10,335470,463461,804554,348275,488363,817658,0,395556647,719478349,0,425224005,724876946,0,449864,0,506.52,509.37,511.80
467,2,100,100,100,10069,10069,10069,87210,87210,87210,591,591,591,0.18,0.23,0.34,0.05,0.06,0.10,0.00,0.01,0.03,0.00,0.00,0.00,0.00,0.00,0.01,0.00,0.00,0.00,0.00,0.01,0.04,199158,367033,636892,207893,380271,649997,0,226707901,708752242,0,220357895,708757484,0,117459,0,144.82,160.32,174.99
467,3,100,100,100,9534,9534,9534,87745,87745,87745,591,591,591,0.18,0.43,0.96,0.05,0.10,0.22,0.00,0.04,0.12,0.00,0.00,0.00,0.00,0.01,0.03,0.00,0.00,0.00,0.00,0.03,0.08,237634,686986,2088870,246371,700264,2101975,0,269194894,708713170,0,259664161,708710549,0,143595,0,220.19,252.03,284.92
468,0,82,95,100,9466,9466,9466,87813,87813,87813,591,591,591,0.24,0.79,0.98,0.09,0.29,0.40,0.02,0.26,0.46,0.00,0.00,0.00,0.01,0.08,0.14,0.00,0.00,0.00,0.06,0.15,0.27,431936,821252,1944445,547980,923394,1994236,0,0,0,0,0,0,0,470028,0,199.12,340.15,486.59
468,1,86,94,100,10066,10066,10066,87214,87214,87214,591,591,591,0.68,0.84,0.97,0.18,0.31,0.40,0.13,0.26,0.45,0.00,0.00,0.00,0.03,0.07,0.13,0.00,0.00,0.00,0.10,0.17,0.27,351160,484803,704880,403588,703361,948667,0,0,0,0,0,0,0,396917,0,499.49,507.26,523.19
468,2,45,84,100,10069,10069,10069,87210,87210,87210,591,591,591,0.34,0.72,0.92,0.18,0.29,0.38,0.09,0.24,0.35,0.00,0.00,0.00,0.01,0.07,0.13,0.00,0.00,0.00,0.13,0.16,0.22,353792,567628,820231,550344,810300,982757,0,0,0,0,0,0,0,363384,0,199.99,330.95,441.69
468,3,0,75,100,9534,9534,9534,87745,87745,87745,591,591,591,0.29,0.59,0.89,0.11,0.23,0.36,0.11,0.19,0.35,0.00,0.00,0.00,0.04,0.05,0.07,0.00,0.00,0.00,0.04,0.13,0.23,298760,463344,796705,343312,560832,867465,0,0,0,0,0,0,0,318754,0,221.45,320.19,393.12
469,0,75,93,100,9466,9466,9466,87813,87813,87813,591,591,591,0.13,0.67,0.96,0.07,0.28,0.47,0.02,0.22,0.39,0.00,0.00,0.00,0.00,0.06,0.15,0.00,0.00,0.00,0.06,0.17,0.36,370381,633307,1066624,426288,1069537,1810903,0,224963372,998016918,0,186966020,934830104,0,335102,0,425.35,456.27,506.89
469,1,74,94,100,10066,10066,10066,87214,87214,87214,591,591,591,0.01,0.34,0.82,0.00,0.14,0.39,0.00,0.09,0.23,0.00,0.00,0.00,0.00,0.02,0.04,0.00,0.00,0.00,0.00,0.09,0.27,314447,614834,914586,332858,827127,1334049,0,173636706,825957848,0,187895932,770314841,0,275110,0,310.10,347.88,435.68
469,2,80,94,100,10069,10069,10069,87210,87210,87210,591,591,591,0.01,0.37,0.78,0.00,0.15,0.28,0.00,0.10,0.25,0.00,0.00,0.00,0.00,0.02,0.06,0.00,0.00,0.00,0.00,0.09,0.16,306608,377388,581818,380009,572368,817622,0,302620432,1386175994,0,317381971,1375412546,0,286426,0,281.47,319.48,397.33
469,3,66,92,100,9534,9534,9534,87745,87745,87745,591,591,591,0.46,0.73,0.94,0.23,0.30,0.36,0.13,0.24,0.37,0.00,0.00,0.00,0.01,0.06,0.14,0.00,0.00,0.00,0.11,0.17,0.26,303965,612584,791354,400919,1012492,1666560,0,301853083,1386018693,0,316107430,1375246269,0,357109,0,376.26,409.85,450.37
470,0,99,99,100,9466,9466,9466,87813,87813,87813,591,591,591,0.76,0.80,0.87,0.21,0.24,0.26,0.29,0.33,0.38,0.00,0.00,0.00,0.07,0.08,0.09,0.00,0.00,0.00,0.09,0.11,0.13,442904,625531,883141,505802,696660,969588,648702842,1433347600,1962116114,640675950,1434936699,1970271404,0,389219,0,435.89,476.60,490.01
470,1,100,100,100,10066,10066,10066,87214,87214,87214,591,591,591,0.56,0.62,0.66,0.18,0.20,0.22,0.14,0.17,0.19,0.00,0.00,0.00,0.03,0.04,0.05,0.00,0.00,0.00,0.05,0.08,0.11,226281,467180,712839,309194,538081,760012,688787317,1417786565,1876285789,685984570,1420434976,1915796059,0,359287,0,351.90,393.82,421.43
470,2,100,100,100,10069,10069,10069,87210,87210,87210,591,591,591,0.54,0.61,0.66,0.17,0.19,0.20,0.15,0.17,0.19,0.00,0.00,0.00,0.04,0.04,0.04,0.00,0.00,0.00,0.07,0.08,0.09,216564,547529,1200257,280667,618004,1268394,715851140,1379844191,1895136945,682887897,1384735396,1928092088,0,294219,0,330.14,366.86,389.80
470,3,100,100,100,9534,9534,9534,87745,87745,87745,591,591,591,0.69,0.75,0.80,0.21,0.23,0.25,0.21,0.24,0.26,0.00,0.00,0.00,0.05,0.06,0.06,0.00,0.00,0.00,0.08,0.10,0.12,314469,441320,563436,366881,507885,652537,644707539,1392509719,1966302763,647395912,1392511176,1963629600,0,355034,0,442.03,452.74,463.76
471,0,99,99,100,9466,9466,9466,87813,87813,87813,591,591,591,0.81,0.87,0.93,0.21,0.23,0.26,0.14,0.23,0.34,0.00,0.00,0.00,0.04,0.06,0.08,0.00,0.00,0.00,0.09,0.11,0.13,487093,1055188,2282613,658378,1155806,2361233,724822723,974510689,1375861593,708713397,968721413,1333214177,0,437844,0,481.04,484.01,487.54
471,1,100,100,100,10066,10066,10066,87214,87214,87214,591,591,591,0.50,0.73,0.91,0.15,0.20,0.24,0.09,0.13,0.19,0.00,0.00,0.00,0.02,0.03,0.04,0.00,0.00,0.00,0.06,0.10,0.12,337981,613213,1024683,432302,727992,1077097,716592478,971287124,1326310419,721947789,973167858,1340228191,0,312660,0,391.74,407.53,420.89
471,2,100,100,100,10069,10069,10069,87210,87210,87210,591,591,591,0.45,0.70,0.88,0.12,0.19,0.24,0.05,0.11,0.16,0.00,0.00,0.00,0.01,0.03,0.04,0.00,0.00,0.00,0.05,0.09,0.12,327588,464904,767866,377382,576543,883177,80474192,857164360,1379308681,40130957,851098869,1403692563,0,300270,0,369.20,380.39,391.73
471,3,100,100,100,9534,9534,9534,87745,87745,87745,591,591,591,0.67,0.86,0.92,0.22,0.23,0.24,0.12,0.16,0.20,0.00,0.00,0.00,0.03,0.04,0.05,0.00,0.00,0.00,0.10,0.11,0.13,319596,513627,1229109,419308,627349,1320834,716765374,986724117,1437514831,708704174,987715011,1305493173,0,277516,0,446.52,453.18,460.78
472,0,100,100,100,9466,9466,9466,87813,87813,87813,591,591,591,0.75,0.89,0.98,0.21,0.27,0.40,0.15,0.23,0.46,0.00,0.00,0.00,0.04,0.05,0.08,0.00,0.00,0.00,0.11,0.17,0.27,463859,627643,1035157,505792,704952,1084950,0,0,0,0,0,0,0,402294,0,485.51,489.31,493.23
472,1,77,92,100,10066,10066,10066,87214,87214,87214,591,591,591,0.33,0.56,0.98,0.10,0.20,0.40,0.03,0.16,0.46,0.00,0.00,0.00,0.01,0.03,0.08,0.00,0.00,0.00,0.04,0.12,0.26,317110,354440,395719,330214,403576,484790,0,0,0,0,0,0,0,229099,0,335.47,359.47,389.15
472,2,85,95,100,10069,10069,10069,87210,87210,87210,591,591,591,0.29,0.63,0.89,0.07,0.22,0.34,0.02,0.18,0.37,0.00,0.00,0.00,0.00,0.04,0.06,0.00,0.00,0.00,0.01,0.14,0.22,330231,396375,547689,343336,486787,704921,0,0,0,0,0,0,0,224278,0,312.49,343.17,364.43
472,3,57,82,100,9534,9534,9534,87745,87745,87745,591,591,591,0.30,0.57,0.86,0.08,0.19,0.29,0.02,0.14,0.28,0.00,0.00,0.00,0.00,0.03,0.05,0.00,0.00,0.00,0.02,0.11,0.22,337972,960932,2410295,432421,1081455,2420706,0,0,0,0,0,0,0,314988,0,369.93,405.18,453.81
473,0,81,93,100,9466,9466,9466,87813,87813,87813,591,591,591,0.31,0.76,0.95,0.17,0.29,0.35,0.07,0.23,0.39,0.00,0.00,0.00,0.01,0.08,0.15,0.00,0.00,0.00,0.11,0.14,0.20,479577,505051,583475,545082,834704,1236963,0,0,0,0,0,0,0,258649,0,434.14,490.59,520.80
473,1,46,84,100,10066,10066,10066,87214,87214,87214,591,591,591,0.28,0.67,0.92,0.15,0.26,0.35,0.07,0.20,0.36,0.00,0.00,0.00,0.01,0.07,0.14,0.00,0.00,0.00,0.11,0.13,0.15,324921,520495,985590,437624,822401,1488871,0,0,0,0,0,0,0,322573,0,415.69,450.24,494.27
473,2,96,98,100,10069,10069,10069,87210,87210,87210,591,591,591,0.92,0.94,0.96,0.25,0.29,0.31,0.16,0.31,0.41,0.00,0.00,0.00,0.07,0.13,0.16,0.00,0.00,0.00,0.10,0.11,0.13,335446,611670,1425675,369509,660414,1485952,0,0,0,0,0,0,0,415045,0,408.73,481.00,524.33
473,3,64,92,100,9534,9534,9534,87745,87745,87745,591,591,591,0.01,0.03,0.14,0.00,0.01,0.07,0.00,0.01,0.04,0.00,0.00,0.00,0.00,0.00,0.00,0.00,0.00,0.00,0.00,0.01,0.05,288302,483818,1179402,301406,547243,1192507,0,0,0,0,0,0,0,117229,0,161.58,241.90,325.38
474,0,100,100,100,9466,9466,9466,87813,87813,87813,591,591,591,0.01,0.42,0.87,0.00,0.17,0.37,0.00,0.13,0.28,0.00,0.00,0.00,0.00,0.03,0.07,0.00,0.00,0.00,0.00,0.10,0.24,411672,652756,855817,608785,824852,1145360,0,176451095,758750426,0,192287115,961433053,0,327622,0,274.27,309.19,359.47
474,1,92,98,100,10066,10066,10066,87214,87214,87214,591,591,591,0.01,0.45,0.85,0.00,0.19,0.47,0.00,0.13,0.28,0.00,0.00,0.00,0.00,0.02,0.07,0.00,0.00,0.00,0.00,0.09,0.20,205329,784144,1595808,213956,946881,1719511,0,174278092,826055165,0,187912122,770277843,0,289286,0,261.48,293.12,342.20
474,2,49,79,100,10069,10069,10069,87210,87210,87210,591,591,591,0.37,0.66,0.88,0.19,0.28,0.39,0.10,0.21,0.34,0.00,0.00,0.00,0.01,0.04,0.08,0.00,0.00,0.00,0.11,0.18,0.32,340369,400338,476825,429783,858068,1285506,0,192207591,721266410,0,152312078,761558647,0,365871,0,428.57,448.19,488.99
474,3,92,98,100,9534,9534,9534,87745,87745,87745,591,591,591,0.01,0.14,0.28,0.00,0.04,0.11,0.00,0.01,0.04,0.00,0.00,0.00,0.00,0.00,0.01,0.00,0.00,0.00,0.00,0.01,0.05,204423,336514,534670,214907,394171,547775,0,302581186,1386101532,0,317376479,1375369865,0,137241,0,145.66,156.44,167.32
475,0,100,100,100,9466,9466,9466,87813,87813,87813,591,591,591,0.51,0.66,0.88,0.17,0.19,0.23,0.13,0.20,0.30,0.00,0.00,0.00,0.03,0.05,0.07,0.00,0.00,0.00,0.06,0.07,0.09,463873,942928,2474023,513668,993245,2523818,644734698,912210229,1305425102,647397514,912744345,1305422481,0,340839,0,373.98,407.56,440.00
475,1,100,100,100,10066,10066,10066,87214,87214,87214,591,591,591,0.37,0.56,0.72,0.13,0.17,0.20,0.07,0.15,0.22,0.00,0.00,0.00,0.02,0.04,0.05,0.00,0.00,0.00,0.05,0.07,0.07,338068,558198,733799,387861,609039,788834,644641111,912248794,1305613579,647313915,912782831,1305613579,0,304768,0,346.74,368.21,405.44
475,2,100,100,100,10069,10069,10069,87210,87210,87210,591,591,591,0.80,0.82,0.84,0.22,0.23,0.24,0.33,0.34,0.35,0.00,0.00,0.00,0.08,0.08,0.09,0.00,0.00,0.00,0.09,0.10,0.11,332830,429792,552955,385245,485874,600126,648731896,1044392367,1305508302,640696782,1044393378,1305516165,0,438742,0,465.02,486.74,500.45
475,3,100,100,100,9534,9534,9534,87745,87745,87745,591,591,591,0.20,0.22,0.23,0.06,0.06,0.07,0.01,0.01,0.02,0.00,0.00,0.00,0.00,0.00,0.00,0.00,0.00,0.00,0.01,0.01,0.01,304013,505288,830794,369533,561898,864864,644720168,915488417,1305548628,647422216,914950615,1305548628,0,155069,0,167.60,172.36,178.84
476,0,100,100,100,9466,9466,9466,87813,87813,87813,591,591,591,0.41,0.69,0.85,0.14,0.19,0.23,0.09,0.21,0.28,0.00,0.00,0.00,0.03,0.05,0.06,0.00,0.00,0.00,0.06,0.08,0.10,479569,1190439,2015296,531981,1259643,2062469,644702643,933810096,1305448508,647383597,933809539,1305443267,0,362288,0,393.65,403.91,424.14
476,1,100,100,100,10066,10066,10066,87214,87214,87214,591,591,591,0.36,0.53,0.71,0.10,0.16,0.21,0.07,0.14,0.21,0.00,0.00,0.00,0.02,0.03,0.05,0.00,0.00,0.00,0.01,0.07,0.13,272552,381583,600167,330229,452692,649962,0,914386934,1966258521,0,914210491,1963588032,0,332822,0,360.28,373.82,384.89
476,2,100,100,100,10069,10069,10069,87210,87210,87210,591,591,591,0.84,0.84,0.84,0.22,0.23,0.24,0.35,0.35,0.36,0.00,0.00,0.00,0.08,0.09,0.09,0.00,0.00,0.00,0.09,0.10,0.11,335430,642709,1305098,387841,694473,1360132,648688704,887705421,1305487138,640664575,907964716,1305476656,0,382620,0,480.89,485.92,487.84
476,3,100,100,100,9534,9534,9534,87745,87745,87745,591,591,591,0.20,0.21,0.23,0.06,0.06,0.07,0.01,0.01,0.02,0.00,0.00,0.00,0.00,0.00,0.00,0.00,0.00,0.00,0.01,0.01,0.01,314494,359688,458574,361875,415685,524085,644731252,910419544,1305521991,647409693,910963647,1305524612,0,138641,0,170.79,171.99,173.79
477,0,100,100,100,9466,9466,9466,87813,87813,87813,591,591,591,0.84,0.91,0.93,0.22,0.23,0.23,0.11,0.12,0.13,0.00,0.00,0.00,0.03,0.03,0.03,0.00,0.00,0.00,0.06,0.10,0.11,458616,946497,2292633,539857,1023228,2356560,0,596143034,756452850,0,597720286,768276363,0,343038,0,405.24,421.77,438.12
477,1,100,100,100,10066,10066,10066,87214,87214,87214,591,591,591,0.55,0.71,0.79,0.15,0.18,0.20,0.06,0.09,0.10,0.00,0.00,0.00,0.02,0.02,0.03,0.00,0.00,0.00,0.06,0.08,0.10,322348,500546,935572,380003,572352,1014192,0,581312032,756390587,0,582641843,750025357,0,298306,0,376.32,386.62,405.68
477,2,100,100,100,10069,10069,10069,87210,87210,87210,591,591,591,0.84,0.91,0.95,0.20,0.21,0.22,0.15,0.20,0.35,0.00,0.00,0.00,0.04,0.05,0.09,0.00,0.00,0.00,0.09,0.10,0.10,221885,490876,817403,288277,571758,966737,0,555612661,809072705,0,528183539,756952134,0,387588,0,479.53,482.89,484.88
477,3,100,100,100,9534,9534,9534,87745,87745,87745,591,591,591,0.18,0.22,0.24,0.05,0.06,0.07,0.00,0.01,0.01,0.00,0.00,0.00,0.00,0.00,0.00,0.00,0.00,0.00,0.00,0.01,0.01,297002,371285,594961,311896,447812,681453,0,535881915,756546672,0,536475444,750175085,0,104189,0,169.24,171.46,173.59
478,0,100,100,100,9466,9466,9466,87813,87813,87813,591,591,591,0.18,0.52,0.82,0.05,0.13,0.18,0.00,0.05,0.10,0.00,0.00,0.00,0.00,0.01,0.03,0.00,0.00,0.00,0.00,0.04,0.07,458766,1037104,2395393,469253,1054793,2424222,0,516973818,721724398,0,504618851,719951338,0,159521,0,289.65,351.03,390.13
478,1,100,100,100,10066,10066,10066,87214,87214,87214,591,591,591,0.24,0.39,0.53,0.08,0.11,0.14,0.02,0.04,0.06,0.00,0.00,0.00,0.01,0.01,0.01,0.00,0.00,0.00,0.02,0.04,0.06,322349,353798,377412,335453,394418,461219,0,0,0,0,0,0,0,147859,0,267.24,313.12,350.31
478,2,81,95,100,10069,10069,10069,87210,87210,87210,591,591,591,0.78,0.89,0.94,0.19,0.21,0.22,0.11,0.14,0.15,0.00,0.00,0.00,0.03,0.04,0.04,0.00,0.00,0.00,0.09,0.11,0.13,327589,389822,490068,393090,444856,545102,0,0,0,55034,0,0,0,344309,0,484.80,486.73,488.47
478,3,100,100,100,9534,9534,9534,87745,87745,87745,591,591,591,0.18,0.20,0.23,0.05,0.06,0.07,0.00,0.00,0.01,0.00,0.00,0.00,0.00,0.00,0.01,0.00,0.00,0.00,0.00,0.01,0.04,301408,343324,448134,314513,375428,534616,0,0,0,0,0,0,0,182237,0,159.48,164.82,167.66
479,0,70,86,100,9466,9466,9466,87813,87813,87813,591,591,591,0.01,0.36,0.77,0.00,0.16,0.32,0.00,0.12,0.29,0.00,0.00,0.00,0.00,0.03,0.05,0.00,0.00,0.00,0.00,0.10,0.19,467132,830423,1790193,477071,1017441,1803299,0,0,0,0,0,0,0,199454,0,291.07,315.41,350.99
479,1,85,96,100,10066,10066,10066,87214,87214,87214,591,591,591,0.88,0.94,0.98,0.25,0.31,0.40,0.16,0.32,0.46,0.00,0.00,0.00,0.06,0.10,0.16,0.00,0.00,0.00,0.11,0.16,0.27,235861,545082,980073,281286,621779,1042965,0,0,0,0,0,0,0,481905,0,313.03,425.35,536.42
479,2,51,88,100,10069,10069,10069,87210,87210,87210,591,591,591,0.01,0.47,0.94,0.00,0.20,0.39,0.00,0.17,0.43,0.00,0.00,0.00,0.00,0.04,0.08,0.00,0.00,0.00,0.00,0.12,0.26,332861,642350,1221223,429836,850358,1305084,0,0,0,0,0,0,0,207066,0,332.26,433.77,493.02
479,3,84,95,100,9534,9534,9534,87745,87745,87745,591,591,591,0.88,0.93,0.98,0.27,0.32,0.40,0.16,0.32,0.45,0.00,0.00,0.00,0.06,0.10,0.15,0.00,0.00,0.00,0.10,0.16,0.27,327546,617191,1255250,398296,704623,1341729,0,0,0,0,0,0,0,399913,0,247.35,377.16,503.14
480,0,98,99,100,9466,9466,9466,87813,87813,87813,591,591,591,0.01,0.12,0.42,0.00,0.05,0.18,0.00,0.02,0.09,0.00,0.00,0.00,0.00,0.00,0.01,0.00,0.00,0.00,0.00,0.02,0.10,427190,501622,697163,440294,573430,794075,0,25411322,84700682,0,42325982,169276952,0,144348,0,137.82,161.27,186.77
480,1,72,88,100,10066,10066,10066,87214,87214,87214,591,591,591,0.55,0.79,0.96,0.29,0.34,0.48,0.14,0.25,0.40,0.00,0.00,0.00,0.01,0.07,0.16,0.00,0.00,0.00,0.11,0.21,0.40,340715,529268,843855,793762,1067436,1299959,0,50747146,126881560,0,0,0,0,394678,0,502.45,519.45,545.66
480,2,92,98,100,10069,10069,10069,87210,87210,87210,591,591,591,0.01,0.12,0.39,0.00,0.04,0.17,0.00,0.02,0.11,0.00,0.00,0.00,0.00,0.00,0.02,0.00,0.00,0.00,0.00,0.02,0.11,249206,358252,537291,331229,423816,550396,0,22573148,84705363,0,30984199,112568315,0,165941,0,138.38,188.96,250.16
480,3,50,81,100,9534,9534,9534,87745,87745,87745,591,591,591,0.35,0.64,0.95,0.18,0.27,0.33,0.09,0.21,0.39,0.00,0.00,0.00,0.01,0.06,0.16,0.00,0.00,0.00,0.10,0.16,0.27,230521,409328,736415,424527,832424,1032580,0,16916929,84582029,0,42300676,211503383,0,320423,0,402.75,437.61,493.22
481,0,100,100,100,9466,9466,9466,87813,87813,87813,591,591,591,0.24,0.26,0.27,0.07,0.08,0.09,0.02,0.03,0.03,0.00,0.00,0.00,0.00,0.01,0.01,0.00,0.00,0.00,0.01,0.02,0.03,435040,613254,911983,484834,663049,946052,644756071,931602307,1305502341,647437193,928913041,1305510203,0,154550,0,181.13,190.12,203.58
481,1,100,100,100,10066,10066,10066,87214,87214,87214,591,591,591,0.80,0.82,0.84,0.22,0.23,0.23,0.33,0.34,0.35,0.00,0.00,0.00,0.08,0.08,0.08,0.00,0.00,0.00,0.09,0.10,0.10,322351,398877,652551,372145,450768,702344,648725670,927570134,1305519297,640688013,935629492,1305514056,0,394729,0,488.99,497.71,510.84
481,2,100,100,100,10069,10069,10069,87210,87210,87210,591,591,591,0.26,0.30,0.38,0.08,0.10,0.12,0.03,0.05,0.08,0.00,0.00,0.00,0.01,0.01,0.02,0.00,0.00,0.00,0.02,0.03,0.05,332828,522090,1182666,385263,569261,1237735,644739418,931575471,1306293103,647425777,928893681,1306295726,0,204179,0,211.04,222.88,241.07
481,3,100,100,100,9534,9534,9534,87745,87745,87745,591,591,591,0.59,0.80,0.91,0.18,0.22,0.24,0.17,0.27,0.34,0.00,0.00,0.00,0.04,0.07,0.08,0.00,0.00,0.00,0.08,0.09,0.10,322344,471200,807220,374758,523613,859637,644705307,931567857,1305491200,647375767,928884832,1305485959,0,409518,0,426.66,464.49,496.47
482,0,100,100,100,9466,9466,9466,87813,87813,87813,591,591,591,0.23,0.26,0.29,0.07,0.08,0.09,0.02,0.03,0.04,0.00,0.00,0.00,0.00,0.01,0.01,0.00,0.00,0.00,0.01,0.02,0.03,429817,532021,883208,476992,584961,951349,644725914,912270882,1305515820,647404300,912808545,1305521062,0,154579,0,188.94,191.33,194.81
482,1,99,99,99,10066,10066,10066,87214,87214,87214,591,591,591,0.84,0.84,0.84,0.22,0.23,0.24,0.34,0.35,0.36,0.00,0.00,0.00,0.08,0.09,0.09,0.00,0.00,0.00,0.09,0.10,0.10,317102,462667,691173,369516,517124,745945,656758395,912309624,1198726612,637637478,910814553,1305513450,0,454354,0,492.28,496.98,502.89
482,2,100,100,100,10069,10069,10069,87210,87210,87210,591,591,591,0.30,0.32,0.35,0.10,0.10,0.11,0.05,0.05,0.06,0.00,0.00,0.00,0.01,0.01,0.01,0.00,0.00,0.00,0.03,0.04,0.04,314463,369006,573977,366938,428235,626395,644690269,912277209,1234643167,647373792,912813954,1270139224,0,168416,0,220.32,224.82,228.95
482,3,100,100,100,9534,9534,9534,87745,87745,87745,591,591,591,0.62,0.83,0.91,0.16,0.24,0.27,0.19,0.28,0.32,0.00,0.00,0.00,0.05,0.07,0.08,0.00,0.00,0.00,0.06,0.09,0.12,323945,516571,801961,372794,568268,836031,644508419,907251654,1305502873,647373975,908448978,1305510735,0,362503,0,454.43,466.77,482.33
483,0,100,100,100,9466,9466,9466,87813,87813,87813,591,591,591,0.22,0.28,0.36,0.06,0.08,0.11,0.01,0.02,0.04,0.00,0.00,0.00,0.00,0.00,0.01,0.00,0.00,0.00,0.01,0.03,0.04,435036,668434,1258552,469105,758291,1313873,555206491,768970105,1241133462,522907686,781886579,1297663332,0,151733,0,185.13,192.10,198.65
483,1,99,99,100,10066,10066,10066,87214,87214,87214,591,591,591,0.84,0.89,0.95,0.20,0.22,0.23,0.15,0.25,0.35,0.00,0.00,0.00,0.04,0.06,0.09,0.00,0.00,0.00,0.09,0.10,0.12,237600,593099,1103094,302241,672591,1155498,583018742,761912002,1219566807,510643243,789306848,1305457884,0,399990,0,493.72,499.58,507.01
483,2,100,100,100,10069,10069,10069,87210,87210,87210,591,591,591,0.25,0.36,0.46,0.07,0.10,0.13,0.01,0.04,0.06,0.00,0.00,0.00,0.00,0.01,0.01,0.00,0.00,0.00,0.02,0.04,0.06,311883,416689,600094,414097,512086,634161,78553997,692098788,1241515935,39283550,694146681,1297889391,0,174421,0,214.02,223.26,233.35
483,3,100,100,100,9534,9534,9534,87745,87745,87745,591,591,591,0.65,0.87,0.96,0.14,0.21,0.26,0.13,0.18,0.28,0.00,0.00,0.00,0.04,0.05,0.07,0.00,0.00,0.00,0.04,0.09,0.12,314411,425592,712847,382534,510501,746917,5241,692049402,1326390812,196813729,694101912,1127592710,0,280355,0,448.54,454.46,469.71
484,0,100,100,100,9466,9466,9466,87813,87813,87813,591,591,591,0.18,0.22,0.28,0.05,0.06,0.08,0.00,0.01,0.02,0.00,0.00,0.00,0.00,0.00,0.00,0.00,0.00,0.00,0.00,0.01,0.02,440303,722812,1260621,453407,747972,1273725,0,476375925,870286784,0,452215161,791594569,0,127300,0,159.58,174.80,187.99
484,1,100,100,100,10066,10066,10066,87214,87214,87214,591,591,591,0.88,0.92,0.95,0.20,0.21,0.21,0.13,0.15,0.16,0.00,0.00,0.00,0.04,0.04,0.04,0.00,0.00,0.00,0.10,0.10,0.11,317083,360062,437609,330185,412997,503120,0,460247649,752282411,0,484405481,988481557,0,303377,0,496.70,501.16,505.85
484,2,96,99,100,10069,10069,10069,87210,87210,87210,591,591,591,0.18,0.26,0.38,0.05,0.07,0.11,0.00,0.01,0.03,0.00,0.00,0.00,0.00,0.00,0.01,0.00,0.00,0.00,0.00,0.02,0.05,314489,323398,345942,327592,347158,390483,80265524,515818474,708783321,40134072,505340491,708780700,0,108263,0,177.63,199.64,232.27
484,3,100,100,100,9534,9534,9534,87745,87745,87745,591,591,591,0.18,0.74,0.96,0.05,0.18,0.24,0.00,0.10,0.14,0.00,0.00,0.00,0.00,0.03,0.04,0.00,0.00,0.00,0.00,0.08,0.12,249820,401098,662857,265543,441979,678577,5241,562415068,870471061,201286443,545720571,791772122,0,361074,0,368.15,434.29,469.55
485,0,93,98,100,9466,9466,9466,87813,87813,87813,591,591,591,0.82,0.90,0.97,0.21,0.29,0.36,0.16,0.27,0.42,0.00,0.00,0.00,0.07,0.07,0.08,0.00,0.00,0.00,0.09,0.17,0.26,445492,982723,1367973,558176,1083617,1509487,0,0,0,0,0,0,0,366805,0,234.25,337.91,449.68
485,1,88,97,100,10066,10066,10066,87214,87214,87214,591,591,591,0.83,0.90,0.95,0.23,0.29,0.36,0.16,0.26,0.37,0.00,0.00,0.00,0.07,0.07,0.07,0.00,0.00,0.00,0.12,0.18,0.26,314476,437002,681383,366889,526107,699728,0,0,0,0,0,0,0,421992,0,501.70,508.73,517.94
485,2,94,96,99,10069,10069,10069,87210,87210,87210,591,591,591,0.73,0.85,0.92,0.30,0.32,0.36,0.23,0.29,0.36,0.00,0.00,0.00,0.06,0.09,0.14,0.00,0.00,0.00,0.12,0.17,0.24,353792,704294,1530464,416661,831395,1727013,0,0,0,0,0,0,0,451138,0,249.49,339.22,437.95
485,3,91,97,100,9534,9534,9534,87745,87745,87745,591,591,591,0.83,0.90,0.95,0.21,0.29,0.37,0.16,0.27,0.42,0.00,0.00,0.00,0.07,0.07,0.07,0.00,0.00,0.00,0.09,0.17,0.26,330208,708221,985359,490070,809115,1100668,0,0,0,0,0,0,0,402108,0,382.17,404.08,440.76
486,0,98,99,100,9466,9466,9466,87813,87813,87813,591,591,591,0.94,0.96,0.99,0.20,0.24,0.29,0.16,0.30,0.44,0.00,0.00,0.00,0.07,0.13,0.19,0.00,0.00,0.00,0.07,0.09,0.11,431792,878259,2109455,460578,903408,2122558,0,0,0,0,0,0,0,427824,0,527.46,533.73,539.08
486,1,99,99,100,10066,10066,10066,87214,87214,87214,591,591,591,0.93,0.96,0.98,0.25,0.28,0.32,0.17,0.37,0.43,0.00,0.00,0.00,0.08,0.15,0.19,0.00,0.00,0.00,0.07,0.09,0.12,332828,528826,725803,359035,567611,759866,0,0,0,0,0,0,0,438574,0,529.16,543.27,550.90
486,2,45,78,100,10069,10069,10069,87210,87210,87210,591,591,591,0.01,0.22,0.66,0.00,0.10,0.28,0.00,0.07,0.23,0.00,0.00,0.00,0.00,0.02,0.07,0.00,0.00,0.00,0.00,0.06,0.13,298754,418890,796559,311857,658640,1383497,0,0,0,0,0,0,0,138173,0,223.73,363.51,485.21
486,3,99,99,100,9534,9534,9534,87745,87745,87745,591,591,591,0.95,0.96,0.98,0.20,0.24,0.30,0.16,0.29,0.44,0.00,0.00,0.00,0.07,0.13,0.18,0.00,0.00,0.00,0.07,0.08,0.11,332751,418239,694475,358952,442333,731164,0,0,0,0,0,0,0,408284,0,500.04,503.35,507.44
487,0,99,99,99,9466,9466,9466,87813,87813,87813,591,591,591,0.98,0.98,0.99,0.21,0.27,0.29,0.42,0.44,0.46,0.00,0.00,0.00,0.18,0.18,0.20,0.00,0.00,0.00,0.05,0.08,0.09,463861,569208,799314,495309,602753,833383,0,0,0,0,0,0,0,424607,0,529.13,531.81,533.38
487,1,76,90,100,10066,10066,10066,87214,87214,87214,591,591,591,0.01,0.53,0.98,0.00,0.21,0.32,0.00,0.19,0.43,0.00,0.00,0.00,0.00,0.06,0.19,0.00,0.00,0.00,0.00,0.12,0.21,290925,428197,665613,306651,878373,1346696,0,0,0,0,0,0,0,246314,0,397.98,495.08,548.94
487,2,100,100,100,10069,10069,10069,87210,87210,87210,591,591,591,0.01,0.01,0.01,0.00,0.00,0.00,0.00,0.00,0.00,0.00,0.00,0.00,0.00,0.00,0.00,0.00,0.00,0.00,0.00,0.00,0.00,301401,367977,539911,314506,382130,550395,0,0,0,0,0,0,0,109368,0,136.32,145.80,172.42
487,3,100,100,100,9534,9534,9534,87745,87745,87745,591,591,591,0.98,0.98,0.99,0.21,0.27,0.29,0.42,0.43,0.46,0.00,0.00,0.00,0.18,0.19,0.20,0.00,0.00,0.00,0.05,0.07,0.09,319713,360598,421932,353792,394142,458621,0,0,0,0,0,0,0,413575,0,508.66,511.63,515.38
488,0,47,60,100,9460,9464,9466,87813,87815,87819,591,591,591,0.35,0.47,0.72,0.18,0.23,0.37,0.09,0.13,0.27,0.00,0.00,0.00,0.01,0.03,0.10,0.00,0.00,0.00,0.12,0.17,0.30,435020,508887,581575,838593,1139360,1336050,0,0,0,0,0,0,0,287695,0,358.35,428.96,514.32
488,1,95,99,100,10066,10066,10066,87214,87214,87214,591,591,591,0.01,0.08,0.38,0.00,0.05,0.23,0.00,0.01,0.07,0.00,0.00,0.00,0.00,0.00,0.01,0.00,0.00,0.00,0.00,0.04,0.20,304031,332325,361686,317136,436103,809766,0,0,0,0,0,0,0,192418,0,152.90,219.44,319.92
488,2,92,98,100,10069,10069,10069,87210,87210,87210,591,591,591,0.01,0.06,0.28,0.00,0.03,0.15,0.00,0.01,0.06,0.00,0.00,0.00,0.00,0.00,0.01,0.00,0.00,0.00,0.00,0.03,0.13,20967,395622,1024094,39314,489920,1432684,0,0,0,0,0,0,0,226081,0,135.79,143.80,175.03
488,3,71,83,100,9524,9529,9534,87745,87749,87755,591,591,591,0.35,0.54,0.95,0.19,0.25,0.29,0.06,0.16,0.39,0.00,0.00,0.00,0.01,0.04,0.15,0.00,0.00,0.00,0.11,0.17,0.21,2620,454910,1090113,573981,1085410,1493665,0,0,0,0,0,0,0,351619,0,388.66,452.14,508.94
489,0,100,100,100,9460,9460,9460,87819,87819,87819,591,591,591,0.76,0.90,0.99,0.16,0.33,0.55,0.15,0.31,0.47,0.00,0.00,0.00,0.02,0.08,0.14,0.00,0.00,0.00,0.04,0.23,0.48,191310,834551,2037340,220138,1085388,2070655,0,170357629,725006303,0,148944732,744723661,0,463363,0,372.08,453.93,517.20
489,1,100,100,100,10066,10066,10066,87214,87214,87214,591,591,591,0.87,0.91,0.96,0.19,0.31,0.54,0.16,0.31,0.36,0.00,0.00,0.00,0.02,0.08,0.10,0.00,0.00,0.00,0.05,0.18,0.46,0,404616,778307,13103,592771,1299783,0,159406823,670114821,0,180763689,692318857,0,448382,0,263.73,412.70,538.28
489,2,100,100,100,10069,10069,10069,87210,87210,87210,591,591,591,0.18,0.42,0.83,0.05,0.14,0.35,0.00,0.10,0.26,0.00,0.00,0.00,0.00,0.02,0.06,0.00,0.00,0.00,0.00,0.06,0.23,304017,488965,770509,319743,566484,799338,0,158277068,749029872,0,179660383,729032789,0,143978,0,253.56,267.11,274.27
489,3,100,100,100,9524,9524,9524,87755,87755,87755,591,591,591,0.78,0.90,0.99,0.16,0.33,0.55,0.15,0.31,0.47,0.00,0.00,0.00,0.02,0.08,0.14,0.00,0.00,0.00,0.04,0.22,0.49,335450,670923,1804528,369519,920476,1817363,0,173354674,741455321,0,152317516,761587583,0,404936,0,396.56,453.00,516.45
490,0,100,100,100,9460,9460,9460,87819,87819,87819,591,591,591,0.87,0.90,0.99,0.13,0.19,0.27,0.37,0.39,0.45,0.00,0.00,0.00,0.07,0.10,0.13,0.00,0.00,0.00,0.01,0.06,0.12,453369,734606,1293857,469093,762377,1306952,0,393178047,1231846772,0,390664963,1120893739,0,405663,0,504.90,508.25,513.01
490,1,100,100,100,10066,10066,10066,87214,87214,87214,591,591,591,0.19,0.68,0.95,0.05,0.17,0.22,0.00,0.22,0.34,0.00,0.00,0.00,0.00,0.05,0.10,0.00,0.00,0.00,0.01,0.05,0.09,311870,522025,843793,327594,549280,856895,0,389489062,663481518,0,390293492,659469138,0,342983,0,411.07,446.48,507.81
490,2,100,100,100,10069,10069,10069,87210,87210,87210,591,591,591,0.18,0.33,0.50,0.05,0.10,0.14,0.00,0.06,0.14,0.00,0.00,0.00,0.00,0.01,0.03,0.00,0.00,0.00,0.00,0.03,0.05,314497,416711,516322,330222,449210,568741,0,389518867,1268518024,0,390322963,1268525886,0,148870,0,193.46,210.37,235.83
490,3,99,99,100,9524,9524,9524,87755,87755,87755,591,591,591,0.87,0.90,1.00,0.12,0.19,0.29,0.37,0.39,0.46,0.00,0.00,0.00,0.07,0.10,0.13,0.00,0.00,0.00,0.01,0.06,0.14,314486,345928,408832,348555,375803,424556,73972360,390042396,1120884526,0,389236507,1305482826,0,303756,0,503.07,505.74,508.11
491,0,100,100,100,9460,9460,9460,87819,87819,87819,591,591,591,0.75,0.85,1.00,0.15,0.21,0.26,0.28,0.36,0.47,0.00,0.00,0.00,0.07,0.09,0.11,0.00,0.00,0.00,0.03,0.08,0.12,440276,566065,961649,453379,601707,1011435,0,393267230,660941707,0,394067367,664944443,0,292017,0,493.38,504.63,511.47
491,1,100,100,100,10066,10066,10066,87214,87214,87214,591,591,591,0.27,0.73,0.99,0.07,0.18,0.26,0.05,0.23,0.37,0.00,0.00,0.00,0.01,0.06,0.08,0.00,0.00,0.00,0.02,0.06,0.09,359020,645908,1184530,411432,677007,1215978,0,517255483,1231506011,0,490196524,1120870294,0,200480,0,418.12,445.10,499.94
491,2,100,100,100,10069,10069,10069,87210,87210,87210,591,591,591,0.18,0.33,0.43,0.05,0.10,0.13,0.00,0.06,0.10,0.00,0.00,0.00,0.00,0.01,0.03,0.00,0.00,0.00,0.00,0.03,0.05,304001,615868,1273579,359036,645220,1310266,0,393784128,663463214,0,392980662,659450865,0,189420,0,215.37,234.58,251.62
491,3,100,100,100,9524,9524,9524,87755,87755,87755,591,591,591,0.75,0.85,0.99,0.16,0.22,0.26,0.28,0.36,0.47,0.00,0.00,0.00,0.06,0.09,0.11,0.00,0.00,0.00,0.04,0.09,0.12,343313,609573,946082,393106,646263,995876,0,393253085,660777254,0,394061322,664813175,0,455129,0,504.93,506.89,511.45
492,0,100,100,100,9460,9460,9460,87819,87819,87819,591,591,591,0.75,0.90,1.00,0.15,0.19,0.26,0.29,0.39,0.47,0.00,0.00,0.00,0.09,0.10,0.12,0.00,0.00,0.00,0.03,0.07,0.12,167719,834957,2101822,217511,861163,2112305,0,347053583,660790588,0,346520376,664797619,0,460045,0,505.24,508.49,512.26
492,1,100,100,100,10066,10066,10066,87214,87214,87214,591,591,591,0.34,0.74,0.99,0.09,0.19,0.26,0.08,0.25,0.38,0.00,0.00,0.00,0.03,0.07,0.10,0.00,0.00,0.00,0.02,0.06,0.10,12662,788286,1832020,60779,819549,1847745,0,259433367,656037082,0,289001135,660150352,0,344285,0,419.54,450.99,501.54
492,2,100,100,100,10069,10069,10069,87210,87210,87210,591,591,591,0.18,0.34,0.52,0.05,0.10,0.15,0.00,0.06,0.14,0.00,0.00,0.00,0.00,0.02,0.03,0.00,0.00,0.00,0.00,0.03,0.06,265578,328302,380007,300522,357830,408839,0,346721327,663502516,0,347257160,659492534,0,171075,0,227.52,236.36,258.37
492,3,100,100,100,9524,9524,9524,87755,87755,87755,591,591,591,0.82,0.91,0.99,0.16,0.19,0.22,0.33,0.41,0.48,0.00,0.00,0.00,0.06,0.11,0.14,0.00,0.00,0.00,0.04,0.06,0.09,254863,410386,809955,288030,434830,841410,0,346620316,659923932,0,346082706,663944188,0,397654,0,498.61,502.07,503.93
493,0,100,100,100,9460,9460,9460,87819,87819,87819,591,591,591,0.76,0.88,0.99,0.16,0.20,0.26,0.28,0.37,0.47,0.00,0.00,0.00,0.06,0.09,0.14,0.00,0.00,0.00,0.04,0.07,0.12,448148,695626,961792,463428,727646,993240,0,387342280,660807183,0,388159589,664809073,0,404397,0,495.00,501.70,505.79
493,1,100,100,100,10066,10066,10066,87214,87214,87214,591,591,591,0.51,0.80,0.99,0.09,0.19,0.27,0.15,0.27,0.37,0.00,0.00,0.00,0.03,0.07,0.09,0.00,0.00,0.00,0.01,0.06,0.12,324925,476387,744528,338027,505735,799582,0,407985154,663689916,0,400053074,659673654,0,402541,0,405.17,424.55,463.11
493,2,100,100,100,10069,10069,10069,87210,87210,87210,591,591,591,0.18,0.36,0.52,0.05,0.10,0.15,0.00,0.07,0.14,0.00,0.00,0.00,0.00,0.02,0.03,0.00,0.00,0.00,0.00,0.03,0.06,311868,353275,414093,351179,382628,440301,0,393802658,663517481,0,392999626,659504789,0,222005,0,224.55,229.97,235.95
493,3,99,99,100,9524,9524,9524,87755,87755,87755,591,591,591,0.76,0.88,0.99,0.15,0.19,0.25,0.29,0.38,0.47,0.00,0.00,0.00,0.06,0.10,0.14,0.00,0.00,0.00,0.03,0.07,0.11,306620,370564,521529,340689,398867,552978,0,393254355,660773089,0,394058886,664798469,0,447880,0,494.11,501.39,504.90
494,0,100,100,100,9460,9460,9460,87819,87819,87819,591,591,591,0.76,0.88,1.00,0.13,0.21,0.27,0.29,0.37,0.45,0.00,0.00,0.00,0.08,0.10,0.12,0.00,0.00,0.00,0.01,0.07,0.14,479581,730117,927739,492684,780434,977533,0,526368423,681651395,0,522193652,842725264,0,402974,0,500.77,505.55,512.99
494,1,100,100,100,10066,10066,10066,87214,87214,87214,591,591,591,0.18,0.71,0.94,0.05,0.18,0.26,0.00,0.21,0.33,0.00,0.00,0.00,0.00,0.05,0.09,0.00,0.00,0.00,0.00,0.06,0.11,288678,392665,521520,330415,447136,534623,0,464225842,734756209,0,474394878,695094480,0,380040,0,404.54,425.72,481.60
494,2,100,100,100,10069,10069,10069,87210,87210,87210,591,591,591,0.18,0.37,0.55,0.05,0.11,0.15,0.00,0.07,0.14,0.00,0.00,0.00,0.00,0.02,0.04,0.00,0.00,0.00,0.00,0.03,0.06,311861,590747,1404869,340688,648408,1454669,0,515094192,663419779,0,519271298,659405089,0,222243,0,194.57,228.68,255.31
494,3,100,100,100,9524,9524,9524,87755,87755,87755,591,591,591,0.75,0.88,1.00,0.12,0.21,0.27,0.29,0.38,0.46,0.00,0.00,0.00,0.09,0.10,0.12,0.00,0.00,0.00,0.01,0.08,0.12,306631,525155,1103322,324946,578603,1153115,0,526310569,767429530,0,522137032,664818180,0,406905,0,498.45,502.29,504.83
495,0,100,100,100,9460,9460,9460,87819,87819,87819,591,591,591,0.83,0.94,0.99,0.12,0.18,0.22,0.15,0.23,0.46,0.00,0.00,0.00,0.04,0.06,0.10,0.00,0.00,0.00,0.00,0.07,0.13,471728,1009633,2125393,484832,1045273,2172566,0,246838152,677905212,0,247669685,765996856,0,443774,0,497.52,503.77,510.91
495,1,100,100,100,10066,10066,10066,87214,87214,87214,591,591,591,0.87,0.94,0.99,0.18,0.20,0.22,0.11,0.13,0.14,0.00,0.00,0.00,0.03,0.04,0.04,0.00,0.00,0.00,0.04,0.07,0.09,337962,709610,1546245,372134,751010,1593418,0,294745068,762547798,0,294448578,753014510,0,365776,0,429.93,468.27,493.34
495,2,100,100,100,10069,10069,10069,87210,87210,87210,591,591,591,0.18,0.39,0.78,0.05,0.10,0.20,0.00,0.03,0.10,0.00,0.00,0.00,0.00,0.01,0.03,0.00,0.00,0.00,0.00,0.03,0.10,309248,426740,697189,322352,467356,715536,0,159098993,667677802,0,157092474,700250726,0,178592,0,220.23,251.08,274.11
495,3,100,100,100,9524,9524,9524,87755,87755,87755,591,591,591,0.84,0.95,0.99,0.14,0.18,0.22,0.14,0.23,0.47,0.00,0.00,0.00,0.04,0.06,0.11,0.00,0.00,0.00,0.02,0.07,0.11,324967,491871,863252,351158,529000,917856,0,150226943,672297124,0,151999577,759997888,0,293605,0,497.61,503.29,510.74
496,0,100,100,100,9460,9460,9460,87819,87819,87819,591,591,591,0.93,0.96,0.99,0.17,0.18,0.22,0.14,0.15,0.16,0.00,0.00,0.00,0.04,0.05,0.05,0.00,0.00,0.00,0.05,0.07,0.11,448460,574626,775729,474087,608740,801936,0,150284684,671161636,0,151368993,756844967,0,398842,0,496.41,503.03,508.98
496,1,100,100,100,10066,10066,10066,87214,87214,87214,591,591,591,0.95,0.96,0.98,0.18,0.20,0.22,0.12,0.13,0.14,0.00,0.00,0.00,0.03,0.04,0.04,0.00,0.00,0.00,0.05,0.07,0.09,324797,423483,579174,364087,464888,626347,0,151075227,755376138,0,149994494,589036269,0,274895,0,460.12,464.69,468.15
496,2,100,100,100,10069,10069,10069,87210,87210,87210,591,591,591,0.18,0.43,0.78,0.05,0.11,0.20,0.00,0.04,0.10,0.00,0.00,0.00,0.00,0.01,0.03,0.00,0.00,0.00,0.00,0.04,0.09,223631,372856,513702,269057,410770,545153,0,242984032,711393553,0,243880133,719446927,0,135571,0,206.60,238.71,259.57
496,3,100,100,100,9524,9524,9524,87755,87755,87755,591,591,591,0.93,0.95,0.99,0.17,0.18,0.22,0.14,0.15,0.16,0.00,0.00,0.00,0.04,0.05,0.05,0.00,0.00,0.00,0.05,0.07,0.11,314483,403933,525887,348552,438002,557336,0,293700412,751774553,0,293147511,757055249,0,384952,0,477.88,480.74,487.12
497,0,100,100,100,9460,9460,9460,87819,87819,87819,591,591,591,0.94,0.96,0.99,0.17,0.19,0.22,0.14,0.15,0.16,0.00,0.00,0.00,0.04,0.05,0.05,0.00,0.00,0.00,0.05,0.08,0.11,435029,575892,914618,458615,613237,951308,0,180565097,722260390,0,181217647,724870591,0,300105,0,492.58,495.55,500.08
497,1,100,100,100,10066,10066,10066,87214,87214,87214,591,591,591,0.18,0.61,0.95,0.05,0.14,0.22,0.00,0.07,0.13,0.00,0.00,0.00,0.00,0.02,0.04,0.00,0.00,0.00,0.00,0.05,0.09,332842,618478,1037748,353789,634202,1053471,0,180999955,723999821,0,180325812,721303248,0,314953,0,360.31,391.52,451.34
497,2,100,100,100,10069,10069,10069,87210,87210,87210,591,591,591,0.18,0.32,0.47,0.05,0.08,0.12,0.00,0.02,0.05,0.00,0.00,0.00,0.00,0.01,0.01,0.00,0.00,0.00,0.00,0.02,0.05,335417,582491,1011677,351140,596905,1024782,0,180972417,723889668,0,180298960,721195842,0,161194,0,188.02,196.23,216.84
497,3,100,100,100,9524,9524,9524,87755,87755,87755,591,591,591,0.93,0.96,0.99,0.14,0.19,0.22,0.14,0.15,0.16,0.00,0.00,0.00,0.04,0.05,0.05,0.00,0.00,0.00,0.02,0.07,0.11,309243,518899,932970,338070,552968,956556,0,180525747,722102990,0,181220888,724883555,0,393053,0,482.35,487.19,489.37
498,0,100,100,100,9460,9460,9460,87819,87819,87819,591,591,591,0.94,0.96,0.99,0.14,0.19,0.22,0.14,0.15,0.16,0.00,0.00,0.00,0.04,0.05,0.05,0.00,0.00,0.00,0.02,0.07,0.11,432416,486904,602702,458623,504200,615804,0,269185041,708709829,0,283483811,708720312,0,443472,0,489.88,496.80,499.44
498,1,100,100,100,10066,10066,10066,87214,87214,87214,591,591,591,0.18,0.48,0.97,0.05,0.11,0.20,0.00,0.05,0.13,0.00,0.00,0.00,0.00,0.01,0.04,0.00,0.00,0.00,0.00,0.03,0.07,354540,902208,1818791,367574,916346,1831895,0,278720954,708720739,0,264428469,708725980,0,179141,0,272.48,334.56,364.53
498,2,100,100,100,10069,10069,10069,87210,87210,87210,591,591,591,0.18,0.22,0.35,0.05,0.06,0.08,0.00,0.01,0.02,0.00,0.00,0.00,0.00,0.00,0.01,0.00,0.00,0.00,0.00,0.01,0.02,306646,359060,516334,319750,372688,532060,0,278727955,708718031,0,264432609,708720652,0,130413,0,157.53,185.40,205.32
498,3,100,100,100,9524,9524,9524,87755,87755,87755,591,591,591,0.93,0.95,0.99,0.17,0.19,0.22,0.14,0.15,0.16,0.00,0.00,0.00,0.04,0.05,0.05,0.00,0.00,0.00,0.05,0.08,0.11,348561,505764,752077,372148,525156,783523,0,269199045,708743479,0,283486977,708725133,0,385553,0,478.72,481.85,485.66
499,0,0,74,100,9460,9460,9460,87819,87819,87819,591,591,591,0.22,0.73,0.93,0.08,0.23,0.34,0.09,0.20,0.33,0.00,0.00,0.00,0.03,0.06,0.12,0.00,0.00,0.00,0.03,0.11,0.23,479629,1186890,2673396,513701,1273913,2866165,0,1409651053,0,0,1421189401,0,0,356357,0,424.36,468.07,481.80
499,1,82,95,100,10066,10066,10066,87214,87214,87214,591,591,591,0.01,0.32,0.73,0.00,0.14,0.31,0.00,0.10,0.29,0.00,0.00,0.00,0.00,0.02,0.05,0.00,0.00,0.00,0.00,0.08,0.22,239352,454089,610575,335448,621806,1171361,0,1472408953,0,0,1465149697,0,0,263582,0,211.88,283.88,317.41
499,2,0,57,100,10069,10069,10069,87210,87210,87210,591,591,591,0.00,0.39,0.78,0.00,0.14,0.27,0.00,0.11,0.24,0.00,0.00,0.00,0.00,0.03,0.05,0.00,0.00,0.00,0.00,0.09,0.21,242834,476252,828094,342413,548055,904090,0,0,0,0,0,0,0,332666,0,161.99,264.40,347.33
499,3,76,94,100,9524,9524,9524,87755,87755,87755,591,591,591,0.75,0.91,1.00,0.12,0.26,0.38,0.15,0.24,0.43,0.00,0.00,0.00,0.04,0.06,0.07,0.00,0.00,0.00,0.00,0.15,0.26,332831,406551,531130,345934,489537,665654,0,0,0,0,0,0,0,467871,0,481.94,492.52,509.00
500,0,45,76,100,9460,9460,9460,87819,87819,87819,591,591,591,0.01,0.27,0.58,0.00,0.12,0.25,0.00,0.09,0.20,0.00,0.00,0.00,0.00,0.02,0.06,0.00,0.00,0.00,0.00,0.07,0.14,484882,679794,862142,644763,926658,1370696,0,0,0,0,0,0,0,207423,0,262.54,335.12,411.64
500,1,100,100,100,10066,10066,10066,87214,87214,87214,591,591,591,0.01,0.01,0.01,0.00,0.00,0.00,0.00,0.00,0.00,0.00,0.00,0.00,0.00,0.00,0.00,0.00,0.00,0.00,0.00,0.00,0.00,311894,533623,1347165,327620,547776,1360269,0,0,0,0,0,0,0,137053,0,152.21,193.38,289.18
500,2,65,90,100,10069,10069,10069,87210,87210,87210,591,591,591,0.01,0.47,0.92,0.00,0.20,0.36,0.00,0.17,0.37,0.00,0.00,0.00,0.00,0.05,0.14,0.00,0.00,0.00,0.00,0.09,0.19,317146,514722,1040410,406261,777850,1244894,0,0,0,0,0,0,0,200852,0,320.43,361.54,381.27
500,3,99,99,100,9524,9524,9524,87755,87755,87755,591,591,591,0.95,0.97,0.98,0.22,0.27,0.31,0.16,0.36,0.43,0.00,0.00,0.00,0.07,0.15,0.18,0.00,0.00,0.00,0.07,0.08,0.10,319726,448663,846488,340692,483256,888419,0,0,0,0,0,0,0,416825,0,509.71,516.17,520.26
501,0,100,100,100,9460,9460,9460,87819,87819,87819,591,591,591,0.01,0.01,0.01,0.00,0.00,0.00,0.00,0.00,0.00,0.00,0.00,0.00,0.00,0.00,0.00,0.00,0.00,0.00,0.00,0.00,0.00,424590,757970,1944725,437694,771599,1957829,0,0,0,0,0,0,0,123436,0,136.94,162.57,221.06
501,1,100,100,100,10066,10066,10066,87214,87214,87214,591,591,591,0.01,0.01,0.01,0.00,0.00,0.00,0.00,0.00,0.00,0.00,0.00,0.00,0.00,0.00,0.00,0.00,0.00,0.00,0.00,0.00,0.00,301408,353027,514955,314513,366596,527764,0,0,0,0,0,0,0,121318,0,151.30,151.55,151.89
501,2,100,100,100,10069,10069,10069,87210,87210,87210,591,591,591,0.01,0.01,0.01,0.00,0.00,0.00,0.00,0.00,0.00,0.00,0.00,0.00,0.00,0.00,0.00,0.00,0.00,0.00,0.00,0.00,0.00,304024,318704,340649,317129,331784,351154,0,0,0,0,0,0,0,108809,0,135.80,167.64,247.66
501,3,47,71,99,9524,9524,9524,87755,87755,87755,591,591,591,0.32,0.67,0.98,0.17,0.23,0.28,0.09,0.26,0.43,0.00,0.00,0.00,0.01,0.09,0.18,0.00,0.00,0.00,0.07,0.11,0.14,324966,443210,723261,379056,785944,1100689,0,0,0,0,0,0,0,241451,0,422.13,488.16,525.65
502,0,100,100,100,9460,9460,9460,87819,87819,87819,591,591,591,0.01,0.38,0.64,0.00,0.14,0.37,0.00,0.09,0.19,0.00,0.00,0.00,0.00,0.02,0.04,0.00,0.00,0.00,0.00,0.08,0.29,304062,657545,1364394,356187,807952,1379840,0,170660536,755014543,0,176315571,741353094,0,261697,0,136.77,239.65,305.88
502,1,91,98,100,10066,10066,10066,87214,87214,87214,591,591,591,0.01,0.20,0.40,0.00,0.07,0.17,0.00,0.02,0.09,0.00,0.00,0.00,0.00,0.00,0.01,0.00,0.00,0.00,0.00,0.02,0.10,214914,353803,576511,221903,428576,883111,0,165217689,741457601,0,182265387,728020821,0,108860,0,151.30,181.12,195.02
502,2,91,98,100,10069,10069,10069,87210,87210,87210,591,591,591,0.01,0.42,0.84,0.00,0.16,0.32,0.00,0.11,0.29,0.00,0.00,0.00,0.00,0.02,0.07,0.00,0.00,0.00,0.00,0.09,0.26,304007,353621,390440,319731,507705,1027199,0,173704165,741466007,0,187933688,728026881,0,200770,0,135.69,235.94,299.32
502,3,47,89,100,9524,9524,9524,87755,87755,87755,591,591,591,0.33,0.76,0.98,0.17,0.33,0.54,0.09,0.23,0.40,0.00,0.00,0.00,0.01,0.05,0.12,0.00,0.00,0.00,0.09,0.24,0.46,274301,414409,644685,309244,848031,1250041,0,146943730,480864795,0,101545078,507725392,0,435973,0,380.76,419.88,482.35
503,0,100,100,100,9460,9460,9460,87819,87819,87819,591,591,591,0.25,0.37,0.51,0.09,0.11,0.14,0.02,0.08,0.14,0.00,0.00,0.00,0.00,0.02,0.03,0.00,0.00,0.00,0.02,0.04,0.05,432278,631585,841275,463716,668275,872724,0,487524629,660576157,0,488195857,657898652,0,166820,0,214.86,248.73,292.82
503,1,100,100,100,10066,10066,10066,87214,87214,87214,591,591,591,0.18,0.22,0.24,0.05,0.07,0.07,0.00,0.01,0.02,0.00,0.00,0.00,0.00,0.00,0.00,0.00,0.00,0.00,0.00,0.01,0.02,309234,367570,421950,340682,404262,471745,0,487566548,660763322,0,488236237,658087657,0,144641,0,168.11,174.82,181.67
503,2,100,100,100,10069,10069,10069,87210,87210,87210,591,591,591,0.24,0.37,0.50,0.08,0.11,0.14,0.02,0.08,0.14,0.00,0.00,0.00,0.00,0.02,0.03,0.00,0.00,0.00,0.02,0.04,0.05,324985,691223,1284092,356435,727259,1315539,0,487567880,660749520,0,488236925,658071269,0,208162,0,212.09,245.26,286.24
503,3,100,100,100,9524,9524,9524,87755,87755,87755,591,591,591,0.80,0.89,0.99,0.17,0.20,0.24,0.32,0.39,0.45,0.00,0.00,0.00,0.06,0.09,0.13,0.00,0.00,0.00,0.04,0.07,0.10,311869,691840,1040369,364284,725254,1074436,0,488547306,656778770,0,486538066,664811374,0,399397,0,501.43,506.35,511.61
504,0,100,100,100,9460,9460,9460,87819,87819,87819,591,591,591,0.21,0.40,0.51,0.06,0.12,0.14,0.01,0.09,0.14,0.00,0.00,0.00,0.00,0.02,0.03,0.00,0.00,0.00,0.01,0.04,0.05,432409,512614,636803,463857,548255,663009,0,522190595,660798431,0,522190571,658112184,0,213917,0,259.16,260.88,262.75
504,1,100,100,100,10066,10066,10066,87214,87214,87214,591,591,591,0.19,0.23,0.24,0.05,0.07,0.07,0.00,0.02,0.02,0.00,0.00,0.00,0.00,0.00,0.00,0.00,0.00,0.00,0.00,0.01,0.02,311890,580239,1299882,335478,615358,1347056,0,522213232,660813062,0,522212699,658131975,0,160686,0,181.04,182.11,183.93
504,2,100,100,100,10069,10069,10069,87210,87210,87210,591,591,591,0.18,0.40,0.52,0.05,0.12,0.15,0.00,0.09,0.14,0.00,0.00,0.00,0.00,0.02,0.03,0.00,0.00,0.00,0.00,0.04,0.05,311827,598379,1697282,324929,636112,1749667,0,522137412,660780720,0,522137198,658102333,0,199422,0,250.68,254.03,258.47
504,3,99,99,100,9524,9524,9524,87755,87755,87755,591,591,591,0.78,0.87,0.99,0.15,0.21,0.25,0.31,0.37,0.47,0.00,0.00,0.00,0.07,0.10,0.12,0.00,0.00,0.00,0.03,0.08,0.12,322350,457783,883179,345858,494951,914628,0,521575501,656763979,0,521569096,664809635,0,401433,0,496.68,502.28,506.43
505,0,100,100,100,9460,9460,9460,87819,87819,87819,591,591,591,0.21,0.40,0.55,0.06,0.12,0.16,0.01,0.09,0.15,0.00,0.00,0.00,0.00,0.02,0.03,0.00,0.00,0.00,0.01,0.04,0.07,440282,961835,2240804,471731,998001,2256529,0,522206149,660807584,0,522206678,658121321,0,197786,0,258.28,259.48,261.29
505,1,100,100,100,10066,10066,10066,87214,87214,87214,591,591,591,0.18,0.22,0.24,0.05,0.06,0.07,0.00,0.01,0.02,0.00,0.00,0.00,0.00,0.00,0.00,0.00,0.00,0.00,0.00,0.01,0.02,307546,387506,513663,356650,420737,526767,0,477393931,660779853,0,477209154,658106721,0,145866,0,179.85,181.95,183.84
505,2,100,100,100,10069,10069,10069,87210,87210,87210,591,591,591,0.25,0.40,0.59,0.07,0.12,0.19,0.03,0.09,0.16,0.00,0.00,0.00,0.01,0.02,0.04,0.00,0.00,0.00,0.01,0.04,0.08,317108,460621,628960,327591,498345,644684,0,522069702,660764866,0,522068799,658091784,0,198305,0,256.55,258.54,260.68
505,3,100,100,100,9524,9524,9524,87755,87755,87755,591,591,591,0.79,0.87,0.99,0.16,0.21,0.27,0.31,0.38,0.47,0.00,0.00,0.00,0.06,0.10,0.13,0.00,0.00,0.00,0.03,0.08,0.13,311867,389434,503172,361660,425599,539862,0,522198138,656768486,0,522197640,664806270,0,405863,0,501.54,504.59,509.78
506,0,100,100,100,9460,9460,9460,87819,87819,87819,591,591,591,0.19,0.39,0.55,0.05,0.11,0.15,0.01,0.08,0.14,0.00,0.00,0.00,0.00,0.02,0.03,0.00,0.00,0.00,0.00,0.04,0.06,440662,469813,520354,472710,524836,610680,0,480562468,673393396,0,480365117,670655948,0,202162,0,253.90,257.11,260.81
506,1,100,100,100,10066,10066,10066,87214,87214,87214,591,591,591,0.18,0.23,0.24,0.05,0.07,0.07,0.00,0.02,0.02,0.00,0.00,0.00,0.00,0.00,0.00,0.00,0.00,0.00,0.00,0.01,0.02,314487,428247,744324,343353,488528,778396,0,522198766,1305452319,0,522201359,1305468042,0,143432,0,178.15,180.94,182.63
506,2,100,100,100,10069,10069,10069,87210,87210,87210,591,591,591,0.23,0.38,0.55,0.06,0.11,0.15,0.02,0.08,0.14,0.00,0.00,0.00,0.00,0.02,0.03,0.00,0.00,0.00,0.01,0.04,0.06,232380,580061,1376010,265578,635462,1389115,0,479185037,660774379,0,479006818,658101258,0,203927,0,254.97,258.23,260.95
506,3,99,99,100,9524,9524,9524,87755,87755,87755,591,591,591,0.79,0.86,0.95,0.14,0.20,0.26,0.32,0.37,0.43,0.00,0.00,0.00,0.08,0.09,0.10,0.00,0.00,0.00,0.03,0.07,0.12,0,559746,1042879,49792,591543,1076069,0,478394332,656748222,0,477860970,664791064,0,394601,0,500.59,505.29,511.55
507,0,100,100,100,9460,9460,9460,87819,87819,87819,591,591,591,0.18,0.48,0.79,0.05,0.12,0.20,0.00,0.05,0.10,0.00,0.00,0.00,0.00,0.01,0.03,0.00,0.00,0.00,0.00,0.05,0.10,429780,767341,1462358,450795,816610,1496428,0,430973779,756439538,0,433021628,750068875,0,242386,0,261.77,276.69,304.54
507,1,100,100,100,10066,10066,10066,87214,87214,87214,591,591,591,0.18,0.26,0.34,0.05,0.07,0.10,0.00,0.01,0.03,0.00,0.00,0.00,0.00,0.00,0.01,0.00,0.00,0.00,0.00,0.02,0.04,306608,360619,469150,327577,419848,482255,0,430991432,756511099,0,433039699,750152784,0,146913,0,178.63,183.05,187.31
507,2,100,100,100,10069,10069,10069,87210,87210,87210,591,591,591,0.18,0.47,0.78,0.05,0.12,0.20,0.00,0.05,0.10,0.00,0.00,0.00,0.00,0.01,0.03,0.00,0.00,0.00,0.00,0.05,0.10,311871,390494,558262,343320,439239,571367,0,430969191,756458744,0,433022707,750092984,0,212897,0,255.09,272.62,297.88
507,3,100,100,100,9524,9524,9524,87755,87755,87755,591,591,591,0.88,0.92,0.95,0.17,0.20,0.26,0.15,0.23,0.38,0.00,0.00,0.00,0.04,0.06,0.11,0.00,0.00,0.00,0.06,0.09,0.12,330210,426644,605394,374763,492159,647326,0,434042046,746883205,0,427892535,765977007,0,389241,0,489.09,493.55,497.41
508,0,100,100,100,9460,9460,9460,87819,87819,87819,591,591,591,0.18,0.41,0.77,0.05,0.10,0.20,0.00,0.04,0.10,0.00,0.00,0.00,0.00,0.01,0.03,0.00,0.00,0.00,0.00,0.03,0.09,427215,808235,1981173,440319,844926,1994276,0,150319798,751598990,0,149616414,748082070,0,162746,0,229.54,255.88,264.15
508,1,100,100,100,10066,10066,10066,87214,87214,87214,591,591,591,0.18,0.20,0.29,0.05,0.06,0.08,0.00,0.00,0.02,0.00,0.00,0.00,0.00,0.00,0.00,0.00,0.00,0.00,0.00,0.01,0.03,304025,442402,754760,317129,465991,770485,0,150352539,751762698,0,149632818,748164092,0,132392,0,162.71,175.08,180.52
508,2,100,100,100,10069,10069,10069,87210,87210,87210,591,591,591,0.18,0.41,0.77,0.05,0.11,0.20,0.00,0.04,0.10,0.00,0.00,0.00,0.00,0.01,0.03,0.00,0.00,0.00,0.00,0.03,0.09,309267,375530,572534,322371,412589,639891,0,148629842,743149212,0,147916376,739581884,0,160000,0,222.55,251.93,263.42
508,3,100,100,100,9524,9524,9524,87755,87755,87755,591,591,591,0.94,0.95,0.98,0.16,0.20,0.21,0.14,0.15,0.16,0.00,0.00,0.00,0.04,0.05,0.05,0.00,0.00,0.00,0.06,0.09,0.10,0,294562,526754,51237,339981,571305,0,152155341,760776705,0,154341651,771708257,0,301564,0,493.72,497.68,503.63
509,0,100,100,100,9460,9460,9460,87819,87819,87819,591,591,591,0.18,0.34,0.49,0.05,0.09,0.13,0.00,0.03,0.06,0.00,0.00,0.00,0.00,0.01,0.01,0.00,0.00,0.00,0.00,0.02,0.06,425732,534871,872686,438791,549015,888411,0,286203911,722227503,0,285833361,720377377,0,130963,0,194.09,211.85,233.33
509,1,100,100,100,10066,10066,10066,87214,87214,87214,591,591,591,0.18,0.21,0.29,0.05,0.06,0.08,0.00,0.00,0.02,0.00,0.00,0.00,0.00,0.00,0.00,0.00,0.00,0.00,0.00,0.01,0.03,306630,388680,547737,319734,402252,560840,0,283637748,709404173,0,283290761,708792431,0,126140,0,165.74,168.82,173.36
509,2,100,100,100,10069,10069,10069,87210,87210,87210,591,591,591,0.18,0.34,0.53,0.05,0.09,0.14,0.00,0.03,0.06,0.00,0.00,0.00,0.00,0.01,0.02,0.00,0.00,0.00,0.00,0.02,0.06,335436,417754,621121,348539,431382,634225,0,286172590,722090301,0,285819857,720321397,0,118099,0,192.90,209.23,228.56
509,3,100,100,100,9524,9524,9524,87755,87755,87755,591,591,591,0.94,0.95,0.99,0.16,0.19,0.21,0.15,0.15,0.16,0.00,0.00,0.00,0.04,0.05,0.05,0.00,0.00,0.00,0.05,0.08,0.10,314468,512057,796695,348536,540358,809798,0,285626663,719454820,0,286703195,724847960,0,452494,0,493.47,498.65,507.24
510,0,89,95,100,9460,9460,9460,87819,87819,87819,591,591,591,0.18,0.68,0.98,0.05,0.22,0.40,0.00,0.18,0.46,0.00,0.00,0.00,0.00,0.05,0.08,0.00,0.00,0.00,0.00,0.13,0.26,442852,621561,1215883,455954,704894,1346905,0,0,0,0,0,0,0,304912,0,179.51,284.86,417.20
510,1,85,97,100,10066,10066,10066,87214,87214,87214,591,591,591,0.18,0.69,0.96,0.05,0.24,0.38,0.00,0.20,0.41,0.00,0.00,0.00,0.00,0.05,0.10,0.00,0.00,0.00,0.00,0.13,0.25,319726,447605,780925,361658,534610,904092,0,0,0,0,0,0,0,314363,0,157.18,284.12,426.60
510,2,66,89,100,10069,10069,10069,87210,87210,87210,591,591,591,0.18,0.52,0.88,0.05,0.22,0.36,0.00,0.16,0.37,0.00,0.00,0.00,0.00,0.04,0.09,0.00,0.00,0.00,0.00,0.13,0.23,175594,547158,1024594,191319,769921,1181820,0,0,0,0,0,0,0,320627,0,174.93,267.20,343.30
510,3,84,93,100,9524,9524,9524,87755,87755,87755,591,591,591,0.82,0.88,0.97,0.17,0.27,0.35,0.12,0.23,0.35,0.00,0.00,0.00,0.03,0.06,0.11,0.00,0.00,0.00,0.07,0.14,0.26,319658,471187,673516,395643,567625,846407,0,0,0,0,0,0,0,398873,0,496.44,502.89,512.27
511,0,70,93,99,9460,9460,9460,87819,87819,87819,591,591,591,0.79,0.92,0.96,0.26,0.30,0.33,0.29,0.36,0.41,0.00,0.00,0.00,0.10,0.14,0.17,0.00,0.00,0.00,0.09,0.11,0.14,183445,827584,2078094,230617,930835,2400421,0,0,0,0,0,0,0,463588,0,495.56,515.91,529.44
511,1,75,94,100,10066,10066,10066,87214,87214,87214,591,591,591,0.01,0.64,0.96,0.00,0.25,0.34,0.00,0.24,0.40,0.00,0.00,0.00,0.00,0.08,0.16,0.00,0.00,0.00,0.00,0.12,0.20,0,381045,602825,419293,709667,961616,0,0,0,0,0,0,0,376920,0,418.60,495.39,530.54
511,2,100,100,100,10069,10069,10069,87210,87210,87210,591,591,591,0.01,0.01,0.01,0.00,0.00,0.00,0.00,0.00,0.00,0.00,0.00,0.00,0.00,0.00,0.00,0.00,0.00,0.00,0.00,0.00,0.00,306648,522260,995950,322374,536380,1009055,0,0,0,0,0,0,0,109401,0,136.54,230.31,342.53
511,3,45,83,100,9524,9524,9524,87755,87755,87755,591,591,591,0.01,0.24,0.74,0.00,0.11,0.31,0.00,0.08,0.27,0.00,0.00,0.00,0.00,0.02,0.10,0.00,0.00,0.00,0.00,0.06,0.13,293265,362205,545033,305906,573500,1173918,0,0,0,0,0,0,0,146042,0,236.29,366.70,475.85
512,0,46,78,100,9460,9460,9460,87819,87819,87819,591,591,591,0.33,0.60,0.88,0.17,0.29,0.49,0.09,0.17,0.34,0.00,0.00,0.00,0.01,0.03,0.07,0.00,0.00,0.00,0.10,0.21,0.38,463838,736767,1238858,1058802,1267653,1561926,0,173303246,739446799,0,151905457,759524667,0,350426,0,401.31,421.28,460.52
512,1,93,98,100,10066,10066,10066,87214,87214,87214,591,591,591,0.01,0.45,0.91,0.00,0.18,0.37,0.00,0.14,0.30,0.00,0.00,0.00,0.00,0.03,0.07,0.00,0.00,0.00,0.00,0.12,0.24,293194,595464,889831,308359,785862,1443447,0,173983603,741423742,0,187901023,939502592,0,309240,0,254.91,300.45,353.40
512,2,92,98,100,10069,10069,10069,87210,87210,87210,591,591,591,0.01,0.18,0.36,0.00,0.07,0.17,0.00,0.03,0.10,0.00,0.00,0.00,0.00,0.01,0.01,0.00,0.00,0.00,0.00,0.03,0.13,298916,334405,419324,314090,426665,660407,0,159419065,754873379,0,180778086,734722211,0,168053,0,135.99,172.27,204.92
512,3,100,100,100,9524,9524,9524,87755,87755,87755,591,591,591,0.01,0.27,0.73,0.00,0.11,0.26,0.00,0.07,0.24,0.00,0.00,0.00,0.00,0.01,0.05,0.00,0.00,0.00,0.00,0.06,0.18,306632,377644,609308,319736,511409,846404,0,159451398,754897968,0,180807730,734757186,0,216951,0,144.36,204.80,267.18
513,0,100,100,100,9460,9460,9460,87819,87819,87819,591,591,591,0.82,0.86,0.87,0.21,0.22,0.23,0.34,0.37,0.38,0.00,0.00,0.00,0.09,0.09,0.10,0.00,0.00,0.00,0.08,0.09,0.10,448272,568985,953876,479011,611525,985323,648483749,672851063,738315112,626241855,650473878,680281578,0,399925,0,462.00,488.47,505.30
513,1,100,100,100,10066,10066,10066,87214,87214,87214,591,591,591,0.44,0.70,0.91,0.13,0.20,0.25,0.11,0.22,0.32,0.00,0.00,0.00,0.03,0.05,0.07,0.00,0.00,0.00,0.04,0.07,0.09,345945,639976,1160997,393119,685577,1192447,644666055,651143737,660827923,647357361,651680398,658146797,0,362740,0,412.42,437.40,461.80
513,2,100,100,100,10069,10069,10069,87210,87210,87210,591,591,591,0.25,0.29,0.38,0.08,0.09,0.12,0.03,0.04,0.08,0.00,0.00,0.00,0.01,0.01,0.02,0.00,0.00,0.00,0.02,0.03,0.05,314498,454442,746894,351189,501092,815031,644711227,665419371,716036228,647389564,658825942,683066341,0,164018,0,190.83,203.46,223.65
513,3,100,100,100,9524,9524,9524,87755,87755,87755,591,591,591,0.32,0.42,0.58,0.09,0.13,0.18,0.05,0.09,0.16,0.00,0.00,0.00,0.01,0.02,0.03,0.00,0.00,0.00,0.03,0.05,0.08,306640,565035,1024703,356436,613781,1095462,644729505,665415226,716059984,647402643,658820146,683079123,0,216969,0,263.58,281.39,308.71
514,0,99,99,100,9460,9460,9460,87819,87819,87819,591,591,591,0.82,0.83,0.87,0.21,0.22,0.24,0.34,0.35,0.37,0.00,0.00,0.00,0.07,0.08,0.09,0.00,0.00,0.00,0.08,0.09,0.10,487413,1109601,2851241,537203,1156250,2885309,648682429,783319739,1305692000,640647960,783319868,1305694621,0,437678,0,486.46,490.80,496.64
514,1,100,100,100,10066,10066,10066,87214,87214,87214,591,591,591,0.46,0.73,0.90,0.09,0.20,0.27,0.13,0.23,0.31,0.00,0.00,0.00,0.03,0.06,0.07,0.00,0.00,0.00,0.01,0.07,0.12,301376,570777,1011572,317100,617424,1061364,644652917,783278037,1305437932,647338938,783278035,1305443173,0,352945,0,417.08,437.48,460.24
514,2,100,100,100,10069,10069,10069,87210,87210,87210,591,591,591,0.26,0.30,0.36,0.08,0.09,0.11,0.03,0.04,0.07,0.00,0.00,0.00,0.01,0.01,0.01,0.00,0.00,0.00,0.02,0.03,0.04,306628,405683,752153,359043,455476,804568,644721352,783293865,1305513147,647399752,783293402,1305497423,0,168540,0,207.99,211.65,217.68
514,3,100,100,100,9524,9524,9524,87755,87755,87755,591,591,591,0.34,0.43,0.53,0.11,0.13,0.15,0.06,0.10,0.14,0.00,0.00,0.00,0.01,0.02,0.03,0.00,0.00,0.00,0.03,0.05,0.06,324972,437661,592307,374766,483786,642102,644681597,783306396,1305545151,647351905,783306903,1305553013,0,232863,0,275.40,284.50,293.40
515,0,100,100,100,9460,9460,9460,87819,87819,87819,591,591,591,0.78,0.87,0.91,0.18,0.21,0.25,0.16,0.31,0.39,0.00,0.00,0.00,0.04,0.08,0.10,0.00,0.00,0.00,0.07,0.09,0.12,307488,603965,849107,363395,673846,917245,127502414,686177610,1250976466,0,676999799,1313497948,0,391460,0,482.21,487.07,491.81
515,1,100,100,100,10066,10066,10066,87214,87214,87214,591,591,591,0.45,0.79,0.95,0.15,0.20,0.24,0.11,0.18,0.28,0.00,0.00,0.00,0.03,0.05,0.07,0.00,0.00,0.00,0.06,0.08,0.12,214871,439202,967267,341066,509099,1023712,0,674230728,1293076925,0,674391462,1300397908,0,350387,0,400.95,430.64,450.79
515,2,100,100,100,10069,10069,10069,87210,87210,87210,591,591,591,0.26,0.32,0.38,0.08,0.10,0.11,0.03,0.04,0.05,0.00,0.00,0.00,0.01,0.01,0.01,0.00,0.00,0.00,0.02,0.03,0.05,221895,346822,469118,347694,422301,555603,644747220,722823578,870368954,647420464,723801583,870363712,0,129062,0,203.74,210.85,223.39
515,3,100,100,100,9524,9524,9524,87755,87755,87755,591,591,591,0.32,0.50,0.66,0.11,0.14,0.19,0.05,0.09,0.18,0.00,0.00,0.00,0.01,0.02,0.04,0.00,0.00,0.00,0.04,0.06,0.08,311867,496615,803174,361661,578633,985261,644727667,797239224,1242543829,647406061,798216179,1242543829,0,175145,0,256.22,277.19,292.90
516,0,100,100,100,9460,9460,9460,87819,87819,87819,591,591,591,0.93,0.94,0.95,0.19,0.20,0.22,0.14,0.15,0.16,0.00,0.00,0.00,0.04,0.04,0.05,0.00,0.00,0.00,0.07,0.09,0.11,465666,604526,986431,523560,658721,1046546,0,372573043,778168688,0,371410933,789347333,0,293161,0,486.52,488.20,490.39
516,1,100,100,100,10066,10066,10066,87214,87214,87214,591,591,591,0.69,0.88,0.96,0.17,0.21,0.24,0.09,0.12,0.13,0.00,0.00,0.00,0.02,0.03,0.04,0.00,0.00,0.00,0.07,0.09,0.11,335480,436335,717979,387893,494644,799210,0,367109655,751683009,0,367571437,748157845,0,262746,0,429.98,448.49,461.32
516,2,100,100,100,10069,10069,10069,87210,87210,87210,591,591,591,0.18,0.30,0.38,0.05,0.08,0.11,0.00,0.02,0.03,0.00,0.00,0.00,0.00,0.00,0.01,0.00,0.00,0.00,0.00,0.03,0.05,314480,558231,1179372,361671,608026,1192477,0,367124682,751727559,0,367567514,748134376,0,167102,0,196.29,208.37,224.33
516,3,100,100,100,9524,9524,9524,87755,87755,87755,591,591,591,0.18,0.45,0.62,0.05,0.12,0.16,0.00,0.04,0.07,0.00,0.00,0.00,0.00,0.01,0.02,0.00,0.00,0.00,0.00,0.05,0.08,281287,471316,820348,333701,521766,833452,0,307415200,751813857,0,307409681,748210165,0,221763,0,266.63,287.99,302.77
517,0,84,96,100,9460,9460,9460,87819,87819,87819,591,591,591,0.77,0.91,0.95,0.19,0.22,0.29,0.15,0.17,0.23,0.00,0.00,0.00,0.04,0.04,0.05,0.00,0.00,0.00,0.08,0.12,0.21,437658,591772,854348,500555,653097,867451,0,0,0,0,0,0,0,440706,0,485.35,488.79,491.85
517,1,100,100,100,10066,10066,10066,87214,87214,87214,591,591,591,0.18,0.52,0.74,0.05,0.15,0.25,0.00,0.08,0.22,0.00,0.00,0.00,0.00,0.02,0.04,0.00,0.00,0.00,0.00,0.07,0.19,356447,430832,516240,372173,473811,623696,0,0,0,0,0,0,0,305910,0,294.83,356.55,408.58
517,2,99,99,100,10069,10069,10069,87210,87210,87210,591,591,591,0.18,0.30,0.50,0.05,0.10,0.21,0.00,0.04,0.17,0.00,0.00,0.00,0.00,0.01,0.03,0.00,0.00,0.00,0.00,0.05,0.17,319757,404107,615857,332862,439748,631581,0,0,0,0,0,0,0,200977,0,164.91,192.27,234.49
517,3,70,94,100,9524,9524,9524,87755,87755,87755,591,591,591,0.18,0.36,0.52,0.05,0.11,0.22,0.00,0.05,0.17,0.00,0.00,0.00,0.00,0.01,0.04,0.00,0.00,0.00,0.00,0.05,0.17,301414,391524,526711,317139,429786,539813,0,0,0,0,0,0,0,210480,0,195.61,240.82,270.38
518,0,72,91,100,9460,9460,9460,87819,87819,87819,591,591,591,0.01,0.25,0.79,0.00,0.11,0.33,0.00,0.09,0.30,0.00,0.00,0.00,0.00,0.02,0.06,0.00,0.00,0.00,0.00,0.06,0.19,537296,1241728,2295678,550401,1398451,2531535,0,0,0,0,0,0,0,126454,0,230.74,364.11,481.54
518,1,0,48,100,10066,10066,10066,87214,87214,87214,591,591,591,0.00,0.24,0.79,0.00,0.11,0.34,0.00,0.08,0.29,0.00,0.00,0.00,0.00,0.02,0.06,0.00,0.00,0.00,0.00,0.06,0.19,314512,476475,707618,330237,634247,967078,0,0,0,0,0,0,0,149839,0,245.31,297.14,346.17
518,2,100,100,100,10069,10069,10069,87210,87210,87210,591,591,591,0.86,0.94,0.98,0.22,0.26,0.40,0.16,0.23,0.46,0.00,0.00,0.00,0.06,0.07,0.08,0.00,0.00,0.00,0.10,0.14,0.27,331161,490252,943437,344097,553115,993230,0,0,0,0,0,0,0,432092,0,289.76,427.21,528.61
518,3,97,98,100,9524,9524,9524,87755,87755,87755,591,591,591,0.89,0.94,0.95,0.27,0.32,0.36,0.17,0.32,0.41,0.00,0.00,0.00,0.06,0.11,0.16,0.00,0.00,0.00,0.09,0.14,0.24,314468,435027,642043,382621,519412,765211,0,0,0,0,0,0,0,403876,0,291.46,416.64,500.75
519,0,100,100,100,9460,9460,9460,87819,87819,87819,591,591,591,0.01,0.01,0.01,0.00,0.00,0.00,0.00,0.00,0.00,0.00,0.00,0.00,0.00,0.00,0.00,0.00,0.00,0.00,0.00,0.00,0.00,296712,412650,474504,307184,425752,487611,0,0,0,0,0,0,0,109559,0,136.75,143.96,169.92
519,1,100,100,100,10066,10066,10066,87214,87214,87214,591,591,591,0.01,0.01,0.01,0.00,0.00,0.00,0.00,0.00,0.00,0.00,0.00,0.00,0.00,0.00,0.00,0.00,0.00,0.00,0.00,0.00,0.00,206150,322508,484866,216633,335604,500592,0,0,0,0,0,0,0,120740,0,150.88,168.26,185.85
519,2,99,99,99,10069,10069,10069,87210,87210,87210,591,591,591,0.95,0.98,0.99,0.25,0.27,0.28,0.35,0.41,0.43,0.00,0.00,0.00,0.15,0.18,0.18,0.00,0.00,0.00,0.08,0.08,0.08,322348,379981,560785,361659,416320,590484,0,0,0,0,0,0,0,475748,0,528.53,534.00,535.73
519,3,47,79,100,9524,9524,9524,87755,87755,87755,591,591,591,0.01,0.27,0.69,0.00,0.12,0.26,0.00,0.08,0.26,0.00,0.00,0.00,0.00,0.02,0.09,0.00,0.00,0.00,0.00,0.08,0.14,204432,391018,592286,213169,697295,1006327,0,0,0,0,0,0,0,178214,0,217.34,368.44,479.92
520,0,99,99,100,9460,9460,9460,87819,87819,87819,591,591,591,0.01,0.08,0.35,0.00,0.03,0.16,0.00,0.02,0.09,0.00,0.00,0.00,0.00,0.00,0.01,0.00,0.00,0.00,0.00,0.02,0.10,424593,457598,534668,440318,529926,759944,0,8444291,42221455,0,33827477,169137388,0,156449,0,136.35,143.05,169.40
520,1,92,98,100,10066,10066,10066,87214,87214,87214,591,591,591,0.01,0.08,0.36,0.00,0.03,0.16,0.00,0.02,0.09,0.00,0.00,0.00,0.00,0.00,0.01,0.00,0.00,0.00,0.00,0.02,0.10,317136,394703,513701,330241,467035,670892,0,8470540,42352704,0,33855432,169277163,0,168488,0,149.34,156.38,182.66
520,2,72,83,99,10069,10069,10069,87210,87210,87210,591,591,591,0.53,0.74,0.99,0.27,0.30,0.41,0.13,0.25,0.43,0.00,0.00,0.00,0.01,0.08,0.18,0.00,0.00,0.00,0.08,0.19,0.34,327596,574935,1365445,563310,1183893,1402136,0,25401798,127008990,0,0,0,0,351854,0,456.05,492.20,529.20
520,3,100,100,100,9524,9524,9524,87755,87755,87755,591,591,591,0.01,0.09,0.44,0.00,0.05,0.25,0.00,0.02,0.09,0.00,0.00,0.00,0.00,0.00,0.01,0.00,0.00,0.00,0.00,0.04,0.21,319758,473328,815111,335483,593875,893605,0,25358475,126792379,0,0,0,0,190162,0,142.11,163.84,204.99
521,0,100,100,100,9460,9460,9460,87819,87819,87819,591,591,591,0.18,0.19,0.24,0.05,0.05,0.07,0.00,0.00,0.02,0.00,0.00,0.00,0.00,0.00,0.00,0.00,0.00,0.00,0.00,0.00,0.01,432422,799899,1934284,448146,817196,1947389,0,165235877,741466638,0,154076970,728029789,0,125357,0,151.86,168.42,178.60
521,1,100,100,100,10066,10066,10066,87214,87214,87214,591,591,591,0.18,0.19,0.24,0.05,0.05,0.07,0.00,0.00,0.02,0.00,0.00,0.00,0.00,0.00,0.00,0.00,0.00,0.00,0.00,0.00,0.01,298787,460226,781042,311892,477524,794147,0,165241846,741500177,0,154083001,728060480,0,135276,0,163.21,181.98,193.50
521,2,99,99,100,10069,10069,10070,87209,87209,87210,591,591,591,0.77,0.90,1.00,0.14,0.31,0.55,0.15,0.32,0.46,0.00,0.00,0.00,0.02,0.08,0.10,0.00,0.00,0.00,0.02,0.20,0.48,322333,506738,987511,338056,727331,1694748,0,169613046,721268158,0,152310962,761554811,0,408783,0,458.84,490.80,523.19
521,3,100,100,100,9524,9524,9524,87755,87755,87755,591,591,591,0.18,0.57,0.91,0.05,0.18,0.37,0.00,0.16,0.30,0.00,0.00,0.00,0.00,0.04,0.07,0.00,0.00,0.00,0.00,0.08,0.25,311866,557165,815030,348556,648364,1045646,0,148283721,741418608,0,187900445,728005741,0,178150,0,283.85,336.88,388.45
522,0,100,100,100,9460,9460,9460,87819,87819,87819,591,591,591,0.18,0.23,0.27,0.05,0.07,0.09,0.00,0.02,0.03,0.00,0.00,0.00,0.00,0.00,0.01,0.00,0.00,0.00,0.00,0.01,0.03,432459,450787,490098,450778,485906,521527,0,522230715,660844946,0,522230174,658168940,0,133643,0,153.23,161.80,168.00
522,1,100,100,100,10066,10066,10066,87214,87214,87214,591,591,591,0.18,0.23,0.25,0.05,0.07,0.08,0.00,0.02,0.02,0.00,0.00,0.00,0.00,0.00,0.00,0.00,0.00,0.00,0.00,0.01,0.02,317111,392862,545107,330215,427956,597521,0,521698000,660809514,0,521700645,658144093,0,142838,0,166.32,174.95,180.90
522,2,99,99,100,10070,10070,10070,87209,87209,87209,591,591,591,0.81,0.87,0.88,0.14,0.22,0.27,0.34,0.37,0.39,0.00,0.00,0.00,0.08,0.10,0.12,0.00,0.00,0.00,0.03,0.08,0.13,309195,383336,555586,361601,418420,581793,0,522151070,1305303520,0,522152099,1305295660,0,302659,0,503.62,506.89,513.40
522,3,100,100,100,9524,9524,9524,87755,87755,87755,591,591,591,0.21,0.53,0.76,0.05,0.15,0.21,0.01,0.15,0.24,0.00,0.00,0.00,0.00,0.04,0.06,0.00,0.00,0.00,0.00,0.05,0.08,298523,381485,581939,348277,418090,616017,0,519261464,660821241,0,519271565,658124429,0,241833,0,255.08,289.88,316.30
523,0,100,100,100,9460,9460,9460,87819,87819,87819,591,591,591,0.20,0.22,0.24,0.05,0.06,0.07,0.01,0.01,0.02,0.00,0.00,0.00,0.00,0.00,0.00,0.00,0.00,0.00,0.00,0.01,0.02,293269,514065,895323,313970,547482,928769,0,481588157,1281621687,0,482255814,1281619115,0,98178,0,159.58,163.16,167.82
523,1,100,100,100,10066,10066,10066,87214,87214,87214,591,591,591,0.18,0.22,0.26,0.05,0.07,0.08,0.00,0.01,0.03,0.00,0.00,0.00,0.00,0.00,0.01,0.00,0.00,0.00,0.00,0.01,0.02,306652,347035,400947,340724,382634,450738,0,487570172,1305585687,0,488238418,1305585687,0,106309,0,172.86,177.45,180.28
523,2,100,100,100,10070,10070,10070,87209,87209,87209,591,591,591,0.77,0.89,1.00,0.14,0.20,0.26,0.31,0.39,0.46,0.00,0.00,0.00,0.07,0.09,0.11,0.00,0.00,0.00,0.03,0.07,0.12,374760,581135,828128,416692,611054,850840,0,488555186,656758406,0,486548400,664788237,0,462485,0,508.55,512.31,515.21
523,3,100,100,100,9524,9524,9524,87755,87755,87755,591,591,591,0.22,0.45,0.76,0.07,0.12,0.22,0.01,0.11,0.24,0.00,0.00,0.00,0.00,0.03,0.06,0.00,0.00,0.00,0.01,0.04,0.08,0,466490,1137383,31451,497940,1153107,0,487561768,660783065,0,488232715,658094227,0,245485,0,280.26,305.82,326.95
524,0,100,100,100,9460,9460,9460,87819,87819,87819,591,591,591,0.18,0.23,0.28,0.05,0.07,0.09,0.00,0.02,0.04,0.00,0.00,0.00,0.00,0.00,0.01,0.00,0.00,0.00,0.00,0.01,0.03,429811,571861,885886,442915,607504,935684,0,522217754,660801733,0,522218829,658128512,0,146360,0,158.69,163.05,166.47
524,1,100,100,100,10066,10066,10066,87214,87214,87214,591,591,591,0.18,0.23,0.26,0.05,0.07,0.08,0.00,0.02,0.03,0.00,0.00,0.00,0.00,0.00,0.01,0.00,0.00,0.00,0.00,0.01,0.02,306631,406223,516300,324977,441865,532025,0,522216557,660798098,0,522216028,658122240,0,158616,0,172.63,178.32,180.84
524,2,100,100,100,10070,10070,10070,87209,87209,87209,591,591,591,0.76,0.86,0.95,0.13,0.22,0.27,0.31,0.37,0.42,0.00,0.00,0.00,0.08,0.10,0.11,0.00,0.00,0.00,0.02,0.09,0.14,338069,471187,623707,393104,508924,639431,0,522188048,1305450993,0,522186489,1305450993,0,403416,0,500.15,503.77,514.40
524,3,100,100,100,9524,9524,9524,87755,87755,87755,591,591,591,0.20,0.46,0.76,0.05,0.13,0.21,0.01,0.11,0.24,0.00,0.00,0.00,0.00,0.03,0.06,0.00,0.00,0.00,0.00,0.05,0.08,301410,463522,807194,348587,496369,838643,0,522203185,660804055,0,522204300,658120395,0,238895,0,290.63,308.73,318.36
525,0,100,100,100,9460,9460,9460,87819,87819,87819,591,591,591,0.18,0.21,0.24,0.05,0.06,0.07,0.00,0.01,0.02,0.00,0.00,0.00,0.00,0.00,0.00,0.00,0.00,0.00,0.00,0.01,0.01,416701,813507,2101987,450770,842335,2133438,0,393252912,660839110,0,392716751,658168380,0,124596,0,158.37,161.35,165.98
525,1,100,100,100,10066,10066,10066,87214,87214,87214,591,591,591,0.18,0.21,0.24,0.05,0.06,0.07,0.00,0.01,0.02,0.00,0.00,0.00,0.00,0.00,0.00,0.00,0.00,0.00,0.00,0.01,0.01,314520,601722,1336526,345972,632123,1349629,0,393271939,660852791,0,392738318,658174122,0,134569,0,171.76,175.42,180.09
525,2,100,100,100,10070,10070,10070,87209,87209,87209,591,591,591,0.85,0.87,0.88,0.17,0.21,0.24,0.35,0.37,0.39,0.00,0.00,0.00,0.07,0.09,0.12,0.00,0.00,0.00,0.04,0.08,0.11,327586,436553,557955,359034,469476,591535,0,390566008,656754403,0,392148924,664789362,0,409449,0,502.43,507.89,514.99
525,3,100,100,100,9524,9524,9524,87755,87755,87755,591,591,591,0.21,0.46,0.71,0.07,0.12,0.18,0.01,0.12,0.22,0.00,0.00,0.00,0.00,0.03,0.06,0.00,0.00,0.00,0.01,0.03,0.06,304035,426140,579199,332838,454969,613270,0,393265391,660822615,0,392729193,658136281,0,228905,0,279.63,300.65,324.01
526,0,100,100,100,9460,9460,9460,87819,87819,87819,591,591,591,0.19,0.24,0.28,0.05,0.07,0.08,0.00,0.01,0.02,0.00,0.00,0.00,0.00,0.00,0.00,0.00,0.00,0.00,0.00,0.01,0.02,435084,453412,500571,469121,524177,605426,0,416585644,756483667,0,418099959,750117764,0,131417,0,164.11,168.68,173.75
526,1,100,100,100,10066,10066,10066,87214,87214,87214,591,591,591,0.23,0.24,0.25,0.06,0.07,0.07,0.01,0.01,0.02,0.00,0.00,0.00,0.00,0.00,0.00,0.00,0.00,0.00,0.01,0.01,0.02,306658,404896,524167,359048,477004,610663,0,416583842,756470563,0,418096094,750112523,0,142765,0,176.41,181.34,187.82
526,2,99,99,100,10070,10070,10070,87209,87209,87209,591,591,591,0.78,0.90,0.99,0.16,0.19,0.21,0.14,0.32,0.46,0.00,0.00,0.00,0.04,0.09,0.13,0.00,0.00,0.00,0.04,0.07,0.09,146760,582288,1312866,201795,636798,1339070,0,418823417,746914976,0,414288787,766012144,0,447695,0,501.27,508.84,514.59
526,3,100,100,100,9524,9524,9524,87755,87755,87755,591,591,591,0.39,0.70,0.96,0.12,0.17,0.22,0.04,0.12,0.24,0.00,0.00,0.00,0.01,0.03,0.06,0.00,0.00,0.00,0.06,0.07,0.08,398362,966809,1535730,442916,1037780,1590765,0,413079950,756497539,0,414573770,750123745,0,282756,0,303.30,334.13,360.99
527,0,100,100,100,9460,9460,9461,87818,87818,87819,591,591,591,0.18,0.23,0.34,0.05,0.07,0.10,0.00,0.01,0.03,0.00,0.00,0.00,0.00,0.00,0.01,0.00,0.00,0.00,0.00,0.01,0.04,410598,497784,681375,419261,539353,778340,0,293708381,751771980,0,294062089,748173379,0,137200,0,158.94,163.60,165.69
527,1,100,100,100,10066,10066,10066,87214,87214,87214,591,591,591,0.18,0.23,0.34,0.05,0.07,0.10,0.00,0.01,0.03,0.00,0.00,0.00,0.00,0.00,0.01,0.00,0.00,0.00,0.00,0.01,0.04,209667,417224,581764,218403,457759,597583,0,293723520,751853831,0,294075653,748247365,0,145716,0,173.43,175.15,176.53
527,2,100,100,100,10070,10070,10070,87209,87209,87209,591,591,591,0.94,0.96,0.99,0.16,0.19,0.21,0.14,0.15,0.16,0.00,0.00,0.00,0.04,0.05,0.05,0.00,0.00,0.00,0.05,0.07,0.10,330203,527399,938047,356410,564609,987831,0,294171910,745984143,0,293094625,756700409,0,400426,0,490.21,494.26,496.92
527,3,100,100,100,9524,9524,9524,87755,87755,87755,591,591,591,0.35,0.56,0.93,0.08,0.13,0.24,0.03,0.06,0.13,0.00,0.00,0.00,0.01,0.02,0.03,0.00,0.00,0.00,0.01,0.05,0.11,303990,387865,484800,330196,428225,500523,0,293663934,751585286,0,294033938,748068429,0,205245,0,299.60,308.56,313.32
528,0,100,100,100,9461,9461,9461,87818,87818,87818,591,591,591,0.18,0.20,0.25,0.05,0.05,0.07,0.00,0.00,0.01,0.00,0.00,0.00,0.00,0.00,0.00,0.00,0.00,0.00,0.00,0.00,0.02,41934,811939,1766459,68142,830460,1797909,0,96296909,481484549,0,96060334,480301673,0,136311,0,149.08,155.20,164.70
528,1,100,100,100,10066,10066,10066,87214,87214,87214,591,591,591,0.18,0.20,0.29,0.05,0.06,0.08,0.00,0.00,0.02,0.00,0.00,0.00,0.00,0.00,0.00,0.00,0.00,0.00,0.00,0.01,0.03,311890,556682,1386495,324995,570311,1396979,0,144437233,722186169,0,144084450,720422253,0,147288,0,161.49,165.81,171.12
528,2,100,100,100,10070,10070,10070,87209,87209,87209,591,591,591,0.94,0.96,0.99,0.16,0.20,0.22,0.14,0.15,0.16,0.00,0.00,0.00,0.04,0.05,0.06,0.00,0.00,0.00,0.05,0.08,0.10,0,376346,799326,49477,417167,843879,0,143897546,719487733,0,144975175,724875879,0,299731,0,491.75,496.31,503.06
528,3,100,100,100,9524,9524,9524,87755,87755,87755,591,591,591,0.18,0.50,0.84,0.05,0.13,0.22,0.00,0.05,0.11,0.00,0.00,0.00,0.00,0.01,0.03,0.00,0.00,0.00,0.00,0.04,0.10,299683,474695,712898,312601,496685,767938,0,141689027,708445135,0,141326062,706630310,0,209500,0,239.96,276.88,329.79
529,0,100,100,100,9461,9461,9461,87818,87818,87818,591,591,591,0.18,0.19,0.22,0.05,0.05,0.06,0.00,0.00,0.01,0.00,0.00,0.00,0.00,0.00,0.00,0.00,0.00,0.00,0.00,0.00,0.01,427197,681917,1648556,440301,695545,1664281,0,269156933,708745186,0,259629112,708755670,0,165260,0,144.33,157.39,183.83
529,1,100,100,100,10066,10066,10066,87214,87214,87214,591,591,591,0.18,0.20,0.25,0.05,0.06,0.10,0.00,0.01,0.03,0.00,0.00,0.00,0.00,0.00,0.01,0.00,0.00,0.00,0.00,0.01,0.06,311891,427148,581569,327617,462781,704694,0,0,0,0,0,0,0,174481,0,155.92,168.44,195.31
529,2,100,100,100,10070,10070,10070,87209,87209,87209,591,591,591,0.93,0.95,0.99,0.16,0.19,0.22,0.14,0.15,0.16,0.00,0.00,0.00,0.04,0.04,0.05,0.00,0.00,0.00,0.05,0.07,0.11,335436,676655,1278900,348539,695989,1292003,0,258407610,726298558,0,286996714,726293187,0,440360,0,490.34,497.14,502.89
529,3,100,100,100,9524,9524,9524,87755,87755,87755,591,591,591,0.18,0.25,0.53,0.05,0.06,0.12,0.00,0.01,0.05,0.00,0.00,0.00,0.00,0.00,0.01,0.00,0.00,0.00,0.00,0.01,0.04,296132,489045,980227,311856,502672,990711,0,269234761,708917846,0,259707949,708915225,0,146070,0,176.41,220.05,249.69
530,0,80,87,100,9461,9461,9461,87818,87818,87818,591,591,591,0.01,0.47,0.85,0.00,0.21,0.35,0.00,0.16,0.29,0.00,0.00,0.00,0.00,0.04,0.08,0.00,0.00,0.00,0.00,0.13,0.21,519761,752474,1028226,532627,977315,1382248,0,0,0,0,0,0,0,173263,0,247.95,308.13,348.83
530,1,84,96,100,10066,10066,10066,87214,87214,87214,591,591,591,0.88,0.93,0.98,0.22,0.29,0.41,0.16,0.28,0.45,0.00,0.00,0.00,0.06,0.09,0.15,0.00,0.00,0.00,0.09,0.15,0.27,343703,513206,927721,356722,580804,940825,0,0,0,0,0,0,0,324094,0,271.00,397.88,537.69
530,2,61,86,99,10070,10070,10070,87209,87209,87209,591,591,591,0.45,0.77,0.92,0.22,0.31,0.38,0.13,0.25,0.35,0.00,0.00,0.00,0.02,0.07,0.13,0.00,0.00,0.00,0.13,0.17,0.22,332688,491073,699648,450748,746839,1394217,0,0,0,0,0,0,0,348645,0,459.08,486.12,496.22
530,3,77,94,100,9524,9524,9524,87755,87755,87755,591,591,591,0.56,0.85,0.93,0.24,0.30,0.34,0.16,0.29,0.37,0.00,0.00,0.00,0.04,0.09,0.15,0.00,0.00,0.00,0.11,0.16,0.22,343298,525144,696899,421917,631011,856714,0,0,0,0,0,0,0,399670,0,254.04,371.92,506.66
531,0,100,100,100,9461,9461,9461,87818,87818,87818,591,591,591,0.01,0.01,0.01,0.00,0.00,0.00,0.00,0.00,0.00,0.00,0.00,0.00,0.00,0.00,0.00,0.00,0.00,0.00,0.00,0.00,0.00,306645,393814,538161,322370,406968,548645,0,0,0,0,0,0,0,122712,0,136.15,165.10,243.63
531,1,85,96,100,10066,10066,10066,87214,87214,87214,591,591,591,0.60,0.89,0.97,0.28,0.30,0.32,0.15,0.36,0.42,0.00,0.00,0.00,0.01,0.14,0.17,0.00,0.00,0.00,0.08,0.12,0.23,180821,645701,1045477,327574,887853,1926245,0,0,0,0,0,0,0,468288,0,516.62,537.32,547.27
531,2,100,100,100,10070,10070,10070,87209,87209,87209,591,591,591,0.01,0.03,0.12,0.00,0.01,0.06,0.00,0.00,0.02,0.00,0.00,0.00,0.00,0.00,0.00,0.00,0.00,0.00,0.00,0.01,0.05,227147,406061,594921,234136,458305,610646,0,0,0,0,0,0,0,110271,0,137.57,233.17,385.29
531,3,48,79,100,9524,9524,9524,87755,87755,87755,591,591,591,0.01,0.25,0.74,0.00,0.11,0.30,0.00,0.08,0.27,0.00,0.00,0.00,0.00,0.02,0.09,0.00,0.00,0.00,0.00,0.07,0.14,317104,527443,1246333,332786,778551,1471992,0,0,0,0,0,0,0,170157,0,211.88,366.46,477.04
532,0,95,99,100,9461,9461,9461,87818,87818,87818,591,591,591,0.01,0.25,0.60,0.00,0.09,0.27,0.00,0.04,0.16,0.00,0.00,0.00,0.00,0.01,0.03,0.00,0.00,0.00,0.00,0.04,0.17,149371,731226,1402189,162473,826626,1805810,0,173710957,741482470,0,187939674,728045572,0,178653,0,151.99,191.56,214.45
532,1,75,95,100,10066,10066,10066,87214,87214,87214,591,591,591,0.56,0.80,0.92,0.20,0.33,0.51,0.14,0.26,0.39,0.00,0.00,0.00,0.01,0.05,0.09,0.00,0.00,0.00,0.07,0.22,0.43,474037,599565,946016,505790,1043400,1915617,0,195028531,721279266,0,152313337,761566686,0,415917,0,493.21,499.42,505.51
532,2,89,97,100,10070,10070,10070,87209,87209,87209,591,591,591,0.01,0.36,0.71,0.00,0.13,0.34,0.00,0.08,0.20,0.00,0.00,0.00,0.00,0.02,0.03,0.00,0.00,0.00,0.00,0.07,0.24,304360,384894,519843,320379,518784,911013,0,175989276,755313142,0,189867249,741635611,0,274782,0,155.23,235.20,282.86
532,3,94,98,100,9524,9524,9524,87755,87755,87755,591,591,591,0.01,0.51,0.87,0.00,0.19,0.45,0.00,0.15,0.35,0.00,0.00,0.00,0.00,0.03,0.08,0.00,0.00,0.00,0.00,0.11,0.36,400984,573406,925101,458642,751613,1671996,0,173673244,741426635,0,187902170,728000852,0,318865,0,196.96,288.31,370.15
533,0,100,100,100,9461,9461,9461,87818,87818,87818,591,591,591,0.19,0.27,0.38,0.05,0.08,0.12,0.00,0.03,0.07,0.00,0.00,0.00,0.00,0.01,0.02,0.00,0.00,0.00,0.00,0.02,0.04,314509,367430,487436,330234,410410,537228,0,651150992,1305507300,0,651685071,1305499438,0,155833,0,184.35,194.37,209.38
533,1,99,99,100,10066,10066,10066,87214,87214,87214,591,591,591,0.80,0.86,0.90,0.17,0.21,0.25,0.33,0.37,0.40,0.00,0.00,0.00,0.07,0.09,0.11,0.00,0.00,0.00,0.05,0.08,0.11,427183,761401,1365377,472953,800425,1399446,0,645391831,1305498811,0,643771375,1305504053,0,398453,0,499.13,508.23,520.88
533,2,100,100,100,10070,10070,10070,87209,87209,87209,591,591,591,0.32,0.37,0.46,0.09,0.11,0.14,0.05,0.08,0.11,0.00,0.00,0.00,0.01,0.02,0.03,0.00,0.00,0.00,0.02,0.04,0.06,309246,527800,1184572,340714,571303,1234366,0,651115629,1305535471,0,651654068,1305538092,0,201570,0,239.68,253.51,279.52
533,3,100,100,100,9524,9524,9524,87755,87755,87755,591,591,591,0.40,0.51,0.65,0.12,0.15,0.19,0.09,0.13,0.19,0.00,0.00,0.00,0.02,0.03,0.05,0.00,0.00,0.00,0.03,0.06,0.08,317122,433992,636818,332847,478545,689231,0,651146110,1305476771,0,651679219,1305476771,0,266346,0,310.36,336.36,360.58
534,0,100,100,100,9461,9461,9461,87818,87818,87818,591,591,591,0.26,0.28,0.31,0.08,0.09,0.10,0.03,0.04,0.05,0.00,0.00,0.00,0.01,0.01,0.01,0.00,0.00,0.00,0.02,0.03,0.03,311870,456891,636854,345940,496368,684028,644755725,708152923,866317504,647426318,707483138,866319243,0,158818,0,194.53,197.46,199.41
534,1,99,99,100,10066,10066,10066,87214,87214,87214,591,591,591,0.80,0.82,0.87,0.21,0.23,0.25,0.33,0.34,0.37,0.00,0.00,0.00,0.08,0.09,0.09,0.00,0.00,0.00,0.08,0.10,0.11,469099,576982,866558,518891,621970,899753,437830366,762199703,1305485050,443185208,763539089,1305485050,0,451653,0,495.64,500.24,504.67
534,2,100,100,100,10070,10070,10070,87209,87209,87209,591,591,591,0.35,0.40,0.49,0.10,0.12,0.15,0.07,0.09,0.12,0.00,0.00,0.00,0.01,0.02,0.03,0.00,0.00,0.00,0.03,0.04,0.06,209669,467784,720665,244614,511899,775698,429832100,764208216,1305479621,431624778,763311366,1305474380,0,207198,0,247.17,256.88,268.50
534,3,100,100,100,9524,9524,9524,87755,87755,87755,591,591,591,0.37,0.53,0.68,0.12,0.15,0.19,0.08,0.14,0.21,0.00,0.00,0.00,0.02,0.03,0.05,0.00,0.00,0.00,0.04,0.06,0.08,306631,457963,778351,340701,498583,828145,0,652730280,1305436701,0,652728289,1305439321,0,177990,0,312.92,333.58,358.68
535,0,100,100,100,9461,9461,9461,87818,87818,87818,591,591,591,0.26,0.28,0.30,0.08,0.09,0.09,0.03,0.04,0.04,0.00,0.00,0.00,0.01,0.01,0.01,0.00,0.00,0.00,0.02,0.02,0.03,149386,492160,1247401,196560,558724,1278848,644678418,651146640,660829344,647343494,651680714,658153381,0,166482,0,192.31,197.39,204.44
535,1,99,99,100,10066,10066,10066,87214,87214,87214,591,591,591,0.81,0.86,0.90,0.19,0.21,0.24,0.33,0.37,0.40,0.00,0.00,0.00,0.08,0.09,0.10,0.00,0.00,0.00,0.06,0.08,0.11,209652,1104872,1973320,235859,1147327,2012629,648706058,651932746,656776995,640676506,650325190,664809642,0,409006,0,498.74,503.73,507.75
535,2,100,100,100,10070,10070,10070,87209,87209,87209,591,591,591,0.32,0.40,0.46,0.11,0.12,0.14,0.05,0.08,0.11,0.00,0.00,0.00,0.01,0.02,0.02,0.00,0.00,0.00,0.03,0.04,0.05,306611,496316,974642,338058,562874,1144942,644523971,651118788,660868601,647219957,651657966,658176837,0,148281,0,249.82,257.46,263.14
535,3,100,100,100,9524,9524,9524,87755,87755,87755,591,591,591,0.34,0.59,0.76,0.11,0.16,0.21,0.07,0.15,0.24,0.00,0.00,0.00,0.02,0.04,0.06,0.00,0.00,0.00,0.04,0.06,0.09,511008,923018,1710796,670861,991209,1745533,0,764188381,1305415893,0,766589212,1305415893,0,270111,0,319.63,342.09,362.58
536,0,100,100,100,9461,9461,9461,87818,87818,87818,591,591,591,0.18,0.34,0.46,0.05,0.10,0.13,0.00,0.03,0.05,0.00,0.00,0.00,0.00,0.01,0.01,0.00,0.00,0.00,0.00,0.04,0.06,314501,398370,560861,335454,464765,609783,0,531245760,756477464,0,532819946,750124541,0,154941,0,200.87,205.99,211.82
536,1,100,100,100,10066,10066,10066,87214,87214,87214,591,591,591,0.86,0.92,0.95,0.18,0.20,0.23,0.15,0.20,0.40,0.00,0.00,0.00,0.04,0.06,0.11,0.00,0.00,0.00,0.06,0.09,0.11,449361,657081,1069989,493013,725893,1126712,0,431627495,746506983,0,425528461,765599226,0,299858,0,501.38,505.66,508.43
536,2,100,100,100,10070,10070,10070,87209,87209,87209,591,591,591,0.31,0.48,0.62,0.09,0.13,0.16,0.02,0.05,0.07,0.00,0.00,0.00,0.01,0.01,0.02,0.00,0.00,0.00,0.03,0.05,0.08,300533,479575,1082223,359613,540046,1158215,0,425753470,741444986,0,427787429,735195426,0,225403,0,261.50,269.42,277.33
536,3,100,100,100,9524,9524,9524,87755,87755,87755,591,591,591,0.34,0.71,0.93,0.09,0.17,0.23,0.03,0.09,0.12,0.00,0.00,0.00,0.01,0.02,0.03,0.00,0.00,0.00,0.03,0.07,0.11,332828,443962,705032,380008,504239,775797,0,444993013,756454547,0,444073660,750081005,0,280137,0,347.42,356.59,365.53
537,0,100,100,100,9461,9461,9461,87818,87818,87818,591,591,591,0.18,0.24,0.38,0.05,0.07,0.11,0.00,0.01,0.03,0.00,0.00,0.00,0.00,0.00,0.01,0.00,0.00,0.00,0.00,0.01,0.04,309269,364303,471742,324995,378980,487466,0,286191058,722164689,0,285835668,720387740,0,107339,0,163.08,178.76,191.32
537,1,100,100,100,10066,10066,10066,87214,87214,87214,591,591,591,0.94,0.94,0.95,0.19,0.20,0.22,0.15,0.15,0.16,0.00,0.00,0.00,0.04,0.04,0.05,0.00,0.00,0.00,0.08,0.09,0.11,419295,539481,730296,432398,582677,777468,0,437992778,761788657,0,441257996,772729246,0,463170,0,504.90,511.99,517.61
537,2,100,100,100,10070,10070,10070,87209,87209,87209,591,591,591,0.18,0.36,0.62,0.05,0.09,0.16,0.00,0.03,0.07,0.00,0.00,0.00,0.00,0.01,0.02,0.00,0.00,0.00,0.00,0.03,0.08,204413,359581,634260,214896,383693,705024,0,388391659,751682094,0,387441862,748156971,0,159983,0,190.65,228.53,265.26
537,3,100,100,100,9524,9524,9524,87755,87755,87755,591,591,591,0.18,0.50,0.75,0.05,0.13,0.19,0.00,0.05,0.09,0.00,0.00,0.00,0.00,0.01,0.03,0.00,0.00,0.00,0.00,0.05,0.09,330200,404122,484872,343304,426660,500597,0,286171434,722159786,0,285817654,720390885,0,214402,0,278.29,311.28,355.66
538,0,0,35,100,9457,9457,9461,87818,87821,87822,591,591,591,0.00,0.07,0.19,0.00,0.02,0.07,0.00,0.00,0.00,0.00,0.00,0.00,0.00,0.00,0.00,0.00,0.00,0.00,0.00,0.01,0.04,280442,393981,683876,293547,440332,780823,0,0,0,0,0,0,0,117471,0,144.86,155.10,169.58
538,1,0,42,100,10063,10064,10066,87214,87215,87216,591,591,591,0.00,0.33,0.94,0.00,0.07,0.21,0.00,0.05,0.16,0.00,0.00,0.00,0.00,0.01,0.04,0.00,0.00,0.00,0.00,0.04,0.10,26206,1254228,2804773,39309,1497291,3739697,0,0,0,0,0,0,0,180134,0,262.84,399.23,516.06
538,2,3,42,100,10070,10070,10070,87209,87209,87209,591,591,591,0.00,0.08,0.20,0.00,0.02,0.07,0.00,0.00,0.00,0.00,0.00,0.00,0.00,0.00,0.00,0.00,0.00,0.00,0.00,0.01,0.04,316818,1666033,2662206,397986,2255939,3668394,0,0,0,0,0,0,0,116395,0,144.16,165.78,191.75
538,3,0,42,100,9523,9523,9524,87755,87755,87756,591,591,591,0.00,0.06,0.18,0.00,0.02,0.05,0.00,0.00,0.00,0.00,0.00,0.00,0.00,0.00,0.00,0.00,0.00,0.00,0.00,0.01,0.03,267326,534044,1024526,280430,618865,1339632,0,1528752984,0,0,1518410954,0,0,121488,0,150.76,195.62,232.58
539,0,0,2,6,9453,9454,9457,87822,87825,87827,591,591,591,0.00,0.00,0.00,0.00,0.00,0.00,0.00,0.00,0.00,0.00,0.00,0.00,0.00,0.00,0.00,0.00,0.00,0.00,0.00,0.00,0.00,152005,526247,1299858,162488,554551,1362755,0,0,0,0,0,0,0,110432,0,137.52,139.00,144.10
539,1,0,3,13,10063,10063,10063,87216,87216,87216,591,591,591,0.00,0.00,0.00,0.00,0.00,0.00,0.00,0.00,0.00,0.00,0.00,0.00,0.00,0.00,0.00,0.00,0.00,0.00,0.00,0.00,0.00,377402,555088,911985,393127,569241,925088,0,0,0,0,0,0,0,122840,0,152.84,161.51,194.28
539,2,0,2,8,10070,10070,10070,87210,87210,87210,591,591,591,0.00,0.00,0.00,0.00,0.00,0.00,0.00,0.00,0.00,0.00,0.00,0.00,0.00,0.00,0.00,0.00,0.00,0.00,0.00,0.00,0.00,285673,824398,2567838,298777,1067565,3574011,0,0,0,0,0,0,0,111518,0,138.62,139.69,143.37
539,3,0,1,7,9523,9523,9523,87756,87756,87756,591,591,591,0.00,0.00,0.00,0.00,0.00,0.00,0.00,0.00,0.00,0.00,0.00,0.00,0.00,0.00,0.00,0.00,0.00,0.00,0.00,0.00,0.00,293532,345948,477005,309257,360100,490109,0,0,0,0,0,0,0,116567,0,144.36,145.66,149.92
540,0,0,2,13,9453,9453,9453,87827,87827,87827,591,591,591,0.00,0.00,0.00,0.00,0.00,0.00,0.00,0.00,0.00,0.00,0.00,0.00,0.00,0.00,0.00,0.00,0.00,0.00,0.00,0.00,0.00,311882,328132,340720,324986,343857,364309,0,524,2620,0,0,0,0,110570,0,137.39,137.79,138.29
540,1,0,57,100,10063,10063,10063,87216,87216,87216,591,591,591,0.00,0.00,0.01,0.00,0.00,0.00,0.00,0.00,0.00,0.00,0.00,0.00,0.00,0.00,0.00,0.00,0.00,0.00,0.00,0.00,0.00,403625,512048,722982,416729,526162,735846,0,0,0,0,514,2572,0,120908,0,150.94,151.98,152.77
540,2,0,14,71,10070,10070,10070,87210,87210,87210,591,591,591,0.00,0.00,0.01,0.00,0.00,0.00,0.00,0.00,0.00,0.00,0.00,0.00,0.00,0.00,0.00,0.00,0.00,0.00,0.00,0.00,0.00,304394,557749,1011355,317745,572200,1024222,0,0,0,0,0,0,0,124610,0,138.22,138.35,138.60
540,3,100,100,100,9523,9523,9523,87756,87756,87756,591,591,591,0.00,0.01,0.01,0.00,0.00,0.00,0.00,0.00,0.00,0.00,0.00,0.00,0.00,0.00,0.00,0.00,0.00,0.00,0.00,0.00,0.00,277819,306649,317135,290924,319753,332858,0,0,0,0,0,0,0,115366,0,143.98,144.46,145.23
541,0,0,4,13,9453,9453,9453,87827,87827,87827,591,591,591,0.00,0.00,0.00,0.00,0.00,0.00,0.00,0.00,0.00,0.00,0.00,0.00,0.00,0.00,0.00,0.00,0.00,0.00,0.00,0.00,0.00,306635,422616,639512,322360,435720,652616,0,0,0,0,0,0,0,109079,0,135.96,136.50,136.98
541,1,100,100,100,10063,10063,10063,87216,87216,87216,591,591,591,0.01,0.01,0.01,0.00,0.00,0.00,0.00,0.00,0.00,0.00,0.00,0.00,0.00,0.00,0.00,0.00,0.00,0.00,0.00,0.00,0.00,424587,683623,1251050,440313,696073,1261534,0,0,0,0,0,0,0,134700,0,149.51,149.92,150.40
541,2,100,100,100,10070,10070,10070,87210,87210,87210,591,591,591,0.01,0.01,0.01,0.00,0.00,0.00,0.00,0.00,0.00,0.00,0.00,0.00,0.00,0.00,0.00,0.00,0.00,0.00,0.00,0.00,0.00,306633,311232,317134,319737,324992,330238,0,0,0,0,0,0,0,110302,0,137.55,137.79,138.02
541,3,100,100,100,9523,9523,9523,87756,87756,87756,591,591,591,0.01,0.01,0.01,0.00,0.00,0.00,0.00,0.00,0.00,0.00,0.00,0.00,0.00,0.00,0.00,0.00,0.00,0.00,0.00,0.00,0.00,304029,331548,393140,317133,345963,408866,0,0,0,0,0,0,0,85992,0,142.76,143.23,143.48
542,0,0,4,19,9453,9453,9453,87827,87827,87827,591,591,591,0.00,0.00,0.00,0.00,0.00,0.00,0.00,0.00,0.00,0.00,0.00,0.00,0.00,0.00,0.00,0.00,0.00,0.00,0.00,0.00,0.00,295952,322327,364305,308932,335930,377409,0,0,0,0,0,0,0,108189,0,135.03,135.44,135.97
542,1,100,100,100,10063,10063,10063,87216,87216,87216,591,591,591,0.01,0.01,0.01,0.00,0.00,0.00,0.00,0.00,0.00,0.00,0.00,0.00,0.00,0.00,0.00,0.00,0.00,0.00,0.00,0.00,0.00,416732,489063,741729,429837,502692,754833,0,0,0,0,0,0,0,119798,0,149.36,149.50,149.60
542,2,100,100,100,10070,10070,10070,87210,87210,87210,591,591,591,0.01,0.01,0.01,0.00,0.00,0.00,0.00,0.00,0.00,0.00,0.00,0.00,0.00,0.00,0.00,0.00,0.00,0.00,0.00,0.00,0.00,301406,370426,567866,311890,382832,580097,0,0,0,0,0,0,0,110377,0,137.43,137.47,137.52
542,3,100,100,100,9523,9523,9523,87756,87756,87756,591,591,591,0.01,0.01,0.01,0.00,0.00,0.00,0.00,0.00,0.00,0.00,0.00,0.00,0.00,0.00,0.00,0.00,0.00,0.00,0.00,0.00,0.00,304025,385271,608052,317130,399424,623777,0,0,0,0,0,0,0,128443,0,142.36,142.54,142.73
543,0,0,0,3,9453,9840,10421,86859,87439,87827,591,591,591,0.00,0.00,0.00,0.00,0.00,0.00,0.00,0.00,0.00,0.00,0.00,0.00,0.00,0.00,0.00,0.00,0.00,0.00,0.00,0.00,0.00,131041,499530,1307829,359022,919920,2738841,0,0,0,0,0,0,0,107832,0,134.55,134.74,134.94
543,1,0,51,100,10063,10450,11031,86248,86828,87216,591,591,591,0.00,0.00,0.01,0.00,0.00,0.00,0.00,0.00,0.00,0.00,0.00,0.00,0.00,0.00,0.00,0.00,0.00,0.00,0.00,0.00,0.00,416728,486971,592340,432453,935674,1884440,0,0,0,0,0,0,0,89468,0,149.05,149.24,149.34
543,2,0,40,100,10070,10457,11038,86242,86822,87210,591,591,591,0.00,0.00,0.01,0.00,0.00,0.00,0.00,0.00,0.00,0.00,0.00,0.00,0.00,0.00,0.00,0.00,0.00,0.00,0.00,0.00,0.00,296162,316610,345969,319758,864911,1404845,0,0,0,0,0,0,0,82516,0,137.33,137.44,137.50
543,3,0,53,100,9523,9910,10491,86788,87368,87756,591,591,591,0.00,0.00,0.01,0.00,0.00,0.00,0.00,0.00,0.00,0.00,0.00,0.00,0.00,0.00,0.00,0.00,0.00,0.00,0.00,0.00,0.00,296141,396263,535092,337365,946200,1362889,0,0,0,0,0,0,0,113296,0,141.49,142.01,142.31
545,0,0,0,0,10421,10424,10426,86853,86855,86859,591,591,591,0.00,0.00,0.00,0.00,0.00,0.00,0.00,0.00,0.00,0.00,0.00,0.00,0.00,0.00,0.00,0.00,0.00,0.00,0.00,0.00,0.00,311872,463462,988088,324976,558601,1192505,0,0,0,0,0,0,0,216074,0,134.58,134.66,134.79
545,1,0,0,0,11031,11031,11031,86248,86248,86248,591,591,591,0.00,0.00,0.00,0.00,0.00,0.00,0.00,0.00,0.00,0.00,0.00,0.00,0.00,0.00,0.00,0.00,0.00,0.00,0.00,0.00,0.00,410257,719127,2091546,425642,797483,2109893,0,0,0,0,0,0,0,283207,0,148.62,148.81,148.99
545,2,0,0,0,11038,11038,11038,86242,86242,86242,591,591,591,0.00,0.00,0.00,0.00,0.00,0.00,0.00,0.00,0.00,0.00,0.00,0.00,0.00,0.00,0.00,0.00,0.00,0.00,0.00,0.00,0.00,306650,484769,1488077,322376,513175,1609711,0,0,0,0,0,0,0,260706,0,136.81,136.95,137.20
545,3,0,0,0,10491,10491,10491,86788,86788,86788,591,591,591,0.00,0.00,0.00,0.00,0.00,0.00,0.00,0.00,0.00,0.00,0.00,0.00,0.00,0.00,0.00,0.00,0.00,0.00,0.00,0.00,0.00,296166,440572,985424,309271,469402,1105981,0,0,0,0,0,0,0,255381,0,141.30,141.52,141.63
546,0,0,3,10,10426,10426,10426,86853,86853,86853,591,591,591,0.00,0.00,0.00,0.00,0.00,0.00,0.00,0.00,0.00,0.00,0.00,0.00,0.00,0.00,0.00,0.00,0.00,0.00,0.00,0.00,0.00,0,825565,2078313,1695746,1936825,2177904,0,0,0,0,0,0,0,69202,0,135.21,136.35,137.33
546,1,0,3,11,11031,11031,11031,86248,86248,86248,591,591,591,0.00,0.00,0.00,0.00,0.00,0.00,0.00,0.00,0.00,0.00,0.00,0.00,0.00,0.00,0.00,0.00,0.00,0.00,0.00,0.00,0.00,295288,1513148,2731009,356443,2037771,3719099,0,0,0,0,0,0,0,60845,0,148.59,149.44,150.25
546,2,0,4,12,11038,11038,11038,86242,86242,86242,591,591,591,0.00,0.00,0.00,0.00,0.00,0.00,0.00,0.00,0.00,0.00,0.00,0.00,0.00,0.00,0.00,0.00,0.00,0.00,0.00,0.00,0.00,580099,1225700,1871301,1963032,3770644,6649343,0,0,0,0,0,0,0,56625,0,137.23,138.38,139.35
546,3,0,0,0,10491,10491,10491,86788,86788,86788,591,591,591,0.00,0.00,0.00,0.00,0.00,0.00,0.00,0.00,0.00,0.00,0.00,0.00,0.00,0.00,0.00,0.00,0.00,0.00,0.00,0.00,0.00,454294,1173801,1893309,1995437,2353614,2711791,0,0,0,0,0,0,0,72537,0,141.67,142.57,143.31
547,0,0,0,0,10426,75558,97270,9,21720,86853,591,591,591,0.00,0.00,0.00,0.00,0.00,0.00,0.00,0.00,0.00,0.00,0.00,0.00,0.00,0.00,0.00,0.00,0.00,0.00,0.00,0.00,0.00,176114,1029352,2683251,2620914,4394351,6189296,0,0,0,0,0,0,0,111071,0,138.53,138.67,138.77
547,1,0,0,0,97269,97270,97271,8,9,10,591,591,591,0.00,0.00,0.00,0.00,0.00,0.00,0.00,0.00,0.00,0.00,0.00,0.00,0.00,0.00,0.00,0.00,0.00,0.00,0.00,0.00,0.00,618528,807888,1037852,3719843,4482998,5859357,0,0,0,0,0,0,0,106806,0,152.25,152.43,152.53
547,2,0,0,0,11038,54156,97274,6,43124,86242,591,591,591,0.00,0.00,0.00,0.00,0.00,0.00,0.00,0.00,0.00,0.00,0.00,0.00,0.00,0.00,0.00,0.00,0.00,0.00,0.00,0.00,0.00,50307,955546,2468907,4276975,4765387,5467254,0,0,0,0,0,0,0,113230,0,141.11,141.12,141.13
547,3,0,0,0,97271,97272,97273,6,7,8,591,591,591,0.00,0.00,0.00,0.00,0.00,0.00,0.00,0.00,0.00,0.00,0.00,0.00,0.00,0.00,0.00,0.00,0.00,0.00,0.00,0.00,0.00,673584,872432,1217845,2770347,4075822,5471171,0,0,0,0,0,0,0,101213,0,144.56,144.66,144.79
