timestamp,gpuId,DCGM_FI_DEV_GPU_UTIL_min,DCGM_FI_DEV_GPU_UTIL_avg,DCGM_FI_DEV_GPU_UTIL_max,DCGM_FI_DEV_FB_FREE_min,DCGM_FI_DEV_FB_FREE_avg,DCGM_FI_DEV_FB_FREE_max,DCGM_FI_DEV_FB_USED_min,DCGM_FI_DEV_FB_USED_avg,DCGM_FI_DEV_FB_USED_max,DCGM_FI_DEV_FB_RESERVED_min,DCGM_FI_DEV_FB_RESERVED_avg,DCGM_FI_DEV_FB_RESERVED_max,DCGM_FI_PROF_SM_ACTIVE_min,DCGM_FI_PROF_SM_ACTIVE_avg,DCGM_FI_PROF_SM_ACTIVE_max,DCGM_FI_PROF_SM_OCCUPANCY_min,DCGM_FI_PROF_SM_OCCUPANCY_avg,DCGM_FI_PROF_SM_OCCUPANCY_max,DCGM_FI_PROF_PIPE_TENSOR_ACTIVE_min,DCGM_FI_PROF_PIPE_TENSOR_ACTIVE_avg,DCGM_FI_PROF_PIPE_TENSOR_ACTIVE_max,DCGM_FI_PROF_PIPE_FP64_ACTIVE_min,DCGM_FI_PROF_PIPE_FP64_ACTIVE_avg,DCGM_FI_PROF_PIPE_FP64_ACTIVE_max,DCGM_FI_PROF_PIPE_FP32_ACTIVE_min,DCGM_FI_PROF_PIPE_FP32_ACTIVE_avg,DCGM_FI_PROF_PIPE_FP32_ACTIVE_max,DCGM_FI_PROF_PIPE_FP16_ACTIVE_min,DCGM_FI_PROF_PIPE_FP16_ACTIVE_avg,DCGM_FI_PROF_PIPE_FP16_ACTIVE_max,DCGM_FI_PROF_DRAM_ACTIVE_min,DCGM_FI_PROF_DRAM_ACTIVE_avg,DCGM_FI_PROF_DRAM_ACTIVE_max,DCGM_FI_PROF_PCIE_TX_BYTES_min,DCGM_FI_PROF_PCIE_TX_BYTES_avg,DCGM_FI_PROF_PCIE_TX_BYTES_max,DCGM_FI_PROF_PCIE_RX_BYTES_min,DCGM_FI_PROF_PCIE_RX_BYTES_avg,DCGM_FI_PROF_PCIE_RX_BYTES_max,DCGM_FI_PROF_NVLINK_RX_BYTES_min,DCGM_FI_PROF_NVLINK_RX_BYTES_avg,DCGM_FI_PROF_NVLINK_RX_BYTES_max,DCGM_FI_PROF_NVLINK_TX_BYTES_min,DCGM_FI_PROF_NVLINK_TX_BYTES_avg,DCGM_FI_PROF_NVLINK_TX_BYTES_max,DCGM_FI_DEV_TOTAL_ENERGY_CONSUMPTION_min,DCGM_FI_DEV_TOTAL_ENERGY_CONSUMPTION_avg,DCGM_FI_DEV_TOTAL_ENERGY_CONSUMPTION_max,DCGM_FI_DEV_POWER_USAGE_min,DCGM_FI_DEV_POWER_USAGE_avg,DCGM_FI_DEV_POWER_USAGE_max
1,0,0,0,0,97247,97247,97247,32,32,32,591,591,591,0.00,0.00,0.00,0.00,0.00,0.00,0.00,0.00,0.00,0.00,0.00,0.00,0.00,0.00,0.00,0.00,0.00,0.00,0.00,0.00,0.00,322318,792897,1588031,338041,819890,1648302,0,0,0,0,0,0,0,82893,0,91.73,91.76,91.81
1,1,0,0,0,97269,97269,97269,10,10,10,591,591,591,0.00,0.00,0.00,0.00,0.00,0.00,0.00,0.00,0.00,0.00,0.00,0.00,0.00,0.00,0.00,0.00,0.00,0.00,0.00,0.00,0.00,240194,713119,1553962,244858,733967,1574926,0,0,0,0,0,0,0,39753,0,48.83,48.84,48.85
1,2,0,0,0,97253,97253,97253,26,26,26,591,591,591,0.00,0.00,0.00,0.00,0.00,0.00,0.00,0.00,0.00,0.00,0.00,0.00,0.00,0.00,0.00,0.00,0.00,0.00,0.00,0.00,0.00,311839,629445,1360065,330183,653338,1412476,0,0,0,0,0,0,0,78281,0,97.48,97.49,97.50
1,3,0,0,0,97253,97253,97253,26,26,26,591,591,591,0.00,0.00,0.00,0.00,0.00,0.00,0.00,0.00,0.00,0.00,0.00,0.00,0.00,0.00,0.00,0.00,0.00,0.00,0.00,0.00,0.00,204788,676008,2083322,209248,699901,2143594,0,0,0,0,0,0,0,62560,0,77.95,77.99,78.02
2,0,0,0,0,97247,97247,97247,32,32,32,591,591,591,0.00,0.00,0.00,0.00,0.00,0.00,0.00,0.00,0.00,0.00,0.00,0.00,0.00,0.00,0.00,0.00,0.00,0.00,0.00,0.00,0.00,13102,435520,890964,31445,454912,909308,0,0,0,0,0,0,0,73613,0,91.56,91.67,91.78
2,1,0,0,0,97269,97269,97269,10,10,10,591,591,591,0.00,0.00,0.00,0.00,0.00,0.00,0.00,0.00,0.00,0.00,0.00,0.00,0.00,0.00,0.00,0.00,0.00,0.00,0.00,0.00,0.00,421903,461194,529282,437626,480061,550244,0,0,0,0,0,0,0,40154,0,48.81,48.83,48.84
2,2,0,0,0,97253,97253,97253,26,26,26,591,591,591,0.00,0.00,0.00,0.00,0.00,0.00,0.00,0.00,0.00,0.00,0.00,0.00,0.00,0.00,0.00,0.00,0.00,0.00,0.00,0.00,0.00,311843,405651,634148,332807,424518,652491,0,0,0,0,0,0,0,78335,0,97.41,97.46,97.49
2,3,0,0,0,97253,97253,97253,26,26,26,591,591,591,0.00,0.00,0.00,0.00,0.00,0.00,0.00,0.00,0.00,0.00,0.00,0.00,0.00,0.00,0.00,0.00,0.00,0.00,0.00,0.00,0.00,317085,368967,440237,338050,387311,458580,0,0,0,0,0,0,0,70356,0,77.85,77.94,78.00
3,0,0,0,0,97247,97247,97247,32,32,32,591,591,591,0.00,0.00,0.00,0.00,0.00,0.00,0.00,0.00,0.00,0.00,0.00,0.00,0.00,0.00,0.00,0.00,0.00,0.00,0.00,0.00,0.00,317082,337518,406181,335426,355862,424524,0,0,0,0,0,0,0,73671,0,91.55,91.59,91.64
3,1,0,0,0,97269,97269,97269,10,10,10,591,591,591,0.00,0.00,0.00,0.00,0.00,0.00,0.00,0.00,0.00,0.00,0.00,0.00,0.00,0.00,0.00,0.00,0.00,0.00,0.00,0.00,0.00,400926,441602,542432,419269,459891,560775,0,0,0,0,0,0,0,40083,0,48.84,48.87,48.90
3,2,0,0,0,97253,97253,97253,26,26,26,591,591,591,0.00,0.00,0.00,0.00,0.00,0.00,0.00,0.00,0.00,0.00,0.00,0.00,0.00,0.00,0.00,0.00,0.00,0.00,0.00,0.00,0.00,112682,410887,888354,128405,428706,906697,0,0,0,0,0,0,0,88127,0,97.37,97.40,97.45
3,3,0,0,0,97253,97253,97253,26,26,26,591,591,591,0.00,0.00,0.00,0.00,0.00,0.00,0.00,0.00,0.00,0.00,0.00,0.00,0.00,0.00,0.00,0.00,0.00,0.00,0.00,0.00,0.00,18343,370538,867390,36687,388358,885734,0,0,0,0,0,0,0,62646,0,77.79,77.83,77.86
4,0,0,0,0,97247,97247,97247,32,32,32,591,591,591,0.00,0.00,0.00,0.00,0.00,0.00,0.00,0.00,0.00,0.00,0.00,0.00,0.00,0.00,0.00,0.00,0.00,0.00,0.00,0.00,0.00,317082,363720,432388,335426,382064,450732,0,0,0,0,0,0,0,73939,0,91.68,91.80,91.99
4,1,0,0,0,97269,97269,97269,10,10,10,591,591,591,0.00,0.00,0.00,0.00,0.00,0.00,0.00,0.00,0.00,0.00,0.00,0.00,0.00,0.00,0.00,0.00,0.00,0.00,0.00,0.00,0.00,102200,389929,586995,120544,408273,605339,0,0,0,0,0,0,0,44874,0,48.77,48.81,48.85
4,2,0,0,0,97253,97253,97253,26,26,26,591,591,591,0.00,0.00,0.00,0.00,0.00,0.00,0.00,0.00,0.00,0.00,0.00,0.00,0.00,0.00,0.00,0.00,0.00,0.00,0.00,0.00,0.00,297519,352589,414040,313042,370781,432384,0,0,0,0,0,0,0,79082,0,97.41,97.66,98.04
4,3,0,0,0,97253,97253,97253,26,26,26,591,591,591,0.00,0.00,0.00,0.00,0.00,0.00,0.00,0.00,0.00,0.00,0.00,0.00,0.00,0.00,0.00,0.00,0.00,0.00,0.00,0.00,0.00,317080,350613,450727,335424,369481,469071,0,0,0,0,0,0,0,62983,0,77.87,78.04,78.23
5,0,0,0,0,97247,97247,97247,32,32,32,591,591,591,0.00,0.00,0.00,0.00,0.00,0.00,0.00,0.00,0.00,0.00,0.00,0.00,0.00,0.00,0.00,0.00,0.00,0.00,0.00,0.00,0.00,324941,482463,923604,340665,500207,943136,0,0,0,0,0,0,0,82908,0,91.72,91.85,91.95
5,1,0,0,0,97269,97269,97269,10,10,10,591,591,591,0.00,0.00,0.00,0.00,0.00,0.00,0.00,0.00,0.00,0.00,0.00,0.00,0.00,0.00,0.00,0.00,0.00,0.00,0.00,0.00,0.00,324945,454899,830596,343289,473242,846317,0,0,0,0,0,0,0,40094,0,48.84,48.87,48.92
5,2,0,0,0,97253,97253,97253,26,26,26,591,591,591,0.00,0.00,0.00,0.00,0.00,0.00,0.00,0.00,0.00,0.00,0.00,0.00,0.00,0.00,0.00,0.00,0.00,0.00,0.00,0.00,0.00,419280,540902,827979,437624,559362,846320,0,0,0,0,0,0,0,58763,0,97.47,97.77,97.99
5,3,0,0,0,97253,97253,97253,26,26,26,591,591,591,0.00,0.00,0.00,0.00,0.00,0.00,0.00,0.00,0.00,0.00,0.00,0.00,0.00,0.00,0.00,0.00,0.00,0.00,0.00,0.00,0.00,310426,387304,555545,326482,405571,573888,0,0,0,0,0,0,0,46785,0,77.87,78.08,78.23
6,0,0,0,0,97247,97247,97247,32,32,32,591,591,591,0.00,0.00,0.00,0.00,0.00,0.00,0.00,0.00,0.00,0.00,0.00,0.00,0.00,0.00,0.00,0.00,0.00,0.00,0.00,0.00,0.00,317080,360569,421834,338039,379436,440175,0,0,0,0,0,0,0,55316,0,91.72,91.73,91.75
6,1,0,0,0,97269,97269,97269,10,10,10,591,591,591,0.00,0.00,0.00,0.00,0.00,0.00,0.00,0.00,0.00,0.00,0.00,0.00,0.00,0.00,0.00,0.00,0.00,0.00,0.00,0.00,0.00,319702,396742,673458,340666,415085,694421,0,0,0,0,0,0,0,30216,0,48.85,48.87,48.89
6,2,0,0,0,97253,97253,97253,26,26,26,591,591,591,0.00,0.00,0.00,0.00,0.00,0.00,0.00,0.00,0.00,0.00,0.00,0.00,0.00,0.00,0.00,0.00,0.00,0.00,0.00,0.00,0.00,408792,471163,697050,427136,489507,715393,0,0,0,0,0,0,0,88141,0,97.48,97.52,97.56
6,3,0,0,0,97253,97253,97253,26,26,26,591,591,591,0.00,0.00,0.00,0.00,0.00,0.00,0.00,0.00,0.00,0.00,0.00,0.00,0.00,0.00,0.00,0.00,0.00,0.00,0.00,0.00,0.00,319695,449136,830614,338038,467479,848955,0,0,0,0,0,0,0,70437,0,77.77,77.83,77.87
7,0,0,0,0,97247,97247,97247,32,32,32,591,591,591,0.00,0.00,0.00,0.00,0.00,0.00,0.00,0.00,0.00,0.00,0.00,0.00,0.00,0.00,0.00,0.00,0.00,0.00,0.00,0.00,0.00,251558,330181,421901,265534,347127,437624,0,0,0,0,0,0,0,73761,0,91.71,91.76,91.78
7,1,0,0,0,97269,97269,97269,10,10,10,591,591,591,0.00,0.00,0.00,0.00,0.00,0.00,0.00,0.00,0.00,0.00,0.00,0.00,0.00,0.00,0.00,0.00,0.00,0.00,0.00,0.00,0.00,314459,353615,406172,335423,372425,424515,0,0,0,0,0,0,0,40089,0,48.82,48.84,48.85
7,2,0,0,0,97253,97253,97253,26,26,26,591,591,591,0.00,0.00,0.00,0.00,0.00,0.00,0.00,0.00,0.00,0.00,0.00,0.00,0.00,0.00,0.00,0.00,0.00,0.00,0.00,0.00,0.00,411420,723266,1357439,427143,741609,1375783,0,0,0,0,0,0,0,78369,0,97.47,97.50,97.55
7,3,0,0,0,97253,97253,97253,26,26,26,591,591,591,0.00,0.00,0.00,0.00,0.00,0.00,0.00,0.00,0.00,0.00,0.00,0.00,0.00,0.00,0.00,0.00,0.00,0.00,0.00,0.00,0.00,319703,383641,526705,335427,401984,545048,0,0,0,0,0,0,0,62414,0,77.79,77.84,77.91
8,0,0,0,0,97247,97247,97247,32,32,32,591,591,591,0.00,0.00,0.00,0.00,0.00,0.00,0.00,0.00,0.00,0.00,0.00,0.00,0.00,0.00,0.00,0.00,0.00,0.00,0.00,0.00,0.00,317083,349050,453351,335426,367394,471695,0,0,0,0,0,0,0,73668,0,91.67,91.75,91.80
8,1,0,0,0,97269,97269,97269,10,10,10,591,591,591,0.00,0.00,0.00,0.00,0.00,0.00,0.00,0.00,0.00,0.00,0.00,0.00,0.00,0.00,0.00,0.00,0.00,0.00,0.00,0.00,0.00,351140,482693,828075,369484,501037,843798,0,0,0,0,0,0,0,44902,0,48.74,48.76,48.80
8,2,0,0,0,97253,97253,97253,26,26,26,591,591,591,0.00,0.00,0.00,0.00,0.00,0.00,0.00,0.00,0.00,0.00,0.00,0.00,0.00,0.00,0.00,0.00,0.00,0.00,0.00,0.00,0.00,269717,456505,764858,283461,473920,782824,0,0,0,0,0,0,0,78449,0,97.42,97.49,97.56
8,3,0,0,0,97253,97253,97253,26,26,26,591,591,591,0.00,0.00,0.00,0.00,0.00,0.00,0.00,0.00,0.00,0.00,0.00,0.00,0.00,0.00,0.00,0.00,0.00,0.00,0.00,0.00,0.00,197384,354437,592238,209611,372553,613202,0,0,0,0,0,0,0,62540,0,77.68,77.77,77.84
9,0,0,0,0,97247,97247,97247,32,32,32,591,591,591,0.00,0.00,0.00,0.00,0.00,0.00,0.00,0.00,0.00,0.00,0.00,0.00,0.00,0.00,0.00,0.00,0.00,0.00,0.00,0.00,0.00,322315,487126,846486,340658,505285,864333,0,0,0,0,0,0,0,73586,0,91.55,91.62,91.68
9,1,0,0,0,97269,97269,97269,10,10,10,591,591,591,0.00,0.00,0.00,0.00,0.00,0.00,0.00,0.00,0.00,0.00,0.00,0.00,0.00,0.00,0.00,0.00,0.00,0.00,0.00,0.00,0.00,317079,359005,497882,338042,377873,516225,0,0,0,0,0,0,0,40059,0,48.75,48.77,48.79
9,2,0,0,0,97253,97253,97253,26,26,26,591,591,591,0.00,0.00,0.00,0.00,0.00,0.00,0.00,0.00,0.00,0.00,0.00,0.00,0.00,0.00,0.00,0.00,0.00,0.00,0.00,0.00,0.00,416656,535095,862090,435000,553962,883052,0,0,0,0,0,0,0,78534,0,97.48,97.52,97.58
9,3,0,0,0,97253,97253,97253,26,26,26,591,591,591,0.00,0.00,0.00,0.00,0.00,0.00,0.00,0.00,0.00,0.00,0.00,0.00,0.00,0.00,0.00,0.00,0.00,0.00,0.00,0.00,0.00,319701,366863,429758,338045,385206,448101,0,0,0,0,0,0,0,70425,0,77.85,77.95,78.00
10,0,0,0,0,97247,97247,97247,32,32,32,591,591,591,0.00,0.00,0.00,0.00,0.00,0.00,0.00,0.00,0.00,0.00,0.00,0.00,0.00,0.00,0.00,0.00,0.00,0.00,0.00,0.00,0.00,319688,343282,421902,338032,362150,440245,0,0,0,0,0,0,0,73520,0,91.52,91.59,91.67
10,1,0,0,0,97269,97269,97269,10,10,10,591,591,591,0.00,0.00,0.00,0.00,0.00,0.00,0.00,0.00,0.00,0.00,0.00,0.00,0.00,0.00,0.00,0.00,0.00,0.00,0.00,0.00,0.00,223612,340827,432333,234094,358122,450675,0,0,0,0,0,0,0,40145,0,48.84,48.87,48.90
10,2,0,0,0,97253,97253,97253,26,26,26,591,591,591,0.00,0.00,0.00,0.00,0.00,0.00,0.00,0.00,0.00,0.00,0.00,0.00,0.00,0.00,0.00,0.00,0.00,0.00,0.00,0.00,0.00,421916,636250,1333850,437640,654593,1349573,0,0,0,0,0,0,0,88073,0,97.27,97.37,97.46
10,3,0,0,0,97253,97253,97253,26,26,26,591,591,591,0.00,0.00,0.00,0.00,0.00,0.00,0.00,0.00,0.00,0.00,0.00,0.00,0.00,0.00,0.00,0.00,0.00,0.00,0.00,0.00,0.00,317075,426615,835937,335419,444959,856901,0,0,0,0,0,0,0,62571,0,77.79,77.89,77.97
11,0,0,0,0,97247,97247,97247,32,32,32,591,591,591,0.00,0.00,0.00,0.00,0.00,0.00,0.00,0.00,0.00,0.00,0.00,0.00,0.00,0.00,0.00,0.00,0.00,0.00,0.00,0.00,0.00,317090,389044,511814,335434,406165,524041,0,0,0,0,0,0,0,73711,0,91.52,91.59,91.64
11,1,0,0,0,97269,97269,97269,10,10,10,591,591,591,0.00,0.00,0.00,0.00,0.00,0.00,0.00,0.00,0.00,0.00,0.00,0.00,0.00,0.00,0.00,0.00,0.00,0.00,0.00,0.00,0.00,316320,344738,406774,336728,362482,422937,0,0,0,0,0,0,0,44954,0,48.76,48.77,48.80
11,2,0,0,0,97253,97253,97253,26,26,26,591,591,591,0.00,0.00,0.00,0.00,0.00,0.00,0.00,0.00,0.00,0.00,0.00,0.00,0.00,0.00,0.00,0.00,0.00,0.00,0.00,0.00,0.00,411400,453344,605342,423500,470439,623686,0,0,0,0,0,0,0,78470,0,97.35,97.48,97.54
11,3,0,0,0,97253,97253,97253,26,26,26,591,591,591,0.00,0.00,0.00,0.00,0.00,0.00,0.00,0.00,0.00,0.00,0.00,0.00,0.00,0.00,0.00,0.00,0.00,0.00,0.00,0.00,0.00,322325,363718,424524,340668,382061,442867,0,0,0,0,0,0,0,62372,0,77.70,77.75,77.82
12,0,0,0,0,97247,97247,97247,32,32,32,591,591,591,0.00,0.00,0.00,0.00,0.00,0.00,0.00,0.00,0.00,0.00,0.00,0.00,0.00,0.00,0.00,0.00,0.00,0.00,0.00,0.00,0.00,317080,1500624,3862473,335423,1590591,4095689,0,0,0,0,0,0,0,36740,0,91.52,91.55,91.60
12,1,0,0,0,97269,97269,97269,10,10,10,591,591,591,0.00,0.00,0.00,0.00,0.00,0.00,0.00,0.00,0.00,0.00,0.00,0.00,0.00,0.00,0.00,0.00,0.00,0.00,0.00,0.00,0.00,369491,568646,932890,387835,587864,951233,0,0,0,0,0,0,0,20211,0,48.80,48.80,48.81
12,2,0,0,0,97253,97253,97253,26,26,26,591,591,591,0.00,0.00,0.00,0.00,0.00,0.00,0.00,0.00,0.00,0.00,0.00,0.00,0.00,0.00,0.00,0.00,0.00,0.00,0.00,0.00,0.00,412615,581370,846408,430555,621574,927642,0,0,0,0,0,0,0,39128,0,97.34,97.39,97.49
12,3,0,0,0,97253,97253,97253,26,26,26,591,591,591,0.00,0.00,0.00,0.00,0.00,0.00,0.00,0.00,0.00,0.00,0.00,0.00,0.00,0.00,0.00,0.00,0.00,0.00,0.00,0.00,0.00,213137,356685,505772,225366,393082,584390,0,0,0,0,0,0,0,38979,0,77.74,77.75,77.76
14,0,0,0,0,97244,97245,97247,32,33,35,591,591,591,0.00,0.00,0.00,0.00,0.00,0.00,0.00,0.00,0.00,0.00,0.00,0.00,0.00,0.00,0.00,0.00,0.00,0.00,0.00,0.00,0.00,2984764,6482995,9981227,3017520,6539707,10061895,0,0,0,0,0,0,0,18442,0,91.48,91.48,91.48
14,1,0,0,0,97269,97269,97269,10,10,12,591,591,591,0.00,0.00,0.00,0.00,0.00,0.00,0.00,0.00,0.00,0.00,0.00,0.00,0.00,0.00,0.00,0.00,0.00,0.00,0.00,0.00,0.00,3531639,4054021,4576404,3605909,4129587,4653266,0,0,0,0,0,0,0,14770,0,48.73,48.76,48.80
14,2,0,0,0,97253,97253,97253,26,26,26,591,591,591,0.00,0.00,0.00,0.00,0.00,0.00,0.00,0.00,0.00,0.00,0.00,0.00,0.00,0.00,0.00,0.00,0.00,0.00,0.00,0.00,0.00,2458069,2942767,3427466,2531445,3013695,3495946,0,0,0,0,0,0,0,19640,0,97.41,97.44,97.46
14,3,0,0,0,97253,97253,97253,26,26,26,591,591,591,0.00,0.00,0.00,0.00,0.00,0.00,0.00,0.00,0.00,0.00,0.00,0.00,0.00,0.00,0.00,0.00,0.00,0.00,0.00,0.00,0.00,3296930,3339833,3382737,3364000,3413982,3463965,0,0,0,0,0,0,0,23404,0,77.88,77.91,77.96
15,0,0,0,0,97244,97244,97244,35,35,35,591,591,591,0.00,0.00,0.00,0.00,0.00,0.00,0.00,0.00,0.00,0.00,0.00,0.00,0.00,0.00,0.00,0.00,0.00,0.00,0.00,0.00,0.00,1003663,3764545,6027006,849029,2089865,4322566,0,0,0,0,0,0,0,18456,0,91.44,91.48,91.52
15,1,0,0,0,97267,97267,97267,12,12,12,591,591,591,0.00,0.00,0.00,0.00,0.00,0.00,0.00,0.00,0.00,0.00,0.00,0.00,0.00,0.00,0.00,0.00,0.00,0.00,0.00,0.00,0.00,0,1575271,3444374,0,1632390,3524012,0,0,0,0,0,0,0,9823,0,48.82,48.83,48.84
15,2,0,0,0,97250,97251,97253,26,27,29,591,591,591,0.00,0.00,0.00,0.00,0.00,0.00,0.00,0.00,0.00,0.00,0.00,0.00,0.00,0.00,0.00,0.00,0.00,0.00,0.00,0.00,0.00,2037326,4968625,7899925,2083168,5787469,8042403,0,0,0,0,0,0,0,19595,0,97.47,97.50,97.56
15,3,0,0,0,97253,97253,97253,26,26,26,591,591,591,0.00,0.00,0.00,0.00,0.00,0.00,0.00,0.00,0.00,0.00,0.00,0.00,0.00,0.00,0.00,0.00,0.00,0.00,0.00,0.00,0.00,2623055,2834965,3046876,2658844,2919551,3180258,0,0,0,0,0,0,0,15665,0,77.87,77.91,77.95
16,0,0,0,0,97244,97244,97244,35,35,35,591,591,591,0.00,0.00,0.00,0.00,0.00,0.00,0.00,0.00,0.00,0.00,0.00,0.00,0.00,0.00,0.00,0.00,0.00,0.00,0.00,0.00,0.00,324950,571266,817583,406187,406187,406187,0,0,0,0,0,0,0,18424,0,91.43,91.43,91.43
16,1,0,0,0,97267,97267,97267,12,12,12,591,591,591,0.00,0.00,0.00,0.00,0.00,0.00,0.00,0.00,0.00,0.00,0.00,0.00,0.00,0.00,0.00,0.00,0.00,0.00,0.00,0.00,0.00,5570081,5570081,5570081,5760534,5760534,5760534,0,0,0,0,0,0,0,14793,0,48.80,48.81,48.81
16,2,0,0,0,97250,97250,97250,29,29,29,591,591,591,0.00,0.00,0.00,0.00,0.00,0.00,0.00,0.00,0.00,0.00,0.00,0.00,0.00,0.00,0.00,0.00,0.00,0.00,0.00,0.00,0.00,3472542,5274134,7075726,3582477,3582477,3582477,0,0,0,0,0,0,0,19569,0,97.49,97.49,97.49
16,3,0,0,0,97253,97253,97253,26,26,26,591,591,591,0.00,0.00,0.00,0.00,0.00,0.00,0.00,0.00,0.00,0.00,0.00,0.00,0.00,0.00,0.00,0.00,0.00,0.00,0.00,0.00,0.00,330394,1795882,3261371,414303,1888012,3361721,0,0,0,0,0,0,0,23430,0,77.88,77.90,77.92
18,0,0,0,0,97244,97244,97244,35,35,35,591,591,591,0.00,0.00,0.00,0.00,0.00,0.00,0.00,0.00,0.00,0.00,0.00,0.00,0.00,0.00,0.00,0.00,0.00,0.00,0.00,0.00,0.00,866283,2050031,3227120,879329,2143974,3275599,0,0,0,0,0,0,0,64496,0,91.62,91.68,91.71
18,1,0,0,0,97267,97267,97267,12,12,12,591,591,591,0.00,0.00,0.00,0.00,0.00,0.00,0.00,0.00,0.00,0.00,0.00,0.00,0.00,0.00,0.00,0.00,0.00,0.00,0.00,0.00,0.00,429762,2677266,4516349,445485,2772169,4560646,0,0,0,0,0,0,0,29917,0,48.87,48.90,48.92
18,2,0,0,0,97250,97250,97250,29,29,29,591,591,591,0.00,0.00,0.00,0.00,0.00,0.00,0.00,0.00,0.00,0.00,0.00,0.00,0.00,0.00,0.00,0.00,0.00,0.00,0.00,0.00,0.00,338038,2269591,3437182,351140,2369489,3492207,0,0,0,0,0,0,0,58810,0,97.34,97.40,97.44
18,3,0,0,0,97251,97251,97251,28,28,28,591,591,591,0.00,0.00,0.00,0.00,0.00,0.00,0.00,0.00,0.00,0.00,0.00,0.00,0.00,0.00,0.00,0.00,0.00,0.00,0.00,0.00,0.00,319693,2979968,5250277,330174,3085763,5444053,0,0,0,0,0,0,0,46888,0,77.79,77.84,77.89
19,0,0,0,0,97244,97244,97244,35,35,35,591,591,591,0.00,0.00,0.00,0.00,0.00,0.00,0.00,0.00,0.00,0.00,0.00,0.00,0.00,0.00,0.00,0.00,0.00,0.00,0.00,0.00,0.00,303941,355306,442848,317042,368931,455950,0,0,0,0,0,0,0,55602,0,91.66,91.77,91.86
19,1,0,0,0,97267,97267,97267,12,12,12,591,591,591,0.00,0.00,0.00,0.00,0.00,0.00,0.00,0.00,0.00,0.00,0.00,0.00,0.00,0.00,0.00,0.00,0.00,0.00,0.00,0.00,0.00,416661,502609,652490,429764,516236,665592,0,0,0,0,0,0,0,29764,0,48.70,48.78,48.88
19,2,0,0,0,97250,97250,97250,29,29,29,591,591,591,0.00,0.00,0.00,0.00,0.00,0.00,0.00,0.00,0.00,0.00,0.00,0.00,0.00,0.00,0.00,0.00,0.00,0.00,0.00,0.00,0.00,298682,441571,618440,314402,455667,634163,0,0,0,0,0,0,0,59301,0,97.46,97.66,97.82
19,3,0,0,0,97251,97251,97251,28,28,28,591,591,591,0.00,0.00,0.00,0.00,0.00,0.00,0.00,0.00,0.00,0.00,0.00,0.00,0.00,0.00,0.00,0.00,0.00,0.00,0.00,0.00,0.00,314460,330705,359008,327555,344332,374731,0,0,0,0,0,0,0,62857,0,77.92,78.07,78.16
20,0,0,0,0,97244,97244,97244,35,35,35,591,591,591,0.00,0.00,0.00,0.00,0.00,0.00,0.00,0.00,0.00,0.00,0.00,0.00,0.00,0.00,0.00,0.00,0.00,0.00,0.00,0.00,0.00,0,733743,1619490,0,766353,1649189,0,0,0,0,0,0,0,82608,0,91.57,91.65,91.79
20,1,0,0,0,97267,97267,97267,12,12,12,591,591,591,0.00,0.00,0.00,0.00,0.00,0.00,0.00,0.00,0.00,0.00,0.00,0.00,0.00,0.00,0.00,0.00,0.00,0.00,0.00,0.00,0.00,322290,1669859,3856592,335391,1710037,3898512,0,0,0,0,0,0,0,44337,0,48.72,48.73,48.74
20,2,0,0,0,97250,97250,97250,29,29,29,591,591,591,0.00,0.00,0.00,0.00,0.00,0.00,0.00,0.00,0.00,0.00,0.00,0.00,0.00,0.00,0.00,0.00,0.00,0.00,0.00,0.00,0.00,442873,2485331,4077430,455976,2532790,4174387,0,0,0,0,0,0,0,97797,0,97.48,97.60,97.79
20,3,0,0,0,97251,97251,97251,28,28,28,591,591,591,0.00,0.00,0.00,0.00,0.00,0.00,0.00,0.00,0.00,0.00,0.00,0.00,0.00,0.00,0.00,0.00,0.00,0.00,0.00,0.00,0.00,255061,2366935,3998761,270784,2415689,4095780,0,0,0,0,0,0,0,39000,0,77.89,77.99,78.19
21,0,0,0,0,97244,97244,97245,34,34,35,591,591,591,0.00,0.00,0.00,0.00,0.00,0.00,0.00,0.00,0.00,0.00,0.00,0.00,0.00,0.00,0.00,0.00,0.00,0.00,0.00,0.00,0.00,309211,461721,662969,324934,481636,707516,0,0,0,0,0,0,0,82736,0,91.63,91.73,91.78
21,1,0,0,0,97267,97267,97267,12,12,12,591,591,591,0.00,0.00,0.00,0.00,0.00,0.00,0.00,0.00,0.00,0.00,0.00,0.00,0.00,0.00,0.00,0.00,0.00,0.00,0.00,0.00,0.00,317083,563402,1286642,330185,583317,1331189,0,0,0,0,0,0,0,39684,0,48.72,48.73,48.74
21,2,0,0,0,97250,97250,97251,29,29,29,591,591,591,0.00,0.00,0.00,0.00,0.00,0.00,0.00,0.00,0.00,0.00,0.00,0.00,0.00,0.00,0.00,0.00,0.00,0.00,0.00,0.00,0.00,421887,583322,888350,434989,602714,932899,0,0,0,0,0,0,0,78714,0,97.56,97.67,97.81
21,3,0,0,0,97251,97251,97252,28,28,28,591,591,591,0.00,0.00,0.00,0.00,0.00,0.00,0.00,0.00,0.00,0.00,0.00,0.00,0.00,0.00,0.00,0.00,0.00,0.00,0.00,0.00,0.00,319669,438666,744229,332771,458582,788777,0,0,0,0,0,0,0,62569,0,77.70,77.87,78.00
22,0,0,0,0,97245,97245,97245,34,34,34,591,591,591,0.00,0.00,0.00,0.00,0.00,0.00,0.00,0.00,0.00,0.00,0.00,0.00,0.00,0.00,0.00,0.00,0.00,0.00,0.00,0.00,0.00,319686,458458,665627,332788,473065,681350,0,0,0,0,0,0,0,73741,0,91.62,91.72,91.84
22,1,0,0,0,97267,97267,97267,12,12,12,591,591,591,0.00,0.00,0.00,0.00,0.00,0.00,0.00,0.00,0.00,0.00,0.00,0.00,0.00,0.00,0.00,0.00,0.00,0.00,0.00,0.00,0.00,321211,349845,427096,336753,363958,437577,0,0,0,0,0,0,0,29965,0,48.72,48.73,48.75
22,2,0,0,0,97251,97251,97251,29,29,29,591,591,591,0.00,0.00,0.00,0.00,0.00,0.00,0.00,0.00,0.00,0.00,0.00,0.00,0.00,0.00,0.00,0.00,0.00,0.00,0.00,0.00,0.00,408767,537822,807117,424489,551930,822840,0,0,0,0,0,0,0,58895,0,97.54,97.66,97.82
22,3,0,0,0,97252,97252,97252,28,28,28,591,591,591,0.00,0.00,0.00,0.00,0.00,0.00,0.00,0.00,0.00,0.00,0.00,0.00,0.00,0.00,0.00,0.00,0.00,0.00,0.00,0.00,0.00,317082,362675,445479,332805,376826,458581,0,0,0,0,0,0,0,46948,0,77.92,78.05,78.13
23,0,0,0,0,97245,97245,97245,34,34,34,591,591,591,0.00,0.00,0.00,0.00,0.00,0.00,0.00,0.00,0.00,0.00,0.00,0.00,0.00,0.00,0.00,0.00,0.00,0.00,0.00,0.00,0.00,309230,335945,414024,322333,349048,427126,0,0,0,0,0,0,0,55298,0,91.84,91.87,91.90
23,1,0,0,0,97267,97267,97267,12,12,12,591,591,591,0.00,0.00,0.00,0.00,0.00,0.00,0.00,0.00,0.00,0.00,0.00,0.00,0.00,0.00,0.00,0.00,0.00,0.00,0.00,0.00,0.00,309219,342236,406173,322321,355863,421895,0,0,0,0,0,0,0,40016,0,48.65,48.69,48.71
23,2,0,0,0,97251,97251,97251,29,29,29,591,591,591,0.00,0.00,0.00,0.00,0.00,0.00,0.00,0.00,0.00,0.00,0.00,0.00,0.00,0.00,0.00,0.00,0.00,0.00,0.00,0.00,0.00,138886,535097,1194949,151988,548724,1208052,0,0,0,0,0,0,0,88330,0,97.49,97.62,97.72
23,3,0,0,0,97252,97252,97252,28,28,28,591,591,591,0.00,0.00,0.00,0.00,0.00,0.00,0.00,0.00,0.00,0.00,0.00,0.00,0.00,0.00,0.00,0.00,0.00,0.00,0.00,0.00,0.00,31446,346953,775669,41928,360580,791392,0,0,0,0,0,0,0,62761,0,77.89,77.99,78.10
24,0,0,0,0,97245,97245,97245,34,34,34,591,591,591,0.00,0.00,0.00,0.00,0.00,0.00,0.00,0.00,0.00,0.00,0.00,0.00,0.00,0.00,0.00,0.00,0.00,0.00,0.00,0.00,0.00,317063,361618,427157,327562,375768,442880,0,0,0,0,0,0,0,73596,0,91.63,91.68,91.75
24,1,0,0,0,97267,97267,97267,12,12,12,591,591,591,0.00,0.00,0.00,0.00,0.00,0.00,0.00,0.00,0.00,0.00,0.00,0.00,0.00,0.00,0.00,0.00,0.00,0.00,0.00,0.00,0.00,102200,314459,421899,115302,328086,437622,0,0,0,0,0,0,0,44484,0,48.63,48.64,48.67
24,2,0,0,0,97251,97251,97251,29,29,29,591,591,591,0.00,0.00,0.00,0.00,0.00,0.00,0.00,0.00,0.00,0.00,0.00,0.00,0.00,0.00,0.00,0.00,0.00,0.00,0.00,0.00,0.00,414038,441816,521479,429759,455442,534581,0,0,0,0,0,0,0,78326,0,97.31,97.39,97.59
24,3,0,0,0,97252,97252,97252,28,28,28,591,591,591,0.00,0.00,0.00,0.00,0.00,0.00,0.00,0.00,0.00,0.00,0.00,0.00,0.00,0.00,0.00,0.00,0.00,0.00,0.00,0.00,0.00,322319,355332,471692,335422,368958,484794,0,0,0,0,0,0,0,62686,0,77.99,78.05,78.09
25,0,0,0,0,97245,97245,97245,34,34,34,591,591,591,0.00,0.00,0.00,0.00,0.00,0.00,0.00,0.00,0.00,0.00,0.00,0.00,0.00,0.00,0.00,0.00,0.00,0.00,0.00,0.00,0.00,7861,308694,550302,18342,321797,563404,0,0,0,0,0,0,0,82705,0,91.58,91.60,91.63
25,1,0,0,0,97267,97267,97267,12,12,12,591,591,591,0.00,0.00,0.00,0.00,0.00,0.00,0.00,0.00,0.00,0.00,0.00,0.00,0.00,0.00,0.00,0.00,0.00,0.00,0.00,0.00,0.00,322322,459024,820129,335424,472607,833230,0,0,0,0,0,0,0,39880,0,48.73,48.75,48.77
25,2,0,0,0,97251,97251,97251,29,29,29,591,591,591,0.00,0.00,0.00,0.00,0.00,0.00,0.00,0.00,0.00,0.00,0.00,0.00,0.00,0.00,0.00,0.00,0.00,0.00,0.00,0.00,0.00,419232,547865,822843,429712,561984,838566,0,0,0,0,0,0,0,78355,0,97.34,97.42,97.51
25,3,0,0,0,97252,97252,97252,28,28,28,591,591,591,0.00,0.00,0.00,0.00,0.00,0.00,0.00,0.00,0.00,0.00,0.00,0.00,0.00,0.00,0.00,0.00,0.00,0.00,0.00,0.00,0.00,317082,398318,545079,330185,411944,560802,0,0,0,0,0,0,0,62860,0,78.04,78.18,78.29
26,0,0,0,0,97245,97245,97245,34,34,34,591,591,591,0.00,0.00,0.00,0.00,0.00,0.00,0.00,0.00,0.00,0.00,0.00,0.00,0.00,0.00,0.00,0.00,0.00,0.00,0.00,0.00,0.00,305245,448503,880490,320636,462606,896213,0,0,0,0,0,0,0,73575,0,91.52,91.57,91.61
26,1,0,0,0,97267,97267,97267,12,12,12,591,591,591,0.00,0.00,0.00,0.00,0.00,0.00,0.00,0.00,0.00,0.00,0.00,0.00,0.00,0.00,0.00,0.00,0.00,0.00,0.00,0.00,0.00,318705,393034,647260,334774,407198,662983,0,0,0,0,0,0,0,40015,0,48.69,48.70,48.73
26,2,0,0,0,97251,97251,97251,29,29,29,591,591,591,0.00,0.00,0.00,0.00,0.00,0.00,0.00,0.00,0.00,0.00,0.00,0.00,0.00,0.00,0.00,0.00,0.00,0.00,0.00,0.00,0.00,401370,482511,699677,417425,496161,712779,0,0,0,0,0,0,0,88265,0,97.56,97.61,97.66
26,3,0,0,0,97252,97252,97252,28,28,28,591,591,591,0.00,0.00,0.00,0.00,0.00,0.00,0.00,0.00,0.00,0.00,0.00,0.00,0.00,0.00,0.00,0.00,0.00,0.00,0.00,0.00,0.00,319693,455943,856789,332795,469569,869890,0,0,0,0,0,0,0,70622,0,78.18,78.33,78.40
27,0,0,0,0,97245,97245,97245,34,34,34,591,591,591,0.00,0.00,0.00,0.00,0.00,0.00,0.00,0.00,0.00,0.00,0.00,0.00,0.00,0.00,0.00,0.00,0.00,0.00,0.00,0.00,0.00,306599,357436,429775,322322,371063,445498,0,0,0,0,0,0,0,74268,0,91.58,91.93,92.26
27,1,0,0,0,97267,97267,97267,12,12,12,591,591,591,0.00,0.00,0.00,0.00,0.00,0.00,0.00,0.00,0.00,0.00,0.00,0.00,0.00,0.00,0.00,0.00,0.00,0.00,0.00,0.00,0.00,309220,330175,393067,324943,344326,406169,0,0,0,0,0,0,0,39997,0,48.71,48.72,48.73
27,2,0,0,0,97251,97251,97251,29,29,29,591,591,591,0.00,0.00,0.00,0.00,0.00,0.00,0.00,0.00,0.00,0.00,0.00,0.00,0.00,0.00,0.00,0.00,0.00,0.00,0.00,0.00,0.00,400935,636256,1289281,414037,649883,1305004,0,0,0,0,0,0,0,78999,0,97.61,97.81,97.91
27,3,0,0,0,97252,97252,97252,28,28,28,591,591,591,0.00,0.00,0.00,0.00,0.00,0.00,0.00,0.00,0.00,0.00,0.00,0.00,0.00,0.00,0.00,0.00,0.00,0.00,0.00,0.00,0.00,309218,350620,403557,322320,364771,419281,0,0,0,0,0,0,0,62862,0,78.02,78.12,78.22
28,0,0,0,0,97245,97245,97245,34,34,34,591,591,591,0.00,0.00,0.00,0.00,0.00,0.00,0.00,0.00,0.00,0.00,0.00,0.00,0.00,0.00,0.00,0.00,0.00,0.00,0.00,0.00,0.00,311848,371411,436743,327571,385038,447225,0,0,0,0,0,0,0,74037,0,91.89,92.12,92.29
28,1,0,0,0,97267,97267,97267,12,12,12,591,591,591,0.00,0.00,0.00,0.00,0.00,0.00,0.00,0.00,0.00,0.00,0.00,0.00,0.00,0.00,0.00,0.00,0.00,0.00,0.00,0.00,0.00,330176,531437,846428,343278,545588,862151,0,0,0,0,0,0,0,45018,0,48.71,48.72,48.73
28,2,0,0,0,97251,97251,97251,29,29,29,591,591,591,0.00,0.00,0.00,0.00,0.00,0.00,0.00,0.00,0.00,0.00,0.00,0.00,0.00,0.00,0.00,0.00,0.00,0.00,0.00,0.00,0.00,398317,501027,843789,411419,514653,859511,0,0,0,0,0,0,0,79006,0,98.05,98.11,98.17
28,3,0,0,0,97252,97252,97252,28,28,28,591,591,591,0.00,0.00,0.00,0.00,0.00,0.00,0.00,0.00,0.00,0.00,0.00,0.00,0.00,0.00,0.00,0.00,0.00,0.00,0.00,0.00,0.00,314464,387312,647274,327566,401986,665618,0,0,0,0,0,0,0,63242,0,78.37,78.57,78.72
29,0,0,0,0,97245,97245,97245,34,34,34,591,591,591,0.00,0.00,0.00,0.00,0.00,0.00,0.00,0.00,0.00,0.00,0.00,0.00,0.00,0.00,0.00,0.00,0.00,0.00,0.00,0.00,0.00,2620,435642,846426,15723,449399,862149,0,0,0,0,0,0,0,82720,0,91.49,91.57,91.66
29,1,0,0,0,97267,97267,97267,12,12,12,591,591,591,0.00,0.00,0.00,0.00,0.00,0.00,0.00,0.00,0.00,0.00,0.00,0.00,0.00,0.00,0.00,0.00,0.00,0.00,0.00,0.00,0.00,218370,305843,336785,227105,318447,349639,0,0,0,0,0,0,0,40125,0,48.71,48.73,48.75
29,2,0,0,0,97251,97251,97251,29,29,29,591,591,591,0.00,0.00,0.00,0.00,0.00,0.00,0.00,0.00,0.00,0.00,0.00,0.00,0.00,0.00,0.00,0.00,0.00,0.00,0.00,0.00,0.00,288240,427569,573888,296974,440808,586990,0,0,0,0,0,0,0,58758,0,97.58,97.81,98.00
29,3,0,0,0,97252,97252,97252,28,28,28,591,591,591,0.00,0.00,0.00,0.00,0.00,0.00,0.00,0.00,0.00,0.00,0.00,0.00,0.00,0.00,0.00,0.00,0.00,0.00,0.00,0.00,0.00,270715,317182,356390,281195,328944,369493,0,0,0,0,0,0,0,46982,0,78.15,78.35,78.62
30,0,0,0,0,97245,97245,97245,34,34,34,591,591,591,0.00,0.00,0.00,0.00,0.00,0.00,0.00,0.00,0.00,0.00,0.00,0.00,0.00,0.00,0.00,0.00,0.00,0.00,0.00,0.00,0.00,310429,365327,455946,326015,378394,466427,0,0,0,0,0,0,0,55208,0,91.49,91.53,91.57
30,1,0,0,0,97267,97267,97267,12,12,12,591,591,591,0.00,0.00,0.00,0.00,0.00,0.00,0.00,0.00,0.00,0.00,0.00,0.00,0.00,0.00,0.00,0.00,0.00,0.00,0.00,0.00,0.00,324943,340366,376278,338046,354009,392404,0,0,0,0,0,0,0,30128,0,48.73,48.75,48.77
30,2,0,0,0,97251,97251,97251,29,29,29,591,591,591,0.00,0.00,0.00,0.00,0.00,0.00,0.00,0.00,0.00,0.00,0.00,0.00,0.00,0.00,0.00,0.00,0.00,0.00,0.00,0.00,0.00,427142,540083,693159,440245,553776,709216,0,0,0,0,0,0,0,88143,0,97.42,97.48,97.54
30,3,0,0,0,97252,97252,97252,28,28,28,591,591,591,0.00,0.00,0.00,0.00,0.00,0.00,0.00,0.00,0.00,0.00,0.00,0.00,0.00,0.00,0.00,0.00,0.00,0.00,0.00,0.00,0.00,322313,447582,814980,338036,461733,830703,0,0,0,0,0,0,0,70438,0,78.01,78.06,78.13
31,0,0,0,0,97245,97245,97245,34,34,34,591,591,591,0.00,0.00,0.00,0.00,0.00,0.00,0.00,0.00,0.00,0.00,0.00,0.00,0.00,0.00,0.00,0.00,0.00,0.00,0.00,0.00,0.00,322305,352194,455968,335407,366344,471691,0,0,0,0,0,0,0,73638,0,91.55,91.58,91.61
31,1,0,0,0,97267,97267,97267,12,12,12,591,591,591,0.00,0.00,0.00,0.00,0.00,0.00,0.00,0.00,0.00,0.00,0.00,0.00,0.00,0.00,0.00,0.00,0.00,0.00,0.00,0.00,0.00,317078,365298,421901,330181,378924,435003,0,0,0,0,0,0,0,40071,0,48.72,48.74,48.77
31,2,0,0,0,97251,97251,97251,29,29,29,591,591,591,0.00,0.00,0.00,0.00,0.00,0.00,0.00,0.00,0.00,0.00,0.00,0.00,0.00,0.00,0.00,0.00,0.00,0.00,0.00,0.00,0.00,421906,718538,1504125,437629,733213,1522468,0,0,0,0,0,0,0,78496,0,97.54,97.58,97.65
31,3,0,0,0,97252,97252,97252,28,28,28,591,591,591,0.00,0.00,0.00,0.00,0.00,0.00,0.00,0.00,0.00,0.00,0.00,0.00,0.00,0.00,0.00,0.00,0.00,0.00,0.00,0.00,0.00,317081,374208,534586,330184,387835,545069,0,0,0,0,0,0,0,62573,0,77.85,77.91,77.95
32,0,0,0,0,97245,97245,97245,34,34,34,591,591,591,0.00,0.00,0.00,0.00,0.00,0.00,0.00,0.00,0.00,0.00,0.00,0.00,0.00,0.00,0.00,0.00,0.00,0.00,0.00,0.00,0.00,322313,403896,578250,332794,416823,590479,0,0,0,0,0,0,0,73666,0,91.62,91.66,91.71
32,1,0,0,0,97267,97267,97267,12,12,12,591,591,591,0.00,0.00,0.00,0.00,0.00,0.00,0.00,0.00,0.00,0.00,0.00,0.00,0.00,0.00,0.00,0.00,0.00,0.00,0.00,0.00,0.00,218373,450892,961733,228854,463994,974836,0,0,0,0,0,0,0,39914,0,48.79,48.81,48.82
32,2,0,0,0,97251,97251,97251,29,29,29,591,591,591,0.00,0.00,0.00,0.00,0.00,0.00,0.00,0.00,0.00,0.00,0.00,0.00,0.00,0.00,0.00,0.00,0.00,0.00,0.00,0.00,0.00,429747,533534,770429,442849,547161,783531,0,0,0,0,0,0,0,78634,0,97.48,97.52,97.56
32,3,0,0,0,97252,97252,97252,28,28,28,591,591,591,0.00,0.00,0.00,0.00,0.00,0.00,0.00,0.00,0.00,0.00,0.00,0.00,0.00,0.00,0.00,0.00,0.00,0.00,0.00,0.00,0.00,317084,359334,432341,332807,373428,448062,0,0,0,0,0,0,0,62500,0,77.85,77.90,77.92
33,0,0,0,0,97245,97245,97245,34,34,34,591,591,591,0.00,0.00,0.00,0.00,0.00,0.00,0.00,0.00,0.00,0.00,0.00,0.00,0.00,0.00,0.00,0.00,0.00,0.00,0.00,0.00,0.00,144127,373156,463832,157230,386783,476934,0,0,0,0,0,0,0,82968,0,91.70,91.75,91.80
33,1,0,0,0,97267,97267,97267,12,12,12,591,591,591,0.00,0.00,0.00,0.00,0.00,0.00,0.00,0.00,0.00,0.00,0.00,0.00,0.00,0.00,0.00,0.00,0.00,0.00,0.00,0.00,0.00,310815,379526,492659,326228,393036,508382,0,0,0,0,0,0,0,40071,0,48.77,48.80,48.83
33,2,0,0,0,97251,97251,97251,29,29,29,591,591,591,0.00,0.00,0.00,0.00,0.00,0.00,0.00,0.00,0.00,0.00,0.00,0.00,0.00,0.00,0.00,0.00,0.00,0.00,0.00,0.00,0.00,281799,418008,539646,292172,430563,553137,0,0,0,0,0,0,0,78888,0,97.62,97.73,97.84
33,3,0,0,0,97252,97252,97252,28,28,28,591,591,591,0.00,0.00,0.00,0.00,0.00,0.00,0.00,0.00,0.00,0.00,0.00,0.00,0.00,0.00,0.00,0.00,0.00,0.00,0.00,0.00,0.00,225330,328604,435006,234064,341357,450729,0,0,0,0,0,0,0,70800,0,77.94,78.15,78.33
34,0,0,0,0,97245,97245,97245,34,34,34,591,591,591,0.00,0.00,0.00,0.00,0.00,0.00,0.00,0.00,0.00,0.00,0.00,0.00,0.00,0.00,0.00,0.00,0.00,0.00,0.00,0.00,0.00,305751,338200,423378,321038,352283,434165,0,0,0,0,0,0,0,74114,0,91.87,91.99,92.10
34,1,0,0,0,97267,97267,97267,12,12,12,591,591,591,0.00,0.00,0.00,0.00,0.00,0.00,0.00,0.00,0.00,0.00,0.00,0.00,0.00,0.00,0.00,0.00,0.00,0.00,0.00,0.00,0.00,307869,339867,411418,323932,353562,427141,0,0,0,0,0,0,0,40049,0,48.73,48.76,48.78
34,2,0,0,0,97251,97251,97251,29,29,29,591,591,591,0.00,0.00,0.00,0.00,0.00,0.00,0.00,0.00,0.00,0.00,0.00,0.00,0.00,0.00,0.00,0.00,0.00,0.00,0.00,0.00,0.00,435007,655948,1333849,448110,669569,1346952,0,0,0,0,0,0,0,78608,0,97.65,97.73,97.82
34,3,0,0,0,97252,97252,97252,28,28,28,591,591,591,0.00,0.00,0.00,0.00,0.00,0.00,0.00,0.00,0.00,0.00,0.00,0.00,0.00,0.00,0.00,0.00,0.00,0.00,0.00,0.00,0.00,319666,464867,940757,332801,478494,953860,0,0,0,0,0,0,0,63418,0,78.34,78.54,78.66
35,0,0,0,0,97245,97245,97245,34,34,34,591,591,591,0.00,0.00,0.00,0.00,0.00,0.00,0.00,0.00,0.00,0.00,0.00,0.00,0.00,0.00,0.00,0.00,0.00,0.00,0.00,0.00,0.00,311839,339090,411417,327562,352717,424520,0,0,0,0,0,0,0,73924,0,92.10,92.19,92.26
35,1,0,0,0,97267,97267,97267,12,12,12,591,591,591,0.00,0.00,0.00,0.00,0.00,0.00,0.00,0.00,0.00,0.00,0.00,0.00,0.00,0.00,0.00,0.00,0.00,0.00,0.00,0.00,0.00,324907,355332,398319,340628,369482,411421,0,0,0,0,0,0,0,44566,0,48.70,48.73,48.77
35,2,0,0,0,97251,97251,97251,29,29,29,591,591,591,0.00,0.00,0.00,0.00,0.00,0.00,0.00,0.00,0.00,0.00,0.00,0.00,0.00,0.00,0.00,0.00,0.00,0.00,0.00,0.00,0.00,411421,458056,626309,424524,472206,639411,0,0,0,0,0,0,0,78780,0,97.74,97.80,97.87
35,3,0,0,0,97252,97252,97252,28,28,28,591,591,591,0.00,0.00,0.00,0.00,0.00,0.00,0.00,0.00,0.00,0.00,0.00,0.00,0.00,0.00,0.00,0.00,0.00,0.00,0.00,0.00,0.00,317080,343809,372117,332803,357959,385220,0,0,0,0,0,0,0,63272,0,78.56,78.63,78.67
36,0,0,0,0,97245,97245,97245,34,34,34,591,591,591,0.00,0.00,0.00,0.00,0.00,0.00,0.00,0.00,0.00,0.00,0.00,0.00,0.00,0.00,0.00,0.00,0.00,0.00,0.00,0.00,0.00,322328,376693,524076,335431,389795,534557,0,0,0,0,0,0,0,84434,0,91.96,92.29,92.76
36,1,0,0,0,97267,97267,97267,12,12,12,591,591,591,0.00,0.00,0.00,0.00,0.00,0.00,0.00,0.00,0.00,0.00,0.00,0.00,0.00,0.00,0.00,0.00,0.00,0.00,0.00,0.00,0.00,361616,532830,911944,377338,545714,922427,0,0,0,0,0,0,0,39912,0,48.76,48.78,48.79
36,2,0,0,0,97251,97251,97251,29,29,29,591,591,591,0.00,0.00,0.00,0.00,0.00,0.00,0.00,0.00,0.00,0.00,0.00,0.00,0.00,0.00,0.00,0.00,0.00,0.00,0.00,0.00,0.00,411418,520825,801877,427141,534583,814980,0,0,0,0,0,0,0,59093,0,97.61,97.67,97.71
36,3,0,0,0,97252,97252,97252,28,28,28,591,591,591,0.00,0.00,0.00,0.00,0.00,0.00,0.00,0.00,0.00,0.00,0.00,0.00,0.00,0.00,0.00,0.00,0.00,0.00,0.00,0.00,0.00,200886,350099,542443,209620,362696,558166,0,0,0,0,0,0,0,47646,0,78.62,78.84,79.12
37,0,0,0,0,97245,97245,97245,34,34,34,591,591,591,0.00,0.00,0.00,0.00,0.00,0.00,0.00,0.00,0.00,0.00,0.00,0.00,0.00,0.00,0.00,0.00,0.00,0.00,0.00,0.00,0.00,2620,425559,841185,18343,439185,851667,0,0,0,0,0,0,0,74456,0,92.72,93.05,93.36
37,1,0,0,0,97267,97267,97267,12,12,12,591,591,591,0.00,0.00,0.00,0.00,0.00,0.00,0.00,0.00,0.00,0.00,0.00,0.00,0.00,0.00,0.00,0.00,0.00,0.00,0.00,0.00,0.00,309876,340624,405329,322681,354144,420819,0,0,0,0,0,0,0,29860,0,48.77,48.78,48.79
37,2,0,0,0,97251,97251,97251,29,29,29,591,591,591,0.00,0.00,0.00,0.00,0.00,0.00,0.00,0.00,0.00,0.00,0.00,0.00,0.00,0.00,0.00,0.00,0.00,0.00,0.00,0.00,0.00,265518,462873,680356,274139,475584,695761,0,0,0,0,0,0,0,88592,0,97.82,98.01,98.09
37,3,0,0,0,97252,97252,97252,28,28,28,591,591,591,0.00,0.00,0.00,0.00,0.00,0.00,0.00,0.00,0.00,0.00,0.00,0.00,0.00,0.00,0.00,0.00,0.00,0.00,0.00,0.00,0.00,317043,427136,812366,330144,440762,828089,0,0,0,0,0,0,0,71650,0,79.23,79.31,79.44
38,0,0,0,0,97245,97245,97245,34,34,34,591,591,591,0.00,0.00,0.00,0.00,0.00,0.00,0.00,0.00,0.00,0.00,0.00,0.00,0.00,0.00,0.00,0.00,0.00,0.00,0.00,0.00,0.00,301985,351651,478678,317340,365730,491477,0,0,0,0,0,0,0,55811,0,92.49,92.56,92.75
38,1,0,0,0,97267,97267,97267,12,12,12,591,591,591,0.00,0.00,0.00,0.00,0.00,0.00,0.00,0.00,0.00,0.00,0.00,0.00,0.00,0.00,0.00,0.00,0.00,0.00,0.00,0.00,0.00,307402,358994,429052,320428,373207,447477,0,0,0,0,0,0,0,40071,0,48.75,48.77,48.79
38,2,0,0,0,97251,97251,97251,29,29,29,591,591,591,0.00,0.00,0.00,0.00,0.00,0.00,0.00,0.00,0.00,0.00,0.00,0.00,0.00,0.00,0.00,0.00,0.00,0.00,0.00,0.00,0.00,398291,630460,1328454,411393,644087,1341555,0,0,0,0,0,0,0,79167,0,98.08,98.21,98.33
38,3,0,0,0,97252,97252,97252,28,28,28,591,591,591,0.00,0.00,0.00,0.00,0.00,0.00,0.00,0.00,0.00,0.00,0.00,0.00,0.00,0.00,0.00,0.00,0.00,0.00,0.00,0.00,0.00,311833,409321,673459,324946,423996,691802,0,0,0,0,0,0,0,63698,0,79.20,79.27,79.30
39,0,0,0,0,97245,97245,97245,34,34,34,591,591,591,0.00,0.00,0.00,0.00,0.00,0.00,0.00,0.00,0.00,0.00,0.00,0.00,0.00,0.00,0.00,0.00,0.00,0.00,0.00,0.00,0.00,311849,334891,395699,324952,348517,408802,0,0,0,0,0,0,0,73785,0,91.71,91.97,92.37
39,1,0,0,0,97267,97267,97267,12,12,12,591,591,591,0.00,0.00,0.00,0.00,0.00,0.00,0.00,0.00,0.00,0.00,0.00,0.00,0.00,0.00,0.00,0.00,0.00,0.00,0.00,0.00,0.00,317080,454219,830688,330182,468365,846411,0,0,0,0,0,0,0,44773,0,48.79,48.81,48.83
39,2,0,0,0,97251,97251,97251,29,29,29,591,591,591,0.00,0.00,0.00,0.00,0.00,0.00,0.00,0.00,0.00,0.00,0.00,0.00,0.00,0.00,0.00,0.00,0.00,0.00,0.00,0.00,0.00,414038,550296,801877,427141,564447,814979,0,0,0,0,0,0,0,78472,0,97.49,97.79,98.12
39,3,0,0,0,97252,97252,97252,28,28,28,591,591,591,0.00,0.00,0.00,0.00,0.00,0.00,0.00,0.00,0.00,0.00,0.00,0.00,0.00,0.00,0.00,0.00,0.00,0.00,0.00,0.00,0.00,317048,385731,573888,330182,399881,589610,0,0,0,0,0,0,0,62961,0,78.43,78.81,79.15
40,0,0,0,0,97245,97245,97245,34,34,34,591,591,591,0.00,0.00,0.00,0.00,0.00,0.00,0.00,0.00,0.00,0.00,0.00,0.00,0.00,0.00,0.00,0.00,0.00,0.00,0.00,0.00,0.00,319702,384162,526694,335425,397789,539796,0,0,0,0,0,0,0,84163,0,91.68,92.19,92.75
40,1,0,0,0,97267,97267,97267,12,12,12,591,591,591,0.00,0.00,0.00,0.00,0.00,0.00,0.00,0.00,0.00,0.00,0.00,0.00,0.00,0.00,0.00,0.00,0.00,0.00,0.00,0.00,0.00,314418,374198,490029,324898,387824,505752,0,0,0,0,0,0,0,40020,0,48.75,48.76,48.77
40,2,0,0,0,97251,97251,97251,29,29,29,591,591,591,0.00,0.00,0.00,0.00,0.00,0.00,0.00,0.00,0.00,0.00,0.00,0.00,0.00,0.00,0.00,0.00,0.00,0.00,0.00,0.00,0.00,408800,496109,710159,421903,510220,725882,0,0,0,0,0,0,0,79112,0,97.55,97.74,98.03
40,3,0,0,0,97252,97252,97252,28,28,28,591,591,591,0.00,0.00,0.00,0.00,0.00,0.00,0.00,0.00,0.00,0.00,0.00,0.00,0.00,0.00,0.00,0.00,0.00,0.00,0.00,0.00,0.00,303978,340693,432379,314460,353744,448102,0,0,0,0,0,0,0,70892,0,78.25,78.35,78.44
41,0,0,0,2,96679,96999,97245,34,279,600,591,591,591,0.00,0.00,0.00,0.00,0.00,0.00,0.00,0.00,0.00,0.00,0.00,0.00,0.00,0.00,0.00,0.00,0.00,0.00,0.00,0.00,0.00,311880,1567298,3724507,324984,1794241,4201874,0,0,0,0,0,0,0,102055,0,93.05,105.50,122.26
41,1,0,0,0,96701,97003,97267,12,275,578,591,591,591,0.00,0.00,0.00,0.00,0.00,0.00,0.00,0.00,0.00,0.00,0.00,0.00,0.00,0.00,0.00,0.00,0.00,0.00,0.00,0.00,0.00,299089,1427469,3856252,312441,1643126,4325326,0,0,0,0,0,0,0,69427,0,48.73,63.18,80.35
41,2,0,1,9,96685,96899,97251,29,379,594,591,591,591,0.00,0.00,0.00,0.00,0.00,0.00,0.00,0.00,0.00,0.00,0.00,0.00,0.00,0.00,0.00,0.00,0.00,0.00,0.00,0.00,0.00,453287,2362223,8035721,466388,2581450,8491760,0,0,0,0,0,0,0,87750,0,98.08,116.32,134.94
41,3,0,0,2,96686,96988,97252,28,290,593,591,591,591,0.00,0.00,0.00,0.00,0.00,0.00,0.00,0.00,0.00,0.00,0.00,0.00,0.00,0.00,0.00,0.00,0.00,0.00,0.00,0.00,0.00,18343,1595957,4188240,34065,1822402,4675733,0,0,0,0,0,0,0,72288,0,78.48,93.87,111.49
42,0,0,1,7,96487,96563,96679,600,715,792,591,591,591,0.00,0.00,0.00,0.00,0.00,0.00,0.00,0.00,0.00,0.00,0.00,0.00,0.00,0.00,0.00,0.00,0.00,0.00,0.00,0.00,0.00,288305,391605,548236,298789,522559,1110624,0,0,0,0,0,0,0,109619,0,130.30,135.76,138.30
42,1,0,1,8,96509,96585,96701,578,693,770,591,591,591,0.00,0.00,0.00,0.00,0.00,0.00,0.00,0.00,0.00,0.00,0.00,0.00,0.00,0.00,0.00,0.00,0.00,0.00,0.00,0.00,0.00,314512,420915,589717,327616,552475,930343,0,0,0,0,0,0,0,74320,0,89.63,91.89,93.65
42,2,0,1,7,96493,96569,96685,594,709,786,591,591,591,0.00,0.00,0.00,0.00,0.00,0.00,0.00,0.00,0.00,0.00,0.00,0.00,0.00,0.00,0.00,0.00,0.00,0.00,0.00,0.00,0.00,408788,499268,804646,421967,630784,985416,0,0,0,0,0,0,0,116352,0,144.17,145.05,146.07
42,3,0,1,7,96494,96570,96686,593,708,785,591,591,591,0.00,0.00,0.00,0.00,0.00,0.00,0.00,0.00,0.00,0.00,0.00,0.00,0.00,0.00,0.00,0.00,0.00,0.00,0.00,0.00,0.00,15726,443931,917342,172987,574945,933068,0,0,0,0,0,0,0,111421,0,120.05,123.26,125.12
43,0,0,0,0,96487,96487,96487,792,792,792,591,591,591,0.00,0.00,0.00,0.00,0.00,0.00,0.00,0.00,0.00,0.00,0.00,0.00,0.00,0.00,0.00,0.00,0.00,0.00,0.00,0.00,0.00,293544,311370,372183,304031,325523,387909,0,0,0,0,0,0,0,109427,0,136.24,136.30,136.41
43,1,0,0,0,96509,96509,96509,770,770,770,591,591,591,0.00,0.00,0.00,0.00,0.00,0.00,0.00,0.00,0.00,0.00,0.00,0.00,0.00,0.00,0.00,0.00,0.00,0.00,0.00,0.00,0.00,296166,475441,1001209,309271,489071,1014314,0,0,0,0,0,0,0,83492,0,91.35,91.50,91.72
43,2,0,0,0,96493,96493,96493,786,786,786,591,591,591,0.00,0.00,0.00,0.00,0.00,0.00,0.00,0.00,0.00,0.00,0.00,0.00,0.00,0.00,0.00,0.00,0.00,0.00,0.00,0.00,0.00,209677,661525,1428433,222782,674629,1441538,0,0,0,0,0,0,0,116042,0,144.50,144.58,144.68
43,3,0,0,0,96494,96494,96494,785,785,785,591,591,591,0.00,0.00,0.00,0.00,0.00,0.00,0.00,0.00,0.00,0.00,0.00,0.00,0.00,0.00,0.00,0.00,0.00,0.00,0.00,0.00,0.00,290927,354355,500607,304032,367983,516333,0,0,0,0,0,0,0,98953,0,123.20,123.38,123.52
45,0,0,0,0,96487,96487,96487,792,792,792,591,591,591,0.00,0.00,0.00,0.00,0.00,0.00,0.00,0.00,0.00,0.00,0.00,0.00,0.00,0.00,0.00,0.00,0.00,0.00,0.00,0.00,0.00,311891,716395,1433659,324996,737363,1470352,0,0,0,0,0,0,0,232357,0,136.32,136.47,136.65
45,1,0,0,0,96509,96509,96509,770,770,770,591,591,591,0.00,0.00,0.00,0.00,0.00,0.00,0.00,0.00,0.00,0.00,0.00,0.00,0.00,0.00,0.00,0.00,0.00,0.00,0.00,0.00,0.00,285685,1938166,5043944,301411,1971654,5115576,0,0,0,0,0,0,0,147494,0,91.33,91.51,91.68
45,2,0,0,0,96493,96493,96493,786,786,786,591,591,591,0.00,0.00,0.00,0.00,0.00,0.00,0.00,0.00,0.00,0.00,0.00,0.00,0.00,0.00,0.00,0.00,0.00,0.00,0.00,0.00,0.00,403628,1956349,5059171,419354,1998499,5156790,0,0,0,0,0,0,0,260755,0,144.61,144.69,144.81
45,3,0,0,0,96494,96494,96494,785,785,785,591,591,591,0.00,0.00,0.00,0.00,0.00,0.00,0.00,0.00,0.00,0.00,0.00,0.00,0.00,0.00,0.00,0.00,0.00,0.00,0.00,0.00,0.00,311896,1158704,2752727,322379,1186426,2809683,0,0,0,0,0,0,0,222435,0,123.42,123.55,123.66
46,0,0,0,0,95739,95855,95933,1346,1394,1540,591,591,591,0.00,0.00,0.00,0.00,0.00,0.00,0.00,0.00,0.00,0.00,0.00,0.00,0.00,0.00,0.00,0.00,0.00,0.00,0.00,0.00,0.00,943453,2637224,3873785,2405901,3650130,4174515,0,0,0,0,0,0,0,95984,0,136.63,136.68,136.79
46,1,0,0,0,95761,95906,95955,1324,1362,1518,591,591,591,0.00,0.00,0.00,0.00,0.00,0.00,0.00,0.00,0.00,0.00,0.00,0.00,0.00,0.00,0.00,0.00,0.00,0.00,0.00,0.00,0.00,2521323,3108643,4421547,2704787,3699662,4861867,0,0,0,0,0,0,0,55830,0,91.63,91.71,91.79
46,2,0,0,1,95745,95890,95939,1340,1388,1534,591,591,591,0.00,0.00,0.00,0.00,0.00,0.00,0.00,0.00,0.00,0.00,0.00,0.00,0.00,0.00,0.00,0.00,0.00,0.00,0.00,0.00,0.00,3034974,3504228,3910584,3557843,3936250,4300595,0,0,0,0,0,0,0,87465,0,144.73,144.84,145.01
46,3,0,0,1,95746,95891,95940,1339,1416,1533,591,591,591,0.00,0.00,0.00,0.00,0.00,0.00,0.00,0.00,0.00,0.00,0.00,0.00,0.00,0.00,0.00,0.00,0.00,0.00,0.00,0.00,0.00,3323793,4211524,5042709,3690484,4698787,5894634,0,0,0,0,0,0,0,74598,0,123.50,123.60,123.83
47,0,0,0,0,95739,95739,95739,1540,1540,1540,591,591,591,0.00,0.00,0.00,0.00,0.00,0.00,0.00,0.00,0.00,0.00,0.00,0.00,0.00,0.00,0.00,0.00,0.00,0.00,0.00,0.00,0.00,290927,298583,306653,304032,473323,1129523,0,0,0,0,0,0,0,109557,0,136.41,136.59,136.68
47,1,0,0,0,95761,95761,95761,1518,1518,1518,591,591,591,0.00,0.00,0.00,0.00,0.00,0.00,0.00,0.00,0.00,0.00,0.00,0.00,0.00,0.00,0.00,0.00,0.00,0.00,0.00,0.00,0.00,296151,508975,1126958,309255,570828,1381179,0,524,2620,0,0,0,0,74252,0,91.46,91.53,91.57
47,2,0,0,0,95745,95745,95745,1534,1534,1534,591,591,591,0.00,0.00,0.00,0.00,0.00,0.00,0.00,0.00,0.00,0.00,0.00,0.00,0.00,0.00,0.00,0.00,0.00,0.00,0.00,0.00,0.00,390522,476491,773185,403627,494838,788911,0,0,0,0,524,2620,0,116489,0,144.94,145.05,145.18
47,3,0,0,0,95746,95746,95746,1533,1533,1533,591,591,591,0.00,0.00,0.00,0.00,0.00,0.00,0.00,0.00,0.00,0.00,0.00,0.00,0.00,0.00,0.00,0.00,0.00,0.00,0.00,0.00,0.00,197444,813678,2589314,211423,975293,3310023,0,0,0,0,0,0,0,99295,0,123.82,123.86,123.92
48,0,0,0,0,95739,95739,95739,1540,1540,1540,591,591,591,0.00,0.00,0.00,0.00,0.00,0.00,0.00,0.00,0.00,0.00,0.00,0.00,0.00,0.00,0.00,0.00,0.00,0.00,0.00,0.00,0.00,288087,352210,587097,301425,368736,600202,0,0,0,0,0,0,0,109442,0,136.39,136.40,136.41
48,1,0,0,0,95761,95761,95761,1518,1518,1518,591,591,591,0.00,0.00,0.00,0.00,0.00,0.00,0.00,0.00,0.00,0.00,0.00,0.00,0.00,0.00,0.00,0.00,0.00,0.00,0.00,0.00,0.00,280901,372825,589820,296085,386945,603410,0,0,0,0,0,0,0,74452,0,91.53,91.61,91.67
48,2,0,0,0,95745,95745,95745,1534,1534,1534,591,591,591,0.00,0.00,0.00,0.00,0.00,0.00,0.00,0.00,0.00,0.00,0.00,0.00,0.00,0.00,0.00,0.00,0.00,0.00,0.00,0.00,0.00,395744,644056,1373381,411469,657655,1389106,0,0,0,0,0,0,0,131049,0,145.03,145.04,145.06
48,3,0,0,0,95746,95746,95746,1533,1533,1533,591,591,591,0.00,0.00,0.00,0.00,0.00,0.00,0.00,0.00,0.00,0.00,0.00,0.00,0.00,0.00,0.00,0.00,0.00,0.00,0.00,0.00,0.00,295723,475175,610579,308809,489746,623681,0,0,0,0,0,0,0,112728,0,124.06,124.53,124.87
49,0,0,0,0,95739,95739,95739,1540,1540,1540,591,591,591,0.00,0.00,0.00,0.00,0.00,0.00,0.00,0.00,0.00,0.00,0.00,0.00,0.00,0.00,0.00,0.00,0.00,0.00,0.00,0.00,0.00,290928,299835,309274,304033,310842,322384,0,0,0,0,0,0,0,123172,0,136.43,136.46,136.49
49,1,0,0,0,95761,95761,95761,1518,1518,1518,591,591,591,0.00,0.00,0.00,0.00,0.00,0.00,0.00,0.00,0.00,0.00,0.00,0.00,0.00,0.00,0.00,0.00,0.00,0.00,0.00,0.00,0.00,290927,496934,851815,306653,510563,864920,0,0,0,0,0,0,0,74007,0,91.59,91.62,91.66
49,2,0,0,0,95745,95745,95745,1534,1534,1534,591,591,591,0.00,0.00,0.00,0.00,0.00,0.00,0.00,0.00,0.00,0.00,0.00,0.00,0.00,0.00,0.00,0.00,0.00,0.00,0.00,0.00,0.00,408871,504272,775802,421976,517901,788907,0,0,0,0,0,0,0,116429,0,144.95,144.98,145.01
49,3,0,0,0,95746,95746,95746,1533,1533,1533,591,591,591,0.00,0.00,0.00,0.00,0.00,0.00,0.00,0.00,0.00,0.00,0.00,0.00,0.00,0.00,0.00,0.00,0.00,0.00,0.00,0.00,0.00,296170,454488,977623,309274,468117,993349,0,0,0,0,0,0,0,100215,0,124.86,124.91,124.96
50,0,0,0,0,95739,95739,95739,1540,1540,1540,591,591,591,0.00,0.00,0.00,0.00,0.00,0.00,0.00,0.00,0.00,0.00,0.00,0.00,0.00,0.00,0.00,0.00,0.00,0.00,0.00,0.00,0.00,296170,457620,796766,317137,473870,812492,0,0,0,0,0,0,0,109518,0,136.43,136.50,136.56
50,1,0,0,0,95761,95761,95761,1518,1518,1518,591,591,591,0.00,0.00,0.00,0.00,0.00,0.00,0.00,0.00,0.00,0.00,0.00,0.00,0.00,0.00,0.00,0.00,0.00,0.00,0.00,0.00,0.00,290924,370598,566103,306650,384227,579207,0,0,0,0,0,0,0,74207,0,91.59,91.61,91.63
50,2,0,0,0,95745,95745,95745,1534,1534,1534,591,591,591,0.00,0.00,0.00,0.00,0.00,0.00,0.00,0.00,0.00,0.00,0.00,0.00,0.00,0.00,0.00,0.00,0.00,0.00,0.00,0.00,0.00,406254,494309,623757,421980,508462,634240,0,0,0,0,0,0,0,87388,0,144.97,145.02,145.07
50,3,0,0,0,95746,95746,95746,1533,1533,1533,591,591,591,0.00,0.00,0.00,0.00,0.00,0.00,0.00,0.00,0.00,0.00,0.00,0.00,0.00,0.00,0.00,0.00,0.00,0.00,0.00,0.00,0.00,293548,376894,589716,309272,391047,605442,0,0,0,0,0,0,0,100291,0,124.92,124.97,124.99
51,0,0,0,0,95739,95739,95739,1540,1540,1540,591,591,591,0.00,0.00,0.00,0.00,0.00,0.00,0.00,0.00,0.00,0.00,0.00,0.00,0.00,0.00,0.00,0.00,0.00,0.00,0.00,0.00,0.00,195694,299882,387902,206178,312244,401007,0,0,0,0,0,0,0,81828,0,136.21,136.36,136.54
51,1,0,0,0,95761,95761,95761,1518,1518,1518,591,591,591,0.00,0.00,0.00,0.00,0.00,0.00,0.00,0.00,0.00,0.00,0.00,0.00,0.00,0.00,0.00,0.00,0.00,0.00,0.00,0.00,0.00,243048,400903,584477,251606,414101,600203,0,0,0,0,0,0,0,55585,0,91.59,91.61,91.63
51,2,0,0,0,95745,95745,95745,1534,1534,1534,591,591,591,0.00,0.00,0.00,0.00,0.00,0.00,0.00,0.00,0.00,0.00,0.00,0.00,0.00,0.00,0.00,0.00,0.00,0.00,0.00,0.00,0.00,406249,460670,629034,421975,487498,642139,0,0,0,0,0,0,0,130957,0,145.00,145.05,145.07
51,3,0,0,0,95746,95746,95746,1533,1533,1533,591,591,591,0.00,0.00,0.00,0.00,0.00,0.00,0.00,0.00,0.00,0.00,0.00,0.00,0.00,0.00,0.00,0.00,0.00,0.00,0.00,0.00,0.00,290926,430885,594954,306651,444514,608059,0,0,0,0,0,0,0,74330,0,123.50,124.12,124.61
52,0,0,0,0,95739,95739,95739,1540,1540,1540,591,591,591,0.00,0.00,0.00,0.00,0.00,0.00,0.00,0.00,0.00,0.00,0.00,0.00,0.00,0.00,0.00,0.00,0.00,0.00,0.00,0.00,0.00,285881,322477,429844,298759,336575,448191,0,0,0,0,0,0,0,109246,0,135.94,136.00,136.11
52,1,0,0,0,95761,95761,95761,1518,1518,1518,591,591,591,0.00,0.00,0.00,0.00,0.00,0.00,0.00,0.00,0.00,0.00,0.00,0.00,0.00,0.00,0.00,0.00,0.00,0.00,0.00,0.00,0.00,293530,385270,592303,306873,399470,605407,0,0,0,0,0,0,0,74162,0,91.47,91.53,91.56
52,2,0,0,0,95745,95745,95745,1534,1534,1534,591,591,591,0.00,0.00,0.00,0.00,0.00,0.00,0.00,0.00,0.00,0.00,0.00,0.00,0.00,0.00,0.00,0.00,0.00,0.00,0.00,0.00,0.00,401004,744928,1583406,423863,760508,1596513,0,0,0,0,0,0,0,116433,0,144.93,144.96,145.00
52,3,0,0,0,95746,95746,95746,1533,1533,1533,591,591,591,0.00,0.00,0.00,0.00,0.00,0.00,0.00,0.00,0.00,0.00,0.00,0.00,0.00,0.00,0.00,0.00,0.00,0.00,0.00,0.00,0.00,296169,355557,411467,304032,368620,424571,0,0,0,0,0,0,0,111480,0,123.31,123.44,123.57
53,0,0,5,28,90543,91793,95739,1540,5498,6736,591,591,591,0.00,0.00,0.01,0.00,0.00,0.01,0.00,0.00,0.00,0.00,0.00,0.00,0.00,0.00,0.00,0.00,0.00,0.00,0.00,0.00,0.02,332865,418810,516306,356454,784145,1868612,0,0,0,0,0,0,0,125005,0,136.02,137.62,138.45
53,1,0,7,31,90565,92115,95761,1518,5140,6714,591,591,591,0.00,0.00,0.01,0.00,0.00,0.01,0.00,0.00,0.00,0.00,0.00,0.00,0.00,0.00,0.00,0.00,0.00,0.00,0.00,0.00,0.01,311897,637386,1514795,325002,1002198,3037453,0,0,0,0,0,0,0,76016,0,91.58,92.89,93.70
53,2,0,9,34,90549,92063,95745,1534,5216,6730,591,591,591,0.00,0.00,0.01,0.00,0.00,0.01,0.00,0.00,0.00,0.00,0.00,0.00,0.00,0.00,0.00,0.00,0.00,0.00,0.00,0.00,0.01,406227,480659,699783,414109,844443,2120316,0,0,0,0,0,0,0,119334,0,145.24,147.01,147.98
53,3,0,3,12,90550,91928,95746,1533,5343,6729,591,591,591,0.00,0.00,0.01,0.00,0.00,0.01,0.00,0.00,0.00,0.00,0.00,0.00,0.00,0.00,0.00,0.00,0.00,0.00,0.00,0.00,0.01,298787,501113,927819,314513,865931,2091388,0,0,0,0,0,0,0,102260,0,124.16,126.22,127.21
54,0,0,0,0,90543,90543,90543,6736,6736,6736,591,591,591,0.00,0.00,0.00,0.00,0.00,0.00,0.00,0.00,0.00,0.00,0.00,0.00,0.00,0.00,0.00,0.00,0.00,0.00,0.00,0.00,0.00,309270,449747,888499,322375,462851,904225,0,0,0,0,0,0,0,108951,0,135.84,136.73,138.28
54,1,0,0,0,90565,90565,90565,6714,6714,6714,591,591,591,0.00,0.00,0.00,0.00,0.00,0.00,0.00,0.00,0.00,0.00,0.00,0.00,0.00,0.00,0.00,0.00,0.00,0.00,0.00,0.00,0.00,301408,377937,592334,317129,391566,605439,0,0,0,0,0,0,0,74290,0,91.64,92.41,93.68
54,2,0,0,0,90549,90549,90549,6730,6730,6730,591,591,591,0.00,0.00,0.00,0.00,0.00,0.00,0.00,0.00,0.00,0.00,0.00,0.00,0.00,0.00,0.00,0.00,0.00,0.00,0.00,0.00,0.00,406242,454466,623778,419347,468095,636883,0,0,0,0,0,0,0,116627,0,145.25,146.20,147.82
54,3,0,0,0,90550,90550,90550,6729,6729,6729,591,591,591,0.00,0.00,0.00,0.00,0.00,0.00,0.00,0.00,0.00,0.00,0.00,0.00,0.00,0.00,0.00,0.00,0.00,0.00,0.00,0.00,0.00,301405,430352,592329,314510,443981,605434,0,0,0,0,0,0,0,98886,0,123.27,124.41,126.69
55,0,0,0,0,90543,90543,90543,6736,6736,6736,591,591,591,0.00,0.00,0.00,0.00,0.00,0.00,0.00,0.00,0.00,0.00,0.00,0.00,0.00,0.00,0.00,0.00,0.00,0.00,0.00,0.00,0.00,296063,333712,426337,308935,346945,435074,0,0,0,0,0,0,0,109051,0,135.87,135.91,135.97
55,1,0,0,0,90565,90565,90565,6714,6714,6714,591,591,591,0.00,0.00,0.00,0.00,0.00,0.00,0.00,0.00,0.00,0.00,0.00,0.00,0.00,0.00,0.00,0.00,0.00,0.00,0.00,0.00,0.00,296164,332720,387872,309269,345814,400976,0,0,0,0,0,0,0,74240,0,91.61,91.67,91.71
55,2,0,0,0,90549,90549,90549,6730,6730,6730,591,591,591,0.00,0.00,0.00,0.00,0.00,0.00,0.00,0.00,0.00,0.00,0.00,0.00,0.00,0.00,0.00,0.00,0.00,0.00,0.00,0.00,0.00,414109,702319,1504121,427214,715815,1519187,0,0,0,0,0,0,0,131123,0,145.17,145.21,145.26
55,3,0,0,0,90550,90550,90550,6729,6729,6729,591,591,591,0.00,0.00,0.00,0.00,0.00,0.00,0.00,0.00,0.00,0.00,0.00,0.00,0.00,0.00,0.00,0.00,0.00,0.00,0.00,0.00,0.00,296166,397859,581853,311892,409915,594957,0,0,0,0,0,0,0,98997,0,123.37,123.42,123.50
56,0,0,0,0,90543,90543,90543,6736,6736,6736,591,591,591,0.00,0.00,0.00,0.00,0.00,0.00,0.00,0.00,0.00,0.00,0.00,0.00,0.00,0.00,0.00,0.00,0.00,0.00,0.00,0.00,0.00,293544,313164,355764,306649,326795,369139,0,0,0,0,0,0,0,109031,0,135.97,135.99,136.02
56,1,0,0,0,90565,90565,90565,6714,6714,6714,591,591,591,0.00,0.00,0.00,0.00,0.00,0.00,0.00,0.00,0.00,0.00,0.00,0.00,0.00,0.00,0.00,0.00,0.00,0.00,0.00,0.00,0.00,296167,420921,592327,311893,435074,605431,0,0,0,0,0,0,0,83514,0,91.66,91.72,91.79
56,2,0,0,0,90549,90549,90549,6730,6730,6730,591,591,591,0.00,0.00,0.00,0.00,0.00,0.00,0.00,0.00,0.00,0.00,0.00,0.00,0.00,0.00,0.00,0.00,0.00,0.00,0.00,0.00,0.00,283062,452373,746969,293545,465478,762695,0,0,0,0,0,0,0,116401,0,145.13,145.15,145.20
56,3,0,0,0,90550,90550,90550,6729,6729,6729,591,591,591,0.00,0.00,0.00,0.00,0.00,0.00,0.00,0.00,0.00,0.00,0.00,0.00,0.00,0.00,0.00,0.00,0.00,0.00,0.00,0.00,0.00,252475,482686,950083,269307,496476,962887,0,0,0,0,0,0,0,111561,0,123.43,123.50,123.58
57,0,0,2,11,88577,90149,90543,6736,7129,8702,591,591,591,0.00,0.00,0.00,0.00,0.00,0.00,0.00,0.00,0.00,0.00,0.00,0.00,0.00,0.00,0.00,0.00,0.00,0.00,0.00,0.00,0.00,293549,378977,618541,309275,394178,631646,0,0,0,0,0,0,0,123667,0,135.92,136.05,136.46
57,1,0,0,0,88499,90151,90565,6714,7022,8258,591,591,591,0.00,0.00,0.00,0.00,0.00,0.00,0.00,0.00,0.00,0.00,0.00,0.00,0.00,0.00,0.00,0.00,0.00,0.00,0.00,0.00,0.00,290922,562970,1410058,304027,576598,1423163,0,0,0,0,0,0,0,74752,0,91.70,91.73,91.78
57,2,0,0,0,90547,90548,90549,6730,6730,6732,591,591,591,0.00,0.00,0.00,0.00,0.00,0.00,0.00,0.00,0.00,0.00,0.00,0.00,0.00,0.00,0.00,0.00,0.00,0.00,0.00,0.00,0.00,401005,456567,621157,414110,479631,684060,0,0,0,0,0,0,0,116796,0,145.09,145.20,145.28
57,3,0,0,0,90548,90549,90550,6729,6729,6731,591,591,591,0.00,0.00,0.00,0.00,0.00,0.00,0.00,0.00,0.00,0.00,0.00,0.00,0.00,0.00,0.00,0.00,0.00,0.00,0.00,0.00,0.00,290925,361923,521562,304030,381904,566117,0,0,0,0,0,0,0,99547,0,123.65,123.84,124.07
58,0,0,3,13,86953,87703,87953,9326,9576,10326,591,591,591,0.00,0.00,0.00,0.00,0.00,0.00,0.00,0.00,0.00,0.00,0.00,0.00,0.00,0.00,0.00,0.00,0.00,0.00,0.00,0.00,0.01,293547,486851,838744,309273,717504,1617204,0,0,0,0,0,0,0,109411,0,137.26,137.28,137.31
58,1,0,1,5,86975,87725,87975,9304,9704,10304,591,591,591,0.00,0.00,0.00,0.00,0.00,0.00,0.00,0.00,0.00,0.00,0.00,0.00,0.00,0.00,0.00,0.00,0.00,0.00,0.00,0.00,0.01,304032,458663,660489,317137,690608,1255374,0,0,0,0,0,0,0,56163,0,92.63,92.77,93.01
58,2,0,4,16,87699,87894,87959,9320,9385,9580,591,591,591,0.00,0.00,0.00,0.00,0.00,0.00,0.00,0.00,0.00,0.00,0.00,0.00,0.00,0.00,0.00,0.00,0.00,0.00,0.00,0.00,0.01,401008,580522,959272,411492,799993,1375777,0,0,0,0,0,0,0,87625,0,146.61,146.67,146.78
58,3,0,7,28,87960,87960,87960,9319,9319,9319,591,591,591,0.00,0.00,0.00,0.00,0.00,0.00,0.00,0.00,0.00,0.00,0.00,0.00,0.00,0.00,0.00,0.00,0.00,0.00,0.00,0.00,0.01,338108,475694,568753,351213,700421,1354906,0,0,0,0,0,0,0,99563,0,125.21,125.27,125.32
59,0,0,1,2,85977,86549,86953,10326,10734,11302,591,591,591,0.00,0.00,0.01,0.00,0.00,0.01,0.00,0.00,0.00,0.00,0.00,0.00,0.00,0.00,0.00,0.00,0.00,0.00,0.00,0.00,0.01,225398,541134,1434603,345955,934431,2822762,0,0,0,0,0,0,0,83217,0,136.38,136.97,137.82
59,1,0,0,1,85999,86569,86975,10444,10787,11280,591,591,591,0.00,0.00,0.01,0.00,0.00,0.01,0.00,0.00,0.00,0.00,0.00,0.00,0.00,0.00,0.00,0.00,0.00,0.00,0.00,0.00,0.01,212584,533152,1263283,278261,937327,2665476,0,0,0,0,0,0,0,75671,0,92.09,92.42,93.33
59,2,0,1,3,85983,86551,86959,10320,10727,11296,591,591,591,0.00,0.00,0.00,0.00,0.00,0.01,0.00,0.00,0.00,0.00,0.00,0.00,0.00,0.00,0.00,0.00,0.00,0.00,0.00,0.00,0.00,416713,979612,1908047,461267,1323132,3101450,0,0,0,0,0,0,0,132891,0,145.80,146.29,147.04
59,3,0,3,11,85984,86549,86960,10319,10725,11295,591,591,591,0.00,0.00,0.02,0.00,0.00,0.01,0.00,0.00,0.00,0.00,0.00,0.00,0.00,0.00,0.00,0.00,0.00,0.00,0.00,0.00,0.01,298775,502659,901569,311879,889491,2308960,0,0,0,0,0,0,0,75617,0,124.03,124.62,125.46
60,0,0,8,37,85977,86193,86337,10942,11086,11302,591,591,591,0.00,0.01,0.02,0.00,0.00,0.02,0.00,0.00,0.00,0.00,0.00,0.00,0.00,0.00,0.00,0.00,0.00,0.00,0.00,0.00,0.02,306645,1328799,3095400,364302,2077314,3810932,0,416181,1187210,0,0,0,0,114058,0,137.59,139.94,141.57
60,1,0,2,9,85999,86215,86359,10660,11012,11280,591,591,591,0.00,0.01,0.02,0.00,0.00,0.02,0.00,0.00,0.00,0.00,0.00,0.00,0.00,0.00,0.00,0.00,0.00,0.00,0.00,0.01,0.02,602817,1468675,2935446,618543,2226609,3650961,0,0,0,0,0,0,0,86801,0,93.24,94.27,95.26
60,2,0,3,16,85983,86199,86343,10936,11080,11296,591,591,591,0.00,0.01,0.02,0.00,0.01,0.02,0.00,0.00,0.00,0.00,0.00,0.00,0.00,0.00,0.00,0.00,0.00,0.00,0.00,0.01,0.02,419336,1291829,2952610,440315,1998316,3701897,0,0,0,0,0,0,0,122978,0,146.78,150.26,152.25
60,3,0,2,10,85984,86200,86344,10935,11079,11295,591,591,591,0.00,0.01,0.02,0.00,0.01,0.02,0.00,0.00,0.00,0.00,0.00,0.00,0.00,0.00,0.00,0.00,0.00,0.00,0.00,0.01,0.02,351193,1497284,3066254,604906,2278453,3807921,0,0,0,0,0,0,0,117213,0,125.13,128.37,130.30
61,0,0,0,0,86337,86337,86337,10942,10942,10942,591,591,591,0.00,0.00,0.00,0.00,0.00,0.00,0.00,0.00,0.00,0.00,0.00,0.00,0.00,0.00,0.00,0.00,0.00,0.00,0.00,0.00,0.00,288306,320276,390511,304032,334953,406236,0,524,2620,0,0,0,0,123100,0,136.44,138.00,140.78
61,1,0,2,11,86359,86359,86359,10920,10920,10920,591,591,591,0.00,0.00,0.00,0.00,0.00,0.00,0.00,0.00,0.00,0.00,0.00,0.00,0.00,0.00,0.00,0.00,0.00,0.00,0.00,0.00,0.00,301408,386848,589703,317131,400477,602808,0,524,2620,0,1048,5241,0,74533,0,91.94,93.06,95.02
61,2,0,0,0,86343,86343,86343,10936,10936,10936,591,591,591,0.00,0.00,0.00,0.00,0.00,0.00,0.00,0.00,0.00,0.00,0.00,0.00,0.00,0.00,0.00,0.00,0.00,0.00,0.00,0.00,0.00,408864,505839,883246,421975,519992,896350,0,524,2620,0,524,2620,0,116983,0,146.11,148.01,151.89
61,3,0,0,0,86344,86344,86344,10935,10935,10935,591,591,591,0.00,0.00,0.00,0.00,0.00,0.00,0.00,0.00,0.00,0.00,0.00,0.00,0.00,0.00,0.00,0.00,0.00,0.00,0.00,0.00,0.00,298783,369030,581850,311888,382659,594955,0,0,0,0,0,0,0,99200,0,123.82,125.73,129.45
62,0,0,0,0,86337,86337,86337,10942,10942,10942,591,591,591,0.00,0.00,0.00,0.00,0.00,0.00,0.00,0.00,0.00,0.00,0.00,0.00,0.00,0.00,0.00,0.00,0.00,0.00,0.00,0.00,0.00,199187,450266,859617,209670,463370,870100,0,0,0,0,0,0,0,109318,0,136.08,136.15,136.26
62,1,0,0,0,86359,86359,86359,10920,10920,10920,591,591,591,0.00,0.00,0.00,0.00,0.00,0.00,0.00,0.00,0.00,0.00,0.00,0.00,0.00,0.00,0.00,0.00,0.00,0.00,0.00,0.00,0.00,298783,432449,589709,311888,446601,602814,0,0,0,0,0,0,0,74532,0,92.00,92.05,92.07
62,2,0,0,0,86343,86343,86343,10936,10936,10936,591,591,591,0.00,0.00,0.00,0.00,0.00,0.00,0.00,0.00,0.00,0.00,0.00,0.00,0.00,0.00,0.00,0.00,0.00,0.00,0.00,0.00,0.00,403624,535193,786279,416729,548822,796763,0,0,0,0,0,0,0,131318,0,145.46,145.54,145.73
62,3,0,0,0,86344,86344,86344,10935,10935,10935,591,591,591,0.00,0.00,0.00,0.00,0.00,0.00,0.00,0.00,0.00,0.00,0.00,0.00,0.00,0.00,0.00,0.00,0.00,0.00,0.00,0.00,0.00,301409,400999,581848,314514,415152,597574,0,0,0,0,0,0,0,98882,0,123.29,123.43,123.74
63,0,0,0,0,86337,86337,86337,10942,10942,10942,591,591,591,0.00,0.00,0.00,0.00,0.00,0.00,0.00,0.00,0.00,0.00,0.00,0.00,0.00,0.00,0.00,0.00,0.00,0.00,0.00,0.00,0.00,290919,317133,382657,304023,330761,395762,0,0,0,0,0,0,0,109141,0,136.07,136.15,136.23
63,1,0,0,0,86359,86359,86359,10920,10920,10920,591,591,591,0.00,0.00,0.00,0.00,0.00,0.00,0.00,0.00,0.00,0.00,0.00,0.00,0.00,0.00,0.00,0.00,0.00,0.00,0.00,0.00,0.00,200182,355877,606618,207085,368777,620219,0,0,0,0,0,0,0,74477,0,91.83,91.87,91.91
63,2,0,0,0,86343,86343,86343,10936,10936,10936,591,591,591,0.00,0.00,0.00,0.00,0.00,0.00,0.00,0.00,0.00,0.00,0.00,0.00,0.00,0.00,0.00,0.00,0.00,0.00,0.00,0.00,0.00,274325,693668,1580337,284809,706746,1593441,0,0,0,0,0,0,0,116933,0,145.46,145.47,145.48
63,3,0,0,0,86344,86344,86344,10935,10935,10935,591,591,591,0.00,0.00,0.00,0.00,0.00,0.00,0.00,0.00,0.00,0.00,0.00,0.00,0.00,0.00,0.00,0.00,0.00,0.00,0.00,0.00,0.00,293546,373222,571366,306651,386851,587092,0,0,0,0,0,0,0,99028,0,123.44,123.54,123.58
64,0,0,0,0,86337,86337,86337,10942,10942,10942,591,591,591,0.00,0.00,0.00,0.00,0.00,0.00,0.00,0.00,0.00,0.00,0.00,0.00,0.00,0.00,0.00,0.00,0.00,0.00,0.00,0.00,0.00,290609,298199,311893,303582,311801,324997,0,0,0,0,0,0,0,109012,0,136.02,136.09,136.12
64,1,0,0,0,86359,86359,86359,10920,10920,10920,591,591,591,0.00,0.00,0.00,0.00,0.00,0.00,0.00,0.00,0.00,0.00,0.00,0.00,0.00,0.00,0.00,0.00,0.00,0.00,0.00,0.00,0.00,304028,570840,1284262,319754,584469,1297367,0,0,0,0,0,0,0,74148,0,91.91,91.95,91.99
64,2,0,0,0,86343,86343,86343,10936,10936,10936,591,591,591,0.00,0.00,0.00,0.00,0.00,0.00,0.00,0.00,0.00,0.00,0.00,0.00,0.00,0.00,0.00,0.00,0.00,0.00,0.00,0.00,0.00,411487,506363,749588,427212,519992,762693,0,0,0,0,0,0,0,116778,0,145.42,145.44,145.47
64,3,0,0,0,86344,86344,86344,10935,10935,10935,591,591,591,0.00,0.00,0.00,0.00,0.00,0.00,0.00,0.00,0.00,0.00,0.00,0.00,0.00,0.00,0.00,0.00,0.00,0.00,0.00,0.00,0.00,288305,465268,658366,304031,477972,667075,0,0,0,0,0,0,0,111371,0,123.44,123.50,123.56
65,0,0,0,0,86337,86337,86337,10942,10942,10942,591,591,591,0.00,0.00,0.00,0.00,0.00,0.00,0.00,0.00,0.00,0.00,0.00,0.00,0.00,0.00,0.00,0.00,0.00,0.00,0.00,0.00,0.00,293545,401658,621160,306650,415417,634264,0,0,0,0,0,0,0,122976,0,136.11,136.19,136.29
65,1,0,0,0,86359,86359,86359,10920,10920,10920,591,591,591,0.00,0.00,0.00,0.00,0.00,0.00,0.00,0.00,0.00,0.00,0.00,0.00,0.00,0.00,0.00,0.00,0.00,0.00,0.00,0.00,0.00,304011,397065,584462,317132,410824,597567,0,0,0,0,0,0,0,55711,0,91.70,91.77,91.86
65,2,0,0,0,86343,86343,86343,10936,10936,10936,591,591,591,0.00,0.00,0.00,0.00,0.00,0.00,0.00,0.00,0.00,0.00,0.00,0.00,0.00,0.00,0.00,0.00,0.00,0.00,0.00,0.00,0.00,408864,464555,621165,421968,478315,634270,0,0,0,0,0,0,0,87554,0,145.33,145.36,145.39
65,3,0,0,0,86344,86344,86344,10935,10935,10935,591,591,591,0.00,0.00,0.00,0.00,0.00,0.00,0.00,0.00,0.00,0.00,0.00,0.00,0.00,0.00,0.00,0.00,0.00,0.00,0.00,0.00,0.00,293474,351188,518948,309271,365674,534674,0,0,0,0,0,0,0,99105,0,123.48,123.51,123.53
66,0,0,0,0,86337,86337,86337,10942,10942,10942,591,591,591,0.00,0.00,0.00,0.00,0.00,0.00,0.00,0.00,0.00,0.00,0.00,0.00,0.00,0.00,0.00,0.00,0.00,0.00,0.00,0.00,0.00,195694,403448,760075,204430,416728,773179,0,0,0,0,0,0,0,109387,0,136.20,136.23,136.26
66,1,0,0,0,86359,86359,86359,10920,10920,10920,591,591,591,0.00,0.00,0.00,0.00,0.00,0.00,0.00,0.00,0.00,0.00,0.00,0.00,0.00,0.00,0.00,0.00,0.00,0.00,0.00,0.00,0.00,298787,403625,749592,311892,418303,767939,0,0,0,0,0,0,0,74432,0,91.79,91.86,91.91
66,2,0,0,0,86343,86343,86343,10936,10936,10936,591,591,591,0.00,0.00,0.00,0.00,0.00,0.00,0.00,0.00,0.00,0.00,0.00,0.00,0.00,0.00,0.00,0.00,0.00,0.00,0.00,0.00,0.00,411482,530998,880622,427207,545150,893726,0,0,0,0,0,0,0,131122,0,145.30,145.35,145.41
66,3,0,0,0,86344,86344,86344,10935,10935,10935,591,591,591,0.00,0.00,0.00,0.00,0.00,0.00,0.00,0.00,0.00,0.00,0.00,0.00,0.00,0.00,0.00,0.00,0.00,0.00,0.00,0.00,0.00,309271,402050,573983,324996,415679,587088,0,0,0,0,0,0,0,98980,0,123.40,123.49,123.59
67,0,0,0,0,86337,86337,86337,10942,10942,10942,591,591,591,0.00,0.00,0.00,0.00,0.00,0.00,0.00,0.00,0.00,0.00,0.00,0.00,0.00,0.00,0.00,0.00,0.00,0.00,0.00,0.00,0.00,290925,313985,372174,304030,327614,387900,0,0,0,0,0,0,0,81852,0,136.17,136.26,136.31
67,1,0,0,0,86359,86359,86359,10920,10920,10920,591,591,591,0.00,0.00,0.00,0.00,0.00,0.00,0.00,0.00,0.00,0.00,0.00,0.00,0.00,0.00,0.00,0.00,0.00,0.00,0.00,0.00,0.00,237633,348942,583654,247890,361469,596510,0,0,0,0,0,0,0,83508,0,91.81,91.86,91.91
67,2,0,0,0,86343,86343,86343,10936,10936,10936,591,591,591,0.00,0.00,0.00,0.00,0.00,0.00,0.00,0.00,0.00,0.00,0.00,0.00,0.00,0.00,0.00,0.00,0.00,0.00,0.00,0.00,0.00,393095,712802,1640707,406198,725812,1651190,0,0,0,0,0,0,0,116720,0,145.22,145.25,145.28
67,3,0,0,0,86344,86344,86344,10935,10935,10935,591,591,591,0.00,0.00,0.00,0.00,0.00,0.00,0.00,0.00,0.00,0.00,0.00,0.00,0.00,0.00,0.00,0.00,0.00,0.00,0.00,0.00,0.00,293528,375316,587093,306632,388944,602818,0,0,0,0,0,0,0,74264,0,123.44,123.54,123.64
68,0,0,0,0,86337,86337,86337,10942,10942,10942,591,591,591,0.00,0.00,0.00,0.00,0.00,0.00,0.00,0.00,0.00,0.00,0.00,0.00,0.00,0.00,0.00,0.00,0.00,0.00,0.00,0.00,0.00,293550,333908,395765,306655,347537,411491,0,0,0,0,0,0,0,108997,0,135.98,136.03,136.05
68,1,0,0,0,86359,86359,86359,10920,10920,10920,591,591,591,0.00,0.00,0.00,0.00,0.00,0.00,0.00,0.00,0.00,0.00,0.00,0.00,0.00,0.00,0.00,0.00,0.00,0.00,0.00,0.00,0.00,304028,583419,1273761,317132,597571,1289486,0,0,0,0,0,0,0,74166,0,91.73,91.85,91.92
68,2,0,0,0,86343,86343,86343,10936,10936,10936,591,591,591,0.00,0.00,0.00,0.00,0.00,0.00,0.00,0.00,0.00,0.00,0.00,0.00,0.00,0.00,0.00,0.00,0.00,0.00,0.00,0.00,0.00,272568,433500,581849,284799,446429,594954,0,0,0,0,0,0,0,116789,0,145.27,145.29,145.31
68,3,0,0,0,86344,86344,86344,10935,10935,10935,591,591,591,0.00,0.00,0.00,0.00,0.00,0.00,0.00,0.00,0.00,0.00,0.00,0.00,0.00,0.00,0.00,0.00,0.00,0.00,0.00,0.00,0.00,206581,523567,969752,215261,537359,985478,0,0,0,0,0,0,0,111402,0,123.52,123.57,123.61
69,0,0,0,0,86337,86337,86337,10942,10942,10942,591,591,591,0.00,0.00,0.00,0.00,0.00,0.00,0.00,0.00,0.00,0.00,0.00,0.00,0.00,0.00,0.00,0.00,0.00,0.00,0.00,0.00,0.00,290924,447124,935650,306650,461277,948755,0,0,0,0,0,0,0,122916,0,136.06,136.10,136.12
69,1,0,0,0,86359,86359,86359,10920,10920,10920,591,591,591,0.00,0.00,0.00,0.00,0.00,0.00,0.00,0.00,0.00,0.00,0.00,0.00,0.00,0.00,0.00,0.00,0.00,0.00,0.00,0.00,0.00,301408,380559,584472,314513,394189,594956,0,0,0,0,0,0,0,74267,0,91.62,91.65,91.71
69,2,0,0,0,86343,86343,86343,10936,10936,10936,591,591,591,0.00,0.00,0.00,0.00,0.00,0.00,0.00,0.00,0.00,0.00,0.00,0.00,0.00,0.00,0.00,0.00,0.00,0.00,0.00,0.00,0.00,403625,586562,859669,416729,601239,872774,0,0,0,0,0,0,0,116492,0,145.19,145.24,145.31
69,3,0,0,0,86344,86344,86344,10935,10935,10935,591,591,591,0.00,0.00,0.00,0.00,0.00,0.00,0.00,0.00,0.00,0.00,0.00,0.00,0.00,0.00,0.00,0.00,0.00,0.00,0.00,0.00,0.00,296151,391820,600196,306831,405432,613301,0,0,0,0,0,0,0,98858,0,123.29,123.38,123.48
70,0,0,0,0,86337,86337,86337,10942,10942,10942,591,591,591,0.00,0.00,0.00,0.00,0.00,0.00,0.00,0.00,0.00,0.00,0.00,0.00,0.00,0.00,0.00,0.00,0.00,0.00,0.00,0.00,0.00,199189,288302,351208,207926,301581,364313,0,0,0,0,0,0,0,109283,0,136.10,136.13,136.17
70,1,0,0,0,86359,86359,86359,10920,10920,10920,591,591,591,0.00,0.00,0.00,0.00,0.00,0.00,0.00,0.00,0.00,0.00,0.00,0.00,0.00,0.00,0.00,0.00,0.00,0.00,0.00,0.00,0.00,304027,383173,581807,317131,396801,597532,0,0,0,0,0,0,0,74210,0,91.68,91.74,91.78
70,2,0,0,0,86343,86343,86343,10936,10936,10936,591,591,591,0.00,0.00,0.00,0.00,0.00,0.00,0.00,0.00,0.00,0.00,0.00,0.00,0.00,0.00,0.00,0.00,0.00,0.00,0.00,0.00,0.00,408872,671467,1543650,421977,685096,1556754,0,0,0,0,0,0,0,131179,0,145.16,145.19,145.21
70,3,0,0,0,86344,86344,86344,10935,10935,10935,591,591,591,0.00,0.00,0.00,0.00,0.00,0.00,0.00,0.00,0.00,0.00,0.00,0.00,0.00,0.00,0.00,0.00,0.00,0.00,0.00,0.00,0.00,298784,378464,563504,311889,392093,579229,0,0,0,0,0,0,0,99088,0,123.36,123.45,123.55
71,0,0,0,0,86337,86337,86337,10942,10942,10942,591,591,591,0.00,0.00,0.00,0.00,0.00,0.00,0.00,0.00,0.00,0.00,0.00,0.00,0.00,0.00,0.00,0.00,0.00,0.00,0.00,0.00,0.00,293524,320798,380031,306627,334426,393136,0,0,0,0,0,0,0,109235,0,136.04,136.10,136.14
71,1,0,0,0,86359,86359,86359,10920,10920,10920,591,591,591,0.00,0.00,0.00,0.00,0.00,0.00,0.00,0.00,0.00,0.00,0.00,0.00,0.00,0.00,0.00,0.00,0.00,0.00,0.00,0.00,0.00,288264,554033,1431030,301610,567117,1446755,0,0,0,0,0,0,0,83608,0,91.47,91.55,91.64
71,2,0,0,0,86343,86343,86343,10936,10936,10936,591,591,591,0.00,0.00,0.00,0.00,0.00,0.00,0.00,0.00,0.00,0.00,0.00,0.00,0.00,0.00,0.00,0.00,0.00,0.00,0.00,0.00,0.00,276075,462424,817749,286559,475485,830853,0,0,0,0,0,0,0,116396,0,144.98,145.10,145.21
71,3,0,0,0,86344,86344,86344,10935,10935,10935,591,591,591,0.00,0.00,0.00,0.00,0.00,0.00,0.00,0.00,0.00,0.00,0.00,0.00,0.00,0.00,0.00,0.00,0.00,0.00,0.00,0.00,0.00,296165,377413,573982,311890,391566,587086,0,0,0,0,0,0,0,98869,0,123.34,123.42,123.54
72,0,0,0,0,86337,86337,86337,10942,10942,10942,591,591,591,0.00,0.00,0.00,0.00,0.00,0.00,0.00,0.00,0.00,0.00,0.00,0.00,0.00,0.00,0.00,0.00,0.00,0.00,0.00,0.00,0.00,293545,329816,453420,309270,344445,469146,0,0,0,0,0,0,0,109075,0,135.98,136.01,136.06
72,1,0,0,0,86359,86359,86359,10920,10920,10920,591,591,591,0.00,0.00,0.00,0.00,0.00,0.00,0.00,0.00,0.00,0.00,0.00,0.00,0.00,0.00,0.00,0.00,0.00,0.00,0.00,0.00,0.00,290922,355919,500594,304027,369547,513699,0,0,0,0,0,0,0,73984,0,91.37,91.56,91.68
72,2,0,0,0,86343,86343,86343,10936,10936,10936,591,591,591,0.00,0.00,0.00,0.00,0.00,0.00,0.00,0.00,0.00,0.00,0.00,0.00,0.00,0.00,0.00,0.00,0.00,0.00,0.00,0.00,0.00,414107,463383,623789,427212,477012,636894,0,0,0,0,0,0,0,116490,0,144.85,144.91,144.95
72,3,0,0,0,86344,86344,86344,10935,10935,10935,591,591,591,0.00,0.00,0.00,0.00,0.00,0.00,0.00,0.00,0.00,0.00,0.00,0.00,0.00,0.00,0.00,0.00,0.00,0.00,0.00,0.00,0.00,212764,492300,990720,223143,505384,1006446,0,0,0,0,0,0,0,98888,0,123.31,123.35,123.43
73,0,0,0,0,86337,86337,86337,10942,10942,10942,591,591,591,0.00,0.00,0.00,0.00,0.00,0.00,0.00,0.00,0.00,0.00,0.00,0.00,0.00,0.00,0.00,0.00,0.00,0.00,0.00,0.00,0.00,296170,452768,796767,309275,466528,809871,0,0,0,0,0,0,0,122838,0,136.08,136.11,136.16
73,1,0,0,0,86359,86359,86359,10920,10920,10920,591,591,591,0.00,0.00,0.00,0.00,0.00,0.00,0.00,0.00,0.00,0.00,0.00,0.00,0.00,0.00,0.00,0.00,0.00,0.00,0.00,0.00,0.00,301405,388552,587087,314509,402967,602812,0,0,0,0,0,0,0,55734,0,91.40,91.53,91.67
73,2,0,0,0,86343,86343,86343,10936,10936,10936,591,591,591,0.00,0.00,0.00,0.00,0.00,0.00,0.00,0.00,0.00,0.00,0.00,0.00,0.00,0.00,0.00,0.00,0.00,0.00,0.00,0.00,0.00,406245,523530,859682,421971,536635,872787,0,0,0,0,0,0,0,87196,0,144.97,144.98,144.99
73,3,0,0,0,86344,86344,86344,10935,10935,10935,591,591,591,0.00,0.00,0.00,0.00,0.00,0.00,0.00,0.00,0.00,0.00,0.00,0.00,0.00,0.00,0.00,0.00,0.00,0.00,0.00,0.00,0.00,290998,393145,581848,304106,406905,594952,0,0,0,0,0,0,0,98930,0,123.31,123.35,123.38
74,0,0,0,0,86337,86337,86337,10942,10942,10942,591,591,591,0.00,0.00,0.00,0.00,0.00,0.00,0.00,0.00,0.00,0.00,0.00,0.00,0.00,0.00,0.00,0.00,0.00,0.00,0.00,0.00,0.00,197436,319404,497979,206172,331635,511083,0,0,0,0,0,0,0,109328,0,136.09,136.14,136.19
74,1,0,0,0,86359,86359,86359,10920,10920,10920,591,591,591,0.00,0.00,0.00,0.00,0.00,0.00,0.00,0.00,0.00,0.00,0.00,0.00,0.00,0.00,0.00,0.00,0.00,0.00,0.00,0.00,0.00,298789,433503,592337,311894,446608,605441,0,0,0,0,0,0,0,74107,0,91.49,91.55,91.62
74,2,0,0,0,86343,86343,86343,10936,10936,10936,591,591,591,0.00,0.00,0.00,0.00,0.00,0.00,0.00,0.00,0.00,0.00,0.00,0.00,0.00,0.00,0.00,0.00,0.00,0.00,0.00,0.00,0.00,416734,738584,1575188,432460,752737,1585672,0,0,0,0,0,0,0,116320,0,144.96,145.01,145.05
74,3,0,0,0,86344,86344,86344,10935,10935,10935,591,591,591,0.00,0.00,0.00,0.00,0.00,0.00,0.00,0.00,0.00,0.00,0.00,0.00,0.00,0.00,0.00,0.00,0.00,0.00,0.00,0.00,0.00,296164,378456,581847,309268,391560,597573,0,0,0,0,0,0,0,98734,0,123.25,123.38,123.45
75,0,0,0,0,86337,86337,86337,10942,10942,10942,591,591,591,0.00,0.00,0.00,0.00,0.00,0.00,0.00,0.00,0.00,0.00,0.00,0.00,0.00,0.00,0.00,0.00,0.00,0.00,0.00,0.00,0.00,296166,316086,366942,309274,330240,382668,0,0,0,0,0,0,0,82035,0,136.10,136.12,136.16
75,1,0,0,0,86359,86359,86359,10920,10920,10920,591,591,591,0.00,0.00,0.00,0.00,0.00,0.00,0.00,0.00,0.00,0.00,0.00,0.00,0.00,0.00,0.00,0.00,0.00,0.00,0.00,0.00,0.00,209222,426794,969752,219596,439878,982857,0,0,0,0,0,0,0,83890,0,91.45,91.60,91.72
75,2,0,0,0,86343,86343,86343,10936,10936,10936,591,591,591,0.00,0.00,0.00,0.00,0.00,0.00,0.00,0.00,0.00,0.00,0.00,0.00,0.00,0.00,0.00,0.00,0.00,0.00,0.00,0.00,0.00,263806,464611,828170,274289,477677,841274,0,0,0,0,0,0,0,116546,0,144.99,145.07,145.17
75,3,0,0,0,86344,86344,86344,10935,10935,10935,591,591,591,0.00,0.00,0.00,0.00,0.00,0.00,0.00,0.00,0.00,0.00,0.00,0.00,0.00,0.00,0.00,0.00,0.00,0.00,0.00,0.00,0.00,290921,374264,602800,304025,388417,618525,0,0,0,0,0,0,0,74006,0,123.08,123.17,123.28
76,0,0,0,0,86337,86337,86337,10942,10942,10942,591,591,591,0.00,0.00,0.00,0.00,0.00,0.00,0.00,0.00,0.00,0.00,0.00,0.00,0.00,0.00,0.00,0.00,0.00,0.00,0.00,0.00,0.00,296166,309794,356446,309271,323423,372172,0,0,0,0,0,0,0,109067,0,135.99,136.03,136.04
76,1,0,0,0,86359,86359,86359,10920,10920,10920,591,591,591,0.00,0.00,0.00,0.00,0.00,0.00,0.00,0.00,0.00,0.00,0.00,0.00,0.00,0.00,0.00,0.00,0.00,0.00,0.00,0.00,0.00,317133,417773,605425,330238,431926,621151,0,0,0,0,0,0,0,74230,0,91.67,91.81,91.90
76,2,0,0,0,86343,86343,86343,10936,10936,10936,591,591,591,0.00,0.00,0.00,0.00,0.00,0.00,0.00,0.00,0.00,0.00,0.00,0.00,0.00,0.00,0.00,0.00,0.00,0.00,0.00,0.00,0.00,400998,498501,867529,414102,512130,883255,0,0,0,0,0,0,0,116518,0,145.18,145.20,145.22
76,3,0,0,0,86344,86344,86344,10935,10935,10935,591,591,591,0.00,0.00,0.00,0.00,0.00,0.00,0.00,0.00,0.00,0.00,0.00,0.00,0.00,0.00,0.00,0.00,0.00,0.00,0.00,0.00,0.00,330232,523658,969740,345958,537811,982845,0,0,0,0,0,0,0,98861,0,123.08,123.18,123.27
77,0,0,0,0,86337,86337,86337,10942,10942,10942,591,591,591,0.00,0.00,0.00,0.00,0.00,0.00,0.00,0.00,0.00,0.00,0.00,0.00,0.00,0.00,0.00,0.00,0.00,0.00,0.00,0.00,0.00,296157,457086,822973,309261,470714,838698,0,0,0,0,0,0,0,122874,0,136.08,136.11,136.16
77,1,0,0,0,86359,86359,86359,10920,10920,10920,591,591,591,0.00,0.00,0.00,0.00,0.00,0.00,0.00,0.00,0.00,0.00,0.00,0.00,0.00,0.00,0.00,0.00,0.00,0.00,0.00,0.00,0.00,309269,426685,589715,324994,440838,605441,0,0,0,0,0,0,0,74222,0,91.62,91.65,91.67
77,2,0,0,0,86343,86343,86343,10936,10936,10936,591,591,591,0.00,0.00,0.00,0.00,0.00,0.00,0.00,0.00,0.00,0.00,0.00,0.00,0.00,0.00,0.00,0.00,0.00,0.00,0.00,0.00,0.00,403624,503218,862285,419350,516847,875390,0,0,0,0,0,0,0,130900,0,145.00,145.09,145.16
77,3,0,0,0,86344,86344,86344,10935,10935,10935,591,591,591,0.00,0.00,0.00,0.00,0.00,0.00,0.00,0.00,0.00,0.00,0.00,0.00,0.00,0.00,0.00,0.00,0.00,0.00,0.00,0.00,0.00,195637,388690,623577,204294,400913,637192,0,0,0,0,0,0,0,98867,0,123.23,123.29,123.33
78,0,0,0,0,86337,86337,86337,10942,10942,10942,591,591,591,0.00,0.00,0.00,0.00,0.00,0.00,0.00,0.00,0.00,0.00,0.00,0.00,0.00,0.00,0.00,0.00,0.00,0.00,0.00,0.00,0.00,195692,302805,364306,204428,316085,377411,0,0,0,0,0,0,0,109348,0,136.07,136.12,136.17
78,1,0,0,0,86359,86359,86359,10920,10920,10920,591,591,591,0.00,0.00,0.00,0.00,0.00,0.00,0.00,0.00,0.00,0.00,0.00,0.00,0.00,0.00,0.00,0.00,0.00,0.00,0.00,0.00,0.00,304030,393140,644757,317135,407293,657862,0,0,0,0,0,0,0,74322,0,91.63,91.70,91.78
78,2,0,0,0,86343,86343,86343,10936,10936,10936,591,591,591,0.00,0.00,0.00,0.00,0.00,0.00,0.00,0.00,0.00,0.00,0.00,0.00,0.00,0.00,0.00,0.00,0.00,0.00,0.00,0.00,0.00,411483,745388,1551595,424588,759016,1567320,0,0,0,0,0,0,0,116540,0,145.01,145.08,145.18
78,3,0,0,0,86344,86344,86344,10935,10935,10935,591,591,591,0.00,0.00,0.00,0.00,0.00,0.00,0.00,0.00,0.00,0.00,0.00,0.00,0.00,0.00,0.00,0.00,0.00,0.00,0.00,0.00,0.00,293540,387371,589712,306646,402572,608058,0,0,0,0,0,0,0,98750,0,123.23,123.26,123.31
79,0,0,0,0,86337,86337,86337,10942,10942,10942,591,591,591,0.00,0.00,0.00,0.00,0.00,0.00,0.00,0.00,0.00,0.00,0.00,0.00,0.00,0.00,0.00,0.00,0.00,0.00,0.00,0.00,0.00,290927,299308,311895,304032,312937,325000,0,0,0,0,0,0,0,109457,0,136.22,136.28,136.35
79,1,0,0,0,86359,86359,86359,10920,10920,10920,591,591,591,0.00,0.00,0.00,0.00,0.00,0.00,0.00,0.00,0.00,0.00,0.00,0.00,0.00,0.00,0.00,0.00,0.00,0.00,0.00,0.00,0.00,196744,561714,1408002,205373,573872,1419403,0,0,0,0,0,0,0,74078,0,91.72,91.75,91.79
79,2,0,0,0,86343,86343,86343,10936,10936,10936,591,591,591,0.00,0.00,0.00,0.00,0.00,0.00,0.00,0.00,0.00,0.00,0.00,0.00,0.00,0.00,0.00,0.00,0.00,0.00,0.00,0.00,0.00,264619,456547,600187,274996,470679,615912,0,0,0,0,0,0,0,116724,0,145.18,145.26,145.31
79,3,0,0,0,86344,86344,86344,10935,10935,10935,591,591,591,0.00,0.00,0.00,0.00,0.00,0.00,0.00,0.00,0.00,0.00,0.00,0.00,0.00,0.00,0.00,0.00,0.00,0.00,0.00,0.00,0.00,290919,433495,594943,301403,447124,610669,0,0,0,0,0,0,0,111232,0,123.23,123.27,123.33
80,0,0,0,0,86337,86337,86337,10942,10942,10942,591,591,591,0.00,0.00,0.00,0.00,0.00,0.00,0.00,0.00,0.00,0.00,0.00,0.00,0.00,0.00,0.00,0.00,0.00,0.00,0.00,0.00,0.00,296167,494704,668352,411488,592990,859685,0,0,0,0,0,0,0,123185,0,136.30,136.34,136.40
80,1,0,0,0,86359,86359,86359,10920,10920,10920,591,591,591,0.00,0.00,0.00,0.00,0.00,0.00,0.00,0.00,0.00,0.00,0.00,0.00,0.00,0.00,0.00,0.00,0.00,0.00,0.00,0.00,0.00,293526,593640,815118,309250,687994,1009070,0,0,0,0,0,0,0,55603,0,91.68,91.78,91.84
80,2,1,32,98,84307,85193,86333,10946,12085,12972,591,591,591,0.00,0.22,0.56,0.00,0.12,0.23,0.00,0.12,0.27,0.00,0.00,0.00,0.00,0.02,0.04,0.00,0.00,0.00,0.00,0.07,0.18,424496,752122,1087572,668286,904115,1166192,0,0,0,0,0,0,0,196254,0,145.32,186.42,252.68
80,3,2,36,98,84308,85194,86334,10937,12056,12971,591,591,591,0.00,0.23,0.84,0.00,0.10,0.36,0.00,0.10,0.39,0.00,0.00,0.00,0.00,0.02,0.06,0.00,0.00,0.00,0.00,0.07,0.27,374794,742310,1305104,387899,894962,1399449,0,0,0,0,0,0,0,207389,0,123.42,165.34,233.12
81,0,0,0,0,86327,86335,86337,10942,10944,10952,591,591,591,0.00,0.00,0.00,0.00,0.00,0.00,0.00,0.00,0.00,0.00,0.00,0.00,0.00,0.00,0.00,0.00,0.00,0.00,0.00,0.00,0.00,306632,519467,982847,319736,988615,2440083,0,0,0,0,0,0,0,113863,0,136.31,136.35,136.39
81,1,0,0,0,86359,86359,86359,10920,10920,10920,591,591,591,0.00,0.00,0.00,0.00,0.00,0.00,0.00,0.00,0.00,0.00,0.00,0.00,0.00,0.00,0.00,0.00,0.00,0.00,0.00,0.00,0.00,298789,367456,587091,314515,837131,2272364,0,0,0,0,0,0,0,74119,0,91.51,91.56,91.61
81,2,0,5,17,65803,66799,70787,26512,30483,31476,591,591,591,0.00,0.03,0.09,0.00,0.02,0.07,0.00,0.00,0.00,0.00,0.00,0.00,0.00,0.00,0.00,0.00,0.00,0.00,0.00,0.02,0.07,411489,687122,1210843,427214,1383150,3406872,0,0,0,0,0,0,0,142380,0,156.02,227.83,260.05
81,3,0,5,19,65804,67352,73548,23231,29826,31475,591,591,591,0.00,0.05,0.11,0.00,0.03,0.09,0.00,0.01,0.05,0.00,0.00,0.00,0.00,0.00,0.01,0.00,0.00,0.00,0.00,0.02,0.08,216903,321196,382659,319756,994262,3379824,0,0,0,0,0,0,0,100836,0,131.91,205.95,238.54
82,0,4,35,98,65797,76571,85101,12178,20803,31482,591,591,591,0.02,0.24,0.85,0.01,0.11,0.36,0.00,0.12,0.39,0.00,0.00,0.00,0.00,0.02,0.06,0.00,0.00,0.00,0.01,0.09,0.27,311893,575845,1142609,374795,1114139,2510658,0,0,0,0,0,0,0,101567,0,158.04,233.39,257.16
82,1,0,0,0,86359,86359,86359,10920,10920,10920,591,591,591,0.00,0.00,0.00,0.00,0.00,0.00,0.00,0.00,0.00,0.00,0.00,0.00,0.00,0.00,0.00,0.00,0.00,0.00,0.00,0.00,0.00,301395,441888,613305,463905,715506,1318279,0,0,0,0,0,0,0,83359,0,91.55,91.61,91.65
82,2,0,0,0,65803,65803,65803,31476,31476,31476,591,591,591,0.00,0.00,0.00,0.00,0.00,0.00,0.00,0.00,0.00,0.00,0.00,0.00,0.00,0.00,0.00,0.00,0.00,0.00,0.00,0.00,0.00,401006,640553,1255400,421971,915229,1551605,0,0,0,0,0,0,0,116385,0,145.08,147.51,155.11
82,3,0,0,0,65804,65804,65804,31475,31475,31475,591,591,591,0.00,0.00,0.00,0.00,0.00,0.00,0.00,0.00,0.00,0.00,0.00,0.00,0.00,0.00,0.00,0.00,0.00,0.00,0.00,0.00,0.00,296164,417243,563502,366931,692439,1394331,0,0,0,0,0,0,0,98075,0,122.43,124.59,131.22
83,0,0,0,0,65797,65797,65797,31482,31482,31482,591,591,591,0.00,0.00,0.00,0.00,0.00,0.00,0.00,0.00,0.00,0.00,0.00,0.00,0.00,0.00,0.00,0.00,0.00,0.00,0.00,0.00,0.00,290758,1182905,3828568,356244,1480074,4035657,0,0,0,0,0,0,0,122128,0,135.91,160.19,233.78
83,1,0,29,97,65819,77281,86285,10930,19791,31460,591,591,591,0.01,0.24,0.72,0.01,0.11,0.31,0.00,0.10,0.33,0.00,0.00,0.00,0.00,0.02,0.05,0.00,0.00,0.00,0.00,0.09,0.23,322396,1493705,3739304,560918,2050365,5631230,0,0,0,0,0,0,0,199699,0,91.74,164.07,205.58
83,2,0,20,100,65803,65803,65803,31476,31476,31476,591,591,591,0.00,0.02,0.11,0.00,0.07,0.32,0.00,0.06,0.25,0.00,0.00,0.00,0.00,0.02,0.11,0.00,0.00,0.00,0.00,0.00,0.02,487490,1289579,2696744,516320,1606364,3121304,0,0,0,0,0,0,0,257196,0,144.87,170.07,252.70
83,3,0,20,100,65804,65804,65804,31475,31475,31475,591,591,591,0.00,0.11,0.54,0.00,0.03,0.17,0.00,0.03,0.14,0.00,0.00,0.00,0.00,0.01,0.06,0.00,0.00,0.00,0.00,0.02,0.09,542535,1576536,5199852,606305,1902895,5299446,0,0,0,0,0,0,0,170747,0,122.26,142.18,208.66
84,0,0,38,100,65795,65796,65797,31482,31482,31484,591,591,591,0.00,0.22,0.95,0.00,0.12,0.31,0.00,0.06,0.25,0.00,0.00,0.00,0.00,0.05,0.11,0.00,0.00,0.00,0.00,0.06,0.17,293548,868816,2493837,306653,936940,2661490,0,0,0,0,0,0,0,358184,0,135.59,202.70,320.47
84,1,0,0,0,65819,65819,65819,31460,31460,31460,591,591,591,0.00,0.00,0.00,0.00,0.00,0.00,0.00,0.00,0.00,0.00,0.00,0.00,0.00,0.00,0.00,0.00,0.00,0.00,0.00,0.00,0.00,306649,920393,2547515,319753,944347,2584208,0,0,0,0,0,0,0,73816,0,91.48,126.57,207.63
84,2,91,98,100,65801,65801,65801,31478,31478,31478,591,591,591,0.55,0.86,0.99,0.19,0.28,0.35,0.14,0.32,0.39,0.00,0.00,0.00,0.06,0.13,0.17,0.00,0.00,0.00,0.10,0.13,0.17,492656,1389746,1990941,552927,1454086,2047974,0,0,0,0,0,0,0,324049,0,286.84,420.89,502.28
84,3,78,95,100,65802,65802,65802,31477,31477,31477,591,591,591,0.60,0.90,0.98,0.20,0.29,0.35,0.23,0.33,0.39,0.00,0.00,0.00,0.09,0.13,0.17,0.00,0.00,0.00,0.09,0.13,0.17,308813,907675,1732082,356907,964962,1818555,0,0,0,0,0,0,0,406395,0,259.99,398.30,487.33
85,0,99,99,100,65793,65794,65795,31484,31484,31486,591,591,591,0.77,0.94,0.98,0.28,0.32,0.34,0.25,0.35,0.41,0.00,0.00,0.00,0.15,0.16,0.17,0.00,0.00,0.00,0.11,0.14,0.16,322345,1233829,2749076,377380,1304587,2856523,0,0,0,0,0,0,0,316431,0,398.63,485.40,521.14
85,1,0,36,100,65817,65818,65819,31460,31460,31462,591,591,591,0.00,0.44,0.96,0.00,0.14,0.33,0.00,0.13,0.29,0.00,0.00,0.00,0.00,0.06,0.12,0.00,0.00,0.00,0.00,0.07,0.18,372124,1022469,2054306,387848,1255634,2106712,0,0,0,0,0,0,0,256735,0,91.36,166.08,294.17
85,2,0,52,100,65799,69647,85039,12240,27631,31480,591,591,591,0.10,0.55,0.98,0.05,0.17,0.29,0.04,0.17,0.41,0.00,0.00,0.00,0.00,0.05,0.17,0.00,0.00,0.00,0.04,0.10,0.16,403538,877558,2406792,474288,1057341,2469715,0,0,0,0,0,0,0,290990,0,338.87,439.06,540.30
85,3,0,53,100,65800,69788,85740,12119,27606,31479,591,591,591,0.12,0.42,0.98,0.06,0.17,0.31,0.04,0.16,0.39,0.00,0.00,0.00,0.00,0.05,0.16,0.00,0.00,0.00,0.05,0.10,0.16,293522,882022,1788118,364282,1062653,1853665,0,0,0,0,0,0,0,207080,0,300.88,412.98,525.40
86,0,35,74,98,78393,83101,84643,12636,13954,17766,591,591,591,0.28,0.70,0.95,0.16,0.28,0.33,0.08,0.26,0.37,0.00,0.00,0.00,0.01,0.06,0.12,0.00,0.00,0.00,0.11,0.18,0.25,340690,500530,790107,589655,1621920,3396880,0,0,0,0,0,0,0,356232,0,433.20,458.59,500.41
86,1,60,91,100,65815,65816,65817,31462,31462,31464,591,591,591,0.59,0.90,0.98,0.25,0.31,0.34,0.22,0.35,0.39,0.00,0.00,0.00,0.06,0.14,0.16,0.00,0.00,0.00,0.14,0.15,0.15,199208,555260,869706,512621,1428817,2442924,0,0,0,0,0,0,0,395503,0,373.67,472.15,513.82
86,2,2,78,100,83189,84065,84649,12630,13214,14090,591,591,591,0.24,0.68,0.98,0.11,0.28,0.37,0.10,0.28,0.41,0.00,0.00,0.00,0.02,0.09,0.16,0.00,0.00,0.00,0.08,0.16,0.25,541278,845402,1242076,676148,1847537,3777026,0,0,0,0,0,0,0,421425,0,294.12,385.05,488.69
86,3,2,76,100,83190,84066,84650,12629,13213,14089,591,591,591,0.24,0.78,0.98,0.10,0.28,0.36,0.10,0.28,0.40,0.00,0.00,0.00,0.02,0.09,0.16,0.00,0.00,0.00,0.08,0.16,0.26,301360,377835,479513,448152,1401825,3094836,0,0,0,0,0,0,0,456490,0,263.95,359.78,469.22
87,0,99,99,100,77421,81786,83183,14096,15492,19858,591,591,591,0.98,0.98,0.98,0.29,0.32,0.34,0.37,0.38,0.40,0.00,0.00,0.00,0.15,0.16,0.17,0.00,0.00,0.00,0.12,0.14,0.16,324963,516274,639426,733840,1279925,1590748,0,0,0,0,0,0,0,429045,0,493.79,525.91,539.71
87,1,40,79,97,83345,84513,86385,10894,12766,13934,591,591,591,0.50,0.73,0.95,0.22,0.29,0.31,0.18,0.25,0.31,0.00,0.00,0.00,0.02,0.07,0.12,0.00,0.00,0.00,0.16,0.19,0.22,327555,505267,904072,1011491,1263184,1627395,0,0,0,0,0,0,0,353728,0,406.85,425.50,457.54
87,2,99,99,100,77427,82512,86789,10510,14770,19852,591,591,591,0.95,0.98,0.98,0.28,0.35,0.46,0.37,0.38,0.41,0.00,0.00,0.00,0.05,0.14,0.17,0.00,0.00,0.00,0.11,0.17,0.29,466394,624199,799272,586924,1288764,2300856,0,0,0,0,0,0,0,462634,0,533.86,538.97,543.89
87,3,46,88,100,77428,82229,85370,11909,15049,19851,591,591,591,0.68,0.92,0.98,0.30,0.32,0.36,0.24,0.36,0.39,0.00,0.00,0.00,0.03,0.13,0.17,0.00,0.00,0.00,0.12,0.16,0.24,311854,563784,1074466,482194,1385262,2185646,0,0,0,0,0,0,0,389226,0,492.13,510.24,520.46
88,0,70,92,100,83323,84247,85363,11916,13032,13956,591,591,591,0.68,0.86,0.95,0.29,0.34,0.46,0.25,0.30,0.35,0.00,0.00,0.00,0.02,0.08,0.14,0.00,0.00,0.00,0.14,0.21,0.31,317098,418775,655156,631576,1076027,1910441,0,0,0,0,0,0,0,400643,0,501.69,509.03,516.87
88,1,75,94,100,77443,82672,87185,10094,14606,19836,591,591,591,0.87,0.96,0.98,0.30,0.35,0.49,0.30,0.37,0.39,0.00,0.00,0.00,0.02,0.13,0.17,0.00,0.00,0.00,0.13,0.18,0.34,322305,513266,752114,660333,1200033,2319239,0,0,0,0,0,0,0,424414,0,474.37,511.22,532.75
88,2,36,86,100,83049,84033,84649,12630,13246,14230,591,591,591,0.42,0.83,0.98,0.21,0.30,0.37,0.15,0.29,0.41,0.00,0.00,0.00,0.03,0.10,0.15,0.00,0.00,0.00,0.14,0.17,0.26,310354,1224745,3898799,625909,1952454,5693609,0,0,0,0,0,0,0,427390,0,489.71,493.80,500.77
88,3,94,98,100,83050,83790,84650,12629,13489,14229,591,591,591,0.88,0.93,0.96,0.31,0.32,0.38,0.25,0.34,0.41,0.00,0.00,0.00,0.06,0.11,0.15,0.00,0.00,0.00,0.14,0.18,0.27,317101,453367,600118,414070,894679,1501612,0,0,0,0,0,0,0,405962,0,477.03,485.54,501.98
89,0,98,99,100,77421,81492,83043,14236,15786,19858,591,591,591,0.96,0.98,0.98,0.29,0.32,0.34,0.36,0.38,0.40,0.00,0.00,0.00,0.14,0.16,0.17,0.00,0.00,0.00,0.12,0.14,0.15,305976,444041,820307,432346,915873,1687789,0,0,0,0,0,0,0,427700,0,523.99,530.48,538.12
89,1,96,99,100,83345,84045,84665,12614,13234,13934,591,591,591,0.63,0.85,0.96,0.28,0.31,0.34,0.25,0.29,0.33,0.00,0.00,0.00,0.05,0.09,0.13,0.00,0.00,0.00,0.14,0.18,0.23,49791,505661,1347775,340681,1070063,1513975,0,0,0,0,0,0,0,405734,0,483.00,490.78,502.52
89,2,99,99,100,77427,81333,83049,14230,15945,19852,591,591,591,0.97,0.98,0.98,0.31,0.33,0.36,0.37,0.39,0.39,0.00,0.00,0.00,0.12,0.15,0.16,0.00,0.00,0.00,0.13,0.16,0.20,453372,656808,1191161,573922,1231987,2087290,0,0,0,0,0,0,0,326840,0,535.71,542.93,545.62
89,3,99,99,100,77428,81734,83868,13471,15560,19851,591,591,591,0.96,0.97,0.98,0.30,0.35,0.44,0.37,0.38,0.39,0.00,0.00,0.00,0.08,0.14,0.17,0.00,0.00,0.00,0.12,0.17,0.27,319684,520839,820246,421879,1077717,1933999,0,0,0,0,0,0,0,353229,0,508.57,516.95,520.33
90,0,55,90,100,83323,84851,87163,10116,12428,13956,591,591,591,0.61,0.87,0.96,0.31,0.34,0.38,0.21,0.30,0.38,0.00,0.00,0.00,0.03,0.09,0.13,0.00,0.00,0.00,0.16,0.20,0.23,359040,478592,614502,716230,1347642,2230247,0,0,0,0,0,0,0,470020,0,496.27,509.49,535.65
90,1,99,99,100,77443,82312,85385,11894,14966,19836,591,591,591,0.95,0.97,0.98,0.30,0.35,0.44,0.37,0.38,0.39,0.00,0.00,0.00,0.07,0.14,0.17,0.00,0.00,0.00,0.14,0.18,0.29,322324,537055,887558,602770,1319268,2717973,0,0,0,0,0,0,0,320407,0,490.55,520.75,536.77
90,2,57,91,100,83329,84237,85369,11910,13042,13950,591,591,591,0.62,0.85,0.95,0.30,0.33,0.37,0.22,0.30,0.42,0.00,0.00,0.00,0.03,0.09,0.14,0.00,0.00,0.00,0.14,0.19,0.26,479553,1151466,2410815,799255,1955993,3346579,0,0,0,0,0,0,0,474842,0,506.68,514.68,523.07
90,3,81,94,100,83190,84062,84650,12629,13217,14089,591,591,591,0.52,0.84,0.98,0.27,0.31,0.37,0.19,0.30,0.42,0.00,0.00,0.00,0.03,0.09,0.16,0.00,0.00,0.00,0.14,0.18,0.26,340677,530921,1008953,523930,1341744,3058307,0,0,0,0,0,0,0,406800,0,479.82,485.80,498.93
91,0,96,98,100,77421,81182,83043,14236,16096,19858,591,591,591,0.96,0.98,0.98,0.28,0.32,0.37,0.37,0.38,0.41,0.00,0.00,0.00,0.12,0.15,0.17,0.00,0.00,0.00,0.11,0.15,0.20,345942,419829,610638,482162,1023108,1792493,0,0,0,0,0,0,0,320115,0,509.94,524.71,531.19
91,1,85,96,100,83065,83805,84665,12614,13474,14214,591,591,591,0.64,0.88,0.98,0.30,0.31,0.33,0.25,0.31,0.39,0.00,0.00,0.00,0.04,0.11,0.16,0.00,0.00,0.00,0.13,0.18,0.23,338034,547015,812404,458620,1336866,2072755,0,0,0,0,0,0,0,405100,0,486.96,500.52,517.55
91,2,99,99,100,77427,82304,85649,11630,14974,19852,591,591,591,0.88,0.96,0.98,0.29,0.35,0.48,0.33,0.38,0.41,0.00,0.00,0.00,0.03,0.13,0.17,0.00,0.00,0.00,0.12,0.17,0.31,329599,636159,1344316,655135,1286513,1858173,0,0,0,0,0,0,0,428163,0,520.30,535.49,546.16
91,3,99,99,100,77428,82229,85370,11909,15049,19851,591,591,591,0.64,0.91,0.98,0.30,0.33,0.36,0.22,0.35,0.39,0.00,0.00,0.00,0.03,0.12,0.17,0.00,0.00,0.00,0.12,0.17,0.24,213106,376213,542588,335380,1095789,1769815,0,0,0,0,0,0,0,391730,0,499.53,512.31,518.80
92,0,85,96,100,83183,84203,85363,11916,13076,14096,591,591,591,0.71,0.87,0.96,0.31,0.34,0.39,0.24,0.30,0.38,0.00,0.00,0.00,0.03,0.09,0.15,0.00,0.00,0.00,0.15,0.20,0.26,317082,570755,851721,650130,1397290,2743867,0,0,0,0,0,0,0,403655,0,511.73,515.59,520.69
92,1,58,89,100,77443,82808,86385,10894,14470,19836,591,591,591,0.53,0.86,0.98,0.24,0.33,0.50,0.22,0.33,0.38,0.00,0.00,0.00,0.03,0.11,0.16,0.00,0.00,0.00,0.12,0.19,0.33,52410,568913,1513928,172953,1231013,2049023,0,0,0,0,0,0,0,386442,0,486.65,513.84,528.02
92,2,75,94,100,83049,84033,84649,12630,13246,14230,591,591,591,0.56,0.86,0.98,0.24,0.30,0.33,0.24,0.31,0.40,0.00,0.00,0.00,0.05,0.10,0.16,0.00,0.00,0.00,0.12,0.17,0.22,448130,771968,1284005,579165,1475269,2743187,0,0,0,0,0,0,0,422877,0,500.71,509.57,521.77
92,3,85,96,100,83050,83774,84570,12709,13505,14229,591,591,591,0.88,0.93,0.98,0.30,0.33,0.37,0.25,0.33,0.41,0.00,0.00,0.00,0.07,0.11,0.16,0.00,0.00,0.00,0.13,0.18,0.26,359011,445492,646024,400939,1146991,1972096,0,0,0,0,0,0,0,457795,0,486.42,493.21,507.60
93,0,67,93,100,77421,82222,85363,11916,15056,19858,591,591,591,0.82,0.95,0.98,0.28,0.34,0.45,0.30,0.37,0.41,0.00,0.00,0.00,0.02,0.13,0.17,0.00,0.00,0.00,0.11,0.17,0.30,306554,399024,563920,567795,1118415,2183373,0,0,0,0,0,0,0,425466,0,508.87,523.98,529.92
93,1,98,99,100,82805,83433,84585,12694,13846,14474,591,591,591,0.87,0.95,0.98,0.30,0.32,0.34,0.25,0.34,0.39,0.00,0.00,0.00,0.07,0.13,0.16,0.00,0.00,0.00,0.14,0.17,0.24,324965,471893,759993,476964,1134564,2087720,0,0,0,0,0,0,0,420487,0,471.68,487.49,515.98
93,2,97,99,100,77427,81760,85369,11910,15518,19852,591,591,591,0.75,0.93,0.99,0.28,0.34,0.41,0.27,0.36,0.41,0.00,0.00,0.00,0.03,0.13,0.17,0.00,0.00,0.00,0.11,0.17,0.27,453201,1204450,2395261,634156,1879992,3423057,0,0,0,0,0,0,0,410861,0,516.95,533.79,540.71
93,3,63,92,100,77428,82569,85370,11909,14709,19851,591,591,591,0.79,0.91,0.98,0.28,0.33,0.39,0.29,0.36,0.41,0.00,0.00,0.00,0.06,0.12,0.17,0.00,0.00,0.00,0.11,0.18,0.25,314471,483847,621112,424537,1229663,2510527,0,0,0,0,0,0,0,388469,0,492.58,506.36,518.64
94,0,88,96,100,83323,83968,84643,12636,13311,13956,591,591,591,0.61,0.85,0.96,0.26,0.30,0.34,0.25,0.30,0.34,0.00,0.00,0.00,0.05,0.10,0.14,0.00,0.00,0.00,0.14,0.18,0.22,340683,596737,1006230,610610,1259541,1564563,0,0,0,0,0,0,0,413156,0,503.35,506.74,514.68
94,1,59,89,100,77443,82529,85385,11894,14749,19836,591,591,591,0.73,0.86,0.98,0.33,0.35,0.40,0.26,0.33,0.37,0.00,0.00,0.00,0.02,0.09,0.15,0.00,0.00,0.00,0.16,0.22,0.28,359028,546399,833322,794074,1123601,1365398,0,0,0,0,0,0,0,387623,0,501.76,520.21,537.46
94,2,86,93,100,83189,83919,84569,12710,13360,14090,591,591,591,0.74,0.89,0.98,0.30,0.32,0.35,0.28,0.32,0.37,0.00,0.00,0.00,0.06,0.10,0.15,0.00,0.00,0.00,0.15,0.18,0.23,306122,688540,1246348,710338,1375325,1936695,0,0,0,0,0,0,0,318966,0,508.29,512.92,517.59
94,3,99,99,100,83050,83575,84570,12709,13704,14229,591,591,591,0.89,0.95,0.98,0.28,0.31,0.34,0.25,0.32,0.41,0.00,0.00,0.00,0.09,0.13,0.17,0.00,0.00,0.00,0.11,0.16,0.19,314485,357685,385228,707603,833958,1014214,0,0,0,0,0,0,0,313172,0,484.76,492.36,509.65
95,0,99,99,100,77421,82586,86843,10496,14704,19858,591,591,591,0.95,0.97,0.98,0.29,0.35,0.46,0.37,0.38,0.41,0.00,0.00,0.00,0.05,0.14,0.17,0.00,0.00,0.00,0.12,0.17,0.30,332794,551046,807192,416648,1054398,2177846,0,0,0,0,0,0,0,402874,0,513.21,522.15,530.16
95,1,99,99,100,82805,83433,84585,12694,13846,14474,591,591,591,0.88,0.95,0.98,0.31,0.32,0.34,0.25,0.33,0.39,0.00,0.00,0.00,0.08,0.13,0.16,0.00,0.00,0.00,0.14,0.16,0.20,0,518757,1541010,230613,998479,2395380,0,0,0,0,0,0,0,432558,0,482.90,495.98,520.88
95,2,99,99,100,77427,82228,85369,11910,15050,19852,591,591,591,0.94,0.97,0.98,0.28,0.34,0.49,0.37,0.39,0.41,0.00,0.00,0.00,0.04,0.14,0.17,0.00,0.00,0.00,0.11,0.17,0.30,448126,1038086,2505409,567065,1551634,3831493,0,0,0,0,0,0,0,459830,0,523.52,533.22,537.81
95,3,59,91,100,77428,82125,84650,12629,15165,19851,591,591,591,0.52,0.88,0.98,0.28,0.33,0.42,0.17,0.34,0.39,0.00,0.00,0.00,0.03,0.12,0.17,0.00,0.00,0.00,0.12,0.17,0.26,332831,483752,694403,419314,1038270,1978669,0,0,0,0,0,0,0,438266,0,495.35,514.04,521.46
96,0,44,88,100,83043,84027,84643,12636,13252,14236,591,591,591,0.57,0.85,0.98,0.27,0.30,0.32,0.21,0.30,0.39,0.00,0.00,0.00,0.04,0.10,0.17,0.00,0.00,0.00,0.12,0.17,0.22,322275,394124,621075,397043,1107203,1983772,0,0,0,0,0,0,0,418320,0,495.03,501.30,512.37
96,1,89,95,100,77443,82904,85385,11894,14374,19836,591,591,591,0.60,0.88,0.98,0.26,0.34,0.50,0.25,0.33,0.39,0.00,0.00,0.00,0.04,0.10,0.16,0.00,0.00,0.00,0.13,0.21,0.34,317945,781744,1711209,876003,1594570,2942860,0,0,0,0,0,0,0,278870,0,490.14,522.89,544.58
96,2,86,96,100,83049,83789,84649,12630,13490,14230,591,591,591,0.62,0.86,0.98,0.28,0.31,0.33,0.25,0.30,0.40,0.00,0.00,0.00,0.05,0.10,0.17,0.00,0.00,0.00,0.11,0.17,0.22,466458,752631,1194994,607997,1512591,2921840,0,0,0,0,0,0,0,425857,0,509.27,513.38,522.41
96,3,98,99,100,83050,83742,84570,12709,13537,14229,591,591,591,0.88,0.94,0.98,0.30,0.32,0.37,0.25,0.35,0.41,0.00,0.00,0.00,0.07,0.12,0.17,0.00,0.00,0.00,0.12,0.17,0.26,230661,381043,469103,445503,1027825,2093720,0,0,0,0,0,0,0,417944,0,479.13,489.88,515.11
97,0,99,99,100,77421,81754,85363,11916,15524,19858,591,591,591,0.78,0.94,0.98,0.30,0.35,0.43,0.28,0.36,0.40,0.00,0.00,0.00,0.02,0.13,0.17,0.00,0.00,0.00,0.12,0.17,0.29,445485,566570,686685,704782,1274828,2424138,0,0,0,0,0,0,0,310459,0,503.92,527.74,538.80
97,1,99,99,100,82525,83021,83365,13914,14258,14754,591,591,591,0.95,0.97,0.98,0.30,0.32,0.34,0.27,0.36,0.39,0.00,0.00,0.00,0.12,0.15,0.16,0.00,0.00,0.00,0.13,0.15,0.16,18344,762625,1598708,450759,1529946,2903714,0,0,0,0,0,0,0,479738,0,483.03,505.90,534.46
97,2,72,94,100,77687,81328,85369,11910,15954,19592,591,591,591,0.48,0.88,0.98,0.26,0.33,0.43,0.15,0.34,0.40,0.00,0.00,0.00,0.03,0.12,0.17,0.00,0.00,0.00,0.12,0.17,0.27,338111,743819,1297147,558195,1571173,3030315,0,0,0,0,0,0,0,397392,0,508.30,532.03,541.03
97,3,99,99,100,77428,82533,85370,11909,14745,19851,591,591,591,0.68,0.88,0.98,0.28,0.34,0.38,0.22,0.35,0.39,0.00,0.00,0.00,0.03,0.10,0.16,0.00,0.00,0.00,0.12,0.20,0.26,317047,383641,490034,495223,1236874,2271978,0,0,0,0,0,0,0,441811,0,502.00,512.92,520.87
98,0,62,92,100,83043,83767,84563,12716,13512,14236,591,591,591,0.55,0.86,0.98,0.24,0.30,0.33,0.23,0.30,0.38,0.00,0.00,0.00,0.05,0.10,0.16,0.00,0.00,0.00,0.14,0.17,0.23,377379,764359,1826612,559054,1330948,2743849,0,0,0,0,0,0,0,416973,0,492.56,504.06,520.54
98,1,84,96,100,77443,83072,85385,11894,14206,19836,591,591,591,0.69,0.86,0.97,0.31,0.34,0.38,0.23,0.30,0.38,0.00,0.00,0.00,0.03,0.08,0.13,0.00,0.00,0.00,0.17,0.22,0.27,335451,506474,718076,385244,1007039,1419946,0,0,0,0,0,0,0,374255,0,483.51,505.24,539.96
98,2,86,96,100,83049,83745,84569,12710,13534,14230,591,591,591,0.88,0.93,0.98,0.30,0.33,0.38,0.25,0.34,0.41,0.00,0.00,0.00,0.07,0.11,0.15,0.00,0.00,0.00,0.14,0.18,0.26,476839,923871,2061878,901578,1351510,2397227,0,0,0,0,0,0,0,481059,0,495.23,503.67,532.55
98,3,86,96,100,82790,83418,84570,12709,13861,14489,591,591,591,0.88,0.95,0.98,0.30,0.31,0.32,0.25,0.33,0.40,0.00,0.00,0.00,0.08,0.13,0.17,0.00,0.00,0.00,0.12,0.15,0.20,348544,542995,1035145,466473,965967,1808227,0,0,0,0,0,0,0,414464,0,490.24,499.99,512.60
99,0,85,96,100,77421,82842,86863,10516,14456,19858,591,591,591,0.54,0.89,0.98,0.25,0.33,0.45,0.22,0.35,0.39,0.00,0.00,0.00,0.04,0.12,0.17,0.00,0.00,0.00,0.12,0.19,0.28,314469,542036,856925,550344,1479599,3052874,0,0,0,0,0,0,0,449146,0,497.83,522.78,532.80
99,1,98,99,100,77443,81808,83205,14074,15470,19836,591,591,591,0.96,0.97,0.98,0.31,0.34,0.39,0.37,0.38,0.39,0.00,0.00,0.00,0.10,0.14,0.16,0.00,0.00,0.00,0.14,0.17,0.24,322344,532864,804532,458619,1293011,2185509,0,0,0,0,0,0,0,434538,0,482.45,517.28,540.78
99,2,63,92,100,77427,82888,87069,10230,14394,19852,591,591,591,0.47,0.88,0.98,0.25,0.32,0.44,0.15,0.34,0.41,0.00,0.00,0.00,0.03,0.12,0.17,0.00,0.00,0.00,0.12,0.17,0.26,448130,756825,1294548,581783,1660385,3113100,0,0,0,0,0,0,0,401359,0,509.08,533.52,544.84
99,3,67,92,100,77428,82925,85370,11909,14353,19851,591,591,591,0.68,0.87,0.98,0.29,0.34,0.45,0.29,0.34,0.39,0.00,0.00,0.00,0.02,0.09,0.16,0.00,0.00,0.00,0.14,0.20,0.30,242847,539558,1205011,636804,1468169,2365490,0,0,0,0,0,0,0,288540,0,488.05,503.54,517.86
100,0,92,97,100,83043,83873,84563,12716,13406,14236,591,591,591,0.89,0.95,0.98,0.30,0.32,0.34,0.25,0.32,0.37,0.00,0.00,0.00,0.08,0.12,0.15,0.00,0.00,0.00,0.14,0.17,0.21,322347,461868,652392,492683,856877,1674212,0,0,0,0,0,0,0,418104,0,492.04,499.31,517.86
100,1,73,90,100,83365,84480,85385,11894,12799,13914,591,591,591,0.64,0.84,0.95,0.29,0.33,0.38,0.22,0.28,0.41,0.00,0.00,0.00,0.03,0.08,0.12,0.00,0.00,0.00,0.16,0.21,0.28,31447,542436,1409773,437644,992517,1582719,0,0,0,0,0,0,0,443964,0,484.43,495.04,513.83
100,2,87,96,100,83049,83879,84569,12710,13400,14230,591,591,591,0.87,0.93,0.98,0.29,0.32,0.37,0.25,0.34,0.41,0.00,0.00,0.00,0.06,0.11,0.17,0.00,0.00,0.00,0.13,0.17,0.25,347857,752401,1234807,730195,1114353,1372929,0,0,0,0,0,0,0,324683,0,495.15,504.72,524.00
100,3,99,99,100,82910,83215,83570,13709,14064,14369,591,591,591,0.93,0.96,0.98,0.29,0.31,0.34,0.25,0.33,0.39,0.00,0.00,0.00,0.11,0.14,0.16,0.00,0.00,0.00,0.13,0.15,0.16,322342,402252,566080,545098,768478,1202888,0,0,0,0,0,0,0,466342,0,485.81,497.09,509.28
101,0,99,99,100,77421,81442,85363,11916,15836,19858,591,591,591,0.50,0.88,0.98,0.28,0.32,0.38,0.16,0.34,0.39,0.00,0.00,0.00,0.02,0.12,0.17,0.00,0.00,0.00,0.12,0.17,0.22,343295,527238,794021,435015,1380513,2615290,0,0,0,0,0,0,0,401205,0,506.96,528.02,537.76
101,1,99,99,100,77443,81644,83205,14074,15542,19836,591,591,591,0.97,0.98,0.98,0.30,0.33,0.37,0.37,0.38,0.39,0.00,0.00,0.00,0.13,0.15,0.16,0.00,0.00,0.00,0.13,0.16,0.20,316377,524843,884788,492705,1353893,2518374,0,0,0,0,0,0,0,324098,0,482.71,518.92,541.20
101,2,56,91,100,77427,82140,85369,11910,15138,19852,591,591,591,0.77,0.94,0.98,0.30,0.34,0.42,0.28,0.36,0.39,0.00,0.00,0.00,0.02,0.13,0.17,0.00,0.00,0.00,0.12,0.17,0.28,479546,1011550,2466082,607949,1734822,2848705,0,0,0,0,0,0,0,463118,0,513.61,534.38,543.81
101,3,20,82,100,78028,81873,85370,11909,15421,19331,591,591,591,0.52,0.84,0.98,0.29,0.32,0.36,0.18,0.33,0.39,0.00,0.00,0.00,0.02,0.10,0.16,0.00,0.00,0.00,0.13,0.19,0.24,314509,493178,1022035,558197,1222677,1760344,0,0,0,0,0,0,0,374742,0,479.33,503.90,520.21
102,0,85,96,100,83043,83767,84563,12716,13512,14236,591,591,591,0.83,0.94,0.98,0.30,0.32,0.35,0.25,0.33,0.39,0.00,0.00,0.00,0.06,0.12,0.16,0.00,0.00,0.00,0.13,0.17,0.24,253313,407599,584426,455995,741807,1245602,0,0,0,0,0,0,0,425949,0,497.29,503.78,521.13
102,1,57,91,100,83205,84221,85385,11894,13054,14074,591,591,591,0.67,0.87,0.98,0.30,0.34,0.37,0.22,0.31,0.39,0.00,0.00,0.00,0.03,0.09,0.16,0.00,0.00,0.00,0.14,0.20,0.27,348503,642018,1195074,534635,1087309,1566956,0,0,0,0,0,0,0,446806,0,481.74,495.97,513.16
102,2,87,96,100,83049,83773,84569,12710,13506,14230,591,591,591,0.60,0.87,0.98,0.26,0.31,0.34,0.25,0.31,0.38,0.00,0.00,0.00,0.05,0.10,0.15,0.00,0.00,0.00,0.14,0.17,0.23,458626,796645,1352209,586893,1347498,2240646,0,0,0,0,0,0,0,423037,0,504.77,512.71,534.13
102,3,99,99,100,82790,83390,84570,12709,13889,14489,591,591,591,0.89,0.96,0.98,0.30,0.31,0.32,0.25,0.34,0.39,0.00,0.00,0.00,0.09,0.13,0.17,0.00,0.00,0.00,0.12,0.15,0.19,218384,410469,704510,436769,931486,2491130,0,0,0,0,0,0,0,416033,0,473.34,493.47,522.36
103,0,93,98,100,77421,82542,85363,11916,14736,19858,591,591,591,0.71,0.89,0.98,0.29,0.34,0.44,0.29,0.35,0.40,0.00,0.00,0.00,0.02,0.11,0.17,0.00,0.00,0.00,0.12,0.19,0.28,319722,562657,888276,400964,1634023,2627549,0,0,0,0,0,0,0,459667,0,508.98,525.39,533.50
103,1,83,95,100,77443,82208,85385,11894,15046,19836,591,591,591,0.61,0.90,0.98,0.30,0.33,0.39,0.22,0.34,0.39,0.00,0.00,0.00,0.03,0.12,0.17,0.00,0.00,0.00,0.13,0.18,0.23,112689,509984,817655,212276,1588656,2990310,0,0,0,0,0,0,0,399640,0,509.90,524.40,537.63
103,2,51,89,100,77427,82796,86267,10992,14478,19852,591,591,591,0.57,0.89,0.98,0.28,0.33,0.42,0.22,0.35,0.40,0.00,0.00,0.00,0.04,0.12,0.17,0.00,0.00,0.00,0.12,0.17,0.27,301547,548865,1070133,555587,1599330,3013580,0,0,0,0,0,0,0,455461,0,506.88,528.32,540.73
103,3,66,93,100,77428,82905,85370,11909,14373,19851,591,591,591,0.55,0.86,0.98,0.24,0.34,0.49,0.24,0.34,0.39,0.00,0.00,0.00,0.03,0.09,0.16,0.00,0.00,0.00,0.13,0.20,0.32,314393,547172,770418,419191,1660417,3420077,0,0,0,0,0,0,0,433195,0,483.54,503.19,524.03
104,0,86,96,100,82903,83435,84563,12716,13844,14376,591,591,591,0.89,0.95,0.98,0.30,0.32,0.34,0.25,0.33,0.38,0.00,0.00,0.00,0.08,0.13,0.16,0.00,0.00,0.00,0.14,0.16,0.21,319718,407224,571319,416682,600092,694417,0,0,0,0,0,0,0,320177,0,497.13,508.53,529.26
104,1,89,97,100,83065,83757,84585,12694,13522,14214,591,591,591,0.88,0.93,0.98,0.30,0.32,0.38,0.23,0.33,0.41,0.00,0.00,0.00,0.07,0.12,0.16,0.00,0.00,0.00,0.13,0.18,0.28,327556,863560,2855177,406170,1068829,3225178,0,0,0,0,0,0,0,406479,0,480.11,490.25,508.31
104,2,99,99,100,83049,83741,84569,12710,13538,14230,591,591,591,0.85,0.93,0.98,0.30,0.32,0.36,0.24,0.34,0.39,0.00,0.00,0.00,0.06,0.12,0.17,0.00,0.00,0.00,0.12,0.16,0.25,469094,890488,1962844,558172,1100663,2261595,0,0,0,0,0,0,0,432161,0,502.63,511.81,531.47
104,3,98,99,100,82730,83074,83350,13929,14205,14549,591,591,591,0.96,0.97,0.98,0.28,0.31,0.35,0.25,0.34,0.41,0.00,0.00,0.00,0.11,0.14,0.17,0.00,0.00,0.00,0.11,0.15,0.16,314471,398270,644350,466359,564390,898423,0,0,0,0,0,0,0,415346,0,479.32,499.38,517.06
105,0,86,95,100,77421,81722,85363,11916,15548,19858,591,591,591,0.49,0.83,0.98,0.23,0.33,0.49,0.20,0.33,0.39,0.00,0.00,0.00,0.04,0.09,0.16,0.00,0.00,0.00,0.12,0.19,0.31,232368,409675,809751,539864,1517247,2903500,0,0,0,0,0,0,0,401130,0,496.78,522.61,536.93
105,1,85,95,100,77443,82288,85385,11894,14982,19836,591,591,591,0.69,0.89,0.98,0.30,0.34,0.35,0.26,0.35,0.39,0.00,0.00,0.00,0.03,0.11,0.17,0.00,0.00,0.00,0.13,0.20,0.26,348501,700503,1060485,757270,1639864,2987529,0,0,0,0,0,0,0,440777,0,493.64,520.53,540.44
105,2,51,90,100,77427,82548,85369,11910,14730,19852,591,591,591,0.61,0.90,0.98,0.28,0.34,0.46,0.24,0.35,0.41,0.00,0.00,0.00,0.04,0.11,0.17,0.00,0.00,0.00,0.12,0.18,0.29,450744,743147,1168469,558188,1820751,2950714,0,0,0,0,0,0,0,409627,0,512.99,530.53,542.50
105,3,89,96,100,77428,82617,85370,11909,14673,19851,591,591,591,0.45,0.83,0.98,0.22,0.32,0.41,0.17,0.31,0.40,0.00,0.00,0.00,0.03,0.09,0.16,0.00,0.00,0.00,0.13,0.19,0.25,251585,341702,516233,416539,1419992,2657263,0,0,0,0,0,0,0,273591,0,469.91,491.79,521.05
106,0,98,99,100,83043,83533,84563,12716,13746,14236,591,591,591,0.95,0.97,0.98,0.30,0.32,0.35,0.25,0.32,0.39,0.00,0.00,0.00,0.11,0.14,0.17,0.00,0.00,0.00,0.13,0.15,0.17,364285,830709,1320774,605394,987944,1436080,0,0,0,0,0,0,0,480347,0,494.96,502.52,521.19
106,1,97,99,100,83065,83550,84585,12694,13729,14214,591,591,591,0.95,0.97,0.98,0.30,0.31,0.34,0.25,0.33,0.39,0.00,0.00,0.00,0.11,0.14,0.17,0.00,0.00,0.00,0.12,0.15,0.17,318009,524119,969190,448954,690889,1115725,0,0,0,0,0,0,0,313625,0,474.91,486.73,507.60
106,2,100,100,100,83049,83574,84569,12710,13705,14230,591,591,591,0.81,0.93,0.98,0.28,0.31,0.33,0.25,0.34,0.41,0.00,0.00,0.00,0.07,0.12,0.17,0.00,0.00,0.00,0.11,0.16,0.22,299839,616844,1230783,472422,822599,1436342,0,0,0,0,0,0,0,324796,0,505.81,512.25,528.05
106,3,96,98,100,82790,83095,83350,13929,14184,14489,591,591,591,0.95,0.97,0.98,0.27,0.32,0.35,0.27,0.35,0.40,0.00,0.00,0.00,0.12,0.15,0.17,0.00,0.00,0.00,0.11,0.14,0.16,332821,544434,946043,500541,706257,1063971,0,0,0,0,0,0,0,466421,0,472.55,491.44,517.77
107,0,69,93,100,77421,82542,85363,11916,14736,19858,591,591,591,0.75,0.90,0.98,0.30,0.34,0.44,0.29,0.36,0.40,0.00,0.00,0.00,0.02,0.11,0.17,0.00,0.00,0.00,0.12,0.19,0.29,317114,390966,531814,618267,1480629,2463470,0,0,0,0,0,0,0,404160,0,516.29,529.93,538.58
107,1,64,91,100,77443,81936,84665,12614,15342,19836,591,591,591,0.67,0.90,0.98,0.32,0.35,0.38,0.23,0.36,0.41,0.00,0.00,0.00,0.03,0.10,0.16,0.00,0.00,0.00,0.15,0.21,0.28,338060,544990,799319,487422,1634475,2646965,0,0,0,0,0,0,0,406280,0,505.89,524.28,540.57
107,2,53,90,100,77427,81932,84649,12630,15342,19852,591,591,591,0.55,0.89,0.98,0.30,0.33,0.40,0.19,0.34,0.40,0.00,0.00,0.00,0.03,0.12,0.16,0.00,0.00,0.00,0.12,0.17,0.23,450774,907765,1734812,555605,1989006,3398662,0,0,0,0,0,0,0,405939,0,509.49,528.62,537.10
107,3,84,96,100,77428,82905,85370,11909,14373,19851,591,591,591,0.61,0.87,0.98,0.28,0.34,0.49,0.24,0.35,0.39,0.00,0.00,0.00,0.04,0.10,0.16,0.00,0.00,0.00,0.13,0.20,0.32,311856,434465,565913,654992,1552391,2510526,0,0,0,0,0,0,0,382865,0,481.75,500.89,515.76
108,0,99,99,100,82783,83411,84563,12716,13868,14496,591,591,591,0.91,0.96,0.98,0.30,0.31,0.34,0.29,0.34,0.39,0.00,0.00,0.00,0.09,0.14,0.16,0.00,0.00,0.00,0.13,0.15,0.19,322328,394663,568673,432376,564479,665636,0,0,0,0,0,0,0,411493,0,501.93,511.30,525.69
108,1,98,99,100,82805,83373,84585,12694,13906,14474,591,591,591,0.88,0.95,0.98,0.30,0.31,0.33,0.23,0.33,0.40,0.00,0.00,0.00,0.09,0.14,0.17,0.00,0.00,0.00,0.12,0.15,0.17,311845,533551,930331,424529,724845,1116398,0,0,0,0,0,0,0,422858,0,484.92,498.84,517.36
108,2,100,100,100,83049,83745,84569,12710,13534,14230,591,591,591,0.89,0.93,0.98,0.30,0.32,0.37,0.25,0.34,0.41,0.00,0.00,0.00,0.07,0.12,0.16,0.00,0.00,0.00,0.13,0.17,0.26,466445,810777,1430818,594853,1006793,1829141,0,0,0,0,0,0,0,426848,0,496.20,504.64,519.23
108,3,99,99,100,82730,83074,83350,13929,14205,14549,591,591,591,0.95,0.97,0.98,0.31,0.31,0.32,0.25,0.34,0.39,0.00,0.00,0.00,0.11,0.14,0.16,0.00,0.00,0.00,0.13,0.15,0.17,274299,401520,517536,412322,554116,681379,0,0,0,0,0,0,0,415957,0,485.76,498.88,516.20
109,0,48,89,100,77421,83302,87163,10116,13976,19858,591,591,591,0.53,0.84,0.98,0.23,0.34,0.51,0.23,0.33,0.41,0.00,0.00,0.00,0.03,0.09,0.17,0.00,0.00,0.00,0.12,0.20,0.33,319725,680166,1118309,760004,1810102,2714845,0,0,0,0,0,0,0,438921,0,495.50,518.06,532.93
109,1,49,88,100,77663,82164,85045,12234,15086,19676,591,591,591,0.57,0.85,0.96,0.29,0.34,0.45,0.21,0.31,0.38,0.00,0.00,0.00,0.03,0.09,0.15,0.00,0.00,0.00,0.14,0.21,0.29,327480,451438,679847,639325,1560929,2597676,0,0,0,0,0,0,0,380499,0,485.74,511.47,539.30
109,2,93,98,100,77427,82548,85369,11910,14730,19852,591,591,591,0.68,0.89,0.98,0.29,0.34,0.47,0.30,0.35,0.39,0.00,0.00,0.00,0.03,0.11,0.16,0.00,0.00,0.00,0.13,0.19,0.30,474325,573551,806445,579165,1499653,2319662,0,0,0,0,0,0,0,409289,0,521.22,532.10,539.72
109,3,42,84,100,77428,83429,85928,11411,13861,19851,591,591,591,0.46,0.83,0.98,0.24,0.33,0.42,0.16,0.31,0.41,0.00,0.00,0.00,0.03,0.08,0.15,0.00,0.00,0.00,0.15,0.20,0.27,317088,564472,1014180,437634,1689736,2845784,0,0,0,0,0,0,0,417263,0,467.41,490.51,518.17
110,0,96,98,100,82783,83351,84563,12716,13928,14496,591,591,591,0.93,0.96,0.98,0.27,0.31,0.34,0.25,0.34,0.40,0.00,0.00,0.00,0.11,0.14,0.17,0.00,0.00,0.00,0.11,0.14,0.17,322347,412308,570398,440279,558745,741774,0,0,0,0,0,0,0,427395,0,491.48,506.48,528.45
110,1,93,98,100,78963,82248,83345,13934,14986,18096,591,591,591,0.94,0.97,0.98,0.30,0.31,0.33,0.29,0.36,0.39,0.00,0.00,0.00,0.13,0.15,0.16,0.00,0.00,0.00,0.13,0.15,0.16,322347,417021,634173,437658,567904,814991,0,0,0,0,0,0,0,424894,0,479.36,503.73,528.97
110,2,90,96,100,82909,83441,84569,12710,13838,14370,591,591,591,0.89,0.94,0.99,0.28,0.31,0.34,0.25,0.34,0.41,0.00,0.00,0.00,0.08,0.13,0.17,0.00,0.00,0.00,0.11,0.15,0.21,463812,951275,2180353,555526,1128429,2272074,0,0,0,0,0,0,0,427723,0,505.58,513.02,522.15
110,3,99,99,100,82510,82974,83330,13949,14305,14769,591,591,591,0.95,0.97,0.98,0.28,0.31,0.35,0.25,0.36,0.41,0.00,0.00,0.00,0.11,0.15,0.17,0.00,0.00,0.00,0.11,0.14,0.17,330215,375797,482170,424562,522553,579128,0,0,0,0,0,0,0,415261,0,470.26,497.14,518.67
111,0,85,95,100,77421,82407,85363,11916,14886,19858,591,591,591,0.66,0.87,0.98,0.30,0.34,0.40,0.25,0.33,0.39,0.00,0.00,0.00,0.04,0.09,0.17,0.00,0.00,0.00,0.12,0.21,0.24,335451,368156,403565,1121597,1515877,2070364,0,0,0,0,0,0,0,296608,0,504.80,521.49,534.88
111,1,85,94,100,77683,83059,85385,11894,14174,19656,591,591,591,0.59,0.80,0.97,0.32,0.34,0.38,0.19,0.30,0.37,0.00,0.00,0.00,0.02,0.07,0.12,0.00,0.00,0.00,0.20,0.22,0.25,351164,774415,1540997,1491137,2131923,2746540,0,0,0,0,0,0,0,419638,0,479.47,500.62,536.64
111,2,99,99,100,77427,81148,85029,12250,16126,19852,591,591,591,0.67,0.86,0.98,0.30,0.34,0.37,0.23,0.35,0.40,0.00,0.00,0.00,0.02,0.11,0.17,0.00,0.00,0.00,0.12,0.19,0.25,450736,895561,1493656,1307660,2141618,2583934,0,0,0,0,0,0,0,403883,0,513.80,531.89,539.12
111,3,99,99,100,77428,82984,85370,11909,14294,19851,591,591,591,0.69,0.88,0.98,0.30,0.35,0.46,0.27,0.33,0.38,0.00,0.00,0.00,0.05,0.09,0.15,0.00,0.00,0.00,0.16,0.20,0.29,214865,337644,450760,1121628,1493726,2057816,0,0,0,0,0,0,0,275465,0,490.31,502.19,519.41
112,0,98,99,100,82783,83383,84563,12716,13896,14496,591,591,591,0.95,0.97,0.98,0.28,0.31,0.34,0.29,0.36,0.39,0.00,0.00,0.00,0.11,0.14,0.17,0.00,0.00,0.00,0.12,0.14,0.16,319729,472245,600117,476973,645209,925072,0,0,0,0,0,0,0,429557,0,504.86,516.30,537.06
112,1,99,99,100,81545,82793,83345,14074,14624,15734,591,591,591,0.96,0.97,0.98,0.31,0.32,0.34,0.25,0.35,0.38,0.00,0.00,0.00,0.11,0.14,0.16,0.00,0.00,0.00,0.14,0.15,0.17,309176,459445,765110,482106,624358,893502,0,0,0,0,0,0,0,320352,0,472.31,509.40,531.18
112,2,84,95,100,83049,83745,84569,12710,13534,14230,591,591,591,0.89,0.95,0.98,0.29,0.31,0.33,0.26,0.34,0.40,0.00,0.00,0.00,0.06,0.12,0.17,0.00,0.00,0.00,0.12,0.16,0.21,427160,540292,853932,526774,790657,1031327,0,0,0,0,0,0,0,378920,0,499.25,511.45,533.46
112,3,99,99,100,82730,83050,83350,13929,14229,14549,591,591,591,0.96,0.97,0.98,0.29,0.32,0.35,0.25,0.35,0.39,0.00,0.00,0.00,0.11,0.15,0.17,0.00,0.00,0.00,0.12,0.14,0.16,314462,424535,731140,453350,580721,846445,0,0,0,0,0,0,0,464971,0,485.45,500.26,516.18
113,0,80,93,100,77421,82898,85363,11916,14380,19858,591,591,591,0.64,0.87,0.98,0.28,0.35,0.48,0.28,0.34,0.38,0.00,0.00,0.00,0.03,0.09,0.16,0.00,0.00,0.00,0.14,0.21,0.32,335417,572338,998364,927734,1707049,2447435,0,0,0,0,0,0,0,452253,0,507.64,524.59,536.79
113,1,69,91,100,77443,82924,84665,12614,14354,19836,591,591,591,0.66,0.87,0.96,0.30,0.34,0.38,0.22,0.30,0.41,0.00,0.00,0.00,0.03,0.09,0.12,0.00,0.00,0.00,0.16,0.21,0.28,327581,500030,1019363,1136070,1637523,2227400,0,0,0,0,0,0,0,384388,0,492.09,508.77,535.26
113,2,100,100,100,77427,82548,85369,11910,14730,19852,591,591,591,0.64,0.89,0.98,0.29,0.34,0.45,0.26,0.35,0.41,0.00,0.00,0.00,0.04,0.11,0.17,0.00,0.00,0.00,0.12,0.18,0.28,463879,898851,1577628,1616817,1987428,2308581,0,0,0,0,0,0,0,406820,0,519.53,534.59,544.59
113,3,79,94,100,77428,83677,87170,10109,13601,19851,591,591,591,0.53,0.84,0.96,0.27,0.33,0.44,0.20,0.32,0.41,0.00,0.00,0.00,0.03,0.09,0.16,0.00,0.00,0.00,0.12,0.20,0.27,319705,370011,521491,746874,1499944,1980921,0,0,0,0,0,0,0,374725,0,480.81,499.41,521.12
114,0,99,99,100,82723,83067,83343,13936,14212,14556,591,591,591,0.93,0.97,0.98,0.28,0.31,0.35,0.25,0.35,0.41,0.00,0.00,0.00,0.11,0.14,0.17,0.00,0.00,0.00,0.12,0.14,0.16,324867,367278,448134,479298,566835,835992,0,0,0,0,0,0,0,427777,0,506.92,514.50,530.15
114,1,99,99,100,77683,81124,83065,14214,16134,19676,591,591,591,0.97,0.98,0.98,0.30,0.33,0.36,0.37,0.38,0.39,0.00,0.00,0.00,0.13,0.15,0.17,0.00,0.00,0.00,0.13,0.15,0.19,324957,646156,1490682,479574,920795,1595475,0,0,0,0,0,0,0,483672,0,487.27,515.47,533.12
114,2,84,96,100,82909,83441,84569,12710,13838,14370,591,591,591,0.80,0.93,0.98,0.29,0.32,0.33,0.25,0.33,0.39,0.00,0.00,0.00,0.06,0.12,0.16,0.00,0.00,0.00,0.13,0.16,0.22,450717,697093,1105944,576552,946579,1488569,0,0,0,0,0,0,0,429595,0,504.48,512.23,527.03
114,3,96,98,100,82510,82946,83330,13949,14333,14769,591,591,591,0.94,0.97,0.98,0.30,0.32,0.33,0.25,0.36,0.39,0.00,0.00,0.00,0.11,0.15,0.16,0.00,0.00,0.00,0.13,0.14,0.16,242837,401500,791310,344165,606067,935423,0,0,0,0,0,0,0,413678,0,481.04,501.11,521.00
115,0,15,82,100,77421,82390,85363,11916,14884,19858,591,591,591,0.42,0.82,0.98,0.20,0.33,0.47,0.15,0.30,0.38,0.00,0.00,0.00,0.03,0.08,0.15,0.00,0.00,0.00,0.15,0.20,0.30,309237,424549,794084,634204,1508976,1941969,0,0,0,0,0,0,0,380289,0,490.46,509.18,534.14
115,1,37,83,100,83205,84225,85385,11894,13054,14074,591,591,591,0.67,0.84,0.98,0.29,0.32,0.37,0.23,0.29,0.37,0.00,0.00,0.00,0.02,0.09,0.15,0.00,0.00,0.00,0.15,0.19,0.26,223618,487158,741662,525754,1394869,1844963,0,0,0,0,0,0,0,394568,0,467.34,479.02,499.80
115,2,88,97,100,77427,82128,85369,11910,15154,19852,591,591,591,0.73,0.90,0.98,0.27,0.33,0.39,0.27,0.36,0.39,0.00,0.00,0.00,0.03,0.12,0.17,0.00,0.00,0.00,0.12,0.19,0.32,323147,696984,1197542,864800,1649965,2623064,0,0,0,0,0,0,0,451745,0,516.17,529.13,539.50
115,3,84,96,100,77428,83057,85370,11909,14221,19851,591,591,591,0.65,0.87,0.97,0.30,0.34,0.37,0.23,0.31,0.41,0.00,0.00,0.00,0.03,0.08,0.12,0.00,0.00,0.00,0.17,0.21,0.26,340693,592745,1027250,403590,1657147,2405653,0,0,0,0,0,0,0,383985,0,488.15,499.06,519.86
116,0,89,97,100,82503,82971,83343,13936,14308,14776,591,591,591,0.92,0.96,0.98,0.28,0.31,0.34,0.28,0.36,0.41,0.00,0.00,0.00,0.12,0.15,0.17,0.00,0.00,0.00,0.11,0.14,0.16,335445,578626,901458,513650,955477,1375847,0,0,0,0,0,0,0,423957,0,479.69,507.18,526.21
116,1,99,99,100,77443,82204,85385,11894,15070,19836,591,591,591,0.68,0.92,0.98,0.29,0.34,0.38,0.22,0.35,0.40,0.00,0.00,0.00,0.03,0.13,0.17,0.00,0.00,0.00,0.14,0.18,0.26,404055,603623,855573,556200,1045289,1837196,0,0,0,0,0,0,0,410022,0,501.31,518.15,532.34
116,2,84,96,100,82789,83389,84569,12710,13890,14490,591,591,591,0.95,0.97,0.98,0.28,0.31,0.32,0.25,0.33,0.39,0.00,0.00,0.00,0.11,0.14,0.17,0.00,0.00,0.00,0.08,0.13,0.17,453375,865255,2017574,668270,1173984,2140919,0,0,0,0,0,0,0,430835,0,505.11,515.69,534.65
116,3,98,99,100,77428,81793,83190,14089,15485,19851,591,591,591,0.96,0.98,0.98,0.28,0.32,0.35,0.37,0.38,0.41,0.00,0.00,0.00,0.15,0.16,0.17,0.00,0.00,0.00,0.11,0.14,0.16,317086,443405,647310,461229,784073,1071803,0,0,0,0,0,0,0,414451,0,484.66,505.68,516.50
117,0,100,100,100,77421,83066,85363,11916,14212,19858,591,591,591,0.60,0.87,0.98,0.26,0.34,0.50,0.25,0.31,0.39,0.00,0.00,0.00,0.03,0.09,0.17,0.00,0.00,0.00,0.13,0.20,0.32,312404,357342,394839,474159,1105629,1869374,0,0,0,0,0,0,0,277484,0,490.56,508.35,530.79
117,1,85,96,100,83065,83757,84585,12694,13522,14214,591,591,591,0.87,0.92,0.97,0.28,0.32,0.37,0.24,0.33,0.40,0.00,0.00,0.00,0.06,0.11,0.16,0.00,0.00,0.00,0.12,0.18,0.28,311828,634689,1394177,909337,1475331,2555118,0,0,0,0,0,0,0,413159,0,489.43,500.06,509.82
117,2,72,94,100,77427,82924,85369,11910,14354,19852,591,591,591,0.65,0.89,0.99,0.28,0.35,0.43,0.23,0.36,0.41,0.00,0.00,0.00,0.04,0.10,0.18,0.00,0.00,0.00,0.11,0.20,0.26,469101,742622,1134693,689238,1663976,2253169,0,0,0,0,0,0,0,401010,0,505.79,524.36,537.68
117,3,68,93,100,83330,84254,85370,11909,13025,13949,591,591,591,0.65,0.86,0.96,0.30,0.34,0.43,0.25,0.31,0.37,0.00,0.00,0.00,0.04,0.08,0.13,0.00,0.00,0.00,0.14,0.21,0.26,338066,453027,818686,548589,1395344,1734183,0,0,0,0,0,0,0,293112,0,487.72,496.01,513.78
118,0,99,99,100,82723,82998,83323,13956,14281,14556,591,591,591,0.97,0.98,0.98,0.30,0.32,0.35,0.36,0.38,0.39,0.00,0.00,0.00,0.15,0.16,0.16,0.00,0.00,0.00,0.13,0.14,0.16,332830,490007,861963,581793,905371,1213389,0,0,0,0,0,0,0,427648,0,492.36,518.34,532.33
118,1,80,94,100,77443,81859,85045,12234,15369,19836,591,591,591,0.69,0.90,0.98,0.32,0.35,0.38,0.25,0.35,0.39,0.00,0.00,0.00,0.03,0.11,0.16,0.00,0.00,0.00,0.14,0.20,0.26,218379,479113,872627,345913,1004968,1611609,0,0,0,0,0,0,0,299621,0,512.61,521.74,526.84
118,2,89,97,100,83049,83444,84349,12950,13840,14230,591,591,591,0.88,0.93,0.98,0.28,0.30,0.33,0.22,0.31,0.41,0.00,0.00,0.00,0.10,0.13,0.17,0.00,0.00,0.00,0.11,0.15,0.18,524069,740335,1187176,738990,1143825,1635039,0,0,0,0,0,0,0,375739,0,506.76,512.77,527.19
118,3,99,99,100,77428,81544,83050,14229,15734,19851,591,591,591,0.98,0.98,0.98,0.28,0.32,0.34,0.37,0.38,0.41,0.00,0.00,0.00,0.15,0.16,0.17,0.00,0.00,0.00,0.11,0.14,0.15,317089,640737,1008964,809769,1045618,1205463,0,0,0,0,0,0,0,413700,0,501.43,509.26,518.31
119,0,44,88,100,77421,81942,85363,11916,15328,19858,591,591,591,0.40,0.81,0.96,0.23,0.32,0.43,0.11,0.31,0.41,0.00,0.00,0.00,0.02,0.08,0.16,0.00,0.00,0.00,0.11,0.19,0.27,335438,556582,1121565,746705,1491053,2549727,0,0,0,0,0,0,0,434884,0,483.92,504.28,528.52
119,1,94,97,100,83065,83757,84585,12694,13522,14214,591,591,591,0.81,0.92,0.98,0.30,0.32,0.34,0.23,0.33,0.39,0.00,0.00,0.00,0.06,0.12,0.16,0.00,0.00,0.00,0.14,0.17,0.25,364399,523975,810097,827791,1355442,2120096,0,0,0,0,0,0,0,408231,0,486.78,492.86,504.01
119,2,66,92,100,77427,82064,85369,11910,15214,19852,591,591,591,0.67,0.87,0.98,0.31,0.35,0.42,0.26,0.35,0.39,0.00,0.00,0.00,0.04,0.10,0.16,0.00,0.00,0.00,0.13,0.20,0.26,487443,801733,1263177,974261,1660324,2657152,0,0,0,0,0,0,0,405281,0,513.32,530.24,540.50
119,3,50,87,100,80608,83549,84650,12629,13741,16731,591,591,591,0.58,0.84,0.96,0.31,0.33,0.39,0.20,0.30,0.38,0.00,0.00,0.00,0.03,0.08,0.11,0.00,0.00,0.00,0.17,0.21,0.25,317013,519367,875193,513509,1429730,1805569,0,0,0,0,0,0,0,375471,0,478.66,490.19,517.91
120,0,99,99,100,82503,82971,83343,13936,14308,14776,591,591,591,0.96,0.97,0.98,0.29,0.31,0.34,0.25,0.36,0.40,0.00,0.00,0.00,0.11,0.15,0.17,0.00,0.00,0.00,0.12,0.14,0.17,309240,369592,560763,353807,724348,1061257,0,0,0,0,0,0,0,426772,0,481.91,510.50,530.71
120,1,62,91,100,77441,81904,85045,12234,15374,19838,591,591,591,0.72,0.89,0.98,0.30,0.34,0.39,0.24,0.35,0.39,0.00,0.00,0.00,0.03,0.11,0.17,0.00,0.00,0.00,0.13,0.20,0.27,335465,549267,909326,416681,1028317,1734795,0,0,0,0,0,0,0,389529,0,505.90,518.28,530.70
120,2,98,99,100,82789,83417,84569,12710,13862,14490,591,591,591,0.95,0.97,0.98,0.28,0.31,0.35,0.25,0.34,0.41,0.00,0.00,0.00,0.11,0.14,0.17,0.00,0.00,0.00,0.11,0.14,0.16,437294,727124,1416892,644670,1157915,1725850,0,0,0,0,0,0,0,432285,0,502.94,513.40,527.98
120,3,99,99,100,77426,81793,83190,14089,15485,19853,591,591,591,0.96,0.98,0.98,0.30,0.32,0.35,0.37,0.38,0.39,0.00,0.00,0.00,0.15,0.16,0.17,0.00,0.00,0.00,0.12,0.14,0.16,306556,495911,830785,503977,865978,1331176,0,0,0,0,0,0,0,470197,0,477.57,505.97,519.74
121,0,85,94,100,77419,83066,85363,11916,14212,19860,591,591,591,0.73,0.85,0.96,0.31,0.34,0.40,0.25,0.30,0.37,0.00,0.00,0.00,0.02,0.08,0.13,0.00,0.00,0.00,0.17,0.21,0.27,340670,501594,828148,712810,1363264,2329821,0,0,0,0,0,0,0,394003,0,498.38,508.80,530.99
121,1,99,99,100,82805,83373,84585,12694,13906,14474,591,591,591,0.88,0.95,0.98,0.30,0.32,0.34,0.25,0.33,0.39,0.00,0.00,0.00,0.09,0.13,0.17,0.00,0.00,0.00,0.13,0.16,0.19,281334,487604,864853,558206,1205447,1716603,0,0,0,0,0,0,0,421634,0,485.88,500.79,524.61
121,2,98,99,100,77425,82980,85649,11630,14298,19854,591,591,591,0.63,0.88,0.98,0.30,0.34,0.47,0.25,0.34,0.39,0.00,0.00,0.00,0.04,0.10,0.16,0.00,0.00,0.00,0.13,0.19,0.30,474225,674748,1173513,975592,1524665,2150567,0,0,0,0,0,0,0,454013,0,507.62,527.73,540.76
121,3,84,95,100,83330,84254,85370,11909,13025,13949,591,591,591,0.73,0.87,0.96,0.30,0.33,0.40,0.25,0.31,0.34,0.00,0.00,0.00,0.06,0.09,0.15,0.00,0.00,0.00,0.13,0.20,0.25,314498,571290,856900,1090124,1397137,1747204,0,0,0,0,0,0,0,399373,0,480.69,491.55,513.33
122,0,98,99,100,77419,81882,83323,13956,15396,19860,591,591,591,0.96,0.98,0.98,0.28,0.32,0.34,0.34,0.38,0.41,0.00,0.00,0.00,0.15,0.16,0.17,0.00,0.00,0.00,0.12,0.14,0.16,317105,591739,1168796,503172,1010520,1645777,0,0,0,0,0,0,0,426496,0,501.79,521.07,531.45
122,1,85,94,100,78241,82191,84665,12614,15079,18898,591,591,591,0.60,0.86,0.98,0.30,0.34,0.38,0.21,0.32,0.41,0.00,0.00,0.00,0.03,0.09,0.15,0.00,0.00,0.00,0.16,0.21,0.29,344101,562413,825495,537233,1110119,1603313,0,0,0,0,0,0,0,382474,0,489.19,511.33,534.27
122,2,100,100,100,82789,83305,84309,12970,13974,14490,591,591,591,0.79,0.94,0.98,0.26,0.30,0.35,0.25,0.34,0.41,0.00,0.00,0.00,0.11,0.14,0.18,0.00,0.00,0.00,0.11,0.13,0.16,455819,1031944,1706547,953939,1459645,1871213,0,0,0,0,0,0,0,424670,0,502.61,519.73,532.39
122,3,96,98,100,77426,82724,87626,9693,14562,19853,591,591,591,0.96,0.97,0.98,0.28,0.33,0.38,0.36,0.38,0.40,0.00,0.00,0.00,0.11,0.15,0.17,0.00,0.00,0.00,0.11,0.16,0.22,322351,494768,814998,573943,972237,1548758,0,0,0,0,0,0,0,311617,0,504.74,514.02,522.53
123,0,91,97,100,82679,84112,84643,12636,13157,14560,591,591,591,0.52,0.81,0.96,0.28,0.34,0.40,0.18,0.30,0.38,0.00,0.00,0.00,0.03,0.07,0.10,0.00,0.00,0.00,0.18,0.21,0.26,235802,391816,503626,751073,1379629,1938406,0,0,0,0,0,0,0,282213,0,495.39,510.28,531.05
123,1,99,99,100,82805,83070,83345,13934,14209,14474,591,591,591,0.95,0.97,0.98,0.30,0.31,0.34,0.26,0.35,0.39,0.00,0.00,0.00,0.11,0.15,0.17,0.00,0.00,0.00,0.13,0.15,0.16,314480,627636,1485848,1160958,1512778,1787211,0,0,0,0,0,0,0,423087,0,484.53,501.71,523.97
123,2,99,99,100,77425,82468,85369,11910,14811,19854,591,591,591,0.66,0.87,0.98,0.35,0.36,0.38,0.24,0.35,0.41,0.00,0.00,0.00,0.03,0.09,0.15,0.00,0.00,0.00,0.16,0.22,0.26,445429,698296,1420100,665523,1680273,2486486,0,0,0,0,0,0,0,303848,0,518.08,528.73,541.60
123,3,84,95,100,83330,84280,84650,12629,12999,13949,591,591,591,0.56,0.82,0.95,0.30,0.32,0.37,0.19,0.28,0.41,0.00,0.00,0.00,0.03,0.07,0.11,0.00,0.00,0.00,0.17,0.20,0.26,311865,352535,435010,901364,1285808,1690363,0,0,0,0,0,0,0,428364,0,483.51,487.72,497.98
124,0,98,99,100,82503,82971,83343,13936,14308,14776,591,591,591,0.95,0.98,0.98,0.28,0.31,0.34,0.29,0.37,0.40,0.00,0.00,0.00,0.12,0.15,0.17,0.00,0.00,0.00,0.12,0.14,0.16,319721,442367,849100,492694,852761,1192405,0,0,0,0,0,0,0,481899,0,500.18,520.16,537.48
124,1,85,96,100,77661,82023,84665,12614,15251,19698,591,591,591,0.75,0.88,0.97,0.31,0.34,0.42,0.25,0.31,0.38,0.00,0.00,0.00,0.02,0.10,0.15,0.00,0.00,0.00,0.16,0.20,0.30,316218,430654,733827,479595,936580,1168882,0,0,0,0,0,0,0,273404,0,484.18,505.65,529.93
124,2,99,99,100,82789,83417,84569,12710,13862,14490,591,591,591,0.89,0.95,0.98,0.30,0.31,0.34,0.25,0.33,0.39,0.00,0.00,0.00,0.09,0.13,0.16,0.00,0.00,0.00,0.13,0.15,0.17,461247,834208,1568887,600146,1255454,1861678,0,0,0,0,0,0,0,485124,0,505.99,516.81,532.41
124,3,99,99,100,77426,81729,83050,14229,15533,19853,591,591,591,0.96,0.97,0.98,0.31,0.32,0.35,0.36,0.38,0.39,0.00,0.00,0.00,0.14,0.15,0.16,0.00,0.00,0.00,0.13,0.15,0.18,314454,533540,786094,442856,1022892,1527643,0,0,0,0,0,0,0,414371,0,507.84,512.24,516.03
125,0,62,92,100,77419,83050,85363,11916,14228,19860,591,591,591,0.74,0.86,0.97,0.31,0.34,0.40,0.25,0.31,0.37,0.00,0.00,0.00,0.02,0.08,0.14,0.00,0.00,0.00,0.17,0.21,0.27,327440,525124,854325,474134,1389864,2345464,0,0,0,0,0,0,0,394625,0,500.48,514.43,535.96
125,1,94,97,100,77441,81916,83345,13934,15362,19838,591,591,591,0.93,0.97,0.98,0.29,0.32,0.34,0.28,0.36,0.39,0.00,0.00,0.00,0.12,0.15,0.16,0.00,0.00,0.00,0.12,0.14,0.16,318520,440551,799900,593421,1166740,1488481,0,0,0,0,0,0,0,426149,0,482.80,507.38,528.52
125,2,64,89,100,77425,83196,86729,10570,14086,19854,591,591,591,0.59,0.85,0.98,0.25,0.34,0.44,0.26,0.33,0.39,0.00,0.00,0.00,0.02,0.09,0.16,0.00,0.00,0.00,0.12,0.20,0.29,469111,737284,1139011,906738,1623078,2334461,0,0,0,0,0,0,0,393893,0,503.86,523.81,541.13
125,3,56,89,100,83330,84238,85370,11909,13041,13949,591,591,591,0.68,0.85,0.96,0.29,0.33,0.41,0.25,0.30,0.35,0.00,0.00,0.00,0.02,0.08,0.15,0.00,0.00,0.00,0.14,0.20,0.27,317102,330705,343113,542481,1132521,1689377,0,0,0,0,0,0,0,402402,0,477.25,483.53,489.93
126,0,83,96,100,77419,81858,83323,13956,15420,19860,591,591,591,0.90,0.96,0.98,0.26,0.31,0.35,0.35,0.37,0.39,0.00,0.00,0.00,0.14,0.15,0.17,0.00,0.00,0.00,0.11,0.14,0.15,248021,389459,568690,557174,946547,1483312,0,0,0,0,0,0,0,422262,0,498.95,518.29,528.58
126,1,41,87,100,80781,83592,84665,12614,13702,16578,591,591,591,0.57,0.85,0.97,0.30,0.34,0.38,0.18,0.29,0.39,0.00,0.00,0.00,0.02,0.08,0.12,0.00,0.00,0.00,0.18,0.22,0.28,348546,631061,982704,877905,1180461,1473486,0,0,0,0,0,0,0,425331,0,484.43,500.81,533.40
126,2,99,99,100,82789,83357,84569,12710,13922,14490,591,591,591,0.94,0.97,0.98,0.30,0.31,0.35,0.25,0.34,0.39,0.00,0.00,0.00,0.11,0.14,0.16,0.00,0.00,0.00,0.13,0.14,0.16,450740,801389,1333932,560805,1206532,2298347,0,0,0,0,0,0,0,431394,0,499.72,514.89,535.60
126,3,99,99,100,77426,82305,85650,11569,14961,19853,591,591,591,0.94,0.97,0.98,0.30,0.35,0.49,0.37,0.38,0.39,0.00,0.00,0.00,0.04,0.13,0.17,0.00,0.00,0.00,0.12,0.17,0.31,336266,579144,1069205,732488,1028419,1320783,0,0,0,0,0,0,0,438968,0,492.60,509.23,520.52
127,0,58,91,100,83323,84851,87163,10116,12428,13956,591,591,591,0.62,0.85,0.95,0.28,0.34,0.49,0.24,0.29,0.37,0.00,0.00,0.00,0.04,0.08,0.12,0.00,0.00,0.00,0.15,0.21,0.32,306602,591211,1307691,1111186,1370037,1650936,0,0,0,0,0,0,0,443453,0,494.60,500.79,516.43
127,1,96,98,100,77441,80775,83065,14214,16459,19838,591,591,591,0.86,0.95,0.98,0.30,0.32,0.37,0.33,0.37,0.38,0.00,0.00,0.00,0.12,0.14,0.16,0.00,0.00,0.00,0.13,0.16,0.21,311855,360244,427157,644643,1166177,1603827,0,0,0,0,0,0,0,417781,0,483.11,515.11,529.83
127,2,66,93,100,77425,82888,85369,11910,14390,19854,591,591,591,0.75,0.89,0.99,0.28,0.33,0.38,0.24,0.34,0.41,0.00,0.00,0.00,0.04,0.10,0.18,0.00,0.00,0.00,0.11,0.19,0.26,453340,843220,1656237,1045548,1699133,2383024,0,0,0,0,0,0,0,452009,0,506.17,521.98,539.09
127,3,40,87,100,83050,83998,84650,12629,13281,14229,591,591,591,0.53,0.81,0.98,0.25,0.29,0.34,0.21,0.28,0.37,0.00,0.00,0.00,0.04,0.09,0.15,0.00,0.00,0.00,0.13,0.17,0.21,324962,457549,594868,794061,1322321,1813414,0,0,0,0,0,0,0,391239,0,467.00,480.14,489.88
128,0,99,99,100,77421,81474,83043,14236,15812,19858,591,591,591,0.97,0.98,0.98,0.28,0.32,0.36,0.37,0.39,0.41,0.00,0.00,0.00,0.13,0.16,0.17,0.00,0.00,0.00,0.11,0.14,0.18,314441,363195,406219,503188,965334,1755441,0,0,0,0,0,0,0,323695,0,503.84,525.31,537.25
128,1,85,96,100,83065,84049,84665,12614,13230,14214,591,591,591,0.64,0.87,0.98,0.29,0.33,0.38,0.22,0.30,0.41,0.00,0.00,0.00,0.03,0.09,0.15,0.00,0.00,0.00,0.15,0.20,0.28,340690,500547,704935,576552,1065036,1734822,0,0,0,0,0,0,0,402959,0,479.12,486.82,499.93
128,2,99,99,100,82729,83049,83349,13930,14230,14550,591,591,591,0.95,0.97,0.99,0.28,0.31,0.35,0.27,0.36,0.41,0.00,0.00,0.00,0.12,0.15,0.17,0.00,0.00,0.00,0.11,0.14,0.16,458614,799552,1244763,697035,1365270,2392566,0,0,0,0,0,0,0,431830,0,507.03,522.38,539.33
128,3,99,99,100,77426,82193,85370,11909,15085,19853,591,591,591,0.94,0.97,0.98,0.29,0.35,0.51,0.35,0.38,0.41,0.00,0.00,0.00,0.03,0.14,0.17,0.00,0.00,0.00,0.12,0.17,0.33,314407,492669,859596,723273,938405,1179324,0,0,0,0,0,0,0,312056,0,496.31,504.06,517.20
129,0,86,96,100,83343,84458,85363,11916,12821,13936,591,591,591,0.74,0.86,0.95,0.30,0.33,0.41,0.25,0.29,0.35,0.00,0.00,0.00,0.02,0.08,0.13,0.00,0.00,0.00,0.15,0.20,0.27,223610,330326,400945,768661,1093352,1373171,0,0,0,0,0,0,0,394366,0,499.99,505.93,517.44
129,1,99,99,100,77443,80484,83065,14214,16795,19836,591,591,591,0.93,0.97,0.98,0.30,0.31,0.33,0.35,0.38,0.40,0.00,0.00,0.00,0.14,0.16,0.17,0.00,0.00,0.00,0.13,0.14,0.16,322334,423672,679716,1015094,1275818,1566896,0,0,0,0,0,0,0,448168,0,510.51,521.07,525.33
129,2,58,89,100,77425,83363,86809,10490,13921,19854,591,591,591,0.63,0.84,0.98,0.30,0.35,0.46,0.25,0.34,0.38,0.00,0.00,0.00,0.05,0.08,0.16,0.00,0.00,0.00,0.15,0.22,0.29,466447,664208,1221084,896030,1541314,2332113,0,0,0,0,0,0,0,294354,0,506.00,522.57,534.94
129,3,68,91,100,83210,83925,84570,12709,13324,13949,591,591,591,0.59,0.86,0.98,0.26,0.30,0.33,0.24,0.30,0.41,0.00,0.00,0.00,0.05,0.10,0.17,0.00,0.00,0.00,0.11,0.17,0.21,322333,581947,880437,794041,1478999,1826383,0,0,0,0,0,0,0,455890,0,487.21,490.35,497.36
130,0,99,99,100,77419,81786,83183,14096,15492,19860,591,591,591,0.98,0.98,0.98,0.28,0.32,0.35,0.37,0.39,0.41,0.00,0.00,0.00,0.15,0.16,0.17,0.00,0.00,0.00,0.12,0.14,0.16,314495,528843,982748,526780,997926,1179299,0,0,0,0,0,0,0,482155,0,499.68,522.47,533.38
130,1,84,94,100,83065,84049,84665,12614,13230,14214,591,591,591,0.74,0.88,0.98,0.30,0.33,0.38,0.25,0.31,0.38,0.00,0.00,0.00,0.03,0.10,0.16,0.00,0.00,0.00,0.14,0.20,0.27,300498,584719,1574858,484809,1017989,1889305,0,0,0,0,0,0,0,410384,0,477.73,484.31,494.46
130,2,99,99,100,82789,83357,84569,12710,13922,14490,591,591,591,0.93,0.97,0.98,0.30,0.31,0.34,0.25,0.34,0.39,0.00,0.00,0.00,0.11,0.14,0.16,0.00,0.00,0.00,0.12,0.14,0.16,301742,995409,2400561,833422,1460471,2618079,0,0,0,0,0,0,0,431266,0,502.42,515.18,535.05
130,3,99,99,100,77428,82229,85370,11909,15049,19851,591,591,591,0.95,0.97,0.98,0.30,0.35,0.45,0.37,0.38,0.39,0.00,0.00,0.00,0.06,0.14,0.17,0.00,0.00,0.00,0.12,0.17,0.28,317101,442366,854334,461238,875300,1184545,0,0,0,0,0,0,0,395773,0,502.67,510.62,516.95
131,0,85,94,100,83323,84247,85363,11916,13032,13956,591,591,591,0.58,0.86,0.96,0.25,0.34,0.51,0.25,0.30,0.35,0.00,0.00,0.00,0.03,0.08,0.14,0.00,0.00,0.00,0.14,0.21,0.33,343248,402518,516352,1087748,1361601,1739824,0,0,0,0,0,0,0,416069,0,502.20,507.76,518.51
131,1,48,89,100,77443,82460,84665,12614,14834,19836,591,591,591,0.59,0.90,0.98,0.30,0.33,0.38,0.19,0.34,0.40,0.00,0.00,0.00,0.02,0.12,0.17,0.00,0.00,0.00,0.13,0.18,0.23,319726,429778,555536,1126796,1370062,1758514,0,0,0,0,0,0,0,300049,0,508.74,523.13,533.83
131,2,77,95,100,77427,82800,85369,11910,14478,19852,591,591,591,0.66,0.88,0.98,0.30,0.35,0.42,0.24,0.33,0.42,0.00,0.00,0.00,0.04,0.09,0.16,0.00,0.00,0.00,0.14,0.21,0.25,471578,868024,1562408,1268021,1749159,2522174,0,0,0,0,0,0,0,402647,0,513.53,526.66,543.00
131,3,85,96,100,83050,83790,84650,12629,13489,14229,591,591,591,0.64,0.86,0.98,0.30,0.31,0.32,0.25,0.31,0.39,0.00,0.00,0.00,0.04,0.10,0.16,0.00,0.00,0.00,0.12,0.18,0.22,343298,556721,914597,518878,1506749,2282562,0,0,0,0,0,0,0,455422,0,485.31,491.04,500.37
132,0,99,99,100,77419,82570,86763,10516,14708,19860,591,591,591,0.95,0.97,0.98,0.28,0.35,0.45,0.37,0.38,0.40,0.00,0.00,0.00,0.06,0.14,0.17,0.00,0.00,0.00,0.12,0.17,0.29,239428,399031,550226,402517,862488,1638250,0,0,0,0,0,0,0,458219,0,520.49,527.95,535.33
132,1,98,99,100,82925,83701,84585,12694,13578,14354,591,591,591,0.87,0.93,0.98,0.30,0.32,0.37,0.24,0.34,0.40,0.00,0.00,0.00,0.06,0.12,0.17,0.00,0.00,0.00,0.13,0.18,0.27,451946,868959,1577889,500369,1324877,2065088,0,0,0,0,0,0,0,457812,0,481.95,494.25,513.31
132,2,98,99,100,82509,83005,83349,13930,14274,14770,591,591,591,0.94,0.97,0.98,0.28,0.31,0.35,0.24,0.36,0.41,0.00,0.00,0.00,0.10,0.15,0.17,0.00,0.00,0.00,0.11,0.14,0.17,450750,981139,2374155,652529,1390992,3561232,0,0,0,0,0,0,0,485413,0,507.56,521.95,535.83
132,3,70,93,100,77428,82481,85010,12249,14805,19851,591,591,591,0.52,0.87,0.98,0.22,0.32,0.43,0.23,0.34,0.40,0.00,0.00,0.00,0.04,0.12,0.17,0.00,0.00,0.00,0.12,0.18,0.27,237611,719164,1831694,574063,1301219,2997794,0,0,0,0,0,0,0,381282,0,481.68,505.55,515.58
133,0,46,89,100,83043,84027,84643,12636,13252,14236,591,591,591,0.52,0.84,0.98,0.25,0.31,0.35,0.20,0.29,0.37,0.00,0.00,0.00,0.04,0.10,0.15,0.00,0.00,0.00,0.14,0.18,0.24,311894,528274,1087593,442887,1338583,2418912,0,0,0,0,0,0,0,419791,0,498.10,502.94,512.28
133,1,82,96,100,77443,82856,84843,12536,14430,19836,591,591,591,0.58,0.88,0.98,0.31,0.35,0.40,0.21,0.35,0.41,0.00,0.00,0.00,0.03,0.10,0.16,0.00,0.00,0.00,0.15,0.21,0.28,345931,408803,516253,657764,1248911,1849495,0,0,0,0,0,0,0,392376,0,488.87,519.46,535.39
133,2,89,96,100,77427,83516,86369,10910,13762,19852,591,591,591,0.69,0.87,0.98,0.29,0.33,0.38,0.25,0.31,0.38,0.00,0.00,0.00,0.06,0.09,0.15,0.00,0.00,0.00,0.15,0.19,0.24,311624,778809,1277294,550327,1548179,2427412,0,0,0,0,0,0,0,392409,0,503.62,514.57,539.03
133,3,86,96,100,83050,83746,84570,12709,13533,14229,591,591,591,0.63,0.90,0.98,0.27,0.30,0.34,0.25,0.32,0.39,0.00,0.00,0.00,0.04,0.12,0.16,0.00,0.00,0.00,0.14,0.16,0.19,317080,474848,673519,455996,1124748,1580280,0,0,0,0,0,0,0,307402,0,454.59,466.15,490.26
134,0,90,97,100,77419,81437,83043,14236,15842,19860,591,591,591,0.93,0.97,0.98,0.27,0.31,0.35,0.37,0.38,0.39,0.00,0.00,0.00,0.15,0.16,0.17,0.00,0.00,0.00,0.11,0.13,0.16,330182,472049,613244,442863,816323,1535686,0,0,0,0,0,0,0,320171,0,522.34,530.60,534.96
134,1,87,96,100,82925,83480,84585,12694,13799,14354,591,591,591,0.87,0.94,0.98,0.30,0.31,0.34,0.23,0.31,0.39,0.00,0.00,0.00,0.09,0.13,0.16,0.00,0.00,0.00,0.14,0.15,0.17,335433,511602,793876,437636,816200,1391248,0,0,0,0,0,0,0,421939,0,478.57,488.09,510.07
134,2,93,97,100,82789,83054,83329,13950,14225,14490,591,591,591,0.93,0.97,0.98,0.27,0.32,0.35,0.32,0.37,0.41,0.00,0.00,0.00,0.14,0.15,0.18,0.00,0.00,0.00,0.11,0.14,0.16,450743,649218,1208132,639212,975465,1386338,0,0,0,0,0,0,0,321056,0,498.57,517.55,533.29
134,3,99,99,100,77428,82024,85370,11909,15254,19851,591,591,591,0.90,0.96,0.98,0.30,0.36,0.49,0.33,0.37,0.39,0.00,0.00,0.00,0.03,0.13,0.17,0.00,0.00,0.00,0.12,0.18,0.32,356411,493594,695529,508410,879120,1284040,0,0,0,0,0,0,0,445797,0,510.08,515.19,520.83
135,0,93,98,100,83323,84231,85363,11916,13048,13956,591,591,591,0.76,0.89,0.98,0.29,0.33,0.40,0.23,0.31,0.41,0.00,0.00,0.00,0.03,0.09,0.17,0.00,0.00,0.00,0.12,0.20,0.28,319689,450746,893673,783544,1301195,1674519,0,0,0,0,0,0,0,470599,0,501.51,505.21,516.43
135,1,81,93,100,77443,82444,84665,12614,14854,19836,591,591,591,0.48,0.85,0.98,0.24,0.33,0.40,0.17,0.34,0.39,0.00,0.00,0.00,0.03,0.10,0.17,0.00,0.00,0.00,0.13,0.19,0.27,96958,394830,676066,335424,1306083,1811579,0,0,0,0,0,0,0,420101,0,476.05,509.81,533.86
135,2,85,96,100,77427,82888,85369,11910,14390,19852,591,591,591,0.69,0.86,0.98,0.30,0.34,0.38,0.23,0.34,0.39,0.00,0.00,0.00,0.03,0.09,0.16,0.00,0.00,0.00,0.13,0.20,0.25,474324,1153505,2586487,1276221,2155539,3773598,0,0,0,0,0,0,0,455359,0,508.34,520.77,532.25
135,3,76,93,100,83050,83790,84650,12629,13489,14229,591,591,591,0.61,0.88,0.98,0.26,0.31,0.34,0.25,0.33,0.39,0.00,0.00,0.00,0.05,0.11,0.16,0.00,0.00,0.00,0.12,0.17,0.22,211397,495603,953684,466483,1347573,2756253,0,0,0,0,0,0,0,403805,0,483.47,490.99,505.39
136,0,90,97,100,77419,82242,85363,11916,15036,19860,591,591,591,0.84,0.95,0.98,0.28,0.33,0.43,0.31,0.37,0.41,0.00,0.00,0.00,0.07,0.14,0.17,0.00,0.00,0.00,0.11,0.16,0.27,345932,735359,1879037,555589,1204460,1978623,0,0,0,0,0,0,0,415185,0,503.95,513.91,518.38
136,1,96,98,100,82805,83373,84585,12694,13906,14474,591,591,591,0.91,0.96,0.98,0.29,0.31,0.34,0.24,0.33,0.39,0.00,0.00,0.00,0.10,0.14,0.16,0.00,0.00,0.00,0.13,0.15,0.16,327584,601715,906768,479586,1039895,1504267,0,0,0,0,0,0,0,433933,0,465.96,492.58,528.20
136,2,99,99,100,82729,83049,83349,13930,14230,14550,591,591,591,0.96,0.97,0.98,0.30,0.32,0.32,0.25,0.35,0.40,0.00,0.00,0.00,0.11,0.15,0.16,0.00,0.00,0.00,0.12,0.14,0.17,290135,606510,1299914,490345,1019216,1585074,0,0,0,0,0,0,0,427660,0,508.47,523.46,535.93
136,3,99,99,100,77428,82585,85208,12131,14705,19851,591,591,591,0.63,0.90,0.98,0.29,0.34,0.45,0.25,0.36,0.40,0.00,0.00,0.00,0.04,0.11,0.17,0.00,0.00,0.00,0.12,0.18,0.29,338052,498425,725929,524025,1001568,1768826,0,0,0,0,0,0,0,442148,0,495.72,509.61,517.01
137,0,85,95,100,83043,83991,84643,12636,13296,14236,591,591,591,0.68,0.87,0.98,0.28,0.32,0.34,0.25,0.30,0.37,0.00,0.00,0.00,0.04,0.10,0.15,0.00,0.00,0.00,0.14,0.18,0.23,322346,441700,822333,455998,1246271,1978582,0,0,0,0,0,0,0,416452,0,504.21,507.80,513.14
137,1,48,89,100,77443,82472,84665,12614,14826,19836,591,591,591,0.63,0.86,0.98,0.30,0.34,0.37,0.20,0.32,0.39,0.00,0.00,0.00,0.03,0.09,0.17,0.00,0.00,0.00,0.13,0.21,0.27,356414,574420,864907,872597,1448637,1965699,0,0,0,0,0,0,0,268884,0,484.52,512.37,539.84
137,2,87,97,100,77427,83596,86769,10510,13682,19852,591,591,591,0.63,0.86,0.98,0.29,0.34,0.49,0.24,0.32,0.39,0.00,0.00,0.00,0.03,0.09,0.17,0.00,0.00,0.00,0.12,0.20,0.31,440233,681789,1071823,964354,1523918,2300742,0,0,0,0,0,0,0,400568,0,510.13,519.15,535.91
137,3,84,96,100,83050,83742,84570,12709,13537,14229,591,591,591,0.79,0.93,0.98,0.30,0.32,0.35,0.25,0.33,0.39,0.00,0.00,0.00,0.07,0.12,0.17,0.00,0.00,0.00,0.12,0.16,0.21,317081,618658,1030947,537204,1385422,2354253,0,0,0,0,0,0,0,414645,0,483.62,488.98,505.01
138,0,82,96,100,77421,81210,85363,11916,16060,19858,591,591,591,0.56,0.89,0.98,0.29,0.33,0.42,0.20,0.35,0.39,0.00,0.00,0.00,0.03,0.12,0.16,0.00,0.00,0.00,0.13,0.17,0.25,232363,525532,1140011,408820,1182969,2217125,0,0,0,0,0,0,0,454605,0,506.99,523.68,532.60
138,1,94,97,99,77443,81944,83345,13934,15334,19836,591,591,591,0.94,0.96,0.98,0.31,0.32,0.34,0.25,0.34,0.39,0.00,0.00,0.00,0.11,0.14,0.16,0.00,0.00,0.00,0.14,0.15,0.17,10480,394370,808974,421944,938412,1460236,0,0,0,0,0,0,0,480948,0,476.21,506.43,534.11
138,2,96,98,100,82509,82945,83329,13950,14334,14770,591,591,591,0.89,0.96,0.98,0.28,0.31,0.35,0.29,0.36,0.41,0.00,0.00,0.00,0.12,0.15,0.17,0.00,0.00,0.00,0.11,0.14,0.16,448138,945517,2479111,526754,1490069,2916755,0,0,0,0,0,0,0,479762,0,508.25,520.86,529.87
138,3,69,93,100,77428,82533,85370,11909,14745,19851,591,591,591,0.67,0.88,0.98,0.30,0.35,0.44,0.25,0.36,0.40,0.00,0.00,0.00,0.04,0.10,0.17,0.00,0.00,0.00,0.12,0.20,0.27,309236,408296,615856,478708,1091586,1795157,0,0,0,0,0,0,0,392908,0,495.73,509.87,518.74
139,0,86,97,100,83043,83739,84563,12716,13540,14236,591,591,591,0.89,0.94,0.98,0.29,0.32,0.37,0.25,0.34,0.42,0.00,0.00,0.00,0.07,0.12,0.17,0.00,0.00,0.00,0.12,0.17,0.26,317010,444423,618484,487440,1065963,1993984,0,0,0,0,0,0,0,319066,0,491.92,498.79,517.90
139,1,84,94,100,79703,83376,84665,12614,13918,17656,591,591,591,0.62,0.86,0.96,0.29,0.34,0.38,0.21,0.30,0.41,0.00,0.00,0.00,0.03,0.08,0.11,0.00,0.00,0.00,0.16,0.21,0.28,335439,644656,1470088,663037,1371083,2554965,0,0,0,0,0,0,0,370798,0,483.98,501.34,539.73
139,2,85,94,100,77427,83056,85369,11910,14222,19852,591,591,591,0.71,0.89,0.98,0.29,0.34,0.52,0.25,0.31,0.40,0.00,0.00,0.00,0.03,0.09,0.17,0.00,0.00,0.00,0.13,0.20,0.33,469128,588073,792796,747205,1259687,1671851,0,0,0,0,0,0,0,399071,0,509.65,517.82,533.83
139,3,99,99,100,82790,83418,84570,12709,13861,14489,591,591,591,0.93,0.96,0.98,0.28,0.31,0.34,0.24,0.33,0.41,0.00,0.00,0.00,0.11,0.14,0.17,0.00,0.00,0.00,0.11,0.15,0.16,324956,389406,566032,403575,991595,2049410,0,0,0,0,0,0,0,312177,0,486.23,496.57,512.84
140,0,99,99,100,77419,82017,85363,11916,15262,19860,591,591,591,0.95,0.97,0.98,0.31,0.35,0.43,0.37,0.38,0.39,0.00,0.00,0.00,0.07,0.14,0.16,0.00,0.00,0.00,0.13,0.17,0.27,332822,480460,814979,455993,1019636,1756679,0,0,0,0,0,0,0,417654,0,526.39,529.68,531.65
140,1,99,99,100,77443,81594,83065,14214,15684,19836,591,591,591,0.98,0.98,0.98,0.30,0.32,0.34,0.37,0.38,0.40,0.00,0.00,0.00,0.15,0.16,0.17,0.00,0.00,0.00,0.13,0.14,0.16,317099,583089,867449,469074,1046281,1975921,0,0,0,0,0,0,0,431866,0,478.57,512.22,535.15
140,2,99,99,100,82729,82974,83329,13950,14305,14550,591,591,591,0.98,0.98,0.98,0.29,0.31,0.35,0.37,0.39,0.41,0.00,0.00,0.00,0.15,0.16,0.17,0.00,0.00,0.00,0.12,0.13,0.16,442747,818911,1249968,841349,1365275,2481592,0,0,0,0,0,0,0,325006,0,504.03,524.05,534.88
140,3,67,91,100,77428,82514,85370,11909,14764,19851,591,591,591,0.59,0.87,0.98,0.26,0.35,0.51,0.24,0.34,0.39,0.00,0.00,0.00,0.03,0.10,0.17,0.00,0.00,0.00,0.13,0.20,0.33,314430,626526,998508,466404,1281684,1869373,0,0,0,0,0,0,0,446699,0,497.99,515.53,523.25
141,0,60,91,100,83043,83783,84643,12636,13496,14236,591,591,591,0.64,0.88,0.98,0.30,0.31,0.33,0.25,0.31,0.40,0.00,0.00,0.00,0.04,0.11,0.17,0.00,0.00,0.00,0.12,0.17,0.22,232363,736732,1740108,741688,1468008,2649472,0,0,0,0,0,0,0,472962,0,507.84,514.08,526.10
141,1,97,99,100,79623,83360,84665,12614,13934,17736,591,591,591,0.74,0.86,0.97,0.29,0.34,0.41,0.26,0.31,0.38,0.00,0.00,0.00,0.02,0.09,0.15,0.00,0.00,0.00,0.17,0.23,0.29,0,419250,809523,297752,1294968,1878926,0,0,0,0,0,0,0,436507,0,480.13,502.91,538.54
141,2,50,86,100,77427,83380,85307,11952,13894,19852,591,591,591,0.39,0.82,0.97,0.21,0.32,0.43,0.13,0.31,0.41,0.00,0.00,0.00,0.02,0.08,0.16,0.00,0.00,0.00,0.14,0.19,0.27,469107,904119,1811110,851710,1715345,2946003,0,0,0,0,0,0,0,434309,0,488.89,512.42,541.26
141,3,95,98,100,82910,83442,84570,12709,13837,14369,591,591,591,0.88,0.95,0.98,0.28,0.32,0.35,0.24,0.35,0.41,0.00,0.00,0.00,0.07,0.13,0.17,0.00,0.00,0.00,0.11,0.16,0.23,214893,323373,361638,497932,942848,1545894,0,0,0,0,0,0,0,413791,0,484.15,494.15,504.48
142,0,72,94,100,77420,82562,85120,12119,14708,19859,591,591,591,0.55,0.89,0.99,0.28,0.33,0.43,0.19,0.35,0.40,0.00,0.00,0.00,0.03,0.12,0.17,0.00,0.00,0.00,0.11,0.18,0.27,330209,461223,741655,469092,1178749,2232829,0,0,0,0,0,0,0,396318,0,509.79,526.24,535.07
142,1,99,99,100,77443,81572,83065,14214,15726,19836,591,591,591,0.95,0.97,0.98,0.31,0.35,0.46,0.37,0.38,0.39,0.00,0.00,0.00,0.05,0.14,0.16,0.00,0.00,0.00,0.13,0.18,0.30,338067,796307,1606218,1001006,1455904,1949898,0,0,0,0,0,0,0,327691,0,478.08,517.11,538.60
142,2,99,99,100,82509,82977,83349,13930,14302,14770,591,591,591,0.96,0.97,0.98,0.31,0.32,0.33,0.25,0.36,0.39,0.00,0.00,0.00,0.11,0.15,0.16,0.00,0.00,0.00,0.13,0.14,0.16,445447,561953,967005,484751,1100810,1677188,0,0,0,0,0,0,0,430495,0,486.50,516.38,538.65
142,3,85,96,100,77428,81605,84650,12629,15685,19851,591,591,591,0.58,0.85,0.98,0.28,0.34,0.43,0.23,0.34,0.39,0.00,0.00,0.00,0.04,0.09,0.16,0.00,0.00,0.00,0.13,0.20,0.27,309229,424312,771955,497911,1164849,1703423,0,0,0,0,0,0,0,385897,0,485.17,505.89,518.96
143,0,98,99,100,83044,83736,84564,12715,13543,14235,591,591,591,0.89,0.94,0.98,0.29,0.32,0.37,0.24,0.34,0.42,0.00,0.00,0.00,0.07,0.12,0.17,0.00,0.00,0.00,0.12,0.17,0.26,314915,406764,697040,424465,965893,1351662,0,0,0,0,0,0,0,423946,0,497.19,503.21,518.76
143,1,84,96,100,83065,84049,84665,12614,13230,14214,591,591,591,0.58,0.85,0.98,0.28,0.31,0.34,0.22,0.29,0.37,0.00,0.00,0.00,0.04,0.10,0.15,0.00,0.00,0.00,0.16,0.18,0.22,330137,560806,815016,605251,1164608,1871131,0,0,0,0,0,0,0,401138,0,478.00,487.39,504.42
143,2,67,91,100,77427,83244,85369,11910,14038,19852,591,591,591,0.63,0.86,0.97,0.27,0.34,0.46,0.25,0.31,0.38,0.00,0.00,0.00,0.03,0.08,0.15,0.00,0.00,0.00,0.16,0.21,0.29,466438,660849,1205394,665640,1316949,2748822,0,0,0,0,0,0,0,397428,0,508.19,517.33,542.41
143,3,98,99,100,82790,83390,84570,12709,13889,14489,591,591,591,0.95,0.97,0.98,0.28,0.31,0.34,0.25,0.34,0.39,0.00,0.00,0.00,0.11,0.14,0.16,0.00,0.00,0.00,0.13,0.14,0.16,301298,541023,1024687,385138,1074519,1711318,0,0,0,0,0,0,0,414636,0,484.97,495.80,516.09
144,0,99,99,100,77420,82527,85364,11915,14751,19859,591,591,591,0.65,0.90,0.98,0.28,0.34,0.37,0.23,0.36,0.41,0.00,0.00,0.00,0.03,0.11,0.17,0.00,0.00,0.00,0.11,0.19,0.27,213136,567294,1352292,421922,1342131,2277406,0,0,0,0,0,0,0,454274,0,515.89,527.50,537.17
144,1,62,92,100,78623,82196,84665,12614,15098,18656,591,591,591,0.51,0.88,0.98,0.27,0.32,0.41,0.17,0.34,0.39,0.00,0.00,0.00,0.03,0.12,0.16,0.00,0.00,0.00,0.13,0.17,0.25,13103,517841,1498923,524137,1381319,3065623,0,0,0,0,0,0,0,447271,0,498.99,521.62,536.91
144,2,99,99,100,78607,82156,83329,13950,15126,18672,591,591,591,0.93,0.97,0.98,0.29,0.31,0.35,0.31,0.37,0.41,0.00,0.00,0.00,0.13,0.15,0.17,0.00,0.00,0.00,0.12,0.13,0.16,450735,958076,2250964,681366,1733240,3941153,0,0,0,0,0,0,0,486835,0,503.99,528.68,540.00
144,3,84,94,100,77428,82905,85370,11909,14373,19851,591,591,591,0.65,0.88,0.98,0.28,0.34,0.51,0.25,0.33,0.41,0.00,0.00,0.00,0.03,0.10,0.17,0.00,0.00,0.00,0.12,0.20,0.34,348552,501237,817646,828140,1281644,1832580,0,0,0,0,0,0,0,376615,0,479.29,502.24,515.73
145,0,85,96,100,82784,83412,84564,12715,13867,14495,591,591,591,0.89,0.95,0.98,0.29,0.31,0.33,0.25,0.33,0.40,0.00,0.00,0.00,0.09,0.14,0.17,0.00,0.00,0.00,0.12,0.15,0.17,319725,455468,683970,435025,847515,1289324,0,0,0,0,0,0,0,319430,0,502.22,512.49,521.54
145,1,98,99,100,83065,83729,84585,12694,13550,14214,591,591,591,0.90,0.94,0.98,0.30,0.33,0.39,0.24,0.35,0.41,0.00,0.00,0.00,0.06,0.12,0.15,0.00,0.00,0.00,0.14,0.18,0.30,395746,548795,849268,495338,899040,1350463,0,0,0,0,0,0,0,408965,0,473.87,488.91,514.51
145,2,62,90,100,77427,83056,85369,11910,14222,19852,591,591,591,0.72,0.85,0.97,0.30,0.34,0.39,0.25,0.30,0.37,0.00,0.00,0.00,0.03,0.08,0.13,0.00,0.00,0.00,0.15,0.20,0.26,326826,621929,1381091,540655,1128300,1844949,0,0,0,0,0,0,0,394900,0,504.72,516.99,539.82
145,3,99,99,100,82730,83074,83350,13929,14205,14549,591,591,591,0.95,0.97,0.98,0.29,0.31,0.35,0.25,0.36,0.40,0.00,0.00,0.00,0.11,0.15,0.17,0.00,0.00,0.00,0.12,0.14,0.16,311857,395727,663212,390480,769887,1370057,0,0,0,0,0,0,0,313080,0,480.29,498.55,518.67
146,0,65,91,100,77420,82508,85364,11915,14771,19859,591,591,591,0.66,0.89,0.98,0.30,0.35,0.43,0.26,0.35,0.39,0.00,0.00,0.00,0.04,0.11,0.16,0.00,0.00,0.00,0.13,0.20,0.27,351023,496584,880568,579179,1531698,2578808,0,0,0,0,0,0,0,404856,0,504.25,522.05,529.80
146,1,49,87,100,77703,80949,84665,12614,16356,19680,591,591,591,0.60,0.88,0.98,0.30,0.34,0.44,0.23,0.34,0.39,0.00,0.00,0.00,0.04,0.11,0.16,0.00,0.00,0.00,0.13,0.20,0.28,348545,638768,809793,898881,1691572,2515581,0,0,0,0,0,0,0,395358,0,508.17,526.45,535.80
146,2,99,99,100,82609,82944,83329,13950,14335,14670,591,591,591,0.98,0.98,0.98,0.29,0.31,0.35,0.37,0.39,0.41,0.00,0.00,0.00,0.15,0.16,0.17,0.00,0.00,0.00,0.12,0.14,0.16,442875,787313,1220427,1171503,1708198,2709786,0,0,0,0,0,0,0,323434,0,509.41,527.42,541.92
146,3,40,84,100,77428,82384,85030,12249,14910,19851,591,591,591,0.44,0.81,0.98,0.22,0.34,0.43,0.16,0.33,0.41,0.00,0.00,0.00,0.03,0.08,0.15,0.00,0.00,0.00,0.15,0.21,0.27,317098,636821,964421,421924,1683122,2298363,0,0,0,0,0,0,0,417063,0,481.58,502.55,520.21
147,0,84,96,100,82904,83436,84564,12715,13843,14375,591,591,591,0.80,0.92,0.98,0.29,0.32,0.34,0.25,0.34,0.38,0.00,0.00,0.00,0.06,0.12,0.15,0.00,0.00,0.00,0.13,0.16,0.24,314471,405571,529305,490050,807140,1328640,0,0,0,0,0,0,0,478547,0,499.92,507.98,519.94
147,1,99,99,100,83065,83729,84585,12694,13550,14214,591,591,591,0.81,0.93,0.98,0.30,0.32,0.34,0.25,0.33,0.39,0.00,0.00,0.00,0.06,0.12,0.17,0.00,0.00,0.00,0.13,0.17,0.25,5241,491291,1331326,474714,895278,1459741,0,0,0,0,0,0,0,420129,0,480.03,491.14,510.10
147,2,54,90,100,77427,83516,86369,10910,13762,19852,591,591,591,0.60,0.86,0.98,0.28,0.34,0.46,0.23,0.32,0.38,0.00,0.00,0.00,0.04,0.08,0.15,0.00,0.00,0.00,0.15,0.20,0.29,482239,893609,1533517,933028,1395097,2242108,0,0,0,0,0,0,0,452494,0,510.35,523.42,537.77
147,3,85,96,100,82790,83390,84570,12709,13889,14489,591,591,591,0.88,0.95,0.98,0.29,0.31,0.34,0.23,0.33,0.39,0.00,0.00,0.00,0.10,0.14,0.16,0.00,0.00,0.00,0.13,0.15,0.17,311059,432900,851477,421919,832461,1818230,0,0,0,0,0,0,0,414165,0,471.69,488.37,517.46
148,0,25,84,100,77582,81583,85364,11915,15691,19697,591,591,591,0.49,0.84,0.98,0.27,0.33,0.39,0.16,0.34,0.40,0.00,0.00,0.00,0.02,0.10,0.17,0.00,0.00,0.00,0.12,0.19,0.25,317103,587568,1182045,833379,1474917,2589347,0,0,0,0,0,0,0,386165,0,499.14,518.91,537.21
148,1,92,98,100,77663,81812,85385,11894,15482,19696,591,591,591,0.54,0.85,0.98,0.30,0.33,0.38,0.18,0.33,0.38,0.00,0.00,0.00,0.02,0.10,0.16,0.00,0.00,0.00,0.14,0.19,0.24,347952,593208,964455,773524,1476163,3192137,0,0,0,0,0,0,0,272323,0,486.19,511.69,533.91
148,2,99,99,100,82509,82945,83329,13950,14334,14770,591,591,591,0.87,0.96,0.98,0.26,0.31,0.34,0.26,0.36,0.40,0.00,0.00,0.00,0.12,0.15,0.17,0.00,0.00,0.00,0.12,0.14,0.16,437647,553467,967030,631574,1333360,2743851,0,0,0,0,0,0,0,431374,0,509.68,523.32,536.27
148,3,56,91,100,77428,82905,85370,11909,14373,19851,591,591,591,0.60,0.86,0.98,0.31,0.34,0.37,0.20,0.33,0.41,0.00,0.00,0.00,0.02,0.09,0.15,0.00,0.00,0.00,0.15,0.20,0.27,351108,541408,804545,707582,1466469,2618049,0,0,0,0,0,0,0,384944,0,488.61,504.45,519.56
149,0,99,99,100,82784,83412,84564,12715,13867,14495,591,591,591,0.88,0.95,0.98,0.28,0.31,0.34,0.25,0.33,0.41,0.00,0.00,0.00,0.09,0.13,0.17,0.00,0.00,0.00,0.11,0.15,0.19,319688,510492,749493,437659,896236,1168837,0,0,0,0,0,0,0,426356,0,486.23,502.15,524.41
149,1,97,99,100,82805,83405,84585,12694,13874,14474,591,591,591,0.95,0.97,0.98,0.29,0.32,0.34,0.25,0.33,0.39,0.00,0.00,0.00,0.11,0.14,0.17,0.00,0.00,0.00,0.12,0.15,0.17,309235,429790,626335,419301,793541,1368008,0,0,0,0,0,0,0,421280,0,466.77,487.72,521.84
149,2,100,100,100,77427,83056,85369,11910,14222,19852,591,591,591,0.62,0.86,0.97,0.30,0.34,0.37,0.22,0.31,0.41,0.00,0.00,0.00,0.03,0.08,0.13,0.00,0.00,0.00,0.17,0.20,0.27,327981,600420,1041510,741643,1037361,1661629,0,0,0,0,0,0,0,398451,0,509.28,522.80,540.91
149,3,99,99,100,82730,83074,83350,13929,14205,14549,591,591,591,0.95,0.97,0.98,0.30,0.32,0.34,0.25,0.35,0.39,0.00,0.00,0.00,0.11,0.15,0.16,0.00,0.00,0.00,0.13,0.15,0.17,311803,524631,1029844,466494,878412,1451874,0,0,0,0,0,0,0,467824,0,485.05,502.00,519.87
150,0,24,84,100,77420,83119,86364,10915,14159,19859,591,591,591,0.36,0.80,0.98,0.15,0.31,0.43,0.16,0.33,0.39,0.00,0.00,0.00,0.03,0.10,0.17,0.00,0.00,0.00,0.12,0.18,0.27,319617,745513,2308697,500384,1496247,3383119,0,0,0,0,0,0,0,421810,0,475.44,504.97,534.43
150,1,69,88,100,77443,82760,84665,12234,14442,19836,591,591,591,0.69,0.84,0.97,0.31,0.33,0.38,0.24,0.32,0.38,0.00,0.00,0.00,0.03,0.09,0.16,0.00,0.00,0.00,0.14,0.21,0.26,125795,539540,1378435,532003,1450390,2329712,0,0,0,0,0,0,0,430085,0,478.85,507.70,529.61
150,2,93,98,100,77427,81864,83329,13950,15414,19852,591,591,591,0.92,0.97,0.99,0.30,0.31,0.32,0.36,0.38,0.40,0.00,0.00,0.00,0.14,0.16,0.17,0.00,0.00,0.00,0.12,0.13,0.15,450678,1134694,2421263,1229094,1919830,3354131,0,0,0,0,0,0,0,485938,0,504.43,527.50,537.75
150,3,90,96,100,77428,83505,86308,11031,13785,19851,591,591,591,0.62,0.87,0.98,0.29,0.34,0.44,0.23,0.32,0.41,0.00,0.00,0.00,0.04,0.09,0.17,0.00,0.00,0.00,0.12,0.20,0.27,246270,326983,416664,573896,1218516,2160196,0,0,0,0,0,0,0,278185,0,485.54,503.50,523.58
151,0,99,99,100,82784,83380,84564,12715,13907,14495,591,591,591,0.92,0.96,0.98,0.28,0.31,0.34,0.25,0.34,0.39,0.00,0.00,0.00,0.11,0.14,0.16,0.00,0.00,0.00,0.13,0.14,0.16,332849,653593,1394227,487439,1036216,1978650,0,0,0,0,0,0,0,319738,0,471.12,500.49,534.56
151,1,94,97,99,82525,82993,83365,13914,14286,14754,591,591,591,0.95,0.96,0.98,0.30,0.32,0.34,0.25,0.35,0.39,0.00,0.00,0.00,0.10,0.14,0.17,0.00,0.00,0.00,0.13,0.15,0.17,419509,712671,1055225,578271,1091070,1470972,0,0,0,0,0,0,0,423705,0,473.69,497.31,527.05
151,2,84,95,100,83329,84857,87169,10110,12422,13950,591,591,591,0.66,0.87,0.96,0.29,0.35,0.42,0.24,0.32,0.42,0.00,0.00,0.00,0.04,0.08,0.14,0.00,0.00,0.00,0.13,0.21,0.26,322370,837892,1478015,517850,1339552,2644179,0,0,0,0,0,0,0,400009,0,508.50,518.26,539.56
151,3,77,95,100,82510,82974,83330,13949,14305,14769,591,591,591,0.85,0.95,0.98,0.27,0.31,0.35,0.30,0.36,0.41,0.00,0.00,0.00,0.13,0.15,0.17,0.00,0.00,0.00,0.11,0.14,0.16,309224,542451,990541,584382,857454,1242239,0,0,0,0,0,0,0,462197,0,479.34,500.75,514.20
152,0,75,93,100,77420,82463,85364,11915,14816,19859,591,591,591,0.58,0.87,0.98,0.25,0.35,0.51,0.25,0.34,0.41,0.00,0.00,0.00,0.03,0.10,0.17,0.00,0.00,0.00,0.12,0.20,0.32,298728,431920,771281,992876,1472935,2199673,0,0,0,0,0,0,0,405292,0,508.54,520.70,532.62
152,1,84,94,100,77443,82999,85385,11894,14279,19836,591,591,591,0.61,0.84,0.96,0.30,0.35,0.39,0.21,0.31,0.41,0.00,0.00,0.00,0.03,0.07,0.10,0.00,0.00,0.00,0.16,0.23,0.28,144128,606563,1493321,450729,1709690,3568252,0,0,0,0,0,0,0,431652,0,489.73,506.69,531.21
152,2,99,99,100,82509,82849,83049,14230,14430,14770,591,591,591,0.98,0.98,0.98,0.27,0.31,0.35,0.37,0.39,0.41,0.00,0.00,0.00,0.15,0.16,0.18,0.00,0.00,0.00,0.11,0.13,0.16,419100,614415,1084965,1134508,1539207,2323077,0,0,0,0,0,0,0,318274,0,526.32,529.56,532.50
152,3,85,92,100,77428,83004,85370,11909,14274,19851,591,591,591,0.65,0.82,0.97,0.32,0.34,0.37,0.21,0.31,0.40,0.00,0.00,0.00,0.03,0.07,0.12,0.00,0.00,0.00,0.19,0.22,0.24,314481,396266,584412,935583,1504380,2258276,0,0,0,0,0,0,0,379454,0,476.27,489.98,513.12
153,0,99,99,100,82784,83412,84564,12715,13867,14495,591,591,591,0.89,0.95,0.98,0.29,0.32,0.35,0.25,0.34,0.39,0.00,0.00,0.00,0.07,0.13,0.15,0.00,0.00,0.00,0.13,0.16,0.23,340681,519405,665668,642052,857123,1355797,0,0,0,0,0,0,0,479638,0,498.76,510.68,532.11
153,1,95,98,100,82525,82993,83365,13914,14286,14754,591,591,591,0.95,0.97,0.98,0.30,0.32,0.34,0.27,0.36,0.39,0.00,0.00,0.00,0.12,0.15,0.17,0.00,0.00,0.00,0.13,0.15,0.16,311861,543704,744243,407655,899708,1551483,0,0,0,0,0,0,0,431777,0,485.15,507.11,532.97
153,2,86,95,100,77427,83056,85369,11910,14222,19852,591,591,591,0.75,0.87,0.97,0.31,0.35,0.41,0.25,0.31,0.37,0.00,0.00,0.00,0.03,0.08,0.13,0.00,0.00,0.00,0.16,0.21,0.26,484796,824913,1970510,673465,1317563,2415971,0,0,0,0,0,0,0,450193,0,507.26,515.18,536.45
153,3,98,99,100,82730,83050,83350,13929,14229,14549,591,591,591,0.95,0.97,0.98,0.29,0.32,0.35,0.25,0.35,0.39,0.00,0.00,0.00,0.11,0.14,0.17,0.00,0.00,0.00,0.12,0.15,0.17,206157,322686,390483,349419,685730,1158320,0,0,0,0,0,0,0,415030,0,483.46,502.37,518.38
154,0,84,94,100,77422,83247,86884,10455,14043,19857,591,591,591,0.58,0.85,0.98,0.28,0.34,0.43,0.22,0.34,0.40,0.00,0.00,0.00,0.04,0.09,0.17,0.00,0.00,0.00,0.12,0.20,0.28,317121,393619,542615,815081,1302912,1871112,0,0,0,0,0,0,0,388443,0,493.26,513.84,530.02
154,1,84,96,100,77443,83072,85385,11894,14206,19836,591,591,591,0.71,0.87,0.97,0.31,0.34,0.39,0.24,0.30,0.38,0.00,0.00,0.00,0.03,0.08,0.14,0.00,0.00,0.00,0.17,0.22,0.29,364183,554981,969343,676144,1474773,2185884,0,0,0,0,0,0,0,290079,0,487.06,509.44,537.93
154,2,97,99,100,77427,81864,83329,13950,15414,19852,591,591,591,0.95,0.98,0.98,0.29,0.32,0.35,0.35,0.37,0.39,0.00,0.00,0.00,0.15,0.15,0.17,0.00,0.00,0.00,0.12,0.14,0.16,445497,622663,1276262,581767,1407805,2172528,0,0,0,0,0,0,0,428868,0,508.09,530.11,542.01
154,3,86,94,100,77428,83677,87170,10109,13601,19851,591,591,591,0.62,0.87,0.98,0.27,0.34,0.51,0.25,0.32,0.41,0.00,0.00,0.00,0.03,0.09,0.17,0.00,0.00,0.00,0.12,0.21,0.33,322254,442834,814901,576389,1382507,2088348,0,0,0,0,0,0,0,382018,0,484.84,497.23,515.65
155,0,95,98,100,82784,83352,84564,12715,13927,14495,591,591,591,0.93,0.97,0.98,0.28,0.31,0.34,0.25,0.34,0.39,0.00,0.00,0.00,0.11,0.14,0.16,0.00,0.00,0.00,0.13,0.14,0.16,327565,342782,361659,432406,774138,1268332,0,0,0,0,0,0,0,424791,0,496.71,508.90,527.50
155,1,99,99,100,77443,81808,83205,14074,15470,19836,591,591,591,0.96,0.97,0.98,0.30,0.34,0.38,0.37,0.38,0.39,0.00,0.00,0.00,0.11,0.15,0.17,0.00,0.00,0.00,0.13,0.16,0.23,311837,436065,683962,471736,918943,1247349,0,0,0,0,0,0,0,479614,0,484.24,514.73,533.48
155,2,87,97,100,83329,84900,87387,9872,12374,13950,591,591,591,0.57,0.85,0.96,0.27,0.32,0.40,0.22,0.30,0.39,0.00,0.00,0.00,0.04,0.09,0.13,0.00,0.00,0.00,0.15,0.19,0.23,310311,666394,1127620,592238,1190149,2221849,0,0,0,0,0,0,0,397509,0,509.48,517.89,526.10
155,3,99,99,100,81250,82694,83330,13949,14585,16029,591,591,591,0.95,0.97,0.98,0.28,0.32,0.35,0.33,0.37,0.41,0.00,0.00,0.00,0.14,0.15,0.17,0.00,0.00,0.00,0.12,0.14,0.16,317101,581773,862125,421928,980638,1724413,0,0,0,0,0,0,0,414106,0,488.99,504.49,518.09
156,0,85,94,100,77420,82847,85364,11915,14431,19859,591,591,591,0.69,0.89,0.99,0.27,0.34,0.52,0.24,0.33,0.41,0.00,0.00,0.00,0.03,0.10,0.18,0.00,0.00,0.00,0.11,0.20,0.34,208814,428002,581766,896253,1297349,1808205,0,0,0,0,0,0,0,450073,0,500.52,513.29,529.70
156,1,73,92,100,83205,84221,85385,11894,13058,14074,591,591,591,0.65,0.86,0.95,0.29,0.33,0.38,0.22,0.30,0.41,0.00,0.00,0.00,0.03,0.09,0.14,0.00,0.00,0.00,0.16,0.20,0.28,13103,579161,1488538,657760,1437168,2712389,0,0,0,0,0,0,0,401255,0,482.70,493.97,510.56
156,2,99,99,100,77427,81792,83189,14090,15486,19852,591,591,591,0.98,0.98,0.98,0.27,0.32,0.35,0.37,0.39,0.41,0.00,0.00,0.00,0.15,0.16,0.18,0.00,0.00,0.00,0.11,0.14,0.16,445485,958576,2279910,1247358,1789789,2565554,0,0,0,0,0,0,0,487704,0,522.07,533.92,540.49
156,3,58,91,100,77428,83057,85370,11909,14221,19851,591,591,591,0.61,0.86,0.97,0.31,0.34,0.37,0.21,0.31,0.41,0.00,0.00,0.00,0.03,0.08,0.12,0.00,0.00,0.00,0.16,0.21,0.26,351157,454292,622372,782690,1353581,2104702,0,0,0,0,0,0,0,379218,0,482.91,495.18,519.08
157,0,99,99,100,82504,82972,83344,13935,14307,14775,591,591,591,0.93,0.97,0.98,0.28,0.31,0.34,0.24,0.36,0.41,0.00,0.00,0.00,0.10,0.15,0.17,0.00,0.00,0.00,0.11,0.14,0.18,314479,480011,864483,419306,992488,1490579,0,0,0,0,0,0,0,429353,0,502.27,517.49,532.87
157,1,66,93,100,77443,81924,85045,12234,15354,19836,591,591,591,0.76,0.94,0.98,0.30,0.34,0.39,0.30,0.37,0.39,0.00,0.00,0.00,0.04,0.13,0.16,0.00,0.00,0.00,0.13,0.18,0.28,323117,506214,822834,726285,1081258,1794163,0,0,0,0,0,0,0,409446,0,504.67,516.67,530.53
157,2,86,95,100,83329,84253,85369,11910,13026,13950,591,591,591,0.58,0.86,0.96,0.25,0.34,0.52,0.24,0.31,0.35,0.00,0.00,0.00,0.03,0.08,0.14,0.00,0.00,0.00,0.14,0.21,0.34,345916,644660,1176601,649946,1221359,1836981,0,0,0,0,0,0,0,425499,0,511.49,518.26,527.52
157,3,99,99,100,77428,81793,83190,14089,15485,19851,591,591,591,0.97,0.98,0.98,0.29,0.32,0.35,0.37,0.38,0.39,0.00,0.00,0.00,0.14,0.16,0.17,0.00,0.00,0.00,0.12,0.14,0.17,314507,382076,613217,419306,1007833,1912982,0,0,0,0,0,0,0,309799,0,484.95,509.25,519.63
158,0,52,87,100,77420,82998,85364,11915,14281,19859,591,591,591,0.61,0.84,0.98,0.28,0.35,0.45,0.24,0.33,0.38,0.00,0.00,0.00,0.04,0.08,0.15,0.00,0.00,0.00,0.16,0.22,0.28,340653,487428,610613,922385,1327983,1721811,0,0,0,0,0,0,0,286333,0,500.02,514.76,532.76
158,1,91,96,100,83205,83930,84585,12694,13349,14074,591,591,591,0.76,0.90,0.95,0.27,0.31,0.34,0.25,0.31,0.39,0.00,0.00,0.00,0.06,0.11,0.16,0.00,0.00,0.00,0.12,0.17,0.22,332817,469754,712823,406194,1120997,1695614,0,0,0,0,0,0,0,457432,0,484.62,487.39,490.59
158,2,99,99,100,77427,81528,83049,14230,15750,19852,591,591,591,0.98,0.98,0.99,0.28,0.32,0.35,0.37,0.39,0.41,0.00,0.00,0.00,0.15,0.16,0.18,0.00,0.00,0.00,0.10,0.13,0.16,472790,836250,1250012,1076960,1425812,2089939,0,0,0,0,0,0,0,321946,0,524.56,530.24,536.82
158,3,86,95,100,83350,84485,85370,11909,12794,13929,591,591,591,0.72,0.84,0.95,0.31,0.34,0.43,0.25,0.29,0.32,0.00,0.00,0.00,0.02,0.07,0.11,0.00,0.00,0.00,0.16,0.22,0.29,335441,607870,972233,1008921,1293672,1585376,0,0,0,0,0,0,0,432435,0,483.25,491.32,498.76
159,0,92,97,100,82724,83068,83344,13935,14211,14555,591,591,591,0.94,0.96,0.98,0.31,0.31,0.32,0.25,0.33,0.39,0.00,0.00,0.00,0.11,0.14,0.16,0.00,0.00,0.00,0.13,0.15,0.17,213147,492309,966982,405329,1053272,1569641,0,0,0,0,0,0,0,478497,0,500.85,517.23,533.63
159,1,97,99,100,77443,81776,85385,11894,15502,19836,591,591,591,0.58,0.90,0.98,0.31,0.34,0.37,0.19,0.34,0.39,0.00,0.00,0.00,0.02,0.12,0.16,0.00,0.00,0.00,0.14,0.18,0.23,131034,484820,987967,660424,1164616,1742700,0,0,0,0,0,0,0,395015,0,503.22,518.01,532.36
159,2,63,91,100,82387,83900,84649,12630,13374,14872,591,591,591,0.60,0.85,0.96,0.30,0.34,0.43,0.21,0.30,0.41,0.00,0.00,0.00,0.04,0.08,0.11,0.00,0.00,0.00,0.16,0.21,0.26,429780,945497,2135776,1278890,1645720,2282529,0,0,0,0,0,0,0,457703,0,512.02,518.58,532.38
159,3,98,99,100,77428,81889,83330,13949,15389,19851,591,591,591,0.96,0.97,0.98,0.28,0.31,0.33,0.35,0.37,0.39,0.00,0.00,0.00,0.15,0.16,0.17,0.00,0.00,0.00,0.12,0.14,0.15,317102,376845,545095,482206,973648,1343496,0,0,0,0,0,0,0,414546,0,484.59,505.46,518.17
160,0,66,93,100,77420,83254,85080,12159,14016,19859,591,591,591,0.54,0.85,0.98,0.29,0.33,0.43,0.18,0.32,0.41,0.00,0.00,0.00,0.03,0.09,0.17,0.00,0.00,0.00,0.12,0.20,0.26,314478,437121,597508,466468,1212821,1857957,0,0,0,0,0,0,0,388297,0,496.25,514.58,535.22
160,1,84,96,100,83065,83757,84585,12694,13522,14214,591,591,591,0.87,0.93,0.98,0.28,0.32,0.38,0.24,0.34,0.41,0.00,0.00,0.00,0.06,0.12,0.17,0.00,0.00,0.00,0.12,0.18,0.28,320704,488073,742923,692186,1136017,1697621,0,0,0,0,0,0,0,312077,0,475.15,489.19,506.56
160,2,99,99,100,77427,81792,83189,14090,15486,19852,591,591,591,0.98,0.98,0.98,0.30,0.32,0.35,0.37,0.39,0.40,0.00,0.00,0.00,0.15,0.16,0.17,0.00,0.00,0.00,0.12,0.14,0.16,432401,636794,1079676,605311,1223280,1881572,0,0,0,0,0,0,0,430868,0,511.49,529.32,539.05
160,3,84,96,100,83330,84629,86028,11311,12661,13949,591,591,591,0.62,0.85,0.95,0.28,0.34,0.49,0.24,0.30,0.36,0.00,0.00,0.00,0.04,0.08,0.12,0.00,0.00,0.00,0.16,0.21,0.31,314381,426100,851693,398347,1096396,2057168,0,0,0,0,0,0,0,378413,0,481.05,489.42,505.26
161,0,93,98,100,82504,82968,83324,13955,14311,14775,591,591,591,0.94,0.97,0.98,0.28,0.31,0.33,0.24,0.36,0.41,0.00,0.00,0.00,0.10,0.15,0.17,0.00,0.00,0.00,0.11,0.14,0.18,340687,464363,799366,626347,1005728,1271123,0,0,0,0,0,0,0,427948,0,495.99,514.58,532.76
161,1,83,94,100,77443,82352,85385,11894,14926,19836,591,591,591,0.66,0.88,0.98,0.31,0.35,0.41,0.23,0.35,0.39,0.00,0.00,0.00,0.04,0.10,0.16,0.00,0.00,0.00,0.14,0.21,0.26,340678,555926,773095,644677,1211785,1810879,0,0,0,0,0,0,0,398982,0,498.74,516.97,533.78
161,2,99,99,100,83329,84253,85369,11910,13026,13950,591,591,591,0.68,0.89,0.96,0.31,0.34,0.43,0.25,0.31,0.38,0.00,0.00,0.00,0.05,0.09,0.14,0.00,0.00,0.00,0.15,0.20,0.27,341421,767428,1412588,1006293,1468858,2135917,0,0,0,0,0,0,0,417089,0,508.29,516.46,534.37
161,3,99,99,100,77428,81793,83190,14089,15485,19851,591,591,591,0.95,0.98,0.98,0.28,0.32,0.36,0.36,0.38,0.40,0.00,0.00,0.00,0.13,0.15,0.17,0.00,0.00,0.00,0.12,0.14,0.19,317106,567061,1009026,898810,1199636,1430982,0,0,0,0,0,0,0,467595,0,487.30,509.27,518.22
162,0,85,96,100,77420,83051,85364,11915,14227,19859,591,591,591,0.67,0.89,0.98,0.30,0.34,0.44,0.25,0.31,0.38,0.00,0.00,0.00,0.05,0.09,0.15,0.00,0.00,0.00,0.16,0.20,0.28,349422,532669,859480,691807,1183982,1795167,0,0,0,0,0,0,0,446643,0,501.47,512.05,531.52
162,1,98,99,100,82805,83373,84585,12694,13906,14474,591,591,591,0.95,0.97,0.98,0.30,0.32,0.34,0.24,0.33,0.39,0.00,0.00,0.00,0.11,0.14,0.16,0.00,0.00,0.00,0.14,0.15,0.17,70755,617929,1533028,804521,1207557,1768878,0,0,0,0,0,0,0,419175,0,485.93,498.11,519.31
162,2,99,99,100,77427,81380,83049,14230,15894,19852,591,591,591,0.96,0.98,0.98,0.28,0.33,0.38,0.37,0.38,0.41,0.00,0.00,0.00,0.11,0.15,0.17,0.00,0.00,0.00,0.11,0.15,0.21,448133,864242,1766109,780951,1494217,2630822,0,0,0,0,0,0,0,429737,0,527.42,533.89,540.84
162,3,65,92,100,83330,84238,85370,11909,13041,13949,591,591,591,0.73,0.85,0.96,0.30,0.33,0.40,0.25,0.30,0.34,0.00,0.00,0.00,0.02,0.08,0.14,0.00,0.00,0.00,0.14,0.20,0.27,335373,454380,636770,403650,1094164,1491039,0,0,0,0,0,0,0,400735,0,481.81,486.90,494.27
163,0,98,99,100,77420,81859,83324,13955,15419,19859,591,591,591,0.96,0.98,0.98,0.28,0.31,0.34,0.34,0.38,0.41,0.00,0.00,0.00,0.14,0.16,0.17,0.00,0.00,0.00,0.11,0.14,0.16,314485,400435,649948,487410,976461,1632733,0,0,0,0,0,0,0,319315,0,494.86,518.85,531.59
163,1,53,89,100,77441,82183,84665,12614,15095,19838,591,591,591,0.62,0.86,0.98,0.30,0.34,0.38,0.19,0.32,0.40,0.00,0.00,0.00,0.03,0.09,0.17,0.00,0.00,0.00,0.13,0.21,0.28,327575,424458,743656,640260,1135978,1664251,0,0,0,0,0,0,0,382283,0,489.75,511.43,533.56
163,2,45,88,100,83189,84141,85029,12250,13138,14090,591,591,591,0.55,0.84,0.95,0.30,0.32,0.37,0.19,0.29,0.41,0.00,0.00,0.00,0.03,0.09,0.14,0.00,0.00,0.00,0.15,0.19,0.26,437643,605888,1200279,647307,1252130,2130626,0,0,0,0,0,0,0,415238,0,496.54,504.29,513.70
163,3,99,99,100,77428,82529,86770,10509,14749,19851,591,591,591,0.93,0.97,0.98,0.28,0.35,0.51,0.34,0.38,0.40,0.00,0.00,0.00,0.03,0.13,0.17,0.00,0.00,0.00,0.12,0.18,0.34,242847,403406,762637,652542,1015240,1603897,0,0,0,0,0,0,0,311043,0,503.55,510.82,516.50
164,0,73,90,100,84564,85234,87164,10115,12045,12715,591,591,591,0.61,0.83,0.96,0.29,0.35,0.43,0.21,0.31,0.41,0.00,0.00,0.00,0.03,0.07,0.10,0.00,0.00,0.00,0.16,0.23,0.26,322320,400266,529368,508234,1185115,2101748,0,0,0,0,0,0,0,396661,0,506.01,514.74,535.60
164,1,98,99,100,82805,83105,83345,13934,14174,14474,591,591,591,0.95,0.97,0.98,0.29,0.31,0.33,0.25,0.35,0.40,0.00,0.00,0.00,0.10,0.15,0.17,0.00,0.00,0.00,0.12,0.15,0.17,319728,537884,678745,437661,1144993,1792520,0,0,0,0,0,0,0,425315,0,482.51,500.61,526.14
164,2,100,100,100,77427,81443,83049,14230,15835,19852,591,591,591,0.98,0.98,0.98,0.28,0.31,0.34,0.37,0.39,0.41,0.00,0.00,0.00,0.15,0.16,0.17,0.00,0.00,0.00,0.11,0.13,0.15,213678,646887,1145177,327301,1393912,2287734,0,0,0,0,0,0,0,322338,0,523.73,530.92,536.84
164,3,46,86,100,83330,84280,84650,12629,12999,13949,591,591,591,0.55,0.81,0.95,0.24,0.30,0.32,0.24,0.27,0.32,0.00,0.00,0.00,0.05,0.09,0.12,0.00,0.00,0.00,0.16,0.18,0.22,455967,705602,1294622,621054,1445924,1810899,0,0,0,0,0,0,0,425811,0,477.43,480.20,483.54
165,0,97,99,100,78920,82223,83324,13955,15063,18399,591,591,591,0.93,0.97,0.98,0.31,0.32,0.33,0.25,0.36,0.39,0.00,0.00,0.00,0.11,0.15,0.16,0.00,0.00,0.00,0.13,0.14,0.16,214902,589122,1533105,807193,1165123,1674622,0,0,0,0,0,0,0,480760,0,500.26,519.98,535.47
165,1,74,93,100,77701,82235,84665,12614,15059,19658,591,591,591,0.58,0.86,0.98,0.29,0.34,0.40,0.21,0.32,0.41,0.00,0.00,0.00,0.03,0.09,0.15,0.00,0.00,0.00,0.16,0.21,0.28,5240,536686,1567099,736077,1248450,1719395,0,0,0,0,0,0,0,371571,0,486.23,509.97,535.12
165,2,68,93,100,83329,84253,85369,11910,13026,13950,591,591,591,0.59,0.86,0.96,0.26,0.35,0.52,0.25,0.30,0.35,0.00,0.00,0.00,0.03,0.08,0.13,0.00,0.00,0.00,0.16,0.21,0.34,327537,727343,1556699,529883,1378003,2704569,0,0,0,0,0,0,0,454041,0,511.18,514.51,519.00
165,3,99,99,100,77426,81189,83050,14229,16089,19853,591,591,591,0.96,0.98,0.98,0.28,0.33,0.40,0.37,0.39,0.41,0.00,0.00,0.00,0.10,0.15,0.17,0.00,0.00,0.00,0.11,0.15,0.23,295265,593649,998520,634192,1174549,1910554,0,0,0,0,0,0,0,416234,0,487.36,508.72,517.86
166,0,52,90,100,77420,83051,85364,11915,14227,19859,591,591,591,0.59,0.86,0.97,0.31,0.34,0.37,0.20,0.30,0.41,0.00,0.00,0.00,0.03,0.08,0.12,0.00,0.00,0.00,0.17,0.21,0.26,311854,357445,427138,613238,1057125,1899810,0,0,0,0,0,0,0,390636,0,499.26,511.67,535.20
166,1,99,99,100,78621,82180,83345,13934,15098,18658,591,591,591,0.94,0.97,0.98,0.30,0.32,0.34,0.27,0.36,0.40,0.00,0.00,0.00,0.12,0.15,0.17,0.00,0.00,0.00,0.13,0.15,0.16,356398,478243,695646,589681,1045129,1551434,0,0,0,0,0,0,0,321512,0,480.59,506.94,532.98
166,2,96,98,100,77425,80751,83049,14230,16527,19854,591,591,591,0.96,0.98,0.98,0.29,0.32,0.34,0.37,0.39,0.39,0.00,0.00,0.00,0.14,0.16,0.16,0.00,0.00,0.00,0.12,0.14,0.17,330035,417701,678755,445560,1047666,1556682,0,0,0,0,0,0,0,431921,0,532.11,538.68,543.52
166,3,86,95,100,83190,84210,85370,11909,13069,14089,591,591,591,0.64,0.85,0.98,0.30,0.32,0.34,0.24,0.30,0.37,0.00,0.00,0.00,0.04,0.09,0.15,0.00,0.00,0.00,0.15,0.19,0.24,429789,589113,1124194,623718,1248988,2067573,0,0,0,0,0,0,0,401080,0,486.79,492.06,505.40
167,0,99,99,100,77420,81787,83184,14095,15491,19859,591,591,591,0.96,0.98,0.98,0.29,0.31,0.35,0.36,0.38,0.40,0.00,0.00,0.00,0.15,0.16,0.17,0.00,0.00,0.00,0.12,0.14,0.16,317092,406194,728512,442909,982204,1517307,0,0,0,0,0,0,0,427011,0,499.35,520.08,532.81
167,1,84,96,100,77741,82984,84665,12614,14310,19618,591,591,591,0.69,0.87,0.97,0.32,0.34,0.38,0.23,0.30,0.37,0.00,0.00,0.00,0.03,0.09,0.13,0.00,0.00,0.00,0.17,0.21,0.27,320050,555198,833353,893624,1353529,1756437,0,0,0,0,0,0,0,378532,0,485.21,501.42,537.70
167,2,90,96,100,83329,84237,85369,11910,13042,13950,591,591,591,0.65,0.85,0.98,0.28,0.33,0.44,0.25,0.31,0.40,0.00,0.00,0.00,0.02,0.09,0.17,0.00,0.00,0.00,0.12,0.20,0.29,309236,446562,715435,769869,1136892,1499011,0,0,0,0,0,0,0,420676,0,501.30,507.58,514.63
167,3,99,99,100,77426,82229,85370,11909,15049,19853,591,591,591,0.94,0.97,0.98,0.28,0.35,0.50,0.35,0.38,0.41,0.00,0.00,0.00,0.03,0.14,0.17,0.00,0.00,0.00,0.11,0.17,0.32,492664,749921,980143,1045601,1441657,2104179,0,0,0,0,0,0,0,389911,0,501.38,512.85,519.78
168,0,85,95,100,83324,84248,85364,11915,13031,13955,591,591,591,0.63,0.86,0.96,0.29,0.34,0.44,0.23,0.32,0.39,0.00,0.00,0.00,0.04,0.09,0.14,0.00,0.00,0.00,0.13,0.21,0.27,324965,561457,1168576,518896,1315126,1907909,0,0,0,0,0,0,0,456603,0,495.94,505.81,526.85
168,1,99,99,100,77601,81011,83065,14214,16283,19678,591,591,591,0.96,0.98,0.98,0.30,0.33,0.37,0.37,0.38,0.39,0.00,0.00,0.00,0.11,0.15,0.17,0.00,0.00,0.00,0.13,0.16,0.22,89103,533036,1517348,186068,1128970,1876375,0,0,0,0,0,0,0,481661,0,483.84,518.14,533.78
168,2,99,99,100,77425,82228,85369,11910,15050,19854,591,591,591,0.95,0.98,0.98,0.30,0.34,0.42,0.37,0.38,0.39,0.00,0.00,0.00,0.07,0.14,0.17,0.00,0.00,0.00,0.13,0.17,0.26,340680,631983,1467564,746869,1266130,1609079,0,0,0,0,0,0,0,416653,0,522.40,531.23,538.33
168,3,85,96,100,83050,83790,84650,12629,13489,14229,591,591,591,0.60,0.87,0.98,0.27,0.31,0.32,0.24,0.30,0.39,0.00,0.00,0.00,0.05,0.10,0.16,0.00,0.00,0.00,0.13,0.17,0.22,492665,755360,1092812,783544,1400458,1970677,0,0,0,0,0,0,0,405490,0,484.87,489.10,495.20
169,0,99,99,100,77420,81318,83044,14235,15952,19859,591,591,591,0.96,0.98,0.98,0.29,0.33,0.37,0.37,0.38,0.40,0.00,0.00,0.00,0.11,0.15,0.17,0.00,0.00,0.00,0.12,0.16,0.21,309191,437134,618438,408761,1222853,2233251,0,0,0,0,0,0,0,321030,0,520.65,528.25,534.36
169,1,59,91,100,83065,84049,84665,12614,13230,14214,591,591,591,0.60,0.86,0.98,0.29,0.33,0.38,0.21,0.30,0.41,0.00,0.00,0.00,0.03,0.09,0.15,0.00,0.00,0.00,0.15,0.20,0.28,340734,487980,639464,545104,1261611,2439821,0,0,0,0,0,0,0,404509,0,480.90,488.70,505.88
169,2,87,96,100,83049,83889,84649,12630,13390,14230,591,591,591,0.67,0.87,0.98,0.27,0.32,0.34,0.25,0.30,0.37,0.00,0.00,0.00,0.04,0.10,0.15,0.00,0.00,0.00,0.13,0.18,0.23,332819,490015,864595,778327,1263092,2133140,0,0,0,0,0,0,0,423028,0,507.27,513.31,519.07
169,3,49,88,100,77426,81180,85030,12249,16110,19853,591,591,591,0.57,0.89,0.98,0.28,0.33,0.43,0.22,0.35,0.39,0.00,0.00,0.00,0.04,0.12,0.16,0.00,0.00,0.00,0.13,0.18,0.27,309253,567068,1155649,525905,1373961,1975397,0,0,0,0,0,0,0,312113,0,497.76,512.00,518.45
170,0,86,96,100,83344,84279,84644,12635,13000,13935,591,591,591,0.53,0.81,0.95,0.29,0.32,0.37,0.17,0.28,0.41,0.00,0.00,0.00,0.02,0.07,0.11,0.00,0.00,0.00,0.17,0.20,0.26,351132,483495,822859,576536,1046917,1423035,0,0,0,0,0,0,0,383338,0,491.95,497.30,509.09
170,1,94,98,100,77921,80603,83065,14214,16731,19578,591,591,591,0.95,0.97,0.98,0.30,0.34,0.44,0.36,0.38,0.40,0.00,0.00,0.00,0.07,0.14,0.17,0.00,0.00,0.00,0.12,0.17,0.28,323380,458498,684846,566584,1052959,1545662,0,0,0,0,0,0,0,412964,0,511.81,524.17,532.95
170,2,99,99,100,77425,80858,83049,14230,16421,19854,591,591,591,0.96,0.98,0.98,0.30,0.33,0.37,0.38,0.39,0.40,0.00,0.00,0.00,0.11,0.15,0.16,0.00,0.00,0.00,0.12,0.15,0.21,218375,566895,885706,365124,1168791,1980429,0,0,0,0,0,0,0,324357,0,532.96,537.20,543.04
170,3,90,95,100,83190,83920,84570,12709,13359,14089,591,591,591,0.82,0.90,0.95,0.30,0.31,0.35,0.23,0.31,0.38,0.00,0.00,0.00,0.06,0.11,0.15,0.00,0.00,0.00,0.13,0.17,0.24,526698,818933,1381619,874346,1365913,1575623,0,0,0,0,0,0,0,445488,0,472.46,478.22,480.47
171,0,98,99,100,77420,81787,83184,14095,15491,19859,591,591,591,0.96,0.98,0.98,0.31,0.32,0.34,0.36,0.38,0.39,0.00,0.00,0.00,0.14,0.15,0.16,0.00,0.00,0.00,0.13,0.14,0.17,213124,684691,1593474,286495,1368141,2080951,0,0,0,0,0,0,0,481936,0,493.08,519.76,532.61
171,1,54,90,100,83065,84125,85045,12234,13154,14214,591,591,591,0.58,0.85,0.98,0.29,0.32,0.35,0.21,0.30,0.37,0.00,0.00,0.00,0.04,0.10,0.15,0.00,0.00,0.00,0.15,0.19,0.26,20966,624652,1509050,516291,1269824,2633777,0,0,0,0,0,0,0,464816,0,476.40,482.59,498.56
171,2,80,93,100,83329,84237,85369,11910,13042,13950,591,591,591,0.60,0.84,0.96,0.29,0.32,0.37,0.21,0.29,0.41,0.00,0.00,0.00,0.03,0.08,0.13,0.00,0.00,0.00,0.13,0.19,0.26,327573,726365,1782685,547680,1361719,2153645,0,0,0,0,0,0,0,470706,0,499.82,507.31,517.42
171,3,95,98,100,77426,82229,85370,11909,15049,19853,591,591,591,0.95,0.97,0.98,0.29,0.34,0.46,0.36,0.38,0.41,0.00,0.00,0.00,0.05,0.14,0.17,0.00,0.00,0.00,0.12,0.17,0.29,435029,520450,783550,552933,1149928,2057219,0,0,0,0,0,0,0,402077,0,495.68,508.39,515.49
172,0,66,93,100,83324,84232,85364,11915,13047,13955,591,591,591,0.73,0.86,0.96,0.29,0.33,0.43,0.25,0.30,0.34,0.00,0.00,0.00,0.02,0.08,0.14,0.00,0.00,0.00,0.13,0.20,0.29,324959,492627,804526,885775,1244078,1705333,0,0,0,0,0,0,0,413092,0,499.75,505.94,513.17
172,1,99,99,100,77601,81163,84665,12614,16107,19678,591,591,591,0.65,0.90,0.98,0.27,0.33,0.37,0.21,0.34,0.38,0.00,0.00,0.00,0.03,0.12,0.16,0.00,0.00,0.00,0.12,0.18,0.25,356453,520433,864861,437704,1303955,2057322,0,0,0,0,0,0,0,290001,0,501.06,520.15,532.50
172,2,99,99,100,77425,82552,86769,10510,14726,19854,591,591,591,0.96,0.98,0.99,0.28,0.33,0.39,0.37,0.39,0.41,0.00,0.00,0.00,0.11,0.15,0.17,0.00,0.00,0.00,0.11,0.15,0.22,335442,587481,1008943,479561,1310165,2132458,0,0,0,0,0,0,0,431434,0,519.16,530.03,535.39
172,3,99,99,100,83050,83790,84650,12629,13489,14229,591,591,591,0.70,0.90,0.98,0.30,0.31,0.32,0.25,0.31,0.39,0.00,0.00,0.00,0.05,0.11,0.16,0.00,0.00,0.00,0.14,0.17,0.23,303963,617952,1048296,476960,1298075,1873823,0,0,0,0,0,0,0,455333,0,494.18,499.46,507.90
173,0,95,98,100,77420,82627,87164,10115,14651,19859,591,591,591,0.95,0.97,0.98,0.29,0.33,0.37,0.35,0.38,0.40,0.00,0.00,0.00,0.11,0.15,0.17,0.00,0.00,0.00,0.12,0.15,0.21,309230,475910,843890,429742,1108017,1957587,0,0,0,0,0,0,0,428758,0,521.99,527.18,531.56
173,1,99,99,100,83065,83729,84585,12694,13550,14214,591,591,591,0.82,0.93,0.98,0.30,0.32,0.35,0.26,0.34,0.39,0.00,0.00,0.00,0.06,0.12,0.17,0.00,0.00,0.00,0.13,0.18,0.26,317106,411340,688259,615830,1046330,1508705,0,0,0,0,0,0,0,405673,0,477.40,490.11,513.63
173,2,86,94,100,83049,84033,84649,12630,13246,14230,591,591,591,0.63,0.87,0.98,0.29,0.32,0.37,0.22,0.32,0.41,0.00,0.00,0.00,0.03,0.10,0.17,0.00,0.00,0.00,0.12,0.19,0.26,210689,388154,660390,529326,1052787,1750652,0,0,0,0,0,0,0,475997,0,511.23,515.88,524.17
173,3,89,97,100,77426,82748,86026,11313,14542,19853,591,591,591,0.60,0.90,0.98,0.30,0.34,0.43,0.22,0.35,0.40,0.00,0.00,0.00,0.04,0.12,0.17,0.00,0.00,0.00,0.12,0.18,0.27,455932,860589,1428229,636821,1527763,2494683,0,0,0,0,0,0,0,387723,0,499.01,512.58,519.76
174,0,60,90,100,83044,84028,84644,12635,13251,14235,591,591,591,0.64,0.86,0.98,0.28,0.32,0.37,0.23,0.31,0.41,0.00,0.00,0.00,0.03,0.09,0.17,0.00,0.00,0.00,0.12,0.19,0.26,332827,458799,620155,503160,1187964,1522618,0,0,0,0,0,0,0,463249,0,496.65,504.76,515.97
174,1,22,84,100,77601,81619,85385,11894,15679,19678,591,591,591,0.46,0.83,0.98,0.26,0.33,0.38,0.15,0.33,0.38,0.00,0.00,0.00,0.02,0.10,0.15,0.00,0.00,0.00,0.16,0.20,0.25,18345,566576,1310294,508421,1382124,2329703,0,0,0,0,0,0,0,423890,0,481.20,510.99,534.05
174,2,69,93,100,77425,82164,85369,11910,15118,19854,591,591,591,0.81,0.95,0.98,0.30,0.35,0.44,0.29,0.36,0.39,0.00,0.00,0.00,0.02,0.13,0.16,0.00,0.00,0.00,0.13,0.17,0.29,343298,613394,1126827,796661,1372001,2122651,0,0,0,0,0,0,0,413688,0,522.41,535.92,543.56
174,3,90,97,100,83050,83742,84570,12709,13537,14229,591,591,591,0.86,0.93,0.99,0.28,0.32,0.36,0.23,0.34,0.41,0.00,0.00,0.00,0.06,0.12,0.17,0.00,0.00,0.00,0.11,0.16,0.25,429743,634401,985179,928768,1323541,1622130,0,0,0,0,0,0,0,413596,0,482.26,487.89,501.81
175,0,98,99,100,77420,82187,85364,11915,15091,19859,591,591,591,0.76,0.93,0.98,0.31,0.35,0.42,0.28,0.36,0.39,0.00,0.00,0.00,0.02,0.13,0.16,0.00,0.00,0.00,0.13,0.18,0.28,317068,442345,809653,424552,1081236,2111911,0,0,0,0,0,0,0,321709,0,513.21,523.98,532.67
175,1,99,99,100,82805,83405,84585,12694,13874,14474,591,591,591,0.88,0.95,0.98,0.31,0.32,0.34,0.25,0.33,0.39,0.00,0.00,0.00,0.08,0.13,0.16,0.00,0.00,0.00,0.14,0.16,0.20,332822,432388,587003,623691,976945,1525308,0,0,0,0,0,0,0,419125,0,461.20,483.49,515.88
175,2,97,99,100,83049,83773,84569,12710,13506,14230,591,591,591,0.69,0.90,0.98,0.29,0.32,0.35,0.25,0.32,0.37,0.00,0.00,0.00,0.06,0.11,0.15,0.00,0.00,0.00,0.14,0.17,0.21,343281,582294,1008906,773108,1107986,1742740,0,0,0,0,0,0,0,420495,0,507.30,515.74,525.98
175,3,99,99,100,77426,82533,85370,11909,14745,19853,591,591,591,0.66,0.89,0.98,0.32,0.35,0.37,0.24,0.36,0.41,0.00,0.00,0.00,0.03,0.10,0.16,0.00,0.00,0.00,0.14,0.20,0.26,312724,454058,607934,690091,1181023,1821346,0,0,0,0,0,0,0,289722,0,495.42,508.36,517.15
176,0,86,91,100,83324,83949,84564,12715,13330,13955,591,591,591,0.71,0.87,0.95,0.28,0.31,0.33,0.25,0.30,0.33,0.00,0.00,0.00,0.06,0.10,0.14,0.00,0.00,0.00,0.13,0.18,0.22,314424,460535,859575,641949,1067756,1490642,0,0,0,0,0,0,0,410692,0,494.51,500.77,509.13
176,1,92,97,100,77441,82484,85385,11894,14795,19838,591,591,591,0.67,0.89,0.98,0.29,0.37,0.52,0.30,0.34,0.39,0.00,0.00,0.00,0.03,0.09,0.16,0.00,0.00,0.00,0.13,0.22,0.33,442016,589398,765112,552520,1146572,1769541,0,0,0,0,0,0,0,381931,0,500.05,520.27,536.68
176,2,99,99,100,77425,82528,87169,10110,14751,19854,591,591,591,0.97,0.98,0.98,0.29,0.33,0.36,0.38,0.39,0.40,0.00,0.00,0.00,0.12,0.15,0.17,0.00,0.00,0.00,0.12,0.15,0.19,327554,410109,636755,492696,1177923,1905170,0,0,0,0,0,0,0,323073,0,527.67,534.68,540.81
176,3,84,95,100,83050,83575,84570,12709,13704,14229,591,591,591,0.88,0.94,0.98,0.30,0.31,0.35,0.25,0.31,0.39,0.00,0.00,0.00,0.09,0.13,0.16,0.00,0.00,0.00,0.12,0.15,0.17,434991,935505,1478090,1008866,1474018,1842371,0,0,0,0,0,0,0,454922,0,483.98,491.08,503.52
177,0,99,99,100,77420,82243,85364,11915,15035,19859,591,591,591,0.96,0.98,0.98,0.30,0.33,0.36,0.37,0.38,0.39,0.00,0.00,0.00,0.12,0.15,0.17,0.00,0.00,0.00,0.13,0.15,0.20,23578,359454,691497,484830,984077,1598105,0,0,0,0,0,0,0,456945,0,517.05,525.63,531.91
177,1,85,96,100,82805,83405,84585,12694,13874,14474,591,591,591,0.88,0.95,0.98,0.29,0.31,0.33,0.24,0.33,0.39,0.00,0.00,0.00,0.10,0.14,0.17,0.00,0.00,0.00,0.13,0.15,0.17,117926,407243,600124,505784,1004213,1525142,0,0,0,0,0,0,0,478750,0,478.42,494.51,522.44
177,2,66,93,100,83049,84033,84649,12630,13246,14230,591,591,591,0.74,0.89,0.98,0.28,0.32,0.37,0.25,0.30,0.37,0.00,0.00,0.00,0.04,0.10,0.15,0.00,0.00,0.00,0.08,0.18,0.28,257692,641998,1471855,979232,1209882,1503539,0,0,0,0,0,0,0,424350,0,517.97,522.34,528.74
177,3,68,93,100,77426,82625,85650,11629,14653,19853,591,591,591,0.64,0.89,0.98,0.29,0.33,0.43,0.25,0.35,0.40,0.00,0.00,0.00,0.04,0.12,0.17,0.00,0.00,0.00,0.12,0.18,0.27,445529,637322,804583,605265,1295623,2080923,0,0,0,0,0,0,0,382287,0,490.45,508.27,518.86
178,0,85,96,100,83044,83784,84644,12635,13495,14235,591,591,591,0.73,0.89,0.98,0.31,0.32,0.36,0.25,0.31,0.39,0.00,0.00,0.00,0.04,0.10,0.16,0.00,0.00,0.00,0.13,0.18,0.25,359041,625069,1076240,1043369,1316734,1811787,0,0,0,0,0,0,0,416175,0,500.56,507.96,522.85
178,1,84,94,100,77441,82904,85385,11894,14374,19838,591,591,591,0.74,0.87,0.98,0.31,0.34,0.42,0.27,0.33,0.39,0.00,0.00,0.00,0.02,0.09,0.15,0.00,0.00,0.00,0.16,0.21,0.30,359031,585365,869977,917119,1362017,1653481,0,0,0,0,0,0,0,375898,0,486.58,513.65,536.41
178,2,99,99,100,77425,82228,85369,11910,15050,19854,591,591,591,0.94,0.97,0.98,0.28,0.35,0.52,0.35,0.38,0.41,0.00,0.00,0.00,0.03,0.13,0.17,0.00,0.00,0.00,0.11,0.17,0.34,324936,454885,817593,673232,1092151,1588097,0,0,0,0,0,0,0,412721,0,519.55,532.06,539.68
178,3,99,99,100,83050,83714,84570,12709,13565,14229,591,591,591,0.83,0.92,0.98,0.26,0.32,0.35,0.24,0.34,0.39,0.00,0.00,0.00,0.06,0.12,0.16,0.00,0.00,0.00,0.11,0.16,0.25,305712,609911,1370643,702266,1346485,2332453,0,0,0,0,0,0,0,411940,0,473.60,485.69,500.89
179,0,50,89,100,77420,81222,85364,11915,16056,19859,591,591,591,0.68,0.92,0.98,0.28,0.34,0.38,0.24,0.36,0.41,0.00,0.00,0.00,0.02,0.13,0.17,0.00,0.00,0.00,0.11,0.17,0.25,316967,433389,835987,707596,1101992,1595283,0,0,0,0,0,0,0,403565,0,510.38,525.72,532.97
179,1,98,99,100,82525,82993,83365,13914,14286,14754,591,591,591,0.88,0.95,0.98,0.30,0.31,0.32,0.25,0.34,0.40,0.00,0.00,0.00,0.11,0.14,0.17,0.00,0.00,0.00,0.13,0.15,0.18,340704,497211,683920,733764,1062572,1764556,0,0,0,0,0,0,0,322651,0,474.25,498.58,527.05
179,2,72,94,100,83049,83773,84569,12710,13506,14230,591,591,591,0.59,0.87,0.98,0.26,0.31,0.34,0.24,0.31,0.40,0.00,0.00,0.00,0.05,0.11,0.16,0.00,0.00,0.00,0.12,0.17,0.22,321892,544474,901501,812388,1216652,1936656,0,0,0,0,0,0,0,420776,0,510.47,517.12,527.18
179,3,60,90,100,77426,82389,85370,11909,14869,19853,591,591,591,0.64,0.88,0.98,0.31,0.34,0.36,0.22,0.35,0.40,0.00,0.00,0.00,0.03,0.10,0.16,0.00,0.00,0.00,0.13,0.20,0.26,442882,769901,1420389,1233840,1448059,1863255,0,0,0,0,0,0,0,381733,0,493.36,505.68,517.93
180,0,99,99,100,83044,83736,84564,12715,13543,14235,591,591,591,0.76,0.91,0.98,0.31,0.32,0.33,0.25,0.33,0.39,0.00,0.00,0.00,0.06,0.11,0.16,0.00,0.00,0.00,0.13,0.18,0.23,331955,432212,607890,725061,1070588,1464955,0,0,0,0,0,0,0,473736,0,497.00,505.87,524.12
180,1,63,91,100,77441,83072,85385,11894,14206,19838,591,591,591,0.67,0.87,0.97,0.31,0.35,0.38,0.21,0.30,0.41,0.00,0.00,0.00,0.03,0.08,0.12,0.00,0.00,0.00,0.17,0.22,0.28,348255,476301,838607,969159,1189118,1503768,0,0,0,0,0,0,0,431411,0,485.40,505.36,534.76
180,2,99,99,100,77425,82904,86929,10370,14378,19854,591,591,591,0.57,0.86,0.98,0.25,0.33,0.42,0.24,0.34,0.40,0.00,0.00,0.00,0.02,0.11,0.17,0.00,0.00,0.00,0.11,0.19,0.28,452356,877824,1818720,1332837,1622731,2240642,0,0,0,0,0,0,0,399927,0,503.29,523.23,535.50
180,3,99,99,100,82790,83390,84570,12709,13889,14489,591,591,591,0.88,0.95,0.98,0.30,0.31,0.32,0.25,0.33,0.39,0.00,0.00,0.00,0.09,0.13,0.16,0.00,0.00,0.00,0.14,0.15,0.17,398337,511551,686627,835995,1069924,1381116,0,0,0,0,0,0,0,412852,0,483.27,496.21,512.60
181,0,99,99,100,77420,82018,85364,11915,15261,19859,591,591,591,0.93,0.97,0.98,0.28,0.36,0.52,0.33,0.37,0.41,0.00,0.00,0.00,0.03,0.13,0.17,0.00,0.00,0.00,0.12,0.19,0.34,314481,379320,503176,432411,932227,1407320,0,0,0,0,0,0,0,301854,0,510.83,526.45,533.42
181,1,99,99,100,81525,82650,83205,14074,14624,15734,591,591,591,0.98,0.98,0.98,0.30,0.32,0.34,0.37,0.38,0.39,0.00,0.00,0.00,0.15,0.16,0.16,0.00,0.00,0.00,0.13,0.15,0.16,0,613907,1365444,180845,1098735,1627525,0,0,0,0,0,0,0,431528,0,484.75,511.11,532.83
181,2,86,96,100,83189,83914,84569,12710,13365,14090,591,591,591,0.89,0.94,0.98,0.31,0.32,0.34,0.25,0.33,0.39,0.00,0.00,0.00,0.07,0.12,0.16,0.00,0.00,0.00,0.13,0.17,0.23,330190,493323,893602,728531,1193670,2062361,0,0,0,0,0,0,0,323561,0,495.88,500.19,506.43
181,3,97,99,100,77426,82489,85370,11909,14790,19853,591,591,591,0.75,0.87,0.98,0.30,0.35,0.41,0.26,0.34,0.39,0.00,0.00,0.00,0.03,0.10,0.17,0.00,0.00,0.00,0.13,0.20,0.27,463869,585700,946039,592255,1366626,1703395,0,0,0,0,0,0,0,288838,0,493.86,506.97,518.48
182,0,69,93,100,83044,83768,84564,12715,13511,14235,591,591,591,0.57,0.87,0.98,0.25,0.31,0.35,0.24,0.31,0.37,0.00,0.00,0.00,0.05,0.10,0.15,0.00,0.00,0.00,0.14,0.17,0.24,327591,417727,558205,605389,1064475,1747755,0,0,0,0,0,0,0,469037,0,502.23,508.83,525.02
182,1,68,93,100,77441,83068,85385,11894,14210,19838,591,591,591,0.66,0.87,0.98,0.29,0.33,0.45,0.29,0.31,0.39,0.00,0.00,0.00,0.02,0.09,0.16,0.00,0.00,0.00,0.14,0.20,0.32,317058,472739,767826,920616,1301510,1813356,0,0,0,0,0,0,0,378155,0,479.24,502.35,538.56
182,2,65,91,100,77425,82228,85369,11910,15050,19854,591,591,591,0.64,0.90,0.98,0.31,0.33,0.39,0.23,0.35,0.39,0.00,0.00,0.00,0.04,0.12,0.16,0.00,0.00,0.00,0.13,0.17,0.21,332827,690239,1313130,566073,1321215,2372106,0,0,0,0,0,0,0,467030,0,520.51,527.55,532.53
182,3,85,96,100,82790,83418,84570,12709,13861,14489,591,591,591,0.89,0.95,0.98,0.30,0.32,0.34,0.25,0.33,0.39,0.00,0.00,0.00,0.08,0.13,0.17,0.00,0.00,0.00,0.12,0.16,0.20,461233,980485,1480255,935571,1505064,2279330,0,0,0,0,0,0,0,414704,0,484.28,495.34,508.74
183,0,99,99,100,77420,82563,85364,11915,14715,19859,591,591,591,0.63,0.89,0.98,0.29,0.34,0.37,0.21,0.36,0.41,0.00,0.00,0.00,0.03,0.11,0.17,0.00,0.00,0.00,0.12,0.20,0.26,351141,481002,751979,828137,1278023,1603521,0,0,0,0,0,0,0,402658,0,506.07,521.03,533.38
183,1,99,99,100,77681,81047,83065,14214,16247,19678,591,591,591,0.97,0.98,0.98,0.30,0.33,0.37,0.37,0.38,0.39,0.00,0.00,0.00,0.12,0.15,0.17,0.00,0.00,0.00,0.13,0.16,0.21,348545,512733,788529,487347,1220057,2004071,0,0,0,0,0,0,0,457544,0,480.59,518.94,541.21
183,2,94,98,100,83049,83773,84569,12710,13506,14230,591,591,591,0.88,0.94,0.98,0.30,0.32,0.37,0.23,0.34,0.42,0.00,0.00,0.00,0.07,0.12,0.16,0.00,0.00,0.00,0.13,0.17,0.27,345925,573512,932545,930328,1244438,2315646,0,0,0,0,0,0,0,422955,0,506.62,514.44,527.65
183,3,85,96,100,77426,83309,87170,10109,13969,19853,591,591,591,0.67,0.89,0.98,0.29,0.34,0.40,0.26,0.35,0.40,0.00,0.00,0.00,0.04,0.11,0.17,0.00,0.00,0.00,0.12,0.19,0.24,297001,622499,1111183,854371,1382365,2075607,0,0,0,0,0,0,0,383268,0,488.52,506.90,519.12
184,0,85,96,100,82904,83436,84564,12715,13843,14375,591,591,591,0.89,0.95,0.98,0.31,0.31,0.32,0.25,0.33,0.39,0.00,0.00,0.00,0.09,0.13,0.16,0.00,0.00,0.00,0.13,0.15,0.19,319710,448090,691683,513610,989990,1718728,0,0,0,0,0,0,0,425202,0,499.37,508.48,524.78
184,1,84,96,100,83065,84049,84665,12614,13230,14214,591,591,591,0.62,0.86,0.97,0.30,0.33,0.37,0.19,0.30,0.40,0.00,0.00,0.00,0.03,0.09,0.16,0.00,0.00,0.00,0.13,0.20,0.28,0,581942,1387169,431576,1162544,1728061,0,0,0,0,0,0,0,405408,0,479.25,491.66,511.70
184,2,50,89,100,77425,82980,87309,9970,14298,19854,591,591,591,0.58,0.89,0.98,0.28,0.34,0.44,0.23,0.35,0.40,0.00,0.00,0.00,0.04,0.11,0.17,0.00,0.00,0.00,0.12,0.18,0.28,327589,533034,891021,594902,1137868,1931419,0,0,0,0,0,0,0,408045,0,522.82,532.95,538.84
184,3,99,99,100,82790,83358,84570,12709,13921,14489,591,591,591,0.95,0.97,0.98,0.29,0.31,0.35,0.25,0.34,0.40,0.00,0.00,0.00,0.11,0.14,0.17,0.00,0.00,0.00,0.12,0.15,0.16,482216,753685,1098029,718082,1256315,1960205,0,0,0,0,0,0,0,464958,0,485.64,500.47,515.41
185,0,67,91,100,77580,81554,85004,12355,15736,19699,591,591,591,0.57,0.84,0.98,0.26,0.33,0.43,0.19,0.33,0.38,0.00,0.00,0.00,0.03,0.10,0.16,0.00,0.00,0.00,0.11,0.19,0.27,317094,479708,1056765,476969,1357145,1934886,0,0,0,0,0,0,0,438890,0,500.48,521.23,533.86
185,1,55,90,100,77441,81579,85045,12234,15723,19838,591,591,591,0.52,0.88,0.98,0.27,0.33,0.40,0.18,0.34,0.39,0.00,0.00,0.00,0.03,0.12,0.16,0.00,0.00,0.00,0.14,0.18,0.24,356416,522007,864709,576579,1395340,1883998,0,0,0,0,0,0,0,320646,0,503.00,522.77,539.36
185,2,99,99,100,83049,83741,84569,12710,13538,14230,591,591,591,0.80,0.92,0.98,0.29,0.31,0.34,0.25,0.33,0.38,0.00,0.00,0.00,0.06,0.12,0.16,0.00,0.00,0.00,0.12,0.16,0.24,228028,618820,1464858,647290,1349732,2651943,0,0,0,0,0,0,0,474450,0,509.82,515.81,525.32
185,3,60,91,100,77426,82693,85370,11909,14585,19853,591,591,591,0.65,0.87,0.98,0.31,0.34,0.36,0.20,0.33,0.40,0.00,0.00,0.00,0.03,0.09,0.16,0.00,0.00,0.00,0.13,0.20,0.26,429764,688178,904135,1050893,1590192,2277295,0,0,0,0,0,0,0,383020,0,484.82,502.54,518.54
187,0,99,99,100,77420,82983,85364,11915,14295,19859,591,591,591,0.70,0.92,0.98,0.28,0.33,0.39,0.24,0.34,0.41,0.00,0.00,0.00,0.03,0.12,0.17,0.00,0.00,0.00,0.11,0.17,0.26,228831,449636,791240,363336,1147645,2253200,0,0,0,0,0,0,0,834853,0,489.48,514.08,535.42
187,1,55,94,100,77601,82393,84665,12614,14894,19678,591,591,591,0.76,0.93,0.98,0.30,0.34,0.42,0.24,0.34,0.40,0.00,0.00,0.00,0.02,0.12,0.17,0.00,0.00,0.00,0.13,0.18,0.30,2620,502995,1501600,406215,1144976,3388428,0,0,0,0,0,0,0,962182,0,472.33,502.97,537.10
187,2,62,95,100,77425,83004,85369,11910,14274,19854,591,591,591,0.65,0.92,0.98,0.27,0.33,0.37,0.22,0.34,0.41,0.00,0.00,0.00,0.03,0.12,0.18,0.00,0.00,0.00,0.11,0.18,0.26,324962,579880,1593354,479564,1280314,2547271,0,0,0,0,0,0,0,833120,0,502.99,517.93,532.35
187,3,91,97,100,77426,82989,85370,11909,14289,19853,591,591,591,0.70,0.92,0.98,0.30,0.33,0.45,0.25,0.34,0.39,0.00,0.00,0.00,0.02,0.12,0.16,0.00,0.00,0.00,0.13,0.18,0.30,326704,605708,1409778,627255,1286787,2326920,0,0,0,0,0,0,0,849405,0,486.64,500.84,518.29
188,0,85,96,100,82904,83436,84564,12715,13843,14375,591,591,591,0.88,0.95,0.98,0.28,0.31,0.33,0.25,0.33,0.41,0.00,0.00,0.00,0.09,0.13,0.17,0.00,0.00,0.00,0.12,0.15,0.19,330192,542451,964380,479573,931857,1566981,0,0,0,0,0,0,0,477092,0,501.41,510.60,520.87
188,1,99,99,100,83065,83729,84585,12694,13550,14214,591,591,591,0.74,0.91,0.98,0.27,0.32,0.34,0.25,0.32,0.37,0.00,0.00,0.00,0.06,0.12,0.15,0.00,0.00,0.00,0.14,0.17,0.24,427169,561141,780796,647305,1020450,1349672,0,0,0,0,0,0,0,419153,0,478.93,488.98,510.82
188,2,43,88,100,77425,82111,84649,12630,15167,19854,591,591,591,0.55,0.89,0.98,0.24,0.33,0.43,0.24,0.35,0.39,0.00,0.00,0.00,0.04,0.12,0.16,0.00,0.00,0.00,0.12,0.17,0.25,327569,615966,1388912,471711,1021237,1540906,0,0,0,0,0,0,0,403310,0,505.12,525.04,534.22
188,3,98,99,100,82730,83074,83350,13929,14205,14549,591,591,591,0.96,0.97,0.98,0.30,0.31,0.33,0.25,0.35,0.39,0.00,0.00,0.00,0.11,0.15,0.17,0.00,0.00,0.00,0.12,0.14,0.16,560825,755271,1074498,786176,1097530,1519995,0,0,0,0,0,0,0,415928,0,488.30,502.21,516.30
189,0,78,92,100,77420,83382,87560,9679,13888,19859,591,591,591,0.54,0.83,0.98,0.23,0.33,0.47,0.23,0.33,0.39,0.00,0.00,0.00,0.02,0.09,0.16,0.00,0.00,0.00,0.14,0.20,0.31,317084,472853,835894,716083,1376344,2355702,0,0,0,0,0,0,0,385280,0,497.67,518.28,529.91
189,1,97,99,100,77741,81827,85385,11894,15467,19618,591,591,591,0.58,0.86,0.98,0.30,0.33,0.38,0.19,0.34,0.40,0.00,0.00,0.00,0.02,0.10,0.17,0.00,0.00,0.00,0.13,0.19,0.25,340689,546493,817643,733792,1439683,2442617,0,0,0,0,0,0,0,428677,0,491.90,517.08,539.57
189,2,91,98,100,83049,83745,84569,12710,13534,14230,591,591,591,0.80,0.93,0.98,0.29,0.31,0.34,0.25,0.32,0.38,0.00,0.00,0.00,0.07,0.12,0.16,0.00,0.00,0.00,0.12,0.16,0.22,327575,572781,972261,1077968,1403268,1968074,0,0,0,0,0,0,0,429230,0,495.25,506.78,533.02
189,3,84,96,100,77426,83524,86406,10913,13762,19853,591,591,591,0.62,0.86,0.98,0.31,0.33,0.37,0.24,0.32,0.39,0.00,0.00,0.00,0.03,0.09,0.15,0.00,0.00,0.00,0.16,0.20,0.22,437653,518244,723084,607998,1344676,2327229,0,0,0,0,0,0,0,373677,0,477.13,494.30,516.32
190,0,99,99,100,82784,83380,84564,12715,13899,14495,591,591,591,0.95,0.97,0.98,0.29,0.32,0.33,0.25,0.34,0.40,0.00,0.00,0.00,0.11,0.14,0.16,0.00,0.00,0.00,0.12,0.15,0.17,319710,431352,830676,463920,789331,1079712,0,0,0,0,0,0,0,427636,0,494.02,507.26,530.88
190,1,84,95,100,82805,83401,84585,12694,13878,14474,591,591,591,0.88,0.94,0.98,0.30,0.31,0.34,0.25,0.33,0.40,0.00,0.00,0.00,0.08,0.13,0.17,0.00,0.00,0.00,0.13,0.16,0.20,2620,577053,1436086,110058,958613,1732213,0,0,0,0,0,0,0,427912,0,469.65,489.80,513.40
190,2,78,95,100,77425,82548,85369,11910,14730,19854,591,591,591,0.60,0.90,0.98,0.26,0.34,0.52,0.26,0.35,0.41,0.00,0.00,0.00,0.03,0.11,0.17,0.00,0.00,0.00,0.12,0.18,0.33,324963,462209,909045,484805,928089,1624230,0,0,0,0,0,0,0,467076,0,517.91,530.54,536.86
190,3,97,99,100,82510,82974,83330,13949,14305,14769,591,591,591,0.95,0.97,0.98,0.29,0.32,0.35,0.29,0.36,0.40,0.00,0.00,0.00,0.13,0.15,0.17,0.00,0.00,0.00,0.12,0.14,0.16,437626,785650,1443929,542497,1139945,1664056,0,0,0,0,0,0,0,412772,0,478.42,501.55,515.88
191,0,59,91,100,77420,82883,85364,11915,14395,19859,591,591,591,0.71,0.87,0.98,0.28,0.34,0.39,0.26,0.34,0.40,0.00,0.00,0.00,0.02,0.09,0.17,0.00,0.00,0.00,0.12,0.20,0.26,324902,559892,1003770,731031,1475811,2804267,0,0,0,0,0,0,0,448676,0,501.95,517.75,532.14
191,1,50,90,100,77441,82327,85385,11894,14951,19838,591,591,591,0.60,0.86,0.98,0.30,0.34,0.38,0.20,0.32,0.41,0.00,0.00,0.00,0.03,0.09,0.15,0.00,0.00,0.00,0.15,0.21,0.28,356411,664243,1147862,618478,1568181,2853932,0,0,0,0,0,0,0,277603,0,484.87,512.44,542.12
191,2,98,99,100,82909,83441,84569,12710,13838,14370,591,591,591,0.89,0.95,0.98,0.30,0.32,0.35,0.25,0.34,0.40,0.00,0.00,0.00,0.07,0.13,0.17,0.00,0.00,0.00,0.11,0.16,0.23,243122,629050,1464937,453005,1392200,2235472,0,0,0,0,0,0,0,432325,0,514.61,522.14,534.87
191,3,82,93,100,77426,83057,85370,11909,14221,19853,591,591,591,0.63,0.87,0.98,0.27,0.34,0.48,0.25,0.31,0.39,0.00,0.00,0.00,0.03,0.09,0.16,0.00,0.00,0.00,0.14,0.21,0.31,458622,631567,943362,524139,1550882,2222298,0,0,0,0,0,0,0,381370,0,490.53,499.61,517.93
192,0,99,99,100,82724,83044,83344,13935,14235,14555,591,591,591,0.95,0.97,0.98,0.30,0.32,0.35,0.25,0.35,0.39,0.00,0.00,0.00,0.11,0.15,0.17,0.00,0.00,0.00,0.13,0.15,0.17,220134,411960,610577,504911,818505,1475343,0,0,0,0,0,0,0,322139,0,502.58,519.28,534.24
192,1,98,99,100,79645,82413,83345,13934,14866,17634,591,591,591,0.94,0.97,0.98,0.30,0.32,0.34,0.24,0.35,0.39,0.00,0.00,0.00,0.10,0.15,0.17,0.00,0.00,0.00,0.13,0.15,0.18,18340,412175,827891,282963,775859,1169860,0,0,0,0,0,0,0,478511,0,478.29,505.64,531.64
192,2,87,97,100,77425,81571,85369,11910,15703,19854,591,591,591,0.60,0.87,0.98,0.30,0.35,0.43,0.23,0.35,0.40,0.00,0.00,0.00,0.04,0.10,0.16,0.00,0.00,0.00,0.14,0.20,0.26,311851,566315,1005000,469100,1068252,1865913,0,0,0,0,0,0,0,408360,0,503.26,524.80,537.06
192,3,92,97,100,77426,81865,83330,13949,15413,19853,591,591,591,0.94,0.97,0.98,0.28,0.31,0.35,0.33,0.37,0.41,0.00,0.00,0.00,0.14,0.15,0.17,0.00,0.00,0.00,0.12,0.14,0.16,291773,557509,1173919,602764,963686,1401890,0,0,0,0,0,0,0,310648,0,489.86,511.44,521.24
193,0,65,88,100,77420,83448,87164,10115,13831,19859,591,591,591,0.56,0.83,0.93,0.24,0.34,0.52,0.24,0.33,0.39,0.00,0.00,0.00,0.03,0.08,0.16,0.00,0.00,0.00,0.11,0.21,0.34,311734,366211,476980,723315,1409139,2083513,0,0,0,0,0,0,0,394463,0,497.57,513.62,529.68
193,1,57,86,100,77441,82999,85385,11894,14280,19838,591,591,591,0.57,0.80,0.98,0.25,0.33,0.43,0.24,0.31,0.39,0.00,0.00,0.00,0.02,0.08,0.16,0.00,0.00,0.00,0.15,0.22,0.30,361679,1042182,1609002,1035201,2166979,3417165,0,0,0,0,0,0,0,369951,0,478.05,503.76,539.42
193,2,96,98,100,83049,83539,84569,12710,13740,14230,591,591,591,0.91,0.95,0.98,0.30,0.30,0.31,0.24,0.32,0.39,0.00,0.00,0.00,0.10,0.13,0.17,0.00,0.00,0.00,0.12,0.14,0.16,322324,482153,877752,458592,1420258,2743302,0,0,0,0,0,0,0,379220,0,503.68,511.41,529.58
193,3,45,86,100,84570,85140,86770,10429,12119,12709,591,591,591,0.52,0.81,0.96,0.25,0.34,0.45,0.20,0.30,0.38,0.00,0.00,0.00,0.04,0.06,0.11,0.00,0.00,0.00,0.16,0.22,0.29,673511,953856,1590573,925004,1993539,3686880,0,0,0,0,0,0,0,427474,0,484.53,492.49,508.96
194,0,85,97,100,82784,83352,84564,12715,13927,14495,591,591,591,0.88,0.96,0.98,0.30,0.31,0.35,0.25,0.34,0.39,0.00,0.00,0.00,0.11,0.14,0.16,0.00,0.00,0.00,0.13,0.15,0.16,345593,586345,995869,547727,937045,1409941,0,0,0,0,0,0,0,476061,0,495.93,508.52,525.82
194,1,96,98,100,82525,82993,83365,13914,14286,14754,591,591,591,0.92,0.95,0.98,0.30,0.32,0.33,0.25,0.35,0.39,0.00,0.00,0.00,0.11,0.14,0.17,0.00,0.00,0.00,0.13,0.15,0.17,319708,529720,918975,429772,870755,1611723,0,0,0,0,0,0,0,421095,0,465.13,495.40,519.64
194,2,99,99,100,77425,82548,85369,11910,14730,19854,591,591,591,0.76,0.92,0.98,0.27,0.34,0.38,0.28,0.37,0.41,0.00,0.00,0.00,0.05,0.12,0.18,0.00,0.00,0.00,0.11,0.18,0.25,251593,644894,1808260,535206,1024606,2010052,0,0,0,0,0,0,0,411574,0,519.91,533.58,539.69
194,3,99,99,100,82330,82910,83330,13949,14369,14949,591,591,591,0.95,0.97,0.98,0.28,0.32,0.35,0.29,0.36,0.39,0.00,0.00,0.00,0.13,0.15,0.16,0.00,0.00,0.00,0.13,0.14,0.16,435029,660923,1197642,647283,1014183,1396812,0,0,0,0,0,0,0,411771,0,483.81,503.99,518.30
195,0,86,96,100,77420,82523,85364,11915,14755,19859,591,591,591,0.67,0.88,0.98,0.27,0.33,0.37,0.23,0.33,0.41,0.00,0.00,0.00,0.03,0.10,0.18,0.00,0.00,0.00,0.11,0.19,0.25,322351,404953,504916,660407,1225695,1879074,0,0,0,0,0,0,0,387561,0,492.84,509.96,533.67
195,1,90,98,100,77441,83072,85385,11894,14206,19838,591,591,591,0.71,0.86,0.98,0.29,0.33,0.43,0.22,0.29,0.39,0.00,0.00,0.00,0.02,0.09,0.16,0.00,0.00,0.00,0.15,0.22,0.32,348548,600854,1413882,626282,1509761,3419287,0,0,0,0,0,0,0,374877,0,473.42,493.11,529.75
195,2,85,96,100,82909,83441,84569,12710,13838,14370,591,591,591,0.89,0.95,0.98,0.29,0.31,0.33,0.25,0.33,0.41,0.00,0.00,0.00,0.09,0.13,0.17,0.00,0.00,0.00,0.12,0.15,0.19,314461,550635,929317,469072,1374424,2242849,0,0,0,0,0,0,0,431545,0,506.74,517.72,533.07
195,3,82,96,100,77426,83073,85370,11909,14205,19853,591,591,591,0.54,0.86,0.98,0.23,0.33,0.51,0.24,0.30,0.41,0.00,0.00,0.00,0.03,0.09,0.17,0.00,0.00,0.00,0.12,0.20,0.33,314432,514664,827924,649904,1265873,2122422,0,0,0,0,0,0,0,419015,0,469.93,485.69,516.53
196,0,98,99,100,82504,83000,83344,13935,14279,14775,591,591,591,0.95,0.98,0.98,0.28,0.32,0.34,0.27,0.36,0.41,0.00,0.00,0.00,0.12,0.15,0.17,0.00,0.00,0.00,0.11,0.14,0.16,317091,668226,1551345,720662,1073898,1737402,0,0,0,0,0,0,0,480440,0,492.84,512.44,531.23
196,1,99,99,100,77441,81808,83205,14074,15470,19838,591,591,591,0.97,0.98,0.98,0.30,0.33,0.36,0.37,0.38,0.39,0.00,0.00,0.00,0.13,0.15,0.17,0.00,0.00,0.00,0.13,0.15,0.20,340630,478523,822882,503160,962273,1367988,0,0,0,0,0,0,0,323855,0,470.31,513.88,540.07
196,2,87,97,100,77425,81447,85029,12250,15831,19854,591,591,591,0.57,0.87,0.98,0.30,0.34,0.42,0.21,0.35,0.41,0.00,0.00,0.00,0.03,0.10,0.16,0.00,0.00,0.00,0.13,0.19,0.25,324901,747372,1771480,505694,1268346,2256278,0,0,0,0,0,0,0,449385,0,511.75,528.76,541.57
196,3,95,98,100,77426,81889,83330,13949,15389,19853,591,591,591,0.96,0.97,0.98,0.29,0.31,0.33,0.35,0.38,0.40,0.00,0.00,0.00,0.15,0.16,0.17,0.00,0.00,0.00,0.12,0.13,0.15,435036,763122,1163570,668238,1185565,1918216,0,0,0,0,0,0,0,416133,0,467.19,500.80,519.24
197,0,86,97,100,77420,83067,85364,11915,14211,19859,591,591,591,0.62,0.87,0.98,0.29,0.34,0.49,0.24,0.32,0.39,0.00,0.00,0.00,0.04,0.09,0.16,0.00,0.00,0.00,0.13,0.21,0.31,327525,571624,794086,503078,1440905,2355798,0,0,0,0,0,0,0,390760,0,497.19,513.61,536.38
197,1,98,99,100,83205,84225,85385,11894,13054,14074,591,591,591,0.69,0.87,0.98,0.30,0.33,0.38,0.23,0.31,0.39,0.00,0.00,0.00,0.03,0.09,0.16,0.00,0.00,0.00,0.13,0.20,0.27,234008,538463,828110,642333,1282156,2138412,0,0,0,0,0,0,0,375254,0,479.72,496.60,517.40
197,2,86,96,100,82789,83389,84569,12710,13890,14490,591,591,591,0.89,0.95,0.98,0.30,0.31,0.35,0.25,0.33,0.40,0.00,0.00,0.00,0.09,0.13,0.17,0.00,0.00,0.00,0.12,0.15,0.17,213497,493607,793500,531439,1191597,1952115,0,0,0,0,0,0,0,432208,0,499.79,513.34,536.51
197,3,65,92,100,83330,84858,87170,10109,12421,13949,591,591,591,0.56,0.84,0.96,0.29,0.34,0.42,0.19,0.29,0.41,0.00,0.00,0.00,0.03,0.08,0.10,0.00,0.00,0.00,0.16,0.21,0.26,434947,633403,995815,636700,1506037,2636290,0,0,0,0,0,0,0,379095,0,477.78,491.51,522.80
198,0,99,99,100,82784,83014,83324,13955,14265,14495,591,591,591,0.96,0.98,0.98,0.29,0.32,0.35,0.34,0.37,0.40,0.00,0.00,0.00,0.14,0.15,0.17,0.00,0.00,0.00,0.12,0.14,0.16,403585,502045,641935,677876,977889,1213127,0,0,0,0,0,0,0,318565,0,500.60,518.62,531.53
198,1,99,99,100,77441,81459,83065,14214,15820,19838,591,591,591,0.96,0.97,0.98,0.30,0.34,0.38,0.37,0.38,0.39,0.00,0.00,0.00,0.11,0.14,0.17,0.00,0.00,0.00,0.13,0.17,0.22,324947,673665,1590729,492662,1237990,2355957,0,0,0,0,0,0,0,482550,0,506.38,523.87,536.83
198,2,71,92,100,77425,82488,85369,11910,14791,19854,591,591,591,0.69,0.87,0.98,0.29,0.35,0.47,0.30,0.34,0.38,0.00,0.00,0.00,0.03,0.10,0.16,0.00,0.00,0.00,0.14,0.20,0.30,332820,487359,830613,511022,1107631,1587860,0,0,0,0,0,0,0,302267,0,516.37,528.43,540.48
198,3,98,99,100,82510,82850,83050,14229,14429,14769,591,591,591,0.98,0.98,0.98,0.28,0.31,0.35,0.37,0.39,0.41,0.00,0.00,0.00,0.15,0.16,0.17,0.00,0.00,0.00,0.11,0.13,0.16,435032,765793,1113402,613239,1218486,2080802,0,0,0,0,0,0,0,363401,0,475.39,504.51,518.93
199,0,54,89,100,77420,81910,85364,11915,15364,19859,591,591,591,0.57,0.85,0.98,0.28,0.34,0.43,0.21,0.32,0.38,0.00,0.00,0.00,0.04,0.09,0.15,0.00,0.00,0.00,0.15,0.20,0.27,306620,411429,762558,639388,1285159,1847550,0,0,0,0,0,0,0,438720,0,489.86,509.75,532.21
199,1,63,91,100,83205,84225,85385,11894,13054,14074,591,591,591,0.61,0.86,0.98,0.29,0.33,0.38,0.21,0.30,0.41,0.00,0.00,0.00,0.03,0.09,0.15,0.00,0.00,0.00,0.16,0.20,0.28,353705,509421,746890,429686,1306057,1938999,0,0,0,0,0,0,0,402761,0,479.33,492.25,509.75
199,2,99,99,100,82909,83441,84569,12710,13838,14370,591,591,591,0.90,0.95,0.98,0.28,0.31,0.35,0.25,0.34,0.41,0.00,0.00,0.00,0.08,0.13,0.17,0.00,0.00,0.00,0.11,0.16,0.20,322325,689265,1677207,508383,1438819,2060724,0,0,0,0,0,0,0,484963,0,511.54,519.18,530.92
199,3,84,96,100,77426,83057,85370,11909,14221,19853,591,591,591,0.66,0.86,0.97,0.31,0.34,0.37,0.21,0.31,0.39,0.00,0.00,0.00,0.03,0.08,0.12,0.00,0.00,0.00,0.17,0.21,0.27,437645,828060,1268061,817655,1682372,2654722,0,0,0,0,0,0,0,389186,0,495.29,505.15,520.58
200,0,96,99,100,82504,82972,83344,13935,14307,14775,591,591,591,0.91,0.96,0.98,0.30,0.31,0.35,0.27,0.36,0.40,0.00,0.00,0.00,0.12,0.15,0.17,0.00,0.00,0.00,0.12,0.14,0.16,311868,545073,807112,746873,1094300,1388994,0,0,0,0,0,0,0,425972,0,486.91,509.96,533.15
200,1,99,99,100,77441,82208,85385,11894,15070,19838,591,591,591,0.63,0.91,0.98,0.30,0.34,0.44,0.24,0.35,0.39,0.00,0.00,0.00,0.04,0.12,0.16,0.00,0.00,0.00,0.13,0.19,0.28,232357,540717,812400,545078,1251589,2193423,0,0,0,0,0,0,0,405942,0,507.51,520.58,535.27
200,2,51,87,100,77425,81751,85369,11910,15527,19854,591,591,591,0.58,0.86,0.98,0.26,0.33,0.41,0.22,0.35,0.40,0.00,0.00,0.00,0.04,0.10,0.16,0.00,0.00,0.00,0.11,0.19,0.26,218753,583723,1050868,497617,1274922,2241987,0,0,0,0,0,0,0,400712,0,503.03,525.07,539.42
200,3,98,99,100,77426,81821,83330,13949,15457,19853,591,591,591,0.96,0.98,0.98,0.28,0.31,0.34,0.35,0.38,0.41,0.00,0.00,0.00,0.15,0.16,0.17,0.00,0.00,0.00,0.11,0.13,0.16,432357,642596,1126986,655165,1124934,1934917,0,0,0,0,0,0,0,415421,0,497.70,511.68,520.15
201,0,56,91,100,77420,83067,85364,11915,14211,19859,591,591,591,0.61,0.86,0.97,0.30,0.34,0.37,0.21,0.30,0.41,0.00,0.00,0.00,0.03,0.08,0.13,0.00,0.00,0.00,0.17,0.20,0.26,213101,768539,2151558,594886,1371756,2266866,0,0,0,0,0,0,0,390016,0,498.36,510.58,531.72
201,1,92,97,100,83065,83761,84585,12694,13518,14214,591,591,591,0.80,0.92,0.97,0.29,0.32,0.34,0.25,0.32,0.39,0.00,0.00,0.00,0.06,0.12,0.17,0.00,0.00,0.00,0.12,0.17,0.24,314450,651902,1441328,390442,1212704,1724353,0,0,0,0,0,0,0,415764,0,484.43,494.33,506.46
201,2,97,98,100,82789,83417,84569,12710,13862,14490,591,591,591,0.90,0.96,0.98,0.30,0.31,0.34,0.23,0.33,0.39,0.00,0.00,0.00,0.10,0.14,0.16,0.00,0.00,0.00,0.13,0.14,0.16,327593,551892,885790,440246,1102710,1821294,0,0,0,0,0,0,0,431667,0,503.63,515.74,535.50
201,3,69,93,100,83330,84254,85370,11909,13025,13949,591,591,591,0.67,0.88,0.96,0.30,0.34,0.43,0.24,0.31,0.38,0.00,0.00,0.00,0.04,0.09,0.15,0.00,0.00,0.00,0.14,0.20,0.27,437550,559735,710204,634128,1293262,1860510,0,0,0,0,0,0,0,443435,0,482.62,494.29,517.84
202,0,99,99,100,77420,81883,83324,13955,15395,19859,591,591,591,0.94,0.97,0.98,0.28,0.31,0.34,0.35,0.38,0.41,0.00,0.00,0.00,0.14,0.16,0.17,0.00,0.00,0.00,0.11,0.14,0.16,311814,541415,1008969,594841,1174032,2649528,0,0,0,0,0,0,0,475815,0,497.81,517.46,523.67
202,1,97,99,100,77441,82468,85045,12234,14806,19838,591,591,591,0.69,0.90,0.98,0.30,0.35,0.38,0.24,0.35,0.40,0.00,0.00,0.00,0.03,0.10,0.16,0.00,0.00,0.00,0.13,0.21,0.28,322318,492139,869967,497890,1225926,2154312,0,0,0,0,0,0,0,298758,0,509.45,519.72,533.61
202,2,63,92,100,77425,82948,85369,11910,14330,19854,591,591,591,0.66,0.88,0.99,0.28,0.34,0.44,0.27,0.35,0.41,0.00,0.00,0.00,0.05,0.10,0.17,0.00,0.00,0.00,0.11,0.20,0.28,322323,674520,1229146,492657,1446954,2263374,0,0,0,0,0,0,0,457102,0,504.39,523.45,535.58
202,3,99,99,100,77426,82144,84606,12733,15146,19853,591,591,591,0.96,0.98,0.98,0.29,0.33,0.37,0.37,0.38,0.39,0.00,0.00,0.00,0.11,0.15,0.17,0.00,0.00,0.00,0.12,0.16,0.21,432423,671403,1160933,608014,1365348,1981245,0,0,0,0,0,0,0,416024,0,499.81,510.21,516.75
203,0,64,91,100,83344,84467,85024,12255,12799,13935,591,591,591,0.50,0.83,0.96,0.26,0.33,0.43,0.16,0.29,0.39,0.00,0.00,0.00,0.03,0.07,0.11,0.00,0.00,0.00,0.16,0.21,0.27,340668,419013,521508,458568,1062466,2004794,0,0,0,0,0,0,0,387005,0,486.22,496.48,524.24
203,1,85,96,100,82805,83401,84585,12694,13878,14474,591,591,591,0.87,0.95,0.98,0.29,0.31,0.33,0.24,0.33,0.39,0.00,0.00,0.00,0.10,0.14,0.16,0.00,0.00,0.00,0.13,0.15,0.18,211405,461558,702345,349429,1019027,2004063,0,0,0,0,0,0,0,416951,0,487.69,502.81,524.22
203,2,99,99,100,82789,83265,84109,13170,14014,14490,591,591,591,0.91,0.96,0.98,0.28,0.31,0.35,0.25,0.34,0.41,0.00,0.00,0.00,0.11,0.14,0.17,0.00,0.00,0.00,0.12,0.14,0.17,322994,385225,510082,481928,894798,1488554,0,0,0,0,0,0,0,430746,0,507.63,517.24,536.15
203,3,37,85,100,83190,84066,84650,12629,13213,14089,591,591,591,0.53,0.83,0.96,0.30,0.32,0.35,0.17,0.29,0.39,0.00,0.00,0.00,0.02,0.08,0.14,0.00,0.00,0.00,0.15,0.19,0.25,461257,920463,1607112,972122,1503117,2088684,0,0,0,0,0,0,0,345975,0,471.04,478.61,491.08
204,0,98,99,100,82504,82879,83184,14095,14400,14775,591,591,591,0.97,0.98,0.98,0.28,0.31,0.35,0.37,0.39,0.41,0.00,0.00,0.00,0.15,0.16,0.17,0.00,0.00,0.00,0.11,0.13,0.16,314462,398514,628807,510153,1148193,1947099,0,0,0,0,0,0,0,318457,0,505.19,524.85,533.74
204,1,83,92,100,77441,81899,85385,11894,15380,19838,591,591,591,0.55,0.83,0.98,0.28,0.35,0.44,0.19,0.33,0.39,0.00,0.00,0.00,0.03,0.08,0.16,0.00,0.00,0.00,0.13,0.22,0.28,332702,646633,1478084,445350,1526549,3283758,0,0,0,0,0,0,0,432298,0,488.78,513.22,532.96
204,2,40,84,100,77425,82283,85369,11910,15001,19854,591,591,591,0.53,0.83,0.96,0.30,0.34,0.38,0.18,0.33,0.40,0.00,0.00,0.00,0.02,0.09,0.15,0.00,0.00,0.00,0.15,0.20,0.26,319722,631551,987956,980045,1502253,1991672,0,0,0,0,0,0,0,292250,0,511.49,525.97,540.29
204,3,99,99,100,77426,81444,83050,14229,15835,19853,591,591,591,0.98,0.98,0.98,0.28,0.31,0.34,0.37,0.39,0.41,0.00,0.00,0.00,0.15,0.16,0.17,0.00,0.00,0.00,0.11,0.14,0.15,193918,607289,1071864,351150,1261726,2201099,0,0,0,0,0,0,0,414772,0,501.15,508.76,516.52
205,0,86,96,100,77420,83051,85364,11915,14227,19859,591,591,591,0.71,0.87,0.97,0.31,0.34,0.39,0.24,0.31,0.37,0.00,0.00,0.00,0.03,0.08,0.12,0.00,0.00,0.00,0.16,0.21,0.26,317099,541413,1053476,759985,1191323,1721770,0,0,0,0,0,0,0,449030,0,505.60,514.69,536.40
205,1,97,98,100,82805,83401,84585,12694,13878,14474,591,591,591,0.92,0.95,0.98,0.30,0.31,0.33,0.24,0.33,0.40,0.00,0.00,0.00,0.11,0.14,0.17,0.00,0.00,0.00,0.13,0.15,0.16,317024,410487,579051,437658,949709,1687161,0,0,0,0,0,0,0,418177,0,466.83,487.55,513.92
205,2,99,99,100,82789,83417,84569,12710,13862,14490,591,591,591,0.89,0.95,0.99,0.28,0.31,0.34,0.25,0.33,0.41,0.00,0.00,0.00,0.09,0.13,0.18,0.00,0.00,0.00,0.11,0.15,0.19,324966,656698,1724359,482136,1201744,2437163,0,0,0,0,0,0,0,484470,0,499.57,511.47,529.54
205,3,87,95,100,83330,84254,85370,11909,13025,13949,591,591,591,0.66,0.86,0.95,0.28,0.34,0.48,0.25,0.30,0.34,0.00,0.00,0.00,0.03,0.08,0.14,0.00,0.00,0.00,0.14,0.21,0.31,455992,661916,969627,511044,1254159,2041458,0,0,0,0,0,0,0,401975,0,484.88,491.61,499.91
206,0,98,99,100,77420,81859,83324,13955,15419,19859,591,591,591,0.96,0.98,0.98,0.28,0.31,0.34,0.34,0.38,0.41,0.00,0.00,0.00,0.14,0.16,0.17,0.00,0.00,0.00,0.11,0.14,0.16,314467,385848,556027,605393,1014793,1504256,0,0,0,0,0,0,0,426531,0,505.78,522.58,533.90
206,1,61,92,100,77441,82868,85385,11894,14410,19838,591,591,591,0.69,0.89,0.98,0.31,0.35,0.38,0.23,0.32,0.37,0.00,0.00,0.00,0.03,0.10,0.16,0.00,0.00,0.00,0.15,0.21,0.27,324959,412654,663836,537224,1137159,1820310,0,0,0,0,0,0,0,386156,0,491.60,509.93,529.01
206,2,64,91,100,77425,83308,87169,10110,13970,19854,591,591,591,0.61,0.87,0.98,0.28,0.33,0.42,0.24,0.35,0.40,0.00,0.00,0.00,0.05,0.10,0.17,0.00,0.00,0.00,0.12,0.18,0.25,311835,384385,560803,518903,1093667,1636335,0,0,0,0,0,0,0,406350,0,515.28,524.95,535.84
206,3,99,99,100,77426,82657,87170,10109,14621,19853,591,591,591,0.97,0.98,0.98,0.30,0.33,0.36,0.37,0.38,0.40,0.00,0.00,0.00,0.12,0.15,0.16,0.00,0.00,0.00,0.13,0.15,0.20,432391,612189,1229105,663102,1302983,2054624,0,0,0,0,0,0,0,417099,0,506.23,511.73,517.77
207,0,86,96,100,83324,84852,87164,10115,12427,13955,591,591,591,0.67,0.86,0.96,0.28,0.34,0.42,0.25,0.30,0.37,0.00,0.00,0.00,0.04,0.09,0.12,0.00,0.00,0.00,0.14,0.20,0.25,314477,459427,794060,437636,1056416,2043022,0,0,0,0,0,0,0,386099,0,495.71,508.84,532.03
207,1,84,96,100,82525,82989,83345,13934,14290,14754,591,591,591,0.90,0.96,0.98,0.28,0.31,0.34,0.30,0.36,0.39,0.00,0.00,0.00,0.13,0.15,0.16,0.00,0.00,0.00,0.12,0.15,0.16,361647,745295,1737434,490058,1212288,1897288,0,0,0,0,0,0,0,469881,0,482.02,500.34,519.64
207,2,92,98,100,82789,83385,84569,12710,13894,14490,591,591,591,0.91,0.96,0.98,0.28,0.31,0.34,0.25,0.34,0.41,0.00,0.00,0.00,0.11,0.14,0.17,0.00,0.00,0.00,0.11,0.14,0.17,324976,557150,877788,445530,1041701,1877904,0,0,0,0,0,0,0,430870,0,512.55,523.68,534.84
207,3,85,97,100,83050,84034,84650,12629,13245,14229,591,591,591,0.62,0.86,0.98,0.29,0.32,0.37,0.21,0.31,0.41,0.00,0.00,0.00,0.03,0.09,0.17,0.00,0.00,0.00,0.12,0.19,0.26,75964,559417,1275566,513413,1150606,1782003,0,0,0,0,0,0,0,452546,0,487.62,493.97,501.12
208,0,99,99,100,77420,81759,83044,14235,15519,19859,591,591,591,0.97,0.98,0.98,0.28,0.32,0.37,0.37,0.39,0.41,0.00,0.00,0.00,0.12,0.15,0.17,0.00,0.00,0.00,0.11,0.15,0.20,314390,517713,998814,702139,1393596,2038194,0,0,0,0,0,0,0,477489,0,505.87,520.67,532.08
208,1,85,96,100,77441,83072,85385,11894,14206,19838,591,591,591,0.60,0.85,0.96,0.30,0.34,0.38,0.20,0.29,0.41,0.00,0.00,0.00,0.03,0.08,0.12,0.00,0.00,0.00,0.17,0.21,0.28,320898,559416,762572,1409332,1520410,1693195,0,0,0,0,0,0,0,268808,0,482.94,501.32,528.69
208,2,89,97,100,77425,82888,85369,11910,14390,19854,591,591,591,0.71,0.88,0.98,0.30,0.34,0.45,0.30,0.34,0.39,0.00,0.00,0.00,0.02,0.09,0.16,0.00,0.00,0.00,0.14,0.20,0.29,345932,613179,1454225,783567,1509910,2874388,0,0,0,0,0,0,0,401925,0,511.67,526.37,544.01
208,3,64,92,100,77426,82193,85370,11909,15085,19853,591,591,591,0.79,0.94,0.98,0.31,0.35,0.43,0.29,0.36,0.39,0.00,0.00,0.00,0.02,0.13,0.16,0.00,0.00,0.00,0.13,0.18,0.29,437650,644892,1088554,867444,1440721,1643154,0,0,0,0,0,0,0,388057,0,489.17,510.27,517.88
209,0,66,91,100,83324,84232,85364,11915,13047,13955,591,591,591,0.72,0.86,0.96,0.31,0.34,0.40,0.25,0.30,0.36,0.00,0.00,0.00,0.03,0.08,0.14,0.00,0.00,0.00,0.15,0.20,0.26,340687,503453,657785,631501,962488,1616948,0,0,0,0,0,0,0,304506,0,505.10,510.37,518.18
209,1,99,99,100,77441,81808,83205,14074,15470,19838,591,591,591,0.97,0.98,0.98,0.30,0.33,0.37,0.37,0.38,0.39,0.00,0.00,0.00,0.11,0.15,0.17,0.00,0.00,0.00,0.13,0.16,0.22,379990,518346,833324,466470,918768,1284135,0,0,0,0,0,0,0,424885,0,477.91,511.64,535.06
209,2,98,99,100,82729,83073,83349,13930,14206,14550,591,591,591,0.96,0.97,0.98,0.30,0.31,0.35,0.25,0.35,0.40,0.00,0.00,0.00,0.11,0.15,0.17,0.00,0.00,0.00,0.12,0.14,0.16,317096,457358,948657,479588,872973,1087572,0,0,0,0,0,0,0,434926,0,507.09,523.40,540.35
209,3,87,97,100,83050,83774,84570,12709,13505,14229,591,591,591,0.63,0.88,0.98,0.27,0.31,0.35,0.25,0.31,0.37,0.00,0.00,0.00,0.05,0.11,0.15,0.00,0.00,0.00,0.14,0.17,0.22,453396,549829,836289,725799,1072320,1490664,0,0,0,0,0,0,0,302515,0,480.65,488.21,509.83
210,0,94,98,100,77420,81463,83044,14235,15816,19859,591,591,591,0.95,0.97,0.98,0.28,0.31,0.34,0.37,0.39,0.40,0.00,0.00,0.00,0.15,0.16,0.17,0.00,0.00,0.00,0.12,0.13,0.16,324944,364475,433287,880494,1157632,1415132,0,0,0,0,0,0,0,424802,0,521.61,527.61,533.23
210,1,84,94,100,83345,84475,85385,11894,12804,13934,591,591,591,0.67,0.84,0.95,0.31,0.32,0.34,0.24,0.28,0.34,0.00,0.00,0.00,0.04,0.08,0.12,0.00,0.00,0.00,0.16,0.20,0.25,319694,610504,1325675,746842,1462770,2549174,0,0,0,0,0,0,0,432941,0,487.68,498.21,515.33
210,2,85,96,100,77425,83488,87309,9970,13791,19854,591,591,591,0.60,0.83,0.98,0.28,0.35,0.45,0.24,0.34,0.38,0.00,0.00,0.00,0.04,0.08,0.15,0.00,0.00,0.00,0.15,0.22,0.29,324945,616225,1024645,805270,1503592,1936029,0,0,0,0,0,0,0,294860,0,512.71,524.88,543.76
210,3,99,99,100,77426,82079,85370,11909,15200,19853,591,591,591,0.96,0.98,0.98,0.30,0.34,0.40,0.37,0.39,0.40,0.00,0.00,0.00,0.09,0.14,0.16,0.00,0.00,0.00,0.13,0.16,0.24,91760,639307,1446411,707579,1374676,2192326,0,0,0,0,0,0,0,447628,0,510.46,515.61,519.09
211,0,74,93,100,83324,84348,85644,11635,12931,13955,591,591,591,0.59,0.85,0.95,0.25,0.34,0.51,0.25,0.30,0.35,0.00,0.00,0.00,0.03,0.08,0.13,0.00,0.00,0.00,0.14,0.21,0.33,335339,571276,864815,647308,1122070,1632500,0,0,0,0,0,0,0,443824,0,499.02,506.20,514.18
211,1,99,99,100,77441,81231,83205,14074,16047,19838,591,591,591,0.97,0.98,0.98,0.30,0.33,0.37,0.37,0.38,0.39,0.00,0.00,0.00,0.12,0.15,0.16,0.00,0.00,0.00,0.13,0.16,0.21,324856,561599,843561,614383,1144768,1645793,0,0,0,0,0,0,0,426820,0,486.78,516.73,533.93
211,2,98,99,100,82789,83357,84569,12710,13922,14490,591,591,591,0.95,0.97,0.98,0.28,0.31,0.34,0.25,0.34,0.39,0.00,0.00,0.00,0.11,0.14,0.16,0.00,0.00,0.00,0.12,0.14,0.17,322343,689741,1677206,796686,1234829,1795135,0,0,0,0,0,0,0,482683,0,509.47,520.31,533.51
211,3,65,92,100,83050,83790,84650,12629,13489,14229,591,591,591,0.67,0.87,0.98,0.29,0.31,0.32,0.25,0.31,0.41,0.00,0.00,0.00,0.05,0.10,0.17,0.00,0.00,0.00,0.12,0.18,0.22,453306,675872,1073495,652446,1302605,2259577,0,0,0,0,0,0,0,404214,0,485.63,494.55,508.60
212,0,99,99,100,77420,80950,83044,14235,16328,19859,591,591,591,0.96,0.98,0.98,0.29,0.32,0.36,0.37,0.38,0.39,0.00,0.00,0.00,0.12,0.15,0.17,0.00,0.00,0.00,0.12,0.15,0.20,319696,444413,615667,786151,1260411,1881557,0,0,0,0,0,0,0,427314,0,512.10,523.64,532.33
212,1,53,88,100,83205,84153,85045,12234,13126,14074,591,591,591,0.61,0.85,0.98,0.31,0.33,0.36,0.20,0.30,0.39,0.00,0.00,0.00,0.03,0.09,0.15,0.00,0.00,0.00,0.16,0.20,0.27,263809,534416,851802,825515,1312519,1993905,0,0,0,0,0,0,0,403285,0,487.77,496.08,507.98
212,2,86,97,100,77425,82888,85369,11910,14390,19854,591,591,591,0.71,0.90,0.98,0.29,0.35,0.50,0.25,0.34,0.40,0.00,0.00,0.00,0.03,0.10,0.17,0.00,0.00,0.00,0.12,0.20,0.32,241033,555371,1032508,607916,1369573,2118958,0,0,0,0,0,0,0,402302,0,513.45,523.29,538.43
212,3,99,99,100,77426,81256,85370,11909,16034,19853,591,591,591,0.73,0.93,0.98,0.30,0.34,0.40,0.26,0.36,0.39,0.00,0.00,0.00,0.02,0.13,0.17,0.00,0.00,0.00,0.12,0.17,0.27,411598,586993,1129374,880557,1320163,1969727,0,0,0,0,0,0,0,381749,0,484.77,508.55,519.53
213,0,97,99,100,83184,84204,85364,11915,13075,14095,591,591,591,0.69,0.87,0.98,0.29,0.33,0.38,0.23,0.30,0.37,0.00,0.00,0.00,0.03,0.09,0.15,0.00,0.00,0.00,0.14,0.19,0.25,227619,354684,581792,601813,933633,1286026,0,0,0,0,0,0,0,412513,0,499.70,504.90,510.95
213,1,88,95,100,77441,82148,85045,12234,15110,19838,591,591,591,0.65,0.89,0.98,0.30,0.33,0.38,0.23,0.34,0.39,0.00,0.00,0.00,0.03,0.12,0.17,0.00,0.00,0.00,0.13,0.18,0.25,340700,640454,1574957,542447,1259936,1761016,0,0,0,0,0,0,0,390829,0,499.68,517.73,525.91
213,2,99,99,100,82729,83073,83349,13930,14206,14550,591,591,591,0.95,0.97,0.98,0.28,0.32,0.35,0.25,0.36,0.41,0.00,0.00,0.00,0.11,0.15,0.17,0.00,0.00,0.00,0.11,0.14,0.16,310662,447165,917208,593889,962626,1221219,0,0,0,0,0,0,0,483733,0,512.64,539.38,588.41
213,3,75,94,100,83050,83746,84570,12709,13533,14229,591,591,591,0.60,0.88,0.98,0.26,0.31,0.34,0.25,0.32,0.38,0.00,0.00,0.00,0.05,0.11,0.16,0.00,0.00,0.00,0.14,0.17,0.22,65517,634719,1425642,125792,1300007,1832719,0,0,0,0,0,0,0,456807,0,473.01,483.31,504.57
214,0,87,97,100,77420,82223,85364,11915,15055,19859,591,591,591,0.91,0.97,0.98,0.29,0.35,0.51,0.33,0.38,0.41,0.00,0.00,0.00,0.03,0.13,0.17,0.00,0.00,0.00,0.13,0.18,0.33,314485,520973,917185,526763,1225395,1829235,0,0,0,0,0,0,0,407413,0,513.73,525.59,532.31
214,1,84,93,100,83065,83761,84585,12694,13518,14214,591,591,591,0.81,0.91,0.98,0.29,0.31,0.35,0.24,0.33,0.39,0.00,0.00,0.00,0.06,0.12,0.17,0.00,0.00,0.00,0.13,0.17,0.26,326322,446463,726743,508404,1099114,1941334,0,0,0,0,0,0,0,309068,0,477.46,486.52,505.39
214,2,69,91,100,77425,83676,87169,10110,13602,19854,591,591,591,0.59,0.85,0.96,0.28,0.33,0.43,0.20,0.33,0.42,0.00,0.00,0.00,0.04,0.09,0.17,0.00,0.00,0.00,0.11,0.20,0.26,314563,836390,1713885,872648,1594230,2148959,0,0,0,0,0,0,0,392982,0,504.84,521.02,539.42
214,3,99,99,100,77426,82549,85370,11909,14729,19853,591,591,591,0.67,0.91,0.98,0.28,0.35,0.46,0.26,0.36,0.41,0.00,0.00,0.00,0.05,0.12,0.17,0.00,0.00,0.00,0.11,0.19,0.29,479566,709672,1040431,875274,1426677,1973387,0,0,0,0,0,0,0,397947,0,499.18,512.56,520.85
215,0,84,96,100,83324,83969,84644,12635,13310,13955,591,591,591,0.61,0.85,0.96,0.26,0.30,0.34,0.25,0.30,0.34,0.00,0.00,0.00,0.05,0.09,0.14,0.00,0.00,0.00,0.14,0.18,0.22,327585,377368,513634,594895,1043657,1446540,0,0,0,0,0,0,0,309157,0,498.71,503.06,510.68
215,1,99,99,100,77441,81959,85385,11894,15285,19838,591,591,591,0.79,0.93,0.98,0.31,0.36,0.44,0.28,0.35,0.39,0.00,0.00,0.00,0.02,0.12,0.16,0.00,0.00,0.00,0.15,0.19,0.30,324935,351809,408809,537217,1004324,1284033,0,0,0,0,0,0,0,400331,0,507.27,521.20,533.44
215,2,99,99,100,82789,83054,83329,13950,14225,14490,591,591,591,0.94,0.97,0.98,0.27,0.32,0.34,0.24,0.35,0.41,0.00,0.00,0.00,0.10,0.14,0.17,0.00,0.00,0.00,0.11,0.14,0.18,225641,459324,930289,455998,1000740,1310312,0,0,0,0,0,0,0,323564,0,502.66,516.99,535.43
215,3,84,95,100,83050,83575,84570,12709,13704,14229,591,591,591,0.79,0.92,0.98,0.27,0.31,0.32,0.25,0.32,0.41,0.00,0.00,0.00,0.06,0.12,0.18,0.00,0.00,0.00,0.11,0.16,0.22,471714,737000,1006282,584401,1216544,2172417,0,0,0,0,0,0,0,363238,0,490.99,497.22,507.77
216,0,90,97,100,77420,82651,87164,10115,14627,19859,591,591,591,0.93,0.97,0.99,0.28,0.34,0.44,0.34,0.38,0.41,0.00,0.00,0.00,0.07,0.14,0.17,0.00,0.00,0.00,0.11,0.17,0.28,317051,350110,382616,571316,1032003,1698267,0,0,0,0,0,0,0,460448,0,515.66,524.38,530.04
216,1,85,96,100,83065,83729,84585,12694,13550,14214,591,591,591,0.75,0.92,0.98,0.30,0.32,0.33,0.25,0.32,0.39,0.00,0.00,0.00,0.06,0.12,0.17,0.00,0.00,0.00,0.13,0.17,0.24,237616,633510,1155732,709355,1331665,1797788,0,0,0,0,0,0,0,465100,0,485.82,493.07,508.01
216,2,66,93,100,77425,82888,85369,11910,14390,19854,591,591,591,0.74,0.87,0.98,0.28,0.34,0.41,0.26,0.34,0.41,0.00,0.00,0.00,0.03,0.09,0.17,0.00,0.00,0.00,0.11,0.20,0.26,346145,746177,1779356,450736,1514441,3126321,0,0,0,0,0,0,0,449768,0,507.77,525.04,541.99
216,3,63,92,100,77426,83005,87310,9969,14273,19853,591,591,591,0.56,0.86,0.98,0.24,0.32,0.41,0.24,0.34,0.39,0.00,0.00,0.00,0.05,0.11,0.16,0.00,0.00,0.00,0.12,0.18,0.26,319724,716063,963989,1380496,1559842,1680913,0,0,0,0,0,0,0,378023,0,479.37,506.31,519.10
217,0,50,89,100,83184,84056,84644,12635,13223,14095,591,591,591,0.53,0.84,0.98,0.25,0.31,0.34,0.20,0.29,0.37,0.00,0.00,0.00,0.04,0.09,0.15,0.00,0.00,0.00,0.15,0.18,0.24,314477,642567,1478062,461215,1245314,2552540,0,0,0,0,0,0,0,417889,0,490.14,493.77,502.94
217,1,54,90,100,77441,81971,85385,11894,15307,19838,591,591,591,0.58,0.88,0.98,0.29,0.34,0.38,0.19,0.35,0.41,0.00,0.00,0.00,0.02,0.10,0.17,0.00,0.00,0.00,0.12,0.20,0.28,361225,511459,744271,539886,1143989,1664127,0,0,0,0,0,0,0,384788,0,501.07,517.48,532.82
217,2,99,99,100,82729,83073,83349,13930,14206,14550,591,591,591,0.95,0.97,0.98,0.29,0.31,0.33,0.25,0.35,0.39,0.00,0.00,0.00,0.11,0.15,0.16,0.00,0.00,0.00,0.13,0.14,0.16,338064,481669,870040,600115,1001602,1310343,0,0,0,0,0,0,0,433341,0,504.87,521.56,541.04
217,3,85,96,100,83050,83742,84570,12709,13537,14229,591,591,591,0.89,0.95,0.98,0.28,0.32,0.34,0.25,0.34,0.40,0.00,0.00,0.00,0.07,0.13,0.17,0.00,0.00,0.00,0.12,0.16,0.23,429762,514162,759996,513618,991114,1344394,0,0,0,0,0,0,0,414323,0,470.78,481.23,502.65
218,0,99,99,100,77420,82223,85364,11915,15055,19859,591,591,591,0.93,0.97,0.98,0.28,0.35,0.52,0.33,0.38,0.40,0.00,0.00,0.00,0.03,0.13,0.17,0.00,0.00,0.00,0.12,0.17,0.33,324959,448809,642083,744293,1128840,1558713,0,0,0,0,0,0,0,409513,0,514.86,524.27,530.05
218,1,91,97,100,82805,83401,84585,12694,13878,14474,591,591,591,0.88,0.94,0.98,0.29,0.31,0.34,0.24,0.33,0.39,0.00,0.00,0.00,0.09,0.13,0.16,0.00,0.00,0.00,0.12,0.15,0.18,322352,485151,683968,681263,1180491,1738392,0,0,0,0,0,0,0,422803,0,482.52,497.87,527.21
218,2,34,84,100,77425,82931,85369,11910,14343,19854,591,591,591,0.62,0.83,0.97,0.30,0.33,0.36,0.21,0.31,0.39,0.00,0.00,0.00,0.02,0.09,0.14,0.00,0.00,0.00,0.14,0.19,0.23,247489,422143,812364,416662,1192421,1732170,0,0,0,0,0,0,0,388630,0,489.93,514.68,538.07
218,3,66,93,100,77426,82533,85370,11909,14745,19853,591,591,591,0.66,0.90,0.98,0.31,0.35,0.38,0.21,0.36,0.41,0.00,0.00,0.00,0.03,0.11,0.16,0.00,0.00,0.00,0.13,0.20,0.27,414041,880927,1216005,1151239,1746903,2674867,0,0,0,0,0,0,0,388612,0,496.29,509.63,519.01
219,0,72,93,100,83044,83768,84564,12715,13511,14235,591,591,591,0.59,0.88,0.98,0.26,0.31,0.33,0.24,0.32,0.41,0.00,0.00,0.00,0.05,0.11,0.17,0.00,0.00,0.00,0.12,0.17,0.20,262068,387347,710163,424566,934587,1653553,0,0,0,0,0,0,0,469950,0,507.21,511.27,519.95
219,1,84,93,100,77441,82708,85385,11894,14570,19838,591,591,591,0.56,0.85,0.98,0.29,0.34,0.39,0.20,0.32,0.41,0.00,0.00,0.00,0.03,0.09,0.15,0.00,0.00,0.00,0.16,0.21,0.28,340690,621512,1511642,552967,1127738,2585772,0,0,0,0,0,0,0,372146,0,478.11,503.81,530.52
219,2,99,99,100,82509,82977,83349,13930,14302,14770,591,591,591,0.95,0.97,0.99,0.28,0.31,0.35,0.26,0.36,0.41,0.00,0.00,0.00,0.12,0.15,0.18,0.00,0.00,0.00,0.11,0.14,0.15,315159,691706,1393743,639400,1056057,1655725,0,0,0,0,0,0,0,483570,0,492.55,521.62,536.65
219,3,99,99,100,82790,83418,84570,12709,13861,14489,591,591,591,0.89,0.95,0.98,0.30,0.31,0.35,0.25,0.33,0.39,0.00,0.00,0.00,0.09,0.13,0.16,0.00,0.00,0.00,0.13,0.15,0.18,290004,659686,1163540,550313,1012417,1504216,0,0,0,0,0,0,0,414640,0,486.39,496.38,515.57
220,0,99,99,100,77420,82563,85364,11915,14715,19859,591,591,591,0.68,0.91,0.98,0.29,0.35,0.45,0.28,0.36,0.40,0.00,0.00,0.00,0.05,0.12,0.17,0.00,0.00,0.00,0.12,0.19,0.29,377450,676559,872691,953933,1546435,1926024,0,0,0,0,0,0,0,415980,0,522.83,530.44,536.09
220,1,99,99,100,82345,82957,83365,13914,14306,14854,591,591,591,0.93,0.97,0.98,0.30,0.32,0.34,0.25,0.35,0.40,0.00,0.00,0.00,0.10,0.15,0.17,0.00,0.00,0.00,0.13,0.15,0.18,324935,430836,668273,471723,1205499,1865924,0,0,0,0,0,0,0,319947,0,478.36,505.10,530.34
220,2,56,91,100,77425,83072,85369,11910,14206,19854,591,591,591,0.63,0.86,0.98,0.29,0.35,0.45,0.25,0.32,0.38,0.00,0.00,0.00,0.04,0.08,0.15,0.00,0.00,0.00,0.16,0.21,0.28,351136,575882,987695,961740,1487196,2391952,0,0,0,0,0,0,0,398354,0,508.80,517.82,538.91
220,3,84,95,100,77426,82925,85370,11909,14353,19853,591,591,591,0.74,0.87,0.98,0.31,0.35,0.44,0.29,0.34,0.39,0.00,0.00,0.00,0.02,0.09,0.16,0.00,0.00,0.00,0.13,0.21,0.29,453341,539325,815016,943458,1464396,2010023,0,0,0,0,0,0,0,289680,0,483.34,502.91,516.93
221,0,85,95,100,83044,83569,84564,12715,13710,14235,591,591,591,0.79,0.92,0.98,0.27,0.31,0.33,0.25,0.32,0.41,0.00,0.00,0.00,0.07,0.12,0.18,0.00,0.00,0.00,0.11,0.16,0.22,330204,507108,804560,670891,990630,1294671,0,0,0,0,0,0,0,318936,0,513.60,514.47,515.36
221,1,97,99,100,77441,82999,85385,11894,14280,19838,591,591,591,0.74,0.85,0.98,0.32,0.35,0.43,0.27,0.31,0.38,0.00,0.00,0.00,0.02,0.08,0.15,0.00,0.00,0.00,0.15,0.22,0.30,342443,461205,780531,536377,1049754,1568921,0,0,0,0,0,0,0,380262,0,484.07,506.62,532.28
221,2,99,99,100,82789,83019,83329,13950,14260,14490,591,591,591,0.95,0.97,0.98,0.29,0.31,0.34,0.30,0.36,0.40,0.00,0.00,0.00,0.13,0.15,0.16,0.00,0.00,0.00,0.13,0.14,0.15,225377,433062,804575,307491,865022,1244769,0,0,0,0,0,0,0,323236,0,509.97,525.31,541.97
221,3,88,96,100,82910,83285,83850,13429,13994,14369,591,591,591,0.90,0.96,0.98,0.26,0.31,0.35,0.25,0.33,0.39,0.00,0.00,0.00,0.11,0.14,0.16,0.00,0.00,0.00,0.12,0.14,0.16,665638,799714,885724,856738,1211738,1614303,0,0,0,0,0,0,0,460375,0,481.40,489.65,503.03
222,0,54,90,100,77420,82306,85024,12255,14964,19859,591,591,591,0.49,0.88,0.98,0.25,0.33,0.44,0.17,0.34,0.39,0.00,0.00,0.00,0.03,0.11,0.16,0.00,0.00,0.00,0.13,0.18,0.27,214822,463584,909320,442488,1267479,2059769,0,0,0,0,0,0,0,444410,0,507.12,525.60,532.89
222,1,97,99,100,79041,82292,83345,13934,14946,18038,591,591,591,0.94,0.97,0.98,0.30,0.32,0.34,0.28,0.36,0.39,0.00,0.00,0.00,0.12,0.15,0.16,0.00,0.00,0.00,0.13,0.15,0.16,340676,587551,1121648,754770,1366932,2335020,0,0,0,0,0,0,0,481889,0,482.71,508.90,533.98
222,2,56,86,100,77425,82091,85289,12010,15191,19854,591,591,591,0.61,0.84,0.98,0.32,0.34,0.38,0.21,0.32,0.39,0.00,0.00,0.00,0.03,0.09,0.15,0.00,0.00,0.00,0.14,0.20,0.23,328918,794113,1732369,1058707,1713153,2867190,0,0,0,0,0,0,0,445589,0,496.50,517.11,534.92
222,3,37,83,100,77706,81868,85370,11909,15402,19633,591,591,591,0.53,0.83,0.98,0.25,0.32,0.40,0.20,0.33,0.39,0.00,0.00,0.00,0.04,0.10,0.16,0.00,0.00,0.00,0.13,0.19,0.24,321454,538093,1056102,615853,1325665,2096481,0,0,0,0,0,0,0,375394,0,479.76,503.29,520.75
223,0,86,96,100,83044,83740,84564,12715,13539,14235,591,591,591,0.87,0.93,0.98,0.28,0.32,0.36,0.24,0.33,0.41,0.00,0.00,0.00,0.07,0.12,0.17,0.00,0.00,0.00,0.12,0.17,0.26,319723,450222,642048,387861,865327,1713855,0,0,0,0,0,0,0,425064,0,495.60,501.35,519.22
223,1,51,89,100,77441,83068,85385,11894,14210,19838,591,591,591,0.60,0.86,0.97,0.31,0.34,0.38,0.20,0.30,0.41,0.00,0.00,0.00,0.02,0.08,0.12,0.00,0.00,0.00,0.17,0.22,0.28,332834,448090,628953,500403,965369,1409960,0,0,0,0,0,0,0,372986,0,479.19,501.02,538.36
223,2,99,99,100,82729,83049,83349,13930,14230,14550,591,591,591,0.96,0.97,0.98,0.28,0.31,0.35,0.25,0.35,0.41,0.00,0.00,0.00,0.11,0.15,0.18,0.00,0.00,0.00,0.11,0.14,0.16,319697,432389,859568,424527,789839,1179406,0,0,0,0,0,0,0,429519,0,494.88,514.96,532.97
223,3,99,99,100,82790,83418,84570,12709,13861,14489,591,591,591,0.95,0.97,0.98,0.28,0.31,0.34,0.25,0.34,0.39,0.00,0.00,0.00,0.11,0.14,0.16,0.00,0.00,0.00,0.13,0.14,0.16,437614,545090,932992,526709,932406,1370473,0,0,0,0,0,0,0,412988,0,473.36,486.15,507.30
224,0,63,92,100,77420,82543,85364,11915,14735,19859,591,591,591,0.66,0.91,0.98,0.29,0.34,0.45,0.27,0.36,0.40,0.00,0.00,0.00,0.05,0.12,0.17,0.00,0.00,0.00,0.12,0.19,0.28,324948,501562,838587,636624,1422956,2156741,0,0,0,0,0,0,0,403769,0,508.45,523.98,531.42
224,1,99,99,100,77441,81232,83205,14074,16046,19838,591,591,591,0.96,0.98,0.98,0.30,0.34,0.42,0.37,0.38,0.40,0.00,0.00,0.00,0.08,0.14,0.17,0.00,0.00,0.00,0.13,0.17,0.26,239356,369103,597409,448242,1145459,1771265,0,0,0,0,0,0,0,431479,0,479.92,515.67,536.88
224,2,67,93,100,77425,83372,85649,11630,13906,19854,591,591,591,0.64,0.87,0.98,0.31,0.35,0.39,0.23,0.33,0.42,0.00,0.00,0.00,0.03,0.09,0.16,0.00,0.00,0.00,0.14,0.21,0.26,335440,556618,896239,518895,1509997,2156741,0,0,0,0,0,0,0,401624,0,504.19,519.25,536.28
224,3,73,94,100,77426,82905,85370,11909,14373,19853,591,591,591,0.59,0.87,0.98,0.25,0.35,0.52,0.26,0.34,0.41,0.00,0.00,0.00,0.03,0.09,0.17,0.00,0.00,0.00,0.12,0.20,0.33,453370,729324,862194,872672,1700902,2389755,0,0,0,0,0,0,0,433690,0,482.79,502.48,515.24
225,0,99,99,100,82904,83436,84564,12715,13843,14375,591,591,591,0.80,0.94,0.98,0.31,0.31,0.32,0.25,0.34,0.39,0.00,0.00,0.00,0.07,0.13,0.16,0.00,0.00,0.00,0.13,0.16,0.21,213115,381427,715327,479575,696355,983643,0,0,0,0,0,0,0,477753,0,500.09,508.17,518.50
225,1,65,91,100,83205,84221,85385,11894,13058,14074,591,591,591,0.58,0.85,0.98,0.29,0.32,0.37,0.19,0.29,0.40,0.00,0.00,0.00,0.03,0.09,0.15,0.00,0.00,0.00,0.15,0.19,0.27,317105,627394,1203188,406209,1011550,1873700,0,0,0,0,0,0,0,458440,0,478.24,486.90,506.21
225,2,90,96,100,82509,82945,83329,13950,14334,14770,591,591,591,0.90,0.96,0.99,0.28,0.31,0.35,0.26,0.36,0.41,0.00,0.00,0.00,0.11,0.15,0.17,0.00,0.00,0.00,0.11,0.14,0.16,216773,587393,1470187,476911,856040,1645771,0,0,0,0,0,0,0,479965,0,503.95,517.08,523.92
225,3,98,99,100,82730,83074,83350,13929,14205,14549,591,591,591,0.95,0.97,0.98,0.29,0.31,0.33,0.25,0.35,0.40,0.00,0.00,0.00,0.11,0.15,0.17,0.00,0.00,0.00,0.12,0.14,0.17,295249,646098,1092788,510136,935455,1287025,0,0,0,0,0,0,0,416197,0,483.12,499.42,518.24
226,0,48,86,100,77420,82450,85364,11915,14820,19859,591,591,591,0.44,0.84,0.98,0.24,0.33,0.42,0.13,0.33,0.41,0.00,0.00,0.00,0.02,0.10,0.17,0.00,0.00,0.00,0.12,0.19,0.27,306512,520956,940754,1215932,1604237,1999555,0,0,0,0,0,0,0,383333,0,496.81,518.97,532.29
226,1,99,99,100,77441,81884,85385,11894,15394,19838,591,591,591,0.66,0.91,0.98,0.30,0.34,0.37,0.21,0.35,0.39,0.00,0.00,0.00,0.03,0.13,0.17,0.00,0.00,0.00,0.13,0.18,0.25,322356,470150,731223,985359,1515270,2146495,0,0,0,0,0,0,0,321186,0,511.22,524.77,537.94
226,2,83,96,100,77425,83056,85369,11910,14222,19854,591,591,591,0.62,0.87,0.98,0.27,0.34,0.50,0.25,0.32,0.40,0.00,0.00,0.00,0.03,0.09,0.16,0.00,0.00,0.00,0.13,0.21,0.32,327507,431861,791435,880517,1513089,2350660,0,0,0,0,0,0,0,399672,0,513.66,519.60,530.68
226,3,86,96,100,77426,81860,85030,12249,15430,19853,591,591,591,0.55,0.84,0.97,0.26,0.34,0.44,0.22,0.31,0.38,0.00,0.00,0.00,0.04,0.08,0.14,0.00,0.00,0.00,0.16,0.20,0.28,453378,495287,558179,1016825,1623170,2028084,0,0,0,0,0,0,0,276229,0,473.63,494.50,515.79
227,0,99,99,100,83044,83534,84564,12715,13745,14235,591,591,591,0.88,0.95,0.98,0.30,0.31,0.33,0.25,0.32,0.38,0.00,0.00,0.00,0.09,0.13,0.15,0.00,0.00,0.00,0.14,0.16,0.17,351175,549022,822884,550334,767189,982743,0,0,0,0,0,0,0,319478,0,483.71,497.63,521.05
227,1,84,95,100,83205,83930,84585,12694,13349,14074,591,591,591,0.85,0.91,0.96,0.31,0.32,0.36,0.25,0.32,0.39,0.00,0.00,0.00,0.06,0.10,0.16,0.00,0.00,0.00,0.14,0.19,0.27,348467,455848,688715,455889,726476,1013870,0,0,0,0,0,0,0,397113,0,478.52,485.79,499.20
227,2,98,99,100,82729,83004,83329,13950,14275,14550,591,591,591,0.96,0.97,0.98,0.29,0.32,0.35,0.33,0.37,0.40,0.00,0.00,0.00,0.14,0.15,0.17,0.00,0.00,0.00,0.12,0.14,0.16,330191,468434,838579,495287,688573,974849,0,0,0,0,0,0,0,318334,0,513.47,527.17,534.68
227,3,98,99,100,82790,83095,83350,13929,14184,14489,591,591,591,0.95,0.97,0.98,0.29,0.32,0.35,0.29,0.36,0.40,0.00,0.00,0.00,0.13,0.15,0.17,0.00,0.00,0.00,0.12,0.14,0.16,427052,972177,1189674,530580,1129739,1409789,0,0,0,0,0,0,0,463479,0,472.73,490.28,507.85
228,0,97,99,100,77420,82527,85364,11915,14751,19859,591,591,591,0.74,0.89,0.98,0.28,0.34,0.41,0.26,0.35,0.40,0.00,0.00,0.00,0.03,0.11,0.17,0.00,0.00,0.00,0.12,0.19,0.27,211001,365023,513546,419318,1295810,1843665,0,0,0,0,0,0,0,458704,0,512.86,521.18,529.69
228,1,59,89,100,77443,81708,85045,12234,15570,19836,591,591,591,0.61,0.89,0.98,0.32,0.34,0.36,0.21,0.34,0.38,0.00,0.00,0.00,0.03,0.12,0.16,0.00,0.00,0.00,0.14,0.18,0.23,246346,595930,1506833,464738,1669520,3267863,0,0,0,0,0,0,0,450983,0,503.32,520.33,533.56
228,2,86,97,100,77425,83704,87309,9970,13574,19854,591,591,591,0.67,0.88,0.98,0.28,0.33,0.41,0.24,0.34,0.41,0.00,0.00,0.00,0.05,0.10,0.17,0.00,0.00,0.00,0.11,0.19,0.30,241040,795963,1474293,983374,1804421,2880937,0,0,0,0,0,0,0,449833,0,507.66,517.09,537.31
228,3,86,96,100,77426,82905,85370,11909,14373,19853,591,591,591,0.74,0.89,0.98,0.29,0.34,0.39,0.25,0.34,0.42,0.00,0.00,0.00,0.03,0.10,0.17,0.00,0.00,0.00,0.12,0.19,0.26,442834,622894,887503,550267,1596409,2466840,0,0,0,0,0,0,0,381456,0,484.71,501.77,511.65
229,0,85,96,100,82904,83436,84564,12715,13843,14375,591,591,591,0.89,0.95,0.98,0.29,0.32,0.34,0.25,0.33,0.40,0.00,0.00,0.00,0.09,0.13,0.17,0.00,0.00,0.00,0.12,0.16,0.19,317087,496879,1061390,416669,685043,1425670,0,0,0,0,0,0,0,427234,0,503.92,513.79,526.02
229,1,77,94,100,83065,83761,84585,12694,13518,14214,591,591,591,0.75,0.91,0.98,0.30,0.32,0.34,0.25,0.32,0.39,0.00,0.00,0.00,0.06,0.11,0.16,0.00,0.00,0.00,0.13,0.18,0.24,353800,489008,765319,487450,684511,977616,0,0,0,0,0,0,0,418914,0,463.78,475.39,495.02
229,2,98,99,100,82509,82973,83329,13950,14306,14770,591,591,591,0.95,0.98,0.99,0.28,0.31,0.35,0.28,0.37,0.41,0.00,0.00,0.00,0.12,0.15,0.17,0.00,0.00,0.00,0.11,0.14,0.16,327551,437640,812477,424506,601686,988077,0,0,0,0,0,0,0,429724,0,507.47,525.47,538.16
229,3,98,99,100,82730,83074,83350,13929,14205,14549,591,591,591,0.95,0.97,0.98,0.29,0.31,0.35,0.25,0.36,0.40,0.00,0.00,0.00,0.11,0.15,0.17,0.00,0.00,0.00,0.12,0.14,0.16,424547,523081,812431,503167,678220,982779,0,0,0,0,0,0,0,414815,0,482.70,500.01,517.06
230,0,96,99,100,77420,83303,87164,10115,13975,19859,591,591,591,0.59,0.87,0.98,0.30,0.34,0.39,0.21,0.35,0.41,0.00,0.00,0.00,0.03,0.10,0.16,0.00,0.00,0.00,0.13,0.19,0.27,338047,532444,817644,848843,1625111,2772516,0,0,0,0,0,0,0,390714,0,498.18,520.00,533.45
230,1,74,94,100,77443,82548,85385,11894,14730,19836,591,591,591,0.66,0.89,0.98,0.29,0.35,0.48,0.29,0.35,0.39,0.00,0.00,0.00,0.02,0.11,0.17,0.00,0.00,0.00,0.14,0.20,0.34,324950,571218,817274,817628,1668905,2515749,0,0,0,0,0,0,0,401383,0,512.64,523.54,540.30
230,2,87,97,100,77425,83056,85369,11910,14222,19854,591,591,591,0.68,0.87,0.98,0.30,0.35,0.46,0.25,0.32,0.38,0.00,0.00,0.00,0.05,0.09,0.16,0.00,0.00,0.00,0.15,0.21,0.30,345923,593816,870044,877864,1717510,2437076,0,0,0,0,0,0,0,403156,0,510.69,518.50,533.34
230,3,45,86,100,77426,83156,85030,12249,14134,19853,591,591,591,0.52,0.84,0.98,0.26,0.34,0.43,0.19,0.32,0.40,0.00,0.00,0.00,0.03,0.08,0.15,0.00,0.00,0.00,0.15,0.20,0.27,487488,767813,967018,830826,1894600,2623214,0,0,0,0,0,0,0,369661,0,474.65,494.06,516.54
231,0,86,96,100,82784,83352,84564,12715,13927,14495,591,591,591,0.88,0.96,0.98,0.31,0.32,0.35,0.26,0.34,0.39,0.00,0.00,0.00,0.09,0.14,0.16,0.00,0.00,0.00,0.13,0.15,0.17,343309,559857,891034,414067,733707,1019448,0,0,0,0,0,0,0,480157,0,494.32,514.25,532.88
231,1,91,98,100,82805,83401,84585,12694,13878,14474,591,591,591,0.91,0.95,0.98,0.30,0.32,0.33,0.29,0.34,0.40,0.00,0.00,0.00,0.09,0.13,0.17,0.00,0.00,0.00,0.13,0.16,0.19,265564,675259,1582883,484824,840362,1661503,0,0,0,0,0,0,0,419342,0,476.59,495.01,520.89
231,2,98,99,100,77425,81864,83329,13950,15414,19854,591,591,591,0.95,0.97,0.98,0.28,0.31,0.35,0.29,0.37,0.41,0.00,0.00,0.00,0.12,0.15,0.17,0.00,0.00,0.00,0.11,0.15,0.17,324875,620649,1175315,594825,893658,1258368,0,0,0,0,0,0,0,483199,0,517.49,528.37,538.46
231,3,99,99,100,82510,82978,83350,13929,14301,14769,591,591,591,0.94,0.97,0.98,0.30,0.32,0.34,0.26,0.36,0.39,0.00,0.00,0.00,0.12,0.15,0.16,0.00,0.00,0.00,0.13,0.14,0.15,321464,557439,1163271,408819,771664,1375489,0,0,0,0,0,0,0,411371,0,470.07,496.18,512.90
232,0,48,89,100,77420,82847,85364,11915,14443,19859,591,591,591,0.69,0.85,0.98,0.28,0.33,0.38,0.24,0.33,0.41,0.00,0.00,0.00,0.02,0.09,0.17,0.00,0.00,0.00,0.11,0.20,0.25,306492,508868,767818,1011179,1647060,2515869,0,0,0,0,0,0,0,389608,0,497.25,514.76,532.26
232,1,85,96,100,77443,82708,85385,11894,14566,19836,591,591,591,0.64,0.84,0.98,0.31,0.33,0.37,0.22,0.32,0.38,0.00,0.00,0.00,0.02,0.09,0.16,0.00,0.00,0.00,0.14,0.21,0.25,317003,429773,547706,697126,1567089,2447744,0,0,0,0,0,0,0,274145,0,479.49,507.19,532.87
232,2,53,90,100,83329,84857,87169,10110,12422,13950,591,591,591,0.55,0.84,0.96,0.24,0.34,0.50,0.24,0.29,0.34,0.00,0.00,0.00,0.03,0.07,0.12,0.00,0.00,0.00,0.16,0.21,0.32,356420,463279,840962,474353,1473169,2766530,0,0,0,0,0,0,0,394307,0,498.91,508.25,531.87
232,3,66,92,100,77426,83073,85370,11909,14205,19853,591,591,591,0.66,0.87,0.97,0.30,0.34,0.37,0.23,0.31,0.41,0.00,0.00,0.00,0.03,0.08,0.12,0.00,0.00,0.00,0.16,0.21,0.26,466456,671918,1074487,875272,1735853,3204865,0,0,0,0,0,0,0,278246,0,487.56,497.77,515.62
233,0,99,99,100,82784,83124,83344,13935,14155,14495,591,591,591,0.95,0.97,0.98,0.31,0.32,0.34,0.25,0.34,0.39,0.00,0.00,0.00,0.11,0.14,0.16,0.00,0.00,0.00,0.13,0.15,0.17,327546,344613,377374,421937,486123,607925,0,0,0,0,0,0,0,318506,0,494.95,508.97,522.67
233,1,98,99,100,82805,83110,83365,13914,14169,14474,591,591,591,0.94,0.96,0.98,0.30,0.31,0.32,0.25,0.34,0.39,0.00,0.00,0.00,0.10,0.14,0.17,0.00,0.00,0.00,0.13,0.15,0.18,317059,416504,673507,408770,564583,791437,0,0,0,0,0,0,0,423978,0,470.09,491.38,512.78
233,2,92,96,100,82509,82884,83189,14090,14395,14770,591,591,591,0.94,0.97,0.99,0.27,0.31,0.35,0.36,0.38,0.41,0.00,0.00,0.00,0.14,0.16,0.17,0.00,0.00,0.00,0.11,0.13,0.16,327572,524718,762350,427155,667520,1034806,0,0,0,0,0,0,0,318673,0,500.92,520.37,529.16
233,3,99,99,100,82730,83005,83330,13949,14274,14549,591,591,591,0.96,0.98,0.98,0.28,0.32,0.35,0.37,0.38,0.40,0.00,0.00,0.00,0.15,0.16,0.17,0.00,0.00,0.00,0.11,0.14,0.16,432417,796021,1239577,531971,954570,1394177,0,0,0,0,0,0,0,411208,0,484.00,501.53,513.26
234,0,51,90,100,77420,82975,85644,11635,14303,19859,591,591,591,0.56,0.86,0.98,0.24,0.32,0.44,0.24,0.34,0.41,0.00,0.00,0.00,0.05,0.10,0.17,0.00,0.00,0.00,0.11,0.18,0.27,240955,313927,351325,456001,1236080,2393842,0,0,0,0,0,0,0,440319,0,497.66,514.16,532.98
234,1,68,90,100,77443,82904,85385,11894,14374,19836,591,591,591,0.69,0.86,0.98,0.31,0.34,0.37,0.24,0.32,0.37,0.00,0.00,0.00,0.03,0.09,0.15,0.00,0.00,0.00,0.15,0.21,0.26,221877,645537,1478072,633883,1656383,2851280,0,0,0,0,0,0,0,434334,0,489.92,516.80,539.65
234,2,63,92,100,77425,83072,85369,11910,14206,19854,591,591,591,0.57,0.87,0.98,0.25,0.34,0.52,0.24,0.31,0.40,0.00,0.00,0.00,0.03,0.09,0.17,0.00,0.00,0.00,0.13,0.20,0.33,306827,454732,895032,326783,1493253,3058062,0,0,0,0,0,0,0,449719,0,506.20,516.81,531.18
234,3,89,95,100,77428,83749,87530,9749,13529,19851,591,591,591,0.57,0.85,0.98,0.28,0.34,0.43,0.21,0.32,0.40,0.00,0.00,0.00,0.03,0.09,0.16,0.00,0.00,0.00,0.13,0.20,0.27,495298,696268,967029,1244821,1819677,3312447,0,0,0,0,0,0,0,379187,0,484.96,499.65,517.85
235,0,97,99,100,82784,83352,84564,12715,13927,14495,591,591,591,0.90,0.96,0.98,0.28,0.31,0.34,0.25,0.34,0.41,0.00,0.00,0.00,0.11,0.14,0.17,0.00,0.00,0.00,0.11,0.15,0.17,311851,500534,718328,432398,649378,927306,0,0,0,0,0,0,0,426326,0,491.22,510.25,530.17
235,1,95,98,100,82525,82993,83365,13914,14286,14754,591,591,591,0.94,0.97,0.98,0.28,0.32,0.34,0.24,0.35,0.40,0.00,0.00,0.00,0.10,0.15,0.16,0.00,0.00,0.00,0.12,0.15,0.17,335434,450231,566059,458602,602230,801862,0,0,0,0,0,0,0,430288,0,475.87,500.70,528.57
235,2,90,97,100,78627,82140,83329,13950,15142,18672,591,591,591,0.93,0.97,0.99,0.27,0.31,0.35,0.37,0.38,0.41,0.00,0.00,0.00,0.15,0.16,0.17,0.00,0.00,0.00,0.11,0.13,0.16,327578,555843,860947,408818,726066,1214156,0,0,0,0,0,0,0,427499,0,505.12,527.84,536.56
235,3,98,99,100,82510,82946,83330,13949,14333,14769,591,591,591,0.96,0.98,0.98,0.30,0.32,0.35,0.31,0.37,0.39,0.00,0.00,0.00,0.13,0.15,0.17,0.00,0.00,0.00,0.12,0.14,0.16,309208,487939,809683,522335,632241,927598,0,0,0,0,0,0,0,415840,0,485.05,508.22,521.34
236,0,86,95,100,77422,82523,85364,11915,14755,19857,591,591,591,0.72,0.86,0.98,0.30,0.34,0.41,0.27,0.33,0.39,0.00,0.00,0.00,0.02,0.09,0.17,0.00,0.00,0.00,0.12,0.20,0.27,314515,401473,534588,694456,1525139,3042211,0,0,0,0,0,0,0,391689,0,495.84,515.49,532.54
236,1,67,90,100,77443,83088,85385,11894,14190,19836,591,591,591,0.48,0.81,0.98,0.21,0.32,0.45,0.22,0.29,0.39,0.00,0.00,0.00,0.02,0.08,0.16,0.00,0.00,0.00,0.14,0.20,0.32,330203,523979,801891,500476,1642802,3498447,0,0,0,0,0,0,0,354114,0,465.69,493.29,537.81
236,2,25,84,100,77427,83072,85369,11910,14206,19852,591,591,591,0.37,0.80,0.96,0.21,0.32,0.43,0.10,0.28,0.38,0.00,0.00,0.00,0.02,0.07,0.11,0.00,0.00,0.00,0.14,0.20,0.26,327574,553468,906730,636803,1656726,3320312,0,0,0,0,0,0,0,380275,0,489.81,500.75,538.03
236,3,85,95,100,77428,83073,85370,11909,14205,19851,591,591,591,0.50,0.81,0.96,0.28,0.32,0.37,0.18,0.29,0.39,0.00,0.00,0.00,0.02,0.08,0.11,0.00,0.00,0.00,0.16,0.20,0.23,429360,905100,1391264,1221258,2009840,3494281,0,0,0,0,0,0,0,414267,0,465.70,482.59,521.46
237,0,98,99,100,82504,82972,83344,13935,14307,14775,591,591,591,0.96,0.97,0.98,0.30,0.32,0.33,0.25,0.35,0.39,0.00,0.00,0.00,0.11,0.14,0.16,0.00,0.00,0.00,0.13,0.14,0.17,317073,366170,497899,429731,579148,922424,0,0,0,0,0,0,0,480822,0,495.66,516.06,535.60
237,1,99,99,100,77443,81836,83345,13934,15442,19836,591,591,591,0.95,0.97,0.98,0.30,0.32,0.34,0.31,0.37,0.40,0.00,0.00,0.00,0.13,0.15,0.17,0.00,0.00,0.00,0.14,0.15,0.16,235860,650427,1328690,375629,932550,1430897,0,0,0,0,0,0,0,483784,0,459.72,508.45,535.12
237,2,91,98,100,77427,81888,83329,13950,15390,19852,591,591,591,0.95,0.97,0.98,0.28,0.31,0.35,0.34,0.38,0.41,0.00,0.00,0.00,0.14,0.16,0.17,0.00,0.00,0.00,0.11,0.14,0.16,322339,585527,1037783,427165,941784,1853620,0,0,0,0,0,0,0,484534,0,491.23,528.25,542.14
237,3,98,99,100,77428,81889,83330,13949,15389,19851,591,591,591,0.96,0.97,0.98,0.27,0.31,0.35,0.34,0.37,0.39,0.00,0.00,0.00,0.15,0.15,0.17,0.00,0.00,0.00,0.11,0.14,0.16,424469,707632,1004304,534517,910273,1289272,0,0,0,0,0,0,0,415556,0,470.91,505.04,519.63
238,0,85,96,100,77422,83067,85364,11915,14211,19857,591,591,591,0.59,0.87,0.98,0.26,0.34,0.51,0.24,0.32,0.40,0.00,0.00,0.00,0.03,0.09,0.17,0.00,0.00,0.00,0.12,0.21,0.33,319721,546644,1027298,414065,1609016,2699111,0,0,0,0,0,0,0,393700,0,500.64,512.19,533.24
238,1,84,93,100,83345,84253,85385,11894,13026,13934,591,591,591,0.66,0.86,0.96,0.29,0.35,0.48,0.25,0.30,0.34,0.00,0.00,0.00,0.02,0.08,0.14,0.00,0.00,0.00,0.15,0.22,0.33,327574,474325,804570,508396,1482166,2772540,0,0,0,0,0,0,0,297065,0,482.63,496.41,510.58
238,2,25,82,100,79627,83496,85369,11910,13778,17632,591,591,591,0.44,0.82,0.96,0.21,0.33,0.49,0.17,0.29,0.37,0.00,0.00,0.00,0.03,0.07,0.12,0.00,0.00,0.00,0.15,0.20,0.32,322322,486743,1082313,568687,1450201,2830149,0,0,0,0,0,0,0,383379,0,492.12,505.14,537.39
238,3,85,95,100,83350,84197,85030,12249,13093,13929,591,591,591,0.45,0.81,0.96,0.21,0.31,0.42,0.18,0.28,0.38,0.00,0.00,0.00,0.03,0.08,0.12,0.00,0.00,0.00,0.15,0.19,0.25,305756,708428,1512120,739023,1684011,3991264,0,0,0,0,0,0,0,256610,0,465.85,478.38,507.45
239,0,99,99,100,82724,82999,83324,13955,14280,14555,591,591,591,0.96,0.97,0.98,0.29,0.32,0.35,0.31,0.37,0.40,0.00,0.00,0.00,0.14,0.15,0.17,0.00,0.00,0.00,0.12,0.14,0.16,364271,472373,566035,466476,661062,864862,0,0,0,0,0,0,0,318311,0,498.94,517.04,528.54
239,1,99,99,100,77443,81459,83065,14214,15819,19836,591,591,591,0.98,0.98,0.98,0.29,0.32,0.34,0.37,0.38,0.40,0.00,0.00,0.00,0.15,0.16,0.17,0.00,0.00,0.00,0.13,0.14,0.16,348503,430436,644691,475941,587433,736415,0,0,0,0,0,0,0,429841,0,502.98,517.08,531.55
239,2,99,99,100,82609,82944,83329,13950,14335,14670,591,591,591,0.98,0.98,0.99,0.28,0.32,0.35,0.37,0.39,0.41,0.00,0.00,0.00,0.15,0.16,0.17,0.00,0.00,0.00,0.11,0.14,0.16,327587,609303,922434,421932,801919,1331241,0,0,0,0,0,0,0,322897,0,489.44,519.00,535.75
239,3,99,99,100,82510,82885,83190,14089,14394,14769,591,591,591,0.96,0.98,0.98,0.29,0.32,0.34,0.36,0.38,0.41,0.00,0.00,0.00,0.14,0.16,0.17,0.00,0.00,0.00,0.12,0.14,0.16,723279,827453,985373,825482,1022031,1221165,0,0,0,0,0,0,0,464488,0,473.16,499.72,513.27
240,0,30,79,100,77422,83251,85024,12255,14023,19857,591,591,591,0.40,0.79,0.98,0.20,0.30,0.41,0.15,0.30,0.39,0.00,0.00,0.00,0.03,0.09,0.16,0.00,0.00,0.00,0.13,0.18,0.24,228875,567794,1307594,644662,1497614,2285232,0,0,0,0,0,0,0,423663,0,473.02,497.48,528.89
240,1,99,99,100,83345,84253,85385,11894,13026,13934,591,591,591,0.61,0.87,0.96,0.28,0.33,0.44,0.25,0.30,0.37,0.00,0.00,0.00,0.04,0.09,0.15,0.00,0.00,0.00,0.14,0.20,0.29,322311,539624,1197568,448051,1520509,3438095,0,0,0,0,0,0,0,440540,0,474.76,490.78,518.56
240,2,90,98,100,77427,83516,86369,10910,13762,19852,591,591,591,0.50,0.86,0.98,0.23,0.33,0.46,0.19,0.31,0.38,0.00,0.00,0.00,0.04,0.09,0.16,0.00,0.00,0.00,0.14,0.20,0.29,310684,622245,1144062,367172,1518709,2950109,0,0,0,0,0,0,0,436210,0,486.31,507.94,535.01
240,3,84,96,100,77428,83073,85370,11909,14205,19851,591,591,591,0.59,0.86,0.98,0.27,0.34,0.51,0.24,0.32,0.39,0.00,0.00,0.00,0.03,0.09,0.17,0.00,0.00,0.00,0.12,0.21,0.33,293561,564897,859031,366951,1626163,3293888,0,0,0,0,0,0,0,375064,0,479.92,495.14,515.09
241,0,99,99,100,82504,83000,83344,13935,14279,14775,591,591,591,0.96,0.97,0.98,0.28,0.32,0.35,0.25,0.36,0.41,0.00,0.00,0.00,0.11,0.15,0.17,0.00,0.00,0.00,0.11,0.14,0.16,317103,373709,505794,445516,577074,775721,0,0,0,0,0,0,0,425702,0,474.12,505.55,531.06
241,1,98,99,100,77443,82244,85385,11894,15034,19836,591,591,591,0.95,0.97,0.98,0.30,0.35,0.47,0.37,0.38,0.40,0.00,0.00,0.00,0.05,0.14,0.17,0.00,0.00,0.00,0.13,0.18,0.32,324960,540349,838499,479608,807635,1226513,0,0,0,0,0,0,0,406881,0,506.66,519.13,535.94
241,2,99,99,100,82509,82973,83329,13950,14306,14770,591,591,591,0.96,0.98,0.99,0.27,0.31,0.35,0.33,0.38,0.41,0.00,0.00,0.00,0.14,0.16,0.18,0.00,0.00,0.00,0.11,0.14,0.16,327581,580690,998521,437577,940920,1708673,0,0,0,0,0,0,0,430893,0,494.23,523.76,538.92
241,3,99,99,100,77428,81889,83330,13949,15389,19851,591,591,591,0.97,0.98,0.98,0.29,0.32,0.35,0.37,0.38,0.40,0.00,0.00,0.00,0.15,0.16,0.17,0.00,0.00,0.00,0.12,0.14,0.16,437656,846989,1215949,526759,1212833,1839733,0,0,0,0,0,0,0,467884,0,484.48,507.14,521.60
242,0,61,92,100,77422,83067,85364,11915,14211,19857,591,591,591,0.62,0.86,0.98,0.31,0.34,0.43,0.24,0.32,0.39,0.00,0.00,0.00,0.04,0.09,0.16,0.00,0.00,0.00,0.14,0.21,0.27,330152,417685,547688,487368,1487378,2374190,0,0,0,0,0,0,0,395347,0,500.05,513.00,531.58
242,1,89,96,100,83065,83789,84585,12694,13490,14214,591,591,591,0.62,0.87,0.96,0.29,0.31,0.34,0.24,0.31,0.37,0.00,0.00,0.00,0.05,0.11,0.15,0.00,0.00,0.00,0.14,0.18,0.22,291756,429767,670777,414049,1446273,2360820,0,0,0,0,0,0,0,451098,0,484.12,498.23,514.81
242,2,64,92,100,77427,83072,85369,11910,14206,19852,591,591,591,0.71,0.86,0.97,0.31,0.34,0.39,0.24,0.31,0.38,0.00,0.00,0.00,0.03,0.08,0.13,0.00,0.00,0.00,0.17,0.21,0.25,311853,451249,932931,419298,1373092,2101829,0,0,0,0,0,0,0,454026,0,503.18,514.72,534.71
242,3,59,91,100,83330,84585,85808,11531,12705,13949,591,591,591,0.59,0.85,0.95,0.29,0.33,0.43,0.23,0.30,0.38,0.00,0.00,0.00,0.04,0.08,0.12,0.00,0.00,0.00,0.15,0.20,0.27,453371,784069,1470121,621767,1719725,2877349,0,0,0,0,0,0,0,392422,0,480.77,491.80,517.87
243,0,100,100,100,77422,81883,83324,13955,15395,19857,591,591,591,0.95,0.98,0.98,0.29,0.32,0.34,0.29,0.36,0.40,0.00,0.00,0.00,0.13,0.15,0.17,0.00,0.00,0.00,0.12,0.14,0.16,227793,497380,1100720,322707,929390,1514801,0,0,0,0,0,0,0,483534,0,500.90,524.47,537.04
243,1,97,98,100,77443,82548,85385,11894,14730,19836,591,591,591,0.77,0.90,0.98,0.32,0.35,0.43,0.26,0.35,0.39,0.00,0.00,0.00,0.03,0.11,0.16,0.00,0.00,0.00,0.14,0.20,0.29,311861,565542,883162,993261,1095439,1375883,0,0,0,0,0,0,0,397790,0,506.26,517.50,530.15
243,2,93,98,100,77427,81888,83329,13950,15390,19852,591,591,591,0.96,0.97,0.98,0.29,0.31,0.35,0.34,0.38,0.39,0.00,0.00,0.00,0.14,0.16,0.16,0.00,0.00,0.00,0.12,0.14,0.15,230128,617207,1352184,503152,1072984,1616855,0,0,0,0,0,0,0,428787,0,506.54,528.38,539.03
243,3,99,99,100,77428,81793,83190,14089,15485,19851,591,591,591,0.97,0.98,0.98,0.29,0.33,0.36,0.37,0.38,0.40,0.00,0.00,0.00,0.13,0.15,0.17,0.00,0.00,0.00,0.12,0.15,0.19,291479,507985,922470,547735,940689,1412019,0,0,0,0,0,0,0,417182,0,479.16,506.94,520.16
244,0,24,84,100,80682,83703,85364,11915,13571,16577,591,591,591,0.43,0.81,0.96,0.24,0.32,0.41,0.14,0.28,0.37,0.00,0.00,0.00,0.02,0.07,0.11,0.00,0.00,0.00,0.16,0.20,0.25,309200,402485,555370,560829,1247355,2025743,0,0,0,0,0,0,0,274313,0,484.81,499.63,536.35
244,1,85,94,100,82805,83405,84585,12694,13874,14474,591,591,591,0.88,0.94,0.98,0.30,0.31,0.34,0.25,0.33,0.39,0.00,0.00,0.00,0.09,0.13,0.16,0.00,0.00,0.00,0.13,0.16,0.19,343312,569207,804543,555583,1317141,2479153,0,0,0,0,0,0,0,309256,0,485.72,498.96,512.84
244,2,30,84,100,82247,84020,85369,11910,13258,15032,591,591,591,0.38,0.81,0.94,0.19,0.33,0.47,0.13,0.28,0.41,0.00,0.00,0.00,0.03,0.07,0.11,0.00,0.00,0.00,0.14,0.21,0.32,317075,583259,1037423,508404,1388979,2398343,0,0,0,0,0,0,0,377768,0,491.42,501.71,535.89
244,3,67,92,100,83330,84238,85370,11909,13041,13949,591,591,591,0.67,0.87,0.98,0.27,0.32,0.37,0.24,0.31,0.41,0.00,0.00,0.00,0.03,0.09,0.18,0.00,0.00,0.00,0.11,0.19,0.26,455860,802483,1210717,793825,1566698,2508958,0,0,0,0,0,0,0,352293,0,484.25,491.85,502.53
245,0,99,99,100,82504,82914,83324,13955,14365,14775,591,591,591,0.96,0.98,0.98,0.28,0.32,0.34,0.34,0.38,0.41,0.00,0.00,0.00,0.14,0.16,0.17,0.00,0.00,0.00,0.11,0.14,0.16,311861,417980,686502,516339,846454,1234343,0,0,0,0,0,0,0,424746,0,485.68,514.72,531.46
245,1,70,92,100,77443,82484,85385,11894,14794,19836,591,591,591,0.63,0.88,0.98,0.29,0.35,0.47,0.24,0.34,0.39,0.00,0.00,0.00,0.05,0.10,0.16,0.00,0.00,0.00,0.13,0.21,0.32,327586,404787,573786,568689,963325,1734458,0,0,0,0,0,0,0,405062,0,509.83,518.43,532.00
245,2,99,99,100,82609,82944,83329,13950,14335,14670,591,591,591,0.98,0.98,0.99,0.29,0.31,0.33,0.38,0.39,0.40,0.00,0.00,0.00,0.15,0.16,0.17,0.00,0.00,0.00,0.12,0.13,0.15,322346,449437,809774,390484,856945,1236937,0,0,0,0,0,0,0,377515,0,486.40,518.49,536.35
245,3,99,99,100,77428,81469,83050,14229,15809,19851,591,591,591,0.97,0.98,0.98,0.30,0.33,0.35,0.37,0.38,0.39,0.00,0.00,0.00,0.15,0.15,0.16,0.00,0.00,0.00,0.13,0.14,0.16,437623,626263,819892,702293,1033120,1305101,0,0,0,0,0,0,0,416927,0,505.72,511.03,516.61
246,0,74,94,100,77422,83067,85364,11915,14211,19857,591,591,591,0.59,0.87,0.98,0.25,0.33,0.43,0.25,0.32,0.39,0.00,0.00,0.00,0.05,0.09,0.17,0.00,0.00,0.00,0.13,0.19,0.27,225820,541401,1239559,423837,1323819,2882695,0,0,0,0,0,0,0,442163,0,494.07,508.14,534.20
246,1,89,97,100,82805,83401,84585,12694,13878,14474,591,591,591,0.91,0.94,0.98,0.27,0.31,0.33,0.27,0.34,0.38,0.00,0.00,0.00,0.09,0.13,0.16,0.00,0.00,0.00,0.12,0.16,0.21,234112,568750,1204947,497950,1320448,2263205,0,0,0,0,0,0,0,417106,0,492.12,501.81,517.08
246,2,56,88,100,77427,83372,85649,11630,13906,19852,591,591,591,0.43,0.83,0.97,0.22,0.33,0.43,0.15,0.31,0.42,0.00,0.00,0.00,0.03,0.08,0.14,0.00,0.00,0.00,0.16,0.20,0.27,231223,644760,1454424,452320,1518589,3005810,0,0,0,0,0,0,0,384745,0,494.86,516.97,543.73
246,3,85,94,100,83330,84462,85370,11909,12817,13949,591,591,591,0.58,0.85,0.95,0.28,0.34,0.44,0.23,0.30,0.38,0.00,0.00,0.00,0.04,0.08,0.13,0.00,0.00,0.00,0.15,0.21,0.28,492743,690069,1189853,694558,1587902,2345215,0,0,0,0,0,0,0,393760,0,486.38,495.67,522.36
247,0,98,99,100,77422,81883,83324,13955,15395,19857,591,591,591,0.96,0.98,0.98,0.28,0.32,0.35,0.33,0.37,0.41,0.00,0.00,0.00,0.14,0.15,0.17,0.00,0.00,0.00,0.11,0.14,0.16,327595,389423,623700,584430,806622,1370569,0,0,0,0,0,0,0,427564,0,496.22,521.55,536.29
247,1,69,93,100,77443,82904,85385,11894,14374,19836,591,591,591,0.78,0.88,0.98,0.32,0.35,0.43,0.27,0.33,0.39,0.00,0.00,0.00,0.02,0.09,0.15,0.00,0.00,0.00,0.15,0.21,0.30,330186,555564,875304,961831,1113748,1278808,0,0,0,0,0,0,0,389748,0,497.37,511.57,524.57
247,2,99,99,100,82509,82973,83329,13950,14306,14770,591,591,591,0.96,0.98,0.98,0.29,0.31,0.35,0.32,0.38,0.41,0.00,0.00,0.00,0.14,0.16,0.17,0.00,0.00,0.00,0.12,0.14,0.16,356249,540066,910245,744255,955139,1220677,0,0,0,0,0,0,0,433051,0,497.36,527.33,542.29
247,3,92,98,100,77428,81161,83050,14229,16117,19851,591,591,591,0.94,0.97,0.98,0.28,0.33,0.40,0.37,0.38,0.40,0.00,0.00,0.00,0.10,0.15,0.17,0.00,0.00,0.00,0.11,0.15,0.23,448123,719084,1119037,678737,1196565,1981246,0,0,0,0,0,0,0,465247,0,507.69,511.11,516.68
248,0,86,96,100,79762,83451,85024,12255,13819,17477,591,591,591,0.60,0.84,0.97,0.31,0.33,0.37,0.20,0.30,0.38,0.00,0.00,0.00,0.03,0.08,0.12,0.00,0.00,0.00,0.17,0.20,0.24,309099,517827,875309,723259,1372069,2096548,0,0,0,0,0,0,0,383869,0,493.49,507.99,534.82
248,1,99,99,100,82365,82961,83365,13914,14294,14794,591,591,591,0.93,0.97,0.98,0.29,0.31,0.34,0.25,0.35,0.40,0.00,0.00,0.00,0.11,0.15,0.17,0.00,0.00,0.00,0.12,0.15,0.17,332729,646762,1146346,628597,1362086,2438889,0,0,0,0,0,0,0,477096,0,490.17,506.18,523.03
248,2,68,93,100,77427,83072,85369,11910,14206,19852,591,591,591,0.74,0.87,0.97,0.31,0.35,0.41,0.25,0.31,0.37,0.00,0.00,0.00,0.03,0.08,0.13,0.00,0.00,0.00,0.16,0.21,0.26,311703,425014,762616,479341,1295979,2226831,0,0,0,0,0,0,0,451352,0,503.43,517.21,539.37
248,3,85,94,100,83330,84238,85370,11909,13041,13949,591,591,591,0.46,0.83,0.96,0.26,0.31,0.37,0.15,0.29,0.41,0.00,0.00,0.00,0.02,0.09,0.15,0.00,0.00,0.00,0.14,0.19,0.27,411446,877873,1132354,1166429,1688143,2387459,0,0,0,0,0,0,0,401224,0,466.42,473.81,479.48
249,0,99,99,100,77422,81787,83184,14095,15491,19857,591,591,591,0.96,0.98,0.98,0.29,0.31,0.35,0.35,0.38,0.40,0.00,0.00,0.00,0.15,0.16,0.17,0.00,0.00,0.00,0.13,0.14,0.16,218391,534739,843856,635956,1059470,1708678,0,0,0,0,0,0,0,424891,0,506.53,526.16,533.92
249,1,86,96,100,77443,83068,85385,11894,14210,19836,591,591,591,0.64,0.86,0.97,0.30,0.34,0.38,0.22,0.30,0.41,0.00,0.00,0.00,0.03,0.08,0.12,0.00,0.00,0.00,0.17,0.22,0.28,322335,542984,783588,663033,1166679,1569573,0,0,0,0,0,0,0,275973,0,487.03,501.12,528.80
249,2,94,98,100,77427,81888,83329,13950,15390,19852,591,591,591,0.96,0.97,0.98,0.29,0.31,0.34,0.35,0.38,0.40,0.00,0.00,0.00,0.15,0.16,0.17,0.00,0.00,0.00,0.12,0.13,0.15,327605,795837,1714132,448124,1317052,2233089,0,0,0,0,0,0,0,429968,0,500.89,524.40,533.76
249,3,64,92,100,77428,82449,86370,10909,14829,19851,591,591,591,0.81,0.95,0.98,0.31,0.34,0.44,0.29,0.37,0.39,0.00,0.00,0.00,0.02,0.13,0.16,0.00,0.00,0.00,0.13,0.17,0.29,291756,559937,1118992,822857,1150450,1417741,0,0,0,0,0,0,0,311397,0,495.58,510.55,520.08
250,0,87,93,100,83344,84459,85364,11915,12820,13935,591,591,591,0.62,0.85,0.96,0.27,0.36,0.51,0.25,0.30,0.34,0.00,0.00,0.00,0.03,0.07,0.11,0.00,0.00,0.00,0.17,0.23,0.33,314475,433737,744289,421920,1311696,2188076,0,0,0,0,0,0,0,305817,0,502.25,507.08,511.74
250,1,99,99,100,81365,82610,83205,14074,14624,15734,591,591,591,0.96,0.98,0.98,0.30,0.32,0.34,0.36,0.38,0.39,0.00,0.00,0.00,0.15,0.16,0.16,0.00,0.00,0.00,0.13,0.14,0.16,361665,514261,820093,532015,1295780,2481242,0,0,0,0,0,0,0,423113,0,487.54,509.63,523.08
250,2,44,86,100,84569,84898,85807,11452,12375,12710,591,591,591,0.57,0.82,0.96,0.27,0.34,0.46,0.22,0.30,0.38,0.00,0.00,0.00,0.04,0.07,0.11,0.00,0.00,0.00,0.16,0.22,0.30,330184,479551,854298,513371,1276408,1997940,0,0,0,0,0,0,0,286320,0,500.09,509.43,530.48
250,3,84,95,100,83330,84280,84650,12629,12999,13949,591,591,591,0.56,0.84,0.95,0.24,0.30,0.35,0.24,0.29,0.35,0.00,0.00,0.00,0.05,0.09,0.14,0.00,0.00,0.00,0.14,0.18,0.24,437641,997800,1239478,623705,1757769,2837960,0,0,0,0,0,0,0,430956,0,477.38,481.25,487.00
251,0,99,99,100,77422,81859,83324,13955,15419,19857,591,591,591,0.96,0.98,0.98,0.29,0.32,0.35,0.34,0.37,0.40,0.00,0.00,0.00,0.14,0.15,0.17,0.00,0.00,0.00,0.12,0.14,0.16,366892,490044,621021,639449,903569,1097923,0,0,0,0,0,0,0,427927,0,503.66,523.06,533.55
251,1,84,93,100,77441,83068,85385,11894,14210,19838,591,591,591,0.65,0.86,0.98,0.28,0.33,0.46,0.28,0.31,0.39,0.00,0.00,0.00,0.02,0.09,0.17,0.00,0.00,0.00,0.14,0.21,0.32,162426,500150,926011,432265,1056969,1349479,0,0,0,0,0,0,0,426421,0,483.43,499.62,529.21
251,2,99,99,100,82509,82977,83349,13930,14302,14770,591,591,591,0.95,0.97,0.98,0.29,0.32,0.34,0.30,0.36,0.39,0.00,0.00,0.00,0.13,0.15,0.16,0.00,0.00,0.00,0.13,0.14,0.15,332830,406736,618462,466474,832869,1475400,0,0,0,0,0,0,0,483769,0,504.60,522.34,538.60
251,3,99,99,100,77428,81489,83050,14229,15765,19851,591,591,591,0.97,0.98,0.98,0.28,0.33,0.36,0.37,0.39,0.40,0.00,0.00,0.00,0.12,0.15,0.17,0.00,0.00,0.00,0.12,0.15,0.19,317249,583854,888363,415261,1073541,1755763,0,0,0,0,0,0,0,416032,0,501.29,513.61,519.54
252,0,42,88,100,83324,84548,85644,11635,12731,13955,591,591,591,0.48,0.82,0.96,0.23,0.31,0.40,0.17,0.29,0.39,0.00,0.00,0.00,0.04,0.08,0.12,0.00,0.00,0.00,0.14,0.19,0.24,337190,848359,1771419,877902,1672789,3343685,0,0,0,0,0,0,0,404885,0,487.49,497.14,516.86
252,1,86,97,100,77441,81808,83205,14074,15470,19838,591,591,591,0.91,0.95,0.98,0.29,0.32,0.34,0.34,0.37,0.39,0.00,0.00,0.00,0.14,0.15,0.16,0.00,0.00,0.00,0.13,0.15,0.17,338067,496312,833153,474356,1325445,1713465,0,0,0,0,0,0,0,421340,0,477.67,506.18,522.29
252,2,68,93,100,77427,83072,85369,11910,14206,19852,591,591,591,0.60,0.87,0.98,0.27,0.34,0.51,0.24,0.32,0.41,0.00,0.00,0.00,0.03,0.09,0.17,0.00,0.00,0.00,0.12,0.20,0.33,332826,735647,1635059,694479,1624926,3228193,0,0,0,0,0,0,0,401591,0,507.18,517.84,533.06
252,3,49,88,100,83330,84238,85370,11909,13041,13949,591,591,591,0.64,0.84,0.98,0.30,0.33,0.36,0.21,0.30,0.37,0.00,0.00,0.00,0.03,0.09,0.15,0.00,0.00,0.00,0.15,0.20,0.24,209654,429243,859586,366894,1278825,1926207,0,0,0,0,0,0,0,398445,0,476.52,482.32,489.31
253,0,99,99,100,77422,81787,83184,14095,15491,19857,591,591,591,0.98,0.98,0.98,0.27,0.32,0.34,0.37,0.39,0.41,0.00,0.00,0.00,0.15,0.16,0.18,0.00,0.00,0.00,0.12,0.14,0.16,450766,534080,694513,571303,992166,1514717,0,0,0,0,0,0,0,428928,0,505.50,523.51,531.35
253,1,67,92,100,83205,84225,85385,11894,13054,14074,591,591,591,0.75,0.87,0.96,0.31,0.34,0.41,0.25,0.30,0.37,0.00,0.00,0.00,0.03,0.09,0.15,0.00,0.00,0.00,0.14,0.21,0.29,327588,412484,683995,385211,874233,1291893,0,0,0,0,0,0,0,402072,0,488.79,494.46,504.83
253,2,98,99,100,77427,81888,83329,13950,15390,19852,591,591,591,0.97,0.98,0.98,0.27,0.31,0.35,0.37,0.39,0.41,0.00,0.00,0.00,0.15,0.16,0.18,0.00,0.00,0.00,0.11,0.13,0.16,327581,376230,524100,427163,804413,1313520,0,0,0,0,0,0,0,432945,0,513.25,530.78,543.08
253,3,99,99,100,77428,82249,85370,11909,15029,19851,591,591,591,0.93,0.97,0.99,0.28,0.35,0.52,0.33,0.38,0.41,0.00,0.00,0.00,0.03,0.13,0.18,0.00,0.00,0.00,0.11,0.17,0.34,317147,538284,642062,649893,1017888,1360109,0,0,0,0,0,0,0,442435,0,503.06,511.22,517.96
254,0,74,94,100,83324,84232,85364,11915,13047,13955,591,591,591,0.61,0.87,0.96,0.26,0.35,0.52,0.25,0.30,0.35,0.00,0.00,0.00,0.03,0.08,0.14,0.00,0.00,0.00,0.14,0.21,0.34,445467,629974,911978,799221,1445499,2274683,0,0,0,0,0,0,0,414894,0,502.55,508.06,514.40
254,1,89,97,100,77441,82208,85385,11894,15042,19838,591,591,591,0.94,0.97,0.98,0.30,0.36,0.50,0.34,0.37,0.39,0.00,0.00,0.00,0.04,0.13,0.17,0.00,0.00,0.00,0.13,0.18,0.34,2619,368232,754734,479420,1182976,2193445,0,0,0,0,0,0,0,446464,0,501.29,518.05,533.53
254,2,79,95,100,77687,83108,85369,11910,14170,19592,591,591,591,0.55,0.84,0.96,0.28,0.34,0.44,0.19,0.29,0.42,0.00,0.00,0.00,0.03,0.08,0.10,0.00,0.00,0.00,0.15,0.21,0.27,332830,430295,754728,885757,1429781,2549873,0,0,0,0,0,0,0,444308,0,496.78,511.07,536.53
254,3,62,90,100,83050,83986,84650,12629,13281,14229,591,591,591,0.56,0.85,0.98,0.24,0.30,0.33,0.24,0.30,0.40,0.00,0.00,0.00,0.05,0.10,0.16,0.00,0.00,0.00,0.12,0.17,0.22,327538,579216,1310273,830636,1506569,2348003,0,0,0,0,0,0,0,405155,0,484.91,488.90,493.02
255,0,99,99,100,77422,82243,85364,11915,15035,19857,591,591,591,0.95,0.97,0.99,0.28,0.35,0.45,0.37,0.38,0.41,0.00,0.00,0.00,0.06,0.14,0.17,0.00,0.00,0.00,0.11,0.17,0.29,440188,679420,1313786,849084,1340484,1844797,0,0,0,0,0,0,0,406152,0,515.18,525.59,534.91
255,1,85,97,100,83065,83761,84585,12694,13518,14214,591,591,591,0.66,0.89,0.98,0.28,0.30,0.33,0.24,0.31,0.39,0.00,0.00,0.00,0.05,0.11,0.17,0.00,0.00,0.00,0.13,0.17,0.21,343311,740253,1665022,660396,1326413,2480935,0,0,0,0,0,0,0,311513,0,479.15,488.36,512.72
255,2,99,99,100,77427,81792,83189,14090,15486,19852,591,591,591,0.98,0.98,0.98,0.28,0.32,0.34,0.37,0.39,0.41,0.00,0.00,0.00,0.14,0.16,0.17,0.00,0.00,0.00,0.11,0.14,0.17,330149,779410,1740045,442901,1294163,2296367,0,0,0,0,0,0,0,428851,0,501.94,525.98,538.12
255,3,99,99,100,77428,81457,85370,11909,15797,19851,591,591,591,0.68,0.92,0.98,0.28,0.33,0.36,0.26,0.36,0.39,0.00,0.00,0.00,0.03,0.13,0.17,0.00,0.00,0.00,0.11,0.17,0.24,311486,418302,780991,422070,986375,1879371,0,0,0,0,0,0,0,312823,0,486.77,507.80,517.15
256,0,85,95,100,83324,83969,84644,12635,13310,13955,591,591,591,0.68,0.85,0.95,0.31,0.32,0.33,0.25,0.28,0.32,0.00,0.00,0.00,0.05,0.09,0.12,0.00,0.00,0.00,0.16,0.19,0.23,458607,660385,1121620,985350,1568407,2251103,0,0,0,0,0,0,0,310755,0,505.32,511.57,518.90
256,1,99,99,100,77441,81994,85385,11894,15255,19838,591,591,591,0.78,0.93,0.98,0.32,0.35,0.43,0.27,0.35,0.39,0.00,0.00,0.00,0.02,0.12,0.15,0.00,0.00,0.00,0.15,0.19,0.30,395723,545741,804555,1226265,1423651,1703456,0,0,0,0,0,0,0,403617,0,511.39,527.44,537.57
256,2,85,95,100,83349,84484,85369,11910,12795,13930,591,591,591,0.75,0.84,0.96,0.31,0.34,0.41,0.25,0.30,0.36,0.00,0.00,0.00,0.03,0.07,0.11,0.00,0.00,0.00,0.16,0.21,0.26,340593,489984,927719,719651,1209952,1561923,0,0,0,0,0,0,0,301862,0,504.83,516.85,535.50
256,3,92,97,100,83190,83920,84570,12709,13359,14089,591,591,591,0.87,0.92,0.98,0.30,0.32,0.37,0.23,0.32,0.40,0.00,0.00,0.00,0.06,0.11,0.15,0.00,0.00,0.00,0.15,0.18,0.25,372106,648492,772892,1178988,1344845,1740099,0,0,0,0,0,0,0,455958,0,478.93,482.64,486.20
257,0,99,99,100,77422,81599,83044,14235,15675,19857,591,591,591,0.95,0.98,0.98,0.28,0.32,0.34,0.37,0.39,0.41,0.00,0.00,0.00,0.14,0.16,0.17,0.00,0.00,0.00,0.11,0.14,0.17,448114,621051,1221223,560798,967413,1535075,0,0,0,0,0,0,0,468973,0,522.44,527.55,532.65
257,1,96,98,100,83065,83761,84585,12694,13518,14214,591,591,591,0.69,0.90,0.98,0.30,0.32,0.34,0.29,0.32,0.37,0.00,0.00,0.00,0.06,0.12,0.16,0.00,0.00,0.00,0.15,0.19,0.26,332829,872399,2221015,757380,1307741,2482037,0,0,0,0,0,0,0,465998,0,479.32,489.15,506.75
257,2,98,99,100,77427,81888,83329,13950,15390,19852,591,591,591,0.96,0.98,0.98,0.29,0.32,0.35,0.35,0.38,0.40,0.00,0.00,0.00,0.15,0.15,0.17,0.00,0.00,0.00,0.12,0.14,0.16,322249,717487,1776768,495327,986863,2196064,0,0,0,0,0,0,0,482639,0,500.76,523.55,534.32
257,3,99,99,100,77426,82229,85370,11909,15049,19853,591,591,591,0.94,0.97,0.98,0.28,0.35,0.49,0.37,0.38,0.40,0.00,0.00,0.00,0.04,0.14,0.17,0.00,0.00,0.00,0.12,0.17,0.31,317028,432860,820053,479472,755627,1011387,0,0,0,0,0,0,0,394905,0,507.06,515.77,521.82
258,0,58,90,100,83184,84060,84644,12635,13219,14095,591,591,591,0.69,0.86,0.98,0.29,0.33,0.35,0.26,0.32,0.37,0.00,0.00,0.00,0.03,0.09,0.15,0.00,0.00,0.00,0.12,0.21,0.36,0,788842,1894713,204356,1690949,3292258,0,0,0,0,0,0,0,416649,0,495.65,501.49,509.06
258,1,84,96,100,77441,82352,85385,11894,14926,19838,591,591,591,0.71,0.88,0.98,0.27,0.33,0.37,0.27,0.35,0.38,0.00,0.00,0.00,0.04,0.11,0.16,0.00,0.00,0.00,0.12,0.19,0.26,284765,537565,870024,1069182,1469625,2188227,0,0,0,0,0,0,0,378971,0,483.11,512.85,533.17
258,2,85,97,100,77687,83108,85369,11910,14166,19572,591,591,591,0.56,0.83,0.97,0.31,0.33,0.36,0.19,0.30,0.39,0.00,0.00,0.00,0.02,0.08,0.12,0.00,0.00,0.00,0.17,0.20,0.24,318729,496325,849049,992764,1507304,2819489,0,0,0,0,0,0,0,390697,0,495.14,510.76,539.34
258,3,85,96,100,83050,83790,84650,12629,13489,14229,591,591,591,0.62,0.87,0.98,0.29,0.31,0.33,0.24,0.31,0.39,0.00,0.00,0.00,0.05,0.10,0.16,0.00,0.00,0.00,0.14,0.18,0.22,149360,515582,988026,707497,1475280,2675605,0,0,0,0,0,0,0,456324,0,488.88,494.32,500.13
259,0,99,99,100,77422,82223,85364,11915,15055,19857,591,591,591,0.60,0.90,0.98,0.30,0.33,0.36,0.20,0.35,0.39,0.00,0.00,0.00,0.03,0.12,0.16,0.00,0.00,0.00,0.13,0.17,0.23,448129,722767,1147780,524127,1427701,3254665,0,0,0,0,0,0,0,402222,0,511.71,524.24,531.54
259,1,99,99,100,82805,83405,84585,12694,13874,14474,591,591,591,0.96,0.97,0.98,0.30,0.32,0.34,0.25,0.34,0.39,0.00,0.00,0.00,0.11,0.14,0.17,0.00,0.00,0.00,0.13,0.15,0.18,332797,449665,662877,390447,1034057,2293116,0,0,0,0,0,0,0,478171,0,480.24,496.31,525.75
259,2,98,99,100,77425,81840,83329,13950,15438,19854,591,591,591,0.96,0.98,0.98,0.29,0.31,0.33,0.35,0.38,0.41,0.00,0.00,0.00,0.15,0.16,0.17,0.00,0.00,0.00,0.11,0.14,0.15,218432,401420,742386,377923,1004141,2227295,0,0,0,0,0,0,0,430331,0,496.27,526.69,537.12
259,3,56,90,100,77426,82956,87066,10273,14334,19853,591,591,591,0.57,0.89,0.98,0.28,0.34,0.43,0.23,0.35,0.39,0.00,0.00,0.00,0.04,0.12,0.16,0.00,0.00,0.00,0.13,0.18,0.27,317093,614773,1090210,450745,1271583,2418210,0,0,0,0,0,0,0,386069,0,491.12,510.04,518.10
260,0,53,90,100,83044,83784,84644,12635,13495,14235,591,591,591,0.88,0.93,0.98,0.30,0.32,0.37,0.25,0.34,0.42,0.00,0.00,0.00,0.07,0.11,0.15,0.00,0.00,0.00,0.14,0.18,0.26,445505,587031,1024696,623707,1158866,1934081,0,0,0,0,0,0,0,468582,0,501.48,508.99,523.72
260,1,63,92,100,77441,82816,85385,11894,14410,19838,591,591,591,0.61,0.86,0.98,0.29,0.34,0.38,0.22,0.32,0.41,0.00,0.00,0.00,0.03,0.09,0.15,0.00,0.00,0.00,0.16,0.21,0.28,310461,594583,862142,704926,1285918,2345343,0,0,0,0,0,0,0,374927,0,482.33,508.56,533.91
260,2,86,96,100,83329,84777,86769,10510,12502,13950,591,591,591,0.56,0.84,0.96,0.26,0.34,0.48,0.22,0.30,0.38,0.00,0.00,0.00,0.04,0.08,0.13,0.00,0.00,0.00,0.15,0.20,0.30,343298,737423,1760982,497913,1425073,2041520,0,0,0,0,0,0,0,449520,0,509.56,514.46,528.91
260,3,99,99,100,83050,83742,84570,12709,13537,14229,591,591,591,0.79,0.92,0.98,0.28,0.31,0.34,0.25,0.33,0.41,0.00,0.00,0.00,0.06,0.12,0.17,0.00,0.00,0.00,0.11,0.16,0.24,306566,371785,440276,482232,1001006,1692968,0,0,0,0,0,0,0,412335,0,484.31,489.58,502.86
261,0,84,96,100,77420,82887,86864,10475,14403,19859,591,591,591,0.71,0.88,0.98,0.30,0.34,0.42,0.27,0.35,0.39,0.00,0.00,0.00,0.03,0.11,0.17,0.00,0.00,0.00,0.12,0.19,0.28,412317,714319,1374725,909271,1379129,2109654,0,0,0,0,0,0,0,400505,0,508.67,524.03,532.35
261,1,94,98,100,81545,82793,83345,13934,14486,15734,591,591,591,0.95,0.97,0.98,0.28,0.31,0.33,0.26,0.36,0.39,0.00,0.00,0.00,0.11,0.15,0.16,0.00,0.00,0.00,0.12,0.15,0.17,223632,566766,815056,707580,1149597,1852771,0,0,0,0,0,0,0,324671,0,478.24,507.96,535.13
261,2,99,99,100,77425,81728,83049,14230,15550,19854,591,591,591,0.97,0.98,0.98,0.30,0.33,0.36,0.37,0.38,0.39,0.00,0.00,0.00,0.12,0.15,0.17,0.00,0.00,0.00,0.12,0.15,0.19,246202,557106,969640,479569,1089090,1815965,0,0,0,0,0,0,0,431967,0,508.69,528.45,538.08
261,3,99,99,100,77426,82533,85370,11909,14745,19853,591,591,591,0.71,0.92,0.98,0.30,0.35,0.50,0.31,0.36,0.39,0.00,0.00,0.00,0.03,0.11,0.17,0.00,0.00,0.00,0.13,0.19,0.32,317162,499621,812393,482049,1080708,1965460,0,0,0,0,0,0,0,344463,0,487.42,506.39,516.82
262,0,86,96,100,83044,83874,84564,12715,13405,14235,591,591,591,0.89,0.95,0.98,0.30,0.32,0.34,0.25,0.32,0.38,0.00,0.00,0.00,0.08,0.12,0.16,0.00,0.00,0.00,0.13,0.16,0.21,345937,541820,754725,513664,1200271,1842396,0,0,0,0,0,0,0,318361,0,497.40,502.79,511.07
262,1,55,88,100,77441,82999,85385,11894,14280,19838,591,591,591,0.63,0.83,0.96,0.31,0.35,0.45,0.24,0.30,0.35,0.00,0.00,0.00,0.04,0.07,0.11,0.00,0.00,0.00,0.17,0.23,0.29,356405,533247,890803,670906,1327273,1844921,0,0,0,0,0,0,0,430842,0,486.14,506.51,536.95
262,2,85,94,100,83349,84464,85369,11910,12815,13930,591,591,591,0.63,0.83,0.95,0.30,0.32,0.36,0.23,0.28,0.41,0.00,0.00,0.00,0.03,0.08,0.11,0.00,0.00,0.00,0.16,0.20,0.26,330217,440452,724736,364287,1125600,1700132,0,0,0,0,0,0,0,312027,0,504.19,511.24,524.35
262,3,98,99,100,83050,83575,84570,12709,13704,14229,591,591,591,0.88,0.95,0.98,0.29,0.31,0.35,0.25,0.31,0.39,0.00,0.00,0.00,0.09,0.13,0.17,0.00,0.00,0.00,0.12,0.15,0.17,319724,486084,972212,416671,1139179,2350604,0,0,0,0,0,0,0,411318,0,486.24,489.12,496.27
263,0,99,99,100,77420,82223,85364,11915,15055,19859,591,591,591,0.62,0.90,0.98,0.29,0.33,0.37,0.22,0.35,0.40,0.00,0.00,0.00,0.03,0.12,0.17,0.00,0.00,0.00,0.12,0.17,0.23,324974,394134,589622,524119,1064984,2279735,0,0,0,0,0,0,0,458171,0,506.26,524.22,530.47
263,1,94,98,100,80186,82526,83366,13913,14753,17093,591,591,591,0.95,0.97,0.98,0.29,0.32,0.34,0.29,0.36,0.39,0.00,0.00,0.00,0.12,0.15,0.16,0.00,0.00,0.00,0.13,0.15,0.16,448135,909448,2193462,749512,1456003,2287805,0,0,0,0,0,0,0,431839,0,479.66,504.05,530.28
263,2,99,99,100,77426,81889,83330,13949,15389,19853,591,591,591,0.97,0.98,0.99,0.28,0.31,0.35,0.37,0.39,0.41,0.00,0.00,0.00,0.15,0.16,0.17,0.00,0.00,0.00,0.11,0.14,0.16,330189,710174,1774261,416668,1256265,3289066,0,0,0,0,0,0,0,487457,0,506.06,528.58,541.46
263,3,80,95,100,77426,82901,86910,10249,14353,19853,591,591,591,0.59,0.90,0.98,0.29,0.33,0.43,0.23,0.35,0.41,0.00,0.00,0.00,0.04,0.12,0.17,0.00,0.00,0.00,0.12,0.18,0.26,330106,444659,605395,471673,1080502,2030418,0,0,0,0,0,0,0,384718,0,494.25,509.12,515.47
264,0,96,98,100,83044,83740,84564,12715,13539,14235,591,591,591,0.89,0.93,0.98,0.31,0.32,0.37,0.25,0.34,0.41,0.00,0.00,0.00,0.07,0.12,0.16,0.00,0.00,0.00,0.13,0.17,0.25,218377,702846,1495709,370368,1307863,2431061,0,0,0,0,0,0,0,423512,0,496.50,503.29,517.26
264,1,85,97,100,77442,83069,85386,11893,14209,19837,591,591,591,0.57,0.85,0.97,0.31,0.34,0.38,0.19,0.30,0.41,0.00,0.00,0.00,0.02,0.08,0.13,0.00,0.00,0.00,0.15,0.21,0.28,490084,701437,1276310,813943,1438011,2948355,0,0,0,0,0,0,0,372413,0,485.93,504.90,537.23
264,2,69,93,100,83330,84858,87170,10109,12421,13949,591,591,591,0.68,0.87,0.96,0.30,0.35,0.43,0.23,0.30,0.40,0.00,0.00,0.00,0.04,0.08,0.11,0.00,0.00,0.00,0.15,0.21,0.26,324939,566549,943320,505752,1322847,2106933,0,0,0,0,0,0,0,406677,0,506.46,517.61,538.45
264,3,85,96,100,83050,83714,84570,12709,13565,14229,591,591,591,0.83,0.93,0.98,0.28,0.31,0.35,0.24,0.33,0.41,0.00,0.00,0.00,0.06,0.12,0.17,0.00,0.00,0.00,0.11,0.16,0.24,319784,472203,607969,490040,1120957,2132375,0,0,0,0,0,0,0,469031,0,480.76,487.97,503.92
265,0,99,99,100,77420,82543,85364,11915,14735,19859,591,591,591,0.71,0.90,0.99,0.28,0.35,0.39,0.24,0.36,0.41,0.00,0.00,0.00,0.03,0.11,0.17,0.00,0.00,0.00,0.11,0.20,0.26,338064,467501,854218,450744,1250003,1965519,0,0,0,0,0,0,0,407172,0,517.79,528.72,538.90
265,1,99,99,100,77442,81449,83206,14073,15829,19837,591,591,591,0.96,0.97,0.98,0.30,0.34,0.41,0.36,0.38,0.39,0.00,0.00,0.00,0.09,0.14,0.17,0.00,0.00,0.00,0.13,0.17,0.26,463862,535621,741653,555586,1275590,2277372,0,0,0,0,0,0,0,482888,0,483.15,521.86,541.45
265,2,99,99,100,77426,81765,83050,14229,15513,19853,591,591,591,0.97,0.98,0.98,0.29,0.32,0.36,0.37,0.39,0.41,0.00,0.00,0.00,0.12,0.15,0.17,0.00,0.00,0.00,0.12,0.15,0.19,210230,530007,919567,339081,1277258,2543875,0,0,0,0,0,0,0,433369,0,502.89,527.26,540.58
265,3,99,99,100,77426,82065,85370,11909,15213,19853,591,591,591,0.63,0.88,0.98,0.31,0.35,0.38,0.22,0.35,0.40,0.00,0.00,0.00,0.03,0.10,0.16,0.00,0.00,0.00,0.13,0.20,0.25,311867,742502,1844904,642060,1533202,3270513,0,0,0,0,0,0,0,381541,0,485.29,507.17,519.25
266,0,86,97,100,82904,83436,84564,12715,13843,14375,591,591,591,0.89,0.96,0.98,0.29,0.31,0.33,0.25,0.33,0.41,0.00,0.00,0.00,0.09,0.13,0.17,0.00,0.00,0.00,0.12,0.15,0.19,348517,519389,967009,542379,1014130,2138270,0,0,0,0,0,0,0,478097,0,502.75,510.53,521.47
266,1,84,93,100,83066,84142,85126,11953,13097,14213,591,591,591,0.63,0.86,0.98,0.30,0.32,0.36,0.22,0.30,0.38,0.00,0.00,0.00,0.04,0.10,0.15,0.00,0.00,0.00,0.15,0.19,0.26,453390,905743,1278908,634222,1444673,2482608,0,0,0,0,0,0,0,413008,0,489.21,500.16,518.60
266,2,56,90,100,83330,84238,85370,11909,13041,13949,591,591,591,0.67,0.86,0.96,0.31,0.33,0.37,0.22,0.30,0.37,0.00,0.00,0.00,0.03,0.09,0.14,0.00,0.00,0.00,0.15,0.20,0.24,332823,716986,1716412,521510,1252629,2119966,0,0,0,0,0,0,0,469386,0,503.37,508.62,518.10
266,3,85,96,100,82790,83390,84570,12709,13889,14489,591,591,591,0.88,0.95,0.98,0.28,0.31,0.34,0.25,0.33,0.41,0.00,0.00,0.00,0.09,0.14,0.17,0.00,0.00,0.00,0.11,0.15,0.17,317063,464065,791484,487387,957002,2140954,0,0,0,0,0,0,0,412300,0,480.85,491.80,505.81
267,0,76,92,100,77420,82822,84760,12499,14452,19859,591,591,591,0.55,0.85,0.98,0.24,0.32,0.43,0.24,0.34,0.39,0.00,0.00,0.00,0.05,0.10,0.17,0.00,0.00,0.00,0.12,0.18,0.27,239369,446517,683994,670758,1341933,2036258,0,0,0,0,0,0,0,387498,0,495.89,515.71,532.44
267,1,44,88,100,77862,81672,84666,12613,15582,19197,591,591,591,0.60,0.90,0.98,0.29,0.34,0.44,0.23,0.35,0.39,0.00,0.00,0.00,0.04,0.11,0.16,0.00,0.00,0.00,0.15,0.19,0.30,450462,513064,592314,576172,1354090,2280075,0,0,0,0,0,0,0,324114,0,507.37,524.07,541.10
267,2,95,99,100,77426,82633,87170,10109,14645,19853,591,591,591,0.95,0.97,0.99,0.28,0.34,0.41,0.35,0.38,0.41,0.00,0.00,0.00,0.09,0.14,0.18,0.00,0.00,0.00,0.11,0.16,0.24,332681,495262,980063,461229,1275985,2168978,0,0,0,0,0,0,0,428527,0,528.77,534.54,539.22
267,3,99,99,100,77426,82905,85370,11909,14373,19853,591,591,591,0.72,0.90,0.98,0.31,0.35,0.43,0.29,0.35,0.39,0.00,0.00,0.00,0.05,0.10,0.16,0.00,0.00,0.00,0.14,0.20,0.27,348505,615484,922487,461180,1430841,2290389,0,0,0,0,0,0,0,335281,0,487.22,507.97,518.88
268,0,100,100,100,82784,83384,84564,12715,13895,14495,591,591,591,0.95,0.97,0.98,0.31,0.32,0.35,0.25,0.34,0.39,0.00,0.00,0.00,0.11,0.14,0.16,0.00,0.00,0.00,0.13,0.15,0.17,332820,471691,932915,442886,736871,1082081,0,0,0,0,0,0,0,320138,0,493.32,508.79,531.41
268,1,93,98,100,83066,83758,84586,12693,13521,14213,591,591,591,0.80,0.93,0.98,0.30,0.32,0.33,0.25,0.33,0.40,0.00,0.00,0.00,0.07,0.12,0.17,0.00,0.00,0.00,0.13,0.17,0.23,453389,710664,1176571,605393,1068639,1624861,0,0,0,0,0,0,0,405096,0,483.24,494.82,515.70
268,2,59,91,100,83190,84062,84650,12629,13217,14089,591,591,591,0.64,0.87,0.99,0.28,0.31,0.33,0.25,0.31,0.40,0.00,0.00,0.00,0.05,0.10,0.17,0.00,0.00,0.00,0.11,0.17,0.22,316113,423070,686593,424551,811902,1362115,0,0,0,0,0,0,0,312670,0,512.24,514.28,517.31
268,3,99,99,100,82790,83086,83350,13929,14193,14489,591,591,591,0.95,0.97,0.98,0.29,0.32,0.35,0.25,0.35,0.40,0.00,0.00,0.00,0.11,0.15,0.17,0.00,0.00,0.00,0.12,0.14,0.17,330065,498957,799303,497717,808711,1174092,0,0,0,0,0,0,0,413886,0,486.79,502.61,519.48
269,0,62,92,100,77420,82899,85364,11915,14379,19859,591,591,591,0.70,0.87,0.98,0.28,0.34,0.39,0.23,0.34,0.41,0.00,0.00,0.00,0.03,0.09,0.17,0.00,0.00,0.00,0.12,0.20,0.25,348536,537196,1050917,458610,1640904,2240596,0,0,0,0,0,0,0,452302,0,503.30,519.52,536.86
269,1,73,94,100,77442,82565,85386,11893,14713,19837,591,591,591,0.48,0.84,0.98,0.26,0.33,0.41,0.16,0.33,0.39,0.00,0.00,0.00,0.02,0.10,0.16,0.00,0.00,0.00,0.14,0.20,0.26,458473,815030,1821394,642023,1884209,3954652,0,0,0,0,0,0,0,442323,0,488.54,516.62,539.21
269,2,99,99,100,77426,82229,85370,11909,15049,19853,591,591,591,0.86,0.96,0.98,0.29,0.35,0.47,0.32,0.37,0.41,0.00,0.00,0.00,0.03,0.13,0.17,0.00,0.00,0.00,0.12,0.18,0.31,332629,689254,1407668,463585,1655750,2762107,0,0,0,0,0,0,0,487253,0,521.46,533.36,541.00
269,3,37,84,100,77426,81920,85370,11909,15358,19853,591,591,591,0.44,0.82,0.98,0.24,0.33,0.41,0.15,0.31,0.39,0.00,0.00,0.00,0.02,0.08,0.16,0.00,0.00,0.00,0.14,0.20,0.25,338014,497973,689197,482211,1504783,2208883,0,0,0,0,0,0,0,366835,0,469.34,493.66,518.31
270,0,99,99,100,82784,83260,84104,13175,14019,14495,591,591,591,0.95,0.97,0.98,0.28,0.32,0.34,0.25,0.35,0.41,0.00,0.00,0.00,0.11,0.15,0.17,0.00,0.00,0.00,0.11,0.14,0.16,330208,447349,636782,413966,620272,856904,0,0,0,0,0,0,0,426738,0,500.34,515.71,529.63
270,1,85,96,100,82806,83434,84586,12693,13845,14473,591,591,591,0.88,0.95,0.98,0.29,0.32,0.34,0.24,0.33,0.40,0.00,0.00,0.00,0.09,0.13,0.17,0.00,0.00,0.00,0.13,0.16,0.18,513638,637896,1014125,626324,850200,1142529,0,0,0,0,0,0,0,419212,0,468.56,489.59,519.40
270,2,92,96,100,83050,83998,84650,12629,13281,14229,591,591,591,0.69,0.90,0.98,0.29,0.32,0.35,0.25,0.32,0.37,0.00,0.00,0.00,0.06,0.11,0.15,0.00,0.00,0.00,0.14,0.17,0.21,338071,539811,1040237,505774,853230,1435895,0,0,0,0,0,0,0,419688,0,511.35,518.37,533.59
270,3,99,99,100,82730,83074,83350,13929,14205,14549,591,591,591,0.95,0.97,0.98,0.29,0.32,0.33,0.25,0.35,0.41,0.00,0.00,0.00,0.11,0.15,0.17,0.00,0.00,0.00,0.12,0.14,0.16,186070,392572,749505,288278,660925,1001082,0,0,0,0,0,0,0,467573,0,468.49,494.94,519.54
271,0,77,95,100,77422,82795,85364,11915,14483,19857,591,591,591,0.62,0.87,0.98,0.29,0.34,0.42,0.22,0.33,0.41,0.00,0.00,0.00,0.03,0.09,0.17,0.00,0.00,0.00,0.13,0.20,0.26,340690,407228,613123,511007,1490602,2788410,0,0,0,0,0,0,0,392248,0,496.97,515.82,534.84
271,1,84,96,100,77442,84637,87666,9613,12641,19837,591,591,591,0.01,0.56,0.98,0.00,0.22,0.45,0.00,0.21,0.39,0.00,0.00,0.00,0.00,0.07,0.16,0.00,0.00,0.00,0.00,0.12,0.32,463806,1417372,2505614,1281577,2420070,3299758,0,0,0,0,0,0,0,302161,0,334.03,468.99,539.00
271,2,100,100,100,77426,82229,85370,11909,15049,19853,591,591,591,0.66,0.92,0.98,0.29,0.33,0.37,0.21,0.36,0.41,0.00,0.00,0.00,0.03,0.13,0.17,0.00,0.00,0.00,0.12,0.17,0.24,314382,376298,537174,458622,1386003,1996330,0,0,0,0,0,0,0,431226,0,520.62,533.79,541.78
271,3,87,95,100,77426,81804,85030,12249,15474,19853,591,591,591,0.65,0.86,0.98,0.27,0.34,0.43,0.21,0.33,0.41,0.00,0.00,0.00,0.04,0.09,0.17,0.00,0.00,0.00,0.12,0.20,0.26,338063,538760,775732,534612,1601587,2497319,0,0,0,0,0,0,0,383703,0,486.09,504.15,523.55
272,0,99,99,100,82904,83154,83344,13935,14125,14375,591,591,591,0.95,0.97,0.98,0.30,0.32,0.33,0.25,0.35,0.40,0.00,0.00,0.00,0.11,0.15,0.17,0.00,0.00,0.00,0.12,0.15,0.18,327560,501781,848849,382590,643282,982464,0,0,0,0,0,0,0,475804,0,492.37,503.64,515.63
272,1,100,100,100,87666,87666,87666,9613,9613,9613,591,591,591,0.01,0.01,0.01,0.00,0.00,0.00,0.00,0.00,0.00,0.00,0.00,0.00,0.00,0.00,0.00,0.00,0.00,0.00,0.00,0.00,0.00,469150,866018,1551316,568746,959789,1724546,0,0,0,0,0,0,0,57009,0,93.18,150.18,250.70
272,2,87,96,100,83330,83975,84650,12629,13304,13949,591,591,591,0.88,0.92,0.97,0.30,0.33,0.37,0.25,0.32,0.41,0.00,0.00,0.00,0.07,0.10,0.14,0.00,0.00,0.00,0.15,0.19,0.26,301372,595504,1291941,348544,828714,1483243,0,0,0,0,0,0,0,471534,0,505.70,511.44,517.36
272,3,98,99,100,82790,83130,83350,13929,14149,14489,591,591,591,0.95,0.97,0.98,0.31,0.32,0.35,0.25,0.35,0.39,0.00,0.00,0.00,0.11,0.15,0.16,0.00,0.00,0.00,0.13,0.15,0.17,322328,459909,841208,448123,632210,974858,0,0,0,0,0,0,0,312353,0,483.19,496.77,513.78
273,0,85,96,100,77422,83247,86882,10357,14023,19857,591,591,591,0.58,0.86,0.98,0.27,0.34,0.45,0.23,0.34,0.40,0.00,0.00,0.00,0.04,0.10,0.17,0.00,0.00,0.00,0.12,0.20,0.29,23585,468314,1011594,131029,1204584,2020716,0,0,0,0,0,0,0,396237,0,506.91,521.52,530.80
273,1,100,100,100,87666,87666,87666,9613,9613,9613,591,591,591,0.01,0.01,0.01,0.00,0.00,0.00,0.00,0.00,0.00,0.00,0.00,0.00,0.00,0.00,0.00,0.00,0.00,0.00,0.00,0.00,0.00,432428,540955,843938,490086,1092397,2007614,0,0,0,0,0,0,0,75816,0,93.68,93.90,94.03
273,2,99,99,100,77426,81648,83050,14229,15630,19853,591,591,591,0.96,0.98,0.98,0.28,0.33,0.40,0.37,0.39,0.41,0.00,0.00,0.00,0.10,0.15,0.17,0.00,0.00,0.00,0.11,0.15,0.23,324908,503639,935387,636785,1167144,1962910,0,0,0,0,0,0,0,411287,0,527.20,534.06,539.82
273,3,84,94,100,77426,82953,85510,11709,14313,19853,591,591,591,0.54,0.85,0.98,0.26,0.33,0.46,0.20,0.34,0.41,0.00,0.00,0.00,0.04,0.09,0.17,0.00,0.00,0.00,0.11,0.20,0.29,335456,609527,846504,414078,1336921,2596094,0,0,0,0,0,0,0,425983,0,474.66,500.19,518.17
274,0,98,99,100,82784,83380,84564,12715,13899,14495,591,591,591,0.95,0.97,0.98,0.29,0.31,0.33,0.25,0.34,0.40,0.00,0.00,0.00,0.11,0.14,0.17,0.00,0.00,0.00,0.12,0.14,0.17,336832,520681,880417,479581,806453,1170892,0,0,0,0,0,0,0,317639,0,497.69,508.57,524.05
274,1,100,100,100,87666,87666,87666,9613,9613,9613,591,591,591,0.01,0.01,0.01,0.00,0.00,0.00,0.00,0.00,0.00,0.00,0.00,0.00,0.00,0.00,0.00,0.00,0.00,0.00,0.00,0.00,0.00,429829,556684,857042,477008,791519,1307849,0,0,0,0,0,0,0,84632,0,93.12,93.31,93.53
274,2,85,93,100,83190,84062,84650,12629,13217,14089,591,591,591,0.65,0.86,0.95,0.29,0.32,0.36,0.24,0.30,0.41,0.00,0.00,0.00,0.03,0.09,0.16,0.00,0.00,0.00,0.12,0.19,0.25,327555,444106,822914,379548,800880,1375774,0,0,0,0,0,0,0,313448,0,509.10,513.33,522.87
274,3,98,99,100,82790,83358,84570,12709,13921,14489,591,591,591,0.95,0.97,0.98,0.28,0.31,0.34,0.25,0.34,0.39,0.00,0.00,0.00,0.11,0.14,0.17,0.00,0.00,0.00,0.12,0.14,0.17,332761,581258,872680,427087,874767,1255272,0,0,0,0,0,0,0,416505,0,475.55,491.90,519.98
275,0,77,94,100,77422,82883,85364,11915,14395,19857,591,591,591,0.66,0.88,0.98,0.30,0.34,0.37,0.23,0.33,0.41,0.00,0.00,0.00,0.04,0.09,0.15,0.00,0.00,0.00,0.16,0.20,0.26,324974,461225,600085,421942,1264862,2392480,0,0,0,0,0,0,0,452449,0,509.58,519.07,533.95
275,1,100,100,100,87666,87666,87666,9613,9613,9613,591,591,591,0.01,0.01,0.01,0.00,0.00,0.00,0.00,0.00,0.00,0.00,0.00,0.00,0.00,0.00,0.00,0.00,0.00,0.00,0.00,0.00,0.00,302280,781732,1866124,758322,1417030,2405894,0,0,0,0,0,0,0,74107,0,91.59,92.13,92.87
275,2,71,94,100,77426,82229,85370,11909,15049,19853,591,591,591,0.82,0.95,0.99,0.28,0.35,0.45,0.30,0.37,0.41,0.00,0.00,0.00,0.02,0.13,0.17,0.00,0.00,0.00,0.11,0.17,0.29,322340,629451,1315556,794023,1257709,1902577,0,0,0,0,0,0,0,477571,0,515.62,530.48,539.18
275,3,84,93,100,77426,82312,85370,11909,14966,19853,591,591,591,0.65,0.87,0.98,0.28,0.34,0.37,0.24,0.33,0.42,0.00,0.00,0.00,0.04,0.09,0.15,0.00,0.00,0.00,0.15,0.20,0.27,213123,370761,627956,440197,1100809,2058643,0,0,0,0,0,0,0,383492,0,483.86,499.40,519.24
276,0,99,99,100,82604,83020,83344,13935,14259,14675,591,591,591,0.95,0.98,0.98,0.29,0.31,0.35,0.26,0.36,0.40,0.00,0.00,0.00,0.12,0.15,0.17,0.00,0.00,0.00,0.11,0.14,0.16,323401,480834,678725,395544,634679,817605,0,0,0,0,0,0,0,422810,0,502.06,515.31,528.50
276,1,100,100,100,87666,87666,87666,9613,9613,9613,591,591,591,0.01,0.01,0.01,0.00,0.00,0.00,0.00,0.00,0.00,0.00,0.00,0.00,0.00,0.00,0.00,0.00,0.00,0.00,0.00,0.00,0.00,450803,615927,777182,550399,720938,903150,0,0,0,0,0,0,0,73718,0,91.08,91.26,91.48
276,2,94,98,100,83050,83790,84650,12629,13489,14229,591,591,591,0.68,0.89,0.98,0.29,0.32,0.35,0.25,0.32,0.37,0.00,0.00,0.00,0.06,0.11,0.15,0.00,0.00,0.00,0.14,0.17,0.21,330191,566054,828126,429772,826021,1480670,0,0,0,0,0,0,0,424353,0,506.64,515.71,526.54
276,3,99,99,100,82510,82978,83350,13929,14301,14769,591,591,591,0.94,0.97,0.98,0.29,0.31,0.33,0.24,0.36,0.40,0.00,0.00,0.00,0.10,0.15,0.17,0.00,0.00,0.00,0.12,0.14,0.18,322332,498969,786257,471690,717002,959136,0,0,0,0,0,0,0,467289,0,483.25,500.23,515.93
277,0,42,87,100,77422,83671,87164,10115,13607,19857,591,591,591,0.56,0.85,0.96,0.27,0.34,0.46,0.21,0.31,0.38,0.00,0.00,0.00,0.04,0.08,0.15,0.00,0.00,0.00,0.14,0.21,0.31,317085,581589,896242,839030,1467285,2114777,0,0,0,0,0,0,0,387961,0,493.46,508.17,527.63
277,1,100,100,100,87666,87666,87666,9613,9613,9613,591,591,591,0.01,0.01,0.01,0.00,0.00,0.00,0.00,0.00,0.00,0.00,0.00,0.00,0.00,0.00,0.00,0.00,0.00,0.00,0.00,0.00,0.00,432454,620636,846563,749578,1319902,2002396,0,0,0,0,0,0,0,73838,0,91.16,91.25,91.29
277,2,68,93,100,77426,81420,85370,11909,15858,19853,591,591,591,0.71,0.93,0.98,0.27,0.33,0.39,0.24,0.36,0.41,0.00,0.00,0.00,0.03,0.13,0.18,0.00,0.00,0.00,0.11,0.16,0.25,327583,554686,926815,636850,1350040,1918331,0,0,0,0,0,0,0,415383,0,520.87,528.63,533.68
277,3,55,90,100,77426,83073,85370,11909,14205,19853,591,591,591,0.61,0.86,0.97,0.29,0.34,0.45,0.24,0.31,0.38,0.00,0.00,0.00,0.04,0.08,0.14,0.00,0.00,0.00,0.16,0.21,0.28,345835,463811,641958,951147,1331181,2332256,0,0,0,0,0,0,0,379608,0,479.57,494.02,513.16
278,0,90,97,100,82504,82940,83324,13955,14339,14775,591,591,591,0.93,0.97,0.98,0.30,0.32,0.35,0.29,0.36,0.39,0.00,0.00,0.00,0.12,0.15,0.17,0.00,0.00,0.00,0.12,0.14,0.16,353761,604838,1053489,490068,743731,1153072,0,0,0,0,0,0,0,471204,0,489.07,505.89,520.20
278,1,100,100,100,87666,87666,87666,9613,9613,9613,591,591,591,0.01,0.01,0.01,0.00,0.00,0.00,0.00,0.00,0.00,0.00,0.00,0.00,0.00,0.00,0.00,0.00,0.00,0.00,0.00,0.00,0.00,411488,744342,1887086,453423,831355,2002408,0,0,0,0,0,0,0,82999,0,91.21,91.25,91.29
278,2,100,100,100,83050,83746,84570,12709,13533,14229,591,591,591,0.83,0.93,0.99,0.28,0.32,0.35,0.25,0.34,0.41,0.00,0.00,0.00,0.06,0.11,0.17,0.00,0.00,0.00,0.11,0.17,0.26,350505,655011,1491191,547708,871433,1540985,0,0,0,0,0,0,0,479937,0,509.62,516.65,529.31
278,3,99,99,100,79630,82370,83330,13949,14909,17649,591,591,591,0.91,0.96,0.98,0.30,0.31,0.32,0.29,0.36,0.39,0.00,0.00,0.00,0.12,0.15,0.16,0.00,0.00,0.00,0.13,0.14,0.15,220127,480095,1022003,324950,639954,1121583,0,0,0,0,0,0,0,408046,0,487.59,501.31,513.45
279,0,73,93,100,77422,85088,87644,9635,12190,19857,591,591,591,0.01,0.39,0.98,0.00,0.15,0.31,0.00,0.15,0.40,0.00,0.00,0.00,0.00,0.05,0.17,0.00,0.00,0.00,0.00,0.09,0.22,298770,473250,597568,691890,1151545,1567157,0,0,0,0,436,1746,0,150681,0,320.43,428.51,522.76
279,1,100,100,100,87666,87666,87666,9613,9613,9613,591,591,591,0.01,0.01,0.01,0.00,0.00,0.00,0.00,0.00,0.00,0.00,0.00,0.00,0.00,0.00,0.00,0.00,0.00,0.00,0.00,0.00,0.00,290049,413235,505853,634282,965812,1708827,0,0,0,0,0,0,0,55418,0,91.17,91.24,91.31
279,2,95,98,100,77426,82119,85650,11629,15160,19853,591,591,591,0.96,0.97,0.98,0.30,0.35,0.42,0.36,0.38,0.40,0.00,0.00,0.00,0.08,0.14,0.17,0.00,0.00,0.00,0.12,0.17,0.25,241091,394403,670893,689190,1049344,1873785,0,0,0,0,0,0,0,408951,0,512.39,529.26,540.01
279,3,100,100,100,77426,85094,87650,9629,12185,19853,591,591,591,0.01,0.35,0.96,0.00,0.16,0.41,0.00,0.13,0.37,0.00,0.00,0.00,0.00,0.03,0.10,0.00,0.00,0.00,0.00,0.10,0.23,312275,491891,638482,524161,1168854,1973953,0,635,2543,0,0,0,0,117525,0,293.50,414.81,511.43
280,0,100,100,100,87644,87644,87644,9635,9635,9635,591,591,591,0.01,0.01,0.01,0.00,0.00,0.00,0.00,0.00,0.00,0.00,0.00,0.00,0.00,0.00,0.00,0.00,0.00,0.00,0.00,0.00,0.00,304029,424365,782519,327561,539656,1222687,0,0,0,0,0,0,0,84279,0,139.67,165.64,244.15
280,1,100,100,100,87666,87666,87666,9613,9613,9613,591,591,591,0.01,0.01,0.01,0.00,0.00,0.00,0.00,0.00,0.00,0.00,0.00,0.00,0.00,0.00,0.00,0.00,0.00,0.00,0.00,0.00,0.00,414107,500594,760074,474395,670430,1108659,0,0,0,0,0,0,0,74013,0,91.25,91.31,91.37
280,2,55,91,100,83050,84034,84650,12629,13245,14229,591,591,591,0.60,0.86,0.98,0.27,0.30,0.33,0.24,0.30,0.40,0.00,0.00,0.00,0.05,0.10,0.17,0.00,0.00,0.00,0.12,0.17,0.22,324949,477986,822815,387849,798221,1561835,0,0,0,0,0,0,0,324254,0,501.50,510.12,522.90
280,3,100,100,100,87650,87650,87650,9629,9629,9629,591,591,591,0.01,0.01,0.01,0.00,0.00,0.00,0.00,0.00,0.00,0.00,0.00,0.00,0.00,0.00,0.00,0.00,0.00,0.00,0.00,0.00,0.00,322371,476484,985466,345958,669388,1161100,0,0,0,0,0,0,0,101719,0,126.67,148.60,221.22
281,0,91,98,100,87644,87707,87962,9315,9571,9635,591,591,591,0.01,0.01,0.01,0.00,0.00,0.00,0.00,0.00,0.00,0.00,0.00,0.00,0.00,0.00,0.00,0.00,0.00,0.00,0.00,0.00,0.00,301409,315557,330236,332860,530991,977558,0,2075150,10375752,0,2076198,10380994,0,126378,0,139.20,139.42,139.65
281,1,100,100,100,87666,87716,87920,9371,9564,9613,591,591,591,0.01,0.01,0.01,0.00,0.00,0.00,0.00,0.00,0.00,0.00,0.00,0.00,0.00,0.00,0.00,0.00,0.00,0.00,0.00,0.00,0.00,456045,718652,1273734,474391,931467,1918464,0,0,0,0,0,0,0,82550,0,91.03,91.22,91.34
281,2,99,99,100,77426,82701,87912,9365,14577,19853,591,591,591,0.86,0.96,0.98,0.29,0.35,0.47,0.32,0.37,0.41,0.00,0.00,0.00,0.03,0.13,0.17,0.00,0.00,0.00,0.12,0.17,0.30,342481,781178,1551242,400502,1057269,2271836,0,0,0,0,0,0,0,449202,0,506.39,532.75,543.63
281,3,100,100,100,87650,87715,87978,9321,9567,9629,591,591,591,0.01,0.01,0.01,0.00,0.00,0.00,0.00,0.00,0.00,0.00,0.00,0.00,0.00,0.00,0.00,0.00,0.00,0.00,0.00,0.00,0.00,301397,389469,626402,332858,515797,749589,0,0,0,0,0,0,0,101592,0,126.18,126.44,126.74
282,0,0,0,1,88612,88612,88612,8667,8667,8667,591,591,591,0.00,0.00,0.00,0.00,0.00,0.00,0.00,0.00,0.00,0.00,0.00,0.00,0.00,0.00,0.00,0.00,0.00,0.00,0.00,0.00,0.00,429835,666227,990669,442940,1253834,2476788,0,42459,212296,0,42459,212296,0,111359,0,139.23,139.50,139.66
282,1,0,3,16,88634,88634,88634,8645,8645,8645,591,591,591,0.00,0.00,0.00,0.00,0.00,0.00,0.00,0.00,0.00,0.00,0.00,0.00,0.00,0.00,0.00,0.00,0.00,0.00,0.00,0.00,0.00,403624,613825,1279017,448180,1194631,2222594,0,2117755,10588776,0,2116706,10583534,0,74006,0,90.89,90.92,90.98
282,2,0,3,19,88618,88618,88618,8661,8661,8661,591,591,591,0.00,0.00,0.00,0.00,0.00,0.00,0.00,0.00,0.00,0.00,0.00,0.00,0.00,0.00,0.00,0.00,0.00,0.00,0.00,0.00,0.00,290917,609624,1195149,327611,1255419,2364092,0,2118247,10591239,0,2119296,10596481,0,121306,0,151.38,281.97,430.68
282,3,0,0,0,88618,88618,88618,8661,8661,8661,591,591,591,0.00,0.00,0.00,0.00,0.00,0.00,0.00,0.00,0.00,0.00,0.00,0.00,0.00,0.00,0.00,0.00,0.00,0.00,0.00,0.00,0.00,304031,503740,1168925,314515,1171551,2571187,0,2118805,10594028,0,2117757,10588786,0,100326,0,125.45,126.01,126.42
283,0,0,0,0,88612,88612,88612,8667,8667,8667,591,591,591,0.00,0.00,0.00,0.00,0.00,0.00,0.00,0.00,0.00,0.00,0.00,0.00,0.00,0.00,0.00,0.00,0.00,0.00,0.00,0.00,0.00,197465,334089,553024,319758,382005,566129,0,0,0,0,0,0,0,82938,0,137.97,138.29,138.59
283,1,0,0,0,88634,88634,88634,8645,8645,8645,591,591,591,0.00,0.00,0.00,0.00,0.00,0.00,0.00,0.00,0.00,0.00,0.00,0.00,0.00,0.00,0.00,0.00,0.00,0.00,0.00,0.00,0.00,276074,450363,678787,286557,463395,691891,0,0,0,0,0,0,0,55230,0,90.84,90.93,91.09
283,2,0,0,0,88618,88618,88618,8661,8661,8661,591,591,591,0.00,0.00,0.00,0.00,0.00,0.00,0.00,0.00,0.00,0.00,0.00,0.00,0.00,0.00,0.00,0.00,0.00,0.00,0.00,0.00,0.00,298768,354476,500596,205817,335752,511080,0,0,0,0,0,0,0,119756,0,149.04,149.77,150.57
283,3,0,0,0,88618,88618,88618,8661,8661,8661,591,591,591,0.00,0.00,0.00,0.00,0.00,0.00,0.00,0.00,0.00,0.00,0.00,0.00,0.00,0.00,0.00,0.00,0.00,0.00,0.00,0.00,0.00,298785,354455,415858,311890,366453,424594,0,0,0,0,0,0,0,87475,0,124.59,124.76,124.94
284,0,0,0,0,97247,97247,97248,31,31,32,591,591,591,0.00,0.00,0.00,0.00,0.00,0.00,0.00,0.00,0.00,0.00,0.00,0.00,0.00,0.00,0.00,0.00,0.00,0.00,0.00,0.00,0.00,301392,1615009,3278737,207858,2210894,5944185,0,0,0,0,0,0,0,127903,0,138.90,139.98,141.05
284,1,0,0,2,97266,97267,97268,11,11,13,591,591,591,0.00,0.00,0.00,0.00,0.00,0.00,0.00,0.00,0.00,0.00,0.00,0.00,0.00,0.00,0.00,0.00,0.00,0.00,0.00,0.00,0.00,809874,2047964,3249882,828221,2930155,6148568,0,0,0,0,0,0,0,85755,0,91.44,92.91,94.42
284,2,0,0,0,97252,97253,97254,26,1753,8661,591,591,591,0.00,0.00,0.00,0.00,0.00,0.00,0.00,0.00,0.00,0.00,0.00,0.00,0.00,0.00,0.00,0.00,0.00,0.00,0.00,0.00,0.00,197096,1605446,3158048,581847,3057006,4523478,0,0,0,0,0,0,0,122527,0,149.97,150.99,152.08
284,3,0,0,2,88618,93798,97252,27,2185,8661,591,591,591,0.00,0.00,0.00,0.00,0.00,0.00,0.00,0.00,0.00,0.00,0.00,0.00,0.00,0.00,0.00,0.00,0.00,0.00,0.00,0.00,0.00,387580,1343946,3278820,403293,2108550,4025794,0,0,0,0,0,0,0,103312,0,125.73,127.03,128.29
