timestamp,gpuId,DCGM_FI_DEV_GPU_UTIL_min,DCGM_FI_DEV_GPU_UTIL_avg,DCGM_FI_DEV_GPU_UTIL_max,DCGM_FI_DEV_FB_FREE_min,DCGM_FI_DEV_FB_FREE_avg,DCGM_FI_DEV_FB_FREE_max,DCGM_FI_DEV_FB_USED_min,DCGM_FI_DEV_FB_USED_avg,DCGM_FI_DEV_FB_USED_max,DCGM_FI_DEV_FB_RESERVED_min,DCGM_FI_DEV_FB_RESERVED_avg,DCGM_FI_DEV_FB_RESERVED_max,DCGM_FI_PROF_SM_ACTIVE_min,DCGM_FI_PROF_SM_ACTIVE_avg,DCGM_FI_PROF_SM_ACTIVE_max,DCGM_FI_PROF_SM_OCCUPANCY_min,DCGM_FI_PROF_SM_OCCUPANCY_avg,DCGM_FI_PROF_SM_OCCUPANCY_max,DCGM_FI_PROF_PIPE_TENSOR_ACTIVE_min,DCGM_FI_PROF_PIPE_TENSOR_ACTIVE_avg,DCGM_FI_PROF_PIPE_TENSOR_ACTIVE_max,DCGM_FI_PROF_PIPE_FP64_ACTIVE_min,DCGM_FI_PROF_PIPE_FP64_ACTIVE_avg,DCGM_FI_PROF_PIPE_FP64_ACTIVE_max,DCGM_FI_PROF_PIPE_FP32_ACTIVE_min,DCGM_FI_PROF_PIPE_FP32_ACTIVE_avg,DCGM_FI_PROF_PIPE_FP32_ACTIVE_max,DCGM_FI_PROF_PIPE_FP16_ACTIVE_min,DCGM_FI_PROF_PIPE_FP16_ACTIVE_avg,DCGM_FI_PROF_PIPE_FP16_ACTIVE_max,DCGM_FI_PROF_DRAM_ACTIVE_min,DCGM_FI_PROF_DRAM_ACTIVE_avg,DCGM_FI_PROF_DRAM_ACTIVE_max,DCGM_FI_PROF_PCIE_TX_BYTES_min,DCGM_FI_PROF_PCIE_TX_BYTES_avg,DCGM_FI_PROF_PCIE_TX_BYTES_max,DCGM_FI_PROF_PCIE_RX_BYTES_min,DCGM_FI_PROF_PCIE_RX_BYTES_avg,DCGM_FI_PROF_PCIE_RX_BYTES_max,DCGM_FI_PROF_NVLINK_RX_BYTES_min,DCGM_FI_PROF_NVLINK_RX_BYTES_avg,DCGM_FI_PROF_NVLINK_RX_BYTES_max,DCGM_FI_PROF_NVLINK_TX_BYTES_min,DCGM_FI_PROF_NVLINK_TX_BYTES_avg,DCGM_FI_PROF_NVLINK_TX_BYTES_max,DCGM_FI_DEV_TOTAL_ENERGY_CONSUMPTION_min,DCGM_FI_DEV_TOTAL_ENERGY_CONSUMPTION_avg,DCGM_FI_DEV_TOTAL_ENERGY_CONSUMPTION_max,DCGM_FI_DEV_POWER_USAGE_min,DCGM_FI_DEV_POWER_USAGE_avg,DCGM_FI_DEV_POWER_USAGE_max
1,0,0,0,0,97257,97257,97257,22,22,22,591,591,591,0.00,0.00,0.00,0.00,0.00,0.00,0.00,0.00,0.00,0.00,0.00,0.00,0.00,0.00,0.00,0.00,0.00,0.00,0.00,0.00,0.00,322318,432853,518857,338041,454446,563406,0,0,0,0,0,0,0,76780,0,95.81,95.85,95.87
1,1,0,0,0,97254,97254,97254,25,25,25,591,591,591,0.00,0.00,0.00,0.00,0.00,0.00,0.00,0.00,0.00,0.00,0.00,0.00,0.00,0.00,0.00,0.00,0.00,0.00,0.00,0.00,0.00,324935,604703,1333816,345899,628795,1386225,0,0,0,0,0,0,0,76956,0,96.00,96.05,96.10
1,2,0,0,0,97251,97251,97251,28,28,28,591,591,591,0.00,0.00,0.00,0.00,0.00,0.00,0.00,0.00,0.00,0.00,0.00,0.00,0.00,0.00,0.00,0.00,0.00,0.00,0.00,0.00,0.00,340663,571034,1200213,356386,589424,1218557,0,0,0,0,0,0,0,90058,0,100.05,100.07,100.09
1,3,0,0,0,97255,97255,97255,24,24,24,591,591,591,0.00,0.00,0.00,0.00,0.00,0.00,0.00,0.00,0.00,0.00,0.00,0.00,0.00,0.00,0.00,0.00,0.00,0.00,0.00,0.00,0.00,421895,590154,1016892,440238,608153,1033517,0,0,0,0,0,0,0,93448,0,103.65,103.72,103.81
2,0,0,0,0,97257,97257,97257,22,22,22,591,591,591,0.00,0.00,0.00,0.00,0.00,0.00,0.00,0.00,0.00,0.00,0.00,0.00,0.00,0.00,0.00,0.00,0.00,0.00,0.00,0.00,0.00,327522,372099,495268,345863,390442,513612,0,0,0,0,0,0,0,76705,0,95.77,95.81,95.86
2,1,0,0,0,97254,97254,97254,25,25,25,591,591,591,0.00,0.00,0.00,0.00,0.00,0.00,0.00,0.00,0.00,0.00,0.00,0.00,0.00,0.00,0.00,0.00,0.00,0.00,0.00,0.00,0.00,311798,321786,327561,330139,339604,343284,0,0,0,0,0,0,0,86568,0,96.16,96.21,96.25
2,2,0,0,0,97251,97251,97251,28,28,28,591,591,591,0.00,0.00,0.00,0.00,0.00,0.00,0.00,0.00,0.00,0.00,0.00,0.00,0.00,0.00,0.00,0.00,0.00,0.00,0.00,0.00,0.00,327531,356379,398322,348493,374722,414045,0,0,0,0,0,0,0,59947,0,99.93,99.99,100.04
2,3,0,0,0,97255,97255,97255,24,24,24,591,591,591,0.00,0.00,0.00,0.00,0.00,0.00,0.00,0.00,0.00,0.00,0.00,0.00,0.00,0.00,0.00,0.00,0.00,0.00,0.00,0.00,0.00,411398,632585,1357428,429741,650928,1375771,0,0,0,0,0,0,0,62341,0,103.77,103.81,103.84
3,0,0,0,0,97257,97257,97257,22,22,22,591,591,591,0.00,0.00,0.00,0.00,0.00,0.00,0.00,0.00,0.00,0.00,0.00,0.00,0.00,0.00,0.00,0.00,0.00,0.00,0.00,0.00,0.00,327562,496752,1100153,345906,515339,1119711,0,0,0,0,0,0,0,67078,0,95.73,95.77,95.83
3,1,0,0,0,97254,97254,97254,25,25,25,591,591,591,0.00,0.00,0.00,0.00,0.00,0.00,0.00,0.00,0.00,0.00,0.00,0.00,0.00,0.00,0.00,0.00,0.00,0.00,0.00,0.00,0.00,83842,407040,917156,102182,425331,935499,0,0,0,0,0,0,0,57628,0,96.08,96.13,96.20
3,2,0,0,0,97251,97251,97251,28,28,28,591,591,591,0.00,0.00,0.00,0.00,0.00,0.00,0.00,0.00,0.00,0.00,0.00,0.00,0.00,0.00,0.00,0.00,0.00,0.00,0.00,0.00,0.00,314397,340410,385211,332736,358710,403554,0,0,0,0,0,0,0,79894,0,99.80,99.84,99.90
3,3,0,0,0,97255,97255,97255,24,24,24,591,591,591,0.00,0.00,0.00,0.00,0.00,0.00,0.00,0.00,0.00,0.00,0.00,0.00,0.00,0.00,0.00,0.00,0.00,0.00,0.00,0.00,0.00,424504,526041,814992,442847,543854,835956,0,0,0,0,0,0,0,82950,0,103.64,103.70,103.77
4,0,0,0,0,97257,97257,97257,22,22,22,591,591,591,0.00,0.00,0.00,0.00,0.00,0.00,0.00,0.00,0.00,0.00,0.00,0.00,0.00,0.00,0.00,0.00,0.00,0.00,0.00,0.00,0.00,299346,342670,408794,314964,361008,427137,0,0,0,0,0,0,0,76939,0,95.89,96.01,96.14
4,1,0,0,0,97254,97254,97254,25,25,25,591,591,591,0.00,0.00,0.00,0.00,0.00,0.00,0.00,0.00,0.00,0.00,0.00,0.00,0.00,0.00,0.00,0.00,0.00,0.00,0.00,0.00,0.00,324905,387820,492648,343246,406163,510991,0,0,0,0,0,0,0,77325,0,96.05,96.28,96.50
4,2,0,0,0,97251,97251,97251,28,28,28,591,591,591,0.00,0.00,0.00,0.00,0.00,0.00,0.00,0.00,0.00,0.00,0.00,0.00,0.00,0.00,0.00,0.00,0.00,0.00,0.00,0.00,0.00,327525,359522,411419,345867,377865,432383,0,0,0,0,0,0,0,80191,0,99.90,100.12,100.24
4,3,0,0,0,97255,97255,97255,24,24,24,591,591,591,0.00,0.00,0.00,0.00,0.00,0.00,0.00,0.00,0.00,0.00,0.00,0.00,0.00,0.00,0.00,0.00,0.00,0.00,0.00,0.00,0.00,416615,507838,715375,434956,526705,736339,0,0,0,0,0,0,0,83890,0,103.74,104.30,104.67
5,0,0,0,0,97257,97257,97257,22,22,22,591,591,591,0.00,0.00,0.00,0.00,0.00,0.00,0.00,0.00,0.00,0.00,0.00,0.00,0.00,0.00,0.00,0.00,0.00,0.00,0.00,0.00,0.00,319951,410603,595779,338309,428940,611457,0,0,0,0,0,0,0,76818,0,95.92,96.02,96.14
5,1,0,0,0,97254,97254,97254,25,25,25,591,591,591,0.00,0.00,0.00,0.00,0.00,0.00,0.00,0.00,0.00,0.00,0.00,0.00,0.00,0.00,0.00,0.00,0.00,0.00,0.00,0.00,0.00,317079,333322,364234,332801,351141,382577,0,0,0,0,0,0,0,76877,0,96.11,96.33,96.55
5,2,0,0,0,97251,97251,97251,28,28,28,591,591,591,0.00,0.00,0.00,0.00,0.00,0.00,0.00,0.00,0.00,0.00,0.00,0.00,0.00,0.00,0.00,0.00,0.00,0.00,0.00,0.00,0.00,243702,469587,1011489,264666,487930,1027212,0,0,0,0,0,0,0,80134,0,100.07,100.16,100.27
5,3,0,0,0,97255,97255,97255,24,24,24,591,591,591,0.00,0.00,0.00,0.00,0.00,0.00,0.00,0.00,0.00,0.00,0.00,0.00,0.00,0.00,0.00,0.00,0.00,0.00,0.00,0.00,0.00,15722,522525,1344308,34064,540344,1362652,0,0,0,0,0,0,0,93388,0,103.72,104.13,104.67
6,0,0,0,0,97257,97257,97257,22,22,22,591,591,591,0.00,0.00,0.00,0.00,0.00,0.00,0.00,0.00,0.00,0.00,0.00,0.00,0.00,0.00,0.00,0.00,0.00,0.00,0.00,0.00,0.00,319697,341184,387825,335420,359003,406168,0,0,0,0,0,0,0,76654,0,95.79,95.82,95.86
6,1,0,0,0,97254,97254,97254,25,25,25,591,591,591,0.00,0.00,0.00,0.00,0.00,0.00,0.00,0.00,0.00,0.00,0.00,0.00,0.00,0.00,0.00,0.00,0.00,0.00,0.00,0.00,0.00,319697,462886,1015527,340661,480932,1030914,0,0,0,0,0,0,0,86430,0,95.93,95.98,96.05
6,2,0,0,0,97251,97251,97251,28,28,28,591,591,591,0.00,0.00,0.00,0.00,0.00,0.00,0.00,0.00,0.00,0.00,0.00,0.00,0.00,0.00,0.00,0.00,0.00,0.00,0.00,0.00,0.00,322303,351574,403548,339825,369772,421891,0,0,0,0,0,0,0,80207,0,100.05,100.10,100.19
6,3,0,0,0,97255,97255,97255,24,24,24,591,591,591,0.00,0.00,0.00,0.00,0.00,0.00,0.00,0.00,0.00,0.00,0.00,0.00,0.00,0.00,0.00,0.00,0.00,0.00,0.00,0.00,0.00,419834,475889,531957,437754,494005,552921,0,0,0,0,0,0,0,83021,0,103.64,103.69,103.70
7,0,0,0,0,97257,97257,97257,22,22,22,591,591,591,0.00,0.00,0.00,0.00,0.00,0.00,0.00,0.00,0.00,0.00,0.00,0.00,0.00,0.00,0.00,0.00,0.00,0.00,0.00,0.00,0.00,5240,431700,1013817,20963,450003,1034560,0,0,0,0,0,0,0,76526,0,95.72,95.77,95.88
7,1,0,0,0,97254,97254,97254,25,25,25,591,591,591,0.00,0.00,0.00,0.00,0.00,0.00,0.00,0.00,0.00,0.00,0.00,0.00,0.00,0.00,0.00,0.00,0.00,0.00,0.00,0.00,0.00,324040,443718,898825,345464,462153,914548,0,0,0,0,0,0,0,77058,0,96.02,96.11,96.22
7,2,0,0,0,97251,97251,97251,28,28,28,591,591,591,0.00,0.00,0.00,0.00,0.00,0.00,0.00,0.00,0.00,0.00,0.00,0.00,0.00,0.00,0.00,0.00,0.00,0.00,0.00,0.00,0.00,327563,350431,376434,345866,368884,397945,0,0,0,0,0,0,0,80187,0,100.16,100.23,100.30
7,3,0,0,0,97255,97255,97255,24,24,24,591,591,591,0.00,0.00,0.00,0.00,0.00,0.00,0.00,0.00,0.00,0.00,0.00,0.00,0.00,0.00,0.00,0.00,0.00,0.00,0.00,0.00,0.00,419276,550141,822026,437620,568640,841143,0,0,0,0,0,0,0,83041,0,103.79,103.84,103.88
8,0,0,0,0,97257,97257,97257,22,22,22,591,591,591,0.00,0.00,0.00,0.00,0.00,0.00,0.00,0.00,0.00,0.00,0.00,0.00,0.00,0.00,0.00,0.00,0.00,0.00,0.00,0.00,0.00,330161,448094,796619,345882,466960,817582,0,0,0,0,0,0,0,76520,0,95.60,95.64,95.67
8,1,0,0,0,97254,97254,97254,25,25,25,591,591,591,0.00,0.00,0.00,0.00,0.00,0.00,0.00,0.00,0.00,0.00,0.00,0.00,0.00,0.00,0.00,0.00,0.00,0.00,0.00,0.00,0.00,322319,364244,476922,343283,383111,495265,0,0,0,0,0,0,0,77005,0,96.13,96.20,96.25
8,2,0,0,0,97251,97251,97251,28,28,28,591,591,591,0.00,0.00,0.00,0.00,0.00,0.00,0.00,0.00,0.00,0.00,0.00,0.00,0.00,0.00,0.00,0.00,0.00,0.00,0.00,0.00,0.00,330180,537725,1281414,348523,556068,1299758,0,0,0,0,0,0,0,89990,0,99.98,100.05,100.14
8,3,0,0,0,97255,97255,97255,24,24,24,591,591,591,0.00,0.00,0.00,0.00,0.00,0.00,0.00,0.00,0.00,0.00,0.00,0.00,0.00,0.00,0.00,0.00,0.00,0.00,0.00,0.00,0.00,411405,454914,537209,432368,473781,555553,0,0,0,0,0,0,0,72521,0,103.54,103.60,103.70
9,0,0,0,0,97257,97257,97257,22,22,22,591,591,591,0.00,0.00,0.00,0.00,0.00,0.00,0.00,0.00,0.00,0.00,0.00,0.00,0.00,0.00,0.00,0.00,0.00,0.00,0.00,0.00,0.00,322281,366200,490021,343243,385198,508364,0,0,0,0,0,0,0,76605,0,95.72,95.81,95.89
9,1,0,0,0,97254,97254,97254,25,25,25,591,591,591,0.00,0.00,0.00,0.00,0.00,0.00,0.00,0.00,0.00,0.00,0.00,0.00,0.00,0.00,0.00,0.00,0.00,0.00,0.00,0.00,0.00,351139,446557,604404,369482,464900,620125,0,0,0,0,0,0,0,67260,0,96.05,96.13,96.19
9,2,0,0,0,97251,97251,97251,28,28,28,591,591,591,0.00,0.00,0.00,0.00,0.00,0.00,0.00,0.00,0.00,0.00,0.00,0.00,0.00,0.00,0.00,0.00,0.00,0.00,0.00,0.00,0.00,330193,409452,534566,348537,429105,558150,0,0,0,0,0,0,0,60100,0,100.03,100.08,100.12
9,3,0,0,0,97255,97255,97255,24,24,24,591,591,591,0.00,0.00,0.00,0.00,0.00,0.00,0.00,0.00,0.00,0.00,0.00,0.00,0.00,0.00,0.00,0.00,0.00,0.00,0.00,0.00,0.00,408758,687853,1451709,429720,706196,1467432,0,0,0,0,0,0,0,83001,0,103.53,103.62,103.69
10,0,0,0,0,97257,97257,97257,22,22,22,591,591,591,0.00,0.00,0.00,0.00,0.00,0.00,0.00,0.00,0.00,0.00,0.00,0.00,0.00,0.00,0.00,0.00,0.00,0.00,0.00,0.00,0.00,2620,318997,431498,18343,336117,443727,0,0,0,0,0,0,0,67182,0,95.72,95.82,95.94
10,1,0,0,0,97254,97254,97254,25,25,25,591,591,591,0.00,0.00,0.00,0.00,0.00,0.00,0.00,0.00,0.00,0.00,0.00,0.00,0.00,0.00,0.00,0.00,0.00,0.00,0.00,0.00,0.00,31445,426017,999801,47168,444305,1020469,0,0,0,0,0,0,0,76864,0,95.98,96.01,96.04
10,2,0,0,0,97251,97251,97251,28,28,28,591,591,591,0.00,0.00,0.00,0.00,0.00,0.00,0.00,0.00,0.00,0.00,0.00,0.00,0.00,0.00,0.00,0.00,0.00,0.00,0.00,0.00,0.00,215464,321807,366248,229254,338719,384176,0,0,0,0,0,0,0,80511,0,100.08,100.19,100.37
10,3,0,0,0,97255,97255,97255,24,24,24,591,591,591,0.00,0.00,0.00,0.00,0.00,0.00,0.00,0.00,0.00,0.00,0.00,0.00,0.00,0.00,0.00,0.00,0.00,0.00,0.00,0.00,0.00,429578,583226,775390,447913,601970,793128,0,0,0,0,0,0,0,83198,0,103.64,103.67,103.72
11,0,0,0,0,97257,97257,97257,22,22,22,591,591,591,0.00,0.00,0.00,0.00,0.00,0.00,0.00,0.00,0.00,0.00,0.00,0.00,0.00,0.00,0.00,0.00,0.00,0.00,0.00,0.00,0.00,306164,481970,1126817,324173,500249,1145161,0,0,0,0,0,0,0,76824,0,95.96,95.99,96.03
11,1,0,0,0,97254,97254,97254,25,25,25,591,591,591,0.00,0.00,0.00,0.00,0.00,0.00,0.00,0.00,0.00,0.00,0.00,0.00,0.00,0.00,0.00,0.00,0.00,0.00,0.00,0.00,0.00,327560,402505,586991,343283,420848,607955,0,0,0,0,0,0,0,76938,0,96.03,96.06,96.08
11,2,0,0,0,97251,97251,97251,28,28,28,591,591,591,0.00,0.00,0.00,0.00,0.00,0.00,0.00,0.00,0.00,0.00,0.00,0.00,0.00,0.00,0.00,0.00,0.00,0.00,0.00,0.00,0.00,322311,344855,398295,340654,363199,419258,0,0,0,0,0,0,0,90483,0,100.51,100.60,100.70
11,3,0,0,0,97255,97255,97255,24,24,24,591,591,591,0.00,0.00,0.00,0.00,0.00,0.00,0.00,0.00,0.00,0.00,0.00,0.00,0.00,0.00,0.00,0.00,0.00,0.00,0.00,0.00,0.00,433255,454042,497890,447231,471512,513613,0,0,0,0,0,0,0,83975,0,104.13,104.52,104.80
12,0,0,0,0,97257,97257,97257,22,22,22,591,591,591,0.00,0.00,0.00,0.00,0.00,0.00,0.00,0.00,0.00,0.00,0.00,0.00,0.00,0.00,0.00,0.00,0.00,0.00,0.00,0.00,0.00,322319,430266,592149,340663,448609,610490,0,0,0,0,0,0,0,76845,0,95.75,95.84,95.94
12,1,0,0,0,97254,97254,97254,25,25,25,591,591,591,0.00,0.00,0.00,0.00,0.00,0.00,0.00,0.00,0.00,0.00,0.00,0.00,0.00,0.00,0.00,0.00,0.00,0.00,0.00,0.00,0.00,322319,380486,487408,343282,398304,503131,0,0,0,0,0,0,0,76886,0,96.05,96.09,96.12
12,2,0,0,0,97251,97251,97251,28,28,28,591,591,591,0.00,0.00,0.00,0.00,0.00,0.00,0.00,0.00,0.00,0.00,0.00,0.00,0.00,0.00,0.00,0.00,0.00,0.00,0.00,0.00,0.00,327534,534573,1352184,348496,553440,1370528,0,0,0,0,0,0,0,79999,0,99.95,100.15,100.42
12,3,0,0,0,97255,97255,97255,24,24,24,591,591,591,0.00,0.00,0.00,0.00,0.00,0.00,0.00,0.00,0.00,0.00,0.00,0.00,0.00,0.00,0.00,0.00,0.00,0.00,0.00,0.00,0.00,469068,712770,1517264,490032,731113,1535608,0,0,0,0,0,0,0,83114,0,103.83,104.14,104.50
13,0,0,0,0,97257,97257,97257,22,22,22,591,591,591,0.00,0.00,0.00,0.00,0.00,0.00,0.00,0.00,0.00,0.00,0.00,0.00,0.00,0.00,0.00,0.00,0.00,0.00,0.00,0.00,0.00,322313,351666,393070,340657,370009,408793,0,0,0,0,0,0,0,76580,0,95.80,95.97,96.05
13,1,0,0,0,97254,97254,97254,25,25,25,591,591,591,0.00,0.00,0.00,0.00,0.00,0.00,0.00,0.00,0.00,0.00,0.00,0.00,0.00,0.00,0.00,0.00,0.00,0.00,0.00,0.00,0.00,314205,477399,1032464,328017,494837,1048187,0,0,0,0,0,0,0,86455,0,96.08,96.09,96.11
13,2,0,0,0,97251,97251,97251,28,28,28,591,591,591,0.00,0.00,0.00,0.00,0.00,0.00,0.00,0.00,0.00,0.00,0.00,0.00,0.00,0.00,0.00,0.00,0.00,0.00,0.00,0.00,0.00,330190,355338,379954,348534,373157,398297,0,0,0,0,0,0,0,80050,0,99.95,99.99,100.05
13,3,0,0,0,97255,97255,97255,24,24,24,591,591,591,0.00,0.00,0.00,0.00,0.00,0.00,0.00,0.00,0.00,0.00,0.00,0.00,0.00,0.00,0.00,0.00,0.00,0.00,0.00,0.00,0.00,417695,524304,794008,438322,542581,812352,0,0,0,0,0,0,0,83025,0,103.65,103.69,103.79
14,0,0,0,0,97257,97257,97257,22,22,22,591,591,591,0.00,0.00,0.00,0.00,0.00,0.00,0.00,0.00,0.00,0.00,0.00,0.00,0.00,0.00,0.00,0.00,0.00,0.00,0.00,0.00,0.00,324937,427265,674331,343280,444845,686560,0,0,0,0,0,0,0,76527,0,95.74,95.84,95.89
14,1,0,0,0,97254,97254,97254,25,25,25,591,591,591,0.00,0.00,0.00,0.00,0.00,0.00,0.00,0.00,0.00,0.00,0.00,0.00,0.00,0.00,0.00,0.00,0.00,0.00,0.00,0.00,0.00,318599,406560,594777,337340,424392,610498,0,0,0,0,0,0,0,76832,0,95.97,96.04,96.09
14,2,0,0,0,97251,97251,97251,28,28,28,591,591,591,0.00,0.00,0.00,0.00,0.00,0.00,0.00,0.00,0.00,0.00,0.00,0.00,0.00,0.00,0.00,0.00,0.00,0.00,0.00,0.00,0.00,207851,339940,427141,221824,357348,442864,0,0,0,0,0,0,0,79976,0,100.05,100.17,100.25
14,3,0,0,0,97255,97255,97255,24,24,24,591,591,591,0.00,0.00,0.00,0.00,0.00,0.00,0.00,0.00,0.00,0.00,0.00,0.00,0.00,0.00,0.00,0.00,0.00,0.00,0.00,0.00,0.00,330180,479516,676076,342409,496112,694420,0,0,0,0,0,0,0,83218,0,103.92,104.11,104.25
15,0,0,0,0,97257,97257,97257,22,22,22,591,591,591,0.00,0.00,0.00,0.00,0.00,0.00,0.00,0.00,0.00,0.00,0.00,0.00,0.00,0.00,0.00,0.00,0.00,0.00,0.00,0.00,0.00,315940,399309,605331,337359,417153,623675,0,0,0,0,0,0,0,76699,0,95.68,95.77,95.83
15,1,0,0,0,97254,97254,97254,25,25,25,591,591,591,0.00,0.00,0.00,0.00,0.00,0.00,0.00,0.00,0.00,0.00,0.00,0.00,0.00,0.00,0.00,0.00,0.00,0.00,0.00,0.00,0.00,324935,359527,487403,340657,377870,508366,0,0,0,0,0,0,0,76958,0,96.00,96.05,96.15
15,2,0,0,0,97251,97251,97251,28,28,28,591,591,591,0.00,0.00,0.00,0.00,0.00,0.00,0.00,0.00,0.00,0.00,0.00,0.00,0.00,0.00,0.00,0.00,0.00,0.00,0.00,0.00,0.00,327553,533532,1200192,348517,551351,1218535,0,0,0,0,0,0,0,90200,0,99.95,100.04,100.22
15,3,0,0,0,97255,97255,97255,24,24,24,591,591,591,0.00,0.00,0.00,0.00,0.00,0.00,0.00,0.00,0.00,0.00,0.00,0.00,0.00,0.00,0.00,0.00,0.00,0.00,0.00,0.00,0.00,427140,645686,1388854,445484,664554,1407198,0,0,0,0,0,0,0,73174,0,103.83,104.00,104.31
16,0,0,0,0,97257,97257,97257,22,22,22,591,591,591,0.00,0.00,0.00,0.00,0.00,0.00,0.00,0.00,0.00,0.00,0.00,0.00,0.00,0.00,0.00,0.00,0.00,0.00,0.00,0.00,0.00,322315,374866,479544,340658,393168,497887,0,0,0,0,0,0,0,38398,0,95.77,95.77,95.77
16,1,0,0,0,97254,97254,97254,25,25,25,591,591,591,0.00,0.00,0.00,0.00,0.00,0.00,0.00,0.00,0.00,0.00,0.00,0.00,0.00,0.00,0.00,0.00,0.00,0.00,0.00,0.00,0.00,330176,361619,395691,345899,379962,414034,0,0,0,0,0,0,0,38453,0,96.18,96.19,96.20
16,2,0,0,0,97251,97251,97251,28,28,28,591,591,591,0.00,0.00,0.00,0.00,0.00,0.00,0.00,0.00,0.00,0.00,0.00,0.00,0.00,0.00,0.00,0.00,0.00,0.00,0.00,0.00,0.00,327556,351145,398317,345899,369489,416661,0,0,0,0,0,0,0,40024,0,100.18,100.20,100.21
16,3,0,0,0,97255,97255,97255,24,24,24,591,591,591,0.00,0.00,0.00,0.00,0.00,0.00,0.00,0.00,0.00,0.00,0.00,0.00,0.00,0.00,0.00,0.00,0.00,0.00,0.00,0.00,0.00,432384,468193,516230,450727,485663,534573,0,0,0,0,0,0,0,62821,0,104.51,104.58,104.64
18,0,0,0,0,97255,97256,97257,22,23,24,591,591,591,0.00,0.00,0.00,0.00,0.00,0.00,0.00,0.00,0.00,0.00,0.00,0.00,0.00,0.00,0.00,0.00,0.00,0.00,0.00,0.00,0.00,2518297,2861606,3204915,2593005,2917959,3242913,0,0,0,0,0,0,0,143651,0,95.82,95.82,95.82
18,1,0,0,0,97254,97254,97254,25,26,28,591,591,591,0.00,0.00,0.00,0.00,0.00,0.00,0.00,0.00,0.00,0.00,0.00,0.00,0.00,0.00,0.00,0.00,0.00,0.00,0.00,0.00,0.00,431252,1972054,3512857,477734,2033286,3588839,0,0,0,0,0,0,0,19260,0,96.25,96.26,96.29
18,2,0,0,0,97250,97250,97250,29,29,29,591,591,591,0.00,0.00,0.00,0.00,0.00,0.00,0.00,0.00,0.00,0.00,0.00,0.00,0.00,0.00,0.00,0.00,0.00,0.00,0.00,0.00,0.00,2119903,2734116,3348330,2182792,2802240,3421689,0,0,0,0,0,0,0,20081,0,99.97,100.00,100.03
18,3,0,0,0,97255,97255,97255,24,24,24,591,591,591,0.00,0.00,0.00,0.00,0.00,0.00,0.00,0.00,0.00,0.00,0.00,0.00,0.00,0.00,0.00,0.00,0.00,0.00,0.00,0.00,0.00,1053440,2772926,4492412,1145158,2856391,4567625,0,0,0,0,0,0,0,21069,0,105.27,105.30,105.34
19,0,0,0,0,97255,97255,97255,24,24,24,591,591,591,0.00,0.00,0.00,0.00,0.00,0.00,0.00,0.00,0.00,0.00,0.00,0.00,0.00,0.00,0.00,0.00,0.00,0.00,0.00,0.00,0.00,0,2269367,3911092,0,1498792,2997584,0,0,0,0,0,0,0,19162,0,95.76,95.77,95.77
19,1,0,0,0,97251,97251,97251,28,28,28,591,591,591,0.00,0.00,0.00,0.00,0.00,0.00,0.00,0.00,0.00,0.00,0.00,0.00,0.00,0.00,0.00,0.00,0.00,0.00,0.00,0.00,0.00,3150533,3227491,3304449,3197660,3311326,3424992,0,0,0,0,0,0,0,19207,0,96.14,96.17,96.20
19,2,0,0,0,97250,97250,97250,29,29,29,591,591,591,0.00,0.00,0.00,0.00,0.00,0.00,0.00,0.00,0.00,0.00,0.00,0.00,0.00,0.00,0.00,0.00,0.00,0.00,0.00,0.00,0.00,2003278,5830893,9658509,2051100,5921355,9791611,0,0,0,0,0,0,0,20012,0,99.99,100.06,100.14
19,3,0,0,0,97255,97255,97255,24,24,24,591,591,591,0.00,0.00,0.00,0.00,0.00,0.00,0.00,0.00,0.00,0.00,0.00,0.00,0.00,0.00,0.00,0.00,0.00,0.00,0.00,0.00,0.00,3985716,4327883,4670050,4129936,4425530,4721124,0,0,0,0,0,0,0,20763,0,104.08,104.44,104.87
20,0,0,0,0,97255,97255,97255,24,24,24,591,591,591,0.00,0.00,0.00,0.00,0.00,0.00,0.00,0.00,0.00,0.00,0.00,0.00,0.00,0.00,0.00,0.00,0.00,0.00,0.00,0.00,0.00,754691,2371419,3988147,833305,2465738,4098172,0,0,0,0,0,0,0,19177,0,95.76,95.76,95.76
20,1,0,0,0,97251,97251,97251,28,28,28,591,591,591,0.00,0.00,0.00,0.00,0.00,0.00,0.00,0.00,0.00,0.00,0.00,0.00,0.00,0.00,0.00,0.00,0.00,0.00,0.00,0.00,0.00,2048113,2941519,3834925,2113033,3071914,3988671,0,0,0,0,0,0,0,19218,0,96.06,96.06,96.06
20,2,0,0,0,97248,97248,97248,31,31,31,591,591,591,0.00,0.00,0.00,0.00,0.00,0.00,0.00,0.00,0.00,0.00,0.00,0.00,0.00,0.00,0.00,0.00,0.00,0.00,0.00,0.00,0.00,4217644,5206970,6196296,4401248,5375179,6349110,0,0,0,0,0,0,0,29957,0,99.96,99.97,99.98
20,3,0,0,0,97255,97255,97255,24,24,24,591,591,591,0.00,0.00,0.00,0.00,0.00,0.00,0.00,0.00,0.00,0.00,0.00,0.00,0.00,0.00,0.00,0.00,0.00,0.00,0.00,0.00,0.00,0,3440075,6880151,0,3501991,7003983,0,0,0,0,0,0,0,31122,0,103.63,103.64,103.66
22,0,0,0,0,97255,97255,97255,24,24,24,591,591,591,0.00,0.00,0.00,0.00,0.00,0.00,0.00,0.00,0.00,0.00,0.00,0.00,0.00,0.00,0.00,0.00,0.00,0.00,0.00,0.00,0.00,62890,1868888,3023142,73371,1430375,3292738,0,0,0,0,0,0,0,38425,0,95.58,95.61,95.67
22,1,0,0,0,97251,97251,97251,28,28,28,591,591,591,0.00,0.00,0.00,0.00,0.00,0.00,0.00,0.00,0.00,0.00,0.00,0.00,0.00,0.00,0.00,0.00,0.00,0.00,0.00,0.00,0.00,841148,2173882,3192733,932862,2300040,3233335,0,0,0,0,0,0,0,38463,0,96.10,96.13,96.16
22,2,0,0,0,97248,97248,97248,31,31,31,591,591,591,0.00,0.00,0.00,0.00,0.00,0.00,0.00,0.00,0.00,0.00,0.00,0.00,0.00,0.00,0.00,0.00,0.00,0.00,0.00,0.00,0.00,1700352,3230103,4313508,1844449,3358661,4517543,0,0,0,0,0,0,0,40293,0,100.01,100.14,100.28
22,3,0,0,0,97253,97253,97253,26,26,26,591,591,591,0.00,0.00,0.00,0.00,0.00,0.00,0.00,0.00,0.00,0.00,0.00,0.00,0.00,0.00,0.00,0.00,0.00,0.00,0.00,0.00,0.00,3385605,6309943,8297714,3634547,6463269,8447199,0,0,0,0,0,0,0,52468,0,103.55,103.69,103.95
23,0,0,0,0,97255,97255,97255,24,24,24,591,591,591,0.00,0.00,0.00,0.00,0.00,0.00,0.00,0.00,0.00,0.00,0.00,0.00,0.00,0.00,0.00,0.00,0.00,0.00,0.00,0.00,0.00,319699,462772,862127,335421,397261,497884,0,0,0,0,0,0,0,76726,0,95.90,96.05,96.14
23,1,0,0,0,97251,97251,97251,28,28,28,591,591,591,0.00,0.00,0.00,0.00,0.00,0.00,0.00,0.00,0.00,0.00,0.00,0.00,0.00,0.00,0.00,0.00,0.00,0.00,0.00,0.00,0.00,317073,323888,330177,332795,338038,343279,0,0,0,0,0,0,0,86804,0,96.50,96.67,96.77
23,2,0,0,0,97248,97248,97248,31,31,31,591,591,591,0.00,0.00,0.00,0.00,0.00,0.00,0.00,0.00,0.00,0.00,0.00,0.00,0.00,0.00,0.00,0.00,0.00,0.00,0.00,0.00,0.00,324931,360052,398317,338033,374202,414040,0,0,0,0,0,0,0,80896,0,100.30,100.75,101.06
23,3,0,0,0,97253,97253,97253,26,26,26,591,591,591,0.00,0.00,0.00,0.00,0.00,0.00,0.00,0.00,0.00,0.00,0.00,0.00,0.00,0.00,0.00,0.00,0.00,0.00,0.00,0.00,0.00,146743,582269,1315491,159845,595895,1328594,0,0,0,0,0,0,0,84093,0,104.20,104.92,105.46
24,0,0,0,0,97255,97255,97255,24,24,24,591,591,591,0.00,0.00,0.00,0.00,0.00,0.00,0.00,0.00,0.00,0.00,0.00,0.00,0.00,0.00,0.00,0.00,0.00,0.00,0.00,0.00,0.00,319697,369485,463821,332800,491072,1019344,0,0,0,0,0,0,0,86103,0,95.84,95.89,95.99
24,1,0,0,0,97251,97251,97251,28,28,28,591,591,591,0.00,0.00,0.00,0.00,0.00,0.00,0.00,0.00,0.00,0.00,0.00,0.00,0.00,0.00,0.00,0.00,0.00,0.00,0.00,0.00,0.00,89095,427658,980053,102198,440760,993155,0,0,0,0,0,0,0,76883,0,96.08,96.12,96.24
24,2,0,0,0,97248,97248,97248,31,31,31,591,591,591,0.00,0.00,0.00,0.00,0.00,0.00,0.00,0.00,0.00,0.00,0.00,0.00,0.00,0.00,0.00,0.00,0.00,0.00,0.00,0.00,0.00,327550,350094,385217,343272,363720,398320,0,0,0,0,0,0,0,79845,0,99.83,100.27,100.85
24,3,0,0,0,97253,97253,97253,26,26,26,591,591,591,0.00,0.00,0.00,0.00,0.00,0.00,0.00,0.00,0.00,0.00,0.00,0.00,0.00,0.00,0.00,0.00,0.00,0.00,0.00,0.00,0.00,411430,542190,830652,424533,556301,844314,0,0,0,0,0,0,0,82934,0,103.55,104.23,104.99
25,0,0,0,0,97255,97255,97255,24,24,24,591,591,591,0.00,0.00,0.00,0.00,0.00,0.00,0.00,0.00,0.00,0.00,0.00,0.00,0.00,0.00,0.00,0.00,0.00,0.00,0.00,0.00,0.00,322314,483705,1006241,338037,378324,424750,0,0,0,0,0,0,0,76644,0,95.60,95.67,95.73
25,1,0,0,0,97251,97251,97251,28,28,28,591,591,591,0.00,0.00,0.00,0.00,0.00,0.00,0.00,0.00,0.00,0.00,0.00,0.00,0.00,0.00,0.00,0.00,0.00,0.00,0.00,0.00,0.00,322381,443923,911927,337980,458049,925030,0,0,0,0,0,0,0,76974,0,96.06,96.08,96.10
25,2,0,0,0,97248,97248,97248,31,31,31,591,591,591,0.00,0.00,0.00,0.00,0.00,0.00,0.00,0.00,0.00,0.00,0.00,0.00,0.00,0.00,0.00,0.00,0.00,0.00,0.00,0.00,0.00,201780,308166,356380,217503,322317,369483,0,0,0,0,0,0,0,89970,0,99.78,99.86,99.93
25,3,0,0,0,97253,97253,97253,26,26,26,591,591,591,0.00,0.00,0.00,0.00,0.00,0.00,0.00,0.00,0.00,0.00,0.00,0.00,0.00,0.00,0.00,0.00,0.00,0.00,0.00,0.00,0.00,424495,499984,652502,440246,513611,662984,0,0,0,0,0,0,0,82945,0,103.57,103.62,103.68
26,0,0,0,0,97255,97255,97255,24,24,24,591,591,591,0.00,0.00,0.00,0.00,0.00,0.00,0.00,0.00,0.00,0.00,0.00,0.00,0.00,0.00,0.00,0.00,0.00,0.00,0.00,0.00,0.00,406171,1599620,3737577,615818,1706771,3778630,0,0,0,0,0,0,0,67107,0,95.67,95.72,95.75
26,1,0,0,0,97251,97251,97251,28,28,28,591,591,591,0.00,0.00,0.00,0.00,0.00,0.00,0.00,0.00,0.00,0.00,0.00,0.00,0.00,0.00,0.00,0.00,0.00,0.00,0.00,0.00,0.00,484786,2452767,6105716,497889,2496441,6152884,0,0,0,0,0,0,0,67167,0,96.04,96.07,96.10
26,2,0,0,0,97248,97248,97248,31,31,31,591,591,591,0.00,0.00,0.00,0.00,0.00,0.00,0.00,0.00,0.00,0.00,0.00,0.00,0.00,0.00,0.00,0.00,0.00,0.00,0.00,0.00,0.00,1016624,2525960,4200542,1026867,2573630,4302739,0,0,0,0,0,0,0,19931,0,99.77,99.81,99.88
26,3,0,0,0,97253,97253,97253,26,26,26,591,591,591,0.00,0.00,0.00,0.00,0.00,0.00,0.00,0.00,0.00,0.00,0.00,0.00,0.00,0.00,0.00,0.00,0.00,0.00,0.00,0.00,0.00,427136,2184063,3615457,440238,2228249,3707220,0,0,0,0,0,0,0,20742,0,103.69,103.71,103.74
27,0,0,0,0,97255,97255,97255,24,24,24,591,591,591,0.00,0.00,0.00,0.00,0.00,0.00,0.00,0.00,0.00,0.00,0.00,0.00,0.00,0.00,0.00,0.00,0.00,0.00,0.00,0.00,0.00,319700,368952,552922,332803,382578,566024,0,0,0,0,0,0,0,86488,0,95.82,95.86,95.94
27,1,0,0,0,97251,97251,97251,28,28,28,591,591,591,0.00,0.00,0.00,0.00,0.00,0.00,0.00,0.00,0.00,0.00,0.00,0.00,0.00,0.00,0.00,0.00,0.00,0.00,0.00,0.00,0.00,324939,513078,1194934,338041,526704,1210657,0,0,0,0,0,0,0,76973,0,95.99,96.11,96.19
27,2,0,0,0,97248,97248,97248,31,31,31,591,591,591,0.00,0.00,0.00,0.00,0.00,0.00,0.00,0.00,0.00,0.00,0.00,0.00,0.00,0.00,0.00,0.00,0.00,0.00,0.00,0.00,0.00,327534,375317,550300,340636,388361,563403,0,0,0,0,0,0,0,80088,0,99.79,99.86,99.95
27,3,0,0,0,97253,97253,97253,26,26,26,591,591,591,0.00,0.00,0.00,0.00,0.00,0.00,0.00,0.00,0.00,0.00,0.00,0.00,0.00,0.00,0.00,0.00,0.00,0.00,0.00,0.00,0.00,406164,570736,1035090,421887,584363,1048192,0,0,0,0,0,0,0,83055,0,103.67,103.72,103.75
28,0,0,0,0,97255,97255,97255,24,24,24,591,591,591,0.00,0.00,0.00,0.00,0.00,0.00,0.00,0.00,0.00,0.00,0.00,0.00,0.00,0.00,0.00,0.00,0.00,0.00,0.00,0.00,0.00,303895,636411,1580125,316993,656273,1624673,0,0,0,0,0,0,0,76508,0,95.62,95.83,95.97
28,1,0,0,0,97251,97251,97251,28,28,28,591,591,591,0.00,0.00,0.00,0.00,0.00,0.00,0.00,0.00,0.00,0.00,0.00,0.00,0.00,0.00,0.00,0.00,0.00,0.00,0.00,0.00,0.00,322315,541911,1242115,335417,562350,1286664,0,0,0,0,0,0,0,76958,0,96.11,96.17,96.23
28,2,0,0,0,97248,97248,97248,31,31,31,591,591,591,0.00,0.00,0.00,0.00,0.00,0.00,0.00,0.00,0.00,0.00,0.00,0.00,0.00,0.00,0.00,0.00,0.00,0.00,0.00,0.00,0.00,324939,485834,1029849,340662,506274,1074397,0,0,0,0,0,0,0,80017,0,99.86,99.94,99.99
28,3,0,0,0,97253,97253,97253,26,26,26,591,591,591,0.00,0.00,0.00,0.00,0.00,0.00,0.00,0.00,0.00,0.00,0.00,0.00,0.00,0.00,0.00,0.00,0.00,0.00,0.00,0.00,0.00,419274,608753,998398,432376,628569,1042946,0,0,0,0,0,0,0,83168,0,103.75,103.77,103.81
29,0,0,0,0,97255,97255,97255,24,24,24,591,591,591,0.00,0.00,0.00,0.00,0.00,0.00,0.00,0.00,0.00,0.00,0.00,0.00,0.00,0.00,0.00,0.00,0.00,0.00,0.00,0.00,0.00,322311,406161,626293,338034,420835,642016,0,0,0,0,0,0,0,76798,0,95.61,95.74,95.82
29,1,0,0,0,97251,97251,97251,28,28,28,591,591,591,0.00,0.00,0.00,0.00,0.00,0.00,0.00,0.00,0.00,0.00,0.00,0.00,0.00,0.00,0.00,0.00,0.00,0.00,0.00,0.00,0.00,322316,402492,592219,335419,416642,610562,0,0,0,0,0,0,0,86649,0,96.16,96.21,96.25
29,2,0,0,0,97248,97248,97248,31,31,31,591,591,591,0.00,0.00,0.00,0.00,0.00,0.00,0.00,0.00,0.00,0.00,0.00,0.00,0.00,0.00,0.00,0.00,0.00,0.00,0.00,0.00,0.00,96958,312882,458579,112681,327557,476922,0,0,0,0,0,0,0,90220,0,99.90,100.06,100.21
29,3,0,0,0,97253,97253,97253,26,26,26,591,591,591,0.00,0.00,0.00,0.00,0.00,0.00,0.00,0.00,0.00,0.00,0.00,0.00,0.00,0.00,0.00,0.00,0.00,0.00,0.00,0.00,0.00,432374,560251,762542,445476,575450,780885,0,0,0,0,0,0,0,83140,0,103.78,103.89,103.96
30,0,0,0,0,97255,97255,97255,24,24,24,591,591,591,0.00,0.00,0.00,0.00,0.00,0.00,0.00,0.00,0.00,0.00,0.00,0.00,0.00,0.00,0.00,0.00,0.00,0.00,0.00,0.00,0.00,324939,379966,476922,338042,393592,490025,0,0,0,0,0,0,0,76536,0,95.65,95.74,95.82
30,1,0,0,0,97251,97251,97251,28,28,28,591,591,591,0.00,0.00,0.00,0.00,0.00,0.00,0.00,0.00,0.00,0.00,0.00,0.00,0.00,0.00,0.00,0.00,0.00,0.00,0.00,0.00,0.00,146747,455956,1014102,159850,469582,1029825,0,0,0,0,0,0,0,57668,0,96.15,96.22,96.29
30,2,0,0,0,97248,97248,97248,31,31,31,591,591,591,0.00,0.00,0.00,0.00,0.00,0.00,0.00,0.00,0.00,0.00,0.00,0.00,0.00,0.00,0.00,0.00,0.00,0.00,0.00,0.00,0.00,320546,471470,927532,333368,485064,940633,0,0,0,0,0,0,0,59928,0,99.86,100.01,100.18
30,3,0,0,0,97253,97253,97253,26,26,26,591,591,591,0.00,0.00,0.00,0.00,0.00,0.00,0.00,0.00,0.00,0.00,0.00,0.00,0.00,0.00,0.00,0.00,0.00,0.00,0.00,0.00,0.00,34066,545577,1323318,44548,559203,1339040,0,0,0,0,0,0,0,62246,0,103.73,103.83,103.90
31,0,0,0,0,97255,97255,97255,24,24,24,591,591,591,0.00,0.00,0.00,0.00,0.00,0.00,0.00,0.00,0.00,0.00,0.00,0.00,0.00,0.00,0.00,0.00,0.00,0.00,0.00,0.00,0.00,2620,405122,1019358,15722,418748,1032460,0,0,0,0,0,0,0,67231,0,95.59,95.68,95.81
31,1,0,0,0,97251,97251,97251,28,28,28,591,591,591,0.00,0.00,0.00,0.00,0.00,0.00,0.00,0.00,0.00,0.00,0.00,0.00,0.00,0.00,0.00,0.00,0.00,0.00,0.00,0.00,0.00,319695,403563,634426,332798,417694,650834,0,0,0,0,0,0,0,76937,0,96.18,96.20,96.23
31,2,0,0,0,97248,97248,97248,31,31,31,591,591,591,0.00,0.00,0.00,0.00,0.00,0.00,0.00,0.00,0.00,0.00,0.00,0.00,0.00,0.00,0.00,0.00,0.00,0.00,0.00,0.00,0.00,322322,399363,555549,332804,412990,571272,0,0,0,0,0,0,0,80172,0,99.96,100.08,100.16
31,3,0,0,0,97253,97253,97253,26,26,26,591,591,591,0.00,0.00,0.00,0.00,0.00,0.00,0.00,0.00,0.00,0.00,0.00,0.00,0.00,0.00,0.00,0.00,0.00,0.00,0.00,0.00,0.00,424512,527672,785707,437615,541255,798588,0,0,0,0,0,0,0,83237,0,103.95,104.03,104.12
32,0,0,0,0,97255,97255,97255,24,24,24,591,591,591,0.00,0.00,0.00,0.00,0.00,0.00,0.00,0.00,0.00,0.00,0.00,0.00,0.00,0.00,0.00,0.00,0.00,0.00,0.00,0.00,0.00,315324,361611,419274,328142,375189,432376,0,0,0,0,0,0,0,76865,0,95.70,95.77,95.89
32,1,0,0,0,97251,97251,97251,28,28,28,591,591,591,0.00,0.00,0.00,0.00,0.00,0.00,0.00,0.00,0.00,0.00,0.00,0.00,0.00,0.00,0.00,0.00,0.00,0.00,0.00,0.00,0.00,322315,369476,471678,335417,382578,484780,0,0,0,0,0,0,0,76935,0,96.00,96.07,96.11
32,2,0,0,0,97248,97248,97248,31,31,31,591,591,591,0.00,0.00,0.00,0.00,0.00,0.00,0.00,0.00,0.00,0.00,0.00,0.00,0.00,0.00,0.00,0.00,0.00,0.00,0.00,0.00,0.00,317079,344849,395692,330182,358475,408794,0,0,0,0,0,0,0,89937,0,99.87,99.96,100.03
32,3,0,0,0,97253,97253,97253,26,26,26,591,591,591,0.00,0.00,0.00,0.00,0.00,0.00,0.00,0.00,0.00,0.00,0.00,0.00,0.00,0.00,0.00,0.00,0.00,0.00,0.00,0.00,0.00,416655,467479,652489,429757,481120,665591,0,0,0,0,0,0,0,83373,0,103.79,103.89,103.93
33,0,0,0,0,97255,97255,97255,24,24,24,591,591,591,0.00,0.00,0.00,0.00,0.00,0.00,0.00,0.00,0.00,0.00,0.00,0.00,0.00,0.00,0.00,0.00,0.00,0.00,0.00,0.00,0.00,322310,423465,594840,335412,437616,610563,0,0,0,0,0,0,0,76624,0,95.75,95.91,95.98
33,1,0,0,0,97251,97251,97251,28,28,28,591,591,591,0.00,0.00,0.00,0.00,0.00,0.00,0.00,0.00,0.00,0.00,0.00,0.00,0.00,0.00,0.00,0.00,0.00,0.00,0.00,0.00,0.00,332797,506794,1152998,345899,520945,1166101,0,0,0,0,0,0,0,86586,0,96.17,96.20,96.22
33,2,0,0,0,97248,97248,97248,31,31,31,591,591,591,0.00,0.00,0.00,0.00,0.00,0.00,0.00,0.00,0.00,0.00,0.00,0.00,0.00,0.00,0.00,0.00,0.00,0.00,0.00,0.00,0.00,217809,511583,1105854,226453,524318,1121577,0,0,0,0,0,0,0,79947,0,99.92,99.94,99.95
33,3,0,0,0,97253,97253,97253,26,26,26,591,591,591,0.00,0.00,0.00,0.00,0.00,0.00,0.00,0.00,0.00,0.00,0.00,0.00,0.00,0.00,0.00,0.00,0.00,0.00,0.00,0.00,0.00,419268,624191,1310222,432370,637817,1323324,0,0,0,0,0,0,0,93484,0,103.75,103.84,103.90
34,0,0,0,0,97255,97255,97255,24,24,24,591,591,591,0.00,0.00,0.00,0.00,0.00,0.00,0.00,0.00,0.00,0.00,0.00,0.00,0.00,0.00,0.00,0.00,0.00,0.00,0.00,0.00,0.00,319698,344320,390443,335384,357946,403545,0,0,0,0,0,0,0,86216,0,95.73,95.78,95.85
34,1,0,0,0,97251,97251,97251,28,28,28,591,591,591,0.00,0.00,0.00,0.00,0.00,0.00,0.00,0.00,0.00,0.00,0.00,0.00,0.00,0.00,0.00,0.00,0.00,0.00,0.00,0.00,0.00,319693,418751,581756,335416,432286,594403,0,0,0,0,0,0,0,77339,0,96.13,96.25,96.37
34,2,0,0,0,97248,97248,97248,31,31,31,591,591,591,0.00,0.00,0.00,0.00,0.00,0.00,0.00,0.00,0.00,0.00,0.00,0.00,0.00,0.00,0.00,0.00,0.00,0.00,0.00,0.00,0.00,327551,366469,404026,343274,380609,417493,0,0,0,0,0,0,0,80159,0,99.90,99.98,100.12
34,3,0,0,0,97253,97253,97253,26,26,26,591,591,591,0.00,0.00,0.00,0.00,0.00,0.00,0.00,0.00,0.00,0.00,0.00,0.00,0.00,0.00,0.00,0.00,0.00,0.00,0.00,0.00,0.00,427136,485292,571175,440238,499442,586895,0,0,0,0,0,0,0,83246,0,103.76,103.85,103.97
35,0,0,0,0,97255,97255,97255,24,24,24,591,591,591,0.00,0.00,0.00,0.00,0.00,0.00,0.00,0.00,0.00,0.00,0.00,0.00,0.00,0.00,0.00,0.00,0.00,0.00,0.00,0.00,0.00,277769,461255,1014090,286504,473444,1027192,0,0,0,0,0,0,0,76640,0,95.60,95.66,95.73
35,1,0,0,0,97251,97251,97251,28,28,28,591,591,591,0.00,0.00,0.00,0.00,0.00,0.00,0.00,0.00,0.00,0.00,0.00,0.00,0.00,0.00,0.00,0.00,0.00,0.00,0.00,0.00,0.00,218370,335567,463814,227104,348318,476916,0,0,0,0,0,0,0,77427,0,96.43,96.51,96.61
35,2,0,0,0,97248,97248,97248,31,31,31,591,591,591,0.00,0.00,0.00,0.00,0.00,0.00,0.00,0.00,0.00,0.00,0.00,0.00,0.00,0.00,0.00,0.00,0.00,0.00,0.00,0.00,0.00,327568,360046,403545,343281,373672,416647,0,0,0,0,0,0,0,80369,0,100.13,100.25,100.36
35,3,0,0,0,97253,97253,97253,26,26,26,591,591,591,0.00,0.00,0.00,0.00,0.00,0.00,0.00,0.00,0.00,0.00,0.00,0.00,0.00,0.00,0.00,0.00,0.00,0.00,0.00,0.00,0.00,422620,545707,807097,438082,559281,820199,0,0,0,0,0,0,0,83699,0,103.95,104.13,104.35
36,0,0,0,0,97255,97255,97255,24,24,24,591,591,591,0.00,0.00,0.00,0.00,0.00,0.00,0.00,0.00,0.00,0.00,0.00,0.00,0.00,0.00,0.00,0.00,0.00,0.00,0.00,0.00,0.00,313457,395140,602709,328748,409279,618432,0,0,0,0,0,0,0,76508,0,95.59,95.65,95.70
36,1,0,0,0,97251,97251,97251,28,28,28,591,591,591,0.00,0.00,0.00,0.00,0.00,0.00,0.00,0.00,0.00,0.00,0.00,0.00,0.00,0.00,0.00,0.00,0.00,0.00,0.00,0.00,0.00,327555,355690,387822,340658,369834,403544,0,0,0,0,0,0,0,67234,0,96.02,96.22,96.48
36,2,0,0,0,97248,97248,97248,31,31,31,591,591,591,0.00,0.00,0.00,0.00,0.00,0.00,0.00,0.00,0.00,0.00,0.00,0.00,0.00,0.00,0.00,0.00,0.00,0.00,0.00,0.00,0.00,322321,525674,1111117,338044,539300,1124219,0,0,0,0,0,0,0,89924,0,99.87,100.16,100.37
36,3,0,0,0,97253,97253,97253,26,26,26,591,591,591,0.00,0.00,0.00,0.00,0.00,0.00,0.00,0.00,0.00,0.00,0.00,0.00,0.00,0.00,0.00,0.00,0.00,0.00,0.00,0.00,0.00,276021,419962,503126,286503,433064,516228,0,0,0,0,0,0,0,93380,0,103.75,104.06,104.40
37,0,0,0,0,97255,97255,97255,24,24,24,591,591,591,0.00,0.00,0.00,0.00,0.00,0.00,0.00,0.00,0.00,0.00,0.00,0.00,0.00,0.00,0.00,0.00,0.00,0.00,0.00,0.00,0.00,317039,377341,476926,330139,390966,490028,0,0,0,0,0,0,0,76546,0,95.57,95.65,95.73
37,1,0,0,0,97251,97251,97251,28,28,28,591,591,591,0.00,0.00,0.00,0.00,0.00,0.00,0.00,0.00,0.00,0.00,0.00,0.00,0.00,0.00,0.00,0.00,0.00,0.00,0.00,0.00,0.00,330175,488800,1011485,343279,502420,1024587,0,0,0,0,0,0,0,77160,0,96.16,96.25,96.33
37,2,0,0,0,97248,97248,97248,31,31,31,591,591,591,0.00,0.00,0.00,0.00,0.00,0.00,0.00,0.00,0.00,0.00,0.00,0.00,0.00,0.00,0.00,0.00,0.00,0.00,0.00,0.00,0.00,324944,355187,387390,340667,369270,402783,0,0,0,0,0,0,0,59907,0,99.86,99.87,99.88
37,3,0,0,0,97253,97253,97253,26,26,26,591,591,591,0.00,0.00,0.00,0.00,0.00,0.00,0.00,0.00,0.00,0.00,0.00,0.00,0.00,0.00,0.00,0.00,0.00,0.00,0.00,0.00,0.00,416650,631527,1354768,429752,644629,1367871,0,0,0,0,0,0,0,62414,0,103.74,103.85,103.94
39,0,0,0,0,97255,97255,97255,24,24,24,591,591,591,0.00,0.00,0.00,0.00,0.00,0.00,0.00,0.00,0.00,0.00,0.00,0.00,0.00,0.00,0.00,0.00,0.00,0.00,0.00,0.00,0.00,223740,430894,1234197,234066,444781,1247298,0,0,0,0,0,0,0,163605,0,95.80,95.99,96.13
39,1,0,0,0,97251,97251,97251,28,28,28,591,591,591,0.00,0.00,0.00,0.00,0.00,0.00,0.00,0.00,0.00,0.00,0.00,0.00,0.00,0.00,0.00,0.00,0.00,0.00,0.00,0.00,0.00,311069,393834,579109,324030,407598,592211,0,0,0,0,0,0,0,175098,0,96.18,96.75,97.06
39,2,0,0,0,97248,97248,97248,31,31,31,591,591,591,0.00,0.00,0.00,0.00,0.00,0.00,0.00,0.00,0.00,0.00,0.00,0.00,0.00,0.00,0.00,0.00,0.00,0.00,0.00,0.00,0.00,230602,350269,566037,241084,363954,581760,0,0,0,0,0,0,0,191072,0,99.86,100.30,100.61
39,3,0,0,0,97253,97253,97253,26,26,26,591,591,591,0.00,0.00,0.00,0.00,0.00,0.00,0.00,0.00,0.00,0.00,0.00,0.00,0.00,0.00,0.00,0.00,0.00,0.00,0.00,0.00,0.00,400830,500694,731111,414032,514922,744213,0,0,0,0,0,0,0,188612,0,104.00,104.39,104.73
40,0,0,0,0,97255,97255,97255,24,24,24,591,591,591,0.00,0.00,0.00,0.00,0.00,0.00,0.00,0.00,0.00,0.00,0.00,0.00,0.00,0.00,0.00,0.00,0.00,0.00,0.00,0.00,0.00,324939,420348,626439,338041,434089,640117,0,0,0,0,0,0,0,76784,0,95.91,95.99,96.04
40,1,0,0,0,97251,97251,97251,28,28,28,591,591,591,0.00,0.00,0.00,0.00,0.00,0.00,0.00,0.00,0.00,0.00,0.00,0.00,0.00,0.00,0.00,0.00,0.00,0.00,0.00,0.00,0.00,322309,498403,1048170,335411,512029,1058652,0,0,0,0,0,0,0,86770,0,96.44,96.84,97.04
40,2,0,0,0,97248,97248,97248,31,31,31,591,591,591,0.00,0.00,0.00,0.00,0.00,0.00,0.00,0.00,0.00,0.00,0.00,0.00,0.00,0.00,0.00,0.00,0.00,0.00,0.00,0.00,0.00,324944,515169,1160808,338047,528795,1176530,0,0,0,0,0,0,0,80142,0,100.31,100.53,100.65
40,3,0,0,0,97253,97253,97253,26,26,26,591,591,591,0.00,0.00,0.00,0.00,0.00,0.00,0.00,0.00,0.00,0.00,0.00,0.00,0.00,0.00,0.00,0.00,0.00,0.00,0.00,0.00,0.00,419277,615284,1307615,432379,628212,1320717,0,0,0,0,0,0,0,93610,0,104.06,104.22,104.33
41,0,0,0,0,97255,97255,97255,24,24,24,591,591,591,0.00,0.00,0.00,0.00,0.00,0.00,0.00,0.00,0.00,0.00,0.00,0.00,0.00,0.00,0.00,0.00,0.00,0.00,0.00,0.00,0.00,324937,344328,372103,338039,357954,387825,0,0,0,0,0,0,0,86267,0,95.68,95.75,95.83
41,1,0,0,0,97251,97251,97251,28,28,28,591,591,591,0.00,0.00,0.00,0.00,0.00,0.00,0.00,0.00,0.00,0.00,0.00,0.00,0.00,0.00,0.00,0.00,0.00,0.00,0.00,0.00,0.00,324934,405117,586978,335416,418744,600080,0,0,0,0,0,0,0,77109,0,96.22,96.24,96.26
41,2,0,0,0,97248,97248,97248,31,31,31,591,591,591,0.00,0.00,0.00,0.00,0.00,0.00,0.00,0.00,0.00,0.00,0.00,0.00,0.00,0.00,0.00,0.00,0.00,0.00,0.00,0.00,0.00,309168,347512,387816,324888,361087,403538,0,0,0,0,0,0,0,80157,0,100.03,100.07,100.14
41,3,0,0,0,97253,97253,97253,26,26,26,591,591,591,0.00,0.00,0.00,0.00,0.00,0.00,0.00,0.00,0.00,0.00,0.00,0.00,0.00,0.00,0.00,0.00,0.00,0.00,0.00,0.00,0.00,421892,476911,542437,434994,491061,558160,0,0,0,0,0,0,0,83002,0,103.81,103.86,103.95
42,0,0,0,0,97255,97255,97255,24,24,24,591,591,591,0.00,0.00,0.00,0.00,0.00,0.00,0.00,0.00,0.00,0.00,0.00,0.00,0.00,0.00,0.00,0.00,0.00,0.00,0.00,0.00,0.00,322318,486332,1008750,335420,500482,1019230,0,0,0,0,0,0,0,76804,0,95.83,95.90,95.95
42,1,0,0,0,97251,97251,97251,28,28,28,591,591,591,0.00,0.00,0.00,0.00,0.00,0.00,0.00,0.00,0.00,0.00,0.00,0.00,0.00,0.00,0.00,0.00,0.00,0.00,0.00,0.00,0.00,327632,355324,458474,340531,368909,474193,0,0,0,0,0,0,0,77234,0,96.25,96.31,96.36
42,2,0,0,0,97248,97248,97248,31,31,31,591,591,591,0.00,0.00,0.00,0.00,0.00,0.00,0.00,0.00,0.00,0.00,0.00,0.00,0.00,0.00,0.00,0.00,0.00,0.00,0.00,0.00,0.00,242835,331048,395684,253318,344150,411406,0,0,0,0,0,0,0,80142,0,100.19,100.19,100.21
42,3,0,0,0,97253,97253,97253,26,26,26,591,591,591,0.00,0.00,0.00,0.00,0.00,0.00,0.00,0.00,0.00,0.00,0.00,0.00,0.00,0.00,0.00,0.00,0.00,0.00,0.00,0.00,0.00,415363,536937,770414,428263,550523,783516,0,0,0,0,0,0,0,83228,0,103.78,103.90,103.98
43,0,0,0,0,97255,97255,97255,24,24,24,591,591,591,0.00,0.00,0.00,0.00,0.00,0.00,0.00,0.00,0.00,0.00,0.00,0.00,0.00,0.00,0.00,0.00,0.00,0.00,0.00,0.00,0.00,322318,395630,440230,335420,408178,455952,0,0,0,0,0,0,0,76683,0,95.82,95.91,95.98
43,1,0,0,0,97251,97251,97251,28,28,28,591,591,591,0.00,0.00,0.00,0.00,0.00,0.00,0.00,0.00,0.00,0.00,0.00,0.00,0.00,0.00,0.00,0.00,0.00,0.00,0.00,0.00,0.00,234091,348690,455953,242826,361967,471676,0,0,0,0,0,0,0,67390,0,96.21,96.31,96.39
43,2,0,0,0,97248,97248,97248,31,31,31,591,591,591,0.00,0.00,0.00,0.00,0.00,0.00,0.00,0.00,0.00,0.00,0.00,0.00,0.00,0.00,0.00,0.00,0.00,0.00,0.00,0.00,0.00,324935,526198,1100634,338037,539824,1113737,0,0,0,0,0,0,0,90219,0,100.18,100.20,100.25
43,3,0,0,0,97253,97253,97253,26,26,26,591,591,591,0.00,0.00,0.00,0.00,0.00,0.00,0.00,0.00,0.00,0.00,0.00,0.00,0.00,0.00,0.00,0.00,0.00,0.00,0.00,0.00,0.00,284760,419603,531947,293494,432356,547670,0,0,0,0,0,0,0,93574,0,103.92,103.94,103.96
44,0,0,0,0,97255,97255,97255,24,24,24,591,591,591,0.00,0.00,0.00,0.00,0.00,0.00,0.00,0.00,0.00,0.00,0.00,0.00,0.00,0.00,0.00,0.00,0.00,0.00,0.00,0.00,0.00,324933,349042,374724,335415,362669,390447,0,0,0,0,0,0,0,76587,0,95.75,95.80,95.86
44,1,0,0,0,97251,97251,97251,28,28,28,591,591,591,0.00,0.00,0.00,0.00,0.00,0.00,0.00,0.00,0.00,0.00,0.00,0.00,0.00,0.00,0.00,0.00,0.00,0.00,0.00,0.00,0.00,324932,487392,1014112,335413,501018,1027214,0,0,0,0,0,0,0,77035,0,96.19,96.23,96.27
44,2,0,0,0,97248,97248,97248,31,31,31,591,591,591,0.00,0.00,0.00,0.00,0.00,0.00,0.00,0.00,0.00,0.00,0.00,0.00,0.00,0.00,0.00,0.00,0.00,0.00,0.00,0.00,0.00,324931,370011,416660,338034,383638,432383,0,0,0,0,0,0,0,60163,0,100.18,100.21,100.27
44,3,0,0,0,97253,97253,97253,26,26,26,591,591,591,0.00,0.00,0.00,0.00,0.00,0.00,0.00,0.00,0.00,0.00,0.00,0.00,0.00,0.00,0.00,0.00,0.00,0.00,0.00,0.00,0.00,427136,645647,1391307,440238,659797,1407028,0,0,0,0,0,0,0,62266,0,103.84,103.88,103.94
45,0,0,0,0,97255,97255,97255,24,24,24,591,591,591,0.00,0.00,0.00,0.00,0.00,0.00,0.00,0.00,0.00,0.00,0.00,0.00,0.00,0.00,0.00,0.00,0.00,0.00,0.00,0.00,0.00,324932,510331,1042937,338040,524089,1056039,0,0,0,0,0,0,0,67127,0,95.69,95.76,95.83
45,1,0,0,0,97251,97251,97251,28,28,28,591,591,591,0.00,0.00,0.00,0.00,0.00,0.00,0.00,0.00,0.00,0.00,0.00,0.00,0.00,0.00,0.00,0.00,0.00,0.00,0.00,0.00,0.00,324939,422543,600068,338041,435645,615790,0,0,0,0,0,0,0,77223,0,96.31,96.33,96.37
45,2,0,0,0,97248,97248,97248,31,31,31,591,591,591,0.00,0.00,0.00,0.00,0.00,0.00,0.00,0.00,0.00,0.00,0.00,0.00,0.00,0.00,0.00,0.00,0.00,0.00,0.00,0.00,0.00,248076,316729,345560,258558,329112,361033,0,0,0,0,0,0,0,80125,0,100.13,100.20,100.26
45,3,0,0,0,97253,97253,97253,26,26,26,591,591,591,0.00,0.00,0.00,0.00,0.00,0.00,0.00,0.00,0.00,0.00,0.00,0.00,0.00,0.00,0.00,0.00,0.00,0.00,0.00,0.00,0.00,416650,543746,796626,432373,557504,809728,0,0,0,0,0,0,0,83112,0,103.88,103.92,103.96
46,0,0,0,0,97255,97255,97255,24,24,24,591,591,591,0.00,0.00,0.00,0.00,0.00,0.00,0.00,0.00,0.00,0.00,0.00,0.00,0.00,0.00,0.00,0.00,0.00,0.00,0.00,0.00,0.00,324940,355333,393067,340663,368959,403549,0,0,0,0,0,0,0,76471,0,95.37,95.46,95.63
46,1,0,0,0,97251,97251,97251,28,28,28,591,591,591,0.00,0.00,0.00,0.00,0.00,0.00,0.00,0.00,0.00,0.00,0.00,0.00,0.00,0.00,0.00,0.00,0.00,0.00,0.00,0.00,0.00,319571,370141,462006,335288,384208,477321,0,0,0,0,0,0,0,77035,0,96.27,96.29,96.32
46,2,0,0,0,97248,97248,97248,31,31,31,591,591,591,0.00,0.00,0.00,0.00,0.00,0.00,0.00,0.00,0.00,0.00,0.00,0.00,0.00,0.00,0.00,0.00,0.00,0.00,0.00,0.00,0.00,324925,344856,395706,340647,359007,406188,0,0,0,0,0,0,0,90005,0,100.00,100.04,100.14
46,3,0,0,0,97253,97253,97253,26,26,26,591,591,591,0.00,0.00,0.00,0.00,0.00,0.00,0.00,0.00,0.00,0.00,0.00,0.00,0.00,0.00,0.00,0.00,0.00,0.00,0.00,0.00,0.00,415432,481371,628911,428334,494433,642013,0,0,0,0,0,0,0,82881,0,103.55,103.67,103.81
47,0,0,0,0,97255,97255,97255,24,24,24,591,591,591,0.00,0.00,0.00,0.00,0.00,0.00,0.00,0.00,0.00,0.00,0.00,0.00,0.00,0.00,0.00,0.00,0.00,0.00,0.00,0.00,0.00,390733,464483,636771,401106,477566,652494,0,0,0,0,0,0,0,76647,0,95.42,95.51,95.60
47,1,0,0,0,97251,97251,97251,28,28,28,591,591,591,0.00,0.00,0.00,0.00,0.00,0.00,0.00,0.00,0.00,0.00,0.00,0.00,0.00,0.00,0.00,0.00,0.00,0.00,0.00,0.00,0.00,216621,474636,1024580,227103,487214,1040302,0,0,0,0,0,0,0,86632,0,96.18,96.21,96.26
47,2,0,0,0,97248,97248,97248,31,31,31,591,591,591,0.00,0.00,0.00,0.00,0.00,0.00,0.00,0.00,0.00,0.00,0.00,0.00,0.00,0.00,0.00,0.00,0.00,0.00,0.00,0.00,0.00,332803,530894,1163441,348526,544521,1179163,0,0,0,0,0,0,0,80011,0,99.96,100.00,100.05
47,3,0,0,0,97253,97253,97253,26,26,26,591,591,591,0.00,0.00,0.00,0.00,0.00,0.00,0.00,0.00,0.00,0.00,0.00,0.00,0.00,0.00,0.00,0.00,0.00,0.00,0.00,0.00,0.00,220119,466429,1003634,228854,479706,1016736,0,0,0,0,0,0,0,93474,0,103.59,103.64,103.73
48,0,0,0,0,97255,97255,97255,24,24,24,591,591,591,0.00,0.00,0.00,0.00,0.00,0.00,0.00,0.00,0.00,0.00,0.00,0.00,0.00,0.00,0.00,0.00,0.00,0.00,0.00,0.00,0.00,434996,532998,733713,448098,547148,752056,0,0,0,0,0,0,0,86039,0,95.57,95.63,95.69
48,1,0,0,0,97251,97251,97251,28,28,28,591,591,591,0.00,0.00,0.00,0.00,0.00,0.00,0.00,0.00,0.00,0.00,0.00,0.00,0.00,0.00,0.00,0.00,0.00,0.00,0.00,0.00,0.00,330170,415600,618425,343272,429750,634148,0,0,0,0,0,0,0,76832,0,95.89,95.96,96.07
48,2,0,0,0,97248,97248,97248,31,31,31,591,591,591,0.00,0.00,0.00,0.00,0.00,0.00,0.00,0.00,0.00,0.00,0.00,0.00,0.00,0.00,0.00,0.00,0.00,0.00,0.00,0.00,0.00,324941,361526,427151,338044,375622,440253,0,0,0,0,0,0,0,79874,0,99.84,99.91,100.01
48,3,0,0,0,97253,97253,97253,26,26,26,591,591,591,0.00,0.00,0.00,0.00,0.00,0.00,0.00,0.00,0.00,0.00,0.00,0.00,0.00,0.00,0.00,0.00,0.00,0.00,0.00,0.00,0.00,327555,364767,421892,340657,378393,434994,0,0,0,0,0,0,0,82887,0,103.56,103.68,103.77
49,0,0,0,0,97255,97255,97255,24,24,24,591,591,591,0.00,0.00,0.00,0.00,0.00,0.00,0.00,0.00,0.00,0.00,0.00,0.00,0.00,0.00,0.00,0.00,0.00,0.00,0.00,0.00,0.00,424466,660869,1386235,437567,675020,1401958,0,0,0,0,0,0,0,76619,0,95.53,95.63,95.70
49,1,0,0,0,97251,97251,97251,28,28,28,591,591,591,0.00,0.00,0.00,0.00,0.00,0.00,0.00,0.00,0.00,0.00,0.00,0.00,0.00,0.00,0.00,0.00,0.00,0.00,0.00,0.00,0.00,327402,400907,534633,337879,415003,552712,0,0,0,0,0,0,0,76800,0,96.01,96.05,96.09
49,2,0,0,0,97248,97248,97248,31,31,31,591,591,591,0.00,0.00,0.00,0.00,0.00,0.00,0.00,0.00,0.00,0.00,0.00,0.00,0.00,0.00,0.00,0.00,0.00,0.00,0.00,0.00,0.00,234048,371747,560773,242781,385023,576496,0,0,0,0,0,0,0,80118,0,99.89,99.97,100.03
49,3,0,0,0,97253,97253,97253,26,26,26,591,591,591,0.00,0.00,0.00,0.00,0.00,0.00,0.00,0.00,0.00,0.00,0.00,0.00,0.00,0.00,0.00,0.00,0.00,0.00,0.00,0.00,0.00,324939,461193,605330,338042,476391,621052,0,0,0,0,0,0,0,82875,0,103.48,103.51,103.53
50,0,0,0,0,97255,97255,97255,24,24,24,591,591,591,0.00,0.00,0.00,0.00,0.00,0.00,0.00,0.00,0.00,0.00,0.00,0.00,0.00,0.00,0.00,0.00,0.00,0.00,0.00,0.00,0.00,278525,527293,814962,287121,540479,830685,0,0,0,0,0,0,0,76547,0,95.73,95.79,95.84
50,1,0,0,0,97251,97251,97251,28,28,28,591,591,591,0.00,0.00,0.00,0.00,0.00,0.00,0.00,0.00,0.00,0.00,0.00,0.00,0.00,0.00,0.00,0.00,0.00,0.00,0.00,0.00,0.00,218369,343972,400920,227104,357773,416643,0,0,0,0,0,0,0,67274,0,95.94,95.98,96.06
50,2,0,0,0,97248,97248,97248,31,31,31,591,591,591,0.00,0.00,0.00,0.00,0.00,0.00,0.00,0.00,0.00,0.00,0.00,0.00,0.00,0.00,0.00,0.00,0.00,0.00,0.00,0.00,0.00,356345,535621,1124201,369446,549247,1139924,0,0,0,0,0,0,0,90005,0,99.94,99.98,100.01
50,3,0,0,0,97253,97253,97253,26,26,26,591,591,591,0.00,0.00,0.00,0.00,0.00,0.00,0.00,0.00,0.00,0.00,0.00,0.00,0.00,0.00,0.00,0.00,0.00,0.00,0.00,0.00,0.00,319697,345125,402379,332799,358694,415194,0,0,0,0,0,0,0,93143,0,103.46,103.50,103.52
51,0,0,0,0,97255,97255,97255,24,24,24,591,591,591,0.00,0.00,0.00,0.00,0.00,0.00,0.00,0.00,0.00,0.00,0.00,0.00,0.00,0.00,0.00,0.00,0.00,0.00,0.00,0.00,0.00,429753,466092,508366,445475,479769,521468,0,0,0,0,0,0,0,76585,0,95.55,95.65,95.73
51,1,0,0,0,97251,97251,97251,28,28,28,591,591,591,0.00,0.00,0.00,0.00,0.00,0.00,0.00,0.00,0.00,0.00,0.00,0.00,0.00,0.00,0.00,0.00,0.00,0.00,0.00,0.00,0.00,330174,490540,1035057,343278,503642,1048159,0,0,0,0,0,0,0,77039,0,96.17,96.23,96.29
51,2,0,0,0,97248,97248,97248,31,31,31,591,591,591,0.00,0.00,0.00,0.00,0.00,0.00,0.00,0.00,0.00,0.00,0.00,0.00,0.00,0.00,0.00,0.00,0.00,0.00,0.00,0.00,0.00,322325,352718,382594,338048,366869,395697,0,0,0,0,0,0,0,60062,0,99.94,99.97,100.01
51,3,0,0,0,97253,97253,97253,26,26,26,591,591,591,0.00,0.00,0.00,0.00,0.00,0.00,0.00,0.00,0.00,0.00,0.00,0.00,0.00,0.00,0.00,0.00,0.00,0.00,0.00,0.00,0.00,207890,451410,1016737,218371,463988,1029839,0,0,0,0,0,0,0,62116,0,103.42,103.45,103.47
52,0,0,0,0,97255,97255,97255,24,24,24,591,591,591,0.00,0.00,0.00,0.00,0.00,0.00,0.00,0.00,0.00,0.00,0.00,0.00,0.00,0.00,0.00,0.00,0.00,0.00,0.00,0.00,0.00,424462,659028,1341664,437563,672785,1357387,0,0,0,0,0,0,0,67279,0,95.75,95.78,95.86
52,1,0,0,0,97251,97251,97251,28,28,28,591,591,591,0.00,0.00,0.00,0.00,0.00,0.00,0.00,0.00,0.00,0.00,0.00,0.00,0.00,0.00,0.00,0.00,0.00,0.00,0.00,0.00,0.00,327555,415322,581674,338037,429079,597395,0,0,0,0,0,0,0,77015,0,96.14,96.20,96.26
52,2,0,0,0,97248,97248,97248,31,31,31,591,591,591,0.00,0.00,0.00,0.00,0.00,0.00,0.00,0.00,0.00,0.00,0.00,0.00,0.00,0.00,0.00,0.00,0.00,0.00,0.00,0.00,0.00,223594,309796,363084,232328,322405,375960,0,0,0,0,0,0,0,79991,0,99.88,99.94,99.98
52,3,0,0,0,97253,97253,97253,26,26,26,591,591,591,0.00,0.00,0.00,0.00,0.00,0.00,0.00,0.00,0.00,0.00,0.00,0.00,0.00,0.00,0.00,0.00,0.00,0.00,0.00,0.00,0.00,319696,411411,592225,335418,425824,605328,0,0,0,0,0,0,0,82892,0,103.45,103.46,103.48
53,0,0,0,0,97255,97255,97255,24,24,24,591,591,591,0.00,0.00,0.00,0.00,0.00,0.00,0.00,0.00,0.00,0.00,0.00,0.00,0.00,0.00,0.00,0.00,0.00,0.00,0.00,0.00,0.00,421891,490026,618438,434994,503652,631541,0,0,0,0,0,0,0,76569,0,95.66,95.82,95.92
53,1,0,0,0,97251,97251,97251,28,28,28,591,591,591,0.00,0.00,0.00,0.00,0.00,0.00,0.00,0.00,0.00,0.00,0.00,0.00,0.00,0.00,0.00,0.00,0.00,0.00,0.00,0.00,0.00,317069,392007,482159,332536,406106,495261,0,0,0,0,0,0,0,77155,0,96.04,96.14,96.24
53,2,0,0,0,97248,97248,97248,31,31,31,591,591,591,0.00,0.00,0.00,0.00,0.00,0.00,0.00,0.00,0.00,0.00,0.00,0.00,0.00,0.00,0.00,0.00,0.00,0.00,0.00,0.00,0.00,324931,345378,408810,338033,359004,421913,0,0,0,0,0,0,0,89945,0,99.91,99.97,100.02
53,3,0,0,0,97253,97253,97253,26,26,26,591,591,591,0.00,0.00,0.00,0.00,0.00,0.00,0.00,0.00,0.00,0.00,0.00,0.00,0.00,0.00,0.00,0.00,0.00,0.00,0.00,0.00,0.00,301353,360052,476925,314455,373154,490027,0,0,0,0,0,0,0,83153,0,103.55,103.69,103.85
54,0,0,0,0,97255,97255,97255,24,24,24,591,591,591,0.00,0.00,0.00,0.00,0.00,0.00,0.00,0.00,0.00,0.00,0.00,0.00,0.00,0.00,0.00,0.00,0.00,0.00,0.00,0.00,0.00,224421,385505,613190,233053,398239,628912,0,0,0,0,0,0,0,76592,0,95.67,95.74,95.79
54,1,0,0,0,97251,97251,97251,28,28,28,591,591,591,0.00,0.00,0.00,0.00,0.00,0.00,0.00,0.00,0.00,0.00,0.00,0.00,0.00,0.00,0.00,0.00,0.00,0.00,0.00,0.00,0.00,338907,636929,1367862,347641,650206,1380964,0,0,0,0,0,0,0,86495,0,96.04,96.14,96.27
54,2,0,0,0,97248,97248,97248,31,31,31,591,591,591,0.00,0.00,0.00,0.00,0.00,0.00,0.00,0.00,0.00,0.00,0.00,0.00,0.00,0.00,0.00,0.00,0.00,0.00,0.00,0.00,0.00,324930,534050,1129395,338032,547676,1142497,0,0,0,0,0,0,0,80030,0,99.91,99.96,99.99
54,3,0,0,0,97253,97253,97253,26,26,26,591,591,591,0.00,0.00,0.00,0.00,0.00,0.00,0.00,0.00,0.00,0.00,0.00,0.00,0.00,0.00,0.00,0.00,0.00,0.00,0.00,0.00,0.00,298736,411049,683069,311838,424455,695298,0,0,0,0,0,0,0,93247,0,103.49,103.69,103.83
55,0,0,0,0,97255,97255,97255,24,24,24,591,591,591,0.00,0.00,0.00,0.00,0.00,0.00,0.00,0.00,0.00,0.00,0.00,0.00,0.00,0.00,0.00,0.00,0.00,0.00,0.00,0.00,0.00,322316,353759,408789,338039,367910,421891,0,0,0,0,0,0,0,86318,0,95.68,95.79,95.89
55,1,0,0,0,97251,97251,97251,28,28,28,591,591,591,0.00,0.00,0.00,0.00,0.00,0.00,0.00,0.00,0.00,0.00,0.00,0.00,0.00,0.00,0.00,0.00,0.00,0.00,0.00,0.00,0.00,434973,540328,804478,450695,553954,820200,0,0,0,0,0,0,0,77067,0,96.00,96.08,96.19
55,2,0,0,0,97248,97248,97248,31,31,31,591,591,591,0.00,0.00,0.00,0.00,0.00,0.00,0.00,0.00,0.00,0.00,0.00,0.00,0.00,0.00,0.00,0.00,0.00,0.00,0.00,0.00,0.00,327551,358473,390458,340653,372623,406170,0,0,0,0,0,0,0,79831,0,99.83,99.93,99.99
55,3,0,0,0,97253,97253,97253,26,26,26,591,591,591,0.00,0.00,0.00,0.00,0.00,0.00,0.00,0.00,0.00,0.00,0.00,0.00,0.00,0.00,0.00,0.00,0.00,0.00,0.00,0.00,0.00,327557,365815,411413,343280,379441,424515,0,0,0,0,0,0,0,82885,0,103.51,103.56,103.62
56,0,0,0,0,97255,97255,97255,24,24,24,591,591,591,0.00,0.00,0.00,0.00,0.00,0.00,0.00,0.00,0.00,0.00,0.00,0.00,0.00,0.00,0.00,0.00,0.00,0.00,0.00,0.00,0.00,330177,494218,1027219,343279,507844,1042942,0,0,0,0,0,0,0,76714,0,95.63,95.76,95.85
56,1,0,0,0,97251,97251,97251,28,28,28,591,591,591,0.00,0.00,0.00,0.00,0.00,0.00,0.00,0.00,0.00,0.00,0.00,0.00,0.00,0.00,0.00,0.00,0.00,0.00,0.00,0.00,0.00,427137,470631,631524,440235,484258,644627,0,0,0,0,0,0,0,77038,0,96.19,96.21,96.23
56,2,0,0,0,97248,97248,97248,31,31,31,591,591,591,0.00,0.00,0.00,0.00,0.00,0.00,0.00,0.00,0.00,0.00,0.00,0.00,0.00,0.00,0.00,0.00,0.00,0.00,0.00,0.00,0.00,218281,328622,390452,228759,341154,403555,0,0,0,0,0,0,0,80005,0,99.78,99.86,99.93
56,3,0,0,0,97253,97253,97253,26,26,26,591,591,591,0.00,0.00,0.00,0.00,0.00,0.00,0.00,0.00,0.00,0.00,0.00,0.00,0.00,0.00,0.00,0.00,0.00,0.00,0.00,0.00,0.00,319695,416646,613193,335418,429749,623675,0,0,0,0,0,0,0,83108,0,103.46,103.58,103.74
57,0,0,0,0,97255,97255,97255,24,24,24,591,591,591,0.00,0.00,0.00,0.00,0.00,0.00,0.00,0.00,0.00,0.00,0.00,0.00,0.00,0.00,0.00,0.00,0.00,0.00,0.00,0.00,0.00,327558,418217,600093,340660,431843,613195,0,0,0,0,0,0,0,76677,0,95.74,95.80,95.87
57,1,0,0,0,97251,97251,97251,28,28,28,591,591,591,0.00,0.00,0.00,0.00,0.00,0.00,0.00,0.00,0.00,0.00,0.00,0.00,0.00,0.00,0.00,0.00,0.00,0.00,0.00,0.00,0.00,429750,468968,518622,442852,482550,528892,0,0,0,0,0,0,0,67211,0,96.04,96.14,96.23
57,2,0,0,0,97248,97248,97248,31,31,31,591,591,591,0.00,0.00,0.00,0.00,0.00,0.00,0.00,0.00,0.00,0.00,0.00,0.00,0.00,0.00,0.00,0.00,0.00,0.00,0.00,0.00,0.00,317076,527237,1118971,332798,541387,1132074,0,0,0,0,0,0,0,90083,0,99.96,100.02,100.09
57,3,0,0,0,97253,97253,97253,26,26,26,591,591,591,0.00,0.00,0.00,0.00,0.00,0.00,0.00,0.00,0.00,0.00,0.00,0.00,0.00,0.00,0.00,0.00,0.00,0.00,0.00,0.00,0.00,319699,360032,408790,335422,374132,421892,0,0,0,0,0,0,0,93215,0,103.58,103.70,103.83
58,0,0,0,0,97255,97255,97255,24,24,24,591,591,591,0.00,0.00,0.00,0.00,0.00,0.00,0.00,0.00,0.00,0.00,0.00,0.00,0.00,0.00,0.00,0.00,0.00,0.00,0.00,0.00,0.00,319902,403050,636766,332801,417683,649868,0,0,0,0,0,0,0,76637,0,95.62,95.67,95.73
58,1,0,0,0,97251,97251,97251,28,28,28,591,591,591,0.00,0.00,0.00,0.00,0.00,0.00,0.00,0.00,0.00,0.00,0.00,0.00,0.00,0.00,0.00,0.00,0.00,0.00,0.00,0.00,0.00,0,561292,1359993,13102,574919,1373095,0,0,0,0,0,0,0,77042,0,96.03,96.12,96.21
58,2,0,0,0,97248,97248,97248,31,31,31,591,591,591,0.00,0.00,0.00,0.00,0.00,0.00,0.00,0.00,0.00,0.00,0.00,0.00,0.00,0.00,0.00,0.00,0.00,0.00,0.00,0.00,0.00,327566,361625,398320,343289,375251,411423,0,0,0,0,0,0,0,60148,0,100.05,100.06,100.08
58,3,0,0,0,97253,97253,97253,26,26,26,591,591,591,0.00,0.00,0.00,0.00,0.00,0.00,0.00,0.00,0.00,0.00,0.00,0.00,0.00,0.00,0.00,0.00,0.00,0.00,0.00,0.00,0.00,73372,414557,966955,86474,428183,980057,0,0,0,0,0,0,0,62150,0,103.47,103.48,103.51
59,0,0,0,0,97255,97255,97255,24,24,24,591,591,591,0.00,0.00,0.00,0.00,0.00,0.00,0.00,0.00,0.00,0.00,0.00,0.00,0.00,0.00,0.00,0.00,0.00,0.00,0.00,0.00,0.00,2620,425009,1076871,15722,439159,1092591,0,0,0,0,0,0,0,66960,0,95.68,95.74,95.81
59,1,0,0,0,97251,97251,97251,28,28,28,591,591,591,0.00,0.00,0.00,0.00,0.00,0.00,0.00,0.00,0.00,0.00,0.00,0.00,0.00,0.00,0.00,0.00,0.00,0.00,0.00,0.00,0.00,432373,606878,835912,448095,621552,851635,0,0,0,0,0,0,0,76988,0,96.20,96.20,96.21
59,2,0,0,0,97248,97248,97248,31,31,31,591,591,591,0.00,0.00,0.00,0.00,0.00,0.00,0.00,0.00,0.00,0.00,0.00,0.00,0.00,0.00,0.00,0.00,0.00,0.00,0.00,0.00,0.00,316966,382047,579131,332428,396669,594854,0,0,0,0,0,0,0,79935,0,99.89,99.95,100.07
59,3,0,0,0,97253,97253,97253,26,26,26,591,591,591,0.00,0.00,0.00,0.00,0.00,0.00,0.00,0.00,0.00,0.00,0.00,0.00,0.00,0.00,0.00,0.00,0.00,0.00,0.00,0.00,0.00,324934,455955,605319,338036,470630,621042,0,0,0,0,0,0,0,83010,0,103.56,103.67,103.79
60,0,0,0,0,97255,97255,97255,24,24,24,591,591,591,0.00,0.00,0.00,0.00,0.00,0.00,0.00,0.00,0.00,0.00,0.00,0.00,0.00,0.00,0.00,0.00,0.00,0.00,0.00,0.00,0.00,335418,367911,393063,348521,381537,406165,0,0,0,0,0,0,0,76550,0,95.66,95.68,95.69
60,1,0,0,0,97251,97251,97251,28,28,28,591,591,591,0.00,0.00,0.00,0.00,0.00,0.00,0.00,0.00,0.00,0.00,0.00,0.00,0.00,0.00,0.00,0.00,0.00,0.00,0.00,0.00,0.00,437614,495850,623674,451561,509377,636777,0,0,0,0,0,0,0,76970,0,96.14,96.20,96.28
60,2,0,0,0,97248,97248,97248,31,31,31,591,591,591,0.00,0.00,0.00,0.00,0.00,0.00,0.00,0.00,0.00,0.00,0.00,0.00,0.00,0.00,0.00,0.00,0.00,0.00,0.00,0.00,0.00,314338,374704,458588,327436,388329,471691,0,0,0,0,0,0,0,89861,0,99.85,99.87,99.88
60,3,0,0,0,97253,97253,97253,26,26,26,591,591,591,0.00,0.00,0.00,0.00,0.00,0.00,0.00,0.00,0.00,0.00,0.00,0.00,0.00,0.00,0.00,0.00,0.00,0.00,0.00,0.00,0.00,319695,377344,484773,332798,390971,500496,0,0,0,0,0,0,0,82947,0,103.66,103.74,103.83
61,0,0,0,0,97255,97255,97255,24,24,24,591,591,591,0.00,0.00,0.00,0.00,0.00,0.00,0.00,0.00,0.00,0.00,0.00,0.00,0.00,0.00,0.00,0.00,0.00,0.00,0.00,0.00,0.00,314583,404623,607946,330055,418723,621048,0,0,0,0,0,0,0,78339,0,95.66,96.33,96.85
61,1,0,0,0,97251,97251,97251,28,28,28,591,591,591,0.00,0.00,0.00,0.00,0.00,0.00,0.00,0.00,0.00,0.00,0.00,0.00,0.00,0.00,0.00,0.00,0.00,0.00,0.00,0.00,0.00,411408,478695,639384,424510,492913,655106,0,0,0,0,0,0,0,87865,0,96.10,96.59,97.11
61,2,0,0,0,97248,97248,97248,31,31,31,591,591,591,0.00,0.00,0.00,0.00,0.00,0.00,0.00,0.00,0.00,0.00,0.00,0.00,0.00,0.00,0.00,0.00,0.00,0.00,0.00,0.00,0.00,107440,431852,998381,123163,445478,1008863,0,0,0,0,0,0,0,80981,0,99.98,100.44,100.91
61,3,0,0,0,97253,97253,97253,26,26,26,591,591,591,0.00,0.00,0.00,0.00,0.00,0.00,0.00,0.00,0.00,0.00,0.00,0.00,0.00,0.00,0.00,0.00,0.00,0.00,0.00,0.00,0.00,313575,539108,1302371,326427,552685,1318094,0,0,0,0,0,0,0,94002,0,103.59,103.92,104.21
62,0,0,0,0,97255,97255,97255,24,24,24,591,591,591,0.00,0.00,0.00,0.00,0.00,0.00,0.00,0.00,0.00,0.00,0.00,0.00,0.00,0.00,0.00,0.00,0.00,0.00,0.00,0.00,0.00,308776,341064,385050,318984,354722,401206,0,0,0,0,0,0,0,87450,0,96.80,96.93,97.11
62,1,0,0,0,97251,97251,97251,28,28,28,591,591,591,0.00,0.00,0.00,0.00,0.00,0.00,0.00,0.00,0.00,0.00,0.00,0.00,0.00,0.00,0.00,0.00,0.00,0.00,0.00,0.00,0.00,411409,516213,786134,427132,529839,796616,0,0,0,0,0,0,0,78094,0,97.22,97.28,97.36
62,2,0,0,0,97248,97248,97248,31,31,31,591,591,591,0.00,0.00,0.00,0.00,0.00,0.00,0.00,0.00,0.00,0.00,0.00,0.00,0.00,0.00,0.00,0.00,0.00,0.00,0.00,0.00,0.00,314459,341702,393062,327562,355853,408784,0,0,0,0,0,0,0,80798,0,100.67,100.76,100.89
62,3,0,0,0,97253,97253,97253,26,26,26,591,591,591,0.00,0.00,0.00,0.00,0.00,0.00,0.00,0.00,0.00,0.00,0.00,0.00,0.00,0.00,0.00,0.00,0.00,0.00,0.00,0.00,0.00,319697,394641,573883,335420,408791,586985,0,0,0,0,0,0,0,83356,0,103.86,104.00,104.22
63,0,0,0,0,97255,97255,97255,24,24,24,591,591,591,0.00,0.00,0.00,0.00,0.00,0.00,0.00,0.00,0.00,0.00,0.00,0.00,0.00,0.00,0.00,0.00,0.00,0.00,0.00,0.00,0.00,348516,503651,1006261,358998,517278,1021983,0,0,0,0,0,0,0,76628,0,95.80,96.34,96.79
63,1,0,0,0,97251,97251,97251,28,28,28,591,591,591,0.00,0.00,0.00,0.00,0.00,0.00,0.00,0.00,0.00,0.00,0.00,0.00,0.00,0.00,0.00,0.00,0.00,0.00,0.00,0.00,0.00,416648,470633,552914,432370,484259,566016,0,0,0,0,0,0,0,77019,0,96.48,96.91,97.27
63,2,0,0,0,97248,97248,97248,31,31,31,591,591,591,0.00,0.00,0.00,0.00,0.00,0.00,0.00,0.00,0.00,0.00,0.00,0.00,0.00,0.00,0.00,0.00,0.00,0.00,0.00,0.00,0.00,312329,346945,401233,325235,360549,417391,0,0,0,0,0,0,0,80374,0,100.56,100.78,100.88
63,3,0,0,0,97253,97253,97253,26,26,26,591,591,591,0.00,0.00,0.00,0.00,0.00,0.00,0.00,0.00,0.00,0.00,0.00,0.00,0.00,0.00,0.00,0.00,0.00,0.00,0.00,0.00,0.00,317075,356382,484784,332798,370009,497886,0,0,0,0,0,0,0,83051,0,103.80,104.02,104.19
64,0,0,0,0,97255,97255,97255,24,24,24,591,591,591,0.00,0.00,0.00,0.00,0.00,0.00,0.00,0.00,0.00,0.00,0.00,0.00,0.00,0.00,0.00,0.00,0.00,0.00,0.00,0.00,0.00,218369,386726,600085,227104,399391,613187,0,0,0,0,0,0,0,76648,0,95.61,95.66,95.68
64,1,0,0,0,97251,97251,97251,28,28,28,591,591,591,0.00,0.00,0.00,0.00,0.00,0.00,0.00,0.00,0.00,0.00,0.00,0.00,0.00,0.00,0.00,0.00,0.00,0.00,0.00,0.00,0.00,368117,427530,505742,378487,439951,518844,0,0,0,0,0,0,0,67497,0,96.12,96.16,96.20
64,2,0,0,0,97248,97248,97248,31,31,31,591,591,591,0.00,0.00,0.00,0.00,0.00,0.00,0.00,0.00,0.00,0.00,0.00,0.00,0.00,0.00,0.00,0.00,0.00,0.00,0.00,0.00,0.00,319700,352456,408803,332803,366214,421905,0,0,0,0,0,0,0,90259,0,100.19,100.26,100.35
64,3,0,0,0,97253,97253,97253,26,26,26,591,591,591,0.00,0.00,0.00,0.00,0.00,0.00,0.00,0.00,0.00,0.00,0.00,0.00,0.00,0.00,0.00,0.00,0.00,0.00,0.00,0.00,0.00,234075,334977,466439,242809,348233,482162,0,0,0,0,0,0,0,72848,0,103.72,103.80,103.91
65,0,0,0,0,97255,97255,97255,24,24,24,591,591,591,0.00,0.00,0.00,0.00,0.00,0.00,0.00,0.00,0.00,0.00,0.00,0.00,0.00,0.00,0.00,0.00,0.00,0.00,0.00,0.00,0.00,324937,367339,484788,338039,380848,497891,0,0,0,0,0,0,0,76509,0,95.65,95.71,95.77
65,1,0,0,0,97251,97251,97251,28,28,28,591,591,591,0.00,0.00,0.00,0.00,0.00,0.00,0.00,0.00,0.00,0.00,0.00,0.00,0.00,0.00,0.00,0.00,0.00,0.00,0.00,0.00,0.00,429748,640929,1344149,440233,654555,1357250,0,0,0,0,0,0,0,76951,0,96.14,96.20,96.24
65,2,0,0,0,97248,97248,97248,31,31,31,591,591,591,0.00,0.00,0.00,0.00,0.00,0.00,0.00,0.00,0.00,0.00,0.00,0.00,0.00,0.00,0.00,0.00,0.00,0.00,0.00,0.00,0.00,324944,467482,875237,338046,481108,890959,0,0,0,0,0,0,0,59891,0,99.86,100.07,100.23
65,3,0,0,0,97253,97253,97253,26,26,26,591,591,591,0.00,0.00,0.00,0.00,0.00,0.00,0.00,0.00,0.00,0.00,0.00,0.00,0.00,0.00,0.00,0.00,0.00,0.00,0.00,0.00,0.00,317075,516246,1247422,330177,529465,1264510,0,0,0,0,0,0,0,83020,0,103.72,103.87,103.94
66,0,0,0,0,97255,97255,97255,24,24,24,591,591,591,0.00,0.00,0.00,0.00,0.00,0.00,0.00,0.00,0.00,0.00,0.00,0.00,0.00,0.00,0.00,0.00,0.00,0.00,0.00,0.00,0.00,322310,486138,1032460,338032,499831,1045562,0,0,0,0,0,0,0,66954,0,95.51,95.58,95.63
66,1,0,0,0,97251,97251,97251,28,28,28,591,591,591,0.00,0.00,0.00,0.00,0.00,0.00,0.00,0.00,0.00,0.00,0.00,0.00,0.00,0.00,0.00,0.00,0.00,0.00,0.00,0.00,0.00,424512,570731,762551,437615,584882,775654,0,0,0,0,0,0,0,76789,0,95.92,96.02,96.14
66,2,0,0,0,97248,97248,97248,31,31,31,591,591,591,0.00,0.00,0.00,0.00,0.00,0.00,0.00,0.00,0.00,0.00,0.00,0.00,0.00,0.00,0.00,0.00,0.00,0.00,0.00,0.00,0.00,249815,368615,560783,260297,381718,573885,0,0,0,0,0,0,0,79968,0,99.81,99.85,99.91
66,3,0,0,0,97253,97253,97253,26,26,26,591,591,591,0.00,0.00,0.00,0.00,0.00,0.00,0.00,0.00,0.00,0.00,0.00,0.00,0.00,0.00,0.00,0.00,0.00,0.00,0.00,0.00,0.00,324937,393593,597463,338043,407743,610565,0,0,0,0,0,0,0,82872,0,103.50,103.58,103.67
67,0,0,0,0,97255,97255,97255,24,24,24,591,591,591,0.00,0.00,0.00,0.00,0.00,0.00,0.00,0.00,0.00,0.00,0.00,0.00,0.00,0.00,0.00,0.00,0.00,0.00,0.00,0.00,0.00,276023,335586,395686,283011,348513,408788,0,0,0,0,0,0,0,76451,0,95.45,95.53,95.59
67,1,0,0,0,97251,97251,97251,28,28,28,591,591,591,0.00,0.00,0.00,0.00,0.00,0.00,0.00,0.00,0.00,0.00,0.00,0.00,0.00,0.00,0.00,0.00,0.00,0.00,0.00,0.00,0.00,281801,416398,489963,290445,429132,503064,0,0,0,0,0,0,0,76840,0,95.97,96.04,96.10
67,2,0,0,0,97248,97248,97248,31,31,31,591,591,591,0.00,0.00,0.00,0.00,0.00,0.00,0.00,0.00,0.00,0.00,0.00,0.00,0.00,0.00,0.00,0.00,0.00,0.00,0.00,0.00,0.00,320732,336551,368736,333561,350138,381539,0,0,0,0,0,0,0,90139,0,99.99,100.12,100.16
67,3,0,0,0,97253,97253,97253,26,26,26,591,591,591,0.00,0.00,0.00,0.00,0.00,0.00,0.00,0.00,0.00,0.00,0.00,0.00,0.00,0.00,0.00,0.00,0.00,0.00,0.00,0.00,0.00,324938,377861,489975,335421,391487,503076,0,0,0,0,0,0,0,82962,0,103.58,103.64,103.71
68,0,0,0,0,97255,97255,97255,24,24,24,591,591,591,0.00,0.00,0.00,0.00,0.00,0.00,0.00,0.00,0.00,0.00,0.00,0.00,0.00,0.00,0.00,0.00,0.00,0.00,0.00,0.00,0.00,322318,466963,712766,338041,481638,728489,0,0,0,0,0,0,0,76536,0,95.48,95.53,95.64
68,1,0,0,0,97251,97251,97251,28,28,28,591,591,591,0.00,0.00,0.00,0.00,0.00,0.00,0.00,0.00,0.00,0.00,0.00,0.00,0.00,0.00,0.00,0.00,0.00,0.00,0.00,0.00,0.00,405812,647743,1341645,418573,661372,1357367,0,0,0,0,0,0,0,77185,0,96.00,96.13,96.41
68,2,0,0,0,97248,97248,97248,31,31,31,591,591,591,0.00,0.00,0.00,0.00,0.00,0.00,0.00,0.00,0.00,0.00,0.00,0.00,0.00,0.00,0.00,0.00,0.00,0.00,0.00,0.00,0.00,322312,536140,1152943,338034,550290,1168665,0,0,0,0,0,0,0,80408,0,100.07,100.18,100.40
68,3,0,0,0,97253,97253,97253,26,26,26,591,591,591,0.00,0.00,0.00,0.00,0.00,0.00,0.00,0.00,0.00,0.00,0.00,0.00,0.00,0.00,0.00,0.00,0.00,0.00,0.00,0.00,0.00,213130,462081,1002875,223612,474441,1018186,0,0,0,0,0,0,0,93747,0,103.60,103.74,104.06
69,0,0,0,0,97255,97255,97255,24,24,24,591,591,591,0.00,0.00,0.00,0.00,0.00,0.00,0.00,0.00,0.00,0.00,0.00,0.00,0.00,0.00,0.00,0.00,0.00,0.00,0.00,0.00,0.00,315938,347213,389969,332002,361315,405362,0,0,0,0,0,0,0,86259,0,95.75,95.84,95.89
69,1,0,0,0,97251,97251,97251,28,28,28,591,591,591,0.00,0.00,0.00,0.00,0.00,0.00,0.00,0.00,0.00,0.00,0.00,0.00,0.00,0.00,0.00,0.00,0.00,0.00,0.00,0.00,0.00,421888,601119,1084877,434991,615794,1103221,0,0,0,0,0,0,0,77010,0,96.21,96.37,96.45
69,2,0,0,0,97248,97248,97248,31,31,31,591,591,591,0.00,0.00,0.00,0.00,0.00,0.00,0.00,0.00,0.00,0.00,0.00,0.00,0.00,0.00,0.00,0.00,0.00,0.00,0.00,0.00,0.00,214873,366867,531982,223608,380144,550326,0,0,0,0,0,0,0,80006,0,100.03,100.23,100.40
69,3,0,0,0,97253,97253,97253,26,26,26,591,591,591,0.00,0.00,0.00,0.00,0.00,0.00,0.00,0.00,0.00,0.00,0.00,0.00,0.00,0.00,0.00,0.00,0.00,0.00,0.00,0.00,0.00,332796,461349,820224,345899,476537,838568,0,0,0,0,0,0,0,83138,0,103.90,104.14,104.25
70,0,0,0,0,97255,97255,97255,24,24,24,591,591,591,0.00,0.00,0.00,0.00,0.00,0.00,0.00,0.00,0.00,0.00,0.00,0.00,0.00,0.00,0.00,0.00,0.00,0.00,0.00,0.00,0.00,327558,490549,1016737,340661,504176,1032459,0,0,0,0,0,0,0,78154,0,96.18,96.92,97.41
70,1,0,0,0,97251,97251,97251,28,28,28,591,591,591,0.00,0.00,0.00,0.00,0.00,0.00,0.00,0.00,0.00,0.00,0.00,0.00,0.00,0.00,0.00,0.00,0.00,0.00,0.00,0.00,0.00,408784,477968,642008,424507,492118,660351,0,0,0,0,0,0,0,77825,0,96.40,96.81,97.13
70,2,0,0,0,97248,97248,97248,31,31,31,591,591,591,0.00,0.00,0.00,0.00,0.00,0.00,0.00,0.00,0.00,0.00,0.00,0.00,0.00,0.00,0.00,0.00,0.00,0.00,0.00,0.00,0.00,317078,345601,383740,330181,359182,396617,0,0,0,0,0,0,0,80941,0,100.26,100.67,101.00
70,3,0,0,0,97253,97253,97253,26,26,26,591,591,591,0.00,0.00,0.00,0.00,0.00,0.00,0.00,0.00,0.00,0.00,0.00,0.00,0.00,0.00,0.00,0.00,0.00,0.00,0.00,0.00,0.00,317068,350620,469082,330170,364247,482185,0,0,0,0,0,0,0,84264,0,104.08,104.63,104.99
71,0,0,0,2,96690,97063,97239,41,216,589,591,591,591,0.00,0.00,0.00,0.00,0.00,0.00,0.00,0.00,0.00,0.00,0.00,0.00,0.00,0.00,0.00,0.00,0.00,0.00,0.00,0.00,0.00,322312,1438868,2951868,338035,1699280,3348074,0,0,0,0,0,0,0,112779,0,97.44,111.98,126.01
71,1,0,0,2,96685,97056,97231,47,221,594,591,591,591,0.00,0.00,0.00,0.00,0.00,0.00,0.00,0.00,0.00,0.00,0.00,0.00,0.00,0.00,0.00,0.00,0.00,0.00,0.00,0.00,0.00,463819,1797310,3129534,476921,2068140,3379408,0,0,0,0,0,0,0,87137,0,96.86,112.76,127.44
71,2,0,0,1,96682,97054,97230,49,224,597,591,591,591,0.00,0.00,0.00,0.00,0.00,0.00,0.00,0.00,0.00,0.00,0.00,0.00,0.00,0.00,0.00,0.00,0.00,0.00,0.00,0.00,0.00,332726,1580881,3097907,347966,1859870,3422899,0,0,0,0,0,0,0,130809,0,100.75,115.76,130.23
71,3,0,0,2,96687,97060,97234,45,218,592,591,591,591,0.00,0.00,0.00,0.00,0.00,0.00,0.00,0.00,0.00,0.00,0.00,0.00,0.00,0.00,0.00,0.00,0.00,0.00,0.00,0.00,0.00,403550,1648239,2744129,416653,1901188,3346946,0,0,0,0,0,0,0,102271,0,104.73,120.07,134.44
72,0,0,0,0,96498,96536,96690,589,742,781,591,591,591,0.00,0.00,0.00,0.00,0.00,0.00,0.00,0.00,0.00,0.00,0.00,0.00,0.00,0.00,0.00,0.00,0.00,0.00,0.00,0.00,0.00,301411,321848,340726,317137,453416,925162,0,0,0,0,0,0,0,113291,0,134.97,141.14,144.06
72,1,0,0,0,96493,96531,96685,594,747,786,591,591,591,0.00,0.00,0.00,0.00,0.00,0.00,0.00,0.00,0.00,0.00,0.00,0.00,0.00,0.00,0.00,0.00,0.00,0.00,0.00,0.00,0.00,419356,524703,893700,432461,655745,1053575,0,0,0,0,0,0,0,113599,0,135.74,141.24,143.85
72,2,0,1,5,96490,96528,96682,597,750,789,591,591,591,0.00,0.00,0.00,0.00,0.00,0.00,0.00,0.00,0.00,0.00,0.00,0.00,0.00,0.00,0.00,0.00,0.00,0.00,0.00,0.00,0.00,293549,427210,618510,309275,568215,938248,0,0,0,0,0,0,0,88493,0,139.47,146.84,149.90
72,3,0,0,0,96495,96533,96687,592,745,784,591,591,591,0.00,0.00,0.00,0.00,0.00,0.00,0.00,0.00,0.00,0.00,0.00,0.00,0.00,0.00,0.00,0.00,0.00,0.00,0.00,0.00,0.00,301412,347011,408865,314517,478055,1006409,0,0,0,0,0,0,0,117942,0,143.03,147.07,149.32
73,0,0,0,0,96498,96498,96498,781,781,781,591,591,591,0.00,0.00,0.00,0.00,0.00,0.00,0.00,0.00,0.00,0.00,0.00,0.00,0.00,0.00,0.00,0.00,0.00,0.00,0.00,0.00,0.00,296169,314266,353293,311895,327930,368880,0,0,0,0,0,0,0,99093,0,141.43,141.48,141.62
73,1,0,0,0,96493,96493,96493,786,786,786,591,591,591,0.00,0.00,0.00,0.00,0.00,0.00,0.00,0.00,0.00,0.00,0.00,0.00,0.00,0.00,0.00,0.00,0.00,0.00,0.00,0.00,0.00,408869,437700,500603,421974,450805,513708,0,0,0,0,0,0,0,85027,0,141.76,141.80,141.84
73,2,0,0,0,96490,96490,96490,789,789,789,591,591,591,0.00,0.00,0.00,0.00,0.00,0.00,0.00,0.00,0.00,0.00,0.00,0.00,0.00,0.00,0.00,0.00,0.00,0.00,0.00,0.00,0.00,301410,316481,353829,314515,329586,366934,0,0,0,0,0,0,0,118025,0,147.32,147.39,147.57
73,3,0,0,0,96495,96495,96495,784,784,784,591,591,591,0.00,0.00,0.00,0.00,0.00,0.00,0.00,0.00,0.00,0.00,0.00,0.00,0.00,0.00,0.00,0.00,0.00,0.00,0.00,0.00,0.00,301412,329586,374795,314516,344001,390521,0,0,0,0,0,0,0,118222,0,147.14,147.28,147.43
75,0,0,0,0,96499,96499,96499,780,780,780,591,591,591,0.00,0.00,0.00,0.00,0.00,0.00,0.00,0.00,0.00,0.00,0.00,0.00,0.00,0.00,0.00,0.00,0.00,0.00,0.00,0.00,0.00,298630,1015853,2883064,311502,1043588,2940725,0,0,0,0,0,0,0,127501,0,141.49,141.57,141.62
75,1,0,0,0,96495,96495,96495,784,784,784,591,591,591,0.00,0.00,0.00,0.00,0.00,0.00,0.00,0.00,0.00,0.00,0.00,0.00,0.00,0.00,0.00,0.00,0.00,0.00,0.00,0.00,0.00,28825,1598802,3646510,41927,1632603,3718767,0,0,0,0,0,0,0,127635,0,141.72,141.78,141.82
75,2,0,0,0,96491,96491,96491,788,788,788,591,591,591,0.00,0.00,0.00,0.00,0.00,0.00,0.00,0.00,0.00,0.00,0.00,0.00,0.00,0.00,0.00,0.00,0.00,0.00,0.00,0.00,0.00,296173,1992316,6129752,311899,2033727,6234588,0,0,0,0,0,0,0,118519,0,147.48,147.71,147.83
75,3,0,0,0,96496,96496,96496,783,783,783,591,591,591,0.00,0.00,0.00,0.00,0.00,0.00,0.00,0.00,0.00,0.00,0.00,0.00,0.00,0.00,0.00,0.00,0.00,0.00,0.00,0.00,0.00,298730,2636209,8172364,309212,2678686,8282483,0,0,0,0,0,0,0,118258,0,147.32,147.45,147.57
76,0,0,0,0,96499,96499,96499,780,780,780,591,591,591,0.00,0.00,0.00,0.00,0.00,0.00,0.00,0.00,0.00,0.00,0.00,0.00,0.00,0.00,0.00,0.00,0.00,0.00,0.00,0.00,0.00,319756,585551,1284269,332861,599183,1299994,0,0,0,0,0,0,0,113298,0,141.50,141.51,141.56
76,1,0,0,0,96495,96495,96495,784,784,784,591,591,591,0.00,0.00,0.00,0.00,0.00,0.00,0.00,0.00,0.00,0.00,0.00,0.00,0.00,0.00,0.00,0.00,0.00,0.00,0.00,0.00,0.00,427217,508990,775804,440322,523143,791530,0,0,0,0,0,0,0,113391,0,141.66,141.69,141.70
76,2,0,0,0,96491,96491,96491,788,788,788,591,591,591,0.00,0.00,0.00,0.00,0.00,0.00,0.00,0.00,0.00,0.00,0.00,0.00,0.00,0.00,0.00,0.00,0.00,0.00,0.00,0.00,0.00,293548,307176,340719,306652,321329,353823,0,0,0,0,0,0,0,118442,0,147.91,147.97,148.01
76,3,0,0,0,96496,96496,96496,783,783,783,591,591,591,0.00,0.00,0.00,0.00,0.00,0.00,0.00,0.00,0.00,0.00,0.00,0.00,0.00,0.00,0.00,0.00,0.00,0.00,0.00,0.00,0.00,306654,347014,419353,319758,360643,435078,0,0,0,0,0,0,0,118253,0,147.59,147.65,147.74
77,0,0,0,0,96499,96499,96499,780,780,780,591,591,591,0.00,0.00,0.00,0.00,0.00,0.00,0.00,0.00,0.00,0.00,0.00,0.00,0.00,0.00,0.00,0.00,0.00,0.00,0.00,0.00,0.00,304034,330763,401008,317139,344391,414113,0,0,0,0,0,0,0,113418,0,141.52,141.59,141.72
77,1,0,0,0,96495,96495,96495,784,784,784,591,591,591,0.00,0.00,0.00,0.00,0.00,0.00,0.00,0.00,0.00,0.00,0.00,0.00,0.00,0.00,0.00,0.00,0.00,0.00,0.00,0.00,0.00,408872,454471,573991,421977,468099,584475,0,0,0,0,0,0,0,113470,0,141.71,141.74,141.78
77,2,0,0,0,96491,96491,96491,788,788,788,591,591,591,0.00,0.00,0.00,0.00,0.00,0.00,0.00,0.00,0.00,0.00,0.00,0.00,0.00,0.00,0.00,0.00,0.00,0.00,0.00,0.00,0.00,165117,305610,424493,178221,318665,434975,0,0,0,0,0,0,0,133186,0,147.96,147.98,148.01
77,3,0,0,0,96496,96496,96496,783,783,783,591,591,591,0.00,0.00,0.00,0.00,0.00,0.00,0.00,0.00,0.00,0.00,0.00,0.00,0.00,0.00,0.00,0.00,0.00,0.00,0.00,0.00,0.00,306652,338099,387898,319759,352252,401003,0,0,0,0,0,0,0,118246,0,147.63,147.70,147.73
78,0,0,0,0,96499,96499,96499,780,780,780,591,591,591,0.00,0.00,0.00,0.00,0.00,0.00,0.00,0.00,0.00,0.00,0.00,0.00,0.00,0.00,0.00,0.00,0.00,0.00,0.00,0.00,0.00,306653,312418,319755,322378,327270,332859,0,0,0,0,0,0,0,113351,0,141.53,141.63,141.70
78,1,0,0,0,96495,96495,96495,784,784,784,591,591,591,0.00,0.00,0.00,0.00,0.00,0.00,0.00,0.00,0.00,0.00,0.00,0.00,0.00,0.00,0.00,0.00,0.00,0.00,0.00,0.00,0.00,414114,431933,466530,427218,445562,479635,0,0,0,0,0,0,0,113421,0,141.69,141.72,141.75
78,2,0,0,0,96491,96491,96491,788,788,788,591,591,591,0.00,0.00,0.00,0.00,0.00,0.00,0.00,0.00,0.00,0.00,0.00,0.00,0.00,0.00,0.00,0.00,0.00,0.00,0.00,0.00,0.00,298786,515282,1082463,314511,529435,1098189,0,0,0,0,0,0,0,88688,0,147.76,147.86,147.91
78,3,0,0,0,96496,96496,96496,783,783,783,591,591,591,0.00,0.00,0.00,0.00,0.00,0.00,0.00,0.00,0.00,0.00,0.00,0.00,0.00,0.00,0.00,0.00,0.00,0.00,0.00,0.00,0.00,15725,422498,1113905,28830,435603,1124389,0,0,0,0,0,0,0,88598,0,147.44,147.53,147.64
79,0,0,0,0,96499,96499,96499,780,780,780,591,591,591,0.00,0.00,0.00,0.00,0.00,0.00,0.00,0.00,0.00,0.00,0.00,0.00,0.00,0.00,0.00,0.00,0.00,0.00,0.00,0.00,0.00,301411,320802,377397,314516,334955,393121,0,0,0,0,0,0,0,113222,0,141.53,141.56,141.58
79,1,0,0,0,96495,96495,96495,784,784,784,591,591,591,0.00,0.00,0.00,0.00,0.00,0.00,0.00,0.00,0.00,0.00,0.00,0.00,0.00,0.00,0.00,0.00,0.00,0.00,0.00,0.00,0.00,419354,775529,1495059,432459,789906,1507925,0,0,0,0,0,0,0,99364,0,141.69,141.75,141.84
79,2,0,0,0,96491,96491,96491,788,788,788,591,591,591,0.00,0.00,0.00,0.00,0.00,0.00,0.00,0.00,0.00,0.00,0.00,0.00,0.00,0.00,0.00,0.00,0.00,0.00,0.00,0.00,0.00,296169,347016,440332,309274,361170,456058,0,0,0,0,0,0,0,118058,0,147.51,147.59,147.72
79,3,0,0,0,96496,96496,96496,783,783,783,591,591,591,0.00,0.00,0.00,0.00,0.00,0.00,0.00,0.00,0.00,0.00,0.00,0.00,0.00,0.00,0.00,0.00,0.00,0.00,0.00,0.00,0.00,296007,393389,577471,311451,408015,590361,0,0,0,0,0,0,0,118217,0,147.40,147.43,147.49
80,0,0,0,0,96499,96499,96499,780,780,780,591,591,591,0.00,0.00,0.00,0.00,0.00,0.00,0.00,0.00,0.00,0.00,0.00,0.00,0.00,0.00,0.00,0.00,0.00,0.00,0.00,0.00,0.00,306655,537775,1292152,319760,551332,1307878,0,0,0,0,0,0,0,84955,0,141.54,141.63,141.69
80,1,0,0,0,96495,96495,96495,784,784,784,591,591,591,0.00,0.00,0.00,0.00,0.00,0.00,0.00,0.00,0.00,0.00,0.00,0.00,0.00,0.00,0.00,0.00,0.00,0.00,0.00,0.00,0.00,414112,502673,841330,429838,516876,857056,0,0,0,0,0,0,0,113488,0,141.79,141.82,141.86
80,2,0,0,0,96491,96491,96491,788,788,788,591,591,591,0.00,0.00,0.00,0.00,0.00,0.00,0.00,0.00,0.00,0.00,0.00,0.00,0.00,0.00,0.00,0.00,0.00,0.00,0.00,0.00,0.00,296171,309794,330242,309276,323947,345967,0,0,0,0,0,0,0,118162,0,147.55,147.62,147.69
80,3,0,0,0,96496,96496,96496,783,783,783,591,591,591,0.00,0.00,0.00,0.00,0.00,0.00,0.00,0.00,0.00,0.00,0.00,0.00,0.00,0.00,0.00,0.00,0.00,0.00,0.00,0.00,0.00,290926,327096,416733,304031,341249,429838,0,0,0,0,0,0,0,118290,0,147.49,147.55,147.59
81,0,0,0,0,96499,96499,96499,780,780,780,591,591,591,0.00,0.00,0.00,0.00,0.00,0.00,0.00,0.00,0.00,0.00,0.00,0.00,0.00,0.00,0.00,0.00,0.00,0.00,0.00,0.00,0.00,298788,349112,521571,314513,363265,534676,0,0,0,0,0,0,0,113418,0,141.66,141.70,141.74
81,1,0,0,0,96495,96495,96495,784,784,784,591,591,591,0.00,0.00,0.00,0.00,0.00,0.00,0.00,0.00,0.00,0.00,0.00,0.00,0.00,0.00,0.00,0.00,0.00,0.00,0.00,0.00,0.00,416731,459193,550404,432456,473346,563509,0,0,0,0,0,0,0,113497,0,141.83,141.87,141.95
81,2,0,0,0,96491,96491,96491,788,788,788,591,591,591,0.00,0.00,0.00,0.00,0.00,0.00,0.00,0.00,0.00,0.00,0.00,0.00,0.00,0.00,0.00,0.00,0.00,0.00,0.00,0.00,0.00,290928,308851,343346,301411,322419,359072,0,0,0,0,0,0,0,132969,0,147.64,147.68,147.71
81,3,0,0,0,96496,96496,96496,783,783,783,591,591,591,0.00,0.00,0.00,0.00,0.00,0.00,0.00,0.00,0.00,0.00,0.00,0.00,0.00,0.00,0.00,0.00,0.00,0.00,0.00,0.00,0.00,298789,307175,327618,311893,320803,340723,0,0,0,0,0,0,0,117786,0,147.03,147.25,147.49
82,0,0,0,0,96499,96499,96499,780,780,780,591,591,591,0.00,0.00,0.00,0.00,0.00,0.00,0.00,0.00,0.00,0.00,0.00,0.00,0.00,0.00,0.00,0.00,0.00,0.00,0.00,0.00,0.00,296168,323947,408871,309273,337576,421976,0,0,0,0,0,0,0,113354,0,141.54,141.62,141.70
82,1,0,0,0,96495,96495,96495,784,784,784,591,591,591,0.00,0.00,0.00,0.00,0.00,0.00,0.00,0.00,0.00,0.00,0.00,0.00,0.00,0.00,0.00,0.00,0.00,0.00,0.00,0.00,0.00,398388,432980,500606,411493,446608,513711,0,0,0,0,0,0,0,113483,0,141.75,141.77,141.79
82,2,0,0,0,96491,96491,96491,788,788,788,591,591,591,0.00,0.00,0.00,0.00,0.00,0.00,0.00,0.00,0.00,0.00,0.00,0.00,0.00,0.00,0.00,0.00,0.00,0.00,0.00,0.00,0.00,301408,575271,1171423,311892,588893,1185605,0,0,0,0,0,0,0,118301,0,147.67,147.71,147.75
82,3,0,0,0,96496,96496,96496,783,783,783,591,591,591,0.00,0.00,0.00,0.00,0.00,0.00,0.00,0.00,0.00,0.00,0.00,0.00,0.00,0.00,0.00,0.00,0.00,0.00,0.00,0.00,0.00,304030,501646,1155843,317135,515275,1168948,0,0,0,0,0,0,0,132431,0,147.00,147.02,147.04
83,0,0,0,0,96499,96499,96499,780,780,780,591,591,591,0.00,0.00,0.00,0.00,0.00,0.00,0.00,0.00,0.00,0.00,0.00,0.00,0.00,0.00,0.00,0.00,0.00,0.00,0.00,0.00,0.00,225401,300885,364314,241126,312941,377419,0,0,0,0,0,0,0,113378,0,141.62,141.64,141.67
83,1,0,0,0,96495,96495,96495,784,784,784,591,591,591,0.00,0.00,0.00,0.00,0.00,0.00,0.00,0.00,0.00,0.00,0.00,0.00,0.00,0.00,0.00,0.00,0.00,0.00,0.00,0.00,0.00,222783,448882,695422,230646,460764,707653,0,0,0,0,0,0,0,127584,0,141.73,141.75,141.77
83,2,0,0,0,96491,96491,96491,788,788,788,591,591,591,0.00,0.00,0.00,0.00,0.00,0.00,0.00,0.00,0.00,0.00,0.00,0.00,0.00,0.00,0.00,0.00,0.00,0.00,0.00,0.00,0.00,285689,317137,401011,298794,331290,416737,0,0,0,0,0,0,0,118225,0,147.77,147.80,147.83
83,3,0,0,0,96496,96496,96496,783,783,783,591,591,591,0.00,0.00,0.00,0.00,0.00,0.00,0.00,0.00,0.00,0.00,0.00,0.00,0.00,0.00,0.00,0.00,0.00,0.00,0.00,0.00,0.00,288254,347316,542536,298736,360906,555641,0,0,0,0,0,0,0,117830,0,147.01,147.04,147.06
84,0,0,0,0,96499,96499,96499,780,780,780,591,591,591,0.00,0.00,0.00,0.00,0.00,0.00,0.00,0.00,0.00,0.00,0.00,0.00,0.00,0.00,0.00,0.00,0.00,0.00,0.00,0.00,0.00,311890,533120,1119136,324995,546534,1132241,0,0,0,0,0,0,0,127415,0,141.54,141.63,141.69
84,1,0,0,0,96495,96495,96495,784,784,784,591,591,591,0.00,0.00,0.00,0.00,0.00,0.00,0.00,0.00,0.00,0.00,0.00,0.00,0.00,0.00,0.00,0.00,0.00,0.00,0.00,0.00,0.00,423055,720873,1523147,435721,734980,1538610,0,0,0,0,0,0,0,113586,0,141.72,141.81,141.86
84,2,0,0,0,96491,96491,96491,788,788,788,591,591,591,0.00,0.00,0.00,0.00,0.00,0.00,0.00,0.00,0.00,0.00,0.00,0.00,0.00,0.00,0.00,0.00,0.00,0.00,0.00,0.00,0.00,296169,308748,322384,311889,322377,335489,0,0,0,0,0,0,0,118092,0,147.57,147.67,147.74
84,3,0,0,0,96496,96496,96496,783,783,783,591,591,591,0.00,0.00,0.00,0.00,0.00,0.00,0.00,0.00,0.00,0.00,0.00,0.00,0.00,0.00,0.00,0.00,0.00,0.00,0.00,0.00,0.00,200935,364659,615922,211419,377763,631647,0,0,0,0,0,0,0,117850,0,147.03,147.05,147.07
85,0,0,0,0,96499,96499,96499,780,780,780,591,591,591,0.00,0.00,0.00,0.00,0.00,0.00,0.00,0.00,0.00,0.00,0.00,0.00,0.00,0.00,0.00,0.00,0.00,0.00,0.00,0.00,0.00,301411,357500,563508,314516,371129,579233,0,0,0,0,0,0,0,113304,0,141.57,141.60,141.63
85,1,0,0,0,96495,96495,96495,784,784,784,591,591,591,0.00,0.00,0.00,0.00,0.00,0.00,0.00,0.00,0.00,0.00,0.00,0.00,0.00,0.00,0.00,0.00,0.00,0.00,0.00,0.00,0.00,421977,463386,503224,435082,477539,518950,0,0,0,0,0,0,0,113496,0,141.72,141.78,141.85
85,2,0,0,0,96491,96491,96491,788,788,788,591,591,591,0.00,0.00,0.00,0.00,0.00,0.00,0.00,0.00,0.00,0.00,0.00,0.00,0.00,0.00,0.00,0.00,0.00,0.00,0.00,0.00,0.00,288310,312413,356442,301415,326042,372168,0,0,0,0,0,0,0,118189,0,147.57,147.61,147.64
85,3,0,0,0,96496,96496,96496,783,783,783,591,591,591,0.00,0.00,0.00,0.00,0.00,0.00,0.00,0.00,0.00,0.00,0.00,0.00,0.00,0.00,0.00,0.00,0.00,0.00,0.00,0.00,0.00,296168,332335,403615,309273,345964,416719,0,0,0,0,0,0,0,117792,0,146.96,147.01,147.03
86,0,0,0,0,96499,96499,96499,780,780,780,591,591,591,0.00,0.00,0.00,0.00,0.00,0.00,0.00,0.00,0.00,0.00,0.00,0.00,0.00,0.00,0.00,0.00,0.00,0.00,0.00,0.00,0.00,306653,332339,366937,317138,346492,382663,0,0,0,0,0,0,0,113616,0,141.56,141.66,141.81
86,1,0,0,0,96495,96495,96495,784,784,784,591,591,591,0.00,0.00,0.00,0.00,0.00,0.00,0.00,0.00,0.00,0.00,0.00,0.00,0.00,0.00,0.00,0.00,0.00,0.00,0.00,0.00,0.00,401003,425119,458669,416729,438224,471774,0,0,0,0,0,0,0,113649,0,141.79,141.82,141.83
86,2,0,0,0,96491,96491,96491,788,788,788,591,591,591,0.00,0.00,0.00,0.00,0.00,0.00,0.00,0.00,0.00,0.00,0.00,0.00,0.00,0.00,0.00,0.00,0.00,0.00,0.00,0.00,0.00,303993,554633,1140369,314476,568054,1155052,0,0,0,0,0,0,0,118230,0,147.64,147.68,147.70
86,3,0,0,0,96496,96496,96496,783,783,783,591,591,591,0.00,0.00,0.00,0.00,0.00,0.00,0.00,0.00,0.00,0.00,0.00,0.00,0.00,0.00,0.00,0.00,0.00,0.00,0.00,0.00,0.00,296171,546715,1297299,311897,560344,1307782,0,0,0,0,0,0,0,102988,0,146.98,147.03,147.08
87,0,0,0,0,96499,96499,96499,780,780,780,591,591,591,0.00,0.00,0.00,0.00,0.00,0.00,0.00,0.00,0.00,0.00,0.00,0.00,0.00,0.00,0.00,0.00,0.00,0.00,0.00,0.00,0.00,301396,369553,639518,314515,383182,650002,0,0,0,0,0,0,0,113361,0,141.66,141.75,141.82
87,1,0,0,0,96495,96495,96495,784,784,784,591,591,591,0.00,0.00,0.00,0.00,0.00,0.00,0.00,0.00,0.00,0.00,0.00,0.00,0.00,0.00,0.00,0.00,0.00,0.00,0.00,0.00,0.00,414114,473865,579232,429840,488019,594958,0,0,0,0,0,0,0,99293,0,141.78,141.84,141.88
87,2,0,0,0,96491,96491,96491,788,788,788,591,591,591,0.00,0.00,0.00,0.00,0.00,0.00,0.00,0.00,0.00,0.00,0.00,0.00,0.00,0.00,0.00,0.00,0.00,0.00,0.00,0.00,0.00,213172,301058,359072,221909,314338,372177,0,0,0,0,0,0,0,88731,0,147.61,147.67,147.71
87,3,0,0,0,96496,96496,96496,783,783,783,591,591,591,0.00,0.00,0.00,0.00,0.00,0.00,0.00,0.00,0.00,0.00,0.00,0.00,0.00,0.00,0.00,0.00,0.00,0.00,0.00,0.00,0.00,301895,359168,555649,314796,372756,566133,0,0,0,0,0,0,0,117895,0,147.08,147.13,147.23
88,0,0,0,0,96499,96499,96499,780,780,780,591,591,591,0.00,0.00,0.00,0.00,0.00,0.00,0.00,0.00,0.00,0.00,0.00,0.00,0.00,0.00,0.00,0.00,0.00,0.00,0.00,0.00,0.00,322379,378219,488078,338104,391318,498537,0,0,0,0,0,0,0,99150,0,141.53,141.55,141.58
88,1,0,0,0,96495,96495,96495,784,784,784,591,591,591,0.00,0.00,0.00,0.00,0.00,0.00,0.00,0.00,0.00,0.00,0.00,0.00,0.00,0.00,0.00,0.00,0.00,0.00,0.00,0.00,0.00,272584,811976,1787485,283068,824328,1800589,0,0,0,0,0,0,0,113507,0,141.75,141.80,141.84
88,2,0,0,0,96491,96491,96491,788,788,788,591,591,591,0.00,0.00,0.00,0.00,0.00,0.00,0.00,0.00,0.00,0.00,0.00,0.00,0.00,0.00,0.00,0.00,0.00,0.00,0.00,0.00,0.00,293548,321724,372178,309274,335484,382662,0,0,0,0,0,0,0,118213,0,147.69,147.72,147.77
88,3,0,0,0,96496,96496,96496,783,783,783,591,591,591,0.00,0.00,0.00,0.00,0.00,0.00,0.00,0.00,0.00,0.00,0.00,0.00,0.00,0.00,0.00,0.00,0.00,0.00,0.00,0.00,0.00,306645,397724,657867,319749,411484,670972,0,0,0,0,0,0,0,117696,0,146.93,147.01,147.07
89,0,0,0,0,96499,96499,96499,780,780,780,591,591,591,0.00,0.00,0.00,0.00,0.00,0.00,0.00,0.00,0.00,0.00,0.00,0.00,0.00,0.00,0.00,0.00,0.00,0.00,0.00,0.00,0.00,309257,528292,1223216,322361,542447,1236038,0,0,0,0,0,0,0,113162,0,141.59,141.66,141.70
89,1,0,0,0,96495,96495,96495,784,784,784,591,591,591,0.00,0.00,0.00,0.00,0.00,0.00,0.00,0.00,0.00,0.00,0.00,0.00,0.00,0.00,0.00,0.00,0.00,0.00,0.00,0.00,0.00,427216,499551,746960,437701,514228,762685,0,0,0,0,0,0,0,113525,0,141.81,141.85,141.88
89,2,0,0,0,96491,96491,96491,788,788,788,591,591,591,0.00,0.00,0.00,0.00,0.00,0.00,0.00,0.00,0.00,0.00,0.00,0.00,0.00,0.00,0.00,0.00,0.00,0.00,0.00,0.00,0.00,304030,339153,429840,317135,353830,445566,0,0,0,0,0,0,0,118249,0,147.78,147.80,147.82
89,3,0,0,0,96496,96496,96496,783,783,783,591,591,591,0.00,0.00,0.00,0.00,0.00,0.00,0.00,0.00,0.00,0.00,0.00,0.00,0.00,0.00,0.00,0.00,0.00,0.00,0.00,0.00,0.00,262094,333905,453419,270831,348233,471766,0,0,0,0,0,0,0,117755,0,146.93,146.97,147.02
90,0,0,0,0,96499,96499,96499,780,780,780,591,591,591,0.00,0.00,0.00,0.00,0.00,0.00,0.00,0.00,0.00,0.00,0.00,0.00,0.00,0.00,0.00,0.00,0.00,0.00,0.00,0.00,0.00,306653,330765,387904,319759,344918,401009,0,0,0,0,0,0,0,113346,0,141.52,141.66,141.73
90,1,0,0,0,96495,96495,96495,784,784,784,591,591,591,0.00,0.00,0.00,0.00,0.00,0.00,0.00,0.00,0.00,0.00,0.00,0.00,0.00,0.00,0.00,0.00,0.00,0.00,0.00,0.00,0.00,414114,440317,495362,427219,453946,508467,0,0,0,0,0,0,0,113537,0,141.84,141.87,141.90
90,2,0,0,0,96491,96491,96491,788,788,788,591,591,591,0.00,0.00,0.00,0.00,0.00,0.00,0.00,0.00,0.00,0.00,0.00,0.00,0.00,0.00,0.00,0.00,0.00,0.00,0.00,0.00,0.00,304033,531447,1289515,319759,545543,1299999,0,0,0,0,0,0,0,133031,0,147.75,147.77,147.80
90,3,0,0,0,96496,96496,96496,783,783,783,591,591,591,0.00,0.00,0.00,0.00,0.00,0.00,0.00,0.00,0.00,0.00,0.00,0.00,0.00,0.00,0.00,0.00,0.00,0.00,0.00,0.00,0.00,304029,356449,456046,317134,370078,469151,0,0,0,0,0,0,0,132307,0,146.85,146.93,147.01
91,0,0,0,1,95787,96095,96499,780,1183,1492,591,591,591,0.00,0.00,0.00,0.00,0.00,0.00,0.00,0.00,0.00,0.00,0.00,0.00,0.00,0.00,0.00,0.00,0.00,0.00,0.00,0.00,0.00,304012,2236836,4327221,513700,2688838,4977221,0,0,0,0,0,0,0,113682,0,141.67,141.87,142.12
91,1,0,0,2,95783,96097,96495,784,1178,1496,591,591,591,0.00,0.00,0.00,0.00,0.00,0.00,0.00,0.00,0.00,0.00,0.00,0.00,0.00,0.00,0.00,0.00,0.00,0.00,0.00,0.00,0.00,429816,2035375,3957629,626376,2504854,4235449,0,0,0,0,0,0,0,127918,0,141.84,141.93,142.05
91,2,0,0,1,95775,96089,96491,788,1190,1504,591,591,591,0.00,0.00,0.00,0.00,0.00,0.00,0.00,0.00,0.00,0.00,0.00,0.00,0.00,0.00,0.00,0.00,0.00,0.00,0.00,0.00,0.00,301391,1862117,3356005,505813,2294359,4227763,0,0,0,0,0,0,0,103684,0,147.67,147.78,147.89
91,3,0,0,1,95784,96081,96496,783,1193,1495,591,591,591,0.00,0.00,0.00,0.00,0.00,0.00,0.00,0.00,0.00,0.00,0.00,0.00,0.00,0.00,0.00,0.00,0.00,0.00,0.00,0.00,0.00,319735,2244280,4699294,880583,2707803,4969248,0,0,0,0,0,0,0,117794,0,146.80,146.90,147.02
92,0,0,0,0,95787,95787,95787,1492,1492,1492,591,591,591,0.00,0.00,0.00,0.00,0.00,0.00,0.00,0.00,0.00,0.00,0.00,0.00,0.00,0.00,0.00,0.00,0.00,0.00,0.00,0.00,0.00,301397,486142,755940,314501,558645,1061467,0,0,0,0,524,2620,0,127562,0,141.77,141.95,142.16
92,1,0,0,0,95783,95783,95783,1496,1496,1496,591,591,591,0.00,0.00,0.00,0.00,0.00,0.00,0.00,0.00,0.00,0.00,0.00,0.00,0.00,0.00,0.00,0.00,0.00,0.00,0.00,0.00,0.00,427217,506889,741694,437701,525760,757419,0,0,0,0,0,0,0,127642,0,141.89,142.01,142.12
92,2,0,0,2,95775,95775,95775,1504,1504,1504,591,591,591,0.00,0.00,0.00,0.00,0.00,0.00,0.00,0.00,0.00,0.00,0.00,0.00,0.00,0.00,0.00,0.00,0.00,0.00,0.00,0.00,0.00,298781,356969,474377,311885,387371,571349,0,524,2620,0,0,0,0,118230,0,147.82,148.00,148.14
92,3,0,0,0,95784,95784,95784,1495,1495,1495,591,591,591,0.00,0.00,0.00,0.00,0.00,0.00,0.00,0.00,0.00,0.00,0.00,0.00,0.00,0.00,0.00,0.00,0.00,0.00,0.00,0.00,0.00,296164,327095,366932,309268,347014,382657,0,524,2620,0,524,2620,0,102774,0,146.92,147.05,147.16
93,0,0,0,0,95787,95787,95787,1492,1492,1492,591,591,591,0.00,0.00,0.00,0.00,0.00,0.00,0.00,0.00,0.00,0.00,0.00,0.00,0.00,0.00,0.00,0.00,0.00,0.00,0.00,0.00,0.00,309276,371654,566134,322381,385283,579239,0,0,0,0,0,0,0,113385,0,141.52,141.60,141.66
93,1,0,0,0,95783,95783,95783,1496,1496,1496,591,591,591,0.00,0.00,0.00,0.00,0.00,0.00,0.00,0.00,0.00,0.00,0.00,0.00,0.00,0.00,0.00,0.00,0.00,0.00,0.00,0.00,0.00,425983,802289,1761270,438892,816403,1776996,0,0,0,0,0,0,0,85139,0,141.70,141.73,141.75
93,2,0,0,0,95775,95775,95775,1504,1504,1504,591,591,591,0.00,0.00,0.00,0.00,0.00,0.00,0.00,0.00,0.00,0.00,0.00,0.00,0.00,0.00,0.00,0.00,0.00,0.00,0.00,0.00,0.00,293548,312943,335484,306653,326572,348589,0,0,0,0,0,0,0,118106,0,147.40,147.48,147.54
93,3,0,0,0,95784,95784,95784,1495,1495,1495,591,591,591,0.00,0.00,0.00,0.00,0.00,0.00,0.00,0.00,0.00,0.00,0.00,0.00,0.00,0.00,0.00,0.00,0.00,0.00,0.00,0.00,0.00,304031,516849,1218723,319756,530477,1229206,0,0,0,0,0,0,0,117412,0,146.65,146.69,146.75
94,0,0,0,0,95787,95787,95787,1492,1492,1492,591,591,591,0.00,0.00,0.00,0.00,0.00,0.00,0.00,0.00,0.00,0.00,0.00,0.00,0.00,0.00,0.00,0.00,0.00,0.00,0.00,0.00,0.00,306653,324472,387903,319758,338101,401008,0,0,0,0,0,0,0,113329,0,141.61,141.67,141.75
94,1,0,0,0,95783,95783,95783,1496,1496,1496,591,591,591,0.00,0.00,0.00,0.00,0.00,0.00,0.00,0.00,0.00,0.00,0.00,0.00,0.00,0.00,0.00,0.00,0.00,0.00,0.00,0.00,0.00,411491,446083,539920,424596,459712,555646,0,0,0,0,0,0,0,113875,0,141.80,142.00,142.11
94,2,0,0,0,95775,95775,95775,1504,1504,1504,591,591,591,0.00,0.00,0.00,0.00,0.00,0.00,0.00,0.00,0.00,0.00,0.00,0.00,0.00,0.00,0.00,0.00,0.00,0.00,0.00,0.00,0.00,288307,336007,445562,304033,349636,458667,0,0,0,0,0,0,0,133833,0,147.69,148.11,148.45
94,3,0,0,0,95784,95784,95784,1495,1495,1495,591,591,591,0.00,0.00,0.00,0.00,0.00,0.00,0.00,0.00,0.00,0.00,0.00,0.00,0.00,0.00,0.00,0.00,0.00,0.00,0.00,0.00,0.00,298784,401047,644773,314510,414643,657878,0,0,0,0,0,0,0,117285,0,146.59,146.62,146.65
95,0,0,0,0,95787,95787,95787,1492,1492,1492,591,591,591,0.00,0.00,0.00,0.00,0.00,0.00,0.00,0.00,0.00,0.00,0.00,0.00,0.00,0.00,0.00,0.00,0.00,0.00,0.00,0.00,0.00,298791,304557,314517,311895,318186,327622,0,0,0,0,0,0,0,113264,0,141.58,141.61,141.67
95,1,0,0,0,95783,95783,95783,1496,1496,1496,591,591,591,0.00,0.00,0.00,0.00,0.00,0.00,0.00,0.00,0.00,0.00,0.00,0.00,0.00,0.00,0.00,0.00,0.00,0.00,0.00,0.00,0.00,401004,440323,490125,416730,454476,503230,0,0,0,0,0,0,0,113837,0,142.20,142.24,142.28
95,2,0,0,0,95775,95775,95775,1504,1504,1504,591,591,591,0.00,0.00,0.00,0.00,0.00,0.00,0.00,0.00,0.00,0.00,0.00,0.00,0.00,0.00,0.00,0.00,0.00,0.00,0.00,0.00,0.00,157249,505743,1137492,170353,518915,1153218,0,0,0,0,0,0,0,118977,0,148.31,148.40,148.49
95,3,0,0,0,95784,95784,95784,1495,1495,1495,591,591,591,0.00,0.00,0.00,0.00,0.00,0.00,0.00,0.00,0.00,0.00,0.00,0.00,0.00,0.00,0.00,0.00,0.00,0.00,0.00,0.00,0.00,293546,324997,372171,306651,338626,385275,0,0,0,0,0,0,0,117418,0,146.59,146.64,146.71
96,0,0,0,0,95787,95787,95787,1492,1492,1492,591,591,591,0.00,0.00,0.00,0.00,0.00,0.00,0.00,0.00,0.00,0.00,0.00,0.00,0.00,0.00,0.00,0.00,0.00,0.00,0.00,0.00,0.00,306653,353830,421979,317137,367591,435084,0,0,0,0,0,0,0,99098,0,141.59,141.64,141.66
96,1,0,0,0,95783,95783,95783,1496,1496,1496,591,591,591,0.00,0.00,0.00,0.00,0.00,0.00,0.00,0.00,0.00,0.00,0.00,0.00,0.00,0.00,0.00,0.00,0.00,0.00,0.00,0.00,0.00,414115,439011,477016,427220,452772,492742,0,0,0,0,0,0,0,113859,0,142.09,142.15,142.20
96,2,0,0,0,95775,95775,95775,1504,1504,1504,591,591,591,0.00,0.00,0.00,0.00,0.00,0.00,0.00,0.00,0.00,0.00,0.00,0.00,0.00,0.00,0.00,0.00,0.00,0.00,0.00,0.00,0.00,293547,327619,408872,306652,341379,424598,0,0,0,0,0,0,0,118963,0,148.31,148.36,148.41
96,3,0,0,0,95784,95784,95784,1495,1495,1495,591,591,591,0.00,0.00,0.00,0.00,0.00,0.00,0.00,0.00,0.00,0.00,0.00,0.00,0.00,0.00,0.00,0.00,0.00,0.00,0.00,0.00,0.00,301410,364310,432450,314515,378726,448176,0,0,0,0,0,0,0,132084,0,146.76,146.80,146.82
97,0,0,0,0,95787,95787,95787,1492,1492,1492,591,591,591,0.00,0.00,0.00,0.00,0.00,0.00,0.00,0.00,0.00,0.00,0.00,0.00,0.00,0.00,0.00,0.00,0.00,0.00,0.00,0.00,0.00,309274,460790,914845,322378,474061,923541,0,0,0,0,0,0,0,113534,0,141.60,141.69,141.83
97,1,0,0,0,95783,95783,95783,1496,1496,1496,591,591,591,0.00,0.00,0.00,0.00,0.00,0.00,0.00,0.00,0.00,0.00,0.00,0.00,0.00,0.00,0.00,0.00,0.00,0.00,0.00,0.00,0.00,293550,699792,1777015,302287,712548,1792741,0,0,0,0,0,0,0,128229,0,142.16,142.26,142.34
97,2,0,0,0,95775,95775,95775,1504,1504,1504,591,591,591,0.00,0.00,0.00,0.00,0.00,0.00,0.00,0.00,0.00,0.00,0.00,0.00,0.00,0.00,0.00,0.00,0.00,0.00,0.00,0.00,0.00,288302,304027,330222,301407,317656,343326,0,0,0,0,0,0,0,118536,0,148.22,148.41,148.50
97,3,0,0,0,95784,95784,95784,1495,1495,1495,591,591,591,0.00,0.00,0.00,0.00,0.00,0.00,0.00,0.00,0.00,0.00,0.00,0.00,0.00,0.00,0.00,0.00,0.00,0.00,0.00,0.00,0.00,149385,489590,1121755,159868,502170,1134860,0,0,0,0,0,0,0,118170,0,146.75,146.95,147.24
98,0,0,0,0,95787,95787,95787,1492,1492,1492,591,591,591,0.00,0.00,0.00,0.00,0.00,0.00,0.00,0.00,0.00,0.00,0.00,0.00,0.00,0.00,0.00,0.00,0.00,0.00,0.00,0.00,0.00,304031,351207,442933,317136,365360,458658,0,0,0,0,0,0,0,113479,0,141.61,141.66,141.75
98,1,0,0,0,95783,95783,95783,1496,1496,1496,591,591,591,0.00,0.00,0.00,0.00,0.00,0.00,0.00,0.00,0.00,0.00,0.00,0.00,0.00,0.00,0.00,0.00,0.00,0.00,0.00,0.00,0.00,406173,487393,746980,419275,500978,760085,0,0,0,0,0,0,0,113658,0,142.01,142.12,142.25
98,2,0,0,0,95775,95775,95775,1504,1504,1504,591,591,591,0.00,0.00,0.00,0.00,0.00,0.00,0.00,0.00,0.00,0.00,0.00,0.00,0.00,0.00,0.00,0.00,0.00,0.00,0.00,0.00,0.00,293546,363262,608052,306652,376891,621157,0,0,0,0,0,0,0,133382,0,148.10,148.17,148.22
98,3,0,0,0,95784,95784,95784,1495,1495,1495,591,591,591,0.00,0.00,0.00,0.00,0.00,0.00,0.00,0.00,0.00,0.00,0.00,0.00,0.00,0.00,0.00,0.00,0.00,0.00,0.00,0.00,0.00,296126,372232,626743,309229,385767,639379,0,0,0,0,0,0,0,117713,0,147.07,147.25,147.38
99,0,0,0,0,95787,95787,95787,1492,1492,1492,591,591,591,0.00,0.00,0.00,0.00,0.00,0.00,0.00,0.00,0.00,0.00,0.00,0.00,0.00,0.00,0.00,0.00,0.00,0.00,0.00,0.00,0.00,290924,314510,364309,306650,328664,377414,0,0,0,0,0,0,0,113424,0,141.77,141.85,141.92
99,1,0,0,0,95783,95783,95783,1496,1496,1496,591,591,591,0.00,0.00,0.00,0.00,0.00,0.00,0.00,0.00,0.00,0.00,0.00,0.00,0.00,0.00,0.00,0.00,0.00,0.00,0.00,0.00,0.00,408871,487496,608056,421976,502174,626403,0,0,0,0,0,0,0,113611,0,142.04,142.05,142.07
99,2,0,0,0,95775,95775,95775,1504,1504,1504,591,591,591,0.00,0.00,0.00,0.00,0.00,0.00,0.00,0.00,0.00,0.00,0.00,0.00,0.00,0.00,0.00,0.00,0.00,0.00,0.00,0.00,0.00,152016,533387,1077188,165121,548539,1090292,0,0,0,0,0,0,0,118781,0,147.98,148.06,148.11
99,3,0,0,0,95784,95784,95784,1495,1495,1495,591,591,591,0.00,0.00,0.00,0.00,0.00,0.00,0.00,0.00,0.00,0.00,0.00,0.00,0.00,0.00,0.00,0.00,0.00,0.00,0.00,0.00,0.00,301409,358544,456043,317135,373222,474390,0,0,0,0,0,0,0,119049,0,146.99,147.53,148.20
100,0,0,0,0,95787,95787,95787,1492,1492,1492,591,591,591,0.00,0.00,0.00,0.00,0.00,0.00,0.00,0.00,0.00,0.00,0.00,0.00,0.00,0.00,0.00,0.00,0.00,0.00,0.00,0.00,0.00,301413,324999,387904,317138,338628,401008,0,0,0,0,0,0,0,127541,0,141.78,141.82,141.89
100,1,0,0,0,95783,95783,95783,1496,1496,1496,591,591,591,0.00,0.00,0.00,0.00,0.00,0.00,0.00,0.00,0.00,0.00,0.00,0.00,0.00,0.00,0.00,0.00,0.00,0.00,0.00,0.00,0.00,427218,443460,476989,440323,457613,490093,0,0,0,0,0,0,0,113644,0,141.90,141.94,141.98
100,2,0,0,0,95775,95775,95775,1504,1504,1504,591,591,591,0.00,0.00,0.00,0.00,0.00,0.00,0.00,0.00,0.00,0.00,0.00,0.00,0.00,0.00,0.00,0.00,0.00,0.00,0.00,0.00,0.00,290874,361388,416725,301170,374163,429830,0,0,0,0,0,0,0,89134,0,148.17,148.30,148.43
100,3,0,0,0,95784,95784,95784,1495,1495,1495,591,591,591,0.00,0.00,0.00,0.00,0.00,0.00,0.00,0.00,0.00,0.00,0.00,0.00,0.00,0.00,0.00,0.00,0.00,0.00,0.00,0.00,0.00,301408,345964,442942,314513,360117,458667,0,0,0,0,0,0,0,103550,0,148.10,148.50,148.76
101,0,0,8,25,90591,91371,94487,2792,5908,6688,591,591,591,0.00,0.00,0.01,0.00,0.00,0.01,0.00,0.00,0.00,0.00,0.00,0.00,0.00,0.00,0.00,0.00,0.00,0.00,0.00,0.00,0.01,260359,586713,1425621,311894,889103,2287808,0,0,0,0,0,0,0,115567,0,141.71,143.40,144.27
101,1,0,1,7,90587,91499,95143,2136,5779,6692,591,591,591,0.00,0.00,0.01,0.00,0.00,0.01,0.00,0.00,0.00,0.00,0.00,0.00,0.00,0.00,0.00,0.00,0.00,0.00,0.00,0.00,0.01,270819,555278,1263292,343348,850552,1276397,0,0,0,0,0,0,0,102246,0,142.58,144.52,145.51
101,2,0,8,27,90579,91471,95035,2244,5807,6700,591,591,591,0.00,0.00,0.01,0.00,0.00,0.01,0.00,0.00,0.00,0.00,0.00,0.00,0.00,0.00,0.00,0.00,0.00,0.00,0.00,0.00,0.01,424510,567157,862278,437693,931999,1923845,0,0,0,0,0,0,0,122289,0,149.36,151.29,152.17
101,3,0,8,22,90588,91786,95764,1515,5493,6691,591,591,591,0.00,0.00,0.01,0.00,0.00,0.01,0.00,0.00,0.00,0.00,0.00,0.00,0.00,0.00,0.00,0.00,0.00,0.00,0.00,0.00,0.02,136289,524151,1305058,146772,888436,1973310,0,0,0,0,0,0,0,121640,0,148.36,150.03,151.26
102,0,0,0,0,90591,90591,90591,6688,6688,6688,591,591,591,0.00,0.00,0.00,0.00,0.00,0.00,0.00,0.00,0.00,0.00,0.00,0.00,0.00,0.00,0.00,0.00,0.00,0.00,0.00,0.00,0.00,306635,322895,372171,319752,336524,385275,0,0,0,0,0,0,0,113289,0,141.57,142.32,143.85
102,1,0,0,0,90587,90587,90587,6692,6692,6692,591,591,591,0.00,0.00,0.00,0.00,0.00,0.00,0.00,0.00,0.00,0.00,0.00,0.00,0.00,0.00,0.00,0.00,0.00,0.00,0.00,0.00,0.00,299012,351770,542526,311901,365356,555631,0,0,0,0,0,0,0,113626,0,141.92,142.73,144.67
102,2,0,0,0,90579,90579,90579,6700,6700,6700,591,591,591,0.00,0.00,0.00,0.00,0.00,0.00,0.00,0.00,0.00,0.00,0.00,0.00,0.00,0.00,0.00,0.00,0.00,0.00,0.00,0.00,0.00,429813,440835,471764,442918,454988,484869,0,0,0,0,0,0,0,118625,0,148.16,149.12,151.09
102,3,0,0,0,90588,90588,90588,6691,6691,6691,591,591,591,0.00,0.00,0.00,0.00,0.00,0.00,0.00,0.00,0.00,0.00,0.00,0.00,0.00,0.00,0.00,0.00,0.00,0.00,0.00,0.00,0.00,293493,383895,550405,309216,396963,563509,0,0,0,0,0,0,0,118742,0,148.03,148.98,150.58
103,0,0,0,0,90591,90591,90591,6688,6688,6688,591,591,591,0.00,0.00,0.00,0.00,0.00,0.00,0.00,0.00,0.00,0.00,0.00,0.00,0.00,0.00,0.00,0.00,0.00,0.00,0.00,0.00,0.00,306652,380559,602815,319756,394188,615920,0,0,0,0,0,0,0,113468,0,141.51,141.57,141.70
103,1,0,0,0,90587,90587,90587,6692,6692,6692,591,591,591,0.00,0.00,0.00,0.00,0.00,0.00,0.00,0.00,0.00,0.00,0.00,0.00,0.00,0.00,0.00,0.00,0.00,0.00,0.00,0.00,0.00,304025,316085,359068,317130,330238,372173,0,0,0,0,0,0,0,113500,0,141.83,141.90,141.94
103,2,0,0,0,90579,90579,90579,6700,6700,6700,591,591,591,0.00,0.00,0.00,0.00,0.00,0.00,0.00,0.00,0.00,0.00,0.00,0.00,0.00,0.00,0.00,0.00,0.00,0.00,0.00,0.00,0.00,233264,717089,1672159,243747,730194,1687885,0,0,0,0,0,0,0,118577,0,148.10,148.14,148.17
103,3,0,0,0,90588,90588,90588,6691,6691,6691,591,591,591,0.00,0.00,0.00,0.00,0.00,0.00,0.00,0.00,0.00,0.00,0.00,0.00,0.00,0.00,0.00,0.00,0.00,0.00,0.00,0.00,0.00,304029,332334,406244,317134,345963,419349,0,0,0,0,0,0,0,118471,0,147.86,147.92,148.00
104,0,0,0,0,90591,90591,90591,6688,6688,6688,591,591,591,0.00,0.00,0.00,0.00,0.00,0.00,0.00,0.00,0.00,0.00,0.00,0.00,0.00,0.00,0.00,0.00,0.00,0.00,0.00,0.00,0.00,298788,318444,359068,311893,332204,372173,0,0,0,0,0,0,0,84923,0,141.54,141.65,141.70
104,1,0,0,0,90587,90587,90587,6692,6692,6692,591,591,591,0.00,0.00,0.00,0.00,0.00,0.00,0.00,0.00,0.00,0.00,0.00,0.00,0.00,0.00,0.00,0.00,0.00,0.00,0.00,0.00,0.00,301407,311892,322376,314511,324997,332860,0,0,0,0,0,0,0,113607,0,141.79,141.84,141.88
104,2,0,0,0,90579,90579,90579,6700,6700,6700,591,591,591,0.00,0.00,0.00,0.00,0.00,0.00,0.00,0.00,0.00,0.00,0.00,0.00,0.00,0.00,0.00,0.00,0.00,0.00,0.00,0.00,0.00,414115,474591,641251,427220,487201,649988,0,0,0,0,0,0,0,118547,0,148.04,148.06,148.10
104,3,0,0,0,90588,90588,90588,6691,6691,6691,591,591,591,0.00,0.00,0.00,0.00,0.00,0.00,0.00,0.00,0.00,0.00,0.00,0.00,0.00,0.00,0.00,0.00,0.00,0.00,0.00,0.00,0.00,296167,326958,359067,309272,340718,374793,0,0,0,0,0,0,0,133370,0,147.85,147.89,147.97
105,0,0,0,0,90591,90591,90591,6688,6688,6688,591,591,591,0.00,0.00,0.00,0.00,0.00,0.00,0.00,0.00,0.00,0.00,0.00,0.00,0.00,0.00,0.00,0.00,0.00,0.00,0.00,0.00,0.00,257652,547935,1396963,268028,561017,1412689,0,0,0,0,0,0,0,113324,0,141.59,141.68,141.74
105,1,0,0,0,90587,90587,90587,6692,6692,6692,591,591,591,0.00,0.00,0.00,0.00,0.00,0.00,0.00,0.00,0.00,0.00,0.00,0.00,0.00,0.00,0.00,0.00,0.00,0.00,0.00,0.00,0.00,279570,377239,668347,288307,390518,681451,0,0,0,0,0,0,0,128257,0,141.94,142.10,142.29
105,2,0,0,0,90579,90579,90579,6700,6700,6700,591,591,591,0.00,0.00,0.00,0.00,0.00,0.00,0.00,0.00,0.00,0.00,0.00,0.00,0.00,0.00,0.00,0.00,0.00,0.00,0.00,0.00,0.00,411489,450794,513677,421972,464947,529402,0,0,0,0,0,0,0,119589,0,148.01,148.46,148.88
105,3,0,0,0,90588,90588,90588,6691,6691,6691,591,591,591,0.00,0.00,0.00,0.00,0.00,0.00,0.00,0.00,0.00,0.00,0.00,0.00,0.00,0.00,0.00,0.00,0.00,0.00,0.00,0.00,0.00,152014,517897,1127000,167740,532050,1140105,0,0,0,0,0,0,0,120442,0,147.97,148.47,149.12
106,0,0,8,44,88001,88519,90591,6688,8760,9278,591,591,591,0.00,0.00,0.00,0.00,0.00,0.00,0.00,0.00,0.00,0.00,0.00,0.00,0.00,0.00,0.00,0.00,0.00,0.00,0.00,0.00,0.01,301413,399956,644762,314518,587609,1132184,0,0,0,0,0,0,0,114609,0,141.63,142.67,142.98
106,1,0,8,42,87617,88326,90025,7254,8952,9662,591,591,591,0.00,0.00,0.00,0.00,0.00,0.00,0.00,0.00,0.00,0.00,0.00,0.00,0.00,0.00,0.00,0.00,0.00,0.00,0.00,0.00,0.01,298790,559820,1362820,311895,748001,1399511,0,0,0,0,0,0,0,114364,0,143.17,143.68,143.82
106,2,0,8,41,87989,88511,90579,6700,8768,9290,591,591,591,0.00,0.00,0.00,0.00,0.00,0.00,0.00,0.00,0.00,0.00,0.00,0.00,0.00,0.00,0.00,0.00,0.00,0.00,0.00,0.00,0.01,416734,528372,807262,429839,716542,1008916,0,0,0,0,0,0,0,120954,0,149.25,150.59,151.02
106,3,0,2,10,87998,89033,90588,6691,8245,9281,591,591,591,0.00,0.00,0.00,0.00,0.00,0.00,0.00,0.00,0.00,0.00,0.00,0.00,0.00,0.00,0.00,0.00,0.00,0.00,0.00,0.00,0.01,290925,391737,532060,319755,531338,1002867,0,0,0,0,0,0,0,120784,0,149.76,151.16,152.01
107,0,0,0,2,86561,86885,87001,10278,10394,10718,591,591,591,0.00,0.00,0.00,0.00,0.00,0.00,0.00,0.00,0.00,0.00,0.00,0.00,0.00,0.00,0.00,0.00,0.00,0.00,0.00,0.00,0.00,301396,318692,324982,314500,413040,589660,0,0,0,0,0,0,0,113542,0,141.93,142.25,143.18
107,1,0,3,13,86557,86881,86997,10282,10398,10722,591,591,591,0.00,0.00,0.00,0.00,0.00,0.00,0.00,0.00,0.00,0.00,0.00,0.00,0.00,0.00,0.00,0.00,0.00,0.00,0.00,0.00,0.00,296820,326673,356357,353807,418705,605434,0,0,0,0,0,0,0,113839,0,142.57,142.75,143.30
107,2,0,2,7,86549,86873,86989,10290,10406,10730,591,591,591,0.00,0.00,0.00,0.00,0.00,0.00,0.00,0.00,0.00,0.00,0.00,0.00,0.00,0.00,0.00,0.00,0.00,0.00,0.00,0.00,0.00,207052,655715,1569752,220157,745349,1582855,0,0,0,0,0,0,0,118525,0,148.52,149.36,150.98
107,3,0,0,3,86558,87082,87998,9281,10197,10721,591,591,591,0.00,0.00,0.00,0.00,0.00,0.00,0.00,0.00,0.00,0.00,0.00,0.00,0.00,0.00,0.00,0.00,0.00,0.00,0.00,0.00,0.00,311878,338160,372173,364295,430328,508450,0,0,0,0,0,0,0,118682,0,148.14,148.85,150.26
108,0,3,80,100,86519,86519,86519,10760,10760,10760,591,591,591,0.00,0.01,0.01,0.00,0.00,0.00,0.00,0.00,0.00,0.00,0.00,0.00,0.00,0.00,0.00,0.00,0.00,0.00,0.00,0.00,0.00,301415,349108,474382,311899,378462,492728,0,524,2620,0,0,0,0,114054,0,142.00,142.22,142.45
108,1,3,80,100,86515,86515,86515,10764,10764,10764,591,591,591,0.00,0.01,0.01,0.00,0.00,0.00,0.00,0.00,0.00,0.00,0.00,0.00,0.00,0.00,0.00,0.00,0.00,0.00,0.00,0.00,0.00,296169,361691,576614,309275,392618,589719,0,0,0,0,0,0,0,114329,0,142.39,142.66,142.82
108,2,56,91,100,86507,86507,86507,10772,10772,10772,591,591,591,0.00,0.01,0.01,0.00,0.00,0.00,0.00,0.00,0.00,0.00,0.00,0.00,0.00,0.00,0.00,0.00,0.00,0.00,0.00,0.00,0.00,411561,501835,767924,424422,535345,878002,0,0,0,0,0,0,0,89071,0,148.16,148.37,148.46
108,3,86,97,100,86516,86516,86516,10763,10763,10763,591,591,591,0.00,0.01,0.01,0.00,0.00,0.00,0.00,0.00,0.00,0.00,0.00,0.00,0.00,0.00,0.00,0.00,0.00,0.00,0.00,0.00,0.00,293545,317657,348586,309271,348060,427208,0,0,0,0,524,2620,0,133399,0,148.08,148.23,148.41
109,0,0,58,100,80411,81686,86519,10760,15604,16868,591,591,591,0.00,0.05,0.15,0.00,0.01,0.05,0.00,0.00,0.00,0.00,0.00,0.00,0.00,0.00,0.00,0.00,0.00,0.00,0.00,0.01,0.04,314512,586009,1292040,330237,1025234,2437317,0,167728,801955,0,0,0,0,123410,0,142.44,148.36,151.76
109,1,0,60,100,80287,81626,86515,10764,15636,16992,591,591,591,0.00,0.03,0.12,0.00,0.01,0.05,0.00,0.00,0.00,0.00,0.00,0.00,0.00,0.00,0.00,0.00,0.00,0.00,0.00,0.01,0.06,311891,380024,477011,327617,821355,1499086,0,0,0,0,0,0,0,110581,0,142.73,149.31,153.45
109,2,0,54,100,80275,81611,86507,10772,15667,17004,591,591,591,0.00,0.03,0.08,0.00,0.01,0.04,0.00,0.00,0.00,0.00,0.00,0.00,0.00,0.00,0.00,0.00,0.00,0.00,0.00,0.01,0.05,424588,731577,1478211,440313,1172027,2222288,0,0,0,0,0,0,0,129788,0,148.23,155.89,159.40
109,3,0,48,100,80196,81556,86516,10763,15711,17083,591,591,591,0.00,0.03,0.11,0.00,0.01,0.05,0.00,0.00,0.00,0.00,0.00,0.00,0.00,0.00,0.00,0.00,0.00,0.00,0.00,0.01,0.06,165099,561372,1129478,335486,1001635,2308747,0,0,0,0,0,0,0,98167,0,148.00,154.39,158.17
110,0,0,0,0,80001,80127,80411,16868,17152,17278,591,591,591,0.00,0.00,0.00,0.00,0.00,0.00,0.00,0.00,0.00,0.00,0.00,0.00,0.00,0.00,0.00,0.00,0.00,0.00,0.00,0.00,0.00,214557,1303222,3203698,224939,1713013,4115298,0,0,0,0,0,0,0,113821,0,142.14,144.73,151.76
110,1,0,0,0,80013,80109,80287,16534,17022,17266,591,591,591,0.00,0.00,0.00,0.00,0.00,0.00,0.00,0.00,0.00,0.00,0.00,0.00,0.00,0.00,0.00,0.00,0.00,0.00,0.00,0.00,0.00,372177,1378550,2489801,421975,1787047,3278675,0,0,0,0,0,0,0,114055,0,142.45,145.70,153.21
110,2,0,0,4,79985,80089,80275,17004,17190,17294,591,591,591,0.00,0.00,0.00,0.00,0.00,0.00,0.00,0.00,0.00,0.00,0.00,0.00,0.00,0.00,0.00,0.00,0.00,0.00,0.00,0.00,0.00,432432,1509713,2942585,445536,1920677,3718882,0,0,0,0,0,0,0,133761,0,148.20,151.78,159.66
110,3,0,0,3,80034,80096,80196,17083,17182,17245,591,591,591,0.00,0.00,0.00,0.00,0.00,0.00,0.00,0.00,0.00,0.00,0.00,0.00,0.00,0.00,0.00,0.00,0.00,0.00,0.00,0.00,0.00,317130,1294009,3150273,332855,1670540,4023019,0,0,0,0,0,0,0,118078,0,147.44,150.30,157.94
111,0,0,0,0,79991,79999,80001,17278,17280,17288,591,591,591,0.00,0.00,0.00,0.00,0.00,0.00,0.00,0.00,0.00,0.00,0.00,0.00,0.00,0.00,0.00,0.00,0.00,0.00,0.00,0.00,0.00,304032,587989,1076457,317133,630951,1236224,0,0,0,0,0,0,0,114033,0,142.34,142.44,142.51
111,1,0,0,1,80003,80011,80013,17266,17268,17276,591,591,591,0.00,0.00,0.00,0.00,0.00,0.00,0.00,0.00,0.00,0.00,0.00,0.00,0.00,0.00,0.00,0.00,0.00,0.00,0.00,0.00,0.00,293549,425755,728211,306653,461863,848707,0,0,0,0,0,0,0,114193,0,142.63,142.75,142.92
111,2,0,0,1,79975,79983,79985,17294,17296,17304,591,591,591,0.00,0.00,0.00,0.00,0.00,0.00,0.00,0.00,0.00,0.00,0.00,0.00,0.00,0.00,0.00,0.00,0.00,0.00,0.00,0.00,0.00,228025,770026,1583064,243750,806193,1596169,0,0,0,0,0,0,0,120303,0,148.57,149.09,149.68
111,3,0,0,1,80024,80032,80034,17245,17247,17255,591,591,591,0.00,0.00,0.00,0.00,0.00,0.00,0.00,0.00,0.00,0.00,0.00,0.00,0.00,0.00,0.00,0.00,0.00,0.00,0.00,0.00,0.00,301231,399555,718371,314880,435690,838974,0,0,0,0,0,0,0,123511,0,148.25,150.63,153.36
112,0,0,10,36,79917,79940,79991,17288,17339,17362,591,591,591,0.00,0.03,0.13,0.00,0.01,0.06,0.00,0.01,0.06,0.00,0.00,0.00,0.00,0.00,0.01,0.00,0.00,0.00,0.00,0.01,0.05,314496,579938,1019492,330220,709671,1205569,0,0,0,0,0,0,0,115590,0,142.23,149.99,158.02
112,1,0,10,41,79929,79951,80003,17276,17327,17350,591,591,591,0.00,0.04,0.16,0.00,0.02,0.07,0.00,0.02,0.07,0.00,0.00,0.00,0.00,0.00,0.01,0.00,0.00,0.00,0.00,0.02,0.06,311720,581971,847006,327437,709753,1032952,0,0,0,0,0,0,0,133989,0,142.55,152.41,162.33
112,2,0,5,17,79901,79923,79975,17304,17355,17378,591,591,591,0.00,0.04,0.10,0.00,0.02,0.05,0.00,0.02,0.05,0.00,0.00,0.00,0.00,0.00,0.00,0.00,0.00,0.00,0.00,0.01,0.04,413953,768516,1014240,426809,885733,1234364,0,0,0,0,0,0,0,137792,0,149.97,158.23,166.99
112,3,0,1,4,79950,79972,80024,17255,17306,17329,591,591,591,0.00,0.03,0.13,0.00,0.01,0.06,0.00,0.01,0.06,0.00,0.00,0.00,0.00,0.00,0.01,0.00,0.00,0.00,0.00,0.01,0.05,314505,504503,815069,330231,632265,1001146,0,0,0,0,0,0,0,135574,0,153.58,160.87,168.50
113,0,0,0,1,79917,79917,79917,17362,17362,17362,591,591,591,0.00,0.00,0.00,0.00,0.00,0.00,0.00,0.00,0.00,0.00,0.00,0.00,0.00,0.00,0.00,0.00,0.00,0.00,0.00,0.00,0.00,351204,580274,1373385,361688,610677,1389111,0,0,0,0,0,0,0,114397,0,142.90,152.21,158.28
113,1,0,0,1,79929,79929,79929,17350,17350,17350,591,591,591,0.00,0.00,0.00,0.00,0.00,0.00,0.00,0.00,0.00,0.00,0.00,0.00,0.00,0.00,0.00,0.00,0.00,0.00,0.00,0.00,0.00,154634,355399,576616,167738,385278,670972,0,0,0,0,0,0,0,127940,0,142.46,154.87,162.95
113,2,0,0,0,79901,79901,79901,17378,17378,17378,591,591,591,0.00,0.00,0.00,0.00,0.00,0.00,0.00,0.00,0.00,0.00,0.00,0.00,0.00,0.00,0.00,0.00,0.00,0.00,0.00,0.00,0.00,421972,518933,710256,435077,547588,723360,0,0,0,0,0,0,0,118065,0,147.89,158.81,166.15
113,3,0,0,1,79950,79950,79950,17329,17329,17329,591,591,591,0.00,0.00,0.00,0.00,0.00,0.00,0.00,0.00,0.00,0.00,0.00,0.00,0.00,0.00,0.00,0.00,0.00,0.00,0.00,0.00,0.00,154634,457614,1111288,167738,486444,1121772,0,0,0,0,0,0,0,118134,0,147.93,158.54,166.37
114,0,0,0,0,79917,79917,79917,17362,17362,17362,591,591,591,0.00,0.00,0.00,0.00,0.00,0.00,0.00,0.00,0.00,0.00,0.00,0.00,0.00,0.00,0.00,0.00,0.00,0.00,0.00,0.00,0.00,202474,303132,403628,212858,316228,414112,0,0,0,0,0,0,0,114350,0,142.90,142.94,142.97
114,1,0,0,0,79929,79929,79929,17350,17350,17350,591,591,591,0.00,0.00,0.00,0.00,0.00,0.00,0.00,0.00,0.00,0.00,0.00,0.00,0.00,0.00,0.00,0.00,0.00,0.00,0.00,0.00,0.00,301407,472817,1053626,311890,485398,1064110,0,0,0,0,0,0,0,113756,0,142.06,142.11,142.16
114,2,0,0,0,79901,79901,79901,17378,17378,17378,591,591,591,0.00,0.00,0.00,0.00,0.00,0.00,0.00,0.00,0.00,0.00,0.00,0.00,0.00,0.00,0.00,0.00,0.00,0.00,0.00,0.00,0.00,419349,470716,566119,432454,484344,576602,0,0,0,0,0,0,0,132693,0,147.45,147.50,147.59
114,3,0,0,0,79950,79950,79950,17329,17329,17329,591,591,591,0.00,0.00,0.00,0.00,0.00,0.00,0.00,0.00,0.00,0.00,0.00,0.00,0.00,0.00,0.00,0.00,0.00,0.00,0.00,0.00,0.00,306649,392265,571361,319754,405544,584465,0,0,0,0,0,0,0,118126,0,147.58,147.60,147.62
115,0,0,0,0,79917,79917,79917,17362,17362,17362,591,591,591,0.00,0.00,0.00,0.00,0.00,0.00,0.00,0.00,0.00,0.00,0.00,0.00,0.00,0.00,0.00,0.00,0.00,0.00,0.00,0.00,0.00,304029,367455,602818,319754,382132,613302,0,0,0,0,0,0,0,114511,0,142.92,142.98,143.05
115,1,0,0,0,79929,79929,79929,17350,17350,17350,591,591,591,0.00,0.00,0.00,0.00,0.00,0.00,0.00,0.00,0.00,0.00,0.00,0.00,0.00,0.00,0.00,0.00,0.00,0.00,0.00,0.00,0.00,293485,324582,411488,309208,339735,424592,0,0,0,0,0,0,0,113805,0,142.02,142.08,142.12
115,2,0,0,0,79901,79901,79901,17378,17378,17378,591,591,591,0.00,0.00,0.00,0.00,0.00,0.00,0.00,0.00,0.00,0.00,0.00,0.00,0.00,0.00,0.00,0.00,0.00,0.00,0.00,0.00,0.00,214917,695052,1611771,230643,710253,1624875,0,0,0,0,0,0,0,118434,0,147.45,147.60,147.75
115,3,0,0,0,79950,79950,79950,17329,17329,17329,591,591,591,0.00,0.00,0.00,0.00,0.00,0.00,0.00,0.00,0.00,0.00,0.00,0.00,0.00,0.00,0.00,0.00,0.00,0.00,0.00,0.00,0.00,296167,319031,359067,309272,333649,372171,0,0,0,0,0,0,0,119271,0,147.69,148.22,148.63
117,0,0,2,17,73453,78731,79917,17362,18550,23826,591,591,591,0.00,0.01,0.06,0.00,0.00,0.02,0.00,0.00,0.02,0.00,0.00,0.00,0.00,0.00,0.00,0.00,0.00,0.00,0.00,0.00,0.02,219848,1225196,3745074,311890,1436537,3839422,0,0,0,0,0,0,0,285068,0,143.07,145.27,155.91
117,1,0,4,22,59627,76602,79929,17350,20595,37306,591,591,591,0.00,0.02,0.10,0.00,0.01,0.04,0.00,0.00,0.03,0.00,0.00,0.00,0.00,0.00,0.00,0.00,0.00,0.00,0.00,0.01,0.04,293544,1053715,3863270,306649,1338490,3978592,0,0,0,0,0,0,0,265310,0,142.05,144.69,159.88
117,2,0,2,19,65669,77502,79901,17378,19778,31610,591,591,591,0.00,0.01,0.07,0.00,0.01,0.03,0.00,0.00,0.02,0.00,0.00,0.00,0.00,0.00,0.00,0.00,0.00,0.00,0.00,0.01,0.05,421971,1104813,3960784,435076,1354231,4063014,0,0,0,0,0,0,0,276493,0,147.88,150.70,167.41
117,3,0,1,12,73486,78773,79950,17329,18503,23793,591,591,591,0.00,0.01,0.09,0.00,0.01,0.04,0.00,0.00,0.03,0.00,0.00,0.00,0.00,0.00,0.00,0.00,0.00,0.00,0.00,0.00,0.03,296166,1082893,5069579,309271,1474400,5211129,0,0,0,0,0,0,0,279191,0,147.72,150.21,160.12
118,0,0,1,4,71951,71951,71955,25324,25327,25328,591,591,591,0.00,0.06,0.23,0.00,0.02,0.08,0.00,0.02,0.07,0.00,0.00,0.00,0.00,0.00,0.01,0.00,0.00,0.00,0.00,0.02,0.06,332863,558754,1048283,359073,1342355,2293119,0,0,0,0,0,0,0,135667,0,159.91,174.52,183.18
118,1,2,35,97,53497,54186,56543,40676,43070,43782,591,591,591,0.07,0.25,0.42,0.03,0.09,0.15,0.01,0.07,0.13,0.00,0.00,0.00,0.00,0.01,0.02,0.00,0.00,0.00,0.01,0.07,0.13,151998,506288,1307510,513749,1632114,2825063,0,0,0,0,0,0,0,202768,0,183.61,215.01,259.52
118,2,0,23,92,62723,62939,63805,33474,34339,34556,591,591,591,0.00,0.15,0.37,0.00,0.05,0.13,0.00,0.04,0.12,0.00,0.00,0.00,0.00,0.01,0.01,0.00,0.00,0.00,0.00,0.04,0.12,443002,546270,670137,479638,1549367,2717600,0,0,0,0,0,0,0,171986,0,175.13,203.92,229.45
118,3,0,15,61,71984,71984,71988,25291,25294,25295,591,591,591,0.00,0.06,0.19,0.00,0.02,0.07,0.00,0.02,0.05,0.00,0.00,0.00,0.00,0.00,0.01,0.00,0.00,0.00,0.00,0.02,0.05,301409,567663,1234357,324986,1141610,2594508,0,0,0,0,0,0,0,140206,0,164.59,178.35,186.17
119,0,16,34,60,64023,66726,71951,25328,30552,33256,591,591,591,0.14,0.24,0.42,0.02,0.09,0.17,0.00,0.05,0.12,0.00,0.00,0.00,0.00,0.01,0.02,0.00,0.00,0.00,0.02,0.09,0.16,359029,516796,914600,636831,1200266,1543552,0,0,0,0,0,0,0,162312,0,172.28,199.51,248.61
119,1,0,16,50,53497,53497,53497,43782,43782,43782,591,591,591,0.00,0.10,0.26,0.00,0.05,0.13,0.00,0.02,0.05,0.00,0.00,0.00,0.00,0.00,0.01,0.00,0.00,0.00,0.00,0.05,0.14,408863,701969,1318159,421968,1043514,1653595,0,0,0,0,0,0,0,150150,0,182.83,227.59,262.68
119,2,0,19,56,62723,62723,62723,34556,34556,34556,591,591,591,0.00,0.08,0.26,0.00,0.04,0.15,0.00,0.02,0.06,0.00,0.00,0.00,0.00,0.00,0.01,0.00,0.00,0.00,0.00,0.06,0.18,427041,663057,1050966,437521,1004300,2183179,0,0,0,0,0,0,0,168058,0,181.79,191.06,207.24
119,3,0,10,39,69644,70112,71984,25295,27167,27635,591,591,591,0.00,0.07,0.15,0.00,0.04,0.09,0.00,0.01,0.07,0.00,0.00,0.00,0.00,0.00,0.01,0.00,0.00,0.00,0.00,0.04,0.10,293545,421413,607984,377415,777829,1163555,0,0,0,0,0,0,0,139837,0,173.70,176.80,178.24
120,0,0,15,47,64023,64023,64023,33256,33256,33256,591,591,591,0.00,0.14,0.36,0.00,0.06,0.14,0.00,0.04,0.08,0.00,0.00,0.00,0.00,0.01,0.01,0.00,0.00,0.00,0.00,0.05,0.13,296164,577631,1504416,311890,893149,1643325,0,0,0,0,0,0,0,146425,0,198.10,246.07,274.17
120,1,0,0,0,53497,53497,53497,43782,43782,43782,591,591,591,0.00,0.00,0.00,0.00,0.00,0.00,0.00,0.00,0.00,0.00,0.00,0.00,0.00,0.00,0.00,0.00,0.00,0.00,0.00,0.00,0.00,311893,375311,414110,324998,395230,448183,0,0,0,0,0,0,0,113320,0,141.64,157.31,182.80
120,2,0,0,0,62723,62723,62723,34556,34556,34556,591,591,591,0.00,0.00,0.00,0.00,0.00,0.00,0.00,0.00,0.00,0.00,0.00,0.00,0.00,0.00,0.00,0.00,0.00,0.00,0.00,0.00,0.00,408865,664647,1001149,424591,684566,1011632,0,0,0,0,0,0,0,117491,0,146.75,158.42,181.74
120,3,0,0,0,69644,69644,69644,27635,27635,27635,591,591,591,0.00,0.00,0.00,0.00,0.00,0.00,0.00,0.00,0.00,0.00,0.00,0.00,0.00,0.00,0.00,0.00,0.00,0.00,0.00,0.00,0.00,309260,386321,448178,322364,406240,484870,0,0,0,0,0,0,0,117849,0,147.25,154.40,169.19
121,0,0,18,43,45557,55152,64023,33256,42142,51722,591,591,591,0.00,0.09,0.22,0.00,0.04,0.09,0.00,0.03,0.07,0.00,0.00,0.00,0.00,0.00,0.01,0.00,0.00,0.00,0.00,0.03,0.06,298079,424421,544355,424590,1315184,2408560,0,0,0,0,0,0,0,170198,0,141.65,175.41,203.01
121,1,0,28,86,53495,53496,53497,43782,43782,43782,591,591,591,0.00,0.21,0.55,0.00,0.09,0.25,0.00,0.05,0.10,0.00,0.00,0.00,0.00,0.01,0.02,0.00,0.00,0.00,0.00,0.08,0.26,212281,359740,453413,340719,1215304,2468685,0,0,0,0,0,0,0,203485,0,141.56,184.57,256.09
121,2,0,33,70,53241,60826,62723,34556,36460,44078,591,591,591,0.00,0.20,0.47,0.00,0.09,0.23,0.00,0.05,0.13,0.00,0.00,0.00,0.00,0.01,0.02,0.00,0.00,0.00,0.00,0.08,0.21,458010,498322,558294,490109,1363777,2784637,0,0,0,0,0,0,0,178651,0,146.70,180.32,246.54
121,3,0,26,78,54822,61620,69644,27635,35642,42457,591,591,591,0.00,0.11,0.28,0.00,0.04,0.10,0.00,0.03,0.07,0.00,0.00,0.00,0.00,0.00,0.01,0.00,0.00,0.00,0.00,0.03,0.08,157246,513132,1223868,364309,1457118,3050499,0,0,0,0,0,0,0,140430,0,146.94,172.17,221.58
122,0,35,71,89,45557,45557,45557,51722,51722,51722,591,591,591,0.17,0.54,0.71,0.07,0.21,0.29,0.03,0.15,0.22,0.00,0.00,0.00,0.00,0.02,0.03,0.00,0.00,0.00,0.04,0.17,0.29,324973,460160,828061,1697898,2439732,2992900,0,0,0,0,0,0,0,304560,0,272.57,334.97,401.62
122,1,25,49,70,30631,43678,53495,43784,53596,66648,591,591,591,0.14,0.35,0.59,0.05,0.14,0.27,0.03,0.11,0.18,0.00,0.00,0.00,0.00,0.02,0.03,0.00,0.00,0.00,0.03,0.11,0.22,319742,601173,1119036,2057360,2620105,3144744,0,0,0,0,0,0,0,262810,0,281.81,319.54,346.96
122,2,22,44,80,9253,16587,29681,67598,80691,88026,591,591,591,0.09,0.28,0.59,0.03,0.10,0.21,0.02,0.09,0.20,0.00,0.00,0.00,0.00,0.02,0.04,0.00,0.00,0.00,0.02,0.07,0.15,437625,555026,833261,2311461,2761528,3293740,0,0,0,0,0,0,0,213209,0,288.48,327.15,361.68
122,3,25,49,84,27386,38080,54822,42457,59190,69893,591,591,591,0.09,0.35,0.61,0.03,0.15,0.27,0.02,0.10,0.20,0.00,0.00,0.00,0.00,0.02,0.03,0.00,0.00,0.00,0.02,0.12,0.25,324967,381566,497899,2149004,2442981,2738612,0,0,0,0,0,0,0,242578,0,269.06,312.95,336.04
123,0,39,62,96,16995,36347,45557,51722,60931,80284,591,591,591,0.34,0.51,0.80,0.12,0.20,0.32,0.10,0.15,0.24,0.00,0.00,0.00,0.01,0.03,0.05,0.00,0.00,0.00,0.08,0.16,0.20,338049,567103,945964,846432,1709686,2966292,0,0,0,0,0,0,0,330008,0,354.56,375.11,410.06
123,1,17,63,100,27065,27173,27605,69674,70106,70214,591,591,591,0.09,0.48,0.79,0.03,0.18,0.27,0.02,0.13,0.26,0.00,0.00,0.00,0.00,0.02,0.04,0.00,0.00,0.00,0.02,0.15,0.24,307606,540894,1047123,761257,1547176,2364389,0,0,0,0,0,0,0,328805,0,285.89,319.01,377.79
123,2,41,85,100,8593,8593,8593,88686,88686,88686,591,591,591,0.15,0.66,0.85,0.07,0.23,0.31,0.02,0.19,0.29,0.00,0.00,0.00,0.00,0.03,0.05,0.00,0.00,0.00,0.05,0.18,0.25,445308,975840,1986452,896203,1816373,2667225,0,0,0,0,0,0,0,433366,0,242.72,332.32,444.30
123,3,34,70,100,27086,27086,27086,70193,70193,70193,591,591,591,0.23,0.53,0.82,0.09,0.20,0.27,0.03,0.15,0.28,0.00,0.00,0.00,0.01,0.02,0.04,0.00,0.00,0.00,0.05,0.16,0.23,341514,600678,1373183,558838,1599306,3377926,0,0,0,0,0,0,0,376535,0,291.06,344.82,394.02
124,0,23,44,100,8609,10231,14197,83082,87047,88670,591,591,591,0.10,0.32,0.84,0.04,0.11,0.25,0.02,0.08,0.28,0.00,0.00,0.00,0.00,0.01,0.05,0.00,0.00,0.00,0.02,0.08,0.19,314487,552052,912005,899913,1489283,1947184,0,0,0,0,0,0,0,272993,0,258.57,301.46,343.87
124,1,31,62,85,27065,27065,27065,70214,70214,70214,591,591,591,0.13,0.39,0.54,0.05,0.16,0.25,0.03,0.11,0.16,0.00,0.00,0.00,0.00,0.02,0.03,0.00,0.00,0.00,0.02,0.11,0.21,335439,694364,1440839,1168798,1561729,2342018,0,0,0,0,0,0,0,299501,0,327.86,381.95,420.48
124,2,32,57,90,8593,8593,8593,88686,88686,88686,591,591,591,0.14,0.42,0.79,0.05,0.17,0.32,0.03,0.13,0.25,0.00,0.00,0.00,0.00,0.02,0.05,0.00,0.00,0.00,0.02,0.12,0.19,316231,517093,761716,1184557,1342516,1450888,0,0,0,0,0,0,0,285898,0,337.15,400.62,450.68
124,3,34,72,100,27086,27086,27086,70193,70193,70193,591,591,591,0.23,0.52,0.79,0.10,0.20,0.26,0.04,0.15,0.26,0.00,0.00,0.00,0.01,0.02,0.04,0.00,0.00,0.00,0.06,0.15,0.22,324967,516792,932964,1208148,1360631,1525248,0,0,0,0,0,0,0,312877,0,342.29,386.30,419.99
125,0,34,76,100,8609,8609,8609,88670,88670,88670,591,591,591,0.15,0.64,0.85,0.05,0.23,0.32,0.03,0.19,0.28,0.00,0.00,0.00,0.00,0.03,0.05,0.00,0.00,0.00,0.02,0.16,0.26,255052,637493,1202587,553777,1046018,1420049,0,0,0,0,0,0,0,277528,0,369.79,437.24,506.87
125,1,32,57,89,27065,27065,27065,70214,70214,70214,591,591,591,0.26,0.49,0.67,0.11,0.19,0.29,0.08,0.14,0.20,0.00,0.00,0.00,0.01,0.02,0.03,0.00,0.00,0.00,0.08,0.16,0.23,327585,378415,442882,712724,927707,1195032,0,0,0,0,0,0,0,290661,0,329.64,366.27,398.85
125,2,33,78,100,8593,8593,8593,88686,88686,88686,591,591,591,0.29,0.64,0.82,0.14,0.23,0.32,0.03,0.18,0.28,0.00,0.00,0.00,0.01,0.03,0.05,0.00,0.00,0.00,0.11,0.18,0.26,442896,585683,1069019,626011,1025387,1513369,0,0,0,0,0,0,0,380918,0,339.56,380.66,427.85
125,3,33,69,100,27086,27086,27086,70193,70193,70193,591,591,591,0.24,0.54,0.75,0.09,0.22,0.28,0.05,0.16,0.23,0.00,0.00,0.00,0.01,0.02,0.03,0.00,0.00,0.00,0.06,0.17,0.26,204098,605066,1642452,683914,1118969,1959686,0,0,0,0,0,0,0,296734,0,368.21,387.22,411.06
126,0,43,85,100,8609,8609,8609,88670,88670,88670,591,591,591,0.20,0.64,0.84,0.08,0.22,0.29,0.03,0.18,0.28,0.00,0.00,0.00,0.00,0.03,0.05,0.00,0.00,0.00,0.06,0.17,0.23,468899,611190,904240,594894,1135199,1496584,0,0,0,0,0,0,0,356840,0,349.71,365.30,393.88
126,1,29,59,100,27063,27063,27065,70214,70215,70216,591,591,591,0.14,0.45,0.82,0.05,0.16,0.26,0.03,0.13,0.27,0.00,0.00,0.00,0.00,0.02,0.04,0.00,0.00,0.00,0.02,0.11,0.21,319277,503419,676149,929599,1192524,1386131,0,0,0,0,0,0,0,307288,0,309.36,345.98,380.39
126,2,31,75,100,8593,8593,8593,88686,88686,88686,591,591,591,0.20,0.54,0.78,0.07,0.21,0.33,0.04,0.16,0.26,0.00,0.00,0.00,0.01,0.03,0.04,0.00,0.00,0.00,0.05,0.15,0.25,463833,1141951,3142268,817621,1769571,3815798,0,0,0,0,0,0,0,337306,0,383.30,411.33,428.23
126,3,35,77,100,22726,25681,27086,70193,71598,74553,591,591,591,0.20,0.55,0.77,0.08,0.22,0.33,0.05,0.17,0.26,0.00,0.00,0.00,0.01,0.03,0.04,0.00,0.00,0.00,0.04,0.15,0.24,382628,828720,1234077,725945,1475991,2067677,0,0,0,0,0,0,0,246662,0,349.11,385.48,419.42
127,0,28,64,97,8609,8609,8609,88670,88670,88670,591,591,591,0.28,0.49,0.82,0.11,0.20,0.33,0.09,0.14,0.26,0.00,0.00,0.00,0.01,0.02,0.05,0.00,0.00,0.00,0.06,0.15,0.20,353803,479062,778293,678778,1055098,1457007,0,0,0,0,0,0,0,290719,0,369.17,400.31,426.79
127,1,26,59,100,27063,27063,27063,70216,70216,70216,591,591,591,0.21,0.45,0.83,0.08,0.18,0.31,0.06,0.13,0.22,0.00,0.00,0.00,0.01,0.02,0.03,0.00,0.00,0.00,0.05,0.14,0.25,327256,386204,565984,838575,1046930,1301170,0,0,0,0,0,0,0,304912,0,346.45,381.58,412.35
127,2,33,72,100,8593,8593,8593,88686,88686,88686,591,591,591,0.16,0.54,0.83,0.06,0.19,0.28,0.03,0.15,0.28,0.00,0.00,0.00,0.00,0.03,0.05,0.00,0.00,0.00,0.03,0.15,0.25,342275,530735,846451,611946,1185850,1695539,0,0,0,0,0,0,0,303817,0,358.37,371.28,401.82
127,3,30,63,100,17806,18162,19586,77693,79117,79473,591,591,591,0.12,0.49,0.84,0.05,0.16,0.25,0.03,0.14,0.28,0.00,0.00,0.00,0.00,0.02,0.05,0.00,0.00,0.00,0.02,0.12,0.19,324954,459138,780978,364263,1137359,1690371,0,0,0,0,0,0,0,348744,0,336.07,351.02,384.20
128,0,32,67,100,8609,8609,8609,88670,88670,88670,591,591,591,0.14,0.49,0.82,0.05,0.18,0.30,0.03,0.13,0.28,0.00,0.00,0.00,0.00,0.02,0.04,0.00,0.00,0.00,0.02,0.15,0.27,324925,501891,817668,448120,1083502,1533907,0,0,0,0,0,0,0,328418,0,336.89,354.19,382.90
128,1,51,70,93,27063,27063,27063,70216,70216,70216,591,591,591,0.20,0.47,0.78,0.07,0.18,0.30,0.04,0.13,0.21,0.00,0.00,0.00,0.01,0.02,0.03,0.00,0.00,0.00,0.05,0.15,0.27,319650,525362,1287760,736377,1178774,1816474,0,0,0,0,0,0,0,204122,0,328.12,355.28,379.40
128,2,35,61,97,8593,8593,8593,88686,88686,88686,591,591,591,0.16,0.46,0.82,0.06,0.18,0.33,0.03,0.14,0.25,0.00,0.00,0.00,0.00,0.02,0.05,0.00,0.00,0.00,0.03,0.12,0.21,482644,622806,1001315,846510,1281883,1698953,0,0,0,0,0,0,0,311753,0,357.33,405.80,430.17
128,3,34,64,100,17806,17806,17806,79473,79473,79473,591,591,591,0.15,0.43,0.64,0.06,0.18,0.30,0.03,0.12,0.19,0.00,0.00,0.00,0.00,0.02,0.03,0.00,0.00,0.00,0.03,0.14,0.28,332715,346956,366900,843870,1053423,1357059,0,0,0,0,0,0,0,256249,0,327.57,397.98,433.03
129,0,37,64,79,8609,8609,8609,88670,88670,88670,591,591,591,0.17,0.43,0.63,0.06,0.17,0.24,0.04,0.12,0.18,0.00,0.00,0.00,0.00,0.02,0.03,0.00,0.00,0.00,0.03,0.12,0.20,314477,539334,901522,1090213,1336892,1479825,0,0,0,0,0,0,0,300069,0,336.56,382.10,431.90
129,1,34,49,57,27063,27063,27063,70216,70216,70216,591,591,591,0.27,0.35,0.40,0.10,0.14,0.17,0.08,0.10,0.14,0.00,0.00,0.00,0.01,0.01,0.02,0.00,0.00,0.00,0.06,0.12,0.15,214569,450257,1022059,818688,1087673,1795156,0,0,0,0,0,0,0,265791,0,310.66,337.68,363.18
129,2,41,88,100,8569,8569,8569,88710,88710,88710,591,591,591,0.18,0.68,0.86,0.08,0.23,0.34,0.03,0.19,0.29,0.00,0.00,0.00,0.00,0.03,0.05,0.00,0.00,0.00,0.05,0.18,0.27,505773,1112116,2392211,757352,1567584,2502258,0,0,0,0,0,0,0,439754,0,350.64,386.20,453.96
129,3,41,62,100,17806,17806,17806,79473,79473,79473,591,591,591,0.20,0.48,0.81,0.08,0.18,0.29,0.05,0.13,0.24,0.00,0.00,0.00,0.01,0.02,0.04,0.00,0.00,0.00,0.04,0.15,0.24,364104,639672,1328698,717732,1267577,1989116,0,0,0,0,0,0,0,310935,0,356.06,371.48,393.22
130,0,37,81,100,8609,8609,8609,88670,88670,88670,591,591,591,0.26,0.62,0.82,0.10,0.23,0.33,0.05,0.18,0.27,0.00,0.00,0.00,0.01,0.03,0.05,0.00,0.00,0.00,0.07,0.18,0.30,330168,460671,869879,495252,1003102,1980810,0,0,0,0,0,0,0,320407,0,390.10,410.78,428.39
130,1,37,55,81,27063,27063,27063,70216,70216,70216,591,591,591,0.22,0.41,0.60,0.08,0.16,0.27,0.06,0.12,0.17,0.00,0.00,0.00,0.01,0.02,0.02,0.00,0.00,0.00,0.05,0.13,0.25,319380,392862,543365,940857,1077752,1254118,0,0,0,0,0,0,0,289619,0,299.97,324.54,353.84
130,2,35,61,93,8569,8569,8569,88710,88710,88710,591,591,591,0.17,0.52,0.77,0.06,0.21,0.33,0.03,0.16,0.26,0.00,0.00,0.00,0.00,0.03,0.04,0.00,0.00,0.00,0.04,0.16,0.23,487406,564480,754735,943452,1118474,1394087,0,0,0,0,0,0,0,317918,0,388.73,430.25,473.70
130,3,35,65,100,17806,17806,17806,79473,79473,79473,591,591,591,0.14,0.48,0.68,0.05,0.19,0.30,0.03,0.14,0.20,0.00,0.00,0.00,0.00,0.02,0.03,0.00,0.00,0.00,0.03,0.15,0.26,332827,506817,694478,909376,1145190,1320708,0,0,0,0,0,0,0,311867,0,308.76,336.82,379.75
131,0,39,78,100,8609,8609,8609,88670,88670,88670,591,591,591,0.26,0.57,0.81,0.11,0.23,0.30,0.04,0.16,0.27,0.00,0.00,0.00,0.01,0.02,0.04,0.00,0.00,0.00,0.07,0.18,0.28,343243,543982,872620,791429,1379425,2138544,0,0,0,0,0,0,0,318455,0,374.67,400.38,417.59
131,1,26,50,96,8617,12752,19063,78196,84522,88662,591,591,591,0.11,0.36,0.90,0.04,0.14,0.35,0.02,0.10,0.29,0.00,0.00,0.00,0.00,0.02,0.06,0.00,0.00,0.00,0.02,0.09,0.20,353819,681359,1270997,1071777,1691900,2332346,0,0,0,0,0,0,0,235396,0,291.39,353.18,398.91
131,2,34,76,100,8569,8569,8569,88710,88710,88710,591,591,591,0.15,0.55,0.84,0.05,0.19,0.30,0.03,0.16,0.27,0.00,0.00,0.00,0.00,0.03,0.05,0.00,0.00,0.00,0.02,0.14,0.24,463856,539325,812633,772838,1340247,2364486,0,0,0,0,0,0,0,368847,0,355.59,372.59,400.33
131,3,34,75,100,17806,17806,17806,79473,79473,79473,591,591,591,0.15,0.57,0.81,0.06,0.22,0.32,0.03,0.17,0.23,0.00,0.00,0.00,0.00,0.03,0.03,0.00,0.00,0.00,0.03,0.17,0.25,335449,396770,597524,870050,1220712,1983870,0,0,0,0,0,0,0,358150,0,355.34,393.14,418.40
132,0,40,72,100,8609,8609,8609,88670,88670,88670,591,591,591,0.18,0.56,0.83,0.07,0.21,0.34,0.04,0.17,0.28,0.00,0.00,0.00,0.00,0.03,0.05,0.00,0.00,0.00,0.03,0.14,0.21,144060,527240,1294797,482104,1192226,2254100,0,0,0,0,0,0,0,219323,0,380.88,401.99,423.41
132,1,65,89,100,8617,8617,8617,88662,88662,88662,591,591,591,0.54,0.74,0.85,0.23,0.26,0.32,0.14,0.22,0.29,0.00,0.00,0.00,0.02,0.04,0.05,0.00,0.00,0.00,0.14,0.20,0.29,335387,478476,691856,377248,779830,1218610,0,0,0,0,0,0,0,355898,0,296.59,397.01,472.27
132,2,37,52,73,8569,8569,8569,88710,88710,88710,591,591,591,0.20,0.35,0.47,0.08,0.14,0.20,0.05,0.09,0.14,0.00,0.00,0.00,0.01,0.01,0.02,0.00,0.00,0.00,0.04,0.11,0.17,328453,797372,1645750,1102414,1507212,2486969,0,0,0,0,0,0,0,291409,0,315.60,372.17,422.43
132,3,34,71,100,17802,17802,17806,79473,79476,79477,591,591,591,0.16,0.55,0.82,0.06,0.20,0.31,0.03,0.15,0.27,0.00,0.00,0.00,0.00,0.03,0.04,0.00,0.00,0.00,0.03,0.16,0.28,328056,387944,597529,508299,982454,1664171,0,0,0,0,0,0,0,297765,0,392.73,399.58,405.87
133,0,57,85,100,8609,8609,8609,88670,88670,88670,591,591,591,0.26,0.61,0.89,0.10,0.24,0.35,0.04,0.17,0.28,0.00,0.00,0.00,0.01,0.03,0.06,0.00,0.00,0.00,0.05,0.18,0.31,343176,501921,814171,652558,1086941,1808299,0,0,0,0,0,0,0,304526,0,387.23,426.83,494.22
133,1,32,67,93,8617,8617,8617,88662,88662,88662,591,591,591,0.15,0.46,0.68,0.06,0.18,0.26,0.03,0.13,0.21,0.00,0.00,0.00,0.00,0.02,0.03,0.00,0.00,0.00,0.03,0.15,0.25,235022,444331,820340,753453,1151604,1477949,0,0,0,0,0,0,0,324135,0,349.75,391.00,414.16
133,2,35,59,95,8569,8569,8569,88710,88710,88710,591,591,591,0.15,0.45,0.87,0.06,0.18,0.35,0.03,0.13,0.27,0.00,0.00,0.00,0.00,0.02,0.05,0.00,0.00,0.00,0.03,0.13,0.21,456002,551878,626333,906741,1305008,1647996,0,0,0,0,0,0,0,179447,0,338.14,354.66,376.18
133,3,35,74,100,17802,17802,17802,79477,79477,79477,591,591,591,0.21,0.55,0.80,0.08,0.22,0.30,0.05,0.16,0.27,0.00,0.00,0.00,0.01,0.02,0.04,0.00,0.00,0.00,0.04,0.16,0.26,138895,774666,1399443,524134,1375327,2424129,0,0,0,0,0,0,0,305525,0,396.47,407.61,417.96
134,0,54,85,100,8609,8609,8609,88670,88670,88670,591,591,591,0.44,0.72,0.84,0.19,0.25,0.32,0.16,0.22,0.28,0.00,0.00,0.00,0.02,0.04,0.05,0.00,0.00,0.00,0.12,0.20,0.29,322335,398877,594897,594879,717487,943278,0,0,0,0,0,0,0,352219,0,392.47,408.38,433.03
134,1,33,64,100,8617,8617,8617,88662,88662,88662,591,591,591,0.30,0.39,0.49,0.12,0.15,0.21,0.09,0.11,0.13,0.00,0.00,0.00,0.01,0.01,0.02,0.00,0.00,0.00,0.07,0.12,0.19,330112,385181,448147,899000,1134561,1296662,0,0,0,0,0,0,0,234166,0,342.10,351.17,356.73
134,2,65,91,100,8569,8569,8569,88710,88710,88710,591,591,591,0.70,0.78,0.83,0.25,0.28,0.32,0.16,0.24,0.28,0.00,0.00,0.00,0.03,0.04,0.05,0.00,0.00,0.00,0.19,0.22,0.29,474332,768699,1155729,610604,993608,1292006,0,0,0,0,0,0,0,391711,0,375.25,414.90,482.16
134,3,34,70,100,17802,17802,17802,79477,79477,79477,591,591,591,0.33,0.61,0.82,0.13,0.24,0.34,0.10,0.18,0.26,0.00,0.00,0.00,0.01,0.03,0.05,0.00,0.00,0.00,0.08,0.18,0.27,361615,472362,634213,668285,1023995,1383739,0,0,0,0,0,0,0,344032,0,370.35,406.33,420.36
135,0,36,64,95,8609,8609,8609,88670,88670,88670,591,591,591,0.30,0.45,0.62,0.12,0.18,0.24,0.09,0.13,0.17,0.00,0.00,0.00,0.01,0.02,0.02,0.00,0.00,0.00,0.07,0.14,0.22,133656,378407,568946,704971,1130919,1319554,0,0,0,0,0,0,0,308455,0,351.23,385.60,441.94
135,1,31,73,100,8617,8617,8617,88662,88662,88662,591,591,591,0.32,0.52,0.78,0.12,0.21,0.32,0.07,0.15,0.23,0.00,0.00,0.00,0.01,0.02,0.04,0.00,0.00,0.00,0.09,0.17,0.25,330195,677189,1383718,765229,1285186,1986474,0,0,0,0,0,0,0,329336,0,333.78,361.85,411.01
135,2,35,60,92,8569,8569,8569,88710,88710,88710,591,591,591,0.15,0.49,0.78,0.06,0.18,0.25,0.03,0.14,0.25,0.00,0.00,0.00,0.00,0.02,0.04,0.00,0.00,0.00,0.03,0.14,0.23,434970,541406,770436,621144,1118784,1501531,0,0,0,0,0,0,0,374322,0,379.93,398.27,447.16
135,3,37,71,100,17802,17802,17802,79477,79477,79477,591,591,591,0.16,0.51,0.83,0.06,0.17,0.25,0.03,0.15,0.28,0.00,0.00,0.00,0.00,0.03,0.05,0.00,0.00,0.00,0.03,0.12,0.20,349423,427310,529381,542120,1051302,1485936,0,0,0,0,0,0,0,380854,0,367.87,379.56,387.81
136,0,37,73,100,8609,8609,8609,88670,88670,88670,591,591,591,0.27,0.50,0.81,0.10,0.19,0.29,0.08,0.15,0.27,0.00,0.00,0.00,0.01,0.02,0.04,0.00,0.00,0.00,0.06,0.14,0.22,332823,577575,1236967,558025,1291432,2198762,0,0,0,0,0,0,0,306291,0,345.86,362.57,386.97
136,1,33,66,100,8617,8617,8617,88662,88662,88662,591,591,591,0.14,0.50,0.83,0.05,0.17,0.25,0.03,0.15,0.28,0.00,0.00,0.00,0.00,0.03,0.05,0.00,0.00,0.00,0.02,0.12,0.20,327591,481172,854274,478207,1104597,1504152,0,0,0,0,0,0,0,309067,0,362.93,375.87,394.05
136,2,30,68,100,8569,8569,8569,88710,88710,88710,591,591,591,0.28,0.53,0.91,0.11,0.21,0.32,0.09,0.17,0.32,0.00,0.00,0.00,0.01,0.03,0.07,0.00,0.00,0.00,0.06,0.14,0.26,450750,857469,1910427,697076,1425100,2652061,0,0,0,0,0,0,0,330427,0,383.79,405.11,420.70
136,3,33,67,100,17802,17802,17802,79477,79477,79477,591,591,591,0.20,0.55,0.80,0.08,0.21,0.32,0.05,0.16,0.27,0.00,0.00,0.00,0.01,0.02,0.04,0.00,0.00,0.00,0.04,0.16,0.29,20966,477997,1210757,301398,1043522,1577653,0,0,0,0,0,0,0,306997,0,398.44,422.04,460.02
137,0,36,68,94,8609,8609,8609,88670,88670,88670,591,591,591,0.30,0.49,0.65,0.12,0.20,0.29,0.09,0.14,0.17,0.00,0.00,0.00,0.01,0.02,0.02,0.00,0.00,0.00,0.07,0.16,0.25,340625,562482,867930,835989,1308573,1899236,0,0,0,0,0,0,0,313340,0,373.04,387.87,421.75
137,1,36,64,100,8617,8617,8617,88662,88662,88662,591,591,591,0.22,0.43,0.76,0.09,0.17,0.32,0.06,0.11,0.16,0.00,0.00,0.00,0.01,0.02,0.03,0.00,0.00,0.00,0.05,0.15,0.28,332799,405424,597708,640344,1063545,1320391,0,0,0,0,0,0,0,277969,0,332.86,393.97,439.22
137,2,33,75,100,8567,8567,8569,88710,88711,88712,591,591,591,0.15,0.54,0.84,0.05,0.18,0.25,0.03,0.16,0.28,0.00,0.00,0.00,0.00,0.03,0.05,0.00,0.00,0.00,0.02,0.13,0.20,445538,612703,1226490,555612,1178243,2164702,0,0,0,0,0,0,0,368401,0,339.97,360.77,399.94
137,3,32,81,100,17802,17802,17802,79477,79477,79477,591,591,591,0.17,0.60,0.76,0.07,0.24,0.31,0.03,0.17,0.23,0.00,0.00,0.00,0.00,0.03,0.04,0.00,0.00,0.00,0.04,0.19,0.28,416679,500359,746013,773084,1024130,1719150,0,0,0,0,0,0,0,301253,0,390.08,396.52,402.77
138,0,37,64,94,8609,8609,8609,88670,88670,88670,591,591,591,0.31,0.43,0.56,0.11,0.17,0.23,0.09,0.12,0.16,0.00,0.00,0.00,0.01,0.02,0.02,0.00,0.00,0.00,0.07,0.13,0.20,484832,764507,1365363,1073983,1530475,2306179,0,0,0,0,0,0,0,263281,0,349.62,358.98,364.69
138,1,29,63,96,8617,8617,8617,88662,88662,88662,591,591,591,0.13,0.46,0.79,0.05,0.18,0.34,0.03,0.14,0.27,0.00,0.00,0.00,0.00,0.02,0.05,0.00,0.00,0.00,0.02,0.12,0.22,324966,577585,1229087,647302,1161973,1957629,0,0,0,0,0,0,0,284720,0,302.69,336.08,363.45
138,2,33,69,95,8567,8567,8567,88712,88712,88712,591,591,591,0.15,0.56,0.89,0.06,0.22,0.34,0.03,0.16,0.32,0.00,0.00,0.00,0.00,0.03,0.06,0.00,0.00,0.00,0.03,0.15,0.29,302170,563704,930392,615689,1085629,1876509,0,0,0,0,0,0,0,262742,0,347.85,447.46,500.71
138,3,35,64,100,17802,17802,17802,79477,79477,79477,591,591,591,0.14,0.50,0.79,0.05,0.19,0.34,0.03,0.15,0.27,0.00,0.00,0.00,0.00,0.03,0.04,0.00,0.00,0.00,0.02,0.13,0.23,332829,418264,558209,699742,1083923,1580279,0,0,0,0,0,0,0,320792,0,362.02,386.82,406.23
139,0,37,58,89,8609,8609,8609,88670,88670,88670,591,591,591,0.28,0.42,0.73,0.10,0.17,0.28,0.07,0.12,0.19,0.00,0.00,0.00,0.01,0.02,0.03,0.00,0.00,0.00,0.07,0.13,0.26,356399,674514,1601224,888243,1354262,2282596,0,0,0,0,0,0,0,259415,0,335.42,351.77,373.85
139,1,31,71,100,8617,8617,8617,88662,88662,88662,591,591,591,0.14,0.59,0.85,0.05,0.19,0.25,0.03,0.18,0.28,0.00,0.00,0.00,0.00,0.03,0.05,0.00,0.00,0.00,0.02,0.14,0.20,335422,530390,759975,683947,1029365,1580343,0,0,0,0,0,0,0,390383,0,326.01,353.57,426.34
139,2,65,90,100,8567,8567,8567,88712,88712,88712,591,591,591,0.51,0.72,0.86,0.23,0.25,0.30,0.11,0.21,0.29,0.00,0.00,0.00,0.02,0.04,0.05,0.00,0.00,0.00,0.18,0.20,0.24,448123,784103,1671974,563430,1125319,1934039,0,0,0,0,0,0,0,356530,0,340.20,394.09,469.79
139,3,43,77,100,17802,17802,17802,79477,79477,79477,591,591,591,0.18,0.60,0.84,0.07,0.22,0.31,0.04,0.17,0.28,0.00,0.00,0.00,0.01,0.03,0.04,0.00,0.00,0.00,0.04,0.18,0.25,138873,590564,1268323,419240,1066111,1671880,0,0,0,0,0,0,0,217506,0,376.92,415.28,435.94
140,0,36,62,97,8605,8607,8609,88670,88671,88674,591,591,591,0.16,0.49,0.92,0.06,0.20,0.33,0.04,0.14,0.32,0.00,0.00,0.00,0.00,0.02,0.07,0.00,0.00,0.00,0.03,0.13,0.24,348550,615371,1263168,853051,1378621,1687097,0,0,0,0,0,0,0,318639,0,364.19,374.97,400.90
140,1,35,62,100,8617,8617,8617,88662,88662,88662,591,591,591,0.18,0.39,0.71,0.07,0.16,0.33,0.05,0.09,0.14,0.00,0.00,0.00,0.01,0.01,0.02,0.00,0.00,0.00,0.04,0.14,0.30,348539,451968,555609,665631,1093541,1281570,0,0,0,0,0,0,0,292203,0,323.76,397.38,459.80
140,2,30,54,78,8567,8567,8567,88712,88712,88712,591,591,591,0.18,0.35,0.61,0.07,0.14,0.22,0.03,0.10,0.17,0.00,0.00,0.00,0.01,0.01,0.02,0.00,0.00,0.00,0.04,0.10,0.18,471744,1013030,2473690,864864,1696387,3230995,0,0,0,0,0,0,0,265980,0,328.10,382.86,427.84
140,3,36,61,87,17802,17802,17802,79477,79477,79477,591,591,591,0.15,0.43,0.63,0.06,0.17,0.26,0.03,0.13,0.20,0.00,0.00,0.00,0.00,0.02,0.03,0.00,0.00,0.00,0.03,0.13,0.24,322333,420332,594916,982488,1142564,1336506,0,0,0,0,0,0,0,283478,0,347.83,367.96,386.99
141,0,40,86,100,8605,8605,8605,88674,88674,88674,591,591,591,0.40,0.71,0.86,0.14,0.24,0.28,0.11,0.21,0.29,0.00,0.00,0.00,0.01,0.04,0.05,0.00,0.00,0.00,0.10,0.18,0.25,332792,1006794,2683479,440229,1386740,2843335,0,0,0,0,0,0,0,342016,0,371.44,419.58,464.54
141,1,27,57,100,8617,8617,8617,88662,88662,88662,591,591,591,0.13,0.42,0.67,0.05,0.17,0.28,0.03,0.12,0.19,0.00,0.00,0.00,0.00,0.02,0.03,0.00,0.00,0.00,0.02,0.13,0.25,15724,496870,1189746,773103,1114829,1886822,0,0,0,0,0,0,0,220177,0,301.12,331.70,360.39
141,2,31,74,100,8567,8567,8567,88712,88712,88712,591,591,591,0.14,0.56,0.89,0.05,0.22,0.34,0.03,0.17,0.29,0.00,0.00,0.00,0.00,0.03,0.06,0.00,0.00,0.00,0.02,0.15,0.24,458665,596520,1084955,670741,1104452,1703431,0,0,0,0,0,0,0,331640,0,378.54,389.93,403.77
141,3,34,81,100,17802,17802,17802,79477,79477,79477,591,591,591,0.27,0.55,0.80,0.10,0.21,0.28,0.08,0.16,0.24,0.00,0.00,0.00,0.01,0.02,0.04,0.00,0.00,0.00,0.06,0.17,0.23,332835,359030,432458,673409,993757,1176716,0,0,0,0,0,0,0,317024,0,363.53,391.92,419.18
142,0,35,67,100,8605,8605,8605,88674,88674,88674,591,591,591,0.16,0.52,0.82,0.06,0.19,0.26,0.03,0.16,0.28,0.00,0.00,0.00,0.00,0.03,0.04,0.00,0.00,0.00,0.03,0.14,0.21,213983,393719,547709,794117,1040781,1425530,0,0,0,0,0,0,0,287371,0,338.49,385.77,443.15
142,1,31,67,100,8617,8617,8617,88662,88662,88662,591,591,591,0.13,0.45,0.81,0.05,0.17,0.27,0.03,0.13,0.27,0.00,0.00,0.00,0.00,0.02,0.04,0.00,0.00,0.00,0.02,0.13,0.22,324884,379247,489214,738849,1104340,1432888,0,0,0,0,0,0,0,280604,0,300.06,341.78,385.58
142,2,33,79,100,8567,8567,8567,88712,88712,88712,591,591,591,0.14,0.65,0.86,0.06,0.22,0.31,0.03,0.19,0.28,0.00,0.00,0.00,0.00,0.03,0.05,0.00,0.00,0.00,0.03,0.17,0.24,10482,644636,1881422,204413,1186049,2182764,0,0,0,0,0,0,0,408313,0,336.51,370.45,446.17
142,3,27,61,95,8636,14124,17802,79477,83154,88643,591,591,591,0.12,0.50,0.79,0.04,0.20,0.32,0.02,0.15,0.28,0.00,0.00,0.00,0.00,0.03,0.06,0.00,0.00,0.00,0.02,0.13,0.26,348258,581891,762442,644923,1246968,2315057,0,0,0,0,0,0,0,292698,0,312.50,387.80,417.68
143,0,35,61,95,8605,8605,8605,88674,88674,88674,591,591,591,0.16,0.52,0.79,0.06,0.21,0.33,0.03,0.15,0.24,0.00,0.00,0.00,0.00,0.02,0.05,0.00,0.00,0.00,0.03,0.15,0.31,364327,782294,1512140,790269,1424717,2256417,0,0,0,0,0,0,0,185097,0,391.36,422.78,453.85
143,1,31,60,96,8617,8617,8617,88662,88662,88662,591,591,591,0.15,0.54,0.89,0.05,0.22,0.34,0.03,0.16,0.29,0.00,0.00,0.00,0.00,0.03,0.06,0.00,0.00,0.00,0.02,0.15,0.29,324965,494678,812487,532027,1072557,1485944,0,0,0,0,0,0,0,286452,0,399.05,422.64,445.67
143,2,37,66,82,8567,8567,8567,88712,88712,88712,591,591,591,0.19,0.45,0.63,0.07,0.19,0.24,0.05,0.13,0.17,0.00,0.00,0.00,0.01,0.02,0.02,0.00,0.00,0.00,0.04,0.15,0.20,469088,773088,1257891,1103279,1403349,2025728,0,0,0,0,0,0,0,258876,0,378.68,422.97,473.26
143,3,35,83,100,8636,8636,8636,88643,88643,88643,591,591,591,0.31,0.70,0.84,0.16,0.22,0.25,0.03,0.21,0.28,0.00,0.00,0.00,0.01,0.04,0.05,0.00,0.00,0.00,0.13,0.17,0.19,332824,372793,408877,361651,755397,1509383,0,0,0,0,0,0,0,405499,0,295.41,348.74,426.91
144,0,66,83,100,8605,8605,8605,88674,88674,88674,591,591,591,0.35,0.66,0.83,0.16,0.24,0.32,0.05,0.19,0.28,0.00,0.00,0.00,0.01,0.03,0.05,0.00,0.00,0.00,0.13,0.19,0.28,330201,393055,476757,513593,803436,1302460,0,0,0,0,0,0,0,360584,0,363.76,396.74,448.91
144,1,35,85,100,8615,8615,8615,88664,88664,88664,591,591,591,0.15,0.66,0.86,0.06,0.22,0.32,0.03,0.19,0.29,0.00,0.00,0.00,0.00,0.03,0.05,0.00,0.00,0.00,0.03,0.17,0.25,125788,320373,416688,390468,766756,1357512,0,0,0,0,0,0,0,441646,0,333.36,372.09,450.25
144,2,32,68,100,8567,8567,8567,88712,88712,88712,591,591,591,0.15,0.49,0.89,0.05,0.19,0.33,0.03,0.15,0.31,0.00,0.00,0.00,0.00,0.02,0.06,0.00,0.00,0.00,0.02,0.13,0.26,424473,642272,1221230,615853,1276938,1732260,0,0,0,0,0,0,0,282718,0,349.21,385.01,422.65
144,3,33,65,100,8636,8636,8636,88643,88643,88643,591,591,591,0.15,0.48,0.80,0.05,0.20,0.35,0.03,0.12,0.25,0.00,0.00,0.00,0.00,0.02,0.05,0.00,0.00,0.00,0.02,0.15,0.32,345932,499495,961783,754763,1186628,1444027,0,0,0,0,0,0,0,258903,0,358.03,430.96,500.86
145,0,32,58,100,8605,8605,8605,88674,88674,88674,591,591,591,0.14,0.41,0.64,0.05,0.16,0.25,0.03,0.11,0.19,0.00,0.00,0.00,0.00,0.02,0.03,0.00,0.00,0.00,0.03,0.13,0.23,330177,404095,602748,1022046,1115323,1276162,0,0,0,0,0,0,0,290483,0,341.00,382.77,419.71
145,1,27,66,100,8615,8615,8615,88664,88664,88664,591,591,591,0.25,0.49,0.78,0.09,0.20,0.30,0.05,0.14,0.24,0.00,0.00,0.00,0.01,0.02,0.03,0.00,0.00,0.00,0.06,0.16,0.26,351164,668740,1399382,794049,1205935,1740055,0,0,0,0,0,0,0,344764,0,389.09,421.11,485.75
145,2,45,89,100,8567,8567,8567,88712,88712,88712,591,591,591,0.19,0.68,0.86,0.08,0.23,0.34,0.03,0.19,0.29,0.00,0.00,0.00,0.00,0.03,0.05,0.00,0.00,0.00,0.05,0.18,0.27,170343,453357,615805,429790,879989,1509505,0,0,0,0,0,0,0,431533,0,342.54,377.91,458.31
145,3,85,96,100,8636,8636,8636,88643,88643,88643,591,591,591,0.79,0.81,0.84,0.25,0.29,0.35,0.17,0.25,0.28,0.00,0.00,0.00,0.03,0.04,0.06,0.00,0.00,0.00,0.15,0.21,0.29,340695,448644,775704,500460,693411,1098041,0,0,0,0,0,0,0,363232,0,368.88,425.38,484.57
146,0,37,73,95,8605,8605,8605,88674,88674,88674,591,591,591,0.34,0.47,0.74,0.12,0.19,0.29,0.10,0.13,0.20,0.00,0.00,0.00,0.01,0.02,0.03,0.00,0.00,0.00,0.08,0.15,0.27,128403,371982,552951,550301,1105681,1391259,0,0,0,0,0,0,0,376239,0,315.51,350.38,383.33
146,1,31,61,100,8615,8615,8615,88664,88664,88664,591,591,591,0.14,0.45,0.90,0.05,0.17,0.32,0.03,0.13,0.32,0.00,0.00,0.00,0.00,0.02,0.07,0.00,0.00,0.00,0.02,0.11,0.20,314476,376330,550344,689240,1069239,1302456,0,0,0,0,0,0,0,279827,0,334.51,371.74,404.30
146,2,37,59,89,8567,8567,8567,88712,88712,88712,591,591,591,0.32,0.39,0.63,0.12,0.16,0.29,0.09,0.11,0.19,0.00,0.00,0.00,0.01,0.02,0.03,0.00,0.00,0.00,0.08,0.13,0.24,479541,793515,1771555,1024591,1448130,2230167,0,0,0,0,0,0,0,210877,0,349.24,391.06,449.99
146,3,33,67,100,8636,8636,8636,88643,88643,88643,591,591,591,0.15,0.54,0.84,0.05,0.18,0.25,0.03,0.16,0.28,0.00,0.00,0.00,0.00,0.03,0.05,0.00,0.00,0.00,0.04,0.13,0.20,22422,578461,1069485,503159,1236450,2096557,0,0,0,0,0,0,0,293330,0,347.20,369.89,416.67
147,0,38,76,100,8605,8605,8605,88674,88674,88674,591,591,591,0.22,0.58,0.82,0.09,0.21,0.33,0.04,0.18,0.28,0.00,0.00,0.00,0.01,0.03,0.04,0.00,0.00,0.00,0.06,0.15,0.21,332792,588585,1239636,526587,1196552,1588202,0,0,0,0,0,0,0,334691,0,374.20,397.99,418.25
147,1,32,84,100,8615,8615,8615,88664,88664,88664,591,591,591,0.52,0.77,0.86,0.19,0.27,0.34,0.16,0.24,0.29,0.00,0.00,0.00,0.03,0.04,0.05,0.00,0.00,0.00,0.11,0.20,0.31,319721,427537,796690,429789,693035,1121075,0,0,0,0,0,0,0,282081,0,345.81,445.22,523.42
147,2,34,67,100,8567,8567,8567,88712,88712,88712,591,591,591,0.14,0.50,0.83,0.05,0.17,0.28,0.03,0.15,0.28,0.00,0.00,0.00,0.00,0.03,0.05,0.00,0.00,0.00,0.02,0.12,0.19,445488,876386,1638133,1239503,1499188,1769908,0,0,0,0,0,0,0,269013,0,338.75,358.86,374.14
147,3,31,75,100,8636,8636,8636,88643,88643,88643,591,591,591,0.17,0.56,0.86,0.06,0.23,0.35,0.03,0.15,0.25,0.00,0.00,0.00,0.00,0.02,0.04,0.00,0.00,0.00,0.04,0.18,0.30,330193,418773,655141,623689,922453,1527789,0,0,0,0,0,0,0,297606,0,403.46,431.39,469.74
148,0,37,61,94,8605,8605,8605,88674,88674,88674,591,591,591,0.30,0.47,0.63,0.12,0.19,0.29,0.09,0.12,0.17,0.00,0.00,0.00,0.01,0.02,0.02,0.00,0.00,0.00,0.07,0.16,0.26,335328,609547,1134956,1207706,1346087,1598900,0,0,0,0,0,0,0,289710,0,356.49,396.20,439.79
148,1,33,76,100,8615,8615,8615,88664,88664,88664,591,591,591,0.14,0.56,0.85,0.05,0.19,0.31,0.03,0.15,0.28,0.00,0.00,0.00,0.00,0.03,0.05,0.00,0.00,0.00,0.02,0.15,0.25,392990,642371,1234326,670703,1223232,2240657,0,0,0,0,0,0,0,372648,0,358.60,382.61,412.68
148,2,31,61,100,8567,8567,8567,88712,88712,88712,591,591,591,0.28,0.48,0.83,0.11,0.18,0.27,0.09,0.13,0.26,0.00,0.00,0.00,0.01,0.02,0.04,0.00,0.00,0.00,0.06,0.15,0.26,526757,920751,1915343,739815,1477745,2648991,0,0,0,0,0,0,0,302439,0,360.79,407.25,436.86
148,3,32,60,100,8636,8636,8636,88643,88643,88643,591,591,591,0.14,0.47,0.86,0.05,0.17,0.31,0.03,0.14,0.30,0.00,0.00,0.00,0.00,0.03,0.06,0.00,0.00,0.00,0.02,0.11,0.18,324924,406196,600135,597508,1098030,1546200,0,0,0,0,0,0,0,240287,0,335.40,363.95,403.87
149,0,45,65,100,8605,8605,8605,88674,88674,88674,591,591,591,0.32,0.42,0.49,0.12,0.17,0.21,0.08,0.12,0.14,0.00,0.00,0.00,0.01,0.02,0.02,0.00,0.00,0.00,0.11,0.13,0.19,18343,384908,656950,618445,1099817,1453677,0,0,0,0,0,0,0,242918,0,330.72,342.32,368.06
149,1,37,51,66,8615,8615,8615,88664,88664,88664,591,591,591,0.24,0.39,0.45,0.09,0.16,0.19,0.07,0.11,0.13,0.00,0.00,0.00,0.01,0.01,0.02,0.00,0.00,0.00,0.05,0.13,0.18,227117,354640,537203,801900,998408,1307632,0,0,0,0,0,0,0,267844,0,331.79,382.39,429.67
149,2,30,68,100,8567,8567,8567,88712,88712,88712,591,591,591,0.14,0.51,0.91,0.05,0.20,0.32,0.03,0.15,0.32,0.00,0.00,0.00,0.00,0.03,0.07,0.00,0.00,0.00,0.02,0.13,0.26,463849,607467,856915,610599,1209700,1446654,0,0,0,0,0,0,0,279496,0,349.66,379.72,416.62
149,3,59,87,100,8636,8636,8636,88643,88643,88643,591,591,591,0.29,0.62,0.85,0.12,0.22,0.31,0.09,0.18,0.28,0.00,0.00,0.00,0.01,0.03,0.05,0.00,0.00,0.00,0.07,0.18,0.29,343306,583261,1380726,458616,984256,1524280,0,0,0,0,0,0,0,311156,0,345.51,416.53,457.70
150,0,30,63,99,8605,8605,8605,88674,88674,88674,591,591,591,0.17,0.45,0.71,0.06,0.17,0.26,0.03,0.13,0.22,0.00,0.00,0.00,0.00,0.02,0.03,0.00,0.00,0.00,0.04,0.13,0.24,351147,766780,1305015,830714,1458612,2230056,0,0,0,0,0,0,0,301344,0,336.11,350.34,378.81
150,1,28,67,100,8615,8615,8615,88664,88664,88664,591,591,591,0.13,0.51,0.81,0.05,0.20,0.30,0.03,0.15,0.27,0.00,0.00,0.00,0.00,0.02,0.04,0.00,0.00,0.00,0.02,0.15,0.27,330188,420870,618510,581676,1002124,1493859,0,0,0,0,0,0,0,288451,0,311.03,347.85,379.69
150,2,36,86,100,8565,8565,8565,88714,88714,88714,591,591,591,0.16,0.67,0.85,0.07,0.23,0.33,0.03,0.19,0.29,0.00,0.00,0.00,0.00,0.03,0.05,0.00,0.00,0.00,0.04,0.17,0.26,440260,559241,801939,550325,996361,1734914,0,0,0,0,0,0,0,412089,0,334.92,372.81,456.20
150,3,32,59,88,8636,8636,8636,88643,88643,88643,591,591,591,0.16,0.42,0.68,0.06,0.17,0.29,0.03,0.13,0.24,0.00,0.00,0.00,0.00,0.02,0.04,0.00,0.00,0.00,0.03,0.13,0.23,327596,418247,547644,788825,1047205,1352279,0,0,0,0,0,0,0,285537,0,326.97,359.28,396.28
151,0,32,60,94,8605,8605,8605,88674,88674,88674,591,591,591,0.14,0.46,0.88,0.05,0.19,0.34,0.03,0.13,0.30,0.00,0.00,0.00,0.00,0.02,0.06,0.00,0.00,0.00,0.02,0.13,0.27,319726,368468,440267,560830,1066619,1412526,0,0,0,0,0,0,0,252814,0,353.04,377.81,398.76
151,1,30,65,100,8615,8615,8615,88664,88664,88664,591,591,591,0.18,0.44,0.76,0.07,0.17,0.26,0.03,0.13,0.25,0.00,0.00,0.00,0.01,0.02,0.03,0.00,0.00,0.00,0.04,0.13,0.21,328664,577914,1331320,775536,1268983,2209258,0,0,0,0,0,0,0,302949,0,342.74,370.02,402.28
151,2,30,60,95,8565,8565,8565,88714,88714,88714,591,591,591,0.14,0.45,0.91,0.05,0.18,0.34,0.03,0.13,0.33,0.00,0.00,0.00,0.00,0.02,0.07,0.00,0.00,0.00,0.02,0.12,0.27,476608,526786,611125,615855,1160209,1527813,0,0,0,0,0,0,0,226535,0,330.15,427.59,506.36
151,3,33,66,100,8636,8636,8636,88643,88643,88643,591,591,591,0.21,0.48,0.80,0.09,0.18,0.30,0.03,0.13,0.27,0.00,0.00,0.00,0.01,0.02,0.04,0.00,0.00,0.00,0.05,0.15,0.27,322356,385229,589671,702348,1025686,1349468,0,0,0,0,0,0,0,316042,0,331.26,364.60,390.57
152,0,30,77,100,8605,8605,8605,88674,88674,88674,591,591,591,0.27,0.64,0.84,0.10,0.23,0.33,0.07,0.19,0.28,0.00,0.00,0.00,0.01,0.03,0.05,0.00,0.00,0.00,0.10,0.18,0.30,345930,453348,584321,479585,924032,1833833,0,0,0,0,0,0,0,363062,0,358.92,406.02,447.19
152,1,28,50,91,8615,8615,8615,88664,88664,88664,591,591,591,0.12,0.40,0.71,0.05,0.16,0.27,0.03,0.11,0.25,0.00,0.00,0.00,0.00,0.02,0.05,0.00,0.00,0.00,0.02,0.11,0.19,327523,387854,537266,841280,1017310,1194804,0,0,0,0,0,0,0,254494,0,310.56,348.32,383.25
152,2,80,93,100,8565,8565,8565,88714,88714,88714,591,591,591,0.57,0.76,0.85,0.24,0.26,0.34,0.16,0.22,0.29,0.00,0.00,0.00,0.03,0.04,0.05,0.00,0.00,0.00,0.17,0.21,0.30,359031,805497,1883874,466478,1090085,1996540,0,0,0,0,0,0,0,354876,0,336.69,410.07,497.34
152,3,41,54,72,8636,8636,8636,88643,88643,88643,591,591,591,0.19,0.38,0.67,0.07,0.15,0.27,0.03,0.11,0.20,0.00,0.00,0.00,0.01,0.02,0.03,0.00,0.00,0.00,0.04,0.11,0.25,338071,546665,1260533,849118,1257906,2266864,0,0,0,0,0,0,0,243180,0,328.55,347.35,379.08
153,0,54,75,96,8605,8605,8605,88674,88674,88674,591,591,591,0.29,0.55,0.78,0.11,0.22,0.27,0.09,0.16,0.26,0.00,0.00,0.00,0.01,0.02,0.04,0.00,0.00,0.00,0.07,0.16,0.23,345951,705918,1215523,820324,1246886,1569759,0,0,0,0,0,0,0,300832,0,344.52,384.02,414.05
153,1,31,76,100,8615,8615,8615,88664,88664,88664,591,591,591,0.21,0.57,0.83,0.09,0.22,0.31,0.07,0.17,0.28,0.00,0.00,0.00,0.01,0.03,0.04,0.00,0.00,0.00,0.05,0.18,0.28,359029,492652,725883,702349,940751,1362376,0,0,0,0,0,0,0,303919,0,359.10,386.91,413.00
153,2,33,72,100,8565,8565,8565,88714,88714,88714,591,591,591,0.25,0.61,0.88,0.09,0.24,0.33,0.07,0.18,0.30,0.00,0.00,0.00,0.01,0.03,0.06,0.00,0.00,0.00,0.05,0.18,0.28,490064,591735,689246,678752,1091570,1464904,0,0,0,0,0,0,0,291163,0,389.81,406.13,434.82
153,3,35,67,100,8636,8636,8636,88643,88643,88643,591,591,591,0.15,0.50,0.75,0.05,0.20,0.32,0.03,0.14,0.24,0.00,0.00,0.00,0.00,0.02,0.04,0.00,0.00,0.00,0.02,0.15,0.27,330218,755872,1573079,715473,1424869,2001451,0,0,0,0,0,0,0,301169,0,367.35,387.28,410.72
154,0,47,67,100,8605,8605,8605,88674,88674,88674,591,591,591,0.29,0.52,0.80,0.11,0.21,0.33,0.08,0.15,0.27,0.00,0.00,0.00,0.01,0.02,0.05,0.00,0.00,0.00,0.06,0.15,0.26,348553,617420,1024629,862169,1306650,2017812,0,0,0,0,0,0,0,329629,0,347.88,388.45,423.70
154,1,30,63,100,8615,8615,8615,88664,88664,88664,591,591,591,0.14,0.47,0.83,0.05,0.16,0.25,0.03,0.14,0.28,0.00,0.00,0.00,0.00,0.02,0.05,0.00,0.00,0.00,0.02,0.11,0.19,217921,309841,359012,345187,927560,1284060,0,0,0,0,0,0,0,196006,0,323.66,344.37,363.48
154,2,35,65,100,8565,8565,8565,88714,88714,88714,591,591,591,0.16,0.50,0.83,0.06,0.17,0.25,0.03,0.15,0.28,0.00,0.00,0.00,0.00,0.02,0.05,0.00,0.00,0.00,0.03,0.12,0.20,487458,544561,610594,621116,1165636,1650962,0,0,0,0,0,0,0,291112,0,365.26,383.83,415.94
154,3,37,80,100,8636,8636,8636,88643,88643,88643,591,591,591,0.16,0.67,0.84,0.06,0.25,0.34,0.03,0.21,0.30,0.00,0.00,0.00,0.00,0.03,0.06,0.00,0.00,0.00,0.03,0.18,0.29,343265,469085,738995,594818,900441,1561939,0,0,0,0,0,0,0,373229,0,382.30,411.96,452.74
155,0,41,82,100,8605,8605,8605,88674,88674,88674,591,591,591,0.27,0.67,0.84,0.12,0.25,0.34,0.04,0.20,0.28,0.00,0.00,0.00,0.01,0.03,0.05,0.00,0.00,0.00,0.08,0.21,0.29,245719,348726,424462,505380,896740,1606144,0,0,0,0,0,0,0,359903,0,407.37,416.94,428.56
155,1,29,62,93,8615,8615,8615,88664,88664,88664,591,591,591,0.14,0.51,0.79,0.05,0.21,0.33,0.03,0.14,0.25,0.00,0.00,0.00,0.00,0.02,0.04,0.00,0.00,0.00,0.02,0.15,0.30,322340,792733,1564459,959172,1348312,1836995,0,0,0,0,0,0,0,273390,0,381.60,433.66,478.35
155,2,37,63,100,8565,8565,8565,88714,88714,88714,591,591,591,0.21,0.42,0.70,0.08,0.17,0.31,0.05,0.11,0.15,0.00,0.00,0.00,0.01,0.02,0.02,0.00,0.00,0.00,0.04,0.14,0.28,2620,1089593,1975995,662989,1700607,2646890,0,0,0,0,0,0,0,301052,0,366.29,410.41,440.05
155,3,42,85,100,8636,8636,8636,88643,88643,88643,591,591,591,0.18,0.63,0.84,0.07,0.21,0.28,0.03,0.18,0.27,0.00,0.00,0.00,0.00,0.03,0.05,0.00,0.00,0.00,0.04,0.16,0.22,76001,543136,1326080,547723,1068577,1480628,0,0,0,0,0,0,0,390026,0,374.69,383.44,393.79
156,0,35,70,100,8605,8605,8605,88674,88674,88674,591,591,591,0.16,0.47,0.83,0.06,0.16,0.25,0.03,0.14,0.28,0.00,0.00,0.00,0.00,0.02,0.05,0.00,0.00,0.00,0.01,0.11,0.20,335446,944052,1936697,487445,1562977,3034771,0,0,0,0,0,0,0,339545,0,382.10,402.58,453.15
156,1,31,79,100,8615,8615,8615,88664,88664,88664,591,591,591,0.24,0.60,0.82,0.09,0.23,0.32,0.07,0.17,0.27,0.00,0.00,0.00,0.01,0.03,0.04,0.00,0.00,0.00,0.05,0.18,0.29,322345,381018,471595,508406,888365,1299866,0,0,0,0,0,0,0,326173,0,372.07,393.71,419.31
156,2,34,48,77,8565,8565,8565,88714,88714,88714,591,591,591,0.19,0.39,0.59,0.07,0.15,0.25,0.05,0.11,0.19,0.00,0.00,0.00,0.00,0.02,0.03,0.00,0.00,0.00,0.04,0.12,0.20,456001,752304,1323414,1189759,1502167,1763750,0,0,0,0,0,0,0,253374,0,333.41,344.43,351.44
156,3,35,70,100,8636,8636,8636,88643,88643,88643,591,591,591,0.17,0.55,0.82,0.07,0.20,0.33,0.03,0.16,0.27,0.00,0.00,0.00,0.00,0.03,0.04,0.00,0.00,0.00,0.04,0.15,0.25,332830,494649,820247,526721,1089239,1467536,0,0,0,0,0,0,0,306340,0,392.66,424.71,477.34
157,0,33,58,86,8605,8605,8605,88674,88674,88674,591,591,591,0.14,0.46,0.75,0.05,0.19,0.32,0.03,0.12,0.19,0.00,0.00,0.00,0.00,0.02,0.03,0.00,0.00,0.00,0.02,0.14,0.28,359042,555580,859598,985365,1198165,1326087,0,0,0,0,0,0,0,293953,0,336.98,405.68,438.64
157,1,44,70,100,8615,8615,8615,88664,88664,88664,591,591,591,0.25,0.52,0.81,0.11,0.20,0.30,0.04,0.15,0.27,0.00,0.00,0.00,0.01,0.02,0.04,0.00,0.00,0.00,0.08,0.16,0.24,241081,611597,1281524,657659,1250431,2253806,0,0,0,0,0,0,0,375565,0,355.33,392.93,427.26
157,2,30,70,100,8565,8565,8565,88714,88714,88714,591,591,591,0.30,0.49,0.68,0.12,0.19,0.28,0.09,0.14,0.19,0.00,0.00,0.00,0.01,0.02,0.03,0.00,0.00,0.00,0.07,0.16,0.25,461243,571292,812433,1142690,1211228,1320650,0,0,0,0,0,0,0,282380,0,352.86,372.32,391.17
157,3,34,64,100,8636,8636,8636,88643,88643,88643,591,591,591,0.31,0.46,0.70,0.12,0.19,0.31,0.09,0.12,0.17,0.00,0.00,0.00,0.01,0.02,0.03,0.00,0.00,0.00,0.07,0.15,0.28,338073,401484,456001,780997,1076556,1349659,0,0,0,0,0,0,0,260138,0,353.54,390.06,431.99
158,0,38,63,96,8605,8605,8605,88674,88674,88674,591,591,591,0.25,0.42,0.59,0.10,0.17,0.26,0.07,0.12,0.17,0.00,0.00,0.00,0.01,0.02,0.03,0.00,0.00,0.00,0.05,0.14,0.24,314482,670488,1202989,1096042,1351373,1627574,0,0,0,0,0,0,0,258955,0,335.37,357.40,375.69
158,1,31,66,100,8615,8615,8615,88664,88664,88664,591,591,591,0.14,0.51,0.83,0.05,0.18,0.27,0.03,0.15,0.28,0.00,0.00,0.00,0.00,0.03,0.05,0.00,0.00,0.00,0.02,0.12,0.20,319719,491621,851641,699678,1116908,1564399,0,0,0,0,0,0,0,305907,0,336.34,361.04,390.37
158,2,32,68,99,8565,8565,8565,88714,88714,88714,591,591,591,0.28,0.43,0.60,0.11,0.17,0.26,0.09,0.13,0.17,0.00,0.00,0.00,0.01,0.02,0.03,0.00,0.00,0.00,0.06,0.14,0.21,10482,448228,639346,435030,1145663,1498795,0,0,0,0,0,0,0,339631,0,338.56,352.59,380.53
158,3,32,62,100,8636,8636,8636,88643,88643,88643,591,591,591,0.30,0.44,0.78,0.11,0.18,0.29,0.07,0.13,0.23,0.00,0.00,0.00,0.01,0.02,0.03,0.00,0.00,0.00,0.08,0.14,0.23,28828,323393,594900,545111,952360,1294625,0,0,0,0,0,0,0,248911,0,329.46,348.82,362.62
159,0,35,73,100,8605,8605,8605,88674,88674,88674,591,591,591,0.21,0.49,0.81,0.08,0.19,0.30,0.06,0.15,0.27,0.00,0.00,0.00,0.01,0.02,0.04,0.00,0.00,0.00,0.04,0.14,0.22,348548,575492,969646,880477,1273108,1858052,0,0,0,0,0,0,0,314479,0,328.15,347.56,393.28
159,1,33,70,100,8615,8615,8615,88664,88664,88664,591,591,591,0.14,0.52,0.84,0.05,0.21,0.33,0.03,0.14,0.25,0.00,0.00,0.00,0.00,0.02,0.04,0.00,0.00,0.00,0.02,0.15,0.29,330202,520983,864831,644683,1104322,1810904,0,0,0,0,0,0,0,278323,0,381.52,428.34,476.84
159,2,28,64,100,8565,8565,8565,88714,88714,88714,591,591,591,0.14,0.49,0.80,0.05,0.19,0.30,0.03,0.14,0.23,0.00,0.00,0.00,0.00,0.02,0.03,0.00,0.00,0.00,0.03,0.14,0.24,442881,816589,1844921,896231,1403082,2460768,0,0,0,0,0,0,0,268291,0,335.75,368.90,396.09
159,3,31,54,96,8636,8636,8636,88643,88643,88643,591,591,591,0.14,0.40,0.82,0.05,0.16,0.30,0.03,0.12,0.29,0.00,0.00,0.00,0.00,0.02,0.06,0.00,0.00,0.00,0.02,0.10,0.23,416633,627132,1194814,836047,1298211,2059482,0,0,0,0,0,0,0,266826,0,322.09,359.31,401.37
160,0,39,62,88,8605,8605,8605,88674,88674,88674,591,591,591,0.27,0.47,0.68,0.11,0.19,0.27,0.08,0.12,0.17,0.00,0.00,0.00,0.01,0.02,0.03,0.00,0.00,0.00,0.06,0.16,0.25,343182,550813,801860,783295,1281396,1540936,0,0,0,0,0,0,0,245586,0,351.00,371.91,393.49
160,1,46,74,100,8615,8615,8615,88664,88664,88664,591,591,591,0.25,0.60,0.82,0.10,0.22,0.27,0.07,0.18,0.26,0.00,0.00,0.00,0.01,0.03,0.04,0.00,0.00,0.00,0.06,0.18,0.23,107443,493709,1310272,524113,1005236,2083333,0,0,0,0,0,0,0,275694,0,387.14,400.15,426.32
160,2,35,54,73,8565,8565,8565,88714,88714,88714,591,591,591,0.15,0.40,0.65,0.06,0.16,0.25,0.03,0.11,0.17,0.00,0.00,0.00,0.00,0.02,0.02,0.00,0.00,0.00,0.03,0.13,0.23,469109,687073,1029920,964411,1379390,1905222,0,0,0,0,0,0,0,295565,0,337.71,370.55,411.93
160,3,46,81,100,8636,8636,8636,88643,88643,88643,591,591,591,0.41,0.70,0.84,0.18,0.26,0.34,0.07,0.20,0.28,0.00,0.00,0.00,0.02,0.04,0.05,0.00,0.00,0.00,0.15,0.20,0.31,337763,489112,641728,466061,849669,1502459,0,0,0,0,0,0,0,399385,0,338.35,385.37,462.62
161,0,39,65,98,8605,8605,8605,88674,88674,88674,591,591,591,0.16,0.43,0.71,0.06,0.17,0.30,0.04,0.13,0.24,0.00,0.00,0.00,0.00,0.02,0.04,0.00,0.00,0.00,0.03,0.12,0.19,30234,579231,1830096,705477,1353564,2660560,0,0,0,0,0,0,0,280980,0,338.76,356.35,374.95
161,1,43,61,100,8615,8615,8615,88664,88664,88664,591,591,591,0.23,0.47,0.73,0.09,0.19,0.28,0.07,0.14,0.19,0.00,0.00,0.00,0.01,0.02,0.03,0.00,0.00,0.00,0.05,0.15,0.26,340691,689753,1632656,922479,1315568,2466019,0,0,0,0,0,0,0,289379,0,338.72,367.89,396.26
161,2,29,62,100,8565,8565,8565,88714,88714,88714,591,591,591,0.14,0.47,0.81,0.05,0.18,0.29,0.03,0.14,0.28,0.00,0.00,0.00,0.00,0.02,0.04,0.00,0.00,0.00,0.02,0.12,0.21,463880,776115,1734237,778388,1371463,2677327,0,0,0,0,0,0,0,324081,0,340.94,364.60,396.38
161,3,29,64,100,8636,8636,8636,88643,88643,88643,591,591,591,0.13,0.45,0.81,0.05,0.17,0.29,0.03,0.13,0.27,0.00,0.00,0.00,0.00,0.02,0.04,0.00,0.00,0.00,0.02,0.13,0.27,330209,519941,1040414,725928,1166198,1504212,0,0,0,0,0,0,0,332451,0,351.56,387.45,430.88
162,0,43,67,100,8605,8605,8605,88674,88674,88674,591,591,591,0.28,0.52,0.81,0.11,0.20,0.27,0.08,0.15,0.26,0.00,0.00,0.00,0.01,0.02,0.04,0.00,0.00,0.00,0.06,0.16,0.22,345930,516614,783562,859590,1180853,1362717,0,0,0,0,0,0,0,301723,0,372.01,384.79,415.18
162,1,30,55,91,8615,8615,8615,88664,88664,88664,591,591,591,0.14,0.46,0.82,0.05,0.18,0.33,0.03,0.13,0.27,0.00,0.00,0.00,0.00,0.02,0.05,0.00,0.00,0.00,0.02,0.14,0.24,319722,433739,581766,833311,1228103,1808616,0,0,0,0,0,0,0,325674,0,347.69,372.00,409.50
162,2,32,58,100,8565,8565,8565,88714,88714,88714,591,591,591,0.27,0.43,0.82,0.11,0.17,0.29,0.09,0.12,0.24,0.00,0.00,0.00,0.01,0.02,0.04,0.00,0.00,0.00,0.06,0.14,0.23,471672,643074,893636,859580,1214873,1669344,0,0,0,0,0,0,0,241544,0,339.20,374.82,396.56
162,3,37,50,81,8636,8636,8636,88643,88643,88643,591,591,591,0.15,0.39,0.56,0.06,0.16,0.24,0.03,0.11,0.19,0.00,0.00,0.00,0.00,0.02,0.03,0.00,0.00,0.00,0.03,0.12,0.18,339629,795139,1857960,904138,1532685,2691291,0,0,0,0,0,0,0,259536,0,345.96,368.91,397.74
163,0,41,75,100,8605,8605,8605,88674,88674,88674,591,591,591,0.23,0.55,0.80,0.09,0.21,0.34,0.04,0.16,0.27,0.00,0.00,0.00,0.01,0.03,0.04,0.00,0.00,0.00,0.06,0.16,0.24,324968,424504,589642,862366,1137735,1587359,0,0,0,0,0,0,0,347532,0,352.26,382.27,401.93
163,1,34,79,100,8615,8615,8615,88664,88664,88664,591,591,591,0.29,0.61,0.82,0.11,0.23,0.33,0.07,0.18,0.28,0.00,0.00,0.00,0.01,0.03,0.05,0.00,0.00,0.00,0.08,0.19,0.30,324966,643733,1310078,836002,1140606,1464792,0,0,0,0,0,0,0,330461,0,384.50,402.33,437.49
163,2,34,65,100,8565,8565,8565,88714,88714,88714,591,591,591,0.16,0.48,0.76,0.06,0.18,0.31,0.03,0.14,0.24,0.00,0.00,0.00,0.00,0.02,0.05,0.00,0.00,0.00,0.03,0.13,0.20,328445,539497,998467,969613,1228543,1430894,0,0,0,0,0,0,0,280460,0,346.15,362.27,384.52
163,3,37,71,100,8636,8636,8636,88643,88643,88643,591,591,591,0.16,0.58,0.90,0.06,0.23,0.34,0.03,0.18,0.29,0.00,0.00,0.00,0.00,0.03,0.06,0.00,0.00,0.00,0.03,0.16,0.28,332815,461753,610609,524117,1070787,1653646,0,0,0,0,0,0,0,313235,0,354.29,397.05,426.83
164,0,40,75,100,8605,8605,8605,88674,88674,88674,591,591,591,0.19,0.58,0.89,0.08,0.22,0.35,0.04,0.17,0.30,0.00,0.00,0.00,0.00,0.03,0.06,0.00,0.00,0.00,0.04,0.16,0.30,144135,641691,1330402,309236,1234741,1737773,0,0,0,0,0,0,0,300881,0,402.92,424.87,453.60
164,1,34,65,97,8615,8615,8615,88664,88664,88664,591,591,591,0.15,0.47,0.82,0.06,0.18,0.33,0.03,0.13,0.25,0.00,0.00,0.00,0.00,0.02,0.05,0.00,0.00,0.00,0.03,0.12,0.22,332807,467519,699692,838569,1198157,1724335,0,0,0,0,0,0,0,247738,0,354.67,388.95,436.15
164,2,37,69,100,8565,8565,8565,88714,88714,88714,591,591,591,0.19,0.48,0.81,0.07,0.18,0.31,0.05,0.14,0.27,0.00,0.00,0.00,0.01,0.02,0.04,0.00,0.00,0.00,0.04,0.15,0.26,476728,909538,1772978,782323,1465636,2591709,0,0,0,0,0,0,0,312103,0,368.75,389.90,409.93
164,3,62,91,100,8636,8636,8636,88643,88643,88643,591,591,591,0.28,0.71,0.84,0.13,0.25,0.35,0.04,0.20,0.28,0.00,0.00,0.00,0.01,0.04,0.05,0.00,0.00,0.00,0.10,0.20,0.31,324898,676029,1459388,600143,1093188,1574672,0,0,0,0,0,0,0,353849,0,358.58,392.85,468.73
165,0,80,92,100,8605,8605,8605,88674,88674,88674,591,591,591,0.68,0.76,0.84,0.25,0.28,0.32,0.17,0.22,0.28,0.00,0.00,0.00,0.03,0.04,0.05,0.00,0.00,0.00,0.20,0.22,0.27,398143,544399,757344,641743,912576,1480622,0,0,0,0,0,0,0,377796,0,393.88,408.04,438.70
165,1,54,88,100,8615,8615,8615,88664,88664,88664,591,591,591,0.34,0.73,0.87,0.15,0.25,0.34,0.10,0.22,0.29,0.00,0.00,0.00,0.01,0.04,0.05,0.00,0.00,0.00,0.13,0.19,0.28,336772,709226,1698225,449030,965941,1808295,0,0,0,0,0,0,0,377316,0,356.30,413.30,464.13
165,2,29,54,74,8565,8565,8565,88714,88714,88714,591,591,591,0.13,0.40,0.72,0.05,0.16,0.30,0.03,0.12,0.23,0.00,0.00,0.00,0.00,0.02,0.04,0.00,0.00,0.00,0.02,0.11,0.19,453368,583063,639290,935618,1242119,1509496,0,0,0,0,0,0,0,175159,0,317.95,338.85,356.35
165,3,33,55,97,8636,8636,8636,88643,88643,88643,591,591,591,0.14,0.45,0.82,0.05,0.17,0.34,0.03,0.14,0.26,0.00,0.00,0.00,0.00,0.02,0.05,0.00,0.00,0.00,0.02,0.10,0.22,364259,399657,442916,673487,1051560,1394178,0,0,0,0,0,0,0,253591,0,367.08,449.67,515.87
166,0,35,73,100,8605,8605,8605,88674,88674,88674,591,591,591,0.17,0.54,0.80,0.07,0.21,0.31,0.03,0.16,0.21,0.00,0.00,0.00,0.00,0.02,0.04,0.00,0.00,0.00,0.04,0.16,0.28,345919,445105,806603,689218,1034317,1814204,0,0,0,0,0,0,0,306632,0,398.63,417.41,462.57
166,1,32,58,95,8615,8615,8615,88664,88664,88664,591,591,591,0.15,0.40,0.83,0.05,0.16,0.34,0.03,0.11,0.26,0.00,0.00,0.00,0.00,0.02,0.05,0.00,0.00,0.00,0.02,0.11,0.20,18344,544097,1154233,319719,1276123,1857716,0,0,0,0,0,0,0,152548,0,330.20,379.06,427.43
166,2,30,68,100,8565,8565,8565,88714,88714,88714,591,591,591,0.16,0.56,0.81,0.06,0.21,0.32,0.04,0.16,0.27,0.00,0.00,0.00,0.00,0.03,0.04,0.00,0.00,0.00,0.03,0.17,0.29,456004,566045,699646,796624,1079168,1433527,0,0,0,0,0,0,0,310795,0,349.90,383.17,406.75
166,3,75,91,100,8636,8636,8636,88643,88643,88643,591,591,591,0.42,0.73,0.86,0.19,0.26,0.34,0.06,0.21,0.28,0.00,0.00,0.00,0.02,0.04,0.05,0.00,0.00,0.00,0.16,0.21,0.30,340677,426131,615808,490984,782651,1375854,0,0,0,0,0,0,0,407776,0,336.82,390.78,478.65
167,0,34,68,100,8605,8605,8605,88674,88674,88674,591,591,591,0.20,0.43,0.78,0.08,0.17,0.27,0.04,0.12,0.26,0.00,0.00,0.00,0.01,0.02,0.03,0.00,0.00,0.00,0.05,0.14,0.22,336459,599318,1172352,936113,1237380,1601516,0,0,0,0,0,0,0,302933,0,344.04,371.17,412.19
167,1,32,83,100,8615,8615,8615,88664,88664,88664,591,591,591,0.37,0.71,0.83,0.14,0.26,0.33,0.12,0.22,0.28,0.00,0.00,0.00,0.02,0.04,0.05,0.00,0.00,0.00,0.08,0.19,0.29,348547,510438,1074222,497863,851625,1336227,0,0,0,0,0,0,0,375239,0,360.67,413.43,474.07
167,2,29,57,100,8565,8565,8565,88714,88714,88714,591,591,591,0.13,0.48,0.70,0.05,0.18,0.27,0.03,0.14,0.19,0.00,0.00,0.00,0.00,0.02,0.03,0.00,0.00,0.00,0.02,0.14,0.25,469109,548328,634204,922485,1181401,1368016,0,0,0,0,0,0,0,349401,0,342.09,384.32,409.76
167,3,32,60,99,8636,8636,8636,88643,88643,88643,591,591,591,0.15,0.53,0.89,0.05,0.19,0.34,0.03,0.15,0.29,0.00,0.00,0.00,0.00,0.03,0.06,0.00,0.00,0.00,0.02,0.13,0.19,220142,398848,563397,542481,1013823,1362751,0,0,0,0,0,0,0,292502,0,337.59,406.01,512.48
168,0,38,67,100,8599,8602,8605,88674,88676,88680,591,591,591,0.17,0.52,0.90,0.06,0.19,0.35,0.04,0.15,0.29,0.00,0.00,0.00,0.00,0.03,0.06,0.00,0.00,0.00,0.03,0.12,0.20,351168,528843,801901,663027,1243753,1716501,0,0,0,0,0,0,0,260081,0,339.27,365.53,409.17
168,1,34,81,100,8615,8615,8615,88664,88664,88664,591,591,591,0.15,0.58,0.81,0.05,0.22,0.31,0.03,0.17,0.27,0.00,0.00,0.00,0.00,0.03,0.04,0.00,0.00,0.00,0.03,0.17,0.28,330201,488991,875169,505784,1023598,1449244,0,0,0,0,0,0,0,369129,0,382.32,395.42,415.30
168,2,35,69,96,8563,8564,8565,88714,88714,88716,591,591,591,0.16,0.50,0.91,0.06,0.20,0.32,0.03,0.14,0.32,0.00,0.00,0.00,0.00,0.03,0.07,0.00,0.00,0.00,0.03,0.15,0.35,495291,1128718,2059622,1378430,1816444,2608537,0,0,0,0,0,0,0,238769,0,345.59,387.14,419.10
168,3,33,78,100,8636,8636,8636,88643,88643,88643,591,591,591,0.30,0.61,0.85,0.12,0.22,0.31,0.09,0.18,0.28,0.00,0.00,0.00,0.01,0.03,0.05,0.00,0.00,0.00,0.07,0.17,0.28,338063,818188,1478211,652542,1234869,1674569,0,0,0,0,0,0,0,309991,0,358.30,422.31,458.84
169,0,46,76,100,8599,8599,8599,88680,88680,88680,591,591,591,0.19,0.63,0.86,0.07,0.22,0.35,0.03,0.18,0.29,0.00,0.00,0.00,0.01,0.03,0.05,0.00,0.00,0.00,0.04,0.17,0.32,330148,441840,812404,442895,871106,1415155,0,0,0,0,0,0,0,370394,0,368.16,426.61,478.19
169,1,29,61,100,8615,8615,8615,88664,88664,88664,591,591,591,0.18,0.39,0.75,0.07,0.15,0.25,0.03,0.11,0.24,0.00,0.00,0.00,0.01,0.02,0.04,0.00,0.00,0.00,0.04,0.12,0.22,319727,594394,1017064,1032526,1229616,1456251,0,0,0,0,0,0,0,304864,0,343.19,382.60,416.94
169,2,46,81,100,8563,8563,8563,88716,88716,88716,591,591,591,0.29,0.67,0.86,0.10,0.23,0.28,0.08,0.20,0.29,0.00,0.00,0.00,0.01,0.03,0.05,0.00,0.00,0.00,0.07,0.18,0.22,505800,642037,765233,615870,958609,1389008,0,0,0,0,0,0,0,341293,0,349.31,408.97,457.24
169,3,36,72,97,8636,8636,8636,88643,88643,88643,591,591,591,0.19,0.52,0.81,0.07,0.21,0.33,0.05,0.16,0.25,0.00,0.00,0.00,0.01,0.03,0.05,0.00,0.00,0.00,0.04,0.15,0.21,338843,437215,578892,652450,958331,1249464,0,0,0,0,0,0,0,305276,0,332.83,364.32,387.78
170,0,30,67,100,8599,8599,8599,88680,88680,88680,591,591,591,0.13,0.50,0.76,0.05,0.19,0.32,0.03,0.15,0.26,0.00,0.00,0.00,0.00,0.03,0.05,0.00,0.00,0.00,0.02,0.13,0.25,321325,542397,960915,649916,1131115,1464949,0,0,0,0,0,0,0,278072,0,370.04,406.03,423.93
170,1,32,54,93,8615,8615,8615,88664,88664,88664,591,591,591,0.15,0.45,0.86,0.05,0.18,0.34,0.03,0.13,0.28,0.00,0.00,0.00,0.00,0.02,0.06,0.00,0.00,0.00,0.02,0.12,0.22,324961,448652,744283,846400,1082844,1402064,0,0,0,0,0,0,0,284818,0,352.01,377.73,397.29
170,2,29,53,85,8563,8563,8563,88716,88716,88716,591,591,591,0.16,0.36,0.70,0.06,0.15,0.29,0.04,0.11,0.24,0.00,0.00,0.00,0.00,0.02,0.04,0.00,0.00,0.00,0.03,0.11,0.19,458533,789818,1873594,851823,1441268,2793359,0,0,0,0,0,0,0,278892,0,317.83,345.24,404.40
170,3,33,64,100,8636,8636,8636,88643,88643,88643,591,591,591,0.14,0.49,0.85,0.05,0.16,0.25,0.03,0.14,0.29,0.00,0.00,0.00,0.00,0.03,0.05,0.00,0.00,0.00,0.02,0.12,0.19,338031,399036,555578,445468,1017519,1567151,0,0,0,0,0,0,0,295307,0,338.68,357.17,403.01
171,0,32,84,100,8599,8599,8599,88680,88680,88680,591,591,591,0.29,0.70,0.86,0.14,0.24,0.34,0.03,0.20,0.29,0.00,0.00,0.00,0.01,0.04,0.05,0.00,0.00,0.00,0.12,0.20,0.31,317928,451954,804543,458623,825684,1287742,0,0,0,0,0,0,0,403770,0,321.98,368.44,454.93
171,1,38,75,100,8615,8615,8615,88664,88664,88664,591,591,591,0.26,0.61,0.83,0.11,0.22,0.32,0.05,0.17,0.28,0.00,0.00,0.00,0.01,0.03,0.05,0.00,0.00,0.00,0.07,0.18,0.28,327555,435021,765230,461233,908835,1454492,0,0,0,0,0,0,0,363916,0,344.58,381.61,419.46
171,2,36,76,100,8563,8563,8563,88716,88716,88716,591,591,591,0.31,0.54,0.80,0.12,0.21,0.29,0.07,0.15,0.27,0.00,0.00,0.00,0.01,0.02,0.04,0.00,0.00,0.00,0.07,0.17,0.26,417554,509642,647236,867349,1140818,1555011,0,0,0,0,0,0,0,239273,0,318.51,374.23,428.11
171,3,34,64,96,8636,8636,8636,88643,88643,88643,591,591,591,0.15,0.53,0.80,0.05,0.21,0.35,0.03,0.15,0.26,0.00,0.00,0.00,0.00,0.03,0.05,0.00,0.00,0.00,0.02,0.14,0.31,327587,737917,1289106,647174,1318112,2159379,0,0,0,0,0,0,0,306075,0,362.35,447.74,510.26
172,0,35,53,80,8599,8599,8599,88680,88680,88680,591,591,591,0.18,0.34,0.49,0.07,0.13,0.19,0.05,0.09,0.14,0.00,0.00,0.00,0.01,0.01,0.02,0.00,0.00,0.00,0.04,0.11,0.18,340669,394361,453325,1076792,1139862,1194893,0,0,0,0,0,0,0,247011,0,339.64,399.82,453.00
172,1,31,70,95,8615,8615,8615,88664,88664,88664,591,591,591,0.14,0.46,0.74,0.05,0.18,0.32,0.03,0.14,0.25,0.00,0.00,0.00,0.00,0.02,0.04,0.00,0.00,0.00,0.02,0.12,0.22,311870,658424,1480587,820270,1270355,1926073,0,0,0,0,0,0,0,195708,0,335.92,390.71,422.41
172,2,34,55,75,8563,8563,8563,88716,88716,88716,591,591,591,0.15,0.44,0.75,0.06,0.17,0.31,0.03,0.12,0.24,0.00,0.00,0.00,0.00,0.02,0.04,0.00,0.00,0.00,0.03,0.11,0.19,448143,693121,1276117,1234358,1392167,1601043,0,0,0,0,0,0,0,275613,0,343.83,382.35,430.90
172,3,76,94,100,8636,8636,8636,88643,88643,88643,591,591,591,0.42,0.74,0.86,0.19,0.24,0.28,0.06,0.22,0.28,0.00,0.00,0.00,0.02,0.04,0.05,0.00,0.00,0.00,0.16,0.19,0.21,330157,413404,571099,484848,777452,1344214,0,0,0,0,0,0,0,394267,0,343.25,373.25,428.80
173,0,36,52,82,8599,8599,8599,88680,88680,88680,591,591,591,0.17,0.43,0.81,0.06,0.17,0.33,0.04,0.13,0.25,0.00,0.00,0.00,0.00,0.02,0.05,0.00,0.00,0.00,0.03,0.11,0.21,277792,676123,1944597,665598,1382630,3058416,0,0,0,0,0,0,0,249145,0,294.94,337.46,365.98
173,1,32,66,100,8615,8615,8615,88664,88664,88664,591,591,591,0.26,0.62,0.84,0.12,0.22,0.32,0.04,0.18,0.28,0.00,0.00,0.00,0.01,0.03,0.05,0.00,0.00,0.00,0.09,0.17,0.29,225016,426673,870079,492876,855666,1430913,0,0,0,0,0,0,0,380894,0,324.65,373.54,431.74
173,2,34,73,100,8563,8563,8563,88716,88716,88716,591,591,591,0.15,0.56,0.82,0.06,0.21,0.33,0.03,0.17,0.28,0.00,0.00,0.00,0.00,0.03,0.05,0.00,0.00,0.00,0.03,0.15,0.29,445526,688699,1268360,623733,1206539,1590691,0,0,0,0,0,0,0,326111,0,384.51,407.12,434.34
173,3,34,69,100,8636,8636,8636,88643,88643,88643,591,591,591,0.14,0.54,0.77,0.05,0.22,0.32,0.03,0.15,0.22,0.00,0.00,0.00,0.00,0.02,0.03,0.00,0.00,0.00,0.02,0.17,0.28,288271,334921,361665,599255,908674,1265763,0,0,0,0,0,0,0,301014,0,387.30,429.32,484.38
174,0,77,92,100,8599,8599,8599,88680,88680,88680,591,591,591,0.39,0.74,0.86,0.20,0.26,0.35,0.05,0.21,0.29,0.00,0.00,0.00,0.01,0.04,0.05,0.00,0.00,0.00,0.17,0.21,0.31,326272,461054,915290,452828,846964,1480483,0,0,0,0,0,0,0,411422,0,351.27,395.66,475.61
174,1,32,65,83,8615,8615,8615,88664,88664,88664,591,591,591,0.14,0.42,0.67,0.05,0.17,0.27,0.03,0.12,0.20,0.00,0.00,0.00,0.00,0.02,0.04,0.00,0.00,0.00,0.02,0.12,0.25,330189,493214,912014,815039,1238533,1826650,0,0,0,0,0,0,0,285751,0,347.31,390.61,435.55
174,2,32,74,100,8563,8563,8563,88716,88716,88716,591,591,591,0.14,0.60,0.82,0.05,0.23,0.32,0.03,0.17,0.28,0.00,0.00,0.00,0.00,0.03,0.05,0.00,0.00,0.00,0.02,0.17,0.29,456000,859887,1894707,888289,1370363,2054564,0,0,0,0,0,0,0,315780,0,377.71,402.65,430.25
174,3,33,66,95,8636,8636,8636,88643,88643,88643,591,591,591,0.17,0.44,0.73,0.07,0.17,0.25,0.03,0.13,0.23,0.00,0.00,0.00,0.00,0.02,0.03,0.00,0.00,0.00,0.04,0.13,0.22,335448,651974,1092840,906760,1336947,1611743,0,0,0,0,0,0,0,297838,0,356.72,384.96,419.18
175,0,36,68,100,8599,8599,8599,88680,88680,88680,591,591,591,0.17,0.53,0.90,0.06,0.20,0.35,0.04,0.15,0.29,0.00,0.00,0.00,0.00,0.03,0.06,0.00,0.00,0.00,0.03,0.13,0.21,319721,382091,545110,547682,1097019,1685124,0,0,0,0,0,0,0,267220,0,365.17,425.91,514.33
175,1,33,74,100,8615,8615,8615,88664,88664,88664,591,591,591,0.29,0.58,0.81,0.11,0.23,0.28,0.09,0.17,0.27,0.00,0.00,0.00,0.01,0.02,0.04,0.00,0.00,0.00,0.06,0.18,0.25,351083,665599,1278704,851657,1218508,2062172,0,0,0,0,0,0,0,351528,0,351.37,391.28,427.07
175,2,35,63,97,8563,8563,8563,88716,88716,88716,591,591,591,0.15,0.54,0.81,0.05,0.21,0.32,0.03,0.16,0.23,0.00,0.00,0.00,0.00,0.03,0.04,0.00,0.00,0.00,0.02,0.15,0.25,492651,627539,831535,830694,1225043,1609101,0,0,0,0,0,0,0,331892,0,399.10,408.58,417.27
175,3,36,68,88,8636,8636,8636,88643,88643,88643,591,591,591,0.16,0.50,0.70,0.06,0.20,0.31,0.03,0.14,0.22,0.00,0.00,0.00,0.00,0.02,0.04,0.00,0.00,0.00,0.03,0.15,0.24,322340,470670,752137,843853,1204454,1394205,0,0,0,0,0,0,0,297613,0,343.97,384.14,428.46
176,0,32,78,100,8599,8599,8599,88680,88680,88680,591,591,591,0.24,0.66,0.86,0.10,0.23,0.34,0.07,0.19,0.29,0.00,0.00,0.00,0.01,0.03,0.05,0.00,0.00,0.00,0.06,0.18,0.31,332830,593280,1302344,440279,991251,2033439,0,0,0,0,0,0,0,369043,0,374.70,421.94,464.25
176,1,33,67,100,8615,8615,8615,88664,88664,88664,591,591,591,0.18,0.45,0.78,0.07,0.18,0.29,0.03,0.13,0.25,0.00,0.00,0.00,0.00,0.02,0.03,0.00,0.00,0.00,0.04,0.13,0.25,249847,419130,670849,761223,1115029,1698088,0,0,0,0,0,0,0,312491,0,359.00,377.80,413.79
176,2,46,85,100,8563,8563,8563,88716,88716,88716,591,591,591,0.21,0.65,0.83,0.09,0.24,0.33,0.03,0.18,0.28,0.00,0.00,0.00,0.01,0.03,0.05,0.00,0.00,0.00,0.06,0.19,0.27,463851,586499,841191,783589,1051928,1480656,0,0,0,0,0,0,0,445944,0,372.86,393.34,448.38
176,3,34,81,100,8636,8636,8636,88643,88643,88643,591,591,591,0.16,0.60,0.81,0.06,0.23,0.33,0.03,0.18,0.27,0.00,0.00,0.00,0.00,0.03,0.05,0.00,0.00,0.00,0.03,0.17,0.29,348551,407840,590144,667947,889525,1386345,0,0,0,0,0,0,0,291223,0,395.60,421.38,456.74
177,0,32,67,100,8599,8599,8599,88680,88680,88680,591,591,591,0.16,0.52,0.81,0.07,0.20,0.32,0.03,0.15,0.21,0.00,0.00,0.00,0.00,0.02,0.04,0.00,0.00,0.00,0.04,0.16,0.30,340682,584203,1007010,859206,1152475,1514393,0,0,0,0,0,0,0,296537,0,318.07,367.94,407.16
177,1,32,75,100,8615,8615,8615,88664,88664,88664,591,591,591,0.29,0.57,0.80,0.10,0.22,0.31,0.07,0.16,0.21,0.00,0.00,0.00,0.01,0.02,0.04,0.00,0.00,0.00,0.07,0.18,0.28,327584,422425,757320,681359,1008899,1331206,0,0,0,0,0,0,0,329248,0,378.89,402.19,421.78
177,2,30,64,100,8563,8563,8563,88716,88716,88716,591,591,591,0.13,0.50,0.82,0.05,0.17,0.25,0.03,0.16,0.28,0.00,0.00,0.00,0.00,0.03,0.05,0.00,0.00,0.00,0.02,0.12,0.20,450570,971246,2770068,633863,1528141,3661103,0,0,0,0,0,0,0,314916,0,368.63,405.66,480.76
177,3,35,72,100,8636,8636,8636,88643,88643,88643,591,591,591,0.31,0.57,0.83,0.12,0.21,0.27,0.04,0.16,0.27,0.00,0.00,0.00,0.01,0.03,0.05,0.00,0.00,0.00,0.08,0.17,0.24,260323,566182,1467298,478714,1130314,1661191,0,0,0,0,0,0,0,266593,0,373.18,400.69,434.85
178,0,32,63,100,8599,8599,8599,88680,88680,88680,591,591,591,0.17,0.49,0.71,0.07,0.19,0.29,0.04,0.15,0.20,0.00,0.00,0.00,0.00,0.02,0.03,0.00,0.00,0.00,0.03,0.15,0.26,487511,606662,720680,891150,1223816,1499014,0,0,0,0,0,0,0,218099,0,364.80,387.22,411.05
178,1,33,68,96,8615,8615,8615,88664,88664,88664,591,591,591,0.30,0.56,0.90,0.12,0.23,0.35,0.09,0.17,0.29,0.00,0.00,0.00,0.01,0.03,0.06,0.00,0.00,0.00,0.07,0.16,0.25,322334,376690,440220,526741,936157,1294457,0,0,0,0,0,0,0,310458,0,351.94,381.88,418.54
178,2,33,63,97,8563,8563,8563,88716,88716,88716,591,591,591,0.14,0.47,0.67,0.05,0.19,0.32,0.03,0.12,0.19,0.00,0.00,0.00,0.00,0.02,0.03,0.00,0.00,0.00,0.02,0.15,0.28,453360,614537,990594,927689,1274936,1475409,0,0,0,0,0,0,0,206584,0,379.48,404.78,422.98
178,3,31,56,79,8636,8636,8636,88643,88643,88643,591,591,591,0.35,0.42,0.50,0.13,0.17,0.23,0.09,0.12,0.15,0.00,0.00,0.00,0.01,0.02,0.03,0.00,0.00,0.00,0.09,0.13,0.19,348548,443543,589625,969644,1118362,1271034,0,0,0,0,0,0,0,268753,0,332.18,362.52,404.88
179,0,37,52,87,8599,8599,8599,88680,88680,88680,591,591,591,0.18,0.46,0.66,0.06,0.18,0.30,0.04,0.13,0.22,0.00,0.00,0.00,0.00,0.02,0.04,0.00,0.00,0.00,0.03,0.13,0.26,261411,962679,1824113,723239,1708459,2960696,0,0,0,0,0,0,0,334987,0,360.89,383.10,415.45
179,1,33,70,100,8613,8613,8615,88664,88665,88666,591,591,591,0.15,0.47,0.86,0.05,0.16,0.25,0.03,0.14,0.29,0.00,0.00,0.00,0.00,0.02,0.05,0.00,0.00,0.00,0.02,0.11,0.20,309250,588125,1520017,516272,1235011,2146369,0,0,0,0,0,0,0,307377,0,345.72,363.70,392.03
179,2,30,63,100,8563,8563,8563,88716,88716,88716,591,591,591,0.20,0.45,0.76,0.08,0.18,0.28,0.05,0.13,0.21,0.00,0.00,0.00,0.01,0.02,0.03,0.00,0.00,0.00,0.04,0.14,0.25,450773,582644,922451,925851,1198322,1396779,0,0,0,0,0,0,0,311171,0,370.97,388.13,419.56
179,3,42,76,100,8636,8636,8636,88643,88643,88643,591,591,591,0.17,0.49,0.80,0.07,0.19,0.31,0.03,0.14,0.21,0.00,0.00,0.00,0.00,0.02,0.04,0.00,0.00,0.00,0.03,0.15,0.28,327592,361057,442865,670893,1063858,1346539,0,0,0,0,0,0,0,338773,0,320.81,368.09,396.45
180,0,86,95,100,8599,8599,8599,88680,88680,88680,591,591,591,0.45,0.75,0.84,0.20,0.28,0.35,0.08,0.22,0.28,0.00,0.00,0.00,0.02,0.04,0.05,0.00,0.00,0.00,0.16,0.21,0.31,348443,563813,869705,654969,964890,1696046,0,0,0,0,0,0,0,413744,0,384.71,417.49,487.88
180,1,32,74,100,8613,8613,8613,88666,88666,88666,591,591,591,0.28,0.60,0.84,0.11,0.24,0.31,0.09,0.16,0.26,0.00,0.00,0.00,0.01,0.02,0.04,0.00,0.00,0.00,0.07,0.19,0.27,340674,429250,573878,752069,938698,1239596,0,0,0,0,0,0,0,372827,0,422.48,444.75,467.55
180,2,31,71,93,8563,8563,8563,88716,88716,88716,591,591,591,0.16,0.48,0.72,0.06,0.19,0.26,0.03,0.14,0.23,0.00,0.00,0.00,0.00,0.02,0.03,0.00,0.00,0.00,0.04,0.15,0.22,466466,786185,1938724,967000,1434080,2661816,0,0,0,0,0,0,0,305871,0,341.31,354.44,380.55
180,3,50,71,85,8636,8636,8636,88643,88643,88643,591,591,591,0.30,0.51,0.82,0.13,0.21,0.34,0.08,0.15,0.26,0.00,0.00,0.00,0.01,0.02,0.05,0.00,0.00,0.00,0.08,0.16,0.22,359031,653767,1242235,670891,1300534,1779488,0,0,0,0,0,0,0,322092,0,333.56,369.90,416.07
181,0,41,70,100,8597,8597,8599,88680,88681,88682,591,591,591,0.17,0.54,0.84,0.06,0.19,0.27,0.04,0.16,0.28,0.00,0.00,0.00,0.00,0.03,0.05,0.00,0.00,0.00,0.03,0.13,0.21,332823,880523,1792544,445511,1581782,2956125,0,0,0,0,0,0,0,342316,0,373.25,407.69,488.95
181,1,34,64,100,8613,8613,8613,88666,88666,88666,591,591,591,0.15,0.48,0.91,0.06,0.17,0.32,0.03,0.14,0.32,0.00,0.00,0.00,0.00,0.03,0.07,0.00,0.00,0.00,0.03,0.11,0.19,221881,912764,2056731,574795,1576381,2849325,0,0,0,0,0,0,0,258850,0,340.11,374.70,427.48
181,2,28,57,100,8563,8563,8563,88716,88716,88716,591,591,591,0.26,0.40,0.67,0.11,0.15,0.26,0.08,0.11,0.17,0.00,0.00,0.00,0.01,0.02,0.03,0.00,0.00,0.00,0.07,0.12,0.24,309235,548754,759951,992350,1195874,1451822,0,0,0,0,0,0,0,322185,0,326.23,357.94,392.74
181,3,36,68,100,8636,8636,8636,88643,88643,88643,591,591,591,0.16,0.50,0.85,0.06,0.17,0.26,0.03,0.15,0.28,0.00,0.00,0.00,0.00,0.03,0.05,0.00,0.00,0.00,0.03,0.12,0.21,335450,428017,579186,653979,1123002,1635349,0,0,0,0,0,0,0,301235,0,352.82,365.27,390.13
182,0,46,78,100,8597,8597,8597,88682,88682,88682,591,591,591,0.31,0.58,0.86,0.13,0.22,0.33,0.10,0.16,0.29,0.00,0.00,0.00,0.01,0.03,0.05,0.00,0.00,0.00,0.08,0.18,0.30,324959,366629,439159,437646,886425,1212756,0,0,0,0,0,0,0,288358,0,380.30,428.30,465.02
182,1,40,83,100,8613,8613,8613,88666,88666,88666,591,591,591,0.20,0.62,0.86,0.08,0.22,0.31,0.06,0.18,0.29,0.00,0.00,0.00,0.01,0.03,0.05,0.00,0.00,0.00,0.04,0.17,0.24,340580,437621,652458,602565,899897,1226475,0,0,0,0,0,0,0,325842,0,375.85,432.38,480.03
182,2,29,70,87,8563,8563,8563,88716,88716,88716,591,591,591,0.22,0.49,0.76,0.08,0.20,0.29,0.06,0.15,0.20,0.00,0.00,0.00,0.01,0.02,0.03,0.00,0.00,0.00,0.05,0.15,0.26,469103,926417,2086064,885361,1487292,2479166,0,0,0,0,0,0,0,224597,0,315.06,353.13,385.32
182,3,32,76,100,8636,8636,8636,88643,88643,88643,591,591,591,0.20,0.62,0.85,0.07,0.24,0.33,0.04,0.18,0.29,0.00,0.00,0.00,0.01,0.03,0.05,0.00,0.00,0.00,0.04,0.19,0.26,115311,473806,1103302,458568,937136,2062468,0,0,0,0,0,0,0,220292,0,401.25,436.58,467.97
183,0,40,69,84,8597,8597,8597,88682,88682,88682,591,591,591,0.18,0.49,0.81,0.06,0.19,0.34,0.04,0.14,0.26,0.00,0.00,0.00,0.00,0.02,0.05,0.00,0.00,0.00,0.03,0.14,0.21,348471,441797,628799,665671,1244169,1637864,0,0,0,0,0,0,0,286965,0,339.34,368.70,387.00
183,1,32,57,99,8613,8613,8613,88666,88666,88666,591,591,591,0.19,0.38,0.66,0.07,0.15,0.25,0.04,0.10,0.17,0.00,0.00,0.00,0.01,0.01,0.02,0.00,0.00,0.00,0.04,0.13,0.23,324516,560734,1347022,801940,1248656,2214462,0,0,0,0,0,0,0,227985,0,333.37,345.79,378.30
183,2,29,62,100,8563,8563,8563,88716,88716,88716,591,591,591,0.14,0.40,0.72,0.05,0.16,0.28,0.03,0.12,0.19,0.00,0.00,0.00,0.00,0.02,0.03,0.00,0.00,0.00,0.02,0.12,0.26,487445,705429,982547,1029786,1393049,1820987,0,0,0,0,0,0,0,293362,0,336.09,367.88,403.37
183,3,33,64,100,8636,8636,8636,88643,88643,88643,591,591,591,0.15,0.48,0.90,0.06,0.18,0.32,0.03,0.14,0.31,0.00,0.00,0.00,0.00,0.03,0.07,0.00,0.00,0.00,0.03,0.11,0.21,348455,440229,620954,492689,1136738,1671598,0,0,0,0,0,0,0,244649,0,344.74,373.34,418.65
184,0,79,94,100,8597,8597,8597,88682,88682,88682,591,591,591,0.45,0.70,0.84,0.18,0.25,0.32,0.14,0.21,0.28,0.00,0.00,0.00,0.02,0.03,0.05,0.00,0.00,0.00,0.11,0.20,0.29,332804,636814,1499029,466450,972255,2211854,0,0,0,0,0,0,0,297971,0,393.04,415.83,453.85
184,1,30,53,73,8613,8613,8613,88666,88666,88666,591,591,591,0.23,0.33,0.43,0.08,0.13,0.18,0.05,0.10,0.15,0.00,0.00,0.00,0.01,0.01,0.02,0.00,0.00,0.00,0.06,0.10,0.13,332829,406840,597510,896257,1136653,1236708,0,0,0,0,0,0,0,255665,0,325.59,332.96,340.77
184,2,33,73,100,8563,8563,8563,88716,88716,88716,591,591,591,0.15,0.49,0.72,0.05,0.19,0.31,0.03,0.14,0.21,0.00,0.00,0.00,0.00,0.02,0.03,0.00,0.00,0.00,0.02,0.14,0.24,314440,540510,862226,721465,1187374,1483317,0,0,0,0,0,0,0,318416,0,373.06,389.53,403.05
184,3,91,97,100,8636,8636,8636,88643,88643,88643,591,591,591,0.79,0.82,0.85,0.24,0.29,0.35,0.16,0.25,0.29,0.00,0.00,0.00,0.03,0.04,0.05,0.00,0.00,0.00,0.18,0.22,0.31,324952,371464,455926,432396,577836,738915,0,0,0,0,0,0,0,408573,0,358.09,439.24,514.82
185,0,30,48,72,8597,8597,8597,88682,88682,88682,591,591,591,0.14,0.47,0.85,0.05,0.18,0.34,0.03,0.14,0.27,0.00,0.00,0.00,0.00,0.02,0.05,0.00,0.00,0.00,0.02,0.13,0.25,350502,659576,1063223,774007,1331117,2142158,0,0,0,0,0,0,0,301098,0,383.14,412.63,436.77
185,1,30,65,100,8613,8613,8613,88666,88666,88666,591,591,591,0.13,0.47,0.74,0.05,0.18,0.27,0.03,0.14,0.23,0.00,0.00,0.00,0.00,0.02,0.04,0.00,0.00,0.00,0.02,0.13,0.22,330202,361900,461238,775725,992387,1265776,0,0,0,0,0,0,0,270915,0,332.01,346.98,366.91
185,2,46,69,100,8563,8563,8563,88716,88716,88716,591,591,591,0.33,0.55,0.82,0.12,0.20,0.31,0.09,0.15,0.27,0.00,0.00,0.00,0.01,0.02,0.04,0.00,0.00,0.00,0.09,0.16,0.25,487444,789823,1719117,746836,1366324,2020487,0,0,0,0,0,0,0,329069,0,383.29,391.31,409.26
185,3,34,67,100,8636,8636,8636,88643,88643,88643,591,591,591,0.15,0.52,0.82,0.06,0.18,0.25,0.03,0.16,0.28,0.00,0.00,0.00,0.00,0.03,0.05,0.00,0.00,0.00,0.02,0.13,0.20,290459,439702,781317,429147,1058255,1759861,0,0,0,0,0,0,0,382426,0,369.28,397.97,461.53
186,0,55,86,100,8597,8597,8597,88682,88682,88682,591,591,591,0.24,0.65,0.85,0.11,0.24,0.33,0.03,0.19,0.28,0.00,0.00,0.00,0.01,0.03,0.05,0.00,0.00,0.00,0.09,0.19,0.26,335445,431883,739025,471720,856955,1281512,0,0,0,0,0,0,0,390799,0,336.72,375.17,445.20
186,1,31,69,100,8613,8613,8613,88666,88666,88666,591,591,591,0.14,0.56,0.89,0.05,0.21,0.35,0.03,0.17,0.30,0.00,0.00,0.00,0.00,0.03,0.06,0.00,0.00,0.00,0.02,0.15,0.30,319720,709611,1485905,631560,1223248,2308787,0,0,0,0,0,0,0,314784,0,372.99,410.38,455.93
186,2,32,61,100,8563,8563,8563,88716,88716,88716,591,591,591,0.17,0.50,0.73,0.06,0.20,0.29,0.04,0.15,0.20,0.00,0.00,0.00,0.00,0.02,0.03,0.00,0.00,0.00,0.03,0.15,0.26,450761,536183,663002,898953,1132646,1428207,0,0,0,0,0,0,0,298700,0,349.93,383.24,425.18
186,3,54,77,95,8636,8636,8636,88643,88643,88643,591,591,591,0.33,0.63,0.82,0.14,0.25,0.33,0.11,0.18,0.29,0.00,0.00,0.00,0.01,0.03,0.06,0.00,0.00,0.00,0.09,0.19,0.29,49798,485348,1048272,309274,954977,1745373,0,0,0,0,0,0,0,315347,0,394.10,419.27,435.26
187,0,34,69,100,8597,8597,8597,88682,88682,88682,591,591,591,0.20,0.49,0.75,0.08,0.19,0.31,0.05,0.14,0.25,0.00,0.00,0.00,0.01,0.02,0.04,0.00,0.00,0.00,0.04,0.14,0.26,332828,643583,1409631,710206,1276728,1805271,0,0,0,0,0,0,0,323546,0,367.63,408.48,437.23
187,1,33,78,100,8613,8613,8613,88666,88666,88666,591,591,591,0.25,0.61,0.83,0.10,0.22,0.32,0.06,0.17,0.28,0.00,0.00,0.00,0.01,0.03,0.05,0.00,0.00,0.00,0.06,0.17,0.28,330184,437115,786206,469071,905668,1496413,0,0,0,0,0,0,0,350941,0,354.47,386.68,429.59
187,2,30,57,100,8563,8563,8563,88716,88716,88716,591,591,591,0.13,0.42,0.69,0.05,0.17,0.30,0.03,0.12,0.22,0.00,0.00,0.00,0.00,0.02,0.04,0.00,0.00,0.00,0.02,0.12,0.24,323199,698308,1166160,856880,1378099,2172465,0,0,0,0,0,0,0,318376,0,346.31,386.80,417.99
187,3,33,65,100,8636,8636,8636,88643,88643,88643,591,591,591,0.15,0.50,0.84,0.05,0.16,0.25,0.03,0.15,0.28,0.00,0.00,0.00,0.00,0.02,0.05,0.00,0.00,0.00,0.02,0.12,0.19,335447,410385,586985,466481,1017323,1407277,0,0,0,0,0,0,0,351855,0,356.95,363.88,384.79
188,0,36,72,100,8597,8597,8597,88682,88682,88682,591,591,591,0.15,0.51,0.82,0.06,0.18,0.26,0.03,0.14,0.27,0.00,0.00,0.00,0.00,0.02,0.04,0.00,0.00,0.00,0.03,0.14,0.21,353584,409372,569033,574096,1076743,1372542,0,0,0,0,0,0,0,345250,0,370.30,381.54,389.52
188,1,38,60,100,8613,8613,8613,88666,88666,88666,591,591,591,0.29,0.46,0.73,0.12,0.18,0.28,0.08,0.13,0.19,0.00,0.00,0.00,0.01,0.02,0.03,0.00,0.00,0.00,0.08,0.14,0.26,332823,366186,431520,754763,1023415,1312032,0,0,0,0,0,0,0,282491,0,343.75,381.11,437.80
188,2,39,75,100,8563,8563,8563,88716,88716,88716,591,591,591,0.31,0.55,0.82,0.13,0.20,0.32,0.08,0.15,0.28,0.00,0.00,0.00,0.01,0.02,0.05,0.00,0.00,0.00,0.10,0.17,0.28,450795,799793,1855244,741654,1372666,2153970,0,0,0,0,0,0,0,321955,0,381.20,391.20,407.02
188,3,36,62,100,8636,8636,8636,88643,88643,88643,591,591,591,0.30,0.44,0.65,0.12,0.18,0.31,0.09,0.12,0.14,0.00,0.00,0.00,0.01,0.02,0.02,0.00,0.00,0.00,0.07,0.15,0.28,306610,348024,395723,707594,1008432,1229102,0,0,0,0,0,0,0,228600,0,341.62,397.99,423.68
189,0,39,76,100,8597,8597,8597,88682,88682,88682,591,591,591,0.17,0.57,0.82,0.07,0.21,0.32,0.04,0.17,0.28,0.00,0.00,0.00,0.00,0.03,0.04,0.00,0.00,0.00,0.03,0.16,0.25,353783,436606,552894,728458,1053013,1475463,0,0,0,0,0,0,0,306433,0,338.71,390.64,442.07
189,1,33,64,95,8613,8613,8613,88666,88666,88666,591,591,591,0.15,0.42,0.80,0.06,0.17,0.34,0.03,0.12,0.27,0.00,0.00,0.00,0.00,0.02,0.04,0.00,0.00,0.00,0.03,0.11,0.22,408834,668787,1213361,919876,1399426,2183002,0,0,0,0,0,0,0,241950,0,332.61,361.76,401.36
189,2,31,70,100,8563,8563,8563,88716,88716,88716,591,591,591,0.21,0.52,0.77,0.09,0.20,0.29,0.03,0.15,0.25,0.00,0.00,0.00,0.01,0.02,0.04,0.00,0.00,0.00,0.06,0.16,0.26,484781,690821,1015729,851642,1270300,1687359,0,0,0,0,0,0,0,218820,0,325.31,376.84,425.99
189,3,35,56,91,8636,8636,8636,88643,88643,88643,591,591,591,0.15,0.38,0.59,0.05,0.15,0.25,0.03,0.10,0.18,0.00,0.00,0.00,0.00,0.02,0.03,0.00,0.00,0.00,0.02,0.12,0.19,47172,767632,1179211,683995,1563931,2146165,0,0,0,0,0,0,0,266215,0,328.58,345.52,357.49
190,0,43,65,100,8597,8597,8597,88682,88682,88682,591,591,591,0.29,0.43,0.71,0.11,0.18,0.30,0.08,0.11,0.17,0.00,0.00,0.00,0.01,0.02,0.03,0.00,0.00,0.00,0.07,0.14,0.27,332828,389825,450742,794075,1100683,1244829,0,0,0,0,0,0,0,228561,0,382.27,397.52,419.75
190,1,77,88,100,8613,8613,8613,88666,88666,88666,591,591,591,0.60,0.74,0.85,0.24,0.27,0.31,0.17,0.22,0.27,0.00,0.00,0.00,0.03,0.04,0.05,0.00,0.00,0.00,0.19,0.21,0.25,348543,427139,594774,613238,742923,901519,0,0,0,0,0,0,0,389691,0,355.57,392.63,450.16
190,2,31,55,83,8563,8563,8563,88716,88716,88716,591,591,591,0.26,0.38,0.45,0.11,0.15,0.17,0.09,0.11,0.14,0.00,0.00,0.00,0.01,0.01,0.02,0.00,0.00,0.00,0.07,0.11,0.14,338891,529569,725893,1066622,1250648,1517299,0,0,0,0,0,0,0,269088,0,342.50,362.73,381.98
190,3,33,70,100,8636,8636,8636,88643,88643,88643,591,591,591,0.32,0.53,0.80,0.12,0.21,0.29,0.07,0.15,0.27,0.00,0.00,0.00,0.01,0.02,0.04,0.00,0.00,0.00,0.09,0.16,0.25,335268,374703,450768,560526,969517,1320423,0,0,0,0,0,0,0,313594,0,360.09,386.86,399.69
191,0,37,76,95,8597,8597,8597,88682,88682,88682,591,591,591,0.15,0.55,0.68,0.06,0.22,0.29,0.03,0.16,0.21,0.00,0.00,0.00,0.00,0.02,0.03,0.00,0.00,0.00,0.03,0.18,0.25,366833,779324,1490897,864678,1461704,2290059,0,0,0,0,0,0,0,318521,0,348.98,372.97,405.93
191,1,36,56,100,8613,8613,8613,88666,88666,88666,591,591,591,0.16,0.45,0.72,0.06,0.17,0.30,0.03,0.13,0.25,0.00,0.00,0.00,0.00,0.02,0.05,0.00,0.00,0.00,0.03,0.12,0.25,288252,399910,466480,714517,1084247,1488535,0,0,0,0,0,0,0,328394,0,366.18,409.58,443.86
191,2,42,61,100,8563,8563,8563,88716,88716,88716,591,591,591,0.22,0.47,0.71,0.08,0.19,0.28,0.06,0.14,0.19,0.00,0.00,0.00,0.01,0.02,0.03,0.00,0.00,0.00,0.05,0.15,0.26,495307,953301,2064755,1006324,1579080,2683133,0,0,0,0,0,0,0,313819,0,343.59,366.47,401.48
191,3,41,75,100,8636,8636,8636,88643,88643,88643,591,591,591,0.33,0.61,0.91,0.12,0.24,0.32,0.08,0.19,0.33,0.00,0.00,0.00,0.01,0.03,0.07,0.00,0.00,0.00,0.08,0.17,0.25,343226,394113,469102,476848,865347,1383722,0,0,0,0,0,0,0,329454,0,345.97,384.51,410.11
192,0,40,68,86,8597,8597,8597,88682,88682,88682,591,591,591,0.34,0.52,0.71,0.13,0.21,0.27,0.10,0.15,0.22,0.00,0.00,0.00,0.01,0.02,0.03,0.00,0.00,0.00,0.08,0.16,0.23,229182,410178,756790,880508,1110586,1360093,0,0,0,0,0,0,0,325029,0,363.68,380.04,400.10
192,1,30,71,100,8613,8613,8613,88666,88666,88666,591,591,591,0.28,0.56,0.82,0.11,0.21,0.29,0.04,0.16,0.27,0.00,0.00,0.00,0.01,0.03,0.04,0.00,0.00,0.00,0.07,0.17,0.24,330204,466448,825425,607965,1018870,1407301,0,0,0,0,0,0,0,381567,0,384.61,396.67,410.38
192,2,32,66,100,8563,8563,8563,88716,88716,88716,591,591,591,0.19,0.47,0.77,0.08,0.18,0.27,0.03,0.14,0.26,0.00,0.00,0.00,0.01,0.02,0.04,0.00,0.00,0.00,0.05,0.14,0.22,442894,466997,487404,904055,1152561,1402054,0,0,0,0,0,0,0,309486,0,343.77,372.94,399.53
192,3,35,65,100,8634,8634,8636,88643,88644,88645,591,591,591,0.16,0.46,0.85,0.06,0.16,0.25,0.03,0.13,0.29,0.00,0.00,0.00,0.00,0.02,0.05,0.00,0.00,0.00,0.03,0.11,0.19,2620,531787,1105914,723036,1221157,2078176,0,0,0,0,0,0,0,359562,0,342.03,356.71,393.00
193,0,36,71,100,8597,8597,8597,88682,88682,88682,591,591,591,0.16,0.57,0.83,0.06,0.21,0.33,0.03,0.16,0.27,0.00,0.00,0.00,0.00,0.03,0.05,0.00,0.00,0.00,0.03,0.16,0.29,369515,687138,1396810,799299,1282556,1690323,0,0,0,0,0,0,0,352988,0,341.23,378.32,402.82
193,1,41,64,96,8613,8613,8613,88666,88666,88666,591,591,591,0.32,0.45,0.78,0.13,0.18,0.30,0.08,0.13,0.21,0.00,0.00,0.00,0.01,0.02,0.03,0.00,0.00,0.00,0.10,0.14,0.26,319698,813984,2109669,738976,1485930,2990227,0,0,0,0,0,0,0,267301,0,344.19,378.19,420.37
193,2,29,76,100,8563,8563,8563,88716,88716,88716,591,591,591,0.13,0.50,0.75,0.05,0.20,0.29,0.03,0.14,0.18,0.00,0.00,0.00,0.00,0.02,0.03,0.00,0.00,0.00,0.02,0.16,0.27,333658,560464,775717,943326,1107996,1333937,0,0,0,0,0,0,0,284791,0,354.92,378.15,402.65
193,3,33,74,100,8634,8634,8634,88645,88645,88645,591,591,591,0.16,0.55,0.86,0.06,0.21,0.31,0.03,0.15,0.21,0.00,0.00,0.00,0.00,0.03,0.04,0.00,0.00,0.00,0.04,0.16,0.25,338010,609017,1016814,597413,1164060,1483180,0,0,0,0,0,0,0,297677,0,399.79,439.00,496.78
194,0,38,59,94,8597,8597,8599,88680,88681,88682,591,591,591,0.26,0.45,0.80,0.09,0.18,0.34,0.07,0.13,0.27,0.00,0.00,0.00,0.01,0.02,0.05,0.00,0.00,0.00,0.05,0.13,0.21,219959,560059,801052,1149222,1321361,1614049,0,0,0,0,0,0,0,284173,0,356.50,394.05,438.32
194,1,0,48,74,8613,8613,8615,88664,88665,88666,591,591,591,0.10,0.35,0.64,0.05,0.14,0.26,0.03,0.10,0.19,0.00,0.00,0.00,0.00,0.01,0.02,0.00,0.00,0.00,0.03,0.11,0.23,327578,350288,403548,552040,1002013,1294590,0,0,0,0,0,0,0,228626,0,292.55,326.53,350.63
194,2,32,49,92,8563,8563,8565,88714,88715,88716,591,591,591,0.15,0.38,0.67,0.05,0.15,0.30,0.03,0.12,0.21,0.00,0.00,0.00,0.00,0.02,0.03,0.00,0.00,0.00,0.02,0.11,0.24,435035,834413,2203947,1016829,1510017,2565593,0,0,0,0,0,0,0,291378,0,327.65,362.20,413.70
194,3,33,68,100,8634,8634,8636,88643,88644,88645,591,591,591,0.25,0.49,0.80,0.09,0.20,0.31,0.06,0.14,0.21,0.00,0.00,0.00,0.01,0.02,0.03,0.00,0.00,0.00,0.06,0.16,0.27,301380,336886,359012,704922,916771,1303056,0,0,0,0,0,0,0,241898,0,356.00,379.16,404.22
195,0,39,84,100,8599,8599,8599,88680,88680,88680,591,591,591,0.18,0.68,0.82,0.06,0.25,0.35,0.04,0.21,0.28,0.00,0.00,0.00,0.00,0.04,0.06,0.00,0.00,0.00,0.03,0.18,0.29,332810,473731,591859,639416,927989,1732207,0,0,0,0,0,0,0,344936,0,402.21,432.33,478.12
195,1,50,79,100,8615,8615,8615,88664,88664,88664,591,591,591,0.29,0.61,0.87,0.12,0.24,0.33,0.08,0.19,0.31,0.00,0.00,0.00,0.01,0.03,0.06,0.00,0.00,0.00,0.08,0.18,0.27,332777,665642,1488561,736303,1156217,1724424,0,0,0,0,0,0,0,273002,0,313.14,360.17,407.80
195,2,44,76,100,8565,8565,8565,88714,88714,88714,591,591,591,0.32,0.64,0.82,0.14,0.24,0.30,0.05,0.19,0.27,0.00,0.00,0.00,0.01,0.03,0.04,0.00,0.00,0.00,0.11,0.18,0.26,489038,671692,1158338,825486,1103928,1485922,0,0,0,0,0,0,0,297466,0,334.13,385.83,438.60
195,3,28,56,100,8636,8636,8636,88643,88643,88643,591,591,591,0.15,0.46,0.79,0.05,0.18,0.33,0.03,0.14,0.25,0.00,0.00,0.00,0.00,0.02,0.05,0.00,0.00,0.00,0.02,0.13,0.24,28826,900975,1941912,898867,1536399,2243288,0,0,0,0,0,0,0,323996,0,338.50,367.96,396.36
196,0,42,81,100,8597,8597,8597,88682,88682,88682,591,591,591,0.21,0.66,0.86,0.09,0.21,0.27,0.04,0.20,0.29,0.00,0.00,0.00,0.00,0.04,0.05,0.00,0.00,0.00,0.05,0.16,0.21,345927,680695,1553961,576543,1219898,1671884,0,0,0,0,0,0,0,348084,0,379.03,388.58,406.90
196,1,35,54,100,8613,8613,8615,88664,88665,88666,591,591,591,0.15,0.39,0.84,0.06,0.14,0.25,0.03,0.10,0.28,0.00,0.00,0.00,0.00,0.02,0.05,0.00,0.00,0.00,0.03,0.10,0.19,327587,467125,699694,647309,1277549,1734823,0,0,0,0,0,0,0,279524,0,345.73,350.20,355.02
196,2,35,73,100,8565,8565,8565,88714,88714,88714,591,591,591,0.15,0.48,0.82,0.06,0.18,0.29,0.03,0.13,0.27,0.00,0.00,0.00,0.00,0.02,0.04,0.00,0.00,0.00,0.03,0.15,0.27,321462,583452,896250,546836,1203801,1902567,0,0,0,0,0,0,0,320502,0,374.48,388.41,417.71
196,3,52,88,100,8636,8636,8636,88643,88643,88643,591,591,591,0.23,0.66,0.86,0.10,0.21,0.26,0.03,0.20,0.29,0.00,0.00,0.00,0.01,0.04,0.05,0.00,0.00,0.00,0.07,0.16,0.21,348555,640102,1250065,458626,1104619,1860684,0,0,0,0,0,0,0,377751,0,334.23,360.89,411.53
197,0,37,68,100,8597,8597,8597,88682,88682,88682,591,591,591,0.19,0.49,0.84,0.07,0.20,0.34,0.04,0.13,0.25,0.00,0.00,0.00,0.00,0.02,0.04,0.00,0.00,0.00,0.03,0.15,0.30,335422,504724,702344,827999,1152534,1787309,0,0,0,0,0,0,0,259543,0,355.93,425.79,459.53
197,1,68,90,100,8613,8613,8613,88666,88666,88666,591,591,591,0.28,0.62,0.85,0.12,0.22,0.33,0.05,0.17,0.29,0.00,0.00,0.00,0.01,0.03,0.05,0.00,0.00,0.00,0.08,0.17,0.29,210493,363388,568688,521480,839782,1425608,0,0,0,0,0,0,0,300571,0,371.99,435.88,489.15
197,2,32,58,100,8565,8565,8565,88714,88714,88714,591,591,591,0.23,0.38,0.62,0.09,0.15,0.24,0.05,0.11,0.17,0.00,0.00,0.00,0.01,0.01,0.02,0.00,0.00,0.00,0.06,0.12,0.22,484800,890998,1894728,1131947,1576535,2848644,0,0,0,0,0,0,0,304987,0,327.51,364.42,402.64
197,3,31,70,100,8636,8636,8636,88643,88643,88643,591,591,591,0.15,0.53,0.80,0.05,0.21,0.35,0.03,0.14,0.26,0.00,0.00,0.00,0.00,0.02,0.04,0.00,0.00,0.00,0.03,0.16,0.31,60275,455026,1244805,631471,1076499,2245892,0,0,0,0,0,0,0,287588,0,384.49,437.29,506.39
198,0,51,83,99,8597,8597,8597,88682,88682,88682,591,591,591,0.41,0.55,0.76,0.16,0.22,0.30,0.12,0.16,0.21,0.00,0.00,0.00,0.02,0.02,0.03,0.00,0.00,0.00,0.11,0.18,0.26,239475,485131,806355,542241,1160278,1570061,0,0,0,0,0,0,0,330213,0,347.87,396.82,436.86
198,1,31,68,100,8613,8613,8613,88666,88666,88666,591,591,591,0.15,0.57,0.81,0.06,0.22,0.33,0.03,0.17,0.27,0.00,0.00,0.00,0.00,0.03,0.05,0.00,0.00,0.00,0.03,0.16,0.29,332827,490054,904124,618382,1015231,1514759,0,0,0,0,0,0,0,328377,0,397.25,408.90,423.13
198,2,37,58,74,8565,8565,8565,88714,88714,88714,591,591,591,0.25,0.37,0.59,0.10,0.15,0.25,0.08,0.11,0.21,0.00,0.00,0.00,0.01,0.02,0.03,0.00,0.00,0.00,0.06,0.12,0.17,458608,655675,1040391,1139770,1329170,1514726,0,0,0,0,0,0,0,262126,0,323.19,329.52,335.45
198,3,34,71,100,8636,8636,8636,88643,88643,88643,591,591,591,0.16,0.60,0.81,0.06,0.23,0.33,0.03,0.18,0.28,0.00,0.00,0.00,0.00,0.03,0.04,0.00,0.00,0.00,0.03,0.17,0.29,340683,457208,648192,655213,939415,1685999,0,0,0,0,0,0,0,267978,0,364.51,408.94,449.55
199,0,37,74,100,8597,8597,8597,88682,88682,88682,591,591,591,0.17,0.55,0.90,0.06,0.20,0.34,0.03,0.17,0.31,0.00,0.00,0.00,0.00,0.03,0.06,0.00,0.00,0.00,0.03,0.13,0.21,327589,859545,1396657,1250013,1493221,1905281,0,0,0,0,0,0,0,333713,0,360.96,386.52,427.45
199,1,66,90,100,8613,8613,8613,88666,88666,88666,591,591,591,0.30,0.71,0.83,0.14,0.26,0.35,0.04,0.20,0.28,0.00,0.00,0.00,0.01,0.04,0.05,0.00,0.00,0.00,0.11,0.21,0.30,356401,867893,1981237,602850,1271379,2117513,0,0,0,0,0,0,0,412623,0,360.43,399.73,477.10
199,2,30,52,100,8565,8565,8565,88714,88714,88714,591,591,591,0.14,0.40,0.69,0.06,0.16,0.29,0.03,0.11,0.20,0.00,0.00,0.00,0.00,0.02,0.03,0.00,0.00,0.00,0.03,0.12,0.26,466481,558410,726802,977703,1252141,1438754,0,0,0,0,0,0,0,340688,0,317.32,352.96,379.57
199,3,39,79,100,8636,8636,8636,88643,88643,88643,591,591,591,0.35,0.64,0.84,0.13,0.23,0.27,0.10,0.18,0.28,0.00,0.00,0.00,0.01,0.03,0.05,0.00,0.00,0.00,0.08,0.18,0.24,335437,482699,817658,565955,965392,1428193,0,0,0,0,0,0,0,335657,0,370.99,401.84,440.13
200,0,38,70,100,8597,8597,8597,88682,88682,88682,591,591,591,0.17,0.55,0.83,0.06,0.22,0.34,0.04,0.15,0.25,0.00,0.00,0.00,0.00,0.03,0.04,0.00,0.00,0.00,0.03,0.16,0.29,343123,540871,825524,560521,1159855,1907834,0,0,0,0,0,0,0,289352,0,388.63,426.38,472.48
200,1,33,63,100,8613,8613,8613,88666,88666,88666,591,591,591,0.14,0.54,0.86,0.05,0.18,0.29,0.03,0.16,0.29,0.00,0.00,0.00,0.00,0.03,0.06,0.00,0.00,0.00,0.02,0.12,0.20,206131,371389,605286,453250,968289,1538862,0,0,0,0,0,0,0,277802,0,343.02,392.26,493.99
200,2,29,75,100,8565,8565,8565,88714,88714,88714,591,591,591,0.15,0.54,0.80,0.06,0.21,0.30,0.04,0.15,0.23,0.00,0.00,0.00,0.00,0.02,0.03,0.00,0.00,0.00,0.03,0.16,0.24,479537,985834,2125110,1226358,1566026,2476238,0,0,0,0,0,0,0,303519,0,361.11,383.93,406.35
200,3,34,63,100,8636,8636,8636,88643,88643,88643,591,591,591,0.15,0.50,0.81,0.06,0.19,0.26,0.03,0.15,0.27,0.00,0.00,0.00,0.00,0.02,0.04,0.00,0.00,0.00,0.02,0.14,0.21,165102,549283,1218615,597509,1206540,2306196,0,0,0,0,0,0,0,240760,0,332.87,379.62,433.96
201,0,36,77,100,8597,8597,8597,88682,88682,88682,591,591,591,0.30,0.53,0.82,0.11,0.21,0.30,0.09,0.17,0.27,0.00,0.00,0.00,0.01,0.03,0.04,0.00,0.00,0.00,0.08,0.17,0.24,10481,695786,1166357,885561,1147206,1430867,0,0,0,0,0,0,0,239533,0,371.43,386.75,398.67
201,1,50,79,100,8613,8613,8613,88666,88666,88666,591,591,591,0.30,0.58,0.84,0.13,0.21,0.33,0.08,0.16,0.28,0.00,0.00,0.00,0.01,0.03,0.05,0.00,0.00,0.00,0.08,0.18,0.30,319721,604683,1425496,455999,1065916,1679675,0,0,0,0,0,0,0,205861,0,401.07,433.70,451.94
201,2,30,63,85,8565,8565,8565,88714,88714,88714,591,591,591,0.14,0.44,0.62,0.05,0.18,0.24,0.03,0.13,0.19,0.00,0.00,0.00,0.00,0.02,0.03,0.00,0.00,0.00,0.03,0.14,0.19,419298,461234,490057,845585,1053284,1260548,0,0,0,0,0,0,0,243579,0,330.30,356.26,373.38
201,3,33,68,85,8636,8636,8636,88643,88643,88643,591,591,591,0.14,0.48,0.79,0.05,0.19,0.31,0.03,0.13,0.22,0.00,0.00,0.00,0.00,0.02,0.04,0.00,0.00,0.00,0.02,0.14,0.27,343317,524549,641167,783603,1168984,1493502,0,0,0,0,0,0,0,293878,0,395.92,406.73,419.71
202,0,0,43,77,8597,8597,8597,88682,88682,88682,591,591,591,0.06,0.26,0.41,0.02,0.09,0.13,0.01,0.07,0.10,0.00,0.00,0.00,0.00,0.01,0.01,0.00,0.00,0.00,0.02,0.08,0.13,390434,839654,1302431,641989,1376366,1690373,0,0,0,0,0,0,0,210672,0,252.60,287.85,356.68
202,1,30,62,100,8613,8613,8613,88666,88666,88666,591,591,591,0.15,0.40,0.62,0.05,0.16,0.24,0.03,0.12,0.20,0.00,0.00,0.00,0.00,0.02,0.03,0.00,0.00,0.00,0.03,0.12,0.18,235850,438122,948725,775745,1125174,1792618,0,0,0,0,0,0,0,289008,0,315.79,341.67,371.02
202,2,30,63,100,8565,8565,8565,88714,88714,88714,591,591,591,0.14,0.44,0.80,0.05,0.17,0.27,0.03,0.12,0.27,0.00,0.00,0.00,0.00,0.02,0.04,0.00,0.00,0.00,0.02,0.13,0.24,448124,745790,1771546,676117,1391452,2243260,0,0,0,0,0,0,0,347766,0,340.63,373.51,396.38
202,3,36,69,100,8636,8636,8636,88643,88643,88643,591,591,591,0.15,0.54,0.81,0.05,0.21,0.32,0.03,0.16,0.27,0.00,0.00,0.00,0.00,0.02,0.05,0.00,0.00,0.00,0.02,0.15,0.27,332828,406119,521511,576434,1002937,1547604,0,0,0,0,0,0,0,336825,0,388.20,398.11,404.19
203,0,34,62,100,8597,8597,8597,88682,88682,88682,591,591,591,0.25,0.45,0.65,0.10,0.16,0.23,0.06,0.11,0.16,0.00,0.00,0.00,0.01,0.02,0.02,0.00,0.00,0.00,0.06,0.13,0.19,324939,332819,343309,906766,1086509,1331241,0,0,0,0,0,0,0,297471,0,276.82,324.98,365.94
203,1,33,63,97,8613,8613,8613,88666,88666,88666,591,591,591,0.15,0.47,0.92,0.06,0.19,0.34,0.03,0.13,0.33,0.00,0.00,0.00,0.00,0.02,0.07,0.00,0.00,0.00,0.03,0.13,0.28,319721,398863,639428,778320,1100157,1365367,0,0,0,0,0,0,0,301305,0,349.11,393.44,423.64
203,2,35,66,98,8563,8564,8565,88714,88714,88716,591,591,591,0.15,0.52,0.92,0.06,0.20,0.33,0.03,0.16,0.33,0.00,0.00,0.00,0.00,0.03,0.07,0.00,0.00,0.00,0.03,0.14,0.26,463866,639959,1184548,652552,1285680,2219718,0,0,0,0,0,0,0,277917,0,375.90,405.59,431.27
203,3,51,82,100,8636,8636,8636,88643,88643,88643,591,591,591,0.37,0.62,0.81,0.13,0.23,0.26,0.11,0.18,0.27,0.00,0.00,0.00,0.01,0.03,0.04,0.00,0.00,0.00,0.09,0.18,0.24,112670,564660,1326065,518810,1052087,1519995,0,0,0,0,0,0,0,299001,0,378.71,392.90,402.02
204,0,38,71,87,8597,8597,8597,88682,88682,88682,591,591,591,0.16,0.43,0.85,0.06,0.20,0.34,0.03,0.15,0.27,0.00,0.00,0.00,0.00,0.02,0.05,0.00,0.00,0.00,0.03,0.15,0.22,324963,434447,767503,689242,1146736,1573509,0,0,0,0,0,0,0,330088,0,348.89,361.62,376.07
204,1,33,81,100,8613,8613,8613,88666,88666,88666,591,591,591,0.31,0.71,0.86,0.13,0.24,0.35,0.09,0.21,0.29,0.00,0.00,0.00,0.01,0.04,0.05,0.00,0.00,0.00,0.07,0.19,0.32,353793,657243,1451856,463862,998445,1823992,0,0,0,0,0,0,0,343371,0,353.96,411.09,468.25
204,2,34,84,100,8563,8563,8563,88716,88716,88716,591,591,591,0.28,0.70,0.85,0.14,0.25,0.35,0.03,0.20,0.29,0.00,0.00,0.00,0.01,0.04,0.05,0.00,0.00,0.00,0.11,0.19,0.29,328447,559170,1065542,576541,963777,1493767,0,0,0,0,0,0,0,407512,0,348.65,387.88,471.02
204,3,33,71,100,8636,8636,8636,88643,88643,88643,591,591,591,0.17,0.53,0.80,0.06,0.20,0.31,0.04,0.15,0.27,0.00,0.00,0.00,0.00,0.02,0.04,0.00,0.00,0.00,0.03,0.15,0.27,369520,502625,728557,620908,1131053,1645769,0,0,0,0,0,0,0,342952,0,344.68,375.77,408.41
205,0,37,76,100,8597,8597,8597,88682,88682,88682,591,591,591,0.25,0.60,0.83,0.13,0.23,0.33,0.04,0.18,0.28,0.00,0.00,0.00,0.01,0.03,0.05,0.00,0.00,0.00,0.09,0.18,0.27,319720,690236,1310338,694478,1258903,2452952,0,0,0,0,0,0,0,318552,0,389.16,414.53,428.53
205,1,31,63,100,8613,8613,8613,88666,88666,88666,591,591,591,0.26,0.41,0.51,0.10,0.16,0.22,0.08,0.12,0.15,0.00,0.00,0.00,0.01,0.02,0.02,0.00,0.00,0.00,0.06,0.13,0.18,317103,837619,2363805,849132,1564478,2942963,0,0,0,0,0,0,0,249064,0,340.16,380.53,444.31
205,2,0,37,97,8563,8563,8563,88716,88716,88716,591,591,591,0.04,0.30,0.91,0.02,0.11,0.32,0.01,0.09,0.33,0.00,0.00,0.00,0.00,0.02,0.07,0.00,0.00,0.00,0.01,0.06,0.17,537210,852765,1928801,778343,1369553,2929891,0,0,0,0,0,0,0,202714,0,267.79,388.18,511.96
205,3,34,64,100,8636,8636,8636,88643,88643,88643,591,591,591,0.16,0.54,0.81,0.06,0.21,0.32,0.03,0.15,0.23,0.00,0.00,0.00,0.00,0.02,0.03,0.00,0.00,0.00,0.03,0.16,0.25,324900,605681,1610728,694477,1301434,2631579,0,0,0,0,0,0,0,333433,0,395.54,409.68,417.44
206,0,39,80,100,8597,8597,8597,88682,88682,88682,591,591,591,0.26,0.53,0.81,0.10,0.19,0.31,0.04,0.13,0.25,0.00,0.00,0.00,0.01,0.02,0.04,0.00,0.00,0.00,0.07,0.14,0.25,286528,379123,482199,648183,1139120,1622182,0,0,0,0,0,0,0,316604,0,392.12,412.54,428.48
206,1,49,75,92,8613,8613,8613,88666,88666,88666,591,591,591,0.29,0.50,0.74,0.10,0.20,0.28,0.07,0.14,0.20,0.00,0.00,0.00,0.01,0.02,0.03,0.00,0.00,0.00,0.08,0.16,0.26,144138,364260,634178,623724,1020975,1517310,0,0,0,0,0,0,0,271702,0,338.05,363.25,398.34
206,2,35,85,100,8563,8563,8563,88716,88716,88716,591,591,591,0.42,0.72,0.86,0.19,0.25,0.31,0.11,0.20,0.29,0.00,0.00,0.00,0.02,0.04,0.05,0.00,0.00,0.00,0.17,0.20,0.25,466469,613208,856868,597502,963320,1391564,0,0,0,0,0,0,0,305260,0,250.80,366.10,457.07
206,3,36,78,100,8636,8636,8636,88643,88643,88643,591,591,591,0.24,0.57,0.82,0.11,0.21,0.30,0.04,0.16,0.27,0.00,0.00,0.00,0.01,0.03,0.04,0.00,0.00,0.00,0.07,0.17,0.26,361650,622097,935497,752128,1195448,1739773,0,0,0,0,0,0,0,365602,0,387.46,397.16,406.87
207,0,53,73,100,8597,8597,8597,88682,88682,88682,591,591,591,0.33,0.60,0.81,0.13,0.23,0.31,0.10,0.18,0.27,0.00,0.00,0.00,0.01,0.03,0.04,0.00,0.00,0.00,0.08,0.19,0.27,342322,590400,1378467,701302,1167231,1920944,0,0,0,0,0,0,0,271142,0,390.61,407.03,433.47
207,1,34,70,100,8613,8613,8613,88666,88666,88666,591,591,591,0.15,0.52,0.81,0.05,0.20,0.27,0.03,0.15,0.27,0.00,0.00,0.00,0.00,0.02,0.04,0.00,0.00,0.00,0.02,0.15,0.24,310542,554528,1320813,584342,1165917,1789911,0,0,0,0,0,0,0,296556,0,342.77,378.76,399.08
207,2,36,55,76,8563,8563,8563,88716,88716,88716,591,591,591,0.22,0.32,0.41,0.08,0.13,0.18,0.06,0.09,0.12,0.00,0.00,0.00,0.01,0.01,0.02,0.00,0.00,0.00,0.05,0.10,0.15,458603,595394,1116413,1000929,1352265,1664138,0,0,0,0,0,0,0,266906,0,320.06,362.51,429.84
207,3,38,62,100,8636,8636,8636,88643,88643,88643,591,591,591,0.29,0.42,0.78,0.12,0.16,0.30,0.08,0.12,0.21,0.00,0.00,0.00,0.01,0.02,0.03,0.00,0.00,0.00,0.08,0.14,0.27,324957,391002,608003,943451,1084950,1284114,0,0,0,0,0,0,0,303574,0,349.52,386.53,424.36
208,0,36,69,100,8597,8597,8597,88682,88682,88682,591,591,591,0.20,0.45,0.72,0.08,0.18,0.29,0.03,0.13,0.19,0.00,0.00,0.00,0.01,0.02,0.03,0.00,0.00,0.00,0.04,0.13,0.26,353762,821295,2266900,898840,1569191,3121247,0,0,0,0,0,0,0,319483,0,362.69,383.13,409.44
208,1,32,58,91,8613,8613,8613,88666,88666,88666,591,591,591,0.19,0.43,0.63,0.07,0.17,0.23,0.04,0.12,0.17,0.00,0.00,0.00,0.01,0.02,0.02,0.00,0.00,0.00,0.04,0.13,0.22,314422,387550,615839,832060,1102650,1239556,0,0,0,0,0,0,0,302131,0,355.17,374.21,413.85
208,2,40,71,95,8563,8563,8563,88716,88716,88716,591,591,591,0.30,0.59,0.89,0.13,0.23,0.32,0.08,0.18,0.32,0.00,0.00,0.00,0.01,0.03,0.06,0.00,0.00,0.00,0.09,0.17,0.22,369512,859567,1648364,961800,1401516,2227520,0,0,0,0,0,0,0,328969,0,337.34,367.76,412.74
208,3,34,65,97,8632,8635,8636,88643,88643,88647,591,591,591,0.15,0.46,0.80,0.06,0.18,0.34,0.03,0.14,0.27,0.00,0.00,0.00,0.00,0.02,0.05,0.00,0.00,0.00,0.02,0.11,0.23,151996,529054,1289701,466471,1229981,2275791,0,0,0,0,0,0,0,314893,0,347.20,365.92,389.55
209,0,37,69,100,8597,8597,8597,88682,88682,88682,591,591,591,0.26,0.55,0.75,0.10,0.22,0.26,0.07,0.16,0.24,0.00,0.00,0.00,0.01,0.02,0.03,0.00,0.00,0.00,0.06,0.17,0.22,233272,437996,728516,825541,1064915,1690263,0,0,0,0,0,0,0,327785,0,362.95,383.74,415.60
209,1,39,51,68,8613,8613,8613,88666,88666,88666,591,591,591,0.15,0.36,0.63,0.06,0.14,0.24,0.03,0.11,0.16,0.00,0.00,0.00,0.00,0.01,0.02,0.00,0.00,0.00,0.03,0.11,0.23,332832,610074,1354783,854366,1271531,1960112,0,0,0,0,0,0,0,294312,0,325.37,340.47,364.76
209,2,32,66,100,8563,8563,8563,88716,88716,88716,591,591,591,0.14,0.45,0.85,0.05,0.15,0.25,0.03,0.13,0.28,0.00,0.00,0.00,0.00,0.02,0.05,0.00,0.00,0.00,0.02,0.11,0.20,516246,864118,1445749,833331,1540999,1975988,0,0,0,0,0,0,0,299312,0,340.50,353.53,367.12
209,3,56,86,100,8632,8632,8632,88647,88647,88647,591,591,591,0.49,0.72,0.85,0.22,0.25,0.29,0.08,0.21,0.29,0.00,0.00,0.00,0.02,0.04,0.05,0.00,0.00,0.00,0.18,0.20,0.23,353774,471950,708147,463837,846216,1421447,0,0,0,0,0,0,0,397030,0,346.86,390.94,465.84
210,0,35,69,100,8597,8597,8597,88682,88682,88682,591,591,591,0.16,0.49,0.81,0.06,0.19,0.31,0.03,0.14,0.21,0.00,0.00,0.00,0.00,0.02,0.04,0.00,0.00,0.00,0.03,0.14,0.28,324913,652548,1396650,668168,1327865,2007193,0,0,0,0,0,0,0,314241,0,347.55,381.02,404.73
210,1,34,47,65,8613,8613,8613,88666,88666,88666,591,591,591,0.29,0.37,0.60,0.11,0.14,0.23,0.08,0.10,0.16,0.00,0.00,0.00,0.01,0.01,0.02,0.00,0.00,0.00,0.08,0.12,0.22,330210,418243,628964,919610,1088060,1236926,0,0,0,0,0,0,0,229467,0,310.49,325.52,347.92
210,2,31,60,100,8563,8563,8563,88716,88716,88716,591,591,591,0.19,0.51,0.85,0.07,0.19,0.33,0.05,0.14,0.29,0.00,0.00,0.00,0.01,0.02,0.05,0.00,0.00,0.00,0.04,0.15,0.31,455531,521724,613232,560457,1024421,1341773,0,0,0,0,0,0,0,306014,0,364.46,424.34,462.16
210,3,47,73,96,8632,8632,8632,88647,88647,88647,591,591,591,0.07,0.46,0.73,0.02,0.18,0.33,0.02,0.14,0.22,0.00,0.00,0.00,0.01,0.02,0.05,0.00,0.00,0.00,0.01,0.13,0.26,343307,386816,542534,461209,801405,1153094,0,0,0,0,0,0,0,309056,0,354.21,403.48,442.96
211,0,39,75,100,8597,8597,8597,88682,88682,88682,591,591,591,0.33,0.54,0.68,0.13,0.21,0.28,0.10,0.15,0.19,0.00,0.00,0.00,0.01,0.02,0.03,0.00,0.00,0.00,0.07,0.17,0.25,335445,522556,705006,1142687,1186617,1234288,0,0,0,0,0,0,0,305738,0,356.60,394.51,421.41
211,1,36,63,85,8613,8613,8613,88666,88666,88666,591,591,591,0.26,0.42,0.78,0.11,0.17,0.34,0.07,0.12,0.26,0.00,0.00,0.00,0.01,0.02,0.04,0.00,0.00,0.00,0.08,0.14,0.23,223628,409514,704952,793182,1045974,1231589,0,0,0,0,0,0,0,279409,0,287.18,306.56,351.91
211,2,33,65,88,8563,8563,8563,88716,88716,88716,591,591,591,0.14,0.43,0.83,0.05,0.17,0.33,0.03,0.12,0.27,0.00,0.00,0.00,0.00,0.02,0.05,0.00,0.00,0.00,0.02,0.12,0.23,455948,801921,1907842,877961,1526261,2390045,0,0,0,0,0,0,0,274816,0,346.10,360.37,382.06
211,3,35,61,100,8632,8632,8632,88647,88647,88647,591,591,591,0.15,0.46,0.85,0.06,0.16,0.25,0.03,0.13,0.29,0.00,0.00,0.00,0.00,0.02,0.05,0.00,0.00,0.00,0.03,0.11,0.19,322345,520423,1270804,749513,1209663,1399451,0,0,0,0,0,0,0,242014,0,276.89,327.71,359.58
212,0,34,75,92,8597,8597,8597,88682,88682,88682,591,591,591,0.28,0.53,0.71,0.11,0.21,0.29,0.09,0.15,0.24,0.00,0.00,0.00,0.01,0.02,0.04,0.00,0.00,0.00,0.06,0.16,0.25,236319,428578,563452,616862,1032106,1386356,0,0,0,0,0,0,0,288237,0,349.10,382.25,403.25
212,1,32,51,97,8613,8613,8613,88666,88666,88666,591,591,591,0.14,0.37,0.83,0.05,0.14,0.29,0.03,0.10,0.29,0.00,0.00,0.00,0.00,0.02,0.06,0.00,0.00,0.00,0.02,0.09,0.16,369517,646632,1333831,613241,1449204,2329620,0,0,0,0,0,0,0,165004,0,336.90,349.20,372.95
212,2,72,92,100,8563,8563,8563,88716,88716,88716,591,591,591,0.72,0.78,0.86,0.24,0.29,0.35,0.18,0.23,0.27,0.00,0.00,0.00,0.03,0.04,0.05,0.00,0.00,0.00,0.20,0.22,0.29,482191,528698,642059,754686,852338,1006313,0,0,0,0,0,0,0,303492,0,380.73,409.81,464.45
212,3,61,85,100,8632,8632,8632,88647,88647,88647,591,591,591,0.31,0.61,0.84,0.13,0.23,0.35,0.09,0.17,0.28,0.00,0.00,0.00,0.01,0.03,0.05,0.00,0.00,0.00,0.07,0.18,0.31,234112,322965,400156,437530,796502,1074136,0,0,0,0,0,0,0,323284,0,404.28,439.48,466.17
213,0,31,68,100,8597,8597,8597,88682,88682,88682,591,591,591,0.15,0.52,0.81,0.05,0.20,0.27,0.03,0.14,0.26,0.00,0.00,0.00,0.00,0.02,0.04,0.00,0.00,0.00,0.03,0.15,0.24,335416,688729,1338167,534570,1268395,2027652,0,0,0,0,0,0,0,349348,0,367.65,381.41,390.18
213,1,57,91,100,8613,8613,8613,88666,88666,88666,591,591,591,0.29,0.70,0.85,0.11,0.24,0.32,0.09,0.21,0.29,0.00,0.00,0.00,0.01,0.04,0.05,0.00,0.00,0.00,0.07,0.18,0.28,330210,430299,571312,469089,750543,1050908,0,0,0,0,0,0,0,331791,0,340.36,412.82,475.96
213,2,31,51,100,8563,8563,8563,88716,88716,88716,591,591,591,0.13,0.39,0.84,0.05,0.14,0.25,0.03,0.11,0.28,0.00,0.00,0.00,0.00,0.02,0.05,0.00,0.00,0.00,0.02,0.10,0.19,455999,625397,906762,700539,1299307,1703381,0,0,0,0,0,0,0,268982,0,319.23,373.66,465.74
213,3,32,55,73,8632,8632,8632,88647,88647,88647,591,591,591,0.14,0.46,0.68,0.05,0.18,0.28,0.03,0.14,0.21,0.00,0.00,0.00,0.00,0.02,0.03,0.00,0.00,0.00,0.02,0.14,0.25,340685,547159,966991,990335,1194965,1457118,0,0,0,0,0,0,0,280980,0,348.58,375.94,409.77
214,0,33,64,96,8597,8597,8597,88682,88682,88682,591,591,591,0.15,0.49,0.85,0.05,0.19,0.31,0.03,0.15,0.30,0.00,0.00,0.00,0.00,0.02,0.06,0.00,0.00,0.00,0.02,0.13,0.25,332832,401481,584392,537249,1033580,1310346,0,0,0,0,0,0,0,309459,0,356.64,397.68,424.05
214,1,30,58,95,8613,8613,8613,88666,88666,88666,591,591,591,0.14,0.46,0.87,0.05,0.18,0.32,0.03,0.14,0.31,0.00,0.00,0.00,0.00,0.02,0.06,0.00,0.00,0.00,0.02,0.13,0.25,319720,402011,579179,767870,1089675,1349639,0,0,0,0,0,0,0,267267,0,360.11,394.00,428.04
214,2,27,76,100,8563,8563,8563,88716,88716,88716,591,591,591,0.15,0.59,0.86,0.06,0.22,0.34,0.03,0.17,0.29,0.00,0.00,0.00,0.00,0.03,0.05,0.00,0.00,0.00,0.03,0.17,0.27,469075,1081264,2581240,576517,1543025,2843295,0,0,0,0,0,0,0,306137,0,389.31,428.78,464.27
214,3,36,70,100,8632,8632,8632,88647,88647,88647,591,591,591,0.15,0.45,0.68,0.05,0.18,0.28,0.03,0.13,0.24,0.00,0.00,0.00,0.00,0.02,0.04,0.00,0.00,0.00,0.03,0.13,0.24,332801,615280,1388978,896273,1382544,1755877,0,0,0,0,0,0,0,334804,0,355.71,376.34,408.77
215,0,35,78,100,8597,8597,8597,88682,88682,88682,591,591,591,0.15,0.61,0.84,0.06,0.22,0.32,0.03,0.17,0.28,0.00,0.00,0.00,0.00,0.03,0.05,0.00,0.00,0.00,0.03,0.18,0.29,324952,480065,783489,461223,968529,1637785,0,0,0,0,0,0,0,399591,0,356.59,387.34,450.13
215,1,39,69,100,8613,8613,8613,88666,88666,88666,591,591,591,0.33,0.58,0.85,0.13,0.22,0.33,0.08,0.16,0.28,0.00,0.00,0.00,0.01,0.03,0.05,0.00,0.00,0.00,0.11,0.18,0.27,311778,673049,1276115,508387,1216645,1836873,0,0,0,0,0,0,0,370051,0,368.79,400.26,426.82
215,2,31,64,100,8563,8563,8563,88716,88716,88716,591,591,591,0.14,0.47,0.81,0.05,0.18,0.28,0.03,0.14,0.27,0.00,0.00,0.00,0.00,0.02,0.04,0.00,0.00,0.00,0.02,0.13,0.21,497898,676116,1171382,728503,1271011,1517379,0,0,0,0,0,0,0,271789,0,336.54,368.07,409.34
215,3,35,72,100,8632,8632,8632,88647,88647,88647,591,591,591,0.15,0.61,0.82,0.06,0.23,0.33,0.03,0.19,0.27,0.00,0.00,0.00,0.00,0.03,0.04,0.00,0.00,0.00,0.03,0.17,0.27,332828,537215,807162,744147,1017841,1480710,0,0,0,0,0,0,0,294228,0,386.57,408.54,434.43
216,0,32,79,100,8597,8597,8597,88682,88682,88682,591,591,591,0.18,0.65,0.83,0.07,0.24,0.32,0.03,0.19,0.27,0.00,0.00,0.00,0.00,0.03,0.05,0.00,0.00,0.00,0.05,0.17,0.28,335449,607326,1203274,500553,1095474,1638261,0,0,0,0,0,0,0,327771,0,371.79,404.50,471.94
216,1,27,56,85,8613,8613,8613,88666,88666,88666,591,591,591,0.15,0.35,0.55,0.06,0.14,0.23,0.04,0.10,0.19,0.00,0.00,0.00,0.00,0.01,0.03,0.00,0.00,0.00,0.03,0.11,0.16,330215,700245,1690306,752126,1393164,2251121,0,0,0,0,0,0,0,275180,0,308.53,333.39,372.42
216,2,29,73,100,8563,8563,8563,88716,88716,88716,591,591,591,0.28,0.56,0.82,0.11,0.21,0.29,0.07,0.16,0.24,0.00,0.00,0.00,0.01,0.02,0.04,0.00,0.00,0.00,0.06,0.17,0.23,178198,529453,762599,587007,1067472,1493777,0,0,0,0,0,0,0,344498,0,374.65,403.87,414.93
216,3,87,94,100,8632,8632,8632,88647,88647,88647,591,591,591,0.44,0.68,0.89,0.18,0.25,0.35,0.09,0.20,0.28,0.00,0.00,0.00,0.02,0.04,0.06,0.00,0.00,0.00,0.10,0.18,0.26,256780,330701,366805,492671,777035,1320501,0,0,0,0,0,0,0,302346,0,388.87,416.06,469.72
217,0,43,63,78,8597,8597,8597,88682,88682,88682,591,591,591,0.24,0.42,0.63,0.09,0.17,0.25,0.06,0.12,0.17,0.00,0.00,0.00,0.01,0.02,0.02,0.00,0.00,0.00,0.06,0.14,0.23,322276,418761,720680,841233,1123143,1517360,0,0,0,0,0,0,0,304619,0,358.84,384.36,418.17
217,1,28,57,94,8613,8613,8613,88666,88666,88666,591,591,591,0.13,0.47,0.75,0.05,0.18,0.31,0.03,0.14,0.23,0.00,0.00,0.00,0.00,0.02,0.04,0.00,0.00,0.00,0.02,0.13,0.25,327577,396226,607979,694463,974159,1493011,0,0,0,0,0,0,0,250407,0,350.14,376.77,393.67
217,2,31,68,100,8563,8563,8563,88716,88716,88716,591,591,591,0.13,0.51,0.80,0.05,0.20,0.31,0.03,0.15,0.27,0.00,0.00,0.00,0.00,0.02,0.04,0.00,0.00,0.00,0.02,0.16,0.28,455991,889604,2079043,733668,1442728,2459910,0,0,0,0,0,0,0,225114,0,350.62,376.90,396.00
217,3,32,66,100,8632,8632,8632,88647,88647,88647,591,591,591,0.15,0.53,0.85,0.05,0.17,0.25,0.03,0.15,0.29,0.00,0.00,0.00,0.00,0.03,0.05,0.00,0.00,0.00,0.02,0.13,0.21,306580,839350,2324399,445521,1434492,3301852,0,0,0,0,0,0,0,298551,0,345.56,369.86,416.17
218,0,34,73,100,8597,8597,8597,88682,88682,88682,591,591,591,0.14,0.55,0.83,0.05,0.20,0.34,0.03,0.17,0.28,0.00,0.00,0.00,0.00,0.03,0.05,0.00,0.00,0.00,0.02,0.14,0.20,359031,467513,605373,584314,1063968,1538330,0,0,0,0,0,0,0,311586,0,337.15,367.41,393.13
218,1,83,94,100,8613,8613,8613,88666,88666,88666,591,591,591,0.57,0.72,0.83,0.22,0.26,0.34,0.13,0.22,0.28,0.00,0.00,0.00,0.03,0.04,0.05,0.00,0.00,0.00,0.13,0.20,0.27,10481,487094,1114689,175561,844192,1443156,0,0,0,0,0,0,0,303975,0,354.43,412.60,479.35
218,2,30,70,100,8563,8563,8563,88716,88716,88716,591,591,591,0.14,0.49,0.81,0.05,0.18,0.31,0.03,0.15,0.27,0.00,0.00,0.00,0.00,0.03,0.05,0.00,0.00,0.00,0.03,0.12,0.20,458618,559247,875315,626341,1147844,1792562,0,0,0,0,0,0,0,271787,0,369.62,384.34,400.67
218,3,33,72,100,8632,8632,8632,88647,88647,88647,591,591,591,0.18,0.55,0.85,0.07,0.22,0.33,0.03,0.15,0.22,0.00,0.00,0.00,0.00,0.02,0.04,0.00,0.00,0.00,0.04,0.17,0.26,335441,425596,555581,623724,984847,1307695,0,0,0,0,0,0,0,291452,0,394.79,437.55,490.53
219,0,34,55,78,8597,8597,8597,88682,88682,88682,591,591,591,0.36,0.45,0.58,0.13,0.18,0.27,0.11,0.12,0.12,0.00,0.00,0.00,0.01,0.02,0.02,0.00,0.00,0.00,0.09,0.16,0.25,245851,366514,469098,889251,1159837,1464772,0,0,0,0,0,0,0,248355,0,368.49,390.96,415.85
219,1,28,52,100,8613,8613,8613,88666,88666,88666,591,591,591,0.13,0.40,0.84,0.05,0.14,0.25,0.03,0.11,0.28,0.00,0.00,0.00,0.00,0.02,0.05,0.00,0.00,0.00,0.02,0.10,0.19,314465,544438,1071844,1176704,1219908,1263157,0,0,0,0,0,0,0,288561,0,339.76,360.31,409.39
219,2,33,63,88,8563,8563,8563,88716,88716,88716,591,591,591,0.27,0.50,0.72,0.11,0.21,0.29,0.08,0.14,0.21,0.00,0.00,0.00,0.01,0.02,0.03,0.00,0.00,0.00,0.07,0.17,0.27,448151,615639,830014,760022,1135017,1535440,0,0,0,0,0,0,0,330377,0,368.46,392.07,411.47
219,3,51,76,100,8632,8632,8632,88647,88647,88647,591,591,591,0.30,0.56,0.76,0.13,0.22,0.30,0.11,0.16,0.25,0.00,0.00,0.00,0.01,0.02,0.04,0.00,0.00,0.00,0.08,0.18,0.27,175569,482162,772935,573875,1042314,1297311,0,0,0,0,0,0,0,320285,0,350.00,380.79,417.58
220,0,43,68,96,8597,8597,8597,88682,88682,88682,591,591,591,0.26,0.43,0.66,0.10,0.17,0.25,0.07,0.12,0.17,0.00,0.00,0.01,0.01,0.02,0.02,0.00,0.00,0.00,0.06,0.13,0.23,364260,869271,1573734,1019405,1560470,1939281,0,0,0,0,0,0,0,290872,0,341.79,349.26,356.48
220,1,31,73,100,8613,8613,8613,88666,88666,88666,591,591,591,0.30,0.54,0.83,0.12,0.21,0.32,0.09,0.15,0.28,0.00,0.00,0.00,0.01,0.02,0.05,0.00,0.00,0.00,0.07,0.17,0.28,332802,355880,387873,471688,844897,1158354,0,0,0,0,0,0,0,271296,0,381.01,409.49,428.42
220,2,32,70,100,8563,8563,8563,88716,88716,88716,591,591,591,0.15,0.51,0.81,0.05,0.20,0.32,0.03,0.15,0.27,0.00,0.00,0.00,0.00,0.02,0.04,0.00,0.00,0.00,0.02,0.15,0.29,199169,1067066,2211769,1063714,1667696,2641484,0,0,0,0,0,0,0,366994,0,317.99,364.50,398.10
220,3,39,75,100,8632,8632,8632,88647,88647,88647,591,591,591,0.17,0.60,0.81,0.06,0.23,0.31,0.03,0.18,0.23,0.00,0.00,0.00,0.00,0.03,0.04,0.00,0.00,0.00,0.03,0.17,0.26,364121,585852,1226507,702046,1111787,2218895,0,0,0,0,0,0,0,362964,0,336.80,379.71,413.55
221,0,32,58,87,8597,8597,8597,88682,88682,88682,591,591,591,0.20,0.40,0.58,0.08,0.16,0.24,0.03,0.12,0.17,0.00,0.00,0.00,0.01,0.02,0.02,0.00,0.00,0.00,0.05,0.12,0.22,330209,341213,366880,846444,1080776,1326080,0,0,0,0,0,0,0,289929,0,347.17,360.84,376.65
221,1,29,56,98,8613,8613,8613,88666,88666,88666,591,591,591,0.14,0.38,0.67,0.05,0.15,0.25,0.03,0.11,0.19,0.00,0.00,0.00,0.00,0.02,0.03,0.00,0.00,0.00,0.02,0.11,0.20,220137,387694,712817,810663,1064714,1430876,0,0,0,0,0,0,0,331108,0,303.12,332.92,362.44
221,2,32,64,96,8563,8563,8563,88716,88716,88716,591,591,591,0.14,0.46,0.88,0.05,0.18,0.36,0.03,0.13,0.27,0.00,0.00,0.00,0.00,0.02,0.06,0.00,0.00,0.00,0.02,0.11,0.21,453386,523613,615862,718118,1241677,1585518,0,0,0,0,0,0,0,240253,0,347.40,404.33,465.84
221,3,33,74,100,8632,8632,8632,88647,88647,88647,591,591,591,0.14,0.52,0.84,0.05,0.18,0.28,0.03,0.15,0.28,0.00,0.00,0.00,0.00,0.03,0.05,0.00,0.00,0.00,0.02,0.13,0.22,330197,481144,765188,584403,1068696,1530467,0,0,0,0,0,0,0,359719,0,358.05,377.76,412.60
222,0,82,94,100,8597,8597,8597,88682,88682,88682,591,591,591,0.46,0.62,0.78,0.17,0.24,0.30,0.13,0.18,0.25,0.00,0.00,0.00,0.02,0.03,0.03,0.00,0.00,0.00,0.11,0.20,0.26,343307,631132,1293693,783580,1209661,1627067,0,0,0,0,0,0,0,361651,0,362.95,394.57,416.01
222,1,30,55,83,8613,8613,8613,88666,88666,88666,591,591,591,0.15,0.37,0.62,0.06,0.15,0.23,0.04,0.11,0.17,0.00,0.00,0.00,0.00,0.01,0.02,0.00,0.00,0.00,0.03,0.12,0.19,335415,650954,1365370,799232,1305039,1782057,0,0,0,0,0,0,0,259830,0,314.96,345.67,373.75
222,2,49,85,100,8563,8563,8563,88716,88716,88716,591,591,591,0.26,0.68,0.86,0.10,0.24,0.31,0.08,0.21,0.29,0.00,0.00,0.00,0.01,0.03,0.05,0.00,0.00,0.00,0.06,0.18,0.25,180825,556287,831950,684003,879011,1032536,0,0,0,0,0,0,0,363782,0,346.44,422.41,485.22
222,3,29,60,100,8632,8632,8632,88647,88647,88647,591,591,591,0.23,0.48,0.78,0.09,0.19,0.27,0.04,0.13,0.25,0.00,0.00,0.00,0.01,0.02,0.03,0.00,0.00,0.00,0.06,0.15,0.24,256831,394139,686585,704955,980810,1291973,0,0,0,0,0,0,0,247383,0,359.33,411.75,446.75
223,0,37,80,100,8597,8597,8597,88682,88682,88682,591,591,591,0.19,0.57,0.80,0.07,0.22,0.33,0.05,0.17,0.27,0.00,0.00,0.00,0.00,0.03,0.04,0.00,0.00,0.00,0.04,0.17,0.29,330207,559004,916130,681374,1164996,1333940,0,0,0,0,0,0,0,315641,0,391.56,411.11,419.02
223,1,32,64,96,8613,8613,8613,88666,88666,88666,591,591,591,0.32,0.48,0.90,0.12,0.19,0.32,0.09,0.15,0.32,0.00,0.00,0.00,0.01,0.03,0.07,0.00,0.00,0.00,0.07,0.14,0.23,324966,555569,901610,466471,1119531,1433665,0,0,0,0,0,0,0,306346,0,311.49,345.36,389.48
223,2,34,60,100,8563,8563,8563,88716,88716,88716,591,591,591,0.23,0.48,0.75,0.10,0.19,0.30,0.03,0.13,0.24,0.00,0.00,0.00,0.01,0.02,0.04,0.00,0.00,0.00,0.06,0.14,0.26,573878,1002624,1656218,972187,1680304,2523636,0,0,0,0,0,0,0,210052,0,371.15,399.15,415.67
223,3,33,63,97,8632,8632,8632,88647,88647,88647,591,591,591,0.28,0.52,0.90,0.10,0.21,0.35,0.08,0.16,0.29,0.00,0.00,0.00,0.01,0.02,0.06,0.00,0.00,0.00,0.06,0.16,0.21,322350,620857,1464959,731935,1232871,2332403,0,0,0,0,0,0,0,309820,0,344.99,364.10,394.37
224,0,38,68,100,8595,8596,8597,88682,88682,88684,591,591,591,0.17,0.52,0.90,0.06,0.20,0.35,0.04,0.15,0.29,0.00,0.00,0.00,0.00,0.03,0.06,0.00,0.00,0.00,0.03,0.13,0.21,327578,468057,854320,566118,1184025,1996908,0,0,0,0,0,0,0,262614,0,364.32,401.95,439.09
224,1,34,77,100,8613,8613,8613,88666,88666,88666,591,591,591,0.15,0.56,0.86,0.05,0.19,0.29,0.03,0.16,0.29,0.00,0.00,0.00,0.00,0.03,0.05,0.00,0.00,0.00,0.03,0.14,0.22,319711,616746,890905,545082,1201952,1687722,0,0,0,0,0,0,0,329224,0,346.41,373.67,443.88
224,2,33,78,100,8563,8563,8563,88716,88716,88716,591,591,591,0.28,0.61,0.81,0.11,0.22,0.28,0.09,0.18,0.27,0.00,0.00,0.00,0.01,0.03,0.04,0.00,0.00,0.00,0.06,0.18,0.25,469090,801908,1158329,681353,1329700,1926181,0,0,0,0,0,0,0,340104,0,388.36,405.71,436.62
224,3,35,67,100,8632,8632,8632,88647,88647,88647,591,591,591,0.16,0.48,0.85,0.06,0.16,0.26,0.03,0.14,0.29,0.00,0.00,0.00,0.00,0.03,0.05,0.00,0.00,0.00,0.03,0.11,0.21,316723,497852,804560,914630,1191030,1630077,0,0,0,0,0,0,0,255020,0,345.39,360.73,386.93
225,0,37,78,100,8595,8595,8595,88684,88684,88684,591,591,591,0.32,0.70,0.86,0.13,0.24,0.35,0.10,0.21,0.29,0.00,0.00,0.00,0.01,0.03,0.05,0.00,0.00,0.00,0.07,0.19,0.32,353791,393731,440282,463859,740311,1292018,0,0,0,0,0,0,0,292953,0,366.36,422.90,465.14
225,1,33,72,100,8613,8613,8613,88666,88666,88666,591,591,591,0.33,0.53,0.79,0.13,0.21,0.30,0.08,0.14,0.22,0.00,0.00,0.00,0.01,0.02,0.03,0.00,0.00,0.00,0.08,0.17,0.26,348533,429781,584380,820283,1041697,1310274,0,0,0,0,0,0,0,308718,0,417.64,447.54,494.58
225,2,39,63,82,8563,8563,8563,88716,88716,88716,591,591,591,0.19,0.48,0.64,0.07,0.20,0.26,0.04,0.14,0.22,0.00,0.00,0.00,0.01,0.02,0.03,0.00,0.00,0.00,0.04,0.15,0.23,206946,447165,597319,660132,1069857,1503779,0,0,0,0,0,0,0,306521,0,358.38,375.31,398.23
225,3,50,81,100,8632,8632,8632,88647,88647,88647,591,591,591,0.29,0.59,0.85,0.12,0.22,0.33,0.10,0.16,0.29,0.00,0.00,0.00,0.01,0.03,0.05,0.00,0.00,0.00,0.08,0.18,0.30,359030,465164,621128,466477,940816,1331363,0,0,0,0,0,0,0,364756,0,399.37,436.76,458.48
226,0,40,73,100,8595,8595,8595,88684,88684,88684,591,591,591,0.23,0.54,0.80,0.08,0.20,0.33,0.04,0.16,0.26,0.00,0.00,0.00,0.01,0.03,0.05,0.00,0.00,0.00,0.04,0.14,0.21,327589,854269,2186140,660420,1562361,2513300,0,0,0,0,0,0,0,305299,0,357.40,403.42,440.23
226,1,30,56,100,8613,8613,8613,88666,88666,88666,591,591,591,0.14,0.40,0.67,0.05,0.16,0.27,0.03,0.12,0.19,0.00,0.00,0.00,0.00,0.02,0.03,0.00,0.00,0.00,0.03,0.12,0.24,319728,744335,1815940,864840,1429988,2795971,0,0,0,0,0,0,0,332897,0,343.62,370.87,397.65
226,2,32,67,100,8563,8563,8563,88716,88716,88716,591,591,591,0.14,0.43,0.65,0.05,0.17,0.25,0.03,0.12,0.18,0.00,0.00,0.00,0.00,0.02,0.03,0.00,0.00,0.00,0.02,0.13,0.23,547721,1269615,2078711,1174062,1984890,2815063,0,0,0,0,0,0,0,306853,0,334.65,369.34,395.62
226,3,34,71,95,8632,8632,8632,88647,88647,88647,591,591,591,0.37,0.47,0.73,0.13,0.18,0.28,0.10,0.14,0.19,0.00,0.00,0.00,0.01,0.02,0.03,0.00,0.00,0.00,0.10,0.14,0.26,227128,374565,532124,906767,1084719,1317632,0,0,0,0,0,0,0,325243,0,353.57,367.32,374.16
227,0,36,78,100,8595,8595,8595,88684,88684,88684,591,591,591,0.37,0.62,0.82,0.13,0.24,0.29,0.10,0.19,0.27,0.00,0.00,0.00,0.01,0.03,0.05,0.00,0.00,0.00,0.09,0.18,0.23,353764,512558,736216,723314,1006790,1543591,0,0,0,0,0,0,0,348680,0,375.17,407.70,439.10
227,1,30,67,100,8613,8613,8613,88666,88666,88666,591,591,591,0.18,0.52,0.69,0.07,0.20,0.27,0.03,0.15,0.21,0.00,0.00,0.00,0.00,0.02,0.03,0.00,0.00,0.00,0.04,0.16,0.25,340659,576864,1008094,843786,1190046,1621337,0,0,0,0,0,0,0,297978,0,352.39,379.35,395.20
227,2,33,52,76,8563,8563,8563,88716,88716,88716,591,591,591,0.18,0.37,0.70,0.07,0.15,0.30,0.05,0.11,0.24,0.00,0.00,0.00,0.01,0.02,0.04,0.00,0.00,0.00,0.04,0.11,0.20,466479,539228,639453,893667,1292708,1538356,0,0,0,0,0,0,0,282268,0,341.97,355.54,373.12
227,3,34,59,97,8632,8632,8632,88647,88647,88647,591,591,591,0.15,0.48,0.89,0.06,0.19,0.35,0.03,0.14,0.28,0.00,0.00,0.00,0.00,0.02,0.06,0.00,0.00,0.00,0.03,0.13,0.25,350540,630905,1158361,593826,1307466,2209273,0,0,0,0,0,0,0,249009,0,351.38,388.80,428.66
228,0,37,72,100,8595,8595,8595,88684,88684,88684,591,591,591,0.17,0.56,0.84,0.06,0.20,0.31,0.04,0.16,0.28,0.00,0.00,0.00,0.00,0.03,0.05,0.00,0.00,0.00,0.03,0.15,0.25,416703,674522,1352187,749340,1294559,2439703,0,0,0,0,0,0,0,371004,0,335.66,372.32,398.89
228,1,31,58,93,8613,8613,8613,88666,88666,88666,591,591,591,0.14,0.48,0.79,0.05,0.19,0.32,0.03,0.14,0.24,0.00,0.00,0.00,0.00,0.02,0.04,0.00,0.00,0.00,0.02,0.14,0.28,322207,497891,972228,699737,1084319,1370626,0,0,0,0,0,0,0,249741,0,347.09,392.69,416.45
228,2,39,71,100,8563,8563,8563,88716,88716,88716,591,591,591,0.22,0.49,0.80,0.09,0.19,0.28,0.06,0.14,0.27,0.00,0.00,0.00,0.01,0.02,0.04,0.00,0.00,0.00,0.05,0.15,0.26,44550,670370,1687708,723325,1211277,2337634,0,0,0,0,0,0,0,237708,0,359.93,377.40,391.34
228,3,88,96,100,8632,8632,8632,88647,88647,88647,591,591,591,0.55,0.74,0.85,0.21,0.26,0.31,0.17,0.22,0.29,0.00,0.00,0.00,0.03,0.04,0.05,0.00,0.00,0.00,0.13,0.20,0.27,306619,560632,961784,424549,910924,1656261,0,0,0,0,0,0,0,352655,0,357.61,415.36,482.90
229,0,35,60,100,8595,8595,8595,88684,88684,88684,591,591,591,0.15,0.44,0.63,0.06,0.17,0.23,0.03,0.13,0.18,0.00,0.00,0.00,0.00,0.02,0.03,0.00,0.00,0.00,0.03,0.13,0.19,335447,466067,661535,843861,1173231,1462880,0,0,0,0,0,0,0,290460,0,347.72,396.31,449.07
229,1,43,82,100,8613,8613,8613,88666,88666,88666,591,591,591,0.32,0.63,0.83,0.12,0.22,0.27,0.09,0.18,0.28,0.00,0.00,0.00,0.01,0.03,0.05,0.00,0.00,0.00,0.08,0.18,0.23,358997,494567,594762,573943,947233,1311203,0,0,0,0,0,0,0,297285,0,353.23,390.16,429.01
229,2,26,61,97,8563,8563,8563,88716,88716,88716,591,591,591,0.18,0.39,0.60,0.07,0.16,0.22,0.05,0.11,0.17,0.00,0.00,0.00,0.01,0.02,0.02,0.00,0.00,0.00,0.04,0.13,0.18,474294,775349,1119019,953932,1407609,1884250,0,0,0,0,0,0,0,202664,0,324.71,337.94,352.97
229,3,31,62,100,8632,8632,8632,88647,88647,88647,591,591,591,0.14,0.45,0.80,0.05,0.17,0.27,0.03,0.12,0.26,0.00,0.00,0.00,0.00,0.02,0.04,0.00,0.00,0.00,0.02,0.13,0.22,364084,581694,859381,854451,1226423,1461980,0,0,0,0,0,0,0,311466,0,356.90,394.16,421.14
231,0,35,77,100,8595,8595,8595,88684,88684,88684,591,591,591,0.17,0.57,0.82,0.06,0.22,0.31,0.04,0.17,0.28,0.00,0.00,0.00,0.00,0.03,0.04,0.00,0.00,0.00,0.03,0.17,0.28,340701,635913,1913157,718116,1228119,2088748,0,0,0,0,0,0,0,681049,0,389.58,401.71,431.65
231,1,39,60,96,8613,8613,8613,88666,88666,88666,591,591,591,0.29,0.41,0.91,0.11,0.16,0.32,0.08,0.12,0.32,0.00,0.00,0.00,0.01,0.02,0.07,0.00,0.00,0.00,0.06,0.12,0.23,138871,650880,1787301,495321,1271957,2547297,0,0,0,0,0,0,0,599906,0,295.79,337.29,388.84
231,2,29,63,100,8563,8563,8563,88716,88716,88716,591,591,591,0.15,0.42,0.89,0.05,0.16,0.32,0.03,0.12,0.32,0.00,0.00,0.00,0.00,0.02,0.06,0.00,0.00,0.00,0.02,0.12,0.24,319718,562602,901481,665283,1234056,1768896,0,0,0,0,0,0,0,684690,0,323.90,350.11,390.97
231,3,36,74,100,8632,8632,8632,88647,88647,88647,591,591,591,0.16,0.54,0.82,0.06,0.21,0.31,0.03,0.15,0.27,0.00,0.00,0.00,0.00,0.02,0.05,0.00,0.00,0.00,0.03,0.16,0.28,329858,542337,1365428,678738,1155149,1936759,0,0,0,0,0,0,0,739320,0,345.69,394.71,422.69
232,0,38,73,100,8595,8595,8595,88684,88684,88684,591,591,591,0.19,0.54,0.90,0.07,0.21,0.33,0.04,0.15,0.32,0.00,0.00,0.00,0.00,0.03,0.06,0.00,0.00,0.00,0.03,0.15,0.27,393089,604309,1084888,581793,1321835,1758461,0,0,0,0,0,0,0,286390,0,366.55,399.19,437.38
232,1,33,68,100,8613,8613,8613,88666,88666,88666,591,591,591,0.15,0.56,0.86,0.05,0.19,0.28,0.03,0.16,0.29,0.00,0.00,0.00,0.00,0.03,0.05,0.00,0.00,0.00,0.02,0.16,0.26,324966,717552,1475779,1024316,1305640,1622635,0,0,0,0,0,0,0,425883,0,336.68,363.51,423.58
232,2,38,78,100,8563,8563,8563,88716,88716,88716,591,591,591,0.20,0.59,0.84,0.08,0.21,0.30,0.06,0.17,0.28,0.00,0.00,0.00,0.01,0.03,0.05,0.00,0.00,0.00,0.04,0.17,0.24,463851,756314,1137395,772951,1203395,1734858,0,0,0,0,0,0,0,306033,0,361.41,402.38,428.37
232,3,33,61,88,8632,8632,8632,88647,88647,88647,591,591,591,0.22,0.41,0.67,0.09,0.16,0.28,0.04,0.11,0.23,0.00,0.00,0.00,0.01,0.02,0.03,0.00,0.00,0.00,0.05,0.12,0.23,319716,507567,1112248,746912,1272215,2139336,0,0,0,0,0,0,0,295061,0,343.52,361.26,378.39
233,0,41,84,100,8595,8595,8595,88684,88684,88684,591,591,591,0.30,0.72,0.92,0.11,0.27,0.35,0.08,0.22,0.33,0.00,0.00,0.00,0.01,0.04,0.07,0.00,0.00,0.00,0.06,0.19,0.29,201786,407767,610594,505792,781464,1210717,0,0,0,0,0,0,0,351689,0,396.05,440.20,506.39
233,1,41,62,91,8613,8613,8613,88666,88666,88666,591,591,591,0.21,0.41,0.58,0.08,0.17,0.27,0.06,0.11,0.16,0.00,0.00,0.00,0.01,0.02,0.02,0.00,0.00,0.00,0.05,0.13,0.24,330201,433441,741595,725850,1063962,1278793,0,0,0,0,0,0,0,265556,0,347.85,420.03,464.15
233,2,29,53,94,8563,8563,8563,88716,88716,88716,591,591,591,0.13,0.41,0.84,0.05,0.17,0.31,0.03,0.12,0.30,0.00,0.00,0.00,0.00,0.02,0.06,0.00,0.00,0.00,0.02,0.12,0.24,435041,472770,529362,707581,1143143,1383780,0,0,0,0,0,0,0,244618,0,345.95,370.45,407.43
233,3,34,72,100,8632,8632,8632,88647,88647,88647,591,591,591,0.18,0.55,0.80,0.07,0.21,0.32,0.03,0.16,0.27,0.00,0.00,0.00,0.00,0.03,0.05,0.00,0.00,0.00,0.04,0.16,0.28,335432,419827,558217,660368,999513,1388971,0,0,0,0,0,0,0,280896,0,390.11,397.64,403.39
234,0,39,84,100,8595,8595,8595,88684,88684,88684,591,591,591,0.17,0.64,0.86,0.06,0.21,0.28,0.04,0.19,0.29,0.00,0.00,0.00,0.00,0.03,0.05,0.00,0.00,0.00,0.03,0.16,0.22,338140,722227,1354907,456097,1262086,2505398,0,0,0,0,0,0,0,406344,0,366.95,386.14,425.71
234,1,28,64,86,8613,8613,8613,88666,88666,88666,591,591,591,0.15,0.45,0.63,0.06,0.18,0.23,0.04,0.13,0.17,0.00,0.00,0.00,0.00,0.02,0.02,0.00,0.00,0.00,0.03,0.14,0.19,327558,407228,597580,728547,1030365,1228656,0,0,0,0,0,0,0,260969,0,335.18,351.29,370.47
234,2,31,75,100,8563,8563,8563,88716,88716,88716,591,591,591,0.24,0.66,0.85,0.09,0.23,0.29,0.07,0.20,0.29,0.00,0.00,0.00,0.01,0.03,0.05,0.00,0.00,0.00,0.05,0.18,0.22,0,830173,2014883,188384,1168694,2258555,0,0,0,0,0,0,0,313806,0,352.63,393.69,432.54
234,3,33,81,100,8632,8632,8632,88647,88647,88647,591,591,591,0.32,0.69,0.86,0.12,0.26,0.35,0.10,0.21,0.27,0.00,0.00,0.00,0.02,0.03,0.05,0.00,0.00,0.00,0.07,0.19,0.30,165083,694440,1396630,500491,1130508,1695346,0,0,0,0,0,0,0,313564,0,387.49,414.30,453.39
235,0,36,69,100,8595,8595,8595,88684,88684,88684,591,591,591,0.18,0.58,0.78,0.07,0.23,0.33,0.03,0.16,0.22,0.00,0.00,0.00,0.00,0.02,0.04,0.00,0.00,0.00,0.04,0.18,0.28,332803,418330,597501,660365,1004020,1505917,0,0,0,0,0,0,0,310371,0,403.42,435.21,483.79
235,1,31,56,82,8613,8613,8613,88666,88666,88666,591,591,591,0.16,0.37,0.62,0.06,0.15,0.24,0.03,0.11,0.17,0.00,0.00,0.00,0.00,0.02,0.03,0.00,0.00,0.00,0.03,0.11,0.20,131037,327044,445483,720686,1026740,1197563,0,0,0,0,0,0,0,241784,0,316.55,338.64,373.39
235,2,36,64,100,8563,8563,8563,88716,88716,88716,591,591,591,0.32,0.39,0.59,0.11,0.15,0.22,0.08,0.11,0.17,0.00,0.00,0.00,0.01,0.01,0.02,0.00,0.00,0.00,0.08,0.12,0.17,455994,594340,1087439,972264,1335966,1999315,0,0,0,0,0,0,0,198855,0,320.50,358.41,419.46
235,3,34,81,100,8632,8632,8632,88647,88647,88647,591,591,591,0.15,0.60,0.83,0.06,0.21,0.33,0.03,0.17,0.28,0.00,0.00,0.00,0.00,0.03,0.05,0.00,0.00,0.00,0.03,0.17,0.29,347457,480593,770499,476145,1008267,1535731,0,0,0,0,0,0,0,367343,0,368.90,386.80,418.79
236,0,35,48,66,8595,8595,8595,88684,88684,88684,591,591,591,0.32,0.38,0.41,0.11,0.16,0.18,0.09,0.11,0.15,0.00,0.00,0.00,0.01,0.01,0.02,0.00,0.00,0.00,0.08,0.13,0.16,338060,613573,861322,849081,1254401,1654507,0,0,0,0,0,0,0,249929,0,333.85,367.10,394.33
236,1,31,78,100,8613,8613,8613,88666,88666,88666,591,591,591,0.14,0.60,0.81,0.05,0.23,0.32,0.03,0.18,0.24,0.00,0.00,0.00,0.00,0.03,0.04,0.00,0.00,0.00,0.02,0.17,0.26,327583,543861,1201560,696229,1061738,1762116,0,0,0,0,0,0,0,327990,0,373.21,398.01,417.22
236,2,30,68,100,8563,8563,8563,88716,88716,88716,591,591,591,0.30,0.54,0.80,0.11,0.21,0.29,0.09,0.15,0.27,0.00,0.00,0.00,0.01,0.02,0.04,0.00,0.00,0.00,0.07,0.17,0.25,474117,749937,1147865,699388,1315898,1685959,0,0,0,0,0,0,0,357173,0,315.12,363.91,409.05
236,3,40,75,100,8632,8632,8632,88647,88647,88647,591,591,591,0.16,0.59,0.90,0.06,0.23,0.34,0.03,0.18,0.30,0.00,0.00,0.00,0.00,0.03,0.06,0.00,0.00,0.00,0.03,0.17,0.28,342163,378713,458624,623729,922262,1354853,0,0,0,0,0,0,0,333603,0,413.82,426.65,451.05
237,0,30,68,100,8595,8595,8595,88684,88684,88684,591,591,591,0.13,0.50,0.81,0.05,0.19,0.27,0.03,0.14,0.27,0.00,0.00,0.00,0.00,0.02,0.04,0.00,0.00,0.00,0.02,0.14,0.21,343373,675141,1635328,791352,1255476,2539476,0,0,0,0,0,0,0,283594,0,318.64,347.89,371.98
237,1,35,80,100,8613,8613,8613,88666,88666,88666,591,591,591,0.20,0.64,0.84,0.09,0.23,0.30,0.03,0.18,0.28,0.00,0.00,0.00,0.00,0.03,0.05,0.00,0.00,0.00,0.05,0.19,0.26,330126,468567,817648,594752,943953,1506888,0,0,0,0,0,0,0,392002,0,363.01,386.86,445.72
237,2,32,76,100,8563,8563,8563,88716,88716,88716,591,591,591,0.31,0.62,0.89,0.12,0.24,0.32,0.09,0.19,0.32,0.00,0.00,0.00,0.01,0.03,0.06,0.00,0.00,0.00,0.07,0.17,0.26,457987,858379,1839654,607959,1364043,2409408,0,0,0,0,0,0,0,369268,0,385.87,416.57,428.20
237,3,34,63,100,8632,8632,8632,88647,88647,88647,591,591,591,0.15,0.47,0.85,0.06,0.16,0.25,0.03,0.13,0.28,0.00,0.00,0.00,0.00,0.02,0.05,0.00,0.00,0.00,0.02,0.11,0.20,377353,577588,1116414,490035,1268913,1761104,0,0,0,0,0,0,0,332281,0,344.51,370.20,403.69
238,0,37,59,100,8595,8595,8595,88684,88684,88684,591,591,591,0.34,0.46,0.77,0.12,0.18,0.29,0.09,0.13,0.20,0.00,0.00,0.00,0.01,0.02,0.03,0.00,0.00,0.00,0.08,0.14,0.27,356390,516390,767686,1084948,1243062,1574432,0,0,0,0,0,0,0,301713,0,344.77,365.76,400.16
238,1,30,74,100,8613,8613,8613,88666,88666,88666,591,591,591,0.23,0.61,0.81,0.09,0.24,0.33,0.04,0.18,0.27,0.00,0.00,0.00,0.01,0.03,0.05,0.00,0.00,0.00,0.06,0.17,0.29,120560,740781,1325350,390511,1226028,1659855,0,0,0,0,0,0,0,375843,0,396.13,415.91,468.99
238,2,30,53,100,8563,8563,8563,88716,88716,88716,591,591,591,0.13,0.40,0.85,0.05,0.14,0.24,0.03,0.11,0.29,0.00,0.00,0.00,0.00,0.02,0.05,0.00,0.00,0.00,0.02,0.10,0.20,445505,703906,1339136,880539,1385803,2232768,0,0,0,0,0,0,0,297584,0,321.97,353.40,407.54
238,3,31,74,100,8632,8632,8632,88647,88647,88647,591,591,591,0.22,0.56,0.84,0.08,0.21,0.34,0.03,0.16,0.29,0.00,0.00,0.00,0.01,0.03,0.05,0.00,0.00,0.00,0.05,0.16,0.30,335385,471713,723330,594891,988998,1444007,0,0,0,0,0,0,0,291368,0,397.13,436.05,491.91
239,0,34,59,97,8595,8595,8595,88684,88684,88684,591,591,591,0.15,0.45,0.88,0.06,0.18,0.32,0.03,0.13,0.31,0.00,0.00,0.00,0.00,0.02,0.06,0.00,0.00,0.00,0.03,0.12,0.22,319723,523603,1187190,560818,1241628,2274792,0,0,0,0,0,0,0,299059,0,347.41,388.36,411.73
239,1,34,59,100,8611,8611,8613,88666,88667,88668,591,591,591,0.14,0.45,0.84,0.05,0.16,0.25,0.03,0.13,0.28,0.00,0.00,0.00,0.00,0.02,0.05,0.00,0.00,0.00,0.02,0.11,0.20,324960,479080,738976,660414,1172926,1643043,0,0,0,0,0,0,0,261317,0,341.30,380.87,434.10
239,2,38,74,100,8563,8563,8563,88716,88716,88716,591,591,591,0.33,0.60,0.86,0.11,0.23,0.33,0.09,0.17,0.29,0.00,0.00,0.00,0.01,0.03,0.05,0.00,0.00,0.00,0.08,0.18,0.26,456000,552419,796657,618414,984820,1753169,0,0,0,0,0,0,0,371888,0,401.65,433.46,455.61
239,3,41,79,100,8632,8632,8632,88647,88647,88647,591,591,591,0.24,0.61,0.81,0.10,0.23,0.30,0.07,0.18,0.27,0.00,0.00,0.00,0.01,0.03,0.05,0.00,0.00,0.00,0.06,0.18,0.27,361604,444417,620844,730313,947001,1398864,0,0,0,0,0,0,0,322858,0,347.24,381.45,404.94
240,0,0,58,100,8595,8595,8595,88684,88684,88684,591,591,591,0.00,0.52,0.86,0.00,0.17,0.35,0.00,0.15,0.29,0.00,0.00,0.00,0.00,0.03,0.05,0.00,0.00,0.00,0.00,0.14,0.30,242819,561395,951406,331225,682799,1132068,0,0,0,0,0,0,0,271655,0,347.55,384.84,437.00
240,1,29,76,100,8611,8611,8611,88668,88668,88668,591,591,591,0.12,0.67,0.86,0.05,0.25,0.34,0.03,0.20,0.28,0.00,0.00,0.00,0.00,0.04,0.05,0.00,0.00,0.00,0.02,0.18,0.28,351170,401996,450773,529285,754734,1252684,0,0,0,0,0,0,0,343409,0,377.74,452.46,512.37
240,2,33,61,100,8563,8563,8563,88716,88716,88716,591,591,591,0.14,0.50,0.91,0.05,0.18,0.32,0.03,0.15,0.32,0.00,0.00,0.00,0.00,0.03,0.07,0.00,0.00,0.00,0.02,0.12,0.19,300495,882998,2547449,475201,1550529,3716306,0,0,0,0,0,0,0,274083,0,329.98,354.19,407.29
240,3,33,68,100,8632,8632,8632,88647,88647,88647,591,591,591,0.15,0.53,0.84,0.05,0.18,0.28,0.03,0.15,0.28,0.00,0.00,0.00,0.00,0.03,0.05,0.00,0.00,0.00,0.02,0.14,0.22,351165,612150,1270852,508428,1230087,1978336,0,0,0,0,0,0,0,263942,0,335.91,366.84,397.04
241,0,0,0,0,8595,8595,8595,88684,88684,88684,591,591,591,0.00,0.00,0.00,0.00,0.00,0.00,0.00,0.00,0.00,0.00,0.00,0.00,0.00,0.00,0.00,0.00,0.00,0.00,0.00,0.00,0.00,290935,365624,560882,304040,388557,610680,0,0,0,0,0,0,0,113945,0,142.49,191.25,275.85
241,1,33,76,100,8611,8611,8611,88668,88668,88668,591,591,591,0.14,0.55,0.84,0.05,0.19,0.30,0.03,0.15,0.28,0.00,0.00,0.00,0.00,0.03,0.05,0.00,0.00,0.00,0.02,0.15,0.23,618487,1000329,1418673,1085406,1577502,1939316,0,0,0,0,0,0,0,298179,0,343.34,357.88,380.40
241,2,32,77,100,8563,8563,8563,88716,88716,88716,591,591,591,0.19,0.62,0.86,0.07,0.23,0.34,0.05,0.18,0.29,0.00,0.00,0.00,0.01,0.03,0.05,0.00,0.00,0.00,0.04,0.17,0.28,455990,1088193,2277209,946059,1504217,2536637,0,0,0,0,0,0,0,243405,0,385.12,438.87,487.91
241,3,37,77,93,8632,8632,8632,88647,88647,88647,591,591,591,0.18,0.52,0.72,0.07,0.21,0.32,0.03,0.14,0.22,0.00,0.00,0.00,0.00,0.02,0.04,0.00,0.00,0.00,0.04,0.16,0.27,340659,594238,1095433,731085,1251370,2159419,0,0,0,0,0,0,0,314390,0,414.28,436.05,461.65
242,0,0,0,1,8595,8803,8971,88308,88474,88684,591,591,591,0.00,0.00,0.00,0.00,0.00,0.00,0.00,0.00,0.00,0.00,0.00,0.00,0.00,0.00,0.00,0.00,0.00,0.00,0.00,0.00,0.00,298782,351723,482247,311886,472105,812442,0,0,0,0,0,0,0,99612,0,142.16,142.22,142.28
242,1,34,62,97,8611,8611,8611,88668,88668,88668,591,591,591,0.15,0.47,0.91,0.06,0.19,0.35,0.03,0.13,0.32,0.00,0.00,0.00,0.00,0.02,0.07,0.00,0.00,0.00,0.03,0.13,0.30,317108,539145,809805,788995,1314016,2308642,0,0,0,0,0,0,0,257487,0,350.35,436.75,511.07
242,2,34,77,100,8563,8563,8563,88716,88716,88716,591,591,591,0.14,0.49,0.72,0.05,0.19,0.29,0.03,0.14,0.23,0.00,0.00,0.00,0.00,0.02,0.04,0.00,0.00,0.00,0.02,0.15,0.26,442735,1173805,3835636,901498,1961558,5217169,0,0,0,0,0,0,0,348778,0,360.80,396.99,420.51
242,3,34,62,100,8632,8632,8632,88647,88647,88647,591,591,591,0.16,0.51,0.78,0.06,0.21,0.34,0.03,0.14,0.26,0.00,0.00,0.00,0.00,0.02,0.04,0.00,0.00,0.00,0.03,0.15,0.28,227125,492609,946071,674814,1249226,2497523,0,0,0,0,0,0,0,306069,0,356.26,405.08,438.19
243,0,0,0,0,8971,44085,96757,522,53193,88308,591,591,591,0.00,0.00,0.00,0.00,0.00,0.00,0.00,0.00,0.00,0.00,0.00,0.00,0.00,0.00,0.00,0.00,0.00,0.00,0.00,0.00,0.00,159877,1209808,2353535,172982,2206108,5489930,0,0,0,0,0,0,0,130071,0,142.00,142.87,144.41
243,1,34,76,100,8611,8611,8611,88668,88668,88668,591,591,591,0.19,0.66,0.86,0.07,0.22,0.29,0.05,0.20,0.29,0.00,0.00,0.00,0.01,0.03,0.05,0.00,0.00,0.00,0.04,0.17,0.24,327541,475181,814910,437595,1772734,3939550,0,0,0,0,0,0,0,394034,0,351.98,407.47,477.54
243,2,42,65,100,8563,8563,8563,88716,88716,88716,591,591,591,0.21,0.50,0.80,0.08,0.19,0.27,0.06,0.15,0.27,0.00,0.00,0.00,0.01,0.02,0.04,0.00,0.00,0.00,0.04,0.15,0.24,495337,898161,1281369,901567,2394559,4007017,0,0,0,0,0,0,0,298633,0,339.38,379.91,404.06
243,3,63,90,100,8632,8632,8632,88647,88647,88647,591,591,591,0.35,0.70,0.85,0.14,0.24,0.31,0.11,0.21,0.29,0.00,0.00,0.00,0.02,0.04,0.05,0.00,0.00,0.00,0.08,0.18,0.26,324969,706702,1488564,437660,1996738,4273197,0,0,0,0,0,0,0,343214,0,359.49,413.41,484.54
244,0,0,0,0,96757,96757,96757,522,522,522,591,591,591,0.00,0.00,0.00,0.00,0.00,0.00,0.00,0.00,0.00,0.00,0.00,0.00,0.00,0.00,0.00,0.00,0.00,0.00,0.00,0.00,0.00,306645,338098,395754,319749,351726,408858,0,0,0,0,0,0,0,116582,0,145.07,145.65,145.93
244,1,37,58,83,8611,8611,8611,88668,88668,88668,591,591,591,0.30,0.48,0.63,0.11,0.19,0.26,0.08,0.14,0.19,0.00,0.00,0.00,0.01,0.02,0.03,0.00,0.00,0.00,0.08,0.15,0.22,324971,555042,1331335,783599,1144647,1734929,0,0,0,0,0,0,0,256859,0,332.38,369.27,421.20
244,2,34,81,100,8563,8563,8563,88716,88716,88716,591,591,591,0.19,0.66,0.85,0.08,0.25,0.35,0.03,0.20,0.30,0.00,0.00,0.00,0.00,0.03,0.06,0.00,0.00,0.00,0.05,0.18,0.27,458622,503798,602605,723309,980890,1501676,0,0,0,0,0,0,0,300967,0,320.05,382.63,433.18
244,3,32,66,100,8632,8632,8632,88647,88647,88647,591,591,591,0.24,0.47,0.78,0.09,0.18,0.30,0.06,0.13,0.21,0.00,0.00,0.00,0.01,0.02,0.03,0.00,0.00,0.00,0.06,0.15,0.27,319645,875430,1818532,851514,1536374,2748761,0,0,0,0,0,0,0,315115,0,357.46,391.92,425.33
245,0,0,0,0,96757,96757,96757,522,522,522,591,591,591,0.00,0.00,0.00,0.00,0.00,0.00,0.00,0.00,0.00,0.00,0.00,0.00,0.00,0.00,0.00,0.00,0.00,0.00,0.00,0.00,0.00,319672,655098,1336416,332773,668199,1352139,0,0,0,0,0,0,0,57347,0,115.14,130.18,145.15
245,1,33,76,100,8611,8611,8611,88668,88668,88668,591,591,591,0.14,0.52,0.82,0.05,0.20,0.34,0.03,0.14,0.27,0.00,0.00,0.00,0.00,0.02,0.04,0.00,0.00,0.00,0.02,0.16,0.31,235862,536504,1082060,421057,1162586,1430810,0,0,0,0,0,0,0,332795,0,322.10,353.30,384.79
245,2,36,71,100,8563,8563,8563,88716,88716,88716,591,591,591,0.16,0.48,0.85,0.06,0.16,0.24,0.03,0.13,0.29,0.00,0.00,0.00,0.00,0.02,0.05,0.00,0.00,0.00,0.03,0.12,0.19,445610,578487,746900,856969,1268294,1698222,0,0,0,0,0,0,0,282264,0,352.80,366.20,400.72
245,3,29,52,73,8632,8632,8632,88647,88647,88647,591,591,591,0.13,0.33,0.57,0.05,0.13,0.24,0.03,0.10,0.21,0.00,0.00,0.00,0.00,0.01,0.03,0.00,0.00,0.00,0.02,0.10,0.16,340688,593586,1147905,964411,1268401,1572473,0,0,0,0,0,0,0,284837,0,316.61,336.23,355.30
246,0,0,0,0,96757,96757,96757,522,522,522,591,591,591,0.00,0.00,0.00,0.00,0.00,0.00,0.00,0.00,0.00,0.00,0.00,0.00,0.00,0.00,0.00,0.00,0.00,0.00,0.00,0.00,0.00,324920,349566,414038,340642,363716,427140,0,0,0,0,0,0,0,77093,0,95.62,97.86,105.85
246,1,32,64,100,8611,8611,8611,88668,88668,88668,591,591,591,0.15,0.49,0.82,0.05,0.18,0.33,0.03,0.14,0.27,0.00,0.00,0.00,0.00,0.03,0.05,0.00,0.00,0.00,0.02,0.12,0.20,322344,371073,442904,620954,1026236,1428302,0,0,0,0,0,0,0,263472,0,360.96,407.82,458.06
246,2,53,77,100,8563,8563,8563,88716,88716,88716,591,591,591,0.29,0.61,0.84,0.11,0.23,0.34,0.07,0.17,0.29,0.00,0.00,0.00,0.01,0.03,0.05,0.00,0.00,0.00,0.08,0.19,0.30,508412,984736,2041524,623722,1460574,2604974,0,0,0,0,0,0,0,313001,0,405.02,439.39,470.24
246,3,31,54,100,8632,8632,8632,88647,88647,88647,591,591,591,0.27,0.42,0.68,0.11,0.16,0.26,0.08,0.12,0.17,0.00,0.00,0.00,0.01,0.02,0.03,0.00,0.00,0.00,0.08,0.13,0.24,115312,808369,1714031,862226,1450601,2589392,0,0,0,0,0,0,0,239915,0,327.43,342.83,366.69
247,0,0,0,0,96757,96757,96757,522,522,522,591,591,591,0.00,0.00,0.00,0.00,0.00,0.00,0.00,0.00,0.00,0.00,0.00,0.00,0.00,0.00,0.00,0.00,0.00,0.00,0.00,0.00,0.00,231259,364261,600103,239889,383819,647272,0,0,0,0,0,0,0,77269,0,96.22,96.34,96.47
247,1,0,40,100,8611,8611,8611,88668,88668,88668,591,591,591,0.00,0.33,0.83,0.00,0.12,0.33,0.00,0.09,0.28,0.00,0.00,0.00,0.00,0.02,0.05,0.00,0.00,0.00,0.00,0.10,0.29,348554,680894,1514900,435052,775238,1564698,0,0,0,0,0,0,0,208206,0,283.38,361.78,401.85
247,2,35,69,100,8563,8563,8563,88716,88716,88716,591,591,591,0.14,0.51,0.80,0.05,0.20,0.27,0.03,0.15,0.27,0.00,0.00,0.00,0.00,0.02,0.04,0.00,0.00,0.00,0.02,0.15,0.24,432337,991603,1894596,1247411,1597037,2392485,0,0,0,0,0,0,0,316958,0,353.09,381.58,402.29
247,3,31,74,100,8632,8632,8632,88647,88647,88647,591,591,591,0.29,0.51,0.78,0.11,0.20,0.30,0.09,0.14,0.21,0.00,0.00,0.00,0.01,0.02,0.03,0.00,0.00,0.00,0.07,0.16,0.27,335373,507925,815323,1063763,1191038,1356259,0,0,0,0,0,0,0,312730,0,335.28,360.01,407.93
248,0,0,0,0,96757,96849,96989,290,429,522,591,591,591,0.00,0.00,0.00,0.00,0.00,0.00,0.00,0.00,0.00,0.00,0.00,0.00,0.00,0.00,0.00,0.00,0.00,0.00,0.00,0.00,0.00,332786,404068,586996,345887,516749,1092757,0,0,0,0,0,0,0,86616,0,96.35,96.50,96.57
248,1,0,0,0,8611,8811,9187,88092,88468,88668,591,591,591,0.00,0.00,0.00,0.00,0.00,0.00,0.00,0.00,0.00,0.00,0.00,0.00,0.00,0.00,0.00,0.00,0.00,0.00,0.00,0.00,0.00,304028,339149,401004,317135,465479,880633,0,0,0,0,0,0,0,115116,0,143.90,156.54,205.03
248,2,29,53,100,8563,8563,8563,88716,88716,88716,591,591,591,0.28,0.41,0.58,0.11,0.16,0.26,0.08,0.12,0.15,0.00,0.00,0.00,0.01,0.02,0.02,0.00,0.00,0.00,0.06,0.12,0.22,479566,834782,1346999,1050892,1675849,2851237,0,0,0,0,0,0,0,347100,0,353.39,375.25,416.74
248,3,35,64,100,8632,8632,8632,88647,88647,88647,591,591,591,0.15,0.48,0.73,0.06,0.19,0.32,0.03,0.14,0.25,0.00,0.00,0.00,0.00,0.02,0.04,0.00,0.00,0.00,0.03,0.13,0.22,125772,549803,1155729,841243,1313958,2183044,0,0,0,0,0,0,0,213401,0,365.78,385.69,416.65
249,0,0,0,0,96989,96989,96989,290,290,290,591,591,591,0.00,0.00,0.00,0.00,0.00,0.00,0.00,0.00,0.00,0.00,0.00,0.00,0.00,0.00,0.00,0.00,0.00,0.00,0.00,0.00,0.00,358993,504084,1050753,372095,1174592,3645646,0,0,0,0,0,0,0,77320,0,96.23,96.41,96.55
249,1,0,2,13,9187,26743,96969,310,70535,88092,591,591,591,0.00,0.00,0.00,0.00,0.00,0.00,0.00,0.00,0.00,0.00,0.00,0.00,0.00,0.00,0.00,0.00,0.00,0.00,0.00,0.00,0.00,227148,1167021,2557908,237632,2226878,7113220,0,0,0,0,0,0,0,130747,0,143.35,143.85,144.71
249,2,0,40,100,8563,8563,8563,88716,88716,88716,591,591,591,0.00,0.25,0.80,0.00,0.09,0.27,0.00,0.07,0.27,0.00,0.00,0.00,0.00,0.01,0.04,0.00,0.00,0.00,0.00,0.08,0.22,207052,554036,948656,602811,1439379,4083396,0,0,0,0,0,0,0,132069,0,259.85,324.97,399.47
249,3,36,76,100,8632,8632,8632,88647,88647,88647,591,591,591,0.32,0.60,0.85,0.11,0.22,0.30,0.08,0.18,0.27,0.00,0.00,0.00,0.01,0.03,0.05,0.00,0.00,0.00,0.08,0.17,0.24,348015,459829,695827,584408,1501999,4157482,0,0,0,0,0,0,0,237480,0,374.81,406.78,431.72
250,0,0,0,0,96989,97016,97057,222,262,290,591,591,591,0.00,0.00,0.00,0.00,0.00,0.00,0.00,0.00,0.00,0.00,0.00,0.00,0.00,0.00,0.00,0.00,0.00,0.00,0.00,0.00,0.00,327559,548854,1129429,340661,917563,1891347,0,0,0,0,0,0,0,67464,0,96.31,96.39,96.51
250,1,0,0,0,96969,97061,97201,78,217,310,591,591,591,0.00,0.00,0.00,0.00,0.00,0.00,0.00,0.00,0.00,0.00,0.00,0.00,0.00,0.00,0.00,0.00,0.00,0.00,0.00,0.00,0.00,311890,561925,977639,324994,994879,2225006,0,0,0,0,0,0,0,88354,0,145.52,146.70,147.30
250,2,0,0,0,8563,8814,9191,88088,88464,88716,591,591,591,0.00,0.00,0.00,0.00,0.00,0.00,0.00,0.00,0.00,0.00,0.00,0.00,0.00,0.00,0.00,0.00,0.00,0.00,0.00,0.00,0.00,424584,514222,770560,474360,1100259,2786027,0,0,0,0,0,0,0,118868,0,148.50,156.65,187.38
250,3,33,65,100,8632,8632,8632,88647,88647,88647,591,591,591,0.15,0.44,0.80,0.05,0.17,0.29,0.03,0.12,0.27,0.00,0.00,0.00,0.00,0.02,0.04,0.00,0.00,0.00,0.02,0.13,0.26,338043,620055,1250062,587042,1690337,3836670,0,0,0,0,0,0,0,314038,0,334.41,362.24,391.26
251,0,0,0,0,97057,97057,97057,222,222,222,591,591,591,0.00,0.00,0.00,0.00,0.00,0.00,0.00,0.00,0.00,0.00,0.00,0.00,0.00,0.00,0.00,0.00,0.00,0.00,0.00,0.00,0.00,220114,366863,576515,335411,1498673,3586467,0,0,0,0,0,0,0,76997,0,96.24,96.33,96.44
251,1,0,0,0,97201,97201,97201,78,78,78,591,591,591,0.00,0.00,0.00,0.00,0.00,0.00,0.00,0.00,0.00,0.00,0.00,0.00,0.00,0.00,0.00,0.00,0.00,0.00,0.00,0.00,0.00,298786,381068,558148,314511,1536675,3539320,0,0,0,0,0,0,0,102292,0,119.75,135.18,147.08
251,2,0,3,12,9191,53092,96993,286,44187,88088,591,591,591,0.00,0.00,0.00,0.00,0.00,0.00,0.00,0.00,0.00,0.00,0.00,0.00,0.00,0.00,0.00,0.00,0.00,0.00,0.00,0.00,0.00,424589,1458208,2613555,437694,3130577,6926707,0,0,0,0,0,0,0,106541,0,148.40,149.59,150.82
251,3,30,57,84,8632,8632,8632,88647,88647,88647,591,591,591,0.13,0.52,0.83,0.05,0.20,0.30,0.03,0.15,0.28,0.00,0.00,0.00,0.00,0.03,0.06,0.00,0.00,0.00,0.02,0.14,0.26,368667,656914,1394215,1032410,2411731,3737345,0,0,0,0,0,0,0,353145,0,371.63,399.88,423.09
252,0,0,0,0,97057,97057,97057,222,222,222,591,591,591,0.00,0.00,0.00,0.00,0.00,0.00,0.00,0.00,0.00,0.00,0.00,0.00,0.00,0.00,0.00,0.00,0.00,0.00,0.00,0.00,0.00,330164,513598,1003640,345886,527224,1016742,0,0,0,0,0,0,0,86446,0,96.03,96.16,96.24
252,1,0,0,0,97201,97201,97201,78,78,78,591,591,591,0.00,0.00,0.00,0.00,0.00,0.00,0.00,0.00,0.00,0.00,0.00,0.00,0.00,0.00,0.00,0.00,0.00,0.00,0.00,0.00,0.00,314445,535608,1383585,327547,549234,1396687,0,0,0,0,0,0,0,77931,0,97.36,100.58,110.54
252,2,0,0,0,96993,96993,96993,286,286,286,591,591,591,0.00,0.00,0.00,0.00,0.00,0.00,0.00,0.00,0.00,0.00,0.00,0.00,0.00,0.00,0.00,0.00,0.00,0.00,0.00,0.00,0.00,429836,472815,537293,442941,486444,550398,0,0,0,0,0,0,0,121641,0,151.47,152.01,152.30
252,3,30,77,100,8632,8632,8632,88647,88647,88647,591,591,591,0.13,0.56,0.84,0.05,0.18,0.25,0.03,0.17,0.28,0.00,0.00,0.00,0.00,0.03,0.05,0.00,0.00,0.00,0.02,0.14,0.19,330184,547719,904155,466453,1053500,1457104,0,0,0,0,0,0,0,382446,0,318.40,351.08,408.85
253,0,0,0,0,97057,97057,97057,222,222,222,591,591,591,0.00,0.00,0.00,0.00,0.00,0.00,0.00,0.00,0.00,0.00,0.00,0.00,0.00,0.00,0.00,0.00,0.00,0.00,0.00,0.00,0.00,332802,395684,526699,345905,409834,542422,0,0,0,0,0,0,0,77058,0,95.91,96.02,96.13
253,1,0,0,0,97201,97201,97201,78,78,78,591,591,591,0.00,0.00,0.00,0.00,0.00,0.00,0.00,0.00,0.00,0.00,0.00,0.00,0.00,0.00,0.00,0.00,0.00,0.00,0.00,0.00,0.00,322082,421821,565805,337794,435352,578434,0,0,0,0,0,0,0,78222,0,97.40,97.52,97.67
253,2,0,0,0,96993,96993,96993,286,286,286,591,591,591,0.00,0.00,0.00,0.00,0.00,0.00,0.00,0.00,0.00,0.00,0.00,0.00,0.00,0.00,0.00,0.00,0.00,0.00,0.00,0.00,0.00,319463,415658,450804,328097,428404,466529,0,0,0,0,0,0,0,110822,0,138.60,148.68,151.86
253,3,30,60,91,8632,8632,8632,88647,88647,88647,591,591,591,0.21,0.49,0.78,0.09,0.20,0.34,0.07,0.13,0.25,0.00,0.00,0.00,0.01,0.02,0.04,0.00,0.00,0.00,0.05,0.15,0.30,324966,445202,725951,704636,1013564,1394246,0,0,0,0,0,0,0,273338,0,359.80,424.97,457.46
254,0,0,0,0,97057,97057,97057,222,222,222,591,591,591,0.00,0.00,0.00,0.00,0.00,0.00,0.00,0.00,0.00,0.00,0.00,0.00,0.00,0.00,0.00,0.00,0.00,0.00,0.00,0.00,0.00,330176,346947,377350,343280,360574,390453,0,0,0,0,0,0,0,76952,0,96.06,96.13,96.20
254,1,0,0,0,97201,97201,97201,78,78,78,591,591,591,0.00,0.00,0.00,0.00,0.00,0.00,0.00,0.00,0.00,0.00,0.00,0.00,0.00,0.00,0.00,0.00,0.00,0.00,0.00,0.00,0.00,242833,324239,374731,251568,337516,387833,0,0,0,0,0,0,0,78265,0,97.72,97.79,97.84
254,2,0,0,0,96993,96993,96993,286,286,286,591,591,591,0.00,0.00,0.00,0.00,0.00,0.00,0.00,0.00,0.00,0.00,0.00,0.00,0.00,0.00,0.00,0.00,0.00,0.00,0.00,0.00,0.00,434992,504702,673471,448095,518852,689194,0,0,0,0,0,0,0,79741,0,99.24,110.38,128.59
254,3,32,73,100,8632,8632,8632,88647,88647,88647,591,591,591,0.14,0.53,0.82,0.05,0.20,0.31,0.03,0.15,0.27,0.00,0.00,0.00,0.00,0.02,0.05,0.00,0.00,0.00,0.02,0.16,0.28,13092,317074,437656,505780,868880,1357522,0,0,0,0,0,0,0,325084,0,314.95,362.78,392.91
255,0,0,0,0,97057,97057,97057,222,222,222,591,591,591,0.00,0.00,0.00,0.00,0.00,0.00,0.00,0.00,0.00,0.00,0.00,0.00,0.00,0.00,0.00,0.00,0.00,0.00,0.00,0.00,0.00,317021,347463,406160,330121,361593,421883,0,0,0,0,0,0,0,76852,0,96.10,96.16,96.21
255,1,0,0,0,97201,97201,97201,78,78,78,591,591,591,0.00,0.00,0.00,0.00,0.00,0.00,0.00,0.00,0.00,0.00,0.00,0.00,0.00,0.00,0.00,0.00,0.00,0.00,0.00,0.00,0.00,340661,508357,1037675,353720,521459,1050777,0,0,0,0,0,0,0,58583,0,97.63,97.69,97.77
255,2,0,0,0,96993,96993,96993,286,286,286,591,591,591,0.00,0.00,0.00,0.00,0.00,0.00,0.00,0.00,0.00,0.00,0.00,0.00,0.00,0.00,0.00,0.00,0.00,0.00,0.00,0.00,0.00,429772,658250,1302408,442875,672401,1315510,0,0,0,0,0,0,0,90030,0,99.59,99.80,99.97
255,3,31,64,96,8632,8632,8632,88647,88647,88647,591,591,591,0.13,0.50,0.79,0.05,0.20,0.32,0.03,0.15,0.24,0.00,0.00,0.00,0.00,0.03,0.05,0.00,0.00,0.00,0.02,0.13,0.26,327587,588689,1250481,733803,1186269,2191619,0,0,0,0,0,0,0,319413,0,370.15,406.09,423.70
256,0,0,0,0,97057,97057,97057,222,222,222,591,591,591,0.00,0.00,0.00,0.00,0.00,0.00,0.00,0.00,0.00,0.00,0.00,0.00,0.00,0.00,0.00,0.00,0.00,0.00,0.00,0.00,0.00,2620,422940,1035084,15722,436042,1050807,0,0,0,0,0,0,0,57605,0,96.00,96.03,96.09
256,1,0,0,0,97201,97201,97201,78,78,78,591,591,591,0.00,0.00,0.00,0.00,0.00,0.00,0.00,0.00,0.00,0.00,0.00,0.00,0.00,0.00,0.00,0.00,0.00,0.00,0.00,0.00,0.00,324905,350611,403542,340626,364761,414024,0,0,0,0,0,0,0,78054,0,97.56,97.59,97.63
256,2,0,0,0,96993,96993,96993,286,286,286,591,591,591,0.00,0.00,0.00,0.00,0.00,0.00,0.00,0.00,0.00,0.00,0.00,0.00,0.00,0.00,0.00,0.00,0.00,0.00,0.00,0.00,0.00,432358,468538,518840,445460,482164,531942,0,0,0,0,0,0,0,59834,0,99.78,99.87,99.98
256,3,31,78,100,8632,8632,8632,88647,88647,88647,591,591,591,0.14,0.59,0.85,0.05,0.19,0.25,0.03,0.18,0.28,0.00,0.00,0.00,0.00,0.03,0.05,0.00,0.00,0.00,0.02,0.14,0.19,351167,390451,461251,469083,868942,1333700,0,0,0,0,0,0,0,364082,0,319.13,354.05,424.04
257,0,0,0,0,97057,97057,97057,222,222,222,591,591,591,0.00,0.00,0.00,0.00,0.00,0.00,0.00,0.00,0.00,0.00,0.00,0.00,0.00,0.00,0.00,0.00,0.00,0.00,0.00,0.00,0.00,332789,356896,403509,345891,370522,419230,0,0,0,0,0,0,0,76919,0,96.03,96.05,96.09
257,1,0,0,0,97201,97201,97201,78,78,78,591,591,591,0.00,0.00,0.00,0.00,0.00,0.00,0.00,0.00,0.00,0.00,0.00,0.00,0.00,0.00,0.00,0.00,0.00,0.00,0.00,0.00,0.00,322996,335538,358987,335813,348582,374709,0,0,0,0,0,0,0,78123,0,97.56,97.61,97.65
257,2,0,0,0,96993,96993,96993,286,286,286,591,591,591,0.00,0.00,0.00,0.00,0.00,0.00,0.00,0.00,0.00,0.00,0.00,0.00,0.00,0.00,0.00,0.00,0.00,0.00,0.00,0.00,0.00,408621,438024,476927,424338,451646,490029,0,0,0,0,0,0,0,79987,0,99.73,99.82,99.89
257,3,30,62,100,8632,8632,8632,88647,88647,88647,591,591,591,0.29,0.44,0.70,0.11,0.18,0.32,0.09,0.11,0.14,0.00,0.00,0.00,0.01,0.02,0.02,0.00,0.00,0.00,0.07,0.15,0.29,327962,407979,516453,786199,1051410,1257948,0,0,0,0,0,0,0,259363,0,347.76,416.76,466.02
258,0,0,0,0,97057,97057,97057,222,222,222,591,591,591,0.00,0.00,0.00,0.00,0.00,0.00,0.00,0.00,0.00,0.00,0.00,0.00,0.00,0.00,0.00,0.00,0.00,0.00,0.00,0.00,0.00,330167,436525,642004,343269,458481,694412,0,0,0,0,0,0,0,76925,0,96.07,96.08,96.12
258,1,0,0,0,97201,97201,97201,78,78,78,591,591,591,0.00,0.00,0.00,0.00,0.00,0.00,0.00,0.00,0.00,0.00,0.00,0.00,0.00,0.00,0.00,0.00,0.00,0.00,0.00,0.00,0.00,327558,417764,653305,343281,439261,703156,0,0,0,0,0,0,0,87787,0,97.53,97.57,97.61
258,2,0,0,0,96993,96993,96993,286,286,286,591,591,591,0.00,0.00,0.00,0.00,0.00,0.00,0.00,0.00,0.00,0.00,0.00,0.00,0.00,0.00,0.00,0.00,0.00,0.00,0.00,0.00,0.00,424516,534046,793968,440239,555534,843754,0,0,0,0,0,0,0,79868,0,99.76,99.81,99.91
258,3,0,0,0,8632,8632,8632,88647,88647,88647,591,591,591,0.00,0.04,0.18,0.00,0.01,0.07,0.00,0.01,0.03,0.00,0.00,0.00,0.00,0.00,0.01,0.00,0.00,0.00,0.00,0.02,0.08,306646,698741,2010255,322371,792571,2023359,0,0,0,0,0,0,0,134328,0,157.65,228.30,298.43
259,0,0,0,0,97057,97217,97257,22,62,222,591,591,591,0.00,0.00,0.00,0.00,0.00,0.00,0.00,0.00,0.00,0.00,0.00,0.00,0.00,0.00,0.00,0.00,0.00,0.00,0.00,0.00,0.00,321663,354630,390208,334428,465215,864739,0,0,0,0,0,0,0,86530,0,96.12,96.16,96.20
259,1,0,0,0,97201,97242,97253,26,36,78,591,591,591,0.00,0.00,0.00,0.00,0.00,0.00,0.00,0.00,0.00,0.00,0.00,0.00,0.00,0.00,0.00,0.00,0.00,0.00,0.00,0.00,0.00,5240,471675,1016728,18342,588544,1045553,0,0,0,0,0,0,0,77981,0,97.42,97.46,97.50
259,2,0,0,0,96993,97197,97249,30,81,286,591,591,591,0.00,0.00,0.00,0.00,0.00,0.00,0.00,0.00,0.00,0.00,0.00,0.00,0.00,0.00,0.00,0.00,0.00,0.00,0.00,0.00,0.00,0,620530,1679725,15722,736879,2180236,0,0,0,0,0,0,0,79809,0,99.69,99.70,99.71
259,3,0,0,1,8632,9304,9472,87807,87975,88647,591,591,591,0.00,0.00,0.00,0.00,0.00,0.00,0.00,0.00,0.00,0.00,0.00,0.00,0.00,0.00,0.00,0.00,0.00,0.00,0.00,0.00,0.00,309268,390514,469136,322372,513697,1006436,0,0,0,0,0,0,0,118362,0,147.61,148.01,148.79
260,0,0,0,0,97259,97259,97259,20,20,20,591,591,591,0.00,0.00,0.00,0.00,0.00,0.00,0.00,0.00,0.00,0.00,0.00,0.00,0.00,0.00,0.00,0.00,0.00,0.00,0.00,0.00,0.00,330181,700358,1701510,348524,2150673,4377809,0,0,0,0,0,0,0,86407,0,95.92,96.01,96.05
260,1,0,0,0,97255,97255,97255,24,24,24,591,591,591,0.00,0.00,0.00,0.00,0.00,0.00,0.00,0.00,0.00,0.00,0.00,0.00,0.00,0.00,0.00,0.00,0.00,0.00,0.00,0.00,0.00,390475,821736,1826272,434999,2534400,6068358,0,0,0,0,0,0,0,68270,0,97.47,97.52,97.55
260,2,0,0,0,97251,97251,97251,28,28,28,591,591,591,0.00,0.00,0.00,0.00,0.00,0.00,0.00,0.00,0.00,0.00,0.00,0.00,0.00,0.00,0.00,0.00,0.00,0.00,0.00,0.00,0.00,432371,895588,2515211,450736,2607736,4567416,0,0,0,0,0,0,0,89946,0,99.79,99.90,100.01
260,3,0,2,11,9474,79699,97256,23,17579,87805,591,591,591,0.00,0.00,0.00,0.00,0.00,0.00,0.00,0.00,0.00,0.00,0.00,0.00,0.00,0.00,0.00,0.00,0.00,0.00,0.00,0.00,0.00,304028,1232538,2226035,319754,2773649,5318722,0,0,0,0,0,0,0,105875,0,148.44,150.08,151.10
