timestamp,gpuId,DCGM_FI_DEV_GPU_UTIL_min,DCGM_FI_DEV_GPU_UTIL_avg,DCGM_FI_DEV_GPU_UTIL_max,DCGM_FI_DEV_FB_FREE_min,DCGM_FI_DEV_FB_FREE_avg,DCGM_FI_DEV_FB_FREE_max,DCGM_FI_DEV_FB_USED_min,DCGM_FI_DEV_FB_USED_avg,DCGM_FI_DEV_FB_USED_max,DCGM_FI_DEV_FB_RESERVED_min,DCGM_FI_DEV_FB_RESERVED_avg,DCGM_FI_DEV_FB_RESERVED_max,DCGM_FI_PROF_SM_ACTIVE_min,DCGM_FI_PROF_SM_ACTIVE_avg,DCGM_FI_PROF_SM_ACTIVE_max,DCGM_FI_PROF_SM_OCCUPANCY_min,DCGM_FI_PROF_SM_OCCUPANCY_avg,DCGM_FI_PROF_SM_OCCUPANCY_max,DCGM_FI_PROF_PIPE_TENSOR_ACTIVE_min,DCGM_FI_PROF_PIPE_TENSOR_ACTIVE_avg,DCGM_FI_PROF_PIPE_TENSOR_ACTIVE_max,DCGM_FI_PROF_PIPE_FP64_ACTIVE_min,DCGM_FI_PROF_PIPE_FP64_ACTIVE_avg,DCGM_FI_PROF_PIPE_FP64_ACTIVE_max,DCGM_FI_PROF_PIPE_FP32_ACTIVE_min,DCGM_FI_PROF_PIPE_FP32_ACTIVE_avg,DCGM_FI_PROF_PIPE_FP32_ACTIVE_max,DCGM_FI_PROF_PIPE_FP16_ACTIVE_min,DCGM_FI_PROF_PIPE_FP16_ACTIVE_avg,DCGM_FI_PROF_PIPE_FP16_ACTIVE_max,DCGM_FI_PROF_DRAM_ACTIVE_min,DCGM_FI_PROF_DRAM_ACTIVE_avg,DCGM_FI_PROF_DRAM_ACTIVE_max,DCGM_FI_PROF_PCIE_TX_BYTES_min,DCGM_FI_PROF_PCIE_TX_BYTES_avg,DCGM_FI_PROF_PCIE_TX_BYTES_max,DCGM_FI_PROF_PCIE_RX_BYTES_min,DCGM_FI_PROF_PCIE_RX_BYTES_avg,DCGM_FI_PROF_PCIE_RX_BYTES_max,DCGM_FI_PROF_NVLINK_RX_BYTES_min,DCGM_FI_PROF_NVLINK_RX_BYTES_avg,DCGM_FI_PROF_NVLINK_RX_BYTES_max,DCGM_FI_PROF_NVLINK_TX_BYTES_min,DCGM_FI_PROF_NVLINK_TX_BYTES_avg,DCGM_FI_PROF_NVLINK_TX_BYTES_max,DCGM_FI_DEV_TOTAL_ENERGY_CONSUMPTION_min,DCGM_FI_DEV_TOTAL_ENERGY_CONSUMPTION_avg,DCGM_FI_DEV_TOTAL_ENERGY_CONSUMPTION_max,DCGM_FI_DEV_POWER_USAGE_min,DCGM_FI_DEV_POWER_USAGE_avg,DCGM_FI_DEV_POWER_USAGE_max
1,0,0,0,0,97273,97273,97273,6,6,6,591,591,591,0.00,0.00,0.00,0.00,0.00,0.00,0.00,0.00,0.00,0.00,0.00,0.00,0.00,0.00,0.00,0.00,0.00,0.00,0.00,0.00,0.00,319703,494354,716040,338046,515612,730616,0,0,0,0,0,0,0,76513,0,95.47,95.59,95.66
1,1,0,0,0,97276,97276,97276,3,3,3,591,591,591,0.00,0.00,0.00,0.00,0.00,0.00,0.00,0.00,0.00,0.00,0.00,0.00,0.00,0.00,0.00,0.00,0.00,0.00,0.00,0.00,0.00,314456,756871,2178333,332799,784609,2218008,0,0,0,0,0,0,0,79328,0,99.25,99.28,99.29
1,2,0,0,0,97275,97275,97275,4,4,4,591,591,591,0.00,0.00,0.00,0.00,0.00,0.00,0.00,0.00,0.00,0.00,0.00,0.00,0.00,0.00,0.00,0.00,0.00,0.00,0.00,0.00,0.00,319700,373008,531256,340648,390022,542956,0,0,0,0,0,0,0,76849,0,96.16,96.24,96.33
1,3,0,0,0,97275,97275,97275,4,4,4,591,591,591,0.00,0.00,0.00,0.00,0.00,0.00,0.00,0.00,0.00,0.00,0.00,0.00,0.00,0.00,0.00,0.00,0.00,0.00,0.00,0.00,0.00,411424,747472,1231621,432388,765530,1252585,0,0,0,0,0,0,0,74965,0,83.21,83.34,83.52
2,0,0,0,0,97273,97273,97273,6,6,6,591,591,591,0.00,0.00,0.00,0.00,0.00,0.00,0.00,0.00,0.00,0.00,0.00,0.00,0.00,0.00,0.00,0.00,0.00,0.00,0.00,0.00,0.00,317080,364250,424523,332806,382070,440246,0,0,0,0,0,0,0,76518,0,95.66,95.73,95.85
2,1,0,0,0,97276,97276,97276,3,3,3,591,591,591,0.00,0.00,0.00,0.00,0.00,0.00,0.00,0.00,0.00,0.00,0.00,0.00,0.00,0.00,0.00,0.00,0.00,0.00,0.00,0.00,0.00,89095,292965,474299,107438,311308,495262,0,0,0,0,0,0,0,69579,0,99.23,99.33,99.41
2,2,0,0,0,97275,97275,97275,4,4,4,591,591,591,0.00,0.00,0.00,0.00,0.00,0.00,0.00,0.00,0.00,0.00,0.00,0.00,0.00,0.00,0.00,0.00,0.00,0.00,0.00,0.00,0.00,320557,501166,1105847,338800,519487,1121570,0,0,0,0,0,0,0,57636,0,96.10,96.13,96.16
2,3,0,0,0,97275,97275,97275,4,4,4,591,591,591,0.00,0.00,0.00,0.00,0.00,0.00,0.00,0.00,0.00,0.00,0.00,0.00,0.00,0.00,0.00,0.00,0.00,0.00,0.00,0.00,0.00,413995,436566,479542,432337,454385,495264,0,0,0,0,0,0,0,50079,0,83.41,83.54,83.64
3,0,0,0,0,97273,97273,97273,6,6,6,591,591,591,0.00,0.00,0.00,0.00,0.00,0.00,0.00,0.00,0.00,0.00,0.00,0.00,0.00,0.00,0.00,0.00,0.00,0.00,0.00,0.00,0.00,306494,341451,445485,327450,359719,466449,0,0,0,0,0,0,0,57282,0,95.53,95.60,95.66
3,1,0,0,0,97276,97276,97276,3,3,3,591,591,591,0.00,0.00,0.00,0.00,0.00,0.00,0.00,0.00,0.00,0.00,0.00,0.00,0.00,0.00,0.00,0.00,0.00,0.00,0.00,0.00,0.00,322284,406165,733731,338038,423984,752074,0,0,0,0,0,0,0,79307,0,99.25,99.34,99.45
3,2,0,0,0,97275,97275,97275,4,4,4,591,591,591,0.00,0.00,0.00,0.00,0.00,0.00,0.00,0.00,0.00,0.00,0.00,0.00,0.00,0.00,0.00,0.00,0.00,0.00,0.00,0.00,0.00,324941,344332,400937,345905,362675,419280,0,0,0,0,0,0,0,76705,0,95.93,96.05,96.12
3,3,0,0,0,97275,97275,97275,4,4,4,591,591,591,0.00,0.00,0.00,0.00,0.00,0.00,0.00,0.00,0.00,0.00,0.00,0.00,0.00,0.00,0.00,0.00,0.00,0.00,0.00,0.00,0.00,424468,453337,521497,445174,471629,539841,0,0,0,0,0,0,0,66497,0,83.17,83.30,83.45
4,0,0,0,0,97273,97273,97273,6,6,6,591,591,591,0.00,0.00,0.00,0.00,0.00,0.00,0.00,0.00,0.00,0.00,0.00,0.00,0.00,0.00,0.00,0.00,0.00,0.00,0.00,0.00,0.00,26204,406700,835944,44548,425044,854287,0,0,0,0,0,0,0,86036,0,95.60,95.69,95.76
4,1,0,0,0,97276,97276,97276,3,3,3,591,591,591,0.00,0.00,0.00,0.00,0.00,0.00,0.00,0.00,0.00,0.00,0.00,0.00,0.00,0.00,0.00,0.00,0.00,0.00,0.00,0.00,0.00,327557,369483,440236,345900,388350,458580,0,0,0,0,0,0,0,79604,0,99.50,99.59,99.68
4,2,0,0,0,97275,97275,97275,4,4,4,591,591,591,0.00,0.00,0.00,0.00,0.00,0.00,0.00,0.00,0.00,0.00,0.00,0.00,0.00,0.00,0.00,0.00,0.00,0.00,0.00,0.00,0.00,322323,343802,416661,340667,362145,435005,0,0,0,0,0,0,0,76958,0,96.10,96.17,96.28
4,3,0,0,0,97275,97275,97275,4,4,4,591,591,591,0.00,0.00,0.00,0.00,0.00,0.00,0.00,0.00,0.00,0.00,0.00,0.00,0.00,0.00,0.00,0.00,0.00,0.00,0.00,0.00,0.00,408795,436575,508379,427138,454918,526723,0,0,0,0,0,0,0,67072,0,83.82,84.00,84.16
5,0,0,0,0,97273,97273,97273,6,6,6,591,591,591,0.00,0.00,0.00,0.00,0.00,0.00,0.00,0.00,0.00,0.00,0.00,0.00,0.00,0.00,0.00,0.00,0.00,0.00,0.00,0.00,0.00,314460,359000,421889,332803,377343,440232,0,0,0,0,0,0,0,76229,0,95.35,95.48,95.67
5,1,0,0,0,97276,97276,97276,3,3,3,591,591,591,0.00,0.00,0.00,0.00,0.00,0.00,0.00,0.00,0.00,0.00,0.00,0.00,0.00,0.00,0.00,0.00,0.00,0.00,0.00,0.00,0.00,307670,354099,520754,326398,372375,538800,0,0,0,0,0,0,0,79339,0,99.20,99.29,99.40
5,2,0,0,0,97275,97275,97275,4,4,4,591,591,591,0.00,0.00,0.00,0.00,0.00,0.00,0.00,0.00,0.00,0.00,0.00,0.00,0.00,0.00,0.00,0.00,0.00,0.00,0.00,0.00,0.00,319699,356911,424518,335422,375254,442861,0,0,0,0,0,0,0,86575,0,96.19,96.21,96.24
5,3,0,0,0,97275,97275,97275,4,4,4,591,591,591,0.00,0.00,0.00,0.00,0.00,0.00,0.00,0.00,0.00,0.00,0.00,0.00,0.00,0.00,0.00,0.00,0.00,0.00,0.00,0.00,0.00,146749,546627,948620,165092,564445,966963,0,0,0,0,0,0,0,75011,0,83.33,83.45,83.55
6,0,0,0,0,97273,97273,97273,6,6,6,591,591,591,0.00,0.00,0.00,0.00,0.00,0.00,0.00,0.00,0.00,0.00,0.00,0.00,0.00,0.00,0.00,0.00,0.00,0.00,0.00,0.00,0.00,315023,341300,424519,330516,359073,442862,0,0,0,0,0,0,0,76441,0,95.37,95.53,95.64
6,1,0,0,0,97276,97276,97276,3,3,3,591,591,591,0.00,0.00,0.00,0.00,0.00,0.00,0.00,0.00,0.00,0.00,0.00,0.00,0.00,0.00,0.00,0.00,0.00,0.00,0.00,0.00,0.00,317078,444954,773039,332801,462773,791382,0,0,0,0,0,0,0,89167,0,99.11,99.14,99.19
6,2,0,0,0,97275,97275,97275,4,4,4,591,591,591,0.00,0.00,0.00,0.00,0.00,0.00,0.00,0.00,0.00,0.00,0.00,0.00,0.00,0.00,0.00,0.00,0.00,0.00,0.00,0.00,0.00,20963,413742,1071793,36686,431522,1092757,0,0,0,0,0,0,0,76836,0,96.04,96.08,96.15
6,3,0,0,0,97275,97275,97275,4,4,4,591,591,591,0.00,0.00,0.00,0.00,0.00,0.00,0.00,0.00,0.00,0.00,0.00,0.00,0.00,0.00,0.00,0.00,0.00,0.00,0.00,0.00,0.00,408801,445486,518861,427145,464354,537205,0,0,0,0,0,0,0,66664,0,83.44,83.55,83.61
7,0,0,0,0,97273,97273,97273,6,6,6,591,591,591,0.00,0.00,0.00,0.00,0.00,0.00,0.00,0.00,0.00,0.00,0.00,0.00,0.00,0.00,0.00,0.00,0.00,0.00,0.00,0.00,0.00,307774,348504,458587,326508,367886,474310,0,0,0,0,0,0,0,76449,0,95.58,95.62,95.64
7,1,0,0,0,97276,97276,97276,3,3,3,591,591,591,0.00,0.00,0.00,0.00,0.00,0.00,0.00,0.00,0.00,0.00,0.00,0.00,0.00,0.00,0.00,0.00,0.00,0.00,0.00,0.00,0.00,319695,403548,621041,338038,423464,647246,0,0,0,0,0,0,0,79197,0,99.15,99.16,99.19
7,2,0,0,0,97275,97275,97275,4,4,4,591,591,591,0.00,0.00,0.00,0.00,0.00,0.00,0.00,0.00,0.00,0.00,0.00,0.00,0.00,0.00,0.00,0.00,0.00,0.00,0.00,0.00,0.00,330185,412986,552903,348526,432901,576486,0,0,0,0,0,0,0,77004,0,96.08,96.19,96.28
7,3,0,0,0,97275,97275,97275,4,4,4,591,591,591,0.00,0.00,0.00,0.00,0.00,0.00,0.00,0.00,0.00,0.00,0.00,0.00,0.00,0.00,0.00,0.00,0.00,0.00,0.00,0.00,0.00,409967,520223,828063,427903,540060,854268,0,0,0,0,0,0,0,66924,0,83.35,83.47,83.60
8,0,0,0,0,97273,97273,97273,6,6,6,591,591,591,0.00,0.00,0.00,0.00,0.00,0.00,0.00,0.00,0.00,0.00,0.00,0.00,0.00,0.00,0.00,0.00,0.00,0.00,0.00,0.00,0.00,317082,514654,830706,335426,533521,849050,0,0,0,0,0,0,0,76345,0,95.44,95.49,95.52
8,1,0,0,0,97276,97276,97276,3,3,3,591,591,591,0.00,0.00,0.00,0.00,0.00,0.00,0.00,0.00,0.00,0.00,0.00,0.00,0.00,0.00,0.00,0.00,0.00,0.00,0.00,0.00,0.00,314459,350611,453342,332803,368953,471685,0,0,0,0,0,0,0,79128,0,99.03,99.08,99.17
8,2,0,0,0,97275,97275,97275,4,4,4,591,591,591,0.00,0.00,0.00,0.00,0.00,0.00,0.00,0.00,0.00,0.00,0.00,0.00,0.00,0.00,0.00,0.00,0.00,0.00,0.00,0.00,0.00,322321,374727,471693,338044,393070,492657,0,0,0,0,0,0,0,76989,0,96.24,96.26,96.31
8,3,0,0,0,97275,97275,97275,4,4,4,591,591,591,0.00,0.00,0.00,0.00,0.00,0.00,0.00,0.00,0.00,0.00,0.00,0.00,0.00,0.00,0.00,0.00,0.00,0.00,0.00,0.00,0.00,416652,457538,529345,434996,475882,547689,0,0,0,0,0,0,0,74607,0,82.97,83.28,83.53
9,0,0,0,0,97273,97273,97273,6,6,6,591,591,591,0.00,0.00,0.00,0.00,0.00,0.00,0.00,0.00,0.00,0.00,0.00,0.00,0.00,0.00,0.00,0.00,0.00,0.00,0.00,0.00,0.00,306596,341712,442868,324939,360055,461211,0,0,0,0,0,0,0,76378,0,95.44,95.45,95.47
9,1,0,0,0,97276,97276,97276,3,3,3,591,591,591,0.00,0.00,0.00,0.00,0.00,0.00,0.00,0.00,0.00,0.00,0.00,0.00,0.00,0.00,0.00,0.00,0.00,0.00,0.00,0.00,0.00,305156,355306,484780,323106,372906,505743,0,0,0,0,0,0,0,89210,0,99.09,99.20,99.23
9,2,0,0,0,97275,97275,97275,4,4,4,591,591,591,0.00,0.00,0.00,0.00,0.00,0.00,0.00,0.00,0.00,0.00,0.00,0.00,0.00,0.00,0.00,0.00,0.00,0.00,0.00,0.00,0.00,319676,496302,1090054,338018,514645,1108397,0,0,0,0,0,0,0,67390,0,96.23,96.26,96.28
9,3,0,0,0,97275,97275,97275,4,4,4,591,591,591,0.00,0.00,0.00,0.00,0.00,0.00,0.00,0.00,0.00,0.00,0.00,0.00,0.00,0.00,0.00,0.00,0.00,0.00,0.00,0.00,0.00,414034,596950,1132070,432378,614769,1147793,0,0,0,0,0,0,0,50205,0,82.95,83.17,83.43
10,0,0,0,0,97273,97273,97273,6,6,6,591,591,591,0.00,0.00,0.00,0.00,0.00,0.00,0.00,0.00,0.00,0.00,0.00,0.00,0.00,0.00,0.00,0.00,0.00,0.00,0.00,0.00,0.00,209637,320360,437625,221866,337101,455968,0,0,0,0,0,0,0,57414,0,95.39,95.46,95.51
10,1,0,0,0,97276,97276,97276,3,3,3,591,591,591,0.00,0.00,0.00,0.00,0.00,0.00,0.00,0.00,0.00,0.00,0.00,0.00,0.00,0.00,0.00,0.00,0.00,0.00,0.00,0.00,0.00,319698,436962,744210,338041,454650,762553,0,0,0,0,0,0,0,59527,0,99.12,99.17,99.21
10,2,0,0,0,97275,97275,97275,4,4,4,591,591,591,0.00,0.00,0.00,0.00,0.00,0.00,0.00,0.00,0.00,0.00,0.00,0.00,0.00,0.00,0.00,0.00,0.00,0.00,0.00,0.00,0.00,221868,359887,591402,235844,377072,609480,0,0,0,0,0,0,0,76959,0,96.30,96.33,96.39
10,3,0,0,0,97275,97275,97275,4,4,4,591,591,591,0.00,0.00,0.00,0.00,0.00,0.00,0.00,0.00,0.00,0.00,0.00,0.00,0.00,0.00,0.00,0.00,0.00,0.00,0.00,0.00,0.00,414041,501153,676071,432384,519496,694414,0,0,0,0,0,0,0,66811,0,83.36,83.43,83.50
11,0,0,0,0,97273,97273,97273,6,6,6,591,591,591,0.00,0.00,0.00,0.00,0.00,0.00,0.00,0.00,0.00,0.00,0.00,0.00,0.00,0.00,0.00,0.00,0.00,0.00,0.00,0.00,0.00,313129,384839,539834,330949,403696,558177,0,0,0,0,0,0,0,86077,0,95.64,95.68,95.73
11,1,0,0,0,97276,97276,97276,3,3,3,591,591,591,0.00,0.00,0.00,0.00,0.00,0.00,0.00,0.00,0.00,0.00,0.00,0.00,0.00,0.00,0.00,0.00,0.00,0.00,0.00,0.00,0.00,317045,362141,429757,335386,380484,448100,0,0,0,0,0,0,0,79358,0,99.19,99.26,99.30
11,2,0,0,0,97275,97275,97275,4,4,4,591,591,591,0.00,0.00,0.00,0.00,0.00,0.00,0.00,0.00,0.00,0.00,0.00,0.00,0.00,0.00,0.00,0.00,0.00,0.00,0.00,0.00,0.00,322321,373147,448102,338044,390966,463825,0,0,0,0,0,0,0,76890,0,96.18,96.25,96.34
11,3,0,0,0,97275,97275,97275,4,4,4,591,591,591,0.00,0.00,0.00,0.00,0.00,0.00,0.00,0.00,0.00,0.00,0.00,0.00,0.00,0.00,0.00,0.00,0.00,0.00,0.00,0.00,0.00,338924,404347,435534,351153,421397,456151,0,0,0,0,0,0,0,67651,0,83.61,84.11,84.50
12,0,0,0,0,97273,97273,97273,6,6,6,591,591,591,0.00,0.00,0.00,0.00,0.00,0.00,0.00,0.00,0.00,0.00,0.00,0.00,0.00,0.00,0.00,0.00,0.00,0.00,0.00,0.00,0.00,319702,498413,932880,338046,516756,953844,0,0,0,0,0,0,0,76375,0,95.58,95.62,95.66
12,1,0,0,0,97276,97276,97276,3,3,3,591,591,591,0.00,0.00,0.00,0.00,0.00,0.00,0.00,0.00,0.00,0.00,0.00,0.00,0.00,0.00,0.00,0.00,0.00,0.00,0.00,0.00,0.00,314453,363197,476924,335416,381540,492646,0,0,0,0,0,0,0,79357,0,99.14,99.19,99.24
12,2,0,0,0,97275,97275,97275,4,4,4,591,591,591,0.00,0.00,0.00,0.00,0.00,0.00,0.00,0.00,0.00,0.00,0.00,0.00,0.00,0.00,0.00,0.00,0.00,0.00,0.00,0.00,0.00,322311,345905,414030,340654,364248,429752,0,0,0,0,0,0,0,76930,0,96.11,96.13,96.17
12,3,0,0,0,97275,97275,97275,4,4,4,591,591,591,0.00,0.00,0.00,0.00,0.00,0.00,0.00,0.00,0.00,0.00,0.00,0.00,0.00,0.00,0.00,0.00,0.00,0.00,0.00,0.00,0.00,421901,622094,1210670,442863,640437,1229013,0,0,0,0,0,0,0,74872,0,83.19,83.61,84.21
13,0,0,0,0,97273,97273,97273,6,6,6,591,591,591,0.00,0.00,0.00,0.00,0.00,0.00,0.00,0.00,0.00,0.00,0.00,0.00,0.00,0.00,0.00,0.00,0.00,0.00,0.00,0.00,0.00,317078,342226,421849,332806,360045,440190,0,0,0,0,0,0,0,76469,0,95.56,95.59,95.62
13,1,0,0,0,97276,97276,97276,3,3,3,591,591,591,0.00,0.00,0.00,0.00,0.00,0.00,0.00,0.00,0.00,0.00,0.00,0.00,0.00,0.00,0.00,0.00,0.00,0.00,0.00,0.00,0.00,304687,322795,351139,322762,339861,369482,0,0,0,0,0,0,0,89255,0,99.23,99.26,99.28
13,2,0,0,0,97275,97275,97275,4,4,4,591,591,591,0.00,0.00,0.00,0.00,0.00,0.00,0.00,0.00,0.00,0.00,0.00,0.00,0.00,0.00,0.00,0.00,0.00,0.00,0.00,0.00,0.00,324943,443912,812339,343286,462256,828061,0,0,0,0,0,0,0,76852,0,96.08,96.12,96.14
13,3,0,0,0,97275,97275,97275,4,4,4,591,591,591,0.00,0.00,0.00,0.00,0.00,0.00,0.00,0.00,0.00,0.00,0.00,0.00,0.00,0.00,0.00,0.00,0.00,0.00,0.00,0.00,0.00,419279,483745,697048,437623,502088,712771,0,0,0,0,0,0,0,66761,0,83.25,83.45,83.54
14,0,0,0,0,97273,97273,97273,6,6,6,591,591,591,0.00,0.00,0.00,0.00,0.00,0.00,0.00,0.00,0.00,0.00,0.00,0.00,0.00,0.00,0.00,0.00,0.00,0.00,0.00,0.00,0.00,204822,337984,429750,216870,354993,448093,0,0,0,0,0,0,0,76408,0,95.58,95.61,95.65
14,1,0,0,0,97276,97276,97276,3,3,3,591,591,591,0.00,0.00,0.00,0.00,0.00,0.00,0.00,0.00,0.00,0.00,0.00,0.00,0.00,0.00,0.00,0.00,0.00,0.00,0.00,0.00,0.00,330178,494743,788760,345903,513086,807103,0,0,0,0,0,0,0,79407,0,99.32,99.35,99.39
14,2,0,0,0,97275,97275,97275,4,4,4,591,591,591,0.00,0.00,0.00,0.00,0.00,0.00,0.00,0.00,0.00,0.00,0.00,0.00,0.00,0.00,0.00,0.00,0.00,0.00,0.00,0.00,0.00,317024,402966,602653,335364,421250,620995,0,0,0,0,0,0,0,76834,0,96.07,96.10,96.13
14,3,0,0,0,97275,97275,97275,4,4,4,591,591,591,0.00,0.00,0.00,0.00,0.00,0.00,0.00,0.00,0.00,0.00,0.00,0.00,0.00,0.00,0.00,0.00,0.00,0.00,0.00,0.00,0.00,413066,459441,552924,431137,477731,568647,0,0,0,0,0,0,0,66770,0,83.53,83.56,83.60
15,0,0,0,0,97273,97273,97273,6,6,6,591,591,591,0.00,0.00,0.00,0.00,0.00,0.00,0.00,0.00,0.00,0.00,0.00,0.00,0.00,0.00,0.00,0.00,0.00,0.00,0.00,0.00,0.00,307761,465620,801874,326494,484041,820217,0,0,0,0,0,0,0,85990,0,95.56,95.60,95.63
15,1,0,0,0,97276,97276,97276,3,3,3,591,591,591,0.00,0.00,0.00,0.00,0.00,0.00,0.00,0.00,0.00,0.00,0.00,0.00,0.00,0.00,0.00,0.00,0.00,0.00,0.00,0.00,0.00,311801,346802,379968,332763,365137,395691,0,0,0,0,0,0,0,79379,0,99.27,99.30,99.36
15,2,0,0,0,97275,97275,97275,4,4,4,591,591,591,0.00,0.00,0.00,0.00,0.00,0.00,0.00,0.00,0.00,0.00,0.00,0.00,0.00,0.00,0.00,0.00,0.00,0.00,0.00,0.00,0.00,295252,320572,332796,305735,337867,351140,0,0,0,0,0,0,0,76870,0,96.08,96.11,96.14
15,3,0,0,0,97275,97275,97275,4,4,4,591,591,591,0.00,0.00,0.00,0.00,0.00,0.00,0.00,0.00,0.00,0.00,0.00,0.00,0.00,0.00,0.00,0.00,0.00,0.00,0.00,0.00,0.00,277774,400388,505753,290004,418032,524096,0,0,0,0,0,0,0,67108,0,83.53,83.64,83.81
16,0,0,0,0,97273,97273,97273,6,6,6,591,591,591,0.00,0.00,0.00,0.00,0.00,0.00,0.00,0.00,0.00,0.00,0.00,0.00,0.00,0.00,0.00,0.00,0.00,0.00,0.00,0.00,0.00,314112,371120,482168,332435,389457,500512,0,0,0,0,0,0,0,38244,0,95.55,95.56,95.57
16,1,0,0,0,97276,97276,97276,3,3,3,591,591,591,0.00,0.00,0.00,0.00,0.00,0.00,0.00,0.00,0.00,0.00,0.00,0.00,0.00,0.00,0.00,0.00,0.00,0.00,0.00,0.00,0.00,298095,308797,319699,310298,325080,335422,0,0,0,0,0,0,0,49673,0,99.28,99.31,99.35
16,2,0,0,0,97275,97275,97275,4,4,4,591,591,591,0.00,0.00,0.00,0.00,0.00,0.00,0.00,0.00,0.00,0.00,0.00,0.00,0.00,0.00,0.00,0.00,0.00,0.00,0.00,0.00,0.00,317081,356375,424518,332804,374718,442862,0,0,0,0,0,0,0,48011,0,96.06,96.08,96.10
16,3,0,0,0,97275,97275,97275,4,4,4,591,591,591,0.00,0.00,0.00,0.00,0.00,0.00,0.00,0.00,0.00,0.00,0.00,0.00,0.00,0.00,0.00,0.00,0.00,0.00,0.00,0.00,0.00,492653,727627,1155645,510997,745097,1173989,0,0,0,0,0,0,0,33650,0,83.61,83.71,83.84
18,0,0,0,0,97270,97271,97273,6,7,9,591,591,591,0.00,0.00,0.00,0.00,0.00,0.00,0.00,0.00,0.00,0.00,0.00,0.00,0.00,0.00,0.00,0.00,0.00,0.00,0.00,0.00,0.00,3253366,5742111,8230857,3296605,5800327,8304049,0,0,0,0,0,0,0,0,0,95.64,95.65,95.66
18,1,0,0,0,97276,97276,97276,3,3,3,591,591,591,0.00,0.00,0.00,0.00,0.00,0.00,0.00,0.00,0.00,0.00,0.00,0.00,0.00,0.00,0.00,0.00,0.00,0.00,0.00,0.00,0.00,1920730,2754361,3587993,1980998,2824327,3667657,0,0,0,0,0,0,0,0,0,99.32,99.32,99.33
18,2,0,0,0,97275,97275,97275,5,5,5,591,591,591,0.00,0.00,0.00,0.00,0.00,0.00,0.00,0.00,0.00,0.00,0.00,0.00,0.00,0.00,0.00,0.00,0.00,0.00,0.00,0.00,0.00,0,1181019,2362038,0,776980,1553961,0,0,0,0,0,0,0,0,0,96.07,96.08,96.09
18,3,0,0,0,97275,97275,97275,4,4,4,591,591,591,0.00,0.00,0.00,0.00,0.00,0.00,0.00,0.00,0.00,0.00,0.00,0.00,0.00,0.00,0.00,0.00,0.00,0.00,0.00,0.00,0.00,4385524,4385524,4385524,4461360,4461360,4461360,0,0,0,0,0,0,0,0,0,84.45,84.47,84.48
19,0,0,0,0,97270,97270,97270,9,9,9,591,591,591,0.00,0.00,0.00,0.00,0.00,0.00,0.00,0.00,0.00,0.00,0.00,0.00,0.00,0.00,0.00,0.00,0.00,0.00,0.00,0.00,0.00,3400151,4641711,6533898,3525792,4771850,6722679,0,0,0,0,0,0,0,47807,0,95.59,95.60,95.61
19,1,0,0,0,97273,97274,97276,3,5,6,591,591,591,0.00,0.00,0.00,0.00,0.00,0.00,0.00,0.00,0.00,0.00,0.00,0.00,0.00,0.00,0.00,0.00,0.00,0.00,0.00,0.00,0.00,4003590,4577288,5018976,4109818,4706946,5079091,0,0,0,0,0,0,0,49595,0,99.16,99.20,99.26
19,2,0,0,0,97275,97275,97275,5,5,5,591,591,591,0.00,0.00,0.00,0.00,0.00,0.00,0.00,0.00,0.00,0.00,0.00,0.00,0.00,0.00,0.00,0.00,0.00,0.00,0.00,0.00,0.00,0,2061998,3911383,0,2137182,4030369,0,0,0,0,0,0,0,48140,0,96.21,96.24,96.28
19,3,0,0,0,97275,97275,97275,4,4,4,591,591,591,0.00,0.00,0.00,0.00,0.00,0.00,0.00,0.00,0.00,0.00,0.00,0.00,0.00,0.00,0.00,0.00,0.00,0.00,0.00,0.00,0.00,220120,1875338,3532340,817599,2516770,3638957,0,0,0,0,0,0,0,41513,0,83.21,83.54,83.94
22,0,0,0,0,97270,97270,97270,9,9,9,591,591,591,0.00,0.00,0.00,0.00,0.00,0.00,0.00,0.00,0.00,0.00,0.00,0.00,0.00,0.00,0.00,0.00,0.00,0.00,0.00,0.00,0.00,136269,1779444,3348126,151993,1557388,2823746,0,0,0,0,0,0,0,277258,0,95.49,95.57,95.69
22,1,0,0,0,97273,97273,97273,6,6,6,591,591,591,0.00,0.00,0.00,0.00,0.00,0.00,0.00,0.00,0.00,0.00,0.00,0.00,0.00,0.00,0.00,0.00,0.00,0.00,0.00,0.00,0.00,338040,2057392,3205193,351143,2158605,3306828,0,0,0,0,0,0,0,278049,0,99.18,99.35,99.75
22,2,0,0,0,97272,97272,97273,7,7,7,591,591,591,0.00,0.00,0.00,0.00,0.00,0.00,0.00,0.00,0.00,0.00,0.00,0.00,0.00,0.00,0.00,0.00,0.00,0.00,0.00,0.00,0.00,982691,4189365,7350196,1048204,4151174,7496823,0,0,0,0,0,0,0,269499,0,96.29,96.35,96.43
22,3,0,0,0,97273,97273,97275,4,6,7,591,591,591,0.00,0.00,0.00,0.00,0.00,0.00,0.00,0.00,0.00,0.00,0.00,0.00,0.00,0.00,0.00,0.00,0.00,0.00,0.00,0.00,0.00,0,3268981,8535890,15719,3356365,8611001,0,0,0,0,0,0,0,234341,0,82.98,83.60,84.43
23,0,0,0,0,97270,97270,97270,9,9,9,591,591,591,0.00,0.00,0.00,0.00,0.00,0.00,0.00,0.00,0.00,0.00,0.00,0.00,0.00,0.00,0.00,0.00,0.00,0.00,0.00,0.00,0.00,314460,446517,809714,330183,460143,822816,0,0,0,0,0,0,0,76717,0,95.79,95.89,96.00
23,1,0,0,0,97273,97273,97273,6,6,6,591,591,591,0.00,0.00,0.00,0.00,0.00,0.00,0.00,0.00,0.00,0.00,0.00,0.00,0.00,0.00,0.00,0.00,0.00,0.00,0.00,0.00,0.00,314453,347461,469011,327555,361087,482112,0,0,0,0,0,0,0,79559,0,99.46,99.80,99.99
23,2,0,0,0,97272,97272,97272,7,7,7,591,591,591,0.00,0.00,0.00,0.00,0.00,0.00,0.00,0.00,0.00,0.00,0.00,0.00,0.00,0.00,0.00,0.00,0.00,0.00,0.00,0.00,0.00,310444,319900,331058,325838,333474,341323,0,0,0,0,0,0,0,57749,0,96.30,96.38,96.43
23,3,0,0,0,97273,97273,97273,7,7,7,591,591,591,0.00,0.00,0.00,0.00,0.00,0.00,0.00,0.00,0.00,0.00,0.00,0.00,0.00,0.00,0.00,0.00,0.00,0.00,0.00,0.00,0.00,411417,481642,720630,424519,495268,731112,0,0,0,0,0,0,0,75583,0,84.01,84.54,84.83
24,0,0,0,0,97270,97270,97270,9,9,9,591,591,591,0.00,0.00,0.00,0.00,0.00,0.00,0.00,0.00,0.00,0.00,0.00,0.00,0.00,0.00,0.00,0.00,0.00,0.00,0.00,0.00,0.00,303903,358620,421885,317003,372737,437607,0,0,0,0,0,0,0,76407,0,95.40,95.55,95.78
24,1,0,0,0,97273,97273,97273,6,6,6,591,591,591,0.00,0.00,0.00,0.00,0.00,0.00,0.00,0.00,0.00,0.00,0.00,0.00,0.00,0.00,0.00,0.00,0.00,0.00,0.00,0.00,0.00,47167,438136,838536,57649,451762,851638,0,0,0,0,0,0,0,59347,0,99.03,99.13,99.30
24,2,0,0,0,97272,97272,97272,7,7,7,591,591,591,0.00,0.00,0.00,0.00,0.00,0.00,0.00,0.00,0.00,0.00,0.00,0.00,0.00,0.00,0.00,0.00,0.00,0.00,0.00,0.00,0.00,327558,539281,1097909,340656,552907,1113631,0,0,0,0,0,0,0,76790,0,96.10,96.13,96.20
24,3,0,0,0,97273,97273,97273,7,7,7,591,591,591,0.00,0.00,0.00,0.00,0.00,0.00,0.00,0.00,0.00,0.00,0.00,0.00,0.00,0.00,0.00,0.00,0.00,0.00,0.00,0.00,0.00,416648,591690,1090146,429750,605755,1102822,0,0,0,0,0,0,0,49933,0,83.21,83.43,83.75
25,0,0,0,0,97270,97270,97270,9,9,9,591,591,591,0.00,0.00,0.00,0.00,0.00,0.00,0.00,0.00,0.00,0.00,0.00,0.00,0.00,0.00,0.00,0.00,0.00,0.00,0.00,0.00,0.00,319699,347869,421902,330145,354806,435004,0,0,0,0,0,0,0,57434,0,95.49,95.58,95.65
25,1,0,0,0,97273,97273,97273,6,6,6,591,591,591,0.00,0.00,0.00,0.00,0.00,0.00,0.00,0.00,0.00,0.00,0.00,0.00,0.00,0.00,0.00,0.00,0.00,0.00,0.00,0.00,0.00,322314,364765,421894,335416,378391,437616,0,0,0,0,0,0,0,79354,0,99.15,99.19,99.27
25,2,0,0,0,97272,97272,97272,7,7,7,591,591,591,0.00,0.00,0.00,0.00,0.00,0.00,0.00,0.00,0.00,0.00,0.00,0.00,0.00,0.00,0.00,0.00,0.00,0.00,0.00,0.00,0.00,327555,370013,440235,340657,370799,453337,0,0,0,0,0,0,0,76871,0,96.15,96.17,96.19
25,3,0,0,0,97273,97273,97273,7,7,7,591,591,591,0.00,0.00,0.00,0.00,0.00,0.00,0.00,0.00,0.00,0.00,0.00,0.00,0.00,0.00,0.00,0.00,0.00,0.00,0.00,0.00,0.00,414033,516219,728418,427136,529846,741520,0,0,0,0,0,0,0,66219,0,82.86,82.94,83.06
26,0,0,0,0,97270,97270,97270,9,9,9,591,591,591,0.00,0.00,0.00,0.00,0.00,0.00,0.00,0.00,0.00,0.00,0.00,0.00,0.00,0.00,0.00,0.00,0.00,0.00,0.00,0.00,0.00,317044,1597725,3776458,770426,2291785,3813144,0,0,0,0,0,0,0,85942,0,95.44,95.49,95.58
26,1,0,0,0,97273,97273,97273,6,6,6,591,591,591,0.00,0.00,0.00,0.00,0.00,0.00,0.00,0.00,0.00,0.00,0.00,0.00,0.00,0.00,0.00,0.00,0.00,0.00,0.00,0.00,0.00,2586393,4705075,6823757,2662387,4777138,6891890,0,0,0,0,0,0,0,79295,0,99.21,99.24,99.27
26,2,0,0,0,97272,97272,97272,7,7,7,591,591,591,0.00,0.00,0.00,0.00,0.00,0.00,0.00,0.00,0.00,0.00,0.00,0.00,0.00,0.00,0.00,0.00,0.00,0.00,0.00,0.00,0.00,2283087,3357091,4431096,437626,2421083,4513727,0,0,0,0,0,0,0,76835,0,96.07,96.11,96.15
26,3,0,0,0,97273,97273,97273,7,7,7,591,591,591,0.00,0.00,0.00,0.00,0.00,0.00,0.00,0.00,0.00,0.00,0.00,0.00,0.00,0.00,0.00,0.00,0.00,0.00,0.00,0.00,0.00,2438645,3065030,3691415,2466332,3124721,3783111,0,0,0,0,0,0,0,66488,0,82.92,83.09,83.18
27,0,0,0,0,97270,97270,97270,9,9,9,591,591,591,0.00,0.00,0.00,0.00,0.00,0.00,0.00,0.00,0.00,0.00,0.00,0.00,0.00,0.00,0.00,0.00,0.00,0.00,0.00,0.00,0.00,319694,341922,387830,332796,355536,403553,0,0,0,0,0,0,0,76361,0,95.42,95.44,95.46
27,1,0,0,0,97273,97273,97273,6,6,6,591,591,591,0.00,0.00,0.00,0.00,0.00,0.00,0.00,0.00,0.00,0.00,0.00,0.00,0.00,0.00,0.00,0.00,0.00,0.00,0.00,0.00,0.00,0,274623,400932,10481,290346,416654,0,0,0,0,0,0,0,89440,0,99.24,99.32,99.38
27,2,0,0,0,97272,97272,97272,7,7,7,591,591,591,0.00,0.00,0.00,0.00,0.00,0.00,0.00,0.00,0.00,0.00,0.00,0.00,0.00,0.00,0.00,0.00,0.00,0.00,0.00,0.00,0.00,110056,382583,728502,123158,400402,741605,0,0,0,0,0,0,0,76795,0,96.06,96.12,96.19
27,3,0,0,0,97273,97273,97273,7,7,7,591,591,591,0.00,0.00,0.00,0.00,0.00,0.00,0.00,0.00,0.00,0.00,0.00,0.00,0.00,0.00,0.00,0.00,0.00,0.00,0.00,0.00,0.00,421901,685706,1214266,435003,699847,1227323,0,0,0,0,0,0,0,74786,0,82.97,83.02,83.10
28,0,0,0,0,97270,97270,97270,9,9,9,591,591,591,0.00,0.00,0.00,0.00,0.00,0.00,0.00,0.00,0.00,0.00,0.00,0.00,0.00,0.00,0.00,0.00,0.00,0.00,0.00,0.00,0.00,317075,492114,998392,332798,513077,1040320,0,0,0,0,0,0,0,76474,0,95.52,95.59,95.64
28,1,0,0,0,97273,97273,97273,6,6,6,591,591,591,0.00,0.00,0.00,0.00,0.00,0.00,0.00,0.00,0.00,0.00,0.00,0.00,0.00,0.00,0.00,0.00,0.00,0.00,0.00,0.00,0.00,317072,506781,883085,332795,528268,927633,0,0,0,0,0,0,0,79485,0,99.25,99.30,99.34
28,2,0,0,0,97272,97272,97272,7,7,7,591,591,591,0.00,0.00,0.00,0.00,0.00,0.00,0.00,0.00,0.00,0.00,0.00,0.00,0.00,0.00,0.00,0.00,0.00,0.00,0.00,0.00,0.00,330182,536110,668213,340664,556548,712761,0,0,0,0,0,0,0,76879,0,95.97,96.05,96.11
28,3,0,0,0,97273,97273,97273,7,7,7,591,591,591,0.00,0.00,0.00,0.00,0.00,0.00,0.00,0.00,0.00,0.00,0.00,0.00,0.00,0.00,0.00,0.00,0.00,0.00,0.00,0.00,0.00,393006,653934,883104,406106,674756,901448,0,0,0,0,0,0,0,66450,0,83.07,83.14,83.17
29,0,0,0,0,97270,97270,97270,9,9,9,591,591,591,0.00,0.00,0.00,0.00,0.00,0.00,0.00,0.00,0.00,0.00,0.00,0.00,0.00,0.00,0.00,0.00,0.00,0.00,0.00,0.00,0.00,107439,457541,720643,123162,470643,733745,0,0,0,0,0,0,0,76602,0,95.61,95.66,95.68
29,1,0,0,0,97273,97273,97273,6,6,6,591,591,591,0.00,0.00,0.00,0.00,0.00,0.00,0.00,0.00,0.00,0.00,0.00,0.00,0.00,0.00,0.00,0.00,0.00,0.00,0.00,0.00,0.00,309217,363718,508364,324940,377344,521466,0,0,0,0,0,0,0,79583,0,99.28,99.35,99.40
29,2,0,0,0,97272,97272,97272,7,7,7,591,591,591,0.00,0.00,0.00,0.00,0.00,0.00,0.00,0.00,0.00,0.00,0.00,0.00,0.00,0.00,0.00,0.00,0.00,0.00,0.00,0.00,0.00,322313,332272,348527,338036,346422,361630,0,0,0,0,0,0,0,76963,0,96.14,96.21,96.24
29,3,0,0,0,97273,97273,97273,7,7,7,591,591,591,0.00,0.00,0.00,0.00,0.00,0.00,0.00,0.00,0.00,0.00,0.00,0.00,0.00,0.00,0.00,0.00,0.00,0.00,0.00,0.00,0.00,414040,452820,534583,427143,466446,547685,0,0,0,0,0,0,0,66822,0,83.06,83.19,83.42
30,0,0,0,0,97270,97270,97270,9,9,9,591,591,591,0.00,0.00,0.00,0.00,0.00,0.00,0.00,0.00,0.00,0.00,0.00,0.00,0.00,0.00,0.00,0.00,0.00,0.00,0.00,0.00,0.00,311840,339584,427141,323410,353154,440244,0,0,0,0,0,0,0,76373,0,95.51,95.60,95.69
30,1,0,0,0,97273,97273,97273,6,6,6,591,591,591,0.00,0.00,0.00,0.00,0.00,0.00,0.00,0.00,0.00,0.00,0.00,0.00,0.00,0.00,0.00,0.00,0.00,0.00,0.00,0.00,0.00,314449,390424,537193,327551,404049,550295,0,0,0,0,0,0,0,69467,0,99.27,99.33,99.41
30,2,0,0,0,97272,97272,97272,7,7,7,591,591,591,0.00,0.00,0.00,0.00,0.00,0.00,0.00,0.00,0.00,0.00,0.00,0.00,0.00,0.00,0.00,0.00,0.00,0.00,0.00,0.00,0.00,316457,486084,1077030,331770,499652,1090133,0,0,0,0,0,0,0,67254,0,96.10,96.14,96.17
30,3,0,0,0,97273,97273,97273,7,7,7,591,591,591,0.00,0.00,0.00,0.00,0.00,0.00,0.00,0.00,0.00,0.00,0.00,0.00,0.00,0.00,0.00,0.00,0.00,0.00,0.00,0.00,0.00,408788,439706,531905,421890,453332,547626,0,0,0,0,0,0,0,66291,0,83.00,83.28,83.49
31,0,0,0,0,97270,97270,97270,9,9,9,591,591,591,0.00,0.00,0.00,0.00,0.00,0.00,0.00,0.00,0.00,0.00,0.00,0.00,0.00,0.00,0.00,0.00,0.00,0.00,0.00,0.00,0.00,305053,345071,479550,321109,359288,495273,0,0,0,0,0,0,0,57393,0,95.60,95.66,95.70
31,1,0,0,0,97273,97273,97273,6,6,6,591,591,591,0.00,0.00,0.00,0.00,0.00,0.00,0.00,0.00,0.00,0.00,0.00,0.00,0.00,0.00,0.00,0.00,0.00,0.00,0.00,0.00,0.00,319695,420263,787136,335418,433876,800946,0,0,0,0,0,0,0,79448,0,99.32,99.34,99.35
31,2,0,0,0,97272,97272,97272,7,7,7,591,591,591,0.00,0.00,0.00,0.00,0.00,0.00,0.00,0.00,0.00,0.00,0.00,0.00,0.00,0.00,0.00,0.00,0.00,0.00,0.00,0.00,0.00,317075,345373,435005,330193,359000,448108,0,0,0,0,0,0,0,76888,0,96.01,96.07,96.11
31,3,0,0,0,97273,97273,97273,7,7,7,591,591,591,0.00,0.00,0.00,0.00,0.00,0.00,0.00,0.00,0.00,0.00,0.00,0.00,0.00,0.00,0.00,0.00,0.00,0.00,0.00,0.00,0.00,151984,537513,919807,165086,550581,932909,0,0,0,0,0,0,0,50296,0,82.96,83.30,83.61
32,0,0,0,0,97270,97270,97270,9,9,9,591,591,591,0.00,0.00,0.00,0.00,0.00,0.00,0.00,0.00,0.00,0.00,0.00,0.00,0.00,0.00,0.00,0.00,0.00,0.00,0.00,0.00,0.00,322330,430807,545062,338054,444958,558165,0,0,0,0,0,0,0,86171,0,95.58,95.70,95.74
32,1,0,0,0,97273,97273,97273,6,6,6,591,591,591,0.00,0.00,0.00,0.00,0.00,0.00,0.00,0.00,0.00,0.00,0.00,0.00,0.00,0.00,0.00,0.00,0.00,0.00,0.00,0.00,0.00,330172,362669,411406,343274,376820,421887,0,0,0,0,0,0,0,79320,0,99.17,99.19,99.26
32,2,0,0,0,97272,97272,97272,7,7,7,591,591,591,0.00,0.00,0.00,0.00,0.00,0.00,0.00,0.00,0.00,0.00,0.00,0.00,0.00,0.00,0.00,0.00,0.00,0.00,0.00,0.00,0.00,317082,341712,408797,330185,355862,424520,0,0,0,0,0,0,0,76854,0,95.99,96.04,96.06
32,3,0,0,0,97273,97273,97273,7,7,7,591,591,591,0.00,0.00,0.00,0.00,0.00,0.00,0.00,0.00,0.00,0.00,0.00,0.00,0.00,0.00,0.00,0.00,0.00,0.00,0.00,0.00,0.00,382604,472736,683953,395707,486887,699676,0,0,0,0,0,0,0,66605,0,83.29,83.49,83.71
33,0,0,0,0,97270,97270,97270,9,9,9,591,591,591,0.00,0.00,0.00,0.00,0.00,0.00,0.00,0.00,0.00,0.00,0.00,0.00,0.00,0.00,0.00,0.00,0.00,0.00,0.00,0.00,0.00,311809,480849,859505,324910,462246,872608,0,0,0,0,0,0,0,76611,0,95.56,95.64,95.71
33,1,0,0,0,97273,97273,97273,6,6,6,591,591,591,0.00,0.00,0.00,0.00,0.00,0.00,0.00,0.00,0.00,0.00,0.00,0.00,0.00,0.00,0.00,0.00,0.00,0.00,0.00,0.00,0.00,314453,365805,534522,327555,379431,547623,0,0,0,0,0,0,0,79432,0,99.22,99.28,99.35
33,2,0,0,0,97272,97272,97272,7,7,7,591,591,591,0.00,0.00,0.00,0.00,0.00,0.00,0.00,0.00,0.00,0.00,0.00,0.00,0.00,0.00,0.00,0.00,0.00,0.00,0.00,0.00,0.00,319703,348524,437610,335426,366212,450713,0,0,0,0,0,0,0,76943,0,96.07,96.17,96.21
33,3,0,0,0,97273,97273,97273,7,7,7,591,591,591,0.00,0.00,0.00,0.00,0.00,0.00,0.00,0.00,0.00,0.00,0.00,0.00,0.00,0.00,0.00,0.00,0.00,0.00,0.00,0.00,0.00,416653,450724,547684,427135,464351,560787,0,0,0,0,0,0,0,66739,0,83.22,83.37,83.50
34,0,0,0,0,97270,97270,97270,9,9,9,591,591,591,0.00,0.00,0.00,0.00,0.00,0.00,0.00,0.00,0.00,0.00,0.00,0.00,0.00,0.00,0.00,0.00,0.00,0.00,0.00,0.00,0.00,223609,319725,432373,232344,355971,450842,0,0,0,0,0,0,0,76838,0,95.73,95.79,95.89
34,1,0,0,0,97273,97273,97273,6,6,6,591,591,591,0.00,0.00,0.00,0.00,0.00,0.00,0.00,0.00,0.00,0.00,0.00,0.00,0.00,0.00,0.00,0.00,0.00,0.00,0.00,0.00,0.00,230580,416826,731995,240752,429793,747352,0,0,0,0,0,0,0,89339,0,99.35,99.38,99.42
34,2,0,0,0,97272,97272,97272,7,7,7,591,591,591,0.00,0.00,0.00,0.00,0.00,0.00,0.00,0.00,0.00,0.00,0.00,0.00,0.00,0.00,0.00,0.00,0.00,0.00,0.00,0.00,0.00,253280,457357,1056079,261895,471662,1071803,0,0,0,0,0,0,0,76951,0,96.15,96.20,96.22
34,3,0,0,0,97273,97273,97273,7,7,7,591,591,591,0.00,0.00,0.00,0.00,0.00,0.00,0.00,0.00,0.00,0.00,0.00,0.00,0.00,0.00,0.00,0.00,0.00,0.00,0.00,0.00,0.00,440243,517632,635896,455966,530909,644630,0,0,0,0,0,0,0,75076,0,83.35,83.46,83.54
35,0,0,0,0,97270,97270,97270,9,9,9,591,591,591,0.00,0.00,0.00,0.00,0.00,0.00,0.00,0.00,0.00,0.00,0.00,0.00,0.00,0.00,0.00,0.00,0.00,0.00,0.00,0.00,0.00,317077,369942,442864,330179,360571,455967,0,0,0,0,0,0,0,76851,0,95.88,95.99,96.07
35,1,0,0,0,97273,97273,97273,6,6,6,591,591,591,0.00,0.00,0.00,0.00,0.00,0.00,0.00,0.00,0.00,0.00,0.00,0.00,0.00,0.00,0.00,0.00,0.00,0.00,0.00,0.00,0.00,317073,343927,400930,330176,357093,414032,0,0,0,0,0,0,0,79407,0,99.19,99.23,99.27
35,2,0,0,0,97272,97272,97272,7,7,7,591,591,591,0.00,0.00,0.00,0.00,0.00,0.00,0.00,0.00,0.00,0.00,0.00,0.00,0.00,0.00,0.00,0.00,0.00,0.00,0.00,0.00,0.00,324929,346429,411420,338027,360054,427143,0,0,0,0,0,0,0,76870,0,96.15,96.19,96.23
35,3,0,0,0,97273,97273,97273,7,7,7,591,591,591,0.00,0.00,0.00,0.00,0.00,0.00,0.00,0.00,0.00,0.00,0.00,0.00,0.00,0.00,0.00,0.00,0.00,0.00,0.00,0.00,0.00,144110,533014,870007,159832,546634,880489,0,0,0,0,0,0,0,67224,0,83.40,83.62,83.89
36,0,0,0,0,97270,97270,97270,9,9,9,591,591,591,0.00,0.00,0.00,0.00,0.00,0.00,0.00,0.00,0.00,0.00,0.00,0.00,0.00,0.00,0.00,0.00,0.00,0.00,0.00,0.00,0.00,319663,469584,807110,332800,517285,820213,0,0,0,0,0,0,0,85903,0,95.57,95.83,96.01
36,1,0,0,0,97273,97273,97273,6,6,6,591,591,591,0.00,0.00,0.00,0.00,0.00,0.00,0.00,0.00,0.00,0.00,0.00,0.00,0.00,0.00,0.00,0.00,0.00,0.00,0.00,0.00,0.00,319696,350083,400886,332798,363709,416607,0,0,0,0,0,0,0,79310,0,99.26,99.31,99.36
36,2,0,0,0,97272,97272,97272,7,7,7,591,591,591,0.00,0.00,0.00,0.00,0.00,0.00,0.00,0.00,0.00,0.00,0.00,0.00,0.00,0.00,0.00,0.00,0.00,0.00,0.00,0.00,0.00,314460,344324,421906,327562,356379,435009,0,0,0,0,0,0,0,76730,0,96.09,96.13,96.16
36,3,0,0,0,97273,97273,97273,7,7,7,591,591,591,0.00,0.00,0.00,0.00,0.00,0.00,0.00,0.00,0.00,0.00,0.00,0.00,0.00,0.00,0.00,0.00,0.00,0.00,0.00,0.00,0.00,416635,473783,534581,429736,487409,550304,0,0,0,0,0,0,0,66458,0,83.51,83.84,84.05
37,0,0,0,0,97270,97270,97270,9,9,9,591,591,591,0.00,0.00,0.00,0.00,0.00,0.00,0.00,0.00,0.00,0.00,0.00,0.00,0.00,0.00,0.00,0.00,0.00,0.00,0.00,0.00,0.00,317081,378924,490036,330184,360056,461206,0,0,0,0,0,0,0,76354,0,95.56,95.60,95.64
37,1,0,0,0,97273,97273,97273,6,6,6,591,591,591,0.00,0.00,0.00,0.00,0.00,0.00,0.00,0.00,0.00,0.00,0.00,0.00,0.00,0.00,0.00,0.00,0.00,0.00,0.00,0.00,0.00,314456,352188,487400,327558,366339,503123,0,0,0,0,0,0,0,79216,0,99.18,99.23,99.27
37,2,0,0,0,97272,97272,97272,7,7,7,591,591,591,0.00,0.00,0.00,0.00,0.00,0.00,0.00,0.00,0.00,0.00,0.00,0.00,0.00,0.00,0.00,0.00,0.00,0.00,0.00,0.00,0.00,319704,359530,414045,335427,359531,429768,0,0,0,0,0,0,0,67121,0,95.91,95.99,96.05
37,3,0,0,0,97273,97273,97273,7,7,7,591,591,591,0.00,0.00,0.00,0.00,0.00,0.00,0.00,0.00,0.00,0.00,0.00,0.00,0.00,0.00,0.00,0.00,0.00,0.00,0.00,0.00,0.00,416658,456999,560703,429761,470625,573803,0,0,0,0,0,0,0,66818,0,83.33,83.49,83.65
38,0,0,0,0,97270,97270,97270,9,9,9,591,591,591,0.00,0.00,0.00,0.00,0.00,0.00,0.00,0.00,0.00,0.00,0.00,0.00,0.00,0.00,0.00,0.00,0.00,0.00,0.00,0.00,0.00,310639,336755,410401,324028,352531,425791,0,0,0,0,0,0,0,58052,0,95.49,95.82,96.22
38,1,0,0,0,97273,97273,97273,6,6,6,591,591,591,0.00,0.00,0.00,0.00,0.00,0.00,0.00,0.00,0.00,0.00,0.00,0.00,0.00,0.00,0.00,0.00,0.00,0.00,0.00,0.00,0.00,312693,552452,817494,325615,567474,833215,0,0,0,0,0,0,0,59685,0,99.05,99.15,99.30
38,2,0,0,0,97272,97272,97272,7,7,7,591,591,591,0.00,0.00,0.00,0.00,0.00,0.00,0.00,0.00,0.00,0.00,0.00,0.00,0.00,0.00,0.00,0.00,0.00,0.00,0.00,0.00,0.00,327564,590587,1039123,338046,567675,1051348,0,0,0,0,0,0,0,77072,0,95.93,96.02,96.17
38,3,0,0,0,97273,97273,97273,7,7,7,591,591,591,0.00,0.00,0.00,0.00,0.00,0.00,0.00,0.00,0.00,0.00,0.00,0.00,0.00,0.00,0.00,0.00,0.00,0.00,0.00,0.00,0.00,421904,583715,1008911,437627,599438,1027255,0,0,0,0,0,0,0,75854,0,83.40,83.53,83.71
39,0,0,0,0,97270,97270,97270,9,9,9,591,591,591,0.00,0.00,0.00,0.00,0.00,0.00,0.00,0.00,0.00,0.00,0.00,0.00,0.00,0.00,0.00,0.00,0.00,0.00,0.00,0.00,0.00,303978,333325,427144,317081,346952,440246,0,0,0,0,0,0,0,77460,0,96.33,96.44,96.52
39,1,0,0,0,97273,97273,97273,6,6,6,591,591,591,0.00,0.00,0.00,0.00,0.00,0.00,0.00,0.00,0.00,0.00,0.00,0.00,0.00,0.00,0.00,0.00,0.00,0.00,0.00,0.00,0.00,213129,329810,440234,223611,342911,453336,0,0,0,0,0,0,0,79875,0,99.50,99.66,99.90
39,2,0,0,0,97272,97272,97272,7,7,7,591,591,591,0.00,0.00,0.00,0.00,0.00,0.00,0.00,0.00,0.00,0.00,0.00,0.00,0.00,0.00,0.00,0.00,0.00,0.00,0.00,0.00,0.00,214883,322314,432353,225365,335417,442834,0,0,0,0,0,0,0,77131,0,96.17,96.28,96.37
39,3,0,0,0,97273,97273,97273,7,7,7,591,591,591,0.00,0.00,0.00,0.00,0.00,0.00,0.00,0.00,0.00,0.00,0.00,0.00,0.00,0.00,0.00,0.00,0.00,0.00,0.00,0.00,0.00,384716,545905,728471,397371,558646,737206,0,0,0,0,0,0,0,50633,0,84.20,84.39,84.53
40,0,0,0,0,97270,97270,97270,9,9,9,591,591,591,0.00,0.00,0.00,0.00,0.00,0.00,0.00,0.00,0.00,0.00,0.00,0.00,0.00,0.00,0.00,0.00,0.00,0.00,0.00,0.00,0.00,311835,483211,817588,324937,497362,830691,0,0,0,0,0,0,0,76607,0,95.98,96.38,96.62
40,1,0,0,0,97273,97273,97273,6,6,6,591,591,591,0.00,0.00,0.00,0.00,0.00,0.00,0.00,0.00,0.00,0.00,0.00,0.00,0.00,0.00,0.00,0.00,0.00,0.00,0.00,0.00,0.00,314456,325984,348520,327559,339610,361622,0,0,0,0,0,0,0,79764,0,99.72,99.90,99.97
40,2,0,0,0,97272,97272,97272,7,7,7,591,591,591,0.00,0.00,0.00,0.00,0.00,0.00,0.00,0.00,0.00,0.00,0.00,0.00,0.00,0.00,0.00,0.00,0.00,0.00,0.00,0.00,0.00,306604,353241,406177,322328,366867,421900,0,0,0,0,0,0,0,76864,0,96.22,96.31,96.39
40,3,0,0,0,97273,97273,97273,7,7,7,591,591,591,0.00,0.00,0.00,0.00,0.00,0.00,0.00,0.00,0.00,0.00,0.00,0.00,0.00,0.00,0.00,0.00,0.00,0.00,0.00,0.00,0.00,414042,444949,531955,427144,459099,547678,0,0,0,0,0,0,0,67117,0,83.99,84.23,84.36
41,0,0,0,0,97270,97270,97270,9,9,9,591,591,591,0.00,0.00,0.00,0.00,0.00,0.00,0.00,0.00,0.00,0.00,0.00,0.00,0.00,0.00,0.00,0.00,0.00,0.00,0.00,0.00,0.00,317072,341711,424524,330175,355338,437627,0,0,0,0,0,0,0,76553,0,95.64,95.70,95.82
41,1,0,0,0,97273,97273,97273,6,6,6,591,591,591,0.00,0.00,0.00,0.00,0.00,0.00,0.00,0.00,0.00,0.00,0.00,0.00,0.00,0.00,0.00,0.00,0.00,0.00,0.00,0.00,0.00,314453,387291,518795,327555,400917,531895,0,0,0,0,0,0,0,89335,0,99.38,99.47,99.57
41,2,0,0,0,97272,97272,97272,7,7,7,591,591,591,0.00,0.00,0.00,0.00,0.00,0.00,0.00,0.00,0.00,0.00,0.00,0.00,0.00,0.00,0.00,0.00,0.00,0.00,0.00,0.00,0.00,314459,496839,1116341,327562,510465,1129444,0,0,0,0,0,0,0,86443,0,96.10,96.13,96.16
41,3,0,0,0,97273,97273,97273,7,7,7,591,591,591,0.00,0.00,0.00,0.00,0.00,0.00,0.00,0.00,0.00,0.00,0.00,0.00,0.00,0.00,0.00,0.00,0.00,0.00,0.00,0.00,0.00,403561,443386,550302,416663,456488,563404,0,0,0,0,0,0,0,66824,0,83.55,83.74,83.92
42,0,0,0,0,97270,97270,97270,9,9,9,591,591,591,0.00,0.00,0.00,0.00,0.00,0.00,0.00,0.00,0.00,0.00,0.00,0.00,0.00,0.00,0.00,0.00,0.00,0.00,0.00,0.00,0.00,209551,354414,506474,220029,367472,521978,0,0,0,0,0,0,0,76502,0,95.64,95.65,95.67
42,1,0,0,0,97273,97273,97273,6,6,6,591,591,591,0.00,0.00,0.00,0.00,0.00,0.00,0.00,0.00,0.00,0.00,0.00,0.00,0.00,0.00,0.00,0.00,0.00,0.00,0.00,0.00,0.00,301332,429666,877853,314433,443289,890956,0,0,0,0,0,0,0,79434,0,99.30,99.34,99.38
42,2,0,0,0,97272,97272,97272,7,7,7,591,591,591,0.00,0.00,0.00,0.00,0.00,0.00,0.00,0.00,0.00,0.00,0.00,0.00,0.00,0.00,0.00,0.00,0.00,0.00,0.00,0.00,0.00,309353,378926,594745,322243,393034,607845,0,0,0,0,0,0,0,76879,0,96.06,96.10,96.14
42,3,0,0,0,97273,97273,97273,7,7,7,591,591,591,0.00,0.00,0.00,0.00,0.00,0.00,0.00,0.00,0.00,0.00,0.00,0.00,0.00,0.00,0.00,0.00,0.00,0.00,0.00,0.00,0.00,414040,629939,1231494,427142,644090,1244595,0,0,0,0,0,0,0,75302,0,83.33,83.44,83.60
43,0,0,0,0,97270,97270,97270,9,9,9,591,591,591,0.00,0.00,0.00,0.00,0.00,0.00,0.00,0.00,0.00,0.00,0.00,0.00,0.00,0.00,0.00,0.00,0.00,0.00,0.00,0.00,0.00,317045,396212,547693,330146,409838,560796,0,0,0,0,0,0,0,86012,0,95.57,95.61,95.65
43,1,0,0,0,97273,97273,97273,6,6,6,591,591,591,0.00,0.00,0.00,0.00,0.00,0.00,0.00,0.00,0.00,0.00,0.00,0.00,0.00,0.00,0.00,0.00,0.00,0.00,0.00,0.00,0.00,218370,321434,374685,227104,334710,387785,0,0,0,0,0,0,0,79545,0,99.34,99.38,99.45
43,2,0,0,0,97272,97272,97272,7,7,7,591,591,591,0.00,0.00,0.00,0.00,0.00,0.00,0.00,0.00,0.00,0.00,0.00,0.00,0.00,0.00,0.00,0.00,0.00,0.00,0.00,0.00,0.00,218381,344505,442869,225370,357432,458592,0,0,0,0,0,0,0,76878,0,96.11,96.14,96.17
43,3,0,0,0,97273,97273,97273,7,7,7,591,591,591,0.00,0.00,0.00,0.00,0.00,0.00,0.00,0.00,0.00,0.00,0.00,0.00,0.00,0.00,0.00,0.00,0.00,0.00,0.00,0.00,0.00,270840,432732,613018,281125,445261,625842,0,0,0,0,0,0,0,66701,0,83.42,83.59,83.71
44,0,0,0,0,97270,97270,97270,9,9,9,591,591,591,0.00,0.00,0.00,0.00,0.00,0.00,0.00,0.00,0.00,0.00,0.00,0.00,0.00,0.00,0.00,0.00,0.00,0.00,0.00,0.00,0.00,317077,441811,786130,330180,455438,799232,0,0,0,0,0,0,0,76511,0,95.60,95.63,95.65
44,1,0,0,0,97273,97273,97273,6,6,6,591,591,591,0.00,0.00,0.00,0.00,0.00,0.00,0.00,0.00,0.00,0.00,0.00,0.00,0.00,0.00,0.00,0.00,0.00,0.00,0.00,0.00,0.00,314450,359526,505752,330172,373153,521475,0,0,0,0,0,0,0,79513,0,99.37,99.40,99.44
44,2,0,0,0,97272,97272,97272,7,7,7,591,591,591,0.00,0.00,0.00,0.00,0.00,0.00,0.00,0.00,0.00,0.00,0.00,0.00,0.00,0.00,0.00,0.00,0.00,0.00,0.00,0.00,0.00,317080,343275,421906,330182,356901,435009,0,0,0,0,0,0,0,86504,0,96.09,96.13,96.18
44,3,0,0,0,97273,97273,97273,7,7,7,591,591,591,0.00,0.00,0.00,0.00,0.00,0.00,0.00,0.00,0.00,0.00,0.00,0.00,0.00,0.00,0.00,0.00,0.00,0.00,0.00,0.00,0.00,406180,446530,566027,419283,460156,579129,0,0,0,0,0,0,0,67040,0,83.40,83.57,83.69
45,0,0,0,0,97270,97270,97270,9,9,9,591,591,591,0.00,0.00,0.00,0.00,0.00,0.00,0.00,0.00,0.00,0.00,0.00,0.00,0.00,0.00,0.00,0.00,0.00,0.00,0.00,0.00,0.00,311840,363193,424525,327563,376820,440248,0,0,0,0,0,0,0,76525,0,95.68,95.70,95.76
45,1,0,0,0,97273,97273,97273,6,6,6,591,591,591,0.00,0.00,0.00,0.00,0.00,0.00,0.00,0.00,0.00,0.00,0.00,0.00,0.00,0.00,0.00,0.00,0.00,0.00,0.00,0.00,0.00,317072,440235,754688,330174,453862,767790,0,0,0,0,0,0,0,69676,0,99.48,99.56,99.60
45,2,0,0,0,97272,97272,97272,7,7,7,591,591,591,0.00,0.00,0.00,0.00,0.00,0.00,0.00,0.00,0.00,0.00,0.00,0.00,0.00,0.00,0.00,0.00,0.00,0.00,0.00,0.00,0.00,324789,489455,893595,337885,503080,906698,0,0,0,0,0,0,0,57731,0,96.17,96.21,96.28
45,3,0,0,0,97273,97273,97273,7,7,7,591,591,591,0.00,0.00,0.00,0.00,0.00,0.00,0.00,0.00,0.00,0.00,0.00,0.00,0.00,0.00,0.00,0.00,0.00,0.00,0.00,0.00,0.00,411408,480587,589611,424510,494213,602713,0,0,0,0,0,0,0,74894,0,83.20,83.43,83.69
46,0,0,0,0,97270,97270,97270,9,9,9,591,591,591,0.00,0.00,0.00,0.00,0.00,0.00,0.00,0.00,0.00,0.00,0.00,0.00,0.00,0.00,0.00,0.00,0.00,0.00,0.00,0.00,0.00,296030,358950,432379,309128,373056,445481,0,0,0,0,0,0,0,57550,0,95.59,95.67,95.75
46,1,0,0,0,97273,97273,97273,6,6,6,591,591,591,0.00,0.00,0.00,0.00,0.00,0.00,0.00,0.00,0.00,0.00,0.00,0.00,0.00,0.00,0.00,0.00,0.00,0.00,0.00,0.00,0.00,296050,340056,411410,309150,353664,424513,0,0,0,0,0,0,0,79629,0,99.43,99.49,99.55
46,2,0,0,0,97272,97272,97272,7,7,7,591,591,591,0.00,0.00,0.00,0.00,0.00,0.00,0.00,0.00,0.00,0.00,0.00,0.00,0.00,0.00,0.00,0.00,0.00,0.00,0.00,0.00,0.00,319695,345370,424470,332797,358997,437571,0,0,0,0,0,0,0,77122,0,96.18,96.21,96.27
46,3,0,0,0,97273,97273,97273,7,7,7,591,591,591,0.00,0.00,0.00,0.00,0.00,0.00,0.00,0.00,0.00,0.00,0.00,0.00,0.00,0.00,0.00,0.00,0.00,0.00,0.00,0.00,0.00,309218,561830,1069151,324941,575980,1084873,0,0,0,0,0,0,0,50133,0,83.24,83.38,83.52
47,0,0,0,0,97270,97270,97270,9,9,9,591,591,591,0.00,0.00,0.00,0.00,0.00,0.00,0.00,0.00,0.00,0.00,0.00,0.00,0.00,0.00,0.00,0.00,0.00,0.00,0.00,0.00,0.00,28825,547157,1139915,44548,560259,1150397,0,0,0,0,0,0,0,86255,0,95.69,95.73,95.78
47,1,0,0,0,97273,97273,97273,6,6,6,591,591,591,0.00,0.00,0.00,0.00,0.00,0.00,0.00,0.00,0.00,0.00,0.00,0.00,0.00,0.00,0.00,0.00,0.00,0.00,0.00,0.00,0.00,317077,341183,369482,330180,354809,382584,0,0,0,0,0,0,0,79276,0,99.16,99.27,99.41
47,2,0,0,0,97272,97272,97272,7,7,7,591,591,591,0.00,0.00,0.00,0.00,0.00,0.00,0.00,0.00,0.00,0.00,0.00,0.00,0.00,0.00,0.00,0.00,0.00,0.00,0.00,0.00,0.00,319701,366345,432382,332803,379972,448105,0,0,0,0,0,0,0,76955,0,96.16,96.20,96.26
47,3,0,0,0,97273,97273,97273,7,7,7,591,591,591,0.00,0.00,0.00,0.00,0.00,0.00,0.00,0.00,0.00,0.00,0.00,0.00,0.00,0.00,0.00,0.00,0.00,0.00,0.00,0.00,0.00,314631,370565,479551,330105,383617,490033,0,0,0,0,0,0,0,66472,0,83.09,83.24,83.42
48,0,0,0,0,97270,97270,97270,9,9,9,591,591,591,0.00,0.00,0.00,0.00,0.00,0.00,0.00,0.00,0.00,0.00,0.00,0.00,0.00,0.00,0.00,0.00,0.00,0.00,0.00,0.00,0.00,421904,517272,589609,437628,532471,607952,0,0,0,0,0,0,0,76505,0,95.56,95.59,95.64
48,1,0,0,0,97273,97273,97273,6,6,6,591,591,591,0.00,0.00,0.00,0.00,0.00,0.00,0.00,0.00,0.00,0.00,0.00,0.00,0.00,0.00,0.00,0.00,0.00,0.00,0.00,0.00,0.00,317075,424992,772835,330177,439655,788501,0,0,0,0,0,0,0,79435,0,99.15,99.22,99.30
48,2,0,0,0,97272,97272,97272,7,7,7,591,591,591,0.00,0.00,0.00,0.00,0.00,0.00,0.00,0.00,0.00,0.00,0.00,0.00,0.00,0.00,0.00,0.00,0.00,0.00,0.00,0.00,0.00,5240,353765,607952,18343,368964,626295,0,0,0,0,0,0,0,86445,0,96.01,96.07,96.13
48,3,0,0,0,97273,97273,97273,7,7,7,591,591,591,0.00,0.00,0.00,0.00,0.00,0.00,0.00,0.00,0.00,0.00,0.00,0.00,0.00,0.00,0.00,0.00,0.00,0.00,0.00,0.00,0.00,332799,414561,626299,348522,430284,647263,0,0,0,0,0,0,0,66605,0,83.22,83.30,83.38
49,0,0,0,0,97270,97270,97270,9,9,9,591,591,591,0.00,0.00,0.00,0.00,0.00,0.00,0.00,0.00,0.00,0.00,0.00,0.00,0.00,0.00,0.00,0.00,0.00,0.00,0.00,0.00,0.00,416660,450198,550306,429762,463825,563408,0,0,0,0,0,0,0,76220,0,95.39,95.51,95.61
49,1,0,0,0,97273,97273,97273,6,6,6,591,591,591,0.00,0.00,0.00,0.00,0.00,0.00,0.00,0.00,0.00,0.00,0.00,0.00,0.00,0.00,0.00,0.00,0.00,0.00,0.00,0.00,0.00,91716,386254,767795,107439,400404,780898,0,0,0,0,0,0,0,89160,0,99.14,99.25,99.34
49,2,0,0,0,97272,97272,97272,7,7,7,591,591,591,0.00,0.00,0.00,0.00,0.00,0.00,0.00,0.00,0.00,0.00,0.00,0.00,0.00,0.00,0.00,0.00,0.00,0.00,0.00,0.00,0.00,311096,466351,835858,321296,479912,848959,0,0,0,0,0,0,0,76877,0,96.05,96.10,96.15
49,3,0,0,0,97273,97273,97273,7,7,7,591,591,591,0.00,0.00,0.00,0.00,0.00,0.00,0.00,0.00,0.00,0.00,0.00,0.00,0.00,0.00,0.00,0.00,0.00,0.00,0.00,0.00,0.00,99577,309742,411417,115300,323368,424520,0,0,0,0,0,0,0,74693,0,82.87,82.98,83.14
50,0,0,0,0,97270,97270,97270,9,9,9,591,591,591,0.00,0.00,0.00,0.00,0.00,0.00,0.00,0.00,0.00,0.00,0.00,0.00,0.00,0.00,0.00,0.00,0.00,0.00,0.00,0.00,0.00,396686,448712,591826,409400,462325,608040,0,0,0,0,0,0,0,76330,0,95.38,95.42,95.47
50,1,0,0,0,97273,97273,97273,6,6,6,591,591,591,0.00,0.00,0.00,0.00,0.00,0.00,0.00,0.00,0.00,0.00,0.00,0.00,0.00,0.00,0.00,0.00,0.00,0.00,0.00,0.00,0.00,305507,344175,429754,320911,357771,445477,0,0,0,0,0,0,0,79265,0,99.08,99.11,99.13
50,2,0,0,0,97272,97272,97272,7,7,7,591,591,591,0.00,0.00,0.00,0.00,0.00,0.00,0.00,0.00,0.00,0.00,0.00,0.00,0.00,0.00,0.00,0.00,0.00,0.00,0.00,0.00,0.00,324945,373156,448101,338047,386782,461203,0,0,0,0,0,0,0,76919,0,96.07,96.11,96.16
50,3,0,0,0,97273,97273,97273,7,7,7,591,591,591,0.00,0.00,0.00,0.00,0.00,0.00,0.00,0.00,0.00,0.00,0.00,0.00,0.00,0.00,0.00,0.00,0.00,0.00,0.00,0.00,0.00,311839,454904,733664,324942,468530,744145,0,0,0,0,0,0,0,66536,0,83.13,83.22,83.25
51,0,0,0,0,97270,97270,97270,9,9,9,591,591,591,0.00,0.00,0.00,0.00,0.00,0.00,0.00,0.00,0.00,0.00,0.00,0.00,0.00,0.00,0.00,0.00,0.00,0.00,0.00,0.00,0.00,421904,658796,1108485,435007,672423,1124209,0,0,0,0,0,0,0,76125,0,95.28,95.36,95.41
51,1,0,0,0,97273,97273,97273,6,6,6,591,591,591,0.00,0.00,0.00,0.00,0.00,0.00,0.00,0.00,0.00,0.00,0.00,0.00,0.00,0.00,0.00,0.00,0.00,0.00,0.00,0.00,0.00,314455,328071,356342,327558,341697,369442,0,0,0,0,0,0,0,79270,0,99.11,99.14,99.18
51,2,0,0,0,97272,97272,97272,7,7,7,591,591,591,0.00,0.00,0.00,0.00,0.00,0.00,0.00,0.00,0.00,0.00,0.00,0.00,0.00,0.00,0.00,0.00,0.00,0.00,0.00,0.00,0.00,314466,339606,411373,330189,353232,424474,0,0,0,0,0,0,0,76858,0,96.00,96.04,96.10
51,3,0,0,0,97273,97273,97273,7,7,7,591,591,591,0.00,0.00,0.00,0.00,0.00,0.00,0.00,0.00,0.00,0.00,0.00,0.00,0.00,0.00,0.00,0.00,0.00,0.00,0.00,0.00,0.00,307781,341574,421892,321163,355157,437615,0,0,0,0,0,0,0,66466,0,83.09,83.15,83.18
52,0,0,0,0,97270,97270,97270,9,9,9,591,591,591,0.00,0.00,0.00,0.00,0.00,0.00,0.00,0.00,0.00,0.00,0.00,0.00,0.00,0.00,0.00,0.00,0.00,0.00,0.00,0.00,0.00,411405,537199,888347,424507,551611,904070,0,0,0,0,0,0,0,76365,0,95.29,95.34,95.43
52,1,0,0,0,97273,97273,97273,6,6,6,591,591,591,0.00,0.00,0.00,0.00,0.00,0.00,0.00,0.00,0.00,0.00,0.00,0.00,0.00,0.00,0.00,0.00,0.00,0.00,0.00,0.00,0.00,311831,366864,524095,327554,380622,537198,0,0,0,0,0,0,0,89208,0,99.07,99.12,99.17
52,2,0,0,0,97272,97272,97272,7,7,7,591,591,591,0.00,0.00,0.00,0.00,0.00,0.00,0.00,0.00,0.00,0.00,0.00,0.00,0.00,0.00,0.00,0.00,0.00,0.00,0.00,0.00,0.00,322329,480210,851670,338047,494623,864773,0,0,0,0,0,0,0,67436,0,96.09,96.10,96.11
52,3,0,0,0,97273,97273,97273,7,7,7,591,591,591,0.00,0.00,0.00,0.00,0.00,0.00,0.00,0.00,0.00,0.00,0.00,0.00,0.00,0.00,0.00,0.00,0.00,0.00,0.00,0.00,0.00,311838,345237,424523,324941,358994,440246,0,0,0,0,0,0,0,66289,0,83.01,83.12,83.19
53,0,0,0,0,97270,97270,97270,9,9,9,591,591,591,0.00,0.00,0.00,0.00,0.00,0.00,0.00,0.00,0.00,0.00,0.00,0.00,0.00,0.00,0.00,0.00,0.00,0.00,0.00,0.00,0.00,283011,418743,545007,291746,432020,555488,0,0,0,0,0,0,0,57319,0,95.45,95.49,95.53
53,1,0,0,0,97273,97273,97273,6,6,6,591,591,591,0.00,0.00,0.00,0.00,0.00,0.00,0.00,0.00,0.00,0.00,0.00,0.00,0.00,0.00,0.00,0.00,0.00,0.00,0.00,0.00,0.00,317077,392536,503124,330180,405813,511858,0,0,0,0,0,0,0,59479,0,99.08,99.12,99.14
53,2,0,0,0,97272,97272,97272,7,7,7,591,591,591,0.00,0.00,0.00,0.00,0.00,0.00,0.00,0.00,0.00,0.00,0.00,0.00,0.00,0.00,0.00,0.00,0.00,0.00,0.00,0.00,0.00,322327,359788,454039,335429,372347,467552,0,0,0,0,0,0,0,76947,0,96.11,96.18,96.24
53,3,0,0,0,97273,97273,97273,7,7,7,591,591,591,0.00,0.00,0.00,0.00,0.00,0.00,0.00,0.00,0.00,0.00,0.00,0.00,0.00,0.00,0.00,0.00,0.00,0.00,0.00,0.00,0.00,317081,422419,733719,330184,434997,746821,0,0,0,0,0,0,0,75041,0,82.67,82.83,83.06
54,0,0,0,0,97270,97270,97270,9,9,9,591,591,591,0.00,0.00,0.00,0.00,0.00,0.00,0.00,0.00,0.00,0.00,0.00,0.00,0.00,0.00,0.00,0.00,0.00,0.00,0.00,0.00,0.00,401307,448027,567389,417359,461090,577658,0,0,0,0,0,0,0,85992,0,95.54,95.56,95.58
54,1,0,0,0,97273,97273,97273,6,6,6,591,591,591,0.00,0.00,0.00,0.00,0.00,0.00,0.00,0.00,0.00,0.00,0.00,0.00,0.00,0.00,0.00,0.00,0.00,0.00,0.00,0.00,0.00,295245,356922,440003,307971,369993,453500,0,0,0,0,0,0,0,79346,0,99.13,99.17,99.23
54,2,0,0,0,97272,97272,97272,7,7,7,591,591,591,0.00,0.00,0.00,0.00,0.00,0.00,0.00,0.00,0.00,0.00,0.00,0.00,0.00,0.00,0.00,0.00,0.00,0.00,0.00,0.00,0.00,322322,346421,385216,335425,360048,398319,0,0,0,0,0,0,0,76797,0,96.16,96.24,96.35
54,3,0,0,0,97273,97273,97273,7,7,7,591,591,591,0.00,0.00,0.00,0.00,0.00,0.00,0.00,0.00,0.00,0.00,0.00,0.00,0.00,0.00,0.00,0.00,0.00,0.00,0.00,0.00,0.00,317079,372633,513620,332802,386784,526723,0,0,0,0,0,0,0,49888,0,83.17,83.30,83.40
55,0,0,0,0,97270,97270,97270,9,9,9,591,591,591,0.00,0.00,0.00,0.00,0.00,0.00,0.00,0.00,0.00,0.00,0.00,0.00,0.00,0.00,0.00,0.00,0.00,0.00,0.00,0.00,0.00,419285,658255,1260448,432387,671881,1273550,0,0,0,0,0,0,0,76440,0,95.41,95.49,95.56
55,1,0,0,0,97273,97273,97273,6,6,6,591,591,591,0.00,0.00,0.00,0.00,0.00,0.00,0.00,0.00,0.00,0.00,0.00,0.00,0.00,0.00,0.00,0.00,0.00,0.00,0.00,0.00,0.00,314451,366864,495267,324933,381014,508370,0,0,0,0,0,0,0,79336,0,99.19,99.21,99.23
55,2,0,0,0,97272,97272,97272,7,7,7,591,591,591,0.00,0.00,0.00,0.00,0.00,0.00,0.00,0.00,0.00,0.00,0.00,0.00,0.00,0.00,0.00,0.00,0.00,0.00,0.00,0.00,0.00,324938,344331,403545,338040,357957,416647,0,0,0,0,0,0,0,76984,0,96.04,96.11,96.16
55,3,0,0,0,97273,97273,97273,7,7,7,591,591,591,0.00,0.00,0.00,0.00,0.00,0.00,0.00,0.00,0.00,0.00,0.00,0.00,0.00,0.00,0.00,0.00,0.00,0.00,0.00,0.00,0.00,313397,343909,417989,328685,357493,431473,0,0,0,0,0,0,0,66623,0,83.06,83.12,83.23
56,0,0,0,0,97270,97270,97270,9,9,9,591,591,591,0.00,0.00,0.00,0.00,0.00,0.00,0.00,0.00,0.00,0.00,0.00,0.00,0.00,0.00,0.00,0.00,0.00,0.00,0.00,0.00,0.00,274274,422772,558171,284755,435874,571274,0,0,0,0,0,0,0,76435,0,95.53,95.58,95.63
56,1,0,0,0,97273,97273,97273,6,6,6,591,591,591,0.00,0.00,0.00,0.00,0.00,0.00,0.00,0.00,0.00,0.00,0.00,0.00,0.00,0.00,0.00,0.00,0.00,0.00,0.00,0.00,0.00,309217,342224,432375,324940,355850,445477,0,0,0,0,0,0,0,89198,0,99.12,99.15,99.17
56,2,0,0,0,97272,97272,97272,7,7,7,591,591,591,0.00,0.00,0.00,0.00,0.00,0.00,0.00,0.00,0.00,0.00,0.00,0.00,0.00,0.00,0.00,0.00,0.00,0.00,0.00,0.00,0.00,303978,433420,812332,319701,447571,825434,0,0,0,0,0,0,0,76706,0,95.91,96.02,96.11
56,3,0,0,0,97273,97273,97273,7,7,7,591,591,591,0.00,0.00,0.00,0.00,0.00,0.00,0.00,0.00,0.00,0.00,0.00,0.00,0.00,0.00,0.00,0.00,0.00,0.00,0.00,0.00,0.00,314462,340662,408798,327564,353764,421900,0,0,0,0,0,0,0,66413,0,83.06,83.14,83.21
57,0,0,0,0,97270,97270,97270,9,9,9,591,591,591,0.00,0.00,0.00,0.00,0.00,0.00,0.00,0.00,0.00,0.00,0.00,0.00,0.00,0.00,0.00,0.00,0.00,0.00,0.00,0.00,0.00,427140,491826,584358,440243,505412,600081,0,0,0,0,0,0,0,76416,0,95.54,95.58,95.62
57,1,0,0,0,97273,97273,97273,6,6,6,591,591,591,0.00,0.00,0.00,0.00,0.00,0.00,0.00,0.00,0.00,0.00,0.00,0.00,0.00,0.00,0.00,0.00,0.00,0.00,0.00,0.00,0.00,258545,406699,833302,269027,419219,846405,0,0,0,0,0,0,0,79241,0,99.20,99.24,99.28
57,2,0,0,0,97272,97272,97272,7,7,7,591,591,591,0.00,0.00,0.00,0.00,0.00,0.00,0.00,0.00,0.00,0.00,0.00,0.00,0.00,0.00,0.00,0.00,0.00,0.00,0.00,0.00,0.00,216756,380404,610574,227078,392975,623677,0,0,0,0,0,0,0,76938,0,96.00,96.12,96.19
57,3,0,0,0,97273,97273,97273,7,7,7,591,591,591,0.00,0.00,0.00,0.00,0.00,0.00,0.00,0.00,0.00,0.00,0.00,0.00,0.00,0.00,0.00,0.00,0.00,0.00,0.00,0.00,0.00,317081,440931,731126,330184,454208,746849,0,0,0,0,0,0,0,66849,0,83.10,83.35,83.53
58,0,0,0,0,97270,97270,97270,9,9,9,591,591,591,0.00,0.00,0.00,0.00,0.00,0.00,0.00,0.00,0.00,0.00,0.00,0.00,0.00,0.00,0.00,0.00,0.00,0.00,0.00,0.00,0.00,428740,652040,1045586,441576,666716,1058688,0,0,0,0,0,0,0,85736,0,95.36,95.48,95.58
58,1,0,0,0,97273,97273,97273,6,6,6,591,591,591,0.00,0.00,0.00,0.00,0.00,0.00,0.00,0.00,0.00,0.00,0.00,0.00,0.00,0.00,0.00,0.00,0.00,0.00,0.00,0.00,0.00,324941,404273,608699,338043,419498,627469,0,0,0,0,0,0,0,79188,0,98.98,99.03,99.08
58,2,0,0,0,97272,97272,97272,7,7,7,591,591,591,0.00,0.00,0.00,0.00,0.00,0.00,0.00,0.00,0.00,0.00,0.00,0.00,0.00,0.00,0.00,0.00,0.00,0.00,0.00,0.00,0.00,322306,422423,715390,335408,437621,733733,0,0,0,0,0,0,0,76832,0,95.99,96.05,96.11
58,3,0,0,0,97273,97273,97273,7,7,7,591,591,591,0.00,0.00,0.00,0.00,0.00,0.00,0.00,0.00,0.00,0.00,0.00,0.00,0.00,0.00,0.00,0.00,0.00,0.00,0.00,0.00,0.00,312053,473135,854320,327527,488269,877906,0,0,0,0,0,0,0,66538,0,83.11,83.25,83.48
59,0,0,0,0,97270,97270,97270,9,9,9,591,591,591,0.00,0.00,0.00,0.00,0.00,0.00,0.00,0.00,0.00,0.00,0.00,0.00,0.00,0.00,0.00,0.00,0.00,0.00,0.00,0.00,0.00,411421,489508,623669,427144,503135,636771,0,0,0,0,0,0,0,77975,0,95.28,95.95,96.72
59,1,0,0,0,97273,97273,97273,6,6,6,591,591,591,0.00,0.00,0.00,0.00,0.00,0.00,0.00,0.00,0.00,0.00,0.00,0.00,0.00,0.00,0.00,0.00,0.00,0.00,0.00,0.00,0.00,309214,356905,518848,322316,371055,531950,0,0,0,0,0,0,0,79729,0,99.03,99.27,99.42
59,2,0,0,0,97272,97272,97272,7,7,7,591,591,591,0.00,0.00,0.00,0.00,0.00,0.00,0.00,0.00,0.00,0.00,0.00,0.00,0.00,0.00,0.00,0.00,0.00,0.00,0.00,0.00,0.00,314460,358997,419242,327562,372099,432344,0,0,0,0,0,0,0,88695,0,96.08,96.86,97.68
59,3,0,0,0,97273,97273,97273,7,7,7,591,591,591,0.00,0.00,0.00,0.00,0.00,0.00,0.00,0.00,0.00,0.00,0.00,0.00,0.00,0.00,0.00,0.00,0.00,0.00,0.00,0.00,0.00,309207,354894,417737,324929,368534,430551,0,0,0,0,0,0,0,67949,0,83.35,84.01,84.60
60,0,0,0,0,97270,97270,97270,9,9,9,591,591,591,0.00,0.00,0.00,0.00,0.00,0.00,0.00,0.00,0.00,0.00,0.00,0.00,0.00,0.00,0.00,0.00,0.00,0.00,0.00,0.00,0.00,276020,430618,571207,286502,443065,584308,0,0,0,0,0,0,0,77185,0,96.30,96.67,96.97
60,1,0,0,0,97273,97273,97273,6,6,6,591,591,591,0.00,0.00,0.00,0.00,0.00,0.00,0.00,0.00,0.00,0.00,0.00,0.00,0.00,0.00,0.00,0.00,0.00,0.00,0.00,0.00,0.00,324939,472995,759935,335421,486098,773037,0,0,0,0,0,0,0,69484,0,99.29,99.39,99.52
60,2,0,0,0,97272,97272,97272,7,7,7,591,591,591,0.00,0.00,0.00,0.00,0.00,0.00,0.00,0.00,0.00,0.00,0.00,0.00,0.00,0.00,0.00,0.00,0.00,0.00,0.00,0.00,0.00,314457,514930,862151,330180,528688,877875,0,0,0,0,0,0,0,58100,0,97.10,97.49,97.84
60,3,0,0,0,97273,97273,97273,7,7,7,591,591,591,0.00,0.00,0.00,0.00,0.00,0.00,0.00,0.00,0.00,0.00,0.00,0.00,0.00,0.00,0.00,0.00,0.00,0.00,0.00,0.00,0.00,314459,349168,429750,330182,362926,442852,0,0,0,0,0,0,0,75937,0,84.05,84.25,84.60
61,0,0,0,0,97270,97270,97270,9,9,9,591,591,591,0.00,0.00,0.00,0.00,0.00,0.00,0.00,0.00,0.00,0.00,0.00,0.00,0.00,0.00,0.00,0.00,0.00,0.00,0.00,0.00,0.00,410513,443206,555549,421896,456794,568652,0,0,0,0,0,0,0,57768,0,96.20,96.36,96.54
61,1,0,0,0,97273,97273,97273,6,6,6,591,591,591,0.00,0.00,0.00,0.00,0.00,0.00,0.00,0.00,0.00,0.00,0.00,0.00,0.00,0.00,0.00,0.00,0.00,0.00,0.00,0.00,0.00,211367,315192,410755,220101,328405,426159,0,0,0,0,0,0,0,79641,0,99.42,99.61,99.66
61,2,0,0,0,97272,97272,97272,7,7,7,591,591,591,0.00,0.00,0.00,0.00,0.00,0.00,0.00,0.00,0.00,0.00,0.00,0.00,0.00,0.00,0.00,0.00,0.00,0.00,0.00,0.00,0.00,220654,320802,412447,229342,334088,428622,0,0,0,0,0,0,0,77356,0,96.47,96.65,96.80
61,3,0,0,0,97273,97273,97273,7,7,7,591,591,591,0.00,0.00,0.00,0.00,0.00,0.00,0.00,0.00,0.00,0.00,0.00,0.00,0.00,0.00,0.00,0.00,0.00,0.00,0.00,0.00,0.00,220117,431331,911935,228852,444084,927658,0,0,0,0,0,0,0,50546,0,84.11,84.48,84.76
62,0,0,0,0,97270,97270,97270,9,9,9,591,591,591,0.00,0.00,0.00,0.00,0.00,0.00,0.00,0.00,0.00,0.00,0.00,0.00,0.00,0.00,0.00,0.00,0.00,0.00,0.00,0.00,0.00,407146,709609,1137320,420547,724297,1150423,0,0,0,0,0,0,0,86036,0,95.50,95.67,95.91
62,1,0,0,0,97273,97273,97273,6,6,6,591,591,591,0.00,0.00,0.00,0.00,0.00,0.00,0.00,0.00,0.00,0.00,0.00,0.00,0.00,0.00,0.00,0.00,0.00,0.00,0.00,0.00,0.00,311833,344295,375857,324935,357951,386938,0,0,0,0,0,0,0,79587,0,99.38,99.45,99.52
62,2,0,0,0,97272,97272,97272,7,7,7,591,591,591,0.00,0.00,0.00,0.00,0.00,0.00,0.00,0.00,0.00,0.00,0.00,0.00,0.00,0.00,0.00,0.00,0.00,0.00,0.00,0.00,0.00,317088,366344,440236,327571,380495,455959,0,0,0,0,0,0,0,76843,0,96.13,96.23,96.38
62,3,0,0,0,97273,97273,97273,7,7,7,591,591,591,0.00,0.00,0.00,0.00,0.00,0.00,0.00,0.00,0.00,0.00,0.00,0.00,0.00,0.00,0.00,0.00,0.00,0.00,0.00,0.00,0.00,317046,371987,497901,330147,385571,511004,0,0,0,0,0,0,0,66753,0,83.40,83.68,84.14
63,0,0,0,0,97270,97270,97270,9,9,9,591,591,591,0.00,0.00,0.00,0.00,0.00,0.00,0.00,0.00,0.00,0.00,0.00,0.00,0.00,0.00,0.00,0.00,0.00,0.00,0.00,0.00,0.00,411377,455431,586990,424478,469057,597472,0,0,0,0,0,0,0,76346,0,95.32,95.39,95.47
63,1,0,0,0,97273,97273,97273,6,6,6,591,591,591,0.00,0.00,0.00,0.00,0.00,0.00,0.00,0.00,0.00,0.00,0.00,0.00,0.00,0.00,0.00,0.00,0.00,0.00,0.00,0.00,0.00,314452,357948,521472,330174,371574,534574,0,0,0,0,0,0,0,79219,0,99.09,99.23,99.39
63,2,0,0,0,97272,97272,97272,7,7,7,591,591,591,0.00,0.00,0.00,0.00,0.00,0.00,0.00,0.00,0.00,0.00,0.00,0.00,0.00,0.00,0.00,0.00,0.00,0.00,0.00,0.00,0.00,319700,443389,828077,330182,457015,841179,0,0,0,0,0,0,0,86541,0,96.08,96.10,96.16
63,3,0,0,0,97273,97273,97273,7,7,7,591,591,591,0.00,0.00,0.00,0.00,0.00,0.00,0.00,0.00,0.00,0.00,0.00,0.00,0.00,0.00,0.00,0.00,0.00,0.00,0.00,0.00,0.00,302330,344200,437627,318382,358363,453350,0,0,0,0,0,0,0,66506,0,83.19,83.38,83.54
64,0,0,0,0,97270,97270,97270,9,9,9,591,591,591,0.00,0.00,0.00,0.00,0.00,0.00,0.00,0.00,0.00,0.00,0.00,0.00,0.00,0.00,0.00,0.00,0.00,0.00,0.00,0.00,0.00,370360,412638,435003,379095,425391,448106,0,0,0,0,0,0,0,76297,0,95.43,95.49,95.53
64,1,0,0,0,97273,97273,97273,6,6,6,591,591,591,0.00,0.00,0.00,0.00,0.00,0.00,0.00,0.00,0.00,0.00,0.00,0.00,0.00,0.00,0.00,0.00,0.00,0.00,0.00,0.00,0.00,319698,449143,783506,330180,462770,796608,0,0,0,0,0,0,0,79169,0,99.08,99.10,99.11
64,2,0,0,0,97272,97272,97272,7,7,7,591,591,591,0.00,0.00,0.00,0.00,0.00,0.00,0.00,0.00,0.00,0.00,0.00,0.00,0.00,0.00,0.00,0.00,0.00,0.00,0.00,0.00,0.00,308774,374111,589597,317496,386861,602699,0,0,0,0,0,0,0,76836,0,96.16,96.23,96.26
64,3,0,0,0,97273,97273,97273,7,7,7,591,591,591,0.00,0.00,0.00,0.00,0.00,0.00,0.00,0.00,0.00,0.00,0.00,0.00,0.00,0.00,0.00,0.00,0.00,0.00,0.00,0.00,0.00,317079,451250,799253,330181,464877,812355,0,0,0,0,0,0,0,74983,0,83.01,83.12,83.31
65,0,0,0,0,97270,97270,97270,9,9,9,591,591,591,0.00,0.00,0.00,0.00,0.00,0.00,0.00,0.00,0.00,0.00,0.00,0.00,0.00,0.00,0.00,0.00,0.00,0.00,0.00,0.00,0.00,414029,451223,573891,429751,464708,586994,0,0,0,0,0,0,0,86051,0,95.34,95.45,95.55
65,1,0,0,0,97273,97273,97273,6,6,6,591,591,591,0.00,0.00,0.00,0.00,0.00,0.00,0.00,0.00,0.00,0.00,0.00,0.00,0.00,0.00,0.00,0.00,0.00,0.00,0.00,0.00,0.00,211077,333040,416649,219799,345698,432372,0,0,0,0,0,0,0,79204,0,99.06,99.09,99.11
65,2,0,0,0,97272,97272,97272,7,7,7,591,591,591,0.00,0.00,0.00,0.00,0.00,0.00,0.00,0.00,0.00,0.00,0.00,0.00,0.00,0.00,0.00,0.00,0.00,0.00,0.00,0.00,0.00,313251,340611,419283,329315,354250,432385,0,0,0,0,0,0,0,76819,0,96.13,96.15,96.18
65,3,0,0,0,97273,97273,97273,7,7,7,591,591,591,0.00,0.00,0.00,0.00,0.00,0.00,0.00,0.00,0.00,0.00,0.00,0.00,0.00,0.00,0.00,0.00,0.00,0.00,0.00,0.00,0.00,209623,369488,531964,220104,382066,545067,0,0,0,0,0,0,0,66480,0,83.22,83.38,83.45
66,0,0,0,0,97270,97270,97270,9,9,9,591,591,591,0.00,0.00,0.00,0.00,0.00,0.00,0.00,0.00,0.00,0.00,0.00,0.00,0.00,0.00,0.00,0.00,0.00,0.00,0.00,0.00,0.00,419281,663413,1092747,432383,677666,1105850,0,0,0,0,0,0,0,76643,0,95.63,95.77,95.84
66,1,0,0,0,97273,97273,97273,6,6,6,591,591,591,0.00,0.00,0.00,0.00,0.00,0.00,0.00,0.00,0.00,0.00,0.00,0.00,0.00,0.00,0.00,0.00,0.00,0.00,0.00,0.00,0.00,322313,367798,521468,332801,382019,537190,0,0,0,0,0,0,0,79662,0,99.14,99.42,99.62
66,2,0,0,0,97272,97272,97272,7,7,7,591,591,591,0.00,0.00,0.00,0.00,0.00,0.00,0.00,0.00,0.00,0.00,0.00,0.00,0.00,0.00,0.00,0.00,0.00,0.00,0.00,0.00,0.00,319669,344324,411412,332771,357950,427135,0,0,0,0,0,0,0,76898,0,96.06,96.13,96.15
66,3,0,0,0,97273,97273,97273,7,7,7,591,591,591,0.00,0.00,0.00,0.00,0.00,0.00,0.00,0.00,0.00,0.00,0.00,0.00,0.00,0.00,0.00,0.00,0.00,0.00,0.00,0.00,0.00,313210,333079,361628,328613,347125,377351,0,0,0,0,0,0,0,67224,0,83.20,83.55,83.82
67,0,0,0,0,97270,97270,97270,9,9,9,591,591,591,0.00,0.00,0.00,0.00,0.00,0.00,0.00,0.00,0.00,0.00,0.00,0.00,0.00,0.00,0.00,0.00,0.00,0.00,0.00,0.00,0.00,419280,463829,573888,432383,476932,586990,0,0,0,0,0,0,0,77219,0,95.50,95.68,95.79
67,1,0,0,0,97273,97273,97273,6,6,6,591,591,591,0.00,0.00,0.00,0.00,0.00,0.00,0.00,0.00,0.00,0.00,0.00,0.00,0.00,0.00,0.00,0.00,0.00,0.00,0.00,0.00,0.00,322316,357036,458578,335418,370793,474301,0,0,0,0,0,0,0,69552,0,99.23,99.41,99.62
67,2,0,0,0,97272,97272,97272,7,7,7,591,591,591,0.00,0.00,0.00,0.00,0.00,0.00,0.00,0.00,0.00,0.00,0.00,0.00,0.00,0.00,0.00,0.00,0.00,0.00,0.00,0.00,0.00,327567,509032,856897,340670,522790,869999,0,0,0,0,0,0,0,58201,0,95.94,96.05,96.22
67,3,0,0,0,97273,97273,97273,7,7,7,591,591,591,0.00,0.00,0.00,0.00,0.00,0.00,0.00,0.00,0.00,0.00,0.00,0.00,0.00,0.00,0.00,0.00,0.00,0.00,0.00,0.00,0.00,302307,346129,434985,315684,359300,445467,0,0,0,0,0,0,0,67019,0,83.38,83.57,83.82
68,0,0,0,0,97270,97270,97270,9,9,9,591,591,591,0.00,0.00,0.00,0.00,0.00,0.00,0.00,0.00,0.00,0.00,0.00,0.00,0.00,0.00,0.00,0.00,0.00,0.00,0.00,0.00,0.00,279516,486180,704925,328431,508017,723269,0,0,0,0,0,0,0,57815,0,96.16,96.67,97.06
68,1,0,0,0,97238,97266,97273,6,13,41,591,591,591,0.00,0.00,0.00,0.00,0.00,0.00,0.00,0.00,0.00,0.00,0.00,0.00,0.00,0.00,0.00,0.00,0.00,0.00,0.00,0.00,0.00,348519,639401,1132147,361621,685698,1303367,0,0,0,0,0,0,0,83653,0,99.53,101.06,106.28
68,2,0,0,0,97241,97265,97272,7,13,40,591,591,591,0.00,0.00,0.00,0.00,0.00,0.00,0.00,0.00,0.00,0.00,0.00,0.00,0.00,0.00,0.00,0.00,0.00,0.00,0.00,0.00,0.00,314448,519054,836933,327550,563782,997680,0,0,0,0,0,0,0,82106,0,96.69,98.67,104.12
68,3,0,0,0,97233,97265,97273,7,14,46,591,591,591,0.00,0.00,0.00,0.00,0.00,0.00,0.00,0.00,0.00,0.00,0.00,0.00,0.00,0.00,0.00,0.00,0.00,0.00,0.00,0.00,0.00,311839,851093,1973003,327562,896292,2138728,0,0,0,0,0,0,0,54354,0,83.65,85.68,92.05
69,0,0,0,0,96706,96812,97236,43,467,573,591,591,591,0.00,0.00,0.00,0.00,0.00,0.00,0.00,0.00,0.00,0.00,0.00,0.00,0.00,0.00,0.00,0.00,0.00,0.00,0.00,0.00,0.00,762704,2187965,6827088,778430,2409960,7440989,0,0,0,0,0,0,0,133003,0,103.26,124.16,144.17
69,1,0,0,1,96707,96805,97197,80,473,572,591,591,591,0.00,0.00,0.00,0.00,0.00,0.00,0.00,0.00,0.00,0.00,0.00,0.00,0.00,0.00,0.00,0.00,0.00,0.00,0.00,0.00,0.00,304031,1267478,4130569,317136,1447273,4610198,0,0,0,0,0,0,0,120819,0,117.06,136.33,151.89
69,2,0,0,0,96707,96809,97217,63,471,573,591,591,591,0.00,0.00,0.00,0.00,0.00,0.00,0.00,0.00,0.00,0.00,0.00,0.00,0.00,0.00,0.00,0.00,0.00,0.00,0.00,0.00,0.00,298790,1420413,4151094,311895,1602811,4614947,0,0,0,0,0,0,0,121967,0,116.08,136.50,153.21
69,3,0,0,0,96707,96805,97197,82,474,572,591,591,591,0.00,0.00,0.00,0.00,0.00,0.00,0.00,0.00,0.00,0.00,0.00,0.00,0.00,0.00,0.00,0.00,0.00,0.00,0.00,0.00,0.00,298788,1216398,3728396,311893,1398261,4192153,0,0,0,0,0,0,0,108134,0,103.03,121.54,136.08
70,0,0,0,0,96706,96706,96706,573,573,573,591,591,591,0.00,0.00,0.00,0.00,0.00,0.00,0.00,0.00,0.00,0.00,0.00,0.00,0.00,0.00,0.00,0.00,0.00,0.00,0.00,0.00,0.00,414112,436122,495335,424598,449750,511060,0,0,0,0,0,0,0,116561,0,145.78,146.13,147.02
70,1,0,0,0,96707,96707,96707,572,572,572,591,591,591,0.00,0.00,0.00,0.00,0.00,0.00,0.00,0.00,0.00,0.00,0.00,0.00,0.00,0.00,0.00,0.00,0.00,0.00,0.00,0.00,0.00,293547,321853,398386,309273,335482,411491,0,0,0,0,0,0,0,135473,0,150.52,150.62,150.85
70,2,0,0,0,96707,96707,96707,573,573,573,591,591,591,0.00,0.00,0.00,0.00,0.00,0.00,0.00,0.00,0.00,0.00,0.00,0.00,0.00,0.00,0.00,0.00,0.00,0.00,0.00,0.00,0.00,322379,500604,972378,335484,514233,985483,0,0,0,0,0,0,0,121219,0,151.48,151.61,152.02
70,3,0,0,0,96707,96707,96707,572,572,572,591,591,591,0.00,0.00,0.00,0.00,0.00,0.00,0.00,0.00,0.00,0.00,0.00,0.00,0.00,0.00,0.00,0.00,0.00,0.00,0.00,0.00,0.00,296152,311891,335484,309256,325520,351210,0,0,0,0,0,0,0,107932,0,134.82,134.90,135.01
71,0,0,0,0,96706,96706,96706,573,573,573,591,591,591,0.00,0.00,0.00,0.00,0.00,0.00,0.00,0.00,0.00,0.00,0.00,0.00,0.00,0.00,0.00,0.00,0.00,0.00,0.00,0.00,0.00,411491,445038,534676,427217,464958,576612,0,0,0,0,0,0,0,116693,0,145.79,145.86,145.95
71,1,0,0,0,96707,96707,96707,572,572,572,591,591,591,0.00,0.00,0.00,0.00,0.00,0.00,0.00,0.00,0.00,0.00,0.00,0.00,0.00,0.00,0.00,0.00,0.00,0.00,0.00,0.00,0.00,296169,508456,969706,309274,528375,982810,0,0,0,0,0,0,0,120448,0,150.56,150.61,150.71
71,2,0,0,0,96707,96707,96707,573,573,573,591,591,591,0.00,0.00,0.00,0.00,0.00,0.00,0.00,0.00,0.00,0.00,0.00,0.00,0.00,0.00,0.00,0.00,0.00,0.00,0.00,0.00,0.00,296170,371650,524194,311896,392093,568751,0,0,0,0,0,0,0,121132,0,151.46,151.50,151.56
71,3,0,0,0,96707,96707,96707,572,572,572,591,591,591,0.00,0.00,0.00,0.00,0.00,0.00,0.00,0.00,0.00,0.00,0.00,0.00,0.00,0.00,0.00,0.00,0.00,0.00,0.00,0.00,0.00,291263,368577,571366,304151,388453,618543,0,0,0,0,0,0,0,107728,0,134.64,134.74,134.84
72,0,0,0,0,96514,96514,96514,765,765,765,591,591,591,0.00,0.00,0.00,0.00,0.00,0.00,0.00,0.00,0.00,0.00,0.00,0.00,0.00,0.00,0.00,0.00,0.00,0.00,0.00,0.00,0.00,411486,487853,612470,424591,619418,1061466,0,0,0,0,0,0,0,116798,0,145.90,145.96,145.99
72,1,0,1,7,96515,96515,96515,764,764,764,591,591,591,0.00,0.00,0.00,0.00,0.00,0.00,0.00,0.00,0.00,0.00,0.00,0.00,0.00,0.00,0.00,0.00,0.00,0.00,0.00,0.00,0.00,306652,440671,607202,317136,571607,974971,0,0,0,0,0,0,0,120567,0,150.61,150.69,150.75
72,2,0,0,0,96515,96515,96515,765,765,765,591,591,591,0.00,0.00,0.00,0.00,0.00,0.00,0.00,0.00,0.00,0.00,0.00,0.00,0.00,0.00,0.00,0.00,0.00,0.00,0.00,0.00,0.00,296109,322852,387714,309273,452516,980996,0,0,0,0,0,0,0,121211,0,151.54,151.68,151.76
72,3,0,0,0,96515,96515,96515,764,764,764,591,591,591,0.00,0.00,0.00,0.00,0.00,0.00,0.00,0.00,0.00,0.00,0.00,0.00,0.00,0.00,0.00,0.00,0.00,0.00,0.00,0.00,0.00,296162,386845,497980,309266,517888,930406,0,0,0,0,0,0,0,121609,0,134.89,135.19,135.29
75,0,0,0,0,96514,96514,96514,765,765,765,591,591,591,0.00,0.00,0.00,0.00,0.00,0.00,0.00,0.00,0.00,0.00,0.00,0.00,0.00,0.00,0.00,0.00,0.00,0.00,0.00,0.00,0.00,0,661461,2500393,0,680026,2554559,0,0,0,0,0,0,0,408282,0,145.83,145.88,145.91
75,1,0,0,0,96515,96515,96515,764,764,764,591,591,591,0.00,0.00,0.00,0.00,0.00,0.00,0.00,0.00,0.00,0.00,0.00,0.00,0.00,0.00,0.00,0.00,0.00,0.00,0.00,0.00,0.00,298786,807307,3365770,309270,828848,3433256,0,0,0,0,0,0,0,422428,0,150.69,150.81,151.09
75,2,0,0,0,96515,96515,96515,765,765,765,591,591,591,0.00,0.00,0.00,0.00,0.00,0.00,0.00,0.00,0.00,0.00,0.00,0.00,0.00,0.00,0.00,0.00,0.00,0.00,0.00,0.00,0.00,298791,1270033,5880179,311896,1299953,5988489,0,0,0,0,0,0,0,424122,0,151.47,151.60,151.76
75,3,0,0,0,96515,96515,96515,764,764,764,591,591,591,0.00,0.00,0.00,0.00,0.00,0.00,0.00,0.00,0.00,0.00,0.00,0.00,0.00,0.00,0.00,0.00,0.00,0.00,0.00,0.00,0.00,290928,1762325,8137975,304033,1793740,8255955,0,0,0,0,0,0,0,378887,0,134.72,135.08,135.62
76,0,0,0,0,96514,96514,96514,765,765,765,591,591,591,0.00,0.00,0.00,0.00,0.00,0.00,0.00,0.00,0.00,0.00,0.00,0.00,0.00,0.00,0.00,0.00,0.00,0.00,0.00,0.00,0.00,419357,442937,484877,432458,457090,497982,0,0,0,0,0,0,0,116689,0,145.85,145.87,145.89
76,1,0,0,0,96515,96515,96515,764,764,764,591,591,591,0.00,0.00,0.00,0.00,0.00,0.00,0.00,0.00,0.00,0.00,0.00,0.00,0.00,0.00,0.00,0.00,0.00,0.00,0.00,0.00,0.00,298789,319229,356449,311894,332858,369554,0,0,0,0,0,0,0,120615,0,150.73,150.75,150.79
76,2,0,0,0,96515,96515,96515,765,765,765,591,591,591,0.00,0.00,0.00,0.00,0.00,0.00,0.00,0.00,0.00,0.00,0.00,0.00,0.00,0.00,0.00,0.00,0.00,0.00,0.00,0.00,0.00,304036,323948,382662,319754,337578,395767,0,0,0,0,0,0,0,121191,0,151.44,151.50,151.55
76,3,0,0,0,96515,96515,96515,764,764,764,591,591,591,0.00,0.00,0.00,0.00,0.00,0.00,0.00,0.00,0.00,0.00,0.00,0.00,0.00,0.00,0.00,0.00,0.00,0.00,0.00,0.00,0.00,290927,315564,356451,304032,329717,372177,0,0,0,0,0,0,0,108522,0,135.72,135.88,135.99
77,0,0,0,0,96514,96514,96514,765,765,765,591,591,591,0.00,0.00,0.00,0.00,0.00,0.00,0.00,0.00,0.00,0.00,0.00,0.00,0.00,0.00,0.00,0.00,0.00,0.00,0.00,0.00,0.00,274322,450655,715646,283059,464766,735525,0,0,0,0,0,0,0,131332,0,145.88,145.93,145.97
77,1,0,0,0,96515,96515,96515,764,764,764,591,591,591,0.00,0.00,0.00,0.00,0.00,0.00,0.00,0.00,0.00,0.00,0.00,0.00,0.00,0.00,0.00,0.00,0.00,0.00,0.00,0.00,0.00,301410,318185,356451,314515,331814,369556,0,0,0,0,0,0,0,120650,0,150.87,150.97,151.03
77,2,0,0,0,96515,96515,96515,765,765,765,591,591,591,0.00,0.00,0.00,0.00,0.00,0.00,0.00,0.00,0.00,0.00,0.00,0.00,0.00,0.00,0.00,0.00,0.00,0.00,0.00,0.00,0.00,293545,312701,364314,306649,326815,377419,0,0,0,0,0,0,0,121226,0,151.53,151.59,151.65
77,3,0,0,0,96515,96515,96515,764,764,764,591,591,591,0.00,0.00,0.00,0.00,0.00,0.00,0.00,0.00,0.00,0.00,0.00,0.00,0.00,0.00,0.00,0.00,0.00,0.00,0.00,0.00,0.00,288305,317324,388874,304031,330898,404326,0,0,0,0,0,0,0,108880,0,135.53,135.63,135.80
78,0,0,0,0,96514,96514,96514,765,765,765,591,591,591,0.00,0.00,0.00,0.00,0.00,0.00,0.00,0.00,0.00,0.00,0.00,0.00,0.00,0.00,0.00,0.00,0.00,0.00,0.00,0.00,0.00,424597,692326,1270958,437702,706992,1286179,0,0,0,0,0,0,0,116719,0,145.99,146.04,146.07
78,1,0,0,0,96515,96515,96515,764,764,764,591,591,591,0.00,0.00,0.00,0.00,0.00,0.00,0.00,0.00,0.00,0.00,0.00,0.00,0.00,0.00,0.00,0.00,0.00,0.00,0.00,0.00,0.00,298786,376888,532051,311896,392090,550398,0,0,0,0,0,0,0,120625,0,150.84,150.89,150.94
78,2,0,0,0,96515,96515,96515,765,765,765,591,591,591,0.00,0.00,0.00,0.00,0.00,0.00,0.00,0.00,0.00,0.00,0.00,0.00,0.00,0.00,0.00,0.00,0.00,0.00,0.00,0.00,0.00,293548,383706,610673,306653,398384,629019,0,0,0,0,0,0,0,121253,0,151.54,151.57,151.62
78,3,0,0,0,96515,96515,96515,764,764,764,591,591,591,0.00,0.00,0.00,0.00,0.00,0.00,0.00,0.00,0.00,0.00,0.00,0.00,0.00,0.00,0.00,0.00,0.00,0.00,0.00,0.00,0.00,157256,374798,686695,170361,389475,705042,0,0,0,0,0,0,0,122127,0,135.73,135.88,135.93
79,0,0,0,0,96514,96514,96514,765,765,765,591,591,591,0.00,0.00,0.00,0.00,0.00,0.00,0.00,0.00,0.00,0.00,0.00,0.00,0.00,0.00,0.00,0.00,0.00,0.00,0.00,0.00,0.00,414111,448708,521572,427216,462337,537297,0,0,0,0,0,0,0,116653,0,145.79,145.86,145.95
79,1,0,0,0,96515,96515,96515,764,764,764,591,591,591,0.00,0.00,0.00,0.00,0.00,0.00,0.00,0.00,0.00,0.00,0.00,0.00,0.00,0.00,0.00,0.00,0.00,0.00,0.00,0.00,0.00,296168,319757,369555,309273,333386,385281,0,0,0,0,0,0,0,135771,0,150.78,150.83,150.88
79,2,0,0,0,96515,96515,96515,765,765,765,591,591,591,0.00,0.00,0.00,0.00,0.00,0.00,0.00,0.00,0.00,0.00,0.00,0.00,0.00,0.00,0.00,0.00,0.00,0.00,0.00,0.00,0.00,157258,428785,1001211,170362,442414,1014316,0,0,0,0,0,0,0,90889,0,151.60,151.64,151.67
79,3,0,0,0,96515,96515,96515,764,764,764,591,591,591,0.00,0.00,0.00,0.00,0.00,0.00,0.00,0.00,0.00,0.00,0.00,0.00,0.00,0.00,0.00,0.00,0.00,0.00,0.00,0.00,0.00,293546,435605,896373,306651,449234,909478,0,0,0,0,0,0,0,81667,0,135.64,135.73,135.86
80,0,0,0,0,96514,96514,96514,765,765,765,591,591,591,0.00,0.00,0.00,0.00,0.00,0.00,0.00,0.00,0.00,0.00,0.00,0.00,0.00,0.00,0.00,0.00,0.00,0.00,0.00,0.00,0.00,408871,439274,539921,424597,452903,553026,0,0,0,0,0,0,0,87437,0,145.81,145.84,145.85
80,1,0,0,0,96515,96515,96515,764,764,764,591,591,591,0.00,0.00,0.00,0.00,0.00,0.00,0.00,0.00,0.00,0.00,0.00,0.00,0.00,0.00,0.00,0.00,0.00,0.00,0.00,0.00,0.00,10483,385806,925201,23588,398911,935685,0,0,0,0,0,0,0,90525,0,150.87,150.91,150.94
80,2,0,0,0,96515,96515,96515,765,765,765,591,591,591,0.00,0.00,0.00,0.00,0.00,0.00,0.00,0.00,0.00,0.00,0.00,0.00,0.00,0.00,0.00,0.00,0.00,0.00,0.00,0.00,0.00,298790,336006,414112,311895,349111,427217,0,0,0,0,0,0,0,121232,0,151.54,151.59,151.62
80,3,0,0,0,96515,96515,96515,764,764,764,591,591,591,0.00,0.00,0.00,0.00,0.00,0.00,0.00,0.00,0.00,0.00,0.00,0.00,0.00,0.00,0.00,0.00,0.00,0.00,0.00,0.00,0.00,290919,323946,385283,306644,337575,401008,0,0,0,0,0,0,0,108498,0,135.51,135.74,135.90
81,0,0,0,0,96514,96514,96514,765,765,765,591,591,591,0.00,0.00,0.00,0.00,0.00,0.00,0.00,0.00,0.00,0.00,0.00,0.00,0.00,0.00,0.00,0.00,0.00,0.00,0.00,0.00,0.00,408871,437171,521571,421976,451325,534676,0,0,0,0,0,0,0,116676,0,145.81,145.86,145.88
81,1,0,0,0,96515,96515,96515,764,764,764,591,591,591,0.00,0.00,0.00,0.00,0.00,0.00,0.00,0.00,0.00,0.00,0.00,0.00,0.00,0.00,0.00,0.00,0.00,0.00,0.00,0.00,0.00,301394,322900,364317,314498,336529,380043,0,0,0,0,0,0,0,120633,0,150.85,150.91,150.95
81,2,0,0,0,96515,96515,96515,765,765,765,591,591,591,0.00,0.00,0.00,0.00,0.00,0.00,0.00,0.00,0.00,0.00,0.00,0.00,0.00,0.00,0.00,0.00,0.00,0.00,0.00,0.00,0.00,296789,319824,361692,312274,333884,374796,0,0,0,0,0,0,0,121272,0,151.56,151.63,151.68
81,3,0,0,0,96515,96515,96515,764,764,764,591,591,591,0.00,0.00,0.00,0.00,0.00,0.00,0.00,0.00,0.00,0.00,0.00,0.00,0.00,0.00,0.00,0.00,0.00,0.00,0.00,0.00,0.00,293547,310845,351210,306651,324474,364315,0,0,0,0,0,0,0,108825,0,135.49,135.66,135.84
82,0,0,0,0,96514,96514,96514,765,765,765,591,591,591,0.00,0.00,0.00,0.00,0.00,0.00,0.00,0.00,0.00,0.00,0.00,0.00,0.00,0.00,0.00,0.00,0.00,0.00,0.00,0.00,0.00,421974,669825,1026981,435079,682710,1038983,0,0,0,0,0,0,0,116601,0,145.78,145.81,145.82
82,1,0,0,0,96515,96515,96515,764,764,764,591,591,591,0.00,0.00,0.00,0.00,0.00,0.00,0.00,0.00,0.00,0.00,0.00,0.00,0.00,0.00,0.00,0.00,0.00,0.00,0.00,0.00,0.00,298791,301937,311901,311895,315566,327627,0,0,0,0,0,0,0,120657,0,150.79,150.82,150.83
82,2,0,0,0,96515,96515,96515,765,765,765,591,591,591,0.00,0.00,0.00,0.00,0.00,0.00,0.00,0.00,0.00,0.00,0.00,0.00,0.00,0.00,0.00,0.00,0.00,0.00,0.00,0.00,0.00,293443,318688,403626,306782,332364,419351,0,0,0,0,0,0,0,121215,0,151.47,151.52,151.62
82,3,0,0,0,96515,96515,96515,764,764,764,591,591,591,0.00,0.00,0.00,0.00,0.00,0.00,0.00,0.00,0.00,0.00,0.00,0.00,0.00,0.00,0.00,0.00,0.00,0.00,0.00,0.00,0.00,293532,313569,369685,304016,327692,385197,0,0,0,0,0,0,0,108634,0,135.69,135.78,135.87
83,0,0,0,0,96514,96514,96514,765,765,765,591,591,591,0.00,0.00,0.00,0.00,0.00,0.00,0.00,0.00,0.00,0.00,0.00,0.00,0.00,0.00,0.00,0.00,0.00,0.00,0.00,0.00,0.00,414090,446083,532058,427212,459712,545163,0,0,0,0,0,0,0,116684,0,145.82,145.86,145.89
83,1,0,0,0,96515,96515,96515,764,764,764,591,591,591,0.00,0.00,0.00,0.00,0.00,0.00,0.00,0.00,0.00,0.00,0.00,0.00,0.00,0.00,0.00,0.00,0.00,0.00,0.00,0.00,0.00,293549,331810,414111,309275,345964,429837,0,0,0,0,0,0,0,120658,0,150.85,150.89,150.91
83,2,0,0,0,96515,96515,96515,765,765,765,591,591,591,0.00,0.00,0.00,0.00,0.00,0.00,0.00,0.00,0.00,0.00,0.00,0.00,0.00,0.00,0.00,0.00,0.00,0.00,0.00,0.00,0.00,293549,342298,406246,306654,355927,419351,0,0,0,0,0,0,0,136485,0,151.47,151.58,151.65
83,3,0,0,0,96515,96515,96515,764,764,764,591,591,591,0.00,0.00,0.00,0.00,0.00,0.00,0.00,0.00,0.00,0.00,0.00,0.00,0.00,0.00,0.00,0.00,0.00,0.00,0.00,0.00,0.00,359073,520001,854437,372178,533630,870163,0,0,0,0,0,0,0,108701,0,135.74,135.82,135.88
84,0,0,0,0,96514,96514,96514,765,765,765,591,591,591,0.00,0.00,0.00,0.00,0.00,0.00,0.00,0.00,0.00,0.00,0.00,0.00,0.00,0.00,0.00,0.00,0.00,0.00,0.00,0.00,0.00,414111,439796,524191,427216,453425,537296,0,0,0,0,0,0,0,116737,0,145.89,145.93,145.95
84,1,0,0,0,96515,96515,96515,764,764,764,591,591,591,0.00,0.00,0.00,0.00,0.00,0.00,0.00,0.00,0.00,0.00,0.00,0.00,0.00,0.00,0.00,0.00,0.00,0.00,0.00,0.00,0.00,306652,463911,1003832,322378,477539,1016936,0,0,0,0,0,0,0,135633,0,150.73,150.75,150.81
84,2,0,0,0,96515,96515,96515,765,765,765,591,591,591,0.00,0.00,0.00,0.00,0.00,0.00,0.00,0.00,0.00,0.00,0.00,0.00,0.00,0.00,0.00,0.00,0.00,0.00,0.00,0.00,0.00,290926,495354,885850,304031,508984,898955,0,0,0,0,0,0,0,121263,0,151.61,151.64,151.67
84,3,0,0,0,96515,96515,96515,764,764,764,591,591,591,0.00,0.00,0.00,0.00,0.00,0.00,0.00,0.00,0.00,0.00,0.00,0.00,0.00,0.00,0.00,0.00,0.00,0.00,0.00,0.00,0.00,290929,320807,393146,304034,334436,406251,0,0,0,0,0,0,0,108576,0,135.63,135.71,135.84
85,0,0,0,0,96514,96514,96514,765,765,765,591,591,591,0.00,0.00,0.00,0.00,0.00,0.00,0.00,0.00,0.00,0.00,0.00,0.00,0.00,0.00,0.00,0.00,0.00,0.00,0.00,0.00,0.00,406245,438744,542538,421970,452373,555643,0,0,0,0,0,0,0,116680,0,145.86,145.90,145.94
85,1,0,0,0,96515,96515,96515,764,764,764,591,591,591,0.00,0.00,0.00,0.00,0.00,0.00,0.00,0.00,0.00,0.00,0.00,0.00,0.00,0.00,0.00,0.00,0.00,0.00,0.00,0.00,0.00,296169,316612,364315,306653,330241,380041,0,0,0,0,0,0,0,120710,0,150.78,150.84,150.88
85,2,0,0,0,96515,96515,96515,765,765,765,591,591,591,0.00,0.00,0.00,0.00,0.00,0.00,0.00,0.00,0.00,0.00,0.00,0.00,0.00,0.00,0.00,0.00,0.00,0.00,0.00,0.00,0.00,304031,320282,366935,317142,333911,380040,0,0,0,0,0,0,0,121196,0,151.52,151.58,151.62
85,3,0,0,0,96515,96515,96515,764,764,764,591,591,591,0.00,0.00,0.00,0.00,0.00,0.00,0.00,0.00,0.00,0.00,0.00,0.00,0.00,0.00,0.00,0.00,0.00,0.00,0.00,0.00,0.00,290912,314513,361695,306637,328142,372179,0,0,0,0,0,0,0,108610,0,135.73,135.78,135.85
86,0,0,0,0,96514,96514,96514,765,765,765,591,591,591,0.00,0.00,0.00,0.00,0.00,0.00,0.00,0.00,0.00,0.00,0.00,0.00,0.00,0.00,0.00,0.00,0.00,0.00,0.00,0.00,0.00,416728,673587,1328835,432454,687741,1341940,0,0,0,0,0,0,0,131442,0,145.92,145.99,146.08
86,1,0,0,0,96515,96515,96515,764,764,764,591,591,591,0.00,0.00,0.00,0.00,0.00,0.00,0.00,0.00,0.00,0.00,0.00,0.00,0.00,0.00,0.00,0.00,0.00,0.00,0.00,0.00,0.00,200939,296514,356432,209675,309270,372157,0,0,0,0,0,0,0,120714,0,150.92,150.94,150.97
86,2,0,0,0,96515,96515,96515,765,765,765,591,591,591,0.00,0.00,0.00,0.00,0.00,0.00,0.00,0.00,0.00,0.00,0.00,0.00,0.00,0.00,0.00,0.00,0.00,0.00,0.00,0.00,0.00,221138,295747,351201,229777,309017,364306,0,0,0,0,0,0,0,121091,0,151.43,151.46,151.50
86,3,0,0,0,96515,96515,96515,764,764,764,591,591,591,0.00,0.00,0.00,0.00,0.00,0.00,0.00,0.00,0.00,0.00,0.00,0.00,0.00,0.00,0.00,0.00,0.00,0.00,0.00,0.00,0.00,293548,302598,327622,304567,316195,340726,0,0,0,0,0,0,0,108529,0,135.39,135.48,135.61
87,0,0,0,0,96514,96514,96514,765,765,765,591,591,591,0.00,0.00,0.00,0.00,0.00,0.00,0.00,0.00,0.00,0.00,0.00,0.00,0.00,0.00,0.00,0.00,0.00,0.00,0.00,0.00,0.00,398393,475291,741725,411499,488875,754829,0,0,0,0,0,0,0,116665,0,145.92,145.98,146.06
87,1,0,0,0,96515,96515,96515,764,764,764,591,591,591,0.00,0.00,0.00,0.00,0.00,0.00,0.00,0.00,0.00,0.00,0.00,0.00,0.00,0.00,0.00,0.00,0.00,0.00,0.00,0.00,0.00,298790,333912,401010,311894,347541,414115,0,0,0,0,0,0,0,120594,0,150.74,150.80,150.88
87,2,0,0,0,96515,96515,96515,765,765,765,591,591,591,0.00,0.00,0.00,0.00,0.00,0.00,0.00,0.00,0.00,0.00,0.00,0.00,0.00,0.00,0.00,0.00,0.00,0.00,0.00,0.00,0.00,296167,316611,380030,309272,330240,395756,0,0,0,0,0,0,0,121236,0,151.46,151.54,151.62
87,3,0,0,0,96515,96515,96515,764,764,764,591,591,591,0.00,0.00,0.00,0.00,0.00,0.00,0.00,0.00,0.00,0.00,0.00,0.00,0.00,0.00,0.00,0.00,0.00,0.00,0.00,0.00,0.00,190459,358893,495362,200943,371473,505846,0,0,0,0,0,0,0,122153,0,135.67,135.77,135.85
88,0,0,0,0,96514,96514,96514,765,765,765,591,591,591,0.00,0.00,0.00,0.00,0.00,0.00,0.00,0.00,0.00,0.00,0.00,0.00,0.00,0.00,0.00,0.00,0.00,0.00,0.00,0.00,0.00,421972,503872,597550,437698,518942,613275,0,0,0,0,0,0,0,116749,0,145.92,145.96,146.01
88,1,0,0,0,96515,96515,96515,764,764,764,591,591,591,0.00,0.00,0.00,0.00,0.00,0.00,0.00,0.00,0.00,0.00,0.00,0.00,0.00,0.00,0.00,0.00,0.00,0.00,0.00,0.00,0.00,298791,376758,456045,314517,392484,474391,0,0,0,0,0,0,0,135808,0,150.79,150.89,150.98
88,2,0,0,0,96515,96515,96515,765,765,765,591,591,591,0.00,0.00,0.00,0.00,0.00,0.00,0.00,0.00,0.00,0.00,0.00,0.00,0.00,0.00,0.00,0.00,0.00,0.00,0.00,0.00,0.00,317137,592992,901607,330242,608063,917333,0,0,0,0,0,0,0,90847,0,151.59,151.62,151.65
88,3,0,0,0,96515,96515,96515,764,764,764,591,591,591,0.00,0.00,0.00,0.00,0.00,0.00,0.00,0.00,0.00,0.00,0.00,0.00,0.00,0.00,0.00,0.00,0.00,0.00,0.00,0.00,0.00,285683,515021,893755,298787,530746,906859,0,0,0,0,0,0,0,81562,0,135.54,135.60,135.67
89,0,0,0,0,96514,96514,96514,765,765,765,591,591,591,0.00,0.00,0.00,0.00,0.00,0.00,0.00,0.00,0.00,0.00,0.00,0.00,0.00,0.00,0.00,0.00,0.00,0.00,0.00,0.00,0.00,414111,447660,560888,427216,461289,573992,0,0,0,0,0,0,0,87470,0,145.95,146.01,146.04
89,1,0,0,0,96515,96515,96515,764,764,764,591,591,591,0.00,0.00,0.00,0.00,0.00,0.00,0.00,0.00,0.00,0.00,0.00,0.00,0.00,0.00,0.00,0.00,0.00,0.00,0.00,0.00,0.00,293550,450281,948788,309276,463910,964514,0,0,0,0,0,0,0,90500,0,150.85,150.90,150.94
89,2,0,0,0,96515,96515,96515,765,765,765,591,591,591,0.00,0.00,0.00,0.00,0.00,0.00,0.00,0.00,0.00,0.00,0.00,0.00,0.00,0.00,0.00,0.00,0.00,0.00,0.00,0.00,0.00,296155,338624,427218,311880,352253,440323,0,0,0,0,0,0,0,121273,0,151.58,151.62,151.65
89,3,0,0,0,96515,96515,96515,764,764,764,591,591,591,0.00,0.00,0.00,0.00,0.00,0.00,0.00,0.00,0.00,0.00,0.00,0.00,0.00,0.00,0.00,0.00,0.00,0.00,0.00,0.00,0.00,293545,322378,387903,306650,336007,401008,0,0,0,0,0,0,0,108576,0,135.73,135.82,135.89
90,0,0,0,0,96514,96514,96514,765,765,765,591,591,591,0.00,0.00,0.00,0.00,0.00,0.00,0.00,0.00,0.00,0.00,0.00,0.00,0.00,0.00,0.00,0.00,0.00,0.00,0.00,0.00,0.00,408869,435603,532056,416733,447659,545161,0,0,0,0,0,0,0,116805,0,145.93,145.97,146.02
90,1,0,0,0,96515,96515,96515,764,764,764,591,591,591,0.00,0.00,0.00,0.00,0.00,0.00,0.00,0.00,0.00,0.00,0.00,0.00,0.00,0.00,0.00,0.00,0.00,0.00,0.00,0.00,0.00,298791,323951,364313,314516,337580,377418,0,0,0,0,0,0,0,120656,0,150.87,150.89,150.93
90,2,0,0,0,96515,96515,96515,765,765,765,591,591,591,0.00,0.00,0.00,0.00,0.00,0.00,0.00,0.00,0.00,0.00,0.00,0.00,0.00,0.00,0.00,0.00,0.00,0.00,0.00,0.00,0.00,298789,322901,366935,314515,336531,380040,0,0,0,0,0,0,0,121151,0,151.48,151.54,151.62
90,3,0,0,0,96515,96515,96515,764,764,764,591,591,591,0.00,0.00,0.00,0.00,0.00,0.00,0.00,0.00,0.00,0.00,0.00,0.00,0.00,0.00,0.00,0.00,0.00,0.00,0.00,0.00,0.00,290925,306650,348588,306651,320803,364314,0,0,0,0,0,0,0,108816,0,135.47,135.58,135.78
91,0,0,0,0,95802,96118,96514,765,1162,1477,591,591,591,0.00,0.00,0.00,0.00,0.00,0.00,0.00,0.00,0.00,0.00,0.00,0.00,0.00,0.00,0.00,0.00,0.00,0.00,0.00,0.00,0.00,427192,2513503,4492435,440296,2794822,4765022,0,0,0,0,0,0,0,117122,0,146.07,146.18,146.29
91,1,0,0,1,95803,96123,96515,764,1112,1282,591,591,591,0.00,0.00,0.00,0.00,0.00,0.00,0.00,0.00,0.00,0.00,0.00,0.00,0.00,0.00,0.00,0.00,0.00,0.00,0.00,0.00,0.00,296159,1868071,4400582,398366,2319871,4618121,0,0,0,0,0,0,0,136199,0,150.90,151.14,151.51
91,2,0,0,0,95799,96113,96515,765,1167,1481,591,591,591,0.00,0.00,0.00,0.00,0.00,0.00,0.00,0.00,0.00,0.00,0.00,0.00,0.00,0.00,0.00,0.00,0.00,0.00,0.00,0.00,0.00,298792,1642882,3535445,391797,2091965,3933863,0,0,0,0,0,0,0,136612,0,151.45,151.59,151.76
91,3,0,0,0,95803,96110,96515,764,1166,1476,591,591,591,0.00,0.00,0.00,0.00,0.00,0.00,0.00,0.00,0.00,0.00,0.00,0.00,0.00,0.00,0.00,0.00,0.00,0.00,0.00,0.00,0.00,372171,1879199,4914206,385276,2243677,5569433,0,0,0,0,0,0,0,135204,0,135.17,135.61,135.95
92,0,0,27,100,95802,95802,95802,1477,1477,1477,591,591,591,0.00,0.00,0.01,0.00,0.00,0.00,0.00,0.00,0.00,0.00,0.00,0.00,0.00,0.00,0.00,0.00,0.00,0.00,0.00,0.00,0.00,408869,480678,623778,421974,527853,663072,0,0,0,0,655,2620,0,116970,0,146.35,146.40,146.44
92,1,0,24,100,95803,95803,95803,1476,1476,1476,591,591,591,0.00,0.00,0.01,0.00,0.00,0.00,0.00,0.00,0.00,0.00,0.00,0.00,0.00,0.00,0.00,0.00,0.00,0.00,0.00,0.00,0.00,15725,496397,1399533,28830,589700,1811007,0,0,0,0,0,0,0,105719,0,151.43,151.53,151.58
92,2,0,38,100,95799,95799,95799,1481,1481,1481,591,591,591,0.00,0.00,0.01,0.00,0.00,0.00,0.00,0.00,0.00,0.00,0.00,0.00,0.00,0.00,0.00,0.00,0.00,0.00,0.00,0.00,0.00,0,641277,1597114,15725,738828,2027208,0,0,0,0,0,0,0,91078,0,151.97,152.07,152.15
92,3,0,37,100,95803,95803,95803,1476,1476,1476,591,591,591,0.00,0.00,0.01,0.00,0.00,0.00,0.00,0.00,0.00,0.00,0.00,0.00,0.00,0.00,0.00,0.00,0.00,0.00,0.00,0.00,0.00,283061,555631,1368095,296166,641072,1740258,0,524,2620,0,0,0,0,81464,0,135.28,135.53,135.64
93,0,0,0,0,95802,95802,95802,1477,1477,1477,591,591,591,0.00,0.00,0.00,0.00,0.00,0.00,0.00,0.00,0.00,0.00,0.00,0.00,0.00,0.00,0.00,0.00,0.00,0.00,0.00,0.00,0.00,403607,432454,547783,414112,446083,558267,0,0,0,0,0,0,0,116830,0,146.10,146.14,146.21
93,1,0,0,0,95803,95803,95803,1476,1476,1476,591,591,591,0.00,0.00,0.00,0.00,0.00,0.00,0.00,0.00,0.00,0.00,0.00,0.00,0.00,0.00,0.00,0.00,0.00,0.00,0.00,0.00,0.00,293532,437698,922583,309257,451852,935688,0,0,0,0,0,0,0,120692,0,150.76,150.87,151.07
93,2,0,0,0,95799,95799,95799,1481,1481,1481,591,591,591,0.00,0.00,0.00,0.00,0.00,0.00,0.00,0.00,0.00,0.00,0.00,0.00,0.00,0.00,0.00,0.00,0.00,0.00,0.00,0.00,0.00,293548,326047,377418,309274,339152,387902,0,0,0,0,0,0,0,121287,0,151.48,151.57,151.72
93,3,0,0,0,95803,95803,95803,1476,1476,1476,591,591,591,0.00,0.00,0.00,0.00,0.00,0.00,0.00,0.00,0.00,0.00,0.00,0.00,0.00,0.00,0.00,0.00,0.00,0.00,0.00,0.00,0.00,288303,319757,395765,301408,333386,411491,0,0,0,0,0,0,0,107820,0,134.89,135.12,135.44
94,0,0,0,0,95802,95802,95802,1477,1477,1477,591,591,591,0.00,0.00,0.00,0.00,0.00,0.00,0.00,0.00,0.00,0.00,0.00,0.00,0.00,0.00,0.00,0.00,0.00,0.00,0.00,0.00,0.00,398380,437700,545161,414105,451853,558266,0,0,0,0,0,0,0,116913,0,146.16,146.21,146.25
94,1,0,0,0,95803,95803,95803,1476,1476,1476,591,591,591,0.00,0.00,0.00,0.00,0.00,0.00,0.00,0.00,0.00,0.00,0.00,0.00,0.00,0.00,0.00,0.00,0.00,0.00,0.00,0.00,0.00,290927,313991,359072,301411,327620,374798,0,0,0,0,0,0,0,120693,0,150.91,150.95,151.01
94,2,0,0,0,95799,95799,95799,1481,1481,1481,591,591,591,0.00,0.00,0.00,0.00,0.00,0.00,0.00,0.00,0.00,0.00,0.00,0.00,0.00,0.00,0.00,0.00,0.00,0.00,0.00,0.00,0.00,301395,313463,348589,314510,327092,361694,0,0,0,0,0,0,0,121104,0,151.41,151.47,151.53
94,3,0,0,0,95803,95803,95803,1476,1476,1476,591,591,591,0.00,0.00,0.00,0.00,0.00,0.00,0.00,0.00,0.00,0.00,0.00,0.00,0.00,0.00,0.00,0.00,0.00,0.00,0.00,0.00,0.00,288303,302983,335484,301408,316612,348589,0,0,0,0,0,0,0,108943,0,135.05,135.47,135.91
95,0,0,0,0,95802,95802,95802,1477,1477,1477,591,591,591,0.00,0.00,0.00,0.00,0.00,0.00,0.00,0.00,0.00,0.00,0.00,0.00,0.00,0.00,0.00,0.00,0.00,0.00,0.00,0.00,0.00,272568,690881,1323582,281304,703111,1339308,0,0,0,0,0,0,0,116873,0,146.14,146.19,146.26
95,1,0,0,0,95803,95803,95803,1476,1476,1476,591,591,591,0.00,0.00,0.00,0.00,0.00,0.00,0.00,0.00,0.00,0.00,0.00,0.00,0.00,0.00,0.00,0.00,0.00,0.00,0.00,0.00,0.00,290926,326599,382662,304031,339479,394893,0,0,0,0,0,0,0,120565,0,150.86,150.91,150.94
95,2,0,0,0,95799,95799,95799,1481,1481,1481,591,591,591,0.00,0.00,0.00,0.00,0.00,0.00,0.00,0.00,0.00,0.00,0.00,0.00,0.00,0.00,0.00,0.00,0.00,0.00,0.00,0.00,0.00,282934,325150,396637,295795,338206,407121,0,0,0,0,0,0,0,121192,0,151.43,151.49,151.54
95,3,0,0,0,95803,95803,95803,1476,1476,1476,591,591,591,0.00,0.00,0.00,0.00,0.00,0.00,0.00,0.00,0.00,0.00,0.00,0.00,0.00,0.00,0.00,0.00,0.00,0.00,0.00,0.00,0.00,283063,306571,366935,298788,320698,380040,0,0,0,0,0,0,0,108665,0,135.76,135.89,136.07
96,0,0,0,0,95802,95802,95802,1477,1477,1477,591,591,591,0.00,0.00,0.00,0.00,0.00,0.00,0.00,0.00,0.00,0.00,0.00,0.00,0.00,0.00,0.00,0.00,0.00,0.00,0.00,0.00,0.00,394823,431005,542540,410830,445115,555645,0,0,0,0,0,0,0,116948,0,146.09,146.12,146.16
96,1,0,0,0,95803,95803,95803,1476,1476,1476,591,591,591,0.00,0.00,0.00,0.00,0.00,0.00,0.00,0.00,0.00,0.00,0.00,0.00,0.00,0.00,0.00,0.00,0.00,0.00,0.00,0.00,0.00,290927,317657,361676,304032,331286,372159,0,0,0,0,0,0,0,120760,0,150.80,150.87,150.97
96,2,0,0,0,95799,95799,95799,1481,1481,1481,591,591,591,0.00,0.00,0.00,0.00,0.00,0.00,0.00,0.00,0.00,0.00,0.00,0.00,0.00,0.00,0.00,0.00,0.00,0.00,0.00,0.00,0.00,149395,307173,398368,165121,320802,408852,0,0,0,0,0,0,0,136286,0,151.50,151.51,151.53
96,3,0,0,0,95803,95803,95803,1476,1476,1476,591,591,591,0.00,0.00,0.00,0.00,0.00,0.00,0.00,0.00,0.00,0.00,0.00,0.00,0.00,0.00,0.00,0.00,0.00,0.00,0.00,0.00,0.00,251612,403278,676211,262096,415859,689316,0,0,0,0,0,0,0,108996,0,135.75,136.00,136.13
97,0,0,0,0,95802,95802,95802,1477,1477,1477,591,591,591,0.00,0.00,0.00,0.00,0.00,0.00,0.00,0.00,0.00,0.00,0.00,0.00,0.00,0.00,0.00,0.00,0.00,0.00,0.00,0.00,0.00,401007,434555,539920,414112,448185,553025,0,0,0,0,0,0,0,116795,0,146.00,146.11,146.19
97,1,0,0,0,95803,95803,95803,1476,1476,1476,591,591,591,0.00,0.00,0.00,0.00,0.00,0.00,0.00,0.00,0.00,0.00,0.00,0.00,0.00,0.00,0.00,0.00,0.00,0.00,0.00,0.00,0.00,10483,393143,954028,26209,406248,967133,0,0,0,0,0,0,0,135818,0,150.94,151.01,151.07
97,2,0,0,0,95799,95799,95799,1481,1481,1481,591,591,591,0.00,0.00,0.00,0.00,0.00,0.00,0.00,0.00,0.00,0.00,0.00,0.00,0.00,0.00,0.00,0.00,0.00,0.00,0.00,0.00,0.00,293549,458668,854433,306654,472297,870158,0,0,0,0,0,0,0,121267,0,151.53,151.60,151.66
97,3,0,0,0,95803,95803,95803,1476,1476,1476,591,591,591,0.00,0.00,0.00,0.00,0.00,0.00,0.00,0.00,0.00,0.00,0.00,0.00,0.00,0.00,0.00,0.00,0.00,0.00,0.00,0.00,0.00,285685,338625,453428,301411,352254,463911,0,0,0,0,0,0,0,108887,0,135.81,135.92,136.04
98,0,0,0,0,95802,95802,95802,1477,1477,1477,591,591,591,0.00,0.00,0.00,0.00,0.00,0.00,0.00,0.00,0.00,0.00,0.00,0.00,0.00,0.00,0.00,0.00,0.00,0.00,0.00,0.00,0.00,403625,478975,524192,416730,494045,537296,0,0,0,0,0,0,0,87633,0,145.83,145.88,145.92
98,1,0,0,0,95803,95803,95803,1476,1476,1476,591,591,591,0.00,0.00,0.00,0.00,0.00,0.00,0.00,0.00,0.00,0.00,0.00,0.00,0.00,0.00,0.00,0.00,0.00,0.00,0.00,0.00,0.00,293551,358412,466530,306656,374137,484877,0,0,0,0,0,0,0,120667,0,150.78,150.83,150.92
98,2,0,0,0,95799,95799,95799,1481,1481,1481,591,591,591,0.00,0.00,0.00,0.00,0.00,0.00,0.00,0.00,0.00,0.00,0.00,0.00,0.00,0.00,0.00,0.00,0.00,0.00,0.00,0.00,0.00,301410,356451,445566,314515,372177,463913,0,0,0,0,0,0,0,121385,0,151.63,151.67,151.73
98,3,0,0,0,95803,95803,95803,1476,1476,1476,591,591,591,0.00,0.00,0.00,0.00,0.00,0.00,0.00,0.00,0.00,0.00,0.00,0.00,0.00,0.00,0.00,0.00,0.00,0.00,0.00,0.00,0.00,293550,362348,553023,309273,378074,573991,0,0,0,0,0,0,0,108495,0,135.90,136.05,136.13
99,0,0,0,0,95802,95802,95802,1477,1477,1477,591,591,591,0.00,0.00,0.00,0.00,0.00,0.00,0.00,0.00,0.00,0.00,0.00,0.00,0.00,0.00,0.00,0.00,0.00,0.00,0.00,0.00,0.00,398385,467580,715524,414111,481209,728629,0,0,0,0,0,0,0,131660,0,145.96,146.06,146.18
99,1,0,0,0,95803,95803,95803,1476,1476,1476,591,591,591,0.00,0.00,0.00,0.00,0.00,0.00,0.00,0.00,0.00,0.00,0.00,0.00,0.00,0.00,0.00,0.00,0.00,0.00,0.00,0.00,0.00,290928,315039,364313,304032,328668,377418,0,0,0,0,0,0,0,120704,0,150.83,150.86,150.90
99,2,0,0,0,95799,95799,95799,1481,1481,1481,591,591,591,0.00,0.00,0.00,0.00,0.00,0.00,0.00,0.00,0.00,0.00,0.00,0.00,0.00,0.00,0.00,0.00,0.00,0.00,0.00,0.00,0.00,285684,311891,359072,298789,325520,372177,0,0,0,0,0,0,0,121202,0,151.66,151.74,151.76
99,3,0,0,0,95803,95803,95803,1476,1476,1476,591,591,591,0.00,0.00,0.00,0.00,0.00,0.00,0.00,0.00,0.00,0.00,0.00,0.00,0.00,0.00,0.00,0.00,0.00,0.00,0.00,0.00,0.00,280443,299838,345969,296169,313467,356453,0,0,0,0,0,0,0,109183,0,135.62,135.71,135.90
100,0,0,0,0,95802,95802,95802,1477,1477,1477,591,591,591,0.00,0.00,0.00,0.00,0.00,0.00,0.00,0.00,0.00,0.00,0.00,0.00,0.00,0.00,0.00,0.00,0.00,0.00,0.00,0.00,0.00,255863,614679,1396973,264507,627416,1412699,0,0,0,0,0,0,0,117023,0,146.24,146.34,146.41
100,1,0,0,0,95803,95803,95803,1476,1476,1476,591,591,591,0.00,0.00,0.00,0.00,0.00,0.00,0.00,0.00,0.00,0.00,0.00,0.00,0.00,0.00,0.00,0.00,0.00,0.00,0.00,0.00,0.00,283981,330602,375683,299471,343310,384420,0,0,0,0,0,0,0,120770,0,150.91,150.94,150.97
100,2,0,0,0,95799,95799,95799,1481,1481,1481,591,591,591,0.00,0.00,0.00,0.00,0.00,0.00,0.00,0.00,0.00,0.00,0.00,0.00,0.00,0.00,0.00,0.00,0.00,0.00,0.00,0.00,0.00,296173,338659,382667,309278,351192,395772,0,0,0,0,0,0,0,121304,0,151.57,151.62,151.66
100,3,0,0,0,95803,95803,95803,1476,1476,1476,591,591,591,0.00,0.00,0.00,0.00,0.00,0.00,0.00,0.00,0.00,0.00,0.00,0.00,0.00,0.00,0.00,0.00,0.00,0.00,0.00,0.00,0.00,283878,340389,432455,294108,353999,445560,0,0,0,0,0,0,0,122500,0,136.29,136.36,136.44
101,0,0,7,35,90606,94558,95802,1477,2720,6673,591,591,591,0.00,0.00,0.00,0.00,0.00,0.00,0.00,0.00,0.00,0.00,0.00,0.00,0.00,0.00,0.00,0.00,0.00,0.00,0.00,0.00,0.01,397252,487784,720708,412629,823696,2154261,0,0,0,0,0,0,0,119055,0,146.22,146.98,149.02
101,1,0,7,35,90607,94203,95803,1476,3075,6672,591,591,591,0.00,0.00,0.01,0.00,0.00,0.01,0.00,0.00,0.00,0.00,0.00,0.00,0.00,0.00,0.00,0.00,0.00,0.00,0.00,0.00,0.02,293550,365347,469115,309272,703433,1939415,0,0,0,0,0,0,0,138243,0,150.92,151.46,153.16
101,2,0,7,28,90603,94151,95799,1481,3128,6677,591,591,591,0.00,0.00,0.01,0.00,0.00,0.01,0.00,0.00,0.00,0.00,0.00,0.00,0.00,0.00,0.00,0.00,0.00,0.00,0.00,0.00,0.02,152016,490619,1085025,165121,820843,2578901,0,0,0,0,0,0,0,92659,0,151.67,152.23,153.91
101,3,0,7,37,90607,94483,95803,1476,2795,6672,591,591,591,0.00,0.00,0.00,0.00,0.00,0.00,0.00,0.00,0.00,0.00,0.00,0.00,0.00,0.00,0.00,0.00,0.00,0.00,0.00,0.00,0.01,290907,482764,822988,348564,774181,1944518,0,0,0,0,0,0,0,85116,0,135.62,137.09,140.29
102,0,0,1,5,90606,90606,90606,6673,6673,6673,591,591,591,0.00,0.00,0.01,0.00,0.00,0.01,0.00,0.00,0.00,0.00,0.00,0.00,0.00,0.00,0.00,0.00,0.00,0.00,0.00,0.00,0.01,411484,470193,629019,427209,513176,644745,0,0,0,0,0,0,0,117021,0,146.41,148.53,149.31
102,1,0,0,0,90607,90607,90607,6672,6672,6672,591,591,591,0.00,0.00,0.00,0.00,0.00,0.00,0.00,0.00,0.00,0.00,0.00,0.00,0.00,0.00,0.00,0.00,0.00,0.00,0.00,0.00,0.00,18346,379512,914706,31451,420399,930432,0,0,0,0,0,0,0,90468,0,150.92,152.66,153.20
102,2,0,0,0,90603,90603,90603,6677,6677,6677,591,591,591,0.00,0.00,0.00,0.00,0.00,0.00,0.00,0.00,0.00,0.00,0.00,0.00,0.00,0.00,0.00,0.00,0.00,0.00,0.00,0.00,0.00,298787,310318,348586,311891,358543,490115,0,0,0,0,0,0,0,121292,0,151.70,153.39,153.97
102,3,0,0,0,90607,90607,90607,6672,6672,6672,591,591,591,0.00,0.00,0.01,0.00,0.00,0.01,0.00,0.00,0.00,0.00,0.00,0.00,0.00,0.00,0.00,0.00,0.00,0.00,0.00,0.00,0.01,293542,326040,390522,306646,412531,767939,0,0,0,0,0,0,0,109222,0,136.46,139.64,140.96
103,0,0,0,0,90606,90606,90606,6673,6673,6673,591,591,591,0.00,0.00,0.00,0.00,0.00,0.00,0.00,0.00,0.00,0.00,0.00,0.00,0.00,0.00,0.00,0.00,0.00,0.00,0.00,0.00,0.00,414081,434020,508463,424564,448173,524189,0,0,0,0,0,0,0,116678,0,145.91,146.02,146.19
103,1,0,0,0,90607,90607,90607,6672,6672,6672,591,591,591,0.00,0.00,0.00,0.00,0.00,0.00,0.00,0.00,0.00,0.00,0.00,0.00,0.00,0.00,0.00,0.00,0.00,0.00,0.00,0.00,0.00,296166,318178,345943,311892,331807,359047,0,0,0,0,0,0,0,120634,0,150.81,150.84,150.89
103,2,0,0,0,90603,90603,90603,6677,6677,6677,591,591,591,0.00,0.00,0.00,0.00,0.00,0.00,0.00,0.00,0.00,0.00,0.00,0.00,0.00,0.00,0.00,0.00,0.00,0.00,0.00,0.00,0.00,309267,322373,356446,319751,336527,372172,0,0,0,0,0,0,0,121253,0,151.59,151.63,151.69
103,3,0,0,0,90607,90607,90607,6672,6672,6672,591,591,591,0.00,0.00,0.00,0.00,0.00,0.00,0.00,0.00,0.00,0.00,0.00,0.00,0.00,0.00,0.00,0.00,0.00,0.00,0.00,0.00,0.00,293542,304551,327617,309265,318180,340721,0,0,0,0,0,0,0,109157,0,135.99,136.10,136.22
104,0,0,0,0,90606,90606,90606,6673,6673,6673,591,591,591,0.00,0.00,0.00,0.00,0.00,0.00,0.00,0.00,0.00,0.00,0.00,0.00,0.00,0.00,0.00,0.00,0.00,0.00,0.00,0.00,0.00,411489,720235,1341927,427214,733864,1357653,0,0,0,0,0,0,0,116891,0,145.91,146.02,146.15
104,1,0,0,0,90607,90607,90607,6672,6672,6672,591,591,591,0.00,0.00,0.00,0.00,0.00,0.00,0.00,0.00,0.00,0.00,0.00,0.00,0.00,0.00,0.00,0.00,0.00,0.00,0.00,0.00,0.00,298788,316610,343345,311893,330239,356449,0,0,0,0,0,0,0,120643,0,150.84,150.88,150.91
104,2,0,0,0,90603,90603,90603,6677,6677,6677,591,591,591,0.00,0.00,0.00,0.00,0.00,0.00,0.00,0.00,0.00,0.00,0.00,0.00,0.00,0.00,0.00,0.00,0.00,0.00,0.00,0.00,0.00,296151,307904,322377,309255,321496,338102,0,0,0,0,0,0,0,121253,0,151.57,151.67,151.74
104,3,0,0,0,90607,90607,90607,6672,6672,6672,591,591,591,0.00,0.00,0.00,0.00,0.00,0.00,0.00,0.00,0.00,0.00,0.00,0.00,0.00,0.00,0.00,0.00,0.00,0.00,0.00,0.00,0.00,287623,305465,348587,300463,319041,361691,0,0,0,0,0,0,0,109013,0,136.07,136.23,136.34
105,0,0,0,0,90606,90606,90606,6673,6673,6673,591,591,591,0.00,0.00,0.00,0.00,0.00,0.00,0.00,0.00,0.00,0.00,0.00,0.00,0.00,0.00,0.00,0.00,0.00,0.00,0.00,0.00,0.00,352901,403996,429997,363281,417025,445446,0,0,0,0,0,0,0,116851,0,145.99,146.06,146.13
105,1,0,0,0,90607,90607,90607,6672,6672,6672,591,591,591,0.00,0.00,0.00,0.00,0.00,0.00,0.00,0.00,0.00,0.00,0.00,0.00,0.00,0.00,0.00,0.00,0.00,0.00,0.00,0.00,0.00,292180,334670,398388,306649,347732,408872,0,0,0,0,0,0,0,120714,0,150.81,150.89,150.95
105,2,0,0,0,90603,90603,90603,6677,6677,6677,591,591,591,0.00,0.00,0.00,0.00,0.00,0.00,0.00,0.00,0.00,0.00,0.00,0.00,0.00,0.00,0.00,0.00,0.00,0.00,0.00,0.00,0.00,146771,323263,457783,159876,336019,466519,0,0,0,0,0,0,0,136504,0,151.60,151.65,151.70
105,3,0,0,0,90607,90607,90607,6672,6672,6672,591,591,591,0.00,0.00,0.00,0.00,0.00,0.00,0.00,0.00,0.00,0.00,0.00,0.00,0.00,0.00,0.00,0.00,0.00,0.00,0.00,0.00,0.00,345963,457074,573110,359068,469657,583593,0,0,0,0,0,0,0,110282,0,136.16,136.67,137.70
106,0,0,2,11,88016,89051,90606,6673,8227,9263,591,591,591,0.00,0.00,0.00,0.00,0.00,0.00,0.00,0.00,0.00,0.00,0.00,0.00,0.00,0.00,0.00,0.00,0.00,0.00,0.00,0.00,0.01,405574,455902,545163,418916,643604,1213513,0,0,0,0,0,0,0,118252,0,146.06,146.98,147.47
106,1,0,8,44,88017,88539,90607,6672,8740,9262,591,591,591,0.00,0.00,0.00,0.00,0.00,0.00,0.00,0.00,0.00,0.00,0.00,0.00,0.00,0.00,0.00,0.00,0.00,0.00,0.00,0.00,0.01,10483,279906,408897,20967,467568,1116605,0,0,0,0,0,0,0,137119,0,150.95,151.99,152.36
106,2,0,4,23,88013,88535,90603,6677,8745,9267,591,591,591,0.00,0.00,0.00,0.00,0.00,0.00,0.00,0.00,0.00,0.00,0.00,0.00,0.00,0.00,0.00,0.00,0.00,0.00,0.00,0.00,0.01,304014,479613,904147,322360,667793,1161073,0,0,0,0,0,0,0,122506,0,151.71,152.65,152.91
106,3,0,0,0,88017,89053,90607,6672,8226,9262,591,591,591,0.00,0.00,0.00,0.00,0.00,0.00,0.00,0.00,0.00,0.00,0.00,0.00,0.00,0.00,0.00,0.00,0.00,0.00,0.00,0.00,0.01,290925,338097,476983,306652,526271,1289426,0,0,0,0,0,0,0,112901,0,138.42,140.13,141.35
107,0,0,0,0,87016,87266,88016,9263,10013,10263,591,591,591,0.00,0.00,0.00,0.00,0.00,0.00,0.00,0.00,0.00,0.00,0.00,0.00,0.00,0.00,0.00,0.00,0.00,0.00,0.00,0.00,0.00,406247,456696,542539,453428,548427,665689,0,0,0,0,0,0,0,87759,0,146.34,146.91,147.53
107,1,0,0,3,87017,87017,87017,10262,10262,10262,591,591,591,0.00,0.00,0.00,0.00,0.00,0.00,0.00,0.00,0.00,0.00,0.00,0.00,0.00,0.00,0.00,0.00,0.00,0.00,0.00,0.00,0.00,296171,527454,1001135,311897,619845,1016860,0,0,0,0,0,0,0,120987,0,151.06,151.52,152.47
107,2,0,3,13,87013,87013,87013,10267,10267,10267,591,591,591,0.00,0.00,0.00,0.00,0.00,0.00,0.00,0.00,0.00,0.00,0.00,0.00,0.00,0.00,0.00,0.00,0.00,0.00,0.00,0.00,0.00,298768,315166,338107,311896,406901,663109,0,0,0,0,0,0,0,120820,0,151.33,151.95,153.11
107,3,0,0,0,87017,87267,88017,9262,10012,10262,591,591,591,0.00,0.00,0.00,0.00,0.00,0.00,0.00,0.00,0.00,0.00,0.00,0.00,0.00,0.00,0.00,0.00,0.00,0.00,0.00,0.00,0.00,296152,315165,351212,314498,407550,639491,0,0,0,0,0,0,0,109114,0,136.54,137.75,139.69
108,0,0,60,100,86534,86590,86816,10463,10688,10745,591,591,591,0.00,0.00,0.01,0.00,0.00,0.00,0.00,0.00,0.00,0.00,0.00,0.00,0.00,0.00,0.00,0.00,0.00,0.00,0.00,0.00,0.00,408823,513686,718146,463857,561908,733872,0,0,0,0,0,0,0,131843,0,146.26,146.35,146.49
108,1,0,52,100,86535,86591,86817,10462,10687,10744,591,591,591,0.00,0.00,0.01,0.00,0.00,0.00,0.00,0.00,0.00,0.00,0.00,0.00,0.00,0.00,0.00,0.00,0.00,0.00,0.00,0.00,0.00,290928,389982,516311,306654,438205,610662,0,0,0,0,0,0,0,121216,0,150.99,151.20,151.44
108,2,0,40,100,86531,86587,86813,10467,10692,10749,591,591,591,0.00,0.00,0.01,0.00,0.00,0.00,0.00,0.00,0.00,0.00,0.00,0.00,0.00,0.00,0.00,0.00,0.00,0.00,0.00,0.00,0.00,288306,367449,516316,304032,416198,608048,0,0,0,0,524,2620,0,121041,0,150.90,151.13,151.29
108,3,0,40,100,86535,86591,86817,10462,10687,10744,591,591,591,0.00,0.00,0.01,0.00,0.00,0.00,0.00,0.00,0.00,0.00,0.00,0.00,0.00,0.00,0.00,0.00,0.00,0.00,0.00,0.00,0.00,301382,425631,691922,317137,473855,781033,0,524,2620,0,0,0,0,108836,0,136.07,136.21,136.45
109,0,0,59,100,80186,81713,86534,10745,15565,17093,591,591,591,0.00,0.04,0.17,0.00,0.01,0.06,0.00,0.00,0.00,0.00,0.00,0.00,0.00,0.00,0.00,0.00,0.00,0.00,0.00,0.01,0.05,301123,952406,2023147,435188,1396530,4043673,0,0,0,0,0,0,0,127871,0,146.55,152.79,157.13
109,1,0,60,100,79847,81510,86535,10744,15768,17432,591,591,591,0.00,0.04,0.16,0.00,0.01,0.06,0.00,0.00,0.00,0.00,0.00,0.00,0.00,0.00,0.00,0.00,0.00,0.00,0.00,0.01,0.06,296170,404128,613245,309275,827779,2059941,0,0,0,0,0,0,0,132735,0,151.55,158.52,162.63
109,2,0,50,100,80019,81611,86531,10749,15668,17261,591,591,591,0.00,0.04,0.17,0.00,0.01,0.06,0.00,0.00,0.00,0.00,0.00,0.00,0.00,0.00,0.00,0.00,0.00,0.00,0.00,0.01,0.06,309255,389178,571370,327613,814541,2057335,0,0,0,0,0,0,0,147336,0,151.36,158.48,162.54
109,3,0,71,100,79935,81551,86535,10744,15716,17344,591,591,591,0.00,0.04,0.11,0.00,0.01,0.03,0.00,0.00,0.00,0.00,0.00,0.00,0.00,0.00,0.00,0.00,0.00,0.00,0.00,0.01,0.04,285686,377181,560074,298791,821452,2056150,0,0,0,0,0,0,0,132569,0,136.08,142.08,146.56
110,0,0,0,0,79786,79914,80186,17093,17365,17493,591,591,591,0.00,0.00,0.00,0.00,0.00,0.00,0.00,0.00,0.00,0.00,0.00,0.00,0.00,0.00,0.00,0.00,0.00,0.00,0.00,0.00,0.00,405530,1331233,2741421,421538,1723364,3622031,0,0,0,0,0,0,0,117352,0,146.60,150.45,157.26
110,1,0,0,0,79583,79687,79847,17432,17591,17696,591,591,591,0.00,0.00,0.00,0.00,0.00,0.00,0.00,0.00,0.00,0.00,0.00,0.00,0.00,0.00,0.00,0.00,0.00,0.00,0.00,0.00,0.00,293534,1104434,2157015,306638,1495990,2959016,0,0,0,0,0,0,0,136718,0,151.47,155.57,162.66
110,2,0,0,2,79729,79843,80019,17261,17437,17551,591,591,591,0.00,0.00,0.00,0.00,0.00,0.00,0.00,0.00,0.00,0.00,0.00,0.00,0.00,0.00,0.00,0.00,0.00,0.00,0.00,0.00,0.00,146768,1226550,2523832,162493,1621246,3307451,0,0,0,0,0,0,0,90707,0,151.22,155.25,162.36
110,3,0,0,1,79773,79841,79935,17344,17437,17506,591,591,591,0.00,0.00,0.00,0.00,0.00,0.00,0.00,0.00,0.00,0.00,0.00,0.00,0.00,0.00,0.00,0.00,0.00,0.00,0.00,0.00,0.00,359037,1244751,2641850,374761,1629957,3564401,0,0,0,0,0,0,0,80969,0,135.12,139.07,146.12
111,0,0,0,0,79774,79781,79786,17493,17497,17505,591,591,591,0.00,0.00,0.00,0.00,0.00,0.00,0.00,0.00,0.00,0.00,0.00,0.00,0.00,0.00,0.00,0.00,0.00,0.00,0.00,0.00,0.00,304012,605951,1095518,343324,643692,1202973,0,0,0,0,0,0,0,119060,0,146.95,147.65,148.28
111,1,0,0,0,79571,79580,79583,17696,17698,17708,591,591,591,0.00,0.00,0.00,0.00,0.00,0.00,0.00,0.00,0.00,0.00,0.00,0.00,0.00,0.00,0.00,0.00,0.00,0.00,0.00,0.00,0.00,2620,519458,906849,15725,552481,1019494,0,0,0,0,0,0,0,91854,0,151.94,152.54,153.04
111,2,0,0,1,79717,79724,79729,17551,17555,17563,591,591,591,0.00,0.00,0.00,0.00,0.00,0.00,0.00,0.00,0.00,0.00,0.00,0.00,0.00,0.00,0.00,0.00,0.00,0.00,0.00,0.00,0.00,296167,405188,723371,311892,438211,812481,0,0,0,0,0,0,0,121235,0,151.34,151.45,151.53
111,3,0,0,0,79763,79771,79773,17506,17508,17516,591,591,591,0.00,0.00,0.00,0.00,0.00,0.00,0.00,0.00,0.00,0.00,0.00,0.00,0.00,0.00,0.00,0.00,0.00,0.00,0.00,0.00,0.00,298786,355390,547732,314512,377929,602767,0,0,0,0,0,0,0,111315,0,135.48,136.80,138.56
112,0,0,8,37,79702,79704,79710,17569,17574,17577,591,591,591,0.00,0.03,0.15,0.00,0.01,0.07,0.00,0.01,0.06,0.00,0.00,0.00,0.00,0.00,0.01,0.00,0.00,0.00,0.00,0.01,0.05,309271,822395,1674593,319755,947669,1837073,0,0,0,0,0,0,0,118449,0,148.63,159.85,163.29
112,1,0,4,22,79499,79501,79507,17772,17777,17780,591,591,591,0.00,0.03,0.14,0.00,0.01,0.06,0.00,0.01,0.06,0.00,0.00,0.00,0.00,0.00,0.01,0.00,0.00,0.00,0.00,0.01,0.05,427199,774698,1407307,513700,898398,1559306,0,0,0,0,0,0,0,141090,0,153.40,166.79,170.43
112,2,0,7,29,79645,79647,79653,17627,17632,17635,591,591,591,0.00,0.05,0.22,0.00,0.02,0.10,0.00,0.02,0.10,0.00,0.00,0.00,0.00,0.00,0.01,0.00,0.00,0.00,0.00,0.02,0.09,298783,566603,1580261,311888,693973,1737501,0,0,0,0,0,0,0,148711,0,152.86,172.78,178.39
112,3,0,6,24,79689,79691,79697,17582,17587,17590,591,591,591,0.00,0.03,0.15,0.00,0.01,0.07,0.00,0.01,0.06,0.00,0.00,0.00,0.00,0.00,0.01,0.00,0.00,0.00,0.00,0.01,0.05,306614,562944,1265824,330238,697126,1457140,0,0,0,0,0,0,0,127039,0,142.32,154.70,158.68
113,0,0,0,0,79702,79702,79702,17577,17577,17577,591,591,591,0.00,0.00,0.00,0.00,0.00,0.00,0.00,0.00,0.00,0.00,0.00,0.00,0.00,0.00,0.00,0.00,0.00,0.00,0.00,0.00,0.00,222837,298793,361686,231541,312065,374791,0,0,0,0,0,0,0,116849,0,146.11,149.33,161.49
113,1,0,0,0,79499,79499,79499,17780,17780,17780,591,591,591,0.00,0.00,0.00,0.00,0.00,0.00,0.00,0.00,0.00,0.00,0.00,0.00,0.00,0.00,0.00,0.00,0.00,0.00,0.00,0.00,0.00,419351,514051,705041,432455,526806,718146,0,0,0,0,0,0,0,120567,0,150.79,154.59,168.84
113,2,0,0,0,79645,79645,79645,17635,17635,17635,591,591,591,0.00,0.00,0.00,0.00,0.00,0.00,0.00,0.00,0.00,0.00,0.00,0.00,0.00,0.00,0.00,0.00,0.00,0.00,0.00,0.00,0.00,293546,337086,401172,306651,350178,411592,0,0,0,0,0,0,0,120426,0,150.58,156.15,176.71
113,3,0,0,0,79689,79689,79689,17590,17590,17590,591,591,591,0.00,0.00,0.00,0.00,0.00,0.00,0.00,0.00,0.00,0.00,0.00,0.00,0.00,0.00,0.00,0.00,0.00,0.00,0.00,0.00,0.00,298784,416929,636891,314510,430890,649996,0,0,0,0,0,0,0,121342,0,134.92,139.21,155.19
114,0,0,0,0,79702,79702,79702,17577,17577,17577,591,591,591,0.00,0.00,0.00,0.00,0.00,0.00,0.00,0.00,0.00,0.00,0.00,0.00,0.00,0.00,0.00,0.00,0.00,0.00,0.00,0.00,0.00,296136,314979,369550,309475,328609,382655,0,0,0,0,0,0,0,116795,0,145.90,145.96,146.07
114,1,0,0,0,79499,79499,79499,17780,17780,17780,591,591,591,0.00,0.00,0.00,0.00,0.00,0.00,0.00,0.00,0.00,0.00,0.00,0.00,0.00,0.00,0.00,0.00,0.00,0.00,0.00,0.00,0.00,406204,440820,474328,421928,454406,487217,0,0,0,0,0,0,0,120603,0,150.77,150.81,150.83
114,2,0,0,0,79645,79645,79645,17635,17635,17635,591,591,591,0.00,0.00,0.00,0.00,0.00,0.00,0.00,0.00,0.00,0.00,0.00,0.00,0.00,0.00,0.00,0.00,0.00,0.00,0.00,0.00,0.00,162498,424588,961871,178223,437693,977597,0,0,0,0,0,0,0,135508,0,150.55,150.61,150.64
114,3,0,0,0,79689,79689,79689,17590,17590,17590,591,591,591,0.00,0.00,0.00,0.00,0.00,0.00,0.00,0.00,0.00,0.00,0.00,0.00,0.00,0.00,0.00,0.00,0.00,0.00,0.00,0.00,0.00,304031,490821,816896,317136,504055,830649,0,0,0,0,0,0,0,107798,0,134.55,134.65,134.80
115,0,0,0,0,79702,79702,79702,17577,17577,17577,591,591,591,0.00,0.00,0.00,0.00,0.00,0.00,0.00,0.00,0.00,0.00,0.00,0.00,0.00,0.00,0.00,0.00,0.00,0.00,0.00,0.00,0.00,298790,326962,406246,311894,342032,421971,0,0,0,0,0,0,0,87860,0,146.06,146.22,146.36
115,1,0,0,0,79499,79499,79499,17780,17780,17780,591,591,591,0.00,0.00,0.00,0.00,0.00,0.00,0.00,0.00,0.00,0.00,0.00,0.00,0.00,0.00,0.00,0.00,0.00,0.00,0.00,0.00,0.00,15725,592983,1415297,28830,608053,1433643,0,0,0,0,0,0,0,136026,0,150.88,150.97,151.05
115,2,0,0,0,79645,79645,79645,17635,17635,17635,591,591,591,0.00,0.00,0.00,0.00,0.00,0.00,0.00,0.00,0.00,0.00,0.00,0.00,0.00,0.00,0.00,0.00,0.00,0.00,0.00,0.00,0.00,296161,339412,414107,309266,354483,427212,0,0,0,0,0,0,0,120577,0,150.66,150.74,150.82
115,3,0,0,0,79689,79689,79689,17590,17590,17590,591,591,591,0.00,0.00,0.00,0.00,0.00,0.00,0.00,0.00,0.00,0.00,0.00,0.00,0.00,0.00,0.00,0.00,0.00,0.00,0.00,0.00,0.00,298789,324992,348585,314514,339407,364311,0,0,0,0,0,0,0,108781,0,135.00,135.40,135.75
116,0,0,0,0,79702,79702,79702,17577,17577,17577,591,591,591,0.00,0.00,0.00,0.00,0.00,0.00,0.00,0.00,0.00,0.00,0.00,0.00,0.00,0.00,0.00,0.00,0.00,0.00,0.00,0.00,0.00,301388,354871,550401,314492,368500,563506,0,0,0,0,0,0,0,131634,0,146.28,146.36,146.44
116,1,0,0,0,79499,79499,79499,17780,17780,17780,591,591,591,0.00,0.00,0.00,0.00,0.00,0.00,0.00,0.00,0.00,0.00,0.00,0.00,0.00,0.00,0.00,0.00,0.00,0.00,0.00,0.00,0.00,411466,521038,843947,424570,534667,857052,0,0,0,0,0,0,0,120812,0,151.09,151.13,151.17
116,2,0,0,0,79645,79645,79645,17635,17635,17635,591,591,591,0.00,0.00,0.00,0.00,0.00,0.00,0.00,0.00,0.00,0.00,0.00,0.00,0.00,0.00,0.00,0.00,0.00,0.00,0.00,0.00,0.00,306646,321324,359070,319750,334953,372175,0,0,0,0,0,0,0,120484,0,150.65,150.74,150.79
116,3,0,0,0,79689,79689,79689,17590,17590,17590,591,591,591,0.00,0.00,0.00,0.00,0.00,0.00,0.00,0.00,0.00,0.00,0.00,0.00,0.00,0.00,0.00,0.00,0.00,0.00,0.00,0.00,0.00,301408,329190,406243,314512,342819,419348,0,0,0,0,0,0,0,108558,0,135.45,135.61,135.76
117,0,0,0,0,77316,79105,79702,17577,18173,19963,591,591,591,0.00,0.00,0.00,0.00,0.00,0.00,0.00,0.00,0.00,0.00,0.00,0.00,0.00,0.00,0.00,0.00,0.00,0.00,0.00,0.00,0.00,0,998386,2504857,0,1035070,2622763,0,0,0,0,0,0,0,120176,0,146.20,147.23,150.28
117,1,0,0,0,77333,78957,79499,17780,18321,19946,591,591,591,0.00,0.01,0.02,0.00,0.00,0.01,0.00,0.00,0.00,0.00,0.00,0.00,0.00,0.00,0.00,0.00,0.00,0.00,0.00,0.00,0.01,437699,1324148,2804095,450803,1405258,3068781,0,0,0,0,0,0,0,124843,0,151.01,152.14,155.45
117,2,0,0,0,79645,79645,79645,17635,17635,17635,591,591,591,0.00,0.00,0.00,0.00,0.00,0.00,0.00,0.00,0.00,0.00,0.00,0.00,0.00,0.00,0.00,0.00,0.00,0.00,0.00,0.00,0.00,298794,1348725,3772701,311899,1397091,3916898,0,0,0,0,0,0,0,120391,0,150.51,150.58,150.64
117,3,0,0,0,77343,79102,79689,17590,18176,19936,591,591,591,0.00,0.00,0.01,0.00,0.00,0.00,0.00,0.00,0.00,0.00,0.00,0.00,0.00,0.00,0.00,0.00,0.00,0.00,0.00,0.00,0.00,304031,1572086,4486455,317136,1633017,4667276,0,0,0,0,0,0,0,112356,0,135.68,135.79,135.90
118,0,1,23,72,62764,65416,72726,24553,31863,34515,591,591,591,0.05,0.17,0.51,0.02,0.06,0.18,0.01,0.05,0.15,0.00,0.00,0.00,0.00,0.01,0.02,0.00,0.00,0.00,0.02,0.05,0.15,319711,583900,1001154,1404789,1847582,2377018,0,0,0,0,0,0,0,196939,0,156.67,187.93,223.06
118,1,7,34,100,62781,65347,72623,24556,31911,34498,591,591,591,0.02,0.16,0.44,0.01,0.06,0.15,0.00,0.05,0.14,0.00,0.00,0.00,0.00,0.01,0.02,0.00,0.00,0.00,0.01,0.05,0.13,241084,747951,1449258,775770,1974423,3178899,0,0,0,0,0,0,0,193590,0,162.49,195.38,231.56
118,2,0,0,0,79645,79645,79645,17635,17635,17635,591,591,591,0.00,0.00,0.00,0.00,0.00,0.00,0.00,0.00,0.00,0.00,0.00,0.00,0.00,0.00,0.00,0.00,0.00,0.00,0.00,0.00,0.00,298791,385278,513705,340713,1144834,2316939,0,0,0,0,0,0,0,120548,0,150.59,150.70,150.78
118,3,6,18,23,62791,65356,72633,24606,31909,34488,591,591,591,0.04,0.16,0.46,0.02,0.06,0.16,0.01,0.05,0.15,0.00,0.00,0.00,0.00,0.01,0.02,0.00,0.00,0.00,0.01,0.05,0.14,269053,600495,1284178,712840,1769501,2552631,0,0,0,0,0,0,0,181467,0,139.56,178.03,215.11
119,0,0,6,20,62764,62764,62764,34515,34515,34515,591,591,591,0.00,0.09,0.23,0.00,0.05,0.13,0.00,0.02,0.08,0.00,0.00,0.00,0.00,0.00,0.01,0.00,0.00,0.00,0.00,0.05,0.15,112711,1290739,4260188,221903,2181616,4469792,0,0,0,0,0,0,0,172195,0,185.71,211.66,235.63
119,1,0,9,44,62781,62781,62781,34498,34498,34498,591,591,591,0.00,0.10,0.20,0.00,0.05,0.11,0.00,0.02,0.09,0.00,0.00,0.00,0.00,0.00,0.01,0.00,0.00,0.00,0.00,0.06,0.12,424586,961253,2464172,735457,1862963,3010016,0,0,0,0,0,0,0,166710,0,196.13,222.47,248.09
119,2,0,21,53,25367,51661,79645,17635,45622,71913,591,591,591,0.00,0.24,0.54,0.00,0.09,0.20,0.00,0.08,0.19,0.00,0.00,0.00,0.00,0.02,0.04,0.00,0.00,0.00,0.00,0.07,0.15,304026,800870,2143637,317130,2033117,2964020,0,0,0,0,0,0,0,253685,0,150.83,205.05,278.66
119,3,0,15,48,62791,62791,62791,34488,34488,34488,591,591,591,0.00,0.07,0.20,0.00,0.04,0.09,0.00,0.01,0.06,0.00,0.00,0.00,0.00,0.00,0.01,0.00,0.00,0.00,0.00,0.05,0.13,281311,935788,2822486,307520,1848360,3941522,0,0,0,0,0,0,0,154791,0,170.22,198.31,219.24
120,0,0,0,0,62764,62764,62764,34515,34515,34515,591,591,591,0.00,0.00,0.00,0.00,0.00,0.00,0.00,0.00,0.00,0.00,0.00,0.00,0.00,0.00,0.00,0.00,0.00,0.00,0.00,0.00,0.00,306649,480153,812493,610677,735955,862285,0,0,0,0,0,0,0,117093,0,146.35,159.49,184.79
120,1,0,0,0,62781,62781,62781,34498,34498,34498,591,591,591,0.00,0.00,0.00,0.00,0.00,0.00,0.00,0.00,0.00,0.00,0.00,0.00,0.00,0.00,0.00,0.00,0.00,0.00,0.00,0.00,0.00,419119,556110,773172,616964,781240,1074578,0,0,0,0,0,0,0,120331,0,150.85,166.57,195.08
120,2,22,40,100,16527,18291,22365,74915,78988,80753,591,591,591,0.09,0.23,0.67,0.03,0.09,0.24,0.02,0.05,0.17,0.00,0.00,0.00,0.00,0.01,0.04,0.00,0.00,0.00,0.02,0.06,0.19,141515,373573,542386,786194,1383722,1710878,0,0,0,0,0,0,0,186449,0,240.57,272.75,289.37
120,3,0,0,0,62791,62791,62791,34488,34488,34488,591,591,591,0.00,0.00,0.00,0.00,0.00,0.00,0.00,0.00,0.00,0.00,0.00,0.00,0.00,0.00,0.00,0.00,0.00,0.00,0.00,0.00,0.00,359061,560313,956459,421962,771023,1273532,0,0,0,0,0,0,0,82109,0,136.73,148.01,170.56
121,0,0,23,49,37028,48240,62764,34515,49051,60251,591,591,591,0.00,0.13,0.29,0.00,0.05,0.12,0.00,0.04,0.10,0.00,0.00,0.00,0.00,0.01,0.02,0.00,0.00,0.00,0.00,0.04,0.09,306617,434523,657792,450774,1739577,3233928,0,0,0,0,0,0,0,190644,0,146.32,184.08,217.07
121,1,0,33,65,15419,38408,62781,34498,58826,81860,591,591,591,0.00,0.25,0.47,0.00,0.10,0.20,0.00,0.08,0.16,0.00,0.00,0.00,0.00,0.02,0.03,0.00,0.00,0.00,0.00,0.07,0.15,107443,737958,1622058,545125,2285665,4363050,0,0,0,0,0,0,0,240187,0,150.51,216.46,290.93
121,2,0,40,100,16527,16527,16527,80753,80753,80753,591,591,591,0.00,0.40,0.85,0.00,0.12,0.25,0.00,0.13,0.29,0.00,0.00,0.00,0.00,0.02,0.05,0.00,0.00,0.00,0.00,0.09,0.19,322369,544591,796693,809767,1590843,2416359,0,0,0,0,0,0,0,229373,0,311.48,370.76,410.64
121,3,0,29,59,41991,58163,62791,34488,39108,55288,591,591,591,0.00,0.27,0.42,0.00,0.11,0.20,0.00,0.07,0.15,0.00,0.00,0.00,0.00,0.01,0.03,0.00,0.00,0.00,0.00,0.10,0.18,335447,496357,723379,749588,2212830,3453915,0,0,0,0,0,0,0,214851,0,136.46,187.79,262.95
122,0,26,75,100,17772,32552,36312,60967,64727,79507,591,591,591,0.10,0.51,0.76,0.04,0.23,0.35,0.02,0.16,0.26,0.00,0.00,0.00,0.00,0.03,0.05,0.00,0.00,0.00,0.02,0.18,0.29,317103,484794,817564,778172,1612170,2738620,0,0,0,0,0,0,0,285224,0,242.89,339.20,436.37
122,1,22,52,100,8653,9431,12119,85160,87836,88626,591,591,591,0.11,0.41,0.84,0.04,0.14,0.26,0.02,0.12,0.28,0.00,0.00,0.00,0.00,0.02,0.05,0.00,0.00,0.00,0.02,0.11,0.20,445500,593301,778254,1058856,1866389,2662611,0,0,0,0,0,0,0,289611,0,291.55,310.15,359.73
122,2,0,0,0,16527,16527,16527,80753,80753,80753,591,591,591,0.00,0.00,0.00,0.00,0.00,0.00,0.00,0.00,0.00,0.00,0.00,0.00,0.00,0.00,0.00,0.00,0.00,0.00,0.00,0.00,0.00,319755,436647,647375,338098,1015876,1619743,0,0,0,0,0,0,0,120522,0,150.69,168.20,232.48
122,3,29,63,100,36337,36853,38917,58360,60424,60942,591,591,591,0.10,0.47,0.78,0.04,0.18,0.31,0.02,0.13,0.22,0.00,0.00,0.00,0.00,0.02,0.03,0.00,0.00,0.00,0.02,0.15,0.26,335432,570144,1194483,686530,1750952,2143764,0,0,0,0,0,0,0,278955,0,274.93,307.48,347.90
123,0,18,37,84,8634,10758,14932,82367,86532,88645,591,591,591,0.10,0.36,0.86,0.04,0.12,0.24,0.02,0.09,0.23,0.00,0.00,0.00,0.00,0.02,0.04,0.00,0.00,0.00,0.02,0.09,0.19,335447,451092,773070,731100,1780802,2403129,0,0,0,0,0,0,0,241495,0,272.68,329.28,420.86
123,1,53,74,100,8651,8651,8653,88626,88627,88628,591,591,591,0.33,0.55,0.84,0.12,0.22,0.37,0.09,0.15,0.28,0.00,0.00,0.00,0.01,0.02,0.05,0.00,0.00,0.00,0.09,0.18,0.32,448112,725548,1216763,1147709,1747408,2489793,0,0,0,0,0,0,0,302855,0,382.36,431.67,470.99
123,2,0,0,0,16527,16527,16527,80753,80753,80753,591,591,591,0.00,0.00,0.00,0.00,0.00,0.00,0.00,0.00,0.00,0.00,0.00,0.00,0.00,0.00,0.00,0.00,0.00,0.00,0.00,0.00,0.00,309272,365654,482261,547786,873976,1323600,0,0,0,0,0,0,0,120207,0,150.28,150.37,150.50
123,3,22,61,100,17877,20845,25757,71482,76406,79402,591,591,591,0.11,0.40,0.78,0.04,0.14,0.25,0.02,0.12,0.25,0.00,0.00,0.00,0.00,0.02,0.05,0.00,0.00,0.00,0.02,0.10,0.20,340684,770806,2153219,767851,1890220,3427782,0,0,0,0,0,0,0,258207,0,298.89,348.84,397.58
124,0,33,76,100,8634,8634,8634,88645,88645,88645,591,591,591,0.50,0.73,0.85,0.06,0.22,0.32,0.03,0.18,0.29,0.00,0.00,0.00,0.00,0.03,0.05,0.00,0.00,0.00,0.03,0.17,0.29,338060,447063,587028,361646,853241,1530443,0,0,0,0,0,0,0,322678,0,334.90,418.41,477.09
124,1,35,65,95,8651,8651,8651,88628,88628,88628,591,591,591,0.36,0.50,0.70,0.13,0.20,0.26,0.09,0.15,0.24,0.00,0.00,0.00,0.01,0.02,0.04,0.00,0.00,0.00,0.09,0.15,0.22,484224,763017,1140006,1062083,1479289,1897668,0,0,0,0,0,0,0,349164,0,352.81,370.17,386.25
124,2,0,12,47,16527,16527,16527,80753,80753,80753,591,591,591,0.00,0.16,0.57,0.00,0.08,0.31,0.00,0.03,0.07,0.00,0.00,0.00,0.00,0.00,0.01,0.00,0.00,0.00,0.00,0.08,0.30,306650,977039,2018088,319755,1189848,2052022,0,0,0,0,0,0,0,182890,0,150.41,186.49,212.67
124,3,33,80,100,17877,17877,17877,79402,79402,79402,591,591,591,0.24,0.59,0.84,0.09,0.22,0.32,0.07,0.17,0.28,0.00,0.00,0.00,0.01,0.03,0.05,0.00,0.00,0.00,0.05,0.17,0.26,702313,787215,835989,935574,1280401,1698210,0,0,0,0,0,0,0,306636,0,323.74,392.29,428.73
125,0,31,76,100,8634,8634,8634,88645,88645,88645,591,591,591,0.16,0.46,0.71,0.13,0.21,0.25,0.10,0.15,0.22,0.00,0.00,0.00,0.01,0.02,0.03,0.00,0.00,0.00,0.08,0.16,0.22,364626,570637,858858,854124,1243251,1545890,0,0,0,0,0,0,0,306920,0,341.63,384.45,415.95
125,1,52,78,100,8651,8651,8651,88628,88628,88628,591,591,591,0.20,0.59,0.82,0.08,0.22,0.29,0.04,0.17,0.28,0.00,0.00,0.00,0.00,0.03,0.04,0.00,0.00,0.00,0.05,0.18,0.27,427991,468636,511032,555503,1060220,1549505,0,0,0,0,0,0,0,387847,0,348.85,391.64,415.84
125,2,0,0,1,16527,16527,16527,80753,80753,80753,591,591,591,0.00,0.07,0.27,0.00,0.03,0.11,0.00,0.02,0.08,0.00,0.00,0.00,0.00,0.00,0.01,0.00,0.00,0.00,0.00,0.02,0.07,202688,414961,728609,211425,549479,796753,0,0,0,0,0,0,0,171041,0,150.47,183.37,212.52
125,3,27,69,96,12677,16112,17877,79402,81167,84602,591,591,591,0.11,0.52,0.77,0.04,0.21,0.33,0.02,0.16,0.25,0.00,0.00,0.00,0.00,0.03,0.04,0.00,0.00,0.00,0.02,0.15,0.23,395689,864623,1584313,707524,1436911,2631092,0,0,0,0,0,0,0,203772,0,380.59,389.32,394.36
126,0,32,64,100,8634,8634,8634,88645,88645,88645,591,591,591,0.31,0.52,0.73,0.13,0.21,0.30,0.09,0.15,0.20,0.00,0.00,0.00,0.01,0.02,0.03,0.00,0.00,0.00,0.07,0.16,0.27,325004,586467,1237161,862309,1295416,2094262,0,0,0,0,0,0,0,305892,0,359.91,380.00,409.29
126,1,37,70,100,8651,8651,8651,88628,88628,88628,591,591,591,0.16,0.55,0.79,0.06,0.21,0.28,0.03,0.16,0.23,0.00,0.00,0.00,0.00,0.02,0.03,0.00,0.00,0.00,0.03,0.16,0.23,466481,675071,972279,898903,1371107,2046634,0,0,0,0,0,0,0,334695,0,402.54,413.60,429.54
126,2,33,56,90,16525,16525,16527,80753,80754,80755,591,591,591,0.24,0.43,0.67,0.09,0.17,0.30,0.05,0.11,0.15,0.00,0.00,0.00,0.01,0.02,0.02,0.00,0.00,0.00,0.05,0.14,0.29,326983,427874,615832,803072,1261746,1721711,0,0,0,0,0,0,0,344168,0,209.89,308.73,361.39
126,3,32,75,100,8659,8790,9317,87962,88488,88620,591,591,591,0.13,0.61,0.85,0.05,0.20,0.26,0.03,0.18,0.29,0.00,0.00,0.00,0.00,0.03,0.05,0.00,0.00,0.00,0.03,0.15,0.20,317823,417865,592265,503082,999188,1674604,0,0,0,0,0,0,0,354771,0,302.76,333.85,402.33
127,0,36,74,100,8634,8634,8634,88645,88645,88645,591,591,591,0.15,0.48,0.81,0.06,0.18,0.31,0.03,0.13,0.22,0.00,0.00,0.00,0.00,0.02,0.03,0.00,0.00,0.00,0.03,0.14,0.26,345950,826147,1653656,896802,1516399,2191202,0,0,0,0,0,0,0,329461,0,341.66,377.30,403.74
127,1,35,67,100,8651,8651,8651,88628,88628,88628,591,591,591,0.15,0.47,0.72,0.06,0.19,0.30,0.03,0.14,0.24,0.00,0.00,0.00,0.00,0.02,0.04,0.00,0.00,0.00,0.03,0.14,0.25,448140,674678,1058767,859570,1386203,2088707,0,0,0,0,0,0,0,268389,0,357.95,396.38,429.48
127,2,36,75,95,16525,16525,16525,80755,80755,80755,591,591,591,0.39,0.58,0.88,0.14,0.23,0.35,0.11,0.17,0.29,0.00,0.00,0.00,0.01,0.03,0.06,0.00,0.00,0.00,0.11,0.18,0.24,338088,493059,778234,600139,1063277,1713689,0,0,0,0,0,0,0,281667,0,356.41,384.51,419.82
127,3,35,71,100,8659,8659,8659,88620,88620,88620,591,591,591,0.17,0.55,0.83,0.06,0.22,0.33,0.04,0.15,0.28,0.00,0.00,0.00,0.00,0.03,0.05,0.00,0.00,0.00,0.03,0.16,0.28,332629,451237,794060,599781,1076494,1871151,0,0,0,0,0,0,0,287825,0,372.86,419.15,479.81
128,0,43,68,100,8634,8634,8634,88645,88645,88645,591,591,591,0.38,0.55,0.71,0.14,0.24,0.32,0.10,0.18,0.25,0.00,0.00,0.00,0.02,0.03,0.04,0.00,0.00,0.00,0.11,0.19,0.26,353796,626812,1268337,888672,1184745,2131366,0,0,0,0,0,0,0,280056,0,353.51,390.18,414.71
128,1,51,76,100,8651,8651,8651,88628,88628,88628,591,591,591,0.31,0.49,0.73,0.12,0.19,0.29,0.09,0.14,0.18,0.00,0.00,0.00,0.01,0.02,0.03,0.00,0.00,0.00,0.07,0.15,0.27,326706,880869,1223845,1004578,1581444,2059833,0,0,0,0,0,0,0,293326,0,377.26,398.57,411.96
128,2,35,77,100,16525,16525,16525,80755,80755,80755,591,591,591,0.22,0.57,0.84,0.08,0.20,0.30,0.03,0.16,0.28,0.00,0.00,0.00,0.01,0.03,0.05,0.00,0.00,0.00,0.05,0.15,0.24,345923,590679,1053509,476955,1164424,1603850,0,0,0,0,0,0,0,352362,0,366.16,382.37,412.69
128,3,37,66,100,8659,8659,8659,88620,88620,88620,591,591,591,0.35,0.49,0.80,0.13,0.19,0.27,0.10,0.14,0.25,0.00,0.00,0.00,0.01,0.02,0.04,0.00,0.00,0.00,0.09,0.16,0.22,395722,706210,1310286,885788,1320770,2342792,0,0,0,0,0,0,0,261635,0,355.05,377.82,393.98
129,0,34,72,100,8634,8634,8634,88645,88645,88645,591,591,591,0.16,0.54,0.82,0.06,0.19,0.30,0.03,0.15,0.28,0.00,0.00,0.00,0.00,0.02,0.04,0.00,0.00,0.00,0.03,0.15,0.27,414055,885031,2277386,759983,1481751,3283734,0,0,0,0,0,0,0,326758,0,365.72,378.16,394.73
129,1,38,65,82,8651,8651,8651,88628,88628,88628,591,591,591,0.16,0.47,0.75,0.06,0.19,0.31,0.04,0.14,0.26,0.00,0.00,0.00,0.00,0.02,0.04,0.00,0.00,0.00,0.03,0.14,0.20,454764,708850,1218620,1055052,1487665,1870494,0,0,0,0,0,0,0,313599,0,352.33,369.56,382.19
129,2,37,71,96,15145,16249,16525,80755,81031,82135,591,591,591,0.20,0.61,0.83,0.08,0.24,0.35,0.05,0.19,0.29,0.00,0.00,0.00,0.01,0.03,0.06,0.00,0.00,0.00,0.04,0.17,0.24,338434,433529,744257,623707,947631,1239568,0,0,0,0,0,0,0,371779,0,412.83,434.69,447.29
129,3,37,70,100,8659,8659,8659,88620,88620,88620,591,591,591,0.17,0.56,0.89,0.06,0.20,0.35,0.04,0.17,0.29,0.00,0.00,0.00,0.00,0.03,0.06,0.00,0.00,0.00,0.03,0.13,0.20,403568,544750,700149,799302,1203828,1543518,0,0,0,0,0,0,0,272916,0,320.34,350.89,373.44
130,0,36,51,71,8634,8634,8634,88645,88645,88645,591,591,591,0.31,0.45,0.70,0.13,0.15,0.18,0.08,0.11,0.13,0.00,0.00,0.00,0.01,0.01,0.02,0.00,0.00,0.00,0.07,0.12,0.17,327633,615147,1494761,993384,1443291,2640839,0,0,0,0,0,0,0,287546,0,323.56,373.00,425.06
130,1,38,76,100,8651,8651,8651,88628,88628,88628,591,591,591,0.17,0.57,0.81,0.06,0.22,0.34,0.04,0.16,0.26,0.00,0.00,0.00,0.00,0.03,0.04,0.00,0.00,0.00,0.03,0.16,0.29,474348,863222,1829064,1045673,1611673,2853655,0,0,0,0,0,0,0,313742,0,371.65,406.42,427.78
130,2,24,56,100,8595,9345,12265,85015,87935,88685,591,591,591,0.11,0.38,0.84,0.04,0.13,0.26,0.02,0.10,0.28,0.00,0.00,0.00,0.00,0.02,0.05,0.00,0.00,0.00,0.02,0.10,0.21,319731,595349,1527649,1119356,1409231,1640323,0,0,0,0,0,0,0,317471,0,310.22,342.87,382.13
130,3,34,70,100,8659,8659,8659,88620,88620,88620,591,591,591,0.29,0.58,0.83,0.11,0.22,0.30,0.09,0.16,0.27,0.00,0.00,0.00,0.01,0.02,0.05,0.00,0.00,0.00,0.07,0.18,0.26,330206,353238,385241,689146,993162,1294622,0,0,0,0,0,0,0,302448,0,375.18,404.43,421.84
131,0,34,61,87,8634,8634,8634,88645,88645,88645,591,591,591,0.18,0.37,0.53,0.07,0.17,0.26,0.03,0.13,0.24,0.00,0.00,0.00,0.00,0.02,0.04,0.00,0.00,0.00,0.04,0.13,0.21,237600,483073,812404,674365,1202001,1747980,0,0,0,0,0,0,0,307076,0,319.38,340.16,383.97
131,1,56,81,100,8651,8651,8651,88628,88628,88628,591,591,591,0.39,0.57,0.82,0.14,0.21,0.26,0.11,0.16,0.28,0.00,0.00,0.00,0.01,0.03,0.04,0.00,0.00,0.00,0.10,0.17,0.23,453361,747563,1341694,1032560,1355893,1624742,0,0,0,0,0,0,0,331138,0,403.28,414.62,421.18
131,2,32,72,100,8595,8595,8595,88685,88685,88685,591,591,591,0.14,0.59,0.86,0.05,0.21,0.34,0.03,0.17,0.29,0.00,0.00,0.00,0.00,0.03,0.05,0.00,0.00,0.00,0.02,0.16,0.27,318788,379370,536774,458556,897370,1267440,0,0,0,0,0,0,0,356943,0,407.93,449.53,511.32
131,3,53,63,74,8659,8659,8659,88620,88620,88620,591,591,591,0.25,0.39,0.63,0.10,0.15,0.25,0.07,0.11,0.18,0.00,0.00,0.00,0.01,0.01,0.02,0.00,0.00,0.00,0.06,0.12,0.23,348928,1108030,2880060,888219,1916329,3938790,0,0,0,0,0,0,0,188064,0,322.29,345.17,359.89
132,0,44,63,80,8634,8634,8634,88645,88645,88645,591,591,591,0.35,0.48,0.75,0.13,0.16,0.25,0.09,0.11,0.13,0.00,0.00,0.00,0.01,0.01,0.02,0.00,0.00,0.00,0.09,0.14,0.23,338058,447454,639454,854355,1210014,1375525,0,0,0,0,0,0,0,251304,0,348.09,363.49,377.48
132,1,38,70,100,8651,8651,8651,88628,88628,88628,591,591,591,0.26,0.44,0.69,0.10,0.17,0.28,0.06,0.13,0.20,0.00,0.00,0.00,0.01,0.02,0.03,0.00,0.00,0.00,0.06,0.13,0.24,454094,738078,1276303,1260831,1539527,2151632,0,0,0,0,0,0,0,285014,0,359.06,373.65,386.51
132,2,48,81,100,8595,8595,8595,88685,88685,88685,591,591,591,0.24,0.56,0.78,0.10,0.21,0.27,0.07,0.16,0.26,0.00,0.00,0.00,0.01,0.02,0.04,0.00,0.00,0.00,0.05,0.17,0.23,338071,609967,998516,1124313,1193722,1352275,0,0,0,0,0,0,0,223975,0,382.41,401.82,427.17
132,3,52,78,98,8659,8659,8659,88620,88620,88620,591,591,591,0.37,0.53,0.79,0.13,0.21,0.28,0.10,0.16,0.28,0.00,0.00,0.00,0.01,0.03,0.06,0.00,0.00,0.00,0.09,0.15,0.23,262056,538485,825272,578270,1152766,1501209,0,0,0,0,0,0,0,310381,0,298.49,330.86,369.17
133,0,39,63,83,8634,8634,8634,88645,88645,88645,591,591,591,0.29,0.36,0.47,0.11,0.18,0.29,0.07,0.13,0.22,0.00,0.00,0.00,0.01,0.02,0.03,0.00,0.00,0.00,0.07,0.15,0.27,340140,550564,894040,851611,1268706,1884050,0,0,0,0,0,0,0,231998,0,314.89,327.31,349.27
133,1,38,73,100,8651,8651,8651,88628,88628,88628,591,591,591,0.16,0.55,0.82,0.06,0.21,0.30,0.03,0.16,0.27,0.00,0.00,0.00,0.00,0.03,0.04,0.00,0.00,0.00,0.03,0.15,0.25,458616,671914,854291,707509,1320774,1831747,0,0,0,0,0,0,0,310947,0,360.29,396.76,415.03
133,2,34,60,94,8595,8595,8595,88685,88685,88685,591,591,591,0.15,0.39,0.57,0.06,0.16,0.26,0.03,0.12,0.19,0.00,0.00,0.00,0.00,0.02,0.04,0.00,0.00,0.00,0.03,0.12,0.22,327580,426638,555588,838661,1098032,1407096,0,0,0,0,0,0,0,274279,0,319.93,360.79,383.52
133,3,38,70,100,8655,8655,8659,88620,88623,88624,591,591,591,0.17,0.55,0.84,0.06,0.18,0.26,0.04,0.16,0.28,0.00,0.00,0.00,0.00,0.03,0.05,0.00,0.00,0.00,0.03,0.13,0.21,406073,605852,993129,686628,1245244,1653637,0,0,0,0,0,0,0,375314,0,340.31,357.35,384.25
134,0,33,60,97,8628,8631,8634,88645,88647,88651,591,591,591,0.15,0.48,0.82,0.06,0.18,0.34,0.03,0.13,0.25,0.00,0.00,0.00,0.00,0.02,0.05,0.00,0.00,0.00,0.03,0.12,0.21,332781,746875,2334994,668242,1477494,3351804,0,0,0,0,0,0,0,300149,0,347.49,370.20,394.58
134,1,37,67,95,8651,8651,8651,88628,88628,88628,591,591,591,0.16,0.52,0.81,0.06,0.21,0.32,0.04,0.14,0.25,0.00,0.00,0.00,0.00,0.02,0.04,0.00,0.00,0.00,0.03,0.15,0.29,448122,541915,741648,854061,1212267,1884257,0,0,0,0,0,0,0,287808,0,385.36,422.47,459.46
134,2,42,71,100,8595,8595,8595,88685,88685,88685,591,591,591,0.22,0.57,0.82,0.08,0.21,0.30,0.06,0.16,0.27,0.00,0.00,0.00,0.01,0.03,0.04,0.00,0.00,0.00,0.04,0.17,0.24,317095,442882,812408,636744,993212,1365380,0,0,0,0,0,0,0,325921,0,359.78,396.18,416.84
134,3,37,70,100,8655,8655,8655,88624,88624,88624,591,591,591,0.30,0.51,0.87,0.12,0.21,0.35,0.09,0.14,0.18,0.00,0.00,0.00,0.01,0.02,0.03,0.00,0.00,0.00,0.07,0.16,0.30,348538,442717,623727,621062,1076183,1632698,0,0,0,0,0,0,0,267343,0,359.55,418.31,453.26
135,0,32,83,100,8628,8628,8628,88651,88651,88651,591,591,591,0.31,0.71,0.86,0.12,0.25,0.34,0.09,0.21,0.29,0.00,0.00,0.00,0.01,0.04,0.05,0.00,0.00,0.00,0.07,0.19,0.27,353808,494255,720691,471728,821314,1499038,0,0,0,0,0,0,0,336631,0,356.44,431.57,501.16
135,1,81,94,100,8651,8651,8651,88628,88628,88628,591,591,591,0.58,0.76,0.83,0.21,0.28,0.34,0.17,0.23,0.28,0.00,0.00,0.00,0.03,0.04,0.05,0.00,0.00,0.00,0.11,0.21,0.29,369117,658733,1100713,613171,970346,1402789,0,0,0,0,0,0,0,394169,0,392.68,433.48,496.83
135,2,34,61,100,8591,8594,8595,88685,88685,88689,591,591,591,0.16,0.54,0.83,0.06,0.21,0.34,0.03,0.16,0.26,0.00,0.00,0.00,0.00,0.03,0.05,0.00,0.00,0.00,0.03,0.15,0.27,13101,728200,2225856,309207,1355579,2823378,0,0,0,0,0,0,0,330975,0,381.08,414.45,431.60
135,3,56,70,81,8655,8655,8655,88624,88624,88624,591,591,591,0.37,0.50,0.72,0.14,0.20,0.31,0.09,0.15,0.24,0.00,0.00,0.00,0.01,0.02,0.04,0.00,0.00,0.00,0.09,0.15,0.23,330191,645145,909302,985283,1341658,1666320,0,0,0,0,0,0,0,270285,0,345.58,354.59,362.48
136,0,39,77,100,8628,8628,8628,88651,88651,88651,591,591,591,0.22,0.51,0.80,0.08,0.19,0.27,0.04,0.14,0.26,0.00,0.00,0.00,0.01,0.02,0.04,0.00,0.00,0.00,0.05,0.16,0.24,225040,361702,560440,649154,1045774,1455087,0,0,0,0,0,0,0,324165,0,358.03,394.83,412.61
136,1,37,73,100,8645,8645,8645,88632,88633,88634,591,591,591,0.16,0.60,0.86,0.06,0.21,0.32,0.04,0.17,0.28,0.00,0.00,0.00,0.00,0.03,0.05,0.00,0.00,0.00,0.03,0.17,0.29,448001,613125,1040039,592274,1229963,1742640,0,0,0,0,0,0,0,396798,0,371.97,394.43,444.54
136,2,70,89,100,8591,8591,8591,88689,88689,88689,591,591,591,0.32,0.72,0.85,0.15,0.25,0.36,0.04,0.20,0.29,0.00,0.00,0.00,0.01,0.04,0.05,0.00,0.00,0.00,0.12,0.20,0.32,330201,540361,1163574,547551,939749,1430875,0,0,0,0,0,0,0,418030,0,362.16,411.05,500.59
136,3,39,81,100,8655,8655,8655,88624,88624,88624,591,591,591,0.18,0.62,0.82,0.07,0.23,0.32,0.04,0.18,0.28,0.00,0.00,0.00,0.00,0.03,0.04,0.00,0.00,0.00,0.03,0.18,0.29,340701,628866,1158142,516228,1201126,1883299,0,0,0,0,0,0,0,281745,0,320.27,372.96,410.43
137,0,32,61,93,8628,8628,8628,88651,88651,88651,591,591,591,0.15,0.48,0.83,0.05,0.19,0.34,0.03,0.15,0.26,0.00,0.00,0.00,0.00,0.02,0.05,0.00,0.00,0.00,0.02,0.14,0.24,359022,732681,1186859,993243,1411940,1803039,0,0,0,0,0,0,0,321455,0,354.25,370.19,397.14
137,1,35,67,100,8645,8645,8645,88634,88634,88634,591,591,591,0.23,0.43,0.70,0.09,0.17,0.30,0.06,0.12,0.25,0.00,0.00,0.00,0.01,0.02,0.04,0.00,0.00,0.00,0.05,0.13,0.20,445513,555589,851737,909358,1328168,1905270,0,0,0,0,0,0,0,272051,0,353.22,427.57,473.67
137,2,34,75,100,8591,8591,8591,88689,88689,88689,591,591,591,0.14,0.55,0.80,0.05,0.22,0.33,0.03,0.16,0.27,0.00,0.00,0.00,0.00,0.02,0.04,0.00,0.00,0.00,0.02,0.16,0.29,34054,491948,1174028,256714,1095796,1661459,0,0,0,0,0,0,0,292562,0,411.75,432.07,486.64
137,3,35,70,100,8655,8655,8655,88624,88624,88624,591,591,591,0.16,0.52,0.79,0.06,0.20,0.32,0.03,0.15,0.25,0.00,0.00,0.00,0.00,0.02,0.05,0.00,0.00,0.00,0.03,0.15,0.29,317092,712418,1303767,696924,1372881,2269812,0,0,0,0,0,0,0,348381,0,389.41,400.68,406.17
138,0,35,81,100,8628,8628,8628,88651,88651,88651,591,591,591,0.25,0.61,0.82,0.11,0.23,0.28,0.04,0.17,0.26,0.00,0.00,0.00,0.01,0.03,0.04,0.00,0.00,0.00,0.07,0.18,0.24,343308,521911,932055,689414,1060189,1429875,0,0,0,0,0,0,0,275669,0,365.93,387.41,401.50
138,1,41,75,100,8645,8645,8645,88634,88634,88634,591,591,591,0.32,0.66,0.81,0.12,0.26,0.32,0.08,0.20,0.27,0.00,0.00,0.00,0.01,0.03,0.05,0.00,0.00,0.00,0.10,0.18,0.28,340670,681360,1399430,710199,1227528,1657930,0,0,0,0,0,0,0,266776,0,381.54,403.55,414.78
138,2,35,64,100,8591,8591,8591,88689,88689,88689,591,591,591,0.15,0.48,0.82,0.06,0.17,0.26,0.03,0.15,0.28,0.00,0.00,0.00,0.00,0.02,0.04,0.00,0.00,0.00,0.03,0.12,0.20,424556,535483,652532,759950,1196327,1666710,0,0,0,0,0,0,0,300884,0,394.41,404.39,414.39
138,3,55,83,100,8655,8655,8655,88624,88624,88624,591,591,591,0.25,0.63,0.82,0.11,0.24,0.32,0.04,0.18,0.27,0.00,0.00,0.00,0.01,0.03,0.04,0.00,0.00,0.00,0.07,0.19,0.28,351344,508423,720657,762411,1056909,1491902,0,0,0,0,0,0,0,386971,0,380.51,383.51,387.97
139,0,34,65,100,8628,8628,8628,88651,88651,88651,591,591,591,0.15,0.44,0.67,0.05,0.17,0.25,0.03,0.12,0.19,0.00,0.00,0.00,0.00,0.02,0.03,0.00,0.00,0.00,0.02,0.13,0.23,317834,604504,938208,962885,1368937,1818755,0,0,0,0,0,0,0,295721,0,341.67,393.66,438.38
139,1,35,82,100,8645,8645,8645,88634,88634,88634,591,591,591,0.37,0.62,0.81,0.14,0.23,0.30,0.09,0.18,0.27,0.00,0.00,0.00,0.01,0.03,0.04,0.00,0.00,0.00,0.10,0.19,0.37,479556,929214,1493426,888358,1496296,2069837,0,0,0,0,0,0,0,330387,0,392.69,413.87,439.21
139,2,44,74,100,8591,8591,8591,88689,88689,88689,591,591,591,0.26,0.55,0.82,0.11,0.22,0.33,0.08,0.16,0.26,0.00,0.00,0.00,0.01,0.03,0.05,0.00,0.00,0.00,0.07,0.16,0.27,319724,378936,424547,733786,943928,1200114,0,0,0,0,0,0,0,297581,0,379.00,407.65,442.92
139,3,39,73,100,8655,8655,8655,88624,88624,88624,591,591,591,0.19,0.56,0.79,0.07,0.22,0.31,0.03,0.16,0.22,0.00,0.00,0.00,0.00,0.03,0.04,0.00,0.00,0.00,0.04,0.16,0.28,374760,587894,990590,880518,1209336,2075523,0,0,0,0,0,0,0,328900,0,367.62,389.55,401.55
140,0,56,78,100,8628,8628,8628,88651,88651,88651,591,591,591,0.21,0.59,0.80,0.08,0.23,0.29,0.05,0.17,0.24,0.00,0.00,0.00,0.01,0.03,0.04,0.00,0.00,0.00,0.05,0.18,0.24,568670,1012534,2038476,1024681,1562305,3007931,0,0,0,0,0,0,0,302261,0,375.04,398.12,424.34
140,1,37,66,92,8645,8645,8645,88634,88634,88634,591,591,591,0.16,0.49,0.72,0.06,0.19,0.26,0.03,0.14,0.22,0.00,0.00,0.00,0.00,0.02,0.03,0.00,0.00,0.00,0.03,0.15,0.22,437631,628423,1147870,1097787,1368477,1632701,0,0,0,0,0,0,0,332709,0,376.12,402.38,427.26
140,2,35,67,100,8591,8591,8591,88689,88689,88689,591,591,591,0.15,0.59,0.84,0.06,0.21,0.32,0.03,0.16,0.28,0.00,0.00,0.00,0.00,0.03,0.05,0.00,0.00,0.00,0.03,0.17,0.29,68135,297696,450700,351157,838584,1475258,0,0,0,0,0,0,0,436432,0,339.67,387.62,460.75
140,3,34,69,100,8655,8655,8655,88624,88624,88624,591,591,591,0.16,0.52,0.81,0.06,0.20,0.31,0.03,0.15,0.22,0.00,0.00,0.00,0.00,0.02,0.04,0.00,0.00,0.00,0.03,0.15,0.25,322340,471441,782402,796364,1110958,1467517,0,0,0,0,0,0,0,312923,0,362.02,380.23,391.30
141,0,32,63,100,8628,8628,8628,88651,88651,88651,591,591,591,0.17,0.48,0.81,0.06,0.19,0.30,0.04,0.14,0.27,0.00,0.00,0.00,0.00,0.02,0.04,0.00,0.00,0.00,0.03,0.14,0.26,327581,746975,1242125,786257,1406135,1731815,0,0,0,0,0,0,0,351620,0,348.96,375.75,401.48
141,1,49,69,100,8645,8645,8645,88634,88634,88634,591,591,591,0.26,0.48,0.68,0.10,0.19,0.28,0.07,0.14,0.19,0.00,0.00,0.00,0.01,0.02,0.03,0.00,0.00,0.00,0.05,0.15,0.25,332831,491100,697099,1058689,1200230,1485795,0,0,0,0,0,0,0,299579,0,376.82,383.61,389.48
141,2,30,58,100,8591,8591,8591,88689,88689,88689,591,591,591,0.13,0.52,0.74,0.05,0.21,0.30,0.03,0.16,0.21,0.00,0.00,0.00,0.00,0.02,0.03,0.00,0.00,0.00,0.02,0.15,0.27,448157,741082,1339097,875280,1311841,1766245,0,0,0,0,0,0,0,315681,0,357.79,408.15,446.49
141,3,36,73,100,8655,8655,8655,88624,88624,88624,591,591,591,0.23,0.51,0.81,0.09,0.20,0.30,0.05,0.14,0.27,0.00,0.00,0.00,0.01,0.02,0.04,0.00,0.00,0.00,0.05,0.16,0.27,340684,502630,715437,618473,1155683,1821352,0,0,0,0,0,0,0,370682,0,347.92,380.42,411.28
142,0,32,66,100,8628,8628,8628,88651,88651,88651,591,591,591,0.22,0.46,0.78,0.09,0.18,0.29,0.03,0.13,0.24,0.00,0.00,0.00,0.01,0.02,0.03,0.00,0.00,0.00,0.06,0.14,0.24,314478,788802,2010061,1035115,1519388,2767437,0,0,0,0,0,0,0,304278,0,351.49,393.48,419.51
142,1,57,70,86,8645,8645,8645,88634,88634,88634,591,591,591,0.29,0.51,0.80,0.11,0.20,0.34,0.09,0.15,0.27,0.00,0.00,0.00,0.01,0.02,0.04,0.00,0.00,0.00,0.06,0.15,0.21,330226,353779,387860,723265,1095932,1297234,0,0,0,0,0,0,0,310106,0,388.81,394.37,400.58
142,2,39,67,100,8591,8591,8591,88689,88689,88689,591,591,591,0.14,0.46,0.80,0.05,0.17,0.27,0.03,0.12,0.27,0.00,0.00,0.00,0.00,0.02,0.04,0.00,0.00,0.00,0.02,0.15,0.24,457960,590050,951362,707541,1342665,1915829,0,0,0,0,0,0,0,292828,0,356.54,380.97,397.87
142,3,34,72,100,8655,8655,8655,88624,88624,88624,591,591,591,0.15,0.58,0.85,0.06,0.21,0.34,0.03,0.17,0.27,0.00,0.00,0.00,0.00,0.03,0.05,0.00,0.00,0.00,0.03,0.14,0.21,316979,638361,1478010,665394,1244227,2489557,0,0,0,0,0,0,0,239511,0,318.20,359.49,380.27
143,0,34,76,100,8628,8628,8628,88651,88651,88651,591,591,591,0.14,0.56,0.78,0.05,0.23,0.31,0.03,0.16,0.25,0.00,0.00,0.00,0.00,0.03,0.04,0.00,0.00,0.00,0.02,0.18,0.28,335423,739037,1396841,731117,1277585,2369126,0,0,0,0,0,0,0,203931,0,386.35,402.54,414.43
143,1,54,72,100,8645,8645,8645,88634,88634,88634,591,591,591,0.24,0.60,0.81,0.10,0.22,0.27,0.04,0.17,0.27,0.00,0.00,0.00,0.01,0.03,0.04,0.00,0.00,0.00,0.06,0.18,0.24,0,407821,695985,784701,962762,1143947,0,0,0,0,0,0,0,256529,0,355.79,390.74,417.04
143,2,32,64,92,8591,8591,8591,88689,88689,88689,591,591,591,0.29,0.45,0.59,0.12,0.17,0.24,0.09,0.12,0.16,0.00,0.00,0.00,0.01,0.02,0.02,0.00,0.00,0.00,0.07,0.13,0.22,446112,895692,1933765,1276299,1623622,2563781,0,0,0,0,0,0,0,295061,0,349.95,364.24,379.22
143,3,36,69,100,8655,8655,8655,88624,88624,88624,591,591,591,0.16,0.51,0.73,0.06,0.21,0.34,0.04,0.13,0.24,0.00,0.00,0.00,0.00,0.02,0.04,0.00,0.00,0.00,0.03,0.16,0.29,317765,633123,1373499,806672,1368549,2440920,0,0,0,0,0,0,0,292556,0,382.60,400.61,418.99
144,0,51,72,87,8628,8628,8628,88651,88651,88651,591,591,591,0.28,0.52,0.79,0.15,0.22,0.33,0.08,0.16,0.26,0.00,0.00,0.00,0.01,0.03,0.04,0.00,0.00,0.00,0.06,0.19,0.37,308136,971959,1852653,1001003,1608290,3092123,0,0,0,0,0,0,0,288646,0,361.34,389.68,422.42
144,1,39,56,68,8645,8645,8645,88634,88634,88634,591,591,591,0.35,0.37,0.42,0.12,0.15,0.16,0.09,0.10,0.11,0.00,0.00,0.00,0.01,0.01,0.01,0.00,0.00,0.00,0.09,0.12,0.15,322368,538290,1252687,938276,1374285,2245926,0,0,0,0,0,0,0,307340,0,330.26,365.83,420.50
144,2,32,66,100,8591,8591,8591,88689,88689,88689,591,591,591,0.18,0.43,0.65,0.07,0.18,0.25,0.04,0.13,0.17,0.00,0.00,0.00,0.01,0.02,0.02,0.00,0.00,0.00,0.04,0.14,0.23,469003,639416,799302,1187159,1355344,1734879,0,0,0,0,0,0,0,319720,0,365.38,370.79,379.61
144,3,51,70,100,8655,8655,8655,88624,88624,88624,591,591,591,0.30,0.53,0.83,0.13,0.20,0.32,0.08,0.16,0.28,0.00,0.00,0.00,0.01,0.02,0.04,0.00,0.00,0.00,0.08,0.15,0.26,330175,598010,1050917,707579,1117414,1962936,0,0,0,0,0,0,0,292833,0,350.82,372.92,395.73
145,0,35,80,100,8628,8628,8628,88651,88651,88651,591,591,591,0.16,0.60,0.82,0.06,0.19,0.32,0.03,0.18,0.28,0.00,0.00,0.00,0.00,0.03,0.04,0.00,0.00,0.00,0.01,0.10,0.23,332162,556005,1315579,571319,1119835,1578115,0,0,0,0,0,0,0,378025,0,329.32,375.55,417.00
145,1,36,70,100,8645,8645,8645,88634,88634,88634,591,591,591,0.43,0.59,0.78,0.17,0.23,0.29,0.13,0.18,0.25,0.00,0.00,0.00,0.02,0.03,0.03,0.00,0.00,0.00,0.11,0.17,0.26,342256,623722,861231,957249,1231987,1722462,0,0,0,0,0,0,0,339394,0,332.33,378.99,414.66
145,2,33,71,97,8591,8591,8591,88689,88689,88689,591,591,591,0.30,0.61,0.80,0.11,0.21,0.30,0.09,0.16,0.27,0.00,0.00,0.00,0.01,0.03,0.05,0.00,0.00,0.00,0.07,0.17,0.27,479582,609318,965904,804545,1234731,1674234,0,0,0,0,0,0,0,376107,0,357.59,391.66,429.87
145,3,35,70,100,8655,8655,8655,88624,88624,88624,591,591,591,0.18,0.50,0.73,0.07,0.21,0.34,0.04,0.14,0.25,0.00,0.00,0.00,0.00,0.02,0.04,0.00,0.00,0.00,0.03,0.17,0.29,327506,389928,552941,833369,1136756,1415075,0,0,0,0,0,0,0,326453,0,320.47,351.96,393.20
146,0,33,67,100,8628,8628,8628,88651,88651,88651,591,591,591,0.29,0.52,0.81,0.11,0.20,0.31,0.07,0.15,0.27,0.00,0.00,0.00,0.01,0.02,0.04,0.00,0.00,0.00,0.07,0.16,0.32,322331,949730,2163214,844628,1651855,2578647,0,0,0,0,0,0,0,332344,0,369.55,393.62,408.36
146,1,53,74,100,8645,8645,8645,88634,88634,88634,591,591,591,0.28,0.51,0.72,0.11,0.21,0.30,0.08,0.14,0.20,0.00,0.00,0.00,0.01,0.02,0.03,0.00,0.00,0.00,0.06,0.16,0.26,327579,462811,741656,746892,1158866,1572416,0,0,0,0,0,0,0,334396,0,386.64,406.31,432.45
146,2,36,72,100,8589,8589,8591,88689,88690,88691,591,591,591,0.15,0.51,0.85,0.06,0.17,0.25,0.03,0.15,0.29,0.00,0.00,0.00,0.00,0.03,0.05,0.00,0.00,0.00,0.03,0.12,0.20,503011,788759,1768927,618321,1440716,1876373,0,0,0,0,0,0,0,278159,0,365.69,383.85,417.79
146,3,34,68,100,8655,8655,8655,88624,88624,88624,591,591,591,0.18,0.58,0.83,0.07,0.21,0.30,0.03,0.17,0.28,0.00,0.00,0.00,0.00,0.03,0.05,0.00,0.00,0.00,0.04,0.16,0.27,317100,717472,2133005,710152,1288561,2295470,0,0,0,0,0,0,0,276711,0,380.22,383.31,387.77
147,0,34,58,82,8628,8628,8628,88651,88651,88651,591,591,591,0.36,0.44,0.55,0.13,0.18,0.25,0.10,0.13,0.16,0.00,0.00,0.00,0.01,0.02,0.03,0.00,0.00,0.00,0.09,0.14,0.20,338059,693166,1630064,835977,1380434,2321924,0,0,0,0,0,0,0,222864,0,356.88,374.76,408.45
147,1,49,74,100,8645,8645,8645,88634,88634,88634,591,591,591,0.29,0.56,0.78,0.11,0.21,0.28,0.07,0.16,0.25,0.00,0.00,0.00,0.01,0.02,0.03,0.00,0.00,0.00,0.07,0.17,0.23,208148,534234,1011560,762613,1233028,1852780,0,0,0,0,0,0,0,232354,0,386.50,396.34,421.85
147,2,37,74,100,8589,8589,8589,88691,88691,88691,591,591,591,0.40,0.63,0.86,0.16,0.25,0.32,0.11,0.18,0.25,0.00,0.00,0.00,0.01,0.03,0.05,0.00,0.00,0.00,0.14,0.19,0.24,439664,919873,1435911,702421,1367080,1776547,0,0,0,0,0,0,0,342321,0,440.70,455.98,476.58
147,3,34,61,82,8655,8655,8655,88624,88624,88624,591,591,591,0.30,0.38,0.46,0.11,0.15,0.20,0.08,0.11,0.14,0.00,0.00,0.00,0.01,0.02,0.02,0.00,0.00,0.00,0.07,0.11,0.17,322722,578598,911984,1066626,1400369,1818728,0,0,0,0,0,0,0,272254,0,345.53,371.40,402.97
148,0,39,67,100,8628,8628,8628,88651,88651,88651,591,591,591,0.21,0.54,0.76,0.08,0.20,0.30,0.03,0.15,0.24,0.00,0.00,0.00,0.01,0.02,0.04,0.00,0.00,0.00,0.05,0.17,0.27,322195,923132,2346425,823065,1611027,3237587,0,0,0,0,0,0,0,371639,0,336.64,367.79,396.75
148,1,35,72,100,8645,8645,8645,88634,88634,88634,591,591,591,0.31,0.57,0.80,0.13,0.23,0.31,0.06,0.16,0.27,0.00,0.00,0.00,0.01,0.03,0.04,0.00,0.00,0.00,0.08,0.18,0.26,343278,527781,736386,731105,1137854,1781959,0,0,0,0,0,0,0,326326,0,380.27,410.59,430.47
148,2,34,71,100,8589,8589,8589,88691,88691,88691,591,591,591,0.18,0.51,0.82,0.07,0.19,0.29,0.03,0.14,0.27,0.00,0.00,0.00,0.00,0.02,0.05,0.00,0.00,0.00,0.04,0.15,0.27,469062,601683,1003616,631531,1211243,1601069,0,0,0,0,0,0,0,366350,0,338.82,380.86,404.72
148,3,60,75,100,8655,8655,8655,88624,88624,88624,591,591,591,0.32,0.52,0.79,0.12,0.20,0.29,0.09,0.15,0.22,0.00,0.00,0.00,0.01,0.02,0.03,0.00,0.00,0.00,0.07,0.16,0.24,327583,823729,2365483,948593,1485872,2851158,0,0,0,0,0,0,0,309102,0,351.53,372.05,414.80
149,0,35,67,96,8626,8627,8628,88651,88651,88653,591,591,591,0.16,0.48,0.90,0.06,0.19,0.33,0.03,0.14,0.32,0.00,0.00,0.00,0.00,0.03,0.06,0.00,0.00,0.00,0.03,0.13,0.25,324953,396740,594897,550363,1136734,1669382,0,0,0,0,0,0,0,251075,0,349.72,393.30,428.96
149,1,57,77,96,8645,8645,8645,88634,88634,88634,591,591,591,0.30,0.54,0.92,0.11,0.21,0.32,0.08,0.17,0.33,0.00,0.00,0.00,0.01,0.03,0.07,0.00,0.00,0.00,0.07,0.15,0.25,317101,541427,961784,691834,1196589,1391501,0,0,0,0,0,0,0,373772,0,382.63,391.74,405.24
149,2,34,54,94,8589,8589,8589,88691,88691,88691,591,591,591,0.15,0.40,0.75,0.05,0.16,0.29,0.03,0.11,0.25,0.00,0.00,0.00,0.00,0.02,0.05,0.00,0.00,0.00,0.03,0.11,0.21,463873,1270211,2168829,1339204,2061014,2501332,0,0,0,0,0,0,0,289267,0,338.61,397.83,438.30
149,3,38,74,100,8655,8655,8655,88624,88624,88624,591,591,591,0.31,0.55,0.81,0.13,0.21,0.30,0.06,0.16,0.27,0.00,0.00,0.00,0.01,0.02,0.04,0.00,0.00,0.00,0.07,0.16,0.27,353685,617310,1128986,599955,1302051,1934683,0,0,0,0,0,0,0,325298,0,343.08,371.55,391.86
150,0,36,85,100,8626,8626,8626,88653,88653,88653,591,591,591,0.24,0.68,0.86,0.09,0.23,0.29,0.07,0.20,0.29,0.00,0.00,0.00,0.01,0.03,0.05,0.00,0.00,0.00,0.05,0.18,0.24,330168,485875,877933,563383,831271,1205503,0,0,0,0,0,0,0,389210,0,361.69,414.08,465.58
150,1,37,72,100,8643,8643,8645,88634,88635,88636,591,591,591,0.17,0.52,0.85,0.06,0.17,0.25,0.04,0.15,0.29,0.00,0.00,0.00,0.00,0.03,0.05,0.00,0.00,0.00,0.03,0.12,0.19,211355,659025,1411816,319653,1339598,2376639,0,0,0,0,0,0,0,360664,0,358.30,381.89,414.99
150,2,42,81,100,8589,8589,8589,88691,88691,88691,591,591,591,0.41,0.62,0.82,0.15,0.23,0.27,0.11,0.18,0.27,0.00,0.00,0.00,0.02,0.03,0.04,0.00,0.00,0.00,0.12,0.19,0.22,466369,649213,953931,712654,1159364,1844965,0,0,0,0,0,0,0,326999,0,386.30,410.69,434.02
150,3,38,77,100,8655,8655,8655,88624,88624,88624,591,591,591,0.25,0.57,0.81,0.11,0.22,0.32,0.04,0.16,0.27,0.00,0.00,0.00,0.01,0.03,0.04,0.00,0.00,0.00,0.07,0.18,0.28,149368,523539,1105830,471690,1133006,1868382,0,0,0,0,0,0,0,350525,0,340.91,383.03,419.32
151,0,56,69,85,8626,8626,8626,88653,88653,88653,591,591,591,0.33,0.46,0.67,0.12,0.18,0.26,0.09,0.13,0.17,0.00,0.00,0.00,0.01,0.02,0.03,0.00,0.00,0.00,0.09,0.15,0.24,322345,470696,653156,918563,1222740,1344127,0,0,0,0,0,0,0,265439,0,351.18,376.73,442.74
151,1,34,67,100,8643,8643,8643,88636,88636,88636,591,591,591,0.28,0.47,0.78,0.11,0.19,0.34,0.07,0.12,0.16,0.00,0.00,0.00,0.01,0.02,0.03,0.00,0.00,0.00,0.07,0.15,0.30,322330,388379,521494,652617,1118482,1574964,0,0,0,0,0,0,0,270944,0,372.37,434.74,470.45
151,2,32,64,100,8589,8589,8589,88691,88691,88691,591,591,591,0.22,0.44,0.78,0.08,0.17,0.29,0.05,0.13,0.23,0.00,0.00,0.00,0.01,0.02,0.03,0.00,0.00,0.00,0.05,0.13,0.23,445482,704406,1121580,872580,1416150,1947144,0,0,0,0,0,0,0,266904,0,364.20,386.39,405.15
151,3,33,68,100,8655,8655,8655,88624,88624,88624,591,591,591,0.16,0.52,0.74,0.06,0.20,0.29,0.03,0.15,0.22,0.00,0.00,0.00,0.00,0.02,0.04,0.00,0.00,0.00,0.03,0.15,0.26,319718,566235,985369,778353,1187854,1417779,0,0,0,0,0,0,0,249884,0,368.41,385.21,397.53
152,0,50,69,91,8626,8626,8626,88653,88653,88653,591,591,591,0.18,0.41,0.74,0.07,0.17,0.31,0.04,0.12,0.26,0.00,0.00,0.00,0.00,0.02,0.04,0.00,0.00,0.00,0.03,0.13,0.21,327582,518889,846455,953930,1240881,1734841,0,0,0,0,0,0,0,211392,0,330.35,339.76,355.33
152,1,37,76,100,8643,8643,8643,88636,88636,88636,591,591,591,0.33,0.55,0.78,0.12,0.22,0.29,0.08,0.16,0.23,0.00,0.00,0.00,0.01,0.02,0.03,0.00,0.00,0.00,0.09,0.18,0.23,359015,571282,877845,791406,1201525,1931259,0,0,0,0,0,0,0,262746,0,371.71,382.00,390.41
152,2,37,71,100,8589,8589,8589,88691,88691,88691,591,591,591,0.35,0.51,0.68,0.15,0.20,0.27,0.11,0.15,0.19,0.00,0.00,0.00,0.02,0.02,0.03,0.00,0.00,0.00,0.09,0.16,0.24,462449,604982,964410,1061097,1285110,1690339,0,0,0,0,0,0,0,307932,0,372.46,385.43,398.16
152,3,34,77,97,8655,8655,8655,88624,88624,88624,591,591,591,0.40,0.61,0.90,0.14,0.24,0.35,0.11,0.19,0.29,0.00,0.00,0.00,0.01,0.03,0.06,0.00,0.00,0.00,0.10,0.16,0.25,324942,422573,639423,552960,998450,1588077,0,0,0,0,0,0,0,316611,0,353.22,386.26,413.04
153,0,34,71,100,8626,8626,8626,88653,88653,88653,591,591,591,0.14,0.56,0.81,0.05,0.22,0.33,0.03,0.16,0.27,0.00,0.00,0.00,0.00,0.03,0.05,0.00,0.00,0.00,0.02,0.16,0.29,340192,857501,1648994,690851,1452882,2603261,0,0,0,0,0,0,0,359531,0,337.28,385.86,409.56
153,1,38,57,96,8643,8643,8643,88636,88636,88636,591,591,591,0.18,0.46,0.91,0.07,0.18,0.34,0.04,0.14,0.31,0.00,0.00,0.00,0.00,0.02,0.06,0.00,0.00,0.00,0.04,0.12,0.23,319711,369161,527627,455981,1126879,1451848,0,0,0,0,0,0,0,292892,0,359.24,383.94,414.03
153,2,34,62,95,8589,8589,8589,88691,88691,88691,591,591,591,0.15,0.45,0.74,0.06,0.18,0.32,0.03,0.13,0.23,0.00,0.00,0.00,0.00,0.02,0.04,0.00,0.00,0.00,0.03,0.13,0.24,366901,534606,712708,822895,1258772,1551190,0,0,0,0,0,0,0,304228,0,362.79,382.94,410.69
153,3,37,78,100,8649,8649,8653,88630,88630,88630,591,591,591,0.16,0.58,0.86,0.06,0.19,0.26,0.03,0.17,0.29,0.00,0.00,0.00,0.00,0.03,0.05,0.00,0.00,0.00,0.03,0.14,0.20,348536,458750,710203,463842,1046152,1595997,0,0,0,0,0,0,0,410824,0,342.71,363.44,405.14
154,0,33,62,98,8626,8626,8626,88653,88653,88653,591,591,591,0.25,0.50,0.80,0.11,0.19,0.30,0.04,0.13,0.26,0.00,0.00,0.00,0.01,0.02,0.04,0.00,0.00,0.00,0.08,0.16,0.28,330199,658327,1273008,761184,1284725,1684959,0,0,0,0,0,0,0,314030,0,373.74,388.79,414.15
154,1,91,97,100,8643,8643,8643,88636,88636,88636,591,591,591,0.70,0.79,0.86,0.24,0.28,0.35,0.16,0.23,0.28,0.00,0.00,0.00,0.03,0.04,0.05,0.00,0.00,0.00,0.18,0.22,0.29,311858,577581,1032545,421926,915124,1428267,0,0,0,0,0,0,0,450416,0,383.09,428.67,510.22
154,2,41,78,100,8589,8589,8589,88691,88691,88691,591,591,591,0.26,0.62,0.83,0.10,0.22,0.32,0.07,0.18,0.28,0.00,0.00,0.00,0.01,0.03,0.05,0.00,0.00,0.00,0.06,0.18,0.29,453383,780375,1556368,780973,1268856,1883886,0,0,0,0,0,0,0,407522,0,371.61,404.08,443.42
154,3,36,65,100,8649,8649,8649,88630,88630,88630,591,591,591,0.26,0.48,0.68,0.10,0.19,0.27,0.06,0.13,0.20,0.00,0.00,0.00,0.01,0.02,0.03,0.00,0.00,0.00,0.06,0.16,0.25,248086,924831,2227066,635940,1630801,3227937,0,0,0,0,0,0,0,287366,0,354.79,400.22,446.98
155,0,35,64,100,8626,8626,8626,88653,88653,88653,591,591,591,0.15,0.46,0.70,0.06,0.18,0.25,0.03,0.14,0.21,0.00,0.00,0.00,0.00,0.02,0.03,0.00,0.00,0.00,0.03,0.14,0.21,385221,792451,1590742,919856,1492133,2484388,0,0,0,0,0,0,0,308287,0,341.48,362.90,398.07
155,1,36,70,100,8643,8643,8643,88636,88636,88636,591,591,591,0.23,0.49,0.80,0.09,0.18,0.32,0.06,0.14,0.27,0.00,0.00,0.00,0.01,0.02,0.04,0.00,0.00,0.00,0.05,0.14,0.25,227105,365640,607978,563392,1085732,1572358,0,0,0,0,0,0,0,348619,0,399.63,430.03,456.46
155,2,32,74,100,8589,8589,8589,88691,88691,88691,591,591,591,0.15,0.53,0.75,0.05,0.21,0.31,0.03,0.15,0.20,0.00,0.00,0.00,0.00,0.02,0.03,0.00,0.00,0.00,0.02,0.16,0.28,307017,787595,1312096,896629,1409304,1918020,0,0,0,0,0,0,0,314304,0,360.41,405.96,449.41
155,3,39,72,100,8649,8649,8649,88630,88630,88630,591,591,591,0.25,0.58,0.81,0.10,0.21,0.32,0.04,0.18,0.27,0.00,0.00,0.00,0.01,0.03,0.05,0.00,0.00,0.00,0.05,0.14,0.20,322147,448602,560819,512859,1055403,1630018,0,0,0,0,0,0,0,305928,0,351.83,372.77,393.06
156,0,40,59,81,8626,8626,8626,88653,88653,88653,591,591,591,0.34,0.38,0.47,0.12,0.15,0.21,0.09,0.11,0.15,0.00,0.00,0.00,0.01,0.01,0.02,0.00,0.00,0.00,0.09,0.12,0.17,327616,444957,644686,859497,1197041,1558815,0,0,0,0,0,0,0,262072,0,317.04,336.32,363.69
156,1,34,72,100,8643,8643,8643,88636,88636,88636,591,591,591,0.15,0.57,0.81,0.06,0.22,0.33,0.03,0.17,0.27,0.00,0.00,0.00,0.00,0.03,0.05,0.00,0.00,0.00,0.03,0.16,0.29,327615,505254,914624,553014,1129977,1624844,0,0,0,0,0,0,0,346558,0,410.40,423.25,434.00
156,2,37,63,100,8589,8589,8589,88691,88691,88691,591,591,591,0.33,0.41,0.48,0.13,0.17,0.20,0.10,0.12,0.13,0.00,0.00,0.00,0.01,0.02,0.02,0.00,0.00,0.00,0.08,0.13,0.18,450783,780955,1137393,1022126,1518929,1886920,0,0,0,0,0,0,0,317786,0,357.85,385.28,418.64
156,3,39,66,92,8649,8649,8649,88630,88630,88630,591,591,591,0.16,0.45,0.64,0.06,0.19,0.28,0.03,0.12,0.19,0.00,0.00,0.00,0.00,0.02,0.03,0.00,0.00,0.00,0.03,0.14,0.25,330165,954084,1661522,783488,1675976,2447731,0,0,0,0,0,0,0,251127,0,333.94,379.11,422.43
157,0,35,66,97,8626,8626,8626,88653,88653,88653,591,591,591,0.16,0.49,0.92,0.06,0.19,0.33,0.03,0.15,0.33,0.00,0.00,0.00,0.00,0.02,0.07,0.00,0.00,0.00,0.03,0.13,0.27,330203,401769,564368,484741,1081517,1609495,0,0,0,0,0,0,0,291727,0,326.23,376.05,419.17
157,1,37,72,100,8643,8643,8643,88636,88636,88636,591,591,591,0.23,0.57,0.82,0.09,0.22,0.30,0.06,0.16,0.27,0.00,0.00,0.00,0.01,0.03,0.04,0.00,0.00,0.00,0.05,0.17,0.24,335444,870626,1876365,723302,1453944,2044085,0,0,0,0,0,0,0,281365,0,403.23,410.34,416.95
157,2,35,65,86,8589,8589,8589,88691,88691,88691,591,591,591,0.21,0.46,0.67,0.08,0.18,0.27,0.05,0.13,0.20,0.00,0.00,0.00,0.01,0.02,0.03,0.00,0.00,0.00,0.05,0.15,0.25,476968,753169,1747948,995802,1476993,2617991,0,0,0,0,0,0,0,231904,0,349.08,363.66,380.82
157,3,38,84,100,8649,8649,8649,88630,88630,88630,591,591,591,0.27,0.67,0.92,0.09,0.26,0.34,0.08,0.20,0.33,0.00,0.00,0.00,0.01,0.03,0.07,0.00,0.00,0.00,0.05,0.18,0.28,364274,687552,1341467,697100,1191688,2305725,0,0,0,0,0,0,0,377184,0,373.99,405.49,425.71
158,0,38,84,100,8626,8626,8626,88653,88653,88653,591,591,591,0.33,0.71,0.85,0.16,0.23,0.25,0.04,0.22,0.28,0.00,0.00,0.00,0.01,0.04,0.05,0.00,0.00,0.00,0.13,0.18,0.19,318023,465747,704149,557644,875942,1398250,0,0,0,0,0,0,0,321094,0,345.46,365.52,413.29
158,1,63,73,100,8643,8643,8643,88636,88636,88636,591,591,591,0.32,0.54,0.71,0.13,0.21,0.29,0.09,0.15,0.20,0.00,0.00,0.00,0.01,0.02,0.03,0.00,0.00,0.00,0.07,0.17,0.26,330097,578999,1313372,751888,1297796,2149631,0,0,0,0,0,0,0,343529,0,377.81,406.60,443.07
158,2,33,67,100,8589,8589,8589,88691,88691,88691,591,591,591,0.15,0.48,0.84,0.06,0.18,0.34,0.03,0.14,0.27,0.00,0.00,0.00,0.00,0.02,0.05,0.00,0.00,0.00,0.03,0.12,0.20,476952,609956,870044,828159,1313600,1902567,0,0,0,0,0,0,0,295026,0,351.99,385.41,428.63
158,3,37,79,100,8647,8647,8647,88632,88632,88632,591,591,591,0.17,0.57,0.84,0.06,0.19,0.25,0.04,0.17,0.28,0.00,0.00,0.00,0.00,0.03,0.05,0.00,0.00,0.00,0.03,0.14,0.19,170343,609297,977524,980127,1227747,1553899,0,0,0,0,0,0,0,362022,0,353.52,361.63,367.54
159,0,56,78,100,8626,8626,8626,88653,88653,88653,591,591,591,0.30,0.56,0.69,0.12,0.23,0.32,0.09,0.15,0.21,0.00,0.00,0.00,0.01,0.02,0.04,0.00,0.00,0.00,0.07,0.18,0.29,332888,525733,993194,699905,1103376,1506825,0,0,0,0,0,0,0,330944,0,400.09,431.85,452.14
159,1,38,82,100,8643,8643,8643,88636,88636,88636,591,591,591,0.16,0.59,0.83,0.06,0.22,0.32,0.04,0.18,0.28,0.00,0.00,0.00,0.00,0.03,0.05,0.00,0.00,0.00,0.03,0.16,0.26,340974,745852,1407237,691851,1349150,1897401,0,0,0,0,0,0,0,340996,0,360.33,396.93,426.33
159,2,33,74,100,8589,8589,8589,88691,88691,88691,591,591,591,0.33,0.62,0.82,0.13,0.24,0.31,0.10,0.18,0.28,0.00,0.00,0.00,0.01,0.03,0.04,0.00,0.00,0.00,0.08,0.20,0.27,442880,928269,2247951,615839,1426390,3028708,0,0,0,0,0,0,0,324981,0,388.67,411.81,434.38
159,3,36,66,100,8647,8647,8647,88632,88632,88632,591,591,591,0.28,0.54,0.86,0.11,0.21,0.28,0.08,0.15,0.25,0.00,0.00,0.00,0.01,0.02,0.04,0.00,0.00,0.00,0.06,0.17,0.25,324948,436599,660427,529351,1005280,1462374,0,0,0,0,0,0,0,265123,0,365.75,418.98,459.75
160,0,33,58,100,8626,8626,8626,88653,88653,88653,591,591,591,0.15,0.46,0.82,0.05,0.17,0.29,0.03,0.13,0.28,0.00,0.00,0.00,0.00,0.02,0.05,0.00,0.00,0.00,0.02,0.13,0.25,228350,419499,765842,497924,1085709,1608782,0,0,0,0,0,0,0,347319,0,347.60,370.55,389.31
160,1,37,70,100,8643,8643,8643,88636,88636,88636,591,591,591,0.32,0.57,0.83,0.13,0.22,0.32,0.10,0.16,0.28,0.00,0.00,0.00,0.01,0.02,0.05,0.00,0.00,0.00,0.07,0.18,0.29,327275,413472,644679,476927,969038,1493768,0,0,0,0,0,0,0,295715,0,392.98,425.53,454.08
160,2,34,69,100,8589,8589,8589,88691,88691,88691,591,591,591,0.24,0.47,0.78,0.09,0.19,0.27,0.04,0.14,0.25,0.00,0.00,0.00,0.01,0.02,0.03,0.00,0.00,0.00,0.06,0.14,0.23,455891,514185,626490,885582,1197662,1596040,0,0,0,0,0,0,0,299860,0,365.09,393.39,422.04
160,3,33,59,93,8647,8647,8647,88632,88632,88632,591,591,591,0.35,0.42,0.52,0.13,0.16,0.22,0.09,0.12,0.15,0.00,0.00,0.00,0.01,0.02,0.02,0.00,0.00,0.00,0.09,0.13,0.17,421762,528452,841214,1018534,1344600,1475401,0,0,0,0,0,0,0,327565,0,318.68,339.19,352.65
161,0,33,59,97,8626,8626,8626,88653,88653,88653,591,591,591,0.15,0.46,0.90,0.06,0.18,0.35,0.03,0.14,0.28,0.00,0.00,0.00,0.00,0.02,0.06,0.00,0.00,0.00,0.03,0.12,0.21,317109,348301,406207,573904,1064796,1444002,0,0,0,0,0,0,0,248276,0,344.13,389.86,432.77
161,1,37,77,100,8643,8643,8643,88636,88636,88636,591,591,591,0.22,0.52,0.81,0.08,0.19,0.30,0.06,0.15,0.27,0.00,0.00,0.00,0.01,0.02,0.04,0.00,0.00,0.00,0.04,0.15,0.22,314384,412458,775675,537214,1132015,1370514,0,0,0,0,0,0,0,325292,0,358.54,380.40,397.29
161,2,35,59,100,8589,8589,8589,88691,88691,88691,591,591,591,0.17,0.50,0.75,0.06,0.20,0.31,0.04,0.14,0.26,0.00,0.00,0.00,0.00,0.02,0.04,0.00,0.00,0.00,0.03,0.15,0.26,437624,577583,1056129,849043,1298775,1470210,0,0,0,0,0,0,0,368250,0,366.88,398.07,428.50
161,3,33,71,100,8647,8647,8647,88632,88632,88632,591,591,591,0.16,0.55,0.84,0.06,0.21,0.34,0.03,0.16,0.27,0.00,0.00,0.00,0.00,0.03,0.05,0.00,0.00,0.00,0.03,0.15,0.24,138891,460166,807160,476949,1120022,1955006,0,0,0,0,0,0,0,200325,0,340.31,366.67,389.78
162,0,82,95,100,8626,8626,8626,88653,88653,88653,591,591,591,0.71,0.79,0.85,0.24,0.28,0.34,0.16,0.23,0.29,0.00,0.00,0.00,0.03,0.04,0.05,0.00,0.00,0.00,0.18,0.22,0.30,322351,429688,814603,437664,742042,995829,0,0,0,0,0,0,0,406259,0,356.06,409.33,488.25
162,1,37,71,100,8643,8643,8643,88636,88636,88636,591,591,591,0.17,0.54,0.90,0.06,0.22,0.34,0.03,0.15,0.31,0.00,0.00,0.00,0.00,0.03,0.06,0.00,0.00,0.00,0.03,0.15,0.30,317093,413014,626331,492684,1118495,1428275,0,0,0,0,0,0,0,340081,0,394.69,414.07,427.22
162,2,40,78,100,8589,8589,8589,88691,88691,88691,591,591,591,0.34,0.64,0.90,0.12,0.25,0.33,0.10,0.19,0.31,0.00,0.00,0.00,0.01,0.03,0.06,0.00,0.00,0.00,0.08,0.19,0.24,20959,726452,1339241,243655,1196054,1839748,0,0,0,0,0,0,0,250098,0,374.80,415.64,451.85
162,3,42,78,100,8647,8647,8647,88632,88632,88632,591,591,591,0.25,0.55,0.82,0.10,0.22,0.28,0.06,0.16,0.25,0.00,0.00,0.00,0.01,0.02,0.04,0.00,0.00,0.00,0.06,0.17,0.24,369511,530928,783516,786187,1122658,1422908,0,0,0,0,0,0,0,293344,0,370.62,390.73,415.80
163,0,32,63,100,8626,8626,8626,88653,88653,88653,591,591,591,0.19,0.49,0.81,0.07,0.19,0.30,0.05,0.14,0.27,0.00,0.00,0.00,0.01,0.02,0.04,0.00,0.00,0.00,0.04,0.15,0.27,330204,600957,1142128,875295,1252722,1586681,0,0,0,0,0,0,0,326125,0,372.87,402.90,436.86
163,1,37,76,100,8643,8643,8643,88636,88636,88636,591,591,591,0.19,0.58,0.83,0.08,0.21,0.33,0.03,0.17,0.28,0.00,0.00,0.00,0.00,0.03,0.05,0.00,0.00,0.00,0.05,0.15,0.26,238481,460185,649917,372135,987982,1598631,0,0,0,0,0,0,0,234146,0,403.61,442.13,489.32
163,2,36,78,100,8585,8585,8589,88691,88694,88695,591,591,591,0.15,0.54,0.85,0.06,0.18,0.25,0.03,0.16,0.29,0.00,0.00,0.00,0.00,0.03,0.05,0.00,0.00,0.00,0.03,0.13,0.19,448140,618746,1063539,560831,1216464,2100883,0,0,0,0,0,0,0,305497,0,354.95,369.34,394.46
163,3,36,67,100,8647,8647,8647,88632,88632,88632,591,591,591,0.38,0.52,0.78,0.14,0.20,0.30,0.09,0.14,0.21,0.00,0.00,0.00,0.02,0.02,0.03,0.00,0.00,0.00,0.09,0.16,0.27,319689,483536,770217,742035,1209685,1729059,0,0,0,0,0,0,0,309155,0,356.31,366.86,389.14
164,0,46,70,100,8626,8626,8626,88653,88653,88653,591,591,591,0.21,0.49,0.78,0.08,0.19,0.28,0.04,0.13,0.25,0.00,0.00,0.00,0.01,0.02,0.03,0.00,0.00,0.00,0.05,0.15,0.23,319656,397302,636826,780969,1101053,1362698,0,0,0,0,0,0,0,311059,0,357.34,393.72,427.15
164,1,35,83,100,8643,8643,8643,88636,88636,88636,591,591,591,0.16,0.65,0.82,0.06,0.24,0.33,0.03,0.19,0.27,0.00,0.00,0.00,0.00,0.03,0.05,0.00,0.00,0.00,0.03,0.18,0.29,317100,496247,712810,701348,1009683,1383710,0,0,0,0,0,0,0,382896,0,403.27,422.08,448.01
164,2,36,70,100,8585,8585,8585,88695,88695,88695,591,591,591,0.16,0.55,0.85,0.06,0.22,0.35,0.03,0.15,0.24,0.00,0.00,0.00,0.00,0.03,0.04,0.00,0.00,0.00,0.03,0.16,0.30,442934,542459,778288,843754,1163560,1593357,0,0,0,0,0,0,0,313599,0,404.01,458.40,501.45
164,3,36,70,95,8647,8647,8647,88632,88632,88632,591,591,591,0.30,0.46,0.75,0.13,0.18,0.29,0.10,0.13,0.20,0.00,0.00,0.00,0.01,0.02,0.03,0.00,0.00,0.00,0.08,0.15,0.26,372123,532165,796343,828084,1239170,1446733,0,0,0,0,0,0,0,293239,0,344.78,356.17,376.86
165,0,33,58,87,8626,8626,8626,88653,88653,88653,591,591,591,0.29,0.42,0.60,0.13,0.18,0.25,0.10,0.14,0.17,0.00,0.00,0.00,0.01,0.02,0.02,0.00,0.00,0.00,0.10,0.14,0.23,332825,385890,495293,896274,1079052,1420365,0,0,0,0,0,0,0,227165,0,344.42,360.29,383.61
165,1,36,79,100,8643,8643,8643,88636,88636,88636,591,591,591,0.34,0.64,0.83,0.14,0.24,0.29,0.06,0.18,0.27,0.00,0.00,0.00,0.01,0.03,0.04,0.00,0.00,0.00,0.11,0.19,0.23,317103,469095,736395,545091,995850,1491173,0,0,0,0,0,0,0,355278,0,399.35,411.18,419.81
165,2,33,81,100,8585,8585,8585,88695,88695,88695,591,591,591,0.52,0.72,0.83,0.19,0.27,0.32,0.17,0.22,0.28,0.00,0.00,0.00,0.03,0.04,0.05,0.00,0.00,0.00,0.11,0.20,0.26,199160,492036,765258,545071,832068,1307753,0,0,0,0,0,0,0,389197,0,407.36,424.64,451.00
165,3,37,62,96,8647,8647,8647,88632,88632,88632,591,591,591,0.16,0.49,0.82,0.06,0.19,0.35,0.03,0.16,0.29,0.00,0.00,0.00,0.00,0.03,0.06,0.00,0.00,0.00,0.03,0.11,0.23,340687,462491,707536,655168,1154869,1491165,0,0,0,0,0,0,0,246198,0,351.21,386.59,412.42
166,0,40,69,100,8626,8626,8626,88653,88653,88653,591,591,591,0.15,0.46,0.78,0.11,0.19,0.28,0.06,0.14,0.23,0.00,0.00,0.00,0.01,0.02,0.03,0.00,0.00,0.00,0.08,0.15,0.23,324965,398854,592245,804550,1082828,1365279,0,0,0,0,0,0,0,297516,0,355.42,368.59,392.69
166,1,37,71,100,8643,8643,8643,88636,88636,88636,591,591,591,0.30,0.51,0.71,0.11,0.21,0.32,0.07,0.14,0.20,0.00,0.00,0.00,0.01,0.02,0.03,0.00,0.00,0.00,0.07,0.16,0.26,125796,501568,762530,959200,1254211,1501672,0,0,0,0,0,0,0,390226,0,382.69,408.53,440.25
166,2,36,83,100,8585,8585,8585,88695,88695,88695,591,591,591,0.16,0.60,0.83,0.06,0.23,0.32,0.03,0.17,0.27,0.00,0.00,0.00,0.00,0.03,0.05,0.00,0.00,0.00,0.03,0.18,0.28,476957,762610,1218613,731173,1316092,2148952,0,0,0,0,0,0,0,400372,0,401.48,413.23,433.25
166,3,37,85,100,8647,8647,8647,88632,88632,88632,591,591,591,0.45,0.72,0.87,0.20,0.25,0.31,0.12,0.21,0.28,0.00,0.00,0.00,0.02,0.04,0.05,0.00,0.00,0.00,0.18,0.20,0.24,322292,447076,589666,461199,811343,1501683,0,0,0,0,0,0,0,333143,0,352.12,392.95,439.09
167,0,32,59,100,8626,8626,8626,88653,88653,88653,591,591,591,0.18,0.51,0.66,0.05,0.17,0.28,0.03,0.12,0.19,0.00,0.00,0.00,0.00,0.02,0.03,0.00,0.00,0.00,0.02,0.13,0.22,133635,482384,1130443,793950,1234149,1589958,0,0,0,0,0,0,0,325472,0,348.31,367.47,388.62
167,1,39,74,100,8643,8643,8643,88636,88636,88636,591,591,591,0.17,0.59,0.84,0.06,0.20,0.25,0.04,0.18,0.28,0.00,0.00,0.00,0.00,0.03,0.05,0.00,0.00,0.00,0.03,0.14,0.19,314479,468539,565886,587031,1054859,1478018,0,0,0,0,0,0,0,359081,0,366.26,392.26,402.09
167,2,36,68,100,8585,8585,8585,88695,88695,88695,591,591,591,0.16,0.56,0.84,0.06,0.19,0.25,0.03,0.17,0.28,0.00,0.00,0.00,0.00,0.03,0.05,0.00,0.00,0.00,0.03,0.13,0.20,440265,852954,2168536,579158,1426773,3231852,0,0,0,0,0,0,0,355035,0,380.35,402.86,459.19
167,3,35,68,100,8647,8647,8647,88632,88632,88632,591,591,591,0.26,0.42,0.59,0.10,0.17,0.26,0.07,0.12,0.17,0.00,0.00,0.00,0.01,0.02,0.03,0.00,0.00,0.00,0.06,0.14,0.21,323286,846838,1902518,830757,1672286,2393573,0,0,0,0,0,0,0,236873,0,344.24,367.17,417.85
168,0,33,75,100,8626,8626,8626,88653,88653,88653,591,591,591,0.20,0.56,0.77,0.08,0.23,0.31,0.03,0.16,0.25,0.00,0.00,0.00,0.01,0.02,0.04,0.00,0.00,0.00,0.05,0.18,0.26,343315,518251,835970,827776,1118082,1416067,0,0,0,0,0,0,0,321876,0,345.46,390.51,412.60
168,1,36,73,100,8643,8643,8643,88636,88636,88636,591,591,591,0.16,0.60,0.81,0.06,0.24,0.35,0.03,0.16,0.23,0.00,0.00,0.00,0.00,0.02,0.03,0.00,0.00,0.00,0.03,0.18,0.30,311811,500825,677753,875169,1108843,1664015,0,0,0,0,0,0,0,319351,0,423.96,440.64,475.08
168,2,34,78,100,8585,8585,8585,88695,88695,88695,591,591,591,0.23,0.53,0.78,0.09,0.22,0.33,0.04,0.14,0.25,0.00,0.00,0.00,0.01,0.02,0.03,0.00,0.00,0.00,0.06,0.17,0.29,605291,904654,1291976,1221389,1505293,1823966,0,0,0,0,0,0,0,226887,0,392.19,428.12,452.92
168,3,37,78,100,8647,8647,8647,88632,88632,88632,591,591,591,0.16,0.54,0.75,0.06,0.21,0.31,0.03,0.15,0.22,0.00,0.00,0.00,0.00,0.02,0.04,0.00,0.00,0.00,0.03,0.16,0.27,319719,465928,817575,754724,1177672,1365360,0,0,0,0,0,0,0,308976,0,350.20,372.15,391.27
169,0,32,64,100,8626,8626,8626,88653,88653,88653,591,591,591,0.17,0.54,0.81,0.07,0.21,0.31,0.03,0.16,0.21,0.00,0.00,0.00,0.00,0.02,0.04,0.00,0.00,0.00,0.04,0.16,0.29,343301,439166,610477,686573,1031882,1595626,0,0,0,0,0,0,0,328453,0,354.86,380.86,402.93
169,1,50,64,77,8643,8643,8643,88636,88636,88636,591,591,591,0.30,0.43,0.62,0.11,0.17,0.25,0.07,0.12,0.18,0.00,0.00,0.00,0.01,0.02,0.02,0.00,0.00,0.00,0.08,0.14,0.23,317104,368988,537234,835997,1121117,1530462,0,0,0,0,0,0,0,326044,0,356.93,390.91,424.23
169,2,40,61,100,8585,8585,8585,88695,88695,88695,591,591,591,0.22,0.48,0.74,0.08,0.19,0.31,0.06,0.14,0.21,0.00,0.00,0.00,0.01,0.02,0.03,0.00,0.00,0.00,0.05,0.15,0.27,455987,571647,796718,1088239,1277444,1464906,0,0,0,0,0,0,0,316268,0,359.36,372.46,388.77
169,3,55,72,100,8647,8647,8647,88632,88632,88632,591,591,591,0.32,0.51,0.77,0.12,0.20,0.29,0.10,0.15,0.22,0.00,0.00,0.00,0.01,0.02,0.03,0.00,0.00,0.00,0.07,0.15,0.26,322342,450902,712816,784247,1109720,1572389,0,0,0,0,0,0,0,307619,0,360.84,382.80,414.06
170,0,39,63,100,8626,8626,8626,88653,88653,88653,591,591,591,0.14,0.39,0.60,0.05,0.15,0.21,0.03,0.11,0.17,0.00,0.00,0.00,0.00,0.01,0.03,0.00,0.00,0.00,0.02,0.12,0.18,327578,535836,1125161,959160,1291101,1644063,0,0,0,0,0,0,0,275300,0,341.13,375.94,420.33
170,1,35,76,100,8643,8643,8643,88636,88636,88636,591,591,591,0.16,0.52,0.81,0.06,0.20,0.30,0.03,0.15,0.23,0.00,0.00,0.00,0.00,0.02,0.03,0.00,0.00,0.00,0.03,0.15,0.24,324966,591388,1429132,702321,1333721,1930552,0,0,0,0,0,0,0,225090,0,346.62,371.03,410.51
170,2,35,70,100,8585,8585,8585,88695,88695,88695,591,591,591,0.15,0.52,0.83,0.05,0.18,0.31,0.03,0.15,0.28,0.00,0.00,0.00,0.00,0.03,0.05,0.00,0.00,0.00,0.02,0.13,0.20,445517,808906,1234353,1087705,1446221,2245945,0,0,0,0,0,0,0,276790,0,377.90,393.83,423.89
170,3,39,72,100,8647,8647,8647,88632,88632,88632,591,591,591,0.17,0.54,0.79,0.06,0.21,0.33,0.04,0.16,0.26,0.00,0.00,0.00,0.00,0.03,0.04,0.00,0.00,0.00,0.03,0.15,0.27,20965,522551,940821,338066,1196576,1763693,0,0,0,0,0,0,0,349015,0,349.22,378.91,405.23
171,0,33,73,100,8626,8626,8626,88653,88653,88653,591,591,591,0.18,0.50,0.81,0.07,0.19,0.30,0.04,0.15,0.27,0.00,0.00,0.00,0.00,0.02,0.04,0.00,0.00,0.00,0.03,0.14,0.21,332798,499142,836859,972270,1191493,1354861,0,0,0,0,0,0,0,312563,0,332.87,356.48,393.85
171,1,36,66,100,8643,8643,8643,88636,88636,88636,591,591,591,0.16,0.46,0.68,0.06,0.19,0.28,0.03,0.13,0.20,0.00,0.00,0.00,0.00,0.02,0.04,0.00,0.00,0.00,0.03,0.14,0.25,314411,369085,516272,832607,1102057,1564542,0,0,0,0,0,0,0,304613,0,361.06,399.00,438.52
171,2,34,70,100,8585,8585,8585,88695,88695,88695,591,591,591,0.15,0.61,0.91,0.06,0.23,0.36,0.03,0.18,0.31,0.00,0.00,0.00,0.00,0.03,0.06,0.00,0.00,0.00,0.03,0.16,0.31,170344,709141,1145155,306620,1204969,1863171,0,0,0,0,0,0,0,370392,0,398.12,452.69,518.62
171,3,47,86,100,8647,8647,8647,88632,88632,88632,591,591,591,0.42,0.74,0.83,0.18,0.27,0.34,0.07,0.21,0.28,0.00,0.00,0.00,0.02,0.04,0.05,0.00,0.00,0.00,0.15,0.21,0.31,313642,618192,1541636,438141,1013227,1670105,0,0,0,0,0,0,0,392341,0,365.33,396.20,462.67
172,0,33,68,100,8626,8626,8626,88653,88653,88653,591,591,591,0.30,0.51,0.78,0.11,0.21,0.30,0.07,0.15,0.24,0.00,0.00,0.00,0.01,0.02,0.03,0.00,0.00,0.00,0.08,0.17,0.26,319630,512965,893605,785977,1162204,1538337,0,0,0,0,0,0,0,221248,0,367.70,393.61,418.72
172,1,71,89,100,8643,8643,8643,88636,88636,88636,591,591,591,0.63,0.78,0.92,0.23,0.30,0.35,0.17,0.24,0.33,0.00,0.00,0.00,0.03,0.04,0.07,0.00,0.00,0.00,0.18,0.22,0.28,332808,448763,759984,469075,839220,1493762,0,0,0,0,0,0,0,396061,0,393.63,423.09,444.47
172,2,50,87,100,8581,8581,8581,88699,88699,88699,591,591,591,0.23,0.66,0.85,0.11,0.21,0.25,0.03,0.20,0.29,0.00,0.00,0.00,0.01,0.04,0.05,0.00,0.00,0.00,0.08,0.16,0.20,453374,1218710,2676776,1063989,1671286,2783138,0,0,0,0,0,0,0,408823,0,357.87,373.66,415.52
172,3,36,60,97,8643,8645,8647,88632,88634,88636,591,591,591,0.16,0.43,0.73,0.06,0.16,0.27,0.03,0.12,0.25,0.00,0.00,0.00,0.00,0.02,0.05,0.00,0.00,0.00,0.03,0.11,0.23,319713,575895,1137376,765245,1422374,2219717,0,0,0,0,0,0,0,259995,0,344.65,394.74,468.89
173,0,34,61,96,8626,8626,8626,88653,88653,88653,591,591,591,0.15,0.43,0.79,0.06,0.18,0.35,0.03,0.14,0.26,0.00,0.00,0.00,0.00,0.02,0.04,0.00,0.00,0.00,0.03,0.13,0.24,324960,758415,1837065,862176,1431750,2866975,0,0,0,0,0,0,0,320168,0,349.72,383.72,438.06
173,1,38,67,100,8639,8639,8643,88636,88639,88640,591,591,591,0.17,0.52,0.85,0.06,0.17,0.25,0.04,0.15,0.29,0.00,0.00,0.00,0.00,0.03,0.05,0.00,0.00,0.00,0.03,0.13,0.19,83862,488296,1374970,432273,1184517,1483290,0,0,0,0,0,0,0,391066,0,382.26,408.10,445.59
173,2,34,59,89,8581,8581,8581,88699,88699,88699,591,591,591,0.30,0.51,0.80,0.13,0.21,0.33,0.10,0.13,0.20,0.00,0.00,0.00,0.01,0.02,0.03,0.00,0.00,0.00,0.09,0.17,0.31,440736,703799,1023746,699836,1324438,1886768,0,0,0,0,0,0,0,341887,0,377.90,428.42,473.66
173,3,53,74,100,8643,8643,8643,88636,88636,88636,591,591,591,0.29,0.62,0.85,0.11,0.22,0.32,0.08,0.18,0.29,0.00,0.00,0.00,0.01,0.03,0.05,0.00,0.00,0.00,0.07,0.17,0.29,5240,462808,940823,338038,896259,1834474,0,0,0,0,0,0,0,269687,0,348.56,404.99,438.21
174,0,35,83,100,8626,8626,8626,88653,88653,88653,591,591,591,0.71,0.81,0.86,0.11,0.24,0.35,0.03,0.19,0.29,0.00,0.00,0.00,0.01,0.03,0.05,0.00,0.00,0.00,0.08,0.19,0.31,340677,486647,906335,448121,914122,1404674,0,0,0,0,0,0,0,407337,0,339.22,380.49,458.65
174,1,40,71,100,8639,8639,8639,88640,88640,88640,591,591,591,0.36,0.50,0.80,0.13,0.20,0.34,0.10,0.13,0.17,0.00,0.00,0.00,0.01,0.02,0.03,0.00,0.00,0.00,0.09,0.16,0.31,332810,413537,516279,791508,1135770,1596011,0,0,0,0,0,0,0,288146,0,381.05,439.73,475.00
174,2,34,74,100,8581,8581,8581,88699,88699,88699,591,591,591,0.15,0.55,0.83,0.05,0.20,0.32,0.03,0.16,0.28,0.00,0.00,0.00,0.00,0.03,0.05,0.00,0.00,0.00,0.03,0.15,0.27,86476,812389,1986476,655032,1405167,2919439,0,0,0,0,0,0,0,277085,0,344.24,374.46,401.53
174,3,40,63,80,8643,8643,8643,88636,88636,88636,591,591,591,0.24,0.36,0.47,0.09,0.14,0.21,0.06,0.10,0.15,0.00,0.00,0.00,0.01,0.01,0.02,0.00,0.00,0.00,0.06,0.11,0.17,320131,403127,615781,896284,1227142,1640336,0,0,0,0,0,0,0,181728,0,310.50,328.76,365.79
175,0,35,72,100,8626,8626,8626,88653,88653,88653,591,591,591,0.16,0.53,0.82,0.06,0.20,0.32,0.03,0.16,0.27,0.00,0.00,0.00,0.00,0.03,0.05,0.00,0.00,0.00,0.03,0.14,0.21,337955,947601,2020538,686579,1546087,2203937,0,0,0,0,0,0,0,347835,0,388.72,415.81,483.69
175,1,36,69,100,8639,8639,8639,88640,88640,88640,591,591,591,0.32,0.46,0.62,0.12,0.19,0.25,0.08,0.13,0.18,0.00,0.00,0.00,0.01,0.02,0.02,0.00,0.00,0.00,0.08,0.15,0.23,220113,361659,566002,794855,1108133,1629878,0,0,0,0,0,0,0,320368,0,354.89,368.80,376.20
175,2,40,73,100,8581,8581,8581,88699,88699,88699,591,591,591,0.25,0.53,0.81,0.10,0.21,0.30,0.07,0.16,0.24,0.00,0.00,0.00,0.01,0.02,0.04,0.00,0.00,0.00,0.05,0.16,0.24,449785,598184,1060502,875298,1184685,1864178,0,0,0,0,0,0,0,313223,0,369.59,408.94,427.41
175,3,38,68,96,8643,8643,8643,88636,88636,88636,591,591,591,0.23,0.56,0.81,0.10,0.22,0.34,0.04,0.16,0.27,0.00,0.00,0.00,0.01,0.03,0.05,0.00,0.00,0.00,0.06,0.16,0.23,336487,574493,835991,867784,1252073,1758444,0,0,0,0,0,0,0,265980,0,344.95,358.99,378.98
176,0,42,62,87,8626,8626,8626,88653,88653,88653,591,591,591,0.27,0.46,0.77,0.11,0.19,0.33,0.08,0.13,0.19,0.00,0.00,0.00,0.01,0.02,0.03,0.00,0.00,0.00,0.06,0.15,0.30,327566,545602,812393,655133,1206513,1692923,0,0,0,0,0,0,0,289681,0,357.45,390.67,423.99
176,1,36,66,93,8639,8639,8639,88640,88640,88640,591,591,591,0.20,0.47,0.76,0.08,0.18,0.26,0.03,0.14,0.23,0.00,0.00,0.00,0.00,0.02,0.04,0.00,0.00,0.00,0.05,0.13,0.21,327544,516241,880530,987987,1286676,1965470,0,0,0,0,0,0,0,255236,0,357.43,377.75,387.14
176,2,33,54,67,8581,8581,8581,88699,88699,88699,591,591,591,0.14,0.36,0.57,0.05,0.14,0.24,0.03,0.10,0.20,0.00,0.00,0.00,0.00,0.01,0.03,0.00,0.00,0.00,0.02,0.11,0.16,448112,562894,770466,940773,1348531,1679825,0,0,0,0,0,0,0,283741,0,333.40,361.72,381.35
176,3,45,80,100,8643,8643,8643,88636,88636,88636,591,591,591,0.35,0.63,0.84,0.12,0.23,0.30,0.09,0.19,0.28,0.00,0.00,0.00,0.01,0.03,0.05,0.00,0.00,0.00,0.09,0.18,0.24,146748,512064,783559,592235,965944,1645684,0,0,0,0,0,0,0,368638,0,375.62,398.49,418.65
177,0,35,66,100,8626,8626,8626,88653,88653,88653,591,591,591,0.29,0.56,0.81,0.11,0.20,0.29,0.09,0.14,0.21,0.00,0.00,0.00,0.01,0.02,0.03,0.00,0.00,0.00,0.07,0.15,0.22,334170,436942,726806,737379,1146815,1591635,0,0,0,0,0,0,0,195399,0,345.79,368.56,397.64
177,1,38,78,100,8639,8639,8639,88640,88640,88640,591,591,591,0.21,0.58,0.77,0.08,0.22,0.31,0.04,0.17,0.25,0.00,0.00,0.00,0.01,0.02,0.04,0.00,0.00,0.00,0.05,0.18,0.28,319663,355096,427227,702288,976812,1425385,0,0,0,0,0,0,0,328477,0,399.58,417.23,447.70
177,2,55,79,100,8581,8581,8581,88699,88699,88699,591,591,591,0.36,0.54,0.67,0.13,0.22,0.27,0.11,0.15,0.20,0.00,0.00,0.00,0.01,0.02,0.03,0.00,0.00,0.00,0.09,0.18,0.23,15718,618507,1344520,948376,1284750,1934221,0,0,0,0,0,0,0,395928,0,366.62,376.82,387.52
177,3,36,73,100,8643,8643,8643,88636,88636,88636,591,591,591,0.31,0.54,0.81,0.12,0.21,0.30,0.07,0.15,0.27,0.00,0.00,0.00,0.01,0.02,0.04,0.00,0.00,0.00,0.07,0.16,0.29,325811,929654,2072900,718073,1577243,2942941,0,0,0,0,0,0,0,332991,0,330.73,363.61,390.97
178,0,42,66,100,8626,8626,8626,88653,88653,88653,591,591,591,0.22,0.44,0.66,0.08,0.21,0.28,0.05,0.15,0.25,0.00,0.00,0.00,0.01,0.02,0.04,0.00,0.00,0.00,0.05,0.17,0.23,222733,461753,883166,670824,1056107,1506887,0,0,0,0,0,0,0,305374,0,350.15,379.99,409.49
178,1,42,65,90,8639,8639,8639,88640,88640,88640,591,591,591,0.35,0.41,0.51,0.13,0.17,0.23,0.09,0.11,0.14,0.00,0.00,0.00,0.01,0.02,0.02,0.00,0.00,0.00,0.09,0.14,0.20,319710,401982,613150,932970,1178692,1561699,0,0,0,0,0,0,0,269402,0,339.40,371.59,406.05
178,2,34,65,100,8581,8581,8581,88699,88699,88699,591,591,591,0.16,0.50,0.90,0.06,0.18,0.32,0.03,0.15,0.31,0.00,0.00,0.00,0.00,0.03,0.06,0.00,0.00,0.00,0.03,0.11,0.19,469102,750487,856666,896246,1424098,1946493,0,0,0,0,0,0,0,300881,0,354.43,383.21,447.39
178,3,33,78,100,8643,8643,8643,88636,88636,88636,591,591,591,0.15,0.57,0.76,0.06,0.23,0.31,0.03,0.17,0.23,0.00,0.00,0.00,0.00,0.03,0.04,0.00,0.00,0.00,0.03,0.16,0.28,303970,834918,1245032,665589,1417277,2114293,0,0,0,0,0,0,0,311634,0,372.52,381.42,391.61
179,0,34,60,87,8626,8626,8626,88653,88653,88653,591,591,591,0.26,0.44,0.64,0.10,0.15,0.23,0.08,0.11,0.15,0.00,0.00,0.00,0.01,0.01,0.02,0.00,0.00,0.00,0.06,0.12,0.21,327567,416054,545037,880783,1193157,1487037,0,0,0,0,0,0,0,269689,0,320.68,344.18,359.56
179,1,33,61,100,8639,8639,8639,88640,88640,88640,591,591,591,0.18,0.48,0.73,0.07,0.18,0.31,0.04,0.14,0.22,0.00,0.00,0.00,0.00,0.02,0.04,0.00,0.00,0.00,0.04,0.13,0.23,317103,371064,517083,960797,1147094,1415166,0,0,0,0,0,0,0,305174,0,353.88,378.76,404.39
179,2,33,83,100,8581,8581,8581,88699,88699,88699,591,591,591,0.15,0.64,0.86,0.05,0.23,0.34,0.03,0.19,0.29,0.00,0.00,0.00,0.00,0.03,0.05,0.00,0.00,0.00,0.03,0.17,0.28,453310,735133,1000238,788787,1158744,1758028,0,0,0,0,0,0,0,306818,0,394.22,454.20,505.13
179,3,37,82,100,8643,8643,8643,88636,88636,88636,591,591,591,0.16,0.62,0.91,0.06,0.24,0.34,0.03,0.18,0.32,0.00,0.00,0.00,0.00,0.03,0.06,0.00,0.00,0.00,0.03,0.17,0.30,319721,591584,1355972,768446,1150231,1599419,0,0,0,0,0,0,0,359848,0,366.70,391.56,404.06
180,0,32,67,100,8626,8626,8626,88653,88653,88653,591,591,591,0.15,0.51,0.66,0.06,0.21,0.28,0.03,0.15,0.20,0.00,0.00,0.00,0.00,0.02,0.03,0.00,0.00,0.00,0.03,0.17,0.24,322346,715409,1984704,791360,1377792,2444888,0,0,0,0,0,0,0,281132,0,349.25,360.11,394.72
180,1,38,70,100,8639,8639,8639,88640,88640,88640,591,591,591,0.31,0.57,0.82,0.13,0.22,0.31,0.09,0.16,0.27,0.00,0.00,0.00,0.01,0.02,0.05,0.00,0.00,0.00,0.07,0.17,0.28,348534,633683,912056,765156,1214428,1446667,0,0,0,0,0,0,0,293871,0,396.18,414.13,451.66
180,2,39,73,100,8581,8581,8581,88699,88699,88699,591,591,591,0.36,0.56,0.83,0.14,0.21,0.30,0.06,0.15,0.28,0.00,0.00,0.00,0.01,0.02,0.05,0.00,0.00,0.00,0.11,0.17,0.24,2620,475374,848980,830872,1082842,1522575,0,0,0,0,0,0,0,297197,0,390.67,401.65,419.92
180,3,36,74,100,8643,8643,8643,88636,88636,88636,591,591,591,0.16,0.53,0.84,0.06,0.18,0.27,0.03,0.15,0.28,0.00,0.00,0.00,0.00,0.03,0.05,0.00,0.00,0.00,0.03,0.13,0.21,324955,413721,655170,474341,1053139,1441375,0,0,0,0,0,0,0,317093,0,362.95,376.73,404.55
181,0,51,76,100,8626,8626,8626,88653,88653,88653,591,591,591,0.30,0.48,0.62,0.12,0.19,0.27,0.09,0.14,0.17,0.00,0.00,0.00,0.01,0.02,0.02,0.00,0.00,0.00,0.07,0.15,0.23,328686,911650,2274595,1143722,1643313,3113155,0,0,0,0,0,0,0,303584,0,354.89,372.39,392.06
181,1,38,63,97,8639,8639,8639,88640,88640,88640,591,591,591,0.17,0.44,0.85,0.06,0.18,0.34,0.04,0.12,0.28,0.00,0.00,0.00,0.00,0.02,0.05,0.00,0.00,0.00,0.03,0.12,0.21,317104,399184,562566,810654,1263223,1608954,0,0,0,0,0,0,0,327406,0,356.40,384.46,421.05
181,2,33,69,100,8581,8581,8581,88699,88699,88699,591,591,591,0.23,0.53,0.78,0.09,0.21,0.30,0.05,0.16,0.24,0.00,0.00,0.00,0.01,0.02,0.03,0.00,0.00,0.00,0.06,0.16,0.24,490068,845601,1886892,893653,1433328,2303580,0,0,0,0,0,0,0,325280,0,356.82,387.73,423.23
181,3,37,65,97,8643,8643,8643,88636,88636,88636,591,591,591,0.17,0.52,0.86,0.06,0.21,0.35,0.04,0.14,0.30,0.00,0.00,0.00,0.00,0.03,0.06,0.00,0.00,0.00,0.03,0.14,0.27,5241,482529,946057,655167,1218710,2067699,0,0,0,0,0,0,0,303247,0,353.32,411.36,468.97
182,0,35,68,100,8626,8626,8626,88653,88653,88653,591,591,591,0.18,0.49,0.77,0.07,0.20,0.30,0.03,0.15,0.22,0.00,0.00,0.00,0.00,0.02,0.04,0.00,0.00,0.00,0.04,0.16,0.28,348552,488075,558191,854200,1126190,1577612,0,0,0,0,0,0,0,264077,0,343.92,371.55,403.84
182,1,100,100,100,8639,8639,8639,88640,88640,88640,591,591,591,0.63,0.79,0.86,0.25,0.26,0.29,0.13,0.24,0.29,0.00,0.00,0.00,0.02,0.04,0.05,0.00,0.00,0.00,0.18,0.21,0.27,330205,501868,712862,503165,725939,948735,0,0,0,0,0,0,0,280774,0,381.16,417.93,468.11
182,2,34,67,100,8581,8581,8581,88699,88699,88699,591,591,591,0.21,0.49,0.76,0.08,0.19,0.29,0.03,0.14,0.24,0.00,0.00,0.00,0.01,0.02,0.04,0.00,0.00,0.00,0.05,0.15,0.27,453386,599444,804505,914599,1237532,1627169,0,0,0,0,0,0,0,320117,0,359.45,387.06,411.44
182,3,73,93,100,8643,8643,8643,88636,88636,88636,591,591,591,0.53,0.77,0.86,0.24,0.26,0.32,0.15,0.23,0.29,0.00,0.00,0.00,0.02,0.04,0.05,0.00,0.00,0.00,0.18,0.21,0.26,348535,429130,621104,466461,655162,891035,0,0,0,0,0,0,0,328628,0,356.89,405.62,455.82
183,0,35,66,94,8626,8626,8626,88653,88653,88653,591,591,591,0.16,0.44,0.78,0.06,0.17,0.33,0.03,0.13,0.26,0.00,0.00,0.00,0.00,0.02,0.04,0.00,0.00,0.00,0.03,0.12,0.21,325324,400738,623656,661178,1098154,1477908,0,0,0,0,0,0,0,321268,0,332.15,375.10,418.19
183,1,38,54,69,8639,8639,8639,88640,88640,88640,591,591,591,0.35,0.37,0.40,0.13,0.15,0.16,0.09,0.10,0.11,0.00,0.00,0.00,0.01,0.01,0.01,0.00,0.00,0.00,0.09,0.12,0.14,338057,547721,1168858,946076,1393141,2135918,0,0,0,0,0,0,0,273102,0,336.12,386.90,462.18
183,2,41,61,100,8581,8581,8581,88699,88699,88699,591,591,591,0.19,0.48,0.75,0.07,0.19,0.26,0.03,0.14,0.24,0.00,0.00,0.00,0.01,0.02,0.03,0.00,0.00,0.00,0.04,0.15,0.22,475383,662148,964382,1063994,1350781,1763666,0,0,0,0,0,0,0,290429,0,358.55,377.77,400.25
183,3,33,62,100,8643,8643,8643,88636,88636,88636,591,591,591,0.23,0.45,0.65,0.09,0.18,0.25,0.05,0.13,0.18,0.00,0.00,0.00,0.01,0.02,0.02,0.00,0.00,0.00,0.05,0.14,0.23,351093,640127,1428957,951097,1375821,2335500,0,0,0,0,0,0,0,285160,0,340.26,377.92,428.47
184,0,84,96,100,8626,8626,8626,88653,88653,88653,591,591,591,0.80,0.81,0.84,0.14,0.26,0.34,0.04,0.20,0.28,0.00,0.00,0.00,0.01,0.04,0.05,0.00,0.00,0.00,0.11,0.21,0.30,338057,611645,1087572,621055,1030943,1747976,0,0,0,0,0,0,0,369081,0,378.48,430.50,485.43
184,1,34,62,90,8639,8639,8639,88640,88640,88640,591,591,591,0.21,0.43,0.71,0.08,0.17,0.30,0.06,0.12,0.21,0.00,0.00,0.00,0.01,0.02,0.03,0.00,0.00,0.00,0.04,0.12,0.22,229910,347341,521516,696697,1157661,1459721,0,0,0,0,0,0,0,305572,0,334.81,361.32,382.86
184,2,48,75,98,8581,8581,8581,88699,88699,88699,591,591,591,0.36,0.56,0.91,0.13,0.22,0.32,0.10,0.17,0.31,0.00,0.00,0.00,0.01,0.03,0.07,0.00,0.00,0.00,0.09,0.16,0.27,448146,614095,903232,587045,1222768,1761040,0,0,0,0,0,0,0,350086,0,371.08,388.66,432.30
184,3,34,73,100,8643,8643,8643,88636,88636,88636,591,591,591,0.29,0.51,0.70,0.11,0.20,0.26,0.09,0.15,0.21,0.00,0.00,0.00,0.01,0.02,0.03,0.00,0.00,0.00,0.07,0.15,0.23,10482,500175,956526,828096,1219420,1787263,0,0,0,0,0,0,0,358815,0,347.14,361.38,387.04
185,0,34,65,100,8624,8624,8626,88653,88654,88655,591,591,591,0.16,0.57,0.84,0.06,0.19,0.29,0.03,0.17,0.28,0.00,0.00,0.00,0.00,0.03,0.06,0.00,0.00,0.00,0.03,0.13,0.20,270805,486039,833373,759981,1089135,1388932,0,0,0,0,0,0,0,349978,0,354.09,377.72,423.76
185,1,36,75,100,8639,8639,8639,88640,88640,88640,591,591,591,0.33,0.56,0.81,0.13,0.22,0.28,0.10,0.17,0.27,0.00,0.00,0.00,0.01,0.02,0.04,0.00,0.00,0.00,0.07,0.17,0.24,311861,580715,1008785,592240,1207552,2077836,0,0,0,0,0,0,0,283476,0,376.84,409.58,440.37
185,2,34,64,100,8579,8579,8581,88699,88700,88701,591,591,591,0.15,0.47,0.84,0.05,0.16,0.25,0.03,0.13,0.28,0.00,0.00,0.00,0.00,0.02,0.05,0.00,0.00,0.00,0.02,0.12,0.20,445368,666669,1006346,917234,1358983,1763727,0,0,0,0,0,0,0,327919,0,355.23,375.08,401.30
185,3,34,64,100,8643,8643,8643,88636,88636,88636,591,591,591,0.20,0.48,0.66,0.07,0.19,0.28,0.05,0.14,0.19,0.00,0.00,0.00,0.01,0.02,0.03,0.00,0.00,0.00,0.04,0.15,0.24,317061,458607,788808,885797,1132100,1333906,0,0,0,0,0,0,0,230698,0,346.32,370.49,400.33
186,0,32,76,100,8624,8624,8624,88655,88655,88655,591,591,591,0.24,0.44,0.78,0.10,0.20,0.34,0.07,0.15,0.28,0.00,0.00,0.00,0.01,0.02,0.05,0.00,0.00,0.00,0.06,0.16,0.30,319049,429138,799299,463769,942487,1535704,0,0,0,0,0,0,0,303894,0,357.75,418.46,457.82
186,1,36,77,100,8639,8639,8639,88640,88640,88640,591,591,591,0.31,0.61,0.88,0.11,0.24,0.35,0.07,0.18,0.28,0.00,0.00,0.00,0.01,0.03,0.05,0.00,0.00,0.00,0.06,0.17,0.28,317095,441283,610559,545090,1021940,1490691,0,0,0,0,0,0,0,343560,0,377.75,417.46,436.67
186,2,37,76,100,8579,8579,8579,88701,88701,88701,591,591,591,0.40,0.59,0.86,0.15,0.22,0.34,0.12,0.17,0.29,0.00,0.00,0.00,0.02,0.03,0.05,0.00,0.00,0.00,0.11,0.18,0.30,465534,567965,859546,589658,1075433,1556617,0,0,0,0,0,0,0,303827,0,410.00,448.19,474.93
186,3,41,60,100,8643,8643,8643,88636,88636,88636,591,591,591,0.33,0.41,0.56,0.13,0.16,0.20,0.09,0.11,0.16,0.00,0.00,0.00,0.01,0.02,0.02,0.00,0.00,0.00,0.09,0.14,0.16,326734,409148,568697,972255,1195395,1375857,0,0,0,0,0,0,0,257631,0,320.91,349.80,375.40
187,0,35,67,92,8624,8624,8624,88655,88655,88655,591,591,591,0.18,0.45,0.63,0.11,0.19,0.26,0.09,0.14,0.19,0.00,0.00,0.00,0.01,0.02,0.03,0.00,0.00,0.00,0.07,0.15,0.20,353786,549839,749498,773088,1232291,1598580,0,0,0,0,0,0,0,270421,0,345.57,364.68,391.28
187,1,38,83,100,8639,8639,8639,88640,88640,88640,591,591,591,0.17,0.62,0.85,0.06,0.22,0.33,0.04,0.17,0.27,0.00,0.00,0.00,0.00,0.03,0.05,0.00,0.00,0.00,0.03,0.17,0.28,214893,345271,497940,471721,885132,1619616,0,0,0,0,0,0,0,352851,0,396.60,406.42,420.57
187,2,40,63,92,8579,8579,8579,88701,88701,88701,591,591,591,0.37,0.44,0.64,0.13,0.18,0.27,0.10,0.13,0.18,0.00,0.00,0.00,0.01,0.02,0.02,0.00,0.00,0.00,0.09,0.14,0.24,461215,571932,702343,1195033,1328809,1399134,0,0,0,0,0,0,0,278945,0,339.11,360.50,372.07
187,3,37,72,100,8643,8643,8643,88636,88636,88636,591,591,591,0.32,0.60,0.76,0.12,0.25,0.32,0.08,0.19,0.26,0.00,0.00,0.00,0.01,0.03,0.04,0.00,0.00,0.00,0.09,0.18,0.26,10482,581275,1095964,382613,1144145,1851906,0,0,0,0,0,0,0,336516,0,324.39,355.65,398.52
188,0,31,64,100,8624,8624,8624,88655,88655,88655,591,591,591,0.39,0.49,0.55,0.07,0.17,0.22,0.04,0.12,0.16,0.00,0.00,0.00,0.00,0.02,0.02,0.00,0.00,0.00,0.03,0.13,0.19,335735,1047218,1618546,821260,1775261,2770485,0,0,0,0,0,0,0,232678,0,347.27,358.48,369.32
188,1,34,62,87,8639,8639,8639,88640,88640,88640,591,591,591,0.16,0.43,0.70,0.06,0.17,0.25,0.03,0.13,0.22,0.00,0.00,0.00,0.00,0.02,0.03,0.00,0.00,0.00,0.03,0.13,0.20,335428,557658,1195078,851675,1280915,2209323,0,0,0,0,0,0,0,315679,0,363.60,405.82,448.41
188,2,35,75,100,8579,8579,8579,88701,88701,88701,591,591,591,0.16,0.58,0.81,0.06,0.23,0.34,0.03,0.17,0.24,0.00,0.00,0.00,0.00,0.03,0.04,0.00,0.00,0.00,0.03,0.18,0.27,463763,974352,2285218,809787,1564497,2817213,0,0,0,0,0,0,0,365823,0,349.13,392.50,429.24
188,3,38,77,100,8643,8643,8643,88636,88636,88636,591,591,591,0.17,0.55,0.82,0.07,0.20,0.30,0.03,0.16,0.28,0.00,0.00,0.00,0.00,0.03,0.04,0.00,0.00,0.00,0.03,0.16,0.27,366892,798744,1624792,725825,1405142,2709734,0,0,0,0,0,0,0,330013,0,356.87,370.70,386.12
189,0,34,56,100,8624,8624,8624,88655,88655,88655,591,591,591,0.26,0.39,0.63,0.10,0.15,0.25,0.07,0.11,0.18,0.00,0.00,0.00,0.01,0.01,0.02,0.00,0.00,0.00,0.06,0.12,0.23,335412,643604,1249985,883180,1451776,2282467,0,0,0,0,0,0,0,254892,0,335.76,347.01,368.66
189,1,32,71,100,8639,8639,8639,88640,88640,88640,591,591,591,0.32,0.51,0.68,0.12,0.20,0.27,0.10,0.14,0.20,0.00,0.00,0.00,0.01,0.02,0.03,0.00,0.00,0.00,0.07,0.16,0.24,264373,339023,398323,846467,1029263,1386270,0,0,0,0,0,0,0,321384,0,362.42,391.88,416.15
189,2,35,69,100,8579,8579,8579,88701,88701,88701,591,591,591,0.15,0.59,0.84,0.06,0.20,0.27,0.03,0.18,0.28,0.00,0.00,0.00,0.00,0.03,0.05,0.00,0.00,0.00,0.03,0.14,0.20,550624,795328,980078,863775,1331943,1925301,0,0,0,0,0,0,0,369666,0,378.87,396.90,429.84
189,3,60,66,83,8643,8643,8643,88636,88636,88636,591,591,591,0.31,0.40,0.59,0.11,0.16,0.24,0.09,0.11,0.17,0.00,0.00,0.00,0.01,0.02,0.02,0.00,0.00,0.00,0.07,0.12,0.22,316988,634566,1540318,987993,1411503,2446696,0,0,0,0,0,0,0,300366,0,330.22,361.28,399.64
190,0,33,72,100,8624,8624,8624,88655,88655,88655,591,591,591,0.16,0.54,0.81,0.06,0.21,0.31,0.03,0.15,0.21,0.00,0.00,0.00,0.00,0.02,0.03,0.00,0.00,0.00,0.03,0.16,0.27,317080,380502,539871,702186,1018346,1312869,0,0,0,0,0,0,0,300304,0,323.41,354.19,398.42
190,1,37,67,100,8639,8639,8639,88640,88640,88640,591,591,591,0.20,0.44,0.65,0.08,0.17,0.26,0.05,0.13,0.20,0.00,0.00,0.00,0.01,0.02,0.03,0.00,0.00,0.00,0.04,0.13,0.20,340645,821828,1299858,1011454,1584944,2332408,0,0,0,0,0,0,0,314273,0,336.58,361.66,385.07
190,2,35,63,100,8579,8579,8579,88701,88701,88701,591,591,591,0.37,0.49,0.77,0.14,0.20,0.33,0.11,0.13,0.17,0.00,0.00,0.00,0.01,0.02,0.03,0.00,0.00,0.00,0.09,0.16,0.29,463870,583344,893632,856906,1266794,1865883,0,0,0,0,0,0,0,283300,0,374.62,422.30,449.25
190,3,39,62,82,8643,8643,8643,88636,88636,88636,591,591,591,0.17,0.43,0.69,0.06,0.17,0.26,0.04,0.13,0.24,0.00,0.00,0.00,0.00,0.02,0.04,0.00,0.00,0.00,0.03,0.12,0.21,335362,520422,744239,759804,1268309,1661435,0,0,0,0,0,0,0,206292,0,324.14,334.99,349.16
191,0,34,68,93,8624,8624,8624,88655,88655,88655,591,591,591,0.34,0.45,0.59,0.12,0.18,0.24,0.08,0.14,0.19,0.00,0.00,0.00,0.01,0.02,0.03,0.00,0.00,0.00,0.09,0.16,0.23,231660,392679,638946,864826,1134444,1387712,0,0,0,0,0,0,0,337099,0,355.02,375.97,408.06
191,1,40,74,100,8639,8639,8639,88640,88640,88640,591,591,591,0.17,0.60,0.81,0.06,0.23,0.31,0.03,0.17,0.22,0.00,0.00,0.00,0.00,0.03,0.03,0.00,0.00,0.00,0.03,0.18,0.26,348448,577309,758611,691656,1198496,1598662,0,0,0,0,0,0,0,324053,0,371.86,407.26,428.85
191,2,35,63,96,8579,8579,8579,88701,88701,88701,591,591,591,0.16,0.46,0.73,0.06,0.18,0.31,0.03,0.14,0.25,0.00,0.00,0.00,0.00,0.02,0.05,0.00,0.00,0.00,0.03,0.13,0.25,450702,677175,1189809,864861,1363763,1818784,0,0,0,0,0,0,0,322509,0,344.76,365.77,382.04
191,3,35,83,100,8643,8643,8643,88636,88636,88636,591,591,591,0.42,0.66,0.83,0.16,0.25,0.33,0.10,0.19,0.28,0.00,0.00,0.00,0.02,0.03,0.05,0.00,0.00,0.00,0.09,0.19,0.28,340587,452280,587033,503021,954903,1467586,0,0,0,0,0,0,0,358845,0,350.79,392.15,418.44
192,0,32,61,100,8624,8624,8624,88655,88655,88655,591,591,591,0.15,0.45,0.81,0.05,0.17,0.29,0.03,0.13,0.27,0.00,0.00,0.00,0.00,0.02,0.04,0.00,0.00,0.00,0.01,0.13,0.26,330218,674125,1357395,736439,1272520,1593236,0,0,0,0,0,0,0,311758,0,337.73,363.77,392.80
192,1,34,64,100,8639,8639,8639,88640,88640,88640,591,591,591,0.17,0.49,0.70,0.06,0.20,0.28,0.03,0.14,0.21,0.00,0.00,0.00,0.00,0.02,0.03,0.00,0.00,0.00,0.03,0.15,0.24,338058,668614,1357516,856937,1356966,1970757,0,0,0,0,0,0,0,258497,0,371.19,409.31,444.67
192,2,37,81,100,8579,8579,8579,88701,88701,88701,591,591,591,0.22,0.67,0.84,0.10,0.25,0.32,0.03,0.20,0.28,0.00,0.00,0.00,0.01,0.03,0.05,0.00,0.00,0.00,0.07,0.18,0.27,212273,965099,1376621,1265776,1427909,1622945,0,0,0,0,0,0,0,309497,0,354.06,413.07,491.52
192,3,37,73,100,8643,8643,8643,88636,88636,88636,591,591,591,0.17,0.51,0.82,0.06,0.19,0.26,0.03,0.14,0.27,0.00,0.00,0.00,0.00,0.02,0.04,0.00,0.00,0.00,0.03,0.14,0.21,317090,409102,531928,699629,1101117,1469015,0,0,0,0,0,0,0,327008,0,360.23,379.22,396.28
193,0,34,66,100,8624,8624,8624,88655,88655,88655,591,591,591,0.15,0.47,0.85,0.05,0.18,0.31,0.03,0.14,0.30,0.00,0.00,0.00,0.00,0.02,0.06,0.00,0.00,0.00,0.02,0.13,0.26,319719,385229,552949,576544,1092271,1525196,0,0,0,0,0,0,0,265449,0,356.06,386.38,425.49
193,1,60,79,100,8639,8639,8639,88640,88640,88640,591,591,591,0.30,0.54,0.68,0.12,0.21,0.27,0.09,0.16,0.20,0.00,0.00,0.00,0.01,0.02,0.03,0.00,0.00,0.00,0.07,0.17,0.24,343309,780408,1349596,877935,1462816,2151492,0,0,0,0,0,0,0,339487,0,372.94,399.44,415.64
193,2,36,73,100,8579,8579,8579,88701,88701,88701,591,591,591,0.22,0.54,0.83,0.08,0.20,0.34,0.04,0.15,0.28,0.00,0.00,0.00,0.01,0.02,0.05,0.00,0.00,0.00,0.04,0.16,0.29,435035,825567,2081168,652417,1445902,2530741,0,0,0,0,0,0,0,369588,0,404.43,417.18,445.06
193,3,38,63,82,8643,8643,8643,88636,88636,88636,591,591,591,0.19,0.42,0.78,0.08,0.17,0.33,0.04,0.12,0.27,0.00,0.00,0.00,0.00,0.02,0.04,0.00,0.00,0.00,0.04,0.12,0.21,13103,453065,1179274,694462,1207353,2277311,0,0,0,0,0,0,0,284329,0,315.54,345.94,376.77
194,0,51,87,100,8624,8624,8624,88655,88655,88655,591,591,591,0.57,0.72,0.84,0.24,0.26,0.28,0.12,0.20,0.28,0.00,0.00,0.00,0.02,0.03,0.05,0.00,0.00,0.00,0.19,0.21,0.23,332813,545649,911909,592304,934037,1340946,0,0,0,0,0,0,0,265124,0,373.01,394.11,421.00
194,1,34,70,96,8639,8639,8639,88640,88640,88640,591,591,591,0.31,0.48,0.66,0.12,0.19,0.25,0.09,0.13,0.17,0.00,0.00,0.00,0.01,0.02,0.02,0.00,0.00,0.00,0.07,0.15,0.22,319722,361225,466455,898634,1183504,1343188,0,0,0,0,0,0,0,383585,0,383.16,385.76,391.63
194,2,33,69,100,8579,8579,8579,88701,88701,88701,591,591,591,0.15,0.54,0.81,0.06,0.20,0.29,0.03,0.16,0.24,0.00,0.00,0.00,0.00,0.03,0.04,0.00,0.00,0.00,0.03,0.14,0.24,180832,708206,925017,741675,1352871,1918166,0,0,0,0,0,0,0,325147,0,412.23,419.53,428.54
194,3,60,85,100,8643,8643,8643,88636,88636,88636,591,591,591,0.31,0.63,0.82,0.12,0.23,0.31,0.09,0.18,0.28,0.00,0.00,0.00,0.01,0.03,0.05,0.00,0.00,0.00,0.07,0.19,0.28,442893,520180,647310,699581,1014174,1260573,0,0,0,0,0,0,0,327603,0,363.80,376.41,386.02
195,0,40,64,100,8624,8624,8624,88655,88655,88655,591,591,591,0.29,0.44,0.73,0.12,0.17,0.28,0.10,0.12,0.19,0.00,0.00,0.00,0.01,0.02,0.03,0.00,0.00,0.00,0.08,0.14,0.26,330162,516889,728863,749417,1276638,1645794,0,0,0,0,0,0,0,288476,0,349.41,386.84,438.95
195,1,37,73,100,8639,8639,8639,88640,88640,88640,591,591,591,0.17,0.55,0.82,0.06,0.21,0.31,0.03,0.17,0.27,0.00,0.00,0.00,0.00,0.03,0.04,0.00,0.00,0.00,0.03,0.15,0.24,317096,412964,657503,505719,1023509,1749849,0,0,0,0,0,0,0,340163,0,358.10,399.73,430.28
195,2,34,65,97,8579,8579,8579,88701,88701,88701,591,591,591,0.15,0.47,0.92,0.06,0.19,0.34,0.03,0.13,0.33,0.00,0.00,0.00,0.00,0.02,0.07,0.00,0.00,0.00,0.03,0.13,0.28,479584,592278,817654,618481,1296724,1627459,0,0,0,0,0,0,0,255536,0,360.44,411.73,448.44
195,3,36,65,96,8643,8643,8643,88636,88636,88636,591,591,591,0.16,0.49,0.80,0.06,0.19,0.31,0.04,0.14,0.28,0.00,0.00,0.00,0.00,0.02,0.06,0.00,0.00,0.00,0.03,0.14,0.26,327578,409854,642011,631536,1162493,1449206,0,0,0,0,0,0,0,272822,0,348.76,386.78,422.88
196,0,31,63,90,8624,8624,8624,88655,88655,88655,591,591,591,0.14,0.44,0.81,0.05,0.18,0.32,0.03,0.13,0.26,0.00,0.00,0.00,0.00,0.02,0.05,0.00,0.00,0.00,0.02,0.13,0.20,330205,387852,581776,686638,1122147,1428234,0,0,0,0,0,0,0,278641,0,348.24,359.98,371.35
196,1,0,56,100,8639,8639,8639,88640,88640,88640,591,591,591,0.05,0.38,0.75,0.02,0.16,0.32,0.01,0.10,0.19,0.00,0.00,0.00,0.00,0.01,0.03,0.00,0.00,0.00,0.01,0.13,0.29,319682,536723,807137,728456,1019270,1747050,0,0,0,0,0,0,0,243793,0,310.64,384.57,432.37
196,2,0,75,100,8579,8579,8579,88701,88701,88701,591,591,591,0.04,0.62,0.86,0.02,0.21,0.30,0.02,0.19,0.28,0.00,0.00,0.00,0.00,0.03,0.05,0.00,0.00,0.00,0.01,0.17,0.23,456003,622109,762525,741660,813765,950247,0,0,0,0,0,0,0,329909,0,364.19,426.76,477.31
196,3,35,83,100,8643,8643,8643,88636,88636,88636,591,591,591,0.20,0.68,0.84,0.07,0.25,0.35,0.05,0.20,0.28,0.00,0.00,0.00,0.01,0.03,0.05,0.00,0.00,0.00,0.04,0.18,0.31,330216,453180,664825,458633,876970,1310199,0,0,0,0,0,0,0,333021,0,369.60,408.59,464.04
197,0,0,58,100,8624,8624,8624,88655,88655,88655,591,591,591,0.00,0.46,0.83,0.00,0.17,0.33,0.00,0.13,0.28,0.00,0.00,0.00,0.00,0.02,0.05,0.00,0.00,0.00,0.00,0.14,0.30,319714,465965,765235,518886,856968,1100680,0,0,0,0,0,0,0,323830,0,292.57,310.03,354.78
197,1,54,66,82,8639,8639,8639,88640,88640,88640,591,591,591,0.26,0.43,0.56,0.10,0.17,0.25,0.07,0.12,0.16,0.00,0.00,0.00,0.01,0.02,0.03,0.00,0.00,0.00,0.06,0.14,0.20,324970,419689,778339,855046,1229248,1533092,0,0,0,0,0,0,0,302073,0,289.19,319.96,374.77
197,2,34,70,100,8579,8579,8579,88701,88701,88701,591,591,591,0.19,0.48,0.77,0.08,0.18,0.30,0.03,0.14,0.23,0.00,0.00,0.00,0.00,0.02,0.04,0.00,0.00,0.00,0.04,0.14,0.27,18342,420784,589359,699636,1061114,1589959,0,0,0,0,0,0,0,352690,0,326.43,349.66,377.63
197,3,53,87,100,8643,8643,8643,88636,88636,88636,591,591,591,0.24,0.69,0.90,0.10,0.26,0.35,0.04,0.20,0.31,0.00,0.00,0.00,0.01,0.04,0.06,0.00,0.00,0.00,0.07,0.19,0.31,146757,928770,2526513,961752,1399425,2712594,0,0,0,0,0,0,0,293647,0,379.03,397.22,437.12
198,0,32,68,95,8624,8624,8624,88655,88655,88655,591,591,591,0.18,0.45,0.74,0.07,0.18,0.26,0.03,0.13,0.23,0.00,0.00,0.00,0.00,0.02,0.03,0.00,0.00,0.00,0.04,0.14,0.21,335442,460373,602673,893640,1147145,1351870,0,0,0,0,0,0,0,315192,0,361.63,400.63,426.42
198,1,36,64,100,8639,8639,8639,88640,88640,88640,591,591,591,0.24,0.49,0.79,0.10,0.19,0.31,0.04,0.14,0.26,0.00,0.00,0.00,0.01,0.02,0.04,0.00,0.00,0.00,0.06,0.14,0.28,337955,459619,594828,914624,1148248,1598410,0,0,0,0,0,0,0,287537,0,350.40,380.21,412.82
198,2,35,64,84,8579,8579,8579,88701,88701,88701,591,591,591,0.17,0.47,0.80,0.07,0.18,0.33,0.03,0.14,0.27,0.00,0.00,0.00,0.00,0.02,0.05,0.00,0.00,0.00,0.04,0.13,0.21,461232,845945,1346958,927747,1583397,2185531,0,0,0,0,0,0,0,191879,0,333.01,382.79,429.43
198,3,36,74,100,8643,8643,8643,88636,88636,88636,591,591,591,0.16,0.53,0.83,0.06,0.18,0.26,0.04,0.16,0.28,0.00,0.00,0.00,0.00,0.03,0.05,0.00,0.00,0.00,0.03,0.13,0.20,322348,481107,972233,487440,1115291,1787233,0,0,0,0,0,0,0,316843,0,364.23,380.88,420.99
199,0,33,56,100,8624,8624,8624,88655,88655,88655,591,591,591,0.15,0.41,0.62,0.06,0.17,0.28,0.03,0.12,0.17,0.00,0.00,0.00,0.00,0.02,0.03,0.00,0.00,0.00,0.03,0.12,0.24,334050,486770,755400,901503,1227576,1637924,0,0,0,0,0,0,0,276503,0,339.89,357.85,374.06
199,1,35,77,100,8639,8639,8639,88640,88640,88640,591,591,591,0.34,0.58,0.81,0.13,0.23,0.33,0.08,0.17,0.26,0.00,0.00,0.00,0.01,0.03,0.05,0.00,0.00,0.00,0.10,0.17,0.24,314481,403578,691854,770464,1042490,1352272,0,0,0,0,0,0,0,336714,0,370.86,401.65,429.02
199,2,33,83,100,8579,8579,8579,88701,88701,88701,591,591,591,0.15,0.63,0.82,0.05,0.24,0.34,0.03,0.19,0.28,0.00,0.00,0.00,0.00,0.03,0.05,0.00,0.00,0.00,0.03,0.17,0.30,495315,712757,917056,665662,1164686,1921452,0,0,0,0,0,0,0,339285,0,387.20,429.62,480.64
199,3,36,71,100,8643,8643,8643,88636,88636,88636,591,591,591,0.17,0.55,0.90,0.07,0.22,0.35,0.04,0.15,0.30,0.00,0.00,0.00,0.00,0.03,0.06,0.00,0.00,0.00,0.03,0.15,0.30,216615,533581,977061,757368,1180754,2087715,0,0,0,0,0,0,0,318831,0,360.71,413.02,474.74
200,0,58,81,100,8624,8624,8624,88655,88655,88655,591,591,591,0.28,0.56,0.81,0.10,0.21,0.31,0.07,0.16,0.22,0.00,0.00,0.00,0.01,0.02,0.03,0.00,0.00,0.00,0.07,0.17,0.26,327576,656469,1087577,676118,1286071,2096535,0,0,0,0,0,0,0,234315,0,366.33,381.71,398.57
200,1,38,64,92,8635,8637,8639,88640,88642,88644,591,591,591,0.17,0.43,0.79,0.06,0.16,0.26,0.04,0.12,0.24,0.00,0.00,0.00,0.00,0.02,0.04,0.00,0.00,0.00,0.03,0.11,0.20,332834,655797,1477914,988021,1500961,1923384,0,0,0,0,0,0,0,273410,0,379.34,396.86,416.11
200,2,69,92,100,8579,8579,8579,88701,88701,88701,591,591,591,0.31,0.71,0.86,0.15,0.22,0.26,0.04,0.21,0.29,0.00,0.00,0.00,0.01,0.04,0.05,0.00,0.00,0.00,0.12,0.17,0.20,455929,613842,1048088,571221,1024574,1535773,0,0,0,0,0,0,0,399613,0,360.61,385.01,438.28
200,3,37,74,100,8643,8643,8643,88636,88636,88636,591,591,591,0.38,0.61,0.84,0.14,0.22,0.33,0.10,0.18,0.28,0.00,0.00,0.00,0.01,0.03,0.05,0.00,0.00,0.00,0.10,0.18,0.29,338074,434352,691863,495173,933578,1320830,0,0,0,0,0,0,0,320009,0,371.56,403.98,426.11
201,0,32,62,100,8624,8624,8624,88655,88655,88655,591,591,591,0.31,0.51,0.66,0.13,0.20,0.28,0.09,0.15,0.19,0.00,0.00,0.00,0.01,0.02,0.03,0.00,0.00,0.00,0.07,0.16,0.24,330198,624720,1129328,1095364,1280373,1760808,0,0,0,0,0,0,0,322451,0,357.80,383.19,414.87
201,1,39,85,100,8635,8635,8635,88644,88644,88644,591,591,591,0.20,0.70,0.86,0.08,0.25,0.36,0.05,0.21,0.29,0.00,0.00,0.00,0.01,0.04,0.05,0.00,0.00,0.00,0.04,0.19,0.33,322322,404498,600112,435004,778611,1323433,0,0,0,0,0,0,0,357816,0,385.02,452.06,508.81
201,2,40,62,100,8579,8579,8579,88701,88701,88701,591,591,591,0.20,0.53,0.77,0.08,0.22,0.35,0.03,0.14,0.25,0.00,0.00,0.00,0.01,0.02,0.04,0.00,0.00,0.00,0.05,0.18,0.32,36679,598521,1291941,765028,1189670,1719094,0,0,0,0,0,0,0,290927,0,387.29,443.87,488.89
201,3,34,70,100,8643,8643,8643,88636,88636,88636,591,591,591,0.15,0.55,0.83,0.06,0.21,0.32,0.03,0.16,0.28,0.00,0.00,0.00,0.00,0.03,0.05,0.00,0.00,0.00,0.03,0.15,0.24,319721,570777,817649,990608,1226464,1464951,0,0,0,0,0,0,0,286036,0,341.10,378.19,420.58
202,0,37,82,100,8624,8624,8624,88655,88655,88655,591,591,591,0.30,0.63,0.90,0.12,0.24,0.35,0.07,0.19,0.29,0.00,0.00,0.00,0.01,0.03,0.06,0.00,0.00,0.00,0.08,0.18,0.30,303727,762709,1868904,573794,1246946,2089681,0,0,0,0,0,0,0,380401,0,347.93,399.18,438.00
202,1,38,74,97,8635,8635,8635,88644,88644,88644,591,591,591,0.24,0.53,0.78,0.10,0.20,0.29,0.04,0.15,0.24,0.00,0.00,0.00,0.01,0.02,0.04,0.00,0.00,0.00,0.07,0.15,0.26,387761,604128,757369,868320,1277939,1855424,0,0,0,0,0,0,0,344444,0,397.16,410.91,439.43
202,2,33,65,96,8579,8579,8579,88701,88701,88701,591,591,591,0.15,0.40,0.74,0.05,0.16,0.29,0.03,0.12,0.26,0.00,0.00,0.00,0.00,0.02,0.05,0.00,0.00,0.00,0.02,0.10,0.24,453373,703038,1053524,1067458,1457262,2033668,0,0,0,0,0,0,0,261038,0,344.63,376.84,404.92
202,3,35,72,100,8643,8643,8643,88636,88636,88636,591,591,591,0.17,0.46,0.82,0.06,0.18,0.29,0.04,0.13,0.25,0.00,0.00,0.00,0.00,0.02,0.04,0.00,0.00,0.00,0.03,0.13,0.23,0,540237,935507,749224,1080667,1920804,0,0,0,0,0,0,0,223651,0,321.97,351.60,384.72
203,0,34,69,100,8622,8622,8624,88655,88656,88657,591,591,591,0.16,0.56,0.86,0.06,0.18,0.25,0.03,0.17,0.29,0.00,0.00,0.00,0.00,0.03,0.05,0.00,0.00,0.00,0.03,0.13,0.21,314476,385205,560810,445417,970584,1380490,0,0,0,0,0,0,0,346078,0,355.96,376.87,409.35
203,1,35,64,97,8635,8635,8635,88644,88644,88644,591,591,591,0.16,0.49,0.90,0.06,0.20,0.34,0.04,0.14,0.29,0.00,0.00,0.00,0.00,0.02,0.06,0.00,0.00,0.00,0.03,0.14,0.26,317079,404095,673515,524127,1133656,1472695,0,0,0,0,0,0,0,269450,0,368.68,408.20,446.22
203,2,64,89,100,8579,8579,8579,88701,88701,88701,591,591,591,0.57,0.74,0.86,0.24,0.26,0.31,0.11,0.21,0.28,0.00,0.00,0.00,0.02,0.04,0.05,0.00,0.00,0.00,0.18,0.21,0.25,440281,572336,875314,560834,931881,1491152,0,0,0,0,0,0,0,383659,0,363.26,417.18,487.27
203,3,36,70,100,8643,8643,8643,88636,88636,88636,591,591,591,0.16,0.56,0.89,0.06,0.22,0.34,0.04,0.17,0.30,0.00,0.00,0.00,0.00,0.03,0.06,0.00,0.00,0.00,0.03,0.15,0.29,335416,1018372,2143631,547672,1591245,2636430,0,0,0,0,0,0,0,281817,0,357.87,386.13,404.07
204,0,35,63,100,8622,8622,8622,88657,88657,88657,591,591,591,0.32,0.48,0.79,0.12,0.20,0.34,0.09,0.13,0.15,0.00,0.00,0.00,0.01,0.02,0.03,0.00,0.00,0.00,0.08,0.16,0.31,330203,542985,912029,644668,1198118,1485786,0,0,0,0,0,0,0,304264,0,371.27,431.06,468.93
204,1,47,85,100,8635,8635,8635,88644,88644,88644,591,591,591,0.47,0.75,0.86,0.19,0.26,0.36,0.15,0.22,0.29,0.00,0.00,0.00,0.02,0.04,0.05,0.00,0.00,0.00,0.11,0.20,0.32,339879,390299,560812,461243,722235,1030017,0,0,0,0,0,0,0,361397,0,380.54,431.71,485.96
204,2,34,64,100,8579,8579,8579,88701,88701,88701,591,591,591,0.21,0.42,0.64,0.08,0.17,0.25,0.05,0.12,0.17,0.00,0.00,0.00,0.01,0.02,0.02,0.00,0.00,0.00,0.05,0.13,0.22,206977,854758,1443786,909127,1584447,2408058,0,0,0,0,0,0,0,219216,0,355.12,399.59,460.56
204,3,83,94,100,8643,8643,8643,88636,88636,88636,591,591,591,0.59,0.76,0.83,0.23,0.28,0.35,0.13,0.23,0.28,0.00,0.00,0.00,0.03,0.04,0.05,0.00,0.00,0.00,0.08,0.21,0.38,330192,602611,950491,466461,969718,1326067,0,0,0,0,0,0,0,409774,0,359.28,398.15,451.29
205,0,35,69,96,8622,8622,8622,88657,88657,88657,591,591,591,0.15,0.50,0.90,0.06,0.20,0.34,0.03,0.14,0.30,0.00,0.00,0.00,0.00,0.03,0.06,0.00,0.00,0.00,0.03,0.14,0.22,219769,505247,1239588,490061,1216482,1968141,0,0,0,0,0,0,0,245847,0,341.07,363.63,394.95
205,1,62,75,100,8635,8635,8635,88644,88644,88644,591,591,591,0.29,0.53,0.78,0.11,0.21,0.28,0.06,0.15,0.24,0.00,0.00,0.00,0.01,0.02,0.03,0.00,0.00,0.00,0.08,0.17,0.23,167721,412656,884032,634195,1098543,1787282,0,0,0,0,0,0,0,237859,0,384.20,417.35,444.26
205,2,31,57,92,8579,8579,8579,88701,88701,88701,591,591,591,0.17,0.42,0.72,0.06,0.16,0.25,0.03,0.12,0.23,0.00,0.00,0.00,0.00,0.02,0.03,0.00,0.00,0.00,0.03,0.13,0.21,437664,909385,2159498,1334784,1654881,2699372,0,0,0,0,0,0,0,310706,0,352.08,367.61,377.04
205,3,39,71,100,8643,8643,8643,88636,88636,88636,591,591,591,0.16,0.47,0.81,0.06,0.17,0.30,0.04,0.13,0.27,0.00,0.00,0.00,0.00,0.02,0.04,0.00,0.00,0.00,0.03,0.13,0.26,335334,420317,547671,663841,1134281,1496415,0,0,0,0,0,0,0,335739,0,365.92,382.85,397.85
206,0,40,85,100,8622,8622,8622,88657,88657,88657,591,591,591,0.51,0.77,0.86,0.23,0.26,0.30,0.12,0.23,0.29,0.00,0.00,0.00,0.02,0.04,0.05,0.00,0.00,0.00,0.18,0.20,0.24,327580,542608,944006,440268,759477,1051517,0,0,0,0,0,0,0,286295,0,353.25,406.89,463.98
206,1,46,74,100,8635,8635,8635,88644,88644,88644,591,591,591,0.24,0.59,0.82,0.09,0.23,0.33,0.07,0.18,0.26,0.00,0.00,0.00,0.01,0.03,0.05,0.00,0.00,0.00,0.05,0.17,0.28,317088,485450,788783,904103,1087505,1231665,0,0,0,0,0,0,0,353855,0,368.25,403.79,438.14
206,2,33,68,100,8579,8579,8579,88701,88701,88701,591,591,591,0.31,0.48,0.60,0.13,0.19,0.27,0.09,0.14,0.16,0.00,0.00,0.00,0.01,0.02,0.02,0.00,0.00,0.00,0.07,0.16,0.23,461215,628963,1111256,1003653,1338496,1850347,0,0,0,0,0,0,0,317661,0,320.49,352.30,381.17
206,3,42,66,96,8643,8643,8643,88636,88636,88636,591,591,591,0.33,0.57,0.91,0.12,0.22,0.33,0.10,0.17,0.31,0.00,0.00,0.00,0.01,0.03,0.06,0.00,0.00,0.00,0.08,0.16,0.23,345916,486117,786160,476945,1094095,1721691,0,0,0,0,0,0,0,302075,0,355.86,370.66,395.18
207,0,35,66,97,8622,8622,8622,88657,88657,88657,591,591,591,0.16,0.46,0.92,0.06,0.18,0.33,0.03,0.14,0.33,0.00,0.00,0.00,0.00,0.02,0.07,0.00,0.00,0.00,0.03,0.12,0.25,219347,1083209,2018018,686683,1784950,2987716,0,0,0,0,0,0,0,268556,0,347.01,410.05,447.81
207,1,39,73,100,8635,8635,8635,88644,88644,88644,591,591,591,0.17,0.55,0.84,0.06,0.18,0.25,0.04,0.16,0.28,0.00,0.00,0.00,0.00,0.03,0.05,0.00,0.00,0.00,0.03,0.13,0.19,314483,420016,763622,445518,1048674,1490504,0,0,0,0,0,0,0,409856,0,392.42,397.48,404.29
207,2,32,67,100,8579,8579,8579,88701,88701,88701,591,591,591,0.19,0.57,0.75,0.07,0.22,0.31,0.03,0.17,0.25,0.00,0.00,0.00,0.00,0.03,0.05,0.00,0.00,0.00,0.04,0.18,0.38,453395,691467,1062104,1001091,1312457,1614499,0,0,0,0,0,0,0,393506,0,351.23,391.58,417.68
207,3,37,70,100,8639,8639,8643,88636,88639,88640,591,591,591,0.17,0.52,0.85,0.06,0.17,0.25,0.04,0.15,0.29,0.00,0.00,0.00,0.00,0.03,0.05,0.00,0.00,0.00,0.03,0.12,0.19,317087,489648,758146,634194,1185460,1501179,0,0,0,0,0,0,0,399993,0,336.02,359.69,394.15
208,0,69,89,100,8622,8622,8622,88657,88657,88657,591,591,591,0.64,0.79,0.86,0.24,0.28,0.34,0.14,0.23,0.29,0.00,0.00,0.00,0.03,0.04,0.05,0.00,0.00,0.00,0.18,0.22,0.28,303444,581509,1126148,615655,907246,1249102,0,0,0,0,0,0,0,410614,0,346.17,410.37,504.71
208,1,37,74,100,8635,8635,8635,88644,88644,88644,591,591,591,0.17,0.58,0.82,0.06,0.22,0.35,0.03,0.17,0.28,0.00,0.00,0.00,0.00,0.03,0.04,0.00,0.00,0.00,0.03,0.16,0.28,345658,549414,862510,563490,1165347,1685121,0,0,0,0,0,0,0,314874,0,414.32,440.25,490.92
208,2,32,68,100,8579,8579,8579,88701,88701,88701,591,591,591,0.15,0.60,0.82,0.05,0.23,0.32,0.03,0.17,0.27,0.00,0.00,0.00,0.00,0.03,0.05,0.00,0.00,0.00,0.02,0.18,0.29,505796,840154,1402008,872500,1368468,1787232,0,0,0,0,0,0,0,384418,0,397.44,406.18,427.01
208,3,37,72,96,8639,8639,8639,88640,88640,88640,591,591,591,0.16,0.53,0.87,0.06,0.21,0.35,0.03,0.14,0.28,0.00,0.00,0.00,0.00,0.03,0.05,0.00,0.00,0.00,0.03,0.17,0.40,322339,574042,951927,856892,1277333,1441363,0,0,0,0,0,0,0,173663,0,362.75,431.44,497.35
209,0,33,72,100,8622,8622,8622,88657,88657,88657,591,591,591,0.15,0.54,0.82,0.06,0.20,0.31,0.03,0.15,0.27,0.00,0.00,0.00,0.00,0.02,0.04,0.00,0.00,0.00,0.03,0.15,0.28,335446,569195,856894,642038,1161973,1719030,0,0,0,0,0,0,0,343357,0,388.34,409.71,473.11
209,1,36,79,100,8635,8635,8635,88644,88644,88644,591,591,591,0.33,0.66,0.92,0.13,0.26,0.33,0.10,0.19,0.33,0.00,0.00,0.00,0.01,0.03,0.07,0.00,0.00,0.00,0.07,0.19,0.28,332934,436531,626344,466632,958469,1483309,0,0,0,0,0,0,0,346081,0,402.77,432.67,456.51
209,2,32,62,100,8579,8579,8579,88701,88701,88701,591,591,591,0.17,0.46,0.80,0.06,0.17,0.27,0.04,0.13,0.27,0.00,0.00,0.00,0.00,0.02,0.04,0.00,0.00,0.00,0.03,0.14,0.24,435011,567079,1001029,935490,1284585,1443924,0,0,0,0,0,0,0,318199,0,367.81,407.97,433.21
209,3,48,75,100,8639,8639,8639,88640,88640,88640,591,591,591,0.22,0.62,0.83,0.09,0.22,0.33,0.04,0.18,0.28,0.00,0.00,0.00,0.01,0.03,0.05,0.00,0.00,0.00,0.06,0.17,0.30,340639,481635,670825,652530,937589,1401863,0,0,0,0,0,0,0,339620,0,365.89,400.22,440.31
210,0,35,69,96,8622,8622,8622,88657,88657,88657,591,591,591,0.16,0.51,0.80,0.06,0.20,0.34,0.03,0.15,0.27,0.00,0.00,0.00,0.00,0.03,0.04,0.00,0.00,0.00,0.03,0.13,0.23,330179,351668,408831,678702,1018307,1446632,0,0,0,0,0,0,0,273509,0,365.08,404.76,447.83
210,1,38,72,100,8635,8635,8635,88644,88644,88644,591,591,591,0.17,0.52,0.86,0.06,0.17,0.25,0.04,0.15,0.29,0.00,0.00,0.00,0.00,0.03,0.05,0.00,0.00,0.00,0.03,0.12,0.19,314422,443930,794066,427147,1139949,1506899,0,0,0,0,0,0,0,410916,0,383.85,388.79,404.35
210,2,34,67,100,8579,8579,8579,88701,88701,88701,591,591,591,0.14,0.49,0.82,0.05,0.19,0.25,0.03,0.15,0.28,0.00,0.00,0.00,0.00,0.02,0.05,0.00,0.00,0.00,0.02,0.13,0.21,0,614813,1129489,313201,1280210,2193463,0,0,0,0,0,0,0,241133,0,333.37,386.28,439.57
210,3,44,66,100,8639,8639,8639,88640,88640,88640,591,591,591,0.24,0.53,0.78,0.09,0.21,0.27,0.06,0.16,0.26,0.00,0.00,0.00,0.01,0.02,0.04,0.00,0.00,0.00,0.05,0.17,0.24,332780,501586,725939,765133,1143102,1373257,0,0,0,0,0,0,0,303033,0,343.38,379.56,416.00
211,0,74,90,100,8622,8622,8622,88657,88657,88657,591,591,591,0.29,0.59,0.85,0.12,0.21,0.33,0.09,0.16,0.28,0.00,0.00,0.00,0.01,0.03,0.05,0.00,0.00,0.00,0.08,0.19,0.28,314429,392270,583962,479302,874560,1215998,0,0,0,0,0,0,0,222551,0,379.84,416.78,436.02
211,1,36,69,100,8635,8635,8635,88644,88644,88644,591,591,591,0.21,0.57,0.81,0.09,0.22,0.33,0.04,0.16,0.27,0.00,0.00,0.00,0.01,0.02,0.05,0.00,0.00,0.00,0.05,0.18,0.39,316977,516017,869132,854495,1153782,1427708,0,0,0,0,0,0,0,201601,0,410.89,466.93,517.06
211,2,40,72,100,8579,8579,8579,88701,88701,88701,591,591,591,0.17,0.56,0.82,0.07,0.22,0.32,0.03,0.17,0.28,0.00,0.00,0.00,0.00,0.03,0.04,0.00,0.00,0.00,0.04,0.16,0.29,465097,837596,1271967,804564,1303198,1504267,0,0,0,0,0,0,0,329343,0,399.05,412.29,436.11
211,3,34,75,93,8639,8639,8639,88640,88640,88640,591,591,591,0.29,0.53,0.73,0.12,0.21,0.32,0.09,0.15,0.23,0.00,0.00,0.00,0.01,0.02,0.04,0.00,0.00,0.00,0.07,0.14,0.21,136273,433426,658556,704950,1135274,1503059,0,0,0,0,0,0,0,314676,0,354.25,359.72,366.12
212,0,34,64,100,8622,8622,8622,88657,88657,88657,591,591,591,0.15,0.48,0.81,0.06,0.19,0.35,0.03,0.14,0.28,0.00,0.00,0.00,0.00,0.03,0.05,0.00,0.00,0.00,0.03,0.12,0.19,322340,530393,636836,267226,1138850,1617211,0,0,0,0,0,0,0,301616,0,339.34,372.38,436.02
212,1,36,84,100,8635,8635,8635,88644,88644,88644,591,591,591,0.17,0.62,0.90,0.06,0.24,0.35,0.04,0.19,0.29,0.00,0.00,0.00,0.02,0.04,0.06,0.00,0.00,0.00,0.03,0.17,0.31,311864,503160,715467,524110,1030443,1464976,0,0,0,0,0,0,0,355664,0,412.01,442.35,488.65
212,2,33,62,92,8579,8579,8579,88701,88701,88701,591,591,591,0.30,0.48,0.71,0.12,0.18,0.25,0.09,0.13,0.17,0.00,0.00,0.00,0.01,0.02,0.02,0.00,0.00,0.00,0.07,0.15,0.24,484835,543004,626337,1029947,1335077,1580256,0,0,0,0,0,0,0,282041,0,369.09,389.84,414.56
212,3,35,71,100,8639,8639,8639,88640,88640,88640,591,591,591,0.17,0.56,0.83,0.07,0.21,0.32,0.04,0.16,0.28,0.00,0.00,0.00,0.00,0.03,0.05,0.00,0.00,0.00,0.03,0.15,0.25,343315,679785,1750621,531980,1283553,2426759,0,0,0,0,0,0,0,313429,0,345.55,377.43,408.22
213,0,33,76,100,8622,8622,8622,88657,88657,88657,591,591,591,0.35,0.68,0.86,0.12,0.23,0.31,0.09,0.20,0.29,0.00,0.00,0.00,0.01,0.03,0.05,0.00,0.00,0.00,0.09,0.17,0.24,162431,511764,1041841,791459,1105548,1368034,0,0,0,0,0,0,0,310562,0,358.46,423.26,464.73
213,1,40,82,100,8635,8635,8635,88644,88644,88644,591,591,591,0.34,0.72,0.85,0.16,0.25,0.34,0.04,0.20,0.28,0.00,0.00,0.00,0.00,0.03,0.05,0.00,0.00,0.00,0.13,0.20,0.31,314386,347484,432411,442761,767311,1512125,0,0,0,0,0,0,0,399251,0,379.34,401.16,446.89
213,2,33,61,100,8579,8579,8579,88701,88701,88701,591,591,591,0.21,0.51,0.67,0.06,0.17,0.26,0.03,0.12,0.20,0.00,0.00,0.00,0.00,0.02,0.03,0.00,0.00,0.00,0.05,0.16,0.24,466494,528848,642069,1035173,1218061,1438796,0,0,0,0,0,0,0,310651,0,375.41,381.83,386.93
213,3,41,63,100,8639,8639,8639,88640,88640,88640,591,591,591,0.23,0.45,0.78,0.09,0.17,0.28,0.06,0.13,0.24,0.00,0.00,0.00,0.01,0.02,0.03,0.00,0.00,0.00,0.05,0.14,0.29,327556,379446,550353,759931,1123139,1404689,0,0,0,0,0,0,0,294838,0,340.46,372.71,414.57
214,0,49,63,81,8622,8622,8622,88657,88657,88657,591,591,591,0.34,0.44,0.71,0.12,0.18,0.27,0.09,0.13,0.24,0.00,0.00,0.00,0.01,0.02,0.05,0.00,0.00,0.00,0.09,0.14,0.17,324870,531519,791467,694279,1151009,1530386,0,0,0,0,0,0,0,293594,0,316.55,348.20,384.78
214,1,41,76,100,8635,8635,8635,88644,88644,88644,591,591,591,0.31,0.56,0.78,0.12,0.22,0.31,0.07,0.17,0.23,0.00,0.00,0.00,0.01,0.02,0.03,0.00,0.00,0.00,0.08,0.17,0.24,322286,744699,1690935,712698,1384944,2734278,0,0,0,0,0,0,0,349799,0,410.94,446.26,493.09
214,2,36,78,100,8579,8579,8579,88701,88701,88701,591,591,591,0.17,0.45,0.71,0.13,0.20,0.28,0.09,0.15,0.22,0.00,0.00,0.00,0.01,0.02,0.03,0.00,0.00,0.00,0.03,0.13,0.24,20963,446156,752105,573874,1206529,1548733,0,0,0,0,0,0,0,324873,0,358.64,386.02,404.97
214,3,48,77,100,8639,8639,8639,88640,88640,88640,591,591,591,0.25,0.55,0.70,0.09,0.23,0.32,0.07,0.16,0.20,0.00,0.00,0.00,0.01,0.02,0.03,0.00,0.00,0.00,0.05,0.19,0.25,377380,593309,720670,1040397,1194556,1300616,0,0,0,0,0,0,0,235807,0,341.67,375.29,407.66
215,0,36,69,100,8622,8622,8622,88657,88657,88657,591,591,591,0.16,0.51,0.83,0.06,0.19,0.29,0.03,0.14,0.27,0.00,0.00,0.00,0.00,0.02,0.04,0.00,0.00,0.00,0.03,0.15,0.23,330195,530936,723302,649847,1146777,1624798,0,0,0,0,0,0,0,374760,0,330.04,368.23,392.52
215,1,35,71,100,8635,8635,8635,88644,88644,88644,591,591,591,0.30,0.48,0.81,0.11,0.18,0.30,0.09,0.13,0.22,0.00,0.00,0.00,0.01,0.02,0.03,0.00,0.00,0.00,0.06,0.15,0.25,309235,783951,1604120,1215978,1499709,1963213,0,0,0,0,0,0,0,344107,0,368.48,403.57,430.49
215,2,32,69,100,8579,8579,8579,88701,88701,88701,591,591,591,0.29,0.56,0.78,0.11,0.22,0.28,0.06,0.17,0.24,0.00,0.00,0.00,0.01,0.02,0.03,0.00,0.00,0.00,0.08,0.17,0.24,476935,703161,1048052,877875,1295063,1522601,0,0,0,0,0,0,0,327482,0,368.86,397.46,419.17
215,3,37,77,100,8639,8639,8639,88640,88640,88640,591,591,591,0.17,0.57,0.82,0.06,0.21,0.31,0.04,0.16,0.28,0.00,0.00,0.00,0.00,0.03,0.05,0.00,0.00,0.00,0.03,0.16,0.28,330155,384985,503081,516259,989403,1519987,0,0,0,0,0,0,0,305294,0,357.62,373.37,390.07
216,0,33,57,93,8622,8622,8622,88657,88657,88657,591,591,591,0.34,0.44,0.73,0.12,0.17,0.31,0.09,0.13,0.24,0.00,0.00,0.00,0.01,0.02,0.04,0.00,0.00,0.00,0.08,0.13,0.21,75996,441825,856905,728437,1161968,1556637,0,0,0,0,0,0,0,264002,0,338.92,366.59,406.93
216,1,37,76,100,8635,8635,8635,88644,88644,88644,591,591,591,0.19,0.56,0.82,0.08,0.21,0.33,0.04,0.17,0.27,0.00,0.00,0.00,0.00,0.03,0.04,0.00,0.00,0.00,0.04,0.15,0.21,78620,489015,1029927,678759,1093862,1572349,0,0,0,0,0,0,0,267679,0,354.56,395.90,438.72
216,2,33,70,100,8579,8579,8579,88701,88701,88701,591,591,591,0.22,0.50,0.79,0.08,0.20,0.33,0.06,0.15,0.26,0.00,0.00,0.00,0.01,0.02,0.05,0.00,0.00,0.00,0.05,0.14,0.26,54966,751845,2202319,757284,1410513,2618975,0,0,0,0,0,0,0,262308,0,352.70,395.71,423.65
216,3,37,55,81,8639,8639,8639,88640,88640,88640,591,591,591,0.22,0.36,0.48,0.09,0.14,0.19,0.06,0.10,0.13,0.00,0.00,0.00,0.01,0.01,0.02,0.00,0.00,0.00,0.05,0.11,0.17,317096,353774,419316,1053492,1149897,1242179,0,0,0,0,0,0,0,246980,0,308.48,354.53,397.16
217,0,36,69,100,8622,8622,8622,88657,88657,88657,591,591,591,0.16,0.58,0.82,0.06,0.21,0.31,0.03,0.16,0.28,0.00,0.00,0.00,0.00,0.03,0.04,0.00,0.00,0.00,0.03,0.15,0.28,314479,794919,1882314,711712,1331045,2049460,0,0,0,0,0,0,0,256817,0,336.72,376.54,398.14
217,1,35,51,66,8635,8635,8635,88644,88644,88644,591,591,591,0.35,0.45,0.65,0.13,0.18,0.29,0.10,0.12,0.15,0.00,0.00,0.00,0.01,0.02,0.02,0.00,0.00,0.00,0.08,0.15,0.26,323335,376966,555640,765247,1097618,1389542,0,0,0,0,0,0,0,275600,0,378.49,397.37,416.76
217,2,42,76,100,8579,8579,8579,88701,88701,88701,591,591,591,0.19,0.59,0.82,0.08,0.20,0.29,0.03,0.15,0.27,0.00,0.00,0.00,0.00,0.02,0.05,0.00,0.00,0.00,0.04,0.18,0.27,456000,604801,890754,883164,1172660,1485932,0,0,0,0,0,0,0,352453,0,387.75,398.55,405.53
217,3,39,57,81,8639,8639,8639,88640,88640,88640,591,591,591,0.24,0.40,0.54,0.10,0.16,0.24,0.04,0.11,0.16,0.00,0.00,0.00,0.01,0.02,0.02,0.00,0.00,0.00,0.09,0.14,0.20,338066,441304,602745,906719,1256305,1695388,0,0,0,0,0,0,0,302070,0,303.39,317.44,326.91
218,0,35,59,98,8622,8622,8622,88657,88657,88657,591,591,591,0.16,0.41,0.89,0.06,0.16,0.34,0.03,0.12,0.29,0.00,0.00,0.00,0.00,0.02,0.06,0.00,0.00,0.00,0.03,0.13,0.21,336888,739299,1394169,1236890,1558020,1978614,0,0,0,0,0,0,0,302488,0,343.37,392.33,443.49
218,1,36,56,100,8635,8635,8635,88644,88644,88644,591,591,591,0.29,0.41,0.64,0.11,0.16,0.26,0.07,0.11,0.18,0.00,0.00,0.00,0.01,0.02,0.02,0.00,0.00,0.00,0.07,0.13,0.23,317106,392025,642018,851610,1260983,1616839,0,0,0,0,0,0,0,295175,0,335.03,353.94,365.20
218,2,33,71,100,8579,8579,8579,88701,88701,88701,591,591,591,0.29,0.46,0.69,0.11,0.20,0.31,0.09,0.15,0.20,0.00,0.00,0.00,0.01,0.02,0.03,0.00,0.00,0.00,0.06,0.15,0.25,445499,901814,1605643,932915,1396724,1811005,0,0,0,0,0,0,0,340880,0,375.16,397.96,431.93
218,3,50,82,100,8639,8639,8639,88640,88640,88640,591,591,591,0.17,0.56,0.88,0.06,0.21,0.33,0.04,0.17,0.31,0.00,0.00,0.00,0.00,0.03,0.06,0.00,0.00,0.00,0.03,0.15,0.27,202672,595005,1090737,773131,1232258,1735010,0,0,0,0,0,0,0,275385,0,356.79,391.62,406.43
219,0,36,84,100,8622,8622,8622,88657,88657,88657,591,591,591,0.42,0.71,0.86,0.20,0.25,0.28,0.06,0.20,0.28,0.00,0.00,0.00,0.02,0.04,0.05,0.00,0.00,0.00,0.09,0.18,0.24,314467,405676,626340,474334,759990,1226465,0,0,0,0,0,0,0,358419,0,359.52,407.33,457.93
219,1,36,63,100,8635,8635,8635,88644,88644,88644,591,591,591,0.37,0.52,0.79,0.16,0.21,0.33,0.10,0.15,0.27,0.00,0.00,0.00,0.01,0.02,0.02,0.00,0.00,0.00,0.12,0.16,0.21,10480,329487,588780,353721,1038049,1360123,0,0,0,0,0,0,0,353553,0,339.66,366.94,388.67
219,2,36,77,100,8579,8579,8579,88701,88701,88701,591,591,591,0.16,0.56,0.84,0.06,0.22,0.35,0.03,0.17,0.28,0.00,0.00,0.00,0.00,0.03,0.05,0.00,0.00,0.00,0.03,0.13,0.18,23586,1164106,2557544,821573,1803805,2684303,0,0,0,0,0,0,0,379979,0,371.16,385.87,406.47
219,3,32,80,100,8639,8639,8639,88640,88640,88640,591,591,591,0.42,0.70,0.84,0.16,0.25,0.31,0.14,0.21,0.28,0.00,0.00,0.00,0.02,0.03,0.05,0.00,0.00,0.00,0.05,0.19,0.25,333677,454360,890987,613226,853335,1024635,0,0,0,0,0,0,0,359964,0,365.83,393.47,449.71
220,0,34,61,97,8622,8622,8622,88657,88657,88657,591,591,591,0.33,0.51,0.92,0.12,0.20,0.33,0.09,0.16,0.33,0.00,0.00,0.00,0.01,0.03,0.07,0.00,0.00,0.00,0.06,0.14,0.23,322330,407023,718080,463928,1105978,1651866,0,0,0,0,0,0,0,308286,0,349.60,373.09,420.33
220,1,35,75,100,8635,8635,8635,88644,88644,88644,591,591,591,0.20,0.54,0.81,0.08,0.20,0.28,0.04,0.15,0.27,0.00,0.00,0.00,0.00,0.03,0.04,0.00,0.00,0.00,0.05,0.16,0.27,335953,616948,1195071,679372,1243555,2038958,0,0,0,0,0,0,0,337773,0,357.59,388.14,414.20
220,2,37,69,100,8579,8579,8579,88701,88701,88701,591,591,591,0.20,0.55,0.79,0.08,0.20,0.32,0.03,0.17,0.27,0.00,0.00,0.00,0.00,0.03,0.05,0.00,0.00,0.00,0.05,0.16,0.33,442898,656682,1383718,838613,1455360,2437231,0,0,0,0,0,0,0,302764,0,402.86,437.24,485.63
220,3,46,75,100,8639,8639,8639,88640,88640,88640,591,591,591,0.20,0.50,0.76,0.08,0.19,0.30,0.03,0.14,0.24,0.00,0.00,0.00,0.01,0.02,0.04,0.00,0.00,0.00,0.05,0.15,0.27,338050,730005,1323439,809749,1422775,2390052,0,0,0,0,0,0,0,363126,0,364.74,388.93,422.80
221,0,34,72,100,8622,8622,8622,88657,88657,88657,591,591,591,0.15,0.47,0.85,0.06,0.16,0.26,0.03,0.13,0.29,0.00,0.00,0.00,0.00,0.02,0.05,0.00,0.00,0.00,0.03,0.13,0.20,330192,615872,995841,642854,1231210,1483180,0,0,0,0,0,0,0,408523,0,346.61,363.72,413.25
221,1,37,71,100,8635,8635,8635,88644,88644,88644,591,591,591,0.34,0.42,0.50,0.13,0.16,0.21,0.10,0.12,0.14,0.00,0.00,0.00,0.01,0.02,0.02,0.00,0.00,0.00,0.08,0.12,0.18,319723,481547,712831,964349,1299851,1556698,0,0,0,0,0,0,0,318763,0,370.77,394.13,432.63
221,2,56,78,100,8579,8579,8579,88701,88701,88701,591,591,591,0.29,0.59,0.81,0.12,0.23,0.30,0.09,0.15,0.18,0.00,0.00,0.00,0.01,0.02,0.03,0.00,0.00,0.00,0.07,0.19,0.26,456076,794555,1365377,647075,1256100,1881652,0,0,0,0,0,0,0,284910,0,399.83,417.80,438.96
221,3,37,68,82,8639,8639,8639,88640,88640,88640,591,591,591,0.16,0.49,0.80,0.06,0.20,0.31,0.03,0.13,0.27,0.00,0.00,0.00,0.00,0.02,0.05,0.00,0.00,0.00,0.03,0.13,0.25,317112,461741,696460,678756,1218620,1797722,0,0,0,0,0,0,0,188259,0,338.72,377.65,414.50
222,0,39,79,100,8622,8622,8622,88657,88657,88657,591,591,591,0.34,0.65,0.91,0.12,0.26,0.33,0.09,0.19,0.32,0.00,0.00,0.00,0.01,0.03,0.07,0.00,0.00,0.00,0.09,0.19,0.26,324932,717004,1181905,870052,1167214,1354867,0,0,0,0,0,0,0,304945,0,395.44,436.34,458.90
222,1,39,71,100,8635,8635,8635,88644,88644,88644,591,591,591,0.16,0.60,0.75,0.06,0.24,0.31,0.04,0.17,0.24,0.00,0.00,0.00,0.00,0.03,0.04,0.00,0.00,0.00,0.03,0.19,0.28,2620,312728,489192,366885,903073,1501673,0,0,0,0,0,0,0,274390,0,380.09,404.85,425.12
222,2,33,71,100,8579,8579,8579,88701,88701,88701,591,591,591,0.15,0.53,0.81,0.05,0.20,0.31,0.03,0.16,0.27,0.00,0.00,0.00,0.00,0.03,0.04,0.00,0.00,0.00,0.02,0.15,0.26,330133,588025,943463,594240,1173878,1706069,0,0,0,0,0,0,0,336415,0,358.99,386.02,419.17
222,3,38,68,100,8639,8639,8639,88640,88640,88640,591,591,591,0.23,0.52,0.81,0.09,0.19,0.30,0.06,0.15,0.27,0.00,0.00,0.00,0.01,0.02,0.04,0.00,0.00,0.00,0.05,0.15,0.26,324975,455079,830727,586726,1047328,1690281,0,0,0,0,0,0,0,273046,0,361.08,379.28,392.56
223,0,35,77,100,8622,8622,8622,88657,88657,88657,591,591,591,0.15,0.38,0.85,0.06,0.14,0.24,0.03,0.10,0.28,0.00,0.00,0.00,0.00,0.02,0.05,0.00,0.00,0.00,0.03,0.12,0.18,326112,812413,1215908,1082336,1525657,2056627,0,0,0,0,0,0,0,317177,0,350.84,356.63,367.73
223,1,34,71,100,8635,8635,8635,88644,88644,88644,591,591,591,0.26,0.47,0.78,0.10,0.18,0.29,0.07,0.13,0.22,0.00,0.00,0.00,0.01,0.02,0.02,0.00,0.00,0.00,0.06,0.14,0.24,330212,560815,917201,754710,1315564,1658825,0,0,0,0,0,0,0,314477,0,370.45,382.20,409.12
223,2,35,67,100,8579,8579,8579,88701,88701,88701,591,591,591,0.15,0.51,0.80,0.05,0.21,0.27,0.03,0.15,0.27,0.00,0.00,0.00,0.00,0.02,0.04,0.00,0.00,0.00,0.03,0.13,0.22,442872,757581,1174061,668240,1298491,1961946,0,0,0,0,0,0,0,303215,0,396.43,414.27,433.27
223,3,33,73,100,8639,8639,8639,88640,88640,88640,591,591,591,0.16,0.54,0.82,0.06,0.21,0.31,0.03,0.16,0.22,0.00,0.00,0.00,0.00,0.02,0.03,0.00,0.00,0.00,0.03,0.14,0.20,332746,470641,733748,985167,1118416,1412531,0,0,0,0,0,0,0,352107,0,321.52,351.32,383.75
225,0,34,78,100,8622,8622,8622,88657,88657,88657,591,591,591,0.17,0.61,0.89,0.06,0.22,0.33,0.04,0.18,0.31,0.00,0.00,0.00,0.00,0.03,0.06,0.00,0.00,0.00,0.03,0.17,0.30,212641,842717,1922878,545106,1306612,2829303,0,0,0,0,0,0,0,756985,0,357.13,408.15,460.47
225,1,39,70,100,8635,8635,8635,88644,88644,88644,591,591,591,0.18,0.53,0.90,0.07,0.20,0.35,0.04,0.15,0.30,0.00,0.00,0.00,0.00,0.03,0.06,0.00,0.00,0.00,0.03,0.15,0.29,221864,480007,718074,532012,1129132,1687683,0,0,0,0,0,0,0,774505,0,352.84,386.48,419.23
225,2,31,56,100,8579,8579,8579,88701,88701,88701,591,591,591,0.27,0.44,0.65,0.10,0.16,0.25,0.07,0.11,0.17,0.00,0.00,0.00,0.01,0.02,0.02,0.00,0.00,0.00,0.06,0.15,0.24,453376,715705,1624751,1119058,1517559,2570775,0,0,0,0,0,0,0,676351,0,327.72,359.62,406.43
225,3,35,72,100,8639,8639,8639,88640,88640,88640,591,591,591,0.16,0.60,0.92,0.06,0.22,0.34,0.04,0.18,0.33,0.00,0.00,0.00,0.00,0.03,0.07,0.00,0.00,0.00,0.03,0.15,0.25,230620,526936,1249646,487089,1070355,1810899,0,0,0,0,0,0,0,701617,0,339.15,397.17,477.93
226,0,36,58,91,8622,8622,8622,88657,88657,88657,591,591,591,0.31,0.44,0.53,0.11,0.18,0.24,0.09,0.13,0.15,0.00,0.00,0.00,0.01,0.02,0.02,0.00,0.00,0.00,0.07,0.14,0.21,366896,686055,1588072,901517,1414021,2237976,0,0,0,0,0,0,0,299675,0,359.73,399.18,442.49
226,1,37,59,97,8635,8635,8635,88644,88644,88644,591,591,591,0.17,0.45,0.89,0.06,0.18,0.35,0.04,0.14,0.29,0.00,0.00,0.00,0.00,0.02,0.06,0.00,0.00,0.00,0.03,0.12,0.22,327569,441300,791434,576522,1218546,1624798,0,0,0,0,0,0,0,328328,0,350.21,420.98,462.15
226,2,39,59,80,8579,8579,8579,88701,88701,88701,591,591,591,0.23,0.36,0.50,0.09,0.15,0.20,0.06,0.11,0.14,0.00,0.00,0.00,0.01,0.01,0.02,0.00,0.00,0.00,0.05,0.11,0.18,461238,762048,1373060,1263164,1546120,2127720,0,0,0,0,0,0,0,247994,0,321.20,345.48,363.24
226,3,53,76,100,8639,8639,8639,88640,88640,88640,591,591,591,0.31,0.53,0.81,0.11,0.20,0.27,0.08,0.15,0.27,0.00,0.00,0.00,0.01,0.02,0.04,0.00,0.00,0.00,0.07,0.17,0.24,322357,769346,1616921,746925,1397170,2507931,0,0,0,0,0,0,0,222781,0,341.98,373.71,389.82
227,0,34,65,100,8622,8622,8622,88657,88657,88657,591,591,591,0.15,0.54,0.82,0.06,0.19,0.28,0.03,0.17,0.27,0.00,0.00,0.00,0.00,0.03,0.05,0.00,0.00,0.00,0.03,0.13,0.19,262644,824313,1095444,1055660,1412808,1931456,0,0,0,0,0,0,0,278647,0,332.68,369.18,392.71
227,1,64,91,100,8635,8635,8635,88644,88644,88644,591,591,591,0.44,0.68,0.84,0.19,0.24,0.30,0.15,0.20,0.28,0.00,0.00,0.00,0.02,0.03,0.05,0.00,0.00,0.00,0.12,0.19,0.26,213151,502042,838573,429798,958437,1341528,0,0,0,0,0,0,0,283938,0,383.19,409.44,442.08
227,2,35,62,78,8579,8579,8579,88701,88701,88701,591,591,591,0.22,0.45,0.65,0.09,0.18,0.29,0.04,0.13,0.19,0.00,0.00,0.00,0.01,0.02,0.03,0.00,0.00,0.00,0.06,0.14,0.23,476914,520842,621083,956449,1285405,1679807,0,0,0,0,0,0,0,310199,0,354.73,368.54,381.49
227,3,35,57,98,8639,8639,8639,88640,88640,88640,591,591,591,0.16,0.45,0.90,0.06,0.17,0.35,0.03,0.13,0.29,0.00,0.00,0.00,0.00,0.02,0.06,0.00,0.00,0.00,0.03,0.10,0.19,306592,514852,1013874,977427,1279783,1532789,0,0,0,0,0,0,0,246345,0,331.06,362.10,415.65
228,0,45,71,100,8622,8622,8622,88657,88657,88657,591,591,591,0.19,0.57,0.78,0.07,0.24,0.34,0.03,0.16,0.25,0.00,0.00,0.00,0.01,0.02,0.03,0.00,0.00,0.00,0.04,0.19,0.31,366880,917279,1839704,870030,1504709,2840796,0,0,0,0,0,0,0,327857,0,386.68,409.22,423.24
228,1,41,69,100,8635,8635,8635,88644,88644,88644,591,591,591,0.40,0.52,0.74,0.15,0.20,0.29,0.11,0.14,0.19,0.00,0.00,0.00,0.02,0.02,0.03,0.00,0.00,0.00,0.09,0.16,0.26,317095,441833,615859,925027,1174560,1375856,0,0,0,0,0,0,0,380900,0,375.19,417.12,458.83
228,2,35,70,100,8579,8579,8579,88701,88701,88701,591,591,591,0.16,0.59,0.91,0.06,0.23,0.35,0.03,0.18,0.32,0.00,0.00,0.00,0.00,0.03,0.07,0.00,0.00,0.00,0.03,0.16,0.30,310542,973058,2015310,669391,1530176,3074069,0,0,0,0,0,0,0,335041,0,405.50,422.50,440.97
228,3,94,97,100,8639,8639,8639,88640,88640,88640,591,591,591,0.61,0.77,0.86,0.23,0.27,0.34,0.19,0.23,0.29,0.00,0.00,0.00,0.03,0.04,0.05,0.00,0.00,0.00,0.13,0.21,0.28,492648,796466,1302126,600087,1109128,1564123,0,0,0,0,0,0,0,397585,0,350.75,417.38,481.79
229,0,37,74,100,8622,8622,8622,88657,88657,88657,591,591,591,0.16,0.57,0.83,0.06,0.21,0.31,0.03,0.17,0.28,0.00,0.00,0.00,0.00,0.03,0.04,0.00,0.00,0.00,0.03,0.15,0.25,319724,492669,880548,521394,1092274,1957649,0,0,0,0,0,0,0,337207,0,363.90,388.22,401.10
229,1,38,73,100,8635,8635,8635,88644,88644,88644,591,591,591,0.17,0.55,0.84,0.06,0.21,0.35,0.04,0.17,0.28,0.00,0.00,0.00,0.00,0.03,0.05,0.00,0.00,0.00,0.03,0.14,0.23,330147,769898,1024471,1151287,1438857,1687712,0,0,0,0,0,0,0,294605,0,390.17,406.22,434.04
229,2,61,90,100,8579,8579,8579,88701,88701,88701,591,591,591,0.28,0.71,0.85,0.13,0.25,0.35,0.04,0.20,0.29,0.00,0.00,0.00,0.01,0.04,0.05,0.00,0.00,0.00,0.10,0.20,0.31,445520,616346,904133,613201,1024643,1506906,0,0,0,0,0,0,0,415410,0,359.36,399.48,478.28
229,3,35,69,100,8639,8639,8639,88640,88640,88640,591,591,591,0.16,0.54,0.83,0.06,0.20,0.33,0.03,0.15,0.27,0.00,0.00,0.00,0.00,0.02,0.05,0.00,0.00,0.00,0.03,0.16,0.29,332784,516439,898905,524115,1129904,1957675,0,0,0,0,0,0,0,336559,0,379.24,387.93,399.65
230,0,34,65,100,8622,8622,8622,88657,88657,88657,591,591,591,0.15,0.59,0.84,0.06,0.21,0.33,0.03,0.18,0.28,0.00,0.00,0.00,0.00,0.03,0.05,0.00,0.00,0.00,0.02,0.15,0.25,272596,578386,1176948,683989,1147146,1780191,0,0,0,0,0,0,0,316047,0,364.64,400.43,451.25
230,1,0,40,100,8635,8635,8635,88644,88644,88644,591,591,591,0.00,0.30,0.83,0.00,0.11,0.28,0.00,0.08,0.28,0.00,0.00,0.00,0.00,0.01,0.05,0.00,0.00,0.00,0.00,0.09,0.26,230642,392053,668262,248115,480451,904119,0,0,0,0,0,0,0,151931,0,242.75,354.27,412.03
230,2,42,63,100,8579,8579,8579,88701,88701,88701,591,591,591,0.17,0.45,0.74,0.07,0.18,0.25,0.03,0.13,0.23,0.00,0.00,0.00,0.00,0.02,0.03,0.00,0.00,0.00,0.04,0.14,0.21,445521,743414,1449228,974906,1427014,2431979,0,0,0,0,0,0,0,293322,0,357.39,424.83,489.00
230,3,34,74,97,8639,8639,8639,88640,88640,88640,591,591,591,0.31,0.54,0.82,0.12,0.21,0.34,0.09,0.16,0.25,0.00,0.00,0.00,0.01,0.02,0.05,0.00,0.00,0.00,0.07,0.16,0.22,508355,1004336,1606443,1071889,1673773,2082163,0,0,0,0,0,0,0,263087,0,356.76,391.08,416.40
231,0,32,81,100,8622,8622,8622,88657,88657,88657,591,591,591,0.20,0.61,0.83,0.08,0.22,0.35,0.03,0.18,0.28,0.00,0.00,0.00,0.01,0.03,0.05,0.00,0.00,0.00,0.05,0.18,0.31,330202,461728,699673,665555,1067086,1632572,0,0,0,0,0,0,0,314119,0,378.93,418.69,442.88
231,1,0,0,0,8635,8750,9001,88278,88529,88644,591,591,591,0.00,0.00,0.00,0.00,0.00,0.00,0.00,0.00,0.00,0.00,0.00,0.00,0.00,0.00,0.00,0.00,0.00,0.00,0.00,0.00,0.00,293542,359067,534674,306646,484347,904215,0,0,0,0,0,0,0,122325,0,153.06,155.67,164.31
231,2,34,66,100,8579,8579,8579,88701,88701,88701,591,591,591,0.15,0.53,0.81,0.06,0.19,0.33,0.03,0.16,0.27,0.00,0.00,0.00,0.00,0.03,0.04,0.00,0.00,0.00,0.03,0.14,0.21,489999,695531,1394204,843962,1391577,2413651,0,0,0,0,0,0,0,194750,0,322.96,372.11,410.67
231,3,37,66,100,8639,8639,8639,88640,88640,88640,591,591,591,0.16,0.51,0.84,0.06,0.18,0.26,0.03,0.15,0.28,0.00,0.00,0.00,0.00,0.03,0.05,0.00,0.00,0.00,0.03,0.12,0.21,314480,672650,1097559,767856,1462537,2164673,0,0,0,0,0,0,0,251884,0,352.59,362.57,387.25
232,0,35,72,91,8622,8622,8622,88657,88657,88657,591,591,591,0.17,0.49,0.69,0.06,0.19,0.30,0.03,0.14,0.20,0.00,0.00,0.00,0.00,0.02,0.03,0.00,0.00,0.00,0.03,0.15,0.25,317098,451357,791232,867451,1126113,1799923,0,0,0,0,0,0,0,206386,0,366.51,387.79,414.04
232,1,0,0,0,9001,9001,9001,88278,88278,88278,591,591,591,0.00,0.00,0.00,0.00,0.00,0.00,0.00,0.00,0.00,0.00,0.00,0.00,0.00,0.00,0.00,0.00,0.00,0.00,0.00,0.00,0.00,298790,476354,870154,309274,490769,888501,0,0,0,0,0,0,0,91241,0,152.00,152.31,152.79
232,2,31,67,100,8579,8579,8579,88701,88701,88701,591,591,591,0.14,0.52,0.77,0.05,0.21,0.31,0.03,0.15,0.19,0.00,0.00,0.00,0.00,0.02,0.03,0.00,0.00,0.00,0.02,0.16,0.28,474349,780905,1234157,985388,1373161,1545971,0,0,0,0,0,0,0,317702,0,388.54,411.41,427.67
232,3,60,82,100,8639,8639,8639,88640,88640,88640,591,591,591,0.33,0.62,0.87,0.12,0.23,0.35,0.08,0.17,0.28,0.00,0.00,0.00,0.01,0.03,0.05,0.00,0.00,0.00,0.09,0.17,0.30,57653,557535,893527,600118,1039044,1915450,0,0,0,0,0,0,0,364717,0,389.91,427.20,448.26
233,0,35,69,100,8622,8622,8622,88657,88657,88657,591,591,591,0.15,0.54,0.79,0.06,0.21,0.31,0.03,0.16,0.26,0.00,0.00,0.00,0.00,0.03,0.05,0.00,0.00,0.00,0.03,0.15,0.26,316153,561142,930287,1263094,2208899,4075202,0,0,0,0,0,0,0,342890,0,390.60,396.47,406.30
233,1,0,1,7,96787,96787,96787,492,492,492,591,591,591,0.00,0.00,0.00,0.00,0.00,0.00,0.00,0.00,0.00,0.00,0.00,0.00,0.00,0.00,0.00,0.00,0.00,0.00,0.00,0.00,0.00,209676,904400,2781697,218413,1971300,5821995,0,0,0,0,0,0,0,124632,0,152.99,154.63,155.87
233,2,33,67,96,8579,8579,8579,88701,88701,88701,591,591,591,0.23,0.55,0.82,0.08,0.22,0.34,0.05,0.16,0.27,0.00,0.00,0.00,0.01,0.03,0.05,0.00,0.00,0.00,0.06,0.16,0.25,340687,436933,657802,967029,2004914,3671388,0,0,0,0,0,0,0,318827,0,358.88,395.05,438.96
233,3,49,58,76,8639,8639,8639,88640,88640,88640,591,591,591,0.29,0.37,0.48,0.12,0.15,0.19,0.09,0.10,0.14,0.00,0.00,0.00,0.01,0.01,0.02,0.00,0.00,0.00,0.08,0.12,0.17,340639,467477,656713,969512,2210853,3862821,0,0,0,0,0,0,0,257704,0,305.60,334.76,371.45
234,0,33,76,100,8622,8622,8622,88657,88657,88657,591,591,591,0.15,0.56,0.81,0.06,0.21,0.30,0.03,0.16,0.23,0.00,0.00,0.00,0.00,0.03,0.03,0.00,0.00,0.00,0.03,0.17,0.30,500551,865626,1095145,1132138,1458876,1737501,0,0,0,0,0,0,0,302865,0,392.48,404.89,422.69
234,1,0,0,0,96787,96787,96787,492,492,492,591,591,591,0.00,0.00,0.00,0.00,0.00,0.00,0.00,0.00,0.00,0.00,0.00,0.00,0.00,0.00,0.00,0.00,0.00,0.00,0.00,0.00,0.00,303941,350620,482160,314422,364246,497883,0,0,0,0,0,0,0,88668,0,117.32,138.51,155.76
234,2,35,78,100,8579,8579,8579,88701,88701,88701,591,591,591,0.15,0.61,0.83,0.06,0.22,0.30,0.03,0.17,0.28,0.00,0.00,0.00,0.00,0.03,0.05,0.00,0.00,0.00,0.03,0.17,0.26,319643,457030,720713,453264,959135,1415164,0,0,0,0,0,0,0,424657,0,369.28,393.22,447.58
234,3,39,64,96,8639,8639,8639,88640,88640,88640,591,591,591,0.17,0.48,0.77,0.06,0.19,0.33,0.04,0.15,0.26,0.00,0.00,0.00,0.00,0.02,0.04,0.00,0.00,0.00,0.03,0.13,0.23,348556,831622,2159416,754739,1571701,2670443,0,0,0,0,0,0,0,256124,0,313.88,335.57,356.31
235,0,34,66,100,8622,8622,8622,88657,88657,88657,591,591,591,0.16,0.45,0.74,0.06,0.19,0.33,0.03,0.13,0.24,0.00,0.00,0.00,0.00,0.02,0.05,0.00,0.00,0.00,0.03,0.13,0.27,497926,924457,1404691,825589,1624842,2432003,0,0,0,0,0,0,0,180151,0,378.24,398.20,407.54
235,1,0,0,0,96787,96787,96787,492,492,492,591,591,591,0.00,0.00,0.00,0.00,0.00,0.00,0.00,0.00,0.00,0.00,0.00,0.00,0.00,0.00,0.00,0.00,0.00,0.00,0.00,0.00,0.00,327558,447444,597463,340660,461202,610565,0,0,0,0,0,0,0,59798,0,99.73,101.43,106.13
235,2,35,58,75,8579,8579,8579,88701,88701,88701,591,591,591,0.25,0.41,0.60,0.09,0.16,0.23,0.06,0.12,0.17,0.00,0.00,0.00,0.01,0.02,0.02,0.00,0.00,0.00,0.06,0.12,0.18,330179,835992,1383743,875237,1624150,2408447,0,0,0,0,0,0,0,239157,0,376.24,420.93,448.65
235,3,74,91,100,8639,8639,8639,88640,88640,88640,591,591,591,0.35,0.70,0.84,0.16,0.25,0.32,0.05,0.19,0.28,0.00,0.00,0.00,0.01,0.03,0.05,0.00,0.00,0.00,0.13,0.20,0.29,419191,499198,597505,686580,948619,1585494,0,0,0,0,0,0,0,366705,0,350.74,375.56,400.29
236,0,0,76,100,8622,8622,8622,88657,88657,88657,591,591,591,0.00,0.50,0.85,0.00,0.17,0.31,0.00,0.14,0.27,0.00,0.00,0.00,0.00,0.02,0.05,0.00,0.00,0.00,0.00,0.14,0.24,482205,1266217,3976833,618481,1460524,3989941,0,0,0,0,0,0,0,283435,0,370.16,377.78,390.23
236,1,0,0,0,96787,96787,96787,492,492,492,591,591,591,0.00,0.00,0.00,0.00,0.00,0.00,0.00,0.00,0.00,0.00,0.00,0.00,0.00,0.00,0.00,0.00,0.00,0.00,0.00,0.00,0.00,227109,310082,351113,235844,322834,364214,0,0,0,0,0,0,0,79880,0,99.81,99.91,100.04
236,2,34,67,100,8579,8579,8579,88701,88701,88701,591,591,591,0.18,0.50,0.89,0.06,0.20,0.34,0.04,0.15,0.29,0.00,0.00,0.00,0.00,0.02,0.06,0.00,0.00,0.00,0.03,0.14,0.24,335460,548987,732277,942219,1194775,1522552,0,0,0,0,0,0,0,314647,0,367.63,384.71,423.79
236,3,34,58,95,8639,8639,8639,88640,88640,88640,591,591,591,0.18,0.47,0.81,0.06,0.19,0.33,0.04,0.14,0.26,0.00,0.00,0.00,0.00,0.02,0.05,0.00,0.00,0.00,0.03,0.13,0.20,319716,520744,1011751,722840,1273845,1905552,0,0,0,0,0,0,0,315540,0,317.31,381.13,422.28
237,0,0,0,0,8622,8622,8622,88657,88657,88657,591,591,591,0.00,0.00,0.00,0.00,0.00,0.00,0.00,0.00,0.00,0.00,0.00,0.00,0.00,0.00,0.00,0.00,0.00,0.00,0.00,0.00,0.00,424590,554064,794137,437695,575031,843934,0,0,0,0,0,0,0,117828,0,147.30,182.51,272.01
237,1,0,0,0,96787,96787,96787,492,492,492,591,591,591,0.00,0.00,0.00,0.00,0.00,0.00,0.00,0.00,0.00,0.00,0.00,0.00,0.00,0.00,0.00,0.00,0.00,0.00,0.00,0.00,0.00,338044,471158,746842,353767,492121,759944,0,0,0,0,0,0,0,90203,0,99.70,99.85,100.11
237,2,35,80,100,8579,8579,8579,88701,88701,88701,591,591,591,0.16,0.60,0.85,0.06,0.19,0.25,0.03,0.18,0.28,0.00,0.00,0.00,0.00,0.03,0.05,0.00,0.00,0.00,0.03,0.15,0.19,393102,818558,1323453,571325,1347931,1708745,0,0,0,0,0,0,0,403182,0,356.17,378.17,435.35
237,3,45,74,100,8639,8639,8639,88640,88640,88640,591,591,591,0.29,0.51,0.82,0.12,0.19,0.31,0.09,0.15,0.27,0.00,0.00,0.00,0.01,0.02,0.04,0.00,0.00,0.00,0.08,0.16,0.28,324964,515728,744238,615761,1067628,1297217,0,0,0,0,0,0,0,265002,0,371.35,381.09,399.49
238,0,0,0,1,9220,26776,97002,277,70502,88059,591,591,591,0.00,0.00,0.00,0.00,0.00,0.00,0.00,0.00,0.00,0.00,0.00,0.00,0.00,0.00,0.00,0.00,0.00,0.00,0.00,0.00,0.00,442931,1590683,2775544,458656,2534746,5877914,0,0,0,0,0,0,0,133967,0,147.10,147.51,148.70
238,1,0,0,0,96987,96987,96987,292,292,292,591,591,591,0.00,0.00,0.00,0.00,0.00,0.00,0.00,0.00,0.00,0.00,0.00,0.00,0.00,0.00,0.00,0.00,0.00,0.00,0.00,0.00,0.00,330181,451299,707513,348524,1158225,3317444,0,0,0,0,0,0,0,79804,0,99.86,100.23,100.39
238,2,32,72,100,8579,8579,8579,88701,88701,88701,591,591,591,0.14,0.55,0.75,0.05,0.22,0.34,0.03,0.14,0.21,0.00,0.00,0.00,0.00,0.02,0.03,0.00,0.00,0.00,0.02,0.18,0.31,340632,476783,610621,1113808,1747282,3707494,0,0,0,0,0,0,0,344621,0,401.35,446.04,493.16
238,3,0,36,79,8639,8639,8639,88640,88640,88640,591,591,591,0.00,0.20,0.50,0.00,0.08,0.20,0.00,0.05,0.14,0.00,0.00,0.00,0.00,0.01,0.02,0.00,0.00,0.00,0.00,0.07,0.18,332473,387278,537295,377415,1486224,3154146,0,0,0,0,0,0,0,160767,0,198.24,275.03,332.76
239,0,0,0,0,97002,97002,97002,277,277,277,591,591,591,0.00,0.00,0.00,0.00,0.00,0.00,0.00,0.00,0.00,0.00,0.00,0.00,0.00,0.00,0.00,0.00,0.00,0.00,0.00,0.00,0.00,419354,574516,875408,432458,728105,1590936,0,0,0,0,0,0,0,120621,0,149.45,150.39,150.85
239,1,0,0,0,96987,96987,96987,292,292,292,591,591,591,0.00,0.00,0.00,0.00,0.00,0.00,0.00,0.00,0.00,0.00,0.00,0.00,0.00,0.00,0.00,0.00,0.00,0.00,0.00,0.00,0.00,332803,505225,738964,348526,856371,2321758,0,0,0,0,0,0,0,69897,0,99.67,99.74,99.80
239,2,33,56,81,8579,8579,8579,88701,88701,88701,591,591,591,0.15,0.39,0.75,0.06,0.16,0.31,0.03,0.12,0.24,0.00,0.00,0.00,0.00,0.02,0.04,0.00,0.00,0.00,0.03,0.11,0.20,332826,655150,1430808,678754,1738524,3142154,0,0,0,0,0,0,0,215710,0,330.09,379.01,435.40
239,3,0,0,0,8639,8651,8699,88580,88628,88640,591,591,591,0.00,0.00,0.00,0.00,0.00,0.00,0.00,0.00,0.00,0.00,0.00,0.00,0.00,0.00,0.00,0.00,0.00,0.00,0.00,0.00,0.00,306649,514225,1095548,319753,919421,3066487,0,0,0,0,0,0,0,81000,0,134.66,141.62,168.95
240,0,0,0,0,97202,97202,97202,77,77,77,591,591,591,0.00,0.00,0.00,0.00,0.00,0.00,0.00,0.00,0.00,0.00,0.00,0.00,0.00,0.00,0.00,0.00,0.00,0.00,0.00,0.00,0.00,296982,459445,697045,440242,1246875,2917411,0,0,0,0,0,0,0,76739,0,103.28,123.25,140.84
240,1,0,0,0,97039,97039,97039,240,240,240,591,591,591,0.00,0.00,0.00,0.00,0.00,0.00,0.00,0.00,0.00,0.00,0.00,0.00,0.00,0.00,0.00,0.00,0.00,0.00,0.00,0.00,0.00,200315,293780,327556,332800,1063718,2755978,0,0,0,0,0,0,0,89761,0,99.69,99.74,99.77
240,2,73,92,100,8579,8579,8579,88701,88701,88701,591,591,591,0.66,0.77,0.84,0.24,0.29,0.34,0.18,0.23,0.27,0.00,0.00,0.00,0.03,0.04,0.05,0.00,0.00,0.00,0.19,0.22,0.30,246341,402258,503179,668194,1390236,2542034,0,0,0,0,0,0,0,456487,0,371.78,413.96,484.18
240,3,0,1,6,9255,31203,97047,232,66076,88024,591,591,591,0.00,0.00,0.00,0.00,0.00,0.00,0.00,0.00,0.00,0.00,0.00,0.00,0.00,0.00,0.00,0.00,0.00,0.00,0.00,0.00,0.00,314496,1014714,2879456,327600,1777827,5350058,0,0,0,0,0,0,0,121903,0,134.09,134.49,135.16
241,0,0,0,0,97202,97202,97202,77,77,77,591,591,591,0.00,0.00,0.00,0.00,0.00,0.00,0.00,0.00,0.00,0.00,0.00,0.00,0.00,0.00,0.00,0.00,0.00,0.00,0.00,0.00,0.00,278877,468384,649869,287538,929674,2903449,0,0,0,0,0,0,0,76316,0,95.46,95.66,95.85
241,1,0,0,0,97039,97039,97039,240,240,240,591,591,591,0.00,0.00,0.00,0.00,0.00,0.00,0.00,0.00,0.00,0.00,0.00,0.00,0.00,0.00,0.00,0.00,0.00,0.00,0.00,0.00,0.00,324937,416230,563977,338040,641810,1636846,0,0,0,0,0,0,0,79492,0,99.41,99.56,99.71
241,2,32,63,100,8579,8579,8579,88701,88701,88701,591,591,591,0.14,0.49,0.85,0.05,0.16,0.25,0.03,0.15,0.29,0.00,0.00,0.00,0.00,0.02,0.05,0.00,0.00,0.00,0.02,0.11,0.19,232367,373308,536137,450755,1578547,4380189,0,0,0,0,0,0,0,374892,0,347.46,386.12,456.56
241,3,0,0,0,97047,97047,97047,232,232,232,591,591,591,0.00,0.00,0.00,0.00,0.00,0.00,0.00,0.00,0.00,0.00,0.00,0.00,0.00,0.00,0.00,0.00,0.00,0.00,0.00,0.00,0.00,202689,586220,1284261,213173,1219964,4400562,0,0,0,0,0,0,0,96270,0,135.97,137.15,137.67
242,0,0,0,0,97202,97202,97202,77,77,77,591,591,591,0.00,0.00,0.00,0.00,0.00,0.00,0.00,0.00,0.00,0.00,0.00,0.00,0.00,0.00,0.00,0.00,0.00,0.00,0.00,0.00,0.00,427124,511800,710160,437623,525485,723263,0,0,0,0,0,0,0,76420,0,95.40,95.46,95.52
242,1,0,0,0,97039,97039,97039,240,240,240,591,591,591,0.00,0.00,0.00,0.00,0.00,0.00,0.00,0.00,0.00,0.00,0.00,0.00,0.00,0.00,0.00,0.00,0.00,0.00,0.00,0.00,0.00,322318,434993,738955,338041,449144,752057,0,0,0,0,0,0,0,59609,0,99.35,99.40,99.44
242,2,48,76,100,8579,8579,8579,88701,88701,88701,591,591,591,0.24,0.53,0.86,0.10,0.21,0.28,0.07,0.15,0.25,0.00,0.00,0.00,0.01,0.02,0.04,0.00,0.00,0.00,0.05,0.17,0.24,348555,638882,1488348,731180,1184503,1700595,0,0,0,0,0,0,0,225012,0,382.00,442.65,486.38
242,3,0,0,0,97047,97047,97047,232,232,232,591,591,591,0.00,0.00,0.00,0.00,0.00,0.00,0.00,0.00,0.00,0.00,0.00,0.00,0.00,0.00,0.00,0.00,0.00,0.00,0.00,0.00,0.00,306594,548273,1263294,317076,561901,1276399,0,0,0,0,0,0,0,107757,0,125.09,134.81,137.77
243,0,0,0,0,97202,97202,97202,77,77,77,591,591,591,0.00,0.00,0.00,0.00,0.00,0.00,0.00,0.00,0.00,0.00,0.00,0.00,0.00,0.00,0.00,0.00,0.00,0.00,0.00,0.00,0.00,421861,456607,539808,434962,470364,552910,0,0,0,0,0,0,0,57223,0,95.39,95.44,95.52
243,1,0,0,0,97039,97039,97039,240,240,240,591,591,591,0.00,0.00,0.00,0.00,0.00,0.00,0.00,0.00,0.00,0.00,0.00,0.00,0.00,0.00,0.00,0.00,0.00,0.00,0.00,0.00,0.00,324934,351784,411406,338036,364886,427129,0,0,0,0,0,0,0,79424,0,99.40,99.42,99.44
243,2,32,51,76,8579,8579,8579,88701,88701,88701,591,591,591,0.22,0.38,0.66,0.09,0.15,0.29,0.03,0.10,0.22,0.00,0.00,0.00,0.01,0.02,0.04,0.00,0.00,0.00,0.05,0.11,0.21,338072,425866,579175,964419,1218635,1423063,0,0,0,0,0,0,0,288512,0,345.52,361.64,372.16
243,3,0,0,0,97047,97047,97047,232,232,232,591,591,591,0.00,0.00,0.00,0.00,0.00,0.00,0.00,0.00,0.00,0.00,0.00,0.00,0.00,0.00,0.00,0.00,0.00,0.00,0.00,0.00,0.00,322321,378560,531953,335423,391618,547676,0,0,0,0,0,0,0,66503,0,83.16,98.20,114.16
244,0,0,0,0,97202,97202,97202,77,77,77,591,591,591,0.00,0.00,0.00,0.00,0.00,0.00,0.00,0.00,0.00,0.00,0.00,0.00,0.00,0.00,0.00,0.00,0.00,0.00,0.00,0.00,0.00,424521,659313,1113696,440244,673464,1126799,0,0,0,0,0,0,0,85827,0,95.40,95.43,95.47
244,1,0,0,0,97039,97039,97039,240,240,240,591,591,591,0.00,0.00,0.00,0.00,0.00,0.00,0.00,0.00,0.00,0.00,0.00,0.00,0.00,0.00,0.00,0.00,0.00,0.00,0.00,0.00,0.00,216599,322650,411357,225333,335877,424212,0,0,0,0,0,0,0,79510,0,99.31,99.35,99.41
244,2,30,66,100,8579,8579,8579,88701,88701,88701,591,591,591,0.13,0.54,0.79,0.05,0.21,0.31,0.03,0.16,0.26,0.00,0.00,0.00,0.00,0.02,0.04,0.00,0.00,0.00,0.02,0.16,0.28,314398,447346,846394,725764,1051279,1378422,0,0,0,0,0,0,0,303100,0,394.75,403.64,414.50
244,3,0,0,0,97047,97047,97047,232,232,232,591,591,591,0.00,0.00,0.00,0.00,0.00,0.00,0.00,0.00,0.00,0.00,0.00,0.00,0.00,0.00,0.00,0.00,0.00,0.00,0.00,0.00,0.00,112680,387303,691836,123162,400929,704939,0,0,0,0,0,0,0,75061,0,83.08,83.29,83.41
245,0,0,0,0,97202,97202,97202,77,77,77,591,591,591,0.00,0.00,0.00,0.00,0.00,0.00,0.00,0.00,0.00,0.00,0.00,0.00,0.00,0.00,0.00,0.00,0.00,0.00,0.00,0.00,0.00,376344,422823,466836,384976,435499,479661,0,0,0,0,0,0,0,76253,0,95.23,95.28,95.36
245,1,0,0,0,97039,97039,97039,240,240,240,591,591,591,0.00,0.00,0.00,0.00,0.00,0.00,0.00,0.00,0.00,0.00,0.00,0.00,0.00,0.00,0.00,0.00,0.00,0.00,0.00,0.00,0.00,314456,345899,424509,330179,359525,437611,0,0,0,0,0,0,0,79280,0,99.18,99.31,99.44
245,2,32,72,100,8579,8579,8579,88701,88701,88701,591,591,591,0.14,0.55,0.89,0.05,0.21,0.34,0.03,0.16,0.29,0.00,0.00,0.00,0.00,0.03,0.06,0.00,0.00,0.00,0.02,0.15,0.29,324969,441142,594894,605376,983971,1514754,0,0,0,0,0,0,0,270888,0,382.86,423.21,454.91
245,3,0,0,0,97047,97047,97047,232,232,232,591,591,591,0.00,0.00,0.00,0.00,0.00,0.00,0.00,0.00,0.00,0.00,0.00,0.00,0.00,0.00,0.00,0.00,0.00,0.00,0.00,0.00,0.00,338041,419441,518798,351144,433241,534519,0,0,0,0,0,0,0,66534,0,83.02,83.14,83.33
246,0,0,0,0,97202,97202,97202,77,77,77,591,591,591,0.00,0.00,0.00,0.00,0.00,0.00,0.00,0.00,0.00,0.00,0.00,0.00,0.00,0.00,0.00,0.00,0.00,0.00,0.00,0.00,0.00,417673,454060,539817,433738,468279,552920,0,0,0,0,0,0,0,76408,0,95.39,95.47,95.52
246,1,0,0,0,97039,97039,97039,240,240,240,591,591,591,0.00,0.00,0.00,0.00,0.00,0.00,0.00,0.00,0.00,0.00,0.00,0.00,0.00,0.00,0.00,0.00,0.00,0.00,0.00,0.00,0.00,324940,432890,762554,338043,446516,775656,0,0,0,0,0,0,0,79319,0,99.24,99.26,99.30
246,2,34,80,100,8579,8579,8579,88701,88701,88701,591,591,591,0.30,0.68,0.85,0.14,0.23,0.27,0.04,0.19,0.29,0.00,0.00,0.00,0.01,0.03,0.05,0.00,0.00,0.00,0.11,0.19,0.26,335467,596980,875387,563479,971730,1391579,0,0,0,0,0,0,0,376543,0,346.84,391.59,451.09
246,3,0,0,0,97047,97047,97047,232,232,232,591,591,591,0.00,0.00,0.00,0.00,0.00,0.00,0.00,0.00,0.00,0.00,0.00,0.00,0.00,0.00,0.00,0.00,0.00,0.00,0.00,0.00,0.00,322323,395169,600086,335426,408272,613188,0,0,0,0,0,0,0,66481,0,82.99,83.03,83.08
247,0,0,0,0,97202,97202,97202,77,77,77,591,591,591,0.00,0.00,0.00,0.00,0.00,0.00,0.00,0.00,0.00,0.00,0.00,0.00,0.00,0.00,0.00,0.00,0.00,0.00,0.00,0.00,0.00,432366,694428,1142550,442847,714868,1155653,0,0,0,0,0,0,0,85911,0,95.51,95.52,95.53
247,1,0,0,0,97039,97039,97039,240,240,240,591,591,591,0.00,0.00,0.00,0.00,0.00,0.00,0.00,0.00,0.00,0.00,0.00,0.00,0.00,0.00,0.00,0.00,0.00,0.00,0.00,0.00,0.00,220121,355855,571251,228856,375945,623660,0,0,0,0,0,0,0,79623,0,99.28,99.42,99.54
247,2,0,0,0,8579,8579,8579,88701,88701,88701,591,591,591,0.00,0.00,0.00,0.00,0.00,0.00,0.00,0.00,0.00,0.00,0.00,0.00,0.00,0.00,0.00,0.00,0.00,0.00,0.00,0.00,0.00,290925,352252,542522,304029,373220,592319,0,0,0,0,0,0,0,121636,0,152.20,268.92,414.51
247,3,0,0,0,97047,97047,97047,232,232,232,591,591,591,0.00,0.00,0.00,0.00,0.00,0.00,0.00,0.00,0.00,0.00,0.00,0.00,0.00,0.00,0.00,0.00,0.00,0.00,0.00,0.00,0.00,330182,430751,673315,345905,452076,724910,0,0,0,0,0,0,0,74609,0,82.84,82.91,82.93
248,0,0,0,0,97202,97256,97270,9,22,77,591,591,591,0.00,0.00,0.00,0.00,0.00,0.00,0.00,0.00,0.00,0.00,0.00,0.00,0.00,0.00,0.00,0.00,0.00,0.00,0.00,0.00,0.00,419229,550286,744184,432330,670831,1090144,0,0,0,0,0,0,0,76354,0,95.47,95.48,95.52
248,1,0,0,0,97039,97224,97271,8,54,240,591,591,591,0.00,0.00,0.00,0.00,0.00,0.00,0.00,0.00,0.00,0.00,0.00,0.00,0.00,0.00,0.00,0.00,0.00,0.00,0.00,0.00,0.00,319660,425556,731108,335381,546618,841143,0,0,0,0,0,0,0,89409,0,99.38,99.46,99.53
248,2,0,0,0,8579,9286,9463,87817,87993,88701,591,591,591,0.00,0.00,0.00,0.00,0.00,0.00,0.00,0.00,0.00,0.00,0.00,0.00,0.00,0.00,0.00,0.00,0.00,0.00,0.00,0.00,0.00,301412,664824,1813308,314516,848760,2096310,0,0,0,0,0,0,0,137818,0,152.07,152.34,153.06
248,3,0,0,0,97047,97226,97271,8,52,232,591,591,591,0.00,0.00,0.00,0.00,0.00,0.00,0.00,0.00,0.00,0.00,0.00,0.00,0.00,0.00,0.00,0.00,0.00,0.00,0.00,0.00,0.00,110046,503301,725869,123147,622794,1247342,0,0,0,0,0,0,0,49963,0,82.86,82.98,83.20
249,0,0,0,0,97272,97272,97272,7,7,7,591,591,591,0.00,0.00,0.00,0.00,0.00,0.00,0.00,0.00,0.00,0.00,0.00,0.00,0.00,0.00,0.00,0.00,0.00,0.00,0.00,0.00,0.00,406879,644274,985343,422940,1840968,4680706,0,0,0,0,0,0,0,57242,0,95.45,95.48,95.49
249,1,0,0,0,97273,97273,97273,6,6,6,591,591,591,0.00,0.00,0.00,0.00,0.00,0.00,0.00,0.00,0.00,0.00,0.00,0.00,0.00,0.00,0.00,0.00,0.00,0.00,0.00,0.00,0.00,351138,857756,1560029,369481,2480897,5681091,0,0,0,0,0,0,0,59356,0,99.28,99.33,99.38
249,2,0,0,0,97277,97277,97277,2,2,2,591,591,591,0.00,0.00,0.00,0.00,0.00,0.00,0.00,0.00,0.00,0.00,0.00,0.00,0.00,0.00,0.00,0.00,0.00,0.00,0.00,0.00,0.00,296166,1019745,2205060,314513,2703009,6409003,0,0,0,0,0,0,0,93522,0,154.25,155.30,156.10
249,3,0,0,0,97273,97273,97273,6,6,6,591,591,591,0.00,0.00,0.00,0.00,0.00,0.00,0.00,0.00,0.00,0.00,0.00,0.00,0.00,0.00,0.00,0.00,0.00,0.00,0.00,0.00,0.00,335425,758878,1877267,356390,2410274,5773252,0,0,0,0,0,0,0,74409,0,82.81,83.06,83.31
250,0,0,0,0,97272,97272,97272,7,7,7,591,591,591,0.00,0.00,0.00,0.00,0.00,0.00,0.00,0.00,0.00,0.00,0.00,0.00,0.00,0.00,0.00,0.00,0.00,0.00,0.00,0.00,0.00,423638,450548,550306,441943,468884,566029,0,0,0,0,0,0,0,76254,0,95.36,95.42,95.47
250,1,0,0,0,97273,97273,97273,6,6,6,591,591,591,0.00,0.00,0.00,0.00,0.00,0.00,0.00,0.00,0.00,0.00,0.00,0.00,0.00,0.00,0.00,0.00,0.00,0.00,0.00,0.00,0.00,319695,344326,393071,338032,362670,411415,0,0,0,0,0,0,0,79443,0,99.21,99.26,99.33
250,2,0,0,0,97277,97277,97277,2,2,2,591,591,591,0.00,0.00,0.00,0.00,0.00,0.00,0.00,0.00,0.00,0.00,0.00,0.00,0.00,0.00,0.00,0.00,0.00,0.00,0.00,0.00,0.00,304030,326045,406243,322376,344392,424589,0,0,0,0,0,0,0,124599,0,155.80,155.87,155.99
250,3,0,0,0,97273,97273,97273,6,6,6,591,591,591,0.00,0.00,0.00,0.00,0.00,0.00,0.00,0.00,0.00,0.00,0.00,0.00,0.00,0.00,0.00,0.00,0.00,0.00,0.00,0.00,0.00,322321,348515,406129,340665,366858,424470,0,0,0,0,0,0,0,65845,0,82.30,82.38,82.58
251,0,0,0,0,97272,97272,97272,7,7,7,591,591,591,0.00,0.00,0.00,0.00,0.00,0.00,0.00,0.00,0.00,0.00,0.00,0.00,0.00,0.00,0.00,0.00,0.00,0.00,0.00,0.00,0.00,418358,660692,1103226,436661,679027,1124189,0,0,0,0,0,0,0,85767,0,95.32,95.36,95.39
251,1,0,0,0,97273,97273,97273,6,6,6,591,591,591,0.00,0.00,0.00,0.00,0.00,0.00,0.00,0.00,0.00,0.00,0.00,0.00,0.00,0.00,0.00,0.00,0.00,0.00,0.00,0.00,0.00,202631,316791,414033,214858,333885,432376,0,0,0,0,0,0,0,79335,0,99.18,99.24,99.35
251,2,0,0,0,97277,97277,97277,2,2,2,591,591,591,0.00,0.00,0.00,0.00,0.00,0.00,0.00,0.00,0.00,0.00,0.00,0.00,0.00,0.00,0.00,0.00,0.00,0.00,0.00,0.00,0.00,317072,349047,445477,335415,367391,463820,0,0,0,0,0,0,0,84928,0,116.84,138.79,155.79
251,3,0,0,0,97273,97273,97273,6,6,6,591,591,591,0.00,0.00,0.00,0.00,0.00,0.00,0.00,0.00,0.00,0.00,0.00,0.00,0.00,0.00,0.00,0.00,0.00,0.00,0.00,0.00,0.00,319701,341712,408796,335424,359531,424519,0,0,0,0,0,0,0,66229,0,82.45,82.71,82.86
252,0,0,0,0,97272,97272,97272,7,7,7,591,591,591,0.00,0.00,0.00,0.00,0.00,0.00,0.00,0.00,0.00,0.00,0.00,0.00,0.00,0.00,0.00,0.00,0.00,0.00,0.00,0.00,0.00,429754,510469,694426,448098,529336,715390,0,0,0,0,0,0,0,76103,0,95.17,95.23,95.31
252,1,0,0,0,97273,97273,97273,6,6,6,591,591,591,0.00,0.00,0.00,0.00,0.00,0.00,0.00,0.00,0.00,0.00,0.00,0.00,0.00,0.00,0.00,0.00,0.00,0.00,0.00,0.00,0.00,319696,353759,469055,338039,372626,487398,0,0,0,0,0,0,0,79206,0,99.03,99.11,99.16
252,2,0,0,0,97277,97277,97277,2,2,2,591,591,591,0.00,0.00,0.00,0.00,0.00,0.00,0.00,0.00,0.00,0.00,0.00,0.00,0.00,0.00,0.00,0.00,0.00,0.00,0.00,0.00,0.00,279510,333831,434996,291739,350872,450718,0,0,0,0,0,0,0,87028,0,96.71,98.40,105.01
252,3,0,0,0,97273,97273,97273,6,6,6,591,591,591,0.00,0.00,0.00,0.00,0.00,0.00,0.00,0.00,0.00,0.00,0.00,0.00,0.00,0.00,0.00,0.00,0.00,0.00,0.00,0.00,0.00,120540,392046,751232,138884,409608,763462,0,0,0,0,0,0,0,65878,0,82.44,82.60,82.80
253,0,0,0,0,97272,97272,97272,7,7,7,591,591,591,0.00,0.00,0.00,0.00,0.00,0.00,0.00,0.00,0.00,0.00,0.00,0.00,0.00,0.00,0.00,0.00,0.00,0.00,0.00,0.00,0.00,280822,419153,561014,292957,436259,579894,0,0,0,0,0,0,0,76178,0,95.24,95.31,95.34
253,1,0,0,0,97273,97273,97273,6,6,6,591,591,591,0.00,0.00,0.00,0.00,0.00,0.00,0.00,0.00,0.00,0.00,0.00,0.00,0.00,0.00,0.00,0.00,0.00,0.00,0.00,0.00,0.00,330180,439706,738966,351099,458048,754688,0,0,0,0,0,0,0,59383,0,98.98,99.02,99.11
253,2,0,0,0,97277,97277,97277,2,2,2,591,591,591,0.00,0.00,0.00,0.00,0.00,0.00,0.00,0.00,0.00,0.00,0.00,0.00,0.00,0.00,0.00,0.00,0.00,0.00,0.00,0.00,0.00,327560,562350,1118955,345904,580693,1137299,0,0,0,0,0,0,0,58113,0,96.63,96.71,96.81
253,3,0,0,0,97273,97273,97273,6,6,6,591,591,591,0.00,0.00,0.00,0.00,0.00,0.00,0.00,0.00,0.00,0.00,0.00,0.00,0.00,0.00,0.00,0.00,0.00,0.00,0.00,0.00,0.00,322322,346951,395683,340665,364770,411405,0,0,0,0,0,0,0,49706,0,82.45,82.62,82.81
254,0,0,0,0,97272,97272,97272,7,7,7,591,591,591,0.00,0.00,0.00,0.00,0.00,0.00,0.00,0.00,0.00,0.00,0.00,0.00,0.00,0.00,0.00,0.00,0.00,0.00,0.00,0.00,0.00,419279,449673,529340,437622,467492,547683,0,0,0,0,0,0,0,57090,0,95.20,95.22,95.24
254,1,0,0,0,97273,97273,97273,6,6,6,591,591,591,0.00,0.00,0.00,0.00,0.00,0.00,0.00,0.00,0.00,0.00,0.00,0.00,0.00,0.00,0.00,0.00,0.00,0.00,0.00,0.00,0.00,322312,347474,408793,340655,365293,427136,0,0,0,0,0,0,0,79275,0,98.98,99.07,99.14
254,2,0,0,0,97277,97277,97277,2,2,2,591,591,591,0.00,0.00,0.00,0.00,0.00,0.00,0.00,0.00,0.00,0.00,0.00,0.00,0.00,0.00,0.00,0.00,0.00,0.00,0.00,0.00,0.00,322303,346416,414034,338025,364235,432378,0,0,0,0,0,0,0,77598,0,96.90,96.97,97.03
254,3,0,0,0,97273,97273,97273,6,6,6,591,591,591,0.00,0.00,0.00,0.00,0.00,0.00,0.00,0.00,0.00,0.00,0.00,0.00,0.00,0.00,0.00,0.00,0.00,0.00,0.00,0.00,0.00,317076,343283,403561,335419,362150,421905,0,0,0,0,0,0,0,65897,0,82.44,82.60,82.78
255,0,0,0,0,97272,97272,97272,7,7,7,591,591,591,0.00,0.00,0.00,0.00,0.00,0.00,0.00,0.00,0.00,0.00,0.00,0.00,0.00,0.00,0.00,0.00,0.00,0.00,0.00,0.00,0.00,421885,655117,1184454,440228,673985,1200177,0,0,0,0,0,0,0,76194,0,95.24,95.27,95.29
255,1,0,0,0,97273,97273,97273,6,6,6,591,591,591,0.00,0.00,0.00,0.00,0.00,0.00,0.00,0.00,0.00,0.00,0.00,0.00,0.00,0.00,0.00,0.00,0.00,0.00,0.00,0.00,0.00,306488,365674,539814,324825,383980,558157,0,0,0,0,0,0,0,79262,0,98.98,99.04,99.08
255,2,0,0,0,97277,97277,97277,2,2,2,591,591,591,0.00,0.00,0.00,0.00,0.00,0.00,0.00,0.00,0.00,0.00,0.00,0.00,0.00,0.00,0.00,0.00,0.00,0.00,0.00,0.00,0.00,317078,346426,421896,338042,364770,440240,0,0,0,0,0,0,0,77605,0,97.03,97.04,97.06
255,3,0,0,0,97273,97273,97273,6,6,6,591,591,591,0.00,0.00,0.00,0.00,0.00,0.00,0.00,0.00,0.00,0.00,0.00,0.00,0.00,0.00,0.00,0.00,0.00,0.00,0.00,0.00,0.00,110040,307239,406130,128380,324998,424472,0,0,0,0,0,0,0,74371,0,82.39,82.53,82.76
256,0,0,0,0,97272,97272,97272,7,7,7,591,591,591,0.00,0.00,0.00,0.00,0.00,0.00,0.00,0.00,0.00,0.00,0.00,0.00,0.00,0.00,0.00,0.00,0.00,0.00,0.00,0.00,0.00,416646,450189,552927,434989,468008,568650,0,0,0,0,0,0,0,76183,0,95.30,95.31,95.33
256,1,0,0,0,97273,97273,97273,6,6,6,591,591,591,0.00,0.00,0.00,0.00,0.00,0.00,0.00,0.00,0.00,0.00,0.00,0.00,0.00,0.00,0.00,0.00,0.00,0.00,0.00,0.00,0.00,267289,333838,411409,283012,351656,429752,0,0,0,0,0,0,0,89127,0,99.07,99.10,99.11
256,2,0,0,0,97277,97277,97277,2,2,2,591,591,591,0.00,0.00,0.00,0.00,0.00,0.00,0.00,0.00,0.00,0.00,0.00,0.00,0.00,0.00,0.00,0.00,0.00,0.00,0.00,0.00,0.00,5240,381528,849033,23584,399813,867376,0,0,0,0,0,0,0,87299,0,97.04,97.07,97.08
256,3,0,0,0,97273,97273,97273,6,6,6,591,591,591,0.00,0.00,0.00,0.00,0.00,0.00,0.00,0.00,0.00,0.00,0.00,0.00,0.00,0.00,0.00,0.00,0.00,0.00,0.00,0.00,0.00,322336,458058,670831,340680,476401,686554,0,0,0,0,0,0,0,66156,0,82.80,82.90,82.95
257,0,0,0,0,97272,97272,97272,7,7,7,591,591,591,0.00,0.00,0.00,0.00,0.00,0.00,0.00,0.00,0.00,0.00,0.00,0.00,0.00,0.00,0.00,0.00,0.00,0.00,0.00,0.00,0.00,400820,476518,581745,416538,495292,600088,0,0,0,0,0,0,0,76180,0,95.28,95.30,95.33
257,1,0,0,0,97273,97273,97273,6,6,6,591,591,591,0.00,0.00,0.00,0.00,0.00,0.00,0.00,0.00,0.00,0.00,0.00,0.00,0.00,0.00,0.00,0.00,0.00,0.00,0.00,0.00,0.00,104818,394117,867366,125782,412460,883089,0,0,0,0,0,0,0,79118,0,99.02,99.05,99.11
257,2,0,0,0,97277,97277,97277,2,2,2,591,591,591,0.00,0.00,0.00,0.00,0.00,0.00,0.00,0.00,0.00,0.00,0.00,0.00,0.00,0.00,0.00,0.00,0.00,0.00,0.00,0.00,0.00,327562,397789,568643,343285,415609,589607,0,0,0,0,0,0,0,77355,0,96.78,96.88,96.99
257,3,0,0,0,97273,97273,97273,6,6,6,591,591,591,0.00,0.00,0.00,0.00,0.00,0.00,0.00,0.00,0.00,0.00,0.00,0.00,0.00,0.00,0.00,0.00,0.00,0.00,0.00,0.00,0.00,319700,346418,398313,340664,364761,416656,0,0,0,0,0,0,0,65907,0,82.48,82.56,82.71
258,0,0,0,0,97272,97272,97272,7,7,7,591,591,591,0.00,0.00,0.00,0.00,0.00,0.00,0.00,0.00,0.00,0.00,0.00,0.00,0.00,0.00,0.00,0.00,0.00,0.00,0.00,0.00,0.00,15722,440225,681256,31445,459092,699597,0,0,0,0,0,0,0,85686,0,95.24,95.26,95.28
258,1,0,0,0,97273,97273,97273,6,6,6,591,591,591,0.00,0.00,0.00,0.00,0.00,0.00,0.00,0.00,0.00,0.00,0.00,0.00,0.00,0.00,0.00,0.00,0.00,0.00,0.00,0.00,0.00,317038,472724,686556,335379,493164,715381,0,0,0,0,0,0,0,79119,0,98.95,98.97,98.99
258,2,0,0,0,97277,97277,97277,2,2,2,591,591,591,0.00,0.00,0.00,0.00,0.00,0.00,0.00,0.00,0.00,0.00,0.00,0.00,0.00,0.00,0.00,0.00,0.00,0.00,0.00,0.00,0.00,324936,422419,736348,343279,442858,762553,0,0,0,0,0,0,0,77311,0,96.73,96.74,96.76
258,3,0,0,0,97273,97273,97273,6,6,6,591,591,591,0.00,0.00,0.00,0.00,0.00,0.00,0.00,0.00,0.00,0.00,0.00,0.00,0.00,0.00,0.00,0.00,0.00,0.00,0.00,0.00,0.00,319701,409321,736358,340661,429237,762563,0,0,0,0,0,0,0,66285,0,82.62,82.79,82.85
259,0,0,0,0,97272,97272,97272,7,7,7,591,591,591,0.00,0.00,0.00,0.00,0.00,0.00,0.00,0.00,0.00,0.00,0.00,0.00,0.00,0.00,0.00,0.00,0.00,0.00,0.00,0.00,0.00,424520,600612,1097973,442864,618956,1116317,0,0,0,0,0,0,0,76219,0,95.22,95.30,95.35
259,1,0,0,0,97273,97273,97273,6,6,6,591,591,591,0.00,0.00,0.00,0.00,0.00,0.00,0.00,0.00,0.00,0.00,0.00,0.00,0.00,0.00,0.00,0.00,0.00,0.00,0.00,0.00,0.00,315833,345148,431683,336038,362890,450569,0,0,0,0,0,0,0,79279,0,98.94,99.05,99.12
259,2,0,0,0,97277,97277,97277,2,2,2,591,591,591,0.00,0.00,0.00,0.00,0.00,0.00,0.00,0.00,0.00,0.00,0.00,0.00,0.00,0.00,0.00,0.00,0.00,0.00,0.00,0.00,0.00,317084,342898,411371,338049,361162,427092,0,0,0,0,0,0,0,87020,0,96.70,96.72,96.73
259,3,0,0,0,97273,97273,97273,6,6,6,591,591,591,0.00,0.00,0.00,0.00,0.00,0.00,0.00,0.00,0.00,0.00,0.00,0.00,0.00,0.00,0.00,0.00,0.00,0.00,0.00,0.00,0.00,324940,455489,733917,340663,473114,751817,0,0,0,0,0,0,0,74119,0,82.45,82.57,82.74
260,0,0,0,0,97272,97272,97272,7,7,7,591,591,591,0.00,0.00,0.00,0.00,0.00,0.00,0.00,0.00,0.00,0.00,0.00,0.00,0.00,0.00,0.00,0.00,0.00,0.00,0.00,0.00,0.00,416662,462515,571262,435005,480858,589606,0,0,0,0,0,0,0,76179,0,95.19,95.23,95.27
260,1,0,0,0,97273,97273,97273,6,6,6,591,591,591,0.00,0.00,0.00,0.00,0.00,0.00,0.00,0.00,0.00,0.00,0.00,0.00,0.00,0.00,0.00,0.00,0.00,0.00,0.00,0.00,0.00,324931,366208,461200,343274,384551,482163,0,0,0,0,0,0,0,89175,0,98.95,99.02,99.07
260,2,0,0,0,97277,97277,97277,2,2,2,591,591,591,0.00,0.00,0.00,0.00,0.00,0.00,0.00,0.00,0.00,0.00,0.00,0.00,0.00,0.00,0.00,0.00,0.00,0.00,0.00,0.00,0.00,324942,501282,952642,340665,518962,969404,0,0,0,0,0,0,0,57886,0,96.62,96.68,96.74
260,3,0,0,0,97273,97273,97273,6,6,6,591,591,591,0.00,0.00,0.00,0.00,0.00,0.00,0.00,0.00,0.00,0.00,0.00,0.00,0.00,0.00,0.00,0.00,0.00,0.00,0.00,0.00,0.00,324940,389128,542380,343283,407470,560721,0,0,0,0,0,0,0,49845,0,82.52,82.73,83.00
