timestamp,gpuId,DCGM_FI_DEV_GPU_UTIL_min,DCGM_FI_DEV_GPU_UTIL_avg,DCGM_FI_DEV_GPU_UTIL_max,DCGM_FI_DEV_FB_FREE_min,DCGM_FI_DEV_FB_FREE_avg,DCGM_FI_DEV_FB_FREE_max,DCGM_FI_DEV_FB_USED_min,DCGM_FI_DEV_FB_USED_avg,DCGM_FI_DEV_FB_USED_max,DCGM_FI_DEV_FB_RESERVED_min,DCGM_FI_DEV_FB_RESERVED_avg,DCGM_FI_DEV_FB_RESERVED_max,DCGM_FI_PROF_SM_ACTIVE_min,DCGM_FI_PROF_SM_ACTIVE_avg,DCGM_FI_PROF_SM_ACTIVE_max,DCGM_FI_PROF_SM_OCCUPANCY_min,DCGM_FI_PROF_SM_OCCUPANCY_avg,DCGM_FI_PROF_SM_OCCUPANCY_max,DCGM_FI_PROF_PIPE_TENSOR_ACTIVE_min,DCGM_FI_PROF_PIPE_TENSOR_ACTIVE_avg,DCGM_FI_PROF_PIPE_TENSOR_ACTIVE_max,DCGM_FI_PROF_PIPE_FP64_ACTIVE_min,DCGM_FI_PROF_PIPE_FP64_ACTIVE_avg,DCGM_FI_PROF_PIPE_FP64_ACTIVE_max,DCGM_FI_PROF_PIPE_FP32_ACTIVE_min,DCGM_FI_PROF_PIPE_FP32_ACTIVE_avg,DCGM_FI_PROF_PIPE_FP32_ACTIVE_max,DCGM_FI_PROF_PIPE_FP16_ACTIVE_min,DCGM_FI_PROF_PIPE_FP16_ACTIVE_avg,DCGM_FI_PROF_PIPE_FP16_ACTIVE_max,DCGM_FI_PROF_DRAM_ACTIVE_min,DCGM_FI_PROF_DRAM_ACTIVE_avg,DCGM_FI_PROF_DRAM_ACTIVE_max,DCGM_FI_PROF_PCIE_TX_BYTES_min,DCGM_FI_PROF_PCIE_TX_BYTES_avg,DCGM_FI_PROF_PCIE_TX_BYTES_max,DCGM_FI_PROF_PCIE_RX_BYTES_min,DCGM_FI_PROF_PCIE_RX_BYTES_avg,DCGM_FI_PROF_PCIE_RX_BYTES_max,DCGM_FI_PROF_NVLINK_RX_BYTES_min,DCGM_FI_PROF_NVLINK_RX_BYTES_avg,DCGM_FI_PROF_NVLINK_RX_BYTES_max,DCGM_FI_PROF_NVLINK_TX_BYTES_min,DCGM_FI_PROF_NVLINK_TX_BYTES_avg,DCGM_FI_PROF_NVLINK_TX_BYTES_max,DCGM_FI_DEV_TOTAL_ENERGY_CONSUMPTION_min,DCGM_FI_DEV_TOTAL_ENERGY_CONSUMPTION_avg,DCGM_FI_DEV_TOTAL_ENERGY_CONSUMPTION_max,DCGM_FI_DEV_POWER_USAGE_min,DCGM_FI_DEV_POWER_USAGE_avg,DCGM_FI_DEV_POWER_USAGE_max
1,0,0,0,0,97265,97265,97265,14,14,14,591,591,591,0.00,0.00,0.00,0.00,0.00,0.00,0.00,0.00,0.00,0.00,0.00,0.00,0.00,0.00,0.00,0.00,0.00,0.00,0.00,0.00,0.00,327561,366941,408776,345904,382778,427118,0,0,0,0,0,0,0,67937,0,96.74,96.76,96.77
1,1,0,0,0,97267,97267,97267,12,12,12,591,591,591,0.00,0.00,0.00,0.00,0.00,0.00,0.00,0.00,0.00,0.00,0.00,0.00,0.00,0.00,0.00,0.00,0.00,0.00,0.00,0.00,0.00,466390,824716,1427097,484732,841297,1444716,0,0,0,0,0,0,0,59930,0,99.65,99.69,99.71
1,2,0,0,0,97269,97269,97269,10,10,10,591,591,591,0.00,0.00,0.00,0.00,0.00,0.00,0.00,0.00,0.00,0.00,0.00,0.00,0.00,0.00,0.00,0.00,0.00,0.00,0.00,0.00,0.00,322320,490532,599486,340663,507599,613192,0,0,0,0,0,0,0,58076,0,96.50,96.55,96.58
1,3,0,0,0,97270,97270,97270,9,9,9,591,591,591,0.00,0.00,0.00,0.00,0.00,0.00,0.00,0.00,0.00,0.00,0.00,0.00,0.00,0.00,0.00,0.00,0.00,0.00,0.00,0.00,0.00,327582,438591,708820,343306,455500,724051,0,0,0,0,0,0,0,55465,0,92.39,92.45,92.51
2,0,0,0,0,97265,97265,97265,14,14,14,591,591,591,0.00,0.00,0.00,0.00,0.00,0.00,0.00,0.00,0.00,0.00,0.00,0.00,0.00,0.00,0.00,0.00,0.00,0.00,0.00,0.00,0.00,311740,503388,1074408,332698,522217,1090131,0,0,0,0,0,0,0,77747,0,96.79,96.86,96.94
2,1,0,0,0,97267,97267,97267,12,12,12,591,591,591,0.00,0.00,0.00,0.00,0.00,0.00,0.00,0.00,0.00,0.00,0.00,0.00,0.00,0.00,0.00,0.00,0.00,0.00,0.00,0.00,0.00,434990,466970,531962,455953,485837,550305,0,0,0,0,0,0,0,79944,0,99.73,99.79,99.81
2,2,0,0,0,97269,97269,97269,10,10,10,591,591,591,0.00,0.00,0.00,0.00,0.00,0.00,0.00,0.00,0.00,0.00,0.00,0.00,0.00,0.00,0.00,0.00,0.00,0.00,0.00,0.00,0.00,317072,368220,497905,336664,386491,513628,0,0,0,0,0,0,0,77472,0,96.44,96.51,96.56
2,3,0,0,0,97270,97270,97270,9,9,9,591,591,591,0.00,0.00,0.00,0.00,0.00,0.00,0.00,0.00,0.00,0.00,0.00,0.00,0.00,0.00,0.00,0.00,0.00,0.00,0.00,0.00,0.00,327558,399340,615790,348522,417658,631512,0,0,0,0,0,0,0,74066,0,92.25,92.35,92.42
3,0,0,0,0,97265,97265,97265,14,14,14,591,591,591,0.00,0.00,0.00,0.00,0.00,0.00,0.00,0.00,0.00,0.00,0.00,0.00,0.00,0.00,0.00,0.00,0.00,0.00,0.00,0.00,0.00,324943,346954,379973,343287,364774,398317,0,0,0,0,0,0,0,77559,0,96.78,96.90,96.99
3,1,0,0,0,97267,97267,97267,12,12,12,591,591,591,0.00,0.00,0.00,0.00,0.00,0.00,0.00,0.00,0.00,0.00,0.00,0.00,0.00,0.00,0.00,0.00,0.00,0.00,0.00,0.00,0.00,421900,443387,484792,440243,461206,500515,0,0,0,0,0,0,0,79945,0,99.80,99.85,99.88
3,2,0,0,0,97269,97269,97269,10,10,10,591,591,591,0.00,0.00,0.00,0.00,0.00,0.00,0.00,0.00,0.00,0.00,0.00,0.00,0.00,0.00,0.00,0.00,0.00,0.00,0.00,0.00,0.00,2620,279340,369487,18343,297160,387831,0,0,0,0,0,0,0,87337,0,96.57,96.60,96.67
3,3,0,0,0,97270,97270,97270,9,9,9,591,591,591,0.00,0.00,0.00,0.00,0.00,0.00,0.00,0.00,0.00,0.00,0.00,0.00,0.00,0.00,0.00,0.00,0.00,0.00,0.00,0.00,0.00,5241,279320,382596,23584,297662,400939,0,0,0,0,0,0,0,83273,0,92.34,92.41,92.47
4,0,0,0,0,97265,97265,97265,14,14,14,591,591,591,0.00,0.00,0.00,0.00,0.00,0.00,0.00,0.00,0.00,0.00,0.00,0.00,0.00,0.00,0.00,0.00,0.00,0.00,0.00,0.00,0.00,317070,342758,377347,335413,361102,395691,0,0,0,0,0,0,0,77569,0,96.71,96.75,96.78
4,1,0,0,0,97267,97267,97267,12,12,12,591,591,591,0.00,0.00,0.00,0.00,0.00,0.00,0.00,0.00,0.00,0.00,0.00,0.00,0.00,0.00,0.00,0.00,0.00,0.00,0.00,0.00,0.00,424528,460147,524079,445484,478491,542422,0,0,0,0,0,0,0,90480,0,99.79,100.05,100.28
4,2,0,0,0,97269,97269,97269,10,10,10,591,591,591,0.00,0.00,0.00,0.00,0.00,0.00,0.00,0.00,0.00,0.00,0.00,0.00,0.00,0.00,0.00,0.00,0.00,0.00,0.00,0.00,0.00,330178,488446,1032458,351141,507313,1050801,0,0,0,0,0,0,0,77533,0,96.66,96.71,96.73
4,3,0,0,0,97270,97270,97270,9,9,9,591,591,591,0.00,0.00,0.00,0.00,0.00,0.00,0.00,0.00,0.00,0.00,0.00,0.00,0.00,0.00,0.00,0.00,0.00,0.00,0.00,0.00,0.00,335429,414565,657744,353772,432908,676088,0,0,0,0,0,0,0,74093,0,92.38,92.42,92.49
5,0,0,0,0,97265,97265,97265,14,14,14,591,591,591,0.00,0.00,0.00,0.00,0.00,0.00,0.00,0.00,0.00,0.00,0.00,0.00,0.00,0.00,0.00,0.00,0.00,0.00,0.00,0.00,0.00,7861,277764,369495,23584,295583,387838,0,0,0,0,0,0,0,87353,0,96.63,96.69,96.71
5,1,0,0,0,97267,97267,97267,12,12,12,591,591,591,0.00,0.00,0.00,0.00,0.00,0.00,0.00,0.00,0.00,0.00,0.00,0.00,0.00,0.00,0.00,0.00,0.00,0.00,0.00,0.00,0.00,10481,551910,1322167,28824,570183,1340138,0,0,0,0,0,0,0,79975,0,99.79,99.98,100.27
5,2,0,0,0,97269,97269,97269,10,10,10,591,591,591,0.00,0.00,0.00,0.00,0.00,0.00,0.00,0.00,0.00,0.00,0.00,0.00,0.00,0.00,0.00,0.00,0.00,0.00,0.00,0.00,0.00,324940,429756,607947,343283,447575,626290,0,0,0,0,0,0,0,58187,0,96.54,96.56,96.59
5,3,0,0,0,97270,97270,97270,9,9,9,591,591,591,0.00,0.00,0.00,0.00,0.00,0.00,0.00,0.00,0.00,0.00,0.00,0.00,0.00,0.00,0.00,0.00,0.00,0.00,0.00,0.00,0.00,332806,402498,605273,353770,420841,623614,0,0,0,0,0,0,0,55701,0,92.51,92.56,92.63
6,0,0,0,0,97265,97265,97265,14,14,14,591,591,591,0.00,0.00,0.00,0.00,0.00,0.00,0.00,0.00,0.00,0.00,0.00,0.00,0.00,0.00,0.00,0.00,0.00,0.00,0.00,0.00,0.00,320619,482868,1069167,338574,501168,1087510,0,0,0,0,0,0,0,58317,0,96.79,96.85,96.90
6,1,0,0,0,97267,97267,97267,12,12,12,591,591,591,0.00,0.00,0.00,0.00,0.00,0.00,0.00,0.00,0.00,0.00,0.00,0.00,0.00,0.00,0.00,0.00,0.00,0.00,0.00,0.00,0.00,427143,458577,508376,442866,476920,526719,0,0,0,0,0,0,0,60031,0,99.75,99.76,99.79
6,2,0,0,0,97269,97269,97269,10,10,10,591,591,591,0.00,0.00,0.00,0.00,0.00,0.00,0.00,0.00,0.00,0.00,0.00,0.00,0.00,0.00,0.00,0.00,0.00,0.00,0.00,0.00,0.00,315662,339304,368211,331060,357586,386816,0,0,0,0,0,0,0,77384,0,96.43,96.46,96.50
6,3,0,0,0,97270,97270,97270,9,9,9,591,591,591,0.00,0.00,0.00,0.00,0.00,0.00,0.00,0.00,0.00,0.00,0.00,0.00,0.00,0.00,0.00,0.00,0.00,0.00,0.00,0.00,0.00,318606,340714,378271,334670,358448,396284,0,0,0,0,0,0,0,74158,0,92.55,92.59,92.61
7,0,0,0,0,97265,97265,97265,14,14,14,591,591,591,0.00,0.00,0.00,0.00,0.00,0.00,0.00,0.00,0.00,0.00,0.00,0.00,0.00,0.00,0.00,0.00,0.00,0.00,0.00,0.00,0.00,327509,362670,435007,345849,381013,455972,0,0,0,0,0,0,0,77694,0,96.94,96.99,97.02
7,1,0,0,0,97267,97267,97267,12,12,12,591,591,591,0.00,0.00,0.00,0.00,0.00,0.00,0.00,0.00,0.00,0.00,0.00,0.00,0.00,0.00,0.00,0.00,0.00,0.00,0.00,0.00,0.00,429759,462777,511001,448104,481120,529344,0,0,0,0,0,0,0,80026,0,99.78,99.83,99.88
7,2,0,0,0,97269,97269,97269,10,10,10,591,591,591,0.00,0.00,0.00,0.00,0.00,0.00,0.00,0.00,0.00,0.00,0.00,0.00,0.00,0.00,0.00,0.00,0.00,0.00,0.00,0.00,0.00,319664,492638,1003623,338005,510981,1019346,0,0,0,0,0,0,0,77316,0,96.38,96.44,96.47
7,3,0,0,0,97270,97270,97270,9,9,9,591,591,591,0.00,0.00,0.00,0.00,0.00,0.00,0.00,0.00,0.00,0.00,0.00,0.00,0.00,0.00,0.00,0.00,0.00,0.00,0.00,0.00,0.00,317084,422423,736378,335428,440766,754722,0,0,0,0,0,0,0,74282,0,92.64,92.72,92.79
8,0,0,0,0,97265,97265,97265,14,14,14,591,591,591,0.00,0.00,0.00,0.00,0.00,0.00,0.00,0.00,0.00,0.00,0.00,0.00,0.00,0.00,0.00,0.00,0.00,0.00,0.00,0.00,0.00,332787,413513,657758,348509,433429,681343,0,0,0,0,0,0,0,77611,0,96.83,96.87,96.91
8,1,0,0,0,97267,97267,97267,12,12,12,591,591,591,0.00,0.00,0.00,0.00,0.00,0.00,0.00,0.00,0.00,0.00,0.00,0.00,0.00,0.00,0.00,0.00,0.00,0.00,0.00,0.00,0.00,151987,618433,1425547,172951,636951,1449132,0,0,0,0,0,0,0,89943,0,99.71,99.75,99.80
8,2,0,0,0,97269,97269,97269,10,10,10,591,591,591,0.00,0.00,0.00,0.00,0.00,0.00,0.00,0.00,0.00,0.00,0.00,0.00,0.00,0.00,0.00,0.00,0.00,0.00,0.00,0.00,0.00,319702,442333,814957,340666,461725,835921,0,0,0,0,0,0,0,77414,0,96.44,96.48,96.52
8,3,0,0,0,97270,97270,97270,9,9,9,591,591,591,0.00,0.00,0.00,0.00,0.00,0.00,0.00,0.00,0.00,0.00,0.00,0.00,0.00,0.00,0.00,0.00,0.00,0.00,0.00,0.00,0.00,327564,346418,377315,345908,365285,395657,0,0,0,0,0,0,0,74040,0,92.39,92.51,92.67
9,0,0,0,0,97265,97265,97265,14,14,14,591,591,591,0.00,0.00,0.00,0.00,0.00,0.00,0.00,0.00,0.00,0.00,0.00,0.00,0.00,0.00,0.00,0.00,0.00,0.00,0.00,0.00,0.00,10481,465392,1053448,28824,482512,1074412,0,0,0,0,0,0,0,87196,0,96.67,96.74,96.83
9,1,0,0,0,97267,97267,97267,12,12,12,591,591,591,0.00,0.00,0.00,0.00,0.00,0.00,0.00,0.00,0.00,0.00,0.00,0.00,0.00,0.00,0.00,0.00,0.00,0.00,0.00,0.00,0.00,417719,487818,602666,436463,506101,620694,0,0,0,0,0,0,0,79806,0,99.61,99.63,99.69
9,2,0,0,0,97269,97269,97269,10,10,10,591,591,591,0.00,0.00,0.00,0.00,0.00,0.00,0.00,0.00,0.00,0.00,0.00,0.00,0.00,0.00,0.00,0.00,0.00,0.00,0.00,0.00,0.00,253825,364167,492656,265912,381783,511000,0,0,0,0,0,0,0,77510,0,96.39,96.46,96.55
9,3,0,0,0,97270,97270,97270,9,9,9,591,591,591,0.00,0.00,0.00,0.00,0.00,0.00,0.00,0.00,0.00,0.00,0.00,0.00,0.00,0.00,0.00,0.00,0.00,0.00,0.00,0.00,0.00,324953,458589,657771,343297,477981,681356,0,0,0,0,0,0,0,74074,0,92.40,92.44,92.47
10,0,0,0,0,97265,97265,97265,14,14,14,591,591,591,0.00,0.00,0.00,0.00,0.00,0.00,0.00,0.00,0.00,0.00,0.00,0.00,0.00,0.00,0.00,0.00,0.00,0.00,0.00,0.00,0.00,321203,355265,412368,339048,374086,431234,0,0,0,0,0,0,0,77695,0,96.68,96.77,96.87
10,1,0,0,0,97267,97267,97267,12,12,12,591,591,591,0.00,0.00,0.00,0.00,0.00,0.00,0.00,0.00,0.00,0.00,0.00,0.00,0.00,0.00,0.00,0.00,0.00,0.00,0.00,0.00,0.00,427143,455966,511009,442866,473785,529353,0,0,0,0,0,0,0,79888,0,99.57,99.58,99.61
10,2,0,0,0,97269,97269,97269,10,10,10,591,591,591,0.00,0.00,0.00,0.00,0.00,0.00,0.00,0.00,0.00,0.00,0.00,0.00,0.00,0.00,0.00,0.00,0.00,0.00,0.00,0.00,0.00,332269,480523,1019359,351026,498868,1037702,0,0,0,0,0,0,0,87179,0,96.50,96.56,96.65
10,3,0,0,0,97270,97270,97270,9,9,9,591,591,591,0.00,0.00,0.00,0.00,0.00,0.00,0.00,0.00,0.00,0.00,0.00,0.00,0.00,0.00,0.00,0.00,0.00,0.00,0.00,0.00,0.00,207885,379078,610509,218367,396305,626230,0,0,0,0,0,0,0,84054,0,92.32,92.50,92.80
11,0,0,0,0,97265,97265,97265,14,14,14,591,591,591,0.00,0.00,0.00,0.00,0.00,0.00,0.00,0.00,0.00,0.00,0.00,0.00,0.00,0.00,0.00,0.00,0.00,0.00,0.00,0.00,0.00,327553,341711,369483,343295,360054,387826,0,0,0,0,0,0,0,77554,0,96.74,96.80,96.89
11,1,0,0,0,97267,97267,97267,12,12,12,591,591,591,0.00,0.00,0.00,0.00,0.00,0.00,0.00,0.00,0.00,0.00,0.00,0.00,0.00,0.00,0.00,0.00,0.00,0.00,0.00,0.00,0.00,432385,487750,572995,450729,504870,585224,0,0,0,0,0,0,0,79959,0,99.64,99.70,99.73
11,2,0,0,0,97269,97269,97269,10,10,10,591,591,591,0.00,0.00,0.00,0.00,0.00,0.00,0.00,0.00,0.00,0.00,0.00,0.00,0.00,0.00,0.00,0.00,0.00,0.00,0.00,0.00,0.00,324938,357430,403556,343281,375774,421900,0,0,0,0,0,0,0,77416,0,96.39,96.44,96.48
11,3,0,0,0,97270,97270,97270,9,9,9,591,591,591,0.00,0.00,0.00,0.00,0.00,0.00,0.00,0.00,0.00,0.00,0.00,0.00,0.00,0.00,0.00,0.00,0.00,0.00,0.00,0.00,0.00,327558,358485,400940,348522,376828,419283,0,0,0,0,0,0,0,74881,0,93.16,93.42,93.60
12,0,0,0,0,97265,97265,97265,14,14,14,591,591,591,0.00,0.00,0.00,0.00,0.00,0.00,0.00,0.00,0.00,0.00,0.00,0.00,0.00,0.00,0.00,0.00,0.00,0.00,0.00,0.00,0.00,330190,374061,429753,345913,390656,443729,0,0,0,0,0,0,0,87319,0,96.73,96.77,96.84
12,1,0,0,0,97267,97267,97267,12,12,12,591,591,591,0.00,0.00,0.00,0.00,0.00,0.00,0.00,0.00,0.00,0.00,0.00,0.00,0.00,0.00,0.00,0.00,0.00,0.00,0.00,0.00,0.00,7861,595513,1373144,23583,613201,1394108,0,0,0,0,0,0,0,79784,0,99.62,99.64,99.70
12,2,0,0,0,97269,97269,97269,10,10,10,591,591,591,0.00,0.00,0.00,0.00,0.00,0.00,0.00,0.00,0.00,0.00,0.00,0.00,0.00,0.00,0.00,0.00,0.00,0.00,0.00,0.00,0.00,319697,442188,620987,338041,460531,639329,0,0,0,0,0,0,0,58069,0,96.36,96.38,96.41
12,3,0,0,0,97270,97270,97270,9,9,9,591,591,591,0.00,0.00,0.00,0.00,0.00,0.00,0.00,0.00,0.00,0.00,0.00,0.00,0.00,0.00,0.00,0.00,0.00,0.00,0.00,0.00,0.00,327564,396351,584365,345908,414695,602708,0,0,0,0,0,0,0,55529,0,92.55,92.86,93.18
13,0,0,0,0,97265,97265,97265,14,14,14,591,591,591,0.00,0.00,0.00,0.00,0.00,0.00,0.00,0.00,0.00,0.00,0.00,0.00,0.00,0.00,0.00,0.00,0.00,0.00,0.00,0.00,0.00,5241,432906,1024612,23584,450725,1042955,0,0,0,0,0,0,0,58151,0,96.71,96.78,96.84
13,1,0,0,0,97267,97267,97267,12,12,12,591,591,591,0.00,0.00,0.00,0.00,0.00,0.00,0.00,0.00,0.00,0.00,0.00,0.00,0.00,0.00,0.00,0.00,0.00,0.00,0.00,0.00,0.00,417703,464466,542449,436446,482754,560792,0,0,0,0,0,0,0,59856,0,99.66,99.69,99.71
13,2,0,0,0,97269,97269,97269,10,10,10,591,591,591,0.00,0.00,0.00,0.00,0.00,0.00,0.00,0.00,0.00,0.00,0.00,0.00,0.00,0.00,0.00,0.00,0.00,0.00,0.00,0.00,0.00,235139,313516,382590,245513,330189,403554,0,0,0,0,0,0,0,77462,0,96.36,96.41,96.46
13,3,0,0,0,97270,97270,97270,9,9,9,591,591,591,0.00,0.00,0.00,0.00,0.00,0.00,0.00,0.00,0.00,0.00,0.00,0.00,0.00,0.00,0.00,0.00,0.00,0.00,0.00,0.00,0.00,322324,345899,382551,340668,364242,398273,0,0,0,0,0,0,0,73897,0,92.24,92.32,92.42
14,0,0,0,0,97265,97265,97265,14,14,14,591,591,591,0.00,0.00,0.00,0.00,0.00,0.00,0.00,0.00,0.00,0.00,0.00,0.00,0.00,0.00,0.00,0.00,0.00,0.00,0.00,0.00,0.00,323369,345505,380995,341334,363763,398894,0,0,0,0,0,0,0,77714,0,96.83,96.92,96.99
14,1,0,0,0,97267,97267,97267,12,12,12,591,591,591,0.00,0.00,0.00,0.00,0.00,0.00,0.00,0.00,0.00,0.00,0.00,0.00,0.00,0.00,0.00,0.00,0.00,0.00,0.00,0.00,0.00,432369,450712,463816,450712,469055,482159,0,0,0,0,0,0,0,80060,0,99.71,99.81,99.90
14,2,0,0,0,97269,97269,97269,10,10,10,591,591,591,0.00,0.00,0.00,0.00,0.00,0.00,0.00,0.00,0.00,0.00,0.00,0.00,0.00,0.00,0.00,0.00,0.00,0.00,0.00,0.00,0.00,313269,496593,1011485,334689,515027,1032448,0,0,0,0,0,0,0,77383,0,96.56,96.61,96.66
14,3,0,0,0,97270,97270,97270,9,9,9,591,591,591,0.00,0.00,0.00,0.00,0.00,0.00,0.00,0.00,0.00,0.00,0.00,0.00,0.00,0.00,0.00,0.00,0.00,0.00,0.00,0.00,0.00,246293,390937,736388,258520,407996,754732,0,0,0,0,0,0,0,74321,0,92.35,92.71,92.91
15,0,0,0,0,97265,97265,97265,14,14,14,591,591,591,0.00,0.00,0.00,0.00,0.00,0.00,0.00,0.00,0.00,0.00,0.00,0.00,0.00,0.00,0.00,0.00,0.00,0.00,0.00,0.00,0.00,324941,347993,377355,343285,366337,395699,0,0,0,0,0,0,0,77707,0,96.92,96.95,96.98
15,1,0,0,0,97267,97267,97267,12,12,12,591,591,591,0.00,0.00,0.00,0.00,0.00,0.00,0.00,0.00,0.00,0.00,0.00,0.00,0.00,0.00,0.00,0.00,0.00,0.00,0.00,0.00,0.00,432371,486887,576502,450714,503833,590478,0,0,0,0,0,0,0,89899,0,99.64,99.72,99.85
15,2,0,0,0,97269,97269,97269,10,10,10,591,591,591,0.00,0.00,0.00,0.00,0.00,0.00,0.00,0.00,0.00,0.00,0.00,0.00,0.00,0.00,0.00,0.00,0.00,0.00,0.00,0.00,0.00,322316,401978,621051,340659,420846,639395,0,0,0,0,0,0,0,77555,0,96.53,96.56,96.60
15,3,0,0,0,97270,97270,97270,9,9,9,591,591,591,0.00,0.00,0.00,0.00,0.00,0.00,0.00,0.00,0.00,0.00,0.00,0.00,0.00,0.00,0.00,0.00,0.00,0.00,0.00,0.00,0.00,327525,338561,364264,345866,356904,382608,0,0,0,0,0,0,0,74622,0,92.68,92.75,92.95
16,0,0,0,0,97265,97265,97265,14,14,14,591,591,591,0.00,0.00,0.00,0.00,0.00,0.00,0.00,0.00,0.00,0.00,0.00,0.00,0.00,0.00,0.00,0.00,0.00,0.00,0.00,0.00,0.00,359007,1195576,3624062,374735,402095,454202,0,0,0,0,0,0,0,68033,0,97.00,97.02,97.06
16,1,0,0,0,97267,97267,97267,12,12,12,591,591,591,0.00,0.00,0.00,0.00,0.00,0.00,0.00,0.00,0.00,0.00,0.00,0.00,0.00,0.00,0.00,0.00,0.00,0.00,0.00,0.00,0.00,2620,649013,1533001,18343,667357,1553965,0,0,0,0,0,0,0,60040,0,99.71,99.77,99.83
16,2,0,0,0,97269,97269,97269,10,10,10,591,591,591,0.00,0.00,0.00,0.00,0.00,0.00,0.00,0.00,0.00,0.00,0.00,0.00,0.00,0.00,0.00,0.00,0.00,0.00,0.00,0.00,0.00,322313,380843,484795,340656,386301,503139,0,0,0,0,0,0,0,58139,0,96.58,96.61,96.62
16,3,0,0,0,97270,97270,97270,9,9,10,591,591,591,0.00,0.00,0.00,0.00,0.00,0.00,0.00,0.00,0.00,0.00,0.00,0.00,0.00,0.00,0.00,0.00,0.00,0.00,0.00,0.00,0.00,330181,410545,568638,348524,428016,586982,0,0,0,0,0,0,0,37448,0,92.99,93.16,93.39
18,0,0,0,0,97263,97264,97265,14,16,17,591,591,591,0.00,0.00,0.00,0.00,0.00,0.00,0.00,0.00,0.00,0.00,0.00,0.00,0.00,0.00,0.00,0.00,0.00,0.00,0.00,0.00,0.00,3185792,5686651,8187510,3229477,5781993,8334509,0,0,0,0,0,0,0,19434,0,96.90,96.93,96.96
18,1,0,0,0,97265,97266,97267,12,12,12,591,591,591,0.00,0.00,0.00,0.00,0.00,0.00,0.00,0.00,0.00,0.00,0.00,0.00,0.00,0.00,0.00,0.00,0.00,0.00,0.00,0.00,0.00,2640070,3051783,3463496,2689329,3127187,3565045,0,0,0,0,0,0,0,30029,0,99.85,99.86,99.86
18,2,0,0,0,97269,97269,97269,10,10,10,591,591,591,0.00,0.00,0.00,0.00,0.00,0.00,0.00,0.00,0.00,0.00,0.00,0.00,0.00,0.00,0.00,0.00,0.00,0.00,0.00,0.00,0.00,1259576,2205700,3151824,1348672,2273824,3198976,0,0,0,0,0,0,0,19492,0,96.66,96.67,96.67
18,3,0,0,0,97269,97269,97269,10,10,10,591,591,591,0.00,0.00,0.00,0.00,0.00,0.00,0.00,0.00,0.00,0.00,0.00,0.00,0.00,0.00,0.00,0.00,0.00,0.00,0.00,0.00,0.00,0,3721985,7443971,0,3756048,7512096,0,0,0,0,0,0,0,28161,0,93.57,93.61,93.66
19,0,0,0,0,97263,97263,97263,17,17,17,591,591,591,0.00,0.00,0.00,0.00,0.00,0.00,0.00,0.00,0.00,0.00,0.00,0.00,0.00,0.00,0.00,0.00,0.00,0.00,0.00,0.00,0.00,1058557,2676759,4294961,1165985,2759294,4352603,0,0,0,0,0,0,0,19414,0,96.86,96.89,96.92
19,1,0,0,0,97265,97265,97265,14,14,14,591,591,591,0.00,0.00,0.00,0.00,0.00,0.00,0.00,0.00,0.00,0.00,0.00,0.00,0.00,0.00,0.00,0.00,0.00,0.00,0.00,0.00,0.00,2439690,4171525,5903361,2562854,4274708,5986562,0,0,0,0,0,0,0,19976,0,99.66,99.69,99.72
19,2,0,0,0,97269,97269,97269,10,10,10,591,591,591,0.00,0.00,0.00,0.00,0.00,0.00,0.00,0.00,0.00,0.00,0.00,0.00,0.00,0.00,0.00,0.00,0.00,0.00,0.00,0.00,0.00,0,2757275,5514551,0,2787630,5575261,0,0,0,0,0,0,0,29178,0,96.54,96.55,96.55
19,3,0,0,0,97269,97269,97269,10,10,10,591,591,591,0.00,0.00,0.00,0.00,0.00,0.00,0.00,0.00,0.00,0.00,0.00,0.00,0.00,0.00,0.00,0.00,0.00,0.00,0.00,0.00,0.00,1930160,4075221,6220282,1968802,4178458,6388114,0,0,0,0,0,0,0,18592,0,92.83,92.96,93.08
20,0,0,0,0,97263,97263,97263,17,17,17,591,591,591,0.00,0.00,0.00,0.00,0.00,0.00,0.00,0.00,0.00,0.00,0.00,0.00,0.00,0.00,0.00,0.00,0.00,0.00,0.00,0.00,0.00,368615,2168862,3969110,440242,2262306,4084370,0,0,0,0,0,0,0,28942,0,96.68,96.75,96.81
20,1,0,0,0,97265,97265,97265,14,14,14,591,591,591,0.00,0.00,0.00,0.00,0.00,0.00,0.00,0.00,0.00,0.00,0.00,0.00,0.00,0.00,0.00,0.00,0.00,0.00,0.00,0.00,0.00,1925464,4355502,6785540,2006128,4432569,6859011,0,0,0,0,0,0,0,29859,0,99.54,99.54,99.54
20,2,0,0,0,97267,97267,97267,12,12,12,591,591,591,0.00,0.00,0.00,0.00,0.00,0.00,0.00,0.00,0.00,0.00,0.00,0.00,0.00,0.00,0.00,0.00,0.00,0.00,0.00,0.00,0.00,4353456,5997220,7640984,4547408,6178833,7810259,0,0,0,0,0,0,0,28991,0,96.70,96.71,96.72
20,3,0,0,0,97269,97269,97269,10,10,10,591,591,591,0.00,0.00,0.00,0.00,0.00,0.00,0.00,0.00,0.00,0.00,0.00,0.00,0.00,0.00,0.00,0.00,0.00,0.00,0.00,0.00,0.00,0,2839965,5679931,20964,2915469,5809974,0,0,0,0,0,0,0,27821,0,92.60,92.61,92.62
22,0,0,0,0,97263,97263,97263,17,17,17,591,591,591,0.00,0.00,0.00,0.00,0.00,0.00,0.00,0.00,0.00,0.00,0.00,0.00,0.00,0.00,0.00,0.00,0.00,0.00,0.00,0.00,0.00,1145159,2027879,2738976,597477,1759200,2780317,0,0,0,0,0,0,0,38957,0,96.88,96.93,96.98
22,1,0,0,0,97265,97265,97265,14,14,14,591,591,591,0.00,0.00,0.00,0.00,0.00,0.00,0.00,0.00,0.00,0.00,0.00,0.00,0.00,0.00,0.00,0.00,0.00,0.00,0.00,0.00,0.00,2414890,2734416,3090857,117925,2176935,3144577,0,0,0,0,0,0,0,50173,0,99.68,99.73,99.82
22,2,0,0,0,97267,97267,97267,12,12,12,591,591,591,0.00,0.00,0.00,0.00,0.00,0.00,0.00,0.00,0.00,0.00,0.00,0.00,0.00,0.00,0.00,0.00,0.00,0.00,0.00,0.00,0.00,927613,2660719,3595312,995743,2789980,3721298,0,0,0,0,0,0,0,38804,0,96.59,96.61,96.62
22,3,0,0,0,97267,97267,97267,12,12,12,591,591,591,0.00,0.00,0.00,0.00,0.00,0.00,0.00,0.00,0.00,0.00,0.00,0.00,0.00,0.00,0.00,0.00,0.00,0.00,0.00,0.00,0.00,3149782,5107549,8296380,3367279,5255750,8458849,0,0,0,0,0,0,0,37677,0,92.33,92.61,92.96
23,0,0,0,0,97263,97263,97263,17,17,17,591,591,591,0.00,0.00,0.00,0.00,0.00,0.00,0.00,0.00,0.00,0.00,0.00,0.00,0.00,0.00,0.00,0.00,0.00,0.00,0.00,0.00,0.00,112678,499991,1027236,125781,478502,1037718,0,0,0,0,0,0,0,87425,0,96.96,97.02,97.10
23,1,0,0,0,97265,97265,97265,14,14,14,591,591,591,0.00,0.00,0.00,0.00,0.00,0.00,0.00,0.00,0.00,0.00,0.00,0.00,0.00,0.00,0.00,0.00,0.00,0.00,0.00,0.00,0.00,104822,580178,1383608,450727,689714,1396711,0,0,0,0,0,0,0,79880,0,99.88,99.97,100.06
23,2,0,0,0,97267,97267,97267,12,12,12,591,591,591,0.00,0.00,0.00,0.00,0.00,0.00,0.00,0.00,0.00,0.00,0.00,0.00,0.00,0.00,0.00,0.00,0.00,0.00,0.00,0.00,0.00,322318,413506,613188,335420,427657,628911,0,0,0,0,0,0,0,77673,0,96.66,96.72,96.77
23,3,0,0,0,97267,97267,97267,12,12,12,591,591,591,0.00,0.00,0.00,0.00,0.00,0.00,0.00,0.00,0.00,0.00,0.00,0.00,0.00,0.00,0.00,0.00,0.00,0.00,0.00,0.00,0.00,2620,434975,1155507,15722,448078,1171229,0,0,0,0,0,0,0,74977,0,93.40,93.91,94.29
24,0,0,0,0,97263,97263,97263,17,17,17,591,591,591,0.00,0.00,0.00,0.00,0.00,0.00,0.00,0.00,0.00,0.00,0.00,0.00,0.00,0.00,0.00,0.00,0.00,0.00,0.00,0.00,0.00,324933,368440,416660,338035,372100,429763,0,0,0,0,0,0,0,77642,0,96.75,96.81,96.91
24,1,0,0,0,97265,97265,97265,14,14,14,591,591,591,0.00,0.00,0.00,0.00,0.00,0.00,0.00,0.00,0.00,0.00,0.00,0.00,0.00,0.00,0.00,0.00,0.00,0.00,0.00,0.00,0.00,429715,485308,586993,442816,473255,505759,0,0,0,0,0,0,0,79934,0,99.66,99.69,99.75
24,2,0,0,0,97267,97267,97267,12,12,12,591,591,591,0.00,0.00,0.00,0.00,0.00,0.00,0.00,0.00,0.00,0.00,0.00,0.00,0.00,0.00,0.00,0.00,0.00,0.00,0.00,0.00,0.00,319693,342746,400925,335416,356372,414028,0,0,0,0,0,0,0,77534,0,96.59,96.64,96.66
24,3,0,0,0,97267,97267,97267,12,12,12,591,591,591,0.00,0.00,0.00,0.00,0.00,0.00,0.00,0.00,0.00,0.00,0.00,0.00,0.00,0.00,0.00,0.00,0.00,0.00,0.00,0.00,0.00,327552,346428,382593,340654,360055,395696,0,0,0,0,0,0,0,73970,0,92.39,92.76,93.46
25,0,0,0,0,97263,97263,97263,17,17,17,591,591,591,0.00,0.00,0.00,0.00,0.00,0.00,0.00,0.00,0.00,0.00,0.00,0.00,0.00,0.00,0.00,0.00,0.00,0.00,0.00,0.00,0.00,321366,345641,361586,336792,352418,373815,0,0,0,0,0,0,0,77657,0,96.79,96.82,96.84
25,1,0,0,0,97265,97265,97265,14,14,14,591,591,591,0.00,0.00,0.00,0.00,0.00,0.00,0.00,0.00,0.00,0.00,0.00,0.00,0.00,0.00,0.00,0.00,0.00,0.00,0.00,0.00,0.00,424593,457846,511818,437618,466225,524613,0,0,0,0,0,0,0,80056,0,99.79,99.82,99.85
25,2,0,0,0,97267,97267,97267,12,12,12,591,591,591,0.00,0.00,0.00,0.00,0.00,0.00,0.00,0.00,0.00,0.00,0.00,0.00,0.00,0.00,0.00,0.00,0.00,0.00,0.00,0.00,0.00,5240,428279,1037710,18343,441330,1050813,0,0,0,0,0,0,0,77421,0,96.60,96.65,96.67
25,3,0,0,0,97267,97267,97267,12,12,12,591,591,591,0.00,0.00,0.00,0.00,0.00,0.00,0.00,0.00,0.00,0.00,0.00,0.00,0.00,0.00,0.00,0.00,0.00,0.00,0.00,0.00,0.00,316798,342445,373630,329657,356570,387850,0,0,0,0,0,0,0,74100,0,92.35,92.44,92.51
26,0,0,0,0,97263,97263,97263,17,17,17,591,591,591,0.00,0.00,0.00,0.00,0.00,0.00,0.00,0.00,0.00,0.00,0.00,0.00,0.00,0.00,0.00,0.00,0.00,0.00,0.00,0.00,0.00,799253,2045301,3291349,867386,2097337,3327288,0,0,0,0,0,0,0,19361,0,96.74,96.75,96.75
26,1,0,0,0,97265,97265,97265,14,14,14,591,591,591,0.00,0.00,0.00,0.00,0.00,0.00,0.00,0.00,0.00,0.00,0.00,0.00,0.00,0.00,0.00,0.00,0.00,0.00,0.00,0.00,0.00,429739,1892170,3313006,2012373,2679157,3345941,0,0,0,0,0,0,0,19960,0,99.58,99.64,99.73
26,2,0,0,0,97267,97267,97267,12,12,12,591,591,591,0.00,0.00,0.00,0.00,0.00,0.00,0.00,0.00,0.00,0.00,0.00,0.00,0.00,0.00,0.00,0.00,0.00,0.00,0.00,0.00,0.00,356638,2157712,3841565,2304845,3124303,3943762,0,0,0,0,0,0,0,19373,0,96.39,96.39,96.39
26,3,0,0,0,97267,97267,97267,12,12,12,591,591,591,0.00,0.00,0.00,0.00,0.00,0.00,0.00,0.00,0.00,0.00,0.00,0.00,0.00,0.00,0.00,0.00,0.00,0.00,0.00,0.00,0.00,324906,3702932,5717488,338007,3758841,5764653,0,0,0,0,0,0,0,73983,0,92.41,92.42,92.44
27,0,0,0,0,97263,97263,97263,17,17,17,591,591,591,0.00,0.00,0.00,0.00,0.00,0.00,0.00,0.00,0.00,0.00,0.00,0.00,0.00,0.00,0.00,0.00,0.00,0.00,0.00,0.00,0.00,330189,517279,1153045,345912,530906,1166148,0,0,0,0,0,0,0,77820,0,96.72,96.81,96.91
27,1,0,0,0,97265,97265,97265,14,14,14,591,591,591,0.00,0.00,0.00,0.00,0.00,0.00,0.00,0.00,0.00,0.00,0.00,0.00,0.00,0.00,0.00,0.00,0.00,0.00,0.00,0.00,0.00,424525,470121,563426,437628,483748,576529,0,0,0,0,0,0,0,79953,0,99.57,99.61,99.66
27,2,0,0,0,97267,97267,97267,12,12,12,591,591,591,0.00,0.00,0.00,0.00,0.00,0.00,0.00,0.00,0.00,0.00,0.00,0.00,0.00,0.00,0.00,0.00,0.00,0.00,0.00,0.00,0.00,314456,397784,563390,330179,411410,573872,0,0,0,0,0,0,0,77393,0,96.32,96.40,96.49
27,3,0,0,0,97267,97267,97267,12,12,12,591,591,591,0.00,0.00,0.00,0.00,0.00,0.00,0.00,0.00,0.00,0.00,0.00,0.00,0.00,0.00,0.00,0.00,0.00,0.00,0.00,0.00,0.00,324917,387832,623695,338018,401983,636798,0,0,0,0,0,0,0,74234,0,92.40,92.46,92.48
28,0,0,0,0,97263,97263,97263,17,17,17,591,591,591,0.00,0.00,0.00,0.00,0.00,0.00,0.00,0.00,0.00,0.00,0.00,0.00,0.00,0.00,0.00,0.00,0.00,0.00,0.00,0.00,0.00,330189,548206,1082246,343291,569170,1129414,0,0,0,0,0,0,0,77718,0,97.05,97.08,97.14
28,1,0,0,0,97265,97265,97265,14,14,14,591,591,591,0.00,0.00,0.00,0.00,0.00,0.00,0.00,0.00,0.00,0.00,0.00,0.00,0.00,0.00,0.00,0.00,0.00,0.00,0.00,0.00,0.00,437611,631543,940784,450713,652507,982713,0,0,0,0,0,0,0,80112,0,99.69,99.73,99.78
28,2,0,0,0,97267,97267,97267,12,12,12,591,591,591,0.00,0.00,0.00,0.00,0.00,0.00,0.00,0.00,0.00,0.00,0.00,0.00,0.00,0.00,0.00,0.00,0.00,0.00,0.00,0.00,0.00,31445,573764,1163480,44547,594182,1179202,0,0,0,0,0,0,0,77348,0,96.41,96.51,96.57
28,3,0,0,0,97267,97267,97267,12,12,12,591,591,591,0.00,0.00,0.00,0.00,0.00,0.00,0.00,0.00,0.00,0.00,0.00,0.00,0.00,0.00,0.00,0.00,0.00,0.00,0.00,0.00,0.00,99578,409268,754478,115301,429705,796393,0,0,0,0,0,0,0,83482,0,92.51,92.53,92.54
29,0,0,0,0,97263,97263,97263,17,17,17,591,591,591,0.00,0.00,0.00,0.00,0.00,0.00,0.00,0.00,0.00,0.00,0.00,0.00,0.00,0.00,0.00,0.00,0.00,0.00,0.00,0.00,0.00,309114,365677,513619,324832,379780,526721,0,0,0,0,0,0,0,77591,0,96.71,96.76,96.82
29,1,0,0,0,97265,97265,97265,14,14,14,591,591,591,0.00,0.00,0.00,0.00,0.00,0.00,0.00,0.00,0.00,0.00,0.00,0.00,0.00,0.00,0.00,0.00,0.00,0.00,0.00,0.00,0.00,18343,386283,626290,34066,400389,642012,0,0,0,0,0,0,0,90037,0,99.76,99.79,99.82
29,2,0,0,0,97267,97267,97267,12,12,12,591,591,591,0.00,0.00,0.00,0.00,0.00,0.00,0.00,0.00,0.00,0.00,0.00,0.00,0.00,0.00,0.00,0.00,0.00,0.00,0.00,0.00,0.00,322317,425550,715320,335419,439700,731041,0,0,0,0,0,0,0,77585,0,96.41,96.47,96.56
29,3,0,0,0,97267,97267,97267,12,12,12,591,591,591,0.00,0.00,0.00,0.00,0.00,0.00,0.00,0.00,0.00,0.00,0.00,0.00,0.00,0.00,0.00,0.00,0.00,0.00,0.00,0.00,0.00,332803,560785,1035098,345905,574936,1045580,0,0,0,0,0,0,0,74247,0,92.47,92.53,92.60
30,0,0,0,0,97263,97263,97263,17,17,17,591,591,591,0.00,0.00,0.00,0.00,0.00,0.00,0.00,0.00,0.00,0.00,0.00,0.00,0.00,0.00,0.00,0.00,0.00,0.00,0.00,0.00,0.00,5240,411414,1032483,15722,425041,1048206,0,0,0,0,0,0,0,87396,0,96.81,96.85,96.89
30,1,0,0,0,97265,97265,97265,14,14,14,591,591,591,0.00,0.00,0.00,0.00,0.00,0.00,0.00,0.00,0.00,0.00,0.00,0.00,0.00,0.00,0.00,0.00,0.00,0.00,0.00,0.00,0.00,434995,635202,1310209,445486,648828,1323311,0,0,0,0,0,0,0,80014,0,99.73,99.76,99.78
30,2,0,0,0,97267,97267,97267,12,12,12,591,591,591,0.00,0.00,0.00,0.00,0.00,0.00,0.00,0.00,0.00,0.00,0.00,0.00,0.00,0.00,0.00,0.00,0.00,0.00,0.00,0.00,0.00,319697,370011,476958,330179,383638,492682,0,0,0,0,0,0,0,58102,0,96.53,96.55,96.58
30,3,0,0,0,97267,97267,97267,12,12,12,591,591,591,0.00,0.00,0.00,0.00,0.00,0.00,0.00,0.00,0.00,0.00,0.00,0.00,0.00,0.00,0.00,0.00,0.00,0.00,0.00,0.00,0.00,322816,353238,379975,338311,366759,395698,0,0,0,0,0,0,0,55640,0,92.62,92.67,92.74
31,0,0,0,0,97263,97263,97263,17,17,17,591,591,591,0.00,0.00,0.00,0.00,0.00,0.00,0.00,0.00,0.00,0.00,0.00,0.00,0.00,0.00,0.00,0.00,0.00,0.00,0.00,0.00,0.00,324944,365299,419282,340667,378926,432384,0,0,0,0,0,0,0,58486,0,96.79,96.92,97.05
31,1,0,0,0,97265,97265,97265,14,14,14,591,591,591,0.00,0.00,0.00,0.00,0.00,0.00,0.00,0.00,0.00,0.00,0.00,0.00,0.00,0.00,0.00,0.00,0.00,0.00,0.00,0.00,0.00,416617,471153,534586,429718,484780,547688,0,0,0,0,0,0,0,59900,0,99.69,99.80,99.85
31,2,0,0,0,97267,97267,97267,12,12,12,591,591,591,0.00,0.00,0.00,0.00,0.00,0.00,0.00,0.00,0.00,0.00,0.00,0.00,0.00,0.00,0.00,0.00,0.00,0.00,0.00,0.00,0.00,309203,484788,1040333,324925,498414,1053435,0,0,0,0,0,0,0,87411,0,96.70,96.81,96.92
31,3,0,0,0,97267,97267,97267,12,12,12,591,591,591,0.00,0.00,0.00,0.00,0.00,0.00,0.00,0.00,0.00,0.00,0.00,0.00,0.00,0.00,0.00,0.00,0.00,0.00,0.00,0.00,0.00,327548,355367,398323,343270,369056,411425,0,0,0,0,0,0,0,74321,0,92.69,92.74,92.79
32,0,0,0,0,97263,97263,97263,17,17,17,591,591,591,0.00,0.00,0.00,0.00,0.00,0.00,0.00,0.00,0.00,0.00,0.00,0.00,0.00,0.00,0.00,0.00,0.00,0.00,0.00,0.00,0.00,330176,344647,356383,343249,358228,372106,0,0,0,0,0,0,0,77824,0,96.97,97.08,97.16
32,1,0,0,0,97265,97265,97265,14,14,14,591,591,591,0.00,0.00,0.00,0.00,0.00,0.00,0.00,0.00,0.00,0.00,0.00,0.00,0.00,0.00,0.00,0.00,0.00,0.00,0.00,0.00,0.00,424520,463240,537206,440243,476823,550309,0,0,0,0,0,0,0,79839,0,99.55,99.58,99.60
32,2,0,0,0,97267,97267,97267,12,12,12,591,591,591,0.00,0.00,0.00,0.00,0.00,0.00,0.00,0.00,0.00,0.00,0.00,0.00,0.00,0.00,0.00,0.00,0.00,0.00,0.00,0.00,0.00,245669,332639,416640,256123,345225,427122,0,0,0,0,0,0,0,77453,0,96.48,96.62,96.73
32,3,0,0,0,97267,97267,97267,12,12,12,591,591,591,0.00,0.00,0.00,0.00,0.00,0.00,0.00,0.00,0.00,0.00,0.00,0.00,0.00,0.00,0.00,0.00,0.00,0.00,0.00,0.00,0.00,327548,491081,1061301,340650,504708,1074403,0,0,0,0,0,0,0,83403,0,92.43,92.49,92.59
33,0,0,0,0,97263,97263,97263,17,17,17,591,591,591,0.00,0.00,0.00,0.00,0.00,0.00,0.00,0.00,0.00,0.00,0.00,0.00,0.00,0.00,0.00,0.00,0.00,0.00,0.00,0.00,0.00,318619,344749,382573,334684,358913,395675,0,0,0,0,0,0,0,77913,0,96.85,97.00,97.11
33,1,0,0,0,97265,97265,97265,14,14,14,591,591,591,0.00,0.00,0.00,0.00,0.00,0.00,0.00,0.00,0.00,0.00,0.00,0.00,0.00,0.00,0.00,0.00,0.00,0.00,0.00,0.00,0.00,417772,648274,1354805,428484,662404,1367908,0,0,0,0,0,0,0,90078,0,99.63,99.73,99.84
33,2,0,0,0,97267,97267,97267,12,12,12,591,591,591,0.00,0.00,0.00,0.00,0.00,0.00,0.00,0.00,0.00,0.00,0.00,0.00,0.00,0.00,0.00,0.00,0.00,0.00,0.00,0.00,0.00,322313,409319,621077,338031,423470,634180,0,0,0,0,0,0,0,77465,0,96.36,96.44,96.47
33,3,0,0,0,97267,97267,97267,12,12,12,591,591,591,0.00,0.00,0.00,0.00,0.00,0.00,0.00,0.00,0.00,0.00,0.00,0.00,0.00,0.00,0.00,0.00,0.00,0.00,0.00,0.00,0.00,253310,330522,374730,262045,343799,387833,0,0,0,0,0,0,0,74246,0,92.63,92.67,92.71
34,0,0,0,0,97263,97263,97263,17,17,17,591,591,591,0.00,0.00,0.00,0.00,0.00,0.00,0.00,0.00,0.00,0.00,0.00,0.00,0.00,0.00,0.00,0.00,0.00,0.00,0.00,0.00,0.00,327571,497363,1045534,340674,510466,1058636,0,0,0,0,0,0,0,77757,0,97.04,97.10,97.19
34,1,0,0,0,97265,97265,97265,14,14,14,591,591,591,0.00,0.00,0.00,0.00,0.00,0.00,0.00,0.00,0.00,0.00,0.00,0.00,0.00,0.00,0.00,0.00,0.00,0.00,0.00,0.00,0.00,432373,465916,524103,442855,479543,539827,0,0,0,0,0,0,0,80304,0,99.80,99.85,99.94
34,2,0,0,0,97267,97267,97267,12,12,12,591,591,591,0.00,0.00,0.00,0.00,0.00,0.00,0.00,0.00,0.00,0.00,0.00,0.00,0.00,0.00,0.00,0.00,0.00,0.00,0.00,0.00,0.00,317042,343274,403547,332763,356900,419270,0,0,0,0,0,0,0,87242,0,96.51,96.59,96.63
34,3,0,0,0,97267,97267,97267,12,12,12,591,591,591,0.00,0.00,0.00,0.00,0.00,0.00,0.00,0.00,0.00,0.00,0.00,0.00,0.00,0.00,0.00,0.00,0.00,0.00,0.00,0.00,0.00,315933,335077,368242,329320,348649,381118,0,0,0,0,0,0,0,74159,0,92.47,92.50,92.55
35,0,0,0,0,97263,97263,97263,17,17,17,591,591,591,0.00,0.00,0.00,0.00,0.00,0.00,0.00,0.00,0.00,0.00,0.00,0.00,0.00,0.00,0.00,0.00,0.00,0.00,0.00,0.00,0.00,220094,322838,387823,228827,336115,400925,0,0,0,0,0,0,0,77917,0,97.08,97.11,97.13
35,1,0,0,0,97265,97265,97265,14,14,14,591,591,591,0.00,0.00,0.00,0.00,0.00,0.00,0.00,0.00,0.00,0.00,0.00,0.00,0.00,0.00,0.00,0.00,0.00,0.00,0.00,0.00,0.00,298732,419279,469069,307466,432032,482172,0,0,0,0,0,0,0,80209,0,100.00,100.05,100.11
35,2,0,0,0,97267,97267,97267,12,12,12,591,591,591,0.00,0.00,0.00,0.00,0.00,0.00,0.00,0.00,0.00,0.00,0.00,0.00,0.00,0.00,0.00,0.00,0.00,0.00,0.00,0.00,0.00,212677,479629,1137265,221323,492364,1152988,0,0,0,0,0,0,0,77553,0,96.69,96.71,96.73
35,3,0,0,0,97267,97267,97267,12,12,12,591,591,591,0.00,0.00,0.00,0.00,0.00,0.00,0.00,0.00,0.00,0.00,0.00,0.00,0.00,0.00,0.00,0.00,0.00,0.00,0.00,0.00,0.00,327528,350091,408791,343250,364242,421893,0,0,0,0,0,0,0,83646,0,92.52,92.66,92.77
36,0,0,0,0,97263,97263,97263,17,17,17,591,591,591,0.00,0.00,0.00,0.00,0.00,0.00,0.00,0.00,0.00,0.00,0.00,0.00,0.00,0.00,0.00,0.00,0.00,0.00,0.00,0.00,0.00,321440,335892,353768,334196,349412,366870,0,0,0,0,0,0,0,77616,0,96.86,96.95,97.12
36,1,0,0,0,97265,97265,97265,14,14,14,591,591,591,0.00,0.00,0.00,0.00,0.00,0.00,0.00,0.00,0.00,0.00,0.00,0.00,0.00,0.00,0.00,0.00,0.00,0.00,0.00,0.00,0.00,424038,452355,513619,436810,465865,529342,0,0,0,0,0,0,0,89858,0,99.63,99.76,99.94
36,2,0,0,0,97267,97267,97267,12,12,12,591,591,591,0.00,0.00,0.00,0.00,0.00,0.00,0.00,0.00,0.00,0.00,0.00,0.00,0.00,0.00,0.00,0.00,0.00,0.00,0.00,0.00,0.00,313826,396137,607948,329134,409754,621051,0,0,0,0,0,0,0,77487,0,96.46,96.53,96.63
36,3,0,0,0,97267,97267,97267,12,12,12,591,591,591,0.00,0.00,0.00,0.00,0.00,0.00,0.00,0.00,0.00,0.00,0.00,0.00,0.00,0.00,0.00,0.00,0.00,0.00,0.00,0.00,0.00,327566,497894,1021986,338048,510996,1037709,0,0,0,0,0,0,0,74167,0,92.42,92.58,92.75
37,0,0,0,0,97263,97263,97263,17,17,17,591,591,591,0.00,0.00,0.00,0.00,0.00,0.00,0.00,0.00,0.00,0.00,0.00,0.00,0.00,0.00,0.00,0.00,0.00,0.00,0.00,0.00,0.00,330136,355187,404043,343236,369036,417511,0,0,0,0,0,0,0,87267,0,96.86,96.90,96.92
37,1,0,0,0,97265,97265,97265,14,14,14,591,591,591,0.00,0.00,0.00,0.00,0.00,0.00,0.00,0.00,0.00,0.00,0.00,0.00,0.00,0.00,0.00,0.00,0.00,0.00,0.00,0.00,0.00,484793,717291,1383646,497895,731135,1396749,0,0,0,0,0,0,0,79947,0,99.67,99.71,99.73
37,2,0,0,0,97267,97267,97267,12,12,12,591,591,591,0.00,0.00,0.00,0.00,0.00,0.00,0.00,0.00,0.00,0.00,0.00,0.00,0.00,0.00,0.00,0.00,0.00,0.00,0.00,0.00,0.00,322302,383234,487384,335404,397646,503106,0,0,0,0,0,0,0,58091,0,96.46,96.49,96.52
37,3,0,0,0,97267,97267,97267,12,12,12,591,591,591,0.00,0.00,0.00,0.00,0.00,0.00,0.00,0.00,0.00,0.00,0.00,0.00,0.00,0.00,0.00,0.00,0.00,0.00,0.00,0.00,0.00,256806,328216,395692,263794,341100,411415,0,0,0,0,0,0,0,55670,0,92.48,92.58,92.66
38,0,0,0,0,97263,97263,97263,17,17,17,591,591,591,0.00,0.00,0.00,0.00,0.00,0.00,0.00,0.00,0.00,0.00,0.00,0.00,0.00,0.00,0.00,0.00,0.00,0.00,0.00,0.00,0.00,324933,520080,1142549,338035,533357,1155652,0,0,0,0,0,0,0,58570,0,96.87,97.03,97.17
38,1,0,0,0,97265,97265,97265,14,14,14,591,591,591,0.00,0.00,0.00,0.00,0.00,0.00,0.00,0.00,0.00,0.00,0.00,0.00,0.00,0.00,0.00,0.00,0.00,0.00,0.00,0.00,0.00,429772,468164,506500,442875,481616,518726,0,0,0,0,0,0,0,60039,0,99.70,99.73,99.79
38,2,0,0,0,97267,97267,97267,12,12,12,591,591,591,0.00,0.00,0.00,0.00,0.00,0.00,0.00,0.00,0.00,0.00,0.00,0.00,0.00,0.00,0.00,0.00,0.00,0.00,0.00,0.00,0.00,322338,525142,1129431,335441,539817,1147775,0,0,0,0,0,0,0,87465,0,96.53,96.59,96.74
38,3,0,0,0,97267,97267,97267,12,12,12,591,591,591,0.00,0.00,0.00,0.00,0.00,0.00,0.00,0.00,0.00,0.00,0.00,0.00,0.00,0.00,0.00,0.00,0.00,0.00,0.00,0.00,0.00,330182,343142,369491,345905,357777,382594,0,0,0,0,0,0,0,74946,0,92.59,92.87,93.15
39,0,0,0,0,97263,97263,97263,17,17,17,591,591,591,0.00,0.00,0.00,0.00,0.00,0.00,0.00,0.00,0.00,0.00,0.00,0.00,0.00,0.00,0.00,0.00,0.00,0.00,0.00,0.00,0.00,324958,360057,408796,338061,374208,424519,0,0,0,0,0,0,0,78449,0,97.27,97.45,97.73
39,1,0,0,0,97265,97265,97265,14,14,14,591,591,591,0.00,0.00,0.00,0.00,0.00,0.00,0.00,0.00,0.00,0.00,0.00,0.00,0.00,0.00,0.00,0.00,0.00,0.00,0.00,0.00,0.00,419265,462765,545066,432367,476915,560789,0,0,0,0,0,0,0,79969,0,99.69,99.74,99.79
39,2,0,0,0,97267,97267,97267,12,12,12,591,591,591,0.00,0.00,0.00,0.00,0.00,0.00,0.00,0.00,0.00,0.00,0.00,0.00,0.00,0.00,0.00,0.00,0.00,0.00,0.00,0.00,0.00,261996,336497,382582,272338,349442,393063,0,0,0,0,0,0,0,77622,0,96.71,96.77,96.83
39,3,0,0,0,97267,97267,97267,12,12,12,591,591,591,0.00,0.00,0.00,0.00,0.00,0.00,0.00,0.00,0.00,0.00,0.00,0.00,0.00,0.00,0.00,0.00,0.00,0.00,0.00,0.00,0.00,327557,436050,728518,343280,450725,746862,0,0,0,0,0,0,0,83669,0,92.91,93.16,93.43
40,0,0,0,0,97263,97263,97263,17,17,17,591,591,591,0.00,0.00,0.00,0.00,0.00,0.00,0.00,0.00,0.00,0.00,0.00,0.00,0.00,0.00,0.00,0.00,0.00,0.00,0.00,0.00,0.00,323336,350004,373286,336166,363512,387792,0,0,0,0,0,0,0,77774,0,97.11,97.41,97.66
40,1,0,0,0,97265,97265,97265,14,14,14,591,591,591,0.00,0.00,0.00,0.00,0.00,0.00,0.00,0.00,0.00,0.00,0.00,0.00,0.00,0.00,0.00,0.00,0.00,0.00,0.00,0.00,0.00,427146,454788,510985,440249,468193,526707,0,0,0,0,0,0,0,90089,0,99.89,99.99,100.06
40,2,0,0,0,97267,97267,97267,12,12,12,591,591,591,0.00,0.00,0.00,0.00,0.00,0.00,0.00,0.00,0.00,0.00,0.00,0.00,0.00,0.00,0.00,0.00,0.00,0.00,0.00,0.00,0.00,317071,416254,626926,332793,429997,640614,0,0,0,0,0,0,0,77643,0,96.76,96.81,96.85
40,3,0,0,0,97267,97267,97267,12,12,12,591,591,591,0.00,0.00,0.00,0.00,0.00,0.00,0.00,0.00,0.00,0.00,0.00,0.00,0.00,0.00,0.00,0.00,0.00,0.00,0.00,0.00,0.00,327559,480599,1022005,340661,494226,1035107,0,0,0,0,0,0,0,74159,0,92.67,92.76,92.82
41,0,0,0,0,97263,97263,97263,17,17,17,591,591,591,0.00,0.00,0.00,0.00,0.00,0.00,0.00,0.00,0.00,0.00,0.00,0.00,0.00,0.00,0.00,0.00,0.00,0.00,0.00,0.00,0.00,327544,482422,1027234,340645,496115,1037716,0,0,0,0,0,0,0,87541,0,96.97,97.02,97.06
41,1,0,0,0,97265,97265,97265,14,14,14,591,591,591,0.00,0.00,0.00,0.00,0.00,0.00,0.00,0.00,0.00,0.00,0.00,0.00,0.00,0.00,0.00,0.00,0.00,0.00,0.00,0.00,0.00,429723,659343,1470267,442824,673211,1487199,0,0,0,0,0,0,0,79968,0,99.79,99.86,99.92
41,2,0,0,0,97267,97267,97267,12,12,12,591,591,591,0.00,0.00,0.00,0.00,0.00,0.00,0.00,0.00,0.00,0.00,0.00,0.00,0.00,0.00,0.00,0.00,0.00,0.00,0.00,0.00,0.00,319690,340137,393066,330193,353763,408788,0,0,0,0,0,0,0,87130,0,96.48,96.51,96.55
41,3,0,0,0,97267,97267,97267,12,12,12,591,591,591,0.00,0.00,0.00,0.00,0.00,0.00,0.00,0.00,0.00,0.00,0.00,0.00,0.00,0.00,0.00,0.00,0.00,0.00,0.00,0.00,0.00,263771,334193,385203,272505,346946,400926,0,0,0,0,0,0,0,74045,0,92.45,92.51,92.60
42,0,0,0,0,97263,97263,97263,17,17,17,591,591,591,0.00,0.00,0.00,0.00,0.00,0.00,0.00,0.00,0.00,0.00,0.00,0.00,0.00,0.00,0.00,0.00,0.00,0.00,0.00,0.00,0.00,258551,337858,398311,269033,350436,411414,0,0,0,0,0,0,0,77929,0,97.18,97.22,97.28
42,1,0,0,0,97265,97265,97265,14,14,14,591,591,591,0.00,0.00,0.00,0.00,0.00,0.00,0.00,0.00,0.00,0.00,0.00,0.00,0.00,0.00,0.00,0.00,0.00,0.00,0.00,0.00,0.00,323190,435176,511000,331925,448454,526723,0,0,0,0,0,0,0,80207,0,99.83,99.94,100.02
42,2,0,0,0,97267,97267,97267,12,12,12,591,591,591,0.00,0.00,0.00,0.00,0.00,0.00,0.00,0.00,0.00,0.00,0.00,0.00,0.00,0.00,0.00,0.00,0.00,0.00,0.00,0.00,0.00,319698,501546,1139887,332801,515172,1152990,0,0,0,0,0,0,0,77450,0,96.47,96.52,96.55
42,3,0,0,0,97267,97267,97267,12,12,12,591,591,591,0.00,0.00,0.00,0.00,0.00,0.00,0.00,0.00,0.00,0.00,0.00,0.00,0.00,0.00,0.00,0.00,0.00,0.00,0.00,0.00,0.00,319982,349412,384721,335465,362994,398173,0,0,0,0,0,0,0,74187,0,92.45,92.53,92.61
43,0,0,0,0,97263,97263,97263,17,17,17,591,591,591,0.00,0.00,0.00,0.00,0.00,0.00,0.00,0.00,0.00,0.00,0.00,0.00,0.00,0.00,0.00,0.00,0.00,0.00,0.00,0.00,0.00,327551,346951,364250,340653,361102,379973,0,0,0,0,0,0,0,77819,0,97.08,97.19,97.27
43,1,0,0,0,97265,97265,97265,14,14,14,591,591,591,0.00,0.00,0.00,0.00,0.00,0.00,0.00,0.00,0.00,0.00,0.00,0.00,0.00,0.00,0.00,0.00,0.00,0.00,0.00,0.00,0.00,421901,457540,511000,437625,470643,524102,0,0,0,0,0,0,0,80174,0,99.94,99.97,99.99
43,2,0,0,0,97267,97267,97267,12,12,12,591,591,591,0.00,0.00,0.00,0.00,0.00,0.00,0.00,0.00,0.00,0.00,0.00,0.00,0.00,0.00,0.00,0.00,0.00,0.00,0.00,0.00,0.00,231694,387327,604601,240212,400551,619972,0,0,0,0,0,0,0,77572,0,96.49,96.58,96.66
43,3,0,0,0,97267,97267,97267,12,12,12,591,591,591,0.00,0.00,0.00,0.00,0.00,0.00,0.00,0.00,0.00,0.00,0.00,0.00,0.00,0.00,0.00,0.00,0.00,0.00,0.00,0.00,0.00,327556,493168,995766,340659,506794,1008868,0,0,0,0,0,0,0,83432,0,92.50,92.55,92.57
44,0,0,0,0,97263,97263,97263,17,17,17,591,591,591,0.00,0.00,0.00,0.00,0.00,0.00,0.00,0.00,0.00,0.00,0.00,0.00,0.00,0.00,0.00,0.00,0.00,0.00,0.00,0.00,0.00,324942,342388,373376,340665,356019,386251,0,0,0,0,0,0,0,77672,0,96.92,96.96,97.05
44,1,0,0,0,97265,97265,97265,14,14,14,591,591,591,0.00,0.00,0.00,0.00,0.00,0.00,0.00,0.00,0.00,0.00,0.00,0.00,0.00,0.00,0.00,0.00,0.00,0.00,0.00,0.00,0.00,419236,657170,1335044,432337,671255,1347807,0,0,0,0,0,0,0,90113,0,99.88,99.91,99.97
44,2,0,0,0,97267,97267,97267,12,12,12,591,591,591,0.00,0.00,0.00,0.00,0.00,0.00,0.00,0.00,0.00,0.00,0.00,0.00,0.00,0.00,0.00,0.00,0.00,0.00,0.00,0.00,0.00,322315,346554,385206,335413,359656,398308,0,0,0,0,0,0,0,58124,0,96.54,96.57,96.64
44,3,0,0,0,97267,97267,97267,12,12,12,591,591,591,0.00,0.00,0.00,0.00,0.00,0.00,0.00,0.00,0.00,0.00,0.00,0.00,0.00,0.00,0.00,0.00,0.00,0.00,0.00,0.00,0.00,262041,316426,351150,272522,329528,366873,0,0,0,0,0,0,0,74038,0,92.55,92.60,92.62
45,0,0,0,0,97263,97263,97263,17,17,17,591,591,591,0.00,0.00,0.00,0.00,0.00,0.00,0.00,0.00,0.00,0.00,0.00,0.00,0.00,0.00,0.00,0.00,0.00,0.00,0.00,0.00,0.00,235840,469396,1071790,246322,482556,1084893,0,0,0,0,0,0,0,77773,0,96.91,97.01,97.10
45,1,0,0,0,97265,97265,97265,14,14,14,591,591,591,0.00,0.00,0.00,0.00,0.00,0.00,0.00,0.00,0.00,0.00,0.00,0.00,0.00,0.00,0.00,0.00,0.00,0.00,0.00,0.00,0.00,427144,470179,524100,442867,483877,537202,0,0,0,0,0,0,0,60106,0,99.94,100.00,100.06
45,2,0,0,0,97267,97267,97267,12,12,12,591,591,591,0.00,0.00,0.00,0.00,0.00,0.00,0.00,0.00,0.00,0.00,0.00,0.00,0.00,0.00,0.00,0.00,0.00,0.00,0.00,0.00,0.00,319688,495262,1040316,335411,509413,1056039,0,0,0,0,0,0,0,87298,0,96.61,96.65,96.69
45,3,0,0,0,97267,97267,97267,12,12,12,591,591,591,0.00,0.00,0.00,0.00,0.00,0.00,0.00,0.00,0.00,0.00,0.00,0.00,0.00,0.00,0.00,0.00,0.00,0.00,0.00,0.00,0.00,327564,353245,374734,340666,366872,387837,0,0,0,0,0,0,0,55683,0,92.41,92.47,92.58
46,0,0,0,0,97263,97263,97263,17,17,17,591,591,591,0.00,0.00,0.00,0.00,0.00,0.00,0.00,0.00,0.00,0.00,0.00,0.00,0.00,0.00,0.00,0.00,0.00,0.00,0.00,0.00,0.00,324941,353243,400937,338044,366346,414040,0,0,0,0,0,0,0,58262,0,96.96,97.02,97.11
46,1,0,0,0,97265,97265,97265,14,14,14,591,591,591,0.00,0.00,0.00,0.00,0.00,0.00,0.00,0.00,0.00,0.00,0.00,0.00,0.00,0.00,0.00,0.00,0.00,0.00,0.00,0.00,0.00,324907,425910,525837,335388,438488,536318,0,0,0,0,0,0,0,79901,0,99.73,99.81,99.94
46,2,0,0,0,97267,97267,97267,12,12,12,591,591,591,0.00,0.00,0.00,0.00,0.00,0.00,0.00,0.00,0.00,0.00,0.00,0.00,0.00,0.00,0.00,0.00,0.00,0.00,0.00,0.00,0.00,361626,414029,474300,377349,427655,490022,0,0,0,0,0,0,0,77574,0,96.70,96.78,96.84
46,3,0,0,0,97267,97267,97267,12,12,12,591,591,591,0.00,0.00,0.00,0.00,0.00,0.00,0.00,0.00,0.00,0.00,0.00,0.00,0.00,0.00,0.00,0.00,0.00,0.00,0.00,0.00,0.00,320778,337665,360946,333609,351252,373745,0,0,0,0,0,0,0,74276,0,92.67,92.68,92.70
47,0,0,0,0,97263,97263,97263,17,17,17,591,591,591,0.00,0.00,0.00,0.00,0.00,0.00,0.00,0.00,0.00,0.00,0.00,0.00,0.00,0.00,0.00,0.00,0.00,0.00,0.00,0.00,0.00,327557,343277,366826,340675,357428,379927,0,0,0,0,0,0,0,77621,0,96.79,96.82,96.86
47,1,0,0,0,97265,97265,97265,14,14,14,591,591,591,0.00,0.00,0.00,0.00,0.00,0.00,0.00,0.00,0.00,0.00,0.00,0.00,0.00,0.00,0.00,0.00,0.00,0.00,0.00,0.00,0.00,332800,342761,361629,348523,356387,374731,0,0,0,0,0,0,0,79917,0,99.62,99.65,99.68
47,2,0,0,0,97267,97267,97267,12,12,12,591,591,591,0.00,0.00,0.00,0.00,0.00,0.00,0.00,0.00,0.00,0.00,0.00,0.00,0.00,0.00,0.00,0.00,0.00,0.00,0.00,0.00,0.00,321424,426311,553662,334817,439037,562313,0,0,0,0,0,0,0,77577,0,96.59,96.68,96.77
47,3,0,0,0,97267,97267,97267,12,12,12,591,591,591,0.00,0.00,0.00,0.00,0.00,0.00,0.00,0.00,0.00,0.00,0.00,0.00,0.00,0.00,0.00,0.00,0.00,0.00,0.00,0.00,0.00,340661,624204,1540885,353764,637830,1553987,0,0,0,0,0,0,0,74248,0,92.76,92.80,92.84
48,0,0,0,0,97263,97263,97263,17,17,17,591,591,591,0.00,0.00,0.00,0.00,0.00,0.00,0.00,0.00,0.00,0.00,0.00,0.00,0.00,0.00,0.00,0.00,0.00,0.00,0.00,0.00,0.00,318627,392373,572117,329337,406443,590075,0,0,0,0,0,0,0,87119,0,96.60,96.76,96.83
48,1,0,0,0,97265,97265,97265,14,14,14,591,591,591,0.00,0.00,0.00,0.00,0.00,0.00,0.00,0.00,0.00,0.00,0.00,0.00,0.00,0.00,0.00,0.00,0.00,0.00,0.00,0.00,0.00,2620,480267,1031303,15723,494901,1041564,0,0,0,0,0,0,0,79761,0,99.61,99.67,99.70
48,2,0,0,0,97267,97267,97267,12,12,12,591,591,591,0.00,0.00,0.00,0.00,0.00,0.00,0.00,0.00,0.00,0.00,0.00,0.00,0.00,0.00,0.00,0.00,0.00,0.00,0.00,0.00,0.00,324935,391493,534568,338037,406168,552911,0,0,0,0,0,0,0,87008,0,96.43,96.47,96.50
48,3,0,0,0,97267,97267,97267,12,12,12,591,591,591,0.00,0.00,0.00,0.00,0.00,0.00,0.00,0.00,0.00,0.00,0.00,0.00,0.00,0.00,0.00,0.00,0.00,0.00,0.00,0.00,0.00,347627,439010,547685,358108,452113,563408,0,0,0,0,0,0,0,74121,0,92.52,92.59,92.69
49,0,0,0,0,97263,97263,97263,17,17,17,591,591,591,0.00,0.00,0.00,0.00,0.00,0.00,0.00,0.00,0.00,0.00,0.00,0.00,0.00,0.00,0.00,0.00,0.00,0.00,0.00,0.00,0.00,330147,484957,1014119,343249,498409,1027222,0,0,0,0,0,0,0,77674,0,96.63,96.73,96.87
49,1,0,0,0,97265,97265,97265,14,14,14,591,591,591,0.00,0.00,0.00,0.00,0.00,0.00,0.00,0.00,0.00,0.00,0.00,0.00,0.00,0.00,0.00,0.00,0.00,0.00,0.00,0.00,0.00,327544,375244,505736,343255,389918,521458,0,0,0,0,0,0,0,79800,0,99.65,99.68,99.73
49,2,0,0,0,97267,97267,97267,12,12,12,591,591,591,0.00,0.00,0.00,0.00,0.00,0.00,0.00,0.00,0.00,0.00,0.00,0.00,0.00,0.00,0.00,0.00,0.00,0.00,0.00,0.00,0.00,330173,524602,1145128,345896,539276,1160850,0,0,0,0,0,0,0,77318,0,96.37,96.40,96.44
49,3,0,0,0,97267,97267,97267,12,12,12,591,591,591,0.00,0.00,0.00,0.00,0.00,0.00,0.00,0.00,0.00,0.00,0.00,0.00,0.00,0.00,0.00,0.00,0.00,0.00,0.00,0.00,0.00,432382,576503,843781,445485,591177,859503,0,0,0,0,0,0,0,74179,0,92.50,92.53,92.57
50,0,0,0,0,97263,97263,97263,17,17,17,591,591,591,0.00,0.00,0.00,0.00,0.00,0.00,0.00,0.00,0.00,0.00,0.00,0.00,0.00,0.00,0.00,0.00,0.00,0.00,0.00,0.00,0.00,324939,352192,419280,338041,365819,432383,0,0,0,0,0,0,0,77771,0,96.84,96.86,96.89
50,1,0,0,0,97265,97265,97265,14,14,14,591,591,591,0.00,0.00,0.00,0.00,0.00,0.00,0.00,0.00,0.00,0.00,0.00,0.00,0.00,0.00,0.00,0.00,0.00,0.00,0.00,0.00,0.00,332803,373682,497883,345905,386435,506618,0,0,0,0,0,0,0,79808,0,99.53,99.60,99.65
50,2,0,0,0,97267,97267,97267,12,12,12,591,591,591,0.00,0.00,0.00,0.00,0.00,0.00,0.00,0.00,0.00,0.00,0.00,0.00,0.00,0.00,0.00,0.00,0.00,0.00,0.00,0.00,0.00,214335,375546,631522,224706,387492,642004,0,0,0,0,0,0,0,77489,0,96.36,96.41,96.51
50,3,0,0,0,97267,97267,97267,12,12,12,591,591,591,0.00,0.00,0.00,0.00,0.00,0.00,0.00,0.00,0.00,0.00,0.00,0.00,0.00,0.00,0.00,0.00,0.00,0.00,0.00,0.00,0.00,431178,471824,521421,444568,485395,534522,0,0,0,0,0,0,0,83468,0,92.62,92.65,92.68
51,0,0,0,0,97263,97263,97263,17,17,17,591,591,591,0.00,0.00,0.00,0.00,0.00,0.00,0.00,0.00,0.00,0.00,0.00,0.00,0.00,0.00,0.00,0.00,0.00,0.00,0.00,0.00,0.00,324933,341973,359009,338035,355730,374732,0,0,0,0,0,0,0,77600,0,96.64,96.70,96.74
51,1,0,0,0,97265,97265,97265,14,14,14,591,591,591,0.00,0.00,0.00,0.00,0.00,0.00,0.00,0.00,0.00,0.00,0.00,0.00,0.00,0.00,0.00,0.00,0.00,0.00,0.00,0.00,0.00,330186,348518,369450,343287,362275,382551,0,0,0,0,0,0,0,89887,0,99.53,99.55,99.61
51,2,0,0,0,97267,97267,97267,12,12,12,591,591,591,0.00,0.00,0.00,0.00,0.00,0.00,0.00,0.00,0.00,0.00,0.00,0.00,0.00,0.00,0.00,0.00,0.00,0.00,0.00,0.00,0.00,330176,392110,512408,343278,406659,528674,0,0,0,0,0,0,0,58140,0,96.47,96.49,96.52
51,3,0,0,0,97267,97267,97267,12,12,12,591,591,591,0.00,0.00,0.00,0.00,0.00,0.00,0.00,0.00,0.00,0.00,0.00,0.00,0.00,0.00,0.00,0.00,0.00,0.00,0.00,0.00,0.00,434989,704260,1362661,448091,718673,1378384,0,0,0,0,0,0,0,74171,0,92.51,92.54,92.59
52,0,0,0,0,97263,97263,97263,17,17,17,591,591,591,0.00,0.00,0.00,0.00,0.00,0.00,0.00,0.00,0.00,0.00,0.00,0.00,0.00,0.00,0.00,0.00,0.00,0.00,0.00,0.00,0.00,316722,348826,379183,329494,362951,395318,0,0,0,0,0,0,0,87578,0,96.74,96.88,96.99
52,1,0,0,0,97265,97265,97265,14,14,14,591,591,591,0.00,0.00,0.00,0.00,0.00,0.00,0.00,0.00,0.00,0.00,0.00,0.00,0.00,0.00,0.00,0.00,0.00,0.00,0.00,0.00,0.00,7861,420442,1029856,20963,434016,1042958,0,0,0,0,0,0,0,79994,0,99.67,99.70,99.73
52,2,0,0,0,97267,97267,97267,12,12,12,591,591,591,0.00,0.00,0.00,0.00,0.00,0.00,0.00,0.00,0.00,0.00,0.00,0.00,0.00,0.00,0.00,0.00,0.00,0.00,0.00,0.00,0.00,314424,485823,1045560,327525,498925,1058662,0,0,0,0,0,0,0,87251,0,96.49,96.54,96.56
52,3,0,0,0,97267,97267,97267,12,12,12,591,591,591,0.00,0.00,0.00,0.00,0.00,0.00,0.00,0.00,0.00,0.00,0.00,0.00,0.00,0.00,0.00,0.00,0.00,0.00,0.00,0.00,0.00,356382,437099,521480,365117,449851,534582,0,0,0,0,0,0,0,55654,0,92.54,92.54,92.55
53,0,0,0,0,97263,97263,97263,17,17,17,591,591,591,0.00,0.00,0.00,0.00,0.00,0.00,0.00,0.00,0.00,0.00,0.00,0.00,0.00,0.00,0.00,0.00,0.00,0.00,0.00,0.00,0.00,260299,462955,1050825,269034,475708,1061307,0,0,0,0,0,0,0,58235,0,96.87,96.91,96.98
53,1,0,0,0,97265,97265,97265,14,14,14,591,591,591,0.00,0.00,0.00,0.00,0.00,0.00,0.00,0.00,0.00,0.00,0.00,0.00,0.00,0.00,0.00,0.00,0.00,0.00,0.00,0.00,0.00,327564,385209,471672,340667,398312,482154,0,0,0,0,0,0,0,60047,0,99.67,99.74,99.82
53,2,0,0,0,97267,97267,97267,12,12,12,591,591,591,0.00,0.00,0.00,0.00,0.00,0.00,0.00,0.00,0.00,0.00,0.00,0.00,0.00,0.00,0.00,0.00,0.00,0.00,0.00,0.00,0.00,330175,357951,395684,343277,372102,411406,0,0,0,0,0,0,0,77536,0,96.51,96.53,96.55
53,3,0,0,0,97267,97267,97267,12,12,12,591,591,591,0.00,0.00,0.00,0.00,0.00,0.00,0.00,0.00,0.00,0.00,0.00,0.00,0.00,0.00,0.00,0.00,0.00,0.00,0.00,0.00,0.00,435004,465391,510999,448107,479018,526722,0,0,0,0,0,0,0,74210,0,92.51,92.59,92.65
54,0,0,0,0,97263,97263,97263,17,17,17,591,591,591,0.00,0.00,0.00,0.00,0.00,0.00,0.00,0.00,0.00,0.00,0.00,0.00,0.00,0.00,0.00,0.00,0.00,0.00,0.00,0.00,0.00,330180,356911,395709,345903,370537,406191,0,0,0,0,0,0,0,77922,0,96.92,97.01,97.06
54,1,0,0,0,97265,97265,97265,14,14,14,591,591,591,0.00,0.00,0.00,0.00,0.00,0.00,0.00,0.00,0.00,0.00,0.00,0.00,0.00,0.00,0.00,0.00,0.00,0.00,0.00,0.00,0.00,332796,354279,390453,348519,367905,403555,0,0,0,0,0,0,0,80208,0,99.86,99.93,99.99
54,2,0,0,0,97267,97267,97267,12,12,12,591,591,591,0.00,0.00,0.00,0.00,0.00,0.00,0.00,0.00,0.00,0.00,0.00,0.00,0.00,0.00,0.00,0.00,0.00,0.00,0.00,0.00,0.00,216226,393158,626295,224807,405871,639398,0,0,0,0,0,0,0,77689,0,96.54,96.57,96.63
54,3,0,0,0,97267,97267,97267,12,12,12,591,591,591,0.00,0.00,0.00,0.00,0.00,0.00,0.00,0.00,0.00,0.00,0.00,0.00,0.00,0.00,0.00,0.00,0.00,0.00,0.00,0.00,0.00,417399,646170,1399339,430777,659758,1412442,0,0,0,0,0,0,0,83364,0,92.41,92.50,92.60
55,0,0,0,0,97263,97263,97263,17,17,17,591,591,591,0.00,0.00,0.00,0.00,0.00,0.00,0.00,0.00,0.00,0.00,0.00,0.00,0.00,0.00,0.00,0.00,0.00,0.00,0.00,0.00,0.00,327564,350614,393074,343286,364241,403556,0,0,0,0,0,0,0,77548,0,96.82,96.89,96.97
55,1,0,0,0,97265,97265,97265,14,14,14,591,591,591,0.00,0.00,0.00,0.00,0.00,0.00,0.00,0.00,0.00,0.00,0.00,0.00,0.00,0.00,0.00,0.00,0.00,0.00,0.00,0.00,0.00,20964,418238,1027263,36687,431865,1040366,0,0,0,0,0,0,0,89959,0,99.77,99.85,99.94
55,2,0,0,0,97267,97267,97267,12,12,12,591,591,591,0.00,0.00,0.00,0.00,0.00,0.00,0.00,0.00,0.00,0.00,0.00,0.00,0.00,0.00,0.00,0.00,0.00,0.00,0.00,0.00,0.00,332794,361620,424508,345896,375246,437610,0,0,0,0,0,0,0,86940,0,96.30,96.40,96.56
55,3,0,0,0,97267,97267,97267,12,12,12,591,591,591,0.00,0.00,0.00,0.00,0.00,0.00,0.00,0.00,0.00,0.00,0.00,0.00,0.00,0.00,0.00,0.00,0.00,0.00,0.00,0.00,0.00,351116,447571,539820,359850,460324,555543,0,0,0,0,0,0,0,74034,0,92.36,92.39,92.42
56,0,0,0,0,97263,97263,97263,17,17,17,591,591,591,0.00,0.00,0.00,0.00,0.00,0.00,0.00,0.00,0.00,0.00,0.00,0.00,0.00,0.00,0.00,0.00,0.00,0.00,0.00,0.00,0.00,286503,472186,1075147,295238,484903,1089220,0,0,0,0,0,0,0,87461,0,96.92,97.00,97.06
56,1,0,0,0,97265,97265,97265,14,14,14,591,591,591,0.00,0.00,0.00,0.00,0.00,0.00,0.00,0.00,0.00,0.00,0.00,0.00,0.00,0.00,0.00,0.00,0.00,0.00,0.00,0.00,0.00,318567,364168,427073,331952,377747,442794,0,0,0,0,0,0,0,79993,0,99.75,99.78,99.85
56,2,0,0,0,97267,97267,97267,12,12,12,591,591,591,0.00,0.00,0.00,0.00,0.00,0.00,0.00,0.00,0.00,0.00,0.00,0.00,0.00,0.00,0.00,0.00,0.00,0.00,0.00,0.00,0.00,319693,502599,1160848,335415,516749,1171330,0,0,0,0,0,0,0,77509,0,96.35,96.43,96.53
56,3,0,0,0,97267,97267,97267,12,12,12,591,591,591,0.00,0.00,0.00,0.00,0.00,0.00,0.00,0.00,0.00,0.00,0.00,0.00,0.00,0.00,0.00,0.00,0.00,0.00,0.00,0.00,0.00,437622,468020,513624,453345,481646,529347,0,0,0,0,0,0,0,74150,0,92.45,92.51,92.59
57,0,0,0,0,97263,97263,97263,17,17,17,591,591,591,0.00,0.00,0.00,0.00,0.00,0.00,0.00,0.00,0.00,0.00,0.00,0.00,0.00,0.00,0.00,0.00,0.00,0.00,0.00,0.00,0.00,327555,355328,406181,343236,368955,419284,0,0,0,0,0,0,0,77661,0,96.76,96.84,96.95
57,1,0,0,0,97265,97265,97265,14,14,14,591,591,591,0.00,0.00,0.00,0.00,0.00,0.00,0.00,0.00,0.00,0.00,0.00,0.00,0.00,0.00,0.00,0.00,0.00,0.00,0.00,0.00,0.00,330208,373686,461202,343311,386264,471684,0,0,0,0,0,0,0,79987,0,99.77,99.83,99.88
57,2,0,0,0,97267,97267,97267,12,12,12,591,591,591,0.00,0.00,0.00,0.00,0.00,0.00,0.00,0.00,0.00,0.00,0.00,0.00,0.00,0.00,0.00,0.00,0.00,0.00,0.00,0.00,0.00,327521,397776,621043,340622,411402,634146,0,0,0,0,0,0,0,77365,0,96.36,96.46,96.50
57,3,0,0,0,97267,97267,97267,12,12,12,591,591,591,0.00,0.00,0.00,0.00,0.00,0.00,0.00,0.00,0.00,0.00,0.00,0.00,0.00,0.00,0.00,0.00,0.00,0.00,0.00,0.00,0.00,428235,457230,518858,441133,471340,531961,0,0,0,0,0,0,0,73976,0,92.31,92.40,92.50
58,0,0,0,0,97263,97263,97263,17,17,17,591,591,591,0.00,0.00,0.00,0.00,0.00,0.00,0.00,0.00,0.00,0.00,0.00,0.00,0.00,0.00,0.00,0.00,0.00,0.00,0.00,0.00,0.00,327563,404863,584355,340666,419931,602698,0,0,0,0,0,0,0,77584,0,96.77,96.85,96.92
58,1,0,0,0,97265,97265,97265,14,14,14,591,591,591,0.00,0.00,0.00,0.00,0.00,0.00,0.00,0.00,0.00,0.00,0.00,0.00,0.00,0.00,0.00,0.00,0.00,0.00,0.00,0.00,0.00,330199,416656,584356,343302,432379,602699,0,0,0,0,0,0,0,89925,0,99.69,99.73,99.79
58,2,0,0,0,97267,97267,97267,12,12,12,591,591,591,0.00,0.00,0.00,0.00,0.00,0.00,0.00,0.00,0.00,0.00,0.00,0.00,0.00,0.00,0.00,0.00,0.00,0.00,0.00,0.00,0.00,317820,404850,579119,331893,418150,592221,0,0,0,0,0,0,0,58098,0,96.31,96.36,96.41
58,3,0,0,0,97267,97267,97267,12,12,12,591,591,591,0.00,0.00,0.00,0.00,0.00,0.00,0.00,0.00,0.00,0.00,0.00,0.00,0.00,0.00,0.00,0.00,0.00,0.00,0.00,0.00,0.00,421714,717063,1417523,434494,731497,1430624,0,0,0,0,0,0,0,74096,0,92.30,92.35,92.39
59,0,0,0,0,97263,97263,97263,17,17,17,591,591,591,0.00,0.00,0.00,0.00,0.00,0.00,0.00,0.00,0.00,0.00,0.00,0.00,0.00,0.00,0.00,0.00,0.00,0.00,0.00,0.00,0.00,327560,366869,453342,340662,381019,469065,0,0,0,0,0,0,0,87313,0,96.68,96.73,96.76
59,1,0,0,0,97265,97265,97265,14,14,14,591,591,591,0.00,0.00,0.00,0.00,0.00,0.00,0.00,0.00,0.00,0.00,0.00,0.00,0.00,0.00,0.00,0.00,0.00,0.00,0.00,0.00,0.00,112686,486856,1013987,125789,500482,1029708,0,0,0,0,0,0,0,79986,0,99.69,99.73,99.76
59,2,0,0,0,97267,97267,97267,12,12,12,591,591,591,0.00,0.00,0.00,0.00,0.00,0.00,0.00,0.00,0.00,0.00,0.00,0.00,0.00,0.00,0.00,0.00,0.00,0.00,0.00,0.00,0.00,330173,504164,1040318,343275,518314,1053420,0,0,0,0,0,0,0,87085,0,96.41,96.46,96.52
59,3,0,0,0,97267,97267,97267,12,12,12,591,591,591,0.00,0.00,0.00,0.00,0.00,0.00,0.00,0.00,0.00,0.00,0.00,0.00,0.00,0.00,0.00,0.00,0.00,0.00,0.00,0.00,0.00,432383,504357,627161,445485,517285,639390,0,0,0,0,0,0,0,74169,0,92.45,92.48,92.52
60,0,0,0,0,97263,97263,97263,17,17,17,591,591,591,0.00,0.00,0.00,0.00,0.00,0.00,0.00,0.00,0.00,0.00,0.00,0.00,0.00,0.00,0.00,0.00,0.00,0.00,0.00,0.00,0.00,327528,506888,1042892,340629,519796,1055673,0,0,0,0,0,0,0,77561,0,96.80,96.82,96.86
60,1,0,0,0,97265,97265,97265,14,14,14,591,591,591,0.00,0.00,0.00,0.00,0.00,0.00,0.00,0.00,0.00,0.00,0.00,0.00,0.00,0.00,0.00,0.00,0.00,0.00,0.00,0.00,0.00,321285,360541,412258,334034,374144,428425,0,0,0,0,0,0,0,59937,0,99.71,99.76,99.79
60,2,0,0,0,97267,97267,97267,12,12,12,591,591,591,0.00,0.00,0.00,0.00,0.00,0.00,0.00,0.00,0.00,0.00,0.00,0.00,0.00,0.00,0.00,0.00,0.00,0.00,0.00,0.00,0.00,330170,365813,403544,343272,379963,416647,0,0,0,0,0,0,0,77606,0,96.49,96.67,96.77
60,3,0,0,0,97267,97267,97267,12,12,12,591,591,591,0.00,0.00,0.00,0.00,0.00,0.00,0.00,0.00,0.00,0.00,0.00,0.00,0.00,0.00,0.00,0.00,0.00,0.00,0.00,0.00,0.00,437618,450727,474323,453341,464878,487426,0,0,0,0,0,0,0,55520,0,92.40,92.45,92.49
61,0,0,0,0,97263,97263,97263,17,17,17,591,591,591,0.00,0.00,0.00,0.00,0.00,0.00,0.00,0.00,0.00,0.00,0.00,0.00,0.00,0.00,0.00,0.00,0.00,0.00,0.00,0.00,0.00,322312,346428,382575,335414,360055,395677,0,0,0,0,0,0,0,58366,0,96.68,96.78,97.04
61,1,0,0,0,97265,97265,97265,14,14,14,591,591,591,0.00,0.00,0.00,0.00,0.00,0.00,0.00,0.00,0.00,0.00,0.00,0.00,0.00,0.00,0.00,0.00,0.00,0.00,0.00,0.00,0.00,335416,371573,461198,348519,384151,471680,0,0,0,0,0,0,0,80125,0,99.83,99.88,99.98
61,2,0,0,0,97267,97267,97267,12,12,12,591,591,591,0.00,0.00,0.00,0.00,0.00,0.00,0.00,0.00,0.00,0.00,0.00,0.00,0.00,0.00,0.00,0.00,0.00,0.00,0.00,0.00,0.00,212593,395232,600083,221235,407967,613186,0,0,0,0,0,0,0,78102,0,96.63,96.69,96.81
61,3,0,0,0,97267,97267,97267,12,12,12,591,591,591,0.00,0.00,0.00,0.00,0.00,0.00,0.00,0.00,0.00,0.00,0.00,0.00,0.00,0.00,0.00,0.00,0.00,0.00,0.00,0.00,0.00,424117,458498,534581,436969,472074,545063,0,0,0,0,0,0,0,83409,0,92.36,92.40,92.45
62,0,0,0,0,97263,97263,97263,17,17,17,591,591,591,0.00,0.00,0.00,0.00,0.00,0.00,0.00,0.00,0.00,0.00,0.00,0.00,0.00,0.00,0.00,0.00,0.00,0.00,0.00,0.00,0.00,324909,346948,374733,338010,361098,390456,0,0,0,0,0,0,0,78692,0,97.30,97.73,98.01
62,1,0,0,0,97265,97265,97265,14,14,14,591,591,591,0.00,0.00,0.00,0.00,0.00,0.00,0.00,0.00,0.00,0.00,0.00,0.00,0.00,0.00,0.00,0.00,0.00,0.00,0.00,0.00,0.00,10481,276198,364247,20963,289825,379970,0,0,0,0,0,0,0,91295,0,100.28,100.69,101.01
62,2,0,0,0,97267,97267,97267,12,12,12,591,591,591,0.00,0.00,0.00,0.00,0.00,0.00,0.00,0.00,0.00,0.00,0.00,0.00,0.00,0.00,0.00,0.00,0.00,0.00,0.00,0.00,0.00,319055,346774,390219,331817,360403,403675,0,0,0,0,0,0,0,88307,0,97.00,97.50,97.88
62,3,0,0,0,97267,97267,97267,12,12,12,591,591,591,0.00,0.00,0.00,0.00,0.00,0.00,0.00,0.00,0.00,0.00,0.00,0.00,0.00,0.00,0.00,0.00,0.00,0.00,0.00,0.00,0.00,427140,668947,1525896,440242,682594,1539999,0,0,0,0,0,0,0,74524,0,92.62,92.82,92.98
63,0,0,0,0,97263,97263,97263,17,17,17,591,591,591,0.00,0.00,0.00,0.00,0.00,0.00,0.00,0.00,0.00,0.00,0.00,0.00,0.00,0.00,0.00,0.00,0.00,0.00,0.00,0.00,0.00,7861,274104,361630,23584,287207,372112,0,0,0,0,0,0,0,88887,0,97.80,97.93,98.23
63,1,0,0,0,97265,97265,97265,14,14,14,591,591,591,0.00,0.00,0.00,0.00,0.00,0.00,0.00,0.00,0.00,0.00,0.00,0.00,0.00,0.00,0.00,0.00,0.00,0.00,0.00,0.00,0.00,325791,486009,1035093,338618,500105,1050816,0,0,0,0,0,0,0,81184,0,100.77,100.84,100.94
63,2,0,0,0,97267,97267,97267,12,12,12,591,591,591,0.00,0.00,0.00,0.00,0.00,0.00,0.00,0.00,0.00,0.00,0.00,0.00,0.00,0.00,0.00,0.00,0.00,0.00,0.00,0.00,0.00,317073,501550,1160850,330176,515176,1171332,0,0,0,0,0,0,0,78424,0,97.25,97.42,97.58
63,3,0,0,0,97267,97267,97267,12,12,12,591,591,591,0.00,0.00,0.00,0.00,0.00,0.00,0.00,0.00,0.00,0.00,0.00,0.00,0.00,0.00,0.00,0.00,0.00,0.00,0.00,0.00,0.00,289580,434223,513622,298302,447497,526724,0,0,0,0,0,0,0,74711,0,92.89,93.00,93.16
64,0,0,0,0,97263,97263,97263,17,17,17,591,591,591,0.00,0.00,0.00,0.00,0.00,0.00,0.00,0.00,0.00,0.00,0.00,0.00,0.00,0.00,0.00,0.00,0.00,0.00,0.00,0.00,0.00,348892,515966,1015897,362311,529009,1028756,0,0,0,0,0,0,0,77894,0,97.16,97.66,98.14
64,1,0,0,0,97265,97265,97265,14,14,14,591,591,591,0.00,0.00,0.00,0.00,0.00,0.00,0.00,0.00,0.00,0.00,0.00,0.00,0.00,0.00,0.00,0.00,0.00,0.00,0.00,0.00,0.00,327564,382440,478663,340666,395210,487398,0,0,0,0,0,0,0,80302,0,100.11,100.60,101.01
64,2,0,0,0,97267,97267,97267,12,12,12,591,591,591,0.00,0.00,0.00,0.00,0.00,0.00,0.00,0.00,0.00,0.00,0.00,0.00,0.00,0.00,0.00,0.00,0.00,0.00,0.00,0.00,0.00,327521,394633,600085,340622,408259,615808,0,0,0,0,0,0,0,77672,0,96.79,97.10,97.46
64,3,0,0,0,97267,97267,97267,12,12,12,591,591,591,0.00,0.00,0.00,0.00,0.00,0.00,0.00,0.00,0.00,0.00,0.00,0.00,0.00,0.00,0.00,0.00,0.00,0.00,0.00,0.00,0.00,437627,459111,479537,450729,472737,490019,0,0,0,0,0,0,0,74357,0,92.74,92.94,93.11
65,0,0,0,0,97263,97263,97263,17,17,17,591,591,591,0.00,0.00,0.00,0.00,0.00,0.00,0.00,0.00,0.00,0.00,0.00,0.00,0.00,0.00,0.00,0.00,0.00,0.00,0.00,0.00,0.00,331285,343867,361628,344327,357622,377351,0,0,0,0,0,0,0,77800,0,96.94,97.00,97.08
65,1,0,0,0,97265,97265,97265,14,14,14,591,591,591,0.00,0.00,0.00,0.00,0.00,0.00,0.00,0.00,0.00,0.00,0.00,0.00,0.00,0.00,0.00,0.00,0.00,0.00,0.00,0.00,0.00,327549,351801,411415,340651,365558,427137,0,0,0,0,0,0,0,79962,0,99.78,99.91,100.04
65,2,0,0,0,97267,97267,97267,12,12,12,591,591,591,0.00,0.00,0.00,0.00,0.00,0.00,0.00,0.00,0.00,0.00,0.00,0.00,0.00,0.00,0.00,0.00,0.00,0.00,0.00,0.00,0.00,215435,358121,508370,224052,371335,524093,0,0,0,0,0,0,0,58042,0,96.50,96.57,96.60
65,3,0,0,0,97267,97267,97267,12,12,12,591,591,591,0.00,0.00,0.00,0.00,0.00,0.00,0.00,0.00,0.00,0.00,0.00,0.00,0.00,0.00,0.00,0.00,0.00,0.00,0.00,0.00,0.00,427146,451842,492640,440248,464760,505742,0,0,0,0,0,0,0,83539,0,92.59,92.64,92.71
66,0,0,0,0,97263,97263,97263,17,17,17,591,591,591,0.00,0.00,0.00,0.00,0.00,0.00,0.00,0.00,0.00,0.00,0.00,0.00,0.00,0.00,0.00,0.00,0.00,0.00,0.00,0.00,0.00,329510,351540,393091,342586,365162,408815,0,0,0,0,0,0,0,77511,0,96.91,96.97,97.03
66,1,0,0,0,97265,97265,97265,14,14,14,591,591,591,0.00,0.00,0.00,0.00,0.00,0.00,0.00,0.00,0.00,0.00,0.00,0.00,0.00,0.00,0.00,0.00,0.00,0.00,0.00,0.00,0.00,5241,420827,1050698,18343,434453,1063799,0,0,0,0,0,0,0,90006,0,99.76,99.82,99.89
66,2,0,0,0,97267,97267,97267,12,12,12,591,591,591,0.00,0.00,0.00,0.00,0.00,0.00,0.00,0.00,0.00,0.00,0.00,0.00,0.00,0.00,0.00,0.00,0.00,0.00,0.00,0.00,0.00,324930,490729,1050795,338032,504420,1063897,0,0,0,0,0,0,0,87107,0,96.45,96.47,96.49
66,3,0,0,0,97267,97267,97267,12,12,12,591,591,591,0.00,0.00,0.00,0.00,0.00,0.00,0.00,0.00,0.00,0.00,0.00,0.00,0.00,0.00,0.00,0.00,0.00,0.00,0.00,0.00,0.00,435013,650151,1327128,448116,663767,1342412,0,0,0,0,0,0,0,74078,0,92.65,92.67,92.68
67,0,0,0,0,97263,97263,97263,17,17,17,591,591,591,0.00,0.00,0.00,0.00,0.00,0.00,0.00,0.00,0.00,0.00,0.00,0.00,0.00,0.00,0.00,0.00,0.00,0.00,0.00,0.00,0.00,13101,406698,1011504,26202,419800,1024606,0,0,0,0,0,0,0,87211,0,96.69,96.72,96.78
67,1,0,0,0,97265,97265,97265,14,14,14,591,591,591,0.00,0.00,0.00,0.00,0.00,0.00,0.00,0.00,0.00,0.00,0.00,0.00,0.00,0.00,0.00,0.00,0.00,0.00,0.00,0.00,0.00,327553,360199,385205,340655,373776,398307,0,0,0,0,0,0,0,60024,0,99.75,99.79,99.88
67,2,0,0,0,97267,97267,97267,12,12,12,591,591,591,0.00,0.00,0.00,0.00,0.00,0.00,0.00,0.00,0.00,0.00,0.00,0.00,0.00,0.00,0.00,0.00,0.00,0.00,0.00,0.00,0.00,330176,361090,398305,345898,374716,411407,0,0,0,0,0,0,0,77276,0,96.36,96.42,96.49
67,3,0,0,0,97267,97267,97267,12,12,12,591,591,591,0.00,0.00,0.00,0.00,0.00,0.00,0.00,0.00,0.00,0.00,0.00,0.00,0.00,0.00,0.00,0.00,0.00,0.00,0.00,0.00,0.00,435030,497193,667347,448133,510121,679576,0,0,0,0,0,0,0,55579,0,92.39,92.43,92.50
68,0,0,0,0,97263,97263,97263,17,17,17,591,591,591,0.00,0.00,0.00,0.00,0.00,0.00,0.00,0.00,0.00,0.00,0.00,0.00,0.00,0.00,0.00,0.00,0.00,0.00,0.00,0.00,0.00,343829,415524,558164,356659,430690,573887,0,0,0,0,0,0,0,58470,0,96.73,96.79,96.88
68,1,0,0,0,97265,97265,97265,14,14,14,591,591,591,0.00,0.00,0.00,0.00,0.00,0.00,0.00,0.00,0.00,0.00,0.00,0.00,0.00,0.00,0.00,0.00,0.00,0.00,0.00,0.00,0.00,315876,406468,581749,329261,421658,600092,0,0,0,0,0,0,0,79976,0,99.77,99.78,99.81
68,2,0,0,0,97267,97267,97267,12,12,12,591,591,591,0.00,0.00,0.00,0.00,0.00,0.00,0.00,0.00,0.00,0.00,0.00,0.00,0.00,0.00,0.00,0.00,0.00,0.00,0.00,0.00,0.00,327564,458055,623664,343287,472730,636766,0,0,0,0,0,0,0,77447,0,96.34,96.43,96.55
68,3,0,0,0,97267,97267,97267,12,12,12,591,591,591,0.00,0.00,0.00,0.00,0.00,0.00,0.00,0.00,0.00,0.00,0.00,0.00,0.00,0.00,0.00,0.00,0.00,0.00,0.00,0.00,0.00,432383,471151,526689,448106,485826,542411,0,0,0,0,0,0,0,74201,0,92.45,92.53,92.61
69,0,0,0,0,97263,97263,97263,17,17,17,591,591,591,0.00,0.00,0.00,0.00,0.00,0.00,0.00,0.00,0.00,0.00,0.00,0.00,0.00,0.00,0.00,0.00,0.00,0.00,0.00,0.00,0.00,330167,364772,450731,345890,378923,463833,0,0,0,0,0,0,0,77605,0,96.73,96.87,96.94
69,1,0,0,0,97265,97265,97265,14,14,14,591,591,591,0.00,0.00,0.00,0.00,0.00,0.00,0.00,0.00,0.00,0.00,0.00,0.00,0.00,0.00,0.00,0.00,0.00,0.00,0.00,0.00,0.00,327572,370004,461702,340675,384155,480065,0,0,0,0,0,0,0,79965,0,99.73,99.77,99.79
69,2,0,0,0,97267,97267,97267,12,12,12,591,591,591,0.00,0.00,0.00,0.00,0.00,0.00,0.00,0.00,0.00,0.00,0.00,0.00,0.00,0.00,0.00,0.00,0.00,0.00,0.00,0.00,0.00,324935,364008,408800,338038,378111,424523,0,0,0,0,0,0,0,86941,0,96.43,96.51,96.54
69,3,0,0,0,97267,97267,97267,12,12,12,591,591,591,0.00,0.00,0.00,0.00,0.00,0.00,0.00,0.00,0.00,0.00,0.00,0.00,0.00,0.00,0.00,0.00,0.00,0.00,0.00,0.00,0.00,400528,660585,1475252,416236,674607,1490646,0,0,0,0,0,0,0,83465,0,92.61,92.64,92.68
70,0,0,0,0,97263,97263,97263,17,17,17,591,591,591,0.00,0.00,0.00,0.00,0.00,0.00,0.00,0.00,0.00,0.00,0.00,0.00,0.00,0.00,0.00,0.00,0.00,0.00,0.00,0.00,0.00,332763,351137,390439,345864,364763,406162,0,0,0,0,0,0,0,77651,0,96.74,96.80,96.86
70,1,0,0,0,97265,97265,97265,14,14,14,591,591,591,0.00,0.00,0.00,0.00,0.00,0.00,0.00,0.00,0.00,0.00,0.00,0.00,0.00,0.00,0.00,0.00,0.00,0.00,0.00,0.00,0.00,338033,504179,1069141,351135,517805,1084864,0,0,0,0,0,0,0,79930,0,99.81,99.82,99.85
70,2,0,0,0,97267,97267,97267,12,12,12,591,591,591,0.00,0.00,0.00,0.00,0.00,0.00,0.00,0.00,0.00,0.00,0.00,0.00,0.00,0.00,0.00,0.00,0.00,0.00,0.00,0.00,0.00,2620,444424,1168704,18343,458050,1181806,0,0,0,0,0,0,0,77403,0,96.44,96.49,96.53
70,3,0,0,0,97267,97267,97267,12,12,12,591,591,591,0.00,0.00,0.00,0.00,0.00,0.00,0.00,0.00,0.00,0.00,0.00,0.00,0.00,0.00,0.00,0.00,0.00,0.00,0.00,0.00,0.00,434990,479084,552912,448092,492785,566015,0,0,0,0,0,0,0,74127,0,92.49,92.55,92.60
71,0,0,0,0,97263,97263,97263,17,17,17,591,591,591,0.00,0.00,0.00,0.00,0.00,0.00,0.00,0.00,0.00,0.00,0.00,0.00,0.00,0.00,0.00,0.00,0.00,0.00,0.00,0.00,0.00,15722,448183,998367,28825,461410,1011469,0,0,0,0,0,0,0,78249,0,96.79,97.05,97.36
71,1,0,0,0,97265,97265,97265,14,14,14,591,591,591,0.00,0.00,0.00,0.00,0.00,0.00,0.00,0.00,0.00,0.00,0.00,0.00,0.00,0.00,0.00,0.00,0.00,0.00,0.00,0.00,0.00,221865,333172,411416,230599,345820,424518,0,0,0,0,0,0,0,80104,0,99.72,99.83,99.93
71,2,0,0,0,97267,97267,97267,12,12,12,591,591,591,0.00,0.00,0.00,0.00,0.00,0.00,0.00,0.00,0.00,0.00,0.00,0.00,0.00,0.00,0.00,0.00,0.00,0.00,0.00,0.00,0.00,324938,396736,626290,338041,410362,642012,0,0,0,0,0,0,0,77609,0,96.41,96.51,96.61
71,3,0,0,0,97267,97267,97267,12,12,12,591,591,591,0.00,0.00,0.00,0.00,0.00,0.00,0.00,0.00,0.00,0.00,0.00,0.00,0.00,0.00,0.00,0.00,0.00,0.00,0.00,0.00,0.00,434996,459103,492674,450719,473253,505777,0,0,0,0,0,0,0,74708,0,92.49,92.75,93.03
72,0,0,0,0,97263,97263,97263,17,17,17,591,591,591,0.00,0.00,0.00,0.00,0.00,0.00,0.00,0.00,0.00,0.00,0.00,0.00,0.00,0.00,0.00,0.00,0.00,0.00,0.00,0.00,0.00,320625,351645,424463,332034,364737,440184,0,0,0,0,0,0,0,77671,0,96.85,97.14,97.39
72,1,0,0,0,97265,97265,97265,14,14,14,591,591,591,0.00,0.00,0.00,0.00,0.00,0.00,0.00,0.00,0.00,0.00,0.00,0.00,0.00,0.00,0.00,0.00,0.00,0.00,0.00,0.00,0.00,321278,344644,390457,334664,358851,403559,0,0,0,0,0,0,0,79930,0,99.73,99.85,99.97
72,2,0,0,0,97267,97267,97267,12,12,12,591,591,591,0.00,0.00,0.00,0.00,0.00,0.00,0.00,0.00,0.00,0.00,0.00,0.00,0.00,0.00,0.00,0.00,0.00,0.00,0.00,0.00,0.00,327557,392011,560739,340659,405113,571220,0,0,0,0,0,0,0,58067,0,96.51,96.56,96.61
72,3,0,0,0,97267,97267,97267,12,12,12,591,591,591,0.00,0.00,0.00,0.00,0.00,0.00,0.00,0.00,0.00,0.00,0.00,0.00,0.00,0.00,0.00,0.00,0.00,0.00,0.00,0.00,0.00,432384,454919,495267,445487,468545,508370,0,0,0,0,0,0,0,83350,0,92.56,92.86,93.08
73,0,0,0,0,97263,97263,97263,17,17,17,591,591,591,0.00,0.00,0.00,0.00,0.00,0.00,0.00,0.00,0.00,0.00,0.00,0.00,0.00,0.00,0.00,0.00,0.00,0.00,0.00,0.00,0.00,322320,339615,364246,335422,353765,377348,0,0,0,0,0,0,0,78704,0,96.84,97.24,97.65
73,1,0,0,0,97265,97265,97265,14,14,14,591,591,591,0.00,0.00,0.00,0.00,0.00,0.00,0.00,0.00,0.00,0.00,0.00,0.00,0.00,0.00,0.00,0.00,0.00,0.00,0.00,0.00,0.00,327563,359531,406182,343286,372633,416664,0,0,0,0,0,0,0,90506,0,99.76,100.01,100.23
73,2,0,0,0,97267,97267,97267,12,12,12,591,591,591,0.00,0.00,0.00,0.00,0.00,0.00,0.00,0.00,0.00,0.00,0.00,0.00,0.00,0.00,0.00,0.00,0.00,0.00,0.00,0.00,0.00,5240,412515,1027219,18343,426102,1042942,0,0,0,0,0,0,0,88119,0,96.59,96.97,97.41
73,3,0,0,0,97267,97267,97267,12,12,12,591,591,591,0.00,0.00,0.00,0.00,0.00,0.00,0.00,0.00,0.00,0.00,0.00,0.00,0.00,0.00,0.00,0.00,0.00,0.00,0.00,0.00,0.00,364461,614137,1339064,374825,626695,1352167,0,0,0,0,0,0,0,74702,0,92.51,92.75,93.06
74,0,0,0,2,96697,97075,97263,17,203,582,591,591,591,0.00,0.00,0.00,0.00,0.00,0.00,0.00,0.00,0.00,0.00,0.00,0.00,0.00,0.00,0.00,0.00,0.00,0.00,0.00,0.00,0.00,348570,2032250,4939567,364295,2266159,5432301,0,0,0,0,0,0,0,119348,0,97.86,108.19,120.68
74,1,0,0,2,96701,97078,97265,14,200,578,591,591,591,0.00,0.00,0.00,0.00,0.00,0.00,0.00,0.00,0.00,0.00,0.00,0.00,0.00,0.00,0.00,0.00,0.00,0.00,0.00,0.00,0.00,1006297,1971226,3176554,1019400,2224476,3517274,0,0,0,0,0,0,0,83725,0,100.25,111.84,125.10
74,2,0,0,2,96703,97079,97267,12,200,576,591,591,591,0.00,0.00,0.00,0.00,0.00,0.00,0.00,0.00,0.00,0.00,0.00,0.00,0.00,0.00,0.00,0.00,0.00,0.00,0.00,0.00,0.00,366631,1668072,3637849,379725,1903940,4033610,0,0,0,0,0,0,0,106109,0,97.53,110.62,124.30
74,3,0,0,0,96701,97079,97267,12,199,578,591,591,591,0.00,0.00,0.00,0.00,0.00,0.00,0.00,0.00,0.00,0.00,0.00,0.00,0.00,0.00,0.00,0.00,0.00,0.00,0.00,0.00,0.00,427124,2014186,3590697,442847,2297805,3947145,0,0,0,0,0,0,0,91900,0,93.13,103.35,115.97
75,0,0,0,0,96505,96543,96697,582,735,774,591,591,591,0.00,0.00,0.00,0.00,0.00,0.00,0.00,0.00,0.00,0.00,0.00,0.00,0.00,0.00,0.00,0.00,0.00,0.00,0.00,0.00,0.00,301487,420752,626384,311973,556252,1156277,0,0,0,0,0,0,0,84871,0,129.83,138.92,142.92
75,1,0,0,0,96507,96545,96699,580,733,772,591,591,591,0.00,0.00,0.00,0.00,0.00,0.00,0.00,0.00,0.00,0.00,0.00,0.00,0.00,0.00,0.00,0.00,0.00,0.00,0.00,0.00,0.00,309272,419347,676169,324998,558775,1310405,0,0,0,0,0,0,0,116504,0,133.98,143.06,146.96
75,2,0,0,0,96509,96547,96701,578,731,770,591,591,591,0.00,0.00,0.00,0.00,0.00,0.00,0.00,0.00,0.00,0.00,0.00,0.00,0.00,0.00,0.00,0.00,0.00,0.00,0.00,0.00,0.00,300783,525109,723332,313748,699119,943592,0,0,0,0,0,0,0,129079,0,133.34,141.67,144.92
75,3,0,1,7,96509,96547,96701,578,731,770,591,591,591,0.00,0.00,0.00,0.00,0.00,0.00,0.00,0.00,0.00,0.00,0.00,0.00,0.00,0.00,0.00,0.00,0.00,0.00,0.00,0.00,0.00,421976,504270,642100,435081,640029,1260613,0,0,0,0,0,0,0,109472,0,124.51,134.03,138.41
76,0,0,0,0,96505,96505,96505,774,774,774,591,591,591,0.00,0.00,0.00,0.00,0.00,0.00,0.00,0.00,0.00,0.00,0.00,0.00,0.00,0.00,0.00,0.00,0.00,0.00,0.00,0.00,0.00,296169,323426,390524,309274,337055,406250,0,0,0,0,0,0,0,113330,0,141.03,141.11,141.24
76,1,0,0,0,96507,96507,96507,772,772,772,591,591,591,0.00,0.00,0.00,0.00,0.00,0.00,0.00,0.00,0.00,0.00,0.00,0.00,0.00,0.00,0.00,0.00,0.00,0.00,0.00,0.00,0.00,304030,321848,382657,317135,335477,395761,0,0,0,0,0,0,0,116207,0,145.03,145.21,145.36
76,2,0,0,0,96509,96509,96509,770,770,770,591,591,591,0.00,0.00,0.00,0.00,0.00,0.00,0.00,0.00,0.00,0.00,0.00,0.00,0.00,0.00,0.00,0.00,0.00,0.00,0.00,0.00,0.00,159882,532753,1263285,172987,546207,1276389,0,0,0,0,0,0,0,114733,0,142.87,142.96,143.03
76,3,0,0,0,96509,96509,96509,770,770,770,591,591,591,0.00,0.00,0.00,0.00,0.00,0.00,0.00,0.00,0.00,0.00,0.00,0.00,0.00,0.00,0.00,0.00,0.00,0.00,0.00,0.00,0.00,416729,454995,537303,432455,468624,550408,0,0,0,0,0,0,0,123220,0,136.49,136.57,136.73
78,0,0,0,0,96505,96505,96505,774,774,774,591,591,591,0.00,0.00,0.00,0.00,0.00,0.00,0.00,0.00,0.00,0.00,0.00,0.00,0.00,0.00,0.00,0.00,0.00,0.00,0.00,0.00,0.00,0,278696,469153,10483,296169,495363,0,0,0,0,0,0,0,254387,0,141.28,141.30,141.31
78,1,0,0,0,96507,96507,96507,772,772,772,591,591,591,0.00,0.00,0.00,0.00,0.00,0.00,0.00,0.00,0.00,0.00,0.00,0.00,0.00,0.00,0.00,0.00,0.00,0.00,0.00,0.00,0.00,332859,1472497,3429395,356448,1508972,3496883,0,0,0,0,0,0,0,246933,0,145.16,145.23,145.30
78,2,0,0,0,96509,96509,96509,770,770,770,591,591,591,0.00,0.00,0.00,0.00,0.00,0.00,0.00,0.00,0.00,0.00,0.00,0.00,0.00,0.00,0.00,0.00,0.00,0.00,0.00,0.00,0.00,1258046,3513718,5221857,1273772,3581576,5320564,0,0,0,0,0,0,0,57486,0,143.39,143.42,143.45
78,3,0,0,0,96509,96509,96509,770,770,770,591,591,591,0.00,0.00,0.00,0.00,0.00,0.00,0.00,0.00,0.00,0.00,0.00,0.00,0.00,0.00,0.00,0.00,0.00,0.00,0.00,0.00,0.00,442944,4099567,8114244,458670,4159310,8221735,0,0,0,0,0,0,0,55219,0,136.59,136.80,136.99
79,0,0,0,0,96505,96505,96505,774,774,774,591,591,591,0.00,0.00,0.00,0.00,0.00,0.00,0.00,0.00,0.00,0.00,0.00,0.00,0.00,0.00,0.00,0.00,0.00,0.00,0.00,0.00,0.00,306649,333384,380038,317133,347537,393143,0,0,0,0,0,0,0,113550,0,141.28,141.41,141.54
79,1,0,0,0,96507,96507,96507,772,772,772,591,591,591,0.00,0.00,0.00,0.00,0.00,0.00,0.00,0.00,0.00,0.00,0.00,0.00,0.00,0.00,0.00,0.00,0.00,0.00,0.00,0.00,0.00,309271,546723,1336680,322375,560352,1349785,0,0,0,0,0,0,0,130965,0,145.18,145.21,145.25
79,2,0,0,0,96509,96509,96509,770,770,770,591,591,591,0.00,0.00,0.00,0.00,0.00,0.00,0.00,0.00,0.00,0.00,0.00,0.00,0.00,0.00,0.00,0.00,0.00,0.00,0.00,0.00,0.00,309257,377418,571377,322361,391571,584482,0,0,0,0,0,0,0,114791,0,143.01,143.09,143.29
79,3,0,0,0,96509,96509,96509,770,770,770,591,591,591,0.00,0.00,0.00,0.00,0.00,0.00,0.00,0.00,0.00,0.00,0.00,0.00,0.00,0.00,0.00,0.00,0.00,0.00,0.00,0.00,0.00,429839,558050,765322,442944,572181,778427,0,0,0,0,0,0,0,110265,0,137.14,137.32,137.39
80,0,0,0,0,96505,96505,96505,774,774,774,591,591,591,0.00,0.00,0.00,0.00,0.00,0.00,0.00,0.00,0.00,0.00,0.00,0.00,0.00,0.00,0.00,0.00,0.00,0.00,0.00,0.00,0.00,306637,536246,1302626,319742,549874,1318352,0,0,0,0,0,0,0,127552,0,141.32,141.44,141.60
80,1,0,0,0,96507,96507,96507,772,772,772,591,591,591,0.00,0.00,0.00,0.00,0.00,0.00,0.00,0.00,0.00,0.00,0.00,0.00,0.00,0.00,0.00,0.00,0.00,0.00,0.00,0.00,0.00,304032,368505,597576,317137,382134,613302,0,0,0,0,0,0,0,116413,0,145.21,145.24,145.28
80,2,0,0,0,96509,96509,96509,770,770,770,591,591,591,0.00,0.00,0.00,0.00,0.00,0.00,0.00,0.00,0.00,0.00,0.00,0.00,0.00,0.00,0.00,0.00,0.00,0.00,0.00,0.00,0.00,306652,314516,330241,319760,328670,345967,0,0,0,0,0,0,0,114719,0,143.09,143.13,143.18
80,3,0,0,0,96509,96509,96509,770,770,770,591,591,591,0.00,0.00,0.00,0.00,0.00,0.00,0.00,0.00,0.00,0.00,0.00,0.00,0.00,0.00,0.00,0.00,0.00,0.00,0.00,0.00,0.00,416733,459717,581855,427217,473346,597581,0,0,0,0,0,0,0,110259,0,137.37,137.39,137.42
81,0,0,0,0,96505,96505,96505,774,774,774,591,591,591,0.00,0.00,0.00,0.00,0.00,0.00,0.00,0.00,0.00,0.00,0.00,0.00,0.00,0.00,0.00,0.00,0.00,0.00,0.00,0.00,0.00,301403,364502,571362,317129,378095,584467,0,0,0,0,0,0,0,113499,0,141.35,141.44,141.53
81,1,0,0,0,96507,96507,96507,772,772,772,591,591,591,0.00,0.00,0.00,0.00,0.00,0.00,0.00,0.00,0.00,0.00,0.00,0.00,0.00,0.00,0.00,0.00,0.00,0.00,0.00,0.00,0.00,305577,402358,634271,318525,415956,649997,0,0,0,0,0,0,0,116483,0,145.16,145.23,145.30
81,2,0,0,0,96509,96509,96509,770,770,770,591,591,591,0.00,0.00,0.00,0.00,0.00,0.00,0.00,0.00,0.00,0.00,0.00,0.00,0.00,0.00,0.00,0.00,0.00,0.00,0.00,0.00,0.00,311895,357500,393145,325005,371130,406250,0,0,0,0,0,0,0,114672,0,143.00,143.03,143.05
81,3,0,0,0,96509,96509,96509,770,770,770,591,591,591,0.00,0.00,0.00,0.00,0.00,0.00,0.00,0.00,0.00,0.00,0.00,0.00,0.00,0.00,0.00,0.00,0.00,0.00,0.00,0.00,0.00,424599,462858,579234,437704,477011,592339,0,0,0,0,0,0,0,110138,0,137.29,137.31,137.33
82,0,0,0,0,96505,96505,96505,774,774,774,591,591,591,0.00,0.00,0.00,0.00,0.00,0.00,0.00,0.00,0.00,0.00,0.00,0.00,0.00,0.00,0.00,0.00,0.00,0.00,0.00,0.00,0.00,298791,314511,343343,311896,328139,356448,0,0,0,0,0,0,0,113246,0,141.16,141.34,141.46
82,1,0,0,0,96507,96507,96507,772,772,772,591,591,591,0.00,0.00,0.00,0.00,0.00,0.00,0.00,0.00,0.00,0.00,0.00,0.00,0.00,0.00,0.00,0.00,0.00,0.00,0.00,0.00,0.00,304030,325520,390520,314514,339149,403625,0,0,0,0,0,0,0,116500,0,145.33,145.37,145.42
82,2,0,0,0,96509,96509,96509,770,770,770,591,591,591,0.00,0.00,0.00,0.00,0.00,0.00,0.00,0.00,0.00,0.00,0.00,0.00,0.00,0.00,0.00,0.00,0.00,0.00,0.00,0.00,0.00,311894,551959,1255193,324998,565618,1272271,0,0,0,0,0,0,0,114887,0,143.04,143.12,143.18
82,3,0,0,0,96509,96509,96509,770,770,770,591,591,591,0.00,0.00,0.00,0.00,0.00,0.00,0.00,0.00,0.00,0.00,0.00,0.00,0.00,0.00,0.00,0.00,0.00,0.00,0.00,0.00,0.00,0,467581,998595,13104,481210,1011700,0,0,0,0,0,0,0,123896,0,137.19,137.25,137.30
83,0,0,0,0,96505,96505,96505,774,774,774,591,591,591,0.00,0.00,0.00,0.00,0.00,0.00,0.00,0.00,0.00,0.00,0.00,0.00,0.00,0.00,0.00,0.00,0.00,0.00,0.00,0.00,0.00,298787,314513,338103,309271,328142,351208,0,0,0,0,0,0,0,113529,0,141.19,141.36,141.56
83,1,0,0,0,96507,96507,96507,772,772,772,591,591,591,0.00,0.00,0.00,0.00,0.00,0.00,0.00,0.00,0.00,0.00,0.00,0.00,0.00,0.00,0.00,0.00,0.00,0.00,0.00,0.00,0.00,157256,469149,1103417,170361,483302,1116522,0,0,0,0,0,0,0,131012,0,145.21,145.31,145.36
83,2,0,0,0,96509,96509,96509,770,770,770,591,591,591,0.00,0.00,0.00,0.00,0.00,0.00,0.00,0.00,0.00,0.00,0.00,0.00,0.00,0.00,0.00,0.00,0.00,0.00,0.00,0.00,0.00,304036,357498,550392,319762,371127,560876,0,0,0,0,0,0,0,114714,0,143.03,143.09,143.15
83,3,0,0,0,96509,96509,96509,770,770,770,591,591,591,0.00,0.00,0.00,0.00,0.00,0.00,0.00,0.00,0.00,0.00,0.00,0.00,0.00,0.00,0.00,0.00,0.00,0.00,0.00,0.00,0.00,427283,500871,783668,440153,514463,796773,0,0,0,0,0,0,0,110078,0,137.17,137.19,137.21
84,0,0,0,0,96505,96505,96505,774,774,774,591,591,591,0.00,0.00,0.00,0.00,0.00,0.00,0.00,0.00,0.00,0.00,0.00,0.00,0.00,0.00,0.00,0.00,0.00,0.00,0.00,0.00,0.00,149395,316610,427217,165121,330764,440322,0,0,0,0,0,0,0,127486,0,141.32,141.44,141.51
84,1,0,0,0,96507,96507,96507,772,772,772,591,591,591,0.00,0.00,0.00,0.00,0.00,0.00,0.00,0.00,0.00,0.00,0.00,0.00,0.00,0.00,0.00,0.00,0.00,0.00,0.00,0.00,0.00,311875,372695,605441,324997,386324,618546,0,0,0,0,0,0,0,116524,0,145.25,145.27,145.30
84,2,0,0,0,96509,96509,96509,770,770,770,591,591,591,0.00,0.00,0.00,0.00,0.00,0.00,0.00,0.00,0.00,0.00,0.00,0.00,0.00,0.00,0.00,0.00,0.00,0.00,0.00,0.00,0.00,301395,334954,435069,314499,348583,448174,0,0,0,0,0,0,0,86061,0,142.92,142.98,143.02
84,3,0,0,0,96509,96509,96509,770,770,770,591,591,591,0.00,0.00,0.00,0.00,0.00,0.00,0.00,0.00,0.00,0.00,0.00,0.00,0.00,0.00,0.00,0.00,0.00,0.00,0.00,0.00,0.00,416735,463388,589719,432461,477541,602824,0,0,0,0,0,0,0,82668,0,137.21,137.28,137.31
85,0,0,0,0,96505,96505,96505,774,774,774,591,591,591,0.00,0.00,0.00,0.00,0.00,0.00,0.00,0.00,0.00,0.00,0.00,0.00,0.00,0.00,0.00,0.00,0.00,0.00,0.00,0.00,0.00,304032,524181,1140060,317137,537285,1150543,0,0,0,0,0,0,0,84940,0,141.27,141.32,141.37
85,1,0,0,0,96507,96507,96507,772,772,772,591,591,591,0.00,0.00,0.00,0.00,0.00,0.00,0.00,0.00,0.00,0.00,0.00,0.00,0.00,0.00,0.00,0.00,0.00,0.00,0.00,0.00,0.00,301410,384500,636889,316372,398019,649994,0,0,0,0,0,0,0,87359,0,145.35,145.38,145.43
85,2,0,0,0,96509,96509,96509,770,770,770,591,591,591,0.00,0.00,0.00,0.00,0.00,0.00,0.00,0.00,0.00,0.00,0.00,0.00,0.00,0.00,0.00,0.00,0.00,0.00,0.00,0.00,0.00,309273,352781,401008,322377,366934,414112,0,0,0,0,0,0,0,114792,0,142.98,143.03,143.12
85,3,0,0,0,96509,96509,96509,770,770,770,591,591,591,0.00,0.00,0.00,0.00,0.00,0.00,0.00,0.00,0.00,0.00,0.00,0.00,0.00,0.00,0.00,0.00,0.00,0.00,0.00,0.00,0.00,416734,447662,524194,429839,460767,537299,0,0,0,0,0,0,0,110123,0,137.20,137.24,137.31
86,0,0,0,0,96505,96505,96505,774,774,774,591,591,591,0.00,0.00,0.00,0.00,0.00,0.00,0.00,0.00,0.00,0.00,0.00,0.00,0.00,0.00,0.00,0.00,0.00,0.00,0.00,0.00,0.00,304209,375359,592332,319678,389462,605436,0,0,0,0,0,0,0,113476,0,141.27,141.40,141.58
86,1,0,0,0,96507,96507,96507,772,772,772,591,591,591,0.00,0.00,0.00,0.00,0.00,0.00,0.00,0.00,0.00,0.00,0.00,0.00,0.00,0.00,0.00,0.00,0.00,0.00,0.00,0.00,0.00,304013,328913,391769,317117,342604,405186,0,0,0,0,0,0,0,116521,0,145.29,145.34,145.37
86,2,0,0,0,96509,96509,96509,770,770,770,591,591,591,0.00,0.00,0.00,0.00,0.00,0.00,0.00,0.00,0.00,0.00,0.00,0.00,0.00,0.00,0.00,0.00,0.00,0.00,0.00,0.00,0.00,311888,492789,1121699,322371,505472,1134563,0,0,0,0,0,0,0,129247,0,143.17,143.23,143.30
86,3,0,0,0,96509,96509,96509,770,770,770,591,591,591,0.00,0.00,0.00,0.00,0.00,0.00,0.00,0.00,0.00,0.00,0.00,0.00,0.00,0.00,0.00,0.00,0.00,0.00,0.00,0.00,0.00,429831,559309,964520,442936,573462,977625,0,0,0,0,0,0,0,124016,0,137.19,137.23,137.28
87,0,0,0,0,96505,96505,96505,774,774,774,591,591,591,0.00,0.00,0.00,0.00,0.00,0.00,0.00,0.00,0.00,0.00,0.00,0.00,0.00,0.00,0.00,0.00,0.00,0.00,0.00,0.00,0.00,304024,327092,393150,319744,340721,406255,0,0,0,0,0,0,0,113531,0,141.47,141.55,141.63
87,1,0,0,0,96507,96507,96507,772,772,772,591,591,591,0.00,0.00,0.00,0.00,0.00,0.00,0.00,0.00,0.00,0.00,0.00,0.00,0.00,0.00,0.00,0.00,0.00,0.00,0.00,0.00,0.00,311895,555118,1310480,325000,568747,1323585,0,0,0,0,0,0,0,131021,0,145.40,145.43,145.48
87,2,0,0,0,96509,96509,96509,770,770,770,591,591,591,0.00,0.00,0.00,0.00,0.00,0.00,0.00,0.00,0.00,0.00,0.00,0.00,0.00,0.00,0.00,0.00,0.00,0.00,0.00,0.00,0.00,311884,367982,576617,324989,381611,589722,0,0,0,0,0,0,0,114971,0,143.12,143.19,143.29
87,3,0,0,0,96509,96509,96509,770,770,770,591,591,591,0.00,0.00,0.00,0.00,0.00,0.00,0.00,0.00,0.00,0.00,0.00,0.00,0.00,0.00,0.00,0.00,0.00,0.00,0.00,0.00,0.00,277825,473095,794156,286562,485812,807261,0,0,0,0,0,0,0,110244,0,137.29,137.36,137.41
88,0,0,0,0,96505,96505,96505,774,774,774,591,591,591,0.00,0.00,0.00,0.00,0.00,0.00,0.00,0.00,0.00,0.00,0.00,0.00,0.00,0.00,0.00,0.00,0.00,0.00,0.00,0.00,0.00,301408,381610,487499,314513,396287,508466,0,0,0,0,0,0,0,127390,0,141.33,141.41,141.54
88,1,0,0,0,96507,96507,96507,772,772,772,591,591,591,0.00,0.00,0.00,0.00,0.00,0.00,0.00,0.00,0.00,0.00,0.00,0.00,0.00,0.00,0.00,0.00,0.00,0.00,0.00,0.00,0.00,311889,396811,555644,324994,412012,571370,0,0,0,0,0,0,0,116729,0,145.27,145.33,145.38
88,2,0,0,0,96509,96509,96509,770,770,770,591,591,591,0.00,0.00,0.00,0.00,0.00,0.00,0.00,0.00,0.00,0.00,0.00,0.00,0.00,0.00,0.00,0.00,0.00,0.00,0.00,0.00,0.00,301410,354354,450803,314515,369032,469150,0,0,0,0,0,0,0,114884,0,143.26,143.32,143.35
88,3,0,0,0,96509,96509,96509,770,770,770,591,591,591,0.00,0.00,0.00,0.00,0.00,0.00,0.00,0.00,0.00,0.00,0.00,0.00,0.00,0.00,0.00,0.00,0.00,0.00,0.00,0.00,0.00,414113,475963,626414,427218,490115,639518,0,0,0,0,0,0,0,110192,0,137.27,137.30,137.32
89,0,0,0,0,96505,96505,96505,774,774,774,591,591,591,0.00,0.00,0.00,0.00,0.00,0.00,0.00,0.00,0.00,0.00,0.00,0.00,0.00,0.00,0.00,0.00,0.00,0.00,0.00,0.00,0.00,298789,529083,1305234,311893,542188,1318339,0,0,0,0,0,0,0,113542,0,141.32,141.43,141.57
89,1,0,0,0,96507,96507,96507,772,772,772,591,591,591,0.00,0.00,0.00,0.00,0.00,0.00,0.00,0.00,0.00,0.00,0.00,0.00,0.00,0.00,0.00,0.00,0.00,0.00,0.00,0.00,0.00,215638,374936,657860,225988,388014,670964,0,0,0,0,0,0,0,116700,0,145.42,145.47,145.56
89,2,0,0,0,96509,96509,96509,770,770,770,591,591,591,0.00,0.00,0.00,0.00,0.00,0.00,0.00,0.00,0.00,0.00,0.00,0.00,0.00,0.00,0.00,0.00,0.00,0.00,0.00,0.00,0.00,319744,354352,382663,332848,368505,398389,0,0,0,0,0,0,0,114934,0,143.28,143.31,143.36
89,3,0,0,0,96509,96509,96509,770,770,770,591,591,591,0.00,0.00,0.00,0.00,0.00,0.00,0.00,0.00,0.00,0.00,0.00,0.00,0.00,0.00,0.00,0.00,0.00,0.00,0.00,0.00,0.00,414112,500603,686689,427217,515281,705036,0,0,0,0,0,0,0,110248,0,137.27,137.34,137.39
90,0,0,0,0,96505,96505,96505,774,774,774,591,591,591,0.00,0.00,0.00,0.00,0.00,0.00,0.00,0.00,0.00,0.00,0.00,0.00,0.00,0.00,0.00,0.00,0.00,0.00,0.00,0.00,0.00,301411,318658,372159,314516,332232,385264,0,0,0,0,0,0,0,113384,0,141.51,141.53,141.55
90,1,0,0,0,96507,96507,96507,772,772,772,591,591,591,0.00,0.00,0.00,0.00,0.00,0.00,0.00,0.00,0.00,0.00,0.00,0.00,0.00,0.00,0.00,0.00,0.00,0.00,0.00,0.00,0.00,304346,325224,386103,317694,338855,398973,0,0,0,0,0,0,0,116616,0,145.49,145.57,145.65
90,2,0,0,0,96509,96509,96509,770,770,770,591,591,591,0.00,0.00,0.00,0.00,0.00,0.00,0.00,0.00,0.00,0.00,0.00,0.00,0.00,0.00,0.00,0.00,0.00,0.00,0.00,0.00,0.00,309274,535261,1289518,322379,548841,1300001,0,0,0,0,0,0,0,129234,0,143.23,143.28,143.32
90,3,0,0,0,96509,96509,96509,770,770,770,591,591,591,0.00,0.00,0.00,0.00,0.00,0.00,0.00,0.00,0.00,0.00,0.00,0.00,0.00,0.00,0.00,0.00,0.00,0.00,0.00,0.00,0.00,432457,572942,1009060,445561,586571,1022165,0,0,0,0,0,0,0,124131,0,137.33,137.35,137.37
91,0,0,0,1,95793,96085,96505,774,1193,1486,591,591,591,0.00,0.00,0.00,0.00,0.00,0.00,0.00,0.00,0.00,0.00,0.00,0.00,0.00,0.00,0.00,0.00,0.00,0.00,0.00,0.00,0.00,298763,1680188,3499617,618541,2125687,3774661,0,0,0,0,0,0,0,127773,0,141.51,141.60,141.67
91,1,0,0,2,95795,96095,96507,772,1135,1290,591,591,591,0.00,0.00,0.00,0.00,0.00,0.00,0.00,0.00,0.00,0.00,0.00,0.00,0.00,0.00,0.00,0.00,0.00,0.00,0.00,0.00,0.00,705034,2262287,4851383,752211,2658693,5016503,0,0,0,0,0,0,0,131382,0,145.46,145.54,145.62
91,2,0,0,0,95793,96099,96509,770,1180,1486,591,591,591,0.00,0.00,0.00,0.00,0.00,0.00,0.00,0.00,0.00,0.00,0.00,0.00,0.00,0.00,0.00,0.00,0.00,0.00,0.00,0.00,0.00,799268,2072543,4023216,843818,2443242,4185717,0,0,0,0,0,0,0,115220,0,143.24,143.41,143.53
91,3,0,0,0,95797,96092,96509,770,1187,1482,591,591,591,0.00,0.00,0.00,0.00,0.00,0.00,0.00,0.00,0.00,0.00,0.00,0.00,0.00,0.00,0.00,0.00,0.00,0.00,0.00,0.00,0.00,293530,2274779,4037516,1155785,2740898,4745393,0,0,0,0,0,0,0,109984,0,137.06,137.19,137.35
92,0,0,0,0,95793,95793,95793,1486,1486,1486,591,591,591,0.00,0.00,0.00,0.00,0.00,0.00,0.00,0.00,0.00,0.00,0.00,0.00,0.00,0.00,0.00,0.00,0.00,0.00,0.00,0.00,0.00,298788,1107056,3296962,314513,1295232,4080580,0,0,0,0,0,0,0,85129,0,141.62,141.68,141.77
92,1,0,0,0,95795,95795,95795,1484,1484,1484,591,591,591,0.00,0.00,0.00,0.00,0.00,0.00,0.00,0.00,0.00,0.00,0.00,0.00,0.00,0.00,0.00,0.00,0.00,0.00,0.00,0.00,0.00,298787,753773,2107188,311891,888486,2704748,0,0,0,0,524,2620,0,87643,0,145.59,145.69,145.75
92,2,0,1,6,95793,95793,95793,1486,1486,1486,591,591,591,0.00,0.00,0.00,0.00,0.00,0.00,0.00,0.00,0.00,0.00,0.00,0.00,0.00,0.00,0.00,0.00,0.00,0.00,0.00,0.00,0.00,301412,674044,2063687,317138,826533,2749876,0,524,2620,0,0,0,0,115089,0,143.66,143.71,143.74
92,3,0,1,9,95797,95797,95797,1482,1482,1482,591,591,591,0.00,0.00,0.00,0.00,0.00,0.00,0.00,0.00,0.00,0.00,0.00,0.00,0.00,0.00,0.00,0.00,0.00,0.00,0.00,0.00,0.00,424598,624920,1389102,442937,683053,1601399,0,0,0,0,0,0,0,109754,0,136.97,137.11,137.20
93,0,0,0,0,95793,95793,95793,1486,1486,1486,591,591,591,0.00,0.00,0.00,0.00,0.00,0.00,0.00,0.00,0.00,0.00,0.00,0.00,0.00,0.00,0.00,0.00,0.00,0.00,0.00,0.00,0.00,254189,297733,327620,268022,310984,340725,0,0,0,0,0,0,0,113142,0,141.19,141.39,141.53
93,1,0,0,0,95795,95795,95795,1484,1484,1484,591,591,591,0.00,0.00,0.00,0.00,0.00,0.00,0.00,0.00,0.00,0.00,0.00,0.00,0.00,0.00,0.00,0.00,0.00,0.00,0.00,0.00,0.00,303712,330621,379263,316582,344727,394744,0,0,0,0,0,0,0,116435,0,145.34,145.40,145.47
93,2,0,0,0,95793,95793,95793,1486,1486,1486,591,591,591,0.00,0.00,0.00,0.00,0.00,0.00,0.00,0.00,0.00,0.00,0.00,0.00,0.00,0.00,0.00,0.00,0.00,0.00,0.00,0.00,0.00,306653,327619,372184,319757,341773,385289,0,0,0,0,0,0,0,115107,0,143.19,143.28,143.35
93,3,0,0,0,95797,95797,95797,1482,1482,1482,591,591,591,0.00,0.00,0.00,0.00,0.00,0.00,0.00,0.00,0.00,0.00,0.00,0.00,0.00,0.00,0.00,0.00,0.00,0.00,0.00,0.00,0.00,408872,438745,484883,424597,452374,497988,0,0,0,0,0,0,0,82186,0,136.62,136.69,136.81
94,0,0,0,0,95793,95793,95793,1486,1486,1486,591,591,591,0.00,0.00,0.00,0.00,0.00,0.00,0.00,0.00,0.00,0.00,0.00,0.00,0.00,0.00,0.00,0.00,0.00,0.00,0.00,0.00,0.00,285687,311895,382667,298792,325524,395772,0,0,0,0,0,0,0,113204,0,141.20,141.24,141.27
94,1,0,0,0,95795,95795,95795,1484,1484,1484,591,591,591,0.00,0.00,0.00,0.00,0.00,0.00,0.00,0.00,0.00,0.00,0.00,0.00,0.00,0.00,0.00,0.00,0.00,0.00,0.00,0.00,0.00,293547,326565,400984,309273,340194,414088,0,0,0,0,0,0,0,131439,0,145.47,145.65,145.83
94,2,0,0,0,95793,95793,95793,1486,1486,1486,591,591,591,0.00,0.00,0.00,0.00,0.00,0.00,0.00,0.00,0.00,0.00,0.00,0.00,0.00,0.00,0.00,0.00,0.00,0.00,0.00,0.00,0.00,301411,307697,314509,314516,320802,327613,0,0,0,0,0,0,0,86295,0,143.35,143.41,143.46
94,3,0,0,0,95797,95797,95797,1482,1482,1482,591,591,591,0.00,0.00,0.00,0.00,0.00,0.00,0.00,0.00,0.00,0.00,0.00,0.00,0.00,0.00,0.00,0.00,0.00,0.00,0.00,0.00,0.00,416735,439274,495365,429839,452379,508470,0,0,0,0,0,0,0,110347,0,136.83,137.10,137.40
95,0,0,0,0,95793,95793,95793,1486,1486,1486,591,591,591,0.00,0.00,0.00,0.00,0.00,0.00,0.00,0.00,0.00,0.00,0.00,0.00,0.00,0.00,0.00,0.00,0.00,0.00,0.00,0.00,0.00,293546,319753,382663,309272,333382,393147,0,0,0,0,0,0,0,113356,0,141.21,141.31,141.40
95,1,0,0,0,95795,95795,95795,1484,1484,1484,591,591,591,0.00,0.00,0.00,0.00,0.00,0.00,0.00,0.00,0.00,0.00,0.00,0.00,0.00,0.00,0.00,0.00,0.00,0.00,0.00,0.00,0.00,306651,582901,1373393,319755,596530,1389119,0,0,0,0,0,0,0,116929,0,145.81,145.86,145.91
95,2,0,0,0,95793,95793,95793,1486,1486,1486,591,591,591,0.00,0.00,0.00,0.00,0.00,0.00,0.00,0.00,0.00,0.00,0.00,0.00,0.00,0.00,0.00,0.00,0.00,0.00,0.00,0.00,0.00,144153,332162,457787,159879,345267,468271,0,0,0,0,0,0,0,129071,0,143.17,143.27,143.34
95,3,0,0,0,95797,95797,95797,1482,1482,1482,591,591,591,0.00,0.00,0.00,0.00,0.00,0.00,0.00,0.00,0.00,0.00,0.00,0.00,0.00,0.00,0.00,0.00,0.00,0.00,0.00,0.00,0.00,0,399959,584474,13104,413063,594958,0,0,0,0,0,0,0,123982,0,137.44,137.46,137.49
96,0,0,0,0,95793,95793,95793,1486,1486,1486,591,591,591,0.00,0.00,0.00,0.00,0.00,0.00,0.00,0.00,0.00,0.00,0.00,0.00,0.00,0.00,0.00,0.00,0.00,0.00,0.00,0.00,0.00,301412,524715,1090317,314517,538344,1103422,0,0,0,0,0,0,0,113314,0,141.35,141.39,141.42
96,1,0,0,0,95795,95795,95795,1484,1484,1484,591,591,591,0.00,0.00,0.00,0.00,0.00,0.00,0.00,0.00,0.00,0.00,0.00,0.00,0.00,0.00,0.00,0.00,0.00,0.00,0.00,0.00,0.00,304013,368502,594958,317117,382131,608062,0,0,0,0,0,0,0,116941,0,145.75,145.82,145.89
96,2,0,0,0,95793,95793,95793,1486,1486,1486,591,591,591,0.00,0.00,0.00,0.00,0.00,0.00,0.00,0.00,0.00,0.00,0.00,0.00,0.00,0.00,0.00,0.00,0.00,0.00,0.00,0.00,0.00,313759,525617,1116518,326618,539197,1129623,0,0,0,0,0,0,0,114995,0,143.15,143.20,143.28
96,3,0,0,0,95797,95797,95797,1482,1482,1482,591,591,591,0.00,0.00,0.00,0.00,0.00,0.00,0.00,0.00,0.00,0.00,0.00,0.00,0.00,0.00,0.00,0.00,0.00,0.00,0.00,0.00,0.00,427218,614866,1037849,440323,628495,1050953,0,0,0,0,0,0,0,110430,0,137.41,137.42,137.45
97,0,0,0,0,95793,95793,95793,1486,1486,1486,591,591,591,0.00,0.00,0.00,0.00,0.00,0.00,0.00,0.00,0.00,0.00,0.00,0.00,0.00,0.00,0.00,0.00,0.00,0.00,0.00,0.00,0.00,304024,324469,353832,317128,338622,369557,0,0,0,0,0,0,0,113394,0,141.37,141.42,141.53
97,1,0,0,0,95795,95795,95795,1484,1484,1484,591,591,591,0.00,0.00,0.00,0.00,0.00,0.00,0.00,0.00,0.00,0.00,0.00,0.00,0.00,0.00,0.00,0.00,0.00,0.00,0.00,0.00,0.00,200610,317895,403624,210986,330931,416728,0,0,0,0,0,0,0,116920,0,145.81,145.87,145.94
97,2,0,0,0,95793,95793,95793,1486,1486,1486,591,591,591,0.00,0.00,0.00,0.00,0.00,0.00,0.00,0.00,0.00,0.00,0.00,0.00,0.00,0.00,0.00,0.00,0.00,0.00,0.00,0.00,0.00,304033,320280,351206,319756,334433,366931,0,0,0,0,0,0,0,114945,0,143.33,143.36,143.39
97,3,0,0,0,95797,95797,95797,1482,1482,1482,591,591,591,0.00,0.00,0.00,0.00,0.00,0.00,0.00,0.00,0.00,0.00,0.00,0.00,0.00,0.00,0.00,0.00,0.00,0.00,0.00,0.00,0.00,419351,450297,555679,432456,463880,571406,0,0,0,0,0,0,0,110377,0,137.53,137.61,137.66
98,0,0,0,0,95793,95793,95793,1486,1486,1486,591,591,591,0.00,0.00,0.00,0.00,0.00,0.00,0.00,0.00,0.00,0.00,0.00,0.00,0.00,0.00,0.00,0.00,0.00,0.00,0.00,0.00,0.00,291932,341971,469144,307432,356079,487491,0,0,0,0,0,0,0,113429,0,141.44,141.46,141.50
98,1,0,0,0,95795,95795,95795,1484,1484,1484,591,591,591,0.00,0.00,0.00,0.00,0.00,0.00,0.00,0.00,0.00,0.00,0.00,0.00,0.00,0.00,0.00,0.00,0.00,0.00,0.00,0.00,0.00,298788,358070,461289,314514,372796,477014,0,0,0,0,0,0,0,130981,0,145.45,145.64,145.86
98,2,0,0,0,95793,95793,95793,1486,1486,1486,591,591,591,0.00,0.00,0.00,0.00,0.00,0.00,0.00,0.00,0.00,0.00,0.00,0.00,0.00,0.00,0.00,0.00,0.00,0.00,0.00,0.00,0.00,288313,339152,435079,304039,353305,450805,0,0,0,0,0,0,0,114894,0,143.31,143.37,143.43
98,3,0,0,0,95797,95797,95797,1482,1482,1482,591,591,591,0.00,0.00,0.00,0.00,0.00,0.00,0.00,0.00,0.00,0.00,0.00,0.00,0.00,0.00,0.00,0.00,0.00,0.00,0.00,0.00,0.00,416730,442937,479611,427214,457615,495336,0,0,0,0,0,0,0,110281,0,137.62,137.65,137.68
99,0,0,0,0,95793,95793,95793,1486,1486,1486,591,591,591,0.00,0.00,0.00,0.00,0.00,0.00,0.00,0.00,0.00,0.00,0.00,0.00,0.00,0.00,0.00,0.00,0.00,0.00,0.00,0.00,0.00,241125,305079,385282,253356,318533,401008,0,0,0,0,0,0,0,113731,0,141.53,141.72,141.82
99,1,0,0,0,95795,95795,95795,1484,1484,1484,591,591,591,0.00,0.00,0.00,0.00,0.00,0.00,0.00,0.00,0.00,0.00,0.00,0.00,0.00,0.00,0.00,0.00,0.00,0.00,0.00,0.00,0.00,319756,592846,1255368,335482,606999,1271092,0,0,0,0,0,0,0,116850,0,145.34,145.48,145.63
99,2,0,0,0,95793,95793,95793,1486,1486,1486,591,591,591,0.00,0.00,0.00,0.00,0.00,0.00,0.00,0.00,0.00,0.00,0.00,0.00,0.00,0.00,0.00,0.00,0.00,0.00,0.00,0.00,0.00,322361,371125,408868,335465,385104,421099,0,0,0,0,0,0,0,129369,0,143.44,143.52,143.57
99,3,0,0,0,95797,95797,95797,1482,1482,1482,591,591,591,0.00,0.00,0.00,0.00,0.00,0.00,0.00,0.00,0.00,0.00,0.00,0.00,0.00,0.00,0.00,0.00,0.00,0.00,0.00,0.00,0.00,414109,510563,781042,427214,524716,799389,0,0,0,0,0,0,0,125274,0,137.58,137.92,138.51
100,0,0,0,0,95793,95793,95793,1486,1486,1486,591,591,591,0.00,0.00,0.00,0.00,0.00,0.00,0.00,0.00,0.00,0.00,0.00,0.00,0.00,0.00,0.00,0.00,0.00,0.00,0.00,0.00,0.00,309253,526149,1079824,322357,539909,1095549,0,0,0,0,0,0,0,127969,0,141.81,141.87,141.90
100,1,0,0,0,95795,95795,95795,1484,1484,1484,591,591,591,0.00,0.00,0.00,0.00,0.00,0.00,0.00,0.00,0.00,0.00,0.00,0.00,0.00,0.00,0.00,0.00,0.00,0.00,0.00,0.00,0.00,301408,373484,568745,317134,387244,581849,0,0,0,0,0,0,0,87453,0,145.60,145.69,145.72
100,2,0,0,0,95793,95793,95793,1486,1486,1486,591,591,591,0.00,0.00,0.00,0.00,0.00,0.00,0.00,0.00,0.00,0.00,0.00,0.00,0.00,0.00,0.00,0.00,0.00,0.00,0.00,0.00,0.00,152016,529241,1203041,159879,541640,1218767,0,0,0,0,0,0,0,115037,0,143.48,143.52,143.58
100,3,0,0,0,95797,95797,95797,1482,1482,1482,591,591,591,0.00,0.00,0.00,0.00,0.00,0.00,0.00,0.00,0.00,0.00,0.00,0.00,0.00,0.00,0.00,0.00,0.00,0.00,0.00,0.00,0.00,398380,613307,820367,408863,625756,833472,0,0,0,0,0,0,0,110471,0,138.00,138.51,138.78
101,0,0,6,33,90597,94061,95793,1486,3217,6682,591,591,591,0.00,0.00,0.01,0.00,0.00,0.00,0.00,0.00,0.00,0.00,0.00,0.00,0.00,0.00,0.00,0.00,0.00,0.00,0.00,0.00,0.01,306625,417237,608002,322375,712330,1926216,0,0,0,0,0,0,0,88123,0,141.80,142.57,144.38
101,1,0,6,33,90599,94207,95795,1484,3071,6680,591,591,591,0.00,0.00,0.00,0.00,0.00,0.00,0.00,0.00,0.00,0.00,0.00,0.00,0.00,0.00,0.00,0.00,0.00,0.00,0.00,0.00,0.01,301409,385791,571364,314513,651551,1776996,0,0,0,0,0,0,0,119826,0,145.56,146.10,147.73
101,2,0,7,32,90597,94257,95793,1486,3021,6682,591,591,591,0.00,0.00,0.01,0.00,0.00,0.01,0.00,0.00,0.00,0.00,0.00,0.00,0.00,0.00,0.00,0.00,0.00,0.00,0.00,0.00,0.02,298787,382122,550364,314513,737497,1753276,0,0,0,0,0,0,0,117304,0,143.49,143.99,145.77
101,3,0,4,15,90601,93720,95797,1482,3558,6678,591,591,591,0.00,0.00,0.01,0.00,0.00,0.01,0.00,0.00,0.00,0.00,0.00,0.00,0.00,0.00,0.00,0.00,0.00,0.00,0.00,0.00,0.01,416733,506733,694486,432458,868475,1551221,0,0,0,0,0,0,0,114868,0,137.71,139.19,141.91
102,0,0,0,0,90597,90597,90597,6682,6682,6682,591,591,591,0.00,0.00,0.00,0.00,0.00,0.01,0.00,0.00,0.00,0.00,0.00,0.00,0.00,0.00,0.00,0.00,0.00,0.00,0.00,0.00,0.01,306111,369448,490131,319082,452244,767951,0,0,0,0,0,0,0,113921,0,142.08,143.83,144.53
102,1,0,0,0,90599,90599,90599,6680,6680,6680,591,591,591,0.00,0.00,0.01,0.00,0.00,0.01,0.00,0.00,0.00,0.00,0.00,0.00,0.00,0.00,0.00,0.00,0.00,0.00,0.00,0.00,0.01,238425,298206,340717,309507,376597,575331,0,0,0,0,0,0,0,116778,0,145.73,147.86,148.76
102,2,0,0,0,90597,90597,90597,6682,6682,6682,591,591,591,0.00,0.00,0.00,0.00,0.00,0.00,0.00,0.00,0.00,0.00,0.00,0.00,0.00,0.00,0.00,0.00,0.00,0.00,0.00,0.00,0.00,311888,374790,608056,327614,398379,621160,0,0,0,0,0,0,0,86125,0,143.45,145.34,145.88
102,3,0,0,0,90601,90601,90601,6678,6678,6678,591,591,591,0.00,0.00,0.00,0.00,0.00,0.00,0.00,0.00,0.00,0.00,0.00,0.00,0.00,0.00,0.00,0.00,0.00,0.00,0.00,0.00,0.00,414113,434060,461284,429839,448205,474388,0,0,0,0,0,0,0,82988,0,137.97,140.62,142.03
103,0,0,0,0,90597,90597,90597,6682,6682,6682,591,591,591,0.00,0.00,0.00,0.00,0.00,0.00,0.00,0.00,0.00,0.00,0.00,0.00,0.00,0.00,0.00,0.00,0.00,0.00,0.00,0.00,0.00,296165,322373,393138,311884,334954,408863,0,0,0,0,0,0,0,113450,0,141.47,141.67,141.92
103,1,0,0,0,90599,90599,90599,6680,6680,6680,591,591,591,0.00,0.00,0.00,0.00,0.00,0.00,0.00,0.00,0.00,0.00,0.00,0.00,0.00,0.00,0.00,0.00,0.00,0.00,0.00,0.00,0.00,322374,585513,1357627,338100,599666,1373353,0,0,0,0,0,0,0,116745,0,145.69,145.71,145.73
103,2,0,0,0,90597,90597,90597,6682,6682,6682,591,591,591,0.00,0.00,0.00,0.00,0.00,0.00,0.00,0.00,0.00,0.00,0.00,0.00,0.00,0.00,0.00,0.00,0.00,0.00,0.00,0.00,0.00,309273,340894,407117,322378,353999,417601,0,0,0,0,0,0,0,114929,0,143.32,143.36,143.41
103,3,0,0,0,90601,90601,90601,6678,6678,6678,591,591,591,0.00,0.00,0.00,0.00,0.00,0.00,0.00,0.00,0.00,0.00,0.00,0.00,0.00,0.00,0.00,0.00,0.00,0.00,0.00,0.00,0.00,424582,444505,503219,437687,458133,516324,0,0,0,0,0,0,0,110586,0,137.71,137.76,137.85
104,0,0,0,0,90597,90597,90597,6682,6682,6682,591,591,591,0.00,0.00,0.00,0.00,0.00,0.00,0.00,0.00,0.00,0.00,0.00,0.00,0.00,0.00,0.00,0.00,0.00,0.00,0.00,0.00,0.00,0,264190,380036,13104,277819,390520,0,0,0,0,0,0,0,127514,0,141.39,141.46,141.51
104,1,0,0,0,90599,90599,90599,6680,6680,6680,591,591,591,0.00,0.00,0.00,0.00,0.00,0.00,0.00,0.00,0.00,0.00,0.00,0.00,0.00,0.00,0.00,0.00,0.00,0.00,0.00,0.00,0.00,319733,430876,833450,335457,443980,849176,0,0,0,0,0,0,0,116745,0,145.65,145.71,145.75
104,2,0,0,0,90597,90597,90597,6682,6682,6682,591,591,591,0.00,0.00,0.00,0.00,0.00,0.00,0.00,0.00,0.00,0.00,0.00,0.00,0.00,0.00,0.00,0.00,0.00,0.00,0.00,0.00,0.00,138908,512656,1095551,152012,526285,1108656,0,0,0,0,0,0,0,114866,0,143.23,143.27,143.34
104,3,0,0,0,90601,90601,90601,6678,6678,6678,591,591,591,0.00,0.00,0.00,0.00,0.00,0.00,0.00,0.00,0.00,0.00,0.00,0.00,0.00,0.00,0.00,0.00,0.00,0.00,0.00,0.00,0.00,427212,623784,1163710,440317,637413,1179436,0,0,0,0,0,0,0,124340,0,137.74,137.77,137.79
105,0,0,0,0,90597,90597,90597,6682,6682,6682,591,591,591,0.00,0.00,0.00,0.00,0.00,0.00,0.00,0.00,0.00,0.00,0.00,0.00,0.00,0.00,0.00,0.00,0.00,0.00,0.00,0.00,0.00,304028,512650,1087684,317132,525754,1100789,0,0,0,0,0,0,0,113526,0,141.53,141.62,141.71
105,1,0,0,0,90599,90599,90599,6680,6680,6680,591,591,591,0.00,0.00,0.00,0.00,0.00,0.00,0.00,0.00,0.00,0.00,0.00,0.00,0.00,0.00,0.00,0.00,0.00,0.00,0.00,0.00,0.00,304028,327616,398381,317132,341769,414107,0,0,0,0,0,0,0,116833,0,145.62,145.69,145.80
105,2,0,0,0,90597,90597,90597,6682,6682,6682,591,591,591,0.00,0.00,0.00,0.00,0.00,0.00,0.00,0.00,0.00,0.00,0.00,0.00,0.00,0.00,0.00,0.00,0.00,0.00,0.00,0.00,0.00,298791,322946,338093,314517,336535,351198,0,0,0,0,0,0,0,114903,0,143.32,143.37,143.41
105,3,0,0,0,90601,90601,90601,6678,6678,6678,591,591,591,0.00,0.00,0.00,0.00,0.00,0.00,0.00,0.00,0.00,0.00,0.00,0.00,0.00,0.00,0.00,0.00,0.00,0.00,0.00,0.00,0.00,281308,421097,534673,291792,434202,547777,0,0,0,0,0,0,0,111985,0,137.76,138.22,139.23
106,0,0,3,18,88007,89042,90597,6682,8236,9272,591,591,591,0.00,0.00,0.00,0.00,0.00,0.00,0.00,0.00,0.00,0.00,0.00,0.00,0.00,0.00,0.00,0.00,0.00,0.00,0.00,0.00,0.01,304029,346769,427229,319754,534947,1263342,0,0,0,0,0,0,0,114959,0,141.49,142.27,142.89
106,1,0,3,16,88009,89028,90599,6680,8250,9270,591,591,591,0.00,0.00,0.00,0.00,0.00,0.00,0.00,0.00,0.00,0.00,0.00,0.00,0.00,0.00,0.00,0.00,0.00,0.00,0.00,0.00,0.01,295094,345716,437543,308036,533311,896047,0,0,0,0,0,0,0,132645,0,145.86,146.63,147.18
106,2,0,8,42,88007,89034,90597,6682,8244,9272,591,591,591,0.00,0.00,0.00,0.00,0.00,0.00,0.00,0.00,0.00,0.00,0.00,0.00,0.00,0.00,0.00,0.00,0.00,0.00,0.00,0.00,0.01,304036,396284,615936,317141,584473,1323620,0,0,0,0,0,0,0,116280,0,143.36,144.12,144.64
106,3,0,2,11,88011,88537,90601,6678,8741,9268,591,591,591,0.00,0.00,0.00,0.00,0.00,0.00,0.00,0.00,0.00,0.00,0.00,0.00,0.00,0.00,0.00,0.00,0.00,0.00,0.00,0.00,0.01,415799,453029,526556,428712,644411,1400588,0,0,0,0,0,0,0,114682,0,139.91,142.08,143.29
107,0,0,2,9,86567,87087,88007,9272,10192,10712,591,591,591,0.00,0.00,0.00,0.00,0.00,0.00,0.00,0.00,0.00,0.00,0.00,0.00,0.00,0.00,0.00,0.00,0.00,0.00,0.00,0.00,0.00,304018,372695,613324,319771,457087,689334,0,0,0,0,0,0,0,113853,0,141.94,142.44,143.15
107,1,0,2,9,86569,87089,88009,9270,10190,10710,591,591,591,0.00,0.00,0.00,0.00,0.00,0.00,0.00,0.00,0.00,0.00,0.00,0.00,0.00,0.00,0.00,0.00,0.00,0.00,0.00,0.00,0.00,276074,559461,1315670,305779,652413,1614448,0,0,0,0,0,0,0,117096,0,146.03,146.39,147.04
107,2,0,0,2,86567,87087,88007,9272,10192,10712,591,591,591,0.00,0.00,0.00,0.00,0.00,0.00,0.00,0.00,0.00,0.00,0.00,0.00,0.00,0.00,0.00,0.00,0.00,0.00,0.00,0.00,0.00,301416,324987,364297,314521,418810,663051,0,0,0,0,0,0,0,115387,0,143.54,144.03,144.77
107,3,0,0,2,86571,86891,87011,10268,10388,10708,591,591,591,0.00,0.00,0.00,0.00,0.00,0.00,0.00,0.00,0.00,0.00,0.00,0.00,0.00,0.00,0.00,0.00,0.00,0.00,0.00,0.00,0.00,408845,446594,505796,435059,540423,799399,0,0,0,0,0,0,0,110844,0,138.11,139.29,141.84
108,0,88,97,100,86525,86525,86525,10754,10754,10754,591,591,591,0.00,0.01,0.01,0.00,0.00,0.00,0.00,0.00,0.00,0.00,0.00,0.00,0.00,0.00,0.00,0.00,0.00,0.00,0.00,0.00,0.00,314511,366400,463905,330237,406761,479631,0,0,0,0,0,0,0,128017,0,141.82,141.93,142.03
108,1,74,94,100,86527,86527,86527,10752,10752,10752,591,591,591,0.00,0.01,0.01,0.00,0.00,0.00,0.00,0.00,0.00,0.00,0.00,0.00,0.00,0.00,0.00,0.00,0.00,0.00,0.00,0.00,0.00,309272,412013,621161,319756,440319,639507,0,524,2620,0,0,0,0,87820,0,146.12,146.16,146.23
108,2,2,80,100,86525,86525,86525,10754,10754,10754,591,591,591,0.00,0.01,0.01,0.00,0.00,0.00,0.00,0.00,0.00,0.00,0.00,0.00,0.00,0.00,0.00,0.00,0.00,0.00,0.00,0.00,0.00,304030,577656,1320956,314514,607010,1336682,0,0,0,0,524,2620,0,115722,0,144.06,144.31,144.48
108,3,1,80,100,86529,86529,86529,10750,10750,10750,591,591,591,0.00,0.01,0.01,0.00,0.00,0.00,0.00,0.00,0.00,0.00,0.00,0.00,0.00,0.00,0.00,0.00,0.00,0.00,0.00,0.00,0.00,456035,624822,933005,479632,654700,946109,0,0,0,0,0,0,0,124573,0,138.18,138.24,138.35
109,0,0,40,100,80037,80802,83845,13434,16476,17242,591,591,591,0.00,0.03,0.07,0.00,0.01,0.03,0.00,0.00,0.00,0.00,0.00,0.00,0.00,0.00,0.00,0.00,0.00,0.00,0.00,0.01,0.03,283059,519456,1079846,317133,951516,2371652,0,0,0,0,0,0,0,96498,0,141.99,150.48,153.75
109,1,0,40,100,79859,80767,84387,12892,16510,17420,591,591,591,0.00,0.04,0.10,0.00,0.01,0.04,0.00,0.00,0.00,0.00,0.00,0.00,0.00,0.00,0.00,0.00,0.00,0.00,0.00,0.01,0.05,330213,552146,1234447,345938,1019618,2138340,0,0,0,0,0,0,0,127841,0,146.21,153.92,156.84
109,2,0,37,100,79873,80671,83845,13434,16607,17406,591,591,591,0.00,0.03,0.13,0.00,0.01,0.05,0.00,0.00,0.00,0.00,0.00,0.00,0.00,0.00,0.00,0.00,0.00,0.00,0.00,0.01,0.05,317120,345996,393155,330224,806648,2169742,0,0,0,0,0,0,0,126438,0,144.91,152.53,154.99
109,3,0,56,100,79729,80681,84389,12890,16598,17550,591,591,591,0.00,0.04,0.11,0.00,0.01,0.04,0.00,0.00,0.00,0.00,0.00,0.00,0.00,0.00,0.00,0.00,0.00,0.00,0.00,0.01,0.05,429823,633718,993289,445548,1103873,2112189,0,0,0,0,0,0,0,121627,0,137.78,145.06,148.79
110,0,0,0,0,79507,79729,80037,17242,17552,17772,591,591,591,0.00,0.00,0.00,0.00,0.00,0.00,0.00,0.00,0.00,0.00,0.00,0.00,0.00,0.00,0.00,0.00,0.00,0.00,0.00,0.00,0.00,306631,1074515,2222406,322356,1454350,3045326,0,0,0,0,0,0,0,113503,0,141.76,146.22,153.66
110,1,0,0,0,79465,79656,79859,17420,17620,17814,591,591,591,0.00,0.00,0.00,0.00,0.00,0.00,0.00,0.00,0.00,0.00,0.00,0.00,0.00,0.00,0.00,0.00,0.00,0.00,0.00,0.00,0.00,301375,1024720,2610309,314479,1489251,3378202,0,0,0,0,0,0,0,131753,0,145.96,149.95,156.57
110,2,0,0,0,79463,79655,79873,17406,17623,17816,591,591,591,0.00,0.00,0.00,0.00,0.00,0.00,0.00,0.00,0.00,0.00,0.00,0.00,0.00,0.00,0.00,0.00,0.00,0.00,0.00,0.00,0.00,309282,1459781,1994415,322387,2017353,2646969,0,0,0,0,0,0,0,86505,0,143.97,146.98,154.05
110,3,0,0,0,79487,79602,79729,17550,17676,17792,591,591,591,0.00,0.00,0.00,0.00,0.00,0.00,0.00,0.00,0.00,0.00,0.00,0.00,0.00,0.00,0.00,0.00,0.00,0.00,0.00,0.00,0.00,279810,1625384,3315229,290173,2166548,4279659,0,0,0,0,0,0,0,82440,0,137.35,140.51,149.03
111,0,0,0,0,79497,79505,79507,17772,17774,17782,591,591,591,0.00,0.00,0.00,0.00,0.00,0.00,0.00,0.00,0.00,0.00,0.00,0.00,0.00,0.00,0.00,0.00,0.00,0.00,0.00,0.00,0.00,304027,562960,1441419,317132,739601,2266960,0,0,0,0,0,0,0,129452,0,141.93,142.51,143.15
111,1,0,1,5,79455,79463,79465,17814,17816,17824,591,591,591,0.00,0.00,0.00,0.00,0.00,0.00,0.00,0.00,0.00,0.00,0.00,0.00,0.00,0.00,0.00,0.00,0.00,0.00,0.00,0.00,0.00,304027,911192,2812229,317131,1028433,3310200,0,0,0,0,0,0,0,118467,0,146.11,146.41,147.06
111,2,0,0,1,79453,79461,79463,17816,17818,17826,591,591,591,0.00,0.00,0.00,0.00,0.00,0.00,0.00,0.00,0.00,0.00,0.00,0.00,0.00,0.00,0.00,0.00,0.00,0.00,0.00,0.00,0.00,301407,518420,778444,317132,568741,912117,0,0,0,0,0,0,0,115457,0,144.10,144.12,144.16
111,3,0,0,0,79477,79485,79487,17792,17794,17802,591,591,591,0.00,0.00,0.00,0.00,0.00,0.00,0.00,0.00,0.00,0.00,0.00,0.00,0.00,0.00,0.00,0.00,0.00,0.00,0.00,0.00,0.00,424572,586550,859673,440297,630055,870157,0,0,0,0,0,0,0,128395,0,137.58,138.88,140.89
112,0,0,5,25,79423,79441,79497,17782,17837,17856,591,591,591,0.00,0.03,0.11,0.00,0.01,0.05,0.00,0.01,0.05,0.00,0.00,0.00,0.00,0.00,0.00,0.00,0.00,0.00,0.00,0.01,0.04,440268,1301498,2377214,686609,1424672,2429634,0,0,0,0,0,0,0,132181,0,143.18,153.38,160.75
112,1,0,7,36,79381,79399,79455,17824,17879,17898,591,591,591,0.00,0.03,0.17,0.00,0.02,0.08,0.00,0.02,0.07,0.00,0.00,0.00,0.00,0.00,0.01,0.00,0.00,0.00,0.00,0.01,0.07,324967,693468,1454621,356416,799348,1554216,0,0,0,0,0,0,0,141767,0,147.39,161.62,171.43
112,2,0,0,2,79379,79397,79453,17826,17881,17900,591,591,591,0.00,0.02,0.09,0.00,0.01,0.04,0.00,0.01,0.04,0.00,0.00,0.00,0.00,0.00,0.00,0.00,0.00,0.00,0.00,0.01,0.03,211416,791285,1907804,403612,878470,2015249,0,0,0,0,0,0,0,130981,0,143.73,150.37,159.28
112,3,0,1,5,79403,79421,79477,17802,17857,17876,591,591,591,0.00,0.04,0.21,0.00,0.02,0.10,0.00,0.02,0.09,0.00,0.00,0.00,0.00,0.00,0.01,0.00,0.00,0.00,0.00,0.02,0.08,314505,791471,1352257,343335,894732,1370602,0,0,0,0,0,0,0,140150,0,141.77,156.61,169.42
113,0,0,0,2,79423,79423,79423,17856,17856,17856,591,591,591,0.00,0.00,0.00,0.00,0.00,0.00,0.00,0.00,0.00,0.00,0.00,0.00,0.00,0.00,0.00,0.00,0.00,0.00,0.00,0.00,0.00,435079,464419,550389,448183,503732,623775,0,0,0,0,0,0,0,113134,0,141.69,149.59,160.08
113,1,0,0,2,79381,79381,79381,17898,17898,17898,591,591,591,0.00,0.00,0.00,0.00,0.00,0.00,0.00,0.00,0.00,0.00,0.00,0.00,0.00,0.00,0.00,0.00,0.00,0.00,0.00,0.00,0.00,301400,324468,380037,314505,365354,398367,0,0,0,0,0,0,0,116002,0,145.08,155.49,169.90
113,2,0,0,1,79379,79379,79379,17900,17900,17900,591,591,591,0.00,0.00,0.00,0.00,0.00,0.00,0.00,0.00,0.00,0.00,0.00,0.00,0.00,0.00,0.00,0.00,0.00,0.00,0.00,0.00,0.00,306170,372634,600772,318822,409866,617082,0,0,0,0,0,0,0,114195,0,142.35,149.00,158.85
113,3,0,0,1,79403,79403,79403,17876,17876,17876,591,591,591,0.00,0.00,0.01,0.00,0.00,0.00,0.00,0.00,0.00,0.00,0.00,0.00,0.00,0.00,0.00,0.00,0.00,0.00,0.00,0.00,0.00,306634,370593,581854,319738,412526,594959,0,0,0,0,0,0,0,110198,0,137.76,152.54,166.70
114,0,0,0,0,79423,79423,79423,17856,17856,17856,591,591,591,0.00,0.00,0.00,0.00,0.00,0.00,0.00,0.00,0.00,0.00,0.00,0.00,0.00,0.00,0.00,0.00,0.00,0.00,0.00,0.00,0.00,319691,473126,759274,330060,485685,772143,0,0,0,0,0,0,0,113192,0,141.16,141.21,141.28
114,1,0,0,0,79381,79381,79381,17898,17898,17898,591,591,591,0.00,0.00,0.00,0.00,0.00,0.00,0.00,0.00,0.00,0.00,0.00,0.00,0.00,0.00,0.00,0.00,0.00,0.00,0.00,0.00,0.00,154637,466568,1124373,170363,480163,1137478,0,0,0,0,0,0,0,130441,0,144.56,144.60,144.70
114,2,0,0,0,79379,79379,79379,17900,17900,17900,591,591,591,0.00,0.00,0.00,0.00,0.00,0.00,0.00,0.00,0.00,0.00,0.00,0.00,0.00,0.00,0.00,0.00,0.00,0.00,0.00,0.00,0.00,304020,377410,605435,317124,391039,618540,0,0,0,0,0,0,0,114263,0,142.25,142.33,142.42
114,3,0,0,0,79403,79403,79403,17876,17876,17876,591,591,591,0.00,0.00,0.00,0.00,0.00,0.00,0.00,0.00,0.00,0.00,0.00,0.00,0.00,0.00,0.00,0.00,0.00,0.00,0.00,0.00,0.00,209608,290387,319751,220002,303474,335476,0,0,0,0,0,0,0,109310,0,136.53,136.75,137.34
115,0,0,0,0,79423,79423,79423,17856,17856,17856,591,591,591,0.00,0.00,0.00,0.00,0.00,0.00,0.00,0.00,0.00,0.00,0.00,0.00,0.00,0.00,0.00,0.00,0.00,0.00,0.00,0.00,0.00,416712,449747,534663,429816,464947,547767,0,0,0,0,0,0,0,127690,0,141.25,141.48,141.72
115,1,0,0,0,79381,79381,79381,17898,17898,17898,591,591,591,0.00,0.00,0.00,0.00,0.00,0.00,0.00,0.00,0.00,0.00,0.00,0.00,0.00,0.00,0.00,0.00,0.00,0.00,0.00,0.00,0.00,311886,365360,566137,324995,378988,576621,0,0,0,0,0,0,0,116067,0,144.62,144.69,144.74
115,2,0,0,0,79379,79379,79379,17900,17900,17900,591,591,591,0.00,0.00,0.00,0.00,0.00,0.00,0.00,0.00,0.00,0.00,0.00,0.00,0.00,0.00,0.00,0.00,0.00,0.00,0.00,0.00,0.00,301411,327094,382657,314515,341771,398382,0,0,0,0,0,0,0,128094,0,142.12,142.30,142.44
115,3,0,0,0,79403,79403,79403,17876,17876,17876,591,591,591,0.00,0.00,0.00,0.00,0.00,0.00,0.00,0.00,0.00,0.00,0.00,0.00,0.00,0.00,0.00,0.00,0.00,0.00,0.00,0.00,0.00,293547,323948,377423,306651,338101,393149,0,0,0,0,0,0,0,124226,0,136.68,137.21,137.72
116,0,0,0,0,79423,79423,79423,17856,17856,17856,591,591,591,0.00,0.00,0.00,0.00,0.00,0.00,0.00,0.00,0.00,0.00,0.00,0.00,0.00,0.00,0.00,0.00,0.00,0.00,0.00,0.00,0.00,424584,815117,2060097,437688,828746,2073202,0,0,0,0,0,0,0,85111,0,141.61,141.67,141.73
116,1,0,0,0,79381,79381,79381,17898,17898,17898,591,591,591,0.00,0.00,0.00,0.00,0.00,0.00,0.00,0.00,0.00,0.00,0.00,0.00,0.00,0.00,0.00,0.00,0.00,0.00,0.00,0.00,0.00,309270,343511,459538,324995,356965,471769,0,0,0,0,0,0,0,87109,0,144.74,144.84,144.95
116,2,0,0,0,79379,79379,79379,17900,17900,17900,591,591,591,0.00,0.00,0.00,0.00,0.00,0.00,0.00,0.00,0.00,0.00,0.00,0.00,0.00,0.00,0.00,0.00,0.00,0.00,0.00,0.00,0.00,311887,576609,1360280,322370,590238,1373385,0,0,0,0,0,0,0,113968,0,142.13,142.19,142.25
116,3,0,0,0,79403,79403,79403,17876,17876,17876,591,591,591,0.00,0.00,0.00,0.00,0.00,0.00,0.00,0.00,0.00,0.00,0.00,0.00,0.00,0.00,0.00,0.00,0.00,0.00,0.00,0.00,0.00,306646,432972,568735,319751,447125,581839,0,0,0,0,0,0,0,110026,0,137.10,137.34,137.65
117,0,0,7,21,72665,76756,79423,17856,20523,24614,591,591,591,0.00,0.02,0.09,0.00,0.01,0.04,0.00,0.01,0.03,0.00,0.00,0.00,0.00,0.00,0.00,0.00,0.00,0.00,0.00,0.01,0.03,466434,1493177,2730771,749439,1910526,2832978,0,0,0,0,0,0,0,141811,0,141.65,145.83,154.45
117,1,0,0,0,79381,79381,79381,17898,17898,17898,591,591,591,0.00,0.00,0.00,0.00,0.00,0.00,0.00,0.00,0.00,0.00,0.00,0.00,0.00,0.00,0.00,0.00,0.00,0.00,0.00,0.00,0.00,306651,1043317,2558956,395763,1291658,2650722,0,0,0,0,0,0,0,130254,0,144.38,144.47,144.59
117,2,0,6,18,72741,76792,79379,17900,20487,24538,591,591,591,0.00,0.03,0.09,0.00,0.01,0.04,0.00,0.01,0.03,0.00,0.00,0.00,0.00,0.00,0.00,0.00,0.00,0.00,0.00,0.01,0.03,311864,1181600,3770867,346958,1591304,3892858,0,0,0,0,0,0,0,130095,0,142.22,145.85,154.41
117,3,0,0,0,79403,79403,79403,17876,17876,17876,591,591,591,0.00,0.00,0.00,0.00,0.00,0.00,0.00,0.00,0.00,0.00,0.00,0.00,0.00,0.00,0.00,0.00,0.00,0.00,0.00,0.00,0.00,202511,1258801,4187938,214731,1506260,4290146,0,0,0,0,0,0,0,82690,0,137.35,137.44,137.51
118,0,0,8,26,70917,71653,71841,25438,25629,26382,591,591,591,0.00,0.09,0.23,0.00,0.04,0.09,0.00,0.02,0.07,0.00,0.00,0.00,0.00,0.00,0.01,0.00,0.00,0.00,0.00,0.03,0.10,440307,1013690,2295658,482241,1397880,2903640,0,0,0,0,0,0,0,146770,0,157.85,173.97,180.01
118,1,0,0,0,79381,79381,79381,17898,17898,17898,591,591,591,0.00,0.00,0.00,0.00,0.00,0.00,0.00,0.00,0.00,0.00,0.00,0.00,0.00,0.00,0.00,0.00,0.00,0.00,0.00,0.00,0.00,311888,531506,1229118,324993,615376,1278912,0,0,0,0,0,0,0,115918,0,144.46,144.51,144.54
118,2,0,21,46,70933,71653,71837,25442,25625,26346,591,591,591,0.00,0.09,0.14,0.00,0.04,0.09,0.00,0.02,0.04,0.00,0.00,0.00,0.00,0.00,0.00,0.00,0.00,0.00,0.00,0.04,0.10,322358,518386,880558,338091,897867,1451872,0,0,0,0,0,0,0,110245,0,159.04,176.28,182.71
118,3,0,0,0,79403,79403,79403,17876,17876,17876,591,591,591,0.00,0.00,0.00,0.00,0.00,0.00,0.00,0.00,0.00,0.00,0.00,0.00,0.00,0.00,0.00,0.00,0.00,0.00,0.00,0.00,0.00,225282,314356,374159,238380,391993,688968,0,0,0,0,0,0,0,124110,0,137.57,137.65,137.70
119,0,0,4,20,69517,69517,69517,27762,27762,27762,591,591,591,0.00,0.06,0.23,0.00,0.03,0.11,0.00,0.02,0.07,0.00,0.00,0.00,0.00,0.00,0.01,0.00,0.00,0.00,0.00,0.03,0.13,518939,1259978,2871712,1729798,2591774,3805475,0,0,0,0,0,0,0,113625,0,172.64,184.04,203.19
119,1,0,20,38,45379,56593,74995,22262,40664,51896,591,591,591,0.04,0.13,0.31,0.02,0.05,0.12,0.01,0.04,0.11,0.00,0.00,0.00,0.00,0.01,0.02,0.00,0.00,0.00,0.02,0.04,0.10,324948,934854,2161674,2427711,2672163,2851163,0,0,0,0,0,0,0,202753,0,148.33,187.54,217.23
119,2,0,7,36,69513,69513,69513,27766,27766,27766,591,591,591,0.00,0.04,0.12,0.00,0.02,0.06,0.00,0.01,0.05,0.00,0.00,0.00,0.00,0.00,0.01,0.00,0.00,0.00,0.00,0.02,0.07,309263,1218165,2125684,1999726,2541169,3000599,0,0,0,0,0,0,0,146334,0,166.92,178.55,197.18
119,3,0,30,74,25193,50957,79403,17876,46288,72082,591,591,591,0.00,0.24,0.52,0.00,0.09,0.19,0.00,0.08,0.18,0.00,0.00,0.00,0.00,0.02,0.04,0.00,0.00,0.00,0.00,0.07,0.14,345932,1324563,2590060,2631181,3082486,3476134,0,0,0,0,0,0,0,205621,0,137.63,193.58,266.87
120,0,0,0,0,58637,67341,69517,27762,29950,38702,591,591,591,0.00,0.02,0.09,0.00,0.01,0.05,0.00,0.00,0.02,0.00,0.00,0.00,0.00,0.00,0.00,0.00,0.00,0.00,0.00,0.01,0.04,539879,604876,710243,809862,977022,1105967,0,0,0,0,0,0,0,169985,0,141.59,144.31,154.72
120,1,0,34,100,44139,44139,44139,53140,53140,53140,591,591,591,0.00,0.26,0.72,0.00,0.09,0.24,0.00,0.08,0.24,0.00,0.00,0.00,0.00,0.01,0.04,0.00,0.00,0.00,0.00,0.08,0.20,133685,600632,1213389,581853,1234222,1988091,0,0,0,0,0,0,0,191084,0,223.85,265.71,284.96
120,2,0,1,7,64473,68505,69513,27766,28782,32846,591,591,591,0.00,0.01,0.05,0.00,0.00,0.02,0.00,0.00,0.01,0.00,0.00,0.00,0.00,0.00,0.00,0.00,0.00,0.00,0.00,0.00,0.02,298641,452312,681434,532039,861424,1009047,0,0,0,0,0,0,0,121244,0,142.25,146.75,154.51
120,3,24,42,100,16485,18286,22399,74880,78992,80794,591,591,591,0.10,0.23,0.67,0.04,0.09,0.24,0.02,0.05,0.17,0.00,0.00,0.00,0.00,0.01,0.04,0.00,0.00,0.00,0.02,0.06,0.19,305933,363165,489870,1066613,1446935,1767421,0,0,0,0,0,0,0,196228,0,219.12,254.91,276.19
121,0,19,31,61,17735,24741,38757,58522,72542,79544,591,591,591,0.10,0.27,0.50,0.03,0.09,0.19,0.02,0.07,0.17,0.00,0.00,0.00,0.00,0.01,0.03,0.00,0.00,0.00,0.02,0.06,0.14,207034,698675,1816127,1506918,2411038,4384388,0,0,0,0,0,0,0,118605,0,196.65,244.90,265.50
121,1,0,0,0,44139,44139,44139,53140,53140,53140,591,591,591,0.00,0.00,0.00,0.00,0.00,0.00,0.00,0.00,0.00,0.00,0.00,0.00,0.00,0.00,0.00,0.00,0.00,0.00,0.00,0.00,0.00,314491,454465,718135,581810,1320944,2327388,0,0,0,0,0,0,0,87149,0,144.98,177.32,257.84
121,2,24,48,87,54691,55081,56641,40638,42198,42588,591,591,591,0.09,0.30,0.59,0.04,0.13,0.23,0.02,0.08,0.15,0.00,0.00,0.00,0.00,0.01,0.02,0.00,0.00,0.00,0.02,0.11,0.21,330194,403211,558071,1210719,1851521,2833702,0,0,0,0,0,0,0,237986,0,171.54,228.80,285.57
121,3,0,40,100,16485,16485,16485,80794,80794,80794,591,591,591,0.00,0.39,0.86,0.00,0.12,0.25,0.00,0.13,0.29,0.00,0.00,0.00,0.00,0.02,0.05,0.00,0.00,0.00,0.00,0.09,0.19,301410,731208,1913268,587095,1639032,2439692,0,0,0,0,0,0,0,231482,0,301.94,353.17,389.92
122,0,43,79,100,17735,17735,17735,79544,79544,79544,591,591,591,0.09,0.58,0.84,0.19,0.26,0.36,0.08,0.19,0.28,0.00,0.00,0.00,0.02,0.03,0.05,0.00,0.00,0.00,0.16,0.21,0.35,453309,670342,1142622,731137,1140976,1501424,0,0,0,0,0,0,0,390880,0,272.13,361.54,468.69
122,1,0,0,0,44139,44139,44139,53140,53140,53140,591,591,591,0.00,0.00,0.00,0.00,0.00,0.00,0.00,0.00,0.00,0.00,0.00,0.00,0.00,0.00,0.00,0.00,0.00,0.00,0.00,0.00,0.00,311890,375841,621164,327613,424590,634268,0,0,0,0,0,0,0,115957,0,144.68,144.83,145.01
122,2,31,56,82,47991,53335,54671,42608,43944,49288,591,591,591,0.26,0.40,0.51,0.10,0.16,0.21,0.07,0.11,0.14,0.00,0.00,0.00,0.01,0.02,0.02,0.00,0.00,0.00,0.06,0.13,0.19,343316,405147,466474,883082,1147834,1443973,0,0,0,0,0,0,0,278437,0,316.13,328.97,345.01
122,3,0,0,0,16485,16485,16485,80794,80794,80794,591,591,591,0.00,0.00,0.00,0.00,0.00,0.00,0.00,0.00,0.00,0.00,0.00,0.00,0.00,0.00,0.00,0.00,0.00,0.00,0.00,0.00,0.00,304028,363259,406244,317133,470368,757449,0,0,0,0,0,0,0,111421,0,138.83,156.29,225.76
123,0,34,60,93,17733,17733,17735,79544,79545,79546,591,591,591,0.23,0.50,0.78,0.10,0.20,0.30,0.03,0.15,0.25,0.00,0.00,0.00,0.01,0.02,0.04,0.00,0.00,0.00,0.06,0.15,0.26,446591,788099,1244985,1336523,1652259,2183522,0,0,0,0,0,0,0,376975,0,383.94,400.39,429.05
123,1,0,30,88,36211,40725,44139,53140,56553,61068,591,591,591,0.00,0.22,0.45,0.00,0.10,0.20,0.00,0.05,0.14,0.00,0.00,0.00,0.00,0.01,0.02,0.00,0.00,0.00,0.00,0.09,0.19,232373,558409,1242191,700616,1387639,2350729,0,0,0,0,0,0,0,250985,0,144.56,220.72,279.78
123,2,26,55,94,38285,43187,45439,51840,54092,58994,591,591,591,0.11,0.41,0.67,0.04,0.16,0.26,0.02,0.12,0.19,0.00,0.00,0.00,0.00,0.02,0.03,0.00,0.00,0.00,0.02,0.13,0.21,330219,675591,1412486,830705,1524682,2062387,0,0,0,0,0,0,0,323477,0,303.93,329.76,360.82
123,3,0,0,0,16485,16485,16485,80794,80794,80794,591,591,591,0.00,0.00,0.00,0.00,0.00,0.00,0.00,0.00,0.00,0.00,0.00,0.00,0.00,0.00,0.00,0.00,0.00,0.00,0.00,0.00,0.00,298787,312235,324114,327602,548555,850477,0,0,0,0,0,0,0,111367,0,138.55,138.63,138.73
124,0,35,71,100,17657,17657,17657,79622,79622,79622,591,591,591,0.15,0.55,0.82,0.06,0.19,0.28,0.03,0.14,0.27,0.00,0.00,0.00,0.00,0.02,0.04,0.00,0.00,0.00,0.03,0.15,0.23,196563,773581,1721742,843800,1465963,2843363,0,0,0,0,0,0,0,335358,0,378.72,387.38,396.74
124,1,30,70,100,36211,36211,36211,61068,61068,61068,591,591,591,0.17,0.51,0.80,0.07,0.20,0.30,0.03,0.14,0.24,0.00,0.00,0.00,0.00,0.02,0.04,0.00,0.00,0.00,0.04,0.16,0.25,338064,403570,613241,720676,1116893,1422949,0,0,0,0,0,0,0,303395,0,337.51,373.87,397.47
124,2,27,54,100,32047,35343,36167,61112,61936,65232,591,591,591,0.11,0.47,0.79,0.04,0.18,0.28,0.02,0.14,0.23,0.00,0.00,0.00,0.00,0.02,0.03,0.00,0.00,0.00,0.02,0.14,0.23,260473,359928,434960,548546,1080977,1562049,0,0,0,0,0,0,0,353815,0,335.11,351.78,392.57
124,3,0,21,68,16485,16485,16485,80794,80794,80794,591,591,591,0.00,0.16,0.40,0.00,0.08,0.21,0.00,0.03,0.08,0.00,0.00,0.00,0.00,0.00,0.01,0.00,0.00,0.00,0.00,0.09,0.22,309270,469920,658730,353826,771431,1289265,0,0,0,0,0,0,0,168466,0,165.83,195.51,204.05
125,0,30,62,89,17657,17657,17657,79622,79622,79622,591,591,591,0.32,0.47,0.74,0.12,0.18,0.27,0.08,0.13,0.22,0.00,0.00,0.00,0.01,0.02,0.03,0.00,0.00,0.00,0.08,0.14,0.22,471715,693124,1320626,953938,1438694,1771316,0,0,0,0,0,0,0,276708,0,366.20,392.55,410.30
125,1,0,46,100,36211,36211,36211,61068,61068,61068,591,591,591,0.00,0.41,0.74,0.00,0.16,0.30,0.00,0.12,0.22,0.00,0.00,0.00,0.00,0.02,0.04,0.00,0.00,0.00,0.00,0.14,0.28,319753,447507,775759,332858,841278,1347095,0,0,0,0,0,0,0,209406,0,305.70,349.77,396.26
125,2,22,62,100,26933,27482,29129,68150,69797,70346,591,591,591,0.10,0.41,0.81,0.04,0.14,0.26,0.02,0.12,0.28,0.00,0.00,0.00,0.00,0.02,0.04,0.00,0.00,0.00,0.02,0.11,0.21,327609,473597,788482,911600,1234846,1480125,0,0,0,0,0,0,0,222331,0,331.27,347.97,387.63
125,3,0,8,34,16485,16485,16485,80794,80794,80794,591,591,591,0.00,0.13,0.36,0.00,0.05,0.14,0.00,0.04,0.11,0.00,0.00,0.00,0.00,0.01,0.02,0.00,0.00,0.00,0.00,0.03,0.08,230620,738389,1236894,718134,1143948,1556600,0,0,0,0,0,0,0,206304,0,147.76,177.88,209.73
126,0,34,58,95,17657,17657,17657,79622,79622,79622,591,591,591,0.15,0.43,0.67,0.06,0.17,0.30,0.03,0.12,0.20,0.00,0.00,0.00,0.00,0.02,0.03,0.00,0.00,0.00,0.03,0.12,0.23,462370,803307,1404146,824560,1508153,2030221,0,0,0,0,0,0,0,309481,0,339.78,365.61,397.96
126,1,0,15,45,36211,36211,36211,61068,61068,61068,591,591,591,0.00,0.09,0.30,0.00,0.04,0.12,0.00,0.02,0.09,0.00,0.00,0.00,0.00,0.00,0.01,0.00,0.00,0.00,0.00,0.02,0.07,227066,606788,1223826,414102,834744,1409889,0,0,0,0,0,0,0,250272,0,145.94,208.48,278.40
126,2,31,67,98,26933,26933,26933,70346,70346,70346,591,591,591,0.15,0.49,0.74,0.05,0.20,0.31,0.03,0.13,0.25,0.00,0.00,0.00,0.00,0.02,0.04,0.00,0.00,0.00,0.02,0.15,0.27,351176,637885,1299813,789016,1271053,2099093,0,0,0,0,0,0,0,326888,0,369.47,399.69,435.59
126,3,66,86,100,15305,16249,16485,80794,81030,81974,591,591,591,0.37,0.67,0.80,0.15,0.27,0.34,0.08,0.20,0.27,0.00,0.00,0.00,0.02,0.03,0.05,0.00,0.00,0.00,0.11,0.20,0.32,393131,544033,710210,699652,1036174,1632536,0,0,0,0,0,0,0,314463,0,257.64,357.65,426.89
127,0,50,82,100,17657,17657,17657,79622,79622,79622,591,591,591,0.31,0.63,0.84,0.13,0.23,0.33,0.09,0.18,0.28,0.00,0.00,0.00,0.01,0.03,0.05,0.00,0.00,0.00,0.07,0.18,0.30,196559,837004,2151520,841102,1401493,2460752,0,0,0,0,0,0,0,265323,0,355.99,392.58,431.36
127,1,32,76,100,36211,36211,36211,61068,61068,61068,591,591,591,0.19,0.54,0.76,0.07,0.21,0.30,0.03,0.15,0.25,0.00,0.00,0.00,0.01,0.02,0.03,0.00,0.00,0.00,0.04,0.18,0.30,335439,507373,752141,814926,1252700,1533110,0,0,0,0,0,0,0,219498,0,293.11,354.67,404.41
127,2,35,68,100,26933,26933,26933,70346,70346,70346,591,591,591,0.28,0.56,0.82,0.12,0.21,0.30,0.10,0.17,0.27,0.00,0.00,0.00,0.01,0.03,0.05,0.00,0.00,0.00,0.08,0.17,0.28,338072,437130,623732,791451,1024692,1192426,0,0,0,0,0,0,0,282665,0,377.97,393.63,417.26
127,3,29,62,100,8555,9467,12445,84834,87812,88724,591,591,591,0.11,0.40,0.85,0.04,0.14,0.26,0.02,0.11,0.29,0.00,0.00,0.00,0.00,0.02,0.05,0.00,0.00,0.00,0.02,0.10,0.20,324965,369155,445519,448153,1159271,1493441,0,0,0,0,0,0,0,231543,0,300.60,331.74,394.79
128,0,43,68,84,17657,17657,17657,79622,79622,79622,591,591,591,0.24,0.52,0.71,0.10,0.21,0.32,0.07,0.15,0.22,0.00,0.00,0.00,0.01,0.02,0.04,0.00,0.00,0.00,0.05,0.17,0.26,471720,758356,1035032,1056133,1550264,1902481,0,0,0,0,0,0,0,316317,0,350.05,393.13,433.56
128,1,39,72,100,33089,35586,36211,61068,61692,64190,591,591,591,0.32,0.55,0.72,0.12,0.23,0.30,0.10,0.16,0.24,0.00,0.00,0.00,0.01,0.02,0.04,0.00,0.00,0.00,0.07,0.18,0.26,335305,544596,975127,799088,1255314,1934528,0,0,0,0,0,0,0,319782,0,352.64,390.00,410.01
128,2,33,67,100,15233,22973,26933,70346,74306,82046,591,591,591,0.21,0.55,0.82,0.08,0.21,0.30,0.06,0.17,0.29,0.00,0.00,0.00,0.01,0.03,0.06,0.00,0.00,0.00,0.05,0.15,0.24,246556,437604,600121,735513,1153181,2020495,0,0,0,0,0,0,0,348704,0,340.72,378.31,406.27
128,3,34,69,100,8553,8553,8555,88724,88725,88726,591,591,591,0.15,0.58,0.85,0.06,0.22,0.33,0.03,0.17,0.29,0.00,0.00,0.00,0.00,0.03,0.05,0.00,0.00,0.00,0.03,0.16,0.30,317079,625246,1215973,427140,1229035,2809317,0,0,0,0,0,0,0,325519,0,387.09,433.69,495.27
129,0,34,69,100,17657,17657,17657,79622,79622,79622,591,591,591,0.15,0.52,0.84,0.05,0.18,0.25,0.03,0.16,0.28,0.00,0.00,0.00,0.00,0.03,0.05,0.00,0.00,0.00,0.02,0.13,0.21,445221,578814,1018227,634201,1442111,1822745,0,0,0,0,0,0,0,282443,0,350.80,368.27,389.65
129,1,26,61,100,26955,27565,30009,67270,69713,70324,591,591,591,0.11,0.49,0.82,0.04,0.17,0.26,0.02,0.15,0.27,0.00,0.00,0.00,0.00,0.02,0.04,0.00,0.00,0.00,0.02,0.11,0.20,321702,686432,1482228,987707,1524660,1992262,0,0,0,0,0,0,0,324704,0,334.20,349.60,365.92
129,2,26,54,100,8489,9326,12173,85106,87952,88790,591,591,591,0.12,0.43,0.86,0.04,0.14,0.25,0.02,0.12,0.29,0.00,0.00,0.00,0.00,0.02,0.05,0.00,0.00,0.00,0.02,0.11,0.20,327584,415094,605381,466349,1277293,1661548,0,0,0,0,0,0,0,294992,0,275.64,319.78,372.26
129,3,40,71,100,8553,8553,8553,88726,88726,88726,591,591,591,0.30,0.52,0.81,0.11,0.19,0.26,0.09,0.15,0.27,0.00,0.00,0.00,0.01,0.02,0.04,0.00,0.00,0.00,0.07,0.16,0.21,380863,555718,812413,1039511,1322126,1593292,0,0,0,0,0,0,0,297828,0,368.57,379.07,387.02
130,0,31,62,100,9797,14801,17657,79622,82478,87482,591,591,591,0.12,0.50,0.84,0.04,0.19,0.32,0.02,0.14,0.23,0.00,0.00,0.00,0.00,0.02,0.05,0.00,0.00,0.00,0.02,0.13,0.24,474336,1032532,1918345,786127,1669174,3003311,0,0,0,0,0,0,0,265408,0,340.05,423.64,497.82
130,1,32,81,100,26955,26955,26955,70324,70324,70324,591,591,591,0.15,0.58,0.82,0.05,0.23,0.31,0.03,0.17,0.28,0.00,0.00,0.00,0.00,0.03,0.05,0.00,0.00,0.00,0.02,0.17,0.28,364279,437832,552984,736371,1082175,1505985,0,0,0,0,0,0,0,288464,0,378.94,403.43,434.40
130,2,34,72,100,8489,8489,8489,88790,88790,88790,591,591,591,0.21,0.51,0.86,0.09,0.19,0.32,0.07,0.14,0.29,0.00,0.00,0.00,0.01,0.02,0.05,0.00,0.00,0.00,0.05,0.16,0.30,335445,551868,1255178,356415,1138338,1954829,0,0,0,0,0,0,0,256431,0,378.54,425.70,459.69
130,3,39,54,60,8553,8553,8553,88726,88726,88726,591,591,591,0.28,0.39,0.53,0.10,0.16,0.20,0.08,0.11,0.16,0.00,0.00,0.00,0.01,0.01,0.02,0.00,0.00,0.00,0.07,0.12,0.17,338063,413351,649930,982700,1190932,1425653,0,0,0,0,0,0,0,272562,0,294.05,319.55,338.65
131,0,45,85,100,8491,8491,8491,88788,88788,88788,591,591,591,0.17,0.67,0.85,0.08,0.23,0.33,0.02,0.19,0.29,0.00,0.00,0.00,0.00,0.03,0.05,0.00,0.00,0.00,0.06,0.19,0.30,490065,829727,1207948,602754,1270126,2211870,0,0,0,0,0,0,0,395409,0,297.08,361.24,460.96
131,1,45,64,86,26955,26955,26955,70324,70324,70324,591,591,591,0.27,0.47,0.74,0.10,0.19,0.31,0.07,0.13,0.17,0.00,0.00,0.00,0.01,0.02,0.03,0.00,0.00,0.00,0.07,0.15,0.28,348553,444989,749530,822842,1063465,1381103,0,0,0,0,0,0,0,296785,0,340.36,382.49,419.63
131,2,37,54,82,8489,8489,8489,88790,88790,88790,591,591,591,0.31,0.39,0.49,0.11,0.15,0.21,0.08,0.11,0.13,0.00,0.00,0.00,0.01,0.01,0.02,0.00,0.00,0.00,0.07,0.12,0.19,326607,401691,557587,893657,1217875,1457069,0,0,0,0,0,0,0,255078,0,328.13,340.33,353.25
131,3,32,61,100,8553,8553,8553,88726,88726,88726,591,591,591,0.20,0.43,0.75,0.08,0.17,0.27,0.04,0.12,0.22,0.00,0.00,0.00,0.01,0.02,0.03,0.00,0.00,0.00,0.04,0.13,0.22,332820,468570,982758,697094,1206013,1931447,0,0,0,0,0,0,0,321759,0,328.46,352.71,383.93
132,0,34,66,100,8491,8491,8491,88788,88788,88788,591,591,591,0.15,0.49,0.63,0.05,0.20,0.26,0.03,0.15,0.21,0.00,0.00,0.00,0.00,0.02,0.03,0.00,0.00,0.00,0.03,0.15,0.23,510997,569078,652416,977515,1212608,1674175,0,0,0,0,0,0,0,305266,0,389.84,430.08,481.10
132,1,58,71,89,26955,26955,26955,70324,70324,70324,591,591,591,0.28,0.46,0.63,0.10,0.18,0.25,0.07,0.13,0.18,0.00,0.00,0.00,0.01,0.02,0.02,0.00,0.00,0.00,0.07,0.17,0.23,334146,657588,1141060,1268464,1458618,1655051,0,0,0,0,0,0,0,268576,0,339.62,352.78,365.47
132,2,45,68,95,8489,8489,8489,88790,88790,88790,591,591,591,0.22,0.53,0.79,0.08,0.22,0.32,0.06,0.16,0.25,0.00,0.00,0.00,0.01,0.02,0.05,0.00,0.00,0.00,0.05,0.17,0.23,335386,440700,613225,676221,1010140,1412514,0,0,0,0,0,0,0,226916,0,334.12,348.40,381.90
132,3,35,68,100,8553,8553,8553,88726,88726,88726,591,591,591,0.16,0.48,0.77,0.06,0.19,0.32,0.03,0.14,0.26,0.00,0.00,0.00,0.00,0.02,0.04,0.00,0.00,0.00,0.03,0.14,0.24,330206,475643,854308,710224,1166832,1871092,0,0,0,0,0,0,0,283098,0,337.17,371.58,405.67
133,0,31,54,71,8491,8491,8491,88788,88788,88788,591,591,591,0.28,0.36,0.41,0.10,0.14,0.18,0.08,0.10,0.11,0.00,0.00,0.00,0.01,0.01,0.02,0.00,0.00,0.00,0.06,0.11,0.16,317962,868120,1952387,1160975,1653078,2804100,0,0,0,0,0,0,0,191065,0,331.77,344.77,355.85
133,1,31,45,64,26955,26955,26955,70324,70324,70324,591,591,591,0.18,0.33,0.51,0.07,0.13,0.20,0.05,0.09,0.14,0.00,0.00,0.00,0.01,0.01,0.02,0.00,0.00,0.00,0.04,0.10,0.18,343300,426125,704975,1071831,1171449,1409950,0,0,0,0,0,0,0,193320,0,310.77,330.77,349.98
133,2,33,67,100,8489,8489,8489,88790,88790,88790,591,591,591,0.15,0.50,0.84,0.06,0.17,0.25,0.03,0.15,0.28,0.00,0.00,0.00,0.00,0.03,0.05,0.00,0.00,0.00,0.03,0.12,0.19,330208,381560,448143,573930,1002619,1459742,0,0,0,0,0,0,0,351982,0,330.81,356.08,369.59
133,3,32,66,100,8553,8553,8553,88726,88726,88726,591,591,591,0.18,0.54,0.82,0.07,0.21,0.30,0.03,0.15,0.25,0.00,0.00,0.00,0.00,0.03,0.04,0.00,0.00,0.00,0.04,0.16,0.25,230620,468142,828914,480459,1052303,1814372,0,0,0,0,0,0,0,201164,0,375.00,394.95,414.71
134,0,33,64,93,8491,8491,8491,88788,88788,88788,591,591,591,0.21,0.44,0.61,0.08,0.18,0.25,0.05,0.12,0.17,0.00,0.00,0.00,0.01,0.02,0.02,0.00,0.00,0.00,0.05,0.14,0.22,466443,706527,1155694,1150481,1436111,1968086,0,0,0,0,0,0,0,266768,0,342.79,354.71,368.66
134,1,35,64,100,26955,26955,26955,70324,70324,70324,591,591,591,0.23,0.43,0.57,0.09,0.17,0.22,0.07,0.12,0.16,0.00,0.00,0.00,0.01,0.02,0.02,0.00,0.00,0.00,0.05,0.13,0.20,332812,510656,712829,1008829,1271662,1569796,0,0,0,0,0,0,0,282926,0,331.42,346.90,361.21
134,2,33,61,94,8489,8489,8489,88790,88790,88790,591,591,591,0.14,0.49,0.80,0.05,0.20,0.33,0.03,0.13,0.26,0.00,0.00,0.00,0.00,0.02,0.04,0.00,0.00,0.00,0.02,0.15,0.30,330207,622658,1391558,828140,1239010,1671966,0,0,0,0,0,0,0,260310,0,360.17,428.32,478.73
134,3,34,80,100,8553,8553,8553,88726,88726,88726,591,591,591,0.14,0.57,0.79,0.05,0.22,0.31,0.03,0.17,0.22,0.00,0.00,0.00,0.00,0.03,0.04,0.00,0.00,0.00,0.02,0.17,0.28,356040,558596,1063781,689173,1153167,1752881,0,0,0,0,0,0,0,363536,0,363.56,383.80,413.86
135,0,30,74,100,8491,8491,8491,88788,88788,88788,591,591,591,0.35,0.59,0.90,0.13,0.24,0.35,0.09,0.18,0.28,0.00,0.00,0.00,0.01,0.03,0.06,0.00,0.00,0.00,0.09,0.18,0.24,470670,522998,585936,906575,1277949,2032789,0,0,0,0,0,0,0,325306,0,357.84,376.39,420.91
135,1,24,54,95,10035,18699,26955,70324,78576,87244,591,591,591,0.11,0.40,0.89,0.04,0.16,0.35,0.02,0.12,0.28,0.00,0.00,0.00,0.00,0.02,0.06,0.00,0.00,0.00,0.02,0.11,0.20,98559,602096,1258728,313835,1490016,2681091,0,0,0,0,0,0,0,253977,0,325.28,357.35,388.01
135,2,37,82,100,8489,8489,8489,88790,88790,88790,591,591,591,0.19,0.60,0.83,0.07,0.22,0.32,0.05,0.17,0.28,0.00,0.00,0.00,0.01,0.03,0.05,0.00,0.00,0.00,0.04,0.18,0.28,232982,497421,846338,361643,1176380,1702362,0,0,0,0,0,0,0,328914,0,361.37,399.65,430.95
135,3,34,64,95,8553,8553,8553,88726,88726,88726,591,591,591,0.16,0.49,0.80,0.06,0.20,0.32,0.03,0.14,0.25,0.00,0.00,0.00,0.00,0.02,0.05,0.00,0.00,0.00,0.03,0.14,0.27,338070,457509,615564,820288,1344226,1888603,0,0,0,0,0,0,0,264366,0,356.04,385.06,412.41
136,0,34,67,100,8491,8491,8491,88788,88788,88788,591,591,591,0.15,0.48,0.84,0.06,0.16,0.25,0.03,0.14,0.28,0.00,0.00,0.00,0.00,0.02,0.05,0.00,0.00,0.00,0.03,0.12,0.20,469123,851196,1839718,985363,1594423,2874887,0,0,0,0,0,0,0,310291,0,344.02,362.54,387.02
136,1,27,81,100,8509,8509,8509,88770,88770,88770,591,591,591,0.23,0.68,0.84,0.11,0.24,0.33,0.03,0.19,0.28,0.00,0.00,0.00,0.01,0.03,0.05,0.00,0.00,0.00,0.09,0.19,0.30,332826,493168,951230,372152,922404,1462339,0,0,0,0,0,0,0,395947,0,292.48,351.57,442.21
136,2,34,66,100,8489,8489,8489,88790,88790,88790,591,591,591,0.18,0.53,0.82,0.07,0.19,0.31,0.03,0.16,0.28,0.00,0.00,0.00,0.00,0.03,0.05,0.00,0.00,0.00,0.04,0.13,0.20,351172,506796,935511,872690,1139880,1430253,0,0,0,0,0,0,0,335975,0,321.17,371.14,416.53
136,3,39,85,100,8553,8553,8553,88726,88726,88726,591,591,591,0.29,0.68,0.84,0.12,0.24,0.33,0.09,0.20,0.28,0.00,0.00,0.00,0.01,0.03,0.05,0.00,0.00,0.00,0.07,0.20,0.29,223630,325997,390488,571262,788522,1010012,0,0,0,0,0,0,0,323933,0,368.04,399.74,431.20
137,0,33,68,100,8491,8491,8491,88788,88788,88788,591,591,591,0.14,0.55,0.85,0.05,0.21,0.35,0.03,0.15,0.27,0.00,0.00,0.00,0.00,0.03,0.05,0.00,0.00,0.00,0.02,0.16,0.31,309169,568114,1043046,466374,1144577,1994368,0,0,0,0,0,0,0,282270,0,384.16,438.63,495.33
137,1,35,74,100,8509,8509,8509,88770,88770,88770,591,591,591,0.15,0.53,0.80,0.05,0.20,0.34,0.03,0.16,0.25,0.00,0.00,0.00,0.00,0.03,0.05,0.00,0.00,0.00,0.02,0.14,0.22,335398,424188,631598,697088,1067802,1434370,0,0,0,0,0,0,0,241163,0,345.67,416.20,500.11
137,2,34,64,100,8489,8489,8489,88790,88790,88790,591,591,591,0.19,0.48,0.79,0.07,0.20,0.32,0.05,0.13,0.25,0.00,0.00,0.00,0.00,0.02,0.05,0.00,0.00,0.00,0.04,0.15,0.27,351139,812401,1462312,1145134,1432435,1795132,0,0,0,0,0,0,0,271212,0,352.20,389.06,420.16
137,3,31,61,93,8553,8553,8553,88726,88726,88726,591,591,591,0.29,0.41,0.60,0.12,0.16,0.25,0.09,0.12,0.17,0.00,0.00,0.00,0.01,0.02,0.02,0.00,0.00,0.00,0.08,0.13,0.22,386281,751785,1333865,1092847,1476370,2269405,0,0,0,0,0,0,0,317301,0,327.46,346.00,365.19
138,0,53,83,100,8491,8491,8491,88788,88788,88788,591,591,591,0.66,0.74,0.82,0.24,0.28,0.33,0.17,0.23,0.26,0.00,0.00,0.00,0.02,0.04,0.04,0.00,0.00,0.00,0.14,0.21,0.29,495324,661729,917212,835890,1005702,1326026,0,0,0,0,0,0,0,334033,0,386.77,408.20,439.42
138,1,56,86,100,8509,8509,8509,88770,88770,88770,591,591,591,0.49,0.74,0.84,0.20,0.26,0.34,0.16,0.22,0.28,0.00,0.00,0.00,0.02,0.04,0.05,0.00,0.00,0.00,0.13,0.20,0.31,115308,603930,1548283,421924,871586,2079049,0,0,0,0,0,0,0,381078,0,348.44,421.91,484.56
138,2,36,64,96,8489,8489,8489,88790,88790,88790,591,591,591,0.31,0.57,0.82,0.13,0.21,0.32,0.07,0.16,0.28,0.00,0.00,0.00,0.01,0.03,0.05,0.00,0.00,0.00,0.10,0.17,0.29,220257,496796,825511,470565,1001956,1425645,0,0,0,0,0,0,0,272958,0,326.26,365.90,388.77
138,3,43,59,69,8553,8553,8553,88726,88726,88726,591,591,591,0.30,0.40,0.56,0.12,0.16,0.20,0.09,0.11,0.16,0.00,0.00,0.00,0.01,0.02,0.02,0.00,0.00,0.00,0.07,0.12,0.16,330202,463191,720699,1029906,1249364,1719194,0,0,0,0,0,0,0,271521,0,340.03,345.71,351.01
139,0,33,76,100,8491,8491,8491,88788,88788,88788,591,591,591,0.14,0.55,0.82,0.05,0.21,0.33,0.03,0.15,0.27,0.00,0.00,0.00,0.00,0.02,0.04,0.00,0.00,0.00,0.02,0.17,0.28,441714,937383,1957616,959389,1517711,2321885,0,0,0,0,0,0,0,364058,0,380.89,400.19,425.09
139,1,33,70,100,8509,8509,8509,88770,88770,88770,591,591,591,0.16,0.57,0.90,0.06,0.22,0.34,0.03,0.17,0.30,0.00,0.00,0.00,0.00,0.03,0.06,0.00,0.00,0.00,0.03,0.16,0.28,300957,597662,1075765,862071,1172043,1682106,0,0,0,0,0,0,0,267179,0,398.70,415.20,427.66
139,2,38,52,64,8489,8489,8489,88790,88790,88790,591,591,591,0.25,0.34,0.42,0.09,0.13,0.18,0.06,0.09,0.15,0.00,0.00,0.00,0.01,0.01,0.02,0.00,0.00,0.00,0.06,0.11,0.13,345933,657780,1260472,1084963,1426675,2230066,0,0,0,0,0,0,0,298569,0,318.77,356.92,409.35
139,3,33,55,86,8553,8553,8553,88726,88726,88726,591,591,591,0.21,0.44,0.67,0.08,0.17,0.26,0.04,0.12,0.18,0.00,0.00,0.00,0.01,0.02,0.03,0.00,0.00,0.00,0.05,0.14,0.23,335445,425588,615862,833396,1154114,1488551,0,0,0,0,0,0,0,216533,0,324.12,337.24,351.70
140,0,34,71,100,8491,8491,8491,88788,88788,88788,591,591,591,0.19,0.56,0.82,0.08,0.21,0.30,0.03,0.16,0.27,0.00,0.00,0.00,0.00,0.03,0.04,0.00,0.00,0.00,0.05,0.16,0.27,453376,819031,1989044,628961,1384912,3005841,0,0,0,0,0,0,0,330266,0,384.05,401.91,440.60
140,1,35,78,100,8507,8507,8509,88770,88771,88772,591,591,591,0.15,0.56,0.86,0.06,0.19,0.28,0.03,0.16,0.29,0.00,0.00,0.00,0.00,0.03,0.05,0.00,0.00,0.00,0.03,0.14,0.21,327560,563246,959209,803523,1152353,1609030,0,0,0,0,0,0,0,347467,0,349.57,376.88,426.54
140,2,33,61,95,8489,8489,8489,88790,88790,88790,591,591,591,0.15,0.46,0.81,0.05,0.19,0.33,0.03,0.13,0.26,0.00,0.00,0.00,0.00,0.02,0.05,0.00,0.00,0.00,0.02,0.13,0.25,330202,422984,600238,904290,1117463,1394258,0,0,0,0,0,0,0,264328,0,344.79,367.03,401.62
140,3,37,47,67,8553,8553,8553,88726,88726,88726,591,591,591,0.29,0.36,0.45,0.12,0.14,0.17,0.08,0.11,0.13,0.00,0.00,0.00,0.01,0.01,0.02,0.00,0.00,0.00,0.08,0.11,0.16,335457,594094,1496453,998511,1329332,2141160,0,0,0,0,0,0,0,273531,0,300.40,328.79,353.38
141,0,38,66,96,8491,8491,8491,88788,88788,88788,591,591,591,0.21,0.44,0.67,0.08,0.17,0.25,0.05,0.12,0.17,0.00,0.00,0.00,0.01,0.02,0.03,0.00,0.00,0.00,0.05,0.14,0.23,456029,539196,736371,1032569,1274880,1598529,0,0,0,0,0,0,0,293942,0,355.76,386.80,431.74
141,1,30,70,100,8507,8507,8507,88772,88772,88772,591,591,591,0.34,0.53,0.78,0.13,0.22,0.29,0.08,0.15,0.21,0.00,0.00,0.00,0.01,0.02,0.03,0.00,0.00,0.00,0.08,0.17,0.25,152002,536541,1202917,821604,1103712,2128036,0,0,0,0,0,0,0,306368,0,394.80,433.16,473.92
141,2,59,85,100,8489,8489,8489,88790,88790,88790,591,591,591,0.29,0.64,0.83,0.12,0.22,0.29,0.09,0.19,0.28,0.00,0.00,0.00,0.01,0.03,0.05,0.00,0.00,0.00,0.07,0.17,0.24,277181,466383,778334,492705,940353,1361770,0,0,0,0,0,0,0,329885,0,365.87,402.29,427.79
141,3,32,76,100,8553,8553,8553,88726,88726,88726,591,591,591,0.33,0.50,0.78,0.13,0.19,0.29,0.08,0.14,0.23,0.00,0.00,0.00,0.01,0.02,0.03,0.00,0.00,0.00,0.09,0.15,0.23,324976,529309,951229,912093,1247828,1595282,0,0,0,0,0,0,0,315486,0,335.77,359.38,401.63
142,0,31,73,100,8491,8491,8491,88788,88788,88788,591,591,591,0.14,0.59,0.86,0.05,0.23,0.35,0.03,0.18,0.26,0.00,0.00,0.00,0.00,0.03,0.05,0.00,0.00,0.00,0.02,0.17,0.27,457883,880716,2012576,762505,1432740,2410898,0,0,0,0,0,0,0,381986,0,344.02,389.12,425.77
142,1,32,59,100,8507,8507,8507,88772,88772,88772,591,591,591,0.16,0.41,0.73,0.06,0.16,0.30,0.03,0.11,0.21,0.00,0.00,0.00,0.00,0.02,0.03,0.00,0.00,0.00,0.03,0.12,0.27,327511,466768,780966,765265,1196991,1378483,0,0,0,0,0,0,0,293934,0,339.12,368.36,402.14
142,2,36,62,95,8489,8489,8489,88790,88790,88790,591,591,591,0.20,0.39,0.66,0.08,0.16,0.25,0.05,0.11,0.17,0.00,0.00,0.00,0.01,0.01,0.02,0.00,0.00,0.00,0.04,0.13,0.23,322338,385758,581765,838634,1094905,1297179,0,0,0,0,0,0,0,299153,0,340.35,358.13,391.78
142,3,34,73,100,8553,8553,8553,88726,88726,88726,591,591,591,0.26,0.54,0.80,0.11,0.21,0.29,0.04,0.16,0.27,0.00,0.00,0.00,0.01,0.02,0.04,0.00,0.00,0.00,0.07,0.16,0.23,237589,365136,448124,653372,961935,1551403,0,0,0,0,0,0,0,302111,0,355.28,384.51,404.96
143,0,32,66,100,8489,8489,8491,88788,88789,88790,591,591,591,0.14,0.47,0.85,0.05,0.16,0.27,0.03,0.13,0.29,0.00,0.00,0.00,0.00,0.02,0.05,0.00,0.00,0.00,0.02,0.11,0.22,317971,687313,912219,424544,1378422,1758906,0,0,0,0,0,0,0,304162,0,348.71,374.53,403.55
143,1,45,80,97,8507,8507,8507,88772,88772,88772,591,591,591,0.24,0.58,0.74,0.09,0.23,0.31,0.07,0.17,0.24,0.00,0.00,0.00,0.01,0.02,0.04,0.00,0.00,0.00,0.05,0.19,0.23,332828,409485,518923,767108,1008755,1195037,0,0,0,0,0,0,0,318060,0,350.80,386.06,417.99
143,2,31,58,100,8489,8489,8489,88790,88790,88790,591,591,591,0.16,0.40,0.67,0.06,0.16,0.27,0.03,0.12,0.20,0.00,0.00,0.00,0.00,0.02,0.03,0.00,0.00,0.00,0.03,0.12,0.25,332829,602217,1346980,854350,1308739,2327078,0,0,0,0,0,0,0,282625,0,327.78,338.45,351.36
143,3,50,77,100,8553,8553,8553,88726,88726,88726,591,591,591,0.27,0.61,0.81,0.10,0.24,0.34,0.08,0.19,0.26,0.00,0.00,0.00,0.01,0.03,0.05,0.00,0.00,0.00,0.06,0.16,0.26,427158,665861,1462311,789548,1213371,1826579,0,0,0,0,0,0,0,379531,0,360.68,400.63,419.79
144,0,34,72,100,8489,8489,8489,88790,88790,88790,591,591,591,0.15,0.58,0.85,0.06,0.22,0.34,0.03,0.16,0.27,0.00,0.00,0.00,0.00,0.03,0.05,0.00,0.00,0.00,0.03,0.17,0.30,495355,741634,1129528,702348,1297739,2141124,0,0,0,0,0,0,0,305495,0,407.40,442.40,483.17
144,1,34,73,100,8507,8507,8507,88772,88772,88772,591,591,591,0.15,0.52,0.83,0.06,0.18,0.25,0.03,0.16,0.27,0.00,0.00,0.00,0.00,0.03,0.05,0.00,0.00,0.00,0.03,0.12,0.20,324965,563049,866379,465218,1162387,1868449,0,0,0,0,0,0,0,334941,0,357.73,373.34,400.05
144,2,37,72,90,8489,8489,8489,88790,88790,88790,591,591,591,0.33,0.51,0.71,0.12,0.20,0.25,0.10,0.15,0.22,0.00,0.00,0.00,0.01,0.02,0.03,0.00,0.00,0.00,0.08,0.16,0.21,335449,536186,959202,885759,1153080,1470253,0,0,0,0,0,0,0,219336,0,350.40,369.34,381.97
144,3,34,66,100,8547,8548,8553,88726,88730,88732,591,591,591,0.15,0.51,0.85,0.06,0.17,0.25,0.03,0.15,0.29,0.00,0.00,0.00,0.00,0.03,0.05,0.00,0.00,0.00,0.03,0.12,0.20,317099,379992,537235,445489,1024670,1585500,0,0,0,0,0,0,0,347528,0,348.58,364.49,396.81
145,0,32,75,100,8489,8489,8489,88790,88790,88790,591,591,591,0.14,0.49,0.81,0.05,0.19,0.28,0.03,0.14,0.25,0.00,0.00,0.00,0.00,0.02,0.04,0.00,0.00,0.00,0.01,0.16,0.26,484005,840027,1048124,811879,1438396,1717094,0,0,0,0,0,0,0,357150,0,359.65,387.38,412.27
145,1,33,63,96,8507,8507,8507,88772,88772,88772,591,591,591,0.14,0.58,0.81,0.05,0.24,0.36,0.03,0.17,0.24,0.00,0.00,0.00,0.00,0.03,0.05,0.00,0.00,0.00,0.02,0.16,0.31,348563,574128,951325,719168,1087842,1926236,0,0,0,0,0,0,0,223202,0,420.59,454.02,487.80
145,2,32,52,74,8489,8489,8489,88790,88790,88790,591,591,591,0.15,0.45,0.73,0.06,0.17,0.28,0.03,0.13,0.21,0.00,0.00,0.00,0.00,0.02,0.03,0.00,0.00,0.00,0.03,0.13,0.25,337958,376094,466473,803661,1058893,1314732,0,0,0,0,0,0,0,314723,0,321.90,356.97,392.71
145,3,34,80,100,8547,8547,8547,88732,88732,88732,591,591,591,0.15,0.65,0.86,0.06,0.25,0.35,0.03,0.19,0.31,0.00,0.00,0.00,0.00,0.03,0.06,0.00,0.00,0.00,0.03,0.18,0.29,390434,497249,778291,613244,948647,1428263,0,0,0,0,0,0,0,212299,0,415.56,454.81,492.06
146,0,33,71,100,8489,8489,8489,88790,88790,88790,591,591,591,0.16,0.54,0.79,0.06,0.21,0.33,0.03,0.16,0.26,0.00,0.00,0.00,0.00,0.03,0.05,0.00,0.00,0.00,0.03,0.15,0.27,476956,678405,957421,906763,1293738,1472799,0,0,0,0,0,0,0,199713,0,364.93,389.53,410.61
146,1,33,85,100,8505,8505,8505,88774,88774,88774,591,591,591,0.16,0.66,0.86,0.06,0.23,0.33,0.03,0.19,0.29,0.00,0.00,0.00,0.00,0.03,0.05,0.00,0.00,0.00,0.03,0.17,0.26,335442,415087,642077,461243,892553,1352253,0,0,0,0,0,0,0,387149,0,344.69,372.96,436.06
146,2,34,66,100,8489,8489,8489,88790,88790,88790,591,591,591,0.14,0.44,0.67,0.05,0.18,0.28,0.03,0.12,0.23,0.00,0.00,0.00,0.00,0.02,0.04,0.00,0.00,0.00,0.02,0.13,0.24,369506,629482,1464963,896278,1373742,1860687,0,0,0,0,0,0,0,279940,0,352.27,389.54,429.22
146,3,35,80,100,8547,8547,8547,88732,88732,88732,591,591,591,0.16,0.56,0.83,0.06,0.20,0.30,0.03,0.16,0.28,0.00,0.00,0.00,0.00,0.03,0.05,0.00,0.00,0.00,0.03,0.16,0.25,242693,505845,788825,459568,1127944,1532454,0,0,0,0,0,0,0,398038,0,365.34,383.62,423.55
147,0,33,77,100,8489,8489,8489,88790,88790,88790,591,591,591,0.19,0.60,0.82,0.07,0.24,0.34,0.04,0.17,0.26,0.00,0.00,0.00,0.01,0.03,0.04,0.00,0.00,0.00,0.04,0.19,0.25,461251,542965,628952,775741,1065998,1564354,0,0,0,0,0,0,0,323192,0,384.89,408.00,427.51
147,1,33,58,79,8505,8505,8505,88774,88774,88774,591,591,591,0.21,0.40,0.54,0.08,0.16,0.24,0.05,0.11,0.16,0.00,0.00,0.00,0.01,0.02,0.02,0.00,0.00,0.00,0.05,0.13,0.19,146753,362185,450763,704942,1065927,1425620,0,0,0,0,0,0,0,289282,0,324.05,395.02,465.07
147,2,34,76,100,8489,8489,8489,88790,88790,88790,591,591,591,0.35,0.59,0.82,0.12,0.22,0.28,0.10,0.17,0.27,0.00,0.00,0.00,0.01,0.03,0.04,0.00,0.00,0.00,0.09,0.18,0.23,335437,535648,775682,757355,1015223,1297171,0,0,0,0,0,0,0,318446,0,379.66,397.18,425.63
147,3,35,69,89,8547,8547,8547,88732,88732,88732,591,591,591,0.15,0.49,0.86,0.05,0.19,0.34,0.03,0.14,0.28,0.00,0.00,0.00,0.00,0.02,0.05,0.00,0.00,0.00,0.02,0.12,0.24,332827,831857,2141414,662996,1513445,2674522,0,0,0,0,0,0,0,274010,0,342.23,387.32,429.38
148,0,34,65,100,8487,8487,8489,88790,88791,88792,591,591,591,0.15,0.49,0.84,0.06,0.17,0.26,0.03,0.14,0.28,0.00,0.00,0.00,0.00,0.03,0.05,0.00,0.00,0.00,0.03,0.12,0.20,449129,1021628,1978618,940823,1717995,2248707,0,0,0,0,0,0,0,310250,0,355.56,367.99,391.76
148,1,38,64,100,8505,8505,8505,88774,88774,88774,591,591,591,0.20,0.48,0.72,0.08,0.19,0.29,0.05,0.14,0.20,0.00,0.00,0.00,0.01,0.02,0.03,0.00,0.00,0.00,0.04,0.15,0.27,450764,825785,1231359,898907,1523713,2250505,0,0,0,0,0,0,0,307625,0,311.74,336.21,369.60
148,2,30,61,100,8489,8489,8489,88790,88790,88790,591,591,591,0.28,0.48,0.80,0.11,0.18,0.28,0.06,0.14,0.27,0.00,0.00,0.00,0.01,0.02,0.04,0.00,0.00,0.00,0.06,0.14,0.25,222386,383567,539843,600219,1026876,1369984,0,0,0,0,0,0,0,332563,0,326.90,352.68,374.06
148,3,35,83,100,8547,8547,8547,88732,88732,88732,591,591,591,0.16,0.63,0.81,0.06,0.23,0.35,0.03,0.19,0.27,0.00,0.00,0.00,0.00,0.03,0.04,0.00,0.00,0.00,0.04,0.18,0.30,239765,787703,1465978,661962,1364729,2917369,0,0,0,0,0,0,0,339177,0,374.27,404.27,443.51
149,0,39,75,100,8487,8487,8487,88792,88792,88792,591,591,591,0.16,0.60,0.85,0.06,0.22,0.36,0.03,0.17,0.29,0.00,0.00,0.00,0.00,0.03,0.05,0.00,0.00,0.00,0.03,0.17,0.32,479619,656513,820210,783640,1153712,1758342,0,0,0,0,0,0,0,314851,0,412.23,441.72,475.17
149,1,41,64,85,8505,8505,8505,88774,88774,88774,591,591,591,0.23,0.45,0.65,0.09,0.18,0.27,0.06,0.13,0.18,0.00,0.00,0.00,0.01,0.02,0.02,0.00,0.00,0.00,0.05,0.14,0.23,332821,449335,746885,1093533,1189902,1318187,0,0,0,0,0,0,0,293423,0,362.81,372.70,395.72
149,2,33,57,77,8489,8489,8489,88790,88790,88790,591,591,591,0.29,0.40,0.54,0.12,0.16,0.19,0.09,0.11,0.16,0.00,0.00,0.00,0.01,0.02,0.02,0.00,0.00,0.00,0.07,0.13,0.16,338046,539322,927704,1011605,1276764,1679825,0,0,0,0,0,0,0,196248,0,333.63,349.54,374.53
149,3,36,80,100,8547,8547,8547,88732,88732,88732,591,591,591,0.42,0.70,0.85,0.21,0.26,0.33,0.04,0.19,0.28,0.00,0.00,0.00,0.02,0.03,0.05,0.00,0.00,0.00,0.10,0.19,0.27,345931,916935,1364114,754759,1270315,1977965,0,0,0,0,0,0,0,363977,0,365.56,391.20,440.12
150,0,34,63,98,8487,8487,8487,88792,88792,88792,591,591,591,0.15,0.54,0.91,0.06,0.21,0.34,0.03,0.16,0.31,0.00,0.00,0.00,0.00,0.03,0.06,0.00,0.00,0.00,0.03,0.14,0.28,453381,571943,833370,636819,1176647,1588120,0,0,0,0,0,0,0,261532,0,381.72,403.10,421.14
150,1,33,62,100,8505,8505,8505,88774,88774,88774,591,591,591,0.14,0.48,0.79,0.05,0.17,0.28,0.03,0.14,0.25,0.00,0.00,0.00,0.00,0.02,0.05,0.00,0.00,0.00,0.02,0.12,0.21,131033,429794,720710,476963,1106584,1462340,0,0,0,0,0,0,0,341230,0,352.38,375.75,408.75
150,2,33,61,93,8489,8489,8489,88790,88790,88790,591,591,591,0.27,0.43,0.79,0.10,0.18,0.33,0.08,0.13,0.26,0.00,0.00,0.00,0.01,0.02,0.05,0.00,0.00,0.00,0.06,0.13,0.21,332828,421506,527699,704970,1040627,1254379,0,0,0,0,0,0,0,303497,0,327.07,342.35,360.52
150,3,32,57,100,8547,8547,8547,88732,88732,88732,591,591,591,0.17,0.40,0.70,0.06,0.16,0.28,0.04,0.11,0.20,0.00,0.00,0.00,0.00,0.02,0.03,0.00,0.00,0.00,0.03,0.12,0.26,340709,514947,631571,744318,1220542,1548792,0,0,0,0,0,0,0,229309,0,344.62,385.67,410.72
151,0,59,89,100,8487,8487,8487,88792,88792,88792,591,591,591,0.26,0.68,0.84,0.12,0.23,0.29,0.04,0.19,0.28,0.00,0.00,0.00,0.01,0.03,0.05,0.00,0.00,0.00,0.09,0.18,0.24,453360,609109,1037824,589601,1045410,1517316,0,0,0,0,0,0,0,394308,0,349.96,391.02,468.20
151,1,35,63,100,8505,8505,8505,88774,88774,88774,591,591,591,0.24,0.52,0.82,0.09,0.20,0.27,0.07,0.15,0.26,0.00,0.00,0.00,0.01,0.02,0.04,0.00,0.00,0.00,0.05,0.16,0.23,345901,647613,1365352,987437,1216386,1606451,0,0,0,0,0,0,0,201223,0,374.61,391.29,421.20
151,2,36,71,100,8489,8489,8489,88790,88790,88790,591,591,591,0.15,0.53,0.82,0.06,0.20,0.33,0.03,0.15,0.27,0.00,0.00,0.00,0.00,0.02,0.05,0.00,0.00,0.00,0.03,0.16,0.29,332831,625814,1443998,681350,1198694,2421514,0,0,0,0,0,0,0,338638,0,323.11,369.83,392.28
151,3,36,73,97,8545,8546,8547,88732,88732,88734,591,591,591,0.15,0.42,0.86,0.06,0.17,0.33,0.03,0.11,0.28,0.00,0.00,0.00,0.00,0.02,0.06,0.00,0.00,0.00,0.01,0.12,0.20,240267,641782,1094585,475312,1431412,2113141,0,0,0,0,0,0,0,296369,0,339.62,368.02,423.19
152,0,31,64,100,8487,8487,8487,88792,88792,88792,591,591,591,0.21,0.45,0.67,0.08,0.18,0.26,0.06,0.13,0.19,0.00,0.00,0.00,0.01,0.02,0.03,0.00,0.00,0.00,0.05,0.14,0.24,5240,959143,1910553,864723,1681353,2557590,0,0,0,0,0,0,0,222064,0,355.91,389.17,439.58
152,1,31,68,100,8505,8505,8505,88774,88774,88774,591,591,591,0.15,0.49,0.70,0.06,0.20,0.30,0.03,0.14,0.21,0.00,0.00,0.00,0.00,0.02,0.03,0.00,0.00,0.00,0.03,0.16,0.27,343312,466700,682704,812388,1157877,1568166,0,0,0,0,0,0,0,319005,0,342.77,355.55,391.34
152,2,33,61,98,8489,8489,8489,88790,88790,88790,591,591,591,0.29,0.38,0.48,0.11,0.15,0.20,0.09,0.11,0.13,0.00,0.00,0.00,0.01,0.01,0.02,0.00,0.00,0.00,0.07,0.12,0.19,330201,542475,964403,877892,1270493,1837083,0,0,0,0,0,0,0,251757,0,336.21,370.97,429.25
152,3,63,88,100,8545,8545,8545,88734,88734,88734,591,591,591,0.63,0.78,0.85,0.24,0.27,0.35,0.16,0.24,0.29,0.00,0.00,0.00,0.02,0.04,0.05,0.00,0.00,0.00,0.16,0.21,0.32,332816,528820,927671,442882,795597,1247377,0,0,0,0,0,0,0,357038,0,345.23,410.25,469.16
153,0,33,61,89,8487,8487,8487,88792,88792,88792,591,591,591,0.15,0.40,0.61,0.05,0.16,0.27,0.03,0.12,0.18,0.00,0.00,0.00,0.00,0.02,0.03,0.00,0.00,0.00,0.02,0.12,0.23,471739,953387,1661446,1187212,1678785,2196045,0,0,0,0,0,0,0,275448,0,331.49,355.62,384.93
153,1,36,74,100,8505,8505,8505,88774,88774,88774,591,591,591,0.16,0.58,0.81,0.06,0.22,0.32,0.03,0.16,0.27,0.00,0.00,0.00,0.00,0.03,0.04,0.00,0.00,0.00,0.03,0.17,0.29,102202,704528,1975595,277780,1281059,2284773,0,0,0,0,0,0,0,345744,0,365.52,388.39,397.01
153,2,33,63,100,8489,8489,8489,88790,88790,88790,591,591,591,0.18,0.39,0.56,0.07,0.16,0.20,0.03,0.11,0.16,0.00,0.00,0.00,0.00,0.02,0.02,0.00,0.00,0.00,0.04,0.12,0.16,293451,330385,348565,872069,1063649,1302409,0,0,0,0,0,0,0,290407,0,328.14,334.68,340.48
153,3,36,70,100,8545,8545,8545,88734,88734,88734,591,591,591,0.16,0.46,0.80,0.06,0.17,0.28,0.03,0.13,0.25,0.00,0.00,0.00,0.00,0.02,0.04,0.00,0.00,0.00,0.03,0.14,0.23,332831,388861,573652,665808,1103704,1388888,0,0,0,0,0,0,0,321196,0,354.81,384.59,401.50
154,0,54,76,100,8487,8487,8487,88792,88792,88792,591,591,591,0.40,0.60,0.81,0.17,0.24,0.32,0.12,0.17,0.24,0.00,0.00,0.00,0.02,0.03,0.03,0.00,0.00,0.00,0.14,0.21,0.29,466467,1226412,3328482,859593,1855185,4096402,0,0,0,0,0,0,0,374918,0,358.93,391.76,427.53
154,1,34,66,100,8505,8505,8505,88774,88774,88774,591,591,591,0.15,0.51,0.83,0.06,0.19,0.34,0.03,0.15,0.28,0.00,0.00,0.00,0.00,0.03,0.05,0.00,0.00,0.00,0.02,0.13,0.22,329068,408600,581816,660397,1069344,1664204,0,0,0,0,0,0,0,269189,0,367.77,407.83,455.69
154,2,31,76,100,8489,8489,8489,88790,88790,88790,591,591,591,0.31,0.56,0.78,0.12,0.21,0.29,0.07,0.16,0.23,0.00,0.00,0.00,0.01,0.02,0.03,0.00,0.00,0.00,0.08,0.17,0.23,332829,753184,1727079,1008939,1372177,2230264,0,0,0,0,0,0,0,314331,0,359.44,383.11,418.85
154,3,37,63,96,8545,8545,8545,88734,88734,88734,591,591,591,0.16,0.46,0.83,0.06,0.18,0.33,0.03,0.13,0.28,0.00,0.00,0.00,0.00,0.02,0.05,0.00,0.00,0.00,0.03,0.14,0.25,227689,588274,1272368,587639,1287231,2313397,0,0,0,0,0,0,0,347291,0,343.76,368.76,386.66
155,0,36,64,97,8487,8487,8487,88792,88792,88792,591,591,591,0.16,0.50,0.92,0.06,0.18,0.33,0.03,0.15,0.33,0.00,0.00,0.00,0.00,0.03,0.07,0.00,0.00,0.00,0.03,0.12,0.20,484826,624736,883164,896026,1322848,1931430,0,0,0,0,0,0,0,249578,0,347.60,377.30,426.92
155,1,36,76,100,8505,8505,8505,88774,88774,88774,591,591,591,0.38,0.61,0.83,0.14,0.23,0.32,0.10,0.18,0.28,0.00,0.00,0.00,0.01,0.03,0.05,0.00,0.00,0.00,0.11,0.19,0.29,345926,597501,1095465,686502,1098036,1281533,0,0,0,0,0,0,0,374301,0,374.09,416.37,443.30
155,2,37,65,100,8489,8489,8489,88790,88790,88790,591,591,591,0.19,0.54,0.73,0.07,0.22,0.30,0.05,0.16,0.22,0.00,0.00,0.00,0.01,0.02,0.04,0.00,0.00,0.00,0.04,0.17,0.27,340692,433983,526756,765252,1011057,1415166,0,0,0,0,0,0,0,239833,0,347.25,388.80,411.89
155,3,36,78,100,8543,8543,8543,88736,88736,88736,591,591,591,0.16,0.64,0.85,0.06,0.21,0.29,0.03,0.19,0.29,0.00,0.00,0.00,0.00,0.03,0.05,0.00,0.00,0.00,0.03,0.16,0.23,323380,511761,828136,642044,1018607,1405771,0,0,0,0,0,0,0,371664,0,345.30,368.12,417.74
156,0,31,76,100,8487,8487,8487,88792,88792,88792,591,591,591,0.23,0.64,0.87,0.09,0.23,0.31,0.07,0.19,0.29,0.00,0.00,0.00,0.01,0.03,0.05,0.00,0.00,0.00,0.05,0.18,0.25,463865,626313,856974,784450,1023232,1305113,0,0,0,0,0,0,0,371620,0,369.05,435.03,485.60
156,1,35,72,100,8505,8505,8505,88774,88774,88774,591,591,591,0.22,0.53,0.89,0.08,0.20,0.34,0.04,0.15,0.29,0.00,0.00,0.00,0.01,0.03,0.06,0.00,0.00,0.00,0.04,0.13,0.20,211399,971419,1732301,898902,1638605,2791075,0,0,0,0,0,0,0,184772,0,356.82,380.93,427.93
156,2,31,66,100,8489,8489,8489,88790,88790,88790,591,591,591,0.14,0.51,0.80,0.05,0.19,0.31,0.03,0.14,0.27,0.00,0.00,0.00,0.00,0.02,0.04,0.00,0.00,0.00,0.02,0.16,0.28,317104,437795,606066,767602,1067522,1412542,0,0,0,0,0,0,0,383689,0,353.75,391.10,407.99
156,3,33,72,93,8543,8543,8543,88736,88736,88736,591,591,591,0.15,0.49,0.67,0.06,0.20,0.31,0.03,0.14,0.19,0.00,0.00,0.00,0.00,0.02,0.03,0.00,0.00,0.00,0.03,0.15,0.27,356418,427822,605389,725869,1063993,1572440,0,0,0,0,0,0,0,201486,0,394.10,433.58,468.17
157,0,35,76,100,8487,8487,8487,88792,88792,88792,591,591,591,0.15,0.58,0.81,0.06,0.22,0.34,0.03,0.17,0.26,0.00,0.00,0.00,0.00,0.03,0.05,0.00,0.00,0.00,0.02,0.16,0.27,13103,827145,1999536,414057,1411860,2308770,0,0,0,0,0,0,0,234931,0,402.06,414.32,422.87
157,1,31,73,100,8505,8505,8505,88774,88774,88774,591,591,591,0.22,0.56,0.84,0.09,0.21,0.33,0.03,0.16,0.27,0.00,0.00,0.00,0.01,0.03,0.05,0.00,0.00,0.00,0.06,0.16,0.26,311486,397721,550353,445347,909716,1469941,0,0,0,0,0,0,0,298765,0,377.64,418.38,459.11
157,2,34,65,100,8489,8489,8489,88790,88790,88790,591,591,591,0.15,0.51,0.84,0.05,0.18,0.28,0.03,0.15,0.28,0.00,0.00,0.00,0.00,0.03,0.05,0.00,0.00,0.00,0.02,0.13,0.20,321471,598869,1352217,461017,1215755,2334933,0,0,0,0,0,0,0,310804,0,357.23,383.16,420.53
157,3,34,69,100,8543,8543,8543,88736,88736,88736,591,591,591,0.15,0.52,0.80,0.06,0.21,0.33,0.03,0.15,0.25,0.00,0.00,0.00,0.00,0.02,0.05,0.00,0.00,0.00,0.03,0.15,0.26,322336,404613,584419,710061,1027268,1378447,0,0,0,0,0,0,0,312162,0,367.30,396.06,411.86
158,0,35,85,100,8487,8487,8487,88792,88792,88792,591,591,591,0.16,0.66,0.86,0.06,0.23,0.32,0.03,0.19,0.29,0.00,0.00,0.00,0.00,0.03,0.05,0.00,0.00,0.00,0.03,0.17,0.25,463965,870247,1401961,964165,1360734,1517263,0,0,0,0,0,0,0,389149,0,355.54,380.75,440.48
158,1,31,63,100,8505,8505,8505,88774,88774,88774,591,591,591,0.25,0.51,0.78,0.10,0.20,0.29,0.08,0.15,0.25,0.00,0.00,0.00,0.01,0.02,0.04,0.00,0.00,0.00,0.06,0.16,0.27,356409,700758,1428298,762140,1303478,2169965,0,0,0,0,0,0,0,313980,0,352.36,380.45,404.52
158,2,33,69,100,8481,8487,8489,88790,88791,88798,591,591,591,0.15,0.59,0.91,0.05,0.23,0.35,0.03,0.17,0.32,0.00,0.00,0.00,0.00,0.03,0.07,0.00,0.00,0.00,0.02,0.16,0.30,330196,463868,699727,584396,959185,1685111,0,0,0,0,0,0,0,276905,0,383.66,441.37,509.13
158,3,34,80,100,8543,8543,8543,88736,88736,88736,591,591,591,0.23,0.68,0.83,0.08,0.25,0.35,0.06,0.20,0.28,0.00,0.00,0.00,0.01,0.03,0.05,0.00,0.00,0.00,0.05,0.19,0.32,212718,625705,1833117,629578,1038534,1963871,0,0,0,0,0,0,0,350522,0,367.15,414.69,471.82
159,0,33,65,100,8487,8487,8487,88792,88792,88792,591,591,591,0.14,0.55,0.83,0.05,0.21,0.33,0.03,0.16,0.28,0.00,0.00,0.00,0.00,0.03,0.05,0.00,0.00,0.00,0.02,0.15,0.27,432412,547897,821150,694483,1118508,1886900,0,0,0,0,0,0,0,264706,0,365.00,433.06,497.62
159,1,34,76,100,8505,8505,8505,88774,88774,88774,591,591,591,0.35,0.50,0.73,0.14,0.20,0.30,0.09,0.14,0.21,0.00,0.00,0.00,0.02,0.02,0.03,0.00,0.00,0.00,0.08,0.16,0.26,246334,419826,744240,651650,1117273,1341783,0,0,0,0,0,0,0,317128,0,349.89,367.54,413.64
159,2,50,87,100,8481,8481,8481,88798,88798,88798,591,591,591,0.23,0.68,0.85,0.10,0.24,0.33,0.03,0.19,0.29,0.00,0.00,0.00,0.01,0.03,0.05,0.00,0.00,0.00,0.07,0.19,0.30,353784,468572,566070,490062,884732,1564554,0,0,0,0,0,0,0,401074,0,337.49,381.18,460.55
159,3,42,78,100,8543,8543,8543,88736,88736,88736,591,591,591,0.18,0.57,0.82,0.07,0.21,0.32,0.03,0.16,0.28,0.00,0.00,0.00,0.00,0.03,0.05,0.00,0.00,0.00,0.04,0.17,0.28,340686,566022,820078,872635,1126313,1593399,0,0,0,0,0,0,0,354484,0,370.77,382.79,395.89
160,0,31,67,100,8487,8487,8487,88792,88792,88792,591,591,591,0.14,0.56,0.83,0.05,0.21,0.32,0.03,0.16,0.28,0.00,0.00,0.00,0.00,0.03,0.05,0.00,0.00,0.00,0.03,0.16,0.29,2620,688188,1753225,288272,1238005,2138463,0,0,0,0,0,0,0,291274,0,374.57,415.71,457.38
160,1,35,66,95,8505,8505,8505,88774,88774,88774,591,591,591,0.15,0.50,0.89,0.06,0.19,0.34,0.03,0.14,0.29,0.00,0.00,0.00,0.00,0.03,0.06,0.00,0.00,0.00,0.02,0.12,0.20,321296,511276,796691,875372,1220989,1849566,0,0,0,0,0,0,0,252712,0,348.14,387.05,423.96
160,2,37,40,46,8481,8481,8481,88798,88798,88798,591,591,591,0.30,0.32,0.37,0.11,0.13,0.15,0.09,0.10,0.11,0.00,0.00,0.00,0.01,0.01,0.01,0.00,0.00,0.00,0.07,0.10,0.14,209626,558224,1485707,939825,1291426,2311099,0,0,0,0,0,0,0,276261,0,304.82,362.96,459.79
160,3,36,64,100,8543,8543,8543,88736,88736,88736,591,591,591,0.16,0.49,0.78,0.06,0.19,0.32,0.03,0.14,0.25,0.00,0.00,0.00,0.00,0.02,0.04,0.00,0.00,0.00,0.03,0.14,0.26,358999,486398,778394,780890,1182445,1559375,0,0,0,0,0,0,0,342050,0,360.24,393.58,411.17
161,0,31,71,100,8487,8487,8487,88792,88792,88792,591,591,591,0.14,0.54,0.81,0.05,0.21,0.32,0.03,0.16,0.27,0.00,0.00,0.00,0.00,0.02,0.05,0.00,0.00,0.00,0.02,0.15,0.28,461243,629377,1118781,749445,1228465,2111116,0,0,0,0,0,0,0,287391,0,386.02,396.76,401.63
161,1,37,77,100,8505,8505,8505,88774,88774,88774,591,591,591,0.34,0.65,0.84,0.14,0.23,0.34,0.11,0.19,0.28,0.00,0.00,0.00,0.01,0.03,0.05,0.00,0.00,0.00,0.09,0.18,0.31,340651,422953,597498,455949,841181,1349403,0,0,0,0,0,0,0,377674,0,357.45,422.05,459.50
161,2,32,64,100,8481,8481,8481,88798,88798,88798,591,591,591,0.30,0.46,0.78,0.11,0.18,0.28,0.07,0.13,0.23,0.00,0.00,0.00,0.01,0.02,0.03,0.00,0.00,0.00,0.08,0.14,0.23,327587,468032,945978,767822,1117415,1941745,0,0,0,0,0,0,0,272501,0,319.05,346.06,373.68
161,3,34,80,100,8543,8543,8543,88736,88736,88736,591,591,591,0.15,0.54,0.82,0.06,0.21,0.33,0.03,0.15,0.28,0.00,0.00,0.00,0.00,0.02,0.04,0.00,0.00,0.00,0.03,0.16,0.28,240261,575809,1228980,402739,1187922,2188056,0,0,0,0,0,0,0,316287,0,385.64,396.70,413.33
162,0,79,90,100,8487,8487,8487,88792,88792,88792,591,591,591,0.34,0.63,0.81,0.13,0.23,0.28,0.10,0.18,0.27,0.00,0.00,0.00,0.01,0.03,0.04,0.00,0.00,0.00,0.09,0.19,0.25,508219,669115,1043146,935229,1150181,1458792,0,0,0,0,0,0,0,328028,0,380.73,393.11,413.50
162,1,35,63,94,8505,8505,8505,88774,88774,88774,591,591,591,0.15,0.47,0.88,0.06,0.19,0.34,0.03,0.14,0.29,0.00,0.00,0.00,0.00,0.02,0.06,0.00,0.00,0.00,0.03,0.13,0.25,387862,654505,1318146,691878,1313605,1834398,0,0,0,0,0,0,0,264749,0,350.97,390.04,425.05
162,2,33,62,100,8481,8481,8481,88798,88798,88798,591,591,591,0.25,0.43,0.65,0.09,0.17,0.26,0.06,0.12,0.19,0.00,0.00,0.00,0.01,0.02,0.02,0.00,0.00,0.00,0.06,0.14,0.24,351124,447468,639459,854228,1200244,1619615,0,0,0,0,0,0,0,214038,0,341.09,356.12,364.95
162,3,66,88,100,8543,8543,8543,88736,88736,88736,591,591,591,0.60,0.73,0.81,0.22,0.28,0.34,0.16,0.22,0.28,0.00,0.00,0.00,0.03,0.04,0.06,0.00,0.00,0.00,0.16,0.21,0.28,340631,495951,647302,694364,923761,1095425,0,0,0,0,0,0,0,293796,0,395.94,403.01,411.49
163,0,32,68,100,8487,8487,8487,88792,88792,88792,591,591,591,0.15,0.51,0.82,0.06,0.20,0.33,0.03,0.15,0.26,0.00,0.00,0.00,0.00,0.02,0.05,0.00,0.00,0.00,0.03,0.14,0.25,275170,751611,1344441,856946,1408874,1873831,0,0,0,0,0,0,0,339224,0,341.00,383.23,422.21
163,1,32,84,100,8505,8505,8505,88774,88774,88774,591,591,591,0.47,0.69,0.84,0.18,0.26,0.32,0.16,0.20,0.28,0.00,0.00,0.00,0.03,0.03,0.05,0.00,0.00,0.00,0.10,0.20,0.26,239356,451124,917185,558194,849790,1194962,0,0,0,0,0,0,0,275505,0,364.65,413.78,464.81
163,2,32,60,100,8481,8481,8481,88798,88798,88798,591,591,591,0.32,0.44,0.57,0.12,0.17,0.24,0.10,0.13,0.16,0.00,0.00,0.00,0.01,0.02,0.03,0.00,0.00,0.00,0.07,0.13,0.21,293450,521051,1166193,863070,1228474,1879013,0,0,0,0,0,0,0,353604,0,340.54,358.75,380.52
163,3,36,70,100,8543,8543,8543,88736,88736,88736,591,591,591,0.16,0.55,0.84,0.06,0.19,0.29,0.03,0.16,0.28,0.00,0.00,0.00,0.00,0.03,0.05,0.00,0.00,0.00,0.03,0.14,0.23,324952,417191,529299,471722,1038274,1569763,0,0,0,0,0,0,0,331536,0,367.05,382.46,411.62
164,0,33,74,100,8487,8487,8487,88792,88792,88792,591,591,591,0.29,0.59,0.82,0.12,0.23,0.29,0.09,0.17,0.28,0.00,0.00,0.00,0.01,0.03,0.04,0.00,0.00,0.00,0.07,0.18,0.26,479591,689618,1016609,980308,1215864,1530611,0,0,0,0,0,0,0,229510,0,375.36,403.76,432.12
164,1,35,70,100,8505,8505,8505,88774,88774,88774,591,591,591,0.15,0.50,0.82,0.06,0.19,0.33,0.03,0.14,0.27,0.00,0.00,0.00,0.00,0.02,0.04,0.00,0.00,0.00,0.03,0.15,0.29,335451,450923,767790,534508,1051263,1482733,0,0,0,0,0,0,0,335020,0,375.17,388.30,404.60
164,2,33,73,100,8481,8481,8481,88798,88798,88798,591,591,591,0.14,0.54,0.81,0.05,0.20,0.30,0.03,0.16,0.27,0.00,0.00,0.00,0.00,0.02,0.04,0.00,0.00,0.00,0.02,0.16,0.27,343320,544542,877918,665479,1131034,1813491,0,0,0,0,0,0,0,306572,0,352.53,388.21,403.42
164,3,42,75,100,8543,8543,8543,88736,88736,88736,591,591,591,0.15,0.57,0.82,0.06,0.21,0.34,0.03,0.17,0.28,0.00,0.00,0.00,0.00,0.03,0.04,0.00,0.00,0.00,0.03,0.16,0.28,348671,655535,1535609,507625,1198562,2557602,0,0,0,0,0,0,0,286431,0,377.26,414.67,465.58
165,0,33,73,100,8487,8487,8487,88792,88792,88792,591,591,591,0.21,0.58,0.78,0.09,0.22,0.32,0.03,0.17,0.26,0.00,0.00,0.00,0.01,0.03,0.04,0.00,0.00,0.00,0.05,0.17,0.29,463872,597874,841169,872695,1182367,1512170,0,0,0,0,0,0,0,338993,0,341.47,382.74,406.72
165,1,35,56,91,8505,8505,8505,88774,88774,88774,591,591,591,0.30,0.37,0.43,0.13,0.15,0.17,0.08,0.10,0.13,0.00,0.00,0.00,0.01,0.01,0.02,0.00,0.00,0.00,0.08,0.11,0.15,359032,610596,1024613,995865,1402013,1884135,0,0,0,0,0,0,0,264427,0,304.62,354.15,406.54
165,2,34,59,98,8481,8481,8481,88798,88798,88798,591,591,591,0.15,0.49,0.90,0.06,0.20,0.35,0.03,0.14,0.28,0.00,0.00,0.00,0.00,0.02,0.06,0.00,0.00,0.00,0.03,0.13,0.29,330205,507845,668284,822937,1160828,1640546,0,0,0,0,0,0,0,243985,0,343.45,406.03,441.51
165,3,32,70,100,8543,8543,8543,88736,88736,88736,591,591,591,0.18,0.54,0.81,0.07,0.21,0.33,0.03,0.15,0.26,0.00,0.00,0.00,0.00,0.03,0.05,0.00,0.00,0.00,0.03,0.16,0.30,330190,442935,676172,701958,1073913,1611806,0,0,0,0,0,0,0,278982,0,379.55,400.48,428.44
166,0,35,71,100,8487,8487,8487,88792,88792,88792,591,591,591,0.25,0.60,0.83,0.09,0.23,0.34,0.07,0.17,0.27,0.00,0.00,0.00,0.01,0.03,0.04,0.00,0.00,0.00,0.05,0.18,0.27,421803,537902,805427,662991,1088742,1717429,0,0,0,0,0,0,0,382913,0,391.51,397.28,414.56
166,1,35,71,100,8505,8505,8505,88774,88774,88774,591,591,591,0.25,0.54,0.81,0.10,0.21,0.30,0.04,0.15,0.27,0.00,0.00,0.00,0.01,0.02,0.04,0.00,0.00,0.00,0.06,0.17,0.27,253320,400259,636830,719778,1005628,1449233,0,0,0,0,0,0,0,303952,0,340.33,363.48,398.11
166,2,40,86,100,8481,8481,8481,88798,88798,88798,591,591,591,0.32,0.66,0.85,0.12,0.23,0.28,0.09,0.19,0.28,0.00,0.00,0.00,0.01,0.03,0.05,0.00,0.00,0.00,0.08,0.20,0.26,335452,707770,1248556,851394,1161726,1403396,0,0,0,0,0,0,0,333748,0,354.14,410.40,462.35
166,3,31,73,100,8543,8543,8543,88736,88736,88736,591,591,591,0.28,0.59,0.81,0.11,0.22,0.31,0.06,0.17,0.28,0.00,0.00,0.00,0.01,0.03,0.04,0.00,0.00,0.00,0.08,0.18,0.27,332847,508854,634167,765152,1051808,1692861,0,0,0,0,0,0,0,355763,0,371.22,393.95,411.64
167,0,33,62,100,8485,8485,8487,88792,88793,88794,591,591,591,0.16,0.50,0.91,0.06,0.18,0.32,0.03,0.15,0.32,0.00,0.00,0.00,0.00,0.03,0.07,0.00,0.00,0.00,0.03,0.12,0.18,52416,660079,1507707,191321,1355949,2450024,0,0,0,0,0,0,0,251742,0,351.64,403.60,474.82
167,1,33,63,100,8505,8505,8505,88774,88774,88774,591,591,591,0.22,0.44,0.78,0.08,0.17,0.28,0.05,0.13,0.24,0.00,0.00,0.00,0.01,0.02,0.03,0.00,0.00,0.00,0.05,0.13,0.23,338062,416747,711433,788826,1149928,1410025,0,0,0,0,0,0,0,303771,0,347.02,365.90,384.67
167,2,35,60,96,8481,8481,8481,88798,88798,88798,591,591,591,0.15,0.44,0.86,0.06,0.18,0.30,0.03,0.12,0.30,0.00,0.00,0.00,0.00,0.02,0.06,0.00,0.00,0.00,0.02,0.12,0.21,244581,541587,809785,691796,1300166,1818742,0,0,0,0,0,0,0,244747,0,346.06,387.97,439.00
167,3,32,68,100,8543,8543,8543,88736,88736,88736,591,591,591,0.20,0.51,0.74,0.08,0.20,0.29,0.03,0.15,0.23,0.00,0.00,0.00,0.01,0.02,0.04,0.00,0.00,0.00,0.05,0.16,0.24,227995,583875,1446621,633513,1179658,2159449,0,0,0,0,0,0,0,290542,0,345.48,380.16,400.24
168,0,88,95,100,8485,8485,8485,88794,88794,88794,591,591,591,0.56,0.74,0.85,0.22,0.27,0.33,0.16,0.22,0.28,0.00,0.00,0.00,0.02,0.04,0.05,0.00,0.00,0.00,0.14,0.20,0.29,466934,733542,1479617,581545,1029413,1836677,0,0,0,0,0,0,0,323290,0,365.98,437.11,481.54
168,1,45,63,77,8505,8505,8505,88774,88774,88774,591,591,591,0.31,0.42,0.62,0.12,0.18,0.27,0.09,0.12,0.19,0.00,0.00,0.00,0.01,0.02,0.03,0.00,0.00,0.00,0.07,0.14,0.22,335439,444200,739032,728532,1109185,1367926,0,0,0,0,0,0,0,298641,0,355.36,368.45,389.02
168,2,74,93,100,8481,8481,8481,88798,88798,88798,591,591,591,0.69,0.81,0.86,0.24,0.27,0.32,0.15,0.24,0.29,0.00,0.00,0.00,0.02,0.04,0.05,0.00,0.00,0.00,0.18,0.22,0.29,353765,488086,741650,471653,689219,1092820,0,0,0,0,0,0,0,303199,0,348.56,394.94,467.27
168,3,36,55,88,8543,8543,8543,88736,88736,88736,591,591,591,0.31,0.39,0.46,0.12,0.15,0.20,0.10,0.11,0.13,0.00,0.00,0.00,0.01,0.02,0.02,0.00,0.00,0.00,0.07,0.11,0.18,329418,464521,757381,1022314,1256439,1525246,0,0,0,0,0,0,0,199424,0,344.08,366.13,392.59
170,0,32,68,100,8485,8485,8485,88794,88794,88794,591,591,591,0.14,0.55,0.86,0.05,0.20,0.34,0.03,0.16,0.29,0.00,0.00,0.00,0.00,0.03,0.05,0.00,0.00,0.00,0.02,0.14,0.27,2620,738045,1913086,558156,1325935,2028395,0,0,0,0,0,0,0,807525,0,344.76,391.10,437.05
170,1,33,68,100,8501,8504,8505,88774,88774,88778,591,591,591,0.15,0.49,0.90,0.05,0.19,0.33,0.03,0.14,0.31,0.00,0.00,0.00,0.00,0.02,0.07,0.00,0.00,0.00,0.02,0.14,0.27,283024,495700,1388680,767813,1183278,2428881,0,0,0,0,0,0,0,557219,0,324.69,373.61,417.78
170,2,31,67,100,8481,8481,8481,88798,88798,88798,591,591,591,0.14,0.49,0.80,0.05,0.19,0.30,0.03,0.14,0.26,0.00,0.00,0.00,0.00,0.02,0.04,0.00,0.00,0.00,0.02,0.14,0.27,237594,556881,1518375,763447,1159188,1784845,0,0,0,0,0,0,0,720134,0,353.22,401.98,492.69
170,3,35,77,100,8543,8543,8543,88736,88736,88736,591,591,591,0.16,0.57,0.83,0.06,0.21,0.33,0.03,0.16,0.28,0.00,0.00,0.00,0.00,0.03,0.05,0.00,0.00,0.00,0.03,0.16,0.29,330167,623708,1947181,628952,1186614,2083458,0,0,0,0,0,0,0,732080,0,331.82,364.53,409.30
171,0,31,78,100,8485,8485,8485,88794,88794,88794,591,591,591,0.26,0.59,0.86,0.10,0.23,0.31,0.08,0.16,0.22,0.00,0.00,0.00,0.01,0.02,0.04,0.00,0.00,0.00,0.06,0.19,0.26,471725,658864,1124940,843832,1197434,1533309,0,0,0,0,0,0,0,222146,0,417.53,440.04,480.19
171,1,54,85,100,8501,8501,8501,88778,88778,88778,591,591,591,0.33,0.70,0.85,0.12,0.24,0.29,0.10,0.21,0.29,0.00,0.00,0.00,0.01,0.04,0.05,0.00,0.00,0.00,0.08,0.19,0.26,328750,486966,739031,443679,846557,1234364,0,0,0,0,0,0,0,354215,0,345.46,406.65,453.17
171,2,32,63,100,8481,8481,8481,88798,88798,88798,591,591,591,0.34,0.41,0.46,0.12,0.16,0.19,0.10,0.12,0.13,0.00,0.00,0.00,0.01,0.02,0.02,0.00,0.00,0.00,0.08,0.13,0.18,327581,469078,670778,872731,1178730,1517112,0,0,0,0,0,0,0,280066,0,345.86,369.86,404.50
171,3,32,52,84,8543,8543,8543,88736,88736,88736,591,591,591,0.22,0.42,0.62,0.09,0.17,0.27,0.03,0.12,0.19,0.00,0.00,0.00,0.01,0.02,0.03,0.00,0.00,0.00,0.06,0.13,0.23,228974,508351,804533,903936,1243553,1724412,0,0,0,0,0,0,0,279049,0,335.38,395.89,433.44
172,0,35,64,97,8485,8485,8485,88794,88794,88794,591,591,591,0.15,0.48,0.85,0.06,0.18,0.34,0.03,0.14,0.28,0.00,0.00,0.00,0.00,0.03,0.05,0.00,0.00,0.00,0.03,0.12,0.21,463865,588442,738456,988150,1307600,1540220,0,0,0,0,0,0,0,247137,0,351.04,386.84,423.30
172,1,34,70,97,8501,8501,8501,88778,88778,88778,591,591,591,0.15,0.49,0.80,0.06,0.19,0.34,0.03,0.15,0.25,0.00,0.00,0.00,0.00,0.02,0.05,0.00,0.00,0.00,0.03,0.13,0.22,332827,617946,759984,1077081,1268910,1554026,0,0,0,0,0,0,0,302733,0,352.15,366.82,382.22
172,2,33,72,100,8481,8481,8481,88798,88798,88798,591,591,591,0.15,0.49,0.78,0.05,0.19,0.32,0.03,0.14,0.23,0.00,0.00,0.00,0.00,0.02,0.04,0.00,0.00,0.00,0.02,0.14,0.26,303998,332295,359028,702333,988504,1312952,0,0,0,0,0,0,0,357399,0,336.01,376.28,400.98
172,3,36,78,100,8543,8543,8543,88736,88736,88736,591,591,591,0.14,0.58,0.77,0.05,0.22,0.30,0.03,0.17,0.25,0.00,0.00,0.00,0.00,0.03,0.04,0.00,0.00,0.00,0.02,0.17,0.27,539858,890461,1268257,959166,1458600,2015238,0,0,0,0,0,0,0,355362,0,359.90,385.40,410.95
173,0,40,84,100,8485,8485,8485,88794,88794,88794,591,591,591,0.22,0.70,0.85,0.08,0.25,0.35,0.06,0.21,0.29,0.00,0.00,0.00,0.01,0.04,0.05,0.00,0.00,0.00,0.04,0.19,0.32,183455,765226,1601234,516297,1111677,2463437,0,0,0,0,0,0,0,408007,0,359.00,438.56,509.33
173,1,36,80,100,8501,8501,8501,88778,88778,88778,591,591,591,0.16,0.66,0.86,0.06,0.22,0.32,0.03,0.19,0.28,0.00,0.00,0.00,0.00,0.03,0.05,0.00,0.00,0.00,0.03,0.17,0.26,330185,430832,796677,445488,919325,1394204,0,0,0,0,0,0,0,387086,0,345.51,379.45,448.24
173,2,41,79,100,8481,8481,8481,88798,88798,88798,591,591,591,0.36,0.64,0.83,0.16,0.23,0.32,0.05,0.18,0.28,0.00,0.00,0.00,0.01,0.03,0.05,0.00,0.00,0.00,0.11,0.18,0.29,327581,566575,1061349,649869,1019943,1370603,0,0,0,0,0,0,0,310283,0,363.43,391.57,435.86
173,3,32,58,97,8543,8543,8543,88736,88736,88736,591,591,591,0.15,0.51,0.89,0.05,0.21,0.35,0.03,0.14,0.28,0.00,0.00,0.00,0.00,0.03,0.06,0.00,0.00,0.00,0.02,0.15,0.27,324990,459286,726116,762574,1117706,1796047,0,0,0,0,0,0,0,237221,0,345.23,389.35,409.97
174,0,32,77,100,8485,8485,8485,88794,88794,88794,591,591,591,0.16,0.52,0.82,0.06,0.22,0.30,0.03,0.16,0.27,0.00,0.00,0.00,0.00,0.03,0.04,0.00,0.00,0.00,0.03,0.18,0.26,490054,1020577,1635934,1145208,1555615,1970759,0,0,0,0,0,0,0,337651,0,369.68,383.40,390.19
174,1,42,66,100,8501,8501,8501,88778,88778,88778,591,591,591,0.23,0.51,0.72,0.09,0.21,0.29,0.07,0.14,0.20,0.00,0.00,0.00,0.01,0.02,0.03,0.00,0.00,0.00,0.05,0.17,0.26,323318,434449,608486,906793,1049003,1167686,0,0,0,0,0,0,0,303146,0,406.44,437.75,483.98
174,2,32,69,96,8481,8481,8481,88798,88798,88798,591,591,591,0.33,0.54,0.84,0.12,0.21,0.34,0.09,0.16,0.26,0.00,0.00,0.00,0.01,0.03,0.05,0.00,0.00,0.00,0.07,0.15,0.24,327590,473632,867359,799031,1078300,1244843,0,0,0,0,0,0,0,315287,0,381.10,415.80,437.61
174,3,100,100,100,8543,8543,8543,88736,88736,88736,591,591,591,0.66,0.80,0.85,0.25,0.27,0.30,0.13,0.24,0.29,0.00,0.00,0.00,0.02,0.04,0.05,0.00,0.00,0.00,0.19,0.21,0.28,361253,486633,856733,476967,698719,1013932,0,0,0,0,0,0,0,294568,0,338.28,387.11,450.44
175,0,39,55,78,8485,8485,8485,88794,88794,88794,591,591,591,0.21,0.40,0.53,0.10,0.16,0.22,0.08,0.12,0.16,0.00,0.00,0.00,0.01,0.02,0.02,0.00,0.00,0.00,0.06,0.13,0.18,471504,658375,895649,1176850,1383775,1649281,0,0,0,0,0,0,0,262041,0,336.21,361.97,394.21
175,1,58,73,93,8501,8501,8501,88778,88778,88778,591,591,591,0.27,0.45,0.78,0.10,0.18,0.30,0.07,0.13,0.21,0.00,0.00,0.00,0.01,0.02,0.03,0.00,0.00,0.00,0.07,0.14,0.27,138895,590173,1252687,552961,1261584,1779444,0,0,0,0,0,0,0,323481,0,353.95,373.23,405.38
175,2,33,74,100,8481,8481,8481,88798,88798,88798,591,591,591,0.14,0.58,0.83,0.05,0.20,0.32,0.03,0.16,0.28,0.00,0.00,0.00,0.00,0.03,0.05,0.00,0.00,0.00,0.02,0.16,0.28,322336,612261,1289363,646963,1139842,1506877,0,0,0,0,0,0,0,375115,0,352.98,369.58,408.96
175,3,36,57,90,8543,8543,8543,88736,88736,88736,591,591,591,0.30,0.41,0.51,0.11,0.16,0.23,0.09,0.12,0.17,0.00,0.00,0.00,0.01,0.02,0.03,0.00,0.00,0.00,0.07,0.12,0.19,309241,346977,419308,888417,1068710,1305096,0,0,0,0,0,0,0,300308,0,332.52,380.17,445.06
176,0,33,69,100,8485,8485,8485,88794,88794,88794,591,591,591,0.22,0.47,0.68,0.08,0.17,0.29,0.06,0.12,0.24,0.00,0.00,0.00,0.01,0.02,0.04,0.00,0.00,0.00,0.05,0.12,0.23,471730,817645,1915681,883157,1599655,2987519,0,0,0,0,0,0,0,355882,0,342.79,367.92,384.61
176,1,34,62,100,8501,8501,8501,88778,88778,88778,591,591,591,0.22,0.43,0.64,0.08,0.17,0.26,0.06,0.13,0.18,0.00,0.00,0.00,0.01,0.02,0.02,0.00,0.00,0.00,0.05,0.14,0.24,340695,466436,888231,904074,1190225,1689998,0,0,0,0,0,0,0,208562,0,326.12,354.26,381.19
176,2,32,56,100,8481,8481,8481,88798,88798,88798,591,591,591,0.15,0.40,0.61,0.05,0.16,0.22,0.03,0.12,0.17,0.00,0.00,0.00,0.00,0.02,0.03,0.00,0.00,0.00,0.03,0.11,0.18,298742,569742,828172,982777,1280123,1776837,0,0,0,0,0,0,0,281374,0,338.22,388.63,431.74
176,3,35,66,100,8543,8543,8543,88736,88736,88736,591,591,591,0.16,0.47,0.81,0.06,0.18,0.30,0.03,0.13,0.22,0.00,0.00,0.00,0.00,0.02,0.03,0.00,0.00,0.00,0.03,0.15,0.25,327557,600641,1291980,670837,1295617,1934039,0,0,0,0,0,0,0,312945,0,316.51,353.59,382.87
177,0,34,71,100,8485,8485,8485,88794,88794,88794,591,591,591,0.16,0.59,0.82,0.06,0.23,0.33,0.03,0.18,0.27,0.00,0.00,0.00,0.00,0.03,0.05,0.00,0.00,0.00,0.03,0.16,0.30,302236,538447,767888,728515,1057509,1810958,0,0,0,0,0,0,0,198678,0,380.17,411.94,433.89
177,1,35,67,100,8501,8501,8501,88778,88778,88778,591,591,591,0.15,0.52,0.81,0.05,0.20,0.30,0.03,0.15,0.27,0.00,0.00,0.00,0.00,0.03,0.04,0.00,0.00,0.00,0.02,0.15,0.25,325528,402822,471729,509666,1038394,1425729,0,0,0,0,0,0,0,293936,0,346.34,371.48,392.96
177,2,36,68,100,8481,8481,8481,88798,88798,88798,591,591,591,0.16,0.52,0.81,0.06,0.21,0.32,0.03,0.15,0.26,0.00,0.00,0.00,0.00,0.02,0.05,0.00,0.00,0.00,0.03,0.15,0.27,324968,357976,432411,639456,969113,1475441,0,0,0,0,0,0,0,281287,0,379.05,402.56,419.88
177,3,32,64,98,8543,8543,8543,88736,88736,88736,591,591,591,0.30,0.45,0.78,0.13,0.18,0.29,0.08,0.13,0.22,0.00,0.00,0.00,0.01,0.02,0.03,0.00,0.00,0.00,0.10,0.14,0.25,275681,361579,538769,900325,1066435,1287334,0,0,0,0,0,0,0,294702,0,310.74,343.81,371.84
178,0,54,84,100,8485,8485,8485,88794,88794,88794,591,591,591,0.33,0.70,0.85,0.16,0.25,0.30,0.04,0.20,0.28,0.00,0.00,0.00,0.01,0.04,0.05,0.00,0.00,0.00,0.13,0.20,0.28,469017,747366,1666547,601356,1146655,1823187,0,0,0,0,0,0,0,408907,0,347.63,392.81,463.97
178,1,43,66,100,8501,8501,8501,88778,88778,88778,591,591,591,0.19,0.49,0.83,0.07,0.19,0.31,0.04,0.14,0.22,0.00,0.00,0.00,0.01,0.02,0.03,0.00,0.00,0.00,0.04,0.16,0.26,340692,433514,628960,784752,1042209,1273609,0,0,0,0,0,0,0,307481,0,344.65,390.11,415.91
178,2,30,76,100,8481,8481,8481,88798,88798,88798,591,591,591,0.22,0.63,0.84,0.09,0.22,0.28,0.06,0.18,0.28,0.00,0.00,0.00,0.01,0.03,0.05,0.00,0.00,0.00,0.05,0.18,0.22,317017,708744,1398872,597495,1147608,1639877,0,0,0,0,0,0,0,327694,0,371.38,398.97,429.40
178,3,34,73,100,8543,8543,8543,88736,88736,88736,591,591,591,0.27,0.55,0.80,0.10,0.22,0.31,0.05,0.16,0.27,0.00,0.00,0.00,0.01,0.02,0.04,0.00,0.00,0.00,0.06,0.17,0.28,330197,389927,552968,641834,976408,1412509,0,0,0,0,0,0,0,303223,0,363.83,382.80,402.65
179,0,51,65,83,8485,8485,8485,88794,88794,88794,591,591,591,0.29,0.45,0.71,0.11,0.18,0.27,0.08,0.13,0.24,0.00,0.00,0.00,0.01,0.02,0.05,0.00,0.00,0.00,0.07,0.13,0.21,450758,583360,752140,1103314,1262112,1402057,0,0,0,0,0,0,0,323720,0,348.73,381.24,457.07
179,1,32,67,97,8501,8501,8501,88778,88778,88778,591,591,591,0.14,0.51,0.89,0.05,0.20,0.33,0.03,0.15,0.31,0.00,0.00,0.00,0.00,0.03,0.06,0.00,0.00,0.00,0.02,0.14,0.25,332830,886287,1868466,712839,1544598,2633673,0,0,0,0,0,0,0,287491,0,356.09,380.72,405.64
179,2,33,69,100,8481,8481,8481,88798,88798,88798,591,591,591,0.19,0.50,0.76,0.08,0.19,0.26,0.03,0.15,0.24,0.00,0.00,0.00,0.01,0.02,0.04,0.00,0.00,0.00,0.05,0.15,0.21,242784,389774,684007,630542,1040743,1388980,0,0,0,0,0,0,0,300102,0,332.98,385.82,425.60
179,3,35,63,100,8543,8543,8543,88736,88736,88736,591,591,591,0.31,0.40,0.47,0.13,0.16,0.20,0.09,0.11,0.13,0.00,0.00,0.00,0.01,0.02,0.02,0.00,0.00,0.00,0.07,0.13,0.18,353782,629492,1305238,1116432,1364810,1908058,0,0,0,0,0,0,0,308217,0,340.97,365.48,395.88
180,0,33,74,100,8485,8485,8485,88794,88794,88794,591,591,591,0.14,0.55,0.82,0.05,0.21,0.34,0.03,0.16,0.26,0.00,0.00,0.00,0.00,0.03,0.04,0.00,0.00,0.00,0.02,0.16,0.26,340698,859002,2067721,669165,1434119,3016410,0,0,0,0,0,0,0,378555,0,322.58,377.39,440.18
180,1,46,87,100,8501,8501,8501,88778,88778,88778,591,591,591,0.38,0.71,0.85,0.19,0.25,0.29,0.05,0.20,0.29,0.00,0.00,0.00,0.01,0.04,0.05,0.00,0.00,0.00,0.16,0.20,0.26,323345,424824,741731,463882,820217,1435962,0,0,0,0,0,0,0,402868,0,349.90,398.86,474.39
180,2,31,55,87,8481,8481,8481,88798,88798,88798,591,591,591,0.32,0.40,0.53,0.12,0.16,0.24,0.08,0.11,0.12,0.00,0.00,0.00,0.01,0.02,0.02,0.00,0.00,0.00,0.08,0.13,0.22,335456,375274,424504,830745,1102244,1333949,0,0,0,0,0,0,0,198897,0,337.46,365.80,386.68
180,3,37,59,85,8543,8543,8543,88736,88736,88736,591,591,591,0.22,0.47,0.70,0.08,0.19,0.29,0.06,0.14,0.24,0.00,0.00,0.00,0.01,0.02,0.04,0.00,0.00,0.00,0.05,0.14,0.23,330196,347497,369517,741651,1045111,1205512,0,0,0,0,0,0,0,297563,0,327.75,343.42,359.65
181,0,34,63,97,8485,8485,8485,88794,88794,88794,591,591,591,0.15,0.51,0.83,0.06,0.15,0.25,0.03,0.12,0.26,0.00,0.00,0.00,0.00,0.02,0.04,0.00,0.00,0.00,0.03,0.11,0.20,461238,591621,801936,856967,1338519,1810909,0,0,0,0,0,0,0,295500,0,362.38,396.54,452.56
181,1,33,58,82,8501,8501,8501,88778,88778,88778,591,591,591,0.21,0.40,0.62,0.08,0.16,0.23,0.05,0.11,0.17,0.00,0.00,0.00,0.01,0.02,0.02,0.00,0.00,0.00,0.05,0.12,0.19,332838,387195,453351,807198,1151758,1360089,0,0,0,0,0,0,0,327395,0,351.21,401.95,444.92
181,2,33,74,100,8481,8481,8481,88798,88798,88798,591,591,591,0.26,0.54,0.78,0.09,0.21,0.29,0.06,0.15,0.22,0.00,0.00,0.00,0.01,0.02,0.03,0.00,0.00,0.00,0.06,0.18,0.24,332826,395676,487238,841283,1006257,1323442,0,0,0,0,0,0,0,354068,0,358.75,370.26,384.35
181,3,35,76,100,8543,8543,8543,88736,88736,88736,591,591,591,0.17,0.61,0.81,0.07,0.24,0.34,0.04,0.17,0.23,0.00,0.00,0.00,0.00,0.03,0.04,0.00,0.00,0.00,0.03,0.19,0.26,335862,508197,770453,709975,1069260,1528053,0,0,0,0,0,0,0,281603,0,329.57,367.89,401.41
182,0,52,82,100,8485,8485,8485,88794,88794,88794,591,591,591,0.28,0.46,0.84,0.12,0.20,0.33,0.09,0.15,0.28,0.00,0.00,0.00,0.01,0.02,0.05,0.00,0.00,0.00,0.08,0.16,0.29,457459,657486,1086069,709319,1183857,1512019,0,0,0,0,0,0,0,260566,0,369.48,404.16,438.25
182,1,33,74,100,8501,8501,8501,88778,88778,88778,591,591,591,0.37,0.60,0.91,0.13,0.23,0.32,0.10,0.19,0.32,0.00,0.00,0.00,0.01,0.03,0.07,0.00,0.00,0.00,0.10,0.17,0.24,246347,536689,1124208,542488,1088403,1734792,0,0,0,0,0,0,0,329983,0,343.78,370.10,405.45
182,2,31,60,93,8481,8481,8481,88798,88798,88798,591,591,591,0.17,0.41,0.72,0.06,0.16,0.25,0.03,0.12,0.23,0.00,0.00,0.00,0.00,0.02,0.03,0.00,0.00,0.00,0.04,0.12,0.21,327500,548404,1221108,851501,1257624,1941719,0,0,0,0,0,0,0,299176,0,332.62,347.19,369.62
182,3,34,62,100,8541,8541,8543,88736,88737,88738,591,591,591,0.16,0.50,0.92,0.06,0.17,0.32,0.03,0.15,0.33,0.00,0.00,0.00,0.00,0.03,0.07,0.00,0.00,0.00,0.03,0.11,0.18,311856,391526,584397,513660,1087051,1488537,0,0,0,0,0,0,0,293191,0,343.34,381.12,426.04
183,0,30,54,83,8485,8485,8485,88794,88794,88794,591,591,591,0.14,0.37,0.62,0.05,0.16,0.26,0.03,0.12,0.20,0.00,0.00,0.00,0.00,0.02,0.03,0.00,0.00,0.00,0.02,0.12,0.19,458511,859051,1900038,1173790,1605923,2403221,0,0,0,0,0,0,0,293193,0,316.30,330.88,356.29
183,1,34,68,100,8501,8501,8501,88778,88778,88778,591,591,591,0.15,0.47,0.86,0.05,0.16,0.25,0.03,0.13,0.29,0.00,0.00,0.00,0.00,0.02,0.05,0.00,0.00,0.00,0.02,0.11,0.18,324961,528331,972282,529372,1208137,1996980,0,0,0,0,0,0,0,264860,0,348.98,361.64,372.41
183,2,47,67,91,8481,8481,8481,88798,88798,88798,591,591,591,0.23,0.43,0.59,0.09,0.18,0.25,0.06,0.12,0.17,0.00,0.00,0.00,0.01,0.02,0.02,0.00,0.00,0.00,0.05,0.15,0.22,279550,360952,476957,859555,1033244,1150459,0,0,0,0,0,0,0,271099,0,341.64,365.88,385.42
183,3,32,82,100,8541,8541,8541,88738,88738,88738,591,591,591,0.14,0.63,0.85,0.05,0.23,0.33,0.03,0.19,0.29,0.00,0.00,0.00,0.00,0.03,0.05,0.00,0.00,0.00,0.02,0.17,0.29,345910,790356,1346896,718062,1202836,1873748,0,0,0,0,0,0,0,288036,0,355.26,421.25,466.86
184,0,31,70,100,8485,8485,8485,88794,88794,88794,591,591,591,0.15,0.55,0.81,0.06,0.21,0.35,0.03,0.16,0.27,0.00,0.00,0.00,0.00,0.03,0.04,0.00,0.00,0.00,0.03,0.16,0.30,456004,567241,758245,704691,1172235,1472842,0,0,0,0,0,0,0,222036,0,370.40,402.83,419.25
184,1,35,72,100,8501,8501,8501,88778,88778,88778,591,591,591,0.15,0.56,0.85,0.06,0.22,0.35,0.03,0.15,0.26,0.00,0.00,0.00,0.00,0.03,0.05,0.00,0.00,0.00,0.03,0.16,0.30,331975,359500,435897,518822,970953,1479900,0,0,0,0,0,0,0,283890,0,388.63,442.52,490.59
184,2,52,67,97,8481,8481,8481,88798,88798,88798,591,591,591,0.25,0.47,0.89,0.09,0.19,0.36,0.07,0.14,0.28,0.00,0.00,0.00,0.01,0.02,0.06,0.00,0.00,0.00,0.06,0.14,0.21,335460,419820,723308,605309,1060826,1551443,0,0,0,0,0,0,0,362496,0,302.29,331.08,366.81
184,3,37,70,100,8541,8541,8541,88738,88738,88738,591,591,591,0.16,0.54,0.74,0.06,0.21,0.30,0.03,0.16,0.21,0.00,0.00,0.00,0.00,0.02,0.03,0.00,0.00,0.00,0.03,0.16,0.27,339174,574689,1176674,864694,1179064,2154179,0,0,0,0,0,0,0,304782,0,362.99,382.19,405.30
185,0,39,78,100,8485,8485,8485,88794,88794,88794,591,591,591,0.29,0.61,0.85,0.12,0.22,0.33,0.04,0.17,0.28,0.00,0.00,0.00,0.01,0.03,0.05,0.00,0.00,0.00,0.09,0.17,0.29,444888,561028,851693,591497,1057960,1692736,0,0,0,0,0,0,0,372539,0,366.17,394.58,438.25
185,1,40,73,100,8501,8501,8501,88778,88778,88778,591,591,591,0.23,0.52,0.81,0.09,0.19,0.30,0.06,0.15,0.27,0.00,0.00,0.00,0.01,0.02,0.04,0.00,0.00,0.00,0.05,0.15,0.26,314475,545630,1307738,579170,1107861,2156850,0,0,0,0,0,0,0,284681,0,368.28,389.00,420.81
185,2,33,60,100,8479,8479,8481,88798,88799,88800,591,591,591,0.15,0.45,0.85,0.05,0.16,0.24,0.03,0.13,0.29,0.00,0.00,0.00,0.00,0.02,0.05,0.00,0.00,0.00,0.02,0.11,0.20,333137,623272,1352362,441600,1312718,2353529,0,0,0,0,0,0,0,298031,0,342.93,352.40,379.53
185,3,34,68,96,8541,8541,8541,88738,88738,88738,591,591,591,0.16,0.50,0.89,0.06,0.20,0.34,0.03,0.14,0.30,0.00,0.00,0.00,0.00,0.02,0.06,0.00,0.00,0.00,0.03,0.14,0.27,322349,542990,1147886,547720,1248432,2067768,0,0,0,0,0,0,0,312040,0,359.53,382.02,404.18
186,0,33,61,100,8485,8485,8485,88794,88794,88794,591,591,591,0.14,0.47,0.67,0.05,0.19,0.25,0.03,0.13,0.20,0.00,0.00,0.00,0.00,0.02,0.03,0.00,0.00,0.00,0.02,0.15,0.23,471739,1163470,2403126,961824,1846876,3325591,0,0,0,0,0,0,0,330968,0,348.33,376.06,433.85
186,1,33,68,95,8501,8501,8501,88778,88778,88778,591,591,591,0.35,0.54,0.77,0.12,0.21,0.28,0.09,0.16,0.27,0.00,0.00,0.00,0.01,0.03,0.05,0.00,0.00,0.00,0.09,0.16,0.24,338064,409343,550334,626301,1028867,1449248,0,0,0,0,0,0,0,322954,0,334.79,359.60,395.91
186,2,32,81,100,8479,8479,8479,88800,88800,88800,591,591,591,0.18,0.59,0.84,0.07,0.22,0.35,0.03,0.17,0.28,0.00,0.00,0.00,0.00,0.03,0.05,0.00,0.00,0.00,0.04,0.17,0.31,244510,452494,786243,354539,951991,1302473,0,0,0,0,0,0,0,314742,0,408.32,440.25,482.81
186,3,52,73,100,8541,8541,8541,88738,88738,88738,591,591,591,0.25,0.61,0.84,0.09,0.22,0.31,0.07,0.18,0.28,0.00,0.00,0.00,0.01,0.03,0.05,0.00,0.00,0.00,0.06,0.18,0.28,327587,550835,967004,511003,980615,1664086,0,0,0,0,0,0,0,291348,0,367.60,393.52,426.05
187,0,31,65,99,8485,8485,8485,88794,88794,88794,591,591,591,0.27,0.44,0.60,0.10,0.16,0.22,0.08,0.11,0.17,0.00,0.00,0.00,0.01,0.02,0.02,0.00,0.00,0.00,0.06,0.12,0.18,458612,800553,1160643,1236944,1577527,2059290,0,0,0,0,0,0,0,311333,0,339.11,346.16,350.95
187,1,33,59,100,8501,8501,8501,88778,88778,88778,591,591,591,0.14,0.44,0.83,0.05,0.15,0.25,0.03,0.12,0.27,0.00,0.00,0.00,0.00,0.02,0.05,0.00,0.00,0.00,0.02,0.11,0.20,330212,365816,462148,591651,1074340,1297265,0,0,0,0,0,0,0,377132,0,331.06,351.91,366.71
187,2,45,71,90,8479,8479,8479,88800,88800,88800,591,591,591,0.24,0.47,0.63,0.09,0.19,0.24,0.07,0.13,0.17,0.00,0.00,0.00,0.01,0.02,0.02,0.00,0.00,0.00,0.05,0.15,0.21,322342,412096,566060,946077,1050219,1137306,0,0,0,0,0,0,0,214330,0,348.40,374.42,396.10
187,3,36,63,84,8541,8541,8541,88738,88738,88738,591,591,591,0.16,0.41,0.73,0.06,0.16,0.31,0.03,0.12,0.25,0.00,0.00,0.00,0.00,0.02,0.04,0.00,0.00,0.00,0.03,0.11,0.20,217762,426431,800048,718405,1164286,1501122,0,0,0,0,0,0,0,199773,0,314.35,340.48,360.34
188,0,32,64,100,8485,8485,8485,88794,88794,88794,591,591,591,0.15,0.48,0.81,0.05,0.21,0.28,0.03,0.15,0.26,0.00,0.00,0.00,0.00,0.02,0.04,0.00,0.00,0.00,0.02,0.17,0.24,557796,1254648,1970532,1001615,1857046,2373330,0,0,0,0,0,0,0,342551,0,335.97,369.02,397.50
188,1,32,64,100,8501,8501,8501,88778,88778,88778,591,591,591,0.14,0.47,0.83,0.05,0.18,0.28,0.03,0.13,0.26,0.00,0.00,0.00,0.00,0.02,0.04,0.00,0.00,0.00,0.02,0.14,0.23,244592,842684,2455633,752186,1442728,3344063,0,0,0,0,0,0,0,282388,0,341.56,395.67,432.80
188,2,31,59,100,8479,8479,8479,88800,88800,88800,591,591,591,0.18,0.35,0.65,0.07,0.14,0.25,0.03,0.10,0.17,0.00,0.00,0.00,0.01,0.01,0.02,0.00,0.00,0.00,0.04,0.11,0.23,348548,641554,1328721,977509,1384785,1994393,0,0,0,0,0,0,0,313168,0,321.44,342.03,356.99
188,3,44,76,100,8541,8541,8541,88738,88738,88738,591,591,591,0.27,0.59,0.81,0.11,0.22,0.30,0.09,0.17,0.27,0.00,0.00,0.00,0.01,0.03,0.04,0.00,0.00,0.00,0.07,0.18,0.27,335441,427141,613141,508403,982698,1250041,0,0,0,0,0,0,0,368648,0,358.38,381.74,410.91
189,0,35,67,100,8485,8485,8485,88794,88794,88794,591,591,591,0.30,0.46,0.78,0.12,0.17,0.30,0.09,0.12,0.21,0.00,0.00,0.00,0.01,0.02,0.03,0.00,0.00,0.00,0.07,0.14,0.26,461171,951784,1949609,1226471,1668770,2353157,0,0,0,0,0,0,0,222702,0,356.80,381.88,414.41
189,1,33,75,100,8501,8501,8501,88778,88778,88778,591,591,591,0.29,0.56,0.78,0.11,0.22,0.28,0.06,0.16,0.23,0.00,0.00,0.00,0.01,0.02,0.03,0.00,0.00,0.00,0.08,0.17,0.25,351135,430291,602739,773021,1083846,1446458,0,0,0,0,0,0,0,224870,0,352.79,375.55,415.70
189,2,33,69,100,8479,8479,8479,88800,88800,88800,591,591,591,0.25,0.50,0.81,0.09,0.19,0.31,0.04,0.15,0.27,0.00,0.00,0.00,0.01,0.02,0.04,0.00,0.00,0.00,0.05,0.14,0.21,302258,331424,351172,634210,994441,1375731,0,0,0,0,0,0,0,290487,0,327.82,349.63,373.52
189,3,35,68,100,8541,8541,8541,88738,88738,88738,591,591,591,0.19,0.54,0.81,0.08,0.20,0.32,0.03,0.16,0.27,0.00,0.00,0.00,0.00,0.03,0.05,0.00,0.00,0.00,0.04,0.14,0.20,317104,946049,1732252,951264,1544608,2321899,0,0,0,0,0,0,0,302897,0,315.95,367.09,412.18
190,0,31,68,100,8485,8485,8485,88794,88794,88794,591,591,591,0.16,0.59,0.81,0.06,0.23,0.30,0.04,0.18,0.24,0.00,0.00,0.00,0.00,0.03,0.04,0.00,0.00,0.00,0.03,0.18,0.24,451683,858689,2062595,877252,1405273,2439994,0,0,0,0,0,0,0,343441,0,325.94,364.43,393.57
190,1,36,68,97,8501,8501,8501,88778,88778,88778,591,591,591,0.17,0.55,0.91,0.07,0.21,0.34,0.03,0.16,0.32,0.00,0.00,0.00,0.00,0.03,0.07,0.00,0.00,0.00,0.03,0.15,0.27,221826,721524,2301038,707498,1369417,2471388,0,0,0,0,0,0,0,253740,0,356.13,393.93,419.06
190,2,33,66,100,8479,8479,8479,88800,88800,88800,591,591,591,0.14,0.54,0.88,0.05,0.21,0.34,0.03,0.16,0.31,0.00,0.00,0.00,0.00,0.03,0.06,0.00,0.00,0.00,0.02,0.15,0.29,322346,641542,1535717,631549,1197128,2466058,0,0,0,0,0,0,0,314953,0,383.50,415.96,457.10
190,3,39,68,100,8541,8541,8541,88738,88738,88738,591,591,591,0.15,0.43,0.67,0.06,0.18,0.27,0.03,0.12,0.19,0.00,0.00,0.00,0.00,0.02,0.03,0.00,0.00,0.00,0.03,0.14,0.26,235655,756247,1278266,662567,1447950,1986419,0,0,0,0,0,0,0,300519,0,339.30,380.84,416.94
191,0,33,60,100,8485,8485,8485,88794,88794,88794,591,591,591,0.19,0.42,0.71,0.07,0.17,0.29,0.03,0.12,0.20,0.00,0.00,0.00,0.01,0.02,0.03,0.00,0.00,0.00,0.04,0.13,0.26,463863,1239605,3718918,953937,1984920,4662407,0,0,0,0,0,0,0,315991,0,350.71,391.82,421.94
191,1,44,84,100,8501,8501,8501,88778,88778,88778,591,591,591,0.28,0.64,0.85,0.12,0.22,0.33,0.10,0.19,0.29,0.00,0.00,0.00,0.01,0.03,0.05,0.00,0.00,0.00,0.08,0.18,0.30,340658,506840,741555,621209,911469,1189812,0,0,0,0,0,0,0,326243,0,361.59,421.27,459.98
191,2,0,71,100,8479,8479,8479,88800,88800,88800,591,591,591,0.02,0.54,0.84,0.01,0.20,0.30,0.00,0.15,0.28,0.00,0.00,0.00,0.00,0.03,0.05,0.00,0.00,0.00,0.01,0.16,0.24,335425,397203,458648,471753,710196,1184470,0,0,0,0,0,0,0,242783,0,365.41,387.21,420.28
191,3,33,74,100,8541,8541,8541,88738,88738,88738,591,591,591,0.29,0.56,0.78,0.11,0.21,0.28,0.06,0.16,0.24,0.00,0.00,0.00,0.01,0.02,0.03,0.00,0.00,0.00,0.08,0.17,0.24,327580,638373,1294554,961692,1275184,1871076,0,0,0,0,0,0,0,302527,0,360.41,378.64,405.08
192,0,37,67,100,8485,8485,8485,88794,88794,88794,591,591,591,0.22,0.55,0.77,0.08,0.21,0.27,0.06,0.15,0.25,0.00,0.00,0.00,0.01,0.02,0.03,0.00,0.00,0.00,0.05,0.18,0.23,445492,632185,841197,1132075,1273502,1378410,0,0,0,0,0,0,0,307882,0,360.08,387.48,419.36
192,1,37,61,86,8501,8501,8501,88778,88778,88778,591,591,591,0.33,0.41,0.56,0.13,0.16,0.23,0.10,0.12,0.15,0.00,0.00,0.00,0.01,0.02,0.02,0.00,0.00,0.00,0.08,0.13,0.21,320519,381292,525831,909256,1116703,1383583,0,0,0,0,0,0,0,328323,0,346.59,357.54,375.63
192,2,37,58,100,8479,8479,8479,88800,88800,88800,591,591,591,0.26,0.42,0.75,0.10,0.16,0.29,0.08,0.12,0.20,0.00,0.00,0.00,0.01,0.02,0.03,0.00,0.00,0.00,0.06,0.13,0.26,332855,581792,1255331,746846,1240892,1852859,0,0,0,0,0,0,0,312637,0,332.31,347.34,363.16
192,3,34,58,93,8541,8541,8541,88738,88738,88738,591,591,591,0.15,0.44,0.80,0.06,0.18,0.32,0.03,0.13,0.26,0.00,0.00,0.00,0.00,0.02,0.05,0.00,0.00,0.00,0.03,0.12,0.17,265401,989035,1588182,1013200,1653934,2099230,0,0,0,0,0,0,0,243783,0,337.71,360.63,399.37
193,0,32,68,100,8485,8485,8485,88794,88794,88794,591,591,591,0.14,0.51,0.81,0.05,0.22,0.30,0.03,0.16,0.24,0.00,0.00,0.00,0.00,0.03,0.04,0.00,0.00,0.00,0.02,0.17,0.24,319728,497489,602781,822846,1080978,1564666,0,0,0,0,0,0,0,365706,0,354.82,381.04,402.69
193,1,44,69,100,8501,8501,8501,88778,88778,88778,591,591,591,0.20,0.56,0.77,0.08,0.22,0.32,0.03,0.16,0.25,0.00,0.00,0.00,0.01,0.02,0.03,0.00,0.00,0.00,0.05,0.18,0.27,2620,548761,1315603,492681,1166177,1962921,0,0,0,0,0,0,0,326188,0,348.84,378.68,417.63
193,2,34,56,97,8479,8479,8479,88800,88800,88800,591,591,591,0.15,0.40,0.80,0.05,0.16,0.33,0.03,0.11,0.27,0.00,0.00,0.00,0.00,0.02,0.05,0.00,0.00,0.00,0.03,0.10,0.21,230619,472240,707559,496180,1231879,1706082,0,0,0,0,0,0,0,263109,0,340.75,371.47,426.76
193,3,37,74,100,8541,8541,8541,88738,88738,88738,591,591,591,0.22,0.54,0.82,0.09,0.20,0.27,0.04,0.15,0.27,0.00,0.00,0.00,0.01,0.02,0.04,0.00,0.00,0.00,0.05,0.16,0.23,476841,996346,2054816,1289307,1581733,2361466,0,0,0,0,0,0,0,325845,0,337.40,376.48,395.46
194,0,33,70,100,8485,8485,8485,88794,88794,88794,591,591,591,0.20,0.49,0.76,0.08,0.18,0.29,0.03,0.13,0.24,0.00,0.00,0.00,0.01,0.02,0.04,0.00,0.00,0.00,0.05,0.14,0.26,448133,1105952,1915828,1016829,1757984,2636557,0,0,0,0,0,0,0,244358,0,359.62,384.02,406.11
194,1,3,40,100,8501,8501,8501,88778,88778,88778,591,591,591,0.02,0.32,0.74,0.01,0.12,0.25,0.00,0.09,0.22,0.00,0.00,0.00,0.00,0.02,0.04,0.00,0.00,0.00,0.00,0.08,0.20,306587,430840,699797,434987,957051,1336691,0,0,0,0,0,0,0,166509,0,290.45,332.98,388.57
194,2,93,97,100,8479,8479,8479,88800,88800,88800,591,591,591,0.68,0.79,0.86,0.24,0.28,0.34,0.17,0.23,0.28,0.00,0.00,0.00,0.03,0.04,0.05,0.00,0.00,0.00,0.19,0.22,0.30,332822,409330,511014,445510,715932,1050819,0,0,0,0,0,0,0,458816,0,353.07,413.04,503.05
194,3,34,69,97,8541,8541,8541,88738,88738,88738,591,591,591,0.15,0.54,0.89,0.06,0.21,0.33,0.03,0.16,0.31,0.00,0.00,0.00,0.00,0.03,0.06,0.00,0.00,0.00,0.02,0.14,0.24,343310,435537,587014,547724,1098303,1441234,0,0,0,0,0,0,0,259705,0,356.57,392.77,422.24
195,0,32,77,97,8485,8485,8485,88794,88794,88794,591,591,591,0.18,0.52,0.75,0.07,0.21,0.32,0.03,0.15,0.24,0.00,0.00,0.00,0.00,0.02,0.03,0.00,0.00,0.00,0.04,0.17,0.27,482236,568670,809795,974670,1246361,1789936,0,0,0,0,0,0,0,327793,0,355.04,381.23,400.49
195,1,33,76,100,8501,8501,8501,88778,88778,88778,591,591,591,0.15,0.58,0.82,0.05,0.22,0.29,0.03,0.17,0.27,0.00,0.00,0.00,0.00,0.03,0.04,0.00,0.00,0.00,0.02,0.18,0.24,319720,407195,683965,521251,950025,1304893,0,0,0,0,0,0,0,359172,0,335.82,394.19,426.97
195,2,31,68,100,8479,8479,8479,88800,88800,88800,591,591,591,0.15,0.53,0.82,0.05,0.19,0.30,0.03,0.14,0.27,0.00,0.00,0.00,0.00,0.02,0.04,0.00,0.00,0.00,0.02,0.15,0.27,338047,658665,1375941,511036,1244665,2031151,0,0,0,0,0,0,0,327782,0,381.80,405.26,466.78
195,3,37,85,100,8541,8541,8541,88738,88738,88738,591,591,591,0.30,0.70,0.86,0.12,0.24,0.34,0.11,0.20,0.29,0.00,0.00,0.00,0.01,0.04,0.05,0.00,0.00,0.00,0.08,0.19,0.30,323360,677891,1504210,450926,1031074,1758406,0,0,0,0,0,0,0,392502,0,346.53,397.66,449.28
196,0,32,66,100,8485,8485,8485,88794,88794,88794,591,591,591,0.15,0.60,0.82,0.05,0.20,0.25,0.03,0.17,0.28,0.00,0.00,0.00,0.00,0.03,0.05,0.00,0.00,0.00,0.02,0.14,0.20,418490,499650,631383,650024,1060837,1369606,0,0,0,0,0,0,0,356812,0,364.76,379.38,387.18
196,1,59,76,97,8501,8501,8501,88778,88778,88778,591,591,591,0.29,0.60,0.91,0.12,0.24,0.33,0.09,0.19,0.32,0.00,0.00,0.00,0.01,0.03,0.07,0.00,0.00,0.00,0.07,0.17,0.26,23586,637391,1341422,670843,1181138,2135272,0,0,0,0,0,0,0,331788,0,350.91,390.32,425.63
196,2,31,53,92,8479,8479,8479,88800,88800,88800,591,591,591,0.14,0.41,0.71,0.05,0.16,0.27,0.03,0.13,0.25,0.00,0.00,0.00,0.00,0.02,0.05,0.00,0.00,0.00,0.02,0.11,0.17,228874,353950,537071,888132,1023035,1273645,0,0,0,0,0,0,0,212354,0,340.78,384.94,423.06
196,3,0,47,96,8541,8541,8541,88738,88738,88738,591,591,591,0.08,0.46,0.81,0.03,0.18,0.34,0.02,0.14,0.27,0.00,0.00,0.00,0.00,0.02,0.04,0.00,0.00,0.00,0.01,0.12,0.23,314513,530042,922495,857048,1103993,1475467,0,0,0,0,0,0,0,181298,0,314.53,385.46,425.51
197,0,33,64,100,8485,8485,8485,88794,88794,88794,591,591,591,0.21,0.43,0.58,0.08,0.18,0.32,0.05,0.13,0.18,0.00,0.00,0.00,0.01,0.02,0.03,0.00,0.00,0.00,0.04,0.15,0.29,469032,799805,1734915,961733,1493200,2542096,0,0,0,0,0,0,0,301213,0,354.25,381.54,409.55
197,1,34,62,100,8501,8501,8501,88778,88778,88778,591,591,591,0.15,0.47,0.86,0.06,0.16,0.25,0.03,0.13,0.29,0.00,0.00,0.00,0.00,0.02,0.05,0.00,0.00,0.00,0.03,0.11,0.20,335462,405671,626301,490058,1095418,1684986,0,0,0,0,0,0,0,355660,0,348.32,360.66,378.50
197,2,35,74,100,8479,8479,8479,88800,88800,88800,591,591,591,0.24,0.54,0.82,0.09,0.20,0.27,0.03,0.15,0.26,0.00,0.00,0.00,0.01,0.02,0.04,0.00,0.00,0.00,0.05,0.16,0.23,327510,448630,605330,815015,1026170,1367682,0,0,0,0,0,0,0,382538,0,324.85,374.49,396.71
197,3,27,74,100,8541,8541,8541,88738,88738,88738,591,591,591,0.06,0.52,0.83,0.02,0.18,0.31,0.01,0.15,0.28,0.00,0.00,0.00,0.00,0.02,0.05,0.00,0.00,0.00,0.01,0.14,0.27,236159,354373,450742,471721,806748,1326065,0,0,0,0,0,0,0,363579,0,277.17,315.26,389.60
198,0,31,65,94,8485,8485,8485,88794,88794,88794,591,591,591,0.28,0.44,0.74,0.11,0.20,0.29,0.08,0.14,0.19,0.00,0.00,0.00,0.01,0.02,0.03,0.00,0.00,0.00,0.06,0.15,0.26,471726,742703,1142583,885798,1391065,2023106,0,0,0,0,0,0,0,324543,0,343.60,362.98,383.22
198,1,71,92,100,8501,8501,8501,88778,88778,88778,591,591,591,0.31,0.69,0.90,0.11,0.27,0.34,0.08,0.21,0.32,0.00,0.00,0.00,0.01,0.04,0.07,0.00,0.00,0.00,0.07,0.20,0.31,364271,573257,891034,665857,938026,1338303,0,0,0,0,0,0,0,331205,0,414.35,433.66,459.33
198,2,36,68,100,8479,8479,8479,88800,88800,88800,591,591,591,0.20,0.52,0.72,0.07,0.20,0.28,0.05,0.15,0.19,0.00,0.00,0.00,0.01,0.02,0.03,0.00,0.00,0.00,0.04,0.17,0.26,340669,618445,1449142,744232,1265715,2209091,0,0,0,0,0,0,0,297740,0,350.82,390.19,431.62
198,3,33,76,96,8541,8541,8541,88738,88738,88738,591,591,591,0.18,0.55,0.73,0.07,0.22,0.31,0.03,0.17,0.25,0.00,0.00,0.00,0.00,0.03,0.05,0.00,0.00,0.00,0.04,0.16,0.27,374758,668191,1409776,712827,1254510,1915513,0,0,0,0,0,0,0,340219,0,384.43,412.39,440.37
199,0,33,73,100,8485,8485,8485,88794,88794,88794,591,591,591,0.29,0.59,0.86,0.11,0.19,0.29,0.06,0.14,0.23,0.00,0.00,0.00,0.01,0.02,0.03,0.00,0.00,0.00,0.08,0.15,0.25,461233,575643,814938,1003775,1288950,1753035,0,0,0,0,0,0,0,331096,0,353.30,386.77,415.91
199,1,33,67,100,8501,8501,8501,88778,88778,88778,591,591,591,0.15,0.47,0.84,0.06,0.16,0.25,0.03,0.13,0.28,0.00,0.00,0.00,0.00,0.02,0.05,0.00,0.00,0.00,0.03,0.12,0.19,149383,591130,1129422,718064,1281858,2214296,0,0,0,0,0,0,0,365809,0,342.98,355.39,371.79
199,2,40,65,89,8479,8479,8479,88800,88800,88800,591,591,591,0.34,0.43,0.68,0.12,0.18,0.30,0.08,0.13,0.21,0.00,0.00,0.00,0.01,0.02,0.04,0.00,0.00,0.00,0.09,0.14,0.23,340678,418250,534629,725848,1073230,1367935,0,0,0,0,0,0,0,305745,0,342.91,364.22,376.86
199,3,32,71,100,8541,8541,8541,88738,88738,88738,591,591,591,0.14,0.54,0.82,0.05,0.20,0.32,0.03,0.15,0.26,0.00,0.00,0.00,0.00,0.02,0.04,0.00,0.00,0.00,0.02,0.16,0.27,330201,625803,1223854,746870,1221737,1546197,0,0,0,0,0,0,0,369583,0,358.50,379.35,404.77
200,0,35,68,100,8485,8485,8485,88794,88794,88794,591,591,591,0.16,0.52,0.83,0.06,0.19,0.35,0.03,0.15,0.28,0.00,0.00,0.00,0.00,0.03,0.05,0.00,0.00,0.00,0.03,0.13,0.20,443428,735524,1708425,691854,1396251,2714614,0,0,0,0,0,0,0,344064,0,368.86,379.88,395.19
200,1,34,68,100,8501,8501,8501,88778,88778,88778,591,591,591,0.15,0.58,0.88,0.06,0.22,0.35,0.03,0.17,0.28,0.00,0.00,0.00,0.00,0.03,0.06,0.00,0.00,0.00,0.03,0.16,0.31,343216,864910,1848074,621092,1379623,2870412,0,0,0,0,0,0,0,199629,0,379.65,449.76,508.85
200,2,30,69,100,8479,8479,8479,88800,88800,88800,591,591,591,0.14,0.53,0.82,0.05,0.19,0.32,0.03,0.15,0.27,0.00,0.00,0.00,0.00,0.02,0.04,0.00,0.00,0.00,0.02,0.14,0.26,348562,370022,393007,534663,959105,1360113,0,0,0,0,0,0,0,351987,0,326.51,363.05,385.65
200,3,34,76,100,8541,8541,8541,88738,88738,88738,591,591,591,0.16,0.57,0.81,0.06,0.22,0.31,0.03,0.17,0.23,0.00,0.00,0.00,0.00,0.03,0.04,0.00,0.00,0.00,0.03,0.17,0.26,343325,393608,461201,704892,973807,1441272,0,0,0,0,0,0,0,355881,0,396.95,402.58,416.42
201,0,38,71,100,8485,8485,8485,88794,88794,88794,591,591,591,0.22,0.58,0.86,0.08,0.24,0.34,0.06,0.19,0.28,0.00,0.00,0.00,0.01,0.03,0.05,0.00,0.00,0.00,0.05,0.19,0.29,476964,759927,935526,946085,1208046,1603760,0,0,0,0,0,0,0,246379,0,360.57,412.08,440.37
201,1,69,86,100,8501,8501,8501,88778,88778,88778,591,591,591,0.38,0.64,0.84,0.14,0.23,0.32,0.08,0.19,0.28,0.00,0.00,0.00,0.02,0.03,0.05,0.00,0.00,0.00,0.09,0.18,0.27,329284,555687,1370555,489328,1021352,2054522,0,0,0,0,0,0,0,418081,0,361.87,404.32,459.23
201,2,40,57,82,8479,8479,8479,88800,88800,88800,591,591,591,0.22,0.40,0.65,0.08,0.16,0.26,0.05,0.11,0.18,0.00,0.00,0.00,0.01,0.02,0.02,0.00,0.00,0.00,0.05,0.13,0.24,335449,733263,1839643,828134,1427743,2756845,0,0,0,0,0,0,0,291302,0,346.08,374.39,400.21
201,3,34,77,100,8541,8541,8541,88738,88738,88738,591,591,591,0.24,0.56,0.81,0.10,0.21,0.31,0.03,0.16,0.27,0.00,0.00,0.00,0.01,0.03,0.04,0.00,0.00,0.00,0.07,0.16,0.27,292528,533467,1352474,536979,1099399,1816405,0,0,0,0,0,0,0,377972,0,378.73,389.94,397.90
202,0,0,50,100,8485,8485,8485,88794,88794,88794,591,591,591,0.01,0.29,0.77,0.00,0.10,0.25,0.00,0.08,0.23,0.00,0.00,0.00,0.00,0.01,0.04,0.00,0.00,0.00,0.00,0.07,0.20,458668,722772,1249963,967134,1313482,1677100,0,0,0,0,0,0,0,250068,0,276.70,302.68,350.81
202,1,33,70,100,8501,8501,8501,88778,88778,88778,591,591,591,0.18,0.48,0.76,0.07,0.18,0.29,0.03,0.13,0.22,0.00,0.00,0.00,0.00,0.02,0.04,0.00,0.00,0.00,0.04,0.15,0.27,327584,522555,977502,710212,1192386,1826592,0,0,0,0,0,0,0,318074,0,350.85,383.84,402.06
202,2,33,73,100,8479,8479,8479,88800,88800,88800,591,591,591,0.15,0.56,0.81,0.06,0.22,0.31,0.03,0.17,0.24,0.00,0.00,0.00,0.00,0.03,0.04,0.00,0.00,0.00,0.03,0.17,0.25,214866,443736,660403,707630,988305,1213500,0,0,0,0,0,0,0,228765,0,350.88,380.82,406.36
202,3,32,63,100,8541,8541,8541,88738,88738,88738,591,591,591,0.20,0.45,0.78,0.08,0.18,0.29,0.05,0.13,0.23,0.00,0.00,0.00,0.01,0.02,0.03,0.00,0.00,0.00,0.04,0.13,0.24,322344,630490,1058543,880548,1301343,2035861,0,0,0,0,0,0,0,291882,0,335.90,387.90,413.89
203,0,35,65,100,8485,8485,8485,88794,88794,88794,591,591,591,0.15,0.58,0.83,0.06,0.21,0.31,0.03,0.17,0.28,0.00,0.00,0.00,0.00,0.03,0.05,0.00,0.00,0.00,0.03,0.16,0.26,370686,820709,1750308,615862,1313768,2759094,0,0,0,0,0,0,0,355738,0,407.57,433.47,462.71
203,1,33,69,93,8501,8501,8501,88778,88778,88778,591,591,591,0.15,0.50,0.70,0.06,0.20,0.26,0.03,0.15,0.21,0.00,0.00,0.00,0.00,0.02,0.03,0.00,0.00,0.00,0.03,0.15,0.22,345919,471682,820109,870085,1121580,1422745,0,0,0,0,0,0,0,277450,0,341.93,366.35,391.23
203,2,34,67,100,8479,8479,8479,88800,88800,88800,591,591,591,0.15,0.47,0.81,0.05,0.17,0.26,0.03,0.14,0.28,0.00,0.00,0.00,0.00,0.02,0.04,0.00,0.00,0.00,0.03,0.12,0.21,345915,444815,707571,516252,1110350,1706032,0,0,0,0,0,0,0,338657,0,381.42,394.76,405.32
203,3,40,81,100,8541,8541,8541,88738,88738,88738,591,591,591,0.36,0.49,0.72,0.14,0.19,0.29,0.11,0.14,0.20,0.00,0.00,0.00,0.01,0.02,0.03,0.00,0.00,0.00,0.10,0.15,0.26,335472,438931,589638,977586,1126126,1255295,0,0,0,0,0,0,0,220781,0,349.30,372.43,393.98
204,0,31,67,100,8485,8485,8485,88794,88794,88794,591,591,591,0.32,0.51,0.81,0.12,0.22,0.29,0.09,0.16,0.24,0.00,0.00,0.00,0.01,0.02,0.04,0.00,0.00,0.00,0.09,0.18,0.24,513589,799285,1173931,1213356,1392587,1679868,0,0,0,0,0,0,0,258156,0,354.50,381.72,411.37
204,1,53,69,100,8501,8501,8501,88778,88778,88778,591,591,591,0.28,0.45,0.59,0.11,0.18,0.22,0.09,0.13,0.17,0.00,0.00,0.00,0.01,0.02,0.02,0.00,0.00,0.00,0.06,0.14,0.19,136251,397527,618484,689119,1090577,1409508,0,0,0,0,0,0,0,311451,0,353.74,367.72,387.42
204,2,33,75,100,8479,8479,8479,88800,88800,88800,591,591,591,0.22,0.60,0.83,0.08,0.24,0.33,0.05,0.17,0.25,0.00,0.00,0.00,0.01,0.03,0.05,0.00,0.00,0.00,0.05,0.19,0.25,372086,685015,1417894,681326,1203868,1876547,0,0,0,0,0,0,0,333191,0,386.23,409.09,432.25
204,3,34,71,100,8541,8541,8541,88738,88738,88738,591,591,591,0.28,0.58,0.81,0.11,0.23,0.32,0.05,0.17,0.27,0.00,0.00,0.00,0.01,0.02,0.04,0.00,0.00,0.00,0.08,0.18,0.29,343332,622726,1394101,755022,1196663,1745247,0,0,0,0,0,0,0,345783,0,334.49,381.04,406.13
205,0,39,68,100,8485,8485,8485,88794,88794,88794,591,591,591,0.16,0.49,0.79,0.09,0.20,0.31,0.03,0.15,0.26,0.00,0.00,0.00,0.01,0.02,0.04,0.00,0.00,0.00,0.06,0.15,0.28,461238,534073,636794,841233,1156203,1677153,0,0,0,0,0,0,0,318422,0,334.71,372.37,393.22
205,1,33,52,90,8501,8501,8501,88778,88778,88778,591,591,591,0.24,0.38,0.63,0.10,0.15,0.23,0.07,0.11,0.17,0.00,0.00,0.00,0.01,0.01,0.02,0.00,0.00,0.00,0.05,0.12,0.19,335443,549819,1229106,956531,1296188,2054625,0,0,0,0,0,0,0,252973,0,327.76,348.10,363.33
205,2,31,72,100,8479,8479,8479,88800,88800,88800,591,591,591,0.14,0.48,0.85,0.05,0.16,0.25,0.03,0.15,0.29,0.00,0.00,0.00,0.00,0.03,0.05,0.00,0.00,0.00,0.02,0.11,0.18,283034,500649,1084939,453365,1126373,1448680,0,0,0,0,0,0,0,282673,0,344.70,370.91,410.92
205,3,32,70,100,8541,8541,8541,88738,88738,88738,591,591,591,0.15,0.54,0.81,0.05,0.21,0.29,0.03,0.15,0.27,0.00,0.00,0.00,0.00,0.02,0.04,0.00,0.00,0.00,0.02,0.16,0.25,340763,528839,870097,613196,1137844,1333974,0,0,0,0,0,0,0,323546,0,375.24,388.14,398.70
206,0,30,68,100,8485,8485,8485,88794,88794,88794,591,591,591,0.30,0.50,0.72,0.06,0.19,0.26,0.03,0.13,0.22,0.00,0.00,0.01,0.00,0.02,0.03,0.00,0.00,0.00,0.03,0.15,0.22,463867,1116421,2934439,1024641,1767304,3149729,0,0,0,0,0,0,0,306660,0,354.27,385.76,419.61
206,1,35,66,100,8501,8501,8501,88778,88778,88778,591,591,591,0.14,0.49,0.68,0.05,0.19,0.28,0.03,0.14,0.20,0.00,0.00,0.00,0.00,0.02,0.03,0.00,0.00,0.00,0.03,0.15,0.25,335435,551393,974906,977170,1245836,1462359,0,0,0,0,0,0,0,221319,0,323.57,351.77,394.20
206,2,33,71,100,8479,8479,8479,88800,88800,88800,591,591,591,0.14,0.63,0.85,0.05,0.24,0.34,0.03,0.19,0.29,0.00,0.00,0.00,0.00,0.03,0.05,0.00,0.00,0.00,0.02,0.17,0.30,324974,687645,1606437,437667,1117950,2562961,0,0,0,0,0,0,0,346513,0,401.33,455.84,513.26
206,3,35,66,100,8541,8541,8541,88738,88738,88738,591,591,591,0.27,0.49,0.78,0.10,0.19,0.29,0.08,0.15,0.22,0.00,0.00,0.00,0.01,0.02,0.03,0.00,0.00,0.00,0.06,0.14,0.25,330211,420326,597463,741672,1077019,1438402,0,0,0,0,0,0,0,304001,0,347.21,383.79,407.70
207,0,34,69,100,8485,8485,8485,88794,88794,88794,591,591,591,0.20,0.48,0.65,0.08,0.17,0.25,0.04,0.12,0.17,0.00,0.00,0.00,0.01,0.02,0.02,0.00,0.00,0.00,0.04,0.14,0.23,474343,728002,1294621,1032550,1468587,2201381,0,0,0,0,0,0,0,212806,0,350.50,359.87,377.75
207,1,34,67,100,8501,8501,8501,88778,88778,88778,591,591,591,0.32,0.49,0.78,0.12,0.19,0.29,0.07,0.14,0.23,0.00,0.00,0.00,0.01,0.02,0.03,0.00,0.00,0.00,0.09,0.14,0.24,332854,433273,635970,765304,1150074,1349371,0,0,0,0,0,0,0,335744,0,357.01,377.34,412.62
207,2,49,81,100,8479,8479,8479,88800,88800,88800,591,591,591,0.22,0.63,0.84,0.09,0.23,0.30,0.03,0.18,0.28,0.00,0.00,0.00,0.01,0.03,0.05,0.00,0.00,0.00,0.06,0.18,0.24,343292,475903,833315,474320,942386,1444082,0,0,0,0,0,0,0,372379,0,365.69,386.56,430.13
207,3,35,81,100,8541,8541,8541,88738,88738,88738,591,591,591,0.25,0.50,0.80,0.10,0.19,0.29,0.04,0.14,0.27,0.00,0.00,0.00,0.01,0.02,0.04,0.00,0.00,0.00,0.06,0.15,0.23,256141,591062,1333920,669776,1284355,2154189,0,0,0,0,0,0,0,362206,0,357.73,383.86,414.55
208,0,32,76,94,8485,8485,8485,88794,88794,88794,591,591,591,0.15,0.58,0.74,0.06,0.22,0.32,0.03,0.16,0.22,0.00,0.00,0.00,0.00,0.02,0.03,0.00,0.00,0.00,0.03,0.17,0.27,626356,1054716,1645430,1153124,1708512,2614871,0,0,0,0,0,0,0,345378,0,338.40,379.88,413.44
208,1,34,55,81,8501,8501,8501,88778,88778,88778,591,591,591,0.15,0.40,0.74,0.05,0.16,0.31,0.03,0.10,0.22,0.00,0.00,0.00,0.00,0.02,0.04,0.00,0.00,0.00,0.03,0.14,0.32,356409,793642,1518451,1365361,1602971,2009433,0,0,0,0,0,0,0,268935,0,351.01,381.81,428.94
208,2,37,59,79,8479,8479,8479,88800,88800,88800,591,591,591,0.20,0.42,0.65,0.08,0.16,0.25,0.05,0.12,0.17,0.00,0.00,0.00,0.01,0.02,0.02,0.00,0.00,0.00,0.04,0.13,0.23,338069,570478,1251124,867439,1292859,2119251,0,0,0,0,0,0,0,221606,0,355.07,400.68,437.67
208,3,35,66,94,8541,8541,8541,88738,88738,88738,591,591,591,0.19,0.50,0.81,0.07,0.20,0.34,0.03,0.15,0.27,0.00,0.00,0.00,0.00,0.02,0.05,0.00,0.00,0.00,0.04,0.14,0.26,359007,732465,1650984,736418,1395479,2051938,0,0,0,0,0,0,0,186592,0,359.31,385.32,405.28
209,0,33,75,100,8485,8485,8485,88794,88794,88794,591,591,591,0.20,0.70,0.92,0.08,0.25,0.36,0.03,0.20,0.26,0.00,0.00,0.00,0.01,0.03,0.05,0.00,0.00,0.00,0.07,0.19,0.31,443799,818263,1572544,896304,1339947,1885513,0,0,0,0,0,0,0,409548,0,363.90,392.03,427.81
209,1,33,82,100,8501,8501,8501,88778,88778,88778,591,591,591,0.16,0.67,0.84,0.06,0.24,0.33,0.04,0.20,0.28,0.00,0.00,0.00,0.00,0.03,0.05,0.00,0.00,0.00,0.03,0.18,0.30,332830,569732,995861,579175,969646,1281526,0,0,0,0,0,0,0,318389,0,368.48,413.53,465.49
209,2,32,61,95,8479,8479,8479,88800,88800,88800,591,591,591,0.15,0.47,0.82,0.05,0.19,0.30,0.03,0.13,0.29,0.00,0.00,0.00,0.00,0.02,0.06,0.00,0.00,0.00,0.02,0.13,0.25,385187,676636,1328588,851605,1368470,2112114,0,0,0,0,0,0,0,319437,0,363.50,379.22,399.96
209,3,38,74,100,8541,8541,8541,88738,88738,88738,591,591,591,0.23,0.58,0.82,0.09,0.22,0.32,0.04,0.17,0.27,0.00,0.00,0.00,0.01,0.03,0.05,0.00,0.00,0.00,0.06,0.17,0.28,356414,531444,783465,718051,1094861,1422952,0,0,0,0,0,0,0,312069,0,382.38,393.97,413.39
210,0,33,64,100,8483,8483,8485,88794,88795,88796,591,591,591,0.15,0.46,0.84,0.05,0.17,0.33,0.03,0.14,0.32,0.00,0.00,0.00,0.00,0.03,0.07,0.00,0.00,0.00,0.02,0.11,0.21,484827,535133,615823,626344,1231169,1603762,0,0,0,0,0,0,0,285434,0,345.10,399.15,474.32
210,1,32,66,97,8501,8501,8501,88778,88778,88778,591,591,591,0.15,0.52,0.80,0.05,0.20,0.31,0.03,0.15,0.27,0.00,0.00,0.00,0.00,0.02,0.04,0.00,0.00,0.00,0.02,0.15,0.27,338071,460714,759994,592268,1097017,1478059,0,0,0,0,0,0,0,350718,0,382.57,397.85,410.62
210,2,38,75,100,8479,8479,8479,88800,88800,88800,591,591,591,0.30,0.59,0.83,0.11,0.21,0.27,0.09,0.17,0.28,0.00,0.00,0.00,0.01,0.03,0.05,0.00,0.00,0.00,0.07,0.17,0.25,338064,429734,594761,592053,864229,1153088,0,0,0,0,0,0,0,300180,0,372.21,406.52,433.65
210,3,36,74,100,8541,8541,8541,88738,88738,88738,591,591,591,0.16,0.56,0.77,0.06,0.22,0.33,0.03,0.16,0.25,0.00,0.00,0.00,0.00,0.03,0.03,0.00,0.00,0.00,0.03,0.17,0.27,334271,596056,1307354,812369,1275065,2296217,0,0,0,0,0,0,0,309838,0,357.67,390.33,413.22
211,0,34,79,100,8483,8483,8483,88796,88796,88796,591,591,591,0.14,0.57,0.85,0.05,0.24,0.34,0.03,0.20,0.28,0.00,0.00,0.00,0.00,0.03,0.05,0.00,0.00,0.00,0.02,0.18,0.31,458611,646243,1087557,563436,1014178,1645786,0,0,0,0,0,0,0,294442,0,358.31,428.10,502.55
211,1,31,68,100,8501,8501,8501,88778,88778,88778,591,591,591,0.19,0.53,0.71,0.07,0.21,0.30,0.05,0.15,0.24,0.00,0.00,0.00,0.01,0.02,0.04,0.00,0.00,0.00,0.04,0.17,0.27,330179,580098,1027325,862236,1125989,1598643,0,0,0,0,0,0,0,281542,0,354.60,388.84,411.49
211,2,35,62,75,8479,8479,8479,88800,88800,88800,591,591,591,0.18,0.41,0.60,0.07,0.16,0.27,0.03,0.12,0.17,0.00,0.00,0.00,0.00,0.02,0.03,0.00,0.00,0.00,0.04,0.12,0.22,335391,492475,833375,791315,1226263,1614337,0,0,0,0,0,0,0,289914,0,337.65,351.84,363.74
211,3,34,83,100,8541,8541,8541,88738,88738,88738,591,591,591,0.15,0.65,0.84,0.06,0.24,0.35,0.03,0.20,0.28,0.00,0.00,0.00,0.00,0.03,0.05,0.00,0.00,0.00,0.03,0.17,0.30,358956,473820,723305,568565,894700,1732263,0,0,0,0,0,0,0,324629,0,368.50,409.67,464.41
212,0,30,62,100,8483,8483,8483,88796,88796,88796,591,591,591,0.27,0.49,0.81,0.13,0.20,0.27,0.08,0.15,0.27,0.00,0.00,0.00,0.01,0.02,0.04,0.00,0.00,0.00,0.11,0.16,0.24,471750,723054,1259660,699763,1338588,2103510,0,0,0,0,0,0,0,298337,0,352.49,378.85,403.33
212,1,30,69,100,8501,8501,8501,88778,88778,88778,591,591,591,0.18,0.52,0.80,0.06,0.20,0.31,0.03,0.15,0.26,0.00,0.00,0.00,0.00,0.02,0.04,0.00,0.00,0.00,0.03,0.15,0.28,338066,492670,712787,712785,1071822,1564464,0,0,0,0,0,0,0,266721,0,302.74,356.82,392.27
212,2,33,69,100,8479,8479,8479,88800,88800,88800,591,591,591,0.28,0.52,0.74,0.11,0.21,0.27,0.09,0.15,0.23,0.00,0.00,0.00,0.01,0.02,0.04,0.00,0.00,0.00,0.06,0.17,0.24,332808,560961,1153035,889181,1146912,1643075,0,0,0,0,0,0,0,333137,0,360.73,392.14,404.88
212,3,35,72,100,8541,8541,8541,88738,88738,88738,591,591,591,0.32,0.55,0.82,0.12,0.20,0.29,0.05,0.15,0.27,0.00,0.00,0.00,0.01,0.02,0.04,0.00,0.00,0.00,0.08,0.16,0.23,332753,477999,644666,694522,1081229,1611665,0,0,0,0,0,0,0,338170,0,367.71,379.23,389.88
213,0,35,70,100,8483,8483,8483,88796,88796,88796,591,591,591,0.15,0.57,0.82,0.06,0.20,0.34,0.03,0.15,0.26,0.00,0.00,0.00,0.00,0.03,0.05,0.00,0.00,0.00,0.03,0.14,0.26,503181,565122,670916,828118,1219253,1698258,0,0,0,0,0,0,0,226258,0,350.07,373.40,404.15
213,1,30,75,100,8501,8501,8501,88778,88778,88778,591,591,591,0.13,0.56,0.83,0.05,0.22,0.34,0.03,0.16,0.27,0.00,0.00,0.00,0.00,0.03,0.05,0.00,0.00,0.00,0.02,0.17,0.29,332828,377896,490072,610543,932430,1472838,0,0,0,0,0,0,0,323299,0,383.65,393.30,404.63
213,2,31,68,97,8479,8479,8479,88800,88800,88800,591,591,591,0.19,0.52,0.91,0.07,0.20,0.33,0.05,0.16,0.32,0.00,0.00,0.00,0.01,0.03,0.07,0.00,0.00,0.00,0.03,0.14,0.26,322327,460196,621133,497930,1059809,1430965,0,0,0,0,0,0,0,317060,0,342.85,376.19,406.28
213,3,35,61,100,8541,8541,8541,88738,88738,88738,591,591,591,0.25,0.44,0.67,0.10,0.18,0.27,0.07,0.13,0.19,0.00,0.00,0.00,0.01,0.02,0.03,0.00,0.00,0.00,0.06,0.13,0.22,351172,628303,974913,1079719,1277133,1405938,0,0,0,0,0,0,0,328795,0,339.91,374.88,418.39
214,0,54,84,100,8483,8483,8483,88796,88796,88796,591,591,591,0.17,0.68,0.86,0.07,0.23,0.34,0.03,0.19,0.29,0.00,0.00,0.00,0.00,0.03,0.05,0.00,0.00,0.00,0.03,0.18,0.28,466485,668270,967013,623733,1132653,1978577,0,0,0,0,0,0,0,396432,0,346.93,398.99,459.24
214,1,32,58,100,8501,8501,8501,88778,88778,88778,591,591,591,0.15,0.53,0.84,0.05,0.18,0.26,0.03,0.15,0.28,0.00,0.00,0.00,0.00,0.03,0.05,0.00,0.00,0.00,0.02,0.13,0.20,330129,519025,1002848,450678,1121953,1979489,0,0,0,0,0,0,0,265510,0,344.71,374.43,434.57
214,2,36,80,100,8479,8479,8479,88800,88800,88800,591,591,591,0.15,0.60,0.85,0.06,0.19,0.25,0.03,0.18,0.29,0.00,0.00,0.00,0.00,0.03,0.05,0.00,0.00,0.00,0.03,0.14,0.19,335424,487889,728578,466750,1010049,1755927,0,0,0,0,0,0,0,291520,0,342.24,369.72,424.89
214,3,35,78,100,8541,8541,8541,88738,88738,88738,591,591,591,0.15,0.50,0.78,0.05,0.19,0.30,0.03,0.15,0.21,0.00,0.00,0.00,0.00,0.02,0.03,0.00,0.00,0.00,0.02,0.15,0.27,323359,464061,673499,864823,1157593,1653611,0,0,0,0,0,0,0,314556,0,350.57,379.35,412.63
215,0,51,61,69,8483,8483,8483,88796,88796,88796,591,591,591,0.29,0.36,0.43,0.12,0.14,0.15,0.08,0.09,0.10,0.00,0.00,0.00,0.01,0.01,0.01,0.00,0.00,0.00,0.09,0.12,0.13,474328,719357,1153119,1022062,1460326,1755885,0,0,0,0,0,0,0,280188,0,326.52,380.83,441.98
215,1,55,78,100,8501,8501,8501,88778,88778,88778,591,591,591,0.31,0.60,0.85,0.13,0.22,0.33,0.09,0.17,0.28,0.00,0.00,0.00,0.01,0.03,0.05,0.00,0.00,0.00,0.07,0.18,0.30,338054,398290,495328,468935,907962,1260598,0,0,0,0,0,0,0,315675,0,409.40,439.19,457.80
215,2,39,64,100,8479,8479,8479,88800,88800,88800,591,591,591,0.21,0.52,0.71,0.08,0.21,0.32,0.06,0.14,0.19,0.00,0.00,0.00,0.01,0.02,0.03,0.00,0.00,0.00,0.04,0.17,0.26,268977,422973,715412,651484,1034166,1561852,0,0,0,0,0,0,0,340891,0,398.76,434.82,486.82
215,3,61,75,95,8541,8541,8541,88738,88738,88738,591,591,591,0.29,0.58,0.88,0.11,0.23,0.34,0.08,0.17,0.29,0.00,0.00,0.00,0.01,0.03,0.06,0.00,0.00,0.00,0.07,0.18,0.24,338068,433064,597515,560826,980784,1472823,0,0,0,0,0,0,0,236089,0,351.11,380.74,411.73
216,0,31,65,96,8483,8483,8483,88796,88796,88796,591,591,591,0.32,0.56,0.90,0.12,0.19,0.34,0.08,0.14,0.23,0.00,0.00,0.00,0.01,0.02,0.04,0.00,0.00,0.00,0.08,0.15,0.26,409100,757466,1763732,854325,1444807,2728150,0,0,0,0,0,0,0,326182,0,322.93,346.43,385.56
216,1,32,68,100,8501,8501,8501,88778,88778,88778,591,591,591,0.14,0.51,0.81,0.05,0.20,0.29,0.03,0.15,0.27,0.00,0.00,0.00,0.00,0.02,0.04,0.00,0.00,0.00,0.02,0.14,0.24,348570,377376,445524,579169,1015772,1423033,0,0,0,0,0,0,0,286449,0,350.87,380.29,421.12
216,2,32,56,89,8479,8479,8479,88800,88800,88800,591,591,591,0.19,0.39,0.61,0.07,0.16,0.25,0.03,0.11,0.17,0.00,0.00,0.00,0.01,0.02,0.02,0.00,0.00,0.00,0.04,0.12,0.22,343308,578656,1239645,946000,1298828,2154309,0,0,0,0,0,0,0,292308,0,335.20,359.93,384.97
216,3,34,71,100,8541,8541,8541,88738,88738,88738,591,591,591,0.16,0.51,0.84,0.06,0.18,0.29,0.03,0.14,0.28,0.00,0.00,0.00,0.00,0.02,0.05,0.00,0.00,0.00,0.03,0.13,0.23,316748,633125,1433587,749506,1273902,1658396,0,0,0,0,0,0,0,362710,0,327.02,356.95,372.85
217,0,32,78,100,8483,8483,8483,88796,88796,88796,591,591,591,0.14,0.46,0.84,0.05,0.17,0.32,0.03,0.14,0.32,0.00,0.00,0.00,0.00,0.03,0.07,0.00,0.00,0.00,0.02,0.11,0.19,469092,695521,1226526,804446,1387896,2175249,0,0,0,0,0,0,0,300627,0,338.01,354.91,392.34
217,1,36,73,100,8501,8501,8501,88778,88778,88778,591,591,591,0.20,0.57,0.82,0.09,0.22,0.31,0.03,0.16,0.23,0.00,0.00,0.00,0.00,0.03,0.04,0.00,0.00,0.00,0.05,0.17,0.26,239361,408449,594949,767543,987950,1388932,0,0,0,0,0,0,0,339890,0,385.60,401.10,433.50
217,2,34,71,100,8479,8479,8479,88800,88800,88800,591,591,591,0.15,0.52,0.76,0.06,0.20,0.32,0.03,0.15,0.25,0.00,0.00,0.00,0.00,0.02,0.04,0.00,0.00,0.00,0.03,0.15,0.27,325120,583381,872652,961700,1264651,1362409,0,0,0,0,0,0,0,285808,0,370.67,385.43,400.11
217,3,41,72,100,8541,8541,8541,88738,88738,88738,591,591,591,0.22,0.59,0.82,0.08,0.24,0.34,0.06,0.17,0.26,0.00,0.00,0.00,0.01,0.03,0.05,0.00,0.00,0.00,0.05,0.18,0.27,327580,498575,733727,802065,1054125,1240027,0,0,0,0,0,0,0,325616,0,412.15,420.91,437.99
218,0,35,72,100,8483,8483,8483,88796,88796,88796,591,591,591,0.15,0.57,0.85,0.05,0.23,0.34,0.03,0.19,0.28,0.00,0.00,0.00,0.00,0.03,0.05,0.00,0.00,0.00,0.02,0.17,0.30,471725,582309,867450,618485,1000043,1462354,0,0,0,0,0,0,0,353954,0,405.83,442.63,496.08
218,1,34,71,100,8501,8501,8501,88778,88778,88778,591,591,591,0.14,0.56,0.82,0.05,0.21,0.32,0.03,0.16,0.27,0.00,0.00,0.00,0.00,0.03,0.04,0.00,0.00,0.00,0.02,0.17,0.29,345472,603669,1270966,783498,1169189,1443922,0,0,0,0,0,0,0,298394,0,385.40,403.69,416.00
218,2,33,74,100,8479,8479,8479,88800,88800,88800,591,591,591,0.14,0.63,0.82,0.05,0.24,0.33,0.03,0.19,0.28,0.00,0.00,0.00,0.00,0.03,0.05,0.00,0.00,0.00,0.02,0.17,0.30,207870,642234,1685100,394779,1075862,2101789,0,0,0,0,0,0,0,349457,0,392.15,425.02,467.91
218,3,35,70,100,8541,8541,8541,88738,88738,88738,591,591,591,0.15,0.52,0.84,0.06,0.17,0.25,0.03,0.16,0.28,0.00,0.00,0.00,0.00,0.03,0.05,0.00,0.00,0.00,0.03,0.13,0.19,353687,589623,1195030,484682,1213862,2219717,0,0,0,0,0,0,0,346078,0,360.41,368.46,382.27
219,0,34,66,100,8483,8483,8483,88796,88796,88796,591,591,591,0.15,0.58,0.81,0.06,0.20,0.28,0.03,0.16,0.25,0.00,0.00,0.00,0.00,0.03,0.04,0.00,0.00,0.00,0.03,0.15,0.23,458618,751444,1276296,1035204,1392291,1890392,0,0,0,0,0,0,0,197092,0,382.62,396.27,405.90
219,1,31,75,100,8501,8501,8501,88778,88778,88778,591,591,591,0.28,0.58,0.80,0.11,0.23,0.32,0.08,0.17,0.24,0.00,0.00,0.00,0.01,0.02,0.04,0.00,0.00,0.00,0.06,0.19,0.28,296997,455110,718026,728496,987794,1166203,0,0,0,0,0,0,0,212158,0,364.88,394.85,414.18
219,2,34,83,100,8479,8479,8479,88800,88800,88800,591,591,591,0.15,0.64,0.85,0.05,0.21,0.30,0.03,0.18,0.29,0.00,0.00,0.00,0.00,0.03,0.05,0.00,0.00,0.00,0.03,0.16,0.23,327564,429735,689147,440246,916100,1378541,0,0,0,0,0,0,0,401952,0,342.78,375.39,445.30
219,3,34,68,100,8541,8541,8541,88738,88738,88738,591,591,591,0.15,0.52,0.87,0.05,0.21,0.32,0.03,0.15,0.31,0.00,0.00,0.00,0.00,0.02,0.06,0.00,0.00,0.00,0.03,0.15,0.28,460467,911993,1735094,754805,1485964,1991728,0,0,0,0,0,0,0,289711,0,359.50,405.41,431.45
220,0,31,78,100,8483,8483,8483,88796,88796,88796,591,591,591,0.14,0.58,0.82,0.05,0.22,0.32,0.03,0.17,0.28,0.00,0.00,0.00,0.00,0.03,0.04,0.00,0.00,0.00,0.02,0.17,0.29,471705,701009,990624,809761,1189760,1941938,0,0,0,0,0,0,0,336957,0,386.21,404.65,420.08
220,1,34,57,84,8501,8501,8501,88778,88778,88778,591,591,591,0.16,0.43,0.89,0.06,0.17,0.34,0.03,0.12,0.30,0.00,0.00,0.00,0.00,0.02,0.06,0.00,0.00,0.00,0.03,0.10,0.20,327589,577855,1090173,521509,1352266,2175106,0,0,0,0,0,0,0,313978,0,360.27,395.50,415.96
220,2,32,61,96,8477,8478,8479,88800,88800,88802,591,591,591,0.14,0.45,0.80,0.05,0.19,0.35,0.03,0.13,0.27,0.00,0.00,0.00,0.00,0.02,0.06,0.00,0.00,0.00,0.02,0.13,0.30,232319,386977,639445,471625,1019426,1643164,0,0,0,0,0,0,0,201902,0,354.79,437.78,499.19
220,3,34,83,100,8541,8541,8541,88738,88738,88738,591,591,591,0.16,0.61,0.84,0.06,0.20,0.26,0.03,0.18,0.28,0.00,0.00,0.00,0.00,0.03,0.05,0.00,0.00,0.00,0.03,0.15,0.20,322332,737018,1611732,728497,1265007,1745388,0,0,0,0,0,0,0,282750,0,327.80,358.69,377.14
221,0,33,72,100,8483,8483,8483,88796,88796,88796,591,591,591,0.14,0.56,0.80,0.05,0.22,0.33,0.03,0.16,0.27,0.00,0.00,0.00,0.00,0.03,0.04,0.00,0.00,0.00,0.02,0.16,0.29,458608,687085,1013354,979829,1264040,1537293,0,0,0,0,0,0,0,356725,0,398.82,403.58,408.02
221,1,38,80,100,8501,8501,8501,88778,88778,88778,591,591,591,0.34,0.68,0.86,0.12,0.22,0.26,0.09,0.20,0.29,0.00,0.00,0.00,0.01,0.03,0.05,0.00,0.00,0.00,0.08,0.18,0.23,330204,655887,1362773,449780,1072863,1797812,0,0,0,0,0,0,0,345785,0,362.64,409.42,461.98
221,2,46,87,100,8477,8477,8477,88802,88802,88802,591,591,591,0.37,0.71,0.85,0.19,0.25,0.29,0.04,0.20,0.29,0.00,0.00,0.00,0.01,0.04,0.05,0.00,0.00,0.00,0.16,0.20,0.26,327582,358497,403557,450752,730093,1428173,0,0,0,0,0,0,0,392348,0,338.98,392.56,470.65
221,3,33,76,100,8541,8541,8541,88738,88738,88738,591,591,591,0.32,0.60,0.88,0.12,0.25,0.35,0.07,0.17,0.28,0.00,0.00,0.00,0.01,0.03,0.06,0.00,0.00,0.00,0.09,0.18,0.27,403577,941915,2814624,828063,1487730,3831454,0,0,0,0,0,0,0,320356,0,413.92,424.20,443.52
222,0,40,85,100,8483,8483,8483,88796,88796,88796,591,591,591,0.38,0.59,0.81,0.15,0.22,0.31,0.12,0.17,0.27,0.00,0.00,0.00,0.02,0.03,0.04,0.00,0.00,0.00,0.10,0.18,0.28,445513,805023,1294488,854371,1375776,2135747,0,0,0,0,0,0,0,337053,0,380.30,392.71,419.12
222,1,32,65,100,8501,8501,8501,88778,88778,88778,591,591,591,0.23,0.44,0.70,0.09,0.18,0.28,0.07,0.13,0.19,0.00,0.00,0.00,0.01,0.02,0.03,0.00,0.00,0.00,0.05,0.14,0.26,324968,359539,419308,786145,1006287,1163596,0,0,0,0,0,0,0,319142,0,343.45,372.01,424.16
222,2,31,58,88,8477,8477,8477,88802,88802,88802,591,591,591,0.28,0.45,0.69,0.11,0.18,0.29,0.09,0.13,0.23,0.00,0.00,0.00,0.01,0.02,0.04,0.00,0.00,0.00,0.06,0.14,0.19,366864,679623,908452,741589,1336711,1624903,0,0,0,0,0,0,0,337819,0,337.48,383.95,438.17
222,3,36,70,100,8541,8541,8541,88738,88738,88738,591,591,591,0.16,0.52,0.84,0.06,0.17,0.25,0.03,0.16,0.28,0.00,0.00,0.00,0.00,0.03,0.05,0.00,0.00,0.00,0.03,0.13,0.19,318070,585559,1268360,667985,1211831,1485707,0,0,0,0,0,0,0,306944,0,362.95,369.98,379.40
223,0,32,76,100,8483,8483,8483,88796,88796,88796,591,591,591,0.28,0.56,0.70,0.11,0.22,0.32,0.09,0.17,0.23,0.00,0.00,0.00,0.01,0.03,0.05,0.00,0.00,0.00,0.06,0.17,0.27,315914,835630,1200293,683619,1416966,1870113,0,0,0,0,0,0,0,286967,0,359.32,388.46,422.69
223,1,44,65,100,8501,8501,8501,88778,88778,88778,591,591,591,0.18,0.52,0.72,0.07,0.21,0.30,0.03,0.15,0.24,0.00,0.00,0.00,0.00,0.02,0.04,0.00,0.00,0.00,0.04,0.16,0.25,326637,614217,1273360,927714,1263897,2041045,0,0,0,0,0,0,0,225345,0,342.82,366.73,399.38
223,2,32,62,100,8477,8477,8477,88802,88802,88802,591,591,591,0.18,0.43,0.80,0.07,0.16,0.28,0.04,0.12,0.27,0.00,0.00,0.00,0.00,0.02,0.04,0.00,0.00,0.00,0.03,0.13,0.26,353789,722136,1058174,733784,1378326,1855505,0,0,0,0,0,0,0,256631,0,336.48,360.45,386.58
223,3,33,78,100,8541,8541,8541,88738,88738,88738,591,591,591,0.20,0.52,0.79,0.08,0.21,0.35,0.03,0.14,0.25,0.00,0.00,0.00,0.01,0.02,0.04,0.00,0.00,0.00,0.05,0.16,0.31,361714,933637,2575850,668385,1540560,3616148,0,0,0,0,0,0,0,276455,0,380.43,408.70,431.24
224,0,33,59,100,8483,8483,8483,88796,88796,88796,591,591,591,0.15,0.45,0.86,0.06,0.16,0.26,0.03,0.12,0.29,0.00,0.00,0.00,0.00,0.02,0.05,0.00,0.00,0.00,0.03,0.11,0.22,508406,746847,1124296,893413,1488499,2138522,0,0,0,0,0,0,0,269762,0,348.40,359.19,371.69
224,1,32,66,100,8501,8501,8501,88778,88778,88778,591,591,591,0.15,0.49,0.80,0.05,0.19,0.29,0.03,0.14,0.27,0.00,0.00,0.00,0.00,0.02,0.04,0.00,0.00,0.00,0.03,0.15,0.26,327576,454652,796689,592196,1109748,1747999,0,0,0,0,0,0,0,297765,0,358.68,382.13,405.27
224,2,31,58,95,8477,8477,8477,88802,88802,88802,591,591,591,0.15,0.46,0.78,0.06,0.18,0.32,0.03,0.14,0.24,0.00,0.00,0.00,0.00,0.02,0.05,0.00,0.00,0.00,0.03,0.12,0.20,5241,548115,1490264,655193,1201024,2451161,0,0,0,0,0,0,0,300283,0,335.96,382.71,429.59
224,3,33,51,71,8541,8541,8541,88738,88738,88738,591,591,591,0.20,0.46,0.62,0.08,0.18,0.25,0.06,0.14,0.20,0.00,0.00,0.00,0.01,0.02,0.03,0.00,0.00,0.00,0.05,0.14,0.20,335455,512491,829146,828122,1200632,1594935,0,0,0,0,0,0,0,214934,0,331.39,343.19,352.63
225,0,32,81,100,8483,8483,8483,88796,88796,88796,591,591,591,0.15,0.71,0.92,0.06,0.26,0.34,0.03,0.21,0.33,0.00,0.00,0.00,0.00,0.04,0.07,0.00,0.00,0.00,0.03,0.19,0.28,442886,647847,1037791,613227,1013164,1994342,0,0,0,0,0,0,0,371112,0,382.99,457.75,514.46
225,1,34,70,100,8501,8501,8501,88778,88778,88778,591,591,591,0.28,0.50,0.78,0.11,0.20,0.30,0.06,0.15,0.23,0.00,0.00,0.00,0.01,0.02,0.03,0.00,0.00,0.00,0.07,0.14,0.24,327586,359475,416692,794056,1015017,1365380,0,0,0,0,0,0,0,330583,0,368.54,391.46,422.43
225,2,65,90,100,8477,8477,8477,88802,88802,88802,591,591,591,0.62,0.78,0.89,0.23,0.29,0.34,0.15,0.23,0.29,0.00,0.00,0.00,0.02,0.04,0.06,0.00,0.00,0.00,0.19,0.22,0.30,366889,639391,943355,557981,966954,1292005,0,0,0,0,0,0,0,409748,0,365.71,420.01,513.98
225,3,35,64,100,8541,8541,8541,88738,88738,88738,591,591,591,0.15,0.45,0.80,0.06,0.17,0.27,0.03,0.13,0.26,0.00,0.00,0.00,0.00,0.02,0.04,0.00,0.00,0.00,0.03,0.13,0.23,340562,634166,1441352,602533,1320218,2272095,0,0,0,0,0,0,0,343539,0,320.62,356.63,384.87
226,0,35,75,100,8483,8483,8483,88796,88796,88796,591,591,591,0.16,0.62,0.85,0.06,0.20,0.27,0.03,0.18,0.28,0.00,0.00,0.00,0.00,0.03,0.05,0.00,0.00,0.00,0.03,0.15,0.21,448040,1147602,2551573,631449,1674304,2740211,0,0,0,0,0,0,0,399600,0,346.92,373.81,419.43
226,1,34,61,100,8501,8501,8501,88778,88778,88778,591,591,591,0.22,0.47,0.78,0.09,0.18,0.30,0.03,0.13,0.25,0.00,0.00,0.00,0.01,0.02,0.04,0.00,0.00,0.00,0.06,0.15,0.27,239347,399191,626326,852999,1049577,1371586,0,0,0,0,0,0,0,311045,0,354.43,378.99,403.55
226,2,34,64,100,8477,8477,8477,88802,88802,88802,591,591,591,0.15,0.46,0.84,0.05,0.16,0.25,0.03,0.13,0.28,0.00,0.00,0.00,0.00,0.02,0.05,0.00,0.00,0.00,0.02,0.11,0.20,324807,365863,524119,448139,1055548,1525186,0,0,0,0,0,0,0,362069,0,348.74,381.44,458.62
226,3,34,64,90,8541,8541,8541,88738,88738,88738,591,591,591,0.26,0.47,0.67,0.10,0.19,0.27,0.06,0.14,0.20,0.00,0.00,0.00,0.01,0.02,0.03,0.00,0.00,0.00,0.07,0.15,0.24,340660,508408,875351,891040,1220692,1640629,0,0,0,0,0,0,0,263324,0,346.72,367.82,406.25
227,0,50,65,92,8483,8483,8483,88796,88796,88796,591,591,591,0.24,0.44,0.63,0.09,0.18,0.29,0.06,0.12,0.16,0.00,0.00,0.00,0.01,0.02,0.02,0.00,0.00,0.00,0.05,0.15,0.26,534631,1254550,2397927,914639,1932036,3186754,0,0,0,0,0,0,0,325578,0,355.12,414.34,467.18
227,1,50,69,85,8501,8501,8501,88778,88778,88778,591,591,591,0.19,0.47,0.70,0.07,0.19,0.29,0.04,0.14,0.24,0.00,0.00,0.00,0.01,0.02,0.04,0.00,0.00,0.00,0.04,0.15,0.24,338069,441304,699727,731128,1125266,1651043,0,0,0,0,0,0,0,215643,0,317.92,346.70,370.62
227,2,33,82,100,8477,8477,8477,88802,88802,88802,591,591,591,0.15,0.70,0.90,0.05,0.26,0.35,0.03,0.21,0.32,0.00,0.00,0.00,0.00,0.04,0.07,0.00,0.00,0.00,0.02,0.18,0.30,34057,547678,1365249,146711,919787,1616811,0,0,0,0,0,0,0,246606,0,411.81,463.58,517.28
227,3,33,68,100,8541,8541,8541,88738,88738,88738,591,591,591,0.18,0.50,0.80,0.07,0.19,0.28,0.04,0.15,0.27,0.00,0.00,0.00,0.00,0.02,0.04,0.00,0.00,0.00,0.03,0.14,0.22,239331,390041,727472,560732,1081908,1670874,0,0,0,0,0,0,0,301986,0,355.54,373.21,396.26
228,0,32,61,100,8483,8483,8483,88796,88796,88796,591,591,591,0.24,0.50,0.78,0.09,0.20,0.30,0.05,0.15,0.25,0.00,0.00,0.00,0.01,0.02,0.03,0.00,0.00,0.00,0.06,0.14,0.24,594894,1307373,2419086,1024685,1953127,3076931,0,0,0,0,0,0,0,266889,0,342.00,363.57,394.99
228,1,31,67,100,8501,8501,8501,88778,88778,88778,591,591,591,0.15,0.52,0.80,0.06,0.20,0.31,0.04,0.15,0.27,0.00,0.00,0.00,0.00,0.02,0.04,0.00,0.00,0.00,0.03,0.15,0.27,330172,400438,537245,560768,1023641,1441419,0,0,0,0,0,0,0,324481,0,345.69,374.11,398.10
228,2,34,86,100,8477,8477,8477,88802,88802,88802,591,591,591,0.17,0.64,0.85,0.07,0.23,0.31,0.03,0.18,0.28,0.00,0.00,0.00,0.00,0.03,0.05,0.00,0.00,0.00,0.04,0.21,0.32,338073,712311,1366062,686629,1196817,1504066,0,0,0,0,0,0,0,417436,0,345.95,387.42,463.90
228,3,41,66,98,8541,8541,8541,88738,88738,88738,591,591,591,0.22,0.51,0.88,0.08,0.21,0.33,0.06,0.15,0.30,0.00,0.00,0.00,0.01,0.02,0.06,0.00,0.00,0.00,0.04,0.15,0.24,340715,752658,1789906,791508,1361701,2688790,0,0,0,0,0,0,0,306644,0,349.44,378.64,416.98
229,0,34,66,100,8483,8483,8483,88796,88796,88796,591,591,591,0.21,0.49,0.77,0.09,0.19,0.29,0.03,0.14,0.25,0.00,0.00,0.00,0.01,0.02,0.04,0.00,0.00,0.00,0.06,0.16,0.27,186013,709125,1278843,964127,1380472,1981159,0,0,0,0,0,0,0,346297,0,357.32,380.04,411.01
229,1,35,71,100,8501,8501,8501,88778,88778,88778,591,591,591,0.15,0.49,0.80,0.05,0.19,0.32,0.03,0.14,0.24,0.00,0.00,0.00,0.00,0.02,0.04,0.00,0.00,0.00,0.02,0.14,0.24,136307,764252,1467255,896485,1421283,1810488,0,0,0,0,0,0,0,377064,0,384.78,398.51,404.06
229,2,31,55,74,8477,8477,8477,88802,88802,88802,591,591,591,0.29,0.39,0.50,0.12,0.16,0.19,0.09,0.11,0.15,0.00,0.00,0.00,0.01,0.02,0.02,0.00,0.00,0.00,0.07,0.13,0.17,332828,521999,869890,930261,1226396,1648075,0,0,0,0,0,0,0,260137,0,335.40,401.22,468.11
229,3,36,79,100,8541,8541,8541,88738,88738,88738,591,591,591,0.16,0.60,0.83,0.06,0.22,0.30,0.03,0.17,0.28,0.00,0.00,0.00,0.00,0.03,0.05,0.00,0.00,0.00,0.03,0.17,0.28,322217,573136,1233124,723202,1095628,1380559,0,0,0,0,0,0,0,367228,0,326.79,370.98,415.33
230,0,38,54,69,8483,8483,8483,88796,88796,88796,591,591,591,0.31,0.40,0.61,0.11,0.16,0.26,0.09,0.12,0.20,0.00,0.00,0.00,0.01,0.02,0.03,0.00,0.00,0.00,0.08,0.13,0.20,476967,779856,1408143,898900,1491791,2279934,0,0,0,0,0,0,0,273905,0,311.81,331.03,358.06
230,1,34,78,100,8501,8501,8501,88778,88778,88778,591,591,591,0.17,0.59,0.82,0.07,0.22,0.30,0.03,0.16,0.28,0.00,0.00,0.00,0.00,0.03,0.05,0.00,0.00,0.00,0.04,0.18,0.28,327490,457932,804479,736414,995116,1299480,0,0,0,0,0,0,0,344505,0,373.82,384.77,392.73
230,2,30,62,100,8477,8477,8477,88802,88802,88802,591,591,591,0.32,0.45,0.78,0.12,0.17,0.29,0.07,0.13,0.23,0.00,0.00,0.00,0.01,0.02,0.03,0.00,0.00,0.00,0.08,0.14,0.23,324959,434353,715436,788645,1084911,1671972,0,0,0,0,0,0,0,306726,0,324.09,346.45,363.66
230,3,35,53,78,8541,8541,8541,88738,88738,88738,591,591,591,0.22,0.40,0.70,0.08,0.16,0.30,0.06,0.11,0.25,0.00,0.00,0.00,0.01,0.02,0.04,0.00,0.00,0.00,0.05,0.11,0.19,340681,650929,1301334,1205233,1452786,1688697,0,0,0,0,0,0,0,198509,0,335.00,387.96,431.74
231,0,32,64,100,8483,8483,8483,88796,88796,88796,591,591,591,0.15,0.45,0.71,0.06,0.18,0.29,0.03,0.13,0.20,0.00,0.00,0.00,0.00,0.02,0.03,0.00,0.00,0.00,0.03,0.13,0.26,479957,646803,982653,906016,1372983,1692784,0,0,0,0,0,0,0,304623,0,315.02,354.73,390.03
231,1,41,67,95,8501,8501,8501,88778,88778,88778,591,591,591,0.23,0.44,0.67,0.09,0.17,0.25,0.06,0.12,0.17,0.00,0.00,0.00,0.01,0.02,0.02,0.00,0.00,0.00,0.05,0.14,0.23,327587,378401,463851,1019424,1121590,1210772,0,0,0,0,0,0,0,344240,0,353.14,387.70,424.45
231,2,32,69,100,8477,8477,8477,88802,88802,88802,591,591,591,0.21,0.45,0.78,0.08,0.18,0.27,0.04,0.13,0.25,0.00,0.00,0.00,0.01,0.02,0.04,0.00,0.00,0.00,0.06,0.14,0.22,214892,579043,1419838,770422,1242243,2042751,0,0,0,0,0,0,0,273101,0,344.53,361.30,383.33
231,3,33,73,100,8541,8541,8541,88738,88738,88738,591,591,591,0.24,0.60,0.80,0.09,0.22,0.30,0.04,0.18,0.27,0.00,0.00,0.00,0.01,0.03,0.04,0.00,0.00,0.00,0.06,0.18,0.27,322342,634690,1362545,746891,1183452,1750346,0,0,0,0,0,0,0,312140,0,355.57,383.45,409.08
232,0,42,67,100,8483,8483,8483,88796,88796,88796,591,591,591,0.28,0.54,0.81,0.11,0.21,0.28,0.08,0.15,0.25,0.00,0.00,0.00,0.01,0.02,0.04,0.00,0.00,0.00,0.06,0.16,0.23,471688,595409,909409,799324,1231167,1706125,0,0,0,0,0,0,0,366414,0,363.04,392.80,406.51
232,1,50,71,100,8501,8501,8501,88778,88778,88778,591,591,591,0.21,0.44,0.66,0.08,0.18,0.26,0.04,0.13,0.18,0.00,0.00,0.00,0.01,0.02,0.02,0.00,0.00,0.00,0.05,0.14,0.24,327576,461754,896273,817631,1158489,1748868,0,0,0,0,0,0,0,307925,0,350.09,362.26,372.54
232,2,33,54,95,8477,8477,8477,88802,88802,88802,591,591,591,0.15,0.41,0.82,0.05,0.16,0.30,0.03,0.12,0.29,0.00,0.00,0.00,0.00,0.02,0.06,0.00,0.00,0.00,0.02,0.11,0.23,332827,489008,649933,602784,1209684,1632695,0,0,0,0,0,0,0,261468,0,324.78,363.90,414.24
232,3,34,66,100,8541,8541,8541,88738,88738,88738,591,591,591,0.15,0.50,0.82,0.05,0.20,0.33,0.03,0.14,0.29,0.00,0.00,0.00,0.00,0.02,0.06,0.00,0.00,0.00,0.02,0.14,0.27,327593,563444,1037779,783579,1246923,1491182,0,0,0,0,0,0,0,261182,0,360.71,381.03,410.58
233,0,31,63,100,8483,8483,8483,88796,88796,88796,591,591,591,0.31,0.48,0.72,0.13,0.19,0.28,0.08,0.13,0.19,0.00,0.00,0.00,0.01,0.02,0.03,0.00,0.00,0.00,0.08,0.16,0.26,458640,781812,1961892,982754,1465803,2679913,0,0,0,0,0,0,0,196911,0,346.52,371.91,416.37
233,1,33,57,100,8501,8501,8501,88778,88778,88778,591,591,591,0.15,0.45,0.69,0.05,0.18,0.25,0.03,0.13,0.21,0.00,0.00,0.00,0.00,0.02,0.03,0.00,0.00,0.00,0.03,0.13,0.23,340698,499510,812564,854314,1169777,1732112,0,0,0,0,0,0,0,238004,0,341.89,368.98,396.56
233,2,64,84,100,8477,8477,8477,88802,88802,88802,591,591,591,0.31,0.64,0.84,0.12,0.23,0.28,0.09,0.18,0.28,0.00,0.00,0.00,0.01,0.03,0.05,0.00,0.00,0.00,0.08,0.18,0.25,324931,480270,1053483,458573,943777,1446574,0,0,0,0,0,0,0,283324,0,352.83,393.31,437.81
233,3,34,83,100,8541,8541,8541,88738,88738,88738,591,591,591,0.15,0.69,0.86,0.05,0.25,0.35,0.03,0.22,0.30,0.00,0.00,0.00,0.00,0.04,0.06,0.00,0.00,0.00,0.02,0.17,0.25,220736,445113,831213,431206,823849,1462345,0,0,0,0,0,0,0,353439,0,363.05,416.05,474.69
234,0,34,66,85,8483,8483,8483,88796,88796,88796,591,591,591,0.15,0.48,0.83,0.05,0.19,0.34,0.03,0.15,0.27,0.00,0.00,0.00,0.00,0.02,0.05,0.00,0.00,0.00,0.02,0.14,0.24,479547,1052192,1896597,976491,1728723,2258103,0,0,0,0,0,0,0,311045,0,333.11,358.36,390.15
234,1,34,66,100,8501,8501,8501,88778,88778,88778,591,591,591,0.15,0.47,0.73,0.05,0.19,0.31,0.03,0.14,0.25,0.00,0.00,0.00,0.00,0.02,0.05,0.00,0.00,0.00,0.02,0.13,0.26,131025,326008,453377,759985,1033052,1326081,0,0,0,0,0,0,0,323681,0,359.63,384.66,427.48
234,2,34,64,100,8477,8477,8477,88802,88802,88802,591,591,591,0.15,0.49,0.79,0.05,0.19,0.33,0.03,0.15,0.25,0.00,0.00,0.00,0.00,0.02,0.05,0.00,0.00,0.00,0.02,0.13,0.25,319654,610534,1286614,652563,1246116,1815934,0,0,0,0,0,0,0,296878,0,362.64,399.13,428.70
234,3,35,77,100,8539,8539,8539,88740,88740,88740,591,591,591,0.16,0.63,0.86,0.06,0.21,0.28,0.03,0.18,0.28,0.00,0.00,0.00,0.00,0.03,0.05,0.00,0.00,0.00,0.03,0.16,0.21,414065,813894,1315603,544781,1325431,2361272,0,0,0,0,0,0,0,391095,0,340.35,368.98,433.31
235,0,48,75,100,8483,8483,8483,88796,88796,88796,591,591,591,0.23,0.56,0.81,0.10,0.20,0.26,0.03,0.16,0.27,0.00,0.00,0.00,0.01,0.03,0.04,0.00,0.00,0.00,0.07,0.16,0.21,479473,715831,1374992,691770,1270687,1925339,0,0,0,0,0,0,0,366777,0,349.06,377.94,400.21
235,1,81,95,100,8501,8501,8501,88778,88778,88778,591,591,591,0.73,0.78,0.83,0.25,0.29,0.34,0.17,0.23,0.28,0.00,0.00,0.00,0.03,0.04,0.05,0.00,0.00,0.00,0.20,0.23,0.30,356705,958982,1823744,687749,1273356,1962621,0,0,0,0,0,0,0,388743,0,365.61,408.45,475.94
235,2,82,95,100,8477,8477,8477,88802,88802,88802,591,591,591,0.49,0.76,0.85,0.22,0.25,0.30,0.08,0.22,0.29,0.00,0.00,0.00,0.02,0.04,0.05,0.00,0.00,0.00,0.18,0.20,0.23,351167,501796,754741,463856,858183,1724375,0,0,0,0,0,0,0,402010,0,345.37,373.24,431.00
235,3,38,69,95,8539,8539,8539,88740,88740,88740,591,591,591,0.35,0.58,0.88,0.13,0.24,0.32,0.10,0.17,0.31,0.00,0.00,0.00,0.01,0.03,0.06,0.00,0.00,0.00,0.09,0.18,0.24,322347,497895,843779,511037,1004958,1446478,0,0,0,0,0,0,0,243029,0,406.31,429.52,452.11
236,0,30,69,95,8483,8483,8483,88796,88796,88796,591,591,591,0.35,0.54,0.88,0.13,0.21,0.35,0.09,0.16,0.28,0.00,0.00,0.00,0.01,0.02,0.06,0.00,0.00,0.00,0.09,0.16,0.24,445490,527800,720677,773088,1160423,1585490,0,0,0,0,0,0,0,326064,0,351.76,380.94,409.49
236,1,34,71,100,8501,8501,8501,88778,88778,88778,591,591,591,0.15,0.53,0.81,0.06,0.20,0.34,0.03,0.15,0.27,0.00,0.00,0.00,0.00,0.02,0.04,0.00,0.00,0.00,0.03,0.16,0.30,335425,416655,600146,545084,1010959,1567195,0,0,0,0,0,0,0,355617,0,374.74,396.26,448.57
236,2,31,67,100,8477,8477,8477,88802,88802,88802,591,591,591,0.33,0.48,0.78,0.13,0.20,0.29,0.08,0.13,0.22,0.00,0.00,0.00,0.01,0.02,0.03,0.00,0.00,0.00,0.08,0.15,0.25,20963,695334,1113679,972189,1303315,1706129,0,0,0,0,0,0,0,304127,0,362.66,429.26,477.34
236,3,34,73,100,8539,8539,8539,88740,88740,88740,591,591,591,0.17,0.58,0.85,0.06,0.21,0.33,0.04,0.16,0.27,0.00,0.00,0.00,0.00,0.03,0.05,0.00,0.00,0.00,0.03,0.16,0.28,315445,598048,1454354,516291,1154586,1713779,0,0,0,0,0,0,0,393819,0,329.60,365.17,410.85
237,0,34,67,100,8483,8483,8483,88796,88796,88796,591,591,591,0.15,0.51,0.84,0.06,0.17,0.25,0.03,0.15,0.28,0.00,0.00,0.00,0.00,0.03,0.05,0.00,0.00,0.00,0.03,0.12,0.19,445522,670713,1052852,618182,1292772,1685117,0,0,0,0,0,0,0,344405,0,350.56,365.53,375.17
237,1,33,64,95,8501,8501,8501,88778,88778,88778,591,591,591,0.15,0.46,0.80,0.05,0.18,0.33,0.03,0.13,0.24,0.00,0.00,0.00,0.00,0.02,0.05,0.00,0.00,0.00,0.02,0.12,0.21,133588,536782,1122029,836003,1265821,1995011,0,0,0,0,0,0,0,295707,0,350.90,407.90,470.14
237,2,32,59,95,8477,8477,8477,88802,88802,88802,591,591,591,0.15,0.47,0.90,0.05,0.18,0.32,0.03,0.14,0.32,0.00,0.00,0.00,0.00,0.02,0.06,0.00,0.00,0.00,0.02,0.13,0.25,332817,436698,699723,644631,1122882,1637928,0,0,0,0,0,0,0,266195,0,353.16,380.85,415.96
237,3,35,67,96,8539,8539,8539,88740,88740,88740,591,591,591,0.15,0.47,0.92,0.06,0.19,0.33,0.03,0.13,0.33,0.00,0.00,0.00,0.00,0.02,0.07,0.00,0.00,0.00,0.03,0.13,0.24,343312,497924,673631,670900,1219632,1771887,0,0,0,0,0,0,0,240301,0,338.75,410.37,479.02
238,0,43,75,100,8483,8483,8483,88796,88796,88796,591,591,591,0.30,0.53,0.77,0.12,0.22,0.34,0.09,0.15,0.18,0.00,0.00,0.00,0.01,0.02,0.03,0.00,0.00,0.00,0.07,0.17,0.30,445526,671941,1008940,799315,1266837,1551409,0,0,0,0,0,0,0,301478,0,378.47,418.98,439.41
238,1,38,72,100,8501,8501,8501,88778,88778,88778,591,591,591,0.20,0.61,0.85,0.08,0.22,0.34,0.03,0.18,0.28,0.00,0.00,0.00,0.01,0.03,0.05,0.00,0.00,0.00,0.05,0.17,0.30,338056,577937,1139974,448120,1019252,2138435,0,0,0,0,0,0,0,240265,0,348.21,415.85,468.89
238,2,57,87,100,8477,8477,8477,88802,88802,88802,591,591,591,0.53,0.70,0.84,0.21,0.26,0.33,0.11,0.21,0.28,0.00,0.00,0.00,0.02,0.04,0.05,0.00,0.00,0.00,0.15,0.20,0.30,314477,486893,773100,471693,879934,1233930,0,0,0,0,0,0,0,298565,0,356.12,397.46,465.05
238,3,53,84,100,8539,8539,8539,88740,88740,88740,591,591,591,0.32,0.70,0.86,0.12,0.23,0.29,0.09,0.21,0.29,0.00,0.00,0.00,0.01,0.04,0.05,0.00,0.00,0.00,0.08,0.18,0.26,340666,406166,539736,466336,750502,1221159,0,0,0,0,0,0,0,329647,0,343.49,405.02,454.68
239,0,31,60,100,8483,8483,8483,88796,88796,88796,591,591,591,0.14,0.45,0.74,0.05,0.17,0.29,0.03,0.13,0.21,0.00,0.00,0.00,0.00,0.02,0.03,0.00,0.00,0.00,0.02,0.13,0.25,131033,1029294,1849997,1074474,1739276,2392250,0,0,0,0,0,0,0,232845,0,334.31,368.86,395.96
239,1,38,63,100,8501,8501,8501,88778,88778,88778,591,591,591,0.34,0.46,0.78,0.12,0.17,0.27,0.09,0.13,0.25,0.00,0.00,0.00,0.01,0.02,0.03,0.00,0.00,0.00,0.09,0.14,0.22,335461,464206,723141,815937,1172512,1464541,0,0,0,0,0,0,0,275703,0,344.59,368.38,414.15
239,2,32,67,100,8477,8477,8477,88802,88802,88802,591,591,591,0.14,0.48,0.80,0.05,0.18,0.29,0.03,0.14,0.27,0.00,0.00,0.00,0.00,0.02,0.04,0.00,0.00,0.00,0.02,0.14,0.25,214891,594096,1337876,699707,1228432,2001628,0,0,0,0,0,0,0,347173,0,367.77,396.38,428.19
239,3,32,71,100,8539,8539,8539,88740,88740,88740,591,591,591,0.39,0.48,0.66,0.15,0.19,0.28,0.13,0.14,0.18,0.00,0.00,0.00,0.02,0.02,0.02,0.00,0.00,0.00,0.09,0.15,0.24,343297,428454,560830,841771,1058689,1234351,0,0,0,0,0,0,0,310953,0,337.29,367.64,417.00
240,0,36,60,82,8483,8483,8483,88796,88796,88796,591,591,591,0.34,0.38,0.46,0.12,0.15,0.20,0.09,0.10,0.12,0.00,0.00,0.00,0.01,0.01,0.02,0.00,0.00,0.00,0.09,0.12,0.18,437566,570792,786212,1045940,1339172,1543577,0,0,0,0,0,0,0,257209,0,327.39,353.65,394.81
240,1,31,56,93,8501,8501,8501,88778,88778,88778,591,591,591,0.33,0.46,0.75,0.13,0.19,0.32,0.08,0.14,0.26,0.00,0.00,0.00,0.01,0.02,0.04,0.00,0.00,0.00,0.08,0.14,0.22,322344,396379,469109,712831,1040412,1381084,0,0,0,0,0,0,0,294125,0,304.24,335.26,363.01
240,2,42,66,100,8477,8477,8477,88802,88802,88802,591,591,591,0.21,0.44,0.65,0.08,0.17,0.27,0.05,0.12,0.18,0.00,0.00,0.00,0.01,0.02,0.02,0.00,0.00,0.00,0.04,0.15,0.24,327582,670225,1085027,1037543,1329510,1838082,0,0,0,0,0,0,0,295278,0,339.20,373.62,412.61
240,3,33,65,100,8539,8539,8539,88740,88740,88740,591,591,591,0.21,0.44,0.78,0.08,0.17,0.27,0.04,0.12,0.26,0.00,0.00,0.00,0.01,0.02,0.04,0.00,0.00,0.00,0.05,0.13,0.22,597486,1055392,1572317,1373280,1764876,2214012,0,0,0,0,0,0,0,224671,0,348.35,370.59,404.50
241,0,31,51,90,8483,8483,8483,88796,88796,88796,591,591,591,0.18,0.40,0.67,0.07,0.16,0.30,0.03,0.12,0.20,0.00,0.00,0.00,0.00,0.02,0.03,0.00,0.00,0.00,0.04,0.12,0.24,458579,547182,668266,896194,1254227,1674598,0,0,0,0,0,0,0,307738,0,311.93,329.28,351.92
241,1,34,79,100,8501,8501,8501,88778,88778,88778,591,591,591,0.15,0.54,0.81,0.06,0.21,0.31,0.03,0.16,0.24,0.00,0.00,0.00,0.00,0.02,0.04,0.00,0.00,0.00,0.03,0.16,0.26,2620,510664,1119897,733817,1096813,1668490,0,0,0,0,0,0,0,347114,0,323.23,385.30,419.19
241,2,0,11,43,8477,8477,8477,88802,88802,88802,591,591,591,0.00,0.10,0.31,0.00,0.04,0.12,0.00,0.03,0.07,0.00,0.00,0.00,0.00,0.00,0.01,0.00,0.00,0.00,0.00,0.03,0.12,303968,464927,767926,317137,755812,1436126,0,0,0,0,0,0,0,125971,0,194.71,273.22,350.54
241,3,35,70,98,8539,8539,8539,88740,88740,88740,591,591,591,0.15,0.52,0.77,0.06,0.20,0.33,0.03,0.15,0.26,0.00,0.00,0.00,0.00,0.02,0.04,0.00,0.00,0.00,0.03,0.15,0.23,322365,439476,757348,820231,1139511,1365609,0,0,0,0,0,0,0,263480,0,348.45,377.62,417.12
242,0,39,76,100,8483,8483,8483,88796,88796,88796,591,591,591,0.37,0.60,0.82,0.13,0.22,0.27,0.11,0.17,0.27,0.00,0.00,0.00,0.01,0.03,0.04,0.00,0.00,0.00,0.09,0.18,0.25,463869,920370,1918321,967010,1454980,2426728,0,0,0,0,0,0,0,315994,0,366.20,391.23,430.61
242,1,32,64,100,8501,8501,8501,88778,88778,88778,591,591,591,0.14,0.48,0.76,0.05,0.19,0.30,0.03,0.14,0.23,0.00,0.00,0.00,0.00,0.02,0.04,0.00,0.00,0.00,0.02,0.14,0.28,345908,462397,686629,702298,1124969,1435991,0,0,0,0,0,0,0,315178,0,372.45,396.65,412.54
242,2,0,0,0,8477,8576,8973,88306,88702,88802,591,591,591,0.00,0.00,0.00,0.00,0.00,0.00,0.00,0.00,0.00,0.00,0.00,0.00,0.00,0.00,0.00,0.00,0.00,0.00,0.00,0.00,0.00,213176,507060,1281647,223660,522785,1294752,0,0,0,0,0,0,0,130772,0,144.86,151.45,176.72
242,3,33,77,100,8539,8539,8539,88740,88740,88740,591,591,591,0.30,0.64,0.84,0.12,0.23,0.32,0.09,0.19,0.28,0.00,0.00,0.00,0.01,0.03,0.05,0.00,0.00,0.00,0.07,0.18,0.29,330191,723894,1427369,1043045,1163691,1510157,0,0,0,0,0,0,0,323188,0,367.39,407.71,429.39
243,0,34,68,100,8483,8483,8483,88796,88796,88796,591,591,591,0.33,0.53,0.78,0.13,0.21,0.30,0.09,0.16,0.23,0.00,0.00,0.00,0.01,0.02,0.04,0.00,0.00,0.00,0.08,0.16,0.27,466484,725267,946057,1032509,1476091,2138490,0,0,0,0,0,0,0,265551,0,343.86,368.99,393.22
243,1,77,91,100,8501,8501,8501,88778,88778,88778,591,591,591,0.37,0.64,0.86,0.13,0.25,0.35,0.12,0.19,0.26,0.00,0.00,0.00,0.02,0.03,0.05,0.00,0.00,0.00,0.07,0.19,0.27,218393,431959,820263,754751,1074416,1530231,0,0,0,0,0,0,0,249336,0,400.88,412.44,421.69
243,2,0,0,1,8973,8973,8973,88306,88306,88306,591,591,591,0.00,0.00,0.00,0.00,0.00,0.00,0.00,0.00,0.00,0.00,0.00,0.00,0.00,0.00,0.00,0.00,0.00,0.00,0.00,0.00,0.00,309268,814234,2101090,322373,993612,2150253,0,0,0,0,0,0,0,87618,0,144.57,144.76,144.86
243,3,33,57,83,8539,8539,8539,88740,88740,88740,591,591,591,0.15,0.45,0.84,0.05,0.18,0.31,0.03,0.13,0.30,0.00,0.00,0.00,0.00,0.02,0.06,0.00,0.00,0.00,0.02,0.12,0.25,503208,649928,815026,739086,1460367,1808257,0,0,0,0,0,0,0,161297,0,351.10,380.11,425.45
244,0,34,84,100,8483,8483,8483,88796,88796,88796,591,591,591,0.22,0.66,0.91,0.08,0.25,0.34,0.06,0.20,0.33,0.00,0.00,0.00,0.01,0.03,0.07,0.00,0.00,0.00,0.04,0.18,0.28,343313,520402,791451,476969,2009697,4056493,0,0,0,0,0,0,0,389628,0,349.77,401.14,434.92
244,1,33,80,100,8501,8501,8501,88778,88778,88778,591,591,591,0.15,0.66,0.85,0.06,0.23,0.33,0.03,0.19,0.29,0.00,0.00,0.00,0.00,0.03,0.05,0.00,0.00,0.00,0.03,0.18,0.27,233827,1095611,2230016,652386,2426243,4776011,0,0,0,0,0,0,0,439466,0,339.21,375.50,450.44
244,2,0,0,0,96761,96761,96761,518,518,518,591,591,591,0.00,0.00,0.00,0.00,0.00,0.00,0.00,0.00,0.00,0.00,0.00,0.00,0.00,0.00,0.00,0.00,0.00,0.00,0.00,0.00,0.00,304025,659930,1782216,317130,1654788,5477694,0,0,0,0,0,0,0,134099,0,146.09,147.70,148.76
244,3,87,96,100,8539,8539,8539,88740,88740,88740,591,591,591,0.70,0.80,0.85,0.24,0.29,0.35,0.17,0.24,0.30,0.00,0.00,0.00,0.03,0.04,0.06,0.00,0.00,0.00,0.15,0.21,0.29,221857,473619,767846,610610,1807398,3875472,0,0,0,0,0,0,0,366849,0,370.36,422.55,483.83
245,0,33,67,100,8481,8481,8483,88796,88797,88798,591,591,591,0.15,0.53,0.86,0.06,0.17,0.25,0.03,0.16,0.29,0.00,0.00,0.00,0.00,0.03,0.05,0.00,0.00,0.00,0.03,0.13,0.20,332822,833262,2588721,466456,1431096,2701388,0,0,0,0,0,0,0,382525,0,347.68,374.91,432.34
245,1,32,62,95,8501,8501,8501,88778,88778,88778,591,591,591,0.14,0.48,0.73,0.05,0.19,0.33,0.03,0.14,0.24,0.00,0.00,0.00,0.00,0.02,0.05,0.00,0.00,0.00,0.02,0.14,0.26,463865,634191,1284082,830779,1296692,1606413,0,0,0,0,0,0,0,260215,0,361.69,427.25,502.81
245,2,0,0,0,96761,96761,96761,518,518,518,591,591,591,0.00,0.00,0.00,0.00,0.00,0.00,0.00,0.00,0.00,0.00,0.00,0.00,0.00,0.00,0.00,0.00,0.00,0.00,0.00,0.00,0.00,220115,361105,610564,228850,374383,623666,0,0,0,0,0,0,0,81166,0,113.31,132.82,148.74
245,3,34,70,100,8539,8539,8539,88740,88740,88740,591,591,591,0.15,0.60,0.86,0.05,0.19,0.28,0.03,0.18,0.28,0.00,0.00,0.00,0.00,0.03,0.05,0.00,0.00,0.00,0.02,0.15,0.21,308736,608510,1254173,555551,1163761,1653823,0,0,0,0,0,0,0,370070,0,340.83,370.67,413.16
246,0,32,69,100,8481,8481,8481,88798,88798,88798,591,591,591,0.18,0.50,0.86,0.07,0.20,0.33,0.03,0.13,0.21,0.00,0.00,0.00,0.01,0.02,0.04,0.00,0.00,0.00,0.04,0.16,0.26,338069,559764,822824,676068,1145734,1758328,0,0,0,0,0,0,0,264223,0,365.64,426.02,468.29
246,1,45,83,100,8501,8501,8501,88778,88778,88778,591,591,591,0.23,0.62,0.84,0.09,0.22,0.28,0.07,0.18,0.28,0.00,0.00,0.00,0.01,0.03,0.05,0.00,0.00,0.00,0.05,0.18,0.22,141541,915533,2363455,736152,1386399,3183589,0,0,0,0,0,0,0,305154,0,370.24,404.71,425.53
246,2,0,0,0,96761,96761,96761,518,518,518,591,591,591,0.00,0.00,0.00,0.00,0.00,0.00,0.00,0.00,0.00,0.00,0.00,0.00,0.00,0.00,0.00,0.00,0.00,0.00,0.00,0.00,0.00,322311,568190,1186958,338033,582306,1197439,0,0,0,0,0,0,0,87366,0,96.69,97.11,98.68
246,3,33,67,95,8539,8539,8539,88740,88740,88740,591,591,591,0.15,0.50,0.88,0.06,0.20,0.35,0.03,0.13,0.31,0.00,0.00,0.00,0.00,0.02,0.06,0.00,0.00,0.00,0.03,0.14,0.30,330214,453891,846490,516270,1125831,1766360,0,0,0,0,0,0,0,259909,0,358.12,433.98,508.23
247,0,0,15,77,8481,8481,8481,88798,88798,88798,591,591,591,0.00,0.07,0.36,0.00,0.03,0.13,0.00,0.02,0.08,0.00,0.00,0.00,0.00,0.00,0.01,0.00,0.00,0.00,0.00,0.03,0.13,319756,435666,644756,332861,612250,1082460,0,0,0,0,0,0,0,129222,0,165.53,238.54,314.23
247,1,0,1,9,8501,8501,8501,88778,88778,88778,591,591,591,0.00,0.01,0.06,0.00,0.01,0.03,0.00,0.00,0.00,0.00,0.00,0.00,0.00,0.00,0.00,0.00,0.00,0.00,0.00,0.01,0.05,429833,776307,1462415,445559,805486,1493865,0,0,0,0,0,0,0,117214,0,146.23,227.79,338.23
247,2,0,0,0,96761,96761,96761,518,518,518,591,591,591,0.00,0.00,0.00,0.00,0.00,0.00,0.00,0.00,0.00,0.00,0.00,0.00,0.00,0.00,0.00,0.00,0.00,0.00,0.00,0.00,0.00,324931,463753,791381,338033,491527,856893,0,0,0,0,0,0,0,58374,0,96.66,96.73,96.78
247,3,45,73,100,8539,8539,8539,88740,88740,88740,591,591,591,0.20,0.60,0.84,0.08,0.21,0.30,0.05,0.18,0.28,0.00,0.00,0.00,0.01,0.03,0.05,0.00,0.00,0.00,0.04,0.17,0.28,335412,598011,906738,469053,1025164,1590723,0,0,0,0,0,0,0,316213,0,368.39,394.67,417.81
248,0,0,0,0,8849,9059,9277,88002,88219,88430,591,591,591,0.00,0.00,0.00,0.00,0.00,0.00,0.00,0.00,0.00,0.00,0.00,0.00,0.00,0.00,0.00,0.00,0.00,0.00,0.00,0.00,0.00,286556,589353,1307822,322378,831874,1606603,0,0,0,0,0,0,0,114295,0,142.56,142.81,143.13
248,1,0,0,1,8501,8883,9429,87850,88402,88778,591,591,591,0.00,0.00,0.00,0.00,0.00,0.00,0.00,0.00,0.00,0.00,0.00,0.00,0.00,0.00,0.00,0.00,0.00,0.00,0.00,0.00,0.00,429833,573981,854417,456042,820344,1100764,0,0,0,0,0,0,0,88108,0,146.19,146.26,146.34
248,2,0,0,0,96761,96872,97013,266,406,518,591,591,591,0.00,0.00,0.00,0.00,0.00,0.00,0.00,0.00,0.00,0.00,0.00,0.00,0.00,0.00,0.00,0.00,0.00,0.00,0.00,0.00,0.00,322307,354626,400920,335405,543471,744202,0,0,0,0,0,0,0,77459,0,96.49,96.65,96.80
248,3,31,52,92,8539,8539,8539,88740,88740,88740,591,591,591,0.14,0.35,0.57,0.05,0.14,0.24,0.03,0.10,0.19,0.00,0.00,0.00,0.00,0.02,0.03,0.00,0.00,0.00,0.02,0.09,0.19,403582,698396,899706,1318156,1654965,2263983,0,0,0,0,0,0,0,254576,0,319.48,333.92,355.79
249,0,0,0,0,9277,75118,97066,213,22160,88002,591,591,591,0.00,0.00,0.00,0.00,0.00,0.00,0.00,0.00,0.00,0.00,0.00,0.00,0.00,0.00,0.00,0.00,0.00,0.00,0.00,0.00,0.00,435074,1125897,2036460,2086258,3485152,4605729,0,0,0,0,0,0,0,102609,0,143.06,144.74,146.25
249,1,0,0,0,9429,53320,97211,68,43959,87850,591,591,591,0.00,0.00,0.00,0.00,0.00,0.00,0.00,0.00,0.00,0.00,0.00,0.00,0.00,0.00,0.00,0.00,0.00,0.00,0.00,0.00,0.00,256832,1283134,2033815,283040,3971934,6290030,0,0,0,0,0,0,0,149248,0,146.26,147.53,148.79
249,2,0,0,0,97013,97013,97013,266,266,266,591,591,591,0.00,0.00,0.00,0.00,0.00,0.00,0.00,0.00,0.00,0.00,0.00,0.00,0.00,0.00,0.00,0.00,0.00,0.00,0.00,0.00,0.00,348529,442505,607410,390458,2571234,4468757,0,0,0,0,0,0,0,67819,0,96.50,96.58,96.63
249,3,43,70,100,8539,8539,8539,88740,88740,88740,591,591,591,0.31,0.56,0.81,0.11,0.21,0.30,0.08,0.17,0.27,0.00,0.00,0.00,0.01,0.03,0.04,0.00,0.00,0.00,0.07,0.17,0.26,518782,632384,778930,893633,3223855,5721471,0,0,0,0,0,0,0,235166,0,366.45,380.00,396.06
250,0,0,0,0,97066,97066,97066,213,213,213,591,591,591,0.00,0.00,0.00,0.00,0.00,0.00,0.00,0.00,0.00,0.00,0.00,0.00,0.00,0.00,0.00,0.00,0.00,0.00,0.00,0.00,0.00,304033,358541,505843,317112,372170,518948,0,0,0,0,0,0,0,87839,0,146.01,146.23,146.44
250,1,0,0,0,97211,97211,97212,67,67,68,591,591,591,0.00,0.00,0.00,0.00,0.00,0.00,0.00,0.00,0.00,0.00,0.00,0.00,0.00,0.00,0.00,0.00,0.00,0.00,0.00,0.00,0.00,306650,333871,390520,319755,347454,403624,0,0,0,0,0,0,0,89947,0,149.53,149.77,149.95
250,2,0,0,0,97013,97013,97014,265,265,266,591,591,591,0.00,0.00,0.00,0.00,0.00,0.00,0.00,0.00,0.00,0.00,0.00,0.00,0.00,0.00,0.00,0.00,0.00,0.00,0.00,0.00,0.00,319691,328601,332793,332793,342752,345902,0,0,0,0,0,0,0,77516,0,96.51,96.52,96.53
250,3,36,60,100,8539,8539,8540,88739,88739,88740,591,591,591,0.19,0.47,0.73,0.07,0.18,0.29,0.05,0.13,0.20,0.00,0.00,0.00,0.01,0.02,0.03,0.00,0.00,0.00,0.04,0.15,0.26,463860,680331,946086,1113816,1375336,1810930,0,0,0,0,0,0,0,316073,0,308.20,337.87,366.68
251,0,0,0,0,97066,97066,97066,213,213,213,591,591,591,0.00,0.00,0.00,0.00,0.00,0.00,0.00,0.00,0.00,0.00,0.00,0.00,0.00,0.00,0.00,0.00,0.00,0.00,0.00,0.00,0.00,303970,319170,327555,319692,333320,340657,0,0,0,0,0,0,0,82834,0,103.45,122.46,141.85
251,1,0,0,0,97212,97212,97212,67,67,67,591,591,591,0.00,0.00,0.00,0.00,0.00,0.00,0.00,0.00,0.00,0.00,0.00,0.00,0.00,0.00,0.00,0.00,0.00,0.00,0.00,0.00,0.00,298726,377333,581735,314449,391483,594837,0,0,0,0,0,0,0,92802,0,114.30,133.40,149.76
251,2,0,0,0,97014,97014,97014,265,265,265,591,591,591,0.00,0.00,0.00,0.00,0.00,0.00,0.00,0.00,0.00,0.00,0.00,0.00,0.00,0.00,0.00,0.00,0.00,0.00,0.00,0.00,0.00,10481,492126,1003630,23583,508373,1016733,0,0,0,0,0,0,0,77434,0,96.55,96.60,96.66
251,3,35,59,86,8540,8540,8540,88739,88739,88739,591,591,591,0.29,0.42,0.56,0.11,0.17,0.23,0.09,0.12,0.16,0.00,0.00,0.00,0.01,0.02,0.02,0.00,0.00,0.00,0.07,0.13,0.21,462872,793307,2017905,1071881,1519040,2675690,0,0,0,0,0,0,0,259063,0,346.02,360.53,382.24
252,0,0,0,0,97066,97066,97066,213,213,213,591,591,591,0.00,0.00,0.00,0.00,0.00,0.00,0.00,0.00,0.00,0.00,0.00,0.00,0.00,0.00,0.00,0.00,0.00,0.00,0.00,0.00,0.00,311715,381920,482155,327432,402812,526702,0,0,0,0,0,0,0,77940,0,96.89,97.05,97.13
252,1,0,0,0,97212,97212,97212,67,67,67,591,591,591,0.00,0.00,0.00,0.00,0.00,0.00,0.00,0.00,0.00,0.00,0.00,0.00,0.00,0.00,0.00,0.00,0.00,0.00,0.00,0.00,0.00,10481,473239,1090098,23584,494203,1105820,0,0,0,0,0,0,0,80277,0,99.98,101.15,105.23
252,2,0,0,0,97014,97014,97014,265,265,265,591,591,591,0.00,0.00,0.00,0.00,0.00,0.00,0.00,0.00,0.00,0.00,0.00,0.00,0.00,0.00,0.00,0.00,0.00,0.00,0.00,0.00,0.00,325272,446204,865442,337978,466918,914381,0,0,0,0,0,0,0,77668,0,96.56,96.64,96.67
252,3,0,6,30,8540,8540,8540,88739,88739,88739,591,591,591,0.00,0.03,0.14,0.00,0.01,0.06,0.00,0.00,0.01,0.00,0.00,0.00,0.00,0.00,0.00,0.00,0.00,0.00,0.00,0.02,0.08,435069,573980,830830,450794,625872,843934,0,0,0,0,0,0,0,111372,0,152.77,237.84,320.24
253,0,0,0,0,97066,97226,97267,12,52,213,591,591,591,0.00,0.00,0.00,0.00,0.00,0.00,0.00,0.00,0.00,0.00,0.00,0.00,0.00,0.00,0.00,0.00,0.00,0.00,0.00,0.00,0.00,15722,431846,987883,28824,548191,1509339,0,0,0,0,0,0,0,77619,0,96.86,96.95,97.05
253,1,0,0,0,97212,97253,97264,15,25,67,591,591,591,0.00,0.00,0.00,0.00,0.00,0.00,0.00,0.00,0.00,0.00,0.00,0.00,0.00,0.00,0.00,0.00,0.00,0.00,0.00,0.00,0.00,330175,400400,615797,343277,515699,914528,0,0,0,0,0,0,0,80304,0,100.04,100.10,100.17
253,2,0,0,0,97014,97218,97270,9,60,265,591,591,591,0.00,0.00,0.00,0.00,0.00,0.00,0.00,0.00,0.00,0.00,0.00,0.00,0.00,0.00,0.00,0.00,0.00,0.00,0.00,0.00,0.00,332797,376422,461826,345899,492328,856900,0,0,0,0,0,0,0,77559,0,96.57,96.60,96.61
253,3,0,0,1,8540,9092,9460,87819,88025,88739,591,591,591,0.00,0.00,0.00,0.00,0.00,0.00,0.00,0.00,0.00,0.00,0.00,0.00,0.00,0.00,0.00,0.00,0.00,0.00,0.00,0.00,0.00,429833,840391,2440712,442938,978758,2490416,0,0,0,0,0,0,0,110523,0,137.88,138.08,138.30
254,0,0,0,0,97269,97269,97269,10,10,10,591,591,591,0.00,0.00,0.00,0.00,0.00,0.00,0.00,0.00,0.00,0.00,0.00,0.00,0.00,0.00,0.00,0.00,0.00,0.00,0.00,0.00,0.00,330173,754695,1805527,348516,2896907,4407507,0,0,0,0,0,0,0,68116,0,96.92,96.93,96.95
254,1,0,0,0,97266,97266,97266,13,13,13,591,591,591,0.00,0.00,0.00,0.00,0.00,0.00,0.00,0.00,0.00,0.00,0.00,0.00,0.00,0.00,0.00,0.00,0.00,0.00,0.00,0.00,0.00,338037,839199,2075456,403553,2982625,4671750,0,0,0,0,0,0,0,70318,0,100.18,100.25,100.33
254,2,0,0,0,97272,97272,97272,7,7,7,591,591,591,0.00,0.00,0.00,0.00,0.00,0.00,0.00,0.00,0.00,0.00,0.00,0.00,0.00,0.00,0.00,0.00,0.00,0.00,0.00,0.00,0.00,348514,645248,1236201,366857,2319984,4983219,0,0,0,0,0,0,0,67790,0,96.58,96.61,96.64
254,3,0,3,12,9460,75319,97273,6,21959,87819,591,591,591,0.00,0.00,0.00,0.00,0.00,0.00,0.00,0.00,0.00,0.00,0.00,0.00,0.00,0.00,0.00,0.00,0.00,0.00,0.00,0.00,0.00,437691,1473627,4151559,456038,3774180,7244262,0,0,0,0,0,0,0,99257,0,139.02,140.19,141.22
255,0,0,0,0,97269,97269,97269,10,10,10,591,591,591,0.00,0.00,0.00,0.00,0.00,0.00,0.00,0.00,0.00,0.00,0.00,0.00,0.00,0.00,0.00,0.00,0.00,0.00,0.00,0.00,0.00,330181,396732,607958,345904,415075,626301,0,0,0,0,0,0,0,77526,0,96.71,96.80,96.88
255,1,0,0,0,97266,97266,97266,13,13,13,591,591,591,0.00,0.00,0.00,0.00,0.00,0.00,0.00,0.00,0.00,0.00,0.00,0.00,0.00,0.00,0.00,0.00,0.00,0.00,0.00,0.00,0.00,255037,324683,359002,267265,341722,377346,0,0,0,0,0,0,0,80295,0,100.15,100.22,100.31
255,2,0,0,0,97272,97272,97272,7,7,7,591,591,591,0.00,0.00,0.00,0.00,0.00,0.00,0.00,0.00,0.00,0.00,0.00,0.00,0.00,0.00,0.00,0.00,0.00,0.00,0.00,0.00,0.00,332821,502604,1014117,351165,520947,1032460,0,0,0,0,0,0,0,87127,0,96.58,96.64,96.66
255,3,0,0,0,97273,97273,97273,6,6,6,591,591,591,0.00,0.00,0.00,0.00,0.00,0.00,0.00,0.00,0.00,0.00,0.00,0.00,0.00,0.00,0.00,0.00,0.00,0.00,0.00,0.00,0.00,429836,581784,1092710,448183,599605,1111053,0,0,0,0,0,0,0,109748,0,127.34,137.77,141.55
256,0,0,0,0,97269,97269,97269,10,10,10,591,591,591,0.00,0.00,0.00,0.00,0.00,0.00,0.00,0.00,0.00,0.00,0.00,0.00,0.00,0.00,0.00,0.00,0.00,0.00,0.00,0.00,0.00,219528,326393,382584,231628,342963,398307,0,0,0,0,0,0,0,77451,0,96.62,96.67,96.71
256,1,0,0,0,97266,97266,97266,13,13,13,591,591,591,0.00,0.00,0.00,0.00,0.00,0.00,0.00,0.00,0.00,0.00,0.00,0.00,0.00,0.00,0.00,0.00,0.00,0.00,0.00,0.00,0.00,330170,498403,1045527,348513,516746,1063870,0,0,0,0,0,0,0,90355,0,100.16,100.19,100.23
256,2,0,0,0,97272,97272,97272,7,7,7,591,591,591,0.00,0.00,0.00,0.00,0.00,0.00,0.00,0.00,0.00,0.00,0.00,0.00,0.00,0.00,0.00,0.00,0.00,0.00,0.00,0.00,0.00,338026,407741,597459,356368,426084,615802,0,0,0,0,0,0,0,77637,0,96.54,96.59,96.64
256,3,0,0,0,97273,97273,97273,6,6,6,591,591,591,0.00,0.00,0.00,0.00,0.00,0.00,0.00,0.00,0.00,0.00,0.00,0.00,0.00,0.00,0.00,0.00,0.00,0.00,0.00,0.00,0.00,434999,701283,1323000,453342,719474,1338719,0,0,0,0,0,0,0,74194,0,92.47,101.70,118.05
257,0,0,0,0,97269,97269,97269,10,10,10,591,591,591,0.00,0.00,0.00,0.00,0.00,0.00,0.00,0.00,0.00,0.00,0.00,0.00,0.00,0.00,0.00,0.00,0.00,0.00,0.00,0.00,0.00,317144,492293,1021926,335047,510639,1040268,0,0,0,0,0,0,0,77461,0,96.58,96.62,96.68
257,1,0,0,0,97266,97266,97266,13,13,13,591,591,591,0.00,0.00,0.00,0.00,0.00,0.00,0.00,0.00,0.00,0.00,0.00,0.00,0.00,0.00,0.00,0.00,0.00,0.00,0.00,0.00,0.00,332790,357945,406169,351133,376288,421892,0,0,0,0,0,0,0,80366,0,100.16,100.19,100.20
257,2,0,0,0,97272,97272,97272,7,7,7,591,591,591,0.00,0.00,0.00,0.00,0.00,0.00,0.00,0.00,0.00,0.00,0.00,0.00,0.00,0.00,0.00,0.00,0.00,0.00,0.00,0.00,0.00,220116,338431,453081,232345,355500,471414,0,0,0,0,0,0,0,77604,0,96.57,96.65,96.70
257,3,0,0,0,97273,97273,97273,6,6,6,591,591,591,0.00,0.00,0.00,0.00,0.00,0.00,0.00,0.00,0.00,0.00,0.00,0.00,0.00,0.00,0.00,0.00,0.00,0.00,0.00,0.00,0.00,291756,474473,673448,305732,491943,691791,0,0,0,0,0,0,0,74363,0,92.56,92.72,92.81
258,0,0,0,0,97269,97269,97269,10,10,10,591,591,591,0.00,0.00,0.00,0.00,0.00,0.00,0.00,0.00,0.00,0.00,0.00,0.00,0.00,0.00,0.00,0.00,0.00,0.00,0.00,0.00,0.00,327567,406165,631528,345911,426081,655113,0,0,0,0,0,0,0,77609,0,96.69,96.75,96.79
258,1,0,0,0,97266,97266,97266,13,13,13,591,591,591,0.00,0.00,0.00,0.00,0.00,0.00,0.00,0.00,0.00,0.00,0.00,0.00,0.00,0.00,0.00,0.00,0.00,0.00,0.00,0.00,0.00,330178,396215,600101,348521,415606,623686,0,0,0,0,0,0,0,80354,0,100.16,100.19,100.23
258,2,0,0,0,97272,97272,97272,7,7,7,591,591,591,0.00,0.00,0.00,0.00,0.00,0.00,0.00,0.00,0.00,0.00,0.00,0.00,0.00,0.00,0.00,0.00,0.00,0.00,0.00,0.00,0.00,340651,406170,563403,358993,425037,586987,0,0,0,0,0,0,0,87117,0,96.57,96.58,96.61
258,3,0,0,0,97273,97273,97273,6,6,6,591,591,591,0.00,0.00,0.00,0.00,0.00,0.00,0.00,0.00,0.00,0.00,0.00,0.00,0.00,0.00,0.00,0.00,0.00,0.00,0.00,0.00,0.00,435005,662439,1454342,450728,680782,1475306,0,0,0,0,0,0,0,83690,0,92.75,92.78,92.82
259,0,0,0,0,97269,97269,97269,10,10,10,591,591,591,0.00,0.00,0.00,0.00,0.00,0.00,0.00,0.00,0.00,0.00,0.00,0.00,0.00,0.00,0.00,0.00,0.00,0.00,0.00,0.00,0.00,332793,357950,419283,351136,376293,440247,0,0,0,0,0,0,0,77424,0,96.57,96.66,96.75
259,1,0,0,0,97266,97266,97266,13,13,13,591,591,591,0.00,0.00,0.00,0.00,0.00,0.00,0.00,0.00,0.00,0.00,0.00,0.00,0.00,0.00,0.00,0.00,0.00,0.00,0.00,0.00,0.00,235799,342241,424521,248025,359812,445485,0,0,0,0,0,0,0,90264,0,100.10,100.17,100.24
259,2,0,0,0,97272,97272,97272,7,7,7,591,591,591,0.00,0.00,0.00,0.00,0.00,0.00,0.00,0.00,0.00,0.00,0.00,0.00,0.00,0.00,0.00,0.00,0.00,0.00,0.00,0.00,0.00,335375,509939,1058712,351096,528806,1079676,0,0,0,0,0,0,0,77498,0,96.51,96.55,96.59
259,3,0,0,0,97273,97273,97273,6,6,6,591,591,591,0.00,0.00,0.00,0.00,0.00,0.00,0.00,0.00,0.00,0.00,0.00,0.00,0.00,0.00,0.00,0.00,0.00,0.00,0.00,0.00,0.00,437613,566081,906682,458576,585905,930266,0,0,0,0,0,0,0,74319,0,92.75,92.79,92.83
260,0,0,0,0,97269,97269,97269,10,10,10,591,591,591,0.00,0.00,0.00,0.00,0.00,0.00,0.00,0.00,0.00,0.00,0.00,0.00,0.00,0.00,0.00,0.00,0.00,0.00,0.00,0.00,0.00,217436,330436,393085,231241,347122,414049,0,0,0,0,0,0,0,87373,0,96.54,96.64,96.82
260,1,0,0,0,97266,97266,97266,13,13,13,591,591,591,0.00,0.00,0.00,0.00,0.00,0.00,0.00,0.00,0.00,0.00,0.00,0.00,0.00,0.00,0.00,0.00,0.00,0.00,0.00,0.00,0.00,330163,499985,1027240,351125,518328,1045584,0,0,0,0,0,0,0,80377,0,100.14,100.22,100.29
260,2,0,0,0,97272,97272,97272,7,7,7,591,591,591,0.00,0.00,0.00,0.00,0.00,0.00,0.00,0.00,0.00,0.00,0.00,0.00,0.00,0.00,0.00,0.00,0.00,0.00,0.00,0.00,0.00,330168,431670,615805,348511,449939,634149,0,0,0,0,0,0,0,77522,0,96.53,96.56,96.61
260,3,0,0,0,97273,97273,97273,6,6,6,591,591,591,0.00,0.00,0.00,0.00,0.00,0.00,0.00,0.00,0.00,0.00,0.00,0.00,0.00,0.00,0.00,0.00,0.00,0.00,0.00,0.00,0.00,416559,449650,466430,432278,467468,487393,0,0,0,0,0,0,0,55882,0,92.76,92.83,92.92
